Episode,EpisodeReward,EpisodeSteps,AverageReward,StepCount,EpisodeQ0
1,7.14640994938084,35,7.14640994938084,35,-0.115847796201706
2,5.21201114929579,47,6.17921054933831,82,-0.105100519955158
3,7.6710375951855,33,6.67648623128738,115,-0.126721769571304
4,5.74496635237363,39,6.44360626155894,154,-0.206217929720879
5,-24.2413597711625,47,0.306613055014652,201,-0.0856830924749374
6,-9.45019814979944,50,-1.3195221457877,251,-0.0943277403712273
7,-22.343490098933,24,-4.32294613909417,275,-0.231946349143982
8,4.93115947493056,44,-3.16618293734108,319,-0.207011118531227
9,-7.89170057153479,22,-3.69124045225149,341,-0.201395288109779
10,-4.52142087611707,44,-3.77425849463805,385,-0.16309879720211
11,5.74105537035754,53,-3.91479395254038,438,0.0938119441270828
12,4.33778550115176,28,-4.00221651735478,466,-0.183170258998871
13,-22.0717056788742,25,-6.97649084476075,491,0.0224462933838367
14,-27.3628709360713,52,-10.2872745736052,543,-0.0392186269164085
15,17.6690373272458,44,-6.09623486376442,587,-0.310712277889252
16,4.70655557957626,41,-4.68055949082685,628,-0.161955907940865
17,1.90993088647948,27,-2.2552173922856,655,-0.194823950529099
18,-17.762040392998,47,-4.52453737907846,702,0.0524968579411507
19,-8.75811683481996,39,-4.61117900540697,741,-0.130191892385483
20,2.38940570374695,33,-3.92009634742057,774,-0.177942350506783
21,-18.2584813552676,39,-6.32005001998308,813,-0.081488311290741
22,-19.810280994185,22,-8.73485666951676,835,-0.145904779434204
23,-14.8716265566052,36,-8.01484875728985,871,-0.0441233552992344
24,-33.6796609448185,25,-8.64652775816457,896,0.0267637297511101
25,-14.460120194191,27,-11.8594435103082,923,-0.0753395333886147
26,-19.1592421537781,32,-14.2460232836437,955,-0.0327247381210327
27,3.30692207878556,29,-14.1063241644131,984,-0.0606544129550457
28,4.52226363631475,34,-11.8778937614818,1018,-0.202572092413902
29,-15.0002056788057,26,-12.5021026458804,1044,-0.250093519687653
30,-17.0997904711207,52,-14.4510222633671,1096,0.0147021524608135
31,-23.8349609322125,47,-15.0086702210616,1143,0.0398077555000782
32,-5.36972193094119,56,-13.5646143147373,1199,-0.081082671880722
33,-18.3905222437993,32,-13.9165038834567,1231,-0.166162416338921
34,-38.0200092144431,27,-14.3505387104191,1258,-0.195541769266129
35,-24.6870830681499,59,-15.373234997815,1317,0.0545425787568092
36,-20.6555476501242,36,-15.5228655474496,1353,-0.0358989425003529
37,-26.7341142548568,46,-18.5269691808139,1399,-0.064038872718811
38,-20.8699530461484,49,-21.0661908490602,1448,-0.149959474802017
39,-15.7143512557554,23,-21.1376054067552,1471,-0.179963305592537
40,5.27720279457254,31,-18.8999060801858,1502,-0.333894908428192
41,-1.61138352183238,37,-16.6775483391478,1539,-0.0799979045987129
42,19.7567702299219,45,-14.1648991230615,1584,0.0173013675957918
43,-26.1662728527455,48,-14.9424741839561,1632,-0.126406282186508
44,-59.9337726244933,38,-17.1338505249611,1670,-0.163061007857323
45,9.17016155175,30,-13.7481260629712,1700,-0.0332735329866409
46,-4.34036839332216,56,-12.1166081372909,1756,-0.117400601506233
47,-20.2471920836247,20,-11.4679159201677,1776,0.0912867411971092
48,-46.0709375686919,41,-13.9880143724221,1817,-0.13835746049881
49,-87.6366961884016,42,-21.1802488656867,1859,-0.0399544835090637
50,-1.72009031428165,40,-21.8799781765721,1899,-0.242010101675987
51,-30.7349276556271,31,-24.7923325899516,1930,-0.041789673268795
52,-13.8800012677944,37,-28.1560097397232,1967,-0.181342586874962
53,-40.3325060685216,33,-29.5726330613008,2000,-0.0462739542126656
54,-2.4902233502635,36,-23.8282781338779,2036,-0.145653575658798
55,29.5229726706502,62,-21.7929970219878,2098,-0.0561769381165504
56,-0.787294173304695,47,-21.4376895999861,2145,-0.0910053476691246
57,-13.0553959024102,59,-20.7185099818646,2204,-0.188534498214722
58,-12.898044210763,23,-17.4012206460717,2227,-0.0673606395721436
59,-21.8059713150519,26,-10.8181481587368,2253,-0.0879701524972916
60,-20.3254193923264,52,-12.6786810665413,2305,-0.146814897656441
61,-6.91864011367004,53,-10.2970523123456,2358,-0.119576536118984
62,-11.972842843181,44,-10.1063364698842,2402,-0.15219934284687
63,-72.8093882726151,35,-13.3540246902936,2437,-0.162948712706566
64,-19.5793019225319,47,-15.0629325475204,2484,-0.260031700134277
65,-9.52842455333865,44,-18.9680722699193,2528,0.0116998599842191
66,-7.11303529286846,50,-19.6006463818757,2578,-0.176821351051331
67,15.2985025512841,50,-16.7652565365062,2628,-0.254014223814011
68,8.65128446751862,42,-14.6103236686781,2670,-0.104489609599113
69,-32.3524135879451,49,-15.6649678959674,2719,-0.00499964971095324
70,-10.0832071433898,46,-14.6407466710737,2765,0.102312453091145
71,-28.5000148993258,46,-16.7988841496393,2811,-0.0937959104776382
72,-8.65871422774658,28,-16.4674712880959,2839,-0.15080714225769
73,-62.6537130428651,38,-15.4519037651209,2877,-0.204299360513687
74,-62.5571616576195,33,-19.7496897386296,2910,-0.0387260317802429
75,-6.94884385418828,44,-19.4917316687146,2954,-0.178023532032967
76,-20.1827292901309,24,-20.7987010684408,2978,0.0815458595752716
77,-26.8933890500224,45,-25.0178902285715,3023,-0.0605150610208511
78,17.988594129088,50,-24.0841592624145,3073,-0.0488575957715511
79,-20.1522042159409,41,-22.8641383252141,3114,-0.259673118591309
80,-26.0214390700398,18,-24.4579615178791,3132,-0.133352532982826
81,-29.7575799496482,21,-24.5837180229114,3153,-0.149476110935211
82,-9.78804365284894,34,-24.6966509654216,3187,-0.122965663671494
83,-50.3449471270815,40,-23.4657743738432,3227,-0.0899153053760529
84,-79.1891108252331,43,-25.1289692906046,3270,-0.192706316709518
85,-12.8358919904757,52,-25.7176741042333,3322,0.100615568459034
86,1.76733461735425,37,-23.5226677134848,3359,-0.0915844142436981
87,12.139015046141,36,-19.6194273038685,3395,-0.400031924247742
88,-40.2375087553518,25,-25.4420375923125,3420,0.0107150115072727
89,-7.13925715800025,30,-24.1407428865184,3450,-0.111932247877121
90,-36.2358619178398,45,-25.1621851712984,3495,-0.132333695888519
91,-66.4833301143583,41,-28.8347601877694,3536,-0.0416801534593105
92,-5.05177761297233,39,-28.3611335837817,3575,-0.121121279895306
93,1.24684554751196,66,-23.2019543163224,3641,-0.138118922710419
94,-7.77107909494981,40,-16.0601511432941,3681,0.212541073560715
95,33.2153452454095,77,-11.4550274197056,3758,0.572749376296997
96,-13.6973029676148,38,-13.0014911782025,3796,0.290497839450836
97,-40.0328195397234,25,-18.2186746367889,3821,0.382159322500229
98,-18.6144739562485,55,-16.0563711568786,3876,0.339326500892639
99,-11.478351077344,42,-16.4902805488129,3918,0.400798499584198
100,-27.6050003064744,26,-15.6271943876764,3944,0.513760387897491
101,-40.1170675158198,22,-12.9905681278225,3966,0.168779581785202
102,6.48824108424037,41,-11.8365662581013,4007,0.411553293466568
103,-2.0322521196657,47,-12.164476024819,4054,0.418630242347717
104,-48.1770834688428,28,-16.2050764622083,4082,0.265151977539062
105,16.9669726275261,71,-17.8299137239967,4153,0.196806401014328
106,-7.62329791987403,35,-17.2225132192226,4188,0.442995488643646
107,16.2974965637211,45,-11.5894816088782,4233,0.34444397687912
108,-72.0412379528034,30,-16.9321580085336,4263,0.172303810715675
109,-17.2881017466202,24,-17.5131330754613,4287,0.319561421871185
110,7.96201890879161,42,-13.9564311539347,4329,0.229595452547073
111,8.80432580822667,42,-9.06429182153002,4371,0.361884027719498
112,-14.5526769647252,42,-11.1683836264266,4413,0.448182791471481
113,9.35057934274123,49,-10.0301004801859,4462,0.304940462112427
114,-49.9460507661662,25,-10.2069972099182,4487,0.268197119235992
115,-18.8625910701887,28,-13.7899535796897,4515,0.304589599370956
116,-17.956329984963,46,-14.8232567861986,4561,0.292185187339783
117,-2.68755692422313,25,-16.721762134993,4586,0.192915767431259
118,-32.6403291051832,44,-12.781671250231,4630,0.479737490415573
119,-66.4336044945592,32,-17.6962215250249,4662,0.163761526346207
120,6.76591843747038,39,-17.815831572157,4701,0.433987021446228
121,-56.1738509382182,31,-24.3136492468015,4732,0.211932212114334
122,4.33048134502135,57,-22.4253334158269,4789,0.384086787700653
123,-11.275724668144,52,-24.4879638169154,4841,0.299981892108917
124,-41.2119017218265,47,-23.6145489124814,4888,0.396168351173401
125,3.67187935912135,36,-21.3611018695504,4924,0.512446522712708
126,-43.5751829956282,33,-23.9229871706169,4957,0.479245185852051
127,7.48396633658431,32,-22.9058348445362,4989,0.336147785186768
128,-29.6703915560532,38,-22.6088410896232,5027,0.466894835233688
129,11.6518323899647,38,-14.8002974011708,5065,0.0607389360666275
130,-15.4408814377508,52,-17.0209773886929,5117,0.517850756645203
131,0.685708776124413,36,-11.3350214172587,5153,0.346523880958557
132,-18.0597312385349,21,-13.5740426756143,5174,0.0938476771116257
133,-0.576709379322735,38,-12.5041411467322,5212,0.88852322101593
134,-7.79580722336327,25,-9.16253169688583,5237,0.866694211959839
135,-17.8852426962009,37,-11.3182439024181,5274,0.79920756816864
136,2.24819508741095,31,-6.73590609411414,5305,0.622009754180908
137,-8.51745472638232,34,-8.3360482004108,5339,0.981647729873657
138,-4.36786416085159,34,-5.80579546089064,5373,0.859102010726929
139,-15.394033696573,41,-8.5103820695444,5414,0.757311522960663
140,12.5420836454158,38,-5.71208556122774,5452,0.784547448158264
141,-27.7976696237505,50,-8.56042340121524,5502,0.618860185146332
142,10.5008095667737,34,-5.70436932068439,5536,0.88805091381073
143,-16.2098152871258,26,-7.26767991146469,5562,0.81675922870636
144,-6.11666113641018,73,-7.09976530276938,5635,0.917051553726196
145,-7.69148732378602,51,-6.0803897655279,5686,0.994959056377411
146,-29.3083913009348,44,-9.23604840436247,5730,0.75278115272522
147,-45.2628273394234,27,-12.9105856656666,5757,0.971696019172668
148,-49.8525821014187,26,-17.4590574597233,5783,0.938152730464935
149,-64.1993953825771,41,-22.3395936283237,5824,0.781784057617188
150,11.5704225278925,38,-22.436759740076,5862,0.675884604454041
151,-26.1779439618564,49,-22.2747871738866,5911,0.668343484401703
152,-5.49777755082032,56,-23.874645885646,5967,0.784391045570374
153,-10.1281130569838,46,-23.2664756626318,6013,0.948377013206482
154,10.2959698589094,37,-21.6252125630999,6050,0.551245212554932
155,-2.06363149280982,39,-21.0624269800022,6089,0.819724559783936
156,-27.6985128529286,31,-20.9014391352016,6120,0.72546911239624
157,2.0115174851194,29,-16.1740046527473,6149,0.896007120609283
158,-9.76030162732638,49,-12.1647766053381,6198,0.725120782852173
159,-22.833095426776,50,-8.02814660975801,6248,0.961692690849304
160,0.914255363751136,54,-9.09376332617214,6302,0.922432899475098
161,-7.36330596536031,28,-7.21229952652253,6330,0.659992039203644
162,-9.94891652898295,43,-7.65741342433879,6373,0.619180381298065
163,-5.02360268982533,44,-7.14696238762294,6417,0.992717325687408
164,20.4620137375603,48,-6.13035799975785,6465,0.736380577087402
165,-0.873298951041984,30,-6.01132474558107,6495,0.645963072776794
166,-30.0772367279471,44,-6.24919713308292,6539,0.805783689022064
167,-64.2303117980316,28,-12.873380061398,6567,1.00116920471191
168,-18.9247081664044,51,-13.7898207153058,6618,0.922878503799438
169,-37.6951587246015,44,-15.2760270450884,6662,0.926379084587097
170,-1.87268217188601,35,-15.5547207986521,6697,0.971955478191376
171,-17.3555679446415,38,-16.5539469965802,6735,0.845497727394104
172,-15.5776455925789,21,-17.1168199029398,6756,0.873855113983154
173,7.22810146301582,32,-15.8916494876557,6788,0.623934268951416
174,-14.6757464883542,43,-19.4054255102471,6831,0.981152057647705
175,-4.95286793726688,24,-19.8133824088696,6855,0.827743709087372
176,5.84168419060337,34,-16.2214903170146,6889,0.85209447145462
177,-78.5094689479703,32,-17.6494060320085,6921,0.923999071121216
178,-57.0144268814115,49,-21.4583779035092,6970,0.971431493759155
179,-12.4024761320104,42,-18.9291096442501,7012,0.904021739959717
180,-46.9204970947002,45,-23.4338911365315,7057,0.886203646659851
181,-0.650148011154263,49,-21.7633491431827,7106,0.671003818511963
182,-1.70719240752116,35,-20.376303824677,7141,0.846000730991364
183,8.97933203003487,49,-20.2011807679751,7190,0.949973940849304
184,1.22600137541618,37,-18.611005981598,7227,0.805197775363922
185,-91.6626840973484,39,-27.2819875976062,7266,1.09988117218018
186,7.38185044193634,39,-27.1279709724729,7305,0.697729766368866
187,-20.4697746616926,43,-21.3240015438451,7348,0.689559757709503
188,-27.2174141944881,47,-18.3443002751528,7395,1.12680649757385
189,-59.0753121025958,32,-23.0115838722113,7427,0.774002552032471
190,-5.18308738611139,33,-18.8378429013524,7460,0.845514535903931
191,-20.7099279195521,35,-20.8438208921922,7495,0.711472630500793
192,-9.78282098255216,54,-21.6513837496953,7549,0.872560322284698
193,-17.5086043186751,38,-24.3001773845663,7587,1.01894795894623
194,-79.8203005097712,34,-32.404807573085,7621,0.799591720104218
195,3.87782560785353,39,-22.8507566025649,7660,0.833199501037598
196,-78.279710728,41,-31.4169127195585,7701,0.773656904697418
197,10.3230608576337,33,-28.3376291676259,7734,0.90940248966217
198,-4.87078382677203,40,-26.1029661308542,7774,1.02588725090027
199,-28.4737005746768,45,-23.0428049780624,7819,0.891108751296997
200,-26.9201298741073,51,-25.2165092268619,7870,0.920981645584106
201,-69.716484940461,31,-30.1171649289528,7901,0.669078290462494
202,-28.9062160576466,53,-32.0295044364623,7954,0.874057292938232
203,-18.7203342489428,19,-32.1506774294891,7973,0.947631478309631
204,-2.29192380186402,26,-24.3978397586983,7999,0.811202466487885
205,-23.9233901451009,37,-27.1779613339938,8036,0.636562287807465
206,-101.903472797351,39,-29.5403375409289,8075,0.893944025039673
207,-50.5990549291755,29,-35.6325491196098,8104,0.731198608875275
208,-64.0082055115994,35,-41.5462912880926,8139,0.75729513168335
209,17.4681093494842,40,-36.9521102956765,8179,0.964566946029663
210,-9.73393549910227,37,-35.233490858176,8216,0.694290935993195
211,-12.7002710593241,45,-29.5318694700623,8261,0.718862771987915
212,-25.033017606264,20,-29.144549624924,8281,1.01627600193024
213,1.60327414633611,37,-27.1121887853961,8318,0.995418787002563
214,-52.138215054837,41,-32.0968179106934,8359,0.993481516838074
215,4.58534117615136,32,-29.2459447785682,8391,0.844869375228882
216,-12.5044456506239,41,-20.3060420638955,8432,0.802592813968658
217,-24.2814692497599,19,-17.6742834959539,8451,1.02642202377319
218,-22.6687061016203,44,-13.540333554956,8495,1.23314380645752
219,-24.4905768380447,49,-17.7362021737089,8544,1.18170738220215
220,-27.9302195038289,20,-19.5558305741815,8564,0.799501538276672
221,-64.2382603455329,30,-24.7096295028024,8594,1.17815947532654
222,-14.5011882838594,19,-23.656446570562,8613,0.863635718822479
223,-22.2719358463735,42,-26.0439675698329,8655,0.925032615661621
224,11.8549632939221,37,-19.644649734957,8692,1.04490339756012
225,-3.60473136292416,35,-20.4636569888646,8727,1.1594945192337
226,-60.4775760668443,37,-25.2609700304866,8764,0.961432158946991
227,-62.5365167342122,27,-29.0864747789318,8791,0.793656170368195
228,-19.528891395154,62,-28.7724933082852,8853,1.0985723733902
229,-11.6021102510315,39,-27.4836466495839,8892,0.939367055892944
230,-64.1045950454918,35,-31.1010842037502,8927,1.07419991493225
231,-24.1392360498687,37,-27.0911817741838,8964,1.09604001045227
232,5.19497681219476,32,-25.1215652645783,8996,1.13114333152771
233,-16.4544320635858,21,-24.5398148862996,9017,0.925475835800171
234,-13.8560224871794,43,-27.1109134644097,9060,1.15440356731415
235,-0.485938064628335,26,-26.7990341345801,9086,0.973171710968018
236,-53.7489873069053,46,-26.1261752585862,9132,1.02150404453278
237,-18.2164269408314,59,-21.6941662792481,9191,1.09572613239288
238,-35.6391836562228,36,-23.305195505355,9227,0.929911553859711
239,2.99871170593668,54,-21.8451133096582,9281,0.897123277187347
240,6.35630508369155,34,-14.7990232967399,9315,0.94601583480835
241,-53.6391717177534,27,-17.7490168635283,9342,0.894497156143188
242,-57.4428283037106,35,-24.0127973751189,9377,1.14869952201843
243,-5.61101820931237,39,-22.9284559896915,9416,0.906159996986389
244,-17.8949061691911,55,-23.3323443578927,9471,1.16452479362488
245,-1.55983622581094,36,-23.439734174011,9507,0.981340050697327
246,-4.86043178382066,35,-18.5508786217025,9542,1.05734539031982
247,-26.2295327226624,47,-19.3521891998856,9589,1.03186726570129
248,-6.02951489329527,32,-16.3912223235928,9621,1.09815037250519
249,-25.5942926021727,23,-19.2505227544038,9644,1.05856335163116
250,-7.17900391388051,41,-20.604053654161,9685,1.13908588886261
251,-80.6607558400095,31,-23.3062120663866,9716,1.14528059959412
252,-8.12908520082711,36,-18.3748377560983,9752,1.13895988464355
253,-6.61209166983649,35,-18.4749451021507,9787,1.11542332172394
254,-10.7251190164216,38,-17.7579663868737,9825,1.29890632629395
255,-73.9514208891845,31,-24.9971248532111,9856,1.28449487686157
256,-8.49511501095905,52,-25.3605931759249,9908,1.17593193054199
257,-12.4612208743132,62,-23.98376199109,9970,0.918392956256866
258,-50.2705508226279,38,-28.4078655840233,10008,1.15938091278076
259,9.94688106108252,38,-24.8537482176977,10046,1.20830392837524
260,-11.3101618820897,38,-25.2668640145187,10084,1.11254632472992
261,-7.93813300947401,43,-17.9946017314651,10127,0.92639285326004
262,-26.8836340770786,46,-19.8700566190903,10173,1.31521415710449
263,-10.2107073387593,39,-20.2299181859825,10212,1.08039557933807
264,-6.87430990665694,39,-19.8448372750061,10251,1.17094314098358
265,-22.757647143405,46,-14.7254599004281,10297,1.03058123588562
266,-2.39348948248792,23,-14.115297347581,10320,1.25039935112
267,-15.1241448314763,26,-14.3815897432973,10346,0.992538511753082
268,-33.466838390489,55,-12.7012185000834,10401,1.3545298576355
269,-56.7351787614874,39,-19.3694244823404,10440,0.921905517578125
270,-28.9038033877707,31,-21.1287886329085,10471,1.32500243186951
271,-28.3620355315715,50,-23.1711788851183,10521,0.999802470207214
272,-45.499463598866,31,-25.032761837297,10552,1.09727811813354
273,-34.0678188931356,25,-27.4184729927346,10577,1.29347372055054
274,-28.9456972473205,43,-29.625611726801,10620,0.925852239131927
275,-8.66011780791051,36,-28.2158587932515,10656,1.22196805477142
276,-28.1116271376116,43,-30.7876725587639,10699,0.943807125091553
277,-28.304133736959,43,-32.1056714493122,10742,1.30862510204315
278,-87.3000430376799,30,-37.4889919140313,10772,1.30549812316895
279,-42.3442336129926,33,-36.0498973991818,10805,1.02376973628998
280,-41.6526936401115,20,-37.3247864244159,10825,1.09636545181274
281,-20.7039129040454,57,-36.5589741616633,10882,1.10248064994812
282,-50.2501821744853,24,-37.0340460192252,10906,1.32514190673828
283,-31.7327775477086,25,-36.8005418846825,10931,1.30261540412903
284,-7.96205606232868,41,-34.7021777661833,10972,0.994476318359375
285,-74.542556562995,44,-41.2904216416917,11016,1.26521015167236
286,-44.9015653444872,29,-42.9694154623793,11045,1.23545122146606
287,-21.867168031596,29,-42.325718891843,11074,1.18832433223724
288,-52.3891232390963,26,-38.8346269119846,11100,1.09383964538574
289,-49.8717660547918,37,-39.5873801561646,11137,1.10185050964355
290,5.05567008229727,31,-34.9165437839237,11168,1.10970735549927
291,-1.09703295133722,36,-32.9558557886529,11204,1.26105535030365
292,-25.5859431522742,20,-30.4894318864318,11224,1.29707336425781
293,-31.0914113257034,25,-30.4252952642312,11249,1.3956253528595
294,-13.3033377233612,22,-30.9594234303345,11271,1.44415748119354
295,12.1449264973963,36,-22.2906751242954,11307,1.33535838127136
296,-15.2531050380134,55,-19.325829093648,11362,1.41098523139954
297,-47.017217523585,45,-21.8408340428469,11407,1.27033162117004
298,11.1239518628954,36,-15.4895265326477,11443,1.39189469814301
299,-27.5822297367107,47,-13.2605729008396,11490,1.28624200820923
300,-1.75747547879103,32,-13.9418874569484,11522,1.42838621139526
301,-48.6871951690718,30,-18.7009036787219,11552,1.42225623130798
302,-30.046405133081,19,-19.1469498768026,11571,1.33633637428284
303,3.49537268785833,34,-15.6882714754464,11605,1.35670328140259
304,-15.8386444625101,25,-15.9418021493613,11630,1.47552728652954
305,-6.22695211635401,46,-17.7789900107363,11676,1.48044753074646
306,-15.7503233530057,49,-17.8287118422356,11725,1.23480570316315
307,-2.81696891165906,34,-13.408686981043,11759,1.31575119495392
308,-39.9509896609331,41,-18.5161811334258,11800,1.39256322383881
309,-42.9720080989943,26,-20.0551589696542,11826,1.10196447372437
310,-5.77013976255359,51,-20.4564253980304,11877,1.36003994941711
311,-9.80156223784304,39,-16.5678621049076,11916,1.4765796661377
312,-17.6293163573042,40,-15.3261532273299,11956,1.17507266998291
313,-44.8494734107525,49,-20.1606378371909,12005,1.39850258827209
314,-46.2500455645405,34,-23.201777947394,12039,1.3239860534668
315,-2.89148884195958,40,-22.8682316199545,12079,1.3648327589035
316,-19.8109265858905,42,-23.274291943243,12121,1.51054811477661
317,-19.9736135792902,60,-24.9899564100061,12181,1.37262368202209
318,-64.4162596307469,28,-27.4364834069875,12209,1.31199419498444
319,-52.4356038834387,27,-28.382842985432,12236,1.44895339012146
320,-50.0750096239119,40,-32.8133299715678,12276,1.28557181358337
321,5.47562222671058,35,-31.2856115251124,12311,1.3110066652298
322,-66.2317905811827,42,-36.1458589475003,12353,1.39904403686523
323,-15.4022834712786,35,-33.2011399535529,12388,1.45284199714661
324,-2.45798714627216,36,-28.8219341117261,12424,1.21343922615051
325,-71.7177504784673,40,-35.7045602753768,12464,1.32792186737061
326,-21.4781515097073,24,-35.8712827677585,12488,1.40824019908905
327,-6.99669824461929,28,-34.5735912342914,12516,1.1386581659317
328,-0.820117257340786,32,-28.2139769969508,12548,1.45220518112183
329,-45.8887062946135,42,-27.5592872380683,12590,1.37837100028992
330,-29.8157296463178,49,-25.5333592403089,12639,1.46507954597473
331,-18.1915561579914,27,-27.9000770787791,12666,1.62853825092316
332,-61.556420267716,34,-27.4325400474324,12700,1.62626338005066
333,-1.16189796948636,46,-26.0085014972532,12746,1.61277961730957
334,-29.9286736342135,24,-28.7555701460473,12770,1.64531278610229
335,-32.6596663562828,34,-24.8497617338289,12804,1.36252534389496
336,-57.0527870553224,33,-28.4072252883904,12837,1.69618511199951
337,5.59412533339177,31,-27.1481429305893,12868,1.46535444259644
338,-70.4172793076667,34,-34.1078591356219,12902,1.6488219499588
339,-22.3629279274342,44,-31.7552812989039,12946,1.24253916740417
340,4.42510621945888,31,-28.3311977123263,12977,1.4883896112442
341,-10.9593275724457,20,-27.6079748537717,12997,1.34663939476013
342,-7.35202734168831,32,-22.1875355611689,13029,1.58199143409729
343,-69.3574258794127,32,-29.0070883521616,13061,1.49417495727539
344,-33.7110301152701,50,-29.3853240002672,13111,1.59665286540985
345,-5.15673937107954,30,-26.6350313017469,13141,1.26054465770721
346,5.71817005375809,47,-20.3579355908388,13188,1.34716951847076
347,-35.1704669521746,39,-24.4343948193955,13227,1.46914279460907
348,-14.9471695571457,28,-18.8873838443434,13255,1.46621537208557
349,8.93053356535668,36,-15.7580376950643,13291,1.4747462272644
350,-40.0103469455764,33,-20.2015830115678,13324,1.45546317100525
351,-71.9613264438934,45,-26.3017828987126,13369,1.71613025665283
352,-29.3433838349443,36,-28.5009185480382,13405,1.62780773639679
353,-35.4561673180092,24,-25.1107926918979,13429,1.68700361251831
354,-8.78378986755749,40,-22.6180686671266,13469,1.63222503662109
355,-75.9523318142252,32,-29.6976279114412,13501,1.42039823532104
356,-23.4904249506544,24,-32.6184874118824,13525,1.59265553951263
357,-16.7293922981666,36,-30.7743799464816,13561,1.29158437252045
358,-7.54587347298101,22,-30.0342503380651,13583,1.33093512058258
359,7.11922829868018,28,-30.2153808647328,13611,1.58590841293335
360,-52.7164688432114,28,-31.4859930544963,13639,1.50449359416962
361,-50.6931526185852,33,-29.3591756719655,13672,1.63361704349518
362,-0.237308534754824,35,-26.4485681419465,13707,1.59675300121307
363,-59.0493549807157,28,-28.8078869082172,13735,1.69648969173431
364,3.0100332168053,40,-27.6285045997809,13775,1.59026300907135
365,3.76932349084817,29,-19.6563390692735,13804,1.4541494846344
366,-33.2324706287287,44,-20.630543637081,13848,1.3057633638382
367,-5.57156567188482,29,-19.5147609744528,13877,1.51967477798462
368,2.74927422267677,50,-18.485246204887,13927,1.58952856063843
369,-46.4207053503164,40,-23.8392395697867,13967,1.96127331256866
370,-44.9583935835381,28,-23.0634320438193,13995,1.71800780296326
371,1.05547630812426,38,-17.8885691511484,14033,1.65612745285034
372,-3.09010687703347,35,-18.1738489853763,14068,1.53227758407593
373,-41.5183318579924,29,-16.4207466731039,14097,1.40682542324066
374,3.1446718370197,41,-16.4072828110825,14138,1.71809017658234
375,-7.52647476771193,30,-17.5368626369385,14168,1.22215044498444
376,-9.5556829057171,26,-15.1691838646373,14194,1.69918870925903
377,-8.43878518817673,33,-15.4559058162665,14227,1.89893841743469
378,-4.07861452016254,33,-16.1386946905505,14260,1.35781621932983
379,-29.2011676478605,18,-14.4167409203049,14278,1.87690162658691
380,-22.8138734437313,25,-12.2022889063242,14303,1.85745167732239
381,-21.4889403439521,33,-14.4567305715318,14336,1.76382184028625
382,-17.3744417093723,35,-15.8851640547657,14371,1.7072628736496
383,3.91775405590016,45,-11.3415554633765,14416,1.70947647094727
384,-4.05420102235218,29,-12.0614427493137,14445,1.60437679290771
385,-5.93373303101453,43,-11.9021685756439,14488,1.79133069515228
386,-3.01254453267987,38,-11.2478547383402,14526,1.63482511043549
387,-53.7495083310894,27,-15.7789270526315,14553,1.62730884552002
388,-3.64511272250102,32,-15.7355768728653,14585,1.3590874671936
389,-86.6991438159979,29,-21.485374489679,14614,1.45632266998291
390,-6.43156540970586,36,-19.8471436862765,14650,1.79145956039429
391,-18.6243480285854,49,-19.5606844547398,14699,1.46524596214294
392,-3.10247353171648,38,-18.1334876369742,14737,1.54584431648254
393,-77.9512748310629,43,-26.3203905256706,14780,1.94236779212952
394,-15.9118499918142,47,-27.5061554226168,14827,1.76983666419983
395,-21.5208225039633,44,-29.0648643699116,14871,1.582075715065
396,-26.2870993373357,55,-31.3923198503772,14926,1.75369167327881
397,-77.6753112050229,31,-33.7849001377706,14957,1.71074247360229
398,3.42255920312504,33,-33.078132945208,14990,1.82252550125122
399,-54.2671425389907,33,-29.8349328175073,15023,1.72472846508026
400,-1.72508085951035,44,-29.3642843624877,15067,1.79072451591492
401,-31.9002358995332,49,-30.6918731495825,15116,1.74882447719574
402,-13.619032960724,19,-31.7435290924832,15135,1.69119656085968
403,-29.4565303660408,21,-26.894054645981,15156,1.52756297588348
404,-12.0661723427378,28,-26.5094868810734,15184,1.63357949256897
405,-13.5946849042884,33,-25.7168731211059,15217,1.7994304895401
406,-21.2288943869667,49,-25.211052626069,15266,1.48489689826965
407,-58.5509553457357,38,-23.2986170401403,15304,1.6052223443985
408,-41.8181663181225,43,-27.822689592265,15347,2.15950417518616
409,-90.1310304279153,33,-31.4090783811575,15380,2.22564601898193
410,-73.7033717207328,28,-38.6069074672797,15408,1.8147337436676
411,-7.38544311451848,35,-36.1554281887783,15443,2.06904220581055
412,-20.0190933852391,31,-36.7954342312298,15474,2.15784883499146
413,-6.63007607994336,22,-34.51278880262,15496,1.96195697784424
414,-77.9144867477052,32,-41.0976202431168,15528,1.85260772705078
415,-15.2009208414479,42,-41.2582438368327,15570,1.76251578330994
416,-9.47425880254926,45,-40.082780278391,15615,1.7979154586792
417,-38.4429325313984,43,-38.0719779969572,15658,1.97886800765991
418,-85.4885667317392,31,-42.4390180383189,15689,1.81145060062408
419,3.71749239977902,37,-33.0541657555495,15726,1.95547735691071
420,-29.5335234917078,19,-28.637180932647,15745,2.06048583984375
421,-3.31929505758802,35,-28.2305661269539,15780,1.95873117446899
422,-17.3168685633249,41,-27.9603436447625,15821,2.15009331703186
423,-1.43637026656888,41,-27.440973063425,15862,2.02597236633301
424,5.57416472456065,38,-19.0921079161985,15900,2.01271963119507
425,3.19517910298832,40,-17.2524979217548,15940,1.8519229888916
426,-49.964486917689,32,-21.3015207332688,15972,1.8735499382019
427,-71.2948293853883,38,-24.5867104186678,16010,2.16003179550171
428,6.44387292162238,33,-15.3934664533316,16043,2.06285452842712
429,-31.1345856693409,30,-18.8786742602436,16073,2.17154502868652
430,-4.14630754051881,37,-16.3399526651247,16110,2.15996646881104
431,-68.3079119695578,44,-22.8388143563217,16154,2.04538464546204
432,-19.2588675843983,42,-23.0330142584291,16196,2.07331085205078
433,-63.017687463516,45,-29.1911459781238,16241,1.84982180595398
434,-36.467520391731,38,-33.3953144897529,16279,2.01064109802246
435,-29.0611781304888,44,-36.6209502131007,16323,2.17059016227722
436,-23.4363963681216,23,-33.9681411581439,16346,1.83448696136475
437,-48.1200579121958,30,-31.6506640108247,16376,1.92448830604553
438,-16.9148278725573,37,-33.9865340902426,16413,2.07880806922913
439,-47.9994513862804,48,-35.6730206619366,16461,1.90379881858826
440,0.563027119736935,34,-35.202087195911,16495,1.7524585723877
441,0.0835768771017351,40,-28.3629383112451,16535,1.99746561050415
442,-23.4076764447624,37,-28.7778191972815,16572,2.11968016624451
443,-21.7058517972427,41,-24.6466356306541,16613,1.73320019245148
444,-16.2906833250032,35,-22.6289519239814,16648,1.87820482254028
445,-40.6599712459757,37,-23.78883123553,16685,2.03037261962891
446,-52.0716714477389,42,-26.6523587434918,16727,1.88217413425446
447,-65.6838497439059,37,-28.4087379266628,16764,2.16956949234009
448,7.21680522433382,33,-25.9955746169737,16797,2.27984237670898
449,-13.291768750516,37,-22.5248063533972,16834,2.24351692199707
450,0.750739027942518,26,-22.5060351625767,16860,1.89337849617004
451,-3.869496486779,33,-22.9013424989647,16893,2.19049453735352
452,-36.1525899900335,32,-24.1758338534919,16925,2.07404708862305
453,-18.4060643849934,39,-23.8458551122669,16964,2.39336442947388
454,-17.6047337954994,38,-23.9772601593165,17002,1.80458903312683
455,-34.6771473573795,26,-23.3789777704569,17028,1.98431921005249
456,-86.3271401242066,42,-26.8045246381037,17070,2.28540945053101
457,-33.9928459742193,43,-23.635424261135,17113,2.16462874412537
458,-22.879173182732,67,-26.6450221018416,17180,2.25117969512939
459,-21.0821826202484,64,-27.4240634888149,17244,1.9570894241333
460,-27.9936298047529,49,-30.2985003720844,17293,2.34103298187256
461,-13.6998598232001,31,-31.2815367057265,17324,2.37716269493103
462,-23.5008114270919,38,-30.0163588494323,17362,2.34751105308533
463,-18.7309340239146,40,-30.0488458133244,17402,2.29905939102173
464,-9.00718553342752,37,-29.1890909871173,17439,2.27404022216797
465,12.3170394254767,40,-24.4896723088317,17479,2.2347092628479
466,-8.1316697504988,40,-16.6701252714609,17519,2.17040944099426
467,5.88729856517663,28,-12.6821108175213,17547,2.32014560699463
468,-22.1319340493748,47,-12.6073869041856,17594,1.75308179855347
469,-0.395640186389212,26,-10.5387326607996,17620,2.29594039916992
470,-22.8044709024726,47,-10.0198167705716,17667,2.09005665779114
471,-51.4073515308352,32,-13.7905659413351,17699,2.09068417549133
472,1.78414253176748,29,-11.2620705454492,17728,2.30969405174255
473,-17.0779954442908,43,-11.0967766874868,17771,2.17330169677734
474,-14.6810269804764,45,-11.6641608321917,17816,2.18464493751526
475,-58.9400787941064,28,-18.78987265415,17844,2.28694844245911
476,-25.056043733153,55,-20.4823100524154,17899,2.32256984710693
477,-32.3102988566712,45,-24.3020697946002,17944,1.95526337623596
478,-30.0244732318045,24,-25.0913237128432,17968,2.21634554862976
479,2.85119941695484,33,-24.7666397525088,18001,2.23721075057983
480,-33.8099107842874,38,-25.8671837406902,18039,2.21342492103577
481,-62.2678152301424,41,-26.953230110621,18080,2.24532985687256
482,-1.10645866871205,41,-27.2422902306689,18121,2.28209328651428
483,2.49128718823311,29,-25.2853619674165,18150,2.12550210952759
484,-33.7992316791724,36,-27.1971824372861,18186,2.19094777107239
485,-7.02694433278847,43,-22.0058689911543,18229,2.29193425178528
486,-18.5892453358297,51,-21.359189151422,18280,2.12789249420166
487,-6.30906272425799,27,-18.7590655381807,18307,2.21755599975586
488,-29.1584742752373,48,-18.672465642524,18355,2.45358395576477
489,-6.07649238055248,54,-19.5652348222747,18409,2.10999202728271
490,0.470722406521426,24,-16.1371715031938,18433,2.55582594871521
491,-32.3374236417199,40,-13.1441323443516,18473,1.94090414047241
492,-25.4787490229277,51,-15.5813613797731,18524,2.32682418823242
493,-23.0681478859951,27,-18.137304887196,18551,2.52807259559631
494,2.86177504404651,30,-14.4712042148741,18581,2.54536747932434
495,-19.710770582196,33,-15.7395868398148,18614,2.65157866477966
496,-84.3733114934627,31,-22.3179934555781,18645,2.62798500061035
497,-37.0218972722066,19,-25.389276910373,18664,2.37671232223511
498,-11.7852613297357,35,-23.6519556158228,18699,2.50063538551331
499,-22.0111684027735,21,-25.2454232180449,18720,2.48723292350769
500,-21.7163963293797,28,-27.464135091635,18748,2.15513777732849
501,-26.3433002822378,37,-26.8647227556868,18785,2.55329942703247
502,-77.6793394651086,38,-32.0847817999049,18823,2.75947856903076
503,-2.21591251688386,39,-29.9995582629938,18862,2.21091842651367
504,4.32706503810182,35,-29.8530292635883,18897,2.48672676086426
505,-1.20678224649141,31,-28.0026304300178,18928,2.22622346878052
506,-26.6123511524805,48,-22.2265343959196,18976,2.19193506240845
507,-11.642951199394,35,-19.6886397886383,19011,2.52369570732117
508,-1.17230387533899,52,-18.6273440431987,19063,2.41632032394409
509,-48.3178426323675,46,-21.2580114661581,19109,2.6645085811615
510,5.701615100919,37,-18.5162103231282,19146,2.30655479431152
511,4.42149818775673,32,-15.4397304761287,19178,2.48957467079163
512,-30.2571251341632,43,-10.6975090430342,19221,2.34990882873535
513,2.39821258151506,30,-10.2360965331943,19251,2.53206157684326
514,-84.7971713640102,34,-19.1485201734055,19285,2.56952023506165
515,-21.1344421178676,21,-21.1412861605431,19306,2.19441795349121
516,-43.2350068615065,26,-22.8035517314457,19332,2.33119058609009
517,-62.3423458723151,30,-27.8734911987378,19362,2.55943322181702
518,-49.2193114456727,33,-32.6781919557712,19395,2.70728874206543
519,-39.5218544098812,32,-31.7985931335226,19427,2.23647785186768
520,8.29582175977401,44,-31.5391724676371,19471,2.20330548286438
521,-89.964208931976,36,-40.9777431796103,19507,2.57871866226196
522,-95.6381013272,40,-47.515840798914,19547,2.60668730735779
523,-24.3174876760289,43,-50.1874108246684,19590,2.34780550003052
524,-30.7520793303633,32,-44.7829016213037,19622,2.44687795639038
525,-9.28777026609176,41,-43.5982344361261,19663,2.27975845336914
526,-59.3916752877866,40,-45.2139012787541,19703,2.48408937454224
527,-16.6665340968196,26,-40.6463201012046,19729,2.36960768699646
528,-52.6874915830804,27,-40.9931381149454,19756,2.2700891494751
529,0.793588432994057,30,-36.9615938306578,19786,2.75605368614197
530,-20.0475229606987,50,-39.7959283027051,19836,2.43085265159607
531,5.4056331794094,27,-30.2589440915666,19863,2.86314964294434
532,-77.8921155713307,32,-28.4843455159797,19895,2.83379697799683
533,-11.2200493823961,40,-27.1746016866164,19935,2.51188611984253
534,-2.57955081796418,40,-24.3573488353765,19975,2.8671669960022
535,-25.803614653414,44,-26.0089332741087,20019,2.71780443191528
536,-17.7729327944652,63,-21.8470590247765,20082,2.80120038986206
537,-26.0413567220204,48,-22.7845412872966,20130,2.71417188644409
538,-27.4826157125544,47,-20.264053700244,20177,2.74657440185547
539,-31.2136490195108,49,-23.4647774454945,20226,2.65015125274658
540,-14.4423789714622,20,-22.9042630465709,20246,2.8606481552124
541,-32.6930791812829,30,-26.7141342826401,20276,2.840904712677
542,-20.2284776049382,47,-20.9477704860008,20323,2.8733024597168
543,-10.0001894425324,28,-20.8257844920145,20351,2.29014158248901
544,-0.0995325089796582,34,-20.577782661116,20385,2.87686133384705
545,3.48013325558129,33,-17.6494078702165,20418,2.69805860519409
546,-24.6374468027711,38,-18.3358592710471,20456,2.68372488021851
547,-4.64616569276255,27,-16.1963401681213,20483,2.86011409759521
548,-32.8547056811321,46,-16.7335491649791,20529,2.78764057159424
549,-37.0571696328901,39,-17.317901226317,20568,2.54814314842224
550,-46.473031170655,27,-20.5209664462363,20595,2.60131978988647
551,-19.8290510933398,38,-19.234563637442,20633,2.95707035064697
552,-29.9681421791343,39,-20.2085300948616,20672,2.58868646621704
553,-46.499939305337,40,-23.858505081142,20712,2.7669997215271
554,-3.41544397899379,31,-24.1900962281434,20743,2.85822319984436
555,6.07853860448548,30,-23.930255693253,20773,2.86393356323242
556,-21.2850509840494,51,-23.5950161113809,20824,2.48907232284546
557,-66.5149991142596,39,-29.7818994535305,20863,2.82153272628784
558,-46.22466908627,26,-31.1188957940443,20889,2.86145210266113
559,-18.3711838034876,38,-29.2502972111041,20927,2.9194917678833
560,-33.0054304030567,20,-27.9035371343443,20947,2.39818930625916
561,1.75448848602204,28,-25.7451831764081,20975,2.649254322052
562,-26.1390895923523,45,-25.3622779177299,21020,2.91000938415527
563,-42.432613381174,24,-24.9555453253136,21044,2.74445605278015
564,-15.5038644861485,36,-26.164387376029,21080,2.97267556190491
565,-4.98944227062452,37,-27.27118546354,21117,2.86003494262695
566,2.16373984760644,62,-24.9263063803745,21179,2.55162143707275
567,-15.4605555281539,34,-19.8208620217639,21213,2.86191916465759
568,-59.8113497837872,36,-21.1795300915156,21249,3.06417322158813
569,-22.3918994551796,39,-21.5816016566848,21288,3.05630564689636
570,-0.249857770205478,36,-18.3060443933997,21324,3.21442770957947
571,-17.8658561744911,40,-20.268078859451,21364,3.17665719985962
572,-33.9858996543549,25,-21.0527598656513,21389,3.2204704284668
573,0.388324381630591,34,-16.7706660893708,21423,2.73663759231567
574,-28.5418825765557,17,-18.0744678984115,21440,3.10283923149109
575,-31.3241046921217,34,-20.7079341405612,21474,2.92623591423035
576,-23.3592520305896,47,-23.2602333283809,21521,2.81671953201294
577,-0.941563283724915,41,-21.808334103938,21562,3.06609773635864
578,-26.20994291287,47,-18.4481934168462,21609,3.2311065196991
579,-3.76718223659922,35,-16.5857216949882,21644,2.7345552444458
580,-41.0912507693331,36,-20.669860994901,21680,2.71363186836243
581,-21.2172974817277,50,-21.0050051256246,21730,3.18970966339111
582,6.86115194513846,43,-16.9202999656753,21773,2.76243591308594
583,-13.7051852255673,34,-18.3296509263951,21807,3.18687415122986
584,-29.2921479739498,47,-18.4046774661345,21854,3.11258673667908
585,-9.13473155860953,31,-16.1857401527833,21885,3.11219453811646
586,-33.6218227362329,36,-17.2119972233476,21921,3.05069446563721
587,-29.1246263582517,44,-20.0303035308003,21965,3.00596833229065
588,-24.2282289277081,37,-19.8321321322841,22002,2.73075437545776
589,-2.84277498239136,34,-19.7396914068633,22036,2.97977828979492
590,-43.687347602716,23,-19.9993010902016,22059,3.2573094367981
591,-26.0337418704032,41,-20.4809455290691,22100,3.15047550201416
592,-39.1337133220482,33,-25.0804320557878,22133,2.98060178756714
593,-34.255203875619,18,-27.135433920793,22151,3.17897129058838
594,-31.4995810874893,53,-27.3561772321469,22204,2.68134546279907
595,-20.1003374208505,34,-28.452737818371,22238,3.0820107460022
596,-1.92972456730795,33,-25.2835280014785,22271,2.86073017120361
597,-5.33567970191571,35,-22.9046333358449,22306,2.68574857711792
598,-14.0657998700332,21,-21.8883904300774,22327,3.0693371295929
599,-22.7211637046241,38,-23.8762293023007,22365,2.59807586669922
600,-25.3065283058452,52,-22.0381473726136,22417,2.49512434005737
601,-49.0831657234652,34,-24.3430897579198,22451,2.80276012420654
602,-64.8540228968717,35,-26.9151207154022,22486,2.9177360534668
603,-28.7758016208698,49,-26.3671804899273,22535,3.11598682403564
604,-40.9633948937761,32,-27.3135618705559,22567,2.87678861618042
605,11.5273394596273,41,-24.1507941825082,22608,2.93732738494873
606,-55.0180413030148,27,-29.4596258560788,22635,3.11792182922363
607,14.0507962082521,35,-27.5209782650621,22670,3.16971969604492
608,-32.1564617588346,28,-29.3300444539422,22698,3.48972845077515
609,-23.6524107171832,42,-29.4231691551981,22740,3.11182618141174
610,-10.6789494943877,33,-27.9604112740524,22773,3.04455327987671
611,-15.9087998578423,48,-24.6429746874901,22821,3.10543346405029
612,-40.8424659789296,43,-22.2418189956959,22864,3.70765447616577
613,1.4042302540866,43,-19.2238158082002,22907,3.01630878448486
614,-10.3838326388322,42,-16.1658595827058,22949,3.48315048217773
615,-10.4767021561154,44,-18.3662637442801,22993,3.54597973823547
616,-18.6338906295239,46,-14.727848676931,23039,2.79875731468201
617,-46.9111177173321,49,-20.8240400694894,23088,3.04144954681396
618,6.50338377599635,29,-16.9580555160063,23117,3.57309508323669
619,-15.0000717352434,21,-16.0928216178124,23138,2.95398664474487
620,-10.8935010743154,36,-16.1142767758051,23174,3.50286197662354
621,-57.1697404084528,33,-20.2403708308662,23207,3.1646740436554
622,-25.6187088028671,32,-18.7179951132599,23239,2.88979768753052
623,-19.383589912727,34,-20.7967771299413,23273,3.46793556213379
624,-16.6904756759093,53,-21.427441433649,23326,3.60932636260986
625,-29.3240354317693,20,-23.3121747612144,23346,3.37566995620728
626,15.6928291466155,78,-19.8795027836005,23424,2.99966645240784
627,-30.5903509923916,42,-18.2474261111064,23466,2.72639107704163
628,-77.3524090032947,42,-26.6330053890355,23508,3.28657102584839
629,5.00477183371885,27,-24.6325210321393,23535,3.5672128200531
630,-40.6387242875646,27,-27.6070433534642,23562,3.56533122062683
631,-28.5706925093099,62,-24.7471385635499,23624,3.47741150856018
632,-6.81219915889255,44,-22.8664875991525,23668,3.52434635162354
633,-9.99623564827294,33,-21.9277521727071,23701,3.58323526382446
634,-0.700224165579111,27,-20.328727021674,23728,3.41983556747437
635,-12.801875676671,26,-18.6765110461642,23754,3.22509431838989
636,-6.30784197114484,43,-20.8765781579402,23797,3.46892166137695
637,-22.8919283843641,42,-20.1067358971375,23839,2.90780854225159
638,17.2913090190199,52,-10.642364094906,23891,3.20400476455688
639,1.58497145795478,30,-10.9843441324824,23921,3.53155708312988
640,-6.31945570436325,49,-7.55241727416229,23970,2.9323992729187
641,-22.8689719451704,44,-6.98224521774835,24014,3.52541971206665
642,2.50510812555123,40,-6.05051448930397,24054,3.542156457901
643,6.80724662473673,36,-4.370166262003,24090,3.07171154022217
644,-28.2208964896486,47,-7.12223349440995,24137,2.93848347663879
645,-1.10538904962765,32,-5.95258483170562,24169,3.59432578086853
646,-3.78781539229407,35,-5.70058217382055,24204,3.08698225021362
647,-26.2744233489436,52,-6.0388316702785,24256,4.17032718658447
648,-9.57186114353508,35,-8.725148686534,24291,3.62904739379883
649,-29.0763547118116,42,-11.7912813035106,24333,3.47893333435059
650,-4.66462725385017,49,-11.6257984584593,24382,3.6353235244751
651,-1.17881177534893,35,-9.45678244147718,24417,4.02933025360107
652,15.4805385811835,118,-8.15923939591395,24535,3.46004676818848
653,-12.8885005137221,110,-10.1288141097598,24645,3.32535457611084
654,-41.134079359131,48,-11.4201323967081,24693,3.45640087127686
655,13.0281710965708,105,-10.0067763820882,24798,3.5169632434845
656,15.9633921351166,87,-8.03165562934717,24885,2.86944079399109
657,21.1643810442619,83,-3.28777519002661,24968,3.99875855445862
658,-9.16679765798395,43,-3.2472688414715,25011,3.61863589286804
659,17.5320039174685,99,1.41356702145651,25110,2.6926281452179
660,24.5398597138545,66,4.33401571822697,25176,3.96754097938538
661,16.2304310108754,44,6.0749399968494,25220,4.04489135742188
662,14.0384483767376,73,5.93073097640481,25293,3.51757669448853
663,45.6450212011748,110,11.7840831478945,25403,3.25990867614746
664,14.9649568244675,100,17.3939867662543,25503,3.44411420822144
665,78.6546125221268,116,23.9566309088099,25619,3.12718057632446
666,36.989778182958,124,26.0592695135941,25743,3.37909269332886
667,6.28183546955164,104,24.5710149561231,25847,3.84531998634338
668,28.0979508052078,81,28.2974898024422,25928,2.89098954200745
669,63.7791472649705,124,32.9222041371924,26052,4.07330417633057
670,27.4917352591915,59,33.2173916917261,26111,3.45728063583374
671,19.8048621852045,49,33.5748348091591,26160,3.82460045814514
672,-8.97756775815629,136,31.2732331956697,26296,3.5654239654541
673,20.4287897201196,77,28.7516100475641,26373,3.4134373664856
674,53.9286975882481,80,32.6479841239422,26453,4.0061469078064
675,54.6624123084302,79,30.2487641025726,26532,4.02565717697144
676,-10.0092563981362,40,25.5488606444631,26572,3.61993789672852
677,-9.86617399162585,138,23.9340596983454,26710,3.28997707366943
678,59.3433177296921,126,27.0585963907938,26836,3.91626048088074
679,-0.00547468288605879,124,20.6801341960082,26960,3.76145458221436
680,4.47100715430316,60,18.3780613855193,27020,4.09850120544434
681,-31.3855355582402,38,13.2590216111749,27058,3.8183650970459
682,-8.69369911161399,80,13.2874084758291,27138,3.51522207260132
683,-41.8031064059523,58,7.06421886322189,27196,3.64617109298706
684,-15.9377247983801,38,0.0775766245590731,27234,3.25823736190796
685,-30.4276000548467,55,-8.43142461176862,27289,3.71769046783447
686,24.4641309622971,53,-4.98408587572529,27342,4.36105298995972
687,6.77701328626383,94,-3.31976714793632,27436,4.24229335784912
688,-4.38247074559101,50,-9.69234599546463,27486,3.97492408752441
689,94.1866600044938,144,-0.273132526726649,27630,3.46784687042236
690,-21.4204116541285,32,-2.86227440756981,27662,3.39149951934814
691,32.4975431908082,107,3.52603346733503,27769,3.86719489097595
692,-16.5643726419739,79,2.73896611429904,27848,3.67819929122925
693,27.0920851020131,85,9.62848526509558,27933,3.76287961006165
694,44.3884818915292,78,15.6611059340865,28011,3.91541504859924
695,25.6744383527956,81,21.2713097748507,28092,4.25516128540039
696,-5.82989164013815,26,18.2419075146072,28118,4.39242362976074
697,5.6720256848177,35,18.1314087544626,28153,4.07647800445557
698,-14.7137469005311,48,17.0982811389686,28201,3.53485536575317
699,37.4563962864926,89,11.4252547671685,28290,3.81326675415039
700,75.4834406080883,163,21.1156399933902,28453,3.15583205223083
701,40.4966864219505,75,21.9155543165044,28528,4.28460168838501
702,27.6633213040508,60,26.3383237111069,28588,4.15733909606934
703,38.2905450386163,89,27.4581697047672,28677,4.19282531738281
704,26.7152099669939,74,25.6908425123137,28751,3.78618454933167
705,13.746653512612,54,24.4980640282953,28805,4.14440536499023
706,27.0828246487549,66,27.7893356571846,28871,3.57842016220093
707,-19.7815198425155,38,25.2439811044513,28909,4.08365440368652
708,38.9052999658573,85,30.6058857910901,28994,2.86928534507751
709,44.8720729581775,93,31.3474534582586,29087,3.46533203125
710,21.7405640181615,72,25.9731657992659,29159,3.676518201828
711,1.43871556057023,40,22.0673687131279,29199,3.92479348182678
712,41.6317557670299,68,23.4642121594258,29267,4.41923332214355
713,38.0899422731769,73,23.4441518828819,29340,3.67615342140198
714,-4.04953670022813,119,20.3676772161597,29459,3.60782122612
715,48.4189798520088,75,23.8349098500993,29534,4.4464430809021
716,111.024190972462,154,32.22904648247,29688,4.42493200302124
717,24.664591649155,52,36.6736576316371,29740,4.26016521453857
718,27.3489283558548,75,35.5180204706368,29815,3.72433853149414
719,11.41682024146,141,32.1724951989651,29956,3.97663116455078
720,53.5753115529829,146,35.3559699524472,30102,3.9405632019043
721,53.8321751563746,88,40.5953159120277,30190,4.33716583251953
722,18.7094658900561,111,38.3030869243303,30301,4.14891672134399
723,19.5138962234125,49,36.4454823193538,30350,4.37520790100098
724,32.752280191701,70,40.1256640085468,30420,4.80394840240479
725,-12.276578323739,27,34.056108190972,30447,4.91604232788086
726,60.7014255471346,94,29.0238316484392,30541,4.81491041183472
727,73.4820109286166,124,33.9055735763854,30665,4.4557991027832
728,1.67162822215853,117,31.3378435630158,30782,4.16883754730225
729,46.3270301645674,94,34.8288645553265,30876,4.22888946533203
730,44.6171756776172,108,33.93305096779,30984,4.57097721099854
731,94.1353892600801,152,37.9633723781605,31136,4.44041156768799
732,153.207718372735,202,51.4131976264283,31338,4.29320478439331
733,79.9506432086712,120,57.4568723249542,31458,4.03639554977417
734,71.5994724245672,113,61.3415915482408,31571,4.84334325790405
735,39.1930921239696,99,66.4885585930117,31670,4.41337919235229
736,20.0949660495667,105,62.4279126432549,31775,4.78255653381348
737,79.7876890285968,141,63.0584804532529,31916,4.93570518493652
738,56.2276020466407,145,68.5140778357012,32061,4.72089242935181
739,41.7727170789267,96,68.0586465271371,32157,4.6536111831665
740,23.7723394633675,173,65.9741629057121,32330,4.7851037979126
741,55.7434407468117,100,62.1349680543853,32430,5.0051064491272
742,52.0637484871107,144,52.0205710658229,32574,4.71956253051758
743,52.8214346988236,134,49.3076502148381,32708,4.95105457305908
744,66.6530494516224,168,48.8130079175437,32876,4.91253852844238
745,44.6647262994339,89,49.3601713350901,32965,4.10177564620972
746,13.8880060045002,153,48.7394753305834,33118,4.75014591217041
747,51.3328451159945,140,45.8939909393232,33258,4.8629207611084
748,31.408685565517,95,43.4120992912108,33353,4.29301643371582
749,75.8273471298949,116,46.8175622963077,33469,4.64992904663086
750,116.147121298669,168,56.0550404798378,33637,4.78906345367432
751,29.2815390256852,408,53.4088503077252,34045,3.97949981689453
752,55.3398191757111,141,53.7364573765852,34186,5.0449013710022
753,46.9207801366184,135,53.1463919203647,34321,4.8389196395874
754,35.1764962751741,82,49.9987366027198,34403,4.3785924911499
755,33.4794478392375,105,48.8802087567002,34508,3.71295022964478
756,18.7411511488674,90,49.3655232711369,34598,4.02734565734863
757,89.9772868857738,132,53.2299674481148,34730,4.84670066833496
758,121.676009815768,177,62.25669987314,34907,4.74579811096191
759,21.4376182855909,134,56.8177269887095,35041,5.0376410484314
760,81.6527762541801,185,53.3682924842607,35226,5.57564163208008
761,164.25644913392,193,66.8657834950841,35419,5.31545305252075
762,14.5618933239219,106,62.7879909099052,35525,4.88076877593994
763,35.2446338563865,89,61.620376281882,35614,5.15832042694092
764,56.2196986942168,125,63.7246965237863,35739,4.7530403137207
765,46.0446558051341,103,64.981217320376,35842,5.4460825920105
766,59.6007534122903,116,69.0671775467183,35958,4.63216304779053
767,32.9773938782438,133,63.3671882459652,36091,3.7549774646759
768,47.4806139236409,153,55.9476486567525,36244,3.64789080619812
769,86.6048651459441,327,62.4643733427879,36571,4.95578575134277
770,50.332751180694,120,59.3323708354392,36691,4.71456050872803
771,37.8353023222698,115,46.6902561542742,36806,4.16225814819336
772,124.744154733376,358,57.7084822952197,37164,5.19690179824829
773,110.117583034049,235,65.1957772129859,37399,4.36600971221924
774,23.9971656016048,114,61.9735239037247,37513,5.25808477401733
775,46.273380888442,217,61.9963964120555,37730,5.28358602523804
776,177.249698534645,471,73.761290924291,38201,5.42130756378174
777,23.8984549587993,99,72.8533970323465,38300,5.4476957321167
778,186.728176710698,444,86.7781533110523,38744,4.97284030914307
779,32.0089348287426,99,81.3185602793321,38843,4.25660419464111
780,43.0406547106766,96,80.5893506323304,38939,5.58064270019531
781,40.6763783353932,121,80.8734582336427,39060,5.35404300689697
782,122.162144883542,397,80.6152572486593,39457,4.16710138320923
783,22.1144003908733,140,71.8149389843417,39597,5.16873216629028
784,67.0140280457635,192,76.1166252287576,39789,3.79610967636108
785,169.586401197735,406,88.4479272596869,40195,4.48871850967407
786,103.71385938552,401,81.0943433447744,40596,5.16378688812256
787,71.694188929811,121,85.8739167418755,40717,5.17330598831177
788,110.995496355982,163,78.3006487064039,40880,4.96331977844238
789,32.5665674362792,104,78.3564119671576,40984,5.4868221282959
790,137.891227769569,444,87.8414692730469,41428,4.78409385681152
791,56.0421694310679,184,89.3780483826143,41612,6.30476951599121
792,149.154475566487,355,92.0772814509088,41967,5.5452299118042
793,32.2993041797314,144,93.0957718297946,42111,6.5048828125
794,187.290255571732,393,105.123394582391,42504,5.95481777191162
795,123.614411564088,488,100.526195619027,42992,5.16820907592773
796,92.5998345265962,257,99.4147931331345,43249,5.34719657897949
797,40.995147541335,105,96.3448889942869,43354,6.42153072357178
798,158.438748314658,452,101.089214190154,43806,6.18158721923828
799,56.9679697816356,121,103.52935442469,43927,5.98294258117676
800,54.1178234883704,127,95.1520139965701,44054,6.3244104385376
801,94.2426848315171,176,98.9720655366151,44230,6.15440368652344
802,137.72340006194,193,97.8289579861604,44423,6.00460624694824
803,104.766965692079,202,105.075724137395,44625,5.99270725250244
804,157.803083539093,357,102.127006934131,44982,5.05266380310059
805,245.028383912871,524,114.268404169009,45506,5.888596534729
806,230.52992778853,439,128.061413495203,45945,5.88545227050781
807,54.438850605203,166,129.40578380159,46111,4.50051164627075
808,36.6291250725506,123,117.224821477379,46234,6.35734272003174
809,104.325923026134,152,121.960616801829,46386,6.23651313781738
810,102.039837261505,300,126.752818179142,46686,4.75933837890625
811,103.603192715661,317,127.688868967557,47003,5.76164054870605
812,161.215614627424,493,130.038090424105,47496,6.23559474945068
813,187.943187601439,382,138.355712615041,47878,5.60508918762207
814,100.209320931875,274,132.596336354319,48152,5.49109697341919
815,244.69854215144,472,132.563352178176,48624,6.09780979156494
816,189.509964912457,283,128.461355890569,48907,6.05959987640381
817,165.775154680117,419,139.59498629806,49326,6.08391571044922
818,109.91831312158,304,146.923905102963,49630,5.9398889541626
819,34.0051092262665,148,139.891823722977,49778,5.51839160919189
820,97.6370885529368,206,139.45154885212,49984,5.81878662109375
821,30.1576026598032,142,132.106989846534,50126,6.43534088134766
822,67.1524751675045,240,122.700675900542,50366,6.3143253326416
823,59.2464362646698,152,109.831000766865,50518,6.03831195831299
824,23.9743336246476,111,102.207502036142,50629,6.3176794052124
825,108.769592279872,166,88.6146070489854,50795,5.40423536300659
826,48.4027221578898,151,74.5038827735287,50946,5.45564270019531
827,58.1214660044468,183,63.7385139059617,51129,5.75425243377686
828,111.268186487439,350,63.8735012425476,51479,6.81510639190674
829,65.2276433288103,185,66.995754652802,51664,6.6619176864624
830,134.269818214007,319,70.659027618909,51983,6.51999378204346
831,174.690776908107,551,85.1123450437394,52534,6.43853759765625
832,301.530353033063,494,108.550132830295,53028,6.76196956634521
833,142.978791713108,333,116.923368375139,53361,5.79707527160645
834,227.070963180736,627,137.233031330748,53988,6.80373287200928
835,231.636111435464,494,149.519683246307,54482,6.62374591827393
836,51.3419259659805,308,149.813603627116,54790,6.97145652770996
837,496.682392524615,1188,193.669696279133,55978,6.25258159637451
838,88.0423328968991,194,191.347110920079,56172,6.2975378036499
839,255.008811187437,624,210.325227705942,56796,6.52524948120117
840,-19.3910617413673,90,194.959139710404,56886,6.77275085449219
841,72.4322244462715,156,184.733284464221,57042,6.33384799957275
842,37.7646882592711,137,158.356717986842,57179,6.28578090667725
843,85.6712107277462,214,152.625959888305,57393,6.40566444396973
844,186.475695365071,528,148.566433106739,57921,6.58530426025391
845,23.4321406303001,105,127.746036026222,58026,6.16911315917969
846,88.898553077697,131,131.501698737394,58157,6.75385475158691
847,156.638866087184,406,97.4973460936509,58563,5.58649730682373
848,129.563392964978,213,101.649452100459,58776,6.12951469421387
849,16.2385598605727,126,77.7724269677724,58902,6.97110557556152
850,74.5913708695453,381,87.1706702288636,59283,7.05219650268555
851,54.4636175507577,119,85.3738095393122,59402,6.76899147033691
852,164.506635111224,432,98.0480042245075,59834,5.67684364318848
853,58.0503261735793,115,95.2859157690908,59949,6.80350017547607
854,34.6613624658721,159,80.104482479171,60108,6.32894611358643
855,0.470101573504321,117,77.8082785734914,60225,6.70901966094971
856,50.3639844941729,100,73.954821715139,60325,6.26457786560059
857,213.456917357838,568,79.6366268422044,60893,6.61739635467529
858,189.528134058898,433,85.6331009515964,61326,7.10049867630005
859,17.1031964487868,129,85.7195646104178,61455,6.50665998458862
860,212.25485902052,461,99.4859134255153,61916,7.61134195327759
861,254.287898646869,616,119.468341535126,62532,7.48920917510986
862,71.4399688462056,99,110.161674908625,62631,7.53992986679077
863,75.8392915326793,209,111.940571444535,62840,7.01178169250488
864,34.7333337197593,161,111.947768569923,63001,7.2783203125
865,106.040344901432,357,122.504792902716,63358,6.58808422088623
866,52.6493670159812,109,122.733331154897,63467,7.66718673706055
867,125.736277035497,207,113.961267122663,63674,6.56873893737793
868,4.55134028993903,111,95.4635877457668,63785,7.32894659042358
869,91.8545458124706,155,102.938722682135,63940,7.59585475921631
870,29.6907015458082,101,84.6823069346641,64041,7.65931272506714
871,43.9143666787089,167,63.644953737848,64208,7.20690727233887
872,380.997504969289,970,94.6007073501564,65178,7.26028251647949
873,142.990368901405,367,101.315815087029,65545,8.57828712463379
874,396.899421216062,881,137.532423836659,66426,9.02942562103271
875,375.963803070367,862,164.524769653553,67288,7.86678743362427
876,539.932539168453,1373,213.2530868688,68661,8.49639797210693
877,281.815896423894,919,228.86104880764,69580,8.08309745788574
878,570.211248058061,1332,285.427039584452,70912,8.59550762176514
879,534.372558844272,1092,329.678840887632,72004,8.30803489685059
880,499.544305004347,1093,376.664201233486,73097,8.33578395843506
881,355.689858361026,823,407.841750401718,73920,8.91587352752686
882,265.554929068492,516,396.297492811638,74436,8.6994686126709
883,188.499864912391,524,400.848442412737,74960,8.23737621307373
884,158.426294579769,513,377.001129749107,75473,8.34546089172363
885,308.966090031765,767,370.301358445247,76240,8.78326606750488
886,426.601195327542,1001,358.968224061156,77241,8.32359886169434
887,294.033918955932,794,360.19002631436,78035,8.70443725585938
888,37.9172705367536,160,306.960628562229,78195,8.40200424194336
889,173.460751824557,404,270.869447860257,78599,8.12110042572021
890,440.773782899326,1009,264.992395649755,79608,8.762451171875
891,500.39620074889,1478,279.463029888542,81086,8.68179035186768
892,135.370365878408,368,266.444573569533,81454,8.91418170928955
893,401.472098618467,981,287.741796940141,82435,8.50782012939453
894,192.623232191151,423,291.161490701279,82858,8.97999000549316
895,380.619618951403,757,298.326843593243,83615,8.29532909393311
896,174.745437405299,531,273.141267801019,84146,8.23319625854492
897,515.766306549628,1512,295.314506560388,85658,8.67646026611328
898,272.880378730556,761,318.810817379768,86419,8.7680721282959
899,346.097515040789,963,336.074493701392,87382,8.60905838012695
900,428.460429712466,1155,334.843158382706,88537,7.61458683013916
901,291.807094812386,730,313.984247789055,89267,8.46351528167725
902,232.988388882641,577,323.746050089479,89844,8.46706104278564
903,240.542048593151,435,307.653045086947,90279,8.44456672668457
904,36.5519603813999,134,292.045917905972,90413,9.43203544616699
905,39.2722015869257,154,257.911176169524,90567,9.37641143798828
906,192.015380309176,416,259.638170459912,90983,9.89226627349854
907,180.054117309571,520,226.066951535906,91503,9.73954296112061
908,329.501329953502,759,231.729046658201,92262,10.1255683898926
909,70.088676258123,197,204.128162779934,92459,9.53991794586182
910,100.818261581885,304,171.363945966876,92763,9.92528915405273
911,138.622133238778,382,156.045449809515,93145,8.97349452972412
912,222.309494487634,677,154.977560370015,93822,10.1924505233765
913,280.620302524387,717,158.985385763138,94539,10.2150030136108
914,217.423522597825,592,177.072541984781,95131,9.71291828155518
915,312.369673809901,765,204.382289207078,95896,10.3336505889893
916,118.691063229941,317,197.049857499155,96213,10.3016843795776
917,182.375924266504,424,197.282038194848,96637,8.89242458343506
918,65.344134251858,199,170.866318624684,96836,10.0053186416626
919,261.002833844271,723,189.957734383298,97559,9.35306549072266
920,365.119172241909,1120,216.387825449301,98679,8.96975994110107
921,235.910461557117,447,226.116658281135,99126,10.0167551040649
922,36.3538939634305,100,207.521098228714,99226,9.50170803070068
923,188.836769496396,479,198.342744925915,99705,9.72958850860596
924,161.270566614093,389,192.727449327542,100094,10.2708139419556
925,56.1385933221714,180,167.104341278769,100274,10.0182542800903
926,189.598988021443,437,174.195133757919,100711,9.20011520385742
927,343.625653039864,819,190.320106635255,101530,10.4352426528931
928,205.880455252055,421,204.373738735275,101951,8.91278171539307
929,45.2355583982902,107,182.797011190677,102058,9.48834037780762
930,160.678042151479,366,162.352898181634,102424,9.80532932281494
931,115.125427104762,353,150.274394736399,102777,8.99391937255859
932,33.8679126337132,148,150.025796603427,102925,9.04740905761719
933,273.004909960113,514,158.442610649799,103439,11.8247632980347
934,40.6601570566727,167,146.381569694057,103606,10.8259735107422
935,69.2686775186286,129,147.694578113702,103735,11.4693946838379
936,162.80279684725,392,145.014958996283,104127,11.0868139266968
937,79.8335723879878,133,118.635750931095,104260,11.4262723922729
938,62.905174218988,114,104.338222827789,104374,11.3952751159668
939,51.7907589802584,89,104.993742885985,104463,11.1011419296265
940,139.865270838418,343,102.912465754679,104806,12.0121450424194
941,30.2479080950151,138,94.4247138537045,104944,10.5339708328247
942,206.163940871919,423,111.654316677525,105367,11.9464092254639
943,130.14212931941,332,97.3680386134547,105699,11.6065654754639
944,37.6542921494943,150,97.0674521227369,105849,10.7946090698242
945,161.987658210088,511,106.339350191883,106360,10.9206275939941
946,169.087079668793,519,106.967778474037,106879,11.3197584152222
947,275.658669729452,737,126.550288208184,107616,11.8337669372559
948,134.177947240469,394,133.677565510332,108010,11.700737953186
949,89.5277475715955,170,137.451264369465,108180,11.3802032470703
950,78.5951798185682,200,131.32425526748,108380,11.5901117324829
951,348.867187365679,871,163.186183194547,109251,11.208872795105
952,37.3122579462302,158,146.301014901978,109409,10.8700284957886
953,241.678355768521,510,157.454637546889,109919,11.5880260467529
954,138.319718215275,373,167.521180153467,110292,11.5436210632324
955,76.4728494859706,118,158.969699281055,110410,11.1250705718994
956,88.5734660373801,148,150.918337917914,110558,11.7163982391357
957,227.325141780559,572,146.084985123025,111130,11.7566289901733
958,122.657169920611,364,144.932907391039,111494,10.7960395812988
959,240.497348117606,742,160.02986744564,112236,11.3937797546387
960,42.4730005457296,104,156.417649518356,112340,10.6464557647705
961,236.364275521764,476,145.167358333965,112816,12.0377683639526
962,703.527128092354,2055,211.788845348577,114871,13.007791519165
963,453.523802787116,1372,232.973390050437,116243,13.2813606262207
964,39.4647918000214,98,223.087897408911,116341,12.1388359069824
965,64.8554958046033,187,221.926162040774,116528,13.2795257568359
966,192.980402177689,537,232.366855654805,117065,12.9573278427124
967,47.668450367701,101,214.40118651352,117166,12.504566192627
968,122.500632036244,251,214.385532725083,117417,13.5140571594238
969,52.7275125436628,166,195.608549167689,117583,13.0304536819458
970,217.131453872086,464,213.074394500324,118047,13.7372436523438
971,27.8511555104127,118,192.223082499189,118165,11.8189353942871
972,21.9815505689681,127,124.06852474685,118292,13.0041036605835
973,162.522520612706,537,94.9683965294095,118829,12.4241056442261
974,38.7521789971724,135,94.8971352491246,118964,12.3287763595581
975,235.03036146769,745,111.914621815433,119709,13.0254850387573
976,139.412666297505,239,106.557848227415,119948,13.6299095153809
977,322.284143901164,781,134.019417580761,120729,12.9708232879639
978,193.887494189777,482,141.158103796114,121211,13.4207248687744
979,55.4338260746792,144,141.428735149216,121355,13.6183881759644
980,255.433663899402,663,145.258956151948,122018,13.9554119110107
981,48.0659096385514,134,147.280431564762,122152,13.1793336868286
982,212.008767397375,530,166.283153247602,122682,13.0616102218628
983,173.020449633961,228,167.332946149728,122910,13.6017532348633
984,432.572388121036,1062,206.714967062114,123972,13.5160436630249
985,51.9946473999365,171,188.411395655339,124143,13.9381046295166
986,304.53410431922,728,204.92353945751,124871,12.6169576644897
987,93.9143438892199,167,182.086559456316,125038,13.6152114868164
988,102.425934893902,217,172.940403526728,125255,12.7743005752563
989,58.6973696651925,179,173.26675788578,125434,12.4134855270386
990,650.101273185116,1688,212.733518814351,127122,15.4422397613525
991,270.443454212894,552,234.971273271785,127674,15.366229057312
992,198.364118688134,607,233.606808400861,128281,13.8758478164673
993,149.435714761045,229,231.248334913569,128510,15.2533378601074
994,247.598542354845,649,212.75095033695,129159,15.6857252120972
995,263.205746722878,634,233.872060269245,129793,15.0333156585693
996,68.4299872444271,193,210.261648561765,129986,14.7551383972168
997,199.203007249075,544,220.790514897751,130530,14.8452854156494
998,124.838940877008,374,223.031815496061,130904,13.993821144104
999,199.436660030428,519,237.105744532585,131423,14.0911512374878
1000,31.1179551146917,97,175.207412725543,131520,12.8484315872192
1001,53.7730068831411,145,153.540367992567,131665,14.3841180801392
1002,789.854705043203,2038,212.689426628074,133703,14.9412851333618
1003,60.3791767286692,115,203.783772824837,133818,15.2857179641724
1004,37.7598042447736,80,182.799899013829,133898,14.7861518859863
1005,202.838275884512,365,176.763151929993,134263,15.9181365966797
1006,163.445669151985,365,186.264720120749,134628,14.8164920806885
1007,369.758871484951,817,203.320306544336,135445,14.5154008865356
1008,27.6918225491628,85,193.605594711552,135530,14.06960105896
1009,189.784893885031,423,192.640418097012,135953,15.1393852233887
1010,65.7045113401469,172,196.099073719558,136125,15.4587144851685
1011,41.2709941349455,152,194.848872444738,136277,13.927619934082
1012,30.5255382551707,83,118.915955765935,136360,14.4800300598145
1013,50.1767227883356,144,117.895710371902,136504,13.8330764770508
1014,133.680152624833,375,127.487745209907,136879,14.1795120239258
1015,108.343156180852,293,118.038233239541,137172,13.8458299636841
1016,60.5279158777978,120,107.746457912123,137292,14.957010269165
1017,41.4987681647444,151,74.9204475801019,137443,15.2251586914062
1018,147.492202215902,211,86.9004855467759,137654,15.4550371170044
1019,63.8091566987684,202,74.3029118281496,137856,14.6537084579468
1020,213.744279581309,312,89.1068886522658,138168,15.0120143890381
1021,34.5875065595261,121,88.4385398947238,138289,13.6167821884155
1022,56.0312895927889,180,90.9891150284857,138469,15.7989082336426
1023,66.7468594768724,132,92.6461286973393,138601,17.0690670013428
1024,114.573652746602,244,90.7354787095162,138845,16.7449035644531
1025,117.388696981723,372,91.6400327896034,139217,14.9094552993774
1026,154.644401091439,287,101.051681310967,139504,16.814037322998
1027,97.0095970935279,214,106.602764203846,139718,16.0624656677246
1028,55.1622241176552,191,97.3697663940211,139909,15.558219909668
1029,54.7917661562814,161,96.4680273397724,140070,16.4692440032959
1030,225.827750103716,465,97.6763743920132,140535,17.0462398529053
1031,181.715114609027,257,112.389135196963,140792,17.2651176452637
1032,26.8391401794476,140,109.469920255629,140932,16.035192489624
1033,176.304569728851,423,120.425691280827,141355,16.2912521362305
1034,63.3117447657827,178,115.299500482745,141533,17.1137561798096
1035,101.23310373057,222,113.68394115763,141755,17.0776176452637
1036,50.3957010398906,142,103.259071152475,141897,16.9725666046143
1037,49.4868913314087,111,98.5068005762631,142008,16.1694450378418
1038,52.4572753750461,147,98.2363057020022,142155,15.7614850997925
1039,48.5827603010483,153,97.6154051164789,142308,15.4685106277466
1040,292.657939129236,797,104.298424019031,143105,15.7630987167358
1041,63.9455090254829,170,92.5214634606764,143275,17.7261238098145
1042,34.5075431835903,135,93.2883037610907,143410,14.9878377914429
1043,254.383859991386,757,101.096232787344,144167,15.2164001464844
1044,189.804760496903,460,113.745534360456,144627,16.7191486358643
1045,58.4910535853837,176,109.471329345938,144803,15.6640167236328
1046,129.841684638503,393,117.415927705799,145196,15.6313552856445
1047,586.010013572832,1360,171.068239929941,146556,18.900110244751
1048,611.541354058212,1521,226.976647798258,148077,17.566032409668
1049,385.84958558814,1022,260.703330326967,149099,17.6587944030762
1050,463.225480267194,1230,277.760084440763,150329,17.7680244445801
1051,50.0418652597671,149,276.369720064191,150478,16.9714221954346
1052,241.371019671436,772,297.056067712976,151250,15.5578899383545
1053,44.9455783395735,124,276.112239547794,151374,17.9064712524414
1054,57.9064660967676,146,262.922410107781,151520,17.2790431976318
1055,249.19345334323,602,281.992650083565,152122,18.0476894378662
1056,126.845781443291,227,281.693059764044,152349,18.2962760925293
1057,147.905903811112,438,237.882648787872,152787,16.5903263092041
1058,117.39194176998,384,188.467707559049,153171,16.2907581329346
1059,188.850864934676,544,168.767835493703,153715,17.4657917022705
1060,44.9778128292087,180,126.943068749904,153895,15.8721475601196
1061,248.246377058189,634,146.763519929746,154529,18.2737941741943
1062,457.688219519907,995,168.395239914593,155524,18.5895290374756
1063,456.212210511526,1120,209.521903131789,156644,18.2310047149658
1064,244.334829408591,614,228.164739462971,157258,18.6702175140381
1065,32.4090029968208,136,206.48629442833,157394,15.7422780990601
1066,129.334792177221,187,206.735195501723,157581,18.5565032958984
1067,283.114382210189,783,220.256043341631,158364,16.8980808258057
1068,84.5921523995896,199,216.976064404592,158563,17.7620105743408
1069,72.8041033410936,200,205.371388245233,158763,17.4984550476074
1070,44.7360181402954,132,205.347208776342,158895,17.6851234436035
1071,618.516093903087,1485,242.374180460832,160380,19.5280609130859
1072,699.256869394377,1376,266.531045448279,161756,19.9756546020508
1073,444.304473803478,1211,265.340271777474,162967,17.9407176971436
1074,865.769679790234,1905,327.483756815638,164872,19.8636932373047
1075,493.848731522231,1414,373.627729668179,166286,18.4461460113525
1076,637.165449024268,1296,424.410795352884,167582,19.9925518035889
1077,921.760126404168,2500,488.275369772282,170082,19.137716293335
1078,610.660456721787,1514,540.882200204502,171596,19.2445964813232
1079,627.417645819778,1540,596.34355445237,173136,19.1065559387207
1080,33.0191182452355,136,595.171864462864,173272,18.2033309936523
1081,304.728040846808,577,563.793059157236,173849,20.0884017944336
1082,316.93790621135,723,525.561162838934,174572,20.5270977020264
1083,146.311301915585,246,495.761845650144,174818,19.6443824768066
1084,760.478291387669,1400,485.232706809888,176218,19.7203235626221
1085,691.240317593995,1823,504.971865417064,178041,17.4734497070312
1086,535.555234060548,1281,494.810843920692,179322,20.4108066558838
1087,738.71798070064,1759,476.50662935034,181081,19.9612674713135
1088,403.968909931884,1045,455.837474671349,182126,19.0515880584717
1089,172.51627479656,305,410.347337569028,182431,20.1965961456299
1090,43.3218741724125,138,411.377613161745,182569,19.2708492279053
1091,184.110126832645,580,399.315821760329,183149,17.8416080474854
1092,98.816210272131,225,377.503652166407,183374,20.5680160522461
1093,297.845878998988,980,392.657109874747,184354,16.6759090423584
1094,63.2494315951217,149,322.934223895493,184503,20.0597591400146
1095,210.282870123905,602,274.838479148484,185105,18.2988510131836
1096,85.7346362801787,215,229.856419370447,185320,19.4355163574219
1097,361.366367109226,878,192.121258011305,186198,19.0194339752197
1098,397.54021154257,885,191.478388172374,187083,20.1802062988281
1099,552.664253089622,1619,229.49318600168,188702,20.1528968811035
1100,662.620757575009,1702,291.42307434194,190404,21.491771697998
1101,92.4327719056619,211,282.255338849241,190615,22.2129745483398
1102,97.8334946106077,227,282.157067283089,190842,21.8280220031738
1103,106.95225335081,222,263.067704718271,191064,20.9678516387939
1104,146.247384942392,286,271.367500052998,191350,22.1514739990234
1105,290.428841888762,804,279.382097229484,192154,21.1279239654541
1106,49.3743621865239,152,275.746069820118,192306,20.279670715332
1107,437.200922028171,940,283.329525312013,193246,21.9730815887451
1108,448.573422647124,1118,288.432846422468,194364,20.6100769042969
1109,46.0840895330768,128,237.774830066814,194492,19.0551853179932
1110,96.8241407373754,233,181.195168383051,194725,21.502649307251
1111,316.075269881707,723,203.559418180655,195448,21.5191783905029
1112,444.39417580925,854,238.215486300519,196302,22.6276626586914
1113,212.056092457745,627,248.725870211213,196929,20.1845607757568
1114,83.9120633827844,170,242.492338055252,197099,21.2699298858643
1115,46.2127199670375,159,218.07072586308,197258,19.9506053924561
1116,274.098450691689,662,240.543134713596,197920,21.3577194213867
1117,165.184415728352,612,213.341484083614,198532,18.7119731903076
1118,98.9361736272387,229,178.377759181626,198761,21.6276321411133
1119,558.031174449637,1470,229.572467673282,200231,20.3961162567139
1120,774.215384190309,2500,297.311592018575,202731,20.8888530731201
1121,472.151086241211,1452,312.919173654525,204183,22.1465225219727
1122,940.742125770967,2500,362.553968650697,206683,24.3285980224609
1123,85.1698379259714,220,349.86534319752,206903,23.2829837799072
1124,777.630152262213,2433,419.237152085463,209336,22.4269008636475
1125,581.509556313114,1855,472.76683572007,211191,20.9489669799805
1126,340.620729223393,748,479.419063573241,211939,23.2552833557129
1127,62.6089500914188,168,469.161517009547,212107,22.3697834014893
1128,750.412963581623,2500,534.309196004986,214607,19.2046127319336
1129,373.692218139688,1045,515.875300373991,215652,22.6219005584717
1130,303.93833444309,695,468.847595399269,216347,22.0871410369873
1131,652.552182273236,2183,486.887705002471,218530,20.8979911804199
1132,247.211495079375,653,417.534641933312,219183,22.3621025085449
1133,124.061020278841,250,421.423760168599,219433,23.3774280548096
1134,323.855388953672,599,376.046283837745,220032,22.8509407043457
1135,291.352056373143,692,347.030533843748,220724,23.0636806488037
1136,629.104879113363,1320,375.878948832745,222044,24.217845916748
1137,347.562303852661,1053,404.374284208869,223097,22.2975215911865
1138,531.32553594057,1662,382.465541444764,224759,22.0325717926025
1139,523.336989359334,1306,397.430018566729,226065,24.0428562164307
1140,349.480449217617,757,401.984230044181,226822,23.6659717559814
1141,56.7631864676319,186,342.405330463621,227008,21.8976821899414
1142,344.377661137932,1012,352.121947069476,228020,20.1588459014893
1143,782.540076559368,2500,417.969852697529,230520,21.2505207061768
1144,904.116633607871,2500,475.995977162949,233020,24.4775905609131
1145,1317.65445190656,2500,578.626216716291,235520,24.8747482299805
1146,745.929051472947,2500,590.308633952249,238020,21.6762504577637
1147,946.673811005352,2500,650.219784667518,240520,23.5597438812256
1148,779.986214676158,2500,675.085852541077,243020,22.9725894927979
1149,897.527429302176,2500,712.504896535361,245520,23.0588779449463
1150,1041.19129220475,2500,781.675980834075,248020,25.4397239685059
1151,1006.07044156832,2500,876.606706344144,250520,25.3022880554199
1152,920.927563067391,2500,934.261696537089,253020,22.6880760192871
1153,876.127090653664,2500,943.620397946519,255520,22.778413772583
1154,805.021095632411,2500,933.710844148973,258020,23.649528503418
1155,658.599102874576,2500,867.805309245774,260520,23.2690773010254
1156,772.93909511566,2500,870.506313610046,263020,19.9264354705811
1157,939.223173720698,2500,869.76124988158,265520,23.7208652496338
1158,734.704704005327,2500,865.233098814497,268020,20.8971939086914
1159,897.625177649259,2500,865.242873649205,270520,24.6058578491211
1160,941.170618455951,2500,855.240806274326,273020,24.4547138214111
1161,969.746268066782,2500,851.608388924172,275520,25.5901184082031
1162,661.702293423602,2500,825.685861959793,278020,22.0121059417725
1163,39.6925058006524,153,742.042403474492,278173,22.1777172088623
1164,929.764962196037,2500,754.516790130854,280673,24.1589202880859
1165,1007.47516850909,2500,789.404396694306,283173,27.300142288208
1166,824.700422267468,2500,794.580529409487,285673,25.5841083526611
1167,778.145945890175,2500,778.472806626435,288173,25.2437801361084
1168,726.777028259684,2500,777.68003905187,290673,24.8254718780518
1169,706.256382324452,2249,758.54315951939,292922,25.7497730255127
1170,870.801989589228,2500,751.506296632717,295422,24.9159126281738
1171,816.590053402323,2500,736.190675166271,297922,22.7894172668457
1172,796.071389332668,2318,749.627584757178,300240,26.4656524658203
1173,768.434038068819,2500,822.501737983995,302740,25.0709972381592
1174,1007.12139572384,2500,830.237381336775,305240,26.9338493347168
1175,843.090463590355,2500,813.798910844901,307740,27.08717918396
1176,1108.78632188542,2500,842.207500806696,310240,25.9812431335449
1177,725.071633854676,2500,836.900069603147,312740,23.3281860351562
1178,875.347865828273,2500,851.757153360005,315240,26.5344619750977
1179,776.335799794224,2500,858.765095106983,317740,21.6634540557861
1180,822.68918152446,2500,853.953814300506,320240,24.1505374908447
1181,908.310725676334,2500,863.125881527907,322740,25.8267288208008
1182,976.325205417494,2500,881.15126313639,325240,26.9669494628906
1183,840.803599558225,2500,888.38821928533,327740,25.1381950378418
1184,924.219973663291,2500,880.098077079275,330240,26.4824466705322
1185,36.978416596798,153,799.48687237992,330393,22.6144275665283
1186,1146.92727987924,2500,803.300968179301,332893,25.7480297088623
1187,122.499014383277,249,743.043706232161,333142,26.1912250518799
1188,61.6302221824015,174,661.671941867574,333316,25.403190612793
1189,32.1488505065228,157,587.253246938804,333473,21.4700183868408
1190,818.995182770113,2500,586.883847063369,335973,27.9052505493164
1191,898.805693926118,2500,585.933343888348,338473,28.3245296478271
1192,705.328617447661,2153,558.833685091364,340626,27.4498119354248
1193,247.510256177339,410,499.504350753276,341036,29.2987880706787
1194,756.235102241731,2500,482.70586361112,343536,25.6963081359863
1195,1005.44030133777,2500,579.552052085217,346036,28.6519832611084
1196,719.435444084637,2500,536.802868505757,348536,22.0674800872803
1197,856.444833608452,2500,610.197450428275,351036,28.4691677093506
1198,878.947154159192,2500,691.929143625954,353536,29.174825668335
1199,775.399294851981,2500,766.254188060499,356036,25.9202575683594
1200,80.6474387533745,207,692.419413658826,356243,27.0821533203125
1201,76.7963984417978,221,610.218484110394,356464,26.7491817474365
1202,913.828526821854,2500,631.068475047813,358964,26.2035942077637
1203,878.90831903054,2500,694.208281333133,361464,27.671459197998
1204,698.767454728158,2500,688.461516581776,363964,22.5848369598389
1205,862.595818910871,2500,674.177068339086,366464,27.0319538116455
1206,56.3699922290618,165,607.870523153528,366629,26.5866947174072
1207,731.223976380299,2500,595.348437430713,369129,24.1986484527588
1208,282.044235485413,323,535.658145563335,369452,29.153392791748
1209,948.150567497474,2500,552.933272827884,371952,29.6193542480469
1210,1299.97241487232,2500,674.865770439779,374452,29.3983898162842
1211,822.930599888667,2500,749.479190584466,376952,29.225944519043
1212,719.748270235144,2500,730.071164925795,379452,24.3880729675293
1213,799.284358239034,2500,722.108768846644,381952,25.4789848327637
1214,875.638755496433,2500,739.795898923472,384452,26.6853408813477
1215,859.022711421863,2500,739.438588174571,386952,28.9914512634277
1216,782.854494264317,2500,812.087038378097,389452,27.4856929779053
1217,770.944092766118,2500,816.059050016678,391952,27.9143772125244
1218,843.813964810394,2500,872.236022949177,394452,29.4893341064453
1219,921.56403162608,2500,869.577369362037,396952,28.6241550445557
1220,840.455465407724,2500,823.625674415577,399452,27.9203968048096
1221,810.363033185518,2500,822.368917745262,401952,26.9442138671875
1222,808.784222728817,2500,831.27251299463,404452,23.2560234069824
1223,901.108577369144,2500,841.454934907641,406952,30.2000827789307
1224,823.069984789246,2500,836.198057836922,409452,27.4390850067139
1225,1129.26944308469,2500,863.222731003205,411952,30.1983375549316
1226,799.830309225433,2500,864.920312499316,414452,28.007080078125
1227,832.57063726219,2500,871.082966948923,416952,28.8278865814209
1228,743.633355665648,2500,861.064906034449,419452,22.4724712371826
1229,194.875540789939,330,788.396056950835,419782,29.6378440856934
1230,703.540915727969,2500,774.704601982859,422282,23.4373683929443
1231,777.122968785922,2500,771.3805955429,424782,24.5774745941162
1232,936.240562046972,2500,784.126229474715,427282,30.5802841186523
1233,825.493278641501,2500,776.564699601951,429782,23.3917617797852
1234,889.989386884474,2500,783.256639811474,432282,26.6818943023682
1235,880.331328575978,2500,758.362828360603,434782,27.9566345214844
1236,948.015965408749,2500,773.181393978934,437282,31.2468242645264
1237,871.62395385347,2500,777.086725638062,439782,27.1364326477051
1238,875.839442016466,2500,790.307334273144,442282,31.8113880157471
1239,897.201138626574,2500,860.539894056808,444782,29.6632308959961
1240,842.126628707173,2500,874.398465354728,447282,24.7726917266846
1241,932.267425505465,2500,889.912911026682,449782,30.7038688659668
1242,897.424898971191,2500,886.031344719104,452282,29.226993560791
1243,975.344759593276,2500,901.016492814282,454782,31.8837566375732
1244,977.587218961188,2500,909.776276021953,457282,31.9123363494873
1245,1044.28147823347,2500,926.171290987702,459782,31.7152862548828
1246,944.27796081098,2500,925.797490527925,462282,29.0817985534668
1247,834.537867879799,2500,922.088881930558,464782,25.517017364502
1248,740.075309191264,2500,908.512468648038,467282,25.376184463501
1249,846.874094730866,2500,903.479764258467,469782,26.164213180542
1250,902.184757005285,2500,909.485577088278,472282,30.6691493988037
1251,910.532784137012,2500,907.312112951433,474782,30.7334423065186
1252,815.110377409807,2500,899.080660795294,477282,24.2090721130371
1253,1087.89939067843,2500,910.33612390381,479782,32.5111389160156
1254,1049.74905485435,2500,917.552307493125,482282,31.2004261016846
1255,357.45903313987,695,848.870062983766,482977,31.4530220031738
1256,1027.1647744421,2500,857.158744346878,485477,29.2463264465332
1257,1028.33241435095,2500,876.538198993992,487977,29.6687908172607
1258,968.495591222649,2500,899.380227197131,490477,31.5814476013184
1259,397.901830761515,744,854.483000800195,491221,29.9840202331543
1260,927.68459870078,2500,857.032984969745,493721,27.4398765563965
1261,962.134995623668,2500,862.193206118411,496221,28.8864040374756
1262,1140.92934488274,2500,894.775102865704,498721,32.8521003723145
1263,942.054163475202,2500,880.190580145381,501221,27.1395225524902
1264,1184.37226477944,2500,893.65290113789,503721,32.6417388916016
1265,1101.10861271613,2500,968.017859095516,506221,32.4477119445801
1266,981.43980789175,2500,963.445362440481,508721,28.7131595611572
1267,955.387613487163,2500,956.150882354103,511221,24.4628219604492
1268,1051.1216543375,2500,964.413488665588,513721,31.5598793029785
1269,1035.10150574289,2500,1028.13345616373,516221,30.8321361541748
1270,1019.78553993474,2500,1037.34355028712,518721,29.9497299194336
1271,950.563986221025,2500,1036.18644934686,521221,27.817699432373
1272,490.94369261784,814,971.187884120367,522035,33.2270927429199
1273,1129.56961905517,2500,989.939429678364,524535,33.2196807861328
1274,1006.75206479765,2500,972.177409680185,527035,24.5396385192871
1275,956.646286492287,2500,957.731177057801,529535,26.6613960266113
1276,1147.99259591333,2500,974.386455859959,532035,32.9005432128906
1277,177.654749239751,208,896.613169435218,532243,32.2949409484863
1278,908.471135706513,2500,882.34811757212,534743,32.6425971984863
1279,1043.07193902467,2500,883.145160900298,537243,34.8335075378418
1280,926.81811849613,2500,873.848418756437,539743,27.7131519317627
1281,317.96878103166,956,810.5888982375,540699,27.3994750976562
1282,939.564576107561,2500,855.450986586472,543199,29.5469741821289
1283,1011.04820137186,2500,843.598844818141,545699,34.8880004882812
1284,275.338231710109,445,770.457461509387,546144,34.7364196777344
1285,979.484790903388,2500,772.741311950497,548644,31.4584007263184
1286,868.282484090769,2500,744.770300768241,551144,26.0776824951172
1287,282.631048918303,588,755.267930736096,551732,34.416145324707
1288,436.719249606442,905,708.092742126089,552637,33.6943893432617
1289,857.405876473684,2500,689.52613587099,555137,26.4763221740723
1290,96.5026671998536,131,606.494590741362,555268,32.5432929992676
1291,1066.63284498313,2500,681.36099713651,557768,30.5072593688965
1292,923.028435865842,2500,679.707383112338,560268,31.0758476257324
1293,919.580491397025,2500,670.560612114855,562768,28.0028476715088
1294,1160.91597115174,2500,759.118386059018,565268,34.5442810058594
1295,941.808079567194,2500,755.350714925399,567768,31.8479118347168
1296,801.380399501518,2500,748.660506466474,570268,23.4448928833008
1297,317.338001430421,499,752.131201717686,570767,33.845531463623
1298,209.857389451258,374,729.445015702167,571141,34.062084197998
1299,103.080265849621,131,654.012454639761,571272,33.1846809387207
1300,988.823830826724,2500,743.244571002448,573772,35.3689460754395
1301,673.158210931046,1762,703.897107597239,575534,31.5345573425293
1302,1057.32133908072,2500,717.326397918727,578034,34.6641578674316
1303,573.96722343013,1418,682.765071122037,579452,35.3241767883301
1304,546.216646237658,1500,621.295138630629,580952,30.5197143554688
1305,628.347213555303,1945,589.94905202944,582897,30.8370742797852
1306,636.890190363988,1751,573.500031115687,584648,35.0214424133301
1307,266.200209611735,851,568.386251933818,585499,27.0205116271973
1308,639.290213846059,1946,611.329534373298,587445,26.1366271972656
1309,386.220503218643,1255,639.643558110201,588700,26.2049713134766
1310,1061.28102159325,2500,646.889277186853,591200,35.3255004882812
1311,275.389379398877,320,607.112394033636,591520,34.9228820800781
1312,774.337259202137,2214,578.813986045778,593734,27.1623344421387
1313,999.749561914201,2500,621.392219894185,596234,35.579460144043
1314,646.012759240794,1994,631.371831194498,598228,27.4258975982666
1315,858.856782744304,2387,654.422788113398,600615,34.5329170227051
1316,181.883040812149,498,608.922073158214,601113,27.556661605835
1317,930.756236690952,2170,675.377675866136,603283,33.4687080383301
1318,589.422709777454,1303,670.390925459276,604586,34.8402290344238
1319,517.265500058376,1563,683.495425143249,606149,24.82106590271
1320,712.003024277356,1913,648.56762541166,608062,32.6954803466797
1321,78.4407292964152,239,628.872760401414,608301,25.2205696105957
1322,119.984665748095,157,563.43750105601,608458,35.6982460021973
1323,990.298154557724,2500,562.492360320362,610958,25.4777641296387
1324,1122.65007015947,2500,610.156091412229,613458,27.8833160400391
1325,1015.12365226017,2500,625.782778363816,615958,27.3233451843262
1326,1104.30892618229,2500,718.02536690083,618458,35.2166938781738
1327,1021.26419016182,2500,727.076162247916,620958,32.7236442565918
1328,1224.45476664174,2500,790.579367934345,623458,34.4471015930176
1329,1068.5505973457,2500,845.707877663077,625958,35.2538795471191
1330,966.201856539719,2500,871.127760889314,628458,24.606954574585
1331,1003.00417718757,2500,963.584105678429,630958,33.9732551574707
1332,1407.92035053705,2500,1092.37767415732,633458,36.7388954162598
1333,1051.7641347818,2500,1098.52427217973,635958,33.6340065002441
1334,1116.64749150136,2500,1097.92401431392,638458,37.6435203552246
1335,1105.52249316176,2500,1106.96389840408,640958,37.4480590820312
1336,1123.21899080072,2500,1108.85490486592,643458,31.1723613739014
1337,1020.46817792005,2500,1108.77530364175,645958,31.755500793457
1338,1055.46267860534,2500,1091.87609483811,648458,32.4996948242188
1339,265.485555103971,423,1011.56959061393,648881,37.5037078857422
1340,963.767821828097,2500,1011.32618714277,651381,25.5075206756592
1341,184.640936863176,337,929.489863110333,651718,37.4492874145508
1342,238.657096145625,399,812.56353767119,652117,37.1358337402344
1343,967.921548263895,2500,804.179279019399,654617,26.0617752075195
1344,183.312821480015,341,710.845812017265,654958,35.1278457641602
1345,931.832732501319,2500,693.476835951221,657458,27.7694873809814
1346,1043.04623984163,2500,685.459560855312,659958,35.6818161010742
1347,1057.90926508015,2500,689.203669571322,662458,35.3937225341797
1348,1078.70689113402,2500,691.52809082419,664958,37.6545486450195
1349,1028.98843241586,2500,767.878378555379,667458,38.1044387817383
1350,1161.7301287402,2500,787.674609246589,669958,34.6118392944336
1351,356.947660991762,679,804.905281659447,670637,38.484977722168
1352,957.738189254085,2500,876.813390970293,673137,31.8553981781006
1353,1037.42475537542,2500,883.763711681446,675637,37.3243408203125
1354,1071.62419111243,2500,972.594848644688,678137,36.4794960021973
1355,1126.62927284445,2500,992.074502679001,680637,37.8419990539551
1356,964.322509141592,2500,984.202129608997,683137,32.4848175048828
1357,1073.40476868738,2500,985.751679969719,685637,36.0891799926758
1358,1060.17060332903,2500,983.898051189221,688137,31.700891494751
1359,1021.74201429467,2500,983.173409377102,690637,36.3004455566406
1360,82.8725600066034,109,875.287652503743,690746,36.2733116149902
1361,1008.45988534026,2500,940.438874938593,693246,36.5888671875
1362,1077.60650710803,2500,952.425706723987,695746,34.0468864440918
1363,142.262282380568,174,862.909459424502,695920,37.426342010498
1364,1009.30197875121,2500,856.67723818838,698420,29.4750881195068
1365,1003.64105270583,2500,844.378416174519,700920,33.1614379882812
1366,913.021496404185,2500,839.248314900778,703420,23.1799201965332
1367,239.309803785532,402,755.838818410593,703822,38.3347854614258
1368,1154.7789603464,2500,765.29965411233,706322,40.4944534301758
1369,1089.38550092117,2500,772.06400277498,708822,40.0373115539551
1370,1128.14884666299,2500,876.591631440619,711322,36.3320808410645
1371,997.788360878498,2500,875.524478994442,713822,32.2861824035645
1372,540.402571161766,1255,821.804085399816,715077,36.4086265563965
1373,1184.46382582571,2500,926.02423974433,717577,36.6166152954102
1374,1097.76727118221,2500,934.87076898743,720077,34.1283187866211
1375,971.806395728531,2500,931.6873032897,722577,25.2918148040771
1376,963.535406179474,2500,936.738694267229,725077,25.6257667541504
1377,318.004743381452,489,944.608188226821,725566,32.9031677246094
1378,1178.58541497812,2500,946.988833689992,728066,38.4618453979492
1379,374.036937022929,950,875.453977300167,729016,30.4807987213135
1380,1122.83823679873,2500,874.922916313741,731516,39.4570732116699
1381,1036.2002974654,2397,878.764109972432,733913,38.1058959960938
1382,772.906469568671,1855,902.014499813122,735768,35.5273590087891
1383,1052.46234038649,2500,888.8143512692,738268,32.7441139221191
1384,1081.9987586251,2500,887.237500013489,740768,35.5997657775879
1385,1060.68928588659,2500,896.125789029295,743268,36.3608589172363
1386,1054.15145278266,2500,905.187393689614,745768,36.950267791748
1387,972.446439212177,2500,970.631563272686,748268,28.3547630310059
1388,1046.53703076117,2500,957.426724850992,750768,35.5700607299805
1389,260.036132711996,784,946.026644419899,751552,27.5850620269775
1390,560.245056426576,1376,889.767326382683,752928,31.7179126739502
1391,750.795992015761,2122,861.226895837719,755050,38.2638206481934
1392,764.85107069373,2134,860.421355950225,757184,26.5296783447266
1393,862.685499242447,2223,841.443671835821,759407,29.4431037902832
1394,604.166340226289,1431,793.66042999594,760838,34.8362274169922
1395,445.523348402136,1028,732.143836247495,761866,39.5522499084473
1396,695.383751654002,1667,696.267066134629,763533,35.9684028625488
1397,141.499694458502,175,613.172391659261,763708,39.7862129211426
1398,537.936136012183,1365,562.312302184362,765073,35.3741455078125
1399,569.573935578506,1281,593.266082471013,766354,38.878547668457
1400,337.390587161861,504,570.980635544542,766858,41.376838684082
1401,448.245137384733,1049,540.725550081439,767907,36.4643592834473
1402,166.801821407544,213,480.92062515282,768120,37.2040405273438
1403,173.21636539125,332,411.973711767701,768452,32.7299919128418
1404,664.024040549629,1649,417.959481800035,770101,37.7198371887207
1405,858.506068981923,2307,459.257753858013,772408,33.8735160827637
1406,547.532255954998,1271,444.472604288113,773679,33.2913208007812
1407,1030.10993453989,2489,533.333628296252,776168,37.2648963928223
1408,1084.7968539919,2478,588.019700094224,778646,39.223331451416
1409,154.291675871585,192,546.491474123532,778838,39.8834381103516
1410,458.761887399275,1012,558.628604147274,779850,40.6239356994629
1411,168.293492158486,541,530.633439624649,780391,27.0028591156006
1412,225.882183512983,260,536.541475835193,780651,41.5459365844727
1413,139.820020713592,175,533.201841367427,780826,38.892017364502
1414,132.329420324311,168,480.032379344895,780994,37.8796081542969
1415,225.426524027395,701,416.724424849442,781695,29.3776054382324
1416,1034.16818458227,2500,465.388017712169,784195,40.1444129943848
1417,659.688644518988,1778,428.345888710078,785973,31.2605400085449
1418,994.771390170908,2500,419.343342327979,788473,40.1115760803223
1419,961.028992942562,2500,500.017074035076,790973,32.0548210144043
1420,1010.95593516956,2500,555.236478812105,793473,42.595832824707
1421,1024.43062597075,2500,640.85019219333,795973,39.3208312988281
1422,1003.60325051397,2500,718.622298893429,798473,40.4199104309082
1423,943.822219266026,2500,799.022518748673,800973,29.8525810241699
1424,1040.12522869153,2500,889.802099585395,803473,41.1453704833984
1425,980.82510300469,2500,965.341957483124,805973,38.8594932556152
1426,81.351261106085,104,870.060265135506,806077,38.6597328186035
1427,1111.41168126647,2500,915.232568810255,808577,40.7960739135742
1428,982.524216496369,2500,914.007851442801,811077,35.0915641784668
1429,1049.66053175878,2500,922.871005324423,813577,41.784351348877
1430,106.609807376028,137,832.43639254507,813714,37.5037803649902
1431,1038.14883728398,2500,833.808213676394,816214,40.5219650268555
1432,1059.52641309712,2500,839.400529934708,818714,37.9941940307617
1433,831.667218271005,2500,828.185029835206,821214,27.5531425476074
1434,71.1595098173815,98,731.288457947791,821312,36.9969940185547
1435,189.542638383059,227,652.160211485627,821539,42.8410568237305
1436,207.57453596081,241,664.7825389711,821780,40.7362365722656
1437,99.1658725739004,130,563.557958101843,821910,40.1584739685059
1438,102.958532023282,132,475.601389654534,822042,41.0000686645508
1439,1074.70178383774,2500,478.10551486243,824542,43.4510498046875
1440,997.861485930658,2500,567.230682717893,827042,35.9179420471191
1441,1017.97162463164,2500,565.212961452659,829542,38.5471420288086
1442,1033.37482682215,2500,562.597802825163,832042,42.1084823608398
1443,1053.91478367614,2500,584.822559365677,834542,39.8730392456055
1444,981.131049505213,2500,675.81971333446,837042,32.0641479492188
1445,1073.93572519668,2500,764.259022015822,839542,42.0764274597168
1446,1206.33627543818,2500,864.135195963559,842042,40.2215614318848
1447,1021.32763210521,2500,956.351371916689,844542,35.9139251708984
1448,267.775581545901,305,972.833076868951,844847,43.8625411987305
1449,1114.87149896462,2500,976.850048381639,847347,43.4993553161621
1450,941.203808005077,2500,971.184280589081,849847,32.5583534240723
1451,235.499343314134,413,892.93705245733,850260,42.886604309082
1452,994.287369222612,2500,889.028306697376,852760,33.4659614562988
1453,1011.29518558266,2500,884.766346888028,855260,35.8148078918457
1454,1062.76359788578,2500,892.929601726085,857760,36.6326560974121
1455,1013.39837472361,2500,886.875866678777,860260,38.3370590209961
1456,1017.19099359735,2500,867.961338494695,862760,36.2716789245605
1457,211.793951702036,268,787.007970454378,863028,38.3266143798828
1458,83.9773569523787,111,768.628147995026,863139,40.9751853942871
1459,86.3573113900936,115,665.776729237573,863254,38.0820617675781
1460,244.244009235391,420,596.080749360604,863674,44.3245544433594
1461,138.448464958169,171,586.375661525008,863845,40.9929618835449
1462,94.8765412841265,118,496.434578731159,863963,40.5157241821289
1463,1120.92105430692,2500,507.397165603585,866463,43.6802215576172
1464,988.042052991849,2500,499.925011114192,868963,35.1765251159668
1465,1001.18030265675,2500,498.703203907507,871463,27.7121276855469
1466,1093.56466115376,2500,506.340570663148,873963,42.317325592041
1467,1080.17814714217,2500,593.178990207161,876463,37.7380867004395
1468,1069.22156072119,2500,691.703410584043,878963,43.8411331176758
1469,1015.53637462748,2500,784.621316907781,881463,35.9794387817383
1470,1003.95669687803,2500,860.592585672044,883963,37.4240112304688
1471,1021.63422379961,2500,948.911161556188,886463,31.3591079711914
1472,997.354640515105,2500,1039.15897147929,888963,35.1833915710449
1473,992.652493354271,2500,1026.33211538402,891463,33.003059387207
1474,990.214989829771,2500,1026.54940906781,893963,35.5413246154785
1475,996.128829372713,2500,1026.04426173941,896463,39.0775947570801
1476,239.644023527829,414,940.652197976817,896877,44.127197265625
1477,1086.16558978946,2500,941.250942241545,899377,40.3311424255371
1478,1016.48283388838,2500,935.977069558264,901877,36.5668106079102
1479,971.009153832618,2500,931.524347478778,904377,34.1419067382812
1480,1122.94965691726,2500,943.423643482702,906877,43.2364044189453
1481,1066.11087768076,2500,947.871308870817,909377,38.2834548950195
1482,1010.65603900407,2500,949.201448719713,911877,43.5199317932129
1483,262.20659109722,438,876.156858494008,912315,45.2275428771973
1484,276.799278394539,451,804.815287350485,912766,43.5708656311035
1485,1008.66986063747,2500,806.069390476961,915266,34.8566093444824
1486,1258.82082676357,2500,907.987070800535,917766,44.8578453063965
1487,1023.7795265131,2500,901.7484644729,920266,39.7534408569336
1488,1035.98351467575,2500,903.698532551636,922766,39.9084396362305
1489,1227.69646816433,2500,929.367263984807,925266,42.3234825134277
1490,1060.28840781658,2500,923.101139074739,927766,43.136287689209
1491,1022.71031392296,2500,918.761082698958,930266,38.9084548950195
1492,1036.62299748234,2500,921.357778546785,932766,39.4743919372559
1493,1032.17212892744,2500,998.354332329808,935266,37.3958549499512
1494,1026.79902976338,2500,1073.35430746669,937766,35.8223304748535
1495,91.0494432453234,120,981.592265727476,937886,43.1598014831543
1496,1031.34359180126,2500,958.844542231245,940386,41.6046752929688
1497,408.395916790406,469,897.306181258975,940855,42.9495964050293
1498,1084.84300839648,2500,902.192130631049,943355,45.7253761291504
1499,1004.04586127655,2500,879.827069942271,945855,31.3509864807129
1500,1008.90961728907,2500,874.68919088952,948355,32.995433807373
1501,1004.16475161608,2500,872.834634658833,950855,31.2860813140869
1502,1029.84909790092,2500,872.157244700691,953355,39.3274154663086
1503,1085.49716379369,2500,877.489748187316,955855,44.8576354980469
1504,984.642655984932,2500,873.274110809471,958355,29.2344226837158
1505,1135.00946594629,2500,977.670113079568,960855,44.2032699584961
1506,1013.93058154718,2500,975.928812054161,963355,32.2038955688477
1507,129.754864000361,163,948.064706775156,963518,44.0606956481934
1508,1048.90044187365,2500,944.470450122874,966018,44.5508155822754
1509,1019.59695029692,2500,946.02555902491,968518,39.8664627075195
1510,1025.33814180216,2500,947.668411476219,971018,42.1835670471191
1511,1023.49666501685,2500,949.601602816296,973518,41.1542587280273
1512,1101.6446082494,2500,956.781153851144,976018,44.9653282165527
1513,1020.84540693158,2500,950.315978164933,978518,37.7854843139648
1514,1006.72219636029,2500,952.523932202468,981018,30.9558963775635
1515,1126.14427946386,2500,951.637413554225,983518,46.9534187316895
1516,1145.21042978761,2500,964.765398378268,986018,46.8473701477051
1517,1062.95942638736,2500,1058.08585461697,988518,46.6289863586426
1518,1024.91439828111,2500,1055.68725025771,991018,43.0794715881348
1519,1013.72465435351,2500,1055.10002066337,993518,42.4314346313477
1520,1013.29911403535,2500,1053.89611788669,996018,38.4080963134766
1521,1006.96828025253,2500,1052.24327941026,998518,33.7817878723145
1522,1176.78052897294,2500,1059.75687148261,1001018,42.3806037902832
1523,988.687466297471,2500,1056.5410774192,1003518,34.9438056945801
1524,168.850746320985,208,972.753932415274,1003726,46.9288330078125
1525,1007.35278801166,2500,960.874783270053,1006226,42.461009979248
1526,1069.93690942767,2500,953.347431234059,1008726,45.2554893493652
1527,977.36813702417,2500,944.78830229774,1011226,28.4024124145508
1528,1071.6373483394,2500,949.460597303569,1013726,43.5255584716797
1529,1218.82377769427,2500,969.970509637644,1016226,46.5184593200684
1530,1022.25444616579,2500,970.866042850689,1018726,26.3172740936279
1531,1100.62098185884,2500,980.231313011319,1021226,47.8596534729004
1532,1030.62835040073,2500,965.616095154098,1023726,33.188045501709
1533,1031.94345974462,2500,969.941694498813,1026226,34.7909355163574
1534,1151.27150877825,2500,1068.18377074454,1028726,46.7089385986328
1535,1037.9006865844,2500,1071.23856060181,1031226,40.0706634521484
1536,1035.78163215522,2500,1067.82303287457,1033726,32.3965759277344
1537,1004.41640811873,2500,1070.52785998403,1036226,37.1000518798828
1538,1054.41575285724,2500,1068.80570043581,1038726,42.7799606323242
1539,1069.21689529529,2500,1053.84501219591,1041226,41.253734588623
1540,1132.80683248207,2500,1064.90025082754,1043726,42.6144142150879
1541,1045.24558094777,2500,1059.36271073643,1046226,40.2384185791016
1542,257.547652618629,429,982.054640958224,1046655,45.0568809509277
1543,1011.61778053416,2500,980.022073037177,1049155,27.5902862548828
1544,1000.06320360966,2500,964.901242520318,1051655,30.7934093475342
1545,1140.38987642199,2500,975.150161504077,1054155,42.2001609802246
1546,1071.60385302457,2500,978.732383591011,1056655,46.2515830993652
1547,1202.27068167232,2500,998.51781094637,1059155,41.9040985107422
1548,59.0502870818621,87,898.981264368832,1059242,38.9209022521973
1549,1134.7261125643,2500,905.532186095733,1061742,45.473331451416
1550,1122.43396493609,2500,904.494899341135,1064242,47.2702789306641
1551,1009.80866506912,2500,900.95120775327,1066742,35.5375099182129
1552,86.2684327962441,110,883.823285771032,1066852,41.808666229248
1553,1029.14665170713,2500,885.576172888329,1069352,25.6566390991211
1554,1026.64217024971,2500,888.234069552334,1071852,35.1986351013184
1555,1016.1062114256,2500,875.805703052694,1074352,28.7168025970459
1556,1030.89044080777,2500,871.734361831015,1076852,42.3655967712402
1557,1052.30625414258,2500,856.737919078041,1079352,37.353874206543
1558,1025.03378758754,2500,953.336269128609,1081852,38.9865646362305
1559,1168.39095950442,2500,956.702753822621,1084352,44.7920532226562
1560,1038.05255827921,2500,948.264613156933,1086852,36.6549606323242
1561,1042.06489174004,2500,951.490235824024,1089352,40.9741401672363
1562,1152.10833315416,2500,1058.07422585982,1091852,48.7262001037598
1563,1125.88920434771,2500,1067.74848112387,1094352,46.8630523681641
1564,1127.16017729973,2500,1077.80028182888,1096852,45.292610168457
1565,96.5987186452138,122,985.849532550837,1096974,42.8073692321777
1566,84.0706514507788,111,891.167553615138,1097085,42.441837310791
1567,1115.2105833104,2500,897.45798653192,1099585,48.5535888671875
1568,1028.61720385168,2500,897.816328158333,1102085,37.3551788330078
1569,1120.36257032642,2500,893.013489240534,1104585,43.1223793029785
1570,1039.1061310836,2500,893.118846520973,1107085,38.5373191833496
1571,1131.28551490073,2500,902.040908837042,1109585,47.9622611999512
1572,1028.89143057861,2500,889.719218579487,1112085,36.7003974914551
1573,1147.80786709953,2500,891.911084854668,1114585,46.0245208740234
1574,1053.04924393788,2500,884.499991518484,1117085,41.433521270752
1575,1048.39817578567,2500,979.67993723253,1119585,32.0247840881348
1576,1048.54922209812,2500,1076.12779429726,1122085,36.137508392334
1577,1079.44957087577,2500,1072.5516930538,1124585,37.3598670959473
1578,1163.4647971419,2500,1086.03645238282,1127085,43.2251396179199
1579,1048.88760303194,2500,1078.88895565338,1129585,29.6074237823486
1580,1039.9752292402,2500,1078.97586546904,1132085,26.3670310974121
1581,1043.19748281032,2500,1070.16706225999,1134585,33.9685745239258
1582,1083.74923105351,2500,1075.65284230748,1137085,31.374605178833
1583,1050.72643581655,2500,1065.94469917919,1139585,29.9585762023926
1584,1071.75956412449,2500,1067.81573119785,1142085,43.7115898132324
1585,1089.63949972762,2500,1071.93986359204,1144585,36.9638633728027
1586,1109.7140349003,2500,1078.05634487226,1147085,35.8530158996582
1587,1075.38085450586,2500,1077.64947323527,1149585,37.9745864868164
1588,1061.92587308879,2500,1067.49558082996,1152085,39.0554122924805
1589,1127.86246754526,2500,1075.39306728129,1154585,45.590705871582
1590,1054.56842367941,2500,1076.85238672521,1157085,28.9516143798828
1591,1090.81916312411,2500,1081.61455475659,1159585,37.1485595703125
1592,1239.78047247979,2500,1097.21767889922,1162085,44.5811347961426
1593,1087.54495994277,2500,1100.89953131184,1164585,36.1922874450684
1594,1058.24904734696,2500,1099.54847963409,1167085,41.7973289489746
1595,1051.77035494631,2500,1095.76156515596,1169585,40.0657234191895
1596,1244.60819545106,2500,1109.25098121103,1172085,49.5628547668457
1597,1038.24164263302,2500,1105.53706002375,1174585,32.8182716369629
1598,1183.84071309758,2500,1117.72854402463,1177085,45.7698554992676
1599,1096.13867566403,2500,1114.5561648365,1179585,45.158519744873
1600,1025.09665706621,2500,1111.60898817518,1182085,29.4568157196045
1601,1052.7300678444,2500,1107.80007864721,1184585,40.4990615844727
1602,1030.01813040006,2500,1086.82384443924,1187085,31.6091556549072
1603,1040.69687930289,2500,1082.13903637525,1189585,38.3454856872559
1604,1135.42677231393,2500,1089.85680887195,1192085,45.7974700927734
1605,1014.65804267742,2500,1086.14557764506,1194585,31.9851970672607
1606,1052.55623265989,2500,1066.94038136594,1197085,40.3963012695312
1607,1060.31700674679,2500,1069.14791777732,1199585,34.002082824707
1608,1047.32555681833,2500,1055.49640214939,1202085,34.541072845459
1609,1248.62529203615,2500,1070.74506378661,1204585,49.7479782104492
1610,1061.76487687519,2500,1074.4118857675,1207085,41.796459197998
1611,1057.64275758005,2500,1074.90315474107,1209585,40.1747131347656
1612,1062.44544152336,2500,1078.1458858534,1212085,43.2513580322266
1613,1042.58233059659,2500,1078.33443098277,1214585,41.1335983276367
1614,1045.83569773235,2500,1069.37532352461,1217085,31.9347877502441
1615,1052.90801207464,2500,1073.20032046433,1219585,41.2923164367676
1616,1141.4466631896,2500,1082.0893635173,1222085,45.7613296508789
1617,365.861278395476,415,1012.64379068217,1222500,50.024959564209
1618,1206.23816632658,2500,1028.535051633,1225000,52.357536315918
1619,1160.02355891076,2500,1019.67487832046,1227500,51.1967506408691
1620,1011.97640553148,2500,1014.69603118609,1230000,24.7953662872314
1621,1061.31746499676,2500,1015.06350192776,1232500,40.1297798156738
1622,1053.34829461648,2500,1014.15378723707,1235000,39.465461730957
1623,1047.27863980031,2500,1014.62341815744,1237500,40.7260208129883
1624,1053.56285885551,2500,1015.39613426976,1240000,31.4199676513672
1625,1017.49104882729,2500,1011.85443794502,1242500,32.911491394043
1626,1070.45851039243,2500,1004.75562266531,1245000,38.5408782958984
1627,1000.09914026752,2500,1068.17940885251,1247500,26.1071968078613
1628,1063.50910871479,2500,1053.90650309133,1250000,33.8454513549805
1629,1060.319043625,2500,1043.93605156276,1252500,40.3021583557129
1630,1323.96518944894,2500,1075.1349299545,1255000,52.6878356933594
1631,1029.96275802005,2500,1071.99945925683,1257500,31.8866577148438
1632,1086.049222159,2500,1075.26955201108,1260000,41.1150588989258
1633,1064.91063795987,2500,1077.03275182704,1262500,42.225772857666
1634,1146.6414626332,2500,1086.34061220481,1265000,47.4395065307617
1635,1132.3490442309,2500,1097.82641174517,1267500,40.4262313842773
1636,1240.61105895432,2500,1114.84166660136,1270000,52.1361923217773
1637,1149.93239612572,2500,1129.82499218718,1272500,51.4537391662598
1638,1158.68964517085,2500,1139.34304583278,1275000,44.8208198547363
1639,1044.43159616296,2500,1137.75430108658,1277500,35.6229972839355
1640,1050.26687680242,2500,1110.38446982193,1280000,31.6222610473633
1641,172.016547288553,209,1024.58984874878,1280209,48.2903785705566
1642,1075.60195969225,2500,1023.5451225021,1282709,35.6730422973633
1643,1065.85138704598,2500,1023.63919741071,1285209,41.443603515625
1644,1158.7819528698,2500,1024.85324643438,1287709,48.1700973510742
1645,1091.64228239481,2500,1020.78257025077,1290209,41.9950180053711
1646,1071.5294144316,2500,1003.87440579849,1292709,40.385986328125
1647,1179.19880177482,2500,1006.80104636341,1295209,48.2310485839844
1648,1166.56364897946,2500,1007.58844674427,1297709,43.0398864746094
1649,1093.47741428357,2500,1012.49302855633,1300209,44.3807373046875
1650,1081.75836249771,2500,1015.64217712586,1302709,30.4342021942139
1651,1089.97163444423,2500,1107.43768584142,1305209,38.6636352539062
1652,1250.02419777848,2500,1124.87990965005,1307709,52.7566146850586
1653,1047.0402253127,2500,1122.99879347672,1310209,34.2728729248047
1654,1116.10849319171,2500,1118.73144750891,1312709,44.1477432250977
1655,1141.92320293649,2500,1123.75953956308,1315209,40.9646301269531
1656,1141.15900112261,2500,1130.72249823218,1317709,41.8334808349609
1657,1046.18704338101,2500,1117.4213223928,1320209,28.172233581543
1658,1062.67448402841,2500,1107.03240589769,1322709,29.2759017944336
1659,1086.73587461506,2500,1106.35825193084,1325209,41.6492767333984
1660,1068.96017983393,2500,1105.07843366446,1327709,36.6393508911133
1661,1067.21845063721,2500,1102.80311528376,1330209,34.5022125244141
1662,1191.88156906756,2500,1096.98885241267,1332709,51.2377738952637
1663,1065.65436630593,2500,1098.85026651199,1335209,38.8621253967285
1664,1041.25122959899,2500,1091.36454015272,1337709,27.8086833953857
1665,1068.02434646397,2500,1083.97465450547,1340209,39.3422660827637
1666,1098.81361221215,2500,1079.74011561442,1342709,50.5821418762207
1667,1057.96524089533,2500,1080.91793536586,1345209,38.980583190918
1668,1175.00946741681,2500,1092.1514337047,1347709,53.9341049194336
1669,1064.53616411699,2500,1089.93146265489,1350209,39.8713340759277
1670,1079.27266531952,2500,1090.96271120345,1352709,45.2306251525879
1671,1068.98713022919,2500,1091.13957916265,1355209,37.229549407959
1672,1070.45854527657,2500,1078.99727678355,1357709,34.6164245605469
1673,1106.13254090847,2500,1083.0450942438,1360209,49.0874900817871
1674,1054.16398659425,2500,1084.33636994333,1362709,29.3889408111572
1675,1044.750657487,2500,1082.00900104563,1365209,31.1605739593506
1676,1145.00300627581,2500,1086.627940452,1367709,45.2250175476074
1677,1065.1341331063,2500,1087.34482967309,1370209,47.7661895751953
1678,1060.30166612709,2500,1075.87404954412,1372709,29.4824180603027
1679,211.342737673303,253,990.55470689975,1372962,48.8823204040527
1680,1125.99777585837,2500,995.227217953635,1375462,51.3031158447266
1681,178.715784179673,218,906.200083348683,1375680,51.1177864074707
1682,1036.44439089689,2500,902.798667910716,1378180,35.7306671142578
1683,1073.13689022508,2500,899.499102842377,1380680,43.5627861022949
1684,997.628687907313,2500,893.845572973683,1383180,30.2598838806152
1685,1050.05356819297,2500,894.37586404428,1385680,44.2729682922363
1686,79.3210810160815,117,787.807671518307,1385797,43.2534141540527
1687,1154.3864945113,2500,796.732907658808,1388297,38.688549041748
1688,1073.42390694205,2500,798.045131740304,1390797,44.4648628234863
1689,1013.9377152611,2500,878.304629499084,1393297,31.7058086395264
1690,1018.61416686515,2500,867.566268599762,1395797,30.761646270752
1691,1076.48533780108,2500,957.343223961903,1398297,48.2739562988281
1692,1138.23737389274,2500,967.522522261487,1400797,49.760684967041
1693,1070.72153565616,2500,967.280986804594,1403297,46.3751983642578
1694,1191.82856320387,2500,986.700974334249,1405797,53.8133163452148
1695,1095.95657968781,2500,991.291275483734,1408297,44.2700996398926
1696,1148.61721955746,2500,1098.22088933787,1410797,39.3727226257324
1697,1078.14621931148,2500,1090.59686181789,1413297,40.287353515625
1698,1144.57863661852,2500,1097.71233478554,1415797,53.326545715332
1699,1251.74404090809,2500,1121.49296735024,1418297,52.6236724853516
1700,1291.61243496782,2500,1148.7927941605,1420797,47.7220306396484
1701,1062.84124052734,2500,1147.42838443313,1423297,32.3832244873047
1702,1196.30464485666,2500,1153.23511152952,1425797,50.4517402648926
1703,1155.73531039737,2500,1161.73648900364,1428297,47.4473304748535
1704,1117.14916751561,2500,1154.26854943482,1430797,43.809700012207
1705,1046.33778280567,2500,1149.3066697466,1433297,28.629581451416
1706,1136.78270829735,2500,1148.12321862059,1435797,52.0342102050781
1707,1054.88092869878,2500,1145.79668955932,1438297,34.9082870483398
1708,1146.74840917396,2500,1146.01366681487,1440797,53.0084037780762
1709,1184.8165081986,2500,1139.32091354392,1443297,47.1550025939941
1710,1182.09390151387,2500,1128.36906019852,1445797,55.3463401794434
1711,1074.57560178755,2500,1129.54249632454,1448297,27.1949825286865
1712,1068.83092177078,2500,1116.79512401596,1450797,39.7863426208496
1713,1114.84328282042,2500,1112.70592125826,1453297,50.4849281311035
1714,1069.96799877548,2500,1107.98780438425,1455797,43.3085746765137
1715,1144.44634873233,2500,1117.79866097691,1458297,52.8111457824707
1716,1092.02143038732,2500,1113.32253318591,1460797,47.8545112609863
1717,1190.11902900047,2500,1126.84634321608,1463297,55.2618370056152
1718,998.546072793555,2500,1112.02610957804,1465797,35.5790824890137
1719,1267.23335348282,2500,1120.26779410646,1468297,55.4822692871094
1720,1036.31116870601,2500,1105.68952082567,1470797,30.7263069152832
1721,1084.85828385973,2500,1106.71778903289,1473297,47.5501518249512
1722,1026.73263520186,2500,1102.507960376,1475797,36.1933250427246
1723,1103.29341478746,2500,1101.3529735727,1478297,45.5814018249512
1724,1065.99666659764,2500,1100.95584035492,1480797,40.8560333251953
1725,1223.95586923365,2500,1108.90679240505,1483297,50.9745903015137
1726,132.672077158255,173,1012.97185708215,1483470,51.7608680725098
1727,1070.80352772114,2500,1001.04030695421,1485970,36.5664215087891
1728,1141.70583337278,2500,1015.35628301214,1488470,55.2111778259277
1729,88.4330103433462,124,897.476248698188,1488594,46.0179252624512
1730,1119.69829755005,2500,905.814961582592,1491094,49.4353179931641
1731,980.969793773488,2500,895.426112573967,1493594,25.0222110748291
1732,1031.79661328234,2500,895.932510382015,1496094,30.5660877227783
1733,1037.66890138674,2500,889.370059041943,1498594,32.7215919494629
1734,1136.46931934127,2500,896.417324316306,1501094,53.6791687011719
1735,1112.85410891493,2500,885.307148284434,1503594,55.6817474365234
1736,1079.54647405487,2500,979.994587974095,1506094,43.450008392334
1737,1007.85994199253,2500,973.700229401234,1508594,30.6354465484619
1738,1047.2852021315,2500,964.258166277106,1511094,33.3429183959961
1739,1155.42149385258,2500,1070.95701462803,1513594,52.7774276733398
1740,1132.55641832355,2500,1072.24282670538,1516094,51.7136116027832
1741,1081.07204438563,2500,1082.25305176659,1518594,43.7950019836426
1742,1201.54888751513,2500,1099.22827918987,1521094,52.8235893249512
1743,1186.02961060028,2500,1114.06435011123,1523594,49.4767532348633
1744,1146.02468124107,2500,1115.01988630121,1526094,52.0699691772461
1745,1033.06938918792,2500,1107.04141432851,1528594,30.0999488830566
1746,996.247347913392,2500,1098.71150171436,1531094,24.9915828704834
1747,1069.19780620993,2500,1104.8452881361,1533594,49.1638069152832
1748,1100.4186945521,2500,1110.15863737816,1536094,46.5689506530762
1749,992.618255566707,2500,1093.87831354957,1538594,30.9040699005127
1750,1117.5268217087,2500,1092.37535388809,1541094,44.5079727172852
1751,1241.38529470565,2500,1108.40667892009,1543594,48.3341827392578
1752,1046.59002397887,2500,1092.91079256646,1546094,39.3039665222168
1753,999.684930817379,2500,1074.27632458817,1548594,34.3509101867676
1754,1131.11683198091,2500,1072.78553966216,1551094,48.8513984680176
1755,1189.11148959578,2500,1088.38974970294,1553594,55.4418869018555
1756,1074.13029291822,2500,1096.17804420343,1556094,42.6681480407715
1757,1171.26866417245,2500,1106.38512999968,1558594,53.1916580200195
1758,1113.50459163756,2500,1107.69371970822,1561094,42.1834144592285
1759,1106.36959059417,2500,1119.06885321097,1563594,43.4715538024902
1760,1164.88367410724,2500,1123.80453845082,1566094,53.0315704345703
1761,1108.16326520696,2500,1110.48233550096,1568594,53.9745330810547
1762,1082.36011520913,2500,1114.05934462398,1571094,30.5531902313232
1763,1090.37136296055,2500,1123.1279878383,1573594,42.6624298095703
1764,1084.47005144911,2500,1118.46330978512,1576094,44.9968452453613
1765,1126.8323227448,2500,1112.23539310002,1578594,51.7751808166504
1766,1113.90411205251,2500,1116.21277501345,1581094,45.9377822875977
1767,1089.79711444282,2500,1108.06562004049,1583594,42.1006011962891
1768,1096.43380025809,2500,1106.35854090254,1586094,41.7599906921387
1769,1162.02627820356,2500,1111.92420966348,1588594,47.8173141479492
1770,1139.45451431711,2500,1109.38129368446,1591094,50.638916015625
1771,1068.65503717558,2500,1105.43047088133,1593594,38.6388778686523
1772,1004.43372041713,2500,1097.63783140213,1596094,34.7064590454102
1773,1075.2502561476,2500,1096.12572072083,1598594,44.1467399597168
1774,1254.57445659362,2500,1113.13616123528,1601094,54.8165626525879
1775,1201.94979159513,2500,1120.64790812032,1603594,51.5310440063477
1776,1180.89225303813,2500,1127.34672221888,1606094,47.6991996765137
1777,1254.73689499012,2500,1143.84070027361,1608594,52.6260299682617
1778,1224.19817128844,2500,1156.61713737664,1611094,53.4165191650391
1779,1173.5140826518,2500,1157.76591782147,1613594,54.0473976135254
1780,1285.23460810991,2500,1172.34392720075,1616094,51.7163925170898
1781,1114.17068996036,2500,1176.89549247922,1618594,37.9152641296387
1782,1203.22211296393,2500,1196.77433173391,1621094,51.6632041931152
1783,1086.20532838972,2500,1197.86983895812,1623594,34.4723625183105
1784,1077.78737105269,2500,1180.19113040402,1626094,29.7499446868896
1785,1080.3996091379,2500,1168.0361121583,1628594,41.6564636230469
1786,1094.57739653342,2500,1159.40462650783,1631094,40.0508651733398
1787,1101.54090729903,2500,1144.08502773872,1633594,35.1728172302246
1788,1191.29904753303,2500,1140.79511536318,1636094,57.1276512145996
1789,1162.73237023558,2500,1139.71694412156,1638594,53.2117080688477
1790,1084.06111906768,2500,1119.59959521733,1641094,44.5519790649414
1791,1280.89293605538,2500,1136.27181982684,1643594,52.498363494873
1792,1177.31838093604,2500,1133.68144662405,1646094,50.7444839477539
1793,1400.0364277295,2500,1165.06455655803,1648594,57.3944625854492
1794,1235.86060693431,2500,1180.87188014619,1651094,59.4632339477539
1795,1078.73069792482,2500,1180.70498902488,1653594,32.3607940673828
1796,1053.15352977743,2500,1176.56260234928,1656094,39.0434150695801
1797,1160.10239719789,2500,1182.41875133917,1658594,55.1073570251465
1798,1054.89972729506,2500,1168.77881931537,1661094,33.4787826538086
1799,1028.81403419555,2500,1155.38698571137,1663594,32.747673034668
1800,1109.47973158569,2500,1157.92884696317,1666094,54.8873443603516
1801,1059.47590163217,2500,1135.78714352085,1668594,36.1720848083496
1802,1231.56871903187,2500,1141.21217733043,1671094,53.6859245300293
1803,1168.915174479,2500,1118.10005200538,1673594,56.9566040039062
1804,1169.78043035015,2500,1111.49203434696,1676094,46.7331771850586
1805,999.95793985085,2500,1103.61475853957,1678594,31.3604316711426
1806,1040.79302588309,2500,1102.37870815013,1681094,33.9195404052734
1807,1130.88805351863,2500,1099.45727378221,1683594,54.5287704467773
1808,1148.60529383881,2500,1108.82783043658,1686094,50.1323356628418
1809,1077.84274060805,2500,1113.73070107783,1688594,50.444034576416
1810,1105.8681571675,2500,1113.36954363601,1691094,48.1617240905762
1811,198.632626897045,259,1027.2852161625,1691353,51.1550598144531
1812,1181.35033233453,2500,1022.26337749277,1693853,54.7649803161621
1813,1066.14246887216,2500,1011.98610693208,1696353,45.1905746459961
1814,1054.62318182121,2500,1000.47038207919,1698853,33.7603874206543
1815,1065.8210027553,2500,1007.05668836963,1701353,41.1915321350098
1816,1057.63962957899,2500,1008.74134873922,1703853,39.8343963623047
1817,1061.05938836696,2500,1001.75848222406,1706353,32.9412269592285
1818,1024.20112117967,2500,989.318064958141,1708853,26.776725769043
1819,1303.34421820769,2500,1011.8682127181,1711353,55.0192413330078
1820,1073.57657017625,2500,1008.63905401898,1713853,34.8781242370605
1821,1222.59734315423,2500,1111.0355256447,1716353,58.8809661865234
1822,1310.97884383129,2500,1123.99837679437,1718853,53.9162864685059
1823,1067.95587015076,2500,1124.17971692224,1721353,32.299617767334
1824,1286.74544114328,2500,1147.39194285444,1723853,57.450309753418
1825,1172.40888746796,2500,1158.05073132571,1726353,37.8160018920898
1826,1177.02708037857,2500,1169.98947640567,1728853,55.7227096557617
1827,1092.06696394552,2500,1173.09023396352,1731353,46.1481590270996
1828,1101.22370718838,2500,1180.79249256439,1733853,44.9545364379883
1829,446.775487101706,675,1095.1356194538,1734528,51.0480346679688
1830,1185.28923174372,2500,1106.30688561054,1737028,51.4855308532715
1831,1309.60081407608,2500,1115.00723270273,1739528,57.6105613708496
1832,1252.32271864375,2500,1109.14162018397,1742028,56.1011238098145
1833,1101.32547360696,2500,1112.47858052959,1744528,44.1605949401855
1834,1060.10899369698,2500,1089.81493578496,1747028,31.5361938476562
1835,1291.72663556033,2500,1101.7467105942,1749528,56.9910850524902
1836,1305.04046211318,2500,1114.54804876766,1752028,58.9791145324707
1837,1338.25231881257,2500,1139.16658425437,1754528,59.3610382080078
1838,1040.30347401021,2500,1133.07456093655,1757028,34.6637878417969
1839,1093.61193719613,2500,1197.75820594599,1759528,51.3964462280273
1840,1045.61303236357,2500,1183.79058600798,1762028,29.247838973999
1841,1212.5162645857,2500,1174.08213105894,1764528,54.0969085693359
1842,1099.15900991219,2500,1158.76576018578,1767028,55.1966705322266
1843,1149.65251107814,2500,1163.5984639329,1769528,49.6482353210449
1844,1209.03240319342,2500,1178.49080488255,1772028,56.8849487304688
1845,1182.83065500908,2500,1167.60120682742,1774528,52.8603591918945
1846,1039.41249808616,2500,1141.03841042472,1777028,29.8003463745117
1847,1055.82440991914,2500,1112.79561953537,1779528,38.7087059020996
1848,1116.55075124497,2500,1120.42034725885,1782028,46.4089050292969
1849,1192.60662485907,2500,1130.31981602514,1784528,49.931022644043
1850,1085.35541265677,2500,1134.29405405446,1787028,42.7977447509766
1851,1271.04800188265,2500,1140.14722778416,1789528,51.5175170898438
1852,1101.97015392099,2500,1140.42834218504,1792028,41.807258605957
1853,955.004968328893,2500,1120.96358791011,1794528,25.6789512634277
1854,1162.33477222905,2500,1116.29382481368,1797028,48.1451263427734
1855,1028.93852313898,2500,1100.90461162667,1799528,31.9922637939453
1856,1089.12986954087,2500,1105.87634877214,1802028,35.3768463134766
1857,1077.98219625659,2500,1108.09212740588,1804528,29.6277618408203
1858,1071.72700230216,2500,1103.6097525116,1807028,47.2060356140137
1859,1112.19262011838,2500,1095.56835203753,1809528,46.6491241455078
1860,1183.61379438862,2500,1105.39419021072,1812028,56.1371879577637
1861,1055.36830387996,2500,1083.82622041045,1814528,36.5168228149414
1862,1177.64170273801,2500,1091.39337529215,1817028,55.4760894775391
1863,963.930966983201,2500,1092.28597515758,1819528,30.1993827819824
1864,1021.20051369044,2500,1078.17254930372,1822028,31.4085903167725
1865,1442.75707756269,2500,1119.55440474609,1824528,51.2450637817383
1866,1060.12367282556,2500,1116.65378507456,1827028,45.8008079528809
1867,1146.09272902845,2500,1123.46483835175,1829528,50.333869934082
1868,1156.09163398866,2500,1131.9013015204,1832028,56.8111038208008
1869,1149.58506483578,2500,1135.64054599214,1834528,57.1981391906738
1870,1179.67304699101,2500,1135.24647125238,1837028,59.0431060791016
1871,959.578210381645,2500,1125.66746190254,1839528,30.0129146575928
1872,1088.72255388073,2500,1116.77554701682,1842028,50.3098068237305
1873,1218.81285672325,2500,1142.26373599082,1844528,59.0269813537598
1874,1099.60004971983,2500,1150.10368959376,1847028,47.1065711975098
1875,1049.61551230721,2500,1110.78953306821,1849528,40.3970222473145
1876,1160.30877464676,2500,1120.80804325033,1852028,55.4556427001953
1877,949.937195470189,2500,1101.19248989451,1854528,23.3510551452637
1878,978.121698899706,2500,1083.39549638561,1857028,31.1849098205566
1879,952.671065413433,2500,1063.70409644338,1859528,27.9717636108398
1880,950.742185668563,2500,1040.81101031113,1862028,33.0221061706543
1881,968.831584040076,2500,1041.73634767698,1864528,31.1466503143311
1882,1401.25216463513,2500,1072.98930875242,1867028,43.552074432373
1883,1113.96350589808,2500,1062.5043736699,1869528,44.4730796813965
1884,1099.177249128,2500,1062.46209361072,1872028,39.6724472045898
1885,1192.39440986385,2500,1076.73998336638,1874528,56.2289619445801
1886,1080.70163482123,2500,1068.77926938383,1877028,38.3033332824707
1887,1086.12731921598,2500,1082.3982817584,1879528,37.6508255004883
1888,1332.21202162793,2500,1117.80731403123,1882028,60.3541641235352
1889,1258.46781949604,2500,1148.38698943949,1884528,50.6980171203613
1890,1172.67513302856,2500,1170.58028417549,1887028,57.1565475463867
1891,1190.78980137136,2500,1192.77610590862,1889528,39.7755317687988
1892,1173.37132480432,2500,1169.98802192554,1892028,55.4990386962891
1893,1564.66850563017,2500,1215.05852189874,1894528,58.348331451416
1894,1163.64356027178,2500,1221.50515301312,1897028,50.3088645935059
1895,1104.41662841799,2500,1212.70737486854,1899528,43.5652084350586
1896,1185.84723648479,2500,1223.22193503489,1902028,41.3076133728027
1897,1121.00157401098,2500,1226.70936051439,1904528,47.5786399841309
1898,1251.68134988553,2500,1218.65629334015,1907028,44.1066017150879
1899,1014.56567043879,2500,1194.26607843443,1909528,28.653636932373
1900,1102.78575362825,2500,1187.2771404944,1912028,38.5874977111816
1901,1093.53656324302,2500,1177.55181668156,1914528,46.0696067810059
1902,1193.05933314239,2500,1179.52061751537,1917028,47.7388458251953
1903,1031.31658193954,2500,1126.18542514631,1919528,31.2326831817627
1904,1081.54594459336,2500,1117.97566357846,1922028,33.1636810302734
1905,1205.36144564648,2500,1128.07014530131,1924528,49.549747467041
1906,1215.68521892463,2500,1131.0539435453,1927028,60.8047065734863
1907,1308.80231462047,2500,1149.83401760625,1929528,55.9380989074707
1908,1288.00044773359,2500,1153.46592739105,1932028,41.7827415466309
1909,1308.75373061111,2500,1182.88473340828,1934528,62.2562828063965
1910,1083.20605678678,2500,1180.92676372414,1937028,36.1207466125488
1911,1218.46482368676,2500,1193.41958976851,1939528,50.7930374145508
1912,1199.23304001442,2500,1194.03696045571,1942028,37.1161804199219
1913,1092.9236193312,2500,1200.19766419488,1944528,31.1315155029297
1914,1080.42994869063,2500,1200.08606460461,1947028,37.1079597473145
1915,1181.44269315921,2500,1197.69418935588,1949528,54.0426864624023
1916,1304.36467846765,2500,1206.56213531018,1952028,54.2657508850098
1917,1395.84033764973,2500,1215.26593761311,1954528,42.335750579834
1918,1015.88730187304,2500,1188.05462302705,1957028,34.8564643859863
1919,1201.72609154511,2500,1177.35185912045,1959528,53.265625
1920,1145.36926381853,2500,1183.56817982363,1962028,37.5735244750977
1921,1205.7855889633,2500,1182.30025635128,1964528,50.4440879821777
1922,1279.32342671337,2500,1190.30929502118,1967028,58.8495445251465
1923,1199.58978224353,2500,1200.97591131241,1969528,53.1461868286133
1924,1086.47491709242,2500,1201.58040815259,1972028,32.5877571105957
1925,1079.59251436697,2500,1191.39539027337,1974528,27.0574893951416
1926,1283.14592399962,2500,1189.27351482656,1977028,49.932674407959
1927,1175.60183616212,2500,1167.2496646778,1979528,37.6830520629883
1928,1340.60925010491,2500,1199.72185950099,1982028,57.3804016113281
1929,1110.9565498682,2500,1190.6449053333,1984528,47.3299560546875
1930,1312.74721055549,2500,1207.382700007,1987028,61.077335357666
1931,1092.63914083205,2500,1196.06805519387,1989528,37.6462020874023
1932,1191.2620782028,2500,1187.26192034281,1992028,48.5855293273926
1933,1196.95726937426,2500,1186.99866905589,1994528,42.4293632507324
1934,1299.93357364903,2500,1208.34453471155,1997028,60.6073036193848
1935,1270.14808621394,2500,1227.40009189624,1999528,55.6103515625
1936,1208.98782504017,2500,1219.9842820003,2002028,45.5530242919922
1937,1225.23984066968,2500,1224.94808245105,2004528,40.849422454834
1938,1303.36730522118,2500,1221.22388796268,2007028,58.3434028625488
1939,1372.02234092545,2500,1247.33046706841,2009528,57.0173187255859
1940,1100.12732448477,2500,1226.06847846133,2012028,37.985279083252
1941,1123.38857113826,2500,1229.14342149195,2014528,38.0762138366699
1942,1400.42790320295,2500,1250.06000399197,2017028,53.588623046875
1943,1182.06126478461,2500,1248.570403533,2019528,39.8165664672852
1944,1366.04907539849,2500,1255.18195370795,2022028,45.4574394226074
1945,1253.2835420657,2500,1253.49549929313,2024528,46.8088302612305
1946,1055.79700555214,2500,1238.17641734432,2027028,30.17041015625
1947,1395.81997740245,2500,1255.2344310176,2029528,57.2328262329102
1948,1321.53652328674,2500,1257.05135282416,2032028,61.1744613647461
1949,1413.07952352274,2500,1261.15707108388,2034528,58.1273040771484
1950,1188.54313922815,2500,1269.99865255822,2037028,39.7734375
1951,1334.30827067103,2500,1291.0906225115,2039528,50.7969589233398
1952,1221.77271240894,2500,1273.2251034321,2042028,50.9658889770508
1953,1296.85189296994,2500,1284.70416625063,2044528,42.1877975463867
1954,1405.46935989723,2500,1288.64619470051,2047028,62.4291572570801
1955,1223.73592038058,2500,1285.69143253199,2049528,39.8242683410645
1956,1599.56873490595,2500,1340.06860546738,2052028,59.2554168701172
1957,1289.5457173363,2500,1329.44117946076,2054528,55.592456817627
1958,1127.57539181422,2500,1310.04506631351,2057028,42.1036415100098
1959,1351.67364850381,2500,1303.90447881162,2059528,57.6426048278809
1960,1086.9959779489,2500,1293.74976268369,2062028,32.6424293518066
1961,1108.63517599432,2500,1271.18245321602,2064528,39.0054664611816
1962,1214.19381740176,2500,1270.4245637153,2067028,49.1610679626465
1963,1213.45408790605,2500,1262.08478320891,2069528,32.3500785827637
1964,1410.75802272387,2500,1262.61364949158,2072028,61.031795501709
1965,1419.36627923696,2500,1282.17668537721,2074528,51.7020111083984
1966,1286.72869105407,2500,1250.89268099202,2077028,36.5960464477539
1967,1138.82905256923,2500,1235.82101451532,2079528,33.1564483642578
1968,1404.71268718588,2500,1263.53474405248,2082028,62.4875717163086
1969,1030.69759067934,2500,1231.43713827004,2084528,28.3412818908691
1970,1221.10738544275,2500,1244.84827901942,2087028,32.244556427002
1971,1233.00643849457,2500,1257.28540526945,2089528,47.3415451049805
1972,1609.62148219515,2500,1296.82817174879,2092028,53.9060478210449
1973,1328.35197723719,2500,1308.3179606819,2094528,47.0854949951172
1974,1235.8488332821,2500,1290.82704173772,2097028,38.7624931335449
1975,1387.79584823304,2500,1287.66999863733,2099528,49.2382392883301
1976,1271.39014446733,2500,1286.13614397866,2102028,29.3985061645508
1977,1512.90249819884,2500,1323.54348854162,2104528,62.9466209411621
1978,1337.20187538026,2500,1316.79240736106,2107028,60.9354476928711
1979,1344.12194333914,2500,1348.13484262704,2109528,63.4301834106445
1980,1383.50414845667,2500,1364.37451892843,2112028,53.3207550048828
1981,1139.12029816452,2500,1354.98590489542,2114528,30.8665027618408
1982,1106.83417966524,2500,1304.70717464243,2117028,35.8063926696777
1983,1209.02682344735,2500,1292.77465926345,2119528,32.4721870422363
1984,1155.34076762711,2500,1284.72385269795,2122028,35.1452178955078
1985,1402.86562367733,2500,1286.23083024238,2124528,49.5839538574219
1986,1286.73504248276,2500,1287.76532004392,2127028,40.9261016845703
1987,1389.66529590167,2500,1275.4415998142,2129528,61.0129508972168
1988,1312.94522753794,2500,1273.01593502997,2132028,39.9761276245117
1989,1420.30807492842,2500,1280.6345481889,2134528,57.7233352661133
1990,1406.99311305791,2500,1282.98344464902,2137028,40.9277229309082
1991,1457.4919835353,2500,1314.8206131861,2139528,49.1237182617188
1992,1260.51033986183,2500,1330.18822920576,2142028,34.6976699829102
1993,1312.71833025874,2500,1340.5573798869,2144528,52.0099945068359
1994,1209.57876443361,2500,1345.98117956755,2147028,41.374439239502
1995,1323.72974478215,2500,1338.06759167803,2149528,46.0029411315918
1996,1626.1503373196,2500,1372.00912116172,2152028,53.0180549621582
1997,1442.42898596276,2500,1377.28549016783,2154528,43.2223930358887
1998,1604.65773525375,2500,1406.45674093941,2157028,53.6746482849121
1999,1516.82246623862,2500,1416.10818007043,2159528,51.1379776000977
2000,1451.1295050358,2500,1420.52181926822,2162028,29.0791683197021
2001,1604.0590430764,2500,1435.17852522233,2164528,63.5427207946777
2002,1194.73984655479,2500,1428.60147589162,2167028,33.2436141967773
2003,1511.7126587588,2500,1448.50090874163,2169528,58.735279083252
2004,1513.50184462701,2500,1478.89321676097,2172028,37.3931312561035
2005,1356.77998167243,2500,1482.19824045,2174528,43.7879829406738
2006,1315.40717837551,2500,1451.12392455559,2177028,41.0341911315918
2007,1714.71460758994,2500,1478.35248671831,2179528,55.724910736084
2008,1393.67080743283,2500,1457.25379393621,2182028,40.4310646057129
2009,1530.07772330374,2500,1458.57931964273,2184528,57.7103042602539
2010,1198.33663029248,2500,1433.30003216839,2187028,34.1728057861328
2011,1515.12282585503,2500,1424.40641044626,2189528,26.2290077209473
2012,1540.18968098202,2500,1458.95139388898,2192028,61.6371078491211
2013,1623.090008876,2500,1470.0891289007,2194528,63.364559173584
2014,1516.74862794986,2500,1470.41380723298,2197028,49.7384185791016
2015,1188.94985137549,2500,1453.63079420329,2199528,38.003532409668
2016,1240.95661766938,2500,1446.18573813268,2202028,29.0277004241943
2017,1433.79227997262,2500,1418.09350537095,2204528,45.4135131835938
2018,1322.12331061317,2500,1410.93875568898,2207028,39.5458908081055
2019,1538.14179248154,2500,1411.74516260676,2209528,61.6798706054688
2020,1202.01099674272,2500,1412.11259925178,2212028,35.109260559082
2021,1432.50611388962,2500,1403.85092805524,2214528,53.2433547973633
2022,1327.29467757591,2500,1382.56142771463,2217028,33.6957855224609
2023,1615.66179564159,2500,1381.81860639119,2219528,58.8551788330078
2024,1641.87542069011,2500,1394.33128566522,2222028,64.4654235839844
2025,1510.47431448983,2500,1426.48373197665,2224528,60.9744415283203
2026,1531.56468059217,2500,1455.54453826893,2227028,62.1882781982422
2027,1632.24164393707,2500,1475.38947466537,2229528,60.3092956542969
2028,1282.36289126626,2500,1471.41343273068,2232028,28.4319286346436
2029,1087.93322406523,2500,1426.39257588905,2234528,35.8871231079102
2030,1266.14955144235,2500,1432.80643135901,2237028,46.8172454833984
2031,1288.75128058456,2500,1418.43094802851,2239528,28.0462779998779
2032,1472.08170292245,2500,1432.90965056316,2242028,54.2128372192383
2033,1315.30393195544,2500,1402.87386419455,2244528,36.3101119995117
2034,1530.04361625888,2500,1391.69068375142,2247028,59.9686431884766
2035,1612.98881610619,2500,1401.94213391306,2249528,61.8842391967773
2036,1346.46660640622,2500,1383.43232649446,2252028,46.8532638549805
2037,1534.94128532456,2500,1373.70229063321,2254528,52.9325103759766
2038,1232.86246732791,2500,1368.75224823938,2257028,30.1596240997314
2039,1516.31546912634,2500,1411.59047274549,2259528,58.5863914489746
2040,1496.5808188698,2500,1434.63359948824,2262028,44.8227195739746
2041,1626.99603402193,2500,1468.45807483197,2264528,46.9760704040527
2042,1116.11200945118,2500,1432.86110548484,2267028,29.7467575073242
2043,1473.36872912123,2500,1448.66758520142,2269528,63.3684883117676
2044,1208.095084554,2500,1416.47273203094,2272028,28.0874404907227
2045,1390.59985252578,2500,1394.23383567289,2274528,43.0697135925293
2046,1642.76742714365,2500,1423.86391774664,2277028,54.8724899291992
2047,1609.95613139952,2500,1431.36540235413,2279528,62.7070465087891
2048,1529.83263696515,2500,1461.06241931786,2282028,51.4499664306641
2049,1627.51662787227,2500,1472.18253519245,2284528,56.7153701782227
2050,1614.6329503524,2500,1483.98774834071,2287028,54.5499458312988
2051,1570.77849342816,2500,1478.36599428133,2289528,53.4908714294434
2052,1529.81080419728,2500,1519.73587375594,2292028,45.504810333252
2053,1316.45603331139,2500,1504.04460417496,2294528,30.254732131958
2054,1621.98278205897,2500,1545.43337392546,2297028,62.7433853149414
2055,1208.64400146207,2500,1527.23778881908,2299528,25.2585887908936
2056,1663.60814457064,2500,1529.32186056178,2302028,50.0257186889648
2057,1465.64220465139,2500,1514.89046788697,2304528,38.1574211120605
2058,1423.35518600366,2500,1504.24272279082,2307028,61.5290985107422
2059,1507.01247245814,2500,1492.19230724941,2309528,37.7544860839844
2060,1529.99536164613,2500,1483.72854837878,2312028,60.3036155700684
2061,1524.41527330741,2500,1479.09222636671,2314528,62.0004844665527
2062,1338.05188274697,2500,1459.91633422168,2317028,61.552547454834
2063,1502.6270418868,2500,1478.53343507922,2319528,62.0704612731934
2064,1630.03068534691,2500,1479.33822540801,2322028,63.8329544067383
2065,1500.71961157906,2500,1508.54578641971,2324528,63.8591651916504
2066,1436.07427474697,2500,1485.79239943734,2327028,51.6403121948242
2067,1534.49879456535,2500,1492.67805842874,2329528,58.2461090087891
2068,1634.22001855131,2500,1513.7645416835,2332028,54.8316764831543
2069,1347.37533431103,2500,1497.80082786879,2334528,46.8821411132812
2070,1451.88932290155,2500,1489.99022399433,2337028,64.3350601196289
2071,1430.9751013975,2500,1480.64620680334,2339528,50.1780128479004
2072,1333.40076777296,2500,1480.18109530594,2342028,48.5323791503906
2073,1437.84419513687,2500,1473.70281063095,2344528,57.7596549987793
2074,1431.82598322044,2500,1453.8823404183,2347028,38.3646583557129
2075,1455.38775173861,2500,1449.34915443426,2349528,55.2823715209961
2076,1318.77791831938,2500,1437.6195187915,2352028,31.3957748413086
2077,1334.44844877113,2500,1417.61448421208,2354528,34.6341857910156
2078,1396.44697160919,2500,1393.83717951787,2357028,43.406681060791
2079,1209.72993219252,2500,1380.07263930602,2359528,35.7223472595215
2080,1529.39314633671,2500,1387.82302164953,2362028,53.691333770752
2081,1559.14920965151,2500,1400.64043247493,2364528,57.347599029541
2082,1216.27949737665,2500,1388.9283054353,2367028,31.4281272888184
2083,1728.87267838684,2500,1418.0311537603,2369528,65.3350982666016
2084,1536.24942106008,2500,1428.47349754426,2372028,57.2248611450195
2085,1424.36730953118,2500,1425.37145332352,2374528,36.5171699523926
2086,1631.12650963043,2500,1456.60631245463,2377028,62.2191200256348
2087,1249.62386570276,2500,1448.12385414779,2379528,31.0841388702393
2088,1538.07104803693,2500,1462.28626179056,2382028,38.6906852722168
2089,1639.47167286616,2500,1505.26043585793,2384528,46.970645904541
2090,1580.33541603462,2500,1510.35466282772,2387028,46.3927192687988
2091,1316.80755194239,2500,1486.1204970568,2389528,37.2629432678223
2092,1729.15584668285,2500,1537.40813198742,2392028,65.9532470703125
2093,1636.99303695617,2500,1528.22016784436,2394528,62.78857421875
2094,1542.35284404921,2500,1528.83051014327,2397028,65.3046493530273
2095,1637.76586788982,2500,1550.17036597913,2399528,58.5511741638184
2096,1328.42779162092,2500,1519.90049417818,2402028,32.1498184204102
2097,1236.84619373625,2500,1518.62272698153,2404528,29.2245903015137
2098,1492.50691968185,2500,1514.06631414602,2407028,55.1850471496582
2099,1636.95268491444,2500,1513.81441535085,2409528,50.6206741333008
2100,1415.81694033689,2500,1497.36256778108,2412028,27.5857448577881
2101,1640.03312741313,2500,1529.68512532815,2414528,57.6237983703613
2102,1418.77233535662,2500,1498.64677419553,2417028,31.0912952423096
2103,1324.44796173593,2500,1467.3922666735,2419528,42.3748321533203
2104,1541.18000142556,2500,1467.27498241114,2422028,58.1609764099121
2105,1530.86048632213,2500,1456.58444425437,2424528,64.2383041381836
2106,1417.65383985704,2500,1465.50704907798,2427028,43.3396987915039
2107,1529.13555530564,2500,1494.73598523492,2429528,42.4367027282715
2108,1323.36034266823,2500,1477.82132753356,2432028,33.089542388916
2109,1433.60504430948,2500,1457.48656347306,2434528,26.0083961486816
2110,1427.43267351196,2500,1458.64813679057,2437028,32.0506820678711
2111,1535.09016913898,2500,1448.15384096316,2439528,45.4880867004395
2112,1333.07714891234,2500,1439.58432231873,2442028,51.1232376098633
2113,1422.96766143292,2500,1449.43629228843,2444528,54.2023849487305
2114,1407.25294155583,2500,1436.04358630145,2447028,25.0618133544922
2115,1433.75941803941,2500,1426.33347947318,2449528,66.5475921630859
2116,1433.12545250734,2500,1427.88064073821,2452028,29.8834114074707
2117,1623.92525780042,2500,1437.35961098769,2454528,60.2798347473145
2118,1538.36585685388,2500,1458.86016240626,2457028,63.9473342895508
2119,1408.98361448775,2500,1456.39801942408,2459528,41.2967567443848
2120,1493.2217879196,2500,1462.97693086485,2462028,39.0450096130371
2121,1478.52313404398,2500,1457.32022735535,2464528,50.0763092041016
2122,1504.94299739845,2500,1474.50681220396,2467028,40.8076095581055
2123,1412.08993696742,2500,1473.41903975741,2469528,34.4013977050781
2124,1440.95883254595,2500,1476.78962885642,2472028,60.6406326293945
2125,1333.59343669977,2500,1466.77303072246,2474528,45.6883926391602
2126,1531.43795149661,2500,1476.60428062138,2477028,51.9831199645996
2127,1631.60158168296,2500,1477.37191300964,2479528,53.0975227355957
2128,1639.1757751273,2500,1487.45290483698,2482028,55.7304916381836
2129,1451.79968435589,2500,1491.73451182379,2484528,48.6776390075684
2130,1581.10560597231,2500,1500.52289362906,2487028,63.3645172119141
2131,1619.79054760941,2500,1514.64963498561,2489528,64.8140182495117
2132,1417.22535254662,2500,1505.87787050042,2492028,32.6095886230469
2133,1548.14276112616,2500,1519.4831529163,2494528,40.2817802429199
2134,1495.32249810451,2500,1524.91951947215,2497028,61.5475273132324
2135,1511.40172195515,2500,1542.70034799769,2499528,36.2460517883301
2136,1536.10666254757,2500,1543.16721910279,2502028,57.1077270507812
2137,1459.11216237785,2500,1525.91827717228,2504528,48.5826263427734
2138,1538.38501007583,2500,1515.83920066713,2507028,43.504711151123
2139,1631.6802646884,2500,1533.82725870038,2509528,62.6691017150879
2140,1633.29401958276,2500,1539.04610006143,2512028,60.6232070922852
2141,1437.71496120089,2500,1520.83854142057,2514528,37.4713859558105
2142,1643.38497421943,2500,1543.45450358785,2517028,66.8528747558594
2143,1538.22662334556,2500,1542.46288980979,2519528,54.9375152587891
2144,1325.89408048445,2500,1525.52004804779,2522028,25.9735450744629
2145,1531.56339397896,2500,1527.53621525017,2524528,65.5900955200195
2146,1528.45322010897,2500,1526.77087100631,2527028,34.956657409668
2147,1646.64068038616,2500,1545.52372280714,2529528,46.8091430664062
2148,1532.32453823972,2500,1544.91767562353,2532028,32.3756332397461
2149,1628.51986450126,2500,1544.60163560481,2534528,35.0919952392578
2150,1211.08253831423,2500,1502.38048747796,2537028,25.6231956481934
2151,1535.30060557842,2500,1512.13905191572,2539528,58.579345703125
2152,1420.65763578953,2500,1489.86631807273,2542028,33.594970703125
2153,1431.75470993564,2500,1479.21912673173,2544528,31.8914680480957
2154,1215.67945223701,2500,1468.19766390699,2547028,28.46657371521
2155,1526.21642335136,2500,1467.66296684423,2549528,60.5517730712891
2156,1386.43139409858,2500,1453.46078424319,2552028,42.3216247558594
2157,1526.47432306159,2500,1441.44414851074,2554528,61.0471801757812
2158,1407.19019552294,2500,1428.93071423906,2557028,62.7606391906738
2159,1624.59387172993,2500,1428.53811496192,2559528,53.4571380615234
2160,1685.39487530147,2500,1475.96934866065,2562028,55.069995880127
2161,1528.65102860937,2500,1475.30439096374,2564528,46.2277908325195
2162,1526.01541274896,2500,1485.84016865969,2567028,44.0594711303711
2163,1469.02236223527,2500,1489.56693388965,2569528,35.2830238342285
2164,1625.4157990361,2500,1530.54056856956,2572028,64.4281616210938
2165,1514.96336632687,2500,1529.41526286711,2574528,44.1805191040039
2166,1526.50982376807,2500,1543.42310583406,2577028,60.5661811828613
2167,1519.32119781909,2500,1542.70779330981,2579528,52.5308494567871
2168,1427.81624419511,2500,1544.77039817702,2582028,37.609790802002
2169,1627.57444515175,2500,1545.06845551921,2584528,65.241081237793
2170,1579.36203484046,2500,1534.46517147311,2587028,44.2810134887695
2171,1536.45141287393,2500,1535.24520989956,2589528,67.1410903930664
2172,1405.9511182576,2500,1523.23878045042,2592028,40.2596664428711
2173,1379.1475425462,2500,1514.25129848152,2594528,65.6196060180664
2174,1435.63827536112,2500,1495.27354611402,2597028,40.29833984375
2175,1319.17326913385,2500,1475.69453639472,2599528,69.9406433105469
2176,1380.50825981764,2500,1461.09437999968,2602028,29.0176696777344
2177,1375.51407647683,2500,1446.71366786545,2604528,51.2485542297363
2178,1367.304530765,2500,1440.66249652244,2607028,60.8667640686035
2179,1323.72396552315,2500,1410.27744855958,2609528,45.7959747314453
2180,1412.40444911339,2500,1393.58168998687,2612028,41.4995651245117
2181,1234.00705202162,2500,1363.33725390164,2614528,41.5909194946289
2182,1500.65907613868,2500,1372.80804968975,2617028,64.0761566162109
2183,1503.14195523242,2500,1385.20749095837,2619528,30.4157733917236
2184,1334.30666288114,2500,1375.07432971037,2622028,35.605899810791
2185,1415.56204545415,2500,1384.7132073424,2624528,60.599609375
2186,1413.14202748216,2500,1387.97658410885,2627028,35.5122947692871
2187,1428.86388460333,2500,1393.3115649215,2629528,50.3534202575684
2188,1389.80008463007,2500,1395.56112030801,2632028,45.4898796081543
2189,1444.6690174211,2500,1407.65562549781,2634528,46.5202789306641
2190,1440.17510573563,2500,1410.43269116003,2637028,65.1281661987305
2191,1540.80501540749,2500,1441.11248749862,2639528,49.137866973877
2192,1509.10958053935,2500,1441.95753793868,2642028,48.2920303344727
2193,1551.1585385944,2500,1446.75919627488,2644528,65.7237167358398
2194,1635.96392806084,2500,1476.92492279285,2647028,68.2109680175781
2195,1445.84609327141,2500,1479.95332757458,2649528,39.272762298584
2196,1436.31859254501,2500,1482.27098408086,2652028,39.8561248779297
2197,1398.81852426782,2500,1479.26644804731,2654528,28.4697189331055
2198,1535.96683282659,2500,1493.88312286696,2657028,44.5222587585449
2199,1449.12396353039,2500,1494.32861747789,2659528,59.3080978393555
2200,1445.78491512655,2500,1494.88959841698,2662028,52.6980285644531
2201,1513.90104318447,2500,1492.19920119468,2664528,60.4721488952637
2202,1427.01396407462,2500,1483.98963954821,2667028,39.1094055175781
2203,1205.66739409312,2500,1449.44052509808,2669528,22.5408191680908
2204,1444.82387729819,2500,1430.32652002182,2672028,34.527660369873
2205,1434.36942538362,2500,1429.17885323304,2674528,25.310619354248
2206,1447.08862568155,2500,1430.25585654669,2677028,43.724796295166
2207,1460.96283524711,2500,1436.47028764462,2679528,68.5696868896484
2208,1443.93830603589,2500,1427.26743496555,2682028,33.0915107727051
2209,1528.42738714679,2500,1435.19777732719,2684528,68.5451431274414
2210,1434.52834034794,2500,1434.07211984933,2687028,32.554801940918
2211,1425.87622092328,2500,1425.26963762321,2689528,28.3473873138428
2212,1339.89960809151,2500,1416.5582020249,2692028,31.2656116485596
2213,1456.39689252448,2500,1441.63115186803,2694528,60.0826950073242
2214,1401.24664542194,2500,1437.27342868041,2697028,27.3314304351807
2215,1343.08732064772,2500,1428.14521820682,2699528,34.5156478881836
2216,1457.74430768809,2500,1429.21078640747,2702028,32.4939498901367
2217,1347.87802735261,2500,1417.90230561802,2704528,45.8036117553711
2218,1477.78138276368,2500,1421.2866132908,2707028,47.3716430664062
2219,1543.70987236712,2500,1422.81486181284,2709528,66.4771728515625
2220,1544.14869722132,2500,1433.77689750018,2712028,45.9415092468262
2221,1423.69371145577,2500,1433.55864655342,2714528,46.2169532775879
2222,1550.66279627011,2500,1454.63496537128,2717028,45.6770210266113
2223,1445.2042135518,2500,1453.51569747402,2719528,38.0303802490234
2224,1457.75566129122,2500,1459.16659906094,2722028,38.0727653503418
2225,1558.7860024943,2500,1480.7364672456,2724528,40.2460250854492
2226,1640.86783427869,2500,1499.04881990466,2727028,65.0319061279297
2227,1445.99050307347,2500,1508.86006747675,2729528,35.4310264587402
2228,1445.94487665687,2500,1505.67641686607,2732028,47.2248382568359
2229,1504.79212743322,2500,1501.78464237268,2734528,64.3464126586914
2230,1461.28963615699,2500,1493.49873626624,2737028,34.2804870605469
2231,1541.24542119896,2500,1505.25390724056,2739528,64.5463180541992
2232,1448.19881746554,2500,1495.00750936011,2742028,31.30930519104
2233,1440.49156200329,2500,1494.53624420526,2744528,64.7483825683594
2234,1651.03555863068,2500,1513.8642339392,2747028,65.1712799072266
2235,1652.0843112519,2500,1523.19406481496,2749528,49.0492095947266
2236,1615.08756864601,2500,1520.61603825169,2752028,67.0165100097656
2237,1448.13140919214,2500,1520.83012886356,2754528,45.3469886779785
2238,1645.29158572559,2500,1540.76479977043,2757028,66.3811264038086
2239,1521.00553885476,2500,1542.38614091259,2759528,68.6905822753906
2240,1581.98492618449,2500,1554.45566991534,2762028,63.6459655761719
2241,1216.08271526807,2500,1521.93939932225,2764528,27.1240158081055
2242,1339.29977753974,2500,1511.04949532967,2767028,31.6107730865479
2243,1469.74773716172,2500,1513.97511284551,2769528,47.455249786377
2244,1364.67354805078,2500,1485.33891178752,2772028,28.6784782409668
2245,1448.98606763426,2500,1465.02908742576,2774528,56.7199783325195
2246,1344.47395368901,2500,1437.96772593006,2777028,32.0605735778809
2247,1422.66755157498,2500,1435.42134016834,2779528,28.5656814575195
2248,1541.82066705831,2500,1425.07424830161,2782028,27.9399871826172
2249,1541.70458974065,2500,1427.1441533902,2784528,34.4718360900879
2250,1544.24002113109,2500,1423.36966288486,2787028,53.9762916564941
2251,1546.39776095225,2500,1456.40116745328,2789528,39.7844543457031
2252,1462.80529177483,2500,1468.75171887679,2792028,53.5370635986328
2253,1548.97580849646,2500,1476.67452601026,2794528,42.0573272705078
2254,1537.28369146898,2500,1493.93554035208,2797028,43.0872611999512
2255,1553.79422455862,2500,1504.41635604452,2799528,69.1702880859375
2256,1541.65984043924,2500,1524.13494471954,2802028,47.5295524597168
2257,1459.93858486283,2500,1527.86204804833,2804528,36.5349464416504
2258,1544.87682972772,2500,1528.16766431527,2807028,45.4700355529785
2259,1445.21390824234,2500,1518.51859616544,2809528,57.3720932006836
2260,1439.05483517998,2500,1508.00007757032,2812028,54.0747108459473
2261,1552.16588440969,2500,1508.57688991607,2814528,56.8668594360352
2262,1456.52751096774,2500,1507.94911183536,2817028,39.6477584838867
2263,1456.67992049592,2500,1498.71952303531,2819528,22.8274211883545
2264,1461.09874787765,2500,1491.10102867617,2822028,30.778636932373
2265,1353.80697924549,2500,1471.10230414486,2824528,28.58860206604
2266,1647.41885713731,2500,1481.67820581467,2827028,62.3637390136719
2267,1554.20190362207,2500,1491.10453769059,2829528,58.7978363037109
2268,1541.0334113083,2500,1490.72019584865,2832028,55.0697441101074
2269,1525.07557352249,2500,1498.70636237666,2834528,58.7328910827637
2270,1450.0278537394,2500,1499.80366423261,2837028,27.592134475708
2271,1643.58775571944,2500,1508.94585136358,2839528,69.5741882324219
2272,1552.26949075129,2500,1518.52004934194,2842028,60.3822784423828
2273,1444.47195594662,2500,1517.29925288701,2844528,42.9633674621582
2274,1550.1212814276,2500,1526.201506242,2847028,47.4624671936035
2275,1541.10160792332,2500,1544.93096910978,2849528,38.9525337219238
2276,1548.64242642898,2500,1535.05332603895,2852028,41.353687286377
2277,1547.76765075951,2500,1534.4099007527,2854528,38.7332801818848
2278,1548.48709119088,2500,1535.15526874095,2857028,50.7325477600098
2279,1557.47625324427,2500,1538.39533671313,2859528,42.855640411377
2280,1548.03966592885,2500,1548.19651793208,2862028,39.9071235656738
2281,1644.0363773577,2500,1548.2413800959,2864528,41.8713226318359
2282,1502.38891078201,2500,1543.25332209897,2867028,39.7755851745605
2283,1547.12544517652,2500,1553.51867102196,2869528,46.8906097412109
2284,1430.51868476532,2500,1541.55841135574,2872028,42.8760833740234
2285,1645.32566408084,2500,1551.98081697149,2874528,43.7337951660156
2286,1445.74401275663,2500,1541.69097560425,2877028,27.8576126098633
2287,1458.06253114578,2500,1532.72046364288,2879528,43.5726699829102
2288,1444.06873291822,2500,1522.27862781561,2882028,37.8518104553223
2289,1561.41598081887,2500,1522.67260057307,2884528,52.2764892578125
2290,1581.18657292977,2500,1525.98729127317,2887028,56.7472953796387
2291,1496.71477209159,2500,1511.25513074656,2889528,38.7716331481934
2292,1628.79901828804,2500,1523.89614149716,2892028,53.111888885498
2293,1651.59528949143,2500,1534.34312592865,2894528,70.5177154541016
2294,1552.02490316779,2500,1546.4937477689,2897028,70.7009811401367
2295,1543.45029268215,2500,1536.30621062903,2899528,63.2947616577148
2296,1605.84361474214,2500,1552.31617082758,2902028,69.9855804443359
2297,1541.86330172476,2500,1560.69624788548,2904528,48.955867767334
2298,1439.90396672199,2500,1560.27977126585,2907028,31.0908145904541
2299,1558.36376078505,2500,1559.97454926247,2909528,64.6752700805664
2300,1448.02450842664,2500,1546.65834281216,2912028,24.8446483612061
2301,1552.07279084655,2500,1552.19414468765,2914528,46.764232635498
2302,1440.39802683626,2500,1533.35404554248,2917028,53.9726409912109
2303,1433.86724217174,2500,1511.58124081051,2919528,31.7396087646484
2304,1315.42500247337,2500,1487.92125074106,2922028,49.2035942077637
2305,1286.43185281529,2500,1462.21940675438,2924528,31.1334667205811
2306,1501.7372509995,2500,1451.80877038012,2927028,48.8386688232422
2307,1331.46917014829,2500,1430.76935722247,2929528,40.6071166992188
2308,1428.51166608536,2500,1429.6301271588,2932028,29.87477684021
2309,1493.52413830604,2500,1423.1461649109,2934528,45.3334426879883
2310,1457.7846989085,2500,1424.12218395909,2937028,42.0096740722656
2311,1511.64789381326,2500,1420.07969425576,2939528,50.9916801452637
2312,1440.61811444657,2500,1420.10170301679,2942028,44.5392684936523
2313,1551.91961872132,2500,1431.90694067175,2944528,36.0074653625488
2314,1426.34636860815,2500,1442.99907728523,2947028,47.8382225036621
2315,1580.73070149717,2500,1472.42896215342,2949528,44.5024681091309
2316,1541.81762985889,2500,1476.43700003936,2952028,43.6967086791992
2317,1442.24528013442,2500,1487.51461103797,2954528,32.4777679443359
2318,1652.10875498909,2500,1509.87431992834,2957028,54.2235412597656
2319,1512.81994550015,2500,1511.80390064775,2959528,66.0974807739258
2320,1542.58122568355,2500,1520.28355332526,2962028,61.1706314086914
2321,1539.65120294034,2500,1523.08388423797,2964528,61.3567428588867
2322,1426.64326249209,2500,1521.68639904252,2967028,41.258186340332
2323,1543.53158641624,2500,1520.84759581201,2969528,55.5696067810059
2324,1534.18159866522,2500,1531.63111881772,2972028,62.3837776184082
2325,1453.53982579545,2500,1518.91203124754,2974528,33.3182601928711
2326,1413.9187870516,2500,1506.12214696681,2977028,27.7772750854492
2327,1464.48973172819,2500,1508.34659212619,2979528,35.0502090454102
2328,1459.82939576196,2500,1489.11865620348,2982028,69.0234146118164
2329,1439.9870180968,2500,1481.83536346314,2984528,27.2674541473389
2330,1336.97164254113,2500,1461.2744051489,2987028,31.7090148925781
2331,1429.33226854541,2500,1450.24251170941,2989528,32.1678466796875
2332,1456.03087323826,2500,1453.18127278402,2992028,39.2616958618164
2333,1350.42977123553,2500,1433.87109126595,2994528,34.1357727050781
2334,1533.47926493224,2500,1433.80085789266,2997028,42.0032348632812
2335,1551.82953987173,2500,1443.62982930028,2999528,30.1532421112061
2336,1652.58458915807,2500,1467.49640951093,3002028,57.436637878418
2337,1419.93346480286,2500,1463.0407828184,3004528,40.8105888366699
2338,1442.04766253522,2500,1461.26260949572,3007028,50.7674713134766
2339,1533.32123517528,2500,1470.59603120357,3009528,53.0129013061523
2340,1436.01431136831,2500,1480.50029808629,3012028,46.0167045593262
2341,1407.08178794771,2500,1478.27525002652,3014528,39.8144035339355
2342,1546.81544296003,2500,1487.3537069987,3017028,39.9684562683105
2343,1545.55959902621,2500,1506.86668977777,3019528,29.532772064209
2344,1549.14855570446,2500,1508.43361885499,3022028,41.3682975769043
2345,1550.07478579392,2500,1508.25814344721,3024528,43.6940765380859
2346,1547.45530037491,2500,1497.74521456889,3027028,68.1393585205078
2347,1558.83243047648,2500,1511.63511113625,3029528,70.5840682983398
2348,1458.41163770985,2500,1513.27150865372,3032028,40.5085220336914
2349,1420.39966462985,2500,1501.97935159917,3034528,31.8362865447998
2350,1544.13238637591,2500,1512.79115909993,3037028,57.5949211120605
2351,1543.71846444428,2500,1526.45482674959,3039528,25.837366104126
2352,1552.92398282276,2500,1527.06568073586,3042028,43.0209732055664
2353,1447.66467033495,2500,1517.27618786674,3044528,46.9331359863281
2354,1450.25095597151,2500,1507.38642789344,3047028,50.746654510498
2355,1542.06584966806,2500,1506.58553428086,3049528,62.6225242614746
2356,1559.67999705463,2500,1507.80800394883,3052028,69.6156005859375
2357,1439.18984658789,2500,1495.84374555997,3054528,40.7080383300781
2358,1552.89569979475,2500,1505.29215176846,3057028,36.8648643493652
2359,1442.24346128876,2500,1507.47653143435,3059528,34.3565826416016
2360,1640.61855405406,2500,1517.12514820216,3062028,65.0108261108398
2361,1440.74256985854,2500,1506.82755874359,3064528,31.6131935119629
2362,1451.93522486564,2500,1496.72868294788,3067028,36.2103614807129
2363,1553.00529678101,2500,1507.26274559248,3069528,42.0450057983398
2364,1354.24932319017,2500,1497.66258231435,3072028,57.4853820800781
2365,1588.19052917001,2500,1502.27505026455,3074528,42.0978164672852
2366,1542.88889884071,2500,1500.59594044315,3077028,37.3127975463867
2367,1462.63055800335,2500,1502.9400115847,3079528,69.3468017578125
2368,1505.79238527322,2500,1498.22968013255,3082028,38.4602699279785
2369,1410.00592779606,2500,1495.00592678328,3084528,38.8835792541504
2370,1551.42715138377,2500,1486.08678651625,3087028,56.1330947875977
2371,1646.81059708269,2500,1506.69358923866,3089528,49.9145355224609
2372,1547.14372869126,2500,1516.21443962122,3092028,56.5220489501953
2373,1336.26072289103,2500,1494.53998223223,3094528,30.9193820953369
2374,1495.9087272289,2500,1508.7059226361,3097028,38.5597991943359
2375,1619.40245576468,2500,1511.82711529557,3099528,48.1450614929199
2376,1443.25644004302,2500,1501.8638694158,3102028,72.0674209594727
2377,1542.16262270549,2500,1509.81707588601,3104528,33.2323417663574
2378,1548.15837865447,2500,1514.05367522414,3107028,40.936653137207
2379,1518.27860655078,2500,1524.88094309961,3109528,42.4610137939453
2380,1551.35644519002,2500,1524.87387248023,3112028,37.3071250915527
2381,1474.98865387208,2500,1507.69167815917,3114528,40.8501510620117
2382,1756.45896250976,2500,1528.62320154102,3117028,55.7390213012695
2383,1596.46703245243,2500,1554.64383249716,3119528,67.3869400024414
2384,1507.47574016409,2500,1555.80053379068,3122028,70.9487380981445
2385,1468.37901670042,2500,1540.69818988426,3124528,24.1624946594238
2386,1443.91350486434,2500,1540.76389636639,3127028,44.9876976013184
2387,1467.16324382959,2500,1533.2639584788,3129528,46.3632850646973
2388,1467.70678777484,2500,1525.21879939084,3132028,48.213005065918
2389,1435.01700612923,2500,1516.89263934868,3134528,67.8830261230469
2390,1551.26944684917,2500,1516.8839395146,3137028,35.8735275268555
2391,1544.7855533948,2500,1523.86362946687,3139528,48.5479431152344
2392,1540.6594962276,2500,1502.28368283865,3142028,27.8549823760986
2393,1445.90219271188,2500,1487.2271988646,3144528,57.4111328125
2394,1495.73786044978,2500,1486.05341089317,3147028,68.106201171875
2395,1646.99792099057,2500,1503.91530132218,3149528,46.1951713562012
2396,1547.1503130461,2500,1514.23898214036,3152028,37.6928596496582
2397,1544.81456743942,2500,1522.00411450134,3154528,67.7884140014648
2398,1550.49599167297,2500,1530.28303489115,3157028,66.6835174560547
2399,1531.8685436328,2500,1539.96818864151,3159528,62.7737312316895
2400,1623.47488136801,2500,1547.18873209339,3162028,67.6386566162109
2401,1406.08097287772,2500,1533.31827404168,3164528,36.1763114929199
2402,1545.12908679159,2500,1533.76523309808,3167028,72.0603637695312
2403,1440.88262549965,2500,1533.26327637686,3169528,47.3189964294434
2404,1652.2832796141,2500,1548.91781829329,3172028,65.8789978027344
2405,1524.76751870306,2500,1536.69477806454,3174528,38.78759765625
2406,1535.47590777123,2500,1535.52733753705,3177028,66.3362197875977
2407,1538.3886822176,2500,1534.88474901487,3179528,44.7404022216797
2408,1429.81545129755,2500,1522.81669497733,3182028,29.056884765625
2409,1645.95096152522,2500,1534.22493676657,3184528,59.9017105102539
2410,1544.72722064477,2500,1526.35017069425,3187028,70.3157501220703
2411,1549.87588942711,2500,1540.72966234919,3189528,72.212532043457
2412,1532.6842172681,2500,1539.48517539684,3192028,35.7132873535156
2413,1653.7460034273,2500,1560.7715131896,3194528,72.8424377441406
2414,1598.83880602656,2500,1555.42706583085,3197028,66.5265655517578
2415,1546.19790874008,2500,1557.57010483455,3199528,36.7925491333008
2416,1546.49746594009,2500,1558.67226065144,3202028,31.146900177002
2417,1656.69385248491,2500,1570.50277767817,3204528,56.0075569152832
2418,1575.85561620403,2500,1585.10679416882,3207028,55.7669067382812
2419,1446.60504640704,2500,1565.172202657,3209528,67.6428680419922
2420,1547.40360152823,2500,1565.43984074534,3212028,72.2884140014648
2421,1534.22160812436,2500,1563.87441261507,3214528,48.9153289794922
2422,1549.91549462727,2500,1565.59754035099,3217028,35.3784370422363
2423,1517.62834711666,2500,1551.98577471992,3219528,56.1846694946289
2424,1546.80217261772,2500,1546.78211137904,3222028,27.5625743865967
2425,1471.32470694545,2500,1539.29479119958,3224528,40.2018699645996
2426,1650.02715863816,2500,1549.64776046938,3227028,72.7406692504883
2427,1538.37135611683,2500,1537.81551083258,3229528,44.6200637817383
2428,1546.76482071539,2500,1534.90643128371,3232028,33.9056587219238
2429,1349.12201904029,2500,1525.15812854704,3234528,38.3066711425781
2430,1547.93757025692,2500,1525.21152541991,3237028,31.2274398803711
2431,1445.13696682942,2500,1516.30306129041,3239528,49.6371459960938
2432,1645.23860888404,2500,1525.83537271609,3242028,53.1462287902832
2433,1543.59549371413,2500,1528.43208737584,3244528,33.8838806152344
2434,1532.87509903389,2500,1527.03938001745,3247028,39.6531372070312
2435,1350.98050272769,2500,1515.00495959568,3249528,36.8817596435547
2436,1548.67310710381,2500,1504.86955444224,3252028,51.558708190918
2437,1529.95744793058,2500,1504.02816362362,3254528,46.4173126220703
2438,1541.12716157043,2500,1503.46439770912,3257028,37.3488578796387
2439,1451.20060971594,2500,1513.67225677669,3259528,53.4856147766113
2440,1529.91140456456,2500,1511.86964020745,3262028,32.9711799621582
2441,1429.07755622877,2500,1510.26369914738,3264528,57.7846870422363
2442,1446.74109451698,2500,1490.41394771068,3267028,54.6971588134766
2443,1426.00591839149,2500,1478.65499017841,3269528,40.2970542907715
2444,1538.83195336428,2500,1479.25067561145,3272028,36.1922225952148
2445,1439.79784372196,2500,1488.13240971088,3274528,39.7672004699707
2446,1647.32242216781,2500,1497.99734121728,3277028,51.3411750793457
2447,1520.83225850978,2500,1497.0848222752,3279528,38.4792518615723
2448,1414.85409433035,2500,1484.45751555119,3282028,56.2980270385742
2449,1625.72067244993,2500,1501.90952182459,3284528,35.4242172241211
2450,1438.28817914422,2500,1492.74719928256,3287028,55.4006080627441
2451,1529.51886480876,2500,1502.79133014056,3289528,43.4457550048828
2452,1343.95579734644,2500,1492.5128004235,3292028,50.1161231994629
2453,1469.48892253029,2500,1496.86110083738,3294528,60.9235343933105
2454,1209.93813177212,2500,1463.97171867817,3297028,54.9468955993652
2455,1536.71555389908,2500,1473.66348969588,3299528,72.5457305908203
2456,1422.24396474022,2500,1451.15564395312,3302028,38.2982368469238
2457,1538.97899763052,2500,1452.97031786519,3304528,34.9744148254395
2458,1213.40942579196,2500,1432.82585101135,3307028,37.0082893371582
2459,1322.56549055937,2500,1402.5103328223,3309528,35.5013771057129
2460,1427.79318346999,2500,1401.46083325488,3312028,38.0263252258301
2461,1495.90946584075,2500,1398.09989335807,3314528,62.1271095275879
2462,1322.23815505319,2500,1395.92812912875,3317028,42.5965728759766
2463,1486.15906071728,2500,1397.59514294745,3319528,65.7477798461914
2464,1320.06257713168,2500,1408.6075874834,3322028,37.8752250671387
2465,1328.23206216413,2500,1387.75923830991,3324528,32.0438652038574
2466,1320.37073569172,2500,1377.57191540506,3327028,51.6691741943359
2467,1302.43745610867,2500,1353.91776125287,3329528,32.1299667358398
2468,1426.12056246601,2500,1375.18887492028,3332028,49.2510185241699
2469,1538.66542383312,2500,1396.79886824765,3334528,35.7063179016113
2470,1603.04521711397,2500,1414.32407161205,3337028,61.9132423400879
2471,1319.86083045597,2500,1396.71920807357,3339528,59.4663200378418
2472,1538.70128845055,2500,1418.36552141331,3342028,36.9511871337891
2473,1217.65534781326,2500,1391.51515012291,3344528,60.5009956359863
2474,1518.72779616929,2500,1411.38167202667,3347028,62.8101043701172
2475,1427.04017276713,2500,1421.26248308697,3349528,38.2507057189941
2476,1352.16223601476,2500,1424.44163311927,3352028,49.0740280151367
2477,1344.13929367782,2500,1428.61181687619,3354528,31.5833053588867
2478,1629.87472986006,2500,1448.98723361559,3357028,69.4577178955078
2479,1399.09708030373,2500,1435.03039926265,3359528,58.025463104248
2480,1523.78166309542,2500,1427.1040438608,3362028,74.3363189697266
2481,1290.06180468765,2500,1424.12414128397,3364528,66.5428161621094
2482,1305.82768350848,2500,1400.83678078976,3367028,42.3831596374512
2483,1460.68341783301,2500,1425.13958779174,3369528,62.997730255127
2484,1400.2422099292,2500,1413.29102916773,3372028,33.5894966125488
2485,1621.17832446573,2500,1432.70484433759,3374528,30.8145389556885
2486,1302.79782768626,2500,1427.76840350474,3377028,37.8163642883301
2487,1380.82678910022,2500,1431.43715304698,3379528,36.8340187072754
2488,1304.80691788115,2500,1398.93037184909,3382028,71.9764633178711
2489,1412.65663002232,2500,1400.28632682094,3384528,59.243221282959
2490,1609.36545602415,2500,1408.84470611382,3387028,63.5918884277344
2491,1529.49301618057,2500,1432.78782726311,3389528,54.8393783569336
2492,1319.00080382121,2500,1434.10513929438,3392028,37.9252777099609
2493,1528.45048181048,2500,1440.88184569213,3394528,65.2605514526367
2494,1520.31300143392,2500,1452.8889248426,3397028,61.5898056030273
2495,1620.6649342629,2500,1452.83758582232,3399528,60.8060493469238
2496,1396.77235269678,2500,1462.23503832337,3402028,34.052360534668
2497,1729.65764770113,2500,1497.11812418346,3404528,63.8562316894531
2498,1428.48627442599,2500,1509.48605983794,3407028,53.8837814331055
2499,1529.67319200701,2500,1521.18771603641,3409528,69.8605499267578
2500,1417.12454029595,2500,1501.96362446359,3412028,60.2022743225098
2501,1396.62078492645,2500,1488.67640133818,3414528,68.9933547973633
2502,1535.21030851254,2500,1510.29735180731,3417028,47.6933059692383
2503,1412.65405726094,2500,1498.71770935236,3419528,52.5480079650879
2504,1416.70678184546,2500,1488.35708739351,3422028,30.6052284240723
2505,1519.98592520218,2500,1478.28918648744,3424528,68.3053131103516
2506,1366.25493196828,2500,1475.23744441459,3427028,44.4034385681152
2507,1518.45417647794,2500,1454.11709729227,3429528,60.7499618530273
2508,1417.96979079289,2500,1453.06544892896,3432028,44.4994430541992
2509,1462.59618830837,2500,1446.3577485591,3434528,74.7624893188477
2510,1431.4982707579,2500,1447.7951216053,3437028,43.2055168151855
2511,1536.60344737023,2500,1461.79338784967,3439528,70.5247650146484
2512,1328.16652403439,2500,1441.08900940186,3442028,32.1208610534668
2513,1324.69750537743,2500,1432.29335421351,3444528,40.643627166748
2514,1550.4823453319,2500,1445.67091056215,3447028,53.6811256408691
2515,1527.20220050759,2500,1446.39253809269,3449528,37.280460357666
2516,1608.38960168848,2500,1470.60600506471,3452028,48.8954582214355
2517,1325.60984308205,2500,1451.32157172513,3454528,60.2138366699219
2518,1611.93477143431,2500,1470.71806978927,3457028,62.0899047851562
2519,1320.3762297122,2500,1456.49607392965,3459528,40.1835441589355
2520,1628.66275748336,2500,1476.2125226022,3462028,35.7463302612305
2521,1300.96252829763,2500,1452.64843069494,3464528,35.1523513793945
2522,1322.47804598642,2500,1452.07958289014,3467028,34.358024597168
2523,1454.37028220019,2500,1465.04686057241,3469528,37.9607429504395
2524,1412.00214881333,2500,1451.19884092056,3472028,34.9758148193359
2525,1306.18177623114,2500,1429.09679849291,3474528,36.6745643615723
2526,1385.77542483779,2500,1406.83538080784,3477028,42.5605430603027
2527,1309.65253505749,2500,1405.23965000539,3479528,57.1719589233398
2528,1311.31641063386,2500,1375.17781392534,3482028,61.4368324279785
2529,1308.7110662636,2500,1374.01129758048,3484528,31.8019008636475
2530,1362.71236783741,2500,1347.41625861589,3487028,67.9124755859375
2531,1450.74548641865,2500,1362.39455442799,3489528,39.2985534667969
2532,1299.41634672335,2500,1360.08838450168,3492028,47.499195098877
2533,1310.65969329654,2500,1345.71732561132,3494528,57.4340171813965
2534,1503.07660627346,2500,1354.82477135733,3497028,32.9456367492676
2535,1517.13946166695,2500,1375.92053990091,3499528,67.0214385986328
2536,1408.32356844249,2500,1378.17535426138,3502028,72.4506225585938
2537,1488.89413737635,2500,1396.09951449327,3504528,44.0917167663574
2538,1503.29093376438,2500,1415.29696680632,3507028,66.8897247314453
2539,1373.48620192348,2500,1421.77448037231,3509528,58.8001441955566
2540,1233.11558719887,2500,1408.81480230845,3512028,33.8738479614258
2541,1431.12491414782,2500,1406.85274508137,3514528,65.8723983764648
2542,1301.96243986703,2500,1407.10735439574,3517028,64.9378662109375
2543,1300.34900821589,2500,1406.07628588767,3519528,54.267707824707
2544,1247.83316604334,2500,1380.55194186466,3522028,33.8863868713379
2545,1291.72024931346,2500,1358.01002062931,3524528,47.0336494445801
2546,1490.48889317958,2500,1366.22655310302,3527028,54.3112297058105
2547,1234.76601168674,2500,1340.81374053406,3529528,34.925666809082
2548,1408.77575886726,2500,1331.36222304435,3532028,54.0230712890625
2549,1310.03667805437,2500,1325.01727065744,3534528,37.6040573120117
2550,1289.77207227243,2500,1330.68291916479,3537028,51.1012649536133
2551,1305.40917589518,2500,1318.11134533953,3539528,35.5264930725098
2552,1496.32666035543,2500,1337.54776738837,3542028,68.6857452392578
2553,1282.66910889162,2500,1335.77977745594,3544528,31.2059841156006
2554,1303.85899110274,2500,1341.38235996188,3547028,53.6676483154297
2555,1302.33029973849,2500,1342.44336500438,3549528,64.2440719604492
2556,1299.93089546236,2500,1323.38756523266,3552028,29.683406829834
2557,1313.36115772235,2500,1331.24707983622,3554528,74.538948059082
2558,1307.12041093721,2500,1321.08154504322,3557028,45.8548164367676
2559,1408.0985865159,2500,1330.88773588937,3559528,42.0916481018066
2560,1407.22161773403,2500,1342.63269043553,3562028,44.6465148925781
2561,1306.44523007811,2500,1342.73629585382,3564528,39.2208595275879
2562,1328.1961536903,2500,1325.92324518731,3567028,35.5458946228027
2563,1303.24727957604,2500,1327.98106225575,3569528,44.940559387207
2564,1487.13213920832,2500,1346.30837706631,3572028,65.8892288208008
2565,1219.72307481821,2500,1338.04765457428,3574528,36.4904556274414
2566,1304.44791499998,2500,1338.49935652804,3577028,47.0193138122559
2567,1318.30139863193,2500,1338.993380619,3579528,34.2185707092285
2568,1271.01983640565,2500,1335.38332316585,3582028,45.225284576416
2569,1393.83913217233,2500,1333.95737773149,3584528,38.8234367370605
2570,1303.75452475232,2500,1323.61066843332,3587028,46.9338684082031
2571,1303.59689296466,2500,1323.32583472197,3589528,29.22922706604
2572,1263.10915785502,2500,1316.81713513845,3592028,40.1689987182617
2573,1292.92762819677,2500,1315.78517000052,3594528,38.5223922729492
2574,1299.51198965345,2500,1297.02315504503,3597028,37.4102630615234
2575,1303.78954007948,2500,1305.42980157116,3599528,61.8139114379883
2576,1217.34629213837,2500,1296.719639285,3602028,36.7054290771484
2577,1456.5821590881,2500,1310.54771533062,3604528,47.9214210510254
2578,1376.37031214125,2500,1321.08276290417,3607028,68.3521575927734
2579,1453.84808501364,2500,1327.08365818831,3609528,72.2566604614258
2580,1290.7137156369,2500,1325.77957727676,3612028,57.3069000244141
2581,1367.61123705899,2500,1332.1810116862,3614528,61.4576301574707
2582,1208.04095783614,2500,1326.67419168431,3617028,44.9912605285645
2583,1387.58684265546,2500,1336.14011313018,3619528,57.3404655456543
2584,1320.23170370946,2500,1338.21208453578,3622028,32.0812149047852
2585,1342.7259829091,2500,1342.10572881874,3624528,34.1201286315918
2586,1286.94387208535,2500,1349.06548681344,3627028,58.8668518066406
2587,1280.61773374508,2500,1331.46904427914,3629528,40.9172821044922
2588,1285.52730425598,2500,1322.38474349061,3632028,58.792839050293
2589,1242.92200866445,2500,1301.29213585569,3634528,62.0818634033203
2590,1263.6326746793,2500,1298.58403175993,3637028,40.1619529724121
2591,1317.56809868717,2500,1293.57971792275,3639528,38.6504402160645
2592,1257.68096687164,2500,1298.5437188263,3642028,62.5862579345703
2593,1288.86379539398,2500,1288.67141410015,3644528,45.7368354797363
2594,1308.74765309834,2500,1287.52300903904,3647028,40.1768646240234
2595,1245.70212644757,2500,1277.82062339289,3649528,56.8154487609863
2596,1246.76192685302,2500,1273.80242886965,3652028,60.5138854980469
2597,1297.87752483397,2500,1275.52840797854,3654528,43.0447082519531
2598,1280.26648299302,2500,1275.00232585225,3657028,58.9676170349121
2599,1282.3861293245,2500,1278.94873791825,3659528,32.6725730895996
2600,1170.63424820567,2500,1269.64889527089,3662028,51.5825004577637
2601,1285.59707595043,2500,1266.45179299721,3664528,63.9381141662598
2602,1245.17644729742,2500,1265.20134103979,3667028,60.3172988891602
2603,1240.71400264456,2500,1260.38636176485,3669528,64.7349624633789
2604,1329.58099143936,2500,1262.46969559895,3672028,74.5512084960938
2605,1210.01877892996,2500,1258.90136084719,3674528,67.8987121582031
2606,1254.18615677169,2500,1259.64378383906,3677028,65.7175674438477
2607,1365.53699060989,2500,1266.40973041665,3679528,41.3611526489258
2608,1388.22787991639,2500,1277.20587010899,3682028,39.8144836425781
2609,1257.19317995046,2500,1274.68657517158,3684528,44.980110168457
2610,1210.36082001329,2500,1278.65923235235,3687028,34.6202583312988
2611,1271.08843327966,2500,1277.20836808527,3689528,76.4993667602539
2612,1190.65574041055,2500,1271.75629739658,3692028,53.3816146850586
2613,1186.09042137181,2500,1266.29393926931,3694528,43.8318214416504
2614,1176.91898084627,2500,1251.02773821,3697028,42.137149810791
2615,1286.15562674627,2500,1258.64142299163,3699528,35.7996368408203
2616,1283.87385488121,2500,1261.61019280258,3702028,40.3543472290039
2617,1287.40521606592,2500,1253.79701534818,3704528,37.6774787902832
2618,1273.27334820428,2500,1242.30156217697,3707028,40.7119483947754
2619,1175.31254377667,2500,1234.11349855959,3709528,35.9554595947266
2620,1360.82232483329,2500,1249.15964904159,3712028,41.2827301025391
2621,1208.93146000004,2500,1242.94395171363,3714528,59.6578979492188
2622,1294.26291799869,2500,1253.30466947244,3717028,67.2391662597656
2623,1179.35111995326,2500,1252.63073933059,3719528,42.8530235290527
2624,1291.31898934753,2500,1264.07074018072,3722028,42.4870719909668
2625,1185.56422013679,2500,1254.01159951977,3724528,33.7457962036133
2626,1189.57448591261,2500,1244.58166262291,3727028,39.6165924072266
2627,1279.61158828953,2500,1243.80229984527,3729528,73.3596343994141
2628,1246.37529250122,2500,1241.11249427496,3732028,62.6528358459473
2629,1381.40749624675,2500,1261.72198952197,3734528,44.8471374511719
2630,1244.86970564331,2500,1250.12672760297,3737028,40.0266304016113
2631,1268.15395667791,2500,1256.04897727076,3739528,42.4594306945801
2632,1197.26049739913,2500,1246.3487352108,3742028,68.8130722045898
2633,1369.65354106215,2500,1265.37897732169,3744528,44.3929100036621
2634,1368.41364984653,2500,1273.08844337159,3747028,36.2981796264648
2635,1271.65068704784,2500,1281.6970900627,3749528,31.8396472930908
2636,1368.81038800814,2500,1299.62068027225,3752028,56.0093994140625
2637,1289.94915265459,2500,1300.65443670876,3754528,68.5023498535156
2638,1178.06107048197,2500,1293.82301450683,3757028,66.4390258789062
2639,1245.2041342595,2500,1280.20267830811,3759528,70.9473342895508
2640,1233.00395058599,2500,1279.01610280238,3762028,43.1760673522949
2641,1218.50725296425,2500,1274.05143243101,3764528,47.1891708374023
2642,1187.83355810412,2500,1273.10873850151,3767028,41.3078804016113
2643,1216.38704069015,2500,1257.78208846431,3769528,38.0606803894043
2644,1279.59955276757,2500,1248.90067875641,3772028,70.1120071411133
2645,1271.6624622654,2500,1248.90185627817,3774528,65.2240905761719
2646,1462.95171126697,2500,1258.31598860405,3777028,38.332592010498
2647,1183.64698488944,2500,1247.68577182754,3779528,77.8951568603516
2648,1384.43085414918,2500,1268.32275019426,3782028,52.5684776306152
2649,1273.02714530853,2500,1271.10505129916,3784528,76.1922073364258
2650,1224.94594258772,2500,1270.29925049933,3787028,42.9766120910645
2651,1271.31207595746,2500,1275.57973279865,3789528,38.967700958252
2652,1259.12581373798,2500,1282.70895836204,3792028,70.7303924560547
2653,1329.95875294484,2500,1294.06612958751,3794528,73.44873046875
2654,1299.02248498627,2500,1296.00842280938,3797028,47.098331451416
2655,1154.24303094267,2500,1284.26647967711,3799528,35.480411529541
2656,1252.85963163008,2500,1263.25727171342,3802028,54.4212379455566
2657,1291.74514843274,2500,1274.06708806775,3804528,54.7622528076172
2658,1297.0492988015,2500,1265.32893253298,3807028,39.6615676879883
2659,1191.63242350055,2500,1257.18946035218,3809528,39.0107269287109
2660,1095.4702881512,2500,1244.24189490853,3812028,59.6109161376953
2661,1280.18101859789,2500,1245.12878917257,3814528,41.1063613891602
2662,1157.15219850378,2500,1234.93142764915,3817028,39.0070037841797
2663,1120.36154037028,2500,1213.97170639169,3819528,49.2073135375977
2664,1072.23747644264,2500,1191.29320553733,3822028,37.0073471069336
2665,1291.05679300096,2500,1204.97458174316,3824528,65.3775177001953
2666,1158.18747585574,2500,1195.50736616573,3827028,36.6791763305664
2667,1175.23161660366,2500,1183.85601298282,3829528,39.3566474914551
2668,1151.29235190966,2500,1169.28031829364,3832028,62.2041244506836
2669,1063.79961933423,2500,1156.497037877,3834528,63.8116683959961
2670,1161.99426914598,2500,1163.14943597648,3837028,37.4910049438477
2671,1257.12925348124,2500,1160.84425946482,3839528,77.8061904907227
2672,1246.97383209164,2500,1169.8264228236,3842028,38.1732330322266
2673,1270.86238659564,2500,1184.87650744614,3844528,70.4630813598633
2674,1179.57743889344,2500,1195.61050369122,3847028,46.8541793823242
2675,1185.90075857634,2500,1185.09490024876,3849528,66.42919921875
2676,1255.82157298457,2500,1194.85830996164,3852028,50.2142601013184
2677,1170.71119462825,2500,1194.4062677641,3854528,36.0281410217285
2678,1331.57930821425,2500,1212.43496339456,3857028,44.2333183288574
2679,1254.82305296183,2500,1231.53730675732,3859528,64.7240371704102
2680,1087.88859502938,2500,1224.12673934566,3862028,52.851016998291
2681,1052.16685453126,2500,1203.63049945066,3864528,35.6966400146484
2682,1084.22062034849,2500,1187.35517827634,3867028,52.9428253173828
2683,1291.3384944626,2500,1189.40278906304,3869528,64.9075393676758
2684,1345.85584524505,2500,1206.0306296982,3872028,78.6051483154297
2685,1166.11543776529,2500,1204.0520976171,3874528,38.2890548706055
2686,1264.15849624176,2500,1204.88578994282,3877028,77.2607803344727
2687,1113.53173967285,2500,1199.16784444728,3879528,44.78125
2688,1271.2163691811,2500,1193.13155054396,3882028,34.7545356750488
2689,1233.78989203383,2500,1191.02823445116,3884528,63.0036773681641
2690,1253.25527960354,2500,1207.56490290858,3887028,71.6948928833008
2691,1121.83666561266,2500,1214.53188401672,3889528,38.5154571533203
2692,1262.62908032351,2500,1232.37273001422,3892028,50.2706489562988
2693,1234.03154429232,2500,1226.64203499719,3894528,47.4659423828125
2694,1078.60596393246,2500,1199.91704686593,3897028,40.0844459533691
2695,1088.34720338057,2500,1192.14022342746,3899528,42.9782752990723
2696,1122.56645199132,2500,1177.98101900242,3902028,48.0540580749512
2697,1354.13792394925,2500,1202.04163743005,3904528,71.1228637695312
2698,1305.38865090833,2500,1205.45886560278,3907028,35.7009162902832
2699,1141.35236980079,2500,1196.21511337947,3909528,72.2527236938477
2700,1240.65221362325,2500,1194.95480678145,3912028,42.5023574829102
2701,1377.69615951267,2500,1220.54075617145,3914528,28.7198104858398
2702,1283.40814513606,2500,1222.6186626527,3917028,69.7294464111328
2703,1354.81944598147,2500,1234.69745282162,3919528,34.7222595214844
2704,1288.22760269488,2500,1255.65961669786,3922028,52.0572128295898
2705,1083.93049731925,2500,1255.21794609173,3924528,35.8203086853027
2706,1278.17444712872,2500,1270.77874560547,3927028,58.3354263305664
2707,1190.4284379846,2500,1254.407797009,3929528,35.0822219848633
2708,1270.40092730913,2500,1250.90902464908,3932028,32.1819686889648
2709,1120.59593823734,2500,1248.83338149274,3934528,43.6048774719238
2710,1075.35314536709,2500,1232.30347466712,3937028,47.4117889404297
2711,1379.31811899639,2500,1232.46567061549,3939528,39.0412750244141
2712,1161.92312155475,2500,1220.31716825736,3942028,41.7210845947266
2713,1181.38275757643,2500,1202.97349941686,3944528,37.8013801574707
2714,1166.17431070439,2500,1190.76817021781,3947028,66.5500106811523
2715,1188.84979613293,2500,1201.26010009918,3949528,51.2491912841797
2716,1191.58201712114,2500,1192.60085709842,3952028,39.357250213623
2717,1179.50002752607,2500,1191.50801605257,3954528,36.7625389099121
2718,1054.85338925985,2500,1169.95326224764,3957028,53.471508026123
2719,1164.0461555664,2500,1174.29828398054,3959528,41.378116607666
2720,1164.68932087926,2500,1183.23190153176,3962028,39.6819152832031
2721,1069.49688025816,2500,1152.24977765794,3964528,65.9805450439453
2722,1169.87576876189,2500,1153.04504237865,3967028,45.212329864502
2723,1433.23211267541,2500,1178.22997788855,3969528,79.0933837890625
2724,1063.57316286662,2500,1167.96986310477,3972028,40.8511772155762
2725,1066.93823133199,2500,1155.77870662468,3974528,70.0178451538086
2726,1270.85055884281,2500,1163.70556079684,3977028,47.77392578125
2727,1281.14048808717,2500,1173.86960685296,3979528,65.933349609375
2728,1198.5966712114,2500,1188.24393504811,3982028,36.8387145996094
2729,1051.89965608251,2500,1177.02928509972,3984528,41.9714965820312
2730,1160.76665549582,2500,1176.63701856138,3987028,41.5885238647461
2731,1281.75086852691,2500,1197.86241738825,3989528,64.0368041992188
2732,1361.36953456387,2500,1217.01179396845,3992028,69.0885391235352
2733,1275.09755931115,2500,1201.19833863203,3994528,78.6792755126953
2734,1177.69651793729,2500,1212.61067413909,3997028,39.9882850646973
2735,1069.5001353995,2500,1212.86686454584,3999528,36.7588958740234
2736,1352.20314244301,2500,1221.00212290586,4002028,74.0627365112305
2737,1062.82443394061,2500,1199.17051749121,4004528,40.7401580810547
2738,1088.81753008318,2500,1188.19260337838,4007028,67.3196411132812
2739,1063.44138952561,2500,1189.34677672269,4009528,39.8340530395508
2740,1378.07907830015,2500,1211.07801900313,4012028,77.8510131835938
2741,1360.08514591121,2500,1218.91144674156,4014528,30.7203941345215
2742,1389.63111629448,2500,1221.73760491462,4017028,51.135570526123
2743,1380.95374600757,2500,1232.32322358426,4019528,43.3487968444824
2744,1390.42939545169,2500,1253.5965113357,4022028,41.2533531188965
2745,1267.43275885074,2500,1273.38977368082,4024528,40.8190383911133
2746,1210.66394871814,2500,1259.23585430834,4027028,37.0943603515625
2747,1219.35031791174,2500,1274.88844270545,4029528,53.0018196105957
2748,1400.19770691128,2500,1306.02646038826,4032028,44.7557487487793
2749,1251.81549506555,2500,1324.86387094226,4034528,46.7381439208984
2750,1354.55945491571,2500,1322.51190860381,4037028,70.7680511474609
2751,1237.36670032544,2500,1310.24006404524,4039528,36.3300895690918
2752,1361.2454937241,2500,1307.4015017882,4042028,74.0458831787109
2753,1180.29337239733,2500,1287.33546442717,4044528,40.9288902282715
2754,1185.40108686877,2500,1266.83263356888,4047028,46.2848243713379
2755,1268.56477245128,2500,1266.94583492893,4049528,56.5774574279785
2756,1196.85592324977,2500,1265.5650323821,4052028,38.5656051635742
2757,1189.59279667524,2500,1262.58928025845,4054528,40.7146644592285
2758,1289.44132039789,2500,1251.51364160711,4057028,41.4223937988281
2759,1237.9175965843,2500,1250.12385175898,4059528,45.4258041381836
2760,1288.09584670667,2500,1243.47749093808,4062028,64.6854934692383
2761,121.540668530476,151,1131.89488775858,4062179,58.3181991577148
2762,1423.08287971265,2500,1138.07862635744,4064679,51.7150573730469
2763,1547.53175030322,2500,1174.80246414803,4067179,72.4925765991211
2764,1361.63984985291,2500,1192.42634044644,4069679,36.3310813903809
2765,1296.08314169954,2500,1195.17817737127,4072179,40.311408996582
2766,1355.06838238398,2500,1210.99942328469,4074679,43.48828125
2767,1382.32854992772,2500,1230.27299860994,4077179,41.1868286132812
2768,1472.24432765279,2500,1248.55329933543,4079679,34.052131652832
2769,1567.48258035019,2500,1281.50979771202,4082179,59.6569213867188
2770,1386.49165264555,2500,1291.3493783059,4084679,46.5868339538574
2771,1278.11819915205,2500,1407.00713136806,4087179,39.3449058532715
2772,1352.76069467766,2500,1399.97491286456,4089679,61.0417175292969
2773,1486.96401521363,2500,1393.9181393556,4092179,45.0933609008789
2774,1455.9306863176,2500,1403.34722300207,4094679,65.2275009155273
2775,1376.89320969802,2500,1411.42822980192,4097179,40.0667381286621
2776,1376.64742768942,2500,1413.58613433246,4099679,76.0589141845703
2777,1348.4234441664,2500,1410.19562375633,4102179,44.6101608276367
2778,1499.24896271919,2500,1412.89608726297,4104679,48.8993797302246
2779,1383.15920632261,2500,1394.46374986021,4107179,61.0097579956055
2780,1392.77569416722,2500,1395.09215401238,4109679,74.7414703369141
2781,1286.99333090405,2500,1395.97966718758,4112179,42.8796844482422
2782,1283.21601131796,2500,1389.02519885161,4114679,46.1671371459961
2783,1290.38623198661,2500,1369.36742052891,4117179,49.8018341064453
2784,1285.06011110989,2500,1352.28036300814,4119679,42.9380531311035
2785,1274.03167577281,2500,1341.99420961562,4122179,35.3526458740234
2786,1277.99383653632,2500,1332.12885050031,4124679,63.5144271850586
2787,1489.78368579737,2500,1346.2648746634,4127179,77.39794921875
2788,1435.54767649192,2500,1339.89474604068,4129679,60.5080032348633
2789,1353.9779816323,2500,1336.97662357164,4132179,51.696361541748
2790,1483.9142659984,2500,1346.09048075476,4134679,39.9278259277344
2791,1430.76987483128,2500,1360.46813514749,4137179,42.060188293457
2792,1488.90984654473,2500,1381.03751867016,4139679,38.0525054931641
2793,1440.22806813785,2500,1396.02170228529,4142179,58.8247871398926
2794,1491.7722171626,2500,1416.69291289056,4144679,46.6571464538574
2795,1557.6123966483,2500,1445.05098497811,4147179,34.1116065979004
2796,1537.71538040432,2500,1471.02313936491,4149679,44.3593215942383
2797,1388.01089031645,2500,1460.84585981681,4152179,39.8427047729492
2798,1359.63622400272,2500,1453.25471456789,4154679,37.2939262390137
2799,1425.55227735049,2500,1460.41214413971,4157179,41.4273300170898
2800,1491.34429793561,2500,1461.15514733343,4159679,77.0477828979492
2801,1456.57971047131,2500,1463.73613089744,4162179,39.0021133422852
2802,1412.92004863521,2500,1456.13715110649,4164679,34.5363388061523
2803,1544.56452089775,2500,1466.57079638248,4167179,79.6878662109375
2804,1431.31829576292,2500,1460.52540424251,4169679,68.6223754882812
2805,1393.73167591753,2500,1444.13733216943,4172179,44.3381462097168
2806,1370.38898782221,2500,1427.40469291122,4174679,37.3047943115234
2807,1411.93525491222,2500,1429.7971293708,4177179,37.610408782959
2808,1473.76131871786,2500,1441.20963884231,4179679,77.7688751220703
2809,1424.98506199414,2500,1441.15291730668,4182179,70.1988067626953
2810,1370.14844365448,2500,1429.03333187856,4184679,73.9925079345703
2811,1435.95535691728,2500,1426.97089652316,4187179,37.5337142944336
2812,1401.04105828304,2500,1425.78299748794,4189679,36.4576454162598
2813,1449.57808120624,2500,1416.28435351879,4192179,41.2379341125488
2814,1509.8818519175,2500,1424.14070913425,4194679,72.5167388916016
2815,1550.52941806435,2500,1439.82048334893,4197179,51.8873977661133
2816,1389.19196777169,2500,1441.70078134388,4199679,66.3497772216797
2817,1579.55561693256,2500,1458.46281754591,4202179,73.775390625
2818,1389.06096205138,2500,1449.99278187926,4204679,49.8185768127441
2819,1364.20201394689,2500,1443.91447707454,4207179,65.0037155151367
2820,1477.25867587801,2500,1454.62550029689,4209679,47.2288932800293
2821,1523.00135714686,2500,1463.33010031985,4212179,49.2579078674316
2822,1419.95235968376,2500,1465.22123045992,4214679,40.6066246032715
2823,1375.88783385933,2500,1457.85220572523,4217179,38.623649597168
2824,1381.93540806499,2500,1445.05756133998,4219679,55.7726097106934
2825,1455.27262033558,2500,1435.53188156711,4222179,69.260627746582
2826,1385.19048804322,2500,1435.13173359426,4224679,42.8412971496582
2827,1441.0142872016,2500,1421.27760062116,4227179,37.484676361084
2828,1366.35609840402,2500,1419.00711425643,4229679,73.0279006958008
2829,1530.4420258364,2500,1435.63111544538,4232179,61.2040634155273
2830,1412.06578764375,2500,1429.11182662195,4234679,39.7856369018555
2831,878.442889969456,1223,1364.65597990421,4235902,68.522346496582
2832,1266.27019572117,2500,1349.28776350795,4238402,43.7065544128418
2833,1202.13759037681,2500,1331.9127391597,4240902,43.286994934082
2834,1430.40854454034,2313,1336.76005280723,4243215,60.2825317382812
2835,1276.45947220016,2500,1318.87873799369,4245715,44.2293586730957
2836,1630.92118319781,2500,1343.45180750915,4248215,59.5172004699707
2837,1594.08498691209,2500,1358.7588774802,4250715,45.5867538452148
2838,1325.45966430055,2500,1354.66923406985,4253215,51.3674201965332
2839,1540.27492468955,2500,1355.65252395517,4255715,36.1764068603516
2840,873.000737353474,1218,1301.74601892614,4256933,77.7879333496094
2841,1290.99781103164,2500,1343.00151103236,4259433,50.1444053649902
2842,1375.18011131339,2500,1353.89250259158,4261933,47.4807090759277
2843,1536.38298391829,2500,1387.31704194573,4264433,35.0827522277832
2844,1402.99399296581,2500,1384.57558678828,4266933,47.1008148193359
2845,1015.21694312337,1599,1358.4513338806,4268532,37.3130683898926
2846,979.582625496498,1445,1293.31747811047,4269977,35.1222343444824
2847,582.286392269521,793,1192.13761864621,4270770,72.5271072387695
2848,1378.13456103583,2500,1197.40510831974,4273270,46.9841575622559
2849,1354.3131792255,2500,1178.80893377333,4275770,46.311222076416
2850,1461.42528077436,2500,1237.65138811542,4278270,75.5810241699219
2851,1479.52831907755,2500,1256.50443892001,4280770,50.892707824707
2852,1356.02670749013,2500,1254.58909853769,4283270,49.7645111083984
2853,1650.02321761821,2500,1265.95312190768,4285770,39.1395950317383
2854,1449.88330805439,2500,1270.64205341654,4288270,69.9904174804688
2855,1462.74415675124,2500,1315.39477477932,4290770,77.8446655273438
2856,1752.81364527433,2500,1392.71787675711,4293270,68.4484329223633
2857,1566.37393588734,2500,1491.12663111889,4295770,52.6639709472656
2858,1357.22115422067,2500,1489.03529043737,4298270,46.6523895263672
2859,1628.9755630612,2500,1516.50152882094,4300770,40.6399574279785
2860,1458.65380964101,2500,1516.22438170761,4303270,47.0585594177246
2861,1361.83513278708,2500,1504.45506307856,4305770,45.2654609680176
2862,1364.69519673735,2500,1505.32191200328,4308270,48.0862426757812
2863,1431.29249767628,2500,1483.44884000909,4310770,65.8273315429688
2864,1470.51631473846,2500,1485.5121406775,4313270,34.7901611328125
2865,1591.3008404812,2500,1498.36780905049,4315770,74.2082901000977
2866,1200.36588490025,1692,1443.12303301308,4317462,79.6410980224609
2867,1452.2569053357,2500,1431.71132995792,4319962,59.242847442627
2868,1564.22214648228,2500,1452.41142918408,4322462,53.3296966552734
2869,1369.0119287772,2500,1426.41506575568,4324962,42.5165252685547
2870,1661.95201985461,2500,1446.74488677704,4327462,70.5454711914062
2871,1409.90706822413,2500,1451.55208032075,4329962,51.708194732666
2872,1465.71428918244,2500,1461.65398956525,4332462,36.0260124206543
2873,1438.90948682535,2500,1462.41568848016,4334962,46.788761138916
2874,1529.63738687073,2397,1468.32779569339,4337359,31.76953125
2875,1374.83378377999,2500,1446.68109002327,4339859,42.2205467224121
2876,1369.44299765908,2500,1463.58880129915,4342359,47.9983367919922
2877,1760.50439820347,2500,1494.41355058593,4344859,40.7028541564941
2878,1388.06934823842,2500,1476.79827076154,4347359,42.7338027954102
2879,1770.46999681018,2500,1516.94407756484,4349859,45.1692924499512
2880,1370.4153479885,2500,1487.79041037823,4352359,79.9146728515625
2881,1294.43670460554,2500,1476.24337401637,4354859,42.5790100097656
2882,1320.97391291133,2500,1461.76933638926,4357359,44.211727142334
2883,1264.95767488393,2500,1444.37415519512,4359859,40.1464881896973
2884,1463.35145857009,2500,1437.74556236505,4362359,64.2924880981445
2885,1271.35764678129,2500,1427.39794866518,4364859,33.5443496704102
2886,1243.81012032927,2500,1414.8346609322,4367359,40.9163551330566
2887,1277.69093768677,2500,1366.55331488053,4369859,69.4596099853516
2888,1276.06306329509,2500,1355.3526863862,4372359,42.3751754760742
2889,1388.05909322199,2500,1317.11159602738,4374859,43.4244956970215
2890,1287.1681070942,2500,1308.78687193795,4377359,46.3232040405273
2891,1283.10409116708,2500,1307.6536105941,4379859,46.4285621643066
2892,1573.04326363962,2500,1332.86054566693,4382359,61.1559181213379
2893,1759.96115993658,2500,1382.3608941722,4384859,72.6275100708008
2894,1458.56855890711,2500,1381.8826042059,4387359,53.2119789123535
2895,1283.89434121812,2500,1383.13627364958,4389859,48.1716537475586
2896,1483.58433389538,2500,1407.11369500619,4392359,40.4148063659668
2897,1468.59167037629,2500,1426.20376827515,4394859,71.3308258056641
2898,1484.73119322857,2500,1447.07058126849,4397359,77.8187942504883
2899,1464.09391018103,2500,1454.6740629644,4399859,64.8082962036133
2900,1378.85750931687,2500,1463.84300318666,4402359,39.0616302490234
2901,1545.48876967552,2500,1490.08147103751,4404859,46.3065872192383
2902,1377.98485796347,2500,1470.57563046989,4407359,49.1117553710938
2903,1462.88085089216,2500,1440.86759956545,4409859,42.7569351196289
2904,1398.62629995943,2500,1434.87337367068,4412359,67.9036102294922
2905,1380.72448117451,2500,1444.55638766632,4414859,46.4552040100098
2906,1284.89913390539,2500,1424.68786766732,4417359,48.1449508666992
2907,1267.88661036348,2500,1404.61736166604,4419859,48.9885559082031
2908,1305.71693209953,2500,1386.71593555314,4422359,44.4929504394531
2909,1369.46529034657,2500,1377.25307356969,4424859,49.130931854248
2910,1493.16977096041,2500,1388.68429973405,4427359,41.485466003418
2911,1421.25177229132,2500,1376.26059999563,4429859,41.17431640625
2912,1267.78382865677,2500,1365.24049706496,4432359,50.9962272644043
2913,1473.52178507269,2500,1366.30459048301,4434859,80.6319580078125
2914,1354.92779511613,2500,1361.93473999868,4437359,46.5344734191895
2915,1597.11223120481,2500,1383.57351500171,4439859,37.7381782531738
2916,1305.48470468487,2500,1385.63207207966,4442359,56.4755821228027
2917,1393.92306954349,2500,1398.23571799766,4444859,58.9841690063477
2918,1783.28482305695,2500,1445.9925070934,4447359,70.2990341186523
2919,1554.63325819886,2500,1464.50930387863,4449859,71.2902069091797
2920,1432.6577112377,2500,1458.45809790636,4452359,62.651481628418
2921,1278.62082463331,2500,1444.19500314056,4454859,58.6196365356445
2922,1345.6549321263,2500,1451.98211348751,4457359,55.1494903564453
2923,1544.96402684449,2500,1459.12633766469,4459859,42.6284255981445
2924,1351.28279119127,2500,1458.7618372722,4462359,47.0831756591797
2925,1363.98445364167,2500,1435.44905951589,4464859,36.5613059997559
2926,1334.93040689345,2500,1438.39362973675,4467359,67.3932723999023
2927,1457.27252321806,2500,1444.7285751042,4469859,48.2675743103027
2928,1321.71311708251,2500,1398.57140450676,4472359,55.2493858337402
2929,1464.098411573,2500,1389.51791984417,4474859,59.6995849609375
2930,1350.56080912072,2500,1381.30822963248,4477359,49.5660552978516
2931,1341.95017725498,2500,1387.64116489464,4479859,56.032054901123
2932,1263.26608128265,2500,1379.40227981028,4482359,42.8620758056641
2933,1348.07414033003,2500,1359.71329115883,4484859,73.3023300170898
2934,1389.73725639982,2500,1363.55873767969,4487359,43.8921241760254
2935,1362.30230075147,2500,1363.39052239067,4489859,42.6403007507324
2936,1342.23796746179,2500,1364.1212784475,4492359,49.8689460754395
2937,1441.74606117794,2500,1362.56863224349,4494859,72.1342010498047
2938,1420.91220499223,2500,1372.48854103446,4497359,43.6818199157715
2939,1380.04728443084,2500,1364.08342832025,4499859,41.5571784973145
2940,1281.63768071868,2500,1357.19111548004,4502359,44.4701118469238
2941,1502.08292961655,2500,1373.2043907162,4504859,46.5825843811035
2942,1489.91493979649,2500,1395.86927656758,4507359,58.7450981140137
2943,1354.28654072011,2500,1396.49051660659,4509859,47.0711631774902
2944,1340.25881670198,2500,1391.54267263681,4512359,76.7799682617188
2945,1314.51000983853,2500,1386.76344354551,4514859,53.6830062866211
2946,1262.09830208894,2500,1378.74947700823,4517359,63.6191749572754
2947,1778.84710552864,2500,1412.4595814433,4519859,67.4284973144531
2948,1335.49125076744,2500,1403.91748602082,4522359,46.3361015319824
2949,1368.51726202076,2500,1402.76448377981,4524859,38.5324440002441
2950,1676.47153509692,2500,1442.24786921764,4527359,80.3245391845703
2951,1306.37958738621,2500,1422.6775349946,4529859,41.2663230895996
2952,1365.71745330814,2500,1410.25778634577,4532359,63.0256462097168
2953,1305.32180542421,2500,1405.36131281618,4534859,45.2507743835449
2954,1793.53476191324,2500,1450.6889073373,4537359,40.2760963439941
2955,1340.82319158465,2500,1453.32022551192,4539859,76.2055892944336
2956,1291.71862849658,2500,1456.28225815268,4542359,48.8918342590332
2957,1475.69006490765,2500,1425.96655409058,4544859,41.3108940124512
2958,1358.74218774031,2500,1428.29164778787,4547359,47.7542762756348
2959,1271.56033907812,2500,1418.5959554936,4549859,41.0411796569824
2960,1318.21887847423,2500,1382.77068983133,4552359,64.7931823730469
2961,1274.4861960333,2500,1379.58135069604,4554859,45.0530281066895
2962,1369.76277436094,2500,1379.98588280132,4557359,47.1661796569824
2963,1463.53112333471,2500,1395.80681459237,4559859,33.1965103149414
2964,1466.90994502132,2500,1363.14433290318,4562359,36.9793510437012
2965,1441.25924923831,2500,1373.18793866855,4564859,69.0658721923828
2966,1486.91677762884,2500,1392.70775358177,4567359,38.2929534912109
2967,1576.26670994336,2500,1402.76541808534,4569859,57.7971801757812
2968,1458.75513276381,2500,1412.76671258769,4572359,49.1930313110352
2969,1460.64568701165,2500,1431.67524738105,4574859,78.3256225585938
2970,1457.84851582066,2500,1445.63821111569,4577359,68.4224548339844
2971,1348.70148684329,2500,1453.05974019669,4579859,52.9868431091309
2972,1376.53628022022,2500,1453.73709078262,4582359,40.493595123291
2973,1560.5341287837,2500,1463.43739132752,4584859,75.3151092529297
2974,1480.28717342555,2500,1464.77511416794,4587359,70.2744903564453
2975,1464.13247470361,2500,1467.06243671447,4589859,76.6654205322266
2976,1594.16257953148,2500,1477.78701690473,4592359,54.0166549682617
2977,1530.35891197225,2500,1473.19623710762,4594859,41.8567543029785
2978,1483.53874398658,2500,1475.6745982299,4597359,40.5303840637207
2979,1438.84083236419,2500,1473.49411276515,4599859,67.9441833496094
2980,1480.48575191248,2500,1475.75783637433,4602359,42.8103103637695
2981,1764.00737398264,2500,1517.28842508827,4604859,42.1437377929688
2982,1588.03350748816,2500,1538.43814781506,4607359,40.7039375305176
2983,1500.86621069497,2500,1532.47135600619,4609859,41.6785430908203
2984,1784.83212599064,2500,1562.9258512627,4612359,39.7670211791992
2985,1673.57465208615,2500,1583.87006900095,4614859,49.8438415527344
2986,1579.12882483468,2500,1582.36669353127,4617359,50.8038215637207
2987,1494.76263844996,2500,1578.80706617904,4619859,54.0455551147461
2988,1686.89935285822,2500,1599.14312706621,4622359,69.5394821166992
2989,1478.24348718116,2500,1603.08339254791,4624859,41.515739440918
2990,1814.58250781625,2500,1636.49306813828,4627359,43.5025520324707
2991,1694.08478908589,2500,1629.50080964861,4629859,47.0861282348633
2992,1698.15356328713,2500,1640.5128152285,4632359,52.4142723083496
2993,1576.27678910412,2500,1648.05387306942,4634859,53.4929084777832
2994,1472.40628797275,2500,1616.81128926763,4637359,36.3533973693848
2995,1676.91488401702,2500,1617.14531246072,4639859,65.4614181518555
2996,1594.53613024213,2500,1618.68604300146,4642359,38.1041221618652
2997,1757.9797907133,2500,1645.0077582278,4644859,41.3954772949219
2998,1474.09672398835,2500,1623.72749534081,4647359,49.9636116027832
2999,1474.90392489581,2500,1623.39353911227,4649859,44.5768203735352
3000,1706.30346472804,2500,1612.56563480345,4652359,37.6855430603027
3001,1464.43050346175,2500,1589.60020624104,4654859,75.4771423339844
3002,1686.13598160079,2500,1588.3984480724,4657359,39.0954666137695
3003,1562.49295601921,2500,1587.02006476391,4659859,44.3896293640137
3004,1679.03239298706,2500,1607.68267526535,4662359,68.6855773925781
3005,1591.78034544308,2500,1599.16922140795,4664859,32.3857307434082
3006,1526.85785336291,2500,1592.40139372003,4667359,43.6856803894043
3007,1654.26188688175,2500,1582.02960333688,4669859,51.3507270812988
3008,1564.32003635803,2500,1591.05193457384,4672359,79.8066635131836
3009,1662.94055668551,2500,1609.85559775281,4674859,48.9607849121094
3010,1461.36558407276,2500,1585.36180968729,4677359,45.517463684082
3011,1895.7120741152,2500,1628.48996675263,4679859,60.7937774658203
3012,1606.50911505429,2500,1620.52728009798,4682359,44.7921409606934
3013,1602.84391004594,2500,1624.56237550065,4684859,55.3895378112793
3014,1448.62212211284,2500,1601.52134841323,4687359,40.9467849731445
3015,1470.36678026347,2500,1589.37999189527,4689859,67.1719818115234
3016,1765.24103433244,2500,1613.21830999222,4692359,69.3460388183594
3017,1610.1846920189,2500,1608.81059050594,4694859,59.4482002258301
3018,1599.32127241677,2500,1612.31071411181,4697359,44.1473426818848
3019,1581.03108199532,2500,1604.11976664279,4699859,61.3309936523438
3020,1744.00566881618,2500,1632.38377511714,4702359,67.5871429443359
3021,1644.87686161898,2500,1607.30025386751,4704859,42.1982574462891
3022,1778.14959457451,2500,1624.46430181954,4707359,54.8026580810547
3023,1608.78117492659,2500,1625.0580283076,4709859,62.6566696166992
3024,1737.17606220075,2500,1653.91342231639,4712359,80.3461837768555
3025,1779.97900166478,2500,1684.87464445652,4714859,69.6301345825195
3026,1587.08797281531,2500,1667.05933830481,4717359,62.8006629943848
3027,1712.68476921368,2500,1677.30934602429,4719859,73.6358032226562
3028,1507.56236485093,2500,1668.1334552677,4722359,58.6782264709473
3029,1614.32599229915,2500,1671.46294629809,4724859,72.2397384643555
3030,1523.25360889802,2500,1649.38774030627,4727359,47.0126953125
3031,1505.68742029362,2500,1635.46879617373,4729859,40.5765914916992
3032,1652.57006027884,2500,1622.91084274417,4732359,38.4424514770508
3033,1403.79110855311,2500,1602.41183610682,4734859,46.6844329833984
3034,1510.13621188469,2500,1579.70785107521,4737359,39.7793846130371
3035,1509.62171800751,2500,1552.67212270949,4739859,48.9291191101074
3036,1586.64891824967,2500,1552.62821725292,4742359,60.1936721801758
3037,1707.84464471534,2500,1552.14420480309,4744859,70.3015670776367
3038,1603.16740245104,2500,1561.7047085631,4747359,48.3315620422363
3039,1823.35646796556,2500,1582.60775612974,4749859,43.0229606628418
3040,1540.62626330974,2500,1584.34502157092,4752359,66.5701599121094
3041,1498.37954671089,2500,1583.61423421264,4754859,38.5341300964355
3042,1506.07174314754,2500,1568.96440249951,4757359,59.3308219909668
3043,1606.40451003448,2500,1589.22574264765,4759859,49.1888236999512
3044,1462.96764916154,2500,1584.50888637533,4762359,47.9378204345703
3045,1603.19723813862,2500,1593.86643838844,4764859,68.4376831054688
3046,1495.18971430189,2500,1584.72051799367,4767359,48.20361328125
3047,1518.50028207561,2500,1565.78608172969,4769859,40.2281074523926
3048,1639.30609712807,2500,1569.39995119739,4772359,36.7666397094727
3049,1504.56328333762,2500,1537.5206327346,4774859,55.2144622802734
3050,1885.26449999752,2500,1571.98445640338,4777359,68.5714797973633
3051,1785.03043884773,2500,1600.64954561706,4779859,80.5497817993164
3052,1859.61684195314,2500,1636.00405549762,4782359,57.7139091491699
3053,1814.68803762784,2500,1656.83240825696,4784859,46.4456596374512
3054,1648.82504897468,2500,1675.41814823827,4787359,57.613712310791
3055,1518.04025798145,2500,1666.90245022255,4789859,39.274528503418
3056,1626.90079478815,2500,1680.07355827118,4792359,46.9532279968262
3057,1801.60388623673,2500,1708.38391868729,4794859,51.8656578063965
3058,1811.46613483411,2500,1725.5999224579,4797359,67.1581420898438
3059,1793.10089987419,2500,1754.45368411155,4799859,81.0391998291016
3060,1697.06401015442,2500,1735.63363512724,4802359,69.7051010131836
3061,1800.44388990665,2500,1737.17498023314,4804859,45.6539535522461
3062,1768.74114721988,2500,1728.08741075981,4807359,57.2620048522949
3063,1611.89049819342,2500,1707.80765681637,4809859,47.5850791931152
3064,1610.39580248798,2500,1703.9647321677,4812359,57.0988388061523
3065,1514.24802138475,2500,1703.58550850803,4814859,42.2732429504395
3066,1778.27978467634,2500,1718.72340749685,4817359,63.6389427185059
3067,1708.11910641736,2500,1709.37492951491,4819859,52.6131553649902
3068,1726.39153467564,2500,1700.86746949906,4822359,45.571403503418
3069,1616.92342654836,2500,1683.24972216648,4824859,63.344310760498
3070,1617.55059260783,2500,1675.29838041182,4827359,42.3617477416992
3071,1726.34728441974,2500,1667.88871986313,4829859,76.6573257446289
3072,1519.83901150001,2500,1642.99850629114,4832359,45.5056762695312
3073,1622.06501233587,2500,1644.01595770539,4834859,43.723072052002
3074,1693.76249610538,2500,1652.35262706713,4837359,59.9254608154297
3075,1541.38925485503,2500,1655.06675041416,4839859,45.8285980224609
3076,1928.39850205118,2500,1670.07862215164,4842359,59.5404739379883
3077,1812.25512216214,2500,1680.49222372612,4844859,69.4476852416992
3078,1780.63572474701,2500,1685.91664273325,4847359,65.9878616333008
3079,1521.47444289875,2500,1676.37174436829,4849859,38.4477348327637
3080,1824.31614402157,2500,1697.04829950967,4852359,77.4118881225586
3081,1704.94732057794,2500,1694.90830312549,4854859,54.2965507507324
3082,1705.362170498,2500,1713.46061902529,4857359,46.5292930603027
3083,1717.38003485259,2500,1722.99212127696,4859859,41.2831802368164
3084,1609.11868985339,2500,1714.52774065176,4862359,43.3604316711426
3085,1623.01758747233,2500,1722.69057391349,4864859,52.1083526611328
3086,1717.3675427046,2500,1701.58747797883,4867359,54.3295135498047
3087,1715.76973161569,2500,1691.93893892419,4869859,50.0435676574707
3088,1631.85099796137,2500,1677.06046624562,4872359,49.8100166320801
3089,1743.68609399073,2500,1699.28163135482,4874859,53.0424194335938
3090,1705.61032156995,2500,1687.41104910966,4877359,37.1770439147949
3091,1696.86932801357,2500,1686.60324985322,4879859,48.0300254821777
3092,1839.3944010194,2500,1700.00647290536,4882359,82.5602951049805
3093,1737.60649379328,2500,1702.02911879943,4884859,49.6823081970215
3094,1730.12586476512,2500,1714.12983629061,4887359,48.5504531860352
3095,1707.58162425259,2500,1722.58623996863,4889859,46.4051933288574
3096,1806.05001164542,2500,1731.45448686271,4892359,53.5691833496094
3097,1691.64319748437,2500,1729.04183344958,4894859,72.6158828735352
3098,1763.38244059871,2500,1742.19497771332,4897359,68.8938674926758
3099,1712.70125033509,2500,1739.09649334775,4899859,49.9450187683105
3100,1630.04105143141,2500,1731.5395663339,4902359,39.794979095459
3101,1620.08898555319,2500,1723.86153208786,4904859,73.6955032348633
3102,1614.12535853818,2500,1701.33462783974,4907359,44.0186462402344
3103,1799.07634860679,2500,1707.48161332109,4909859,56.0105323791504
3104,1693.57448567359,2500,1703.82647541194,4912359,55.9804458618164
3105,1742.34160739908,2500,1707.30247372658,4914859,63.5321083068848
3106,1716.50577088436,2500,1698.34804965048,4917359,43.0171203613281
3107,1697.4335362478,2500,1698.92708352682,4919859,44.5032615661621
3108,1702.06918318955,2500,1692.79575778591,4922359,49.8606338500977
3109,1802.29087061312,2500,1701.75471981371,4924859,72.525032043457
3110,1612.25323962654,2500,1699.97593863322,4927359,42.9180908203125
3111,1747.47569769834,2500,1712.71460984774,4929859,48.360897064209
3112,1614.1184696732,2500,1712.71392096124,4932359,37.0267562866211
3113,1825.71830997773,2500,1715.37811709833,4934859,73.7070617675781
3114,1821.23543174358,2500,1728.14421170533,4937359,56.8604507446289
3115,1813.62146524381,2500,1735.2721974898,4939859,77.428337097168
3116,1806.84656274645,2500,1744.30627667601,4942359,49.1680946350098
3117,1725.60362266786,2500,1747.12328531802,4944859,48.8541259765625
3118,1776.68289851376,2500,1754.58465685044,4947359,75.2541198730469
3119,1718.48376559403,2500,1746.20394634853,4949859,47.8493843078613
3120,1704.96119714543,2500,1755.47474210042,4952359,34.128604888916
3121,1619.07711274051,2500,1742.63488360464,4954859,36.9891166687012
3122,1789.95250003207,2500,1760.21828664052,4957359,75.8339462280273
3123,1711.86859259612,2500,1748.83331490236,4959859,42.0950088500977
3124,1920.67421056406,2500,1758.77719278441,4962359,53.2995185852051
3125,1919.51589579088,2500,1769.36663583912,4964859,57.0042343139648
3126,1815.27678589491,2500,1770.20965815396,4967359,73.5216827392578
3127,1801.98341595842,2500,1777.84763748302,4969859,64.2634429931641
3128,1690.9962479197,2500,1769.27897242361,4972359,55.063060760498
3129,1723.43903176398,2500,1769.77449904061,4974859,50.8358116149902
3130,1594.90038485253,2500,1758.76841781132,4977359,37.806209564209
3131,1800.89726915494,2500,1776.95043345276,4979859,73.701301574707
3132,1844.80316821365,2500,1782.43550027092,4982359,61.5517578125
3133,1691.76041068951,2500,1780.42468208026,4984859,82.0109558105469
3134,1607.66743750216,2500,1749.12400477407,4987359,48.4855155944824
3135,1660.30852910277,2500,1723.20326810526,4989859,46.3225517272949
3136,1812.87266899089,2500,1722.96285641486,4992359,76.249755859375
3137,1622.39512916968,2500,1705.00402773598,4994859,45.7227783203125
3138,1688.23445913831,2500,1704.72784885784,4997359,37.9512100219727
3139,1615.82816151565,2500,1693.96676183301,4999859,36.474178314209
3140,1693.96824161833,2500,1703.87354750959,5002359,50.3404121398926
3141,1798.98789671618,2500,1703.68261026571,5004859,59.2757949829102
3142,1780.45937660014,2500,1697.24823110436,5007359,50.8741416931152
3143,1715.97136545299,2500,1699.66932658071,5009859,39.837085723877
3144,1699.41192271119,2500,1708.84377510161,5012359,46.6345329284668
3145,1779.54569518183,2500,1720.76749170952,5014859,46.8555793762207
3146,1708.97316721854,2500,1710.37754153228,5017359,48.3072853088379
3147,1883.5330716638,2500,1736.4913357817,5019859,50.8297424316406
3148,1822.83484613002,2500,1749.95137448087,5022359,55.5910606384277
3149,1728.70081169575,2500,1761.23863949888,5024859,40.9463157653809
3150,1920.3007217602,2500,1783.87188751306,5027359,76.0759124755859
3151,1735.93469763648,2500,1777.56656760509,5029859,70.0197067260742
3152,1814.46003702807,2500,1780.96663364789,5032359,51.7486724853516
3153,1725.48796263353,2500,1781.91829336594,5034859,41.2732849121094
3154,1915.80092785094,2500,1803.55719387992,5037359,63.1030921936035
3155,1864.74266105571,2500,1812.07689046731,5039859,75.7748718261719
3156,1700.36427568586,2500,1811.21600131404,5042359,62.29248046875
3157,1732.1949963481,2500,1796.08219378247,5044859,46.4129524230957
3158,1708.42156792137,2500,1784.6408659616,5047359,76.3551254272461
3159,1717.87006306549,2500,1783.55779109857,5049859,47.6999931335449
3160,1622.9989496062,2500,1753.82761388317,5052359,42.7024154663086
3161,1735.38463519471,2500,1753.772607639,5054859,40.8125343322754
3162,1666.03441588823,2500,1738.93004552501,5057359,56.830696105957
3163,1721.35400808502,2500,1738.51665007016,5059859,38.5495109558105
3164,1608.43009877707,2500,1707.77956716278,5062359,43.883373260498
3165,1874.47602277674,2500,1708.75290333488,5064859,54.0611877441406
3166,1718.07050349485,2500,1710.52352611578,5067359,45.2702178955078
3167,1712.47742224695,2500,1708.55176870566,5069859,59.040699005127
3168,1623.7364978455,2500,1700.08326169808,5072359,45.8631706237793
3169,1712.89447286816,2500,1699.58570267834,5074859,46.8723411560059
3170,1705.56636510966,2500,1707.84244422869,5077359,67.7725601196289
3171,1812.77218541917,2500,1715.58119925113,5079859,66.5871887207031
3172,1706.43634275528,2500,1719.62139193784,5082359,67.4137878417969
3173,1709.83782521054,2500,1718.46977365039,5084859,39.5007476806641
3174,1639.64808094102,2500,1721.59157186679,5087359,46.4656066894531
3175,1624.7265955384,2500,1696.61662914295,5089859,37.9142189025879
3176,1718.28969068078,2500,1696.63854786155,5092359,53.6389389038086
3177,1825.56453792946,2500,1707.9472594298,5094859,58.4715881347656
3178,1703.19413909324,2500,1715.89302355457,5097359,49.5159339904785
3179,1716.03144986396,2500,1716.20672125415,5099859,49.3747863769531
3180,1731.62405498974,2500,1718.81249024216,5102359,43.6516342163086
3181,1720.67815253531,2500,1709.60308695377,5104859,37.6201248168945
3182,1808.25626975671,2500,1719.78507965392,5107359,75.1195220947266
3183,1697.25164677531,2500,1718.52646181039,5109859,52.594970703125
3184,1854.43325290217,2500,1740.00497900651,5112359,56.8932228088379
3185,1789.42444762494,2500,1756.47476421516,5114859,61.8966178894043
3186,1689.05203230631,2500,1753.55099837772,5117359,43.9552268981934
3187,1795.30398242556,2500,1750.52494282733,5119859,54.1817054748535
3188,1909.90948183658,2500,1771.19647710166,5122359,81.9307174682617
3189,1712.94612880483,2500,1770.88794499575,5124859,38.9299964904785
3190,1690.93353782822,2500,1766.81889327959,5127359,50.6962242126465
3191,1612.3750312616,2500,1755.98858115222,5129859,42.4934997558594
3192,1712.0232344325,2500,1746.3652776198,5132359,47.238151550293
3193,1697.39509758372,2500,1746.37962270064,5134859,37.7347259521484
3194,1769.8290312196,2500,1737.91920053239,5137359,38.3441390991211
3195,1888.34507496477,2500,1747.81126326637,5139859,75.2501373291016
3196,1781.03129295718,2500,1757.00918933146,5142359,50.3984565734863
3197,1879.50355091093,2500,1765.42914617999,5144859,61.576171875
3198,1612.2409781732,2500,1735.66229581366,5147359,55.0404815673828
3199,1717.01213384842,2500,1736.06889631801,5149859,42.1666145324707
3200,1713.09083029704,2500,1738.2846255649,5152359,45.365062713623
3201,1771.8472024183,2500,1754.23184268057,5154859,66.4936981201172
3202,1730.76104214224,2500,1756.10562345154,5157359,50.7460784912109
3203,1819.60946586504,2500,1768.32706027967,5159859,74.8451156616211
3204,1808.55324643269,2500,1772.19948180098,5162359,50.3787651062012
3205,1643.66229353237,2500,1747.73120365774,5164859,42.1415939331055
3206,1718.62049949941,2500,1741.49012431196,5167359,47.774055480957
3207,1921.69325881076,2500,1745.70909510195,5169859,81.7313079833984
3208,1818.30550087696,2500,1766.31554737232,5172359,61.7381362915039
3209,1669.73574946702,2500,1761.58790893418,5174859,48.0243110656738
3210,1720.68989823485,2500,1762.34781572796,5177359,44.9803009033203
3211,1811.38568056905,2500,1766.30166354304,5179859,52.4545478820801
3212,1611.9888122924,2500,1754.42444055806,5182359,41.770191192627
3213,1800.00458367924,2500,1752.46395233948,5184859,63.8789520263672
3214,1816.47408472032,2500,1753.25603616824,5187359,62.1702995300293
3215,1689.58123785754,2500,1757.84793060076,5189859,62.3773193359375
3216,1636.47028939499,2500,1749.63290959031,5192359,46.5088806152344
3217,1620.94261511961,2500,1719.5578452212,5194859,37.8359603881836
3218,1811.25812466883,2500,1718.85310760039,5197359,53.6223640441895
3219,1618.7165307016,2500,1713.75118572384,5199859,46.2464866638184
3220,1976.97227447788,2500,1739.37942334815,5202359,71.895637512207
3221,1774.91019720567,2500,1735.73187501181,5204859,69.533073425293
3222,1886.94638163049,2500,1763.22763194562,5207359,69.6281585693359
3223,1825.60064746684,2500,1765.78723832438,5209859,57.9861335754395
3224,1637.54687810631,2500,1747.89451766298,5212359,42.4597930908203
3225,1714.44110507438,2500,1750.38050438466,5214859,42.9927787780762
3226,1844.05678946965,2500,1771.13915439213,5217359,54.7237815856934
3227,1699.52647914431,2500,1778.9975407946,5219859,38.9607467651367
3228,1910.18354784994,2500,1788.89008311271,5222359,79.9238891601562
3229,1767.99661770084,2500,1803.81809181263,5224859,35.6510047912598
3230,1707.10514967204,2500,1776.83137933205,5227359,43.7192001342773
3231,1802.31256156983,2500,1779.57161576846,5229859,41.5155792236328
3232,1806.14661339456,2500,1771.49163894487,5232359,41.4783248901367
3233,1611.56998930273,2500,1750.08857312846,5234859,37.5117835998535
3234,1885.95671092497,2500,1774.92955641032,5237359,74.7176971435547
3235,1710.00194923019,2500,1774.48564082591,5239859,50.7315483093262
3236,1699.40199905876,2500,1760.02016178482,5242359,46.1954193115234
3237,1718.6847635983,2500,1761.93599023022,5244859,50.7395553588867
3238,1712.30455939349,2500,1742.14809138457,5247359,52.2296447753906
3239,1756.6535517934,2500,1741.01378479383,5249859,47.7825317382812
3240,1703.50467832408,2500,1740.65373765903,5252359,58.9371604919434
3241,1723.02955640835,2500,1732.72543714288,5254859,39.6977233886719
3242,1915.06849491113,2500,1743.61762529454,5257359,75.2288513183594
3243,1717.3602249391,2500,1754.19664885818,5259859,53.4771385192871
3244,1803.84787870862,2500,1745.98576563654,5262359,67.0041809082031
3245,1788.20916978399,2500,1753.80648769192,5264859,69.8141632080078
3246,1921.51094339749,2500,1776.0173821258,5267359,60.1348037719727
3247,2009.65279623245,2500,1805.11418538921,5269859,79.6539916992188
3248,1994.12825598446,2500,1833.29655504831,5272359,49.8690757751465
3249,1739.96184777685,2500,1831.62738464665,5274859,52.9039726257324
3250,2139.29894207307,2500,1875.20681102155,5277359,64.3997955322266
3251,1818.25728903602,2500,1884.72958428432,5279859,59.9567794799805
3252,1770.37491391618,2500,1870.26022618482,5282359,64.8350677490234
3253,2098.06254391848,2500,1908.33045808276,5284859,75.3260955810547
3254,1818.79100149525,2500,1909.82477036142,5287359,45.4776306152344
3255,1691.63881575622,2500,1900.16773495865,5289859,49.2178001403809
3256,1959.36515456047,2500,1903.95315607494,5292359,62.3374671936035
3257,1682.50516936461,2500,1871.23839338816,5294859,42.1537933349609
3258,1887.66118503545,2500,1860.59168629326,5297359,50.2552108764648
3259,1631.68970939337,2500,1849.76447245491,5299859,39.3941612243652
3260,1872.28442339684,2500,1823.06302058729,5302359,65.9216537475586
3261,1882.79933319993,2500,1829.51722500368,5304859,63.3843116760254
3262,1988.79198697653,2500,1851.35893230972,5307359,58.0106048583984
3263,1921.85730421143,2500,1833.73840833901,5309859,48.9415740966797
3264,1769.3874112121,2500,1828.7980493107,5312359,76.3546676635742
3265,1794.45622976705,2500,1839.07979071178,5314859,61.8048362731934
3266,1704.0822040316,2500,1813.55149565889,5317359,43.413948059082
3267,1876.73507681573,2500,1832.974486404,5319859,69.8847579956055
3268,1797.69364086427,2500,1823.97773198688,5322359,46.7365646362305
3269,1880.85525032515,2500,1848.89428608006,5324859,74.2283782958984
3270,1932.9908922385,2500,1854.96493296423,5327359,51.4469833374023
3271,1910.21571269449,2500,1857.70657091368,5329859,53.8959541320801
3272,1778.91574751941,2500,1836.71894696797,5332359,81.1153869628906
3273,1706.7051537983,2500,1815.20373192666,5334859,44.5331878662109
3274,1623.89212244792,2500,1800.65420305024,5337359,42.3654174804688
3275,1886.78598110192,2500,1809.88717818373,5339859,50.571533203125
3276,1615.74517822271,2500,1801.05347560284,5342359,40.8149566650391
3277,1989.27117607449,2500,1812.30708552871,5344859,65.1263198852539
3278,1708.96856276811,2500,1803.4345777191,5347359,54.8723335266113
3279,1908.6449785284,2500,1806.21355053942,5349859,67.3992080688477
3280,1825.36913286591,2500,1795.45137460217,5352359,49.6325378417969
3281,1708.18509218739,2500,1775.24831255146,5354859,69.7901763916016
3282,1884.25408885023,2500,1785.78214668454,5357359,74.7346878051758
3283,1689.7941667168,2500,1784.09104797639,5359859,48.459358215332
3284,1792.13747022972,2500,1800.91558275457,5362359,69.0830688476562
3285,1959.84237318867,2500,1808.22122196324,5364859,79.2613754272461
3286,1940.5335160647,2500,1840.70005574744,5367359,65.9073028564453
3287,1635.73863728275,2500,1805.34680186827,5369859,38.1594429016113
3288,1922.05420833795,2500,1826.65536642525,5372359,49.6293334960938
3289,1911.67012813485,2500,1826.9578813859,5374859,39.585765838623
3290,2013.0454121228,2500,1845.72550931159,5377359,54.5801124572754
3291,1619.95503874207,2500,1836.90250396705,5379859,44.0304336547852
3292,2100.53849227218,2500,1858.53094430925,5382359,49.6855697631836
3293,1729.69776081709,2500,1862.52130371928,5384859,35.832447052002
3294,1829.84601691725,2500,1866.29215838803,5387359,46.7321586608887
3295,1724.55023890484,2500,1842.76294495965,5389859,51.8834266662598
3296,1998.409838317,2500,1848.55057718488,5392359,54.596076965332
3297,1801.85116181871,2500,1865.16182963847,5394859,52.4563026428223
3298,1918.7911845275,2500,1864.83552725743,5397359,51.5077896118164
3299,1942.142267794,2500,1867.88274122334,5399859,63.2009162902832
3300,1819.91942479177,2500,1848.57014249024,5402359,71.524299621582
3301,2249.24448617428,2500,1911.49908723346,5404859,61.3706550598145
3302,2024.37522068934,2500,1903.88276007518,5407359,49.8191719055176
3303,1990.95011239143,2500,1930.00799523261,5409859,55.8174781799316
3304,1894.99316786562,2500,1936.52271032745,5412359,37.0478286743164
3305,1837.50107750379,2500,1947.81779418734,5414859,40.3010292053223
3306,1912.79401084539,2500,1939.25621144018,5417359,54.1113357543945
3307,1951.11030255626,2500,1954.18212551394,5419859,61.5092277526855
3308,1924.34806869885,2500,1954.73781393107,5422359,45.0524787902832
3309,1916.49360795066,2500,1952.17294794674,5424859,54.6644744873047
3310,1669.89745364662,2500,1937.17075083222,5427359,45.2902221679688
3311,2080.12085637059,2500,1920.25838785186,5429859,59.4966354370117
3312,2203.89474653279,2500,1938.2103404362,5432359,52.9940338134766
3313,2061.45100240441,2500,1945.2604294375,5434859,74.6905364990234
3314,1927.70700644409,2500,1948.53181329535,5437359,84.4389038085938
3315,2020.6855393048,2500,1966.85025947545,5439859,54.6960525512695
3316,1634.63911869857,2500,1939.03477026077,5442359,47.8810806274414
3317,2100.04355591808,2500,1953.92809559695,5444859,70.1276550292969
3318,2025.66544360719,2500,1964.05983308778,5447359,70.8621368408203
3319,1920.68613348017,2500,1964.47908564073,5449859,53.2070465087891
3320,1743.26821525887,2500,1971.81616180196,5452359,53.6302032470703
3321,2124.59564412347,2500,1976.26364057724,5454859,66.0060195922852
3322,1531.97045906542,2500,1909.07121183051,5457359,44.1360740661621
3323,1924.06492578455,2500,1895.33260416852,5459859,51.2729148864746
3324,1619.26639351319,2500,1864.48854287543,5462359,50.4217758178711
3325,2341.80748012872,2500,1896.60073695782,5464859,80.1612243652344
3326,1544.67915815002,2500,1887.60474090297,5467359,41.668212890625
3327,1834.06421720975,2500,1861.00680703213,5469859,45.1405143737793
3328,1913.86363079906,2500,1849.82662575132,5472359,51.8521194458008
3329,1616.0192907309,2500,1819.3599414764,5474859,48.7101058959961
3330,1710.12200223636,2500,1816.04532017414,5477359,52.5053939819336
3331,1706.40127093666,2500,1774.22588285546,5479859,38.9822540283203
3332,1789.78070475326,2500,1800.00690742425,5482359,53.400806427002
3333,2357.07066577433,2500,1843.30748142323,5484859,80.2704467773438
3334,1731.80593154797,2500,1854.5614352267,5487359,42.0293769836426
3335,2024.89307209993,2500,1822.86999442382,5489859,56.2849502563477
3336,2120.00614779941,2500,1880.40269338876,5492359,57.5943756103516
3337,2105.07780766438,2500,1907.50405243423,5494859,60.0401763916016
3338,1899.89771737744,2500,1906.10746109206,5497359,64.2047882080078
3339,1525.54821280224,2500,1897.0603532992,5499859,41.3624000549316
3340,1913.91810936117,2500,1917.43996401168,5502359,59.2683868408203
3341,1747.03363189029,2500,1921.50320010704,5504859,47.1612319946289
3342,1925.84519398403,2500,1935.10964903012,5507359,54.7258377075195
3343,1823.34320434001,2500,1881.73690288669,5509859,49.7206535339355
3344,2343.06917863647,2500,1942.86322759554,5512359,76.3698120117188
3345,2027.82706684753,2500,1943.1566270703,5514859,58.2546501159668
3346,1954.33880192,2500,1926.58989248236,5517359,43.4663009643555
3347,1628.63391724197,2500,1878.94550344012,5519859,51.6767807006836
3348,1662.36050178087,2500,1855.19178188046,5522359,37.7367324829102
3349,1681.71566544388,2500,1870.80852714462,5524859,48.4118766784668
3350,2028.07849152704,2500,1882.22456536121,5527359,58.0815696716309
3351,1824.15641629595,2500,1889.93684380177,5529859,44.2052955627441
3352,1847.76973908994,2500,1882.12929831237,5532359,44.445068359375
3353,1842.23002094089,2500,1884.01797997245,5534859,43.1850128173828
3354,2149.76982452781,2500,1864.68804456159,5537359,48.7428779602051
3355,1914.28424144334,2500,1853.33376202117,5539859,62.8074798583984
3356,1832.16227818813,2500,1841.11610964798,5542359,44.6381492614746
3357,1837.09083308154,2500,1861.96180123194,5544859,37.8836517333984
3358,2247.27728473365,2500,1920.45347952722,5547359,64.3179092407227
3359,1736.25646292471,2500,1925.9075592753,5549859,49.2412719726562
3360,1823.28090182102,2500,1905.4278003047,5552359,51.6649017333984
3361,2027.97604441702,2500,1925.8097631168,5554859,66.4561233520508
3362,1692.37272517603,2500,1910.27006172541,5557359,40.6427612304688
3363,1721.84806440438,2500,1898.23186607176,5559859,48.6311721801758
3364,1526.16093092798,2500,1835.87097671178,5562359,33.6771049499512
3365,1834.96837992218,2500,1827.93939055966,5564859,49.0454788208008
3366,1929.92496914975,2500,1837.71565965583,5567359,72.1082763671875
3367,1703.52797754795,2500,1824.35937410247,5569859,49.0686950683594
3368,1842.91016177409,2500,1783.92266180651,5572359,49.6269836425781
3369,2016.30010000048,2500,1811.92702551409,5574859,78.3268966674805
3370,1589.63221659258,2500,1788.56215699125,5577359,33.3980178833008
3371,1912.53499719283,2500,1777.01805226883,5579859,62.0924644470215
3372,2141.52308277408,2500,1821.93308802863,5582359,67.2571029663086
3373,1608.89005564272,2500,1810.63728715246,5584859,43.0630645751953
3374,1528.18261671734,2500,1810.8394557314,5587359,40.0380249023438
3375,1613.43757691091,2500,1788.68637543027,5589859,42.5207977294922
3376,1831.96452967553,2500,1778.89033148285,5592359,51.7216186523438
3377,1863.69233151831,2500,1794.90676687989,5594859,63.8190727233887
3378,1544.93937447192,2500,1765.10968814967,5597359,47.19287109375
3379,2017.01235380237,2500,1765.18091352986,5599859,55.2502670288086
3380,1631.4184565084,2500,1769.35953752144,5602359,43.0265998840332
3381,2119.81062111128,2500,1790.08709991328,5604859,67.7728805541992
3382,1643.26867520149,2500,1740.26165915603,5607359,34.4919204711914
3383,1642.54200923637,2500,1743.62685451539,5609859,35.9215888977051
3384,1538.22330475156,2500,1744.63092331881,5612359,47.9898910522461
3385,1707.75081280002,2500,1754.06224690773,5614859,53.3266754150391
3386,1809.41455069633,2500,1751.8072490098,5617359,66.5127410888672
3387,1515.38777160339,2500,1716.97679301831,5619859,37.9893951416016
3388,1631.18601756994,2500,1725.60145732811,5622359,44.9943542480469
3389,1919.86093005838,2500,1715.88631495372,5624859,64.8245315551758
3390,2012.58067609998,2500,1754.00253691287,5627359,77.8433227539062
3391,1646.90120806715,2500,1706.71159560846,5629859,36.4383316040039
3392,2019.89729091271,2500,1744.37445717958,5632359,54.6410942077637
3393,2029.51826224503,2500,1783.07208248045,5634859,54.865650177002
3394,2021.69142623101,2500,1831.4188946284,5637359,53.0089645385742
3395,1723.07959438976,2500,1832.95177278737,5639859,41.894474029541
3396,1909.62601529911,2500,1842.97291924765,5642359,50.2459373474121
3397,1942.03867313867,2500,1885.63800940117,5644859,54.770435333252
3398,1629.64676945413,2500,1885.48408458959,5647359,42.6172065734863
3399,1918.4908149077,2500,1885.34707307453,5649859,55.6974449157715
3400,1848.05557428385,2500,1868.89456289291,5652359,44.4783744812012
3401,1935.88654114248,2500,1897.79309620045,5654859,58.3711433410645
3402,1618.71619529344,2500,1857.67498663852,5657359,35.0909271240234
3403,1641.13544002764,2500,1818.83670441678,5659859,40.0402336120605
3404,1833.07370727531,2500,1799.97493252121,5662359,43.8490791320801
3405,1539.11358376897,2500,1781.57833145913,5664859,45.9293937683105
3406,2148.10722946825,2500,1805.42645287604,5667359,48.1448402404785
3407,1942.82077325243,2500,1805.50466288742,5669859,44.7222633361816
3408,2033.70678070537,2500,1845.91066401254,5672359,50.039966583252
3409,1728.95589339367,2500,1826.95717186114,5674859,40.5097274780273
3410,1732.95220871982,2500,1815.44683530474,5677359,41.2248115539551
3411,1622.59434365192,2500,1784.11761555568,5679859,38.1130065917969
3412,2155.60549925938,2500,1837.80654595227,5682359,53.744499206543
3413,1614.78750797692,2500,1835.1717527472,5684859,48.3039932250977
3414,1839.99754702318,2500,1835.86413672199,5687359,34.0034980773926
3415,1864.80826265951,2500,1868.43360461105,5689859,66.1848831176758
3416,1725.87286959769,2500,1826.21016862399,5692359,36.1554946899414
3417,2142.43086019165,2500,1846.17117731791,5694859,72.2327880859375
3418,2041.3010441,2500,1846.93060365737,5697359,54.1068115234375
3419,2361.10064133169,2500,1910.14507845118,5699859,80.2241516113281
3420,545.716418802765,754,1791.42149945947,5700613,61.5526733398438
3421,2249.44875691696,2500,1854.10694078598,5703113,60.1591720581055
3422,1871.4921893634,2500,1825.69560979638,5705613,73.998779296875
3423,2049.36265057816,2500,1869.1531240565,5708113,44.5079193115234
3424,2249.85679751842,2500,1910.13904910602,5710613,73.8705596923828
3425,1837.21524804243,2500,1907.37974764432,5713113,47.8400917053223
3426,2142.74249117881,2500,1949.06670980243,5715613,49.3192176818848
3427,2359.50700382036,2500,1970.7743241653,5718113,74.6811141967773
3428,2259.5718743405,2500,1992.60140718935,5720613,58.3905982971191
3429,1950.35874697395,2500,1951.52721775357,5723113,48.7724456787109
3430,2059.83026500167,2500,2102.93860237347,5725613,42.9900665283203
3431,1934.39269172349,2500,2071.43299585412,5728113,42.9260177612305
3432,2032.01415105352,2500,2087.48519202313,5730613,46.7766075134277
3433,1883.12955735088,2500,2070.8618827004,5733113,53.8818588256836
3434,1953.57350524422,2500,2041.23355347298,5735613,43.2943878173828
3435,2022.04905939545,2500,2059.71693460829,5738113,45.4795112609863
3436,2352.09661837046,2500,2080.65234732745,5740613,80.3268890380859
3437,2048.98169644108,2500,2049.59981658952,5743113,42.6131858825684
3438,2126.64393180472,2500,2036.30702233594,5745613,79.1651229858398
3439,2246.82564088612,2500,2065.95371172716,5748113,59.4216537475586
3440,2257.49780813391,2500,2085.72046604039,5750613,64.1027984619141
3441,1732.80053331463,2500,2065.5612501995,5753113,35.6004371643066
3442,2236.17456195445,2500,2085.97729128959,5755613,55.327751159668
3443,2023.34355157467,2500,2099.99869071197,5758113,47.0777854919434
3444,1966.6164011041,2500,2101.30298029796,5760613,68.1954727172852
3445,2156.96676586423,2500,2114.79475094484,5763113,53.0656051635742
3446,1849.22543782148,2500,2064.50763288994,5765613,41.9679145812988
3447,2347.0672092589,2500,2094.31618417172,5768113,86.3727874755859
3448,1605.2965735419,2500,2042.18144834544,5770613,49.3648300170898
3449,1340.70759360953,2500,1951.56964361778,5773113,46.645435333252
3450,1432.07216059197,2500,1869.02707886359,5775613,45.9221305847168
3451,2013.84083833655,2500,1897.13110936578,5778113,75.1967315673828
3452,1719.95722193312,2500,1845.50937536364,5780613,54.5752944946289
3453,1339.96785597553,2500,1777.17180580373,5783113,39.6366577148438
3454,1703.27840560143,2500,1750.83800625346,5785613,41.0413970947266
3455,1787.15349065767,2500,1713.85667873281,5788113,58.0860748291016
3456,1222.44140694812,2500,1651.17827564547,5790613,39.3812522888184
3457,1520.92039432713,2500,1568.56359415229,5793113,47.0435523986816
3458,1677.74362352747,2500,1575.80829915085,5795613,49.8340187072754
3459,2249.07660327994,2500,1666.64520011789,5798113,80.6805267333984
3460,1809.30523808204,2500,1704.3685078669,5800613,53.1232643127441
3461,1629.90738787831,2500,1665.97516282108,5803113,53.8352432250977
3462,1445.12162545895,2500,1638.49160317366,5805613,49.4390106201172
3463,1614.82697025562,2500,1665.97751460167,5808113,46.5299491882324
3464,1733.58734055892,2500,1669.00840809742,5810613,50.6408348083496
3465,1825.62826978454,2500,1672.85588601011,5813113,55.374683380127
3466,1715.07930147604,2500,1722.1196754629,5815613,43.2171325683594
3467,1724.26685625351,2500,1742.45432165554,5818113,45.3996543884277
3468,1931.97927387472,2500,1767.87788669026,5820613,51.2102088928223
3469,2135.53488757515,2500,1756.52371511978,5823113,65.3985061645508
3470,2049.53398813361,2500,1780.54659012494,5825613,48.6648788452148
3471,1905.86664351614,2500,1808.14251568872,5828113,78.2537307739258
3472,2125.10424956665,2500,1876.14077809949,5830613,71.7242813110352
3473,2121.85977371002,2500,1926.84405844493,5833113,80.8090438842773
3474,2239.2666602827,2500,1977.41199041731,5835613,79.4379501342773
3475,2264.39239018196,2500,2021.28840245705,5838113,58.7264518737793
3476,1826.14661248172,2500,2032.39513355762,5840613,43.5197639465332
3477,1740.27432617603,2500,2033.99588054987,5843113,35.5635681152344
3478,2151.598006058,2500,2055.9577537682,5845613,68.4736022949219
3479,1772.09674738805,2500,2019.61393974949,5848113,46.370979309082
3480,2132.99230150801,2500,2027.95977108693,5850613,61.0054817199707
3481,2121.13740857545,2500,2049.48684759286,5853113,85.2620620727539
3482,1939.53864527039,2500,2030.93028716323,5855613,54.0675659179688
3483,1821.45131164334,2500,2000.88944095657,5858113,46.0358009338379
3484,1937.91282178785,2500,1970.75405710708,5860613,40.0002479553223
3485,1834.62724346078,2500,1927.77754243496,5863113,40.0547409057617
3486,2149.06850155577,2500,1960.06973134237,5865613,58.2023315429688
3487,2133.18293185967,2500,1999.36059191073,5868113,65.2366561889648
3488,1956.6295676289,2500,1979.86374806782,5870613,43.315975189209
3489,1525.12145877285,2500,1955.1662192063,5873113,35.3776664733887
3490,2266.98973000112,2500,1968.56596205561,5875613,69.6194534301758
3491,2110.37614195233,2500,1967.4898353933,5878113,80.58447265625
3492,1626.75430835265,2500,1936.21140170153,5880613,54.7158088684082
3493,1532.08159890218,2500,1907.27443042741,5883113,56.0519790649414
3494,1807.02304919577,2500,1894.1854531682,5885613,61.3394317626953
3495,1741.64321549394,2500,1884.88705037152,5888113,44.3077201843262
3496,1621.90517290008,2500,1832.17071750595,5890613,45.1993141174316
3497,1715.93760697137,2500,1790.44618501712,5893113,57.5803451538086
3498,2229.93162778242,2500,1817.77639103247,5895613,82.0559539794922
3499,2367.07846563998,2500,1901.97209171918,5898113,85.5333099365234
3500,2225.22610205232,2500,1897.7957289243,5900613,68.0327682495117
3501,2358.95131655448,2500,1922.65324638452,5903113,76.8007659912109
3502,2353.26215058203,2500,1995.30403060746,5905613,82.6986236572266
3503,1343.41122183707,2500,1976.43699290095,5908113,43.6419067382812
3504,1715.46316316917,2500,1967.28100429829,5910613,39.6166000366211
3505,1235.93552668485,2500,1916.71023541738,5913113,41.1753425598145
3506,1510.23009831674,2500,1905.54272795904,5915613,38.0056915283203
3507,1719.29515582988,2500,1905.87848284489,5918113,53.559627532959
3508,1738.66462236562,2500,1856.75178230321,5920613,47.473747253418
3509,1632.49418517619,2500,1783.29335425683,5923113,30.6362285614014
3510,1941.87703203954,2500,1754.95844725556,5925613,46.2235794067383
3511,1943.8184715001,2500,1713.44516275012,5928113,45.7913818359375
3512,1744.60142667524,2500,1652.57909035944,5930613,43.9273223876953
3513,1782.12713261747,2500,1696.45068143748,5933113,51.3335189819336
3514,1881.2203456289,2500,1713.02639968345,5935613,49.8778953552246
3515,2249.14820862373,2500,1814.34766787734,5938113,68.0883331298828
3516,2363.63064613378,2500,1899.68772265904,5940613,79.6837692260742
3517,2049.1917130527,2500,1932.67737838133,5943113,52.3716125488281
3518,1950.75824956581,2500,1953.88674110135,5945613,44.4513206481934
3519,1941.33909407528,2500,1984.77123199125,5948113,47.222469329834
3520,2356.41213590913,2500,2026.22474237821,5950613,73.4211730957031
3521,2040.28293100457,2500,2035.87118832866,5953113,50.6442947387695
3522,2065.16011312902,2500,2067.92705697404,5955613,35.593433380127
3523,1834.1608378964,2500,2073.13042750193,5958113,38.9323577880859
3524,1929.31850878568,2500,2077.94024381761,5960613,53.6605606079102
3525,1841.0476081732,2500,2037.13018377256,5963113,44.8120727539062
3526,2025.41631718737,2500,2003.30875087792,5965613,50.313232421875
3527,2049.82921436606,2500,2003.37250100925,5968113,43.1072692871094
3528,2148.32345569413,2500,2023.12902162208,5970613,58.9189987182617
3529,2261.19319331492,2500,2055.11443154605,5973113,59.7559089660645
3530,1714.44541133953,2500,1990.91775908909,5975613,42.7864532470703
3531,1957.61276854002,2500,1982.65074284263,5978113,39.0336875915527
3532,2365.29731765443,2500,2012.66446329518,5980613,87.2517700195312
3533,2158.54143541304,2500,2045.10252304684,5983113,56.4671516418457
3534,2247.81204803203,2500,2076.95187697147,5985613,76.9391479492188
3535,1953.42578192142,2500,2088.1896943463,5988113,47.470329284668
3536,2257.38073036963,2500,2111.38613566452,5990613,64.4720230102539
3537,1957.998160147,2500,2102.20303024262,5993113,44.3465385437012
3538,2152.37476049838,2500,2102.60816072304,5995613,58.5357818603516
3539,2154.99933042942,2500,2091.98877443449,5998113,51.649845123291
3540,2125.77773383574,2500,2133.12200668411,6000613,72.5461120605469
3541,2266.44327263024,2500,2164.00505709313,6003113,51.9790229797363
3542,1816.57679637371,2500,2109.13300496506,6005613,37.2036056518555
3543,2373.31107914743,2500,2130.6099693385,6008113,86.9326705932617
3544,1920.49842495466,2500,2097.87860703076,6010613,46.1184463500977
3545,2366.16597721768,2500,2139.15262656039,6013113,86.2789764404297
3546,1953.18191369627,2500,2108.73274489305,6015613,34.7683525085449
3547,2028.59587436194,2500,2115.79251631455,6018113,49.0770149230957
3548,1965.13040250974,2500,2097.06808051568,6020613,43.1679000854492
3549,2267.86640784208,2500,2108.35478825695,6023113,60.8080635070801
3550,1946.44133904453,2500,2090.42114877783,6025613,44.5798950195312
3551,2239.05887993043,2500,2087.68270950785,6028113,75.1399765014648
3552,2241.01306865127,2500,2130.1263367356,6030613,71.7325973510742
3553,2364.82501533505,2500,2129.27773035436,6033113,87.2862396240234
3554,2168.48542695971,2500,2154.07643055487,6035613,52.9565238952637
3555,2148.22840633615,2500,2132.28267346672,6038113,59.2555656433105
3556,2061.75140259069,2500,2143.13962235616,6040613,44.9036254882812
3557,2258.0189793481,2500,2166.08193285478,6043113,61.4837303161621
3558,2255.86628640825,2500,2195.15552124463,6045613,71.2272415161133
3559,2254.17049885305,2500,2193.78593034572,6048113,51.9131164550781
3560,1898.28011840562,2500,2188.96980828183,6050613,58.3330192565918
3561,1953.75928593713,2500,2160.4398488825,6053113,40.1899757385254
3562,1949.38745258482,2500,2131.27728727586,6055613,47.03955078125
3563,1847.64599867847,2500,2079.5593856102,6058113,37.4208374023438
3564,1848.54721571457,2500,2047.56556448569,6060613,43.1924247741699
3565,2262.19007874753,2500,2058.96173172682,6063113,56.0342559814453
3566,2057.19073934668,2500,2058.50566540242,6065613,52.4391441345215
3567,1955.65692897883,2500,2028.26946036549,6068113,42.6794738769531
3568,2365.35087914969,2500,2039.21791963964,6070613,86.0728912353516
3569,2271.21546117338,2500,2040.92241587167,6073113,60.6481628417969
3570,2260.03275435193,2500,2077.0976794663,6075613,70.3245086669922
3571,2271.34412371067,2500,2108.85616324366,6078113,60.3094596862793
3572,2152.84889256488,2500,2129.20230724166,6080613,55.7697944641113
3573,1935.936225715,2500,2138.03132994532,6083113,44.1310729980469
3574,2146.46602610823,2500,2167.82321098468,6085613,58.7170524597168
3575,1634.16228806848,2500,2105.02043191678,6088113,41.9492340087891
3576,1953.10194076415,2500,2094.61155205853,6090613,36.107250213623
3577,2156.09958700898,2500,2114.65581786154,6093113,66.0138320922852
3578,2061.99623038664,2500,2084.32035298523,6095613,47.2098197937012
3579,1919.26219672798,2500,2049.12502654069,6098113,53.8359756469727
3580,2049.61556861463,2500,2028.08330796696,6100613,60.4070281982422
3581,2053.96274848601,2500,2006.3451704445,6103113,47.5861396789551
3582,2252.34241561777,2500,2016.29452274979,6105613,60.106014251709
3583,2039.91664902412,2500,2026.6925650807,6108113,50.9151000976562
3584,2040.02878677015,2500,2016.04884114689,6110613,44.513500213623
3585,2271.1134466883,2500,2079.74395700887,6113113,56.2683715820312
3586,1817.5875047847,2500,2066.19251341093,6115613,35.6774787902832
3587,2162.48129948177,2500,2066.83068465821,6118113,50.8181037902832
3588,1956.02469254411,2500,2056.23353087395,6120613,41.0424842834473
3589,2058.72620737832,2500,2070.17993193899,6123113,52.3277587890625
3590,2256.53491356191,2500,2090.87186643372,6125613,72.6771087646484
3591,2148.24510570621,2500,2100.30010215574,6128113,64.8335571289062
3592,2038.72541936851,2500,2078.93840253081,6130613,44.3714447021484
3593,1956.20972085222,2500,2070.56770971362,6133113,45.8328170776367
3594,2054.74373268366,2500,2072.03920430497,6135613,45.7561531066895
3595,2050.4626182314,2500,2049.97412145928,6138113,42.8953971862793
3596,2055.82627646465,2500,2073.79799862728,6140613,44.8446807861328
3597,2369.92691314726,2500,2094.54255999383,6143113,82.1186065673828
3598,2258.00279045543,2500,2124.74036978496,6145613,58.5707206726074
3599,2036.72413855636,2500,2122.54016290276,6148113,45.1198463439941
3600,2155.34404487113,2500,2112.42107603368,6150613,49.4517097473145
3601,1726.84967504862,2500,2070.28153296792,6153113,41.3537178039551
3602,2059.49005828117,2500,2072.35799685919,6155613,46.094367980957
3603,1738.99923443971,2500,2050.63694821794,6158113,39.069408416748
3604,2246.2747764939,2500,2069.79005259896,6160613,70.2470474243164
3605,1809.33615516291,2500,2045.67740629211,6163113,51.8334197998047
3606,2256.9742480517,2500,2065.79220345082,6165613,58.0085067749023
3607,2161.01406924054,2500,2044.90091906015,6168113,43.9581451416016
3608,2057.86773204226,2500,2024.88741321883,6170613,35.520751953125
3609,2044.02064500724,2500,2025.61706386392,6173113,49.8432998657227
3610,1809.55989783098,2500,1991.0386491599,6175613,38.5400085449219
3611,2266.63964701976,2500,2045.01764635702,6178113,55.6545524597168
3612,2361.70670349693,2500,2075.23931087859,6180613,79.2546310424805
3613,2135.45975530119,2500,2114.88536296474,6183113,75.8520278930664
3614,2247.83819315224,2500,2115.04170463057,6185613,62.3347434997559
3615,2157.90351546202,2500,2149.89844066049,6188113,50.9450149536133
3616,1946.47600499517,2500,2118.84861635483,6190613,46.5411643981934
3617,2042.79740920033,2500,2107.02695035081,6193113,48.9404602050781
3618,2154.47614238666,2500,2116.68779138525,6195613,55.030948638916
3619,2260.4297092089,2500,2138.32869780542,6198113,53.1503715515137
3620,2047.16809851113,2500,2162.08951787343,6200613,49.1104431152344
3621,1942.40751639807,2500,2129.66630481127,6203113,36.3996429443359
3622,2257.14285893672,2500,2119.20992035524,6205613,64.0724182128906
3623,2368.50044641001,2500,2142.51398946613,6208113,77.9817733764648
3624,2161.37251920774,2500,2133.86742207168,6210613,51.7084579467773
3625,2164.92293257001,2500,2134.56936378248,6213113,54.1913909912109
3626,2170.19976378645,2500,2156.9417396616,6215613,52.8544616699219
3627,2265.40206527815,2500,2179.20220526939,6218113,66.4572601318359
3628,2364.72433845229,2500,2200.22702487595,6220613,80.7252578735352
3629,2347.86763396154,2500,2208.97081735121,6223113,78.0908050537109
3630,2158.26619416484,2500,2220.08062691658,6225613,56.0030364990234
3631,2158.93855316678,2500,2241.73373059345,6228113,57.1530685424805
3632,2062.03686816447,2500,2222.22313151623,6230613,42.6909713745117
3633,2055.82434309361,2500,2190.95552118459,6233113,46.3472518920898
3634,2032.07903050288,2500,2178.0261723141,6235613,33.612434387207
3635,2054.62697557207,2500,2166.99657661431,6238113,38.2719650268555
3636,2065.95856906883,2500,2156.57245714255,6240613,39.8223495483398
3637,1848.44329098991,2500,2114.87657971372,6243113,36.8824920654297
3638,2153.27908915768,2500,2093.73205478426,6245613,41.1480178833008
3639,2041.10913611985,2500,2063.05620500009,6248113,44.2503204345703
3640,2352.76076529216,2500,2082.50566211282,6250613,75.6967544555664
3641,2170.27450237799,2500,2083.63925703394,6253113,50.2990646362305
3642,2146.4397937019,2500,2092.07954958769,6255613,54.0265769958496
3643,2368.83492463938,2500,2123.38060774226,6258113,78.2429962158203
3644,2044.56776162782,2500,2124.62948085476,6260613,33.2460861206055
3645,2136.27272125149,2500,2132.7940554227,6263113,62.3966979980469
3646,2245.1364705039,2500,2150.71184556621,6265613,60.2787094116211
3647,2249.49141022286,2500,2190.8166574895,6268113,69.8258285522461
3648,2048.78318090268,2500,2180.367066664,6270613,58.4240951538086
3649,2037.01493500658,2500,2179.95764655267,6273113,43.848331451416
3650,1795.19216185536,2500,2124.20078620899,6275613,37.5726852416992
3651,2172.19213057611,2500,2124.39254902881,6278113,45.0400619506836
3652,2266.68363020449,2500,2136.41693267907,6280613,59.9900283813477
3653,2031.09501645464,2500,2102.64294186059,6283113,52.9301528930664
3654,2266.26098565945,2500,2124.81226426375,6285613,65.9758758544922
3655,2060.04666043379,2500,2117.18965818199,6288113,48.8902053833008
3656,2055.11770678399,2500,2098.18778180999,6290613,48.8552169799805
3657,2372.72336321714,2500,2110.51097710942,6293113,86.9410247802734
3658,1944.14298168833,2500,2100.04695718799,6295613,37.4737815856934
3659,2258.95473893372,2500,2122.2409375807,6298113,66.73291015625
3660,1823.95691619837,2500,2125.117413015,6300613,40.6833305358887
3661,2052.99787294047,2500,2113.19798725144,6303113,51.4694557189941
3662,2266.5092757812,2500,2113.18055180911,6305613,61.1863861083984
3663,1951.39201157192,2500,2105.21025132084,6308113,39.453197479248
3664,1931.78819925147,2500,2071.76297268004,6310613,42.180534362793
3665,2364.18901155444,2500,2102.17720779211,6313113,83.6258239746094
3666,2375.1115568983,2500,2134.17659280354,6315613,88.2932968139648
3667,2037.26333465196,2500,2100.63058994702,6318113,48.8834266662598
3668,2269.95640470746,2500,2133.21193224893,6320613,50.8247222900391
3669,2151.51007763565,2500,2122.46746611912,6323113,49.0460662841797
3670,2375.39890729399,2500,2177.61166522869,6325613,88.3005142211914
3671,2010.96467340117,2500,2173.40834527476,6328113,41.127513885498
3672,637.450769875354,1162,2010.50249468417,6329275,43.0042495727539
3673,2051.39690189976,2500,2020.50298371695,6331775,35.3872261047363
3674,2066.40386574701,2500,2033.96455036651,6334275,35.2860412597656
3675,2150.27859996952,2500,2012.57350920802,6336775,53.2225570678711
3676,2262.01915785974,2500,2001.26426930416,6339275,62.999095916748
3677,2248.90258145252,2500,2022.42819398422,6341775,72.6159744262695
3678,2056.49978926453,2500,2001.08253243992,6344275,35.4551086425781
3679,2271.45955431856,2500,2013.07748010821,6346775,57.8475303649902
3680,2275.14534633344,2500,2003.05212401216,6349275,44.5066566467285
3681,2251.6987503191,2500,2027.12553170395,6351775,67.765251159668
3682,2266.98141303657,2500,2190.07859602007,6354275,62.9139366149902
3683,136.73531937501,293,1998.6124377676,6354568,61.7789459228516
3684,1958.28800470824,2500,1987.80085166372,6357068,38.6088447570801
3685,2066.57854650251,2500,1979.43084631702,6359568,39.6830863952637
3686,2134.65570145975,2500,1966.69450067702,6362068,66.2152099609375
3687,2062.04737087849,2500,1948.00897961962,6364568,51.3188285827637
3688,2066.32936354407,2500,1948.99193704757,6367068,42.2401962280273
3689,1937.11272552963,2500,1915.55725416868,6369568,37.1741065979004
3690,2059.46393186891,2500,1893.98911272223,6372068,54.2622108459473
3691,2062.53686914634,2500,1875.07292460495,6374568,50.8943557739258
3692,2252.41444886281,2500,1873.61622818758,6377068,72.2353515625
3693,2156.45819380945,2500,2075.58851563102,6379568,60.4839134216309
3694,2157.28099879353,2500,2095.48781503955,6382068,45.804027557373
3695,2163.36505038526,2500,2105.16646542782,6384568,54.020694732666
3696,2364.31045762823,2500,2128.13194104467,6387068,80.5312805175781
3697,2263.89525948658,2500,2148.31672990548,6389568,53.7209968566895
3698,2244.42131963523,2500,2166.1259255146,6392068,71.6040344238281
3699,2355.50279066132,2500,2207.96493202777,6394568,72.1380615234375
3700,2268.07273465292,2500,2228.82581230617,6397068,54.9031105041504
3701,2352.51346928692,2500,2257.82347232023,6399568,70.9076614379883
3702,2029.62772405457,2500,2235.5447998394,6402068,40.2959632873535
3703,2368.92434745313,2500,2256.79141520377,6404568,73.3332672119141
3704,2161.63731510034,2500,2257.22704683445,6407068,48.2828178405762
3705,2268.568992584,2500,2267.74744105432,6409568,64.27880859375
3706,2245.11525369403,2500,2255.8279206609,6412068,63.1739463806152
3707,2368.85120289582,2500,2266.32351500183,6414568,88.4727783203125
3708,2243.67997266285,2500,2266.24938030459,6417068,72.4512939453125
3709,2363.33749138685,2500,2267.03285037714,6419568,83.7203369140625
3710,2058.46576578354,2500,2246.07215349021,6422068,40.6903076171875
3711,2269.41189124189,2500,2237.7619956857,6424568,59.5267105102539
3712,2368.4754307876,2500,2271.64676635901,6427068,82.8825225830078
3713,2066.09602224648,2500,2241.36393383834,6429568,47.2130241394043
3714,2047.22774036324,2500,2229.92297636463,6432068,57.1065673828125
3715,2272.13481712418,2500,2230.27955881865,6434568,52.1120300292969
3716,2272.36157901696,2500,2233.00419135094,6437068,57.6191177368164
3717,2163.38785005766,2500,2212.45785606713,6439568,57.3851661682129
3718,2143.95082940212,2500,2202.48494174105,6442068,79.2465591430664
3719,2214.1584749928,2500,2187.56704010165,6444568,74.7050552368164
3720,2369.47016149418,2500,2218.66747967271,6447068,83.5108337402344
3721,2163.12793098638,2500,2208.03908364716,6449568,51.0817260742188
3722,2242.50410750943,2500,2195.44195131934,6452068,70.0308837890625
3723,2266.76223514748,2500,2215.50857260944,6454568,61.4607200622559
3724,2151.40045874893,2500,2225.92584444801,6457068,66.3038635253906
3725,2375.08531316939,2500,2236.22089405253,6459568,87.6959381103516
3726,2262.90790659828,2500,2235.27552681067,6462068,65.6848602294922
3727,2370.22479547361,2500,2255.95922135226,6464568,79.5305557250977
3728,1954.53327096039,2500,2237.01746550809,6467068,46.8447647094727
3729,2263.19127874968,2500,2241.92074588378,6469568,56.2582664489746
3730,2063.1900874591,2500,2211.29273848027,6472068,38.3687515258789
3731,2061.3038037433,2500,2201.11032575596,6474568,40.1526107788086
3732,2058.9562686289,2500,2182.75554186791,6477068,43.5218887329102
3733,2267.78766505128,2500,2182.85808485829,6479568,49.9655265808105
3734,2370.42490613469,2500,2204.76052959686,6482068,82.0606460571289
3735,2243.46993712312,2500,2191.59899199224,6484568,69.3056411743164
3736,2350.78538137738,2500,2200.38673947015,6487068,70.7495498657227
3737,2169.80862590645,2500,2180.34512251343,6489568,36.0529365539551
3738,2257.55305196756,2500,2210.64710061415,6492068,63.2591323852539
3739,1900.14028699207,2500,2174.34200143839,6494568,43.4379577636719
3740,2168.37172316627,2500,2184.8601650091,6497068,40.1678848266602
3741,2148.83445583802,2500,2193.61323021857,6499568,56.577938079834
3742,2259.55937103362,2500,2213.67354045905,6502068,59.7099151611328
3743,2042.53036728497,2500,2191.14781068241,6504568,43.5353355407715
3744,2263.15534922261,2500,2180.42085499121,6507068,61.8304557800293
3745,2369.79955718979,2500,2193.05381699787,6509568,85.9651489257812
3746,1922.36414568928,2500,2150.21169342906,6512068,46.1520462036133
3747,2163.88384463727,2500,2149.61921530215,6514568,44.4929504394531
3748,2261.21462961906,2500,2149.9853730673,6517068,60.5595092773438
3749,2034.1501644557,2500,2163.38636081366,6519568,38.7177696228027
3750,2051.31342372801,2500,2151.68053086983,6522068,46.1219444274902
3751,2366.34492340585,2500,2173.43157762662,6524568,80.192008972168
3752,2045.44075278862,2500,2152.01971580212,6527068,36.205394744873
3753,1945.93450230577,2500,2142.3601293042,6529568,42.4644165039062
3754,2153.09592745615,2500,2131.35418712755,6532068,51.6182327270508
3755,2161.3515482167,2500,2110.50938623024,6534568,55.1281280517578
3756,2065.0351202675,2500,2124.77648368806,6537068,46.0708961486816
3757,2028.8909622408,2500,2111.27719544842,6539568,44.4567527770996
3758,1955.65020428674,2500,2080.72075291518,6542068,37.0025482177734
3759,2050.37586832391,2500,2082.34332330201,6544568,44.8047637939453
3760,2262.6286165958,2500,2103.47484258878,6547068,48.6789627075195
3761,2259.57459013862,2500,2092.79780926206,6549568,62.4031448364258
3762,2067.98556908352,2500,2095.05229089155,6552068,38.9363327026367
3763,1893.73747758504,2500,2089.83258841948,6554568,42.2590980529785
3764,1968.11898418848,2500,2071.33489409271,6557068,47.735179901123
3765,2345.77488815573,2500,2089.77722808661,6559568,74.4677047729492
3766,2066.14192326979,2500,2089.88790838684,6562068,35.2037696838379
3767,2258.64808583025,2500,2112.86362074579,6564568,51.4593200683594
3768,2059.25071463923,2500,2123.22367178103,6567068,43.9208564758301
3769,2369.57825710464,2500,2155.14391065911,6569568,77.6625137329102
3770,2141.39667732872,2500,2143.0207167324,6572068,60.49169921875
3771,2046.63510816318,2500,2121.72676853486,6574568,34.958625793457
3772,2375.6792800606,2500,2152.49613963256,6577068,82.5242156982422
3773,2369.46205167824,2500,2200.06859704188,6579568,82.2593154907227
3774,2122.05648283519,2500,2215.46234690656,6582068,75.0909576416016
3775,2167.12298757019,2500,2197.597156848,6584568,56.4783096313477
3776,2058.23673215251,2500,2196.80663773628,6587068,37.2585868835449
3777,2271.20243063571,2500,2198.06207221682,6589568,52.5267066955566
3778,2260.54775813169,2500,2218.19177656607,6592068,69.6420669555664
3779,2168.94392854993,2500,2198.1283437106,6594568,47.3691940307617
3780,2062.11014961764,2500,2190.19969093949,6597068,41.828369140625
3781,2369.87797886847,2500,2222.52397801002,6599568,80.9950561523438
3782,2163.35185646153,2500,2201.29123565011,6602068,35.7919425964355
3783,2370.88879599516,2500,2201.4339100818,6604568,83.6440658569336
3784,1835.74365895672,2500,2172.80262769395,6607068,36.4834251403809
3785,2263.07544727081,2500,2182.39787366402,6609568,65.0210266113281
3786,2375.84159681527,2500,2214.15836013029,6612068,81.8870468139648
3787,2046.89234866749,2500,2191.72735193347,6614568,41.043327331543
3788,2250.16814153151,2500,2190.68939027345,6617068,61.0874290466309
3789,2156.94136214001,2500,2189.48913363246,6619568,39.5919647216797
3790,2055.06641808959,2500,2188.78476047966,6622068,51.6440353393555
3791,2371.74973427718,2500,2188.97193602053,6624568,83.020881652832
3792,2166.07457614759,2500,2189.24420798913,6627068,54.3506927490234
3793,2149.20259163593,2500,2167.07558755321,6629568,41.0825119018555
3794,2145.01005546465,2500,2198.002227204,6632068,36.8991317749023
3795,2159.46849295295,2500,2187.64153177222,6634568,49.953197479248
3796,2367.5579675134,2500,2186.81316884203,6637068,75.1398544311523
3797,2113.16663921489,2500,2193.44059789677,6639568,61.7882423400879
3798,2154.51645946884,2500,2183.8754296905,6642068,52.4130249023438
3799,2264.06290622624,2500,2194.58758409913,6644568,55.0800514221191
3800,2169.95157278964,2500,2206.07609956913,6647068,51.7396011352539
3801,2267.62915168988,2500,2195.6640413104,6649568,47.0462455749512
3802,2367.27533163825,2500,2215.78411685947,6652068,81.3022155761719
3803,2146.94638384794,2500,2215.55849608067,6654568,41.1839485168457
3804,1955.71856263976,2500,2196.62934679818,6657068,45.6536178588867
3805,2176.33707757642,2500,2198.31620526053,6659568,48.3122253417969
3806,2361.09548681201,2500,2197.66995719039,6662068,73.2870178222656
3807,2151.00585782865,2500,2201.45387905176,6664568,42.5332412719727
3808,2272.02163680989,2500,2213.20439678587,6667068,66.5347747802734
3809,2262.23997564198,2500,2213.02210372744,6669568,43.7368507385254
3810,2170.37447455917,2500,2213.0643939044,6672068,55.1479530334473
3811,2264.5074317893,2500,2212.75222191434,6674568,53.9646492004395
3812,2057.40788492023,2500,2181.76547724254,6677068,46.3425178527832
3813,2369.85622043783,2500,2204.05646090153,6679568,82.0701446533203
3814,2167.85282301107,2500,2225.26988693866,6682068,53.00634765625
3815,2369.43558925916,2500,2244.57973810693,6684568,82.5918273925781
3816,2363.22468742939,2500,2244.79265816867,6687068,82.1720886230469
3817,2142.74062957903,2500,2243.96613534371,6689568,34.4945526123047
3818,2269.24040327045,2500,2243.68801198976,6692068,59.5881729125977
3819,2153.72567849338,2500,2232.8365822749,6694568,39.7782821655273
3820,2140.97800673928,2500,2229.89693549291,6697068,69.2452392578125
3821,2151.2679947671,2500,2218.57299179069,6699568,53.7923812866211
3822,2254.74336424825,2500,2238.30653972349,6702068,59.9479751586914
3823,2269.20686688354,2500,2228.24160436807,6704568,41.5899658203125
3824,433.529117532171,848,2054.80923382017,6705416,43.2610511779785
3825,2367.89938714721,2500,2054.65561360898,6707916,80.9382019042969
3826,2044.28419826506,2500,2022.76156469255,6710416,40.9583892822266
3827,2154.19915555832,2500,2023.90741729048,6712916,35.8011436462402
3828,2240.97784075511,2500,2021.08116103894,6715416,61.7987403869629
3829,2169.33627364454,2500,2022.64222055406,6717916,47.67578125
3830,2256.83130290696,2500,2034.22755017083,6720416,53.7571754455566
3831,2252.67047991197,2500,2044.36779868531,6722916,54.0097961425781
3832,2167.24835203997,2500,2035.61829746449,6725416,44.2199020385742
3833,2152.34170855767,2500,2023.9317816319,6727916,55.4307098388672
3834,2269.17253872117,2500,2207.4961237508,6730416,52.4987716674805
3835,2365.45049844354,2500,2207.25123488043,6732916,81.0026321411133
3836,2262.63783753933,2500,2229.08659880786,6735416,53.018627166748
3837,2267.50890278996,2500,2240.41757353102,6737916,60.6892585754395
3838,2057.31824504328,2500,2222.05161395984,6740416,39.3011779785156
3839,2253.82065504157,2500,2230.50005209954,6742916,61.8441200256348
3840,2358.22950303378,2500,2240.63987211222,6745416,75.0837631225586
3841,2159.78035464692,2500,2231.35085958572,6747916,54.4068794250488
3842,2058.77553798853,2500,2220.50357818058,6750416,46.1551322937012
3843,2373.50406515895,2500,2242.6198138407,6752916,82.9885635375977
3844,2172.57328092509,2500,2232.9598880611,6755416,49.980712890625
3845,2378.69671466305,2500,2234.28450968305,6757916,89.2589950561523
3846,2148.49192083491,2500,2222.8699180126,6760416,37.0522880554199
3847,2169.23990902074,2500,2213.04301863568,6762916,54.0437774658203
3848,2265.02373734712,2500,2233.81356786607,6765416,55.5424766540527
3849,2168.53033624517,2500,2225.28453598643,6767916,48.4295425415039
3850,2264.20369314562,2500,2215.88195499761,6770416,67.7229080200195
3851,2372.54374872627,2500,2237.15829440555,6772916,81.7612380981445
3852,2165.61875601976,2500,2247.84261620867,6775416,48.8998947143555
3853,2267.14717381484,2500,2237.20692707426,6777916,61.8395729064941
3854,2365.803335681,2500,2256.52993254985,6780416,82.8531494140625
3855,2247.28736265704,2500,2243.38899734925,6782916,62.9279365539551
3856,2269.51312994143,2500,2255.4911182599,6785416,45.250301361084
3857,2368.90763876352,2500,2275.45789123418,6787916,86.0213394165039
3858,2252.97435004822,2500,2274.25295250429,6790416,64.4685897827148
3859,2369.56956228901,2500,2294.35687510867,6792916,79.6128463745117
3860,2270.67229000135,2500,2295.00373479424,6795416,47.2853050231934
3861,2372.33675327705,2500,2294.98303524932,6797916,82.2559051513672
3862,2167.9716893586,2500,2295.21832858321,6800416,47.0620231628418
3863,2374.10994568564,2500,2305.91460577029,6802916,85.6447525024414
3864,2270.07840107718,2500,2296.3421123099,6805416,50.6235084533691
3865,2258.66776541601,2500,2297.4801525858,6807916,64.2435760498047
3866,2171.25029673448,2500,2287.6538692651,6810416,48.4841690063477
3867,2264.03671259966,2500,2277.16677664872,6812916,65.9542922973633
3868,2164.94922411022,2500,2268.36426405492,6815416,48.5809707641602
3869,2368.10861472204,2500,2268.21816929822,6817916,78.5607833862305
3870,2373.82782692808,2500,2278.53372299089,6820416,87.624641418457
3871,2276.91648753344,2500,2268.99169641653,6822916,53.2617797851562
3872,2371.2585699522,2500,2289.32038447589,6825416,78.7803802490234
3873,2263.25907825494,2500,2278.23529773282,6827916,49.0385856628418
3874,2253.21248669568,2500,2276.54870629468,6830416,52.0260887145996
3875,2159.38681190962,2500,2266.62061094404,6832916,41.683765411377
3876,2134.56942523016,2500,2262.9525237936,6835416,55.8845901489258
3877,2003.99833181198,2500,2236.94868571484,6837916,37.8085250854492
3878,2104.39709173159,2500,2230.89347247697,6840416,37.5287780761719
3879,2375.37212771427,2500,2231.6198237762,6842916,87.904914855957
3880,2363.41500726049,2500,2230.57854180944,6845416,81.8063354492188
3881,2245.27885018306,2500,2227.4147780744,6847916,59.8525619506836
3882,2050.19373441338,2500,2195.30829452052,6850416,38.6501426696777
3883,2169.25106319993,2500,2185.90749301502,6852916,44.8536643981934
3884,2168.38633094895,2500,2177.42487744034,6855416,42.2726860046387
3885,2264.84381838813,2500,2187.97057808819,6857916,56.559326171875
3886,2371.11947695374,2500,2211.62558326055,6860416,81.783317565918
3887,2134.20750330156,2500,2224.64650040951,6862916,44.21337890625
3888,2240.42420368508,2500,2238.24921160486,6865416,39.8492774963379
3889,2363.64761266722,2500,2237.07676010015,6867916,88.4327163696289
3890,2229.66650590234,2500,2223.70190996434,6870416,72.8513031005859
3891,2259.10228816235,2500,2225.08425376227,6872916,52.8833389282227
3892,2163.61823104234,2500,2236.42670342516,6875416,47.1750106811523
3893,195.375780085793,244,2039.03917511375,6875660,68.0381011962891
3894,2259.591904085,2500,2048.15973242735,6878160,46.4620742797852
3895,2366.44646031208,2500,2058.31999661975,6880660,89.0410842895508
3896,2154.5725194054,2500,2036.66530086491,6883160,51.4925117492676
3897,2158.97730077455,2500,2039.14228061221,6885660,35.6989059448242
3898,2155.66747080162,2500,2030.66660732387,6888160,38.9239501953125
3899,2157.13622180937,2500,2010.01546823808,6890660,38.8867378234863
3900,2262.47651620963,2500,2013.29646926881,6893160,41.9384117126465
3901,2146.41842117967,2500,2002.02808257054,6895660,36.1928520202637
3902,2246.09735576447,2500,2010.27599504276,6898160,64.4787902832031
3903,2156.0899171747,2500,2206.34740875165,6900660,36.3358001708984
3904,2218.96682231884,2500,2202.28490057503,6903160,64.4261856079102
3905,2259.30443380931,2500,2191.57069792476,6905660,67.8149337768555
3906,2149.72517792918,2500,2191.08596377713,6908160,50.8088912963867
3907,2199.80995867536,2500,2195.16922956721,6910660,63.6472587585449
3908,2222.50739797527,2500,2201.85322228458,6913160,32.551929473877
3909,2156.55666671342,2500,2201.79526677498,6915660,42.4168090820312
3910,2236.34191157244,2500,2199.18180631127,6918160,59.5073051452637
3911,2340.08254615759,2500,2218.54821880906,6920660,80.3325653076172
3912,2247.09500737044,2500,2218.64798396965,6923160,75.1079635620117
3913,2365.3877843249,2500,2239.57777068467,6925660,88.9212875366211
3914,2260.96813227201,2500,2243.77790167999,6928160,61.2011566162109
3915,2267.99544401547,2500,2244.64700270061,6930660,64.4391479492188
3916,261.688196856722,433,2055.84330459336,6931093,64.289436340332
3917,2258.36456511523,2500,2061.69876523735,6933593,43.3073463439941
3918,2152.83924579277,2500,2054.7319500191,6936093,33.7828903198242
3919,2264.90868220833,2500,2065.56715156859,6938593,48.653621673584
3920,2146.45673692774,2500,2056.57863410412,6941093,43.8929634094238
3921,2254.12580003263,2500,2047.98295949162,6943593,55.7880859375
3922,2350.1752153648,2500,2058.29098029106,6946093,76.5211029052734
3923,2255.21435439537,2500,2047.27363729811,6948593,54.0482559204102
3924,2351.84489498649,2500,2056.36131356955,6951093,69.131233215332
3925,272.097362550185,470,1856.77150542303,6951563,62.0035018920898
3926,2125.71803533987,2500,2043.17448927134,6954063,36.0114402770996
3927,2246.72613429202,2500,2042.01064618902,6956563,39.4380760192871
3928,2231.90117206998,2500,2049.91683881674,6959063,57.7173461914062
3929,2257.08878687218,2500,2049.13484928313,6961563,42.3909721374512
3930,2260.1742442402,2500,2060.50660001437,6964063,54.9083023071289
3931,2245.73435626785,2500,2059.66745563789,6966563,70.3889312744141
3932,143.891670686591,183,1839.03910117007,6966746,67.1816787719727
3933,2245.2652231042,2500,1838.04418804095,6969246,35.6600685119629
3934,2372.33207154998,2500,1840.0929056973,6971746,86.691047668457
3935,2161.47029905078,2500,2029.03019934736,6974246,43.491081237793
3936,2160.57958970016,2500,2032.51635478339,6976746,39.3224639892578
3937,2247.20233996508,2500,2032.5639753507,6979246,58.9787864685059
3938,2342.63218836637,2500,2043.63707698034,6981746,67.6753768920898
3939,2155.12558925394,2500,2033.44075721851,6984246,41.7172050476074
3940,2186.03244401476,2500,2026.02657719597,6986746,44.9865455627441
3941,27.4840492223808,85,1804.20154649142,6986831,33.2814064025879
3942,2154.10714084079,2500,2005.22309350684,6989331,40.9838905334473
3943,2160.86039395963,2500,1996.78261059239,6991831,41.3407516479492
3944,2279.92239919538,2500,1987.54164335693,6994331,73.103645324707
3945,2232.38814122881,2500,1994.63342757473,6996831,61.887565612793
3946,2245.29167290377,2500,2003.10463589509,6999331,58.4798736572266
3947,2160.86588330598,2500,1994.47099022918,7001831,45.2473297119141
3948,2227.55411174822,2500,1982.96318256737,7004331,61.6542625427246
3949,2112.04728944157,2500,1978.65535258613,7006831,59.2152442932129
3950,2241.95985451702,2500,1984.24809363636,7009331,59.3362503051758
3951,36.182629494549,90,1985.11795166357,7009421,37.3545761108398
3952,2257.41950903577,2500,1995.44918848307,7011921,53.4003639221191
3953,2159.37020161043,2500,1995.30016924815,7014421,44.9253959655762
3954,2162.55137412225,2500,1983.56306674084,7016921,35.5663375854492
3955,2269.66707564077,2500,1987.29096018203,7019421,49.2293663024902
3956,2251.64092863891,2500,1987.92588575555,7021921,51.6072959899902
3957,2364.63648825537,2500,2008.30294625049,7024421,78.4427947998047
3958,2208.20129538075,2500,2006.36766461374,7026921,31.8279762268066
3959,2265.6123592478,2500,2021.72417159436,7029421,50.5295333862305
3960,2273.83258528971,2500,2024.91144467163,7031921,47.6175308227539
3961,2155.04686744399,2500,2236.79786846657,7034421,39.1690139770508
3962,2271.64842128143,2500,2238.22075969114,7036921,50.1360549926758
3963,2152.13873345547,2500,2237.49761287564,7039421,37.0208320617676
3964,2267.74251288656,2500,2248.01672675207,7041921,61.3212661743164
3965,2362.72830884418,2500,2257.32285007242,7044421,80.3612594604492
3966,2269.83945180358,2500,2259.14270238888,7046921,49.5385818481445
3967,2260.9634234749,2500,2248.77539591084,7049421,60.3019561767578
3968,2153.7522174182,2500,2243.33048811458,7051921,45.3963012695312
3969,2369.84838553255,2500,2253.75409074306,7054421,79.3008346557617
3970,2165.94530611462,2500,2242.96536282555,7056921,44.8271942138672
3971,2357.65488118832,2500,2263.22616419998,7059421,75.1747436523438
3972,2160.4040869594,2500,2252.10173076778,7061921,43.7328834533691
3973,2239.790655915,2500,2260.86692301373,7064421,62.1777381896973
3974,2264.427083186,2500,2260.53538004367,7066921,62.4122047424316
3975,462.26767974698,1014,2070.48931713395,7067935,56.5240097045898
3976,2246.50196735429,2500,2068.15556868902,7070435,71.56640625
3977,2372.9324384331,2500,2079.35247018484,7072935,89.7672424316406
3978,2161.66328780672,2500,2080.1435772237,7075435,39.8702926635742
3979,2269.07687883745,2500,2070.06642655419,7077935,56.4288444519043
3980,2223.82687621033,2500,2075.85458356376,7080435,55.3655891418457
3981,2269.94128500291,2500,2067.08322394522,7082935,48.597110748291
3982,2264.77578223426,2500,2077.5203934727,7085435,65.2834854125977
3983,2258.34365963171,2500,2079.37569384437,7087935,59.6367950439453
3984,2264.64391429798,2500,2079.39737695557,7090435,60.114501953125
3985,2263.04631939384,2500,2259.47524092026,7092935,41.1895370483398
3986,398.083001997551,690,2074.63334438458,7093625,51.5648345947266
3987,2259.59658165409,2500,2063.29975870668,7096125,60.2171173095703
3988,2363.11856760339,2500,2083.44528668635,7098625,78.3964233398438
3989,2249.6174846343,2500,2081.49934726604,7101125,55.4194755554199
3990,2254.64882905777,2500,2084.58154255078,7103625,69.7334060668945
3991,2166.53033399705,2500,2074.24044745019,7106125,49.944019317627
3992,2375.05892641422,2500,2085.26876186819,7108625,89.8267364501953
3993,2359.43686799365,2500,2095.37808270439,7111125,77.9899139404297
3994,2272.9898239484,2500,2096.21267366943,7113625,51.497730255127
3995,2369.46466299899,2500,2106.85450802994,7116125,86.9362335205078
3996,2179.16317318405,2500,2284.96252514859,7118625,41.2884178161621
3997,2158.04412059479,2500,2274.80727904266,7121125,48.9995994567871
3998,2369.12714431543,2500,2275.40813671387,7123625,78.1721801757812
3999,2259.103733036,2500,2276.35676155404,7126125,51.378547668457
4000,2364.02280142885,2500,2287.29415879114,7128625,75.8959655761719
4001,2132.5249209163,2500,2283.89361748307,7131125,40.5225448608398
4002,319.773546735907,591,2078.36507951524,7131716,33.7658157348633
4003,2158.7361985031,2500,2058.29501256618,7134216,47.9769554138184
4004,1859.90649475707,2500,2016.98667964705,7136716,50.4239730834961
4005,2259.51185060895,2500,2005.99139840805,7139216,69.1309356689453
4006,2155.08655872026,2500,2003.58373696167,7141716,43.2597999572754
4007,2244.1400344406,2500,2012.19332834625,7144216,59.7250671386719
4008,2115.94106579205,2500,1986.87472049391,7146716,34.6285552978516
4009,2269.37259531509,2500,1987.90160672182,7149216,55.0629920959473
4010,2254.88363291274,2500,1976.98768987021,7151716,56.7387771606445
4011,2159.69206681543,2500,1979.70440446012,7154216,36.0722427368164
4012,2370.67185101645,2500,2184.79423488818,7156716,87.864501953125
4013,2273.88548494084,2500,2196.30916353195,7159216,37.7167587280273
4014,2274.6548888536,2500,2237.7840029416,7161716,45.7792854309082
4015,2123.92024123359,2500,2224.22484200407,7164216,45.8823547363281
4016,2265.73472280074,2500,2235.28965841211,7166716,57.3539161682129
4017,2251.52959803433,2500,2236.02861477149,7169216,51.2380599975586
4018,2364.37300951328,2500,2260.87180914361,7171716,79.8760528564453
4019,2157.37015747674,2500,2249.67156535977,7174216,47.6005401611328
4020,586.250930030953,1041,2082.8082950716,7175257,53.7798728942871
4021,2264.85746651664,2500,2093.32483504172,7177757,58.6828422546387
4022,2162.57343740498,2500,2072.51499368057,7180257,35.8206748962402
4023,2258.34196793397,2500,2070.96064197988,7182757,34.5963096618652
4024,2166.24485360578,2500,2060.1196384551,7185257,44.7186088562012
4025,2338.55594415643,2500,2081.58320874739,7187757,72.5246887207031
4026,2153.19278375434,2500,2070.32901484275,7190257,48.2275390625
4027,2268.93087248797,2500,2072.06914228811,7192757,44.6352996826172
4028,445.995298128253,1008,1880.23137114961,7193765,64.0509033203125
4029,2261.94764200851,2500,1890.68911960278,7196265,47.2033538818359
4030,2268.70809039341,2500,2058.93483563903,7198765,53.6977272033691
4031,2364.14311192272,2500,2068.86340017964,7201265,77.4961471557617
4032,2359.91860495839,2500,2088.59791693498,7203765,73.7596206665039
4033,2143.83625727125,2500,2077.14734586871,7206265,36.4855041503906
4034,2371.04140196458,2500,2097.62700070459,7208765,87.7171249389648
4035,1768.94167174479,2500,2040.66557346342,7211265,45.2333793640137
4036,2250.94539766864,2500,2050.44083485485,7213765,49.3508911132812
4037,2270.55691988696,2500,2050.60343959475,7216265,52.1287422180176
4038,2369.2154772118,2500,2242.92545750311,7218765,84.2581176757812
4039,2168.96022553744,2500,2233.626715856,7221265,42.4173774719238
4040,2267.12436741561,2500,2233.46834355822,7223765,40.8385353088379
4041,2371.29931366349,2500,2234.18396373229,7226265,81.6100311279297
4042,2248.14031790743,2500,2223.0061350272,7228765,57.7659072875977
4043,2269.17690009364,2500,2235.54019930944,7231265,48.8897666931152
4044,2156.45124531146,2500,2214.08118364413,7233765,38.4877166748047
4045,2134.00932614579,2500,2250.58794908423,7236265,41.5033073425293
4046,2259.4394903841,2500,2251.43735835577,7238765,57.7401161193848
4047,2347.86667419595,2500,2259.16833378667,7241265,70.6145629882812
4048,2372.92790920118,2500,2259.53957698561,7243765,87.9591979980469
4049,2271.17630942024,2500,2269.76118537389,7246265,54.3186264038086
4050,2263.72522032202,2500,2269.42127066453,7248765,66.6533813476562
4051,2368.43397838057,2500,2269.13473713624,7251265,89.3358840942383
4052,2158.43268995888,2500,2260.16397434138,7253765,47.7225151062012
4053,2045.77546533012,2500,2237.82383086503,7256265,37.3890495300293
4054,2256.15838157562,2500,2247.79454449145,7258765,58.4378356933594
4055,2360.88745171476,2500,2270.48235704834,7261265,75.3676071166992
4056,2241.35910049779,2500,2268.67431805971,7263765,65.6843185424805
4057,2164.15568826275,2500,2250.30321946639,7266265,42.0454254150391
4058,2263.77048906507,2500,2239.38747745278,7268765,64.9105453491211
4059,2270.66754809595,2500,2239.33660132035,7271265,47.0943450927734
4060,2271.60848325066,2500,2240.12492761322,7273765,56.958911895752
4061,2255.63617846379,2500,2228.84514762154,7276265,58.2721138000488
4062,2268.18960467862,2500,2239.82083909351,7278765,58.5674667358398
4063,2170.18247523013,2500,2252.26154008351,7281265,40.8921852111816
4064,2141.15107381818,2500,2240.76080930777,7283765,47.1035385131836
4065,2246.96128896313,2500,2229.36819303261,7286265,64.3810806274414
4066,2156.75257811851,2500,2220.90754079468,7288765,50.1731567382812
4067,2263.13599139418,2500,2230.80557110782,7291265,55.0689888000488
4068,2270.91613296931,2500,2231.52013549824,7293765,59.305362701416
4069,2146.72624966339,2500,2219.12600565499,7296265,38.4896697998047
4070,2377.49164642448,2500,2229.71432197237,7298765,88.5870895385742
4071,2164.62312318006,2500,2220.613016444,7301265,39.1092758178711
4072,2213.2807943222,2500,2215.12213540836,7303765,67.9550323486328
4073,2371.59691366645,2500,2235.26357925199,7306265,82.0553817749023
4074,2166.9180564235,2500,2237.84027751252,7308765,36.578311920166
4075,2164.99576323299,2500,2229.64372493951,7311265,46.9906539916992
4076,2260.09286012121,2500,2239.97775313978,7313765,56.2856826782227
4077,2328.32105520118,2500,2246.49625952048,7316265,74.248893737793
4078,2165.80719437553,2500,2235.9853656611,7318765,37.5665550231934
4079,2371.90905425173,2500,2258.50364611993,7321265,87.1897583007812
4080,2374.91372530415,2500,2258.2458540079,7323765,85.4699554443359
4081,2075.4431711774,2500,2249.32785880763,7326265,54.8383979797363
4082,2162.20307311339,2500,2244.22008668675,7328765,38.2735900878906
4083,2231.44667801143,2500,2230.20506312125,7331265,62.8648414611816
4084,2370.54763981362,2500,2250.56802146026,7333765,80.3313522338867
4085,2274.45103925564,2500,2261.51354906253,7336265,48.0689888000488
4086,2051.86840033867,2500,2240.69110308428,7338765,34.1760368347168
4087,2243.84502620375,2500,2232.24350018453,7341265,57.3313064575195
4088,2268.02935906674,2500,2242.46571665365,7343765,62.4405632019043
4089,2153.83116893762,2500,2220.65792812224,7346265,42.137622833252
4090,2143.21093822829,2500,2197.48764941466,7348765,53.525203704834
4091,2171.59680755495,2500,2207.10301305241,7351265,39.8875122070312
4092,2373.58415355008,2500,2228.24112109608,7353765,82.7184219360352
4093,2261.45802532468,2500,2231.24225582741,7356265,72.3493499755859
4094,2168.01991173752,2500,2210.98948301979,7358765,39.7686424255371
4095,2275.08733106299,2500,2211.05311220053,7361265,48.3807258605957
4096,2273.26743251444,2500,2233.19301541811,7363765,64.9857482910156
4097,2171.78975675245,2500,2225.98748847298,7366265,44.8462448120117
4098,2151.93059603285,2500,2214.37761216959,7368765,44.9762306213379
4099,2170.50528545085,2500,2216.04502382091,7371265,44.2454872131348
4100,2356.14962329524,2500,2237.3388923276,7373765,82.0498428344727
4101,2266.44486982692,2500,2246.8236985548,7376265,56.6460189819336
4102,2255.23650201021,2500,2234.98893340081,7378765,71.6494522094727
4103,2164.09992720696,2500,2225.25312358904,7381265,38.5833282470703
4104,2166.49141356781,2500,2225.10027377207,7383765,41.7905006408691
4105,2157.83473987839,2500,2213.37501465361,7386265,47.3742828369141
4106,2246.09269527299,2500,2210.65754092947,7388765,47.3018264770508
4107,2256.92278029317,2500,2219.17084328354,7391265,53.1455535888672
4108,2323.44245332981,2500,2236.32202901323,7393765,72.7025756835938
4109,2164.60963325185,2500,2235.73246379333,7396265,41.1762351989746
4110,2370.38910548401,2500,2237.15641201221,7398765,81.4161911010742
4111,2272.90270219732,2500,2237.80219524925,7401265,52.3620262145996
4112,2270.23517166041,2500,2239.30206221427,7403765,53.5275726318359
4113,2226.67367436813,2500,2245.55943693039,7406265,63.8766555786133
4114,2221.45430547975,2500,2251.05572612158,7408765,65.9695129394531
4115,2229.93371043531,2500,2258.26562317728,7411265,65.5871887207031
4116,2253.50536974644,2500,2259.00689062462,7413765,75.0205993652344
4117,2373.50894008329,2500,2270.66550660363,7416265,88.273307800293
4118,1813.86548948302,2500,2219.70781021895,7418765,62.7683868408203
4119,2361.82048713781,2500,2239.42889560755,7421265,79.3163909912109
4120,2335.07147599436,2500,2235.89713265858,7423765,70.4457168579102
4121,2366.65838714264,2500,2245.27270115312,7426265,80.0441207885742
4122,2153.26398228759,2500,2233.57558221583,7428765,51.1708450317383
4123,2267.87144395728,2500,2237.69535917475,7431265,66.0283508300781
4124,2358.92541562269,2500,2251.44247018904,7433765,77.8557052612305
4125,2269.98669254009,2500,2255.44776839952,7436265,53.9576988220215
4126,2107.40154930897,2500,2240.83738635577,7438765,51.6002082824707
4127,188.755473665569,244,2022.362039714,7439009,65.6845245361328
4128,2163.85396874822,2500,2057.36088764052,7441509,40.4635925292969
4129,2164.38042041171,2500,2037.61688096791,7444009,35.4248733520508
4130,2376.9283539498,2500,2041.80256876345,7446509,87.7592239379883
4131,2272.93202223502,2500,2032.42993227269,7449009,60.9028816223145
4132,2377.32178334873,2500,2054.83571237881,7451509,85.5940093994141
4133,2278.54239987985,2500,2055.90280797106,7454009,54.7615623474121
4134,2234.99834081168,2500,2043.51010048996,7456509,45.1898002624512
4135,2262.82929182785,2500,2042.79436041874,7459009,59.2322959899902
4136,2135.57538811223,2500,2045.61174429907,7461509,45.4184494018555
4137,2254.13265835996,2500,2252.14946276851,7464009,55.2825698852539
4138,2262.77835202529,2500,2262.04190109621,7466509,66.9464416503906
4139,2274.61242655237,2500,2273.06510171028,7469009,47.4581298828125
4140,2091.69255161334,2500,2244.54152147663,7471509,49.4016227722168
4141,2168.6756102521,2500,2234.11588027834,7474009,45.9867820739746
4142,2262.49959622739,2500,2222.63366156621,7476509,52.0678825378418
4143,2353.38989005593,2500,2230.11841058381,7479009,77.4526214599609
4144,2357.72851344605,2500,2242.39142784725,7481509,74.3917846679688
4145,2167.76300908789,2500,2232.88479957325,7484009,38.1867752075195
4146,255.389143084963,331,2044.86617507053,7484340,67.7243041992188
4147,2267.71471126704,2500,2046.22438036124,7486840,61.8147621154785
4148,2267.11542706348,2500,2046.65808786505,7489340,42.6675758361816
4149,2278.20931076497,2500,2047.01777628631,7491840,44.4633560180664
4150,2154.02362208663,2500,2053.25088333364,7494340,39.5902900695801
4151,2056.28542390443,2500,2042.01186469888,7496840,36.6817512512207
4152,2198.37101608185,2500,2035.59900668432,7499340,71.254035949707
4153,2169.12629857977,2500,2017.17264753671,7501840,44.6498832702637
4154,2258.12360870425,2500,2007.21215706253,7504340,46.4277496337891
4155,2115.9672373648,2500,2002.03257989022,7506840,44.0625114440918
4156,2223.38858419564,2500,2198.83252400129,7509340,65.82666015625
4157,2276.62566115629,2500,2199.72361899021,7511840,59.6129837036133
4158,1356.05324395667,2500,2108.61740067953,7514340,63.2144203186035
4159,1696.66860086023,2500,2050.46332968906,7516840,40.2182731628418
4160,2230.57921970971,2500,2058.11888945137,7519340,75.5304412841797
4161,2151.8917354211,2500,2067.67952060303,7521840,44.4849433898926
4162,367.646962112097,533,1884.60711520606,7522373,49.5573425292969
4163,2267.19971292359,2500,1894.41445664044,7524873,57.9820404052734
4164,2158.36309081262,2500,1884.43840485128,7527373,40.9306106567383
4165,2364.89004760937,2500,1909.33068587573,7529873,77.2362289428711
4166,2262.65985492151,2500,1913.25781294832,7532373,64.3235702514648
4167,2373.07951889233,2500,1922.90319872192,7534873,88.4782409667969
4168,2246.80294987254,2500,2011.97816931351,7537373,62.4513549804688
4169,2374.13925558499,2500,2079.72523478598,7539873,86.3988952636719
4170,2059.63435518317,2500,2062.63074833333,7542373,36.5351600646973
4171,2364.51281838512,2500,2083.89285662973,7544873,78.4112930297852
4172,2376.73939359901,2500,2284.80209977842,7547373,80.5514907836914
4173,1583.86773950018,2500,2216.46890243608,7549873,67.8063888549805
4174,2080.33049597723,2500,2208.66564295254,7552373,71.1585693359375
4175,2276.69615923766,2500,2199.84625411537,7554873,56.4873809814453
4176,2264.47632217262,2500,2200.02790084048,7557373,59.2828903198242
4177,2227.25539410509,2500,2185.44548836176,7559873,65.0285263061523
4178,2371.22301231295,2500,2197.8874946058,7562373,86.5589599609375
4179,2169.92266574638,2500,2177.46583562194,7564873,43.7134094238281
4180,2274.23532053597,2500,2198.92593215722,7567373,52.0337448120117
4181,2164.36215094269,2500,2178.91086541298,7569873,39.5021934509277
4182,1989.29142889498,2500,2140.16606894257,7572373,64.261474609375
4183,2225.10484154659,2500,2204.28977914722,7574873,73.804557800293
4184,2372.08407809794,2500,2233.46513735929,7577373,87.5024566650391
4185,2247.30564597165,2500,2230.52608603269,7579873,54.3561477661133
4186,2121.91619136344,2500,2216.27007295177,7582373,43.8510856628418
4187,2377.85556200502,2500,2231.33008974176,7584873,88.6902618408203
4188,2280.37990399116,2500,2222.24577890958,7587373,54.8291664123535
4189,2134.33582277961,2500,2218.68709461291,7589873,40.7012634277344
4190,2379.45421962149,2500,2229.20898452146,7592373,89.9119567871094
4191,2272.68377757889,2500,2240.04114718508,7594873,58.0662384033203
4192,2235.28186664306,2500,2264.64019095989,7597373,48.5911636352539
4193,2272.72932481932,2500,2269.40263928716,7599873,54.287769317627
4194,2111.12803300264,2500,2243.30703477763,7602373,47.4728584289551
4195,2108.21041536569,2500,2229.39751171703,7604873,68.4328155517578
4196,2163.03941690826,2500,2233.50983427151,7607373,36.3180809020996
4197,2216.84842574343,2500,2217.40912064535,7609873,68.2847442626953
4198,2274.00472635605,2500,2216.77160288184,7612373,62.3267669677734
4199,2261.7770238057,2500,2229.51572298445,7614873,48.9856338500977
4200,2261.77348349078,2500,2217.74764937138,7617373,62.4511184692383
4201,2358.60197715189,2500,2226.33946932868,7619873,80.676139831543
4202,2168.92620378938,2500,2219.70390304331,7622373,44.0915908813477
4203,2152.41044545798,2500,2207.67201510718,7624873,52.6799087524414
4204,2151.08755535681,2500,2211.6679673426,7627373,48.9584999084473
4205,2267.21571425729,2500,2227.56849723176,7629873,57.2216415405273
4206,2012.30331506624,2500,2212.49488704755,7632373,48.2216262817383
4207,2153.80990539101,2500,2206.19103501231,7634873,37.5935211181641
4208,2224.55496727505,2500,2201.24605910421,7637373,44.5856895446777
4209,2261.81293657661,2500,2201.2496503813,7639873,54.5347480773926
4210,1886.03895557613,2500,2163.67619758984,7642373,39.815258026123
4211,2263.316249589,2500,2154.14762483355,7644873,53.2502365112305
4212,2151.22469180674,2500,2152.37747363528,7647373,45.9825973510742
4213,2166.13549368164,2500,2153.74997845765,7649873,37.6658477783203
4214,2254.21484830454,2500,2164.06270775242,7652373,68.6877288818359
4215,2169.39217264681,2500,2154.28035359138,7654873,44.378490447998
4216,2121.44252571002,2500,2165.19427465575,7657373,36.5101623535156
4217,2372.91458114102,2500,2187.10474223076,7659873,87.5302124023438
4218,2255.40332288926,2500,2190.18957779218,7662373,64.3408889770508
4219,2162.44762293223,2500,2180.25304642774,7664873,49.2063751220703
4220,2269.48780566453,2500,2218.59793143658,7667373,54.8503837585449
4221,2175.95754062239,2500,2209.86206053992,7669873,38.2715835571289
4222,2116.03948230332,2500,2206.34353958958,7672373,71.8099365234375
4223,2260.14554193334,2500,2215.74454441475,7674873,53.7526473999023
4224,2248.59838541071,2500,2215.18289812536,7677373,64.3041763305664
4225,2252.29537019105,2500,2223.47321787979,7679873,59.7874221801758
4226,2150.64722621737,2500,2226.39368793052,7682373,43.2048416137695
4227,2373.43512958044,2500,2226.44574277446,7684873,78.2686614990234
4228,2243.12551979506,2500,2225.21796246504,7687373,64.7590560913086
4229,2269.33448854331,2500,2235.90664902615,7689873,51.4245986938477
4230,2269.8251480332,2500,2235.94038326302,7692373,43.0447158813477
4231,2161.36341927784,2500,2234.48097112856,7694873,39.6261749267578
4232,2164.46618262538,2500,2239.32364116077,7697373,39.608699798584
4233,2247.84971793254,2500,2238.09405876069,7699873,60.6290016174316
4234,2236.32585698051,2500,2236.86680591767,7702373,63.1284332275391
4235,2274.91035889936,2500,2239.1283047885,7704873,48.4174194335938
4236,2254.73504272445,2500,2249.53708643921,7707373,62.842472076416
4237,2272.98817019113,2500,2239.49239050028,7709873,51.2504653930664
4238,2237.94876105399,2500,2238.97471462617,7712373,67.2428207397461
4239,2272.65809371224,2500,2239.30707514306,7714873,59.6111907958984
4240,2163.50422005603,2500,2228.67498234535,7717373,36.0265159606934
4241,2259.95551391148,2500,2238.53419180871,7719873,60.9618721008301
4242,2160.4584458776,2500,2238.13341813393,7722373,38.9488067626953
4243,2369.68356391794,2500,2250.31680273247,7724873,76.7660217285156
4244,2153.8870405401,2500,2242.07292108843,7727373,41.3090667724609
4245,2169.03162861708,2500,2231.4850480602,7729873,36.4530868530273
4246,2269.62817143495,2500,2232.97436093125,7732373,53.5844535827637
4247,2167.48804888525,2500,2222.42434880067,7734873,41.361011505127
4248,2348.51424747544,2500,2233.48089744281,7737373,74.9928436279297
4249,2245.21726767161,2500,2230.73681483875,7739873,58.7038230895996
4250,2265.01704179178,2500,2240.88809701232,7742373,46.7408180236816
4251,2374.08358379051,2500,2252.30090400023,7744873,85.2755584716797
4252,2144.44749071274,2500,2250.69980848374,7747373,41.7441596984863
4253,2272.43316981706,2500,2240.97476907365,7749873,49.0590782165527
4254,2149.65037462026,2500,2240.55110248167,7752373,45.9157562255859
4255,2348.67598526533,2500,2258.51553814649,7754873,74.8387603759766
4256,2364.76544764973,2500,2268.02926576797,7757373,80.2251739501953
4257,2363.78563660005,2500,2287.65902453945,7759873,82.1200866699219
4258,2276.80096590324,2500,2280.48769638223,7762373,57.2533493041992
4259,2220.67915755472,2500,2278.03388537054,7764873,65.0562133789062
4260,2273.56846296593,2500,2278.88902748796,7767373,48.9850234985352
4261,2271.81605044427,2500,2268.66227415333,7769873,49.1455612182617
4262,2374.8150973226,2500,2291.69903481432,7772373,89.8831405639648
4263,2142.22811975088,2500,2278.6785298077,7774873,44.6316070556641
4264,2158.3212375371,2500,2279.54561609938,7777373,50.5253601074219
4265,2155.20684548624,2500,2260.19870212147,7779873,46.6842651367188
4266,2153.51135191703,2500,2239.07329254821,7782373,40.6567687988281
4267,2265.12216508634,2500,2229.20694539683,7784873,58.503044128418
4268,2274.96943323023,2500,2229.02379212953,7787373,53.1993179321289
4269,2264.6672076823,2500,2233.42259714229,7789873,65.8873291015625
4270,2251.36291990315,2500,2231.20204283602,7792373,53.0916595458984
4271,2273.13453859717,2500,2231.3338916513,7794873,58.9370422363281
4272,2376.98264819769,2500,2231.55064673881,7797373,83.8541793823242
4273,2157.29773779668,2500,2233.05760854339,7799873,43.6185531616211
4274,2364.25012699082,2500,2253.65049748877,7802373,78.9922180175781
4275,2163.29196101467,2500,2254.45900904161,7804873,51.3810958862305
4276,2022.83235809033,2500,2241.39110965894,7807373,46.2598571777344
4277,2011.20410481721,2500,2215.99930363203,7809873,36.5192108154297
4278,2152.62769151241,2500,2203.76512946024,7812373,35.9980545043945
4279,2272.5350799999,2500,2204.551916692,7814873,56.1116561889648
4280,2270.7594360106,2500,2206.49156830275,7817373,61.7083740234375
4281,2353.92607378889,2500,2214.57072182192,7819873,74.5512771606445
4282,2260.64909217519,2500,2202.93736621967,7822373,51.195671081543
4283,2267.33806374395,2500,2213.9413988144,7824873,59.1572875976562
4284,2163.5671842658,2500,2193.8731045419,7827373,50.4491271972656
4285,2155.87093615056,2500,2193.13100205549,7829873,43.662956237793
4286,2231.57683588559,2500,2214.00544983501,7832373,67.0736618041992
4287,2179.52776583386,2500,2230.83781593668,7834873,47.0272064208984
4288,2377.09428108468,2500,2253.2844748939,7837373,91.6553726196289
4289,2372.24063502428,2500,2263.25503039634,7839873,84.5828170776367
4290,2359.52755803412,2500,2272.13184259869,7842373,78.0038986206055
4291,2274.76340496702,2500,2264.21557571651,7844873,54.177864074707
4292,2059.35774834571,2500,2244.08644133356,7847373,36.2925224304199
4293,2368.38456014773,2500,2254.19109097393,7849873,78.1352920532227
4294,2116.79458668951,2500,2249.5138312163,7852373,72.7307662963867
4295,2264.65409620229,2500,2260.39214722148,7854873,65.8738021850586
4296,2053.1715357173,2500,2242.55161720465,7857373,35.9878387451172
4297,2364.08810960569,2500,2261.00765158183,7859873,80.168212890625
4298,2239.72991454267,2500,2247.27121492763,7862373,73.7282867431641
4299,576.481515086944,974,2067.6953029339,7863347,33.6742248535156
4300,2265.39198717863,2500,2058.28174584835,7865847,45.1933746337891
4301,2275.14271455979,2500,2058.31967680763,7868347,54.4485015869141
4302,2374.75826272892,2500,2089.85972824595,7870847,82.3559188842773
4303,2057.69464034053,2500,2058.79073626523,7873347,38.4079360961914
4304,2363.77523294379,2500,2083.48880089066,7875847,77.7174682617188
4305,2164.03510891715,2500,2073.42690216214,7878347,48.4530868530273
4306,2238.78259844358,2500,2091.98800843477,7880847,71.7711791992188
4307,2052.14110658917,2500,2060.79330813312,7883347,34.5241317749023
4308,2163.91068961613,2500,2053.21138564046,7885847,38.1484146118164
4309,2045.33448684104,2500,2200.09668281587,7888347,31.1224575042725
4310,2170.81891950727,2500,2190.63937604874,7890847,42.4689292907715
4311,2162.10084617425,2500,2179.33518921018,7893347,53.4532012939453
4312,2249.10327230783,2500,2166.76969016807,7895847,49.8684539794922
4313,2245.27320136782,2500,2185.5275462708,7898347,40.9228630065918
4314,2143.43380725824,2500,2163.49340370225,7900847,36.2353401184082
4315,2269.15910148254,2500,2174.00580295879,7903347,52.215461730957
4316,2173.47751657588,2500,2167.47529477202,7905847,47.9113693237305
4317,2155.4082438603,2500,2177.80200849913,7908347,48.8194274902344
4318,2167.48027620502,2500,2178.15896715802,7910847,42.3544731140137
4319,2044.34769049859,2500,2178.06028752377,7913347,39.600170135498
4320,2244.35531087228,2500,2185.41392666027,7915847,69.6980590820312
4321,2261.16838081742,2500,2195.32068012459,7918347,67.9446182250977
4322,2167.11665819967,2500,2187.12201871377,7920847,37.1598968505859
4323,2163.28585941374,2500,2178.92328451837,7923347,37.8380279541016
4324,2359.7624906441,2500,2200.55615285695,7925847,78.7605514526367
4325,2046.82994601565,2500,2178.32323731026,7928347,32.338451385498
4326,2172.82411171041,2500,2178.25789682372,7930847,51.1595153808594
4327,2045.73361146505,2500,2167.29043358419,7933347,39.0114860534668
4328,2046.16346588331,2500,2155.15875255202,7935847,37.0726356506348
4329,2052.45822169772,2500,2155.96980567193,7938347,39.1267585754395
4330,2377.49193841859,2500,2169.28346842657,7940847,89.5729675292969
4331,2171.31810688981,2500,2160.29844103381,7943347,40.5889472961426
4332,2377.64370588302,2500,2181.35114580214,7945847,83.0934143066406
4333,2263.39251357319,2500,2191.36181121809,7948347,57.0052909851074
4334,2160.81788378453,2500,2171.46735053213,7950847,40.5778198242188
4335,2037.09065833795,2500,2170.49342176436,7953347,39.5168800354004
4336,2376.073259736,2500,2190.81833656692,7955847,85.5841369628906
4337,2038.1533058755,2500,2190.06030600796,7958347,37.6747055053711
4338,2370.83027985385,2500,2222.52698740502,7960847,83.1063003540039
4339,2276.07854421711,2500,2244.88901965695,7963347,54.6412353515625
4340,2379.01893666536,2500,2245.04171948163,7965847,89.2268676757812
4341,2264.91094707688,2500,2254.40100350034,7968347,58.1080284118652
4342,2269.26381971746,2500,2243.56301488378,7970847,57.0496139526367
4343,2365.64506526496,2500,2253.78827005296,7973347,76.1611404418945
4344,2265.16964124491,2500,2264.223445799,7975847,45.4608573913574
4345,2244.95823642415,2500,2285.01020360762,7978347,59.5423622131348
4346,2272.12830214632,2500,2274.61570784865,7980847,50.0368118286133
4347,2267.90476561849,2500,2297.59085382295,7983347,63.4391098022461
4348,2263.28101429036,2500,2286.8359272666,7985847,48.4208068847656
4349,2275.769782555,2500,2286.80505110039,7988347,54.384090423584
4350,2241.59358404248,2500,2273.0625158381,7990847,42.5957717895508
4351,2163.69486225707,2500,2262.94090735612,7993347,53.7629013061523
4352,2234.31876255816,2500,2259.44640164019,7995847,47.9948539733887
4353,2273.39669080919,2500,2250.22156419461,7998347,54.1408462524414
4354,2254.34129624594,2500,2249.13872969472,8000847,66.0311889648438
4355,2051.25691925259,2500,2229.76859797756,8003347,39.4703140258789
4356,2175.96653612822,2500,2220.15242137575,8005847,41.8637390136719
4357,2266.75672010437,2500,2220.03761682434,8008347,67.1561889648438
4358,2155.64170142175,2500,2209.27368553748,8010847,33.1745223999023
4359,2233.60722752534,2500,2205.05743003451,8013347,58.7011337280273
4360,2267.64608737182,2500,2207.66268036745,8015847,62.0429153442383
4361,2246.88389689821,2500,2215.98158383156,8018347,69.9420471191406
4362,2273.28330384753,2500,2219.8780379605,8020847,53.1027984619141
4363,2358.28756282832,2500,2228.36712516241,8023347,76.3128967285156
4364,2233.84593300419,2500,2226.31758883823,8025847,69.5910949707031
4365,2166.00125684228,2500,2237.7920225972,8028347,39.0178146362305
4366,2164.28667940306,2500,2236.62403692469,8030847,44.8621444702148
4367,2043.60671213376,2500,2214.30903612762,8033347,37.928295135498
4368,2366.23065621399,2500,2235.36793160685,8035847,86.8633804321289
4369,2363.11196928966,2500,2248.31840578328,8038347,78.8060836791992
4370,2173.05689816271,2500,2238.85948686237,8040847,45.8886108398438
4371,2164.10616598647,2500,2230.5817137712,8043347,44.6347770690918
4372,2048.31249034188,2500,2208.08463242063,8045847,39.1759185791016
4373,2381.51442414872,2500,2210.40731855267,8048347,91.7985076904297
4374,2268.25220932046,2500,2213.8479461843,8050847,56.8143119812012
4375,2050.01783375449,2500,2202.24960387552,8053347,35.5881195068359
4376,2269.71095086871,2500,2212.79203102208,8055847,56.2606391906738
4377,2355.54577273209,2500,2243.98593708192,8058347,76.070198059082
4378,2213.80231859112,2500,2228.74310331963,8060847,70.019287109375
4379,1801.79283229829,2500,2172.61118962049,8063347,63.7841796875
4380,2158.42099306854,2500,2171.14759911108,8065847,50.1193504333496
4381,2107.28552184629,2500,2165.46553469706,8068347,59.6063652038574
4382,2273.07019140874,2500,2187.94130480375,8070847,54.8892402648926
4383,2167.58858773439,2500,2166.54872116231,8073347,46.4869270324707
4384,2276.88126797789,2500,2167.41162702806,8075847,51.7739906311035
4385,2043.6921422662,2500,2166.77905787923,8078347,36.7583656311035
4386,2374.05894706021,2500,2177.21385749838,8080847,81.5902099609375
4387,2171.92407180301,2500,2158.85168740547,8083347,52.331356048584
4388,2161.21679366903,2500,2153.59313491326,8085847,44.3996391296387
4389,2347.68112335662,2500,2208.18196401909,8088347,68.7129364013672
4390,2218.80485121974,2500,2214.22034983421,8090847,68.2279968261719
4391,2257.68939644866,2500,2229.26073729445,8093347,62.9783706665039
4392,2273.1239903196,2500,2229.26611718554,8095847,64.4926528930664
4393,2062.81752753686,2500,2218.78901116578,8098347,34.9501647949219
4394,2053.87706186937,2500,2196.48859055493,8100847,40.0309371948242
4395,2064.20702812512,2500,2198.54007914082,8103347,35.0982437133789
4396,2352.90598094692,2500,2196.42478252949,8105847,78.5158996582031
4397,2339.18628364455,2500,2213.15100371365,8108347,70.3605422973633
4398,2278.12009970151,2500,2224.84133431689,8110847,50.944278717041
4399,2277.20344741865,2500,2217.7935667231,8113347,52.5090446472168
4400,2249.41316155336,2500,2220.85439775646,8115847,53.064151763916
4401,2096.41936406194,2500,2204.72739451779,8118347,64.5446929931641
4402,2363.3033885193,2500,2213.74533433776,8120847,78.2224273681641
4403,2257.75345200383,2500,2233.23892678445,8123347,66.4272689819336
4404,2268.97234456177,2500,2254.74845505369,8125847,58.9304733276367
4405,2061.3506610183,2500,2254.46281834301,8128347,40.5500755310059
4406,2276.87359011195,2500,2246.85957925952,8130847,54.2184295654297
4407,2171.14694470172,2500,2230.05564536523,8133347,43.867992401123
4408,1930.25159833637,2500,2195.26879522872,8135847,34.8193092346191
4409,2153.94701163578,2500,2182.94315165043,8138347,48.4539756774902
4410,2149.83212573065,2500,2172.98504806816,8140847,50.6048049926758
4411,2264.65968097851,2500,2189.80907975982,8143347,60.9222030639648
4412,2155.9797787122,2500,2169.07671877911,8145847,39.4902458190918
4413,1954.02082126984,2500,2138.70345570571,8148347,34.3086967468262
4414,2065.40400359934,2500,2118.34662160947,8150847,34.9843368530273
4415,2376.6365912545,2500,2149.87521463309,8153347,85.9271392822266
4416,2261.4112804803,2500,2148.32898366992,8155847,53.7987403869629
4417,2254.78487117047,2500,2156.6927763168,8158347,46.3561210632324
4418,2267.61533078937,2500,2190.42914956209,8160847,56.4851760864258
4419,2269.82209389308,2500,2202.01665778782,8163347,45.8156890869141
4420,2065.29978945357,2500,2193.56342416012,8165847,36.8400344848633
4421,2169.45304244569,2500,2184.04276030683,8168347,42.3290557861328
4422,2166.77713134131,2500,2185.12249556975,8170847,51.1194076538086
4423,2274.40312189378,2500,2217.16072563214,8173347,65.3914642333984
4424,2364.16589520297,2500,2247.0369147925,8175847,77.2804107666016
4425,2049.47486079526,2500,2214.32074174658,8178347,39.1333656311035
4426,2174.45903159155,2500,2205.6255168577,8180847,46.1852188110352
4427,2269.40330024409,2500,2207.08735976507,8183347,56.295524597168
4428,2059.11777649001,2500,2186.23760433513,8185847,43.0689239501953
4429,2268.74630628287,2500,2186.13002557411,8188347,54.7158279418945
4430,2370.01060126987,2500,2216.60110675574,8190847,83.8172912597656
4431,2276.30105942624,2500,2227.28590845379,8193347,44.8615875244141
4432,2252.77595619084,2500,2235.88579093875,8195847,51.6999130249023
4433,2145.77898746759,2500,2223.02337749613,8198347,50.8463287353516
4434,2254.46489185085,2500,2212.05327716092,8200847,64.7008438110352
4435,2122.13213158709,2500,2219.3190042401,8203347,55.3384780883789
4436,2165.09098533432,2500,2218.38219961438,8205847,43.9253234863281
4437,2371.55357963844,2500,2228.59722755381,8208347,84.5176849365234
4438,2146.09526566955,2500,2237.29497647177,8210847,44.628963470459
4439,2254.45403757872,2500,2235.86574960135,8213347,56.8760299682617
4440,2051.70557828976,2500,2204.03524730334,8215847,33.9075660705566
4441,2165.89742578396,2500,2192.99488393911,8218347,45.1562767028809
4442,2369.88725309556,2500,2204.70601362959,8220847,83.1760864257812
4443,2263.20859622375,2500,2216.4489745052,8223347,56.9319915771484
4444,1932.91184450378,2500,2184.29366977049,8225847,37.3089332580566
4445,2061.33386395644,2500,2178.21384300743,8228347,36.1682891845703
4446,2059.66335734651,2500,2167.67108020865,8230847,36.7055625915527
4447,2322.17658394835,2500,2162.73338063964,8233347,73.3069229125977
4448,1956.55279542107,2500,2143.77913361479,8235847,39.7311553955078
4449,2355.74962861106,2500,2153.90869271802,8238347,70.4463119506836
4450,2255.97289762205,2500,2174.33542465125,8240847,59.7875289916992
4451,2259.95703104581,2500,2183.74138517744,8243347,60.2128448486328
4452,2268.07396647779,2500,2173.56005651566,8245847,61.4290504455566
4453,2252.82170901934,2500,2172.52136779522,8248347,71.9145431518555
4454,2257.49300793968,2500,2204.97948413881,8250847,54.2805786132812
4455,2167.77312630888,2500,2215.62341037405,8253347,39.0168991088867
4456,2138.11324999604,2500,2223.468399639,8255847,54.0750541687012
4457,2144.39971298288,2500,2205.69071254246,8258347,47.2478065490723
4458,1952.07879607785,2500,2205.24331260814,8260847,38.2042121887207
4459,2271.55777405608,2500,2196.82412715264,8263347,58.9287872314453
4460,2269.01538543862,2500,2198.1283759343,8265847,51.8059120178223
4461,2162.58461093238,2500,2188.39113392295,8268347,42.1281394958496
4462,2269.3322333747,2500,2188.51696061265,8270847,50.9922828674316
4463,2033.27437102044,2500,2166.56222681276,8273347,42.3712730407715
4464,1947.19307732451,2500,2135.53223375124,8275847,35.1771659851074
4465,2267.05315920116,2500,2145.46023704047,8278347,52.2617835998535
4466,2277.70833326588,2500,2159.41974536745,8280847,46.8810806274414
4467,2167.3876093664,2500,2161.7185350058,8283347,40.1090621948242
4468,2217.26726761796,2500,2188.23738215981,8285847,65.8615646362305
4469,2265.05873149978,2500,2187.58747790418,8288347,62.3338813781738
4470,2276.08831485287,2500,2188.29477084561,8290847,53.7931632995605
4471,2237.13252394726,2500,2195.7495621471,8293347,67.9728927612305
4472,2252.44388582401,2500,2194.06072739203,8295847,62.0924110412598
4473,2378.95768390642,2500,2228.62905868063,8298347,91.9040451049805
4474,2263.95998050846,2500,2260.30574899902,8300847,60.1673240661621
4475,2269.33848514253,2500,2260.53428159316,8303347,65.7432632446289
4476,2268.21142668311,2500,2259.58459093488,8305847,56.8600883483887
4477,2368.12807461667,2500,2279.65863745991,8308347,76.9764785766602
4478,2244.58022731479,2500,2282.38993342959,8310847,61.7072334289551
4479,2199.23211355866,2500,2275.80727163548,8313347,49.9528427124023
4480,2254.57992086535,2500,2273.65643223673,8315847,57.6823196411133
4481,2265.79503923888,2500,2276.52268376589,8318347,58.0352325439453
4482,2061.56062579275,2500,2257.43435776276,8320847,37.1868629455566
4483,2056.01552021096,2500,2225.14014139322,8323347,37.2785835266113
4484,2262.62749050269,2500,2225.00689239264,8325847,54.4367828369141
4485,240.529337916899,384,2022.12597767008,8326231,53.6712341308594
4486,1948.27725862172,2500,1990.13256086394,8328731,38.633243560791
4487,2375.00503934865,2500,1990.82025733713,8331231,86.2211761474609
4488,2058.8514364432,2500,1972.24737824998,8333731,38.1630897521973
4489,2037.16922587903,2500,1956.04108948201,8336231,37.4231109619141
4490,2169.98969551429,2500,1947.58206694691,8338731,48.0385360717773
4491,2358.55183895456,2500,1956.85774691847,8341231,74.8276290893555
4492,2262.42772838718,2500,1976.94445717792,8343731,68.5113067626953
4493,2215.515004131,2500,1992.89440556992,8346231,59.3605537414551
4494,2268.59373214583,2500,1993.49102973424,8348731,49.5152397155762
4495,2142.93770756955,2500,2183.7318666995,8351231,43.2121734619141
4496,2374.18707674376,2500,2226.3228485117,8353731,87.9232711791992
4497,2267.3736518546,2500,2215.5597097623,8356231,49.5588226318359
4498,2257.54825632539,2500,2235.42939175052,8358731,58.7695846557617
4499,2064.86786342834,2500,2238.19925550545,8361231,44.166015625
4500,1948.32614272706,2500,2216.03290022673,8363731,35.8661994934082
4501,2354.29209438802,2500,2215.60692577007,8366231,71.9874877929688
4502,2375.47986844436,2500,2226.91213977579,8368731,87.835319519043
4503,2265.78624694041,2500,2231.93926405673,8371231,68.8186416625977
4504,2268.95677441952,2500,2231.9755682841,8373731,57.018985748291
4505,2039.37709724827,2500,2221.61950725197,8376231,41.5447387695312
4506,2266.44461901233,2500,2210.84526147883,8378731,55.3169860839844
4507,2272.00894595264,2500,2211.30879088863,8381231,53.6034774780273
4508,2369.97077270952,2500,2222.55104252705,8383731,82.1541519165039
4509,2277.81902711602,2500,2243.84615889581,8386231,50.87744140625
4510,2256.71876200334,2500,2274.68542082344,8388731,47.8016586303711
4511,2262.03589750459,2500,2265.4598011351,8391231,55.905143737793
4512,2252.79807397713,2500,2253.19162168838,8393731,59.4925308227539
4513,2359.53188301491,2500,2262.56618529583,8396231,74.0406799316406
4514,2370.55676973933,2500,2272.72618482781,8398731,79.7401428222656
4515,2254.92368188988,2500,2294.28084329197,8401231,74.7665328979492
4516,2335.12751641913,2500,2301.14913303265,8403731,70.0420227050781
4517,2261.07593587257,2500,2300.05583202464,8406231,55.7499923706055
4518,2270.34717519357,2500,2290.09347227305,8408731,52.8178787231445
4519,2272.07308801133,2500,2289.51887836258,8411231,54.433952331543
4520,2242.81334356981,2500,2288.12833651923,8413731,52.9298477172852
4521,2269.38299777265,2500,2288.86304654603,8416231,60.0499496459961
4522,2225.80302879,2500,2286.16354202732,8418731,59.5489044189453
4523,2351.90587502527,2500,2285.40094122835,8421231,70.8679733276367
4524,2340.09007279112,2500,2282.35427153353,8423731,66.5640106201172
4525,2373.84703814526,2500,2294.24660715907,8426231,82.2660980224609
4526,2265.53342041879,2500,2287.28719755904,8428731,62.5977363586426
4527,2381.01871792505,2500,2299.28147576429,8431231,90.0998382568359
4528,2380.38238853866,2500,2310.28499709879,8433731,89.6706466674805
4529,2259.85330617766,2500,2309.06301891543,8436231,55.6023368835449
4530,2256.65908086592,2500,2310.44759264504,8438731,52.933837890625
4531,2354.86656696881,2500,2318.99594956465,8441231,68.426139831543
4532,2149.46189714612,2500,2311.36183640027,8443731,38.7769241333008
4533,2242.5117173888,2500,2300.42242063662,8446231,55.9613342285156
4534,2231.10403065414,2500,2289.52381642292,8448731,59.1351280212402
4535,2139.27354849526,2500,2266.06646745792,8451231,49.4293212890625
4536,2036.07284625802,2500,2243.12041004184,8453731,40.770881652832
4537,2058.55717738117,2500,2210.87425598746,8456231,34.3499488830566
4538,2237.25352982861,2500,2196.56137011645,8458731,71.7515640258789
4539,2160.49876035782,2500,2186.62591553447,8461231,45.8344268798828
4540,2048.28729390956,2500,2165.78873683883,8463731,33.3495292663574
4541,2255.39101944937,2500,2155.84118208689,8466231,52.9834442138672
4542,50.855295033309,69,1945.98052187561,8466300,58.0729598999023
4543,2256.6595754767,2500,1947.3953076844,8468800,77.9333190917969
4544,2041.7340317037,2500,1928.45830778935,8471300,40.735912322998
4545,2373.44639492895,2500,1951.87559243272,8473800,86.9502792358398
4546,2359.23828704025,2500,1984.19213651094,8476300,78.4609985351562
4547,2276.29873268855,2500,2005.96629204168,8478800,53.2867202758789
4548,2060.26206380357,2500,1988.26714543918,8481300,35.7633247375488
4549,2166.39198640164,2500,1988.85646804356,8483800,42.5740089416504
4550,2369.25301792639,2500,2020.95304044524,8486300,74.8485488891602
4551,2380.39182759896,2500,2033.4531212602,8488800,91.7247543334961
4552,2263.9098391874,2500,2254.75857567561,8491300,51.5506019592285
4553,2365.66867867548,2500,2265.65948599549,8493800,78.7886734008789
4554,2170.07766356981,2500,2278.4938491821,8496300,44.8245735168457
4555,2058.44170834773,2500,2246.99338052398,8498800,40.5358772277832
4556,2048.19624058129,2500,2215.88917587808,8501300,39.018798828125
4557,2268.9275384681,2500,2215.15205645604,8503800,58.7199821472168
4558,2378.13612879508,2500,2246.93946295519,8506300,83.5754165649414
4559,66.5773875051622,95,2036.95800306554,8506395,66.2640533447266
4560,2168.86605930646,2500,2016.91930720355,8508895,50.7965621948242
4561,2373.23384492134,2500,2016.20350893579,8511395,90.8339233398438
4562,2380.08501298758,2500,2027.8210263158,8513895,86.5706558227539
4563,36.6434379725637,52,1794.91850224551,8513947,54.3526573181152
4564,2350.19960233491,2500,1812.93069612202,8516447,74.0211791992188
4565,310.992022947981,560,1638.18572758205,8517007,46.0753021240234
4566,2054.82119590629,2500,1638.84822311455,8519507,41.9602546691895
4567,2018.90896785829,2500,1613.84636605357,8522007,46.4539527893066
4568,2170.3170640467,2500,1593.06445957873,8524507,44.1673202514648
4569,1947.66962304049,2500,1781.17368313226,8527007,37.5165061950684
4570,146.679393926363,281,1578.95501659425,8527288,45.557243347168
4571,1816.82907779113,2500,1523.31453988123,8529788,39.2274169921875
4572,2249.02645964941,2500,1510.20868454741,8532288,49.151050567627
4573,126.19615521131,257,1519.16395627129,8532545,40.387149810791
4574,2267.70135448677,2500,1510.91413148647,8535045,59.1907997131348
4575,2264.35396239524,2500,1706.2503254312,8537545,63.8915176391602
4576,2251.19873239214,2500,1725.88807907978,8540045,54.9585876464844
4577,2159.29293602513,2500,1739.92647589647,8542545,42.3119735717773
4578,2261.71305173297,2500,1749.0660746651,8545045,53.135570526123
4579,29.6233084924623,45,1557.26144321029,8545090,58.1565055847168
4580,2257.53862146834,2500,1768.34736596449,8547590,58.4593620300293
4581,2246.39635923341,2500,1811.30409410872,8550090,43.7087898254395
4582,2350.99029161766,2500,1821.50047730554,8552590,67.5908813476562
4583,2139.93857765919,2500,2022.87471955033,8555090,46.1947364807129
4584,491.88109688082,977,1845.29269378974,8556067,40.8361282348633
4585,2249.77817704879,2500,1843.83511525509,8558567,56.7244911193848
4586,1947.33251763109,2500,1813.44849377899,8561067,32.0694389343262
4587,2384.36975260542,2500,1835.95617543702,8563567,88.0691757202148
4588,2357.44541639202,2500,1845.52941190292,8566067,66.4136428833008
4589,2161.15135587495,2500,2058.68221664117,8568567,47.2723922729492
4590,168.826929536328,301,1849.81104744797,8568868,51.1880950927734
4591,33.4494973306546,61,1628.51636125769,8568929,61.2578773498535
4592,2272.49172439934,2500,1620.66650453586,8571429,50.0701026916504
4593,35.0129439896773,52,1410.17394116891,8571481,59.3197479248047
4594,2061.88399209494,2500,1567.17423069032,8573981,40.4918937683105
4595,2273.67836101645,2500,1569.56424908709,8576481,74.3554229736328
4596,2268.70562370692,2500,1601.70155969467,8578981,48.5155258178711
4597,2260.01829677309,2500,1589.26641411144,8581481,53.8406639099121
4598,2265.04899636023,2500,1580.02677210826,8583981,60.7321586608887
4599,2377.31411615628,2500,1601.64304813639,8586481,86.8445739746094
4600,2170.28384740501,2500,1801.78873992326,8588981,42.8301124572754
4601,2371.31971219272,2500,2035.57576140947,8591481,83.5490188598633
4602,2335.04341323538,2500,2041.83093029307,8593981,66.2637023925781
4603,2379.20229020644,2500,2276.24986491475,8596481,89.8586196899414
4604,2262.92140570507,2500,2296.35360627576,8598981,67.8566436767578
4605,357.51090966458,719,2104.73686114057,8599700,34.2856903076172
4606,2362.42455152677,2500,2114.10875392256,8602200,76.0055923461914
4607,2384.39748574626,2500,2126.54667281988,8604700,88.5857009887695
4608,1927.78603459573,2500,2092.82037664343,8607200,41.254264831543
4609,2379.61533593441,2500,2093.05049862124,8609700,89.2227401733398
4610,2363.18544521225,2500,2112.34065840196,8612200,73.7705612182617
4611,2329.91193821902,2500,2108.19988100459,8614700,68.8566360473633
4612,2164.25551464569,2500,2091.12109114562,8617200,48.7260093688965
4613,1924.77354755467,2500,2045.67821688045,8619700,35.7652168273926
4614,2046.08248605596,2500,2023.99432491553,8622200,42.7741622924805
4615,57.4391541027918,79,1993.98714935936,8622279,64.8559722900391
4616,2055.90881133037,2500,1963.33557533971,8624779,41.7410278320312
4617,2163.91556817784,2500,1941.28738358287,8627279,55.9185256958008
4618,2363.20726927711,2500,1984.82950705101,8629779,75.6100921630859
4619,336.528358920091,584,1780.52080934958,8630363,46.0811080932617
4620,2373.38284850994,2500,1781.54054967935,8632863,80.7192916870117
4621,2266.58488967305,2500,1775.20784482475,8635363,73.8836364746094
4622,1960.39137969606,2500,1754.82143132979,8637863,39.7084274291992
4623,1969.80941000367,2500,1759.32501757469,8640363,34.0670280456543
4624,2274.28791640136,2500,1782.14556060923,8642863,63.3422698974609
4625,2270.12174878682,2500,2003.41382007763,8645363,62.1295547485352
4626,1962.81485273158,2500,1994.10442421775,8647863,41.3974266052246
4627,2270.98533677981,2500,2004.81140107795,8650363,68.8203811645508
4628,2350.79823592742,2500,2003.57049774298,8652863,65.0239639282227
4629,2369.7830686108,2500,2206.89596871205,8655363,77.7845916748047
4630,2065.46697816219,2500,2176.10438167728,8657863,47.4675331115723
4631,36.5029473976309,52,1953.09618744973,8657915,54.0276756286621
4632,2069.38642216907,2500,1963.99569169703,8660415,41.9692764282227
4633,2255.87733516309,2500,1992.60248421298,8662915,54.1151580810547
4634,2371.50360693888,2500,2002.32405326673,8665415,78.015007019043
4635,431.124855909707,799,1818.42436397902,8666214,43.6290817260742
4636,2135.75581217589,2500,1835.71845992345,8668714,49.5398788452148
4637,2321.97948581969,2500,1840.81787482744,8671214,67.7382431030273
4638,2271.07321451581,2500,1832.84537268628,8673714,64.0896224975586
4639,1964.50899143965,2500,1792.31796496916,8676214,38.0418701171875
4640,2061.92911113693,2500,1791.96417826664,8678714,41.514289855957
4641,1750.64474337917,2500,1963.37835786479,8681214,37.5359268188477
4642,2268.31327308583,2500,1983.27104295647,8683714,67.4615936279297
4643,1821.07868688785,2500,1939.79117812894,8686214,36.4420318603516
4644,2260.74077000838,2500,1928.71489443589,8688714,50.2094879150391
4645,1816.01600962027,2500,2067.20400980695,8691214,34.3830184936523
4646,1944.26021215613,2500,2048.05444980497,8693714,41.4432373046875
4647,163.30165341324,295,1832.18666656433,8694009,47.4834671020508
4648,2385.69184684208,2500,1843.64852979695,8696509,92.1002502441406
4649,2269.42517930148,2500,1874.14014858313,8699009,62.3598594665527
4650,1957.73456297771,2500,1863.72069376721,8701509,40.8019256591797
4651,2338.86502590097,2500,1922.54272201939,8704009,62.7090339660645
4652,2356.57001055526,2500,1931.36839576634,8706509,67.3075485229492
4653,2373.43847785553,2500,1986.6043748631,8709009,84.1693267822266
4654,756.92163064159,1466,1836.22246092643,8710475,34.0091667175293
4655,2273.33742989177,2500,1881.95460295358,8712975,55.757381439209
4656,2356.86568934683,2500,1923.21515067265,8715475,66.9370574951172
4657,2277.95167551148,2500,2134.68015288247,8717975,72.4746322631836
4658,2380.1285312372,2500,2134.12382132198,8720475,86.5199890136719
4659,2377.32529949224,2500,2144.91383334106,8722975,81.80419921875
4660,2059.65641303704,2500,2155.10601834699,8725475,43.1606216430664
4661,2377.2706190841,2500,2158.9465776653,8727975,85.4896240234375
4662,2362.25228868911,2500,2159.51480547869,8730475,71.2145385742188
4663,2251.51002281967,2500,2147.3219599751,8732975,58.8084259033203
4664,1975.47741794662,2500,2269.17753870561,8735475,41.8510131835938
4665,2270.81085616766,2500,2268.9248813332,8737975,69.4092178344727
4666,2143.91339172812,2500,2247.62965157132,8740475,49.82666015625
4667,2174.03378790162,2500,2237.23786281034,8742975,43.2135162353516
4668,1546.7341306523,2500,2153.89842275185,8745475,34.5379791259766
4669,2270.41795866787,2500,2143.20768866941,8747975,53.3790512084961
4670,2374.16756129827,2500,2174.65880349553,8750475,86.2582702636719
4671,2167.18335799155,2500,2153.65007738628,8752975,56.0600318908691
4672,2263.84701870883,2500,2143.80955038825,8755475,81.7951736450195
4673,2370.04561062982,2500,2155.66310916927,8757975,82.9766693115234
4674,478.257620252626,837,2005.94112939987,8758812,51.8002624511719
4675,211.179461096618,344,1799.97798989276,8759156,50.2196731567383
4676,1541.33102666953,2500,1739.7197533869,8761656,40.5156326293945
4677,68.8319353524662,90,1529.19956813199,8761746,60.2393074035645
4678,2352.49837612583,2500,1609.77599267934,8764246,68.3546905517578
4679,1557.14108517738,2500,1538.44830533029,8766746,36.7020950317383
4680,2269.23532480584,2500,1527.95508168105,8769246,61.877857208252
4681,2273.0917327053,2500,1538.54591915242,8771746,64.0512237548828
4682,1956.31874944288,2500,1507.79309222583,8774246,45.1318397521973
4683,2248.86022423334,2500,1495.67455358618,8776746,59.5342559814453
4684,2061.62405262824,2500,1654.01119682374,8779246,55.4124565124512
4685,2379.3836188181,2500,1870.83161259589,8781746,89.2782440185547
4686,369.355708070737,615,1753.63408073601,8782361,46.948616027832
4687,1756.48747939464,2500,1922.39963514023,8784861,48.690315246582
4688,1241.98058655066,2277,1811.34785618271,8787138,40.5603981018066
4689,2378.74824440562,2500,1893.50857210554,8789638,87.6403045654297
4690,2260.35571625348,2500,1892.6206112503,8792138,55.5834197998047
4691,2260.85254752348,2500,1891.39669273212,8794638,81.3655090332031
4692,2378.64103603623,2500,1933.62892139145,8797138,91.1125564575195
4693,2248.21449993975,2500,1933.56434896209,8799638,68.9098587036133
4694,213.232886503705,345,1748.72523234964,8799983,53.7962799072266
4695,1860.17467684922,2500,1696.80433815275,8802483,37.3103408813477
4696,1560.04944661941,2500,1815.87371200762,8804983,37.2311172485352
4697,2378.82392547221,2500,1878.10735661538,8807483,88.3196029663086
4698,50.4318731046433,67,1758.95248527077,8807550,56.01611328125
4699,2257.87554039068,2500,1746.86521486928,8810050,57.3982467651367
4700,1447.64230281992,2500,1665.59387352592,8812550,41.5824012756348
4701,2372.85122265768,2500,1676.79374103934,8815050,79.2684783935547
4702,2376.01096840648,2500,1676.53073427637,8817550,72.9308853149414
4703,1766.73560206799,2500,1628.38284448919,8820050,42.0261001586914
4704,647.798945568017,1125,1671.83945039562,8821175,45.1464691162109
4705,185.523001767502,317,1504.37428288745,8821492,43.4541854858398
4706,2261.18967471736,2500,1574.48830569725,8823992,72.0326919555664
4707,1946.71535992184,2500,1531.27744914221,8826492,42.8344421386719
4708,2378.74924921214,2500,1764.10918675296,8828992,90.5451202392578
4709,1341.6364367703,2500,1672.48527639092,8831492,38.2269897460938
4710,2379.78822245343,2500,1765.69986835427,8833992,89.1509628295898
4711,2177.07328327152,2500,1746.12207441566,8836492,59.5267028808594
4712,2273.41345500744,2500,1735.86232307575,8838992,65.5815887451172
4713,1659.0307620822,2500,1725.09183907718,8841492,39.9387130737305
4714,2164.79770293118,2500,1876.79171481349,8843992,46.3377113342285
4715,18.008362150074,110,1860.04025085175,8844102,33.9608459472656
4716,2066.32680651262,2500,1840.55396403128,8846602,47.2056694030762
4717,205.936351373852,335,1666.47606317648,8846937,47.3304481506348
4718,2266.24713836428,2500,1655.22585209169,8849437,51.817684173584
4719,2273.41339697028,2500,1748.40354811169,8851937,74.7099151611328
4720,1659.2692775631,2500,1676.35165362265,8854437,46.8048210144043
4721,2377.73436565824,2500,1696.41776186133,8856937,86.8364410400391
4722,2166.4340935886,2500,1685.71982571944,8859437,50.9409828186035
4723,2385.20150400212,2500,1758.33689991143,8861937,90.8573608398438
4724,1557.88183005237,2500,1697.64531262355,8864437,39.7579460144043
4725,1651.96511443994,2500,1861.04098785254,8866937,39.7824630737305
4726,1653.79698393117,2500,1819.78800559439,8869437,39.646556854248
4727,2276.48846506129,2500,2026.84321696314,8871937,57.7224006652832
4728,2249.37742195237,2500,2025.15624532195,8874437,69.4943695068359
4729,1647.81025287873,2500,1962.59593091279,8876937,37.0937385559082
4730,2052.11619125497,2500,2001.88062228198,8879437,35.7486419677734
4731,2273.30099939917,2500,1991.43728565607,8881937,62.5196304321289
4732,2374.52891800784,2500,2012.246768098,8884437,85.5096740722656
4733,2358.22263143836,2500,2009.54888084162,8886937,72.9446258544922
4734,2362.41462177362,2500,2090.00216001375,8889437,69.4432754516602
4735,1384.27330564586,2500,2063.23297913434,8891937,50.5802459716797
4736,28.0260492611785,87,1900.65588566734,8892024,33.9372825622559
4737,2042.30301890306,2500,1877.23734105152,8894524,64.7222061157227
4738,1768.25776435669,2500,1829.12537529195,8897024,46.6201629638672
4739,1659.35368152252,2500,1830.27971815633,8899524,43.2190399169922
4740,2361.12006349877,2500,1861.18010538071,8902024,80.7194442749023
4741,1363.71484241528,2500,1770.22148968232,8904524,45.3017501831055
4742,266.319288344297,408,1559.40052671596,8904932,48.3928070068359
4743,1320.77398189764,2500,1455.65566176189,8907432,31.433406829834
4744,2262.57974859362,2500,1445.67217444389,8909932,61.2031860351562
4745,1743.0618692849,2500,1481.55103080779,8912432,54.2939453125
4746,78.1521277015313,101,1486.56363865183,8912533,56.3737869262695
4747,1378.5845264687,2500,1420.19178940839,8915033,45.0139617919922
4748,2268.79555250103,2500,1470.24556822283,8917533,56.9576416015625
4749,2373.62787249447,2500,1541.67298732002,8920033,77.7226638793945
4750,2253.75541194805,2500,1530.93652216495,8922533,72.5622177124023
4751,1352.92664412051,2500,1529.85770233547,8925033,38.9241714477539
4752,2368.18328283657,2500,1740.0441017847,8927533,86.1824645996094
4753,1371.19620027739,2500,1745.08632362268,8930033,40.7046661376953
4754,1358.12153652984,2500,1654.6405024163,8932533,40.2483444213867
4755,1397.64397357591,2500,1620.0987128454,8935033,37.3880424499512
4756,1448.8659398666,2500,1757.17009406191,8937533,66.3600387573242
4757,1363.294312041,2500,1755.64107261914,8940033,43.108757019043
4758,1460.89058804943,2500,1674.85057617398,8942533,63.5772323608398
4759,2382.40545647549,2500,1675.72833457208,8945033,86.4551391601562
4760,754.236905345,1160,1525.77648391177,8946193,76.2058944702148
4761,1395.73063829563,2500,1530.05688332929,8948693,33.6175804138184
4762,2235.66935979025,2500,1516.80549102465,8951193,67.0676040649414
4763,1367.19544520647,2500,1516.40541551756,8953693,46.7693901062012
4764,1349.05926128953,2500,1515.49918799353,8956193,37.7568397521973
4765,1378.09022109005,2500,1513.54381274495,8958693,47.0269241333008
4766,2379.44263429815,2500,1606.6014821881,8961193,86.0142135620117
4767,1458.95271057124,2500,1616.16732204113,8963693,68.7865600585938
4768,1350.4531560775,2500,1605.12357884393,8966193,42.1369514465332
4769,2378.71361512177,2500,1604.75439470856,8968693,87.1467742919922
4770,1335.4148302064,2500,1662.8721871947,8971193,43.4545745849609
4771,1268.5163833996,2500,1650.1507617051,8973693,39.8359069824219
4772,1329.99030001418,2500,1559.58285572749,8976193,42.0353622436523
4773,2240.75221821243,2500,1646.93853302809,8978693,62.4253120422363
4774,1579.00378841971,2500,1669.9329857411,8981193,50.1903495788574
4775,1362.1227280097,2500,1668.33623643307,8983693,35.8825836181641
4776,1340.1101238948,2500,1564.40298539273,8986193,42.9818572998047
4777,2244.84066649945,2500,1642.99178098555,8988693,58.2766571044922
4778,1957.46464062247,2500,1703.69292944005,8991193,51.637035369873
4779,1650.06683520278,2500,1630.82825144815,8993693,44.2304077148438
4780,2370.14664164923,2500,1734.30143259243,8996193,83.0568161010742
4781,1499.27943632262,2500,1757.37773788474,8998693,59.1339492797852
4782,1358.86628189459,2500,1760.26533607278,9001193,66.8006973266602
4783,2373.68136879758,2500,1773.55825113129,9003693,78.3328018188477
4784,2373.63864422723,2500,1853.02173671204,9006193,80.2291030883789
4785,1644.6227952766,2500,1881.27174343873,9008693,39.9101409912109
4786,1364.40681477734,2500,1883.70141252699,9011193,36.0182228088379
4787,1417.04150129718,2500,1800.92149600676,9013693,53.404109954834
4788,1440.85623349592,2500,1749.26065529411,9016193,49.2273139953613
4789,1435.89294368624,2500,1727.84326614245,9018693,52.7479667663574
4790,1308.00319796436,2500,1621.62892177397,9021193,36.9302635192871
4791,2357.83320949912,2500,1707.48429909162,9023693,80.7123107910156
4792,1352.66303737554,2500,1706.86397463971,9026193,43.1688995361328
4793,2353.43873953959,2500,1704.83971171391,9028693,71.2926788330078
4794,1534.31675976401,2500,1620.90752326759,9031193,52.8907623291016
4795,1399.48180262977,2500,1596.39342400291,9033693,31.4982261657715
4796,2073.9583480587,2500,1667.34857733104,9036193,48.806583404541
4797,177.406217217655,214,1543.38504892309,9036407,76.0081481933594
4798,706.587216469281,1208,1469.95814722043,9037615,38.1261177062988
4799,1442.81187676119,2500,1470.65004052792,9040115,56.7043838500977
4800,2078.96232689175,2500,1547.74595342066,9042615,50.1387176513672
4801,1635.37118901994,2500,1475.49975137274,9045115,40.0496139526367
4802,1420.00434801616,2500,1482.2338824368,9047615,52.4005088806152
4803,1448.15097272385,2500,1391.70510575523,9050115,39.122615814209
4804,1731.52261629392,2500,1411.42569140822,9052615,38.7406921386719
4805,2064.12990540041,2500,1477.89050168529,9055115,51.7278366088867
4806,1439.91558676098,2500,1414.48622555551,9057615,42.4686622619629
4807,2245.19752653701,2500,1621.26535648745,9060115,76.2311553955078
4808,1277.04854042324,2137,1678.31148888285,9062252,45.1428413391113
4809,1410.96948097412,2500,1675.12724930414,9064752,37.8821563720703
4810,1408.75834342282,2500,1608.10685095725,9067252,38.314281463623
4811,1566.06181017753,2500,1601.175913073,9069752,46.4217720031738
4812,1940.85198311442,2500,1653.26067658283,9072252,66.9277496337891
4813,2139.00341953934,2500,1722.34592126438,9074752,53.0737037658691
4814,1440.47931726722,2500,1693.24159136171,9077252,37.916748046875
4815,1425.82927754472,2500,1629.41152857614,9079752,37.6016845703125
4816,1829.71681122879,2500,1668.39165102292,9082252,49.7372741699219
4817,1497.16148190303,2500,1593.58804655952,9084752,45.2707977294922
4818,2278.01385512471,2500,1693.68457802967,9087252,42.1174545288086
4819,126.641610697189,151,1565.25179100198,9087403,70.3633880615234
4820,1928.27693897836,2500,1617.20365055753,9089903,42.6559829711914
4821,1847.94447084605,2500,1645.39191662438,9092403,37.0291976928711
4822,2283.39660793761,2500,1679.6463791067,9094903,57.0004234313965
4823,686.210114385088,1079,1534.36704859128,9095982,42.2044830322266
4824,2067.38023521311,2500,1597.05714038587,9098482,42.3080291748047
4825,2281.74765814213,2500,1682.64897844561,9100982,48.0175666809082
4826,1600.00503941687,2500,1659.67780126442,9103482,38.7311019897461
4827,1723.67109480553,2500,1682.32876255467,9105982,56.2868728637695
4828,2052.72493285372,2500,1659.79987032757,9108482,53.9234275817871
4829,2274.6738278157,2500,1874.60309203942,9110982,82.5579299926758
4830,2379.34469785358,2500,1919.70986792694,9113482,86.2568130493164
4831,2276.44160646144,2500,1962.55958148848,9115982,63.7652130126953
4832,2275.3136995839,2500,1961.75129065311,9118482,79.4583129882812
4833,2043.7729400309,2500,2097.50757321769,9120982,42.9579772949219
4834,2183.60924914141,2500,2109.13047461052,9123482,46.6481704711914
4835,1475.92857747154,2500,2028.54856654346,9125982,54.5778999328613
4836,1957.54882397965,2500,2064.30294499974,9128482,56.6691131591797
4837,1932.40897415174,2500,2085.17673293436,9130982,36.0511245727539
4838,2381.7742555485,2500,2118.08166520384,9133482,82.2218704223633
4839,2242.12224414077,2500,2114.82650683634,9135982,67.6323776245117
4840,1115.54109648899,1857,1988.44614669988,9137839,39.1592559814453
4841,2271.87196367316,2500,1987.98918242106,9140339,65.5101623535156
4842,2392.70029585802,2500,1999.72784204847,9142839,91.7344970703125
4843,2068.80574317063,2500,2002.23112236244,9145339,46.0471076965332
4844,2182.85599328445,2500,2002.15579677675,9147839,46.3010597229004
4845,316.411064162714,460,1886.20404544586,9148299,51.3702125549316
4846,2157.50239340817,2500,1906.19940238871,9150799,64.1291732788086
4847,2370.82905341557,2500,1950.0414103151,9153299,75.6188430786133
4848,202.655599436718,238,1732.12954470392,9153537,81.1073150634766
4849,2375.00333782837,2500,1745.41765407268,9156037,81.6686553955078
4850,516.192073902992,890,1685.48275181408,9156927,35.4647445678711
4851,2267.80230976634,2500,1685.0757864234,9159427,74.5978698730469
4852,2268.77858338465,2500,1672.68361517606,9161927,55.697509765625
4853,1857.39333073935,2500,1651.54237393293,9164427,39.5896797180176
4854,2215.48287885982,2500,1654.80506249047,9166927,68.9912567138672
4855,2037.50143307125,2500,1826.91409938132,9169427,50.1836357116699
4856,2169.89062242539,2500,1828.15292228304,9171927,54.0566940307617
4857,2152.04968102293,2500,1806.27498504378,9174427,60.3830986022949
4858,1939.2916372559,2500,1979.9385888257,9176927,44.2419624328613
4859,2373.08458887342,2500,1979.7467139302,9179427,76.134651184082
4860,1952.30542690394,2500,2123.3580492303,9181927,50.3679618835449
4861,1746.70206025031,2500,2071.2480242787,9184427,53.5594863891602
4862,2042.5617657584,2500,2048.62634251607,9186927,39.8926200866699
4863,1949.2577823676,2500,2057.8127876789,9189427,47.725830078125
4864,2282.46316958473,2500,2064.51081675139,9191927,62.468147277832
4865,1972.95888953391,2500,2058.05656239765,9194427,34.7178802490234
4866,2277.02889952142,2500,2068.77039010726,9196927,67.9559555053711
4867,1969.37077397299,2500,2050.50249940226,9199427,33.2883033752441
4868,2048.79917350759,2500,2061.45325302743,9201927,46.6081886291504
4869,2047.00744245736,2500,2028.84553838582,9204427,46.0425300598145
4870,2053.91959358519,2500,2039.00695505395,9206927,52.0975036621094
4871,2269.83872800609,2500,2091.32062182953,9209427,65.1883773803711
4872,2270.36612524461,2500,2114.10105777815,9211927,69.9364242553711
4873,2252.43158488106,2500,2144.41843802949,9214427,63.1296463012695
4874,2382.5180981457,2500,2154.42393088559,9216927,88.5609817504883
4875,2065.09025510835,2500,2163.63706744304,9219427,40.5788078308105
4876,2275.93363780257,2500,2163.52754127115,9221927,54.721923828125
4877,2274.43806602568,2500,2194.03427047642,9224427,54.7025299072266
4878,1891.1963397987,2500,2178.27398710553,9226927,50.6354675292969
4879,2385.69694268311,2500,2212.1429371281,9229427,89.9721069335938
4880,2157.68635497502,2500,2222.51961326709,9231927,59.9971809387207
4881,1970.74839394121,2500,2192.6105798606,9234427,39.7364654541016
4882,2266.51877782929,2500,2192.22584511907,9236927,66.2542037963867
4883,1729.74687260992,2500,2139.95737389195,9239427,35.0989532470703
4884,2170.17161307049,2500,2118.72272538443,9241927,39.5538139343262
4885,2270.30809989372,2500,2139.24450986297,9244427,60.3283767700195
4886,2165.13507278072,2500,2128.16465336079,9246927,48.4830513000488
4887,1848.40044545955,2500,2085.56089130417,9249427,39.2801704406738
4888,2181.51181971085,2500,2114.59243929539,9251927,56.738151550293
4889,2064.92838598288,2500,2082.51558362537,9254427,40.875373840332
4890,2381.42394322222,2500,2104.88934245009,9256927,83.5910034179688
4891,2153.95350122703,2500,2123.20985317867,9259427,55.6095123291016
4892,2389.45146580529,2500,2135.50312197627,9261927,85.9325180053711
4893,1935.36204837461,2500,2156.06463955274,9264427,41.3666191101074
4894,2067.61491170819,2500,2145.80896941651,9266927,36.3730926513672
4895,2037.24748811049,2500,2122.50290823818,9269427,47.0151824951172
4896,2284.96933208154,2500,2134.48633416826,9271927,53.503288269043
4897,438.085112904242,614,1993.45480091273,9272541,55.0074462890625
4898,2072.56563771516,2500,1982.56018271316,9275041,58.9135284423828
4899,2285.66668082937,2500,2004.63401219781,9277541,59.6411628723145
4900,2278.21207947632,2500,1994.31282582322,9280041,61.8715705871582
4901,2157.43412174682,2500,1994.6608878752,9282541,52.4427490234375
4902,2206.36744440288,2500,1976.35248573496,9285041,68.3194961547852
4903,2075.94108340758,2500,1990.41038923826,9287541,41.7944755554199
4904,2173.064218596,2500,2000.95531992704,9290041,43.7213668823242
4905,2027.57588849087,2500,1999.98815996508,9292541,53.337085723877
4906,2268.90154737333,2500,1998.38138149426,9295041,60.6141014099121
4907,1947.3038328606,2500,2149.30325348989,9297541,34.0297012329102
4908,2177.06796663585,2500,2159.75348638196,9300041,53.0445785522461
4909,2056.26615261071,2500,2136.8134335601,9302541,47.4042472839355
4910,2068.22487067638,2500,2115.8147126801,9305041,42.1762847900391
4911,2165.50545210423,2500,2116.62184571584,9307541,44.6410179138184
4912,2060.82999693597,2500,2102.06810096915,9310041,54.4060173034668
4913,2183.01903152652,2500,2112.77589578105,9312541,45.1246528625488
4914,2139.73136821905,2500,2109.44261074335,9315041,70.45947265625
4915,1952.48837991636,2500,2101.9338598859,9317541,43.591136932373
4916,2271.99970314799,2500,2102.24367546337,9320041,65.407600402832
4917,2164.90347488246,2500,2124.00363966555,9322541,52.0652732849121
4918,1965.92535636213,2500,2102.88937863818,9325041,36.2325096130371
4919,2066.62894012915,2500,2103.92565739002,9327541,43.3344573974609
4920,2291.78982835719,2500,2126.28215315811,9330041,60.7216110229492
4921,1819.14676869859,2500,2091.64628481754,9332541,35.5721778869629
4922,2041.31032761596,2500,2089.69431788554,9335041,57.804744720459
4923,2069.90097436942,2500,2078.38251216983,9337541,39.9966125488281
4924,2066.61973596944,2500,2071.07134894487,9340041,46.4126625061035
4925,2177.00007793906,2500,2093.52251874714,9342541,52.9485702514648
4926,2279.3761193713,2500,2094.26016036947,9345041,73.9551467895508
4927,2175.73690862949,2500,2095.34350374417,9347541,66.5558471679688
4928,2175.91472616641,2500,2116.3424407246,9350041,55.8503684997559
4929,2075.10874219044,2500,2117.19042093073,9352541,42.3830413818359
4930,2240.5461575597,2500,2112.06605385098,9355041,61.9130516052246
4931,2378.13929547044,2500,2167.96530652817,9357541,80.2714233398438
4932,2038.46439063136,2500,2167.6807128297,9360041,56.7286796569824
4933,2140.41187412471,2500,2174.73180280523,9362541,54.5024375915527
4934,1846.19469455318,2500,2152.68929866361,9365041,35.7824516296387
4935,2165.26589656361,2500,2151.51588052606,9367541,58.5659141540527
4936,1940.77202047676,2500,2117.65547063661,9370041,43.4211616516113
4937,2068.97951647229,2500,2106.97973142089,9372541,47.925464630127
4938,2171.21558092449,2500,2106.5098168967,9375041,56.3450088500977
4939,2383.26093488789,2500,2137.32503616644,9377541,92.345817565918
4940,2269.71912704493,2500,2140.24233311497,9380041,56.9456825256348
4941,1933.75231695249,2500,2095.80363526317,9382541,43.6853332519531
4942,1845.31900547042,2500,2076.48909674708,9385041,38.2527542114258
4943,1958.48922818455,2500,2058.29683215306,9387541,39.6026344299316
4944,2387.7737539152,2500,2112.45473808926,9390041,87.0025634765625
4945,2025.10335746018,2500,2098.43848417892,9392541,45.0883026123047
4946,2059.92735126358,2500,2110.3540172576,9395041,63.6300354003906
4947,1736.94383339111,2500,2077.15044894948,9397541,42.7327651977539
4948,2379.48201190017,2500,2097.97709204705,9400041,85.0152587890625
4949,2045.80985414599,2500,2064.23198397286,9402541,35.2122764587402
4950,1958.4406635057,2500,2033.10413761894,9405041,42.8340187072754
4951,2381.59892134744,2500,2077.88879805843,9407541,86.1467208862305
4952,2076.38793821843,2500,2100.99569133324,9410041,45.0309638977051
4953,2386.3682248585,2500,2143.78359100063,9412541,89.1169052124023
4954,2280.01451494868,2500,2133.00766710398,9415041,55.8378372192383
4955,1426.13041364439,2500,2073.1103727224,9417541,45.7054023742676
4956,1800.55105338846,2500,2047.17274293489,9420041,45.797477722168
4957,1922.14994285289,2500,2065.69335388106,9422541,49.0196914672852
4958,2384.70016793426,2500,2066.21516948447,9425041,92.9317626953125
4959,2179.30131110341,2500,2079.56431518022,9427541,44.8667297363281
4960,1943.12363154863,2500,2078.03261198451,9430041,35.3229675292969
4961,2287.0189067243,2500,2068.57461052219,9432541,49.565731048584
4962,2174.73007819794,2500,2078.40882452015,9435041,48.0882949829102
4963,1503.21736339563,2500,1990.09373837386,9437541,43.8094329833984
4964,2265.504064752,2500,1988.64269335419,9440041,77.5860900878906
4965,1428.83559088792,2500,1988.91321107854,9442541,59.4690895080566
4966,1425.35594771693,2500,1951.39370051139,9445041,52.0986824035645
4967,1555.2351670767,2500,1914.70222293377,9447541,77.8475570678711
4968,1596.77666771986,2500,1835.90987291233,9450041,47.470817565918
4969,2393.11764744867,2500,1857.29150654686,9452541,90.7203903198242
4970,2174.3513122647,2500,1880.41427461847,9455041,37.3366165161133
4971,1517.02480266172,2500,1803.41486421221,9457541,53.1462364196777
4972,2175.30339095452,2500,1803.47219548787,9460041,43.2186431884766
4973,1467.53582365637,2500,1799.90404151394,9462541,65.7539672851562
4974,1729.07254074296,2500,1746.26088911304,9465041,43.6208114624023
4975,2271.93101295303,2500,1830.57043131955,9467541,71.8566436767578
4976,1518.3142846926,2500,1839.86626501711,9470041,48.3131713867188
4977,2377.20376539002,2500,1922.06312484844,9472541,78.082763671875
4978,1518.81192934685,2500,1914.26665101114,9475041,79.6628875732422
4979,2071.69211334306,2500,1882.12409760058,9477541,40.6852798461914
4980,2174.91486706283,2500,1882.1804530804,9480041,36.2118072509766
4981,1679.59902746109,2500,1898.43787556033,9482541,64.2978820800781
4982,2387.03286156538,2500,1919.61082262142,9485041,90.7881164550781
4983,1600.68768889244,2500,1932.92600914503,9487541,37.4451599121094
4984,1519.58779837507,2500,1911.97753490824,9490041,44.1173629760742
4985,2170.33577633017,2500,1901.81801124595,9492541,36.6561279296875
4986,1927.30893842537,2500,1942.71747661923,9495041,34.380485534668
4987,1952.58283763836,2500,1900.25538384406,9497541,45.461784362793
4988,2287.26343620157,2500,1977.10053452953,9500041,64.0189056396484
4989,2252.96156002052,2500,1995.22747919728,9502541,72.6448211669922
4990,2391.03306595522,2500,2016.83929908652,9505041,89.4214630126953
4991,2169.17653084017,2500,2065.79704942443,9507541,47.8635711669922
4992,1518.56587702364,2500,1978.95035097025,9510041,53.5485687255859
4993,1506.75288265456,2500,1969.55687034647,9512541,83.1626205444336
4994,2056.80394085894,2500,2023.27848459485,9515041,45.1316833496094
4995,1588.16868439358,2500,1965.06177540119,9517541,38.6862869262695
4996,2169.29364305677,2500,1989.26024586433,9520041,51.5937042236328
4997,2177.20268357796,2500,2011.72223045829,9522541,42.5622711181641
4998,2033.11263669838,2500,1986.30715050797,9525041,39.3172874450684
4999,2047.75447019537,2500,1965.78644152546,9527541,55.1496963500977
5000,1620.44550171812,2500,1888.72768510175,9530041,76.8096313476562
