Episode,EpisodeReward,EpisodeSteps,AverageReward,StepCount,EpisodeQ0
1,-44.1696329906672,19,-44.1696329906672,19,-0.0535470582544804
2,-46.4023202818866,25,-45.2859766362769,44,-0.0517202913761139
3,-42.9118676361897,19,-44.4946069695811,63,-0.0496930181980133
4,-34.7718691871892,11,-42.0639225239831,74,-0.0507081523537636
5,-47.3347251496389,25,-43.1180830491143,99,-0.0407482832670212
6,-39.665673462938,16,-42.5426814514183,115,-0.0438439957797527
7,-40.5316510569087,16,-42.2553913950597,131,-0.0507690384984016
8,-53.2460748531264,28,-43.6292268273181,159,-0.0526396594941616
9,-51.8026302375626,27,-44.5373827617897,186,-0.0551271140575409
10,-38.5778070124252,15,-43.9414251868532,201,-0.0472435094416142
11,-77.1287800886102,60,-46.9584574506493,261,-0.0546615719795227
12,-39.7048273747521,16,-46.3539882776579,277,-0.0533373020589352
13,-44.0679128233845,19,-46.1781363196369,296,-0.0496241599321365
14,-51.5472815313911,27,-46.561646691905,323,-0.0503770932555199
15,-43.0365676342616,19,-46.3266414213955,342,-0.0517327822744846
16,-41.9456420038085,18,-46.0528289577963,360,-0.0542741492390633
17,-45.4356992093301,23,-46.0165272078865,383,-0.0452477484941483
18,-59.7867518544896,34,-46.7815396882533,417,-0.0475845187902451
19,-44.0457111135748,19,-46.6375487106387,436,-0.0486970879137516
20,-37.9520689845032,14,-46.2032747243319,450,-0.04596908390522
21,-43.5954504538339,19,-46.1745655974902,469,-0.0461511239409447
22,-49.604620692769,26,-46.3346806180344,495,-0.0397670269012451
23,-46.595445428524,22,-46.5188595076511,517,-0.0493721514940262
24,-36.2933165290954,13,-46.5949318747464,530,-0.0419422164559364
25,-76.6329844047179,93,-48.0598448375003,623,-0.0519983544945717
26,-36.0835041578136,14,-47.8807363722441,637,-0.041505254805088
27,-36.5722011039778,13,-47.6827638745976,650,-0.0501164644956589
28,-37.2374812935263,13,-46.8823341966176,663,-0.0480281636118889
29,-46.49455557572,23,-46.6169304635254,686,-0.0463538430631161
30,-56.7841247919037,36,-47.5272463524994,722,-0.0459986701607704
31,-39.9273050741837,16,-45.667172601778,738,-0.0499069094657898
32,-56.9817667003664,33,-46.5310195680587,771,-0.0409959778189659
33,-70.6064401571698,44,-47.857945934748,815,-0.0490338020026684
34,-41.3206060282897,17,-47.3466121595929,832,-0.0517321974039078
35,-39.4636834607118,18,-47.1679679509155,850,-0.0426890775561333
36,-36.3264510915544,14,-46.8870084053028,864,-0.0429831594228745
37,-37.7597997259749,13,-46.503213431135,877,-0.0553481951355934
38,-38.3831158527662,15,-45.4330316310488,892,-0.0456660278141499
39,-43.6048085131168,19,-45.4109865010259,911,-0.0512449070811272
40,-66.073927236529,38,-46.8170794136272,949,-0.0529629029333591
41,-52.9318153247076,27,-47.2838976571709,976,-0.0446055009961128
42,-42.5332092353017,18,-46.9303270842975,994,-0.0504037737846375
43,-37.4020306747835,13,-46.4706563466105,1007,-0.0509184561669827
44,-39.5104296447379,16,-46.6315120023926,1023,-0.175634279847145
45,-45.5537939421402,22,-45.0775524792638,1045,-0.474141061306
46,-49.727616376234,28,-45.7597580901848,1073,-1.06360387802124
47,-43.0749142852904,19,-46.0848937492504,1092,-1.76241374015808
48,-46.5075260067214,22,-46.5483959849102,1114,-2.23396444320679
49,-40.3794255960275,16,-46.2426394859255,1130,-2.14690446853638
50,-42.5167545750959,17,-45.5292709750851,1147,-1.77914535999298
51,-38.8188406927565,68,-45.4738477560138,1215,-1.21459627151489
52,-110.694807379624,91,-48.1594997899767,1306,-0.832680583000183
53,-48.6405448727077,25,-47.0612050257536,1331,-0.652723431587219
54,-133.331450694521,109,-51.6617472590651,1440,-0.653948128223419
55,-84.759964166473,56,-53.9265612943532,1496,-0.631800532341003
56,-84.3435782170207,69,-56.3274176506265,1565,-0.704730153083801
57,-106.403423265553,102,-59.7595988276054,1667,-0.764030814170837
58,-56.18096283099,45,-60.6494911765166,1712,-0.86437726020813
59,-53.6498360787593,27,-61.1517425547987,1739,-1.02369976043701
60,-45.3818255799163,20,-60.1171374719681,1759,-0.999415397644043
61,-39.8772812435328,17,-59.4644107679093,1776,-0.934059619903564
62,-43.6746447413769,19,-59.5214825432131,1795,-1.06312835216522
63,-81.7018327265463,54,-61.7364726458012,1849,-1.17207026481628
64,-40.6410226412109,16,-61.7930022956249,1865,-1.25068640708923
65,-38.7977383682229,16,-61.455199516929,1881,-1.36575651168823
66,-34.8725135723195,11,-60.7124443767333,1892,-1.38572978973389
67,-38.7859298079917,15,-60.4979951528683,1907,-1.43078207969666
68,-36.5035356130636,13,-59.9977956331854,1920,-1.68594634532928
69,-38.5086863993113,16,-59.9042586733496,1936,-1.59605360031128
70,-38.1021938567701,14,-59.6835306374333,1950,-1.55510067939758
71,-42.5348517865361,19,-59.8693311921223,1969,-1.66889047622681
72,-44.6888262459686,19,-56.5690321354395,1988,-1.51892471313477
73,-49.8000980516643,27,-56.6270097943874,2015,-1.57698106765747
74,-38.1735844613254,15,-51.8691164827276,2030,-1.4712233543396
75,-66.0311743366201,39,-50.932676991235,2069,-1.54910731315613
76,-41.0565394714914,17,-48.7683250539585,2086,-1.55872738361359
77,-60.2043691484906,36,-46.4583723481054,2122,-1.465571641922
78,-65.3568308481782,40,-46.9171657489648,2162,-1.39686107635498
79,-39.3496062330695,15,-46.2021542566803,2177,-1.5872403383255
80,-175.910434695224,166,-52.7285847124457,2343,-1.27403080463409
81,-64.1603038478267,42,-53.9427358426604,2385,-1.69670879840851
82,-55.3919306629107,31,-54.5286001387371,2416,-1.59485673904419
83,-117.319724295089,89,-56.3094947171642,2505,-1.62326943874359
84,-62.3333914031692,36,-57.3941131552621,2541,-1.88315892219543
85,-61.9069282812769,35,-58.5495726509148,2576,-1.5721435546875
86,-76.8216146819131,49,-60.6470277063945,2625,-1.93657410144806
87,-38.373179048625,15,-60.6263901684262,2640,-1.72355973720551
88,-50.250147039514,25,-61.3137207397487,2665,-1.90889382362366
89,-40.326920161304,16,-61.4046324278484,2681,-1.69582629203796
90,-113.759463381665,129,-65.1874959040931,2810,-1.97403109073639
91,-51.8412531489212,28,-65.6528159722124,2838,-1.98256230354309
92,-131.853889553496,151,-70.0110691375887,2989,-1.77680218219757
93,-81.6046013968587,66,-71.6012943048485,3055,-2.30259132385254
94,-115.916796341904,90,-75.4884548988774,3145,-1.71856904029846
95,-86.0575674980885,58,-76.4897745569508,3203,-1.99336290359497
96,-77.085359448708,47,-78.2912155558116,3250,-2.1348352432251
97,-224.975865824328,248,-86.5297903896035,3498,-2.01584339141846
98,-96.8251458471925,71,-88.1032061395542,3569,-1.92017841339111
99,-341.251164497779,379,-103.19828405279,3948,-2.09023332595825
100,-187.415882521375,202,-103.773556444097,4150,-2.18707489967346
101,-359.536928941664,353,-118.542387698789,4503,-2.14255309104919
102,-279.115326304223,269,-129.728557480855,4772,-2.18276453018188
103,-216.516072458891,204,-134.688374889045,4976,-2.46205043792725
104,-297.640139321577,304,-146.453712284965,5280,-2.4523766040802
105,-403.381430748013,440,-163.527437408302,5720,-2.43032932281494
106,-386.084082515886,380,-178.990560800001,6100,-2.42597365379333
107,-470.833720601917,500,-200.613587877665,6600,-2.74305438995361
108,-476.262892118861,500,-221.914225131633,7100,-2.84513521194458
109,-479.720702846498,500,-243.883914265892,7600,-2.74821472167969
110,-448.838249671308,500,-260.637853580374,8100,-2.74797439575195
111,-435.332910897213,500,-279.812436467789,8600,-2.94301152229309
112,-479.508784230371,500,-297.195181201633,9100,-2.98649668693542
113,-492.839688202606,500,-317.75693554192,9600,-3.06061840057373
114,-489.368588533733,500,-336.429525151512,10100,-2.87469744682312
115,-372.629617459992,375,-350.758127649607,10475,-3.06851100921631
116,-486.526552783938,500,-371.230187316368,10975,-3.1988627910614
117,-470.353050271746,500,-383.499046538739,11475,-3.10852766036987
118,-469.788588655009,500,-402.14721867913,11975,-3.1502411365509
119,-499.780202153018,500,-410.073670561892,12475,-3.26100301742554
120,-486.727919901097,500,-425.039272430878,12975,-3.27305769920349
121,-452.545170890101,500,-429.6896845283,13475,-3.39493250846863
122,-487.225601610293,500,-440.095198293603,13975,-3.429682970047
123,-480.46954191993,500,-453.292871766655,14475,-3.55184864997864
124,-454.982297305132,500,-461.159979665833,14975,-3.47797322273254
125,-477.635639600857,500,-464.872690108475,15475,-3.53275680541992
126,-479.164633372033,500,-469.526717651283,15975,-3.81997013092041
127,-483.413514221934,500,-470.155707332283,16475,-3.59572410583496
128,-471.358773299165,500,-469.910501391299,16975,-3.80678844451904
129,-487.427434190453,500,-470.295837958496,17475,-3.84916543960571
130,-495.941070652768,500,-472.650979007569,17975,-3.94704341888428
131,-474.32156437769,500,-474.600411681593,18475,-3.9944212436676
132,-481.402631462133,500,-474.695104043181,18975,-3.96108341217041
133,-494.457371918017,500,-474.775988228952,19475,-4.05255842208862
134,-491.004598934463,500,-474.857788748988,19975,-4.0592827796936
135,-470.818955052234,500,-479.7672556286,20475,-4.10171508789062
136,-491.686059264072,500,-480.025230952607,20975,-4.12840700149536
137,-479.306825168579,500,-480.472919697449,21475,-4.24095630645752
138,-342.72656585052,500,-474.119818557224,21975,-4.2605242729187
139,-489.985869775522,500,-473.63010193835,22475,-4.41072463989258
140,-464.645328161599,500,-472.525972351375,22975,-4.47692966461182
141,-497.386708859662,500,-474.768049249853,23475,-4.52441358566284
142,-427.659205896912,500,-471.789729464184,23975,-4.55264043807983
143,-390.863000085435,500,-467.309402372459,24475,-4.57584476470947
144,-434.544845141236,500,-466.287529764264,24975,-4.67542934417725
145,-493.555063424679,500,-467.083500955455,25475,-4.65203094482422
146,-491.111058587881,500,-467.680822216248,25975,-4.83000564575195
147,-479.54078531343,500,-467.487185770823,26475,-4.73166561126709
148,-494.188112758744,500,-468.628652743801,26975,-4.90197992324829
149,-466.326878454485,500,-467.573624957003,27475,-4.95054197311401
150,-477.019474476607,500,-466.627545148195,27975,-4.96948480606079
151,-421.200411418336,500,-463.971487500227,28475,-5.05098819732666
152,-451.452249914112,500,-462.473968422826,28975,-5.066237449646
153,-496.894753784431,500,-462.595837516147,29475,-5.04550981521606
154,-484.523184588235,500,-462.271766798836,29975,-5.19704055786133
155,-453.647272923228,500,-461.413182692385,30475,-5.28920364379883
156,-483.136340912152,500,-460.985696774789,30975,-5.28084850311279
157,-232.769215464322,267,-448.658816289577,31242,-5.33615064620972
158,-483.559411993352,500,-455.700458596718,31742,-5.47867345809937
159,-493.287819826286,500,-455.865556099256,32242,-5.48209047317505
160,-486.139187728239,500,-456.940249077588,32742,-5.5817232131958
161,-497.711526550741,500,-456.956489962142,33242,-5.6028003692627
162,-475.948981843762,500,-459.370978759485,33742,-5.6437349319458
163,-498.665449977252,500,-464.761101254075,34242,-5.75844430923462
164,-489.84073136789,500,-467.525895565408,34742,-5.81876373291016
165,-496.585453909843,500,-467.677415089666,35242,-5.80315160751343
166,-433.169746208784,500,-464.780349470712,35742,-5.96022701263428
167,-431.711159182834,500,-462.388868164182,36242,-5.97216081619263
168,-406.927896223207,500,-458.025857337405,36742,-6.09155750274658
169,-485.217834360972,500,-458.970405132729,37242,-6.11850786209106
170,-411.494672921938,500,-455.694165054996,37742,-6.11726903915405
171,-326.807732492661,348,-450.974531108712,38090,-6.20806646347046
172,-439.297655392383,500,-450.366801382626,38590,-6.27167987823486
173,-311.665623209052,500,-441.105344853857,39090,-6.3961615562439
174,-459.658557809267,500,-439.862113514908,39590,-6.41045093536377
175,-459.758547009158,500,-440.167677219205,40090,-6.48431968688965
176,-467.197494573109,500,-439.370734902253,40590,-6.38195037841797
177,-372.765632972813,426,-446.370555777677,41016,-6.5557689666748
178,-452.707934332047,500,-444.827981894612,41516,-6.62622928619385
179,-424.094760082452,500,-441.36832890742,42016,-6.66997241973877
180,-377.915103584145,500,-435.957124700216,42516,-6.68270874023438
181,-382.136683185845,472,-430.178382531971,42988,-6.85913753509521
182,-367.919547335474,500,-424.776910806556,43488,-6.82621812820435
183,-475.962879092644,500,-423.641782262326,43988,-6.8852219581604
184,-331.686515588654,500,-415.734071473364,44488,-6.90623092651367
185,-466.670379412393,500,-414.238317748492,44988,-7.09553050994873
186,-382.491938514891,464,-411.704427363797,45452,-6.93041801452637
187,-390.83482924338,423,-409.660610866824,45875,-7.12906455993652
188,-373.694216056098,500,-407.998926858469,46375,-7.18874454498291
189,-350.356365592873,451,-401.255853420064,46826,-7.22220039367676
190,-416.371349373564,500,-401.499687242645,47326,-7.32439517974854
191,-317.640380838849,412,-401.041319659955,47738,-7.38595151901245
192,-368.630056979556,464,-397.507939739313,48202,-7.35875511169434
193,-252.733474785395,271,-394.56133231813,48473,-7.45827054977417
194,-339.88537707083,500,-388.572673281208,48973,-7.57128190994263
195,-437.500810670795,500,-387.45978646429,49473,-7.50657320022583
196,-291.60480893605,500,-378.680152182437,49973,-7.67977714538574
197,-283.390086944936,500,-374.211374881044,50473,-7.64943408966064
198,-332.952915353436,500,-368.223623932113,50973,-7.65622329711914
199,-275.539384091995,358,-360.79585513259,51331,-7.8390998840332
200,-382.742722769656,459,-361.037236091866,51790,-7.84389114379883
201,-325.268795032261,500,-358.193841684186,52290,-7.92686462402344
202,-252.791552582219,367,-352.437441946524,52657,-7.93936538696289
203,-449.380330808705,500,-351.108314532327,53157,-8.06605815887451
204,-415.671927855685,500,-355.307585145678,53657,-7.95559453964233
205,-279.980427539736,500,-345.973087552045,54157,-8.09960746765137
206,-362.521026981829,500,-344.974541975392,54657,-8.13973140716553
207,-429.112217230871,474,-346.888411374767,55131,-8.16999626159668
208,-403.748766054831,500,-348.391138874704,55631,-8.28429698944092
209,-267.029688098002,281,-344.22480499996,55912,-8.20834636688232
210,-296.813773820448,500,-338.246926222304,56412,-8.37003612518311
211,-371.900178951498,500,-340.959916127937,56912,-8.36835956573486
212,-177.605251395889,215,-331.408675848753,57127,-8.50918960571289
213,-291.548767164923,425,-333.34944046773,57552,-8.47639179229736
214,-223.753940726357,242,-327.542868650506,57794,-8.62599563598633
215,-187.655386353115,239,-315.050597434622,58033,-8.67716407775879
216,-306.135230417486,500,-315.777118508694,58533,-8.67848968505859
217,-243.417002332541,267,-313.778464278074,58800,-8.64464282989502
218,-263.465968782566,480,-310.304116949531,59280,-8.74311828613281
219,-232.29840741918,324,-308.14206811589,59604,-8.86697483062744
220,-196.441430603379,277,-298.827003507576,59881,-8.90830993652344
221,-361.612211541043,477,-300.644174333015,60358,-8.94656753540039
222,-126.175184371789,260,-294.313355922494,60618,-8.98234844207764
223,-182.889786796202,397,-280.988828721869,61015,-8.97073364257812
224,-241.364821518655,500,-272.273473405017,61515,-9.06468772888184
225,-150.228976549709,234,-265.785900855516,61749,-9.16737461090088
226,-290.894377094161,404,-262.204568361132,62153,-9.20325946807861
227,-116.755545168917,131,-246.586734758035,62284,-9.2421350479126
228,-56.3898984169547,132,-229.218791376141,62416,-9.26936435699463
229,-210.445801810866,417,-226.389597061784,62833,-9.47102928161621
230,-226.488860727345,283,-222.873351407129,63116,-9.44591236114502
231,-181.230534839009,323,-213.339869201504,63439,-9.54866790771484
232,-236.047152919799,413,-216.2619642777,63852,-9.47645092010498
233,-117.855939358709,162,-207.577322887389,64014,-9.54622268676758
234,-162.806055685355,195,-204.529928635339,64209,-9.46679496765137
235,-193.688346477298,321,-204.831576641548,64530,-9.87963008880615
236,-168.782013363488,202,-197.963915788848,64732,-9.88694381713867
237,-123.903619228136,192,-191.988246633628,64924,-9.96442604064941
238,-134.993878885729,143,-185.564642138786,65067,-9.96523189544678
239,-144.794927575118,190,-181.189468146583,65257,-10.0543727874756
240,-144.099250320072,205,-178.572359132418,65462,-9.9381275177002
241,-174.045552885551,166,-169.194026199643,65628,-10.2580060958862
242,-142.940892715757,229,-170.032311616842,65857,-10.1480598449707
243,-141.11286674484,199,-167.943465614273,66056,-10.1972064971924
244,-117.095748099265,126,-161.730011943304,66182,-10.1265888214111
245,-107.328449322168,111,-159.584985581927,66293,-10.1720685958862
246,-104.911090450887,196,-150.285821249763,66489,-10.2629261016846
247,-132.3891277861,151,-151.067500380622,66640,-10.3428888320923
248,-137.359886656504,189,-155.1159997926,66829,-10.4678297042847
249,-174.117036215932,256,-153.299561512853,67085,-10.5659513473511
250,-189.07378551328,210,-151.42880775215,67295,-10.5502490997314
251,-162.329613078947,231,-150.483761664147,67526,-10.6381568908691
252,-101.627847889872,114,-143.76279641265,67640,-10.6468887329102
253,-145.387826044938,280,-145.139390746962,67920,-10.5987215042114
254,-117.289603325462,115,-142.863568128967,68035,-10.6975698471069
255,-107.989219259813,124,-138.578611768093,68159,-10.8859519958496
256,-132.459976563309,137,-136.762509928084,68296,-10.7644872665405
257,-133.792477914293,232,-137.256952862392,68528,-10.9491500854492
258,-108.971925739906,139,-135.955855205101,68667,-11.0146713256836
259,-149.585760038311,188,-136.19539682826,68855,-11.0751285552979
260,-82.229804226839,80,-133.101924523599,68935,-11.1423454284668
261,-117.967607910078,153,-130.298027274825,69088,-11.230320930481
262,-53.1223564477219,107,-125.807100461423,69195,-11.1812181472778
263,-90.3672121505848,102,-123.26981773171,69297,-11.3045625686646
264,-100.809446873557,163,-122.455502670425,69460,-11.4197397232056
265,-89.7811668763061,107,-121.578138548132,69567,-11.2825136184692
266,-141.811198179937,145,-123.423143934584,69712,-11.4519691467285
267,-130.28879559917,181,-123.318127325238,69893,-11.575758934021
268,-99.449155474687,133,-121.422590766147,70026,-11.680609703064
269,-124.64731534638,141,-118.94910472267,70167,-11.5245990753174
270,-94.5075981450671,102,-114.220795354259,70269,-11.7964687347412
271,-119.489953188815,141,-112.078812359752,70410,-11.7223358154297
272,-150.4585878932,203,-114.520349359919,70613,-11.8560075759888
273,-140.696112602101,175,-114.285763687777,70788,-11.9904413223267
274,-124.365429312491,141,-114.639554987128,70929,-11.8703718185425
275,-139.732044571619,154,-116.226696252719,71083,-12.1305341720581
276,-130.490878585027,147,-116.128241353804,71230,-11.8059864044189
277,-178.787613230451,194,-118.377998119612,71424,-12.0249347686768
278,-142.474772808327,223,-120.053140473033,71647,-11.9908409118652
279,-104.296490928181,136,-117.788677017527,71783,-11.9932193756104
280,-115.429555973275,158,-119.448664604849,71941,-12.248706817627
281,-156.355736531569,189,-121.368071035923,72130,-12.3867349624634
282,-145.495493370484,225,-125.986727882061,72355,-12.120680809021
283,-121.386004749766,157,-127.53766751202,72512,-12.5473556518555
284,-175.459798107106,225,-131.270185073698,72737,-12.5243711471558
285,-184.529610859772,246,-136.007607272871,72983,-12.5292997360229
286,-185.366427788981,208,-138.185368753323,73191,-12.7089519500732
287,-112.384654067215,131,-137.290161676726,73322,-12.5664482116699
288,-114.910476201457,122,-138.063227713064,73444,-12.5374612808228
289,-130.201310204145,155,-138.340927455952,73599,-12.6821994781494
290,-135.04619597772,239,-140.367857347585,73838,-12.7531433105469
291,-142.430484750476,148,-141.514883925668,73986,-12.7849178314209
292,-140.647702468623,173,-141.024339654439,74159,-12.9083166122437
293,-209.397882095166,291,-144.459428129093,74450,-12.9129953384399
294,-131.847798190052,158,-144.833546572971,74608,-12.7720155715942
295,-159.897891106477,190,-145.841838899713,74798,-13.0231847763062
296,-144.426045603357,181,-146.53859725063,74979,-13.006067276001
297,-280.989266549375,340,-151.648679916576,75319,-13.1799077987671
298,-144.309226370978,182,-151.740402594709,75501,-13.0736522674561
299,-168.020621220479,211,-154.926609109324,75712,-13.271035194397
300,-173.576829582394,226,-157.83397278978,75938,-13.2820606231689
301,-154.132184048347,160,-157.722795165619,76098,-13.3692150115967
302,-130.30549272404,163,-156.963295133296,76261,-13.3812589645386
303,-163.901784338934,197,-159.089084112755,76458,-13.5474882125854
304,-164.339264174184,286,-158.533057416109,76744,-13.1940908432007
305,-196.881722985801,204,-159.15066302241,76948,-13.5739860534668
306,-146.053708447835,175,-157.185027055353,77123,-13.4061164855957
307,-204.214656407419,266,-161.776527172363,77389,-13.4761028289795
308,-156.044863582858,191,-163.833246541433,77580,-13.7171087265015
309,-133.016126245494,183,-163.9739873435,77763,-13.2467756271362
310,-344.143884525001,446,-174.428871770865,78209,-13.5214147567749
311,-231.865244843461,259,-178.900609775514,78468,-13.9341907501221
312,-189.055494119542,221,-181.32099935806,78689,-13.555965423584
313,-102.144116834526,123,-175.958311095028,78812,-13.9811038970947
314,-130.450673251262,186,-175.888454848088,78998,-13.9529495239258
315,-195.476566149236,231,-177.667388600226,79229,-14.1509552001953
316,-135.119437044596,196,-177.202058172288,79425,-14.0948076248169
317,-167.443731606784,198,-171.524781425159,79623,-14.1249942779541
318,-181.78465844086,277,-173.398553028653,79900,-14.2742300033569
319,-91.0535454338081,139,-169.550199239319,80039,-14.2536497116089
320,-319.569973276509,380,-176.849856424025,80419,-14.1689348220825
321,-252.141616684082,323,-181.750328055812,80742,-14.5854034423828
322,-122.326345305313,171,-181.351370684875,80913,-13.9969205856323
323,-287.657589764048,314,-187.539160956131,81227,-14.5025844573975
324,-133.791966463066,178,-186.011796070575,81405,-14.2149467468262
325,-100.1389164177,103,-181.17465574217,81508,-14.5519714355469
326,-137.180999217557,184,-180.731020280656,81692,-14.2139616012573
327,-161.253117063817,268,-178.582943313476,81960,-14.5870637893677
328,-364.696894865264,483,-189.015544877596,82443,-14.5952548980713
329,-166.245896726902,187,-190.677033401667,82630,-14.9500913619995
330,-130.426816035589,150,-179.991179977196,82780,-14.2672462463379
331,-94.2075550789405,162,-173.10829548897,82942,-14.6512928009033
332,-250.485310173314,314,-176.179786291659,83256,-14.7640399932861
333,-139.626866857509,177,-178.053923792808,83433,-14.9469375610352
334,-145.537202645354,199,-178.808250262512,83632,-14.9899282455444
335,-181.612010119323,212,-178.115022461017,83844,-14.8139276504517
336,-143.263521976522,190,-178.522226707613,84034,-14.9698543548584
337,-212.660025193517,232,-180.78304138695,84266,-14.8804473876953
338,-173.714744376704,249,-180.379545683742,84515,-15.2479076385498
339,-282.473616564567,379,-189.95054924028,84894,-15.4669075012207
340,-189.273626302793,245,-183.435731891594,85139,-15.1463890075684
341,-157.369905037912,187,-178.697146309286,85326,-15.4791088104248
342,-274.51043496573,303,-186.306350792306,85629,-15.5390977859497
343,-175.107940458569,196,-180.678868327032,85825,-15.6603899002075
344,-152.514456560699,166,-181.614992831914,85991,-15.3486223220825
345,-308.230153140288,349,-192.019554668044,86340,-15.2206230163574
346,-332.234376432978,438,-201.772223528815,86778,-15.7197675704956
347,-409.549772394411,456,-214.187056295344,87234,-15.7047653198242
348,-344.326588265023,393,-213.168540965332,87627,-15.8017539978027
349,-185.963350143844,233,-214.154413636179,87860,-15.3222417831421
350,-388.633722193148,455,-227.064758944057,88315,-16.0752429962158
351,-207.640254599559,279,-232.736393920088,88594,-15.7502765655518
352,-434.392374295366,496,-241.931747126191,89090,-15.9187755584717
353,-94.5276382304648,107,-239.676785694839,89197,-15.5600624084473
354,-177.367615460375,261,-241.26830633559,89458,-16.1386394500732
355,-318.161910111224,397,-248.095801335185,89855,-16.1200714111328
356,-196.731931516646,275,-250.769221812191,90130,-16.0634021759033
357,-109.670797040165,119,-245.619760404523,90249,-16.1138038635254
358,-114.751059193346,133,-242.671576145355,90382,-16.5689144134521
359,-410.54483488369,436,-249.075137061312,90818,-16.2137508392334
360,-87.7610056946603,130,-243.999506030905,90948,-15.9764537811279
361,-130.673348946431,185,-242.664678226331,91133,-16.4908313751221
362,-266.055282430949,288,-242.241920599592,91421,-16.9115982055664
363,-190.942446559368,224,-243.033645904632,91645,-16.8502769470215
364,-233.279673877823,260,-247.071906770488,91905,-16.6985359191895
365,-106.028596575437,85,-236.961828942245,91990,-16.7434329986572
366,-103.261251826877,163,-225.51317271194,92153,-17.2860260009766
367,-281.218712698336,281,-219.096619727137,92434,-16.7196292877197
368,-97.4438833608359,116,-206.752484481927,92550,-16.3883571624756
369,-244.135799058292,305,-209.66110692765,92855,-16.781587600708
370,-117.453416143162,155,-196.10209162515,93010,-16.3158855438232
371,-75.711411725595,71,-189.505649481452,93081,-17.0643177032471
372,-203.31355384217,268,-177.951708458792,93349,-17.3467350006104
373,-119.904197671135,168,-179.220536430826,93517,-17.0470027923584
374,-88.018271686584,89,-174.753069242136,93606,-17.1879253387451
375,-67.8332043711687,95,-162.236633955134,93701,-17.2764492034912
376,-130.916858173369,148,-158.94588028797,93849,-17.6371383666992
377,-72.6230610887217,81,-157.093493490398,93930,-17.3302268981934
378,-163.694938189184,193,-159.540687440189,94123,-17.3949756622314
379,-158.670189285774,142,-146.946955160294,94265,-17.3960723876953
380,-212.663575219085,247,-153.192083636515,94512,-16.6176280975342
381,-115.686129350452,114,-152.442722656716,94626,-17.4878063201904
382,-98.482351625404,111,-144.064076116439,94737,-17.4425010681152
383,-166.538438560335,193,-142.843875716487,94930,-17.8492679595947
384,-130.237669351115,136,-137.691775490152,95066,-17.3588962554932
385,-125.68084035711,149,-138.674387679235,95215,-17.6482238769531
386,-355.517280821803,417,-151.287189128982,95632,-17.9097957611084
387,-69.6135626082171,54,-140.706931624476,95686,-17.6868667602539
388,-77.2956185101872,89,-139.699518381943,95775,-17.8869113922119
389,-119.746279368298,145,-133.480042397444,95920,-17.5266227722168
390,-171.637737897664,170,-136.189258485169,96090,-17.9761333465576
391,-169.162227302697,176,-140.861799264024,96266,-17.9585990905762
392,-86.275759846168,78,-135.009909564224,96344,-17.6592636108398
393,-52.1690251742754,40,-131.623150939381,96384,-18.1253890991211
394,-78.8274207815181,124,-131.163608394127,96508,-18.2829761505127
395,-129.714105871232,114,-134.257653469131,96622,-18.15358543396
396,-94.3375310408963,104,-132.428687112507,96726,-18.0475482940674
397,-38.1673156968318,13,-130.705899842912,96739,-18.5384883880615
398,-63.3282279680103,49,-125.687564331854,96788,-18.2974052429199
399,-63.890419204406,53,-120.948575827785,96841,-18.7618656158447
400,-47.4975755693835,23,-112.6902758453,96864,-18.1471462249756
401,-104.094822109158,86,-112.110710483235,96950,-18.6946849822998
402,-66.0410149854004,88,-110.488643651235,97038,-18.1988735198975
403,-79.4486272566169,55,-106.134153086049,97093,-18.3508033752441
404,-66.5611216673062,77,-102.950325701859,97170,-17.6630306243896
405,-42.8012986095086,18,-98.8063486144789,97188,-18.9339485168457
406,-165.592679895198,169,-89.3101185681486,97357,-18.7074871063232
407,-75.6466127250782,57,-89.6117710739917,97414,-18.5507221221924
408,-54.8894470273796,57,-88.4914624998513,97471,-18.2895908355713
409,-76.4911862984634,64,-86.3287078463596,97535,-18.5232543945312
410,-96.6838067740483,89,-82.5810112901788,97624,-18.1520595550537
411,-48.7934793338029,24,-76.5625738917341,97648,-19.2122974395752
412,-73.7508793530323,62,-75.9363298670773,97710,-18.7258453369141
413,-80.6968780143687,80,-77.362722509082,97790,-18.5102653503418
414,-48.3692430042734,23,-75.8398136202198,97813,-18.9412212371826
415,-48.4153813769198,55,-71.7748773955041,97868,-18.9036636352539
416,-61.9788350928197,38,-70.1569425981003,97906,-18.8678035736084
417,-65.2270466145894,44,-71.5099291439882,97950,-19.1348266601562
418,-58.4111163347871,76,-71.264073562327,98026,-19.1216144561768
419,-86.2927389003679,97,-72.3841895471251,98123,-19.7117118835449
420,-51.9408621377366,40,-72.6063538755428,98163,-19.4811840057373
421,-85.4900311012019,81,-71.676114325145,98244,-19.2428245544434
422,-59.3793808463769,55,-71.3430326181938,98299,-19.8639812469482
423,-46.2308729689018,22,-69.682144903808,98321,-19.4957180023193
424,-55.9810891540606,31,-69.1531432781458,98352,-19.9264488220215
425,-81.4753338955813,64,-71.0868450424494,98416,-19.6318588256836
426,-65.2901469384899,55,-66.071718394614,98471,-19.422571182251
427,-64.0182216546314,39,-65.4902988410916,98510,-19.533016204834
428,-82.701281525235,95,-66.8808905659844,98605,-19.2089214324951
429,-92.026426426217,85,-67.6576525723721,98690,-19.8249397277832
430,-92.6402626948764,85,-67.4554753684135,98775,-19.4260234832764
431,-59.7249612741799,44,-68.0020494654323,98819,-20.0216159820557
432,-45.615449368717,125,-66.5952779662166,98944,-20.038122177124
433,-102.468819816375,144,-67.6838750563169,99088,-20.1776313781738
434,-52.0060599871298,52,-67.8657159054597,99140,-19.0826053619385
435,-49.3012962110989,34,-67.9100116471687,99174,-19.7184524536133
436,-61.0296012059519,39,-67.8625499528253,99213,-20.0305404663086
437,-73.5674045492447,60,-68.279567849558,99273,-19.4921360015869
438,-70.4003194767113,77,-68.8790280066543,99350,-20.4035110473633
439,-52.88349386424,34,-67.2085657548479,99384,-20.2016658782959
440,-48.9618290418179,24,-67.0596141000519,99408,-19.9306106567383
441,-70.9115428684746,63,-66.3306896884156,99471,-20.419771194458
442,-47.9877331743958,46,-65.7611073048165,99517,-19.6327571868896
443,-42.0886872926601,17,-65.5539980210044,99534,-20.2800102233887
444,-57.0898246157046,33,-65.6094347940866,99567,-20.6016292572021
445,-57.4300534819322,31,-64.4071707734041,99598,-19.8348083496094
446,-52.9651567317373,52,-63.7909212630665,99650,-19.858814239502
447,-38.4826715356156,66,-62.5141437571157,99716,-20.6593818664551
448,-48.31048220921,24,-60.7946037913145,99740,-20.4049682617188
449,-75.6590125137266,64,-59.9762330956899,99804,-20.92160987854
450,-43.444014461983,20,-57.5164206840453,99824,-20.6689167022705
451,-60.8628518183973,40,-57.5733152112562,99864,-21.208963394165
452,-68.6396955452594,54,-58.7245275200833,99918,-20.9258766174316
453,-58.9037565068399,61,-56.5462743546065,99979,-21.2550163269043
454,-68.9308741235142,54,-57.3925150614258,100033,-20.6914978027344
455,-64.0575732418431,133,-58.130328912963,100166,-19.6946411132812
456,-60.1197335394982,39,-58.0848355296403,100205,-20.3219223022461
457,-59.2660616472983,34,-57.369768384543,100239,-21.1055564880371
458,5.97536387847175,45,-53.5509842167838,100284,-21.4965763092041
459,-7.66814217270306,50,-51.290216632207,100334,-21.0688896179199
460,-69.4581141129828,50,-52.3150308857652,100384,-20.9780044555664
461,-73.7381712131078,89,-52.4563623029969,100473,-21.4776649475098
462,-53.8105176306792,27,-52.747501525811,100500,-21.4134635925293
463,-45.8295385435985,22,-52.934544088358,100522,-21.3297996520996
464,-66.6757207671137,49,-53.4138388959284,100571,-21.7617473602295
465,-54.6133437317623,40,-53.2730034084199,100611,-21.2561645507812
466,-46.3936360576134,22,-52.9444273747137,100633,-21.8629722595215
467,-59.4638783235912,32,-53.9934877141125,100665,-21.510311126709
468,-45.214479715553,23,-53.8386875894297,100688,-20.6185111999512
469,-57.3840867308683,34,-52.9249413002867,100722,-21.3425254821777
470,-43.9834335077759,88,-52.9519122525764,100810,-21.1174621582031
471,-54.7808689883441,35,-52.6478131110737,100845,-20.8081398010254
472,-67.6852446932799,44,-52.6000905684747,100889,-22.1675205230713
473,-76.6696029468591,51,-53.4883828904757,100940,-21.7738647460938
474,-64.4411462018556,46,-53.2638964943928,100986,-21.0008106231689
475,-57.0456549713006,42,-52.9133005808657,101028,-21.3611125946045
476,-60.5780033627328,54,-52.9362140720274,101082,-22.1847362518311
477,-72.1416390115879,121,-53.5799929402419,101203,-22.46608543396
478,-59.475083799048,48,-56.8525153241178,101251,-21.5433216094971
479,-49.4487227465476,24,-58.9415443528101,101275,-22.0017795562744
480,-66.1102056397993,40,-58.7741489291509,101315,-21.9825553894043
481,-58.3570349683148,33,-58.0050921169112,101348,-21.5828647613525
482,-86.6808980698433,80,-59.6486111388695,101428,-22.1210174560547
483,-57.0096500154483,30,-60.207616712462,101458,-22.2122859954834
484,-57.1352633048248,80,-59.7305938393475,101538,-20.814962387085
485,-60.6841765643183,33,-60.0341354809753,101571,-22.6066341400146
486,-60.9540390234981,33,-60.7621556292695,101604,-22.0811710357666
487,-51.182950593648,26,-60.3481092427724,101630,-23.3656902313232
488,-56.2531330124251,34,-60.900041907616,101664,-21.4858512878418
489,-42.2728301049061,20,-60.1444790763179,101684,-22.5667476654053
490,-46.8024912655768,22,-60.2854319642079,101706,-22.5319271087646
491,-54.7113997681424,30,-60.2819585031978,101736,-22.9000244140625
492,-60.139139433733,54,-59.9046532402205,101790,-21.6538677215576
493,-49.7956036626031,24,-58.5609532760077,101814,-22.5415153503418
494,-52.1311618805812,35,-57.945454059944,101849,-22.5598239898682
495,-60.6496641735793,50,-58.1256545200579,101899,-22.7828559875488
496,-49.7496143971359,27,-57.5842350717781,101926,-21.2006225585938
497,-51.9929789503348,85,-56.5768020687154,102011,-22.5937156677246
498,-70.3294102927937,68,-57.1195183934027,102079,-22.4406204223633
499,-63.2741178827299,60,-57.8107881502118,102139,-22.4620037078857
500,-70.2354948040136,78,-58.0170526084225,102217,-21.8915958404541
501,-59.7235301808762,35,-58.0853773690506,102252,-21.9698791503906
502,-62.0912530003165,39,-56.8558951155743,102291,-22.731014251709
503,-50.866644997497,26,-56.5487448646767,102317,-22.7128620147705
504,-50.879969769286,25,-56.2359801878997,102342,-23.1350364685059
505,-64.3690767625758,178,-56.4202251978126,102520,-21.6226177215576
506,-63.3270533368615,50,-56.5388759134808,102570,-22.4524765014648
507,-64.9007828935372,68,-57.2247675284753,102638,-23.7057094573975
508,-61.4890297835768,34,-57.4865623670328,102672,-23.5350189208984
509,-64.5032994185873,108,-58.5980858327169,102780,-23.4685974121094
510,-63.2793419473298,49,-59.4219283668046,102829,-21.2954769134521
511,-59.8759948963997,72,-59.6801581232174,102901,-23.3793659210205
512,-59.8770993490991,35,-59.6670561189857,102936,-22.8561134338379
513,-64.0534970995367,34,-60.3799507908324,102970,-23.3161487579346
514,-59.0375317295336,34,-60.72526928328,103004,-23.1397399902344
515,-54.3511800537268,30,-60.4103450772874,103034,-22.7197570800781
516,-58.0774031068258,31,-60.8267345127719,103065,-23.6812610626221
517,-65.198994451849,56,-61.4870352878476,103121,-23.249418258667
518,-49.7245853607434,24,-60.4567940412451,103145,-24.1457614898682
519,-66.6169480540849,39,-60.6239355498128,103184,-23.5534763336182
520,-55.9091739993124,31,-59.9076195095778,103215,-23.2531719207764
521,-66.7351252708754,40,-60.2581992640777,103255,-23.9840869903564
522,-71.6539163238786,45,-60.7363324302558,103300,-24.3306751251221
523,-76.2383914070093,64,-62.0049197507314,103364,-23.9103126525879
524,-56.793693546461,31,-62.3006059395902,103395,-23.6992206573486
525,-69.1005052975406,112,-62.5371773663384,103507,-23.9011421203613
526,-53.7814027779299,29,-62.0598948383919,103536,-22.1884689331055
527,-68.3985309380535,52,-62.2347822406177,103588,-23.9192237854004
528,-72.0887348363803,44,-62.7647674932579,103632,-24.1876239776611
529,-84.69704319203,76,-63.77445468193,103708,-24.2735595703125
530,-59.6673745200774,58,-63.5938563105674,103766,-23.7927703857422
531,-61.5444092602059,46,-63.6772770287577,103812,-24.0860424041748
532,-61.4680762679879,45,-63.7568258747021,103857,-24.4309959411621
533,-67.2648546193791,66,-63.9173937506942,103923,-24.4480743408203
534,-58.7191208386054,32,-63.9014732061478,103955,-23.9441833496094
535,-62.5878851614412,56,-64.3133084615336,104011,-23.2858123779297
536,-60.3164034071555,47,-64.42525847655,104058,-23.084171295166
537,-71.5069973996765,72,-64.7406586239414,104130,-23.6980781555176
538,-58.1850868585145,44,-65.16368369883,104174,-24.3146438598633
539,-59.6187728002021,32,-64.8137749361358,104206,-25.0054721832275
540,-55.1876836242911,41,-64.7777004173848,104247,-25.2147197723389
541,-60.9341041143291,62,-64.4876493595574,104309,-24.4600944519043
542,-56.3493333950693,31,-63.722420213117,104340,-23.7204284667969
543,-40.499247335859,17,-61.9354630095595,104357,-25.3196449279785
544,-57.4005170458606,33,-61.9658041845294,104390,-25.0452613830566
545,-63.260385849702,67,-61.6737982121375,104457,-24.7622222900391
546,-53.4802544981132,69,-61.6587407981467,104526,-25.1713256835938
547,-56.9678163766375,55,-61.0872050700759,104581,-25.4424457550049
548,-49.2040909887105,69,-59.9429728776924,104650,-24.0838832855225
549,-58.9025383033553,43,-58.6532476332587,104693,-24.6439437866211
550,-76.9036929451502,73,-59.5150635545123,104766,-24.4970760345459
551,-52.915244263987,60,-59.0836053047014,104826,-24.032356262207
552,-65.6078719697617,43,-59.29059508979,104869,-24.5619487762451
553,-76.997760525217,64,-59.7772403850819,104933,-26.0149421691895
554,-55.571635318459,40,-59.6198661090746,104973,-23.60032081604
555,-64.8679516748574,121,-59.7338694347454,105094,-24.498104095459
556,-61.34697324621,52,-59.7853979266981,105146,-24.7839756011963
557,-60.6893372748143,58,-59.244514920455,105204,-25.74782371521
558,-66.8017897273043,49,-59.6753500638945,105253,-25.2429485321045
559,-2.06594405742751,47,-56.7977086267558,105300,-25.7135982513428
560,-79.2425757312792,91,-58.0004532321052,105391,-24.9177589416504
561,-56.3662010740104,43,-57.7720580800893,105434,-25.9621276855469
562,-45.9163092702794,21,-57.2504068738498,105455,-25.9490547180176
563,-58.2488627410929,32,-58.1378876441115,105487,-25.6471862792969
564,-57.1751371942529,58,-58.1266186515311,105545,-24.8254413604736
565,-43.0928859998551,19,-57.1182436590387,105564,-25.8459224700928
566,-63.6033154291353,65,-57.6243967055898,105629,-25.5635032653809
567,-40.7778606389976,19,-56.8148989187078,105648,-25.2407379150391
568,-39.4935283758071,17,-56.3293707880627,105665,-25.1505603790283
569,-41.3111680311529,19,-55.4498022744526,105684,-24.6941547393799
570,-60.6312793554344,62,-54.6361815949668,105746,-26.1827182769775
571,-51.8989401901556,46,-54.5853663912752,105792,-25.9919128417969
572,-71.5880236759423,47,-54.8843739765842,105839,-25.7526683807373
573,-57.608312263722,32,-53.9149015635095,105871,-26.9005336761475
574,-44.5541555960949,20,-53.3640275773913,105891,-26.8779773712158
575,-54.6098229998232,40,-52.8511211436396,105931,-26.2257442474365
576,-56.2070698179428,66,-52.5941259722262,105997,-25.3707313537598
577,-48.125949520543,23,-51.9659565845126,106020,-25.9963340759277
578,-41.0119212639835,17,-50.6764631613466,106037,-26.5796928405762
579,-64.8607215422846,113,-53.8162020355894,106150,-25.5368118286133
580,-47.1061173615553,24,-52.2093791171033,106174,-25.9851665496826
581,-42.185283311009,19,-51.5003332289532,106193,-26.761999130249
582,-50.5129507223887,28,-51.7301653015586,106221,-26.6544914245605
583,-36.9057017334267,15,-50.6630072511753,106236,-26.1802597045898
584,-41.746847521377,18,-49.8915927675315,106254,-26.9349403381348
585,-41.1468692767407,18,-49.7942919313758,106272,-26.9842777252197
586,-58.3512128820286,109,-49.5316868040205,106381,-25.2845191955566
587,-63.8022696270374,35,-50.6829072534225,106416,-26.9313049316406
588,-51.4898132820515,68,-51.2827214987347,106484,-25.9815654754639
589,-57.4816019189773,31,-52.0912431931259,106515,-26.8738975524902
590,-42.3849974369437,18,-51.1789290972014,106533,-26.078987121582
591,-42.3029518435249,18,-50.6991296798698,106551,-26.28981590271
592,-54.0696741766758,32,-49.8232122049065,106583,-26.5462989807129
593,-48.6055723438708,23,-49.373075208914,106606,-25.7433052062988
594,-56.9734756677124,69,-49.9940412124948,106675,-25.7964668273926
595,-42.3346278545024,18,-49.3802814552288,106693,-27.5084342956543
596,-39.4216764685021,15,-48.5410117877568,106708,-26.1256618499756
597,-38.8905651432969,16,-48.0792425688945,106724,-27.327995300293
598,-45.1650964707652,21,-48.2869013292335,106745,-26.8403701782227
599,-54.2844329436138,43,-47.7580868993,106788,-26.3285827636719
600,-53.0479862030966,49,-48.0551803413771,106837,-27.0785865783691
601,-39.1977731337832,16,-47.9058048325158,106853,-26.5003681182861
602,-43.5248407176076,18,-47.5563993322767,106871,-25.9334468841553
603,-40.5331962929215,17,-47.7377740602515,106888,-27.5710124969482
604,-40.9659124014887,17,-47.6987273042571,106905,-28.0781230926514
605,-33.3207260896827,50,-47.3074201449042,106955,-26.4228115081787
606,-40.9167926271004,18,-46.4356991321578,106973,-27.587818145752
607,-39.9424488100445,16,-45.2427080913081,106989,-27.6207008361816
608,-54.7379418247771,49,-45.4051145184444,107038,-26.3249282836914
609,-40.5207472723375,16,-44.5570717861124,107054,-27.0830936431885
610,-43.3253345090425,20,-44.6040886397173,107074,-28.1218700408936
611,-43.3560806771316,21,-44.6567450813977,107095,-26.8678970336914
612,-54.9896814842468,43,-44.7027454467762,107138,-27.2550239562988
613,-43.2977136329195,20,-44.4373525112287,107158,-27.1767768859863
614,-42.2497414734483,18,-43.7011658015155,107176,-27.8590145111084
615,-40.0850663024311,17,-43.5886877239119,107193,-26.8783664703369
616,-37.1756160595533,14,-43.4763847034644,107207,-27.0202255249023
617,-44.4809129983828,21,-43.7559020962187,107228,-27.8871746063232
618,-44.2345556857463,19,-43.7093750569678,107247,-27.304141998291
619,-39.5978797201969,15,-42.9750473957969,107262,-27.3602809906006
620,-49.515969014561,50,-42.7984465363702,107312,-26.2517700195312
621,-59.0887149558916,39,-43.7929936274756,107351,-28.3033409118652
622,-60.446938033537,39,-44.6390984932721,107390,-27.7978572845459
623,-59.8743613013939,128,-45.6061567436957,107518,-26.8511962890625
624,-39.9767325406713,17,-45.5566977506548,107535,-27.2716064453125
625,-43.9149065020487,19,-46.0864067712731,107554,-28.0392570495605
626,-42.4111652259469,18,-46.1611254012154,107572,-28.4090690612793
627,-60.967833595362,38,-47.2123946404813,107610,-27.3270511627197
628,-45.7863511314339,21,-46.7648151058142,107631,-28.0580310821533
629,-48.7374340135743,24,-47.175649442876,107655,-27.3820095062256
630,-59.1541204414923,36,-47.9670887394985,107691,-27.8877906799316
631,-54.1149216859229,45,-48.505030789938,107736,-27.513973236084
632,-44.8011665902987,20,-47.9956050452406,107756,-28.9601860046387
633,-58.9023594354779,36,-48.7758373353686,107792,-28.4096698760986
634,-50.390773772967,25,-49.1828889503445,107817,-28.1532192230225
635,-61.490483959053,43,-50.2531598331756,107860,-27.6751937866211
636,-44.8133557446467,20,-50.6350468174303,107880,-28.9417495727539
637,-40.3936315930953,17,-50.4306827471659,107897,-28.1020202636719
638,-60.7143542335995,35,-51.2546726745585,107932,-27.8183498382568
639,-47.6171009851659,21,-51.655633737807,107953,-27.8517436981201
640,-54.8618662974386,30,-51.9229286019509,107983,-27.5589427947998
641,-62.5559363895915,37,-52.0962896736359,108020,-28.30539894104
642,-62.0721726413588,36,-52.177551404027,108056,-27.9864902496338
643,-58.3245560666538,34,-52.10006114229,108090,-28.2960643768311
644,-42.799019126706,19,-52.2411754715917,108109,-29.3671646118164
645,-60.2924673840271,36,-53.0600535156906,108145,-27.3669357299805
646,-44.6963405338925,21,-53.1743122810879,108166,-28.9118328094482
647,-52.2442885533348,29,-52.7381350289865,108195,-27.9451274871826
648,-60.5750732227326,50,-53.4775711335515,108245,-27.3395519256592
649,-46.3695261891747,23,-53.3591757423315,108268,-28.4910793304443
650,-72.0748629444059,156,-54.0052128674772,108424,-28.4046268463135
651,-46.1455091617686,22,-53.6067422412695,108446,-29.2049026489258
652,-47.8708065396646,25,-53.7602242387378,108471,-28.1877212524414
653,-46.0757120200306,22,-53.1188918679654,108493,-28.2991352081299
654,-42.9810562711039,18,-52.7484059928722,108511,-29.3923225402832
655,-43.288878118933,19,-51.8383257008662,108530,-29.5037155151367
656,-45.1376643885955,22,-51.8545411330637,108552,-29.9808177947998
657,-56.3367698920893,39,-52.6516980480134,108591,-27.4855136871338
658,-51.0631390981408,29,-52.1691372912404,108620,-29.7306480407715
659,-44.1610650893668,21,-51.9963354964505,108641,-28.7675666809082
660,-58.6137136572094,41,-52.183927864439,108682,-27.7758522033691
661,-61.6012807627048,36,-52.1361950830947,108718,-29.0006504058838
662,-43.8247617452996,21,-51.2238245382917,108739,-29.2077331542969
663,-42.9255454922433,19,-50.4538740095712,108758,-29.318229675293
664,-60.9660460011654,39,-51.3622253532942,108797,-29.4956932067871
665,-55.4109712699997,41,-51.1181505475928,108838,-28.1258544921875
666,-43.2282756841601,18,-51.0447473051062,108856,-29.6040344238281
667,-57.623767469473,43,-51.3137212509131,108899,-29.0949039459229
668,-46.4127836457701,21,-50.605606772065,108920,-29.535343170166
669,-59.3750152268994,36,-51.2558812239512,108956,-28.113941192627
670,-61.1533699691894,39,-50.7098065751904,108995,-28.8382472991943
671,-40.431936524251,18,-50.4241279433145,109013,-29.0890617370605
672,-52.9125044012827,30,-50.6762128363954,109043,-29.3669605255127
673,-43.9112401608805,20,-50.5679892434379,109063,-30.2453727722168
674,-39.7618596949402,17,-50.4070294146297,109080,-29.2677574157715
675,-54.0162301325143,33,-50.9433970153088,109113,-29.6270408630371
676,-43.6737389999212,19,-50.8702007458751,109132,-29.8116588592529
677,-41.5904386487271,18,-50.132884183707,109150,-30.0314674377441
678,-45.0527763622189,21,-49.8323660469109,109171,-30.7329349517822
679,-41.0369760957857,17,-49.6761615972318,109188,-28.8283920288086
680,-42.1449685129127,19,-48.852724340017,109207,-30.3931121826172
681,-51.1819054009296,30,-48.3317555719282,109237,-28.8907737731934
682,-53.1699076262211,33,-48.7990128659743,109270,-28.7665348052979
683,-44.1635797777301,22,-48.8609145802486,109292,-29.4860153198242
684,-54.8344373007613,43,-48.5543341452284,109335,-28.6958789825439
685,-41.4912640475934,17,-47.8583487841081,109352,-29.7463283538818
686,-41.9711882629513,17,-47.7954944130476,109369,-30.3837432861328
687,-39.4597146407877,18,-46.8872917716134,109387,-30.1290645599365
688,-54.9519125375827,33,-47.314248216204,109420,-28.9586315155029
689,-43.5376527668434,19,-46.5223800932012,109439,-30.4130439758301
690,-44.1111203849555,19,-45.6702676139895,109458,-29.7902145385742
691,-59.2330990471336,37,-46.6103257401336,109495,-29.8625621795654
692,-59.4992102068193,68,-46.9396610304105,109563,-28.7994480133057
693,-41.6256823711658,18,-46.8253831409247,109581,-30.0541877746582
694,-43.4723432056359,19,-47.0109073164595,109600,-29.9070892333984
695,-40.629192801461,17,-46.3415554499069,109617,-29.8708686828613
696,-59.8879988252914,40,-47.1522684411754,109657,-30.2559642791748
697,-39.0173509748053,16,-47.0236140574793,109673,-29.7220935821533
698,-64.3297430567518,133,-47.9874623922059,109806,-29.4332256317139
699,-53.4263370719644,37,-48.6069304410149,109843,-28.9225292205811
700,-41.6039342787391,17,-48.5798787293062,109860,-31.1565551757812
701,-51.4663981072802,44,-48.5941033646237,109904,-29.0657939910889
702,-49.0816574881954,28,-48.3896908577224,109932,-29.3135566711426
703,-43.305217675881,18,-48.34677275263,109950,-31.0314846038818
704,-42.6306045127018,18,-47.736581113227,109968,-30.6148586273193
705,-42.2271158850417,18,-47.7733737050994,109986,-31.2312927246094
706,-46.1330581820635,45,-47.981467201055,110031,-28.9198017120361
707,-54.2282962850878,37,-48.71989628327,110068,-30.0626335144043
708,-58.3613968724915,40,-48.8903705000155,110108,-28.8536319732666
709,-38.9896964345089,16,-48.6629726833987,110124,-31.0264682769775
710,-56.2283698936706,36,-49.2688351588345,110160,-30.0062065124512
711,-42.1182430723711,17,-48.4130923600964,110177,-30.7813377380371
712,-53.5820183587034,36,-48.1172327676906,110213,-29.733419418335
713,-56.7776961025417,42,-48.8748334542594,110255,-28.9992427825928
714,-38.8842738679686,15,-48.645429987376,110270,-31.367696762085
715,-40.5232678803467,17,-48.6401337413203,110287,-29.9866981506348
716,-40.2228109710039,17,-47.6568743486059,110304,-30.2495040893555
717,-40.0867086752202,17,-47.7103422336267,110321,-29.6721076965332
718,-38.5016788429553,16,-46.4189390229368,110337,-31.0031051635742
719,-54.0896858416893,37,-46.4521064614231,110374,-29.8744678497314
720,-55.3256154800504,44,-47.1381905214887,110418,-29.9185981750488
721,-53.1998248367932,45,-47.2248618579643,110463,-29.4739379882812
722,-59.6768112629934,38,-47.7546195467042,110501,-30.8527774810791
723,-42.1776972657996,19,-47.6982435262001,110520,-30.7594127655029
724,-39.2233607535156,16,-47.5278813382408,110536,-29.4844131469727
725,-39.2422115199067,16,-47.3786361199841,110552,-30.4631023406982
726,-58.4759384456435,42,-47.9957801331631,110594,-30.6227645874023
727,-40.3972584571023,17,-47.3042282417638,110611,-30.9381122589111
728,-50.7490083780902,45,-46.9236088170437,110656,-29.0465869903564
729,-38.8127220691365,17,-46.9147600987751,110673,-30.0212249755859
730,-58.1472664252286,41,-47.010704925353,110714,-29.5961284637451
731,-57.6481675289258,40,-47.7872011481807,110754,-29.6785011291504
732,-37.8994993384764,15,-47.0030751971694,110769,-30.2529640197754
733,-52.9995767285308,36,-46.8141692284688,110805,-30.6238555908203
734,-40.2946714966763,16,-46.8846891099042,110821,-32.0588035583496
735,-39.9036175631856,16,-46.8537065940462,110837,-31.3811779022217
736,-39.5969785645912,17,-46.8224149737255,110854,-31.8332862854004
737,-38.6112540742829,15,-46.7486422436787,110869,-31.9903297424316
738,-40.9501150462155,20,-46.8710640538417,110889,-30.5053863525391
739,-53.3830535327532,34,-46.8357324383949,110923,-31.0112895965576
740,-39.8978700535799,17,-46.0643451670714,110940,-31.0581893920898
741,-53.300057592794,32,-46.0693568048714,110972,-30.6100006103516
742,-62.4530502380002,43,-46.2081687536217,111015,-29.4219360351562
743,-41.0543442127576,18,-46.1520011009696,111033,-30.374942779541
744,-50.9993971482488,29,-46.7408029207063,111062,-29.7455825805664
745,-43.6254979144118,21,-46.9599672404316,111083,-31.1865844726562
746,-45.1071184143914,20,-46.2915262388689,111103,-31.8295307159424
747,-57.5285546492528,38,-47.1480910484765,111141,-31.4834747314453
748,-37.2894376627983,14,-46.4751125127119,111155,-30.5742740631104
749,-47.3186868036099,27,-46.9004107494356,111182,-31.1090393066406
750,-43.5673694449827,19,-46.1714159004232,111201,-31.6104698181152
751,-53.6093768554196,41,-45.9694763667479,111242,-29.7433013916016
752,-46.4218343396876,22,-46.3955931168085,111264,-31.6459274291992
753,-39.596030248039,16,-45.7254157927839,111280,-30.586498260498
754,-40.7800636764546,18,-45.7496854017728,111298,-31.4255275726318
755,-51.3998915791632,31,-46.3244991025717,111329,-31.5337543487549
756,-38.9093500832404,16,-46.2901176785042,111345,-31.523624420166
757,-41.4152846604225,19,-46.4303192078111,111364,-30.8693084716797
758,-40.84883510162,18,-46.4252552105814,111382,-31.6248550415039
759,-56.5028929999383,34,-46.5812471839406,111416,-32.3367500305176
760,-46.8360094231947,22,-46.9281541524214,111438,-32.1635322570801
761,-46.7827945808675,23,-46.602291001825,111461,-32.9987564086914
762,-42.4569952467221,19,-45.6024882522611,111480,-32.5239028930664
763,-57.0488893555614,39,-46.4022155094013,111519,-32.0497703552246
764,-57.5351343572828,42,-46.729002369853,111561,-30.8201427459717
765,-56.7688260043676,43,-47.3861687743508,111604,-30.9852085113525
766,-42.5467632542108,19,-47.2581510163418,111623,-32.2962112426758
767,-40.0046841023124,16,-46.3819574889948,111639,-31.955114364624
768,-42.2891531782239,19,-46.631943264766,111658,-32.000545501709
769,-50.0048879778665,24,-46.7662533234789,111682,-32.3055648803711
770,-45.0036579439045,20,-46.838067748425,111702,-32.933723449707
771,-56.8469439784921,38,-46.9999461045786,111740,-29.967357635498
772,-49.9976847432157,25,-47.178738624755,111765,-32.6272468566895
773,-56.4401402391219,42,-48.0209441243092,111807,-31.4869823455811
774,-50.679581163107,25,-48.5159199986418,111832,-32.7711372375488
775,-40.9787838582985,18,-47.9948646125985,111850,-31.8575630187988
776,-61.4617096212797,40,-49.1224825895005,111890,-32.6818428039551
777,-38.1171151759052,179,-48.9575741152747,112069,-32.7950592041016
778,-58.7617229656526,40,-49.8532185084763,112109,-31.9959087371826
779,-39.1940269693576,17,-48.9877752069472,112126,-31.6467895507812
780,-42.6296348460527,19,-48.7774564780901,112145,-31.7026996612549
781,-35.7648732049925,197,-48.2265604092964,112342,-32.0349617004395
782,-52.8701111893075,70,-48.7472162064256,112412,-32.6575813293457
783,-41.2276566742498,19,-47.9561545723601,112431,-32.6432418823242
784,-41.3891461752821,18,-47.14885516326,112449,-32.7504119873047
785,-36.780018693243,13,-46.1494147977038,112462,-33.3770484924316
786,-40.6767576123865,17,-46.0559145156126,112479,-32.5593185424805
787,-44.5969252386496,20,-46.2855265724294,112499,-32.3956871032715
788,-33.9465203283828,12,-45.8683949299374,112511,-33.0053863525391
789,-36.4971135615744,14,-45.1930062091228,112525,-33.0277328491211
790,-39.0236902608908,16,-44.8940078249721,112541,-31.5554504394531
791,-37.5324599414024,15,-43.9282836231176,112556,-31.3774299621582
792,-37.6725081243238,15,-43.312024792173,112571,-31.5886611938477
793,-35.8742097124491,12,-42.2837282658394,112583,-32.5679702758789
794,-35.4107579093965,12,-41.5202871031538,112595,-33.7961502075195
795,-40.5082957592622,18,-41.496762698202,112613,-32.6119270324707
796,-34.9016251855928,12,-40.1687584764177,112625,-33.6261711120605
797,-35.3826880525252,11,-40.0320371202487,112636,-32.0843048095703
798,-36.524010241554,12,-38.9201514840438,112648,-31.9782943725586
799,-55.3594267414709,41,-39.7284214726494,112689,-32.2266235351562
800,-37.3524718424292,14,-39.4645633224683,112703,-33.335391998291
801,-33.976338086064,11,-39.3751365665218,112714,-32.7453231811523
802,-38.3985459241435,14,-38.6515583032636,112728,-32.9617195129395
803,-34.0899991511645,11,-38.2946754271094,112739,-33.1038208007812
804,-33.0361213924663,9,-37.8770241879686,112748,-33.2197227478027
805,-43.8765358938043,19,-38.2318500479966,112767,-31.5537509918213
806,-33.2032468581357,9,-37.8581745102841,112776,-33.2940788269043
807,-35.3911665326476,11,-37.397886574984,112787,-33.0681190490723
808,-29.2497381644585,4,-37.1630474667878,112791,-33.5106468200684
809,-34.764581812439,10,-37.076420879331,112801,-32.4040336608887
810,-29.2850367222914,4,-36.5894882024011,112805,-33.7451095581055
811,-34.418493691819,10,-36.4337898899219,112815,-32.7100448608398
812,-32.8412480366792,9,-36.1922268855397,112824,-32.4378242492676
813,-34.6814375842307,11,-36.1325882791287,112835,-32.3546257019043
814,-35.4214437593364,11,-36.1331225716257,112846,-32.4390830993652
815,-34.6219137184244,10,-35.8388034695838,112856,-32.4875640869141
816,-29.3056286476267,4,-35.5590036426855,112860,-32.8886947631836
817,-29.3528285649793,4,-35.2575106683082,112864,-31.4262771606445
818,-33.1824611836925,9,-35.0904332154152,112873,-31.8317565917969
819,-33.301151561345,9,-33.9875194564089,112882,-32.4288215637207
820,-29.2609352323502,4,-33.5829426259049,112886,-33.2981643676758
821,-33.8061737245725,11,-33.5744344078303,112897,-31.6207675933838
822,-33.9332658892645,10,-33.3511704060864,112907,-32.5161666870117
823,-33.8333679226797,10,-33.3383388446621,112917,-33.1162986755371
824,-34.6435520662681,11,-33.4187103783522,112928,-32.0409469604492
825,-32.0551046488838,7,-32.8276388161062,112935,-31.8323364257812
826,-34.185941645129,10,-32.8767735554559,112945,-33.1408576965332
827,-29.2752887866008,4,-32.5709796681535,112949,-32.5470314025879
828,-33.2721851446506,11,-32.7721020171631,112960,-30.967845916748
829,-34.40660587462,10,-32.7542032202722,112970,-31.7544403076172
830,-33.1246273056111,10,-32.9461827494382,112980,-31.3359260559082
831,-33.7372785105591,11,-32.9121219903752,112991,-31.3233489990234
832,-36.4166953275311,12,-33.0908943549178,113003,-31.4907493591309
833,-31.0266139302572,6,-32.9081531722191,113009,-30.6878910064697
834,-29.2479993331034,4,-32.5994809509074,113013,-32.128059387207
835,-33.4651254010386,10,-32.5416415350382,113023,-30.4072933197021
836,-33.1624519827658,9,-32.7344827017951,113032,-30.8513450622559
837,-32.89316802622,9,-32.9114996748571,113041,-30.299243927002
838,-32.7249429371959,9,-32.8886237625323,113050,-29.826940536499
839,-32.9911921155487,9,-32.8731257902425,113059,-29.2886695861816
840,-29.3083541399167,4,-32.8754967356208,113063,-32.5076026916504
841,-33.0188219797355,9,-32.836129148379,113072,-30.0833282470703
842,-28.2200890347475,3,-32.5504703056531,113075,-31.1785640716553
843,-33.8928364671804,11,-32.5534437328782,113086,-29.0288219451904
844,-34.0863856008329,10,-32.5255854096064,113096,-30.2631893157959
845,-34.5231126036675,11,-32.6489858073456,113107,-28.5590419769287
846,-33.7264466520472,9,-32.6260110576915,113116,-31.7086086273193
847,-33.3044219640714,9,-32.827467716565,113125,-29.1496620178223
848,-33.6989126826129,10,-32.8488040934632,113135,-30.0510902404785
849,-31.2273169104877,6,-32.6898396452565,113141,-29.3294334411621
850,-34.1846494529896,11,-32.7428407526255,113152,-29.8138427734375
851,-34.2363546981397,10,-32.7677945620045,113162,-31.5844535827637
852,-33.463042496715,10,-32.6201119204637,113172,-29.1897773742676
853,-33.0376918039022,10,-32.7206658141459,113182,-28.1342105865479
854,-33.56731681956,11,-32.9366316884688,113193,-27.9837226867676
855,-29.2936886540378,4,-32.7280598511187,113197,-30.1621055603027
856,-33.6884741051964,10,-32.7543609572403,113207,-30.0084552764893
857,-29.2015414894813,4,-32.5697796304033,113211,-28.1704368591309
858,-33.2248120542099,9,-32.594773086254,113220,-27.7169799804688
859,-30.3037005166544,5,-32.4603985063093,113225,-29.9078769683838
860,-28.213683910904,3,-32.4056649948587,113228,-30.0771141052246
861,-33.3105380126723,10,-32.4202507965055,113238,-28.4850254058838
862,-35.6297820028204,12,-32.7907354449091,113250,-28.8365287780762
863,-33.276561374456,10,-32.7599216902729,113260,-27.3582820892334
864,-30.4064450964799,5,-32.5759246650553,113265,-30.3047142028809
865,-29.206376709153,4,-32.3100878703296,113269,-27.5561180114746
866,-29.2353529199517,4,-32.0855331837248,113273,-27.9462451934814
867,-29.2305002010771,4,-31.8818370955751,113277,-27.8710956573486
868,-34.534881300223,12,-31.9236355264556,113289,-26.1346817016602
869,-34.9705000152391,13,-32.1107946816931,113302,-27.2864837646484
870,-29.2698991192573,4,-31.8650571650065,113306,-29.2455940246582
871,-35.1053045754285,12,-31.908504658871,113318,-30.0550270080566
872,27.3533519417892,201,-28.8676849369458,113519,-26.6481075286865
873,-34.5873153339215,11,-28.9451661134467,113530,-28.960132598877
874,0.241469971843451,297,-27.2547267738766,113827,-27.6237049102783
875,-34.767728564756,151,-27.5284287694125,113978,-28.8195419311523
876,38.82697103133,150,-23.9026565125861,114128,-27.050350189209
877,2.773721953121,500,-22.303893340456,114628,-29.8750152587891
878,-52.3701114457826,207,-23.2611583100347,114835,-26.0221195220947
879,-29.2434063811408,4,-23.208143603259,114839,-28.0703315734863
880,36.0556090319193,449,-19.9946789561178,115288,-26.1536865234375
881,-45.0282292796051,98,-20.5805635194645,115386,-28.0507736206055
882,24.8552685583185,500,-17.5563109914075,115886,-27.5428295135498
883,-17.0769089401324,500,-16.7463283696913,116386,-26.9205913543701
884,19.8354777273482,21,-14.2342322284999,116407,-26.0185832977295
885,-29.2467511487231,4,-14.2362509504784,116411,-29.1518306732178
886,-23.2423880871132,500,-13.9366027088365,116911,-28.6956424713135
887,-3.63396419306245,500,-12.6567759084358,117411,-27.5977516174316
888,-48.6995972099289,92,-13.3650117039211,117503,-27.3303337097168
889,-45.6902973707449,93,-13.9010015716964,117596,-30.2017059326172
890,-29.211722589787,4,-13.8980927452229,117600,-26.9359283447266
891,7.60501171772816,74,-11.762576930565,117674,-27.6362628936768
892,-3.82024972042509,59,-13.3212570136757,117733,-25.9711246490479
893,-53.5651296538316,155,-14.2701477296712,117888,-27.495584487915
894,-12.666898759799,60,-14.9155661662534,117948,-30.5454521179199
895,-63.3121210614316,82,-16.3427857910871,118030,-28.3757648468018
896,6.0555624091688,500,-17.9813562221952,118530,-28.5942840576172
897,-8.79515261346856,55,-18.5597999505247,118585,-28.2102355957031
898,-1.10177987665931,500,-15.9963833720685,119085,-26.163402557373
899,-7.6551747697467,59,-14.9169717914988,119144,-28.4308280944824
900,53.3558047090721,500,-14.0519620076412,119644,-26.0488357543945
901,-2.17661186268482,62,-11.9093811367951,119706,-26.6871509552002
902,-60.9667845203525,81,-16.2004837907287,119787,-26.2766933441162
903,-59.226651623454,84,-18.3079709248948,119871,-28.1100234985352
904,-22.3860882267527,397,-20.4190492225998,120268,-27.4860076904297
905,2.3534684131863,500,-18.8390382445044,120768,-26.6016979217529
906,-42.2465501276419,94,-19.7892463465308,120862,-28.9050483703613
907,39.7448439258652,500,-17.6203059405844,121362,-26.7811031341553
908,-41.5215133707252,89,-17.2614017486242,121451,-26.5717334747314
909,-42.1005939291879,97,-17.0819165765464,121548,-27.8052711486816
910,-59.3732307830921,79,-18.5899919862116,121627,-28.7673740386963
911,28.1887878199545,500,-17.5608031811003,122127,-26.2573356628418
912,-57.7708433725601,84,-20.2583328637071,122211,-25.8999710083008
913,-46.9810281050433,83,-19.9291277862676,122294,-29.4943199157715
914,-0.849672720529188,62,-19.3382664843042,122356,-27.2955760955811
915,-4.69635122890312,62,-16.4074779926777,122418,-29.4290332794189
916,-2.92827689877175,61,-16.8566699580748,122479,-26.0984363555908
917,30.2808698863296,500,-14.9028688330848,122979,-25.7292137145996
918,-42.3666602951004,87,-16.9661128540069,123066,-27.2647457122803
919,15.630125641841,500,-15.8018478334275,123566,-28.3470726013184
920,-54.3158364970143,85,-21.1854298937318,123651,-28.1604862213135
921,-4.21691070923299,59,-21.2874448360592,123710,-26.8204135894775
922,-46.0111378979362,96,-20.5396625049384,123806,-29.9638824462891
923,-6.33769312073374,58,-17.8952145798024,123864,-26.7119140625
924,26.6048119607999,500,-15.4456695704248,124364,-26.2784996032715
925,-47.2969202151289,87,-17.9281890018405,124451,-29.0865688323975
926,-2.80142659532194,62,-15.9559328252245,124513,-27.1589317321777
927,-46.3401267605008,91,-20.2601813595428,124604,-28.1696681976318
928,-44.173364614052,92,-20.3927739217092,124696,-27.803337097168
929,27.7051277743903,370,-16.9024878365303,125066,-28.219087600708
930,-52.3891704305836,81,-16.5532848189048,125147,-29.8992214202881
931,-45.6459484700527,92,-20.2450216334052,125239,-26.4953670501709
932,-60.5129455830449,79,-20.3821267439295,125318,-27.1149463653564
933,-2.4552780944255,56,-18.1558392433986,125374,-29.1591606140137
934,26.4594902715786,500,-16.7903810937932,125874,-28.4736557006836
935,1.48939684798935,51,-16.4810936899486,125925,-27.6271591186523
936,-1.5255960113404,55,-16.410959645577,125980,-28.0173625946045
937,0.0368784719464834,61,-17.9231592162961,126041,-27.3231391906738
938,-0.0876858991216807,396,-15.8092104964972,126437,-25.721736907959
939,53.7472795179543,500,-13.9033528026915,126937,-28.764253616333
940,6.49578709288211,64,-10.8627716231967,127001,-27.0608215332031
941,41.7433301557825,500,-8.56475957994595,127501,-29.0913162231445
942,35.1584632217116,500,-4.50627952396355,128001,-29.0697746276855
943,-4.72413036193856,54,-4.4256013860238,128055,-29.5705280303955
944,17.0239206036053,500,-4.90464595388352,128555,-26.5620250701904
945,30.5069240523235,500,-1.0144537405109,129055,-29.4115924835205
946,53.6402095774892,500,1.80762806812966,129555,-28.2371921539307
947,8.4114585603308,72,4.54520733417124,129627,-29.7530727386475
948,-4.28667014628644,57,6.53954205755952,129684,-28.8488311767578
949,-2.02131176403632,54,5.05322008063819,129738,-28.7629795074463
950,49.7183951839645,500,10.1585983613656,130238,-29.3835411071777
951,-1.38019403211658,61,12.3718860832624,130299,-27.8230323791504
952,-18.9357120649547,305,14.4507477591669,130604,-29.3820686340332
953,43.8542551080053,500,16.7662244192884,131104,-27.150426864624
954,52.3127101243585,500,18.0588854119274,131604,-29.2862854003906
955,-35.9215815827922,93,16.1883364903884,131697,-27.4499492645264
956,67.4512139547056,500,19.6371769886906,132197,-26.9255294799805
957,-8.8668003177855,363,19.1919930492041,132560,-27.7469234466553
958,31.9712587133223,500,20.7949402798262,133060,-27.2755813598633
959,36.8953769559297,500,19.952345151725,133560,-28.0024166107178
960,-45.091504514411,95,17.3729805713604,133655,-30.1876945495605
961,-7.51719064579597,61,14.9099545312815,133716,-28.8494338989258
962,48.7600307716377,500,15.5900329087778,134216,-29.734001159668
963,28.1557876249546,500,17.2340288081224,134716,-29.5317230224609
964,52.6424887867222,500,19.0149572172783,135216,-28.0378723144531
965,65.009763512387,500,20.7400991902814,135716,-29.7512035369873
966,50.5381210065936,500,20.5849947617366,136216,-30.0823497772217
967,34.6728332851582,500,21.898063497978,136716,-28.661153793335
968,13.3673122238331,476,22.780762616484,137192,-26.7674789428711
969,52.5287886839129,500,25.5082676388815,137692,-27.6907062530518
970,99.6644015579685,500,28.0055679575817,138192,-29.0082702636719
971,73.4375829506712,500,31.746456806721,138692,-28.2882175445557
972,69.059105747144,500,36.146197697326,139192,-28.8435859680176
973,81.3218602736994,500,38.0195779556107,139692,-28.4438018798828
974,-39.420805882714,106,33.4329021552571,139798,-30.1404094696045
975,73.0652525215963,420,38.8822438604765,140218,-30.1945190429688
976,64.0433778662599,500,38.7118520560542,140718,-29.1531524658203
977,-1.72493014552546,67,39.0689455646672,140785,-28.1232280731201
978,23.0184312888905,226,38.6213041934456,141011,-28.9123363494873
979,4.26222850379892,72,36.9896467708391,141083,-30.3503551483154
980,-79.1435528445401,86,35.2870443543326,141169,-32.1729125976562
981,73.5770627976478,500,39.3417570265048,141669,-30.4313144683838
982,52.4406019103501,500,39.5257855834404,142169,-30.6041679382324
983,58.9344298279135,500,41.0647176935884,142669,-31.0870742797852
984,58.0759870059449,462,41.3363926045495,143131,-30.398811340332
985,-43.263828603558,19,35.9227129987523,143150,-30.9642791748047
986,-35.7645212461045,12,31.6075808861174,143162,-30.3512935638428
987,-32.9294858145967,11,28.2274649311296,143173,-28.01344871521
988,6.77097003128998,337,27.8976478215025,143510,-32.0360984802246
989,-41.8853064807237,18,23.1769430632706,143528,-31.1323909759521
990,-45.7698822089365,102,15.9052288749254,143630,-32.6473541259766
991,53.5766770112825,500,14.9121835779559,144130,-32.866870880127
992,-41.1232830711081,18,9.40306413704333,144148,-30.8551635742188
993,-38.2897258896579,15,3.42248482887546,144163,-30.8648567199707
994,32.9139497077057,43,7.03922260839645,144206,-32.8920669555664
995,137.90287101568,471,10.2811035331006,144677,-29.4410552978516
996,111.331535735234,500,12.6455114265494,145177,-30.3193168640137
997,-34.7217009265981,12,10.9956728874957,145189,-30.0139942169189
998,97.2506571828325,500,14.7072841821928,145689,-30.8438625335693
999,-35.8924178557331,12,12.6995518642162,145701,-31.5149459838867
1000,-39.689681850383,16,14.6722454139241,145717,-31.5683174133301
1001,-0.591191146858073,232,10.9638327166988,145949,-31.0435485839844
1002,-36.1856905625019,12,6.53251809305619,145961,-31.7396507263184
1003,-39.7476676466339,16,1.59841321932881,145977,-31.8366279602051
1004,-36.709174653756,13,-3.14084486365623,145990,-31.1548366546631
1005,-41.0242195572996,17,-3.02886441134331,146007,-32.2303733825684
1006,-33.6505391169048,12,-2.92316530488333,146019,-29.3093681335449
1007,-35.8394112456231,14,-3.06866157643464,146033,-31.7978191375732
1008,-38.3398312964592,16,-5.32420164282211,146049,-29.9716682434082
1009,-48.6786379399509,51,-5.66386821578346,146100,-32.6321334838867
1010,-39.7692722723738,16,-5.36383771895533,146116,-31.2297992706299
1011,-35.9354125975685,12,-9.83944219939788,146128,-31.6276149749756
1012,-28.8663255315124,55,-9.22659432241809,146183,-32.4349746704102
1013,-24.1558572752927,67,-8.51990089169983,146250,-31.536678314209
1014,-32.4963383701596,57,-11.7904152955931,146307,-33.2439270019531
1015,-20.3612772103908,167,-19.7036227068966,146474,-32.1344909667969
1016,-45.2453066437508,21,-27.5324648258459,146495,-30.7631320953369
1017,-35.409408303235,13,-27.5668501946777,146508,-31.512975692749
1018,-37.1372761883588,14,-34.2862468632373,146522,-32.2927017211914
1019,-36.7235011583064,15,-34.327801028366,146537,-33.1002006530762
1020,-33.9747637270529,11,-34.0420551221995,146548,-30.2364349365234
1021,-46.9521948282215,123,-36.3601053062676,146671,-32.7982482910156
1022,-29.5969465017721,65,-36.0306681032311,146736,-32.9250946044922
1023,-34.9170386944935,11,-35.7891366556241,146747,-32.6503410339355
1024,-35.0282091586058,12,-35.7050883808666,146759,-32.8513793945312
1025,-35.6480313933241,101,-35.4362789726678,146860,-33.0413475036621
1026,-36.9450210358909,13,-35.6010030686171,146873,-32.0301742553711
1027,-29.1538251384225,63,-35.2667237632571,146936,-32.1595916748047
1028,-31.8661676202453,93,-34.9430405794464,147029,-32.3683586120605
1029,-35.8259238797749,13,-34.3004048764376,147042,-32.3222808837891
1030,-41.4771503063783,52,-34.3857987781378,147094,-32.7531890869141
1031,-24.913263464044,65,-33.8346913214616,147159,-32.2095222473145
1032,-37.0587649255183,16,-34.2443132911619,147175,-32.2552871704102
1033,-30.6375524919891,53,-34.5683980519967,147228,-31.7661914825439
1034,-33.535585412006,56,-34.6203604040891,147284,-31.3664035797119
1035,-38.9451853985747,53,-35.5495558134982,147337,-30.3171348571777
1036,-35.2359459614207,13,-35.0490877793817,147350,-29.6490993499756
1037,-36.5583110461079,14,-35.1065329165254,147364,-30.4539127349854
1038,-35.5856721973575,13,-35.0289527169753,147377,-29.7664031982422
1039,-26.0113251268861,57,-34.4933439154043,147434,-31.9896926879883
1040,-20.894541275384,68,-33.8393327928209,147502,-30.155689239502
1041,-41.5840893090359,46,-33.5709275168616,147548,-30.8357353210449
1042,-36.7512702489514,13,-33.9286437042205,147561,-31.4052085876465
1043,-42.4850090408735,50,-34.3070422215395,147611,-30.8605842590332
1044,-42.1406551521909,51,-34.6626645212188,147662,-28.7326259613037
1045,-43.8903737631341,68,-35.0747816397093,147730,-28.9158115386963
1046,-36.1731478552152,13,-35.0361879806755,147743,-30.3565654754639
1047,-35.8325547886536,54,-35.3701244631871,147797,-27.1568927764893
1048,-35.5773207070801,56,-35.5556821175288,147853,-28.3974456787109
1049,-36.9634799539865,54,-35.6125599212394,147907,-27.9624366760254
1050,-36.4849001367963,12,-35.3629474127603,147919,-29.278018951416
1051,-37.3378934374251,53,-35.9841789114293,147972,-28.9400844573975
1052,-37.8654662115861,54,-36.0245139757327,148026,-27.8047180175781
1053,-36.1762037412156,13,-36.3014465381941,148039,-28.0469779968262
1054,-40.0600949317855,51,-36.627672014183,148090,-25.6591300964355
1055,-36.4207729165284,13,-36.5014513900807,148103,-27.9891033172607
1056,-38.4160882405345,54,-36.6604585040364,148157,-29.1269779205322
1057,-33.6730934828123,53,-36.5161976258716,148210,-26.3749885559082
1058,-37.9472394241594,16,-36.6342759872117,148226,-28.682825088501
1059,-50.0495583602279,47,-37.8361876488788,148273,-27.0688285827637
1060,-48.5507484842178,47,-39.2189980093205,148320,-28.5565872192383
1061,-36.7713511576906,13,-38.9783611017532,148333,-27.4882373809814
1062,-49.973681380955,85,-39.6394816583534,148418,-27.5107078552246
1063,-36.9078536133788,13,-39.3606238869787,148431,-28.3657283782959
1064,-47.4733256610121,45,-39.6272574124197,148476,-27.9120121002197
1065,-39.4019165903493,45,-39.4028345537805,148521,-24.5402908325195
1066,-29.2287853225416,4,-39.0556164271468,148525,-27.1125335693359
1067,21.0974934960166,25,-36.2091140129133,148550,-25.179162979126
1068,-41.5147380927425,50,-36.5059848821964,148600,-24.9427452087402
1069,-34.4841837843359,54,-36.3820200737139,148654,-27.8341255187988
1070,59.7812138849398,242,-31.5687143726271,148896,-25.8953819274902
1071,-41.7183316530622,44,-31.7877362834089,148940,-26.7867107391357
1072,-41.6241139818329,51,-31.9756686719213,148991,-26.4064235687256
1073,-42.9766572342018,44,-32.3156913465706,149035,-26.875732421875
1074,-34.614722695773,47,-32.04342273477,149082,-23.299654006958
1075,-37.2689990034749,46,-32.0858340391173,149128,-24.1513347625732
1076,-33.5409568945988,50,-31.8420774718205,149178,-22.2932872772217
1077,-33.389459604048,43,-31.8278957778823,149221,-25.6284370422363
1078,-29.2476499614289,4,-31.3929163047458,149225,-24.6138935089111
1079,-28.21091784349,47,-30.3009842789089,149272,-22.4903430938721
1080,-42.8905330929659,50,-30.0179735093463,149322,-23.5381088256836
1081,-35.3365421440994,50,-29.9462330586667,149372,-22.9632339477539
1082,-28.2465594120279,3,-28.8598769602204,149375,-25.6968307495117
1083,-36.788704500359,46,-28.8539195045694,149421,-23.4079494476318
1084,-40.1773016266696,45,-28.4891183028523,149466,-25.5959720611572
1085,-35.4837586632394,12,-28.2932104064968,149478,-24.1925830841064
1086,-22.1609309304837,54,-27.9398176868939,149532,-24.1701736450195
1087,-49.0253586836436,45,-31.4459602958769,149577,-24.957612991333
1088,-28.9474264187214,49,-30.8175947121758,149626,-22.2800540924072
1089,-39.1439858244613,49,-31.0505848141821,149675,-23.6671161651611
1090,-29.8671056491093,49,-35.5330007908845,149724,-25.1642303466797
1091,-37.2540199031442,45,-35.3097852033886,149769,-23.0681705474854
1092,20.8370410425522,24,-32.1867274521694,149793,-21.5947170257568
1093,-38.8139852175885,52,-31.9785938513387,149845,-24.5653896331787
1094,-47.3735452771984,47,-32.61653498041,149892,-22.4776344299316
1095,-38.3900325279479,46,-32.6725866566336,149938,-23.6088123321533
1096,-40.4294256456864,41,-33.017010094188,149979,-25.3643608093262
1097,-34.2857670378692,44,-33.0618254658791,150023,-22.0229091644287
1098,41.4724087724484,439,-29.5258225291852,150462,-21.5121955871582
1099,-34.9653825157485,45,-29.8635457627981,150507,-25.9130783081055
1100,-48.1520021075321,48,-30.1266192135265,150555,-22.0595245361328
1101,-43.0135657008777,50,-30.5104703913654,150605,-22.3100929260254
1102,110.717700457998,500,-23.5622573978641,151105,-23.323657989502
1103,-35.9017266121118,42,-23.5179085034517,151147,-22.1877250671387
1104,-30.4629019301169,48,-23.0321885186241,151195,-22.5890960693359
1105,-39.2175926822991,41,-23.2188802195771,151236,-23.3330459594727
1106,-35.3383779493646,45,-23.8777525705211,151281,-22.3732223510742
1107,-36.3899989046994,55,-23.2459845815739,151336,-21.0832443237305
1108,-41.5111130624169,54,-23.8741689137587,151390,-22.7469501495361
1109,-42.6757758623418,46,-24.0507584156527,151436,-23.0280456542969
1110,-33.6821819023238,44,-24.2415122283134,151480,-22.1034679412842
1111,-28.2082179850247,3,-23.7892221324075,151483,-23.5108203887939
1112,20.9527227690833,25,-23.7834380460809,151508,-23.7058448791504
1113,-32.716755751687,47,-23.4785765727858,151555,-23.7462959289551
1114,-22.3570538262736,52,-22.2277520002396,151607,-23.4980926513672
1115,-32.0622215092738,43,-21.9113614493059,151650,-22.9218292236328
1116,-35.3129432995775,12,-21.6555373320004,151662,-23.165584564209
1117,-37.5123817366765,50,-21.8168680669408,151712,-21.3470478057861
1118,22.3762885328795,25,-22.7716740789193,151737,-21.2264156341553
1119,-29.5341262381102,43,-22.5001112650373,151780,-21.049955368042
1120,-21.0261662909552,56,-21.1438194742085,151836,-22.8700637817383
1121,-40.1327701987452,53,-20.9997796991019,151889,-23.6843070983887
1122,20.0798748337872,22,-25.5316709803124,151911,-23.2552509307861
1123,-45.5916729468382,45,-26.0161682970487,151956,-20.9880714416504
1124,-28.7804938117532,51,-25.9320478911305,152007,-21.6995258331299
1125,-33.3555852662179,45,-25.6389475203265,152052,-22.5258255004883
1126,55.1831546553368,261,-21.1128708900914,152313,-20.0519466400146
1127,-33.510579359139,44,-20.9688999128134,152357,-23.0968227386475
1128,50.4011272322061,221,-16.3732878980822,152578,-22.6917724609375
1129,-35.0260051851189,12,-15.9907993642211,152590,-24.7743988037109
1130,-41.51490204664,49,-16.3824353714369,152639,-23.1920185089111
1131,-20.0692218391288,96,-15.9754855641421,152735,-23.0040340423584
1132,-36.0796588173247,43,-18.8271046434625,152778,-24.4826774597168
1133,-26.5485713049438,53,-18.5186954211253,152831,-23.7673149108887
1134,-29.4289079341794,52,-18.8722881265206,152883,-21.1369323730469
1135,19.5937475569176,22,-16.2894896732111,152905,-19.7746200561523
1136,-30.8159836173751,45,-16.0646416891009,152950,-22.1269397735596
1137,-13.2394992867359,59,-14.8509975666039,153009,-21.7352447509766
1138,-15.8499057558307,57,-16.7623072810394,153066,-21.47975730896
1139,-42.2993674129661,91,-17.4005693397822,153157,-23.2060546875
1140,-43.2186253485801,52,-18.5101922926635,153209,-22.4115982055664
1141,-28.9772781719963,46,-17.952417691326,153255,-21.173412322998
1142,-33.8683218346826,44,-20.6498275247495,153299,-23.2983112335205
1143,-19.035836270411,57,-19.3220356909281,153356,-21.9923934936523
1144,-26.1407626735674,100,-19.1900491340189,153456,-22.2069320678711
1145,-23.9365415624811,52,-18.719096948832,153508,-21.6626586914062
1146,-18.6800859646244,62,-22.4122589798301,153570,-21.5538234710693
1147,-33.2719568415926,46,-22.4003278539528,153616,-23.0523815155029
1148,-28.9786588865631,51,-26.3693171598912,153667,-23.3845520019531
1149,-34.5227899196692,11,-26.3441563966187,153678,-21.1157836914062
1150,16.8403989670237,214,-23.4263913459355,153892,-23.4560127258301
1151,-24.4435304718829,49,-23.6451067775733,153941,-21.1740608215332
1152,-21.1667642444233,100,-22.8994620489282,154041,-20.8669986724854
1153,-35.3885765484891,12,-23.3414623111054,154053,-23.5407886505127
1154,-34.05988270191,54,-23.573011049492,154107,-22.2382888793945
1155,-35.3337788765004,54,-26.3193873711629,154161,-21.1276721954346
1156,-35.0915246890477,12,-26.5331644247465,154173,-22.0465278625488
1157,-20.7736143038587,58,-26.9098701756026,154231,-21.6148719787598
1158,-36.3771754810241,13,-27.9362336618623,154244,-23.4683170318604
1159,-36.0955520263466,12,-27.6260428925313,154256,-24.2930202484131
1160,-26.9128804765072,54,-26.8107556489277,154310,-22.0660858154297
1161,-42.7090894277712,52,-27.4973462117164,154362,-20.4383029937744
1162,-24.361125209282,52,-27.0219863804464,154414,-22.7495231628418
1163,-22.6501779597666,55,-27.2027034649142,154469,-21.2127647399902
1164,-47.7671490721952,57,-28.2840227848456,154526,-23.1583480834961
1165,89.410147988259,500,-22.6166883073086,155026,-22.6383037567139
1166,-34.6668532356681,13,-23.4160266708608,155039,-22.8655319213867
1167,-22.5445642586897,54,-22.8796570417156,155093,-25.6412792205811
1168,-17.3390142647625,61,-22.2976748106256,155154,-21.2045803070068
1169,-36.4325220206174,14,-22.393161415673,155168,-22.7802314758301
1170,-8.17102548266962,109,-23.6437326381577,155277,-19.6698665618896
1171,-47.1802323316926,52,-24.7805677311481,155329,-23.1020126342773
1172,-35.1517634178956,11,-25.4798176898218,155340,-23.3916931152344
1173,-36.095357666504,13,-25.5151567457225,155353,-23.4767570495605
1174,-26.4896384840569,50,-25.1366445348299,155403,-21.130199432373
1175,-35.3259966473246,11,-25.1362554233711,155414,-24.6605701446533
1176,-28.5988112259336,51,-24.8116197502154,155465,-22.0338001251221
1177,-34.889674341099,11,-25.5174227520774,155476,-24.1124649047852
1178,-34.2048538551468,47,-25.4088066707835,155523,-23.4509735107422
1179,-35.6529426399769,48,-25.386676201465,155571,-21.9695358276367
1180,-14.3447262909168,63,-24.7582684921855,155634,-21.7707347869873
1181,-35.6678593472677,58,-24.4062069881603,155692,-22.0433311462402
1182,-31.5265463775013,48,-24.7644780465713,155740,-22.4355278015137
1183,-25.6303198308645,53,-24.9134851401262,155793,-23.7780570983887
1184,114.108973393138,500,-16.8196790168595,156293,-21.299711227417
1185,-32.0090010310154,48,-22.8906364678233,156341,-21.5683059692383
1186,-34.371684688659,11,-22.8758780404728,156352,-22.0714817047119
1187,20.6586522816736,27,-20.7157172134546,156379,-22.725923538208
1188,-16.1370955637436,151,-20.6556212784037,156530,-21.1122245788574
1189,-35.3037582002657,14,-20.5991830873861,156544,-19.7570953369141
1190,21.0368764232236,24,-19.1387879920914,156568,-22.4551067352295
1191,30.9274343156272,264,-15.2334046597255,156832,-22.659797668457
1192,21.2956863325884,22,-12.4110321722013,156854,-20.7368812561035
1193,-25.6237040807632,52,-11.8874494929142,156906,-20.3003005981445
1194,107.960497282096,500,-5.16494270460657,157406,-21.4418449401855
1195,23.1718566050233,27,-2.24005004198918,157433,-22.1562366485596
1196,125.041359840528,491,5.4419585113339,157924,-20.4735469818115
1197,-24.2785114910037,58,5.97251665383866,157982,-21.7938785552979
1198,66.5445597443591,393,11.009987333814,158375,-21.7214279174805
1199,127.346010074515,500,19.1599349695385,158875,-20.3773040771484
1200,63.5751382497539,192,23.0559281965721,159067,-21.8144340515137
1201,-22.6835463344672,54,23.7051438472121,159121,-22.0791282653809
1202,110.054881105973,500,30.7842152213858,159621,-20.4295520782471
1203,-42.5881170596487,44,29.9363253599466,159665,-23.1733093261719
1204,-27.6733678394885,67,22.8472082983153,159732,-22.0445690155029
1205,-28.1793573319738,57,23.0386904832674,159789,-21.6657371520996
1206,-35.6175806912007,11,22.9763956831403,159800,-24.0475444793701
1207,41.8352953553098,136,24.0352278368221,159936,-20.9094505310059
1208,-31.3882358628396,51,23.2726708218673,159987,-21.4920139312744
1209,-28.2262191480474,3,23.6265477744782,159990,-23.1925354003906
1210,131.23994275059,500,29.1367010908465,160490,-20.5182094573975
1211,22.1720219721849,28,28.6989304736744,160518,-22.0014629364014
1212,134.055640022698,500,34.3369281581799,161018,-20.8136367797852
1213,-22.2114250792532,56,34.5075421082554,161074,-24.652551651001
1214,-26.1753970876708,103,27.800747389767,161177,-20.5194911956787
1215,-24.3645322454173,60,25.423927947245,161237,-20.5477542877197
1216,-28.2249969836081,3,17.7606101060382,161240,-22.5975551605225
1217,-16.5026911262865,64,18.1494011242741,161304,-21.3600578308105
1218,-28.2359394536235,3,13.4103761643749,161307,-22.994457244873
1219,-21.531445737418,61,5.96650337377831,161368,-21.4466514587402
1220,-35.367553194472,13,1.01936880156702,161381,-22.2679233551025
1221,-22.8030227982524,60,1.01339497837776,161441,-20.9427356719971
1222,31.6568487802562,78,-2.9065066379081,161519,-19.6854476928711
1223,61.4539998631607,193,2.29559920823237,161712,-22.3980350494385
1224,-28.4868403052251,50,2.25492558494554,161762,-21.19309425354
1225,-28.2316051918091,3,2.25231319195377,161765,-23.4851207733154
1226,27.4857162074227,77,5.40747803688494,161842,-20.4160079956055
1227,21.8626141775939,30,4.40884397799915,161872,-22.2025985717773
1228,-34.9378637257712,49,4.23136258485257,161921,-23.0138397216797
1229,103.048594408297,277,10.7951032626698,162198,-20.7051200866699
1230,59.2365067330674,144,7.19493146179367,162342,-19.6531620025635
1231,-35.0133252352338,11,4.33566410142274,162353,-22.2685241699219
1232,-24.1581526518051,59,-3.57502553230242,162412,-21.9079761505127
1233,51.4222682924679,146,0.10665913628364,162558,-19.7082271575928
1234,-35.0995952983724,12,-0.33955077425144,162570,-21.6211891174316
1235,46.316579479025,138,3.19450481197068,162708,-21.5057926177979
1236,-25.9497709532376,52,3.3082661134892,162760,-20.1893119812012
1237,129.873733638067,388,10.6270873517069,163148,-20.7126541137695
1238,-15.7645467462985,65,11.2506569870731,163213,-20.9650573730469
1239,22.6852590194068,30,13.4614922249144,163243,-20.2087364196777
1240,47.2650135455248,300,17.5931205619142,163543,-19.3490371704102
1241,-40.3566402705378,91,16.7154396882999,163634,-21.1538238525391
1242,128.118357531115,500,21.5385151258429,164134,-21.2989540100098
1243,-35.5075938157382,11,16.690435441898,164145,-23.0431861877441
1244,22.8076248406562,30,19.255158699192,164175,-20.4365520477295
1245,-34.7479782762613,12,18.9293400449694,164187,-20.0300407409668
1246,21.5688345577298,26,18.6334959624848,164213,-20.1317405700684
1247,21.2286055357052,25,18.6017955303903,164238,-20.2000331878662
1248,22.251723027237,27,21.4612748680407,164265,-21.5825977325439
1249,28.8397218544824,115,17.75083124035,164380,-20.0452880859375
1250,37.9975409594119,87,16.6888829516672,164467,-18.5325355529785
1251,19.9204184243688,23,19.4355701346474,164490,-21.0109519958496
1252,-35.3265917506931,12,18.877148179703,164502,-20.6448516845703
1253,-18.8335107769651,56,15.3643592262313,164558,-19.9051456451416
1254,-34.7722759374552,11,15.3807251942772,164569,-20.035608291626
1255,-35.1238352919922,12,11.3087044557263,164581,-19.6515312194824
1256,-35.487408410346,11,10.8318225828709,164592,-22.2733306884766
1257,21.0245237214599,27,5.38936208704055,164619,-19.9958763122559
1258,-21.0811093138283,59,5.12353395866406,164678,-19.2297859191895
1259,54.9406421178916,258,6.73630311358829,164936,-20.6125831604004
1260,-36.5663217516129,13,2.54473634873141,164949,-20.8532676696777
1261,-28.2221682000535,3,3.15145995225563,164952,-20.0293083190918
1262,6.68638169460383,132,-2.92013883956996,165084,-19.6134910583496
1263,32.2674923566243,77,0.468615469048167,165161,-18.8759002685547
1264,-17.1338554783487,62,-1.52845854690208,165223,-19.6159954071045
1265,-24.4210435330085,56,-1.01211180973944,165279,-19.5281352996826
1266,-28.542387709945,93,-3.51767292312318,165372,-21.5283279418945
1267,69.1099635560356,197,-1.12360502210665,165569,-19.2993068695068
1268,21.8717750862812,25,-1.14260241915444,165594,-19.6325931549072
1269,-35.2577073141538,12,-4.34747387758626,165606,-20.2947177886963
1270,-25.0660359636754,64,-7.50065272374062,165670,-18.4610118865967
1271,20.6775531778044,186,-7.46279598606884,165856,-18.2066383361816
1272,-34.8243370962106,12,-7.43768325334472,165868,-18.5744094848633
1273,21.1557421103849,24,-5.43822060897722,165892,-18.9793472290039
1274,-34.4823106899776,10,-5.42372234660334,165902,-20.6049385070801
1275,-35.293953658724,14,-5.43222826493993,165916,-19.3333911895752
1276,-35.4087598797717,11,-5.42829583841121,165927,-20.639181137085
1277,-35.1761059713039,11,-8.2383273230494,165938,-20.4781513214111
1278,-29.1687305402691,52,-8.64270838437144,165990,-18.6543464660645
1279,-34.8786566483968,11,-13.1336733226859,166001,-20.4713478088379
1280,-35.2297364724556,11,-13.066844058728,166012,-20.4665813446045
1281,-34.3347444271074,58,-13.3724728700807,166070,-19.4414691925049
1282,-21.3978533349114,58,-14.7766846215565,166128,-17.5418014526367
1283,-27.5410973562507,51,-17.7671141072002,166179,-17.6111354827881
1284,24.3966540073726,26,-15.6905886329141,166205,-18.673152923584
1285,-35.7083488312945,12,-16.2549538978284,166217,-21.1659278869629
1286,-13.2152761612375,62,-15.4885983203931,166279,-17.6722526550293
1287,-35.6371933148411,12,-20.7259561639369,166291,-20.7308521270752
1288,-35.1980851338992,11,-23.5794491749459,166302,-19.6467761993408
1289,-30.3418398659325,55,-23.3336558025349,166357,-18.7676944732666
1290,39.5284391573572,85,-20.1039320464832,166442,-17.8723793029785
1291,-26.4402758372869,60,-22.4598234972378,166502,-19.4507694244385
1292,-28.2066884559692,3,-22.1289410652257,166505,-18.4344844818115
1293,7.86483857951146,184,-22.7934862417694,166689,-17.4399108886719
1294,21.7533319740149,24,-19.9817041085698,166713,-17.9791011810303
1295,21.0493007432142,24,-17.1645413884729,166737,-17.3603134155273
1296,-35.2184972953031,11,-17.1550282592494,166748,-19.7641468048096
1297,-28.2105166949038,3,-16.8067487954294,166751,-18.488941192627
1298,46.6697845891514,137,-13.0148230389584,166888,-16.6842498779297
1299,-34.9485037576043,11,-13.0183153944188,166899,-18.3061237335205
1300,31.7704752652474,77,-9.66830480753363,166976,-18.0877819061279
1301,-24.3042251738708,55,-9.1667788448718,167031,-18.3373699188232
1302,20.0295707040195,180,-7.09540764292525,167211,-17.4591522216797
1303,19.5398980064686,23,-4.74135787478928,167234,-18.4947624206543
1304,25.9667060403678,31,-4.66285527313952,167265,-16.9266796112061
1305,-35.5520182983878,12,-4.65503874649418,167277,-18.9275016784668
1306,0.0554543712064124,115,-3.99150221987199,167392,-16.6685810089111
1307,-20.3230706913194,59,-3.2257960886959,167451,-16.424768447876
1308,-26.6519984190631,53,-2.7984917529541,167504,-17.6989440917969
1309,-19.713094601222,65,-2.26705448971857,167569,-18.1626052856445
1310,-1.90173979506424,118,-4.33856343733964,167687,-16.1944332122803
1311,-35.8515818058392,56,-4.80912873576726,167743,-18.819278717041
1312,-20.7734951393868,61,-4.43746906993814,167804,-16.6184577941895
1313,-17.0500726285062,111,-5.68321463033902,167915,-17.2942771911621
1314,-27.0533003253583,51,-8.12354624530768,167966,-18.2514953613281
1315,-35.5642973022908,11,-10.9542261475829,167977,-19.9241771697998
1316,-36.4987332249177,13,-11.0182379440637,167990,-19.6839084625244
1317,-37.4578617184751,107,-11.4806051952422,168097,-16.0983123779297
1318,-35.7860820409805,12,-15.6033985267488,168109,-18.1122398376465
1319,-35.7516836746698,13,-15.6435575226021,168122,-18.2045459747314
1320,-28.8321382079441,53,-18.6736881962617,168175,-17.5186042785645
1321,-35.5491541614186,12,-19.2359346456391,168187,-17.7102108001709
1322,-23.7203393199168,57,-21.4234301468359,168244,-17.5994338989258
1323,-21.3120729774474,101,-23.4660286960317,168345,-17.7121849060059
1324,-34.9944425992198,11,-26.5140861280111,168356,-19.085578918457
1325,-18.989173468722,64,-25.6859438865278,168420,-17.3713779449463
1326,-35.6446975579533,13,-27.4709514829857,168433,-18.7202377319336
1327,-22.9541451145274,65,-27.6025052041461,168498,-17.746057510376
1328,-35.553136213105,12,-28.0475620938482,168510,-19.4025325775146
1329,-36.7958929905926,15,-28.9017020133168,168525,-16.6885585784912
1330,25.9648364447532,69,-27.5083732013259,168594,-16.6389961242676
1331,-36.2587003337012,12,-27.528729127719,168606,-19.9760589599609
1332,-26.6788204331714,60,-27.8239953924082,168666,-17.2996559143066
1333,-31.6820136008166,50,-28.5555924410237,168716,-16.9387435913086
1334,-35.4749357410769,13,-28.9766742118097,168729,-17.3335971832275
1335,-35.5635910309213,12,-28.9766388982412,168741,-19.4611434936523
1336,-35.5578789533561,13,-28.9295961846631,168754,-18.0480461120605
1337,-26.5253622636269,55,-28.3829712119207,168809,-17.2105827331543
1338,-22.0974686134292,56,-27.6985405405431,168865,-16.914758682251
1339,-35.0986265708283,12,-27.6658876853511,168877,-17.8101577758789
1340,-27.6577713310979,51,-27.6071693415088,168928,-16.6182994842529
1341,-35.1092622757518,12,-27.5851747472254,168940,-16.8130359649658
1342,-39.1524267338132,57,-28.3567791179202,168997,-17.316873550415
1343,-36.1306398501387,59,-29.0977074615548,169056,-18.2156467437744
1344,21.8836147226644,25,-26.2538045954606,169081,-16.7263965606689
1345,-34.6345814935767,11,-27.0360749967033,169092,-17.3673133850098
1346,-35.3614339617157,13,-27.0219118168915,169105,-18.0378322601318
1347,19.7425666695474,25,-24.8870762276877,169130,-17.4233264923096
1348,-35.3526332300156,12,-24.8770510785332,169142,-17.9833755493164
1349,-35.800566120167,12,-24.827284735012,169154,-17.3047561645508
1350,20.3220938493753,22,-25.1094218647809,169176,-16.2966861724854
1351,-29.3098668517001,4,-24.7619801906808,169180,-19.2368049621582
1352,-35.4966168998585,12,-25.2028700140152,169192,-18.8479156494141
1353,-24.2734351225579,57,-24.8324410901022,169249,-15.8284902572632
1354,23.8151487333969,30,-21.8679368663785,169279,-16.3715515136719
1355,-35.2775887780313,12,-21.853636753734,169291,-16.525369644165
1356,-34.9969390673059,11,-21.8255897594315,169302,-18.6209468841553
1357,34.1880176781204,82,-18.7899207623442,169384,-17.0275077819824
1358,-29.6988559797799,52,-19.1699901306617,169436,-18.8516902923584
1359,-35.5580434718693,12,-19.1929609757138,169448,-18.7449645996094
1360,-35.1595084458586,11,-19.5680478314518,169459,-19.2223701477051
1361,-35.8682385493465,13,-19.6059966451315,169472,-17.4150772094727
1362,-17.0312737255496,68,-18.4999389947183,169540,-16.307336807251
1363,-15.542945378346,62,-17.4705542711287,169602,-15.7022504806519
1364,80.7119237954044,209,-14.5291388174917,169811,-16.944673538208
1365,-35.1629572753906,11,-14.5555576065824,169822,-18.0385551452637
1366,-19.9991412572335,61,-13.7874429713583,169883,-16.6146278381348
1367,-36.3064149815163,13,-16.5898920539115,169896,-19.5516891479492
1368,-17.334582447242,63,-15.6889895147728,169959,-16.7036800384521
1369,-36.7773304476775,13,-15.7378277311483,169972,-18.5771789550781
1370,21.3917597619149,26,-15.6843444355213,169998,-16.9014282226562
1371,-22.3910874206365,58,-15.3384054639682,170056,-16.4421195983887
1372,-28.2425559848909,57,-14.9757024182198,170113,-19.3220500946045
1373,-35.0958423636883,13,-15.5168227802763,170126,-16.245044708252
1374,-23.3619635865191,55,-17.8756783962721,170181,-18.7967414855957
1375,-29.3914405830007,55,-17.5813709865206,170236,-18.1233310699463
1376,-35.5761253836653,13,-17.6103303023385,170249,-15.8991193771362
1377,20.2848406744168,22,-18.3054891525237,170271,-16.7274589538574
1378,-35.368315603208,13,-18.5889621336951,170284,-17.1269264221191
1379,-24.0026097152088,58,-18.0111904458621,170342,-17.790168762207
1380,-35.638924564278,12,-18.0351612517831,170354,-19.1402072906494
1381,-38.6248641596524,90,-18.1729925322984,170444,-18.8241806030273
1382,19.4331964241706,19,-16.3497690248124,170463,-17.0539684295654
1383,-35.4351940320297,11,-17.3443814574965,170474,-19.3881988525391
1384,-35.6563965572081,13,-23.1627974751272,170487,-18.2337608337402
1385,-35.0706163417769,12,-23.1581804284465,170499,-17.3418102264404
1386,-35.7142560401041,12,-23.94393616759,170511,-19.530818939209
1387,-36.0751880101918,13,-23.9323748190238,170524,-17.159496307373
1388,-34.9079068610207,11,-24.8110410397127,170535,-18.6970195770264
1389,22.6524905365772,28,-21.8395499905,170563,-16.0905685424805
1390,20.327451136937,24,-21.8927654217489,170587,-17.8975715637207
1391,-35.2426729319265,12,-22.5353446973134,170599,-17.5556468963623
1392,19.8318895631931,24,-20.1316224199092,170623,-18.3238487243652
1393,-34.6132576735542,119,-20.1074931854025,170742,-18.5234527587891
1394,-26.4408821692975,53,-20.2614391145414,170795,-16.0322399139404
1395,21.0187595538044,24,-17.7409291077011,170819,-16.5848331451416
1396,-36.7850306295445,12,-17.8013743699951,170831,-17.9699897766113
1397,-38.4468919276296,200,-20.7379610000974,171031,-16.8862495422363
1398,-19.2563570585718,62,-19.9323630728656,171093,-16.6531410217285
1399,-35.4821630279788,11,-20.5063407385041,171104,-19.4707946777344
1400,34.9221552399618,81,-16.9782867482921,171185,-16.518404006958
1401,-35.3088527027489,11,-16.812486175447,171196,-19.4588871002197
1402,-27.0064884366809,51,-19.1344704184895,171247,-18.142297744751
1403,-20.3740183647928,59,-18.3814116351277,171306,-16.8432559967041
1404,-34.7280865105866,11,-18.3349961327966,171317,-19.3381671905518
1405,-35.3408066289997,11,-18.3485056471577,171328,-19.41796875
1406,-17.8019590775468,63,-17.4528907990299,171391,-18.9989128112793
1407,-22.5587451202082,56,-16.7770686545307,171447,-18.3533191680908
1408,-35.3532127382019,11,-16.7993339483898,171458,-18.673095703125
1409,-20.1604099890648,81,-18.9399789746719,171539,-17.1413955688477
1410,-35.9742462680771,12,-21.7550638449226,171551,-19.1395168304443
1411,-34.7239123188682,12,-21.7291258142697,171563,-17.7053546905518
1412,-34.1538633073463,11,-24.4284134577966,171574,-17.0009841918945
1413,-35.4585402680371,12,-24.4706775875208,171586,-18.1504917144775
1414,-35.6921983479441,12,-24.9332433964531,171598,-19.7611331939697
1415,31.7612916937093,82,-24.3961167894579,171680,-17.6062049865723
1416,-35.3695057145386,12,-24.3253405437076,171692,-18.6713943481445
1417,-30.8461664388639,81,-23.9453042692693,171773,-17.7081127166748
1418,-21.2325453767927,57,-24.0441136851803,171830,-17.0015544891357
1419,-35.8170016086481,13,-24.0608556142138,171843,-19.1298599243164
1420,22.3179769758647,26,-24.6910645274186,171869,-16.8887329101562
1421,-36.1808179780036,12,-24.7346627911814,171881,-19.3364562988281
1422,-35.0841964692847,12,-25.1385481928116,171893,-18.2158851623535
1423,-35.8030298749351,12,-25.9099987683187,171905,-18.3499851226807
1424,-34.5974998089173,12,-25.9034694332352,171917,-17.4472808837891
1425,-18.3932204268905,64,-25.0560901231298,171981,-17.6373100280762
1426,-34.7930106951349,11,-25.9056427040092,171992,-19.3859825134277
1427,-36.9169375972943,121,-26.6235523278635,172113,-19.1008930206299
1428,-35.0555436913594,11,-26.6086688755213,172124,-18.9718246459961
1429,-35.0755171062781,12,-27.354424231382,172136,-18.3457126617432
1430,-34.4492263652531,10,-27.2781732362408,172146,-19.8181972503662
1431,-35.9272007210656,13,-27.3383376563507,172159,-19.5154228210449
1432,-36.0256164912489,13,-27.4319253155458,172172,-16.6707229614258
1433,-17.8142497236102,65,-26.5497107883245,172237,-17.1024379730225
1434,-26.5377642337585,58,-26.0919890826152,172295,-15.9212923049927
1435,-35.994673118294,14,-29.4797873232153,172309,-19.2262210845947
1436,21.012268121438,23,-26.6606986314165,172332,-16.823787689209
1437,-35.3487072216001,11,-26.8858256705533,172343,-20.3500099182129
1438,-36.7577774406135,14,-27.6620872737444,172357,-19.1496467590332
1439,-34.9504512700966,13,-27.6187597568168,172370,-17.6560592651367
1440,-27.1776120793282,53,-30.0935392095764,172423,-19.365779876709
1441,-36.1515099168616,12,-30.0920738065193,172435,-18.1772327423096
1442,-35.2130321345823,11,-30.0985155897842,172446,-20.2513103485107
1443,-35.5434457528775,12,-30.0855363836813,172458,-18.0747261047363
1444,40.786488676465,88,-26.3163369594122,172546,-17.5673351287842
1445,-12.9837193386478,62,-26.0458619050001,172608,-17.3458518981934
1446,-34.4381530790993,12,-26.0281190241983,172620,-17.007698059082
1447,-20.9650748357252,60,-25.2305258861198,172680,-16.7275867462158
1448,21.2532385864059,26,-22.4150867722316,172706,-18.5484085083008
1449,-36.4585359055392,12,-22.4842377121946,172718,-19.7389087677002
1450,-27.5600482068919,54,-22.1397788042766,172772,-17.8584384918213
1451,-23.5064751667869,54,-21.5187425265626,172826,-17.6216945648193
1452,-36.7169408980615,13,-21.5533087469033,172839,-20.5554084777832
1453,22.4522333505457,26,-19.5399845931955,172865,-17.626672744751
1454,37.8962003821603,88,-16.3182863623995,172953,-17.4291324615479
1455,19.3597615040869,22,-13.5505646312805,172975,-19.0470523834229
1456,21.6093084811939,24,-13.5207126132927,172999,-17.4507026672363
1457,-24.1922447449938,57,-12.9628894894624,173056,-18.2280120849609
1458,-35.6290328094668,12,-12.9064522579051,173068,-20.492488861084
1459,-35.6630080215254,13,-12.9420800954765,173081,-18.6929054260254
1460,-36.1434427296106,12,-13.3903716279906,173093,-20.3230934143066
1461,-34.6632990915516,11,-13.3159610867251,173104,-19.6552734375
1462,-34.9863624360034,11,-13.3046276017962,173115,-19.7354526519775
1463,21.9792607901764,25,-10.4284922746435,173140,-16.7140655517578
1464,-35.5992570835563,12,-14.2477795626445,173152,-19.6500263214111
1465,22.297188469074,26,-12.4837341722584,173178,-18.6012897491455
1466,-18.5992477186761,62,-11.6917889042373,173240,-18.955867767334
1467,-33.8624428605903,13,-12.3366573054805,173253,-16.0956993103027
1468,-25.004002431777,57,-14.6495193563897,173310,-16.990421295166
1469,-17.6881705700118,64,-13.7110010896133,173374,-18.2042140960693
1470,-34.3476143876076,11,-14.0503793986491,173385,-18.5910758972168
1471,-27.1361081424391,53,-14.2318610474317,173438,-17.2425384521484
1472,17.6611729795122,22,-11.512955353553,173460,-16.9201946258545
1473,-19.1288929468681,61,-13.5920116684237,173521,-17.1361713409424
1474,19.7891521229495,21,-14.4973640813843,173542,-16.9829120635986
1475,32.558660734679,195,-13.8374191198547,173737,-16.6492919921875
1476,-34.911296697173,13,-16.663449378773,173750,-18.2841644287109
1477,149.585777024055,421,-7.97454829032058,174171,-16.6676502227783
1478,-11.8201647012051,67,-6.78410488490749,174238,-18.7245826721191
1479,-35.1253042095454,12,-6.75721969430849,174250,-19.059642791748
1480,-35.8345124955594,13,-6.74177318260593,174263,-18.8955192565918
1481,-35.236455906811,12,-6.7704310233689,174275,-19.7179756164551
1482,-34.5177579191514,11,-6.74700079752631,174286,-18.6740074157715
1483,-19.6377868844217,62,-8.82785318125621,174348,-18.7155609130859
1484,-34.3655806211456,11,-8.76616935813568,174359,-18.6135368347168
1485,-34.9381840967344,11,-11.6279379864261,174370,-20.5763473510742
1486,-35.0048297834948,11,-12.448217089667,174381,-20.5493202209473
1487,-35.5556259044352,11,-12.5328762418593,174392,-20.9490127563477
1488,-35.4136196739289,12,-13.0533571039669,174404,-19.7272453308105
1489,-35.5413531728335,11,-13.946016234108,174415,-21.8171977996826
1490,-23.3151091324592,57,-13.3943909713505,174472,-17.7516784667969
1491,32.4430529175239,85,-10.4154329183524,174557,-17.6247024536133
1492,-24.5362048535511,59,-12.5253018100056,174616,-21.148120880127
1493,-12.0672108049995,63,-12.1722177029121,174679,-17.4321575164795
1494,102.683035051208,236,-8.02752355649919,174915,-17.8075866699219
1495,20.4103064235291,23,-8.63494127205669,174938,-18.101900100708
1496,-32.634016370015,88,-8.52107725569878,175026,-21.1540641784668
1497,-36.380073862585,14,-17.8193698000308,175040,-20.2548713684082
1498,19.3439245870266,19,-16.2611653356192,175059,-18.1903686523438
1499,20.3202023574924,25,-13.4888900072673,175084,-18.4154472351074
1500,-23.6048246448236,58,-12.8774056147305,175142,-20.9804286956787
1501,-32.0666744857438,53,-12.7189165436771,175195,-20.6485977172852
1502,-34.9862117591817,13,-12.7423392356787,175208,-19.2173309326172
1503,-35.53922457943,11,-13.5374111204291,175219,-22.3653526306152
1504,19.6809704517186,22,-10.8350835667859,175241,-17.8573055267334
1505,56.5542879332692,152,-6.26045996528567,175393,-16.9535846710205
1506,23.3740777516752,29,-3.34151458852717,175422,-18.1123867034912
1507,21.3228934943748,26,-0.497588618586671,175448,-17.512414932251
1508,-14.7733445739089,62,0.53442513641433,175510,-16.4224452972412
1509,-35.6221285140991,12,0.530386369351053,175522,-20.2931308746338
1510,94.5930929961117,234,6.4257964757796,175756,-17.1545372009277
1511,-24.507371270751,53,3.57827526636586,175809,-20.4329566955566
1512,-26.9096047676026,53,3.45960527066328,175862,-21.6092395782471
1513,-16.9004786436048,63,3.21794187873301,175925,-19.326000213623
1514,-11.6427321077964,65,-2.49834647921721,175990,-17.5586700439453
1515,-35.5054285832095,12,-5.29413322955414,176002,-20.6510753631592
1516,23.3837293033694,27,-2.49324594588492,176029,-18.7750053405762
1517,-34.6798085719749,11,-2.40823268135442,176040,-21.4865913391113
1518,21.5466050328937,24,-2.29809865906106,176064,-18.4115657806396
1519,47.3483432388192,137,-0.946691614994725,176201,-18.9390678405762
1520,20.1014066804345,22,1.23861995126818,176223,-19.3224678039551
1521,-35.3100264831669,12,1.07645235139703,176235,-19.9489498138428
1522,-16.2252187341253,62,2.01450200264984,176297,-17.117561340332
1523,-36.0169458656935,14,1.99061593833667,176311,-17.9356460571289
1524,-24.9844171579292,52,-0.242653442145721,176363,-19.7820911407471
1525,49.8294685219794,97,-0.578894412710211,176460,-17.9925422668457
1526,-17.1682053495324,59,-2.60600856777059,176519,-18.8698863983154
1527,-23.3450565938844,58,-4.83940607218355,176577,-18.9865875244141
1528,-21.6631353704676,58,-5.18389561201148,176635,-19.6335487365723
1529,18.952744649676,22,-2.45515195382273,176657,-18.3819332122803
1530,-35.1497226991684,12,-8.94229273858674,176669,-20.3339042663574
1531,-27.3578120286517,57,-9.08481477648177,176726,-20.6312637329102
1532,-35.8578056926984,12,-9.53222482273656,176738,-20.7304821014404
1533,19.9378351046524,28,-7.6903091353237,176766,-18.5730400085449
1534,-35.5779551394225,13,-8.88707028690501,176779,-18.9744892120361
1535,99.1817500041183,288,-2.15271135753862,177067,-18.5573043823242
1536,-32.9790834161152,123,-4.97085199351285,177190,-18.9855880737305
1537,-34.9914792403374,13,-4.98643552693097,177203,-18.6755981445312
1538,-36.313629591698,13,-7.87944725816056,177216,-20.1260814666748
1539,26.5904043085204,30,-8.9173442046755,177246,-20.2125911712646
1540,21.1673374097827,26,-8.86404766820809,177272,-19.2268981933594
1541,20.5706761546658,25,-6.07001253631645,177297,-18.9485282897949
1542,-28.9262009124287,51,-6.70506164523162,177348,-19.2921752929688
1543,-16.8195250389034,59,-5.74519060389212,177407,-18.2014217376709
1544,-27.6312854099305,56,-5.87753401649218,177463,-19.3693962097168
1545,-35.6382944501213,13,-10.1509221650972,177476,-21.5640144348145
1546,-34.4079152430271,10,-11.012907659772,177486,-21.6192817687988
1547,-18.9189043067332,59,-10.7916000454144,177545,-19.3483257293701
1548,-35.0343298759392,12,-11.460159770688,177557,-22.0043678283691
1549,20.8007012792683,26,-11.3677619392084,177583,-19.7200050354004
1550,19.0086351308315,20,-8.65984404770837,177603,-17.9175643920898
1551,-19.9421339930471,55,-8.28906014592814,177658,-19.4233341217041
1552,-18.8187638361144,65,-7.43710805309894,177723,-19.1808547973633
1553,19.0555208560211,19,-7.4812237655305,177742,-16.9030208587646
1554,-34.6105645751533,12,-7.43285423731704,177754,-20.1484489440918
1555,-35.6805811400419,12,-14.1759707945251,177766,-21.0576057434082
1556,22.7227592761833,25,-11.3908786599101,177791,-19.8053703308105
1557,-14.1520926892961,68,-10.3489093323581,177859,-18.7709617614746
1558,-35.3625886844553,14,-10.3013572869959,177873,-19.4668922424316
1559,-35.7060128047355,12,-13.4161781426587,177885,-22.3716278076172
1560,-21.5831425139198,55,-15.5537021388438,177940,-20.8238353729248
1561,-35.0034973354702,13,-18.3324108133506,177953,-18.9640827178955
1562,-20.898619327951,59,-17.9310317341268,178012,-19.7830181121826
1563,40.3347830215818,88,-15.0733163311025,178100,-17.8345909118652
1564,24.5707794832825,27,-12.4632130864418,178127,-19.7774238586426
1565,-29.2680722287382,4,-12.1447019753727,178131,-20.4615707397461
1566,-35.4613945421771,12,-12.1973759403302,178143,-21.1439590454102
1567,19.388614041454,25,-10.2820000229208,178168,-20.3065891265869
1568,-36.0364056361876,13,-10.3321038109332,178181,-21.769063949585
1569,-23.7376955298832,53,-12.5590236513908,178234,-21.0140399932861
1570,-35.1644139546459,12,-15.2676761056647,178246,-21.3410549163818
1571,22.2930167265328,26,-13.1559185696857,178272,-18.5534172058105
1572,-25.3673488076317,52,-13.4833478182616,178324,-21.8121376037598
1573,23.3458432303453,24,-13.2688316995454,178348,-18.7702350616455
1574,-34.8731027230255,13,-13.281958606939,178361,-19.6165027618408
1575,22.0622772043848,28,-10.3948156897176,178389,-20.0933723449707
1576,-34.416971824955,13,-13.2518022447745,178402,-19.2649230957031
1577,-8.40821481534826,113,-12.9646083510772,178515,-17.9455871582031
1578,-35.1619852860058,12,-12.9545781811547,178527,-20.6091995239258
1579,-35.324592835668,12,-12.9355071827013,178539,-20.0232124328613
1580,-35.0450000599189,12,-13.6086000600013,178551,-20.2157421112061
1581,-26.0147776565861,53,-13.1591640760571,178604,-20.9193458557129
1582,-25.5800605030321,54,-13.3932361348111,178658,-19.4393539428711
1583,-15.4447163720697,64,-16.1822111044937,178722,-19.5087890625
1584,-35.1246900480139,14,-19.1669845810585,178736,-18.8143501281738
1585,-36.2744386283825,12,-19.5173029010407,178748,-20.7977466583252
1586,23.2754785737929,26,-16.5804592452422,178774,-19.297664642334
1587,-34.6464802335802,12,-19.2822139589939,178786,-20.1448574066162
1588,-35.3912500933651,14,-19.2499561818528,178800,-20.0639610290527
1589,21.5872198013726,25,-16.98371041529,178825,-18.6866054534912
1590,-30.2581910364371,78,-16.7383992693796,178903,-20.3646068572998
1591,-28.2134228639243,3,-19.2637212489024,178906,-19.4450988769531
1592,-16.2014475346197,64,-18.8054261852518,178970,-19.3177089691162
1593,-34.9202909002066,12,-21.7187328917794,178982,-19.5289859771729
1594,-35.2836659217534,11,-21.7392610517158,178993,-21.0493488311768
1595,90.6259029623278,265,-18.3110797638187,179258,-18.4389877319336
1596,-16.5413235868649,58,-17.4172973519142,179316,-17.5483531951904
1597,-26.8377697833967,54,-18.3387751003166,179370,-20.1066665649414
1598,-21.1798083071687,54,-17.6396662513747,179424,-19.2626953125
1599,-22.4079337916376,50,-16.9938332991732,179474,-17.2238597869873
1600,-14.9577348136725,64,-15.9894700368609,179538,-18.080078125
1601,22.9218789207455,25,-13.5426372079943,179563,-17.2298011779785
1602,113.700562311103,332,-6.57860606728753,179895,-16.856653213501
1603,-19.4899058550781,55,-6.78086554143795,179950,-19.2697601318359
1604,-34.6180379180725,10,-6.75553293494088,179960,-22.975170135498
1605,21.2846681655104,22,-3.87757759524623,179982,-18.4655418395996
1606,-14.3038425891484,62,-5.7565436533933,180044,-17.9579162597656
1607,-30.362092055326,5,-5.54232424448059,180049,-21.0580825805664
1608,-15.0649099556199,60,-4.52600723759333,180109,-19.8374576568604
1609,-34.5166585574193,12,-7.33120115553293,180121,-17.7134075164795
1610,-25.3112394771627,52,-7.08385357756921,180173,-18.6789684295654
1611,-24.0503482390769,49,-6.87569984632684,180222,-20.5140914916992
1612,-27.2925236685985,91,-7.43025365302578,180313,-18.6533126831055
1613,19.6953138012463,20,-4.69947341795313,180333,-19.4297256469727
1614,22.6580334373714,23,-1.8023884499969,180356,-17.2349395751953
1615,-35.475142799759,12,-8.10744073810124,180368,-20.518238067627
1616,-34.6238729960247,13,-9.01156820855923,180381,-18.7380409240723
1617,-25.3479065304548,52,-8.93707504591213,180433,-17.8215408325195
1618,-30.2407243122072,5,-9.39012084616406,180438,-18.9415245056152
1619,18.62878404151,20,-7.33828495450668,180458,-17.5427341461182
1620,20.8359714679511,25,-5.5485996404255,180483,-18.0689315795898
1621,19.0745031223814,21,-5.74096843034371,180504,-19.0323696136475
1622,18.4142543655535,19,-10.5052838276212,180523,-18.8363265991211
1623,-34.9857049929955,12,-11.2800737845171,180535,-20.1046619415283
1624,-34.7208872078817,11,-11.2852162490075,180546,-19.2609462738037
1625,44.7309396355953,97,-10.1129026755033,180643,-16.9643096923828
1626,19.4120668577816,18,-8.42710720315679,180661,-18.0040512084961
1627,21.8252719871304,25,-5.81773900103397,180686,-16.7037525177002
1628,-16.7757847028823,60,-5.90328273839708,180746,-20.1110172271729
1629,-17.1568512394484,60,-5.03529237249854,180806,-17.3147411346436
1630,19.3994700900506,24,-2.79975689413788,180830,-19.0885753631592
1631,24.9159935198841,75,-0.351439806189828,180905,-18.557710647583
1632,19.7677075873108,23,2.00157175660564,180928,-18.9808406829834
1633,-19.1956905004105,58,0.0570215415227985,180986,-19.8882160186768
1634,23.7762609602924,23,0.112932917668849,181009,-15.7538604736328
1635,-22.0930189805692,55,0.782039108628341,181064,-17.3919048309326
1636,130.475698449665,500,9.03701768091285,181564,-17.609245300293
1637,64.9179590778206,199,13.5503109613266,181763,-17.1963405609131
1638,-17.04985881972,57,14.209854235951,181820,-17.7138137817383
1639,114.767111031068,332,19.0167705854289,182152,-18.5501365661621
1640,102.929652521342,500,23.1214546380984,182652,-17.2229042053223
1641,-16.9783733055616,54,21.3188108167013,182706,-19.1786231994629
1642,20.9739996498068,24,21.4467980809139,182730,-19.7115325927734
1643,-21.5830118684274,50,22.1169327371423,182780,-19.0694847106934
1644,20.7620170864011,22,24.8910779518565,182802,-16.879207611084
1645,24.1134088379412,29,23.8602014119738,182831,-19.6811923980713
1646,23.1843388978393,26,24.0488150139767,182857,-18.126350402832
1647,-21.4867319171062,56,21.8832148187648,182913,-17.1410293579102
1648,-23.3549407316089,79,21.5542570173285,182992,-19.1497554779053
1649,-23.9610841808932,51,21.2140453702563,183043,-21.1403560638428
1650,76.9415463823562,209,24.0911491848715,183252,-16.3685398101807
1651,-34.0111605834956,13,21.1447914797026,183265,-17.6057167053223
1652,-24.9054807189505,51,18.9111320643895,183316,-21.110969543457
1653,-19.8662939745198,58,18.877601890684,183374,-17.5483818054199
1654,21.7993089536752,21,18.7787542903532,183395,-16.6560955047607
1655,-35.2320329559273,12,18.1218035915853,183407,-17.4948902130127
1656,-27.0719345120217,52,10.2444219435009,183459,-19.9601345062256
1657,-21.836307332418,58,5.90670862298898,183517,-19.5111618041992
1658,-11.9926435106523,67,6.15956938844237,183584,-20.1188793182373
1659,-29.2854987016385,4,-1.04306109819295,183588,-19.4017677307129
1660,-30.3121549406128,5,-7.7051514712907,183593,-20.5832805633545
1661,-22.3225203777804,56,-7.97235882490164,183649,-19.01780128479
1662,-28.5405865540648,54,-10.4480881350952,183703,-18.7067680358887
1663,24.4747796094938,29,-8.14519856119916,183732,-16.8367748260498
1664,-19.2032439337994,58,-10.1434616122092,183790,-18.2545948028564
1665,-30.3007019085452,5,-12.8641671495335,183795,-19.5405426025391
1666,-34.8080365765395,11,-15.7637859232525,183806,-20.5597972869873
1667,48.0594133842787,144,-12.2864786581832,183950,-17.3650550842285
1668,19.6858743813059,21,-10.1344379025375,183971,-16.1086273193359
1669,-15.1633335628269,59,-9.69455037163415,184030,-17.5356731414795
1670,18.1874276181607,19,-12.6322563098439,184049,-18.2775268554688
1671,-20.4714402070357,55,-11.9552702910209,184104,-18.1476211547852
1672,20.9274291696177,22,-9.66362479659252,184126,-16.6551666259766
1673,-16.0018939900637,62,-9.47040479736971,184188,-18.3279304504395
1674,-35.4061097462399,11,-12.3306757323655,184199,-20.6747035980225
1675,19.6810767336236,24,-9.58502024788792,184223,-17.6541652679443
1676,-34.3058518735701,12,-9.94671611596534,184235,-18.0591373443604
1677,-29.2561946408327,4,-10.3177104813861,184239,-17.4092407226562
1678,-21.0784092461265,58,-10.7719987681598,184297,-18.3383674621582
1679,19.7295197633812,20,-8.3212478449088,184317,-16.2238254547119
1680,-29.2569509941452,4,-8.26848764758542,184321,-18.4394130706787
1681,-17.84956349905,57,-8.0448398036489,184378,-17.7458572387695
1682,-28.216226302769,3,-8.02862179108411,184381,-18.3253784179688
1683,18.6843311166099,22,-8.31814421572831,184403,-18.967830657959
1684,22.0132326463914,24,-6.25732038671876,184427,-16.5949192047119
1685,20.8027914319743,22,-3.70214571969279,184449,-17.5470104217529
1686,-34.929081226905,12,-3.70819795221106,184461,-18.3102073669434
1687,18.5233227889139,22,-5.1850024819793,184483,-16.7330150604248
1688,-21.3519158917749,50,-7.23689199563334,184533,-16.4962482452393
1689,-29.2886667365704,4,-7.94315865432052,184537,-19.4043960571289
1690,-34.7968471306361,12,-10.5923723917604,184549,-18.259708404541
1691,-25.5644843961076,77,-10.8470246012139,184626,-18.5021190643311
1692,-29.2342064452041,4,-13.355106381955,184630,-16.4687652587891
1693,-20.7917050288645,55,-13.5945969338951,184685,-19.647274017334
1694,-36.1520697822976,12,-13.631894935698,184697,-20.1290950775146
1695,44.3463464091614,260,-12.3986314519211,184957,-16.1330528259277
1696,64.8629127515488,202,-7.44019322066513,185159,-16.1443614959717
1697,-28.2205107614973,3,-7.38840902669835,185162,-18.8955841064453
1698,-16.7818190096483,58,-7.17357951487445,185220,-18.6682682037354
1699,-13.9029884635572,63,-8.85520492622137,185283,-14.6566905975342
1700,140.860011117518,467,-0.349356820638197,185750,-14.4633674621582
1701,68.7630523294978,415,3.98127397078919,186165,-17.5064430236816
1702,-35.0662003834543,12,3.63877526675493,186177,-19.671178817749
1703,17.817413746074,20,3.59542939822813,186197,-16.3723754882812
1704,-17.4060301659,56,1.62446625761356,186253,-17.3505744934082
1705,-33.4723581201944,13,-1.08929121999487,186266,-15.9293937683105
1706,23.8006791825457,28,1.84719680047766,186294,-16.8695735931396
1707,-29.2528469673457,4,-0.541611687335317,186298,-18.6387023925781
1708,-35.6896928919355,13,-1.25850053734334,186311,-19.7700538635254
1709,18.8241866619542,19,1.14714213258289,186330,-15.6849384307861
1710,-18.8241811250707,56,1.94577543286115,186386,-16.8239879608154
1711,20.9926522154712,22,4.27363226344009,186408,-16.9117088317871
1712,101.025893187474,358,10.786637245074,186766,-16.8654708862305
1713,35.2123468992718,81,13.5868398414808,186847,-15.6863555908203
1714,18.2810750622891,19,16.3084970837102,186866,-16.0355072021484
1715,20.836940302018,24,15.133026778353,186890,-16.4379234313965
1716,66.2168769463243,152,15.2007249880918,187042,-15.2807025909424
1717,-35.3581314278206,12,14.8438439547756,187054,-18.2993812561035
1718,-12.8010837036745,65,15.0428807200743,187119,-15.9595546722412
1719,20.6056733021619,23,16.7683138083602,187142,-16.3172988891602
1720,-29.275336649925,4,8.26154641998808,187146,-17.7705726623535
1721,116.083191952764,500,10.6275534011514,187646,-17.0773773193359
1722,-35.3047028593377,14,10.6156282773572,187660,-15.2226638793945
1723,-14.2560146644349,61,9.01195685683178,187721,-17.0300712585449
1724,118.270032327803,500,15.7957599815169,188221,-18.1564655303955
1725,18.8436368607104,19,18.4115597305622,188240,-16.3652229309082
1726,23.0830563902479,72,18.3756785909473,188312,-15.8936319351196
1727,34.3572748449742,83,21.5561846815633,188395,-16.3860301971436
1728,-35.1750198855839,11,21.5819183318808,188406,-20.3636913299561
1729,31.8366686946631,82,22.2325424335163,188488,-15.386926651001
1730,-34.460863379739,12,21.4507083207829,188500,-17.2264347076416
1731,21.4846660619425,23,21.4753090131064,188523,-15.416615486145
1732,-28.2186625384237,3,15.0130812268116,188526,-18.4808158874512
1733,36.236283423063,84,15.0642780530011,188610,-16.7227115631104
1734,-13.4693672680472,62,13.4767559364843,188672,-19.5770473480225
1735,-24.0190734754071,54,11.233955247613,188726,-19.6070518493652
1736,39.1505168989843,85,9.88063724524605,188811,-14.5980443954468
1737,18.7029782857933,21,12.5836927309267,188832,-16.3963985443115
1738,-34.1735947211737,13,11.5150671800518,188845,-14.4908237457275
1739,22.3755048572937,26,11.6035587578084,188871,-14.2371778488159
1740,20.8700076102963,24,14.1108259708194,188895,-18.3331565856934
1741,80.4269102932606,256,12.3280118878443,189151,-16.710844039917
1742,-20.3162826649084,58,13.0774328975657,189209,-15.5058603286743
1743,-34.6865319242321,11,12.0559070345759,189220,-18.8622436523438
1744,-25.2197127779461,50,4.88141977928841,189270,-17.3504829406738
1745,-15.7943565600779,57,3.149520108249,189327,-15.6343860626221
1746,-35.7573399340123,12,0.207500292035983,189339,-18.0422267913818
1747,-23.5068575882072,58,-2.68570632962309,189397,-17.7335567474365
1748,141.32542746797,500,6.1393160380546,189897,-15.5648288726807
1749,-30.4318687985437,5,3.02588916339426,189902,-21.0956878662109
1750,20.5298888881375,21,5.77542677678809,189923,-14.4942865371704
1751,-28.2162233101557,3,3.29038230818318,189926,-17.9083862304688
1752,19.0560525838111,19,5.65411806429492,189945,-15.6303215026855
1753,23.0080402892184,27,4.9927059076027,189972,-18.4325561523438
1754,-13.3611523633783,63,4.99811665283614,190035,-16.4431991577148
1755,-13.4523783861393,61,5.52645140729953,190096,-17.3609752655029
1756,24.6745176459073,27,4.80265144464568,190123,-15.470006942749
1757,60.1841220781385,191,6.87670863426294,190314,-13.5580940246582
1758,-29.2308819892583,4,7.12384427085871,190318,-15.6757373809814
1759,129.215816513349,500,12.4658598536615,190818,-15.1974058151245
1760,-34.7335906790111,12,9.68567993919609,190830,-18.083044052124
1761,21.1840154983916,26,6.72353519945264,190856,-16.9341793060303
1762,66.3081165598386,201,11.05475516069,191057,-13.2754497528076
1763,-15.9016406468035,59,11.9939997245614,191116,-15.1121053695679
1764,20.2011393860535,23,14.2650423327614,191139,-17.3470191955566
1765,-35.5854572022332,14,13.2754873006536,191153,-18.0970859527588
1766,20.8956657075224,22,16.1081375827304,191175,-16.3560466766357
1767,21.164253682285,24,18.341693146255,191199,-16.5734233856201
1768,93.8367564347316,317,15.9672595945931,191516,-15.7630596160889
1769,-34.1755663870305,10,15.7800747151687,191526,-18.6910591125488
1770,23.9947860763549,24,15.9533195745796,191550,-14.3934354782104
1771,20.163492455265,25,18.3723053628506,191575,-16.9338493347168
1772,19.6829343602605,23,18.4036494516731,191598,-17.898551940918
1773,-29.2693678654273,4,15.7897790439408,191602,-17.9894847869873
1774,-28.2371528445276,3,15.0459790198833,191605,-18.4343280792236
1775,-17.1714284735114,59,14.8600265155147,191664,-16.5038108825684
1776,19.8706520038707,22,14.6198332334129,191686,-16.9007511138916
1777,105.142619225659,355,16.8677580907889,192041,-16.5414028167725
1778,22.8058478417574,27,19.4695945823397,192068,-19.430721282959
1779,120.800888770562,378,19.0488481952004,192446,-15.1405010223389
1780,-30.3277412539146,5,19.2691406664552,192451,-19.1151123046875
1781,117.607001354446,500,24.0902899592579,192951,-16.1555461883545
1782,21.4356548845019,23,21.8466668754911,192974,-14.391393661499
1783,90.1942735444634,500,27.1514625850544,193474,-15.211462020874
1784,21.1753146744126,23,27.2001713494724,193497,-17.2684364318848
1785,-34.7593905854944,12,27.2414746803093,193509,-15.5686502456665
1786,21.4349397957606,24,27.2684383847212,193533,-17.6246547698975
1787,-17.9664436894034,57,25.3119035161368,193590,-17.1428165435791
1788,24.4079151502549,69,21.840461451913,193659,-16.9341735839844
1789,19.4982034027597,19,24.5241499414025,193678,-16.3245334625244
1790,-35.2920355938032,11,21.5598088578946,193689,-19.2459354400635
1791,18.9417584120234,19,21.4987221557325,193708,-14.502329826355
1792,114.299835242995,500,26.2295671998692,194208,-15.5084590911865
1793,118.164869685354,500,33.6012790774083,194708,-13.7737627029419
1794,-15.3228392114337,61,34.246994759063,194769,-18.0038223266602
1795,21.818623589913,25,36.1964973622342,194794,-15.9202833175659
1796,21.1612647347084,22,36.2610279987761,194816,-14.2643270492554
1797,-34.8107143850403,12,29.2633613182411,194828,-15.8388385772705
1798,-29.2993260582539,4,26.6581026232406,194832,-16.6506042480469
1799,109.258800591921,284,26.0809982143085,195116,-15.4523525238037
1800,25.3348988868579,31,28.8641302213471,195147,-15.283429145813
1801,-29.2269108209963,4,21.522434612575,195151,-15.4836597442627
1802,20.2248889519167,24,21.4618963159458,195175,-16.0812511444092
1803,-16.251818217734,62,16.1395917278359,195237,-16.4706897735596
1804,22.1159710028607,23,16.1866245442583,195260,-14.8986339569092
1805,90.0625934995767,267,22.4277237485119,195527,-15.3873224258423
1806,-20.5409213284175,61,20.328930692303,195588,-15.6533241271973
1807,113.207711990218,500,26.887638476284,196088,-15.9914655685425
1808,-34.5292663536914,12,23.9407794010867,196100,-15.3319568634033
1809,-14.666745715317,61,22.2325319451829,196161,-17.3600788116455
1810,22.6878305244074,25,25.1315252510934,196186,-14.531702041626
1811,19.7245539272916,24,25.1706650268568,196210,-18.2502498626709
1812,-35.4724019480097,12,17.6820531673066,196222,-18.2849140167236
1813,20.7461269048908,22,12.8111160282834,196244,-14.8902111053467
1814,-33.5443594818989,16,11.9000400147601,196260,-14.9531469345093
1815,-36.435243724062,13,8.98734664906139,196273,-16.4399528503418
1816,22.896188856436,23,9.07409285514777,196296,-15.6442718505859
1817,21.55541527402,23,11.8923993381008,196319,-14.5045146942139
1818,-28.2122809053815,3,11.9467515957444,196322,-17.1658039093018
1819,19.5745477224018,20,7.46253895226846,196342,-13.8698692321777
1820,19.8906159587013,20,7.19032480586063,196362,-15.6694097518921
1821,-36.0124629790648,12,6.8510471979572,196374,-16.7546634674072
1822,110.808634494919,500,11.3802344751073,196874,-13.035252571106
1823,148.116614159308,500,19.5986560939594,197374,-14.3703193664551
1824,-36.0066502398607,13,16.6925250318233,197387,-13.9385948181152
1825,58.1764193129766,186,15.0982163224933,197573,-13.3933544158936
1826,-35.1363764112448,12,14.368443568352,197585,-15.9694671630859
1827,20.0998757065879,22,9.71305175417047,197607,-14.8767585754395
1828,20.7639157832604,22,12.4777108610181,197629,-15.5820074081421
1829,-35.004545609822,11,11.4608208662928,197640,-15.7529191970825
1830,-29.2085162576285,4,8.86600352719102,197644,-14.4159860610962
1831,125.169999127821,500,14.1382757872175,198144,-12.8900775909424
1832,52.1902352734842,190,18.5214076482922,198334,-13.7020502090454
1833,21.4356681013171,23,18.5558847081135,198357,-15.5964841842651
1834,122.149723425371,500,26.340588853477,198857,-15.7691535949707
1835,-34.4608137907074,11,26.4393103501447,198868,-16.7350006103516
1836,-12.555833965536,62,24.6667092090461,198930,-14.7839870452881
1837,-28.2183296274754,3,22.1780219639714,198933,-16.3563995361328
1838,-35.1762331994212,12,21.8298243492694,198945,-17.5993766784668
1839,153.542239861142,500,28.5282089562064,199445,-15.5917015075684
1840,-32.8067671688218,130,25.8933397998302,199575,-14.9565830230713
1841,23.4398441836858,26,28.8659551579678,199601,-14.1404685974121
1842,21.0798911730442,22,24.379517991874,199623,-15.4047822952271
1843,-35.6087627152916,11,15.1932491481441,199634,-18.8458232879639
1844,133.292372610983,500,23.6582002906862,200134,-14.3976736068726
1845,19.7465879801334,22,21.7367087240441,200156,-17.4518280029297
1846,115.290389580966,369,29.2580470236546,200525,-14.0105171203613
1847,20.5396520782607,23,29.2800358422382,200548,-14.5602531433105
1848,77.2324768609589,248,32.1034638961232,200796,-13.3229551315308
1849,20.4160706415416,23,34.8744947086913,200819,-14.7841510772705
1850,25.4963633407042,67,37.609738688608,200886,-12.633677482605
1851,-29.2159416719981,4,29.890441648617,200890,-14.7873697280884
1852,-28.2222455267707,3,25.8698176086043,200893,-15.8598661422729
1853,60.4260109730717,191,27.819334752192,201084,-16.1177711486816
1854,-18.448860937747,64,20.7894055340361,201148,-16.4945201873779
1855,19.9708531234289,23,23.5109888797429,201171,-16.1234188079834
1856,-14.834774727248,57,23.3970418416573,201228,-14.4676475524902
1857,39.6626110116973,84,26.7910888736159,201312,-12.9631328582764
1858,-13.588527641011,60,27.8704741515364,201372,-15.2305116653442
1859,20.3159202421707,23,21.2091581705879,201395,-14.2551155090332
1860,-15.3767527043518,60,22.0806588938114,201455,-17.2818393707275
1861,19.2817388298594,23,21.8727536261201,201478,-14.8329334259033
1862,111.460291902529,324,26.3917736625943,201802,-12.816746711731
1863,-29.2647772679039,4,26.7089729349637,201806,-14.9842195510864
1864,-34.266297000958,11,18.3310394543666,201817,-15.0220947265625
1865,48.4454017815117,134,19.7659801444356,201951,-14.5406112670898
1866,-24.1667229766189,54,12.7931245165563,202005,-17.1163425445557
1867,-33.8343531751295,11,10.0744242538868,202016,-15.6532621383667
1868,-19.4921072639525,57,5.23819504764123,202073,-14.1065473556519
1869,27.1179285081216,76,5.57328794097023,202149,-13.2666187286377
1870,25.0663318024958,28,5.55178636405981,202177,-15.8042221069336
1871,-35.1182889365105,12,5.25666900083419,202189,-18.0091114044189
1872,21.5419507328478,67,7.74487881381512,202256,-14.4589614868164
1873,26.2204325418868,30,6.03459989225587,202286,-15.2683076858521
1874,-29.2640883514874,4,5.49383852156885,202290,-15.3791418075562
1875,20.7670004682088,23,5.53364588880785,202313,-13.3669738769531
1876,140.203379385508,497,13.2855535944457,202810,-15.0950717926025
1877,-35.3474847242017,12,9.53504880765071,202822,-17.3652477264404
1878,20.892797107406,26,11.2591150450716,202848,-15.9918813705444
1879,-29.2948351523121,4,8.77857727534742,202852,-16.2777481079102
1880,-34.3162046911694,11,7.83160467600654,202863,-14.6618452072144
1881,-16.8407605399329,59,6.02547970751692,202922,-17.1626491546631
1882,-34.4552087312326,10,-1.27029532417115,202932,-17.9049510955811
1883,-34.8981054672703,11,-1.55196173413946,202943,-18.0720596313477
1884,-20.8087839031478,56,-0.879086079248955,202999,-14.1462564468384
1885,-21.0672825331492,56,-4.354720294982,203055,-17.0047740936279
1886,19.7977442964108,20,-2.15649693133052,203075,-12.8615694046021
1887,-29.2584641307432,4,-1.92770247911121,203079,-15.2435855865479
1888,20.3688592027024,21,0.0653458442215381,203100,-13.6090059280396
1889,-29.2501691167296,4,-2.75305903702102,203104,-17.0119915008545
1890,125.524986295501,434,2.26987368762923,203538,-16.0625343322754
1891,-34.6123719657576,11,2.29516953616688,203549,-16.4673500061035
1892,19.4111920273205,21,2.18863160089052,203570,-16.7258396148682
1893,21.9278800361008,26,1.97400397560121,203596,-15.0476961135864
1894,19.668659369312,22,4.42064136164118,203618,-15.3423280715942
1895,24.6909790863966,29,4.61684029255057,203647,-11.9820346832275
1896,-12.2377458257415,62,-3.00521596801191,203709,-15.634575843811
1897,19.8278871124467,18,-0.246447376179491,203727,-11.0805044174194
1898,35.0084530272146,82,0.459335419810941,203809,-13.3512840270996
1899,54.7184281033469,143,4.65999858259389,203952,-12.9622964859009
1900,20.7557286540181,20,7.41359524985326,203972,-12.0188446044922
1901,-16.5664833959289,57,7.42730910705347,204029,-13.6108341217041
1902,64.7608249257307,154,12.3881107899016,204183,-13.7851667404175
1903,86.4350838191835,223,18.4547702542243,204406,-15.4321279525757
1904,38.7077401335633,84,21.4305964560599,204490,-14.7728261947632
1905,-17.1335487890063,55,21.627283143267,204545,-15.7920265197754
1906,22.2219569428327,67,21.7484937755881,204612,-15.0881652832031
1907,-34.4185386968773,17,21.4904900472814,204629,-11.9778499603271
1908,19.2588396975048,23,21.4349890720215,204652,-15.8124771118164
1909,-28.24164544412,3,21.485415255652,204655,-17.8821754455566
1910,-11.2595180373979,64,14.6461900390071,204719,-16.8617534637451
1911,19.8454085015832,23,17.3690790623741,204742,-16.2299041748047
1912,20.4941201892792,21,17.4232254704721,204763,-13.1707801818848
1913,20.4001953474937,24,17.3468412360417,204787,-14.1475992202759
1914,-29.2647814286638,4,14.9001691961429,204791,-16.1214694976807
1915,-34.8170278995302,11,11.9247688468466,204802,-17.5326709747314
1916,47.0331180193417,142,14.8883120391007,204944,-14.7295770645142
1917,-34.4366612732924,11,12.1750846198138,204955,-14.23814868927
1918,-16.0777730102138,58,9.62077331794237,205013,-14.027982711792
1919,31.5083938076194,78,8.46027160315599,205091,-14.9630632400513
1920,19.6396068381375,22,8.40446551236196,205113,-14.7687377929688
1921,50.9335411523224,100,11.7794667397745,205213,-14.9680986404419
1922,22.5903213668239,24,9.67094156182918,205237,-12.5516624450684
1923,19.0108878030452,21,6.29973176102226,205258,-15.3718919754028
1924,-34.6256225912482,11,2.63306362478169,205269,-14.434196472168
1925,19.3332212237631,21,4.45640212542016,205290,-14.5041027069092
1926,161.395214331015,500,11.4150649948293,205790,-12.2217206954956
1927,-34.8628537145198,12,11.3928492439472,205802,-14.1781606674194
1928,20.8206151061455,23,11.4709380143792,205825,-11.5082292556763
1929,-35.4161251824023,12,11.1122140274651,205837,-14.8176918029785
1930,20.3057954223949,21,12.6904797004547,205858,-12.7533521652222
1931,-1.10297767245526,120,11.6430603917528,205978,-12.7796411514282
1932,-33.607574058328,12,8.93797567937243,205990,-13.2456912994385
1933,-15.363439729839,64,7.1497939255058,206054,-14.4440317153931
1934,20.254096840108,22,9.62573783894439,206076,-14.33314037323
1935,44.7883910911468,137,13.6060087884782,206213,-11.9136657714844
1936,1.92682976260583,122,11.3506943756414,206335,-14.3974390029907
1937,-35.3661162678875,12,11.3042216259117,206347,-17.4473438262939
1938,-29.1823637862749,4,10.6489920871086,206351,-11.7520341873169
1939,-30.3056126330764,5,7.55829176507384,206356,-15.2587585449219
1940,-29.337728817413,4,5.10942498229631,206360,-17.1656723022461
1941,-21.4640665272711,54,1.48954459831664,206414,-16.6210403442383
1942,57.6725581981518,151,3.24365643988303,206565,-13.887487411499
1943,20.3291222879058,21,3.30956816412606,206586,-12.4724597930908
1944,15.6273512341102,67,5.82221685539398,206653,-15.6336374282837
1945,19.7393974311144,20,5.84252566576154,206673,-13.7358560562134
1946,-17.4711255492007,57,-3.10079132824924,206730,-14.7436218261719
1947,38.4514134572282,86,0.564922030338156,206816,-13.0994071960449
1948,19.7906147400922,19,0.513422012035488,206835,-11.5946292877197
1949,102.871924014801,330,7.42782447189566,207165,-13.2750511169434
1950,59.365200104011,191,9.38079470597646,207356,-12.7452354431152
1951,-18.1520658247047,57,8.52834029836399,207413,-14.7266540527344
1952,37.6271587031449,86,12.0900769364376,207499,-12.6577053070068
1953,20.4492049226704,24,13.8807091690631,207523,-12.1384935379028
1954,-8.47897583439445,105,12.444055535338,207628,-11.9995632171631
1955,-29.2895083158109,4,8.7401605649901,207632,-17.5424137115479
1956,19.4748395490025,25,9.61756105430993,207657,-13.0802049636841
1957,-29.2604920759163,4,9.9228422639085,207661,-14.5345849990845
1958,24.0390938556665,71,12.5839151460056,207732,-13.9220867156982
1959,53.1687515296934,147,16.7576333541441,207879,-11.6767740249634
1960,-32.9428916444833,16,16.5773752127905,207895,-10.751091003418
1961,-29.3021693841088,4,16.1854700699487,207899,-16.051342010498
1962,-14.0370008941383,58,12.5999921153342,207957,-12.4703397750854
1963,30.6022343959363,124,13.1136477207357,208081,-12.91330909729
1964,-17.785861250942,56,11.4429870964831,208137,-14.1932907104492
1965,-36.0503327330925,12,8.65350058827273,208149,-17.2075691223145
1966,23.7741314439356,29,10.7157634379295,208178,-15.4708976745605
1967,-19.375743963143,57,7.82440556691098,208235,-12.5087966918945
1968,-29.2737100470133,4,5.37118932755571,208239,-13.857741355896
1969,-34.9049339822429,11,-1.51765357229649,208250,-17.2050552368164
1970,67.8000169053891,162,-1.09591273222759,208412,-13.0069417953491
1971,-28.2040113048925,3,-1.59851000623698,208415,-12.7409648895264
1972,24.5724730749512,73,-2.25124428764667,208488,-11.6162204742432
1973,20.2378224543207,23,-2.26181341106415,208511,-13.8849220275879
1974,19.8352686586717,21,-0.846101186410845,208532,-12.221212387085
1975,46.0545930259148,94,2.92110388067544,208626,-11.1477184295654
1976,-28.2202547880684,3,0.536349163821898,208629,-15.0704364776611
1977,-29.3053195124068,4,0.534107791997374,208633,-15.4175119400024
1978,54.7672671454033,101,2.07051645648421,208734,-12.8920516967773
1979,-29.2321228547308,4,-2.049527262737,208738,-13.9967985153198
1980,-17.3521761247928,61,-1.26999148675247,208799,-16.049295425415
1981,-23.4357075782744,90,-0.976668396460754,208889,-11.512565612793
1982,20.1899122319944,21,0.73467725984588,208910,-14.4510612487793
1983,26.0488915428621,28,0.507010117192172,208938,-15.1208992004395
1984,19.1332413309661,22,2.35296524628758,208960,-16.4143695831299
1985,-34.5647349250824,10,2.42724513668809,208970,-17.5288524627686
1986,34.5299159539212,82,2.96503436218737,209052,-14.8259506225586
1987,23.0174336876632,66,5.08469324472768,209118,-12.3887004852295
1988,42.2780322721201,131,8.66228036068435,209249,-13.5380201339722
1989,19.9540781295777,21,11.4052309662754,209270,-14.1822156906128
1990,19.6733211610917,21,8.99889617906051,209291,-13.2417297363281
1991,-29.2649443517027,4,8.94584952672,209295,-13.1070013046265
1992,19.9996523524189,22,8.71720849059338,209317,-11.7898836135864
1993,20.4502655903946,21,8.72783064739708,209338,-12.3852701187134
1994,-34.6368537329007,11,6.00422452781846,209349,-14.9112434387207
1995,22.0268060020986,26,4.80283517662765,209375,-14.5566844940186
1996,-35.7457992742745,13,4.42655795231734,209388,-15.769474029541
1997,93.26072762223,311,10.5548603090492,209699,-15.7849130630493
1998,-1.05180591951687,115,7.76390665580317,209814,-11.0796785354614
1999,20.3494375231485,23,10.2429846746971,209837,-12.2816162109375
2000,19.7171245714716,22,12.0964497095104,209859,-13.6057605743408
2001,-15.9271937187717,60,12.4718754024855,209919,-15.5654373168945
2002,-35.0524463397189,11,9.70975747389982,209930,-18.0627613067627
2003,22.1958388654326,24,9.51710484002835,209954,-12.6452264785767
2004,-34.2584674458807,11,6.84751940118601,209965,-15.7047281265259
2005,20.5851692046988,26,9.60501460767507,209991,-12.6838340759277
2006,21.5781750564027,24,8.95742756279914,210015,-14.0994005203247
2007,19.6321397277836,25,8.78816286480516,210040,-13.4271106719971
2008,-29.2057086916465,4,5.21397581661683,210044,-13.6676568984985
2009,36.016898786369,84,6.0171168494564,210128,-13.6797647476196
2010,-34.2508699653893,10,3.32090729313235,210138,-16.8108367919922
2011,21.1457313269236,24,5.84144107706366,210162,-12.3289070129395
2012,8.94989425255594,132,5.28895317207051,210294,-11.664496421814
2013,33.3055785663961,80,5.93171882087058,210374,-13.626540184021
2014,23.8140701971537,26,8.8542650173733,210400,-13.2805414199829
2015,-12.4487256115773,62,7.13048843668951,210462,-16.1727600097656
2016,23.7682450794596,28,10.1061906543762,210490,-13.5592784881592
2017,18.1485568630725,19,6.35058211641834,210509,-13.8000402450562
2018,-34.9252289878357,12,4.6569109630024,210521,-12.8826007843018
2019,20.7650824041671,28,4.67769320705332,210549,-16.1574783325195
2020,-19.0915586497848,59,2.7372590459905,210608,-17.2263717651367
2021,21.0168032448703,25,4.5844588941726,210633,-14.6593389511108
2022,20.7645213408365,25,7.37530727820037,210658,-14.4669752120972
2023,18.9622469149121,21,7.21362768067434,210679,-13.2980060577393
2024,-34.5688775692032,13,7.19810717450822,210692,-13.1167583465576
2025,57.7188533831579,148,9.05479138343117,210840,-10.4330081939697
2026,20.2444460232033,19,8.9881049317712,210859,-11.9990081787109
2027,-18.6477124776872,57,7.07411232149766,210916,-12.9955339431763
2028,-34.6866560030242,11,6.80006495592878,210927,-14.5653495788574
2029,-35.5217441447365,12,3.22313280937351,210939,-16.0864105224609
2030,-29.2297668353035,4,3.4741879658778,210943,-12.5972995758057
2031,-28.2452733057789,3,1.00463773424268,210946,-17.2074928283691
2032,-11.7678663051947,104,-0.0312502936448539,211050,-12.7892656326294
2033,22.9966667665074,24,-0.546695883639288,211074,-10.9267377853394
2034,22.3599910090402,25,-0.619399843044958,211099,-11.0915985107422
2035,40.7879752164905,86,2.04243519835843,211185,-10.4463033676147
2036,-5.07014823366823,111,0.600515532702042,211296,-10.4257526397705
2037,-29.2372291020297,4,-1.76877376555307,211300,-14.9984607696533
2038,37.3373549444486,84,1.84435543106115,211384,-12.3605127334595
2039,21.1172633035555,22,1.86196447603057,211406,-13.0239372253418
2040,-29.2425523355806,4,1.35441479174078,211410,-12.1702613830566
2041,-2.68661310069178,116,0.169243974462678,211526,-12.0226030349731
2042,-34.65619274111,11,-2.60179172963464,211537,-14.5644845962524
2043,20.906795629307,23,-2.5045642939149,211560,-12.5968952178955
2044,17.664520129058,19,0.107105590998164,211579,-13.3974847793579
2045,33.0306691201181,77,-1.12730362215382,211656,-12.7801465988159
2046,93.1735989925269,227,2.51915402631235,211883,-15.4094371795654
2047,-17.0476864056282,57,2.5991553299153,211940,-14.3851041793823
2048,-26.8430667716031,56,2.99133479148635,211996,-16.7428321838379
2049,45.9528102349339,91,7.06506251046987,212087,-10.0416259765625
2050,28.2261938586175,75,9.93786054516592,212162,-12.0455017089844
2051,21.1718157614769,25,12.4087149985287,212187,-11.4380397796631
2052,23.2593057180565,68,14.1600735996913,212255,-10.6998720169067
2053,-29.2855106151999,4,11.5459647306059,212259,-14.8778162002563
2054,-28.1988069318262,3,9.01802483356258,212262,-12.5346336364746
2055,18.573040095673,21,7.90727807752171,212283,-12.5786056518555
2056,22.14150147972,28,9.26786056319113,212311,-13.0247135162354
2057,51.2010228978946,103,13.2897731631873,212414,-13.1054000854492
2058,34.9932318544437,124,13.1725670086871,212538,-11.4036951065063
2059,-29.2516513181128,4,10.6541212776037,212542,-12.8456611633301
2060,35.616852344728,87,13.8970915116191,212629,-12.7273063659668
2061,20.8564782516402,21,15.0742460792357,212650,-11.3576650619507
2062,-17.224498998272,57,15.9458307663776,212707,-12.4752883911133
2063,22.9011484549221,26,16.0455484076584,212733,-10.8584680557251
2064,-32.6751075580323,15,13.5285670233039,212748,-8.4256420135498
2065,19.4484042988626,23,12.8494537822411,212771,-13.4950733184814
2066,-34.9946183802538,13,6.44104291360204,212784,-11.1818943023682
2067,24.9181473847298,27,8.53933460311994,212811,-11.1620378494263
2068,-35.0121487426693,12,8.13088050456663,212823,-14.3511161804199
2069,19.5554135137283,21,6.81101066850635,212844,-11.1576843261719
2070,24.4044492153815,28,6.61992343634455,212872,-9.25183296203613
2071,-34.2598037462952,11,3.84834246095595,212883,-14.0387964248657
2072,-28.2161661029349,3,1.27456886990637,212886,-13.367974281311
2073,-34.5204185139232,10,1.01282347497021,212896,-17.554838180542
2074,45.5760383489661,94,4.70156573900982,212990,-10.6225509643555
2075,-34.5341214342387,11,2.04620766251423,213001,-13.3171939849854
2076,18.2077219928954,20,1.849518688173,213021,-10.90660572052
2077,20.3569729367421,23,0.307316190115373,213044,-14.0769290924072
2078,28.2386063770139,79,-0.0304150837561172,213123,-12.1295623779297
2079,35.3216328635684,82,3.19824912532795,213205,-11.0569686889648
2080,21.0083060315615,23,2.46782180966962,213228,-11.1504583358765
2081,-35.1003212318512,12,-0.330018164504953,213240,-13.580132484436
2082,-34.6178799487371,10,-1.19968721202821,213250,-15.5613851547241
2083,-29.1978801784334,4,-3.80463864369598,213254,-9.28350830078125
2084,20.0244138290517,25,-1.16966257434178,213279,-11.9572153091431
2085,40.5580130077026,89,-0.114182138899782,213368,-13.766167640686
2086,-33.7137694342264,10,-0.0501396915984103,213378,-12.3429374694824
2087,62.3608212609731,114,1.82199400221376,213492,-10.6574020385742
2088,-29.2293842101989,4,2.11113222883728,213496,-12.3004493713379
2089,39.4065850251242,89,3.10369080440707,213585,-12.3796119689941
2090,-34.4729659223161,12,0.159820047522194,213597,-11.1485719680786
2091,21.8969014060926,28,2.96765530514158,213625,-11.2514171600342
2092,37.8710833435963,87,6.27201777746814,213712,-9.40737915039062
2093,19.5591465873538,25,8.975996032532,213737,-13.5316677093506
2094,38.6424647855976,88,8.62931735436357,213825,-15.0830745697021
2095,24.08201242565,26,11.560124047358,213851,-12.2743053436279
2096,-17.0556881777724,58,9.79695353882462,213909,-13.5213851928711
2097,20.4708060768251,25,9.80264519582877,213934,-13.5800943374634
2098,-29.2674629249914,4,6.9273417307285,213938,-13.5963726043701
2099,37.0746992580829,88,7.01499505045423,214026,-12.1470460891724
2100,-29.2452758757197,4,4.50231595509017,214030,-10.7725009918213
2101,55.5092823650878,146,9.03279613493712,214176,-13.656530380249
2102,-29.2471034748914,4,9.3013349586294,214180,-10.3020095825195
2103,-23.7158341989087,58,9.57543725760564,214238,-11.4234533309937
2104,21.9870368831237,23,9.67356841030924,214261,-8.51187038421631
2105,-29.2827261591433,4,6.18153145196694,214265,-12.7523527145386
2106,18.8621690211745,21,8.81032837473698,214286,-8.15542602539062
2107,33.434516330535,78,7.36401312821508,214364,-9.02687549591064
2108,-35.0326597837321,12,7.07384934953842,214376,-13.0424842834473
2109,20.7123266217386,27,6.13913642936914,214403,-9.31377220153809
2110,26.6693270185764,72,9.19625107641376,214475,-9.82110404968262
2111,-35.3062869290596,12,6.33609165965615,214487,-13.7328290939331
2112,-35.3052180425098,11,2.67727659035085,214498,-17.8689460754395
2113,23.0275920992816,26,2.85069886594724,214524,-10.7080574035645
2114,33.8350693797166,79,2.61032909565319,214603,-9.00402164459229
2115,27.1139447909153,73,2.76192571391645,214676,-10.9946975708008
2116,21.3119786631245,24,4.6803090559613,214700,-9.58793830871582
2117,-35.073781004718,12,1.90307970188414,214712,-14.2551317214966
2118,19.9680382528593,23,4.36485476077668,214735,-10.0281581878662
2119,-18.8265285399434,57,1.56979337087536,214792,-13.8777675628662
2120,-29.307687379973,4,1.5666727956627,214796,-14.7115888595581
2121,-28.2214069363595,3,-2.61986166940967,214799,-12.0808687210083
2122,-35.031300649418,11,-2.90907152813599,214810,-15.3665723800659
2123,35.2474884621681,86,0.0390946049178446,214896,-12.764030456543
2124,24.7183866513458,69,0.175662093328948,214965,-8.99013519287109
2125,18.6211615990509,20,2.57085648123866,214985,-12.024806022644
2126,25.0663500458221,29,2.88106553247104,215014,-13.3703117370605
2127,9.46723099709967,129,1.68270126579927,215143,-11.4641675949097
2128,16.9414582263072,61,4.28140716630123,215204,-9.36196422576904
2129,19.7572056113862,23,4.23365111578361,215227,-10.9220724105835
2130,21.3891547488566,24,3.96964250229762,215251,-11.7746620178223
2131,17.6381701924905,20,6.61686535837513,215271,-12.3949728012085
2132,-34.6751412280155,11,6.64836919909984,215282,-12.8314476013184
2133,19.1397714877168,20,6.4539781685216,215302,-12.2694692611694
2134,-34.7530970999783,11,3.02456984453686,215313,-12.7876901626587
2135,-7.92655317930379,109,1.2725449460259,215422,-8.34199619293213
2136,-28.2197509548196,3,-1.2040415348713,215425,-12.5521612167358
2137,20.9812685903717,27,1.59871094488318,215452,-14.1107501983643
2138,19.0254833750928,22,1.55158320099486,215474,-11.3592834472656
2139,45.1284524100501,94,4.74933224849454,215568,-11.6926460266113
2140,50.7942401651608,143,8.75442862575122,215711,-10.7116508483887
2141,22.4586567930933,28,11.2884318122239,215739,-14.5359306335449
2142,-33.9957698765631,11,11.3402083508666,215750,-9.9276008605957
2143,-14.4129999924491,61,8.85718392813575,215811,-10.609546661377
2144,-36.2647862950718,12,5.80802528081486,215823,-13.3971252441406
2145,21.2019848830966,28,5.93706644501715,215851,-12.4553508758545
2146,39.1178128198175,91,6.63963958371692,215942,-14.0425825119019
2147,21.7213313378343,28,7.25234460075366,215970,-12.6290054321289
2148,21.8243416934257,67,7.49648877410959,216037,-8.22559452056885
2149,-34.2095645017062,12,4.79815026845497,216049,-10.537410736084
2150,38.2554565016596,86,5.64146535609512,216135,-9.80212593078613
2151,22.5106890917342,25,5.8850913010573,216160,-12.5126714706421
2152,42.522357089595,88,9.74496621693782,216248,-7.86597633361816
2153,74.3400130936622,165,12.5049782972351,216413,-9.98655033111572
2154,5.08242778879282,119,14.4967545416736,216532,-9.39367485046387
2155,20.5808391219442,22,15.922124156736,216554,-10.2596216201782
2156,29.3583713033785,77,18.8010302696459,216631,-10.2660760879517
2157,33.7525490261366,82,19.4395942914342,216713,-7.56828260421753
2158,20.6488803570406,24,19.5207641405316,216737,-12.4219818115234
2159,18.1669001233912,18,18.1726865261986,216755,-11.5319042205811
2160,-15.5484172148375,98,14.8555536571987,216853,-8.89237022399902
2161,-29.2392473328232,4,12.2706584509029,216857,-9.27169322967529
2162,-13.5254918095361,59,13.2941723542543,216916,-9.40680122375488
2163,39.9642592049816,82,16.0130353141258,216998,-6.27823305130005
2164,20.0658960563305,26,18.8295694316959,217024,-13.8139123916626
2165,-12.9839929904297,106,17.1202705380196,217130,-8.0264368057251
2166,-30.2687279727041,5,13.6509434983935,217135,-12.8103466033936
2167,20.4333295605976,23,13.5865434095317,217158,-11.4634962081909
2168,19.4061175162015,20,13.4656322006705,217178,-10.1377725601196
2169,20.1170180759818,20,16.1819613295549,217198,-6.2868537902832
2170,25.1916313889939,71,15.5287700739216,217269,-12.8157787322998
2171,47.0983750711763,92,16.7581543728937,217361,-7.91659355163574
2172,23.1843686137011,69,15.791254949099,217430,-7.64360761642456
2173,12.7739522797933,132,12.7129519084055,217562,-8.248779296875
2174,-14.7681543595402,104,11.7204228009889,217666,-10.8252992630005
2175,18.8452175742367,20,11.6336417236035,217686,-10.8624963760376
2176,19.4499999137585,22,11.1382231541225,217708,-9.06416702270508
2177,-29.2597495120372,4,7.98760822721384,217712,-11.2020530700684
2178,-29.2443926643892,4,5.49294457614235,217716,-9.58031749725342
2179,-13.5467638407535,59,3.90726137793511,217775,-10.2522163391113
2180,18.5992316531481,20,5.61464382133439,217795,-11.1576747894287
2181,34.5046207835981,83,8.80183722715546,217878,-8.2616081237793
2182,-35.9838584035717,12,7.67891889745367,217890,-12.43274974823
2183,43.3372688859847,88,7.84756938150383,217978,-9.86707019805908
2184,20.8520905931496,24,7.88687910834478,218002,-10.7020568847656
2185,25.3247859362333,30,9.80231805467793,218032,-11.3862390518188
2186,9.1960133677404,125,11.7755551217002,218157,-9.56416893005371
2187,19.9006572015662,23,11.7489215037486,218180,-7.62447357177734
2188,-15.3986270292008,100,10.0086842764785,218280,-6.43622636795044
2189,18.8562663445225,18,9.94564668990551,218298,-9.01207160949707
2190,23.6560320580777,25,9.86886672335969,218323,-10.4569454193115
2191,34.112853804148,78,9.21959066000828,218401,-7.75120830535889
2192,21.8710798740993,23,9.15392622302818,218424,-7.81571435928345
2193,-9.12542796600844,108,8.05895721073809,218532,-9.2985315322876
2194,2.30167239313727,122,8.91244854837196,218654,-9.29902648925781
2195,21.7133764982795,25,9.0558564945741,218679,-9.518723487854
2196,-35.5439194387995,12,6.30616052694621,218691,-10.0947570800781
2197,20.3023307292255,23,8.78426453900934,218714,-10.2732362747192
2198,6.94782498239826,121,10.5938754213487,218835,-6.659827709198
2199,44.5734421733503,91,13.4998857220539,218926,-6.61440944671631
2200,20.8437279067132,24,13.6121105347322,218950,-12.2740707397461
2201,32.2218384694488,78,13.4979714190247,219028,-7.52055931091309
2202,-8.25117554881127,111,14.8846055617627,219139,-7.05299186706543
2203,46.2726236766551,90,15.0313733012962,219229,-7.57344245910645
2204,19.3671884436162,21,14.9571281938196,219250,-10.2988338470459
2205,21.1561428707872,22,14.7486960405473,219272,-7.9882378578186
2206,-4.15108281169184,114,14.0813412315757,219386,-7.51736974716187
2207,-29.3001588507394,4,11.6213004289604,219390,-14.7359056472778
2208,23.6861544241836,27,13.5755395016296,219417,-8.58794975280762
2209,18.7426093936025,19,13.5698566540836,219436,-9.81668186187744
2210,-34.3276558160959,12,10.6706722603749,219448,-8.78581428527832
2211,18.1672072769832,22,9.87338993401668,219470,-10.9715099334717
2212,-13.6240831022725,103,8.09863178519809,219573,-8.38131809234619
2213,23.8000572603704,26,9.74490604651703,219599,-12.505446434021
2214,19.7497317114786,20,10.6173090124341,219619,-7.89252042770386
2215,21.7336018072079,24,10.6183202778805,219643,-7.5273609161377
2216,-28.2343562222278,3,10.9837984387091,219646,-12.7691822052002
2217,20.1777015216124,27,10.9775669783284,219673,-13.33034324646
2218,-29.2296838012153,4,9.16869153914777,219677,-8.53568077087402
2219,41.7055487225838,90,9.02529686660945,219767,-9.03152656555176
2220,-35.0757361848258,11,6.2293236620325,219778,-11.7245101928711
2221,40.4226770765572,89,6.63936559238792,219867,-6.93098449707031
2222,39.548470286692,83,9.02934788416308,219950,-7.59765529632568
2223,-9.11993943043947,109,6.25971972880835,220059,-6.43696880340576
2224,38.5053682124005,89,7.21662871724756,220148,-11.0563011169434
2225,21.7697895408464,25,7.24731105075053,220173,-10.3036603927612
2226,-4.22559870190124,114,7.24358525624006,220287,-8.41886806488037
2227,25.0022379780619,34,9.95870509768012,220321,-11.0549507141113
2228,21.856366411115,27,9.86721569702669,220348,-10.0716485977173
2229,71.5985888250761,163,12.5100146686004,220511,-7.27515411376953
2230,-0.367893302432719,118,14.2080027942835,220629,-9.0955114364624
2231,25.421676564961,34,14.5707262586824,220663,-11.0265579223633
2232,-29.2566751249684,4,13.7890966575476,220667,-9.62958526611328
2233,37.2799210848925,88,14.4630898487737,220755,-10.2001361846924
2234,48.855030190886,95,15.9183547727441,220850,-7.25053215026855
2235,4.20331787272462,118,15.0418405760199,220968,-7.39069032669067
2236,10.8153192874687,127,16.9943243515048,221095,-7.27526760101318
2237,12.5632249137464,129,16.6136005211115,221224,-5.15437173843384
2238,21.3513319834155,29,19.142651310343,221253,-9.05916976928711
2239,-13.0381027524773,103,16.4054687365899,221356,-9.15075588226318
2240,20.6899524091868,22,19.1937531662906,221378,-6.6620020866394
2241,40.8872029665797,91,19.2169794607917,221469,-6.65907192230225
2242,21.3239407950313,25,18.3057529862087,221494,-7.71496725082397
2243,40.6403474529386,88,20.7937673303776,221582,-7.49705410003662
2244,-30.2387229090322,5,17.3565627743059,221587,-7.96448850631714
2245,43.0904169937976,92,18.4225941469535,221679,-8.59006690979004
2246,12.0378596726993,172,19.2357670656835,221851,-11.0959978103638
2247,19.4564379619027,23,18.9584770648756,221874,-11.5801753997803
2248,-35.7957913240082,13,16.0758691781194,221887,-9.28122520446777
2249,20.4279306459987,24,13.5173362691655,221911,-8.7845630645752
2250,46.1445707094919,90,15.8429594697618,222001,-5.35339498519897
2251,19.5725261033752,27,15.5505019466825,222028,-9.19230270385742
2252,-0.215754227344213,122,17.0025479915637,222150,-12.7940855026245
2253,33.2625006504903,80,16.8016769698436,222230,-6.77950477600098
2254,21.3301444893482,29,15.4254326847667,222259,-11.556734085083
2255,31.4491967829541,76,16.7877266302782,222335,-6.61368036270142
2256,-0.0333902294909763,115,16.2452911544302,222450,-4.49264335632324
2257,-35.5562511399875,12,13.8393173517435,222462,-12.2311878204346
2258,20.3649088979273,21,13.7899961974691,222483,-5.46964073181152
2259,22.2609612044624,23,15.5549493953161,222506,-7.04084253311157
2260,23.2008581997691,26,15.6804946848452,222532,-7.47202444076538
2261,21.1173522211122,26,14.6920021475718,222558,-9.43656921386719
2262,35.1487427952866,195,15.3832422475846,222753,-8.86473941802979
2263,22.2710687966412,27,14.4647783147697,222780,-8.39713954925537
2264,35.2150425961511,84,17.7374665900289,222864,-6.59224700927734
2265,-17.8987692249678,58,14.6880072790906,222922,-12.0607891082764
2266,-29.2078592712545,4,12.6257213318929,222926,-6.42623281478882
2267,22.6334888197074,28,12.7845738747831,222954,-9.96159744262695
2268,34.5938364217157,82,16.3040552620693,223036,-11.9214782714844
2269,47.8427364222794,97,17.6747955508834,223133,-8.1155891418457
2270,-34.5493760844926,11,13.6400982111841,223144,-11.126482963562
2271,21.2082433572645,25,13.7218840738786,223169,-5.30503702163696
2272,42.2573115198627,92,15.8455373612389,223261,-7.37272930145264
2273,-20.6618762507243,94,13.1493185161782,223355,-6.41375923156738
2274,17.5952696701678,22,12.9625747752192,223377,-9.21604824066162
2275,-16.0568088919322,58,10.5872744914749,223435,-11.5196161270142
2276,-35.8578103724165,12,8.7960534843286,223447,-11.0819969177246
2277,64.7666662718695,160,13.8121993549215,223607,-5.83062601089478
2278,49.9440888148629,139,15.2911583507682,223746,-12.0297613143921
2279,79.8518167801651,214,18.1707011295534,223960,-5.89083099365234
2280,66.6478142953779,153,20.3430489343338,224113,-6.837233543396
2281,-3.34714380570346,114,19.119824132993,224227,-9.55534648895264
2282,37.1176805494645,82,19.2182710207019,224309,-9.15942001342773
2283,25.449789580137,27,19.3772070598767,224336,-4.81070423126221
2284,25.732779049546,73,18.9030938825465,224409,-6.05463886260986
2285,19.0415910169581,22,20.7501118946427,224431,-6.98739624023438
2286,-32.9091208664574,16,20.5650488148826,224447,-7.64169216156006
2287,27.3196276494145,75,20.799355756368,224522,-9.33621597290039
2288,-6.50153847508796,110,18.7445870115278,224632,-6.22438478469849
2289,-34.017767454008,12,14.6515618177134,224644,-7.53531455993652
2290,4.01019942819,126,16.5795405933475,224770,-9.27473640441895
2291,-13.6074684736167,100,14.8387550018035,224870,-4.9048023223877
2292,-2.84961907533731,115,12.5834084720435,224985,-6.4795093536377
2293,21.0266909836628,25,14.6678368337628,225010,-4.83109092712402
2294,-13.6337377955432,95,13.1063864604773,225105,-4.75225734710693
2295,20.3306150715257,24,14.9257576586502,225129,-12.4434404373169
2296,34.3146092071823,40,18.4343786376301,225169,-7.83664083480835
2297,125.712157843233,302,21.4816532161983,225471,-5.99545621871948
2298,-26.6839073574166,53,17.6502534075843,225524,-11.6074571609497
2299,19.877651867867,20,14.6515451619694,225544,-6.23191833496094
2300,19.5428130495519,25,12.2962950996781,225569,-7.86749458312988
2301,20.4369473925402,21,13.4854996595903,225590,-8.60353469848633
2302,20.3105229344631,26,12.6451417788402,225616,-6.12546682357788
2303,-29.1981250839079,4,9.91274604563797,225620,-4.45623016357422
2304,21.6158406538327,26,9.7068991258523,225646,-11.7423973083496
2305,25.4240767982,31,10.0260234149144,225677,-11.9848823547363
2306,25.2167630289901,68,12.9323176096868,225745,-4.30939626693726
2307,23.7237931698956,27,12.7525258857108,225772,-5.04620361328125
2308,-29.2760958256234,4,11.6137980181841,225776,-9.6695442199707
2309,35.5031187084318,81,15.089842326306,225857,-5.44208145141602
2310,29.544230414595,77,16.3665438756263,225934,-8.50720500946045
2311,54.7058754020594,101,19.7822110694101,226035,-7.88912010192871
2312,38.6867406304363,85,21.8590290546988,226120,-4.61922550201416
2313,28.1491180242781,192,22.2151504067295,226312,-6.91656827926636
2314,35.6246882287982,81,24.6780717079466,226393,-7.32626628875732
2315,40.2970011848485,88,25.6763910136128,226481,-4.26619720458984
2316,-34.5163727848378,11,22.2348419140117,226492,-7.3999137878418
2317,-35.6378542057492,12,14.1673413115627,226504,-10.6533641815186
2318,-34.7990027814527,12,13.7615865403608,226516,-10.7215051651001
2319,-10.7539240736987,109,12.2300077432826,226625,-7.61450862884521
2320,26.968721307791,31,12.6013031561945,226656,-8.04362678527832
2321,23.2049729637937,30,12.7397044347572,226686,-12.4601469039917
2322,43.7054780153771,91,13.9094521888029,226777,-9.15779876708984
2323,21.1877608330564,23,16.4287464846511,226800,-5.88172149658203
2324,49.5290477868909,98,17.824406841304,226898,-7.01809215545654
2325,20.2628040063754,22,17.5663432017128,226920,-5.77033424377441
2326,42.701744088364,84,18.4405922546815,227004,-3.92295527458191
2327,-9.51035517374079,107,16.7788848374997,227111,-3.55081295967102
2328,-28.2185665507458,3,16.8317613012435,227114,-8.85138320922852
2329,21.7640414832627,24,16.1448074399851,227138,-9.92480278015137
2330,-34.1903006483235,12,12.9580808868392,227150,-6.81029987335205
2331,20.657964327085,19,11.2556853330904,227169,-2.90924406051636
2332,33.500538754431,80,10.9963752392902,227249,-4.9208083152771
2333,26.1443512874131,75,10.8961369024469,227324,-9.22781658172607
2334,38.1274007183777,87,11.0212725269259,227411,-8.54586887359619
2335,19.7678582036187,20,9.99481537786441,227431,-3.76177954673767
2336,-34.475435022801,11,9.99686226596625,227442,-11.0268211364746
2337,-0.0539194873690114,122,11.7760590018853,227564,-4.51065540313721
2338,66.4795327165213,157,16.839985776784,227721,-3.42642021179199
2339,30.0735686624495,34,18.8813604135914,227755,-6.10920429229736
2340,-34.9536501741023,11,15.7852418394967,227766,-10.6934642791748
2341,-12.4469556399697,64,14.0026454093085,227830,-9.17561054229736
2342,-2.78779097014934,113,11.6779819600322,227943,-5.15378093719482
2343,20.248010598679,22,11.6309944483133,227965,-6.732590675354
2344,49.5118104677826,99,11.6301325823579,228064,-5.70029211044312
2345,-29.3114788079772,4,9.1514184416403,228068,-9.46217727661133
2346,-29.1820786577988,4,5.55722730433216,228072,-3.44558835029602
2347,16.0158514801817,131,6.83353763702828,228203,-4.3573579788208
2348,30.0043860199005,73,9.74468526556059,228276,-4.69253540039062
2349,6.11468646325059,127,8.96221751455999,228403,-10.2802762985229
2350,-29.201204775597,4,9.21167230819631,228407,-3.342369556427
2351,68.5622039325261,158,11.6068842884684,228565,-9.73006820678711
2352,-29.2174012121328,4,8.47098729014018,228569,-3.36317753791809
2353,-24.4146803534811,85,5.94303570809547,228654,-8.1130199432373
2354,35.7279636291249,80,5.82306385363283,228734,-7.27717304229736
2355,-11.9139531265928,64,4.23897328712225,228798,-11.6021366119385
2356,19.7054901744778,23,6.94801954698619,228821,-6.31807470321655
2357,22.412333783635,24,8.07133221053639,228845,-5.31729221343994
2358,25.6903142157205,33,6.03187128549636,228878,-8.97939682006836
2359,-29.1993110100228,4,3.06822730187274,228882,-3.08158159255981
2360,46.0137538186586,93,7.11659750151078,228975,-6.37368011474609
2361,-33.2059187625009,11,6.07864934538422,228986,-3.49993896484375
2362,27.4115251810821,76,7.58861515294579,229062,-4.96789598464966
2363,42.752871566801,89,8.71385820135189,229151,-4.05088424682617
2364,43.6784755614656,89,8.42219145603604,229240,-2.03877449035645
2365,-18.312515669437,57,8.97213961296305,229297,-7.54727077484131
2366,43.1288609670282,86,12.5876865942044,229383,-8.71382999420166
2367,38.8648094254212,83,13.7301344914664,229466,-2.78298497200012
2368,-29.2461885949186,4,10.7676057607254,229470,-7.87130928039551
2369,-30.3512741522671,5,8.94430772994954,229475,-10.4327545166016
2370,21.3672285879518,24,11.472729398127,229499,-7.57726192474365
2371,90.5293753503222,183,12.5710879690168,229682,-8.92319488525391
2372,21.7283687939474,24,15.1183764693208,229706,-4.06885194778442
2373,38.5028848007208,85,18.2642547270309,229791,-7.27309322357178
2374,-29.3511131193634,4,15.0103008896065,229795,-11.9246940612793
2375,-29.2977635562969,4,14.1411103681213,229799,-9.06814098358154
2376,-13.4177214048334,59,12.4849497891557,229858,-6.78396272659302
2377,79.8358189353237,171,15.3561240467401,230029,-3.73691964149475
2378,65.771717480195,117,17.3601942099639,230146,-4.98969459533691
2379,-29.2647089647261,4,17.3569243122287,230150,-7.66135120391846
2380,45.8896749633899,92,17.3507203694653,230242,-2.03976392745972
2381,86.8785414350251,190,23.3549433793416,230432,-3.65651345252991
2382,44.6910069909914,92,24.218917469837,230524,-2.78802919387817
2383,-29.330861645295,4,20.6147308092322,230528,-11.1527338027954
2384,20.1795960572975,23,19.4397868340238,230551,-6.32710742950439
2385,-29.2519118426248,4,18.8928170253645,230555,-5.59658622741699
2386,55.3826315477853,148,19.5055055544023,230703,-6.29298210144043
2387,36.2048767242141,82,19.3725089193419,230785,-6.10479354858398
2388,82.9273289537055,174,24.9811847967732,230959,-5.2131290435791
2389,32.3032114946402,75,28.1139090791185,231034,-1.75508332252502
2390,79.9556866398657,174,31.0433319817142,231208,-5.50149536132812
2391,-29.3327579551497,4,25.0502253164406,231212,-9.54020023345947
2392,16.7080187885099,130,24.7992078161687,231342,-1.95940208435059
2393,19.857546813615,21,23.8669409168135,231363,-4.03186845779419
2394,20.1209643350766,20,26.3405447895355,231383,-2.79979658126831
2395,20.8552610479247,24,28.8481960197465,231407,-2.89329028129578
2396,43.2713685363478,90,31.6826505168056,231497,-4.52466011047363
2397,19.3879064724545,22,28.6602548936621,231519,-5.45210790634155
2398,-35.030354208556,11,23.6201513092246,231530,-11.129340171814
2399,-14.5361549501108,62,24.3565790099553,231592,-7.50963878631592
2400,100.703307350934,195,27.0972606293325,231787,-4.50472831726074
2401,-29.2806184335475,4,21.2893026359039,231791,-7.92618083953857
2402,100.986420913523,158,24.1040733320305,231949,-10.0049133300781
2403,48.1293300711293,103,27.9770829178517,232052,-3.59010863304138
2404,28.6744912603005,32,28.4018276780019,232084,-6.01182556152344
2405,22.2828673279215,24,30.9785666365292,232108,-6.56985139846802
2406,48.3358707518264,93,30.6262285967312,232201,-1.99878573417664
2407,-4.74995951097201,112,28.5784867849719,232313,-5.3286771774292
2408,21.002172214205,22,25.4822289479969,232335,-4.85365962982178
2409,20.3384127490605,19,24.8839890107179,232354,-0.752643585205078
2410,-30.3310132288133,5,19.369654017284,232359,-7.09512615203857
2411,23.6576259176082,27,22.0191732109219,232386,-4.55165910720825
2412,-29.3075355559091,4,19.7183954937009,232390,-11.4895467758179
2413,39.5918264232788,83,20.7051094741841,232473,-1.89320993423462
2414,23.0478247168355,27,20.8514524932721,232500,-7.00285243988037
2415,-28.2358003865551,3,18.3968994215481,232503,-7.60468292236328
2416,45.2802095368136,92,18.4973414715714,232595,-4.85502433776855
2417,22.674942755808,22,18.661693285739,232617,-0.864820957183838
2418,45.8558765399946,87,22.7060048231666,232704,-0.714426279067993
2419,128.245749201568,314,29.8451000307505,233018,-6.60315656661987
2420,-12.6657203762288,64,24.1766486443924,233082,-6.49337339401245
2421,-35.2626299330161,13,23.8775480694189,233095,-7.29957485198975
2422,23.9932026651325,26,20.0278871569994,233121,-6.72782230377197
2423,39.534700467379,86,19.5981556768119,233207,-4.43970489501953
2424,18.9556329710713,18,19.1122127623504,233225,-2.52999091148376
2425,23.6284904939803,23,19.1794939206534,233248,-0.289583683013916
2426,22.9357246511837,26,17.9094866156212,233274,-2.78843832015991
2427,96.2367349563072,148,22.9588213389852,233422,-1.42523264884949
2428,-34.5719023632612,13,20.1801176101119,233435,0.48936402797699
2429,29.777756557971,75,20.6520848005574,233510,-3.75632905960083
2430,18.9263326394873,20,23.1149520939725,233530,-7.45017051696777
2431,22.8767628874398,24,23.075908942464,233554,-0.0217242240905762
2432,26.0723648767897,30,25.844903964099,233584,-4.78563165664673
2433,-35.6504389361113,13,22.0827906961295,233597,-6.5866322517395
2434,42.4358816384015,87,23.0521935422078,233684,-1.51014018058777
2435,22.2334323695455,23,25.5756551800128,233707,0.674809694290161
2436,26.2137377419849,69,24.6223315902714,233776,-1.11292290687561
2437,115.754579729876,246,29.2763134389748,234022,-6.78293800354004
2438,31.2909707463846,75,28.5480681492943,234097,-3.31508326530457
2439,20.4095746891688,24,23.1562594236743,234121,-6.33043670654297
2440,20.1505641301088,22,24.7970736489912,234143,-4.203209400177
2441,85.9222934503507,180,30.8563198181595,234323,-6.61393928527832
2442,86.7601968713614,180,33.9946695284709,234503,-8.52563762664795
2443,19.9988184540502,21,33.0178754278045,234524,-3.24684238433838
2444,62.8507401012156,148,35.2126307843117,234672,-2.73374247550964
2445,22.4720220408592,27,35.1548073616557,234699,-6.28010845184326
2446,49.7763874851658,136,36.4968405033548,234835,-4.47950458526611
2447,23.5226258406744,28,32.8611350475731,234863,-3.71651935577393
2448,116.546942576575,301,40.4170772945649,235164,-3.90116429328918
2449,20.4444876376966,22,39.9504138485512,235186,-5.14078521728516
2450,28.8145208489857,31,40.4448232590261,235217,-3.59140539169312
2451,20.9609263775115,24,40.3490314335297,235241,-5.33617401123047
2452,17.913433814348,22,39.9410848804077,235263,-4.61540365219116
2453,-28.224049637751,3,40.3124043453257,235266,-8.18967628479004
2454,19.4213843677441,20,39.1616794817928,235286,-0.415457487106323
2455,72.0974738987927,160,41.6548815582551,235446,-1.13900065422058
2456,20.4566922529684,20,41.3670292838043,235466,0.49100399017334
2457,-29.2468865819434,4,34.1169559682134,235470,-10.0069093704224
2458,-33.5996787671507,16,30.8724234925366,235486,-1.48263072967529
2459,-14.2929770263636,62,29.13729590676,235548,-6.77322196960449
2460,116.524759950395,295,33.9560056977743,235843,-3.27663207054138
2461,86.270372097511,217,33.9734096301323,236060,-2.24077534675598
2462,21.3287530234004,27,30.7018374377342,236087,-9.01564693450928
2463,22.466134609865,29,30.825203245525,236116,-6.43007516860962
2464,38.832923259232,86,29.6243124034258,236202,-5.05203485488892
2465,19.1456724791279,22,29.4579949253392,236224,-2.26949048042297
2466,-34.0847007266577,16,25.2649405147481,236240,-2.01630306243896
2467,45.4966670003288,96,26.3636425727308,236336,-6.41014862060547
2468,-28.2044023470244,3,19.1260753265508,236339,-3.91111326217651
2469,72.6837610582296,163,21.7380389975775,236502,-1.49668455123901
2470,19.8618122151731,23,21.2904035658868,236525,-6.18801593780518
2471,121.651717890525,336,26.3249431415375,236861,-2.92321562767029
2472,-13.7699663035659,60,24.7407731356418,236921,-3.80059790611267
2473,20.1513727544131,24,27.15954425525,236945,-8.26027584075928
2474,50.9279447944149,135,28.7348722765836,237080,-1.0246422290802
2475,84.6041796779764,175,29.3602075655427,237255,-1.9762966632843
2476,179.878292308888,436,37.3312875683387,237691,-1.29686784744263
2477,52.9472013628712,103,41.4409919655794,237794,-7.66972255706787
2478,-28.2120958517001,3,41.710371111352,237797,-5.06671142578125
2479,-29.2462377408276,4,40.9627080756288,237801,-1.62921810150146
2480,22.7695313200042,29,36.2749466441092,237830,-6.68112993240356
2481,21.2856172536402,29,33.0257089019157,237859,-5.01128578186035
2482,21.2368608518295,25,33.0211142933371,237884,-0.195969104766846
2483,19.2696768766652,19,32.8612914066772,237903,-2.70996260643005
2484,53.9353545278722,105,33.6164129701092,238008,-3.01880288124084
2485,162.064983883284,352,40.762378540317,238360,-6.78407382965088
2486,21.3940062530569,26,43.5363138893027,238386,-3.13879227638245
2487,27.8407185195989,73,42.6535164652662,238459,-0.479703426361084
2488,23.4536296904819,30,45.2364180671415,238489,-8.1098108291626
2489,55.0199604981518,102,44.3532280391376,238591,-0.0825285911560059
2490,42.2307931471823,90,45.4716770857381,238681,-5.96526527404785
2491,19.7225345860141,24,40.3752179205126,238705,-6.32546043395996
2492,21.9529104540747,24,42.1613617583946,238729,0.354126214981079
2493,-33.8424402924789,11,39.46167110605,238740,-2.46052122116089
2494,21.1977378344082,25,37.9751607580497,238765,-3.00851964950562
2495,20.3772543277484,25,34.7638144905383,238790,-8.09678363800049
2496,21.8128027962152,25,26.8605400149046,238815,-4.7826452255249
2497,-28.2014434119253,3,22.8031077761648,238818,-3.28104639053345
2498,20.685424941185,24,25.2479838158091,238842,-5.70072650909424
2499,-34.318799490718,10,24.9943557283145,238852,-7.53221893310547
2500,42.0411475365029,88,25.9579365391395,238940,1.36768794059753
2501,22.063492607778,28,25.9968303068464,238968,-5.90609836578369
2502,27.4938669259205,30,26.3096806105509,238998,-2.94919109344482
2503,19.7586808856847,21,26.3341308110019,239019,0.80053174495697
2504,-35.3093229647756,11,21.8718969363695,239030,-8.93217754364014
2505,18.5455809418169,21,14.6959267892961,239051,-7.2499532699585
2506,19.7032675298438,21,14.6113898531355,239072,-1.7338433265686
2507,131.478915164485,309,19.7932996853798,239381,-6.43148231506348
2508,21.9654568332222,23,19.7188910425168,239404,-2.73786306381226
2509,71.4634842758389,160,20.5410672314011,239564,-2.05336856842041
2510,-35.9055145758039,12,16.6342518452518,239576,-8.76206302642822
2511,73.1104770785257,81,19.3036489698774,239657,-3.4934446811676
2512,27.3044634094085,30,19.5712266176441,239687,-2.30179238319397
2513,67.529560178014,160,24.6398266411687,239847,-1.13473653793335
2514,20.1372047744735,22,24.586799988172,239869,-2.20315074920654
2515,19.0702477582548,19,24.5214496596973,239888,-0.896029710769653
2516,18.0312312991572,20,24.3323710848444,239908,-3.75639915466309
2517,20.4182324239987,24,26.7633548766406,239932,-5.65917778015137
2518,38.4137852561789,43,27.6497728923903,239975,-4.99463987350464
2519,28.4367094219376,29,30.7875483380231,240004,-1.18420004844666
2520,39.4336684385111,85,30.6571743831235,240089,0.446835517883301
2521,21.2190695926801,22,30.6149532323686,240111,-1.46108961105347
2522,93.6421468061039,189,33.9223672263778,240300,-3.95386552810669
2523,-29.2840285592661,4,31.4702317541303,240304,-4.95242023468018
2524,18.9344014392681,21,34.1824179743324,240325,0.855960607528687
2525,21.9933944079375,26,34.3548086476385,240351,-2.02162671089172
2526,20.2726885129642,26,34.3832796967945,240377,-6.80108451843262
2527,44.6708117252381,91,30.0428745248322,240468,-3.75449562072754
2528,20.9081003610739,23,29.9900067012247,240491,-0.519691705703735
2529,91.1415597402977,225,30.9739104744477,240716,-0.314953565597534
2530,21.8727504593858,27,33.8628237262072,240743,-1.93232941627502
2531,21.6639327050952,24,31.2904965075356,240767,-7.92813110351562
2532,-35.5197858302464,12,28.1492840455529,240779,-7.02052211761475
2533,48.3668331473681,55,27.1911476940206,240834,0.216693162918091
2534,67.7417339242104,117,29.5713741515074,240951,0.539178848266602
2535,19.3228219134434,22,29.5840028592669,240973,-2.75983715057373
2536,21.5745433873288,23,29.7611684636754,240996,-3.60346913337708
2537,194.685936222808,500,38.4745536536159,241496,0.450380086898804
2538,-36.0229130025673,12,34.7527187406786,241508,-7.64127731323242
2539,29.4207885372303,72,34.8019226964433,241580,-0.551182270050049
2540,-34.9252714147592,13,31.0839757037797,241593,-5.23616790771484
2541,20.9945255983625,22,31.0727485040639,241615,-2.60495400428772
2542,224.283588973897,409,37.6048206124535,242024,1.1177419424057
2543,-34.2756960593939,11,37.3552372374471,242035,-3.77436590194702
2544,25.0531191077336,28,37.6611731208704,242063,-3.93442177772522
2545,-34.6592769682526,11,34.8285395520609,242074,-7.67218446731567
2546,130.055940428872,233,40.3177021478563,242307,-4.51094245910645
2547,40.9579829441512,90,40.1320607088019,242397,-2.79715752601624
2548,20.1897894659532,21,40.0961451640459,242418,-2.95212197303772
2549,22.0781153445336,24,36.6429729442577,242442,-1.5866916179657
2550,20.4236426972872,22,36.5705175561528,242464,-1.8308629989624
2551,20.1961878698638,20,36.4971303143912,242484,0.116426706314087
2552,-11.8350176710074,107,37.6813687223531,242591,-6.33605098724365
2553,23.5368458632118,22,36.4398693581453,242613,0.871463537216187
2554,19.8303902474421,20,34.0443021743069,242633,-1.95992136001587
2555,1.44701027415815,88,33.1505115923427,242721,-2.59831953048706
2556,16.7126458352363,21,32.907416714738,242742,-5.14435195922852
2557,26.3327148302795,26,24.4897556451116,242768,1.32824790477753
2558,19.9778354445138,22,27.2897930674656,242790,0.771581172943115
2559,21.1237580494694,25,26.8749415430776,242815,-7.04210090637207
2560,-34.964898775543,12,26.8729601750384,242827,-6.02961683273315
2561,21.0644954720736,24,26.8764586687239,242851,-2.57380533218384
2562,41.4946051243519,46,17.7370094762467,242897,-4.28738403320312
2563,20.7200648661135,25,20.4867975225221,242922,-1.26571130752563
2564,47.5666922195896,94,21.6124761781149,243016,-4.97633266448975
2565,23.6260643143751,26,24.5267432422463,243042,1.87754368782043
2566,20.325230582825,25,19.0402077499439,243067,-4.28409290313721
2567,19.4251199435786,21,17.9635645999153,243088,-2.23420333862305
2568,19.0116037111296,26,17.9046553121741,243114,-5.62099647521973
2569,20.4001486833771,27,17.8207569791163,243141,-5.25542163848877
2570,-35.2278998181461,11,15.0381798533446,243152,-9.0205078125
2571,61.0136598941798,145,17.0790534545604,243297,-3.67531943321228
2572,19.904080463685,22,18.666008361295,243319,-5.47314929962158
2573,54.1636837255934,102,20.1973502544141,243421,0.231274843215942
2574,18.746116893003,19,20.1431365866922,243440,-5.06053638458252
2575,59.7393152672744,105,23.057751836348,243545,1.14083826541901
2576,36.5583127996375,39,24.050035184568,243584,-2.11998438835144
2577,46.8545936636657,100,25.0761291262374,243684,-4.95586395263672
2578,42.1643657901495,45,26.1854556435191,243729,0.156056880950928
2579,32.6112406716627,78,26.7598297746288,243807,-0.85633659362793
2580,48.2246132823568,92,30.9193053775238,243899,-1.26360583305359
2581,24.3601084164273,29,31.0840860247415,243928,-3.26860022544861
2582,21.4018484252582,26,30.0794481897868,243954,-2.11472582817078
2583,21.5420544102765,27,30.1205476669949,243981,-3.47533941268921
2584,-29.2616107613023,4,26.2791325179503,243985,-3.80247211456299
2585,23.489772068742,24,26.2723179056687,244009,-0.212976217269897
2586,54.3552793167218,101,27.9738203423635,244110,3.47125053405762
2587,24.847877559029,29,28.2449582231361,244139,-6.98494005203247
2588,19.202709423291,20,28.2545135087441,244159,-3.36346125602722
2589,27.7920342702172,29,28.6241077880861,244188,1.73246765136719
2590,18.0650241085535,19,31.2887539844211,244207,-2.57664012908936
2591,-23.4598954400739,55,27.0650762177084,244262,-9.35203552246094
2592,20.4028326960496,25,27.0900138293267,244287,-1.27278923988342
2593,39.378470172286,43,26.3507531516613,244330,0.0390374660491943
2594,-29.2412167538518,4,23.9513864693185,244334,-1.57640027999878
2595,-34.9040477774331,11,19.2192183170832,244345,-7.41520881652832
2596,20.8742608855683,21,18.4350157213797,244366,-1.75235414505005
2597,48.8139495008789,99,18.5329835132404,244465,0.82169234752655
2598,29.6902591566896,33,17.9092781815674,244498,-0.442408084869385
2599,-29.2081387029536,4,14.8183092128365,244502,0.310491323471069
2600,-29.2316938200918,4,10.9454938577141,244506,-0.368394613265991
2601,21.5226532778407,23,10.8036211007848,244529,0.674395322799683
2602,-29.2233372002853,4,8.27236181950761,244533,0.104406595230103
2603,17.3611870220443,19,8.06331845009601,244552,-2.79882478713989
2604,20.5678181604059,26,10.5547898961814,244578,-8.92251968383789
2605,21.2681138138234,27,10.4437069834355,244605,-1.13011765480042
2606,37.5198358012415,39,9.60193480766147,244644,2.68262147903442
2607,23.9213081448717,27,9.5556063369536,244671,1.12193810939789
2608,24.2819523529564,27,9.80956848343687,244698,-3.73615527153015
2609,35.0511459755616,83,10.1725240687041,244781,1.25451111793518
2610,-13.7047880974703,62,8.58403345840289,244843,-6.6771821975708
2611,-29.2535582094728,4,8.29435031993295,244847,-4.17055702209473
2612,32.1658513634139,35,8.88250125330116,244882,0.782657861709595
2613,20.4586337837571,24,7.93650943387471,244906,-5.07759523391724
2614,21.8469045880347,27,10.490915500969,244933,-5.60069799423218
2615,19.0342089811603,20,13.1878283388987,244953,1.35246956348419
2616,20.1091219658421,23,13.1495713929124,244976,-2.87100100517273
2617,26.7617500758986,30,12.0469614216634,245006,-3.34950041770935
2618,19.4730879430447,19,11.5361028609811,245025,0.402178764343262
2619,-33.0020006519448,15,11.3464097635316,245040,3.35227656364441
2620,19.2413579075325,21,13.7700623499128,245061,-1.32673501968384
2621,19.6034505602149,27,13.6741022140315,245088,-2.02507710456848
2622,51.0441178371099,97,17.6874749659013,245185,2.25584840774536
2623,21.0505807011748,21,17.8719446498578,245206,0.419220924377441
2624,22.0693373487311,27,17.9470206092741,245233,-1.95974493026733
2625,19.9193864395903,23,17.8795842405624,245256,-0.253612756729126
2626,19.1953042358178,22,16.9633576622912,245278,-6.95213842391968
2627,22.4136507814432,28,16.8879747941198,245306,-1.98822546005249
2628,47.9211388355473,96,18.0699341182493,245402,4.78296566009521
2629,19.7362783147775,23,17.3041907352101,245425,-2.90816354751587
2630,53.0612856165493,98,20.6424944209111,245523,3.53077936172485
2631,-36.6966275890961,12,20.27034095193,245535,-7.12541770935059
2632,-33.4845595485687,17,16.9878204063308,245552,-1.30390501022339
2633,-34.5727594786763,12,14.2362507432092,245564,-0.750411510467529
2634,18.8201345926375,18,14.0849122434393,245582,2.50622272491455
2635,68.0620301040638,122,16.5363032995845,245704,-8.72637557983398
2636,-19.7552309578394,59,14.5430856534004,245763,-3.33396148681641
2637,-34.5160330423613,13,11.4791964974874,245776,-0.991977453231812
2638,48.893287425686,99,12.9502064716195,245875,-4.39316320419312
2639,79.9195412880557,175,18.5962835686195,246050,-2.50555038452148
2640,19.5355737246725,19,18.6109943594765,246069,2.61637473106384
2641,30.4238223332685,125,19.1520129481292,246194,-8.27445507049561
2642,-35.1096704094158,11,14.8443235358029,246205,-5.98367738723755
2643,-20.4029327212507,94,12.7716478646816,246299,-7.02262830734253
2644,149.071153195821,380,19.1217386570361,246679,-1.23860931396484
2645,18.3516410331779,24,19.0433513867155,246703,0.300188064575195
2646,172.553904306444,475,26.7112813902468,247178,-0.277276992797852
2647,22.0178227509541,25,26.6914899887224,247203,1.04931807518005
2648,24.2007981906458,25,25.5054729564773,247228,1.05719017982483
2649,66.7415064153021,160,27.8557343615035,247388,-0.79627537727356
2650,127.468092093018,265,31.5760746853269,247653,-0.942279577255249
2651,19.7910440062248,24,34.400458265093,247677,0.853716731071472
2652,50.0728483333608,96,38.5783286591895,247773,3.08420848846436
2653,30.1186169806459,36,41.8128974821556,247809,-0.621267080307007
2654,25.0213648555824,28,42.1229589953028,247837,-2.31790256500244
2655,19.4765062954939,122,39.6936828048743,247959,0.44036602973938
2656,20.3889382542068,25,41.7008912654766,247984,-5.1278247833252
2657,20.1639883939008,28,44.4348923372897,248012,-8.49117088317871
2658,157.520345522888,373,49.8662452421498,248385,-0.298856496810913
2659,69.4901018390238,78,49.3447732696982,248463,-0.562211275100708
2660,-35.7202558143074,13,46.5819817927492,248476,-0.488134622573853
2661,21.7937793885694,26,46.1504796455143,248502,-3.75391554832458
2662,21.4291002663209,30,48.9774181793011,248532,-5.78376197814941
2663,20.6867065068533,23,51.0319001407063,248555,0.631330013275146
2664,21.5481902155121,24,44.6557519916908,248579,-0.15125584602356
2665,20.9576039629275,22,44.7860501381783,248601,2.38399934768677
2666,35.0150203887542,82,37.9091059422938,248683,2.90884637832642
2667,34.5892912766401,80,38.5376793685781,248763,5.26611280441284
2668,29.9159727937301,33,38.8234380987323,248796,-1.0835018157959
2669,63.0080875096524,113,38.6367671534499,248909,2.32895088195801
2670,-30.3368481056988,5,30.746520143514,248914,-6.5673713684082
2671,18.6401476935383,20,30.6889753278797,248934,0.0633673667907715
2672,-30.4064235727543,5,26.6650117325739,248939,-9.11068344116211
2673,18.4376554358272,21,26.080963655333,248960,-0.208305597305298
2674,18.1838161661857,19,25.7390862208632,248979,-1.11080694198608
2675,21.5273692509501,24,25.841629368636,249003,4.14895582199097
2676,22.216418666474,26,25.9330033892493,249029,2.83674311637878
2677,21.794384798377,23,26.0145232094732,249052,0.11424708366394
2678,20.5737216835435,23,19.1671920175059,249075,-1.87260675430298
2679,37.2634289346099,82,17.5558583722852,249157,-0.305501699447632
2680,67.9972448739637,118,22.7417334066988,249275,3.52050375938416
2681,19.1144395029653,19,22.6077664124186,249294,-0.699703454971313
2682,21.4420377824153,27,22.6084132882233,249321,-7.01481008529663
2683,-35.3951292444586,11,19.8043215006577,249332,-4.95566177368164
2684,73.858275702645,164,22.4198257750144,249496,3.15538597106934
2685,19.239573993287,20,22.3339242765324,249516,2.98371052742004
2686,19.5873802116234,23,21.5625422676758,249539,-1.99864840507507
2687,32.9521729876153,35,21.4806863532246,249574,1.4264053106308
2688,27.2901298445726,34,21.3493942057667,249608,-2.79441952705383
2689,18.8863476695989,20,19.143307213764,249628,0.942928075790405
2690,19.9971124921513,24,21.6600052436565,249652,-2.61123514175415
2691,118.114174937124,252,26.6337066058358,249904,0.934115648269653
2692,59.7329877446264,108,31.1406771717048,250012,3.22045946121216
2693,19.3322091627622,22,31.1854048580516,250034,-1.8985550403595
2694,24.9513364290977,33,31.5237808711972,250067,-0.990114688873291
2695,-30.255109371227,5,28.9346569400883,250072,-0.505650520324707
2696,20.8856094950892,22,28.8681164815191,250094,3.45968174934387
2697,23.2055207839572,22,28.9386732807981,250116,4.3294563293457
2698,25.9810178354412,30,29.209038088393,250146,3.0354642868042
2699,20.0371262124668,20,28.3477229522858,250166,5.09193849563599
2700,-29.2729377306424,4,23.4842138220555,250170,-1.22886347770691
2701,23.8519703410917,24,23.7210903639619,250194,1.07828617095947
2702,37.4978976767332,82,24.5238833586778,250276,1.13519990444183
2703,19.1028009158801,21,27.2487798666947,250297,1.56429278850555
2704,34.4419379762738,79,25.2779629803761,250376,1.72287321090698
2705,21.1498945029087,24,25.3734790058572,250400,1.8749874830246
2706,17.822600820051,20,25.2852400362786,250420,-0.885936260223389
2707,-29.207859216211,4,22.1772384260873,250424,2.26762390136719
2708,-29.2853837753313,4,19.3484627450921,250428,-0.604832410812378
2709,52.3130049609107,57,21.0197956096577,250485,1.95608234405518
2710,22.577776344788,26,21.1488288022895,250511,2.53928375244141
2711,25.5977849211495,27,16.5230093014908,250538,0.485419988632202
2712,96.8291885260728,189,18.3778193405631,250727,1.40206861495972
2713,24.0336089590406,26,18.612889330377,250753,4.14435863494873
2714,49.0261345840675,56,19.8166292381255,250809,4.52830982208252
2715,83.9105056684212,180,25.5249099901079,250989,4.92475700378418
2716,21.6931515104044,21,25.5652870908737,251010,4.46781539916992
2717,18.0358761375753,21,25.3068048585546,251031,3.26669979095459
2718,19.9662724738165,23,25.0060675904734,251054,-5.23085308074951
2719,-29.2782913758722,4,22.5402967110564,251058,-2.302325963974
2720,26.0679714599439,31,25.3073421705857,251089,-2.02407026290894
2721,85.2312111010246,95,28.3763042085824,251184,0.815276861190796
2722,25.5118400588482,27,27.7770013276881,251211,0.254844427108765
2723,61.6737557417385,112,29.905549068981,251323,3.14853429794312
2724,17.967932747475,19,29.0818488075411,251342,-3.66551423072815
2725,20.1261722013751,24,29.0306626924644,251366,0.186192274093628
2726,93.0216154895418,189,32.790613425939,251555,-0.731534004211426
2727,33.568860322883,177,35.9294494028937,251732,-0.346110105514526
2728,119.915445529869,295,43.3894908681537,252027,-2.10026526451111
2729,26.4942509253328,26,42.0985531663748,252053,4.39806652069092
2730,81.6801787893687,178,45.0536732886038,252231,2.25578498840332
2731,-29.3672562764837,4,42.3054212287222,252235,-7.14468860626221
2732,30.7312339527069,34,39.0005235000539,252269,2.94977569580078
2733,18.8191566592294,24,38.7398008850633,252293,-3.95126533508301
2734,20.0590205952987,20,37.2914451856249,252313,4.80552196502686
2735,-34.3831900821986,11,31.3767603980939,252324,2.72468280792236
2736,18.3464563183844,20,31.2094256384929,252344,5.53513860702515
2737,75.5229321593606,168,34.0837784395822,252512,1.88326215744019
2738,21.5447053209649,23,34.1627000819396,252535,4.44264459609985
2739,23.5024024445758,23,36.801734772962,252558,7.46002531051636
2740,19.4114337879185,21,36.4689078893607,252579,3.53464508056641
2741,20.4393621216051,21,33.2293154403897,252600,5.46451950073242
2742,72.1001822389975,121,35.5587325493972,252721,-0.808645725250244
2743,47.3831625463009,95,34.8442028896253,252816,3.85529494285583
2744,17.4877921383838,20,34.8201958591707,252836,1.16565871238708
2745,20.4907782447121,23,34.8384261613376,252859,4.79345226287842
2746,25.2879070326993,27,31.4517407384955,252886,5.74345970153809
2747,20.2184332414608,25,30.7842193844244,252911,1.09392046928406
2748,30.4712677870102,33,26.3120104972814,252944,3.55421257019043
2749,65.0682574633336,118,28.2407108241814,253062,2.11330318450928
2750,19.6726865734087,23,25.1403362133834,253085,1.45994198322296
2751,55.2877762473882,105,29.373087839577,253190,4.98485565185547
2752,21.2575214918074,27,28.8994022165321,253217,-2.01397752761841
2753,19.1614619192056,20,28.9165174795309,253237,5.5275707244873
2754,18.0260296682725,25,28.8148679331796,253262,-3.64598727226257
2755,60.5564500009621,112,33.5618499373376,253374,5.18319129943848
2756,20.3015795775584,23,33.6596061002963,253397,2.45447468757629
2757,77.5537968511689,129,33.7611493348867,253526,2.7814564704895
2758,20.400977450321,24,33.7039629413545,253550,2.28908491134644
2759,-30.2657766820852,5,31.0155539850215,253555,2.88657903671265
2760,76.3327884804549,166,33.8616217196483,253721,0.246987819671631
2761,19.7718903261354,20,33.8282481298748,253741,3.57493591308594
2762,19.3607842729903,18,31.1912782315744,253759,4.78843784332275
2763,18.8820663767704,24,29.7662234230979,253783,-0.595782995223999
2764,19.8951587835228,19,29.8865917553549,253802,4.2618613243103
2765,93.906221304298,150,33.5573639083342,253952,1.10838794708252
2766,-29.3255031082793,4,30.8266934012852,253956,-6.73736190795898
2767,51.984452402864,97,32.4149943593554,254053,5.71197414398193
2768,19.6085875793267,21,31.8718603489712,254074,1.73111629486084
2769,-30.289701593342,5,27.1039623961374,254079,-1.53735852241516
2770,-34.1560949591743,10,24.4125233195083,254089,-3.00208067893982
2771,-29.2317689989931,4,20.1865460571892,254093,4.82855033874512
2772,26.2651442989126,29,20.4369271975445,254122,7.87959384918213
2773,23.4052233608946,23,20.6491152696289,254145,5.3531665802002
2774,19.210437082459,20,20.7083356403383,254165,2.1465904712677
2775,20.9080464154242,22,18.7259154610614,254187,1.90998446941376
2776,22.2093019828225,25,18.8213015813246,254212,5.43024635314941
2777,23.3018058347445,27,16.1087020305034,254239,3.34988737106323
2778,25.3624654806177,26,16.3567764320182,254265,4.00673532485962
2779,19.9012100993654,23,18.8651257710907,254288,1.62934625148773
2780,19.4333728099059,20,16.0201549875633,254308,0.853164434432983
2781,21.9146779946298,22,16.127294370988,254330,6.37775993347168
2782,21.0207035456085,21,16.2102903346189,254351,6.65755271911621
2783,20.7306637906273,28,16.3027202053118,254379,-2.49515819549561
2784,21.0261964149379,29,16.3592720868825,254408,-3.57206082344055
2785,49.8578041653206,97,14.1568512299336,254505,2.88800764083862
2786,19.28143569837,21,16.5871981702661,254526,0.359940528869629
2787,21.7937683153633,24,15.0776639658911,254550,-1.45037436485291
2788,19.4991985519425,21,15.0721945145219,254571,6.86433792114258
2789,19.0770567985568,21,17.5405324341168,254592,4.18648481369019
2790,28.2895193488204,135,20.6628131495165,254727,-1.01265239715576
2791,19.887642309602,21,23.1187837149463,254748,5.17073202133179
2792,20.3291953810631,21,22.8219862690538,254769,8.46843719482422
2793,19.1692387578536,21,22.6101870389018,254790,-0.0428891181945801
2794,21.1978636586988,20,22.7095583677138,254810,4.6670355796814
2795,17.4107843126826,20,22.5346952625767,254830,-0.275427579879761
2796,19.0063762638367,20,22.3745489766274,254850,4.68483686447144
2797,20.11125761328,21,22.2150215655542,254871,0.337112188339233
2798,20.0352163297042,21,21.9486591080085,254892,5.51273727416992
2799,25.5631129056063,30,22.2317542483205,254922,5.33987998962402
2800,-35.0579579744501,11,19.5071877091027,254933,0.937294721603394
2801,20.9130556827826,24,19.4571065935104,254957,4.68244743347168
2802,43.1536006167276,211,20.5637514470663,255168,-0.638025283813477
2803,17.5009663495665,20,20.4022665750133,255188,9.22195243835449
2804,46.751640912433,54,21.688538799888,255242,1.90245151519775
2805,29.1630011472179,35,20.6537986489829,255277,-2.86913681030273
2806,-29.209444700907,4,18.229254629019,255281,6.4662036895752
2807,19.878981957955,23,18.1335153111486,255304,5.88224029541016
2808,20.3601119198441,20,18.1765609795437,255324,7.3891077041626
2809,19.7174506964093,23,18.2085806744363,255347,4.23527908325195
2810,21.4307040847278,23,17.8656399112317,255370,2.99632692337036
2811,33.0042707618834,78,18.5214713338458,255448,7.09234619140625
2812,18.6852789770268,22,18.439275513644,255470,-5.52032279968262
2813,-29.3465185617106,4,16.0134876476657,255474,-4.28356456756592
2814,21.6008514727538,26,16.0336370383685,255500,1.33672523498535
2815,32.0320760829761,75,16.7647016268832,255575,4.53860950469971
2816,19.918254190298,22,16.8102955232062,255597,-0.127390146255493
2817,66.7586385962231,115,19.1426645723534,255712,1.80338954925537
2818,22.321807016542,25,19.2569941066953,255737,5.30932331085205
2819,27.2445713463469,74,19.3410670287323,255811,2.82087230682373
2820,21.2035009265346,23,22.1541399737816,255834,6.7521071434021
2821,20.9308705292944,25,22.1550307161071,255859,3.17560052871704
2822,24.5838290767588,25,21.2265421391087,255884,6.63964796066284
2823,-20.6614729728355,70,19.3184201729886,255954,1.36507701873779
2824,19.9775563003166,27,17.9797159423828,255981,-3.21546459197998
2825,41.7893334025864,46,18.6110325551512,256027,3.42219424247742
2826,-29.2023688958747,4,18.6113863454028,256031,7.06252431869507
2827,20.1882772427736,21,18.6268511096437,256052,4.27670478820801
2828,33.9792285431953,36,19.3078069408113,256088,2.68943285942078
2829,-34.1212245536798,11,16.6158731783069,256099,-0.426896572113037
2830,20.1630350114381,21,16.5524897246424,256120,5.14790439605713
2831,47.299433199734,96,17.2672478465349,256216,0.907483100891113
2832,19.5735679035253,20,17.3116622928598,256236,6.00789928436279
2833,57.7033646440039,108,21.6641564531455,256344,2.3947639465332
2834,18.0512094084661,21,21.4866743499312,256365,-0.767586946487427
2835,19.5253278727688,19,20.8613369394208,256384,6.30486011505127
2836,20.3613476005799,25,20.8834916099349,256409,-5.23324203491211
2837,19.3771443102119,24,18.5144168956343,256433,3.30960178375244
2838,17.7214711202947,19,18.284400100822,256452,-2.55653405189514
2839,20.1515131292926,19,17.9297471899692,256471,8.48868751525879
2840,41.6289057816448,46,18.9510174327248,256517,3.41050601005554
2841,-29.2858493139246,4,16.4401814405638,256521,-0.780778169631958
2842,25.1133991281844,32,16.4666599431351,256553,3.59033060073853
2843,22.4481790075452,28,18.6221425421541,256581,3.60047841072083
2844,22.0438519501868,24,18.7254573246476,256605,6.05696773529053
2845,42.1448994145995,46,18.7432356252483,256651,6.55912923812866
2846,79.2839847370367,133,24.1675533068939,256784,3.73191356658936
2847,23.9919982423163,26,24.357739356871,256810,6.31100845336914
2848,-35.6823411562309,14,20.8746608718997,256824,7.93524169921875
2849,18.8601974357651,20,23.5237319713719,256844,5.09803152084351
2850,31.1725886921613,33,24.0742096554081,256877,7.69097089767456
2851,20.3159056357256,22,22.7250332772077,256899,2.18366241455078
2852,21.4954145824142,22,22.8211256111521,256921,1.38906574249268
2853,61.4202243085945,110,23.0069685943817,257031,3.17605710029602
2854,21.675940508764,31,23.1882051493965,257062,-3.18027877807617
2855,-34.1283552186679,11,20.5055209948247,257073,2.07717394828796
2856,79.78993429247,138,23.4769503294192,257211,-0.0718839168548584
2857,25.3592842578418,28,23.7760573268007,257239,2.01555728912354
2858,17.8687147236962,21,23.7834195069708,257260,-1.97916984558105
2859,20.8301218701648,22,23.8173499440144,257282,3.45885610580444
2860,19.3941939354079,19,22.7056143517026,257301,1.36436176300049
2861,19.9229579237235,22,25.166054713585,257323,1.03147888183594
2862,34.5178995004672,46,25.6362797321991,257369,-1.46834182739258
2863,18.8558911407918,21,25.4566653388614,257390,5.46405410766602
2864,18.9151815404359,20,25.3002318183739,257410,2.9392557144165
2865,20.0543393838647,20,24.1957038168371,257430,1.37131690979004
2866,24.2820970989711,28,21.4456094349338,257458,5.89942169189453
2867,-34.5686319505775,11,18.5175779252892,257469,-5.82120037078857
2868,19.769382740045,23,21.290164120103,257492,2.29166412353516
2869,18.4132472928975,20,21.2678166129596,257512,-0.22978138923645
2870,26.366737021024,29,21.0275240294027,257541,4.07230520248413
2871,18.3477198947297,19,20.9291147423529,257560,4.07489347457886
2872,20.6578441276372,22,20.8872362196141,257582,2.31227207183838
2873,19.8053791562242,20,18.8064939619955,257602,8.92416286468506
2874,-29.3211304357111,4,16.2566404147718,257606,-1.56692171096802
2875,35.3647779817511,40,19.7312970747927,257646,6.51306486129761
2876,21.0320933391517,22,16.7934050271268,257668,7.64276313781738
2877,74.1605408504585,125,19.2334678567577,257793,7.15876483917236
2878,18.9976061967723,18,19.2899124304115,257811,2.33496642112732
2879,20.1648847203482,20,19.2566505729206,257831,6.49152660369873
2880,21.7371652856087,23,19.3737991404307,257854,-0.761944055557251
2881,21.4204288208867,27,19.4486726852888,257881,-2.09881114959717
2882,19.4581825556907,23,18.69568683805,257904,3.16309094429016
2883,20.2217524325391,19,18.7639799026374,257923,8.90507411956787
2884,-29.2399630287507,4,16.3562226741781,257927,3.44892334938049
2885,-35.7251344354588,14,13.5672489832119,257941,0.651383399963379
2886,86.948728419613,139,16.700580549244,258080,10.9291887283325
2887,19.4182879519767,19,19.3999265443717,258099,7.96608352661133
2888,-20.799766414768,66,17.371469086631,258165,6.10067653656006
2889,-35.0711092603523,12,14.6972512589685,258177,5.720046043396
2890,46.8725393204751,97,15.7225413739411,258274,-0.939033031463623
2891,-34.8901155427079,12,13.0606496020692,258286,4.48449373245239
2892,26.1305691812804,27,13.3342858547514,258313,9.57648849487305
2893,20.0327588868105,22,13.3456548412807,258335,6.69651031494141
2894,19.9318345493004,22,15.8083030905313,258357,3.52687048912048
2895,21.187917527906,21,15.099460067839,258378,9.84096336364746
2896,20.1583680142848,23,15.0557738015957,258401,4.17447471618652
2897,22.7944744649017,26,12.4874704823178,258427,5.65371036529541
2898,26.2141956708218,32,12.8482999560203,258459,-0.613900899887085
2899,-33.5007301125176,18,10.165019214377,258477,7.87773561477661
2900,-34.1077308426231,10,7.37277440796542,258487,-1.46336221694946
2901,18.8797821016531,19,7.24574207200375,258506,10.2950172424316
2902,29.9116712819731,37,7.76841650831787,258543,-2.92160844802856
2903,20.21351167116,19,7.76800447024891,258562,10.1633405685425
2904,-35.5660795373662,13,7.45169864481814,258575,-0.637462854385376
2905,-35.3103004465562,12,7.47244034426327,258587,-1.56363582611084
2906,24.5958302015202,26,4.35479543335863,258613,8.36095809936523
2907,74.8559561368117,82,7.12667884260038,258695,10.975172996521
2908,21.3209722957978,23,9.23271577812867,258718,7.81019592285156
2909,22.2588530933472,21,12.0992138958136,258739,7.73538780212402
2910,29.7058347432923,33,11.2408786669545,258772,3.06420063972473
2911,21.7550607116226,24,14.073137479671,258796,8.9260311126709
2912,26.7901436890163,28,14.1061162050578,258824,8.56406021118164
2913,27.4065716051163,28,14.4748068409731,258852,7.30692338943481
2914,-28.2024018852045,3,12.0680950192479,258855,4.5606632232666
2915,19.5979305356294,21,11.988595669634,258876,3.71611785888672
2916,21.6501079172149,25,12.0631826647805,258901,2.47313451766968
2917,21.9282653613022,25,12.0198722096006,258926,5.78832054138184
2918,25.9924742114539,29,12.0087861366322,258955,3.06567478179932
2919,30.7277788371039,33,15.2202115841132,258988,5.3788537979126
2920,18.2103741694338,22,17.8361168347161,259010,-0.172554016113281
2921,19.6919022636554,21,17.8767228428162,259031,4.96927452087402
2922,17.8567724685232,19,17.2739779021437,259050,1.96629667282104
2923,-29.258944035012,4,14.8003551168351,259054,0.377079486846924
2924,-18.8633542367788,65,15.6354913818645,259119,-0.179415702819824
2925,50.8949117409321,102,19.9457519912389,259221,5.86602449417114
2926,77.0266314587085,137,22.5672920540983,259358,-0.562362670898438
2927,20.9474603993327,24,19.8718672672243,259382,4.93907785415649
2928,-33.4561310314771,17,17.1330121008606,259399,7.9238452911377
2929,-29.2952089019934,4,14.5553090010936,259403,-0.107627868652344
2930,28.7834530201277,34,14.5091899149353,259437,-1.13227033615112
2931,20.2697960350313,23,14.4349266811058,259460,6.43394660949707
2932,20.3077400682171,21,14.1108065000658,259481,5.36872291564941
2933,-29.2573952674963,4,11.2776081564352,259485,5.80338478088379
2934,-35.2397654406329,12,10.9257399786638,259497,-2.2890453338623
2935,-29.1798663408313,4,8.48685013484073,259501,10.1143045425415
2936,-30.3258660028102,5,5.88805143883948,259506,-0.944014549255371
2937,-36.3686863736763,12,2.97320385209056,259518,-9.22497177124023
2938,21.1035073192382,23,2.72875550747977,259541,3.38663411140442
2939,60.9414274318561,69,4.23943793721739,259610,0.674158573150635
2940,22.375556318971,28,4.44769704469425,259638,5.52606773376465
2941,18.347101795535,19,4.38045702128823,259657,-0.205325126647949
2942,17.7579439120446,19,4.3755155934643,259676,8.92368125915527
2943,21.9020823725559,22,6.9335669138427,259698,7.4658374786377
2944,23.6782406533655,26,9.06064665834991,259724,6.1308708190918
2945,19.5462737485956,20,7.49321475873308,259744,5.6110258102417
2946,19.3262329346761,22,4.60819483253146,259766,1.3920431137085
2947,53.5321870290969,59,6.23743116401968,259825,4.37362241744995
2948,53.1404599371792,101,10.5672607124525,259926,9.03844738006592
2949,19.7128265302,64,13.0176624840622,259990,12.3957643508911
2950,39.7791310602928,92,13.5674463860704,260082,8.44387626647949
2951,18.4002524539514,19,13.4739692070164,260101,7.64537382125854
2952,-29.2582606933375,4,10.9956691689387,260105,3.2254650592804
2953,-34.9254946609889,11,10.7122641992641,260116,-3.33213758468628
2954,20.364848898638,26,13.4924949162276,260142,-0.612613677978516
2955,20.3857776848821,20,15.9707771175133,260162,9.36733436584473
2956,20.0037488532533,24,18.4872578603165,260186,-3.35858201980591
2957,18.3309056589912,20,21.2222374619498,260206,-6.86383676528931
2958,20.0977957107843,22,21.1719518815271,260228,5.54843664169312
2959,46.4840907285413,56,20.4490850463614,260284,-0.975209712982178
2960,19.9119163428315,23,20.3259030475544,260307,3.93674898147583
2961,98.1700628185721,206,24.3170510987063,260513,0.884768962860107
2962,45.6637470656187,99,25.712341256385,260612,7.39416456222534
2963,20.5318745370511,23,25.6438308646097,260635,7.19836664199829
2964,21.5700808823327,24,25.5384228760581,260659,8.06948566436768
2965,18.9852440776728,23,25.510371392512,260682,7.92195606231689
2966,44.5132206280236,97,26.7697207771794,260779,0.955317497253418
2967,31.8533205281921,34,25.6857774521341,260813,9.31394386291504
2968,37.4447556611322,44,24.9009922383318,260857,6.07258415222168
2969,30.7165808122637,33,25.4511799524349,260890,8.02415657043457
2970,-23.1938086833741,58,22.3025329652516,260948,7.0893931388855
2971,23.3825605388568,28,22.5516483694969,260976,4.1164722442627
2972,28.2000738667977,29,25.4245650975036,261005,2.20462226867676
2973,19.075528753366,22,28.1246162682214,261027,-1.12270593643188
2974,20.0484193476133,25,28.1087947906701,261052,7.66039037704468
2975,20.0455488339598,22,28.091783348124,261074,5.21867036819458
2976,24.0240779867395,32,28.2927998047983,261106,3.56639266014099
2977,22.8021326308144,23,28.5163611533895,261129,5.32440137863159
2978,22.1848357198408,28,28.6207131538423,261157,9.54662132263184
2979,20.4165179919665,22,27.3173345170136,261179,7.87744522094727
2980,-35.2208524358844,12,24.5606960780778,261191,-3.21934127807617
2981,25.4230750903917,28,20.9233466916687,261219,2.90992474555969
2982,19.3666934813012,19,19.6084940124529,261238,11.2862281799316
2983,18.5250443751242,21,19.5081525043565,261259,11.4451217651367
2984,21.608476815155,27,19.5100723009976,261286,-1.09983015060425
2985,68.7658650239367,123,21.9991033483108,261409,11.5291996002197
2986,20.6712961563356,25,20.8070071247264,261434,-0.551484107971191
2987,-35.0030532865941,11,17.4641884339871,261445,-4.63258934020996
2988,23.378549251794,29,16.7608781135202,261474,-1.58445358276367
2989,20.4519682409282,23,16.2476474849534,261497,3.86367607116699
2990,41.0163625102267,50,19.4581560446335,261547,2.14295482635498
2991,17.6399573806908,20,19.1710258867252,261567,4.15258502960205
2992,21.5207129392678,29,18.8370578403487,261596,1.28775930404663
2993,18.5321745895714,19,18.809890132159,261615,9.43592834472656
2994,35.0084294562797,38,19.5578906375923,261653,5.83964204788208
2995,19.4198923918661,21,19.5266078154876,261674,6.22702503204346
2996,-36.7013806966477,13,16.4903348813182,261687,1.02916193008423
2997,17.8446499970021,23,16.2424607496276,261710,-2.8344898223877
2998,19.7675811554191,22,16.1215980214065,261732,-1.83965635299683
2999,68.5825022218453,126,18.5298972329005,261858,0.828782558441162
3000,19.0340213477523,23,21.2426409220823,261881,-1.70838594436646
3001,24.9743594473186,31,21.2202051399286,261912,-2.32563495635986
3002,21.9632227937191,25,21.3500316055495,261937,3.99368524551392
3003,48.0642177241625,104,22.8269902730014,262041,7.16478443145752
3004,18.865540649867,22,22.6898434647371,262063,6.42338752746582
3005,41.8502977616046,48,21.3440651016204,262111,5.60374546051025
3006,18.8927131707985,20,21.2551359523436,262131,4.48966360092163
3007,19.7037362992661,21,23.9904754316366,262152,4.50845861434937
3008,29.9826215106136,32,24.3206790445776,262184,8.03382682800293
3009,20.9476281156273,29,24.3454620383125,262213,6.63976097106934
3010,26.0873171262391,28,23.5990097691132,262241,4.01092958450317
3011,40.170180274423,45,24.7255209137998,262286,4.39018535614014
3012,18.8038624352384,22,24.5896783885983,262308,-0.752111911773682
3013,34.4511864590113,37,25.3856289820703,262345,8.19688034057617
3014,-35.3374374935235,12,21.8683356345801,262357,-4.88166999816895
3015,23.3582150198553,24,22.0652517659796,262381,11.1674718856812
3016,29.3345050405436,31,25.3670460528392,262412,12.2939491271973
3017,24.3144310368178,74,25.69053510483,262486,9.4417610168457
3018,19.7919866059541,22,25.6917553773567,262508,2.26783895492554
3019,21.0340281175625,25,23.3143316721426,262533,10.5236339569092
3020,114.373995593438,285,28.0813303844269,262818,2.52083921432495
3021,20.9462693045452,24,27.8799258772882,262842,5.50971984863281
3022,60.2097426347093,114,29.7922518693377,262956,3.05029630661011
3023,18.9048308822632,18,28.3342825272427,262974,8.831862449646
3024,33.9474715144798,36,29.0883790704734,263010,4.64965295791626
3025,70.4884770392544,128,30.5202880343559,263138,5.81377458572388
3026,45.716590738003,100,31.8614819127161,263238,5.74610996246338
3027,25.4073379800755,27,32.1466619967566,263265,8.88562774658203
3028,135.722471953371,305,37.4336545188944,263570,4.77342844009399
3029,19.0839496761627,19,37.3404705969212,263589,4.55827379226685
3030,-29.2409020576267,4,34.5740596377279,263593,4.58631992340088
3031,29.3081804856457,34,34.0309596482891,263627,2.14478611946106
3032,41.9537790804272,46,35.1884554805485,263673,9.35347557067871
3033,54.9090803491782,104,36.2113501750569,263777,4.03745746612549
3034,20.5775971571004,23,39.007101907588,263800,0.620083332061768
3035,20.544295230958,24,38.8664059181432,263824,11.5652313232422
3036,22.6400492312255,23,38.5316831276773,263847,11.7123508453369
3037,22.0862822893855,28,38.4202756903057,263875,1.18315935134888
3038,-35.0467714518515,12,35.6783377874154,263887,9.78833770751953
3039,-34.8278566642905,12,32.8852435483227,263899,-1.23902177810669
3040,46.6798353327454,54,29.5005355352881,263953,8.54000759124756
3041,20.057929936059,22,29.4561185668638,263975,5.41351652145386
3042,32.5717392915041,35,28.0742183997035,264010,11.028018951416
3043,36.358739125218,38,28.9469138118513,264048,12.05686378479
3044,19.2187394040822,22,28.2104772063314,264070,6.28165531158447
3045,39.9288977783955,91,26.6824982432884,264161,6.28911304473877
3046,21.335009612528,27,25.4634191870147,264188,2.98601722717285
3047,20.9353149571546,24,25.2398180358686,264212,5.7177586555481
3048,44.499081559056,49,20.6786485161529,264261,5.5335488319397
3049,18.4316176019676,19,20.6460319124431,264280,3.80111980438232
3050,20.5680876212017,23,23.1364813963845,264303,10.4543743133545
3051,31.1592401637467,32,23.2290343802896,264335,12.2435817718506
3052,20.9023738939008,23,22.1764641209633,264358,5.3371262550354
3053,-35.1541281902039,11,17.6733036939942,264369,-9.5319881439209
3054,28.9261760660409,30,18.0907326394412,264399,5.60700702667236
3055,40.5426856060045,92,19.0906521581935,264491,9.31784725189209
3056,28.1962196233759,32,19.368460677801,264523,-0.440560340881348
3057,23.3909916176974,25,19.4336961442166,264548,6.8953104019165
3058,26.3003449232678,34,22.5010519629726,264582,-2.73022747039795
3059,61.9415805750694,116,27.3395238249406,264698,4.60095977783203
3060,-29.2357178997371,4,23.5437461633164,264702,7.87317609786987
3061,-30.2360590023919,5,21.0290467163939,264707,4.03531646728516
3062,38.16551182003,45,21.3087353428202,264752,3.03151965141296
3063,20.938726907597,22,20.5377347319391,264774,9.08739852905273
3064,-36.4948550913448,13,17.7520550071678,264787,-3.13333892822266
3065,41.5892072082443,95,17.8350704786602,264882,7.33009099960327
3066,25.071410555734,28,18.0218905258205,264910,12.2907447814941
3067,59.7283851742324,111,19.9615440366744,265021,9.25308227539062
3068,18.8347426566234,18,18.6783270915528,265039,9.56768321990967
3069,18.056947935817,22,18.6595936082453,265061,3.33659791946411
3070,20.8816971976585,27,18.6752740870681,265088,3.58146238327026
3071,23.4515905779005,25,18.2898916077758,265113,7.48450183868408
3072,38.4343197779695,41,19.1664889019792,265154,9.33568000793457
3073,26.8335919623784,30,22.2658749096083,265184,7.31266975402832
3074,70.3182651265629,122,24.3354793626345,265306,6.0992488861084
3075,22.0728080479835,26,23.4119854847334,265332,6.56079149246216
3076,50.3688527042523,58,24.5206171387772,265390,5.90931272506714
3077,20.2032058256316,22,24.3612278491739,265412,6.87385177612305
3078,46.2780530082506,53,25.3601132534231,265465,8.69162750244141
3079,20.3184587512623,23,23.2789571622327,265488,4.46504735946655
3080,34.2458634962778,41,26.4530362320335,265529,-1.54142904281616
3081,19.3097996497646,19,28.9303291646413,265548,8.78755187988281
3082,-34.239632636544,13,25.3100719418126,265561,6.84218502044678
3083,-35.8083991417689,13,22.4727156393443,265574,-4.06795215606689
3084,36.5002745427641,89,26.1224721210497,265663,4.30431175231934
3085,-29.256210463571,4,22.580201237459,265667,1.8835723400116
3086,39.2148219413797,47,23.2873718067413,265714,-0.894045352935791
3087,-35.8113339346289,12,18.5103858512982,265726,-4.0197286605835
3088,17.2369337772777,23,18.4304954073309,265749,4.16177701950073
3089,31.3986711556395,35,19.097581568322,265784,5.76917600631714
3090,29.7482163852781,35,19.540907527703,265819,3.40656757354736
3091,20.1692171237848,24,19.3767888549972,265843,1.71275854110718
3092,45.1578147050005,99,19.7129636013488,265942,9.8394832611084
3093,53.5606715054292,61,21.0493175785013,266003,9.81617164611816
3094,18.984133912363,22,18.4826110177913,266025,5.26619625091553
3095,-29.2857359489594,4,15.9146838179442,266029,5.11700916290283
3096,37.0997856576727,92,15.2512304656152,266121,9.58206939697266
3097,18.7774157778899,22,15.1799409632281,266143,3.90152478218079
3098,134.480595545488,200,19.59006809009,266343,3.3996319770813
3099,-28.2183910026018,3,17.1632256023967,266346,2.67495346069336
3100,19.9421705335895,21,16.4480409542623,266367,8.80038070678711
3101,67.0881905539278,126,18.8369604994705,266493,5.91691780090332
3102,19.5096992921066,20,21.524427095903,266513,9.19799995422363
3103,-35.0300766622634,11,21.5633432198783,266524,-7.91218566894531
3104,19.5719509070009,20,20.7169270380901,266544,11.035270690918
3105,-35.2361082433762,11,20.4179321490999,266555,-6.65875339508057
3106,-29.2342902327599,4,16.9954765403929,266559,5.12533044815063
3107,20.3222146827135,23,19.80215397126,266582,10.3431272506714
3108,29.3820148532628,32,20.4094080250593,266614,4.28839778900146
3109,21.815652659398,24,19.9302571002472,266638,1.72907733917236
3110,52.8892074813278,102,21.0873066550497,266740,9.08180809020996
3111,30.3441459451811,35,21.5960530961195,266775,-1.16177272796631
3112,20.2215537236426,22,20.3492400470516,266797,11.9485340118408
3113,18.4698320469125,18,18.5946980741258,266815,9.69142532348633
3114,-33.5566834938836,11,15.9676572038135,266826,6.07396268844604
3115,19.6353348725214,21,18.4137107448875,266847,5.8285961151123
3116,17.6992177085706,20,17.4436823474324,266867,4.84034824371338
3117,27.0847251329506,29,17.8590478151854,266896,4.62994289398193
3118,61.7146174604666,121,14.2207489109344,267017,1.42676544189453
3119,21.1767209058531,27,16.6905045063571,267044,2.02687692642212
3120,64.440324278054,127,18.9154121935803,267171,0.0742263793945312
3121,19.8594371740028,21,16.5539745245841,267192,10.2389736175537
3122,-26.8617905725196,66,14.2354000313528,267258,8.89854526519775
3123,20.3700995137035,21,17.0054088401511,267279,9.74586391448975
3124,20.6565514020432,24,17.0596388649032,267303,2.56262445449829
3125,23.6962439229089,24,20.0062564732175,267327,11.7123861312866
3126,19.0997266350409,19,22.4229573166075,267346,10.2469520568848
3127,-34.6319253101625,11,19.6752503169637,267357,-1.2031192779541
3128,19.6160725499417,22,19.1869532017977,267379,10.4255142211914
3129,21.6650862878314,25,19.1794248832194,267404,5.77690649032593
3130,27.1165575363843,29,17.8907923859722,267433,9.01488304138184
3131,21.1394374517891,26,17.4305569613026,267459,6.12443923950195
3132,19.2937217006064,19,17.3841653601508,267478,6.5314621925354
3133,31.1641344664755,35,18.0188804811289,267513,4.10779476165771
3134,21.738392671957,24,20.783634289421,267537,7.55081796646118
3135,23.2544122752501,30,20.9645881595574,267567,9.437255859375
3136,39.6486083787346,95,22.0620576930656,267662,1.75976181030273
3137,23.9027066462984,23,21.902956768733,267685,13.5568370819092
3138,20.637785218438,22,19.8491151566315,267707,14.2765140533447
3139,-29.1843390790295,4,17.3310621573874,267711,10.7957286834717
3140,-29.2552950270747,4,12.646281192131,267715,6.62501096725464
3141,51.3678820817564,62,14.2217034375187,267777,-6.13231372833252
3142,59.8564427341072,118,18.55761510285,267895,2.81761026382446
3143,23.0875562650388,25,18.6934879404168,267920,9.88187599182129
3144,20.5760733012788,23,18.6894640353786,267943,6.95641469955444
3145,60.3312020650289,115,20.5212119424845,268058,9.25273513793945
3146,27.7426745553509,30,20.9533593385,268088,6.77775478363037
3147,26.4104266427481,32,24.0054769361456,268120,9.9876708984375
3148,18.9835949321798,18,23.9738530552575,268138,10.3592109680176
3149,20.1424504937321,23,23.8977212655525,268161,0.809583187103271
3150,31.3288743428341,36,24.108337105875,268197,3.25865983963013
3151,20.8535349896106,27,24.0940419827661,268224,2.41452598571777
3152,28.2207517633602,37,24.5403934859038,268261,3.77092170715332
3153,21.5582309689269,27,24.0600983110263,268288,-7.13507270812988
3154,21.5284576019671,25,24.0496015575268,268313,6.88658237457275
3155,27.5232274190679,30,24.2630423147177,268343,10.0934219360352
3156,21.4011004879017,25,23.3506669201761,268368,-3.98358774185181
3157,20.7176065348237,28,23.1914119146023,268396,5.25972461700439
3158,18.401454367888,19,23.0795953720748,268415,10.8318643569946
3159,17.5353967827449,20,25.4155821651636,268435,5.1586217880249
3160,22.1807841564637,25,27.9873861243405,268460,0.0847921371459961
3161,21.4644223771754,22,26.4922131391114,268482,10.7079334259033
3162,21.152184060263,26,24.5570002054192,268508,0.861110687255859
3163,57.0565601783414,106,26.2554504010843,268614,13.5476970672607
3164,22.3563394026949,26,26.3444637061551,268640,3.29247188568115
3165,21.0250561620912,23,24.3791564110083,268663,7.86236906051636
3166,22.2835102587636,21,24.1061981961789,268684,12.217306137085
3167,20.1144130709279,22,23.7913975175879,268706,4.71082448959351
3168,18.6331773846756,21,23.7738766402127,268727,15.1279354095459
3169,19.278500926978,22,23.730679161875,268749,0.712384223937988
3170,20.381595767434,23,23.183315233105,268772,3.87963962554932
3171,50.9538943400563,99,24.6883332006273,268871,11.3855285644531
3172,-29.2473001661916,4,21.8149306041497,268875,1.83436417579651
3173,19.3098869507135,21,21.702513403239,268896,-0.300592422485352
3174,19.4208764304571,23,21.5971343446635,268919,9.03602695465088
3175,36.7140791287712,41,22.0566769301487,268960,7.88162422180176
3176,21.1704358593359,26,22.0451436987204,268986,3.82661151885986
3177,21.9139303167515,25,22.1049598878168,269011,9.3781681060791
3178,50.4087315126913,103,23.7053237450569,269114,5.57585906982422
3179,21.1926427231102,21,23.8881860420752,269135,7.47923421859741
3180,19.934362458575,20,23.7758649571808,269155,14.2606143951416
3181,20.0199590118835,27,23.7036417889162,269182,-1.92865753173828
3182,-29.3485474888787,4,21.1786052114591,269186,-5.24147796630859
3183,21.5100720864316,20,19.4012808068636,269206,7.48968935012817
3184,19.6079929649808,20,19.2638634849779,269226,9.86748504638672
3185,19.2544273178865,20,19.1753320427677,269246,14.4158401489258
3186,21.4816074202447,26,19.1352369008417,269272,-1.46534729003906
3187,46.6810023661641,54,20.4635663656035,269326,5.98447895050049
3188,20.8245404302595,22,20.5731345178827,269348,7.36253833770752
3189,21.995094891149,25,20.7089642160913,269373,8.26629447937012
3190,28.0067692571925,31,21.0902228905792,269404,7.79625415802002
3191,20.7845501682105,24,19.5817556819869,269428,11.5952205657959
3192,18.9957373181131,21,21.9939075562021,269449,9.89182186126709
3193,19.3455533513299,24,21.995690876233,269473,4.7302713394165
3194,33.2256040289139,40,22.6859272561558,269513,2.02448749542236
3195,24.1626635400613,31,22.0583564767203,269544,3.94215106964111
3196,21.1946383411115,26,22.0595666008091,269570,12.3434495925903
3197,-33.0857162788269,16,19.3095842710302,269586,8.57913780212402
3198,21.8758610160113,22,17.8829407461962,269608,8.94013977050781
3199,34.2215019278389,41,18.5343837064326,269649,5.94386577606201
3200,20.0862062015269,21,18.5419758935802,269670,14.7247161865234
3201,-28.2424723375512,3,16.1288543261085,269673,-5.09547233581543
3202,-29.2625556747529,4,16.1331539168148,269677,8.31687164306641
3203,20.3246320128902,25,16.0738819131377,269702,5.69450569152832
3204,27.9525645097593,29,16.4911104903766,269731,13.4957418441772
3205,35.9732105888344,82,17.327049653924,269813,10.8610687255859
3206,-37.2040068669858,14,14.3927689395625,269827,2.84993624687195
3207,-29.3166155547631,4,10.5928880435161,269831,1.42690563201904
3208,-29.2358577498217,4,8.08986813451206,269835,12.5796356201172
3209,-28.2171761179123,3,5.579254584059,269838,3.5051064491272
3210,31.3994802111154,36,5.74889013175514,269874,7.47981691360474
3211,31.0821636745028,33,6.26377080706976,269907,1.33405184745789
3212,21.6229772575038,24,6.39513280403929,269931,-0.513126850128174
3213,18.1889133905101,22,6.3373008059983,269953,1.44975757598877
3214,22.5893073544076,25,5.80548597227299,269978,6.00751447677612
3215,37.7730809629697,39,6.48600684341841,270017,8.78168487548828
3216,25.2323458570579,24,6.68789221921573,270041,15.954626083374
3217,-34.6906632720474,12,6.6076448695547,270053,2.67914175987244
3218,12.2757717867581,147,6.12764040809204,270200,3.1541850566864
3219,136.177775481661,248,11.2254540857832,270448,9.60217571258545
3220,79.9342125196544,134,14.2178544016895,270582,11.0525999069214
3221,23.7789599840017,22,16.8189260177672,270604,15.3063583374023
3222,-33.0899106821568,17,16.627558267397,270621,11.4004135131836
3223,19.119364950722,19,16.5672949142886,270640,6.15775489807129
3224,35.0323537251414,40,16.9212843750577,270680,9.92864418029785
3225,21.7529751820916,25,16.2102726047205,270705,7.33609771728516
3226,-29.2287938359794,4,16.6090332562709,270709,9.08194923400879
3227,20.7856406525107,22,19.1141460666345,270731,7.69659328460693
3228,83.2901845218025,182,24.7404481802158,270913,6.2286491394043
3229,19.3419282354894,20,27.1184033978858,270933,12.7068042755127
3230,21.5367492658324,23,26.6252668506217,270956,9.83180999755859
3231,19.0556659430406,20,26.0239419640486,270976,9.04572010040283
3232,22.2253850839123,26,26.054062355369,271002,10.3594970703125
3233,-35.8636402526872,12,23.3514346732091,271014,8.83955764770508
3234,-35.4566821911667,13,20.4491351959304,271027,4.87791156768799
3235,20.137159341107,25,19.5673391148373,271052,10.8798847198486
3236,56.8338156161927,109,21.147412602794,271161,10.8002452850342
3237,49.6111411959893,54,25.3625028261959,271215,11.3400793075562
3238,21.3692523315354,25,25.8171768534347,271240,6.59605741500854
3239,58.2496692907127,64,21.9207715438873,271304,11.6474170684814
3240,-29.2370784309337,4,16.4622069963579,271308,11.2375373840332
3241,23.5057871497235,26,16.448548354644,271334,5.95600318908691
3242,-32.9974323459426,18,16.4531722714547,271352,5.28535938262939
3243,18.6863991636363,19,16.4315239821004,271371,11.502347946167
3244,-29.2369067124207,4,13.2180609602223,271375,-0.373234748840332
3245,22.0898587788006,27,13.2349051400578,271402,6.99235582351685
3246,24.2961328535333,23,15.9111514745334,271425,13.6796770095825
3247,20.0641352547124,21,15.8750762046435,271446,12.4725017547607
3248,19.7882472822401,21,12.6999793426653,271467,8.16456317901611
3249,22.4856311980785,24,12.8571644907948,271491,8.17314529418945
3250,23.8676249939954,25,12.973708277203,271516,15.8605690002441
3251,129.696371357366,230,18.5057435479192,271746,8.68751621246338
3252,-29.2738225821684,4,15.9307831646152,271750,6.2691125869751
3253,19.4490990309991,20,18.6964201287995,271770,9.65331268310547
3254,19.5147160796489,20,21.4449900423403,271790,6.64216041564941
3255,25.2738653636233,29,21.7018253434661,271819,0.159976482391357
3256,25.4715052533597,30,20.1337098253244,271849,6.64479970932007
3257,19.517745427317,22,18.6290400368908,271871,8.31945705413818
3258,24.4928963566062,26,18.7852222381444,271897,16.8449573516846
3259,-33.216798964898,17,14.2118988253638,271914,13.7177352905273
3260,78.7900006582892,180,19.613252779825,272094,9.48374366760254
3261,23.0048720468079,25,19.5882070246792,272119,7.47761917114258
3262,23.0666218919616,26,22.3914097365744,272145,2.47996854782104
3263,20.228666410142,26,22.4685230988997,272171,2.6915922164917
3264,18.0900670582159,21,24.8348717874315,272192,14.3041229248047
3265,21.3213516755913,23,24.796446432271,272215,8.50162982940674
3266,-28.2077202043641,3,22.1712537793762,272218,8.97335433959961
3267,20.4654526500249,24,22.1913196491418,272242,1.34729433059692
3268,28.3228617673282,33,22.6180503733962,272275,6.19419527053833
3269,27.0525777905004,29,22.8463977030173,272304,14.103141784668
3270,19.924596886589,21,22.649246297647,272325,11.8314418792725
3271,-32.2807394874461,17,14.5503907554064,272342,15.3178157806396
3272,28.6623394918799,31,17.4471988591088,272373,10.2316036224365
3273,22.4326962709778,25,17.5963787211077,272398,11.0865364074707
3274,21.1429997600408,24,17.6777929051273,272422,9.12670135498047
3275,23.054338627462,28,17.5668165683193,272450,1.04169702529907
3276,19.4178162692081,19,17.2641321191117,272469,11.6949310302734
3277,21.5605893554255,24,17.3662743155171,272493,11.9593639373779
3278,24.7633585223029,27,17.3797974238019,272520,14.7757024765015
3279,18.8629240716373,19,19.9837835756287,272539,14.8370666503906
3280,21.4400451344066,23,17.1162857994346,272562,9.84330940246582
3281,23.0889424647349,30,17.1204893203309,272592,-4.57981157302856
3282,-29.2704268912762,4,14.503636881169,272596,8.90315914154053
3283,19.3742551322947,21,14.4609163172767,272617,10.0929641723633
3284,92.2954598993363,245,18.1711859593327,272862,5.54156398773193
3285,21.4264699994386,28,18.1764418755251,272890,7.09545564651489
3286,24.9691258750258,29,20.8352841794946,272919,6.86543560028076
3287,20.5523566008929,25,20.839629377038,272944,0.117459297180176
3288,43.1677283917348,95,21.5818727082583,273039,9.29232311248779
3289,-30.4386029162971,5,18.7073136729184,273044,-6.48476696014404
3290,21.142596632145,25,18.7682136601962,273069,1.49917078018188
3291,33.132692277285,37,22.0388852484328,273106,4.05307912826538
3292,-29.2794123612648,4,19.1417976557756,273110,2.52733039855957
3293,20.7378004076206,25,19.0570528626077,273135,2.78432321548462
3294,82.3018542922884,187,22.1149955892201,273322,14.1671905517578
3295,19.6875931137509,28,21.9466583135345,273350,-2.33787107467651
3296,23.7459958891553,27,22.1630672945319,273377,11.3042364120483
3297,17.3560051168683,20,21.952838082604,273397,6.9200963973999
3298,25.2525808622184,30,21.9772991995998,273427,0.519095897674561
3299,24.8637439551216,27,22.277340193774,273454,12.195463180542
3300,42.6460048365303,47,23.3376381788802,273501,11.9187917709351
3301,-35.3763890924006,12,20.4143716010234,273513,12.2005615234375
3302,63.5796618023862,115,25.0568760357065,273628,15.8279666900635
3303,43.9736566725064,56,26.2868461127171,273684,2.07574796676636
3304,21.6168440064503,26,22.7529153180728,273710,5.58056354522705
3305,20.4020162073387,24,22.7016926284678,273734,10.9494876861572
3306,21.3000182068479,24,22.5182372450589,273758,9.03203773498535
3307,51.3076911550146,59,24.056003972765,273817,4.02240037918091
3308,19.7838842878503,22,22.8868117675708,273839,5.00802850723267
3309,22.6424665019153,23,25.5408652384814,273862,15.6706657409668
3310,125.299307795642,313,30.7487007966563,274175,15.5946941375732
3311,153.755817657541,376,36.7798570656691,274551,2.48149728775024
3312,-26.896768062057,63,36.8989892806295,274614,-0.946773529052734
3313,-29.2585013186113,4,34.3991741943179,274618,11.1719589233398
3314,20.6733157900228,23,31.3177472692046,274641,12.1755084991455
3315,21.2837376076178,25,31.3975544938979,274666,14.5588779449463
3316,24.9080496883892,27,31.4556571838596,274693,5.74449825286865
3317,19.153466784624,19,31.5455302672474,274712,5.86859703063965
3318,104.904659792015,212,35.5281342137373,274924,-3.87715339660645
3319,32.9126697580967,39,35.930580503886,274963,-2.54975271224976
3320,152.072019786914,500,41.4018812514052,275463,8.60774803161621
3321,20.9843937643224,23,44.2199203942414,275486,12.028507232666
3322,22.2771338729088,22,42.1547939977675,275508,18.5863723754883
3323,28.7209336953043,33,41.3921578489074,275541,6.97710704803467
3324,22.2306434310849,28,41.4228478201391,275569,2.29509925842285
3325,35.8196452807247,83,42.1937292738084,275652,15.1298370361328
3326,19.0747409638704,24,42.0824654116596,275676,9.0982666015625
3327,37.6247698032154,95,41.3983193440696,275771,2.16535472869873
3328,21.2963810576027,23,41.4739441825572,275794,7.29980707168579
3329,125.630205067275,500,46.6233311108252,276294,7.44172716140747
3330,-35.8893695793023,12,38.563897242078,276306,-5.67599391937256
3331,31.1420498086044,34,32.4332088496311,276340,9.48622226715088
3332,21.240943185767,22,34.8400944120224,276362,16.769100189209
3333,20.241428246275,26,37.3150908902667,276388,-2.28776741027832
3334,30.024626294661,33,37.7826564154986,276421,15.3085994720459
3335,20.5039153259944,20,37.7436653014174,276441,9.42438507080078
3336,34.6648974561011,42,38.231507689803,276483,5.38297367095947
3337,-34.7794857889118,11,35.5348600611262,276494,2.84001874923706
3338,18.1040819644193,21,31.1948311697464,276515,8.12961769104004
3339,-29.2850489387633,4,28.0849452349034,276519,7.00314712524414
3340,48.0535607487309,52,22.8840222829942,276571,15.0666007995605
3341,21.5491723372431,20,22.9122612116403,276591,17.7192058563232
3342,-36.3176428921829,14,19.9825223733857,276605,0.403602123260498
3343,19.9219655657807,20,19.5425739669095,276625,13.0230932235718
3344,28.99768160976,31,19.8809258758433,276656,15.4861965179443
3345,-22.4282771665583,69,16.9685297534791,276725,1.06107068061829
3346,-35.3883703749732,12,14.2453741865369,276737,-0.638778686523438
3347,30.666335732766,36,13.8974524830145,276773,4.05267429351807
3348,20.0710566261981,19,13.8361862614442,276792,17.6889057159424
3349,22.7849090812502,27,8.69392146214298,276819,6.33211517333984
3350,21.6331301875707,22,11.5700464504866,276841,17.6202392578125
3351,-32.259006802015,16,8.39999361995566,276857,13.1261653900146
3352,18.208598937915,20,8.24837640756306,276877,16.2017459869385
3353,24.7552686161165,25,8.47406842605513,276902,15.094141960144
3354,-34.4827969499394,12,5.24869726382511,276914,10.6659440994263
3355,23.0221870228793,26,5.37461084866936,276940,5.26257181167603
3356,20.2147057164377,25,4.65210126168618,276965,6.8733286857605
3357,18.7528782283903,19,7.32871946255129,276984,14.3628406524658
3358,45.3706758593192,51,8.69204915729629,277035,2.75561189651489
3359,-52.9257294536473,45,7.51001513155209,277080,9.48257446289062
3360,19.6634917824784,27,6.09051168323946,277107,15.2411518096924
3361,19.8811908525774,23,6.00711260900618,277130,9.81469345092773
3362,31.5229068707248,82,9.39914009715156,277212,10.3087253570557
3363,21.5129969143482,25,9.47869166457994,277237,6.57586145401001
3364,20.6884912313942,27,9.06323214566165,277264,8.73889541625977
3365,19.3966113244426,20,11.1544765702117,277284,11.8924770355225
3366,28.1125719566804,30,14.3295236867944,277314,12.6156253814697
3367,30.8354045999256,76,14.3379771301524,277390,15.825008392334
3368,-28.2449715369181,3,11.9221757219965,277393,-0.629414558410645
3369,21.3755233649154,24,11.8517064361798,277417,8.90493011474609
3370,-29.2789303382453,4,9.30610340988901,277421,6.30085420608521
3371,21.4086479067184,25,11.9894861453257,277446,4.79634618759155
3372,20.4560360710339,25,12.1018580019816,277471,1.34655117988586
3373,173.561241886627,500,19.5421566655071,277971,9.09255218505859
3374,59.6134177107549,112,24.2469673985418,278083,2.09745931625366
3375,22.4414897749049,25,24.2179325361431,278108,13.861213684082
3376,21.296050917878,24,24.2719997962151,278132,5.40922117233276
3377,29.3328258715067,39,24.800997178371,278171,16.3081722259521
3378,19.927052054597,22,23.5288159881348,278193,11.9886436462402
3379,31.611053695326,38,27.7556551455835,278231,-2.92712640762329
3380,-29.2825330430345,4,25.3083539043079,278235,7.21688985824585
3381,19.9928847312218,21,25.3139385982401,278256,12.2622509002686
3382,167.421610368255,500,32.1088737731166,278756,3.15081977844238
3383,19.7734560028534,28,32.0218967275419,278784,5.74197959899902
3384,80.8227424758175,177,35.028609289763,278961,10.7045631408691
3385,23.2275055892509,28,35.2201540030034,278989,5.50026798248291
3386,49.050404079271,55,36.267045609133,279044,13.1615886688232
3387,19.0704709284791,19,35.6787989255606,279063,15.5581569671631
3388,27.0142253132891,33,38.441758768071,279096,7.8777494430542
3389,-30.2676835088776,5,35.8595984243814,279101,8.93815994262695
3390,26.4041827271108,33,38.6437540776492,279134,5.02931308746338
3391,-28.2173212656022,3,36.1624556190331,279137,7.54806518554688
3392,20.4032974661394,23,36.1598186887884,279160,15.1963214874268
3393,28.6665000980071,30,28.9150815993574,279190,15.5262184143066
3394,19.9310556711017,22,26.9309634973748,279212,10.1899662017822
3395,20.1924959944078,26,26.8185138083499,279238,5.6395902633667
3396,-34.7335864961194,13,24.01703193765,279251,11.2304458618164
3397,20.4524771709331,21,23.5730145026214,279272,14.5805788040161
3398,63.2856462144428,121,25.7409442106137,279393,5.73400020599365
3399,20.9334383865285,25,25.2070634451738,279418,7.36543321609497
3400,67.7963104433773,120,30.0610056194944,279538,13.4964447021484
3401,77.4842198056436,141,32.9355723732155,279679,3.92455339431763
3402,21.9164648120591,29,25.6603150954056,279708,6.65458059310913
3403,36.849438935905,41,26.5141142420582,279749,12.3155002593994
3404,-29.2223373170901,4,21.0118602524128,279753,14.4890079498291
3405,63.5659395138825,115,23.0287819486444,279868,14.6358709335327
3406,-29.2661332912151,4,19.1129550801201,279872,3.06932973861694
3407,19.5812884711287,19,19.1384959572526,279891,17.315034866333
3408,18.8681550157499,25,18.7311924423757,279916,3.99054265022278
3409,-30.3383371637435,5,18.7276597596324,279921,2.54472303390503
3410,21.2089103389425,24,18.4678961402239,279945,9.30407238006592
3411,122.267508120457,276,25.9921376095269,280221,12.5273571014404
3412,-34.7224552028154,10,23.2358499760792,280231,-3.38987112045288
3413,26.5747720575117,30,23.1312635740544,280261,9.01308727264404
3414,25.0226631409565,29,23.3858439475471,280290,1.65069341659546
3415,19.4946420467301,20,23.3509512501633,280310,10.3593635559082
3416,21.8809452179743,21,26.1816778358679,280331,13.0192737579346
3417,60.4137773564626,111,28.1797428451444,280442,12.264575958252
3418,21.0494786263579,26,26.0679344657402,280468,4.11808252334595
3419,-34.8115142958466,12,23.2806868316214,280480,4.09935235977173
3420,20.2656202397236,27,20.9041523214387,280507,9.56193733215332
3421,34.3593991899761,35,18.7479112906554,280542,16.9995307922363
3422,24.276894014518,32,18.8659327507783,280574,1.82637071609497
3423,29.1734889251794,35,18.482135250242,280609,17.8664474487305
3424,20.7835870634908,25,20.9824314692711,280634,9.7538480758667
3425,19.8550762049016,22,18.796888303822,280656,7.34758758544922
3426,38.7564379292818,43,22.1980168648469,280699,11.9548606872559
3427,21.8039286550492,21,22.3091488740429,280720,18.232593536377
3428,23.4038241094362,23,22.5359323287272,280743,18.8213005065918
3429,42.5239104724446,49,26.1790447105366,280792,11.6331615447998
3430,55.1721113243232,112,27.8772047598056,280904,8.46561717987061
3431,-29.2464739415404,4,20.3015056567058,280908,5.35134267807007
3432,21.7368226846512,26,23.1244695510791,280934,3.91176319122314
3433,19.5148371416998,20,22.7714728052885,280954,13.9415664672852
3434,-34.6457430433433,10,19.7880524960735,280964,-2.18521642684937
3435,19.3425739533955,20,19.7804490914068,280984,14.3441677093506
3436,-35.1280369664677,11,16.9299999821847,280995,-2.02098178863525
3437,20.4304578651058,24,14.9308340076168,281019,6.5857367515564
3438,31.3600444303008,38,15.446362297814,281057,9.42716598510742
3439,46.0351926788491,51,19.4886976465488,281108,5.63466119766235
3440,-36.8516592618185,14,16.6328336714717,281122,0.229791164398193
3441,33.065975893436,36,16.5681625066447,281158,8.76615715026855
3442,23.7333960125028,28,16.5409876065439,281186,13.2234020233154
3443,20.6762138042229,25,16.1161238504961,281211,4.15692615509033
3444,21.1917002796554,26,16.1365295113043,281237,-1.93508195877075
3445,-35.0112279352416,11,13.3932143042971,281248,5.48364543914795
3446,43.9090243184204,51,13.6508436237541,281299,12.2038679122925
3447,18.9612725346319,22,13.5087108177332,281321,8.38400268554688
3448,44.1172736217169,97,14.5443832933472,281418,-1.86246156692505
3449,21.6714881349437,26,13.5017621764722,281444,8.67371940612793
3450,143.305529762302,359,17.9084330983711,281803,4.85147905349731
3451,27.3622715717945,29,20.7388703740379,281832,9.31044006347656
3452,-29.225456897384,4,18.1907563949361,281836,15.2265663146973
3453,22.6372083934118,28,18.3468749575217,281864,6.30547046661377
3454,22.6594009612995,25,21.2121321577539,281889,10.5271339416504
3455,19.6219848843911,18,21.2261027043036,281907,16.3484859466553
3456,32.2304151212938,36,24.5940253086917,281943,8.53377819061279
3457,47.7671222241901,142,25.9608585266459,282085,15.6544799804688
3458,60.3805179765257,69,27.4118822039572,282154,9.45409965515137
3459,32.43754865244,40,26.7320000026367,282194,8.63867950439453
3460,19.3385331970452,21,29.5415096255799,282215,15.4366149902344
3461,43.1673922698765,49,30.0465804444019,282264,12.944185256958
3462,34.2254376920823,36,30.5711825283809,282300,17.7963333129883
3463,34.9882610106187,38,31.2867848887007,282338,13.3635339736938
3464,26.1511773471109,29,31.5347587420735,282367,13.6570997238159
3465,24.7291657910654,30,34.5217784283888,282397,8.76937484741211
3466,40.051806781482,48,34.3289175515419,282445,0.759176731109619
3467,-29.1976147245399,4,31.9209731885833,282449,16.7255401611328
3468,21.3873685603861,25,30.7844779355168,282474,1.04231762886047
3469,20.1282200240865,22,30.7073145299739,282496,-1.57073593139648
3470,18.7854311092025,20,24.4813095973189,282516,16.0167865753174
3471,22.5466707371086,25,24.2405295555846,282541,12.1622352600098
3472,34.4792174134183,142,27.4257632711248,282683,7.7930588722229
3473,21.9498630661023,26,27.3913960047593,282709,2.40890121459961
3474,97.9304228136498,208,31.1549470973768,282917,14.3060398101807
3475,18.7022758716764,20,31.1089616467411,282937,8.78964042663574
3476,22.0506902168217,25,30.5999754015175,282962,10.741795539856
3477,52.7653461088077,112,30.8498865957483,283074,-1.37082672119141
3478,20.3500277057493,21,28.8483620822095,283095,6.83483934402466
3479,-33.5358961492924,17,25.5496898421229,283112,12.2969665527344
3480,18.7607891502739,23,25.5208026397843,283135,10.5112190246582
3481,-34.8258771626476,12,21.6211391681581,283147,10.2461500167847
3482,21.0871352735803,26,20.964224047233,283173,4.84307336807251
3483,20.2170249531031,21,20.2256622443572,283194,8.80014419555664
3484,20.2244914685499,23,19.9293279504292,283217,5.33853387832642
3485,-35.9014356198005,14,16.8977978798859,283231,-2.76654434204102
3486,34.921683492179,38,16.6412917154207,283269,16.8453979492188
3487,20.2525049879021,23,19.1137977010428,283292,4.73266077041626
3488,134.575704122689,295,24.773214479158,283587,4.7628493309021
3489,19.553811074132,21,24.7444940316603,283608,11.912841796875
3490,44.7041430582992,97,26.0404296291151,283705,11.7975101470947
3491,100.285600768221,201,29.9273761306707,283906,13.8754405975342
3492,23.2836966871332,28,29.3676000943565,283934,6.17260122299194
3493,22.673703290366,28,29.4037921055697,283962,3.21993446350098
3494,22.0751065237597,22,25.6110262910751,283984,14.7289218902588
3495,28.3607789400534,30,26.093951444494,284014,17.6321678161621
3496,-29.2489524437232,4,23.5289693114667,284018,9.88022041320801
3497,23.5712451116258,27,22.0692642616077,284045,10.1473979949951
3498,17.5140701887887,24,21.9274663857596,284069,9.57136058807373
3499,18.7715592841525,18,24.5428391574319,284087,16.4771060943604
3500,54.7322192955233,107,26.3414106646943,284194,15.4345169067383
3501,36.6254260314968,41,29.9139758244016,284235,7.26657772064209
3502,18.926530561426,19,29.8059455887938,284254,11.819769859314
3503,22.2293985175997,27,29.9065642670187,284281,16.9819526672363
3504,30.6603470021275,34,30.4283570436976,284315,16.3010864257812
3505,23.4330877673305,26,33.3950832130541,284341,16.38014793396
3506,42.9748043624503,49,33.7977392565677,284390,6.32353353500366
3507,20.5883562876535,25,33.8145318215552,284415,3.6705470085144
3508,28.0921626657279,30,28.4903547487072,284445,15.3177852630615
3509,20.3061539319815,27,28.5279718915997,284472,5.21769905090332
3510,63.1626814566275,119,29.4508988115161,284591,7.46164798736572
3511,26.9579676965845,28,25.7845171579342,284619,10.3042697906494
3512,20.8037888645211,22,25.6605217668036,284641,9.03289794921875
3513,-30.251128103167,5,23.014280197127,284646,12.2261066436768
3514,29.237541895552,34,23.3724019657166,284680,12.7182741165161
3515,42.2106507541222,50,24.06489555642,284730,6.21608352661133
3516,-29.237057156093,4,24.0654903208016,284734,13.9183301925659
3517,46.5569053725374,98,25.2147733338471,284832,8.28775596618652
3518,-29.1929700698199,4,22.8794213209167,284836,13.476598739624
3519,22.0214522534979,30,23.041915969384,284866,0.244864463806152
3520,20.5174265790096,24,21.3311763335583,284890,2.36446046829224
3521,30.481985609463,32,21.0240043124566,284922,14.8472003936768
3522,49.0273262664609,56,22.5290440977084,284978,3.45992469787598
3523,26.8044341161775,30,22.7577958776372,285008,15.981183052063
3524,-30.2560907340739,5,19.7119739908272,285013,12.9250288009644
3525,-32.8530562632213,17,16.8976667892996,285030,16.6039066314697
3526,66.5420750768877,78,18.0760303250215,285108,10.5128479003906
3527,23.6381307918066,30,18.2285190502291,285138,7.41784524917603
3528,27.6055897976318,34,18.2041904068243,285172,3.5564546585083
3529,21.0581557510677,23,18.2417904977786,285195,13.6517181396484
3530,33.9021651623485,86,16.7787646830647,285281,9.56655502319336
3531,21.391225783545,26,16.5004275874127,285307,10.6068820953369
3532,65.0486599203119,161,18.7126711402022,285468,13.8274440765381
3533,-30.3903015774249,5,18.7057124664893,285473,1.27941703796387
3534,94.8265360607454,197,21.985162174749,285670,16.9096488952637
3535,20.6164733609521,24,20.9054533050905,285694,6.47702789306641
3536,41.6257274331925,47,24.4485925345548,285741,6.98942613601685
3537,23.6196482296153,30,23.3017296774087,285771,4.17919683456421
3538,24.0061256162514,27,25.9616844617123,285798,4.18650245666504
3539,19.5583056781615,22,25.8385271329454,285820,9.25380802154541
3540,66.2354406435856,76,28.1244278361742,285896,16.1200103759766
3541,21.5731277305408,24,27.6789849422281,285920,15.5414752960205
3542,19.9068032176739,28,26.2229587897887,285948,8.00975799560547
3543,20.7262546947496,22,25.9190498187174,285970,12.1966104507446
3544,45.5773857242012,54,29.7107236416311,286024,11.7783031463623
3545,40.1332920584181,45,33.3600410577131,286069,9.07353401184082
3546,-35.784249135506,13,28.2437248470934,286082,3.8163526058197
3547,45.0634169832891,48,29.3149891566675,286130,18.2755661010742
3548,21.9467395349705,21,29.0320466435345,286151,11.4045581817627
3549,26.6810764713286,28,29.3131926795475,286179,14.4912185668945
3550,43.6637381963425,49,29.8012713312472,286228,8.17071533203125
3551,29.9298399394324,41,30.2282020390416,286269,0.160819530487061
3552,19.7780782722779,20,27.9646729566399,286289,7.65863513946533
3553,23.1552964447907,27,30.6419528577507,286316,5.83768606185913
3554,18.1836862515342,20,26.8098103672901,286336,6.46157836914062
3555,43.1572364293117,54,27.9368485207081,286390,3.68478393554688
3556,20.2885510919193,24,26.8699897036444,286414,4.84215450286865
3557,23.0204136656305,26,26.8400279754452,286440,12.1621341705322
3558,55.8836863805965,113,28.4339060136624,286553,9.26642608642578
3559,19.0999179526653,21,28.4109866273876,286574,10.7744731903076
3560,83.9024703397231,144,29.2943381121945,286718,18.1717472076416
3561,23.7809759661925,28,29.4047305239771,286746,2.43981528282166
3562,18.8679930481359,18,29.3527900155002,286764,14.6819801330566
3563,20.1312811822901,24,29.3230413398772,286788,7.32018852233887
3564,23.7379654982708,29,28.2310703285807,286817,8.45370292663574
3565,25.3784829547032,30,27.4933298733949,286847,11.7412719726562
3566,20.7799087040209,23,30.3215377653713,286870,11.0312614440918
3567,-35.4784482720325,11,26.2944445026052,286881,-0.482695579528809
3568,28.7744631661687,34,26.6358306841651,286915,7.18054103851318
3569,21.2287456502069,24,26.363214143109,286939,12.1644077301025
3570,-35.6821696787304,12,22.3959187493554,286951,7.54292011260986
3571,30.9491368440848,33,22.446883594588,286984,13.948278427124
3572,19.0224109896052,22,22.4091002304544,287006,10.4004764556885
3573,19.085177097922,19,22.2055942631109,287025,15.1268367767334
3574,68.743117249992,169,24.7335658130338,287194,13.9018363952637
3575,20.9677357505725,26,23.6240907790969,287220,8.14229202270508
3576,34.9554289453251,39,24.3574346717672,287259,13.2578430175781
3577,-29.2935022981793,4,21.7417388735767,287263,3.96620178222656
3578,28.5787932795742,32,20.3764942185256,287295,10.9528198242188
3579,65.6859370218584,121,22.7057951719852,287416,17.4512672424316
3580,24.6818733447913,30,19.7447653222386,287446,11.1564464569092
3581,-34.9629973811248,11,16.8075666548728,287457,-5.1164402961731
3582,36.2771568512672,42,17.6780248450293,287499,5.89591550827026
3583,20.3347413335819,22,17.6881978525939,287521,17.306812286377
3584,25.352425459573,30,17.768920850659,287551,6.55234527587891
3585,20.9363657256649,23,17.5468149892071,287574,11.7086181640625
3586,37.3088779971916,40,18.3732634538656,287614,14.671350479126
3587,25.4454499371714,26,21.4194583643258,287640,13.2709980010986
3588,164.425328758619,429,28.2020016439483,288069,10.3998279571533
3589,51.4177849763044,107,29.7114536102532,288176,17.1497650146484
3590,84.5095306398953,140,35.7210386261845,288316,12.285888671875
3591,-28.2170511127503,3,32.7627292283427,288319,8.12832641601562
3592,-29.2769576664882,4,30.3477607955381,288323,9.26805877685547
3593,-35.2902780035996,11,27.628988040462,288334,5.37078094482422
3594,40.5151702127742,46,26.2175906886011,288380,12.7443876266479
3595,20.9471132770097,22,26.216559564923,288402,19.3044548034668
3596,56.3012215884529,67,27.2838491970793,288469,6.3141131401062
3597,23.0874297282736,27,29.902895798402,288496,14.4877223968506
3598,58.8163979273582,111,31.4147760307912,288607,8.35907554626465
3599,19.6846383908821,24,29.1147110992424,288631,7.49448204040527
3600,103.776171637314,204,33.0694260138685,288835,11.9973278045654
3601,30.590297558912,39,36.3470907608704,288874,2.51927947998047
3602,30.4321094913125,32,36.0548383928726,288906,14.708701133728
3603,22.9606555855196,28,36.1861341054695,288934,7.2985668182373
3604,-34.9686799290793,11,33.1700788360369,288945,-5.37614297866821
3605,20.4173692466743,23,33.1441290120874,288968,11.4384412765503
3606,81.466793589455,190,35.3520247917005,289158,13.8812808990479
3607,20.79902825918,22,35.119703707801,289180,14.1478462219238
3608,24.3481625835643,29,28.1158453990483,289209,1.19136524200439
3609,58.0087758203251,112,28.4453949412493,289321,6.55377244949341
3610,21.4186220005149,25,25.2908495092803,289346,11.1721878051758
3611,21.7837291714805,23,27.7908885234918,289369,9.17127418518066
3612,31.5536956878978,36,30.8324211912111,289405,11.4127130508423
3613,-34.9955620968862,11,30.8471569865468,289416,2.70851898193359
3614,-35.6961816861127,12,27.0365893916024,289428,-3.474365234375
3615,25.5715879123132,27,27.2678131233676,289455,16.6708202362061
3616,29.8966605795085,34,25.9475850729204,289489,12.6533641815186
3617,27.3194605540995,29,26.1591866142117,289518,19.1734008789062
3618,50.8400966277511,104,25.7603715492313,289622,18.9333152770996
3619,35.2249727549595,38,26.5373882674352,289660,16.3322010040283
3620,65.0018373183487,121,24.5986715514869,289781,9.53102874755859
3621,27.9609340107663,32,24.4672033740796,289813,8.83271598815918
3622,99.2477808701259,164,27.9079869430203,289977,7.17108058929443
3623,23.8273669535939,30,27.951322511424,290007,10.2408123016357
3624,20.7479855595789,25,30.7371557858569,290032,7.34245157241821
3625,46.844729618853,52,32.0585238044659,290084,13.1296644210815
3626,-29.2241724326953,4,26.5239755033584,290088,12.6551513671875
3627,29.3852683638496,30,26.9532875085918,290118,17.4159259796143
3628,32.6935578430015,34,27.3705572715637,290152,12.9412574768066
3629,88.0522811108343,236,28.8727325360891,290388,2.34759855270386
3630,47.7964540495275,56,30.1916241385398,290444,16.7291259765625
3631,-36.0209593085023,12,27.3013897145406,290456,-3.33195447921753
3632,21.5333684049792,29,26.8003733503947,290485,6.06743288040161
3633,-34.7131155270398,11,26.814495678887,290496,3.93369507789612
3634,33.6323288989938,40,30.2809212081423,290536,16.3854293823242
3635,33.9049682193331,42,30.6975902234933,290578,9.3239917755127
3636,24.4118614867614,29,30.423350268856,290607,12.3297691345215
3637,29.2983338455695,32,30.5222939334295,290639,14.8642444610596
3638,21.5988169171611,23,29.0602299479,290662,14.733211517334
3639,28.5953053623041,32,28.7287465782672,290694,9.9879789352417
3640,116.859190192554,226,31.3216142219775,290920,10.8053359985352
3641,53.518476303938,106,32.5994913366361,291026,7.59607887268066
3642,23.0809562195922,29,28.7911501041094,291055,-2.07097768783569
3643,21.2509238566841,28,28.6623279492639,291083,5.98031663894653
3644,80.842149535895,136,31.6670361480797,291219,6.84339094161987
3645,-35.2011025838323,12,27.5647445379454,291231,3.29021382331848
3646,29.7237398812728,32,30.5121401536438,291263,18.1188011169434
3647,22.6591352834061,24,30.1758334996217,291287,13.515079498291
3648,18.9140058462853,20,29.4868558997859,291307,7.01365756988525
3649,67.2555520067036,81,28.4470194445793,291388,12.5406322479248
3650,27.1796196305209,32,27.416177723629,291420,13.9037399291992
3651,-35.4056121375332,12,27.4469450821774,291432,4.42293119430542
3652,32.978395632498,37,28.0191964435534,291469,12.0376491546631
3653,23.6726307165801,29,30.9384837557344,291498,12.43874168396
3654,21.6551479577357,27,30.3396247086715,291525,8.44037342071533
3655,37.618940655255,89,30.5253233304676,291614,12.9406757354736
3656,47.316637918454,53,31.6705621520522,291667,9.05624771118164
3657,19.7050064994666,22,31.1908957847471,291689,13.4749526977539
3658,66.6997627741149,76,33.4459430775947,291765,18.2885780334473
3659,28.3173524993984,29,33.4320454344495,291794,14.3444538116455
3660,-2.49617135110197,92,27.4642773572667,291886,1.63501453399658
3661,22.2097015150211,26,25.8988386178208,291912,5.09171390533447
3662,38.6906873591025,47,26.6793251747963,291959,8.80390453338623
3663,19.2978274142147,20,26.5816703526729,291979,10.0886268615723
3664,23.9278264261857,30,23.7359541971874,292009,5.34432411193848
3665,21.3263528170316,29,26.5623269672306,292038,5.23052883148193
3666,115.9063582265,228,30.871457884492,292266,14.8802318572998
3667,22.3217721009774,24,30.8545897253705,292290,13.1319742202759
3668,43.5509363582491,46,32.0864362509687,292336,16.927978515625
3669,19.6259809393796,22,29.7049576976025,292358,15.7233295440674
3670,86.9993093766206,425,32.6959421849075,292783,16.3172302246094
3671,24.2238100669821,26,35.6774132951333,292809,16.5582942962646
3672,92.7764728656713,207,38.6673171567919,293016,6.54636287689209
3673,26.0785350043482,28,38.7876123711803,293044,14.2494659423828
3674,19.6441562589678,21,38.6870627862419,293065,13.6996231079102
3675,21.22287524767,29,37.8672595158627,293094,13.4049129486084
3676,22.5725521321862,24,36.6300552265493,293118,19.2784233093262
3677,24.4143147798992,26,36.8655206405709,293144,10.2251205444336
3678,-35.7093364937321,13,31.7450656771786,293157,4.68453979492188
3679,19.4982604620471,23,31.304111075311,293180,7.35073566436768
3680,39.4095100499019,44,33.3993951453612,293224,13.9660530090332
3681,-35.766917180183,13,30.500564210601,293237,7.41428852081299
3682,22.3154298655368,22,29.6818013359227,293259,18.0413684844971
3683,25.5295290648275,29,29.9933864184533,293288,10.8632869720459
3684,20.4450861160748,28,29.8192494029478,293316,5.20415306091309
3685,-29.3139873849904,4,27.2872323928467,293320,6.64065837860107
3686,20.9423429373761,28,22.5390316283905,293348,7.92824983596802
3687,49.8597355242478,56,23.915929799554,293404,13.6929302215576
3688,37.1186301624688,42,23.594314489765,293446,11.8703498840332
3689,22.8410356292192,30,23.755067224257,293476,14.9848766326904
3690,88.3586562354932,147,23.8230345672006,293623,13.1344985961914
3691,39.6210054658311,45,24.5928943371431,293668,14.4192867279053
3692,22.6868341112339,28,21.0884123994212,293696,6.27085018157959
3693,59.1538190208314,65,22.7421766002454,293761,17.0242500305176
3694,99.0721075918403,210,26.713574166889,293971,5.81912231445312
3695,-28.2326985460539,3,24.2407954772028,293974,3.61797881126404
3696,19.9432257716763,20,24.1093291591773,293994,16.4753360748291
3697,115.883516309485,187,28.6827892356566,294181,9.9456615447998
3698,21.005324579225,26,31.5185222893044,294207,6.04431009292603
3699,31.7901981723192,34,32.1331191748181,294241,14.7979183197021
3700,20.9638486950646,25,31.2108361070762,294266,6.58726692199707
3701,112.817414150587,213,38.6400526736147,294479,14.6603364944458
3702,51.5340876822989,109,40.1009855644528,294588,17.5284328460693
3703,21.9620101609829,27,39.9226096192606,294615,7.85815191268921
3704,-29.2496808124602,4,37.4378712728338,294619,5.41229629516602
3705,21.4466420305844,27,39.9759027436126,294646,7.19876480102539
3706,20.3689503416881,22,39.9472331138282,294668,7.75752687454224
3707,46.6891681818595,102,39.7887047467087,294770,11.272234916687
3708,26.2939018733791,71,39.2474683322543,294841,19.4672966003418
3709,34.1822203134082,38,39.8145275664637,294879,15.4477157592773
3710,20.3900469061043,24,36.4160970999943,294903,9.32516860961914
3711,30.5236990648091,33,35.9612317799432,294936,19.7251510620117
3712,21.530751914553,25,35.9034276701091,294961,11.1820411682129
3713,110.942894655335,263,38.4928814518343,295224,16.5430641174316
3714,24.6410201473243,31,34.7713270796085,295255,3.5720534324646
3715,27.8677965257855,31,37.5763518332005,295286,18.0750713348389
3716,22.8876873132653,25,37.7235749102799,295311,15.2067584991455
3717,56.3994543227825,70,34.7493718109448,295381,8.86499977111816
3718,52.4638915984329,103,36.3223001619052,295484,6.94313430786133
3719,21.525326519333,23,35.8090565792559,295507,17.2516975402832
3720,114.201184671059,185,40.4709233780556,295692,9.2699089050293
3721,35.24892607299,38,36.5924989741757,295730,12.6927394866943
3722,23.1104148634598,26,35.1713153332338,295756,10.639760017395
3723,-34.9896994200787,11,32.3237298541807,295767,4.68114423751831
3724,27.8408087314216,31,35.1782543313748,295798,16.1260356903076
3725,20.0102109511666,22,35.1064327774039,295820,6.31721353530884
3726,33.5273316209244,36,35.7643518413657,295856,13.1488590240479
3727,67.0166681780944,180,36.7807268411775,296036,9.09374046325684
3728,29.2504747414798,32,36.9285554845825,296068,15.1986875534058
3729,31.3878181416233,35,36.7888353759932,296103,13.3550453186035
3730,69.4493560870846,124,39.2418008350423,296227,18.5284576416016
3731,27.6716136993878,31,39.0991965667712,296258,15.6397800445557
3732,153.942120284898,317,45.7197649852884,296575,7.69826459884644
3733,18.7903086055769,21,41.1121356828005,296596,7.62990188598633
3734,41.2234878418728,45,41.9412590675279,296641,15.9732666015625
3735,47.1968450575021,102,42.9077114941138,296743,6.72939538955688
3736,34.3983467767164,37,43.4832444672863,296780,15.893045425415
3737,24.8536333084916,27,41.9059534165718,296807,11.5264415740967
3738,32.05738657054,36,40.8856281651771,296843,18.041862487793
3739,50.3033707955841,55,42.3245303789897,296898,14.7851343154907
3740,45.8017257834483,55,38.9045574346092,296953,11.0319662094116
3741,23.4847545332586,24,38.3163488576226,296977,11.4895191192627
3742,22.7908862859165,24,38.3003724287454,297001,16.7581062316895
3743,14.9396641995681,151,40.7968406097278,297152,9.66559886932373
3744,-53.3358824150156,54,36.7380060524059,297206,6.07854127883911
3745,51.7539181484425,110,38.3251914122697,297316,13.2827377319336
3746,36.2315483509885,41,38.4604022487729,297357,15.782940864563
3747,75.0254585577056,129,38.8608417677535,297486,13.3679647445679
3748,56.9736521764136,109,40.2470006395002,297595,18.8256301879883
3749,80.2921192139239,190,42.6922156931152,297785,0.153403282165527
3750,-29.1940110524067,4,37.7600473361406,297789,15.7487773895264
3751,-29.2129721352096,4,34.9158180444108,297793,15.1225643157959
3752,43.8233407516876,46,29.4098790677503,297839,15.7628221511841
3753,20.7441701625086,24,29.5075721455968,297863,7.7130069732666
3754,111.916164707752,219,33.0422059888908,298082,8.11160278320312
3755,22.6647630213084,23,31.8156018870811,298105,14.91086769104
3756,22.3071392668854,23,31.2110415115896,298128,11.6127576828003
3757,53.9289434881674,111,32.6648070205734,298239,9.77340698242188
3758,32.1449338142441,37,32.6691843827586,298276,13.9407062530518
3759,54.9233586844985,61,32.9001837772043,298337,19.5802364349365
3760,28.3332902625644,34,32.0267620011601,298371,13.6285839080811
3761,19.3091307321778,20,31.8179808111061,298391,13.553035736084
3762,79.6008056608882,136,34.6584767798546,298527,15.4771575927734
3763,-30.3080878006342,5,32.3960891798445,298532,3.62478971481323
3764,-35.1097902343205,12,33.3073937888793,298544,-1.76143217086792
3765,24.2612119104815,28,31.9327584769812,298572,6.44858455657959
3766,74.6315243905359,179,33.8527572789586,298751,17.7458038330078
3767,1.74062257346271,100,30.1885154797465,298851,5.65275573730469
3768,-29.292379016997,4,25.8752139200759,298855,6.0821681022644
3769,27.9089833388055,33,23.25605712632,298888,14.8737487792969
3770,19.5631325086327,20,25.693914304372,298908,9.94203567504883
3771,-28.210496588542,3,25.7440380817054,298911,11.5236377716064
3772,22.1257686336288,25,24.6591594758024,298936,12.9764223098755
3773,22.8016981130926,28,24.7620358733316,298964,9.44546318054199
3774,43.4248465988391,48,21.337469967886,299012,14.951452255249
3775,-36.2611682993893,12,18.3911734018511,299024,7.20503902435303
3776,20.3490245489785,27,18.2932676659557,299051,8.18254852294922
3777,185.190802091193,480,24.856360596107,299531,13.6357345581055
3778,25.7616568524282,29,24.5371967480162,299560,8.45350646972656
3779,24.7464619736229,27,23.0283519124724,299587,13.1303863525391
3780,21.449699076845,28,22.6841723531865,299615,12.4832382202148
3781,31.2470814801868,37,23.2810698905869,299652,10.8231334686279
3782,21.9195242095927,22,20.3970058180221,299674,16.5845718383789
3783,40.3987299827951,49,23.9323467071936,299723,8.92922401428223
3784,20.8998834010326,27,26.7328303889612,299750,3.80823087692261
3785,-29.3007280946254,4,24.0547333887059,299754,10.9904880523682
3786,20.457906204874,23,21.3460524794228,299777,11.3774738311768
3787,26.7622735086814,123,22.5971350261837,299900,18.1685638427734
3788,39.14886309952,42,26.0191971320096,299942,19.6677589416504
3789,27.6481287148291,33,26.0061544008108,299975,11.9631729125977
3790,-29.2769424369667,4,23.5641506535308,299979,8.3066520690918
3791,18.8701999271384,19,25.9181854793148,299998,8.50969696044922
3792,26.1209466777087,34,26.1179443815188,300032,10.8624753952026
3793,-29.2673226619092,4,23.5144933427687,300036,11.1864528656006
3794,45.076744264199,99,23.5970882260367,300135,9.55874633789062
3795,-22.0097955868608,73,24.3096568616631,300208,6.65385675430298
3796,48.5441558231185,99,25.7194134253701,300307,18.7873363494873
3797,23.326243555413,26,17.6261854985811,300333,8.87948226928711
3798,32.3447492626929,37,17.9553401190944,300370,10.1471824645996
3799,65.5291150173723,116,19.9944727712819,300486,19.7404670715332
3800,24.1005428892799,23,20.1270149619036,300509,18.1677131652832
3801,29.6063974263425,34,20.0449807592114,300543,15.7712678909302
3802,33.8566244831363,38,20.6418357728886,300581,18.2479076385498
3803,-35.0477443697212,11,16.8695120552628,300592,7.72009563446045
3804,21.8626126368182,123,16.917648517052,300715,12.6648874282837
3805,-35.230055576773,11,16.6211821429447,300726,6.96695804595947
3806,-24.2608825051927,83,14.3852427074413,300809,6.99987840652466
3807,30.7154553849947,36,14.582901801257,300845,7.72459888458252
3808,-22.2316900090994,68,11.513874145826,300913,19.3527851104736
3809,35.7926910235339,140,11.9211022612613,301053,17.4433059692383
3810,-28.209068588353,3,11.974495953692,301056,10.831862449646
3811,42.1913084642529,96,13.1405513805477,301152,5.27702665328979
3812,54.8242709606042,163,14.5757175946925,301315,0.288638114929199
3813,163.065821822529,289,24.1923748189144,301604,11.7956962585449
3814,-29.2303966083863,4,20.4770177752851,301608,12.5125360488892
3815,21.7319145996654,25,22.6641032846114,301633,10.9374513626099
3816,90.0877298881175,193,24.7412819878614,301826,9.80152130126953
3817,20.3762835539555,24,24.5937839877885,301850,7.65819263458252
3818,30.4926391875905,37,24.5011784840334,301887,9.69951629638672
3819,27.2478416471159,31,22.5871148155206,301918,4.33345222473145
3820,50.3825164824162,111,23.9012134951774,302029,15.007511138916
3821,60.0165211438377,67,25.4217196810521,302096,14.6799535751343
3822,21.523244277325,29,24.8050506707616,302125,5.93016481399536
3823,-29.2489230803652,4,25.0949917352294,302129,5.6753830909729
3824,31.4700259387308,82,25.575362400325,302211,13.7398338317871
3825,57.0345044782089,110,30.1885904030741,302321,19.3006553649902
3826,19.6478074184351,27,32.3840248992555,302348,8.84060668945312
3827,34.1014697296381,36,32.5533256164876,302384,18.8959522247314
3828,45.3782368354534,56,35.9338219587153,302440,8.99097442626953
3829,30.5604516424826,33,35.6722099896627,302473,17.7533569335938
3830,21.3085965760825,28,38.1480932478845,302501,12.8477687835693
3831,-9.03616896267437,71,35.5867193765381,302572,15.1568470001221
3832,37.1791778363597,42,34.7044647203259,302614,11.909854888916
3833,27.5721019772306,28,27.929778728061,302642,17.4155960083008
3834,44.2649803793614,51,31.6045475774484,302693,11.3796997070312
3835,55.0663322499004,63,33.2712684599601,302756,19.2609004974365
3836,26.8865772630794,27,30.1112108287082,302783,17.7846431732178
3837,136.249485128826,309,35.9048709074518,303092,16.7352485656738
3838,-34.0654425308513,11,32.6769668215297,303103,12.8355903625488
3839,-10.5124417383286,82,30.7889526522574,303185,11.6645622253418
3840,23.035487220586,26,29.4216011891659,303211,20.3712692260742
3841,20.4594520011923,24,27.4437477320337,303235,1.82683420181274
3842,32.3861415928113,36,27.986892597808,303271,15.631275177002
3843,21.3256882484658,27,30.5156231642495,303298,15.1323251724243
3844,53.4800807014489,66,31.6161259023854,303364,4.89989376068115
3845,23.331590489225,28,29.9309802029362,303392,12.7376699447632
3846,27.4836361543186,27,30.3227716397304,303419,15.4118499755859
3847,33.3320828490837,39,30.2843022957027,303458,19.9622421264648
3848,-35.1493740998704,11,26.2579217489365,303469,2.22614979743958
3849,149.520471017414,336,32.2059227176831,303805,10.438892364502
3850,45.4615703022174,53,33.4135714039898,303858,10.0662631988525
3851,63.3771700421795,78,37.0342383542325,303936,6.94781064987183
3852,29.4919825479026,36,36.6498785898096,303972,17.8761119842529
3853,78.1261310095522,87,39.1775800414257,304059,20.3414001464844
3854,192.014052145873,363,46.5650336297513,304422,4.79462957382202
3855,80.8695648769095,146,47.8551952611017,304568,12.6673488616943
3856,20.8402757154337,22,47.5528801837194,304590,12.9084463119507
3857,23.3285698476187,27,41.9068344196591,304617,9.74280548095703
3858,20.3911977258513,28,44.6296664324942,304645,5.28557586669922
3859,-29.3098376582524,4,43.689796636498,304649,4.80526924133301
3860,33.2500664480079,40,44.2005255978691,304689,4.45414924621582
3861,80.0515330540836,138,47.1801296505137,304827,19.0532913208008
3862,35.7388131650265,89,47.3477632291244,304916,19.872257232666
3863,40.9090329169756,51,48.3269304625499,304967,14.8160305023193
3864,32.5530230860089,177,47.2805775817779,305144,10.6488571166992
3865,25.3786962779799,27,47.3829328712157,305171,19.6720027923584
3866,47.3462816852496,53,48.3760651477622,305224,15.7635345458984
3867,54.3667015518684,69,49.4277960829014,305293,6.42727041244507
3868,20.3123457920936,25,52.2008820774996,305318,7.949462890625
3869,105.548494675505,220,50.0022832604042,305538,13.8750610351562
3870,47.5523193702392,54,50.1068207138053,305592,13.3029747009277
3871,20.4398614692434,22,47.9599552851585,305614,17.9694881439209
3872,70.6405030396917,121,50.0173813097479,305735,19.249828338623
3873,189.844619480134,462,55.603305733277,306197,11.495078086853
3874,29.3360766797689,30,47.4694069599718,306227,18.6467628479004
3875,21.3515478984241,27,44.4935061110476,306254,17.778865814209
3876,-17.2892058586743,60,42.5870320323422,306314,19.6744918823242
3877,20.9363195714167,25,42.4674195185321,306339,9.61924457550049
3878,26.1833955860558,27,42.7570294115423,306366,17.155029296875
3879,21.0886572937778,24,45.2769541591438,306390,16.5895309448242
3880,60.7783542918078,120,46.6533685513338,306510,11.4729251861572
3881,20.1661347847937,26,43.6590986378693,306536,7.87142038345337
3882,135.608457327473,253,48.6525808459916,306789,9.22167778015137
3883,20.0880145726045,26,47.6115299287731,306815,1.29067659378052
3884,25.6302128323804,32,47.2653894160916,306847,7.26533317565918
3885,20.3889306105802,27,47.0159011327217,306874,17.1568737030029
3886,-35.6712530133308,11,42.8650243977926,306885,-2.02994394302368
3887,77.2682298128594,143,44.0101008108422,307028,1.15779876708984
3888,21.7295328254938,27,44.0809601625122,307055,7.04285430908203
3889,16.8670164601997,128,39.6468862517469,307183,19.9734497070312
3890,25.8424634793442,27,38.5613934572022,307210,16.8688278198242
3891,19.7479726792275,23,38.5267990177014,307233,11.2924461364746
3892,40.0093098739453,45,36.9952393594141,307278,18.8305721282959
3893,19.7035206314993,22,28.4881844169824,307300,17.3484668731689
3894,47.1294325473019,56,29.377852210359,307356,17.5073890686035
3895,24.3829920015846,26,29.529424415517,307382,19.7011451721191
3896,28.2404121721354,78,31.8059053170575,307460,10.5338315963745
3897,43.103448575239,51,32.9142617672486,307511,5.29213714599609
3898,35.1927861309443,39,33.3647312944931,307550,18.5678691864014
3899,30.0266882400715,34,33.8116328418078,307584,10.0371894836426
3900,42.0842997268923,49,32.876930113562,307633,12.3260822296143
3901,23.5154953808585,33,33.0443981433652,307666,14.8545303344727
3902,19.8332882757411,23,27.2556396907786,307689,12.2625560760498
3903,53.2833013347602,58,28.9154040288864,307747,18.4151477813721
3904,43.4403687138617,92,29.8059118229605,307839,18.1612892150879
3905,23.0315668111017,32,29.9380436329865,307871,5.93917083740234
3906,20.3789245480884,22,32.7405525110575,307893,18.5755748748779
3907,44.2645932131298,49,31.090370681071,307942,19.3168258666992
3908,-30.3152859607914,5,28.4881297417567,307947,6.5129189491272
3909,19.8668898527077,22,28.6381234113821,307969,12.2974147796631
3910,131.329250830772,299,33.9124627789535,308268,12.1951570510864
3911,30.9983433642529,33,34.4749813132048,308301,18.4674396514893
3912,20.4867547009788,30,33.4988535545565,308331,7.59830093383789
3913,-11.0858185622488,71,31.9593865948691,308402,17.3703956604004
3914,20.8304033216086,22,30.6444351335844,308424,6.65897178649902
3915,62.4986605542002,117,32.5502185612152,308541,13.7419166564941
3916,43.180079413695,51,33.2972019232932,308592,14.5097923278809
3917,32.4610060892683,39,32.7650797989946,308631,10.6078252792358
3918,20.3014861580097,23,32.0205148003479,308654,12.227686882019
3919,67.6004953669586,134,33.8992051566923,308788,11.8549175262451
3920,65.7799101641533,120,35.0839856785553,308908,17.7165870666504
3921,21.6922389948426,24,34.9928228592545,308932,15.898681640625
3922,41.0058599990698,45,36.0514514454209,308977,13.9200782775879
3923,66.713240516904,78,36.7229484045281,309055,12.7070922851562
3924,36.4336532749138,89,36.3726126325807,309144,13.464900970459
3925,21.4781702920285,28,36.2949428066271,309172,6.04718685150146
3926,19.753466615596,24,36.2636699100025,309196,13.6444416046143
3927,30.0748050486997,37,35.554180501781,309233,5.65479230880737
3928,32.8752431345717,40,38.7137069565491,309273,5.4231653213501
3929,47.338172194788,101,40.0872710736531,309374,19.0959701538086
3930,-29.2787277126563,4,32.0568721464817,309378,12.8046808242798
3931,151.854988956765,370,38.0997044261074,309748,10.2316026687622
3932,-29.3204102158402,4,35.6093461802664,309752,2.48758101463318
3933,66.7954945062087,77,39.5034118336893,309829,6.88416433334351
3934,33.5808811526105,34,40.1409357252394,309863,21.013032913208
3935,23.3708065966346,26,38.1845430273611,309889,12.7257118225098
3936,19.2096235487395,19,36.9860202341133,309908,12.8073215484619
3937,106.085575522649,227,40.6672487057823,310135,17.5396404266357
3938,22.4469129338835,25,40.774520044576,310160,11.6437683105469
3939,33.9673036213491,38,39.0928604572956,310198,10.1320190429688
3940,17.6060494060354,22,36.6841674193897,310220,11.7813873291016
3941,43.3923738984526,48,37.7691741645702,310268,15.270115852356
3942,-30.2256843316701,5,34.2075969480332,310273,16.7836742401123
3943,33.1118201072937,37,32.5275259275526,310310,9.95904541015625
3944,27.0311403295092,30,32.0574002802824,310340,16.3826141357422
3945,19.0398145562154,19,31.9354824934918,310359,9.22381973266602
3946,38.5871807864019,43,32.8771682020321,310402,17.2248001098633
3947,-35.296533601804,12,29.6086012695069,310414,0.0579724311828613
3948,36.3481417700031,39,29.7822462012784,310453,19.4811820983887
3949,18.0336679912472,21,28.3170209911014,310474,11.6825389862061
3950,61.3072242978323,117,32.8463185916258,310591,7.55825805664062
3951,25.2934631630215,30,26.5182423019386,310621,8.85613441467285
3952,19.6704484641145,22,28.9677852359364,310643,12.9040555953979
3953,38.4559618376517,44,27.5508086025085,310687,15.2870121002197
3954,22.2910654117203,23,26.986317815464,310710,14.156231880188
3955,134.788945155519,315,32.5572247434082,311025,7.23408126831055
3956,24.9842627146302,29,32.8459567017028,311054,11.1401615142822
3957,20.9215611592236,28,28.5877559835315,311082,9.02623462677002
3958,28.5412142406224,30,28.8924710488684,311112,17.9573707580566
3959,50.5889512852896,60,29.7235534320655,311172,10.5575504302979
3960,22.9454780212219,30,29.9905248628248,311202,5.21812105178833
3961,20.4161686135955,26,28.8417145985819,311228,10.9189910888672
3962,20.3872164969456,24,31.3723596400127,311252,14.6739273071289
3963,82.8342912023666,207,33.8584831947664,311459,15.4322032928467
3964,21.476027604379,27,33.5807275585098,311486,12.6788110733032
3965,23.5436852278142,31,33.8059210920898,311517,3.32500624656677
3966,20.5890215914743,24,32.9060131323434,311541,12.9576196670532
3967,39.9422257310588,48,36.6679510989866,311589,7.93998146057129
3968,37.2456375278689,40,36.7128258868799,311629,15.1294574737549
3969,21.8473854647898,27,36.903511760557,311656,13.5991230010986
3970,19.9366254194519,22,34.834981816638,311678,15.4237508773804
3971,134.357361689828,500,40.2881767429783,312178,12.8069286346436
3972,19.757255848978,23,40.2925171122215,312201,4.71329402923584
3973,41.5503966544341,47,40.4472388530606,312248,14.3911590576172
3974,23.3890927084244,32,40.5021402178958,312280,15.9119892120361
3975,29.4947227930931,31,35.2374290997745,312311,18.3915100097656
3976,21.5834871581725,24,35.0673903219516,312335,14.8878507614136
3977,54.3706915836311,61,36.739846843172,312396,17.844425201416
3978,24.6477605089338,28,36.5451741565876,312424,11.0718212127686
3979,23.6269687696965,27,35.1970750308079,312451,12.5152568817139
3980,37.7400284602517,43,35.9368025527594,312494,8.35186100006104
3981,109.732359980372,225,40.4026121210982,312719,12.2221145629883
3982,46.9400678319684,51,41.7302546878494,312770,18.1153411865234
3983,55.8327462574475,155,40.3801774406034,312925,8.41308498382568
3984,32.6756038395014,36,40.9401562523595,312961,12.9261016845703
3985,54.3676081033959,64,42.4813523961386,313025,13.110671043396
3986,28.5877921600266,33,42.8812909245662,313058,18.9836120605469
3987,22.5021472932588,22,42.0092870026762,313080,14.9882907867432
3988,-37.5335082731401,17,38.2703297126258,313097,4.824622631073
3989,-29.2411056748044,4,35.7159051556461,313101,13.2947702407837
3990,117.468989969629,384,40.5925233831549,313485,14.3793792724609
3991,21.5712335203464,26,34.9532169746808,313511,9.21634101867676
3992,162.990512929543,384,42.1148798287091,313895,4.10712242126465
3993,23.4845992403332,31,41.211589958004,313926,12.3259363174438
3994,25.0706918236057,27,41.2956699137631,313953,12.21409034729
3995,34.1521761122291,40,41.5285425797199,313993,12.2755737304688
3996,78.0628301098205,136,44.3525097273023,314129,18.1549034118652
3997,95.7578755940244,165,46.421868927822,314294,7.01148700714111
3998,-29.2378695544661,4,43.727587424652,314298,8.25943946838379
3999,-28.2443704441781,3,41.1340204639582,314301,2.48696851730347
4000,43.514601490972,55,41.4227491154942,314356,8.30050277709961
4001,-31.2974263140796,6,34.3712598007717,314362,8.99776268005371
4002,20.8494135999788,26,33.0667270891722,314388,6.7299337387085
4003,-34.5408438410685,12,28.5480475842464,314400,10.7130565643311
4004,181.140013068808,500,35.9712680457117,314900,4.05629348754883
4005,27.4599110520098,31,34.6258831931424,314931,10.2594337463379
4006,20.9995712035237,24,34.2464721453173,314955,9.90397071838379
4007,36.4016819477787,175,34.9414488780433,315130,15.6747531890869
4008,21.9005538321174,23,37.9131519833062,315153,9.78361320495605
4009,25.6278551588565,28,40.6566000249892,315181,15.9043750762939
4010,20.700715174632,20,35.8181862852393,315201,17.810920715332
4011,68.7098406052311,124,38.1751166394836,315325,5.87789964675903
4012,44.573336098222,51,32.2542577979175,315376,16.2891731262207
4013,19.9395748217385,24,32.0770065769878,315400,2.05364394187927
4014,37.6283139866161,42,32.7048876851383,315442,9.7420711517334
4015,50.6717587547106,60,33.5308668172624,315502,13.0830392837524
4016,25.2600915211451,26,30.8907298878286,315528,20.2695083618164
4017,29.9127536624782,34,27.5984737912513,315562,10.8401861190796
4018,34.7302129184007,41,30.7968779148946,315603,8.28311252593994
4019,45.9418730693705,99,34.5061900905721,315702,19.1279296875
4020,39.9162748363979,48,34.3262737578434,315750,11.0629529953003
4021,117.519657498446,229,41.7671279484697,315979,19.6419258117676
4022,22.7032545309355,26,41.8598199950175,316005,12.2771301269531
4023,85.2672243848022,153,47.850223406311,316158,0.860194683074951
4024,69.1815728528582,82,42.2523013955135,316240,10.6133270263672
4025,-29.2881154177059,4,39.4149000720278,316244,5.89938020706177
4026,23.2551876261507,24,39.5276808931591,316268,15.7277050018311
4027,19.4748109019355,25,38.681337340867,316293,12.4786548614502
4028,-28.2055617218144,3,36.1760315631704,316296,15.4365701675415
4029,23.1792673645414,30,36.0536021734546,316326,1.39528059959412
4030,82.6884384462197,234,39.152988337034,316560,16.0639209747314
4031,-29.3042723217448,4,34.2522826906852,316564,7.61652183532715
4032,48.7257531601401,55,34.4599035437811,316619,16.7434692382812
4033,32.1659896072183,36,35.0712242830551,316655,7.53402137756348
4034,36.9947958408905,39,35.0395483757688,316694,18.8306789398193
4035,-34.6819203831453,12,30.771864418876,316706,10.510274887085
4036,65.1603756854596,166,32.7668786270917,316872,15.7989330291748
4037,22.9558967333513,25,32.4190357806354,316897,12.2372550964355
4038,19.4993225005652,24,31.6574912597436,316921,12.8723526000977
4039,163.943363059225,320,37.5575657592363,317241,17.4432983398438
4040,24.4449189535998,30,36.7839979650964,317271,5.08951616287231
4041,-34.5333956640891,11,29.1813453069697,317282,8.34012031555176
4042,57.4913746039786,66,30.9207513106218,317348,12.9227924346924
4043,23.9433381127772,27,27.8545569970206,317375,16.5981559753418
4044,-28.2392230881445,3,22.9835171999704,317378,2.88411450386047
4045,24.7553681121007,27,25.6856913764608,317405,14.435417175293
4046,-29.3008918884487,4,23.0578874007308,317409,10.590124130249
4047,27.3381497614956,31,23.4510543437088,317440,10.0078201293945
4048,54.4288250994948,64,27.5827736847743,317504,13.0942344665527
4049,23.8780076631322,28,27.6177106997038,317532,14.9854001998901
4050,22.4989162627304,25,24.6082345905293,317557,9.72064590454102
4051,46.8127193568308,49,28.4140841744581,317606,14.8093328475952
4052,23.4900821895604,31,27.1523006259291,317637,14.1786785125732
4053,91.4958718711288,150,30.1187947391247,317787,13.0665473937988
4054,26.9610386369424,76,29.6171068789273,317863,13.0449380874634
4055,35.5654220493981,40,33.1294740005544,317903,11.4697141647339
4056,157.191954084256,500,37.7310529204943,318403,9.20697212219238
4057,21.0423264550564,23,37.6353744065795,318426,19.277795791626
4058,38.1323642292552,87,38.567026493014,318513,18.8432540893555
4059,39.3210529939849,93,32.335910989752,318606,16.0705089569092
4060,18.8834283453619,22,32.0578364593401,318628,14.3282318115234
4061,29.5501324127453,33,35.2620128631818,318661,14.0215454101562
4062,-29.2690428160663,4,30.9239919921796,318665,5.58059501647949
4063,21.4881546555547,26,30.8012328193185,318691,9.68534469604492
4064,20.9631755903983,22,33.2613527532456,318713,12.603479385376
4065,41.1799544863488,49,34.082582071958,318762,13.016788482666
4066,58.8587625383435,121,38.4905647932976,318883,9.56726264953613
4067,41.5196197538523,45,39.1996382929155,318928,18.5397300720215
4068,54.7142318786157,61,39.2139086318715,318989,18.875560760498
4069,-29.2675377774827,4,36.5566313598408,318993,13.3222351074219
4070,-29.2900634946059,4,33.9671823719739,318997,8.41411304473877
4071,71.4528886470032,84,35.1991908364826,319081,9.39347076416016
4072,22.6331782729218,26,35.1563456406506,319107,13.0674781799316
4073,24.7430663862189,25,31.8187053664051,319132,14.8511247634888
4074,42.1623247431154,47,32.5787696717138,319179,12.4659175872803
4075,49.9173544796726,57,33.2963662932275,319236,12.0599098205566
4076,173.984711463183,383,34.1360041621739,319619,18.5518379211426
4077,91.3805190255472,152,37.6529137906984,319771,17.6526546478271
4078,30.1989327643718,32,37.2562422174542,319803,18.1793556213379
4079,-34.1882729962432,11,33.5807759179428,319814,7.47632694244385
4080,27.1278103335279,32,33.9929950173511,319846,17.7879390716553
4081,20.7368784624546,24,33.5523323198366,319870,13.9043769836426
4082,48.5551521122673,102,37.4435420662533,319972,10.2137241363525
4083,35.4761370464974,41,38.1429411858004,320013,7.97313594818115
4084,59.6735315886793,110,40.0784589857144,320123,17.5461044311523
4085,-29.2796782605191,4,36.555477348371,320127,11.3758525848389
4086,20.1708939876088,22,34.6210839208343,320149,12.6186399459839
4087,-29.2512110609867,4,31.0825423800924,320153,15.6788730621338
4088,41.2420770289884,46,30.408934637611,320199,17.6348209381104
4089,19.3818655234747,21,32.8414048026589,320220,13.719898223877
4090,156.365658516622,423,42.1241909032203,320643,9.21349048614502
4091,-30.3175750660818,5,37.035667717566,320648,2.34836006164551
4092,169.597466720572,467,44.3838821399485,321115,4.14107608795166
4093,53.5500360275372,62,45.8242306220144,321177,15.4301080703735
4094,-29.2204640638688,4,42.2550911816652,321181,16.2079486846924
4095,-34.5874370347165,11,38.0298516059458,321192,7.93836641311646
4096,-30.3175560281118,5,27.814738231381,321197,6.55531072616577
4097,33.3776796107897,38,24.9145962606432,321235,12.0133943557739
4098,30.2932123499486,38,24.919310239922,321273,11.0652503967285
4099,34.156269724389,41,28.3365373759536,321314,8.55054473876953
4100,-35.5374517524615,12,25.2032742716541,321326,2.73911643028259
4101,33.2963572467349,37,25.8312482108681,321363,13.8103828430176
4102,58.9455429459188,114,26.3507677525507,321477,17.1134262084961
4103,50.0338075448355,101,27.0786512774676,321578,13.9523220062256
4104,32.3486890966506,39,25.7124091528662,321617,7.79194259643555
4105,19.9713609052731,28,28.1749611111558,321645,1.51711630821228
4106,140.024000201083,344,34.1676164218295,321989,12.1182193756104
4107,21.5637284639957,22,36.7083633980786,322011,19.3568878173828
4108,82.4413664316619,96,38.7683278682123,322107,17.8423042297363
4109,23.8088319247191,26,38.9896761882745,322133,17.439826965332
4110,20.7579901547704,21,32.209292770182,322154,18.2734107971191
4111,21.5503894375996,23,34.802690995366,322177,10.6995992660522
4112,19.8380415445601,24,27.3147197365654,322201,13.8562316894531
4113,62.87680632237,72,27.7810582513071,322273,8.86752319335938
4114,-35.4116270984841,12,27.4715000995763,322285,13.0318784713745
4115,66.0140290960168,125,32.501573406113,322410,14.0488138198853
4116,26.7971338032533,26,35.3573078976812,322436,19.254415512085
4117,23.9461187316496,29,34.8857298537242,322465,4.62480640411377
4118,24.7786757577379,28,34.6100030241137,322493,19.706615447998
4119,14.0717679636384,117,33.6057779360761,322610,16.8154144287109
4120,19.0577618173896,21,36.3355386145687,322631,12.3704605102539
4121,67.877781987767,78,38.0646098516203,322709,10.8107128143311
4122,24.260092517068,27,36.3303373301778,322736,17.9766616821289
4123,98.7518482814777,212,38.7662393670099,322948,17.0957641601562
4124,-35.4107773341397,11,35.3782660454704,322959,-1.39315128326416
4125,20.7618868354029,28,35.4177923419768,322987,2.77107334136963
4126,39.5582882466441,48,30.3945067442549,323035,14.113564491272
4127,25.1705856775849,31,30.5748496049344,323066,14.8705701828003
4128,78.4786618430215,188,30.3767143755024,323254,17.724536895752
4129,29.8385007273722,37,30.678197815635,323291,10.0505390167236
4130,29.7799967509462,36,31.1292981454438,323327,8.0519847869873
4131,72.3750674629623,128,33.6705320467119,323455,16.7639751434326
4132,27.8758937547611,33,34.072424657222,323488,13.8987503051758
4133,127.269145190457,273,37.2920416006263,323761,20.2079067230225
4134,31.0594505994624,33,40.6155954855236,323794,16.0846824645996
4135,72.3611605365145,133,40.9329520575485,323927,10.1499671936035
4136,19.8130759346645,22,40.5837491641191,323949,14.2156066894531
4137,-36.7041932695622,13,37.5512335640585,323962,10.0565376281738
4138,-29.2744754985066,4,34.8485760012463,323966,10.4257354736328
4139,21.1679621280149,25,35.2033857094651,323991,17.0467567443848
4140,129.846038441143,298,40.7427995406527,324289,14.3689193725586
4141,26.2201189231632,26,38.6599163874226,324315,20.0880031585693
4142,20.7143797474983,26,38.4826307489441,324341,4.84376764297485
4143,60.0405095426449,69,36.5470638120024,324410,15.6271858215332
4144,36.9583756329629,42,40.1655214603576,324452,6.54316473007202
4145,36.9731855066029,46,40.9760863939176,324498,12.4905529022217
4146,33.5157869248905,35,40.6739613278299,324533,17.9872303009033
4147,28.5220451268743,32,40.8415343002944,324565,10.7814846038818
4148,32.3622078265257,38,38.5357115994696,324603,10.2005395889282
4149,29.7471427946851,34,38.5311437028352,324637,8.42427253723145
4150,50.5160225994465,102,39.5679449952602,324739,17.3521270751953
4151,21.0511548518501,22,37.0017493647046,324761,12.0810070037842
4152,20.0987159648525,23,36.6128904752092,324784,15.2025852203369
4153,20.704460818434,24,31.284656256608,324808,11.4839859008789
4154,47.3931424013042,55,32.1013408467001,324863,6.84952735900879
4155,21.3583053835333,30,29.5511980890511,324893,2.58053922653198
4156,20.6434804508093,27,29.5927183148583,324920,8.04323959350586
4157,-35.930783658196,12,29.6313887954266,324932,0.682616233825684
4158,48.5924425426651,55,33.5247346974852,324987,9.57739543914795
4159,19.8084420166048,21,33.4567586919147,325008,18.9156951904297
4160,33.7918130161431,41,28.6540474206647,325049,9.63292694091797
4161,23.0523521438,24,28.4956590816966,325073,19.0961761474609
4162,29.8825543757387,31,28.9540678131086,325104,15.9836511611938
4163,69.1242412122848,125,29.4082543965906,325229,15.4009628295898
4164,19.6594397679916,22,28.543307603342,325251,15.8146781921387
4165,29.4349616072273,33,28.1663964083732,325284,11.657787322998
4166,40.2338520904599,43,28.5022996666517,325327,17.5495109558105
4167,41.9680927812136,57,29.1746020493687,325384,1.97744417190552
4168,21.6101344194683,25,28.6369983790158,325409,15.8797597885132
4169,19.8058773100568,22,28.1399351047844,325431,15.7730016708374
4170,64.8190512877513,79,28.8550865391996,325510,10.0561428070068
4171,-36.187485713405,12,25.9931545109369,325522,0.0595178604125977
4172,19.5009307393479,20,25.9632652496617,325542,18.4960136413574
4173,23.4424320156091,124,26.1001638095204,325666,9.95114421844482
4174,49.9054781705038,61,26.2257805979804,325727,5.3148021697998
4175,-36.4309412295201,12,23.3363182673277,325739,4.5588960647583
4176,36.5614272152244,40,24.1322156055485,325779,18.7915897369385
4177,64.1303886790567,116,29.1352742224111,325895,16.7450637817383
4178,33.2922576776215,38,28.3702649791589,325933,9.6900053024292
4179,33.4672485589022,41,29.0532053062738,325974,3.10310578346252
4180,124.19006318445,250,33.5731178146892,326224,14.1053972244263
4181,23.4967719015777,29,33.5953388025781,326253,14.0846118927002
4182,5.7231056566625,100,32.3873663666242,326353,13.1650276184082
4183,-20.9458192851897,67,27.8838633417505,326420,11.3937110900879
4184,167.09389274544,446,35.2555859906229,326866,19.3425941467285
4185,23.1830385778985,31,34.9429898391565,326897,7.20830106735229
4186,48.2681734515134,108,35.3447059072092,327005,10.7259368896484
4187,19.2970310703067,27,34.2111528216638,327032,8.49004077911377
4188,77.2988668632426,135,36.9955894438525,327167,15.8899269104004
4189,50.4364661009438,55,38.5271188833969,327222,16.7795486450195
4190,39.2327796029099,46,37.2478052991548,327268,8.85982322692871
4191,27.4879542837211,31,40.4315772990111,327299,11.661506652832
4192,197.818372255334,472,49.3474493748104,327771,12.4881191253662
4193,27.6839314522101,30,49.5595243466405,327801,17.0523281097412
4194,38.4704101284796,42,48.9877709445392,327843,15.4289054870605
4195,39.0041475915004,43,52.7595253855903,327886,19.4644737243652
4196,20.008263774673,26,51.9318672135627,327912,6.08087730407715
4197,22.668435019481,26,49.8587695305839,327938,13.7893009185791
4198,53.2907576165926,60,50.8586945275325,327998,17.1261653900146
4199,43.5886266412456,49,51.3647634316496,328047,8.76267242431641
4200,-29.2156362252586,4,43.6944784611642,328051,12.6840448379517
4201,19.8620496759272,25,43.5127423498816,328076,7.56273555755615
4202,37.2461933920072,42,45.0888967366489,328118,7.5155086517334
4203,19.9231477000365,25,47.1323450859102,328143,12.8051052093506
4204,52.055933269643,61,41.3804471121204,328204,13.0201616287231
4205,25.1459855997499,28,41.4785944632129,328232,10.6375665664673
4206,135.731031353478,290,45.8517373583111,328522,16.4419059753418
4207,21.7064853181973,25,45.9722100707057,328547,10.3802947998047
4208,19.6007340140358,20,43.0873034282453,328567,12.4751472473145
4209,34.1019043163812,37,42.2705753390172,328604,12.2615394592285
4210,34.9164674505063,36,42.054759731397,328640,18.5234622955322
4211,20.3856263829642,27,41.6996433363592,328667,14.2050342559814
4212,23.2013647133422,28,32.9687929592596,328695,6.58685970306396
4213,20.9478429585736,25,32.6319885345778,328720,13.970272064209
4214,-34.1164531648298,12,29.0026453699123,328732,14.8818359375
4215,7.36982776731279,100,27.4209293787029,328832,17.9236125946045
4216,25.2866272960935,31,27.6848475547739,328863,6.91500043869019
4217,-29.2291309148259,4,25.0899692580586,328867,12.0783634185791
4218,47.0333060784988,51,24.7770966811539,328918,18.6340179443359
4219,-34.6011511764791,11,20.8676077902677,328929,5.54480075836182
4220,54.4320603513335,61,25.0499926190973,328990,15.5153436660767
4221,20.7276001606284,23,25.0932701433323,329013,12.932731628418
4222,26.5476625809461,30,24.5583436027793,329043,10.4360313415527
4223,53.828821405599,105,26.2536272880574,329148,6.91483116149902
4224,24.2546879568233,30,24.8635650224164,329178,12.6674251556396
4225,69.8604732988943,123,27.0992894073736,329301,19.7116622924805
4226,82.3250348780376,180,24.4289895836016,329481,18.807954788208
4227,161.906463202248,279,31.4389884778042,329760,15.7040739059448
4228,-36.5710809622852,13,28.6303977289881,329773,4.02655744552612
4229,59.9084206756537,72,29.9207235469518,329845,4.42722415924072
4230,48.9021694001519,56,30.6200086444341,329901,13.9558582305908
4231,23.6160903091767,32,30.7815318407447,329933,12.4793014526367
4232,26.1646390730672,29,30.9296955587309,329962,15.5824289321899
4233,20.0777454334263,19,30.8861906824736,329981,17.3770122528076
4234,43.1401572766557,51,34.7490212045478,330032,7.92130470275879
4235,52.5200147580708,106,37.0065305540857,330138,15.8938884735107
4236,46.1597054260126,95,38.0501844605817,330233,20.7025051116943
4237,21.8434944547843,26,40.6038157290622,330259,8.0142765045166
4238,40.4349087527475,48,40.2738958627746,330307,5.12250471115112
4239,29.1964557745209,32,43.4637762103246,330339,12.3837890625
4240,30.2613288000223,32,42.2552396327591,330371,12.7216091156006
4241,21.7988315812386,22,42.3088012037896,330393,17.2389717102051
4242,91.4542765627799,145,45.5541319028813,330538,14.5158824920654
4243,-34.7269782834847,11,41.1263419184271,330549,7.50898170471191
4244,80.5233439341163,132,43.9397747172917,330681,18.2177753448486
4245,80.6760308525222,94,44.4805525949731,330775,17.1808319091797
4246,19.7564780679398,26,41.3521247544682,330801,8.55996131896973
4247,92.6958676131815,202,37.8915949750149,331003,18.0755481719971
4248,20.2964015521525,27,40.7349691007368,331030,13.3404445648193
4249,63.246369864793,112,40.9018665601938,331142,13.19944190979
4250,33.2609313580816,35,40.1198046580902,331177,17.3028125762939
4251,24.1966894984278,29,40.1488346175528,331206,12.4699935913086
4252,20.4572854171044,21,39.8634669347547,331227,14.0234489440918
4253,48.321692684693,99,41.275664297318,331326,14.8450736999512
4254,26.237190483124,28,40.4305159576414,331354,16.5885581970215
4255,18.597686320413,21,38.7343995357585,331375,8.66282081604004
4256,-30.3059076814806,5,34.9111188803839,331380,10.0458068847656
4257,42.1781244832114,52,35.9278503818052,331432,16.3380908966064
4258,34.6511323124873,41,35.6386615597922,331473,3.48450922966003
4259,23.6650297660461,29,35.3620902593685,331502,14.312816619873
4260,19.6836402437077,23,34.8332058315527,331525,17.9342136383057
4261,79.681936140361,177,37.7273610595089,331702,16.1310005187988
4262,37.4779855081184,44,35.0285465067758,331746,11.673246383667
4263,26.0469723953719,29,38.0672440407186,331775,19.9259624481201
4264,19.8842163560221,26,35.0352876618139,331801,6.79398584365845
4265,37.8801122209268,45,32.8954917302341,331846,10.1873483657837
4266,25.031735134748,27,33.1592545835745,331873,17.228572845459
4267,21.1848134435802,23,29.5837018750945,331896,12.3214168548584
4268,161.521469363808,500,36.6449552656772,332396,16.8148078918457
4269,21.2853330826992,25,34.5469034265726,332421,7.84132432937622
4270,24.1326405926987,29,34.0904888883034,332450,13.9978981018066
4271,26.5624245048712,32,34.2087756386256,332482,2.0415050983429
4272,20.9765504850617,23,34.2347388920234,332505,21.165620803833
4273,-29.2819017134974,4,30.3545591721139,332509,7.838303565979
4274,19.7752511500123,29,30.0314622054583,332538,12.2737417221069
4275,203.22979481381,500,39.2630676301282,333038,13.5293197631836
4276,-29.2473749411653,4,39.315994267144,333042,15.6138763427734
4277,25.7556403326147,30,38.4948700596141,333072,11.7300577163696
4278,113.707712210054,172,42.4476990544925,333244,19.0404167175293
4279,29.6422895746313,33,42.7465620449217,333277,17.1051273345947
4280,199.167800892047,456,51.7207700773387,333733,14.1011943817139
4281,69.4991529685078,165,51.211630918746,333898,18.9998359680176
4282,79.5903441831049,177,53.3172488524954,334075,18.814884185791
4283,29.3900806357281,32,53.4844042645132,334107,16.5505561828613
4284,34.0923497842968,38,54.1948109359269,334145,16.5812606811523
4285,111.261358062761,266,57.8638732280186,334411,18.5594348907471
4286,138.426779841476,257,63.533625463355,334668,18.2046928405762
4287,29.8659925559495,30,63.9676844189734,334698,18.0097103118896
4288,22.2591559560792,24,57.004568748587,334722,14.6129932403564
4289,29.4820138502674,33,57.4144027869654,334755,19.1682014465332
4290,35.8293991884489,40,57.9992407167529,334795,10.3871746063232
4291,-35.020593000852,11,54.9200898414668,334806,3.57277131080627
4292,76.2111109929864,134,57.681817866863,334940,8.08141613006592
4293,48.8855979630907,54,61.5901928506924,334994,17.8311595916748
4294,26.1020368458877,30,61.9065321354862,335024,3.84883213043213
4295,33.8287945537901,38,53.4364821224852,335062,12.9590015411377
4296,-36.6714016417114,13,53.0652807874579,335075,8.84947204589844
4297,30.1613846500282,33,53.2855680033285,335108,20.895357131958
4298,31.4787413266941,32,49.1741194591605,335140,15.8360233306885
4299,23.3052613380969,25,48.8572680473338,335165,17.8925590515137
4300,-29.2688171725549,4,37.4354371441037,335169,11.5271530151367
4301,87.8210328838036,147,38.3515311398685,335316,19.7629089355469
4302,31.0391034357475,35,35.9239691025006,335351,8.43648338317871
4303,-36.1382011054118,13,32.6475550154437,335364,11.4299230575562
4304,26.9043106170208,35,32.2881530570798,335399,6.78920459747314
4305,21.4587051650878,26,27.7980204121962,335425,6.51673936843872
4306,47.0467062657491,57,23.2290167334099,335482,6.56609153747559
4307,20.0858898676773,24,22.7400115989963,335506,7.34110116958618
4308,56.9609644129289,67,24.4751020218388,335573,16.8108425140381
4309,61.3249707992068,110,26.0672498692857,335683,17.9711799621582
4310,-30.3603921032026,5,22.7577603047031,335688,3.84918713569641
4311,29.3990929353196,31,25.9787446015117,335719,15.0150566101074
4312,35.0559270968514,39,23.920985406705,335758,12.8498601913452
4313,-35.8674966937698,12,19.683330673862,335770,0.44354772567749
4314,-29.2826905796608,4,16.9140943025845,335774,4.31050395965576
4315,90.7249262889136,203,19.7589008893407,335977,16.5114822387695
4316,29.1794262122648,34,23.0514422820395,336011,11.3220729827881
4317,48.9768509272998,57,23.9922155959031,336068,17.6715450286865
4318,22.7853120752485,28,23.5575441333308,336096,13.1941719055176
4319,24.9698668106027,27,23.6407744069561,336123,14.2317571640015
4320,55.7210623218808,65,27.8902683816779,336188,18.1063365936279
4321,21.3703385761903,28,24.5677336662972,336216,0.707391738891602
4322,27.4060739905176,37,24.3860821940357,336253,5.3613452911377
4323,21.527084094128,25,27.2693464540127,336278,16.0735549926758
4324,23.4935751745166,27,27.0988096818875,336305,14.3430004119873
4325,80.8150807486645,141,30.0666284610663,336446,13.4654397964478
4326,24.9123568040715,27,28.9599109879825,336473,20.8587226867676
4327,108.24664777124,176,33.3679488831606,336649,16.5457363128662
4328,28.1239482010936,29,31.9260980725688,336678,18.2792072296143
4329,47.2924656619395,53,31.2244728157055,336731,16.2941341400146
4330,31.3171771446867,37,34.3083512780999,336768,14.2506771087646
4331,26.1471920573844,31,34.1457562342032,336799,6.90420913696289
4332,47.1286692048414,57,34.7493933396027,336856,1.41881132125854
4333,33.0776152768268,37,38.1966489381325,336893,14.7361650466919
4334,22.5947976091695,30,40.790523347574,336923,4.79996204376221
4335,187.475663397094,412,45.6280602029831,337335,13.9742164611816
4336,47.8980734626731,52,46.5639925655035,337387,20.4346504211426
4337,123.298501623991,278,50.2800751003381,337665,12.2787733078003
4338,35.3209234360609,43,50.9068556683787,337708,10.1029396057129
4339,61.3361740500833,68,52.7251710303527,337776,18.7969512939453
4340,35.7820981696938,41,51.7282228227433,337817,6.86205291748047
4341,66.2704291471689,164,53.9732273512923,337981,16.8152542114258
4342,43.5899529658759,49,54.7824213000602,338030,15.2478466033936
4343,24.3934223136225,29,54.9257382110349,338059,9.02702331542969
4344,19.9518171584014,22,54.7486503102292,338081,8.69070625305176
4345,62.2300080778898,74,53.8193966766904,338155,11.3100700378418
4346,2.5297052394037,95,52.700264098457,338250,10.7530269622803
4347,22.1320023235341,24,48.3945318260718,338274,10.9390068054199
4348,85.7872729617496,185,51.2776980641045,338459,20.5453338623047
4349,61.8302596792675,111,52.0045877649709,338570,13.7740564346313
4350,24.8126285429829,29,51.6793603348858,338599,7.76761436462402
4351,167.805701033273,500,58.7622857836802,339099,14.4552211761475
4352,51.2578701585224,63,58.9687458313642,339162,12.6489143371582
4353,71.0694710637734,126,60.8683386207116,339288,20.1415996551514
4354,44.3448064418046,50,61.9558390623433,339338,17.3579978942871
4355,21.956259545565,23,53.6798688697669,339361,16.4870147705078
4356,59.8305573092491,105,54.2764930620957,339466,16.9387302398682
4357,96.237884813022,195,52.9234622215472,339661,18.1979942321777
4358,42.1862591826198,49,53.2667290088751,339710,19.8528518676758
4359,73.4760932200608,137,53.873724967374,339847,17.2832164764404
4360,30.1482117372485,34,53.5920306457517,339881,13.2863941192627
4361,23.7787398934637,26,51.4674461830665,339907,18.3342590332031
4362,7.21897970208531,114,49.6488975198769,340021,17.2911949157715
4363,18.7994300389846,20,49.3691979061451,340041,18.4807281494141
4364,10.2323768535167,101,48.8832258909008,340142,21.3323554992676
4365,22.1692042570044,29,46.8801856998566,340171,2.90362405776978
4366,22.0270799186259,24,47.8550544338177,340195,11.4085884094238
4367,25.9824151437072,26,48.0475750748263,340221,19.6658115386963
4368,-29.2719411962286,4,42.2946143669274,340225,11.4628601074219
4369,124.045920285582,219,45.4053973972431,340444,16.247688293457
4370,87.0716364842652,189,48.5183477943072,340633,13.6938524246216
4371,22.9015371217567,30,41.2731395987314,340663,1.69069623947144
4372,30.1438117826509,32,40.2174366799378,340695,17.5127906799316
4373,50.6009607254915,57,39.1940111630238,340752,9.63578224182129
4374,21.8971135789204,26,38.0716265198796,340778,8.38595008850098
4375,38.106058191824,44,38.8791164521925,340822,15.1402311325073
4376,26.1608847105533,29,37.1956328222577,340851,15.409854888916
4377,22.632175671898,23,33.5153473652015,340874,11.6004638671875
4378,24.4989998078453,28,32.6309843964628,340902,9.59444427490234
4379,59.9343569675192,109,31.9538975838357,341011,20.587516784668
4380,47.5045579855813,93,32.8217148962523,341104,19.516544342041
4381,24.1047138609969,26,32.838013594629,341130,16.2366008758545
4382,140.430143416436,297,39.4985717803465,341427,14.8132476806641
4383,45.9539389602376,51,40.8562972264092,341478,17.1936531066895
4384,27.8550675289079,30,41.7374317601787,341508,13.7520036697388
4385,-34.6204238598619,12,38.8979503543354,341520,13.4634914398193
4386,30.7800393543519,34,39.3355983261217,341554,14.9747905731201
4387,30.2619093926071,35,39.5495730385667,341589,11.3541507720947
4388,21.9421758811743,23,42.1102788924369,341612,7.65240478515625
4389,28.4887740647052,33,37.332421581393,341645,17.9030075073242
4390,23.0453508516999,24,34.1311072997648,341669,19.0023593902588
4391,28.5788234922489,34,34.4149716182894,341703,15.0424518585205
4392,91.0467868507981,115,37.4601203716967,341818,11.8073234558105
4393,131.359351928568,278,41.4980399318505,342096,9.81637573242188
4394,29.9133351321001,33,41.8988510095095,342129,11.296724319458
4395,27.4008523565282,33,41.3635907177447,342162,10.194751739502
4396,25.9211711901931,31,41.3516050417267,342193,14.2444019317627
4397,29.1253540456545,31,41.6762639604145,342224,16.5880184173584
4398,18.8797544516455,22,41.3953016926045,342246,19.3052425384521
4399,23.7994451953036,26,39.5885561039938,342272,18.5710582733154
4400,23.5780028752905,30,38.3922283484792,342302,10.6537923812866
4401,25.5672872384565,30,38.4653570173522,342332,10.9273490905762
4402,38.031985653204,41,33.3454491291906,342373,16.8594551086426
4403,62.3625697025761,73,34.1658806663075,342446,21.0131130218506
4404,102.539894738857,212,37.900122026805,342658,10.7266998291016
4405,21.9652965768751,26,40.7294080486419,342684,11.4753665924072
4406,21.7025630034557,28,40.2755342310971,342712,11.3887567520142
4407,37.5400684248856,86,40.639442182711,342798,16.3714504241943
4408,21.330804838265,25,40.6088736305655,342823,3.31092214584351
4409,85.6213975692087,142,43.4655048057907,342965,16.7906379699707
4410,180.237625149218,304,51.3251185206666,343269,18.063419342041
4411,31.6492635900386,37,51.4786405255561,343306,13.8913650512695
4412,-29.3291717469036,4,45.459842595671,343310,6.56346559524536
4413,94.1034930535366,186,43.5970496519195,343496,17.5063972473145
4414,28.8532939206864,34,43.5440475913488,343530,13.7275657653809
4415,66.6891116145847,77,45.5084605542516,343607,13.7861547470093
4416,47.2774568731293,54,46.5762748383984,343661,9.96126174926758
4417,26.8211369548466,27,46.461063983858,343688,18.1738395690918
4418,48.0149298078128,54,47.9178227516664,343742,17.0260124206543
4419,59.6721730796882,66,49.7114591458856,343808,19.0492420196533
4420,20.1461982627328,26,49.5398689152577,343834,10.503155708313
4421,35.8209822643841,42,50.0525536665541,343876,13.1191139221191
4422,27.5041628337164,35,49.5261625255797,343911,12.1372203826904
4423,25.7703669793792,30,47.6965523894199,343941,11.9434261322021
4424,29.2436057755221,32,44.0317379412531,343973,15.1291704177856
4425,32.1819313935521,34,44.542569682087,344007,14.1301078796387
4426,-29.2617260180188,4,41.9943552310133,344011,13.0090789794922
4427,22.6912149056018,25,41.2519125550491,344036,17.6510276794434
4428,29.0054759470658,31,41.6356461104891,344067,20.1987400054932
4429,54.6252747443501,63,40.0858399692462,344130,12.1039447784424
4430,65.0940181970777,78,34.3286596216392,344208,15.3921928405762
4431,22.6353248196676,27,33.8779626831206,344235,8.1456356048584
4432,22.5354644303239,27,36.471194491982,344262,14.8939685821533
4433,60.8572944008322,113,34.8088845593468,344375,21.1660079956055
4434,19.2889432261464,27,34.3306670246198,344402,6.95038414001465
4435,78.9250335810913,188,34.9424631229451,344590,17.2209968566895
4436,45.7098561979905,53,34.8640830891881,344643,15.8684577941895
4437,24.9832187357994,27,34.7721871782358,344670,11.2357273101807
4438,20.9670169363777,25,33.419791534664,344695,6.10489463806152
4439,82.7342830611947,182,34.5728970337394,344877,20.6071128845215
4440,45.5355404353497,52,35.8423641423702,344929,17.6404609680176
4441,29.6466547393496,33,35.5336477661185,344962,15.7566165924072
4442,-34.9938163167144,11,32.4087488085969,344973,2.18343067169189
4443,49.144904705927,55,33.5774756949243,345028,19.4950561523438
4444,235.969497578318,486,43.9137702850641,345514,18.1291351318359
4445,76.5986849411071,137,46.1346079624418,345651,12.2031049728394
4446,-35.5425329141349,11,45.820567617636,345662,1.58759522438049
4447,43.0366370844621,51,46.837838726579,345713,18.3298397064209
4448,-29.2726827076734,4,43.9239307938421,345717,10.3045711517334
4449,115.568557574488,270,46.971094935349,345987,18.4852142333984
4450,30.0894714796393,35,45.220867599477,346022,8.76058197021484
4451,35.4144024379848,37,45.8598214803929,346059,20.4797897338867
4452,59.0966540107426,71,47.6878809594138,346130,14.6330890655518
4453,54.8008603317644,66,47.3850592559605,346196,14.9347887039185
4454,37.037626812097,49,48.272493435258,346245,7.21329116821289
4455,27.1588126943877,29,45.6841823909228,346274,16.8065547943115
4456,-36.1037351494693,14,41.5935028235498,346288,2.17929339408875
4457,26.9155361162313,31,41.6901186925714,346319,19.6934432983398
4458,22.4034344013815,25,41.7619395658216,346344,13.1660785675049
4459,43.8935527620351,54,39.8199030508636,346398,3.41945838928223
4460,-36.4854889019632,13,35.718851583998,346411,7.05143404006958
4461,35.0778777105002,38,35.9904127325555,346449,16.9498119354248
4462,50.4966931684303,58,40.2649382068128,346507,9.68326854705811
4463,-34.8471561104762,12,36.0653351659926,346519,10.2755241394043
4464,35.3550115205621,38,26.0346108631048,346557,17.5882377624512
4465,-29.2291511680623,4,20.7432190576464,346561,17.6705780029297
4466,35.4343333232482,41,24.2920623695155,346602,9.69610118865967
4467,56.7967205808394,68,24.9800665443344,346670,6.19220781326294
4468,-35.2504864982315,11,24.6811763548065,346681,4.01104927062988
4469,0.500001478017751,91,18.927748549983,346772,13.7168846130371
4470,31.7567449764568,39,19.0111122248238,346811,15.2451419830322
4471,29.9186184871514,30,18.7363230272822,346841,14.4554996490479
4472,60.0267449951941,70,18.7828275765047,346911,18.5148544311523
4473,26.9420848551647,36,17.3898888026747,346947,7.96335124969482
4474,8.4927228170687,101,15.9626436029233,347048,14.6052112579346
4475,20.8607260274667,27,15.6477392695773,347075,13.188325881958
4476,20.0424905450083,24,18.4550505543012,347099,13.098072052002
4477,78.0303055423241,325,21.0107890256058,347424,5.35768127441406
4478,19.5545964747901,24,20.8683471292762,347448,16.5006904602051
4479,19.9764022126312,25,19.672489601806,347473,9.82826709747314
4480,-36.102100520317,12,19.6916590208884,347485,5.16622972488403
4481,30.8704890898925,36,19.481289589858,347521,14.0970153808594
4482,59.941563640223,66,19.9535331134476,347587,18.1623783111572
4483,39.2356780550511,44,23.657674821724,347631,19.1186294555664
4484,29.1719627628859,34,23.3485223838402,347665,16.4475955963135
4485,25.5592414920858,30,26.0879420168476,347695,4.2419319152832
4486,127.383995515559,275,30.6854251264631,347970,12.0371685028076
4487,23.4076400198578,32,29.015971098414,348002,7.78096389770508
4488,25.4471411320857,27,32.0508524799299,348029,16.9443092346191
4489,27.7345742990528,34,33.4125811209816,348063,12.0740337371826
4490,87.3200205179386,180,36.1907448980557,348243,12.508020401001
4491,25.3716402102838,33,35.9633959842123,348276,9.38031387329102
4492,33.6787729972197,34,34.6459973843136,348310,19.4540958404541
4493,23.7972052526109,28,34.4887534041859,348338,11.0792055130005
4494,26.4113804733271,28,35.3846862869989,348366,12.0949668884277
4495,18.3470035708803,21,35.2590001641695,348387,10.7273483276367
4496,45.4164140956863,52,36.5276963417034,348439,5.71809482574463
4497,19.2100201975481,22,33.5866820744646,348461,9.15701007843018
4498,20.9782704451936,28,33.6578657729848,348489,-1.048996925354
4499,55.7817110017563,102,35.4481312124411,348591,18.893310546875
4500,32.6346276244288,38,38.8849676196784,348629,14.3515472412109
4501,56.2742130329415,111,40.1551538168308,348740,13.2291526794434
4502,-29.2807401301051,4,35.6940386283144,348744,8.80308723449707
4503,43.146942697937,47,35.8896018604587,348791,17.5115184783936
4504,27.7473596824685,29,35.8183717064378,348820,19.4556579589844
4505,23.0390572979143,26,35.6923624967292,348846,8.06393814086914
4506,20.5848601293378,27,30.3524057274182,348873,1.55250430107117
4507,103.622494490077,162,34.3631484509292,349035,15.8716621398926
4508,42.0947365445394,48,35.1955282215518,349083,12.5613718032837
4509,20.7381497172601,22,34.8457069924622,349105,14.7308750152588
4510,27.505703708604,31,31.8549911519955,349136,15.0450954437256
4511,22.3626592844609,25,31.7045421057043,349161,17.1058464050293
4512,26.5097911483565,29,31.3460930132612,349190,19.2720108032227
4513,17.0302200899365,110,31.0077437551274,349300,15.16490650177
4514,48.116615786714,57,32.0930055207968,349357,13.2537183761597
4515,31.6448624966195,36,32.7578984670837,349393,14.5174732208252
4516,80.8175847098408,312,34.5279569977915,349705,19.1384620666504
4517,-37.0365106643789,13,31.7156304546951,349718,2.19580054283142
4518,43.8635737137577,51,32.8598956181233,349769,19.5885467529297
4519,31.1953030687461,37,31.6305752214728,349806,14.6133155822754
4520,-36.4498533419615,13,28.1763511731533,349819,2.29041337966919
4521,40.8803408023639,43,27.4066575616244,349862,15.564058303833
4522,46.4985683417189,54,31.1956229852156,349916,14.0228977203369
4523,21.8022628639002,22,30.1283889935138,349938,21.6910514831543
4524,30.6494112291409,35,30.2734915708474,349973,12.7582569122314
4525,81.0433645046087,104,33.1737069311821,350077,1.40261650085449
4526,19.7392637222701,22,33.1314271108287,350099,12.5202732086182
4527,174.83659942257,500,36.6921323574534,350599,17.4576835632324
4528,21.7512445613043,21,35.6749577582916,350620,19.3044395446777
4529,179.972415963715,500,43.6366710706144,351120,19.2431106567383
4530,24.4146238520088,29,43.4821170777846,351149,13.1824188232422
4531,20.6261745478999,22,43.3952928409566,351171,14.0151062011719
4532,43.6404917025461,50,44.2518278686661,351221,10.6689968109131
4533,19.2938352771407,20,44.3650086280263,351241,20.0604286193848
4534,-35.0154934850337,11,40.2084031644389,351252,1.33941125869751
4535,39.8936364186508,45,40.6208418605405,351297,18.2980632781982
4536,64.9794561893896,72,39.8289354345179,351369,17.5530948638916
4537,113.716789376759,256,47.3666004365748,351625,14.8690605163574
4538,43.3484838189302,51,47.3408459418334,351676,9.88478946685791
4539,25.7288995209406,29,47.0675257644432,351705,18.5817794799805
4540,20.5763384765962,26,49.9188353553711,351731,10.3480701446533
4541,40.4846941288954,47,49.8990530216976,351778,14.2415771484375
4542,21.5519278617265,25,48.651720997698,351803,19.5233783721924
4543,36.6311567835319,43,49.3931656936796,351846,10.8208160400391
4544,157.508099745931,267,55.7361001195191,352113,17.6094741821289
4545,34.9372786661395,41,53.4307958275957,352154,11.8234424591064
4546,29.4192847227676,34,53.9147968776205,352188,14.7415075302124
4547,35.8420626355546,40,46.9650700382698,352228,17.7725467681885
4548,142.308807048803,257,52.9929481626447,352485,19.6983032226562
4549,-28.2461291193921,3,42.5820209084893,352488,2.96738791465759
4550,22.7171763980583,28,42.4971485357918,352516,7.74843883514404
4551,45.6655155525266,97,43.7491155860231,352613,14.9536209106445
4552,91.4854748823176,147,46.1413647450117,352760,19.9802951812744
4553,76.557475204976,90,49.0045467414035,352850,19.9321136474609
4554,43.159417407598,54,52.913292286035,352904,3.33418798446655
4555,131.768534175697,329,57.5070371738873,353233,15.3570213317871
4556,37.1100425818791,43,56.1135664935118,353276,15.9928417205811
4557,36.4785954182274,38,52.2516567955852,353314,19.6613788604736
4558,24.7542145446248,28,51.3219433318699,353342,19.5237083435059
4559,22.5934888958307,29,51.1651728006144,353371,12.5477447509766
4560,20.0562470567185,26,51.1391682296206,353397,6.00263977050781
4561,39.8777969170848,47,51.10882336903,353444,13.8699216842651
4562,67.2480102084676,78,53.3936274863671,353522,19.5925121307373
4563,29.3033932500465,30,53.0272393096928,353552,19.6112403869629
4564,25.8423963130345,30,46.443954138048,353582,14.7187747955322
4565,63.0761308459349,77,47.8508967470377,353659,15.8484115600586
4566,20.6013057797364,25,47.4099977998862,353684,16.2612247467041
4567,53.3008265333459,59,48.2829359947757,353743,19.3568477630615
4568,21.7226065939603,26,42.2536259720336,353769,7.81086301803589
4569,36.399260685047,43,45.4858954622556,353812,13.0646619796753
4570,21.4935338406159,24,45.4247133343835,353836,20.7942981719971
4571,32.2908508573518,37,44.7559800996247,353873,17.3086757659912
4572,27.4766675503209,34,41.5555397330249,353907,12.6379871368408
4573,44.65635383391,53,39.9604836644716,353960,14.0746908187866
4574,64.5644553270516,78,41.0307355604443,354038,13.9102745056152
4575,24.6926702453917,33,35.676942363929,354071,8.20944881439209
4576,210.432435063751,500,44.3430619880226,354571,18.2026329040527
4577,35.0326782119035,40,44.2707661277064,354611,16.4413986206055
4578,19.7343732677762,22,44.019774063864,354633,18.9356727600098
4579,81.00810385527,104,46.9405048118359,354737,2.84849977493286
4580,20.662734324968,27,46.9708291752484,354764,5.38008069992065
4581,53.8609334087262,59,47.6699859998305,354823,17.485424041748
4582,148.215738140966,222,51.7183723964554,355045,17.5493278503418
4583,56.7333574667421,105,53.0898706072902,355150,17.4077320098877
4584,22.2271347145034,25,52.9091075273637,355175,21.4161491394043
4585,60.6140965411877,70,52.7860058121263,355245,17.8150691986084
4586,30.0359281944155,34,53.2577369328602,355279,14.0028972625732
4587,34.1198890785791,39,52.2986900601219,355318,16.3976001739502
4588,19.4914023230939,25,52.1871298465786,355343,8.29889297485352
4589,59.8385419045041,78,53.3590939075514,355421,10.0591526031494
4590,36.1007986871126,40,54.0894571498763,355461,17.2851829528809
4591,-29.2563969223775,4,51.0120947608898,355465,17.1164169311523
4592,64.8790843918447,71,52.882215602966,355536,21.2193984985352
4593,24.8453111340035,29,51.8916634679707,355565,8.05396270751953
4594,-35.3273750322039,11,46.8970719500079,355576,3.71277523040771
4595,28.1272098175244,34,47.0687989286145,355610,8.38686275482178
4596,62.0327540992601,77,39.64881488039,355687,8.30024719238281
4597,31.6264318432249,36,39.4785025619561,355723,16.9609031677246
4598,27.296520674753,30,39.8566099323049,355753,20.6186294555664
4599,20.4316503498904,26,36.8277872570359,355779,14.2184925079346
4600,36.3782431970538,40,37.6135627006402,355819,14.0130453109741
4601,41.2755635430541,49,36.9842942073566,355868,7.0886287689209
4602,26.1414901493314,29,30.8805818077749,355897,18.9605941772461
4603,32.0849679577267,34,29.6481623323241,355931,20.4611301422119
4604,-29.277982991104,4,27.0729064470437,355935,11.0920438766479
4605,25.3031766970268,28,25.3073604548357,355963,16.8649406433105
4606,-35.9252937716104,13,22.0092993565344,355976,13.4570741653442
4607,20.0457311227957,25,21.3055914587452,356001,10.0018482208252
4608,76.7824153344552,133,24.1701421093133,356134,19.4167404174805
4609,44.7311931126752,51,23.4147746697218,356185,14.0870742797852
4610,59.2073591981113,66,24.5701026952718,356251,21.5162620544434
4611,61.4584206503555,110,29.1058435739084,356361,19.1839580535889
4612,-35.9355728368891,12,24.0651107124717,356373,4.39220142364502
4613,93.4889084520541,193,27.4972905783743,356566,11.4724254608154
4614,26.8432249000016,30,30.6058205749845,356596,8.55605316162109
4615,29.5803647202882,36,30.6784783201227,356632,11.4992389678955
4616,21.1507374340789,25,28.6343774868637,356657,14.1375246047974
4617,40.3296454219927,48,29.0695381658021,356705,16.0001049041748
4618,94.5515775151483,148,32.4322910078218,356853,20.1997413635254
4619,181.484997620302,375,40.4849583713424,357228,18.7580089569092
4620,63.8235570500655,117,41.857224063993,357345,17.1230907440186
4621,-34.5427271901455,11,38.066309527333,357356,9.91216278076172
4622,22.8785724995011,26,37.9031636448415,357382,15.413215637207
4623,30.1717240793549,34,37.8075014509229,357416,15.1123151779175
4624,22.5055777128005,27,40.3966794861181,357443,9.89860534667969
4625,36.2686485525067,40,40.9449530788921,357483,10.4121074676514
4626,35.5253302762537,38,44.5174842812853,357521,20.6986351013184
4627,45.3669995799577,50,45.7835477041434,357571,13.6123161315918
4628,20.0384056522197,27,42.9463472200317,357598,9.83550262451172
4629,54.5294273105627,62,43.436258929926,357660,11.354455947876
4630,23.7807206095428,30,41.6649270004976,357690,9.11213493347168
4631,-33.977436853702,10,36.8931341252947,357700,9.41760444641113
4632,-34.7055954129491,11,36.9546329964917,357711,0.797849178314209
4633,40.1003839163166,46,34.2852067697048,357757,6.50651407241821
4634,49.712184091192,60,35.4286547292644,357817,15.3433818817139
4635,-28.2394870864392,3,32.537662138928,357820,4.11468553543091
4636,53.5787306010939,68,34.1590617972787,357888,8.73664283752441
4637,33.6879098052267,39,33.8269750164404,357927,15.7982263565063
4638,20.9832266796602,26,30.148557474666,357953,14.3071575164795
4639,111.135516261732,179,26.6310834067375,358132,16.3380432128906
4640,-35.7236760004952,12,21.6537217542095,358144,-1.02235078811646
4641,31.4348194173588,36,24.9525990845847,358180,4.02380323410034
4642,-30.3354148482829,5,22.2918997171955,358185,9.12383460998535
4643,25.4743616455103,34,22.0570315955033,358219,11.5097846984863
4644,46.3411579795203,52,23.2488106088393,358271,10.8330640792847
4645,126.547689388092,267,27.7627626506185,358538,19.6819229125977
4646,-28.2359096843224,3,24.5747006525897,358541,5.90552854537964
4647,94.9353399745698,201,27.0531176723203,358742,19.0790824890137
4648,19.7299916879125,28,27.037696974105,358770,9.53192615509033
4649,21.4815215797172,26,25.3853016875627,358796,13.1664543151855
4650,43.5946746591654,48,26.3759993900438,358844,14.99205493927
4651,23.6904177737625,27,29.2593921214171,358871,16.674690246582
4652,117.484083170305,235,36.8688760505798,359106,17.7155075073242
4653,22.9634041597555,26,36.0120270627517,359132,10.7716941833496
4654,24.3825464009248,30,34.7455451782384,359162,7.96930313110352
4655,100.961508443904,199,41.2055949547555,359361,10.4383544921875
4656,12.116151905768,108,39.1324660199892,359469,14.3165950775146
4657,22.146786196691,25,38.5554098395624,359494,14.980034828186
4658,44.72792337102,52,39.7426446741304,359546,7.19259262084961
4659,35.4804249556476,37,35.9598901088262,359583,17.2763938903809
4660,27.9758987643895,32,39.1448688470704,359615,14.5240802764893
4661,24.5118360672039,33,38.7987196795627,359648,2.20674991607666
4662,39.3998719266144,43,42.2854840183075,359691,19.2523288726807
4663,27.0090654989634,35,42.3622192109802,359726,8.30763626098633
4664,21.2072757560268,26,41.1055250998055,359752,9.14851093292236
4665,-34.8932749628099,11,33.0334768822604,359763,4.56222057342529
4666,20.7309049638926,26,35.4818176146712,359789,17.0910453796387
4667,-29.3261660945925,4,29.2687423112131,359793,0.291757106781006
4668,34.5519957665029,37,30.0098425151426,359830,15.5322542190552
4669,47.4130657368946,57,31.3064197230015,359887,8.90266704559326
4670,43.0298268545033,50,31.2781773327684,359937,14.3566389083862
4671,40.3970232465251,46,32.1135076064065,359983,13.9908199310303
4672,41.6921579515182,47,28.3239113454671,360030,19.8882026672363
4673,84.3658650639638,189,31.3940343906776,360219,18.4865913391113
4674,36.8271849868312,39,32.0162663199729,360258,12.3158435821533
4675,51.4859592352305,57,29.5424888595392,360315,16.9574661254883
4676,19.9405648040412,23,29.9337095044529,360338,6.61525392532349
4677,-29.301002642876,4,27.3613200624745,360342,13.7381992340088
4678,37.763165154285,44,27.0130821516378,360386,11.8963088989258
4679,110.708765428679,205,30.7744991752893,360591,19.5110187530518
4680,-35.5913128947284,12,27.5961385923335,360603,16.3694324493408
4681,53.8010840934695,59,29.0606009936467,360662,21.4608116149902
4682,79.4931238105702,141,31.0652635878445,360803,17.3125839233398
4683,31.3526345120199,37,31.2824420384974,360840,15.6714792251587
4684,72.3013523473567,168,33.8371458680638,361008,19.6188411712646
4685,25.4991615948215,30,36.8567676959454,361038,15.098837852478
4686,33.0363784573098,41,37.4720413706163,361079,12.0520143508911
4687,39.9198337353512,42,40.9343413621135,361121,18.5640487670898
4688,28.432910396005,73,40.6283870935886,361194,19.321268081665
4689,69.4658397546097,78,41.7310257944743,361272,18.3299579620361
4690,17.9079625431347,19,40.4749325789059,361291,11.8579196929932
4691,52.7828907419605,65,41.0942259536777,361356,9.36583042144775
4692,32.9328725804394,40,40.6562616851237,361396,9.91804504394531
4693,68.2442648757978,124,39.8501816757154,361520,17.5840682983398
4694,32.9134972563413,37,39.6544972891909,361557,19.8568134307861
4695,23.1295941817475,31,38.2366790365168,361588,5.90370178222656
4696,21.439504563661,31,38.3116260244978,361619,4.81786918640137
4697,84.8245120618742,140,44.0179017597353,361759,9.14403247833252
4698,181.83646089764,500,51.221566546903,362259,19.560546875
4699,164.647717073574,324,53.9185141291478,362583,13.8392190933228
4700,37.4419013138659,42,57.5701748395775,362625,15.7046184539795
4701,86.3908844717479,180,59.1996648584914,362805,19.9918632507324
4702,31.7614549756623,40,56.813081416746,362845,17.3595199584961
4703,42.7514216153955,50,57.3830207719148,362895,19.5759468078613
4704,24.6351155468725,31,54.9997089318906,362926,3.0698926448822
4705,20.0634354323086,26,54.7279226237649,362952,3.35194325447083
4706,81.8893039696924,145,57.1705688993841,363097,18.1600284576416
4707,26.3315656303657,30,56.4911554941348,363127,14.2176361083984
4708,174.689949936904,412,63.8040074711797,363539,20.6041126251221
4709,24.580184848699,29,61.5597247258842,363568,6.225426197052
4710,-34.9255422050711,12,58.9180494884739,363580,8.251708984375
4711,26.3986283999781,31,57.5988363713748,363611,15.983380317688
4712,36.4937647161853,43,57.7768809781621,363654,6.17885732650757
4713,45.7388477723572,52,56.65161012299,363706,14.0479564666748
4714,63.9996280774878,75,58.2059166640474,363781,15.4305400848389
4715,31.8493486879736,35,58.6419043893587,363816,15.6340236663818
4716,126.191388086945,236,63.8794985655229,364052,14.6638355255127
4717,20.9347274259831,24,60.6850093337283,364076,21.2522354125977
4718,24.7274553898875,29,52.8295590583407,364105,12.2837247848511
4719,34.4433672334627,42,46.3193415663351,364147,2.24696588516235
4720,27.5817080623028,32,45.826331903757,364179,17.293155670166
4721,216.992824648119,500,52.3564289125755,364679,21.3895854949951
4722,20.798157740422,27,51.8082640508135,364706,10.6707763671875
4723,-34.6225883401714,11,47.9395635530352,364717,6.24751281738281
4724,105.983981394806,165,52.0070068454319,364882,15.9155597686768
4725,69.712813570745,83,54.4894757523537,364965,19.2786178588867
4726,-29.2861231995272,4,48.9307043938927,364969,12.9178276062012
4727,19.5125366050944,26,48.5897529426291,364995,5.16143465042114
4728,32.6348117058997,33,41.486996031079,365028,12.9465398788452
4729,118.734293404483,224,46.1947014588681,365252,12.5484733581543
4730,13.4859279476616,111,48.6152749665048,365363,7.36325740814209
4731,63.3721298174232,71,50.463950037377,365434,19.6424655914307
4732,30.4458297992973,34,50.1615532915326,365468,16.2964611053467
4733,43.1756974482488,48,50.0333957753272,365516,16.3135070800781
4734,183.890733143111,347,56.0279510286083,365863,16.8756504058838
4735,162.831523752029,420,62.5770597818111,366283,19.7866687774658
4736,20.1605422600652,24,57.2755174904671,366307,11.7109880447388
4737,185.084476424492,345,65.4830049403926,366652,11.3973722457886
4738,26.9438119342507,30,65.5938227676108,366682,11.7550716400146
4739,30.7197391487325,34,65.4076413633742,366716,18.9587535858154
4740,25.2956428184502,28,65.2933381011816,366744,10.3416442871094
4741,31.39916632979,38,56.0136551852651,366782,6.95443820953369
4742,68.3753024099855,84,58.3925124187433,366866,9.91824340820312
4743,21.7042594921217,25,61.208854810358,366891,13.2062740325928
4744,20.4084519691763,30,56.9300783390765,366921,3.08339929580688
4745,28.2559199160757,27,54.857233656343,366948,19.7506141662598
4746,20.8747293761903,26,57.3652762851289,366974,15.7108659744263
4747,20.8185490417344,31,57.4305769069609,367005,3.03672456741333
4748,38.3139166487504,46,57.7145321541034,367051,1.80711221694946
4749,28.5983114725268,38,53.2077330575056,367089,20.4415035247803
4750,-36.3549315005111,12,50.715690085097,367101,2.00397300720215
4751,76.8721006364028,94,51.390688626046,367195,14.5899953842163
4752,27.6921662196636,37,51.2530054470643,367232,3.17152452468872
4753,49.5891134164875,56,51.5736762454762,367288,11.95276927948
4754,54.8312368042388,68,45.1207014285326,367356,7.78116512298584
4755,37.5208816531844,42,38.8551693235904,367398,20.5638313293457
4756,45.9047559358363,51,40.142380007379,367449,18.2396507263184
4757,50.9786623745313,58,33.4370893048809,367507,18.5755558013916
4758,20.5366975939563,26,33.1167335878662,367533,7.67994451522827
4759,214.537066679774,489,42.3075999644182,368022,17.6720237731934
4760,39.2908412361044,42,43.007359885301,368064,20.4877662658691
4761,-36.3912003469566,12,39.6178415514636,368076,4.86753129959106
4762,-29.2569345250948,4,34.7362297047096,368080,11.9926605224609
4763,41.0906806545263,51,35.7055507628298,368131,8.60217571258545
4764,39.3011473010707,44,36.6501855294246,368175,18.6354656219482
4765,19.7361544050187,23,36.2241972538717,368198,10.9414215087891
4766,35.4875395640288,41,36.9548377632636,368239,15.7771301269531
4767,20.7786018477339,20,36.9528404035636,368259,20.7670097351074
4768,37.2441134805261,41,36.8993502451524,368300,19.0625686645508
4769,34.0914376882331,83,37.1740065559377,368383,16.1440372467041
4770,-30.3333350924605,5,37.4750863763402,368388,6.07524013519287
4771,31.8485345338192,35,35.2239080712111,368423,15.4939041137695
4772,-13.5611968237776,74,33.161239919039,368497,20.8862228393555
4773,20.4808481227642,23,31.7058266543528,368520,12.9323406219482
4774,-30.3473397627459,5,27.4468978260036,368525,11.5353784561157
4775,24.9989501259821,28,26.8208012496435,368553,17.0358009338379
4776,-29.2830332938332,4,23.06141178816,368557,10.7310924530029
4777,157.506630752211,269,28.387810207044,368826,19.4440288543701
4778,20.74843557418,27,28.3983971060552,368853,4.66377305984497
4779,47.4981412075685,58,20.0464508324449,368911,13.3221702575684
4780,20.6898696455574,22,19.1164022529176,368933,19.0351295471191
4781,54.0861836009689,65,23.6402714503138,368998,14.8033485412598
4782,-35.3389396722465,11,23.3361711929562,369009,8.76929378509521
4783,34.6764353085438,38,23.0154589256571,369047,18.2178840637207
4784,51.5321014275278,158,23.62700663198,369205,13.4648275375366
4785,53.2327817641866,55,25.3018379999384,369260,18.8795127868652
4786,55.1387088221342,68,26.2843964628436,369328,6.27225303649902
4787,58.0242197672991,66,28.1466773588219,369394,13.2811584472656
4788,53.3970667062172,62,28.9543250201065,369456,5.87998914718628
4789,154.022490944017,353,34.9508776828957,369809,20.1987285614014
4790,34.3995842571318,41,38.1875236503753,369850,9.91215991973877
4791,40.775387629175,44,38.6338663051431,369894,19.0488910675049
4792,-29.26306816759,4,37.8487727379524,369898,14.5552425384521
4793,-29.2389521065503,4,35.3627827264867,369902,7.98410892486572
4794,23.8023105113443,25,38.0702652401912,369927,11.9687452316284
4795,39.2096465983144,44,38.7808000638078,369971,11.3642177581787
4796,21.2198203264953,27,41.3059427448243,369998,9.11009883880615
4797,25.8704003414734,33,34.7241312242874,370031,9.77135181427002
4798,23.879331658719,30,34.8806760285143,370061,12.2294778823853
4799,24.1403199826508,26,33.7127849672684,370087,17.726001739502
4800,39.4832130901189,49,34.6524521394965,370136,13.5292377471924
4801,46.9597811577262,55,34.2961320173344,370191,8.43492031097412
4802,48.6208616561458,56,38.494122083754,370247,16.8283348083496
4803,54.5513646092535,64,39.4878685487895,370311,4.41014385223389
4804,25.6764000694994,27,38.1950834808881,370338,16.7854690551758
4805,31.8053466195368,36,37.1237117236556,370374,9.2321834564209
4806,22.0333899263987,27,35.4684457788688,370401,11.626148223877
4807,-29.2920372976508,4,31.1026329256213,370405,9.4448299407959
4808,22.7093076953049,23,29.5682449750757,370428,18.885311126709
4809,62.5209977439058,72,24.9931703150702,370500,21.8066635131836
4810,20.4647053866351,23,24.2964263715453,370523,16.6491870880127
4811,-36.9450286409813,14,20.4104055580375,370537,11.0023880004883
4812,38.4465084908475,48,23.7958843909594,370585,5.1025972366333
4813,21.158684906589,24,26.3157662416163,370609,16.531566619873
4814,-34.6885314177145,11,23.3912241451634,370620,4.64622640609741
4815,33.106730148962,40,23.0860783226958,370660,3.49534964561462
4816,91.1361243139189,153,26.581893522067,370813,16.4604835510254
4817,132.64305379489,287,31.9205261947378,371100,14.5754013061523
4818,33.5180979612669,38,32.4024645098652,371138,12.0329742431641
4819,-34.841737234505,12,29.4533616490074,371150,4.80869388580322
4820,-29.30957797315,4,26.0137220958439,371154,8.17133331298828
4821,183.680734214152,295,32.8497697486652,371449,12.2690601348877
4822,28.9316030592503,33,31.8653068188205,371482,18.8164939880371
4823,23.0760926022145,24,30.2915432184685,371506,13.7532062530518
4824,25.7691162851406,27,30.2961790292506,371533,14.3500757217407
4825,-30.2880844557665,5,27.1915074754854,371538,8.41911792755127
4826,44.1739978685971,50,28.2985378725953,371588,13.7252569198608
4827,40.0489635753102,45,31.7655879162434,371633,15.5578775405884
4828,53.6393333536345,64,33.3120891991598,371697,13.870288848877
4829,21.9139105794707,24,31.2817348409381,371721,15.1795873641968
4830,23.2994187071525,29,31.423470506964,371750,19.2970943450928
4831,24.4661254371761,30,34.4940282108718,371780,14.808313369751
4832,18.5416757050316,21,33.498786571581,371801,14.9141750335693
4833,45.162929191079,54,34.6989987858055,371855,9.22891616821289
4834,19.5621104273011,27,37.4115308780563,371882,9.55801963806152
4835,49.0277508724989,61,38.2075819142332,371943,3.72122597694397
4836,22.9954858973531,26,34.8005499934049,371969,17.0572700500488
4837,35.1741256894758,39,29.9271035881342,372008,17.8412952423096
4838,-36.1274625449605,13,26.4448255628228,372021,9.68336963653564
4839,24.1704348582053,29,29.3954341674583,372050,11.3076229095459
4840,30.992738294531,35,32.4105499808424,372085,15.336254119873
4841,72.4427752341907,88,26.8486520318443,372173,15.5002784729004
4842,34.7226138022386,38,27.1382025689937,372211,17.8472461700439
4843,22.1406332601849,28,27.0914296018922,372239,2.55260896682739
4844,35.0739861298595,39,27.5566730941282,372278,14.293755531311
4845,66.8597515634277,81,32.4140648950879,372359,19.3390064239502
4846,45.8897931850118,51,32.4998546609086,372410,20.9057960510254
4847,23.6646631429661,27,31.6806396392914,372437,16.1738414764404
4848,31.8903365128216,35,30.5931897972508,372472,19.3085231781006
4849,70.8834758790104,128,33.0416680622278,372600,17.391674041748
4850,20.7826943245531,25,32.9158318430978,372625,6.20410442352295
4851,29.702136904233,37,33.1776324164506,372662,12.6404571533203
4852,-29.3028389698713,4,30.7854066827055,372666,8.06398010253906
4853,141.388054009973,303,35.5966629236502,372969,14.6508522033691
4854,30.4454587797294,34,36.1408303412716,373003,11.0783996582031
4855,73.1557359552262,128,37.347229595408,373131,19.1275939941406
4856,-29.2233482792133,4,34.7362878865796,373135,15.2244415283203
4857,30.6199899148386,35,34.5085810978478,373170,15.0399255752563
4858,60.0826752549936,71,39.3190879878455,373241,13.7801246643066
4859,42.9688780751548,49,40.259010148693,373290,17.5555686950684
4860,-29.2684540288287,4,37.245950532525,373294,11.157377243042
4861,246.296807982198,500,45.9386521699253,373794,19.8984985351562
4862,38.8528586870839,45,46.1451644141676,373839,16.0739116668701
4863,20.1189142952824,22,46.0440784659225,373861,18.8807983398438
4864,43.3840861534206,90,46.4595834671005,373951,20.3028259277344
4865,25.7899518469185,29,44.406093481275,373980,9.79013061523438
4866,41.9897645069487,49,44.2110920473719,374029,15.1698560714722
4867,96.4146932587469,152,47.8485935531609,374181,20.9625663757324
4868,41.041441151233,49,48.3061487850815,374230,8.93907356262207
4869,32.2895581241488,38,46.3764528973384,374268,20.1112995147705
4870,60.9086552540805,111,48.3827509438148,374379,10.5667171478271
4871,-35.0240627371592,12,45.1464409617452,374391,11.2142601013184
4872,29.4846039642582,33,48.0858131084517,374424,17.8526668548584
4873,44.7267462548134,51,43.2527477206937,374475,19.4256782531738
4874,45.3520394166936,54,43.9980767525419,374529,15.2654266357422
4875,61.8663933596659,69,43.4336096227639,374598,20.33323097229
4876,195.321163871776,500,54.6608352303133,375098,15.5459995269775
4877,-29.2132912754252,4,51.6691711708002,375102,21.2355995178223
4878,108.548912917314,220,54.0924830539162,375322,15.7017583847046
4879,60.5931380731594,110,54.9736960538164,375432,18.1439323425293
4880,44.4588880044714,45,58.6600631554814,375477,20.3662452697754
4881,20.6459647406199,25,47.3775209934025,375502,14.2656192779541
4882,21.9058475929553,29,46.5301704386961,375531,9.27933120727539
4883,27.4965450431097,32,46.8990519760874,375563,9.66011619567871
4884,42.1977097093144,46,46.8397331538821,375609,21.3365478515625
4885,132.047207639078,327,52.1525959434901,375936,19.3551692962646
4886,66.4070614485481,78,53.3734607905701,376014,18.6805076599121
4887,20.7835246041633,25,49.5919023578409,376039,16.8648815155029
4888,52.5216894982654,58,50.1659147751925,376097,19.6146106719971
4889,56.9211963203278,72,51.3974966850015,376169,8.56455039978027
4890,36.6032369786376,40,50.1822257712293,376209,20.8285388946533
4891,38.0719842268018,44,53.8370281194274,376253,17.9520072937012
4892,48.2424168814368,55,54.7749187652863,376308,11.1280574798584
4893,27.4961174831682,37,53.9133873267041,376345,7.77457523345947
4894,59.8323544194248,67,54.6374030768406,376412,13.6274909973145
4895,60.0201981266077,71,54.5450933151877,376483,5.27814245223999
4896,19.1789005318727,20,45.7379801481926,376503,22.6370067596436
4897,24.1812850524284,29,48.4077089645852,376532,15.3092260360718
4898,64.784529565194,75,46.2194897969792,376607,15.8563194274902
4899,49.8177891279184,58,45.6807223497172,376665,16.4783878326416
4900,26.4147702076318,29,44.7785164598752,376694,19.8521518707275
4901,21.1087782434807,26,44.8016571350182,376720,10.841383934021
4902,29.739891706932,33,45.1933593407171,376753,18.7440166473389
4903,20.2836134357177,22,44.8327127603475,376775,10.2884140014648
4904,-34.6432121841762,11,40.9906666656729,376786,9.42886924743652
4905,-35.7030871737996,11,32.6031519250291,376797,2.91965389251709
4906,28.4021596058468,33,30.702906832894,376830,5.6185188293457
4907,44.8028749586864,53,31.9038743506202,376883,12.0499229431152
4908,73.7137659623911,172,32.9634781738264,377055,21.8430404663086
4909,33.1282217227026,42,31.7738294439452,377097,9.8314094543457
4910,21.0911701127352,28,30.9982261006501,377125,9.34325981140137
4911,20.881230059231,29,30.1386883922715,377154,8.11640644073486
4912,49.1265515798518,55,30.1828951271923,377209,15.0293788909912
4913,33.8266697945454,35,30.4994227427611,377244,18.0560455322266
4914,36.5660550673451,42,29.3361077751571,377286,3.87608003616333
4915,111.572651410175,171,31.9137304393355,377457,20.1478614807129
4916,21.9539351246878,30,32.0524821689763,377487,5.48894023895264
4917,23.302865852486,24,32.0085612089792,377511,20.032844543457
4918,48.3436771413649,57,31.1865185877877,377568,13.9659290313721
4919,20.5324423463486,29,29.7222512487092,377597,7.95672512054443
4920,46.1085062140314,55,30.7069380490292,377652,14.2462329864502
4921,31.7298693772164,35,31.237992605716,377687,12.906307220459
4922,17.4093098063304,30,30.6214635106859,377717,0.482802867889404
4923,-29.2589815603485,4,28.1443337608826,377721,13.1791877746582
4924,39.4441118468347,46,31.8486999624331,377767,15.8509016036987
4925,25.3921164271497,26,34.9034601424806,377793,19.3559398651123
4926,24.4727932780994,27,34.7069918260932,377820,9.8938627243042
4927,50.4118779106206,59,34.9874419736899,377879,18.1387500762939
4928,51.5319009638026,62,33.8783487237605,377941,14.1465301513672
4929,-28.2106058032441,3,30.8114073474632,377944,13.6571521759033
4930,-29.2602598610966,4,28.2938358487716,377948,17.0200519561768
4931,-29.2211963500968,4,25.7887145283052,377952,16.1319561004639
4932,47.7726211902571,56,25.7210180088255,378008,18.4792652130127
4933,20.4464476884129,22,25.0520069035188,378030,21.5080280303955
4934,155.72213117781,303,31.0098107090421,378333,20.5942630767822
4935,44.4365670952717,94,27.6530064932969,378427,14.9740304946899
4936,20.1080662641548,20,27.5607130502702,378447,21.5184688568115
4937,29.6764076215097,34,27.8793901387214,378481,22.1181106567383
4938,26.926575774177,32,26.808535070362,378513,13.7968482971191
4939,37.3418843624882,48,27.649007171169,378561,7.50229072570801
4940,38.4109313172986,43,27.2641284263324,378604,11.3511476516724
4941,34.2990998287588,35,27.3925899489095,378639,20.4353408813477
4942,35.5665349245872,39,28.3004512048223,378678,17.7751026153564
4943,50.7521527075682,61,32.3010079182182,378739,12.4035892486572
4944,42.5712965678351,46,32.4573671542682,378785,20.3027172088623
4945,27.2964627694714,34,32.5525844713843,378819,12.5104637145996
4946,197.261665603944,311,41.1920280876765,379130,20.1223068237305
4947,23.6465457394724,29,39.8537614791191,379159,10.9100399017334
4948,20.390983387731,27,38.2967156003155,379186,5.29234027862549
4949,28.8822014358573,31,41.1513559622706,379217,6.82414579391479
4950,20.5119898436021,26,43.6399684475055,379243,8.44296264648438
4951,41.6082601483389,47,47.1814412724273,379290,17.8112087249756
4952,21.9207370337276,26,45.8888470646008,379316,16.9969272613525
4953,27.1856656139767,35,46.225807960879,379351,10.1661005020142
4954,37.4747304577309,46,40.3134379248751,379397,15.5047922134399
4955,42.0782825702398,49,40.1955236986235,379446,20.9926204681396
4956,26.4627243857473,29,40.5132566047031,379475,18.4426307678223
4957,203.047578682127,407,49.181815157734,379882,14.556640625
4958,-29.2139511111256,4,46.3747888134689,379886,18.2622318267822
4959,72.0082402498761,130,48.1081066078383,380016,17.2526435852051
4960,22.1592458687713,21,47.2955223354119,380037,21.4146385192871
4961,-34.7094841076815,11,43.8450931385899,380048,9.49005508422852
4962,74.390603340971,94,45.7862965594091,380142,1.13653802871704
4963,-29.2443883063598,4,41.7864695087127,380146,16.8559379577637
4964,53.0049968179511,58,42.3081545212185,380204,18.8625183105469
4965,21.7303359995967,27,42.0298481827247,380231,5.84268569946289
4966,60.7167171664474,68,35.2026007608499,380299,20.1024360656738
4967,43.2808899418807,51,36.1843179709703,380350,10.8472423553467
4968,20.9207967692048,22,36.210808640044,380372,17.0052680969238
4969,60.2291845261914,118,37.7781577945607,380490,11.3149814605713
4970,26.4391932463339,32,38.0745179646973,380522,13.6056156158447
4971,58.4825007860076,66,38.9182299965807,380588,9.64545822143555
4972,94.5890932390933,152,42.551647806849,380740,13.6618824005127
4973,41.0774537715033,47,43.2462372147253,380787,18.264253616333
4974,41.5838881387657,45,43.4516950987771,380832,18.0944995880127
4975,22.5318983720712,32,42.4743758888687,380864,8.85480690002441
4976,99.9508771103649,165,46.1487835250995,381029,7.48999547958374
4977,22.171818904552,27,37.1049955362208,381056,11.8063545227051
4978,30.0691289948263,39,40.0691495415184,381095,6.20236778259277
4979,24.2352223532277,27,37.6804986466859,381122,19.6730194091797
4980,25.4884670334889,32,37.8469597049218,381154,1.05210256576538
4981,19.7658660110684,24,40.5707272108593,381178,18.6026554107666
4982,20.6347881849437,26,37.882936453058,381204,12.7967205047607
4983,56.3220220595834,64,42.1612569713551,381268,16.3014812469482
4984,99.1902985975353,164,44.4705220603343,381432,20.9168701171875
4985,24.5270308199205,30,44.6103568013505,381462,12.63623046875
4986,21.7933759598137,25,42.6641897410188,381487,16.333122253418
4987,-28.2107328125523,3,39.0896086032972,381490,13.315372467041
4988,-35.3144421224213,11,36.2778466587159,381501,-3.03196287155151
4989,23.739096873451,25,34.4533422760788,381526,19.036937713623
4990,163.188860388638,500,41.290825633194,382026,15.4590225219727
4991,37.8227798915174,42,40.2578395884695,382068,8.21359729766846
4992,42.1077188416665,44,37.6337708685982,382112,18.2547187805176
4993,21.0351970625465,24,36.6316580331504,382136,15.3076210021973
4994,-35.7794215475027,12,32.763492548837,382148,2.56125783920288
4995,45.9611883810162,51,33.9349570492842,382199,16.3349800109863
4996,47.6860592665608,56,31.321716157094,382255,17.6006984710693
4997,199.706943819878,500,40.1984724028603,382755,18.5335540771484
4998,46.5793636545638,53,41.0239841358472,382808,10.184642791748
4999,23.4616701176882,28,40.9853065240702,382836,13.643274307251
5000,29.3438807902067,31,41.1780772119061,382867,17.5296401977539
