Episode,EpisodeReward,EpisodeSteps,AverageReward,StepCount,EpisodeQ0
1,-7.42506552727554,10,-7.42506552727554,10,-0.0440325774252415
2,-14.8933828291014,17,-11.1592241781885,27,-0.0876922532916069
3,-14.1880991477906,22,-12.1688491680559,49,-0.0760433301329613
4,0.429518315205738,12,-9.01925729724047,61,-0.0584983713924885
5,-6.07084691906911,13,-8.4295752216062,74,-0.0637032985687256
6,2.44251082228299,26,-6.617560880958,100,-0.0761545822024345
7,5.61464811294956,15,-4.87010245325692,115,-0.0487746447324753
8,-14.4616220892484,21,-6.06904240775586,136,-0.103614076972008
9,-12.0927081188327,15,-6.73833859787551,151,-0.0947770178318024
10,-5.99023034352836,18,-6.66352777244079,169,-0.0733776465058327
11,-15.4416366849495,19,-7.46518488820819,188,-0.0341997072100639
12,-11.0100143413163,18,-7.07684803942967,206,-0.114424869418144
13,-9.31130598405971,20,-6.58916872305658,226,-0.0873279348015785
14,-6.14854129766237,16,-7.24697468434339,242,-0.160580217838287
15,-36.5055490680774,14,-10.2904448992442,256,-0.121956959366798
16,-11.3118685985235,11,-11.6658828413249,267,-0.0776659846305847
17,-12.3302320781251,21,-13.4603708604323,288,-0.0949809178709984
18,1.35540283257857,21,-11.8786683682496,309,-0.0678954273462296
19,0.0827459177713301,24,-10.6611229645892,333,-0.0387402027845383
20,1.58436110050743,12,-9.90366382018565,345,0.0064343623816967
21,-25.1809210307614,21,-10.8775922547668,366,-0.136236444115639
22,8.48304128011242,27,-8.92828669262397,393,-0.168448746204376
23,-12.2420870976497,9,-9.22136480398297,402,0.0488739721477032
24,-10.4003660381814,13,-9.64654727803487,415,0.0371180027723312
25,6.00946936454883,26,-5.39504543477224,441,-0.0803886651992798
26,0.926004991808011,16,-4.17125807573909,457,-0.0946882143616676
27,-10.4139946661404,12,-3.97963433454062,469,-0.05983841791749
28,-9.19482796826357,18,-5.03465741462484,487,-0.0441961474716663
29,-5.68329004301626,25,-5.6112610107036,512,-0.0702731013298035
30,-14.2590029403879,11,-7.19559741479312,523,0.0218962281942368
31,-0.431480181317969,20,-4.72065332984878,543,-0.0848081931471825
32,-7.07743355678676,11,-6.2767008135387,554,-0.133411556482315
33,0.845211846895809,17,-4.96797091908415,571,0.0145117733627558
34,-0.653071504581237,16,-3.99324146572414,587,-0.0527596510946751
35,-3.45825697178857,12,-4.94001409935788,599,-0.0815069973468781
36,-5.31586150810769,12,-5.56420074934945,611,-0.0592522174119949
37,-2.85295863338473,16,-4.80809714607388,627,-0.207777142524719
38,-15.8470343702159,20,-5.47331778626912,647,-0.0866866186261177
39,-8.16590473156296,19,-5.72157925512379,666,-0.179313868284225
40,-34.6763586741774,14,-7.76331482850274,680,-0.100609660148621
41,-5.15492136100666,26,-8.23565894647161,706,-0.146584898233414
42,-12.8097009382858,23,-8.80888568462152,729,-0.0782966613769531
43,-14.6167488250991,23,-10.355081751821,752,-0.0793298110365868
44,-3.47096679496405,16,-10.6368712808593,768,-0.122167482972145
45,-9.22747243081447,16,-11.2137928267619,784,0.0238647218793631
46,-8.06653538325976,20,-11.4888602142771,804,-0.155670881271362
47,5.30306731367715,23,-10.6732576195709,827,-0.128271758556366
48,-12.1696867293776,18,-10.3055228554871,845,-0.0602137744426727
49,-19.0895711044173,18,-11.3978894927725,863,-0.0712821260094643
50,-3.42205413144954,21,-8.27245903849971,884,-0.0407805293798447
51,-12.2189750050975,21,-8.97886440290879,905,-0.0766199305653572
52,-8.68585259160658,14,-8.56647956824087,919,-0.0318454429507256
53,0.890559862826811,14,-7.01574869944829,933,0.0514051504433155
54,-6.18116981564059,21,-7.28676900151594,954,-0.0552757568657398
55,-14.4753517095632,11,-7.81155692939082,965,-0.0605399869382381
56,-3.28555275387621,25,-7.33345866645246,990,-0.0732601583003998
57,9.7538537083912,30,-6.88838002698106,1020,-0.0821070447564125
58,-5.78047718112866,19,-6.24945907215616,1039,-0.0595426633954048
59,-11.9137420542511,21,-5.53187616713954,1060,-0.0823245421051979
60,-23.0056027497829,20,-7.49023102897288,1080,-0.105688832700253
61,-14.1992207557177,20,-7.68825560403489,1100,-0.0926868468523026
62,-1.05076935392202,12,-6.92474728026644,1112,0.0233435407280922
63,11.0372082625935,29,-5.91008244028977,1141,-0.133789360523224
64,3.81584740791165,17,-4.91038071793455,1158,-0.222690612077713
65,10.5157508454323,32,-2.41127046243499,1190,-0.162995994091034
66,-27.5063420860737,21,-4.83334939565474,1211,-0.0466188155114651
67,-16.0085826649583,15,-7.40959303298969,1226,-0.0679411143064499
68,6.0122595206316,17,-6.23031936281366,1243,-0.0545804910361767
69,-0.721457666477447,15,-5.1110909240363,1258,-0.0770837590098381
70,-4.15427368984811,13,-3.22595801804282,1271,0.00356972683221102
71,-9.76255386422921,19,-2.78229132889397,1290,-0.150980055332184
72,-8.75475000065642,16,-3.55268939356741,1306,-0.151646941900253
73,5.74414463502626,31,-4.08199575632413,1337,-0.0807531401515007
74,-3.36738752091798,19,-4.8003192492071,1356,-0.085941269993782
75,-19.4257984916794,15,-7.79447418291827,1371,-0.0619049742817879
76,-7.67922667028887,21,-5.81176264133978,1392,-0.115694761276245
77,-1.56929628068414,23,-4.36783400291237,1415,-0.0706704407930374
78,0.104503845543428,17,-4.95860957042119,1432,-0.0680104568600655
79,-5.81976834113654,18,-5.4684406378871,1450,-0.0972234532237053
80,-14.9825127152531,13,-6.55126454042759,1463,-0.12692978978157
81,-16.741460268149,20,-7.24915518081957,1483,-0.0432404540479183
82,4.05042710500313,16,-5.96863747025362,1499,-0.0809683352708817
83,7.24294716756798,20,-5.81875721699944,1519,-0.0922116786241531
84,-0.310838131567748,22,-5.51310227806442,1541,-0.0689135864377022
85,-7.44845792479368,15,-4.31536822137585,1556,-0.0383462235331535
86,-33.9379801449772,15,-6.94124356884468,1571,-0.0312496162950993
87,-23.5734595815791,16,-9.14165989893418,1587,-0.155191540718079
88,-19.3007710669832,19,-11.0821873901868,1606,-0.0813816413283348
89,-3.1139352685422,16,-10.8116040829274,1622,-0.0611298456788063
90,-18.1531508748716,18,-11.1286678988893,1640,-0.134915411472321
91,-19.6788850434089,13,-11.4224103764153,1653,0.0112795904278755
92,-9.31763849693367,14,-12.7592169366089,1667,0.0819980949163437
93,-15.7913433263154,21,-15.0626459859973,1688,-0.109867326915264
94,-9.3253879310964,19,-15.9641009659501,1707,0.0164917297661304
95,-38.5884420911223,16,-19.078099382583,1723,-0.247228682041168
96,5.17042477094934,18,-15.1672588909903,1741,-0.102703809738159
97,11.3707385040785,39,-11.6728390824246,1780,-0.205196931958199
98,-0.227764835519684,30,-9.76553845927822,1810,-0.287616491317749
99,-26.7222620963218,18,-12.1263711420562,1828,-0.0956742763519287
100,4.96153192188206,27,-9.81490286238081,1855,-0.0419756546616554
101,-12.8809615079996,16,-9.13511050883988,1871,-0.208532005548477
102,-17.5633860096292,16,-9.95968526010942,1887,-0.361073583364487
103,-13.7096099721184,26,-9.75151192468973,1913,-0.319202125072479
104,-9.27513438759932,13,-9.74648657034002,1926,-0.093170553445816
105,0.137260261229999,17,-5.8739163351048,1943,-0.327318876981735
106,-1.08725410565892,20,-6.49968422276562,1963,-0.289840698242188
107,-5.29660782688238,15,-8.16641885586171,1978,-0.248190522193909
108,14.8894795076702,36,-6.65469442154272,2014,-0.306523859500885
109,-1.55739901640114,16,-4.13820811355066,2030,-0.0606571584939957
110,2.67370055501038,29,-4.36699125023783,2059,-0.171914130449295
111,-23.2783301025358,12,-5.40672810969145,2071,-0.400623202323914
112,-24.7762507355098,17,-6.12801458227952,2088,-0.261545419692993
113,-8.14381928333289,19,-5.57143551340096,2107,-0.222525581717491
114,2.35472341709607,16,-4.40844973293142,2123,-0.250061273574829
115,-10.9106473831027,20,-5.5132404973647,2143,-0.350634872913361
116,-11.3669852528434,17,-6.54121361208314,2160,-0.310472041368484
117,-12.2566307690297,16,-7.23721590629788,2176,-0.24757245182991
118,-21.767083843596,21,-10.9028722414245,2197,-0.311486661434174
119,-16.3157803819416,12,-12.3787103779786,2209,-0.286737024784088
120,-13.0272489641798,22,-13.9488053298976,2231,-0.138428881764412
121,3.24450022055673,22,-11.2965222975883,2253,-0.416718393564224
122,-11.9896154190569,15,-10.017858765943,2268,-0.177628248929977
123,-10.9646870697947,19,-10.2999455445892,2287,-0.223665073513985
124,-9.92401680504662,18,-11.5278195668035,2305,-0.441588640213013
125,-4.37370605691652,23,-10.8741254341849,2328,-0.130124986171722
126,-17.1560805297426,16,-11.4530349618748,2344,-0.227667659521103
127,-9.87214840238913,17,-11.2145867252107,2361,-0.318308055400848
128,-5.63225595743924,16,-9.60110393659504,2377,-0.125878199934959
129,-7.54772576848949,38,-8.72429847524983,2415,-0.153252810239792
130,-15.9718366454603,16,-9.01875724337788,2431,-0.13913893699646
131,-2.37265064665573,18,-9.58047233009913,2449,-0.42899751663208
132,-33.396411539465,16,-11.7211519421399,2465,-0.147568896412849
133,-9.65784881644201,20,-11.5904681168047,2485,-0.337067484855652
134,-28.463049971461,14,-13.4443714334461,2499,-0.232718005776405
135,-1.23886218457287,37,-13.1308870462118,2536,0.110887140035629
136,-8.07550384972303,18,-12.2228293782098,2554,0.198262155056
137,-44.6467972919725,13,-15.7002942671681,2567,0.267366856336594
138,-18.2903195123341,15,-16.9661006226576,2582,0.227836042642593
139,-3.72774984553871,20,-16.5841030303625,2602,0.149102613329887
140,-26.2651848295724,19,-17.6134378487737,2621,0.0528794229030609
141,-5.58955073224058,15,-17.9351278573322,2636,0.160593762993813
142,-8.18764189020766,18,-15.4142508924065,2654,0.294162511825562
143,-2.74609444449354,21,-14.7230754552116,2675,0.267415851354599
144,-4.02584465382076,14,-12.2793549234476,2689,0.230102226138115
145,0.623869387627121,27,-12.0930817662276,2716,0.220901921391487
146,-22.3211293972646,17,-13.5176443209818,2733,0.32985845208168
147,2.70535260105783,23,-8.78242933167874,2756,0.0680013000965118
148,-21.023335160609,19,-9.05573089650623,2775,0.239333838224411
149,3.32266242102103,20,-8.35068966985025,2795,0.325718343257904
150,-10.9564727944983,25,-6.81981846634284,2820,0.171385318040848
151,-17.9346739463535,14,-8.05433078775414,2834,0.265768468379974
152,-15.9623802093702,20,-8.83180461967039,2854,0.199237152934074
153,-12.4428639941957,20,-9.80148157464061,2874,0.0408436805009842
154,-18.159606969551,20,-11.2148578062136,2894,0.303024262189865
155,-36.4944384111004,16,-14.9266885860864,2910,0.173178374767303
156,-4.96053315635866,18,-13.1906289619958,2928,0.251163631677628
157,-18.2937837696404,15,-15.2905425990656,2943,0.305036395788193
158,0.564237646988815,18,-13.1317853183059,2961,0.0943798124790192
159,-7.26780352271719,21,-14.1908319126797,2982,0.291177570819855
160,-10.2956727054496,16,-14.1247519037748,2998,0.248844400048256
161,-1.33089450411763,20,-12.4643739595512,3018,0.240860015153885
162,-4.30639574888861,31,-11.2987755135031,3049,0.0631047785282135
163,-11.3891407406217,26,-11.1934031881456,3075,0.175004422664642
164,-34.9699990407464,17,-12.8744423952652,3092,0.235928773880005
165,4.28530069330775,20,-8.79646848482437,3112,0.0700050294399261
166,0.458796953385935,21,-8.25453547384991,3133,0.224169537425041
167,-10.675429374286,19,-7.49270003431447,3152,0.236492097377777
168,19.7186803320317,53,-5.57725576581019,3205,0.159490704536438
169,-36.8066760088179,14,-8.53114301442026,3219,0.365957736968994
170,-29.8220206581105,24,-10.4837778096863,3243,-0.00446803867816925
171,4.90503698416384,30,-9.8601846608582,3273,0.19513863325119
172,-5.28201399109473,29,-9.95774648507881,3302,0.225450605154037
173,-14.8025944074179,20,-10.2990918517584,3322,0.247716724872589
174,-19.8947365363986,14,-8.79156560132365,3336,0.731826066970825
175,-1.43651437432623,18,-9.36374710808704,3354,0.642453253269196
176,-6.17735378455721,18,-10.0273621818814,3372,0.727429687976837
177,-14.2584566223946,25,-10.3856649066922,3397,0.796974420547485
178,-15.0690495927005,16,-13.8644378991654,3413,0.626676619052887
179,6.25673546565813,23,-9.55809675171782,3436,0.661116063594818
180,0.153517196262891,18,-6.56054296628049,3454,0.674686968326569
181,3.80589299063858,18,-6.67045736563302,3472,0.801044702529907
182,10.8004935695019,25,-5.06220660957335,3497,0.687688767910004
183,5.25508768990743,41,-3.05643839984081,3538,0.519523680210114
184,-5.04034146721806,15,-1.57099889292276,3553,0.72148871421814
185,13.6130755217324,42,-0.066039903316906,3595,0.687487483024597
186,-20.9385503615639,20,-1.54215956101757,3615,0.587640345096588
187,-5.30524492459032,13,-0.646838391237145,3628,0.76479160785675
188,7.15023868729857,56,1.57509043676276,3684,0.541351497173309
189,-25.6102498984685,13,-1.6116080996499,3697,0.66693651676178
190,-4.62092733485089,24,-2.08905255276127,3721,0.576154172420502
191,-9.23236014323276,26,-3.39287786614841,3747,0.407420873641968
192,0.780428804695837,17,-4.39488434262902,3764,0.490730255842209
193,-4.46050924045911,19,-5.36644403566567,3783,0.729756236076355
194,-12.6775369950775,23,-6.13016358845162,3806,0.741834163665771
195,5.95404206855053,19,-6.8960669337698,3825,0.63506668806076
196,4.33316568643788,18,-4.36889532896962,3843,0.750066041946411
197,6.13101661728455,53,-3.22526917478214,3896,0.671371579170227
198,-40.6035532355606,14,-8.00064836706806,3910,0.674126863479614
199,-11.3443518157805,15,-6.57405855879927,3925,0.770113229751587
200,10.2453537686089,21,-5.08743044845328,3946,0.454050481319427
201,-18.2580835616575,16,-5.99000279029576,3962,0.71116042137146
202,12.3905239962902,54,-4.82899327113632,4016,0.637088000774384
203,2.23866703169243,15,-4.15907564392117,4031,0.702888190746307
204,-34.9316127399478,16,-6.38448321840819,4047,0.65469628572464
205,-18.3586320109948,23,-8.81575062636273,4070,0.575278043746948
206,-31.0659658617626,12,-12.3556637811828,4082,0.663035273551941
207,-25.8775311968088,19,-15.5565185625921,4101,0.413532018661499
208,2.02351029020701,128,-11.2938122100153,4229,0.614095330238342
209,-25.0199571984544,18,-12.6613727482827,4247,0.683412551879883
210,8.8861927174336,18,-12.7972888534003,4265,0.54216068983078
211,-26.7022139240765,12,-13.6417018896422,4277,0.706168174743652
212,-18.496419533961,17,-16.7303962426673,4294,0.778306782245636
213,-12.6031527158739,20,-18.2145782174239,4314,0.854347288608551
214,-16.0355467914933,19,-16.3249716225785,4333,0.931270480155945
215,-13.2143236588497,17,-15.810540787364,4350,0.799422144889832
216,-21.0177222913364,18,-14.8057164303213,4368,0.68579238653183
217,-13.1660773254512,27,-13.5345710431856,4395,0.881888866424561
218,-29.939797051518,21,-16.7309017773581,4416,0.896409273147583
219,-38.8582008020195,14,-18.1147261377146,4430,0.707090437412262
220,-16.1879934519066,12,-20.6221447546486,4442,0.831467032432556
221,7.75703431076905,26,-17.1762199311641,4468,0.701751589775085
222,-33.5468288132306,16,-18.681260859091,4484,0.746780037879944
223,-25.3689591214738,10,-19.957841499651,4494,0.736927032470703
224,-0.135669020910633,19,-18.3678537225927,4513,0.710639297962189
225,-22.3607112342461,15,-19.2824924801324,4528,0.840215146541595
226,-15.5091603723652,19,-18.7316362882353,4547,0.669675588607788
227,2.32823739478775,13,-17.1822048162114,4560,0.641061842441559
228,-8.04723623486263,21,-14.9929487345458,4581,0.685779511928558
229,-2.1030300250015,12,-11.317431656844,4593,0.741567373275757
230,-10.4747921893141,17,-10.7461115305848,4610,0.951583862304688
231,-19.9550044430501,14,-13.5173154059667,4624,0.669083952903748
232,-7.4182447480466,10,-10.9044569994483,4634,0.841167330741882
233,-18.3513083652237,13,-10.2026919238233,4647,0.860915422439575
234,-3.93426037931688,19,-10.5825510596639,4666,0.77400678396225
235,4.69355785238526,21,-7.87712415100078,4687,0.602020502090454
236,-24.7031096552198,18,-8.79651907928623,4705,0.86531013250351
237,-5.31258466319795,14,-9.5606012850848,4719,0.960596263408661
238,-3.76725001401277,21,-9.13260266299981,4740,0.997191607952118
239,-18.3090526955669,17,-10.7532049300564,4757,0.795523524284363
240,-24.7692862965772,17,-12.1826543407827,4774,0.7825528383255
241,-3.04689015570124,25,-10.4918429120478,4799,0.966719746589661
242,-9.76815303066413,16,-10.7268337403095,4815,0.771119832992554
243,-12.9001672023279,13,-10.18171962402,4828,0.858049154281616
244,0.653784546481257,21,-9.72291513144014,4849,0.689098834991455
245,-10.7445885870168,22,-11.2667297753803,4871,0.930124998092651
246,-11.651764575112,19,-9.96159526736957,4890,0.602801918983459
247,-22.8466023902791,21,-11.7149970400777,4911,1.02118968963623
248,-23.8073345207927,14,-13.7190054907557,4925,0.737470507621765
249,3.57642833150411,46,-11.5304573880486,4971,0.725458264350891
250,-5.99628631096071,13,-9.65315738948692,4984,0.885291874408722
251,-13.6485757824122,13,-10.713325952158,4997,0.905446529388428
252,7.66911696753055,46,-8.96959895233854,5043,0.798386573791504
253,-8.14663967180741,15,-8.49424619928649,5058,0.91708767414093
254,-21.2858930742982,17,-10.6882139613644,5075,0.809184432029724
255,-5.05974930611196,11,-10.119730033274,5086,0.984107375144958
256,-6.72540802619796,11,-9.62709437838256,5097,0.796034634113312
257,-0.660492347015587,17,-7.40848337405621,5114,0.794843792915344
258,-25.0868759258567,11,-7.53643751456261,5125,0.714815676212311
259,-3.06099556604115,18,-8.20017990431713,5143,0.894055008888245
260,-18.6660931209467,17,-9.46716058531573,5160,0.875860691070557
261,-16.4326427377454,19,-9.74556728084906,5179,0.782831072807312
262,-29.0079097099945,12,-13.4132699486016,5191,0.829791069030762
263,1.60267120058659,14,-12.4383388613622,5205,0.819194138050079
264,-10.0804906383622,9,-11.3177986177686,5214,0.842295110225677
265,0.399065484023504,13,-10.771917138755,5227,0.80656486749649
266,1.69085858991436,14,-9.93029047714378,5241,0.7884840965271
267,-15.6952076731898,9,-11.4337620097612,5250,0.827106118202209
268,-13.5830600614859,8,-10.2833804233241,5258,0.792308807373047
269,-11.7796921915334,12,-11.1552500858733,5270,0.782250881195068
270,-7.27021721915983,16,-10.0156624956947,5286,0.998058795928955
271,-28.3682370124345,13,-11.2092219231636,5299,0.78152596950531
272,-20.2139756229585,19,-10.32982851446,5318,0.89555549621582
273,-18.6605779874599,11,-12.3561534332646,5329,0.830080091953278
274,-31.9411695291771,10,-14.5422213223461,5339,0.778410196304321
275,-15.3895157038182,12,-16.1210794411303,5351,0.872072994709015
276,-9.72119521467399,14,-17.2622848215891,5365,0.902757525444031
277,-10.0877685862549,16,-16.7015409128956,5381,0.829286932945251
278,5.97974332136796,15,-14.7452605746102,5396,0.763460159301758
279,-3.0782689571287,11,-13.8751182511698,5407,0.930558204650879
280,-4.42803026325326,15,-13.5908995555791,5422,0.829628705978394
281,-1.0567997710637,17,-10.859755831442,5439,0.679712176322937
282,-15.0947831961874,11,-10.3478365887649,5450,0.698687195777893
283,-14.1903498383702,15,-9.90081377385596,5465,0.784491181373596
284,-25.3225159815181,11,-9.23894841909006,5476,0.790458083152771
285,-26.1049782338639,17,-10.3104946720946,5493,0.748491525650024
286,-1.68969183693312,19,-9.50734433432054,5512,0.818642377853394
287,-14.2799204782318,13,-9.92655952351822,5525,0.787536561489105
288,-27.0898573540999,17,-13.233519591065,5542,0.659380376338959
289,-14.9021746518698,20,-14.4159101605391,5562,0.843298435211182
290,-14.7603588502509,8,-15.4491430192389,5570,0.898420453071594
291,-21.5509028594387,18,-17.4985533280764,5588,1.03925979137421
292,-8.01051677325231,16,-16.7901266857829,5604,0.909058213233948
293,-11.2210109935168,11,-16.4931928012975,5615,0.935467898845673
294,-16.549327066437,12,-15.6158739097894,5627,0.887078642845154
295,-4.06439224166054,12,-13.4118153105691,5639,0.888025283813477
296,-8.09624073315045,16,-14.0524702001908,5655,1.05784702301025
297,-10.7047473072327,21,-13.6949528830909,5676,0.927228093147278
298,-13.0646412982526,18,-12.2924312775062,5694,0.666012048721313
299,-11.2563702225135,14,-11.9278508345705,5708,0.863344967365265
300,-19.2664217681133,10,-12.3784571263568,5718,0.846408545970917
301,-25.5177832249833,17,-12.7751451629112,5735,0.732767939567566
302,-8.92398103657833,12,-12.8664915892439,5747,0.873447835445404
303,-6.17578521372058,15,-12.3619690112642,5762,0.819516956806183
304,-9.3374229300102,16,-11.6407785976215,5778,0.631073892116547
305,-20.6383767005795,18,-13.2981770435134,5796,0.850057363510132
306,3.05478406652795,14,-12.1830745635456,5810,0.907115757465363
307,-16.2562017715408,17,-12.7382200099764,5827,0.887045919895172
308,-22.9801927978938,12,-13.7297751599405,5839,0.906612873077393
309,-5.36712276730946,13,-13.1408504144201,5852,0.933688163757324
310,-35.5032699078626,13,-14.7645352283951,5865,0.916781842708588
311,-29.3510842951566,15,-15.1478653354124,5880,0.763603687286377
312,-13.3833783836994,18,-15.5938050701245,5898,0.920715093612671
313,-25.8290426626814,10,-17.5591308150206,5908,0.836438417434692
314,-4.85979851341062,14,-17.1113683733606,5922,1.08899462223053
315,-22.5163100942153,19,-17.2991617127242,5941,0.85439920425415
316,-13.6753702979667,14,-18.9721771491737,5955,0.904789924621582
317,-35.7666017232482,14,-20.9232171443444,5969,0.941122531890869
318,-27.5556307026709,12,-21.3807609348221,5981,0.902501225471497
319,-20.3953180484212,13,-22.8835804629333,5994,1.02374005317688
320,-43.0103260577333,14,-23.6342860779204,6008,0.814829528331757
321,-19.9367541549346,19,-22.6928530638982,6027,0.909715950489044
322,-27.2713955072608,18,-24.0816547762543,6045,0.923426508903503
323,-5.02256738204263,15,-22.0010072481904,6060,0.986371397972107
324,-17.2827662845717,9,-23.2433040253065,6069,0.761543989181519
325,3.28695241157213,15,-20.6629777747278,6084,0.805023074150085
326,-5.03742560309521,15,-19.7991833052406,6099,0.980547308921814
327,-16.4890748350604,18,-17.8714306164219,6117,1.07501173019409
328,0.655579431011649,20,-15.0503096030536,6137,0.900976061820984
329,0.965678909578366,12,-12.9142099072537,6149,0.895098567008972
330,-16.0935060982124,11,-10.2225279113016,6160,0.883943855762482
331,-1.1172846454544,19,-8.34058096035354,6179,0.864273726940155
332,-23.7760675297503,18,-7.99104816260249,6197,0.815157353878021
333,-1.01122816472747,15,-7.58991424087098,6212,0.934160530567169
334,-0.153716137228959,13,-5.8770092261367,6225,0.774340808391571
335,-4.22659543564266,11,-6.62836401085818,6236,0.885580658912659
336,-8.00646073953544,14,-6.92526752450221,6250,1.02469372749329
337,-7.74531559560917,9,-6.05089160055708,6259,0.95601487159729
338,-35.4475255946646,13,-9.6612021031247,6272,0.81527316570282
339,-33.1338554788107,15,-13.0711555419636,6287,0.832491755485535
340,-28.8570606054369,11,-14.3475109926861,6298,0.680101692676544
341,-20.9924375809389,10,-16.3350262862345,6308,0.956324338912964
342,-18.0744747344398,11,-15.7648670067035,6319,0.930602967739105
343,-37.6467505965936,11,-19.4284192498901,6330,0.763107120990753
344,-7.59023442994074,13,-20.1720710791613,6343,1.17634797096252
345,-33.0417523412015,17,-23.0535867697171,6360,0.94425243139267
346,-1.90953404915342,13,-22.4438941006789,6373,0.900107979774475
347,-30.7911294769548,12,-24.7484754888135,6385,0.921016812324524
348,-11.1386613607132,9,-22.3175890654184,6394,0.76409250497818
349,-3.05463992393846,15,-19.3096675099311,6409,0.930402159690857
350,-25.1079716924181,17,-18.9347586186292,6426,1.04638338088989
351,-23.049959187695,15,-19.1405107793049,6441,0.928451895713806
352,-11.1035951100969,18,-18.4434228168706,6459,1.00222456455231
353,-18.2034231177195,17,-16.4990900689832,6476,0.92445433139801
354,-22.4266463370717,20,-17.9827312596962,6496,0.947773933410645
355,-2.94343096578335,14,-14.9728991221544,6510,0.95066112279892
356,-14.7266250997527,17,-16.2546082272144,6527,0.914645075798035
357,-18.1831144865597,16,-14.9938067281748,6543,1.07360863685608
358,-15.742337975392,20,-15.4541743896427,6563,0.828760027885437
359,-45.3056040592177,14,-19.6792708031706,6577,0.74672520160675
360,-23.5368445958073,15,-19.5221580935096,6592,0.968380391597748
361,-10.2074176847482,14,-18.2379039432149,6606,0.936863481998444
362,-11.758402699343,8,-18.3033847021395,6614,0.922420501708984
363,-11.5285932038584,9,-17.6359017107534,6623,0.855182528495789
364,-11.5182935843441,13,-16.5450664354806,6636,0.846364378929138
365,-15.3832802607947,14,-17.7890513649818,6650,0.811395645141602
366,-20.7879954900315,16,-18.3951884040097,6666,0.92981344461441
367,-21.0814181260818,14,-18.6850187679619,6680,0.95502758026123
368,-7.0133491718644,12,-17.8121198876091,6692,1.15139067173004
369,-43.1180497368418,16,-17.5933644553715,6708,1.13480019569397
370,-34.5060220810325,15,-18.690282203894,6723,1.05249404907227
371,-26.358698134395,14,-20.3054102488587,6737,1.02307105064392
372,-10.5782146854989,20,-20.1873914474743,6757,1.0831024646759
373,-22.5027765846652,18,-21.284809785555,6775,1.07862043380737
374,-22.4274646030119,16,-22.3757268874218,6791,0.900838613510132
375,-10.4720988964674,17,-21.884608750989,6808,1.04187393188477
376,-11.7348235930223,13,-20.9792915612881,6821,1.25850486755371
377,-10.8927876589589,18,-19.9604285145758,6839,1.26846504211426
378,-26.6251155541247,9,-21.9216051528019,6848,0.691986978054047
379,-32.9925744101996,13,-20.9090576201377,6861,1.07096529006958
380,-32.3512976087838,11,-20.6935851729128,6872,0.898839771747589
381,-30.822953545114,11,-21.1400107139847,6883,1.0375109910965
382,-16.3740857888421,17,-21.719597824319,6900,0.882958292961121
383,-35.9563785305964,11,-23.0649580189121,6911,0.861406326293945
384,-13.7910321608059,13,-22.2013147746915,6924,0.879830181598663
385,-18.2587675180444,17,-22.9799816368492,6941,0.742178082466125
386,-8.01790614958085,15,-22.6082898925051,6956,1.02502703666687
387,-5.73248911300991,11,-22.0922600379102,6967,0.716627717018127
388,-27.2519040593874,17,-22.1549388884364,6984,1.1769483089447
389,-19.9624995366165,13,-20.8519314010781,6997,0.733584463596344
390,-42.0115110898534,13,-21.8179527491851,7010,0.702252149581909
391,-11.9702737809204,16,-19.9326847727657,7026,1.02055954933167
392,-35.3584408692778,11,-21.8311202808093,7037,0.89792537689209
393,-16.8074676612768,16,-19.9162291938773,7053,0.917270064353943
394,-1.30898089365986,12,-18.6680240671627,7065,1.03432774543762
395,-11.7155392745691,15,-18.0137012428152,7080,1.11337888240814
396,1.44176331220252,17,-17.0677342966369,7097,0.894984245300293
397,-8.91518847209295,18,-17.3860042325452,7115,0.745647966861725
398,-1.22343455965932,13,-14.7831572825724,7128,1.26443147659302
399,0.96155992037818,14,-12.6907513368729,7142,0.988787651062012
400,-9.51682544004387,8,-9.44128277189195,7150,0.952334642410278
401,-12.4702480463915,10,-9.49128019843905,7160,1.00440180301666
402,-16.3037959746944,18,-7.58581570898071,7178,0.825994729995728
403,-15.5383995435591,16,-7.45890889720894,7194,1.30103731155396
404,-9.33527602115931,15,-8.26153840995888,7209,0.709284365177155
405,-0.78823136572699,10,-7.16880761907467,7219,1.10626602172852
406,-37.5955029928281,15,-11.0725342495777,7234,1.03856921195984
407,-17.6000636673219,21,-11.9410217691006,7255,1.08336710929871
408,-23.0526298026805,8,-14.1239412934027,7263,1.00387179851532
409,-2.66800062496864,16,-14.4868973479374,7279,1.10311722755432
410,-8.04231293488988,16,-14.339446097422,7295,1.00552463531494
411,-25.1776880191527,14,-15.6101900946981,7309,1.11230981349945
412,-3.67656067145328,16,-14.347466564374,7325,1.24290657043457
413,-6.37903580284804,12,-13.4315301903029,7337,0.745386064052582
414,-15.8921798297675,18,-14.0872205711637,7355,1.12725961208344
415,-24.6590849144129,12,-16.4743059260323,7367,0.980034828186035
416,-3.71124031564009,10,-13.0858796583135,7377,1.08681464195251
417,-18.4570604151555,10,-13.1715793330969,7387,0.392406433820724
418,-13.7297989198817,16,-12.239296244817,7403,0.996797144412994
419,-3.61554267056851,14,-12.334050449377,7417,1.21804237365723
420,-11.7272540527969,15,-12.7025445611677,7432,1.17296612262726
421,-15.7611157346069,9,-11.7608873327131,7441,0.999145269393921
422,-14.6317898963728,8,-12.8564102552051,7449,1.05946004390717
423,-12.5239525966524,9,-13.4709019345855,7458,0.891122400760651
424,-10.0104989482263,12,-12.8827338464314,7470,1.08902287483215
425,-21.3687662944066,10,-12.5537019844308,7480,1.12980020046234
426,-2.42054990382831,13,-12.4246329432496,7493,1.26962125301361
427,-1.04025682230031,15,-10.6829525839641,7508,1.01979982852936
428,-30.1254516820486,12,-12.3225178601808,7520,1.05015707015991
429,-2.68012326357399,14,-12.2289759194813,7534,1.315061211586
430,-25.6159675993872,17,-13.6178472741403,7551,1.14153301715851
431,-9.58430039124006,22,-13.0001657398037,7573,1.10368466377258
432,-35.5455357823131,15,-15.0915403283977,7588,0.692689061164856
433,2.26408841472722,13,-13.6127362272597,7601,1.15741991996765
434,-26.3218591106043,11,-15.2438722434975,7612,0.703560948371887
435,-23.9348824697039,18,-15.5004838610273,7630,1.33879721164703
436,-2.07200234122197,13,-15.4656291047666,7643,1.06496942043304
437,-2.44121783891008,18,-15.6057252064276,7661,1.19173312187195
438,-6.25525417225627,12,-13.2187054554484,7673,1.12674975395203
439,-8.22731191097202,16,-13.7734243201882,7689,1.07236206531525
440,-30.4899041429382,12,-14.2608179745433,7701,0.845358610153198
441,-7.15533853007659,12,-14.0179217884269,7713,1.09808397293091
442,-45.509964351435,13,-15.0143646453391,7726,0.566325843334198
443,-0.783855672245678,13,-15.3191590540364,7739,1.00946700572968
444,-18.3669686034183,8,-14.5236700033178,7747,1.06762516498566
445,-7.98996174019321,13,-12.9291779303667,7760,1.09722471237183
446,-2.71900037036544,15,-12.9938777332811,7775,1.07544028759003
447,-37.8986339483827,17,-16.5396193442283,7792,0.962623476982117
448,-25.6367560816069,16,-18.4777695351634,7808,0.829824507236481
449,-23.973984856963,13,-20.0524368297625,7821,1.07088446617126
450,-31.4792761485032,15,-20.151374030319,7836,1.07392334938049
451,-5.81890193608172,16,-20.0177303709195,7852,0.296972632408142
452,-0.647937066134579,15,-15.5315276423895,7867,1.29824280738831
453,-7.86470280888409,17,-16.2396123560533,7884,1.15680932998657
454,-5.41650902290254,17,-14.9445663980017,7901,1.15639162063599
455,-5.24883546247829,17,-14.6704537702302,7918,0.431087076663971
456,-31.9647719397842,13,-17.5950309271721,7931,0.721450924873352
457,-6.54979868580937,17,-14.4601474009148,7948,1.00685060024261
458,-23.4885638696595,17,-14.24532817972,7965,0.978497982025146
459,-24.4175528645327,15,-14.289684980477,7980,0.737492382526398
460,-9.17005504507555,9,-12.0587628701343,7989,1.14395248889923
461,1.95030775842268,16,-11.2818419006838,8005,1.42016959190369
462,-7.8574851355901,21,-12.0027967076294,8026,1.09918510913849
463,-10.0443492046246,19,-12.2207613472034,8045,1.38245058059692
464,-25.0712668562894,11,-14.1862371305421,8056,0.61124449968338
465,-0.695138903735511,11,-13.7308674746678,8067,1.05938708782196
466,-16.9184299556873,18,-12.2262332762581,8085,1.18058669567108
467,-14.9135817496703,17,-13.0626115826442,8102,1.09625458717346
468,-20.0511372223125,12,-12.7188689179095,8114,0.763550996780396
469,-3.73890594276783,14,-10.651004225733,8128,1.08001029491425
470,-23.8968540397854,15,-12.123684125204,8143,0.579760909080505
471,-6.18829674004585,11,-12.9375445750509,8154,1.36067235469818
472,-0.476403979936861,12,-12.1994364594856,8166,1.38670206069946
473,-17.9154587435221,12,-12.9865474133753,8178,0.887856483459473
474,-15.0314557986365,17,-11.98256630761,8195,1.18409442901611
475,-17.0654622845224,15,-13.6195986456887,8210,0.951449751853943
476,-12.5701052750536,16,-13.1847661776253,8226,1.02715086936951
477,-23.9411417449484,21,-14.0875221771531,8247,1.06240832805634
478,-23.3771550939224,10,-14.4201239643141,8257,1.13626635074615
479,-15.8260486705762,12,-15.628838237095,8269,0.279702544212341
480,-19.5758758573152,12,-15.1967404188479,8281,1.12759399414062
481,-17.8535018743822,10,-16.3632609322816,8291,0.873274505138397
482,-18.3717814190872,12,-18.1527986761966,8303,1.06580686569214
483,-46.4024142626251,13,-21.0014942281069,8316,0.485494196414948
484,-30.4708406129078,14,-22.545432709534,8330,0.397053509950638
485,-16.5742566436263,16,-22.4963121454444,8346,0.639839768409729
486,-4.03596767674073,14,-21.6428983856132,8360,1.29954409599304
487,-38.3054948800876,12,-23.0793336991271,8372,0.785291910171509
488,-17.4088202052514,18,-22.48250021026,8390,0.855723977088928
489,-21.1502445124121,12,-23.0149197944436,8402,1.18082773685455
490,-17.823252686174,15,-22.8396574773294,8417,0.917183816432953
491,-34.802324138084,12,-24.5345397036996,8429,1.12787890434265
492,-9.12220704096208,17,-23.6095822658871,8446,1.04083907604218
493,-20.1983079468124,10,-20.9891716343058,8456,1.15541934967041
494,-13.7276379873827,17,-19.3148513717533,8473,1.35024929046631
495,-13.6485445729967,21,-19.0222801646904,8494,1.20854425430298
496,-16.8787048496699,15,-20.3065538819833,8509,1.09639954566956
497,-38.9406120793635,14,-20.3700656019109,8523,0.635312139987946
498,-15.2959963575364,17,-20.1587832171394,8540,1.40373516082764
499,-14.2813394168369,18,-19.4718927075819,8558,1.20494508743286
500,-5.92580851848678,13,-18.2821482908131,8571,1.17424178123474
501,-12.102451956432,17,-16.0121610726479,8588,1.26754605770111
502,-16.6857486193883,10,-16.7685152304906,8598,1.0824328660965
503,-9.89546039086916,9,-15.7382304748962,8607,1.25847911834717
504,-20.2772910853081,17,-16.3931957846888,8624,0.99736750125885
505,-31.5907637101602,11,-18.1874176984051,8635,1.08519089221954
506,-24.4367471846851,12,-18.9432219319066,8647,1.03495144844055
507,-10.3808309769584,12,-16.0872438216661,8659,0.994000554084778
508,-14.5872482381484,17,-16.0163690097273,8676,0.739301562309265
509,-24.7976954021907,15,-17.0680046082627,8691,1.16836297512054
510,-26.4637100709876,15,-19.1217947635128,8706,1.08604824542999
511,-24.6002169800303,12,-20.3715712658726,8718,0.631169438362122
512,0.782070287991134,19,-18.6247893751347,8737,1.19050991535187
513,-21.9161777155136,13,-19.8268611075991,8750,1.03452146053314
514,-27.9636359101732,15,-20.5954955900856,8765,0.391669183969498
515,-8.57368737140077,12,-18.2937879562097,8777,1.04187893867493
516,-21.3656075421334,17,-17.9866739919545,8794,0.605030953884125
517,-12.5982915094679,17,-18.2084200452055,8811,1.39997839927673
518,-16.4616276931393,14,-18.3958579907046,8825,0.50251317024231
519,-34.5337434170299,16,-19.3694627921885,8841,0.218477666378021
520,-4.85468302156415,17,-17.2085600872461,8858,1.21383583545685
521,-36.1024375233033,16,-18.3587821415734,8874,0.450673520565033
522,-5.51018807418982,14,-18.9880079777915,8888,0.433027237653732
523,-26.5429075949247,11,-19.4506809657326,8899,1.01450598239899
524,-6.1900266091364,14,-17.273320035629,8913,1.18097317218781
525,-10.5394334685492,10,-17.4698946453438,8923,0.846282184123993
526,-14.1683212313193,11,-16.7501660142624,8934,1.07784676551819
527,-23.2181501848288,19,-17.8121518817985,8953,1.30782043933868
528,-13.5566087194703,16,-17.5216499844316,8969,1.19452679157257
529,-16.614409617742,17,-15.7297166045028,8986,0.939515709877014
530,-13.8917887267121,11,-16.6334271750176,8997,0.85126918554306
531,-2.4386704126218,12,-13.2670504639494,9009,1.07978785037994
532,-25.6089929536005,17,-15.2769309518905,9026,0.993774056434631
533,-25.8092738352335,17,-15.2035675759214,9043,0.934705436229706
534,-1.4595519975247,13,-14.7305201147602,9056,1.48269271850586
535,-20.9147921968287,10,-15.7680559875882,9066,0.86297482252121
536,-10.5594293698339,9,-15.4071668014396,9075,1.21269500255585
537,-1.50803390898548,18,-13.2361551738553,9093,0.97975891828537
538,-28.9735889263611,12,-14.7778531945444,9105,0.974432170391083
539,-4.07453240389782,16,-13.52386547316,9121,1.10501444339752
540,-11.308504172227,15,-13.2655370177115,9136,1.03059649467468
541,-16.4889513307423,12,-14.6705651095235,9148,1.23850739002228
542,0.252562489372398,12,-12.0844095652262,9160,1.04150056838989
543,-17.6853260563361,14,-11.2720147873365,9174,0.554083943367004
544,-22.655069295079,8,-13.3915665170919,9182,0.296994745731354
545,-4.42206889648716,13,-11.7422941870577,9195,1.19057476520538
546,-25.2592677890664,11,-13.212278028981,9206,1.24639129638672
547,-41.2801931481372,15,-17.1894939528962,9221,1.11793887615204
548,-9.11134535005092,17,-15.2032695952651,9238,1.25865697860718
549,-19.275074148462,9,-16.7233237697216,9247,1.21359920501709
550,-0.13313911502971,15,-15.6057872640018,9262,1.23338460922241
551,0.229936558078884,11,-13.9338984751197,9273,1.33422088623047
552,-14.0391774178712,19,-15.3630724658441,9292,1.29565763473511
553,-17.2927769860206,18,-15.3238175588125,9310,1.16653823852539
554,-19.0641196627669,14,-14.9647225955813,9324,1.10794878005981
555,-14.8135536686049,7,-16.0038710727931,9331,0.605378270149231
556,-31.1417143368236,18,-16.5921157275688,9349,0.809646606445312
557,-9.85984046025464,17,-13.4500804587806,9366,1.20257222652435
558,-8.97206944543534,7,-13.436152868319,9373,1.07025802135468
559,-3.37499521031931,13,-11.8461449745047,9386,0.991076350212097
560,-39.3505465513796,16,-15.7678857181397,9402,1.2455472946167
561,-27.065743431883,15,-18.4974537171359,9417,0.653772532939911
562,-11.5180979201222,14,-18.245345767361,9431,0.338368654251099
563,-6.46153006358852,19,-17.1622210751178,9450,0.774751961231232
564,-12.3673054465723,17,-16.4925396534983,9467,0.703640341758728
565,-10.7080688569009,15,-16.0819911723279,9482,1.13568496704102
566,-4.32461384065627,17,-13.4002811227112,9499,1.03128814697266
567,-8.89698985108263,9,-13.303996061794,9508,1.29906129837036
568,-14.7330540877162,13,-13.8800945260221,9521,0.965460300445557
569,-13.9356840995663,17,-14.9361634149468,9538,0.892122268676758
570,-7.11739746180303,13,-11.7128485059891,9551,1.38039946556091
571,-17.6633808138599,10,-10.7726122441868,9561,0.696725308895111
572,-11.5768350618343,17,-10.778485958358,9578,1.03085458278656
573,-39.6733531313563,13,-14.0996682651348,9591,-0.00329118967056274
574,-9.91167664217648,13,-13.8541053846952,9604,1.09308230876923
575,-43.0368684567667,16,-17.0869853446818,9620,1.3358781337738
576,0.795614785493326,11,-16.5749624820668,9631,1.37434756755829
577,-20.6779518644905,20,-17.7530586834076,9651,1.34810304641724
578,-0.895418493462606,16,-16.3692951239823,9667,1.40145182609558
579,-6.39369759203126,13,-15.6150964732288,9680,1.37661993503571
580,-6.72652870550796,14,-15.5760095975993,9694,1.3415219783783
581,-14.866439812839,20,-15.2963154974972,9714,1.44625210762024
582,2.14413565971271,16,-13.9242184253425,9730,1.54227614402771
583,-3.94231064444341,16,-10.3511141766512,9746,0.991703152656555
584,3.05505664452945,20,-9.0544408479806,9766,1.35862624645233
585,-0.286982939713454,16,-4.77945229627527,9782,1.3453803062439
586,-4.9639441266923,14,-5.35540818749384,9796,1.23997068405151
587,-11.0827811090538,21,-4.39589111195017,9817,0.926790177822113
588,-18.400939366374,20,-6.14644319924131,9837,1.09423398971558
589,-27.6440323976691,15,-8.27147667980509,9852,1.35079479217529
590,-37.3941731872112,16,-11.3382411279754,9868,1.0054486989975
591,-10.3740855010093,14,-10.8890056967924,9882,1.36862933635712
592,-2.6914219380855,15,-11.3725614565723,9897,1.40008115768433
593,-11.7289475541588,22,-12.1512251475438,9919,1.44185161590576
594,-8.46455276384867,18,-13.3031860883816,9937,1.24287676811218
595,-2.82623598794844,16,-13.5571113932051,9953,1.52074837684631
596,-7.73448059110455,17,-13.8341650396463,9970,1.76681673526764
597,-30.3379453282919,12,-15.7596814615701,9982,1.10074377059937
598,-4.01129325739536,12,-14.3207168506723,9994,1.42868709564209
599,-11.3414815760234,22,-12.6904617685077,10016,1.43511736392975
600,-23.9677756142884,10,-11.3478220112154,10026,1.43142056465149
601,-23.6765585280622,16,-12.6780693139207,10042,0.625630378723145
602,-19.9128599121468,11,-14.4002131113269,10053,1.39041030406952
603,-1.4655580049233,12,-13.3738741564033,10065,1.31223022937775
604,-8.44088003470182,17,-13.3715068834886,10082,1.4192703962326
605,-14.7879620107764,15,-14.5676794857714,10097,0.983250439167023
606,-26.1591955975533,17,-16.4101509864163,10114,1.27056789398193
607,-12.6114729011447,19,-14.6375037437016,10133,1.34502351284027
608,-23.9319606269004,15,-16.6295704806521,10148,1.40318834781647
609,-5.77519737766525,19,-16.0729420608163,10167,1.35724890232086
610,-7.65668236432409,14,-14.4418327358198,10181,1.76103532314301
611,-0.211063000809892,51,-12.0952831830946,10232,1.28583443164825
612,33.511797665565,185,-6.75281742532341,10417,1.43615102767944
613,96.1958185840242,265,3.01332023357134,10682,1.3178163766861
614,6.83128066225393,59,4.54053630326691,10741,1.66967010498047
615,100.404235661019,386,16.0597560704465,11127,1.33680725097656
616,87.3070923321401,273,27.4063848634158,11400,1.36716461181641
617,42.7805009157931,159,32.9455822451096,11559,1.33697319030762
618,83.4310207226341,237,43.681880380063,11796,0.843665361404419
619,9.68551224029244,38,45.2279513418588,11834,1.52831637859344
620,7.75840403758095,169,46.7694599820493,12003,1.5356696844101
621,55.439041116952,172,52.3344703938255,12175,1.54780864715576
622,69.7870691802503,217,55.961997545294,12392,0.834724724292755
623,95.841383346495,250,55.9265540215411,12642,1.29548728466034
624,3.69463700969023,43,55.6128896562847,12685,1.96395981311798
625,31.0989791644766,169,48.6823640066305,12854,1.54615235328674
626,117.492044561175,330,51.700859229534,13184,0.3672856092453
627,50.1522751367703,155,52.4380366516317,13339,0.655454576015472
628,90.3075274400945,335,53.1256873233778,13674,1.57501673698425
629,77.0724798981678,282,59.8643840891653,13956,1.49476420879364
630,31.2199596000254,203,62.2105396454098,14159,1.38945555686951
631,58.9932173945423,179,62.5659572731688,14338,1.35234236717224
632,40.3011819406551,209,59.6173685492093,14547,1.67104077339172
633,55.5923539210679,243,55.5924656066666,14790,1.51140308380127
634,12.5509955929103,63,56.4781014649886,14853,1.59487700462341
635,61.2574103539874,181,59.4939445839397,15034,1.34025764465332
636,22.2844122303461,87,49.9731813508567,15121,1.46194577217102
637,69.6590846867553,216,51.9238623058552,15337,1.56477546691895
638,19.2259000312059,73,44.8156995649664,15410,1.25135707855225
639,20.4868758372999,82,39.1571391588796,15492,1.26644480228424
640,8.45362595448917,81,36.8805057943259,15573,1.78621864318848
641,132.562841702289,381,44.2374682251006,15954,1.38200163841248
642,80.5261176948128,228,48.2599618005164,16182,1.1650493144989
643,10.955846547016,65,43.7963110631112,16247,1.73489737510681
644,72.2858494246109,181,49.7697964462813,16428,1.70749139785767
645,24.2900760204039,138,46.0730630129229,16566,1.68502175807953
646,11.55072886717,98,44.9996946766053,16664,1.59312033653259
647,54.2690384284451,179,43.4606900507743,16843,1.4467933177948
648,2.89613871243688,113,41.8277139188974,16956,1.82948112487793
649,30.2430151438366,101,42.803327849551,17057,1.21394789218903
650,-27.3284560674659,20,39.2251196473555,17077,1.66345763206482
651,10.0232985873156,28,26.9711653358582,17105,1.12780022621155
652,-14.4556359573401,27,17.4729899706429,17132,1.67575311660767
653,-10.5519087290611,127,15.3222144430352,17259,1.66266107559204
654,9.689389658973,25,9.06256846647139,17284,1.58268117904663
655,4.19722599304024,33,7.05328346373502,17317,1.80464792251587
656,1.87745510869863,23,6.08595608788789,17340,1.65300941467285
657,-2.26041265355106,24,0.433010979688271,17364,1.73733973503113
658,-26.5534905435531,107,-2.51195194591073,17471,1.7517409324646
659,4.86816290144807,32,-5.04943717014958,17503,1.24748706817627
660,2.44093858227104,19,-2.07249770517589,17522,1.63982081413269
661,-4.2185581617402,26,-3.49668338008146,17548,1.76803946495056
662,25.7216097992571,46,0.521041195578265,17594,1.20859134197235
663,16.9554227536101,30,3.27177434384538,17624,1.28427362442017
664,8.72041004186709,30,3.17487638213479,17654,1.69810652732849
665,7.99771118032947,29,3.55492490086371,17683,1.3931747674942
666,1.15162234461495,13,3.48234162445535,17696,1.74726521968842
667,4.65934832523847,50,4.1743177223343,17746,1.21858978271484
668,14.7347680800385,27,8.30314358469346,17773,1.5090389251709
669,18.1635960515283,30,9.63268689970148,17803,1.3143904209137
670,14.700377244686,25,10.858630765943,17828,1.79862248897552
671,-12.5321946441832,14,10.0272671176987,17842,1.23634684085846
672,24.1108604046553,36,9.86619217823849,17878,1.20986616611481
673,-20.274302793986,61,6.14321962347888,17939,1.69509184360504
674,-9.28269547225528,17,4.34290907206665,17956,1.77649736404419
675,14.5597592339569,30,4.99911387742939,17986,1.52688145637512
676,3.81347125923884,30,5.26529876889178,18016,1.47256469726562
677,-10.7758828948015,23,3.72177564688778,18039,1.60282170772552
678,11.1951124026367,22,3.3678100791476,18061,1.37959051132202
679,-18.8237349099844,72,-0.330923017003666,18133,1.47425675392151
680,21.4506316674151,33,0.344102425269249,18166,1.41821813583374
681,12.6982462878363,29,2.8671465184712,18195,1.81689500808716
682,17.0055290998228,30,2.15661338798794,18225,1.38027238845825
683,28.5485620435065,41,7.03889987173719,18266,1.69007778167725
684,63.260783295767,195,14.2932477485394,18461,1.36829364299774
685,58.8726406838833,195,18.7245358935321,18656,1.67101359367371
686,12.7822091609729,29,19.6214096837055,18685,1.63580667972565
687,12.0486277131584,23,21.9038607445015,18708,1.43592441082001
688,42.5395958843736,109,25.0383090926751,18817,1.77596640586853
689,-30.2416436726053,363,23.8965182164131,19180,0.820212841033936
690,39.090253956095,111,25.6604804452811,19291,1.40649127960205
691,2.66526445273872,177,24.6571822617713,19468,1.52256464958191
692,13.9902873661083,37,24.3556580883998,19505,1.98327875137329
693,33.5322537494325,55,24.8540272589924,19560,1.63083100318909
694,43.4530006841195,342,22.8732489978277,19902,1.56879472732544
695,61.0232571401623,134,23.0883106434556,20036,1.80631601810455
696,5.59153430763312,24,22.3692431581216,20060,1.70124793052673
697,14.9089757305634,32,22.6552779598621,20092,1.94109427928925
698,44.7521804008074,122,22.8765364115055,20214,1.17372488975525
699,24.9423792136766,37,28.3949387001337,20251,1.4857987165451
700,161.79421058242,354,40.6653343627662,20605,1.27190732955933
701,113.768411638691,353,51.7756490813614,20958,1.70520734786987
702,57.6827620628847,220,56.1448965510391,21178,0.839054882526398
703,15.1861978301144,35,54.3102909591072,21213,1.76826989650726
704,10.2879989110505,21,50.9937907818004,21234,1.8724752664566
705,67.9360245604463,143,51.6850675238288,21377,1.51292037963867
706,38.3044442664756,204,54.956358519713,21581,1.35740172863007
707,11.861189555733,20,54.65157990223,21601,1.09881341457367
708,45.6094563992569,242,54.7373075020749,21843,2.11182546615601
709,53.0217254055615,132,57.5452421212634,21975,2.05914425849915
710,-7.09672815896575,53,40.6561482471248,22028,2.09107661247253
711,17.441890721626,29,31.0234961554183,22057,2.11131191253662
712,6.24133225704802,28,25.8793531748347,22085,2.21792531013489
713,29.3410124696745,94,27.2948346387907,22179,1.63725590705872
714,17.42738720961,36,28.0087734686466,22215,2.12886309623718
715,11.389674873768,23,22.3541384999788,22238,2.36485528945923
716,9.95644602860762,27,19.519338676192,22265,1.21295559406281
717,24.2984087096891,98,20.7630605915876,22363,1.74783599376678
718,5.22793434396826,60,16.7249083860587,22423,2.20698547363281
719,17.7567260631536,33,13.1984084518179,22456,2.06533598899841
720,14.9066775855271,49,15.3987490262672,22505,1.83546710014343
721,61.8831010851583,130,19.8428700626204,22635,1.64397180080414
722,11.7801323342824,50,20.3967500703439,22685,2.0155873298645
723,30.0855214110334,88,20.4712009644798,22773,1.87393116950989
724,16.4998152472872,79,20.3784437682475,22852,1.98514699935913
725,6.02275202325591,26,19.8417514831963,22878,2.02965211868286
726,14.2706178959567,70,20.2731686699312,22948,2.05686283111572
727,0.443626451750635,42,17.8876904441374,22990,1.69417548179626
728,6.03330955156886,49,17.9682279648974,23039,1.66110897064209
729,10.1665282733327,43,17.2092081859153,23082,1.89318013191223
730,21.9075757094246,35,17.9092979983051,23117,2.04101538658142
731,3.19632196130215,16,12.0406200859195,23133,1.07416212558746
732,13.5510691725174,82,12.217713769743,23215,1.62486362457275
733,33.8397201495705,98,12.5931336435967,23313,1.87205135822296
734,10.9205223334272,57,12.0352043522107,23370,1.87085199356079
735,6.87405376045596,21,12.1203345259307,23391,2.3148717880249
736,12.1683742449265,49,11.9101101608276,23440,1.43189787864685
737,11.7690122071741,63,13.04264873637,23503,1.82830882072449
738,46.0188795906686,106,17.04120574028,23609,1.82916855812073
739,25.9191164896144,47,18.6164645619081,23656,2.10700488090515
740,14.0704556463178,37,17.8327525555975,23693,1.81162977218628
741,17.7610538116608,39,19.2892257406333,23732,1.85588908195496
742,1.94366968507282,21,18.1284857918889,23753,2.1218729019165
743,18.4513291815611,42,16.5896466950879,23795,2.07253122329712
744,36.3886839619334,93,19.1364628579385,23888,1.93446969985962
745,11.7118563222138,23,19.6202431141143,23911,1.8555760383606
746,8.90614312021195,54,19.2940200016429,23965,1.79421722888947
747,17.7662947927882,35,19.8937482602043,24000,2.32066178321838
748,3.60424805857393,63,15.6522851069948,24063,2.03556895256042
749,20.009649063229,47,15.0613383643563,24110,2.6801929473877
750,18.1666926497158,67,15.4709620646961,24177,2.51815390586853
751,17.6287983625317,49,15.4577365197832,24226,2.11132407188416
752,67.5724386866476,173,22.0206134199406,24399,1.63757789134979
753,11.0678702773082,48,21.2822675295154,24447,2.33501887321472
754,46.656605654528,157,22.3090596987748,24604,1.67415046691895
755,42.4956157169963,69,25.3874356382531,24673,2.47956848144531
756,15.8654227586547,52,26.0833636020973,24725,2.5513710975647
757,36.3026112372108,138,27.9369952465396,24863,1.94304442405701
758,24.0520003840066,74,29.9817704790829,24937,2.22778367996216
759,20.6577238742705,68,30.046577960187,25005,2.0734338760376
760,10.7011887566501,63,29.3000275708805,25068,2.22125101089478
761,51.871128069054,161,32.7242605415327,25229,1.8601598739624
762,43.5422233056102,115,30.3212390034289,25344,2.02512192726135
763,46.3599562871281,154,33.8504476044109,25498,1.97392010688782
764,23.1143510454505,59,31.4962221435032,25557,2.30864787101746
765,77.6165226692707,289,35.0083128387306,25846,1.93831849098206
766,25.2679524021258,60,35.9485658030777,25906,1.98700332641602
767,81.0634975961385,165,40.4246544389705,26071,2.60911178588867
768,86.4902359745061,222,46.6684779980205,26293,2.13233232498169
769,74.794521736993,171,52.0821577842927,26464,2.21301937103271
770,51.6963502774313,126,56.1816739363708,26590,1.86029434204102
771,50.8239097948139,124,56.0769521089468,26714,1.98224854469299
772,97.5853247721495,273,61.4812622556007,26987,2.15712666511536
773,4.98241508887828,83,57.3435081357758,27070,2.55161619186401
774,24.5862215359701,66,57.4906951848277,27136,1.99166417121887
775,62.1710878524025,159,55.9461517031409,27295,1.99215292930603
776,28.7019686878188,100,56.2895533317102,27395,1.96851444244385
777,58.1032181909482,140,53.9935253911912,27535,2.08147048950195
778,30.3187314619824,104,48.3763749399388,27639,2.90811014175415
779,56.0518820131447,148,46.502110967554,27787,1.70326232910156
780,36.8592595480971,104,45.0184018946206,27891,2.4725923538208
781,6.62489941296525,58,40.5985008564357,27949,2.610506772995
782,78.3520532432475,212,38.6751737035455,28161,2.53401923179626
783,66.1491181952749,135,44.7918440141851,28296,2.29426455497742
784,17.9370489320147,73,44.1269267537896,28369,3.07800340652466
785,41.6753751916458,165,42.0773554877139,28534,2.19922780990601
786,13.8544436739056,27,40.5926029863226,28561,2.77180027961731
787,5.32218127371252,48,35.314499294599,28609,3.10131549835205
788,19.9260678059157,43,34.2752329289924,28652,3.01100826263428
789,39.2267750678906,103,32.592722234467,28755,2.5192756652832
790,49.9230742339488,176,33.8991037030521,28931,2.58256673812866
791,113.929171674612,578,44.6295309292168,29509,2.53960680961609
792,267.206906939569,1000,63.515016298849,30509,2.88040113449097
793,60.8502312697316,242,62.9851276062947,30751,2.2956109046936
794,44.2848163332191,128,65.6199043464151,30879,2.55290532112122
795,99.3804090476137,236,71.3904077320119,31115,2.52457404136658
796,45.2935993750839,114,74.5343233021297,31229,2.44087886810303
797,28.0031258400397,133,76.8024177587625,31362,3.13544273376465
798,157.439211278693,465,90.5537321060402,31827,2.80758142471313
799,60.130749562391,408,92.6441295554902,32235,3.07304906845093
800,39.0390576979484,93,91.5557279018902,32328,2.31228446960449
801,341.088751374746,822,114.271685871904,33150,2.63135433197021
802,27.8309308235348,121,90.3340882603001,33271,2.735924243927
803,58.7023176366976,136,90.1192968969967,33407,2.56329011917114
804,151.409935513347,1000,100.83180881501,34407,2.35892152786255
805,141.937230260933,337,105.087490936341,34744,2.45236539840698
806,33.5034213906154,109,103.908473137895,34853,2.48697590827942
807,121.47522275143,734,113.255682829034,35587,3.4692964553833
808,47.409356963171,124,102.252697397481,35711,2.99457478523254
809,94.7595015605032,221,105.715572597293,35932,2.86903095245361
810,99.6007842487097,269,111.771745252369,36201,2.53168249130249
811,42.1744452358268,174,81.8803146384769,36375,2.94063091278076
812,314.894543767999,951,110.586675932923,37326,2.82661890983582
813,149.890517370978,428,119.705495906351,37754,2.93128347396851
814,26.0888697828739,120,107.173389333304,37874,3.41078543663025
815,34.739339357668,99,96.4536002429775,37973,3.47976684570312
816,204.722662476489,557,113.575524351565,38530,2.37363290786743
817,55.7989892343873,150,107.007900999861,38680,2.9726836681366
818,341.727131034357,788,136.439678406979,39468,2.82782077789307
819,308.417151695874,852,157.805443420516,40320,2.77045106887817
820,69.7035601809358,147,154.815721013739,40467,2.83027291297913
821,43.1442005439517,167,154.912696544551,40634,3.03676986694336
822,115.457063318218,299,134.968948499573,40933,2.86573910713196
823,127.992955682952,332,132.779192330771,41265,2.61391282081604
824,78.6129745521307,219,138.031602807696,41484,3.02077269554138
825,166.969939732473,1000,151.254662845177,42484,2.93718504905701
826,111.754666437141,223,141.957863241242,42707,2.89420390129089
827,183.552091898905,500,154.733173507694,43207,2.76450657844543
828,52.0355576129634,168,125.764016165554,43375,3.4371395111084
829,19.0864927280417,72,96.8309502687712,43447,2.82495617866516
830,32.2266976800654,125,93.0832640186842,43572,3.04510021209717
831,70.0542390669418,195,95.7742678709832,43767,2.45339703559875
832,131.493572227338,316,97.3779187618952,44083,3.18472051620483
833,121.832987585788,241,96.7619219521788,44324,2.26520848274231
834,240.250037954325,598,112.925628292398,44922,3.03756618499756
835,140.463114188024,346,110.274945737953,45268,2.58251118659973
836,107.571160553346,368,109.856595149574,45636,3.19592571258545
837,103.16734789377,312,101.81812074906,45948,3.33396077156067
838,102.192367026651,268,106.833801690429,46216,3.62495017051697
839,25.2733088312022,68,107.452483300745,46284,3.07963585853577
840,11.2545991319919,71,105.355273445938,46355,3.51808571815491
841,95.4855570694929,265,107.898405246193,46620,3.66735529899597
842,166.57611913611,514,111.40665993707,47134,3.57423067092896
843,163.903223368762,383,115.613683515367,47517,3.64134120941162
844,80.0595230969754,309,99.5946320296324,47826,3.59086894989014
845,161.054063333041,502,101.653726944134,48328,4.04268550872803
846,309.350347599203,786,121.83164564872,49114,4.05823230743408
847,149.160659027707,446,126.430976762114,49560,3.66597390174866
848,293.02736572105,670,145.514476631553,50230,3.75714612007141
849,230.441005490864,622,166.03124629752,50852,3.92206311225891
850,170.388092052076,525,181.944595589528,51377,3.71547913551331
851,42.0437234289964,116,176.600412225478,51493,3.47529768943787
852,159.987407474191,372,175.941541059287,51865,3.33218479156494
853,97.1434726641722,229,169.265565988828,52094,4.1222939491272
854,20.7629994048374,69,163.335913619614,52163,3.48388600349426
855,18.0275007687498,73,149.033257363185,52236,3.37345862388611
856,115.222964854131,298,129.620519088677,52534,3.41962623596191
857,58.2618729895631,210,120.530640484863,52744,3.38050532341003
858,43.6191824022023,125,95.5898221529783,52869,3.30725502967834
859,45.2521684413002,147,77.070938448022,53016,3.83150434494019
860,26.750122299477,140,62.7071414727621,53156,3.54718136787415
861,60.631230705096,143,64.565892200372,53299,3.71371984481812
862,13.6067163775986,69,49.9278230907127,53368,3.49828410148621
863,124.105963623424,294,52.6240721866379,53662,3.69913697242737
864,21.7662776745718,78,52.7244000136114,53740,3.98041844367981
865,61.1714163343478,167,57.0387915701712,53907,3.7583909034729
866,67.2499753263035,163,52.2414926173885,54070,3.51418781280518
867,194.781545702852,376,65.8934598887174,54446,3.83067941665649
868,123.951027296883,289,73.9266443781854,54735,4.24157905578613
869,53.2019781791471,144,74.7216253519701,54879,4.65568447113037
870,249.554887838207,728,97.0021019058431,55607,4.85114288330078
871,79.1258069468001,215,98.8515595300135,55822,5.13121891021729
872,147.861908474278,483,112.277078739681,56305,4.75935077667236
873,67.6592849139157,139,106.632410868731,56444,4.58307886123657
874,106.83177217219,295,115.138960318492,56739,4.71267652511597
875,73.7150937793264,191,116.39332806299,56930,5.0533447265625
876,66.682412172303,181,116.33657174759,57111,5.03476572036743
877,14.6450299044379,69,98.3229201677488,57180,5.02888298034668
878,29.3468408692698,93,88.8625015249875,57273,4.058189868927
879,78.0608326930872,157,91.3483869763815,57430,4.51242351531982
880,10.402118563219,48,67.4331100488827,57478,4.47463417053223
881,21.4893208630586,56,61.6694614405086,57534,4.70237493515015
882,77.941784575456,173,54.6774490506264,57707,4.59300136566162
883,92.879704475539,178,57.1994910067887,57885,4.68420314788818
884,43.0440947894666,112,50.8207232685164,57997,4.94374656677246
885,46.9318618335102,123,48.1424000739347,58120,4.19650030136108
886,35.7174532144265,98,45.0459041781471,58218,4.3799524307251
887,61.8729633798291,182,49.7686975256862,58400,4.78576374053955
888,26.8895595345829,58,49.5229693922175,58458,4.37965393066406
889,56.1388496500395,217,47.3307710879127,58675,4.32737016677856
890,21.2041200058952,70,48.4109712321804,58745,4.73303079605103
891,77.9933375634922,162,54.0613729022237,58907,4.78387689590454
892,30.7943284628111,93,49.3466272909592,59000,5.09490060806274
893,15.6081746060882,44,41.6194743040141,59044,4.63451290130615
894,58.3131752111702,167,43.1463823461845,59211,4.75523567199707
895,86.9166600287855,234,47.144862165712,59445,4.80851221084595
896,42.5108664420482,136,47.8242034884742,59581,4.08389377593994
897,19.8054235739527,66,43.6174495078866,59647,3.9946072101593
898,63.6886041181525,128,47.2973539662435,59775,4.50305891036987
899,88.499043840829,136,50.5333733853225,59911,4.59802579879761
900,45.5343955879147,109,52.9664009435244,60020,4.71599102020264
901,18.8383431486394,76,47.0509015020391,60096,4.24550724029541
902,22.0531401707098,74,46.176782672829,60170,4.14309215545654
903,60.1182819663197,121,50.6277934088522,60291,4.58172273635864
904,109.303926812203,331,55.7268685689554,60622,4.88660335540771
905,11.4372928185951,62,48.1789318479364,60684,6.1044750213623
906,19.1375486902155,69,45.8416000727531,60753,5.84064197540283
907,175.250423733086,364,61.3861000886665,61117,5.55461168289185
908,105.231881278053,402,65.5404278046565,61519,5.04478120803833
909,19.1774517798295,62,58.6082685985566,61581,6.08989810943604
910,12.6912053717533,53,55.3239495769404,61634,5.88063526153564
911,27.8355392169064,86,56.2236691837671,61720,5.56486129760742
912,53.1854328137042,126,59.3368984480665,61846,5.88888835906982
913,12.0682850985167,60,54.5318987612863,61906,5.30949258804321
914,66.4860287328822,313,50.2501089533542,62219,5.49849700927734
915,8.61391287222383,37,49.9677709587171,62256,5.02498769760132
916,27.4413064665646,86,50.798146736352,62342,5.60747480392456
917,45.3211708879264,107,37.805221451836,62449,5.36486625671387
918,19.1919873486205,50,29.2012320588928,62499,5.8740553855896
919,16.8832978418453,47,28.9718166650943,62546,5.67333507537842
920,41.4642497916787,111,31.8491211070869,62657,5.95823955535889
921,29.5659014008075,88,32.022157325477,62745,5.43093538284302
922,78.0279717231465,197,34.5064112164212,62942,5.98331022262573
923,40.7382885782295,83,37.3734115643925,63025,5.70776224136353
924,35.853916423511,94,34.3102003334554,63119,5.2534294128418
925,25.4751578528489,78,35.9963248315179,63197,6.01135921478271
926,18.0893926777152,70,35.061133452633,63267,6.0746169090271
927,14.734604781134,46,32.0024768419537,63313,5.41678142547607
928,19.736169354294,88,32.0568950425211,63401,6.01866769790649
929,24.1304918363966,61,32.7816144419762,63462,5.53590536117554
930,88.3260078566402,284,37.4677902484724,63746,4.96213960647583
931,18.9382512864919,48,36.4050252370408,63794,5.31046152114868
932,13.1527161930296,46,29.9174996840291,63840,5.13439130783081
933,53.5366429264128,90,31.1973351188474,63930,5.70684909820557
934,24.0332081870405,82,30.0152642952004,64012,5.54441785812378
935,14.0470457537367,31,28.8724530852892,64043,5.91450023651123
936,74.9133490842804,241,34.5548487259457,64284,5.80654144287109
937,19.882906947901,79,35.0696789426224,64363,5.72415685653687
938,18.9843257749461,49,34.9944945846876,64412,5.82849264144897
939,16.305200827853,89,34.2119654838332,64501,5.05519866943359
940,17.0425124232577,67,27.083615940495,64568,7.15324306488037
941,44.0816746694175,197,29.5979582787875,64765,6.85876941680908
942,21.2963588443075,60,30.4123225439153,64825,6.46067953109741
943,18.6104465215217,68,26.9197029034262,64893,6.77070903778076
944,14.8936440287108,49,26.0057464875932,64942,6.43990659713745
945,17.3492883390812,84,26.3359707461277,65026,5.95669889450073
946,138.261930513324,556,32.6708288890321,65582,6.08669567108154
947,23.2644970897971,66,33.0089879032217,65648,6.46486902236938
948,74.2994427298826,179,38.5404995987153,65827,7.11136484146118
949,19.1986130111131,71,38.8298408170414,65898,6.78953981399536
950,16.2111830536745,35,38.746707880083,65933,6.12054681777954
951,81.2173204243032,210,42.4602724555716,66143,6.96141624450684
952,43.4229743154779,144,44.6729340026886,66287,6.46042251586914
953,29.1722063536476,70,45.7291099859012,66357,6.90221261978149
954,12.3102803608721,52,45.4707736191174,66409,5.94694757461548
955,14.9935127277894,60,45.2351960579882,66469,6.49208164215088
956,15.137725418716,46,32.9227755485274,66515,6.45964670181274
957,15.7652622145195,42,32.1728520609996,66557,6.26600694656372
958,42.9236158206729,154,29.0352693700786,66711,6.72361993789673
959,71.2435614675504,165,34.2397642157224,66876,6.81828880310059
960,27.2006772646851,92,35.3387136368234,66968,6.77383041381836
961,44.7693503893978,132,31.6939166333329,67100,6.85361099243164
962,14.6795184870373,35,28.8195710504888,67135,7.03598833084106
963,106.053739029981,336,36.5077243181221,67471,7.20384550094604
964,60.9234842824831,158,41.3690447102832,67629,7.17905807495117
965,12.5614502766274,43,41.125838465167,67672,6.14301872253418
966,26.8846500225737,51,42.3005309255528,67723,6.85645532608032
967,90.7952817831091,304,49.8035328824118,68027,6.83310270309448
968,31.9849975011105,86,48.7096710504555,68113,7.11051082611084
969,52.1843309769449,241,46.803748001395,68354,5.67274236679077
970,14.647019788685,54,45.548382253795,68408,6.59497261047363
971,27.4085421360711,64,43.8123014284623,68472,6.77947807312012
972,35.651948086567,68,45.9095443884153,68540,6.64723539352417
973,82.0957713867432,217,43.5137476240915,68757,6.70493936538696
974,19.3621301428251,49,39.3576122101257,68806,6.6547794342041
975,17.4597679250887,71,39.8474439749718,68877,8.34933090209961
976,62.5157901810205,207,43.4105579908165,69084,6.11512231826782
977,45.9383676657221,158,38.9248665790778,69242,7.61303567886353
978,35.4525926157486,94,39.2716260905416,69336,7.86889839172363
979,96.7856035618735,251,43.7317533490345,69587,7.83495807647705
980,19.2284983495241,42,44.1899012051184,69629,7.39983081817627
981,55.1854207764504,143,46.9675890691563,69772,8.11573791503906
982,42.0136336191594,127,47.6037576224156,69899,7.43094968795776
983,49.3927449081004,113,44.3334549745513,70012,8.1340217590332
984,81.2647960982562,178,50.5237215700944,70190,8.04686069488525
985,40.6845616189118,103,52.8462009394767,70293,7.56237077713013
986,66.4417111037425,181,53.2387930317489,70474,7.95967388153076
987,10.4719887270648,41,49.6921551378832,70515,7.99349975585938
988,13.9549103407965,73,47.542386910388,70588,6.8760929107666
989,10.586119888332,54,38.9224385430338,70642,7.18819952011108
990,59.5890055870097,146,42.9584892667824,70788,8.25884342193604
991,13.2059931541503,62,38.7605465045524,70850,7.79361629486084
992,48.187417166563,135,39.3779248592927,70985,7.70571279525757
993,47.8604458154319,136,39.2246949500259,71121,8.19075298309326
994,68.2725717942976,217,37.92547251963,71338,7.63262510299683
995,65.2261470164438,143,40.3796310593832,71481,7.94156265258789
996,94.6698540302719,204,43.2024453520362,71685,7.7477445602417
997,120.130592289098,273,54.1683057082395,71958,7.68471145629883
998,43.8828174003814,129,57.161096414198,72087,7.5629186630249
999,6.88916557076055,52,56.7914009824408,72139,6.6749849319458
1000,51.9390212608738,137,56.0264025498273,72276,7.97456979751587
1001,30.4329276120921,96,57.7490959956214,72372,7.52962875366211
1002,13.6987759931021,35,54.3002318782753,72407,7.34636974334717
1003,24.5571792605092,77,51.9699052227831,72484,7.44549465179443
1004,95.3285496393264,242,54.6755030072859,72726,7.58573150634766
1005,44.2413918436834,148,52.5770274900099,72874,7.95686483383179
1006,15.7040318459619,43,44.6804452715789,72917,7.84259653091431
1007,123.11612950617,331,44.9789989932861,73248,8.426513671875
1008,28.8310029897592,43,43.4738175522239,73291,7.19631719589233
1009,47.6918486504496,161,47.5540858601928,73452,6.35700225830078
1010,14.3853241535026,62,43.7987161494556,73514,9.41216468811035
1011,91.4572184688555,181,49.901145235132,73695,9.182204246521
1012,99.9111101604628,298,58.5223786518681,73993,8.72073078155518
1013,17.4734720771792,67,57.8140079335351,74060,9.06548404693604
1014,139.777594057383,428,62.2589123753408,74488,9.13298892974854
1015,9.51785143304434,28,58.7865583342768,74516,7.76183366775513
1016,120.168958483491,320,69.2330509980297,74836,8.46142292022705
1017,8.44313120875378,54,57.7657511682881,74890,7.11629056930542
1018,70.8859328175694,223,61.9712441510691,75113,8.96667766571045
1019,55.5023838157349,148,62.7522976675977,75261,9.44125366210938
1020,8.72414042932501,48,62.1861792951799,75309,8.98617362976074
1021,79.1857354309529,223,60.9590309913896,75532,8.73861503601074
1022,116.985413071879,381,62.6664612825312,75913,9.25670623779297
1023,84.6277631662924,176,69.3818903914425,76089,8.62346172332764
1024,118.667879939209,399,67.2709189796251,76488,8.61124134063721
1025,47.5821082310149,156,71.0773446594222,76644,9.12673187255859
1026,67.5196116083901,233,65.8124099719121,76877,8.6745080947876
1027,17.1774902406711,65,66.6858458751038,76942,9.26987361907959
1028,48.9996998296932,138,64.4972225763162,77080,8.22317981719971
1029,60.3432228270128,152,64.981306477444,77232,8.61633777618408
1030,62.3801057055721,172,70.3469030050687,77404,9.19288158416748
1031,29.7677482058774,54,65.4051042825612,77458,9.05098056793213
1032,76.568825817623,231,61.3634455571356,77689,9.05083179473877
1033,99.5836942708675,280,62.8590386675931,77969,8.99074459075928
1034,64.900127166214,189,57.4822633902936,78158,9.32022476196289
1035,26.9325764139712,61,55.4173102085892,78219,9.0874195098877
1036,66.1004553989972,159,55.2753945876499,78378,9.39827823638916
1037,43.753171731263,150,57.9329627367091,78528,8.39210510253906
1038,19.812069348851,73,55.0141996886249,78601,9.17667675018311
1039,68.8685144726341,206,55.8667288531871,78807,8.93348598480225
1040,10.7680086641739,59,50.7055191490472,78866,7.92333793640137
1041,12.2935042177047,66,48.95809475023,78932,8.03270149230957
1042,47.9780493573778,163,46.0990171042054,79095,8.98368835449219
1043,47.8379888183603,136,40.9244465589547,79231,9.09153938293457
1044,22.9568968504864,71,36.730123527382,79302,9.27277660369873
1045,63.4152748999923,160,40.3783933759841,79462,10.7665643692017
1046,96.5084263572821,256,43.4191904718126,79718,10.5115051269531
1047,88.2975823958881,220,47.8736315382751,79938,11.1724166870117
1048,36.9154762876818,101,49.5839722321581,80039,10.137134552002
1049,62.3316691662415,143,48.9302877015189,80182,11.0010824203491
1050,123.975826675826,345,60.2510695026841,80527,10.2711887359619
1051,51.8582767700468,132,64.2075467579183,80659,10.3968734741211
1052,69.4996460980747,232,66.359706431988,80891,8.466965675354
1053,61.7077718325623,163,67.7466847334082,81054,10.9545087814331
1054,163.731097568625,398,81.8241048052221,81452,10.4290246963501
1055,103.602175159234,335,85.8427948311463,81787,10.5092000961304
1056,107.308561563532,248,86.9228083517713,82035,10.5884370803833
1057,102.689948899063,280,88.3620450020888,82315,10.1622705459595
1058,15.2925620476656,55,86.1997535780872,82370,10.1651401519775
1059,20.7274777030677,62,82.0393344317698,82432,10.454628944397
1060,22.701631074942,78,71.9119148716814,82510,10.5557775497437
1061,37.4806238961406,98,70.4741495842908,82608,10.2636299133301
1062,171.774043502951,498,80.7015893247784,83106,10.7217979431152
1063,9.87628396391535,54,75.5184405379137,83160,10.304178237915
1064,12.9813183695561,57,60.4434626180068,83217,9.51239585876465
1065,85.4862005880781,236,58.6318651608912,83453,10.4346685409546
1066,57.4081368563197,289,53.6418226901699,83742,9.49796676635742
1067,70.2162359384883,143,50.3944513941125,83885,10.1901206970215
1068,46.6816083484323,151,53.5333560241891,84036,10.4119396209717
1069,24.4637814410126,76,53.9069863979836,84112,9.80904388427734
1070,93.4701449667313,329,60.9838377871625,84441,10.6335592269897
1071,124.064347184443,412,69.6422101159928,84853,8.62129974365234
1072,196.899432173927,597,72.1547489830904,85450,10.1754102706909
1073,14.1852958527416,42,72.5856501719731,85492,9.78901672363281
1074,37.1320987921558,135,75.000728214233,85627,9.19246006011963
1075,49.769945561135,135,71.4291027115387,85762,9.65530395507812
1076,17.1379744457583,44,67.4020864704826,85806,9.63731479644775
1077,80.9910901685072,165,68.4795718934845,85971,10.1201190948486
1078,52.1193654147778,141,69.023347600119,86112,11.6982460021973
1079,42.9706175468717,92,70.8740312107049,86204,11.4432001113892
1080,74.5364677990413,214,68.9806634939359,86418,11.1861763000488
1081,60.9843078949229,155,62.6726595649839,86573,12.096510887146
1082,135.165187086395,329,56.4992350562307,86902,11.6731815338135
1083,8.47060510783501,63,55.9277659817401,86965,9.57140254974365
1084,46.9227952093745,143,56.9068356234619,87108,11.2428979873657
1085,7.7660077537526,57,52.7064418427237,87165,9.18948650360107
1086,66.2152735129008,242,57.6141717494379,87407,11.0455541610718
1087,127.170938822355,326,62.2321566148227,87733,12.0449743270874
1088,11.9575606429334,55,58.2159761376383,87788,11.460376739502
1089,94.1498211893976,276,63.3338965018908,88064,11.8761005401611
1090,82.3165188857429,248,64.111901610561,88312,9.86754131317139
1091,117.516420987521,315,69.7651129198208,88627,11.7173414230347
1092,87.0902747176497,229,64.9576216829462,88856,11.8284072875977
1093,58.9920247625774,146,70.0097636484204,89002,12.3681468963623
1094,57.969174631796,164,71.1144015906626,89166,11.2352237701416
1095,19.7905833854709,64,72.3168591538344,89230,11.8398532867432
1096,80.6076272891537,316,73.7560945314597,89546,10.3039903640747
1097,18.9420098596336,67,62.9332016351876,89613,11.5130672454834
1098,160.621705136305,434,77.7996160845247,90047,12.0012149810791
1099,74.5500346860281,232,75.8396374341878,90279,10.9438533782959
1100,42.0644400247041,135,71.8144295480839,90414,11.2136249542236
1101,104.247739634333,257,70.4875614127651,90671,11.2731800079346
1102,78.7567113173318,188,69.6542050727334,90859,12.1153249740601
1103,57.3738830664051,222,69.4923909031161,91081,11.1561717987061
1104,74.9110253987835,227,71.1865759798149,91308,11.2352752685547
1105,21.5030364615124,59,71.357821287419,91367,11.9358367919922
1106,44.0631498441931,128,67.703373542923,91495,11.1905422210693
1107,89.3701177058524,241,74.7461843275449,91736,11.6360092163086
1108,41.7789181819851,136,62.8619056321129,91872,10.6753625869751
1109,57.1395301115905,138,61.1208551746691,92010,11.8832187652588
1110,18.1141219900846,56,58.7258233712072,92066,11.4112377166748
1111,109.020510689514,267,59.2031004767253,92333,11.3704376220703
1112,49.9704948941107,138,56.3244788344032,92471,13.175877571106
1113,102.293031168002,342,60.8163936445628,92813,12.911093711853
1114,51.1281401505045,136,58.4381051197349,92949,12.6576242446899
1115,164.445667043666,477,72.7323681779503,93426,12.4016494750977
1116,128.406105601923,334,81.1666637537233,93760,13.3709125518799
1117,333.217478128171,937,105.551399795955,94697,12.3522672653198
1118,59.3326910214958,162,107.306777079906,94859,12.712571144104
1119,80.9531096952815,217,109.688135038275,95076,10.4971227645874
1120,58.0546620412282,229,113.68218904339,95305,10.0095958709717
1121,81.2475026838711,240,110.904888242825,95545,12.2111101150513
1122,241.127108115573,723,130.020549564972,96268,9.99481678009033
1123,137.594816613625,432,133.550728109534,96700,13.9313230514526
1124,85.2591828316582,344,136.963832377649,97044,13.5625085830688
1125,56.7544519287594,136,126.194710866159,97180,12.0065355300903
1126,283.25806621427,810,141.679906927393,97990,13.4758892059326
1127,14.3740144997716,58,109.795560564553,98048,12.8960666656494
1128,362.063511823904,971,140.068642644794,99019,13.6567373275757
1129,361.454414763013,1000,168.118773151567,100019,10.4715919494629
1130,35.8432259623927,143,165.897629543684,100162,12.1468229293823
1131,333.555600866185,1000,191.128439361915,101162,13.8900012969971
1132,292.632350860201,1000,196.278963636378,102162,12.3975009918213
1133,357.986124669649,1000,218.31809444198,103162,14.4861145019531
1134,61.6269938606732,165,215.954875544882,103327,13.8000068664551
1135,232.168076469022,479,233.496237998908,103806,15.0512733459473
1136,340.104109683559,1000,239.180842345837,104806,11.8100681304932
1137,13.8120518724162,80,239.124646083101,104886,11.781494140625
1138,193.268366453862,606,222.245131546097,105492,13.8905162811279
1139,67.9970324939202,242,192.899393319188,105734,14.5084743499756
1140,157.806640445566,481,205.095734767505,106215,13.3306083679199
1141,67.8678415321269,213,178.5269588341,106428,14.1227245330811
1142,155.692170397248,336,164.832940787804,106764,14.5870685577393
1143,14.4489810869918,70,130.479226429538,106834,13.1257228851318
1144,67.3243933237046,309,131.048966375842,107143,11.2187881469727
1145,49.5931550799334,175,112.791474236933,107318,15.2020111083984
1146,352.685873433446,1000,114.049650611921,108318,15.1870784759521
1147,345.51497128031,979,147.219942552711,109297,15.039852142334
1148,42.4667273374532,137,132.13977864107,109434,14.669059753418
1149,298.399400614595,1000,155.180015453138,110434,13.9103660583496
1150,299.310049119569,736,169.330356320538,111170,14.2144050598145
1151,249.285879431932,725,187.472160110518,111895,15.2970695495605
1152,165.789239197606,516,188.481866990554,112411,13.4358654022217
1153,342.900976498994,1000,221.327066531754,113411,12.5136604309082
1154,249.10186307726,739,239.50481350711,114150,14.7372531890869
1155,397.576110376086,1000,274.303109036725,115150,13.1363716125488
1156,89.3302927608193,159,247.967550969462,115309,15.141637802124
1157,36.3996544242919,64,217.056019283861,115373,13.8105449676514
1158,46.5965007369645,359,217.468996623812,115732,12.744499206543
1159,50.9007817746105,131,192.719134739813,115863,15.329833984375
1160,220.708181466418,425,184.858947974498,116288,13.5485172271729
1161,28.9965518709471,47,162.8300152184,116335,13.6299419403076
1162,230.310919010522,1000,169.282183199691,117335,15.4493350982666
1163,70.6323723402794,187,142.05532278382,117522,16.4949855804443
1164,175.304859272504,321,134.675622403344,117843,16.2563362121582
1165,161.698613403367,625,111.087872706072,118468,16.6205883026123
1166,130.76795595333,289,115.231639025323,118757,15.7376384735107
1167,236.458616907581,1000,135.237535273652,119757,14.533637046814
1168,291.646758374431,781,159.742561037399,120538,17.049783706665
1169,221.312665632616,1000,176.7837494232,121538,13.287558555603
1170,133.952414502234,398,168.108172726781,121936,14.3926086425781
1171,46.7219690548756,145,169.880714445174,122081,16.7193164825439
1172,365.70073122625,1000,183.419695666747,123081,16.6191730499268
1173,265.557640188991,1000,202.912222451618,124081,13.4323797225952
1174,11.2698684548307,178,186.508723369851,124259,16.1960105895996
1175,30.0506757322689,48,173.343929602741,124307,15.1998062133789
1176,40.2011499582055,197,164.287249003228,124504,14.6866607666016
1177,18.8142315822935,77,142.5228104707,124581,15.3910255432129
1178,131.402119240413,326,126.498346557298,124907,14.8611679077148
1179,15.9682092998007,81,105.963900924016,124988,13.9050788879395
1180,125.014993633971,258,105.07015883719,125246,15.8679113388062
1181,218.096582641693,1000,122.207620195872,126246,14.3976936340332
1182,68.8039701106734,170,92.5179440843141,126416,17.1716976165771
1183,109.626807589471,1000,76.9248608243622,127416,15.0631084442139
1184,54.2699887567383,149,81.2248728545529,127565,15.5443487167358
1185,88.6061456893324,163,87.0804198502592,127728,15.8173933029175
1186,163.493499838316,291,99.4096548382703,128019,15.4388132095337
1187,65.3218627691839,97,104.060417956959,128116,15.0479507446289
1188,56.6559786058929,151,96.5858038935073,128267,13.4170846939087
1189,63.8765041064859,140,101.376633374176,128407,16.8919639587402
1190,231.739577265103,860,112.049091737289,129267,11.5384902954102
1191,15.902831076282,42,91.8297165807479,129309,13.8009338378906
1192,173.815796819109,609,102.330899251591,129918,14.3137130737305
1193,38.9313435669829,56,95.2613528493426,129974,17.7960300445557
1194,23.8381902354549,45,92.2181729972143,130019,15.9698514938354
1195,129.054409846293,392,96.2629994129104,130411,15.3932495117188
1196,26.0642839430463,44,82.5200778233834,130455,17.7701816558838
1197,84.0568740764638,550,84.3935789541114,131005,16.7954711914062
1198,13.9359428854056,44,80.1215753820627,131049,14.9351511001587
1199,262.605285640284,692,99.9944535354424,131741,16.4952049255371
1200,69.9460981062641,138,83.8151056195586,131879,15.4202947616577
1201,18.4815438407464,36,84.072976896005,131915,15.8124513626099
1202,128.446754869598,291,79.5360727010539,132206,18.242504119873
1203,40.6920320879761,57,79.7121415531532,132263,17.2401885986328
1204,98.4452163743665,310,87.1728441670444,132573,15.4602346420288
1205,29.3407453446846,47,77.2014777168835,132620,17.8320922851562
1206,230.492198872062,417,97.6442692097851,133037,17.5068912506104
1207,249.421164400343,524,114.180698242173,133561,14.7612953186035
1208,132.942305591875,271,126.08133451282,133832,17.3979911804199
1209,331.315769965894,1000,132.952382945381,134832,17.755313873291
1210,380.312748811578,1000,163.989048015913,135832,19.7603149414062
1211,434.784126075495,1000,205.619306239387,136832,16.4543151855469
1212,380.633774002035,1000,230.838008152631,137832,18.3609886169434
1213,418.987589592069,1000,268.66756390304,138832,17.2629051208496
1214,348.443551433907,1000,293.667397408994,139832,20.461109161377
1215,365.656161836092,1000,327.298939058135,140832,17.2374649047852
1216,419.595930392897,1000,346.209312210219,141832,17.0979385375977
1217,463.034486378183,1000,367.570644408003,142832,18.9726448059082
1218,410.779277045653,1000,395.354341553381,143832,15.8563575744629
1219,430.585902882189,1000,405.28135484501,144832,18.5449142456055
1220,301.749194253801,1000,397.424999389232,145832,16.8787460327148
1221,389.643014736449,1000,392.910888255328,146832,19.506950378418
1222,367.607272165333,1000,391.608238071657,147832,14.6732492446899
1223,27.9742490256818,45,352.506904015019,147877,18.5834007263184
1224,465.827530935445,1000,364.245301965172,148877,20.1502952575684
1225,371.779096564273,1000,364.857595437991,149877,20.4179801940918
1226,460.85372771736,1000,368.983375170437,150877,19.7787933349609
1227,377.355161912548,1000,360.415442723873,151877,18.0868759155273
1228,299.317394690152,1000,349.269254488323,152877,19.0600280761719
1229,324.338542446992,1000,338.644518444803,153877,13.2103900909424
1230,364.783408989922,1000,344.947939918415,154877,17.3033561706543
1231,488.924743432367,1000,354.876112788007,155877,17.3935012817383
1232,346.933421147226,1000,352.808727686197,156877,16.4635238647461
1233,81.3773989927051,162,358.149042682899,157039,15.9050130844116
1234,353.557255048307,1000,346.922015094185,158039,15.3775005340576
1235,469.054092847541,1000,356.649514722512,159039,18.1073951721191
1236,398.164045019132,1000,350.380546452689,160039,17.3877983093262
1237,49.8839485835813,71,317.633425119792,160110,19.794361114502
1238,155.89207234291,346,303.290892885068,160456,14.1068162918091
1239,290.963122632154,1000,299.953350903584,161456,21.0595283508301
1240,374.370885902008,1000,300.912098594793,162456,19.0038871765137
1241,291.1497893458,1000,281.134603186136,163456,15.0868511199951
1242,195.795011481546,1000,266.020762219568,164456,15.624813079834
1243,289.303142529871,1000,286.813336573285,165456,16.8416442871094
1244,331.061701237123,1000,284.563781192167,166456,20.07932472229
1245,52.8155356658435,75,242.939925473997,166531,21.6851291656494
1246,322.542502030793,1000,235.377771175163,167531,16.202995300293
1247,275.142086452475,1000,257.903584962052,168531,14.7244138717651
1248,195.962215617408,341,261.910599289502,168872,20.6003131866455
1249,375.613706067094,1000,270.375657632996,169872,22.7910594940186
1250,190.70784385893,1000,252.009353428688,170872,14.4561290740967
1251,83.6201602223757,149,231.256390516346,171021,20.5118160247803
1252,329.574018889362,1000,244.634291257128,172021,16.8979244232178
1253,36.1182541106194,50,219.315802415202,172071,19.5457038879395
1254,60.6814415443634,86,192.277776445926,172157,21.7573738098145
1255,33.2431013422928,60,190.320533013571,172217,20.1709728240967
1256,308.760400806969,1000,188.942322891189,173217,20.9009571075439
1257,359.419546170792,1000,197.370068863021,174217,23.4408893585205
1258,254.715675393984,1000,203.245414840678,175217,16.809045791626
1259,350.653856332482,1000,200.749429867217,176217,21.8683185577393
1260,423.198548785947,1000,223.998500359919,177217,22.8817577362061
1261,293.968605837751,1000,245.033344921456,178217,13.9129438400269
1262,342.03555166586,1000,246.279498199106,179217,15.8433933258057
1263,308.305978241741,1000,273.498270612218,180217,17.1571178436279
1264,355.104053862382,1000,302.94053184402,181217,21.3540058135986
1265,375.967638272212,1000,337.212985537012,182217,23.1601276397705
1266,344.687301669425,1000,340.805675623258,183217,21.4159908294678
1267,315.74738841626,1000,336.438459847805,184217,16.1631488800049
1268,372.964883109279,1000,348.263380619334,185217,20.5921382904053
1269,317.590602584968,1000,344.957055244583,186217,23.6184158325195
1270,516.96197716309,1000,354.333398082297,187217,19.8833389282227
1271,388.728087321633,1000,363.809346230685,188217,23.0154151916504
1272,369.863673933678,1000,366.592158457467,189217,20.2412662506104
1273,301.665218099876,1000,365.92808244328,190217,15.9918394088745
1274,315.964963541373,1000,362.01417341118,191217,17.665132522583
1275,296.116305740096,1000,354.029040157968,192217,18.9286346435547
1276,331.805255203681,1000,352.740835511393,193217,20.461088180542
1277,333.645200209509,1000,354.530616690718,194217,22.9138240814209
1278,350.259612168658,1000,352.260089596656,195217,22.4531440734863
1279,267.057308637946,1000,347.206760201954,196217,14.6826210021973
1280,328.24578880052,1000,328.335141365697,197217,17.4117736816406
1281,314.259752383921,1000,320.888307871926,198217,18.9989337921143
1282,281.155308584072,1000,312.017471336965,199217,19.0451946258545
1283,429.227218796917,1000,324.773671406669,200217,24.119255065918
1284,318.881665942749,1000,325.065341646807,201217,16.0891494750977
1285,395.426310998727,1000,334.99634217267,202217,16.8723030090332
1286,362.205203122476,1000,338.036336964549,203217,21.7968368530273
1287,255.450234800041,1000,330.216840423603,204217,13.6440124511719
1288,356.930338024872,1000,330.883913009224,205217,21.6179542541504
1289,301.801908516391,1000,334.358372997069,206217,20.9580230712891
1290,330.408908848373,1000,334.574685001854,207217,24.1391410827637
1291,322.936795257997,1000,335.442389289262,208217,20.3317222595215
1292,360.821623358009,1000,343.409020766655,209217,23.8368072509766
1293,401.438587531474,1000,340.630157640111,210217,23.4048919677734
1294,343.406829424402,1000,343.082673988276,211217,14.2491264343262
1295,349.344620992605,1000,338.474504987664,212217,22.052978515625
1296,366.562377048293,1000,338.910222380246,213217,22.126880645752
1297,285.405287027936,1000,341.905727603035,214217,23.0142784118652
1298,371.595388092796,1000,343.372232609828,215217,24.4125595092773
1299,324.482480722301,1000,345.640289830419,216217,15.6602506637573
1300,31.2963463555416,60,315.729033581135,216277,24.1964454650879
1301,31.2813511718037,49,286.563489172516,216326,21.7389755249023
1302,45.3815083574323,66,255.019477672458,216392,24.6089553833008
1303,337.527138013584,1000,248.628332720669,217392,22.7299385070801
1304,90.2528795202978,162,223.312937730259,217554,23.5749626159668
1305,278.813377363479,1000,216.259813367346,218554,21.921272277832
1306,362.772989988263,1000,215.880874661343,219554,25.1067390441895
1307,326.815270225255,1000,220.021872981075,220554,21.245454788208
1308,346.078202252621,1000,217.470154397058,221554,22.5831165313721
1309,263.061325605745,1000,211.328038885402,222554,14.909478187561
1310,279.873365354641,1000,236.185740785312,223554,16.7357940673828
1311,41.6776424650388,61,237.225369914636,223615,25.2274627685547
1312,305.917391532099,1000,263.278958232102,224615,19.9639186859131
1313,279.90773150054,1000,257.517017580798,225615,21.789134979248
1314,282.56837461379,1000,276.748567090147,226615,23.6075267791748
1315,153.802059103217,281,264.247435264121,226896,19.3609447479248
1316,291.7907275957,1000,257.149209024865,227896,22.0401782989502
1317,342.173424211537,1000,258.685024423493,228896,22.6176452636719
1318,35.2242911519267,65,227.599633313423,228961,24.2156276702881
1319,74.6215193737469,110,208.755652690224,229071,24.7621421813965
1320,280.977528205086,1000,208.866068975268,230071,20.2630729675293
1321,375.539587427953,1000,242.25226347156,231071,23.8553333282471
1322,333.023025885939,1000,244.962826906943,232071,22.7406158447266
1323,21.4441786604445,32,219.116471622934,232103,20.2922744750977
1324,38.2206021944262,59,194.681694380997,232162,23.4445838928223
1325,276.189901054726,1000,206.920478576148,233162,14.3536500930786
1326,163.662828144513,362,194.10768863103,233524,21.538257598877
1327,25.837984181381,40,162.474144628014,233564,21.646240234375
1328,31.0522512565296,54,162.056940638474,233618,24.0252838134766
1329,165.854922613488,298,171.180280962449,233916,24.1133346557617
1330,259.220169225736,1000,169.004545064514,234916,15.834716796875
1331,294.770691032831,1000,160.927655425001,235916,16.7869415283203
1332,288.760473286117,1000,156.501400165019,236916,16.0659294128418
1333,324.746809524411,1000,186.831663251416,237916,21.746129989624
1334,301.653353912713,1000,213.174938423245,238916,19.5582790374756
1335,267.639597227436,1000,212.319908040515,239916,16.1370697021484
1336,339.766903683389,1000,229.930315594403,240916,16.8412590026855
1337,379.799900111211,1000,265.326507187386,241916,23.9923095703125
1338,289.933804074361,1000,291.214662469169,242916,14.0072813034058
1339,29.8399993318456,47,277.613170141005,242963,24.7406463623047
1340,316.830126642001,1000,283.374165882632,243963,16.1961727142334
1341,309.299626416275,1000,284.827059420976,244963,13.6199703216553
1342,322.107501811191,1000,288.161762273483,245963,11.2418518066406
1343,332.294825900372,1000,288.916563911079,246963,17.6200828552246
1344,63.733894309621,129,265.12461795077,247092,14.5065231323242
1345,311.487080344402,1000,269.509366262467,248092,22.5586929321289
1346,89.0488162606102,165,244.437557520189,248257,12.4334535598755
1347,344.48448805223,1000,240.906016314291,249257,19.4643211364746
1348,160.024994130362,285,227.915135319891,249542,20.57057762146
1349,329.371261940375,1000,257.868261580744,250542,19.9430656433105
1350,241.834023594478,468,250.368651275992,251010,16.9740390777588
1351,59.5141549034639,80,225.39010412471,251090,26.4677066802979
1352,253.123426782595,473,218.491696621851,251563,20.4650764465332
1353,407.073292984955,1000,225.969543330309,252563,19.3359794616699
1354,491.77097341788,1000,268.773251241135,253563,29.4436740875244
1355,438.795411651683,1000,281.504084371863,254563,12.6457395553589
1356,267.520368742288,462,299.351239620031,255025,19.7913303375244
1357,200.635133446844,380,284.966304159492,255405,24.6065883636475
1358,459.84734363065,1000,314.948539109521,256405,15.9010772705078
1359,35.8420077038616,51,285.59561368587,256456,26.2851715087891
1360,443.575922450209,1000,305.769803571443,257456,19.9305076599121
1361,390.510260199953,778,338.869414101092,258234,29.0135555267334
1362,445.4398454804,1000,358.101055970872,259234,22.0384826660156
1363,137.408354197264,262,331.134562092103,259496,25.3396778106689
1364,503.252128694675,1000,332.282677619783,260496,22.9227046966553
1365,205.431604001808,442,308.946296854795,260938,21.2817611694336
1366,371.1853610427,1000,319.312796084836,261938,17.4636039733887
1367,469.798085934818,1000,346.229091333634,262938,23.4256134033203
1368,420.513589993748,1000,342.295715969944,263938,22.6599273681641
1369,68.7052627835925,89,345.582041477917,264027,28.5926609039307
1370,115.117976021334,233,312.736246835029,264260,19.4949893951416
1371,414.631211552822,1000,315.148341970316,265260,12.5961751937866
1372,446.816473945784,1000,315.286004816855,266260,13.1554203033447
1373,148.97121783894,223,316.442291181022,266483,25.9627265930176
1374,184.413061972955,316,284.55838450885,266799,28.0255718231201
1375,215.096509171781,430,285.524875025847,267229,14.8596057891846
1376,36.4135442705998,51,252.047693348637,267280,25.5134048461914
1377,55.7891907827787,72,210.646803833433,267352,28.4771556854248
1378,26.7950020331174,39,171.27494503737,267391,24.1993045806885
1379,46.2307751263931,63,169.02749627165,267454,28.8061485290527
1380,238.908084153212,1000,181.406507084838,268454,20.3160209655762
1381,428.507231381856,823,182.794109067742,269277,26.5968246459961
1382,371.151156917987,801,175.227577364962,270078,13.5917310714722
1383,405.571479436956,1000,200.887603524764,271078,21.2974300384521
1384,335.878865187813,675,216.034183846249,271753,26.7826843261719
1385,337.312420029636,1000,228.255774932035,272753,15.7033710479736
1386,352.96610385095,1000,259.91103089007,273753,13.4364280700684
1387,169.465654104533,385,271.278677222245,274138,10.7396697998047
1388,107.128066338221,181,279.311983652756,274319,29.1207103729248
1389,453.361730190112,915,320.025079159128,275234,27.6527366638184
1390,385.850068443739,1000,334.71927758818,276234,13.9930992126465
1391,150.060702672463,270,306.874624717241,276504,15.4294786453247
1392,24.7717198210456,43,272.236681007547,276547,25.1567878723145
1393,111.377630711997,179,242.817296135051,276726,21.4045181274414
1394,454.461345278419,1000,254.675544144112,277726,29.5714359283447
1395,401.44288043539,1000,261.088590184687,278726,19.3097343444824
1396,544.469809865889,1000,280.238960786181,279726,29.1193027496338
1397,56.6550583978455,75,268.957901215512,279801,30.158260345459
1398,58.7976717084116,79,264.124861752531,279880,29.8750953674316
1399,256.739898897596,440,244.462678623279,280320,18.6860179901123
1400,354.581564570903,744,241.335828235996,281064,15.0697345733643
1401,187.459441291478,314,245.075702097897,281378,16.8433303833008
1402,198.367625682295,327,262.435292684022,281705,24.8144016265869
1403,357.790476491814,755,287.076577262004,282460,15.0762815475464
1404,295.975358171341,665,271.227978551296,283125,15.1432409286499
1405,66.9819230283389,132,237.781882810591,283257,19.3564758300781
1406,378.508862415142,1000,221.185788065517,284257,29.6520080566406
1407,398.211577417623,1000,255.341439967494,285257,22.5561218261719
1408,465.220917607624,1000,295.983764557415,286257,13.6198749542236
1409,203.409609580759,423,290.650735625732,286680,15.9528007507324
1410,64.8027524390704,125,261.672854412548,286805,17.8429527282715
1411,168.630397153617,396,259.789949998762,287201,23.8625411987305
1412,67.3370373024867,89,246.686891160782,287290,27.3538684844971
1413,456.977215230903,1000,256.60556503469,288290,27.0919857025146
1414,529.46715770996,1000,279.954744988552,289290,9.75164604187012
1415,448.000860050863,1000,318.056638690805,290290,16.5818557739258
1416,208.848778557128,466,301.090630305003,290756,11.6000175476074
1417,43.9422057173407,61,265.663693134975,290817,29.1078472137451
1418,181.835550449079,357,237.325156419121,291174,17.7688159942627
1419,492.621640797966,1000,266.246359540841,292174,16.2139091491699
1420,498.402705562452,1000,309.60635485318,293174,26.8724308013916
1421,454.161537352587,1000,338.159468873077,294174,19.5451545715332
1422,173.361118849431,345,348.761877027771,294519,16.12451171875
1423,81.3044116313561,143,311.194596667816,294662,15.9383964538574
1424,143.74828162705,305,272.622709059525,294967,11.9103679656982
1425,466.749809401804,1000,274.497603994619,295967,14.2686853408813
1426,404.169021351221,1000,294.029628274029,296967,17.5362091064453
1427,495.309141933787,1000,339.166321895673,297967,22.931131362915
1428,446.690602502004,1000,365.651827100966,298967,23.2946033477783
1429,403.836334232384,1000,356.773296444407,299967,28.5485038757324
1430,452.944463608444,1000,352.227472249007,300967,20.7127628326416
1431,444.964922191027,1000,351.307810732851,301967,19.5137195587158
1432,435.48361304572,1000,377.52006015248,302967,30.9177799224854
1433,385.570230564561,1000,407.9466420458,303967,10.7003011703491
1434,412.842945105745,1000,434.85610839367,304967,30.1730480194092
1435,429.039641529582,1000,431.085091606448,305967,10.6586923599243
1436,194.757296769934,357,410.143919148319,306324,15.8270387649536
1437,426.654060495241,1000,403.278411004464,307324,22.0300388336182
1438,539.677610284399,1000,412.577111782704,308324,21.7894287109375
1439,363.849126046921,1000,408.578390964158,309324,23.1677570343018
1440,372.881485077511,1000,400.572093111064,310324,19.6564445495605
1441,472.591284110711,1000,403.334729303033,311324,17.0607471466064
1442,361.365114433589,1000,395.92287944182,312324,31.3175582885742
1443,297.821976125966,1000,387.14805399796,313324,20.6020851135254
1444,409.772077284666,1000,386.840967215852,314324,18.9325351715088
1445,495.108736821787,1000,393.447876745073,315324,27.5737018585205
1446,491.274728367687,1000,423.099619904848,316324,27.6267223358154
1447,408.21919282188,1000,421.256133137512,317324,24.360258102417
1448,498.021276693945,1000,417.090499778466,318324,32.0574264526367
1449,315.928798220872,1000,412.298466995861,319324,28.8754463195801
1450,407.702619982837,1000,415.780580486394,320324,33.4354934692383
1451,355.438443934044,1000,404.065296468727,321324,26.0139236450195
1452,451.596098731442,1000,413.088394898512,322324,28.4395923614502
1453,325.968291259438,1000,415.90302641186,323324,32.2715148925781
1454,341.913847700342,1000,409.117203453427,324324,29.1945400238037
1455,301.141509594691,1000,389.720480730718,325324,12.0978145599365
1456,493.28665559799,1000,389.921673453748,326324,25.7911491394043
1457,365.794157631797,1000,385.67916993474,327324,31.5234718322754
1458,437.114803386896,1000,379.588522604035,328324,11.1619396209717
1459,462.564742312552,1000,394.252117013203,329324,17.789680480957
1460,290.463262604576,1000,382.528181275377,330324,32.0001220703125
1461,509.143151964369,1000,397.898652078409,331324,32.1477851867676
1462,491.217246639409,1000,401.860766869206,332324,11.4814367294312
1463,385.792078271975,1000,407.84314557046,333324,22.7904663085938
1464,346.996907381771,1000,408.351451538603,334324,15.0321531295776
1465,332.634985058694,1000,411.500799085003,335324,15.9427900314331
1466,420.414965760259,1000,404.21363010123,336324,18.3898487091064
1467,411.629850526568,1000,408.797199390707,337324,12.7853937149048
1468,337.139619297086,1000,398.799680981726,338324,23.4386520385742
1469,413.549399374513,1000,393.898146687922,339324,14.7856302261353
1470,456.658974736425,1000,410.517717901107,340324,18.7871341705322
1471,525.600880333118,1000,412.163490737982,341324,20.3735179901123
1472,492.655421193773,1000,412.307308193418,342324,22.8183536529541
1473,369.573895208903,1000,410.685489887111,343324,15.9510259628296
1474,365.714253483517,1000,412.557224497286,344324,21.4535579681396
1475,413.491994203987,1000,420.642925411815,345324,21.1127700805664
1476,410.776155719906,1000,419.67904440778,346324,14.8166007995605
1477,532.402141063465,1000,431.756273461469,347324,31.4317798614502
1478,365.882056068432,1000,434.630517138604,348324,31.3157997131348
1479,469.229963851186,1000,440.198573586271,349324,27.299732208252
1480,388.30006674958,1000,433.362682787587,350324,24.5115070343018
1481,368.607608410241,1000,417.663355595299,351324,26.4906578063965
1482,489.927362337556,1000,417.390549709677,352324,29.1046676635742
1483,419.993275496676,1000,422.432487738455,353324,23.8944854736328
1484,490.189951307276,1000,434.880057520831,354324,20.5537490844727
1485,400.180570730041,1000,433.548915173436,355324,13.0302782058716
1486,537.013922117767,1000,446.172691813222,356324,12.8834934234619
1487,498.205543326818,1000,442.753032039557,357324,32.0796813964844
1488,501.78529557031,1000,456.343355989745,358324,16.3200550079346
1489,413.893698469772,1000,450.809729451604,359324,26.472677230835
1490,435.620110817271,1000,455.541733858373,360324,21.393310546875
1491,361.470729612102,1000,454.828045978559,361324,29.1564502716064
1492,455.934828103756,1000,451.428792555179,362324,19.4121189117432
1493,356.502196820354,1000,445.079684687547,363324,23.4216709136963
1494,399.65665686848,1000,436.026355243667,364324,11.4690494537354
1495,531.45364461522,1000,449.153662632185,365324,37.7354736328125
1496,348.682929924506,1000,430.320563412859,366324,21.3181018829346
1497,501.648971354737,1000,430.664906215651,367324,26.2021484375
1498,390.905307455136,1000,419.576907404133,368324,27.8417301177979
1499,329.94295423082,1000,411.181832980238,369324,24.9515781402588
1500,370.011269626,1000,404.620948861111,370324,16.1993045806885
1501,498.725911160476,1000,418.346467015948,371324,14.931601524353
1502,449.517637076502,1000,417.704747913223,372324,34.3180541992188
1503,403.476578897478,1000,422.402186120935,373324,26.4781398773193
1504,430.942554954915,1000,425.530775929579,374324,16.32200050354
1505,370.059717455121,1000,409.391383213569,375324,29.3050575256348
1506,507.17399156672,1000,425.24048937779,376324,18.2538509368896
1507,420.866336513778,1000,417.162225893694,377324,23.1044235229492
1508,413.972773012837,1000,419.468972449465,378324,24.149995803833
1509,415.383656593156,1000,428.013042685698,379324,31.4877910614014
1510,380.553408041281,1000,429.067256527226,380324,22.4856090545654
1511,414.070929281839,1000,420.601758339363,381324,30.3671588897705
1512,354.325700238147,1000,411.082564655527,382324,28.1667976379395
1513,475.00195423474,1000,418.235102189253,383324,17.5038738250732
1514,433.371412384439,1000,418.477987932206,384324,11.8506698608398
1515,363.482964908738,1000,417.820312677567,385324,12.4200897216797
1516,378.871422120955,1000,404.990055732991,386324,24.0362892150879
1517,451.618158875395,1000,408.065237969153,387324,37.0428466796875
1518,424.511358725423,1000,409.119096540411,388324,16.2075805664062
1519,462.120328125961,1000,413.792763693692,389324,33.663646697998
1520,393.248297586374,1000,415.062252648201,390324,20.7031097412109
1521,457.420506436865,1000,419.397210363704,391324,19.8973178863525
1522,298.997170793782,1000,413.864357419267,392324,19.9186477661133
1523,350.590218199667,1000,401.42318381576,393324,30.6440105438232
1524,554.673282277944,1000,413.55337080511,394324,10.4759378433228
1525,448.539409685289,1000,422.059015282765,395324,20.7619476318359
1526,423.982422179899,1000,426.57011528866,396324,17.5647754669189
1527,331.82919459147,1000,414.591218860267,397324,32.5220260620117
1528,345.529888735219,1000,406.693071861247,398324,19.3709201812744
1529,335.931913810288,1000,394.074230429679,399324,23.1549224853516
1530,333.748849224295,1000,388.124285593472,400324,12.385947227478
1531,427.747435961128,1000,385.156978545898,401324,17.3857536315918
1532,371.100555840304,1000,392.36731705055,402324,17.1911544799805
1533,455.093983240312,1000,402.817693554615,403324,37.1086006164551
1534,366.084509744624,1000,383.958816301283,404324,36.4430885314941
1535,390.984505466914,1000,378.203325879445,405324,21.9913730621338
1536,503.069074347832,1000,386.111991096239,406324,28.3660087585449
1537,491.048544708179,1000,402.033926107909,407324,31.5303192138672
1538,413.216559817768,1000,408.802593216164,408324,16.9985408782959
1539,466.773463140374,1000,421.886748149173,409324,12.652853012085
1540,403.324343547459,1000,428.844297581489,410324,13.6994485855103
1541,550.311045562177,1000,441.100658541594,411324,13.9841136932373
1542,295.229120958103,1000,433.513515053374,412324,28.6754665374756
1543,392.804940467979,1000,427.284610776141,413324,12.4284782409668
1544,443.858152753698,1000,435.061975077048,414324,17.5623779296875
1545,478.977506502463,1000,443.861275180603,415324,24.6861591339111
1546,435.66973857957,1000,437.121341603777,416324,19.2222633361816
1547,341.512083402339,1000,422.167695473193,417324,29.7722682952881
1548,353.178270282692,1000,416.163866519685,418324,11.8479900360107
1549,470.754091104236,1000,416.561929316071,419324,27.5243453979492
1550,427.642825172201,1000,418.993777478546,420324,28.0380382537842
1551,427.382654896241,1000,406.700938411952,421324,22.4815540313721
1552,402.028453470901,1000,417.380871663232,422324,24.5316104888916
1553,425.032847332334,1000,420.603662349667,423324,28.7671947479248
1554,348.70276729759,1000,411.088123804057,424324,24.2854404449463
1555,415.867655389155,1000,404.777138692726,425324,25.2116641998291
1556,417.371684204941,1000,402.947333255263,426324,36.473949432373
1557,420.433938000958,1000,410.839518715125,427324,22.1414928436279
1558,559.612451409281,1000,431.482936827784,428324,13.8584728240967
1559,549.718380591655,1000,439.379365776526,429324,16.2105560302734
1560,536.867303748282,1000,450.301813634134,430324,20.9467277526855
1561,517.852523070047,1000,459.348800451514,431324,14.9603223800659
1562,492.506655496536,1000,468.396620654078,432324,22.7101936340332
1563,427.360626857136,1000,468.629398606558,433324,16.5632228851318
1564,467.073110794664,1000,480.466432956265,434324,24.7931671142578
1565,503.254375778698,1000,489.20510499522,435324,25.9785099029541
1566,547.976321953386,1000,502.265568770064,436324,14.3296365737915
1567,545.211988049942,1000,514.743373774963,437324,16.2059917449951
1568,421.816946026606,1000,500.963823236695,438324,14.611704826355
1569,460.757103348779,1000,492.067695512408,439324,13.9869594573975
1570,550.931757464527,1000,493.474140884032,440324,13.4139881134033
1571,407.645804305586,1000,482.453469007586,441324,14.4080305099487
1572,500.000992361129,1000,483.202902694045,442324,15.7336587905884
1573,542.943689223851,1000,494.761208930717,443324,41.1057090759277
1574,547.842065765037,1000,502.838104427754,444324,16.2552547454834
1575,527.349589615832,1000,505.247625811467,445324,40.2711181640625
1576,490.587833589326,1000,499.508776975061,446324,31.2809886932373
1577,557.832041275731,1000,500.77078229764,447324,14.4483833312988
1578,442.89882452031,1000,502.878970147011,448324,18.0048408508301
1579,460.161342209674,1000,502.8193940331,449324,14.8158483505249
1580,497.65594604288,1000,497.491812890935,450324,13.7270565032959
1581,591.044523488124,1000,515.831684809189,451324,16.9592437744141
1582,480.764337303745,1000,513.908019303451,452324,16.1756973266602
1583,383.431570210738,1000,497.956807402139,453324,16.2548503875732
1584,553.516405093673,1000,498.524241335003,454324,16.5505237579346
1585,580.626083895344,1000,503.851890762954,455324,17.7072219848633
1586,489.174421537221,1000,503.710549557744,456324,17.1154384613037
1587,463.94534596176,1000,494.321880026347,457324,34.560546875
1588,469.676827903903,1000,496.999680364706,458324,32.9389610290527
1589,424.968217121994,1000,493.480367855938,459324,16.4883480072021
1590,423.148378413797,1000,486.02961109303,460324,18.9054279327393
1591,471.444106454931,1000,474.06956938971,461324,15.0488414764404
1592,416.402365962951,1000,467.633372255631,462324,40.3853912353516
1593,427.636659844181,1000,472.053881218975,463324,17.3733730316162
1594,423.302636028799,1000,459.032504312488,464324,28.1876220703125
1595,426.136221291816,1000,443.583518052135,465324,15.9184417724609
1596,453.092603464103,1000,439.975336244824,466324,32.2058219909668
1597,545.785905835352,1000,448.159392232183,467324,38.9107818603516
1598,500.035019930744,1000,451.195211434867,468324,19.1498489379883
1599,513.312667132501,1000,460.029656435918,469324,36.5749893188477
1600,548.951245697292,1000,472.609943164267,470324,26.3501586914062
1601,499.831769777338,1000,475.448709496508,471324,22.9299621582031
1602,463.085594028576,1000,480.11703230307,472324,21.4899959564209
1603,531.878149829579,1000,490.54118130161,473324,28.7451953887939
1604,466.716351828769,1000,494.882552881607,474324,28.6138801574707
1605,483.450847252584,1000,500.614015477684,475324,18.3580074310303
1606,428.698010585212,1000,498.174556189795,476324,14.7015972137451
1607,575.895692370572,1000,501.185534843317,477324,39.4689903259277
1608,374.311884893578,1000,488.6132213396,478324,33.5632171630859
1609,446.05492537912,1000,481.887447164262,479324,14.6158742904663
1610,496.737272980959,1000,476.666049892629,480324,28.0810737609863
1611,484.607026406063,1000,475.143575555501,481324,40.6405944824219
1612,468.677445969535,1000,475.702760749597,482324,31.6613903045654
1613,522.316965664862,1000,474.746642333126,483324,33.6422996520996
1614,494.214695514506,1000,477.496476701699,484324,28.3532257080078
1615,536.655713153177,1000,482.816963291759,485324,31.9194374084473
1616,576.306866483862,1000,497.577848881624,486324,20.5354042053223
1617,410.469798158735,1000,481.03525946044,487324,23.8123531341553
1618,416.632040413456,1000,485.267275012428,488324,19.8017272949219
1619,505.221516231161,1000,491.183934097632,489324,15.5330467224121
1620,438.787825527607,1000,485.388989352296,490324,14.6247968673706
1621,412.808181408907,1000,478.209104852581,491324,29.0859088897705
1622,467.464983672218,1000,478.087858622849,492324,23.6770896911621
1623,530.896715818794,1000,478.945833638242,493324,37.7808418273926
1624,494.832265780142,1000,479.007590664806,494324,40.3461837768555
1625,417.7725636208,1000,467.119275711568,495324,37.8424797058105
1626,532.950541791158,1000,462.783643242298,496324,21.1002616882324
1627,414.229593827028,1000,463.159622809127,497324,16.4885311126709
1628,586.110866553834,1000,480.107505423165,498324,34.3438034057617
1629,509.009877583774,1000,480.486341558426,499324,14.8467836380005
1630,503.44189783332,1000,486.951748788998,500324,22.5517807006836
1631,464.065609375466,1000,492.077491585653,501324,15.7482767105103
1632,496.131742322522,1000,494.944167450684,502324,27.4639625549316
1633,551.398704996308,1000,496.994366368435,503324,22.0798530578613
1634,535.672093793754,1000,501.078349169796,504324,19.0351791381836
1635,540.001600280939,1000,513.30125283581,505324,17.7913703918457
1636,500.136397185424,1000,510.019838375237,506324,18.1740798950195
1637,412.990691609427,1000,509.895948153477,507324,29.811695098877
1638,462.845106705701,1000,497.569372168664,508324,16.8017997741699
1639,497.125542902971,1000,496.380938700583,509324,31.9514007568359
1640,550.786951389114,1000,501.115444056163,510324,31.0578670501709
1641,588.416943320624,1000,513.550577450679,511324,16.1263084411621
1642,440.192963083065,1000,507.956699526733,512324,15.3128414154053
1643,554.001959303131,1000,508.217024957415,513324,16.5554237365723
1644,463.792247016437,1000,501.029040279683,514324,24.5039901733398
1645,620.940101554379,1000,509.122890407028,515324,44.5851097106934
1646,553.507033453951,1000,514.45995403388,516324,17.5249404907227
1647,548.282058213523,1000,527.98909069429,517324,17.9582557678223
1648,611.818613717847,1000,542.886441395504,518324,18.194751739502
1649,541.837860599699,1000,547.357673165177,519324,15.7228574752808
1650,544.114016852034,877,546.690379711469,520201,17.3848075866699
1651,498.243609884943,1000,537.673046367901,521201,15.3958435058594
1652,522.982176056689,1000,545.951967665263,522201,16.6902656555176
1653,520.84068498526,1000,542.635840233476,523201,15.6718349456787
1654,558.40931887113,1000,552.097547418946,524201,39.8064384460449
1655,541.056969202979,1000,544.109234183805,525201,16.6015472412109
1656,585.100338502983,1000,547.268564688709,526201,24.4318313598633
1657,523.949573780107,1000,544.835316245367,527201,24.9058113098145
1658,539.078847905371,1000,537.561339664119,528201,35.7169876098633
1659,533.896468831995,1000,536.767200487349,529201,15.7022504806519
1660,510.442535727719,1000,533.400052374917,530201,19.2283935546875
1661,583.042287776617,1000,541.879920164085,531201,36.0136032104492
1662,604.046594752211,1000,549.986362033637,532201,40.8556175231934
1663,558.82101095769,1000,553.78439463088,533201,37.4057388305664
1664,540.947658671899,1000,552.038228610957,534201,35.0697860717773
1665,540.010559714131,1000,551.933587662072,535201,43.9069023132324
1666,468.247422609976,1000,540.248296072771,536201,15.5152139663696
1667,564.958208672088,1000,544.34915956197,537201,40.7149124145508
1668,567.988520185125,1000,547.240126789945,538201,31.4159164428711
1669,522.603956786132,1000,546.110875585359,539201,36.7743721008301
1670,558.901747274227,1000,550.95679674001,540201,17.7750949859619
1671,579.525553730901,1000,550.605123335438,541201,32.8068008422852
1672,568.681320532101,1000,547.068595913427,542201,19.5262107849121
1673,580.365305028063,1000,549.223025320464,543201,17.7597904205322
1674,554.079584579022,1000,550.536217911176,544201,34.290901184082
1675,549.845918057412,1000,551.519753745505,545201,33.5916213989258
1676,598.055927062194,1000,564.500604190726,546201,18.8106479644775
1677,637.552464961194,1000,571.760029819637,547201,22.5976276397705
1678,513.694049276782,1000,566.330582728803,548201,19.0727024078369
1679,529.227397419705,1000,566.99292679216,549201,18.5797557830811
1680,591.456054380513,1000,570.248357502789,550201,20.2330646514893
1681,594.090275660506,1000,571.704829695749,551201,20.0511722564697
1682,554.377730005353,1000,570.274470643074,552201,31.8886108398438
1683,650.216217433053,1000,577.259561883573,553201,25.4525127410889
1684,604.196091959255,1000,582.271212621597,554201,20.7079963684082
1685,619.319411276034,1000,589.218561943459,555201,20.8392333984375
1686,580.947808595626,1000,587.507750096802,556201,20.4197521209717
1687,594.682719241245,1000,583.220775524807,557201,26.7802639007568
1688,562.327524511533,1000,588.084123048282,558201,17.1596851348877
1689,640.355969085732,1000,599.196980214885,559201,20.7310981750488
1690,600.888477811215,1000,600.140222557955,560201,17.9404449462891
1691,634.405110862757,1000,604.17170607818,561201,44.8769645690918
1692,559.872326816538,1000,604.721165759299,562201,19.0717601776123
1693,594.059974943759,1000,599.105541510369,563201,19.1527004241943
1694,549.938230552317,1000,593.679755369676,564201,18.7886409759521
1695,593.594477419723,1000,591.107261984045,565201,41.843433380127
1696,649.327835733798,1000,597.945264697862,566201,21.6079978942871
1697,608.806717360538,1000,599.357664509791,567201,19.1960430145264
1698,588.359558690853,1000,601.960867927723,568201,20.6707916259766
1699,598.384219997784,1000,597.763693018928,569201,30.0174102783203
1700,343.348816573015,534,572.009726895108,569735,38.3112754821777
1701,628.778099101491,1000,571.447025718982,570735,19.871337890625
1702,514.33739778212,1000,566.89353281554,571735,20.5720062255859
1703,596.592853128307,1000,567.146820633995,572735,41.5134963989258
1704,573.787629621162,1000,569.531760540879,573735,44.2074356079102
1705,587.182372447889,1000,568.890550043696,574735,22.4351139068604
1706,334.844854025625,562,537.442251872879,575297,38.6650733947754
1707,601.466594482326,1000,536.708239585057,576297,21.999927520752
1708,647.40421917914,1000,542.612705633886,577297,48.2985382080078
1709,74.0275213588292,100,490.17703576999,577397,40.8462944030762
1710,576.472004877502,1000,513.489354600439,578397,21.7266483306885
1711,567.861768168326,1000,507.397721507123,579397,43.5610656738281
1712,563.080722579026,1000,512.272053986813,580397,19.1158332824707
1713,619.878232009922,1000,514.600591874975,581397,43.962646484375
1714,607.637418921985,1000,517.985570805057,582397,21.017707824707
1715,600.864152599578,1000,519.353748820226,583397,19.8801765441895
1716,625.774388933655,1000,548.446702311029,584397,32.2911720275879
1717,562.418310090936,1000,544.54187387189,585397,21.7935562133789
1718,561.512697634414,1000,535.952721717417,586397,33.8718032836914
1719,602.307856943192,1000,588.780755275854,587397,30.9932594299316
1720,579.003408961779,1000,589.033895684281,588397,20.6717739105225
1721,607.334352738152,1000,592.981154141264,589397,21.6757316589355
1722,598.812188962852,1000,596.554300779646,590397,21.4754238128662
1723,605.983822015591,1000,595.164859780213,591397,23.8912467956543
1724,591.306421732599,1000,593.531760061275,592397,28.3113574981689
1725,640.173157816925,1000,597.462660583009,593397,48.8478050231934
1726,698.282886784538,1000,604.713510368098,594397,42.414981842041
1727,620.687901811224,1000,610.540469540126,595397,44.1043548583984
1728,657.556081322442,1000,620.144807908929,596397,22.8716621398926
1729,575.28365372191,1000,617.442387586801,597397,22.9307117462158
1730,611.080372154966,1000,620.65008390612,598397,21.1656436920166
1731,603.959301662015,1000,620.312578798506,599397,30.3869476318359
1732,609.018336286826,1000,621.333193530904,600397,20.6347885131836
1733,594.231880192169,1000,620.157999348561,601397,32.980281829834
1734,641.065707587766,1000,625.133927934078,602397,21.3065166473389
1735,635.578096556796,1000,624.674421808065,603397,24.6730308532715
1736,564.521888428214,1000,611.298321972433,604397,19.3331508636475
1737,635.85374355089,1000,612.814906146399,605397,20.7681503295898
1738,636.852729254329,1000,610.744570939588,606397,20.9187717437744
1739,604.160542095468,1000,613.632259776944,607397,23.1046485900879
1740,675.512018038482,1000,620.075424365295,608397,45.1178092956543
1741,597.296111773344,1000,619.409105376428,609397,23.2595272064209
1742,582.863741242315,1000,616.793645871977,610397,20.5610408782959
1743,642.631429264758,1000,621.633600779236,611397,28.3808097839355
1744,584.13745571203,1000,615.940775591662,612397,44.103458404541
1745,644.331658026933,1000,616.816131738676,613397,23.8338851928711
1746,677.86970766979,1000,628.150913662834,614397,32.8518676757812
1747,572.756724552319,1000,621.841211762977,615397,17.8455104827881
1748,503.983770264105,1000,608.554315863954,616397,29.2218570709229
1749,627.327009818868,1000,610.870962636294,617397,22.5287990570068
1750,602.91373503942,1000,603.611134336388,618397,29.935920715332
1751,601.676663340265,1000,604.04918949308,619397,45.8077430725098
1752,539.230042011532,1000,599.685819570002,620397,20.6160373687744
1753,635.272054135136,1000,598.94988205704,621397,44.0703201293945
1754,634.10583315038,1000,603.946719800875,622397,49.3595275878906
1755,518.113353361303,1000,591.324889334312,623397,23.3928604125977
1756,582.76574666917,1000,581.81449323425,624397,22.5694351196289
1757,597.63640593919,1000,584.302461372937,625397,20.9878005981445
1758,672.441596993174,1000,601.148244045844,626397,25.0126438140869
1759,642.622585554831,1000,602.67780161944,627397,23.9568843841553
1760,691.819897741939,1000,611.568417889692,628397,23.7168388366699
1761,745.086957100104,1000,625.909447265676,629397,25.9515628814697
1762,651.268810271982,1000,637.113324091721,630397,36.2489318847656
1763,695.863633527014,1000,643.172482030909,631397,25.0334053039551
1764,722.466939558483,1000,652.008592671719,632397,25.3108806610107
1765,616.414656658153,1000,661.838723001404,633397,24.218599319458
1766,683.000880639278,1000,671.862236398415,634397,31.8599681854248
1767,597.778758406034,1000,671.876471645099,635397,19.8737564086914
1768,562.264899316665,1000,660.858801877448,636397,21.1413421630859
1769,688.911511939163,1000,665.487694515882,637397,23.2554779052734
1770,735.640331061329,1000,669.86973784782,638397,47.3896255493164
1771,668.954572643505,1000,662.256499402161,639397,28.2681560516357
1772,716.351429201203,1000,668.764761295083,640397,46.8951225280762
1773,679.796486493943,1000,667.158046591776,641397,24.5294151306152
1774,692.513655166517,1000,664.162718152579,642397,44.7685813903809
1775,715.688763727881,1000,674.090128859552,643397,23.1875896453857
1776,754.419528898939,1000,681.231993685518,644397,24.6207427978516
1777,706.012514164692,1000,692.055369261384,645397,40.7710952758789
1778,746.897578692222,1000,710.518637198939,646397,42.4734840393066
1779,707.924698694753,1000,712.419955874499,647397,25.6012649536133
1780,754.359112154585,1000,714.291833983824,648397,19.8690814971924
1781,717.489392044174,1000,719.145315923891,649397,25.0260143280029
1782,730.3739561771,1000,720.547568621481,650397,53.6782684326172
1783,678.030239514128,1000,720.370943923499,651397,41.0990905761719
1784,793.546722084192,1000,730.474250615267,652397,28.6752223968506
1785,674.619598747338,1000,726.367334117213,653397,23.5258159637451
1786,737.855340413064,1000,724.710915268625,654397,25.8422241210938
1787,751.027177335886,1000,729.212381585744,655397,25.4754524230957
1788,681.368463369613,1000,722.659470053483,656397,27.6650009155273
1789,712.479230486038,1000,723.114923232612,657397,24.4819602966309
1790,799.572797089341,1000,727.636291726088,658397,24.5920009613037
1791,624.906078624814,1000,718.377960384152,659397,24.0445709228516
1792,714.071680971188,1000,716.74773286356,660397,26.3830852508545
1793,676.421198283062,1000,716.586828740453,661397,24.236967086792
1794,708.051615772988,1000,708.037318109333,662397,27.0092716217041
1795,752.837526718267,1000,715.859110906426,663397,22.3295650482178
1796,751.766204065885,1000,717.250197271708,664397,25.441276550293
1797,755.8384969191,1000,717.73132923003,665397,20.8260192871094
1798,755.254547174364,1000,725.119937610505,666397,19.9526119232178
1799,719.128342336546,1000,725.784848795556,667397,24.8334255218506
1800,705.600458131726,1000,716.387614899794,668397,24.6585922241211
1801,758.693346542677,1000,729.76634169158,669397,29.9366188049316
1802,775.203548676517,1000,735.879528462113,670397,26.3778629302979
1803,765.910587155473,1000,744.828467349354,671397,25.5363159179688
1804,711.942568144091,1000,745.217562586465,672397,24.7255878448486
1805,715.633143102555,1000,741.497124224893,673397,22.001651763916
1806,790.272261760116,1000,745.347729994316,674397,44.7115478515625
1807,765.764292455832,1000,746.34030954799,675397,26.236141204834
1808,780.578822561287,1000,748.872737086682,676397,24.4170379638672
1809,790.658832260007,1000,756.025786079028,677397,25.9112739562988
1810,782.941097097851,1000,763.75984997564,678397,22.7071228027344
1811,761.174668568728,1000,764.007982178246,679397,22.9055309295654
1812,705.814356519038,1000,757.069062962498,680397,23.7744789123535
1813,745.465865774324,1000,755.024590824383,681397,27.8447151184082
1814,805.808863278528,1000,764.411220337827,682397,24.0876750946045
1815,730.171162435862,1000,765.865022271157,683397,21.4856491088867
1816,705.649746499653,1000,757.402770745111,684397,23.7579307556152
1817,723.768551946813,1000,753.203196694209,685397,24.935375213623
1818,772.775866361411,1000,752.422901074221,686397,30.6873435974121
1819,833.293334350107,1000,756.686351283231,687397,51.1891059875488
1820,799.02507765705,1000,758.294749339151,688397,25.1854801177979
1821,790.941609410987,1000,761.271443423377,689397,27.6010303497314
1822,820.644648458685,1000,772.754472617342,690397,48.366382598877
1823,766.604329836874,1000,774.868319023597,691397,26.5658416748047
1824,804.004469729627,1000,774.687879668707,692397,26.4941654205322
1825,827.929395359807,1000,784.463702961101,693397,49.2440986633301
1826,786.440634106504,1000,792.542791721787,694397,22.7469959259033
1827,793.022339080248,1000,799.46817043513,695397,22.3895530700684
1828,791.732353996221,1000,801.363819198611,696397,36.484016418457
1829,765.221871072279,1000,794.556672870828,697397,24.4858913421631
1830,757.777966165197,1000,790.431961721643,698397,24.6840000152588
1831,762.205614120201,1000,787.558362192564,699397,25.4190654754639
1832,746.629623199107,1000,780.156859666607,700397,26.6623592376709
1833,795.95605505606,1000,783.092032188525,701397,26.0438461303711
1834,793.498878654103,1000,782.041473080973,702397,26.8594036102295
1835,804.802862181964,1000,779.728819763188,703397,25.006856918335
1836,809.68154683208,1000,782.052911035746,704397,27.0467739105225
1837,845.340335158992,1000,787.28471064362,705397,52.2768592834473
1838,803.56479751714,1000,788.467954995712,706397,26.542989730835
1839,801.115195652556,1000,792.05728745374,707397,25.0199928283691
1840,830.029604460662,1000,799.282451283286,708397,45.6620330810547
1841,745.063950493859,1000,797.568284920652,709397,23.3445720672607
1842,797.843173694123,1000,802.689639970154,710397,28.4778518676758
1843,757.520172621131,1000,798.846051726661,711397,51.5269355773926
1844,758.039281037267,1000,795.300091964977,712397,25.7346782684326
1845,745.856817979424,1000,789.405487544723,713397,24.6030960083008
1846,837.210547934128,1000,792.158387654928,714397,54.5807685852051
1847,802.250983390531,1000,787.849452478082,715397,23.625036239624
1848,805.680809945592,1000,788.061053720927,716397,24.2329902648926
1849,799.082101163565,1000,787.857744272028,717397,31.6086902618408
1850,844.308097567644,1000,789.285593582727,718397,42.5238990783691
1851,771.150439178112,1000,791.894242451152,719397,23.9721870422363
1852,817.269245523844,1000,793.836849634124,720397,41.1420822143555
1853,762.824111445184,1000,794.367243516529,721397,30.0940265655518
1854,793.605257376084,1000,797.923841150411,722397,48.8529739379883
1855,791.991860563601,1000,802.537345408829,723397,24.4352741241455
1856,770.617442358049,1000,795.878034851221,724397,23.1397247314453
1857,772.662828892392,1000,792.919219401407,725397,25.1649188995361
1858,764.581499455086,1000,788.809288352356,726397,28.3854217529297
1859,759.076762067525,1000,784.808754442752,727397,24.8375129699707
1860,796.260477294955,1000,780.003992415483,728397,28.1271991729736
1861,789.011202737853,1000,781.790068771457,729397,25.6490135192871
1862,764.915820268011,1000,776.554726245874,730397,24.2038917541504
1863,726.466023372936,1000,772.918917438649,731397,26.5699882507324
1864,763.353345979018,1000,769.893726298943,732397,27.5335826873779
1865,793.302584395893,1000,770.024798682172,733397,29.2258949279785
1866,756.278297021497,1000,768.590884148516,734397,22.87428855896
1867,788.64565936151,1000,770.189167195428,735397,27.8710517883301
1868,783.331942772738,1000,772.064211527193,736397,29.2482604980469
1869,804.552783686736,1000,776.611813689114,737397,27.5099201202393
1870,755.410711307921,1000,772.526837090411,738397,27.9994945526123
1871,774.535690908205,1000,771.079285907446,739397,25.6246757507324
1872,784.663489283686,1000,773.054052809014,740397,31.7122535705566
1873,793.073481885508,1000,779.714798660271,741397,33.7491836547852
1874,792.215832935591,1000,782.601047355928,742397,27.2192859649658
1875,772.19050876132,1000,780.489839792471,743397,25.8761806488037
1876,832.438648259784,1000,788.1058749163,744397,52.0515289306641
1877,751.000446546448,1000,784.341353634793,745397,27.2367534637451
1878,837.601921807162,1000,789.768351538236,746397,51.4865989685059
1879,793.885308326884,1000,788.701604002251,747397,25.0279769897461
1880,710.316725778039,1000,784.192205449263,748397,25.6976203918457
1881,802.781933300623,1000,787.016829688504,749397,28.7978897094727
1882,748.155010199585,1000,783.365981780094,750397,43.0283317565918
1883,818.745029136177,1000,785.933136505161,751397,44.9679222106934
1884,845.908843178763,1000,791.302437529478,752397,51.4283027648926
1885,763.16696938923,1000,790.400083592269,753397,23.6216640472412
1886,795.645206640277,1000,786.720739430319,754397,28.9880847930908
1887,761.694589516234,1000,787.790153727297,755397,27.9771251678467
1888,800.95056562854,1000,784.125018109435,756397,27.8305606842041
1889,837.192729745698,1000,788.455760251317,757397,44.0493431091309
1890,796.518873999676,1000,797.07597507348,758397,29.2538509368896
1891,777.729519580128,1000,794.570733701431,759397,32.419807434082
1892,820.188067901096,1000,801.774039471582,760397,45.740062713623
1893,752.057481628001,1000,795.105284720765,761397,25.232234954834
1894,829.917656918964,1000,793.506166094785,762397,55.2739715576172
1895,760.949098809568,1000,793.284379036818,763397,27.0984210968018
1896,721.530869004793,1000,785.87294527327,764397,28.8085994720459
1897,749.441448521664,1000,784.647631173813,765397,28.6089382171631
1898,764.044007499822,1000,780.956975360941,766397,26.8215312957764
1899,802.915277995953,1000,777.529230185966,767397,28.0580959320068
1900,799.407910587959,1000,777.818133844795,768397,30.2679920196533
1901,824.340355093326,1000,782.479217396115,769397,58.6514930725098
1902,762.330103696633,1000,776.693420975668,770397,28.882474899292
1903,827.212285579838,1000,784.208901370852,771397,43.1507835388184
1904,769.794895879847,1000,778.19662526694,772397,25.0134754180908
1905,791.081223332617,1000,781.209837719245,773397,28.7392902374268
1906,711.199381298639,1000,780.17668894863,774397,24.1781768798828
1907,828.121876681522,1000,788.044731764616,775397,39.4551696777344
1908,802.496829244075,1000,791.890013939041,776397,29.8070793151855
1909,812.026164011439,1000,792.80110254059,777397,51.5679817199707
1910,760.917340683313,1000,788.952045550125,778397,27.2177467346191
1911,791.265391575863,1000,785.644549198379,779397,27.1438484191895
1912,749.30611465397,1000,784.342150294112,780397,26.1510314941406
1913,753.297420041766,1000,776.950663740305,781397,29.2121429443359
1914,824.006339691202,1000,782.371808121441,782397,57.5827713012695
1915,755.613820999208,1000,778.8250678881,783397,28.7018013000488
1916,794.786620489396,1000,787.183791807176,784397,29.0985832214355
1917,805.334309863756,1000,784.905035125399,785397,27.1037330627441
1918,840.285612216185,1000,788.68391342261,786397,59.4210433959961
1919,762.25273766939,1000,783.706570788405,787397,26.7162857055664
1920,788.471655900454,1000,786.462002310119,788397,30.210823059082
1921,778.564833507158,1000,785.191946503248,789397,32.605770111084
1922,782.208465654883,1000,788.48218160334,790397,30.6921844482422
1923,791.936532368318,1000,792.346092835995,791397,31.9736824035645
1924,820.392726646118,1000,791.984731531487,792397,49.7611961364746
1925,793.244776076367,1000,795.747827039203,793397,28.1959953308105
1926,785.003325067309,1000,794.769497496994,794397,27.2270088195801
1927,778.544309701602,1000,792.090497480778,795397,30.2680969238281
1928,834.092077378483,1000,791.471143997008,796397,54.4892616271973
1929,801.425954326646,1000,795.388465662734,797397,27.5961494445801
1930,795.821177491898,1000,796.123417821878,798397,28.5275421142578
1931,790.659366452803,1000,797.332871116442,799397,32.0511665344238
1932,764.133061685399,1000,795.525330719494,800397,26.4519081115723
1933,789.10319133717,1000,795.241996616379,801397,30.2173309326172
1934,737.911771597706,1000,786.993901111538,802397,28.7016086578369
1935,809.676217603563,1000,788.637045264258,803397,55.4138984680176
1936,785.330822719441,1000,788.669795029471,804397,29.0762996673584
1937,789.550388683835,1000,789.770402927694,805397,32.2013549804688
1938,816.700170742887,1000,788.031212264135,806397,58.7279624938965
1939,759.341658377377,1000,783.822782669208,807397,26.3690090179443
1940,784.197532643277,1000,782.660418184346,808397,29.0499324798584
1941,795.651389470236,1000,783.159620486089,809397,28.2946376800537
1942,786.767366733951,1000,785.423050990944,810397,28.4547786712646
1943,757.622972924215,1000,782.275029149649,811397,26.3925266265869
1944,745.332817322692,1000,783.017133722147,812397,25.4260120391846
1945,819.821564065231,1000,784.031668368314,813397,52.903751373291
1946,789.453617255351,1000,784.443947821905,814397,34.9297561645508
1947,749.91955808417,1000,780.480864761939,815397,26.3391189575195
1948,746.970062224822,1000,773.507853910132,816397,30.8357543945312
1949,754.237805774359,1000,772.99746864983,817397,26.7414932250977
1950,774.418308852221,1000,772.019546270725,818397,31.5432929992676
1951,789.931347438316,1000,771.447542067533,819397,31.1062107086182
1952,794.086076384865,1000,772.179413032624,820397,31.5711841583252
1953,822.353900776759,1000,778.652505817879,821397,42.5939636230469
1954,749.378878405412,1000,779.057111926151,822397,24.2388305664062
1955,787.51165112098,1000,775.826120631726,823397,31.0220108032227
1956,766.752696634645,1000,773.556028569655,824397,31.7127418518066
1957,842.781541526066,1000,782.842226913845,825397,59.0755157470703
1958,822.311698346857,1000,790.376390526048,826397,47.364673614502
1959,778.427375962893,1000,792.795347544901,827397,27.5066604614258
1960,791.064664152896,1000,794.459983074969,828397,30.0405693054199
1961,791.140840974346,1000,794.580932428572,829397,29.5414123535156
1962,806.320782613513,1000,795.804403051437,830397,31.1464195251465
1963,767.380270289047,1000,790.307040002666,831397,27.2031211853027
1964,764.758111112285,1000,791.844963273353,832397,27.575984954834
1965,788.852986775086,1000,791.979096838763,833397,31.2338600158691
1966,763.475617806206,1000,791.65138895592,834397,27.8169555664062
1967,793.725567356298,1000,786.745791538943,835397,37.1746826171875
1968,831.731048085165,1000,787.687726512774,836397,60.4785079956055
1969,757.233910934868,1000,785.568380009971,837397,25.4688491821289
1970,764.137177783776,1000,782.875631373059,838397,26.2294921875
1971,786.590097629859,1000,782.42055703861,839397,28.9701385498047
1972,791.144488280154,1000,780.902927605274,840397,33.5932464599609
1973,802.768214661149,1000,784.441722042485,841397,27.1586723327637
1974,804.052416901356,1000,788.371152621392,842397,26.3185424804688
1975,800.179294661943,1000,789.503783410077,843397,29.5852088928223
1976,780.624425294078,1000,791.218664158865,844397,29.732063293457
1977,753.791394857948,1000,787.22524690903,845397,36.5591278076172
1978,825.515936339256,1000,786.603735734439,846397,54.8752059936523
1979,804.665443615555,1000,791.346889002508,847397,30.3750820159912
1980,780.07960401772,1000,792.941131625902,848397,30.3050308227539
1981,801.290147652395,1000,794.411136628156,849397,34.1898345947266
1982,791.577140412011,1000,794.454401841341,850397,38.9581298828125
1983,803.268570061506,1000,794.504437381377,851397,34.9491767883301
1984,801.683541684018,1000,794.267549859643,852397,32.0289421081543
1985,794.95279583987,1000,793.744899977436,853397,31.967981338501
1986,763.895175848253,1000,792.071975032853,854397,26.8733158111572
1987,786.403800458473,1000,795.333215592906,855397,30.7250995635986
1988,827.916265388795,1000,795.57324849786,856397,45.954273223877
1989,789.668038773563,1000,794.07350801366,857397,31.0821170806885
1990,827.674408670689,1000,798.832988478957,858397,58.1518135070801
1991,846.391154666075,1000,803.343089180325,859397,46.1220359802246
1992,828.616962795227,1000,807.047071418647,860397,39.7818374633789
1993,809.673331581333,1000,807.68754757063,861397,31.8417530059814
1994,787.531957351959,1000,806.272389137424,862397,32.1959571838379
1995,794.923449981369,1000,806.269454551574,863397,29.6840381622314
1996,800.449379697509,1000,809.924874936499,864397,29.5383892059326
1997,841.910247339856,1000,815.475519624638,865397,64.208984375
1998,834.560631916516,1000,816.13995627741,866397,56.180248260498
1999,800.519659145674,1000,817.225118314621,867397,38.0708084106445
2000,762.471457421892,1000,810.704823189741,868397,30.9641666412354
2001,796.054616511097,1000,805.671169374243,869397,29.6850719451904
2002,800.129878311103,1000,802.822460925831,870397,31.8507385253906
2003,826.146700219518,1000,804.469797789649,871397,55.6926536560059
2004,819.662137981153,1000,807.682815852569,872397,52.1969337463379
2005,781.90184862206,1000,806.380655716638,873397,56.980354309082
2006,796.621828769125,1000,805.997900623799,874397,27.5774440765381
2007,758.135173785303,1000,797.620393268344,875397,27.373706817627
2008,844.132629763641,1000,798.577593053057,876397,59.9369239807129
2009,833.349333961728,1000,801.860560534662,877397,59.9306030273438
2010,760.064586354729,1000,801.619873427946,878397,28.6499328613281
2011,833.93018468803,1000,805.407430245639,879397,55.899112701416
2012,800.075166298156,1000,805.401959044344,880397,32.9458465576172
2013,788.789753788198,1000,801.666264401212,881397,44.7138328552246
2014,792.473176136434,1000,798.94736821674,882397,30.5787200927734
2015,795.96576135968,1000,800.353759490502,883397,31.074068069458
2016,758.333771496644,1000,796.524953763254,884397,28.6550979614258
2017,792.577406830357,1000,799.96917706776,885397,31.3903903961182
2018,814.344066968587,1000,796.990320788254,886397,59.8460006713867
2019,811.456216357434,1000,794.801009027825,887397,31.4234466552734
2020,829.442151769628,1000,801.738765569315,888397,63.9567832946777
2021,780.820953453867,1000,796.427842445898,889397,32.6230888366699
2022,772.710913869852,1000,793.691417203068,890397,31.6953582763672
2023,809.187587843219,1000,795.73120060857,891397,30.3952980041504
2024,753.152321736476,1000,791.799115168574,892397,30.5468254089355
2025,785.361681522675,1000,790.738707184874,893397,31.7990684509277
2026,765.626688653336,1000,791.467998900543,894397,26.0628089904785
2027,800.572561376673,1000,792.267514355175,895397,29.1661491394043
2028,796.012710335758,1000,790.434378691892,896397,32.7509574890137
2029,788.683363463641,1000,788.157093402512,897397,45.2834014892578
2030,826.320432541806,1000,787.84492147973,898397,48.074893951416
2031,805.996227799713,1000,790.362448914315,899397,30.4408111572266
2032,836.399699377116,1000,796.731327465041,900397,51.307186126709
2033,822.971961998098,1000,798.109764880529,901397,59.9598503112793
2034,795.485079344635,1000,802.343040641345,902397,33.3590927124023
2035,743.792452155195,1000,798.186117704597,903397,31.0373420715332
2036,808.228344220291,1000,802.446283261293,904397,31.1248054504395
2037,765.100874316392,1000,798.899114555265,905397,28.6480751037598
2038,764.035162320746,1000,795.701359753763,906397,28.5097198486328
2039,798.695197502812,1000,796.702543157681,907397,32.0722274780273
2040,827.714353301459,1000,796.841935233646,908397,59.0743408203125
2041,828.876613857358,1000,799.12997383941,909397,63.8367385864258
2042,803.214714111615,1000,795.81147531286,910397,29.4440746307373
2043,834.654175392011,1000,796.979696652252,911397,61.3744964599609
2044,796.704930482384,1000,797.101681766026,912397,37.894287109375
2045,803.697397825254,1000,803.092176333032,913397,30.2829761505127
2046,824.236310030121,1000,804.692972914015,914397,65.078125
2047,805.212189524745,1000,808.70410443485,915397,34.9143371582031
2048,794.853209057873,1000,811.785909108563,916397,31.818359375
2049,802.252424311416,1000,812.141631789424,917397,33.3124771118164
2050,795.504117379085,1000,808.920608197186,918397,28.093900680542
2051,809.071148919289,1000,806.940061703379,919397,30.0171451568604
2052,804.646512391747,1000,807.083241531393,920397,32.2877731323242
2053,836.795278729086,1000,807.2973518651,921397,63.2463150024414
2054,714.93945647576,1000,799.120804464438,922397,25.4225444793701
2055,827.261371817538,1000,801.477201863666,923397,47.7600479125977
2056,806.874011455823,1000,799.740972006236,924397,30.1931991577148
2057,837.87546672053,1000,803.007299725815,925397,63.6081657409668
2058,790.988854827301,1000,802.620864302758,926397,34.7043991088867
2059,841.841966476528,1000,806.579818519269,927397,56.6639595031738
2060,806.820411289087,1000,807.711447910269,928397,39.1316680908203
2061,796.899470193683,1000,806.494280037708,929397,30.9022521972656
2062,759.405325138487,1000,801.970161312382,930397,26.9806518554688
2063,805.742819786752,1000,798.864915418149,931397,32.4726791381836
2064,805.925346145332,1000,807.963504385106,932397,28.2432708740234
2065,799.870665733715,1000,805.224433776724,933397,31.7218418121338
2066,793.927915799594,1000,803.929824211101,934397,40.9147109985352
2067,755.195310527731,1000,795.661808591821,935397,28.204345703125
2068,824.718542701608,1000,799.034777379252,936397,56.1012573242188
2069,780.02785901374,1000,792.853366632973,937397,40.3263511657715
2070,806.483399082515,1000,792.819665412316,938397,29.0986995697021
2071,786.146758267509,1000,791.744394219698,939397,38.1992034912109
2072,807.690097084502,1000,796.5728714143,940397,42.375171661377
2073,739.560635758108,1000,789.954653011435,941397,26.7678413391113
2074,773.329687530499,1000,786.695087149952,942397,44.0306205749512
2075,780.567827457948,1000,784.764803322375,943397,33.6532249450684
2076,782.761553029805,1000,783.648167045397,944397,35.2187194824219
2077,830.683340990322,1000,791.196970091656,945397,47.6021118164062
2078,788.191005513044,1000,787.544216372799,946397,25.5545692443848
2079,783.221376095295,1000,787.863568080955,947397,28.8583736419678
2080,757.750353275034,1000,782.990263500207,948397,27.3556690216064
2081,786.652071815913,1000,783.040794855047,949397,30.4513492584229
2082,750.100955797774,1000,777.281880726374,950397,29.5184669494629
2083,780.991902604289,1000,781.425007410992,951397,32.7878074645996
2084,780.498698221827,1000,782.141908480125,952397,27.1924076080322
2085,823.409989466283,1000,786.426124680959,953397,63.7750701904297
2086,796.414323210213,1000,787.791401698999,954397,28.8153381347656
2087,776.883993411964,1000,782.411466941164,955397,41.634334564209
2088,771.175788733631,1000,780.709945263222,956397,30.1507301330566
2089,789.715881463999,1000,781.359395800093,957397,34.4439582824707
2090,754.740135883079,1000,781.058374060897,958397,27.1116943359375
2091,802.643706714557,1000,782.657537550762,959397,57.1195068359375
2092,795.928161667082,1000,787.240258137692,960397,33.804759979248
2093,779.227211616732,1000,787.063789038937,961397,42.9976425170898
2094,786.681622676358,1000,787.68208148439,962397,32.0988426208496
2095,745.243229063815,1000,779.865405444143,963397,28.6503601074219
2096,777.895958234176,1000,778.013568946539,964397,30.0584602355957
2097,731.545518210355,1000,773.479721426378,965397,27.7810516357422
2098,784.369345970699,1000,774.799077150085,966397,28.2100639343262
2099,763.777897324022,1000,772.205278736088,967397,34.3605308532715
2100,789.872336685736,1000,775.718498816353,968397,33.020435333252
2101,778.910325100534,1000,773.345160654951,969397,37.9720573425293
2102,762.127956079649,1000,769.965140096208,970397,51.334114074707
2103,794.422940310232,1000,771.484712965558,971397,60.552360534668
2104,823.491052150487,1000,775.16565591297,972397,66.3855895996094
2105,772.628534326027,1000,777.904186439192,973397,31.5593490600586
2106,759.682204658237,1000,776.082811081598,974397,32.4531440734863
2107,758.687124936178,1000,778.79697175418,975397,32.7297706604004
2108,789.686102621845,1000,779.328647419295,976397,30.7088279724121
2109,822.407099455375,1000,785.19156763243,977397,46.2576560974121
2110,755.18098480688,1000,781.722432444544,978397,29.1715431213379
2111,837.094766257775,1000,787.540876560268,979397,67.4831390380859
2112,786.973339800577,1000,790.025414932361,980397,34.0787315368652
2113,788.179194771801,1000,789.401040378518,981397,30.4193305969238
2114,828.937664022752,1000,789.945701565745,982397,58.5248794555664
2115,751.231783718259,1000,787.806026504968,983397,26.2658729553223
2116,799.27906998353,1000,791.765713037497,984397,32.1079177856445
2117,804.139211946785,1000,796.310921738558,985397,32.612434387207
2118,796.598488635447,1000,797.002160339918,986397,31.084716796875
2119,747.841079990317,1000,789.545558393412,987397,28.2274703979492
2120,788.876771721644,1000,792.915137084889,988397,32.0839729309082
2121,789.174845588183,1000,788.12314501793,989397,32.807861328125
2122,826.762567412551,1000,792.102067779127,990397,54.950855255127
2123,819.2547204283,1000,795.209620344777,991397,45.7154541015625
2124,791.527033416404,1000,791.468557284142,992397,31.7728881835938
2125,790.780459368376,1000,795.423424849154,993397,34.0340347290039
2126,818.806226717938,1000,797.376140522594,994397,58.9240226745605
2127,801.220203899273,1000,797.084239717843,995397,33.3940238952637
2128,847.929746700846,1000,802.217365524383,996397,67.6307983398438
2129,787.284469103575,1000,806.161704435709,997397,32.4872703552246
2130,755.55075124192,1000,802.829102387737,998397,27.7902183532715
2131,827.2944052153,1000,806.641058350448,999397,61.9438705444336
2132,790.749237494395,1000,803.039725358633,1000397,30.2192001342773
2133,749.024776276248,1000,796.016730943427,1001397,27.3738327026367
2134,800.747984861643,1000,796.938826087951,1002397,32.7553253173828
2135,781.980125651502,1000,796.058792716264,1003397,32.8636360168457
2136,786.780582613828,1000,792.856228305853,1004397,32.6695823669434
2137,764.039370442278,1000,789.138144960153,1005397,25.8689918518066
2138,792.18529513569,1000,783.563699803638,1006397,34.2948760986328
2139,744.73393911095,1000,779.308646804375,1007397,28.5167579650879
2140,764.184629197214,1000,780.172034599905,1008397,31.3746719360352
2141,749.551500736965,1000,772.397744152071,1009397,26.5889759063721
2142,782.816633618201,1000,771.604483764452,1010397,31.5100536346436
2143,806.741575844707,1000,777.376163721298,1011397,65.9268112182617
2144,752.054438166684,1000,772.506809051802,1012397,26.9330768585205
2145,800.80267783648,1000,774.3890642703,1013397,52.5790977478027
2146,743.833796233859,1000,770.094385632303,1014397,31.2928886413574
2147,800.962165210456,1000,773.786665109121,1015397,33.0112113952637
2148,770.600137033232,1000,771.628149298875,1016397,33.4342842102051
2149,773.603446651954,1000,774.515100052975,1017397,33.5646324157715
2150,795.521043734406,1000,777.648741506694,1018397,34.0840492248535
2151,789.044044464251,1000,781.597995879423,1019397,34.0679397583008
2152,748.68417106674,1000,778.184749624277,1020397,25.9144840240479
2153,791.575633898616,1000,776.668155429668,1021397,33.4476547241211
2154,789.640084472864,1000,780.426720060286,1022397,32.7727279663086
2155,794.909407930361,1000,779.837393069674,1023397,32.318000793457
2156,787.208311327595,1000,784.174844579047,1024397,30.6478729248047
2157,798.996936383746,1000,783.978321696377,1025397,32.6153717041016
2158,780.557530832895,1000,784.974061076343,1026397,45.6685218811035
2159,801.7422014697,1000,787.787936558118,1027397,37.8050498962402
2160,806.827631712785,1000,788.918595355955,1028397,32.9565391540527
2161,808.028775256023,1000,790.817068435133,1029397,32.2565498352051
2162,756.758837975426,1000,791.624535126001,1030397,28.0804061889648
2163,766.14964688157,1000,789.081936424296,1031397,34.1719627380371
2164,761.229004958568,1000,786.240828472867,1032397,27.956356048584
2165,799.284721094317,1000,786.678359789262,1033397,34.5478630065918
2166,755.940617654902,1000,783.551590421993,1034397,27.5683097839355
2167,800.527316145201,1000,783.704628398139,1035397,33.2499618530273
2168,802.308217640649,1000,785.879697078914,1036397,34.3509178161621
2169,783.90082691947,1000,784.095559623891,1037397,67.5285491943359
2170,831.905158577723,1000,786.603312310385,1038397,60.5485000610352
2171,767.314336549784,1000,782.531868439761,1039397,30.7832870483398
2172,798.553062340213,1000,786.71129087624,1040397,36.4540100097656
2173,777.720085006188,1000,787.868334688701,1041397,40.513111114502
2174,807.436071352616,1000,792.489041328106,1042397,36.2934074401855
2175,749.279344137457,1000,787.48850363242,1043397,30.4070816040039
2176,748.614282234093,1000,786.755870090339,1044397,25.1677150726318
2177,824.001953432604,1000,789.10333381908,1045397,66.8384475708008
2178,788.72611867725,1000,787.74512392274,1046397,33.6768684387207
2179,800.428011784978,1000,789.397842409291,1047397,33.303539276123
2180,782.387746414793,1000,784.446101192998,1048397,35.4970512390137
2181,828.880025003061,1000,790.602670038325,1049397,62.5743751525879
2182,760.773184401527,1000,786.824682244457,1050397,29.927604675293
2183,793.636544667833,1000,788.416328210621,1051397,33.8520545959473
2184,789.182699732232,1000,786.590991048583,1052397,28.139102935791
2185,828.589602365273,1000,794.522016871364,1053397,67.6772918701172
2186,803.796774175104,1000,800.040266065466,1054397,33.8618850708008
2187,783.533676723084,1000,795.993438394514,1055397,33.2690086364746
2188,768.170022587959,1000,793.937828785584,1056397,31.1173572540283
2189,756.825498272531,1000,789.57757743434,1057397,29.4733924865723
2190,827.576029539165,1000,794.096405746777,1058397,68.9821319580078
2191,796.674128885252,1000,790.875816134996,1059397,33.1457023620605
2192,794.408133069736,1000,794.239311001817,1060397,33.2644157409668
2193,821.780971572865,1000,797.05375369232,1061397,69.4733428955078
2194,792.871397982854,1000,797.422623517382,1062397,34.0858459472656
2195,828.819538363087,1000,797.445617117164,1063397,46.9015846252441
2196,772.419977329476,1000,794.307937432601,1064397,32.1719436645508
2197,789.23494225869,1000,794.878063986161,1065397,36.9470329284668
2198,808.97914771118,1000,798.958976498484,1066397,54.1769714355469
2199,803.521205575207,1000,803.628547228751,1067397,45.551513671875
2200,800.246607168099,1000,800.895604991645,1068397,31.5295867919922
2201,741.877270351987,1000,795.415919138318,1069397,29.9380531311035
2202,835.885430893412,1000,799.563648920686,1070397,65.7110061645508
2203,784.680901475334,1000,795.853641910933,1071397,34.3338241577148
2204,743.533208898895,1000,790.919823002537,1072397,31.3830604553223
2205,830.815671702491,1000,791.119436336477,1073397,61.9116287231445
2206,788.608030932942,1000,792.738241696824,1074397,33.5664443969727
2207,783.367808541343,1000,792.151528325089,1075397,44.7817268371582
2208,754.597641059408,1000,786.713377659912,1076397,28.2310657501221
2209,761.70863854022,1000,782.532120956413,1077397,29.3104553222656
2210,787.992641408649,1000,781.306724380468,1078397,34.0035400390625
2211,830.551103174522,1000,790.174107662722,1079397,57.1570510864258
2212,799.336787869651,1000,786.519243360346,1080397,33.4880676269531
2213,718.799955259579,1000,779.93114873877,1081397,27.7273197174072
2214,803.689712512068,1000,785.946799100087,1082397,34.011848449707
2215,760.854934704596,1000,778.950725400298,1083397,31.308895111084
2216,818.30653133854,1000,781.920575440858,1084397,46.2428932189941
2217,800.549476643544,1000,783.638742251078,1085397,30.6747303009033
2218,824.472418860381,1000,790.626220031175,1086397,57.3389587402344
2219,792.248427500514,1000,793.680198927204,1087397,32.4651870727539
2220,755.273469705327,1000,790.408281756872,1088397,48.9749908447266
2221,817.618222943559,1000,789.114993733776,1089397,52.3922805786133
2222,747.470365900429,1000,783.928351536854,1090397,29.4335098266602
2223,782.098789403766,1000,790.258234951272,1091397,46.2365188598633
2224,781.366838827546,1000,788.02594758282,1092397,25.683177947998
2225,789.387646124082,1000,790.879218724769,1093397,32.1642684936523
2226,828.869401379448,1000,791.93550572886,1094397,65.8408584594727
2227,819.511136306856,1000,793.831671695191,1095397,68.6171569824219
2228,780.855836633535,1000,789.470013472506,1096397,30.4184951782227
2229,771.873598075733,1000,787.432530530028,1097397,47.7616348266602
2230,763.393541359095,1000,788.244537695405,1098397,28.0924263000488
2231,785.735110040798,1000,785.056226405129,1099397,31.707971572876
2232,782.077844863013,1000,788.516974301387,1100397,39.9394187927246
2233,809.81222256394,1000,791.288317617405,1101397,60.441463470459
2234,792.122106851834,1000,792.363844419833,1102397,30.2306442260742
2235,789.804346741001,1000,792.405514481525,1103397,30.473705291748
2236,787.56269806045,1000,788.274844149626,1104397,28.8146362304688
2237,793.613254077101,1000,785.68505592665,1105397,34.4665031433105
2238,817.75139493161,1000,789.374611756458,1106397,58.2580146789551
2239,821.440822173742,1000,794.331334166258,1107397,66.140380859375
2240,793.212153567343,1000,797.313195387083,1108397,32.9558334350586
2241,804.007248407359,1000,799.140409223739,1109397,33.4749755859375
2242,751.97142081379,1000,796.129766818817,1110397,31.4924621582031
2243,789.235379526485,1000,794.072082515071,1111397,27.0915050506592
2244,828.635947727389,1000,797.723466602627,1112397,54.6519775390625
2245,794.759855877248,1000,798.219017516251,1113397,34.0679244995117
2246,805.597034870362,1000,800.022451197243,1114397,57.3680953979492
2247,763.768250366776,1000,797.03795082621,1115397,70.7450790405273
2248,795.296016893271,1000,794.792413022376,1116397,31.0958671569824
2249,791.112313684639,1000,791.759562173466,1117397,28.5857391357422
2250,786.953266837468,1000,791.133673500478,1118397,29.8682384490967
2251,29.908222101594,42,713.723770869902,1118439,37.9165878295898
2252,794.344732661447,1000,717.961102054668,1119439,30.3912086486816
2253,763.593247185137,1000,715.396888820533,1120439,28.578161239624
2254,755.363145254061,1000,708.0696085732,1121439,29.1784839630127
2255,796.944207636177,1000,708.288043749093,1122439,30.2770748138428
2256,830.004563819895,1000,710.728796644046,1123439,66.8463287353516
2257,789.262792238223,1000,713.278250831191,1124439,34.259521484375
2258,788.089913924341,1000,712.557640534298,1125439,35.6718521118164
2259,830.733977102169,1000,716.519806876051,1126439,68.1865386962891
2260,790.74987831182,1000,716.899468023486,1127439,32.2646293640137
2261,754.496075564469,1000,789.358253369774,1128439,28.469705581665
2262,797.173568909329,1000,789.641136994562,1129439,33.853687286377
2263,765.272078065787,1000,789.809020082627,1130439,28.2711448669434
2264,751.518148970245,1000,789.424520454245,1131439,28.8356876373291
2265,758.933477268382,1000,785.623447417466,1132439,27.9753589630127
2266,798.105241385263,1000,782.433515174003,1133439,32.9465446472168
2267,791.032443173362,1000,782.610480267517,1134439,32.0374374389648
2268,745.661641244113,1000,778.367652999494,1135439,34.2991561889648
2269,780.706984248589,1000,773.364953714136,1136439,31.969030380249
2270,754.522552729262,1000,769.74222115588,1137439,33.1152229309082
2271,782.374168488663,1000,772.530030448299,1138439,33.7635498046875
2272,755.078835734931,1000,768.32055713086,1139439,29.0841445922852
2273,770.733596691162,1000,768.866708993397,1140439,31.9199104309082
2274,748.549796599675,1000,768.56987375634,1141439,29.8847026824951
2275,807.983802174167,1000,773.474906246919,1142439,57.7541046142578
2276,790.522460864566,1000,772.716628194849,1143439,29.487678527832
2277,792.227038977268,1000,772.83608777524,1144439,32.9769134521484
2278,824.305126699484,1000,780.700436320777,1145439,70.040283203125
2279,796.321596786922,1000,782.26189757461,1146439,32.8530464172363
2280,802.9118083636,1000,787.100823138044,1147439,34.4459609985352
2281,806.288911593901,1000,789.492297448568,1148439,34.106128692627
2282,767.177339230405,1000,790.702147798115,1149439,26.4820156097412
2283,824.340966064681,1000,796.062884735467,1150439,52.7717742919922
2284,789.856055046734,1000,800.193510580173,1151439,34.3124580383301
2285,841.103621196286,1000,803.505492482385,1152439,68.2892456054688
2286,774.616330273549,1000,801.914879423283,1153439,33.4775848388672
2287,783.55404669102,1000,801.047580194658,1154439,33.6333541870117
2288,768.829870955941,1000,795.500054620304,1155439,29.0558032989502
2289,752.10568262706,1000,791.078463204318,1156439,28.3778915405273
2290,831.76692975621,1000,793.963975343579,1157439,72.4860534667969
2291,820.235128532014,1000,795.35859703739,1158439,61.7552947998047
2292,785.050258914045,1000,797.145889005754,1159439,34.0768814086914
2293,798.840891509123,1000,794.595881550198,1160439,34.9614868164062
2294,814.657253607418,1000,797.076001406267,1161439,68.6462631225586
2295,799.642307019608,1000,792.929869988599,1162439,33.1911697387695
2296,791.820945755012,1000,794.650331536745,1163439,33.9919586181641
2297,825.461510300477,1000,798.841077897691,1164439,71.6352081298828
2298,822.60177640767,1000,804.218268442864,1165439,72.4971694946289
2299,791.220079141361,1000,808.129708094294,1166439,32.064453125
2300,788.514311357543,1000,803.804446254427,1167439,32.9910202026367
2301,802.431351820896,1000,802.024068583315,1168439,34.8944702148438
2302,757.724857433962,1000,799.291528435307,1169439,26.2335567474365
2303,787.078314664577,1000,798.115270750852,1170439,39.2734222412109
2304,792.224163867083,1000,795.871961776819,1171439,34.3014831542969
2305,763.527354048847,1000,792.260466479743,1172439,31.489294052124
2306,779.046254664495,1000,790.982997370691,1173439,28.6101207733154
2307,784.466387140266,1000,786.88348505467,1174439,40.2733497619629
2308,821.306231775367,1000,786.75393059144,1175439,70.2222900390625
2309,797.377015863729,1000,787.369624263676,1176439,33.5917778015137
2310,794.868186708929,1000,788.005011798815,1177439,35.3153419494629
2311,824.719126802831,1000,790.233789297009,1178439,63.0002593994141
2312,51.1730303044328,110,719.578606584056,1178549,32.8611869812012
2313,809.016131819865,1000,721.772388299584,1179549,34.2820510864258
2314,820.463158211901,1000,724.596287734066,1180549,71.3682632446289
2315,789.302355445246,1000,727.173787873706,1181549,32.1728096008301
2316,802.615127898338,1000,729.530675197091,1182549,33.7666244506836
2317,794.782875599834,1000,730.562324043048,1183549,30.29665184021
2318,831.11954471241,1000,731.543655336752,1184549,69.4361114501953
2319,794.912989469755,1000,731.297252697354,1185549,33.4721298217773
2320,828.207612727068,1000,734.631195299168,1186549,53.6628913879395
2321,843.88456069099,1000,736.547738687984,1187549,68.523063659668
2322,771.949427037346,1000,808.625378361275,1188549,46.3588943481445
2323,789.222857406855,1000,806.646050919974,1189549,33.1723022460938
2324,788.242039965852,1000,803.42393909537,1190549,48.3618621826172
2325,757.899904036358,1000,800.283693954481,1191549,23.9532871246338
2326,802.672862787265,1000,800.289467443373,1192549,34.3323249816895
2327,783.123357634437,1000,799.123515646833,1193549,31.0514221191406
2328,783.494564116049,1000,794.361017587197,1194549,36.6761093139648
2329,828.496823938436,1000,797.719401034066,1195549,70.1746978759766
2330,799.277722067478,1000,794.826411968107,1196549,34.6947441101074
2331,820.552386897237,1000,792.493194588731,1197549,68.9563293457031
2332,784.178316203474,1000,793.716083505344,1198549,33.0448684692383
2333,758.124609177405,1000,790.606258682399,1199549,26.3302536010742
2334,754.319349321169,1000,787.213989617931,1200549,27.579776763916
2335,782.438888967868,1000,789.667888111082,1201549,34.5478057861328
2336,797.451266209198,1000,789.145728453275,1202549,31.0532817840576
2337,763.333908508296,1000,787.166783540661,1203549,34.2907943725586
2338,812.784584791613,1000,790.095785608217,1204549,50.0359039306641
2339,785.180350919647,1000,785.764138306339,1205549,40.0133209228516
2340,827.967944177445,1000,788.633160517335,1206549,64.6272964477539
2341,821.850205958703,1000,788.762942423482,1207549,57.9483642578125
2342,795.494918509497,1000,789.894602654084,1208549,34.0192260742188
2343,822.199478179717,1000,796.302089554315,1209549,61.7798919677734
2344,816.546826902186,1000,802.524837312417,1210549,55.5661392211914
2345,793.247088056726,1000,803.605657221303,1211549,34.9755477905273
2346,787.860995540812,1000,802.646630154464,1212549,29.9858722686768
2347,777.017469772815,1000,804.014986280916,1213549,29.4632930755615
2348,792.400041096038,1000,801.976531911359,1214549,36.1411590576172
2349,784.178128333547,1000,801.876309652749,1215549,29.7289657592773
2350,792.284119524461,1000,798.30792718745,1216549,31.708381652832
2351,795.163157714953,1000,795.639222363075,1217549,34.8816299438477
2352,43.8228815092401,106,720.47201866305,1217655,35.5495338439941
2353,803.451090824204,1000,718.597179927498,1218655,32.5616264343262
2354,844.628135555649,1000,721.405310792845,1219655,71.9929733276367
2355,788.398263780382,1000,720.92042836521,1220655,36.2682037353516
2356,837.508435131812,1000,725.88517232431,1221655,55.8422241210938
2357,781.88121102436,1000,726.371546449465,1222655,27.5460624694824
2358,814.824651371968,1000,728.614007477058,1223655,35.1271209716797
2359,836.835085752361,1000,733.879703218939,1224655,72.9095001220703
2360,810.074309069783,1000,735.658722173471,1225655,33.885913848877
2361,800.094678104597,1000,736.151874212436,1226655,33.8979682922363
2362,778.514231846991,1000,809.621009246211,1227655,31.6737899780273
2363,837.915436437295,1000,813.06744380752,1228655,68.0884323120117
2364,806.073927531233,1000,809.212023005078,1229655,34.4777069091797
2365,16.5740485474664,27,732.029601481787,1229682,45.7342681884766
2366,754.777910777995,1000,723.756549046405,1230682,30.2655754089355
2367,805.520510256073,1000,726.120478969576,1231682,31.5434188842773
2368,809.388637806882,1000,725.576877613068,1232682,32.9724388122559
2369,757.595184894181,1000,717.65288752725,1233682,29.2390213012695
2370,801.984612456368,1000,716.843917865908,1234682,35.5693283081055
2371,768.233797392837,1000,713.657829794732,1235682,29.8785285949707
2372,798.039479997993,1000,715.610354609833,1236682,29.2655563354492
2373,761.14490829275,1000,707.933301795378,1237682,30.0711936950684
2374,816.922854269677,1000,709.018194469222,1238682,53.0703887939453
2375,819.222534397658,1000,789.283043054242,1239682,72.9017715454102
2376,790.349000014346,1000,792.840151977877,1240682,35.4439735412598
2377,789.996311016486,1000,791.287732053918,1241682,32.0215682983398
2378,781.938030268299,1000,788.54267130006,1242682,31.2160320281982
2379,796.569991253678,1000,792.440151936009,1243682,36.6404685974121
2380,746.734161694884,1000,786.915106859861,1244682,31.6563968658447
2381,816.37380190381,1000,791.729107310958,1245682,69.9794235229492
2382,791.269135302176,1000,791.052072841376,1246682,32.9937400817871
2383,820.080942272423,1000,796.945676239344,1247682,72.4593124389648
2384,785.279476750715,1000,793.781338487448,1248682,31.7792663574219
2385,834.506839778136,1000,795.309769025495,1249682,72.5268020629883
2386,787.635988341797,1000,795.038467858241,1250682,33.9799690246582
2387,785.817827283647,1000,794.620619484957,1251682,29.8553943634033
2388,756.534203821746,1000,792.080236840301,1252682,27.9681186676025
2389,826.978539198493,1000,795.121091634783,1253682,72.4715728759766
2390,816.843194232691,1000,802.131994888563,1254682,41.9057731628418
2391,801.503413204223,1000,800.644956018605,1255682,33.3353118896484
2392,786.960832104361,1000,800.214125698823,1256682,35.918701171875
2393,791.798710542394,1000,797.38590252582,1257682,30.4309196472168
2394,798.743693235338,1000,798.732324174283,1258682,29.7241535186768
2395,783.489565418665,1000,793.630596738335,1259682,38.1825065612793
2396,767.650200327482,1000,791.632017936904,1260682,32.1940002441406
2397,796.119837734423,1000,792.662218981982,1261682,36.1481437683105
2398,830.977842571267,1000,800.106582856934,1262682,74.1465759277344
2399,799.803838872697,1000,797.389112824354,1263682,34.91455078125
2400,800.006428597821,1000,795.705436260867,1264682,29.3946189880371
2401,832.710468143069,1000,798.826141754752,1265682,65.2131423950195
2402,739.502585023255,1000,794.080317046641,1266682,41.9409484863281
2403,744.187463465064,1000,789.319192338908,1267682,29.7600078582764
2404,809.953750269335,1000,790.440198042308,1268682,68.2563629150391
2405,791.156220201259,1000,791.206863520567,1269682,46.2518882751465
2406,775.931283908362,1000,792.034971878655,1270682,31.7680282592773
2407,789.296079227547,1000,791.352596027968,1271682,36.0251426696777
2408,818.346067807025,1000,790.089418551543,1272682,71.5069198608398
2409,753.873061136137,1000,785.496340777888,1273682,29.5902309417725
2410,785.55859569678,1000,784.051557487783,1274682,31.4752902984619
2411,780.892872587299,1000,778.869797932206,1275682,36.3722496032715
2412,14.6495861549401,25,706.384498045375,1275707,45.081974029541
2413,819.711895000783,1000,713.936941198947,1276707,73.9278411865234
2414,794.561605620749,1000,712.397726734088,1277707,35.5282402038574
2415,767.92957428033,1000,710.075062141995,1278707,29.0072059631348
2416,787.257978642482,1000,711.207731615407,1279707,35.6616325378418
2417,785.938497590431,1000,710.871973451695,1280707,31.3884258270264
2418,797.997009199718,1000,708.837067590965,1281707,36.1427841186523
2419,772.744260455359,1000,710.724187522887,1282707,33.2677688598633
2420,782.602774610266,1000,710.428605414236,1283707,29.7025699615479
2421,773.541013319623,1000,709.693419487468,1284707,33.6021499633789
2422,773.928028515977,1000,785.621263723572,1285707,36.7917366027832
2423,781.843553834317,1000,781.834429606925,1286707,35.7293395996094
2424,780.997120371749,1000,780.477981082025,1287707,32.9015197753906
2425,782.080910259097,1000,781.893114679902,1288707,46.3201065063477
2426,797.806221909719,1000,782.947939006626,1289707,50.2579116821289
2427,773.698946620846,1000,781.723983909667,1290707,35.0806770324707
2428,789.649561271229,1000,780.889239116818,1291707,32.1252021789551
2429,814.633399188686,1000,785.078152990151,1292707,73.9086532592773
2430,799.461477138456,1000,786.76402324297,1293707,60.6646347045898
2431,771.422810766816,1000,786.552202987689,1294707,35.4426498413086
2432,775.183104339929,1000,786.677710570084,1295707,36.8042526245117
2433,766.868043521622,1000,785.180159538815,1296707,32.920280456543
2434,782.55232167281,1000,785.335679668921,1297707,31.4746551513672
2435,796.269297998383,1000,786.75451844285,1298707,34.358715057373
2436,809.909182563856,1000,787.964814508263,1299707,36.9001007080078
2437,775.120657526636,1000,788.106985598842,1300707,32.805965423584
2438,774.470827517806,1000,786.5891122235,1301707,29.2209529876709
2439,772.576000310475,1000,782.383372335679,1302707,35.7857894897461
2440,782.94995052887,1000,780.73221967472,1303707,36.9008827209473
2441,54.7893879074835,118,709.068877388787,1303825,30.5735359191895
2442,808.367613169529,1000,712.387328271747,1304825,52.4920806884766
2443,785.005331079812,1000,714.201057027566,1305825,32.7212066650391
2444,799.84505240411,1000,715.930330100696,1306825,71.4128570556641
2445,777.669929680146,1000,714.070393268873,1307825,36.9555816650391
2446,775.379178020635,1000,710.61739281455,1308825,37.5714569091797
2447,793.387896893304,1000,712.444116751217,1309825,31.8037948608398
2448,786.851122235386,1000,713.682146222975,1310825,34.1360778808594
2449,769.173675668684,1000,713.341913758796,1311825,34.9128265380859
2450,784.537508935651,1000,713.500669599474,1312825,31.2885265350342
2451,776.678665432215,1000,785.689597351947,1313825,37.1008682250977
2452,822.052027199163,1000,787.058038754911,1314825,74.0476608276367
2453,788.149414979744,1000,787.372447144904,1315825,35.3583297729492
2454,778.648062667827,1000,785.252748171276,1316825,32.0924415588379
2455,765.693719919736,1000,784.055127195234,1317825,30.8924083709717
2456,775.552578239801,1000,784.072467217151,1318825,30.6955471038818
2457,790.977599731486,1000,783.831437500969,1319825,42.179573059082
2458,805.517393354173,1000,785.698064612848,1320825,61.3900756835938
2459,789.01253530956,1000,787.681950576936,1321825,32.3967819213867
2460,744.639744698016,1000,783.692174153172,1322825,32.0956497192383
2461,780.286130295433,1000,784.052920639494,1323825,32.9985694885254
2462,784.742342727333,1000,780.321952192311,1324825,32.932258605957
2463,806.474407275078,1000,782.154451421844,1325825,73.3159484863281
2464,811.976820764321,1000,785.487327231494,1326825,33.8739242553711
2465,811.35632186683,1000,790.053587426203,1327825,60.1541938781738
2466,758.168930404719,1000,788.315222642695,1328825,37.1379356384277
2467,798.205592731971,1000,789.038021942743,1329825,32.5866508483887
2468,9.06392758015594,23,709.392675365342,1329848,47.9044532775879
2469,780.398520867407,1000,708.531273921127,1330848,30.3470764160156
2470,797.770620072046,1000,713.844361458529,1331848,35.0125617980957
2471,782.167491017038,1000,714.03249753069,1332848,33.9782066345215
2472,813.431055156792,1000,716.901368773636,1333848,35.0980033874512
2473,823.654318654709,1000,718.619359911599,1334848,65.3972473144531
2474,799.503508996937,1000,717.372028734861,1335848,34.9184532165527
2475,787.104167694903,1000,714.946813317668,1336848,33.9344177246094
2476,832.085096239903,1000,722.338429901186,1337848,70.330207824707
2477,795.976516422721,1000,722.115522270261,1338848,34.6801414489746
2478,815.341223799453,1000,802.743251892191,1339848,36.7335395812988
2479,820.14107005645,1000,806.717506811095,1340848,58.5143890380859
2480,784.209286651342,1000,805.361373469025,1341848,50.6529273986816
2481,819.773772936413,1000,809.122001660962,1342848,68.6466445922852
2482,839.069905740362,1000,811.685886719319,1343848,67.2921447753906
2483,772.119738834307,1000,806.532428737279,1344848,36.9331016540527
2484,790.830232387708,1000,805.665101076356,1345848,36.7553520202637
2485,750.808753089613,1000,802.035559615827,1346848,28.2339744567871
2486,821.07614855883,1000,800.93466484772,1347848,74.3816757202148
2487,776.013264419651,1000,798.938339647413,1348848,34.7948951721191
2488,793.43995676033,1000,796.748212943501,1349848,33.4088745117188
2489,817.473396369975,1000,796.481445574853,1350848,72.4351348876953
2490,808.202793158542,1000,798.880796225573,1351848,46.3280143737793
2491,778.682307571077,1000,794.77164968904,1352848,37.1101341247559
2492,45.9573419523741,106,715.460393310241,1352954,30.2722988128662
2493,761.516186757059,1000,714.400038102516,1353954,29.712553024292
2494,724.676984984175,1000,707.784713362163,1354954,27.600959777832
2495,770.47221398854,1000,709.751059452055,1355954,38.1048126220703
2496,731.767082729958,1000,700.820152869168,1356954,37.1767997741699
2497,786.382082971413,1000,701.857034724344,1357954,34.3891944885254
2498,795.264022927792,1000,702.039441341091,1358954,36.3442535400391
2499,798.228924489333,1000,700.114994153026,1359954,36.706787109375
2500,810.503105375483,1000,700.34502537472,1360954,59.793758392334
2501,36.2286283915697,97,626.09965745677,1361051,33.3205718994141
2502,12.2625489762746,21,622.73017815916,1361072,45.0511894226074
2503,823.92874525693,1000,628.971434009147,1362072,74.9323577880859
2504,767.291607297779,1000,633.232896240507,1363072,37.1212997436523
2505,756.070905181974,1000,631.79276535985,1364072,34.3203430175781
2506,774.632212990574,1000,636.079278385912,1365072,34.5931358337402
2507,774.065300217144,1000,634.847600110485,1366072,29.9613437652588
2508,744.633961268579,1000,629.784593944564,1367072,32.5025177001953
2509,538.936912671592,747,603.85539276279,1367819,34.9323501586914
2510,812.145075813195,1000,604.019589806561,1368819,76.2708740234375
2511,749.599950804594,1000,675.356722047864,1369819,35.437873840332
2512,775.170340718414,1000,751.647501222077,1370819,36.3873672485352
2513,794.796690701176,1000,748.734295766502,1371819,58.3966903686523
2514,52.863697452578,115,677.291504781982,1371934,30.9360523223877
2515,760.48029989178,1000,677.732444252963,1372934,32.6130447387695
2516,773.939577296207,1000,677.663180683526,1373934,35.5792388916016
2517,779.211603030213,1000,678.177810964833,1374934,72.5886688232422
2518,775.584414852783,1000,681.272856323253,1375934,32.6597557067871
2519,764.169229813957,1000,703.79608803749,1376934,36.6530303955078
2520,760.386143919783,1000,698.620194848148,1377934,38.4118499755859
2521,772.122277819127,1000,700.872427549602,1378934,34.441291809082
2522,765.506400781802,1000,699.906033555941,1379934,34.4946670532227
2523,791.903646827109,1000,699.616729168534,1380934,37.2956008911133
2524,767.358563604897,1000,771.066215783766,1381934,30.3720722198486
2525,811.800621260216,1000,776.198247920609,1382934,66.7623825073242
2526,800.589752979948,1000,778.863265488983,1383934,75.1165618896484
2527,773.655921411583,1000,778.30769732712,1384934,51.3411254882812
2528,805.472359634593,1000,781.296491805301,1385934,72.4789352416992
2529,767.231758201482,1000,781.602744644054,1386934,34.8102874755859
2530,764.668429341193,1000,782.030973186195,1387934,38.390007019043
2531,761.113704227523,1000,780.930115827034,1388934,49.8068389892578
2532,741.560150094977,1000,778.535490758352,1389934,30.6374797821045
2533,780.04848600549,1000,777.34997467619,1390934,34.7080535888672
2534,805.778943529039,1000,781.192012668604,1391934,72.8156814575195
2535,817.197076757995,1000,781.731658218382,1392934,75.017822265625
2536,824.844015302403,1000,784.157084450628,1393934,74.9115447998047
2537,770.079669355217,1000,783.799459244991,1394934,32.7219848632812
2538,780.705717239452,1000,781.322795005477,1395934,36.4598426818848
2539,782.736315172222,1000,782.873250702551,1396934,32.6185455322266
2540,763.416527948991,1000,782.748060563331,1397934,51.7969741821289
2541,785.994572401348,1000,785.236147380713,1398934,34.4819984436035
2542,804.142316656168,1000,791.494364036833,1399934,46.5646133422852
2543,765.22051732994,1000,790.011567169277,1400934,29.6645259857178
2544,9.23970689236214,17,710.35764350561,1400951,44.8234405517578
2545,766.122250394768,1000,705.250160869287,1401951,35.7660217285156
2546,813.80376193619,1000,704.146135532666,1402951,75.6291122436523
2547,777.871663821687,1000,704.925334979313,1403951,72.1483154296875
2548,782.096909476873,1000,705.064454203055,1404951,38.6830711364746
2549,717.723176791781,1000,698.563140365011,1405951,32.1398506164551
2550,737.560517542661,1000,695.977539324378,1406951,34.1465492248535
2551,735.981109657192,1000,690.976193049962,1407951,38.1770133972168
2552,772.522860918877,1000,687.814247476233,1408951,33.0973091125488
2553,815.854033287774,1000,692.877599072017,1409951,75.9287033081055
2554,785.292801772107,1000,770.482908559991,1410951,36.6272163391113
2555,754.491887294965,1000,769.319872250011,1411951,29.9905776977539
2556,818.835603708687,1000,769.82305642726,1412951,76.9401626586914
2557,771.044832361178,1000,769.140373281209,1413951,76.9181823730469
2558,747.441872045256,1000,765.674869538048,1414951,32.3855133056641
2559,783.294084558725,1000,772.231960314742,1415951,34.8350143432617
2560,50.7587310314749,113,703.551781663624,1416064,32.4761619567871
2561,788.011403580776,1000,708.754811055982,1417064,34.8373985290527
2562,778.028316145439,1000,709.305356578638,1418064,47.749080657959
2563,807.332874220417,1000,708.453240671903,1419064,76.7969207763672
2564,782.600805353125,1000,708.184041030004,1420064,34.0980987548828
2565,778.672150532947,1000,710.602067353803,1421064,32.3881187438965
2566,779.727329716354,1000,706.691239954569,1422064,38.2956314086914
2567,808.619819942723,1000,710.448738712724,1423064,71.0344848632812
2568,786.417066045848,1000,714.346258112783,1424064,39.3781776428223
2569,741.566691302104,1000,710.173518787121,1425064,33.969066619873
2570,742.007691088571,1000,779.29841479283,1426064,34.0540313720703
2571,771.339931651948,1000,777.631267599947,1427064,33.5152740478516
2572,784.362778203511,1000,778.264713805755,1428064,41.3484191894531
2573,774.033824921768,1000,774.93480887589,1429064,35.1440353393555
2574,777.229729286447,1000,774.397701269222,1430064,39.7208786010742
2575,793.247973610484,1000,775.855283576976,1431064,36.0755882263184
2576,830.220109415546,1000,780.904561546895,1432064,73.6918792724609
2577,773.474489256884,1000,777.390028478311,1433064,39.5511436462402
2578,767.579389275176,1000,775.506260801244,1434064,35.1557884216309
2579,740.260378761304,1000,775.375629547164,1435064,31.3163986206055
2580,41.2888893392301,106,705.30374937223,1435170,32.9636383056641
2581,829.69689430039,1000,711.139445637074,1436170,75.9233169555664
2582,735.027832788986,1000,706.205951095621,1437170,30.8364105224609
2583,766.724746582305,1000,705.475043261675,1438170,33.9461669921875
2584,791.457989754712,1000,706.897869308502,1439170,34.024242401123
2585,777.469540088161,1000,705.320025956269,1440170,39.6629676818848
2586,749.626334251829,1000,697.260648439898,1441170,33.3051223754883
2587,779.993496220044,1000,697.912549136214,1442170,38.9236831665039
2588,770.400373584674,1000,698.194647567163,1443170,38.5627479553223
2589,793.252173618482,1000,703.493827052881,1444170,57.6337738037109
2590,777.60532249965,1000,777.125470368923,1445170,38.6145553588867
2591,782.231573910647,1000,772.378938329949,1446170,35.7974510192871
2592,781.02023744108,1000,776.978178795158,1447170,39.1360092163086
2593,736.268275030153,1000,773.932531639943,1448170,32.4626350402832
2594,799.705733948689,1000,774.757306059341,1449170,35.7483825683594
2595,780.353312592079,1000,775.045683309733,1450170,38.8410720825195
2596,779.763282008752,1000,778.059378085425,1451170,36.8693695068359
2597,731.097864786108,1000,773.169814942031,1452170,34.5167922973633
2598,802.811846406854,1000,776.410962224249,1453170,39.9047889709473
2599,793.098873800202,1000,776.395632242421,1454170,33.3944053649902
2600,793.250328219452,1000,777.960132814402,1455170,36.8308372497559
2601,801.794580403471,1000,779.916433463684,1456170,35.5245819091797
2602,792.821645548781,1000,781.096574274454,1457170,35.7404975891113
2603,803.374604151993,1000,787.807207186638,1458170,31.4687232971191
2604,747.69421426228,1000,782.606055217997,1459170,32.4421424865723
2605,777.111963723094,1000,782.281920331099,1460170,35.902702331543
2606,836.270842533385,1000,787.932676383562,1461170,76.3575210571289
2607,830.262986870257,1000,797.849188591977,1462170,68.1831130981445
2608,793.566178401303,1000,796.924621791422,1463170,38.6688041687012
2609,798.886693233686,1000,797.50340373477,1464170,38.1007690429688
2610,830.266062499356,1000,801.204977162761,1465170,76.2467422485352
2611,818.204634820915,1000,802.845982604505,1466170,70.2288284301758
2612,787.081479994639,1000,802.271966049091,1467170,34.8903961181641
2613,809.729252704584,1000,802.90743090435,1468170,36.403865814209
2614,746.486967172362,1000,802.786706195358,1469170,33.7148323059082
2615,820.86280823823,1000,807.161790646872,1470170,75.8755340576172
2616,780.739732608675,1000,801.608679654401,1471170,34.3904151916504
2617,788.125368041061,1000,797.394917771481,1472170,40.2333869934082
2618,801.68506219343,1000,798.206806150694,1473170,39.8853645324707
2619,742.871941137382,1000,792.605330941063,1474170,28.4552345275879
2620,786.659926328301,1000,788.244717323958,1475170,39.2362213134766
2621,830.381683363062,1000,789.462422178173,1476170,71.77001953125
2622,790.610373869774,1000,789.815311565686,1477170,36.9579734802246
2623,742.046975638807,1000,783.047083859108,1478170,34.3771057128906
2624,784.207787078443,1000,786.819165849716,1479170,47.3237648010254
2625,785.317712180198,1000,783.264656243913,1480170,32.3076019287109
2626,806.827788928518,1000,785.873461875897,1481170,72.8050994873047
2627,757.747135231317,1000,782.835638594923,1482170,34.2676429748535
2628,764.217246239703,1000,779.08885699955,1483170,35.7295265197754
2629,810.482936549561,1000,785.849956540768,1484170,76.1939926147461
2630,763.013659813454,1000,783.485329889283,1485170,33.5464210510254
2631,802.86658122578,1000,780.733819675555,1486170,72.2417526245117
2632,791.334938886706,1000,780.806276177249,1487170,40.1508255004883
2633,830.104674201008,1000,789.612046033469,1488170,76.4067687988281
2634,816.472288685136,1000,792.838496194138,1489170,73.5586471557617
2635,792.247252494566,1000,793.531450225575,1490170,39.3749237060547
2636,777.521823102121,1000,790.600853642935,1491170,34.4546318054199
2637,812.697788946823,1000,796.095919014486,1492170,62.538402557373
2638,766.468907633115,1000,796.321085153827,1493170,35.8385200500488
2639,816.949547898112,1000,796.967746288682,1494170,71.7745895385742
2640,787.949744643041,1000,799.461354771641,1495170,39.2832298278809
2641,817.861268730528,1000,800.960823522116,1496170,72.9895858764648
2642,799.013556321014,1000,801.728685265546,1497170,38.7431602478027
2643,30.1778828927084,92,721.736006134716,1497262,33.6026153564453
2644,831.674382282162,1000,723.256215494419,1498262,75.6719818115234
2645,777.611042024459,1000,721.792594447408,1499262,45.1535797119141
2646,808.251064035208,1000,724.865518540717,1500262,76.6042633056641
2647,780.375382285581,1000,721.633277874593,1501262,35.7711906433105
2648,777.847246031736,1000,722.771111714455,1502262,41.1399459838867
2649,778.894760489864,1000,718.96563297363,1503262,40.5525360107422
2650,778.686685497891,1000,718.039327059115,1504262,36.4208908081055
2651,811.855394232015,1000,717.438739609264,1505262,62.2086067199707
2652,777.961061469785,1000,715.333490124141,1506262,34.2658081054688
2653,773.867471477799,1000,789.70244898265,1507262,37.9691543579102
2654,795.990814758141,1000,786.134092230248,1508262,59.0278549194336
2655,792.84372199766,1000,787.657360227568,1509262,37.0293922424316
2656,786.723588317153,1000,785.504612655763,1510262,33.3021621704102
2657,785.173659598357,1000,785.98444038704,1511262,41.7504920959473
2658,800.980909315451,1000,788.297806715412,1512262,66.8639984130859
2659,741.304301699038,1000,784.538760836329,1513262,32.8824234008789
2660,784.68658872803,1000,785.138751159343,1514262,39.0994148254395
2661,824.906137205539,1000,786.443825456695,1515262,75.4699859619141
2662,753.339642911104,1000,783.981683600827,1516262,38.1260757446289
2663,818.564778793774,1000,788.451414332425,1517262,71.2735443115234
2664,792.453891928007,1000,788.097722049411,1518262,39.1219863891602
2665,819.670438163658,1000,790.780393666011,1519262,75.4945373535156
2666,712.782176019329,1000,783.386252436229,1520262,37.875617980957
2667,737.300974562991,1000,778.598983932692,1521262,35.3608932495117
2668,776.533002887741,1000,776.154193289921,1522262,36.5548629760742
2669,776.798353050873,1000,779.703598425105,1523262,41.2768211364746
2670,760.576401563327,1000,777.292579708634,1524262,45.4815864562988
2671,765.001737817315,1000,771.302139769812,1525262,41.947811126709
2672,758.949828946604,1000,771.863158373362,1526262,39.2095985412598
2673,752.850261719634,1000,765.291706665948,1527262,37.8761367797852
2674,723.652154974845,1000,758.411532970632,1528262,36.660816192627
2675,759.289985001972,1000,752.373487654463,1529262,60.933349609375
2676,751.177904074623,1000,756.213060459993,1530262,37.0812454223633
2677,754.964585512928,1000,757.979421554986,1531262,38.6146583557129
2678,12.9515687193691,21,681.621278138149,1531283,43.7307090759277
2679,779.311742025008,1000,681.872617035563,1532283,77.6136245727539
2680,727.774349518086,1000,678.592411831039,1533283,39.5458526611328
2681,803.559902106748,1000,682.448228259982,1534283,77.8058624267578
2682,737.761757273076,1000,680.329421092629,1535283,37.4065208435059
2683,705.536945460947,1000,675.59808946676,1536283,36.1611480712891
2684,783.706218147154,1000,681.603495783991,1537283,75.6083221435547
2685,25.6034735763857,83,608.234844641433,1537366,39.3733863830566
2686,714.446717014045,1000,604.561725935375,1538366,40.356876373291
2687,774.366244911166,1000,606.501891875198,1539366,52.6891250610352
2688,778.53440986592,1000,683.060175989854,1540366,41.0813064575195
2689,770.689612331803,1000,682.197963020533,1541366,39.884635925293
2690,804.316636235716,1000,689.852191692296,1542366,75.519157409668
2691,768.915930502078,1000,686.387794531829,1543366,40.339427947998
2692,777.605365774013,1000,690.372155381923,1544366,39.5083389282227
2693,807.279538501518,1000,700.54641468598,1545366,65.6571807861328
2694,796.165172363796,1000,701.792310107644,1546366,73.6860961914062
2695,739.10732633547,1000,773.142695383553,1547366,56.3618659973145
2696,765.198617332773,1000,778.217885415425,1548366,36.0540390014648
2697,735.337797932936,1000,774.315040717602,1549366,39.3637351989746
2698,798.95781285436,1000,776.357381016446,1550366,76.9807281494141
2699,793.818538105057,1000,778.670273593772,1551366,72.2931213378906
2700,784.871506855976,1000,776.725760655798,1552366,38.1678314208984
2701,745.588532742799,1000,774.39302087987,1553366,34.9977378845215
2702,795.340643733654,1000,776.166548675834,1554366,77.0017929077148
2703,808.987499632733,1000,776.337344788955,1555366,74.0274200439453
2704,803.533792549921,1000,777.074206807568,1556366,72.6738357543945
2705,739.673430432793,1000,777.1308172173,1557366,31.2572784423828
2706,774.275584573794,1000,778.038513941402,1558366,39.2444839477539
2707,764.572868292107,1000,780.962020977319,1559366,34.5031280517578
2708,780.172624032356,1000,779.083502095119,1560366,60.6724700927734
2709,786.547230638544,1000,778.356371348468,1561366,36.1229438781738
2710,799.492701016912,1000,779.818490764561,1562366,75.3107986450195
2711,814.278574860044,1000,786.687494976286,1563366,76.189697265625
2712,775.052362610433,1000,784.658666863964,1564366,42.4918098449707
2713,787.90743506796,1000,782.550660407486,1565366,37.1418952941895
2714,771.507364802125,1000,779.348017632707,1566366,41.2975311279297
2715,798.889806555356,1000,785.269655244963,1567366,36.0166511535645
2716,764.885628133443,1000,784.330659600928,1568366,40.317512512207
2717,787.043718571811,1000,786.577744628899,1569366,39.0691528320312
2718,11.9058043108301,20,709.751062656746,1569386,41.1646041870117
2719,787.484798448562,1000,709.844819437748,1570386,77.0018081665039
2720,782.495243484665,1000,708.145073684523,1571386,38.8602828979492
2721,799.670992784349,1000,706.684315476953,1572386,39.7842330932617
2722,814.205149209697,1000,710.59959413688,1573386,65.6910095214844
2723,772.987168748064,1000,709.10756750489,1574386,38.450309753418
2724,779.749278627806,1000,709.931758887458,1575386,36.5710411071777
2725,785.004098553723,1000,708.543188087295,1576386,34.4994697570801
2726,786.101945303418,1000,710.664819804293,1577386,38.4389457702637
2727,774.866851241392,1000,709.447133071251,1578386,41.3636360168457
2728,729.610808256101,1000,781.217633465778,1579386,32.2435073852539
2729,727.912309808349,1000,775.260384601756,1580386,34.8102874755859
2730,726.886028376506,1000,769.699463090941,1581386,32.5886764526367
2731,790.466203222258,1000,768.778984134731,1582386,39.5797805786133
2732,766.608437904935,1000,764.019313004255,1583386,36.336612701416
2733,216.965196394309,368,708.41711576888,1583754,37.6074905395508
2734,750.456665630978,1000,705.487854469197,1584754,34.7975883483887
2735,815.839849674024,1000,708.571429581227,1585754,59.9817161560059
2736,814.020606621296,1000,711.363295713015,1586754,59.3543815612793
2737,736.135984294639,1000,707.490209018339,1587754,39.0150375366211
2738,778.649033948118,1000,712.394031587541,1588754,38.1692352294922
2739,-2.75810374096999,23,639.326990232609,1588777,52.5099143981934
2740,776.358951152195,1000,644.274282510178,1589777,37.8787803649902
2741,759.43986874018,1000,641.17164906197,1590777,40.2006988525391
2742,750.366516139587,1000,639.547456885436,1591777,32.7706871032715
2743,811.75340254429,1000,699.026277500434,1592777,73.2871932983398
2744,770.68076425139,1000,701.048687362475,1593777,36.2660942077637
2745,790.279633349329,1000,698.492665730005,1594777,40.5544548034668
2746,716.797592223206,1000,688.770364290196,1595777,35.400089263916
2747,768.107286052084,1000,691.967494465941,1596777,41.7790107727051
2748,775.821007538636,1000,691.684691824993,1597777,42.4129524230957
2749,781.153203126347,1000,770.075822511724,1598777,39.1664543151855
2750,779.827009891084,1000,770.422628385613,1599777,41.050048828125
2751,3.41782772513822,12,694.820424284109,1599789,56.1590919494629
2752,723.588930819344,1000,692.142665752085,1600789,38.0073318481445
2753,810.046023640718,1000,691.971927861728,1601789,78.6304931640625
2754,784.103918547894,1000,693.314243291378,1602789,37.9014015197754
2755,768.301036714899,1000,691.116383627935,1603789,34.0623550415039
2756,825.122759530088,1000,701.948900358623,1604789,73.8863754272461
2757,824.85684847125,1000,707.62385660054,1605789,73.9250946044922
2758,751.72002206015,1000,705.213758052691,1606789,32.6975975036621
2759,783.047881672563,1000,705.403225907313,1607789,41.8544921875
2760,802.580160561685,1000,707.678540974373,1608789,39.2203674316406
2761,802.157344509887,1000,787.552492652848,1609789,39.0756607055664
2762,799.801094045972,1000,795.173708975511,1610789,33.4327850341797
2763,780.258938840079,1000,792.195000495447,1611789,40.4596176147461
2764,778.554861050603,1000,791.640094745718,1612789,44.9953765869141
2765,777.241875183026,1000,792.53417859253,1613789,40.1182174682617
2766,795.436309012783,1000,789.5655335408,1614789,37.3895263671875
2767,796.097935484929,1000,786.689642242168,1615789,37.9792861938477
2768,787.954584616706,1000,790.313098497823,1616789,36.5354232788086
2769,790.823713493001,1000,791.090681679867,1617789,38.4503440856934
2770,791.334064218304,1000,789.966072045529,1618789,49.1342239379883
2771,782.447019270558,1000,787.995039521596,1619789,36.4993896484375
2772,741.059552104592,1000,782.120885327458,1620789,39.3746795654297
2773,782.13615063579,1000,782.308606507029,1621789,36.8553047180176
2774,825.550976587146,1000,787.008218060684,1622789,77.4171371459961
2775,781.269620426541,1000,787.410992585035,1623789,37.4587936401367
2776,795.591175560953,1000,787.426479239852,1624789,34.6996231079102
2777,776.816270276168,1000,785.498312718976,1625789,40.1687660217285
2778,771.398675217436,1000,783.842721779049,1626789,38.7246170043945
2779,781.763871567,1000,782.936737586449,1627789,40.0227737426758
2780,809.388646951316,1000,784.74219585975,1628789,76.6580047607422
2781,775.218851708585,1000,784.019379103553,1629789,35.4774436950684
2782,771.227476191136,1000,787.036171512207,1630789,36.297477722168
2783,777.824843321326,1000,786.605040780761,1631789,36.0973854064941
2784,788.855597258157,1000,782.935502847862,1632789,78.952262878418
2785,766.768654407139,1000,781.485406245922,1633789,41.0920677185059
2786,760.562441440332,1000,777.98253283386,1634789,37.4828643798828
2787,777.481119579464,1000,778.049017764189,1635789,37.5484237670898
2788,771.490103403668,1000,778.058160582812,1636789,62.4521369934082
2789,829.392997642418,1000,782.821073190354,1637789,79.2499084472656
2790,812.526223303214,1000,783.134830825544,1638789,78.9175415039062
2791,779.099072896329,1000,783.522852944318,1639789,41.0507507324219
2792,773.685077325506,1000,783.768613057755,1640789,42.3902206420898
2793,767.780720793699,1000,782.764200804993,1641789,36.1249046325684
2794,768.862085659206,1000,780.764849645098,1642789,41.3109588623047
2795,811.108486111302,1000,785.198832815514,1643789,78.7888031005859
2796,772.550507806896,1000,786.39763945217,1644789,41.6802673339844
2797,764.372821020364,1000,785.08680959626,1645789,41.7292022705078
2798,749.719790552679,1000,782.909778311161,1646789,35.3973350524902
2799,769.410711999704,1000,776.91154974689,1647789,41.5711708068848
2800,634.134514450429,803,759.072378861612,1648592,75.3229675292969
2801,772.546843399253,1000,758.417155911904,1649592,42.4488716125488
2802,783.154331566753,1000,759.364081336029,1650592,69.6350326538086
2803,789.662551794674,1000,761.552264436126,1651592,78.5290603637695
2804,811.466852509476,1000,765.812741121153,1652592,76.2574615478516
2805,777.770764042773,1000,762.4789689143,1653592,50.2351226806641
2806,780.098376582803,1000,763.233755791891,1654592,36.3321380615234
2807,827.723235248917,1000,769.568797214746,1655592,78.3571929931641
2808,781.417510430656,1000,772.738569202544,1656592,37.5829238891602
2809,820.443211268768,1000,777.84181912945,1657592,77.1457595825195
2810,780.452733793359,1000,792.473641063743,1658592,42.1979179382324
2811,799.614164815235,1000,795.180373205341,1659592,68.6998672485352
2812,792.767310638339,1000,796.1416711125,1660592,41.7508354187012
2813,775.017340084231,1000,794.677149941456,1661592,35.3533020019531
2814,792.447195895594,1000,792.775184280067,1662592,78.5574798583984
2815,776.872544158723,1000,792.685362291663,1663592,39.9262046813965
2816,782.247552358594,1000,792.900279869242,1664592,41.246753692627
2817,767.946138256145,1000,786.922570169964,1665592,41.065788269043
2818,770.522498972668,1000,785.833069024166,1666592,41.5543823242188
2819,833.547712129277,1000,787.143519110216,1667592,76.6140823364258
2820,723.794538357404,1000,781.477699566621,1668592,64.0212326049805
2821,770.328548440534,1000,778.549137929151,1669592,39.2942199707031
2822,810.67644438576,1000,780.340051303893,1670592,80.2944946289062
2823,775.285178248675,1000,780.366835120337,1671592,40.7754096984863
2824,790.009542112857,1000,780.123069742064,1672592,39.491569519043
2825,790.207829886098,1000,781.456598314801,1673592,42.4532508850098
2826,813.584334092962,1000,784.590276488238,1674592,78.6929779052734
2827,768.646838123353,1000,784.660346474959,1675592,41.5817604064941
2828,789.661157981109,1000,786.574212375803,1676592,38.3931274414062
2829,793.919655030525,1000,782.611406665927,1677592,38.8414497375488
2830,770.034339166627,1000,787.23538674685,1678592,38.6836471557617
2831,774.232428073446,1000,787.625774710141,1679592,37.6686859130859
2832,815.31445750926,1000,788.089576022491,1680592,79.7390747070312
2833,763.321854515434,1000,786.893243649167,1681592,48.2979621887207
2834,8.4985723204739,18,708.742146669929,1681610,49.932014465332
2835,808.177977592956,1000,710.539161440614,1682610,75.3713836669922
2836,780.88658166861,1000,707.269386198179,1683610,42.2601928710938
2837,805.204747946344,1000,710.925177180478,1684610,80.2342071533203
2838,786.73202946859,1000,710.632264329227,1685610,39.0094985961914
2839,812.112792712222,1000,712.451578097396,1686610,71.7763977050781
2840,781.50366069272,1000,713.598510250006,1687610,38.1479568481445
2841,13.2440921716371,24,637.499676659825,1687634,54.7224044799805
2842,791.6456529566,1000,635.132796204559,1688634,39.9879875183105
2843,11.4949259175593,22,559.950103344771,1688656,51.4736099243164
2844,780.938804292848,1000,637.194126542009,1689656,41.921817779541
2845,786.480672862992,1000,635.024396069012,1690656,39.7713165283203
2846,778.864478592338,1000,634.822185761385,1691656,37.8340530395508
2847,764.564474767798,1000,630.75815844353,1692656,37.6784324645996
2848,768.61440616115,1000,628.946396112786,1693656,41.0996932983398
2849,827.43141487707,1000,630.478258329271,1694656,79.431640625
2850,791.913183407143,1000,631.519210600714,1695656,43.1242065429688
2851,771.564660574951,1000,707.351267441045,1696656,37.7664756774902
2852,814.327406564783,1000,709.619442801863,1697656,79.4367294311523
2853,779.872103960764,1000,786.457160606184,1698656,41.4077301025391
2854,814.052569204167,1000,789.768537097316,1699656,78.0601959228516
2855,9.89920776953556,18,712.11039058797,1699674,45.0924339294434
2856,772.954631626981,1000,711.519405891434,1700674,41.0734977722168
2857,813.443960497286,1000,716.407354464383,1701674,79.9748992919922
2858,828.861640835951,1000,722.432077931863,1702674,79.4774475097656
2859,781.458295587518,1000,717.834766002908,1703674,36.6835060119629
2860,763.191076970881,1000,714.962555359282,1704674,43.8457794189453
2861,815.67472602845,1000,719.373561904632,1705674,80.1044692993164
2862,792.129706290867,1000,717.15379187724,1706674,42.4255256652832
2863,818.559003266232,1000,721.022481807787,1707674,77.9557113647461
2864,807.307244935143,1000,720.347949380884,1708674,76.3803939819336
2865,790.93736331519,1000,798.45176493545,1709674,38.1609916687012
2866,773.077320559081,1000,798.46403382866,1710674,44.0267524719238
2867,785.320302659907,1000,795.651668044922,1711674,39.4782981872559
2868,808.638565967327,1000,793.62936055806,1712674,61.8590774536133
2869,782.672576853238,1000,793.750788684632,1713674,37.6517333984375
2870,763.10655149306,1000,793.742336136849,1714674,37.9661827087402
2871,773.180859986479,1000,789.492949532652,1715674,41.8135223388672
2872,805.568593037618,1000,790.836838207327,1716674,79.0099563598633
2873,731.717991148878,1000,782.152736995592,1717674,57.5034523010254
2874,781.650256035815,1000,779.587038105659,1718674,41.1707305908203
2875,812.376135949459,1000,781.730915369086,1719674,71.9866790771484
2876,789.233746948412,1000,783.346558008019,1720674,38.2845497131348
2877,783.66762530546,1000,783.181290272575,1721674,41.2145500183105
2878,791.165197068873,1000,781.433953382729,1722674,40.8154907226562
2879,782.469084398953,1000,781.413604137301,1723674,40.4651565551758
2880,772.270614291168,1000,782.330010417111,1724674,39.611400604248
2881,806.63273750059,1000,785.675198168522,1725674,78.8779296875
2882,744.608864637919,1000,779.579225328553,1726674,37.5810165405273
2883,774.799277784229,1000,783.887353992088,1727674,41.3653678894043
2884,778.402440267949,1000,783.562572415301,1728674,41.7682991027832
2885,764.259490999778,1000,778.750907920333,1729674,37.4133834838867
2886,728.627194631126,1000,772.690252688604,1730674,37.9025268554688
2887,738.699758517817,1000,768.19346600984,1731674,40.2099494934082
2888,776.652545922213,1000,766.742200895174,1732674,41.0198936462402
2889,788.301304158378,1000,767.325422871117,1733674,39.2644844055176
2890,779.897707298197,1000,768.08813217182,1734674,41.6582908630371
2891,787.46294675357,1000,766.171153097118,1735674,38.688117980957
2892,816.952441486724,1000,773.405510781998,1736674,76.6194686889648
2893,779.08453672243,1000,773.834036675818,1737674,35.7763862609863
2894,792.10615429713,1000,775.204408078736,1738674,41.7807769775391
2895,23.8431447919905,37,701.162773457958,1738711,57.7642784118652
2896,767.070287347713,1000,705.007082729616,1739711,69.6576156616211
2897,789.546571793927,1000,710.091764057227,1740711,78.0758666992188
2898,801.940803340933,1000,712.620589799099,1741711,79.6657638549805
2899,774.185440175833,1000,711.209003400845,1742711,38.818603515625
2900,776.283057863441,1000,710.847538457369,1743711,42.8986511230469
2901,780.907751297137,1000,710.192018911726,1744711,37.1174697875977
2902,781.178625833251,1000,706.614637346378,1745711,39.9099617004395
2903,790.918659421469,1000,707.798049616282,1746711,38.6566734313965
2904,798.526393296849,1000,708.440073516254,1747711,37.1914863586426
2905,783.786651852816,1000,784.434424222337,1748711,42.4360504150391
2906,724.485431626407,1000,780.175938650206,1749711,38.522216796875
2907,778.844764356353,1000,779.105757906449,1750711,38.5626602172852
2908,770.096053796581,1000,775.921282952014,1751711,36.3622283935547
2909,780.675174256129,1000,776.570256360043,1752711,40.0631561279297
2910,811.543914975071,1000,780.096342071206,1753711,77.0925445556641
2911,817.894175523392,1000,783.794984493832,1754711,66.9538879394531
2912,780.556671197071,1000,783.732789030214,1755711,38.1836013793945
2913,782.869547862365,1000,782.927877874303,1756711,37.7367172241211
2914,787.149890945353,1000,781.790227639154,1757711,41.319206237793
2915,786.281502700808,1000,782.039712723953,1758711,38.6688461303711
2916,782.603807717934,1000,787.851550333106,1759711,36.8802642822266
2917,777.609165778047,1000,787.727990475275,1760711,38.0195999145508
2918,764.901768327463,1000,787.208561928363,1761711,40.3394546508789
2919,775.152642187598,1000,786.65630872151,1762711,71.6912994384766
2920,765.94142362695,1000,782.096059586698,1763711,47.5566482543945
2921,806.526222388397,1000,780.959264273199,1764711,79.4764099121094
2922,804.093272788555,1000,783.312924432347,1765711,79.6754760742188
2923,803.169618829252,1000,785.342931529036,1766711,42.7546691894531
2924,786.854992762562,1000,785.313441710757,1767711,39.706657409668
2925,715.615770512501,1000,778.246868491926,1768711,39.1116256713867
2926,816.549360482262,1000,781.641423768359,1769711,80.6484298706055
2927,780.578309489177,1000,781.938338139472,1770711,38.4731559753418
2928,758.241930491361,1000,781.272354355862,1771711,49.9641342163086
2929,821.386694251389,1000,785.895759562241,1772711,79.8480911254883
2930,805.895461361711,1000,789.891163335717,1773711,63.2263717651367
2931,826.10772948835,1000,791.849314045712,1774711,79.1889343261719
2932,813.22921941456,1000,792.762908708313,1775711,78.9637298583984
2933,764.735087019029,1000,788.91945552729,1776711,39.2770614624023
2934,776.013551604803,1000,787.835311411514,1777711,38.7293395996094
2935,8.55267252699883,32,717.129001612964,1777743,38.0016403198242
2936,809.755105796708,1000,716.449576144409,1778743,70.3745346069336
2937,772.625045285311,1000,715.654249724022,1779743,42.3241539001465
2938,761.189546563317,1000,715.949011331218,1780743,41.0900077819824
2939,790.964525206605,1000,712.906794426739,1781743,78.6010665893555
2940,811.113609176187,1000,713.428609208187,1782743,80.1305847167969
2941,802.184912205309,1000,711.036327479883,1783743,67.8983535766602
2942,802.749954504899,1000,709.988400988917,1784743,81.1717529296875
2943,780.609330359224,1000,711.575825322936,1785743,40.403190612793
2944,765.449604427797,1000,710.519430605236,1786743,43.1127624511719
2945,765.320866214493,1000,786.196249973985,1787743,38.8610649108887
2946,782.736244364471,1000,783.494363830761,1788743,39.1639823913574
2947,7.65694967359272,28,706.99755426959,1788771,40.2782783508301
2948,7.12884436494345,15,631.591484049752,1788786,47.745491027832
2949,793.771052176288,1000,631.87213674672,1789786,64.7134552001953
2950,817.85396379107,1000,632.546172208209,1790786,79.4221267700195
2951,768.752469056044,1000,629.202927893282,1791786,50.4623870849609
2952,760.875887905157,1000,625.015521233308,1792786,51.5374755859375
2953,763.747059590687,1000,623.329294156455,1793786,53.5886650085449
2954,812.742237044297,1000,628.058557418105,1794786,65.2280120849609
2955,20.4518084665794,40,553.571651643313,1794826,48.7315940856934
2956,790.821714508852,1000,554.380198657751,1795826,40.5752105712891
2957,742.493697865144,1000,627.863873476906,1796826,43.4697113037109
2958,825.984215698362,1000,709.749410610248,1797826,81.0835418701172
2959,791.030700704819,1000,709.475375463101,1798826,38.872257232666
2960,780.135108336772,1000,705.703489917672,1799826,41.2660140991211
2961,772.353228202308,1000,706.063565832298,1800826,41.9119682312012
2962,795.096761043748,1000,709.485653146157,1801826,40.9200973510742
2963,778.383343304658,1000,710.949281517554,1802826,40.9594268798828
2964,781.803560860339,1000,707.855413899158,1803826,41.1633110046387
2965,777.971592344877,1000,783.607392286988,1804826,41.0841598510742
2966,740.575114505681,1000,778.582732286671,1805826,38.472713470459
2967,782.463655497465,1000,782.579728049903,1806826,39.2682762145996
2968,54.3692558244759,129,705.418232062514,1806955,40.1043586730957
2969,815.66150503382,1000,707.881312495414,1807955,81.3736343383789
2970,744.626724322805,1000,704.330474094018,1808955,40.2114524841309
2971,8.4812109911984,18,627.943272372907,1808973,44.5401649475098
2972,758.939968861048,1000,624.327593154637,1809973,40.7073135375977
2973,788.285347468449,1000,625.317793571016,1810973,44.2405319213867
2974,771.714691822507,1000,624.308906667233,1811973,39.998950958252
2975,768.362297356314,1000,623.347977168376,1812973,53.192943572998
2976,793.218378155521,1000,628.61230353336,1813973,39.004451751709
2977,777.744055400526,1000,628.140343523666,1814973,37.4072532653809
2978,815.152731438626,1000,704.218691085081,1815973,80.0468139648438
2979,810.753941321334,1000,703.727934713833,1816973,81.0147094726562
2980,784.131742467248,1000,707.678436528277,1817973,38.2287445068359
2981,749.829823401724,1000,781.81329776933,1818973,45.4235649108887
2982,796.533795279497,1000,785.572680411174,1819973,70.5227432250977
2983,775.958377450357,1000,784.339983409365,1820973,38.2461090087891
2984,762.323938519434,1000,783.400908079058,1821973,48.0342025756836
2985,781.431057693224,1000,784.707784112749,1822973,39.5366477966309
2986,793.895073527049,1000,784.775453649902,1823973,42.4235420227051
2987,777.746888287719,1000,784.775736938621,1824973,40.7956657409668
2988,783.091855056637,1000,781.569649300422,1825973,43.301139831543
2989,777.486499576394,1000,778.242905125928,1826973,39.5782737731934
2990,766.625898863047,1000,776.492320765508,1827973,38.8722381591797
2991,7.35079568408393,21,702.244417993744,1827994,48.137077331543
2992,805.652893160912,1000,703.156327781886,1828994,80.9633026123047
2993,766.153896684029,1000,702.175879705253,1829994,40.0504951477051
2994,788.47799292499,1000,704.791285145809,1830994,42.2704772949219
2995,4.30297772438141,16,627.078477148924,1831010,45.8768424987793
2996,786.746057319625,1000,626.363575528182,1832010,42.8837509155273
2997,790.781315711038,1000,627.667018270514,1833010,41.5555305480957
2998,801.660669962404,1000,629.52389976109,1834010,81.4037322998047
2999,777.004787809056,1000,629.475728584357,1835010,40.8201179504395
3000,771.393083398928,1000,629.952447037945,1836010,40.2096939086914
