CaseID,Theta1Error0,Theta2Error0,Omega1Error0,Omega2Error0,EvalSetName,SimTime,NumSamples,MaxAbsTheta1,MaxAbsTheta2Error,MaxAbsOmegaError,Theta2IAE,Theta2ISE,Theta1IAE,SettlingTimeTheta2,SettlingTimeBoth,FinalTheta2MAE,FinalTheta1MAE,FinalTheta2Bias,FinalTheta1Bias,FinalTheta2MaxAbsError,Theta2EndRMS,Theta2EndOscRMS,Theta2EndPeakToPeak,Theta2EndOscFreqHz,ActionEnergy,TorqueCommandEnergy,TorqueEnergy,CurrentEnergy,VoltageEnergy,ElectricalAbsEnergy,MeanAbsElectricalPower,DActionEnergy,DTorqueCommandEnergy,ActionDiffRMS,ActionEndRMS,ActionEndOscRMS,ActionEndPeakToPeak,ActionEndOscFreqHz,Terminated,Failed,CaseCost,ControllerName,StageIndex,StageName,TrainingEpisode,EvaluatedAt
1,-0.785398163397448,-3.14159265358979,-5,-10,full_final,0.38,7601,1.5737870323176,3.14159265358979,26.9759847304641,0.407701730914029,0.731330203908669,0.223745678621798,NaN,NaN,1.07297798266283,0.588882142485702,1.04631727653853,-0.588882142485702,3.14159265358979,1.38742633855115,0.911137751233282,6.28268530779252,2.63157894736842,0.0443297549966114,0.00711890327036883,0.00661433269999628,0.695787792241554,14.8765642710833,3.18307656629721,8.37651727972951,0.0519891165564251,8.66268110237733e-05,0.369883041814803,0.348707690692484,0.348441126659816,1.96847009658813,13.1578947368421,1,1,1000,TD3,NaN,mathworks_style_single_run,NaN,17-Jun-2026 14:29:29
2,-0.785398163397448,-3.14159265358979,-5,0,full_final,5,100001,0.817405075907024,3.14159265358979,25.0692534032569,2.06022337361423,3.93204414352491,1.55123099612238,2.72345,NaN,0.00601523096992444,0.251551166720019,-0.000718279010919709,-0.251551166720019,0.0100295778535318,0.00671631345606237,0.00671588441643666,0.0189512877584832,7,0.0787742863695587,0.0123565038813129,0.011649722415858,1.2254803330291,26.2330755696134,5.60269358972584,1.12053871794517,0.0724311813021024,0.000117666787693606,0.12035878140136,0.00716675381616647,0.00716644425773994,0.0213253321126103,7,0,0,5.07492284432758,TD3,NaN,mathworks_style_single_run,NaN,17-Jun-2026 14:29:37
3,-0.785398163397448,-3.14159265358979,-5,10,full_final,5,100001,0.817261039953525,3.14159265358979,26.2020994186777,3.39233289970071,7.58931794184328,1.41106302112152,3.05285,NaN,0.006013185887948,0.251054294449969,-0.000346050835491052,-0.251054294449969,0.0100302096465728,0.0066954512235212,0.00669475167935538,0.0189723284090064,7,0.228023015343778,0.0350411994700592,0.032537405321433,3.42273823236638,72.0290381975439,15.581451331419,3.11629026628381,0.265898510825471,0.000411610754711049,0.230607246558069,0.00719074807049678,0.00719063795623431,0.0213868925347924,7,0,0,7.6904556675687,TD3,NaN,mathworks_style_single_run,NaN,17-Jun-2026 14:29:38
4,-0.785398163397448,-3.14159265358979,0,-10,full_final,5,100001,0.785479791938469,3.14159265358979,26.1494139420336,1.27152928736145,2.27358108020694,1.30776241888781,1.9071,NaN,0.00603047736677067,0.250449126134651,9.61091293502824e-05,-0.250449126134651,0.0100393161020054,0.00666661521957655,0.00666568846953573,0.0189511889032472,7,0.0531358230097015,0.00842472661207224,0.00787968869172992,0.828895588873628,17.7440570577854,3.79759398694979,0.759518797389958,0.0567422369116691,9.31616408167526e-05,0.106529091718337,0.0071649545184242,0.00716473268158787,0.0215400755405426,7,0,0,3.37420810457259,TD3,NaN,mathworks_style_single_run,NaN,17-Jun-2026 14:29:37
5,-0.785398163397448,-3.14159265358979,0,0,full_final,5,100001,0.796907276599061,3.14159265358979,24.3338045556048,2.17797339945306,4.49435502917921,1.26519928175449,2.19745,NaN,0.00603890521277859,0.250173497665223,0.000305479283395422,-0.250173497665223,0.0100296870155108,0.00666511557431439,0.00666421621113954,0.0189382662327588,7,0.0844257679133048,0.0132107377356845,0.0123892328049654,1.30327235292207,27.815518860428,5.96141364364678,1.19228272872936,0.0854863260047995,0.000137417475513262,0.13075651112262,0.00715404002843747,0.00715376961596108,0.021601521410048,7,0,0,5.16926053499746,TD3,NaN,mathworks_style_single_run,NaN,17-Jun-2026 14:29:37
6,-0.785398163397448,-3.14159265358979,0,10,full_final,1.26,25201,1.58122877897967,3.14159265358979,23.341925151274,2.20836880836088,4.82819105651615,0.45780429577871,NaN,NaN,1.3515880352564,0.375279010982359,-0.247251902805427,0.210445470871568,3.14146064233432,1.81884281185069,1.81808204135973,6.28279517041056,1.5,0.109780884714476,0.0169816451440211,0.015849320522816,1.66725265197276,35.4114104366887,7.60975236778931,6.03948600618199,0.11973798836754,0.000187804584682907,0.308269605212787,0.278462981953547,0.278461272858574,1.97022384405136,13.5,1,1,1000,TD3,NaN,mathworks_style_single_run,NaN,17-Jun-2026 14:29:30
7,-0.785398163397448,-3.14159265358979,5,-10,full_final,5,100001,1.54654774693312,3.14159265358979,24.4811854296815,1.87198484171103,3.51197396938578,1.61399539162246,2.57385,NaN,0.00598602993398128,0.251399635076462,-0.000602856787243962,-0.251399635076462,0.0100294488512971,0.00669722193099086,0.00669653222100971,0.0189521406739868,7,0.0630159193177118,0.00971975576086393,0.00919394853619897,0.967147775011068,21.1722566424779,4.44683749575006,0.889367499150012,0.0567084237469369,8.89547749087048e-05,0.106497346208191,0.00714877007154925,0.00714831253701845,0.0213135471567512,7,0,0,4.72742545939772,TD3,NaN,mathworks_style_single_run,NaN,17-Jun-2026 14:29:37
8,-0.785398163397448,-3.14159265358979,5,0,full_final,5,100001,0.935869612316972,3.14159265358979,26.9023778572641,2.93770144830958,6.29701211120806,1.43164930915744,2.2953,NaN,0.00609232453747127,0.251728972541079,-0.000857700441261191,-0.251728972541079,0.0100248368288773,0.00674403630622236,0.00674403388132164,0.0189501650635249,6.5,0.119279848778165,0.0184848461410982,0.0172978952573958,1.81963395212579,38.6170567096353,8.30353221589537,1.66070644317907,0.126543737334924,0.000199320813730229,0.159087232256347,0.00719704325795172,0.00719697867629824,0.0210752887651324,6.5,0,0,6.77758238935093,TD3,NaN,mathworks_style_single_run,NaN,17-Jun-2026 14:29:37
9,-0.785398163397448,-3.14159265358979,5,10,full_final,0.87,17401,1.58949531380443,3.14159265358979,22.7152344266987,1.29549673905118,2.65439167015472,0.358847778101611,NaN,NaN,1.19975516367851,0.408191536021931,0.356473475617031,-0.226429869718445,3.14132295931693,1.74674987344949,1.6424088295557,6.28273898504922,0.574712643678161,0.043644700473261,0.00674247054548114,0.00632779416929712,0.665645671983918,14.2984451809598,3.04984471517132,3.50556863812795,0.0449880810969984,7.05792114794472e-05,0.227399292088887,0.225160175307445,0.224764646426588,1.88633143901825,13.7931034482759,1,1,1000,TD3,NaN,mathworks_style_single_run,NaN,17-Jun-2026 14:29:29
10,-0.785398163397448,-2.35619449019234,-5,-10,full_final,0.45,9001,1.57735127648241,3.14122546209821,26.4539058966943,0.551479056182098,1.11602949915817,0.256841144538942,NaN,NaN,1.22551991295087,0.570825937729006,0.553026498370695,-0.570825937729006,3.14122546209821,1.57483431424297,1.47453884635738,6.28207620840142,2.22222222222222,0.0734401463302313,0.0114712432580559,0.0106798955909051,1.12346041718923,23.7096247591504,5.11294849883833,11.3621077751963,0.0837325095327765,0.00013349346686663,0.431360920119301,0.407271811153836,0.406881672742925,1.96940892934799,15.5555555555556,1,1,1000,TD3,NaN,mathworks_style_single_run,NaN,17-Jun-2026 14:29:29
11,-0.785398163397448,-2.35619449019234,-5,0,full_final,5,100001,0.823645524321199,3.14151344271037,22.4654452108255,2.4403362003219,5.00662655399246,1.39760738217986,2.55665,NaN,0.00594841808599535,0.250651495857032,-5.06534796857558e-05,-0.250651495857032,0.0100228870641888,0.00664496916396721,0.00664373060053657,0.018934278991285,7,0.116434290706015,0.0180450259020818,0.0169265262911091,1.78056818315414,37.6184076393081,8.11356731853773,1.62271346370755,0.117699766116694,0.00018573153074155,0.153427354873043,0.00709638851120661,0.007095663594201,0.0215226942673326,7,0,0,5.76202151801536,TD3,NaN,mathworks_style_single_run,NaN,17-Jun-2026 14:29:38
12,-0.785398163397448,-2.35619449019234,-5,10,full_final,5,100001,0.88620194905343,3.14157410337547,25.6482491346075,2.55531835004323,5.12875021839898,1.56927179612729,2.77535,NaN,0.00603248948542394,0.250478671286783,7.91479955876465e-05,-0.250478671286783,0.0100375163142526,0.00666932425958278,0.00666841003983201,0.0189536168359297,7,0.118068922253437,0.0180876596097892,0.0169558043000983,1.7836480526073,37.8628233097267,8.12804086658224,1.62560817331645,0.122696578848825,0.000189210341531491,0.15665029770085,0.00716882865776196,0.00716860692730887,0.0215572668239474,7,0,0,6.08007520774474,TD3,NaN,mathworks_style_single_run,NaN,17-Jun-2026 14:29:38
13,-0.785398163397448,-2.35619449019234,0,-10,full_final,5,100001,0.785398163397448,3.1414327563329,27.2285222316503,1.39365110444546,2.6494570521032,1.24501169049098,1.82045,NaN,0.00597799166253248,0.250180699918969,0.000307282481635959,-0.250180699918969,0.0100246414721812,0.00666449101822359,0.00666350827191672,0.0189360930955971,7,0.0645502107507115,0.00984010612151726,0.00918247038147503,0.965940342561472,20.4863775338019,4.41170372073219,0.882340744146438,0.0729442532289605,0.000111391522531543,0.12078431456854,0.00714932570850802,0.0071490218501262,0.0215708008036017,7,0,0,3.58770376710902,TD3,NaN,mathworks_style_single_run,NaN,17-Jun-2026 14:29:38
14,-0.785398163397448,-2.35619449019234,0,0,full_final,5,100001,0.884501264397671,3.14154521276967,24.1480419558261,2.52034369629068,5.50879298926204,1.34163391004486,1.5738,NaN,0.0059694515397967,0.251318548324077,-0.000556299196264404,-0.251318548324077,0.0100206774045246,0.00668141162882559,0.00668065408751989,0.0189364353915646,7,0.134750120081628,0.020622759211266,0.0192968135169555,2.02990806227013,42.8473283764236,9.25072210217242,1.85014442043448,0.143518768657905,0.000220838029443962,0.169421821887208,0.00712615348206336,0.00712562112023094,0.0214134724810719,7,0,0,5.89727832363984,TD3,NaN,mathworks_style_single_run,NaN,17-Jun-2026 14:29:37
15,-0.785398163397448,-2.35619449019234,0,10,full_final,5,100001,0.933027005425635,3.14149083038147,23.5543101515788,1.92645421412505,3.67917588314363,1.44667366073057,2.2858,NaN,0.00599584043368953,0.251438293528281,-0.000634753762688462,-0.251438293528281,0.010034000492003,0.00670028141195363,0.00669966964265784,0.018955824736917,7,0.051384905794047,0.00787416819257468,0.00742548474591445,0.781116081095536,16.6966142146283,3.57344214043468,0.714688428086937,0.0493390883848472,7.62157370651022e-05,0.0993368898092216,0.00715376958804687,0.00715336359691447,0.0215577157214284,7,0,0,4.75200852706227,TD3,NaN,mathworks_style_single_run,NaN,17-Jun-2026 14:29:37
16,-0.785398163397448,-2.35619449019234,5,-10,full_final,0.98,19601,1.57333450499886,3.1415725043019,25.2424917714106,1.43324215398735,2.95296590264488,0.391617578897199,NaN,NaN,1.17004746750705,0.493773798487225,-0.420749159850339,0.318607369052675,3.14129530659656,1.73586247445199,1.71502324373677,6.28273778518193,1.02040816326531,0.0831532440154178,0.0127106863892069,0.0118885840482588,1.25060713196673,26.6200800165794,5.7169314164984,5.83360348622286,0.0893053902203287,0.000137092609149962,0.301874061827804,0.291276729487651,0.291276061328631,1.97789669036865,14.2857142857143,1,1,1000,TD3,NaN,mathworks_style_single_run,NaN,17-Jun-2026 14:29:29
17,-0.785398163397448,-2.35619449019234,5,0,full_final,5,100001,0.858746075991737,3.14141669150818,22.8608487364171,2.6498343087241,5.67232879682339,1.32906136584029,2.4158,NaN,0.00595371109823993,0.250995798380739,-0.00029615478282764,-0.250995798380739,0.0100283679101241,0.00666265798541569,0.00666149798056767,0.0189532623398243,7,0.0994769042775005,0.0151429507753888,0.0141597142325023,1.48951629007255,31.5525933402965,6.79684835697601,1.3593696713952,0.107424734805523,0.00016364507752932,0.146577443561772,0.00710277504092489,0.00710195909196461,0.0211306670680642,7,0,0,6.14557380678757,TD3,NaN,mathworks_style_single_run,NaN,17-Jun-2026 14:29:37
18,-0.785398163397448,-2.35619449019234,5,10,full_final,5,100001,1.16657742932925,3.14145507485278,22.2092404021567,1.1185824111448,1.96114965827261,1.50540660781777,1.3443,NaN,0.00595415296665755,0.250776096055701,-0.000128512743609278,-0.250776096055701,0.0100317696057728,0.00665546380628921,0.0066541933587079,0.0189529425568828,7,0.040549275938831,0.00644895005171103,0.00607826154758469,0.639396349515811,13.642251815907,2.91981058434111,0.583962116868221,0.0381331695989619,6.36309977776462e-05,0.087330601279233,0.00710367200122246,0.00710286254178913,0.0212570521980524,7,0,0,3.16353117667516,TD3,NaN,mathworks_style_single_run,NaN,17-Jun-2026 14:29:37
19,-0.785398163397448,-1.5707963267949,-5,-10,full_final,5,100001,1.41279701673942,3.14137215640326,24.1609979837604,0.770592108402004,1.35035256037852,1.54642980940736,1.82755,NaN,0.00595871263718237,0.25059724941635,-6.27115566870584e-06,-0.25059724941635,0.0100370763358042,0.00664922849340415,0.0066480075067423,0.0189534998985081,7,0.0577821482411832,0.00912580330634941,0.00856157044528793,0.900625424882367,19.0195603692546,4.09155402516789,0.818310805033578,0.0585546060146314,9.58073935189376e-05,0.108217009767071,0.00711020640508007,0.00710954206706931,0.0215600077062845,7,0,0,2.49047037357635,TD3,NaN,mathworks_style_single_run,NaN,17-Jun-2026 14:29:38
20,-0.785398163397448,-1.5707963267949,-5,0,full_final,5,100001,0.831530189395633,3.14141556860596,25.7597759742019,1.67694772854617,3.18695395581536,1.31238958366264,2.0523,NaN,0.00602621860912279,0.250407215753111,0.000128105374509514,-0.250407215753111,0.0100262104275117,0.00666363222401276,0.00666271578434624,0.018936066650975,7,0.065017685596558,0.0102337273201155,0.00966195945794381,1.01637969314333,21.4351558906046,4.62987736141682,0.925975472283364,0.0591079919120424,9.67953717750925e-05,0.108727174075336,0.00715963098684808,0.00715940852074019,0.021604023873806,7,0,0,4.18762266838068,TD3,NaN,mathworks_style_single_run,NaN,17-Jun-2026 14:29:37
21,-0.785398163397448,-1.5707963267949,-5,10,full_final,5,100001,0.884320882778918,3.14116950756856,21.889844904721,0.937068256614478,1.48192510551963,1.28720430807644,1.80645,NaN,0.00607086475730191,0.249578812792821,0.000766985287503545,-0.249578812792821,0.0100375742009595,0.00673207427321032,0.00673196593910139,0.0189539630260587,7,0.020103713721235,0.00316287498951419,0.00298396267945531,0.313894824926265,6.69649546828608,1.43215655665306,0.286431311330611,0.0188536280429602,3.0778663270706e-05,0.0614062342811545,0.00719788092660683,0.00719777795338486,0.0215491764247417,6.5,0,0,2.69152759249025,TD3,NaN,mathworks_style_single_run,NaN,17-Jun-2026 14:29:37
22,-0.785398163397448,-1.5707963267949,0,-10,full_final,5,100001,1.52707724105811,3.14142497940031,23.882444005094,0.796825834979647,1.37607560368398,1.58866783043077,1.88255,NaN,0.00602114161464559,0.25146639544189,-0.00066005712874245,-0.25146639544189,0.0100251724277139,0.00672191612449528,0.00672163073356588,0.0189527259535769,7,0.050009363145945,0.00779270242855783,0.00727581041866714,0.76537124719707,16.3283608631188,3.48897210132338,0.697794420264676,0.0558393162188302,8.86577606110936e-05,0.105678111469528,0.00719269768408471,0.0071926467828114,0.0211158134043217,7,0,0,2.56484579226991,TD3,NaN,mathworks_style_single_run,NaN,17-Jun-2026 14:29:37
23,-0.785398163397448,-1.5707963267949,0,0,full_final,5,100001,0.785398163397448,3.14140914718602,27.1186864633136,1.6602655641055,3.15316884533553,1.27359530498019,2.0062,NaN,0.00606204222041239,0.251670427911885,-0.000827547286355724,-0.251670427911885,0.010037921208419,0.00672831327950471,0.00672819630684467,0.0189487855208128,7,0.0603384934371928,0.00942691578504995,0.00886563202624825,0.932610864036635,19.7585351597165,4.25966603109606,0.851933206219212,0.0591839590829012,9.5007406599976e-05,0.108797021175123,0.0071758250248073,0.00717567353373869,0.0215812735259533,7,0,0,4.13556419026236,TD3,NaN,mathworks_style_single_run,NaN,17-Jun-2026 14:30:27
24,-0.785398163397448,-1.5707963267949,0,10,full_final,5,100001,0.853268545143812,3.14128277023985,21.852111872615,0.933843129791562,1.50396871785628,1.24622680556733,1.7252,NaN,0.00609394750609762,0.25172069148351,-0.000853623106817776,-0.25172069148351,0.0100347498738478,0.00674377367827667,0.00674377297670509,0.0189546562444587,6.5,0.0195287772910565,0.00313861840401985,0.00296411659500746,0.311807136884413,6.69860557224942,1.42806875951568,0.285613751903137,0.0176586529319215,3.02248457031112e-05,0.0594283651666804,0.00720162636737536,0.00720159230290011,0.0215714070945978,6.5,0,0,2.66491463881068,TD3,NaN,mathworks_style_single_run,NaN,17-Jun-2026 14:30:18
25,-0.785398163397448,-1.5707963267949,5,-10,full_final,0.53,10601,1.58416887629631,3.14136846504006,24.9930294739596,0.673575421613094,1.36409271763318,0.250052529267504,NaN,NaN,1.24302763602749,0.457784499624643,0.335176037247274,-0.402540450722736,3.14136846504006,1.60425553488008,1.58939261076129,6.28229158449531,1.88679245283019,0.0389722494920053,0.00592732846762516,0.00553753371934958,0.582515052660048,12.3941155881988,2.65561615279799,5.01059651471319,0.0442219149474645,6.7265789922657e-05,0.288855630674866,0.269907876279781,0.269181122382856,1.88950324058533,16.0377358490566,1,1,1000,TD3,NaN,mathworks_style_single_run,NaN,17-Jun-2026 14:30:09
26,-0.785398163397448,-1.5707963267949,5,0,full_final,5,100001,0.785398163397448,3.14147529008998,23.8977120912738,1.67090188210879,3.17290162002911,1.28734413630254,2.04275,NaN,0.00600657742471718,0.250877900931825,-0.000225778976558534,-0.250877900931825,0.0100201417651027,0.00667739397314173,0.00667661888144131,0.0189369544618789,7,0.0517857546394674,0.00793341766436833,0.00743763705588618,0.782394430599467,16.5976294530445,3.57039625603091,0.714079251206182,0.054781119448374,8.445950351422e-05,0.104671982352847,0.00717418318780271,0.00717406159959022,0.0213470701128244,7,0,0,4.16192996533913,TD3,NaN,mathworks_style_single_run,NaN,17-Jun-2026 14:30:06
27,-0.785398163397448,-1.5707963267949,5,10,full_final,5,100001,0.785398163397448,3.14131540460241,21.1530330602935,0.908862704827625,1.538511788916,1.18520887568966,1.15645,NaN,0.00609422225519051,0.249446581042003,0.000862165159019885,-0.249446581042003,0.010024660340074,0.00673491497726405,0.00673490814104907,0.0189361802721102,6.5,0.0215066161360389,0.00355863958669785,0.00338534909967241,0.356118248486249,7.51724468599742,1.62079783682043,0.324159567364086,0.0158352014579758,2.98350113082844e-05,0.0562764630338046,0.00716154141118953,0.00716127226489114,0.0215754937380552,7,0,0,2.58425964936003,TD3,NaN,mathworks_style_single_run,NaN,17-Jun-2026 14:29:56
28,-0.785398163397448,-0.785398163397448,-5,-10,full_final,5,100001,0.823013150950594,3.14126802368132,22.6549995348132,0.728864566685396,1.32135466436577,1.21620593357611,0.7812,NaN,0.00598751469990425,0.251404907709104,-0.000606459181592571,-0.251404907709104,0.0100313345970291,0.00669816637899985,0.00669748436951383,0.018952145607102,7,0.03682066052943,0.00596133860859509,0.00563094065014671,0.592340896793867,12.3503239330989,2.68482108722373,0.536964217444747,0.0325062469864571,5.66608920219037e-05,0.080630325543752,0.00714997829501754,0.00714952521183192,0.0213808584958315,7,0,0,2.23955278590574,TD3,NaN,mathworks_style_single_run,NaN,17-Jun-2026 14:29:45
29,-0.785398163397448,-0.785398163397448,-5,0,full_final,5,100001,0.826006418684186,3.14117522274422,22.4822218803064,0.795956967010935,1.23245553603283,1.42422353426658,1.97235,NaN,0.00596369498427338,0.250388373368701,0.000147805555364721,-0.250388373368701,0.0100317094047855,0.00665141595532591,0.00665027530252428,0.0189396528911701,7,0.0225659981654345,0.003783620399077,0.00361788377430073,0.380579489735776,8.10638407034618,1.73248986552092,0.346497973104183,0.0133852019334089,2.73895713419207e-05,0.0517401235665492,0.00714514533565087,0.00714477566808823,0.0215826891362667,7,0,0,2.47515845643533,TD3,NaN,mathworks_style_single_run,NaN,17-Jun-2026 14:30:33
30,-0.785398163397448,-0.785398163397448,-5,10,full_final,5,100001,1.10829992024266,3.14105615126999,23.818906783182,0.694292084496121,1.07187069932155,1.63490739002301,1.1865,NaN,0.0060987190139706,0.249450092646986,0.000864536714251756,-0.249450092646986,0.0100196196228717,0.00673184963836557,0.00673176842313428,0.0189385628817984,7,0.0071531590281914,0.00111794858314132,0.00109902114094193,0.115610376430447,2.38600904988372,0.512139733567157,0.102427946713431,0.00156152689053447,2.97441551354819e-06,0.0176721639339073,0.00715240967291831,0.00715208308818841,0.021257558837533,7,0,0,2.37837639720066,TD3,NaN,mathworks_style_single_run,NaN,17-Jun-2026 14:30:24
31,-0.785398163397448,-0.785398163397448,0,-10,full_final,5,100001,0.785398163397448,3.14109570026771,23.8173983036113,0.722745633883227,1.2744997421584,1.22582440442187,1.4999,NaN,0.00609469644033987,0.249445509397891,0.000862311323916155,-0.249445509397891,0.0100243897946089,0.00672766989608677,0.0067275737146161,0.0189357905514544,7,0.0296648586217265,0.00473813015983643,0.00445003878281221,0.468117163214958,9.77447923556581,2.1178719418327,0.423574388366541,0.0298406161672438,4.99100044447108e-05,0.0772536292574579,0.00715030508962801,0.00714997978551828,0.0215624123811722,7,0,0,2.23384841325223,TD3,NaN,mathworks_style_single_run,NaN,17-Jun-2026 14:30:15
32,-0.785398163397448,-0.785398163397448,0,0,full_final,5,100001,0.785744168765991,3.14143079773501,22.4653457553113,0.810805855897991,1.29762576633258,1.27948644180702,1.78735,NaN,0.00608584873498707,0.249509737355778,0.000811198241236266,-0.249509737355778,0.0100375955591885,0.00671345230035585,0.00671314703107592,0.0189482944302259,7,0.0218206855258928,0.00366305422296056,0.00346375708672025,0.36436629446104,7.77460726445499,1.6624853103467,0.332497062069341,0.0179219959576523,3.41427277373135e-05,0.0598698521088073,0.00714916788726207,0.00714881391190468,0.0215754304081202,7,0,0,2.43539846049961,TD3,NaN,mathworks_style_single_run,NaN,17-Jun-2026 14:30:05
33,-0.785398163397448,-0.785398163397448,0,10,full_final,0.175,3501,1.57425926097011,0.785398163397448,10,0.0845777584901831,0.0423337052519197,0.211309127691198,NaN,NaN,0.483333345481507,1.20747283134423,-0.483333345481507,-1.20747283134423,0.785398163397448,0.491883357051465,0.0913132744450344,0.381050872607579,2.85714285714286,0.0013414029781008,0.000237607507779818,0.000218412216710509,0.0229756440984099,0.457930822712852,0.0977248190192133,0.558427537252647,0.00170955141999678,3.34005362391641e-06,0.0988375700688986,0.0940518865682066,0.092592961858424,0.403110355138779,25.7142857142857,1,1,1000,TD3,NaN,mathworks_style_single_run,NaN,17-Jun-2026 14:29:55
34,-0.785398163397448,-0.785398163397448,5,-10,full_final,5,100001,0.785398163397448,3.14126654115615,21.3051982369556,0.703661849572072,1.22782280942827,1.25509668654073,1.51685,NaN,0.00605186982401036,0.249662303281746,0.000712296016177263,-0.249662303281746,0.0100248256932025,0.00672679352287231,0.00672656810491791,0.018947844709956,7,0.0137246253683271,0.00210448989930818,0.00200122843004306,0.210517126105779,4.29434473413146,0.94050760464558,0.188101520929116,0.0115068999077405,1.78424859744342e-05,0.0479727003779034,0.00720658778549495,0.0072065167540696,0.0210056370124221,6.5,0,0,2.20738438019451,TD3,NaN,mathworks_style_single_run,NaN,17-Jun-2026 14:29:52
35,-0.785398163397448,-0.785398163397448,5,0,full_final,5,100001,0.785398163397448,3.14144253085789,21.8708921893156,0.788813149909236,1.31493591378839,1.20916279254067,1.6216,NaN,0.00604063875330283,0.250189688041692,0.000292257616928915,-0.250189688041692,0.0100385738969939,0.00666563538479944,0.00666472148542432,0.0189466764568316,7,0.0173342721075107,0.00286243838593852,0.00269508375327399,0.283506509220143,6.02343411488175,1.29023856198739,0.258047712397477,0.0161006127499508,2.90081539092951e-05,0.0567461236560715,0.00715625122464901,0.00715598231745502,0.0215701879933476,7,0,0,2.35509291029016,TD3,NaN,mathworks_style_single_run,NaN,17-Jun-2026 14:30:41
36,-0.785398163397448,-0.785398163397448,5,10,full_final,5,100001,0.826772681894668,0.785398163397448,10,0.118366537143262,0.0377845419713784,1.3624399154935,0.5569,NaN,0.00601277747401622,0.251545719883168,-0.000714787624521907,-0.251545719883168,0.0100273661264358,0.00671504009241483,0.00671460511783902,0.0189521014641953,7,0.00225917906831494,0.000521923175892612,0.000482979232383808,0.0508064938733791,1.0493987138132,0.226321682830762,0.0452643365661524,0.00215669899333163,6.84665376522426e-06,0.0207687216425645,0.00716502297975974,0.00716470989728026,0.0212350320070982,7,0,0,1.08860937996835,TD3,NaN,mathworks_style_single_run,NaN,17-Jun-2026 14:30:31
37,-0.785398163397448,-0.349065850398866,-5,-10,full_final,5,100001,0.81836599999442,3.14134787906787,21.8127531018681,0.735908133732865,1.16282354812353,1.39315963024785,1.8799,NaN,0.00603973328829826,0.251606215089813,-0.000767054141730668,-0.251606215089813,0.0100231296246476,0.00673308368482844,0.00673296023558808,0.0189472757078093,7,0.0172656462526415,0.00299880796068501,0.00288996661233084,0.30400700721429,6.42278296671526,1.37918348398941,0.275836696797881,0.00614729022293486,1.680469968408e-05,0.0350636285142735,0.00719889547336961,0.00719889130422619,0.0210121776908636,6.5,0,0,2.34021012216239,TD3,NaN,mathworks_style_single_run,NaN,17-Jun-2026 14:30:22
38,-0.785398163397448,-0.349065850398866,-5,0,full_final,5,100001,0.942026291926044,0.35009412882019,5.14815493411638,0.0938996299406772,0.0141850586881065,1.40636416969171,0.6107,NaN,0.00601728671775404,0.250825596539878,-0.000173284703289171,-0.250825596539878,0.0100280087427462,0.00668271856964871,0.00668190912196238,0.0189531445156716,7,0.000698903671622937,0.000135537707842063,0.000128523495886219,0.0135198943733037,0.283949797034057,0.0590634601169823,0.0118126920233965,0.000332788720651307,1.09222442900182e-06,0.00815829296668497,0.00718445165210688,0.00718431014102581,0.0212686732411385,7,0,0,1.06151325401768,TD3,NaN,mathworks_style_single_run,NaN,17-Jun-2026 14:30:12
39,-0.785398163397448,-0.349065850398866,-5,10,full_final,5,100001,1.13899869561209,3.14155421854893,24.923696985489,0.645116338775876,1.00297759865822,1.55177206011118,1.10465,NaN,0.00601330616611917,0.251351656397989,-0.000589452876427063,-0.251351656397989,0.0100383777155561,0.00670707880506097,0.00670669467601522,0.0189507821666979,7,0.00920882296097968,0.00142717700811051,0.00140225810964933,0.147509071363505,2.99138923231055,0.652284753281849,0.13045695065637,0.0021125943615255,3.74434633379782e-06,0.0205552638588052,0.00718550978331827,0.00718545870633561,0.0215889001265168,7,0,0,2.23692820475463,TD3,NaN,mathworks_style_single_run,NaN,17-Jun-2026 14:30:02
40,-0.785398163397448,-0.349065850398866,0,-10,full_final,5,100001,0.785398163397448,3.1412337310583,21.9934777222433,0.737392837875464,1.18979593718864,1.36046425870211,1.7754,NaN,0.00606062992469986,0.24990055449023,0.000528905612334871,-0.24990055449023,0.0100275352494939,0.00668418989015363,0.0066834165308081,0.0189527864995274,7,0.0133026822052391,0.00230361878119128,0.00219415647517612,0.230811989499132,4.8274167852807,1.04033658292962,0.208067316585924,0.00840457626260748,1.83904911805482e-05,0.0409989664811383,0.00717054352723881,0.00717031509909582,0.0211114035919309,7,0,0,2.32742795311723,TD3,NaN,mathworks_style_single_run,NaN,17-Jun-2026 14:29:52
41,-0.785398163397448,-0.349065850398866,0,0,full_final,5,100001,0.785785582565352,0.34983297585041,9.09781442170056,0.115961478354524,0.0116255765254902,1.36703452248396,1.30765,NaN,0.00602011582740806,0.251388514224608,-0.000609697625140075,-0.251388514224608,0.0100371595062527,0.00671315752202848,0.00671280174611433,0.0189547589152634,7,0.0020481629882591,0.000499402792263709,0.000461935851012212,0.0485928574371821,1.13332627428459,0.225085316680458,0.0450170633360915,0.00165303466310722,6.27254288352051e-06,0.0181825997212017,0.00719134265048377,0.00719129037687611,0.0215526334941387,7,0,0,1.08623982908186,TD3,NaN,mathworks_style_single_run,NaN,17-Jun-2026 14:30:33
42,-0.785398163397448,-0.349065850398866,0,10,full_final,5,100001,0.974012848405024,3.14144429648238,22.8167942273388,0.686219513842574,1.09742222788791,1.57540120716884,1.13815,NaN,0.0060271433565602,0.25157903219679,-0.000745293997532934,-0.25157903219679,0.0100356761133786,0.00671807480294773,0.00671772414644419,0.0189562636747711,7,0.0082381228656303,0.00137920929079031,0.00133073102005737,0.13998485418092,2.92335626812868,0.62858556495482,0.125717112990964,0.00350758857706745,7.85904800875359e-06,0.0264861797059049,0.00716991091849165,0.00716964666499096,0.0215487750247121,7,0,0,2.33134471092738,TD3,NaN,mathworks_style_single_run,NaN,17-Jun-2026 14:30:24
43,-0.785398163397448,-0.349065850398866,5,-10,full_final,5,100001,0.785398163397448,3.14145035069698,23.376424057018,0.713800214432578,1.16613944282204,1.37675118530712,1.7282,NaN,0.00607259953241403,0.251690103287675,-0.000843593523899205,-0.251690103287675,0.0100290474063114,0.00673489207887339,0.00673488382553882,0.0189377900783789,6.5,0.0155280156232484,0.00240113210755866,0.00227530192286401,0.239347999775306,4.87937523539489,1.06585573554953,0.213171147109906,0.0136640865961401,2.15697232922723e-05,0.052276355259601,0.00718973546946569,0.00718972038361968,0.021606913767755,6.5,0,0,2.28916718805046,TD3,NaN,mathworks_style_single_run,NaN,17-Jun-2026 14:30:15
44,-0.785398163397448,-0.349065850398866,5,0,full_final,0.29,5801,1.58325676264449,0.350123849134211,18.9305305314535,0.0459570531101596,0.00893412683618939,0.285807886740738,NaN,NaN,0.158480997551534,0.985578704064435,0.0819030967113983,0.83115724382983,0.350123849134211,0.175536017617592,0.155257129401927,0.582415583260561,3.44827586206897,0.00401665389153166,0.000938014007576487,0.000875433055115101,0.0920902622080316,2.18796188081865,0.428546208430277,1.4777455463113,0.00245614201709316,1.02764483258311e-05,0.0920296432208433,0.144587470204508,0.144452199698655,1.06909938156605,27.5862068965517,1,1,1000,TD3,NaN,mathworks_style_single_run,NaN,17-Jun-2026 14:30:05
45,-0.785398163397448,-0.349065850398866,5,10,full_final,5,100001,1.39378001827761,0.349065850398866,10.7749591848161,0.160450868538626,0.0278216617404498,1.54259439538676,1.4598,NaN,0.00600726898927175,0.250909884641413,-0.000254499634379558,-0.250909884641413,0.0100327846894661,0.00667744474913563,0.00667670213517915,0.0189414516657802,7,0.00486457468768347,0.00105868569772769,0.000989821593593552,0.10412324455948,2.22712770232717,0.468003684842577,0.0936007369685154,0.00310108543863548,1.10937416493983e-05,0.0249041580409195,0.00717566853591489,0.00717555894243116,0.0215711425989866,7,0,0,1.26291732870662,TD3,NaN,mathworks_style_single_run,NaN,17-Jun-2026 14:30:02
46,-0.785398163397448,0,-5,-10,full_final,5,100001,0.891077980745908,0.197037456732863,17.6211262141277,0.132937002874957,0.012051186560111,1.68041664095129,1.74115,NaN,0.00602427962546203,0.25143555472785,-0.000634178269795906,-0.25143555472785,0.0100342389464236,0.00672135828254038,0.00672103192970995,0.0189553512377856,7,0.00807208786472685,0.00156518782535744,0.00145917053711094,0.153495914488988,3.30602840280695,0.691130273453761,0.138226054690752,0.00651498869731466,1.66584253397399e-05,0.036097059983646,0.00719726534930674,0.00719721138160295,0.021513544023037,7,0,0,1.27753652939036,TD3,NaN,mathworks_style_single_run,NaN,17-Jun-2026 14:29:52
47,-0.785398163397448,0,-5,0,full_final,0.11,2201,1.57186308325,0.24673585636554,8.30742109692614,0.0123560879653567,0.00202716963560762,0.130302937990655,NaN,NaN,0.112333088248667,1.18456946407834,-0.112326400850465,-1.18456946407834,0.24673585636554,0.135772868041822,0.0762695966180668,0.246859558431074,4.54545454545455,0.00025158884519712,5.22854830597994e-05,4.52735972238901e-05,0.00476250858370968,0.147410777887137,0.0230740077897388,0.209763707179444,0.000587613541686377,1.23603541274908e-06,0.0730885852104004,0.0568818229588404,0.056496030268941,0.270866714417934,59.0909090909091,1,1,1000,TD3,NaN,mathworks_style_single_run,NaN,17-Jun-2026 14:30:26
48,-0.785398163397448,0,-5,10,full_final,5,100001,1.16608619946201,3.14115334571627,25.1003478575598,0.628816341003329,0.986837990506674,1.52895949710232,1.072,NaN,0.00600122863331035,0.250087549350546,0.000394751415016014,-0.250087549350546,0.0100324629917983,0.00668557280144542,0.00668475205696273,0.0189762756644853,7,0.0136904738150025,0.0022228498909609,0.00213734830603327,0.224836113718161,4.59483579285764,1.00098661881873,0.200197323763746,0.00730863232482671,1.39300568412506e-05,0.0382325315008743,0.00718852380479095,0.00718838236685793,0.0214559761807323,7,0,0,2.1932439162461,TD3,NaN,mathworks_style_single_run,NaN,17-Jun-2026 14:30:24
49,-0.785398163397448,0,0,-10,full_final,0.24,4801,1.59091283594555,0.235234496334304,19.4732725668735,0.0326764738613191,0.00558641799052186,0.218633572324456,NaN,NaN,0.13612978757893,0.91103095229927,0.116922724476662,0.694404878229077,0.235234496334304,0.152552479886425,0.0979864052838597,0.327770816164803,4.16666666666667,0.00339929813012094,0.000748506146156379,0.000695389312467272,0.0731507495034606,1.74868850532455,0.334814695084378,1.39506122951824,0.00255673259232716,8.51969473798852e-06,0.10321362539912,0.141735303529011,0.141678345093744,0.895619951188564,10.4166666666667,1,1,1000,TD3,NaN,mathworks_style_single_run,NaN,17-Jun-2026 14:30:15
50,-0.785398163397448,0,0,0,full_final,5,100001,0.911625077645366,0.117643376849597,5.5163431508351,0.0571502691666714,0.00244786156160879,1.3801875215127,0.5591,NaN,0.00594727135042291,0.250669242977369,-6.22369228128023e-05,-0.250669242977369,0.0100203279919584,0.0066457539412035,0.00664450607487184,0.0189330402659262,7,0.00110571534145445,0.000242587731307875,0.000220520914837204,0.0231974663865565,0.512232754483304,0.10566933715475,0.0211338674309499,0.00144625025839484,3.69062437211081e-06,0.0170073528710076,0.00709506292418031,0.00709431794103659,0.0213711755350232,7,0,0,0.973608043175267,TD3,NaN,mathworks_style_single_run,NaN,17-Jun-2026 14:30:12
51,-0.785398163397448,0,0,10,full_final,5,100001,0.968763438559892,3.14123634468625,22.9052980925252,0.673636816994046,1.08800567082898,1.5168318152803,1.08585,NaN,0.00609054188664737,0.249483477313446,0.000836033429509799,-0.249483477313446,0.0100390043621228,0.00673831758368092,0.00673830950038124,0.0189535788078112,6.5,0.00624877435657264,0.000951820380141612,0.000941445771016774,0.0990344006329284,2.04352725915214,0.441930595981338,0.0883861191962677,0.000935208844376965,1.45007629153481e-06,0.0136763214672438,0.00718253277323757,0.00718233809417522,0.0215455135330558,6.5,0,0,2.27788306663334,TD3,NaN,mathworks_style_single_run,NaN,17-Jun-2026 14:30:03
52,-0.785398163397448,0,5,-10,full_final,5,100001,0.785398163397448,3.14155040428077,24.4060194318021,0.6843230214299,1.0983280058808,1.40342147178522,1.7889,NaN,0.00608262847160228,0.249497914981281,0.000822801940890275,-0.249497914981281,0.010022098412348,0.0067155681859898,0.00671531023019337,0.0189340204097572,7,0.0162357187427864,0.00247838592676166,0.00235688621148674,0.247930173463432,5.08543850302984,1.10617263333703,0.221234526667406,0.0134355676734702,2.06148364146528e-05,0.0518373758469122,0.00714317641988403,0.00714279954668291,0.0214935671538115,7,0,0,2.24369908563469,TD3,NaN,mathworks_style_single_run,NaN,17-Jun-2026 14:29:52
53,-0.785398163397448,0,5,0,full_final,5,100001,0.785398163397448,0.155659006446628,8.42406129743102,0.106930997588598,0.00883206104886428,1.3217491486808,1.267,NaN,0.00597326681032023,0.251263497473501,-0.000505156172837447,-0.251263497473501,0.0100354554166326,0.00668070197746923,0.00667984822460673,0.0189568327114995,7,0.000971267127650013,0.000173313822081227,0.000160689301627838,0.0169035425775503,0.398047879945668,0.0740722310145439,0.0148144462029088,0.00100369870878373,2.0390856002502e-06,0.0141682653051369,0.0071278151931464,0.00712719263292115,0.0215274402871728,7,0,0,1.04449562160821,TD3,NaN,mathworks_style_single_run,NaN,17-Jun-2026 14:30:34
54,-0.785398163397448,0,5,10,full_final,5,100001,0.85467063114213,3.14157118016793,21.2773699056526,0.717526094984468,1.18377148391294,1.52978551443238,1.2201,NaN,0.00609897666360792,0.249489933330718,0.000846943445134499,-0.249489933330718,0.0100352000022778,0.00674657742178774,0.00674657626550511,0.0189548415071918,6.5,0.0120147011501943,0.00207680095500843,0.00195623746934467,0.205784349174981,4.30448423721015,0.930409774088753,0.186081954817751,0.00977301357907304,1.98520245905975e-05,0.0442108891090714,0.00718469024864253,0.00718445144748956,0.0214485712349415,6.5,0,0,2.37327340557351,TD3,NaN,mathworks_style_single_run,NaN,17-Jun-2026 14:30:25
55,-0.785398163397448,0.349065850398866,-5,-10,full_final,5,100001,0.824685003564299,0.349065850398866,10,0.129150038884301,0.0133323423318788,1.35339327986773,1.3456,NaN,0.00607131351123521,0.24972241553439,0.000664736752782695,-0.24972241553439,0.0100276356226603,0.00669698938993823,0.00669638504202329,0.018952419768218,7,0.00141239417755437,0.000331634495986213,0.000300302086206649,0.0315899630460643,0.68969261641416,0.139366684745619,0.0278733369491239,0.00199941528432614,5.37871080882673e-06,0.0199970762079167,0.007165756440676,0.00716549361615229,0.0211044307798147,7,0,0,1.10679113777752,TD3,NaN,mathworks_style_single_run,NaN,17-Jun-2026 14:30:16
56,-0.785398163397448,0.349065850398866,-5,0,full_final,5,100001,0.821392990546798,3.14138760942287,20.0386450844598,0.746713946426016,1.26368935040888,1.47021375442373,1.1016,NaN,0.00597934787040378,0.250315193562865,0.000222148185140398,-0.250315193562865,0.0100333413068678,0.00666663387355604,0.00666551886586458,0.0189533866980796,7,0.0069372521025207,0.00120138868643091,0.0011445719369375,0.120402044648258,2.53422302757633,0.546728176683875,0.109345635336775,0.00440108021538227,9.62225322091677e-06,0.0296684351302264,0.00715728387899504,0.00715690857765183,0.021423646248877,7,0,0,2.39884299922154,TD3,NaN,mathworks_style_single_run,NaN,17-Jun-2026 14:30:06
57,-0.785398163397448,0.349065850398866,-5,10,full_final,5,100001,1.14766168897896,3.14155304882968,24.9176938561037,0.634919057748757,0.997007159911832,1.52238776017807,1.0508,NaN,0.0059579593555206,0.250471935032833,9.50540255890904e-05,-0.250471935032833,0.0100192132129011,0.00665234997884711,0.0066511260472148,0.0189416727437948,7,0.0111914021173302,0.00191941382492972,0.00186386723601649,0.196067559344272,3.99953896592152,0.871507687112973,0.174301537422595,0.00304589627012538,8.98066133910113e-06,0.0246815569611213,0.00713508142594148,0.00713460858427763,0.0211674822494388,7,0,0,2.20077822511208,TD3,NaN,mathworks_style_single_run,NaN,17-Jun-2026 14:29:57
58,-0.785398163397448,0.349065850398866,0,-10,full_final,5,100001,1.06196131613536,0.349065850398866,13.0754589364717,0.154704727474597,0.01794218754594,1.87812529005147,1.9395,NaN,0.00610429102473627,0.249458059932795,0.000865703214826477,-0.249458059932795,0.0100250608887724,0.00673689356624293,0.00673682850323493,0.0189482661087146,6.5,0.00165976618863798,0.000260785258157694,0.000253207360431889,0.0266358827541764,0.632012490093428,0.113976139276951,0.0227952278553903,0.000452083757329764,8.54541938135286e-07,0.00950877234273451,0.00715883365116843,0.00715851288620592,0.0209849430248141,7,0,0,1.42075375402529,TD3,NaN,mathworks_style_single_run,NaN,17-Jun-2026 14:29:46
59,-0.785398163397448,0.349065850398866,0,0,full_final,0.085,1701,1.58356611783457,0.349834037536015,12.3110641201963,0.0141543988665245,0.00348312023429833,0.0970011559240415,NaN,NaN,0.166564562730064,1.14121552064753,0.127539488310722,-1.14121552064753,0.349834037536015,0.202470734916016,0.157251637253388,0.477455933836126,5.88235294117647,0.00170043237136321,0.00043793665448129,0.000404814618744714,0.0425840493091086,1.03065992415161,0.202453506776699,2.38180596207881,0.00122713459594363,5.50747710437674e-06,0.120153558413128,0.179614382238247,0.174295869196128,0.763253942131996,29.4117647058824,1,1,1000,TD3,NaN,mathworks_style_single_run,NaN,17-Jun-2026 14:30:33
60,-0.785398163397448,0.349065850398866,0,10,full_final,5,100001,0.953925109637777,3.14106926769356,22.683142006217,0.672775419015216,1.09717242765939,1.50212234256853,1.05365,NaN,0.00604602487994785,0.250265470090676,0.00024811802743579,-0.250265470090676,0.0100361456125213,0.00667206100527806,0.0066711402957614,0.0189556987047226,7,0.00608921552068211,0.000954616636233296,0.000942175635949671,0.0991111780091693,2.05268750357016,0.443439767041628,0.0886879534083256,0.000829941639978817,1.8325446980302e-06,0.0128836457571513,0.00716919828932139,0.00716894386396958,0.0215556295588613,7,0,0,2.26789044670385,TD3,NaN,mathworks_style_single_run,NaN,17-Jun-2026 14:30:31
61,-0.785398163397448,0.349065850398866,5,-10,full_final,5,100001,0.785398163397448,3.14123401092544,23.5211216200454,0.702213702691554,1.1179827853208,1.42208409123342,1.8426,NaN,0.00595426875733435,0.251084688289431,-0.00038093548722197,-0.251084688289431,0.0100370908090162,0.00666110894531987,0.00666009509497175,0.0189472131625568,7,0.019874238128204,0.00315032432650314,0.00290287134525224,0.305364507061378,6.33787935879753,1.36759127786871,0.273518255573743,0.0269995178873125,4.36167653338236e-05,0.0734840362082983,0.007101458930166,0.0071007373964782,0.0215966627001762,7,0,0,2.28773051911484,TD3,NaN,mathworks_style_single_run,NaN,17-Jun-2026 14:30:22
62,-0.785398163397448,0.349065850398866,5,0,full_final,5,100001,0.944455980669439,0.349942487203525,7.80347377076372,0.0610738331812658,0.00476127359318247,1.38434199362247,0.65705,NaN,0.00602667771652124,0.249777253275906,0.000614780810653626,-0.249777253275906,0.0100213552385209,0.00670632052519383,0.00670589502278182,0.0189353861262735,7,0.002982350256361,0.000676563157661871,0.000606889827943755,0.0638411390341886,1.34926633835309,0.287125260125027,0.0574250520250054,0.00507320214076748,1.21771933047631e-05,0.0318534209803829,0.00720521137246845,0.00720520651160195,0.0214570807293057,6.5,0,0,0.985527002893669,TD3,NaN,mathworks_style_single_run,NaN,17-Jun-2026 14:30:12
63,-0.785398163397448,0.349065850398866,5,10,full_final,5,100001,0.785398163397448,3.14137703734243,20.8348240195279,0.717473064738818,1.20491263356693,1.48046041632294,1.13495,NaN,0.00602696104180422,0.251602213289681,-0.000773224466365919,-0.251602213289681,0.0100220956425818,0.00671674313478446,0.00671647058484602,0.0189340555655688,7,0.00872715182352443,0.00142292877851988,0.00136093649796026,0.143162287753873,2.98835685382413,0.647049723221239,0.129409944644248,0.00564757453997611,1.05006533559895e-05,0.0336082565450102,0.00716367349539606,0.00716345269206185,0.0214915405958891,7,0,0,2.34652688779189,TD3,NaN,mathworks_style_single_run,NaN,17-Jun-2026 14:30:02
64,-0.785398163397448,0.785398163397448,-5,-10,full_final,5,100001,1.44770153082967,0.785398163397448,10,0.123191764214979,0.0245976669733498,1.50076475970114,1.41335,NaN,0.00599705650070604,0.251491287059394,-0.000685807493113957,-0.251491287059394,0.0100196469905551,0.00670246706264044,0.00670197853703331,0.0189373664812176,7,0.00114925513733902,0.000221917117816475,0.000202928810366652,0.021346883404776,0.519874558360898,0.0956944456818257,0.0191388891363651,0.00154158105800884,3.28740928615133e-06,0.0175589353778003,0.00714852015017682,0.00714817696105683,0.0213021356612444,7,0,0,1.16697972423426,TD3,NaN,mathworks_style_single_run,NaN,17-Jun-2026 14:29:52
65,-0.785398163397448,0.785398163397448,-5,0,full_final,5,100001,0.823366570315539,3.14153838207017,17.4454515739011,0.766697006642995,1.36987039643223,1.39739439437426,1.02705,NaN,0.00601564829982043,0.250668322529288,-7.13437667080759e-05,-0.250668322529288,0.0100344195316564,0.00666832193258404,0.00666745882710932,0.0189437594485824,7,0.0118556634758939,0.00212931217717608,0.00203767736173686,0.214351333253056,4.50211800876938,0.975585220080908,0.195117044016182,0.00601585082095548,1.56727174939086e-05,0.0346867433494569,0.00716504834147915,0.00716486084162714,0.0215871734544635,7,0,0,2.40338162694608,TD3,NaN,mathworks_style_single_run,NaN,17-Jun-2026 14:30:41
66,-0.785398163397448,0.785398163397448,-5,10,full_final,5,100001,1.02058704875351,3.14143088923921,23.3603811652805,0.647423466179242,1.062435376374,1.51260904793405,1.02725,NaN,0.00603062552519987,0.250451320611926,9.47589293086804e-05,-0.250451320611926,0.0100386553116338,0.00666682215162691,0.00666589613593278,0.018950849164197,7,0.0108659104803874,0.00192442843595986,0.00187748943881711,0.197500532682931,4.03913572086632,0.881875004105566,0.176375000821113,0.00142395614262103,7.60164400245883e-06,0.0168757586058881,0.00716528315710591,0.00716506141568491,0.0215543480589986,7,0,0,2.22228738794582,TD3,NaN,mathworks_style_single_run,NaN,17-Jun-2026 14:30:32
67,-0.785398163397448,0.785398163397448,0,-10,full_final,5,100001,0.968131062816093,0.785398163397448,12.8895700415529,0.159897102882203,0.0278237691746999,1.43042756344961,1.46315,NaN,0.00601075119870592,0.250933239118998,-0.000271973142937368,-0.250933239118998,0.0100375059337821,0.00668053940358217,0.00667980439328395,0.0189510101951349,7,0.00294789973467104,0.000608377486969257,0.000555619267921563,0.0584477862376397,1.2868574867372,0.262635227135841,0.0525270454271682,0.00397945018819508,9.2540576020769e-06,0.028211523135751,0.00717945329765772,0.00717934696567656,0.0215824777260423,7,0,0,1.20586404807785,TD3,NaN,mathworks_style_single_run,NaN,17-Jun-2026 14:30:23
68,-0.785398163397448,0.785398163397448,0,0,full_final,5,100001,0.785398163397448,3.14132507826955,16.9457418408222,0.807599232781924,1.4483981093144,1.34220264972155,1.2752,NaN,0.00606389140716487,0.251669921187557,-0.000820495767961514,-0.251669921187557,0.0100386681962712,0.00673099348221368,0.00673085272838129,0.0189557092088037,7,0.0045335309149169,0.000737747062832625,0.000723466356746054,0.076104284733313,1.67978483910488,0.354501443291981,0.0709002886583961,0.000854406387570534,2.26349085466426e-06,0.0130721565747243,0.00718080064570325,0.00718064132012226,0.0215272000059485,7,0,0,2.45792874682371,TD3,NaN,mathworks_style_single_run,NaN,17-Jun-2026 14:30:12
69,-0.785398163397448,0.785398163397448,0,10,full_final,5,100001,0.868092021778954,3.14119817281399,21.6180757306394,0.677867626642102,1.14814897390603,1.49093758724742,0.99935,NaN,0.00599642150371289,0.251441086022422,-0.000648391276883379,-0.251441086022422,0.0100373146914927,0.00669842908848928,0.00669787103586774,0.0189534904208415,7,0.00579709335990093,0.000965370134587185,0.000945755724222324,0.0994877816407442,2.08790352988746,0.449229962401199,0.0898459924802399,0.000989864049792479,3.17868808332976e-06,0.0140702810902446,0.00714986368589954,0.00714948727555644,0.021566579118371,7,0,0,2.27151261241704,TD3,NaN,mathworks_style_single_run,NaN,17-Jun-2026 14:30:03
70,-0.785398163397448,0.785398163397448,5,-10,full_final,5,100001,1.34325470617283,0.785398163397448,15.8593820590995,0.169012177022801,0.0279853963041958,2.59185933288684,2.56075,NaN,0.00595227409301265,0.250842501307878,-0.000194816603760819,-0.250842501307878,0.0100387927110832,0.00665069473522653,0.00664951211069617,0.0189533091342518,7,0.0123892958501317,0.00217400776623356,0.00196544807056857,0.206753248712013,4.4236141471003,0.925749658348701,0.18514993166974,0.0199957319404384,3.62074724566597e-05,0.0632388044485954,0.00709309489391096,0.00709227998359662,0.0215477179735899,7,0,0,1.80538958390579,TD3,NaN,mathworks_style_single_run,NaN,17-Jun-2026 14:29:52
71,-0.785398163397448,0.785398163397448,5,0,full_final,5,100001,0.785398163397448,3.14127660470287,16.8438611838976,0.843110514017086,1.47436385404235,1.34492558511081,1.46,NaN,0.00602261252517916,0.250749443159327,-0.000121185795858256,-0.250749443159327,0.0100353535802406,0.00667748834166024,0.00667664892497137,0.0189550281316526,7,0.00579383312450994,0.0010225382828193,0.000992771052466007,0.104433509792611,2.22247757898098,0.477479875259776,0.0954959750519552,0.00140402096976911,4.96280027437778e-06,0.0167572131917519,0.00718024484199461,0.00718008395732224,0.0215794071555138,7,0,0,2.52955251819659,TD3,NaN,mathworks_style_single_run,NaN,17-Jun-2026 14:30:14
72,-0.785398163397448,0.785398163397448,5,10,full_final,5,100001,0.785398163397448,3.14155098393489,20.0179958547377,0.710568310950613,1.24225282379469,1.45431670948583,1.04295,NaN,0.00604590004270666,0.250254931133007,0.000253775211131609,-0.250254931133007,0.010037949463811,0.00667117917135459,0.00667025884269529,0.018955399115641,7,0.00486498887671202,0.000801069882868409,0.000782905705720667,0.0823569447174926,1.72422048317677,0.372564129747849,0.0745128259495697,0.00116210984578659,2.9909282751794e-06,0.0152453917351217,0.00716769966775869,0.00716744407379727,0.0215806281194091,7,0,0,2.31959722637248,TD3,NaN,mathworks_style_single_run,NaN,17-Jun-2026 14:30:04
73,-0.785398163397448,1.5707963267949,-5,-10,full_final,0.825,16501,1.57326344635857,3.14145986966815,15.7088647419648,0.978302416580163,1.83626376416146,0.405146636966505,NaN,NaN,0.887000867045258,0.623495097446106,-0.736065328237704,0.472115543989864,3.14145986966815,1.49188277044301,1.47811937903829,6.28260152119316,0.606060606060606,0.0259653482227928,0.0043262282665164,0.00424309429087208,0.446347854398115,9.47768390125119,2.03740570491427,2.46958267262336,0.00332046638490732,1.26100292460536e-05,0.0634413724574241,0.185177818832838,0.184843907503101,1.40107071399689,8.48484848484848,1,1,1000,TD3,NaN,mathworks_style_single_run,NaN,17-Jun-2026 14:29:55
74,-0.785398163397448,1.5707963267949,-5,0,full_final,0.665,13301,1.58263789153716,3.14150095319542,15.7182749222217,0.863171451736168,1.80200947682504,0.362167085834901,NaN,NaN,1.07505132569118,0.554418664296091,-0.535646044811081,0.422499177331208,3.14150095319542,1.64610990809614,1.64380891824585,6.28259972478052,2.25563909774436,0.0192790067789922,0.00329838409685798,0.00322466128934712,0.339214862784707,7.39557077436546,1.56437570659703,2.35244467157449,0.00268852731205572,1.14227336696953e-05,0.0635837889215295,0.179961034356467,0.179445399769327,1.26394009590149,6.76691729323308,1,1,1000,TD3,NaN,mathworks_style_single_run,NaN,17-Jun-2026 14:29:52
75,-0.785398163397448,1.5707963267949,-5,10,full_final,5,100001,0.836192381474316,3.14137273412138,16.709564552826,0.734136331419936,1.44939873963844,1.31357440170465,1.3403,NaN,0.00606097164693708,0.249758898154062,0.000621603474416108,-0.249758898154062,0.0100269226196994,0.0066835622440317,0.00668290479319526,0.0189382348945992,7,0.0129596357184689,0.00228947324203251,0.00223220487426309,0.234814450941549,4.95213427397259,1.06967301430336,0.213934602860671,0.00196634323676419,9.35851853919994e-06,0.0198310021772183,0.00715707841644896,0.00715683574907616,0.021617641672492,7,0,0,2.29683376454054,TD3,NaN,mathworks_style_single_run,NaN,17-Jun-2026 14:29:49
76,-0.785398163397448,1.5707963267949,0,-10,full_final,1.04,20801,1.57499526780359,3.14151357370628,15.7764453570445,0.989635339219899,1.8038959028423,0.653150869673944,1.00925,NaN,0.147483731896023,1.07687259310329,-0.056697149979374,1.02576785431227,0.887733405115231,1.31331307415949,1.30677542775939,6.2825312330896,0.500025001250063,0.0174594717097015,0.00302206052793568,0.00294373813007006,0.309663445635246,6.70335165053804,1.42356162032022,1.3688092503079,0.00356766618971175,1.27522798211745e-05,0.0585700286779699,0.0940662177948312,0.0933854776457659,0.54561710357666,11.0552763819095,1,1,1000,TD3,NaN,mathworks_style_single_run,NaN,17-Jun-2026 14:29:35
77,-0.785398163397448,1.5707963267949,0,0,full_final,0.61,12201,1.57779503211675,3.14132765165124,15.6530880561017,0.857552740405415,1.7966005635889,0.286261356384639,NaN,NaN,1.32912942710165,0.453122129547914,-0.282190223014807,0.269205209320879,3.14132765165124,1.71613135864016,1.71402508248584,6.28259432452454,2.45901639344262,0.0131626694808117,0.00229689120184659,0.00223557001330552,0.235168443214256,5.34738987403696,1.1019859090387,1.80653427711262,0.00252489749083651,9.7637687958998e-06,0.0643364299171634,0.15677945840354,0.156689096190097,1.20425495505333,8.19672131147541,1,1,1000,TD3,NaN,mathworks_style_single_run,NaN,17-Jun-2026 14:30:20
78,-0.785398163397448,1.5707963267949,0,10,full_final,5,100001,0.785972660614201,3.14157210365881,16.8909434455379,0.7128818940624,1.40429577315398,1.31586723057818,1.2978,NaN,0.00600743214819142,0.251331626278936,-0.00057339539928961,-0.251331626278936,0.0100268827688052,0.00670375091776902,0.00670335200741899,0.0189364553160338,7,0.00638997668919287,0.00111479064924416,0.00108597645910956,0.114238154804425,2.51200243873611,0.530202164718231,0.106040432943646,0.00124404228011021,4.75052562215422e-06,0.0157736633672093,0.00718213530234036,0.00718208173687546,0.0216172393411398,7,0,0,2.25421346209567,TD3,NaN,mathworks_style_single_run,NaN,17-Jun-2026 14:30:18
79,-0.785398163397448,1.5707963267949,5,-10,full_final,5,100001,1.12582667423951,3.14140721655808,15.8725619965168,1.0614104446704,1.77525065397893,1.89077794312669,2.4532,NaN,0.00606775599379463,0.251692588758771,-0.000831657513198955,-0.251692588758771,0.0100236027889921,0.00674115177846993,0.00674112749220933,0.0189472123129271,6.5,0.00965521963223448,0.00149800293975745,0.00147267516597589,0.154916519760777,3.44823827228547,0.71143628372268,0.142287256744536,0.00194795200693963,3.55197153387215e-06,0.0197380445178322,0.00719757678221952,0.00719757401086348,0.0210225777700543,6.5,0,0,3.24002505744228,TD3,NaN,mathworks_style_single_run,NaN,17-Jun-2026 14:30:09
80,-0.785398163397448,1.5707963267949,5,0,full_final,0.585,11701,1.58321396904996,3.1414700918099,16.5886523509119,0.854618473863356,1.794482127095,0.249330371313984,NaN,NaN,1.42332691215607,0.406947651134609,-0.192718094726197,0.200506178713001,3.1414700918099,1.75138074688038,1.74956563461536,6.28258869533135,1.70940170940171,0.00902039267411567,0.00149680725345138,0.00145896851599764,0.153474663089825,3.6252839694296,0.724553866414767,1.23855361780302,0.00217704229221842,5.80709061158162e-06,0.0610036049406753,0.129162929779205,0.129024981625608,0.915344208478928,6.83760683760684,1,1,1000,TD3,NaN,mathworks_style_single_run,NaN,17-Jun-2026 14:29:58
81,-0.785398163397448,1.5707963267949,5,10,full_final,5,100001,0.785398163397448,3.14139253018087,16.9343467952708,0.703556015684331,1.37958865001212,1.31729291693401,1.1604,NaN,0.00601376377627041,0.251199409928922,-0.00046558303385641,-0.251199409928922,0.0100364546872933,0.00669943089496783,0.00669889306876726,0.0189554070343672,7,0.00489519581179523,0.000800439495753895,0.000785291114754057,0.0826078753192958,1.78961326576031,0.380134441905393,0.0760268883810787,0.000793319147170046,2.32526378995793e-06,0.0125961831295837,0.00718921844691004,0.00718913906435886,0.0215408485382795,7,0,0,2.23637389982374,TD3,NaN,mathworks_style_single_run,NaN,17-Jun-2026 14:29:56
82,-0.785398163397448,2.35619449019234,-5,-10,full_final,5,100001,0.82648139948912,3.14125884811841,15.9832126268079,1.17449654834979,1.9820370085326,1.54120224781665,2.1679,NaN,0.00603894929992508,0.251608656893867,-0.000777472198673096,-0.251608656893867,0.0100195360363464,0.00672995179468401,0.00672984479265132,0.0189382513099723,7,0.0265094449436785,0.00441223931397873,0.00424068004306222,0.446093890131462,9.56461165371138,2.04026263247335,0.40805252649467,0.014294950965377,2.93462204546699e-05,0.0534695258355205,0.00719190659261129,0.00719190405479582,0.0212563220411539,6.5,0,0,3.29232444988899,TD3,NaN,mathworks_style_single_run,NaN,17-Jun-2026 14:29:45
83,-0.785398163397448,2.35619449019234,-5,0,full_final,5,100001,0.825084218963951,3.14158266855991,22.423623292872,1.99006634353234,3.71140023666402,1.39316051503866,2.5238,NaN,0.00609708456241236,0.249478296215013,0.000853264533295383,-0.249478296215013,0.0100275691174083,0.00674457322022528,0.00674457321966355,0.0189516241595231,6.5,0.0544907579179887,0.00866651035688349,0.00833170428753159,0.876444895466836,18.7630632891631,4.01249185959972,0.802498371919944,0.031722971428848,5.58199312640789e-05,0.0796529615630806,0.00717711855593716,0.00717686883142,0.021104758605361,7,0,0,4.85279794899093,TD3,NaN,mathworks_style_single_run,NaN,17-Jun-2026 14:30:28
84,-0.785398163397448,2.35619449019234,-5,10,full_final,5,100001,0.828850576783608,3.14149956885024,20.5529147908231,1.86959146034704,3.95955660825236,1.39267022565296,1.69965,NaN,0.00595227872623475,0.25112267880849,-0.000407298078815725,-0.25112267880849,0.0100203780541999,0.006663492790012,0.00666249227991133,0.0189363463097205,7,0.0659993771583559,0.0103729572362871,0.0098679082227415,1.0380442574876,22.100643544404,4.73701148938322,0.947402297876643,0.0515584615522752,8.51107424618982e-05,0.101546503191666,0.0071016477874118,0.00710093240433766,0.0214086454361677,7,0,0,4.61080813529376,TD3,NaN,mathworks_style_single_run,NaN,17-Jun-2026 14:30:19
85,-0.785398163397448,2.35619449019234,0,-10,full_final,0.87,17401,1.57964965964007,3.14147479901162,15.6390428910045,1.11407914629968,2.06083432571976,0.325956294768215,NaN,NaN,1.13439717008993,0.520289285684971,-0.468292321494557,0.338122962277141,3.14147479901162,1.53909018859449,1.49653421362469,6.28250039561778,0.574712643678161,0.0265556473072363,0.00441824217536422,0.00422618753634751,0.444569366085209,9.758089359009,2.05512340396876,2.3622108091595,0.0168423281857074,3.3201483032703e-05,0.139136616009612,0.18221118405962,0.182092368327703,1.74758493900299,12.0689655172414,1,1,1000,TD3,NaN,mathworks_style_single_run,NaN,17-Jun-2026 14:30:09
86,-0.785398163397448,2.35619449019234,0,0,full_final,5,100001,0.785744051219549,3.14157945992546,21.5023114109738,2.00162687628883,3.88692324012743,1.28428549304806,2.2676,NaN,0.00594805881574892,0.250718325257078,-9.12166919564679e-05,-0.250718325257078,0.010019465723019,0.00664940396640991,0.00664813383014491,0.0189425531206688,7,0.0528672780305095,0.00841405053498612,0.00807313823696837,0.849245310923697,18.2415758618773,3.89114099781173,0.778228199562346,0.0327056990376415,5.72066684752649e-05,0.0808773133055759,0.0070967555677073,0.00709597112679111,0.0210198061540723,7,0,0,4.81853288775922,TD3,NaN,mathworks_style_single_run,NaN,17-Jun-2026 14:30:06
87,-0.785398163397448,2.35619449019234,0,10,full_final,5,100001,0.78639600483435,3.14139422175519,21.4264332354871,1.65723804388925,3.35174833474181,1.2346491536702,2.01935,NaN,0.00606783689234562,0.251684169508037,-0.000821132508973352,-0.251684169508037,0.0100320924811599,0.00674394907247291,0.00674390829592829,0.0189563825714218,6.5,0.0269739588342558,0.00435634945821324,0.00414793977386554,0.436338174765607,9.54775592509957,2.00931607068076,0.401863214136152,0.019717705491858,3.50631607027501e-05,0.0627976201648725,0.00720532132682285,0.00720532074659438,0.0214794408529997,6.5,0,0,4.10570442939289,TD3,NaN,mathworks_style_single_run,NaN,17-Jun-2026 14:29:56
88,-0.785398163397448,2.35619449019234,5,-10,full_final,0.785,15701,1.573449460957,3.14150013983367,19.7780799260114,1.12097007332807,2.13707450822105,0.25167126219425,NaN,NaN,1.40467966537998,0.363346216132698,-0.251226670350755,0.208255056241184,3.14150013983367,1.6499671776548,1.60720226478636,6.28258413661677,0.636942675159236,0.0242790210569049,0.0040164642400114,0.00385976160211281,0.406023574186752,9.09696977423091,1.88568898438726,2.40215157246785,0.0122367659087865,2.57906280152915e-05,0.124852860706031,0.183906144262072,0.183903809202123,1.49818700551987,9.55414012738853,1,1,1000,TD3,NaN,mathworks_style_single_run,NaN,17-Jun-2026 14:29:45
89,-0.785398163397448,2.35619449019234,5,0,full_final,5,100001,0.785398163397448,3.14135644457861,20.9162055598929,1.93084688361324,3.98568017844227,1.2542298119867,1.33705,NaN,0.00604303067085356,0.250210201342812,0.000278022462605302,-0.250210201342812,0.0100383771936712,0.00666730222728346,0.00666638202588263,0.0189507037469232,7,0.0511625592656302,0.0081400512463608,0.00777885222218255,0.818288202201978,17.5505774678658,3.7455700397019,0.749114007940381,0.0355996670359199,6.13128417855202e-05,0.0843796978377144,0.0071602186616693,0.00715995535371086,0.0215623779222369,7,0,0,4.66419902453106,TD3,NaN,mathworks_style_single_run,NaN,17-Jun-2026 14:30:34
90,-0.785398163397448,2.35619449019234,5,10,full_final,5,100001,1.55950104120332,3.14142408805252,24.8073715005908,1.28235487949508,2.48628315784576,1.64001708838761,2.212,NaN,0.00606212140045711,0.249767935312159,0.000613456784064609,-0.249767935312159,0.0100365887787737,0.00668301727106242,0.00668234123799741,0.0189459427661474,7,0.0209449446519498,0.0032064950529821,0.00310357952533631,0.326477793592249,7.55331797787291,1.51573420755931,0.303146841511863,0.0106531519221694,1.66202911935524e-05,0.0461587519808962,0.00715901014258205,0.00715877118366946,0.021613453514874,7,0,0,3.55751934823172,TD3,NaN,mathworks_style_single_run,NaN,17-Jun-2026 14:30:25
91,-0.785398163397448,3.14159265358979,-5,-10,full_final,0.38,7601,1.57378709863171,3.14159265358979,26.9759842247414,0.407701732849232,0.731330213729692,0.223745688238542,NaN,NaN,1.07297798775035,0.588882167793955,1.0471439187034,-0.588882167793955,3.14159265358979,1.38742634786322,0.910187609379276,3.34205581151824,1.31578947368421,0.0443297585198851,0.00711890361190713,0.00661433297593558,0.695787821268699,14.8765650093634,3.18307668544433,8.37651759327456,0.0519891255228822,8.66268238886719e-05,0.369883073711289,0.34870770392998,0.348441138341148,1.96847015619278,13.1578947368421,1,1,1000,TD3,NaN,mathworks_style_single_run,NaN,17-Jun-2026 14:30:15
92,-0.785398163397448,3.14159265358979,-5,0,full_final,5,100001,0.817405075907024,3.14159265358979,25.0692534032656,2.06022331894356,3.93204414363595,1.55123094116897,2.72345,NaN,0.00601520380853453,0.251551131007536,-0.000718261328839329,-0.251551131007536,0.0100298456271619,0.0067162798241907,0.00671585064460681,0.0189512526275704,7,0.0787742694835795,0.0123565013063687,0.0116497200714891,1.22548008641568,26.2330703954314,5.60269252576791,1.12053850515358,0.0724311560846969,0.000117666749316252,0.120358760449497,0.00716671310083879,0.00716640344681396,0.0213253619149327,7,0,0,5.07492350039373,TD3,NaN,mathworks_style_single_run,NaN,17-Jun-2026 14:30:13
93,-0.785398163397448,3.14159265358979,-5,10,full_final,5,100001,0.817261040265633,3.14159265358979,26.2021000661505,3.39233254308477,7.58931672741702,1.41106240596048,3.05285,NaN,0.00601317523163019,0.251054354139145,-0.000346087729671925,-0.251054354139145,0.0100303977396781,0.00669541554150322,0.00669471615815747,0.0189719683909333,7,0.22802237142145,0.0350411015020094,0.0325373160760085,3.42272884428754,72.0288414750731,15.5814084834681,3.11628169669362,0.265897514794993,0.000411609238856452,0.230606814641282,0.007190702743791,0.00719059261573067,0.0213864454999566,7,0,0,7.69045526556788,TD3,NaN,mathworks_style_single_run,NaN,17-Jun-2026 14:30:03
94,-0.785398163397448,3.14159265358979,0,-10,full_final,5,100001,0.785479791938469,3.14159265358979,26.1494139420336,1.27152915767941,2.27358107876578,1.3077622976711,1.9071,NaN,0.0060304514052685,0.250449405460421,9.59207723444977e-05,-0.250449405460421,0.0100394197488771,0.00666659123587608,0.00666566458458603,0.0189513082222845,7,0.0531358168893239,0.00842472569677013,0.00787968784244627,0.828895499534125,17.7440551334173,3.79759358911273,0.759518717822546,0.0567422298272157,9.31616300462716e-05,0.106529085068084,0.00716494891221899,0.00716472713574086,0.0215417146682739,7,0,0,3.3742077828111,TD3,NaN,mathworks_style_single_run,NaN,17-Jun-2026 14:29:52
95,-0.785398163397448,3.14159265358979,0,0,full_final,5,100001,0.796907276599058,3.14159265358979,24.3338045556045,2.17797340860075,4.49435502963254,1.26519941934603,2.19745,NaN,0.00603891124411941,0.250173627445909,0.000305415445330698,-0.250173627445909,0.0100295074948744,0.00666510601441154,0.00666420701699585,0.0189380655559068,7,0.0844257680859005,0.0132107377508269,0.0123892328285131,1.30327235539914,27.8155189209212,5.96141365190817,1.19228273038163,0.0854863248745862,0.000137417473797457,0.130756510258255,0.0071540493274453,0.00715377905400183,0.0216008657589555,7,0,0,5.16925984500159,TD3,NaN,mathworks_style_single_run,NaN,17-Jun-2026 14:30:28
96,-0.785398163397448,3.14159265358979,0,10,full_final,1.26,25201,1.58122877897395,3.14159265358979,23.3419251512738,2.20836880836061,4.82819105651626,0.457804295778402,NaN,NaN,1.35158803525582,0.375279010981748,-0.247251902806449,0.21044547087087,3.14146064233446,1.81884281185073,1.81808204135977,6.28279517041072,1.5,0.109780884714476,0.0169816451440211,0.015849320522816,1.66725265197276,35.4114104366884,7.60975236778932,6.039486006182,0.11973798836754,0.000187804584682907,0.308269605212787,0.278462981953547,0.278461272858574,1.97022384405136,13.5,1,1,1000,TD3,NaN,mathworks_style_single_run,NaN,17-Jun-2026 14:30:19
97,-0.785398163397448,3.14159265358979,5,-10,full_final,5,100001,1.54654954803107,3.14159265358979,24.4808875743379,1.87198523832412,3.51197476073594,1.61399725892774,2.57385,NaN,0.00598603164575411,0.251399647775334,-0.000602869098840893,-0.251399647775334,0.0100294324699233,0.00669719768340613,0.00669650838692732,0.0189519418509785,7,0.0630153904606565,0.00971967539949198,0.00919387064820261,0.967139581664967,21.1720875495106,4.44680195165201,0.889360390330402,0.0567081668933609,8.89543858373843e-05,0.106497105024842,0.00714875322656755,0.007148295948407,0.0213146796450019,7,0,0,4.72742710513096,TD3,NaN,mathworks_style_single_run,NaN,17-Jun-2026 14:30:16
98,-0.785398163397448,3.14159265358979,5,0,full_final,5,100001,0.935869612316974,3.14159265358979,26.9023778572641,2.9377014548623,6.29701211110114,1.43164926993792,2.2953,NaN,0.00609231166866578,0.251729051921771,-0.000857707774283325,-0.251729051921771,0.0100247774338304,0.00674406041340464,0.00674405800394145,0.018950193023767,6.5,0.119279848529613,0.0184848461018179,0.0172978952173472,1.81963394791293,38.6170566154572,8.30353220728767,1.66070644145753,0.126543737499501,0.000199320813981643,0.159087232359797,0.0071970843357149,0.00719701978766002,0.0210752440616488,6.5,0,0,6.77758182850771,TD3,NaN,mathworks_style_single_run,NaN,17-Jun-2026 14:30:06
99,-0.785398163397448,3.14159265358979,5,10,full_final,0.87,17401,1.58948961886794,3.14159265358979,22.7151907247135,1.2954955703142,2.65439141376372,0.358846509565046,NaN,NaN,1.19975278552217,0.408188997674079,0.356476492075354,-0.226427142415476,3.1413230575224,1.74674978902842,1.64254005064668,6.2829157111122,1.14942528735632,0.0436445452918956,0.00674244202740977,0.00632776784656873,0.665642902992109,14.2983956133443,3.04983499340498,3.50555746368388,0.0449878793188948,7.05789050408208e-05,0.227398782128824,0.225159811588729,0.224764271957093,1.88632982969284,13.7931034482759,1,1,1000,TD3,NaN,mathworks_style_single_run,NaN,17-Jun-2026 14:29:56
100,0,-3.14159265358979,-5,-10,full_final,5,100001,0.44787847912866,3.14159265358979,26.260328212319,1.18876893775392,2.11940820507371,1.23812892931949,1.5606,NaN,0.00602585125860659,0.251584804889108,-0.000761774303228619,-0.251584804889108,0.010037783497777,0.0067149650612992,0.00671466926176925,0.0189484448820649,7,0.041922428462426,0.00673554263220152,0.00631509674702096,0.664309979962754,14.086995951369,3.03618311857479,0.607236623714957,0.0420932992491937,7.1206876662711e-05,0.0917532552547251,0.00716409200190481,0.00716385683506568,0.0215853983536363,7,0,0,3.17214912242822,TD3,NaN,mathworks_style_single_run,NaN,17-Jun-2026 14:29:52
101,0,-3.14159265358979,-5,0,full_final,5,100001,0.968957062824023,3.14159265358979,20.7826792117279,2.18247599273713,4.63953636144085,1.45990806424432,1.84335,NaN,0.00595644713194094,0.251071770229203,-0.000369875772789064,-0.251071770229203,0.0100373679833104,0.00666181275523128,0.00666078982326118,0.0189508140963301,7,0.0846881046377975,0.0132468476625219,0.0124108835837764,1.30554988389495,27.7864887588247,5.97105743628297,1.19421148725659,0.0875297187665215,0.000140449943855294,0.132310028921863,0.00710274945352402,0.00710202137730169,0.0215825224295259,7,0,0,5.27421586038682,TD3,NaN,mathworks_style_single_run,NaN,17-Jun-2026 14:30:41
102,0,-3.14159265358979,-5,10,full_final,5,100001,0.79024818561682,3.14159265358979,23.5692696518657,3.03218425708627,6.49403591253996,1.36734361130317,2.878,NaN,0.00608539773135924,0.251719615085434,-0.000847780701460737,-0.251719615085434,0.0100281205275421,0.00674256472835709,0.00674250393883941,0.0189590917175337,6.5,0.138920092478025,0.0214079015166076,0.0199826586279579,2.10205481950906,44.3806393311712,9.57873205075802,1.9157464101516,0.151464879296421,0.000235941184625767,0.174048774368808,0.00719171630564436,0.0071915802483299,0.0212820824235678,6.5,0,0,6.93703363088146,TD3,NaN,mathworks_style_single_run,NaN,17-Jun-2026 14:30:32
103,0,-3.14159265358979,0,-10,full_final,5,100001,1.28318992035467,3.14159265358979,28.918315395637,1.81741192569958,3.43399786189724,1.55979128288422,2.45495,NaN,0.00606528926266674,0.251672904589463,-0.00081546969459425,-0.251672904589463,0.0100358443488189,0.00674091824712969,0.00674086894266659,0.0189562126745493,6.5,0.0822077102688114,0.0127001639959838,0.0119531094443718,1.25739481334615,27.1108745090055,5.75370835350185,1.15074167070037,0.0807671848597949,0.000126774673607996,0.127096172137319,0.00720428022889752,0.00720428009639419,0.0215774411335588,6.5,0,0,4.59547652926911,TD3,NaN,mathworks_style_single_run,NaN,17-Jun-2026 14:30:23
104,0,-3.14159265358979,0,0,full_final,5,100001,1.06812851945467,3.14159265358979,21.4509848880216,2.96588682534064,6.50105590003118,1.37253226729234,2.46025,NaN,0.00600629632577911,0.251309800603313,-0.000551668809126844,-0.251309800603313,0.010019538393462,0.00670426829753359,0.00670383061480166,0.0189372782985795,7,0.12840682205324,0.019836753608577,0.0185080754154573,1.94693758479499,41.2126236607057,8.89165181398467,1.77833036279693,0.142922023602961,0.000223506797884064,0.169069230555391,0.0071829118580038,0.00718285178371641,0.0212539089843631,7,0,0,6.80440641271219,TD3,NaN,mathworks_style_single_run,NaN,17-Jun-2026 14:30:13
105,0,-3.14159265358979,0,10,full_final,5,100001,0.612306662629099,3.14159265358979,22.6705045108016,2.13613012469701,4.27124985746358,1.23940099998255,2.2557,NaN,0.0059964312294959,0.250114976258618,0.000365084862678147,-0.250114976258618,0.0100371320871071,0.00667653717047274,0.00667564847626815,0.0189548762804166,7,0.0462811353469684,0.00716274526850879,0.00674310288685991,0.709333637013537,15.2341149867983,3.25372295026517,0.650744590053033,0.0455711176538706,7.17843722188652e-05,0.0954684425911208,0.00717404699525325,0.00717385468051723,0.0215538693591952,7,0,0,5.06730645646481,TD3,NaN,mathworks_style_single_run,NaN,17-Jun-2026 14:30:03
106,0,-3.14159265358979,5,-10,full_final,5,100001,0.890077854395376,3.14159265358979,21.2909469414644,2.14409329379672,4.35845243709425,1.28586487366509,2.2102,NaN,0.00607126079437601,0.249722698460803,0.000664447567349861,-0.249722698460803,0.0100274648894703,0.00669697203491066,0.00669636707618839,0.018952594051834,7,0.0665273086032838,0.0101520035905155,0.00952794830738368,1.00228253069125,21.4160892101822,4.58890705285121,0.917781410570243,0.0692871734401827,0.000106051203455293,0.117717605684267,0.00716575054637698,0.00716548782554363,0.0211015706881881,7,0,0,5.11056307693562,TD3,NaN,mathworks_style_single_run,NaN,17-Jun-2026 14:29:52
107,0,-3.14159265358979,5,0,full_final,5,100001,0.883276884890829,3.14159265358979,22.7542366879617,3.21715625216157,7.31392813614841,1.25145123439341,2.6242,NaN,0.00601497152938313,0.250636684847324,-4.37898115701871e-05,-0.250636684847324,0.010020589075124,0.00666826173140072,0.00666738264007634,0.0189345593232595,7,0.185651625789542,0.0282500696787481,0.0262756221148279,2.76403651438032,58.1949783186059,12.5895849866438,2.51791699732876,0.21468585837447,0.000326787626492717,0.207212865611414,0.00716274060280152,0.00716254065474465,0.0214014649391174,7,0,0,7.25453664553206,TD3,NaN,mathworks_style_single_run,NaN,17-Jun-2026 14:30:40
108,0,-3.14159265358979,5,10,full_final,5,100001,0.631767570863498,3.14159265358979,21.6760014993467,1.25807151158153,2.22104505415344,1.30235336553182,2.05705,NaN,0.00604133956038465,0.250195146212848,0.000287983302420785,-0.250195146212848,0.0100380262803095,0.00666607985400167,0.00666516377222756,0.0189476201029493,7,0.0181701162873238,0.00276397952303693,0.00264044179654834,0.277758505882797,6.09008127234386,1.28325658213962,0.256651316427924,0.013669937506137,2.07992878375829e-05,0.0522875463301482,0.00715752365268573,0.00715725709401664,0.0215945169329643,7,0,0,3.33996766646848,TD3,NaN,mathworks_style_single_run,NaN,17-Jun-2026 14:30:31
109,0,-2.35619449019234,-5,-10,full_final,5,100001,0.588407865883229,3.14158738628267,27.2926294831256,1.30610183726679,2.42790901275402,1.38479224035137,1.5869,NaN,0.00601886548535032,0.25148903191124,-0.000690878379818504,-0.25148903191124,0.0100215831346482,0.00671754017981754,0.0067173025382876,0.0189351631579395,7,0.062994308363622,0.00971206289509093,0.00908546862294173,0.955736344293675,20.1493241939949,4.35476172280398,0.870952344560797,0.0671392139776588,0.000104731918577097,0.115878569181414,0.00718431495638366,0.00718428172119802,0.0214675543829799,7,0,0,3.48270748834958,TD3,NaN,mathworks_style_single_run,NaN,17-Jun-2026 14:30:22
110,0,-2.35619449019234,-5,0,full_final,5,100001,0.888125322682297,3.1414553000268,22.2993400433193,2.48889419856948,5.23877607204804,1.27854636945948,2.37745,NaN,0.00609856554790839,0.249485714796198,0.000849581504461976,-0.249485714796198,0.0100319364534942,0.00674640612116333,0.00674640555599952,0.0189525870625804,6.5,0.143371527516196,0.0220311949914027,0.0205872628416544,2.1656555257493,45.607713925088,9.86614400345142,1.97322880069028,0.156118306856663,0.000241943628206198,0.176702182701099,0.00718283085711067,0.00718258808270526,0.02137959189713,6.5,0,0,5.80686313206416,TD3,NaN,mathworks_style_single_run,NaN,17-Jun-2026 14:30:12
111,0,-2.35619449019234,-5,10,full_final,5,100001,0.633354029383224,3.14136124894895,22.3653000267806,1.90632611570632,3.66012875057901,1.32577110426756,2.24895,NaN,0.00602564330845326,0.249822811064516,0.000589968049431283,-0.249822811064516,0.0100230999780795,0.00670739169674568,0.00670690386719898,0.0189470097974542,7,0.052531107240359,0.0079982845216969,0.00752890783310887,0.791995564298106,16.9246823830443,3.62417119421224,0.724834238842448,0.052241753486799,7.96279047477405e-05,0.102217174180075,0.00720925343244962,0.00720925322581996,0.0210470110177994,6.5,0,0,4.65214321573787,TD3,NaN,mathworks_style_single_run,NaN,17-Jun-2026 14:30:02
112,0,-2.35619449019234,0,-10,full_final,5,100001,1.09496562206441,3.14143171509836,25.09426034678,1.47335859871299,2.82394830325225,1.8272166187455,2.592,NaN,0.00608750103694424,0.251715499305463,-0.00085681929166493,-0.251715499305463,0.0100193729615379,0.00673818836756073,0.00673818157379694,0.0189365859678294,6.5,0.079048878692254,0.0120784648295459,0.0113063826435122,1.1893630657212,25.224134980599,5.42761058106858,1.08552211621372,0.0836447550607513,0.000128326404233153,0.129340446157226,0.00718704922878158,0.00718697166161616,0.0212484262883663,6.5,0,0,4.04166750611573,TD3,NaN,mathworks_style_single_run,NaN,17-Jun-2026 14:29:52
113,0,-2.35619449019234,0,0,full_final,5,100001,0.863693980442124,3.14155447118634,22.0138049848592,2.58138437242012,5.42569936196278,1.28665390348915,2.46905,NaN,0.00601626383153605,0.251239075903217,-0.000486532048845035,-0.251239075903217,0.0100345600182073,0.00670559054976832,0.00670507317591389,0.0189561871287083,7,0.114323676857991,0.0174425342046541,0.0163296990810735,1.71778557065862,36.3133149665728,7.83198876117592,1.56639775223518,0.120719083551151,0.000184692791355769,0.155382806996882,0.00719515835082361,0.00719508298874963,0.0215568076819181,7,0,0,5.99029865156979,TD3,NaN,mathworks_style_single_run,NaN,17-Jun-2026 14:30:35
114,0,-2.35619449019234,0,10,full_final,5,100001,1.31932808031224,3.14122163248384,22.4537836141715,1.16370291733199,2.00014204726479,1.44615189458155,2.07565,NaN,0.00610333102301101,0.249478977447974,0.000850646579647154,-0.249478977447974,0.0100346323191085,0.00673168028306297,0.00673151687517267,0.0189547706782545,7,0.0375341397036238,0.00598839249913345,0.00563483273540873,0.592750320621564,12.8334278329847,2.71980291299056,0.543960582598112,0.0364562657633157,6.10394284247211e-05,0.0853888350585903,0.00716050140681737,0.00716013075460185,0.0215723905712366,7,0,0,3.22693067386039,TD3,NaN,mathworks_style_single_run,NaN,17-Jun-2026 14:30:25
115,0,-2.35619449019234,5,-10,full_final,5,100001,0.798048538024715,3.14154195560931,24.9099834357664,2.32570917959528,4.63605825424267,1.43688413000725,2.6741,NaN,0.00607759461064752,0.249563230334856,0.000791126176279569,-0.249563230334856,0.0100323519697716,0.00674136576837556,0.00674129184296092,0.0189511198890209,6.5,0.12204424698764,0.0188163094134033,0.017629966938405,1.85456588438185,39.0892704931785,8.45297229186521,1.69059445837304,0.126529042615723,0.0001975183787923,0.159077995094057,0.00719784620786349,0.00719772073630146,0.0213430160656571,6.5,0,0,5.55598997721141,TD3,NaN,mathworks_style_single_run,NaN,17-Jun-2026 14:30:16
116,0,-2.35619449019234,5,0,full_final,5,100001,0.791525192400838,3.14135437130257,23.2136219350562,2.64936122744347,5.41266027284977,1.38369593862691,2.7536,NaN,0.00602255685099726,0.251456546205454,-0.000651136119580467,-0.251456546205454,0.0100289786426304,0.00672242321153647,0.00672212820082326,0.0189520484247296,7,0.111129383878659,0.0172350290008818,0.0162151667225504,1.7057374593084,36.0112049157499,7.775814794535,1.555162958907,0.106167142492996,0.000168125834981265,0.145716946504513,0.00719535701776297,0.00719530532940914,0.0212973831221461,7,0,0,6.17340468535505,TD3,NaN,mathworks_style_single_run,NaN,17-Jun-2026 14:30:06
117,0,-2.35619449019234,5,10,full_final,5,100001,0.623656864213735,3.14130700353258,21.8015091422284,1.08750210396118,1.74968785664183,1.2798669403858,1.9472,NaN,0.00608178479881843,0.249489264422075,0.000828568991409401,-0.249489264422075,0.0100392663821476,0.0067350765864805,0.00673506202792344,0.0189480453532855,6.5,0.0231363325421201,0.0038817353418912,0.00371951590627673,0.391270575282233,8.37042437983761,1.79145946887865,0.358291893775729,0.0131410002764497,2.7241435930065e-05,0.0512659736598256,0.00717948758291396,0.00717931228230433,0.0215712320059538,6.5,0,0,2.98845575762064,TD3,NaN,mathworks_style_single_run,NaN,17-Jun-2026 14:29:56
118,0,-1.5707963267949,-5,-10,full_final,5,100001,0.648415559811518,3.14122754802908,20.219101794938,0.658831331401055,1.26520553401157,1.28902330282186,1.05285,NaN,0.00606007322430591,0.249902951973109,0.000526821361827213,-0.249902951973109,0.0100266967898295,0.00668362135321691,0.00668284719913723,0.0189513333424731,7,0.0169456771758854,0.00283182441005322,0.00267054739093815,0.280925432314334,5.94970030357516,1.27987367621679,0.255974735243358,0.0151720371285117,2.81659200750859e-05,0.0550854556639258,0.00716993239217694,0.00716970458648856,0.0210855398327112,7,0,0,2.13529352110025,TD3,NaN,mathworks_style_single_run,NaN,17-Jun-2026 14:29:45
119,0,-1.5707963267949,-5,0,full_final,5,100001,0.477283724839119,3.14157193657109,23.3597891998972,1.61888312122359,3.07065921772049,1.17259087819056,1.9438,NaN,0.00608430024126418,0.249486107157558,0.000831195914407109,-0.249486107157558,0.0100375614275485,0.00673593219627482,0.00673592023530674,0.0189480338722001,6.5,0.0498860547704508,0.0078760468112023,0.00739484385482517,0.777892844689039,16.441879808531,3.54715531678423,0.709431063356846,0.0504146368054831,8.24482098309778e-05,0.100413780733008,0.00718039697894739,0.00718021596498548,0.0215919250622392,6.5,0,0,4.00171644157151,TD3,NaN,mathworks_style_single_run,NaN,17-Jun-2026 14:30:40
120,0,-1.5707963267949,-5,10,full_final,5,100001,0.625456991753112,3.14129266456913,21.6086279649545,0.969792114401095,1.50948697299619,1.28535868450029,1.8934,NaN,0.00600258380014628,0.251114874649141,-0.000407321903470928,-0.251114874649141,0.0100209062895049,0.00668946952692058,0.00668886624377412,0.0189366352186955,7,0.0165344846267438,0.00255059349482137,0.00241078314784941,0.25359980516496,5.42084638535285,1.15677705326876,0.231355410653752,0.0153410138810042,2.40487144151949e-05,0.0553913601223228,0.00717673322409818,0.00717663757337356,0.0214362367987633,7,0,0,2.75419495820567,TD3,NaN,mathworks_style_single_run,NaN,17-Jun-2026 14:30:31
121,0,-1.5707963267949,0,-10,full_final,5,100001,0.693808241988915,3.14156383712878,21.2660014258453,0.667152562300128,1.27736475712815,1.30277035666953,1.07925,NaN,0.00609607673579486,0.249490308286328,0.000840528233843838,-0.249490308286328,0.0100358768308235,0.00674281608870159,0.0067428118560708,0.0189565241184546,6.5,0.0181649641657559,0.00278047498096952,0.00259762950511181,0.273254911780336,5.8684012515042,1.25476929173231,0.250953858346463,0.0207525460104184,3.19162869938588e-05,0.0644244456870501,0.00718569138179778,0.00718547070818981,0.0215307772159576,6.5,0,0,2.16012623935659,TD3,NaN,mathworks_style_single_run,NaN,17-Jun-2026 14:30:22
122,0,-1.5707963267949,0,0,full_final,5,100001,0.475881377965585,3.14158553468605,23.4989761344839,1.61695922352662,3.06615601660971,1.17466519389541,1.942,NaN,0.00609859913108978,0.249485541313468,0.000849688643331204,-0.249485541313468,0.0100320228226942,0.00674640471625708,0.00674640417943719,0.0189521895376425,6.5,0.0480638707474576,0.00732912336427663,0.00687185074410835,0.722877132845061,15.3568303133703,3.30525907711162,0.661051815422323,0.0507848482940611,7.76158970020715e-05,0.100781792298074,0.00718276610340677,0.00718252323724851,0.0213731406256557,6.5,0,0,3.99914881064003,TD3,NaN,mathworks_style_single_run,NaN,17-Jun-2026 14:30:12
123,0,-1.5707963267949,0,10,full_final,5,100001,0.577184387241086,3.14153267176305,21.8437510555666,0.966368488731216,1.54001936510901,1.22192067947188,1.7758,NaN,0.00606967710716016,0.249843198979487,0.000571499565990541,-0.249843198979487,0.0100358584739271,0.00668768561559702,0.00668695476083396,0.0189557905141253,7,0.0218229600581423,0.00365977138472194,0.00347470190592953,0.365517623240451,7.7819657325123,1.67083404656655,0.334166809313311,0.0165722922971727,3.20179441591558e-05,0.0575713336603777,0.00717330513627808,0.00717307332995958,0.0215884521603584,7,0,0,2.71727485113152,TD3,NaN,mathworks_style_single_run,NaN,17-Jun-2026 14:30:02
124,0,-1.5707963267949,5,-10,full_final,5,100001,0.749590196214461,3.14127878514237,21.373519123996,0.677131836947853,1.2926348138386,1.3229295793861,1.11505,NaN,0.00594641624585097,0.25087560820923,-0.000221747869526205,-0.25087560820923,0.0100289086439693,0.00664887006428045,0.00664769560952047,0.0189376920442861,7,0.0256412700748629,0.00405045427978885,0.00380100586211607,0.399842825732132,8.44384665451645,1.82086327990656,0.364172655981311,0.0264680201249742,4.32681872832087e-05,0.0727571578952534,0.00708869071173498,0.00708787747273325,0.0216095512732863,7,0,0,2.18782823432433,TD3,NaN,mathworks_style_single_run,NaN,17-Jun-2026 14:29:52
125,0,-1.5707963267949,5,0,full_final,5,100001,0.475609774258502,3.14142117278854,23.3559041363425,1.61551925934409,3.06428345504591,1.17842528791255,1.93945,NaN,0.00609384779423001,0.249451514962469,0.000860796439378691,-0.249451514962469,0.010020836864554,0.00673645326715006,0.00673644872071325,0.0189361396096039,6.5,0.0488893657314495,0.00759100788351183,0.00712148580611897,0.74913723141291,15.8411068647107,3.41617202384732,0.683234404769464,0.0505049701580531,7.99167593718912e-05,0.100503701581636,0.00716264708720476,0.00716237956937205,0.0214195065200329,7,0,0,3.99799494844824,TD3,NaN,mathworks_style_single_run,NaN,17-Jun-2026 14:30:40
126,0,-1.5707963267949,5,10,full_final,5,100001,0.303126581407629,3.14119878827751,20.8846576423321,0.935367753937561,1.58201143807387,1.14961254267648,1.1557,NaN,0.00609593571040194,0.249489997317384,0.000840394820078312,-0.249489997317384,0.0100357246655849,0.00674264782784481,0.00674264346954503,0.0189561754365872,6.5,0.0266437620462826,0.00440818986257687,0.00422909496096811,0.444875209569296,9.31199742768048,2.02117449832514,0.404234899665028,0.0153577614417925,3.04726147385649e-05,0.0554215868444644,0.00718559223428089,0.007185372002488,0.0215333104133606,6.5,0,0,2.6195978023896,TD3,NaN,mathworks_style_single_run,NaN,17-Jun-2026 14:30:31
127,0,-0.785398163397448,-5,-10,full_final,5,100001,0.618335169933123,3.14120707890608,22.1696596872567,0.754090953716775,1.27128712156835,1.24291521098903,1.66665,NaN,0.00604920127482342,0.249719825000997,0.000667056400172336,-0.249719825000997,0.0100357450081232,0.00672050061376933,0.00672019345204971,0.0189563606714902,7,0.0222339345380218,0.00367945012955508,0.00346646049180072,0.364650676323548,7.63140376038908,1.65299285868511,0.330598571737021,0.0202099662034268,3.66944109338054e-05,0.0635766721422674,0.00722147793524747,0.00722142667772352,0.0215301513671875,6.5,0,0,2.30316990613467,TD3,NaN,mathworks_style_single_run,NaN,17-Jun-2026 14:30:22
128,0,-0.785398163397448,-5,0,full_final,5,100001,0.648055096708219,3.1413992564802,23.2530588684114,0.835960634958297,1.29948009110966,1.44079294565161,1.9823,NaN,0.00594756479642021,0.250867574279192,-0.000216092721457408,-0.250867574279192,0.0100334390545085,0.00664891831966718,0.00664774268599985,0.0189425957723195,7,0.0222322177312323,0.0037464232872869,0.00354288575932667,0.372690152197413,7.89202325470803,1.69576803473572,0.339153606947145,0.0180179806206686,3.47054091273602e-05,0.0600299602209906,0.00708926183231621,0.00708844772306133,0.0215711267665029,7,0,0,2.56359232058134,TD3,NaN,mathworks_style_single_run,NaN,17-Jun-2026 14:30:12
129,0,-0.785398163397448,-5,10,full_final,5,100001,0.969617267271827,3.1413626420594,22.1998919938954,0.74873472559054,1.16186866018825,1.59458793474948,1.24935,NaN,0.00605213700604882,0.249619448667039,0.000733946278597459,-0.249619448667039,0.010021602014193,0.00672425726251201,0.00672408106118048,0.018934994467501,7,0.00560854610063559,0.0008534273161113,0.000844936063045669,0.0888821631080257,1.83172078471769,0.39184984862619,0.078369969725238,0.000729969657850401,1.11835055800224e-06,0.0120827948575683,0.0071961620823967,0.0071960767873777,0.0214658109471202,6.5,0,0,2.46607165931985,TD3,NaN,mathworks_style_single_run,NaN,17-Jun-2026 14:30:02
130,0,-0.785398163397448,0,-10,full_final,5,100001,0.633340089949795,3.14144974609014,22.4592839248625,0.727186122170111,1.20697526431574,1.33406403857922,1.76965,NaN,0.00604152545043079,0.25013722581151,0.000341463625983268,-0.25013722581151,0.0100193260105501,0.00666954367102642,0.00666863784714385,0.0189404673377389,7,0.0163217811923038,0.00254887765142464,0.00239373274063657,0.251806205458153,5.29061012223736,1.14090706847043,0.228181413694087,0.0167876491810084,2.686197674558e-05,0.0579441958801888,0.00715727220238601,0.00715700509782249,0.0211638761684299,7,0,0,2.29424954088336,TD3,NaN,mathworks_style_single_run,NaN,17-Jun-2026 14:29:52
131,0,-0.785398163397448,0,0,full_final,5,100001,0.628284011651264,3.14126621986166,22.2416790276892,0.828251248659636,1.33648264349906,1.30632790814248,1.78415,NaN,0.00607306643736985,0.249596373034529,0.000750424554614262,-0.249596373034529,0.0100198605468089,0.00670262705885553,0.00670217738729413,0.0189372253233646,7,0.0136896600141312,0.00232056497059287,0.00218527638344671,0.229877857561784,4.94165248821555,1.05219220410768,0.210438440821537,0.0121662759246411,2.32735147265506e-05,0.0493280364998265,0.00715178826870886,0.00715149300865884,0.0213179728016257,7,0,0,2.48266223810276,TD3,NaN,mathworks_style_single_run,NaN,17-Jun-2026 14:30:40
132,0,-0.785398163397448,0,10,full_final,5,100001,0.797471800324114,0.785398163397448,10,0.149405501455074,0.044160194901802,1.40155691177416,0.8472,NaN,0.00605675161386021,0.25167146424911,-0.000809010860407453,-0.25167146424911,0.0100323659181347,0.00673444122944171,0.00673425346467033,0.0189566279546471,7,0.00125286919945743,0.000248936222286513,0.0002385470294496,0.0250937046100828,0.518636593100326,0.108516926263858,0.0217033852527716,0.000308249676425114,1.63637268710136e-06,0.00785174727592673,0.00718564207482009,0.00718546460145139,0.0214837919920683,7,0,0,1.17094100033569,TD3,NaN,mathworks_style_single_run,NaN,17-Jun-2026 14:30:31
133,0,-0.785398163397448,5,-10,full_final,5,100001,0.63235490313106,3.14114892694952,22.0050113620116,0.691389145379555,1.13595632495195,1.40198672876883,1.81285,NaN,0.00603279530886101,0.249746640827304,0.000634482034701048,-0.249746640827304,0.0100372446118249,0.00670835007471734,0.00670797938008073,0.0189461068697483,7,0.009365700384418,0.00151090051181229,0.00145315643553702,0.152863267380621,3.12269015510359,0.680737642950518,0.136147528590104,0.00527224289616551,9.74840364478256e-06,0.0324722740077301,0.00720810615069956,0.00720809039237048,0.0216063931584358,6.5,0,0,2.25528632431304,TD3,NaN,mathworks_style_single_run,NaN,17-Jun-2026 14:30:22
134,0,-0.785398163397448,5,0,full_final,5,100001,0.60983806692379,3.14119611919927,21.4312257382669,0.800085443105344,1.32731816958431,1.25719181391697,1.68785,NaN,0.00594981435033804,0.250638746647464,-4.18914982981087e-05,-0.250638746647464,0.0100281594544856,0.00664494077115914,0.00664371287420151,0.0189374400528113,7,0.0123558299430193,0.00188452046115907,0.00177901093299239,0.187141189532402,3.98914382133548,0.852351601347272,0.170470320269454,0.011854927497551,1.81381547158331e-05,0.0486927663982054,0.00709842887740671,0.0070977193001166,0.0216191308572888,7,0,0,2.39926727129142,TD3,NaN,mathworks_style_single_run,NaN,17-Jun-2026 14:30:12
135,0,-0.785398163397448,5,10,full_final,5,100001,0.605365072694847,0.785398163397448,10,0.112698582096418,0.0270684589522404,1.31175976975776,1.0994,NaN,0.00598207165046844,0.250157566157293,0.000323149715628205,-0.250157566157293,0.0100368798940416,0.00666598982651839,0.00666504760612157,0.0189460081220454,7,0.000843480556960036,0.000177593135738192,0.000166030124649804,0.0174653648546803,0.36702657298079,0.0756835021135746,0.0151367004227149,0.000635462239491963,1.95545007762145e-06,0.011273528635631,0.00715412692408933,0.00715385741445069,0.0216172691434622,7,0,0,1.05118303078771,TD3,NaN,mathworks_style_single_run,NaN,17-Jun-2026 14:30:02
136,0,-0.349065850398866,-5,-10,full_final,5,100001,0.665918060056712,3.14147901979891,22.3763124393207,0.757851962752134,1.2071033186479,1.41721764602587,1.9277,NaN,0.00607151070148558,0.249609575982542,0.000734984350314988,-0.249609575982542,0.0100310046062122,0.00669782580041766,0.00669734975914016,0.0189419123734087,7,0.0175027344035987,0.00299892343267199,0.00282791966210542,0.297480043350997,6.25333754027447,1.34682817995596,0.269365635991193,0.0145706031450831,2.88983454653896e-05,0.0539825956120731,0.0071533755369236,0.00715310058255511,0.0215863101184368,7,0,0,2.39763783785869,TD3,NaN,mathworks_style_single_run,NaN,17-Jun-2026 14:29:52
137,0,-0.349065850398866,-5,0,full_final,5,100001,0.493576587295739,0.349949632240955,6.18619654390133,0.0715078868743241,0.00647234733760216,1.26187953246174,0.9197,NaN,0.00610145507300911,0.249488305227914,0.000846643526418219,-0.249488305227914,0.0100352024265691,0.0067322603750997,0.00673207987825376,0.0189546922340282,7,0.00253357863172087,0.000576827938069232,0.000531378305849161,0.0558977836527714,1.16090612909071,0.250559752373715,0.0501119504747429,0.00251664302908209,7.65770163716702e-06,0.0224349862004954,0.00715950906749901,0.00715911980755934,0.0214465605095029,7,0,0,0.946465455706038,TD3,NaN,mathworks_style_single_run,NaN,17-Jun-2026 14:30:41
138,0,-0.349065850398866,-5,10,full_final,5,100001,0.959640139473811,3.14148219750494,23.2754758192438,0.667191307023865,1.06285636954377,1.44401949864734,1.1263,NaN,0.00594840624795338,0.250961174583646,-0.000274175339811252,-0.250961174583646,0.010021446544689,0.00665720856446612,0.0066560320225745,0.0189455179038145,7,0.0253633044227765,0.00396514421363542,0.0037255126134217,0.391901392601888,8.0648917039081,1.75793575234635,0.351587150469269,0.0246023329145969,3.95696960817287e-05,0.0701460375425397,0.00709494041275153,0.00709411158746466,0.0209731291979551,7,0,0,2.22830050560672,TD3,NaN,mathworks_style_single_run,NaN,17-Jun-2026 14:30:32
139,0,-0.349065850398866,0,-10,full_final,5,100001,0.650083646068352,3.14156288942844,22.5369608126287,0.722856965603057,1.16108992870944,1.41089162850385,1.8823,NaN,0.0060272050501499,0.251511180566232,-0.000709983808960651,-0.251511180566232,0.0100386980476854,0.00672040483539459,0.00672019377863777,0.0189508305687713,7,0.0117408993723735,0.00187602861258767,0.00178022952028859,0.18726937754515,3.91330775399862,0.843084875038667,0.168616975007733,0.00956144148626416,1.63483173212744e-05,0.0437297186962463,0.00718921227947166,0.00718918862748295,0.0215786350890994,7,0,0,2.32303150380012,TD3,NaN,mathworks_style_single_run,NaN,17-Jun-2026 14:30:23
140,0,-0.349065850398866,0,0,full_final,5,100001,1.15493850375637,0.349818649702007,15.20301035941,0.114524313457924,0.00905292058074274,1.96276656070901,1.9,NaN,0.00601583567779454,0.250833791573565,-0.000180046374836666,-0.250833791573565,0.0100260902374374,0.00668229258440424,0.00668148820685749,0.0189525371510824,7,0.00599534705179266,0.00120032104058432,0.0011113302748858,0.116905222867672,2.5782475842717,0.532147323925334,0.106429464785067,0.00588680063391053,1.47237596810983e-05,0.0343126817194766,0.00718353795357318,0.00718339925258407,0.0211780443787575,7,0,0,1.38157888510431,TD3,NaN,mathworks_style_single_run,NaN,17-Jun-2026 14:30:13
141,0,-0.349065850398866,0,10,full_final,5,100001,0.947777142563378,3.1415639957502,21.6008948574417,0.72998478770206,1.16661103730992,1.58507089327299,1.2275,NaN,0.00609769514479553,0.249491660171836,0.00084295059090144,-0.249491660171836,0.010031941997086,0.00673040598894757,0.006730213630352,0.0189530782488436,7,0.00999913745615679,0.00176406515207293,0.00166594652295515,0.175247497483776,3.70434712214465,0.790793356745055,0.158158671349011,0.00763592828835439,1.64786687605715e-05,0.0390792228386246,0.00715677588678075,0.00715637841356562,0.0212929723784328,7,0,0,2.42554882240309,TD3,NaN,mathworks_style_single_run,NaN,17-Jun-2026 14:30:03
142,0,-0.349065850398866,5,-10,full_final,5,100001,0.665507106926737,3.14124153190544,23.9008282344644,0.66009175504211,1.06552966263084,1.3729836878215,1.7389,NaN,0.00601885638949188,0.251489304139511,-0.000691100256468868,-0.251489304139511,0.0100217197920218,0.0067175039743623,0.00671726686717036,0.0189347438690319,7,0.0132323138400246,0.00206083538918384,0.00196062918511569,0.206246331110131,4.21166016587567,0.918549299276127,0.183709859855226,0.0107290551926512,1.72835045312727e-05,0.0463228997206592,0.00718433294163428,0.00718429989576771,0.0214717704802752,7,0,0,2.1784300491827,TD3,NaN,mathworks_style_single_run,NaN,17-Jun-2026 14:29:52
143,0,-0.349065850398866,5,0,full_final,5,100001,1.45022477801051,3.14141965669503,24.3284406142908,0.616021894955296,0.964158777834586,1.5940488233175,1.8373,NaN,0.00594845968334617,0.250861128197724,-0.000211211146131862,-0.250861128197724,0.0100367837892146,0.00664914854061168,0.00664797560612603,0.0189466923211938,7,0.0153297007489043,0.00255566329604722,0.00244445351978768,0.257141724632499,5.83445124574399,1.17753851515231,0.235507703030462,0.00918014154125541,1.84453233872139e-05,0.0428489008989855,0.00709009330662813,0.00708928118599914,0.0216028755530715,7,0,0,2.19938377368844,TD3,NaN,mathworks_style_single_run,NaN,17-Jun-2026 14:30:32
144,0,-0.349065850398866,5,10,full_final,5,100001,0.662312657150331,0.349065850398866,12.2203707164853,0.0975665016062837,0.0132636278151454,1.35968420259362,0.77215,NaN,0.00607975137009363,0.249589354871732,0.000765013623821983,-0.249589354871732,0.0100252313786164,0.00671019744684861,0.00670978357087653,0.0189494017803193,7,0.00889068514192142,0.00166247133333975,0.00153994469944101,0.161992867791295,3.36054684777821,0.728039842388471,0.145607968477694,0.00918974017336945,2.01827474860492e-05,0.0428712961627461,0.00715724784773325,0.00715693728472969,0.0209941510111094,7,0,0,1.04776925729161,TD3,NaN,mathworks_style_single_run,NaN,17-Jun-2026 14:30:24
145,0,0,-5,-10,full_final,0.355,7101,1.57225648358425,0.197771273091651,21.8703301005009,0.0383096194862294,0.00520457853073049,0.384560924506089,NaN,NaN,0.107901513057905,1.08322836478856,0.101863354116919,1.08183632788005,0.197771273091651,0.12107350824883,0.0654419703839256,0.278214876827246,2.8169014084507,0.009701974678857,0.0018324531260209,0.00171791305765707,0.180714062606924,3.82019416305188,0.813392520039554,2.29124653532269,0.00682356381995297,1.76086648027353e-05,0.138640926623702,0.183306452848099,0.183306361313531,1.4316640496254,26.7605633802817,1,1,1000,TD3,NaN,mathworks_style_single_run,NaN,17-Jun-2026 14:30:14
146,0,0,-5,0,full_final,5,100001,0.964436086949757,0.209789356720197,9.8943391207979,0.0934784587256771,0.00979175880046608,1.42961063782524,0.73545,NaN,0.00605550487117428,0.251634465684398,-0.000800711611974313,-0.251634465684398,0.0100388739802915,0.00673319943652089,0.00673312931759702,0.0189542803155653,7,0.00166306273075517,0.000308481702308916,0.000282230455890134,0.0296889368457735,0.66368198582523,0.131799351751306,0.0263598703502613,0.00213746620378425,4.36211250931427e-06,0.0206759096718101,0.00719611158144229,0.00719611152360574,0.0215557031333447,6.5,0,0,1.07330867335489,TD3,NaN,mathworks_style_single_run,NaN,17-Jun-2026 14:30:12
147,0,0,-5,10,full_final,5,100001,0.915135633921916,3.14113716473262,23.3031045246166,0.659161856629922,1.06559476016383,1.40187311197379,1.0765,NaN,0.00607284082788947,0.249717775259822,0.000669045909754377,-0.249717775259822,0.01002974947262,0.00669826112804115,0.00669766432103868,0.0189521509584756,7,0.0100387911988931,0.00153314153128707,0.00148351442818882,0.15605674458265,3.10663512634237,0.687303575512701,0.13746071510254,0.00530875056235185,8.20084687874416e-06,0.0325845072460881,0.0071673504129683,0.0071670878807075,0.0211861496791244,7,0,0,2.19154505966668,TD3,NaN,mathworks_style_single_run,NaN,17-Jun-2026 14:30:02
148,0,0,0,-10,full_final,5,100001,0.632700091121452,3.14127794653022,22.3219457046921,0.693086918597657,1.10155633922951,1.42729194435433,1.88715,NaN,0.00601515485441641,0.251358705884579,-0.000593898230421318,-0.251358705884579,0.0100382213119732,0.00670835093778059,0.00670797211245548,0.0189522641265558,7,0.0108316642077994,0.0018446232093695,0.00175819939777031,0.184951941908778,3.89325564836272,0.832918452995183,0.166583690599037,0.00675229309645361,1.42135555797703e-05,0.0367485866298382,0.00718672837861855,0.00718667770340714,0.0215639285743237,7,0,0,2.2711650622701,TD3,NaN,mathworks_style_single_run,NaN,17-Jun-2026 14:29:52
149,0,0,0,0,full_final,5,100001,0.487647685365033,0.0763780471423874,2.90710673887799,0.057407330802607,0.00198480484906429,1.26578618156788,0.91155,NaN,0.00607603669386917,0.249626681765773,0.000722082405404487,-0.249626681765773,0.0100393389835611,0.00669812459000889,0.00669761029418173,0.0189512067125861,7,0.000461328851615574,8.59531887358085e-05,8.14016020289763e-05,0.00856295616346891,0.197331626935964,0.0391937691182814,0.00783875382365628,0.000230846309882794,6.68162108782697e-07,0.00679479668397508,0.00715902057518502,0.00715875257666185,0.0215395539999008,7,0,0,0.919456405975535,TD3,NaN,mathworks_style_single_run,NaN,17-Jun-2026 14:30:41
150,0,0,0,10,full_final,5,100001,0.816148656612799,3.14115748372259,21.974749470575,0.694104531698614,1.14053006661216,1.4017959802373,1.20595,NaN,0.0060908280983389,0.249562314133731,0.000789108544908397,-0.249562314133731,0.0100350533090922,0.00671783150027194,0.00671746526001641,0.018954653698346,7,0.0257156558797772,0.00413233530589954,0.00385760879004343,0.405797111378664,8.42979455871263,1.8329895604441,0.366597912088819,0.0272591999108493,4.58819357005941e-05,0.0738365761812522,0.00716236002614529,0.00716202227118627,0.0215160753577948,7,0,0,2.26421056289821,TD3,NaN,mathworks_style_single_run,NaN,17-Jun-2026 14:30:32
151,0,0,5,-10,full_final,5,100001,0.852641796126547,3.14154160900878,24.9249999977149,0.638317173030258,1.03209670876903,1.36803583287992,1.7171,NaN,0.00606363810769908,0.251666909217652,-0.000823019768859897,-0.251666909217652,0.0100388459046317,0.00672954288074606,0.006729415869062,0.0189536489548381,7,0.0140791231780456,0.00214198567713293,0.00203435296632856,0.214001626964214,4.38049267631084,0.952536787122232,0.190507357424446,0.0122589136798368,1.86568205384988e-05,0.0495154797610541,0.00717819623100448,0.00717804148658724,0.0215411633253098,7,0,0,2.13354858084223,TD3,NaN,mathworks_style_single_run,NaN,17-Jun-2026 14:30:23
152,0,0,5,0,full_final,5,100001,0.894525088070815,0.152461098213514,12.2544060486469,0.115740431399408,0.00864272600337472,1.6625146139798,1.64055,NaN,0.00608389284780369,0.249581329392149,0.00077350285832356,-0.249581329392149,0.0100299289860422,0.00671395561436581,0.00671356160513515,0.0189515006136776,7,0.0016366574055084,0.000384801184230427,0.000345116167155078,0.0363041332970495,0.819943351440063,0.161212573418253,0.0322425146836505,0.00267795035065796,6.79161795592041e-06,0.0231428189754747,0.0071611646915025,0.00716084759104581,0.0211972491815686,7,0,0,1.23486797832678,TD3,NaN,mathworks_style_single_run,NaN,17-Jun-2026 14:30:12
153,0,0,5,10,full_final,5,100001,0.764957695477457,3.14147160101962,20.9598954041575,0.723151077799247,1.1994252346442,1.47876729866304,1.2591,NaN,0.00595145013952291,0.250845733888414,-0.000198060813833501,-0.250845733888414,0.0100374550603879,0.00665038060499284,0.00664920379963658,0.0189510515289815,7,0.0121628839259792,0.0021928526786517,0.00205708471404052,0.216392869327076,4.56401658815904,0.978362708873893,0.195672541774779,0.010178451281016,2.23410251759137e-05,0.0451186242720587,0.00709257955341835,0.00709176704895132,0.0215806905180216,7,0,0,2.35612563662192,TD3,NaN,mathworks_style_single_run,NaN,17-Jun-2026 14:30:03
154,0,0.349065850398866,-5,-10,full_final,5,100001,0.836041277815628,0.349065850398866,10,0.137641398466978,0.0145772195095291,1.61035935029676,1.64515,NaN,0.00609079965210422,0.249497857712411,0.000834548989173321,-0.249497857712411,0.0100250853725599,0.00672480367019018,0.00672458500625181,0.0189485125138127,7,0.00281603088249895,0.00066715692246629,0.000618207294051613,0.065031668013319,1.37701405306263,0.289454524397699,0.0578909048795398,0.00216007118814395,8.06278487826786e-06,0.0207849521921218,0.00714881066764095,0.00714840724717872,0.0209840945899487,7,0,0,1.25268171983544,TD3,NaN,mathworks_style_single_run,NaN,17-Jun-2026 14:29:52
155,0,0.349065850398866,-5,0,full_final,5,100001,0.435330197977938,3.14145284425803,19.3378257565329,0.770525073224529,1.31335863669702,1.29041411105302,1.2383,NaN,0.0059782928004374,0.250337355279374,0.00020329971683952,-0.250337355279374,0.0100354804697875,0.00666398444585569,0.0066628664791718,0.0189565031810748,7,0.00499865946824809,0.000762853836712017,0.000751723014221809,0.0790767141850686,1.64868671485731,0.359006443233808,0.0718012886467615,0.00106608359025441,1.67635492200216e-06,0.0146019422698106,0.00715616315809009,0.00715579034319828,0.0215369323268533,7,0,0,2.3561822409937,TD3,NaN,mathworks_style_single_run,NaN,17-Jun-2026 14:30:40
156,0,0.349065850398866,-5,10,full_final,5,100001,0.852281093645011,3.14108190268123,22.6366554215982,0.666512531180994,1.0953655727168,1.38350583696067,1.15905,NaN,0.00601535797370788,0.251359552276597,-0.000594395369741868,-0.251359552276597,0.0100384043397168,0.00670848037700873,0.00670810205725105,0.0189526347640001,7,0.00693346626498344,0.00107369190509801,0.00105812222204577,0.111308057545906,2.16725227146168,0.48528121508766,0.0970562430175319,0.00132549396366926,2.39908467687872e-06,0.016281854708044,0.00718684213988648,0.00718679150620437,0.0215568216517568,7,0,0,2.19551552363364,TD3,NaN,mathworks_style_single_run,NaN,17-Jun-2026 14:30:31
157,0,0.349065850398866,0,-10,full_final,0.36,7201,1.57340183969697,0.349065850398866,14.0241171734062,0.0602615963036208,0.0128966994702719,0.37569275868276,NaN,NaN,0.16739690654963,1.04355532211846,0.16739690654963,1.04355495994897,0.349065850398866,0.189282190096378,0.0883517015415984,0.311735717857454,1.38888888888889,0.00212262692301361,0.000443705443328974,0.00042113986775806,0.0443013667595593,0.928611665405318,0.193067619470299,0.536298942973051,0.000650598190110156,3.40676564005212e-06,0.0425113772389278,0.089402664538709,0.0890138081850572,0.701400578022003,19.4444444444444,1,1,1000,TD3,NaN,mathworks_style_single_run,NaN,17-Jun-2026 14:30:22
158,0,0.349065850398866,0,0,full_final,5,100001,1.15487742164979,0.34982581610738,10.2412783196775,0.107319389835107,0.0137885871089383,1.4462244762216,0.74955,NaN,0.00600924361106972,0.249927862445344,0.000496810120888863,-0.249927862445344,0.0100385018835176,0.00668820468291162,0.00668755985953103,0.0189478818095061,7,0.00264158549191828,0.000631967881793531,0.000583300320847403,0.0613596655723763,1.41566536601244,0.282953348709503,0.0565906697419007,0.00235716555506153,8.19187832349564e-06,0.0217125104723592,0.00720071683791091,0.00720069954476715,0.0215901518240571,6.5,0,0,1.10842244600759,TD3,NaN,mathworks_style_single_run,NaN,17-Jun-2026 14:30:54
159,0,0.349065850398866,0,10,full_final,5,100001,0.678724264660352,3.14148366897544,21.1824254646285,0.704141152252562,1.18768667131816,1.35198704103442,1.09165,NaN,0.00602551546401668,0.249818429161325,0.000592335626314923,-0.249818429161325,0.0100216272443896,0.00670722113328183,0.00670673825101783,0.018945826724325,7,0.00942667265188247,0.00153742677024513,0.00147546755803884,0.155210262515591,3.18054836445449,0.696676495352163,0.139335299070433,0.00549575291347509,1.04337509906808e-05,0.0331534399828286,0.00720853144981151,0.00720853107043351,0.0210847500711679,6.5,0,0,2.25559139257177,TD3,NaN,mathworks_style_single_run,NaN,17-Jun-2026 14:30:45
160,0,0.349065850398866,5,-10,full_final,5,100001,0.852807066751276,3.14150631382532,25.2400926450742,0.64288449589139,1.02976681201838,1.37533808548528,1.75485,NaN,0.00601259669723064,0.25084934268789,-0.000194023638783017,-0.25084934268789,0.0100230826418566,0.00668080726135386,0.00668000927853658,0.0189468719179544,7,0.0130022898609775,0.00198113336762865,0.00188561621053585,0.198355419911726,4.08166442567147,0.882804315015219,0.176560863003044,0.010776941616838,1.64627838267143e-05,0.0464261599033088,0.00718021993062625,0.00718008603121816,0.0210063075646758,7,0,0,2.14507163746206,TD3,NaN,mathworks_style_single_run,NaN,17-Jun-2026 14:30:36
161,0,0.349065850398866,5,0,full_final,5,100001,0.50466914513904,0.349964001495918,5.14768581271362,0.0973765505320097,0.010064016484875,1.24259259703645,1.092,NaN,0.00600975120725589,0.249925744412175,0.000498296931596086,-0.249925744412175,0.0100379547082743,0.00668850120433649,0.00668786022143455,0.0189476388809782,7,0.00137269204238713,0.000353468491748,0.00032369867096247,0.0340511422445726,0.709762074958767,0.151683404160949,0.0303366808321899,0.00143685829626317,5.08206855160554e-06,0.0169520399731901,0.00720113325819787,0.00720111660921594,0.0216128127649426,6.5,0,0,0.986610252965458,TD3,NaN,mathworks_style_single_run,NaN,17-Jun-2026 14:30:41
162,0,0.349065850398866,5,10,full_final,5,100001,0.495550565561105,3.14128387169691,19.7897943689154,0.74396238717025,1.27458529270618,1.29828318924625,1.1505,NaN,0.00603955740549677,0.251610380329348,-0.000780719548445561,-0.251610380329348,0.0100201361958019,0.00672937332326208,0.00672927267663082,0.0189364652661537,7,0.0151549920405249,0.00261220928559034,0.00247498448465481,0.260353397465331,5.39837615353022,1.17679152419059,0.235358304838119,0.011112764005682,2.30457438446141e-05,0.0471439582675914,0.00719108089632377,0.00719107887184619,0.0213649924844503,6.5,0,0,2.3093169729016,TD3,NaN,mathworks_style_single_run,NaN,17-Jun-2026 14:30:32
163,0,0.785398163397448,-5,-10,full_final,5,100001,0.34540657601897,0.785398163397448,10,0.0897078119335768,0.0224911123811189,1.23855156306345,0.4849,NaN,0.00610000954875464,0.249489893639467,0.000845287719888108,-0.249489893639467,0.0100324737201958,0.00673165367234285,0.00673146935427647,0.0189531284560713,7,0.000420037103177184,7.42107779427755e-05,6.94725294747874e-05,0.00730808988557921,0.136818356320693,0.0293931619894119,0.00587863239788237,0.000372666300086915,7.73770625874966e-07,0.00863326473689895,0.0071586375018587,0.00715824523305062,0.021407138556242,7,0,0,0.970898178857905,TD3,NaN,mathworks_style_single_run,NaN,17-Jun-2026 14:30:23
164,0,0.785398163397448,-5,0,full_final,5,100001,0.629408259112336,3.14125051789236,16.6773830729888,0.82461669482431,1.44333847646239,1.29926503999997,1.5895,NaN,0.00603931690756116,0.251609848941445,-0.000779793056978478,-0.251609848941445,0.0100201046076147,0.00672949341879669,0.00672939096393555,0.0189368973623409,7,0.00720484724702159,0.00121682693664311,0.00117974228857636,0.124101752907442,2.68155003887651,0.567861315673806,0.113572263134761,0.00243125988768764,6.11787403888498e-06,0.0220511219110849,0.00719125163682506,0.00719124948521426,0.02133434638381,6.5,0,0,2.47011387105553,TD3,NaN,mathworks_style_single_run,NaN,17-Jun-2026 14:31:03
165,0,0.785398163397448,-5,10,full_final,5,100001,0.685305147042881,3.14124744795813,21.3966372852139,0.67264655171125,1.15800739875487,1.35031478907135,1.054,NaN,0.00606855862225275,0.249812238461737,0.000586582251967639,-0.249812238461737,0.0100375198640348,0.0066855454898478,0.00668483357499122,0.0189539953972577,7,0.00677938476597581,0.00111712576214866,0.00109198703534341,0.114870431068341,2.27295005311903,0.506572174889114,0.101314434977823,0.00159050327557271,4.14027637330105e-06,0.0178353765061056,0.00716831633559556,0.00716808409501589,0.0215477757155895,7,0,0,2.1922775187545,TD3,NaN,mathworks_style_single_run,NaN,17-Jun-2026 14:30:53
166,0,0.785398163397448,0,-10,full_final,5,100001,1.16218341659414,0.785398163397448,10,0.176678371846909,0.035044277457179,2.00200682666508,2.0571,NaN,0.00603964100840028,0.2501826973524,0.000297620650034997,-0.2501826973524,0.0100365323900355,0.00666519448639777,0.00666428738923638,0.0189433628960538,7,0.00164631698523868,0.000253854530636201,0.000235385334079227,0.0247611133811152,0.557195042943694,0.108825801469339,0.0217651602938678,0.00194031846602102,3.02142184189711e-06,0.0196993323035123,0.00715514659061077,0.00715487673449018,0.0216135876253247,7,0,0,1.52555320952455,TD3,NaN,mathworks_style_single_run,NaN,17-Jun-2026 14:30:44
167,0,0.785398163397448,0,0,full_final,5,100001,0.630742852891995,3.14143067140719,16.5299513495378,0.8599043697806,1.47797566726011,1.30185760955851,1.6391,NaN,0.00607141363586957,0.249602956268795,0.000741626082334858,-0.249602956268795,0.0100230984627012,0.00669942477642471,0.00669896338446221,0.0189344046288813,7,0.00607537813899409,0.000980275373839484,0.000959232003876364,0.100905404747021,2.24911396052855,0.468452006150737,0.0936904012301473,0.00142114955832492,3.28706141257512e-06,0.0168591195400289,0.00715199703527535,0.00715171458594237,0.0215369667857885,7,0,0,2.54251934752757,TD3,NaN,mathworks_style_single_run,NaN,17-Jun-2026 14:30:54
168,0,0.785398163397448,0,10,full_final,5,100001,0.469049805754638,3.1413332292685,19.8608188359112,0.706459972250542,1.2504822477175,1.29181215849526,1.08385,NaN,0.00604593259224223,0.249721224984274,0.00065964610076977,-0.249721224984274,0.0100378734555482,0.00671648695777555,0.00671616622300623,0.0189543899431355,7,0.00537971391862357,0.000849466499791979,0.000835524383038179,0.0878921112992162,1.80350833032131,0.396021409638256,0.0792042819276513,0.00105055638838252,2.22385016914935e-06,0.0144952156823037,0.00721770228904728,0.00721766253700691,0.0215379279106855,6.5,0,0,2.23012265094844,TD3,NaN,mathworks_style_single_run,NaN,17-Jun-2026 14:30:45
169,0,0.785398163397448,5,-10,full_final,0.24,4801,1.57580365824593,0.785398163397448,13.1515633852637,0.0535747727417346,0.0196989378359229,0.186484304983728,NaN,NaN,0.223266210436093,0.777020204437341,0.222151570852335,0.777020204437341,0.785398163397448,0.286576556710609,0.181038124227878,0.811242937983013,2.08333333333333,0.00222289709491781,0.000465346614774139,0.00043762905685723,0.046035929715422,0.977403794094897,0.199120477596279,0.829668656651161,0.00137433615908617,4.63454199026886e-06,0.0756729850267521,0.111749596060084,0.110413996386817,0.777765333652496,14.5833333333333,1,1,1000,TD3,NaN,mathworks_style_single_run,NaN,17-Jun-2026 14:30:36
170,0,0.785398163397448,5,0,full_final,5,100001,0.536495526171878,3.14125361787194,17.0581174104287,0.864089526122508,1.46082572904239,1.23504915676006,1.5657,NaN,0.0060275521090199,0.251576212135142,-0.000752343213303648,-0.251576212135142,0.0100378687707587,0.00671605889187874,0.00671574266528901,0.0189535635860629,7,0.0107932987184664,0.0019496384195705,0.00188141353980691,0.197913324371535,4.17598081554479,0.901518555716923,0.180303711143385,0.00341529637479119,1.13543838176882e-05,0.0261354027127618,0.0071664973637591,0.00716625107172172,0.0215750858187675,7,0,0,2.5169736876507,TD3,NaN,mathworks_style_single_run,NaN,17-Jun-2026 14:30:53
171,0,0.785398163397448,5,10,full_final,5,100001,0.418541929452205,3.14151878999833,18.2149771093225,0.738183725683672,1.33710376576192,1.21756000225125,1.3648,NaN,0.00607890248606246,0.249493271879575,0.00082582210067692,-0.249493271879575,0.0100359530572473,0.006734255737299,0.00673423777248541,0.0189453958831658,6.5,0.00898817475606792,0.00163013232373741,0.00157458504342969,0.165636822451513,3.43981374745356,0.749567701779557,0.149913540355911,0.00272438841945167,9.40440673505116e-06,0.0233426151896126,0.00717894702470643,0.00717877900842534,0.0216200547292829,6.5,0,0,2.25733516484674,TD3,NaN,mathworks_style_single_run,NaN,17-Jun-2026 14:30:44
172,0,1.5707963267949,-5,-10,full_final,0.835,16701,1.5793480077136,3.14154301098459,15.6706627202615,0.970744384517593,1.7658606927227,0.32835290234156,NaN,NaN,0.956305041296716,0.600106989876548,-0.638238555520957,0.425920561807677,3.14154301098459,1.45421818966021,1.43929663979112,6.28248242147031,0.598802395209581,0.0228982577205333,0.00385720900454667,0.00378279768550969,0.397927435688068,8.46487745054188,1.81852117841693,2.17786967475082,0.0025395725386458,1.13410231459343e-05,0.0551489278037131,0.173777862602446,0.173440989946003,1.40896266698837,11.377245508982,1,1,1000,TD3,NaN,mathworks_style_single_run,NaN,17-Jun-2026 14:30:35
173,0,1.5707963267949,-5,0,full_final,5,100001,0.724025039494581,3.1414987493313,23.7665392474844,1.63753761959874,3.06152482176813,1.45320985597418,2.46795,NaN,0.00600860603012536,0.251300031601966,-0.00053743011382954,-0.251300031601966,0.0100196932910666,0.00670604532255649,0.00670558900508008,0.0189446287425028,7,0.0275567296422594,0.00448761753575542,0.00427677263261267,0.44989061224065,9.70825155336584,2.06015210427037,0.412030420854075,0.0196071723719736,3.57481992301564e-05,0.0626213579730967,0.00718727059958295,0.00718720685090399,0.0210118349641562,7,0,0,4.17433914874286,TD3,NaN,mathworks_style_single_run,NaN,17-Jun-2026 14:31:01
174,0,1.5707963267949,-5,10,full_final,0.57,11401,1.57643657469382,3.14138900292735,15.6600047905042,0.688382042140037,1.43520674395798,0.274243413202555,NaN,NaN,1.09952956510194,0.537092496879674,-0.508597538646477,0.358704184318922,3.14138900292735,1.58675584012402,1.57373494161933,6.28251630319419,1.75438596491228,0.00810760252524483,0.00135754369261579,0.00133125204838834,0.140039663209818,3.14652325852953,0.650890795762234,1.14191367677585,0.000961096994895849,3.98671996167813e-06,0.0410625751599269,0.124717699755008,0.123546739536374,0.794846042990685,5.26315789473684,1,1,1000,TD3,NaN,mathworks_style_single_run,NaN,17-Jun-2026 14:30:51
175,0,1.5707963267949,0,-10,full_final,5,100001,1.00746907220185,3.14157611048826,15.9036991783021,1.0409285613476,1.71139962124084,1.6827552696955,2.30965,NaN,0.00606827076847925,0.251686777403835,-0.000823665109456416,-0.251686777403835,0.0100317895134176,0.0067439775077478,0.00674394225608215,0.0189539270146541,6.5,0.0151710795217064,0.00266000980631057,0.00258778964610289,0.272219818130481,5.91119059316413,1.24920424205453,0.249840848410906,0.00319124684214566,1.19039639787477e-05,0.0252635976937002,0.0072044169749833,0.00720441593920388,0.0214062910526991,6.5,0,0,3.09533702412845,TD3,NaN,mathworks_style_single_run,NaN,17-Jun-2026 14:30:49
176,0,1.5707963267949,0,0,full_final,5,100001,0.695188041820856,3.14136805682526,24.5601853763006,1.65217110806116,3.09116184648626,1.4253584234978,2.4425,NaN,0.00607033542271842,0.251695694150515,-0.000839200484095736,-0.251695694150515,0.0100180396970164,0.00673363085385904,0.0067335466881464,0.0189392090538498,6.5,0.0244120547815702,0.00377856331610968,0.00358466033394091,0.37708458476696,8.24915727161898,1.73782850310776,0.347565700621552,0.0207514828434871,3.28727791381346e-05,0.0644227954120079,0.00717810905694498,0.00717796551445736,0.0211712662130594,7,0,0,4.19095194912842,TD3,NaN,mathworks_style_single_run,NaN,17-Jun-2026 14:30:54
177,0,1.5707963267949,0,10,full_final,0.575,11501,1.57676729114479,3.14158069083127,15.657826965444,0.674500386216578,1.39678241709686,0.281945454907652,NaN,NaN,1.04483365546115,0.559039445625866,-0.545350739283593,0.383110497345565,3.14158069083127,1.55855157637056,1.54438850156123,6.28246451476519,1.73913043478261,0.00602027099497017,0.000917395422099915,0.000908802181524142,0.0956004924680228,2.28017664452307,0.45659101245851,0.794071326014799,0.00052057131900345,8.88192087678308e-07,0.030088892042643,0.102232569185748,0.102183837489086,0.41665443778038,10.4347826086957,1,1,1000,TD3,NaN,mathworks_style_single_run,NaN,17-Jun-2026 14:30:45
178,0,1.5707963267949,5,-10,full_final,5,100001,0.668459803423021,3.14122958305928,16.250769615079,1.02384942533346,1.67400283532971,1.37800414502886,1.93835,NaN,0.00609537807793597,0.249446158973326,0.00086297473726,-0.249446158973326,0.0100220185215736,0.00672857046838403,0.00672847816365591,0.0189340218216154,7,0.00804245754020015,0.00126465633881605,0.00124624633643061,0.131097576481852,2.89085770036034,0.602255234708943,0.120451046941789,0.00116726335479188,2.60368923666571e-06,0.0152791580579028,0.00715054102438483,0.00715021586630153,0.0214901398867369,7,0,0,2.90895992831707,TD3,NaN,mathworks_style_single_run,NaN,17-Jun-2026 14:30:42
179,0,1.5707963267949,5,0,full_final,5,100001,0.653758438369008,3.14147279860433,23.02688938536,1.66178010872471,3.11227781042537,1.39459840380628,2.4075,NaN,0.00595772004808083,0.250448893859434,0.000108371205525874,-0.250448893859434,0.010018058515425,0.0066511877495862,0.00664998383429209,0.0189369344389099,7,0.020725705528339,0.0032598625529951,0.00312264312223848,0.32848316867729,7.15265574417309,1.51016564115067,0.302033128230133,0.0136174191577729,2.28656708641093e-05,0.0521870082640745,0.00713699025105379,0.00713655099844773,0.0213362975046039,7,0,0,4.19177811911931,TD3,NaN,mathworks_style_single_run,NaN,17-Jun-2026 14:31:01
180,0,1.5707963267949,5,10,full_final,0.605,12101,1.57101162594259,3.14151555658836,15.7417556359635,0.66618637380417,1.37081860540948,0.320520855745283,NaN,NaN,0.857534582005259,0.63629878344839,-0.721186084019717,0.469593396610985,3.14151555658836,1.50523442192915,1.49139576198169,6.28243060952303,1.65289256198347,0.0094822172685389,0.00169997642669004,0.00165007207465319,0.173577601541427,3.82410417920287,0.800813321701607,1.32365838297786,0.00199513196839213,8.22133147230623e-06,0.057425941792284,0.135445795145738,0.1352233040866,1.03434507548809,12.396694214876,1,1,1000,TD3,NaN,mathworks_style_single_run,NaN,17-Jun-2026 14:30:52
181,0,2.35619449019234,-5,-10,full_final,5,100001,0.632415372077336,3.14156774693645,16.6775584004122,1.12816727757064,1.88315730862649,1.30237635075567,1.8584,NaN,0.00602673126487652,0.25160121860035,-0.000772691984564483,-0.25160121860035,0.0100226312843678,0.00671651719667932,0.0067162431531325,0.0189339010037477,7,0.0257078435075926,0.00428995645226367,0.00413441904132349,0.434915875484391,9.27503053317961,1.99117617564623,0.398235235129247,0.0123565709876821,2.63903280619959e-05,0.0497123143450034,0.00716355209138636,0.00716333052724768,0.0215101186186075,7,0,0,3.07981961124138,TD3,NaN,mathworks_style_single_run,NaN,17-Jun-2026 14:30:49
182,0,2.35619449019234,-5,0,full_final,5,100001,0.787395332095361,3.14145230521159,20.8568626591,1.95248929135249,4.00379495611231,1.29817522482559,1.50995,NaN,0.00607779088289101,0.249495994750628,0.000824144407227888,-0.249495994750628,0.0100324230475661,0.00673406074719938,0.00673404052640471,0.0189428806006804,6.5,0.0498418313023468,0.00794936600195551,0.00764817119105926,0.804541348171914,17.1612773031841,3.68354873560347,0.736709747120693,0.0279306867180445,4.98510381106894e-05,0.0747404665733959,0.00717865849621362,0.00717849406199029,0.0215854309499264,6.5,0,0,4.72934201380434,TD3,NaN,mathworks_style_single_run,NaN,17-Jun-2026 14:30:53
183,0,2.35619449019234,-5,10,full_final,5,100001,0.600003543860725,3.14137834726573,20.7636653213855,1.5834960768054,3.31103925771601,1.22946284876694,1.313,NaN,0.00601651994247599,0.251026270351448,-0.000324395986414946,-0.251026270351448,0.0100355058484802,0.00669287378963398,0.00669217851985131,0.0189549322486302,7,0.0279169700257384,0.00442691451200105,0.00423535969129837,0.445534221306862,9.65276730629218,2.05139903266604,0.410279806533208,0.0184690730910199,3.17074973436565e-05,0.0607767605109386,0.00719044578586164,0.00719033410446492,0.0215270565822721,7,0,0,3.95450194936443,TD3,NaN,mathworks_style_single_run,NaN,17-Jun-2026 14:30:44
184,0,2.35619449019234,0,-10,full_final,0.775,15501,1.57477339895675,3.14144110496145,19.60017764889,1.09397220330551,2.06475014088616,0.263346575924851,NaN,NaN,1.40853661496173,0.347559374874396,-0.225943996760929,0.191749107594404,3.14144110496145,1.63223803083739,1.59271342884163,6.28251764770576,0.645161290322581,0.0257110347880063,0.00428583548287773,0.00411904595470951,0.433298719759054,9.60339182253194,2.00781604775646,2.59073038420188,0.0136310049279206,2.82407067144311e-05,0.13262124058906,0.190073190583701,0.189793856813403,1.55098581314087,10.9677419354839,1,1,1000,TD3,NaN,mathworks_style_single_run,NaN,17-Jun-2026 14:30:35
185,0,2.35619449019234,0,0,full_final,5,100001,1.1283404518534,3.14152092667642,20.5005099288354,1.96473675187337,4.07373352310759,1.49147235603579,1.70815,NaN,0.00600742091890425,0.251303855255642,-0.000542947018055011,-0.251303855255642,0.0100186480179878,0.00670515457501901,0.00670470596033534,0.0189425347273899,7,0.0540790876425146,0.00857121679319209,0.00817777935682711,0.860252923795093,18.5006124456195,3.94288858672566,0.788577717345131,0.0392142449434707,6.65615176821962e-05,0.0885598610471705,0.00718510285385294,0.00718504047294796,0.0210969066247344,7,0,0,4.85019054266269,TD3,NaN,mathworks_style_single_run,NaN,17-Jun-2026 14:31:08
186,0,2.35619449019234,0,10,full_final,5,100001,0.632827059049049,3.14158846361438,22.5401282608522,1.46952187728143,2.78332754013421,1.3794570198407,2.24155,NaN,0.00606769982552404,0.249580049812619,0.000762667729240893,-0.249580049812619,0.0100383888912887,0.0067300231564592,0.0067299087759462,0.0189524557795089,7,0.0192809049147041,0.00296518372091413,0.00282927641659855,0.297622765717139,6.60523776497703,1.38213824715354,0.276427649430707,0.0145711333756264,2.28142081911027e-05,0.0539835778281255,0.0071967526715079,0.00719665131694739,0.0215618135407567,6.5,0,0,3.80205824642936,TD3,NaN,mathworks_style_single_run,NaN,17-Jun-2026 14:30:58
187,0,2.35619449019234,5,-10,full_final,5,100001,0.671269529033946,3.14137432290308,23.7334015418917,1.93140341831302,3.54926419495733,1.42788674160549,2.53835,NaN,0.00602617887970646,0.249833355350379,0.00058387113919249,-0.249833355350379,0.0100254993269155,0.00670793760621798,0.00670743367727339,0.0189491350110909,7,0.0324067552070339,0.00522791624822785,0.00498721528512978,0.524624882064935,11.3816183198498,2.41220138301816,0.482440276603631,0.0229808823253219,4.09330909659927e-05,0.0677951064979204,0.00721140253837279,0.00721140253479366,0.0209844512864947,6.5,0,0,4.75019809141854,TD3,NaN,mathworks_style_single_run,NaN,17-Jun-2026 14:30:49
188,0,2.35619449019234,5,0,full_final,5,100001,1.44357550555293,3.14156211426419,20.2267892975891,1.88007141115845,3.8237531826583,1.56532942027801,2.40085,NaN,0.0059788755893917,0.250293910387818,0.000237512632002423,-0.250293910387818,0.0100319400617499,0.0066675867982204,0.00666648261228413,0.0189539264915326,7,0.0410000491926023,0.00650512897899021,0.00618349258514103,0.650466018160793,14.1919668786559,2.98848092969001,0.597696185938003,0.0323914231084074,5.46512370576062e-05,0.0804877917555296,0.0071568329994687,0.00715646151384689,0.0212724572047591,7,0,0,4.71640223612185,TD3,NaN,mathworks_style_single_run,NaN,17-Jun-2026 14:31:09
189,0,2.35619449019234,5,10,full_final,5,100001,1.14907694456891,3.14155586640013,26.9654566103945,1.16602688944802,2.19504766575917,1.48974886897663,2.05815,NaN,0.00604117126784549,0.250138774240176,0.000339558611639429,-0.250138774240176,0.0100190034731229,0.00666918965497067,0.00666828295175945,0.0189397001843776,7,0.0311776107982792,0.00480593497465013,0.00458418372139089,0.48222839935736,10.6702979715558,2.21669065439552,0.443338130879104,0.0234865429444276,3.70007039338481e-05,0.0685369140601291,0.00715681954325981,0.00715655212431113,0.0211938675493002,7,0,0,3.25065372877346,TD3,NaN,mathworks_style_single_run,NaN,17-Jun-2026 14:30:59
190,0,3.14159265358979,-5,-10,full_final,5,100001,0.447878479128655,3.14159265358979,26.2603282123188,1.18876894120517,2.11940820539531,1.23812884318782,1.5606,NaN,0.00602584976543246,0.251584861478059,-0.000761777925812334,-0.251584861478059,0.0100375653970059,0.0067149637273079,0.0067146678036215,0.0189481834968417,7,0.0419224289305152,0.00673554270428915,0.00631509681683311,0.66430998730657,14.0869961100479,3.03618313820415,0.607236627640831,0.0420932994204182,7.12068769222705e-05,0.0917532554413392,0.00716407319281222,0.00716383795375414,0.021584564819932,7,0,0,3.17214796592165,TD3,NaN,mathworks_style_single_run,NaN,17-Jun-2026 14:30:50
191,0,3.14159265358979,-5,0,full_final,5,100001,0.968957062824014,3.14159265358979,20.7826792117285,2.18247595631554,4.63953636074569,1.45990805332307,1.84335,NaN,0.00595637249535134,0.251072013589037,-0.000370199112379193,-0.251072013589037,0.0100372107964701,0.00666172908816982,0.00666070594263312,0.0189506028978523,7,0.0846881022165251,0.013246847400277,0.0124108833285569,1.3055498570474,27.7864882461718,5.97105731351326,1.19421146270265,0.0875297184415508,0.000140449943440272,0.13231002867625,0.00710261279340068,0.00710188436176954,0.0215868735685945,7,0,0,5.274213503359,TD3,NaN,mathworks_style_single_run,NaN,17-Jun-2026 14:31:09
192,0,3.14159265358979,-5,10,full_final,5,100001,0.790248185616833,3.14159265358979,23.569269651866,3.03218426015078,6.49403591218631,1.36734360784131,2.878,NaN,0.00608539326155646,0.251719629641021,-0.000847794705779837,-0.251719629641021,0.0100281007154246,0.00674257863580027,0.00674251784816849,0.0189590586189796,6.5,0.138920096169397,0.0214079020782551,0.0199826591251723,2.10205487181299,44.3806404206034,9.57873219547145,1.91574643909429,0.151464886625193,0.000235941195763992,0.174048778579565,0.00719174460920325,0.00719160861264133,0.0212822454050183,6.5,0,0,6.93703344760551,TD3,NaN,mathworks_style_single_run,NaN,17-Jun-2026 14:30:59
193,0,3.14159265358979,0,-10,full_final,5,100001,1.28318992035399,3.14159265358979,28.9183153956223,1.81741185381807,3.43399786103949,1.55979117384333,2.45495,NaN,0.00606528936203498,0.251672931711496,-0.000815484941468532,-0.251672931711496,0.0100358305574497,0.00674090511666331,0.00674085578067037,0.0189559743592285,6.5,0.0822076547735472,0.0127001555573288,0.0119531018334845,1.25739401272684,27.1108576974289,5.75370479760359,1.15074095952072,0.0807670928673968,0.000126774533693144,0.12709609975715,0.0072042453989966,0.0072042452661396,0.0215773219242692,6.5,0,0,4.59547625405585,TD3,NaN,mathworks_style_single_run,NaN,17-Jun-2026 14:30:50
194,0,3.14159265358979,0,0,full_final,5,100001,1.06812851945468,3.14159265358979,21.4509848880223,2.96588685704177,6.50105589999779,1.37253225115586,2.46025,NaN,0.0060063366383457,0.251309824665528,-0.000551678850066228,-0.251309824665528,0.0100194394318824,0.00670428993768534,0.00670385222665495,0.0189372210954222,7,0.128406821591923,0.0198367535637338,0.0185080753715747,1.94693758017879,41.2126235688768,8.89165179767154,1.77833035953431,0.142922023419102,0.000223506797588885,0.169069230446644,0.0071829332029551,0.00718287307393961,0.0212542666122317,7,0,0,6.80440677946686,TD3,NaN,mathworks_style_single_run,NaN,17-Jun-2026 14:31:09
195,0,3.14159265358979,0,10,full_final,5,100001,0.612306465786303,3.14159265358979,22.6705045108002,2.1361299916943,4.27124985441951,1.23940088002614,2.2557,NaN,0.00599647280314479,0.250115031178429,0.0003650807404973,-0.250115031178429,0.0100371507297525,0.00667651982444813,0.0066756314223349,0.0189547779323211,7,0.0462811237933615,0.00716274351706063,0.00674310128274101,0.70933346826993,15.2341114022034,3.25372217236688,0.650744434473375,0.0455711017671176,7.17843480555965e-05,0.095468425950277,0.00717403982961169,0.00717384758525486,0.0215531988069415,7,0,0,5.06730705341831,TD3,NaN,mathworks_style_single_run,NaN,17-Jun-2026 14:30:59
196,0,3.14159265358979,5,-10,full_final,5,100001,0.890077854395376,3.14159265358979,21.2909469414636,2.14409329132848,4.35845243647447,1.28586484692168,2.2102,NaN,0.00607125528603511,0.249722724878936,0.000664487086144217,-0.249722724878936,0.0100275523240847,0.00669696872790305,0.00669636377594481,0.0189525232875929,7,0.0665273087143054,0.0101520036196977,0.00952794832327232,1.00228253236264,21.4160892546746,4.58890707169041,0.917781414338083,0.0692871752456632,0.000106051206200301,0.117717607218006,0.00716573603552501,0.00716547324303222,0.0211016749963164,7,0,0,5.11056338581583,TD3,NaN,mathworks_style_single_run,NaN,17-Jun-2026 14:30:50
197,0,3.14159265358979,5,0,full_final,5,100001,0.883276884890805,3.14159265358979,22.7542366879617,3.21715616081103,7.31392813483002,1.25145109739422,2.6242,NaN,0.00601491058653747,0.250636735716419,-4.38825946787902e-05,-0.250636735716419,0.010020491224672,0.0066682170783173,0.00666733807272631,0.0189343820186472,7,0.185651624449224,0.0282500694682553,0.0262756219053593,2.7640364923455,58.1949778260494,12.5895848793625,2.51791697587251,0.214685858632164,0.000326787626885535,0.207212865735776,0.00716269672213646,0.00716249683553467,0.0214025666937232,7,0,0,7.25453468622704,TD3,NaN,mathworks_style_single_run,NaN,17-Jun-2026 14:31:09
198,0,3.14159265358979,5,10,full_final,5,100001,0.631767208457984,3.14159265358979,21.6760014993456,1.25807149029125,2.22104505231494,1.30235328168004,2.05705,NaN,0.00604132875810804,0.250195360942526,0.000287875962766608,-0.250195360942526,0.0100380692368391,0.00666609742760339,0.00666518138715425,0.018947682001059,7,0.018170098579817,0.00276397682898129,0.00264043937485403,0.277758251135204,6.09007590480631,1.28325550608119,0.256651101216237,0.0136699070352389,2.0799241491275e-05,0.0522874880544837,0.00715757761521674,0.00715731117677238,0.0215964838862419,7,0,0,3.3399675774099,TD3,NaN,mathworks_style_single_run,NaN,17-Jun-2026 14:30:59
199,0.785398163397448,-3.14159265358979,-5,-10,full_final,5,100001,0.921342044659409,3.14159265358979,24.5278034746025,2.0500010752395,3.86831542398836,1.58627847345614,2.6681,NaN,0.0060970034574745,0.249477776114993,0.000853480398785557,-0.249477776114993,0.0100271809739978,0.00674428865939028,0.00674428865747839,0.0189504090085553,6.5,0.0459929208802798,0.00702758682814856,0.00663026267213152,0.697463528955321,14.9217514029739,3.18760926601223,0.637521853202446,0.0442077899332516,6.78812901281289e-05,0.0940295591112195,0.00717657834332525,0.00717632828463532,0.0210887724533677,7,0,0,5.07030116648709,TD3,NaN,mathworks_style_single_run,NaN,17-Jun-2026 14:30:50
200,0.785398163397448,-3.14159265358979,-5,0,full_final,5,100001,1.19227443427181,3.14159265358979,21.809132900551,3.07141318791097,6.77499566179513,1.46512292736569,2.511,NaN,0.00609687633758739,0.249445529937193,0.000860239530897578,-0.249445529937193,0.0100393739118458,0.0067267745427161,0.00672665417442846,0.0189484749990427,7,0.126572750268523,0.0194626029118287,0.0181698914648382,1.91136267874695,40.3857761367559,8.7228839422861,1.74457678845722,0.139885105440482,0.000216983372689261,0.167263328581301,0.0071522043221316,0.00715187087314535,0.0215709637850523,7,0,0,7.06332773550629,TD3,NaN,mathworks_style_single_run,NaN,17-Jun-2026 14:31:01
201,0.785398163397448,-3.14159265358979,-5,10,full_final,5,100001,0.785398163397448,3.14159265358979,25.0812346618223,2.09795042121385,4.19843173907835,1.27430402655479,2.2435,NaN,0.00605142963510625,0.249656000934054,0.000715505774901125,-0.249656000934054,0.0100219944110225,0.00672629665913501,0.0067260787070542,0.0189467078484609,7,0.0483983768590893,0.00737168897049756,0.00694607222489266,0.730684783683645,15.758738519042,3.35921265318846,0.671842530637691,0.0473584914829148,7.22391412351192e-05,0.0973226504806717,0.00720425328467157,0.00720417989827171,0.021069522947073,6.5,0,0,5.00962187683311,TD3,NaN,mathworks_style_single_run,NaN,17-Jun-2026 14:30:51
202,0.785398163397448,-3.14159265358979,0,-10,full_final,5,100001,1.07122205426707,3.14159265358979,20.7252426796655,2.14069104119736,4.479593541727,1.40333893859599,1.584,NaN,0.00603893441452906,0.251608608033162,-0.000777560711891947,-0.251608608033162,0.010019473970669,0.00672989051075012,0.00672978374714692,0.0189380601077378,7,0.0673919736030448,0.0103361021562864,0.00969945463713211,1.02032395919865,21.6979305953208,4.66607407472789,0.933214814945579,0.0698444230735614,0.000107949571529083,0.118190036021283,0.00719183566623216,0.0071918331467304,0.0212602848187089,6.5,0,0,5.16188199760771,TD3,NaN,mathworks_style_single_run,NaN,17-Jun-2026 14:30:42
203,0.785398163397448,-3.14159265358979,0,0,full_final,5,100001,1.08779509319461,3.14159265358979,19.4486144998966,4.04352353877495,9.48014534998242,1.44519109124183,2.70695,NaN,0.00597319827011729,0.251265611857494,-0.000511230438781988,-0.251265611857494,0.0100388552166097,0.00667971261153418,0.00667887441455828,0.0189560202193477,7,0.298026399375591,0.0453772658490822,0.0420509510664547,4.42350570061325,92.8965762711991,20.1274578687948,4.02549157375897,0.363419209616801,0.000553710376460394,0.269599410094607,0.00712627324075925,0.00712566192686302,0.021530075930059,7,0,0,9.01984788072454,TD3,NaN,mathworks_style_single_run,NaN,17-Jun-2026 14:30:53
204,0.785398163397448,-3.14159265358979,0,10,full_final,5,100001,0.785482970227037,3.14159265358979,21.1271741665097,1.22200785344553,2.32329904328833,1.2189237166577,1.1709,NaN,0.00602250033321986,0.250791030777414,-0.000145889985645511,-0.250791030777414,0.0100338205398656,0.00668217909352005,0.0066813431533903,0.0189552272663231,7,0.0192720450628866,0.00297033212974519,0.0028144014477276,0.296058008965428,6.57292163156868,1.37983319021947,0.275966638043894,0.0170529480812806,2.67199883784394e-05,0.0584002535632862,0.00718517644609078,0.00718502313684712,0.0215081814676523,7,0,0,3.22608340953653,TD3,NaN,mathworks_style_single_run,NaN,17-Jun-2026 14:30:44
205,0.785398163397448,-3.14159265358979,5,-10,full_final,5,100001,1.18848456791954,3.14159265358979,20.248978130088,3.00322645047303,6.38188813019292,1.55805334408872,2.31575,NaN,0.00600630726460833,0.251316253935083,-0.000558923882040727,-0.251316253935083,0.010020567638799,0.00670395198511197,0.00670352681880772,0.018936591686221,7,0.111112633897811,0.017198094916788,0.016093083148877,1.69289500579903,35.8202964596963,7.72761329093768,1.54552265818754,0.118241014997556,0.000185802713842695,0.153779722328762,0.00718212265144925,0.00718206481027873,0.0213861344382167,7,0,0,6.96914196629123,TD3,NaN,mathworks_style_single_run,NaN,17-Jun-2026 14:30:35
206,0.785398163397448,-3.14159265358979,5,0,full_final,1.195,23901,1.57592897320057,3.14159265358979,25.3294664906798,2.10515209633578,4.5985713797438,0.384634672876142,NaN,NaN,1.39251168529588,0.350668417255053,-0.22138724209374,0.192480351080967,3.14154819335708,1.84595579615137,1.84537581765938,6.28298968049902,1.50007500375019,0.124581224898469,0.0192413001993363,0.0178831426822805,1.88119844126554,40.0187419843284,8.59154919633459,7.1895809174348,0.146003973681455,0.000227920856445204,0.349541209979626,0.285035267346983,0.285019811950591,1.97667008638382,13.0653266331658,1,1,1000,TD3,NaN,mathworks_style_single_run,NaN,17-Jun-2026 14:30:42
207,0.785398163397448,-3.14159265358979,5,10,full_final,0.335,6701,1.57199593453451,3.14159265358979,17.9552170661043,0.414781546298604,0.783843735971275,0.180981650233354,NaN,NaN,1.23820743431362,0.540339009359206,-1.23420128817821,0.540339009359206,3.14159265358979,1.52977759992121,0.903862094282061,3.19418272693986,1.49253731343284,0.00921735510382157,0.00152824061755111,0.00146195199387277,0.153788506916268,3.66913053766159,0.736247368652801,2.19775333926209,0.00503101505247763,1.04448949360446e-05,0.122547767750091,0.172911683931614,0.172504027849969,0.846466064453125,11.9402985074627,1,1,1000,TD3,NaN,mathworks_style_single_run,NaN,17-Jun-2026 14:30:39
208,0.785398163397448,-2.35619449019234,-5,-10,full_final,5,100001,0.785398163397448,3.14158099048995,21.227517308483,1.42307742939577,2.71973421125787,1.38421063466546,1.9498,NaN,0.00607598863500705,0.249545834700433,0.000801274445011445,-0.249545834700433,0.0100253275193221,0.00673972783851589,0.00673967217278894,0.0189492673507572,6.5,0.0355798356905917,0.00548169058190911,0.00515405139174497,0.542175031347268,11.570109343876,2.47983456332352,0.495966912664705,0.0358455678045783,5.59211280349834e-05,0.0846706180496851,0.00718994182026256,0.00718980591149745,0.020995507016778,6.5,0,0,3.71400654834065,TD3,NaN,mathworks_style_single_run,NaN,17-Jun-2026 14:30:37
209,0.785398163397448,-2.35619449019234,-5,0,full_final,5,100001,0.869170458039316,3.14155867057574,23.864635165173,2.56707570948397,5.28588842579824,1.41168358687033,2.6214,NaN,0.00600711266625142,0.250908745484264,-0.000253590057622968,-0.250908745484264,0.0100321466031004,0.00667724479186946,0.00667650331006878,0.0189404876884218,7,0.125189047916393,0.019214458735643,0.0179560525135936,1.88886811451346,39.8797019102761,8.61276790828615,1.72255358165723,0.135832799057422,0.000210067091954508,0.164822813382991,0.0071754032948672,0.00717529346508794,0.0215781601145864,7,0,0,6.02567508390075,TD3,NaN,mathworks_style_single_run,NaN,17-Jun-2026 14:31:01
210,0.785398163397448,-2.35619449019234,-5,10,full_final,5,100001,0.785398163397448,3.141408279049,20.1473963032372,1.83340980194586,3.34925782148134,1.32585760275701,1.8492,NaN,0.00600681150185033,0.251530369064554,-0.000705691366983292,-0.251530369064554,0.0100236924193378,0.00671081252570591,0.006710357782013,0.0189477295853901,7,0.0323415302437332,0.00514686565033112,0.00488074158685741,0.513424493029051,11.1014312444498,2.35949383595151,0.471898767190302,0.0276335654389349,4.65853321665118e-05,0.0743418663189657,0.00715889032460094,0.00715856645125397,0.0210211919620633,7,0,0,4.5032545281065,TD3,NaN,mathworks_style_single_run,NaN,17-Jun-2026 14:30:52
211,0.785398163397448,-2.35619449019234,0,-10,full_final,5,100001,1.12934779758952,3.14140646247619,26.424371889536,2.07842090199347,4.13587971375714,1.59772347074315,2.5365,NaN,0.00602706398155245,0.249773547593601,0.00061694957699539,-0.249773547593601,0.0100222854504806,0.00670629465565829,0.00670587407639544,0.0189337022070983,7,0.120287978332177,0.0185851924852166,0.0174770177435365,1.83847655421817,39.0647120071699,8.37633093282758,1.67526618656552,0.117668058455242,0.00018476281310753,0.153406687243576,0.00720510991941684,0.00720510427963808,0.0214990945532918,6.5,0,0,5.13987075386184,TD3,NaN,mathworks_style_single_run,NaN,17-Jun-2026 14:30:43
212,0.785398163397448,-2.35619449019234,0,0,full_final,5,100001,0.785744274498142,3.14159052949403,24.3207478853176,2.59848087908094,5.22016577905202,1.53152424003968,2.91165,NaN,0.00600684141484397,0.250872960023195,-0.000220615781349739,-0.250872960023195,0.010019702664817,0.00667762720092393,0.00667684435346664,0.0189412123950685,7,0.120302140570912,0.0186621437768025,0.0175131039627288,1.84227260620421,38.9959813060431,8.40627793439203,1.68125558687841,0.121267111189282,0.000191732376855973,0.155735102779869,0.00717438370122267,0.00717425946596558,0.0212723230943084,7,0,0,6.14683724131788,TD3,NaN,mathworks_style_single_run,NaN,17-Jun-2026 14:31:08
213,0.785398163397448,-2.35619449019234,0,10,full_final,5,100001,0.786316138375448,3.14157068039798,20.5665669701581,1.0753708316025,1.89701516913399,1.26639963988681,1.30565,NaN,0.00600685721261264,0.251306354393273,-0.000546297323343157,-0.251306354393273,0.0100175941367875,0.0067048550416714,0.00670440880736782,0.0189407761323999,7,0.0267846454336727,0.00442750303739716,0.00419985212280847,0.441799039874659,9.529974025607,2.03219200061036,0.406438400122072,0.0214027855357405,3.96256983443493e-05,0.0654259666122565,0.00718424616107844,0.00718418452304531,0.0211551310494542,7,0,0,2.95672686185045,TD3,NaN,mathworks_style_single_run,NaN,17-Jun-2026 14:30:59
214,0.785398163397448,-2.35619449019234,5,-10,full_final,5,100001,0.888793151760201,3.1415482747583,23.1051716869867,2.45176023058559,5.01335976545811,1.45306895025127,2.59355,NaN,0.0060934422269563,0.251730056552989,-0.000857413515703683,-0.251730056552989,0.0100261064262972,0.00674516088472253,0.00674515900855376,0.0189517232688754,6.5,0.136186126969293,0.0210747870747866,0.0197733321518634,2.08003494036694,43.7556744387731,9.46980902376925,1.89396180475385,0.137470065760361,0.000216309684521321,0.165813187509535,0.00719921590506647,0.00719915490523813,0.0211654705926776,6.5,0,0,5.81777865275865,TD3,NaN,mathworks_style_single_run,NaN,17-Jun-2026 14:30:50
215,0.785398163397448,-2.35619449019234,5,0,full_final,5,100001,1.13113819552669,3.14143962615008,23.5546576044116,1.92572185661032,3.77535272828636,1.88149784690918,2.8582,NaN,0.00596748180412175,0.251224121718045,-0.000468525358376275,-0.251224121718045,0.0100317783421184,0.00667985480173363,0.0066789191690288,0.0189609171412508,7,0.0810671880425184,0.0127081384810423,0.0119685794835566,1.2590221678955,26.7706226541568,5.74869441147338,1.14973888229468,0.0767342951851458,0.000124270191732703,0.123882440390191,0.00712592142943138,0.00712525448961917,0.0214148573577404,7,0,0,4.97057145193513,TD3,NaN,mathworks_style_single_run,NaN,17-Jun-2026 14:30:56
216,0.785398163397448,-2.35619449019234,5,10,full_final,5,100001,0.826560357803653,3.14138642388107,24.110696202229,1.10184283671353,1.73036504209091,1.4884379875636,2.13085,NaN,0.00595982235279934,0.251047348384768,-0.000334752781627017,-0.251047348384768,0.0100349830698863,0.00666540200658534,0.00666429173738116,0.0189546302094801,7,0.031713834644379,0.00519964780373876,0.00494204029011546,0.519872745837263,11.0743587843949,2.37557506010299,0.475115012020598,0.0240421740102298,4.40892891620739e-05,0.0693428785243731,0.00710525051912372,0.00710444643606063,0.0215126778930426,7,0,0,3.12017445104431,TD3,NaN,mathworks_style_single_run,NaN,17-Jun-2026 14:30:46
217,0.785398163397448,-1.5707963267949,-5,-10,full_final,5,100001,0.785398163397448,3.14131752529191,21.5341396138637,0.680299159105093,1.24966174638957,1.2696895448143,1.4408,NaN,0.00605541351035683,0.251634217232469,-0.000800615673599118,-0.251634217232469,0.0100389778799424,0.00673314196598543,0.0067330716463022,0.0189542377897318,7,0.0082877680979652,0.00126089865161507,0.00118397722695919,0.124547242809645,2.69948965979992,0.570739184559411,0.114147836911882,0.00867216784475585,1.31973796156081e-05,0.0416465312955493,0.00719602408189538,0.00719602402175891,0.0215540053322911,6.5,0,0,2.16773186473135,TD3,NaN,mathworks_style_single_run,NaN,17-Jun-2026 14:30:37
218,0.785398163397448,-1.5707963267949,-5,0,full_final,5,100001,0.785398163397448,3.14139021291353,20.8285317019667,1.58984539445254,3.01127545875994,1.27522503328405,1.90025,NaN,0.00603202532983002,0.250552420771196,3.57150720936514e-05,-0.250552420771196,0.0100354153838018,0.00667594601775433,0.00667502825610592,0.0189551238201902,7,0.0235753693952689,0.00358625412783256,0.00338669106057368,0.356259414656009,7.66577815466219,1.63612794659812,0.327225589319625,0.0227511533523699,3.46145896624925e-05,0.067455397637802,0.00717541199740539,0.00717518702414086,0.0214637089520693,7,0,0,3.990734673504,TD3,NaN,mathworks_style_single_run,NaN,17-Jun-2026 14:31:08
219,0.785398163397448,-1.5707963267949,-5,10,full_final,5,100001,0.785398163397448,3.14125684909225,22.3598918989297,0.986411465121033,1.56774719054407,1.33823680574691,1.8083,NaN,0.0060516815840067,0.249623448874055,0.000731661457219821,-0.249623448874055,0.0100208149860797,0.00672439645490489,0.0067242150403636,0.0189363845850767,7,0.0160113706831655,0.00256470449012581,0.00241900424863429,0.25446461524095,5.42673030207866,1.15984454614054,0.231968909228107,0.0148967015835424,2.52461334507052e-05,0.0545833336899504,0.00719683347212151,0.00719674967371873,0.0214107604697347,6.5,0,0,2.81481061030927,TD3,NaN,mathworks_style_single_run,NaN,17-Jun-2026 14:30:59
220,0.785398163397448,-1.5707963267949,0,-10,full_final,5,100001,0.785954635391969,3.14121455694546,21.7218820131593,0.674856749567294,1.26469570431575,1.24923404927012,1.3954,NaN,0.0059469171513526,0.250677213383199,-6.72594253776922e-05,-0.250677213383199,0.0100195147865459,0.00664618505667266,0.00664493300272335,0.0189356803360425,7,0.0113764694055718,0.00196406345241807,0.00185756236808134,0.195404325373447,4.22336988809771,0.898354143371983,0.179670828674397,0.00909334529285059,1.85077058330092e-05,0.0426458562883913,0.00709477568622378,0.00709402191126703,0.0212984401732683,7,0,0,2.14446153149552,TD3,NaN,mathworks_style_single_run,NaN,17-Jun-2026 14:30:50
221,0.785398163397448,-1.5707963267949,0,0,full_final,5,100001,0.785398391777262,3.14143022272677,20.532800256691,1.59291077902996,3.016396207703,1.27762065703101,1.91245,NaN,0.00605334180217562,0.249973747011408,0.000456585157842319,-0.249973747011408,0.0100373945808485,0.00667237497165155,0.00667153904341516,0.0189471987521217,7,0.0234771456285792,0.00384978262691498,0.00364277031084068,0.383197402849777,8.28721336009984,1.76349265288751,0.352698530577502,0.0200885471208568,3.61342925235822e-05,0.0633854038732212,0.00716328036170003,0.00716305659398806,0.0215991800650954,7,0,0,3.99825882726634,TD3,NaN,mathworks_style_single_run,NaN,17-Jun-2026 14:30:59
222,0.785398163397448,-1.5707963267949,0,10,full_final,5,100001,0.785884286122351,3.14147355423098,21.723563785146,0.966048626140258,1.60033168947634,1.26917552481713,1.65805,NaN,0.00606514249970601,0.249582155335737,0.000759434312359522,-0.249582155335737,0.0100380793252415,0.00672867607530902,0.0067285565636631,0.0189505046166971,7,0.0234376896583415,0.00391154770195179,0.00372113153002339,0.391440529128035,8.2960033256026,1.78768752191519,0.357537504383038,0.0170626080076527,3.28861208550867e-05,0.0584167921194799,0.00719603076947135,0.0071959308186099,0.021590911783278,6.5,0,0,2.74025663526318,TD3,NaN,mathworks_style_single_run,NaN,17-Jun-2026 14:30:49
223,0.785398163397448,-1.5707963267949,5,-10,full_final,5,100001,0.835225918029613,3.14155602517128,20.7220955224894,0.658385770829485,1.29460390621692,1.28005495692143,0.6677,NaN,0.00595264186999886,0.250841005730501,-0.000193246718260656,-0.250841005730501,0.0100391182655868,0.00665089510248626,0.00664971143517012,0.0189541297036477,7,0.0165978177757556,0.00286563161248367,0.00277002067964742,0.291389420607223,6.12421605134072,1.32653318119071,0.265306636238142,0.0060546621752144,1.60332621349586e-05,0.0347984544921593,0.0070934171225493,0.0070926010957217,0.0215445598587394,7,0,0,2.12692991713308,TD3,NaN,mathworks_style_single_run,NaN,17-Jun-2026 14:30:58
224,0.785398163397448,-1.5707963267949,5,0,full_final,5,100001,0.831007366426523,3.14149889295435,20.3091885516208,1.58981005544099,3.00978485717939,1.29012998831992,1.90305,NaN,0.00602624003518038,0.250402360486204,0.000132083837363526,-0.250402360486204,0.0100242086320455,0.00666372641781591,0.00666280606001917,0.0189345943488126,7,0.0286424582968832,0.00471867806582345,0.00451694004376121,0.475154771204335,10.1080310539791,2.17393504489365,0.434787008978729,0.0179594268434391,3.45608582297696e-05,0.0599323399233487,0.00715921992604027,0.00715899553966228,0.0215576896443963,7,0,0,3.9975785855945,TD3,NaN,mathworks_style_single_run,NaN,17-Jun-2026 14:30:49
225,0.785398163397448,-1.5707963267949,5,10,full_final,5,100001,0.833291680577639,3.14136805415315,20.9076987518168,0.942552334328942,1.63672479635352,1.35944247754337,1.25355,NaN,0.00595659083169638,0.250822232203417,-0.000165364475030352,-0.250822232203417,0.0100347635779061,0.00665508895762948,0.00665385405671756,0.0189566949891997,7,0.0284484078995303,0.00469765109866716,0.00452284012655879,0.475775424227089,9.95844870191849,2.16259901067179,0.432519802134357,0.0145158869068027,2.94937973684406e-05,0.0538811412403313,0.00710104842592235,0.00710022330146286,0.0215460201725364,7,0,0,2.73603541465637,TD3,NaN,mathworks_style_single_run,NaN,17-Jun-2026 14:31:12
226,0.785398163397448,-0.785398163397448,-5,-10,full_final,5,100001,0.785398163397448,3.14150279822176,24.536313989176,0.715509570974298,1.17391420401449,1.55937215647526,1.9532,NaN,0.0060523707892669,0.249617641245796,0.000734949483930066,-0.249617641245796,0.0100221184272178,0.00672421338342546,0.00672403939947683,0.0189340471134685,7,0.0161478710862468,0.00249802707756291,0.00233329611892167,0.24544863841385,5.22647371828922,1.11504616481022,0.223009232962045,0.0183045556394896,2.8680650264837e-05,0.0605054636202213,0.00719593923628822,0.00719585340030655,0.021489916369319,6.5,0,0,2.38392701328349,TD3,NaN,mathworks_style_single_run,NaN,17-Jun-2026 14:31:02
227,0.785398163397448,-0.785398163397448,-5,0,full_final,5,100001,0.925407929297935,3.14156974776392,23.4269703229821,0.840070705514427,1.31481074010982,1.6015065407229,2.0183,NaN,0.00606843018707386,0.251687339169841,-0.000837871827348747,-0.251687339169841,0.0100199850137524,0.00673645569618247,0.00673644096409436,0.0189368316544147,6.5,0.0171399101464557,0.00292985820990218,0.00275251424200784,0.289547849257891,6.17377978300519,1.31837248100795,0.26367449620159,0.0159596532001667,3.07324337303329e-05,0.0564971737349164,0.00718994562873182,0.00718993676987839,0.021336848847568,6.5,0,0,2.65423442694476,TD3,NaN,mathworks_style_single_run,NaN,17-Jun-2026 14:31:13
228,0.785398163397448,-0.785398163397448,-5,10,full_final,5,100001,0.953980932114759,0.785398163397448,10,0.170308630604727,0.0458112052888806,1.44966816574611,0.84005,NaN,0.0059453328576273,0.250891521667381,-0.000232599492495566,-0.250891521667381,0.0100224706898864,0.00664962008834562,0.00664844348333552,0.0189336534416729,7,0.000773661491199567,0.000123161416761413,0.000120825894987365,0.0127101533188549,0.238154859318837,0.0454746219361575,0.0090949243872315,9.52978660300023e-05,2.56652993440827e-07,0.00436572711080301,0.00708791446247208,0.0070870965435764,0.0215041153132915,7,0,0,1.23449196706059,TD3,NaN,mathworks_style_single_run,NaN,17-Jun-2026 14:31:04
229,0.785398163397448,-0.785398163397448,0,-10,full_final,5,100001,0.785615485798436,3.14145230299162,26.7632974568667,0.661547918491127,1.07586474474742,1.48813956969719,1.8138,NaN,0.00602721235005375,0.249772750226504,0.000617458288367665,-0.249772750226504,0.0100223929316814,0.00670634470380038,0.00670592615199016,0.0189335246098228,7,0.0214450858987922,0.00335003628168306,0.00313445273162532,0.329725468152565,7.00704416069921,1.49741699553242,0.299483399106483,0.0235570678768226,3.75969451831987e-05,0.0686397375822819,0.00720516547257353,0.00720515965534309,0.0215084357187152,6.5,0,0,2.24049098555117,TD3,NaN,mathworks_style_single_run,NaN,17-Jun-2026 14:31:00
230,0.785398163397448,-0.785398163397448,0,0,full_final,5,100001,0.817307860850768,3.14148958930048,23.2974740666202,0.823560441563739,1.33807098566132,1.47062265080649,1.8439,NaN,0.00595274944696506,0.251130345759727,-0.000411865970609445,-0.251130345759727,0.0100199723503549,0.00666456012910866,0.00666356429772511,0.0189366268722129,7,0.0123290961788801,0.00194264713947123,0.00181852166149203,0.191297479183908,4.15457666984522,0.87744016751556,0.175488033503112,0.0132628572258791,2.15218923616338e-05,0.0515031207323965,0.00710271123077795,0.00710199790490958,0.0213400973007083,7,0,0,2.55309519711054,TD3,NaN,mathworks_style_single_run,NaN,17-Jun-2026 14:30:51
231,0.785398163397448,-0.785398163397448,0,10,full_final,5,100001,0.785563500685959,0.785398163397448,10,0.140512452745617,0.0369449878456447,1.3368382929217,0.98695,NaN,0.00602763715624361,0.251576329234668,-0.000752457824052838,-0.251576329234668,0.0100379509700361,0.00671609370606444,0.0067157776939986,0.0189538306332673,7,0.00146656915874232,0.000290495737488758,0.000275945736197372,0.0290278223481785,0.600548130943641,0.127609888875579,0.0255219777751158,0.00068458986664604,2.39003669593682e-06,0.0117011953803536,0.00716652785679531,0.0071662817133596,0.0215737298130989,7,0,0,1.12028260348742,TD3,NaN,mathworks_style_single_run,NaN,17-Jun-2026 14:31:14
232,0.785398163397448,-0.785398163397448,5,-10,full_final,5,100001,0.852823753652247,3.14109471390984,26.8024753502362,0.61216734112315,0.995042190005255,1.45308979969951,1.69835,NaN,0.00595249964191423,0.25110084264313,-0.000392727916212364,-0.25110084264313,0.0100279244221293,0.00666120049837322,0.00666019249298015,0.0189371625514649,7,0.0229275458834954,0.0037698943702303,0.00356836448816274,0.375370360358999,7.87941774013821,1.69231994264472,0.338463988528943,0.0193738378258714,3.51212791538771e-05,0.062247631000499,0.00710083926567464,0.00710012365684813,0.0216202782467008,7,0,0,2.12236341727639,TD3,NaN,mathworks_style_single_run,NaN,17-Jun-2026 14:31:05
233,0.785398163397448,-0.785398163397448,5,0,full_final,5,100001,0.826046801233762,3.14143925454058,23.5545860220748,0.785607471705363,1.29229430645906,1.47962522162418,1.8562,NaN,0.00602397038886437,0.25157418995766,-0.000734661977820873,-0.25157418995766,0.0100360547187644,0.0067195230991284,0.00671913519576239,0.018955818962576,7,0.0152876872407937,0.00253837436279563,0.00238039267188643,0.250402910915075,5.34209355894521,1.14041902535192,0.228083805070383,0.0151937581648148,2.73722693696156e-05,0.0551248730879534,0.00717120273446943,0.007170914309458,0.0215358315035701,7,0,0,2.4834446506776,TD3,NaN,mathworks_style_single_run,NaN,17-Jun-2026 14:31:12
234,0.785398163397448,-0.785398163397448,5,10,full_final,5,100001,1.0861636724924,0.785398163397448,10,0.121746312406058,0.0261914909686972,1.7546990723225,1.59195,NaN,0.0060371082412493,0.251550162370784,-0.000729257502330113,-0.251550162370784,0.0100355788325759,0.00672781552746158,0.0067276338632668,0.018956590850109,7,0.000513161604622787,9.41214493182406e-05,8.87679510936108e-05,0.00933785152858497,0.215543031488852,0.0392317875312683,0.00784635750625365,0.00035413775389127,8.60654517877062e-07,0.00841591057332799,0.00719859441665225,0.00719857808396787,0.0215297350659966,6.5,0,0,1.29180651053173,TD3,NaN,mathworks_style_single_run,NaN,17-Jun-2026 14:31:03
235,0.785398163397448,-0.349065850398866,-5,-10,full_final,5,100001,0.785398163397448,3.14120841156109,25.4574569204095,0.717933456563192,1.1461608414916,1.53764175848637,1.93885,NaN,0.00609816273240719,0.24944937781266,0.000864380402417586,-0.24944937781266,0.0100196981445395,0.00673134173469526,0.00673125893257684,0.0189377169378666,7,0.0187634535788186,0.00290222893929571,0.00270782148886002,0.284846441957663,6.04591044863374,1.29224539246649,0.258449078493297,0.0215831674402005,3.37944275687699e-05,0.0657010919851421,0.00715206956362575,0.00715174336345234,0.0212911106646061,7,0,0,2.37917863663332,TD3,NaN,mathworks_style_single_run,NaN,17-Jun-2026 14:31:12
236,0.785398163397448,-0.349065850398866,-5,0,full_final,5,100001,0.816712042293134,0.349951456380815,5.90155810816467,0.0861854647499685,0.00806357151902675,1.4978088321532,1.2763,NaN,0.00601611104368875,0.251553436956498,-0.000719807234127588,-0.251553436956498,0.010030827848079,0.00671682162669455,0.00671639804239318,0.0189517173428224,7,0.00195913823900917,0.0004826094766409,0.000444438752920879,0.0467522685518348,0.998718896029091,0.209522299517596,0.0419044599035192,0.0018133183017347,6.45080578622864e-06,0.0190437302109366,0.00716740395488376,0.00716709583805231,0.021361356601119,7,0,0,1.09197748139617,TD3,NaN,mathworks_style_single_run,NaN,17-Jun-2026 14:31:03
237,0.785398163397448,-0.349065850398866,-5,10,full_final,5,100001,0.839997426351399,3.14156602267507,22.3502174262851,0.695000656941145,1.12022727859721,1.40037732097274,1.27405,NaN,0.00602352553118007,0.251572920197591,-0.000733608016650847,-0.251572920197591,0.0100353525704777,0.00671948331675941,0.0067190931008007,0.0189549382957903,7,0.0285341630131096,0.00457405967926799,0.0042495694477686,0.447029001737657,9.2627105169359,2.00713640856976,0.401427281713952,0.0329685424033367,5.48256454658893e-05,0.0812016531892506,0.00717106524000629,0.00717077506631227,0.0215272502973676,7,0,0,2.26455905902976,TD3,NaN,mathworks_style_single_run,NaN,17-Jun-2026 14:31:19
238,0.785398163397448,-0.349065850398866,0,-10,full_final,5,100001,0.917765254185412,3.14132731127061,24.2801194747515,0.623015537157513,1.00591737003926,1.43753851599509,1.69805,NaN,0.00595245905378234,0.251101237510487,-0.00039302951100694,-0.251101237510487,0.0100276597025675,0.00666123597795256,0.00666022821204606,0.0189369328576845,7,0.0129492523402222,0.0021082145752142,0.0019949031709842,0.209851747112078,4.49093238044136,0.948567549783894,0.189713509956779,0.0111974025161645,1.98052925062345e-05,0.0473231497602695,0.00710084661813078,0.00710013112487042,0.0216214843094349,7,0,0,2.13530704246977,TD3,NaN,mathworks_style_single_run,NaN,17-Jun-2026 14:31:10
239,0.785398163397448,-0.349065850398866,0,0,full_final,0.11,2201,1.57158055280847,0.349816109406818,15.6512514045556,0.012505513117483,0.00291536546847147,0.135646845348099,NaN,NaN,0.113722376023135,1.23312830364384,-0.0938937497808797,1.23312830364384,0.349816109406818,0.16284735288836,0.133053463295142,0.386363725652824,4.54545454545455,0.00417136355848603,0.00094889679711058,0.000871479177728855,0.0916743382226277,2.00642484068076,0.41817392989172,3.80158118083382,0.00446818304029046,1.30917030003151e-05,0.201543657356967,0.232971536304736,0.232106286759377,1.2392138838768,13.6363636363636,1,1,1000,TD3,NaN,mathworks_style_single_run,NaN,17-Jun-2026 14:31:05
240,0.785398163397448,-0.349065850398866,0,10,full_final,5,100001,0.785428967900865,0.349065850398866,16.8620087583966,0.120352977877683,0.0193901366670031,1.38356493676931,0.8627,NaN,0.00606751132678614,0.251691481778173,-0.000834128671211315,-0.251691481778173,0.0100191776645855,0.00673937730661696,0.00673935602475281,0.0189444945473651,6.5,0.00834245491622429,0.00157278919915006,0.00139313429938628,0.146549301710588,3.10885925627313,0.655595179206899,0.13111903584138,0.0167990220096648,3.16295953893303e-05,0.0579638197665833,0.00719390191470743,0.00719389774809799,0.0210525393486023,6.5,0,0,1.10575375462957,TD3,NaN,mathworks_style_single_run,NaN,17-Jun-2026 14:31:03
241,0.785398163397448,-0.349065850398866,5,-10,full_final,5,100001,1.56421618275868,3.14157686862142,32.1036469746957,0.530591070359117,0.853571326099547,1.58961654092361,1.71855,NaN,0.00606576609284518,0.251685516108687,-0.000835695958441096,-0.251685516108687,0.0100207272333786,0.00673092007985725,0.00673082618456158,0.018936449621906,7,0.0359429507254544,0.00577000040578084,0.00542079215162783,0.570234545864858,12.0416250837579,2.57283124396132,0.514566248792264,0.0357732807621315,6.04726899357113e-05,0.084585200552025,0.0071753211037915,0.00717517512416961,0.0213764347136021,7,0,0,2.03152877649521,TD3,NaN,mathworks_style_single_run,NaN,17-Jun-2026 14:31:20
242,0.785398163397448,-0.349065850398866,5,0,full_final,5,100001,0.951798428363931,3.14140762610537,24.2540087504981,0.735686569509486,1.15645701033626,1.61071063225019,2.01115,NaN,0.00609525595779532,0.251726621372608,-0.000855109313825582,-0.251726621372608,0.0100349836384501,0.00674264322437546,0.00674260566418572,0.018956734087153,6.5,0.0170260547395353,0.00260370145773221,0.00243058981446104,0.255683346688867,5.48319024986195,1.16175660216515,0.23235132043303,0.0197082972112171,3.02571180287847e-05,0.0627826364709496,0.00719490430209456,0.00719478553709796,0.0215461840853095,6.5,0,0,2.45102238119479,TD3,NaN,mathworks_style_single_run,NaN,17-Jun-2026 14:31:11
243,0.785398163397448,-0.349065850398866,5,10,full_final,5,100001,0.820349859754415,0.349065850398866,11.5833112972549,0.0950413772755125,0.00963668926939958,1.3603623932436,1.00975,NaN,0.0060396093498764,0.251610775985039,-0.000781407054121593,-0.251610775985039,0.0100204515526579,0.00672925892624072,0.00672915949444684,0.0189365161163533,7,0.00616726714169239,0.00123324238332324,0.00114400959858034,0.120342890054474,2.50533856725315,0.540432338779057,0.108086467755812,0.00574714543499251,1.46459562746405e-05,0.0339032312176657,0.00719093067840477,0.0071909287554679,0.0213883239775896,6.5,0,0,1.041847511437,TD3,NaN,mathworks_style_single_run,NaN,17-Jun-2026 14:31:05
244,0.785398163397448,0,-5,-10,full_final,0.1,2001,1.58690381558265,0.10802325573554,16.935630193203,0.00689731241441961,0.000562857401942488,0.121721135991054,NaN,NaN,0.0689486335596701,1.21719583748655,0.0380074723244104,1.21719583748655,0.10802325573554,0.0750077305298869,0.0646652278025316,0.191658165308627,5,0.00475228995362839,0.001017925118436,0.000940263254503237,0.0989100070483352,2.12974306885052,0.446797571365763,4.46797571365763,0.00436346907931607,1.2548287535099e-05,0.208889183044888,0.252581351646179,0.250555464506026,1.02340777218342,25,1,1,1000,TD3,NaN,mathworks_style_single_run,NaN,17-Jun-2026 14:30:55
245,0.785398163397448,0,-5,0,full_final,5,100001,0.785398163397448,0.124664506495757,10.1119022116902,0.0760247244478157,0.00464909404770009,1.35212529282146,0.90915,NaN,0.00606582672755883,0.249787285820696,0.000599672436913443,-0.249787285820696,0.0100388835389773,0.00668389336478226,0.00668319121650423,0.0189509597420319,7,0.00108436983806766,0.000233712489882605,0.000211304656635701,0.022227971769699,0.499355078639777,0.0999783741537575,0.0199956748307515,0.00158630537820782,3.78984949097963e-06,0.0178118240402707,0.0071634625670678,0.00716322662623491,0.0215509217232466,7,0,0,0.999802808555909,TD3,NaN,mathworks_style_single_run,NaN,17-Jun-2026 14:31:21
246,0.785398163397448,0,-5,10,full_final,5,100001,0.785398163397448,3.14148365935423,22.2401741369397,0.673328170804063,1.11040850652845,1.36141797207943,1.15455,NaN,0.00606322015020821,0.251662539440605,-0.000811556288655031,-0.251662539440605,0.0100359643459773,0.00673872314853683,0.00673866830043391,0.0189555781735695,6.5,0.024699671821359,0.00393073247572656,0.00368052283036742,0.38716873955213,7.94781964866859,1.73417632329132,0.346835264658264,0.0253839600650035,4.20876314420159e-05,0.071251610599345,0.00720228762747904,0.00720228759640483,0.0215789889916778,6.5,0,0,2.20171600067143,TD3,NaN,mathworks_style_single_run,NaN,17-Jun-2026 14:31:12
247,0.785398163397448,0,0,-10,full_final,5,100001,0.899966353124187,3.14135695177934,24.6760916355165,0.626836572808787,1.00750741263408,1.43672415498133,1.72165,NaN,0.00609550032386525,0.251721375531832,-0.000855126006848998,-0.251721375531832,0.0100355753698181,0.00674108504822542,0.00674105259065619,0.0189561913805374,6.5,0.0124845050612036,0.00193338889910231,0.00183851063511657,0.193400198302861,4.12545805503905,0.872665521795212,0.174533104359042,0.0103299115392439,1.64017448895977e-05,0.0454530780899246,0.00719311743559781,0.00719300376513405,0.0215505631640553,6.5,0,0,2.14533994865207,TD3,NaN,mathworks_style_single_run,NaN,17-Jun-2026 14:31:19
248,0.785398163397448,0,0,0,full_final,5,100001,0.851191922748941,0.121085773368614,3.59877509043275,0.0792312113147133,0.00404841821236828,1.51574001248672,1.30865,NaN,0.00601366019194099,0.251353108622184,-0.000590492719197268,-0.251353108622184,0.0100377248340764,0.00670734665193263,0.00670696388439896,0.0189505120229478,7,0.000723859792395586,0.000142543825676192,0.00013167868531555,0.0138518012166259,0.335663753004475,0.0633995988133626,0.0126799197626725,0.00073054904037378,1.76084604242938e-06,0.0120875890100034,0.00718581589853213,0.00718576492518345,0.0216028895229101,7,0,0,1.08688047965456,TD3,NaN,mathworks_style_single_run,NaN,17-Jun-2026 14:31:10
249,0.785398163397448,0,0,10,full_final,5,100001,0.785398163397448,3.14139825663961,21.554450705168,0.706466545971324,1.17320966053467,1.3539808121792,1.177,NaN,0.0060186814740021,0.250817691907747,-0.000166739174914401,-0.250817691907747,0.0100304815817098,0.00668283120404888,0.00668201615380055,0.0189515733641574,7,0.0163221058675159,0.00282324564977644,0.00263501100704693,0.277187219676206,5.78792326551822,1.24762399023239,0.249524798046479,0.0162813541220301,3.15783723024154e-05,0.0570637435190333,0.00718502160563222,0.00718487720359672,0.0213552340865135,7,0,0,2.26234117193374,TD3,NaN,mathworks_style_single_run,NaN,17-Jun-2026 14:31:09
250,0.785398163397448,0,5,-10,full_final,0.26,5201,1.61053878313642,3.14126376325026,33.8538407357847,0.396944221015223,0.813808184540007,0.156593445380509,NaN,NaN,1.5264467624787,0.60239701520543,0.0372530596562305,-0.2364054400895,3.14126376325026,1.76902237380965,1.76863008246082,6.28195635533085,1.92307692307692,0.0429101319523205,0.00676306098067576,0.00632586525557568,0.665442761927751,13.9983339325468,3.00848378834146,11.571091493621,0.0457895759974978,7.46875471132484e-05,0.419659092403024,0.410342177149323,0.408834109782746,1.87389785051346,17.3076923076923,1,1,1000,TD3,NaN,mathworks_style_single_run,NaN,17-Jun-2026 14:31:00
251,0.785398163397448,0,5,0,full_final,0.19,3801,1.57624458588383,0.118730873814226,12.6823806129931,0.0153546681030039,0.00141292419561358,0.245178015530383,NaN,NaN,0.0807991019615908,1.29038177636998,0.0807956811307415,1.29038177636998,0.118730873814226,0.0862252305771173,0.0301139220078787,0.118852262987065,5.26315789473684,0.0016544745454811,0.000407564700562566,0.000356621938963202,0.0375144708968522,0.807581282612609,0.166960630765839,0.878740161925468,0.00380112215531384,8.87924057288299e-06,0.141442235844175,0.117235577742378,0.116754959327526,0.838552832603455,36.8421052631579,1,1,1000,TD3,NaN,mathworks_style_single_run,NaN,17-Jun-2026 14:31:19
252,0.785398163397448,0,5,10,full_final,5,100001,0.887660506161254,0.218727727185841,17.9230069237705,0.105631255428006,0.0126295558641026,1.43158605597292,0.796,NaN,0.00608451758118946,0.249496576410555,0.000827137535763172,-0.249496576410555,0.0100198310156778,0.00671824244555198,0.00671799544366577,0.0189372884746262,7,0.00790248623547078,0.00156847102900016,0.00143929731830684,0.151405372076985,3.25732211950773,0.68400633040344,0.136801266080688,0.00913384952870665,2.12232667445126e-05,0.0427407288864068,0.00714330431428126,0.00714291356401322,0.0213124444708228,7,0,0,1.09990236022935,TD3,NaN,mathworks_style_single_run,NaN,17-Jun-2026 14:31:17
253,0.785398163397448,0.349065850398866,-5,-10,full_final,0.27,5401,1.5743039236858,0.349065850398866,10,0.0389045961906849,0.00707937531538614,0.331278621109149,NaN,NaN,0.144100564543765,1.22694913409119,0.144100564543765,1.22694913409119,0.349065850398866,0.161945955575287,0.0739020962176382,0.307681126445601,1.85185185185185,0.00220183500049128,0.000523275164016679,0.000489203344994585,0.0514612328725401,1.05207012661686,0.229010076925279,0.848185470093625,0.00112355821026332,5.47699187099691e-06,0.0645083460079311,0.111853462463219,0.111735961822928,0.790123961865902,1.85185185185185,1,1,1000,TD3,NaN,mathworks_style_single_run,NaN,17-Jun-2026 14:31:19
254,0.785398163397448,0.349065850398866,-5,0,full_final,5,100001,0.785398163397448,3.14121070478311,20.2181918315357,0.75262070571423,1.24824359889837,1.32777958564527,1.27525,NaN,0.00606186101535319,0.2516770426044,-0.000816712025003075,-0.2516770426044,0.010034945706004,0.006733562864249,0.00673339856539572,0.0189565628247035,7,0.00858087113863343,0.00148555971124114,0.00142303655008487,0.149694837615765,3.19861578209057,0.680768052475468,0.136153610495094,0.00445251551281554,1.03804717728246e-05,0.0298412986071838,0.00718511593886856,0.00718494754382133,0.0215430399402976,7,0,0,2.34113070829447,TD3,NaN,mathworks_style_single_run,NaN,17-Jun-2026 14:31:17
255,0.785398163397448,0.349065850398866,-5,10,full_final,5,100001,0.785398163397448,3.14154843637371,21.252059190937,0.68899860146106,1.16790823528063,1.33089581761222,1.21095,NaN,0.00609598626264238,0.249490151387289,0.000840424137224849,-0.249490151387289,0.0100359498485998,0.00674270599143033,0.00674270165550645,0.0189561547797679,6.5,0.00935969381472316,0.00149197046076204,0.00144190777089656,0.151679975899703,3.00708334872861,0.667593307892582,0.133518661578516,0.00468150318965272,8.48777329224658e-06,0.0305990300161712,0.00718563908146503,0.00718541878828937,0.0215331166982651,6.5,0,0,2.21615692732013,TD3,NaN,mathworks_style_single_run,NaN,17-Jun-2026 14:31:20
256,0.785398163397448,0.349065850398866,0,-10,full_final,5,100001,0.845604544195743,3.14135232120679,23.7819177238018,0.644629223053907,1.02412266928921,1.46683485058248,1.7821,NaN,0.0060767679667937,0.249630603812262,0.000719842299860338,-0.249630603812262,0.0100376517855987,0.00669835350634369,0.00669783547695971,0.0189505146515856,7,0.0129174082006088,0.0019714087462682,0.00187440454989483,0.197176021027728,4.21453968943682,0.890449770050742,0.178089954010148,0.0109183637434303,1.67415993484874e-05,0.046729784385187,0.00716025422609798,0.00715998797710942,0.0215732529759407,7,0,0,2.19567876649225,TD3,NaN,mathworks_style_single_run,NaN,17-Jun-2026 14:31:11
257,0.785398163397448,0.349065850398866,0,0,full_final,5,100001,0.785783597150351,0.349825531288562,8.71456446424586,0.0922642221230558,0.00964010677153513,1.40087740058257,0.93925,NaN,0.00606987181711914,0.249578694744128,0.000765568776173525,-0.249578694744128,0.0100378288179797,0.00673124941561333,0.0067311389004974,0.0189536871131626,7,0.00204551330914495,0.000543621241751992,0.000496095739737701,0.0521862711098175,1.1986090930445,0.240940399302055,0.048188079860411,0.00230115472718249,8.15034347193212e-06,0.0214529938571869,0.00719746590299984,0.00719736355536888,0.0215758746489882,6.5,0,0,1.05683345001637,TD3,NaN,mathworks_style_single_run,NaN,17-Jun-2026 14:31:26
258,0.785398163397448,0.349065850398866,0,10,full_final,5,100001,0.785398163397448,3.14112566778322,20.2752726578517,0.719829027695752,1.23140740066166,1.30211481511212,1.1776,NaN,0.00603385068797397,0.250521836615296,5.6052540735189e-05,-0.250521836615296,0.0100355055021637,0.00667375395803317,0.00667283742601748,0.0189549617126268,7,0.0131608720865465,0.00230374109471837,0.00218945819273519,0.230317758604623,4.76012230819351,1.03636978673113,0.207273957346227,0.00874064787698386,1.93352490358579e-05,0.0418106394999738,0.00717386310846003,0.0071736360822722,0.021591923199594,7,0,0,2.26266301482483,TD3,NaN,mathworks_style_single_run,NaN,17-Jun-2026 14:31:18
259,0.785398163397448,0.349065850398866,5,-10,full_final,5,100001,1.47371062181117,3.14108095878413,29.2976779932772,0.553840952750612,0.895116205122218,1.553082256318,1.73085,NaN,0.00606634941281941,0.251677196387374,-0.000817327278248141,-0.251677196387374,0.0100341159165487,0.00674224712773582,0.006742200187401,0.0189558854100316,6.5,0.0331348862580088,0.0052041563521827,0.00486600521666063,0.511874316019525,10.7939067545858,2.3103602531479,0.462072050629579,0.036730493678788,5.91542321417535e-05,0.085709385342316,0.00720505449440485,0.00720505426505347,0.0215647639706731,6.5,0,0,2.0598802513889,TD3,NaN,mathworks_style_single_run,NaN,17-Jun-2026 14:31:18
260,0.785398163397448,0.349065850398866,5,0,full_final,5,100001,0.915406883322991,0.349952922220886,5.92665213094613,0.116676653166183,0.0109895136458306,1.68605923687125,1.57875,NaN,0.00608578526525307,0.251709458785051,-0.000857150790250398,-0.251709458785051,0.0100253040862812,0.00673495189182982,0.00673493903603163,0.0189353388716857,6.5,0.00220032006461583,0.000513882237498321,0.000459110799735685,0.0482956791306442,1.04118353777083,0.216404014595243,0.0432808029190487,0.00397739401079348,9.63398034733764e-06,0.0282042337630132,0.00718437032773354,0.00718428113865836,0.0215866677463055,6.5,0,0,1.24866880098551,TD3,NaN,mathworks_style_single_run,NaN,17-Jun-2026 14:31:08
261,0.785398163397448,0.349065850398866,5,10,full_final,5,100001,0.818413519850878,3.14114153762077,19.4838870733266,0.749990280484625,1.28490212650598,1.27618028955008,1.30585,NaN,0.00601190310649437,0.251061646571291,-0.000352292243075643,-0.251061646571291,0.0100282820443567,0.00669421308867024,0.00669355292686014,0.0189534320539799,7,0.0135111860462113,0.00242233918559842,0.00232618134136239,0.24470020684943,5.0878572550732,1.10638748056628,0.221277496113256,0.00528285252998046,1.53821095027272e-05,0.0325049304874829,0.00718900430494959,0.00718889756105239,0.0212762719020247,7,0,0,2.3092110814831,TD3,NaN,mathworks_style_single_run,NaN,17-Jun-2026 14:31:26
262,0.785398163397448,0.785398163397448,-5,-10,full_final,5,100001,0.785398163397448,0.785398163397448,10,0.137788197301907,0.0275777032304811,1.42299072866301,1.2783,NaN,0.00602774245823554,0.251576650962093,-0.000750578853789465,-0.251576650962093,0.0100381529166293,0.00671656253847087,0.00671623797706415,0.0189547729983883,7,0.000538774000100554,8.45704449580296e-05,8.19420827335336e-05,0.00861981146440854,0.195369928090488,0.0358443069165197,0.00716886138330394,0.000183953523605439,3.32422064129484e-07,0.00606553416617925,0.00716727144470504,0.00716702105445242,0.0215321471914649,7,0,0,1.15784396224381,TD3,NaN,mathworks_style_single_run,NaN,17-Jun-2026 14:31:18
263,0.785398163397448,0.785398163397448,-5,0,full_final,5,100001,1.04471919716309,3.14132647073098,17.0498823535177,0.855263752580219,1.45338579189288,1.78540440112026,2.2053,NaN,0.00605761729618914,0.250067813440547,0.000403715982616523,-0.250067813440547,0.0100340264326053,0.0066789985268677,0.00667812065723434,0.0189554966431844,7,0.0068139923892861,0.00109977342978086,0.00107989727710933,0.113598661628858,2.56107687250305,0.522621858796056,0.104524371759211,0.00112453408600565,2.9790860393605e-06,0.0149968935850438,0.00717369137244963,0.00717345030707946,0.021507004275918,7,0,0,2.77477262694369,TD3,NaN,mathworks_style_single_run,NaN,17-Jun-2026 14:31:27
264,0.785398163397448,0.785398163397448,-5,10,full_final,5,100001,0.785398163397448,3.14128041988078,19.5728195754408,0.695257278891498,1.24593109235592,1.25856577387671,1.3167,NaN,0.00601838939982,0.250819398106112,-0.000168162330658736,-0.250819398106112,0.0100298425469123,0.00668281279763668,0.00668199928944453,0.0189521785251916,7,0.00633083803071799,0.000971028091708588,0.000958646385453353,0.100843801231122,1.99231998911296,0.442996267915544,0.0885992535831088,0.00115082896142918,1.91392907403451e-06,0.0151712159132298,0.00718495260214101,0.00718480897932233,0.0213366253301501,7,0,0,2.190525392987,TD3,NaN,mathworks_style_single_run,NaN,17-Jun-2026 14:31:18
265,0.785398163397448,0.785398163397448,0,-10,full_final,0.245,4901,1.58204963988056,0.785398163397448,11.1077953220867,0.0635841839791336,0.0233183340431062,0.27562810682541,NaN,NaN,0.259562108823056,1.12502466035704,0.259562108823056,1.12502466035704,0.785398163397448,0.308578935107979,0.166878611139064,0.710364808547054,2.04081632653061,0.00152574922144225,0.000301563552478491,0.00028327389202391,0.0297987000156644,0.626068993720931,0.133473444227166,0.544789568274147,0.0011009969449769,3.06636022352812e-06,0.0670362967468994,0.0890726086213543,0.0890168208200854,0.654341354966164,16.3265306122449,1,1,1000,TD3,NaN,mathworks_style_single_run,NaN,17-Jun-2026 14:31:11
266,0.785398163397448,0.785398163397448,0,0,full_final,5,100001,0.785745606358272,3.14128078864663,17.1821046760933,0.856744304411095,1.44619707632239,1.38606739477694,1.74595,NaN,0.00601452727015264,0.251265987340085,-0.00050621715579708,-0.251265987340085,0.010031980258075,0.00670811990658699,0.00670762833795947,0.018953471204477,7,0.0114378988228568,0.00203707419465086,0.00197001818781911,0.20723399740372,4.50637084827082,0.950350413597423,0.190070082719485,0.00334361896242266,1.10340092982649e-05,0.0258596943617772,0.00719528032015933,0.00719520892151169,0.0214024474844337,7,0,0,2.57750411661911,TD3,NaN,mathworks_style_single_run,NaN,17-Jun-2026 14:31:18
267,0.785398163397448,0.785398163397448,0,10,full_final,5,100001,0.785398163397448,3.14135948196512,18.4132318182546,0.757896756307945,1.33207781204328,1.41837096070302,1.6393,NaN,0.00607179960463282,0.249599834560243,0.000745199114350264,-0.249599834560243,0.0100212765859415,0.00670057512984571,0.00670011788116752,0.0189358182709682,7,0.00946126327833105,0.00168004961292319,0.00162838421109874,0.171296169477843,3.64469766028049,0.775539326061406,0.155107865212281,0.00251655932206051,8.64878957646236e-06,0.0224346130880856,0.00715162763524159,0.0071513398499403,0.0214474704116583,7,0,0,2.39693586234308,TD3,NaN,mathworks_style_single_run,NaN,17-Jun-2026 14:31:10
268,0.785398163397448,0.785398163397448,5,-10,full_final,5,100001,0.82673990196464,3.14116082262009,24.335072156523,0.667957963977494,1.04276786030687,1.47608113527725,1.82245,NaN,0.00598553496850842,0.250142890287612,0.000333810028268546,-0.250142890287612,0.0100376463893091,0.00666785495014293,0.00666693452660556,0.0189474502346805,7,0.0186968564801104,0.0031044621378049,0.00295185554835055,0.310517348938915,6.49970462126038,1.39797396697377,0.279594793394754,0.013526316910217,2.57898637403275e-05,0.0520121464856375,0.00715815319910135,0.00715790337263047,0.0216093417257071,7,0,0,2.24550324415618,TD3,NaN,mathworks_style_single_run,NaN,17-Jun-2026 14:31:20
269,0.785398163397448,0.785398163397448,5,0,full_final,5,100001,0.825784220688273,3.14158217698841,18.0422286325811,0.837478437178797,1.40582686426417,1.24026103716883,1.5389,NaN,0.0059630003307729,0.250581203109039,1.76228368425396e-05,-0.250581203109039,0.0100349031557589,0.00665432454680294,0.00665307942414764,0.0189564783557978,7,0.0147328095302301,0.00260408654811249,0.00252268550421375,0.265371256196055,5.59371693088066,1.20761382690588,0.241522765381175,0.00388227671767999,1.31727502243385e-05,0.0278649482959505,0.00712171382034426,0.00712108105895363,0.021547419950366,7,0,0,2.46516241155845,TD3,NaN,mathworks_style_single_run,NaN,17-Jun-2026 14:31:21
270,0.785398163397448,0.785398163397448,5,10,full_final,0.62,12401,1.57686944657249,3.1415019058757,17.4825701359677,0.730774271890104,1.4136629947839,0.334982828258422,NaN,NaN,1.14236510012602,0.529552934211881,-0.418921397392656,0.408812876966077,3.1415019058757,1.5099479425883,1.50779955430956,6.28234519909502,1.61290322580645,0.0149008790555004,0.00262072999818426,0.00254706256239855,0.26793557526875,5.75195417871456,1.22362647675992,1.97359109154826,0.00308302384092106,1.18277258023831e-05,0.0705168001135884,0.166169594211006,0.166169501812434,1.18310971558094,9.67741935483871,1,1,1000,TD3,NaN,mathworks_style_single_run,NaN,17-Jun-2026 14:31:15
271,0.785398163397448,1.5707963267949,-5,-10,full_final,0.74,14801,1.57768542307262,3.14151027005182,16.2130651898752,0.939232509565984,1.71703636411767,0.303515269918058,NaN,NaN,1.30580405758769,0.405413469840512,-0.284878712852573,0.242192946731274,3.14151027005182,1.52323547111938,1.5107817511667,6.28245181658754,0.675675675675676,0.0124705045447796,0.00220804330081573,0.00214848544247425,0.226007673107087,4.99246153096275,1.04209493293004,1.4082363958514,0.00229265083030944,9.71712966599644e-06,0.0556612683804049,0.139605149802017,0.138950430436548,1.19788974523544,8.78378378378378,1,1,1000,TD3,NaN,mathworks_style_single_run,NaN,17-Jun-2026 14:31:07
272,0.785398163397448,1.5707963267949,-5,0,full_final,5,100001,0.785398163397448,3.14152810439336,21.1956345571836,1.71496946013478,3.35815981090543,1.22892186701037,2.0251,NaN,0.00601826167058154,0.251483377414559,-0.000684347437680484,-0.251483377414559,0.0100199800460232,0.00671804354279393,0.00671779330373878,0.0189369888159074,7,0.0192587005836413,0.00295278226872083,0.00282651101841489,0.29733186255515,6.4566857977769,1.36773681028658,0.273547362057316,0.0136322680335581,2.12059590226766e-05,0.0522154537154626,0.00718457690676175,0.00718453982713724,0.0213281037285924,7,0,0,4.2165108653217,TD3,NaN,mathworks_style_single_run,NaN,17-Jun-2026 14:31:14
273,0.785398163397448,1.5707963267949,-5,10,full_final,5,100001,0.785398163397448,3.14142423358117,21.9733417101721,1.5072723358937,2.80016199781162,1.36121082474807,2.1934,NaN,0.00601656874456797,0.250623875843488,-3.0049492121712e-05,-0.250623875843488,0.0100190951206658,0.00666967887113661,0.00666878247924292,0.0189388907454218,7,0.0195977942983404,0.00298517128326974,0.00285539025793057,0.300369783871724,6.44477420293402,1.37165784768701,0.274331569537402,0.0143677770690757,2.19416107482539e-05,0.0536055539456048,0.00716399264659051,0.00716378576282004,0.0212171990424395,7,0,0,3.86729925138883,TD3,NaN,mathworks_style_single_run,NaN,17-Jun-2026 14:31:22
274,0.785398163397448,1.5707963267949,0,-10,full_final,0.86,17201,1.57318693470553,3.14129656243162,15.8437456164459,0.939011254159317,1.68658321015037,0.446915072494405,NaN,NaN,0.766369282475914,0.673511292702068,-0.700319298165791,0.507100981505832,3.00849984633205,1.40039316791415,1.38931293809411,6.28242199273321,0.581395348837209,0.00785615414025403,0.00123617780462215,0.00121697164967003,0.128018056507038,2.95886537809164,0.601647540544778,0.699590163424161,0.00123952639062101,2.70140125603238e-06,0.0379645855572803,0.0969506061039477,0.0969287683355625,0.573221981525421,13.953488372093,1,1,1000,TD3,NaN,mathworks_style_single_run,NaN,17-Jun-2026 14:31:17
275,0.785398163397448,1.5707963267949,0,0,full_final,5,100001,0.785398163397448,3.14146013260012,21.3603434427842,1.71287435421152,3.37299155815703,1.22152921656209,2.00305,NaN,0.00606236271243351,0.251679136189783,-0.0008331358232235,-0.251679136189783,0.0100241607213141,0.00672865945100068,0.00672855556269678,0.0189348523812716,7,0.0223980738825421,0.00359037390875581,0.00342372200131117,0.360154845634312,7.82330830225654,1.66058457336919,0.332116914673838,0.0162168420336689,2.83383338224694e-05,0.0569505786338802,0.00717413296349068,0.00717398509558583,0.0215536085888743,7,0,0,4.20984543096282,TD3,NaN,mathworks_style_single_run,NaN,17-Jun-2026 14:31:18
276,0.785398163397448,1.5707963267949,0,10,full_final,5,100001,0.785398163397448,3.14158006182853,22.3982388667026,1.4924739236321,2.75605495567771,1.39294108105344,2.2272,NaN,0.00609464102815493,0.2494452559626,0.000861255869557276,-0.2494452559626,0.0100315900712866,0.00672668897459784,0.00672658291544982,0.0189423824711086,7,0.0208282454681853,0.00332551969503948,0.00316835252741431,0.333291521621492,7.20206083835397,1.52831216792112,0.305662433584224,0.0156044517873341,2.68855906796583e-05,0.0558649295843718,0.00715073009515785,0.00715040328266575,0.0215919865295291,7,0,0,3.85534643914192,TD3,NaN,mathworks_style_single_run,NaN,17-Jun-2026 14:31:26
277,0.785398163397448,1.5707963267949,5,-10,full_final,1.195,23901,1.57163027173195,3.14141512732069,16.0489055277859,0.943556440235726,1.66817381138277,0.900078151513202,1.0571,NaN,0.0471043372750245,1.37916751712054,0.0471043372750245,1.37916751712054,0.112203511528101,1.19998807470029,1.19906385501781,6.28240640151362,1.00005000250012,0.0100442481913132,0.00177868249106236,0.00172441352116423,0.181397872048834,3.98016701104848,0.834893477473192,0.69865562968468,0.00259113629443255,8.93953804265667e-06,0.0465651682133602,0.0789197184968826,0.0788161493303066,0.397903367877007,16.5829145728643,1,1,1000,TD3,NaN,mathworks_style_single_run,NaN,17-Jun-2026 14:31:13
278,0.785398163397448,1.5707963267949,5,0,full_final,5,100001,0.831206508324871,3.14155705842848,21.042753169366,1.69266825502887,3.39792132161683,1.21187507782265,1.46125,NaN,0.00608078707150026,0.249690541180873,0.000689694955605468,-0.249690541180873,0.0100611903502927,0.00668586809800109,0.00668565072069474,0.0190450150743691,7,0.0289009722870393,0.00474688651273727,0.00455839062501047,0.479515121631608,10.2128136412178,2.19310516435136,0.438621032870272,0.0162863430017493,3.17938945695759e-05,0.0570724854930103,0.00715184314091047,0.00715160170657503,0.0212923446670175,7,0,0,4.16528021551321,TD3,NaN,mathworks_style_single_run,NaN,17-Jun-2026 14:31:28
279,0.785398163397448,1.5707963267949,5,10,full_final,5,100001,0.828416701608429,3.14153779618737,23.7718194642901,1.472910176153,2.7006978254693,1.44501119290868,2.2776,NaN,0.00595290076669908,0.25113304413452,-0.000413498011106171,-0.25113304413452,0.0100198345521023,0.00666495473726894,0.00666396000377337,0.0189371780960474,7,0.0274544678607402,0.00451800931127585,0.00431652334873193,0.454072147138137,9.65177520919616,2.06876442168102,0.413752884336204,0.018024144792415,3.4259663352622e-05,0.0600402278350357,0.00710309473912089,0.00710238147900397,0.0213132044300437,7,0,0,3.83971720366895,TD3,NaN,mathworks_style_single_run,NaN,17-Jun-2026 14:31:28
280,0.785398163397448,2.35619449019234,-5,-10,full_final,5,100001,0.893207252871219,3.14137603226017,24.8877458828731,1.86803063334571,3.37017894519721,1.60011621613232,2.6547,NaN,0.00609086119745684,0.24956227648626,0.000789139638519318,-0.24956227648626,0.0100356149211129,0.00671777731599405,0.00671741302653226,0.018954097308836,7,0.0407365157598291,0.00656725736867328,0.00624591498089466,0.657032476622717,14.0347081890161,2.9995487867345,0.599909757346899,0.0312244929483147,5.49181320547234e-05,0.0790246707659257,0.00716233126572483,0.00716199386517846,0.0215138699859381,7,0,0,4.71186171410521,TD3,NaN,mathworks_style_single_run,NaN,17-Jun-2026 14:31:28
281,0.785398163397448,2.35619449019234,-5,0,full_final,5,100001,1.01794119219524,3.14156310665572,19.2925222205052,2.66325426460434,5.53875784761282,1.36049552405267,2.2345,NaN,0.00605513570246234,0.249603114161824,0.000743586183186829,-0.249603114161824,0.0100309601898887,0.00672449589756515,0.00672434275980692,0.0189418488249995,7,0.0364162885593482,0.0057854111131758,0.00556710120322929,0.58562537312077,12.6210277055169,2.69479791800578,0.538959583601155,0.0208632946067377,3.66635284855104e-05,0.0645961215658305,0.00719459567866346,0.00719450409788548,0.0215982887893915,6.5,0,0,6.18065684581469,TD3,NaN,mathworks_style_single_run,NaN,17-Jun-2026 14:31:28
282,0.785398163397448,2.35619449019234,-5,10,full_final,5,100001,1.50330220022623,3.14155722827312,20.1358744387481,1.61325081472257,3.18259685727185,1.57035568824912,2.3052,NaN,0.0060679535880803,0.251687393173082,-0.000836827749188123,-0.251687393173082,0.0100195488982453,0.00673695790213038,0.00673694161628574,0.0189375145696946,6.5,0.028027858480076,0.00429107217533822,0.00406891840132327,0.428025604346958,9.49477397954769,1.97782274513457,0.395564549026914,0.0245425770609555,3.78902047205014e-05,0.0700607979699853,0.0071904483595553,0.00719044051976796,0.0212673470377922,6.5,0,0,4.18599743936877,TD3,NaN,mathworks_style_single_run,NaN,17-Jun-2026 14:31:29
283,0.785398163397448,2.35619449019234,0,-10,full_final,5,100001,0.997611900271981,3.14133746804182,20.9694700684149,1.94970851061984,3.77995515851316,1.31954816958174,2.15945,NaN,0.00606893141709922,0.251686999493615,-0.000838937962059623,-0.251686999493615,0.010020551456877,0.00673593325010367,0.00673591994545796,0.0189365442870932,6.5,0.0281084949043981,0.00455615896526435,0.0043457069088602,0.457142081142427,9.88918375310793,2.10229196406698,0.420458392813395,0.0200178608955368,3.60645449843441e-05,0.0632737874566346,0.00718942033086155,0.00718941035884207,0.0214030286297202,6.5,0,0,4.73310884843737,TD3,NaN,mathworks_style_single_run,NaN,17-Jun-2026 14:31:23
284,0.785398163397448,2.35619449019234,0,0,full_final,5,100001,0.894737505647594,3.14158759183249,20.9933843273408,2.49792457877719,5.18028727269762,1.34612946308585,2.1095,NaN,0.0059597351053136,0.250413031215834,0.000130681605156421,-0.250413031215834,0.0100218408679626,0.00665032447901705,0.00664915470380992,0.0189330994171071,7,0.0380191731030369,0.00584833479956366,0.00554816099063329,0.583632977318425,12.6515635739177,2.69217304341194,0.538434608682387,0.0330706448945664,5.16169202706328e-05,0.081327295411278,0.00714337974344003,0.00714299978920328,0.0216275341808796,7,0,0,5.84207967613191,TD3,NaN,mathworks_style_single_run,NaN,17-Jun-2026 14:31:17
285,0.785398163397448,2.35619449019234,0,10,full_final,5,100001,0.785398163397448,3.14154967068621,21.4046723221666,1.39088931792165,2.72956832974878,1.18944483784613,1.68725,NaN,0.00594664230106891,0.250944919536369,-0.000264811536799826,-0.250944919536369,0.0100188995451127,0.00665500443291783,0.00665382665433687,0.0189400932940713,7,0.0193927194577702,0.00303006079706287,0.00287722892558546,0.302667079614512,6.65287966605739,1.40374159180054,0.280748318360109,0.0161034074898427,2.61037074024926e-05,0.0567510484305668,0.00709200694526037,0.00709117658847791,0.0210735611617565,7,0,0,3.54742646215485,TD3,NaN,mathworks_style_single_run,NaN,17-Jun-2026 14:31:25
286,0.785398163397448,2.35619449019234,5,-10,full_final,5,100001,1.06298284033288,3.14159072487144,20.8812902942629,1.98197487586108,4.04868632969765,1.54360089063162,1.7091,NaN,0.00596269442434041,0.250539620185893,5.12849255044661e-05,-0.250539620185893,0.0100321042915494,0.00665658124380319,0.00665532543288039,0.0189524417201743,7,0.0283565165794158,0.00431314975310781,0.00409968727627414,0.431262303881568,9.4342493121409,1.99123862574441,0.398247725148882,0.0239380024553014,3.64156977134334e-05,0.069192488689599,0.0071319011693708,0.00713133301621308,0.0213115504011512,7,0,0,4.90796837595567,TD3,NaN,mathworks_style_single_run,NaN,17-Jun-2026 14:31:27
287,0.785398163397448,2.35619449019234,5,0,full_final,5,100001,0.847616748957701,3.14155696199674,19.3881499623627,2.39935884670554,4.93666437706914,1.29358219393316,2.11795,NaN,0.00595597693154205,0.250827941634925,-0.000172814357919745,-0.250827941634925,0.0100359522829618,0.00665405277672169,0.00665283043931831,0.018956083928658,7,0.0243936935528552,0.00374654077651877,0.00360507431071174,0.379232011646206,8.3290461370041,1.75926506206058,0.351853012412116,0.0152131563979496,2.38665386397243e-05,0.0551600514828433,0.00709904719548334,0.0070982218128403,0.0215608282014728,7,0,0,5.61668991349418,TD3,NaN,mathworks_style_single_run,NaN,17-Jun-2026 14:31:34
288,0.785398163397448,2.35619449019234,5,10,full_final,5,100001,1.26524446457519,3.14132231077328,26.8240839568796,1.1365734696173,2.08321971518382,1.55628664272112,2.05945,NaN,0.00604925610937748,0.250110529293484,0.000369168981778371,-0.250110529293484,0.0100284151259236,0.00667570679906096,0.0066748214909132,0.0189536398603356,7,0.0367622701318137,0.00587767807832969,0.00559297447496802,0.58834708480926,12.882441449942,2.69556599703457,0.539113199406914,0.0276072002820476,4.77145996542239e-05,0.0743063931059066,0.00716733289234649,0.00716707799442287,0.0211259741336107,7,0,0,3.22573747588804,TD3,NaN,mathworks_style_single_run,NaN,17-Jun-2026 14:31:27
289,0.785398163397448,3.14159265358979,-5,-10,full_final,5,100001,0.921342044659411,3.14159265358979,24.5278034746072,2.05000108886879,3.86831542198659,1.58627876506837,2.6681,NaN,0.0060969396151858,0.249477892705153,0.000853443612219793,-0.249477892705153,0.0100270112808554,0.00674428825959078,0.0067442882578363,0.0189507326624003,6.5,0.0459929523714233,0.00702759161751638,0.00663026700481969,0.697463984727909,14.9217609485754,3.18761134925875,0.637522269851749,0.044207840576799,6.7881367163728e-05,0.0940296129703819,0.00717659060502569,0.00717634065148915,0.0210894430056214,7,0,0,5.07029921973792,TD3,NaN,mathworks_style_single_run,NaN,17-Jun-2026 14:31:34
290,0.785398163397448,3.14159265358979,-5,0,full_final,5,100001,1.19227443427181,3.14159265358979,21.8091329005522,3.07141319641187,6.77499566204273,1.46512298439603,2.511,NaN,0.00609684720439053,0.249445522748502,0.000860235774733845,-0.249445522748502,0.0100392541913103,0.00672675970475703,0.00672663935397201,0.0189482840905333,7,0.126572750397431,0.0194626029281698,0.0181698914803197,1.91136268037551,40.385776166918,8.72288396761608,1.74457679352322,0.139885105516448,0.000216983372802816,0.167263328626718,0.00715219678996161,0.00715186344522615,0.0215715141966939,7,0,0,7.0633265997658,TD3,NaN,mathworks_style_single_run,NaN,17-Jun-2026 14:31:34
291,0.785398163397448,3.14159265358979,-5,10,full_final,5,100001,0.785398163397448,3.14159265358979,25.0812346618218,2.09795047119637,4.19843173655009,1.27430401494734,2.2435,NaN,0.00605146965209283,0.249656122626108,0.0007154436060629,-0.249656122626108,0.0100222678464037,0.00672633659042185,0.00672611844375576,0.018946456830518,7,0.0483983820112461,0.00737168968487436,0.00694607288046897,0.73068485264631,15.7587399083352,3.35921307968786,0.671842615937571,0.0473584974582438,7.22391504041218e-05,0.0973226566203819,0.00720431392698989,0.00720424050002542,0.0210680179297924,6.5,0,0,5.00962413917415,TD3,NaN,mathworks_style_single_run,NaN,17-Jun-2026 14:31:20
292,0.785398163397448,3.14159265358979,0,-10,full_final,5,100001,1.07122205426707,3.14159265358979,20.7252426796652,2.14069096318547,4.47959354055183,1.40333890269762,1.584,NaN,0.00603891949553953,0.251608618090118,-0.000777545159794644,-0.251608618090118,0.010019529601875,0.00672988442200031,0.00672977767323487,0.0189380183431163,7,0.0673919722554754,0.0103361019372205,0.00969945442093726,1.02032393645625,21.6979300911619,4.66607397370674,0.933214794741348,0.0698444231188851,0.000107949571601387,0.118190036059632,0.0071918445828178,0.00719184207305309,0.0212600762024522,6.5,0,0,5.1618818033939,TD3,NaN,mathworks_style_single_run,NaN,17-Jun-2026 14:31:27
293,0.785398163397448,3.14159265358979,0,0,full_final,5,100001,1.08779509319459,3.14159265358979,19.4486144998972,4.04352368594763,9.48014535214082,1.44519110663709,2.70695,NaN,0.00597318233388913,0.251265510565523,-0.000511053477931395,-0.251265510565523,0.0100389339003992,0.00667973009416638,0.0066788917226543,0.0189560953557875,7,0.298026403101658,0.0453772663959204,0.0420509515972963,4.42350575645459,92.8965774432298,20.127458130363,4.02549162607261,0.363419210417903,0.000553710377691926,0.269599410391753,0.00712633155678684,0.00712572002596545,0.0215336056426167,7,0,0,9.0198482575951,TD3,NaN,mathworks_style_single_run,NaN,17-Jun-2026 14:31:27
294,0.785398163397448,3.14159265358979,0,10,full_final,5,100001,0.785482970227037,3.14159265358979,21.1271741665104,1.22200786466289,2.32329904346426,1.21892372281735,1.1709,NaN,0.00602249233459061,0.25079096727991,-0.000145827709404237,-0.25079096727991,0.0100337275105358,0.00668218209769508,0.00668134577311241,0.0189553582745776,7,0.0192720446770603,0.00297033205842169,0.00281440137902876,0.296058001738724,6.57292148419907,1.37983315542434,0.275966631084867,0.0170529479447892,2.67199881682099e-05,0.0584002533295691,0.00718517281388916,0.0071850194488461,0.0215080324560404,7,0,0,3.22608280991134,TD3,NaN,mathworks_style_single_run,NaN,17-Jun-2026 14:31:22
295,0.785398163397448,3.14159265358979,5,-10,full_final,5,100001,1.18848456791954,3.14159265358979,20.2489781300876,3.00322646529426,6.38188813043094,1.55805339219361,2.31575,NaN,0.00600632211693227,0.251316267435492,-0.000558913292733918,-0.251316267435492,0.010020373477565,0.00670394222563252,0.00670351713620838,0.0189363131527713,7,0.111112633721197,0.0171980948920159,0.0160930831300226,1.69289500381566,35.820296414989,7.72761327820628,1.54552265564126,0.118241014294257,0.00018580271277282,0.15377972187142,0.00718211323952836,0.00718205537928025,0.0213848231360316,7,0,0,6.96914134615423,TD3,NaN,mathworks_style_single_run,NaN,17-Jun-2026 14:31:28
296,0.785398163397448,3.14159265358979,5,0,full_final,1.195,23901,1.5759289732023,3.14159265358979,25.3294664906802,2.10515209633583,4.59857137974375,0.384634672876237,NaN,NaN,1.392511685296,0.350668417255226,-0.22138724209349,0.192480351081234,3.14154819335714,1.84595579615136,1.84537581765936,6.28298968049909,1.50007500375019,0.124581224898469,0.0192413001993363,0.0178831426822805,1.88119844126554,40.0187419843285,8.59154919633459,7.1895809174348,0.146003973681455,0.000227920856445204,0.349541209979626,0.285035267346983,0.285019811950591,1.97667008638382,13.0653266331658,1,1,1000,TD3,NaN,mathworks_style_single_run,NaN,17-Jun-2026 14:31:23
297,0.785398163397448,3.14159265358979,5,10,full_final,0.335,6701,1.57199593453446,3.14159265358979,17.9552170661038,0.414781546298605,0.783843735971276,0.180981650233351,NaN,NaN,1.23820743431362,0.540339009359199,-1.233263639274,0.540339009359199,3.14159265358979,1.52977759992121,0.905141039432726,6.28268530779252,2.98507462686567,0.00921735510382157,0.00152824061755111,0.00146195199387277,0.153788506916268,3.66913053766158,0.7362473686528,2.19775333926209,0.00503101505247763,1.04448949360446e-05,0.122547767750091,0.172911683931614,0.172504027849969,0.846466064453125,11.9402985074627,1,1,1000,TD3,NaN,mathworks_style_single_run,NaN,17-Jun-2026 14:31:23
