Training console diary: C:\Users\abuj\Code\Reinforcement-Learning-Furuta-Inverted-Pendulum\results\TD3\run_20260708_143303_td3_mathworks_style_pi_current_1c_500hz_theta1_offset_scratch\training_console.log
Starting parallel pool (parpool) using the 'Processes' profile ...
Preserving jobs with IDs: 1 because they contain crash dump files.
You can use 'delete(myCluster.Jobs)' to remove all jobs created with profile Processes. To create 'myCluster' use 'myCluster = parcluster('Processes')'.
Connected to parallel pool with 22 workers.
Episode:   1/2000 | Episode reward:    16.56 | Episode steps:   38 | Average reward:    16.56 | Step Count:   38 | Episode Q0:    -0.15
Episode:   2/2000 | Episode reward:    19.02 | Episode steps:   42 | Average reward:    17.79 | Step Count:   80 | Episode Q0:    -0.15
Episode:   3/2000 | Episode reward:     6.11 | Episode steps:   78 | Average reward:    13.90 | Step Count:  158 | Episode Q0:    -0.15
Episode:   4/2000 | Episode reward:    14.43 | Episode steps:   81 | Average reward:    14.03 | Step Count:  239 | Episode Q0:    -0.15
Episode:   5/2000 | Episode reward:    17.88 | Episode steps:   74 | Average reward:    14.80 | Step Count:  313 | Episode Q0:    -0.15
Episode:   6/2000 | Episode reward:    22.18 | Episode steps:   93 | Average reward:    16.03 | Step Count:  406 | Episode Q0:    -0.15
Episode:   7/2000 | Episode reward:    53.60 | Episode steps:  119 | Average reward:    21.40 | Step Count:  525 | Episode Q0:    -0.15
Episode:   8/2000 | Episode reward:    17.41 | Episode steps:   44 | Average reward:    20.90 | Step Count:  569 | Episode Q0:    -0.15
Episode:   9/2000 | Episode reward:    19.13 | Episode steps:   77 | Average reward:    20.70 | Step Count:  646 | Episode Q0:    -0.15
Episode:  10/2000 | Episode reward:    18.85 | Episode steps:   41 | Average reward:    20.52 | Step Count:  687 | Episode Q0:    -0.15
Episode:  11/2000 | Episode reward:    24.44 | Episode steps:   53 | Average reward:    21.31 | Step Count:  740 | Episode Q0:    -0.15
Episode:  12/2000 | Episode reward:    21.08 | Episode steps:   81 | Average reward:    21.51 | Step Count:  821 | Episode Q0:    -0.15
Episode:  13/2000 | Episode reward:    29.47 | Episode steps:   59 | Average reward:    23.85 | Step Count:  880 | Episode Q0:    -0.15
Episode:  14/2000 | Episode reward:    21.23 | Episode steps:   52 | Average reward:    24.53 | Step Count:  932 | Episode Q0:    -0.15
Episode:  15/2000 | Episode reward:    29.01 | Episode steps:   97 | Average reward:    25.64 | Step Count: 1029 | Episode Q0:    -0.15
Episode:  16/2000 | Episode reward:    14.29 | Episode steps:   36 | Average reward:    24.85 | Step Count: 1065 | Episode Q0:    -0.15
Episode:  17/2000 | Episode reward:    17.75 | Episode steps:   43 | Average reward:    21.27 | Step Count: 1108 | Episode Q0:    -0.15
Episode:  18/2000 | Episode reward:    16.62 | Episode steps:   81 | Average reward:    21.19 | Step Count: 1189 | Episode Q0:    -0.15
Episode:  19/2000 | Episode reward:    27.43 | Episode steps:   88 | Average reward:    22.02 | Step Count: 1277 | Episode Q0:    -0.15
Episode:  20/2000 | Episode reward:    15.08 | Episode steps:   40 | Average reward:    21.64 | Step Count: 1317 | Episode Q0:    -0.15
Episode:  21/2000 | Episode reward:    16.19 | Episode steps:   45 | Average reward:    20.82 | Step Count: 1362 | Episode Q0:    -0.15
Episode:  22/2000 | Episode reward:    18.94 | Episode steps:   47 | Average reward:    20.60 | Step Count: 1409 | Episode Q0:    -0.15
Episode:  23/2000 | Episode reward:    20.79 | Episode steps:  110 | Average reward:    19.73 | Step Count: 1519 | Episode Q0:    -0.15
Episode:  24/2000 | Episode reward:    10.55 | Episode steps:   79 | Average reward:    18.66 | Step Count: 1598 | Episode Q0:    -0.15
Episode:  25/2000 | Episode reward:    11.25 | Episode steps:   78 | Average reward:    16.89 | Step Count: 1676 | Episode Q0:    -0.15
Episode:  26/2000 | Episode reward:    15.22 | Episode steps:   81 | Average reward:    16.98 | Step Count: 1757 | Episode Q0:    -0.15
Episode:  27/2000 | Episode reward:    18.93 | Episode steps:   41 | Average reward:    17.10 | Step Count: 1798 | Episode Q0:    -0.15
Episode:  28/2000 | Episode reward:    23.06 | Episode steps:   93 | Average reward:    17.74 | Step Count: 1891 | Episode Q0:    -0.15
Episode:  29/2000 | Episode reward:    43.14 | Episode steps:  109 | Average reward:    19.31 | Step Count: 2000 | Episode Q0:    -0.15
Episode:  30/2000 | Episode reward:    15.00 | Episode steps:   38 | Average reward:    19.31 | Step Count: 2038 | Episode Q0:    -0.15
Episode:  31/2000 | Episode reward:    -4.36 | Episode steps:   73 | Average reward:    17.25 | Step Count: 2111 | Episode Q0:    -0.15
Episode:  32/2000 | Episode reward:    16.69 | Episode steps:   44 | Average reward:    17.03 | Step Count: 2155 | Episode Q0:    -0.15
Episode:  33/2000 | Episode reward:    15.22 | Episode steps:   88 | Average reward:    16.47 | Step Count: 2243 | Episode Q0:    -0.15
Episode:  34/2000 | Episode reward:    15.58 | Episode steps:   80 | Average reward:    16.97 | Step Count: 2323 | Episode Q0:    -0.15
Episode:  35/2000 | Episode reward:    21.60 | Episode steps:   43 | Average reward:    18.01 | Step Count: 2366 | Episode Q0:    -0.15
Episode:  36/2000 | Episode reward:    63.10 | Episode steps:  118 | Average reward:    22.80 | Step Count: 2484 | Episode Q0:    -0.15
Episode:  37/2000 | Episode reward:    17.36 | Episode steps:   47 | Average reward:    22.64 | Step Count: 2531 | Episode Q0:    -0.15
Episode:  38/2000 | Episode reward:    10.58 | Episode steps:   79 | Average reward:    21.39 | Step Count: 2610 | Episode Q0:    -0.15
Episode:  39/2000 | Episode reward:    14.55 | Episode steps:   44 | Average reward:    18.53 | Step Count: 2654 | Episode Q0:    -0.15
Episode:  40/2000 | Episode reward:    15.26 | Episode steps:   91 | Average reward:    18.56 | Step Count: 2745 | Episode Q0:    -0.15
Episode:  41/2000 | Episode reward:    17.47 | Episode steps:   91 | Average reward:    20.74 | Step Count: 2836 | Episode Q0:    -0.15
Episode:  42/2000 | Episode reward:    21.07 | Episode steps:   45 | Average reward:    21.18 | Step Count: 2881 | Episode Q0:    -0.15
Episode:  43/2000 | Episode reward:    24.60 | Episode steps:   47 | Average reward:    22.12 | Step Count: 2928 | Episode Q0:    -0.15
Episode:  44/2000 | Episode reward:    -0.79 | Episode steps:   73 | Average reward:    20.48 | Step Count: 3001 | Episode Q0:    -0.15
Episode:  45/2000 | Episode reward:    35.01 | Episode steps:  108 | Average reward:    21.82 | Step Count: 3109 | Episode Q0:    -0.15
Episode:  46/2000 | Episode reward:    31.07 | Episode steps:   93 | Average reward:    18.62 | Step Count: 3202 | Episode Q0:    -0.15
Episode:  47/2000 | Episode reward:    18.38 | Episode steps:   89 | Average reward:    18.72 | Step Count: 3291 | Episode Q0:    -0.15
Episode:  48/2000 | Episode reward:     8.36 | Episode steps:   72 | Average reward:    18.50 | Step Count: 3363 | Episode Q0:    -0.15
Episode:  49/2000 | Episode reward:    29.89 | Episode steps:  101 | Average reward:    20.03 | Step Count: 3464 | Episode Q0:    -0.15
Episode:  50/2000 | Episode reward:    24.11 | Episode steps:   86 | Average reward:    20.92 | Step Count: 3550 | Episode Q0:    -0.15
Episode:  51/2000 | Episode reward:     8.27 | Episode steps:   90 | Average reward:    20.00 | Step Count: 3640 | Episode Q0:    -0.15
Episode:  52/2000 | Episode reward:    15.74 | Episode steps:   41 | Average reward:    19.46 | Step Count: 3681 | Episode Q0:    -0.15
Episode:  53/2000 | Episode reward:    24.46 | Episode steps:   50 | Average reward:    19.45 | Step Count: 3731 | Episode Q0:    -0.15
Episode:  54/2000 | Episode reward:    21.51 | Episode steps:   80 | Average reward:    21.68 | Step Count: 3811 | Episode Q0:     0.21
Episode:  55/2000 | Episode reward:     1.79 | Episode steps:   84 | Average reward:    18.36 | Step Count: 3895 | Episode Q0:     0.21
Episode:  56/2000 | Episode reward:     4.45 | Episode steps:   76 | Average reward:    15.70 | Step Count: 3971 | Episode Q0:     0.21
Episode:  57/2000 | Episode reward:    16.05 | Episode steps:   87 | Average reward:    15.46 | Step Count: 4058 | Episode Q0:     0.21
Episode:  58/2000 | Episode reward:    34.22 | Episode steps:  107 | Average reward:    18.05 | Step Count: 4165 | Episode Q0:     0.21
Episode:  59/2000 | Episode reward:    30.50 | Episode steps:   58 | Average reward:    18.11 | Step Count: 4223 | Episode Q0:     0.21
Episode:  60/2000 | Episode reward:    10.22 | Episode steps:   36 | Average reward:    16.72 | Step Count: 4259 | Episode Q0:     0.21
Episode:  61/2000 | Episode reward:    20.51 | Episode steps:   95 | Average reward:    17.95 | Step Count: 4354 | Episode Q0:     0.21
Episode:  62/2000 | Episode reward:    17.53 | Episode steps:   44 | Average reward:    18.12 | Step Count: 4398 | Episode Q0:     0.21
Episode:  63/2000 | Episode reward:    41.84 | Episode steps:   64 | Average reward:    19.86 | Step Count: 4462 | Episode Q0:     0.21
Episode:  64/2000 | Episode reward:    13.37 | Episode steps:   82 | Average reward:    19.05 | Step Count: 4544 | Episode Q0:     0.21
Episode:  65/2000 | Episode reward:    14.24 | Episode steps:   78 | Average reward:    20.29 | Step Count: 4622 | Episode Q0:     0.21
Episode:  66/2000 | Episode reward:    19.42 | Episode steps:   83 | Average reward:    21.79 | Step Count: 4705 | Episode Q0:     0.21
Episode:  67/2000 | Episode reward:     0.40 | Episode steps:   71 | Average reward:    20.22 | Step Count: 4776 | Episode Q0:     0.21
Episode:  68/2000 | Episode reward:     0.79 | Episode steps:   70 | Average reward:    16.88 | Step Count: 4846 | Episode Q0:     0.21
Episode:  69/2000 | Episode reward:     2.45 | Episode steps:   73 | Average reward:    14.08 | Step Count: 4919 | Episode Q0:     0.21
Episode:  70/2000 | Episode reward:    18.88 | Episode steps:   88 | Average reward:    14.94 | Step Count: 5007 | Episode Q0:     0.21
Episode:  71/2000 | Episode reward:    -0.02 | Episode steps:   76 | Average reward:    12.89 | Step Count: 5083 | Episode Q0:     0.21
Episode:  72/2000 | Episode reward:     5.88 | Episode steps:   77 | Average reward:    11.72 | Step Count: 5160 | Episode Q0:     0.21
Episode:  73/2000 | Episode reward:    21.29 | Episode steps:   86 | Average reward:     9.67 | Step Count: 5246 | Episode Q0:     0.21
Episode:  74/2000 | Episode reward:    -2.12 | Episode steps:   75 | Average reward:     8.12 | Step Count: 5321 | Episode Q0:     0.21
Episode:  75/2000 | Episode reward:    -4.33 | Episode steps:   69 | Average reward:     6.26 | Step Count: 5390 | Episode Q0:     0.21
Episode:  76/2000 | Episode reward:    22.32 | Episode steps:   43 | Average reward:     6.55 | Step Count: 5433 | Episode Q0:     0.21
Episode:  77/2000 | Episode reward:     9.07 | Episode steps:   78 | Average reward:     7.42 | Step Count: 5511 | Episode Q0:     0.21
Episode:  78/2000 | Episode reward:    -7.72 | Episode steps:   64 | Average reward:     6.57 | Step Count: 5575 | Episode Q0:     0.21
Episode:  79/2000 | Episode reward:    -7.91 | Episode steps:   63 | Average reward:     5.53 | Step Count: 5638 | Episode Q0:     0.21
Episode:  80/2000 | Episode reward:    25.49 | Episode steps:   53 | Average reward:     6.19 | Step Count: 5691 | Episode Q0:     0.21
Episode:  81/2000 | Episode reward:    -2.42 | Episode steps:   75 | Average reward:     5.95 | Step Count: 5766 | Episode Q0:     0.21
Episode:  82/2000 | Episode reward:    28.20 | Episode steps:   57 | Average reward:     8.19 | Step Count: 5823 | Episode Q0:     0.21
Episode:  83/2000 | Episode reward:    28.14 | Episode steps:   56 | Average reward:     8.87 | Step Count: 5879 | Episode Q0:     0.21
Episode:  84/2000 | Episode reward:    18.63 | Episode steps:   88 | Average reward:    10.95 | Step Count: 5967 | Episode Q0:     0.21
Episode:  85/2000 | Episode reward:    39.89 | Episode steps:  112 | Average reward:    15.37 | Step Count: 6079 | Episode Q0:     0.21
Episode:  86/2000 | Episode reward:    14.78 | Episode steps:   37 | Average reward:    14.61 | Step Count: 6116 | Episode Q0:     0.21
Episode:  87/2000 | Episode reward:     4.84 | Episode steps:   71 | Average reward:    14.19 | Step Count: 6187 | Episode Q0:     0.21
Episode:  88/2000 | Episode reward:     9.84 | Episode steps:   79 | Average reward:    15.95 | Step Count: 6266 | Episode Q0:     0.21
Episode:  89/2000 | Episode reward:    -5.35 | Episode steps:   68 | Average reward:    16.20 | Step Count: 6334 | Episode Q0:     0.21
Episode:  90/2000 | Episode reward:     9.40 | Episode steps:   78 | Average reward:    14.59 | Step Count: 6412 | Episode Q0:     0.21
Episode:  91/2000 | Episode reward:     3.67 | Episode steps:   75 | Average reward:    15.20 | Step Count: 6487 | Episode Q0:     0.53
Episode:  92/2000 | Episode reward:    -7.46 | Episode steps:   60 | Average reward:    11.64 | Step Count: 6547 | Episode Q0:     0.53
Episode:  93/2000 | Episode reward:     0.78 | Episode steps:   72 | Average reward:     8.90 | Step Count: 6619 | Episode Q0:     0.53
Episode:  94/2000 | Episode reward:     0.86 | Episode steps:   72 | Average reward:     7.12 | Step Count: 6691 | Episode Q0:     0.53
Episode:  95/2000 | Episode reward:    12.00 | Episode steps:   84 | Average reward:     4.34 | Step Count: 6775 | Episode Q0:     0.53
Episode:  96/2000 | Episode reward:    34.69 | Episode steps:   55 | Average reward:     6.33 | Step Count: 6830 | Episode Q0:     0.53
Episode:  97/2000 | Episode reward:     0.14 | Episode steps:   63 | Average reward:     5.86 | Step Count: 6893 | Episode Q0:     0.53
Episode:  98/2000 | Episode reward:    -7.91 | Episode steps:   71 | Average reward:     4.08 | Step Count: 6964 | Episode Q0:     0.53
Episode:  99/2000 | Episode reward:    -7.92 | Episode steps:   66 | Average reward:     3.82 | Step Count: 7030 | Episode Q0:     0.53
Episode: 100/2000 | Episode reward:     0.16 | Episode steps:   70 | Average reward:     2.90 | Step Count: 7100 | Episode Q0:     0.53
Episode: 101/2000 | Episode reward:    -5.86 | Episode steps:   63 | Average reward:     1.95 | Step Count: 7163 | Episode Q0:     0.53
Episode: 102/2000 | Episode reward:    -2.16 | Episode steps:   68 | Average reward:     2.48 | Step Count: 7231 | Episode Q0:     0.53
Episode: 103/2000 | Episode reward:    -2.42 | Episode steps:   70 | Average reward:     2.16 | Step Count: 7301 | Episode Q0:     0.53
Episode: 104/2000 | Episode reward:    -2.88 | Episode steps:   72 | Average reward:     1.78 | Step Count: 7373 | Episode Q0:     0.53
Episode: 105/2000 | Episode reward:     8.43 | Episode steps:   82 | Average reward:     1.43 | Step Count: 7455 | Episode Q0:     0.53
Episode: 106/2000 | Episode reward:    -5.01 | Episode steps:   68 | Average reward:    -2.54 | Step Count: 7523 | Episode Q0:     0.53
Episode: 107/2000 | Episode reward:   -16.29 | Episode steps:   65 | Average reward:    -4.19 | Step Count: 7588 | Episode Q0:     0.53
Episode: 108/2000 | Episode reward:    -2.63 | Episode steps:   69 | Average reward:    -3.66 | Step Count: 7657 | Episode Q0:     0.53
Episode: 109/2000 | Episode reward:   -10.11 | Episode steps:   65 | Average reward:    -3.88 | Step Count: 7722 | Episode Q0:     0.53
Episode: 110/2000 | Episode reward:     3.58 | Episode steps:   69 | Average reward:    -3.53 | Step Count: 7791 | Episode Q0:     0.53
Episode: 111/2000 | Episode reward:    -5.72 | Episode steps:   82 | Average reward:    -3.52 | Step Count: 7873 | Episode Q0:     0.53
Episode: 112/2000 | Episode reward:    -7.17 | Episode steps:   65 | Average reward:    -4.02 | Step Count: 7938 | Episode Q0:     0.53
Episode: 113/2000 | Episode reward:     5.51 | Episode steps:   78 | Average reward:    -3.23 | Step Count: 8016 | Episode Q0:     0.53
Episode: 114/2000 | Episode reward:    -0.89 | Episode steps:   78 | Average reward:    -3.03 | Step Count: 8094 | Episode Q0:     0.53
Episode: 115/2000 | Episode reward:     8.74 | Episode steps:   83 | Average reward:    -3.00 | Step Count: 8177 | Episode Q0:     0.53
Episode: 116/2000 | Episode reward:     3.50 | Episode steps:   72 | Average reward:    -2.15 | Step Count: 8249 | Episode Q0:     0.53
Episode: 117/2000 | Episode reward:    -8.51 | Episode steps:   69 | Average reward:    -1.37 | Step Count: 8318 | Episode Q0:     0.53
Episode: 118/2000 | Episode reward:    -4.68 | Episode steps:   68 | Average reward:    -1.57 | Step Count: 8386 | Episode Q0:     0.53
Episode: 119/2000 | Episode reward:     7.68 | Episode steps:   87 | Average reward:     0.21 | Step Count: 8473 | Episode Q0:     0.53
Episode: 120/2000 | Episode reward:     2.27 | Episode steps:   83 | Average reward:     0.08 | Step Count: 8556 | Episode Q0:     0.53
Episode: 121/2000 | Episode reward:    -1.61 | Episode steps:   74 | Average reward:     0.49 | Step Count: 8630 | Episode Q0:     0.53
Episode: 122/2000 | Episode reward:    -4.17 | Episode steps:   63 | Average reward:     0.79 | Step Count: 8693 | Episode Q0:     0.53
Episode: 123/2000 | Episode reward:     2.78 | Episode steps:   71 | Average reward:     0.51 | Step Count: 8764 | Episode Q0:     0.53
Episode: 124/2000 | Episode reward:    -3.91 | Episode steps:   69 | Average reward:     0.21 | Step Count: 8833 | Episode Q0:     0.53
Episode: 125/2000 | Episode reward:     6.35 | Episode steps:   83 | Average reward:    -0.03 | Step Count: 8916 | Episode Q0:     0.53
Episode: 126/2000 | Episode reward:     3.81 | Episode steps:   75 | Average reward:     0.00 | Step Count: 8991 | Episode Q0:     0.53
Episode: 127/2000 | Episode reward:    -3.65 | Episode steps:   73 | Average reward:     0.49 | Step Count: 9064 | Episode Q0:     0.53
Episode: 128/2000 | Episode reward:    21.31 | Episode steps:  105 | Average reward:     3.09 | Step Count: 9169 | Episode Q0:     0.77
Episode: 129/2000 | Episode reward:    -5.72 | Episode steps:   70 | Average reward:     1.75 | Step Count: 9239 | Episode Q0:     0.77
Episode: 130/2000 | Episode reward:    -0.26 | Episode steps:   78 | Average reward:     1.49 | Step Count: 9317 | Episode Q0:     0.77
Episode: 131/2000 | Episode reward:    -5.18 | Episode steps:   66 | Average reward:     1.14 | Step Count: 9383 | Episode Q0:     0.77
Episode: 132/2000 | Episode reward:    -3.53 | Episode steps:   69 | Average reward:     1.20 | Step Count: 9452 | Episode Q0:     0.77
Episode: 133/2000 | Episode reward:    -7.78 | Episode steps:   70 | Average reward:     0.15 | Step Count: 9522 | Episode Q0:     0.77
Episode: 134/2000 | Episode reward:    -8.13 | Episode steps:   67 | Average reward:    -0.28 | Step Count: 9589 | Episode Q0:     0.77
Episode: 135/2000 | Episode reward:    -6.95 | Episode steps:   63 | Average reward:    -1.61 | Step Count: 9652 | Episode Q0:     0.77
Episode: 136/2000 | Episode reward:    -3.10 | Episode steps:   74 | Average reward:    -2.30 | Step Count: 9726 | Episode Q0:     0.77
Episode: 137/2000 | Episode reward:    -2.49 | Episode steps:   73 | Average reward:    -2.18 | Step Count: 9799 | Episode Q0:     0.77
Episode: 138/2000 | Episode reward:    -5.97 | Episode steps:   67 | Average reward:    -4.91 | Step Count: 9866 | Episode Q0:     0.77
Episode: 139/2000 | Episode reward:   -10.63 | Episode steps:   74 | Average reward:    -5.40 | Step Count: 9940 | Episode Q0:     0.77
Episode: 140/2000 | Episode reward:    -8.63 | Episode steps:   65 | Average reward:    -6.24 | Step Count: 10005 | Episode Q0:     0.77
Episode: 141/2000 | Episode reward:    -1.51 | Episode steps:   68 | Average reward:    -5.87 | Step Count: 10073 | Episode Q0:     0.77
Episode: 142/2000 | Episode reward:     1.78 | Episode steps:   72 | Average reward:    -5.34 | Step Count: 10145 | Episode Q0:     0.77
Episode: 143/2000 | Episode reward:    -6.05 | Episode steps:   66 | Average reward:    -5.17 | Step Count: 10211 | Episode Q0:     0.77
Episode: 144/2000 | Episode reward:    -3.93 | Episode steps:   65 | Average reward:    -4.75 | Step Count: 10276 | Episode Q0:     0.77
Episode: 145/2000 | Episode reward:    -6.45 | Episode steps:   63 | Average reward:    -4.70 | Step Count: 10339 | Episode Q0:     0.77
Episode: 146/2000 | Episode reward:    -5.08 | Episode steps:   69 | Average reward:    -4.90 | Step Count: 10408 | Episode Q0:     0.77
Episode: 147/2000 | Episode reward:    16.18 | Episode steps:   91 | Average reward:    -3.03 | Step Count: 10499 | Episode Q0:     0.77
Episode: 148/2000 | Episode reward:    -0.34 | Episode steps:   66 | Average reward:    -2.46 | Step Count: 10565 | Episode Q0:     0.77
Episode: 149/2000 | Episode reward:   -10.83 | Episode steps:   67 | Average reward:    -2.49 | Step Count: 10632 | Episode Q0:     0.77
Episode: 150/2000 | Episode reward:    -4.84 | Episode steps:   65 | Average reward:    -2.11 | Step Count: 10697 | Episode Q0:     0.77
Episode: 151/2000 | Episode reward:    -3.57 | Episode steps:   74 | Average reward:    -2.31 | Step Count: 10771 | Episode Q0:     0.77
Episode: 152/2000 | Episode reward:    -7.82 | Episode steps:   71 | Average reward:    -3.27 | Step Count: 10842 | Episode Q0:     0.77
Episode: 153/2000 | Episode reward:    -2.72 | Episode steps:   71 | Average reward:    -2.94 | Step Count: 10913 | Episode Q0:     0.77
Episode: 154/2000 | Episode reward:    -3.74 | Episode steps:   63 | Average reward:    -2.92 | Step Count: 10976 | Episode Q0:     0.77
Episode: 155/2000 | Episode reward:     4.27 | Episode steps:   78 | Average reward:    -1.85 | Step Count: 11054 | Episode Q0:     0.77
Episode: 156/2000 | Episode reward:    -4.33 | Episode steps:   66 | Average reward:    -1.77 | Step Count: 11120 | Episode Q0:     0.77
Episode: 157/2000 | Episode reward:   -10.24 | Episode steps:   66 | Average reward:    -4.42 | Step Count: 11186 | Episode Q0:     0.77
Episode: 158/2000 | Episode reward:    -4.12 | Episode steps:   70 | Average reward:    -4.79 | Step Count: 11256 | Episode Q0:     0.77
Episode: 159/2000 | Episode reward:    -5.64 | Episode steps:   70 | Average reward:    -4.27 | Step Count: 11326 | Episode Q0:     0.77
Episode: 160/2000 | Episode reward:    -2.37 | Episode steps:   76 | Average reward:    -4.03 | Step Count: 11402 | Episode Q0:     0.77
Episode: 161/2000 | Episode reward:    -6.48 | Episode steps:   70 | Average reward:    -4.32 | Step Count: 11472 | Episode Q0:     0.77
Episode: 162/2000 | Episode reward:    -5.16 | Episode steps:   65 | Average reward:    -4.05 | Step Count: 11537 | Episode Q0:     0.77
Episode: 163/2000 | Episode reward:     3.85 | Episode steps:   69 | Average reward:    -3.40 | Step Count: 11606 | Episode Q0:     0.77
Episode: 164/2000 | Episode reward:     3.26 | Episode steps:   70 | Average reward:    -2.70 | Step Count: 11676 | Episode Q0:     0.77
Episode: 165/2000 | Episode reward:    -5.11 | Episode steps:   69 | Average reward:    -3.63 | Step Count: 11745 | Episode Q0:     0.77
Episode: 166/2000 | Episode reward:    -7.23 | Episode steps:   68 | Average reward:    -3.92 | Step Count: 11813 | Episode Q0:     0.88
Episode: 167/2000 | Episode reward:     2.50 | Episode steps:   75 | Average reward:    -2.65 | Step Count: 11888 | Episode Q0:     0.88
Episode: 168/2000 | Episode reward:    -4.55 | Episode steps:   69 | Average reward:    -2.69 | Step Count: 11957 | Episode Q0:     0.88
Episode: 169/2000 | Episode reward:    -3.31 | Episode steps:   70 | Average reward:    -2.46 | Step Count: 12027 | Episode Q0:     0.88
Episode: 170/2000 | Episode reward:    -5.45 | Episode steps:   68 | Average reward:    -2.77 | Step Count: 12095 | Episode Q0:     0.88
Episode: 171/2000 | Episode reward:   -12.19 | Episode steps:   64 | Average reward:    -3.34 | Step Count: 12159 | Episode Q0:     0.88
Episode: 172/2000 | Episode reward:   -16.45 | Episode steps:   67 | Average reward:    -4.47 | Step Count: 12226 | Episode Q0:     0.88
Episode: 173/2000 | Episode reward:    -3.90 | Episode steps:   63 | Average reward:    -5.24 | Step Count: 12289 | Episode Q0:     0.88
Episode: 174/2000 | Episode reward:   -17.46 | Episode steps:   63 | Average reward:    -7.31 | Step Count: 12352 | Episode Q0:     0.88
Episode: 175/2000 | Episode reward:    -6.93 | Episode steps:   63 | Average reward:    -7.50 | Step Count: 12415 | Episode Q0:     0.88
Episode: 176/2000 | Episode reward:    -5.89 | Episode steps:   60 | Average reward:    -7.36 | Step Count: 12475 | Episode Q0:     0.88
Episode: 177/2000 | Episode reward:    -3.85 | Episode steps:   67 | Average reward:    -8.00 | Step Count: 12542 | Episode Q0:     0.88
Episode: 178/2000 | Episode reward:    -6.68 | Episode steps:   63 | Average reward:    -8.21 | Step Count: 12605 | Episode Q0:     0.88
Episode: 179/2000 | Episode reward:    -6.51 | Episode steps:   67 | Average reward:    -8.53 | Step Count: 12672 | Episode Q0:     0.88
Episode: 180/2000 | Episode reward:    -6.93 | Episode steps:   61 | Average reward:    -8.68 | Step Count: 12733 | Episode Q0:     0.88
Episode: 181/2000 | Episode reward:    -9.21 | Episode steps:   69 | Average reward:    -8.38 | Step Count: 12802 | Episode Q0:     0.88
Episode: 182/2000 | Episode reward:    -4.27 | Episode steps:   69 | Average reward:    -7.16 | Step Count: 12871 | Episode Q0:     0.88
Episode: 183/2000 | Episode reward:    -4.52 | Episode steps:   65 | Average reward:    -7.22 | Step Count: 12936 | Episode Q0:     0.88
Episode: 184/2000 | Episode reward:    -4.99 | Episode steps:   69 | Average reward:    -5.98 | Step Count: 13005 | Episode Q0:     0.88
Episode: 185/2000 | Episode reward:   -15.03 | Episode steps:   65 | Average reward:    -6.79 | Step Count: 13070 | Episode Q0:     0.88
Episode: 186/2000 | Episode reward:     3.25 | Episode steps:   67 | Average reward:    -5.88 | Step Count: 13137 | Episode Q0:     0.88
Episode: 187/2000 | Episode reward:   -11.33 | Episode steps:   69 | Average reward:    -6.62 | Step Count: 13206 | Episode Q0:     0.88
Episode: 188/2000 | Episode reward:    -3.86 | Episode steps:   69 | Average reward:    -6.34 | Step Count: 13275 | Episode Q0:     0.88
Episode: 189/2000 | Episode reward:    -1.23 | Episode steps:   66 | Average reward:    -5.81 | Step Count: 13341 | Episode Q0:     0.88
Episode: 190/2000 | Episode reward:    -7.73 | Episode steps:   67 | Average reward:    -5.89 | Step Count: 13408 | Episode Q0:     0.88
Episode: 191/2000 | Episode reward:    -6.83 | Episode steps:   64 | Average reward:    -5.65 | Step Count: 13472 | Episode Q0:     0.88
Episode: 192/2000 | Episode reward:    -4.09 | Episode steps:   71 | Average reward:    -5.64 | Step Count: 13543 | Episode Q0:     0.88
Episode: 193/2000 | Episode reward:     1.66 | Episode steps:   72 | Average reward:    -5.02 | Step Count: 13615 | Episode Q0:     0.88
Episode: 194/2000 | Episode reward:    -4.17 | Episode steps:   71 | Average reward:    -4.94 | Step Count: 13686 | Episode Q0:     0.88
Episode: 195/2000 | Episode reward:    -1.10 | Episode steps:   69 | Average reward:    -3.54 | Step Count: 13755 | Episode Q0:     0.88
Episode: 196/2000 | Episode reward:    -4.84 | Episode steps:   71 | Average reward:    -4.35 | Step Count: 13826 | Episode Q0:     0.88
Episode: 197/2000 | Episode reward:    -7.55 | Episode steps:   70 | Average reward:    -3.97 | Step Count: 13896 | Episode Q0:     0.88
Episode: 198/2000 | Episode reward:    -4.94 | Episode steps:   70 | Average reward:    -4.08 | Step Count: 13966 | Episode Q0:     0.88
Episode: 199/2000 | Episode reward:    -8.81 | Episode steps:   67 | Average reward:    -4.84 | Step Count: 14033 | Episode Q0:     0.88
Episode: 200/2000 | Episode reward:    -2.40 | Episode steps:   67 | Average reward:    -4.31 | Step Count: 14100 | Episode Q0:     0.88
Episode: 201/2000 | Episode reward:    -4.18 | Episode steps:   71 | Average reward:    -4.04 | Step Count: 14171 | Episode Q0:     0.88
Episode: 202/2000 | Episode reward:   -10.16 | Episode steps:   63 | Average reward:    -4.65 | Step Count: 14234 | Episode Q0:     0.88
Episode: 203/2000 | Episode reward:    -7.01 | Episode steps:   65 | Average reward:    -5.51 | Step Count: 14299 | Episode Q0:     0.88
Episode: 204/2000 | Episode reward:    -2.33 | Episode steps:   66 | Average reward:    -5.33 | Step Count: 14365 | Episode Q0:     1.07
Episode: 205/2000 | Episode reward:   -16.50 | Episode steps:   64 | Average reward:    -6.87 | Step Count: 14429 | Episode Q0:     1.07
Episode: 206/2000 | Episode reward:   -21.60 | Episode steps:   60 | Average reward:    -8.55 | Step Count: 14489 | Episode Q0:     1.07
Episode: 207/2000 | Episode reward:   -15.56 | Episode steps:   63 | Average reward:    -9.35 | Step Count: 14552 | Episode Q0:     1.07
Episode: 208/2000 | Episode reward:     0.37 | Episode steps:   67 | Average reward:    -8.82 | Step Count: 14619 | Episode Q0:     1.07
Episode: 209/2000 | Episode reward:   -13.55 | Episode steps:   64 | Average reward:    -9.29 | Step Count: 14683 | Episode Q0:     1.07
Episode: 210/2000 | Episode reward:    -6.87 | Episode steps:   64 | Average reward:    -9.74 | Step Count: 14747 | Episode Q0:     1.07
Episode: 211/2000 | Episode reward:   -12.10 | Episode steps:   67 | Average reward:   -10.53 | Step Count: 14814 | Episode Q0:     1.07
Episode: 212/2000 | Episode reward:    -3.56 | Episode steps:   65 | Average reward:    -9.87 | Step Count: 14879 | Episode Q0:     1.07
Episode: 213/2000 | Episode reward:    -8.84 | Episode steps:   64 | Average reward:   -10.05 | Step Count: 14943 | Episode Q0:     1.07
Episode: 214/2000 | Episode reward:    -6.84 | Episode steps:   69 | Average reward:   -10.50 | Step Count: 15012 | Episode Q0:     1.07
Episode: 215/2000 | Episode reward:    -6.33 | Episode steps:   68 | Average reward:    -9.49 | Step Count: 15080 | Episode Q0:     1.07
Episode: 216/2000 | Episode reward:    -8.98 | Episode steps:   64 | Average reward:    -8.23 | Step Count: 15144 | Episode Q0:     1.07
Episode: 217/2000 | Episode reward:    -9.10 | Episode steps:   61 | Average reward:    -7.58 | Step Count: 15205 | Episode Q0:     1.07
Episode: 218/2000 | Episode reward:    -3.41 | Episode steps:   68 | Average reward:    -7.96 | Step Count: 15273 | Episode Q0:     1.07
Episode: 219/2000 | Episode reward:   -10.54 | Episode steps:   62 | Average reward:    -7.66 | Step Count: 15335 | Episode Q0:     1.07
Episode: 220/2000 | Episode reward:    -5.90 | Episode steps:   65 | Average reward:    -7.56 | Step Count: 15400 | Episode Q0:     1.07
Episode: 221/2000 | Episode reward:    -8.29 | Episode steps:   59 | Average reward:    -7.18 | Step Count: 15459 | Episode Q0:     1.07
Episode: 222/2000 | Episode reward:   -14.74 | Episode steps:   67 | Average reward:    -8.30 | Step Count: 15526 | Episode Q0:     1.07
Episode: 223/2000 | Episode reward:    -7.71 | Episode steps:   65 | Average reward:    -8.18 | Step Count: 15591 | Episode Q0:     1.07
Episode: 224/2000 | Episode reward:    -0.93 | Episode steps:   71 | Average reward:    -7.59 | Step Count: 15662 | Episode Q0:     1.07
Episode: 225/2000 | Episode reward:    -6.27 | Episode steps:   67 | Average reward:    -7.59 | Step Count: 15729 | Episode Q0:     1.07
Episode: 226/2000 | Episode reward:   -11.45 | Episode steps:   69 | Average reward:    -7.83 | Step Count: 15798 | Episode Q0:     1.07
Episode: 227/2000 | Episode reward:     2.65 | Episode steps:   72 | Average reward:    -6.66 | Step Count: 15870 | Episode Q0:     1.07
Episode: 228/2000 | Episode reward:   -11.25 | Episode steps:   62 | Average reward:    -7.44 | Step Count: 15932 | Episode Q0:     1.07
Episode: 229/2000 | Episode reward:    -4.78 | Episode steps:   71 | Average reward:    -6.87 | Step Count: 16003 | Episode Q0:     1.07
Episode: 230/2000 | Episode reward:    -5.25 | Episode steps:   66 | Average reward:    -6.80 | Step Count: 16069 | Episode Q0:     1.07
Episode: 231/2000 | Episode reward:    -3.82 | Episode steps:   61 | Average reward:    -6.36 | Step Count: 16130 | Episode Q0:     1.07
Episode: 232/2000 | Episode reward:    -8.08 | Episode steps:   64 | Average reward:    -5.69 | Step Count: 16194 | Episode Q0:     1.07
Episode: 233/2000 | Episode reward:    -2.35 | Episode steps:   69 | Average reward:    -5.16 | Step Count: 16263 | Episode Q0:     1.07
Episode: 234/2000 | Episode reward:    -6.79 | Episode steps:   64 | Average reward:    -5.74 | Step Count: 16327 | Episode Q0:     1.07
Episode: 235/2000 | Episode reward:    -0.23 | Episode steps:   67 | Average reward:    -5.14 | Step Count: 16394 | Episode Q0:     1.07
Episode: 236/2000 | Episode reward:   -10.49 | Episode steps:   68 | Average reward:    -5.04 | Step Count: 16462 | Episode Q0:     1.07
Episode: 237/2000 | Episode reward:     3.49 | Episode steps:   74 | Average reward:    -4.96 | Step Count: 16536 | Episode Q0:     1.07
Episode: 238/2000 | Episode reward:    -8.91 | Episode steps:   64 | Average reward:    -4.72 | Step Count: 16600 | Episode Q0:     1.07
Episode: 239/2000 | Episode reward:    -8.25 | Episode steps:   66 | Average reward:    -5.07 | Step Count: 16666 | Episode Q0:     1.07
Episode: 240/2000 | Episode reward:   -13.27 | Episode steps:   63 | Average reward:    -5.87 | Step Count: 16729 | Episode Q0:     1.07
Episode: 241/2000 | Episode reward:    -7.02 | Episode steps:   70 | Average reward:    -6.19 | Step Count: 16799 | Episode Q0:     1.07
Episode: 242/2000 | Episode reward:    -7.97 | Episode steps:   65 | Average reward:    -6.18 | Step Count: 16864 | Episode Q0:     1.39
Episode: 243/2000 | Episode reward:   -17.06 | Episode steps:   65 | Average reward:    -7.65 | Step Count: 16929 | Episode Q0:     1.39
Episode: 244/2000 | Episode reward:   -12.09 | Episode steps:   67 | Average reward:    -8.18 | Step Count: 16996 | Episode Q0:     1.39
Episode: 245/2000 | Episode reward:    -8.97 | Episode steps:   60 | Average reward:    -9.05 | Step Count: 17056 | Episode Q0:     1.39
Episode: 246/2000 | Episode reward:    -5.74 | Episode steps:   58 | Average reward:    -8.58 | Step Count: 17114 | Episode Q0:     1.39
Episode: 247/2000 | Episode reward:     1.79 | Episode steps:   66 | Average reward:    -8.75 | Step Count: 17180 | Episode Q0:     1.39
Episode: 248/2000 | Episode reward:    -4.48 | Episode steps:   63 | Average reward:    -8.31 | Step Count: 17243 | Episode Q0:     1.39
Episode: 249/2000 | Episode reward:    -5.76 | Episode steps:   65 | Average reward:    -8.06 | Step Count: 17308 | Episode Q0:     1.39
Episode: 250/2000 | Episode reward:   -15.17 | Episode steps:   64 | Average reward:    -8.25 | Step Count: 17372 | Episode Q0:     1.39
Episode: 251/2000 | Episode reward:   -11.21 | Episode steps:   65 | Average reward:    -8.67 | Step Count: 17437 | Episode Q0:     1.39
Episode: 252/2000 | Episode reward:    -7.02 | Episode steps:   64 | Average reward:    -8.57 | Step Count: 17501 | Episode Q0:     1.39
Episode: 253/2000 | Episode reward:   -15.42 | Episode steps:   63 | Average reward:    -8.41 | Step Count: 17564 | Episode Q0:     1.39
Episode: 254/2000 | Episode reward:    -5.04 | Episode steps:   70 | Average reward:    -7.70 | Step Count: 17634 | Episode Q0:     1.39
Episode: 255/2000 | Episode reward:    -8.68 | Episode steps:   63 | Average reward:    -7.67 | Step Count: 17697 | Episode Q0:     1.39
Episode: 256/2000 | Episode reward:    -8.40 | Episode steps:   66 | Average reward:    -7.94 | Step Count: 17763 | Episode Q0:     1.39
Episode: 257/2000 | Episode reward:    -8.13 | Episode steps:   62 | Average reward:    -8.93 | Step Count: 17825 | Episode Q0:     1.39
Episode: 258/2000 | Episode reward:    -9.49 | Episode steps:   69 | Average reward:    -9.43 | Step Count: 17894 | Episode Q0:     1.39
Episode: 259/2000 | Episode reward:    -4.09 | Episode steps:   64 | Average reward:    -9.26 | Step Count: 17958 | Episode Q0:     1.39
Episode: 260/2000 | Episode reward:   -12.08 | Episode steps:   65 | Average reward:    -8.95 | Step Count: 18023 | Episode Q0:     1.39
Episode: 261/2000 | Episode reward:    -6.34 | Episode steps:   68 | Average reward:    -8.47 | Step Count: 18091 | Episode Q0:     1.39
Episode: 262/2000 | Episode reward:    -8.66 | Episode steps:   62 | Average reward:    -8.63 | Step Count: 18153 | Episode Q0:     1.39
Episode: 263/2000 | Episode reward:   -10.51 | Episode steps:   66 | Average reward:    -8.14 | Step Count: 18219 | Episode Q0:     1.39
Episode: 264/2000 | Episode reward:    -7.36 | Episode steps:   61 | Average reward:    -8.37 | Step Count: 18280 | Episode Q0:     1.39
Episode: 265/2000 | Episode reward:    -0.84 | Episode steps:   71 | Average reward:    -7.59 | Step Count: 18351 | Episode Q0:     1.39
Episode: 266/2000 | Episode reward:    -8.87 | Episode steps:   67 | Average reward:    -7.64 | Step Count: 18418 | Episode Q0:     1.39
Episode: 267/2000 | Episode reward:    -9.16 | Episode steps:   68 | Average reward:    -7.74 | Step Count: 18486 | Episode Q0:     1.39
Episode: 268/2000 | Episode reward:    -5.24 | Episode steps:   64 | Average reward:    -7.31 | Step Count: 18550 | Episode Q0:     1.39
Episode: 269/2000 | Episode reward:   -14.16 | Episode steps:   64 | Average reward:    -8.32 | Step Count: 18614 | Episode Q0:     1.39
Episode: 270/2000 | Episode reward:   -12.96 | Episode steps:   65 | Average reward:    -8.41 | Step Count: 18679 | Episode Q0:     1.39
Episode: 271/2000 | Episode reward:   -11.25 | Episode steps:   66 | Average reward:    -8.90 | Step Count: 18745 | Episode Q0:     1.39
Episode: 272/2000 | Episode reward:   -16.97 | Episode steps:   66 | Average reward:    -9.73 | Step Count: 18811 | Episode Q0:     1.39
Episode: 273/2000 | Episode reward:   -12.24 | Episode steps:   65 | Average reward:    -9.90 | Step Count: 18876 | Episode Q0:     1.39
Episode: 274/2000 | Episode reward:    -9.58 | Episode steps:   59 | Average reward:   -10.13 | Step Count: 18935 | Episode Q0:     1.39
Episode: 275/2000 | Episode reward:    -7.54 | Episode steps:   66 | Average reward:   -10.80 | Step Count: 19001 | Episode Q0:     1.39
Episode: 276/2000 | Episode reward:    -9.18 | Episode steps:   67 | Average reward:   -10.83 | Step Count: 19068 | Episode Q0:     1.39
Episode: 277/2000 | Episode reward:    -1.71 | Episode steps:   66 | Average reward:   -10.08 | Step Count: 19134 | Episode Q0:     1.39
Episode: 278/2000 | Episode reward:    -8.94 | Episode steps:   66 | Average reward:   -10.45 | Step Count: 19200 | Episode Q0:     1.39
Episode: 279/2000 | Episode reward:   -11.69 | Episode steps:   62 | Average reward:   -10.21 | Step Count: 19262 | Episode Q0:     1.39
Episode: 280/2000 | Episode reward:   -14.78 | Episode steps:   65 | Average reward:   -10.39 | Step Count: 19327 | Episode Q0:     1.74
Episode: 281/2000 | Episode reward:   -13.72 | Episode steps:   65 | Average reward:   -10.64 | Step Count: 19392 | Episode Q0:     1.74
Episode: 282/2000 | Episode reward:   -14.96 | Episode steps:   60 | Average reward:   -10.44 | Step Count: 19452 | Episode Q0:     1.74
Episode: 283/2000 | Episode reward:    -7.31 | Episode steps:   65 | Average reward:    -9.94 | Step Count: 19517 | Episode Q0:     1.74
Episode: 284/2000 | Episode reward:    -6.76 | Episode steps:   66 | Average reward:    -9.66 | Step Count: 19583 | Episode Q0:     1.74
Episode: 285/2000 | Episode reward:   -13.79 | Episode steps:   62 | Average reward:   -10.28 | Step Count: 19645 | Episode Q0:     1.74
Episode: 286/2000 | Episode reward:   -10.01 | Episode steps:   59 | Average reward:   -10.37 | Step Count: 19704 | Episode Q0:     1.74
Episode: 287/2000 | Episode reward:    -6.96 | Episode steps:   66 | Average reward:   -10.89 | Step Count: 19770 | Episode Q0:     1.74
Episode: 288/2000 | Episode reward:   -10.41 | Episode steps:   65 | Average reward:   -11.04 | Step Count: 19835 | Episode Q0:     1.74
Episode: 289/2000 | Episode reward:    -9.82 | Episode steps:   65 | Average reward:   -10.85 | Step Count: 19900 | Episode Q0:     1.74
Episode: 290/2000 | Episode reward:    -9.77 | Episode steps:   66 | Average reward:   -10.35 | Step Count: 19966 | Episode Q0:     1.74
Episode: 291/2000 | Episode reward:    -5.28 | Episode steps:   70 | Average reward:    -9.51 | Step Count: 20036 | Episode Q0:     1.74
Episode: 292/2000 | Episode reward:    -7.33 | Episode steps:   66 | Average reward:    -8.74 | Step Count: 20102 | Episode Q0:     1.74
Episode: 293/2000 | Episode reward:    -9.83 | Episode steps:   67 | Average reward:    -9.00 | Step Count: 20169 | Episode Q0:     1.74
Episode: 294/2000 | Episode reward:    -7.92 | Episode steps:   68 | Average reward:    -9.11 | Step Count: 20237 | Episode Q0:     1.74
Episode: 295/2000 | Episode reward:   -12.59 | Episode steps:   68 | Average reward:    -8.99 | Step Count: 20305 | Episode Q0:     1.74
Episode: 296/2000 | Episode reward:    -5.47 | Episode steps:   69 | Average reward:    -8.54 | Step Count: 20374 | Episode Q0:     1.74
Episode: 297/2000 | Episode reward:   -10.21 | Episode steps:   59 | Average reward:    -8.87 | Step Count: 20433 | Episode Q0:     1.74
Episode: 298/2000 | Episode reward:    -5.71 | Episode steps:   65 | Average reward:    -8.40 | Step Count: 20498 | Episode Q0:     1.74
Episode: 299/2000 | Episode reward:    -2.54 | Episode steps:   66 | Average reward:    -7.67 | Step Count: 20564 | Episode Q0:     1.74
Episode: 300/2000 | Episode reward:    -2.66 | Episode steps:   64 | Average reward:    -6.96 | Step Count: 20628 | Episode Q0:     1.74
Episode: 301/2000 | Episode reward:   -15.04 | Episode steps:   63 | Average reward:    -7.93 | Step Count: 20691 | Episode Q0:     1.74
Episode: 302/2000 | Episode reward:    -8.01 | Episode steps:   63 | Average reward:    -8.00 | Step Count: 20754 | Episode Q0:     1.74
Episode: 303/2000 | Episode reward:    -3.81 | Episode steps:   62 | Average reward:    -7.40 | Step Count: 20816 | Episode Q0:     1.74
Episode: 304/2000 | Episode reward:   -15.22 | Episode steps:   60 | Average reward:    -8.13 | Step Count: 20876 | Episode Q0:     1.74
Episode: 305/2000 | Episode reward:    -4.53 | Episode steps:   67 | Average reward:    -7.32 | Step Count: 20943 | Episode Q0:     1.74
Episode: 306/2000 | Episode reward:    -3.10 | Episode steps:   62 | Average reward:    -7.08 | Step Count: 21005 | Episode Q0:     1.74
Episode: 307/2000 | Episode reward:    -5.94 | Episode steps:   65 | Average reward:    -6.66 | Step Count: 21070 | Episode Q0:     1.74
Episode: 308/2000 | Episode reward:   -11.97 | Episode steps:   68 | Average reward:    -7.28 | Step Count: 21138 | Episode Q0:     1.74
Episode: 309/2000 | Episode reward:    -6.90 | Episode steps:   58 | Average reward:    -7.72 | Step Count: 21196 | Episode Q0:     1.74
Episode: 310/2000 | Episode reward:    -8.96 | Episode steps:   63 | Average reward:    -8.35 | Step Count: 21259 | Episode Q0:     1.74
Episode: 311/2000 | Episode reward:   -12.58 | Episode steps:   65 | Average reward:    -8.10 | Step Count: 21324 | Episode Q0:     1.74
Episode: 312/2000 | Episode reward:   -10.41 | Episode steps:   62 | Average reward:    -8.34 | Step Count: 21386 | Episode Q0:     1.74
Episode: 313/2000 | Episode reward:    -6.11 | Episode steps:   66 | Average reward:    -8.57 | Step Count: 21452 | Episode Q0:     1.74
Episode: 314/2000 | Episode reward:    -5.39 | Episode steps:   70 | Average reward:    -7.59 | Step Count: 21522 | Episode Q0:     1.74
Episode: 315/2000 | Episode reward:   -13.48 | Episode steps:   67 | Average reward:    -8.48 | Step Count: 21589 | Episode Q0:     1.74
Episode: 316/2000 | Episode reward:    -5.37 | Episode steps:   67 | Average reward:    -8.71 | Step Count: 21656 | Episode Q0:     1.74
Episode: 317/2000 | Episode reward:    -1.50 | Episode steps:   67 | Average reward:    -8.27 | Step Count: 21723 | Episode Q0:     1.74
Episode: 318/2000 | Episode reward:    -2.53 | Episode steps:   72 | Average reward:    -7.32 | Step Count: 21795 | Episode Q0:     2.19
Episode: 319/2000 | Episode reward:   -16.58 | Episode steps:   63 | Average reward:    -8.29 | Step Count: 21858 | Episode Q0:     2.19
Episode: 320/2000 | Episode reward:   -10.13 | Episode steps:   67 | Average reward:    -8.41 | Step Count: 21925 | Episode Q0:     2.19
Episode: 321/2000 | Episode reward:   -13.63 | Episode steps:   64 | Average reward:    -8.51 | Step Count: 21989 | Episode Q0:     2.19
Episode: 322/2000 | Episode reward:    -3.18 | Episode steps:   62 | Average reward:    -7.79 | Step Count: 22051 | Episode Q0:     2.19
Episode: 323/2000 | Episode reward:   -14.40 | Episode steps:   58 | Average reward:    -8.62 | Step Count: 22109 | Episode Q0:     2.19
Episode: 324/2000 | Episode reward:   -11.40 | Episode steps:   66 | Average reward:    -9.22 | Step Count: 22175 | Episode Q0:     2.19
Episode: 325/2000 | Episode reward:    -9.63 | Episode steps:   66 | Average reward:    -8.84 | Step Count: 22241 | Episode Q0:     2.19
Episode: 326/2000 | Episode reward:   -11.23 | Episode steps:   62 | Average reward:    -9.42 | Step Count: 22303 | Episode Q0:     2.19
Episode: 327/2000 | Episode reward:   -11.27 | Episode steps:   65 | Average reward:   -10.40 | Step Count: 22368 | Episode Q0:     2.19
Episode: 328/2000 | Episode reward:   -14.17 | Episode steps:   64 | Average reward:   -11.56 | Step Count: 22432 | Episode Q0:     2.19
Episode: 329/2000 | Episode reward:   -10.13 | Episode steps:   67 | Average reward:   -10.92 | Step Count: 22499 | Episode Q0:     2.19
Episode: 330/2000 | Episode reward:   -11.31 | Episode steps:   59 | Average reward:   -11.03 | Step Count: 22558 | Episode Q0:     2.19
Episode: 331/2000 | Episode reward:   -10.30 | Episode steps:   63 | Average reward:   -10.70 | Step Count: 22621 | Episode Q0:     2.19
Episode: 332/2000 | Episode reward:   -12.82 | Episode steps:   62 | Average reward:   -11.67 | Step Count: 22683 | Episode Q0:     2.19
Episode: 333/2000 | Episode reward:   -17.62 | Episode steps:   63 | Average reward:   -11.99 | Step Count: 22746 | Episode Q0:     2.19
Episode: 334/2000 | Episode reward:    -4.51 | Episode steps:   66 | Average reward:   -11.30 | Step Count: 22812 | Episode Q0:     2.19
Episode: 335/2000 | Episode reward:   -18.95 | Episode steps:   60 | Average reward:   -12.23 | Step Count: 22872 | Episode Q0:     2.19
Episode: 336/2000 | Episode reward:   -20.07 | Episode steps:   62 | Average reward:   -13.11 | Step Count: 22934 | Episode Q0:     2.19
Episode: 337/2000 | Episode reward:   -11.19 | Episode steps:   58 | Average reward:   -13.11 | Step Count: 22992 | Episode Q0:     2.19
Episode: 338/2000 | Episode reward:    -8.47 | Episode steps:   58 | Average reward:   -12.54 | Step Count: 23050 | Episode Q0:     2.19
Episode: 339/2000 | Episode reward:   -12.21 | Episode steps:   58 | Average reward:   -12.74 | Step Count: 23108 | Episode Q0:     2.19
Episode: 340/2000 | Episode reward:   -11.92 | Episode steps:   65 | Average reward:   -12.80 | Step Count: 23173 | Episode Q0:     2.19
Episode: 341/2000 | Episode reward:   -13.43 | Episode steps:   66 | Average reward:   -13.12 | Step Count: 23239 | Episode Q0:     2.19
Episode: 342/2000 | Episode reward:    -8.27 | Episode steps:   65 | Average reward:   -12.66 | Step Count: 23304 | Episode Q0:     2.19
Episode: 343/2000 | Episode reward:   -12.12 | Episode steps:   65 | Average reward:   -12.11 | Step Count: 23369 | Episode Q0:     2.19
Episode: 344/2000 | Episode reward:    -5.26 | Episode steps:   62 | Average reward:   -12.19 | Step Count: 23431 | Episode Q0:     2.19
Episode: 345/2000 | Episode reward:   -11.21 | Episode steps:   67 | Average reward:   -11.41 | Step Count: 23498 | Episode Q0:     2.19
Episode: 346/2000 | Episode reward:    -2.79 | Episode steps:   63 | Average reward:    -9.68 | Step Count: 23561 | Episode Q0:     2.19
Episode: 347/2000 | Episode reward:   -11.23 | Episode steps:   65 | Average reward:    -9.69 | Step Count: 23626 | Episode Q0:     2.19
Episode: 348/2000 | Episode reward:    -6.63 | Episode steps:   68 | Average reward:    -9.51 | Step Count: 23694 | Episode Q0:     2.19
Episode: 349/2000 | Episode reward:   -14.86 | Episode steps:   63 | Average reward:    -9.77 | Step Count: 23757 | Episode Q0:     2.19
Episode: 350/2000 | Episode reward:    -8.34 | Episode steps:   65 | Average reward:    -9.41 | Step Count: 23822 | Episode Q0:     2.19
Episode: 351/2000 | Episode reward:    -5.46 | Episode steps:   67 | Average reward:    -8.62 | Step Count: 23889 | Episode Q0:     2.19
Episode: 352/2000 | Episode reward:   -14.53 | Episode steps:   68 | Average reward:    -9.24 | Step Count: 23957 | Episode Q0:     2.19
Episode: 353/2000 | Episode reward:   -13.61 | Episode steps:   63 | Average reward:    -9.39 | Step Count: 24020 | Episode Q0:     2.19
Episode: 354/2000 | Episode reward:    -8.78 | Episode steps:   63 | Average reward:    -9.74 | Step Count: 24083 | Episode Q0:     2.19
Episode: 355/2000 | Episode reward:    -8.16 | Episode steps:   69 | Average reward:    -9.44 | Step Count: 24152 | Episode Q0:     2.19
Episode: 356/2000 | Episode reward:   -12.06 | Episode steps:   65 | Average reward:   -10.37 | Step Count: 24217 | Episode Q0:     2.68
Episode: 357/2000 | Episode reward:   -13.13 | Episode steps:   60 | Average reward:   -10.56 | Step Count: 24277 | Episode Q0:     2.68
Episode: 358/2000 | Episode reward:    -9.04 | Episode steps:   62 | Average reward:   -10.80 | Step Count: 24339 | Episode Q0:     2.68
Episode: 359/2000 | Episode reward:    -8.90 | Episode steps:   63 | Average reward:   -10.20 | Step Count: 24402 | Episode Q0:     2.68
Episode: 360/2000 | Episode reward:    -9.60 | Episode steps:   64 | Average reward:   -10.33 | Step Count: 24466 | Episode Q0:     2.68
Episode: 361/2000 | Episode reward:    -2.88 | Episode steps:   65 | Average reward:   -10.07 | Step Count: 24531 | Episode Q0:     2.68
Episode: 362/2000 | Episode reward:    -6.93 | Episode steps:   65 | Average reward:    -9.31 | Step Count: 24596 | Episode Q0:     2.68
Episode: 363/2000 | Episode reward:    -3.45 | Episode steps:   70 | Average reward:    -8.29 | Step Count: 24666 | Episode Q0:     2.68
Episode: 364/2000 | Episode reward:    -8.73 | Episode steps:   67 | Average reward:    -8.29 | Step Count: 24733 | Episode Q0:     2.68
Episode: 365/2000 | Episode reward:    -7.07 | Episode steps:   65 | Average reward:    -8.18 | Step Count: 24798 | Episode Q0:     2.68
Episode: 366/2000 | Episode reward:   -13.60 | Episode steps:   59 | Average reward:    -8.33 | Step Count: 24857 | Episode Q0:     2.68
Episode: 367/2000 | Episode reward:    -7.60 | Episode steps:   63 | Average reward:    -7.78 | Step Count: 24920 | Episode Q0:     2.68
Episode: 368/2000 | Episode reward:   -10.76 | Episode steps:   59 | Average reward:    -7.95 | Step Count: 24979 | Episode Q0:     2.68
Episode: 369/2000 | Episode reward:    -9.70 | Episode steps:   65 | Average reward:    -8.03 | Step Count: 25044 | Episode Q0:     2.68
Episode: 370/2000 | Episode reward:   -11.25 | Episode steps:   64 | Average reward:    -8.20 | Step Count: 25108 | Episode Q0:     2.68
Episode: 371/2000 | Episode reward:   -11.58 | Episode steps:   59 | Average reward:    -9.07 | Step Count: 25167 | Episode Q0:     2.68
Episode: 372/2000 | Episode reward:    -5.51 | Episode steps:   62 | Average reward:    -8.92 | Step Count: 25229 | Episode Q0:     2.68
Episode: 373/2000 | Episode reward:   -16.64 | Episode steps:   60 | Average reward:   -10.24 | Step Count: 25289 | Episode Q0:     2.68
Episode: 374/2000 | Episode reward:    -2.13 | Episode steps:   66 | Average reward:    -9.58 | Step Count: 25355 | Episode Q0:     2.68
Episode: 375/2000 | Episode reward:   -11.65 | Episode steps:   57 | Average reward:   -10.04 | Step Count: 25412 | Episode Q0:     2.68
Episode: 376/2000 | Episode reward:    -6.30 | Episode steps:   63 | Average reward:    -9.31 | Step Count: 25475 | Episode Q0:     2.68
Episode: 377/2000 | Episode reward:    -4.47 | Episode steps:   63 | Average reward:    -9.00 | Step Count: 25538 | Episode Q0:     2.68
Episode: 378/2000 | Episode reward:   -14.82 | Episode steps:   62 | Average reward:    -9.40 | Step Count: 25600 | Episode Q0:     2.68
Episode: 379/2000 | Episode reward:    -8.95 | Episode steps:   67 | Average reward:    -9.33 | Step Count: 25667 | Episode Q0:     2.68
Episode: 380/2000 | Episode reward:    -7.74 | Episode steps:   67 | Average reward:    -8.98 | Step Count: 25734 | Episode Q0:     2.68
Episode: 381/2000 | Episode reward:   -12.00 | Episode steps:   62 | Average reward:    -9.02 | Step Count: 25796 | Episode Q0:     2.68
Episode: 382/2000 | Episode reward:    -9.73 | Episode steps:   69 | Average reward:    -9.44 | Step Count: 25865 | Episode Q0:     2.68
Episode: 383/2000 | Episode reward:    -6.48 | Episode steps:   68 | Average reward:    -8.43 | Step Count: 25933 | Episode Q0:     2.68
Episode: 384/2000 | Episode reward:    -3.51 | Episode steps:   66 | Average reward:    -8.56 | Step Count: 25999 | Episode Q0:     2.68
Episode: 385/2000 | Episode reward:   -10.07 | Episode steps:   66 | Average reward:    -8.41 | Step Count: 26065 | Episode Q0:     2.68
Episode: 386/2000 | Episode reward:   -14.12 | Episode steps:   65 | Average reward:    -9.19 | Step Count: 26130 | Episode Q0:     2.68
Episode: 387/2000 | Episode reward:    -8.49 | Episode steps:   61 | Average reward:    -9.59 | Step Count: 26191 | Episode Q0:     2.68
Episode: 388/2000 | Episode reward:   -13.26 | Episode steps:   65 | Average reward:    -9.44 | Step Count: 26256 | Episode Q0:     2.68
Episode: 389/2000 | Episode reward:    -7.97 | Episode steps:   68 | Average reward:    -9.34 | Step Count: 26324 | Episode Q0:     2.68
Episode: 390/2000 | Episode reward:    -1.33 | Episode steps:   64 | Average reward:    -8.70 | Step Count: 26388 | Episode Q0:     2.68
Episode: 391/2000 | Episode reward:   -16.30 | Episode steps:   62 | Average reward:    -9.13 | Step Count: 26450 | Episode Q0:     2.68
Episode: 392/2000 | Episode reward:    -6.66 | Episode steps:   70 | Average reward:    -8.82 | Step Count: 26520 | Episode Q0:     2.68
Episode: 393/2000 | Episode reward:   -14.04 | Episode steps:   64 | Average reward:    -9.58 | Step Count: 26584 | Episode Q0:     2.68
Episode: 394/2000 | Episode reward:    -7.30 | Episode steps:   59 | Average reward:    -9.95 | Step Count: 26643 | Episode Q0:     2.68
Episode: 395/2000 | Episode reward:   -11.19 | Episode steps:   66 | Average reward:   -10.07 | Step Count: 26709 | Episode Q0:     3.29
Episode: 396/2000 | Episode reward:    -6.24 | Episode steps:   69 | Average reward:    -9.28 | Step Count: 26778 | Episode Q0:     3.29
Episode: 397/2000 | Episode reward:    -2.14 | Episode steps:   63 | Average reward:    -8.64 | Step Count: 26841 | Episode Q0:     3.29
Episode: 398/2000 | Episode reward:    -9.98 | Episode steps:   61 | Average reward:    -8.32 | Step Count: 26902 | Episode Q0:     3.29
Episode: 399/2000 | Episode reward:    -3.82 | Episode steps:   62 | Average reward:    -7.90 | Step Count: 26964 | Episode Q0:     3.29
Episode: 400/2000 | Episode reward:   -12.42 | Episode steps:   64 | Average reward:    -9.01 | Step Count: 27028 | Episode Q0:     3.29
Episode: 401/2000 | Episode reward:    -6.74 | Episode steps:   65 | Average reward:    -8.05 | Step Count: 27093 | Episode Q0:     3.29
Episode: 402/2000 | Episode reward:   -10.92 | Episode steps:   60 | Average reward:    -8.48 | Step Count: 27153 | Episode Q0:     3.29
Episode: 403/2000 | Episode reward:   -12.86 | Episode steps:   66 | Average reward:    -8.36 | Step Count: 27219 | Episode Q0:     3.29
Episode: 404/2000 | Episode reward:   -15.46 | Episode steps:   64 | Average reward:    -9.18 | Step Count: 27283 | Episode Q0:     3.29
Episode: 405/2000 | Episode reward:    -9.49 | Episode steps:   62 | Average reward:    -9.01 | Step Count: 27345 | Episode Q0:     3.29
Episode: 406/2000 | Episode reward:   -12.02 | Episode steps:   68 | Average reward:    -9.59 | Step Count: 27413 | Episode Q0:     3.29
Episode: 407/2000 | Episode reward:    -2.58 | Episode steps:   68 | Average reward:    -9.63 | Step Count: 27481 | Episode Q0:     3.29
Episode: 408/2000 | Episode reward:   -11.47 | Episode steps:   66 | Average reward:    -9.78 | Step Count: 27547 | Episode Q0:     3.29
Episode: 409/2000 | Episode reward:   -10.39 | Episode steps:   62 | Average reward:   -10.43 | Step Count: 27609 | Episode Q0:     3.29
Episode: 410/2000 | Episode reward:    -1.50 | Episode steps:   64 | Average reward:    -9.34 | Step Count: 27673 | Episode Q0:     3.29
Episode: 411/2000 | Episode reward:   -16.38 | Episode steps:   63 | Average reward:   -10.31 | Step Count: 27736 | Episode Q0:     3.29
Episode: 412/2000 | Episode reward:   -16.11 | Episode steps:   62 | Average reward:   -10.83 | Step Count: 27798 | Episode Q0:     3.29
Episode: 413/2000 | Episode reward:    -5.35 | Episode steps:   64 | Average reward:   -10.08 | Step Count: 27862 | Episode Q0:     3.29
Episode: 414/2000 | Episode reward:   -10.71 | Episode steps:   58 | Average reward:    -9.60 | Step Count: 27920 | Episode Q0:     3.29
Episode: 415/2000 | Episode reward:    -8.54 | Episode steps:   63 | Average reward:    -9.51 | Step Count: 27983 | Episode Q0:     3.29
Episode: 416/2000 | Episode reward:    -9.72 | Episode steps:   64 | Average reward:    -9.28 | Step Count: 28047 | Episode Q0:     3.29
Episode: 417/2000 | Episode reward:    -4.44 | Episode steps:   66 | Average reward:    -9.46 | Step Count: 28113 | Episode Q0:     3.29
Episode: 418/2000 | Episode reward:   -10.33 | Episode steps:   63 | Average reward:    -9.35 | Step Count: 28176 | Episode Q0:     3.29
Episode: 419/2000 | Episode reward:   -14.19 | Episode steps:   63 | Average reward:    -9.73 | Step Count: 28239 | Episode Q0:     3.29
Episode: 420/2000 | Episode reward:   -14.77 | Episode steps:   62 | Average reward:   -11.06 | Step Count: 28301 | Episode Q0:     3.29
Episode: 421/2000 | Episode reward:    -1.58 | Episode steps:   65 | Average reward:    -9.57 | Step Count: 28366 | Episode Q0:     3.29
Episode: 422/2000 | Episode reward:    -5.84 | Episode steps:   68 | Average reward:    -8.55 | Step Count: 28434 | Episode Q0:     3.29
Episode: 423/2000 | Episode reward:   -11.51 | Episode steps:   59 | Average reward:    -9.16 | Step Count: 28493 | Episode Q0:     3.29
Episode: 424/2000 | Episode reward:    -9.87 | Episode steps:   66 | Average reward:    -9.08 | Step Count: 28559 | Episode Q0:     3.29
Episode: 425/2000 | Episode reward:   -15.37 | Episode steps:   63 | Average reward:    -9.76 | Step Count: 28622 | Episode Q0:     3.29
Episode: 426/2000 | Episode reward:   -12.89 | Episode steps:   64 | Average reward:   -10.08 | Step Count: 28686 | Episode Q0:     3.29
Episode: 427/2000 | Episode reward:    -7.40 | Episode steps:   68 | Average reward:   -10.37 | Step Count: 28754 | Episode Q0:     3.29
Episode: 428/2000 | Episode reward:    -1.19 | Episode steps:   73 | Average reward:    -9.46 | Step Count: 28827 | Episode Q0:     3.29
Episode: 429/2000 | Episode reward:    -6.69 | Episode steps:   65 | Average reward:    -8.71 | Step Count: 28892 | Episode Q0:     3.29
Episode: 430/2000 | Episode reward:    -1.69 | Episode steps:   66 | Average reward:    -7.40 | Step Count: 28958 | Episode Q0:     3.29
Episode: 431/2000 | Episode reward:   -14.07 | Episode steps:   65 | Average reward:    -8.65 | Step Count: 29023 | Episode Q0:     3.29
Episode: 432/2000 | Episode reward:    -9.88 | Episode steps:   69 | Average reward:    -9.06 | Step Count: 29092 | Episode Q0:     3.29
Episode: 433/2000 | Episode reward:    -8.86 | Episode steps:   60 | Average reward:    -8.79 | Step Count: 29152 | Episode Q0:     3.29
Episode: 434/2000 | Episode reward:    -9.01 | Episode steps:   62 | Average reward:    -8.70 | Step Count: 29214 | Episode Q0:     3.95
Episode: 435/2000 | Episode reward:    -4.93 | Episode steps:   66 | Average reward:    -7.66 | Step Count: 29280 | Episode Q0:     3.95
Episode: 436/2000 | Episode reward:    -7.63 | Episode steps:   68 | Average reward:    -7.13 | Step Count: 29348 | Episode Q0:     3.95
Episode: 437/2000 | Episode reward:    -5.43 | Episode steps:   68 | Average reward:    -6.94 | Step Count: 29416 | Episode Q0:     3.95
Episode: 438/2000 | Episode reward:    -5.93 | Episode steps:   65 | Average reward:    -7.41 | Step Count: 29481 | Episode Q0:     3.95
Episode: 439/2000 | Episode reward:    -8.87 | Episode steps:   58 | Average reward:    -7.63 | Step Count: 29539 | Episode Q0:     3.95
Episode: 440/2000 | Episode reward:   -12.83 | Episode steps:   63 | Average reward:    -8.74 | Step Count: 29602 | Episode Q0:     3.95
Episode: 441/2000 | Episode reward:    -6.25 | Episode steps:   65 | Average reward:    -7.96 | Step Count: 29667 | Episode Q0:     3.95
Episode: 442/2000 | Episode reward:    -6.69 | Episode steps:   66 | Average reward:    -7.64 | Step Count: 29733 | Episode Q0:     3.95
Episode: 443/2000 | Episode reward:     3.16 | Episode steps:   73 | Average reward:    -6.44 | Step Count: 29806 | Episode Q0:     3.95
Episode: 444/2000 | Episode reward:    -2.23 | Episode steps:   64 | Average reward:    -5.76 | Step Count: 29870 | Episode Q0:     3.95
Episode: 445/2000 | Episode reward:   -14.72 | Episode steps:   64 | Average reward:    -6.74 | Step Count: 29934 | Episode Q0:     3.95
Episode: 446/2000 | Episode reward:    -6.10 | Episode steps:   65 | Average reward:    -6.59 | Step Count: 29999 | Episode Q0:     3.95
Episode: 447/2000 | Episode reward:   -14.75 | Episode steps:   67 | Average reward:    -7.52 | Step Count: 30066 | Episode Q0:     3.95
Episode: 448/2000 | Episode reward:    -4.11 | Episode steps:   64 | Average reward:    -7.34 | Step Count: 30130 | Episode Q0:     3.95
Episode: 449/2000 | Episode reward:   -14.49 | Episode steps:   68 | Average reward:    -7.90 | Step Count: 30198 | Episode Q0:     3.95
Episode: 450/2000 | Episode reward:   -13.33 | Episode steps:   66 | Average reward:    -7.95 | Step Count: 30264 | Episode Q0:     3.95
Episode: 451/2000 | Episode reward:   -12.42 | Episode steps:   63 | Average reward:    -8.57 | Step Count: 30327 | Episode Q0:     3.95
Episode: 452/2000 | Episode reward:   -16.24 | Episode steps:   61 | Average reward:    -9.52 | Step Count: 30388 | Episode Q0:     3.95
Episode: 453/2000 | Episode reward:    -5.33 | Episode steps:   67 | Average reward:   -10.37 | Step Count: 30455 | Episode Q0:     3.95
Episode: 454/2000 | Episode reward:    -4.54 | Episode steps:   63 | Average reward:   -10.60 | Step Count: 30518 | Episode Q0:     3.95
Episode: 455/2000 | Episode reward:    -9.36 | Episode steps:   64 | Average reward:   -10.07 | Step Count: 30582 | Episode Q0:     3.95
Episode: 456/2000 | Episode reward:   -12.53 | Episode steps:   65 | Average reward:   -10.71 | Step Count: 30647 | Episode Q0:     3.95
Episode: 457/2000 | Episode reward:    -5.61 | Episode steps:   62 | Average reward:    -9.80 | Step Count: 30709 | Episode Q0:     3.95
Episode: 458/2000 | Episode reward:    -2.69 | Episode steps:   65 | Average reward:    -9.65 | Step Count: 30774 | Episode Q0:     3.95
Episode: 459/2000 | Episode reward:    -7.12 | Episode steps:   68 | Average reward:    -8.92 | Step Count: 30842 | Episode Q0:     3.95
Episode: 460/2000 | Episode reward:   -14.28 | Episode steps:   64 | Average reward:    -9.01 | Step Count: 30906 | Episode Q0:     3.95
Episode: 461/2000 | Episode reward:    -6.85 | Episode steps:   71 | Average reward:    -8.45 | Step Count: 30977 | Episode Q0:     3.95
Episode: 462/2000 | Episode reward:   -14.74 | Episode steps:   67 | Average reward:    -8.30 | Step Count: 31044 | Episode Q0:     3.95
Episode: 463/2000 | Episode reward:   -15.01 | Episode steps:   64 | Average reward:    -9.27 | Step Count: 31108 | Episode Q0:     3.95
Episode: 464/2000 | Episode reward:   -12.43 | Episode steps:   66 | Average reward:   -10.06 | Step Count: 31174 | Episode Q0:     3.95
Episode: 465/2000 | Episode reward:   -10.19 | Episode steps:   62 | Average reward:   -10.14 | Step Count: 31236 | Episode Q0:     3.95
Episode: 466/2000 | Episode reward:   -11.46 | Episode steps:   62 | Average reward:   -10.04 | Step Count: 31298 | Episode Q0:     3.95
Episode: 467/2000 | Episode reward:   -16.87 | Episode steps:   62 | Average reward:   -11.16 | Step Count: 31360 | Episode Q0:     3.95
Episode: 468/2000 | Episode reward:   -10.50 | Episode steps:   69 | Average reward:   -11.94 | Step Count: 31429 | Episode Q0:     3.95
Episode: 469/2000 | Episode reward:    -1.33 | Episode steps:   64 | Average reward:   -11.37 | Step Count: 31493 | Episode Q0:     3.95
Episode: 470/2000 | Episode reward:    -5.10 | Episode steps:   63 | Average reward:   -10.45 | Step Count: 31556 | Episode Q0:     3.95
Episode: 471/2000 | Episode reward:    -4.58 | Episode steps:   74 | Average reward:   -10.22 | Step Count: 31630 | Episode Q0:     3.95
Episode: 472/2000 | Episode reward:   -18.58 | Episode steps:   65 | Average reward:   -10.60 | Step Count: 31695 | Episode Q0:     4.59
Episode: 473/2000 | Episode reward:     0.23 | Episode steps:   69 | Average reward:    -9.08 | Step Count: 31764 | Episode Q0:     4.59
Episode: 474/2000 | Episode reward:   -13.71 | Episode steps:   57 | Average reward:    -9.21 | Step Count: 31821 | Episode Q0:     4.59
Episode: 475/2000 | Episode reward:   -10.23 | Episode steps:   63 | Average reward:    -9.21 | Step Count: 31884 | Episode Q0:     4.59
Episode: 476/2000 | Episode reward:   -12.91 | Episode steps:   62 | Average reward:    -9.36 | Step Count: 31946 | Episode Q0:     4.59
Episode: 477/2000 | Episode reward:   -15.30 | Episode steps:   65 | Average reward:    -9.20 | Step Count: 32011 | Episode Q0:     4.59
Episode: 478/2000 | Episode reward:   -11.28 | Episode steps:   67 | Average reward:    -9.28 | Step Count: 32078 | Episode Q0:     4.59
Episode: 479/2000 | Episode reward:    -9.27 | Episode steps:   67 | Average reward:   -10.07 | Step Count: 32145 | Episode Q0:     4.59
Episode: 480/2000 | Episode reward:    -2.83 | Episode steps:   69 | Average reward:    -9.84 | Step Count: 32214 | Episode Q0:     4.59
Episode: 481/2000 | Episode reward:   -11.36 | Episode steps:   57 | Average reward:   -10.52 | Step Count: 32271 | Episode Q0:     4.59
Episode: 482/2000 | Episode reward:   -10.74 | Episode steps:   66 | Average reward:    -9.74 | Step Count: 32337 | Episode Q0:     4.59
Episode: 483/2000 | Episode reward:   -12.09 | Episode steps:   66 | Average reward:   -10.97 | Step Count: 32403 | Episode Q0:     4.59
Episode: 484/2000 | Episode reward:    -4.94 | Episode steps:   68 | Average reward:   -10.09 | Step Count: 32471 | Episode Q0:     4.59
Episode: 485/2000 | Episode reward:    -7.60 | Episode steps:   70 | Average reward:    -9.83 | Step Count: 32541 | Episode Q0:     4.59
Episode: 486/2000 | Episode reward:    -2.65 | Episode steps:   71 | Average reward:    -8.81 | Step Count: 32612 | Episode Q0:     4.59
Episode: 487/2000 | Episode reward:   -18.58 | Episode steps:   61 | Average reward:    -9.13 | Step Count: 32673 | Episode Q0:     4.59
Episode: 488/2000 | Episode reward:   -11.69 | Episode steps:   68 | Average reward:    -9.17 | Step Count: 32741 | Episode Q0:     4.59
Episode: 489/2000 | Episode reward:    -4.79 | Episode steps:   64 | Average reward:    -8.73 | Step Count: 32805 | Episode Q0:     4.59
Episode: 490/2000 | Episode reward:   -12.51 | Episode steps:   66 | Average reward:    -9.69 | Step Count: 32871 | Episode Q0:     4.59
Episode: 491/2000 | Episode reward:   -10.96 | Episode steps:   62 | Average reward:    -9.65 | Step Count: 32933 | Episode Q0:     4.59
Episode: 492/2000 | Episode reward:   -14.31 | Episode steps:   66 | Average reward:   -10.01 | Step Count: 32999 | Episode Q0:     4.59
Episode: 493/2000 | Episode reward:    -0.29 | Episode steps:   67 | Average reward:    -8.83 | Step Count: 33066 | Episode Q0:     4.59
Episode: 494/2000 | Episode reward:    -2.56 | Episode steps:   64 | Average reward:    -8.59 | Step Count: 33130 | Episode Q0:     4.59
Episode: 495/2000 | Episode reward:    -9.27 | Episode steps:   62 | Average reward:    -8.76 | Step Count: 33192 | Episode Q0:     4.59
Episode: 496/2000 | Episode reward:    -5.48 | Episode steps:   61 | Average reward:    -9.04 | Step Count: 33253 | Episode Q0:     4.59
Episode: 497/2000 | Episode reward:   -11.48 | Episode steps:   65 | Average reward:    -8.33 | Step Count: 33318 | Episode Q0:     4.59
Episode: 498/2000 | Episode reward:   -14.71 | Episode steps:   65 | Average reward:    -8.64 | Step Count: 33383 | Episode Q0:     4.59
Episode: 499/2000 | Episode reward:   -11.04 | Episode steps:   62 | Average reward:    -9.26 | Step Count: 33445 | Episode Q0:     4.59
Episode: 500/2000 | Episode reward:    -8.79 | Episode steps:   61 | Average reward:    -8.89 | Step Count: 33506 | Episode Q0:     4.59
Episode: 501/2000 | Episode reward:    -7.79 | Episode steps:   61 | Average reward:    -8.57 | Step Count: 33567 | Episode Q0:     4.59
Episode: 502/2000 | Episode reward:    -4.08 | Episode steps:   71 | Average reward:    -7.55 | Step Count: 33638 | Episode Q0:     4.59
Episode: 503/2000 | Episode reward:    -2.99 | Episode steps:   68 | Average reward:    -7.82 | Step Count: 33706 | Episode Q0:     4.59
Episode: 504/2000 | Episode reward:    -8.92 | Episode steps:   68 | Average reward:    -8.46 | Step Count: 33774 | Episode Q0:     4.59
Episode: 505/2000 | Episode reward:    -7.24 | Episode steps:   62 | Average reward:    -8.25 | Step Count: 33836 | Episode Q0:     4.59
Episode: 506/2000 | Episode reward:    -6.10 | Episode steps:   63 | Average reward:    -8.32 | Step Count: 33899 | Episode Q0:     4.59
Episode: 507/2000 | Episode reward:     0.09 | Episode steps:   70 | Average reward:    -7.16 | Step Count: 33969 | Episode Q0:     4.59
Episode: 508/2000 | Episode reward:    -6.13 | Episode steps:   68 | Average reward:    -6.30 | Step Count: 34037 | Episode Q0:     4.59
Episode: 509/2000 | Episode reward:    -8.21 | Episode steps:   66 | Average reward:    -6.02 | Step Count: 34103 | Episode Q0:     4.59
Episode: 510/2000 | Episode reward:   -12.77 | Episode steps:   63 | Average reward:    -6.42 | Step Count: 34166 | Episode Q0:     5.27
Episode: 511/2000 | Episode reward:   -11.53 | Episode steps:   61 | Average reward:    -6.79 | Step Count: 34227 | Episode Q0:     5.27
Episode: 512/2000 | Episode reward:   -11.56 | Episode steps:   60 | Average reward:    -7.54 | Step Count: 34287 | Episode Q0:     5.27
Episode: 513/2000 | Episode reward:    -7.47 | Episode steps:   64 | Average reward:    -7.99 | Step Count: 34351 | Episode Q0:     5.27
Episode: 514/2000 | Episode reward:    -6.29 | Episode steps:   62 | Average reward:    -7.72 | Step Count: 34413 | Episode Q0:     5.27
Episode: 515/2000 | Episode reward:   -15.35 | Episode steps:   65 | Average reward:    -8.53 | Step Count: 34478 | Episode Q0:     5.27
Episode: 516/2000 | Episode reward:    -3.05 | Episode steps:   64 | Average reward:    -8.23 | Step Count: 34542 | Episode Q0:     5.27
Episode: 517/2000 | Episode reward:    -1.03 | Episode steps:   63 | Average reward:    -8.34 | Step Count: 34605 | Episode Q0:     5.27
Episode: 518/2000 | Episode reward:    -7.60 | Episode steps:   69 | Average reward:    -8.49 | Step Count: 34674 | Episode Q0:     5.27
Episode: 519/2000 | Episode reward:    -7.12 | Episode steps:   66 | Average reward:    -8.38 | Step Count: 34740 | Episode Q0:     5.27
Episode: 520/2000 | Episode reward:    -2.63 | Episode steps:   66 | Average reward:    -7.36 | Step Count: 34806 | Episode Q0:     5.27
Episode: 521/2000 | Episode reward:   -13.72 | Episode steps:   59 | Average reward:    -7.58 | Step Count: 34865 | Episode Q0:     5.27
Episode: 522/2000 | Episode reward:    -8.56 | Episode steps:   67 | Average reward:    -7.28 | Step Count: 34932 | Episode Q0:     5.27
Episode: 523/2000 | Episode reward:     0.89 | Episode steps:   67 | Average reward:    -6.45 | Step Count: 34999 | Episode Q0:     5.27
Episode: 524/2000 | Episode reward:    -7.23 | Episode steps:   66 | Average reward:    -6.54 | Step Count: 35065 | Episode Q0:     5.27
Episode: 525/2000 | Episode reward:    -8.67 | Episode steps:   64 | Average reward:    -5.87 | Step Count: 35129 | Episode Q0:     5.27
Episode: 526/2000 | Episode reward:    -7.34 | Episode steps:   64 | Average reward:    -6.30 | Step Count: 35193 | Episode Q0:     5.27
Episode: 527/2000 | Episode reward:   -10.95 | Episode steps:   59 | Average reward:    -7.29 | Step Count: 35252 | Episode Q0:     5.27
Episode: 528/2000 | Episode reward:    -5.36 | Episode steps:   67 | Average reward:    -7.07 | Step Count: 35319 | Episode Q0:     5.27
Episode: 529/2000 | Episode reward:    -2.98 | Episode steps:   66 | Average reward:    -6.66 | Step Count: 35385 | Episode Q0:     5.27
Episode: 530/2000 | Episode reward:    -0.74 | Episode steps:   68 | Average reward:    -6.47 | Step Count: 35453 | Episode Q0:     5.27
Episode: 531/2000 | Episode reward:    -4.83 | Episode steps:   63 | Average reward:    -5.58 | Step Count: 35516 | Episode Q0:     5.27
Episode: 532/2000 | Episode reward:    -6.42 | Episode steps:   61 | Average reward:    -5.36 | Step Count: 35577 | Episode Q0:     5.27
Episode: 533/2000 | Episode reward:    -6.07 | Episode steps:   67 | Average reward:    -6.06 | Step Count: 35644 | Episode Q0:     5.27
Episode: 534/2000 | Episode reward:   -13.75 | Episode steps:   60 | Average reward:    -6.71 | Step Count: 35704 | Episode Q0:     5.27
Episode: 535/2000 | Episode reward:    -4.27 | Episode steps:   68 | Average reward:    -6.27 | Step Count: 35772 | Episode Q0:     5.27
Episode: 536/2000 | Episode reward:    -3.70 | Episode steps:   73 | Average reward:    -5.91 | Step Count: 35845 | Episode Q0:     5.27
Episode: 537/2000 | Episode reward:    -9.22 | Episode steps:   67 | Average reward:    -5.73 | Step Count: 35912 | Episode Q0:     5.27
Episode: 538/2000 | Episode reward:    -2.92 | Episode steps:   66 | Average reward:    -5.49 | Step Count: 35978 | Episode Q0:     5.27
Episode: 539/2000 | Episode reward:    -0.80 | Episode steps:   69 | Average reward:    -5.27 | Step Count: 36047 | Episode Q0:     5.27
Episode: 540/2000 | Episode reward:    -4.16 | Episode steps:   72 | Average reward:    -5.61 | Step Count: 36119 | Episode Q0:     5.27
Episode: 541/2000 | Episode reward:    -5.22 | Episode steps:   65 | Average reward:    -5.65 | Step Count: 36184 | Episode Q0:     5.27
Episode: 542/2000 | Episode reward:    -0.23 | Episode steps:   65 | Average reward:    -5.03 | Step Count: 36249 | Episode Q0:     5.27
Episode: 543/2000 | Episode reward:    -0.10 | Episode steps:   74 | Average reward:    -4.44 | Step Count: 36323 | Episode Q0:     5.27
Episode: 544/2000 | Episode reward:    -3.95 | Episode steps:   71 | Average reward:    -3.46 | Step Count: 36394 | Episode Q0:     5.27
Episode: 545/2000 | Episode reward:    -2.79 | Episode steps:   68 | Average reward:    -3.31 | Step Count: 36462 | Episode Q0:     5.27
Episode: 546/2000 | Episode reward:    -2.39 | Episode steps:   74 | Average reward:    -3.18 | Step Count: 36536 | Episode Q0:     5.27
Episode: 547/2000 | Episode reward:    -9.29 | Episode steps:   62 | Average reward:    -3.19 | Step Count: 36598 | Episode Q0:     5.27
Episode: 548/2000 | Episode reward:    -0.04 | Episode steps:   76 | Average reward:    -2.90 | Step Count: 36674 | Episode Q0:     5.78
Episode: 549/2000 | Episode reward:    -1.38 | Episode steps:   64 | Average reward:    -2.95 | Step Count: 36738 | Episode Q0:     5.78
Episode: 550/2000 | Episode reward:    -7.76 | Episode steps:   63 | Average reward:    -3.32 | Step Count: 36801 | Episode Q0:     5.78
Episode: 551/2000 | Episode reward:    -9.41 | Episode steps:   62 | Average reward:    -3.73 | Step Count: 36863 | Episode Q0:     5.78
Episode: 552/2000 | Episode reward:     3.13 | Episode steps:   73 | Average reward:    -3.40 | Step Count: 36936 | Episode Q0:     5.78
Episode: 553/2000 | Episode reward:    -6.83 | Episode steps:   71 | Average reward:    -4.07 | Step Count: 37007 | Episode Q0:     5.78
Episode: 554/2000 | Episode reward:   234.14 | Episode steps:  278 | Average reward:    19.74 | Step Count: 37285 | Episode Q0:     5.78
Episode: 555/2000 | Episode reward:   296.04 | Episode steps:  341 | Average reward:    49.62 | Step Count: 37626 | Episode Q0:     5.78
Episode: 556/2000 | Episode reward:   349.67 | Episode steps:  475 | Average reward:    84.83 | Step Count: 38101 | Episode Q0:     5.78
Episode: 557/2000 | Episode reward:   248.10 | Episode steps:  293 | Average reward:   110.57 | Step Count: 38394 | Episode Q0:     5.78
Episode: 558/2000 | Episode reward:   229.71 | Episode steps:  500 | Average reward:   133.54 | Step Count: 38894 | Episode Q0:     5.78
Episode: 559/2000 | Episode reward:   197.13 | Episode steps:  236 | Average reward:   153.39 | Step Count: 39130 | Episode Q0:     5.78
Episode: 560/2000 | Episode reward:   163.44 | Episode steps:  202 | Average reward:   170.51 | Step Count: 39332 | Episode Q0:     5.78
Episode: 561/2000 | Episode reward:   248.82 | Episode steps:  294 | Average reward:   196.33 | Step Count: 39626 | Episode Q0:     5.78
Episode: 562/2000 | Episode reward:   171.90 | Episode steps:  211 | Average reward:   213.21 | Step Count: 39837 | Episode Q0:     5.78
Episode: 563/2000 | Episode reward:   184.14 | Episode steps:  222 | Average reward:   232.31 | Step Count: 40059 | Episode Q0:     5.78
Episode: 564/2000 | Episode reward:   174.71 | Episode steps:  211 | Average reward:   226.36 | Step Count: 40270 | Episode Q0:     5.78
Episode: 565/2000 | Episode reward:   144.02 | Episode steps:  183 | Average reward:   211.16 | Step Count: 40453 | Episode Q0:     5.78
Episode: 566/2000 | Episode reward:   250.56 | Episode steps:  297 | Average reward:   201.25 | Step Count: 40750 | Episode Q0:     5.78
Episode: 567/2000 | Episode reward:   152.88 | Episode steps:  189 | Average reward:   191.73 | Step Count: 40939 | Episode Q0:     5.78
Episode: 568/2000 | Episode reward:   190.37 | Episode steps:  230 | Average reward:   187.80 | Step Count: 41169 | Episode Q0:     5.78
Episode: 569/2000 | Episode reward:   395.33 | Episode steps:  500 | Average reward:   207.62 | Step Count: 41669 | Episode Q0:     5.78
Episode: 570/2000 | Episode reward:   280.30 | Episode steps:  425 | Average reward:   219.30 | Step Count: 42094 | Episode Q0:     5.78
Episode: 571/2000 | Episode reward:   268.21 | Episode steps:  312 | Average reward:   221.24 | Step Count: 42406 | Episode Q0:     5.78
Episode: 572/2000 | Episode reward:   190.00 | Episode steps:  232 | Average reward:   223.05 | Step Count: 42638 | Episode Q0:     5.78
Episode: 573/2000 | Episode reward:   131.66 | Episode steps:  165 | Average reward:   217.80 | Step Count: 42803 | Episode Q0:     5.78
Episode: 574/2000 | Episode reward:   190.93 | Episode steps:  231 | Average reward:   219.43 | Step Count: 43034 | Episode Q0:     5.78
Episode: 575/2000 | Episode reward:   202.85 | Episode steps:  244 | Average reward:   225.31 | Step Count: 43278 | Episode Q0:     5.78
Episode: 576/2000 | Episode reward:   225.28 | Episode steps:  500 | Average reward:   222.78 | Step Count: 43778 | Episode Q0:     5.78
Episode: 577/2000 | Episode reward:   277.75 | Episode steps:  421 | Average reward:   235.27 | Step Count: 44199 | Episode Q0:     5.78
Episode: 578/2000 | Episode reward:   160.40 | Episode steps:  198 | Average reward:   232.27 | Step Count: 44397 | Episode Q0:     5.78
Episode: 579/2000 | Episode reward:   164.04 | Episode steps:  201 | Average reward:   209.14 | Step Count: 44598 | Episode Q0:     6.74
Episode: 580/2000 | Episode reward:   182.96 | Episode steps:  223 | Average reward:   199.41 | Step Count: 44821 | Episode Q0:     6.74
Episode: 581/2000 | Episode reward:   138.54 | Episode steps:  174 | Average reward:   186.44 | Step Count: 44995 | Episode Q0:     6.74
Episode: 582/2000 | Episode reward:   247.27 | Episode steps:  500 | Average reward:   192.17 | Step Count: 45495 | Episode Q0:     6.74
Episode: 583/2000 | Episode reward:   208.93 | Episode steps:  257 | Average reward:   199.89 | Step Count: 45752 | Episode Q0:     6.74
Episode: 584/2000 | Episode reward:   135.97 | Episode steps:  175 | Average reward:   194.40 | Step Count: 45927 | Episode Q0:     6.74
Episode: 585/2000 | Episode reward:   181.91 | Episode steps:  221 | Average reward:   192.30 | Step Count: 46148 | Episode Q0:     6.74
Episode: 586/2000 | Episode reward:   142.47 | Episode steps:  181 | Average reward:   184.02 | Step Count: 46329 | Episode Q0:     6.74
Episode: 587/2000 | Episode reward:   212.80 | Episode steps:  253 | Average reward:   177.53 | Step Count: 46582 | Episode Q0:     6.74
Episode: 588/2000 | Episode reward:   360.03 | Episode steps:  500 | Average reward:   197.49 | Step Count: 47082 | Episode Q0:     6.74
Episode: 589/2000 | Episode reward:   143.65 | Episode steps:  177 | Average reward:   195.45 | Step Count: 47259 | Episode Q0:     6.74
Episode: 590/2000 | Episode reward:   159.70 | Episode steps:  195 | Average reward:   193.13 | Step Count: 47454 | Episode Q0:     6.74
Episode: 591/2000 | Episode reward:   290.97 | Episode steps:  341 | Average reward:   208.37 | Step Count: 47795 | Episode Q0:     6.74
Episode: 592/2000 | Episode reward:   184.23 | Episode steps:  500 | Average reward:   202.06 | Step Count: 48295 | Episode Q0:     6.74
Episode: 593/2000 | Episode reward:   256.62 | Episode steps:  500 | Average reward:   206.83 | Step Count: 48795 | Episode Q0:     6.74
Episode: 594/2000 | Episode reward:   217.80 | Episode steps:  500 | Average reward:   215.02 | Step Count: 49295 | Episode Q0:     6.74
Episode: 595/2000 | Episode reward:   265.76 | Episode steps:  500 | Average reward:   223.40 | Step Count: 49795 | Episode Q0:     6.74
Episode: 596/2000 | Episode reward:   228.24 | Episode steps:  500 | Average reward:   231.98 | Step Count: 50295 | Episode Q0:     6.74
Episode: 597/2000 | Episode reward:   233.47 | Episode steps:  500 | Average reward:   234.05 | Step Count: 50795 | Episode Q0:     6.74
Episode: 598/2000 | Episode reward:   137.11 | Episode steps:  222 | Average reward:   211.75 | Step Count: 51017 | Episode Q0:     6.74
Episode: 599/2000 | Episode reward:   255.20 | Episode steps:  500 | Average reward:   222.91 | Step Count: 51517 | Episode Q0:     6.74
Episode: 600/2000 | Episode reward:   201.70 | Episode steps:  500 | Average reward:   227.11 | Step Count: 52017 | Episode Q0:     6.74
Episode: 601/2000 | Episode reward:   228.75 | Episode steps:  370 | Average reward:   220.89 | Step Count: 52387 | Episode Q0:     6.74
Episode: 602/2000 | Episode reward:   205.39 | Episode steps:  500 | Average reward:   223.00 | Step Count: 52887 | Episode Q0:     6.74
Episode: 603/2000 | Episode reward:   148.17 | Episode steps:  276 | Average reward:   212.16 | Step Count: 53163 | Episode Q0:     6.74
Episode: 604/2000 | Episode reward:   227.76 | Episode steps:  479 | Average reward:   213.15 | Step Count: 53642 | Episode Q0:     7.57
Episode: 605/2000 | Episode reward:   257.37 | Episode steps:  500 | Average reward:   212.32 | Step Count: 54142 | Episode Q0:     7.57
Episode: 606/2000 | Episode reward:   244.99 | Episode steps:  378 | Average reward:   213.99 | Step Count: 54520 | Episode Q0:     7.57
Episode: 607/2000 | Episode reward:   241.61 | Episode steps:  500 | Average reward:   214.80 | Step Count: 55020 | Episode Q0:     7.57
Episode: 608/2000 | Episode reward:   218.77 | Episode steps:  500 | Average reward:   222.97 | Step Count: 55520 | Episode Q0:     7.57
Episode: 609/2000 | Episode reward:   263.66 | Episode steps:  500 | Average reward:   223.82 | Step Count: 56020 | Episode Q0:     7.57
Episode: 610/2000 | Episode reward:   309.82 | Episode steps:  500 | Average reward:   234.63 | Step Count: 56520 | Episode Q0:     7.57
Episode: 611/2000 | Episode reward:   236.37 | Episode steps:  500 | Average reward:   235.39 | Step Count: 57020 | Episode Q0:     7.57
Episode: 612/2000 | Episode reward:   293.91 | Episode steps:  500 | Average reward:   244.24 | Step Count: 57520 | Episode Q0:     7.57
Episode: 613/2000 | Episode reward:   218.50 | Episode steps:  500 | Average reward:   251.28 | Step Count: 58020 | Episode Q0:     7.57
Episode: 614/2000 | Episode reward:   257.87 | Episode steps:  500 | Average reward:   254.29 | Step Count: 58520 | Episode Q0:     7.57
Episode: 615/2000 | Episode reward:   173.18 | Episode steps:  500 | Average reward:   245.87 | Step Count: 59020 | Episode Q0:     7.57
Episode: 616/2000 | Episode reward:   240.43 | Episode steps:  500 | Average reward:   245.41 | Step Count: 59520 | Episode Q0:     7.57
Episode: 617/2000 | Episode reward:   211.56 | Episode steps:  500 | Average reward:   242.41 | Step Count: 60020 | Episode Q0:     7.57
Episode: 618/2000 | Episode reward:   229.80 | Episode steps:  500 | Average reward:   243.51 | Step Count: 60520 | Episode Q0:     7.57
Episode: 619/2000 | Episode reward:   229.11 | Episode steps:  500 | Average reward:   240.06 | Step Count: 61020 | Episode Q0:     7.57
Episode: 620/2000 | Episode reward:   312.00 | Episode steps:  500 | Average reward:   240.27 | Step Count: 61520 | Episode Q0:     7.57
Episode: 621/2000 | Episode reward:   231.82 | Episode steps:  313 | Average reward:   239.82 | Step Count: 61833 | Episode Q0:     7.57
Episode: 622/2000 | Episode reward:   240.81 | Episode steps:  500 | Average reward:   234.51 | Step Count: 62333 | Episode Q0:     7.57
Episode: 623/2000 | Episode reward:    58.70 | Episode steps:   80 | Average reward:   218.53 | Step Count: 62413 | Episode Q0:     7.57
Episode: 624/2000 | Episode reward:    53.39 | Episode steps:   80 | Average reward:   198.08 | Step Count: 62493 | Episode Q0:     7.57
Episode: 625/2000 | Episode reward:    46.93 | Episode steps:   66 | Average reward:   185.46 | Step Count: 62559 | Episode Q0:     7.57
Episode: 626/2000 | Episode reward:    55.77 | Episode steps:   79 | Average reward:   166.99 | Step Count: 62638 | Episode Q0:     7.57
Episode: 627/2000 | Episode reward:    45.06 | Episode steps:   71 | Average reward:   150.34 | Step Count: 62709 | Episode Q0:     7.57
Episode: 628/2000 | Episode reward:    41.17 | Episode steps:   65 | Average reward:   131.47 | Step Count: 62774 | Episode Q0:     7.57
Episode: 629/2000 | Episode reward:    46.70 | Episode steps:   68 | Average reward:   113.23 | Step Count: 62842 | Episode Q0:     7.57
Episode: 630/2000 | Episode reward:    36.29 | Episode steps:   59 | Average reward:    85.66 | Step Count: 62901 | Episode Q0:     7.57
Episode: 631/2000 | Episode reward:    46.31 | Episode steps:   68 | Average reward:    67.11 | Step Count: 62969 | Episode Q0:     7.57
Episode: 632/2000 | Episode reward:    39.25 | Episode steps:   59 | Average reward:    46.96 | Step Count: 63028 | Episode Q0:     7.57
Episode: 633/2000 | Episode reward:    80.25 | Episode steps:  106 | Average reward:    49.11 | Step Count: 63134 | Episode Q0:     7.57
Episode: 634/2000 | Episode reward:    35.43 | Episode steps:   64 | Average reward:    47.32 | Step Count: 63198 | Episode Q0:     7.57
Episode: 635/2000 | Episode reward:    46.75 | Episode steps:   67 | Average reward:    47.30 | Step Count: 63265 | Episode Q0:     7.57
Episode: 636/2000 | Episode reward:    57.46 | Episode steps:   77 | Average reward:    47.47 | Step Count: 63342 | Episode Q0:     7.57
Episode: 637/2000 | Episode reward:    41.14 | Episode steps:   66 | Average reward:    47.08 | Step Count: 63408 | Episode Q0:     7.57
Episode: 638/2000 | Episode reward:    55.65 | Episode steps:   80 | Average reward:    48.52 | Step Count: 63488 | Episode Q0:     7.57
Episode: 639/2000 | Episode reward:    65.60 | Episode steps:   86 | Average reward:    50.41 | Step Count: 63574 | Episode Q0:     7.57
Episode: 640/2000 | Episode reward:    30.22 | Episode steps:   51 | Average reward:    49.81 | Step Count: 63625 | Episode Q0:     7.57
Episode: 641/2000 | Episode reward:    50.96 | Episode steps:   72 | Average reward:    50.27 | Step Count: 63697 | Episode Q0:     7.57
Episode: 642/2000 | Episode reward:    48.69 | Episode steps:   80 | Average reward:    51.22 | Step Count: 63777 | Episode Q0:     8.60
Episode: 643/2000 | Episode reward:    40.66 | Episode steps:   67 | Average reward:    47.26 | Step Count: 63844 | Episode Q0:     8.60
Episode: 644/2000 | Episode reward:    58.70 | Episode steps:   83 | Average reward:    49.58 | Step Count: 63927 | Episode Q0:     8.60
Episode: 645/2000 | Episode reward:    51.65 | Episode steps:   76 | Average reward:    50.07 | Step Count: 64003 | Episode Q0:     8.60
Episode: 646/2000 | Episode reward:   151.78 | Episode steps:  358 | Average reward:    59.51 | Step Count: 64361 | Episode Q0:     8.60
Episode: 647/2000 | Episode reward:    62.02 | Episode steps:  265 | Average reward:    61.59 | Step Count: 64626 | Episode Q0:     8.60
Episode: 648/2000 | Episode reward:   134.08 | Episode steps:  316 | Average reward:    69.44 | Step Count: 64942 | Episode Q0:     8.60
Episode: 649/2000 | Episode reward:   111.37 | Episode steps:  283 | Average reward:    74.01 | Step Count: 65225 | Episode Q0:     8.60
Episode: 650/2000 | Episode reward:    58.74 | Episode steps:   83 | Average reward:    76.87 | Step Count: 65308 | Episode Q0:     8.60
Episode: 651/2000 | Episode reward:   151.37 | Episode steps:  500 | Average reward:    86.91 | Step Count: 65808 | Episode Q0:     8.60
Episode: 652/2000 | Episode reward:    56.43 | Episode steps:   82 | Average reward:    87.68 | Step Count: 65890 | Episode Q0:     8.60
Episode: 653/2000 | Episode reward:    36.82 | Episode steps:   58 | Average reward:    87.30 | Step Count: 65948 | Episode Q0:     8.60
Episode: 654/2000 | Episode reward:    51.29 | Episode steps:   78 | Average reward:    86.56 | Step Count: 66026 | Episode Q0:     8.60
Episode: 655/2000 | Episode reward:   146.23 | Episode steps:  174 | Average reward:    96.01 | Step Count: 66200 | Episode Q0:     8.60
Episode: 656/2000 | Episode reward:    53.19 | Episode steps:   81 | Average reward:    86.15 | Step Count: 66281 | Episode Q0:     8.60
Episode: 657/2000 | Episode reward:    55.07 | Episode steps:   80 | Average reward:    85.46 | Step Count: 66361 | Episode Q0:     8.60
Episode: 658/2000 | Episode reward:   111.99 | Episode steps:  140 | Average reward:    83.25 | Step Count: 66501 | Episode Q0:     8.60
Episode: 659/2000 | Episode reward:    84.52 | Episode steps:  269 | Average reward:    80.57 | Step Count: 66770 | Episode Q0:     8.60
Episode: 660/2000 | Episode reward:    51.21 | Episode steps:   73 | Average reward:    79.81 | Step Count: 66843 | Episode Q0:     8.60
Episode: 661/2000 | Episode reward:    65.18 | Episode steps:   86 | Average reward:    71.19 | Step Count: 66929 | Episode Q0:     8.60
Episode: 662/2000 | Episode reward:   151.93 | Episode steps:  331 | Average reward:    80.74 | Step Count: 67260 | Episode Q0:     8.60
Episode: 663/2000 | Episode reward:    47.22 | Episode steps:   72 | Average reward:    81.78 | Step Count: 67332 | Episode Q0:     8.60
Episode: 664/2000 | Episode reward:    48.72 | Episode steps:   74 | Average reward:    81.53 | Step Count: 67406 | Episode Q0:     8.60
Episode: 665/2000 | Episode reward:    86.19 | Episode steps:  115 | Average reward:    75.52 | Step Count: 67521 | Episode Q0:     8.60
Episode: 666/2000 | Episode reward:    77.93 | Episode steps:  109 | Average reward:    78.00 | Step Count: 67630 | Episode Q0:     8.60
Episode: 667/2000 | Episode reward:    80.80 | Episode steps:  259 | Average reward:    80.57 | Step Count: 67889 | Episode Q0:     8.60
Episode: 668/2000 | Episode reward:    74.35 | Episode steps:  240 | Average reward:    76.80 | Step Count: 68129 | Episode Q0:     8.60
Episode: 669/2000 | Episode reward:    89.41 | Episode steps:  249 | Average reward:    77.29 | Step Count: 68378 | Episode Q0:     8.60
Episode: 670/2000 | Episode reward:    58.26 | Episode steps:   83 | Average reward:    78.00 | Step Count: 68461 | Episode Q0:     8.60
Episode: 671/2000 | Episode reward:    41.10 | Episode steps:   64 | Average reward:    75.59 | Step Count: 68525 | Episode Q0:     8.60
Episode: 672/2000 | Episode reward:    45.33 | Episode steps:   68 | Average reward:    64.93 | Step Count: 68593 | Episode Q0:     8.60
Episode: 673/2000 | Episode reward:   100.12 | Episode steps:  267 | Average reward:    70.22 | Step Count: 68860 | Episode Q0:     8.60
Episode: 674/2000 | Episode reward:    87.60 | Episode steps:  244 | Average reward:    74.11 | Step Count: 69104 | Episode Q0:     8.60
Episode: 675/2000 | Episode reward:   105.46 | Episode steps:  264 | Average reward:    76.04 | Step Count: 69368 | Episode Q0:     8.60
Episode: 676/2000 | Episode reward:    52.28 | Episode steps:   76 | Average reward:    73.47 | Step Count: 69444 | Episode Q0:     8.60
Episode: 677/2000 | Episode reward:    75.14 | Episode steps:  103 | Average reward:    72.91 | Step Count: 69547 | Episode Q0:     8.60
Episode: 678/2000 | Episode reward:    99.25 | Episode steps:  248 | Average reward:    75.40 | Step Count: 69795 | Episode Q0:     9.78
Episode: 679/2000 | Episode reward:    48.22 | Episode steps:   74 | Average reward:    71.28 | Step Count: 69869 | Episode Q0:     9.78
Episode: 680/2000 | Episode reward:    83.01 | Episode steps:  110 | Average reward:    73.75 | Step Count: 69979 | Episode Q0:     9.78
Episode: 681/2000 | Episode reward:    96.19 | Episode steps:  250 | Average reward:    79.26 | Step Count: 70229 | Episode Q0:     9.78
Episode: 682/2000 | Episode reward:   104.40 | Episode steps:  259 | Average reward:    85.17 | Step Count: 70488 | Episode Q0:     9.78
Episode: 683/2000 | Episode reward:    46.28 | Episode steps:   67 | Average reward:    79.78 | Step Count: 70555 | Episode Q0:     9.78
Episode: 684/2000 | Episode reward:    76.83 | Episode steps:  249 | Average reward:    78.71 | Step Count: 70804 | Episode Q0:     9.78
Episode: 685/2000 | Episode reward:    39.67 | Episode steps:   59 | Average reward:    72.13 | Step Count: 70863 | Episode Q0:     9.78
Episode: 686/2000 | Episode reward:    93.11 | Episode steps:  245 | Average reward:    76.21 | Step Count: 71108 | Episode Q0:     9.78
Episode: 687/2000 | Episode reward:   134.84 | Episode steps:  278 | Average reward:    82.18 | Step Count: 71386 | Episode Q0:     9.78
Episode: 688/2000 | Episode reward:   162.23 | Episode steps:  219 | Average reward:    88.48 | Step Count: 71605 | Episode Q0:     9.78
Episode: 689/2000 | Episode reward:   174.99 | Episode steps:  345 | Average reward:   101.16 | Step Count: 71950 | Episode Q0:     9.78
Episode: 690/2000 | Episode reward:   136.25 | Episode steps:  283 | Average reward:   106.48 | Step Count: 72233 | Episode Q0:     9.78
Episode: 691/2000 | Episode reward:   133.34 | Episode steps:  300 | Average reward:   110.19 | Step Count: 72533 | Episode Q0:     9.78
Episode: 692/2000 | Episode reward:    90.73 | Episode steps:  210 | Average reward:   108.83 | Step Count: 72743 | Episode Q0:     9.78
Episode: 693/2000 | Episode reward:    51.91 | Episode steps:  216 | Average reward:   109.39 | Step Count: 72959 | Episode Q0:     9.78
Episode: 694/2000 | Episode reward:   148.90 | Episode steps:  312 | Average reward:   116.60 | Step Count: 73271 | Episode Q0:     9.78
Episode: 695/2000 | Episode reward:   116.40 | Episode steps:  251 | Average reward:   124.27 | Step Count: 73522 | Episode Q0:     9.78
Episode: 696/2000 | Episode reward:   118.08 | Episode steps:  312 | Average reward:   126.77 | Step Count: 73834 | Episode Q0:     9.78
Episode: 697/2000 | Episode reward:    86.16 | Episode steps:  238 | Average reward:   121.90 | Step Count: 74072 | Episode Q0:     9.78
Episode: 698/2000 | Episode reward:    70.21 | Episode steps:  206 | Average reward:   112.70 | Step Count: 74278 | Episode Q0:     9.78
Episode: 699/2000 | Episode reward:   123.27 | Episode steps:  271 | Average reward:   107.53 | Step Count: 74549 | Episode Q0:     9.78
Episode: 700/2000 | Episode reward:   135.82 | Episode steps:  441 | Average reward:   107.48 | Step Count: 74990 | Episode Q0:     9.78
Episode: 701/2000 | Episode reward:    97.55 | Episode steps:  267 | Average reward:   103.90 | Step Count: 75257 | Episode Q0:     9.78
Episode: 702/2000 | Episode reward:   180.53 | Episode steps:  363 | Average reward:   112.88 | Step Count: 75620 | Episode Q0:     9.78
Episode: 703/2000 | Episode reward:   187.75 | Episode steps:  391 | Average reward:   126.47 | Step Count: 76011 | Episode Q0:     9.78
Episode: 704/2000 | Episode reward:   165.31 | Episode steps:  500 | Average reward:   128.11 | Step Count: 76511 | Episode Q0:     9.78
Episode: 705/2000 | Episode reward:   107.48 | Episode steps:  254 | Average reward:   127.22 | Step Count: 76765 | Episode Q0:     9.78
Episode: 706/2000 | Episode reward:   145.16 | Episode steps:  325 | Average reward:   129.92 | Step Count: 77090 | Episode Q0:     9.78
Episode: 707/2000 | Episode reward:   150.85 | Episode steps:  182 | Average reward:   136.39 | Step Count: 77272 | Episode Q0:     9.78
Episode: 708/2000 | Episode reward:    91.46 | Episode steps:  245 | Average reward:   138.52 | Step Count: 77517 | Episode Q0:     9.78
Episode: 709/2000 | Episode reward:   104.42 | Episode steps:  232 | Average reward:   136.63 | Step Count: 77749 | Episode Q0:     9.78
Episode: 710/2000 | Episode reward:   111.61 | Episode steps:  251 | Average reward:   134.21 | Step Count: 78000 | Episode Q0:     9.78
Episode: 711/2000 | Episode reward:    78.17 | Episode steps:  236 | Average reward:   132.27 | Step Count: 78236 | Episode Q0:    11.33
Episode: 712/2000 | Episode reward:    85.83 | Episode steps:  246 | Average reward:   122.80 | Step Count: 78482 | Episode Q0:    11.33
Episode: 713/2000 | Episode reward:    70.55 | Episode steps:  227 | Average reward:   111.08 | Step Count: 78709 | Episode Q0:    11.33
Episode: 714/2000 | Episode reward:   115.95 | Episode steps:  256 | Average reward:   106.15 | Step Count: 78965 | Episode Q0:    11.33
Episode: 715/2000 | Episode reward:   158.97 | Episode steps:  500 | Average reward:   111.30 | Step Count: 79465 | Episode Q0:    11.33
Episode: 716/2000 | Episode reward:   123.39 | Episode steps:  264 | Average reward:   109.12 | Step Count: 79729 | Episode Q0:    11.33
Episode: 717/2000 | Episode reward:   218.82 | Episode steps:  408 | Average reward:   115.92 | Step Count: 80137 | Episode Q0:    11.33
Episode: 718/2000 | Episode reward:   122.19 | Episode steps:  277 | Average reward:   118.99 | Step Count: 80414 | Episode Q0:    11.33
Episode: 719/2000 | Episode reward:   252.54 | Episode steps:  320 | Average reward:   133.80 | Step Count: 80734 | Episode Q0:    11.33
Episode: 720/2000 | Episode reward:   116.26 | Episode steps:  236 | Average reward:   134.27 | Step Count: 80970 | Episode Q0:    11.33
Episode: 721/2000 | Episode reward:   172.21 | Episode steps:  344 | Average reward:   143.67 | Step Count: 81314 | Episode Q0:    11.33
Episode: 722/2000 | Episode reward:   109.89 | Episode steps:  235 | Average reward:   146.08 | Step Count: 81549 | Episode Q0:    11.33
Episode: 723/2000 | Episode reward:   102.00 | Episode steps:  225 | Average reward:   149.22 | Step Count: 81774 | Episode Q0:    11.33
Episode: 724/2000 | Episode reward:   112.45 | Episode steps:  264 | Average reward:   148.87 | Step Count: 82038 | Episode Q0:    11.33
Episode: 725/2000 | Episode reward:   166.57 | Episode steps:  318 | Average reward:   149.63 | Step Count: 82356 | Episode Q0:    11.33
Episode: 726/2000 | Episode reward:   133.24 | Episode steps:  242 | Average reward:   150.62 | Step Count: 82598 | Episode Q0:    11.33
Episode: 727/2000 | Episode reward:   163.13 | Episode steps:  311 | Average reward:   145.05 | Step Count: 82909 | Episode Q0:    11.33
Episode: 728/2000 | Episode reward:   147.41 | Episode steps:  302 | Average reward:   147.57 | Step Count: 83211 | Episode Q0:    11.33
Episode: 729/2000 | Episode reward:   189.25 | Episode steps:  341 | Average reward:   141.24 | Step Count: 83552 | Episode Q0:    11.33
Episode: 730/2000 | Episode reward:    94.56 | Episode steps:  217 | Average reward:   139.07 | Step Count: 83769 | Episode Q0:    11.33
Episode: 731/2000 | Episode reward:   135.29 | Episode steps:  235 | Average reward:   135.38 | Step Count: 84004 | Episode Q0:    11.33
Episode: 732/2000 | Episode reward:   169.25 | Episode steps:  337 | Average reward:   141.32 | Step Count: 84341 | Episode Q0:    11.33
Episode: 733/2000 | Episode reward:   113.92 | Episode steps:  273 | Average reward:   142.51 | Step Count: 84614 | Episode Q0:    11.33
Episode: 734/2000 | Episode reward:   162.24 | Episode steps:  278 | Average reward:   147.49 | Step Count: 84892 | Episode Q0:    11.33
Episode: 735/2000 | Episode reward:   173.35 | Episode steps:  337 | Average reward:   148.16 | Step Count: 85229 | Episode Q0:    11.33
Episode: 736/2000 | Episode reward:    84.31 | Episode steps:  207 | Average reward:   143.27 | Step Count: 85436 | Episode Q0:    11.33
Episode: 737/2000 | Episode reward:   162.65 | Episode steps:  321 | Average reward:   143.22 | Step Count: 85757 | Episode Q0:    11.33
Episode: 738/2000 | Episode reward:   124.17 | Episode steps:  278 | Average reward:   140.90 | Step Count: 86035 | Episode Q0:    11.33
Episode: 739/2000 | Episode reward:   101.70 | Episode steps:  220 | Average reward:   132.14 | Step Count: 86255 | Episode Q0:    11.33
Episode: 740/2000 | Episode reward:   106.77 | Episode steps:  250 | Average reward:   133.36 | Step Count: 86505 | Episode Q0:    11.33
Episode: 741/2000 | Episode reward:   105.82 | Episode steps:  229 | Average reward:   130.42 | Step Count: 86734 | Episode Q0:    11.33
Episode: 742/2000 | Episode reward:   112.56 | Episode steps:  269 | Average reward:   124.75 | Step Count: 87003 | Episode Q0:    11.33
Episode: 743/2000 | Episode reward:    97.97 | Episode steps:  244 | Average reward:   123.15 | Step Count: 87247 | Episode Q0:    11.33
Episode: 744/2000 | Episode reward:   108.50 | Episode steps:  223 | Average reward:   117.78 | Step Count: 87470 | Episode Q0:    11.33
Episode: 745/2000 | Episode reward:   279.66 | Episode steps:  460 | Average reward:   128.41 | Step Count: 87930 | Episode Q0:    12.92
Episode: 746/2000 | Episode reward:    79.86 | Episode steps:  202 | Average reward:   127.96 | Step Count: 88132 | Episode Q0:    12.92
Episode: 747/2000 | Episode reward:   106.73 | Episode steps:  263 | Average reward:   122.37 | Step Count: 88395 | Episode Q0:    12.92
Episode: 748/2000 | Episode reward:   104.06 | Episode steps:  227 | Average reward:   120.36 | Step Count: 88622 | Episode Q0:    12.92
Episode: 749/2000 | Episode reward:    98.18 | Episode steps:  214 | Average reward:   120.01 | Step Count: 88836 | Episode Q0:    12.92
Episode: 750/2000 | Episode reward:   327.52 | Episode steps:  500 | Average reward:   142.08 | Step Count: 89336 | Episode Q0:    12.92
Episode: 751/2000 | Episode reward:   142.97 | Episode steps:  257 | Average reward:   145.80 | Step Count: 89593 | Episode Q0:    12.92
Episode: 752/2000 | Episode reward:   214.07 | Episode steps:  261 | Average reward:   155.95 | Step Count: 89854 | Episode Q0:    12.92
Episode: 753/2000 | Episode reward:   111.06 | Episode steps:  222 | Average reward:   157.26 | Step Count: 90076 | Episode Q0:    12.92
Episode: 754/2000 | Episode reward:   209.98 | Episode steps:  278 | Average reward:   167.41 | Step Count: 90354 | Episode Q0:    12.92
Episode: 755/2000 | Episode reward:   176.71 | Episode steps:  251 | Average reward:   157.11 | Step Count: 90605 | Episode Q0:    12.92
Episode: 756/2000 | Episode reward:   212.39 | Episode steps:  276 | Average reward:   170.37 | Step Count: 90881 | Episode Q0:    12.92
Episode: 757/2000 | Episode reward:   164.06 | Episode steps:  306 | Average reward:   176.10 | Step Count: 91187 | Episode Q0:    12.92
Episode: 758/2000 | Episode reward:    74.82 | Episode steps:  202 | Average reward:   173.18 | Step Count: 91389 | Episode Q0:    12.92
Episode: 759/2000 | Episode reward:   176.84 | Episode steps:  333 | Average reward:   181.04 | Step Count: 91722 | Episode Q0:    12.92
Episode: 760/2000 | Episode reward:    85.54 | Episode steps:  218 | Average reward:   156.84 | Step Count: 91940 | Episode Q0:    12.92
Episode: 761/2000 | Episode reward:    94.41 | Episode steps:  229 | Average reward:   151.99 | Step Count: 92169 | Episode Q0:    12.92
Episode: 762/2000 | Episode reward:   176.76 | Episode steps:  334 | Average reward:   148.26 | Step Count: 92503 | Episode Q0:    12.92
Episode: 763/2000 | Episode reward:   121.05 | Episode steps:  228 | Average reward:   149.26 | Step Count: 92731 | Episode Q0:    12.92
Episode: 764/2000 | Episode reward:   103.65 | Episode steps:  207 | Average reward:   138.62 | Step Count: 92938 | Episode Q0:    12.92
Episode: 765/2000 | Episode reward:   167.90 | Episode steps:  236 | Average reward:   137.74 | Step Count: 93174 | Episode Q0:    12.92
Episode: 766/2000 | Episode reward:   193.32 | Episode steps:  301 | Average reward:   135.84 | Step Count: 93475 | Episode Q0:    12.92
Episode: 767/2000 | Episode reward:   211.62 | Episode steps:  500 | Average reward:   140.59 | Step Count: 93975 | Episode Q0:    12.92
Episode: 768/2000 | Episode reward:   135.37 | Episode steps:  244 | Average reward:   146.65 | Step Count: 94219 | Episode Q0:    12.92
Episode: 769/2000 | Episode reward:   141.67 | Episode steps:  296 | Average reward:   143.13 | Step Count: 94515 | Episode Q0:    12.92
Episode: 770/2000 | Episode reward:   162.46 | Episode steps:  311 | Average reward:   150.82 | Step Count: 94826 | Episode Q0:    12.92
Episode: 771/2000 | Episode reward:   161.24 | Episode steps:  274 | Average reward:   157.51 | Step Count: 95100 | Episode Q0:    12.92
Episode: 772/2000 | Episode reward:   187.68 | Episode steps:  284 | Average reward:   158.60 | Step Count: 95384 | Episode Q0:    12.92
Episode: 773/2000 | Episode reward:   134.01 | Episode steps:  244 | Average reward:   159.89 | Step Count: 95628 | Episode Q0:    12.92
Episode: 774/2000 | Episode reward:   150.12 | Episode steps:  263 | Average reward:   164.54 | Step Count: 95891 | Episode Q0:    12.92
Episode: 775/2000 | Episode reward:   229.84 | Episode steps:  308 | Average reward:   170.73 | Step Count: 96199 | Episode Q0:    12.92
Episode: 776/2000 | Episode reward:   116.30 | Episode steps:  241 | Average reward:   163.03 | Step Count: 96440 | Episode Q0:    12.92
Episode: 777/2000 | Episode reward:   133.20 | Episode steps:  260 | Average reward:   155.19 | Step Count: 96700 | Episode Q0:    12.92
Episode: 778/2000 | Episode reward:   120.90 | Episode steps:  236 | Average reward:   153.74 | Step Count: 96936 | Episode Q0:    12.92
Episode: 779/2000 | Episode reward:   239.34 | Episode steps:  500 | Average reward:   163.51 | Step Count: 97436 | Episode Q0:    14.64
Episode: 780/2000 | Episode reward:   242.20 | Episode steps:  308 | Average reward:   171.48 | Step Count: 97744 | Episode Q0:    14.64
Episode: 781/2000 | Episode reward:   165.60 | Episode steps:  321 | Average reward:   171.92 | Step Count: 98065 | Episode Q0:    14.64
Episode: 782/2000 | Episode reward:   227.82 | Episode steps:  285 | Average reward:   175.93 | Step Count: 98350 | Episode Q0:    14.64
Episode: 783/2000 | Episode reward:   198.79 | Episode steps:  280 | Average reward:   182.41 | Step Count: 98630 | Episode Q0:    14.64
Episode: 784/2000 | Episode reward:   296.25 | Episode steps:  500 | Average reward:   197.02 | Step Count: 99130 | Episode Q0:    14.64
Episode: 785/2000 | Episode reward:   249.98 | Episode steps:  342 | Average reward:   199.04 | Step Count: 99472 | Episode Q0:    14.64
Episode: 786/2000 | Episode reward:   119.09 | Episode steps:  261 | Average reward:   199.32 | Step Count: 99733 | Episode Q0:    14.64
Episode: 787/2000 | Episode reward:   182.01 | Episode steps:  291 | Average reward:   204.20 | Step Count: 100024 | Episode Q0:    14.64
Episode: 788/2000 | Episode reward:   135.88 | Episode steps:  240 | Average reward:   205.70 | Step Count: 100264 | Episode Q0:    14.64
Episode: 789/2000 | Episode reward:   139.72 | Episode steps:  237 | Average reward:   195.74 | Step Count: 100501 | Episode Q0:    14.64
Episode: 790/2000 | Episode reward:   314.20 | Episode steps:  500 | Average reward:   202.94 | Step Count: 101001 | Episode Q0:    14.64
Episode: 791/2000 | Episode reward:   141.58 | Episode steps:  263 | Average reward:   200.53 | Step Count: 101264 | Episode Q0:    14.64
Episode: 792/2000 | Episode reward:   130.33 | Episode steps:  277 | Average reward:   190.78 | Step Count: 101541 | Episode Q0:    14.64
Episode: 793/2000 | Episode reward:   115.00 | Episode steps:  278 | Average reward:   182.41 | Step Count: 101819 | Episode Q0:    14.64
Episode: 794/2000 | Episode reward:   206.74 | Episode steps:  242 | Average reward:   173.46 | Step Count: 102061 | Episode Q0:    14.64
Episode: 795/2000 | Episode reward:   156.17 | Episode steps:  283 | Average reward:   164.07 | Step Count: 102344 | Episode Q0:    14.64
Episode: 796/2000 | Episode reward:   170.04 | Episode steps:  287 | Average reward:   169.17 | Step Count: 102631 | Episode Q0:    14.64
Episode: 797/2000 | Episode reward:   140.36 | Episode steps:  283 | Average reward:   165.00 | Step Count: 102914 | Episode Q0:    14.64
Episode: 798/2000 | Episode reward:   170.52 | Episode steps:  202 | Average reward:   168.47 | Step Count: 103116 | Episode Q0:    14.64
Episode: 799/2000 | Episode reward:   150.28 | Episode steps:  265 | Average reward:   169.52 | Step Count: 103381 | Episode Q0:    14.64
Episode: 800/2000 | Episode reward:   223.54 | Episode steps:  347 | Average reward:   160.46 | Step Count: 103728 | Episode Q0:    14.64
Episode: 801/2000 | Episode reward:   157.61 | Episode steps:  314 | Average reward:   162.06 | Step Count: 104042 | Episode Q0:    14.64
Episode: 802/2000 | Episode reward:   126.76 | Episode steps:  156 | Average reward:   161.70 | Step Count: 104198 | Episode Q0:    14.64
Episode: 803/2000 | Episode reward:   161.86 | Episode steps:  283 | Average reward:   166.39 | Step Count: 104481 | Episode Q0:    14.64
Episode: 804/2000 | Episode reward:   113.12 | Episode steps:  241 | Average reward:   157.03 | Step Count: 104722 | Episode Q0:    14.64
Episode: 805/2000 | Episode reward:   147.06 | Episode steps:  234 | Average reward:   156.12 | Step Count: 104956 | Episode Q0:    14.64
Episode: 806/2000 | Episode reward:   137.62 | Episode steps:  244 | Average reward:   152.87 | Step Count: 105200 | Episode Q0:    14.64
Episode: 807/2000 | Episode reward:   133.26 | Episode steps:  278 | Average reward:   152.16 | Step Count: 105478 | Episode Q0:    14.64
Episode: 808/2000 | Episode reward:   121.55 | Episode steps:  254 | Average reward:   147.27 | Step Count: 105732 | Episode Q0:    14.64
Episode: 809/2000 | Episode reward:   234.60 | Episode steps:  282 | Average reward:   155.70 | Step Count: 106014 | Episode Q0:    14.64
Episode: 810/2000 | Episode reward:   219.20 | Episode steps:  408 | Average reward:   155.26 | Step Count: 106422 | Episode Q0:    14.64
Episode: 811/2000 | Episode reward:   138.93 | Episode steps:  271 | Average reward:   153.40 | Step Count: 106693 | Episode Q0:    14.64
Episode: 812/2000 | Episode reward:   165.50 | Episode steps:  210 | Average reward:   157.27 | Step Count: 106903 | Episode Q0:    16.41
Episode: 813/2000 | Episode reward:   160.56 | Episode steps:  302 | Average reward:   157.14 | Step Count: 107205 | Episode Q0:    16.41
Episode: 814/2000 | Episode reward:   121.34 | Episode steps:  271 | Average reward:   157.96 | Step Count: 107476 | Episode Q0:    16.41
Episode: 815/2000 | Episode reward:    98.78 | Episode steps:  229 | Average reward:   153.13 | Step Count: 107705 | Episode Q0:    16.41
Episode: 816/2000 | Episode reward:   128.09 | Episode steps:  257 | Average reward:   152.18 | Step Count: 107962 | Episode Q0:    16.41
Episode: 817/2000 | Episode reward:   120.09 | Episode steps:  244 | Average reward:   150.86 | Step Count: 108206 | Episode Q0:    16.41
Episode: 818/2000 | Episode reward:   128.25 | Episode steps:  286 | Average reward:   151.53 | Step Count: 108492 | Episode Q0:    16.41
Episode: 819/2000 | Episode reward:   166.46 | Episode steps:  290 | Average reward:   144.72 | Step Count: 108782 | Episode Q0:    16.41
Episode: 820/2000 | Episode reward:   131.11 | Episode steps:  288 | Average reward:   135.91 | Step Count: 109070 | Episode Q0:    16.41
Episode: 821/2000 | Episode reward:   155.08 | Episode steps:  190 | Average reward:   137.53 | Step Count: 109260 | Episode Q0:    16.41
Episode: 822/2000 | Episode reward:   161.84 | Episode steps:  206 | Average reward:   137.16 | Step Count: 109466 | Episode Q0:    16.41
Episode: 823/2000 | Episode reward:   138.32 | Episode steps:  174 | Average reward:   134.94 | Step Count: 109640 | Episode Q0:    16.41
Episode: 824/2000 | Episode reward:   154.34 | Episode steps:  274 | Average reward:   138.24 | Step Count: 109914 | Episode Q0:    16.41
Episode: 825/2000 | Episode reward:   106.27 | Episode steps:  232 | Average reward:   138.99 | Step Count: 110146 | Episode Q0:    16.41
Episode: 826/2000 | Episode reward:   167.92 | Episode steps:  208 | Average reward:   142.97 | Step Count: 110354 | Episode Q0:    16.41
Episode: 827/2000 | Episode reward:   261.49 | Episode steps:  309 | Average reward:   157.11 | Step Count: 110663 | Episode Q0:    16.41
Episode: 828/2000 | Episode reward:   124.25 | Episode steps:  268 | Average reward:   156.71 | Step Count: 110931 | Episode Q0:    16.41
Episode: 829/2000 | Episode reward:   211.26 | Episode steps:  407 | Average reward:   161.19 | Step Count: 111338 | Episode Q0:    16.41
Episode: 830/2000 | Episode reward:   103.00 | Episode steps:  239 | Average reward:   158.38 | Step Count: 111577 | Episode Q0:    16.41
Episode: 831/2000 | Episode reward:   180.08 | Episode steps:  304 | Average reward:   160.88 | Step Count: 111881 | Episode Q0:    16.41
Episode: 832/2000 | Episode reward:   175.67 | Episode steps:  338 | Average reward:   162.26 | Step Count: 112219 | Episode Q0:    16.41
Episode: 833/2000 | Episode reward:   178.85 | Episode steps:  318 | Average reward:   166.31 | Step Count: 112537 | Episode Q0:    16.41
Episode: 834/2000 | Episode reward:   112.36 | Episode steps:  221 | Average reward:   162.11 | Step Count: 112758 | Episode Q0:    16.41
Episode: 835/2000 | Episode reward:   219.21 | Episode steps:  366 | Average reward:   173.41 | Step Count: 113124 | Episode Q0:    16.41
Episode: 836/2000 | Episode reward:   116.86 | Episode steps:  238 | Average reward:   168.30 | Step Count: 113362 | Episode Q0:    16.41
Episode: 837/2000 | Episode reward:   130.56 | Episode steps:  279 | Average reward:   155.21 | Step Count: 113641 | Episode Q0:    16.41
Episode: 838/2000 | Episode reward:   119.63 | Episode steps:  252 | Average reward:   154.75 | Step Count: 113893 | Episode Q0:    16.41
Episode: 839/2000 | Episode reward:   109.75 | Episode steps:  227 | Average reward:   144.60 | Step Count: 114120 | Episode Q0:    16.41
Episode: 840/2000 | Episode reward:    87.01 | Episode steps:  244 | Average reward:   143.00 | Step Count: 114364 | Episode Q0:    16.41
Episode: 841/2000 | Episode reward:   306.66 | Episode steps:  500 | Average reward:   155.66 | Step Count: 114864 | Episode Q0:    16.41
Episode: 842/2000 | Episode reward:   227.11 | Episode steps:  275 | Average reward:   160.80 | Step Count: 115139 | Episode Q0:    18.26
Episode: 843/2000 | Episode reward:   192.95 | Episode steps:  342 | Average reward:   162.21 | Step Count: 115481 | Episode Q0:    18.26
Episode: 844/2000 | Episode reward:   225.43 | Episode steps:  389 | Average reward:   173.52 | Step Count: 115870 | Episode Q0:    18.26
Episode: 845/2000 | Episode reward:   237.88 | Episode steps:  289 | Average reward:   175.38 | Step Count: 116159 | Episode Q0:    18.26
Episode: 846/2000 | Episode reward:   107.31 | Episode steps:  239 | Average reward:   174.43 | Step Count: 116398 | Episode Q0:    18.26
Episode: 847/2000 | Episode reward:   175.87 | Episode steps:  324 | Average reward:   178.96 | Step Count: 116722 | Episode Q0:    18.26
Episode: 848/2000 | Episode reward:   137.05 | Episode steps:  288 | Average reward:   180.70 | Step Count: 117010 | Episode Q0:    18.26
Episode: 849/2000 | Episode reward:   187.17 | Episode steps:  238 | Average reward:   188.44 | Step Count: 117248 | Episode Q0:    18.26
Episode: 850/2000 | Episode reward:    89.53 | Episode steps:  212 | Average reward:   188.70 | Step Count: 117460 | Episode Q0:    18.26
Episode: 851/2000 | Episode reward:   159.02 | Episode steps:  192 | Average reward:   173.93 | Step Count: 117652 | Episode Q0:    18.26
Episode: 852/2000 | Episode reward:   150.34 | Episode steps:  298 | Average reward:   166.26 | Step Count: 117950 | Episode Q0:    18.26
Episode: 853/2000 | Episode reward:    96.73 | Episode steps:  217 | Average reward:   156.63 | Step Count: 118167 | Episode Q0:    18.26
Episode: 854/2000 | Episode reward:   285.22 | Episode steps:  358 | Average reward:   162.61 | Step Count: 118525 | Episode Q0:    18.26
Episode: 855/2000 | Episode reward:   221.08 | Episode steps:  368 | Average reward:   160.93 | Step Count: 118893 | Episode Q0:    18.26
Episode: 856/2000 | Episode reward:   285.28 | Episode steps:  500 | Average reward:   178.73 | Step Count: 119393 | Episode Q0:    18.26
Episode: 857/2000 | Episode reward:   249.05 | Episode steps:  500 | Average reward:   186.05 | Step Count: 119893 | Episode Q0:    18.26
Episode: 858/2000 | Episode reward:   253.94 | Episode steps:  500 | Average reward:   197.74 | Step Count: 120393 | Episode Q0:    18.26
Episode: 859/2000 | Episode reward:   331.22 | Episode steps:  500 | Average reward:   212.14 | Step Count: 120893 | Episode Q0:    18.26
Episode: 860/2000 | Episode reward:   247.18 | Episode steps:  450 | Average reward:   227.91 | Step Count: 121343 | Episode Q0:    18.26
Episode: 861/2000 | Episode reward:   296.37 | Episode steps:  491 | Average reward:   241.64 | Step Count: 121834 | Episode Q0:    18.26
Episode: 862/2000 | Episode reward:   218.84 | Episode steps:  452 | Average reward:   248.49 | Step Count: 122286 | Episode Q0:    18.26
Episode: 863/2000 | Episode reward:   339.50 | Episode steps:  500 | Average reward:   272.77 | Step Count: 122786 | Episode Q0:    18.26
Episode: 864/2000 | Episode reward:   237.50 | Episode steps:  481 | Average reward:   268.00 | Step Count: 123267 | Episode Q0:    18.26
Episode: 865/2000 | Episode reward:   161.66 | Episode steps:  199 | Average reward:   262.05 | Step Count: 123466 | Episode Q0:    18.26
Episode: 866/2000 | Episode reward:   343.18 | Episode steps:  500 | Average reward:   267.84 | Step Count: 123966 | Episode Q0:    18.26
Episode: 867/2000 | Episode reward:   210.57 | Episode steps:  438 | Average reward:   263.99 | Step Count: 124404 | Episode Q0:    18.26
Episode: 868/2000 | Episode reward:   246.41 | Episode steps:  489 | Average reward:   263.24 | Step Count: 124893 | Episode Q0:    18.26
Episode: 869/2000 | Episode reward:   253.88 | Episode steps:  500 | Average reward:   255.51 | Step Count: 125393 | Episode Q0:    19.91
Episode: 870/2000 | Episode reward:   236.81 | Episode steps:  500 | Average reward:   254.47 | Step Count: 125893 | Episode Q0:    19.91
Episode: 871/2000 | Episode reward:   323.20 | Episode steps:  500 | Average reward:   257.15 | Step Count: 126393 | Episode Q0:    19.91
Episode: 872/2000 | Episode reward:   267.15 | Episode steps:  500 | Average reward:   261.99 | Step Count: 126893 | Episode Q0:    19.91
Episode: 873/2000 | Episode reward:   217.96 | Episode steps:  481 | Average reward:   249.83 | Step Count: 127374 | Episode Q0:    19.91
Episode: 874/2000 | Episode reward:   173.79 | Episode steps:  211 | Average reward:   243.46 | Step Count: 127585 | Episode Q0:    19.91
Episode: 875/2000 | Episode reward:   220.97 | Episode steps:  500 | Average reward:   249.39 | Step Count: 128085 | Episode Q0:    19.91
Episode: 876/2000 | Episode reward:   271.95 | Episode steps:  500 | Average reward:   242.27 | Step Count: 128585 | Episode Q0:    19.91
Episode: 877/2000 | Episode reward:   241.04 | Episode steps:  500 | Average reward:   245.32 | Step Count: 129085 | Episode Q0:    19.91
Episode: 878/2000 | Episode reward:   353.90 | Episode steps:  500 | Average reward:   256.06 | Step Count: 129585 | Episode Q0:    19.91
Episode: 879/2000 | Episode reward:   237.81 | Episode steps:  500 | Average reward:   254.46 | Step Count: 130085 | Episode Q0:    19.91
Episode: 880/2000 | Episode reward:   175.52 | Episode steps:  421 | Average reward:   248.33 | Step Count: 130506 | Episode Q0:    19.91
Episode: 881/2000 | Episode reward:   205.09 | Episode steps:  438 | Average reward:   236.52 | Step Count: 130944 | Episode Q0:    19.91
Episode: 882/2000 | Episode reward:   233.94 | Episode steps:  500 | Average reward:   233.20 | Step Count: 131444 | Episode Q0:    19.91
Episode: 883/2000 | Episode reward:   213.50 | Episode steps:  453 | Average reward:   232.75 | Step Count: 131897 | Episode Q0:    19.91
Episode: 884/2000 | Episode reward:   329.29 | Episode steps:  500 | Average reward:   248.30 | Step Count: 132397 | Episode Q0:    19.91
Episode: 885/2000 | Episode reward:   223.74 | Episode steps:  500 | Average reward:   248.58 | Step Count: 132897 | Episode Q0:    19.91
Episode: 886/2000 | Episode reward:   214.72 | Episode steps:  437 | Average reward:   242.85 | Step Count: 133334 | Episode Q0:    19.91
Episode: 887/2000 | Episode reward:   276.20 | Episode steps:  500 | Average reward:   246.37 | Step Count: 133834 | Episode Q0:    19.91
Episode: 888/2000 | Episode reward:   215.63 | Episode steps:  258 | Average reward:   232.54 | Step Count: 134092 | Episode Q0:    19.91
Episode: 889/2000 | Episode reward:   189.02 | Episode steps:  247 | Average reward:   227.66 | Step Count: 134339 | Episode Q0:    19.91
Episode: 890/2000 | Episode reward:   183.25 | Episode steps:  237 | Average reward:   228.44 | Step Count: 134576 | Episode Q0:    19.91
Episode: 891/2000 | Episode reward:   200.28 | Episode steps:  428 | Average reward:   227.96 | Step Count: 135004 | Episode Q0:    19.91
Episode: 892/2000 | Episode reward:   217.82 | Episode steps:  500 | Average reward:   226.34 | Step Count: 135504 | Episode Q0:    19.91
Episode: 893/2000 | Episode reward:   153.29 | Episode steps:  408 | Average reward:   220.32 | Step Count: 135912 | Episode Q0:    19.91
Episode: 894/2000 | Episode reward:   240.39 | Episode steps:  396 | Average reward:   211.43 | Step Count: 136308 | Episode Q0:    19.91
Episode: 895/2000 | Episode reward:   244.46 | Episode steps:  500 | Average reward:   213.51 | Step Count: 136808 | Episode Q0:    19.91
Episode: 896/2000 | Episode reward:   150.66 | Episode steps:  357 | Average reward:   207.10 | Step Count: 137165 | Episode Q0:    19.91
Episode: 897/2000 | Episode reward:   193.66 | Episode steps:  331 | Average reward:   198.85 | Step Count: 137496 | Episode Q0:    19.91
Episode: 898/2000 | Episode reward:   331.66 | Episode steps:  500 | Average reward:   210.45 | Step Count: 137996 | Episode Q0:    21.89
Episode: 899/2000 | Episode reward:   219.22 | Episode steps:  423 | Average reward:   213.47 | Step Count: 138419 | Episode Q0:    21.89
Episode: 900/2000 | Episode reward:   220.76 | Episode steps:  500 | Average reward:   217.22 | Step Count: 138919 | Episode Q0:    21.89
Episode: 901/2000 | Episode reward:   272.14 | Episode steps:  472 | Average reward:   224.41 | Step Count: 139391 | Episode Q0:    21.89
Episode: 902/2000 | Episode reward:   217.64 | Episode steps:  500 | Average reward:   224.39 | Step Count: 139891 | Episode Q0:    21.89
Episode: 903/2000 | Episode reward:   202.44 | Episode steps:  444 | Average reward:   229.30 | Step Count: 140335 | Episode Q0:    21.89
Episode: 904/2000 | Episode reward:   171.63 | Episode steps:  225 | Average reward:   222.43 | Step Count: 140560 | Episode Q0:    21.89
Episode: 905/2000 | Episode reward:   176.77 | Episode steps:  323 | Average reward:   215.66 | Step Count: 140883 | Episode Q0:    21.89
Episode: 906/2000 | Episode reward:   288.70 | Episode steps:  500 | Average reward:   229.46 | Step Count: 141383 | Episode Q0:    21.89
Episode: 907/2000 | Episode reward:   305.62 | Episode steps:  500 | Average reward:   240.66 | Step Count: 141883 | Episode Q0:    21.89
Episode: 908/2000 | Episode reward:   146.72 | Episode steps:  186 | Average reward:   222.16 | Step Count: 142069 | Episode Q0:    21.89
Episode: 909/2000 | Episode reward:   332.41 | Episode steps:  500 | Average reward:   233.48 | Step Count: 142569 | Episode Q0:    21.89
Episode: 910/2000 | Episode reward:   219.05 | Episode steps:  451 | Average reward:   233.31 | Step Count: 143020 | Episode Q0:    21.89
Episode: 911/2000 | Episode reward:   189.53 | Episode steps:  347 | Average reward:   225.05 | Step Count: 143367 | Episode Q0:    21.89
Episode: 912/2000 | Episode reward:   242.26 | Episode steps:  500 | Average reward:   227.51 | Step Count: 143867 | Episode Q0:    21.89
Episode: 913/2000 | Episode reward:   231.35 | Episode steps:  500 | Average reward:   230.40 | Step Count: 144367 | Episode Q0:    21.89
Episode: 914/2000 | Episode reward:   198.40 | Episode steps:  260 | Average reward:   233.08 | Step Count: 144627 | Episode Q0:    21.89
Episode: 915/2000 | Episode reward:   200.74 | Episode steps:  279 | Average reward:   235.48 | Step Count: 144906 | Episode Q0:    21.89
Episode: 916/2000 | Episode reward:   306.41 | Episode steps:  500 | Average reward:   237.25 | Step Count: 145406 | Episode Q0:    21.89
Episode: 917/2000 | Episode reward:   184.79 | Episode steps:  396 | Average reward:   225.17 | Step Count: 145802 | Episode Q0:    21.89
Episode: 918/2000 | Episode reward:   177.15 | Episode steps:  243 | Average reward:   228.21 | Step Count: 146045 | Episode Q0:    21.89
Episode: 919/2000 | Episode reward:   261.61 | Episode steps:  500 | Average reward:   221.13 | Step Count: 146545 | Episode Q0:    21.89
Episode: 920/2000 | Episode reward:   260.36 | Episode steps:  500 | Average reward:   225.26 | Step Count: 147045 | Episode Q0:    21.89
Episode: 921/2000 | Episode reward:   462.02 | Episode steps:  637 | Average reward:   252.51 | Step Count: 147682 | Episode Q0:    21.89
Episode: 922/2000 | Episode reward:   225.62 | Episode steps:  500 | Average reward:   250.85 | Step Count: 148182 | Episode Q0:    21.89
Episode: 923/2000 | Episode reward:   249.93 | Episode steps:  437 | Average reward:   252.70 | Step Count: 148619 | Episode Q0:    21.89
Episode: 924/2000 | Episode reward:   260.94 | Episode steps:  500 | Average reward:   258.96 | Step Count: 149119 | Episode Q0:    23.43
Episode: 925/2000 | Episode reward:   212.80 | Episode steps:  491 | Average reward:   260.16 | Step Count: 149610 | Episode Q0:    23.43
Episode: 926/2000 | Episode reward:   130.53 | Episode steps:  193 | Average reward:   242.58 | Step Count: 149803 | Episode Q0:    23.43
Episode: 927/2000 | Episode reward:   319.81 | Episode steps:  500 | Average reward:   256.08 | Step Count: 150303 | Episode Q0:    23.43
Episode: 928/2000 | Episode reward:   277.83 | Episode steps:  476 | Average reward:   266.15 | Step Count: 150779 | Episode Q0:    23.43
Episode: 929/2000 | Episode reward:   208.23 | Episode steps:  500 | Average reward:   260.81 | Step Count: 151279 | Episode Q0:    23.43
Episode: 930/2000 | Episode reward:   250.56 | Episode steps:  500 | Average reward:   259.83 | Step Count: 151779 | Episode Q0:    23.43
Episode: 931/2000 | Episode reward:   254.45 | Episode steps:  315 | Average reward:   239.07 | Step Count: 152094 | Episode Q0:    23.43
Episode: 932/2000 | Episode reward:   198.79 | Episode steps:  368 | Average reward:   236.39 | Step Count: 152462 | Episode Q0:    23.43
Episode: 933/2000 | Episode reward:   234.48 | Episode steps:  442 | Average reward:   234.84 | Step Count: 152904 | Episode Q0:    23.43
Episode: 934/2000 | Episode reward:   150.35 | Episode steps:  230 | Average reward:   223.78 | Step Count: 153134 | Episode Q0:    23.43
Episode: 935/2000 | Episode reward:   291.53 | Episode steps:  500 | Average reward:   231.66 | Step Count: 153634 | Episode Q0:    23.43
Episode: 936/2000 | Episode reward:   376.90 | Episode steps:  500 | Average reward:   256.29 | Step Count: 154134 | Episode Q0:    23.43
Episode: 937/2000 | Episode reward:   219.82 | Episode steps:  374 | Average reward:   246.29 | Step Count: 154508 | Episode Q0:    23.43
Episode: 938/2000 | Episode reward:   135.93 | Episode steps:  204 | Average reward:   232.10 | Step Count: 154712 | Episode Q0:    23.43
Episode: 939/2000 | Episode reward:   224.55 | Episode steps:  500 | Average reward:   233.74 | Step Count: 155212 | Episode Q0:    23.43
Episode: 940/2000 | Episode reward:   270.74 | Episode steps:  500 | Average reward:   235.75 | Step Count: 155712 | Episode Q0:    23.43
Episode: 941/2000 | Episode reward:   212.67 | Episode steps:  266 | Average reward:   231.58 | Step Count: 155978 | Episode Q0:    23.43
Episode: 942/2000 | Episode reward:   192.76 | Episode steps:  335 | Average reward:   230.97 | Step Count: 156313 | Episode Q0:    23.43
Episode: 943/2000 | Episode reward:   312.21 | Episode steps:  500 | Average reward:   238.75 | Step Count: 156813 | Episode Q0:    23.43
Episode: 944/2000 | Episode reward:   215.03 | Episode steps:  277 | Average reward:   245.21 | Step Count: 157090 | Episode Q0:    23.43
Episode: 945/2000 | Episode reward:   197.72 | Episode steps:  359 | Average reward:   235.83 | Step Count: 157449 | Episode Q0:    23.43
Episode: 946/2000 | Episode reward:   219.42 | Episode steps:  279 | Average reward:   220.08 | Step Count: 157728 | Episode Q0:    23.43
Episode: 947/2000 | Episode reward:   179.06 | Episode steps:  236 | Average reward:   216.01 | Step Count: 157964 | Episode Q0:    23.43
Episode: 948/2000 | Episode reward:   275.81 | Episode steps:  446 | Average reward:   230.00 | Step Count: 158410 | Episode Q0:    23.43
Episode: 949/2000 | Episode reward:   246.59 | Episode steps:  500 | Average reward:   232.20 | Step Count: 158910 | Episode Q0:    23.43
Episode: 950/2000 | Episode reward:   205.53 | Episode steps:  258 | Average reward:   225.68 | Step Count: 159168 | Episode Q0:    23.43
Episode: 951/2000 | Episode reward:   228.69 | Episode steps:  410 | Average reward:   227.28 | Step Count: 159578 | Episode Q0:    23.43
Episode: 952/2000 | Episode reward:   344.07 | Episode steps:  500 | Average reward:   242.41 | Step Count: 160078 | Episode Q0:    24.74
Episode: 953/2000 | Episode reward:   307.25 | Episode steps:  500 | Average reward:   241.92 | Step Count: 160578 | Episode Q0:    24.74
Episode: 954/2000 | Episode reward:   211.31 | Episode steps:  433 | Average reward:   241.55 | Step Count: 161011 | Episode Q0:    24.74
Episode: 955/2000 | Episode reward:   338.05 | Episode steps:  500 | Average reward:   255.58 | Step Count: 161511 | Episode Q0:    24.74
Episode: 956/2000 | Episode reward:   272.31 | Episode steps:  325 | Average reward:   260.87 | Step Count: 161836 | Episode Q0:    24.74
Episode: 957/2000 | Episode reward:   229.68 | Episode steps:  500 | Average reward:   265.93 | Step Count: 162336 | Episode Q0:    24.74
Episode: 958/2000 | Episode reward:   209.49 | Episode steps:  376 | Average reward:   259.30 | Step Count: 162712 | Episode Q0:    24.74
Episode: 959/2000 | Episode reward:   245.77 | Episode steps:  417 | Average reward:   259.22 | Step Count: 163129 | Episode Q0:    24.74
Episode: 960/2000 | Episode reward:   251.09 | Episode steps:  500 | Average reward:   263.77 | Step Count: 163629 | Episode Q0:    24.74
Episode: 961/2000 | Episode reward:   145.68 | Episode steps:  200 | Average reward:   255.47 | Step Count: 163829 | Episode Q0:    24.74
Episode: 962/2000 | Episode reward:   395.45 | Episode steps:  500 | Average reward:   260.61 | Step Count: 164329 | Episode Q0:    24.74
Episode: 963/2000 | Episode reward:   220.47 | Episode steps:  279 | Average reward:   251.93 | Step Count: 164608 | Episode Q0:    24.74
Episode: 964/2000 | Episode reward:   422.47 | Episode steps:  510 | Average reward:   273.05 | Step Count: 165118 | Episode Q0:    24.74
Episode: 965/2000 | Episode reward:   164.46 | Episode steps:  221 | Average reward:   255.69 | Step Count: 165339 | Episode Q0:    24.74
Episode: 966/2000 | Episode reward:   151.32 | Episode steps:  223 | Average reward:   243.59 | Step Count: 165562 | Episode Q0:    24.74
Episode: 967/2000 | Episode reward:   181.63 | Episode steps:  237 | Average reward:   238.78 | Step Count: 165799 | Episode Q0:    24.74
Episode: 968/2000 | Episode reward:   260.94 | Episode steps:  500 | Average reward:   243.93 | Step Count: 166299 | Episode Q0:    24.74
Episode: 969/2000 | Episode reward:   222.00 | Episode steps:  471 | Average reward:   241.55 | Step Count: 166770 | Episode Q0:    24.74
Episode: 970/2000 | Episode reward:   215.96 | Episode steps:  500 | Average reward:   238.04 | Step Count: 167270 | Episode Q0:    24.74
Episode: 971/2000 | Episode reward:   202.97 | Episode steps:  259 | Average reward:   243.77 | Step Count: 167529 | Episode Q0:    24.74
Episode: 972/2000 | Episode reward:   259.27 | Episode steps:  500 | Average reward:   230.15 | Step Count: 168029 | Episode Q0:    24.74
Episode: 973/2000 | Episode reward:   202.50 | Episode steps:  270 | Average reward:   228.35 | Step Count: 168299 | Episode Q0:    24.74
Episode: 974/2000 | Episode reward:   171.69 | Episode steps:  230 | Average reward:   203.27 | Step Count: 168529 | Episode Q0:    24.74
Episode: 975/2000 | Episode reward:   233.97 | Episode steps:  500 | Average reward:   210.22 | Step Count: 169029 | Episode Q0:    24.74
Episode: 976/2000 | Episode reward:   263.86 | Episode steps:  327 | Average reward:   221.48 | Step Count: 169356 | Episode Q0:    24.74
Episode: 977/2000 | Episode reward:   173.23 | Episode steps:  235 | Average reward:   220.64 | Step Count: 169591 | Episode Q0:    24.74
Episode: 978/2000 | Episode reward:   238.42 | Episode steps:  305 | Average reward:   218.39 | Step Count: 169896 | Episode Q0:    24.74
Episode: 979/2000 | Episode reward:   183.18 | Episode steps:  243 | Average reward:   214.50 | Step Count: 170139 | Episode Q0:    24.74
Episode: 980/2000 | Episode reward:   216.53 | Episode steps:  500 | Average reward:   214.56 | Step Count: 170639 | Episode Q0:    24.74
Episode: 981/2000 | Episode reward:   278.38 | Episode steps:  500 | Average reward:   222.10 | Step Count: 171139 | Episode Q0:    24.74
Episode: 982/2000 | Episode reward:   216.73 | Episode steps:  388 | Average reward:   217.85 | Step Count: 171527 | Episode Q0:    26.35
Episode: 983/2000 | Episode reward:   169.95 | Episode steps:  234 | Average reward:   214.59 | Step Count: 171761 | Episode Q0:    26.35
Episode: 984/2000 | Episode reward:   149.46 | Episode steps:  229 | Average reward:   212.37 | Step Count: 171990 | Episode Q0:    26.35
Episode: 985/2000 | Episode reward:   250.29 | Episode steps:  500 | Average reward:   214.00 | Step Count: 172490 | Episode Q0:    26.35
Episode: 986/2000 | Episode reward:   225.36 | Episode steps:  500 | Average reward:   210.15 | Step Count: 172990 | Episode Q0:    26.35
Episode: 987/2000 | Episode reward:   146.47 | Episode steps:  280 | Average reward:   207.48 | Step Count: 173270 | Episode Q0:    26.35
Episode: 988/2000 | Episode reward:   275.57 | Episode steps:  455 | Average reward:   211.19 | Step Count: 173725 | Episode Q0:    26.35
Episode: 989/2000 | Episode reward:   148.43 | Episode steps:  199 | Average reward:   207.72 | Step Count: 173924 | Episode Q0:    26.35
Episode: 990/2000 | Episode reward:   239.10 | Episode steps:  485 | Average reward:   209.97 | Step Count: 174409 | Episode Q0:    26.35
Episode: 991/2000 | Episode reward:   261.35 | Episode steps:  500 | Average reward:   208.27 | Step Count: 174909 | Episode Q0:    26.35
Episode: 992/2000 | Episode reward:   152.92 | Episode steps:  211 | Average reward:   201.89 | Step Count: 175120 | Episode Q0:    26.35
Episode: 993/2000 | Episode reward:   191.65 | Episode steps:  247 | Average reward:   204.06 | Step Count: 175367 | Episode Q0:    26.35
Episode: 994/2000 | Episode reward:   193.97 | Episode steps:  257 | Average reward:   208.51 | Step Count: 175624 | Episode Q0:    26.35
Episode: 995/2000 | Episode reward:   257.58 | Episode steps:  500 | Average reward:   209.24 | Step Count: 176124 | Episode Q0:    26.35
Episode: 996/2000 | Episode reward:   170.24 | Episode steps:  231 | Average reward:   203.73 | Step Count: 176355 | Episode Q0:    26.35
Episode: 997/2000 | Episode reward:   271.30 | Episode steps:  500 | Average reward:   216.21 | Step Count: 176855 | Episode Q0:    26.35
Episode: 998/2000 | Episode reward:   279.07 | Episode steps:  500 | Average reward:   216.56 | Step Count: 177355 | Episode Q0:    26.35
Episode: 999/2000 | Episode reward:   297.63 | Episode steps:  371 | Average reward:   231.48 | Step Count: 177726 | Episode Q0:    26.35
Episode: 1000/2000 | Episode reward:   242.12 | Episode steps:  317 | Average reward:   231.78 | Step Count: 178043 | Episode Q0:    26.35
Episode: 1001/2000 | Episode reward:   194.03 | Episode steps:  395 | Average reward:   225.05 | Step Count: 178438 | Episode Q0:    26.35
Episode: 1002/2000 | Episode reward:   299.44 | Episode steps:  500 | Average reward:   239.70 | Step Count: 178938 | Episode Q0:    26.35
Episode: 1003/2000 | Episode reward:   254.20 | Episode steps:  323 | Average reward:   245.96 | Step Count: 179261 | Episode Q0:    26.35
Episode: 1004/2000 | Episode reward:   277.49 | Episode steps:  500 | Average reward:   254.31 | Step Count: 179761 | Episode Q0:    26.35
Episode: 1005/2000 | Episode reward:   210.03 | Episode steps:  273 | Average reward:   249.56 | Step Count: 180034 | Episode Q0:    26.35
Episode: 1006/2000 | Episode reward:   285.10 | Episode steps:  500 | Average reward:   261.04 | Step Count: 180534 | Episode Q0:    26.35
Episode: 1007/2000 | Episode reward:   278.30 | Episode steps:  500 | Average reward:   261.74 | Step Count: 181034 | Episode Q0:    26.35
Episode: 1008/2000 | Episode reward:   253.76 | Episode steps:  500 | Average reward:   259.21 | Step Count: 181534 | Episode Q0:    26.35
Episode: 1009/2000 | Episode reward:   147.02 | Episode steps:  215 | Average reward:   244.15 | Step Count: 181749 | Episode Q0:    26.35
Episode: 1010/2000 | Episode reward:   252.03 | Episode steps:  500 | Average reward:   245.14 | Step Count: 182249 | Episode Q0:    26.35
Episode: 1011/2000 | Episode reward:   282.19 | Episode steps:  500 | Average reward:   253.96 | Step Count: 182749 | Episode Q0:    27.65
Episode: 1012/2000 | Episode reward:   205.58 | Episode steps:  278 | Average reward:   244.57 | Step Count: 183027 | Episode Q0:    27.65
Episode: 1013/2000 | Episode reward:   209.97 | Episode steps:  267 | Average reward:   240.15 | Step Count: 183294 | Episode Q0:    27.65
Episode: 1014/2000 | Episode reward:   195.37 | Episode steps:  260 | Average reward:   231.94 | Step Count: 183554 | Episode Q0:    27.65
Episode: 1015/2000 | Episode reward:   162.10 | Episode steps:  225 | Average reward:   227.14 | Step Count: 183779 | Episode Q0:    27.65
Episode: 1016/2000 | Episode reward:   155.14 | Episode steps:  211 | Average reward:   214.15 | Step Count: 183990 | Episode Q0:    27.65
Episode: 1017/2000 | Episode reward:   146.54 | Episode steps:  207 | Average reward:   200.97 | Step Count: 184197 | Episode Q0:    27.65
Episode: 1018/2000 | Episode reward:   295.36 | Episode steps:  500 | Average reward:   205.13 | Step Count: 184697 | Episode Q0:    27.65
Episode: 1019/2000 | Episode reward:   209.07 | Episode steps:  500 | Average reward:   211.34 | Step Count: 185197 | Episode Q0:    27.65
Episode: 1020/2000 | Episode reward:   181.14 | Episode steps:  255 | Average reward:   204.25 | Step Count: 185452 | Episode Q0:    27.65
Episode: 1021/2000 | Episode reward:   268.95 | Episode steps:  500 | Average reward:   202.92 | Step Count: 185952 | Episode Q0:    27.65
Episode: 1022/2000 | Episode reward:   225.13 | Episode steps:  285 | Average reward:   204.88 | Step Count: 186237 | Episode Q0:    27.65
Episode: 1023/2000 | Episode reward:   125.27 | Episode steps:  190 | Average reward:   196.41 | Step Count: 186427 | Episode Q0:    27.65
Episode: 1024/2000 | Episode reward:   262.71 | Episode steps:  500 | Average reward:   203.14 | Step Count: 186927 | Episode Q0:    27.65
Episode: 1025/2000 | Episode reward:   265.84 | Episode steps:  500 | Average reward:   213.52 | Step Count: 187427 | Episode Q0:    27.65
Episode: 1026/2000 | Episode reward:   312.23 | Episode steps:  500 | Average reward:   229.22 | Step Count: 187927 | Episode Q0:    27.65
Episode: 1027/2000 | Episode reward:   268.93 | Episode steps:  435 | Average reward:   241.46 | Step Count: 188362 | Episode Q0:    27.65
Episode: 1028/2000 | Episode reward:   239.24 | Episode steps:  301 | Average reward:   235.85 | Step Count: 188663 | Episode Q0:    27.65
Episode: 1029/2000 | Episode reward:   298.32 | Episode steps:  368 | Average reward:   244.78 | Step Count: 189031 | Episode Q0:    27.65
Episode: 1030/2000 | Episode reward:   226.41 | Episode steps:  500 | Average reward:   249.30 | Step Count: 189531 | Episode Q0:    27.65
Episode: 1031/2000 | Episode reward:   259.71 | Episode steps:  500 | Average reward:   248.38 | Step Count: 190031 | Episode Q0:    27.65
Episode: 1032/2000 | Episode reward:   225.28 | Episode steps:  500 | Average reward:   248.39 | Step Count: 190531 | Episode Q0:    27.65
Episode: 1033/2000 | Episode reward:   202.44 | Episode steps:  264 | Average reward:   256.11 | Step Count: 190795 | Episode Q0:    27.65
Episode: 1034/2000 | Episode reward:   254.36 | Episode steps:  429 | Average reward:   255.28 | Step Count: 191224 | Episode Q0:    27.65
Episode: 1035/2000 | Episode reward:   162.63 | Episode steps:  223 | Average reward:   244.96 | Step Count: 191447 | Episode Q0:    27.65
Episode: 1036/2000 | Episode reward:   230.77 | Episode steps:  388 | Average reward:   236.81 | Step Count: 191835 | Episode Q0:    27.65
Episode: 1037/2000 | Episode reward:   245.01 | Episode steps:  500 | Average reward:   234.42 | Step Count: 192335 | Episode Q0:    27.65
Episode: 1038/2000 | Episode reward:   211.87 | Episode steps:  433 | Average reward:   231.68 | Step Count: 192768 | Episode Q0:    27.65
Episode: 1039/2000 | Episode reward:   171.21 | Episode steps:  234 | Average reward:   218.97 | Step Count: 193002 | Episode Q0:    29.24
Episode: 1040/2000 | Episode reward:   249.25 | Episode steps:  500 | Average reward:   221.25 | Step Count: 193502 | Episode Q0:    29.24
Episode: 1041/2000 | Episode reward:   307.29 | Episode steps:  500 | Average reward:   226.01 | Step Count: 194002 | Episode Q0:    29.24
Episode: 1042/2000 | Episode reward:   161.34 | Episode steps:  224 | Average reward:   219.62 | Step Count: 194226 | Episode Q0:    29.24
Episode: 1043/2000 | Episode reward:   210.94 | Episode steps:  402 | Average reward:   220.47 | Step Count: 194628 | Episode Q0:    29.24
Episode: 1044/2000 | Episode reward:   209.74 | Episode steps:  272 | Average reward:   216.00 | Step Count: 194900 | Episode Q0:    29.24
Episode: 1045/2000 | Episode reward:   266.37 | Episode steps:  500 | Average reward:   226.38 | Step Count: 195400 | Episode Q0:    29.24
Episode: 1046/2000 | Episode reward:   212.54 | Episode steps:  500 | Average reward:   224.56 | Step Count: 195900 | Episode Q0:    29.24
Episode: 1047/2000 | Episode reward:   177.47 | Episode steps:  237 | Average reward:   217.80 | Step Count: 196137 | Episode Q0:    29.24
Episode: 1048/2000 | Episode reward:   190.16 | Episode steps:  248 | Average reward:   215.63 | Step Count: 196385 | Episode Q0:    29.24
Episode: 1049/2000 | Episode reward:   191.01 | Episode steps:  383 | Average reward:   217.61 | Step Count: 196768 | Episode Q0:    29.24
Episode: 1050/2000 | Episode reward:   221.25 | Episode steps:  287 | Average reward:   214.81 | Step Count: 197055 | Episode Q0:    29.24
Episode: 1051/2000 | Episode reward:   236.17 | Episode steps:  412 | Average reward:   207.70 | Step Count: 197467 | Episode Q0:    29.24
Episode: 1052/2000 | Episode reward:   348.84 | Episode steps:  500 | Average reward:   226.45 | Step Count: 197967 | Episode Q0:    29.24
Episode: 1053/2000 | Episode reward:   274.42 | Episode steps:  500 | Average reward:   232.80 | Step Count: 198467 | Episode Q0:    29.24
Episode: 1054/2000 | Episode reward:   155.70 | Episode steps:  224 | Average reward:   227.39 | Step Count: 198691 | Episode Q0:    29.24
Episode: 1055/2000 | Episode reward:   212.13 | Episode steps:  283 | Average reward:   221.97 | Step Count: 198974 | Episode Q0:    29.24
Episode: 1056/2000 | Episode reward:   155.97 | Episode steps:  223 | Average reward:   216.31 | Step Count: 199197 | Episode Q0:    29.24
Episode: 1057/2000 | Episode reward:   158.92 | Episode steps:  294 | Average reward:   214.46 | Step Count: 199491 | Episode Q0:    29.24
Episode: 1058/2000 | Episode reward:   147.45 | Episode steps:  221 | Average reward:   210.19 | Step Count: 199712 | Episode Q0:    29.24
Episode: 1059/2000 | Episode reward:   173.02 | Episode steps:  240 | Average reward:   208.39 | Step Count: 199952 | Episode Q0:    29.24
Episode: 1060/2000 | Episode reward:   252.59 | Episode steps:  335 | Average reward:   211.52 | Step Count: 200287 | Episode Q0:    29.24
Episode: 1061/2000 | Episode reward:   142.63 | Episode steps:  279 | Average reward:   202.17 | Step Count: 200566 | Episode Q0:    29.24
Episode: 1062/2000 | Episode reward:   204.88 | Episode steps:  500 | Average reward:   187.77 | Step Count: 201066 | Episode Q0:    29.24
Episode: 1063/2000 | Episode reward:   202.31 | Episode steps:  278 | Average reward:   180.56 | Step Count: 201344 | Episode Q0:    29.24
Episode: 1064/2000 | Episode reward:   135.61 | Episode steps:  210 | Average reward:   178.55 | Step Count: 201554 | Episode Q0:    29.24
Episode: 1065/2000 | Episode reward:   252.30 | Episode steps:  500 | Average reward:   182.57 | Step Count: 202054 | Episode Q0:    29.24
Episode: 1066/2000 | Episode reward:   203.92 | Episode steps:  276 | Average reward:   187.36 | Step Count: 202330 | Episode Q0:    29.24
Episode: 1067/2000 | Episode reward:   181.12 | Episode steps:  256 | Average reward:   189.58 | Step Count: 202586 | Episode Q0:    29.24
Episode: 1068/2000 | Episode reward:   169.29 | Episode steps:  232 | Average reward:   191.77 | Step Count: 202818 | Episode Q0:    29.24
Episode: 1069/2000 | Episode reward:   147.25 | Episode steps:  222 | Average reward:   189.19 | Step Count: 203040 | Episode Q0:    29.24
Episode: 1070/2000 | Episode reward:   187.92 | Episode steps:  272 | Average reward:   182.72 | Step Count: 203312 | Episode Q0:    29.24
Episode: 1071/2000 | Episode reward:   141.42 | Episode steps:  230 | Average reward:   182.60 | Step Count: 203542 | Episode Q0:    30.87
Episode: 1072/2000 | Episode reward:   168.72 | Episode steps:  233 | Average reward:   178.99 | Step Count: 203775 | Episode Q0:    30.87
Episode: 1073/2000 | Episode reward:   164.03 | Episode steps:  240 | Average reward:   175.16 | Step Count: 204015 | Episode Q0:    30.87
Episode: 1074/2000 | Episode reward:   256.14 | Episode steps:  500 | Average reward:   187.21 | Step Count: 204515 | Episode Q0:    30.87
Episode: 1075/2000 | Episode reward:   241.42 | Episode steps:  468 | Average reward:   186.12 | Step Count: 204983 | Episode Q0:    30.87
Episode: 1076/2000 | Episode reward:   145.77 | Episode steps:  223 | Average reward:   180.31 | Step Count: 205206 | Episode Q0:    30.87
Episode: 1077/2000 | Episode reward:   199.25 | Episode steps:  276 | Average reward:   182.12 | Step Count: 205482 | Episode Q0:    30.87
Episode: 1078/2000 | Episode reward:   251.07 | Episode steps:  500 | Average reward:   190.30 | Step Count: 205982 | Episode Q0:    30.87
Episode: 1079/2000 | Episode reward:   213.55 | Episode steps:  462 | Average reward:   196.93 | Step Count: 206444 | Episode Q0:    30.87
Episode: 1080/2000 | Episode reward:   152.90 | Episode steps:  294 | Average reward:   193.43 | Step Count: 206738 | Episode Q0:    30.87
Episode: 1081/2000 | Episode reward:   251.50 | Episode steps:  499 | Average reward:   204.44 | Step Count: 207237 | Episode Q0:    30.87
Episode: 1082/2000 | Episode reward:   263.83 | Episode steps:  500 | Average reward:   213.95 | Step Count: 207737 | Episode Q0:    30.87
Episode: 1083/2000 | Episode reward:   245.52 | Episode steps:  500 | Average reward:   222.10 | Step Count: 208237 | Episode Q0:    30.87
Episode: 1084/2000 | Episode reward:   227.71 | Episode steps:  500 | Average reward:   219.25 | Step Count: 208737 | Episode Q0:    30.87
Episode: 1085/2000 | Episode reward:   248.16 | Episode steps:  475 | Average reward:   219.93 | Step Count: 209212 | Episode Q0:    30.87
Episode: 1086/2000 | Episode reward:   253.35 | Episode steps:  500 | Average reward:   230.69 | Step Count: 209712 | Episode Q0:    30.87
Episode: 1087/2000 | Episode reward:   233.40 | Episode steps:  500 | Average reward:   234.10 | Step Count: 210212 | Episode Q0:    30.87
Episode: 1088/2000 | Episode reward:   200.33 | Episode steps:  381 | Average reward:   229.03 | Step Count: 210593 | Episode Q0:    30.87
Episode: 1089/2000 | Episode reward:   355.86 | Episode steps:  500 | Average reward:   243.26 | Step Count: 211093 | Episode Q0:    30.87
Episode: 1090/2000 | Episode reward:   220.81 | Episode steps:  500 | Average reward:   250.05 | Step Count: 211593 | Episode Q0:    30.87
Episode: 1091/2000 | Episode reward:   300.89 | Episode steps:  500 | Average reward:   254.99 | Step Count: 212093 | Episode Q0:    30.87
Episode: 1092/2000 | Episode reward:   176.08 | Episode steps:  258 | Average reward:   246.21 | Step Count: 212351 | Episode Q0:    30.87
Episode: 1093/2000 | Episode reward:   219.84 | Episode steps:  500 | Average reward:   243.64 | Step Count: 212851 | Episode Q0:    30.87
Episode: 1094/2000 | Episode reward:   228.17 | Episode steps:  432 | Average reward:   243.69 | Step Count: 213283 | Episode Q0:    30.87
Episode: 1095/2000 | Episode reward:   304.01 | Episode steps:  500 | Average reward:   249.27 | Step Count: 213783 | Episode Q0:    30.87
Episode: 1096/2000 | Episode reward:   250.73 | Episode steps:  500 | Average reward:   249.01 | Step Count: 214283 | Episode Q0:    30.87
Episode: 1097/2000 | Episode reward:   186.32 | Episode steps:  500 | Average reward:   244.30 | Step Count: 214783 | Episode Q0:    30.87
Episode: 1098/2000 | Episode reward:   321.76 | Episode steps:  500 | Average reward:   256.45 | Step Count: 215283 | Episode Q0:    30.87
Episode: 1099/2000 | Episode reward:   230.44 | Episode steps:  500 | Average reward:   243.90 | Step Count: 215783 | Episode Q0:    31.89
Episode: 1100/2000 | Episode reward:   239.40 | Episode steps:  500 | Average reward:   245.76 | Step Count: 216283 | Episode Q0:    31.89
Episode: 1101/2000 | Episode reward:   250.26 | Episode steps:  500 | Average reward:   240.70 | Step Count: 216783 | Episode Q0:    31.89
Episode: 1102/2000 | Episode reward:   138.85 | Episode steps:  225 | Average reward:   236.98 | Step Count: 217008 | Episode Q0:    31.89
Episode: 1103/2000 | Episode reward:   226.73 | Episode steps:  500 | Average reward:   237.67 | Step Count: 217508 | Episode Q0:    31.89
Episode: 1104/2000 | Episode reward:   225.53 | Episode steps:  500 | Average reward:   237.40 | Step Count: 218008 | Episode Q0:    31.89
Episode: 1105/2000 | Episode reward:   222.78 | Episode steps:  421 | Average reward:   229.28 | Step Count: 218429 | Episode Q0:    31.89
Episode: 1106/2000 | Episode reward:   258.21 | Episode steps:  500 | Average reward:   230.03 | Step Count: 218929 | Episode Q0:    31.89
Episode: 1107/2000 | Episode reward:   221.07 | Episode steps:  500 | Average reward:   233.50 | Step Count: 219429 | Episode Q0:    31.89
Episode: 1108/2000 | Episode reward:   252.46 | Episode steps:  500 | Average reward:   226.57 | Step Count: 219929 | Episode Q0:    31.89
Episode: 1109/2000 | Episode reward:   226.84 | Episode steps:  500 | Average reward:   226.21 | Step Count: 220429 | Episode Q0:    31.89
Episode: 1110/2000 | Episode reward:   281.57 | Episode steps:  500 | Average reward:   230.43 | Step Count: 220929 | Episode Q0:    31.89
Episode: 1111/2000 | Episode reward:   210.17 | Episode steps:  473 | Average reward:   226.42 | Step Count: 221402 | Episode Q0:    31.89
Episode: 1112/2000 | Episode reward:   231.58 | Episode steps:  500 | Average reward:   235.69 | Step Count: 221902 | Episode Q0:    31.89
Episode: 1113/2000 | Episode reward:   239.47 | Episode steps:  500 | Average reward:   236.97 | Step Count: 222402 | Episode Q0:    31.89
Episode: 1114/2000 | Episode reward:   316.08 | Episode steps:  500 | Average reward:   246.02 | Step Count: 222902 | Episode Q0:    31.89
Episode: 1115/2000 | Episode reward:   177.44 | Episode steps:  271 | Average reward:   241.49 | Step Count: 223173 | Episode Q0:    31.89
Episode: 1116/2000 | Episode reward:   243.37 | Episode steps:  500 | Average reward:   240.00 | Step Count: 223673 | Episode Q0:    31.89
Episode: 1117/2000 | Episode reward:   219.67 | Episode steps:  434 | Average reward:   239.86 | Step Count: 224107 | Episode Q0:    31.89
Episode: 1118/2000 | Episode reward:   296.32 | Episode steps:  500 | Average reward:   244.25 | Step Count: 224607 | Episode Q0:    31.89
Episode: 1119/2000 | Episode reward:   263.08 | Episode steps:  500 | Average reward:   247.88 | Step Count: 225107 | Episode Q0:    31.89
Episode: 1120/2000 | Episode reward:   128.53 | Episode steps:  191 | Average reward:   232.57 | Step Count: 225298 | Episode Q0:    31.89
Episode: 1121/2000 | Episode reward:   195.16 | Episode steps:  259 | Average reward:   231.07 | Step Count: 225557 | Episode Q0:    31.89
Episode: 1122/2000 | Episode reward:   200.79 | Episode steps:  500 | Average reward:   227.99 | Step Count: 226057 | Episode Q0:    31.89
Episode: 1123/2000 | Episode reward:   178.14 | Episode steps:  244 | Average reward:   221.86 | Step Count: 226301 | Episode Q0:    31.89
Episode: 1124/2000 | Episode reward:   233.42 | Episode steps:  313 | Average reward:   213.59 | Step Count: 226614 | Episode Q0:    31.89
Episode: 1125/2000 | Episode reward:   243.05 | Episode steps:  500 | Average reward:   220.15 | Step Count: 227114 | Episode Q0:    31.89
Episode: 1126/2000 | Episode reward:   195.05 | Episode steps:  265 | Average reward:   215.32 | Step Count: 227379 | Episode Q0:    31.89
Episode: 1127/2000 | Episode reward:   258.98 | Episode steps:  500 | Average reward:   219.25 | Step Count: 227879 | Episode Q0:    31.89
Episode: 1128/2000 | Episode reward:   193.25 | Episode steps:  340 | Average reward:   208.95 | Step Count: 228219 | Episode Q0:    33.38
Episode: 1129/2000 | Episode reward:   261.26 | Episode steps:  500 | Average reward:   208.76 | Step Count: 228719 | Episode Q0:    33.38
Episode: 1130/2000 | Episode reward:   248.17 | Episode steps:  500 | Average reward:   220.73 | Step Count: 229219 | Episode Q0:    33.38
Episode: 1131/2000 | Episode reward:   275.71 | Episode steps:  500 | Average reward:   228.78 | Step Count: 229719 | Episode Q0:    33.38
Episode: 1132/2000 | Episode reward:   223.85 | Episode steps:  299 | Average reward:   231.09 | Step Count: 230018 | Episode Q0:    33.38
Episode: 1133/2000 | Episode reward:   225.48 | Episode steps:  307 | Average reward:   235.82 | Step Count: 230325 | Episode Q0:    33.38
Episode: 1134/2000 | Episode reward:   224.14 | Episode steps:  500 | Average reward:   234.89 | Step Count: 230825 | Episode Q0:    33.38
Episode: 1135/2000 | Episode reward:   289.79 | Episode steps:  500 | Average reward:   239.57 | Step Count: 231325 | Episode Q0:    33.38
Episode: 1136/2000 | Episode reward:   195.41 | Episode steps:  283 | Average reward:   239.60 | Step Count: 231608 | Episode Q0:    33.38
Episode: 1137/2000 | Episode reward:   234.03 | Episode steps:  304 | Average reward:   237.11 | Step Count: 231912 | Episode Q0:    33.38
Episode: 1138/2000 | Episode reward:   196.42 | Episode steps:  500 | Average reward:   237.43 | Step Count: 232412 | Episode Q0:    33.38
Episode: 1139/2000 | Episode reward:   176.84 | Episode steps:  247 | Average reward:   228.99 | Step Count: 232659 | Episode Q0:    33.38
Episode: 1140/2000 | Episode reward:   271.86 | Episode steps:  500 | Average reward:   231.35 | Step Count: 233159 | Episode Q0:    33.38
Episode: 1141/2000 | Episode reward:   145.40 | Episode steps:  221 | Average reward:   218.32 | Step Count: 233380 | Episode Q0:    33.38
Episode: 1142/2000 | Episode reward:   239.31 | Episode steps:  500 | Average reward:   219.87 | Step Count: 233880 | Episode Q0:    33.38
Episode: 1143/2000 | Episode reward:   340.39 | Episode steps:  500 | Average reward:   231.36 | Step Count: 234380 | Episode Q0:    33.38
Episode: 1144/2000 | Episode reward:   225.34 | Episode steps:  469 | Average reward:   231.48 | Step Count: 234849 | Episode Q0:    33.38
Episode: 1145/2000 | Episode reward:   237.24 | Episode steps:  464 | Average reward:   226.23 | Step Count: 235313 | Episode Q0:    33.38
Episode: 1146/2000 | Episode reward:   273.15 | Episode steps:  500 | Average reward:   234.00 | Step Count: 235813 | Episode Q0:    33.38
Episode: 1147/2000 | Episode reward:   266.34 | Episode steps:  492 | Average reward:   237.23 | Step Count: 236305 | Episode Q0:    33.38
Episode: 1148/2000 | Episode reward:   256.03 | Episode steps:  468 | Average reward:   243.19 | Step Count: 236773 | Episode Q0:    33.38
Episode: 1149/2000 | Episode reward:   309.27 | Episode steps:  500 | Average reward:   256.43 | Step Count: 237273 | Episode Q0:    33.38
Episode: 1150/2000 | Episode reward:   227.51 | Episode steps:  483 | Average reward:   252.00 | Step Count: 237756 | Episode Q0:    33.38
Episode: 1151/2000 | Episode reward:   199.14 | Episode steps:  342 | Average reward:   257.37 | Step Count: 238098 | Episode Q0:    33.38
Episode: 1152/2000 | Episode reward:   224.11 | Episode steps:  368 | Average reward:   255.85 | Step Count: 238466 | Episode Q0:    33.38
Episode: 1153/2000 | Episode reward:   222.26 | Episode steps:  495 | Average reward:   244.04 | Step Count: 238961 | Episode Q0:    33.38
Episode: 1154/2000 | Episode reward:   249.28 | Episode steps:  500 | Average reward:   246.43 | Step Count: 239461 | Episode Q0:    33.38
Episode: 1155/2000 | Episode reward:   193.56 | Episode steps:  410 | Average reward:   242.06 | Step Count: 239871 | Episode Q0:    33.38
Episode: 1156/2000 | Episode reward:   210.89 | Episode steps:  458 | Average reward:   235.84 | Step Count: 240329 | Episode Q0:    34.43
Episode: 1157/2000 | Episode reward:   330.04 | Episode steps:  500 | Average reward:   242.21 | Step Count: 240829 | Episode Q0:    34.43
Episode: 1158/2000 | Episode reward:   299.00 | Episode steps:  500 | Average reward:   246.51 | Step Count: 241329 | Episode Q0:    34.43
Episode: 1159/2000 | Episode reward:   251.58 | Episode steps:  500 | Average reward:   240.74 | Step Count: 241829 | Episode Q0:    34.43
Episode: 1160/2000 | Episode reward:   284.37 | Episode steps:  500 | Average reward:   246.42 | Step Count: 242329 | Episode Q0:    34.43
Episode: 1161/2000 | Episode reward:   240.07 | Episode steps:  500 | Average reward:   250.52 | Step Count: 242829 | Episode Q0:    34.43
Episode: 1162/2000 | Episode reward:   264.67 | Episode steps:  500 | Average reward:   254.57 | Step Count: 243329 | Episode Q0:    34.43
Episode: 1163/2000 | Episode reward:   336.99 | Episode steps:  500 | Average reward:   266.04 | Step Count: 243829 | Episode Q0:    34.43
Episode: 1164/2000 | Episode reward:   244.75 | Episode steps:  500 | Average reward:   265.59 | Step Count: 244329 | Episode Q0:    34.43
Episode: 1165/2000 | Episode reward:   216.18 | Episode steps:  476 | Average reward:   267.85 | Step Count: 244805 | Episode Q0:    34.43
Episode: 1166/2000 | Episode reward:   259.45 | Episode steps:  500 | Average reward:   272.71 | Step Count: 245305 | Episode Q0:    34.43
Episode: 1167/2000 | Episode reward:   240.17 | Episode steps:  460 | Average reward:   263.72 | Step Count: 245765 | Episode Q0:    34.43
Episode: 1168/2000 | Episode reward:   244.79 | Episode steps:  500 | Average reward:   258.30 | Step Count: 246265 | Episode Q0:    34.43
Episode: 1169/2000 | Episode reward:   344.77 | Episode steps:  500 | Average reward:   267.62 | Step Count: 246765 | Episode Q0:    34.43
Episode: 1170/2000 | Episode reward:   271.14 | Episode steps:  500 | Average reward:   266.30 | Step Count: 247265 | Episode Q0:    34.43
Episode: 1171/2000 | Episode reward:   276.69 | Episode steps:  500 | Average reward:   269.96 | Step Count: 247765 | Episode Q0:    34.43
Episode: 1172/2000 | Episode reward:   213.28 | Episode steps:  500 | Average reward:   264.82 | Step Count: 248265 | Episode Q0:    34.43
Episode: 1173/2000 | Episode reward:   235.44 | Episode steps:  500 | Average reward:   254.67 | Step Count: 248765 | Episode Q0:    34.43
Episode: 1174/2000 | Episode reward:   214.90 | Episode steps:  500 | Average reward:   251.68 | Step Count: 249265 | Episode Q0:    34.43
Episode: 1175/2000 | Episode reward:   250.08 | Episode steps:  500 | Average reward:   255.07 | Step Count: 249765 | Episode Q0:    34.43
Episode: 1176/2000 | Episode reward:   204.55 | Episode steps:  500 | Average reward:   249.58 | Step Count: 250265 | Episode Q0:    34.43
Episode: 1177/2000 | Episode reward:   260.74 | Episode steps:  500 | Average reward:   251.64 | Step Count: 250765 | Episode Q0:    34.43
Episode: 1178/2000 | Episode reward:   235.25 | Episode steps:  500 | Average reward:   250.68 | Step Count: 251265 | Episode Q0:    34.43
Episode: 1179/2000 | Episode reward:   230.70 | Episode steps:  500 | Average reward:   239.28 | Step Count: 251765 | Episode Q0:    34.43
Episode: 1180/2000 | Episode reward:   234.23 | Episode steps:  500 | Average reward:   235.59 | Step Count: 252265 | Episode Q0:    34.43
Episode: 1181/2000 | Episode reward:   207.16 | Episode steps:  500 | Average reward:   228.63 | Step Count: 252765 | Episode Q0:    34.43
Episode: 1182/2000 | Episode reward:   335.80 | Episode steps:  500 | Average reward:   240.89 | Step Count: 253265 | Episode Q0:    34.43
Episode: 1183/2000 | Episode reward:   246.37 | Episode steps:  500 | Average reward:   241.98 | Step Count: 253765 | Episode Q0:    34.43
Episode: 1184/2000 | Episode reward:   196.20 | Episode steps:  280 | Average reward:   240.11 | Step Count: 254045 | Episode Q0:    35.59
Episode: 1185/2000 | Episode reward:   226.93 | Episode steps:  500 | Average reward:   237.79 | Step Count: 254545 | Episode Q0:    35.59
Episode: 1186/2000 | Episode reward:   219.41 | Episode steps:  500 | Average reward:   239.28 | Step Count: 255045 | Episode Q0:    35.59
Episode: 1187/2000 | Episode reward:   256.61 | Episode steps:  500 | Average reward:   238.87 | Step Count: 255545 | Episode Q0:    35.59
Episode: 1188/2000 | Episode reward:   210.25 | Episode steps:  500 | Average reward:   236.37 | Step Count: 256045 | Episode Q0:    35.59
Episode: 1189/2000 | Episode reward:   262.66 | Episode steps:  500 | Average reward:   239.56 | Step Count: 256545 | Episode Q0:    35.59
Episode: 1190/2000 | Episode reward:   214.19 | Episode steps:  500 | Average reward:   237.56 | Step Count: 257045 | Episode Q0:    35.59
Episode: 1191/2000 | Episode reward:   270.68 | Episode steps:  500 | Average reward:   243.91 | Step Count: 257545 | Episode Q0:    35.59
Episode: 1192/2000 | Episode reward:   289.41 | Episode steps:  500 | Average reward:   239.27 | Step Count: 258045 | Episode Q0:    35.59
Episode: 1193/2000 | Episode reward:   194.52 | Episode steps:  488 | Average reward:   234.09 | Step Count: 258533 | Episode Q0:    35.59
Episode: 1194/2000 | Episode reward:   352.09 | Episode steps:  500 | Average reward:   249.68 | Step Count: 259033 | Episode Q0:    35.59
Episode: 1195/2000 | Episode reward:   228.37 | Episode steps:  500 | Average reward:   249.82 | Step Count: 259533 | Episode Q0:    35.59
Episode: 1196/2000 | Episode reward:   241.03 | Episode steps:  500 | Average reward:   251.98 | Step Count: 260033 | Episode Q0:    35.59
Episode: 1197/2000 | Episode reward:   232.57 | Episode steps:  500 | Average reward:   249.58 | Step Count: 260533 | Episode Q0:    35.59
Episode: 1198/2000 | Episode reward:   243.79 | Episode steps:  500 | Average reward:   252.93 | Step Count: 261033 | Episode Q0:    35.59
Episode: 1199/2000 | Episode reward:   255.73 | Episode steps:  500 | Average reward:   252.24 | Step Count: 261533 | Episode Q0:    35.59
Episode: 1200/2000 | Episode reward:   299.72 | Episode steps:  500 | Average reward:   260.79 | Step Count: 262033 | Episode Q0:    35.59
Episode: 1201/2000 | Episode reward:   324.16 | Episode steps:  500 | Average reward:   266.14 | Step Count: 262533 | Episode Q0:    35.59
Episode: 1202/2000 | Episode reward:   231.81 | Episode steps:  500 | Average reward:   260.38 | Step Count: 263033 | Episode Q0:    35.59
Episode: 1203/2000 | Episode reward:   217.38 | Episode steps:  500 | Average reward:   262.66 | Step Count: 263533 | Episode Q0:    35.59
Episode: 1204/2000 | Episode reward:   259.58 | Episode steps:  500 | Average reward:   253.41 | Step Count: 264033 | Episode Q0:    35.59
Episode: 1205/2000 | Episode reward:   236.84 | Episode steps:  500 | Average reward:   254.26 | Step Count: 264533 | Episode Q0:    35.59
Episode: 1206/2000 | Episode reward:   191.40 | Episode steps:  500 | Average reward:   249.30 | Step Count: 265033 | Episode Q0:    35.59
Episode: 1207/2000 | Episode reward:   271.61 | Episode steps:  500 | Average reward:   253.20 | Step Count: 265533 | Episode Q0:    35.59
Episode: 1208/2000 | Episode reward:   199.75 | Episode steps:  500 | Average reward:   248.80 | Step Count: 266033 | Episode Q0:    35.59
Episode: 1209/2000 | Episode reward:   288.03 | Episode steps:  500 | Average reward:   252.03 | Step Count: 266533 | Episode Q0:    35.59
Episode: 1210/2000 | Episode reward:   269.22 | Episode steps:  500 | Average reward:   248.98 | Step Count: 267033 | Episode Q0:    35.59
Episode: 1211/2000 | Episode reward:   307.07 | Episode steps:  500 | Average reward:   247.27 | Step Count: 267533 | Episode Q0:    37.03
Episode: 1212/2000 | Episode reward:   248.20 | Episode steps:  500 | Average reward:   248.91 | Step Count: 268033 | Episode Q0:    37.03
Episode: 1213/2000 | Episode reward:   317.19 | Episode steps:  500 | Average reward:   258.89 | Step Count: 268533 | Episode Q0:    37.03
Episode: 1214/2000 | Episode reward:   244.98 | Episode steps:  500 | Average reward:   257.43 | Step Count: 269033 | Episode Q0:    37.03
Episode: 1215/2000 | Episode reward:   209.09 | Episode steps:  500 | Average reward:   254.66 | Step Count: 269533 | Episode Q0:    37.03
Episode: 1216/2000 | Episode reward:   250.39 | Episode steps:  500 | Average reward:   260.55 | Step Count: 270033 | Episode Q0:    37.03
Episode: 1217/2000 | Episode reward:   345.06 | Episode steps:  500 | Average reward:   267.90 | Step Count: 270533 | Episode Q0:    37.03
Episode: 1218/2000 | Episode reward:   224.92 | Episode steps:  500 | Average reward:   270.42 | Step Count: 271033 | Episode Q0:    37.03
Episode: 1219/2000 | Episode reward:   249.83 | Episode steps:  500 | Average reward:   266.60 | Step Count: 271533 | Episode Q0:    37.03
Episode: 1220/2000 | Episode reward:   217.95 | Episode steps:  500 | Average reward:   261.47 | Step Count: 272033 | Episode Q0:    37.03
Episode: 1221/2000 | Episode reward:   240.45 | Episode steps:  500 | Average reward:   254.81 | Step Count: 272533 | Episode Q0:    37.03
Episode: 1222/2000 | Episode reward:   287.54 | Episode steps:  500 | Average reward:   258.74 | Step Count: 273033 | Episode Q0:    37.03
Episode: 1223/2000 | Episode reward:   265.09 | Episode steps:  500 | Average reward:   253.53 | Step Count: 273533 | Episode Q0:    37.03
Episode: 1224/2000 | Episode reward:   210.19 | Episode steps:  500 | Average reward:   250.05 | Step Count: 274033 | Episode Q0:    37.03
Episode: 1225/2000 | Episode reward:   281.22 | Episode steps:  500 | Average reward:   257.27 | Step Count: 274533 | Episode Q0:    37.03
Episode: 1226/2000 | Episode reward:   243.36 | Episode steps:  500 | Average reward:   256.56 | Step Count: 275033 | Episode Q0:    37.03
Episode: 1227/2000 | Episode reward:   255.00 | Episode steps:  500 | Average reward:   247.56 | Step Count: 275533 | Episode Q0:    37.03
Episode: 1228/2000 | Episode reward:   190.20 | Episode steps:  500 | Average reward:   244.09 | Step Count: 276033 | Episode Q0:    37.03
Episode: 1229/2000 | Episode reward:   187.44 | Episode steps:  278 | Average reward:   237.85 | Step Count: 276311 | Episode Q0:    37.03
Episode: 1230/2000 | Episode reward:   222.37 | Episode steps:  500 | Average reward:   238.29 | Step Count: 276811 | Episode Q0:    37.03
Episode: 1231/2000 | Episode reward:   234.96 | Episode steps:  500 | Average reward:   237.74 | Step Count: 277311 | Episode Q0:    37.03
Episode: 1232/2000 | Episode reward:   236.95 | Episode steps:  500 | Average reward:   232.68 | Step Count: 277811 | Episode Q0:    37.03
Episode: 1233/2000 | Episode reward:   281.28 | Episode steps:  500 | Average reward:   234.30 | Step Count: 278311 | Episode Q0:    37.03
Episode: 1234/2000 | Episode reward:   256.47 | Episode steps:  500 | Average reward:   238.93 | Step Count: 278811 | Episode Q0:    37.03
Episode: 1235/2000 | Episode reward:   251.39 | Episode steps:  469 | Average reward:   235.94 | Step Count: 279280 | Episode Q0:    37.03
Episode: 1236/2000 | Episode reward:   252.60 | Episode steps:  465 | Average reward:   236.87 | Step Count: 279745 | Episode Q0:    37.03
Episode: 1237/2000 | Episode reward:   202.63 | Episode steps:  500 | Average reward:   231.63 | Step Count: 280245 | Episode Q0:    37.03
Episode: 1238/2000 | Episode reward:   140.97 | Episode steps:  227 | Average reward:   226.71 | Step Count: 280472 | Episode Q0:    37.03
Episode: 1239/2000 | Episode reward:   257.54 | Episode steps:  357 | Average reward:   233.72 | Step Count: 280829 | Episode Q0:    37.03
Episode: 1240/2000 | Episode reward:   231.10 | Episode steps:  500 | Average reward:   234.59 | Step Count: 281329 | Episode Q0:    37.03
Episode: 1241/2000 | Episode reward:   200.28 | Episode steps:  296 | Average reward:   231.12 | Step Count: 281625 | Episode Q0:    37.03
Episode: 1242/2000 | Episode reward:   151.03 | Episode steps:  238 | Average reward:   222.53 | Step Count: 281863 | Episode Q0:    37.81
Episode: 1243/2000 | Episode reward:   220.38 | Episode steps:  500 | Average reward:   216.44 | Step Count: 282363 | Episode Q0:    37.81
Episode: 1244/2000 | Episode reward:   252.56 | Episode steps:  500 | Average reward:   216.05 | Step Count: 282863 | Episode Q0:    37.81
Episode: 1245/2000 | Episode reward:   248.27 | Episode steps:  500 | Average reward:   215.74 | Step Count: 283363 | Episode Q0:    37.81
Episode: 1246/2000 | Episode reward:   171.04 | Episode steps:  252 | Average reward:   207.58 | Step Count: 283615 | Episode Q0:    37.81
Episode: 1247/2000 | Episode reward:   256.99 | Episode steps:  500 | Average reward:   213.02 | Step Count: 284115 | Episode Q0:    37.81
Episode: 1248/2000 | Episode reward:   409.94 | Episode steps:  500 | Average reward:   239.91 | Step Count: 284615 | Episode Q0:    37.81
Episode: 1249/2000 | Episode reward:   213.56 | Episode steps:  309 | Average reward:   235.52 | Step Count: 284924 | Episode Q0:    37.81
Episode: 1250/2000 | Episode reward:   215.32 | Episode steps:  309 | Average reward:   233.94 | Step Count: 285233 | Episode Q0:    37.81
Episode: 1251/2000 | Episode reward:   170.55 | Episode steps:  266 | Average reward:   230.96 | Step Count: 285499 | Episode Q0:    37.81
Episode: 1252/2000 | Episode reward:   312.06 | Episode steps:  500 | Average reward:   247.07 | Step Count: 285999 | Episode Q0:    37.81
Episode: 1253/2000 | Episode reward:   240.57 | Episode steps:  500 | Average reward:   249.09 | Step Count: 286499 | Episode Q0:    37.81
Episode: 1254/2000 | Episode reward:   265.80 | Episode steps:  500 | Average reward:   250.41 | Step Count: 286999 | Episode Q0:    37.81
Episode: 1255/2000 | Episode reward:   240.33 | Episode steps:  500 | Average reward:   249.62 | Step Count: 287499 | Episode Q0:    37.81
Episode: 1256/2000 | Episode reward:   236.96 | Episode steps:  500 | Average reward:   256.21 | Step Count: 287999 | Episode Q0:    37.81
Episode: 1257/2000 | Episode reward:   353.47 | Episode steps:  500 | Average reward:   265.86 | Step Count: 288499 | Episode Q0:    37.81
Episode: 1258/2000 | Episode reward:   249.85 | Episode steps:  500 | Average reward:   249.85 | Step Count: 288999 | Episode Q0:    37.81
Episode: 1259/2000 | Episode reward:   130.47 | Episode steps:  220 | Average reward:   241.54 | Step Count: 289219 | Episode Q0:    37.81
Episode: 1260/2000 | Episode reward:   221.55 | Episode steps:  500 | Average reward:   242.16 | Step Count: 289719 | Episode Q0:    37.81
Episode: 1261/2000 | Episode reward:   151.16 | Episode steps:  231 | Average reward:   240.22 | Step Count: 289950 | Episode Q0:    37.81
Episode: 1262/2000 | Episode reward:   224.04 | Episode steps:  491 | Average reward:   231.42 | Step Count: 290441 | Episode Q0:    37.81
Episode: 1263/2000 | Episode reward:   233.86 | Episode steps:  500 | Average reward:   230.75 | Step Count: 290941 | Episode Q0:    37.81
Episode: 1264/2000 | Episode reward:   196.33 | Episode steps:  500 | Average reward:   223.80 | Step Count: 291441 | Episode Q0:    37.81
Episode: 1265/2000 | Episode reward:   188.38 | Episode steps:  280 | Average reward:   218.61 | Step Count: 291721 | Episode Q0:    37.81
Episode: 1266/2000 | Episode reward:   218.07 | Episode steps:  500 | Average reward:   216.72 | Step Count: 292221 | Episode Q0:    37.81
Episode: 1267/2000 | Episode reward:   205.02 | Episode steps:  285 | Average reward:   201.87 | Step Count: 292506 | Episode Q0:    37.81
Episode: 1268/2000 | Episode reward:   259.19 | Episode steps:  500 | Average reward:   202.81 | Step Count: 293006 | Episode Q0:    37.81
Episode: 1269/2000 | Episode reward:   188.73 | Episode steps:  273 | Average reward:   208.63 | Step Count: 293279 | Episode Q0:    37.81
Episode: 1270/2000 | Episode reward:   268.77 | Episode steps:  354 | Average reward:   213.35 | Step Count: 293633 | Episode Q0:    37.81
Episode: 1271/2000 | Episode reward:   206.28 | Episode steps:  292 | Average reward:   218.87 | Step Count: 293925 | Episode Q0:    37.81
Episode: 1272/2000 | Episode reward:   200.00 | Episode steps:  500 | Average reward:   216.46 | Step Count: 294425 | Episode Q0:    37.81
Episode: 1273/2000 | Episode reward:   177.10 | Episode steps:  252 | Average reward:   210.79 | Step Count: 294677 | Episode Q0:    39.18
Episode: 1274/2000 | Episode reward:   315.27 | Episode steps:  410 | Average reward:   222.68 | Step Count: 295087 | Episode Q0:    39.18
Episode: 1275/2000 | Episode reward:   250.89 | Episode steps:  500 | Average reward:   228.93 | Step Count: 295587 | Episode Q0:    39.18
Episode: 1276/2000 | Episode reward:   147.23 | Episode steps:  243 | Average reward:   221.85 | Step Count: 295830 | Episode Q0:    39.18
Episode: 1277/2000 | Episode reward:   274.53 | Episode steps:  500 | Average reward:   228.80 | Step Count: 296330 | Episode Q0:    39.18
Episode: 1278/2000 | Episode reward:   203.31 | Episode steps:  500 | Average reward:   223.21 | Step Count: 296830 | Episode Q0:    39.18
Episode: 1279/2000 | Episode reward:   277.84 | Episode steps:  500 | Average reward:   232.12 | Step Count: 297330 | Episode Q0:    39.18
Episode: 1280/2000 | Episode reward:   260.91 | Episode steps:  500 | Average reward:   231.34 | Step Count: 297830 | Episode Q0:    39.18
Episode: 1281/2000 | Episode reward:   270.81 | Episode steps:  500 | Average reward:   237.79 | Step Count: 298330 | Episode Q0:    39.18
Episode: 1282/2000 | Episode reward:   249.24 | Episode steps:  500 | Average reward:   242.71 | Step Count: 298830 | Episode Q0:    39.18
Episode: 1283/2000 | Episode reward:   186.15 | Episode steps:  448 | Average reward:   243.62 | Step Count: 299278 | Episode Q0:    39.18
Episode: 1284/2000 | Episode reward:   176.67 | Episode steps:  251 | Average reward:   229.76 | Step Count: 299529 | Episode Q0:    39.18
Episode: 1285/2000 | Episode reward:   427.01 | Episode steps:  500 | Average reward:   247.37 | Step Count: 300029 | Episode Q0:    39.18
Episode: 1286/2000 | Episode reward:   189.70 | Episode steps:  421 | Average reward:   251.62 | Step Count: 300450 | Episode Q0:    39.18
Episode: 1287/2000 | Episode reward:   264.18 | Episode steps:  500 | Average reward:   250.58 | Step Count: 300950 | Episode Q0:    39.18
Episode: 1288/2000 | Episode reward:   146.86 | Episode steps:  229 | Average reward:   244.94 | Step Count: 301179 | Episode Q0:    39.18
Episode: 1289/2000 | Episode reward:   173.28 | Episode steps:  275 | Average reward:   234.48 | Step Count: 301454 | Episode Q0:    39.18
Episode: 1290/2000 | Episode reward:   207.28 | Episode steps:  294 | Average reward:   229.12 | Step Count: 301748 | Episode Q0:    39.18
Episode: 1291/2000 | Episode reward:   216.17 | Episode steps:  414 | Average reward:   223.65 | Step Count: 302162 | Episode Q0:    39.18
Episode: 1292/2000 | Episode reward:   192.74 | Episode steps:  421 | Average reward:   218.00 | Step Count: 302583 | Episode Q0:    39.18
Episode: 1293/2000 | Episode reward:   174.42 | Episode steps:  274 | Average reward:   216.83 | Step Count: 302857 | Episode Q0:    39.18
Episode: 1294/2000 | Episode reward:   144.42 | Episode steps:  234 | Average reward:   213.61 | Step Count: 303091 | Episode Q0:    39.18
Episode: 1295/2000 | Episode reward:   268.04 | Episode steps:  500 | Average reward:   197.71 | Step Count: 303591 | Episode Q0:    39.18
Episode: 1296/2000 | Episode reward:   236.22 | Episode steps:  324 | Average reward:   202.36 | Step Count: 303915 | Episode Q0:    39.18
Episode: 1297/2000 | Episode reward:   241.21 | Episode steps:  323 | Average reward:   200.06 | Step Count: 304238 | Episode Q0:    39.18
Episode: 1298/2000 | Episode reward:   155.40 | Episode steps:  233 | Average reward:   200.92 | Step Count: 304471 | Episode Q0:    39.18
Episode: 1299/2000 | Episode reward:   348.48 | Episode steps:  500 | Average reward:   218.44 | Step Count: 304971 | Episode Q0:    39.18
Episode: 1300/2000 | Episode reward:   143.71 | Episode steps:  210 | Average reward:   212.08 | Step Count: 305181 | Episode Q0:    39.18
Episode: 1301/2000 | Episode reward:   307.96 | Episode steps:  500 | Average reward:   221.26 | Step Count: 305681 | Episode Q0:    40.57
Episode: 1302/2000 | Episode reward:   303.99 | Episode steps:  500 | Average reward:   232.38 | Step Count: 306181 | Episode Q0:    40.57
Episode: 1303/2000 | Episode reward:   213.95 | Episode steps:  412 | Average reward:   236.34 | Step Count: 306593 | Episode Q0:    40.57
Episode: 1304/2000 | Episode reward:   268.01 | Episode steps:  500 | Average reward:   248.70 | Step Count: 307093 | Episode Q0:    40.57
Episode: 1305/2000 | Episode reward:   309.77 | Episode steps:  423 | Average reward:   252.87 | Step Count: 307516 | Episode Q0:    40.57
Episode: 1306/2000 | Episode reward:   219.09 | Episode steps:  500 | Average reward:   251.16 | Step Count: 308016 | Episode Q0:    40.57
Episode: 1307/2000 | Episode reward:   209.37 | Episode steps:  309 | Average reward:   247.97 | Step Count: 308325 | Episode Q0:    40.57
Episode: 1308/2000 | Episode reward:   253.64 | Episode steps:  500 | Average reward:   257.80 | Step Count: 308825 | Episode Q0:    40.57
Episode: 1309/2000 | Episode reward:   353.82 | Episode steps:  461 | Average reward:   258.33 | Step Count: 309286 | Episode Q0:    40.57
Episode: 1310/2000 | Episode reward:   230.72 | Episode steps:  441 | Average reward:   267.03 | Step Count: 309727 | Episode Q0:    40.57
Episode: 1311/2000 | Episode reward:   236.47 | Episode steps:  326 | Average reward:   259.88 | Step Count: 310053 | Episode Q0:    40.57
Episode: 1312/2000 | Episode reward:   250.33 | Episode steps:  500 | Average reward:   254.52 | Step Count: 310553 | Episode Q0:    40.57
Episode: 1313/2000 | Episode reward:   130.78 | Episode steps:  219 | Average reward:   246.20 | Step Count: 310772 | Episode Q0:    40.57
Episode: 1314/2000 | Episode reward:   190.59 | Episode steps:  289 | Average reward:   238.46 | Step Count: 311061 | Episode Q0:    40.57
Episode: 1315/2000 | Episode reward:   208.62 | Episode steps:  451 | Average reward:   228.34 | Step Count: 311512 | Episode Q0:    40.57
Episode: 1316/2000 | Episode reward:   110.77 | Episode steps:  191 | Average reward:   217.51 | Step Count: 311703 | Episode Q0:    40.57
Episode: 1317/2000 | Episode reward:   292.96 | Episode steps:  498 | Average reward:   225.87 | Step Count: 312201 | Episode Q0:    40.57
Episode: 1318/2000 | Episode reward:   219.20 | Episode steps:  436 | Average reward:   222.42 | Step Count: 312637 | Episode Q0:    40.57
Episode: 1319/2000 | Episode reward:   185.47 | Episode steps:  334 | Average reward:   205.59 | Step Count: 312971 | Episode Q0:    40.57
Episode: 1320/2000 | Episode reward:   227.84 | Episode steps:  431 | Average reward:   205.30 | Step Count: 313402 | Episode Q0:    40.57
Episode: 1321/2000 | Episode reward:   188.11 | Episode steps:  334 | Average reward:   200.47 | Step Count: 313736 | Episode Q0:    40.57
Episode: 1322/2000 | Episode reward:   241.91 | Episode steps:  457 | Average reward:   199.62 | Step Count: 314193 | Episode Q0:    40.57
Episode: 1323/2000 | Episode reward:   148.39 | Episode steps:  293 | Average reward:   201.39 | Step Count: 314486 | Episode Q0:    40.57
Episode: 1324/2000 | Episode reward:   184.88 | Episode steps:  332 | Average reward:   200.81 | Step Count: 314818 | Episode Q0:    40.57
Episode: 1325/2000 | Episode reward:   299.63 | Episode steps:  500 | Average reward:   209.92 | Step Count: 315318 | Episode Q0:    40.57
Episode: 1326/2000 | Episode reward:   345.62 | Episode steps:  500 | Average reward:   233.40 | Step Count: 315818 | Episode Q0:    40.57
Episode: 1327/2000 | Episode reward:   275.74 | Episode steps:  438 | Average reward:   231.68 | Step Count: 316256 | Episode Q0:    40.57
Episode: 1328/2000 | Episode reward:   182.42 | Episode steps:  327 | Average reward:   228.00 | Step Count: 316583 | Episode Q0:    40.57
Episode: 1329/2000 | Episode reward:   196.79 | Episode steps:  397 | Average reward:   229.13 | Step Count: 316980 | Episode Q0:    40.57
Episode: 1330/2000 | Episode reward:   229.67 | Episode steps:  428 | Average reward:   229.31 | Step Count: 317408 | Episode Q0:    41.33
Episode: 1331/2000 | Episode reward:   166.55 | Episode steps:  420 | Average reward:   227.16 | Step Count: 317828 | Episode Q0:    41.33
Episode: 1332/2000 | Episode reward:   172.58 | Episode steps:  393 | Average reward:   220.23 | Step Count: 318221 | Episode Q0:    41.33
Episode: 1333/2000 | Episode reward:   203.72 | Episode steps:  447 | Average reward:   225.76 | Step Count: 318668 | Episode Q0:    41.33
Episode: 1334/2000 | Episode reward:   183.04 | Episode steps:  326 | Average reward:   225.58 | Step Count: 318994 | Episode Q0:    41.33
Episode: 1335/2000 | Episode reward:   343.85 | Episode steps:  500 | Average reward:   230.00 | Step Count: 319494 | Episode Q0:    41.33
Episode: 1336/2000 | Episode reward:   153.37 | Episode steps:  298 | Average reward:   210.77 | Step Count: 319792 | Episode Q0:    41.33
Episode: 1337/2000 | Episode reward:   255.15 | Episode steps:  447 | Average reward:   208.71 | Step Count: 320239 | Episode Q0:    41.33
Episode: 1338/2000 | Episode reward:   266.08 | Episode steps:  474 | Average reward:   217.08 | Step Count: 320713 | Episode Q0:    41.33
Episode: 1339/2000 | Episode reward:   145.30 | Episode steps:  238 | Average reward:   211.93 | Step Count: 320951 | Episode Q0:    41.33
Episode: 1340/2000 | Episode reward:   198.00 | Episode steps:  334 | Average reward:   208.76 | Step Count: 321285 | Episode Q0:    41.33
Episode: 1341/2000 | Episode reward:   109.19 | Episode steps:  228 | Average reward:   203.03 | Step Count: 321513 | Episode Q0:    41.33
Episode: 1342/2000 | Episode reward:   314.19 | Episode steps:  500 | Average reward:   217.19 | Step Count: 322013 | Episode Q0:    41.33
Episode: 1343/2000 | Episode reward:   215.55 | Episode steps:  415 | Average reward:   218.37 | Step Count: 322428 | Episode Q0:    41.33
Episode: 1344/2000 | Episode reward:   190.56 | Episode steps:  435 | Average reward:   219.12 | Step Count: 322863 | Episode Q0:    41.33
Episode: 1345/2000 | Episode reward:   197.25 | Episode steps:  267 | Average reward:   204.46 | Step Count: 323130 | Episode Q0:    41.33
Episode: 1346/2000 | Episode reward:   228.97 | Episode steps:  426 | Average reward:   212.03 | Step Count: 323556 | Episode Q0:    41.33
Episode: 1347/2000 | Episode reward:   178.46 | Episode steps:  256 | Average reward:   204.36 | Step Count: 323812 | Episode Q0:    41.33
Episode: 1348/2000 | Episode reward:   155.25 | Episode steps:  246 | Average reward:   193.27 | Step Count: 324058 | Episode Q0:    41.33
Episode: 1349/2000 | Episode reward:   222.85 | Episode steps:  298 | Average reward:   201.03 | Step Count: 324356 | Episode Q0:    41.33
Episode: 1350/2000 | Episode reward:   163.43 | Episode steps:  236 | Average reward:   197.57 | Step Count: 324592 | Episode Q0:    41.33
Episode: 1351/2000 | Episode reward:   290.51 | Episode steps:  480 | Average reward:   215.70 | Step Count: 325072 | Episode Q0:    41.33
Episode: 1352/2000 | Episode reward:   164.63 | Episode steps:  243 | Average reward:   200.75 | Step Count: 325315 | Episode Q0:    41.33
Episode: 1353/2000 | Episode reward:   174.56 | Episode steps:  249 | Average reward:   196.65 | Step Count: 325564 | Episode Q0:    41.33
Episode: 1354/2000 | Episode reward:   178.23 | Episode steps:  254 | Average reward:   195.42 | Step Count: 325818 | Episode Q0:    41.33
Episode: 1355/2000 | Episode reward:   169.73 | Episode steps:  246 | Average reward:   192.66 | Step Count: 326064 | Episode Q0:    41.33
Episode: 1356/2000 | Episode reward:   141.57 | Episode steps:  215 | Average reward:   183.92 | Step Count: 326279 | Episode Q0:    41.33
Episode: 1357/2000 | Episode reward:   179.21 | Episode steps:  250 | Average reward:   184.00 | Step Count: 326529 | Episode Q0:    41.33
Episode: 1358/2000 | Episode reward:   288.85 | Episode steps:  479 | Average reward:   197.36 | Step Count: 327008 | Episode Q0:    41.33
Episode: 1359/2000 | Episode reward:   166.19 | Episode steps:  240 | Average reward:   191.69 | Step Count: 327248 | Episode Q0:    41.33
Episode: 1360/2000 | Episode reward:   149.66 | Episode steps:  226 | Average reward:   190.31 | Step Count: 327474 | Episode Q0:    41.33
Episode: 1361/2000 | Episode reward:   129.34 | Episode steps:  210 | Average reward:   174.20 | Step Count: 327684 | Episode Q0:    41.33
Episode: 1362/2000 | Episode reward:   209.07 | Episode steps:  404 | Average reward:   178.64 | Step Count: 328088 | Episode Q0:    43.00
Episode: 1363/2000 | Episode reward:   165.32 | Episode steps:  238 | Average reward:   177.72 | Step Count: 328326 | Episode Q0:    43.00
Episode: 1364/2000 | Episode reward:   339.86 | Episode steps:  500 | Average reward:   193.88 | Step Count: 328826 | Episode Q0:    43.00
Episode: 1365/2000 | Episode reward:   146.36 | Episode steps:  223 | Average reward:   191.54 | Step Count: 329049 | Episode Q0:    43.00
Episode: 1366/2000 | Episode reward:   200.32 | Episode steps:  280 | Average reward:   197.42 | Step Count: 329329 | Episode Q0:    43.00
Episode: 1367/2000 | Episode reward:   340.03 | Episode steps:  500 | Average reward:   213.50 | Step Count: 329829 | Episode Q0:    43.00
Episode: 1368/2000 | Episode reward:   143.81 | Episode steps:  220 | Average reward:   198.99 | Step Count: 330049 | Episode Q0:    43.00
Episode: 1369/2000 | Episode reward:   162.57 | Episode steps:  247 | Average reward:   198.63 | Step Count: 330296 | Episode Q0:    43.00
Episode: 1370/2000 | Episode reward:   159.48 | Episode steps:  236 | Average reward:   199.62 | Step Count: 330532 | Episode Q0:    43.00
Episode: 1371/2000 | Episode reward:   199.94 | Episode steps:  381 | Average reward:   206.68 | Step Count: 330913 | Episode Q0:    43.00
Episode: 1372/2000 | Episode reward:   170.37 | Episode steps:  240 | Average reward:   202.81 | Step Count: 331153 | Episode Q0:    43.00
Episode: 1373/2000 | Episode reward:   247.26 | Episode steps:  447 | Average reward:   211.00 | Step Count: 331600 | Episode Q0:    43.00
Episode: 1374/2000 | Episode reward:   124.29 | Episode steps:  208 | Average reward:   189.44 | Step Count: 331808 | Episode Q0:    43.00
Episode: 1375/2000 | Episode reward:   171.20 | Episode steps:  293 | Average reward:   191.93 | Step Count: 332101 | Episode Q0:    43.00
Episode: 1376/2000 | Episode reward:   141.83 | Episode steps:  239 | Average reward:   186.08 | Step Count: 332340 | Episode Q0:    43.00
Episode: 1377/2000 | Episode reward:   330.65 | Episode steps:  500 | Average reward:   185.14 | Step Count: 332840 | Episode Q0:    43.00
Episode: 1378/2000 | Episode reward:   201.73 | Episode steps:  410 | Average reward:   190.93 | Step Count: 333250 | Episode Q0:    43.00
Episode: 1379/2000 | Episode reward:   433.48 | Episode steps:  500 | Average reward:   218.02 | Step Count: 333750 | Episode Q0:    43.00
Episode: 1380/2000 | Episode reward:   180.04 | Episode steps:  312 | Average reward:   220.08 | Step Count: 334062 | Episode Q0:    43.00
Episode: 1381/2000 | Episode reward:   232.05 | Episode steps:  483 | Average reward:   223.29 | Step Count: 334545 | Episode Q0:    43.00
Episode: 1382/2000 | Episode reward:   178.89 | Episode steps:  320 | Average reward:   224.14 | Step Count: 334865 | Episode Q0:    43.00
Episode: 1383/2000 | Episode reward:   313.12 | Episode steps:  500 | Average reward:   230.73 | Step Count: 335365 | Episode Q0:    43.00
Episode: 1384/2000 | Episode reward:   206.57 | Episode steps:  354 | Average reward:   238.96 | Step Count: 335719 | Episode Q0:    43.00
Episode: 1385/2000 | Episode reward:   133.08 | Episode steps:  266 | Average reward:   235.14 | Step Count: 335985 | Episode Q0:    43.00
Episode: 1386/2000 | Episode reward:   239.88 | Episode steps:  459 | Average reward:   244.95 | Step Count: 336444 | Episode Q0:    43.00
Episode: 1387/2000 | Episode reward:   216.26 | Episode steps:  311 | Average reward:   233.51 | Step Count: 336755 | Episode Q0:    43.00
Episode: 1388/2000 | Episode reward:   233.70 | Episode steps:  438 | Average reward:   236.71 | Step Count: 337193 | Episode Q0:    43.00
Episode: 1389/2000 | Episode reward:   190.66 | Episode steps:  290 | Average reward:   212.43 | Step Count: 337483 | Episode Q0:    43.00
Episode: 1390/2000 | Episode reward:   247.35 | Episode steps:  500 | Average reward:   219.16 | Step Count: 337983 | Episode Q0:    43.00
Episode: 1391/2000 | Episode reward:   155.94 | Episode steps:  267 | Average reward:   211.55 | Step Count: 338250 | Episode Q0:    43.87
Episode: 1392/2000 | Episode reward:   330.12 | Episode steps:  500 | Average reward:   226.67 | Step Count: 338750 | Episode Q0:    43.87
Episode: 1393/2000 | Episode reward:   184.92 | Episode steps:  333 | Average reward:   213.85 | Step Count: 339083 | Episode Q0:    43.87
Episode: 1394/2000 | Episode reward:   197.49 | Episode steps:  337 | Average reward:   212.94 | Step Count: 339420 | Episode Q0:    43.87
Episode: 1395/2000 | Episode reward:   250.96 | Episode steps:  463 | Average reward:   224.73 | Step Count: 339883 | Episode Q0:    43.87
Episode: 1396/2000 | Episode reward:   146.66 | Episode steps:  284 | Average reward:   215.41 | Step Count: 340167 | Episode Q0:    43.87
Episode: 1397/2000 | Episode reward:   117.84 | Episode steps:  233 | Average reward:   205.56 | Step Count: 340400 | Episode Q0:    43.87
Episode: 1398/2000 | Episode reward:   218.10 | Episode steps:  364 | Average reward:   204.00 | Step Count: 340764 | Episode Q0:    43.87
Episode: 1399/2000 | Episode reward:   112.09 | Episode steps:  204 | Average reward:   196.15 | Step Count: 340968 | Episode Q0:    43.87
Episode: 1400/2000 | Episode reward:   235.30 | Episode steps:  488 | Average reward:   194.94 | Step Count: 341456 | Episode Q0:    43.87
Episode: 1401/2000 | Episode reward:   177.16 | Episode steps:  315 | Average reward:   197.06 | Step Count: 341771 | Episode Q0:    43.87
Episode: 1402/2000 | Episode reward:   230.36 | Episode steps:  484 | Average reward:   187.09 | Step Count: 342255 | Episode Q0:    43.87
Episode: 1403/2000 | Episode reward:   255.45 | Episode steps:  403 | Average reward:   194.14 | Step Count: 342658 | Episode Q0:    43.87
Episode: 1404/2000 | Episode reward:   291.19 | Episode steps:  421 | Average reward:   203.51 | Step Count: 343079 | Episode Q0:    43.87
Episode: 1405/2000 | Episode reward:   199.07 | Episode steps:  420 | Average reward:   198.32 | Step Count: 343499 | Episode Q0:    43.87
Episode: 1406/2000 | Episode reward:   176.80 | Episode steps:  316 | Average reward:   201.34 | Step Count: 343815 | Episode Q0:    43.87
Episode: 1407/2000 | Episode reward:   229.35 | Episode steps:  369 | Average reward:   212.49 | Step Count: 344184 | Episode Q0:    43.87
Episode: 1408/2000 | Episode reward:   157.37 | Episode steps:  277 | Average reward:   206.41 | Step Count: 344461 | Episode Q0:    43.87
Episode: 1409/2000 | Episode reward:   172.45 | Episode steps:  270 | Average reward:   212.45 | Step Count: 344731 | Episode Q0:    43.87
Episode: 1410/2000 | Episode reward:   179.08 | Episode steps:  317 | Average reward:   206.83 | Step Count: 345048 | Episode Q0:    43.87
Episode: 1411/2000 | Episode reward:   328.40 | Episode steps:  477 | Average reward:   221.95 | Step Count: 345525 | Episode Q0:    43.87
Episode: 1412/2000 | Episode reward:   231.66 | Episode steps:  435 | Average reward:   222.08 | Step Count: 345960 | Episode Q0:    43.87
Episode: 1413/2000 | Episode reward:   226.99 | Episode steps:  430 | Average reward:   219.24 | Step Count: 346390 | Episode Q0:    43.87
Episode: 1414/2000 | Episode reward:   236.44 | Episode steps:  439 | Average reward:   213.76 | Step Count: 346829 | Episode Q0:    43.87
Episode: 1415/2000 | Episode reward:   185.77 | Episode steps:  322 | Average reward:   212.43 | Step Count: 347151 | Episode Q0:    43.87
Episode: 1416/2000 | Episode reward:   210.64 | Episode steps:  292 | Average reward:   215.81 | Step Count: 347443 | Episode Q0:    43.87
Episode: 1417/2000 | Episode reward:   187.65 | Episode steps:  349 | Average reward:   211.64 | Step Count: 347792 | Episode Q0:    43.87
Episode: 1418/2000 | Episode reward:   256.09 | Episode steps:  392 | Average reward:   221.52 | Step Count: 348184 | Episode Q0:    43.87
Episode: 1419/2000 | Episode reward:   188.89 | Episode steps:  386 | Average reward:   223.16 | Step Count: 348570 | Episode Q0:    43.87
Episode: 1420/2000 | Episode reward:   217.27 | Episode steps:  325 | Average reward:   226.98 | Step Count: 348895 | Episode Q0:    43.87
Episode: 1421/2000 | Episode reward:   133.88 | Episode steps:  251 | Average reward:   207.53 | Step Count: 349146 | Episode Q0:    43.87
Episode: 1422/2000 | Episode reward:   169.64 | Episode steps:  275 | Average reward:   201.33 | Step Count: 349421 | Episode Q0:    43.87
Episode: 1423/2000 | Episode reward:   127.52 | Episode steps:  214 | Average reward:   191.38 | Step Count: 349635 | Episode Q0:    44.75
Episode: 1424/2000 | Episode reward:   144.00 | Episode steps:  232 | Average reward:   182.14 | Step Count: 349867 | Episode Q0:    44.75
Episode: 1425/2000 | Episode reward:   238.79 | Episode steps:  445 | Average reward:   187.44 | Step Count: 350312 | Episode Q0:    44.75
Episode: 1426/2000 | Episode reward:   153.14 | Episode steps:  232 | Average reward:   181.69 | Step Count: 350544 | Episode Q0:    44.75
Episode: 1427/2000 | Episode reward:   351.60 | Episode steps:  500 | Average reward:   198.08 | Step Count: 351044 | Episode Q0:    44.75
Episode: 1428/2000 | Episode reward:   160.15 | Episode steps:  269 | Average reward:   188.49 | Step Count: 351313 | Episode Q0:    44.75
Episode: 1429/2000 | Episode reward:   163.29 | Episode steps:  262 | Average reward:   185.93 | Step Count: 351575 | Episode Q0:    44.75
Episode: 1430/2000 | Episode reward:   284.95 | Episode steps:  396 | Average reward:   192.70 | Step Count: 351971 | Episode Q0:    44.75
Episode: 1431/2000 | Episode reward:   249.04 | Episode steps:  444 | Average reward:   204.21 | Step Count: 352415 | Episode Q0:    44.75
Episode: 1432/2000 | Episode reward:   210.90 | Episode steps:  383 | Average reward:   208.34 | Step Count: 352798 | Episode Q0:    44.75
Episode: 1433/2000 | Episode reward:   230.27 | Episode steps:  331 | Average reward:   218.61 | Step Count: 353129 | Episode Q0:    44.75
Episode: 1434/2000 | Episode reward:   154.56 | Episode steps:  244 | Average reward:   219.67 | Step Count: 353373 | Episode Q0:    44.75
Episode: 1435/2000 | Episode reward:   227.89 | Episode steps:  500 | Average reward:   218.58 | Step Count: 353873 | Episode Q0:    44.75
Episode: 1436/2000 | Episode reward:   242.91 | Episode steps:  500 | Average reward:   227.56 | Step Count: 354373 | Episode Q0:    44.75
Episode: 1437/2000 | Episode reward:   224.91 | Episode steps:  448 | Average reward:   214.89 | Step Count: 354821 | Episode Q0:    44.75
Episode: 1438/2000 | Episode reward:   342.19 | Episode steps:  500 | Average reward:   233.09 | Step Count: 355321 | Episode Q0:    44.75
Episode: 1439/2000 | Episode reward:   288.90 | Episode steps:  500 | Average reward:   245.65 | Step Count: 355821 | Episode Q0:    44.75
Episode: 1440/2000 | Episode reward:   266.99 | Episode steps:  484 | Average reward:   243.86 | Step Count: 356305 | Episode Q0:    44.75
Episode: 1441/2000 | Episode reward:   230.77 | Episode steps:  452 | Average reward:   242.03 | Step Count: 356757 | Episode Q0:    44.75
Episode: 1442/2000 | Episode reward:   189.65 | Episode steps:  294 | Average reward:   239.90 | Step Count: 357051 | Episode Q0:    44.75
Episode: 1443/2000 | Episode reward:   294.57 | Episode steps:  500 | Average reward:   246.33 | Step Count: 357551 | Episode Q0:    44.75
Episode: 1444/2000 | Episode reward:   135.91 | Episode steps:  278 | Average reward:   244.47 | Step Count: 357829 | Episode Q0:    44.75
Episode: 1445/2000 | Episode reward:   295.23 | Episode steps:  500 | Average reward:   251.20 | Step Count: 358329 | Episode Q0:    44.75
Episode: 1446/2000 | Episode reward:   211.66 | Episode steps:  427 | Average reward:   248.08 | Step Count: 358756 | Episode Q0:    44.75
Episode: 1447/2000 | Episode reward:   118.00 | Episode steps:  239 | Average reward:   237.39 | Step Count: 358995 | Episode Q0:    44.75
Episode: 1448/2000 | Episode reward:   204.18 | Episode steps:  423 | Average reward:   223.59 | Step Count: 359418 | Episode Q0:    44.75
Episode: 1449/2000 | Episode reward:   183.70 | Episode steps:  330 | Average reward:   213.07 | Step Count: 359748 | Episode Q0:    44.75
Episode: 1450/2000 | Episode reward:   262.58 | Episode steps:  500 | Average reward:   212.62 | Step Count: 360248 | Episode Q0:    46.03
Episode: 1451/2000 | Episode reward:   220.38 | Episode steps:  390 | Average reward:   211.59 | Step Count: 360638 | Episode Q0:    46.03
Episode: 1452/2000 | Episode reward:   222.72 | Episode steps:  466 | Average reward:   214.89 | Step Count: 361104 | Episode Q0:    46.03
Episode: 1453/2000 | Episode reward:   231.10 | Episode steps:  346 | Average reward:   208.55 | Step Count: 361450 | Episode Q0:    46.03
Episode: 1454/2000 | Episode reward:   235.40 | Episode steps:  482 | Average reward:   218.50 | Step Count: 361932 | Episode Q0:    46.03
Episode: 1455/2000 | Episode reward:   254.58 | Episode steps:  500 | Average reward:   214.43 | Step Count: 362432 | Episode Q0:    46.03
Episode: 1456/2000 | Episode reward:   213.77 | Episode steps:  425 | Average reward:   214.64 | Step Count: 362857 | Episode Q0:    46.03
Episode: 1457/2000 | Episode reward:   178.56 | Episode steps:  315 | Average reward:   220.70 | Step Count: 363172 | Episode Q0:    46.03
Episode: 1458/2000 | Episode reward:   147.69 | Episode steps:  281 | Average reward:   215.05 | Step Count: 363453 | Episode Q0:    46.03
Episode: 1459/2000 | Episode reward:   197.41 | Episode steps:  452 | Average reward:   216.42 | Step Count: 363905 | Episode Q0:    46.03
Episode: 1460/2000 | Episode reward:   247.64 | Episode steps:  476 | Average reward:   214.93 | Step Count: 364381 | Episode Q0:    46.03
Episode: 1461/2000 | Episode reward:   207.94 | Episode steps:  447 | Average reward:   213.68 | Step Count: 364828 | Episode Q0:    46.03
Episode: 1462/2000 | Episode reward:   234.67 | Episode steps:  465 | Average reward:   214.88 | Step Count: 365293 | Episode Q0:    46.03
Episode: 1463/2000 | Episode reward:   185.45 | Episode steps:  428 | Average reward:   210.31 | Step Count: 365721 | Episode Q0:    46.03
Episode: 1464/2000 | Episode reward:   211.70 | Episode steps:  447 | Average reward:   207.94 | Step Count: 366168 | Episode Q0:    46.03
Episode: 1465/2000 | Episode reward:   252.13 | Episode steps:  473 | Average reward:   207.70 | Step Count: 366641 | Episode Q0:    46.03
Episode: 1466/2000 | Episode reward:   236.56 | Episode steps:  500 | Average reward:   209.98 | Step Count: 367141 | Episode Q0:    46.03
Episode: 1467/2000 | Episode reward:   306.14 | Episode steps:  500 | Average reward:   222.73 | Step Count: 367641 | Episode Q0:    46.03
Episode: 1468/2000 | Episode reward:   234.67 | Episode steps:  500 | Average reward:   231.43 | Step Count: 368141 | Episode Q0:    46.03
Episode: 1469/2000 | Episode reward:   251.22 | Episode steps:  464 | Average reward:   236.81 | Step Count: 368605 | Episode Q0:    46.03
Episode: 1470/2000 | Episode reward:   207.16 | Episode steps:  427 | Average reward:   232.76 | Step Count: 369032 | Episode Q0:    46.03
Episode: 1471/2000 | Episode reward:   315.67 | Episode steps:  500 | Average reward:   243.54 | Step Count: 369532 | Episode Q0:    46.03
Episode: 1472/2000 | Episode reward:   356.03 | Episode steps:  500 | Average reward:   255.67 | Step Count: 370032 | Episode Q0:    46.03
Episode: 1473/2000 | Episode reward:   303.82 | Episode steps:  500 | Average reward:   267.51 | Step Count: 370532 | Episode Q0:    46.03
Episode: 1474/2000 | Episode reward:   239.74 | Episode steps:  445 | Average reward:   270.31 | Step Count: 370977 | Episode Q0:    46.03
Episode: 1475/2000 | Episode reward:   127.48 | Episode steps:  219 | Average reward:   257.85 | Step Count: 371196 | Episode Q0:    46.89
Episode: 1476/2000 | Episode reward:   236.92 | Episode steps:  500 | Average reward:   257.88 | Step Count: 371696 | Episode Q0:    46.89
Episode: 1477/2000 | Episode reward:   243.86 | Episode steps:  500 | Average reward:   251.66 | Step Count: 372196 | Episode Q0:    46.89
Episode: 1478/2000 | Episode reward:   349.52 | Episode steps:  500 | Average reward:   263.14 | Step Count: 372696 | Episode Q0:    46.89
Episode: 1479/2000 | Episode reward:   271.11 | Episode steps:  500 | Average reward:   265.13 | Step Count: 373196 | Episode Q0:    46.89
Episode: 1480/2000 | Episode reward:   151.54 | Episode steps:  287 | Average reward:   259.57 | Step Count: 373483 | Episode Q0:    46.89
Episode: 1481/2000 | Episode reward:   340.76 | Episode steps:  500 | Average reward:   262.08 | Step Count: 373983 | Episode Q0:    46.89
Episode: 1482/2000 | Episode reward:   263.05 | Episode steps:  500 | Average reward:   252.78 | Step Count: 374483 | Episode Q0:    46.89
Episode: 1483/2000 | Episode reward:   211.00 | Episode steps:  425 | Average reward:   243.50 | Step Count: 374908 | Episode Q0:    46.89
Episode: 1484/2000 | Episode reward:   321.69 | Episode steps:  500 | Average reward:   251.69 | Step Count: 375408 | Episode Q0:    46.89
Episode: 1485/2000 | Episode reward:   204.74 | Episode steps:  460 | Average reward:   259.42 | Step Count: 375868 | Episode Q0:    46.89
Episode: 1486/2000 | Episode reward:   271.19 | Episode steps:  500 | Average reward:   262.85 | Step Count: 376368 | Episode Q0:    46.89
Episode: 1487/2000 | Episode reward:   255.00 | Episode steps:  457 | Average reward:   263.96 | Step Count: 376825 | Episode Q0:    46.89
Episode: 1488/2000 | Episode reward:   250.43 | Episode steps:  500 | Average reward:   254.05 | Step Count: 377325 | Episode Q0:    46.89
Episode: 1489/2000 | Episode reward:   329.26 | Episode steps:  500 | Average reward:   259.87 | Step Count: 377825 | Episode Q0:    46.89
Episode: 1490/2000 | Episode reward:   238.58 | Episode steps:  500 | Average reward:   268.57 | Step Count: 378325 | Episode Q0:    46.89
Episode: 1491/2000 | Episode reward:   225.62 | Episode steps:  440 | Average reward:   257.06 | Step Count: 378765 | Episode Q0:    46.89
Episode: 1492/2000 | Episode reward:   213.62 | Episode steps:  421 | Average reward:   252.11 | Step Count: 379186 | Episode Q0:    46.89
Episode: 1493/2000 | Episode reward:   315.35 | Episode steps:  500 | Average reward:   262.55 | Step Count: 379686 | Episode Q0:    46.89
Episode: 1494/2000 | Episode reward:   256.82 | Episode steps:  470 | Average reward:   256.06 | Step Count: 380156 | Episode Q0:    46.89
Episode: 1495/2000 | Episode reward:   236.14 | Episode steps:  451 | Average reward:   259.20 | Step Count: 380607 | Episode Q0:    46.89
Episode: 1496/2000 | Episode reward:   182.81 | Episode steps:  383 | Average reward:   250.36 | Step Count: 380990 | Episode Q0:    46.89
Episode: 1497/2000 | Episode reward:   278.24 | Episode steps:  476 | Average reward:   252.69 | Step Count: 381466 | Episode Q0:    46.89
Episode: 1498/2000 | Episode reward:   278.75 | Episode steps:  500 | Average reward:   255.52 | Step Count: 381966 | Episode Q0:    46.89
Episode: 1499/2000 | Episode reward:   140.75 | Episode steps:  234 | Average reward:   236.67 | Step Count: 382200 | Episode Q0:    46.89
Episode: 1500/2000 | Episode reward:   143.97 | Episode steps:  263 | Average reward:   227.21 | Step Count: 382463 | Episode Q0:    46.89
Episode: 1501/2000 | Episode reward:   230.21 | Episode steps:  470 | Average reward:   227.67 | Step Count: 382933 | Episode Q0:    46.89
Episode: 1502/2000 | Episode reward:   310.62 | Episode steps:  500 | Average reward:   237.37 | Step Count: 383433 | Episode Q0:    46.89
Episode: 1503/2000 | Episode reward:   167.90 | Episode steps:  270 | Average reward:   222.62 | Step Count: 383703 | Episode Q0:    46.89
Episode: 1504/2000 | Episode reward:   168.10 | Episode steps:  377 | Average reward:   213.75 | Step Count: 384080 | Episode Q0:    48.06
Episode: 1505/2000 | Episode reward:   207.38 | Episode steps:  392 | Average reward:   210.87 | Step Count: 384472 | Episode Q0:    48.06
Episode: 1506/2000 | Episode reward:   311.05 | Episode steps:  500 | Average reward:   223.70 | Step Count: 384972 | Episode Q0:    48.06
Episode: 1507/2000 | Episode reward:   241.00 | Episode steps:  500 | Average reward:   219.97 | Step Count: 385472 | Episode Q0:    48.06
Episode: 1508/2000 | Episode reward:   340.38 | Episode steps:  529 | Average reward:   226.14 | Step Count: 386001 | Episode Q0:    48.06
Episode: 1509/2000 | Episode reward:   106.13 | Episode steps:  191 | Average reward:   222.68 | Step Count: 386192 | Episode Q0:    48.06
Episode: 1510/2000 | Episode reward:   185.07 | Episode steps:  284 | Average reward:   226.79 | Step Count: 386476 | Episode Q0:    48.06
Episode: 1511/2000 | Episode reward:   166.26 | Episode steps:  262 | Average reward:   220.39 | Step Count: 386738 | Episode Q0:    48.06
Episode: 1512/2000 | Episode reward:   155.62 | Episode steps:  306 | Average reward:   204.89 | Step Count: 387044 | Episode Q0:    48.06
Episode: 1513/2000 | Episode reward:   205.03 | Episode steps:  302 | Average reward:   208.60 | Step Count: 387346 | Episode Q0:    48.06
Episode: 1514/2000 | Episode reward:   153.37 | Episode steps:  239 | Average reward:   207.13 | Step Count: 387585 | Episode Q0:    48.06
Episode: 1515/2000 | Episode reward:   280.05 | Episode steps:  500 | Average reward:   214.40 | Step Count: 388085 | Episode Q0:    48.06
Episode: 1516/2000 | Episode reward:   154.54 | Episode steps:  302 | Average reward:   198.74 | Step Count: 388387 | Episode Q0:    48.06
Episode: 1517/2000 | Episode reward:   253.11 | Episode steps:  472 | Average reward:   199.96 | Step Count: 388859 | Episode Q0:    48.06
Episode: 1518/2000 | Episode reward:   242.82 | Episode steps:  471 | Average reward:   190.20 | Step Count: 389330 | Episode Q0:    48.06
Episode: 1519/2000 | Episode reward:   192.06 | Episode steps:  297 | Average reward:   198.79 | Step Count: 389627 | Episode Q0:    48.06
Episode: 1520/2000 | Episode reward:   230.41 | Episode steps:  500 | Average reward:   203.32 | Step Count: 390127 | Episode Q0:    48.06
Episode: 1521/2000 | Episode reward:   235.36 | Episode steps:  500 | Average reward:   210.24 | Step Count: 390627 | Episode Q0:    48.06
Episode: 1522/2000 | Episode reward:   311.04 | Episode steps:  500 | Average reward:   225.78 | Step Count: 391127 | Episode Q0:    48.06
Episode: 1523/2000 | Episode reward:   278.40 | Episode steps:  500 | Average reward:   233.12 | Step Count: 391627 | Episode Q0:    48.06
Episode: 1524/2000 | Episode reward:   248.13 | Episode steps:  500 | Average reward:   242.59 | Step Count: 392127 | Episode Q0:    48.06
Episode: 1525/2000 | Episode reward:   325.85 | Episode steps:  500 | Average reward:   247.17 | Step Count: 392627 | Episode Q0:    48.06
Episode: 1526/2000 | Episode reward:   250.69 | Episode steps:  500 | Average reward:   256.79 | Step Count: 393127 | Episode Q0:    48.06
Episode: 1527/2000 | Episode reward:   223.60 | Episode steps:  500 | Average reward:   253.83 | Step Count: 393627 | Episode Q0:    48.06
Episode: 1528/2000 | Episode reward:   238.63 | Episode steps:  498 | Average reward:   253.42 | Step Count: 394125 | Episode Q0:    48.06
Episode: 1529/2000 | Episode reward:   258.07 | Episode steps:  500 | Average reward:   260.02 | Step Count: 394625 | Episode Q0:    48.06
Episode: 1530/2000 | Episode reward:   280.95 | Episode steps:  500 | Average reward:   265.07 | Step Count: 395125 | Episode Q0:    48.06
Episode: 1531/2000 | Episode reward:   288.64 | Episode steps:  500 | Average reward:   270.40 | Step Count: 395625 | Episode Q0:    48.74
Episode: 1532/2000 | Episode reward:   255.16 | Episode steps:  500 | Average reward:   264.81 | Step Count: 396125 | Episode Q0:    48.74
Episode: 1533/2000 | Episode reward:   206.00 | Episode steps:  500 | Average reward:   257.57 | Step Count: 396625 | Episode Q0:    48.74
Episode: 1534/2000 | Episode reward:   122.62 | Episode steps:  202 | Average reward:   245.02 | Step Count: 396827 | Episode Q0:    48.74
Episode: 1535/2000 | Episode reward:   259.55 | Episode steps:  500 | Average reward:   238.39 | Step Count: 397327 | Episode Q0:    48.74
Episode: 1536/2000 | Episode reward:   212.80 | Episode steps:  500 | Average reward:   234.60 | Step Count: 397827 | Episode Q0:    48.74
Episode: 1537/2000 | Episode reward:   301.09 | Episode steps:  500 | Average reward:   242.35 | Step Count: 398327 | Episode Q0:    48.74
Episode: 1538/2000 | Episode reward:   295.72 | Episode steps:  500 | Average reward:   248.06 | Step Count: 398827 | Episode Q0:    48.74
Episode: 1539/2000 | Episode reward:   316.57 | Episode steps:  500 | Average reward:   253.91 | Step Count: 399327 | Episode Q0:    48.74
Episode: 1540/2000 | Episode reward:   236.95 | Episode steps:  500 | Average reward:   249.51 | Step Count: 399827 | Episode Q0:    48.74
Episode: 1541/2000 | Episode reward:   307.67 | Episode steps:  500 | Average reward:   251.41 | Step Count: 400327 | Episode Q0:    48.74
Episode: 1542/2000 | Episode reward:   230.50 | Episode steps:  500 | Average reward:   248.95 | Step Count: 400827 | Episode Q0:    48.74
Episode: 1543/2000 | Episode reward:   315.08 | Episode steps:  500 | Average reward:   259.86 | Step Count: 401327 | Episode Q0:    48.74
Episode: 1544/2000 | Episode reward:   271.64 | Episode steps:  500 | Average reward:   274.76 | Step Count: 401827 | Episode Q0:    48.74
Episode: 1545/2000 | Episode reward:   339.85 | Episode steps:  500 | Average reward:   282.79 | Step Count: 402327 | Episode Q0:    48.74
Episode: 1546/2000 | Episode reward:   291.88 | Episode steps:  500 | Average reward:   290.70 | Step Count: 402827 | Episode Q0:    48.74
Episode: 1547/2000 | Episode reward:   195.96 | Episode steps:  423 | Average reward:   280.18 | Step Count: 403250 | Episode Q0:    48.74
Episode: 1548/2000 | Episode reward:   231.38 | Episode steps:  318 | Average reward:   273.75 | Step Count: 403568 | Episode Q0:    48.74
Episode: 1549/2000 | Episode reward:   169.79 | Episode steps:  241 | Average reward:   259.07 | Step Count: 403809 | Episode Q0:    48.74
Episode: 1550/2000 | Episode reward:   225.31 | Episode steps:  409 | Average reward:   257.91 | Step Count: 404218 | Episode Q0:    48.74
Episode: 1551/2000 | Episode reward:   151.96 | Episode steps:  284 | Average reward:   242.34 | Step Count: 404502 | Episode Q0:    48.74
Episode: 1552/2000 | Episode reward:   214.21 | Episode steps:  408 | Average reward:   240.71 | Step Count: 404910 | Episode Q0:    48.74
Episode: 1553/2000 | Episode reward:   255.19 | Episode steps:  445 | Average reward:   234.72 | Step Count: 405355 | Episode Q0:    48.74
Episode: 1554/2000 | Episode reward:   251.38 | Episode steps:  338 | Average reward:   232.69 | Step Count: 405693 | Episode Q0:    48.74
Episode: 1555/2000 | Episode reward:   216.44 | Episode steps:  296 | Average reward:   220.35 | Step Count: 405989 | Episode Q0:    48.74
Episode: 1556/2000 | Episode reward:   317.82 | Episode steps:  396 | Average reward:   222.94 | Step Count: 406385 | Episode Q0:    48.74
Episode: 1557/2000 | Episode reward:   177.31 | Episode steps:  304 | Average reward:   221.08 | Step Count: 406689 | Episode Q0:    48.74
Episode: 1558/2000 | Episode reward:   244.26 | Episode steps:  500 | Average reward:   222.37 | Step Count: 407189 | Episode Q0:    48.74
Episode: 1559/2000 | Episode reward:   290.00 | Episode steps:  493 | Average reward:   234.39 | Step Count: 407682 | Episode Q0:    48.74
Episode: 1560/2000 | Episode reward:   143.67 | Episode steps:  215 | Average reward:   226.22 | Step Count: 407897 | Episode Q0:    49.92
Episode: 1561/2000 | Episode reward:   185.81 | Episode steps:  335 | Average reward:   229.61 | Step Count: 408232 | Episode Q0:    49.92
Episode: 1562/2000 | Episode reward:   229.32 | Episode steps:  308 | Average reward:   231.12 | Step Count: 408540 | Episode Q0:    49.92
Episode: 1563/2000 | Episode reward:   202.60 | Episode steps:  500 | Average reward:   225.86 | Step Count: 409040 | Episode Q0:    49.92
Episode: 1564/2000 | Episode reward:   139.23 | Episode steps:  273 | Average reward:   214.64 | Step Count: 409313 | Episode Q0:    49.92
Episode: 1565/2000 | Episode reward:   198.19 | Episode steps:  334 | Average reward:   212.82 | Step Count: 409647 | Episode Q0:    49.92
Episode: 1566/2000 | Episode reward:   141.71 | Episode steps:  248 | Average reward:   195.21 | Step Count: 409895 | Episode Q0:    49.92
Episode: 1567/2000 | Episode reward:   177.99 | Episode steps:  241 | Average reward:   195.28 | Step Count: 410136 | Episode Q0:    49.92
Episode: 1568/2000 | Episode reward:   198.12 | Episode steps:  290 | Average reward:   190.66 | Step Count: 410426 | Episode Q0:    49.92
Episode: 1569/2000 | Episode reward:   173.94 | Episode steps:  284 | Average reward:   179.06 | Step Count: 410710 | Episode Q0:    49.92
Episode: 1570/2000 | Episode reward:   162.69 | Episode steps:  241 | Average reward:   180.96 | Step Count: 410951 | Episode Q0:    49.92
Episode: 1571/2000 | Episode reward:   249.98 | Episode steps:  434 | Average reward:   187.38 | Step Count: 411385 | Episode Q0:    49.92
Episode: 1572/2000 | Episode reward:   173.65 | Episode steps:  253 | Average reward:   181.81 | Step Count: 411638 | Episode Q0:    49.92
Episode: 1573/2000 | Episode reward:   174.65 | Episode steps:  273 | Average reward:   179.02 | Step Count: 411911 | Episode Q0:    49.92
Episode: 1574/2000 | Episode reward:   335.78 | Episode steps:  500 | Average reward:   198.67 | Step Count: 412411 | Episode Q0:    49.92
Episode: 1575/2000 | Episode reward:   334.50 | Episode steps:  500 | Average reward:   212.30 | Step Count: 412911 | Episode Q0:    49.92
Episode: 1576/2000 | Episode reward:   353.64 | Episode steps:  500 | Average reward:   233.49 | Step Count: 413411 | Episode Q0:    49.92
Episode: 1577/2000 | Episode reward:   189.73 | Episode steps:  290 | Average reward:   234.67 | Step Count: 413701 | Episode Q0:    49.92
Episode: 1578/2000 | Episode reward:   173.51 | Episode steps:  273 | Average reward:   232.21 | Step Count: 413974 | Episode Q0:    49.92
Episode: 1579/2000 | Episode reward:   248.67 | Episode steps:  500 | Average reward:   239.68 | Step Count: 414474 | Episode Q0:    49.92
Episode: 1580/2000 | Episode reward:   155.69 | Episode steps:  286 | Average reward:   238.98 | Step Count: 414760 | Episode Q0:    49.92
Episode: 1581/2000 | Episode reward:   329.70 | Episode steps:  500 | Average reward:   246.95 | Step Count: 415260 | Episode Q0:    49.92
Episode: 1582/2000 | Episode reward:   274.55 | Episode steps:  500 | Average reward:   257.04 | Step Count: 415760 | Episode Q0:    49.92
Episode: 1583/2000 | Episode reward:   168.27 | Episode steps:  251 | Average reward:   256.40 | Step Count: 416011 | Episode Q0:    49.92
Episode: 1584/2000 | Episode reward:   305.76 | Episode steps:  500 | Average reward:   253.40 | Step Count: 416511 | Episode Q0:    49.92
Episode: 1585/2000 | Episode reward:   191.38 | Episode steps:  444 | Average reward:   239.09 | Step Count: 416955 | Episode Q0:    49.92
Episode: 1586/2000 | Episode reward:   228.63 | Episode steps:  492 | Average reward:   226.59 | Step Count: 417447 | Episode Q0:    49.92
Episode: 1587/2000 | Episode reward:   270.23 | Episode steps:  500 | Average reward:   234.64 | Step Count: 417947 | Episode Q0:    49.92
Episode: 1588/2000 | Episode reward:   181.64 | Episode steps:  436 | Average reward:   235.45 | Step Count: 418383 | Episode Q0:    50.82
Episode: 1589/2000 | Episode reward:   134.96 | Episode steps:  264 | Average reward:   224.08 | Step Count: 418647 | Episode Q0:    50.82
Episode: 1590/2000 | Episode reward:   124.57 | Episode steps:  204 | Average reward:   220.97 | Step Count: 418851 | Episode Q0:    50.82
Episode: 1591/2000 | Episode reward:   200.77 | Episode steps:  500 | Average reward:   208.08 | Step Count: 419351 | Episode Q0:    50.82
Episode: 1592/2000 | Episode reward:   240.52 | Episode steps:  341 | Average reward:   204.68 | Step Count: 419692 | Episode Q0:    50.82
Episode: 1593/2000 | Episode reward:   353.36 | Episode steps:  500 | Average reward:   223.18 | Step Count: 420192 | Episode Q0:    50.82
Episode: 1594/2000 | Episode reward:   214.21 | Episode steps:  300 | Average reward:   214.03 | Step Count: 420492 | Episode Q0:    50.82
Episode: 1595/2000 | Episode reward:   156.53 | Episode steps:  240 | Average reward:   210.54 | Step Count: 420732 | Episode Q0:    50.82
Episode: 1596/2000 | Episode reward:   235.06 | Episode steps:  500 | Average reward:   211.19 | Step Count: 421232 | Episode Q0:    50.82
Episode: 1597/2000 | Episode reward:   181.46 | Episode steps:  400 | Average reward:   202.31 | Step Count: 421632 | Episode Q0:    50.82
Episode: 1598/2000 | Episode reward:   156.29 | Episode steps:  231 | Average reward:   199.77 | Step Count: 421863 | Episode Q0:    50.82
Episode: 1599/2000 | Episode reward:   239.13 | Episode steps:  500 | Average reward:   210.19 | Step Count: 422363 | Episode Q0:    50.82
Episode: 1600/2000 | Episode reward:   255.49 | Episode steps:  500 | Average reward:   223.28 | Step Count: 422863 | Episode Q0:    50.82
Episode: 1601/2000 | Episode reward:   361.11 | Episode steps:  500 | Average reward:   239.32 | Step Count: 423363 | Episode Q0:    50.82
Episode: 1602/2000 | Episode reward:   149.96 | Episode steps:  228 | Average reward:   230.26 | Step Count: 423591 | Episode Q0:    50.82
Episode: 1603/2000 | Episode reward:   343.24 | Episode steps:  500 | Average reward:   229.25 | Step Count: 424091 | Episode Q0:    50.82
Episode: 1604/2000 | Episode reward:   245.19 | Episode steps:  321 | Average reward:   232.35 | Step Count: 424412 | Episode Q0:    50.82
Episode: 1605/2000 | Episode reward:   243.98 | Episode steps:  315 | Average reward:   241.09 | Step Count: 424727 | Episode Q0:    50.82
Episode: 1606/2000 | Episode reward:   166.01 | Episode steps:  239 | Average reward:   234.19 | Step Count: 424966 | Episode Q0:    50.82
Episode: 1607/2000 | Episode reward:   125.15 | Episode steps:  194 | Average reward:   228.56 | Step Count: 425160 | Episode Q0:    50.82
Episode: 1608/2000 | Episode reward:   168.89 | Episode steps:  233 | Average reward:   229.81 | Step Count: 425393 | Episode Q0:    50.82
Episode: 1609/2000 | Episode reward:   142.17 | Episode steps:  230 | Average reward:   220.12 | Step Count: 425623 | Episode Q0:    50.82
Episode: 1610/2000 | Episode reward:   202.81 | Episode steps:  401 | Average reward:   214.85 | Step Count: 426024 | Episode Q0:    50.82
Episode: 1611/2000 | Episode reward:   144.53 | Episode steps:  206 | Average reward:   193.19 | Step Count: 426230 | Episode Q0:    50.82
Episode: 1612/2000 | Episode reward:   222.33 | Episode steps:  297 | Average reward:   200.43 | Step Count: 426527 | Episode Q0:    50.82
Episode: 1613/2000 | Episode reward:   129.83 | Episode steps:  214 | Average reward:   179.09 | Step Count: 426741 | Episode Q0:    50.82
Episode: 1614/2000 | Episode reward:   302.53 | Episode steps:  500 | Average reward:   184.82 | Step Count: 427241 | Episode Q0:    50.82
Episode: 1615/2000 | Episode reward:   220.97 | Episode steps:  292 | Average reward:   182.52 | Step Count: 427533 | Episode Q0:    50.82
Episode: 1616/2000 | Episode reward:   334.91 | Episode steps:  465 | Average reward:   199.41 | Step Count: 427998 | Episode Q0:    50.82
Episode: 1617/2000 | Episode reward:   233.42 | Episode steps:  301 | Average reward:   210.24 | Step Count: 428299 | Episode Q0:    51.59
Episode: 1618/2000 | Episode reward:   239.10 | Episode steps:  443 | Average reward:   217.26 | Step Count: 428742 | Episode Q0:    51.59
Episode: 1619/2000 | Episode reward:   171.72 | Episode steps:  248 | Average reward:   220.22 | Step Count: 428990 | Episode Q0:    51.59
Episode: 1620/2000 | Episode reward:   358.05 | Episode steps:  500 | Average reward:   235.74 | Step Count: 429490 | Episode Q0:    51.59
Episode: 1621/2000 | Episode reward:   365.04 | Episode steps:  500 | Average reward:   257.79 | Step Count: 429990 | Episode Q0:    51.59
Episode: 1622/2000 | Episode reward:   144.60 | Episode steps:  202 | Average reward:   250.02 | Step Count: 430192 | Episode Q0:    51.59
Episode: 1623/2000 | Episode reward:   146.21 | Episode steps:  208 | Average reward:   251.66 | Step Count: 430400 | Episode Q0:    51.59
Episode: 1624/2000 | Episode reward:   196.65 | Episode steps:  268 | Average reward:   241.07 | Step Count: 430668 | Episode Q0:    51.59
Episode: 1625/2000 | Episode reward:   218.01 | Episode steps:  298 | Average reward:   240.77 | Step Count: 430966 | Episode Q0:    51.59
Episode: 1626/2000 | Episode reward:   298.07 | Episode steps:  379 | Average reward:   237.09 | Step Count: 431345 | Episode Q0:    51.59
Episode: 1627/2000 | Episode reward:   199.38 | Episode steps:  265 | Average reward:   233.68 | Step Count: 431610 | Episode Q0:    51.59
Episode: 1628/2000 | Episode reward:   194.47 | Episode steps:  262 | Average reward:   229.22 | Step Count: 431872 | Episode Q0:    51.59
Episode: 1629/2000 | Episode reward:   214.28 | Episode steps:  284 | Average reward:   233.48 | Step Count: 432156 | Episode Q0:    51.59
Episode: 1630/2000 | Episode reward:   358.90 | Episode steps:  500 | Average reward:   233.56 | Step Count: 432656 | Episode Q0:    51.59
Episode: 1631/2000 | Episode reward:   173.70 | Episode steps:  270 | Average reward:   214.43 | Step Count: 432926 | Episode Q0:    51.59
Episode: 1632/2000 | Episode reward:   190.87 | Episode steps:  273 | Average reward:   219.05 | Step Count: 433199 | Episode Q0:    51.59
Episode: 1633/2000 | Episode reward:   293.39 | Episode steps:  500 | Average reward:   233.77 | Step Count: 433699 | Episode Q0:    51.59
Episode: 1634/2000 | Episode reward:   207.68 | Episode steps:  500 | Average reward:   234.87 | Step Count: 434199 | Episode Q0:    51.59
Episode: 1635/2000 | Episode reward:   209.87 | Episode steps:  281 | Average reward:   234.06 | Step Count: 434480 | Episode Q0:    51.59
Episode: 1636/2000 | Episode reward:   209.41 | Episode steps:  500 | Average reward:   225.19 | Step Count: 434980 | Episode Q0:    51.59
Episode: 1637/2000 | Episode reward:   179.82 | Episode steps:  500 | Average reward:   223.24 | Step Count: 435480 | Episode Q0:    51.59
Episode: 1638/2000 | Episode reward:   227.82 | Episode steps:  500 | Average reward:   226.57 | Step Count: 435980 | Episode Q0:    51.59
Episode: 1639/2000 | Episode reward:   231.75 | Episode steps:  500 | Average reward:   228.32 | Step Count: 436480 | Episode Q0:    51.59
Episode: 1640/2000 | Episode reward:   214.29 | Episode steps:  500 | Average reward:   213.86 | Step Count: 436980 | Episode Q0:    51.59
Episode: 1641/2000 | Episode reward:   120.79 | Episode steps:  196 | Average reward:   208.57 | Step Count: 437176 | Episode Q0:    51.59
Episode: 1642/2000 | Episode reward:   176.48 | Episode steps:  246 | Average reward:   207.13 | Step Count: 437422 | Episode Q0:    51.59
Episode: 1643/2000 | Episode reward:   227.30 | Episode steps:  500 | Average reward:   200.52 | Step Count: 437922 | Episode Q0:    51.59
Episode: 1644/2000 | Episode reward:   200.50 | Episode steps:  500 | Average reward:   199.80 | Step Count: 438422 | Episode Q0:    52.47
Episode: 1645/2000 | Episode reward:   271.25 | Episode steps:  500 | Average reward:   205.94 | Step Count: 438922 | Episode Q0:    52.47
Episode: 1646/2000 | Episode reward:   231.23 | Episode steps:  500 | Average reward:   208.12 | Step Count: 439422 | Episode Q0:    52.47
Episode: 1647/2000 | Episode reward:   128.64 | Episode steps:  210 | Average reward:   203.00 | Step Count: 439632 | Episode Q0:    52.47
Episode: 1648/2000 | Episode reward:   251.94 | Episode steps:  337 | Average reward:   205.42 | Step Count: 439969 | Episode Q0:    52.47
Episode: 1649/2000 | Episode reward:   240.48 | Episode steps:  500 | Average reward:   206.29 | Step Count: 440469 | Episode Q0:    52.47
Episode: 1650/2000 | Episode reward:   240.91 | Episode steps:  500 | Average reward:   208.95 | Step Count: 440969 | Episode Q0:    52.47
Episode: 1651/2000 | Episode reward:   192.29 | Episode steps:  500 | Average reward:   216.10 | Step Count: 441469 | Episode Q0:    52.47
Episode: 1652/2000 | Episode reward:   225.28 | Episode steps:  319 | Average reward:   220.98 | Step Count: 441788 | Episode Q0:    52.47
Episode: 1653/2000 | Episode reward:   296.22 | Episode steps:  500 | Average reward:   227.87 | Step Count: 442288 | Episode Q0:    52.47
Episode: 1654/2000 | Episode reward:   357.70 | Episode steps:  500 | Average reward:   243.59 | Step Count: 442788 | Episode Q0:    52.47
Episode: 1655/2000 | Episode reward:   155.04 | Episode steps:  226 | Average reward:   231.97 | Step Count: 443014 | Episode Q0:    52.47
Episode: 1656/2000 | Episode reward:   269.48 | Episode steps:  500 | Average reward:   235.80 | Step Count: 443514 | Episode Q0:    52.47
Episode: 1657/2000 | Episode reward:   202.63 | Episode steps:  275 | Average reward:   243.20 | Step Count: 443789 | Episode Q0:    52.47
Episode: 1658/2000 | Episode reward:   188.72 | Episode steps:  266 | Average reward:   236.87 | Step Count: 444055 | Episode Q0:    52.47
Episode: 1659/2000 | Episode reward:   205.22 | Episode steps:  291 | Average reward:   233.35 | Step Count: 444346 | Episode Q0:    52.47
Episode: 1660/2000 | Episode reward:   297.05 | Episode steps:  500 | Average reward:   238.96 | Step Count: 444846 | Episode Q0:    52.47
Episode: 1661/2000 | Episode reward:   255.06 | Episode steps:  500 | Average reward:   245.24 | Step Count: 445346 | Episode Q0:    52.47
Episode: 1662/2000 | Episode reward:   267.59 | Episode steps:  500 | Average reward:   249.47 | Step Count: 445846 | Episode Q0:    52.47
Episode: 1663/2000 | Episode reward:   235.80 | Episode steps:  500 | Average reward:   243.43 | Step Count: 446346 | Episode Q0:    52.47
Episode: 1664/2000 | Episode reward:   200.15 | Episode steps:  500 | Average reward:   227.67 | Step Count: 446846 | Episode Q0:    52.47
Episode: 1665/2000 | Episode reward:   160.89 | Episode steps:  229 | Average reward:   228.26 | Step Count: 447075 | Episode Q0:    52.47
Episode: 1666/2000 | Episode reward:   166.50 | Episode steps:  240 | Average reward:   217.96 | Step Count: 447315 | Episode Q0:    52.47
Episode: 1667/2000 | Episode reward:   206.71 | Episode steps:  500 | Average reward:   218.37 | Step Count: 447815 | Episode Q0:    52.47
Episode: 1668/2000 | Episode reward:   269.69 | Episode steps:  500 | Average reward:   226.47 | Step Count: 448315 | Episode Q0:    52.47
Episode: 1669/2000 | Episode reward:   229.70 | Episode steps:  500 | Average reward:   228.92 | Step Count: 448815 | Episode Q0:    52.73
Episode: 1670/2000 | Episode reward:   275.59 | Episode steps:  500 | Average reward:   226.77 | Step Count: 449315 | Episode Q0:    52.73
Episode: 1671/2000 | Episode reward:   256.80 | Episode steps:  500 | Average reward:   226.94 | Step Count: 449815 | Episode Q0:    52.73
Episode: 1672/2000 | Episode reward:   329.74 | Episode steps:  500 | Average reward:   233.16 | Step Count: 450315 | Episode Q0:    52.73
Episode: 1673/2000 | Episode reward:   260.42 | Episode steps:  500 | Average reward:   235.62 | Step Count: 450815 | Episode Q0:    52.73
Episode: 1674/2000 | Episode reward:   235.31 | Episode steps:  500 | Average reward:   239.14 | Step Count: 451315 | Episode Q0:    52.73
Episode: 1675/2000 | Episode reward:   263.70 | Episode steps:  500 | Average reward:   249.42 | Step Count: 451815 | Episode Q0:    52.73
Episode: 1676/2000 | Episode reward:   267.65 | Episode steps:  500 | Average reward:   259.53 | Step Count: 452315 | Episode Q0:    52.73
Episode: 1677/2000 | Episode reward:   275.55 | Episode steps:  500 | Average reward:   266.42 | Step Count: 452815 | Episode Q0:    52.73
Episode: 1678/2000 | Episode reward:   275.61 | Episode steps:  500 | Average reward:   267.01 | Step Count: 453315 | Episode Q0:    52.73
Episode: 1679/2000 | Episode reward:   186.05 | Episode steps:  263 | Average reward:   262.64 | Step Count: 453578 | Episode Q0:    52.73
Episode: 1680/2000 | Episode reward:   127.06 | Episode steps:  205 | Average reward:   247.79 | Step Count: 453783 | Episode Q0:    52.73
Episode: 1681/2000 | Episode reward:   309.52 | Episode steps:  500 | Average reward:   253.06 | Step Count: 454283 | Episode Q0:    52.73
Episode: 1682/2000 | Episode reward:   332.92 | Episode steps:  500 | Average reward:   253.38 | Step Count: 454783 | Episode Q0:    52.73
Episode: 1683/2000 | Episode reward:   258.55 | Episode steps:  500 | Average reward:   253.19 | Step Count: 455283 | Episode Q0:    52.73
Episode: 1684/2000 | Episode reward:   289.47 | Episode steps:  500 | Average reward:   258.61 | Step Count: 455783 | Episode Q0:    52.73
Episode: 1685/2000 | Episode reward:   254.17 | Episode steps:  500 | Average reward:   257.66 | Step Count: 456283 | Episode Q0:    52.73
Episode: 1686/2000 | Episode reward:   246.65 | Episode steps:  500 | Average reward:   255.55 | Step Count: 456783 | Episode Q0:    52.73
Episode: 1687/2000 | Episode reward:   226.79 | Episode steps:  500 | Average reward:   250.68 | Step Count: 457283 | Episode Q0:    52.73
Episode: 1688/2000 | Episode reward:   247.77 | Episode steps:  500 | Average reward:   247.89 | Step Count: 457783 | Episode Q0:    52.73
Episode: 1689/2000 | Episode reward:   128.11 | Episode steps:  204 | Average reward:   242.10 | Step Count: 457987 | Episode Q0:    52.73
Episode: 1690/2000 | Episode reward:   195.77 | Episode steps:  500 | Average reward:   248.97 | Step Count: 458487 | Episode Q0:    52.73
Episode: 1691/2000 | Episode reward:   226.54 | Episode steps:  500 | Average reward:   240.67 | Step Count: 458987 | Episode Q0:    52.73
Episode: 1692/2000 | Episode reward:   260.71 | Episode steps:  500 | Average reward:   233.45 | Step Count: 459487 | Episode Q0:    52.73
Episode: 1693/2000 | Episode reward:   227.79 | Episode steps:  500 | Average reward:   230.38 | Step Count: 459987 | Episode Q0:    52.73
Episode: 1694/2000 | Episode reward:   271.01 | Episode steps:  486 | Average reward:   228.53 | Step Count: 460473 | Episode Q0:    53.91
Episode: 1695/2000 | Episode reward:   218.30 | Episode steps:  500 | Average reward:   224.94 | Step Count: 460973 | Episode Q0:    53.91
Episode: 1696/2000 | Episode reward:   244.54 | Episode steps:  500 | Average reward:   224.73 | Step Count: 461473 | Episode Q0:    53.91
Episode: 1697/2000 | Episode reward:   211.31 | Episode steps:  500 | Average reward:   223.19 | Step Count: 461973 | Episode Q0:    53.91
Episode: 1698/2000 | Episode reward:   219.83 | Episode steps:  500 | Average reward:   220.39 | Step Count: 462473 | Episode Q0:    53.91
Episode: 1699/2000 | Episode reward:   232.83 | Episode steps:  500 | Average reward:   230.86 | Step Count: 462973 | Episode Q0:    53.91
Episode: 1700/2000 | Episode reward:   346.79 | Episode steps:  500 | Average reward:   245.96 | Step Count: 463473 | Episode Q0:    53.91
Episode: 1701/2000 | Episode reward:   332.82 | Episode steps:  500 | Average reward:   256.59 | Step Count: 463973 | Episode Q0:    53.91
Episode: 1702/2000 | Episode reward:   273.88 | Episode steps:  500 | Average reward:   257.91 | Step Count: 464473 | Episode Q0:    53.91
Episode: 1703/2000 | Episode reward:   180.95 | Episode steps:  500 | Average reward:   253.23 | Step Count: 464973 | Episode Q0:    53.91
Episode: 1704/2000 | Episode reward:   255.89 | Episode steps:  500 | Average reward:   251.71 | Step Count: 465473 | Episode Q0:    53.91
Episode: 1705/2000 | Episode reward:   211.25 | Episode steps:  500 | Average reward:   251.01 | Step Count: 465973 | Episode Q0:    53.91
Episode: 1706/2000 | Episode reward:   294.51 | Episode steps:  500 | Average reward:   256.01 | Step Count: 466473 | Episode Q0:    53.91
Episode: 1707/2000 | Episode reward:   231.66 | Episode steps:  500 | Average reward:   258.04 | Step Count: 466973 | Episode Q0:    53.91
Episode: 1708/2000 | Episode reward:   256.14 | Episode steps:  464 | Average reward:   261.67 | Step Count: 467437 | Episode Q0:    53.91
Episode: 1709/2000 | Episode reward:   177.30 | Episode steps:  500 | Average reward:   256.12 | Step Count: 467937 | Episode Q0:    53.91
Episode: 1710/2000 | Episode reward:   228.64 | Episode steps:  500 | Average reward:   244.30 | Step Count: 468437 | Episode Q0:    53.91
Episode: 1711/2000 | Episode reward:   360.66 | Episode steps:  500 | Average reward:   247.09 | Step Count: 468937 | Episode Q0:    53.91
Episode: 1712/2000 | Episode reward:   250.94 | Episode steps:  500 | Average reward:   244.79 | Step Count: 469437 | Episode Q0:    53.91
Episode: 1713/2000 | Episode reward:   242.95 | Episode steps:  361 | Average reward:   250.99 | Step Count: 469798 | Episode Q0:    53.91
Episode: 1714/2000 | Episode reward:   233.26 | Episode steps:  500 | Average reward:   248.73 | Step Count: 470298 | Episode Q0:    53.91
Episode: 1715/2000 | Episode reward:   222.84 | Episode steps:  302 | Average reward:   249.89 | Step Count: 470600 | Episode Q0:    53.91
Episode: 1716/2000 | Episode reward:   300.70 | Episode steps:  500 | Average reward:   250.51 | Step Count: 471100 | Episode Q0:    53.91
Episode: 1717/2000 | Episode reward:   278.80 | Episode steps:  500 | Average reward:   255.22 | Step Count: 471600 | Episode Q0:    53.91
Episode: 1718/2000 | Episode reward:   182.18 | Episode steps:  500 | Average reward:   247.83 | Step Count: 472100 | Episode Q0:    53.91
Episode: 1719/2000 | Episode reward:   244.18 | Episode steps:  500 | Average reward:   254.52 | Step Count: 472600 | Episode Q0:    54.13
Episode: 1720/2000 | Episode reward:   183.00 | Episode steps:  500 | Average reward:   249.95 | Step Count: 473100 | Episode Q0:    54.13
Episode: 1721/2000 | Episode reward:   182.57 | Episode steps:  500 | Average reward:   232.14 | Step Count: 473600 | Episode Q0:    54.13
Episode: 1722/2000 | Episode reward:   190.59 | Episode steps:  265 | Average reward:   226.11 | Step Count: 473865 | Episode Q0:    54.13
Episode: 1723/2000 | Episode reward:   274.17 | Episode steps:  500 | Average reward:   229.23 | Step Count: 474365 | Episode Q0:    54.13
Episode: 1724/2000 | Episode reward:   173.88 | Episode steps:  500 | Average reward:   223.29 | Step Count: 474865 | Episode Q0:    54.13
Episode: 1725/2000 | Episode reward:   157.04 | Episode steps:  500 | Average reward:   216.71 | Step Count: 475365 | Episode Q0:    54.13
Episode: 1726/2000 | Episode reward:   141.68 | Episode steps:  500 | Average reward:   200.81 | Step Count: 475865 | Episode Q0:    54.13
Episode: 1727/2000 | Episode reward:   386.26 | Episode steps:  500 | Average reward:   211.56 | Step Count: 476365 | Episode Q0:    54.13
Episode: 1728/2000 | Episode reward:   333.05 | Episode steps:  500 | Average reward:   226.64 | Step Count: 476865 | Episode Q0:    54.13
Episode: 1729/2000 | Episode reward:   270.86 | Episode steps:  500 | Average reward:   229.31 | Step Count: 477365 | Episode Q0:    54.13
Episode: 1730/2000 | Episode reward:   263.38 | Episode steps:  500 | Average reward:   237.35 | Step Count: 477865 | Episode Q0:    54.13
Episode: 1731/2000 | Episode reward:   269.34 | Episode steps:  500 | Average reward:   246.03 | Step Count: 478365 | Episode Q0:    54.13
Episode: 1732/2000 | Episode reward:   177.54 | Episode steps:  500 | Average reward:   244.72 | Step Count: 478865 | Episode Q0:    54.13
Episode: 1733/2000 | Episode reward:   340.17 | Episode steps:  500 | Average reward:   251.32 | Step Count: 479365 | Episode Q0:    54.13
Episode: 1734/2000 | Episode reward:   136.72 | Episode steps:  196 | Average reward:   247.60 | Step Count: 479561 | Episode Q0:    54.13
Episode: 1735/2000 | Episode reward:   169.66 | Episode steps:  250 | Average reward:   248.87 | Step Count: 479811 | Episode Q0:    54.13
Episode: 1736/2000 | Episode reward:   312.87 | Episode steps:  500 | Average reward:   265.98 | Step Count: 480311 | Episode Q0:    54.13
Episode: 1737/2000 | Episode reward:   247.53 | Episode steps:  500 | Average reward:   252.11 | Step Count: 480811 | Episode Q0:    54.13
Episode: 1738/2000 | Episode reward:   144.90 | Episode steps:  215 | Average reward:   233.30 | Step Count: 481026 | Episode Q0:    54.13
Episode: 1739/2000 | Episode reward:   208.05 | Episode steps:  500 | Average reward:   227.02 | Step Count: 481526 | Episode Q0:    54.13
Episode: 1740/2000 | Episode reward:   300.84 | Episode steps:  489 | Average reward:   230.76 | Step Count: 482015 | Episode Q0:    54.13
Episode: 1741/2000 | Episode reward:   284.50 | Episode steps:  485 | Average reward:   232.28 | Step Count: 482500 | Episode Q0:    54.13
Episode: 1742/2000 | Episode reward:   145.38 | Episode steps:  205 | Average reward:   229.06 | Step Count: 482705 | Episode Q0:    54.13
Episode: 1743/2000 | Episode reward:   185.91 | Episode steps:  483 | Average reward:   213.64 | Step Count: 483188 | Episode Q0:    54.13
Episode: 1744/2000 | Episode reward:   123.91 | Episode steps:  205 | Average reward:   212.36 | Step Count: 483393 | Episode Q0:    54.13
Episode: 1745/2000 | Episode reward:   178.61 | Episode steps:  472 | Average reward:   213.25 | Step Count: 483865 | Episode Q0:    54.13
Episode: 1746/2000 | Episode reward:   190.79 | Episode steps:  269 | Average reward:   201.04 | Step Count: 484134 | Episode Q0:    54.13
Episode: 1747/2000 | Episode reward:   215.96 | Episode steps:  292 | Average reward:   197.89 | Step Count: 484426 | Episode Q0:    54.13
Episode: 1748/2000 | Episode reward:   201.49 | Episode steps:  276 | Average reward:   203.54 | Step Count: 484702 | Episode Q0:    54.13
Episode: 1749/2000 | Episode reward:   180.74 | Episode steps:  500 | Average reward:   200.81 | Step Count: 485202 | Episode Q0:    55.14
Episode: 1750/2000 | Episode reward:   257.56 | Episode steps:  500 | Average reward:   196.49 | Step Count: 485702 | Episode Q0:    55.14
Episode: 1751/2000 | Episode reward:   253.84 | Episode steps:  440 | Average reward:   193.42 | Step Count: 486142 | Episode Q0:    55.14
Episode: 1752/2000 | Episode reward:   210.41 | Episode steps:  500 | Average reward:   199.92 | Step Count: 486642 | Episode Q0:    55.14
Episode: 1753/2000 | Episode reward:   282.98 | Episode steps:  490 | Average reward:   209.63 | Step Count: 487132 | Episode Q0:    55.14
Episode: 1754/2000 | Episode reward:   341.53 | Episode steps:  500 | Average reward:   231.39 | Step Count: 487632 | Episode Q0:    55.14
Episode: 1755/2000 | Episode reward:   130.62 | Episode steps:  459 | Average reward:   226.59 | Step Count: 488091 | Episode Q0:    55.14
Episode: 1756/2000 | Episode reward:   142.33 | Episode steps:  206 | Average reward:   221.75 | Step Count: 488297 | Episode Q0:    55.14
Episode: 1757/2000 | Episode reward:   302.99 | Episode steps:  500 | Average reward:   230.45 | Step Count: 488797 | Episode Q0:    55.14
Episode: 1758/2000 | Episode reward:   345.07 | Episode steps:  500 | Average reward:   244.81 | Step Count: 489297 | Episode Q0:    55.14
Episode: 1759/2000 | Episode reward:   130.60 | Episode steps:  218 | Average reward:   239.79 | Step Count: 489515 | Episode Q0:    55.14
Episode: 1760/2000 | Episode reward:   192.13 | Episode steps:  368 | Average reward:   233.25 | Step Count: 489883 | Episode Q0:    55.14
Episode: 1761/2000 | Episode reward:   158.29 | Episode steps:  230 | Average reward:   223.70 | Step Count: 490113 | Episode Q0:    55.14
Episode: 1762/2000 | Episode reward:   224.61 | Episode steps:  305 | Average reward:   225.12 | Step Count: 490418 | Episode Q0:    55.14
Episode: 1763/2000 | Episode reward:   261.01 | Episode steps:  500 | Average reward:   222.92 | Step Count: 490918 | Episode Q0:    55.14
Episode: 1764/2000 | Episode reward:   190.78 | Episode steps:  253 | Average reward:   207.84 | Step Count: 491171 | Episode Q0:    55.14
Episode: 1765/2000 | Episode reward:   165.30 | Episode steps:  227 | Average reward:   211.31 | Step Count: 491398 | Episode Q0:    55.14
Episode: 1766/2000 | Episode reward:   279.41 | Episode steps:  340 | Average reward:   225.02 | Step Count: 491738 | Episode Q0:    55.14
Episode: 1767/2000 | Episode reward:   187.06 | Episode steps:  246 | Average reward:   213.43 | Step Count: 491984 | Episode Q0:    55.14
Episode: 1768/2000 | Episode reward:   449.59 | Episode steps:  500 | Average reward:   223.88 | Step Count: 492484 | Episode Q0:    55.14
Episode: 1769/2000 | Episode reward:   220.82 | Episode steps:  282 | Average reward:   232.90 | Step Count: 492766 | Episode Q0:    55.14
Episode: 1770/2000 | Episode reward:   142.01 | Episode steps:  193 | Average reward:   227.89 | Step Count: 492959 | Episode Q0:    55.14
Episode: 1771/2000 | Episode reward:   154.62 | Episode steps:  217 | Average reward:   227.52 | Step Count: 493176 | Episode Q0:    55.14
Episode: 1772/2000 | Episode reward:   455.32 | Episode steps:  500 | Average reward:   250.59 | Step Count: 493676 | Episode Q0:    55.14
Episode: 1773/2000 | Episode reward:   255.25 | Episode steps:  495 | Average reward:   250.02 | Step Count: 494171 | Episode Q0:    55.14
Episode: 1774/2000 | Episode reward:   283.58 | Episode steps:  464 | Average reward:   259.30 | Step Count: 494635 | Episode Q0:    55.14
Episode: 1775/2000 | Episode reward:   263.32 | Episode steps:  439 | Average reward:   269.10 | Step Count: 495074 | Episode Q0:    55.14
Episode: 1776/2000 | Episode reward:   219.31 | Episode steps:  312 | Average reward:   263.09 | Step Count: 495386 | Episode Q0:    55.14
Episode: 1777/2000 | Episode reward:   412.51 | Episode steps:  496 | Average reward:   285.63 | Step Count: 495882 | Episode Q0:    55.14
Episode: 1778/2000 | Episode reward:   142.72 | Episode steps:  197 | Average reward:   254.95 | Step Count: 496079 | Episode Q0:    55.14
Episode: 1779/2000 | Episode reward:   250.48 | Episode steps:  304 | Average reward:   257.91 | Step Count: 496383 | Episode Q0:    55.14
Episode: 1780/2000 | Episode reward:   210.29 | Episode steps:  291 | Average reward:   264.74 | Step Count: 496674 | Episode Q0:    55.63
Episode: 1781/2000 | Episode reward:   223.93 | Episode steps:  298 | Average reward:   271.67 | Step Count: 496972 | Episode Q0:    55.63
Episode: 1782/2000 | Episode reward:   232.46 | Episode steps:  423 | Average reward:   249.38 | Step Count: 497395 | Episode Q0:    55.63
Episode: 1783/2000 | Episode reward:   218.25 | Episode steps:  399 | Average reward:   245.69 | Step Count: 497794 | Episode Q0:    55.63
Episode: 1784/2000 | Episode reward:   195.53 | Episode steps:  266 | Average reward:   236.88 | Step Count: 498060 | Episode Q0:    55.63
Episode: 1785/2000 | Episode reward:   330.11 | Episode steps:  500 | Average reward:   243.56 | Step Count: 498560 | Episode Q0:    55.63
Episode: 1786/2000 | Episode reward:   134.76 | Episode steps:  184 | Average reward:   235.10 | Step Count: 498744 | Episode Q0:    55.63
Episode: 1787/2000 | Episode reward:   218.63 | Episode steps:  273 | Average reward:   215.72 | Step Count: 499017 | Episode Q0:    55.63
Episode: 1788/2000 | Episode reward:   162.23 | Episode steps:  220 | Average reward:   217.67 | Step Count: 499237 | Episode Q0:    55.63
Episode: 1789/2000 | Episode reward:   185.27 | Episode steps:  257 | Average reward:   211.15 | Step Count: 499494 | Episode Q0:    55.63
Episode: 1790/2000 | Episode reward:   151.84 | Episode steps:  208 | Average reward:   205.30 | Step Count: 499702 | Episode Q0:    55.63
Episode: 1791/2000 | Episode reward:   211.76 | Episode steps:  265 | Average reward:   204.08 | Step Count: 499967 | Episode Q0:    55.63
Episode: 1792/2000 | Episode reward:   203.97 | Episode steps:  397 | Average reward:   201.24 | Step Count: 500364 | Episode Q0:    55.63
Episode: 1793/2000 | Episode reward:   356.11 | Episode steps:  500 | Average reward:   215.02 | Step Count: 500864 | Episode Q0:    55.63
Episode: 1794/2000 | Episode reward:   154.08 | Episode steps:  239 | Average reward:   210.88 | Step Count: 501103 | Episode Q0:    55.63
Episode: 1795/2000 | Episode reward:   106.02 | Episode steps:  201 | Average reward:   188.47 | Step Count: 501304 | Episode Q0:    55.63
Episode: 1796/2000 | Episode reward:   348.68 | Episode steps:  500 | Average reward:   209.86 | Step Count: 501804 | Episode Q0:    55.63
Episode: 1797/2000 | Episode reward:   313.96 | Episode steps:  385 | Average reward:   219.39 | Step Count: 502189 | Episode Q0:    55.63
Episode: 1798/2000 | Episode reward:   239.27 | Episode steps:  500 | Average reward:   227.09 | Step Count: 502689 | Episode Q0:    55.63
Episode: 1799/2000 | Episode reward:   231.90 | Episode steps:  500 | Average reward:   231.76 | Step Count: 503189 | Episode Q0:    55.63
Episode: 1800/2000 | Episode reward:   288.52 | Episode steps:  500 | Average reward:   245.43 | Step Count: 503689 | Episode Q0:    55.63
Episode: 1801/2000 | Episode reward:   300.73 | Episode steps:  500 | Average reward:   254.32 | Step Count: 504189 | Episode Q0:    55.63
Episode: 1802/2000 | Episode reward:   135.46 | Episode steps:  230 | Average reward:   247.47 | Step Count: 504419 | Episode Q0:    55.63
Episode: 1803/2000 | Episode reward:   268.30 | Episode steps:  500 | Average reward:   238.69 | Step Count: 504919 | Episode Q0:    55.63
Episode: 1804/2000 | Episode reward:   300.86 | Episode steps:  500 | Average reward:   253.37 | Step Count: 505419 | Episode Q0:    55.63
Episode: 1805/2000 | Episode reward:   210.76 | Episode steps:  500 | Average reward:   263.84 | Step Count: 505919 | Episode Q0:    55.63
Episode: 1806/2000 | Episode reward:   260.12 | Episode steps:  500 | Average reward:   254.99 | Step Count: 506419 | Episode Q0:    56.39
Episode: 1807/2000 | Episode reward:   195.49 | Episode steps:  273 | Average reward:   243.14 | Step Count: 506692 | Episode Q0:    56.39
Episode: 1808/2000 | Episode reward:   445.77 | Episode steps:  500 | Average reward:   263.79 | Step Count: 507192 | Episode Q0:    56.39
Episode: 1809/2000 | Episode reward:   244.32 | Episode steps:  500 | Average reward:   265.03 | Step Count: 507692 | Episode Q0:    56.39
Episode: 1810/2000 | Episode reward:   256.45 | Episode steps:  500 | Average reward:   261.83 | Step Count: 508192 | Episode Q0:    56.39
Episode: 1811/2000 | Episode reward:   382.00 | Episode steps:  538 | Average reward:   269.95 | Step Count: 508730 | Episode Q0:    56.39
Episode: 1812/2000 | Episode reward:   265.04 | Episode steps:  500 | Average reward:   282.91 | Step Count: 509230 | Episode Q0:    56.39
Episode: 1813/2000 | Episode reward:   278.47 | Episode steps:  500 | Average reward:   283.93 | Step Count: 509730 | Episode Q0:    56.39
Episode: 1814/2000 | Episode reward:   207.61 | Episode steps:  500 | Average reward:   274.60 | Step Count: 510230 | Episode Q0:    56.39
Episode: 1815/2000 | Episode reward:   366.54 | Episode steps:  500 | Average reward:   290.18 | Step Count: 510730 | Episode Q0:    56.39
Episode: 1816/2000 | Episode reward:   328.85 | Episode steps:  500 | Average reward:   297.05 | Step Count: 511230 | Episode Q0:    56.39
Episode: 1817/2000 | Episode reward:   275.75 | Episode steps:  500 | Average reward:   305.08 | Step Count: 511730 | Episode Q0:    56.39
Episode: 1818/2000 | Episode reward:   266.87 | Episode steps:  500 | Average reward:   287.19 | Step Count: 512230 | Episode Q0:    56.39
Episode: 1819/2000 | Episode reward:   318.33 | Episode steps:  500 | Average reward:   294.59 | Step Count: 512730 | Episode Q0:    56.39
Episode: 1820/2000 | Episode reward:   201.53 | Episode steps:  279 | Average reward:   289.10 | Step Count: 513009 | Episode Q0:    56.39
Episode: 1821/2000 | Episode reward:   191.10 | Episode steps:  264 | Average reward:   270.01 | Step Count: 513273 | Episode Q0:    56.39
Episode: 1822/2000 | Episode reward:   292.05 | Episode steps:  500 | Average reward:   272.71 | Step Count: 513773 | Episode Q0:    56.39
Episode: 1823/2000 | Episode reward:   312.71 | Episode steps:  500 | Average reward:   276.13 | Step Count: 514273 | Episode Q0:    56.39
Episode: 1824/2000 | Episode reward:   283.20 | Episode steps:  500 | Average reward:   283.69 | Step Count: 514773 | Episode Q0:    56.39
Episode: 1825/2000 | Episode reward:   279.16 | Episode steps:  423 | Average reward:   274.95 | Step Count: 515196 | Episode Q0:    56.39
Episode: 1826/2000 | Episode reward:   278.06 | Episode steps:  500 | Average reward:   269.87 | Step Count: 515696 | Episode Q0:    56.39
Episode: 1827/2000 | Episode reward:   258.75 | Episode steps:  500 | Average reward:   268.18 | Step Count: 516196 | Episode Q0:    56.39
Episode: 1828/2000 | Episode reward:   257.25 | Episode steps:  500 | Average reward:   267.21 | Step Count: 516696 | Episode Q0:    56.39
Episode: 1829/2000 | Episode reward:   206.21 | Episode steps:  500 | Average reward:   256.00 | Step Count: 517196 | Episode Q0:    56.39
Episode: 1830/2000 | Episode reward:   248.93 | Episode steps:  500 | Average reward:   260.74 | Step Count: 517696 | Episode Q0:    56.39
Episode: 1831/2000 | Episode reward:   180.59 | Episode steps:  334 | Average reward:   259.69 | Step Count: 518030 | Episode Q0:    56.39
Episode: 1832/2000 | Episode reward:   257.13 | Episode steps:  500 | Average reward:   256.20 | Step Count: 518530 | Episode Q0:    57.35
Episode: 1833/2000 | Episode reward:   258.33 | Episode steps:  500 | Average reward:   250.76 | Step Count: 519030 | Episode Q0:    57.35
Episode: 1834/2000 | Episode reward:   221.87 | Episode steps:  500 | Average reward:   244.63 | Step Count: 519530 | Episode Q0:    57.35
Episode: 1835/2000 | Episode reward:   346.27 | Episode steps:  500 | Average reward:   251.34 | Step Count: 520030 | Episode Q0:    57.35
Episode: 1836/2000 | Episode reward:   336.98 | Episode steps:  500 | Average reward:   257.23 | Step Count: 520530 | Episode Q0:    57.35
Episode: 1837/2000 | Episode reward:   348.03 | Episode steps:  500 | Average reward:   266.16 | Step Count: 521030 | Episode Q0:    57.35
Episode: 1838/2000 | Episode reward:   328.37 | Episode steps:  500 | Average reward:   273.27 | Step Count: 521530 | Episode Q0:    57.35
Episode: 1839/2000 | Episode reward:   293.26 | Episode steps:  427 | Average reward:   281.98 | Step Count: 521957 | Episode Q0:    57.35
Episode: 1840/2000 | Episode reward:   321.57 | Episode steps:  500 | Average reward:   289.24 | Step Count: 522457 | Episode Q0:    57.35
Episode: 1841/2000 | Episode reward:   284.47 | Episode steps:  500 | Average reward:   299.63 | Step Count: 522957 | Episode Q0:    57.35
Episode: 1842/2000 | Episode reward:   274.30 | Episode steps:  500 | Average reward:   301.35 | Step Count: 523457 | Episode Q0:    57.35
Episode: 1843/2000 | Episode reward:   332.74 | Episode steps:  500 | Average reward:   308.79 | Step Count: 523957 | Episode Q0:    57.35
Episode: 1844/2000 | Episode reward:   231.12 | Episode steps:  500 | Average reward:   309.71 | Step Count: 524457 | Episode Q0:    57.35
Episode: 1845/2000 | Episode reward:   265.91 | Episode steps:  500 | Average reward:   301.68 | Step Count: 524957 | Episode Q0:    57.35
Episode: 1846/2000 | Episode reward:   206.99 | Episode steps:  500 | Average reward:   288.68 | Step Count: 525457 | Episode Q0:    57.35
Episode: 1847/2000 | Episode reward:   360.90 | Episode steps:  500 | Average reward:   289.96 | Step Count: 525957 | Episode Q0:    57.35
Episode: 1848/2000 | Episode reward:   211.78 | Episode steps:  339 | Average reward:   278.31 | Step Count: 526296 | Episode Q0:    57.35
Episode: 1849/2000 | Episode reward:   256.23 | Episode steps:  500 | Average reward:   274.60 | Step Count: 526796 | Episode Q0:    57.35
Episode: 1850/2000 | Episode reward:   247.44 | Episode steps:  500 | Average reward:   267.19 | Step Count: 527296 | Episode Q0:    57.35
Episode: 1851/2000 | Episode reward:   348.47 | Episode steps:  500 | Average reward:   273.59 | Step Count: 527796 | Episode Q0:    57.35
Episode: 1852/2000 | Episode reward:   342.63 | Episode steps:  500 | Average reward:   280.42 | Step Count: 528296 | Episode Q0:    57.35
Episode: 1853/2000 | Episode reward:   330.79 | Episode steps:  500 | Average reward:   280.23 | Step Count: 528796 | Episode Q0:    57.35
Episode: 1854/2000 | Episode reward:   351.34 | Episode steps:  500 | Average reward:   292.25 | Step Count: 529296 | Episode Q0:    57.35
Episode: 1855/2000 | Episode reward:   298.46 | Episode steps:  500 | Average reward:   295.50 | Step Count: 529796 | Episode Q0:    57.35
Episode: 1856/2000 | Episode reward:   335.84 | Episode steps:  500 | Average reward:   308.39 | Step Count: 530296 | Episode Q0:    57.35
Episode: 1857/2000 | Episode reward:   283.43 | Episode steps:  500 | Average reward:   300.64 | Step Count: 530796 | Episode Q0:    57.35
Episode: 1858/2000 | Episode reward:   253.33 | Episode steps:  500 | Average reward:   304.79 | Step Count: 531296 | Episode Q0:    57.81
Episode: 1859/2000 | Episode reward:   239.59 | Episode steps:  500 | Average reward:   303.13 | Step Count: 531796 | Episode Q0:    57.81
Episode: 1860/2000 | Episode reward:   311.04 | Episode steps:  500 | Average reward:   309.49 | Step Count: 532296 | Episode Q0:    57.81
Episode: 1861/2000 | Episode reward:   267.84 | Episode steps:  500 | Average reward:   301.43 | Step Count: 532796 | Episode Q0:    57.81
Episode: 1862/2000 | Episode reward:   329.79 | Episode steps:  500 | Average reward:   300.14 | Step Count: 533296 | Episode Q0:    57.81
Episode: 1863/2000 | Episode reward:   263.51 | Episode steps:  500 | Average reward:   293.42 | Step Count: 533796 | Episode Q0:    57.81
Episode: 1864/2000 | Episode reward:   344.30 | Episode steps:  500 | Average reward:   292.71 | Step Count: 534296 | Episode Q0:    57.81
Episode: 1865/2000 | Episode reward:   168.07 | Episode steps:  245 | Average reward:   279.67 | Step Count: 534541 | Episode Q0:    57.81
Episode: 1866/2000 | Episode reward:   269.21 | Episode steps:  500 | Average reward:   273.01 | Step Count: 535041 | Episode Q0:    57.81
Episode: 1867/2000 | Episode reward:   148.15 | Episode steps:  263 | Average reward:   259.48 | Step Count: 535304 | Episode Q0:    57.81
Episode: 1868/2000 | Episode reward:   269.41 | Episode steps:  500 | Average reward:   261.09 | Step Count: 535804 | Episode Q0:    57.81
Episode: 1869/2000 | Episode reward:   263.62 | Episode steps:  482 | Average reward:   263.49 | Step Count: 536286 | Episode Q0:    57.81
Episode: 1870/2000 | Episode reward:   305.38 | Episode steps:  500 | Average reward:   262.93 | Step Count: 536786 | Episode Q0:    57.81
Episode: 1871/2000 | Episode reward:   281.93 | Episode steps:  500 | Average reward:   264.34 | Step Count: 537286 | Episode Q0:    57.81
Episode: 1872/2000 | Episode reward:   266.61 | Episode steps:  500 | Average reward:   258.02 | Step Count: 537786 | Episode Q0:    57.81
Episode: 1873/2000 | Episode reward:   252.81 | Episode steps:  500 | Average reward:   256.95 | Step Count: 538286 | Episode Q0:    57.81
Episode: 1874/2000 | Episode reward:   259.43 | Episode steps:  500 | Average reward:   248.46 | Step Count: 538786 | Episode Q0:    57.81
Episode: 1875/2000 | Episode reward:   231.52 | Episode steps:  500 | Average reward:   254.81 | Step Count: 539286 | Episode Q0:    57.81
Episode: 1876/2000 | Episode reward:   185.85 | Episode steps:  285 | Average reward:   246.47 | Step Count: 539571 | Episode Q0:    57.81
Episode: 1877/2000 | Episode reward:   273.01 | Episode steps:  500 | Average reward:   258.96 | Step Count: 540071 | Episode Q0:    58.61
Episode: 1878/2000 | Episode reward:   365.99 | Episode steps:  500 | Average reward:   268.61 | Step Count: 540571 | Episode Q0:    58.61
Episode: 1879/2000 | Episode reward:   218.35 | Episode steps:  500 | Average reward:   264.09 | Step Count: 541071 | Episode Q0:    58.61
Episode: 1880/2000 | Episode reward:   304.47 | Episode steps:  500 | Average reward:   264.00 | Step Count: 541571 | Episode Q0:    58.61
Episode: 1881/2000 | Episode reward:   320.81 | Episode steps:  500 | Average reward:   267.88 | Step Count: 542071 | Episode Q0:    58.61
Episode: 1882/2000 | Episode reward:   263.71 | Episode steps:  500 | Average reward:   267.59 | Step Count: 542571 | Episode Q0:    58.61
Episode: 1883/2000 | Episode reward:   354.80 | Episode steps:  500 | Average reward:   277.79 | Step Count: 543071 | Episode Q0:    58.61
Episode: 1884/2000 | Episode reward:   332.97 | Episode steps:  500 | Average reward:   285.15 | Step Count: 543571 | Episode Q0:    58.61
Episode: 1885/2000 | Episode reward:   201.11 | Episode steps:  500 | Average reward:   282.11 | Step Count: 544071 | Episode Q0:    58.61
Episode: 1886/2000 | Episode reward:   250.98 | Episode steps:  500 | Average reward:   288.62 | Step Count: 544571 | Episode Q0:    58.61
Episode: 1887/2000 | Episode reward:   363.91 | Episode steps:  500 | Average reward:   297.71 | Step Count: 545071 | Episode Q0:    58.61
Episode: 1888/2000 | Episode reward:   281.30 | Episode steps:  500 | Average reward:   289.24 | Step Count: 545571 | Episode Q0:    58.61
Episode: 1889/2000 | Episode reward:   347.97 | Episode steps:  500 | Average reward:   302.20 | Step Count: 546071 | Episode Q0:    58.61
Episode: 1890/2000 | Episode reward:   303.86 | Episode steps:  500 | Average reward:   302.14 | Step Count: 546571 | Episode Q0:    58.61
Episode: 1891/2000 | Episode reward:   265.01 | Episode steps:  500 | Average reward:   296.56 | Step Count: 547071 | Episode Q0:    58.61
Episode: 1892/2000 | Episode reward:   226.84 | Episode steps:  500 | Average reward:   292.87 | Step Count: 547571 | Episode Q0:    58.61
Episode: 1893/2000 | Episode reward:   363.88 | Episode steps:  500 | Average reward:   293.78 | Step Count: 548071 | Episode Q0:    58.61
Episode: 1894/2000 | Episode reward:   249.36 | Episode steps:  500 | Average reward:   285.42 | Step Count: 548571 | Episode Q0:    58.61
Episode: 1895/2000 | Episode reward:   276.70 | Episode steps:  500 | Average reward:   292.98 | Step Count: 549071 | Episode Q0:    58.61
Episode: 1896/2000 | Episode reward:   259.50 | Episode steps:  472 | Average reward:   293.83 | Step Count: 549543 | Episode Q0:    58.61
Episode: 1897/2000 | Episode reward:   284.03 | Episode steps:  500 | Average reward:   285.85 | Step Count: 550043 | Episode Q0:    58.61
Episode: 1898/2000 | Episode reward:   165.87 | Episode steps:  230 | Average reward:   274.30 | Step Count: 550273 | Episode Q0:    58.61
Episode: 1899/2000 | Episode reward:   253.92 | Episode steps:  500 | Average reward:   264.90 | Step Count: 550773 | Episode Q0:    58.61
Episode: 1900/2000 | Episode reward:   395.73 | Episode steps:  500 | Average reward:   274.08 | Step Count: 551273 | Episode Q0:    58.61
Episode: 1901/2000 | Episode reward:   266.40 | Episode steps:  500 | Average reward:   274.22 | Step Count: 551773 | Episode Q0:    58.61
Episode: 1902/2000 | Episode reward:   271.30 | Episode steps:  500 | Average reward:   278.67 | Step Count: 552273 | Episode Q0:    58.85
Episode: 1903/2000 | Episode reward:   263.95 | Episode steps:  500 | Average reward:   268.67 | Step Count: 552773 | Episode Q0:    58.85
Episode: 1904/2000 | Episode reward:   354.58 | Episode steps:  500 | Average reward:   279.20 | Step Count: 553273 | Episode Q0:    58.85
Episode: 1905/2000 | Episode reward:   242.36 | Episode steps:  500 | Average reward:   275.76 | Step Count: 553773 | Episode Q0:    58.85
Episode: 1906/2000 | Episode reward:   287.85 | Episode steps:  500 | Average reward:   278.60 | Step Count: 554273 | Episode Q0:    58.85
Episode: 1907/2000 | Episode reward:   271.13 | Episode steps:  500 | Average reward:   277.31 | Step Count: 554773 | Episode Q0:    58.85
Episode: 1908/2000 | Episode reward:   260.58 | Episode steps:  500 | Average reward:   286.78 | Step Count: 555273 | Episode Q0:    58.85
Episode: 1909/2000 | Episode reward:   343.89 | Episode steps:  500 | Average reward:   295.78 | Step Count: 555773 | Episode Q0:    58.85
Episode: 1910/2000 | Episode reward:   367.85 | Episode steps:  500 | Average reward:   292.99 | Step Count: 556273 | Episode Q0:    58.85
Episode: 1911/2000 | Episode reward:   278.55 | Episode steps:  500 | Average reward:   294.20 | Step Count: 556773 | Episode Q0:    58.85
Episode: 1912/2000 | Episode reward:   182.02 | Episode steps:  500 | Average reward:   285.27 | Step Count: 557273 | Episode Q0:    58.85
Episode: 1913/2000 | Episode reward:   266.02 | Episode steps:  500 | Average reward:   285.48 | Step Count: 557773 | Episode Q0:    58.85
Episode: 1914/2000 | Episode reward:   218.80 | Episode steps:  500 | Average reward:   271.90 | Step Count: 558273 | Episode Q0:    58.85
Episode: 1915/2000 | Episode reward:   221.70 | Episode steps:  500 | Average reward:   269.84 | Step Count: 558773 | Episode Q0:    58.85
Episode: 1916/2000 | Episode reward:   271.64 | Episode steps:  500 | Average reward:   268.22 | Step Count: 559273 | Episode Q0:    58.85
Episode: 1917/2000 | Episode reward:   219.13 | Episode steps:  500 | Average reward:   263.02 | Step Count: 559773 | Episode Q0:    58.85
Episode: 1918/2000 | Episode reward:   293.42 | Episode steps:  500 | Average reward:   266.30 | Step Count: 560273 | Episode Q0:    58.85
Episode: 1919/2000 | Episode reward:   260.64 | Episode steps:  500 | Average reward:   257.98 | Step Count: 560773 | Episode Q0:    58.85
Episode: 1920/2000 | Episode reward:   270.29 | Episode steps:  500 | Average reward:   248.22 | Step Count: 561273 | Episode Q0:    58.85
Episode: 1921/2000 | Episode reward:   216.09 | Episode steps:  500 | Average reward:   241.97 | Step Count: 561773 | Episode Q0:    59.49
Episode: 1922/2000 | Episode reward:   304.89 | Episode steps:  500 | Average reward:   254.26 | Step Count: 562273 | Episode Q0:    59.49
Episode: 1923/2000 | Episode reward:   275.26 | Episode steps:  500 | Average reward:   255.18 | Step Count: 562773 | Episode Q0:    59.49
Episode: 1924/2000 | Episode reward:   263.78 | Episode steps:  500 | Average reward:   259.68 | Step Count: 563273 | Episode Q0:    59.49
Episode: 1925/2000 | Episode reward:   272.50 | Episode steps:  500 | Average reward:   264.76 | Step Count: 563773 | Episode Q0:    59.49
Episode: 1926/2000 | Episode reward:   313.95 | Episode steps:  500 | Average reward:   268.99 | Step Count: 564273 | Episode Q0:    59.49
Episode: 1927/2000 | Episode reward:   334.71 | Episode steps:  500 | Average reward:   280.55 | Step Count: 564773 | Episode Q0:    59.49
Episode: 1928/2000 | Episode reward:   231.88 | Episode steps:  500 | Average reward:   274.40 | Step Count: 565273 | Episode Q0:    59.49
Episode: 1929/2000 | Episode reward:   334.18 | Episode steps:  500 | Average reward:   281.75 | Step Count: 565773 | Episode Q0:    59.49
Episode: 1930/2000 | Episode reward:   213.62 | Episode steps:  500 | Average reward:   276.09 | Step Count: 566273 | Episode Q0:    59.49
Episode: 1931/2000 | Episode reward:   254.51 | Episode steps:  500 | Average reward:   279.93 | Step Count: 566773 | Episode Q0:    59.49
Episode: 1932/2000 | Episode reward:   245.94 | Episode steps:  500 | Average reward:   274.03 | Step Count: 567273 | Episode Q0:    59.49
Episode: 1933/2000 | Episode reward:   244.38 | Episode steps:  500 | Average reward:   270.94 | Step Count: 567773 | Episode Q0:    59.49
Episode: 1934/2000 | Episode reward:   271.65 | Episode steps:  500 | Average reward:   271.73 | Step Count: 568273 | Episode Q0:    59.49
Episode: 1935/2000 | Episode reward:   242.23 | Episode steps:  500 | Average reward:   268.70 | Step Count: 568773 | Episode Q0:    59.49
Episode: 1936/2000 | Episode reward:   241.30 | Episode steps:  500 | Average reward:   261.44 | Step Count: 569273 | Episode Q0:    59.49
Episode: 1937/2000 | Episode reward:   344.36 | Episode steps:  500 | Average reward:   262.40 | Step Count: 569773 | Episode Q0:    59.49
Episode: 1938/2000 | Episode reward:   326.56 | Episode steps:  500 | Average reward:   271.87 | Step Count: 570273 | Episode Q0:    59.49
Episode: 1939/2000 | Episode reward:   230.63 | Episode steps:  500 | Average reward:   261.52 | Step Count: 570773 | Episode Q0:    59.49
Episode: 1940/2000 | Episode reward:   227.30 | Episode steps:  500 | Average reward:   262.89 | Step Count: 571273 | Episode Q0:    59.49
Episode: 1941/2000 | Episode reward:   276.97 | Episode steps:  500 | Average reward:   265.13 | Step Count: 571773 | Episode Q0:    59.49
Episode: 1942/2000 | Episode reward:   239.02 | Episode steps:  500 | Average reward:   264.44 | Step Count: 572273 | Episode Q0:    59.49
Episode: 1943/2000 | Episode reward:   333.60 | Episode steps:  500 | Average reward:   273.36 | Step Count: 572773 | Episode Q0:    59.49
Episode: 1944/2000 | Episode reward:   231.60 | Episode steps:  500 | Average reward:   269.36 | Step Count: 573273 | Episode Q0:    59.49
Episode: 1945/2000 | Episode reward:   247.78 | Episode steps:  500 | Average reward:   269.91 | Step Count: 573773 | Episode Q0:    59.49
Episode: 1946/2000 | Episode reward:   328.59 | Episode steps:  500 | Average reward:   278.64 | Step Count: 574273 | Episode Q0:    60.73
Episode: 1947/2000 | Episode reward:   300.15 | Episode steps:  500 | Average reward:   274.22 | Step Count: 574773 | Episode Q0:    60.73
Episode: 1948/2000 | Episode reward:   313.31 | Episode steps:  500 | Average reward:   272.90 | Step Count: 575273 | Episode Q0:    60.73
Episode: 1949/2000 | Episode reward:   150.28 | Episode steps:  272 | Average reward:   264.86 | Step Count: 575545 | Episode Q0:    60.73
Episode: 1950/2000 | Episode reward:   256.34 | Episode steps:  457 | Average reward:   267.76 | Step Count: 576002 | Episode Q0:    60.73
Episode: 1951/2000 | Episode reward:   277.50 | Episode steps:  500 | Average reward:   267.82 | Step Count: 576502 | Episode Q0:    60.73
Episode: 1952/2000 | Episode reward:   273.91 | Episode steps:  500 | Average reward:   271.31 | Step Count: 577002 | Episode Q0:    60.73
Episode: 1953/2000 | Episode reward:   307.48 | Episode steps:  500 | Average reward:   268.69 | Step Count: 577502 | Episode Q0:    60.73
Episode: 1954/2000 | Episode reward:   251.76 | Episode steps:  435 | Average reward:   270.71 | Step Count: 577937 | Episode Q0:    60.73
Episode: 1955/2000 | Episode reward:   290.81 | Episode steps:  500 | Average reward:   275.01 | Step Count: 578437 | Episode Q0:    60.73
Episode: 1956/2000 | Episode reward:   257.66 | Episode steps:  500 | Average reward:   267.92 | Step Count: 578937 | Episode Q0:    60.73
Episode: 1957/2000 | Episode reward:   311.71 | Episode steps:  500 | Average reward:   269.08 | Step Count: 579437 | Episode Q0:    60.73
Episode: 1958/2000 | Episode reward:   271.31 | Episode steps:  500 | Average reward:   264.88 | Step Count: 579937 | Episode Q0:    60.73
Episode: 1959/2000 | Episode reward:   215.08 | Episode steps:  429 | Average reward:   271.36 | Step Count: 580366 | Episode Q0:    60.73
Episode: 1960/2000 | Episode reward:   348.47 | Episode steps:  500 | Average reward:   280.57 | Step Count: 580866 | Episode Q0:    60.73
Episode: 1961/2000 | Episode reward:   355.20 | Episode steps:  500 | Average reward:   288.34 | Step Count: 581366 | Episode Q0:    60.73
Episode: 1962/2000 | Episode reward:   263.09 | Episode steps:  500 | Average reward:   287.26 | Step Count: 581866 | Episode Q0:    60.73
Episode: 1963/2000 | Episode reward:   354.41 | Episode steps:  500 | Average reward:   291.95 | Step Count: 582366 | Episode Q0:    60.73
Episode: 1964/2000 | Episode reward:   217.24 | Episode steps:  439 | Average reward:   288.50 | Step Count: 582805 | Episode Q0:    60.73
Episode: 1965/2000 | Episode reward:   219.23 | Episode steps:  419 | Average reward:   281.34 | Step Count: 583224 | Episode Q0:    60.73
Episode: 1966/2000 | Episode reward:   259.06 | Episode steps:  500 | Average reward:   281.48 | Step Count: 583724 | Episode Q0:    60.73
Episode: 1967/2000 | Episode reward:   181.99 | Episode steps:  262 | Average reward:   268.51 | Step Count: 583986 | Episode Q0:    60.93
Episode: 1968/2000 | Episode reward:   222.89 | Episode steps:  500 | Average reward:   263.67 | Step Count: 584486 | Episode Q0:    60.93
Episode: 1969/2000 | Episode reward:   160.11 | Episode steps:  252 | Average reward:   258.17 | Step Count: 584738 | Episode Q0:    60.93
Episode: 1970/2000 | Episode reward:   273.41 | Episode steps:  461 | Average reward:   250.66 | Step Count: 585199 | Episode Q0:    60.93
Episode: 1971/2000 | Episode reward:   269.93 | Episode steps:  500 | Average reward:   242.13 | Step Count: 585699 | Episode Q0:    60.93
Episode: 1972/2000 | Episode reward:   330.10 | Episode steps:  500 | Average reward:   248.83 | Step Count: 586199 | Episode Q0:    60.93
Episode: 1973/2000 | Episode reward:   262.41 | Episode steps:  500 | Average reward:   239.63 | Step Count: 586699 | Episode Q0:    60.93
Episode: 1974/2000 | Episode reward:   332.82 | Episode steps:  500 | Average reward:   251.19 | Step Count: 587199 | Episode Q0:    60.93
Episode: 1975/2000 | Episode reward:   229.24 | Episode steps:  322 | Average reward:   252.19 | Step Count: 587521 | Episode Q0:    60.93
Episode: 1976/2000 | Episode reward:   164.99 | Episode steps:  233 | Average reward:   242.79 | Step Count: 587754 | Episode Q0:    60.93
Episode: 1977/2000 | Episode reward:   319.52 | Episode steps:  500 | Average reward:   256.54 | Step Count: 588254 | Episode Q0:    60.93
Episode: 1978/2000 | Episode reward:   348.05 | Episode steps:  500 | Average reward:   269.06 | Step Count: 588754 | Episode Q0:    60.93
Episode: 1979/2000 | Episode reward:   194.30 | Episode steps:  500 | Average reward:   272.48 | Step Count: 589254 | Episode Q0:    60.93
Episode: 1980/2000 | Episode reward:   331.66 | Episode steps:  500 | Average reward:   278.30 | Step Count: 589754 | Episode Q0:    60.93
Episode: 1981/2000 | Episode reward:   244.97 | Episode steps:  500 | Average reward:   275.81 | Step Count: 590254 | Episode Q0:    60.93
Episode: 1982/2000 | Episode reward:   273.08 | Episode steps:  500 | Average reward:   270.10 | Step Count: 590754 | Episode Q0:    60.93
Episode: 1983/2000 | Episode reward:   183.07 | Episode steps:  261 | Average reward:   262.17 | Step Count: 591015 | Episode Q0:    60.93
Episode: 1984/2000 | Episode reward:   348.56 | Episode steps:  500 | Average reward:   263.74 | Step Count: 591515 | Episode Q0:    60.93
Episode: 1985/2000 | Episode reward:   190.23 | Episode steps:  500 | Average reward:   259.84 | Step Count: 592015 | Episode Q0:    60.93
Episode: 1986/2000 | Episode reward:   337.69 | Episode steps:  500 | Average reward:   277.11 | Step Count: 592515 | Episode Q0:    60.93
Episode: 1987/2000 | Episode reward:   227.68 | Episode steps:  316 | Average reward:   267.93 | Step Count: 592831 | Episode Q0:    60.93
Episode: 1988/2000 | Episode reward:   304.16 | Episode steps:  395 | Average reward:   263.54 | Step Count: 593226 | Episode Q0:    60.93
Episode: 1989/2000 | Episode reward:   232.99 | Episode steps:  500 | Average reward:   267.41 | Step Count: 593726 | Episode Q0:    60.93
Episode: 1990/2000 | Episode reward:   149.45 | Episode steps:  207 | Average reward:   249.19 | Step Count: 593933 | Episode Q0:    62.11
Episode: 1991/2000 | Episode reward:   315.73 | Episode steps:  500 | Average reward:   256.26 | Step Count: 594433 | Episode Q0:    62.11
Episode: 1992/2000 | Episode reward:   222.60 | Episode steps:  309 | Average reward:   251.22 | Step Count: 594742 | Episode Q0:    62.11
Episode: 1993/2000 | Episode reward:   393.36 | Episode steps:  500 | Average reward:   272.25 | Step Count: 595242 | Episode Q0:    62.11
Episode: 1994/2000 | Episode reward:   155.22 | Episode steps:  447 | Average reward:   252.91 | Step Count: 595689 | Episode Q0:    62.11
Episode: 1995/2000 | Episode reward:   148.84 | Episode steps:  202 | Average reward:   248.77 | Step Count: 595891 | Episode Q0:    62.11
Episode: 1996/2000 | Episode reward:   222.11 | Episode steps:  295 | Average reward:   237.21 | Step Count: 596186 | Episode Q0:    62.11
Episode: 1997/2000 | Episode reward:   283.55 | Episode steps:  500 | Average reward:   242.80 | Step Count: 596686 | Episode Q0:    62.11
Episode: 1998/2000 | Episode reward:   200.56 | Episode steps:  284 | Average reward:   232.44 | Step Count: 596970 | Episode Q0:    62.11
Episode: 1999/2000 | Episode reward:   126.98 | Episode steps:  181 | Average reward:   221.84 | Step Count: 597151 | Episode Q0:    62.11
Episode: 2000/2000 | Episode reward:   329.62 | Episode steps:  500 | Average reward:   239.86 | Step Count: 597651 | Episode Q0:    62.11

Running short fixed evaluation (7 cases)...
Finished evaluating case: 2
Finished evaluating case: 1
Finished evaluating case: 6
Finished evaluating case: 3
Finished evaluating case: 5
Finished evaluating case: 4
Finished evaluating case: 7

Running full fixed evaluation (297 cases)...
Finished evaluating case: 5
Finished evaluating case: 2
Finished evaluating case: 4
Finished evaluating case: 9
Finished evaluating case: 6
Finished evaluating case: 7
Finished evaluating case: 3
Finished evaluating case: 76
Finished evaluating case: 64
Finished evaluating case: 34
Finished evaluating case: 52
Finished evaluating case: 58
Finished evaluating case: 46
Finished evaluating case: 40
Finished evaluating case: 1
Finished evaluating case: 10
Finished evaluating case: 22
Finished evaluating case: 75
Finished evaluating case: 19
Finished evaluating case: 57
Finished evaluating case: 63
Finished evaluating case: 51
Finished evaluating case: 39
Finished evaluating case: 8
Finished evaluating case: 33
Finished evaluating case: 13
Finished evaluating case: 15
Finished evaluating case: 16
Finished evaluating case: 11
Finished evaluating case: 20
Finished evaluating case: 14
Finished evaluating case: 18
Finished evaluating case: 45
Finished evaluating case: 12
Finished evaluating case: 17
Finished evaluating case: 21
Finished evaluating case: 74
Finished evaluating case: 82
Finished evaluating case: 56
Finished evaluating case: 28
Finished evaluating case: 62
Finished evaluating case: 50
Finished evaluating case: 73
Finished evaluating case: 154
Finished evaluating case: 38
Finished evaluating case: 136
Finished evaluating case: 70
Finished evaluating case: 32
Finished evaluating case: 44
Finished evaluating case: 88
Finished evaluating case: 100
Finished evaluating case: 112
Finished evaluating case: 142
Finished evaluating case: 106
Finished evaluating case: 130
Finished evaluating case: 94
Finished evaluating case: 118
Finished evaluating case: 124
Finished evaluating case: 148
Finished evaluating case: 55
Finished evaluating case: 72
Finished evaluating case: 81
Finished evaluating case: 61
Finished evaluating case: 69
Finished evaluating case: 49
Finished evaluating case: 27
Finished evaluating case: 37
Finished evaluating case: 31
Finished evaluating case: 43
Finished evaluating case: 129
Finished evaluating case: 54
Finished evaluating case: 71
Finished evaluating case: 153
Finished evaluating case: 60
Finished evaluating case: 135
Finished evaluating case: 141
Finished evaluating case: 48
Finished evaluating case: 147
Finished evaluating case: 68
Finished evaluating case: 87
Finished evaluating case: 99
Finished evaluating case: 111
Finished evaluating case: 93
Finished evaluating case: 105
Finished evaluating case: 117
Finished evaluating case: 123
Finished evaluating case: 30
Finished evaluating case: 42
Finished evaluating case: 80
Finished evaluating case: 59
Finished evaluating case: 47
Finished evaluating case: 36
Finished evaluating case: 26
Finished evaluating case: 53
Finished evaluating case: 128
Finished evaluating case: 166
Finished evaluating case: 152
Finished evaluating case: 67
Finished evaluating case: 134
Finished evaluating case: 79
Finished evaluating case: 146
Finished evaluating case: 140
Finished evaluating case: 86
Finished evaluating case: 29
Finished evaluating case: 98
Finished evaluating case: 110
Finished evaluating case: 92
Finished evaluating case: 104
Finished evaluating case: 116
Finished evaluating case: 122
Finished evaluating case: 41
Finished evaluating case: 25
Finished evaluating case: 66
Finished evaluating case: 172
Finished evaluating case: 157
Finished evaluating case: 35
Finished evaluating case: 78
Finished evaluating case: 169
Finished evaluating case: 165
Finished evaluating case: 85
Finished evaluating case: 127
Finished evaluating case: 91
Finished evaluating case: 65
Finished evaluating case: 151
Finished evaluating case: 133
Finished evaluating case: 139
Finished evaluating case: 145
Finished evaluating case: 160
Finished evaluating case: 163
Finished evaluating case: 97
Finished evaluating case: 109
Finished evaluating case: 121
Finished evaluating case: 115
Finished evaluating case: 103
Finished evaluating case: 24
Finished evaluating case: 156
Finished evaluating case: 171
Finished evaluating case: 77
Finished evaluating case: 175
Finished evaluating case: 138
Finished evaluating case: 168
Finished evaluating case: 164
Finished evaluating case: 84
Finished evaluating case: 150
Finished evaluating case: 126
Finished evaluating case: 190
Finished evaluating case: 90
Finished evaluating case: 132
Finished evaluating case: 144
Finished evaluating case: 159
Finished evaluating case: 162
Finished evaluating case: 96
Finished evaluating case: 108
Finished evaluating case: 114
Finished evaluating case: 120
Finished evaluating case: 23
Finished evaluating case: 155
Finished evaluating case: 102
Finished evaluating case: 181
Finished evaluating case: 170
Finished evaluating case: 174
Finished evaluating case: 222
Finished evaluating case: 137
Finished evaluating case: 167
Finished evaluating case: 189
Finished evaluating case: 83
Finished evaluating case: 149
Finished evaluating case: 125
Finished evaluating case: 89
Finished evaluating case: 131
Finished evaluating case: 143
Finished evaluating case: 226
Finished evaluating case: 158
Finished evaluating case: 224
Finished evaluating case: 205
Finished evaluating case: 161
Finished evaluating case: 95
Finished evaluating case: 113
Finished evaluating case: 107
Finished evaluating case: 119
Finished evaluating case: 178
Finished evaluating case: 101
Finished evaluating case: 221
Finished evaluating case: 180
Finished evaluating case: 202
Finished evaluating case: 173
Finished evaluating case: 211
Finished evaluating case: 214
Finished evaluating case: 204
Finished evaluating case: 228
Finished evaluating case: 220
Finished evaluating case: 188
Finished evaluating case: 184
Finished evaluating case: 223
Finished evaluating case: 225
Finished evaluating case: 199
Finished evaluating case: 230
Finished evaluating case: 208
Finished evaluating case: 217
Finished evaluating case: 232
Finished evaluating case: 187
Finished evaluating case: 196
Finished evaluating case: 193
Finished evaluating case: 201
Finished evaluating case: 177
Finished evaluating case: 210
Finished evaluating case: 240
Finished evaluating case: 179
Finished evaluating case: 213
Finished evaluating case: 207
Finished evaluating case: 234
Finished evaluating case: 227
Finished evaluating case: 219
Finished evaluating case: 203
Finished evaluating case: 242
Finished evaluating case: 229
Finished evaluating case: 216
Finished evaluating case: 236
Finished evaluating case: 183
Finished evaluating case: 200
Finished evaluating case: 246
Finished evaluating case: 206
Finished evaluating case: 198
Finished evaluating case: 231
Finished evaluating case: 209
Finished evaluating case: 186
Finished evaluating case: 212
Finished evaluating case: 238
Finished evaluating case: 239
Finished evaluating case: 195
Finished evaluating case: 192
Finished evaluating case: 176
Finished evaluating case: 233
Finished evaluating case: 250
Finished evaluating case: 248
Finished evaluating case: 270
Finished evaluating case: 218
Finished evaluating case: 241
Finished evaluating case: 215
Finished evaluating case: 235
Finished evaluating case: 264
Finished evaluating case: 271
Finished evaluating case: 256
Finished evaluating case: 182
Finished evaluating case: 265
Finished evaluating case: 252
Finished evaluating case: 245
Finished evaluating case: 197
Finished evaluating case: 281
Finished evaluating case: 275
Finished evaluating case: 185
Finished evaluating case: 258
Finished evaluating case: 269
Finished evaluating case: 237
Finished evaluating case: 244
Finished evaluating case: 262
Finished evaluating case: 247
Finished evaluating case: 194
Finished evaluating case: 191
Finished evaluating case: 285
Finished evaluating case: 263
Finished evaluating case: 272
Finished evaluating case: 249
Finished evaluating case: 254
Finished evaluating case: 288
Finished evaluating case: 267
Finished evaluating case: 274
Finished evaluating case: 276
Finished evaluating case: 290
Finished evaluating case: 273
Finished evaluating case: 257
Finished evaluating case: 261
Finished evaluating case: 278
Finished evaluating case: 260
Finished evaluating case: 251
Finished evaluating case: 279
Finished evaluating case: 266
Finished evaluating case: 255
Finished evaluating case: 282
Finished evaluating case: 286
Finished evaluating case: 297
Finished evaluating case: 291
Finished evaluating case: 277
Finished evaluating case: 296
Finished evaluating case: 268
Finished evaluating case: 243
Finished evaluating case: 284
Finished evaluating case: 292
Finished evaluating case: 253
Finished evaluating case: 293
Finished evaluating case: 289
Finished evaluating case: 283
Finished evaluating case: 295
Finished evaluating case: 259
Finished evaluating case: 287
Finished evaluating case: 280
Finished evaluating case: 294
