Episode,EpisodeReward,EpisodeSteps,AverageReward,StepCount,EpisodeQ0
1,16.5610201914452,38,16.5610201914452,38,-0.1489038169384
2,19.0204784375212,42,17.7907493144832,80,-0.1489038169384
3,6.1097638880797,78,13.897087505682,158,-0.1489038169384
4,14.4331130204168,81,14.0310938843657,239,-0.1489038169384
5,17.8778666323194,74,14.8004484339565,313,-0.1489038169384
6,22.1810151446916,93,16.0305428857457,406,-0.1489038169384
7,53.6038739122387,119,21.3981616038161,525,-0.1489038169384
8,17.4059599715434,44,20.899136399782,569,-0.1489038169384
9,19.125845846255,77,20.7021041160568,646,-0.1489038169384
10,18.8522545122177,41,20.5171191556729,687,-0.1489038169384
11,24.4436769250476,53,21.3053848290331,740,-0.1489038169384
12,21.0782985023319,81,21.5111668355142,821,-0.1489038169384
13,29.4714618802474,59,23.8473366347309,880,-0.1489038169384
14,21.231165192633,52,24.5271418519526,932,-0.1489038169384
15,29.0121775678935,97,25.64057294551,1029,-0.1489038169384
16,14.293605417124,36,24.8518319727532,1065,-0.1489038169384
17,17.7527328461329,43,21.2667178661426,1108,-0.1489038169384
18,16.617845124927,81,21.187906381481,1189,-0.1489038169384
19,27.4322654832564,88,22.0185483451811,1277,-0.1489038169384
20,15.0759693318286,40,21.6409198271422,1317,-0.1489038169384
21,16.1894792828594,45,20.8155000629234,1362,-0.1489038169384
22,18.9355112696696,47,20.6012213396572,1409,-0.1489038169384
23,20.7866299211488,110,19.7327381437473,1519,-0.1489038169384
24,10.5510890345609,79,18.6647305279401,1598,-0.1489038169384
25,11.2503705535511,78,16.8885498265059,1676,-0.1489038169384
26,15.220247698349,81,16.9812140546284,1757,-0.1489038169384
27,18.928120579827,41,17.0987528279978,1798,-0.1489038169384
28,23.0645784299206,93,17.7434261584972,1891,-0.1489038169384
29,43.1369067598834,109,19.3138902861599,2000,-0.1489038169384
30,15.0041720777422,38,19.3067105607512,2038,-0.1489038169384
31,-4.3550531796275,73,17.2522573145025,2111,-0.1489038169384
32,16.6911092724555,44,17.0278171147811,2155,-0.1489038169384
33,15.2154282214456,88,16.4706969448108,2243,-0.1489038169384
34,15.5788331990149,80,16.9734713612562,2323,-0.1489038169384
35,21.6008576320005,43,18.0085200691011,2366,-0.1489038169384
36,63.0953693426888,118,22.7960322335351,2484,-0.1489038169384
37,17.3611156281677,47,22.6393317383692,2531,-0.1489038169384
38,10.5814452901503,79,21.3910184243922,2610,-0.1489038169384
39,14.5502870947714,44,18.532356457881,2654,-0.1489038169384
40,15.2572205039765,91,18.5576613005044,2745,-0.1489038169384
41,17.4688135152103,91,20.7400479699882,2836,-0.1489038169384
42,21.0715394808796,45,21.1780909908306,2881,-0.1489038169384
43,24.6012241808534,47,22.1166705867714,2928,-0.1489038169384
44,-0.794029346901958,73,20.4793843321797,3001,-0.1489038169384
45,35.0114649152657,108,21.8204450605062,3109,-0.1489038169384
46,31.068201989825,93,18.6177283252198,3202,-0.1489038169384
47,18.3841302595143,89,18.7200297883545,3291,-0.1489038169384
48,8.35652598217057,72,18.4975378575565,3363,-0.1489038169384
49,29.8860026183375,101,20.0311094099131,3464,-0.1489038169384
50,24.1091233227148,86,20.9162996917869,3550,-0.1489038169384
51,8.27244971741574,90,19.9966633120075,3640,-0.1489038169384
52,15.7427581655767,41,19.4637851804772,3681,-0.1489038169384
53,24.4619639572811,50,19.4498591581199,3731,-0.1489038169384
54,21.5093472955914,80,21.6801968223693,3811,0.214846506714821
55,1.79319979303953,84,18.3583703101467,3895,0.214846506714821
56,4.45133143206668,76,15.6966832543708,3971,0.214846506714821
57,16.0520105836299,87,15.4634712867824,4058,0.214846506714821
58,34.2199122661096,107,18.0498099151763,4165,0.214846506714821
59,30.5036589351908,58,18.1115755468616,4223,0.214846506714821
60,10.2186927610882,36,16.722532490699,4259,0.214846506714821
61,20.5050918317061,95,17.945796702128,4354,0.214846506714821
62,17.5269779516861,44,18.124218680739,4398,0.214846506714821
63,41.8400838769599,64,19.8620306727068,4462,0.214846506714821
64,13.3675856031068,82,19.0478545034584,4544,0.214846506714821
65,14.2431125941844,78,20.2928457835729,4622,0.214846506714821
66,19.4159161087688,83,21.7893042512431,4705,0.214846506714821
67,0.397987375737697,71,20.2239019304538,4776,0.214846506714821
68,0.792978594515843,70,16.8812085632945,4846,0.214846506714821
69,2.44575538431106,73,14.0754182082065,4919,0.214846506714821
70,18.8753376095,88,14.9410826930477,5007,0.214846506714821
71,-0.0208507963199134,76,12.8884884302451,5083,0.214846506714821
72,5.87741183020429,77,11.7235318180969,5160,0.214846506714821
73,21.2912235714975,86,9.66864578755065,5246,0.214846506714821
74,-2.11646844367467,75,8.1202403828725,5321,0.214846506714821
75,-4.3306052847502,69,6.26286859497903,5390,0.214846506714821
76,22.3160568129046,43,6.55288266539262,5433,0.214846506714821
77,9.07484966896596,78,7.42056889471545,5511,0.214846506714821
78,-7.71876889995368,64,6.56939414526849,5575,0.214846506714821
79,-7.91389650606593,63,5.5334289562308,5638,0.214846506714821
80,25.4853358373859,53,6.19442877901939,5691,0.214846506714821
81,-2.42442468189873,75,5.95407139046151,5766,0.214846506714821
82,28.1968901207514,57,8.18601921951622,5823,0.214846506714821
83,28.1416362989537,56,8.87106049226184,5879,0.214846506714821
84,18.6325483041885,88,10.9459621670482,5967,0.214846506714821
85,39.8879698220338,112,15.3678196777266,6079,0.214846506714821
86,14.7801938205158,37,14.6142333784877,6116,0.214846506714821
87,4.84106162744237,71,14.1908545743353,6187,0.214846506714821
88,9.8388639413953,79,15.9466178584702,6266,0.214846506714821
89,-5.35479512290853,68,16.2025279967859,6334,0.214846506714821
90,9.39945615389617,78,14.593940028437,6412,0.214846506714821
91,3.66913605610015,75,15.2032961022369,6487,0.526203155517578
92,-7.45628513710203,60,11.6379785764515,6547,0.526203155517578
93,0.777806935890681,72,8.90159564014522,6619,0.526203155517578
94,0.856293375669095,72,7.12397014729328,6691,0.526203155517578
95,11.99849545839,84,4.33502271092889,6775,0.526203155517578
96,34.6948853375895,55,6.32649186263627,6830,0.526203155517578
97,0.144121922863018,63,5.85679789217833,6893,0.526203155517578
98,-7.91336867519789,71,4.08157463051901,6964,0.526203155517578
99,-7.92250940798548,66,3.82480320201132,7030,0.526203155517578
100,0.159531494486207,70,2.90081073607032,7100,0.526203155517578
101,-5.86381236065341,63,1.94751589439496,7163,0.526203155517578
102,-2.16157111782452,68,2.47698729632272,7231,0.526203155517578
103,-2.41866975651393,70,2.15733962708225,7301,0.526203155517578
104,-2.88232216842809,72,1.78347807267254,7373,0.526203155517578
105,8.43191602267507,82,1.42682012910104,7455,0.526203155517578
106,-5.00570140730334,68,-2.54323854538824,7523,0.526203155517578
107,-16.2899527790034,65,-4.18664601557488,7588,0.526203155517578
108,-2.63183579167067,69,-3.65849272722216,7657,0.526203155517578
109,-10.1090202483577,65,-3.87714381125938,7722,0.526203155517578
110,3.58163568797681,69,-3.53493339191032,7791,0.526203155517578
111,-5.71627579393225,82,-3.5201797352382,7873,0.526203155517578
112,-7.16801683799631,65,-4.02082430725538,7938,0.526203155517578
113,5.50776192845152,78,-3.22818113875884,8016,0.526203155517578
114,-0.888160677763878,78,-3.02876498969242,8094,0.526203155517578
115,8.74240719654241,83,-2.99771587230568,8177,0.526203155517578
116,3.50328397798299,72,-2.14681733377705,8249,0.526203155517578
117,-8.50578038715416,69,-1.36840009459212,8318,0.526203155517578
118,-4.67524307475891,68,-1.57274082290095,8386,0.526203155517578
119,7.67821107145036,87,0.205982309079859,8473,0.526203155517578
120,2.27428859546286,83,0.075247599828463,8556,0.526203155517578
121,-1.6145379542279,74,0.485421383798899,8630,0.526203155517578
122,-4.17075878971938,63,0.785147188626592,8693,0.526203155517578
123,2.77682802524324,71,0.512053798305763,8764,0.526203155517578
124,-3.90643050392139,69,0.210226815690012,8833,0.526203155517578
125,6.35201291345982,83,-0.0288126126182471,8916,0.526203155517578
126,3.81100088556852,75,0.00195907814030565,8991,0.526203155517578
127,-3.64770157498604,73,0.487766959357117,9064,0.526203155517578
128,21.3130764980182,105,3.08659891663483,9169,0.768506824970245
129,-5.71638619927405,70,1.74713918956239,9239,0.768506824970245
130,-0.261895112059042,78,1.4935208188102,9317,0.768506824970245
131,-5.17629069377574,66,1.13734554485541,9383,0.768506824970245
132,-3.52742443178297,69,1.20167898064905,9452,0.768506824970245
133,-7.78294456783961,70,0.145701721340768,9522,0.768506824970245
134,-8.12893883690334,67,-0.276549111957427,9589,0.768506824970245
135,-6.95451609689441,63,-1.60720201299285,9652,0.768506824970245
136,-3.10052662343219,74,-2.29835476389292,9726,0.768506824970245
137,-2.4891374288729,73,-2.18249834928161,9799,0.768506824970245
138,-5.97146776071651,67,-4.91095277515508,9866,0.768506824970245
139,-10.6262752599226,74,-5.40194168121993,9940,0.768506824970245
140,-8.62554595655455,65,-6.23830676566948,10005,0.768506824970245
141,-1.51102496654482,68,-5.87178019294638,10073,0.768506824970245
142,1.7773856335913,72,-5.34129918640896,10145,0.768506824970245
143,-6.04724506102461,66,-5.16772923572746,10211,0.768506824970245
144,-3.92789360353065,65,-4.74762471239019,10276,0.768506824970245
145,-6.44989420324359,63,-4.69716252302511,10339,0.768506824970245
146,-5.08493106504263,69,-4.89560296718615,10408,0.768506824970245
147,16.1815477843013,91,-3.02853444586873,10499,0.768506824970245
148,-0.33541329775867,66,-2.46492899957295,10565,0.768506824970245
149,-10.8276404063031,67,-2.485065514211,10632,0.768506824970245
150,-4.8358838254759,65,-2.10609930110313,10697,0.768506824970245
151,-3.56504812030175,74,-2.31150161647883,10771,0.768506824970245
152,-7.82493108931941,71,-3.2717332887699,10842,0.768506824970245
153,-2.72338687822813,71,-2.93934747049025,10913,0.768506824970245
154,-3.73881053469395,63,-2.92043916360658,10976,0.768506824970245
155,4.26629496709928,78,-1.84882024657229,11054,0.768506824970245
156,-4.33259500242946,66,-1.77358664031098,11120,0.768506824970245
157,-10.2406905324335,66,-4.41581047198446,11186,0.768506824970245
158,-4.11649044633272,70,-4.79391818684186,11256,0.768506824970245
159,-5.63651252399314,70,-4.27480539861087,11326,0.768506824970245
160,-2.36542941341804,76,-4.02775995740508,11402,0.768506824970245
161,-6.48178367415664,70,-4.31943351279057,11472,0.768506824970245
162,-5.15646885168128,65,-4.05258728902676,11537,0.768506824970245
163,3.84554055866898,69,-3.39569454533705,11606,0.768506824970245
164,3.26015501449998,70,-2.69579799041765,11676,0.768506824970245
165,-5.11085688611164,69,-3.63351317573875,11745,0.768506824970245
166,-7.2341628241463,68,-3.92366995791043,11813,0.881256461143494
167,2.50461732176891,75,-2.64913917249019,11888,0.881256461143494
168,-4.55462112205814,69,-2.69295224006273,11957,0.881256461143494
169,-3.30564282673907,70,-2.45986527033732,12027,0.881256461143494
170,-5.45327852690226,68,-2.76865018168575,12095,0.881256461143494
171,-12.1884661472287,64,-3.33931842899295,12159,0.881256461143494
172,-16.4486604912518,67,-4.46853759295,12226,0.881256461143494
173,-3.89544126029604,63,-5.2426357748465,12289,0.881256461143494
174,-17.4603493696173,63,-7.31468621325823,12352,0.881256461143494
175,-6.92730805951946,63,-7.49633133059901,12415,0.881256461143494
176,-5.8864505657737,60,-7.36156010476175,12475,0.881256461143494
177,-3.85438643381991,67,-7.99746048032063,12542,0.881256461143494
178,-6.67840590407051,63,-8.20983895852187,12605,0.881256461143494
179,-6.50916374120638,67,-8.5301910499686,12672,0.881256461143494
180,-6.93186821789784,61,-8.67805001906816,12733,0.881256461143494
181,-9.2106845047917,69,-8.38027185482446,12802,0.881256461143494
182,-4.26671142708817,69,-7.1620769484081,12871,0.881256461143494
183,-4.52095440784035,65,-7.22462826316253,12936,0.881256461143494
184,-4.99290215101653,69,-5.97788354130246,13005,0.881256461143494
185,-15.0343049271459,65,-6.7885832280651,13070,0.881256461143494
186,3.24655511821966,67,-5.87528265966577,13137,0.881256461143494
187,-11.3262977569346,69,-6.62247379197724,13206,0.881256461143494
188,-3.86006205975777,69,-6.34063940754596,13275,0.881256461143494
189,-1.22655606313428,66,-5.81237863973875,13341,0.881256461143494
190,-7.72655996980267,67,-5.89184781492924,13408,0.881256461143494
191,-6.83222501955193,64,-5.65400186640526,13472,0.881256461143494
192,-4.09441334495204,71,-5.63677205819165,13543,0.881256461143494
193,1.65772943892775,72,-5.01890367351483,13615,0.881256461143494
194,-4.16695228426427,71,-4.93630868683961,13686,0.881256461143494
195,-1.09681372498066,69,-3.54255956662308,13755,0.881256461143494
196,-4.8387887650361,71,-4.35109395494866,13826,0.881256461143494
197,-7.5469755427226,70,-3.97316173352746,13896,0.881256461143494
198,-4.93624992208028,70,-4.08078051975971,13966,0.881256461143494
199,-8.80674418279127,67,-4.83879933172541,14033,0.881256461143494
200,-2.40261398014401,67,-4.30640473275954,14100,0.881256461143494
201,-4.17710098458201,71,-4.04089232926255,14171,0.881256461143494
202,-10.1611936991951,63,-4.64757036468686,14234,0.881256461143494
203,-7.00640259448444,65,-5.51398356802808,14299,0.881256461143494
204,-2.32891157805264,66,-5.33017949740692,14365,1.06996858119965
205,-16.4951697515838,64,-6.87001510006723,14429,1.06996858119965
206,-21.5970297104282,60,-8.54583919460644,14489,1.06996858119965
207,-15.557729888347,63,-9.34691462916888,14552,1.06996858119965
208,0.369401749319755,67,-8.81634946202888,14619,1.06996858119965
209,-13.5496326885548,64,-9.29063831260524,14683,1.06996858119965
210,-6.86799380088303,64,-9.73717629467914,14747,1.06996858119965
211,-12.0983693481154,67,-10.5293031310325,14814,1.06996858119965
212,-3.56230213708424,65,-9.86941397482138,14879,1.06996858119965
213,-8.84441829420087,64,-10.053215544793,14943,1.06996858119965
214,-6.83670780357735,69,-10.5039951673455,15012,1.06996858119965
215,-6.32833918824063,68,-9.48731211101118,15080,1.06996858119965
216,-8.98375085630238,64,-8.2259842255986,15144,1.06996858119965
217,-9.09513330233064,61,-7.57972456699696,15205,1.06996858119965
218,-3.40534788227518,68,-7.95719953015645,15273,1.06996858119965
219,-10.5429553362025,62,-7.65653179492122,15335,1.06996858119965
220,-5.90008194398391,65,-7.55974060923131,15400,1.06996858119965
221,-8.28941481923673,59,-7.17884515634344,15459,1.06996858119965
222,-14.7423565564302,67,-8.29685059827804,15526,1.06996858119965
223,-7.70814084990227,65,-8.18322285384818,15591,1.06996858119965
224,-0.93457675156021,71,-7.59300974864646,15662,1.06996858119965
225,-6.26627906051483,67,-7.58680373587388,15729,1.06996858119965
226,-11.4536042238364,69,-7.83378907262729,15798,1.06996858119965
227,2.64612776665244,72,-6.65966296572898,15870,1.06996858119965
228,-11.2546323722337,62,-7.44459141472483,15932,1.06996858119965
229,-4.77979124522554,71,-6.86827500562714,16003,1.06996858119965
230,-5.25481264829198,66,-6.80374807605795,16069,1.06996858119965
231,-3.82009944814518,61,-6.35681653894879,16130,1.06996858119965
232,-8.08245649677328,64,-5.6908265329831,16194,1.06996858119965
233,-2.35286819236998,69,-5.15529926722987,16263,1.06996858119965
234,-6.7887093192077,64,-5.74071252399462,16327,1.06996858119965
235,-0.230323317434875,67,-5.13711694968662,16394,1.06996858119965
236,-10.4886534188236,68,-5.04062186918534,16462,1.06996858119965
237,3.49021787834479,74,-4.9562128580161,16536,1.06996858119965
238,-8.90730664864591,64,-4.72148028565733,16600,1.06996858119965
239,-8.25365678382989,66,-5.06886683951776,16666,1.06996858119965
240,-13.2650856005009,63,-5.86989413473865,16729,1.06996858119965
241,-7.01653983358696,70,-6.18953817328283,16799,1.06996858119965
242,-7.96831065849583,65,-6.17812358945508,16864,1.38566017150879
243,-17.0578611881026,65,-7.64862288902835,16929,1.38566017150879
244,-12.0877803536119,67,-8.17852999246877,16996,1.38566017150879
245,-8.97161957503237,60,-9.05265961822852,17056,1.38566017150879
246,-5.74493625909786,58,-8.57828790225595,17114,1.38566017150879
247,1.7864600269191,66,-8.74866368739852,17180,1.38566017150879
248,-4.4811854028314,63,-8.30605156281706,17243,1.38566017150879
249,-5.76475772126152,65,-8.05716165656023,17308,1.38566017150879
250,-15.1712864858074,64,-8.24778174509088,17372,1.38566017150879
251,-11.2119165865903,65,-8.66731942039121,17437,1.38566017150879
252,-7.01942581162375,64,-8.572430935704,17501,1.38566017150879
253,-15.4227426644164,63,-8.40891908333538,17564,1.38566017150879
254,-5.03590792355345,70,-7.70373184032954,17634,1.38566017150879
255,-8.681015836052,63,-7.6746714664315,17697,1.38566017150879
256,-8.39588683663124,66,-7.93976652418484,17763,1.38566017150879
257,-8.12560540808655,62,-8.9309730676854,17825,1.38566017150879
258,-9.48911053419707,69,-9.43176558082197,17894,1.38566017150879
259,-4.08617275787647,64,-9.26390708448346,17958,1.38566017150879
260,-12.082060239348,65,-8.95498445983752,18023,1.38566017150879
261,-6.34101089391281,68,-8.46789389056977,18091,1.38566017150879
262,-8.66036204730529,62,-8.63198751413792,18153,1.38566017150879
263,-10.5111682414054,66,-8.14083007183683,18219,1.38566017150879
264,-7.36111980392283,61,-8.37335125987376,18280,1.38566017150879
265,-0.836388740596549,71,-7.58888855032822,18351,1.38566017150879
266,-8.87062277011062,67,-7.63636214367616,18418,1.38566017150879
267,-9.15645537698305,68,-7.73944714056581,18486,1.38566017150879
268,-5.23810739125853,64,-7.31434682627195,18550,1.38566017150879
269,-14.1567935178083,64,-8.32140890226513,18614,1.38566017150879
270,-12.9625705884275,65,-8.40945993717309,18679,1.38566017150879
271,-11.245989540133,66,-8.8999578017951,18745,1.38566017150879
272,-16.9712745279079,66,-9.73104904985536,18811,1.38566017150879
273,-12.240713433574,65,-9.90400356907223,18876,1.38566017150879
274,-9.58058344265791,59,-10.1259499329457,18935,1.38566017150879
275,-7.54407363915834,66,-10.7967184228019,19001,1.38566017150879
276,-9.18419252423935,67,-10.8280753982148,19068,1.38566017150879
277,-1.70747398454023,66,-10.0831772589705,19134,1.38566017150879
278,-8.93895798401543,66,-10.4532623182462,19200,1.38566017150879
279,-11.6892842672665,62,-10.206511393192,19262,1.38566017150879
280,-14.783866819331,65,-10.3886410162824,19327,1.73753190040588
281,-13.7205031861925,65,-10.6360923808883,19392,1.73753190040588
282,-14.9612395123406,60,-10.4350888793316,19452,1.73753190040588
283,-7.30642363786625,65,-9.94165989976081,19517,1.73753190040588
284,-6.75579432542906,66,-9.65918098803792,19583,1.73753190040588
285,-13.7873874085988,62,-10.283512364982,19645,1.73753190040588
286,-10.0114369680517,59,-10.3662368093632,19704,1.73753190040588
287,-6.9551151042152,66,-10.8910009213307,19770,1.73753190040588
288,-10.4132871361331,65,-11.0384338365425,19835,1.73753190040588
289,-9.81886202318373,65,-10.8513916121342,19900,1.73753190040588
290,-9.77418116051969,66,-10.3504230462531,19966,1.73753190040588
291,-5.28378476170379,70,-9.50675120380419,20036,1.73753190040588
292,-7.32514109946676,66,-8.7431413625168,20102,1.73753190040588
293,-9.83387315079089,67,-8.99588631380927,20169,1.73753190040588
294,-7.92074808938129,68,-9.11238169020449,20237,1.73753190040588
295,-12.5934452712594,68,-8.99298747647055,20305,1.73753190040588
296,-5.47232813229792,69,-8.53907659289517,20374,1.73753190040588
297,-10.2144161452053,59,-8.86500669699418,20433,1.73753190040588
298,-5.71469867143053,65,-8.39514785052393,20498,1.73753190040588
299,-2.54019929162717,66,-7.66728157736827,20564,1.73753190040588
300,-2.66075436162407,64,-6.95593889747871,20628,1.73753190040588
301,-15.0371750612477,63,-7.93127792743311,20691,1.73753190040588
302,-8.01182949630572,63,-7.999946767117,20754,1.73753190040588
303,-3.80661869583751,62,-7.39722132162166,20816,1.73753190040588
304,-15.2207170676042,60,-8.12721821944396,20876,1.73753190040588
305,-4.5302958425278,67,-7.32090327657079,20943,1.73753190040588
306,-3.09711165252289,62,-7.08338162859329,21005,1.73753190040588
307,-5.93523835869755,65,-6.65546384994252,21070,1.73753190040588
308,-11.9694749300587,68,-7.28094147580533,21138,1.73753190040588
309,-6.90183264178612,58,-7.71710481082123,21196,1.73753190040588
310,-8.95885417063736,63,-8.34691479172256,21259,1.73753190040588
311,-12.5786457664672,65,-8.1010618622445,21324,1.73753190040588
312,-10.4138039099667,62,-8.3412593036106,21386,1.73753190040588
313,-6.1067147551354,66,-8.57126890954039,21452,1.73753190040588
314,-5.39236301804548,70,-7.58843350458451,21522,1.73753190040588
315,-13.4757170057256,67,-8.48297562090429,21589,1.73753190040588
316,-5.37316149849516,67,-8.71058060550152,21656,1.73753190040588
317,-1.49821002293349,67,-8.26687777192511,21723,1.73753190040588
318,-2.52916365426521,72,-7.32284664434576,21795,2.18527889251709
319,-16.5828504676843,63,-8.29094842693558,21858,2.18527889251709
320,-10.1314043020616,67,-8.408203440078,21925,2.18527889251709
321,-13.6339226104596,64,-8.51373112447724,21989,2.18527889251709
322,-3.17748889237503,62,-7.79009962271808,22051,2.18527889251709
323,-14.4026973047323,58,-8.61969787767776,22109,2.18527889251709
324,-11.3966732966769,66,-9.22012890554091,22175,2.18527889251709
325,-9.6308517989729,66,-8.83564238486565,22241,2.18527889251709
326,-11.2328270919937,62,-9.4216089442155,22303,2.18527889251709
327,-11.2724416357579,65,-10.3990321054979,22368,2.18527889251709
328,-14.1666995701211,64,-11.5627856970835,22432,2.18527889251709
329,-10.1256833402313,67,-10.9170689843382,22499,2.18527889251709
330,-11.3078281655476,59,-11.0347113706868,22558,2.18527889251709
331,-10.2983504994135,63,-10.7011541595822,22621,2.18527889251709
332,-12.8185509010406,62,-11.6652603604488,22683,2.18527889251709
333,-17.6185123345864,63,-11.9868418634342,22746,2.18527889251709
334,-4.50715921509205,66,-11.2978904552757,22812,2.18527889251709
335,-18.9476265366899,60,-12.2295679290474,22872,2.18527889251709
336,-20.0720384452534,62,-13.1134890643734,22934,2.18527889251709
337,-11.1875805311423,58,-13.1050029539118,22992,2.18527889251709
338,-8.46812736319731,58,-12.5351457332195,23050,2.18527889251709
339,-12.2088896326631,58,-12.7434663624626,23108,2.18527889251709
340,-11.9189742580628,65,-12.8045809717142,23173,2.18527889251709
341,-13.4278317355751,66,-13.1175290953303,23239,2.18527889251709
342,-8.26716808472468,65,-12.6623908136987,23304,2.18527889251709
343,-12.1198428159939,65,-12.1125238618395,23369,2.18527889251709
344,-5.25887796038213,62,-12.1876957363685,23431,2.18527889251709
345,-11.2052129790069,67,-11.4134543806002,23498,2.18527889251709
346,-2.78648591058945,63,-9.68489912713377,23561,2.18527889251709
347,-11.2300628206718,65,-9.68914735608672,23626,2.18527889251709
348,-6.63102994102586,68,-9.50543761386957,23694,2.18527889251709
349,-14.8626757949041,63,-9.77081623009367,23757,2.18527889251709
350,-8.34405021144833,65,-9.41332382543223,23822,2.18527889251709
351,-5.46194583591445,67,-8.61673523546616,23889,2.18527889251709
352,-14.5260707339,68,-9.24262550038369,23957,2.18527889251709
353,-13.6079180986562,63,-9.39143302864992,24020,2.18527889251709
354,-8.77959303826383,63,-9.74350453643809,24083,2.18527889251709
355,-8.16037134444784,69,-9.43902037298218,24152,2.18527889251709
356,-12.063335389402,65,-10.3667053208634,24217,2.68217802047729
357,-13.1262816451021,60,-10.5563272033065,24277,2.68217802047729
358,-9.03992314504548,62,-10.7972165237084,24339,2.68217802047729
359,-8.90056532190209,63,-10.2010054764082,24402,2.68217802047729
360,-9.60258222596225,64,-10.3268586778596,24466,2.68217802047729
361,-2.88115156357937,65,-10.0687792506261,24531,2.68217802047729
362,-6.93050094051867,65,-9.30922227128798,24596,2.68217802047729
363,-3.44619430195114,70,-8.29304989161748,24666,2.68217802047729
364,-8.73115908859584,67,-8.28820649665068,24733,2.68217802047729
365,-7.07160867002875,65,-8.17933022920877,24798,2.68217802047729
366,-13.5982309897163,59,-8.3328197892402,24857,2.68217802047729
367,-7.60101521368868,63,-7.78029314609885,24920,2.68217802047729
368,-10.7551342129637,59,-7.95181425289068,24979,2.68217802047729
369,-9.69765104665596,65,-8.03152282536607,25044,2.68217802047729
370,-11.2516984953445,64,-8.1964344523043,25108,2.68217802047729
371,-11.5756626317379,59,-9.06588555912015,25167,2.68217802047729
372,-5.50621618725181,62,-8.92345708379347,25229,2.68217802047729
373,-16.6398180427369,60,-10.242819457872,25289,2.68217802047729
374,-2.1337098904977,66,-9.58307453806223,25355,2.68217802047729
375,-11.6458587336263,57,-10.040499544422,25412,2.68217802047729
376,-6.29730212826945,63,-9.3104066582773,25475,2.68217802047729
377,-4.46759312360371,63,-8.9970644492688,25538,2.68217802047729
378,-14.8183701812024,62,-9.40338804609267,25600,2.68217802047729
379,-8.94700512864445,67,-9.32832345429152,25667,2.68217802047729
380,-7.73757577432759,67,-8.97691118218982,25734,2.68217802047729
381,-11.9950640247956,62,-9.01885132149559,25796,2.68217802047729
382,-9.73309785976529,69,-9.44153948874694,25865,2.68217802047729
383,-6.48069039212402,68,-8.42562672368565,25933,2.68217802047729
384,-3.51244029974007,66,-8.56349976460989,25999,2.68217802047729
385,-10.0721778756792,66,-8.40613167881518,26065,2.68217802047729
386,-14.1242642270223,65,-9.18882788869047,26130,2.68217802047729
387,-8.48600920517816,61,-9.59066949684792,26191,2.68217802047729
388,-13.2625552227979,65,-9.43508800100746,26256,2.68217802047729
389,-7.97212353874795,68,-9.33759984201781,26324,2.68217802047729
390,-1.32854047581443,64,-8.6966963121665,26388,2.68217802047729
391,-16.3034557135533,62,-9.12753548104226,26450,2.68217802047729
392,-6.65844309054289,70,-8.82007000412002,26520,2.68217802047729
393,-14.0373243960696,64,-9.57573340451458,26584,2.68217802047729
394,-7.29560697767537,59,-9.9540500723081,26643,2.68217802047729
395,-11.1898020507271,66,-10.0658124898129,26709,3.29361391067505
396,-6.24476381019534,69,-9.2778624481302,26778,3.29361391067505
397,-2.14298895899883,63,-8.64356042351226,26841,3.29361391067505
398,-9.98412378199365,61,-8.31571727943184,26902,3.29361391067505
399,-3.81988539057015,62,-7.90049346461406,26964,3.29361391067505
400,-12.4212159926322,64,-9.00976101629584,27028,3.29361391067505
401,-6.74371178689794,65,-8.05378662363031,27093,3.29361391067505
402,-10.9156481414338,60,-8.47950712871939,27153,3.29361391067505
403,-12.8575559469179,66,-8.36153028380422,27219,3.29361391067505
404,-15.4620550153218,64,-9.17817508756887,27283,3.29361391067505
405,-9.49011964582073,62,-9.00820684707823,27345,3.29361391067505
406,-12.0211563410155,68,-9.58584610016024,27413,3.29361391067505
407,-2.58040562724492,68,-9.62958776698486,27481,3.29361391067505
408,-11.4725353423777,66,-9.77842892302326,27547,3.29361391067505
409,-10.3850740351519,62,-10.4349477874814,27609,3.29361391067505
410,-1.503900912655,64,-9.34321627948371,27673,3.29361391067505
411,-16.3811554832862,63,-10.3069606491225,27736,3.29361391067505
412,-16.1148422927787,62,-10.826880064257,27798,3.29361391067505
413,-5.35073647924464,64,-10.0761981174897,27862,3.29361391067505
414,-10.7108347068234,58,-9.60107608663986,27920,3.29361391067505
415,-8.54258866726266,63,-9.50632298878405,27983,3.29361391067505
416,-9.7215316442805,64,-9.27636051911056,28047,3.29361391067505
417,-4.44017728240993,66,-9.46233768462706,28113,3.29361391067505
418,-10.3302965684101,63,-9.3481138072303,28176,3.29361391067505
419,-14.1921229171396,63,-9.72881869542908,28239,3.29361391067505
420,-14.7682564501677,62,-11.0552542491804,28301,3.29361391067505
421,-1.57745203468716,65,-9.57488390432045,28366,3.29361391067505
422,-5.84216306470326,68,-8.5476159815129,28434,3.29361391067505
423,-11.5134046931998,59,-9.16388280290842,28493,3.29361391067505
424,-9.86756381992755,66,-9.07955571421883,28559,3.29361391067505
425,-15.3665557264278,63,-9.76195242013535,28622,3.29361391067505
426,-12.8861726780099,64,-10.0784165235083,28686,3.29361391067505
427,-7.39581060917115,68,-10.3739798561844,28754,3.29361391067505
428,-1.19180321537377,73,-9.46013052088078,28827,3.29361391067505
429,-6.69282488130407,65,-8.71020071729722,28892,3.29361391067505
430,-1.6881317323321,66,-7.40218824551366,28958,3.29361391067505
431,-14.0697344966523,65,-8.65141649171018,29023,3.29361391067505
432,-9.88492985947098,69,-9.05569317118695,29092,3.29361391067505
433,-8.85703163126134,60,-8.7900558649931,29152,3.29361391067505
434,-9.01299036827821,62,-8.70459851982817,29214,3.95257329940796
435,-4.92598143937322,66,-7.66054109112271,29280,3.95257329940796
436,-7.62802580665461,68,-7.13472640398718,29348,3.95257329940796
437,-5.42607369152862,68,-6.93775271222292,29416,3.95257329940796
438,-5.92513036465848,65,-7.4110854271514,29481,3.95257329940796
439,-8.87182779343697,58,-7.62898571836468,29539,3.95257329940796
440,-12.8257685220399,63,-8.74274939733546,29602,3.95257329940796
441,-6.25214778409038,65,-7.96099072607927,29667,3.95257329940796
442,-6.69386058149469,66,-7.64188379828164,29733,3.95257329940796
443,3.15880668806169,73,-6.44029996634934,29806,3.95257329940796
444,-2.22962862866537,64,-5.76196379238805,29870,3.95257329940796
445,-14.7210752922882,64,-6.74147317767955,29934,3.95257329940796
446,-6.10217574448597,65,-6.58888817146269,29999,3.95257329940796
447,-14.7506797973149,67,-7.52134878204132,30066,3.95257329940796
448,-4.10760988091256,64,-7.33959673366672,30130,3.95257329940796
449,-14.4855645326881,68,-7.90097040759184,30198,3.95257329940796
450,-13.3349745738775,66,-7.9518910127756,30264,3.95257329940796
451,-12.4182744213757,63,-8.56850367650413,30327,3.95257329940796
452,-16.2356784442539,61,-9.52268546278006,30388,3.95257329940796
453,-5.33496652423928,67,-10.3720627840102,30455,3.95257329940796
454,-4.54317999217457,63,-10.6034179203611,30518,3.95257329940796
455,-9.35702718714923,64,-10.0670131098472,30582,3.95257329940796
456,-12.5342050262192,65,-10.7102160380205,30647,3.95257329940796
457,-5.60757032636782,62,-9.79590509092578,30709,3.95257329940796
458,-2.68898601657271,65,-9.6540427044918,30774,3.95257329940796
459,-7.12199315719032,68,-8.91768556694202,30842,3.95257329940796
460,-14.2753747131878,64,-9.01172558087306,30906,3.95257329940796
461,-6.84811621527767,71,-8.45470976026325,30977,3.95257329940796
462,-14.7372358953049,67,-8.30486550536835,31044,3.95257329940796
463,-15.0142519873851,64,-9.27279405168293,31108,3.95257329940796
464,-12.428127133274,66,-10.0612887657929,31174,3.95257329940796
465,-10.190593026206,62,-10.1446453496986,31236,3.95257329940796
466,-11.4619883433239,62,-10.037423681409,31298,3.95257329940796
467,-16.8669563882203,62,-11.1633622875943,31360,3.95257329940796
468,-10.5044953667808,69,-11.9449132226151,31429,3.95257329940796
469,-1.32807234411976,64,-11.365521141308,31493,3.95257329940796
470,-5.09722616882209,63,-10.4477062868715,31556,3.95257329940796
471,-4.57519914651059,74,-10.2204145799948,31630,3.95257329940796
472,-18.5815061727569,65,-10.60484160774,31695,4.59478902816772
473,0.232996644622988,69,-9.08011674453915,31764,4.59478902816772
474,-13.7065650667755,57,-9.20796053788929,31821,4.59478902816772
475,-10.2271241361361,63,-9.2116136488823,31884,4.59478902816772
476,-12.9140427607599,62,-9.3568190906259,31946,4.59478902816772
477,-15.2998256984417,65,-9.20010602164803,32011,4.59478902816772
478,-11.2766248850851,67,-9.27731897347845,32078,4.59478902816772
479,-9.26556873013642,67,-10.0710686120801,32145,4.59478902816772
480,-2.82986504997616,69,-9.84433250019553,32214,4.59478902816772
481,-11.3558058764355,57,-10.522393173188,32271,4.59478902816772
482,-10.738749425452,66,-9.73811749845753,32337,4.59478902816772
483,-12.0931853035056,66,-10.9707356932704,32403,4.59478902816772
484,-4.93924630190805,68,-10.0940038167836,32471,4.59478902816772
485,-7.60016538213539,70,-9.83130794138358,32541,4.59478902816772
486,-2.6540030631182,71,-8.80530397161941,32612,4.59478902816772
487,-18.5770609722057,61,-9.13302749899581,32673,4.59478902816772
488,-11.6853356488989,68,-9.17389857537719,32741,4.59478902816772
489,-4.788895285807,64,-8.72623123094425,32805,4.59478902816772
490,-12.5073460659666,66,-9.6939793325433,32871,4.59478902816772
491,-10.964471668667,62,-9.65484591176644,32933,4.59478902816772
492,-14.3118701468851,66,-10.0121579839098,32999,4.59478902816772
493,-0.285978874033492,67,-8.83143734096255,33066,4.59478902816772
494,-2.55952178318971,64,-8.59346488909072,33130,4.59478902816772
495,-9.26921929587887,62,-8.76037028046506,33192,4.59478902816772
496,-5.4768794977835,61,-9.0426579239316,33253,4.59478902816772
497,-11.4782778401893,65,-8.33277961072995,33318,4.59478902816772
498,-14.7132653132021,65,-8.63557257716027,33383,4.59478902816772
499,-11.0443287521732,62,-9.26111592379689,33445,4.59478902816772
500,-8.78749810122124,61,-8.88913112732235,33506,4.59478902816772
501,-7.79157988669034,61,-8.57184194912469,33567,4.59478902816772
502,-4.08388666667097,71,-7.54904360110327,33638,4.59478902816772
503,-2.98890367123973,68,-7.8193360808239,33706,4.59478902816772
504,-8.92359028862531,68,-8.45574293136746,33774,4.59478902816772
505,-7.24417428316478,62,-8.25323843009605,33836,4.59478902816772
506,-6.10439367001589,63,-8.31598984731929,33899,4.59478902816772
507,0.0943094677198766,70,-7.15873111652837,33969,4.59478902816772
508,-6.13102902007679,68,-6.30050748721584,34037,4.59478902816772
509,-8.21354605145938,66,-6.01742921714446,34103,4.59478902816772
510,-12.772711662928,63,-6.41595057331513,34166,5.27355289459229
511,-11.5305296712191,61,-6.78984555176801,34227,5.27355289459229
512,-11.5647830832686,60,-7.53793519342778,34287,5.27355289459229
513,-7.46508521226037,64,-7.98555334752984,34351,5.27355289459229
514,-6.28776926105096,62,-7.72197124477241,34413,5.27355289459229
515,-15.3529151370823,65,-8.53284533016416,34478,5.27355289459229
516,-3.0532366475919,64,-8.22772962792176,34542,5.27355289459229
517,-1.03463809289547,63,-8.34062438398329,34605,5.27355289459229
518,-7.60220035071589,69,-8.4877415170472,34674,5.27355289459229
519,-7.1163276502127,66,-8.37801967692253,34740,5.27355289459229
520,-2.63420702400555,66,-7.36416921303029,34806,5.27355289459229
521,-13.7241775330511,59,-7.58353399921349,34865,5.27355289459229
522,-8.56492866486803,67,-7.28354855737343,34932,5.27355289459229
523,0.886172947814878,67,-6.4484227413659,34999,5.27355289459229
524,-7.22738326602994,66,-6.5423841418638,35065,5.27355289459229
525,-8.67276765064729,64,-5.8743693932203,35129,5.27355289459229
526,-7.34094028323215,64,-6.30313975678433,35193,5.27355289459229
527,-10.9499784920984,59,-7.29467379670462,35252,5.27355289459229
528,-5.360265850534,67,-7.07048034668643,35319,5.27355289459229
529,-2.98289628312696,66,-6.65713720997786,35385,5.27355289459229
530,-0.735933982849551,68,-6.46730990586226,35453,5.27355289459229
531,-4.82545734557503,63,-5.57743788711465,35516,5.27355289459229
532,-6.42074170609976,61,-5.36301919123782,35577,5.27355289459229
533,-6.06937957506355,67,-6.05857444352566,35644,5.27355289459229
534,-13.7468332783041,60,-6.71051944475308,35704,5.27355289459229
535,-4.27423714434345,68,-6.27066639412269,35772,5.27355289459229
536,-3.70124820738177,73,-5.90669718653765,35845,5.27355289459229
537,-9.21674777978332,67,-5.73337411530615,35912,5.27355289459229
538,-2.92197899034982,66,-5.48954542928773,35978,5.27355289459229
539,-0.802791723747621,69,-5.2715349733498,36047,5.27355289459229
540,-4.15633826045655,72,-5.6135754011105,36119,5.27355289459229
541,-5.21988227792386,65,-5.65301789434538,36184,5.27355289459229
542,-0.231215726566694,65,-5.03406529639207,36249,5.27355289459229
543,-0.0998624482377344,74,-4.43711358370949,36323,5.27355289459229
544,-3.94827058231279,71,-3.45725731411036,36394,5.27355289459229
545,-2.79087906232939,68,-3.30892150590895,36462,5.27355289459229
546,-2.39386649509254,74,-3.17818333468003,36536,5.27355289459229
547,-9.29069779863799,62,-3.1855783365655,36598,5.27355289459229
548,-0.0418570969699181,76,-2.89756614722751,36674,5.78140830993652
549,-1.37583169448628,64,-2.95487014430137,36738,5.78140830993652
550,-7.75861999642022,63,-3.31509831789774,36801,5.78140830993652
551,-9.41002215313225,62,-3.73411230541858,36863,5.78140830993652
552,3.13494775967619,73,-3.39749595679429,36936,5.78140830993652
553,-6.83444287293058,71,-4.07095399926358,37007,5.78140830993652
554,234.137607172371,278,19.7376337762048,37285,5.78140830993652
555,296.042259982424,341,49.6209476806801,37626,5.78140830993652
556,349.666895377492,475,84.8270238679386,38101,5.78140830993652
557,248.103107188772,293,110.56640436668,38394,5.78140830993652
558,229.705457234431,500,133.54113579982,38894,5.78140830993652
559,197.126361863495,236,153.391355155618,39130,5.78140830993652
560,163.438214845568,202,170.511038639817,39332,5.78140830993652
561,248.82009661532,294,196.334050516662,39626,5.78140830993652
562,171.897785590129,211,213.210334299707,39837,5.78140830993652
563,184.139232429753,222,232.307701829976,40059,5.78140830993652
564,174.709444182073,211,226.364885530946,40270,5.78140830993652
565,144.021282340473,183,211.162787766751,40453,5.78140830993652
566,250.561244817471,297,201.252222710749,40750,5.78140830993652
567,152.877953815108,189,191.729707373382,40939,5.78140830993652
568,190.367326067221,230,187.795894256661,41169,5.78140830993652
569,395.33357421335,500,207.616615491647,41669,5.78140830993652
570,280.304629101392,425,219.303256917229,42094,5.78140830993652
571,268.214287716234,312,221.24267602732,42406,5.78140830993652
572,189.996601855359,232,223.052557653843,42638,5.78140830993652
573,131.662494784232,165,217.804883889291,42803,5.78140830993652
574,190.931686536833,231,219.427108124767,43034,5.78140830993652
575,202.848988772598,244,225.30987876798,43278,5.78140830993652
576,225.277307683377,500,222.78148505457,43778,5.78140830993652
577,277.746821292721,421,235.268371802332,44199,5.78140830993652
578,160.396408490718,198,232.271280044681,44397,5.78140830993652
579,164.041619018906,201,209.142084525237,44598,6.73955011367798
580,182.95588161423,223,199.407209776521,44821,6.73955011367798
581,138.540179724687,174,186.439798977366,44995,6.73955011367798
582,247.272655289607,500,192.167404320791,45495,6.73955011367798
583,208.928183718358,257,199.893973214204,45752,6.73955011367798
584,135.970625442688,175,194.397867104789,45927,6.73955011367798
585,181.910698267641,221,192.304038054293,46148,6.73955011367798
586,142.468357867558,181,184.023143072711,46329,6.73955011367798
587,212.798536274179,253,177.528314570857,46582,6.73955011367798
588,360.028635504981,500,197.491537272284,47082,6.73955011367798
589,143.649298484786,177,195.452305218872,47259,6.73955011367798
590,159.699005096402,195,193.126617567089,47454,6.73955011367798
591,290.96652170808,341,208.369251765428,47795,6.73955011367798
592,184.230006457888,500,202.064986882256,48295,6.73955011367798
593,256.6197178849,500,206.83414029891,48795,6.73955011367798
594,217.804879808232,500,215.017565735465,49295,6.73955011367798
595,265.758050976992,500,223.4023010064,49795,6.73955011367798
596,228.239970633644,500,231.979462283008,50295,6.73955011367798
597,233.466161167641,500,234.046224772355,50795,6.73955011367798
598,137.110284899419,222,211.754389711798,51017,6.73955011367798
599,255.199873035894,500,222.909447166909,51517,6.73955011367798
600,201.701310230615,500,227.109677680331,52017,6.73955011367798
601,228.754201154191,370,220.888445624942,52387,6.73955011367798
602,205.385739257601,500,223.004018904913,52887,6.73955011367798
603,148.170044467929,276,212.159051563216,53163,6.73955011367798
604,227.757696118617,479,213.154333194254,53642,7.5747447013855
605,257.371266931365,500,212.315654789692,54142,7.5747447013855
606,244.99229171781,378,213.990886898108,54520,7.5747447013855
607,241.606731014116,500,214.804943882756,55020,7.5747447013855
608,218.77495117756,500,222.97141051057,55520,7.5747447013855
609,263.656881208367,500,223.817111327817,56020,7.5747447013855
610,309.816134254069,500,234.628593730162,56520,7.5747447013855
611,236.373863790716,500,235.390559993815,57020,7.5747447013855
612,293.911940089522,500,244.243180077007,57520,7.5747447013855
613,218.50233746397,500,251.276409376611,58020,7.5747447013855
614,257.865626697385,500,254.287202434488,58520,7.5747447013855
615,173.183232129894,500,245.868398954341,59020,7.5747447013855
616,240.430686115337,500,245.412238394094,59520,7.5747447013855
617,211.563335195895,500,242.407898812271,60020,7.5747447013855
618,229.803206471128,500,243.510724341628,60520,7.5747447013855
619,229.108319074098,500,240.055868128201,61020,7.5747447013855
620,311.995796902465,500,240.273834393041,61520,7.5747447013855
621,231.819154365616,313,239.818363450531,61833,7.5747447013855
622,240.806938695618,500,234.507863311141,62333,7.5747447013855
623,58.7030295073544,80,218.527932515479,62413,7.5747447013855
624,53.3903147448333,80,198.080401320224,62493,7.5747447013855
625,46.9311920269419,66,185.455197309929,62559,7.5747447013855
626,55.7694618929347,79,166.989074887688,62638,7.5747447013855
627,45.0556265478031,71,150.338304022879,62709,7.5747447013855
628,41.1673774557156,65,131.474721121338,62774,7.5747447013855
629,46.7012406694315,68,113.234013280871,62842,7.5747447013855
630,36.2881425387097,59,85.6632478444958,62901,7.5747447013855
631,46.3125838202629,68,67.1125907899605,62969,7.5747447013855
632,39.2501259523711,59,46.9569095156358,63028,7.5747447013855
633,80.2525108230754,106,49.1118576472079,63134,7.5747447013855
634,35.434957477322,64,47.3163219204568,63198,7.5747447013855
635,46.7491243346249,67,47.2981151512251,63265,7.5747447013855
636,57.4556444781459,77,47.4667334097462,63342,7.5747447013855
637,41.1396504884781,66,47.0751358038137,63408,7.5747447013855
638,55.6512611776428,80,48.5235241760064,63488,7.5747447013855
639,65.6025304130556,86,50.4136531503689,63574,7.5747447013855
640,30.2214181887391,51,49.8069807153718,63625,7.5747447013855
641,50.9572887771052,72,50.271451211056,63697,7.5747447013855
642,48.6890711594221,80,51.2153457317611,63777,8.60115814208984
643,40.6644394095312,67,47.2565385904067,63844,8.60115814208984
644,58.6962085216732,83,49.5826636948418,63927,8.60115814208984
645,51.654812514097,76,50.073232512789,64003,8.60115814208984
646,151.784227766965,358,59.5060908416709,64361,8.60115814208984
647,62.0235349564961,265,61.5944792884727,64626,8.60115814208984
648,134.08109947562,316,69.4374631182704,64942,8.60115814208984
649,111.370167116974,283,74.0142267886623,65225,8.60115814208984
650,58.7363357998989,83,76.8657185497783,65308,8.60115814208984
651,151.370244403608,500,86.9070141124286,65808,8.60115814208984
652,56.4254861529978,82,87.6806556117861,65890,8.60115814208984
653,36.8170656351059,58,87.2959182343436,65948,8.60115814208984
654,51.2929783749668,78,86.555595219673,66026,8.60115814208984
655,146.230678003309,174,96.0131817685942,66200,8.60115814208984
656,53.191983021624,81,86.1539572940601,66281,8.60115814208984
657,55.0691369571709,80,85.4585174941276,66361,8.60115814208984
658,111.992798763195,140,83.2496874228851,66501,8.60115814208984
659,84.5237655842332,269,80.565047269611,66770,8.60115814208984
660,51.2089842440143,73,79.8123121140225,66843,8.60115814208984
661,65.1831611302649,86,71.1936037866882,66929,8.60115814208984
662,151.929326425627,331,80.7439878139511,67260,8.60115814208984
663,47.2155213702651,72,81.783833387467,67332,8.60115814208984
664,48.7156152737913,74,81.5260970773495,67406,8.60115814208984
665,86.1884124503526,115,75.5218705220538,67521,8.60115814208984
666,77.9306390710174,109,77.9957361269932,67630,8.60115814208984
667,80.7955823699135,259,80.5683806682674,67889,8.60115814208984
668,74.3543058482741,240,76.8045313767753,68129,8.60115814208984
669,89.4142371771807,249,77.2935785360701,68378,8.60115814208984
670,58.2589405521781,83,77.9985741668864,68461,8.60115814208984
671,41.1048063490827,64,75.5907386887682,68525,8.60115814208984
672,45.3327360869383,68,64.9310796548994,68593,8.60115814208984
673,100.124133939542,267,70.2219409118271,68860,8.60115814208984
674,87.5979824385703,244,74.110177628305,69104,8.60115814208984
675,105.460172343834,264,76.0373536176531,69368,8.60115814208984
676,52.2787205003118,76,73.4721617605826,69444,8.60115814208984
677,75.1437196125572,103,72.906975484847,69547,8.60115814208984
678,99.2532950365039,248,75.3968744036699,69795,9.77855396270752
679,48.2198657439748,74,71.2774372603493,69869,9.77855396270752
680,83.0078151131303,110,73.7523247164446,69979,9.77855396270752
681,96.1872011706452,250,79.2605641986008,70229,9.77855396270752
682,104.401489950944,259,85.1674395850014,70488,9.77855396270752
683,46.2794920881898,67,79.7829753998662,70555,9.77855396270752
684,76.8286182547171,249,78.7060389814809,70804,9.77855396270752
685,39.673865177986,59,72.127408264896,70863,9.77855396270752
686,93.1092459789593,245,76.2104608127608,71108,9.77855396270752
687,134.843275699374,278,82.1804164214425,71386,9.77855396270752
688,162.234384565349,219,88.478525374327,71605,9.77855396270752
689,174.986087118157,345,101.155147511745,71950,9.77855396270752
690,136.251707282396,283,106.479536728672,72233,9.77855396270752
691,133.33881068984,300,110.194697680591,72533,9.77855396270752
692,90.7290488807237,210,108.827453573569,72743,9.77855396270752
693,51.914576855756,216,109.390962050326,72959,9.77855396270752
694,148.900473430925,312,116.598147567947,73271,9.77855396270752
695,116.404690289732,251,124.271230079121,73522,9.77855396270752
696,118.083811550833,312,126.768686636309,73834,9.77855396270752
697,86.1590456601704,238,121.900263632388,74072,9.77855396270752
698,70.2077669930405,206,112.697601875157,74278,9.77855396270752
699,123.274560060433,271,107.526449169385,74549,9.77855396270752
700,135.822812396903,441,107.483559680836,74990,9.77855396270752
701,97.5520537386494,267,103.904883985717,75257,9.77855396270752
702,180.527397586756,363,112.88471885632,75620,9.77855396270752
703,187.747526600623,391,126.468013830807,76011,9.77855396270752
704,165.3063171959,500,128.108598207304,76511,9.77855396270752
705,107.47627284904,254,127.215756463235,76765,9.77855396270752
706,145.163227886502,325,129.923698096802,77090,9.77855396270752
707,150.853550666636,182,136.393148597448,77272,9.77855396270752
708,91.4551702028282,245,138.517888918427,77517,9.77855396270752
709,104.418139383766,232,136.63224685076,77749,9.77855396270752
710,111.609868682828,251,134.210952479353,78000,9.77855396270752
711,78.1719035569858,236,132.272937461187,78236,11.3312702178955
712,85.8302143417684,246,122.803219136688,78482,11.3312702178955
713,70.5517366848143,227,111.083640145107,78709,11.3312702178955
714,115.948066932598,256,106.147815118777,78965,11.3312702178955
715,158.970959415528,500,111.297283775426,79465,11.3312702178955
716,123.388492616187,264,109.119810248394,79729,11.3312702178955
717,218.81688189659,408,115.916143371389,80137,11.3312702178955
718,122.187524507547,277,118.989378801861,80414,11.3312702178955
719,252.543880481286,320,133.801952911613,80734,11.3312702178955
720,116.257565825184,236,134.266722625849,80970,11.3312702178955
721,172.209490891368,344,143.670481359287,81314,11.3312702178955
722,109.890998155111,235,146.076559740621,81549,11.3312702178955
723,101.997665749235,225,149.221152647063,81774,11.3312702178955
724,112.454488361433,264,148.871794789947,82038,11.3312702178955
725,166.56764207257,318,149.631463055651,82356,11.3312702178955
726,133.238116627361,242,150.616425456768,82598,11.3312702178955
727,163.127947297855,311,145.047531996895,82909,11.3312702178955
728,147.40831484031,302,147.569611030171,83211,11.3312702178955
729,189.249971441547,341,141.240220126197,83552,11.3312702178955
730,94.5631457727854,217,139.070778120958,83769,11.3312702178955
731,135.294681613105,235,135.379297193131,84004,11.3312702178955
732,169.249131588376,337,141.315110536458,84341,11.3312702178955
733,113.920146371758,273,142.50735859871,84614,11.3312702178955
734,162.240237094556,278,147.485933472022,84892,11.3312702178955
735,173.350907453464,337,148.164260010112,85229,11.3312702178955
736,84.3098309738218,207,143.271431444758,85436,11.3312702178955
737,162.64939417973,321,143.223576132945,85757,11.3312702178955
738,124.165038234774,278,140.899248472392,86035,11.3312702178955
739,101.700282515063,220,132.144279579743,86255,11.3312702178955
740,106.766201644534,250,133.364585166918,86505,11.3312702178955
741,105.82056463409,229,130.417173469017,86734,11.3312702178955
742,112.55525548268,269,124.747785858447,87003,11.3312702178955
743,97.9723679760191,244,123.153008018873,87247,11.3312702178955
744,108.49572433938,223,117.778556743356,87470,11.3312702178955
745,279.655523080947,460,128.409018306104,87930,12.9167156219482
746,79.8575532996441,202,127.963790538686,88132,12.9167156219482
747,106.725491441791,263,122.371400264892,88395,12.9167156219482
748,104.059792127522,227,120.360875654167,88622,12.9167156219482
749,98.178511708205,214,120.008698573481,88836,12.9167156219482
750,327.523923776798,500,142.084470786708,89336,12.9167156219482
751,142.966434345896,257,145.799057757888,89593,12.9167156219482
752,214.06825439698,261,155.950357649318,89854,12.9167156219482
753,111.063217569814,222,157.259442608698,90076,12.9167156219482
754,209.975713077524,278,167.407441482512,90354,12.9167156219482
755,176.710124864066,251,157.112901660824,90605,12.9167156219482
756,212.389603657298,276,170.366106696589,90881,12.9167156219482
757,164.057911157294,306,176.09934866814,91187,12.9167156219482
758,74.82359074178,202,173.175728529566,91389,12.9167156219482
759,176.835908802113,333,181.041468238956,91722,12.9167156219482
760,85.5442786626949,218,156.843503727546,91940,12.9167156219482
761,94.4125601386173,229,151.988116306818,92169,12.9167156219482
762,176.760473884008,334,148.257338255521,92503,12.9167156219482
763,121.054996511085,228,149.256516149648,92731,12.9167156219482
764,103.650853417042,207,138.6240301836,92938,12.9167156219482
765,167.898514700428,236,137.742869167236,93174,12.9167156219482
766,193.324946838659,301,135.836403485372,93475,12.9167156219482
767,211.621415509892,500,140.592753920632,93975,12.9167156219482
768,135.373270575227,244,146.647721903977,94219,12.9167156219482
769,141.67086793576,296,143.131217817341,94515,12.9167156219482
770,162.462639629249,311,150.823053913997,94826,12.9167156219482
771,161.241227815247,274,157.50592068166,95100,12.9167156219482
772,187.680473000111,284,158.59792059327,95384,12.9167156219482
773,134.006754884988,244,159.89309643066,95628,12.9167156219482
774,150.119532542455,263,164.539964343202,95891,12.9167156219482
775,229.840910115505,308,170.734203884709,96199,12.9167156219482
776,116.297122389332,241,163.031421439777,96440,12.9167156219482
777,133.195620214186,260,155.188841910206,96700,12.9167156219482
778,120.897904036482,236,153.741305256332,96936,12.9167156219482
779,239.341517805243,500,163.50837024328,97436,14.6361532211304
780,242.198874551975,308,171.481993735553,97744,14.6361532211304
781,165.601179241607,321,171.917988878189,98065,14.6361532211304
782,227.822832496159,285,175.932224827793,98350,14.6361532211304
783,198.789716413025,280,182.410520980597,98630,14.6361532211304
784,296.246343758119,500,197.023202102163,99130,14.6361532211304
785,249.982016932834,342,199.037312783896,99472,14.6361532211304
786,119.092965657032,261,199.316897110666,99733,14.6361532211304
787,182.011897720406,291,204.198524861288,100024,14.6361532211304
788,135.881505763883,240,205.696885034028,100264,14.6361532211304
789,139.723669899989,237,195.735100243503,100501,14.6361532211304
790,314.201677474352,500,202.935380535741,101001,14.6361532211304
791,141.584210101818,263,200.533683621762,101264,14.6361532211304
792,130.33124241722,277,190.784524613868,101541,14.6361532211304
793,115.004985038444,278,182.40605147641,101819,14.6361532211304
794,206.739633528084,242,173.455380453406,102061,14.6361532211304
795,156.168584602571,283,164.07403722038,102344,14.6361532211304
796,170.044369843202,287,169.169177638997,102631,14.6361532211304
797,140.364324532218,283,165.004420320178,102914,14.6361532211304
798,170.519616130444,202,168.468231356834,103116,14.6361532211304
799,150.279022432918,265,169.523766610127,103381,14.6361532211304
800,223.542742652147,347,160.457873127907,103728,14.6361532211304
801,157.6105811352,314,162.060510231245,104042,14.6361532211304
802,126.757507569911,156,161.703136746514,104198,14.6361532211304
803,161.864692369331,283,166.389107479603,104481,14.6361532211304
804,113.117458727391,241,157.026889999533,104722,14.6361532211304
805,147.06029052946,234,156.116060592222,104956,14.6361532211304
806,137.621242211393,244,152.873747829041,105200,14.6361532211304
807,133.263199122767,278,152.163635288096,105478,14.6361532211304
808,121.546859795147,254,147.266359654566,105732,14.6361532211304
809,234.602164353458,282,155.69867384662,106014,14.6361532211304
810,219.195073359589,408,155.263906917365,106422,14.6361532211304
811,138.930617670442,271,153.395910570889,106693,14.6361532211304
812,165.497628691897,210,157.269922683087,106903,16.4120788574219
813,160.561553316536,302,157.139608777808,107205,16.4120788574219
814,121.344432452463,271,157.962306150315,107476,16.4120788574219
815,98.7790027004584,229,153.134177367415,107705,16.4120788574219
816,128.09153072023,257,152.181206218299,107962,16.4120788574219
817,120.091214767476,244,150.86400778277,108206,16.4120788574219
818,128.245627175576,286,151.533884520813,108492,16.4120788574219
819,166.463790357086,290,144.720047121175,108782,16.4120788574219
820,131.110303505204,288,135.911570135737,109070,16.4120788574219
821,155.078894885155,190,137.526397857208,109260,16.4120788574219
822,161.843984510028,206,137.161033439021,109466,16.4120788574219
823,138.322985062231,174,134.937176613591,109640,16.4120788574219
824,154.34309377596,274,138.23704274594,109914,16.4120788574219
825,106.268467773489,232,138.985989253243,110146,16.4120788574219
826,167.916108194202,208,142.968447000641,110354,16.4120788574219
827,261.492488187621,309,157.108574342655,110663,16.4120788574219
828,124.253756775182,268,156.709387302616,110931,16.4120788574219
829,211.260874552784,407,161.189095722185,111338,16.4120788574219
830,102.997406196806,239,158.377805991346,111577,16.4120788574219
831,180.075021503826,304,160.877418653213,111881,16.4120788574219
832,175.669899803885,338,162.260010182599,112219,16.4120788574219
833,178.84582985779,318,166.312294662154,112537,16.4120788574219
834,112.356021569381,221,162.113587441497,112758,16.4120788574219
835,219.213325476074,366,173.408073211755,113124,16.4120788574219
836,116.857019717439,238,168.302164364079,113362,16.4120788574219
837,130.559670278288,279,155.208882573146,113641,16.4120788574219
838,119.628515178779,252,154.746358413505,113893,16.4120788574219
839,109.749426320561,227,144.595213590283,114120,16.4120788574219
840,87.0142047807659,244,142.996893448679,114364,16.4120788574219
841,306.66012402145,500,155.655403700441,114864,16.4120788574219
842,227.113749334525,275,160.799788653505,115139,18.2562808990479
843,192.952741006648,342,162.210479768391,115481,18.2562808990479
844,225.429711776716,389,173.517848789125,115870,18.2562808990479
845,237.880981456579,289,175.384614387175,116159,18.2562808990479
846,107.307792779672,239,174.429691693398,116398,18.2562808990479
847,175.870643744786,324,178.960789040048,116722,18.2562808990479
848,137.046559723827,288,180.702593494553,117010,18.2562808990479
849,187.168518477013,238,188.444502710198,117248,18.2562808990479
850,89.533821852172,212,188.696464417339,117460,18.2562808990479
851,159.022364627212,192,173.932688477915,117652,18.2562808990479
852,150.341790394439,298,166.255492583906,117950,18.2562808990479
853,96.734240769018,217,156.633642560143,118167,18.2562808990479
854,285.222219151846,358,162.612893297656,118525,18.2562808990479
855,221.083278163922,368,160.933122968391,118893,18.2562808990479
856,285.278546994954,500,178.730198389919,119393,18.2562808990479
857,249.050550177587,500,186.048189033199,119893,18.2562808990479
858,253.935149667251,500,197.737048027541,120393,18.2562808990479
859,331.219239606671,500,212.142120140507,120893,18.2562808990479
860,247.176967467282,450,227.906434702018,121343,18.2562808990479
861,296.368913961668,491,241.641089635464,121834,18.2562808990479
862,218.839135940596,452,248.49082419008,122286,18.2562808990479
863,339.502458854698,500,272.767645998647,122786,18.2562808990479
864,237.499525219096,481,267.995376605372,123267,18.2562808990479
865,161.657429006745,199,262.052791689655,123466,18.2562808990479
866,343.176685744636,500,267.842605564623,123966,18.2562808990479
867,210.568660501803,438,263.994416597045,124404,18.2562808990479
868,246.408903048399,489,263.241791935159,124893,18.2562808990479
869,253.880480220947,500,255.507915996587,125393,19.9135093688965
870,236.810184588171,500,254.471237708676,125893,19.9135093688965
871,323.201250069774,500,257.154471319486,126393,19.9135093688965
872,267.152396627473,500,261.985797388174,126893,19.9135093688965
873,217.959523875416,481,249.831503890246,127374,19.9135093688965
874,173.787501941578,211,243.460301562494,127585,19.9135093688965
875,220.973197055689,500,249.391878367389,128085,19.9135093688965
876,271.947834364176,500,242.268993229343,128585,19.9135093688965
877,241.038276989759,500,245.315954878138,129085,19.9135093688965
878,353.897705540573,500,256.064835127356,129585,19.9135093688965
879,237.810167478306,500,254.457803853092,130085,19.9135093688965
880,175.516197835452,421,248.32840517782,130506,19.9135093688965
881,205.090823545076,438,236.51736252535,130944,19.9135093688965
882,233.943443390819,500,233.196467201685,131444,19.9135093688965
883,213.50033965307,453,232.75054877945,131897,19.9135093688965
884,329.2858934195,500,248.300387927242,132397,19.9135093688965
885,223.73594306324,500,248.576662527997,132897,19.9135093688965
886,214.721515350813,437,242.854030626661,133334,19.9135093688965
887,276.195436138621,500,246.369746541547,133834,19.9135093688965
888,215.626192444722,258,232.542595231962,134092,19.9135093688965
889,189.022684597571,247,227.663846943888,134339,19.9135093688965
890,183.246431753204,237,228.436870335663,134576,19.9135093688965
891,200.278430869703,428,227.955631068126,135004,19.9135093688965
892,217.822992388573,500,226.343585967901,135504,19.9135093688965
893,153.292123344449,408,220.322764337039,135912,19.9135093688965
894,240.388426239588,396,211.433017619048,136308,19.9135093688965
895,244.461486526772,500,213.505571965402,136808,19.9135093688965
896,150.664562110512,357,207.099876641371,137165,19.9135093688965
897,193.662506667008,331,198.84658369421,137496,19.9135093688965
898,331.660827951047,500,210.450047244843,137996,21.8887004852295
899,219.22444723176,423,213.470223508262,138419,21.8887004852295
900,220.76161337292,500,217.221741670233,138919,21.8887004852295
901,272.141381075086,472,224.408036690771,139391,21.8887004852295
902,217.638902714208,500,224.389627723335,139891,21.8887004852295
903,202.437378371661,444,229.304153226056,140335,21.8887004852295
904,171.628563710592,225,222.428166973156,140560,21.8887004852295
905,176.767959161114,323,215.658814236591,140883,21.8887004852295
906,288.70016779721,500,229.46237480526,141383,21.8887004852295
907,305.617911347841,500,240.657915273344,141883,21.8887004852295
908,146.715923305209,186,222.16342480876,142069,21.8887004852295
909,332.407623104391,500,233.481742396023,142569,21.8887004852295
910,219.05416385475,451,233.310997444206,143020,21.8887004852295
911,189.532156783206,347,225.050075015018,143367,21.8887004852295
912,242.263620804615,500,227.512546824059,143867,21.8887004852295
913,231.349047654844,500,230.403713752377,144367,21.8887004852295
914,198.400316681983,260,233.080889049516,144627,21.8887004852295
915,200.740635175701,279,235.478156650975,144906,21.8887004852295
916,306.413161008486,500,237.249455972103,145406,21.8887004852295
917,184.792358046514,396,225.16690064197,145802,21.8887004852295
918,177.149695264973,243,228.210277837946,146045,21.8887004852295
919,261.611734748798,500,221.130689002387,146545,21.8887004852295
920,260.364840904108,500,225.261756707323,147045,21.8887004852295
921,462.01820184712,637,252.510361213714,147682,21.8887004852295
922,225.624316303697,500,250.846430763622,148182,21.8887004852295
923,249.934648205433,437,252.704990818681,148619,21.8887004852295
924,260.936421255561,500,258.958601276039,149119,23.4265365600586
925,212.799945205682,491,260.164532279037,149610,23.4265365600586
926,130.532653158633,193,242.576481494052,149803,23.4265365600586
927,319.812269849278,500,256.078472674328,150303,23.4265365600586
928,277.828272224651,476,266.146330370296,150779,23.4265365600586
929,208.225403871205,500,260.807697282537,151279,23.4265365600586
930,250.562427522032,500,259.827455944329,151779,23.4265365600586
931,254.453663151984,315,239.071002074816,152094,23.4265365600586
932,198.789244873278,368,236.387494931774,152462,23.4265365600586
933,234.483181775701,442,234.8423482888,152904,23.4265365600586
934,150.352815398003,230,223.783987703045,153134,23.4265365600586
935,291.526837049235,500,231.6566768874,153634,23.4265365600586
936,376.898215341787,500,256.293233105715,154134,23.4265365600586
937,219.815475162962,374,246.293553637084,154508,23.4265365600586
938,135.933534559074,204,232.104079870526,154712,23.4265365600586
939,224.548863771063,500,233.736425860512,155212,23.4265365600586
940,270.737779146133,500,235.753961022922,155712,23.4265365600586
941,212.670905600553,266,231.575685267779,155978,23.4265365600586
942,192.758262772548,335,230.972587057706,156313,23.4265365600586
943,312.20738815549,500,238.745007695685,156813,23.4265365600586
944,215.032180050253,277,245.21294416091,157090,23.4265365600586
945,197.717454739275,359,235.832005929914,157449,23.4265365600586
946,219.422585885016,279,220.084442984237,157728,23.4265365600586
947,179.063628998196,236,216.00925836776,157964,23.4265365600586
948,275.812556903911,446,229.997160602244,158410,23.4265365600586
949,246.588679580707,500,232.201142183208,158910,23.4265365600586
950,205.528529758292,258,225.680217244424,159168,23.4265365600586
951,228.686559320228,410,227.281782616392,159578,23.4265365600586
952,344.074909441869,500,242.413447283324,160078,24.7358646392822
953,307.251502279839,500,241.917858695759,160578,24.7358646392822
954,211.313610105739,433,241.546001701307,161011,24.7358646392822
955,338.048136676851,500,255.579069895065,161511,24.7358646392822
956,272.308288128515,325,260.867640119415,161836,24.7358646392822
957,229.682281879583,500,265.929505407553,162336,24.7358646392822
958,209.491139281172,376,259.297363645279,162712,24.7358646392822
959,245.770725164045,417,259.215568203613,163129,24.7358646392822
960,251.094169733786,500,263.772132201163,163629,24.7358646392822
961,145.68235150812,200,255.471711419952,163829,24.7358646392822
962,395.44621531371,500,260.608842007136,164329,24.7358646392822
963,220.466140711211,279,251.930305850273,164608,24.7358646392822
964,422.47423765378,510,273.046368605077,165118,24.7358646392822
965,164.463383929576,221,255.68789333035,165339,24.7358646392822
966,151.31696905025,223,243.588761422523,165562,24.7358646392822
967,181.62614539672,237,238.783147774237,165799,24.7358646392822
968,260.941227274965,500,243.928156573616,166299,24.7358646392822
969,222.004932392163,471,241.551577296428,166770,24.7358646392822
970,215.957781859143,500,238.037938508964,167270,24.7358646392822
971,202.972539243701,259,243.766957282522,167529,24.7358646392822
972,259.265167216109,500,230.148852472762,168029,24.7358646392822
973,202.500380935092,270,228.35227649515,168299,24.7358646392822
974,171.687644396053,230,203.273617169377,168529,24.7358646392822
975,233.965465194286,500,210.223825295848,169029,24.7358646392822
976,263.859713447451,327,221.478099735568,169356,24.7358646392822
977,173.226676860205,235,220.638152881917,169591,24.7358646392822
978,238.424270644749,305,218.386457218895,169896,24.7358646392822
979,183.178767359565,243,214.503840715635,170139,24.7358646392822
980,216.528444080046,500,214.560906937726,170639,24.7358646392822
981,278.379826053492,500,222.101635618705,171139,24.7358646392822
982,216.729721666493,388,217.848091063743,171527,26.3524780273438
983,169.947412325281,234,214.592794202762,171761,26.3524780273438
984,149.460641530322,229,212.370093916189,171990,26.3524780273438
985,250.290230727886,500,214.002570469549,172490,26.3524780273438
986,225.362172506925,500,210.152816375496,172990,26.3524780273438
987,146.466265690544,280,207.47677525853,173270,26.3524780273438
988,275.569783068645,455,211.19132650092,173725,26.3524780273438
989,148.430222946424,199,207.716472059606,173924,26.3524780273438
990,239.099366409239,485,209.973564292525,174409,26.3524780273438
991,261.354726118936,500,208.271054299069,174909,26.3524780273438
992,152.91757335287,211,201.889839467707,175120,26.3524780273438
993,191.653347352097,247,204.060432970389,175367,26.3524780273438
994,193.973443753154,257,208.511713192672,175624,26.3524780273438
995,257.581611783005,500,209.240851298184,176124,26.3524780273438
996,170.242856852942,231,203.728919732786,176355,26.3524780273438
997,271.3011855468,500,216.212411718411,176855,26.3524780273438
998,279.07383601112,500,216.562817012659,177355,26.3524780273438
999,297.632392161904,371,231.483033934207,177726,26.3524780273438
1000,242.11526653642,317,231.784623946925,178043,26.3524780273438
1001,194.027284815581,395,225.051879816589,178438,26.3524780273438
1002,299.44213780764,500,239.704336262066,178938,26.3524780273438
1003,254.202074683582,323,245.959208995215,179261,26.3524780273438
1004,277.488225434188,500,254.310687163318,179761,26.3524780273438
1005,210.034361555393,273,249.555962140557,180034,26.3524780273438
1006,285.095899434456,500,261.041266398708,180534,26.3524780273438
1007,278.301302151057,500,261.741278059134,181034,26.3524780273438
1008,253.75535765098,500,259.20943022312,181534,26.3524780273438
1009,147.023790286063,215,244.148570035536,181749,26.3524780273438
1010,252.031635430471,500,245.140206924941,182249,26.3524780273438
1011,282.194505503017,500,253.956928993685,182749,27.6538009643555
1012,205.58252568129,278,244.57096778105,183027,27.6538009643555
1013,209.965685221297,267,240.147328834821,183294,27.6538009643555
1014,195.367327686156,260,231.935239060018,183554,27.6538009643555
1015,162.0962180289,225,227.141424707369,183779,27.6538009643555
1016,155.144231307102,211,214.146257894633,183990,27.6538009643555
1017,146.540705241681,207,200.970198203696,184197,27.6538009643555
1018,295.361545307496,500,205.130816969347,184697,27.6538009643555
1019,209.066337569537,500,211.335071697695,185197,27.6538009643555
1020,181.136548961682,255,204.245563050816,185452,27.6538009643555
1021,268.951140873977,500,202.921226587912,185952,27.6538009643555
1022,225.125547389038,285,204.875528758686,186237,27.6538009643555
1023,125.270624008845,190,196.406022637441,186427,27.6538009643555
1024,262.711239745847,500,203.14041384341,186927,27.6538009643555
1025,265.844045924218,500,213.515196632942,187427,27.6538009643555
1026,312.233403579095,500,229.224113860142,187927,27.6538009643555
1027,268.930633853792,435,241.463106721353,188362,27.6538009643555
1028,239.239748631966,301,235.8509270538,188663,27.6538009643555
1029,298.324556882151,368,244.776748985061,189031,27.6538009643555
1030,226.408064436948,500,249.303900532588,189531,27.6538009643555
1031,259.706766963356,500,248.379463141526,190031,27.6538009643555
1032,225.279080655174,500,248.394816468139,190531,27.6538009643555
1033,202.435872067698,264,256.111341274025,190795,27.6538009643555
1034,254.362992803447,429,255.276516579785,191224,27.6538009643555
1035,162.631973876032,223,244.955309374966,191447,27.6538009643555
1036,230.770330163307,388,236.809002033387,191835,27.6538009643555
1037,245.008185599686,500,234.416757207976,192335,27.6538009643555
1038,211.873907879954,433,231.680173132775,192768,27.6538009643555
1039,171.208420897218,234,218.968559534282,193002,29.2367782592773
1040,249.253246453248,500,221.253077735912,193502,29.2367782592773
1041,307.293125448571,500,226.011713584433,194002,29.2367782592773
1042,161.335149437738,224,219.61732046269,194226,29.2367782592773
1043,210.9377104923,402,220.46750430515,194628,29.2367782592773
1044,209.736878016241,272,216.004892826429,194900,29.2367782592773
1045,266.373210308841,500,226.37901646971,195400,29.2367782592773
1046,212.53679127487,500,224.555662580867,195900,29.2367782592773
1047,177.468568932013,237,217.801700914099,196137,29.2367782592773
1048,190.156000567371,248,215.629910182841,196385,29.2367782592773
1049,191.009588765614,383,217.610026969681,196768,29.2367782592773
1050,221.250759876019,287,214.809778311958,197055,29.2367782592773
1051,236.172711241622,412,207.697736891263,197467,29.2367782592773
1052,348.841326754171,500,226.448354622906,197967,29.2367782592773
1053,274.419357483367,500,232.796519322013,198467,29.2367782592773
1054,155.696802201579,224,227.392511740547,198691,29.2367782592773
1055,212.13106998069,283,221.968297707731,198974,29.2367782592773
1056,155.972159493914,223,216.311834529636,199197,29.2367782592773
1057,158.919471692368,294,214.456924805671,199491,29.2367782592773
1058,147.454045678078,221,210.186729316742,199712,29.2367782592773
1059,173.016779060211,240,208.387448346202,199952,29.2367782592773
1060,252.592805906444,335,211.521652949244,200287,29.2367782592773
1061,142.632163345311,279,202.167598159613,200566,29.2367782592773
1062,204.875794126002,500,187.771044896796,201066,29.2367782592773
1063,202.306544770875,278,180.559763625547,201344,29.2367782592773
1064,135.611476316382,210,178.551231037027,201554,29.2367782592773
1065,252.296375697799,500,182.567761608738,202054,29.2367782592773
1066,203.923575105904,276,187.362903169937,202330,29.2367782592773
1067,181.119711933937,256,189.582927194094,202586,29.2367782592773
1068,169.294797250983,232,191.767002351385,202818,29.2367782592773
1069,147.254094337478,222,189.190733879111,203040,29.2367782592773
1070,187.916665672554,272,182.723119855722,203312,29.2367782592773
1071,141.416839031714,230,182.601587424363,203542,30.872278213501
1072,168.719138444137,233,178.985921856176,203775,30.872278213501
1073,164.031045474388,240,175.158371926528,204015,30.872278213501
1074,256.140472633168,500,187.211271558206,204515,30.872278213501
1075,241.422631814004,468,186.123897169827,204983,30.872278213501
1076,145.771713614995,223,180.308711020736,205206,30.872278213501
1077,199.251900382458,276,182.121929865588,205482,30.872278213501
1078,251.074141144586,500,190.299864254948,205982,30.872278213501
1079,213.547244694348,462,196.929179290635,206444,30.872278213501
1080,152.903270786589,294,193.427839802039,206738,30.872278213501
1081,251.504861559574,499,204.436642054825,207237,30.872278213501
1082,263.832492839122,500,213.947977494323,207737,30.872278213501
1083,245.520733265814,500,222.096946273466,208237,30.872278213501
1084,227.707165486786,500,219.253615558828,208737,30.872278213501
1085,248.155302550404,475,219.926882632468,209212,30.872278213501
1086,253.353956105607,500,230.685106881529,209712,30.872278213501
1087,233.399510677623,500,234.099867911045,210212,30.872278213501
1088,200.33057462942,381,229.025511259529,210593,30.872278213501
1089,355.861119951716,500,243.256898785265,211093,30.872278213501
1090,220.80875154624,500,250.04744686123,211593,30.872278213501
1091,300.894045456162,500,254.986365250889,212093,30.872278213501
1092,176.076083231842,258,246.210724290161,212351,30.872278213501
1093,219.841274165733,500,243.642778380153,212851,30.872278213501
1094,228.167908155181,432,243.688852646993,213283,30.872278213501
1095,304.008112701666,500,249.274133662119,213783,30.872278213501
1096,250.730930203028,500,249.011831071861,214283,30.872278213501
1097,186.324820741634,500,244.304362078262,214783,30.872278213501
1098,321.755403619255,500,256.446844977246,215283,30.872278213501
1099,230.441204579565,500,243.904853440031,215783,31.8899059295654
1100,239.401944083062,500,245.764172693713,216283,31.8899059295654
1101,250.259629580109,500,240.700731106108,216783,31.8899059295654
1102,138.849485737529,225,236.978071356676,217008,31.8899059295654
1103,226.73225860898,500,237.667169801001,217508,31.8899059295654
1104,225.525365624085,500,237.402915547891,218008,31.8899059295654
1105,222.784938704202,421,229.280598148145,218429,31.8899059295654
1106,258.205383991469,500,230.028043526989,218929,31.8899059295654
1107,221.065891533035,500,233.502150606129,219429,31.8899059295654
1108,252.461834714594,500,226.572793715663,219929,31.8899059295654
1109,226.837396684963,500,226.212412926203,220429,31.8899059295654
1110,281.570375940306,500,230.429256111927,220929,31.8899059295654
1111,210.17415874378,473,226.420709028294,221402,31.8899059295654
1112,231.584752702227,500,235.694235724764,221902,31.8899059295654
1113,239.465275251099,500,236.967537388976,222402,31.8899059295654
1114,316.081098099882,500,246.023110636556,222902,31.8899059295654
1115,177.435281116839,271,241.488144877819,223173,31.8899059295654
1116,243.366878999431,500,240.004294378616,223673,31.8899059295654
1117,219.668080559587,434,239.864513281271,224107,31.8899059295654
1118,296.320755993552,500,244.250405409167,224607,31.8899059295654
1119,263.083752273863,500,247.875040968057,225107,31.8899059295654
1120,128.529105180629,191,232.570913892089,225298,31.8899059295654
1121,195.164158614259,259,231.069913879137,225557,31.8899059295654
1122,200.794868817087,500,227.990925490623,226057,31.8899059295654
1123,178.137447472806,244,221.858142712793,226301,31.8899059295654
1124,233.419532685039,313,213.591986171309,226614,31.8899059295654
1125,243.054273626633,500,220.153885422289,227114,31.8899059295654
1126,195.047676645713,265,215.321965186917,227379,31.8899059295654
1127,258.979992644075,500,219.253156395366,227879,31.8899059295654
1128,193.250655031181,340,208.946146299129,228219,33.375244140625
1129,261.259391357975,500,208.76371020754,228719,33.375244140625
1130,248.173473223371,500,220.728147011814,229219,33.375244140625
1131,275.709991503294,500,228.782730300718,229719,33.375244140625
1132,223.852279347073,299,231.088471353716,230018,33.375244140625
1133,225.47765385979,307,235.822491992414,230325,33.375244140625
1134,224.140109283953,500,234.894549652306,230825,33.375244140625
1135,289.79310509301,500,239.568432798943,231325,33.375244140625
1136,195.409005034188,283,239.604565637791,231608,33.375244140625
1137,234.028724138537,304,237.109438787237,231912,33.375244140625
1138,196.422929021332,500,237.426666186252,232412,33.375244140625
1139,176.843725989794,247,228.985099649434,232659,33.375244140625
1140,271.863061355874,500,231.354058462684,233159,33.375244140625
1141,145.401276497845,221,218.323186962139,233380,33.375244140625
1142,239.312034395266,500,219.869162466959,233880,33.375244140625
1143,340.393114686755,500,231.360708549655,234380,33.375244140625
1144,225.344194108837,469,231.481117032144,234849,33.375244140625
1145,237.235385210201,464,226.225345043863,235313,33.375244140625
1146,273.151982242171,500,233.999642764661,235813,33.375244140625
1147,266.338277202476,492,237.230598071055,236305,33.375244140625
1148,256.026836223449,468,243.190988791267,236773,33.375244140625
1149,309.274937978063,500,256.434109990094,237273,33.375244140625
1150,227.509770654677,483,251.998780919974,237756,33.375244140625
1151,199.136410612561,342,257.372294331446,238098,33.375244140625
1152,224.114239325787,368,255.852514824498,238466,33.375244140625
1153,222.260136969601,495,244.039217052782,238961,33.375244140625
1154,249.275188204927,500,246.432316462391,239461,33.375244140625
1155,193.558209249098,410,242.064598866281,239871,33.375244140625
1156,210.889903555199,458,235.838390997584,240329,34.4347610473633
1157,330.043042542955,500,242.208867531632,240829,34.4347610473633
1158,299.001166859731,500,246.50630059526,241329,34.4347610473633
1159,251.583335676907,500,240.737140365144,241829,34.4347610473633
1160,284.365056505516,500,246.422668950228,242329,34.4347610473633
1161,240.072557297059,500,250.516283618678,242829,34.4347610473633
1162,264.667796704024,500,254.571639356502,243329,34.4347610473633
1163,336.987489335926,500,266.044374593134,243829,34.4347610473633
1164,244.754118969829,500,265.592267669625,244329,34.4347610473633
1165,216.179431686641,476,267.854389913379,244805,34.4347610473633
1166,259.447624568914,500,272.71016201475,245305,34.4347610473633
1167,240.171119820674,460,263.722969742522,245765,34.4347610473633
1168,244.792218709405,500,258.30207492749,246265,34.4347610473633
1169,344.773722633495,500,267.621113623148,246765,34.4347610473633
1170,271.137266470629,500,266.29833461966,247265,34.4347610473633
1171,276.691082949262,500,269.96018718488,247765,34.4347610473633
1172,213.278983207137,500,264.821305835191,248265,34.4347610473633
1173,235.443451734043,500,254.666902075003,248765,34.4347610473633
1174,214.897317776375,500,251.681221955658,249265,34.4347610473633
1175,250.076925901556,500,255.070971377149,249765,34.4347610473633
1176,204.553917089537,500,249.581600629211,250265,34.4347610473633
1177,260.744137411523,500,251.638902388296,250765,34.4347610473633
1178,235.252983458476,500,250.684978863203,251265,34.4347610473633
1179,230.703573121485,500,239.277963912002,251765,34.4347610473633
1180,234.23212608657,500,235.587449873597,252265,34.4347610473633
1181,207.15540059128,500,228.633881637798,252765,34.4347610473633
1182,335.80340166958,500,240.886323484043,253265,34.4347610473633
1183,246.374479549499,500,241.979426265588,253765,34.4347610473633
1184,196.198397880603,280,240.109534276011,254045,35.5858421325684
1185,226.929793604736,500,237.794821046329,254545,35.5858421325684
1186,219.414924696313,500,239.280921807007,255045,35.5858421325684
1187,256.609309795127,500,238.867439045367,255545,35.5858421325684
1188,210.253095853683,500,236.367450284888,256045,35.5858421325684
1189,262.655710933207,500,239.56266406606,256545,35.5858421325684
1190,214.192846208374,500,237.55873607824,257045,35.5858421325684
1191,270.680465317543,500,243.911242550867,257545,35.5858421325684
1192,289.407611429829,500,239.271663526891,258045,35.5858421325684
1193,194.521701666078,488,234.086385738549,258533,35.5858421325684
1194,352.086052352188,500,249.675151185708,259033,35.5858421325684
1195,228.368310503433,500,249.819002875577,259533,35.5858421325684
1196,241.034361000708,500,251.980946506017,260033,35.5858421325684
1197,232.572986853143,500,249.577314211819,260533,35.5858421325684
1198,243.794370302326,500,252.931441656683,261033,35.5858421325684
1199,255.725572263459,500,252.238427789708,261533,35.5858421325684
1200,299.722064910033,500,260.791349659874,262033,35.5858421325684
1201,324.155219563454,500,266.138825084465,262533,35.5858421325684
1202,231.81030069959,500,260.379094011441,263033,35.5858421325684
1203,217.379147448728,500,262.664838589706,263533,35.5858421325684
1204,259.575970911329,500,253.41383044562,264033,35.5858421325684
1205,236.842035983813,500,254.261202993658,264533,35.5858421325684
1206,191.400987044487,500,249.297865598036,265033,35.5858421325684
1207,271.609076425076,500,253.201474555229,265533,35.5858421325684
1208,199.751099686478,500,248.797147493645,266033,35.5858421325684
1209,288.031341254889,500,252.027724392788,266533,35.5858421325684
1210,269.223445602542,500,248.977862462038,267033,35.5858421325684
1211,307.069310281774,500,247.26927153387,267533,37.0287284851074
1212,248.200145468889,500,248.9082560108,268033,37.0287284851074
1213,317.193564556394,500,258.889697721567,268533,37.0287284851074
1214,244.983273656797,500,257.430427996114,269033,37.0287284851074
1215,209.093134442426,500,254.655537841975,269533,37.0287284851074
1216,250.392621721356,500,260.554701309662,270033,37.0287284851074
1217,345.062958269296,500,267.900089494084,270533,37.0287284851074
1218,224.924067080232,500,270.41738623346,271033,37.0287284851074
1219,249.832748600965,500,266.597526968067,271533,37.0287284851074
1220,217.95293741229,500,261.470476149042,272033,37.0287284851074
1221,240.454334109407,500,254.808978531805,272533,37.0287284851074
1222,287.544931817976,500,258.743457166714,273033,37.0287284851074
1223,265.088642013558,500,253.53296491243,273533,37.0287284851074
1224,210.19441147643,500,250.054078694394,274033,37.0287284851074
1225,281.217554148854,500,257.266520665036,274533,37.0287284851074
1226,243.359654750717,500,256.563223967972,275033,37.0287284851074
1227,255.003536236741,500,247.557281764717,275533,37.0287284851074
1228,190.204062681505,500,244.085281324844,276033,37.0287284851074
1229,187.440929730537,278,237.846099437801,276311,37.0287284851074
1230,222.371121522916,500,238.287917848864,276811,37.0287284851074
1231,234.962733250417,500,237.738757762965,277311,37.0287284851074
1232,236.951955400535,500,232.679460121221,277811,37.0287284851074
1233,281.276942485622,500,234.298290168427,278311,37.0287284851074
1234,256.470513116232,500,238.925900332408,278811,37.0287284851074
1235,251.388499892513,469,235.942994906773,279280,37.0287284851074
1236,252.601152926508,465,236.867144724353,279745,37.0287284851074
1237,202.627958617058,500,231.629586962384,280245,37.0287284851074
1238,140.974846393711,227,226.706665333605,280472,37.0287284851074
1239,257.541606616273,357,233.716733022179,280829,37.0287284851074
1240,231.098091155694,500,234.589429985456,281329,37.0287284851074
1241,200.277660382527,296,231.120922698667,281625,37.0287284851074
1242,151.032640659821,238,222.528991224596,281863,37.8070831298828
1243,220.38154115417,500,216.439451091451,282363,37.8070831298828
1244,252.56001128926,500,216.048400908754,282863,37.8070831298828
1245,248.271952698158,500,215.736746189318,283363,37.8070831298828
1246,171.040834897943,252,207.580714386462,283615,37.8070831298828
1247,256.990549867646,500,213.01697351152,284115,37.8070831298828
1248,409.941608793482,500,239.913649751498,284615,37.8070831298828
1249,213.556031512955,309,235.515092241166,284924,37.8070831298828
1250,215.316389554129,309,233.936922081009,285233,37.8070831298828
1251,170.552170789199,266,230.964373121676,285499,37.8070831298828
1252,312.062062348046,500,247.067315290499,285999,37.8070831298828
1253,240.571469596475,500,249.086308134729,286499,37.8070831298828
1254,265.802784224527,500,250.410585428256,286999,37.8070831298828
1255,240.3333471877,500,249.61672487721,287499,37.8070831298828
1256,236.963379365534,500,256.208979323969,287999,37.8070831298828
1257,353.468202860218,500,265.856744623227,288499,37.8070831298828
1258,249.84916605977,500,249.847500349855,288999,37.8070831298828
1259,130.472419774892,220,241.539139176049,289219,37.8070831298828
1260,221.552474980426,500,242.162747718679,289719,37.8070831298828
1261,151.162265432415,231,240.223757183,289950,37.8070831298828
1262,224.037512631336,491,231.421302211329,290441,37.8070831298828
1263,233.862593344512,500,230.750414586133,290941,37.8070831298828
1264,196.32972021102,500,223.803108184782,291441,37.8070831298828
1265,188.382649883101,280,218.608038454322,291721,37.8070831298828
1266,218.067976729055,500,216.718498190675,292221,37.8070831298828
1267,205.020321827842,285,201.873710087437,292506,37.8070831298828
1268,259.193365252863,500,202.808130006746,293006,37.8070831298828
1269,188.72708270885,273,208.633596300142,293279,37.8070831298828
1270,268.765730373545,354,213.354921839454,293633,37.8070831298828
1271,206.275546780958,292,218.866249974308,293925,37.8070831298828
1272,200.002239951106,500,216.462722706285,294425,37.8070831298828
1273,177.100608831405,252,210.786524254975,294677,39.1792602539062
1274,315.270065644543,410,222.680558798327,295087,39.1792602539062
1275,250.886460206025,500,228.930939830619,295587,39.1792602539062
1276,147.230823582132,243,221.847224515927,295830,39.1792602539062
1277,274.527624629798,500,228.797954796122,296330,39.1792602539062
1278,203.314944828132,500,223.210112753649,296830,39.1792602539062
1279,277.844622996389,500,232.121866782403,297330,39.1792602539062
1280,260.909043854179,500,231.336198130467,297830,39.1792602539062
1281,270.808672586362,500,237.789510711007,298330,39.1792602539062
1282,249.238647334992,500,242.713151449396,298830,39.1792602539062
1283,186.146089976895,448,243.617699563945,299278,39.1792602539062
1284,176.668683896408,251,229.757561389131,299529,39.1792602539062
1285,427.012221458713,500,247.3701375144,300029,39.1792602539062
1286,189.699993511325,421,251.617054507319,300450,39.1792602539062
1287,264.181534816299,500,250.582445525969,300950,39.1792602539062
1288,146.860104471247,229,244.936961490281,301179,39.1792602539062
1289,173.276173295063,275,234.480116520148,301454,39.1792602539062
1290,207.279611723818,294,229.117173307112,301748,39.1792602539062
1291,216.172049760158,414,223.653511024492,302162,39.1792602539062
1292,192.739802519529,421,218.003626542945,302583,39.1792602539062
1293,174.420551855071,274,216.831072730763,302857,39.1792602539062
1294,144.421098402621,234,213.606314181384,303091,39.1792602539062
1295,268.044817387137,500,197.709573774227,303591,39.1792602539062
1296,236.219549129342,324,202.361529336028,303915,39.1792602539062
1297,241.209006851585,323,200.064276539557,304238,39.1792602539062
1298,155.399417135111,233,200.918207805943,304471,39.1792602539062
1299,348.477518448106,500,218.438342321248,304971,39.1792602539062
1300,143.705623626114,210,212.080943511477,305181,39.1792602539062
1301,307.959256903195,500,221.259664225781,305681,40.5743789672852
1302,303.985889277937,500,232.384272901622,306181,40.5743789672852
1303,213.950174713433,412,236.337235187458,306593,40.5743789672852
1304,268.012122550621,500,248.696337602258,307093,40.5743789672852
1305,309.772916043193,423,252.869147467864,307516,40.5743789672852
1306,219.08683388478,500,251.155875943407,308016,40.5743789672852
1307,209.370878195381,309,247.972063077787,308325,40.5743789672852
1308,253.639301207845,500,257.79605148506,308825,40.5743789672852
1309,353.819074435749,461,258.330207083825,309286,40.5743789672852
1310,230.721798361155,441,267.031824557329,309727,40.5743789672852
1311,236.465078949099,326,259.882406761919,310053,40.5743789672852
1312,250.325132643489,500,254.516331098475,310553,40.5743789672852
1313,130.779668180414,219,246.199280445173,310772,40.5743789672852
1314,190.588956335361,289,238.456963823647,311061,40.5743789672852
1315,208.61645837652,451,228.341318056979,311512,40.5743789672852
1316,110.769197287189,191,217.50955439722,311703,40.5743789672852
1317,292.959197223341,498,225.868386300016,312201,40.5743789672852
1318,219.197600358021,436,222.424216215034,312637,40.5743789672852
1319,185.473102184163,334,205.589618989875,312971,40.5743789672852
1320,227.839748827972,431,205.301414036557,313402,40.5743789672852
1321,188.110248614833,334,200.46593100313,313736,40.5743789672852
1322,241.911753264868,457,199.624593065268,314193,40.5743789672852
1323,148.388019987329,293,201.38542824596,314486,40.5743789672852
1324,184.882787391203,332,200.814811351544,314818,40.5743789672852
1325,299.627016161867,500,209.915867130079,315318,40.5743789672852
1326,345.62062968449,500,233.401010369809,315818,40.5743789672852
1327,275.735575338548,438,231.67864818133,316256,40.5743789672852
1328,182.417975957032,327,228.000685741231,316583,40.5743789672852
1329,196.786622197694,397,229.132037742584,316980,40.5743789672852
1330,229.667601756751,428,229.314823035462,317408,41.3348350524902
1331,166.554956427111,420,227.159293816689,317828,41.3348350524902
1332,172.581281242171,393,220.22624661442,318221,41.3348350524902
1333,203.716258448635,447,225.75907046055,318668,41.3348350524902
1334,183.042590225506,326,225.57505074398,318994,41.3348350524902
1335,343.850752930496,500,229.997424420843,319494,41.3348350524902
1336,153.365980760416,298,210.771959528436,319792,41.3348350524902
1337,255.15396862267,447,208.713798856848,320239,41.3348350524902
1338,266.080500283935,474,217.080051289538,320713,41.3348350524902
1339,145.301333477897,238,211.931522417559,320951,41.3348350524902
1340,198.001710711512,334,208.764933313035,321285,41.3348350524902
1341,109.185819800836,228,203.028019650407,321513,41.3348350524902
1342,314.190938600569,500,217.188985386247,322013,41.3348350524902
1343,215.55358606315,415,218.372718147699,322428,41.3348350524902
1344,190.562836428161,435,219.124742767964,322863,41.3348350524902
1345,197.248398554518,267,204.464507330367,323130,41.3348350524902
1346,228.973411900373,426,212.025250444362,323556,41.3348350524902
1347,178.463784083411,256,204.356231990436,323812,41.3348350524902
1348,155.254982395828,246,193.273680201626,324058,41.3348350524902
1349,222.853391638725,298,201.028886017708,324356,41.3348350524902
1350,163.433915602798,236,197.572106506837,324592,41.3348350524902
1351,290.510930581429,480,215.704617584896,325072,41.3348350524902
1352,164.629081717466,243,200.748431896586,325315,41.3348350524902
1353,174.557534661934,249,196.648826756464,325564,41.3348350524902
1354,178.226492190678,254,195.415192332716,325818,41.3348350524902
1355,169.725685561032,246,192.662921033367,326064,41.3348350524902
1356,141.573377058841,215,183.922917549214,326279,41.3348350524902
1357,179.20929397615,250,183.997468538488,326529,41.3348350524902
1358,288.846237118476,479,197.356594010753,327008,41.3348350524902
1359,166.187067299873,240,191.689961576868,327248,41.3348350524902
1360,149.655669107965,226,190.312136927384,327474,41.3348350524902
1361,129.339744277019,210,174.195018296943,327684,41.3348350524902
1362,209.066288767018,404,178.638739001899,328088,42.9992332458496
1363,165.321154815134,238,177.715101017219,328326,42.9992332458496
1364,339.859287064567,500,193.878380504607,328826,42.9992332458496
1365,146.360271574951,223,191.541839105999,329049,42.9992332458496
1366,200.32469231904,280,197.416970632019,329329,42.9992332458496
1367,340.02961033467,500,213.499002267871,329829,42.9992332458496
1368,143.805966081157,220,198.994975164139,330049,42.9992332458496
1369,162.567632465338,247,198.633031680686,330296,42.9992332458496
1370,159.483591912704,236,199.61582396116,330532,42.9992332458496
1371,199.939827530295,381,206.675832286487,330913,42.9992332458496
1372,170.365414127746,240,202.80574482256,331153,42.9992332458496
1373,247.256600964781,447,210.999289437525,331600,42.9992332458496
1374,124.291051984656,208,189.442465929534,331808,42.9992332458496
1375,171.199465575991,293,191.926385329638,332101,42.9992332458496
1376,141.829513353775,239,186.076867433111,332340,42.9992332458496
1377,330.652738190847,500,185.139180218729,332840,42.9992332458496
1378,201.733376556612,410,190.931921266275,333250,42.9992332458496
1379,433.480875909017,500,218.023245610643,333750,42.9992332458496
1380,180.040392060773,312,220.078925625449,334062,42.9992332458496
1381,232.050549035065,483,223.289997775926,334545,42.9992332458496
1382,178.893601001991,320,224.142816463351,334865,42.9992332458496
1383,313.11650151963,500,230.728806518836,335365,42.9992332458496
1384,206.5699777588,354,238.95669909625,335719,42.9992332458496
1385,133.082198313103,266,235.144972369961,335985,42.9992332458496
1386,239.884304768058,459,244.95045151139,336444,42.9992332458496
1387,216.262656466305,311,233.511443338935,336755,42.9992332458496
1388,233.698023835335,438,236.707908066808,337193,42.9992332458496
1389,190.656971615666,290,212.425517637473,337483,42.9992332458496
1390,247.350724425999,500,219.156550873995,337983,42.9992332458496
1391,155.942913536003,267,211.545787324089,338250,43.8696327209473
1392,330.122976647365,500,226.668724888626,338750,43.8696327209473
1393,184.918972747505,333,213.848972011414,339083,43.8696327209473
1394,197.487969643497,337,212.940771199883,339420,43.8696327209473
1395,250.956405526543,463,224.728191921228,339883,43.8696327209473
1396,146.65873914811,284,215.405635359233,340167,43.8696327209473
1397,117.842875567621,233,205.563657269364,340400,43.8696327209473
1398,218.09998333817,364,204.003853219648,340764,43.8696327209473
1399,112.091326386713,204,196.147288696753,340968,43.8696327209473
1400,235.295359059843,488,194.941752160137,341456,43.8696327209473
1401,177.158654606524,315,197.063326267189,341771,43.8696327209473
1402,230.355961085502,484,187.086624711003,342255,43.8696327209473
1403,255.446354121489,403,194.139362848401,342658,43.8696327209473
1404,291.19392737145,421,203.509958621196,343079,43.8696327209473
1405,199.066017694611,420,198.320919838003,343499,43.8696327209473
1406,176.800312565307,316,201.335077179723,343815,43.8696327209473
1407,229.351999775563,369,212.485989600517,344184,43.8696327209473
1408,157.366185252926,277,206.412609791993,344461,43.8696327209473
1409,172.448279245174,270,212.448305077839,344731,43.8696327209473
1410,179.081281444318,317,206.826897316286,345048,43.8696327209473
1411,328.400086366874,477,221.951040492321,345525,43.8696327209473
1412,231.655050389318,435,222.080949422703,345960,43.8696327209473
1413,226.988451485404,430,219.235159159095,346390,43.8696327209473
1414,236.444037328401,439,213.76017015479,346829,43.8696327209473
1415,185.768311109928,322,212.430399496321,347151,43.8696327209473
1416,210.643617694542,292,215.814730009245,347443,43.8696327209473
1417,187.647574777066,349,211.644287509395,347792,43.8696327209473
1418,256.094448432736,392,221.517113827376,348184,43.8696327209473
1419,188.892474054735,386,223.161533308332,348570,43.8696327209473
1420,217.272752831388,325,226.980680447039,348895,43.8696327209473
1421,133.88156910755,251,207.528828721107,349146,43.8696327209473
1422,169.638739977056,275,201.327197679881,349421,43.8696327209473
1423,127.515053892515,214,191.379857920592,349635,44.7461853027344
1424,143.996504363452,232,182.135104624097,349867,44.7461853027344
1425,238.785052495451,445,187.436778762649,350312,44.7461853027344
1426,153.144829976601,232,181.686899990855,350544,44.7461853027344
1427,351.601766587919,500,198.08231917194,351044,44.7461853027344
1428,160.147298364223,269,188.487604165089,351313,44.7461853027344
1429,163.288745416971,262,185.927231301313,351575,44.7461853027344
1430,284.953476144275,396,192.695303632601,351971,44.7461853027344
1431,249.037476776564,444,204.210894399503,352415,44.7461853027344
1432,210.897903355561,383,208.336810737353,352798,44.7461853027344
1433,230.267353106832,331,218.612040658785,353129,44.7461853027344
1434,154.562513339145,244,219.668641556354,353373,44.7461853027344
1435,227.893531070923,500,218.579489413901,353873,44.7461853027344
1436,242.910147267811,500,227.556021143022,354373,44.7461853027344
1437,224.90550852192,448,214.886395336423,354821,44.7461853027344
1438,342.190314084064,500,233.090696908407,355321,44.7461853027344
1439,288.902553375264,500,245.652077704236,355821,44.7461853027344
1440,266.988740358158,484,243.855604125624,356305,44.7461853027344
1441,230.766851879837,452,242.028541635952,356757,44.7461853027344
1442,189.651969527153,294,239.903948253111,357051,44.7461853027344
1443,294.570181276401,500,246.334231070068,357551,44.7461853027344
1444,135.908836658427,278,244.468863401996,357829,44.7461853027344
1445,295.229969705676,500,251.202507265471,358329,44.7461853027344
1446,211.658749959582,427,248.077367534648,358756,44.7461853027344
1447,118.001500296684,239,237.386966712125,358995,44.7461853027344
1448,204.178458066713,423,223.58578111039,359418,44.7461853027344
1449,183.700156055842,330,213.065541378447,359748,44.7461853027344
1450,262.580098789466,500,212.624677221578,360248,46.0333518981934
1451,220.376776585225,390,211.585669692117,360638,46.0333518981934
1452,222.723642378194,466,214.892836977221,361104,46.0333518981934
1453,231.103251527714,346,208.546144002352,361450,46.0333518981934
1454,235.402668024125,482,218.495527138922,361932,46.0333518981934
1455,254.577173386842,500,214.430247507039,362432,46.0333518981934
1456,213.771042882025,425,214.641476799283,362857,46.0333518981934
1457,178.556844337226,315,220.697011203337,363172,46.0333518981934
1458,147.692153619407,281,215.048380758607,363453,46.0333518981934
1459,197.406270228712,452,216.418992175894,363905,46.0333518981934
1460,247.644342398949,476,214.925416536842,364381,46.0333518981934
1461,207.94412006768,447,213.682150885087,364828,46.0333518981934
1462,234.671509463699,465,214.876937593638,365293,46.0333518981934
1463,185.449184132696,428,210.311530854136,365721,46.0333518981934
1464,211.702047336756,447,207.941468785399,366168,46.0333518981934
1465,252.126607361177,473,207.696412182833,366641,46.0333518981934
1466,236.557270690255,500,209.975034963656,367141,46.0333518981934
1467,306.144292366395,500,222.733779766573,367641,46.0333518981934
1468,234.670699261918,500,231.431634330824,368141,46.0333518981934
1469,251.219157952054,464,236.812923103158,368605,46.0333518981934
1470,207.158936918763,427,232.764382555139,369032,46.0333518981934
1471,315.668534783271,500,243.536824026698,369532,46.0333518981934
1472,356.029094460755,500,255.672582526404,370032,46.0333518981934
1473,303.824817025182,500,267.510145815653,370532,46.0333518981934
1474,239.735691293169,445,270.313510211294,370977,46.0333518981934
1475,127.480345278714,219,257.848884003048,371196,46.8890838623047
1476,236.916693711264,500,257.884826305149,371696,46.8890838623047
1477,243.860523356625,500,251.656449404172,372196,46.8890838623047
1478,349.516243431764,500,263.141003821156,372696,46.8890838623047
1479,271.114836646716,500,265.130571690622,373196,46.8890838623047
1480,151.542407918706,287,259.568918790617,373483,46.8890838623047
1481,340.761889355173,500,262.078254247807,373983,46.8890838623047
1482,263.047149470572,500,252.780059748788,374483,46.8890838623047
1483,210.997494619987,425,243.497327508269,374908,46.8890838623047
1484,321.691617888087,500,251.692920167761,375408,46.8890838623047
1485,204.738731292897,460,259.418758769179,375868,46.8890838623047
1486,271.186919614489,500,262.845781359502,376368,46.8890838623047
1487,255.003432597766,457,263.960072283616,376825,46.8890838623047
1488,250.433709967074,500,254.051818937147,377325,46.8890838623047
1489,329.258854462776,500,259.866220718753,377825,46.8890838623047
1490,238.575702359067,500,268.569550162789,378325,46.8890838623047
1491,225.61905280026,440,257.055266507298,378765,46.8890838623047
1492,213.616801205532,421,252.112231680794,379186,46.8890838623047
1493,315.354220798732,500,262.547904298668,379686,46.8890838623047
1494,256.822137903389,470,256.060956300198,380156,46.8890838623047
1495,236.137442265232,451,259.200827397432,380607,46.8890838623047
1496,182.80819676281,383,250.362955112264,380990,46.8890838623047
1497,278.244236844667,476,252.687035536954,381466,46.8890838623047
1498,278.747349076524,500,255.518399447899,381966,46.8890838623047
1499,140.746527559546,234,236.667166757576,382200,46.8890838623047
1500,143.972214010395,263,227.206817922709,382463,46.8890838623047
1501,230.214018442038,470,227.666314486887,382933,46.8890838623047
1502,310.615167129044,500,237.366151079238,383433,46.8890838623047
1503,167.903498587342,270,222.621078858099,383703,46.8890838623047
1504,168.099727550045,377,213.748837822764,384080,48.0560722351074
1505,207.382169597432,392,210.873310555984,384472,48.0560722351074
1506,311.054588626864,500,223.69794974239,384972,48.0560722351074
1507,241.001625919798,500,219.973688649903,385472,48.0560722351074
1508,340.383458079169,529,226.137299550167,386001,48.0560722351074
1509,106.127763622198,191,222.675423156432,386192,48.0560722351074
1510,185.071837603021,284,226.785385515695,386476,48.0560722351074
1511,166.256017052211,262,220.389585376712,386738,48.0560722351074
1512,155.617106410168,306,204.889779304825,387044,48.0560722351074
1513,205.026296759201,302,208.602059122011,387346,48.0560722351074
1514,153.369168438933,239,207.1290032109,387585,48.0560722351074
1515,280.047878639566,500,214.395574115113,388085,48.0560722351074
1516,154.538173530222,302,198.743932605449,388387,48.0560722351074
1517,253.114601911259,472,199.955230204595,388859,48.0560722351074
1518,242.816525440907,471,190.198536940769,389330,48.0560722351074
1519,192.05690182603,297,198.791450761152,389627,48.0560722351074
1520,230.405612478577,500,203.324828248707,390127,48.0560722351074
1521,235.364680587206,500,210.235694602207,390627,48.0560722351074
1522,311.038103102235,500,225.777794271414,391127,48.0560722351074
1523,278.40281607248,500,233.115446202742,391627,48.0560722351074
1524,248.125937610695,500,242.591123119918,392127,48.0560722351074
1525,325.847528663832,500,247.171088122344,392627,48.0560722351074
1526,250.685949924993,500,256.785865761821,393127,48.0560722351074
1527,223.601896026323,500,253.834595173328,393627,48.0560722351074
1528,238.634070512489,498,253.416349680486,394125,48.0560722351074
1529,258.071395824478,500,260.017799080331,394625,48.0560722351074
1530,280.952492762254,500,265.072487108699,395125,48.0560722351074
1531,288.640942386764,500,270.400113288654,395625,48.7414131164551
1532,255.156616119637,500,264.811964590395,396125,48.7414131164551
1533,205.995352535973,500,257.571218236744,396625,48.7414131164551
1534,122.621169004436,202,245.020741376118,396827,48.7414131164551
1535,259.553240738997,500,238.391312583634,397327,48.7414131164551
1536,212.798273061973,500,234.602544897332,397827,48.7414131164551
1537,301.093626727787,500,242.351717967479,398327,48.7414131164551
1538,295.721522752731,500,248.060463191503,398827,48.7414131164551
1539,316.572706288064,500,253.910594237862,399327,48.7414131164551
1540,236.948511913154,500,249.510196152952,399827,48.7414131164551
1541,307.670269938335,500,251.413128908109,400327,48.7414131164551
1542,230.504896993492,500,248.947956995494,400827,48.7414131164551
1543,315.082952846776,500,259.856717026574,401327,48.7414131164551
1544,271.636655585306,500,274.758265684661,401827,48.7414131164551
1545,339.84540598627,500,282.787482209389,402327,48.7414131164551
1546,291.880862354918,500,290.695741138683,402827,48.7414131164551
1547,195.955951121177,423,280.181973578022,403250,48.7414131164551
1548,231.381838664283,318,273.748005169177,403568,48.7414131164551
1549,169.793423877703,241,259.070076928141,403809,48.7414131164551
1550,225.310398540025,409,257.906265590828,404218,48.7414131164551
1551,151.964627844747,284,242.33570138147,404502,48.7414131164551
1552,214.211551059126,408,240.706366788033,404910,48.7414131164551
1553,255.186183175044,445,234.71668982086,405355,48.7414131164551
1554,251.375734728981,338,232.690597735227,405693,48.7414131164551
1555,216.439884624381,296,220.350045599039,405989,48.7414131164551
1556,317.815940999559,396,222.943553463503,406385,48.7414131164551
1557,177.30755855443,304,221.078714206828,406689,48.7414131164551
1558,244.256921746787,500,222.366222515078,407189,48.7414131164551
1559,290.004216457282,493,234.387301773036,407682,48.7414131164551
1560,143.665302291072,215,226.222792148141,407897,49.9156761169434
1561,185.808092466816,335,229.607138610348,408232,49.9156761169434
1562,229.315290705515,308,231.117512574987,408540,49.9156761169434
1563,202.595081098038,500,225.858402367286,409040,49.9156761169434
1564,139.232154015073,273,214.644044295895,409313,49.9156761169434
1565,198.186331642164,334,212.818688997674,409647,49.9156761169434
1566,141.714556864963,248,195.208550584214,409895,49.9156761169434
1567,177.994168626207,241,195.277211591392,410136,49.9156761169434
1568,198.123418268786,290,190.663861243592,410426,49.9156761169434
1569,173.936461276436,284,179.057085725507,410710,49.9156761169434
1570,162.689724862229,241,180.959527982623,410951,49.9156761169434
1571,249.976878923114,434,187.376406628253,411385,49.9156761169434
1572,173.651217028107,253,181.809999260512,411638,49.9156761169434
1573,174.64775932167,273,179.015267082875,411911,49.9156761169434
1574,335.780196700413,500,198.670071351409,412411,49.9156761169434
1575,334.498963447372,500,212.30133453193,412911,49.9156761169434
1576,353.636853102402,500,233.493564155674,413411,49.9156761169434
1577,189.730326000717,290,234.667179893125,413701,49.9156761169434
1578,173.506978412012,273,232.205535907447,413974,49.9156761169434
1579,248.670943487031,500,239.678984128507,414474,49.9156761169434
1580,155.687144913539,286,238.978726133638,414760,49.9156761169434
1581,329.701513122407,500,246.951189553567,415260,49.9156761169434
1582,274.546660103731,500,257.040733861129,415760,49.9156761169434
1583,168.271550844221,251,256.403113013384,416011,49.9156761169434
1584,305.757535151541,500,253.400846858497,416511,49.9156761169434
1585,191.383139772424,444,239.089264491002,416955,49.9156761169434
1586,228.634997066149,492,226.589078887377,417447,49.9156761169434
1587,270.23488810861,500,234.639535098166,417947,49.9156761169434
1588,181.643765224434,436,235.453213779409,418383,50.8183517456055
1589,134.961890833435,264,224.082308514049,418647,50.8183517456055
1590,124.572366897219,204,220.970830712417,418851,50.8183517456055
1591,200.773986642861,500,208.078078064462,419351,50.8183517456055
1592,240.521060278599,341,204.675518081949,419692,50.8183517456055
1593,353.359835022445,500,223.184346499772,420192,50.8183517456055
1594,214.2104543868,300,214.029638423298,420492,50.8183517456055
1595,156.531302510687,240,210.544454697124,420732,50.8183517456055
1596,235.057111245783,500,211.186666115087,421232,50.8183517456055
1597,181.457608996755,400,202.308938203902,421632,50.8183517456055
1598,156.294991473887,231,199.774060828847,421863,50.8183517456055
1599,239.129658036392,500,210.190837549143,422363,50.8183517456055
1600,255.493753219811,500,223.282976181402,422863,50.8183517456055
1601,361.112944392036,500,239.31687195632,423363,50.8183517456055
1602,149.957835245334,228,230.260549452993,423591,50.8183517456055
1603,343.238821127304,500,229.248448063479,424091,50.8183517456055
1604,245.190980127859,321,232.346500637585,424412,50.8183517456055
1605,243.980761853595,315,241.091446571876,424727,50.8183517456055
1606,166.006878377042,239,234.186423285001,424966,50.8183517456055
1607,125.152449544881,194,228.555907339814,425160,50.8183517456055
1608,168.88563622751,233,229.814971815176,425393,50.8183517456055
1609,142.169928752093,230,220.118998886746,425623,50.8183517456055
1610,202.814802136928,401,214.851103778458,426024,50.8183517456055
1611,144.529579563982,206,193.192767295653,426230,50.8183517456055
1612,222.330519853587,297,200.430035756478,426527,50.8183517456055
1613,129.834802491707,214,179.089633892918,426741,50.8183517456055
1614,302.534070114939,500,184.823942891626,427241,50.8183517456055
1615,220.973967736778,292,182.523263479945,427533,50.8183517456055
1616,334.912603349031,465,199.413835977144,427998,50.8183517456055
1617,233.416492754327,301,210.240240298088,428299,51.5857734680176
1618,239.10303651953,443,217.26198032729,428742,51.5857734680176
1619,171.721466700492,248,220.21713412213,428990,51.5857734680176
1620,358.052401832978,500,235.740894091735,429490,51.5857734680176
1621,365.040102746197,500,257.791946409956,429990,51.5857734680176
1622,144.601220411153,202,250.019016465713,430192,51.5857734680176
1623,146.213148782907,208,251.656851094833,430400,51.5857734680176
1624,196.653368776872,268,241.068780961026,430668,51.5857734680176
1625,218.012089933724,298,240.772593180721,430966,51.5857734680176
1626,298.065984361308,379,237.087931281949,431345,51.5857734680176
1627,199.376854661031,265,233.683967472619,431610,51.5857734680176
1628,194.465103710059,262,229.220174191672,431872,51.5857734680176
1629,214.278258752745,284,233.475853396897,432156,51.5857734680176
1630,358.899933095321,500,233.560606523132,432656,51.5857734680176
1631,173.699257986012,270,214.426522047113,432926,51.5857734680176
1632,190.873081458718,273,219.05370815187,433199,51.5857734680176
1633,293.386787613645,500,233.771072034944,433699,51.5857734680176
1634,207.68051913452,500,234.873787070708,434199,51.5857734680176
1635,209.868893932801,281,234.059467470616,434480,51.5857734680176
1636,209.409928025741,500,225.193861837059,434980,51.5857734680176
1637,179.817043497044,500,223.237880720661,435480,51.5857734680176
1638,227.822467777494,500,226.573617127404,435980,51.5857734680176
1639,231.749235271749,500,228.320714779305,436480,51.5857734680176
1640,214.28638299967,500,213.859359769739,436980,51.5857734680176
1641,120.786802909996,196,208.568114262138,437176,51.5857734680176
1642,176.483243570121,246,207.129130473278,437422,51.5857734680176
1643,227.300333995075,500,200.520485111421,437922,51.5857734680176
1644,200.498460339666,500,199.802279231936,438422,52.4651641845703
1645,271.247908371085,500,205.940180675764,438922,52.4651641845703
1646,231.227690192122,500,208.121956892402,439422,52.4651641845703
1647,128.637206097399,210,203.003973152438,439632,52.4651641845703
1648,251.944673605041,337,205.416193735192,439969,52.4651641845703
1649,240.478440226658,500,206.289114230683,440469,52.4651641845703
1650,240.905341365447,500,208.951010067261,440969,52.4651641845703
1651,192.294073973438,500,216.101737173605,441469,52.4651641845703
1652,225.283599542526,319,220.981772770846,441788,52.4651641845703
1653,296.223503089235,500,227.874089680262,442288,52.4651641845703
1654,357.699390126459,500,243.594182658941,442788,52.4651641845703
1655,155.038837365616,226,231.973275558394,443014,52.4651641845703
1656,269.477814096178,500,235.7982879488,443514,52.4651641845703
1657,202.628596255572,275,243.197426964617,443789,52.4651641845703
1658,188.717868443484,266,236.874746448461,444055,52.4651641845703
1659,205.220115193783,291,233.348913945174,444346,52.4651641845703
1660,297.053713357286,500,238.963751144358,444846,52.4651641845703
1661,255.060297617306,500,245.240373508745,445346,52.4651641845703
1662,267.593094800961,500,249.471323034588,445846,52.4651641845703
1663,235.803567376848,500,243.429329463349,446346,52.4651641845703
1664,200.149178555388,500,227.674308306242,446846,52.4651641845703
1665,160.894509131488,229,228.259875482829,447075,52.4651641845703
1666,166.49571364264,240,217.961665437476,447315,52.4651641845703
1667,206.710632924535,500,218.369869104372,447815,52.4651641845703
1668,269.693488004441,500,226.467431060468,448315,52.4651641845703
1669,229.702701239326,500,228.915689665022,448815,52.7305335998535
1670,275.591332775825,500,226.769451606876,449315,52.7305335998535
1671,256.795129356378,500,226.942934780783,449815,52.7305335998535
1672,329.743357716785,500,233.157961072365,450315,52.7305335998535
1673,260.420635330751,500,235.619667867756,450815,52.7305335998535
1674,235.311572530776,500,239.135907265295,451315,52.7305335998535
1675,263.700142574751,500,249.416470609621,451815,52.7305335998535
1676,267.649023938472,500,259.531801639204,452315,52.7305335998535
1677,275.553762821634,500,266.416114628914,452815,52.7305335998535
1678,275.607865906784,500,267.007552419148,453315,52.7305335998535
1679,186.045342927253,263,262.641816587941,453578,52.7305335998535
1680,127.063485326146,205,247.789031842973,453783,52.7305335998535
1681,309.517838990325,500,253.061302806368,454283,52.7305335998535
1682,332.921328920526,500,253.379099926742,454783,52.7305335998535
1683,258.554777489518,500,253.192514142619,455283,52.7305335998535
1684,289.471568839392,500,258.60851377348,455783,52.7305335998535
1685,254.168170039937,500,257.655316519999,456283,52.7305335998535
1686,246.645592077058,500,255.554973333857,456783,52.7305335998535
1687,226.789239355736,500,250.678520987268,457283,52.7305335998535
1688,247.76901087466,500,247.894635484055,457783,52.7305335998535
1689,128.113229584288,204,242.101424149759,457987,52.7305335998535
1690,195.769644844685,500,248.972040101612,458487,52.7305335998535
1691,226.540286004647,500,240.674284803045,458987,52.7305335998535
1692,260.714547798665,500,233.453606690859,459487,52.7305335998535
1693,227.785566274089,500,230.376685569316,459987,52.7305335998535
1694,271.010557817089,486,228.530584467085,460473,53.9099235534668
1695,218.303147084355,500,224.944082171527,460973,53.9099235534668
1696,244.542050503362,500,224.733728014158,461473,53.9099235534668
1697,211.307493654528,500,223.185553444037,461973,53.9099235534668
1698,219.829370520719,500,220.391589408643,462473,53.9099235534668
1699,232.826920925762,500,230.86295854279,462973,53.9099235534668
1700,346.788057830853,500,245.964799841407,463473,53.9099235534668
1701,332.822195783909,500,256.592990819333,463973,53.9099235534668
1702,273.881388249245,500,257.909674864391,464473,53.9099235534668
1703,180.951323290494,500,253.226250566032,464973,53.9099235534668
1704,255.890935083089,500,251.714288292632,465473,53.9099235534668
1705,211.252621588079,500,251.009235743004,465973,53.9099235534668
1706,294.50923550597,500,256.005954243265,466473,53.9099235534668
1707,231.661546773443,500,258.041359555156,466973,53.9099235534668
1708,256.137767489781,464,261.672199252062,467437,53.9099235534668
1709,177.29725082149,500,256.119232241635,467937,53.9099235534668
1710,228.639575212184,500,244.304383979768,468437,53.9099235534668
1711,360.662563925934,500,247.088420793971,468937,53.9099235534668
1712,250.940287378324,500,244.794310706879,469437,53.9099235534668
1713,242.949908856993,361,250.994169263529,469798,53.9099235534668
1714,233.264588263363,500,248.731534581556,470298,53.9099235534668
1715,222.843653708673,302,249.890637793616,470600,53.9099235534668
1716,300.696737167807,500,250.509387959799,471100,53.9099235534668
1717,278.797526620416,500,255.222985944496,471600,53.9099235534668
1718,182.178891378488,500,247.827098333367,472100,53.9099235534668
1719,244.182891569706,500,254.515662408189,472600,54.1263732910156
1720,183.004540349086,500,249.952158921879,473100,54.1263732910156
1721,182.568828918567,500,232.142785421142,473600,54.1263732910156
1722,190.592722477544,265,226.108028931064,473865,54.1263732910156
1723,274.169596170605,500,229.229997662425,474365,54.1263732910156
1724,173.878229240714,500,223.29136176016,474865,54.1263732910156
1725,157.044364232117,500,216.711432812505,475365,54.1263732910156
1726,141.680832614186,500,200.809842357143,475865,54.1263732910156
1727,386.262162670982,500,211.556305962199,476365,54.1263732910156
1728,333.045818817986,500,226.642998706149,476865,54.1263732910156
1729,270.856486659313,500,229.31035821511,477365,54.1263732910156
1730,263.378853766806,500,237.347789556882,477865,54.1263732910156
1731,269.344187666579,500,246.025325431683,478365,54.1263732910156
1732,177.543388014392,500,244.720391985368,478865,54.1263732910156
1733,340.168216262415,500,251.320253994549,479365,54.1263732910156
1734,136.718332724528,196,247.60426434293,479561,54.1263732910156
1735,169.656369999638,250,248.865464919683,479811,54.1263732910156
1736,312.874424446295,500,265.984824102893,480311,54.1263732910156
1737,247.531807306367,500,252.111788566432,480811,54.1263732910156
1738,144.903938112994,215,233.297600495933,481026,54.1263732910156
1739,208.046060941255,500,227.016557924127,481526,54.1263732910156
1740,300.841527816433,489,230.76282532909,482015,54.1263732910156
1741,284.498477726469,485,232.278254335079,482500,54.1263732910156
1742,145.378878513703,205,229.06180338501,482705,54.1263732910156
1743,185.90745502878,483,213.635727261646,483188,54.1263732910156
1744,123.911556651398,205,212.355049654333,483393,54.1263732910156
1745,178.61273137888,472,213.250685792257,483865,54.1263732910156
1746,190.793452103542,269,201.042588557982,484134,54.1263732910156
1747,215.963453984286,292,197.885753225774,484426,54.1263732910156
1748,201.48740708968,276,203.544100123443,484702,54.1263732910156
1749,180.737611655405,500,200.813255194858,485202,55.1440849304199
1750,257.559008376127,500,196.485003250827,485702,55.1440849304199
1751,253.839877323484,440,193.419143210528,486142,55.1440849304199
1752,210.411084807777,500,199.922363839936,486642,55.1440849304199
1753,282.980160141476,490,209.629634351205,487132,55.1440849304199
1754,341.529568186853,500,231.391435504751,487632,55.1440849304199
1755,130.618524422834,459,226.592014809146,488091,55.1440849304199
1756,142.334053849298,206,221.746074983722,488297,55.1440849304199
1757,302.98683281599,500,230.448412866892,488797,55.1440849304199
1758,345.073002463633,500,244.806972404288,489297,55.1440849304199
1759,130.603768450312,218,239.793588083778,489515,55.1440849304199
1760,192.132767104313,368,233.250963956597,489883,55.1440849304199
1761,158.294365442834,230,223.696412768532,490113,55.1440849304199
1762,224.606250864537,305,225.115929374208,490418,55.1440849304199
1763,261.008201851506,500,222.918733545211,490918,55.1440849304199
1764,190.783227926572,253,207.844099519183,491171,55.1440849304199
1765,165.297252713599,227,211.311972348259,491398,55.1440849304199
1766,279.413445000047,340,225.019911463334,491738,55.1440849304199
1767,187.064251429854,246,213.427653324721,491984,55.1440849304199
1768,449.593389992471,500,223.879692077604,492484,55.1440849304199
1769,220.822024473199,282,232.901517679893,492766,55.1440849304199
1770,142.006857314323,193,227.888926700894,492959,55.1440849304199
1771,154.622354523916,217,227.521725609002,493176,55.1440849304199
1772,455.31554747305,500,250.592655269854,493676,55.1440849304199
1773,255.247897398608,495,250.016624824564,494171,55.1440849304199
1774,283.582970253597,464,259.296599057266,494635,55.1440849304199
1775,263.316401249141,439,269.098513910821,495074,55.1440849304199
1776,219.31296496911,312,263.088465907727,495386,55.1440849304199
1777,412.505783505061,496,285.632619115247,495882,55.1440849304199
1778,142.720771901129,197,254.945357306113,496079,55.1440849304199
1779,250.483644269156,304,257.911519285709,496383,55.1440849304199
1780,210.287997279083,291,264.739633282185,496674,55.6307411193848
1781,223.930283418973,298,271.670426171691,496972,55.6307411193848
1782,232.455980897473,423,249.384469514133,497395,55.6307411193848
1783,218.253763593545,399,245.685056133627,497794,55.6307411193848
1784,195.527446055677,266,236.879503713835,498060,55.6307411193848
1785,330.105427842231,500,243.558406373144,498560,55.6307411193848
1786,134.763347796593,184,235.103444655892,498744,55.6307411193848
1787,218.629070836812,273,215.715773389067,499017,55.6307411193848
1788,162.232670761976,220,217.666963275152,499237,55.6307411193848
1789,185.274920143238,257,211.14609086256,499494,55.6307411193848
1790,151.835309688564,208,205.300822103508,499702,55.6307411193848
1791,211.755028472678,265,204.083296608879,499967,55.6307411193848
1792,203.973762582723,397,201.235074777404,500364,55.6307411193848
1793,356.105215373409,500,215.02021995539,500864,55.6307411193848
1794,154.082337200953,239,210.875709069918,501103,55.6307411193848
1795,106.02066824755,201,188.46723311045,501304,55.6307411193848
1796,348.677004757855,500,209.858598806576,501804,55.6307411193848
1797,313.956991490493,385,219.391390871944,502189,55.6307411193848
1798,239.266911421023,500,227.094814937849,502689,55.6307411193848
1799,231.896340572234,500,231.756956980748,503189,55.6307411193848
1800,288.519523564339,500,245.425378368326,503689,55.6307411193848
1801,300.730576688737,500,254.322933189932,504189,55.6307411193848
1802,135.461430949258,230,247.471700026585,504419,55.6307411193848
1803,268.300999147691,500,238.691278404013,504919,55.6307411193848
1804,300.862205931464,500,253.369265277064,505419,55.6307411193848
1805,210.756925257283,500,263.842890978038,505919,55.6307411193848
1806,260.118697925641,500,254.987060294816,506419,56.3895874023438
1807,195.491637267565,273,243.140524872523,506692,56.3895874023438
1808,445.769829652996,500,263.790816695721,507192,56.3895874023438
1809,244.324643812204,500,265.033647019718,507692,56.3895874023438
1810,256.451404696313,500,261.826835132915,508192,56.3895874023438
1811,381.999900903534,538,269.953767554395,508730,56.3895874023438
1812,265.036940617409,500,282.91131852121,509230,56.3895874023438
1813,278.469591782007,500,283.928177784642,509730,56.3895874023438
1814,207.60996116976,500,274.602953308471,510230,56.3895874023438
1815,366.542685483574,500,290.1815293311,510730,56.3895874023438
1816,328.852196115603,500,297.054879150097,511230,56.3895874023438
1817,275.746462012319,500,305.080361624572,511730,56.3895874023438
1818,266.865002274302,500,287.189878886702,512230,56.3895874023438
1819,318.328616851022,500,294.590276190584,512730,56.3895874023438
1820,201.527983217503,279,289.097934042703,513009,56.3895874023438
1821,191.104789489331,264,270.008422901283,513273,56.3895874023438
1822,292.04617576645,500,272.709346416187,513773,56.3895874023438
1823,312.712221323671,500,276.133609370353,514273,56.3895874023438
1824,283.199730244688,500,283.692586277846,514773,56.3895874023438
1825,279.163120426414,423,274.95462977213,515196,56.3895874023438
1826,278.055315315102,500,269.87494169208,515696,56.3895874023438
1827,258.751804197417,500,268.17547591059,516196,56.3895874023438
1828,257.248553970397,500,267.213831080199,516696,56.3895874023438
1829,206.207250939427,500,256.00169448904,517196,56.3895874023438
1830,248.931508074648,500,260.742046974754,517696,56.3895874023438
1831,180.58657529556,334,259.690225555377,518030,56.3895874023438
1832,257.131124097406,500,256.198720388473,518530,57.3485298156738
1833,258.332867607057,500,250.760785016812,519030,57.3485298156738
1834,221.869985782657,500,244.627810570609,519530,57.3485298156738
1835,346.270667898601,500,251.338565317827,520030,57.3485298156738
1836,336.982925998762,500,257.231326386193,520530,57.3485298156738
1837,348.034020570579,500,266.159548023509,521030,57.3485298156738
1838,328.367889105811,500,273.271481537051,521530,57.3485298156738
1839,293.264265656547,427,281.977183008763,521957,57.3485298156738
1840,321.567670046198,500,289.240799205918,522457,57.3485298156738
1841,284.471837759242,500,299.629325452286,522957,57.3485298156738
1842,274.303313583091,500,301.346544400854,523457,57.3485298156738
1843,332.737508520286,500,308.787008492177,523957,57.3485298156738
1844,231.124953395982,500,309.71250525351,524457,57.3485298156738
1845,265.911295974239,500,301.676568061074,524957,57.3485298156738
1846,206.992953546396,500,288.677570815837,525457,57.3485298156738
1847,360.902514448557,500,289.964420203635,525957,57.3485298156738
1848,211.775436748197,339,278.305174967873,526296,57.3485298156738
1849,256.228423974437,500,274.601590799663,526796,57.3485298156738
1850,247.440781038517,500,267.188901898895,527296,57.3485298156738
1851,348.466557016897,500,273.58837382466,527796,57.3485298156738
1852,342.626653881399,500,280.420707854491,528296,57.3485298156738
1853,330.79223745427,500,280.226180747889,528796,57.3485298156738
1854,351.343127529785,500,292.247998161269,529296,57.3485298156738
1855,298.459932586465,500,295.502861822492,529796,57.3485298156738
1856,335.836178921394,500,308.387184359992,530296,57.3485298156738
1857,283.425357030693,500,300.639468618206,530796,57.3485298156738
1858,253.325551501205,500,304.794480093506,531296,57.8064308166504
1859,239.593749944943,500,303.131012690557,531796,57.8064308166504
1860,311.039555079464,500,309.490890094652,532296,57.8064308166504
1861,267.836818954074,500,301.427916288369,532796,57.8064308166504
1862,329.788528671141,500,300.144103767344,533296,57.8064308166504
1863,263.50827302508,500,293.415707324425,533796,57.8064308166504
1864,344.296770934914,500,292.711071664937,534296,57.8064308166504
1865,168.066310391138,245,279.671709445405,534541,57.8064308166504
1866,269.212141816956,500,273.009305734961,535041,57.8064308166504
1867,148.151045028842,263,259.481874534776,535304,57.8064308166504
1868,269.413564241219,500,261.090675808777,535804,57.8064308166504
1869,263.620410809424,482,263.493341895225,536286,57.8064308166504
1870,305.377713710757,500,262.927157758354,536786,57.8064308166504
1871,281.933997341672,500,264.336875597114,537286,57.8064308166504
1872,266.608408601862,500,258.018863590186,537786,57.8064308166504
1873,252.810350580167,500,256.949071345695,538286,57.8064308166504
1874,259.431353797837,500,248.462529631987,538786,57.8064308166504
1875,231.516001887935,500,254.807498781667,539286,57.8064308166504
1876,185.848462144086,285,246.47113081438,539571,57.8064308166504
1877,273.013517535502,500,258.957378065046,540071,58.6120529174805
1878,365.988134452874,500,268.614835086212,540571,58.6120529174805
1879,218.352131506063,500,264.088007155876,541071,58.6120529174805
1880,304.468918940893,500,263.997127678889,541571,58.6120529174805
1881,320.806071041559,500,267.884335048878,542071,58.6120529174805
1882,263.70885340676,500,267.594379529368,542571,58.6120529174805
1883,354.801451184063,500,277.793489589757,543071,58.6120529174805
1884,332.966125600471,500,285.14696677002,543571,58.6120529174805
1885,201.111176290545,500,282.106484210281,544071,58.6120529174805
1886,250.978152077822,500,288.619453203655,544571,58.6120529174805
1887,363.90619017798,500,297.708720467903,545071,58.6120529174805
1888,281.300663334715,500,289.239973356087,545571,58.6120529174805
1889,347.965694531723,500,302.201329658653,546071,58.6120529174805
1890,303.861076774521,500,302.140545442016,546571,58.6120529174805
1891,265.013069672794,500,296.561245305139,547071,58.6120529174805
1892,226.841740080274,500,292.874533972491,547571,58.6120529174805
1893,363.884801857951,500,293.78286903988,548071,58.6120529174805
1894,249.355580842833,500,285.421814564116,548571,58.6120529174805
1895,276.702692085022,500,292.980966143563,549071,58.6120529174805
1896,259.501872999264,472,293.833338235708,549543,58.6120529174805
1897,284.02979160418,500,285.845698378328,550043,58.6120529174805
1898,165.865616429645,230,274.302193687821,550273,58.6120529174805
1899,253.916175841756,500,264.897241818824,550773,58.6120529174805
1900,395.725233461069,500,274.083657487479,551273,58.6120529174805
1901,266.404417519066,500,274.222792272106,551773,58.6120529174805
1902,271.297888023693,500,278.668407066448,552273,58.8512268066406
1903,263.949421285931,500,268.674869009246,552773,58.8512268066406
1904,354.57787568945,500,279.197098493908,553273,58.8512268066406
1905,242.359914968842,500,275.76282078229,553773,58.8512268066406
1906,287.845434702196,500,278.597176952583,554273,58.8512268066406
1907,271.133153209692,500,277.307513113134,554773,58.8512268066406
1908,260.577823465547,500,286.778733816724,555273,58.8512268066406
1909,343.887563169329,500,295.775872549482,555773,58.8512268066406
1910,367.846189049964,500,292.987968108371,556273,58.8512268066406
1911,278.548843462102,500,294.202410702675,556773,58.8512268066406
1912,182.021517742375,500,285.274773674543,557273,58.8512268066406
1913,266.019878879814,500,285.481819433931,557773,58.8512268066406
1914,218.799615800096,500,271.903993444996,558273,58.8512268066406
1915,221.69904037861,500,269.837905985972,558773,58.8512268066406
1916,271.636636375258,500,268.217026153279,559273,58.8512268066406
1917,219.127952731205,500,263.01650610543,559773,58.8512268066406
1918,293.415972803187,500,266.300321039194,560273,58.8512268066406
1919,260.635952586276,500,257.975159980889,560773,58.8512268066406
1920,270.288710895016,500,248.219412165394,561273,58.8512268066406
1921,216.08858188981,500,241.973386008165,561773,59.4894409179688
1922,304.890726546191,500,254.260306888546,562273,59.4894409179688
1923,275.26280222272,500,255.184599222837,562773,59.4894409179688
1924,263.77676685021,500,259.682314327849,563273,59.4894409179688
1925,272.496695865466,500,264.762079876534,563773,59.4894409179688
1926,313.948537912511,500,268.993270030259,564273,59.4894409179688
1927,334.71354838507,500,280.551829595646,564773,59.4894409179688
1928,231.879342563653,500,274.398166571692,565273,59.4894409179688
1929,334.182168470212,500,281.752788160086,565773,59.4894409179688
1930,213.617443759342,500,276.085661446519,566273,59.4894409179688
1931,254.505128659191,500,279.927316123457,566773,59.4894409179688
1932,245.9433900064,500,274.032582469478,567273,59.4894409179688
1933,244.378215160693,500,270.944123763275,567773,59.4894409179688
1934,271.651047566465,500,271.7315518349,568273,59.4894409179688
1935,242.226569262538,500,268.704539174607,568773,59.4894409179688
1936,241.299217916784,500,261.439607175035,569273,59.4894409179688
1937,344.362790834844,500,262.404531420012,569773,59.4894409179688
1938,326.55810853013,500,271.87240801666,570273,59.4894409179688
1939,230.633327068477,500,261.517523876486,570773,59.4894409179688
1940,227.298616732728,500,262.885641173825,571273,59.4894409179688
1941,276.974177723372,500,265.132546080243,571773,59.4894409179688
1942,239.017033274799,500,264.439910407083,572273,59.4894409179688
1943,333.600635664409,500,273.362152457454,572773,59.4894409179688
1944,231.597159990067,500,269.356763699815,573273,59.4894409179688
1945,247.781346515227,500,269.912241425084,573773,59.4894409179688
1946,328.592488403911,500,278.641568473796,574273,60.7325057983398
1947,300.149202447832,500,274.220209635095,574773,60.7325057983398
1948,313.30655172662,500,272.895053954744,575273,60.7325057983398
1949,150.280675309872,272,264.859788778884,575545,60.7325057983398
1950,256.344637542749,457,267.764390859886,576002,60.7325057983398
1951,277.499558997194,500,267.816928987268,576502,60.7325057983398
1952,273.908020989851,500,271.306027758773,577002,60.7325057983398
1953,307.483078906499,500,268.694272082982,577502,60.7325057983398
1954,251.757643259742,435,270.71032040995,577937,60.7325057983398
1955,290.809745157155,500,275.013160274142,578437,60.7325057983398
1956,257.65709603359,500,267.91962103711,578937,60.7325057983398
1957,311.71057114887,500,269.075757907214,579437,60.7325057983398
1958,271.305835431192,500,264.875686277671,579937,60.7325057983398
1959,215.084043751996,429,271.356023121884,580366,60.7325057983398
1960,348.474733393877,500,280.569032706997,580866,60.7325057983398
1961,355.197948965038,500,288.338871703781,581366,60.7325057983398
1962,263.088321355278,500,287.256901740324,581866,60.7325057983398
1963,354.414400218239,500,291.950033871498,582366,60.7325057983398
1964,217.236772637475,439,288.497946809271,582805,60.7325057983398
1965,219.225569639025,419,281.339529257458,583224,60.7325057983398
1966,259.056037917948,500,281.479423445894,583724,60.7325057983398
1967,181.985491888166,262,268.506915519823,583986,60.9345779418945
1968,222.887560572359,500,263.66508803394,584486,60.9345779418945
1969,160.106708627269,252,258.167354521467,584738,60.9345779418945
1970,273.405332314253,461,250.660414413505,585199,60.9345779418945
1971,269.927566792605,500,242.133376196262,585699,60.9345779418945
1972,330.103954108773,500,248.834939471611,586199,60.9345779418945
1973,262.414972652471,500,239.634996715034,586699,60.9345779418945
1974,332.823439718688,500,251.193663423156,587199,60.9345779418945
1975,229.238036455517,322,252.194910104805,587521,60.9345779418945
1976,164.989258669857,233,242.788232179996,587754,60.9345779418945
1977,319.520266849996,500,256.541709676179,588254,60.9345779418945
1978,348.050841833308,500,269.058037802274,588754,60.9345779418945
1979,194.304464567709,500,272.477813396318,589254,60.9345779418945
1980,331.662739118413,500,278.303554076734,589754,60.9345779418945
1981,244.965401549971,500,275.80733755247,590254,60.9345779418945
1982,273.078924547996,500,270.104834596393,590754,60.9345779418945
1983,183.073109091363,261,262.170648240282,591015,60.9345779418945
1984,348.561016947109,500,263.744405963124,591515,60.9345779418945
1985,190.234163139184,500,259.844018631491,592015,60.9345779418945
1986,337.689729627355,500,277.11406572724,592515,60.9345779418945
1987,227.682412368668,316,267.930280279108,592831,60.9345779418945
1988,304.157638940206,395,263.540959989797,593226,60.9345779418945
1989,232.988350271179,500,267.409348560144,593726,60.9345779418945
1990,149.448659116831,207,249.187940559986,593933,62.1085205078125
1991,315.729669338856,500,256.264367338875,594433,62.1085205078125
1992,222.604911917222,309,251.216966075797,594742,62.1085205078125
1993,393.35620866721,500,272.245276033382,595242,62.1085205078125
1994,155.221505659516,447,252.911324904623,595689,62.1085205078125
1995,148.835619233245,202,248.771470514029,595891,62.1085205078125
1996,222.114196670971,295,237.21391721839,596186,62.1085205078125
1997,283.553714582561,500,242.80104743978,596686,62.1085205078125
1998,200.5624430468,284,232.441527850439,596970,62.1085205078125
1999,126.97928563232,181,221.840621386553,597151,62.1085205078125
2000,329.618769322724,500,239.857632407143,597651,62.1085205078125
