CaseID,Theta1Error0,Theta2Error0,Omega1Error0,Omega2Error0,EvalSetName,SimTime,NumSamples,MaxAbsTheta1,MaxAbsTheta2Error,MaxAbsOmegaError,Theta2IAE,Theta2ISE,Theta1IAE,SettlingTimeTheta2,SettlingTimeBoth,FinalTheta2MAE,FinalTheta1MAE,FinalTheta2Bias,FinalTheta1Bias,FinalTheta2MaxAbsError,Theta2EndRMS,Theta2EndOscRMS,Theta2EndPeakToPeak,Theta2EndOscFreqHz,ActionEnergy,TorqueCommandEnergy,TorqueEnergy,CurrentEnergy,VoltageEnergy,ElectricalAbsEnergy,MeanAbsElectricalPower,DActionEnergy,DTorqueCommandEnergy,ActionDiffRMS,ActionEndRMS,ActionEndOscRMS,ActionEndPeakToPeak,ActionEndOscFreqHz,Terminated,Failed,CaseCost,ControllerName,StageIndex,StageName,TrainingEpisode,EvaluatedAt
1,-0.785398163397448,-3.14159265358979,-5,-10,full_final,5,100001,41.8192803931803,3.14159265358979,24.3654299673067,2.17785814328214,4.49177884615655,1.26639578187792,2.2006,NaN,0.00627614267739284,0.249740416098822,0.000912520396681335,-0.249740416098822,0.0112986225320528,0.00685482858642714,0.00685395247261217,0.0211667421995276,6.5,0.0849576347149434,0.0132916833837797,0.0124864113740736,1.31349495059289,36.8592927365969,6.23054341727469,1.24610868345494,0.086273463957321,0.000138614641279084,0.131357119302549,0.00739579945548402,0.00739293304890121,0.0256720343604684,6.5,0,1,1000,TD3,NaN,mathworks_style_single_run,NaN,17-Jun-2026 14:34:37
2,-0.785398163397448,-3.14159265358979,-5,0,full_final,5,100001,18.3532865406362,3.14159265358979,24.3207798284491,2.17714968577471,4.49498434418299,1.26343991955973,2.18275,NaN,0.00611174081390079,0.251059485654277,-0.000280842956234194,-0.251059485654277,0.0110660647532657,0.00675433085265053,0.00675396662732537,0.020552084751241,7,0.0842484968317357,0.0131837783034693,0.0123599646716396,1.30019352232895,32.4893170405211,6.10627647043603,1.22125529408721,0.0852236195980258,0.000137017898989432,0.130555443852814,0.00726553996440122,0.00726549649699303,0.0231240587309003,7,0,1,1000,TD3,NaN,mathworks_style_single_run,NaN,17-Jun-2026 14:34:37
3,-0.785398163397448,-3.14159265358979,-5,10,full_final,5,100001,4.15903919506782,3.14159265358979,24.2951496341418,2.17317837226972,4.49754200353044,1.25757071836404,2.18105,NaN,0.0059240134876695,0.250608868058893,-0.000115830482696519,-0.250608868058893,0.0101341956171199,0.00657738332742214,0.00657715649478379,0.019549321545707,7,0.0830306848891343,0.0129985382281678,0.0121489105114355,1.2779919012687,28.3086155194698,5.854157811308,1.1708315622616,0.083490922531266,0.00013438246874401,0.129221455286083,0.00705632176429506,0.00705626542009666,0.0214697876945138,7,0,1,1000,TD3,NaN,mathworks_style_single_run,NaN,17-Jun-2026 14:34:37
4,-0.785398163397448,-3.14159265358979,0,-10,full_final,5,100001,23.9117188186355,3.14159265358979,24.3771307533127,2.17941570810936,4.49224062963611,1.26845991974699,2.20365,NaN,0.00605029105728572,0.24985915673549,0.000503038916584862,-0.24985915673549,0.0101977869077816,0.0066751709336955,0.00667432408293297,0.0194496396711532,7,0.0850876479412338,0.0133113938136039,0.0125080043433086,1.31576640034805,29.7743151827914,6.04301542083429,1.20860308416686,0.0864610656557132,0.000138900056385524,0.131499859814156,0.00717493481578966,0.00717456403575165,0.0218527736142278,7,0,1,1000,TD3,NaN,mathworks_style_single_run,NaN,17-Jun-2026 14:34:37
5,-0.785398163397448,-3.14159265358979,0,0,full_final,5,100001,0.796907276599061,3.14159265358979,24.3338045556047,2.17802856211658,4.4943557934423,1.26557036036717,2.19745,NaN,0.00608701973304132,0.250819934878867,-9.94567185382703e-05,-0.250819934878867,0.0107252151855788,0.00674714849807768,0.00674697459276304,0.0202237164588617,7,0.0844271738729918,0.0132109621952274,0.0123898656804429,1.30333892759426,28.1805212149665,5.96962503090237,1.19392500618047,0.0854868985601678,0.000137418347430382,0.130756949000937,0.00727254959356535,0.00727250342243494,0.0238200249150395,7,0,0,5.17399645142952,TD3,NaN,mathworks_style_single_run,NaN,17-Jun-2026 14:35:13
6,-0.785398163397448,-3.14159265358979,0,10,full_final,5,100001,22.4323107813536,3.14159265358979,24.3085184765266,2.17422717857977,4.49789759845401,1.25865900602793,2.1796,NaN,0.00589570061487531,0.250828891506522,-0.000271497219102497,-0.250828891506522,0.00998324448037937,0.00657309229454758,0.00657291465318653,0.0191638411290267,7,0.0834508619840404,0.0130624531199114,0.0122125361656435,1.28468493524192,29.4674425488075,5.8885835196409,1.17771670392818,0.0840239735226184,0.00013519323888116,0.129633308622914,0.00705053717566254,0.00705050243880635,0.0216590967029333,7,0,1,1000,TD3,NaN,mathworks_style_single_run,NaN,17-Jun-2026 14:34:38
7,-0.785398163397448,-3.14159265358979,5,-10,full_final,5,100001,5.41836771492341,3.14159265358979,24.3898456913884,2.17832699405756,4.49377541870613,1.26601981411238,2.20435,NaN,0.00578134157830923,0.249658593570328,0.00051839081364343,-0.249658593570328,0.0104892325650197,0.00648950781385941,0.00648913765373424,0.0201145377174807,7,0.0850587614269829,0.0133070062828841,0.0125004983546381,1.31497681574102,30.0942442605848,6.0837338358423,1.21674676716846,0.0863616209650077,0.000138748801028611,0.131424214637188,0.00691734085785192,0.00691725288519949,0.0214816331863403,7,0,1,1000,TD3,NaN,mathworks_style_single_run,NaN,17-Jun-2026 14:35:13
8,-0.785398163397448,-3.14159265358979,5,0,full_final,5,100001,16.8809020382857,3.14159265358979,24.3476524965198,2.17798463952875,4.49453421355505,1.26538079994477,2.19535,NaN,0.00595492277361964,0.251196051023293,-0.000404628643545511,-0.251196051023293,0.0101944928663509,0.00667773559274959,0.00667768587348104,0.0197754427302552,7,0.0846302949369119,0.0132418649296767,0.0124138811179823,1.30586520636237,29.9185084994476,6.01362612695139,1.20272522539028,0.0857132489099448,0.000137762624763942,0.130929942266805,0.00716832787734477,0.00716827019360287,0.0231221923604608,7,0,1,1000,TD3,NaN,mathworks_style_single_run,NaN,17-Jun-2026 14:34:37
9,-0.785398163397448,-3.14159265358979,5,10,full_final,5,100001,39.1676006635876,3.14159265358979,24.3226209150849,2.17700349162954,4.49665397596049,1.26305862214172,2.18865,NaN,0.00606335857738995,0.25087147229766,-0.000211289630712515,-0.25087147229766,0.0112487946341722,0.00675306844134884,0.00675219279474518,0.0203791176342545,7,0.0841335083771289,0.013166279070924,0.0123225032049013,1.29625280261946,31.7305829623583,5.99310692695135,1.19862138539027,0.0850366940224971,0.000136733586960538,0.130412188097967,0.00725951901718064,0.00725904854731605,0.0224640546366572,7,0,1,1000,TD3,NaN,mathworks_style_single_run,NaN,17-Jun-2026 14:35:13
10,-0.785398163397448,-2.35619449019234,-5,-10,full_final,5,100001,43.2573221355482,3.14157754733507,24.3035263583527,2.5196830584435,5.50704611216536,1.34140551156591,1.57375,NaN,0.0059643940828526,0.250913542880222,-0.000293483910022032,-0.250913542880222,0.0101861924141693,0.00664879505419506,0.00664791491937,0.019147533511406,7,0.134854149477009,0.0206385281949522,0.0193656624919535,2.03715055799642,46.8832833897357,9.3533641497983,1.87067282995966,0.143711047179283,0.000221130468136606,0.169535274901292,0.0070943060636058,0.00709379430731283,0.0218100175261497,7,0,1,1000,TD3,NaN,mathworks_style_single_run,NaN,17-Jun-2026 14:34:37
11,-0.785398163397448,-2.35619449019234,-5,0,full_final,5,100001,32.069326657465,3.14152098696874,24.1563484778493,2.52027818948385,5.50984464555226,1.344675749575,1.57465,NaN,0.00599573443734672,0.25138728725116,-0.000600959186581769,-0.25138728725116,0.0100772421252595,0.00670260392632664,0.00670198197744651,0.0190177517324024,7,0.134358660804417,0.0205632237648562,0.019223508436302,2.02219681118232,44.6052388427883,9.2348576573342,1.84697153146684,0.143006481763262,0.00022005883744462,0.169119177956411,0.00715301854289819,0.00715262363166549,0.0214531030505896,7,0,1,1000,TD3,NaN,mathworks_style_single_run,NaN,17-Jun-2026 14:35:14
12,-0.785398163397448,-2.35619449019234,-5,10,full_final,5,100001,10.9540573026841,3.14145095342775,24.2946726963606,2.52062904769322,5.51129030354519,1.3439354516347,1.5736,NaN,0.00599997538410386,0.251229891404948,-0.000480017958516911,-0.251229891404948,0.0103185475245307,0.00668097824503031,0.00668014766013655,0.0193419992474269,7,0.135337583247466,0.0207121055099858,0.0194484045091378,2.04585451772653,43.8235769310472,9.30808182980105,1.86161636596021,0.144430267100536,0.00022222441748721,0.169958975697393,0.00712492610257289,0.00712435467998227,0.021730650216341,7,0,1,1000,TD3,NaN,mathworks_style_single_run,NaN,17-Jun-2026 14:35:13
13,-0.785398163397448,-2.35619449019234,0,-10,full_final,5,100001,18.3091473284462,3.14139686408377,24.2936097203928,2.52000524391116,5.50710883495011,1.3405290067079,1.57395,NaN,0.00597131720189588,0.251254425425499,-0.000485173783692207,-0.251254425425499,0.0101286027285517,0.00668478103016667,0.00668397437329474,0.0192333638215878,7,0.135204949181005,0.020691924286871,0.0194176020278355,2.04261428300702,44.1394740517404,9.31409100760024,1.86281820152005,0.144129956502563,0.000221767644274395,0.169782187818725,0.00713860878856455,0.007137874626386,0.0218339078128338,7,0,1,1000,TD3,NaN,mathworks_style_single_run,NaN,17-Jun-2026 14:35:12
14,-0.785398163397448,-2.35619449019234,0,0,full_final,5,100001,0.884501264397671,3.14154521276966,24.148041955826,2.52054988991691,5.50879632594159,1.34173692527201,1.5738,NaN,0.00618940962572352,0.251545797940003,-0.000719546310919715,-0.251545797940003,0.0113590567027073,0.00685442373128728,0.00685400115494763,0.0210570484226533,7,0.134753641240798,0.0206233214085705,0.019297162708937,2.02994479515446,43.1869300646131,9.25668247466096,1.85133649493219,0.143519139276326,0.000220838579896339,0.169422040641899,0.00732149593382578,0.00732112605178129,0.0237178392708302,7,0,0,5.90883334869635,TD3,NaN,mathworks_style_single_run,NaN,17-Jun-2026 14:35:13
15,-0.785398163397448,-2.35619449019234,0,10,full_final,5,100001,15.3581712636971,3.14146828033415,24.2896977930788,2.52110661978463,5.51215972656878,1.34338204900955,1.5714,NaN,0.00606378508886661,0.250864914455488,-0.000116211009758842,-0.250864914455488,0.0115072904902223,0.00675818451823183,0.00675663660347582,0.0207652876936759,7,0.135512240922538,0.0207385883415867,0.0194806729968336,2.04924896745127,44.9011585950968,9.35916304183144,1.87183260836629,0.144616109743119,0.000222507086615106,0.170068286134199,0.00723194677436386,0.0072315288231978,0.0230571953579783,7,0,1,1000,TD3,NaN,mathworks_style_single_run,NaN,17-Jun-2026 14:35:13
16,-0.785398163397448,-2.35619449019234,5,-10,full_final,5,100001,8.37671503144676,3.14148222102832,24.2863531102402,2.52010535900151,5.50659177120146,1.33904807569811,1.5723,NaN,0.0058598125809116,0.251499080708572,-0.000645383386027007,-0.251499080708572,0.0103811897052124,0.00662799646692586,0.00662755223625922,0.0196442720856727,7,0.135345425329208,0.0207133071387428,0.0194387029684006,2.04483397432222,44.2549637308801,9.32970045970971,1.86594009194194,0.144361830738451,0.000222120325853678,0.169918704525694,0.00712114647052774,0.00712112842329021,0.0223751356825233,7,0,1,1000,TD3,NaN,mathworks_style_single_run,NaN,17-Jun-2026 14:35:14
17,-0.785398163397448,-2.35619449019234,5,0,full_final,5,100001,23.7889120764977,3.14154874817805,24.1718314922908,2.5203288427961,5.51042886425189,1.3445376382762,1.5743,NaN,0.00601048843055108,0.25086451981642,-3.09906876711868e-05,-0.25086451981642,0.0102791968550451,0.00666076557181666,0.00666072954142975,0.0200797307786775,7,0.134330318956468,0.0205587662081857,0.0192303365604332,2.02291508853999,45.4831409901553,9.27721901565535,1.85544380313107,0.143107227635033,0.000220212060213101,0.169178738401155,0.00718800776917814,0.00718800507195541,0.0223835809156299,7,0,1,1000,TD3,NaN,mathworks_style_single_run,NaN,17-Jun-2026 14:35:14
18,-0.785398163397448,-2.35619449019234,5,10,full_final,5,100001,40.954286390837,3.14146003011133,24.2998836635328,2.52095811565149,5.51239460577079,1.34463925911612,1.58045,NaN,0.00569851372243475,0.25191627247303,-0.000864593909241553,-0.25191627247303,0.0104584367775938,0.00661559562797223,0.00661544534420963,0.0208427840887193,7,0.135387756094157,0.0207197556905708,0.0194732869290151,2.04847199779252,49.7523719536603,9.48196506178316,1.89639301235663,0.144434555342333,0.000222230935725554,0.169961498782714,0.00711597745231982,0.00711597732288448,0.0238971775397658,7,0,1,1000,TD3,NaN,mathworks_style_single_run,NaN,17-Jun-2026 14:35:12
19,-0.785398163397448,-1.5707963267949,-5,-10,full_final,5,100001,38.4480400608165,3.1414344763838,27.1339209928189,1.66070314039631,3.15314152980954,1.27537252181449,2.01035,NaN,0.0060634237278996,0.251757794864327,-0.000855943355109277,-0.251757794864327,0.0100347024913279,0.00673090164318813,0.00673084999736904,0.019049441799686,6.5,0.0602402824574464,0.00941197843723082,0.00886606421868568,0.932656328066874,22.5295496338417,4.30494329531784,0.860988659063569,0.0590750125757369,9.48417012758266e-05,0.10869683765017,0.0071784786904479,0.00717832625934437,0.0211451388895512,6.5,0,1,1000,TD3,NaN,mathworks_style_single_run,NaN,17-Jun-2026 14:35:14
20,-0.785398163397448,-1.5707963267949,-5,0,full_final,5,100001,33.4056833934302,3.14138070036553,27.1169128012543,1.66128049653792,3.15461738820047,1.27614502705922,2.01215,NaN,0.00603866304839936,0.251482880907097,-0.000730434084688,-0.251482880907097,0.0101680598152178,0.00670017085286618,0.00670005717662584,0.0191232383800739,7,0.0603312274538826,0.00942580426444408,0.00884320389245639,0.930251560021705,22.0070955352021,4.29248942451748,0.858497884903497,0.0591509387085411,9.49571918790362e-05,0.108766666500855,0.00714514617642201,0.00714507736051149,0.0216383198276162,7,0,1,1000,TD3,NaN,mathworks_style_single_run,NaN,17-Jun-2026 14:35:13
21,-0.785398163397448,-1.5707963267949,-5,10,full_final,5,100001,32.9464217955001,3.14140924137331,27.2130326194982,1.65940642178885,3.15285752675222,1.27175380902242,2.00775,NaN,0.00601521759415567,0.251563017177448,-0.000725042073550661,-0.251563017177448,0.0109163186697812,0.0064501270761431,0.00644895120615512,0.020109627824993,7,0.0607449860969121,0.00948874002565784,0.00893850000761385,0.940276134923217,24.6819698874519,4.43992020468895,0.88798404093779,0.0598233837597495,9.59799878914274e-05,0.109383164847018,0.00679979801917883,0.00679934233244937,0.0232163472101092,7,0,1,1000,TD3,NaN,mathworks_style_single_run,NaN,17-Jun-2026 14:35:14
22,-0.785398163397448,-1.5707963267949,0,-10,full_final,5,100001,1.04580676619466,3.14142532903199,27.0863673938592,1.66123161344109,3.15388003770313,1.27663437175404,2.0127,NaN,0.00608242199974906,0.251681607142452,-0.00084269967671803,-0.251681607142452,0.010347500743944,0.00674135545770396,0.00674130091972367,0.0194670427469701,6.5,0.0599809675130391,0.00937253589143547,0.00880616476777283,0.926355268141781,19.9256115624132,4.20593169789817,0.841186339579633,0.0586884875439916,9.42538061958047e-05,0.108340654921402,0.0071900445186429,0.0071899038855669,0.0215788083150983,6.5,0,0,4.14091582170508,TD3,NaN,mathworks_style_single_run,NaN,17-Jun-2026 14:35:13
23,-0.785398163397448,-1.5707963267949,0,0,full_final,5,100001,0.785398163397448,3.14140914718602,27.1186864633135,1.66031546251426,3.15316966207642,1.27365621858858,2.0062,NaN,0.00584533753617432,0.251552037814993,-0.000818433420140009,-0.251552037814993,0.010029666888288,0.00659542402093756,0.00659538478472265,0.0198958018428446,6.5,0.0603391429832949,0.00942700608126599,0.0088656360733568,0.932611289767973,20.1724108373923,4.26788005811856,0.853576011623712,0.0591842480370474,9.50078682107468e-05,0.108797286764926,0.00705217874073621,0.00705211949838349,0.0229078065603971,6.5,0,0,4.13131910789878,TD3,NaN,mathworks_style_single_run,NaN,17-Jun-2026 14:35:42
24,-0.785398163397448,-1.5707963267949,0,10,full_final,5,100001,0.787836483786039,3.14143590174595,27.2138702889497,1.65967012014624,3.15324084319924,1.27259724505291,2.00315,NaN,0.00583586535799676,0.252055340759517,-0.00100251635511711,-0.252055340759517,0.0102178026080915,0.006560554340318,0.00656048652178637,0.0204347062979768,6.5,0.060801208226904,0.00949728479439486,0.00894505006808222,0.94096516166545,22.3109533397799,4.38150482536811,0.876300965073621,0.0598721284417447,9.60541335725253e-05,0.109427719012821,0.00700790027084664,0.0070077182409888,0.02419622708112,6.5,0,0,4.13032690087031,TD3,NaN,mathworks_style_single_run,NaN,17-Jun-2026 14:35:32
25,-0.785398163397448,-1.5707963267949,5,-10,full_final,5,100001,30.2560592461736,3.1413514917863,27.0555851145971,1.66146250618798,3.15444880009902,1.27679842936473,2.0102,NaN,0.00608186722671343,0.251735781927867,-0.000886116448917361,-0.251735781927867,0.0100438649370598,0.00671316224278863,0.00671313824183167,0.0192280954796611,6.5,0.0597940515716806,0.0093440952952017,0.00876303529630161,0.921818308618183,22.0790978794506,4.24669288678093,0.849338577356187,0.0584199645771161,9.38453942319183e-05,0.108092520164085,0.00715045564946847,0.00714999485985243,0.0217245938256383,6.5,0,1,1000,TD3,NaN,mathworks_style_single_run,NaN,17-Jun-2026 14:35:22
26,-0.785398163397448,-1.5707963267949,5,0,full_final,5,100001,30.0368728949067,3.14143670024882,27.1193306250059,1.66039293782984,3.15337455775453,1.27369220384108,2.00775,NaN,0.00606232954888075,0.25156225585983,-0.000768290033795143,-0.25156225585983,0.0104828954709784,0.00670808927858189,0.00670806729165021,0.0195005992136221,7,0.0603934653329821,0.00943524558800481,0.00886963574896352,0.933032031449151,22.2373627759817,4.29371525665002,0.858743051330004,0.059264636968648,9.51301429623524e-05,0.108871150419795,0.00716536061426642,0.00716535975087359,0.0215904973447323,6.5,0,1,1000,TD3,NaN,mathworks_style_single_run,NaN,17-Jun-2026 14:35:10
27,-0.785398163397448,-1.5707963267949,5,10,full_final,5,100001,33.6310927848998,3.14147666537332,27.2026816043189,1.66097420545333,3.15373135440903,1.27626322460945,2.0107,NaN,0.00599632097191931,0.251722977244297,-0.000804466816541311,-0.251722977244297,0.0100571856905396,0.00670098010237493,0.00670070925994868,0.0193788840928386,7,0.0607893098850958,0.00949547524496696,0.00893071803771724,0.939457518760525,22.9707523264396,4.32797177999345,0.86559435599869,0.0598008789537827,9.59457548208299e-05,0.10936258862498,0.00715973489540484,0.0071594610826113,0.0220976313576102,7,0,1,1000,TD3,NaN,mathworks_style_single_run,NaN,17-Jun-2026 14:34:59
28,-0.785398163397448,-0.785398163397448,-5,-10,full_final,5,100001,10.6350788889089,3.14129966288029,22.4534387960126,0.810814607150701,1.29784698421884,1.27862542541611,1.7865,NaN,0.00609337790842695,0.249602025134324,0.000735040149662639,-0.249602025134324,0.010320541244518,0.00670537724328152,0.00670494306348718,0.019445779810578,7,0.0218886521489904,0.00367336658503172,0.00346990140174645,0.365012639236971,8.09784455648323,1.64576159290663,0.329152318581327,0.018017569102697,3.42880951557365e-05,0.0600292746960964,0.00716623411210658,0.00716601084610225,0.0218856083229184,7,0,1,1000,TD3,NaN,mathworks_style_single_run,NaN,17-Jun-2026 14:34:49
29,-0.785398163397448,-0.785398163397448,-5,0,full_final,5,100001,23.8468511857814,3.14130462405712,22.4609722831472,0.810675899007254,1.29770699788901,1.27925857397404,1.78575,NaN,0.00616720301804497,0.249399536982752,0.000885677426985544,-0.249399536982752,0.0105960967541707,0.00676813895614688,0.00676734508355629,0.0199570458931895,7,0.021803119711475,0.00366038257983455,0.00345565732400398,0.363514248415935,9.81918173322221,1.7143133783385,0.3428626756677,0.0179270638249832,3.41504381122223e-05,0.0598783163173169,0.00720794279311603,0.00720637189989073,0.0221047503873706,7,0,1,1000,TD3,NaN,mathworks_style_single_run,NaN,17-Jun-2026 14:35:42
30,-0.785398163397448,-0.785398163397448,-5,10,full_final,5,100001,41.2884190996599,3.14157737651938,22.4743629301897,0.810872077887755,1.29798562897258,1.28011579830398,1.7814,NaN,0.00609263364592378,0.24969191668741,0.000702201051061984,-0.24969191668741,0.0102774479949395,0.00672188676097143,0.00672174869835152,0.0199819035184969,7,0.0219977843332155,0.00368996292691681,0.00348613890155826,0.366720726002183,13.7003258824932,1.82378264701056,0.364756529402112,0.0181371056012802,3.44699178105374e-05,0.0602280758471998,0.00717613872716167,0.00717613867351564,0.0226344615221024,7,0,1,1000,TD3,NaN,mathworks_style_single_run,NaN,17-Jun-2026 14:35:33
31,-0.785398163397448,-0.785398163397448,0,-10,full_final,5,100001,16.877826730991,3.14142829541137,22.4336026711127,0.810642968776544,1.29803683997339,1.27769676311691,1.78415,NaN,0.00603730622421784,0.249581109427243,0.000732221972136588,-0.249581109427243,0.0101030994683973,0.00666294794636876,0.00666233949355291,0.0191830066366876,7,0.0217625806090924,0.00365418579203295,0.00344476880762574,0.362368842353793,8.60099359732039,1.64334868076863,0.328669736153727,0.0178195018802237,3.39868403156938e-05,0.0596984118385468,0.0071253657654865,0.0071250566162297,0.0217042388394475,7,0,1,1000,TD3,NaN,mathworks_style_single_run,NaN,17-Jun-2026 14:35:23
32,-0.785398163397448,-0.785398163397448,0,0,full_final,5,100001,0.785744168765991,3.141430797735,22.4653457553114,0.810642093893103,1.29762351377043,1.27941311977313,1.78735,NaN,0.0058202165703611,0.249426241627354,0.000805591065003115,-0.249426241627354,0.0100862682111702,0.00659481549499303,0.00659475459609779,0.0193578920160125,7,0.0218171649678499,0.00366254404148368,0.0034633195332905,0.364320266486838,8.24561686516442,1.67163643221645,0.33432728644329,0.017921922299478,3.41426019476823e-05,0.0598697290781877,0.00703419035771944,0.00703419028035785,0.022457760758698,7,0,0,2.42996494431912,TD3,NaN,mathworks_style_single_run,NaN,17-Jun-2026 14:35:10
33,-0.785398163397448,-0.785398163397448,0,10,full_final,5,100001,16.4262712759879,3.14158936450912,22.4784624979565,0.810411738099347,1.297992114189,1.27979587622672,1.78585,NaN,0.00557103121247615,0.249851966035924,0.000392040202907963,-0.249851966035924,0.0107312845783574,0.00646384961095058,0.00646328996452459,0.0197735892209234,7,0.021979868114719,0.00368724469168771,0.0034832797593636,0.366419961537262,11.4062890613394,1.7966528700304,0.359330574006079,0.0181015463578909,3.44158348984201e-05,0.0601690059048526,0.00690254347569651,0.00690251901346208,0.0223557855933905,7,0,1,1000,TD3,NaN,mathworks_style_single_run,NaN,17-Jun-2026 14:34:59
34,-0.785398163397448,-0.785398163397448,5,-10,full_final,5,100001,39.2516402278075,3.14142512261988,22.4448491397003,0.810732244642533,1.29804151648916,1.27806702849004,1.78385,NaN,0.00603150765595165,0.24998727771358,0.000531380790220547,-0.24998727771358,0.010077353681494,0.00669136827437101,0.00669103320244958,0.0197549473631895,7,0.0218962152278796,0.00367450336076599,0.00346896940957905,0.364914599298256,11.4817599154933,1.73659958314982,0.347319916629963,0.0179720504001106,3.42188720616146e-05,0.0599533992365914,0.00718114977646379,0.0071811365265668,0.0226823473349214,7,0,1,1000,TD3,NaN,mathworks_style_single_run,NaN,17-Jun-2026 14:34:49
35,-0.785398163397448,-0.785398163397448,5,0,full_final,5,100001,26.0597390597261,3.14144565521038,22.4730475515136,0.810663117057538,1.29758754196754,1.27942670893353,1.78855,NaN,0.00604203882369918,0.249737385857047,0.000678657606723969,-0.249737385857047,0.0100167299078999,0.00668100510707614,0.00668072343852307,0.0194634577824253,7,0.0219407689700989,0.00368129657070132,0.00348302837375052,0.36639351729131,9.40486837035028,1.69091078389756,0.338182156779512,0.0180693871144191,3.43669090488163e-05,0.0601155339565726,0.00712455462020058,0.00712448764848791,0.0215189410373569,7,0,1,1000,TD3,NaN,mathworks_style_single_run,NaN,17-Jun-2026 14:35:43
36,-0.785398163397448,-0.785398163397448,5,10,full_final,5,100001,9.2699942390468,3.14149386992536,22.4747141769799,0.810493620843235,1.29800327463281,1.27887405904382,1.7913,NaN,0.00600420001602917,0.24948486479539,0.000714486504457924,-0.24948486479539,0.0102722697364739,0.00649754722057428,0.00649737316178941,0.0192871693556267,7,0.0220851375204,0.0037032491699206,0.0034975600599963,0.36792216278725,10.1579926576702,1.75576032094121,0.351152064188242,0.0182050786661506,3.45733077809524e-05,0.0603408297360097,0.00697499762474917,0.00697499762251605,0.0217062467709184,7,0,1,1000,TD3,NaN,mathworks_style_single_run,NaN,17-Jun-2026 14:35:33
37,-0.785398163397448,-0.349065850398866,-5,-10,full_final,5,100001,1.587455667262,0.349737579184321,9.08630601801832,0.116221142796665,0.0116247790846615,1.36724881227067,1.30845,NaN,0.00587396162908878,0.250808450450414,-0.000303521071055455,-0.250808450450414,0.010073802908213,0.00661801208715248,0.00661755161610907,0.0196554281406898,7,0.00205208122050706,0.000499979333958074,0.000462550278272097,0.0486574914684652,2.06833652264488,0.241694342566388,0.0483388685132777,0.00167250222274861,6.30215545755325e-06,0.0182893533114138,0.00708188007502863,0.0070815881202329,0.021940566599369,7,0,1,1000,TD3,NaN,mathworks_style_single_run,NaN,17-Jun-2026 14:35:23
38,-0.785398163397448,-0.349065850398866,-5,0,full_final,5,100001,18.1658550396377,0.349734013176931,9.08109646437634,0.115888777859461,0.0116130837611065,1.36681771774867,1.30665,NaN,0.00627049219429807,0.251894773783752,-0.000867859779444956,-0.251894773783752,0.0110087963986656,0.00691342668121483,0.00691331834314134,0.0205332681096815,6.5,0.00204472781292184,0.000498907828754487,0.000461957967418578,0.0485951839493572,2.69270827670386,0.260202755698855,0.052040551139771,0.00167484740741525,6.30571903832265e-06,0.018302171496384,0.00740338160385855,0.00740337068436229,0.0232711574062705,6.5,0,1,1000,TD3,NaN,mathworks_style_single_run,NaN,17-Jun-2026 14:35:11
39,-0.785398163397448,-0.349065850398866,-5,10,full_final,5,100001,40.2449645507354,0.349733630576714,9.0750868898537,0.115895965405297,0.0116137169545316,1.3664877429032,1.30895,NaN,0.00593578131313939,0.251290947977643,-0.000599745917654267,-0.251290947977643,0.0101191777666734,0.00676666917998781,0.00676652464810736,0.0202584142913822,7,0.00205402948268784,0.000500302142019924,0.000461951580394847,0.0485945120730936,5.80181336252206,0.326694978980086,0.0653389957960172,0.00168414149280239,6.31985423687028e-06,0.0183528825681547,0.00723304404511968,0.00723286351929186,0.0226993067190051,6.5,0,1,1000,TD3,NaN,mathworks_style_single_run,NaN,17-Jun-2026 14:34:59
40,-0.785398163397448,-0.349065850398866,0,-10,full_final,5,100001,19.8116267436153,0.349834673992657,9.10425121946048,0.115728498651136,0.0116253521427721,1.36681060929937,1.309,NaN,0.00598999099983225,0.250836264532222,-0.000200794301984369,-0.250836264532222,0.01029649407905,0.00672006703117059,0.00671930551527504,0.0202849933016882,7,0.00204913469420001,0.000499532271221334,0.000462409081213913,0.0486426383919961,2.78054526299311,0.268103222838536,0.0536206445677071,0.00166148663158508,6.28540113609169e-06,0.0182290242831869,0.00721497903260946,0.00721453629146116,0.0232748119160533,7,0,1,1000,TD3,NaN,mathworks_style_single_run,NaN,17-Jun-2026 14:34:49
41,-0.785398163397448,-0.349065850398866,0,0,full_final,5,100001,0.785785582565352,0.34983297585041,9.09781442170053,0.116020218476411,0.0116266990933358,1.36730109029257,1.30765,NaN,0.00598825372584188,0.251585967810644,-0.000747440016168552,-0.251585967810644,0.0102422689009973,0.00661334174385487,0.00661323321463894,0.0191893294794272,7,0.00204975310854551,0.000499649645086487,0.000462430252336418,0.0486448654660271,1.67793144278788,0.236468735061257,0.0472937470122513,0.00165414864953916,6.27423603865444e-06,0.0181887253513772,0.00707183733400845,0.00707180628203745,0.0216481331735849,7,0,0,1.08687905901112,TD3,NaN,mathworks_style_single_run,NaN,17-Jun-2026 14:35:42
42,-0.785398163397448,-0.349065850398866,0,10,full_final,5,100001,21.967649701937,0.349834467656628,9.09121037610498,0.115967805658991,0.0116222061857639,1.36685438763177,1.3035,NaN,0.00566474913874067,0.251464747772972,-0.000798036148041489,-0.251464747772972,0.0107505094326439,0.00661355793239296,0.00661332705689738,0.0201328274499883,6.5,0.00205987177966433,0.000501212183060458,0.000463539564229748,0.0487615583673632,3.63120181316961,0.293309770153559,0.0586619540307118,0.00167107888855348,6.29998885092408e-06,0.0182815693448538,0.00700185896143277,0.00700182954515886,0.0223055779933929,6.5,0,1,1000,TD3,NaN,mathworks_style_single_run,NaN,17-Jun-2026 14:35:32
43,-0.785398163397448,-0.349065850398866,5,-10,full_final,5,100001,37.4353946769183,0.349931736134642,9.12268063372618,0.115874672187514,0.0116368833552803,1.36731039281241,1.30815,NaN,0.00604134294428405,0.251645664915727,-0.00072986276875048,-0.251645664915727,0.010052524213684,0.00669474504922543,0.0066947199910776,0.0196044528338435,7,0.00206459194541131,0.000501901259717291,0.000465271180110679,0.0489437138840951,4.92635991193378,0.325071258324189,0.0650142516648379,0.00166024712412074,6.28351335026442e-06,0.0182222233776273,0.00718218222099925,0.00718205568968945,0.0217868993058801,7,0,1,1000,TD3,NaN,mathworks_style_single_run,NaN,17-Jun-2026 14:35:22
44,-0.785398163397448,-0.349065850398866,5,0,full_final,5,100001,19.3393593265207,0.349931892572166,9.11524594440787,0.11582687367844,0.011631933362126,1.36738065247873,1.30495,NaN,0.00591168333631509,0.251591090806093,-0.000864799973227541,-0.251591090806093,0.0101739769403384,0.00652794542948552,0.00652794494146608,0.0193019146187767,7,0.00205330740967646,0.000500207498832041,0.000463768905475634,0.0487856836792251,3.04186662766015,0.279174577933551,0.0558349155867101,0.00164307147788069,6.25737887282241e-06,0.0181277217425726,0.00696853236904812,0.0069685235082576,0.0224015926942229,7,0,1,1000,TD3,NaN,mathworks_style_single_run,NaN,17-Jun-2026 14:35:10
45,-0.785398163397448,-0.349065850398866,5,10,full_final,5,100001,2.24453672091462,0.349935315324858,9.10772366258981,0.115650215110964,0.0116219036821926,1.36658012008082,1.30375,NaN,0.00569448286103507,0.25029333345343,-0.000206975871804637,-0.25029333345343,0.0105716786847738,0.00640726019436357,0.00640582037644334,0.0194482521021961,7,0.00205386956324798,0.000500255739004984,0.000462469339530253,0.0486489772023935,2.70244143428364,0.277266171670387,0.0554532343340775,0.00165203205054897,6.27101972537183e-06,0.0181770847527813,0.0068176328740311,0.00681731000113903,0.0212999768555164,7,0,1,1000,TD3,NaN,mathworks_style_single_run,NaN,17-Jun-2026 14:34:59
46,-0.785398163397448,0,-5,-10,full_final,5,100001,4.444941974231,0.117690882953314,5.49822485817519,0.0567885418199602,0.00244865426283168,1.37945784197504,0.55895,NaN,0.00627406071744705,0.249821663355673,0.000712967056938447,-0.249821663355673,0.0115347302053639,0.00691278642291872,0.00691271577010525,0.020910521233537,7,0.00110514758093624,0.000242522428709967,0.000220720259866873,0.023218436277909,1.76269447074852,0.129356172634303,0.0258712345268606,0.00143644197379237,3.67567895647617e-06,0.0169495839110721,0.00747815960169944,0.00747802752725909,0.0240800892934203,6.5,0,1,1000,TD3,NaN,mathworks_style_single_run,NaN,17-Jun-2026 14:34:48
47,-0.785398163397448,0,-5,0,full_final,5,100001,17.8066564391093,0.117639801351571,5.49611777689652,0.0574692154361095,0.00244956222890304,1.38053303013223,0.5599,NaN,0.00608374475984506,0.250917291587021,-0.000159180346505563,-0.250917291587021,0.0108578913151272,0.00677747417840254,0.00677382269502548,0.0204772727667004,7,0.0011102636569358,0.000243314032816452,0.000221318231704434,0.0232813392982968,2.08506391380202,0.142707143363139,0.0285414286726277,0.00143536730143847,3.67406995424055e-06,0.0169432423192167,0.00722362723562976,0.00722106607539715,0.0228225095197558,7,0,1,1000,TD3,NaN,mathworks_style_single_run,NaN,17-Jun-2026 14:36:16
48,-0.785398163397448,0,-5,10,full_final,5,100001,39.836562919502,0.117621563144429,5.49767785744374,0.057028776806293,0.00243976790952825,1.38029222754964,0.55915,NaN,0.00594246693957116,0.2508017716609,-0.000168840496871688,-0.2508017716609,0.00996491246210507,0.00647600881369201,0.00647473004311761,0.0198976704936098,7,0.00110358424211583,0.000242247730181564,0.000220853827572783,0.0232324867926662,4.63871227758885,0.182940517045652,0.0365881034091303,0.0014367597240585,3.67618776585433e-06,0.016951458486269,0.00689593042715358,0.00689536404246567,0.022020386531949,7,0,1,1000,TD3,NaN,mathworks_style_single_run,NaN,17-Jun-2026 14:36:07
49,-0.785398163397448,0,0,-10,full_final,5,100001,21.5818089473503,0.117663952717213,5.5178762131763,0.0560785873985242,0.00243943529172952,1.37884532982273,0.55895,NaN,0.00582878362531449,0.24949359355285,0.000705332216308685,-0.24949359355285,0.0102001364223829,0.00644833215812823,0.00644833079189001,0.0190593554381153,7,0.00109255127613038,0.000240707751178502,0.000219195486391132,0.0230580393310855,2.61881230751472,0.144684051359314,0.0289368102718628,0.00144646523273773,3.69087151587713e-06,0.0170086168322867,0.0068737945269571,0.00687378696874224,0.0210640095174313,6.5,0,1,1000,TD3,NaN,mathworks_style_single_run,NaN,17-Jun-2026 14:35:57
50,-0.785398163397448,0,0,0,full_final,5,100001,0.911625077645366,0.117643376849597,5.51634315083508,0.0571371734561582,0.0024477147801212,1.3799685146784,0.5591,NaN,0.00583748160348672,0.249646907848852,0.000612063081063203,-0.249646907848852,0.0103380976547984,0.0065620823721888,0.00656121972718746,0.019420179915997,7,0.00110653588985271,0.000242737025427877,0.000221073173943209,0.0232555607040849,0.927821297334575,0.114401207592792,0.0228802415185584,0.00144661440234365,3.69118430949031e-06,0.0170094938334075,0.00702761698351572,0.00702755058407836,0.0220796512439847,7,0,0,0.972865493352871,TD3,NaN,mathworks_style_single_run,NaN,17-Jun-2026 14:35:47
51,-0.785398163397448,0,0,10,full_final,5,100001,22.3375734778398,0.117601044001208,5.51713311585788,0.0573616908956049,0.00244355451063665,1.38071708240034,0.55885,NaN,0.00591795133624824,0.251316154853338,-0.000619694983576245,-0.251316154853338,0.0101655532425546,0.00665601641026389,0.00665322101836776,0.0195829042033777,7,0.00110657723699036,0.000242846935704174,0.000220776443697735,0.0232243464770792,2.54201230964827,0.148570957916444,0.0297141915832887,0.00144762815723817,3.69271600416481e-06,0.017015452725321,0.00702390915676859,0.00702172269151362,0.0213335352018476,7,0,1,1000,TD3,NaN,mathworks_style_single_run,NaN,17-Jun-2026 14:35:37
52,-0.785398163397448,0,5,-10,full_final,5,100001,39.9805271392061,0.117644789579858,5.53902207640237,0.0574742762196537,0.00245834298537361,1.38068547341644,0.55815,NaN,0.00614159003472192,0.251677970072502,-0.000799235978399405,-0.251677970072502,0.0109561593713394,0.00678448997245663,0.00678402195594278,0.0201953503887253,6.5,0.00110939411612511,0.000243282478774948,0.000220862909234842,0.0232334421285829,5.00792316592594,0.178389360031158,0.0356778720062316,0.00145867070560524,3.7095123976413e-06,0.0170802266121105,0.00723859825177119,0.00723831113510076,0.0221269382163882,6.5,0,1,1000,TD3,NaN,mathworks_style_single_run,NaN,17-Jun-2026 14:35:26
53,-0.785398163397448,0,5,0,full_final,5,100001,16.927177994886,0.11763592104522,5.5382492694142,0.0571628893277695,0.00245091434369395,1.38017113281472,0.562,NaN,0.00612105427231613,0.250137337561942,0.000439360677242294,-0.250137337561942,0.0115667034394837,0.00678140625304073,0.00677986086395332,0.0208185065232471,7,0.00110896473820704,0.0002430509033917,0.000221018347127878,0.0232497932547405,2.16930840439357,0.144509707409175,0.0289019414818351,0.00145790028193325,3.70834935351262e-06,0.0170757153989709,0.00731054961847708,0.00731046790407147,0.023021973669529,7,0,1,1000,TD3,NaN,mathworks_style_single_run,NaN,17-Jun-2026 14:35:06
54,-0.785398163397448,0,5,10,full_final,5,100001,5.2555809922839,0.117575428889975,5.53856566061252,0.0565256545596709,0.00243180490835965,1.37969436507503,0.55895,NaN,0.00569989873930536,0.250611519447204,-0.000146957064007401,-0.250611519447204,0.0100403359474126,0.00639675076566332,0.00639571954617407,0.0191819549469785,7,0.00109236722752893,0.000240583233334336,0.000219096965267364,0.0230476755047852,1.53910479363578,0.127343264856075,0.0254686529712151,0.00145776337150284,3.70814078432174e-06,0.0170749135956985,0.00678928210769553,0.00678889034033972,0.0211744932457805,7,0,1,1000,TD3,NaN,mathworks_style_single_run,NaN,17-Jun-2026 14:34:56
55,-0.785398163397448,0.349065850398866,-5,-10,full_final,0.085,1701,1.88391059517027,0.349936614986348,12.3290731192536,0.0141697291348726,0.00348925298924799,0.0969816740051392,NaN,NaN,0.166744817998225,1.14098649550102,0.127729974284095,-1.14098649550102,0.349936614986348,0.202648729249925,0.157326288763175,0.477576199644179,5.88235294117647,0.00171231232720811,0.000439726431413091,0.000405859428067843,0.0426939569302136,1.24834307546289,0.219251690542447,2.57943165344055,0.00120448019791506,5.47299893694706e-06,0.119039301365511,0.179982624644166,0.174691185236893,0.764099694788456,29.4117647058824,1,1,1000,TD3,NaN,mathworks_style_single_run,NaN,17-Jun-2026 14:34:46
56,-0.785398163397448,0.349065850398866,-5,0,full_final,0.085,1701,1.94973112102968,0.349933192288961,12.3110315624604,0.0141576911576173,0.00348610102752085,0.0969780150458531,NaN,NaN,0.166603160632628,1.14094334222237,0.127785825743342,-1.14094334222237,0.349933192288961,0.202557195504458,0.15716297334208,0.477173509399826,5.88235294117647,0.0017085658641145,0.000439166289765699,0.000406263943119288,0.0427365094668547,1.19429896978766,0.215277331455245,2.53267448770876,0.00120604047922824,5.47539971174124e-06,0.119116378052442,0.179866286250097,0.174518836566341,0.762913852930069,29.4117647058824,1,1,1000,TD3,NaN,mathworks_style_single_run,NaN,17-Jun-2026 14:34:44
57,-0.785398163397448,0.349065850398866,-5,10,full_final,0.085,1701,1.61280150945548,0.3499330358997,12.318862340471,0.014154626373467,0.00348462076032849,0.0970018258588295,NaN,NaN,0.166567171932591,1.14122337759061,0.127590809973229,-1.14122337759061,0.3499330358997,0.202514257750988,0.157266047838715,0.477331161494308,5.88235294117647,0.00170729531901725,0.000439027343571266,0.000406999413353112,0.0428138764868494,1.12097297395354,0.211799541001438,2.49175930589928,0.00120615544464511,5.47556239432032e-06,0.11912205528217,0.179823349482747,0.174508865143132,0.763089820742607,29.4117647058824,1,1,1000,TD3,NaN,mathworks_style_single_run,NaN,17-Jun-2026 14:34:42
58,-0.785398163397448,0.349065850398866,0,-10,full_final,0.085,1701,1.48647610906702,0.349835529304749,12.328095248235,0.0141643976029694,0.00348564600197232,0.0970072139785655,NaN,NaN,0.166682231895975,1.14128687043728,0.127466120038184,-1.14128687043728,0.349835529304749,0.202544126226302,0.157405563151966,0.477818470235952,5.88235294117647,0.001703309244093,0.000438374147881589,0.000404497306991783,0.0425506700320088,1.07036756223512,0.206450776699169,2.42883266704904,0.00122634889502238,5.50625711187289e-06,0.120115086725552,0.179703348572252,0.174435483654767,0.764283783733845,29.4117647058824,1,1,1000,TD3,NaN,mathworks_style_single_run,NaN,17-Jun-2026 14:34:40
59,-0.785398163397448,0.349065850398866,0,0,full_final,0.085,1701,1.58356611783457,0.349834037536015,12.3110641201963,0.0141543988665245,0.00348312023429833,0.0970011559240414,NaN,NaN,0.166564562730064,1.14121552064753,0.127539488310723,-1.14121552064753,0.349834037536015,0.202470734916017,0.157251637253387,0.477455933836124,5.88235294117647,0.00170043237136321,0.00043793665448129,0.000404814618744714,0.0425840493091086,1.03065992415161,0.202453506776699,2.38180596207881,0.00122713459594363,5.50747710437674e-06,0.120153558413128,0.179614382238247,0.174295869196128,0.763253942131996,29.4117647058824,1,1,1000,TD3,NaN,mathworks_style_single_run,NaN,17-Jun-2026 14:35:37
60,-0.785398163397448,0.349065850398866,0,10,full_final,0.085,1701,1.3190760302955,0.349835735710173,12.3182107895676,0.0141524791718087,0.00348212521914165,0.097020021230045,NaN,NaN,0.166542031823578,1.1414373981785,0.127385354403391,-1.1414373981785,0.349835735710173,0.202441867338148,0.157339382021408,0.477595276776313,5.88235294117647,0.00169983059452672,0.000437885412684515,0.000405426330618773,0.0426483976982273,0.997068547630991,0.201401813495545,2.36943309994759,0.00122654907852384,5.50657698431892e-06,0.120124889840133,0.179593027632629,0.174303288763158,0.763428576290607,29.4117647058824,1,1,1000,TD3,NaN,mathworks_style_single_run,NaN,17-Jun-2026 14:35:35
61,-0.785398163397448,0.349065850398866,5,-10,full_final,0.085,1701,1.08722609610115,0.349734692388274,12.3258228787489,0.0141585962918258,0.00348188945462751,0.0970324357650284,NaN,NaN,0.166614118172123,1.14158349943127,0.127206099433616,-1.14158349943127,0.349734692388274,0.202435123443207,0.157475672630255,0.478047190521425,5.88235294117647,0.00169445851306057,0.000437039008847024,0.000403229803572134,0.0424173363389491,0.924720767205952,0.194380826277541,2.28683325032402,0.00124966469351209,5.54172314183646e-06,0.12125154667356,0.179428765489102,0.174184815080897,0.764305718243122,29.4117647058824,1,1,1000,TD3,NaN,mathworks_style_single_run,NaN,17-Jun-2026 14:35:34
62,-0.785398163397448,0.349065850398866,5,0,full_final,0.085,1701,1.15006609165961,0.349735075022871,12.3125165727049,0.0141512161111045,0.00348002755090017,0.0970285739256621,NaN,NaN,0.166527271617595,1.1415380136241,0.127256717494217,-1.1415380136241,0.349735075022871,0.202380999322005,0.157365170031905,0.477802823501581,5.88235294117647,0.00169261871970073,0.000436754019529356,0.000403515830514188,0.0424474246431756,0.892856492379008,0.190795020478032,2.24464729974155,0.00124968791445744,5.5417723035648e-06,0.121252673200729,0.179372143114807,0.174094903811898,0.76368860155344,29.4117647058824,1,1,1000,TD3,NaN,mathworks_style_single_run,NaN,17-Jun-2026 14:35:32
63,-0.785398163397448,0.349065850398866,5,10,full_final,0.085,1701,0.997168923968144,0.34973864105908,12.3178888921309,0.0141497267761917,0.0034794201042709,0.097040072834418,NaN,NaN,0.166509774654546,1.14167324372365,0.127165146988309,-1.14167324372365,0.34973864105908,0.202363362114742,0.157416503956301,0.477855117759071,5.88235294117647,0.00169236710554945,0.000436751698090146,0.000403985305697171,0.0424968105927333,0.889288472774372,0.191660979929734,2.25483505799687,0.00124832657773909,5.5396956025367e-06,0.121186612429858,0.179361901497939,0.174097175976782,0.76373653113842,29.4117647058824,1,1,1000,TD3,NaN,mathworks_style_single_run,NaN,17-Jun-2026 14:35:30
64,-0.785398163397448,0.785398163397448,-5,-10,full_final,5,100001,8.52942293484815,3.1415740463879,16.945681448421,0.807211330576324,1.44912239088457,1.34077155523339,1.27675,NaN,0.00604745749433472,0.251210141589816,-0.000658171483716971,-0.251210141589816,0.0107384199667286,0.00657001845843706,0.00656976986661474,0.0197077586564438,7,0.00455242901645827,0.000740618486402426,0.00072146984819194,0.0758942641096058,2.91063059843906,0.379526146044236,0.0759052292088473,0.000860826056378954,2.27325107486125e-06,0.0131211741576656,0.0069593480604019,0.00695927223753312,0.0218991916626692,7,0,1,1000,TD3,NaN,mathworks_style_single_run,NaN,17-Jun-2026 14:35:27
65,-0.785398163397448,0.785398163397448,-5,0,full_final,5,100001,24.000368409986,3.14127001327012,16.9471205526081,0.807879023569223,1.44826428795345,1.34225649833083,1.2527,NaN,0.00602978285492202,0.251785948960025,-0.000781105564776753,-0.251785948960025,0.0101069758579013,0.00681117173237385,0.00681056191971494,0.0202078880320258,7,0.00452891289992276,0.00073702791161772,0.000723197419727388,0.0760759941856553,3.44571643761818,0.387668448087551,0.0775336896175102,0.000857254380063631,2.2678360302979e-06,0.0130939251568323,0.0072989089372719,0.00729843300895386,0.0228055696934462,7,0,1,1000,TD3,NaN,mathworks_style_single_run,NaN,17-Jun-2026 14:35:42
66,-0.785398163397448,0.785398163397448,-5,10,full_final,5,100001,42.3901260908123,3.14126380300641,16.9453515708346,0.807574435310498,1.44877235110072,1.34172358724898,1.27065,NaN,0.00597138848821695,0.251521783047813,-0.00065737843870454,-0.251521783047813,0.0100309561701051,0.00669440069140883,0.00669336971751332,0.0193891681128102,7,0.00455135114133381,0.000740430304054947,0.000724032821159014,0.07616387336321,5.37864734673752,0.417662592347511,0.0835325184695022,0.000862600300828206,2.2759708731776e-06,0.0131346891918173,0.00715239403303091,0.00715177351718267,0.0219988925382495,7,0,1,1000,TD3,NaN,mathworks_style_single_run,NaN,17-Jun-2026 14:35:32
67,-0.785398163397448,0.785398163397448,0,-10,full_final,5,100001,16.6152055105729,3.14130111162743,16.9487562011251,0.807463120922906,1.44907095328767,1.34186204669543,1.25735,NaN,0.00591806762177497,0.250516665599655,-0.000354830389406003,-0.250516665599655,0.0107372590869283,0.00650573008035322,0.00650474773458635,0.0198152710771708,7,0.00456040860732311,0.000741822283188533,0.000724223315760119,0.0761839122430106,6.27825510704939,0.499336313115464,0.0998672626230928,0.000859193021958785,2.27078258886016e-06,0.0131087224546009,0.00687334205663808,0.00687193702819366,0.0218593738973141,7,0,1,1000,TD3,NaN,mathworks_style_single_run,NaN,17-Jun-2026 14:35:22
68,-0.785398163397448,0.785398163397448,0,0,full_final,5,100001,0.785398163397448,3.14132507826955,16.9457418408222,0.807431520390137,1.44839572016916,1.34196190778853,1.2752,NaN,0.00595340341892837,0.251530241890965,-0.000815299081902009,-0.251530241890965,0.0102544310325914,0.00666374552587532,0.00666374449182331,0.0196396952158402,6.5,0.00452985592407314,0.000737188574197911,0.000722979815690552,0.0760531035571911,2.12737824291351,0.365120313907022,0.0730240627814044,0.000854138431260251,2.26309980864236e-06,0.0130701065891618,0.00709757575824984,0.00709756742296571,0.0231083016842604,6.5,0,0,2.45634193004076,TD3,NaN,mathworks_style_single_run,NaN,17-Jun-2026 14:35:10
69,-0.785398163397448,0.785398163397448,0,10,full_final,5,100001,16.4686472269932,3.14122000568507,16.9460057405887,0.807514731971313,1.44871107504696,1.3416193154089,1.27275,NaN,0.00603288973120403,0.251539130796645,-0.000765079601466938,-0.251539130796645,0.0102106606987584,0.00674075804901777,0.00674051436155245,0.0200341692723445,7,0.00455170740247368,0.000740508033202212,0.000724188177686201,0.0761802159301722,2.8208472936862,0.368032317463851,0.0736064634927702,0.000859023601125988,2.27052449527653e-06,0.013107429962628,0.00718683148880152,0.0071867818817914,0.022679946385324,7,0,1,1000,TD3,NaN,mathworks_style_single_run,NaN,17-Jun-2026 14:34:59
70,-0.785398163397448,0.785398163397448,5,-10,full_final,5,100001,40.2207347429587,3.14155446061693,16.9439794244701,0.80745772256515,1.44839455270241,1.34223685368041,1.2797,NaN,0.00612158073431847,0.251834043120665,-0.000863164409772121,-0.251834043120665,0.0107048326105532,0.00667961989101261,0.00667958925480433,0.0199872553189735,6.5,0.00453562955088831,0.000738067390177544,0.000723503487078147,0.0761081906196601,7.0117767142652,0.467131973251342,0.0934263946502684,0.000849063907941736,2.25535728017344e-06,0.0130312233342978,0.00713513195110058,0.00713508670706578,0.0235093124210835,7,0,1,1000,TD3,NaN,mathworks_style_single_run,NaN,17-Jun-2026 14:34:48
71,-0.785398163397448,0.785398163397448,5,0,full_final,5,100001,22.9859123469326,3.14122833251456,16.9393841330928,0.807257988693932,1.44847289438336,1.34178755778267,1.2701,NaN,0.0060519378082969,0.251038843580598,-0.000233857494910767,-0.251038843580598,0.0108534752958673,0.00670824172574543,0.00670798588137825,0.0199882095147288,7,0.00454378270632421,0.000739201219429832,0.000724023022903564,0.0761628426460026,3.75754056621159,0.401058732528101,0.0802117465056203,0.000851546356660123,2.25916072693045e-06,0.0130502594354298,0.0072179733669417,0.00721797245252103,0.0230073751881719,7,0,1,1000,TD3,NaN,mathworks_style_single_run,NaN,17-Jun-2026 14:35:48
72,-0.785398163397448,0.785398163397448,5,10,full_final,5,100001,8.45124701772211,3.14131444759085,16.9466671689949,0.807788166200524,1.4486371100431,1.34214170265916,1.40465,NaN,0.00585697164671946,0.251593441406611,-0.000810547238687,-0.251593441406611,0.0103053425952699,0.00661795062783529,0.00661793003243718,0.019493435647048,7,0.00456009550488797,0.000741788526665261,0.000725299900151791,0.0762971624091297,2.71897642403273,0.359691900016731,0.0719383800033462,0.00085712017733862,2.26763225729702e-06,0.0130929001931476,0.00706269601388013,0.00706269387720036,0.0217422125861049,7,0,1,1000,TD3,NaN,mathworks_style_single_run,NaN,17-Jun-2026 14:35:39
73,-0.785398163397448,1.5707963267949,-5,-10,full_final,0.605,12101,3.42601008369692,3.14143175304376,15.706282280017,0.857192978284964,1.79664825622616,0.279721575736156,NaN,NaN,1.34937946370485,0.443482877019252,-0.262048962462332,0.25255326570788,3.14143175304376,1.72323051525723,1.72113203351611,6.28259356908818,1.65289256198347,0.0132189437877323,0.00230713480065796,0.00223920216482784,0.235550523584783,6.67150593612703,1.18045736887818,1.95116920475732,0.00250348887809883,9.73584330398194e-06,0.0643272737306494,0.15769417864045,0.157622201382575,1.20450630784035,7.43801652892562,1,1,1000,TD3,NaN,mathworks_style_single_run,NaN,17-Jun-2026 14:35:29
74,-0.785398163397448,1.5707963267949,-5,0,full_final,0.61,12201,3.0495755010722,3.14134376648291,15.6546797113979,0.857450125604807,1.79634687725899,0.286192280476425,NaN,NaN,1.32892317930075,0.453012415669284,-0.282035238939727,0.269119857298371,3.14134376648291,1.71601019657359,1.71389742424527,6.28259393528782,2.45901639344262,0.0131359815192491,0.00229281679319111,0.00223390684399517,0.234993487862739,5.11079745092211,1.07817981899415,1.76750789999041,0.00252299204953367,9.76081777543222e-06,0.0643121492427296,0.156641175160264,0.156551572326064,1.20445436239243,8.19672131147541,1,1,1000,TD3,NaN,mathworks_style_single_run,NaN,17-Jun-2026 14:35:26
75,-0.785398163397448,1.5707963267949,-5,10,full_final,0.605,12101,2.83854725843035,3.14156124873989,15.6646074298184,0.857156403227282,1.79655997858284,0.279319398070104,NaN,NaN,1.34930802713258,0.442696100533133,-0.261902677244654,0.251627540025974,3.14156124873989,1.7231881839124,1.72108374124275,6.28259353292917,1.65289256198347,0.0131815669897481,0.00230141950762716,0.00223706564293355,0.235325774404581,5.50901026748209,1.10736937040749,1.83036259571486,0.00250782215212988,9.74043472131668e-06,0.0643829215089908,0.157500126017918,0.157432787096274,1.20465230941772,7.43801652892562,1,1,1000,TD3,NaN,mathworks_style_single_run,NaN,17-Jun-2026 14:35:23
76,-0.785398163397448,1.5707963267949,0,-10,full_final,0.605,12101,1.12357975629065,3.14136852946663,15.6487094599186,0.857105202246291,1.79661852064799,0.279264573803183,NaN,NaN,1.34920496152135,0.442540708921335,-0.262102846847778,0.251461694814791,3.14136852946663,1.72321625784195,1.72111999778003,6.28259356779135,1.65289256198347,0.013166176957592,0.00229896374182268,0.00223947195454472,0.235578903831134,6.77207462836455,1.20932412313956,1.99888284816457,0.00248747239928009,9.7126392597029e-06,0.0641211714405565,0.157421327864019,0.157350610120516,1.20427751541138,7.43801652892562,1,1,1000,TD3,NaN,mathworks_style_single_run,NaN,17-Jun-2026 14:35:19
77,-0.785398163397448,1.5707963267949,0,0,full_final,0.61,12201,1.57779503211675,3.14132765165124,15.6530880561017,0.857552740405414,1.79660056358889,0.286261356384637,NaN,NaN,1.32912942710164,0.45312212954791,-0.28219022301481,0.269205209320873,3.14132765165124,1.71613135864016,1.71402508248584,6.28259432452454,2.45901639344262,0.0131626694808117,0.00229689120184659,0.00223557001330552,0.235168443214256,5.34738987403696,1.1019859090387,1.80653427711262,0.00252489749083651,9.7637687958998e-06,0.0643364299171634,0.15677945840354,0.156689096190097,1.20425495505333,8.19672131147541,1,1,1000,TD3,NaN,mathworks_style_single_run,NaN,17-Jun-2026 14:35:02
78,-0.785398163397448,1.5707963267949,0,10,full_final,0.61,12201,1.35157561349124,3.14152724207134,15.649803313808,0.857575620300835,1.79654912949843,0.287028927641574,NaN,NaN,1.32917610826218,0.454671528055164,-0.282032130044607,0.270430787022328,3.14152724207134,1.71610679296709,1.71399409423085,6.28259352219572,2.45901639344262,0.0131970531680925,0.00230193504124312,0.00223790550511879,0.235414122826434,5.45809522713123,1.10249818750108,1.80737407787063,0.00252060708175572,9.75615221338193e-06,0.0642817451301425,0.156959777484667,0.156867882272695,1.20440319180489,8.19672131147541,1,1,1000,TD3,NaN,mathworks_style_single_run,NaN,17-Jun-2026 14:35:00
79,-0.785398163397448,1.5707963267949,5,-10,full_final,0.61,12201,4.96083485416264,3.14130927920168,15.6479499430146,0.857514354856411,1.7965906419916,0.286942409130857,NaN,NaN,1.32905339028407,0.454455470703952,-0.282180480036236,0.270238093401563,3.14130927920168,1.71612661960738,1.71401997169718,6.28259351047978,2.45901639344262,0.0131726001576505,0.00229916486717562,0.00224101574073984,0.235741300801035,7.08723946672647,1.21963287131054,1.99939814968941,0.00250699723849796,9.73727859085765e-06,0.0641079678239862,0.156822247278455,0.156732633832355,1.20406809449196,8.19672131147541,1,1,1000,TD3,NaN,mathworks_style_single_run,NaN,17-Jun-2026 14:34:57
80,-0.785398163397448,1.5707963267949,5,0,full_final,0.605,12101,3.94772884295133,3.14150376892839,15.6634805578598,0.857147985446451,1.79659754862468,0.279750657572783,NaN,NaN,1.34929167287841,0.443486537249764,-0.261953721762057,0.252510729941611,3.14150376892839,1.7232061997089,1.72110388621103,6.28259396251048,1.65289256198347,0.0131964183667141,0.00230369570651446,0.0022406414053268,0.235701922979808,5.51187611303063,1.0864739358523,1.79582468735917,0.00248614378947905,9.70814059614687e-06,0.0641040449398579,0.157577199612861,0.157505078155091,1.20407778024673,7.43801652892562,1,1,1000,TD3,NaN,mathworks_style_single_run,NaN,17-Jun-2026 14:34:55
81,-0.785398163397448,1.5707963267949,5,10,full_final,0.61,12201,4.85606510494081,3.14141328335587,15.6514851997442,0.857515286803104,1.79647827675239,0.286990132279926,NaN,NaN,1.32905547710769,0.454557133597352,-0.28205165871966,0.270415668877691,3.14141328335587,1.71607295370882,1.71396100916849,6.28259353035957,2.45901639344262,0.0131800397907795,0.00229944911644694,0.00224006150013014,0.235640920460765,5.39226898868824,1.08839676529137,1.78425699228094,0.00251689927649986,9.75107681886942e-06,0.0642344486059053,0.156870467931099,0.156776458439193,1.20417112112045,8.19672131147541,1,1,1000,TD3,NaN,mathworks_style_single_run,NaN,17-Jun-2026 14:34:51
82,-0.785398163397448,2.35619449019234,-5,-10,full_final,5,100001,40.9376311193025,3.14144187943525,21.5397050100052,2.00170880212865,3.88695243792335,1.28520859409963,2.26505,NaN,0.00604958925467885,0.25073543877011,9.08011332025414e-05,-0.25073543877011,0.0108319175526539,0.00660997014628897,0.00660991211247332,0.0204586163111919,7,0.0533532996262649,0.00848790239095496,0.00814540903241244,0.856847761463506,23.9567836921261,4.07423286716874,0.814846573433748,0.033455310784191,5.83468210613087e-05,0.0817989129318855,0.00713444958635879,0.00713444927972158,0.023146671243012,7,0,1,1000,TD3,NaN,mathworks_style_single_run,NaN,17-Jun-2026 14:34:49
83,-0.785398163397448,2.35619449019234,-5,0,full_final,5,100001,25.8783530353591,3.14134265188599,21.5229653867409,2.00201138987652,3.88820405170003,1.28475628559134,2.2686,NaN,0.00611004747250341,0.251367660396274,-0.00056471528764741,-0.251367660396274,0.0107126362033538,0.0067838693000991,0.00678234032334643,0.0211325152058386,7,0.0532588813997047,0.00847367993940615,0.00812044780100035,0.854221990900764,26.2308554552327,4.13719489675866,0.827438979351732,0.033139108187177,5.78658802895862e-05,0.0814114343162888,0.00726621761393402,0.00726523168622524,0.0257850531488657,7,0,1,1000,TD3,NaN,mathworks_style_single_run,NaN,17-Jun-2026 14:36:17
84,-0.785398163397448,2.35619449019234,-5,10,full_final,5,100001,10.0300100818061,3.14133560171389,21.4728012298115,2.00166978467352,3.88752583679622,1.28356021800589,2.2626,NaN,0.00574738044959698,0.250555062803443,-0.000155167223219464,-0.250555062803443,0.0100288119699958,0.00659183363091331,0.00659178232139448,0.0198085507676717,7,0.0526621617022033,0.00838285691571072,0.00802544793585969,0.844228579709106,19.8545346635017,3.91513707337645,0.783027414675291,0.0323398453143153,5.66501933738295e-05,0.0804236847132924,0.00704962522680615,0.00704961968996808,0.0229212045669556,7,0,1,1000,TD3,NaN,mathworks_style_single_run,NaN,17-Jun-2026 14:36:08
85,-0.785398163397448,2.35619449019234,0,-10,full_final,5,100001,16.811596581476,3.1413711856653,21.4999404569291,2.00075332805932,3.88812478536797,1.2826142029705,2.26295,NaN,0.00587663579350951,0.251070842722531,-0.000418174954904107,-0.251070842722531,0.0105989802972668,0.0066499715879762,0.00664996472395178,0.0207271863783456,7,0.0535200124821693,0.00851335783514517,0.00815637324942159,0.858001130774132,26.023231781435,4.20657462192909,0.841314924385819,0.0336169251938553,5.85926379601274e-05,0.0819962501506689,0.00715280669119931,0.00715259062592462,0.0240505710244179,7,0,1,1000,TD3,NaN,mathworks_style_single_run,NaN,17-Jun-2026 14:35:59
86,-0.785398163397448,2.35619449019234,0,0,full_final,5,100001,0.785744051219549,3.14157945992546,21.502311410973,2.00144012250132,3.88692055239232,1.28386543594329,2.2676,NaN,0.00598564801725005,0.249863463221435,0.000432044314427392,-0.249863463221435,0.010322527750092,0.00659090079856791,0.00659065667888098,0.0196396349130894,7,0.0528648357483407,0.00841365431829516,0.00807319459395741,0.849251239338058,18.6276508385198,3.89991864221161,0.779983728442323,0.0327056031758585,5.72065315893049e-05,0.0808771947780812,0.00708772063074656,0.00708771601007078,0.0217576017603278,7,0,0,4.82021644184672,TD3,NaN,mathworks_style_single_run,NaN,17-Jun-2026 14:35:48
87,-0.785398163397448,2.35619449019234,0,10,full_final,5,100001,14.3459378462024,3.14135911848708,21.4660393825415,2.0013588804934,3.88780979189633,1.28241262881669,2.2622,NaN,0.00596996862018809,0.250712912043469,6.13828485937654e-05,-0.250712912043469,0.0102560892052872,0.00677911901674544,0.00677614448981684,0.0210071543725472,7,0.0525456327192507,0.00836505070382328,0.00802243597423427,0.84391173956442,19.3965944502637,3.88620657694523,0.777241315389046,0.0321950546914192,5.64299646730257e-05,0.0802434479461335,0.00728761784338359,0.00728584515533523,0.0232694866135716,7,0,1,1000,TD3,NaN,mathworks_style_single_run,NaN,17-Jun-2026 14:35:39
88,-0.785398163397448,2.35619449019234,5,-10,full_final,5,100001,8.46948750472973,3.14140741585402,21.5442798032687,2.00151405763707,3.88697421016768,1.28448415039271,2.2684,NaN,0.00583526328103162,0.250977441461549,-0.000443729176974513,-0.250977441461549,0.0102114539059923,0.00654576898713923,0.00654309267246626,0.0192029173897064,7,0.0530867381904333,0.00844752859067668,0.00811498310285641,0.853647137710077,19.2934670085909,3.92529515247479,0.785059030494958,0.0330156166509374,5.76780552408565e-05,0.0812596045411708,0.0068965944967394,0.00689296355834339,0.021683357656002,7,0,1,1000,TD3,NaN,mathworks_style_single_run,NaN,17-Jun-2026 14:35:28
89,-0.785398163397448,2.35619449019234,5,0,full_final,5,100001,23.7990617082606,3.14145280489131,21.4947602180833,2.00126295708635,3.88745011159472,1.28226820934183,2.26475,NaN,0.00597512118599817,0.25073040817054,-0.000192946375525408,-0.25073040817054,0.0104503100629754,0.00650478677593722,0.00650406164144307,0.0197428801523571,7,0.0527674068570033,0.00839888297941587,0.00805694941059943,0.847542344310263,21.7071151942484,3.99878100503303,0.799756201006606,0.0324492141495614,5.68165590541447e-05,0.0805595607604229,0.00692801391908048,0.00692767317249131,0.0225575985386968,7,0,1,1000,TD3,NaN,mathworks_style_single_run,NaN,17-Jun-2026 14:36:16
90,-0.785398163397448,2.35619449019234,5,10,full_final,5,100001,40.5294563368941,3.14152623227691,21.3890874412124,2.0005754710862,3.88831363570739,1.27985802954175,2.39095,NaN,0.00572106859706829,0.250303775697489,7.78543359660667e-05,-0.250303775697489,0.0106339135833964,0.00660115039511759,0.00660020993233421,0.0205991234651828,7,0.0518755227395357,0.00826316033089604,0.00792636251089936,0.833805392336555,28.8552405670292,4.14042267875602,0.828084535751204,0.031139948112115,5.48251684032126e-05,0.0789176128783873,0.00703239812511228,0.00703220226005983,0.0227213874459267,7,0,1,1000,TD3,NaN,mathworks_style_single_run,NaN,17-Jun-2026 14:36:07
91,-0.785398163397448,3.14159265358979,-5,-10,full_final,5,100001,41.8192950346884,3.14159265358979,24.3654299673068,2.17785830125787,4.49177884723506,1.26639595383271,2.2006,NaN,0.00627592963029981,0.249740063075444,0.000912525219618159,-0.249740063075444,0.0112972952386299,0.00685468682529574,0.00685381133166345,0.0211666789489975,6.5,0.0849576350026876,0.0132916834358907,0.0124864117213893,1.31349498712839,36.859290810393,6.23054315718833,1.24610863143767,0.0862734614263947,0.000138614637448895,0.131357117375797,0.00739564710250809,0.00739278261927081,0.0256619770079851,6.5,0,1,1000,TD3,NaN,mathworks_style_single_run,NaN,17-Jun-2026 14:35:58
92,-0.785398163397448,3.14159265358979,-5,0,full_final,5,100001,18.35330085241,3.14159265358979,24.3207798284494,2.177149758295,4.49498434495088,1.26344000773115,2.18275,NaN,0.0061117536430421,0.251059529603878,-0.000280908685013435,-0.251059529603878,0.0110664049807787,0.00675433854133885,0.00675397449647844,0.0205519761185258,7,0.0842484974543798,0.0131837784067985,0.0123599647297705,1.30019352844397,32.4893190399535,6.1062765294166,1.22125530588332,0.0852236180189571,0.000137017896581698,0.130555442643313,0.00726557481496868,0.00726553137033283,0.0231242822483182,7,0,1,1000,TD3,NaN,mathworks_style_single_run,NaN,17-Jun-2026 14:35:48
93,-0.785398163397448,3.14159265358979,-5,10,full_final,5,100001,4.15904177541113,3.14159265358979,24.2951496341422,2.17317829241659,4.49754200283238,1.25757070788568,2.18105,NaN,0.00592398432331545,0.250608794234475,-0.000115799277297836,-0.250608794234475,0.01013394836203,0.00657735497344914,0.00657712810216015,0.0195490733477413,7,0.0830306849214589,0.0129985382278538,0.0121489104909723,1.27799189911609,28.3086213015669,5.85415795560142,1.17083159112028,0.0834909232269508,0.000134382469801685,0.12922145582445,0.00705630841153228,0.00705625208981507,0.0214698622003198,7,0,1,1000,TD3,NaN,mathworks_style_single_run,NaN,17-Jun-2026 14:35:38
94,-0.785398163397448,3.14159265358979,0,-10,full_final,5,100001,23.9117215867035,3.14159265358979,24.3771307533129,2.17941573260102,4.49224063069396,1.26845990748964,2.20365,NaN,0.00605033609797678,0.249859038979182,0.000503084818300755,-0.249859038979182,0.0101976637072752,0.00667514704391298,0.00667430001394975,0.0194493437615182,7,0.0850876485626104,0.0133113939067282,0.0125080044293719,1.31576640940138,29.7743158864362,6.04301544707454,1.20860308941491,0.0864610661163238,0.000138900057086957,0.13149986016443,0.00717490213891693,0.00717453134074076,0.0218509258702397,7,0,1,1000,TD3,NaN,mathworks_style_single_run,NaN,17-Jun-2026 14:35:27
95,-0.785398163397448,3.14159265358979,0,0,full_final,5,100001,0.796907276599058,3.14159265358979,24.3338045556045,2.1781373231857,4.49435763757513,1.26547844491227,2.19745,NaN,0.00616193847318827,0.250526946562653,0.000133728122394187,-0.250526946562653,0.0118556021365608,0.00682776886770373,0.00682642087846309,0.0215183932627934,7,0.0844296610526384,0.0132113278915498,0.0123898195375474,1.30333407364075,28.1811811845492,5.96889715184253,1.19377943036851,0.0854871761745816,0.000137418769971411,0.13075716131408,0.00737099301494981,0.0073704808628907,0.0248895473778248,7,0,0,5.18131834854531,TD3,NaN,mathworks_style_single_run,NaN,17-Jun-2026 14:36:16
96,-0.785398163397448,3.14159265358979,0,10,full_final,5,100001,22.432311919043,3.14159265358979,24.3085184765264,2.1742272150118,4.49789759943942,1.25865909986097,2.1796,NaN,0.00589567340193202,0.250828962253765,-0.000271520662658415,-0.250828962253765,0.00998315341218481,0.00657306395972798,0.00657288636377048,0.019163743859536,7,0.0834508629067021,0.0130624532614968,0.0122125363012409,1.28468494950595,29.4674429831951,5.88858372631709,1.17771674526342,0.0840239732533313,0.000135193238471614,0.129633308415184,0.00705050647128487,0.00705047172474993,0.0216591116040945,7,0,1,1000,TD3,NaN,mathworks_style_single_run,NaN,17-Jun-2026 14:36:06
97,-0.785398163397448,3.14159265358979,5,-10,full_final,5,100001,5.41837252286521,3.14159265358979,24.3898456913884,2.17832716090175,4.49377542236811,1.26601996952079,2.20435,NaN,0.00578135543695659,0.249658491899924,0.00051842523966136,-0.249658491899924,0.0104891626465959,0.0064895238228533,0.00648915382574702,0.0201145416553312,7,0.0850587652533015,0.0133070068619402,0.0125004989422417,1.31497687755336,30.0942474609153,6.08373424015484,1.21674684803097,0.086361620825981,0.000138748800817341,0.131424214531403,0.00691736514528701,0.00691727726265169,0.0214830776676536,7,0,1,1000,TD3,NaN,mathworks_style_single_run,NaN,17-Jun-2026 14:35:57
98,-0.785398163397448,3.14159265358979,5,0,full_final,5,100001,16.8809045026795,3.14159265358979,24.3476524965199,2.17798462569808,4.49453421345847,1.2653807495552,2.19535,NaN,0.00595493122516366,0.251195948635208,-0.000404582495338895,-0.251195948635208,0.0101944633582147,0.00667773304841786,0.0066776833267849,0.0197754167301327,7,0.0846302948954267,0.0132418649131046,0.0124138810716456,1.30586520148802,29.918507422487,6.01362602016745,1.20272520403349,0.0857132500137369,0.000137762626452702,0.130929943109846,0.00716832464117102,0.00716826695671994,0.0231226831674576,7,0,1,1000,TD3,NaN,mathworks_style_single_run,NaN,17-Jun-2026 14:35:47
99,-0.785398163397448,3.14159265358979,5,10,full_final,5,100001,39.1676055511222,3.14159265358979,24.3226209150847,2.1770034846332,4.49665397549737,1.26305846533009,2.18865,NaN,0.0060634432704948,0.250871381257788,-0.000211241015732078,-0.250871381257788,0.0112491880991188,0.00675312835769691,0.00675225269119928,0.0203796201657975,7,0.0841335071850056,0.013166278897625,0.0123225030399913,1.29625278527194,31.7305817537005,5.99310681035627,1.19862136207125,0.0850366936213865,0.000136733586351699,0.130412187790395,0.00725956922071416,0.00725909868917502,0.0224642781540751,7,0,1,1000,TD3,NaN,mathworks_style_single_run,NaN,17-Jun-2026 14:35:37
100,0,-3.14159265358979,-5,-10,full_final,5,100001,42.9157509236013,3.14159265358979,21.8196804529685,2.96678128056414,6.50214467792454,1.37213798174287,2.4453,NaN,0.00603388961699334,0.251843409740188,-0.000873876402482331,-0.251843409740188,0.0102617290718552,0.00673901289462177,0.00673889920085668,0.0194505770801814,7,0.127567717195686,0.019709166193102,0.018447912120551,1.94060877007769,48.5930065031917,9.06247032515108,1.81249406503022,0.14139898902455,0.000221190247015176,0.168165982900555,0.00722172052563096,0.0072217130716427,0.022652193903923,7,0,1,1000,TD3,NaN,mathworks_style_single_run,NaN,17-Jun-2026 14:35:26
101,0,-3.14159265358979,-5,0,full_final,5,100001,17.7908577680919,3.14159265358979,21.4481812349963,2.96533842180006,6.50083778257293,1.37232649042876,2.4435,NaN,0.00590882451382101,0.251693432322261,-0.000849808605189743,-0.251693432322261,0.00988168950867285,0.00665682022710869,0.00665681912986141,0.0194114402284442,7,0.128392298940061,0.0198345848935087,0.0184920443392288,1.94525121254215,43.8325546017868,8.96783778034906,1.79356755606981,0.142856573559674,0.000223407227223402,0.169030514144443,0.00713312037626126,0.00713311092815338,0.0218230420723557,7,0,1,1000,TD3,NaN,mathworks_style_single_run,NaN,17-Jun-2026 14:36:17
102,0,-3.14159265358979,-5,10,full_final,5,100001,4.75453656185996,3.14159265358979,21.5223826229255,2.9666634107867,6.50335316446518,1.37117131701532,2.46185,NaN,0.00596832933667988,0.25138124645587,-0.000616485069943612,-0.25138124645587,0.0100699520490419,0.00669505256858652,0.00669488438999742,0.0192789336091495,7,0.128146461671267,0.0197971598277887,0.0184445137327636,1.94025128023812,41.5056498560915,8.84141921272513,1.76828384254503,0.142277332499803,0.000222526219509193,0.168687481752383,0.00717606819921616,0.00717606740766771,0.0217649377882481,7,0,1,1000,TD3,NaN,mathworks_style_single_run,NaN,17-Jun-2026 14:36:08
103,0,-3.14159265358979,0,-10,full_final,5,100001,24.9192943288269,3.14159265358979,22.0847003296065,2.96479621484822,6.49639614041441,1.3746136587945,2.4588,NaN,0.00597093162426609,0.251499147438971,-0.000676459016728691,-0.251499147438971,0.0101813344154125,0.00670585920514432,0.00670568885778098,0.0193997107540822,7,0.129226528947844,0.0199614429165717,0.0186532770863182,1.96221192229514,43.2096428529687,8.97772218895523,1.79554443779105,0.144849698446788,0.00022643878725991,0.170205580664553,0.00718147019562212,0.00718146600404768,0.021652240306139,7,0,1,1000,TD3,NaN,mathworks_style_single_run,NaN,17-Jun-2026 14:35:59
104,0,-3.14159265358979,0,0,full_final,5,100001,1.06812851945467,3.14159265358979,21.4509848880216,2.96596701448864,6.50105708621006,1.37282051671917,2.46025,NaN,0.00610486151572571,0.25199776589234,-0.000900702741829715,-0.25199776589234,0.0101496315680372,0.00682673159279866,0.00682673133562268,0.0203556176312749,7,0.128409381086683,0.0198371439763097,0.0185085288014932,1.94698527826358,41.5608393815564,8.89912520727873,1.77982504145575,0.142922686411053,0.000223507806819885,0.169069622588479,0.00736721499971965,0.00736715628282601,0.0234021125361323,6.5,0,0,6.80733279701282,TD3,NaN,mathworks_style_single_run,NaN,17-Jun-2026 14:35:48
105,0,-3.14159265358979,0,10,full_final,5,100001,23.0039641138677,3.14159265358979,21.5213621474312,2.96577793891594,6.50129769559399,1.37298570505789,2.4525,NaN,0.00584102131962722,0.251703821654675,-0.000792035684721582,-0.251703821654675,0.0101006768051732,0.006696020344731,0.0066955755339676,0.020580091987322,7,0.12859635738355,0.0198656043934389,0.0185447839326992,1.95079909877178,44.217776789724,8.99121274594982,1.79824254918996,0.142991524075347,0.000223612509339978,0.169110333259294,0.00713128911808362,0.00713084709986916,0.0230037048459053,6.5,0,1,1000,TD3,NaN,mathworks_style_single_run,NaN,17-Jun-2026 14:35:38
106,0,-3.14159265358979,5,-10,full_final,5,100001,5.20656768476526,3.14159265358979,22.1589111758902,2.96382988042888,6.49527066081134,1.37603169823008,2.47225,NaN,0.00592171254315884,0.250889173330535,-0.000424663449824226,-0.250889173330535,0.0100061778241813,0.0064360335513867,0.00643558893169664,0.0189844217708632,7,0.12934600589646,0.0199795934921273,0.0186810836441531,1.96513700398717,45.222945665718,9.10225848503533,1.82045169700707,0.145032335354498,0.000226716581182595,0.170312850574757,0.00686890289706861,0.00686890125421314,0.0213877102360129,7,0,1,1000,TD3,NaN,mathworks_style_single_run,NaN,17-Jun-2026 14:35:27
107,0,-3.14159265358979,5,0,full_final,5,100001,17.9955598742737,3.14159265358979,21.4174434722164,2.9661733332272,6.50228330297209,1.37132358829495,2.4586,NaN,0.0058260376245442,0.249661668975866,0.000357396338851799,-0.249661668975866,0.0100834000937837,0.00629133889991177,0.00629062175691881,0.0191126066512415,7,0.12864945436328,0.0198736311193228,0.0185418324721825,1.95048862297778,46.9046527358464,9.07335967257706,1.81467193451541,0.143391668448861,0.000224221129420258,0.169346785295063,0.00671214509801587,0.00671169285824923,0.0215770434588194,7,0,1,1000,TD3,NaN,mathworks_style_single_run,NaN,17-Jun-2026 14:36:17
108,0,-3.14159265358979,5,10,full_final,5,100001,40.9783521045748,3.14159265358979,21.4122632284823,2.9657655477206,6.50089671912167,1.37267855963409,2.44925,NaN,0.00587338091651926,0.251288191951696,-0.000782377286919836,-0.251288191951696,0.0103889814893772,0.00662033906892343,0.00662011810786612,0.0196093581174188,6.5,0.128675199241844,0.0198776102865092,0.0185633001465434,1.95274689247005,48.0804771356381,9.058889410226,1.8117778820452,0.143414134095703,0.000224255294970148,0.169360050835906,0.00703854250499689,0.00703851848410556,0.0222892044112086,6.5,0,1,1000,TD3,NaN,mathworks_style_single_run,NaN,17-Jun-2026 14:36:07
109,0,-2.35619449019234,-5,-10,full_final,5,100001,42.3711663660968,3.14156324624102,21.6864147848192,2.5822366545234,5.43168683622077,1.28371141626047,2.47305,NaN,0.00605741270603128,0.251528640159984,-0.00071576705462591,-0.251528640159984,0.0108783578152319,0.00660633338655446,0.00660591731218199,0.0199059623527074,7,0.114290714868666,0.0174375551280099,0.0163770384902046,1.72276539015958,42.3429580657462,8.00307138656441,1.60061427731288,0.120356671838576,0.000184141563206327,0.155149393707211,0.00702971904870302,0.00702936048257225,0.022081945091486,7,0,1,1000,TD3,NaN,mathworks_style_single_run,NaN,17-Jun-2026 14:35:58
110,0,-2.35619449019234,-5,0,full_final,5,100001,25.6003311566157,3.14137661370442,21.5640723044697,2.58378395699571,5.43656931820784,1.28446568566146,2.4681,NaN,0.00611045091917018,0.250579389763786,0.000233349601931694,-0.250579389763786,0.0110535188113714,0.00667566023780409,0.00667450388576881,0.0206052603860698,7,0.11448018854602,0.0174663426939407,0.0163594863569582,1.72091901190881,40.263226749423,7.96424003828512,1.59284800765702,0.120497761104465,0.000184356159439311,0.155240304756506,0.00717032871769639,0.00716987587993448,0.0242769904434681,7,0,1,1000,TD3,NaN,mathworks_style_single_run,NaN,17-Jun-2026 14:35:47
111,0,-2.35619449019234,-5,10,full_final,5,100001,9.63142264338369,3.14158361656342,21.5209678880931,2.58313338756388,5.43834528316671,1.28266809144313,2.4682,NaN,0.00611467897209921,0.251763506303561,-0.000729599375793455,-0.251763506303561,0.0110158332952948,0.00679952592235897,0.00679926981827544,0.0204329276502406,7,0.114666838945912,0.0174947498101454,0.0164576510941936,1.73124534850163,39.3740604423653,7.97760095385214,1.59552019077043,0.120559465655426,0.000184450010216975,0.155280047433935,0.00729707801559645,0.00729702028650435,0.0233765952289104,6.5,0,1,1000,TD3,NaN,mathworks_style_single_run,NaN,17-Jun-2026 14:35:38
112,0,-2.35619449019234,0,-10,full_final,5,100001,16.8215172076668,3.14152585372178,22.057904006704,2.58109993423579,5.42542027303125,1.28558813424752,2.4639,NaN,0.00604729508406162,0.251409474674702,-0.000643010808505348,-0.251409474674702,0.0105749720206527,0.00671206461541723,0.00671169408563097,0.0198078049588393,7,0.114508736634614,0.0174707060803043,0.0164141849252586,1.72667297044141,37.9489545410884,7.88609587078193,1.57721917415639,0.120963391007183,0.000185064383017099,0.155539956928876,0.00715927367366461,0.00715902490266467,0.0224187048152089,7,0,1,1000,TD3,NaN,mathworks_style_single_run,NaN,17-Jun-2026 14:35:27
113,0,-2.35619449019234,0,0,full_final,5,100001,0.863693980442124,3.14155447118634,22.0138049848592,2.58143759074929,5.42570038767692,1.28662229463945,2.46905,NaN,0.00605489471654511,0.25095393195603,-0.00013843846357324,-0.25095393195603,0.0102503085700596,0.00675786991205511,0.00675688587813002,0.0207317690228059,7,0.114324617613694,0.0174426622460385,0.0163297855203641,1.71779466354915,36.6332707844887,7.83786100373213,1.56757220074643,0.120719338589628,0.000184693180313921,0.155382971132379,0.00725892623427419,0.00725873262445897,0.0234972666949034,7,0,0,5.99224067841051,TD3,NaN,mathworks_style_single_run,NaN,17-Jun-2026 14:36:18
114,0,-2.35619449019234,0,10,full_final,5,100001,15.4240268575782,3.14147040573658,21.8759796089361,2.58259154123314,5.43193112695735,1.28516988171189,2.4641,NaN,0.00599100818079552,0.251593442486091,-0.000710854801347329,-0.251593442486091,0.0107602878573998,0.00669139067189632,0.00669138266349211,0.0199031796460982,7,0.115072829779649,0.0175564982611131,0.0165006048456494,1.73576382334248,37.9948737091559,7.91545693358646,1.58309138671729,0.121499143091005,0.000185879262188458,0.155884022972853,0.00716575259757083,0.00716575179652568,0.022548652254045,7,0,1,1000,TD3,NaN,mathworks_style_single_run,NaN,17-Jun-2026 14:36:09
115,0,-2.35619449019234,5,-10,full_final,5,100001,8.81133995145849,3.14151050394788,22.6878809391748,2.57732408059324,5.40801095529071,1.29011887733692,2.47685,NaN,0.00579392900334036,0.250726002850015,-7.60870392326943e-05,-0.250726002850015,0.0101997337896551,0.00652229635708561,0.00652183423697199,0.0197036809822428,7,0.113857644899992,0.0173716362092598,0.016319481212093,1.71671071264621,41.6313143166108,8.00326798912417,1.60065359782483,0.120415565206601,0.000184231140979977,0.155187348199911,0.0070088205639829,0.00700879584290411,0.0231841588392854,7,0,1,1000,TD3,NaN,mathworks_style_single_run,NaN,17-Jun-2026 14:35:59
116,0,-2.35619449019234,5,0,full_final,5,100001,25.2217977421704,3.14145922121477,22.5885712551018,2.57765493343429,5.41063560517225,1.2892394081551,2.47285,NaN,0.00596802636907757,0.25108923508949,-0.00041353856901194,-0.25108923508949,0.0102974823356272,0.00665826495530087,0.0066574053913219,0.0192509792609687,7,0.114361480540189,0.01744828436885,0.0163249956305922,1.71729079611753,38.7159440622422,7.88135140475279,1.57627028095056,0.121215384728496,0.000185447664501837,0.15570188484954,0.0071360651915169,0.00713600968322853,0.0218786001205444,7,0,1,1000,TD3,NaN,mathworks_style_single_run,NaN,17-Jun-2026 14:35:49
117,0,-2.35619449019234,5,10,full_final,5,100001,37.2772597970506,3.14153020355957,22.6618907880039,2.578258054755,5.41431180035005,1.28806669656848,2.4715,NaN,0.00598978812989922,0.251383061843463,-0.000636553893152911,-0.251383061843463,0.0100577226897818,0.00657487078742399,0.00657469991799045,0.0192621797018298,7,0.114931107372494,0.0175349414141256,0.0164785596644307,1.73344480362191,40.1948479679141,7.96692783994797,1.59338556798959,0.12195987949022,0.000186580037744938,0.156179306881686,0.00702654291346466,0.00702653902756953,0.0218185158446431,7,0,1,1000,TD3,NaN,mathworks_style_single_run,NaN,17-Jun-2026 14:35:39
118,0,-1.5707963267949,-5,-10,full_final,5,100001,37.0299666033313,3.14146451872357,23.569466835329,1.61744351117952,3.06682580011151,1.17501714383335,1.94265,NaN,0.00610720598649961,0.249359103763066,0.000897586227576706,-0.249359103763066,0.0101303217500517,0.00672724774629569,0.00672722768777358,0.0191448776671135,6.5,0.0482081096285909,0.00735105702075763,0.00691577325523885,0.727497515343997,18.1458793921531,3.36011755521942,0.672023511043883,0.0508496973477717,7.77145238390647e-05,0.100846117771357,0.0071601998387865,0.00715982567934957,0.0216786954551935,7,0,1,1000,TD3,NaN,mathworks_style_single_run,NaN,17-Jun-2026 14:35:28
119,0,-1.5707963267949,-5,0,full_final,5,100001,31.7941257301231,3.14156482359887,23.5376492996721,1.61780686848961,3.067697395341,1.17515287297327,1.9427,NaN,0.00602858603445548,0.249355494515765,0.00087323992229813,-0.249355494515765,0.0102628715332296,0.00669294672050691,0.00669286419953462,0.019206611605413,6.5,0.0480260483269849,0.00732336256901276,0.00684618269978034,0.720177009838826,17.7097456412454,3.33830475302094,0.667660950604187,0.050691714982149,7.74742328066978e-05,0.100689339040585,0.00711165862096159,0.00711129928201946,0.0213565696030855,7,0,1,1000,TD3,NaN,mathworks_style_single_run,NaN,17-Jun-2026 14:36:17
120,0,-1.5707963267949,-5,10,full_final,5,100001,33.0463736438505,3.14149276689646,23.619379940324,1.61662122884337,3.06647301157906,1.17374613788324,1.94635,NaN,0.00622650375102395,0.249358055914779,0.000954961909453896,-0.249358055914779,0.0116391228828641,0.00677140049999793,0.00677121758250645,0.0206556447979471,6.5,0.0482203386738824,0.0073528762048235,0.00691106506325364,0.727002242025366,22.2373546347157,3.53119138027275,0.70623827605455,0.0509091859841213,7.78049832523635e-05,0.100905090044181,0.00727432059406644,0.00727248749339408,0.0235370229929686,6.5,0,1,1000,TD3,NaN,mathworks_style_single_run,NaN,17-Jun-2026 14:36:07
121,0,-1.5707963267949,0,-10,full_final,5,100001,1.10790965270526,3.14153826265965,23.586339089759,1.6177621483824,3.06687042240797,1.17565433611504,1.9445,NaN,0.00606372268047385,0.249504289001276,0.000837633622061038,-0.249504289001276,0.0101884260870997,0.00674732884093428,0.00674732656336324,0.0193716261702295,6.5,0.0482563020919974,0.00735839206635842,0.00691772371345004,0.727702691750169,15.6959369642281,3.29577738499907,0.659155476999813,0.0508483845259126,7.77125365613325e-05,0.100844815955916,0.00718557010592345,0.00718535289167538,0.021658007055521,6.5,0,0,4.00134465969123,TD3,NaN,mathworks_style_single_run,NaN,17-Jun-2026 14:35:58
122,0,-1.5707963267949,0,0,full_final,5,100001,0.769837646837988,3.14158553468605,23.4989761344839,1.61705750991341,3.06615799115069,1.17491583497065,1.94195,NaN,0.00607308578041021,0.249611934750338,0.00086619501143374,-0.249611934750338,0.0118566163406717,0.00683035418389772,0.00683012708757225,0.0217382365215881,7,0.0480671609704545,0.00732960260973105,0.00687240064671267,0.722934979272866,15.8105668137003,3.31423551670878,0.662847103341757,0.0507857144619739,7.76172225724111e-05,0.100782651743218,0.00728540599850441,0.00728538379518963,0.0255071176216006,7,0,0,4.00808354613458,TD3,NaN,mathworks_style_single_run,NaN,17-Jun-2026 14:35:48
123,0,-1.5707963267949,0,10,full_final,5,100001,0.95486027566032,3.14156389572849,23.6165907656963,1.61751261701628,3.06643997096861,1.17568732260357,1.943,NaN,0.00606425113520918,0.249501929410458,0.000823522337307262,-0.249501929410458,0.0104668182566696,0.00669424956540254,0.00669424944213368,0.0195235947603734,6.5,0.0483139230979439,0.00736715472978524,0.00692309810392991,0.728268045120831,16.4373637172627,3.32669867428205,0.665339734856409,0.0509512884650941,7.78690561696318e-05,0.100946806254675,0.00711931528628326,0.00711890377188981,0.0221705846488476,7,0,0,4.00227544797878,TD3,NaN,mathworks_style_single_run,NaN,17-Jun-2026 14:35:38
124,0,-1.5707963267949,5,-10,full_final,5,100001,37.5273646813643,3.14153550923278,23.5573479291653,1.61778410600795,3.06718626974402,1.17524782461379,1.9435,NaN,0.00610244608269082,0.249426162584631,0.000872009269865145,-0.249426162584631,0.0101502438975993,0.00674556847218042,0.00674555848901878,0.0191223434384749,6.5,0.048164531869218,0.0073444339537013,0.00690215464205441,0.726064919611243,18.1287183179881,3.35100892693993,0.670201785387985,0.050769921529037,7.75931926593041e-05,0.100766980235628,0.00718355439259455,0.00718328246329447,0.021609153598547,7,0,1,1000,TD3,NaN,mathworks_style_single_run,NaN,17-Jun-2026 14:35:28
125,0,-1.5707963267949,5,0,full_final,5,100001,30.6886347426719,3.14156751470862,23.500129917,1.61645337762708,3.06598693331753,1.17431131075936,1.9453,NaN,0.00617113776278097,0.249741655006156,0.000771499269768243,-0.249741655006156,0.01194219060076,0.00677632052143194,0.00677556900339031,0.0212456465778943,7,0.0480679840072519,0.00732968912681601,0.0068733610362499,0.723036006443122,18.6279890481292,3.38573171734225,0.67714634346845,0.0507795976332615,7.76079137796742e-05,0.100776582233435,0.00723772193479046,0.00723764040769864,0.0236679017543793,6.5,0,1,1000,TD3,NaN,mathworks_style_single_run,NaN,17-Jun-2026 14:36:16
126,0,-1.5707963267949,5,10,full_final,5,100001,33.0658730936651,3.14153547993204,23.6169280915323,1.61621714237168,3.06613488333041,1.17452170520549,1.94465,NaN,0.00584585104391759,0.249892667197849,0.000376313573553557,-0.249892667197849,0.0102669390886962,0.00661047013058561,0.00661027026619417,0.0202287226303892,7,0.04827679778927,0.00736145176888927,0.00691971562596955,0.727912228898837,21.6764245223179,3.4811749314304,0.69623498628608,0.0509548831086027,7.78745495532089e-05,0.100950367120286,0.00707939028141838,0.00707920078233602,0.023174250498414,7,0,1,1000,TD3,NaN,mathworks_style_single_run,NaN,17-Jun-2026 14:36:07
127,0,-0.785398163397448,-5,-10,full_final,5,100001,10.8819132263735,3.14138982054199,22.2624770441718,0.828260836660595,1.33652352828494,1.30638475485089,1.7839,NaN,0.0060621827318227,0.249579916359075,0.000739637052068713,-0.249579916359075,0.0102964013824194,0.00670008932383362,0.00669952338091113,0.0193919057911796,7,0.0138611282375882,0.00234664082153561,0.00221147227956579,0.232633507383646,5.27353499492041,1.04612268220725,0.20922453644145,0.0124030710988533,2.36336881232941e-05,0.0498057649250633,0.00715726861191658,0.00715696435276275,0.0219091381877661,7,0,1,1000,TD3,NaN,mathworks_style_single_run,NaN,17-Jun-2026 14:35:58
128,0,-0.785398163397448,-5,0,full_final,5,100001,23.2783574010969,3.14133638924731,22.2456417078511,0.828244530892982,1.33653873485686,1.30598096016902,1.7882,NaN,0.00614659486763716,0.249651095039493,0.000764020428876154,-0.249651095039493,0.0108847276438573,0.00684347401822185,0.00684221916244931,0.0206031223544318,7,0.0136823050987086,0.00231944813698008,0.00218043561533569,0.229368638036629,6.81900157549818,1.09924841366868,0.219849682733737,0.0121741312455849,2.32854669434687e-05,0.0493439585878249,0.00732581865461017,0.00732492150087271,0.0232589198276401,7,0,1,1000,TD3,NaN,mathworks_style_single_run,NaN,17-Jun-2026 14:35:47
129,0,-0.785398163397448,-5,10,full_final,5,100001,42.5483041493265,3.14143269097407,22.2714104977727,0.828057714250229,1.33646256486953,1.30568597641668,1.7837,NaN,0.00607478859054294,0.249766901645759,0.000671923693662684,-0.249766901645759,0.0101847661809898,0.00670139815663821,0.0067005883908229,0.0193904894587451,7,0.0138277413522265,0.00234156098516464,0.00220126075824399,0.231559317106535,8.81057678770959,1.10744471796017,0.221488943592034,0.0123666771524552,2.35783403614092e-05,0.0497326394884791,0.00716934099803539,0.00716916368462288,0.0218365201726556,7,0,1,1000,TD3,NaN,mathworks_style_single_run,NaN,17-Jun-2026 14:35:37
130,0,-0.785398163397448,0,-10,full_final,5,100001,19.9421112473463,3.14121766085957,22.2600171489302,0.828257595031681,1.33659743891003,1.30598884703268,1.7838,NaN,0.00606291645021325,0.249598468131197,0.00074099796625856,-0.249598468131197,0.0100930317497226,0.00669871016449491,0.0066981714292012,0.0191239095711051,7,0.0138375279113478,0.00234305316624144,0.00220554335153506,0.232009820016837,5.55608752352218,1.04619409696049,0.209238819392099,0.0123514099092684,2.35551082228776e-05,0.0497019313694516,0.00715373949987077,0.00715343184532631,0.0215795459225774,7,0,1,1000,TD3,NaN,mathworks_style_single_run,NaN,17-Jun-2026 14:35:26
131,0,-0.785398163397448,0,0,full_final,5,100001,0.767163456902251,3.14126621986166,22.2416790276892,0.828348521577565,1.33648447780797,1.3064046504069,1.78415,NaN,0.00590792866476426,0.249455821761231,0.000800967791723557,-0.249455821761231,0.0105083240313191,0.00669833471731604,0.00669824712810281,0.021155777024136,7,0.0136920510933944,0.00232091780748083,0.00218566604203978,0.229918847288865,5.38189756831349,1.06076881294966,0.212153762589931,0.0121670382078738,2.32746882317398e-05,0.0493295818102562,0.00717022794497531,0.00717022781584282,0.0246501844376326,7,0,0,2.48203483223545,TD3,NaN,mathworks_style_single_run,NaN,17-Jun-2026 14:36:17
132,0,-0.785398163397448,0,10,full_final,5,100001,20.4961270178622,3.14142683564182,22.2728067072942,0.828187689379131,1.33649061060219,1.30568142985472,1.78325,NaN,0.00607340121582373,0.249608433527313,0.000737317122945155,-0.249608433527313,0.0101073865679242,0.00669909344076347,0.00669862577707925,0.019076408622194,7,0.013825977494148,0.00234129761268796,0.0021999081458896,0.231417030468333,5.71905580876942,1.04531747251044,0.209063494502088,0.012341383589137,2.35398565527632e-05,0.0496817543754989,0.00715254564949516,0.00715228701867068,0.0217542219907045,7,0,1,1000,TD3,NaN,mathworks_style_single_run,NaN,17-Jun-2026 14:36:08
133,0,-0.785398163397448,5,-10,full_final,5,100001,41.6606660662279,3.14127885547871,22.2528091341183,0.828121332555895,1.33670729517876,1.30547356924812,1.78265,NaN,0.00604255353084691,0.249840498512989,0.000627330897137541,-0.249840498512989,0.0101197845565173,0.0066910393000679,0.00669059135203958,0.0194288432563443,7,0.0137820519563549,0.00233460942775711,0.00219436214046166,0.230833624243173,8.47232403887898,1.1159765093594,0.223195301871881,0.0122566613108723,2.34110078831861e-05,0.049510930734278,0.00716113907471697,0.00716100933809029,0.0217176899313927,7,0,1,1000,TD3,NaN,mathworks_style_single_run,NaN,17-Jun-2026 14:35:58
134,0,-0.785398163397448,5,0,full_final,5,100001,23.3132868657232,3.14128687242141,22.2749550274368,0.828427147904526,1.33639137672296,1.30686857848108,1.78225,NaN,0.00612990854443573,0.250207263038241,0.000337394315799094,-0.250207263038241,0.0111591246638059,0.00680199322235973,0.00680107083058332,0.0205763979019249,7,0.0138858098403281,0.00235040445636491,0.00221688653285057,0.233203054080269,6.7100936559075,1.09681564735331,0.219363129470662,0.0124200821513291,2.36595713050374e-05,0.0498399080081998,0.00731076825817158,0.00731016949952641,0.0236539747565985,7,0,1,1000,TD3,NaN,mathworks_style_single_run,NaN,17-Jun-2026 14:35:48
135,0,-0.785398163397448,5,10,full_final,5,100001,11.5988713285437,3.14146677341388,22.2740780345731,0.828164941076939,1.33646029809664,1.30613646875126,1.78435,NaN,0.00609505716024391,0.249656956774531,0.00070248569790844,-0.249656956774531,0.0103037240897062,0.00669906168674958,0.00669854566511545,0.019315285347993,7,0.0139035838390323,0.00235309807117629,0.00221743974228922,0.233261248367045,5.35649254257809,1.05483070901499,0.210966141802998,0.0124359869569594,2.36837589069141e-05,0.0498718095860967,0.00716531353308745,0.00716507171396373,0.02158132661134,7,0,1,1000,TD3,NaN,mathworks_style_single_run,NaN,17-Jun-2026 14:35:39
136,0,-0.349065850398866,-5,-10,full_final,5,100001,1.8131265228338,0.349724978426596,15.2096585183213,0.114610773279378,0.00904050606715517,1.96282014819516,1.89715,NaN,0.00605080970312794,0.251878719567432,-0.000779646651465729,-0.251878719567432,0.0105511677617574,0.00685692320152556,0.0068567908302778,0.0206046744041046,7,0.00597919468976889,0.00119790242008029,0.00111222833557638,0.116999693420264,3.5004938055513,0.55152414519851,0.110304829039702,0.00588670206963799,1.47236046294808e-05,0.034312394465085,0.00737862083517158,0.0073786166897179,0.0231707878410816,7,0,1,1000,TD3,NaN,mathworks_style_single_run,NaN,17-Jun-2026 14:35:28
137,0,-0.349065850398866,-5,0,full_final,5,100001,17.9677102676092,0.349721555489313,15.1971420320648,0.114909048837294,0.00905445715938417,1.96189664344459,1.89565,NaN,0.00608714936026411,0.251094900682694,-0.00031187307067886,-0.251094900682694,0.0109824449089535,0.00683158988125789,0.0068303150168772,0.020567708049108,7,0.0060002432015674,0.0012010802926951,0.00111278296226837,0.117058036793516,4.10367211708409,0.574553558160459,0.114910711632092,0.00591139524045097,1.47611666210555e-05,0.0343842849000847,0.00734158799367278,0.00734101200099387,0.0225530928000808,7,0,1,1000,TD3,NaN,mathworks_style_single_run,NaN,17-Jun-2026 14:36:17
138,0,-0.349065850398866,-5,10,full_final,5,100001,41.6354625582505,0.349721187973183,15.1849097639872,0.11372130073997,0.00904139544199757,1.95969061126923,1.89655,NaN,0.00599020470512548,0.251087099246362,-0.000440627269475507,-0.251087099246362,0.0105501226786004,0.00662345394240684,0.00662252942537749,0.0199178515682896,7,0.00605428100641378,0.00120930116453093,0.00111853939593186,0.117663578796251,7.63744354098113,0.637154440041718,0.127430888008344,0.0060550390020313,1.49796493422494e-05,0.0347995373590837,0.00707564804347926,0.0070755041951768,0.022116425447166,7,0,1,1000,TD3,NaN,mathworks_style_single_run,NaN,17-Jun-2026 14:36:08
139,0,-0.349065850398866,0,-10,full_final,5,100001,19.8794405971095,0.349820313524817,15.2178627854238,0.1142852844917,0.00904430233944886,1.96396100034258,1.90305,NaN,0.00606367861624689,0.251153768392605,-0.000370590947625449,-0.251153768392605,0.0110917424174137,0.00675145373875736,0.00675075370646602,0.0205378617476297,7,0.00597715901105258,0.0011975505531997,0.00111132876356063,0.116905063885404,4.32915239756728,0.575845618639869,0.115169123727974,0.00584717439891195,1.4663488080611e-05,0.0341970010349211,0.0072784256669614,0.00727804784634157,0.0226889699697495,7,0,1,1000,TD3,NaN,mathworks_style_single_run,NaN,17-Jun-2026 14:35:58
140,0,-0.349065850398866,0,0,full_final,5,100001,1.15493850375637,0.349818649702007,15.2030103594099,0.114061584007611,0.00904678882225296,1.96234837309043,1.9,NaN,0.00590416264213893,0.250738476032841,-0.00024745825443514,-0.250738476032841,0.0103785726312609,0.00653037673708923,0.00653006388855386,0.0195545675800468,7,0.0059876605341842,0.00119915778538355,0.00111036693218346,0.116803885042309,3.10072259353489,0.54318534088537,0.108637068177074,0.00588649232765005,1.47232886353956e-05,0.0343117831878498,0.00700932876275078,0.00700925891956787,0.0224287435412407,7,0,0,1.3799731564855,TD3,NaN,mathworks_style_single_run,NaN,17-Jun-2026 14:35:48
141,0,-0.349065850398866,0,10,full_final,5,100001,20.7173221814142,0.349820111369943,15.1894096875302,0.114291461351176,0.00905272701112439,1.96164992919195,1.90195,NaN,0.00569240046360734,0.250732737623547,-0.00030427421460596,-0.250732737623547,0.0105306561871492,0.00649766001593745,0.00649575979221318,0.0194630554095627,7,0.00609255412804887,0.00121511174944631,0.00112345017439268,0.118180162986737,4.91373817305568,0.601563847345935,0.120312769469187,0.00608004515884772,1.50176842447262e-05,0.0348713210499623,0.00693881236872714,0.00693862146096888,0.0212341779842973,7,0,1,1000,TD3,NaN,mathworks_style_single_run,NaN,17-Jun-2026 14:35:38
142,0,-0.349065850398866,5,-10,full_final,5,100001,38.0157917464474,0.349915745379536,15.2270681500776,0.114360673905426,0.00904507392715072,1.96613476101304,1.90235,NaN,0.00602742848141262,0.250991646823079,-0.000151744659791747,-0.250991646823079,0.0112310928919008,0.00671276361418622,0.00671259175290525,0.0206171403985689,7,0.00543244180440452,0.00111470663728344,0.00103832580617105,0.109225594337519,6.22235570096764,0.584566832496591,0.116913366499318,0.00475666674550704,1.30048261346537e-05,0.0308436922092899,0.00722843693681333,0.00722842194012334,0.024354568682611,7,0,1,1000,TD3,NaN,mathworks_style_single_run,NaN,17-Jun-2026 14:35:27
143,0,-0.349065850398866,5,0,full_final,5,100001,19.4685750409191,0.349915895472134,15.2101544912214,0.11410931191927,0.00904722459157309,1.96364539501771,1.89905,NaN,0.0062187357629492,0.251041607422105,-0.000266982748067789,-0.251041607422105,0.0117234628984528,0.00675146196507113,0.00675084459751045,0.0209722638586602,7,0.006052646776085,0.00120904650670099,0.00112040461237657,0.117859788284189,4.50217161928098,0.584589879658554,0.116917975931711,0.00598132344075094,1.48675289443291e-05,0.0345870595476139,0.00725438368667898,0.00725434893654371,0.0234165862202644,7,0,1,1000,TD3,NaN,mathworks_style_single_run,NaN,17-Jun-2026 14:36:17
144,0,-0.349065850398866,5,10,full_final,5,100001,2.13121783539421,0.349919181540084,15.1946064410897,0.113813189792446,0.00905542642064961,1.96288299784313,1.90185,NaN,0.00566105747663,0.250907570420459,-0.000296242304303223,-0.250907570420459,0.0101203401452055,0.00657253371947854,0.00657192456815058,0.0201779627332899,7,0.00602486001616944,0.00120481664055619,0.00111422358680258,0.117209581780679,4.30250533165245,0.584729552153287,0.116945910430657,0.00588264066644136,1.47174325259117e-05,0.0343005558743335,0.00706384053383714,0.00706342933901496,0.0222705211490393,7,0,1,1000,TD3,NaN,mathworks_style_single_run,NaN,17-Jun-2026 14:36:08
145,0,0,-5,-10,full_final,5,100001,4.48109025490817,0.0762107629214399,2.91573745945186,0.0565319251003982,0.00196483464445977,1.26515471132493,0.9068,NaN,0.00573454594031057,0.250508560168277,-8.18395123871271e-05,-0.250508560168277,0.0100517061442424,0.00643425196132945,0.00643419400393073,0.0191283201988512,7,0.000445369078056369,8.35287491388355e-05,7.99913259849418e-05,0.00841460365390576,1.16714133815505,0.0617859296684823,0.0123571859336965,0.000233228153301468,6.71795117629536e-07,0.0068297606590783,0.00686786480021848,0.00686782949442802,0.0214357608929276,7,0,1,1000,TD3,NaN,mathworks_style_single_run,NaN,17-Jun-2026 14:35:59
146,0,0,-5,0,full_final,5,100001,16.9340064363539,0.0762139225067657,2.91583194820779,0.0570534164199765,0.00198095986975424,1.26552397036604,0.91505,NaN,0.00610840681842069,0.250443154689258,0.000146472070724439,-0.250443154689258,0.0103272481987298,0.0067238013194194,0.00672368572074093,0.0196692416396731,7,0.000456517777971968,8.52265541590355e-05,8.13976067222386e-05,0.00856253588136634,1.69544595194659,0.0787915867959427,0.0157583173591885,0.000235563571561856,6.75347264658109e-07,0.00686387021383499,0.00723322408146216,0.00723320235793631,0.0220268713310361,7,0,1,1000,TD3,NaN,mathworks_style_single_run,NaN,17-Jun-2026 14:35:48
147,0,0,-5,10,full_final,5,100001,40.1390632535789,0.0763883846175841,2.91601403537655,0.0572032123963915,0.00198609270610414,1.26560031024052,0.9146,NaN,0.00597217998003635,0.249422704111433,0.000749566414755229,-0.249422704111433,0.0102946777471073,0.00650063997652433,0.0064999496668971,0.0195943485787895,7,0.000461021134844555,8.58914488616092e-05,8.12619330279146e-05,0.00854826382936643,4.6797046182783,0.12954537511851,0.0259090750237019,0.000236579016233467,6.76865024635689e-07,0.00687864835899418,0.00693810630500152,0.00693778593843667,0.0226637702435255,7,0,1,1000,TD3,NaN,mathworks_style_single_run,NaN,17-Jun-2026 14:35:38
148,0,0,0,-10,full_final,5,100001,20.8880809102078,0.0762975601134799,2.90780811452643,0.0570703871229768,0.00197354767815925,1.2654070150455,0.9093,NaN,0.00581273257229255,0.249296414388625,0.000779582109380315,-0.249296414388625,0.00999808498653953,0.00647078526309924,0.00647066483162783,0.0191330505802974,7,0.000454175645133032,8.49110762577884e-05,8.04589229807759e-05,0.00846379202953592,2.04378487437326,0.0774451664111089,0.0154890332822218,0.000230293296390272,6.67319586827947e-07,0.00678665302472833,0.00682621693099424,0.00682565860796268,0.0211397595703602,7,0,1,1000,TD3,NaN,mathworks_style_single_run,NaN,17-Jun-2026 14:35:27
149,0,0,0,0,full_final,5,100001,0.77330062446165,0.0763780471423599,2.90710673887798,0.057238393304365,0.00198248639703476,1.26557499831782,0.91155,NaN,0.00589670007444975,0.249186698771585,0.000829729086451238,-0.249186698771585,0.0103980709531544,0.00652718079868453,0.00652696313097992,0.0195138011809308,7,0.000458154233562244,8.54795052948364e-05,8.09502292711015e-05,0.00851547447953729,0.66650282060487,0.0493498521111859,0.00986997042223718,0.000230595590696365,6.67773201472558e-07,0.0067911058112264,0.00691448247948974,0.00691416528847792,0.0210540983825922,7,0,0,0.917219796604403,TD3,NaN,mathworks_style_single_run,NaN,17-Jun-2026 14:36:17
150,0,0,0,10,full_final,5,100001,22.0977704324725,0.0764314512360058,2.90855428957833,0.0574117043826857,0.00198798548027787,1.26582332226505,0.9136,NaN,0.00613501966153595,0.249565772728372,0.000794067448633015,-0.249565772728372,0.0102802216921045,0.00679402283022059,0.0067935700844951,0.0200025865909939,6.5,0.000459407704149798,8.57179665628713e-05,8.08360343997643e-05,0.00850346186979768,2.33969541590603,0.0884896748000662,0.0176979349600132,0.000230295481296995,6.67302717986963e-07,0.00678668521882362,0.0071755987473798,0.00717403585574062,0.0219914400950074,7,0,1,1000,TD3,NaN,mathworks_style_single_run,NaN,17-Jun-2026 14:36:08
151,0,0,5,-10,full_final,5,100001,39.2965400288013,0.0763890553068358,2.90056332747207,0.0570981963362134,0.00197492556832504,1.26544557220195,0.907,NaN,0.00620459317991191,0.249867238019622,0.000508325021780941,-0.249867238019622,0.0115449972450805,0.00664825666304783,0.00664723533306224,0.0207620071492376,7,0.000457426099446483,8.53648768733533e-05,8.14671473847109e-05,0.00856985113843113,4.32563134405247,0.12012342464889,0.024024684929778,0.000228649936343672,6.64831511928649e-07,0.00676239508375061,0.00712427533473825,0.00712419260463343,0.0230908961966634,7,0,1,1000,TD3,NaN,mathworks_style_single_run,NaN,17-Jun-2026 14:35:58
152,0,0,5,0,full_final,5,100001,17.2799740554213,0.0762774297325559,2.89864891642589,0.0576293535832498,0.00198575247805147,1.26574225472977,1.04895,NaN,0.00635786858254929,0.249385087227735,0.000946066537150378,-0.249385087227735,0.0113521649078665,0.00689660217025285,0.00689527623599781,0.0206910688824511,6.5,0.000462193430767503,8.61202095260448e-05,8.15476519066305e-05,0.00857831972719321,1.7771137494256,0.0727148607050238,0.0145429721410048,0.000228258933228433,6.64149861905779e-07,0.00675661058857816,0.00732643168972372,0.0073253325366569,0.0225817514583468,7,0,1,1000,TD3,NaN,mathworks_style_single_run,NaN,17-Jun-2026 14:35:48
153,0,0,5,10,full_final,5,100001,4.72673671561428,0.0765045244321945,2.90096998407553,0.0573756232068987,0.00198788651773106,1.26577320644663,0.9111,NaN,0.00620929029529442,0.249568117726044,0.000843754008426453,-0.249568117726044,0.0112170609430331,0.00681997495208854,0.00681941816046602,0.0208382860977303,7,0.000459853056089319,8.57587428426629e-05,8.11304982896421e-05,0.00853443768990316,1.44365907594545,0.0677864754444162,0.0135572950888832,0.000227146475110694,6.62533377890972e-07,0.00674012574230918,0.00727964874802222,0.00727797704030637,0.0238580489531159,7,0,1,1000,TD3,NaN,mathworks_style_single_run,NaN,17-Jun-2026 14:35:38
154,0,0.349065850398866,-5,-10,full_final,5,100001,1.68438249640836,0.349927336116583,10.2289947890425,0.107895212035649,0.0137908537163029,1.44769922534699,0.7486,NaN,0.00606791011873296,0.25133301973321,-0.000552221395966888,-0.25133301973321,0.0103237432640642,0.00666587919300166,0.00666548670146287,0.0198568106613037,7,0.00266046322795225,0.000634965887673885,0.000585579763126765,0.0615994491126119,3.1924474928645,0.336718493924423,0.0673436987848847,0.00235129846791093,8.18294653839437e-06,0.0216854719474165,0.00710288674210034,0.00710243883125426,0.0220010280609131,7,0,1,1000,TD3,NaN,mathworks_style_single_run,NaN,17-Jun-2026 14:35:27
155,0,0.349065850398866,-5,0,full_final,5,100001,19.6786785289481,0.349923982093179,10.24292658301,0.107979188964825,0.0138024787056823,1.44722255110725,0.7492,NaN,0.00603260278515043,0.250643032470307,0.000186556397352543,-0.250643032470307,0.0106524761348314,0.00677601241512022,0.00677511451953594,0.0203038014328007,7,0.00265971434683869,0.000634713349531268,0.000586572414528198,0.0617038700358395,3.20590826333248,0.331025184128576,0.0662050368257153,0.00235665859464881,8.191104308133e-06,0.0217101754698059,0.00730425508470965,0.00730391407522787,0.022375606931746,7,0,1,1000,TD3,NaN,mathworks_style_single_run,NaN,17-Jun-2026 14:36:10
156,0,0.349065850398866,-5,10,full_final,5,100001,39.4174555967973,0.349923828876436,10.2534379190286,0.105423936395912,0.0137989977221723,1.44472781729929,0.75,NaN,0.00602615970460113,0.250073822362434,0.000436280232842727,-0.250073822362434,0.0102595648250867,0.00671962952887434,0.0067183856837878,0.0196096400659207,7,0.00262596780450571,0.000629600867498219,0.000582226640840498,0.0612467209299668,5.09253194204468,0.360550590142503,0.0721101180285006,0.00235652082160441,8.19089737754384e-06,0.0217095408592831,0.00722550599144382,0.00722541083434863,0.0222933096811175,7,0,1,1000,TD3,NaN,mathworks_style_single_run,NaN,17-Jun-2026 14:36:01
157,0,0.349065850398866,0,-10,full_final,5,100001,21.0384483701687,0.349827277551864,10.2291981834373,0.107630038967796,0.0137730930626523,1.44696995875416,0.74895,NaN,0.00580783258691894,0.249857025570777,0.000380982195893382,-0.249857025570777,0.0105236606009442,0.00661497683301772,0.00661422564347459,0.0212226019228465,7,0.00264997275442354,0.000633340601053096,0.000583879123869726,0.0614205521493466,3.99077559064,0.345629754921149,0.0691259509842298,0.00235427621741001,8.18748138786314e-06,0.0216991991437933,0.00706925711720759,0.00706915822351219,0.0233001271262765,7,0,1,1000,TD3,NaN,mathworks_style_single_run,NaN,17-Jun-2026 14:35:51
158,0,0.349065850398866,0,0,full_final,5,100001,1.15487742164979,0.34982581610738,10.2412783196774,0.107405267700516,0.0137900002814931,1.44632099925213,0.74955,NaN,0.00597208968198536,0.24941823765182,0.000783329627029136,-0.24941823765182,0.0103932227415697,0.00659947362110617,0.00659864253269936,0.0193982449586931,7,0.00264388943678144,0.00063241702498579,0.000583844769317423,0.0614169382582432,1.96280052175819,0.294226622774698,0.0588453245549396,0.00235800157898664,8.19311853417671e-06,0.0217163605559801,0.00705433253297305,0.00705431944950178,0.021757080219686,6.5,0,0,1.10967312700948,TD3,NaN,mathworks_style_single_run,NaN,17-Jun-2026 14:36:10
159,0,0.349065850398866,0,10,full_final,5,100001,20.2211170519096,0.349827480116999,10.2492136492929,0.107097329768408,0.0137877585135895,1.44632253861564,0.75065,NaN,0.00592596904165929,0.251171081434339,-0.000550294196764635,-0.251171081434339,0.0105380773721193,0.00663444805098899,0.00663404630781808,0.0194833668225729,7,0.00263350049610218,0.000630857743912977,0.000583213567475599,0.0613505396424036,2.84758904631838,0.314832398013017,0.0629664796026033,0.00235983818855848,8.19593435528358e-06,0.0217248161721036,0.00704332147688273,0.00704270150736012,0.0218466874212027,7,0,1,1000,TD3,NaN,mathworks_style_single_run,NaN,17-Jun-2026 14:36:01
160,0,0.349065850398866,5,-10,full_final,5,100001,39.3447676570895,0.349727503824114,10.2434411424191,0.10769446459108,0.0137555401496251,1.44699772685672,0.74965,NaN,0.00592534420390767,0.249572781961769,0.000717410386567945,-0.249572781961769,0.0102700531021331,0.00661498257816627,0.00661428279536263,0.0195745937210017,7,0.00264791018596863,0.000633011727029952,0.000584025146317839,0.0614359128276491,5.99800131559077,0.382155690007133,0.0764311380014266,0.0023698914307847,8.21122124753678e-06,0.0217710423764444,0.00704285330891498,0.0070423713155329,0.0219249688088894,7,0,1,1000,TD3,NaN,mathworks_style_single_run,NaN,17-Jun-2026 14:35:51
161,0,0.349065850398866,5,0,full_final,5,100001,18.8685493002202,0.349727878875902,10.2529386121342,0.106115400134842,0.0137526630381196,1.44505313749954,0.74995,NaN,0.00591570288731942,0.249420460899418,0.000828479793757555,-0.249420460899418,0.0102142880975795,0.00664661392881179,0.0066466121135654,0.0197346687839359,7,0.00262365860505196,0.000629388812027772,0.000580615774509492,0.0610772675355152,2.92435641002394,0.311878639416607,0.0623757278833214,0.00237026548980791,8.21176649785985e-06,0.0217727604580031,0.00710056266471785,0.00710054705920943,0.0227385545149446,6.5,0,1,1000,TD3,NaN,mathworks_style_single_run,NaN,17-Jun-2026 14:36:10
162,0,0.349065850398866,5,10,full_final,5,100001,2.15789069468385,0.349731373008162,10.2580935398244,0.10592273467938,0.0137508993926773,1.44538106051467,0.7511,NaN,0.00589655624663906,0.25084462941859,-0.000272469915562091,-0.25084462941859,0.0102630226320408,0.0066548348572298,0.0066543612806834,0.0199878563319245,7,0.00261853321578385,0.000628525992040545,0.000580891418615639,0.0611062636282069,2.08736199892674,0.286900113170193,0.0573800226340386,0.00237159300804835,8.21379743868317e-06,0.0217788567562595,0.00709491123174784,0.0070946664850807,0.0222808457911015,7,0,1,1000,TD3,NaN,mathworks_style_single_run,NaN,17-Jun-2026 14:36:01
163,0,0.785398163397448,-5,-10,full_final,5,100001,10.014895603884,3.14148186214615,16.5275656779394,0.860054369961801,1.47813354454027,1.30362846227588,1.6418,NaN,0.00606712539098164,0.249646826305162,0.00070179447163477,-0.249646826305162,0.010404684978665,0.00670832223649947,0.00670716973388856,0.0194561099414008,7,0.00608265841597481,0.000981383585754265,0.000958059930823319,0.100782109751303,2.88738530775586,0.461491896771463,0.0922983793542926,0.00138154280399677,3.22682899955034e-06,0.0166225317205098,0.00717154915406734,0.00717117020002392,0.0218054782599211,7,0,1,1000,TD3,NaN,mathworks_style_single_run,NaN,17-Jun-2026 14:35:52
164,0,0.785398163397448,-5,0,full_final,5,100001,27.6245539246893,3.14134582196683,16.5380423229588,0.859898152951369,1.4778307778255,1.30270395820972,1.64005,NaN,0.00606871325510912,0.249607031089583,0.000715340004650291,-0.249607031089583,0.0102559268661586,0.00667119447943814,0.00667075968786832,0.019226367649444,7,0.00609001464218051,0.000982493316129276,0.000961983134440647,0.101194807041751,3.9438239322869,0.496517846875782,0.0993035693751563,0.00142770331819076,3.2970405922866e-06,0.0168979485038318,0.00714107963637523,0.00714074122506377,0.0216314112767577,7,0,1,1000,TD3,NaN,mathworks_style_single_run,NaN,17-Jun-2026 14:36:10
165,0,0.785398163397448,-5,10,full_final,5,100001,40.6926940108484,3.14136948756795,16.5194038816996,0.860170705645471,1.4784500011963,1.30351714043077,1.64325,NaN,0.0060522456898719,0.249654079430181,0.000749913158868,-0.249654079430181,0.0102161547298729,0.00667572045670019,0.00667561405101192,0.0193691225322103,7,0.00610399909034304,0.000984634284288964,0.000961433555098429,0.101136994619164,6.08897074182624,0.54348022903732,0.108696045807464,0.00140441237682716,3.26159873861859e-06,0.0167595487816776,0.00710646141916995,0.00710642664332384,0.0219051260501146,7,0,1,1000,TD3,NaN,mathworks_style_single_run,NaN,17-Jun-2026 14:36:00
166,0,0.785398163397448,0,-10,full_final,5,100001,16.7327097304958,3.14149066995887,16.5316394773859,0.860139626905213,1.47805241971735,1.30424744778462,1.6422,NaN,0.00608168170316082,0.249560011113607,0.00076937628074061,-0.249560011113607,0.010571088027431,0.00671149046453642,0.00671108382735106,0.0197424900072818,7,0.00606749991121145,0.000979075504851374,0.000954531916649822,0.100410983999981,3.25252407991247,0.455293435805893,0.0910586871611787,0.00135321193960572,3.18372618576476e-06,0.0164512123541441,0.00716682457694167,0.0071667454291025,0.0224572261795402,7,0,1,1000,TD3,NaN,mathworks_style_single_run,NaN,17-Jun-2026 14:35:51
167,0,0.785398163397448,0,0,full_final,5,100001,0.764092993470287,3.14143067140719,16.5299513495378,0.859469364946011,1.47796992492192,1.30155052712649,1.6391,NaN,0.00579722343114797,0.249521766510742,0.000706729917688589,-0.249521766510742,0.0100959262140934,0.00658221563221969,0.00658221083729325,0.0197425632661883,7,0.00606811817090522,0.000979179581134147,0.000958263642949067,0.100803539034748,2.70441400420479,0.477719620309018,0.0955439240618035,0.00142086901456208,3.28663599525975e-06,0.0168574554103641,0.00702921298585656,0.0070291977672924,0.0229114526882768,7,0,0,2.53637600641444,TD3,NaN,mathworks_style_single_run,NaN,17-Jun-2026 14:35:34
168,0,0.785398163397448,0,10,full_final,5,100001,15.1378794520552,3.14146780628397,16.5206941214986,0.860028286699542,1.4783907724848,1.3029706567035,1.6422,NaN,0.00605607877026486,0.249298105165388,0.000866577906230519,-0.249298105165388,0.0107210121440404,0.00666389681188023,0.00666358785187141,0.0197097126411672,7,0.00608915595783003,0.000982418888352135,0.00095916057247368,0.100897890595522,3.52370203169712,0.488704737568639,0.0977409475137279,0.00140390851937646,3.26083378218587e-06,0.0167565421216697,0.00706471239964833,0.00706412371809456,0.0224273009225726,7,0,1,1000,TD3,NaN,mathworks_style_single_run,NaN,17-Jun-2026 14:35:24
169,0,0.785398163397448,5,-10,full_final,5,100001,37.3589983422805,3.14150902951963,16.5284330983013,0.859838116335157,1.4779515484371,1.30219639099891,1.6366,NaN,0.00601488602997357,0.250069648943819,0.0004870848445533,-0.250069648943819,0.0100511710015032,0.00672368961432061,0.00672262994382639,0.0203953118716136,7,0.00605969972190853,0.000977876233608157,0.000957679628510064,0.100742104248265,5.55896302657585,0.507074640642254,0.101414928128451,0.00142285858998897,3.28967605774002e-06,0.0168692536289486,0.00720795028138609,0.00720770867050368,0.0223651388660073,7,0,1,1000,TD3,NaN,mathworks_style_single_run,NaN,17-Jun-2026 14:35:13
170,0,0.785398163397448,5,0,full_final,5,100001,24.05160484626,3.1414202634682,16.532163190903,0.85965432610708,1.4780792752915,1.30254620050245,1.63865,NaN,0.00585755230091625,0.249724455310187,0.000528081909067743,-0.249724455310187,0.0103076976363236,0.00655737272202186,0.00655577680522174,0.0193930373925362,7,0.00606351811705127,0.00097848947506081,0.000956598331407986,0.100628358333516,4.49418134657605,0.525714995469895,0.105142999093979,0.00140479577788508,3.26220092990537e-06,0.0167618362829678,0.00697403152931422,0.00697335239322859,0.0217008050531149,7,0,1,1000,TD3,NaN,mathworks_style_single_run,NaN,17-Jun-2026 14:36:11
171,0,0.785398163397448,5,10,full_final,5,100001,8.09418897517685,3.14159133321383,16.5221604312629,0.859789933065632,1.47833706505714,1.30291396263117,1.64245,NaN,0.00606235845262468,0.249901501737378,0.000643004064103484,-0.249901501737378,0.0102143866975293,0.00664456311310972,0.00664438638068512,0.0199857527222598,7,0.0060778885743467,0.000980657403144145,0.000957474626298928,0.10072053925564,3.31337471272644,0.479727905912376,0.0959455811824752,0.0014043847413133,3.26156377820512e-06,0.0167593838867263,0.00708732104461051,0.00708729846245467,0.0218677064403892,7,0,1,1000,TD3,NaN,mathworks_style_single_run,NaN,17-Jun-2026 14:36:02
172,0,1.5707963267949,-5,-10,full_final,5,100001,33.4915163244978,3.14155013803032,24.5653706594748,1.65164075631987,3.09210517558529,1.42148780906254,2.44685,NaN,0.00590416580917237,0.250620816362006,-0.000564061354778769,-0.250620816362006,0.010678320385233,0.00633515392435293,0.00633462534996115,0.0198116704378397,7,0.0244129187534194,0.00377868279619838,0.00358831815604414,0.377469365527326,17.4125779563103,1.99535267327225,0.399070534654451,0.0207096370709335,3.28091508776013e-05,0.0643578077173757,0.00674065522324454,0.00673950262519589,0.0215512616559863,6.5,0,1,1000,TD3,NaN,mathworks_style_single_run,NaN,17-Jun-2026 14:35:53
173,0,1.5707963267949,-5,0,full_final,5,100001,30.2987813006357,3.14150889793981,24.6484724097307,1.65183842305089,3.09036932069279,1.42699447584375,2.4428,NaN,0.00597322670193651,0.251468345899073,-0.000842927109005492,-0.251468345899073,0.0101211913539747,0.00652435328050986,0.00652434740010006,0.0197180203491256,7,0.0246670317807495,0.00381734113679542,0.00361482081217665,0.380257284647115,10.9896980948551,1.80923337896731,0.361846675793462,0.0211383764225881,3.34612335848883e-05,0.0650205758550139,0.0069542884173883,0.00695427550117112,0.0220624655485153,7,0,1,1000,TD3,NaN,mathworks_style_single_run,NaN,17-Jun-2026 14:35:38
174,0,1.5707963267949,-5,10,full_final,5,100001,35.0836217948894,3.14152047694329,24.4685271911937,1.65286209500776,3.09288013364236,1.422053153846,2.4386,NaN,0.00598600949084774,0.251605084858984,-0.000732276911571203,-0.251605084858984,0.0100893160686644,0.0066893239891491,0.00668893831381708,0.0191693043334551,7,0.024259907106984,0.00375540533565103,0.00356355533038776,0.374864466049996,10.8128060982388,1.77002457108447,0.354004914216895,0.0204883369191812,3.24725430453384e-05,0.0640130251108026,0.00714631374887533,0.00714593934303389,0.0215960256755352,7,0,1,1000,TD3,NaN,mathworks_style_single_run,NaN,17-Jun-2026 14:35:29
175,0,1.5707963267949,0,-10,full_final,5,100001,1.44485503298732,3.14155466483486,24.6913424700457,1.65121936874472,3.09192296646483,1.42160437680631,2.4306,NaN,0.00592333874103133,0.251669960052591,-0.000747651987829038,-0.251669960052591,0.0104423524091501,0.00652842108992672,0.006527312301741,0.0202782859099795,7,0.0250802935645961,0.00388017957388386,0.00367517766300511,0.386606460276671,16.442352201059,2.07036778612532,0.414073557225063,0.0216530660841195,3.42440954389477e-05,0.065807394849089,0.00701607415832508,0.00701567743807254,0.0233558844774961,7,0,0,4.18645228713369,TD3,NaN,mathworks_style_single_run,NaN,17-Jun-2026 14:35:17
176,0,1.5707963267949,0,0,full_final,5,100001,0.76884148914377,3.14136805682526,24.5601853763006,1.65226605064259,3.09116312264589,1.4254907427545,2.4425,NaN,0.00619847050714737,0.25184103274154,-0.000871694325911295,-0.25184103274154,0.0106715351990205,0.00676985180382925,0.00676984590719344,0.0202501532419332,6.5,0.024414392648626,0.00377890844236921,0.00358477023716594,0.377096145921466,8.5974504441749,1.7452916766983,0.349058335339661,0.0207523390420621,3.28740988412959e-05,0.0644241244287605,0.0072437913462749,0.00724366868888491,0.0224252920597792,6.5,0,0,4.1970382697284,TD3,NaN,mathworks_style_single_run,NaN,17-Jun-2026 14:36:02
177,0,1.5707963267949,0,10,full_final,5,100001,1.12399294238772,3.14158784404266,24.5626978219525,1.65239846897668,3.09203033839391,1.42307481865706,2.4398,NaN,0.00592272521508902,0.251718334434909,-0.000748204345171563,-0.251718334434909,0.0102742770294033,0.00670568276022882,0.00670443518591595,0.0208947793169516,7,0.0244843589574749,0.0037895242674005,0.00359360249439196,0.378025245958392,12.0018243311484,1.86726256749479,0.373452513498957,0.0208396887255353,3.30069440634799e-05,0.0645595674172857,0.00714158038908108,0.0071408485827623,0.0240500802174211,7,0,0,4.18860356585268,TD3,NaN,mathworks_style_single_run,NaN,17-Jun-2026 14:35:53
178,0,1.5707963267949,5,-10,full_final,5,100001,31.6909725025668,3.14158875006022,24.7621596048548,1.65151601652357,3.09128471501666,1.4237672888862,2.4358,NaN,0.00606269593876371,0.250827667061988,-0.000571329050681118,-0.250827667061988,0.0109504713097661,0.00662575748845979,0.00662550902825605,0.020523547420074,6.5,0.0249734754292465,0.00386395367439802,0.00366407942219117,0.385438992472444,18.0379161758066,2.09270727605524,0.418541455211049,0.0214777036349823,3.3977369114509e-05,0.0655403747852914,0.00704741899332137,0.00704674157787144,0.0231840312480927,6.5,0,1,1000,TD3,NaN,mathworks_style_single_run,NaN,17-Jun-2026 14:35:44
179,0,1.5707963267949,5,0,full_final,5,100001,32.9773946568967,3.14140382082767,24.4639652363442,1.65295960298004,3.09285428782663,1.421643968921,2.4385,NaN,0.00597456585453292,0.251653452736192,-0.000751507688729716,-0.251653452736192,0.0100296448311048,0.0067021175303272,0.00670170499582742,0.0193667033837017,7,0.0241039776862222,0.00373168761799637,0.00353682071882846,0.372052146622322,10.4322166005292,1.75209235250934,0.350418470501868,0.0202832504231761,3.21606076830454e-05,0.0636918368759703,0.00715829404064107,0.00715794837968323,0.0213344674557447,7,0,1,1000,TD3,NaN,mathworks_style_single_run,NaN,17-Jun-2026 14:36:06
180,0,1.5707963267949,5,10,full_final,5,100001,36.6110571433819,3.14156794531364,24.4590400240436,1.6525975178181,3.09224838813898,1.42282598016998,2.43875,NaN,0.0060275235223934,0.251517205950299,-0.000747433022472513,-0.251517205950299,0.0100991341796925,0.0067163200836065,0.00671616574722301,0.0192070471368528,7,0.0241905308105311,0.00374486272963379,0.00355513322313847,0.373978511309767,11.1328228199173,1.7823706808101,0.35647413616202,0.0203639736473536,3.228338339901e-05,0.0638184513246029,0.00715674521166395,0.007156669139316,0.0217258222401142,7,0,1,1000,TD3,NaN,mathworks_style_single_run,NaN,17-Jun-2026 14:35:57
181,0,2.35619449019234,-5,-10,full_final,5,100001,41.4945609973141,3.14158008304033,20.5501199653047,1.96689597037818,4.07434357768474,1.49358328953639,1.70255,NaN,0.00555332482600091,0.250394692000212,-8.45709117543575e-05,-0.250394692000212,0.010848386171499,0.00647388795488717,0.00647349995034271,0.0198419337916143,7,0.0544984059219324,0.00863490913893311,0.00823817664807125,0.866606353511768,24.7212486555248,4.08420019654807,0.816840039309614,0.0396390880921013,6.72076942561678e-05,0.0890382929891418,0.00687769036861791,0.00687721610888316,0.0217373408377171,7,0,1,1000,TD3,NaN,mathworks_style_single_run,NaN,17-Jun-2026 14:35:48
182,0,2.35619449019234,-5,0,full_final,5,100001,25.1587837502316,3.1415842908949,20.5251132758051,1.95974000316064,4.07414692987285,1.48777194170248,1.70425,NaN,0.00595411333914588,0.25013058080464,0.000395357692380016,-0.25013058080464,0.0103004685829369,0.00653760488726281,0.00653753149086354,0.0193609419381082,7,0.0540641956799924,0.00856883495063798,0.00816708049757158,0.859127468515091,22.4628397276104,4.05544129471383,0.811088258942766,0.0392470237768075,6.66113754315004e-05,0.0885968665098349,0.00707242406296046,0.00707157259400633,0.0221966402605176,7,0,1,1000,TD3,NaN,mathworks_style_single_run,NaN,17-Jun-2026 14:36:49
183,0,2.35619449019234,-5,10,full_final,5,100001,9.36079403185268,3.14142477658836,20.6968311933108,1.96098776909625,4.0737491618027,1.48851690813472,1.70585,NaN,0.00626081935187257,0.251874082673106,-0.000840754972712578,-0.251874082673106,0.0103758455754188,0.00685578287548814,0.00685575478487446,0.0204436905661338,6.5,0.0548785053376624,0.0086928485033129,0.00828325170692919,0.871347977060268,20.6598689957105,4.04893315303576,0.809786630607152,0.0402737036867544,6.81729492244145e-05,0.0897482074325213,0.0073112830552693,0.00731111548454333,0.0227951873093843,6.5,0,1,1000,TD3,NaN,mathworks_style_single_run,NaN,17-Jun-2026 14:36:37
184,0,2.35619449019234,0,-10,full_final,5,100001,15.7205665102217,3.14156854344718,20.5256217218602,1.9701060080961,4.07561114983729,1.49587093391055,1.70725,NaN,0.00617237128484804,0.249556077850941,0.000830174727505139,-0.249556077850941,0.0108668204962474,0.00680880721048558,0.00680803859211357,0.0205730237559125,7,0.0541333695056373,0.00857947857453758,0.00817698026110912,0.860168863759011,20.8560321148519,3.98423687669247,0.796847375338494,0.0392378678787188,6.65974337753939e-05,0.0885865315707967,0.00726719598290648,0.00726542000305457,0.0231320187449455,7,0,1,1000,TD3,NaN,mathworks_style_single_run,NaN,17-Jun-2026 14:36:25
185,0,2.35619449019234,0,0,full_final,5,100001,1.1283404518534,3.14152092667642,20.5005099288352,1.96473909190059,4.07373408104272,1.49164606480445,1.70815,NaN,0.00569502451661216,0.251495935939577,-0.000555767393899973,-0.251495935939577,0.0103182355915581,0.00662854376675609,0.0066285433696377,0.02091516073116,7,0.0540798487892123,0.00857132723632343,0.00817778536792538,0.86025355612627,18.9261131801171,3.95077933198942,0.790155866397884,0.0392148692212339,6.65624673403658e-05,0.0885605659661612,0.00711703067555708,0.00711703042415988,0.0247283885255456,7,0,0,4.84553214995235,TD3,NaN,mathworks_style_single_run,NaN,17-Jun-2026 14:36:49
186,0,2.35619449019234,0,10,full_final,5,100001,16.0639082598456,3.14150596933378,20.598609844263,1.96281803507894,4.07466520918891,1.49000717814499,1.70525,NaN,0.0059536767909166,0.249435389050231,0.000860777422919786,-0.249435389050231,0.0102392818309069,0.00668491296482226,0.00668487869118435,0.0199368027840561,7,0.0544598661095089,0.00862917691082932,0.00822397383212953,0.865112303182595,19.9771229857786,3.96669000109736,0.793338000219473,0.0396226437988159,6.71826632109988e-05,0.0890198222856189,0.00715424576853851,0.00715424434500133,0.0227312305942178,7,0,1,1000,TD3,NaN,mathworks_style_single_run,NaN,17-Jun-2026 14:36:37
187,0,2.35619449019234,5,-10,full_final,5,100001,8.97937346789626,3.14145129482248,20.4342201253014,1.96807310970349,4.07505211714801,1.49450211294514,1.70475,NaN,0.00573900451980539,0.251036104545581,-0.000623853397468774,-0.251036104545581,0.0105102761545015,0.00640985924028233,0.00640949447050371,0.0197819000857913,7,0.0537059479813544,0.00851446192458268,0.00813252445087612,0.855492381420235,21.7524385080894,4.03767740890744,0.807535481781488,0.0386297612250537,6.56725164565474e-05,0.0878973961219031,0.00683399195637547,0.00683393764470484,0.0228788694366813,7,0,1,1000,TD3,NaN,mathworks_style_single_run,NaN,17-Jun-2026 14:36:25
188,0,2.35619449019234,5,0,full_final,5,100001,26.024375160918,3.14153937756454,20.5593454978029,1.96615361358821,4.0747255656121,1.4926492494585,1.7124,NaN,0.00568341778333897,0.251203200389225,-0.00078835850459738,-0.251203200389225,0.0102040853360381,0.0064280597540511,0.00642792500046101,0.0194788143027265,7,0.0545714747997969,0.00864613670758138,0.00824817841223912,0.867658478605038,23.2633380900789,4.11109039994779,0.822218079989557,0.0398096113423766,6.74670672153987e-05,0.0892296042156151,0.00682728959844414,0.00682726216922628,0.0217070002108812,6.5,0,1,1000,TD3,NaN,mathworks_style_single_run,NaN,17-Jun-2026 14:36:50
189,0,2.35619449019234,5,10,full_final,5,100001,40.553971979879,3.14146631249389,20.604323470024,1.96700108097199,4.07419565076239,1.49336257319029,1.7106,NaN,0.00589848999898921,0.249708681956232,0.000559337458929483,-0.249708681956232,0.0104797538622337,0.00664252312930786,0.0066413296856632,0.021149904701204,7,0.0542671282188484,0.00859977602003008,0.00818875155094837,0.861407132249666,23.2541122944605,4.04634575648211,0.809269151296423,0.0393060408925338,6.67011409154502e-05,0.088663454582521,0.0071187767924555,0.00711866331205189,0.0241559017449617,7,0,1,1000,TD3,NaN,mathworks_style_single_run,NaN,17-Jun-2026 14:36:38
190,0,3.14159265358979,-5,-10,full_final,5,100001,42.8601500647728,3.14159265358979,21.8196804529676,2.96676962887435,6.50214452257245,1.37211469029533,2.4453,NaN,0.00600831709444458,0.251799937805708,-0.000868725968046129,-0.251799937805708,0.0103844621114068,0.00672734106049778,0.00672724753804859,0.0195539789612127,7,0.127567539364566,0.0197091373366796,0.0184478938907641,1.94060685241438,48.5822777151408,9.06221991462454,1.81244398292491,0.141398964671308,0.000221190212964552,0.168165968418885,0.00720958418349565,0.00720958161532253,0.0224619405344129,7,0,1,1000,TD3,NaN,mathworks_style_single_run,NaN,17-Jun-2026 14:36:26
191,0,3.14159265358979,-5,0,full_final,5,100001,17.7909102565563,3.14159265358979,21.4481812349959,2.96533852123904,6.50083778433863,1.37232663672723,2.4435,NaN,0.00590889992508731,0.251693514828271,-0.00084983068075254,-0.251693514828271,0.00988194734734169,0.00665686782133041,0.00665686671863844,0.0194119859605006,7,0.128392300482334,0.0198345851254658,0.0184920445260653,1.94525123219621,43.8325723883141,8.9678385085861,1.79356770171722,0.142856573136918,0.000223407226550363,0.169030513894337,0.00713319365013425,0.00713318419740573,0.0218216115608811,7,0,1,1000,TD3,NaN,mathworks_style_single_run,NaN,17-Jun-2026 14:36:50
192,0,3.14159265358979,-5,10,full_final,5,100001,4.7545347290951,3.14159265358979,21.522382622928,2.96666344985593,6.50335316601633,1.37117138934853,2.46185,NaN,0.00596833499598537,0.251381242339155,-0.000616441072155353,-0.251381242339155,0.0100698817737406,0.00669507242116167,0.00669490428252789,0.0192788850920396,7,0.128146461927003,0.0197971598637833,0.0184445137654337,1.94025128367481,41.5056499727815,8.8414191950678,1.76828383901356,0.142277332621121,0.000222526219688554,0.168687481824302,0.00717609913606192,0.00717609834479596,0.0217645801603794,7,0,1,1000,TD3,NaN,mathworks_style_single_run,NaN,17-Jun-2026 14:36:37
193,0,3.14159265358979,0,-10,full_final,5,100001,24.9192923869457,3.14159265358979,22.0847003296072,2.96479628248404,6.49639614143164,1.37461368465796,2.4588,NaN,0.00597097794264071,0.251499139346668,-0.00067643281572182,-0.251499139346668,0.0101812020197227,0.00670588062729598,0.00670571028919184,0.0193997864587008,7,0.129226529928836,0.019961443058746,0.0186532772257385,1.96221193696132,43.209643565247,8.97772239027092,1.79554447805418,0.14484969843029,0.000226438787241386,0.17020558065486,0.00718150400421099,0.00718149981121315,0.0216526873409748,7,0,1,1000,TD3,NaN,mathworks_style_single_run,NaN,17-Jun-2026 14:36:25
194,0,3.14159265358979,0,0,full_final,5,100001,1.06812851945468,3.14159265358979,21.4509848880221,2.96587147656354,6.50105591442522,1.37242276992898,2.46025,NaN,0.00605339144919696,0.251019629796121,-0.000204757645699209,-0.251019629796121,0.0102564187180849,0.00676012261872869,0.00675895432542922,0.0205474939581034,7,0.128406626768281,0.0198367093276594,0.0185080387560407,1.9469337284461,41.5231472879274,8.89743753858295,1.77948750771659,0.142922314710928,0.000223507241418863,0.169069402738005,0.00725328512139259,0.00725310214989262,0.0233735870569944,7,0,0,6.80644729601262,TD3,NaN,mathworks_style_single_run,NaN,17-Jun-2026 14:36:05
195,0,3.14159265358979,0,10,full_final,5,100001,23.0039582871967,3.14159265358979,21.5213621474315,2.965777951116,6.50129769602819,1.37298562683024,2.4525,NaN,0.00584106091120165,0.251703843860242,-0.000791997540876734,-0.251703843860242,0.0101007570187652,0.00669604294936282,0.00669559800518343,0.0205803427584552,7,0.12859635732993,0.0198656043864657,0.0185447839339674,1.95079909890518,44.2177732520065,8.99121268949493,1.79824253789899,0.142991524140224,0.000223612509438127,0.169110333297657,0.00713132469260847,0.0071308825132408,0.02300148550421,6.5,0,1,1000,TD3,NaN,mathworks_style_single_run,NaN,17-Jun-2026 14:35:56
196,0,3.14159265358979,5,-10,full_final,5,100001,5.20650595153995,3.14159265358979,22.1589111758916,2.96382977915624,6.49527065902712,1.37603167642244,2.47225,NaN,0.00592168139567159,0.250889430321583,-0.000424835785731764,-0.250889430321583,0.0100064957479222,0.00643599906700173,0.00643555497882631,0.0189846490764447,7,0.129346004840494,0.0199795933373574,0.0186810835082056,1.96513698968632,45.2229484416506,9.10225827563745,1.82045165512749,0.145032336153935,0.000226716582398915,0.170312851044151,0.00686888000075252,0.00686887837883709,0.0213907649740577,7,0,1,1000,TD3,NaN,mathworks_style_single_run,NaN,17-Jun-2026 14:35:46
197,0,3.14159265358979,5,0,full_final,5,100001,17.9957289942753,3.14159265358979,21.4174434722148,2.96617332937174,6.50228330202803,1.37132358246116,2.4586,NaN,0.00582589956658562,0.249661628646517,0.000357336141877773,-0.249661628646517,0.010083278875802,0.00629131069885109,0.00629059344234461,0.0191126339122256,7,0.128649454246543,0.0198736310967476,0.0185418324711966,1.95048862287406,46.9046476960026,9.07335957893613,1.81467191578723,0.143391669409591,0.000224221130881575,0.169346785862378,0.00671211963691468,0.00671166769898208,0.0215785186737776,7,0,1,1000,TD3,NaN,mathworks_style_single_run,NaN,17-Jun-2026 14:36:51
198,0,3.14159265358979,5,10,full_final,5,100001,40.9781544091056,3.14159265358979,21.4122632284808,2.96576554863357,6.50089671908614,1.37267856704012,2.44925,NaN,0.00587361979330988,0.251288484174202,-0.000782408722377114,-0.251288484174202,0.0103889578426981,0.00662042111740897,0.00662020032763101,0.0196090832983611,6.5,0.128675198891634,0.0198776102397258,0.0185633000286287,1.95274688006614,48.0804570272415,9.05888805275573,1.81177761055115,0.143414133207117,0.000224255293598054,0.169360050311233,0.00703865049186933,0.00703862646531481,0.0222879983484745,6.5,0,1,1000,TD3,NaN,mathworks_style_single_run,NaN,17-Jun-2026 14:36:39
199,0.785398163397448,-3.14159265358979,-5,-10,full_final,5,100001,47.4900589627644,3.14159265358979,19.5984991842301,4.04844158010889,9.50522091775053,1.42956536753365,2.7262,NaN,0.00607664897203675,0.251727520478143,-0.000844990280983089,-0.251727520478143,0.0100417923081633,0.00673067064623329,0.006730599892304,0.0189907234215383,6.5,0.299848267887343,0.0456544096787925,0.0424520505591662,4.46569894113516,98.3674213781517,20.3908271201575,4.07816542403151,0.366723985580394,0.000558736923570477,0.270822445739046,0.00717778348562046,0.00717767518609573,0.0210630735382438,6.5,0,1,1000,TD3,NaN,mathworks_style_single_run,NaN,17-Jun-2026 14:36:26
200,0.785398163397448,-3.14159265358979,-5,0,full_final,5,100001,18.7682329833086,3.14159265358979,19.5629280567799,4.04987834291933,9.51182595563185,1.42881601454392,2.74335,NaN,0.00574535237820149,0.251127530907123,-0.000616430656490219,-0.251127530907123,0.0106867577864196,0.00663071637049014,0.00663069181705909,0.0207036662918627,7,0.299374721277594,0.045582347512211,0.0422605444771034,4.44555365965584,96.4661267795357,20.3324788318962,4.06649576637924,0.366309947867811,0.000558107190572895,0.270669520954174,0.00709803138304895,0.0070978913984382,0.0228811055421829,7,0,1,1000,TD3,NaN,mathworks_style_single_run,NaN,17-Jun-2026 14:36:49
201,0.785398163397448,-3.14159265358979,-5,10,full_final,5,100001,4.75798062529011,3.14159265358979,19.5626102089754,4.04405317558665,9.48507859613378,1.43744225646743,2.72475,NaN,0.00608276324948237,0.251677029999275,-0.000812660986555268,-0.251677029999275,0.0102254466791045,0.0067128135489014,0.00671277057054023,0.0193390575486831,7,0.300354083476395,0.0457313438149157,0.0425219442523161,4.4730513348919,94.1633324037378,20.3360616899135,4.0672123379827,0.367684563488039,0.000560197966636652,0.271176902957475,0.00715473702892222,0.0071546596605681,0.0218877233564854,7,0,1,1000,TD3,NaN,mathworks_style_single_run,NaN,17-Jun-2026 14:36:37
202,0.785398163397448,-3.14159265358979,0,-10,full_final,5,100001,24.0107393570762,3.14159265358979,20.0881634042664,4.04250490433243,9.47336953560383,1.45751718919109,2.6706,NaN,0.00594269091370259,0.249679533832931,0.000686362754316878,-0.249679533832931,0.0100793517368949,0.00666022958553238,0.00665944240967113,0.0193562544165888,7,0.301569214427818,0.045916129746054,0.0426197937092078,4.48334450589957,96.4200106570184,20.4401327596731,4.08802655193462,0.368042432409616,0.000560742276983177,0.271308839667865,0.00712502454315832,0.00712501738752363,0.0220369314774871,6.5,0,1,1000,TD3,NaN,mathworks_style_single_run,NaN,17-Jun-2026 14:36:26
203,0.785398163397448,-3.14159265358979,0,0,full_final,5,100001,1.08779509319461,3.14159265358979,19.4486144998967,4.04364136269563,9.4801473100974,1.44533387196174,2.70695,NaN,0.00614418465413429,0.251593168460804,-0.000681889504429492,-0.251593168460804,0.0104468958644022,0.00682439756602764,0.00682255386927796,0.0214054557896644,7,0.298028296710525,0.0453775841513405,0.0420510353746399,4.42351456932439,93.1271577419802,20.1315286062254,4.02630572124509,0.363419570301045,0.000553710916306783,0.269599543879824,0.00725222392905978,0.00725020841371022,0.024138999171555,7,0,0,9.02561489434439,TD3,NaN,mathworks_style_single_run,NaN,17-Jun-2026 14:36:50
204,0.785398163397448,-3.14159265358979,0,10,full_final,5,100001,22.5504013917895,3.14159265358979,19.5368656263675,4.04615298023171,9.49520385540368,1.44018922581591,2.748,NaN,0.00575106255932639,0.250948507948621,-0.000506238433681794,-0.250948507948621,0.0100332021681853,0.00647073417383761,0.0064706963521207,0.0190766426891806,7,0.298822877553046,0.0454984167392474,0.0423169961054434,4.45149202950095,98.0826908755065,20.3869849234379,4.07739698468759,0.365480857397237,0.000556846142999868,0.270363036451819,0.00692631590693436,0.00692610839407818,0.0222761211916804,7,0,1,1000,TD3,NaN,mathworks_style_single_run,NaN,17-Jun-2026 14:36:38
205,0.785398163397448,-3.14159265358979,5,-10,full_final,5,100001,5.34364863961271,3.14159265358979,19.7866233567472,4.02968309875596,9.43111079026295,1.46983986688122,2.65795,NaN,0.0058914315071322,0.249139427106575,0.000894982674938199,-0.249139427106575,0.0102879455057159,0.00670415645212739,0.00670384461632261,0.0205190992788324,6.5,0.295467456980627,0.0449880881758073,0.0417025621541516,4.38685729432234,93.2575700361627,19.9743939424992,3.99487878849985,0.360226000204526,0.000548853481626122,0.268412369388792,0.0070501749757987,0.00704846099278607,0.0223753312602639,6.5,0,1,1000,TD3,NaN,mathworks_style_single_run,NaN,17-Jun-2026 14:36:26
206,0.785398163397448,-3.14159265358979,5,0,full_final,5,100001,19.0885786706427,3.14159265358979,20.3792344585708,4.02834938181815,9.42437439569771,1.4831927636483,2.609,NaN,0.00569272633734755,0.250807781097442,-0.000561333157139531,-0.250807781097442,0.010160091007529,0.00628564792012504,0.00628483462087938,0.019053930407309,7,0.296185988818055,0.0450973501535655,0.0418054718827195,4.3976827753025,96.6237987833717,20.1424784288861,4.02849568577722,0.359832444249983,0.000548254909306207,0.268265705691199,0.006637085688801,0.00663703182853908,0.0215397514402866,7,0,1,1000,TD3,NaN,mathworks_style_single_run,NaN,17-Jun-2026 14:36:51
207,0.785398163397448,-3.14159265358979,5,10,full_final,5,100001,37.0964382761249,3.14159265358979,19.3967694930169,4.03893625180721,9.45893120082828,1.4474000222444,2.69875,NaN,0.0059120459455805,0.251301691349947,-0.000375383235852249,-0.251301691349947,0.010155483476471,0.00672257441622535,0.00672136004068101,0.0207897144370466,7,0.294489351788215,0.0448392258698922,0.0417122227595228,4.38787353157373,96.5000470663646,20.051784734412,4.01035694688239,0.358080366751085,0.000545589985287265,0.267611795984813,0.0071848554624035,0.00718409998382969,0.0240207109600306,7,0,1,1000,TD3,NaN,mathworks_style_single_run,NaN,17-Jun-2026 14:36:39
208,0.785398163397448,-2.35619449019234,-5,-10,full_final,5,100001,42.942863750562,3.14153526060294,24.3730732903822,2.59916858826606,5.22193544744819,1.53094455097572,2.9132,NaN,0.00603175573085537,0.250860410541473,-0.000158966975532772,-0.250860410541473,0.0104671563172689,0.00671735960505056,0.00671387323050537,0.0201070171581232,7,0.120970321168357,0.018763774939211,0.017655877062697,1.85729147273604,45.0155333834294,8.59995763160346,1.71999152632069,0.12231882586738,0.000193332034834885,0.1564089676888,0.00718860468752459,0.00718828398990194,0.02266058139503,7,0,1,1000,TD3,NaN,mathworks_style_single_run,NaN,17-Jun-2026 14:36:26
209,0.785398163397448,-2.35619449019234,-5,0,full_final,5,100001,24.7113494413566,3.1414509183011,24.3562310451775,2.59989360230476,5.22377196694041,1.53046572078188,2.9074,NaN,0.00584922904026808,0.250663556453237,-0.000163259392453959,-0.250663556453237,0.0099050117623938,0.00662818221053509,0.00662755448789905,0.0202343518276109,7,0.120348429735953,0.0186691876342019,0.0175478068859351,1.84592314381961,42.4073283975445,8.5208463042156,1.70416926084312,0.121357969629857,0.000191870572622345,0.155793433513648,0.00711139269513022,0.00711134935917526,0.0243272762745619,7,0,1,1000,TD3,NaN,mathworks_style_single_run,NaN,17-Jun-2026 14:36:16
210,0.785398163397448,-2.35619449019234,-5,10,full_final,5,100001,8.43346422777636,3.14142471784008,24.3892880644839,2.59968436008334,5.22268238031666,1.52877015702456,2.9092,NaN,0.0061338625516898,0.250321629849123,0.000259969508615717,-0.250321629849123,0.0111672943440307,0.00680085733542132,0.00679878256804398,0.0207722727880242,7,0.12093418361934,0.0187582842007049,0.017673654315801,1.85916153223416,40.8771218087121,8.50744016077425,1.70148803215485,0.122173558000324,0.000193111082231209,0.156316063154318,0.00731679224308765,0.00731571988524501,0.0232830680906773,7,0,1,1000,TD3,NaN,mathworks_style_single_run,NaN,17-Jun-2026 14:36:07
211,0.785398163397448,-2.35619449019234,0,-10,full_final,5,100001,18.8455051614379,3.14157115141045,24.3833077424807,2.59831813559521,5.2191635309282,1.52929202411473,2.90915,NaN,0.00598505321201164,0.251063170968107,-0.000347209271130685,-0.251063170968107,0.0101227838667522,0.00666047694900753,0.00666001189921826,0.0193329912773486,7,0.120299041827969,0.0186616794783189,0.0175488255927548,1.84603030561522,40.3931330365708,8.43087563305661,1.68617512661132,0.12130408980692,0.000191788620402703,0.155758845531751,0.00715367437911422,0.00715362522371042,0.0216176360845566,7,0,1,1000,TD3,NaN,mathworks_style_single_run,NaN,17-Jun-2026 14:35:58
212,0.785398163397448,-2.35619449019234,0,0,full_final,5,100001,0.785744274498142,3.14159052949403,24.3207478853176,2.59860074748566,5.22016785263921,1.53161535971547,2.91165,NaN,0.00606323475455595,0.250941296052023,-0.000138100583045456,-0.250941296052023,0.0113207008490604,0.00678767500716535,0.0067853996006138,0.0211776696829151,7,0.120305167695004,0.0186626080026291,0.0175136084290312,1.84232567300789,39.3594847339246,8.41362129059292,1.68272425811858,0.121268226691467,0.000191734072543741,0.155735819060014,0.00732461450445723,0.00732399196868459,0.0239760158583522,7,0,0,6.15475555767752,TD3,NaN,mathworks_style_single_run,NaN,17-Jun-2026 14:36:51
213,0.785398163397448,-2.35619449019234,0,10,full_final,5,100001,16.6582609299796,3.14146204949337,24.3896837884283,2.6001821141481,5.22353669954253,1.52651467161681,2.90295,NaN,0.00612692848479303,0.251289844739276,-0.000441814846163534,-0.251289844739276,0.0101793499946903,0.00679892140474913,0.00679778580468576,0.0208372165749413,7,0.120634803168453,0.0187127521020084,0.0176236112137876,1.85389730059567,42.3040650360099,8.56212738173958,1.71242547634791,0.121744171789698,0.000192457982545353,0.156041130340496,0.00732883568469606,0.00732875148952668,0.0237181214615703,7,0,1,1000,TD3,NaN,mathworks_style_single_run,NaN,17-Jun-2026 14:36:39
214,0.785398163397448,-2.35619449019234,5,-10,full_final,5,100001,8.13407714682364,3.14155368156511,24.3896796616657,2.59694409181642,5.21673145363737,1.53468633752985,2.9155,NaN,0.00604505237754164,0.251148686742806,-0.000398571850317424,-0.251148686742806,0.010649642500278,0.00667157067559701,0.00667094166955828,0.0199726829839779,7,0.120639738083021,0.0187135139909316,0.0176290666853191,1.85447118320253,40.0774903844612,8.47144356140018,1.69428871228004,0.121649036152108,0.000192313283622233,0.155980150116678,0.00714606215732883,0.00714574538800864,0.0226228591054678,7,0,1,1000,TD3,NaN,mathworks_style_single_run,NaN,17-Jun-2026 14:36:27
215,0.785398163397448,-2.35619449019234,5,0,full_final,5,100001,25.3950283724128,3.14141246354323,24.3645086458901,2.59772335710496,5.21791270679969,1.53200757673705,2.9124,NaN,0.00599047610882155,0.250982479936265,-0.000300235122607276,-0.250982479936265,0.0103756817861458,0.00665458848982974,0.0066544093645249,0.0194087534355631,7,0.120361737541198,0.018671216676043,0.0175345629352266,1.84452996031312,40.3759256572429,8.42741208370124,1.68548241674025,0.121324334523226,0.000191819412207517,0.155771842464051,0.00715290761050735,0.00715286770132226,0.0217000124976039,7,0,1,1000,TD3,NaN,mathworks_style_single_run,NaN,17-Jun-2026 14:36:50
216,0.785398163397448,-2.35619449019234,5,10,full_final,5,100001,40.0162742008099,3.14156159508988,24.3906897032173,2.59934978790382,5.22258415074996,1.52974317149252,2.90865,NaN,0.00595119408476011,0.251159078981647,-0.000500324825511946,-0.251159078981647,0.0100175427740495,0.00664161921576631,0.00664146859013657,0.0190377137487463,7,0.120915598334475,0.018755470407251,0.0176651311906535,1.85826495102206,43.0843708111825,8.56751480402947,1.71350296080589,0.122234958894509,0.000193204471991936,0.15635533818486,0.00712321721318996,0.0071231739260344,0.021474095992744,7,0,1,1000,TD3,NaN,mathworks_style_single_run,NaN,17-Jun-2026 14:36:39
217,0.785398163397448,-1.5707963267949,-5,-10,full_final,5,100001,33.0199865008617,3.14139495902684,20.6054743959103,1.59268715327849,3.01558984551122,1.27862468596022,1.9119,NaN,0.00601450153458681,0.250699279099929,-5.90008410781567e-05,-0.250699279099929,0.0101881164020838,0.00666975769968036,0.00666965207433181,0.0193860918079141,7,0.0239513474153158,0.00392191119553131,0.00371348646151102,0.390636314162895,11.1027133041063,1.82977992823652,0.365955985647304,0.0207012108187401,3.70661539571749e-05,0.0643447135648923,0.00717870588979093,0.00717868245487573,0.0219287071377039,7,0,1,1000,TD3,NaN,mathworks_style_single_run,NaN,17-Jun-2026 14:36:26
218,0.785398163397448,-1.5707963267949,-5,0,full_final,5,100001,30.2901081162977,3.14149356196038,20.5676194811086,1.59295688369188,3.01663974561882,1.27714669920207,1.91685,NaN,0.00603904005207502,0.250098395897783,0.000414878672209258,-0.250098395897783,0.0103036751140322,0.00667699276467482,0.00667653880963626,0.0194575161505477,7,0.0237366117729515,0.0038892530921056,0.0036655064724985,0.385589109533043,10.9923473217552,1.82386105906999,0.364772211813998,0.0203772248269457,3.65733700667722e-05,0.0638392118167912,0.00716410991029595,0.00716410978888448,0.0222248397767544,7,0,1,1000,TD3,NaN,mathworks_style_single_run,NaN,17-Jun-2026 14:36:50
219,0.785398163397448,-1.5707963267949,-5,10,full_final,5,100001,33.5755026787001,3.14143759675941,20.626309162181,1.59141296379138,3.01455549001458,1.2785577385621,1.89885,NaN,0.00616144013120005,0.251062776790212,-0.000203708865356606,-0.251062776790212,0.0109586807698676,0.00668269054439593,0.00668157126598272,0.0208092454556086,7,0.024059260224182,0.00393832455792002,0.00372480254109196,0.391826697287781,15.2021737998164,2.00267242956862,0.400534485913724,0.0208822640067966,3.73415357008057e-05,0.064625481053214,0.00720521139139973,0.00720494513532277,0.0232641194015741,7,0,1,1000,TD3,NaN,mathworks_style_single_run,NaN,17-Jun-2026 14:36:38
220,0.785398163397448,-1.5707963267949,0,-10,full_final,5,100001,1.15104084092235,3.14144618592506,20.6357245494851,1.59169160660077,3.01425971283509,1.27885355792584,1.90585,NaN,0.00600013704122104,0.250436118862777,9.59377385811334e-05,-0.250436118862777,0.0106777577030472,0.00663932802226574,0.00663871303115578,0.0197239397598805,7,0.0242014718603852,0.00395995650135539,0.00374890983084682,0.39436263835338,8.9774257664024,1.79583543941851,0.359167087883702,0.0210769561967698,3.76376620048767e-05,0.0649260443840063,0.00712078928015503,0.00712043070507544,0.0219832807779312,7,0,0,3.99868410810687,TD3,NaN,mathworks_style_single_run,NaN,17-Jun-2026 14:36:26
221,0.785398163397448,-1.5707963267949,0,0,full_final,5,100001,0.785398391777262,3.14143022272678,20.532800256691,1.59301109678905,3.01639809703151,1.27783287978591,1.91245,NaN,0.00596258029192049,0.250190117527257,0.000439230848397493,-0.250190117527257,0.0117350673138437,0.00671608304625587,0.00671607522927008,0.0211755574855079,7,0.0234791464598006,0.00385009458324501,0.003643083884669,0.383230388919816,8.72378238516836,1.77210160390786,0.354420320781573,0.0200892946952005,3.61354296188383e-05,0.0633865832731195,0.00718187565098553,0.00718187476379259,0.0242545586079359,7,0,0,4.00523881373667,TD3,NaN,mathworks_style_single_run,NaN,17-Jun-2026 14:36:40
222,0.785398163397448,-1.5707963267949,0,10,full_final,5,100001,0.895018886047982,3.14134151107984,20.6330548495785,1.5919915201621,3.01448785431699,1.27841490441756,1.91,NaN,0.00603577598298588,0.250208179813403,0.000299185190677409,-0.250208179813403,0.0103350133468401,0.00666246970844681,0.00666159747381761,0.0193769510437241,7,0.024185857467848,0.00395758716237132,0.00374059345115502,0.393487805512692,8.7859807962843,1.77841660506247,0.355683321012494,0.0210125575295046,3.7539710715106e-05,0.0648267807769359,0.00714824969779029,0.00714799764387023,0.0217333296313882,7,0,0,3.99805639402496,TD3,NaN,mathworks_style_single_run,NaN,17-Jun-2026 14:36:27
223,0.785398163397448,-1.5707963267949,5,-10,full_final,5,100001,33.133583434059,3.1414984280029,20.6380412650785,1.59151630322195,3.01407615229974,1.27878899151624,1.9067,NaN,0.0059943176150001,0.250396567991947,0.000125960887968589,-0.250396567991947,0.0100756690706567,0.00663361565779521,0.00663303929839286,0.0190056836946768,7,0.0242323585914034,0.00396465401056269,0.00375307335321492,0.394800615722806,10.767913187415,1.8342591272423,0.36685182544846,0.0211394483166857,3.77327125504156e-05,0.0650222243801082,0.00712512752628748,0.00712497082982588,0.0216020084917545,7,0,1,1000,TD3,NaN,mathworks_style_single_run,NaN,17-Jun-2026 14:36:38
224,0.785398163397448,-1.5707963267949,5,0,full_final,5,100001,30.4482887829789,3.14146501774079,20.5341172073171,1.59295102392399,3.01673738238779,1.27699922485508,1.90975,NaN,0.00594402971627041,0.249939682969432,0.000428145592451199,-0.249939682969432,0.0101001515197039,0.00654173327513724,0.0065412276955537,0.0190509793447293,7,0.0234532805925235,0.0038461662260722,0.00364052639991954,0.382961356993508,10.6573393937616,1.80278499865609,0.360556999731218,0.0200583068475641,3.60882971047062e-05,0.0633376773296339,0.00697928700938189,0.00697926850242927,0.0215707225725055,7,0,1,1000,TD3,NaN,mathworks_style_single_run,NaN,17-Jun-2026 14:36:26
225,0.785398163397448,-1.5707963267949,5,10,full_final,5,100001,41.239418043308,3.14156669384094,20.6343135133831,1.59237436652639,3.01488969834317,1.27821060115424,1.9127,NaN,0.00605085190285355,0.249978643920095,0.000460586408179596,-0.249978643920095,0.0100390580858143,0.00667202577104339,0.00667119175467384,0.0189495567504818,7,0.0242342521526527,0.00396493802415708,0.00374613893594178,0.394071156969551,11.6739767434871,1.84661478252487,0.369322956504974,0.0210631402510839,3.76166487054591e-05,0.0649047613832512,0.00716178833618459,0.00716156417037759,0.0215933416038752,7,0,1,1000,TD3,NaN,mathworks_style_single_run,NaN,17-Jun-2026 14:36:20
226,0.785398163397448,-0.785398163397448,-5,-10,full_final,5,100001,10.1104544617198,3.14154771691241,23.3402081196359,0.823440694055415,1.33795057883547,1.47107254663116,1.846,NaN,0.00592803195603662,0.250949655488731,-0.000265590107843041,-0.250949655488731,0.0100496709984877,0.00664335951480948,0.00664253491879482,0.0192265853035121,7,0.012521956915135,0.00197194894886048,0.00184962841138645,0.19456972111889,4.74815691056915,0.887008315880448,0.17740166317609,0.0135319261000364,2.19311494014045e-05,0.0520229297522476,0.00708831946570944,0.00708796825755525,0.021692200563848,7,0,1,1000,TD3,NaN,mathworks_style_single_run,NaN,17-Jun-2026 14:36:11
227,0.785398163397448,-0.785398163397448,-5,0,full_final,5,100001,24.142622406836,3.14157764009935,23.2957927661898,0.823417188913693,1.33811036444398,1.47021274541747,1.84765,NaN,0.00604219396248487,0.25110110106859,-0.000313841053841637,-0.25110110106859,0.0109000266559145,0.00676887775416397,0.00676509957927761,0.0204913824831596,7,0.0123363239570179,0.001943754185618,0.00181504909,0.190932185667324,6.33778363632473,0.922038586584826,0.184407717316965,0.0132833968472206,2.15531370373894e-05,0.0515429856473615,0.00720596029076601,0.00720323257200957,0.0230152700096369,7,0,1,1000,TD3,NaN,mathworks_style_single_run,NaN,17-Jun-2026 14:36:24
228,0.785398163397448,-0.785398163397448,-5,10,full_final,5,100001,41.5609910832626,3.14118353256104,23.3067881208475,0.823487217356724,1.33805063632475,1.47099513362171,1.84425,NaN,0.00586592904598604,0.251372322404692,-0.00041488902294683,-0.251372322404692,0.0098081225389264,0.00661616963442863,0.00661536516699727,0.0207229763336585,7,0.0123459125083289,0.0019451918965865,0.00182014061899948,0.191467783721181,10.5293698060013,1.02913280907344,0.205826561814687,0.0133042382868251,2.15848271414841e-05,0.0515834048640162,0.00705762324687535,0.00705701425384538,0.0250231567770243,7,0,1,1000,TD3,NaN,mathworks_style_single_run,NaN,17-Jun-2026 14:36:14
229,0.785398163397448,-0.785398163397448,0,-10,full_final,5,100001,18.33572586826,3.14139957105,23.3365574253733,0.823578404515678,1.33799941260745,1.47101263565828,1.8444,NaN,0.00592206621051292,0.251136696040101,-0.000403479513708734,-0.251136696040101,0.010050270287181,0.00664363588181098,0.00664259110896852,0.0194126006072572,7,0.0125139596003202,0.0019707444791868,0.00184748834649388,0.1943445992367,4.91293301724145,0.877182001788623,0.175436400357725,0.0135078217589569,2.18944761503341e-05,0.0519765750294436,0.00709384944144105,0.00709313912562244,0.0220202933996916,7,0,1,1000,TD3,NaN,mathworks_style_single_run,NaN,17-Jun-2026 14:36:25
230,0.785398163397448,-0.785398163397448,0,0,full_final,5,100001,0.817307860850768,3.14148958930049,23.2974740666201,0.823204425156445,1.33806616611446,1.4702156497806,1.8439,NaN,0.00572536935704038,0.250905254502466,-0.000419389548878633,-0.250905254502466,0.0103436870440013,0.00659193461957812,0.00659137700360251,0.0201843017319217,7,0.0123221973538305,0.00194161566925576,0.00181771826931116,0.191212967185921,4.59758557049933,0.887867936619614,0.177573587323923,0.0132624418003756,2.15212619485143e-05,0.0515023141234946,0.00701212096843623,0.00701182391619204,0.0234183249995112,7,0,0,2.54925051357097,TD3,NaN,mathworks_style_single_run,NaN,17-Jun-2026 14:36:15
231,0.785398163397448,-0.785398163397448,0,10,full_final,5,100001,16.9000613991626,3.14122440430292,23.3214300616224,0.823831786400607,1.33825187628794,1.47245390794263,1.84815,NaN,0.0059421220787427,0.25092682135437,-0.000357279377273992,-0.25092682135437,0.0106968925195956,0.00663630965861309,0.00663572278865265,0.0200036635398497,7,0.012490238700002,0.00196714849609029,0.00184201918012109,0.193769276015367,7.18128120853658,0.990883662452689,0.198176732490538,0.0134377933566723,2.17879637289693e-05,0.0518416692568291,0.00709970758025762,0.00709912550391648,0.0231967167928815,7,0,1,1000,TD3,NaN,mathworks_style_single_run,NaN,17-Jun-2026 14:36:28
232,0.785398163397448,-0.785398163397448,5,-10,full_final,5,100001,45.3501429260547,3.14128463288492,23.3303760187646,0.823500913759684,1.3380679558117,1.47043906209121,1.8433,NaN,0.00595421470236256,0.250901276607538,-0.000267830886910593,-0.250901276607538,0.0101833412100467,0.00665587483091345,0.00665480495209199,0.0191169078744018,7,0.0124892035477938,0.00196697200409005,0.00184239995439274,0.193809331165574,7.93029759387673,0.945338646650653,0.189067729330131,0.0134644197108001,2.18284704688837e-05,0.0518930047517006,0.00709438331036052,0.00709374219900239,0.0212783813476562,7,0,1,1000,TD3,NaN,mathworks_style_single_run,NaN,17-Jun-2026 14:36:19
233,0.785398163397448,-0.785398163397448,5,0,full_final,5,100001,22.8909458921898,3.14156817796648,23.3363356202223,0.823156918722343,1.33789841695278,1.4705037501297,1.8455,NaN,0.00594148003617425,0.251395190849922,-0.000699460143327823,-0.251395190849922,0.0100756165495126,0.00656360322539851,0.00656242640847506,0.0191831455105529,7,0.0124605675913575,0.00196269378500949,0.00184029766311309,0.193588182838984,5.95391825474055,0.925324715677714,0.185064943135543,0.0134375644715834,2.17876269626764e-05,0.0518412277470035,0.00697113254154342,0.0069693474197502,0.0216432483866811,7,0,1,1000,TD3,NaN,mathworks_style_single_run,NaN,17-Jun-2026 14:36:28
234,0.785398163397448,-0.785398163397448,5,10,full_final,5,100001,8.47093812998149,3.1411488374686,23.3298862374325,0.823420701924719,1.33824604485078,1.47208610529063,1.8489,NaN,0.00588197096908306,0.251384895102899,-0.000659349605948769,-0.251384895102899,0.0104087383711564,0.00668879178919885,0.00668758160952133,0.0207108394235078,7,0.0125099383773325,0.0019702109295496,0.00184484190617595,0.194066209722651,6.53777789697333,0.967406643819045,0.193481328763809,0.0134626495301115,2.18257768941204e-05,0.0518895934270283,0.00708806035519926,0.0070862038071796,0.0237640058621764,7,0,1,1000,TD3,NaN,mathworks_style_single_run,NaN,17-Jun-2026 14:36:19
235,0.785398163397448,-0.349065850398866,-5,-10,full_final,0.11,2201,0.977573557000463,0.349722620029586,15.6524778630193,0.0124928663043545,0.00291124714100725,0.135650339065371,NaN,NaN,0.113607434034292,1.23315998129083,-0.0938288268491831,1.23315998129083,0.349722620029586,0.162732407129717,0.132958593488115,0.38617426265979,4.54545454545455,0.00416039092602875,0.000947237643376625,0.000871001085548652,0.0916240458170837,1.91377260613423,0.4136923239978,3.7608393090709,0.00448973928655954,1.31244923384777e-05,0.202029234755755,0.232766267881112,0.231905565402491,1.23988938331604,13.6363636363636,1,1,1000,TD3,NaN,mathworks_style_single_run,NaN,17-Jun-2026 14:36:13
236,0.785398163397448,-0.349065850398866,-5,0,full_final,0.11,2201,1.04690132775901,0.349719197138132,15.6399895478368,0.0124966909950946,0.00291191549100277,0.135646259789967,NaN,NaN,0.113642202530394,1.23312291276102,-0.0938283744724617,1.23312291276102,0.349719197138132,0.162751069184809,0.132981753126713,0.386231155727546,4.54545454545455,0.00415697527741863,0.00094671093903738,0.000869247804870288,0.0914396112947048,1.90797412733991,0.4118761594929,3.74432872266273,0.00448575162065679,1.31184249215592e-05,0.201939496354203,0.232702753608667,0.231848416245302,1.23936828970909,13.6363636363636,1,1,1000,TD3,NaN,mathworks_style_single_run,NaN,17-Jun-2026 14:36:11
237,0.785398163397448,-0.349065850398866,-5,10,full_final,0.11,2201,1.0706686581421,0.349718829679555,15.6286866721436,0.0124982272563338,0.00291252198030958,0.135643781066363,NaN,NaN,0.113656171034525,1.23310038559221,-0.0938215314887963,1.23310038559221,0.349718829679555,0.162768001143955,0.133007302151029,0.386265190438157,4.54545454545455,0.00415580918712248,0.000946526495764489,0.000867574010842274,0.0912635382871556,1.93295508189849,0.413420933468353,3.75837212243958,0.00448183451567887,1.31124690370805e-05,0.201851307012204,0.232681256256949,0.231832933495023,1.23866546154022,13.6363636363636,1,1,1000,TD3,NaN,mathworks_style_single_run,NaN,17-Jun-2026 14:36:13
238,0.785398163397448,-0.349065850398866,0,-10,full_final,0.11,2201,1.39200776628905,0.349817739520966,15.6656670776572,0.0125002249608769,0.00291428633450406,0.135654328439749,NaN,NaN,0.113674306147708,1.2331963002013,-0.0938756971846043,1.2331963002013,0.349817739520966,0.162817238696912,0.133029345240032,0.386295345236523,4.54545454545455,0.00417455965688428,0.000949393599995915,0.0008734113101757,0.0918775868692386,2.00500805303974,0.421101452808987,3.82819502553625,0.00447257132263356,1.30983793472738e-05,0.201642602881109,0.233030737780311,0.232161286691543,1.23987302184105,13.6363636363636,1,1,1000,TD3,NaN,mathworks_style_single_run,NaN,17-Jun-2026 14:36:12
239,0.785398163397448,-0.349065850398866,0,0,full_final,0.11,2201,1.57158055280847,0.349816109406818,15.6512514045555,0.012505513117483,0.00291536546847148,0.135646845348099,NaN,NaN,0.113722376023135,1.23312830364383,-0.0938937497808812,1.23312830364383,0.349816109406818,0.16284735288836,0.133053463295141,0.386363725652821,4.54545454545455,0.00417136355848603,0.00094889679711058,0.000871479177728855,0.0916743382226277,2.00642484068076,0.41817392989172,3.80158118083382,0.00446818304029046,1.30917030003151e-05,0.201543657356967,0.232971536304736,0.232106286759377,1.2392138838768,13.6363636363636,1,1,1000,TD3,NaN,mathworks_style_single_run,NaN,17-Jun-2026 14:36:14
240,0.785398163397448,-0.349065850398866,0,10,full_final,0.11,2201,1.46696885863282,0.349817540933821,15.6390186166583,0.0125080967618127,0.00291618476414549,0.135646325483987,NaN,NaN,0.113745865450149,1.23312357917173,-0.0938705976492842,1.23312357917173,0.349817540933821,0.162870212144629,0.133097771961076,0.38641965372766,4.54545454545455,0.00417136871076233,0.000948891566748234,0.000869643390528149,0.0914812245131518,2.04502241327734,0.42193158014881,3.83574163771646,0.00446360483181885,1.30847401716695e-05,0.201440377640154,0.232971879252399,0.232117088811162,1.238390147686,13.6363636363636,1,1,1000,TD3,NaN,mathworks_style_single_run,NaN,17-Jun-2026 14:36:13
241,0.785398163397448,-0.349065850398866,5,-10,full_final,0.11,2201,1.78924779718141,0.349912746376718,15.6797236941204,0.0125064199633934,0.00291713631884491,0.135658667350275,NaN,NaN,0.113730597022372,1.23323578784635,-0.0939232757367989,1.23323578784635,0.349912746376718,0.16289674725956,0.133093082249282,0.38638808616579,4.54545454545455,0.00418853172873151,0.000951524937369242,0.000875956617436462,0.0921453377973924,2.12393601012783,0.430740848542773,3.91582589584339,0.00445586419319524,1.30729669457449e-05,0.201265636167168,0.233291025891911,0.232410215311633,1.2399086356163,13.6363636363636,1,1,1000,TD3,NaN,mathworks_style_single_run,NaN,17-Jun-2026 14:36:19
242,0.785398163397448,-0.349065850398866,5,0,full_final,0.11,2201,2.01886942066516,0.349912896555979,15.6636546078937,0.0125143075567955,0.00291866455602471,0.135650369794771,NaN,NaN,0.113802303938357,1.2331604084244,-0.0939416696416693,1.2331604084244,0.349912896555979,0.162939373683676,0.13313227332756,0.386521662687513,4.54545454545455,0.00418617576330869,0.000951144068912098,0.000873856819358811,0.0919244517405717,2.14827177919273,0.429628341852328,3.90571219865752,0.0044510885661839,1.3065701877635e-05,0.201157752798053,0.233248037117033,0.232376756898011,1.23912280797958,13.6363636363636,1,1,1000,TD3,NaN,mathworks_style_single_run,NaN,17-Jun-2026 14:36:18
243,0.785398163397448,-0.349065850398866,5,10,full_final,0.11,2201,1.9325791451531,0.349916182725998,15.6498766267409,0.012518029701033,0.00291979146131964,0.13564916422247,NaN,NaN,0.113836137624603,1.23314944952732,-0.0939190022010348,1.23314944952732,0.349916182725998,0.162970795740566,0.13318671589117,0.386579215868823,4.54545454545455,0.00418688487234991,0.000951249173466214,0.000871858590472827,0.0917142501483579,2.19390086288938,0.431620111862495,3.92381919874996,0.00444603039053027,1.30580077175874e-05,0.201043423408302,0.233261367534374,0.232400472099283,1.23816946148872,13.6363636363636,1,1,1000,TD3,NaN,mathworks_style_single_run,NaN,17-Jun-2026 14:36:32
244,0.785398163397448,0,-5,-10,full_final,5,100001,4.82148040971965,0.121123720468209,3.62100597848979,0.0789619476718173,0.0040453496732409,1.51546055266851,1.31275,NaN,0.00575915225373016,0.250473556717578,-0.000113243845785294,-0.250473556717578,0.00992389138925098,0.00637988864449595,0.00637961191895025,0.0193431451227326,7,0.000719622527058837,0.000141871030560414,0.000131048538748956,0.0137855136093576,1.56318842572341,0.0903751853227952,0.018075037064559,0.000744683933443733,1.78234794466691e-06,0.0122039660229266,0.00680690971979928,0.00680688808600962,0.0217019831761718,7,0,1,1000,TD3,NaN,mathworks_style_single_run,NaN,17-Jun-2026 14:36:30
245,0.785398163397448,0,-5,0,full_final,5,100001,17.3574620163721,0.120958858162964,3.62101668246915,0.0790424714767657,0.0040462340377739,1.51573600120301,1.30975,NaN,0.00618390880934794,0.251844626303863,-0.000797745219444197,-0.251844626303863,0.0104748041270533,0.00686042658895739,0.00686033456170051,0.0208126169572216,7,0.00072076587650031,0.000142075892811871,0.000131228055126851,0.01380439764648,1.99158791868634,0.100340902639363,0.0200681805278726,0.000744505156317521,1.7820760619234e-06,0.0122025010249335,0.00736079585233069,0.00736076577436495,0.0230423100292683,6.5,0,1,1000,TD3,NaN,mathworks_style_single_run,NaN,17-Jun-2026 14:36:48
246,0.785398163397448,0,-5,10,full_final,5,100001,40.0406039749706,0.120806810561735,3.62125622482285,0.0792945181809285,0.00404498079401962,1.51582283485359,1.3066,NaN,0.00609369435370355,0.251458844237442,-0.00068755245309619,-0.251458844237442,0.0106817449601531,0.00655942615158106,0.00655923928132525,0.0203956444275697,7,0.000725398920471467,0.00014278336541732,0.000132034346091959,0.0138892145790358,4.90139354272425,0.150355072739055,0.0300710145478109,0.000748340125129987,1.78790188201075e-06,0.0122338883853825,0.00701608499556086,0.00701606664133871,0.0228833053261042,7,0,1,1000,TD3,NaN,mathworks_style_single_run,NaN,17-Jun-2026 14:36:35
247,0.785398163397448,0,0,-10,full_final,5,100001,21.5743277992886,0.120725477083444,3.59921938082505,0.0791458956295738,0.00404160465873234,1.51563294577193,1.30845,NaN,0.00609193703824407,0.251550255973859,-0.000732283814272659,-0.251550255973859,0.0105812825246865,0.00676159675678476,0.00676155114667983,0.019952745904265,7,0.000723041169557397,0.000142428491716884,0.000131789324720082,0.0138634398127634,2.27950469945852,0.11093280989289,0.022186561978578,0.000735373871582697,1.76818109464862e-06,0.0121274389017855,0.00723333289729808,0.00723328837603574,0.0222622780129313,6.5,0,1,1000,TD3,NaN,mathworks_style_single_run,NaN,17-Jun-2026 14:36:49
248,0.785398163397448,0,0,0,full_final,5,100001,0.851191922748941,0.121085773367998,3.59877509043273,0.0789950676293403,0.00404518717488481,1.51543378557635,1.30865,NaN,0.00579162929012133,0.250843713447985,-0.000387536360763765,-0.250843713447985,0.0102363174721498,0.00662142571718844,0.00662083674298694,0.0196820653917018,7,0.000719219079788845,0.00014182902201725,0.000131059599383942,0.0137866771212562,0.781955330175113,0.074006383961004,0.0148012767922008,0.000730162756991199,1.76025984235175e-06,0.0120843928849669,0.00706065421729635,0.00706032097301582,0.0219463557004929,7,0,0,1.08280732344567,TD3,NaN,mathworks_style_single_run,NaN,17-Jun-2026 14:36:36
249,0.785398163397448,0,0,10,full_final,5,100001,21.7862829632796,0.121196947732176,3.59970168604299,0.0788399535228606,0.00404608181548971,1.51549260505239,1.3102,NaN,0.0060933862055531,0.252005584794741,-0.000915806577396626,-0.252005584794741,0.0103583057065602,0.00678378423678014,0.00678375117510599,0.019880224898992,7,0.00072321964414533,0.000142473832115428,0.00013198760982308,0.0138842982062411,2.38823130677706,0.11182024854939,0.022364049709878,0.000735448397056157,1.76829357153863e-06,0.0121280534056885,0.00729022490567097,0.00729011851178504,0.0222658151760697,6.5,0,1,1000,TD3,NaN,mathworks_style_single_run,NaN,17-Jun-2026 14:36:52
250,0.785398163397448,0,5,-10,full_final,5,100001,39.4504190454308,0.120895804753172,3.58025869810737,0.0792546569011669,0.00404480576336011,1.51564805298771,1.30805,NaN,0.00614269401273056,0.251264741712257,-0.000601841206223237,-0.251264741712257,0.011333569722487,0.00662299222004881,0.00662230963472314,0.0204866924123359,7,0.000730719159725092,0.00014360062047098,0.000133204811745279,0.0140123404860254,4.48549942727724,0.144331820049375,0.0288663640098751,0.000727907554347837,1.7568290440473e-06,0.012065716342993,0.00706046090618538,0.00706034414920507,0.023139008320868,7,0,1,1000,TD3,NaN,mathworks_style_single_run,NaN,17-Jun-2026 14:36:41
251,0.785398163397448,0,5,0,full_final,5,100001,17.1542457286241,0.121068963536987,3.57912481193578,0.07919672481624,0.00404745211868836,1.5156509832717,1.3063,NaN,0.00602618188939939,0.251136241763554,-0.000424483211296057,-0.251136241763554,0.0101027114910148,0.00663291963057678,0.00663212640634684,0.0193950304630284,7,0.000736448608435692,0.000144433048569809,0.000133658976984401,0.0140601159220934,1.8049091324961,0.103949603098281,0.0207899206196563,0.000742149398415321,1.77849117023325e-06,0.012183180195789,0.00711851092572338,0.00711851027386316,0.0217769807204604,7,0,1,1000,TD3,NaN,mathworks_style_single_run,NaN,17-Jun-2026 14:36:33
252,0.785398163397448,0,5,10,full_final,5,100001,4.73169907775104,0.121309660273619,3.58053461924353,0.0793131370083738,0.00405186058584692,1.51577043864876,1.3063,NaN,0.00609684690416632,0.250814039069195,2.90897697889298e-06,-0.250814039069195,0.0104650395886421,0.00675329389048544,0.00675227812888073,0.0204418620115367,7,0.000733559472695677,0.000143987184406677,0.000133068092181593,0.0139979584148947,1.48011009903703,0.0880923421424766,0.0176184684284953,0.000726596423620256,1.7548368826798e-06,0.0120548448652005,0.0072857189602098,0.00728567783971591,0.0233284430578351,7,0,1,1000,TD3,NaN,mathworks_style_single_run,NaN,17-Jun-2026 14:36:22
253,0.785398163397448,0.349065850398866,-5,-10,full_final,5,100001,1.80309867734103,0.349926981289582,8.70855766876896,0.0922933797874406,0.00964420689729713,1.40142873659998,0.94415,NaN,0.00589657855236846,0.250464861722422,1.28958469524053e-05,-0.250464861722422,0.0101791355020171,0.00657582051801656,0.00657295747515695,0.0191633533667122,7,0.00205059431806235,0.000544281303809265,0.000495879405282898,0.052163514033704,2.41069372289311,0.273217813709859,0.0546435627419718,0.00228796773860878,8.13035697880703e-06,0.0213914363174088,0.00698582200860522,0.00698222283175752,0.0217401944100857,7,0,1,1000,TD3,NaN,mathworks_style_single_run,NaN,17-Jun-2026 14:36:53
254,0.785398163397448,0.349065850398866,-5,0,full_final,5,100001,18.7712426268762,0.349923627252616,8.71891787850806,0.0924709701138353,0.00965087668186397,1.40119680185094,0.9377,NaN,0.00622151637119161,0.249444971182652,0.000948373507569559,-0.249444971182652,0.0110413595937877,0.00684525519915321,0.00684518955536702,0.0205585390707888,6.5,0.00205688584665894,0.000545315949384629,0.000498394655976286,0.0524281031927717,2.98827249792624,0.294241725895421,0.0588483451790842,0.00229517513178996,8.14121081600514e-06,0.0214251027152262,0.00732284461488123,0.00732239072116419,0.0223225243389606,7,0,1,1000,TD3,NaN,mathworks_style_single_run,NaN,17-Jun-2026 14:36:41
255,0.785398163397448,0.349065850398866,-5,10,full_final,5,100001,37.9487689793206,0.34992347402418,8.72735985521678,0.0914316721355436,0.00964241151089185,1.40024880351859,0.9387,NaN,0.00612496499481489,0.249503845474912,0.000881300153403027,-0.249503845474912,0.0105237772261009,0.00675998539374085,0.00675997541786084,0.0199755622078364,7,0.00203294409262192,0.000541708440810939,0.000495233381489286,0.0520955562381893,5.11282573201875,0.321794773183991,0.0643589546367982,0.00227781507622622,8.11490588366064e-06,0.0213439222085643,0.0072231953027658,0.00722291072580212,0.0228825872763991,7,0,1,1000,TD3,NaN,mathworks_style_single_run,NaN,17-Jun-2026 14:36:33
256,0.785398163397448,0.349065850398866,0,-10,full_final,5,100001,20.3585218333761,0.349826992741928,8.70612056389017,0.0923197495915173,0.00963294994766366,1.40102806108453,0.94175,NaN,0.00603934882080629,0.249489347230243,0.000760297614577528,-0.249489347230243,0.0102239927718166,0.00683087798332241,0.00683079956809303,0.0207390327072803,6.5,0.0020468057023311,0.000543759909306848,0.000495622200975697,0.0521364576963259,3.14212799625056,0.283689718584476,0.0567379437168952,0.00230434987971324,8.15526473000502e-06,0.0214678824280051,0.0072785477337763,0.00727784897192759,0.0230096932500601,6.5,0,1,1000,TD3,NaN,mathworks_style_single_run,NaN,17-Jun-2026 14:36:23
257,0.785398163397448,0.349065850398866,0,0,full_final,5,100001,0.785783597150351,0.349825531288562,8.71456446424583,0.0918798023686486,0.00963475584213901,1.40044591997111,0.93925,NaN,0.00577272276988298,0.249411105084636,0.000716858072784888,-0.249411105084636,0.00996934934485605,0.00656067704445565,0.00656065249285358,0.019197932983114,6.5,0.00203803329594626,0.000542496126713478,0.000495317385228698,0.0521043929234659,1.72121950972439,0.253288718972491,0.0506577437944983,0.00230076009482734,8.14974564577576e-06,0.0214511542571832,0.00695154328047454,0.00695133108192477,0.0216912776231766,6.5,0,0,1.0495633745928,TD3,NaN,mathworks_style_single_run,NaN,17-Jun-2026 14:36:34
258,0.785398163397448,0.349065850398866,0,10,full_final,5,100001,19.9194019540878,0.349827195290756,8.72101790134785,0.0919463403024059,0.00963667544717014,1.40045612985529,0.9373,NaN,0.00610240550623276,0.249128353622257,0.000896868181952542,-0.249128353622257,0.0104020336805166,0.00657774904960443,0.00657774381176407,0.0192600162140462,6.5,0.00203685625140315,0.00054230584384916,0.000495604842161428,0.0521346316540621,2.95630374456765,0.279124802047271,0.0558249604094543,0.00229816762917871,8.14578187268815e-06,0.0214390654142325,0.00700335794295077,0.00700231863683993,0.0214975727722049,6.5,0,1,1000,TD3,NaN,mathworks_style_single_run,NaN,17-Jun-2026 14:36:23
259,0.785398163397448,0.349065850398866,5,-10,full_final,5,100001,38.6917488133657,0.349727218970575,8.70447705844698,0.0918298048820704,0.00961668924808447,1.4002493618083,0.93935,NaN,0.00595370342434178,0.249277767409429,0.000847098669910796,-0.249277767409429,0.0101212585747241,0.00664174386679769,0.00664140323031022,0.0192168692798762,6.5,0.00203323104044298,0.000541767792425839,0.000493779318670594,0.0519425976247831,5.11987676465601,0.313500317854651,0.0627000635709302,0.00231717323800105,8.17472167852678e-06,0.0215275323156234,0.00703505465146357,0.00703466393303593,0.0217231744900346,6.5,0,1,1000,TD3,NaN,mathworks_style_single_run,NaN,17-Jun-2026 14:36:57
260,0.785398163397448,0.349065850398866,5,0,full_final,5,100001,17.8019681748023,0.349727594014298,8.71131638913668,0.0925502362825395,0.00963881088127849,1.40107132079271,0.93925,NaN,0.0061538096375084,0.249802789945676,0.00067537963886352,-0.249802789945676,0.0110536480285126,0.00683321520553715,0.00683258086090774,0.0204072459800848,6.5,0.00204592396412288,0.000543604690724198,0.000495805444541562,0.052155733811078,2.74879632750483,0.26756624975201,0.0535132499504021,0.00231527956079063,8.17188527719684e-06,0.021518733981304,0.00732961038679009,0.00732949798300637,0.0232486193999648,6.5,0,1,1000,TD3,NaN,mathworks_style_single_run,NaN,17-Jun-2026 14:36:46
261,0.785398163397448,0.349065850398866,5,10,full_final,5,100001,1.96230495709267,0.349731088139946,8.71552839820651,0.0913138229174112,0.00962660274175661,1.40008435031959,0.94105,NaN,0.00588825297258774,0.249670421964784,0.000689947202548306,-0.249670421964784,0.0103525173491383,0.00663537613142001,0.00663517536301569,0.0196478351103755,7,0.00203028479180007,0.000541283332467062,0.000493763493606884,0.0519409329238011,2.10391415250427,0.257404313256681,0.0514808626513362,0.00231426571605012,8.17032109334519e-06,0.0215140220137943,0.00709971998899129,0.00709969386041381,0.0218613697215915,6.5,0,1,1000,TD3,NaN,mathworks_style_single_run,NaN,17-Jun-2026 14:36:58
262,0.785398163397448,0.785398163397448,-5,-10,full_final,5,100001,9.11623490993018,3.14141279248649,17.1920505877019,0.857500716786973,1.44689458324127,1.39391363890603,1.76045,NaN,0.00572146903535367,0.250049131152144,-2.04858503531956e-05,-0.250049131152144,0.0106474561059337,0.00641502629406475,0.0064136949590218,0.0195271643746846,7,0.0115163879021013,0.00204899674502843,0.00197470761095057,0.207727296352459,6.08090498274577,0.98383832616293,0.196767665232586,0.00334958556573843,1.10430857530329e-05,0.0258827570623318,0.0068457681837261,0.00684555050487385,0.0213663093745708,7,0,1,1000,TD3,NaN,mathworks_style_single_run,NaN,17-Jun-2026 14:36:46
263,0.785398163397448,0.785398163397448,-5,0,full_final,5,100001,26.5210615963394,3.14140022302482,17.1893599905651,0.856975538808103,1.44633826164386,1.38865434083486,1.74775,NaN,0.00600762956659909,0.251194625970442,-0.000460713172433585,-0.251194625970442,0.0101347683764581,0.00671700153689928,0.00671644204707013,0.019511417464118,7,0.0114698306477553,0.00204193344156749,0.00197417956509294,0.207671749122203,6.29390120326339,0.968274799560948,0.19365495991219,0.00335473970842341,1.10509240935471e-05,0.0259026628300003,0.00720067198503534,0.00720038596260541,0.0220253616571426,7,0,1,1000,TD3,NaN,mathworks_style_single_run,NaN,17-Jun-2026 14:36:59
264,0.785398163397448,0.785398163397448,-5,10,full_final,5,100001,46.003512441249,3.14132940602406,17.1720871685897,0.857301286417048,1.4468390992588,1.39052532478028,1.75335,NaN,0.00599770020281158,0.251032576047805,-0.000368338725314177,-0.251032576047805,0.0100519137615451,0.0066795489309188,0.00667903188499431,0.0191018137909076,7,0.0114950035308497,0.00204575408415538,0.00197612656620611,0.207876561862577,8.67503778254882,1.02626983934094,0.205253967868188,0.00335564113450049,1.10522942272297e-05,0.0259061426480304,0.0071692715207156,0.00716920203305836,0.021355208940804,7,0,1,1000,TD3,NaN,mathworks_style_single_run,NaN,17-Jun-2026 14:36:47
265,0.785398163397448,0.785398163397448,0,-10,full_final,5,100001,15.6916916146193,3.14136252318796,17.1984077314391,0.85766119313992,1.44772222932393,1.3929509930104,1.75625,NaN,0.00620900378109285,0.251060742779977,-0.000412356914216518,-0.251060742779977,0.0117736160218411,0.00670210878033577,0.00670035467806485,0.0210163434301496,7,0.0115115154826342,0.00204827236735579,0.00197037749448737,0.2072717942919,7.26217043935096,1.02538838350353,0.205077676700705,0.00333862959933017,1.10264207387539e-05,0.0258403931832709,0.00716919985943096,0.00716884426163235,0.0228023268282413,7,0,1,1000,TD3,NaN,mathworks_style_single_run,NaN,17-Jun-2026 14:37:01
266,0.785398163397448,0.785398163397448,0,0,full_final,5,100001,0.785745606358272,3.14128078864663,17.1821046760932,0.856753354859944,1.44619783325961,1.38605421024594,1.74595,NaN,0.00573411010588358,0.250859698496277,-0.0002446289425779,-0.250859698496277,0.0106559286950938,0.0066229734612683,0.00662266333136827,0.0209151277339368,7,0.0114385850525063,0.00203717112075046,0.00197002123771207,0.207234318234012,4.93216564752831,0.95818588110114,0.191637176220228,0.00334414954012309,1.10348162590439e-05,0.0258617460358851,0.00709810261895832,0.00709809662762783,0.0232395362108946,7,0,0,2.57502707751378,TD3,NaN,mathworks_style_single_run,NaN,17-Jun-2026 14:37:02
267,0.785398163397448,0.785398163397448,0,10,full_final,5,100001,14.9364306553803,3.14121003509102,17.1733021987007,0.857519966554902,1.44675639337555,1.3905827603069,1.7531,NaN,0.00606839242597779,0.251630476972582,-0.000762066927886829,-0.251630476972582,0.0102221415391701,0.00674930793081591,0.00674921488234813,0.0199201074096758,7,0.011481322016771,0.00204370883574574,0.00197391567238177,0.207643989205183,5.86279317811921,0.970634319729433,0.194126863945887,0.00334614828362907,1.1037853360534e-05,0.0258694734528133,0.00723976022718597,0.00723975870431498,0.022243432700634,7,0,1,1000,TD3,NaN,mathworks_style_single_run,NaN,17-Jun-2026 14:37:02
268,0.785398163397448,0.785398163397448,5,-10,full_final,5,100001,38.928672980852,3.14139978930323,17.1945159219733,0.857703615054781,1.44764572725667,1.39343590957535,1.7625,NaN,0.00588814379293899,0.250537930437537,-0.00011983364319649,-0.250537930437537,0.0101534044829667,0.00652293705759368,0.00652283407629274,0.0191569298640815,7,0.0114903631580417,0.00204503866264509,0.00196733080605714,0.206951301097398,9.17858126243602,1.05754195006851,0.211508390013702,0.00332909932554193,1.10119261661861e-05,0.0258034855224713,0.00698829342982866,0.00698827803845953,0.0212307125329971,7,0,1,1000,TD3,NaN,mathworks_style_single_run,NaN,17-Jun-2026 14:37:02
269,0.785398163397448,0.785398163397448,5,0,full_final,5,100001,24.7450204695557,3.14122025498526,17.1823474014275,0.85663592538134,1.4463226434319,1.38688782588128,1.7399,NaN,0.00578833957870419,0.251477498496499,-0.000786655591343087,-0.251477498496499,0.0106081487528688,0.00651896984190241,0.00651894650509025,0.0197091335570638,7,0.0114286671458,0.0020357111122917,0.00196838803624676,0.207062515318528,8.27640860636861,1.07274682719142,0.214549365438283,0.003337989256583,1.10254449580912e-05,0.0258379149955371,0.00697037790065902,0.0069703778054878,0.0224896809086204,6.5,0,1,1000,TD3,NaN,mathworks_style_single_run,NaN,17-Jun-2026 14:36:29
270,0.785398163397448,0.785398163397448,5,10,full_final,5,100001,8.3641004894182,3.14128831059413,17.1741830341583,0.856772733757575,1.44666818437497,1.38870755689672,1.7483,NaN,0.00605171728876658,0.251097242906976,-0.000334144994465307,-0.251097242906976,0.0102031567557181,0.00658572901325135,0.00658544880998338,0.0196914036748526,7,0.0114470114324481,0.00203844546996544,0.00196881687265955,0.207107626315272,5.57947623200391,0.959096472604134,0.191819294520827,0.00334095410985357,1.10299568720778e-05,0.0258493872648988,0.0070853482104567,0.00708529880384403,0.022234970703721,7,0,1,1000,TD3,NaN,mathworks_style_single_run,NaN,17-Jun-2026 14:37:02
271,0.785398163397448,1.5707963267949,-5,-10,full_final,5,100001,33.0927318218373,3.1415138531984,21.3857129000544,1.71355483882342,3.37406939877162,1.22197757221228,1.999,NaN,0.00584726188536564,0.251674022839028,-0.000874231422418111,-0.251674022839028,0.010644214017332,0.0066494928289011,0.00664949221298622,0.0198732127862655,7,0.0228253297291116,0.00365535913727138,0.00348324684144645,0.366416498771488,15.9875462384239,1.89548466810613,0.379096933621226,0.0167018817496661,2.90760853424857e-05,0.0577959890471063,0.00710998400985587,0.00710998355350175,0.0221660975366831,7,0,1,1000,TD3,NaN,mathworks_style_single_run,NaN,17-Jun-2026 14:37:03
272,0.785398163397448,1.5707963267949,-5,0,full_final,5,100001,34.5821811265554,3.14139143468095,21.3866371255891,1.7131451312412,3.37264696493278,1.222378536202,2.00435,NaN,0.00604410275955717,0.251548450345157,-0.000750497677497279,-0.251548450345157,0.0101096012681823,0.00672089680467573,0.00672074946445431,0.0191805216089986,7,0.0225879487433961,0.00361924629731658,0.00345597134094371,0.363547281098614,10.4872428121483,1.7184322356892,0.34368644713784,0.0164701778056727,2.87236671533561e-05,0.0573936892100041,0.0071698093170282,0.00716968473546796,0.0218445342034101,7,0,1,1000,TD3,NaN,mathworks_style_single_run,NaN,17-Jun-2026 14:37:03
273,0.785398163397448,1.5707963267949,-5,10,full_final,5,100001,32.5328146070234,3.14145579974028,21.4148387148309,1.71221897013521,3.37445252192526,1.2205430582015,2.0044,NaN,0.00564467303713297,0.251244372319233,-0.000657487961805419,-0.251244372319233,0.0107721709369133,0.0065619496488893,0.00656189509381163,0.019756264816515,7,0.0226979436780463,0.00363596166798522,0.00345821184916418,0.363782969011353,11.9399388263776,1.79709141898625,0.35941828379725,0.0166033067726397,2.89261602398207e-05,0.0576251798654715,0.00697156924382387,0.00697139484885169,0.0223645428195596,7,0,1,1000,TD3,NaN,mathworks_style_single_run,NaN,17-Jun-2026 14:36:50
274,0.785398163397448,1.5707963267949,0,-10,full_final,5,100001,1.0196284894257,3.14152211453009,21.2492369334337,1.71102275173729,3.3740816346789,1.2181092385889,1.98085,NaN,0.00574288234316093,0.251776907250276,-0.000814187367275719,-0.251776907250276,0.0105591500136559,0.00661578406058279,0.00661548793559322,0.0208135164200365,7,0.0218086372433732,0.00350068649216332,0.00334394253773553,0.351762528624381,16.0045321199353,1.89950371650212,0.379900743300424,0.0153308904133579,2.69908182710188e-05,0.0553730808486541,0.00710585024942552,0.00710584650778713,0.0243716351687908,7,0,0,4.20062100299563,TD3,NaN,mathworks_style_single_run,NaN,17-Jun-2026 14:37:04
275,0.785398163397448,1.5707963267949,0,0,full_final,5,100001,0.785398163397448,3.14146013260012,21.360343442784,1.71278788227675,3.37299043600312,1.22161258515571,2.00305,NaN,0.00573393922382207,0.252008818180344,-0.00099451477375488,-0.252008818180344,0.0102354322502132,0.00659524383771419,0.00659522497739439,0.0199380601346153,6.5,0.0223970837135055,0.00359021751405811,0.00342342439070136,0.360123538798302,8.22381211757936,1.66849541536421,0.333699083072841,0.0162167954338565,2.8338283317433e-05,0.0569504968088189,0.00706206553457638,0.00706205800098561,0.0236105900257826,6.5,0,0,4.20420202484132,TD3,NaN,mathworks_style_single_run,NaN,17-Jun-2026 14:37:03
276,0.785398163397448,1.5707963267949,0,10,full_final,5,100001,1.03123722931086,3.14149506385648,21.4164834445116,1.71334647113457,3.37384116509677,1.2221483486716,2.0042,NaN,0.00613634965143331,0.251263108712379,-0.000388069944958682,-0.251263108712379,0.0114079125524116,0.00672992873930845,0.00672899978904648,0.0209811086530323,7,0.0228413567564414,0.0036577371492472,0.00348655707239239,0.366764715044565,9.14309195810788,1.70667787048525,0.341335574097051,0.0167796260139465,2.91943410219273e-05,0.0579303478566226,0.00720059016757452,0.00720030321849845,0.0228418223559856,7,0,0,4.2195602907043,TD3,NaN,mathworks_style_single_run,NaN,17-Jun-2026 14:37:04
277,0.785398163397448,1.5707963267949,5,-10,full_final,5,100001,32.436742488926,3.14142600918907,21.3030084523885,1.71302174578625,3.37367178556741,1.22129366876462,1.993,NaN,0.00602715597446673,0.251068189818211,-0.000463181608741005,-0.251068189818211,0.0113470354043317,0.0067375426484694,0.00673735440510721,0.0212154695027769,7,0.0228204720245106,0.00365458660608751,0.00347977944782527,0.366051749935597,18.4848940819227,2.00826402917897,0.401652805835794,0.0166492808446989,2.89960927539901e-05,0.0577049059347624,0.00721226767095428,0.0072122670540886,0.0244593219831586,7,0,1,1000,TD3,NaN,mathworks_style_single_run,NaN,17-Jun-2026 14:37:04
278,0.785398163397448,1.5707963267949,5,0,full_final,5,100001,29.0510558615103,3.14154445140175,21.4260501938421,1.71283801051802,3.3735437622312,1.22128687742755,2.0047,NaN,0.00615492504877421,0.251660059845305,-0.000728408933383674,-0.251660059845305,0.011387447068552,0.00678655616710262,0.00678556519908827,0.0205901325028148,7,0.0227325505862103,0.00364124134455882,0.00347156476268422,0.365187614746531,10.2134353568414,1.71966855862057,0.343933711724113,0.0166909957618075,2.90595336337874e-05,0.0577771507809229,0.00726309776772079,0.0072626059736137,0.023722211830318,7,0,1,1000,TD3,NaN,mathworks_style_single_run,NaN,17-Jun-2026 14:36:52
279,0.785398163397448,1.5707963267949,5,10,full_final,5,100001,30.3479943191261,3.14155199916792,21.3850472988903,1.71253849946255,3.3737176459916,1.22085433003625,2.0033,NaN,0.00594378337679,0.251449342703975,-0.000766100011417869,-0.251449342703975,0.010100035005383,0.00674243321170851,0.00674204380156917,0.0209671891330632,7,0.0225367895642462,0.00361147257049944,0.00343534157810492,0.361377154830236,10.8614960074215,1.73042686329035,0.34608537265807,0.0163847276624684,2.85936889941339e-05,0.0572446113838995,0.00715491210673698,0.00715454085128864,0.0240177744999528,7,0,1,1000,TD3,NaN,mathworks_style_single_run,NaN,17-Jun-2026 14:36:42
280,0.785398163397448,2.35619449019234,-5,-10,full_final,5,100001,44.5269528838826,3.14151212049681,21.0496911646435,2.4979333460789,5.1810328761377,1.34591689354857,2.11045,NaN,0.00596495122411178,0.2503657261568,0.000220120785284223,-0.2503657261568,0.010158340271605,0.006657345325107,0.00665663721976804,0.0191821469519882,7,0.0385276600725941,0.00592571156477693,0.00562153405517055,0.591351379899598,17.2518537142219,2.79534244446088,0.559068488892176,0.033632725905082,5.24718669601457e-05,0.0820155179281116,0.00714939229447904,0.00714914465514613,0.0217311047017574,7,0,1,1000,TD3,NaN,mathworks_style_single_run,NaN,17-Jun-2026 14:36:45
281,0.785398163397448,2.35619449019234,-5,0,full_final,5,100001,25.2424206466784,3.14149995202279,21.0846992709829,2.49856869579078,5.18117067248897,1.34657779076724,2.1281,NaN,0.00614716026303123,0.25106306273836,-0.000549074508200194,-0.25106306273836,0.0119460919389273,0.0067369912473244,0.00673687469413412,0.0213078762188106,6.5,0.0382710171560637,0.00588682448540136,0.00557443655947376,0.586397008228665,21.3820876875044,2.96672384702842,0.593344769405684,0.0334996435552404,5.22694494030444e-05,0.0818530922509838,0.00718385262071701,0.00718384682555059,0.0246592340990901,6.5,0,1,1000,TD3,NaN,mathworks_style_single_run,NaN,17-Jun-2026 14:36:59
282,0.785398163397448,2.35619449019234,-5,10,full_final,5,100001,8.88670495612163,3.14152501380725,21.1251650337626,2.49802218593601,5.18004903353807,1.3483229599003,2.1271,NaN,0.00595032531599982,0.251721370326624,-0.000782959277822992,-0.251721370326624,0.0103197420637444,0.00674952270094341,0.00674942162610516,0.0199393336361906,7,0.0389720523170467,0.00599345500388455,0.00568469022146818,0.597995026584423,14.1713584968599,2.76518358495926,0.553036716991852,0.0341930019032173,5.33240365882805e-05,0.0826958304912856,0.00725165244160073,0.00725153424780741,0.02284618280828,7,0,1,1000,TD3,NaN,mathworks_style_single_run,NaN,17-Jun-2026 14:37:01
283,0.785398163397448,2.35619449019234,0,-10,full_final,5,100001,16.9941289310608,3.14155400963112,21.0988117048076,2.49977435754901,5.18129039029673,1.34872417814444,2.23175,NaN,0.00552895411488737,0.249412485287576,0.000549429827789174,-0.249412485287576,0.0100132321562209,0.0063255823897552,0.00632546861499224,0.0224539457526891,7,0.0389917709710403,0.00599639087663411,0.00567847868220187,0.597341610225047,24.9206198238241,3.09269792218824,0.618539584437649,0.0341088134999289,5.31959969020492e-05,0.0825939628543501,0.00672788903092635,0.0067276652225269,0.0259374296292663,7,0,1,1000,TD3,NaN,mathworks_style_single_run,NaN,17-Jun-2026 14:37:05
284,0.785398163397448,2.35619449019234,0,0,full_final,5,100001,0.894737505647594,3.14158759183249,20.9933843273407,2.49798368985613,5.18028835103788,1.34628449781747,2.1095,NaN,0.00601933017068277,0.251003556378612,-0.000201595433494519,-0.251003556378612,0.0102405782601698,0.00672058377763582,0.00671908245126669,0.0207178845939513,7,0.0380193726907942,0.00584845717734065,0.00554825198630962,0.583642549513175,12.9713699432699,2.69806882682719,0.539613765365437,0.0330709176616173,5.16173511381313e-05,0.0813276308048099,0.00716852681545987,0.00716757152951532,0.0230251224711537,7,0,0,5.84456104030029,TD3,NaN,mathworks_style_single_run,NaN,17-Jun-2026 14:37:06
285,0.785398163397448,2.35619449019234,0,10,full_final,5,100001,16.611274006682,3.14158914401707,21.0980243976158,2.49800416120259,5.1800045039829,1.34808314710349,2.08975,NaN,0.00612452295551428,0.249445404449255,0.00092159477647102,-0.249445404449255,0.0108439092145127,0.00681194472750348,0.00681193706466133,0.0205928832526912,6.5,0.0386540055158649,0.00594509787462419,0.00563690911897103,0.592968743612996,15.5090418206988,2.8168692282348,0.56337384564696,0.0338025672855907,5.27301441233214e-05,0.0822223415934995,0.00731827618012893,0.00731817343470018,0.0230664806440473,7,0,1,1000,TD3,NaN,mathworks_style_single_run,NaN,17-Jun-2026 14:36:53
286,0.785398163397448,2.35619449019234,5,-10,full_final,5,100001,9.4736207759907,3.14156693498655,21.1025653543363,2.49736525158074,5.17995086837129,1.34630071984673,2.11485,NaN,0.00594309753501762,0.250563879157939,1.99665328361741e-05,-0.250563879157939,0.010193152253082,0.00662219437537752,0.00662121140996861,0.0192762475804455,7,0.038760397468916,0.00596112620592274,0.0056415288988605,0.593454716513923,14.2068620783694,2.73986289488356,0.547972578976713,0.0338905392540139,5.28639855064355e-05,0.0823292648503725,0.00707741905966536,0.00707697611832916,0.0216813795268536,7,0,1,1000,TD3,NaN,mathworks_style_single_run,NaN,17-Jun-2026 14:36:56
287,0.785398163397448,2.35619449019234,5,0,full_final,5,100001,23.9236706780341,3.14149556986731,21.0525836175115,2.4974426267414,5.17995406088464,1.34677112648438,2.10955,NaN,0.00588270581452745,0.250068565539563,0.000433843514066251,-0.250068565539563,0.0107051219736307,0.00666605695104186,0.00666352103114907,0.0200204462846427,7,0.0381872762608444,0.00587399351583836,0.00556926897146853,0.585853409227462,15.0223603470021,2.75620413645166,0.551240827290332,0.0331924082156091,5.18021406224856e-05,0.081476877966217,0.00714756314137602,0.00714708793054049,0.0222123563289642,6.5,0,1,1000,TD3,NaN,mathworks_style_single_run,NaN,17-Jun-2026 14:37:10
288,0.785398163397448,2.35619449019234,5,10,full_final,5,100001,39.9535523494376,3.14147042048252,21.0346853014152,2.49774763933026,5.18115501848039,1.34439471391156,2.11345,NaN,0.00601361068592166,0.250305005017097,0.00016146535673102,-0.250305005017097,0.0108603779094023,0.00658200653692833,0.00658185961839582,0.0199145310033231,7,0.0382551451378054,0.00588424930699568,0.00556560738998597,0.58546823300313,16.5329650313067,2.75075174985784,0.550150349971568,0.033248395086126,5.18872941345985e-05,0.0815455640560858,0.00706698218199075,0.00706694907494431,0.0225522173568606,7,0,1,1000,TD3,NaN,mathworks_style_single_run,NaN,17-Jun-2026 14:37:10
289,0.785398163397448,3.14159265358979,-5,-10,full_final,5,100001,47.4900611172465,3.14159265358979,19.5984991842306,4.04844150945555,9.50522091699461,1.42956530609707,2.7262,NaN,0.00607660734826794,0.25172736674509,-0.000844945809509073,-0.25172736674509,0.0100419398144475,0.00673062063045935,0.0067305498429391,0.0189909488100124,6.5,0.299848267177778,0.0456544095713996,0.04245205045641,4.46569893032582,98.3674211977212,20.3908268552157,4.07816537104314,0.366723985118861,0.000558736922870672,0.270822445568628,0.00717771104990263,0.00717760272363909,0.021064130589366,6.5,0,1,1000,TD3,NaN,mathworks_style_single_run,NaN,17-Jun-2026 14:37:11
290,0.785398163397448,3.14159265358979,-5,0,full_final,5,100001,18.7682658379629,3.14159265358979,19.5629280567798,4.04987835361111,9.51182595571883,1.42881604201653,2.74335,NaN,0.00574539481913344,0.251127584851151,-0.00061638365606531,-0.251127584851151,0.0106867071747147,0.00663070763486042,0.00663068311696654,0.0207034475273415,7,0.299374721618493,0.045582347550376,0.0422605445200578,4.4455536641744,96.4661253832327,20.3324788020116,4.06649576040232,0.36630994837571,0.000558107191355267,0.27066952114182,0.00709802845320846,0.00709788840054802,0.022880807518959,7,0,1,1000,TD3,NaN,mathworks_style_single_run,NaN,17-Jun-2026 14:37:03
291,0.785398163397448,3.14159265358979,-5,10,full_final,5,100001,4.75798048265713,3.14159265358979,19.5626102089751,4.04405317487839,9.48507859588714,1.4374422265727,2.72475,NaN,0.00608277461489874,0.251676882587967,-0.000812676268559839,-0.251676882587967,0.0102253189532371,0.00671278338166365,0.00671274048149584,0.019338876949595,7,0.300354083012629,0.045731343745865,0.042521944185322,4.47305132784451,94.163331993402,20.3360616169658,4.06721232339316,0.367684563186424,0.000560197966174689,0.271176902846251,0.00715472345108168,0.00715464614357128,0.0218887515366077,7,0,1,1000,TD3,NaN,mathworks_style_single_run,NaN,17-Jun-2026 14:37:05
292,0.785398163397448,3.14159265358979,0,-10,full_final,5,100001,24.0107484822841,3.14159265358979,20.0881634042659,4.04250496067133,9.47336953627801,1.457517227832,2.6706,NaN,0.00594281616698842,0.249679318163392,0.000686509927498422,-0.249679318163392,0.0100793149109905,0.0066602997942348,0.0066595128387687,0.0193560169587172,7,0.301569215342416,0.0459161299407787,0.0426197939261962,4.48334452872545,96.4200107640258,20.4401329515237,4.08802659030473,0.368042432133021,0.000560742276520139,0.271308839565916,0.00712508385529495,0.00712507668907044,0.0220376467332244,6.5,0,1,1000,TD3,NaN,mathworks_style_single_run,NaN,17-Jun-2026 14:37:06
293,0.785398163397448,3.14159265358979,0,0,full_final,5,100001,1.08779509319459,3.14159265358979,19.4486144998971,4.04331029219797,9.480142318063,1.44489968344861,2.70695,NaN,0.00571116930020359,0.250609881028637,-0.000208635817804365,-0.250609881028637,0.0100176942399865,0.00644893951966272,0.0064489369425452,0.0194721594156917,7,0.298022953372962,0.0453766606147434,0.042050653537736,4.4234744023917,93.0907223928928,20.1315323599194,4.02630647198387,0.36341894440588,0.000553709969129339,0.269599311722371,0.00689458963572854,0.00689444610475985,0.0218319464474916,7,0,0,9.01392924311861,TD3,NaN,mathworks_style_single_run,NaN,17-Jun-2026 14:37:09
294,0.785398163397448,3.14159265358979,0,10,full_final,5,100001,22.5503951505844,3.14159265358979,19.5368656263673,4.04615285503741,9.49520385359422,1.44018914765404,2.748,NaN,0.00575097809698118,0.250948342505594,-0.00050614114851132,-0.250948342505594,0.0100331672486822,0.0064706957185923,0.00647065797475477,0.0190765764815772,7,0.298822874969203,0.0454984163533339,0.0423169957386532,4.45149199091684,98.0826837662343,20.3869846012241,4.07739692024482,0.365480856957216,0.000556846142320775,0.270363036289067,0.00692624725727354,0.00692603994839218,0.0222734548151493,7,0,1,1000,TD3,NaN,mathworks_style_single_run,NaN,17-Jun-2026 14:37:11
295,0.785398163397448,3.14159265358979,5,-10,full_final,5,100001,5.34365333248004,3.14159265358979,19.7866233567485,4.02968301296042,9.43111078906594,1.46983987872763,2.65795,NaN,0.00589134739583365,0.249139361598108,0.000894964663453146,-0.249139361598108,0.0102878720005088,0.00670411010014817,0.0067037983200253,0.0205193104666348,6.5,0.295467455648242,0.0449880879717645,0.0417025619724867,4.38685727521228,93.2575701530041,19.9743940392492,3.99487880784985,0.360226000122162,0.000548853481500847,0.268412369358106,0.00705010287734976,0.00704838872315941,0.0223738420754671,6.5,0,1,1000,TD3,NaN,mathworks_style_single_run,NaN,17-Jun-2026 14:37:12
296,0.785398163397448,3.14159265358979,5,0,full_final,5,100001,19.0884806410843,3.14159265358979,20.3792344585692,4.02834939648077,9.42437439600569,1.48319265589214,2.609,NaN,0.00569265189967231,0.25080762283134,-0.000561293261123002,-0.25080762283134,0.0101599210346792,0.00628560803013941,0.00628479441105016,0.019054178655824,7,0.296185989087288,0.0450973501946803,0.0418054718448325,4.39768277131703,96.6237935937371,20.1424784005553,4.02849568011106,0.359832444761359,0.000548254910081634,0.268265705881821,0.0066370444686159,0.00663699048904631,0.0215401835739613,7,0,1,1000,TD3,NaN,mathworks_style_single_run,NaN,17-Jun-2026 14:37:12
297,0.785398163397448,3.14159265358979,5,10,full_final,5,100001,37.0964392620021,3.14159265358979,19.3967694930181,4.038936217545,9.45893120086501,1.44740002158117,2.69875,NaN,0.00591204641948611,0.251301963437084,-0.000375528865472869,-0.251301963437084,0.0101554374834343,0.00672258929845033,0.00672137525276421,0.0207897795969583,7,0.294489351350859,0.0448392258171391,0.0417122227238327,4.38787352781936,96.5000464512277,20.0517852749886,4.01035705499772,0.358080366212486,0.000545589984445877,0.267611795783551,0.00718486911465844,0.00718411384810328,0.0240174187347293,7,0,1,1000,TD3,NaN,mathworks_style_single_run,NaN,17-Jun-2026 14:37:12
