Frequency_Hz,Amplitude_A,Phase_deg
0.0807428340734849,0.000521213639515527,268.4936149862
0.16148566814697,0.0004019368344296,33.730166282608
0.322971336293939,0.000171321597881326,-50.4531633418542
0.403714170367424,0.000140957555777922,18.2248529791231
0.484457004440909,0.000298189535180787,-24.1991180914592
0.565199838514394,0.000121311023485972,135.737486324932
0.645942672587879,8.63051084750645e-05,255.920916440239
0.767056923698106,0.000221476405910389,212.612139724797
0.928542591845076,0.000243846996950946,138.199172029975
1.09002825999205,0.000294632503146452,216.136258248843
1.17077109406553,0.000159562749416535,-4.9287914973935
1.29188534517576,0.000173123622119323,40.6023521084715
1.53411384739621,0.000228760677307103,-23.9815245863185
1.6148566814697,0.000241679398004666,147.547213601251
1.73597093257992,0.000207590356654275,-53.3716433703229
1.89745660072689,0.000148777271771478,32.6650576959099
2.01857085183712,0.000165566884337958,29.549046660002
2.18005651998409,0.000235608776729874,200.783740757362
2.46265643924129,0.000257506428016818,125.388404170328
2.54339927331477,0.000284021509123421,-0.544193270184408
2.664513524425,0.000235787720634855,244.242198361295
2.90674202664546,0.000148615392736401,87.6061797993817
3.02785627775568,0.000228993740314763,7.85095116959559
3.27008477997614,0.000205910218956739,239.655553211524
3.35082761404962,0.000284662192028475,198.34619472552
3.43157044812311,0.000210185732214429,-32.512914653956
3.55268469923333,0.00011606599521842,161.717336157011
3.67379895034356,0.000226827891426059,-60.4791294844338
3.79491320145379,0.000160893593651189,197.591045846371
3.91602745256402,0.000215417898562017,-81.4553298247502
3.9967702866375,0.000160380477261192,42.3868072935826
4.11788453774773,0.000117934594386924,-69.6021457934188
4.19862737182121,0.000101178017245204,-55.1036546370383
4.2793702058947,0.000139921055915031,-70.5064198995754
4.40048445700493,0.0001262448339505,86.5958805022941
4.48122729107841,0.000177501263177943,194.678013367959
4.56197012515189,0.000143614616317943,148.952857303594
4.64271295922538,0.000117329900138799,154.494355170756
4.80419862737235,0.000230100350993677,244.980668040968
4.88494146144583,0.000252731218326159,198.056569942831
5.00605571255606,0.000155316409307391,227.776898350503
5.16754138070303,0.000217378023869927,134.456765442983
5.28865563181326,0.000130188047465589,51.3655656516992
5.36939846588674,9.55407303534879e-05,205.692241900745
5.49051271699697,0.000178303491895142,175.215239567222
5.57125555107046,0.00021486467837914,241.016290826114
5.81348405329091,0.000258126278903246,53.8024177873916
6.01534113847462,0.000149268008847904,-57.8253154553553
6.09608397254811,0.000191517877606815,224.744763125214
6.17682680662159,0.000171569007426809,229.935453442541
6.29794105773182,0.000251317763757251,253.949567601633
6.45942672587879,0.00011219308490821,-75.7582815605655
6.58054097698902,0.00035053329892074,-46.0566887889866
6.74202664513599,0.00029294407127754,-55.487257839775
6.82276947920947,0.000191368291088758,30.8784930851841
6.90351231328296,0.000207317955443655,55.665117988517
7.02462656439318,0.000255047387661395,57.1957748789819
7.18611223254015,0.000277553241115536,70.8024176125666
7.30722648365038,0.00023198637370058,19.0747950450781
7.54945498587084,0.000163890643475423,214.057779772436
7.63019781994432,7.18876645776148e-05,-79.8190091644415
7.71094065401781,0.000108033766260364,92.5440427841402
7.79168348809129,0.000175047237032516,190.286449179896
7.95316915623826,0.000354531226215623,-18.1851096533159
8.03391199031175,0.000307217107609036,55.2473574572219
8.19539765845871,0.000280482292459705,147.724333374015
8.31651190956894,0.000223948353632621,250.506048021242
8.47799757771591,0.000174636865679766,93.6586983619076
8.59911182882614,0.000208982507144617,-67.9812085958441
8.76059749697311,0.000231994442858892,138.001932601511
8.84134033104659,0.000123000619957372,18.0254315084952
8.92208316512008,0.000131612698945069,-32.9414256856416
9.00282599919356,0.000109211506481668,86.1056793157643
9.08356883326705,0.00017456560352533,83.3545038041358
9.16431166734053,0.000220045546266431,174.987874533737
9.3257973354875,0.000225228306755606,10.9969754531312
9.44691158659773,0.000296279883219439,161.944040587853
9.52765442067122,0.00022479328292322,96.763882138659
9.68914008881818,0.000196639125748325,186.385048985663
9.81025433992841,0.000134976175863291,-35.3911527578718
9.93136859103864,0.000168305036889978,82.6998735849947
10.0121114251121,0.000216446379599927,58.7474676015849
10.1332256762224,0.000139330074223267,268.29937090545
10.2543399273326,0.000204246983493941,266.861674053358
10.4158255954796,0.000236762170675223,102.262742210142
10.6580540977,0.000243714746673507,-65.9627702944173
10.819539765847,0.000318343910548223,-58.1395027688685
10.9002825999205,0.000269370606643965,35.8902570111473
10.9810254339939,0.000228366136155944,226.955909347548
11.1828825191777,0.000259084414668997,57.7057317005288
11.3039967702879,0.000115502131280465,64.4074168828831
11.5058538554716,0.000210350995892474,190.119088130663
11.6269681065818,0.00021370772464304,109.537228876269
11.7077109406553,0.000229804096652619,198.0202146553
11.7884537747288,0.000291366609593392,-42.4873482823803
11.909568025839,7.68479691477268e-05,109.303120324779
11.9903108599125,0.000201041866170509,229.775797196917
12.071053693986,0.00015584770167013,8.53910465779012
12.1517965280595,0.000265688196465768,-83.9024873773545
12.3132821962064,0.00019216471424591,201.367803897718
12.3940250302799,0.00015982954751288,111.582825065515
12.5555106984269,0.00032218333626402,-79.4552547085858
12.7169963665739,0.000124778614839378,134.541055987334
12.8381106176841,0.000282896052359578,52.8951745921981
12.9592248687943,0.000188456186049484,206.185939746954
13.0399677028678,0.000105672800660746,241.941300389534
13.161081953978,0.000252611910998618,45.0048412312835
13.2821962050883,0.000120288089980792,131.038418696948
13.3629390391617,0.000252032249977394,103.338293822076
13.484053290272,0.000281195791774978,-32.9144808165294
13.6455389584189,0.000187421275242635,10.8054014986183
13.7262817924924,0.000133395365567833,2.70396885778247
13.8473960436027,0.000135485568795245,23.9620036262819
13.9281388776761,0.000123562492666424,83.9296500790331
14.0088817117496,0.000245919241091658,62.4644016356423
14.1299959628599,0.000147638042089452,-22.3585122409931
14.2107387969333,0.0001284923096376,186.98039157804
14.3318530480436,0.000271415630596455,-48.4335385953256
14.5337101332273,0.000360665816156929,213.763127198957
14.6951958013742,0.000205167112374933,-18.4244358639562
14.9777957206314,0.000289736991330052,-59.8758169624213
15.0585385547049,0.000198593630878426,38.8369378280892
15.2603956398886,0.000217135095724842,90.3565891586
15.3411384739621,0.000178896174480139,-36.7138850797134
15.4622527250724,0.000117312883648933,248.256454597696
15.5429955591458,0.0001909325232841,37.0426209716108
15.7044812272928,0.000198114324073494,34.007274824777
15.825595478403,0.00013932774486185,-83.295496169168
15.9063383124765,0.000217405720927651,125.036113031063
16.0274525635867,0.000240655178182026,-11.7386771296873
16.2696810658072,0.000185853324890267,-68.5682102336164
16.3907953169174,0.00020943899614283,223.798846521815
16.5926524021011,0.000233035418670739,81.3693231532412
16.7137666532114,0.000177811774120993,226.508691040062
16.8752523213583,0.000474937478128792,121.395310155795
16.9559951554318,0.000138180137795935,229.572799025193
17.0771094065421,0.000310544558814231,157.987930048139
17.1578522406155,0.000197158472512043,13.2371814355175
17.238595074689,0.000220355857707911,71.2657508768567
17.3193379087625,0.000258185712430779,168.590334947746
17.400080742836,0.00010940081743424,107.088533026473
17.561566410983,0.000222440377192858,153.732735449898
17.6826806620932,0.000188889902439516,-76.6849986898823
17.7634234961667,0.000156330461064533,119.045555959665
17.8441663302402,0.0001521397872406,138.994579340852
17.9652805813504,0.000247597478440654,166.616491211771
18.0460234154239,0.000197186550626603,-32.3084249128201
18.1267662494974,0.000127861758706963,231.350772151715
18.2478805006076,0.000153299811144304,-13.1555232967698
18.4093661687546,0.000164646612082828,-87.7888930209444
18.5304804198648,0.000158276323051148,50.5316936611095
18.6112232539383,0.000127364961054848,-66.236036854289
18.7323375050485,0.000190892864257436,-50.5401297999301
18.8938231731955,0.000227724946976415,254.344745666737
19.0956802583792,0.000218683174696687,-63.3238067982107
19.2571659265261,0.000182512754885475,47.9901497746565
19.3782801776364,0.000121793428814055,222.474740442301
19.4590230117099,0.000179704567968676,235.046606075309
19.5397658457833,0.000106906596411649,71.0392066296052
19.7012515139303,0.000155725887927891,106.097808050804
19.7819943480038,0.000200693107710506,74.3840999090769
19.903108599114,0.00018552037365183,163.2189654952
20.1049656842977,0.000186394361351636,-36.7471189039728
20.226079935408,0.00014556680031328,32.9221602104646
20.3875656035549,0.000170697187184642,60.9586200115011
20.5894226887386,0.000206825894963589,70.3305925824432
20.6701655228121,0.000271074967377123,124.77513676846
20.7509083568856,0.000207435552950936,134.823094302235
20.9931368591061,0.000224723056017645,190.163452012885
21.1142511102163,0.000130815300947324,-59.5544418338277
21.1949939442898,0.000116694538542443,263.455807920984
21.2757367783633,0.000147126284995917,171.389274083729
21.477593863547,0.000210921816244392,25.755442715946
21.5583366976205,0.000178379121103869,-13.2107673078356
21.6390795316939,0.000226603822430158,250.082597568876
21.7198223657674,0.000180752964877212,246.421298287712
21.8409366168777,0.000326482330538828,-60.443486154828
21.9216794509511,0.000322715288969257,233.565869617876
22.0831651190981,0.000150571993099221,-46.4729458121419
22.2850222042818,0.000219292256807722,161.832435135788
22.4868792894655,0.000220693858276705,79.715073537384
22.567622123539,0.000237081842391797,226.514883759791
22.6483649576125,0.000117516567163919,52.9095247044585
22.7694792087227,0.000205420501849163,87.3593113878592
22.890593459833,0.000205825784084808,-69.4102831776478
23.1328219620534,0.000210024072666577,-78.7931916304648
23.2539362131636,0.00025536898371377,51.6559353813356
23.3750504642739,0.000172081380582571,-71.9857857719346
23.6172789664943,0.000243467788326493,38.0683772259409
23.7787646346413,0.00015795754894535,115.954048667096
23.8595074687148,7.96448655968554e-05,-57.4510896471731
24.0209931368618,0.000264920634701962,34.5822480778563
24.1017359709352,0.000101880280533843,214.715102310686
24.2228502220455,0.000190907619595674,237.960010648652
24.3843358901924,0.000311025794206313,199.093812929921
24.6265643924129,0.000258265296054831,120.597542629936
24.7073072264864,0.00012194428591724,104.57026718878
24.7880500605599,0.000128464385860623,199.376163995432
24.9091643116701,0.000223724350521466,0.0564388476599618
25.0706499798171,0.000271478033371545,-80.3447603383107
25.2725070650008,0.000263456324608189,229.26503179809
25.5954784012947,0.000306321881720088,92.1810916195363
25.6762212353682,0.000114526874887021,104.407797965021
25.8377069035152,0.00032254681982852,88.7106924949546
25.9588211546254,0.000156007231761275,201.879169769326
26.2010496568458,0.000217436479890047,-39.1903625844279
26.2817924909193,0.000173896340579783,162.224898087264
26.4029067420296,0.000399400592233261,5.96769920518254
26.5240209931398,0.000147549460401751,225.801258809081
26.6047638272133,0.000244549506138429,46.5934152278936
26.7662494953602,0.000149277802134466,198.957799292013
26.8469923294337,0.000211971161037343,-32.5234681963815
26.9277351635072,0.000209077430603693,30.9386137017896
27.0488494146174,0.000160552617937142,182.059115214391
27.1295922486909,0.000214075964052378,27.6260904464311
27.3314493338746,0.000380758744836872,57.170068252453
27.4929350020216,0.000176160241993614,91.2376028602542
27.6140492531318,0.000138627879153763,-8.87554903466543
27.6947920872053,0.000274619754065482,-20.808515271001
27.8562777553523,0.000119192259200074,130.840345016472
27.9773920064625,0.000127144554403723,-61.2812754932005
28.058134840536,0.000371612931862855,215.114473169283
28.1388776746095,0.000156186647406908,146.458411532442
28.3003633427564,0.000129663631694724,236.062447496412
28.4214775938667,0.000153399746196365,159.460533976861
28.5022204279402,0.000161137528075332,-65.0762935508905
28.5829632620136,9.89906344336456e-05,168.085891361619
28.6637060960871,0.00021303318260125,175.997137240562
28.8251917642341,0.00014445643649918,24.9805154927797
28.9059345983076,0.000362178597690865,-29.1978337616232
29.0270488494178,0.00023480946413318,197.295259949149
29.148163100528,0.000182975609265758,162.346754375515
29.2289059346015,0.000197702820402183,-83.3555267756821
29.309648768675,0.000144328515672748,213.144562934716
29.4307630197852,0.000180304406177302,49.1777254204872
29.5922486879322,0.000254083224334,36.3000890255603
29.7537343560792,0.000181053823751756,178.286839704153
29.8748486071894,0.000167460385718925,36.1178199587633
30.1170771094099,0.000110072772909025,15.9642661278961
30.1978199434833,0.000243118312223035,198.23407790361
30.3593056116303,0.000181632770756566,13.8369385040137
30.4400484457038,6.43978520888363e-05,175.00915103149
30.561162696814,0.000284831823447834,-20.8889933198651
30.6419055308875,0.000182684905049476,203.458712289265
30.7630197819977,0.000292948183430619,250.183783587073
30.8437626160712,0.000143488340370964,53.4724377213358
30.9648768671814,0.000194544805392858,-36.0524307720806
31.0456197012549,0.000228642593874105,211.552082378016
31.1667339523652,0.00012803874425382,30.1950884768444
31.2878482034754,0.000192675169399561,77.8167246689683
31.4493338716224,0.000240408861274574,-57.1061446203644
31.6511909568061,0.000312056831848054,69.7962363874331
31.8530480419898,0.000205856443610751,-8.91927932153455
31.9741622931,0.000162883880519685,201.764959461492
32.0952765442102,0.000205349669801426,258.587741056083
32.2163907953205,0.000202853322913115,88.2784302236266
32.3375050464307,0.000287506004245218,190.814128628393
32.4182478805042,0.000213119500338914,-13.2086261302886
32.4989907145777,0.000192136009443607,52.9103959344805
32.5797335486511,0.000310100160831027,260.656800614718
32.7008477997614,0.0001176846519106,142.248117772616
32.8623334679083,5.31940934986987e-05,137.416896342794
32.9834477190186,0.00015201630684974,-21.0809205228043
33.1045619701288,0.000214009445930267,190.446270023496
33.1853048042023,0.00014695979111469,210.088323271857
33.2660476382758,0.000132825979522145,81.4761824826654
33.3467904723493,0.000128250574184093,137.963229286657
33.4275333064227,0.000123753927218079,-85.5350884611672
33.6293903916064,0.000278456053956599,-60.5725526528037
33.7101332256799,0.000116537646276449,112.257372160415
33.7908760597534,0.000105186170890643,-29.643635591767
33.8716188938269,0.000244451037618421,45.7993368855681
33.9927331449371,0.000250703491751773,-87.877211003964
34.1138473960474,0.000132591527454901,87.3830749604099
34.2753330641943,0.000129310842797249,158.760952485884
34.3560758982678,0.000153440651839254,174.851403385645
34.477190149378,0.000163041681709906,259.536289140143
34.638675817525,0.000133204432663026,148.558036853221
34.7194186515985,0.000191235512505372,176.651046714183
34.8405329027087,0.00023774022215913,119.77088791703
34.9212757367822,0.000162185090486383,120.692170233506
35.0423899878924,0.000199325825802198,130.724529907158
35.1635042390027,7.73091995363292e-05,172.097074851862
35.2442470730761,8.18329833756526e-05,-14.3383061941876
35.4461041582599,0.000125612612097429,185.46676528437
35.5268469923333,0.000143828688130467,-14.9996839073535
35.6479612434436,0.000168396067122478,99.5977559709151
35.7287040775171,0.000167394347314711,126.714712819901
35.8094469115905,0.000148556845398681,156.838201879746
35.890189745664,6.68545356776709e-05,107.260194345596
35.9709325797375,0.000231505991024257,82.4504191871444
36.0920468308477,0.000171741136852539,259.657413299474
36.213161081958,9.677803958742e-05,7.8354403178726
36.3342753330682,0.000221851825994675,-63.2290017092585
36.4150181671417,0.00018204313384827,-77.6093411064178
36.4957610012152,0.000223078566902051,-39.8126353583034
36.5765038352886,0.00023509849993722,-30.745575771059
36.6572466693621,0.000235237781698216,242.759258579421
36.8187323375091,0.000197138025713077,-30.9780508330055
36.8994751715826,0.000157599560078586,128.56272776709
36.9802180056561,0.000120264899517889,-20.3719086265245
37.0609608397296,0.000199165741974929,-36.7287124645532
37.141703673803,0.000101401250187321,131.862600538391
37.2224465078765,0.000105470062927905,57.0645680581182
37.30318934195,0.000102851861459025,-82.9464544604055
37.4243035930602,0.000207631193308329,261.838111476581
37.5050464271337,0.0003488405017366,45.0864164526088
37.6665320952807,0.000195338360012005,-85.509633589241
37.7472749293542,0.000214466116578626,-54.3419193357844
37.8280177634277,0.00016710870195608,-9.62385174156609
37.9491320145379,0.000171150757039026,-73.3452457022591
38.1913605167583,0.000274148220110803,247.775756855271
38.3124747678686,0.000191260420260459,17.1385691871241
38.4739604360155,0.000293481573782314,195.83201010882
38.5950746871258,0.000456864308099086,-49.3146950017509
38.716188938236,0.000167557789897061,-39.2968899151934
38.8373031893462,0.000241970572311184,160.439799802245
39.0391602745299,0.000282972411401001,146.251787480967
39.1199031086034,0.000301323249553626,75.8786292716664
39.2813887767504,0.000216947822521945,37.9952873400428
39.3621316108239,0.000122561081863858,18.837931464009
39.4428744448974,0.000158439427964941,-74.2634452771475
39.5639886960076,0.000133050828905601,263.936538294549
39.6447315300811,0.000171099627094098,-26.3859557417827
39.7658457811913,0.000258549161209469,256.114019705068
39.8465886152648,0.000262229171537494,251.953489162749
39.9273314493383,0.00031822018239885,-73.4665773619061
40.129188534522,0.000223626367350737,183.057958161377
40.290674202669,0.000201823481230593,159.752454188577
40.4117884537792,0.000148627596277522,112.948942950012
40.5329027048894,0.000181779938723409,157.253664989171
40.6540169559996,0.00013892497630893,51.6212036335681
40.7347597900731,0.000183743630746568,117.678999167158
40.9366168752568,0.000235054532162643,-22.1134185460169
41.0981025434038,0.000235286006076265,-85.8774864128114
41.2595882115508,0.000206560894402479,165.162047213595
41.380702462661,0.000133971777818664,153.566552503071
41.542188130808,0.000238839802645754,201.690727012753
41.6229309648815,0.000171911960396314,28.1506229275865
41.7440452159917,0.000159329015856067,201.361792502126
42.0266451352489,0.000161601882319485,-45.6451211132428
42.1073879693224,0.000162108920493577,228.734849382389
42.1881308033959,0.00036020958976714,-10.1061155303373
42.2688736374693,0.000104425222881915,147.580641786456
42.4303593056163,0.000189983010310817,1.21150411612216
42.5514735567265,0.00016709092184567,168.390554937238
42.6322163908,0.000181175279048506,208.353027126969
42.7129592248735,0.000225372320147752,-36.5875586810093
42.9551877270939,0.00019548273638432,269.783039364227
43.1166733952409,0.000186878267489428,187.098216366955
43.2377876463512,6.29631954400131e-05,194.859443661474
43.3185304804246,5.4963101434832e-05,130.453118813066
43.4396447315349,0.000150379497646696,198.823061120462
43.5607589826451,0.000263586911882276,87.5831510471671
43.6415018167186,0.000291248062691388,259.313245067162
43.7626160678288,0.000241488696893659,27.633128104366
43.8433589019023,0.00022580919217502,246.297149633241
43.9241017359758,0.000162800305793398,256.627183191941
44.045215987086,0.000165075160447629,-44.8946901290521
44.1259588211595,0.0001557225603456,150.069710284964
44.2874444893065,0.000204814861715617,19.4408234023472
44.4893015744902,0.000188592641984813,61.08430020544
44.5700444085636,0.000129253242883236,126.581591435813
44.6911586596739,9.67941485058397e-05,214.309924717831
44.8122729107841,0.000168104664057644,224.735897521406
44.8930157448576,0.000226711894108804,-18.8813743245906
45.0141299959678,0.000171746823363715,172.015042912139
45.0948728300413,0.000194878130210026,112.738896087363
45.1756156641148,0.000118838011295536,-72.5562714652969
45.3774727492985,0.000269741253522128,248.066858242381
45.4985870004087,8.65327592885038e-05,12.5768952462751
45.5793298344822,0.000157164326304664,7.6120547787697
45.7004440855924,0.000136480936478872,-20.4461566959922
45.7811869196659,0.000133498444974755,176.235496191002
45.9426725878129,0.000196119387291004,-20.8202971475496
46.0234154218864,0.000130736261533563,132.700686621419
46.1041582559599,0.000178949089241517,141.844295106933
46.1849010900333,0.00026949799196343,-49.0382990224821
46.2656439241068,0.00018464147000705,112.953277678307
46.4271295922538,0.000202493269644972,-57.5130046734994
46.5886152604008,0.00025369646103597,140.178546690408
46.6693580944743,0.000132392879586772,66.0649547515137
46.7501009285477,0.000247152146187803,167.667361122693
46.8308437626212,0.000237005544610463,88.6308398161996
47.0730722648417,0.000203835530783433,45.9959368615747
47.1941865159519,0.000283116803972492,118.031763634128
47.2749293500254,0.000178364390660234,-6.75169885949198
47.4767864352091,0.000212163804941896,102.297552067592
47.5979006863193,0.000216407498998933,236.915707161949
47.6786435203928,0.000209036904363629,163.850748354954
47.799757771503,0.000156982795864838,18.0312495238396
47.8805006055765,8.25479943027256e-05,177.758464518596
48.0016148566868,0.000293757405239183,-5.07297242029419
48.122729107797,0.000224979354288023,228.497941960473
48.2034719418705,0.000327538825572969,-45.0559787203333
48.3245861929807,0.000140216163169365,75.6196811162442
48.4457004440909,0.000187643953902318,187.610299277137
48.5668146952012,0.000249705702684726,-5.72843449204689
48.6879289463114,0.000345583473077531,186.301306077404
48.7686717803849,0.000173359240464031,-76.2360320221146
48.9301574485318,0.000294971635440938,246.632375411493
49.0109002826053,0.000210403323102736,153.141669938684
49.0916431166788,0.000234993473179106,-28.6621703280126
49.212757367789,0.000252478611311647,31.4070942330256
49.3338716188993,0.00021296569658614,-62.3260741178509
49.4146144529727,0.000147324977915092,31.1869835398261
49.535728704083,0.0002013654007044,-54.6515518219311
49.6972143722299,0.000131066462221734,260.999723383737
49.8587000403769,0.000318363299613186,177.730169843797
49.9394428744504,0.00020220068914281,36.652106810847
50.0605571255606,0.000183137836287301,252.854862507571
50.1412999596341,0.000254545541714488,207.720204015234
50.3027856277811,0.000212331645687366,-16.4662162867861
50.5046427129648,0.000414239810460981,151.643228058427
50.625756964075,0.000189585992628588,43.7491260567652
50.7468712151852,0.000249347210189285,137.090793486914
50.9083568833322,0.000158974271025702,143.760334053814
51.1505853855527,0.00035680824498692,-60.3881304460022
51.2313282196261,0.000154221684902971,151.501943224721
51.3928138877731,0.000151425091219932,197.696481170271
51.4735567218466,0.000279772900515853,184.895188421612
51.5946709729568,0.00023584480404846,133.91136472284
51.7965280581405,0.000172946467940837,92.9992277797729
51.9176423092508,0.000178571869089102,-51.8140616600757
51.9983851433243,0.000199612187467011,164.795384239778
52.0791279773977,0.000127192849491805,251.497976831028
52.200242228508,0.000342633785380687,37.4574931497265
52.2809850625815,0.000288371659474825,35.6024203860912
52.4828421477652,0.000228950446913009,-32.1801915450244
52.5635849818387,9.2716454597381e-05,-51.1088315835262
52.6846992329489,0.000192130920800266,56.812484115932
52.7654420670224,0.000152103703214706,220.782018309111
52.9672991522061,0.000171275822401066,212.659783102013
53.0884134033163,0.000163404639630938,101.913071447061
53.3306419055368,0.000231247680848341,-36.9784435966061
53.5728704077572,0.000302121026593866,254.804528180418
53.6939846588674,9.16445658717202e-05,66.2471744256344
53.8150989099777,0.000304680892193376,139.888674374912
53.9765845781246,0.000161224813216026,173.133929934252
54.0573274121981,0.000148607818711559,187.039969676888
54.1784416633083,0.000188820434608084,50.629010504039
54.3399273314553,0.000187936827041437,227.698233440437
54.4610415825655,0.000111651006834337,262.867355322239
54.541784416639,0.000202892950869446,-50.030496176532
54.6628986677493,0.000205478210989003,-56.7617161523204
54.7436415018228,0.000188235778750765,8.07700932728973
54.8243843358962,0.000270862426105125,151.832288324795
54.9051271699697,0.000184265301514109,-1.91220413787572
55.1473556721902,0.000237175010452435,29.3014534004346
55.2280985062636,0.000218853160123271,235.121925120498
55.3895841744106,0.000283019466236608,30.6181622574167
55.4703270084841,0.000212116438145855,216.5188337552
55.5914412595943,0.000301598714172692,126.286511873773
55.7125555107046,0.000254780326513776,6.31811806735496
55.7932983447781,8.05077802978077e-05,86.0352414745744
55.8740411788515,0.000193616305055725,234.451080318554
56.0355268469985,0.000154301603531183,-8.33788101852461
56.116269681072,0.000174550065993617,192.859415188911
56.1970125151455,0.000176824472813118,216.867253529467
56.277755349219,0.000226483083373175,226.889347083552
56.4392410173659,0.00023006770444084,-34.5772362365369
56.5199838514394,0.000250517592914553,124.496493581084
56.6410981025496,0.000208219222074253,111.754056886107
56.7218409366231,0.000269208741259006,118.307926593808
56.8833266047701,0.000291436306097076,29.3363406548299
57.0044408558803,0.000307931844336551,243.641011198973
57.1255551069905,0.000166913959742578,-38.4481738444537
57.206297941064,0.000123478929717232,99.9387341063607
57.2870407751375,0.000181599976838682,47.1588455352731
57.367783609211,0.000122440100065035,42.5025407047423
57.4485264432845,5.97474745107472e-05,129.038079098733
57.529269277358,0.000116133006133162,87.3196547817104
57.6503835284682,0.000179097247576107,-3.00050641417906
57.8118691966152,0.000248420673740906,225.766959075704
57.9733548647621,7.84542617810432e-05,185.97790321201
58.0944691158724,0.000218014294675415,216.980319089173
58.2155833669826,0.000170547420356693,69.0898221271628
58.3770690351296,0.00016451994419638,105.395910438151
58.457811869203,0.000305552721006008,97.0775002312988
58.5789261203133,0.000143187080157958,56.2326581177953
58.6596689543868,7.25228873989218e-05,122.936847014886
58.8211546225337,0.000160882903080139,8.43946901340227
58.9826402906807,0.000128875717669901,77.7962047563408
59.0633831247542,0.000107428184679782,223.740316825097
59.2248687929012,0.000215632660538617,-21.3229684000778
59.4267258780849,8.17151771162157e-05,58.8914143100185
59.5478401291951,0.000165816312197326,73.8463927210237
59.7496972143788,0.000113330909772828,-34.2991057541697
59.9919257165993,0.000224749507097989,-37.6380564907849
60.193782801783,0.000243813301364647,186.672441094615
60.3552684699299,0.000247794925458254,253.443639607379
60.5167541380769,0.000270625030947453,249.612037112082
60.5974969721504,0.000254211303843639,66.4334675116259
60.6782398062239,0.000156424138461795,221.563730706019
60.7993540573341,0.000128108828360553,91.0877057623474
61.0012111425178,0.000263406621888558,-61.1037612788005
61.1626968106648,8.23833089065621e-05,201.572914105761
61.2434396447383,0.00017411990654453,111.55397950598
61.3241824788118,0.000126917597984494,-17.5731465019645
61.4049253128852,0.00017213617197209,99.5094321474122
61.6471538151057,0.000266292055988995,47.6080500852561
61.7278966491792,0.000244051013717897,9.72936669980517
61.8086394832527,0.000156342884152548,29.845897585425
61.8893823173262,0.000130966012621557,224.234146243184
61.9701251513996,0.000157993474703962,257.761314775509
62.1719822365834,9.65488242524713e-05,99.5015821677787
62.2930964876936,0.0001599122280988,-71.0003545439617
62.3738393217671,0.000107618056489514,97.3810362104482
62.535324989914,0.000205064811536142,-66.6974089461355
62.6160678239875,0.000217688601018259,71.6813430583873
62.7775534921345,0.000326948478071478,35.439524509709
63.0601534113917,0.000155674589147757,119.319625233173
63.2620104965754,0.000195292013069226,173.110527147385
63.3831247476856,0.000175342606606397,-41.2557330716367
63.4638675817591,0.000114596331357009,-36.1091466807431
63.5849818328693,0.000280948950338557,126.720382083683
63.7868389180531,0.000316229251591731,-2.61989738424882
63.9483245862,0.000251487067582955,-3.02311618629112
64.0694388373102,0.000249521411159643,168.99111899045
64.271295922494,0.00025188821215462,61.1360393101859
64.3520387565674,0.000155127818861201,-45.9461205214955
64.4731530076777,0.000148285913210407,193.663418803799
64.5538958417512,0.000210614596219453,130.428759336244
64.6346386758246,0.00019303921563883,1.45620434691776
64.7153815098981,0.000238527144247041,36.5704631125299
64.9172385950818,0.000174087244894522,-6.21514835343446
65.0383528461921,0.000116282711838185,263.999928006744
65.1594670973023,0.00018581678030967,250.74285915655
65.2805813484125,0.000372359034643913,262.678497968055
65.361324182486,0.000132041354800158,154.578752041914
65.4420670165595,6.63610493161489e-05,252.33532918349
65.522809850633,9.00421807245109e-05,69.3092878034939
65.6439241017432,0.000226135782529592,34.6502999845432
65.7650383528534,0.000263179007263859,184.720740039868
66.0072668550739,0.000336559334624985,-26.603167342781
66.0880096891474,0.000106957154189916,250.910993415504
66.2898667743311,0.000150511999733015,44.8191400941746
66.4513524424781,0.000266353943841459,133.255294202371
66.5724666935883,0.000121255899486673,247.741468806133
66.6935809446985,0.000173383514477958,-24.9827742908122
66.774323778772,0.000317692182956051,21.63247355059
66.8550666128455,0.000290438239372185,61.0582656174491
67.0165522809924,0.000284893320370408,13.1573630734896
67.1376665321027,0.000130233744623897,-39.3072309783033
67.2587807832129,0.000334941415627964,99.8689933715574
67.4606378683966,0.00026438587710637,-1.39279554420639
67.5817521195068,0.000249400988265089,141.253245525562
67.6624949535803,0.000199883793079064,-88.2622658322013
67.7432377876538,0.000244229524094748,257.379810382261
67.864352038764,0.000148054446138539,44.4094315878758
68.025837706911,0.000292933227332374,5.33907385098176
68.187323375058,0.000197588793962771,222.631404584567
68.3084376261682,0.000186163830964129,-64.5937097025723
68.3891804602417,0.00020482484957701,255.309070921225
68.5102947113519,0.000247367431408594,165.977006090339
68.6717803794989,0.000216885173915994,57.3198101121079
68.7928946306091,0.000253890579433217,202.598166042927
68.9543802987561,0.000191198834777919,147.116412447884
69.0754945498663,0.000233907560837285,186.909028017692
69.1966088009765,0.000169552548057302,96.5927269799683
69.27735163505,0.000166888792054601,264.297979403407
69.3984658861603,0.000259377044799205,-86.1276737271853
69.4792087202337,0.000195695539974164,266.778774505936
69.600322971344,0.000130719045452326,-78.5898337061595
69.6810658054174,0.000157923274628804,221.885375354504
69.7618086394909,0.00016031016764727,13.4153644242198
69.9232943076379,0.00021634119248762,69.3842579991535
70.0847799757849,0.000140932386180295,39.9438213521968
70.2058942268951,0.000157064556320867,-19.5728195539292
70.2866370609686,0.000189348820483034,171.96647329547
70.4884941461523,0.000272584470988723,-47.1358880678272
70.5692369802258,0.00031901841599764,181.272787093978
70.7307226483727,0.000259766238814336,209.30470487622
70.8114654824462,0.000211017087643968,193.446406904786
70.8922083165197,0.000236037486625399,-65.8565177787772
70.9729511505932,0.000166329322119303,249.375934763001
71.0536939846667,0.000148350832874199,77.595941293946
71.1344368187402,0.000198834997199216,20.0905014110617
71.2959224868872,0.000142207185959707,-69.8383873437909
71.3766653209606,0.000289555541628154,190.589748995032
71.4574081550341,0.000253286885801161,220.958216824915
71.5785224061443,0.000255283031785212,245.740034263416
71.780379491328,0.000288598219672517,-83.2818730231583
71.9822365765118,0.000231552921483281,-13.4816955974931
72.103350827622,0.000177973588131083,200.706652731421
72.1840936616955,0.000299532267822974,20.3453832165657
72.3455793298425,0.000162333412987588,203.815923459478
72.4263221639159,0.000115152633571385,-66.2866252854285
72.5878078320629,0.000161649128107623,216.637054956022
72.7089220831731,0.000248270474603644,-47.8098126718671
72.8300363342834,0.000233255250485125,72.6434377178893
72.9511505853936,0.000445476589314422,142.756642986913
73.0722648365038,0.00021539137357761,-75.221220482141
73.2337505046508,0.000202240786562049,126.328823994614
73.354864755761,0.000179939971702299,10.4703221728659
73.4759790068712,0.000197898090001157,-75.6434795159575
73.5970932579815,0.000196745473256913,265.919845954359
73.6778360920549,0.000212334901341558,17.2359893421058
73.8393217602019,0.000207918169286798,227.773562978341
74.0008074283489,0.000166218045209818,-66.8500298423624
74.1219216794591,0.000117888545589639,92.0920554904283
74.2430359305693,0.000137121296529474,-72.6650098691025
74.3641501816796,0.000160279896701764,77.6117532906006
74.4852644327898,0.00023490937602321,-78.7028037714078
74.6063786839,0.000182718432085744,250.319822326477
74.8486071861205,0.000262893247464906,187.18038201192
74.9697214372307,0.000209664588490119,-66.7430988532967
75.1715785224144,0.000220122393316536,227.202663641416
75.3330641905614,0.00018094018515623,191.575502820952
75.4541784416716,0.000104992737625916,81.0626990216936
75.5349212757451,0.000160214226709156,-43.7852800034156
75.6156641098186,0.000145976012883748,56.7462579628388
75.7771497779655,0.000162804060860613,-25.7466843465552
75.8982640290758,0.000274826467592371,209.290480162704
75.9790068631493,0.000184949943053223,77.5283305420954
76.1001211142595,0.000178571775504974,46.7352372783896
76.2212353653697,0.000165279658448594,-75.6763434181651
76.34234961648,0.000305123473073241,188.986277412415
76.4634638675902,0.000225213378311469,95.9299499569488
76.7056923698106,0.000260625027018975,73.8418725151644
76.8671780379576,0.000168453468484808,243.083354490448
76.9479208720311,0.000436742415183993,136.213844477439
77.0690351231413,0.000340710727443117,198.975962303908
77.1901493742515,0.00016584012280634,149.680965926568
77.270892208325,0.000219505488565071,207.80124985019
77.3516350423985,0.000208742218793303,119.915330942322
77.4727492935087,0.000236145031891222,232.569771886108
77.593863544619,0.000288126341480916,240.76862207731
77.7553492127659,0.000227018462485385,239.688790534327
77.8360920468394,0.000214265109118057,-20.2542106132287
78.0379491320231,0.000222516455387142,165.888568637538
78.2398062172068,7.49035576466184e-05,130.0093758978
78.3205490512803,0.000113925909368341,106.024452590556
78.4820347194273,0.00013777081789502,155.523765767904
78.5627775535008,0.000175019569628164,132.258422954453
78.683891804611,0.000225572809599703,139.568010852308
78.7646346386845,0.00020316200515323,203.236669375457
78.845377472758,0.00019794397451284,169.914582604961
79.006863140905,0.000255958680878676,254.214461898718
79.1683488090519,0.000198185211703934,63.5002100930608
79.2894630601621,0.000260478561335436,-80.7715225637401
79.4105773112724,0.000120862726398228,180.834376212456
79.4913201453459,0.00033398632680117,-15.9104677853858
79.6124343964561,0.000164905215158743,243.440744970956
79.6931772305296,0.000209339771812411,-20.8508912156365
79.8142914816398,0.000155125455707932,90.7929091728741
79.8950343157133,0.000245766631074218,-6.02603469446247
80.0161485668235,0.000228091011801855,-10.5962428480458
80.1372628179337,0.000342224740169965,-78.7797558305166
80.2180056520072,0.000190112173503474,87.9960411728979
80.4198627371909,0.000203725646750219,63.1257582028629
80.5006055712644,0.00012539760050418,77.8837118030008
80.5813484053379,0.000128942624190898,156.544361864517
80.7428340734849,0.000311580266890443,173.667489071862
80.9043197416318,9.04541770163782e-05,81.0156305977537
81.0254339927421,7.68717008033218e-05,39.969514999206
81.186919660889,0.00034704479998024,108.406122872494
81.348405329036,0.000190430430536388,194.743195849357
81.4695195801462,0.000154545284290172,-56.7407585890638
81.6310052482932,0.000264659848447662,-58.7940441479836
81.7521194994034,0.000152133868366151,69.1896784931402
81.9539765845871,0.000125552983924114,71.0334688509344
82.1154622527341,0.000107974973136249,210.04725603032
82.2365765038443,0.000232861997941916,115.227487051706
82.3980621719913,0.000135108507293908,31.0229224085106
82.4788050060648,0.000180463464075043,34.5719228870168
82.5595478401383,0.000214062925739355,183.513572911072
82.6806620912485,0.000173390031473686,34.8066917921021
82.761404925322,0.000245474801465251,154.275605418357
82.8825191764322,0.00017375398825632,169.129686362865
82.9632620105057,0.000195640336974533,208.010470452433
83.0843762616159,0.000237295359017567,52.5856749820752
83.1651190956894,9.30691989785557e-05,19.4170478301375
83.2862333467996,0.000176790575377666,247.244105580102
83.3669761808731,0.000263931470064426,224.312661906621
83.4880904319834,0.00023106740188862,256.763230876954
83.6092046830936,0.000158338139703197,190.079774980855
83.6899475171671,0.000181419983070832,-48.8671701489809
83.7706903512406,0.000236847220078685,-38.1465535427342
83.8514331853141,0.000168544653125504,91.4325002425977
83.9725474364243,0.000211354261690597,194.530779139139
84.0936616875345,0.000213992973490102,212.611644025249
84.174404521608,0.000136199813449241,117.130986062389
84.3358901897549,0.000178481166070816,-64.3518423514318
84.4166330238284,0.000186794041544846,124.293773106237
84.5377472749387,0.000253609169257252,142.789561692952
84.6992329430856,0.000171661471592304,145.198934339628
84.8203471941959,0.000248313384152961,-87.6688353713071
84.9010900282694,0.000309151634276682,50.119730875892
85.0625756964163,0.000306426850478184,34.3578379825565
85.1836899475265,0.000298674175456105,-26.2867294272185
85.3451756156735,0.000124290935712707,-12.3911091549315
85.4662898667837,0.000318333162766126,248.842877653929
85.587404117894,8.12097381654292e-05,-34.5614087865474
85.6681469519675,0.000198658043564741,-21.5643008987543
85.9103754541879,0.000230608174568421,129.363544235615
86.0314897052981,0.000139359766351174,41.065951363311
86.1122325393716,0.000230845589335593,-23.4525496543035
86.2737182075186,0.0002057568816391,255.016373665721
86.3544610415921,0.000225632958809222,268.156349521003
86.4352038756656,0.000258776589750649,179.923745314406
86.5966895438125,0.000155284905575968,80.2696988813018
86.7985466289962,0.000184772558451134,156.504420098237
86.9196608801065,0.000220795997963767,62.9204541127631
87.00040371418,0.000221727861396313,86.7880142065389
87.1215179652902,0.000308373517872811,235.653328827146
87.2022607993637,0.000110774732620026,228.095888720407
87.2830036334371,0.000111598179980386,-70.5149217750053
87.4444893015841,0.000260322105045037,91.0990587218976
87.6463463867678,8.11762285423879e-05,179.688372240208
87.7270892208413,0.000125387867449282,252.582226947909
87.8482034719515,0.000180649121799069,153.95839748598
87.928946306025,0.000138984481014072,29.5426872096864
88.0096891400985,0.000135865779713193,213.161921317419
88.090431974172,0.000124571638239835,10.136792046275
88.1711748082455,0.000170729497496734,220.131808715069
88.251917642319,0.000151616463005779,-25.3440302841557
88.3730318934292,0.000173409786133472,-10.7323903175372
88.4537747275027,0.000233067804951311,216.259815531574
88.6152603956496,0.000170532850898133,255.330174526216
88.7363746467599,0.000195072682001252,91.6145372308019
88.8171174808333,0.000183479909090339,256.878172082449
89.0997174000906,0.000196708117682284,145.930367920401
89.3015744852743,0.000251332795046184,232.075323038974
89.4226887363845,0.000238476722651057,78.3279170017412
89.5438029874947,0.000261970555389813,230.287810539898
89.7052886556417,0.00023619801540532,97.0324829262065
89.7860314897152,0.000222149733946115,197.206735818901
89.9475171578622,0.000227792795684868,232.997566018347
90.0686314089724,0.000284377245077206,53.5314175240442
90.1897456600826,5.81948744566558e-05,165.629711570529
90.3108599111928,0.00018646043163486,44.7847106792432
90.4319741623031,0.000236779537804784,150.41149358253
90.59345983045,0.000191350592018727,-9.22288276174889
90.754945498597,0.000180299846165139,98.4464312029531
90.8356883326705,0.000224411602257472,185.022552843832
90.916431166744,0.000127054170379897,218.079881299711
91.0779168348909,0.000103756132534466,-73.5114027889422
91.1586596689644,0.000187803261956493,118.857059466668
91.3605167541481,0.000206272237614689,155.102394711271
91.4816310052584,0.000284303423304865,146.405709653331
91.6027452563686,0.000156601381998209,-14.7940289240043
91.7238595074788,0.000136450393060983,197.387854500824
91.844973758589,0.000126017587166627,252.945162032572
92.006459426736,0.000275564603339837,-61.3894884250806
92.1275736778462,0.000204484702949543,228.667576390228
92.4101735971035,0.000147634418583838,180.192388670234
92.5716592652504,0.000288255102864108,116.181105642489
92.6927735163606,0.00022661478678775,-45.155977296792
92.8138877674709,0.000100991106533311,101.215236212752
92.8946306015443,0.000187966540159886,40.9262300285564
92.9753734356178,0.000172394010081259,139.830476685994
93.0561162696913,0.000160005117014297,234.678839248063
93.2176019378383,0.000208544371015211,170.747523232351
93.2983447719118,0.000297438444073683,74.4965822581386
93.5002018570955,0.000267381878371768,198.864110794153
93.6213161082057,0.000237867287234593,203.897056711093
93.7020589422792,0.000304399553705832,-66.1787173478313
93.8635446104262,0.000144678324495119,163.811730519379
93.9442874444997,0.000159552531518964,126.042960732382
94.1057731126466,0.000246150170546921,50.8907442597922
94.1865159467201,0.000166994064888827,-13.7000476208908
94.2672587807936,0.000103118536076601,244.796098796532
94.3883730319038,0.000128098040676755,-68.0106739412636
94.5094872830141,9.3607749818549e-05,-64.324537447646
94.5902301170875,0.000203005033611059,210.044167501995
94.670972951161,0.000286906014685754,224.29542163085
94.8728300363447,0.000194948845394265,102.557723956706
95.0746871215284,0.000213138689427443,268.980396733928
95.1554299556019,0.000135602258867542,60.5256804808312
95.2765442067121,8.54617197830567e-05,2.14798694414071
95.3976584578224,8.58202783338303e-05,61.5378826573361
95.5187727089326,0.000189888645837028,-86.2835373274396
95.6398869600428,0.000177312808750429,-58.3924360500934
95.8821154622633,0.000200678388052984,107.268129826576
96.0032297133735,0.000175018057333178,189.168435951064
96.083972547447,0.000210815648086278,173.43131476619
96.1647153815205,0.000157111349545009,194.304634021815
96.3665724667042,0.000192305494326856,-12.730122550117
96.4876867178144,0.000144168358820995,56.7458463310489
96.6088009689247,0.000200870031270374,33.0625690741227
96.7299152200349,0.000247835801022715,-44.9420811215071
96.8510294711451,0.00016178686548828,96.6322904447014
96.9317723052186,0.00016847539737092,-5.81629754893201
97.0528865563288,0.000197563021864158,116.63085634689
97.1336293904023,0.000106643506964442,90.9733715180946
97.2547436415125,0.000219797755672145,18.007974884833
97.335486475586,0.000206813646749352,100.214399556105
97.4566007266962,0.000127812260923546,256.356140953095
97.5777149778065,0.000119811919354524,157.15188647965
97.7392006459534,0.000230757906730864,-39.9520513112198
98.0621719822474,0.000148221025627559,208.453931688624
98.1429148163209,0.000111520897443412,-70.324901288331
98.2236576503944,0.000195240449036971,69.7879911634004
98.3851433185413,0.000274900732197603,150.129102651309
98.4658861526148,0.000315437058735478,58.9963870238544
98.5466289866883,0.000169144166218939,114.917451293802
98.6273718207618,0.000195288125218684,18.3850946139156
98.748486071872,0.000353359427879433,192.746531296753
98.8696003229822,0.000129726500529446,51.8421904025771
98.9503431570557,0.000233893729527204,-57.1603415364382
99.1522002422394,0.000131755963343444,-3.86465750936549
99.2329430763129,0.000188933955945838,175.886774170766
99.3540573274231,0.000107285500238789,-69.4421698401211
99.4348001614966,0.00021346483019879,117.667863911636
99.5559144126068,0.000215625407842042,70.6131827767085
99.7174000807538,7.99826403630938e-05,-37.22881149239
99.838514331864,5.94321784771121e-05,242.228192805675
99.9192571659375,0.000223365564306343,5.91357306616732
100.000000000011,0.000151946617535186,253.763272561863
100.080742834084,0.000186254292781069,172.397847638748
100.201857085195,0.000203286932615387,166.816524945662
100.282599919268,0.000108597602113133,103.778654412852
100.363342753342,0.000163893368302471,161.747206282569
100.444085587415,0.000194718433511431,6.05896461093505
100.565199838525,0.000197933769910799,-46.3171351488359
100.645942672599,0.000138406942001098,-78.6249057824333
100.767056923709,0.000179712028492801,224.754143133609
100.847799757783,0.00015598376456601,-21.3588194867305
101.049656842966,0.000172202616470223,233.502857758756
101.170771094077,0.000220341202569126,-7.18162253913317
101.291885345187,0.000285606451258555,176.198061205436
101.37262817926,0.000229305579272704,224.621104547938
101.49374243037,0.000168377210152293,-16.1173814059378
101.614856681481,0.000142566788063873,39.3212727328107
101.776342349628,9.32906099394371e-05,196.002712621719
101.897456600738,0.000189164357656188,88.4849831056527
101.978199434811,0.000188706586793199,23.0823127162132
102.139685102958,0.000201871092507117,33.407761162805
102.260799354069,0.000219241389922588,61.994424548114
102.381913605179,8.58726921657779e-05,-67.8677893552912
102.503027856289,0.000139518307523732,147.006153945322
102.583770690363,0.000128306569188675,146.664835709423
102.745256358509,0.000178306932135509,80.5272492619353
102.86637060962,0.00015257877623616,255.545127392984
102.947113443693,0.000156994921021204,116.665241041116
103.10859911184,0.000263048700796824,71.3837135285279
103.189341945914,0.000287046769525205,187.954759823073
103.270084779987,0.000253869528308614,-71.9171379797372
103.552684699244,0.000209770061859763,-45.2240226372392
103.633427533318,0.000267002068599774,-15.2020977477952
103.754541784428,0.000175305890435489,-77.5341941099495
103.835284618502,0.000264368651512744,3.37932329883436
103.996770286649,0.000240885368480015,114.019107087511
104.158255954795,0.000243026111104017,133.986040145471
104.238998788869,0.000218517267330942,126.106168011609
104.319741622942,0.000363650857506414,166.476328513434
104.481227291089,0.000206269431030932,128.583940269846
104.642712959236,0.000259226255442828,133.333562802793
104.72345579331,0.000262812471440999,237.837171306921
104.96568429553,9.12431103271354e-05,-23.6682679076719
105.086798546641,0.000239747406178497,237.212050529634
105.207912797751,0.000220102333858189,103.101333870668
105.329027048861,0.000222049946875487,-65.0599208825712
105.450141299971,0.00027297333978878,133.553522223695
105.651998385155,0.000182423715011561,171.717794025535
105.853855470339,0.000207504974924618,187.143484061528
105.974969721449,0.000256046576071974,178.307326045108
106.096083972559,0.000220798238002848,236.377163235803
106.297941057743,0.000313708524141304,51.1082293507899
106.419055308853,0.000239368001013355,143.434907900164
106.499798142927,0.000224804825264917,157.423444416813
106.580540977,0.00018743892841728,22.1183043293092
106.661283811074,0.000202535341385012,-75.0136726135893
106.742026645147,0.000194213385298488,131.594770917015
106.943883730331,0.000162321208302936,-67.1410618465143
107.024626564404,0.000280506291986568,5.62697775756109
107.105369398478,0.000211625571878514,212.477042362808
107.226483649588,0.00019733935358302,180.791391907149
107.347597900698,0.000289545632536389,-70.013733693886
107.468712151808,0.00037290916517382,120.597242591196
107.670569236992,0.000199884219490016,47.0709508898788
107.751312071066,0.000193758166632841,22.9840031344425
107.832054905139,0.000161691762349654,212.304896601455
107.993540573286,0.000252059458500568,187.400265200245
108.155026241433,0.000237405856112452,38.8891491812175
108.31651190958,0.000168455002051471,163.955778108468
108.397254743653,0.000117850314023448,3.8111438036068
108.518368994764,0.000225467786042221,-81.14630649269
108.599111828837,0.000120477594527329,141.200705787867
108.679854662911,0.000168792486085533,268.713407447835
108.760597496984,0.000102676654767444,235.951125093386
108.841340331058,0.000182576637139712,75.9056569743586
108.962454582168,0.000293646454917638,66.8197443590529
109.204683084388,0.000125028892107167,43.5932120506065
109.285425918462,0.000139663584028513,55.9636883264726
109.406540169572,0.00025724061038272,250.638359390781
109.487283003646,0.000239689448497186,-0.879812062231892
109.568025837719,0.000131903139328677,220.771731713105
109.810254339939,0.000218770966070267,189.185082740287
109.971740008086,0.000182833185257855,141.281917436975
110.092854259197,0.000109029127523409,160.601814635006
110.254339927344,0.000153099747564276,-78.896565231013
110.335082761417,0.00022314933105485,243.602455550218
110.496568429564,8.22736219747636e-05,242.17280737992
110.577311263638,0.000207425505200928,93.0453443567625
110.698425514748,0.000117967353326973,265.494744075935
110.819539765858,0.000125165965832719,22.9617845504523
110.940654016968,0.000212867169032821,187.393889899889
111.061768268078,0.000208667238060581,-78.6012851869886
111.142511102152,0.000166122108136719,177.98275749689
111.223253936225,0.000230228440473433,-4.44064567093474
111.303996770299,0.000198528372572596,34.8310586691154
111.425111021409,0.000144554426299699,-83.394527777646
111.505853855483,0.00017520006609324,13.0955178581314
111.586596689556,0.000155074821491149,90.119523233071
111.748082357703,0.000241250569456604,-13.2091048553487
111.828825191777,0.00023395072582023,72.7417346174566
112.03068227696,0.000199439552783463,-59.3249346363704
112.111425111034,0.000212368155465327,-0.717412743329149
112.192167945107,0.000134521374638393,209.308802294836
112.272910779181,0.000169491958119574,60.6193890986131
112.394025030291,0.000228244493960766,224.095195205457
112.474767864364,0.000143146646373392,122.50050936063
112.555510698438,0.000161609849775707,-76.5706458956543
112.636253532511,0.000235825341103756,77.4257614719681
112.716996366585,0.000376658853586854,234.787574907505
112.918853451769,0.000137461516758432,48.2433900003148
112.999596285842,0.000272137691584176,194.273974297851
113.120710536952,0.000152907678918422,226.566095327257
113.322567622136,0.000288367387788878,223.557934631687
113.40331045621,0.000130678369802652,21.094677022287
113.564796124356,0.000143249447348413,-32.9231400353199
113.726281792503,0.000129970814949589,84.7203072004817
113.807024626577,8.06784477403872e-05,8.31182558261848
113.928138877687,0.000267895649313195,-36.1521489131418
114.008881711761,0.000187881294494056,162.373920557376
114.129995962871,0.000217021289086409,91.7775691532614
114.210738796944,0.000287119475930938,198.757915109398
114.331853048055,0.000141648048344342,155.359259971954
114.412595882128,0.000200291245882532,250.315634345157
114.493338716202,0.000176488479335234,26.0421574549994
114.654824384349,0.000121587667600646,41.6988271485654
114.775938635459,0.000156639247851486,-88.106862231983
114.856681469532,0.0001679994511471,143.691149332003
115.098909971753,0.000141993681617772,172.154878212502
115.220024222863,0.000212822869776973,32.0196128817227
115.300767056936,0.000262808295335661,-74.7592007902086
115.421881308047,0.000319246313904198,27.3137766979225
115.542995559157,0.000215452308537013,5.10889558190064
115.664109810267,0.000180163374931516,105.77622302103
115.744852644341,0.000230355862756702,39.7520099065275
115.865966895451,0.000123565411340355,75.681495708097
115.987081146561,0.000177701359038313,29.9501219026079
116.229309648781,0.000200530856111217,13.086112876686
116.350423899892,0.00017356136005002,3.12697212535453
116.471538151002,0.000239352958076916,111.86011732459
116.592652402112,0.000211055059669291,-42.7537621077631
116.713766653222,0.000157927551213708,183.554962153579
116.875252321369,0.000239663103974908,173.634763785595
116.99636657248,0.000185454199136759,157.27756736828
117.11748082359,0.000220326896988832,139.007834983132
117.2385950747,0.000198662541411404,190.117227733876
117.35970932581,0.000167715814778962,196.491742266436
117.48082357692,0.000232878651360138,110.05323763477
117.723052079141,0.000126594291015291,39.1083735529178
117.803794913214,8.79818378660533e-05,182.132241202346
117.965280581361,0.000137814205688612,179.591035263259
118.046023415435,0.000271131195693529,89.0786289552177
118.247880500619,0.000298990131752378,147.107390618069
118.409366168766,0.000199031708122786,42.4606394258858
118.530480419876,0.000193982098067851,103.09287117378
118.611223253949,0.000227971211104727,-85.5236798140591
118.772708922096,0.000118798512953158,-73.7081519740543
119.014937424317,0.000262948541525096,-42.5532111696702
119.09568025839,0.000205885376905323,225.170593420387
119.2167945095,0.000182888180977386,104.406418727433
119.378280177647,0.000220822778036938,-86.1807142583985
119.499394428758,0.000140417852237534,126.342928822138
119.580137262831,0.000146990721792222,74.326690367641
119.660880096905,0.000219221964101831,-45.6366242096897
119.741622930978,0.000234747658623907,75.0553794869203
119.903108599125,0.000250371520654338,145.442062348289
119.983851433199,0.000201700382842469,80.3801439506082
120.064594267272,0.000194909878142558,-30.6919827800796
120.185708518382,0.000235531936157597,-22.4096508522613
120.306822769492,0.000108438776941602,174.892319373252
120.468308437639,0.000188828379630208,173.376787545254
120.629794105786,0.000284663313350326,160.929885725267
120.750908356897,0.000234183661527569,161.881791117335
120.83165119097,0.000215895287486696,154.195689451637
120.95276544208,0.00023474340466287,-6.76655359103353
121.033508276154,0.000164034820681367,104.656789725646
121.194993944301,0.000169678123331987,98.9688804446073
121.316108195411,0.000261187469320112,-77.0300679667188
121.396851029484,0.000236862311799803,157.814105001889
121.477593863558,0.000125721457179956,219.277539550865
121.558336697631,0.000127904186021114,-89.9195350018997
121.639079531705,0.000202073316410016,54.6376206205483
121.719822365778,0.000202449161879101,68.9338582623521
121.921679450962,0.000265629958863419,233.692001154873
122.002422285036,0.000284764069400506,269.630508499054
122.083165119109,0.000227756627895383,-43.8462253367413
122.163907953183,0.000120320683648462,-76.1896595182583
122.32539362133,0.000151415815202638,260.068546068689
122.44650787244,0.000277828611981148,58.1575171237721
122.527250706513,0.000169216514661999,57.3830736648675
122.648364957624,0.000147687519785547,12.5610245321281
122.729107791697,0.000219538686932619,184.962213637458
122.80985062577,7.2979659778533e-05,170.851136670354
122.930964876881,0.000344258310394432,36.6724260232371
123.132821962064,0.000368984789874046,169.506961475448
123.294307630211,0.000114202105285923,123.665894242764
123.375050464285,0.000176631622823053,-80.2111817235607
123.536536132432,0.000140248489227025,-46.8930663309109
123.698021800579,0.000175311515159885,177.989077560359
123.819136051689,0.000149897736063469,111.860902770841
123.940250302799,0.000209336071064708,253.714980549182
124.06136455391,0.000294699484850786,104.827712889101
124.222850222056,0.000301565351881095,167.721844154399
124.42470730724,0.000126151239087221,123.088509836
124.54582155835,0.000277773377689456,-87.8916768128728
124.707307226497,0.000132472524439031,108.562456911336
124.828421477608,0.000185890577398194,-33.0229315456268
124.949535728718,0.00023789869977691,-9.10892623442811
125.111021396865,0.00029132773130527,28.0895515719448
125.272507065012,0.000257283702251231,-57.9655475164922
125.353249899085,0.000112094668409687,41.6424526884187
125.433992733159,0.000175973228941203,155.636673138186
125.514735567232,0.000134772830442084,46.5679623966592
125.595478401306,0.00017421415491528,144.399887827866
125.676221235379,0.000172563258806267,169.891545619986
125.797335486489,0.000138686311696409,-43.3495405559436
125.9184497376,0.000166862483690825,11.1232029823308
125.999192571673,0.000209034584975774,103.867300115184
126.079935405747,0.000143319929846958,38.3142607787658
126.16067823982,0.000241813392097169,-21.6746630338241
126.241421073894,0.000142463724825819,4.31346973876956
126.322163907967,0.000118807694247322,-43.4938518941381
126.402906742041,7.86804744284276e-05,63.8994899473829
126.564392410188,0.000169800650096435,-7.76197129120713
126.685506661298,0.000146338284446141,157.96308696884
126.806620912408,0.00030669970191338,47.1367585269675
126.887363746481,0.000225766832086601,55.9644591477203
127.008477997592,0.000229043665204137,30.6722996173504
127.089220831665,0.000153856036469016,253.894424956622
127.169963665739,0.000259224661874059,264.595454649687
127.250706499812,0.000118863134389708,125.502002456679
127.371820750922,0.00014248089754503,15.6138183046492
127.492935002033,0.000193436168922943,55.0170481070002
127.65442067018,0.000141885542431644,53.7698408865313
127.735163504253,0.000225672162770484,151.655924399279
127.815906338327,0.000221025139053941,115.767601251908
128.01776342351,0.000342633545254915,173.988477675475
128.13887767462,0.000191206963501235,178.480624895012
128.219620508694,0.000111649662260518,-7.71438728018819
128.340734759804,0.000255667705554094,-25.106007273522
128.502220427951,0.000132836189284596,145.430533027016
128.623334679061,0.000206632759888732,197.3193905302
128.784820347208,0.000115079519480652,27.7812184437919
128.905934598319,0.000175805283715127,-27.4438263687132
129.148163100539,0.000241140551571491,143.099895002237
129.39039160276,0.000223029501180992,1.77656886647814
129.471134436833,0.000110722810413673,229.908294511562
129.551877270906,0.0003385510199707,-42.839525169256
129.672991522017,0.000155060272858532,190.000541883423
129.794105773127,0.000247697267074532,118.802332764505
129.915220024237,0.000242416885879073,152.896109234033
130.036334275347,0.000271388564470787,73.0343129955691
130.117077109421,0.000244488787549163,-22.0710939143226
130.197819943494,0.000204479887754484,-47.5758080572517
130.399677028678,0.000268581492359845,206.915695937428
130.520791279788,0.000175839075440886,71.3228371088486
130.641905530899,0.000222488177485081,223.305469552939
130.722648364972,6.26324262975485e-05,-18.2538700952527
130.884134033119,0.000221893222089346,174.831508928846
131.005248284229,0.000235252105658504,83.8330190110919
131.085991118303,0.00019039457456565,67.7794691967087
131.24747678645,0.000207870115186804,269.702560707937
131.36859103756,0.000200762319405966,74.5883986973732
131.48970528867,0.00032214789418912,-67.4106023386002
131.570448122744,0.000275650456172235,-72.6834876405725
131.731933790891,0.000297845523674659,179.865629192631
131.893419459038,0.000132451333728189,58.6750932736574
132.014533710148,0.000201936053279811,244.762840993975
132.176019378295,0.000133249470770776,113.651739922082
132.256762212368,0.000164714142712933,92.430174180288
132.377876463478,0.000245681948152962,188.828649167522
132.458619297552,0.000195854748318279,44.7675171195475
132.620104965699,0.000190916017144839,219.040993477576
132.700847799772,0.000163898617076987,73.0072561130813
132.781590633846,0.00018797783075892,103.86676085037
132.902704884956,0.000262514964186697,190.061460572193
133.023819136066,0.000239620238439342,-21.2696009101711
133.144933387177,0.000170824840118752,173.552476308652
133.266047638287,0.000177616458772868,30.105481377952
133.34679047236,0.000208055718197167,199.354403556353
133.427533306434,0.000158185532289295,-16.9421593237656
133.508276140507,0.000169357624142552,-66.8519093906202
133.629390391617,8.97952046527365e-05,99.6809246934377
133.871618893838,0.000213880271363311,120.958799062168
133.952361727911,0.000144482281840204,202.757700285413
134.033104561985,0.000205324279629452,48.0587242714004
134.113847396058,0.000253011453625971,92.1251437827998
134.234961647169,0.000180568790915861,-73.8164686378901
134.396447315316,0.000150447698898557,-7.37077687454507
134.477190149389,0.000188351231506083,51.7616128456865
134.598304400499,0.000332109834047154,118.274942395931
134.679047234573,0.000193061579974128,-45.6794839052778
134.759790068646,0.000179810185945034,16.7692139900229
134.880904319756,0.000316031508100211,188.587987125283
134.96164715383,0.00022120495200017,-37.4449881002998
135.08276140494,0.000192394725796128,21.4719328330434
135.244247073087,0.00027238919851166,217.968423742583
135.405732741234,0.000159665745203586,-59.1476581181309
135.647961243455,0.000233756970189017,42.7434614190033
135.769075494565,0.000141617300012286,-23.5943564129005
135.890189745675,0.00020433705604069,68.3017714327196
135.970932579749,0.000223616484135784,225.293648450019
136.051675413822,0.00018871683370357,198.978757337812
136.213161081969,0.000229639352162666,165.916446924038
136.293903916042,0.000186351219066665,-73.9639416928004
136.374646750116,0.000151130723334791,129.049692343208
136.495761001226,0.000221455988303016,-72.259927528842
136.616875252336,0.000339091163613208,251.838494428865
136.69761808641,0.000237473280027886,160.560310502992
136.81873233752,0.000244567994587731,-25.431424376641
136.899475171594,0.000206782542379679,-47.5173452415083
137.020589422704,0.000320481273256088,264.741299172573
137.222446507888,0.000138813136890741,192.665866156144
137.464675010108,0.000314407815530707,65.582773104302
137.545417844181,0.000115583695025142,236.917683073652
137.706903512328,0.000141055177463961,-64.3168860678183
137.868389180475,0.000251152982861888,67.9825243707265
137.949132014549,0.000234375732323994,-29.5770876046519
138.070246265659,0.000124863302087405,108.566905842165
138.191360516769,0.000201875782242757,-27.95386377346
138.272103350843,0.000115662333363508,184.264581921828
138.352846184916,0.000220158249531257,213.04761236538
138.5547032701,0.000137714270492627,126.821267964181
138.716188938247,0.000155041088095236,220.455909536395
138.837303189357,0.000135070589135773,132.760637043626
138.998788857504,0.000173038332485992,192.909691706725
139.079531691578,0.000204950729709093,163.898354371557
139.160274525651,8.06882729256092e-05,166.11784254365
139.241017359725,0.000240558508528633,71.667469247619
139.362131610835,0.000181354284862319,-35.2174492381444
139.442874444908,0.000168702983555593,87.8638907654902
139.563988696019,0.000293849138354895,128.755511572862
139.685102947129,0.000209656322791944,-78.8977935807268
139.765845781202,0.000178126205592186,84.811547070394
139.846588615276,0.000258539531964774,216.52034271613
139.967702866386,0.00025397492030207,157.9165103022
140.129188534533,0.000136881352059228,181.941956157454
140.209931368607,0.00014443370526485,63.7503785436034
140.331045619717,0.0002415697494222,227.563637469389
140.452159870827,0.000191081193024064,176.626199586463
140.573274121937,0.000284318951770928,198.992172280884
140.734759790084,0.000259642781941706,208.96188007705
140.976988292305,0.000235857700145223,2.49134946575235
141.098102543415,5.75166643710341e-05,247.272945418151
141.259588211562,0.000207306709117745,-68.1873651096422
141.421073879709,0.000190236272013109,9.40152963585668
141.582559547856,0.000282268229746067,256.455566651889
141.744045216003,0.000191780103374538,135.068548022201
141.945902301186,0.000194394851105431,-34.9214710430675
142.02664513526,0.000185030538119721,91.1404211783172
142.14775938637,0.000332151541671289,-35.2823301066145
142.228502220444,0.000161684196584851,187.687365011253
142.349616471554,0.00018140192730446,177.090113721539
142.511102139701,0.00017532862342741,23.6942212981371
142.632216390811,0.000229319979766963,-14.3749696368911
142.834073475995,0.000121336884211771,233.565824987783
142.914816310068,0.000119586284833149,-77.9324519814716
142.995559144142,0.00017894612884014,-39.0932729513599
143.116673395252,0.000219748415084818,143.642623001581
143.197416229325,0.000192758651528072,-82.0084671444702
143.278159063399,0.000126820165535512,180.781056696835
143.358901897472,0.000221150893397898,178.934518645393
143.520387565619,0.000180662978768839,39.6014218549264
143.601130399693,0.000285598019429184,10.869390827961
143.722244650803,0.000218794068595023,-32.3843149891387
143.802987484877,0.000180173960468171,-70.3718704101435
143.924101735987,0.000231412739031714,174.996539403494
144.00484457006,0.000219089888132558,106.35050002088
144.085587404134,0.000107256212282651,84.6309944613869
144.206701655244,0.000169887006144079,132.650305351419
144.327815906354,0.000139787483886441,65.8032251370402
144.448930157464,0.000176011244975282,238.29350313867
144.529672991538,0.000236325896171242,-46.3668487720889
144.650787242648,0.000375935208566401,-88.9541811227802
144.771901493758,0.000209281322846495,-10.2896510915417
144.852644327832,0.00014700135007991,235.699906855005
144.933387161905,0.000138555012058387,73.9286884163133
145.014129995979,0.000154808304571598,83.1412631136547
145.135244247089,0.000203962946610766,242.087799601528
145.256358498199,0.000238650562274395,54.0926156208462
145.337101332273,0.000112291601153238,212.164654160679
145.417844166346,9.74477485563002e-05,169.719282593048
145.538958417456,0.000189449148382609,-43.3212252590403
145.74081550264,0.000154585221088655,87.0087373001188
145.821558336714,0.000115691103704729,-45.0231248335056
145.983044004861,0.000201077650031133,-13.8493727035865
146.063786838934,0.00025697884475478,82.5844851371559
146.144529673008,0.000225891656344095,142.231719435426
146.346386758191,0.000218607365298863,-9.72762195005834
146.427129592265,0.000199842873933295,77.5323160117912
146.588615260412,0.000141029355017976,8.57744788378739
146.669358094485,0.000225382876079839,127.078228431916
146.830843762632,0.00013532370428054,45.8688432081457
146.951958013742,0.000205657642645672,143.758168284362
147.073072264853,0.000184140940028574,-88.0024691371662
147.153815098926,0.000262369123446826,-60.8539490306033
147.234557933,0.000137435356034839,131.304356622391
147.35567218411,0.000140672932799029,69.829715814053
147.436415018183,0.000179276414031384,-42.1428717458503
147.517157852257,0.000224250429548341,-26.3158085728566
147.638272103367,0.000178506096048637,-89.6166647090548
147.719014937441,0.000139812728455941,214.29390587379
147.880500605588,0.000160669486032859,210.606727786381
148.001614856698,0.000184018162722519,77.4910343254234
148.082357690771,0.00025171527428765,138.062587272229
148.284214775955,0.000173414943633732,40.6943802792626
148.405329027065,0.000150627197648399,179.259656076239
148.486071861139,0.00022542952960887,86.1017631556176
148.566814695212,0.00019316838841537,137.164772779307
148.687928946322,0.000180577564607315,155.743350313701
148.930157448543,0.000261557158362624,44.9163925453632
149.010900282616,0.000200639771828938,-5.7832924701829
149.132014533727,0.000216301566140932,87.8409071348396
149.253128784837,0.000195091615313072,-33.1296964376729
149.374243035947,0.000115168133329094,-47.2060806963862
149.45498587002,0.000224703930456057,193.416302354628
149.576100121131,0.000209866892908573,251.441133994903
149.777957206314,0.000176328648092764,40.7989516729892
149.858700040388,0.000146312832246813,124.195894285292
149.979814291498,0.000172158931430477,-39.9046402954534
150.060557125572,0.000244530295134079,-22.7084538980385
150.181671376682,0.00027920531527681,188.351551876957
150.262414210755,0.000119509546828527,248.508532578884
150.343157044829,0.000197063186455989,68.092482895151
150.504642712976,0.000205228821690682,-67.3156537177348
150.787242632233,0.000179598375781285,160.757923435902
150.867985466306,0.000122708360019554,-0.252812177991672
150.989099717417,0.000266281606621829,108.176403736692
151.110213968527,0.000102437249004623,123.798290418499
151.231328219637,0.000370435806775441,199.703110104208
151.392813887784,0.000189217910474746,171.937152960413
151.513928138894,0.000317813969049971,97.2785941032013
151.635042390005,0.000238580460474054,159.173982326356
151.796528058152,0.00020808264613199,51.2135801182025
152.038756560372,0.000236879970830514,244.781580819491
152.119499394445,0.000185323592051509,172.741484834009
152.240613645556,0.000203066651503153,128.76402983408
152.361727896666,0.000212432487597548,-28.6445580996599
152.482842147776,0.000208046890312813,34.7216678172741
152.603956398886,5.41616048854996e-05,-78.4615259902544
152.68469923296,0.000169718870831474,173.009850681083
152.80581348407,0.000247292954040943,-37.7681641844313
152.967299152217,0.000157629772865093,-40.4088750407557
153.128784820364,0.000167922346012048,-51.4188934207239
153.249899071474,0.000192697987397798,36.791280421756
153.330641905548,0.000239119137204403,-40.6087375067372
153.492127573695,0.00014885029790426,-54.7247454512567
153.572870407768,0.000153591883012053,0.948229154631122
153.693984658878,0.000149095915882841,235.241683220357
153.815098909989,0.00020273105512175,106.934868537941
153.895841744062,0.000230214464262414,-57.4224035593963
154.016955995172,0.000298621582424139,199.391585165891
154.138070246283,0.000319880387612098,201.676649483195
154.29955591443,0.000254754665390955,187.86264406777
154.42067016554,0.000180631973437856,159.209565457705
154.501412999613,0.00014600001165578,156.357150642845
154.622527250724,0.000305019429373088,-65.184399850963
154.703270084797,9.63294216269098e-05,54.8854004402311
154.864755752944,0.000190402836963611,50.3238493123401
154.985870004054,0.000207836944846275,37.4698185784242
155.066612838128,0.000228217077596133,17.1363582623444
155.187727089238,0.000188338848528325,-35.9825915394826
155.268469923311,0.000123110359363576,260.667872498278
155.349212757385,0.000176820117615691,-87.5560440896242
155.470327008495,0.00015646317945908,49.1521765368488
155.551069842569,8.81225767856618e-05,212.30171441272
155.631812676642,0.000202099480075602,98.6854347189536
155.712555510716,0.000137056276365917,21.0446654950576
155.793298344789,0.000156177608213935,178.143654911614
155.914412595899,0.000197029646522238,122.400709669005
155.995155429973,0.000194422405470061,76.4352372320818
156.116269681083,0.000179582260607723,72.0313923366101
156.318126766267,0.000196249806575716,-64.7722907798247
156.479612434414,0.00023460401154543,226.804880497164
156.641098102561,0.0001488776010008,168.849091004009
156.762212353671,0.000214625071224738,28.3681276255476
156.842955187744,0.000207290749210602,-14.8386242685628
156.923698021818,0.000193607240875987,-86.6871604761286
157.085183689965,0.000144312903415459,116.497949628463
157.165926524038,0.000163914650028647,192.89357986008
157.246669358112,0.000230451265368153,51.776686621166
157.408155026259,0.000165902000101824,87.1577072024613
157.529269277369,0.000186715489352226,26.066670169993
157.610012111442,0.000125894855139931,103.782792612207
157.811869196626,0.000156287465136471,-14.8379382503623
157.932983447736,8.48276681250322e-05,-45.342675284952
158.01372628181,0.000311639584879822,-70.4836017205612
158.13484053292,0.000113373002375216,99.27548444743
158.25595478403,0.000184856697801961,137.372314105929
158.457811869214,0.00022739649364039,125.054285558422
158.619297537361,0.000150721765046041,167.699171424008
158.700040371435,0.000260310608861757,190.00554308449
158.821154622545,0.000174779499906801,18.9860595106697
158.901897456618,0.000170947035379613,138.514886703064
159.063383124765,0.000169094669718932,224.61878985631
159.184497375875,0.000209137822494623,259.249461686911
159.386354461059,0.000131483577476786,-56.2271847844174
159.547840129206,0.000223256382376853,111.805876296158
159.62858296328,0.000160220590641635,131.23126668721
159.74969721439,0.000177369461323316,117.522781165182
159.911182882537,0.000111959088134057,-41.8370691713472
160.032297133647,0.000142169374202708,93.4179477604396
160.153411384757,0.000236847451836714,141.003577357583
160.314897052904,0.000196061047952516,-9.3341308267333
160.395639886978,0.000105436342323004,-47.7240855872896
160.476382721051,0.000168395131890449,-15.0531990372942
160.557125555125,0.000255191648882246,31.1170667091655
160.678239806235,0.000210290274678377,-85.9887648398191
160.799354057345,0.000193548500134815,199.416553611326
160.920468308455,0.000182207652304288,182.181732771957
161.041582559566,0.000263426724622301,27.0051512748893
161.203068227713,0.000145294804281386,4.04508609952694
161.324182478823,0.000188287941285622,15.508153028157
161.48566814697,0.000155057932534149,-36.9380466216177
161.647153815117,0.00020592379856955,143.26057460344
161.768268066227,0.000307035619980318,-72.6558778503939
161.8490109003,9.94921323832904e-05,106.208018279061
161.929753734374,0.000207472466751315,249.996315924192
162.050867985484,0.000200134963820264,14.5468908251852
162.131610819558,0.000227630460315709,102.021095925348
162.212353653631,0.000214048004974986,254.316541528531
162.414210738815,0.000244302824822411,68.5255267580698
162.535324989925,0.000226598487972671,-84.7800765947173
162.616067823999,0.000112523544728366,-58.7381994642246
162.696810658072,0.000189411516280231,263.538589974076
162.777553492146,0.00030284570829314,-18.352429930159
162.858296326219,0.000277846688539959,140.155853487967
162.939039160292,0.000194910842854967,187.91298510468
163.019781994366,0.000281968866269032,130.370899405364
163.100524828439,0.00013940704205722,79.8280092389086
163.181267662513,0.00016888717146535,-19.4063037548679
163.262010496586,0.0001006663813533,107.476368264679
163.34275333066,0.000173532564457658,101.223966144184
163.544610415844,0.00022795860189238,21.2852445924328
163.706096083991,0.000172698712400377,86.0733808599076
163.786838918064,0.000144606130006719,146.166974686712
163.907953169174,0.000232403252070462,118.250038244103
164.109810254358,0.000219595920625922,198.892127567249
164.230924505468,0.00012507251921629,74.8186923327857
164.311667339542,0.00027611230387302,-84.1427442987368
164.432781590652,8.11095484419636e-05,234.066217031665
164.513524424725,0.000170861927094321,150.782814600183
164.715381509909,0.000219368368646958,-62.7342562970979
164.836495761019,0.000275849099849304,89.4406799618714
164.95761001213,0.000137483059819113,206.665286125558
165.07872426324,0.000214747107307858,128.118354189932
165.19983851435,0.00022436370153564,161.687898271891
165.280581348424,0.00020730464259345,77.2917500133949
165.44206701657,0.000215473708095605,231.024219447732
165.563181267681,5.74726006627302e-05,154.745963827034
165.643924101754,0.000107993763917128,81.3513704815276
165.765038352864,0.000205031611151206,70.0665684974146
166.007266855085,0.000218696640424898,23.3974109789479
166.168752523232,0.000182314728282495,167.083243578346
166.289866774342,0.000129103810115949,145.15123226325
166.491723859526,0.000281040023347542,47.4202163884182
166.653209527673,0.000219594356400353,173.576434311546
166.81469519582,0.000167522397381185,-23.617600392948
166.93580944693,0.00017525699395389,53.3920714951444
167.016552281003,0.000146254356001161,96.7692867289854
167.137666532114,0.000228480894531787,75.1078954935304
167.258780783224,0.000162260486227801,-68.9934033005858
167.379895034334,0.000240363958183062,29.9336623153897
167.541380702481,0.000226652506899877,7.8870896402416
167.622123536555,0.000250461985162391,133.854185519788
167.702866370628,0.000166613828842091,246.153054897377
167.864352038775,0.000114546735832829,161.545173608547
167.945094872849,0.000312593760292584,52.4276009992738
168.025837706922,0.000159284353104665,204.726875879382
168.187323375069,0.000117056637990894,90.0012647463534
168.308437626179,0.000147947000002264,257.242280889539
168.510294711363,0.000225366988948247,44.2113348604009
168.67178037951,0.000270649865389952,254.340598152475
168.833266047657,0.000101908082450494,33.5552981920466
168.954380298767,0.00022768968590161,9.21346621103393
169.115865966914,0.000292980564304915,7.73193940657622
169.196608800988,0.000143734640033819,-59.0273782371738
169.358094469135,0.000135357490429869,220.723936952055
169.438837303208,0.000139249970767932,25.4641551215808
169.519580137282,0.000223846658614284,188.772723195522
169.600322971355,0.000148262534711002,196.925286040255
169.681065805428,0.00019849070775168,10.2069683168638
169.802180056539,0.000211479872488689,96.3919628292809
169.963665724686,0.00016832427968259,-78.1423335538817
170.044408558759,0.00023332565523238,95.539317245365
170.125151392833,0.000180106336794107,-83.4465285459887
170.327008478016,0.000231316162024092,207.553080910183
170.448122729127,0.000154178400408143,-8.93426684139855
170.5288655632,0.000185206396281704,196.104233537709
170.64997981431,9.53676187638827e-05,-55.6950756813642
170.811465482457,0.000351976722345945,-20.7244428557628
170.932579733567,0.000128643563343358,-76.5260776600216
171.013322567641,0.000226399120672376,19.7142379083944
171.094065401714,0.000216222917920711,179.382700037395
171.336293903935,0.00021179639978489,251.328366720584
171.497779572082,0.00019814125326061,-89.7390538859385
171.618893823192,8.97343722379207e-05,24.610625295352
171.740008074302,0.000157789946724697,207.535389002109
171.820750908376,0.000119570616472087,137.47645619009
171.941865159486,0.000141954121136786,-41.0077896503429
172.02260799356,0.000183705313861299,78.9635172862425
172.224465078743,0.000103664135813711,112.197613058962
172.305207912817,0.000226350245231711,61.0064320800337
172.38595074689,0.000167409064898918,-61.5019428005497
172.466693580964,0.000179062470710829,267.740891032859
172.587807832074,0.000251989259307185,-76.1072737374325
172.668550666147,0.000122992739871245,-82.3819615301572
172.830036334294,0.000162553062180382,238.199214407308
172.910779168368,0.000205836202954858,144.70711966614
173.072264836515,0.000149505226627509,-75.359762235018
173.193379087625,0.000196433671395717,52.5432160544981
173.314493338735,0.000294828480285423,-71.7887119789769
173.395236172809,0.000120828741155507,175.127089593242
173.475979006882,0.000148052173883275,152.222181392003
173.556721840956,0.000182578903171138,-33.871450477697
173.758578926139,0.000333767615900811,147.680845790943
173.87969317725,0.000167181552693211,-19.9656643918774
174.00080742836,0.000250486528899734,-31.6648175941716
174.081550262433,0.000210828731352392,66.1503590057656
174.202664513544,0.000195273410879426,207.669585479886
174.364150181691,0.000255975413058014,232.961768753816
174.566007266874,0.000437611717361502,80.8995260224828
174.687121517985,0.000216520888140427,27.435745011395
174.808235769095,0.000189766329072096,141.506866408368
174.929350020205,0.000139808998020114,161.728699115932
175.010092854278,0.000221053135861241,27.9741007059976
175.171578522425,0.000171279389583808,110.483671342583
175.292692773536,0.000162182508172365,116.27625892158
175.413807024646,0.000177964609828304,72.3708201322303
175.494549858719,9.16065881729989e-05,120.699250724156
175.61566410983,0.000136459718253014,237.627891969292
175.696406943903,0.000203032211267454,254.414593348057
175.817521195013,0.000150305749045328,210.420790975155
175.898264029087,0.000173652844788829,49.7871694472454
175.97900686316,0.000201407171340698,-49.257219469043
176.100121114271,0.00011980930848456,122.963667886954
176.261606782417,0.000277206456288051,200.193702712678
176.382721033528,0.000113237933087542,228.238331178856
176.463463867601,0.000207959213925757,-22.8019206305541
176.544206701675,0.000147697105072458,205.045507883457
176.624949535748,0.000167003892671937,86.6644859862036
176.746063786858,0.000207282964295946,210.948452394799
176.867178037969,0.000262951766299681,14.5180974532887
176.988292289079,0.000138061693197231,-7.30959874241823
177.069035123152,0.00011135269124505,232.960456059534
177.230520791299,0.00013457839510631,108.388689191413
177.392006459446,0.000181384594154429,137.240874368761
177.513120710556,0.000104618650182041,253.94004434795
177.59386354463,0.000200126206680201,196.103229377587
177.795720629814,0.000116648242728086,253.715235969526
177.916834880924,0.000171020044548602,16.9083845895238
178.037949132034,0.000195953025518054,232.360518532694
178.320549051291,0.000179755886290919,238.743315172408
178.482034719438,0.000230674768535829,95.3225834836169
178.603148970549,0.000322654283982352,80.9892403358936
178.764634638696,0.00023017753655591,15.4402670447838
178.885748889806,0.000121674272671745,-10.0303826813095
179.087605974989,0.000188050508591226,70.4308288790824
179.168348809063,0.000202113986033715,171.121968684513
179.370205894247,0.00013801334504966,-5.43943909334145
179.45094872832,0.000187419597053683,130.03802387915
179.531691562394,0.00016495174829153,235.678125841052
179.652805813504,0.000132511497600076,231.371907435192
179.733548647577,0.000180496699773763,-17.6255965844626
179.854662898688,0.000204479282960194,-79.5032497539588
179.935405732761,0.000183149426919766,-10.7091583448232
180.096891400908,0.000118927913506078,66.3129400092995
180.177634234981,0.000207939732479094,62.6860903193747
180.258377069055,0.000272173086206077,157.755319801257
180.379491320165,0.000103882743465756,99.5609771453267
180.460234154239,0.000155027604125797,190.748692975832
180.621719822386,0.000259474548213248,169.73107052766
180.742834073496,0.000201278103042686,53.9874586775988
180.863948324606,0.000136480959048756,85.7159232186988
180.94469115868,0.000144508779493347,-64.2273707899517
181.06580540979,0.000148193129592677,225.447960434394
181.227291077937,0.000216137143580734,217.500087523732
181.30803391201,0.000182686089567564,55.7896852193426
181.429148163121,0.000107650296454933,130.184141993092
181.550262414231,0.000238585604639256,-74.7237938540051
181.711748082378,0.000253226597329717,-75.3905163422602
181.792490916451,0.000247215255266696,36.486475211434
181.913605167561,0.000212943095956872,150.098686715242
182.034719418672,0.000133668188800581,205.966126473997
182.236576503855,0.000190783037709102,212.566753196423
182.357690754966,0.00030438741969788,48.0974308619727
182.640290674223,0.000207750962179803,179.206178451282
182.882519176443,0.000201997439903643,234.891559978095
183.003633427553,0.0002268347760933,129.16725126311
183.084376261627,0.000270113679333286,-24.5542958697314
183.205490512737,0.000229971347936825,157.991443666008
183.286233346811,0.000183655248544211,35.5574304229535
183.407347597921,0.000135662936382136,90.0265486469292
183.609204683105,0.000193513665369937,176.355906054773
183.730318934215,0.000152314922305318,-30.7090765736079
183.932176019399,9.75123578426769e-05,201.135821106409
184.012918853472,0.000203598415191674,250.149973846445
184.093661687546,0.000274997263252592,-27.8594662273907
184.295518772729,9.78639546494032e-05,263.892688227445
184.457004440876,0.00022852710825761,39.3769893605485
184.53774727495,0.000176722695144176,187.114181820608
184.618490109023,0.000267795985361061,-70.8741985232932
184.739604360133,0.000182243875522295,168.026814849974
184.820347194207,0.000215933634925991,247.665881776904
184.941461445317,0.000300105344294849,-55.8330509688173
185.143318530501,0.000203733047071625,146.660072149082
185.224061364574,0.000171732535667476,28.5630753889579
185.345175615685,0.000142753552512869,139.161724310556
185.627775534942,0.000221976919945977,-58.2531363154042
185.708518369015,0.000138760022718389,26.4790826178688
185.789261203089,0.000227971267236344,180.651803120686
185.910375454199,0.000223423356552385,261.163567073458
186.071861122346,0.000119438399955298,100.412402916327
186.152603956419,0.000150421856765024,-30.1006792192786
186.314089624566,0.000124455427104752,136.313908801199
186.435203875677,0.000253122192789502,127.811938520902
186.556318126787,0.000215533497713193,107.949184284981
186.677432377897,0.000178287730091127,118.899220119208
186.798546629007,0.000144952956454239,269.34851916835
186.919660880118,0.000262723646550109,-83.3666853504196
187.000403714191,0.000119921422403092,-26.1983542757216
187.121517965301,0.000323387437630082,20.2020905339826
187.202260799375,0.000158170792144736,228.350493692673
187.444489301595,0.000188905781313631,-70.4705019749306
187.565603552705,0.000135205534814322,34.9632611328262
187.646346386779,0.000281074609627902,95.7769533879965
187.727089220852,0.00043372942187303,249.405974584092
187.928946306036,0.000270435290995212,179.783529634132
188.090431974183,0.000162465826996705,61.4295272518699
188.171174808256,0.000152557461769943,-0.835056329139206
188.292289059367,0.000118919666744792,151.821057468801
188.413403310477,0.000165184160719597,-54.1536584876601
188.49414614455,0.000132373209289017,107.596306910849
188.574888978624,0.000204093301620768,227.29952584291
188.655631812697,0.000156307474022515,5.24630244172094
188.776746063808,9.06196571506209e-05,226.975691759733
188.857488897881,0.000154034879164279,223.49846604962
188.978603148991,0.000294728492973445,-33.3991666574916
189.099717400102,0.000198526981058002,223.0245545087
189.220831651212,0.000182537435147996,-35.7092975672768
189.341945902322,0.000180706355679804,-54.0827612198278
189.422688736396,0.000170957462219356,50.7414988660751
189.584174404542,0.000148475670578577,129.18921916917
189.745660072689,0.000170314878599263,-75.4968161717452
189.907145740836,0.000236588625744341,16.5147064459047
190.028259991947,0.000189917307460587,109.029536373159
190.149374243057,0.000164771535539719,253.714277697235
190.23011707713,0.000213070565829496,162.397482162659
190.310859911204,0.000169796511225489,33.7344390624228
190.512716996388,0.000320660627067219,80.554360812387
190.633831247498,0.000147958223562809,27.400584016727
190.754945498608,0.000151102687744306,158.29728443023
190.835688332681,0.000443546135398773,20.4726865101528
190.916431166755,0.000282777484358803,77.5307580871633
190.997174000828,0.000125135721322983,-40.6866409410173
191.118288251939,0.000277267366453837,177.943128884341
191.199031086012,0.000259321017247212,140.381649159773
191.360516754159,0.000264065862110762,21.1303969776849
191.441259588233,0.000215031147484167,241.082362213587
191.562373839343,0.000225941346184958,29.1912898599175
191.72385950749,8.48965482482753e-05,-45.73727738299
191.8449737586,0.000196369260523077,244.467200338315
191.925716592674,0.000264562783537961,156.806561365198
192.167945094894,0.000266558405661322,-29.5245298091981
192.289059346004,0.000239170832203865,219.902360712218
192.490916431188,0.000203474698833408,17.2371755984076
192.571659265261,0.000167489921526674,-15.9828564355109
192.692773516372,0.0001869968518283,94.3441265551266
192.894630601555,0.00022584712334888,103.205735934822
193.096487686739,0.000175209554828135,20.2673251658662
193.217601937849,0.000195003833983912,-45.879974231317
193.33871618896,0.000198833085187211,21.4872796134223
193.419459023033,0.000227135191865742,230.986887998131
193.540573274143,0.000120598184441829,79.1684054463205
193.661687525253,0.000229392880793574,81.9229397720752
193.8231731934,0.000184898857428178,164.388600643506
193.903916027474,0.000239773160578551,2.76580920437452
194.146144529694,0.000256130226055685,-26.7933188931577
194.348001614878,0.000197443660088485,193.284735140122
194.469115865988,0.000186260441327462,248.267314956278
194.549858700062,0.00021561571569026,18.9983236971647
194.670972951172,0.000250807831455857,29.2677014854112
194.792087202282,0.000170128395193966,58.537018801643
194.872830036356,0.000242867226274811,-50.2515177960406
195.074687121539,0.000217450929389458,-87.7659883985443
195.155429955613,0.00017499049775642,153.739268593228
195.236172789686,0.00016095114588525,-75.0823828609038
195.31691562376,0.000277844921104897,198.697868113745
195.518772708944,0.000198454994935844,256.596321542932
195.599515543017,6.65393900488628e-05,135.96468714452
195.720629794127,0.000209495945554527,-50.9587443371622
195.882115462274,0.000343367141901273,197.52865711509
196.083972547458,0.000188442656883925,-82.1664595860236
196.205086798568,0.000214947971055828,194.452835408061
196.406943883752,0.000180629184063498,233.612351956759
196.649172385972,0.000387467872075873,-10.801391715101
196.770286637083,8.43298698140807e-05,240.245406584402
196.851029471156,0.000101991126301599,47.3279161808002
196.972143722266,0.000140436283487033,126.838568949008
197.133629390413,0.000188747929839544,11.4284374463325
197.254743641524,0.000101490644343203,77.5598989696292
197.416229309671,0.000254424054483721,233.537926513941
197.577714977817,0.000124270590757729,147.516696994061
197.698829228928,0.000164227917767403,111.547557898387
197.900686314111,0.000280578265252846,-30.9751095994999
198.102543399295,0.000307405080609034,38.7482126418362
198.304400484479,0.000158143544371393,253.483140131929
198.385143318552,0.000123107776106997,221.530428104763
198.465886152626,9.27946495202326e-05,-43.007584610803
198.627371820773,0.00020384003079441,194.824877581909
198.708114654846,0.000250501166447138,-33.1973612038587
198.869600322993,9.72691955964256e-05,143.818742200197
198.950343157067,9.57191632013495e-05,60.0082252224185
199.03108599114,0.000141801352085787,-28.540771290513
199.232943076324,0.0001620162797177,-86.6126008083349
199.313685910397,0.000170778728339947,172.433132532068
199.555914412618,0.000192503460936799,263.600143536801
199.677028663728,0.000139311943706247,26.1735116159968
199.798142914838,0.000211587868152595,214.777659515693
199.959628582985,0.000269969180581116,199.788579071679
200.121114251132,0.000224653104365607,-49.4583334517219
200.322971336316,0.000230837508915956,98.8508928818203
200.444085587426,0.000207079869147428,139.045943546694
200.565199838536,0.000227185479668419,113.17511765624
200.64594267261,0.00018194158913612,237.242175168712
200.76705692372,0.000246964534302616,-40.5999813072118
200.928542591867,0.0001554021555281,12.0715519933651
201.009285425941,0.000135925644205112,177.846107638662
201.130399677051,0.000197985055366964,182.100275362938
201.251513928161,0.000203892400224688,155.958748919398
201.332256762235,7.7056865085967e-05,254.334157318815
201.453371013345,0.000190187402098714,228.351180879688
201.574485264455,0.000225109880324942,120.861316836184
201.655228098528,0.000243201704553296,-34.9462053691321
201.857085183712,0.000245105850387237,88.2018931054478
201.978199434822,0.000134229439486,1.41407855708024
202.099313685933,0.000359482572882016,233.026631302601
202.180056520006,6.60112928358982e-05,-9.27073628470852
202.301170771116,0.00019428724736037,241.971498670323
202.462656439263,0.000326858524922411,-43.678464555914
202.543399273337,0.000316440385397994,-65.4071843870454
202.664513524447,0.000318033603466107,109.144268082091
202.745256358521,0.000111198882438934,5.64892543820666
202.825999192594,0.000148942379990034,192.677278555502
202.906742026668,0.000148051714279409,85.814717181922
202.987484860741,0.000278028128601319,134.152773949552
203.108599111851,0.000211877492121077,104.527440265789
203.229713362961,0.000171706396908075,133.308207141945
203.310456197035,0.000234034553000587,247.127618721923
203.471941865182,0.000191364817588658,173.451079264526
203.593056116292,8.74468254638201e-05,192.292541240612
203.754541784439,0.000192099175224922,-70.4993662818892
203.875656035549,0.000141938927207049,145.142907979145
204.037141703696,0.000187509503794925,-81.4760450941592
204.198627371843,0.000141226790301336,202.544677890774
204.279370205917,0.000298026873756656,215.064131871962
204.400484457027,0.000200772741490788,59.9873282584043
204.4812272911,0.000134167970012463,256.055697494381
204.561970125174,0.000247930383783197,218.764735774147
204.763827210358,0.000190050545128301,109.102661593763
204.925312878505,0.000272457458696577,47.8297611714635
205.006055712578,0.000280370055741595,196.953144120934
205.086798546652,0.000164587200359437,165.597355142768
205.207912797762,0.000318965339921556,12.9735066036998
205.329027048872,0.000100898267290677,-56.4446058063624
205.450141299982,0.000188768779099441,176.697733362306
205.530884134056,0.000207011338120095,89.3489193866855
205.773112636276,0.000134962050233523,66.1603629797345
205.894226887386,0.000180872350638259,-6.65460147672061
205.97496972146,0.000118664874333648,26.8275952813281
206.09608397257,0.000109727472755595,218.318371559334
206.176826806644,0.000142149489964746,129.875660956274
206.297941057754,0.000164939083159713,-8.54280937382465
206.540169559974,0.000191378200279327,-12.1162875844515
206.661283811085,0.000247432665704823,48.7785795205865
206.822769479232,0.000265770492134551,-46.2289620226674
206.903512313305,0.000227471954993551,-81.6831412026636
206.984255147378,0.000194958330088308,115.75683009748
207.105369398489,0.000167472898414982,164.86063781014
207.266855066636,0.000101882586892902,90.0109080821327
207.387969317746,0.000307972457842599,174.217625485953
207.468712151819,0.000243209915510762,188.173270067194
207.58982640293,0.000237561580199661,180.77526639817
207.670569237003,9.81615902435736e-05,254.462730706517
207.83205490515,0.000135943622904571,-47.0257859842089
207.95316915626,0.000256347654181339,17.905618795076
208.074283407371,0.000149823561848593,76.1004682313705
208.155026241444,0.000155406000561857,-20.3369588414475
208.316511909591,0.00028380502039254,95.6207418643433
208.397254743664,0.000145724408213531,-79.162335371842
208.477997577738,9.06326351807442e-05,166.421464048969
208.558740411811,0.00022647639173015,209.497038741866
208.720226079958,0.000144530649672557,-34.8399182114906
208.800968914032,0.000174380328440273,160.677947906726
208.881711748105,0.000143339187791366,109.200551474818
208.962454582179,0.000127250853420367,-10.4195322686494
209.043197416252,0.000173267859264862,118.229408598124
209.123940250326,0.000122722781109121,243.968277889288
209.204683084399,0.000207902931755936,170.07631431667
209.366168752546,0.000111147618277249,12.722742906576
209.44691158662,0.000137904674915517,51.5390537495757
209.56802583773,0.000222124784132934,136.037479499765
209.648768671803,0.000198133352267048,-17.297988135407
209.81025433995,0.00021073132764237,-44.9722958459811
209.971740008097,0.000225375974556107,0.761669582448135
210.133225676244,0.000281660528090753,103.793655473346
210.254339927355,0.000183268843630692,-7.13043347224743
210.375454178465,0.000226259147981143,149.590434579592
210.496568429575,0.000259727703742243,148.51789946555
210.577311263649,0.000210473350745836,-72.4732760495228
210.658054097722,0.000272418638094657,-47.1214703805613
210.738796931795,0.00028074355065472,183.653610297217
210.819539765869,0.000124386452360888,262.560103820956
210.900282599942,0.000193156495879329,-58.3967800936745
210.981025434016,0.000178099384733433,-49.3760403276048
211.061768268089,0.000154888853356731,74.5014404333658
211.142511102163,0.000246037144313297,243.637511189797
211.30399677031,0.000117003013685899,100.797569588872
211.384739604383,0.000198971579210993,-15.6095481084314
211.505853855494,0.000109348219185857,179.827947569848
211.626968106604,0.000221782539719278,171.316377955934
211.828825191788,0.000211155274324026,-45.3659165421697
211.909568025861,0.00018098572632426,155.631756774752
212.030682276971,0.000160194952667243,127.6647509063
212.151796528082,0.000154015632502,-24.9986355967349
212.353653613265,0.00017527509714547,-80.2273776205111
212.474767864375,0.000275302687804344,-34.5320329837608
212.595882115486,0.000170029477697948,53.1927233902278
212.676624949559,0.000283139099918449,139.678317953934
212.838110617706,0.000176576069831847,0.762091848967913
212.959224868816,0.000356291624283864,168.985497146689
213.080339119927,0.000140629948221335,225.846301477906
213.201453371037,0.000230062606824664,-72.8230427463495
213.362939039184,9.01665975506992e-05,-89.3043034524009
213.443681873257,9.90231237350734e-05,28.268998576138
213.564796124367,0.000122767272111251,116.908559451457
213.645538958441,0.00020581928454427,-36.0013558595606
213.766653209551,0.0001775266809429,47.7015971838986
213.887767460661,0.00015137552119275,250.704974382942
213.968510294735,0.000196350737927246,32.2454265579923
214.049253128808,0.000139565254072387,-46.0704728760464
214.129995962882,0.00018687084712716,-36.0712090747948
214.291481631029,0.000308383092808302,244.344186792741
214.372224465102,0.000173680399265981,63.5661673750975
214.452967299176,0.000207145966170746,-56.3723341674079
214.574081550286,0.000200307819417547,221.497964107862
214.695195801396,0.00013852804008015,260.631840927307
214.89705288658,0.000148691157319874,267.859233673992
215.01816713769,0.000190972198190599,192.440329426961
215.098909971764,0.000226043623967684,4.81034399824266
215.260395639911,0.000171460226851294,46.9362667408337
215.381509891021,0.000334060591226641,19.0239903930062
215.583366976205,0.000147417340726376,-86.1253021933537
215.664109810278,0.000127510884607016,211.225651606725
215.785224061388,0.00018268620329169,-29.3623832159331
215.865966895462,0.000104968599842112,-53.1696621332398
215.946709729535,6.42883620297768e-05,9.22126380069561
216.027452563609,0.000109112159048045,220.304972306855
216.148566814719,0.0002455276000994,72.2256088559588
216.229309648793,0.000238071440886956,102.897994858381
216.310052482866,0.000202171608915002,31.4621961823146
216.471538151013,0.000203275230917294,41.7431432790623
216.552280985086,5.62403550117295e-05,143.182252325506
216.673395236197,0.000309244038088327,147.820811216427
216.87525232138,0.000273144042714367,71.0245589781046
216.955995155454,0.000304079885091165,215.873999109415
217.117480823601,0.000254372049078697,-82.3295907889891
217.278966491748,0.000212560743268051,243.731049063491
217.440452159895,0.000117923626662987,119.230840931024
217.521194993968,0.000115977831001616,-3.62151003829227
217.601937828042,0.000102088658884005,27.9997818391524
217.682680662115,0.000269262802326934,-51.8297518695274
217.884537747299,0.000234950251795537,171.347860523983
217.965280581372,0.000235779537543193,143.030908301767
218.126766249519,0.000120028943290551,-85.7836776611339
218.207509083593,0.000110993465976597,6.3256993356286
218.288251917666,0.000348372982462956,-65.0715007330009
218.449737585813,0.000168003504397761,55.2974253486617
218.530480419887,0.00019317426028411,23.2031347614549
218.651594670997,0.000253064120310702,155.598903585457
218.772708922107,0.000210526795483888,248.492873994925
218.853451756181,0.000135573849520536,224.702928293133
219.014937424328,0.000166180437050437,2.29879643199435
219.095680258401,0.000162207599784051,68.3786062992723
219.176423092475,0.000252337722091546,257.145651153665
219.337908760622,0.000191836607474056,72.4847693819109
219.539765845805,0.000174330319508449,104.513814010455
219.620508679879,0.000150594449249572,129.479012435271
219.741622930989,0.000189584386198912,-1.68436600171135
219.822365765063,9.27461522828339e-05,-13.6553278375535
219.903108599136,0.000190556005069172,-30.986655049369
219.98385143321,0.000216632221984777,135.040872045824
220.185708518393,0.000132058781038319,21.113657612849
220.306822769503,0.000136090370868229,29.8604533091169
220.46830843765,0.000220692104539469,106.437192121625
220.549051271724,0.000125794604143899,179.905746248678
220.670165522834,0.000175232201809164,204.508101366982
220.791279773944,0.000177077888125857,-62.2329392217987
220.912394025055,0.00019842068678378,109.056779495722
221.033508276165,0.000188126840202958,101.44950782385
221.235365361349,0.000253357508596425,221.899802996376
221.396851029496,0.00025463346049468,260.232839166453
221.517965280606,0.000299839727025513,44.5483834356751
221.679450948753,0.000189504384503566,67.4066707054006
221.760193782826,0.000228324935565762,239.222751378355
222.002422285047,0.00029163949832905,-19.4728253874116
222.163907953194,0.000137384318229952,222.723019248778
222.285022204304,0.000297123105576838,197.495667694598
222.365765038377,0.000144837799148048,-7.47952534808003
222.446507872451,0.000204339226859073,193.011094901334
222.567622123561,9.40171856727921e-05,267.382816147268
222.688736374671,0.000157510964443253,-89.1984218592924
222.809850625782,0.000203020226884849,54.644625631617
222.890593459855,0.000219072135191728,175.530052724976
222.971336293928,0.000206515474426785,227.22991066844
223.052079128002,9.75577218628813e-05,74.3309160830438
223.173193379112,0.000246947891594135,242.532900142502
223.375050464296,0.000214368635456344,239.064950839355
223.496164715406,0.000182310463597475,239.16071114884
223.657650383553,0.000294644355042757,16.3790106196662
223.778764634663,0.000221399266216267,138.936976882097
223.859507468737,0.00024450198164567,114.584157819857
223.94025030281,0.000359797070606871,174.238540406263
224.06136455392,0.000132499226072344,257.188598754083
224.303593056141,0.000249726554468535,211.525989791623
224.384335890214,0.000204402171650595,65.3652922757021
224.545821558361,0.00013461359522473,264.626429572816
224.626564392435,0.000121137643664886,-45.49889422757
224.788050060582,0.000177563506548481,34.999591355539
224.949535728729,0.00029510535013504,-79.366124037678
225.030278562802,0.000159978507094704,250.166392547852
225.151392813913,0.000184009230932995,147.015380798454
225.232135647986,0.00015173524774529,253.740096314845
225.31287848206,8.68646889372994e-05,175.420917873042
225.43399273317,9.77474446375166e-05,188.578788245862
225.514735567243,0.000100372510340128,125.557503420705
225.595478401317,0.000246859490078336,248.015079285273
225.837706903537,0.000249014527783463,194.425979718338
226.039563988721,0.000330740327419721,114.88151879845
226.281792490941,0.000166103019149539,116.57211466166
226.362535325015,0.000134003640070153,229.1534725257
226.443278159088,0.000162793136496058,-86.2376885526224
226.524020993162,0.000204812375116039,40.6715551172785
226.685506661309,0.000131959918279299,53.5952652559357
226.766249495382,0.000166721391522199,-63.3409010781456
226.846992329456,0.000200357519389343,84.0353414057549
226.927735163529,0.00018718966370499,112.749855030006
227.089220831676,0.000230224563835058,143.544593953977
227.16996366575,0.000166447837056004,39.6691486149043
227.250706499823,0.000220491994073129,77.6290848010837
227.41219216797,0.000151562235113082,195.320791793207
227.53330641908,7.75300225684062e-05,73.9597858935078
227.654420670191,0.000249820047901232,140.184818147417
227.735163504264,0.000178138503550408,35.0077282358973
227.815906338338,0.000111685718564516,78.129338202874
227.937020589448,0.000168528336987852,-30.3855824972254
228.058134840558,0.000113016181648178,-54.4281952481644
228.259991925742,0.000274622590075791,236.742908897392
228.340734759815,0.000206207333982008,254.877257862318
228.582963262036,0.000212996667182541,259.706749226
228.744448930183,0.000169406643569947,-80.6967787928791
228.865563181293,0.000207992158562252,-19.8565345293883
228.986677432403,0.000136511309300077,-61.0531460062222
229.067420266477,0.000151492613195317,204.551559454341
229.188534517587,0.000257319227123522,234.228610788861
229.26927735166,0.000152860990732172,215.773740180714
229.350020185734,0.000109344456286773,202.452301126014
229.511505853881,0.000187842524861595,93.9387202909829
229.592248687954,0.000167835063958251,232.966787823658
229.753734356101,0.000178425969227443,142.274811197448
229.874848607211,0.000235156335471902,269.456566220514
229.955591441285,0.000174641064221986,23.7816170296479
230.036334275358,0.000169167713665717,103.979477391782
230.197819943505,0.000226184576629971,65.286527454548
230.318934194616,0.000126698866123655,145.644378322991
230.440048445726,0.000187601749000333,33.8323982030883
230.561162696836,0.000260103677393873,83.0727638988864
230.682276947946,0.000226747068656275,205.225717576396
230.803391199057,0.00031639985191574,67.6219857896928
230.88413403313,0.000207376669958387,262.483798971424
231.085991118314,0.000286591340554606,266.256712255598
231.207105369424,0.000230651461032751,217.096122967389
231.287848203497,0.0001545721897723,42.9288624890535
231.489705288681,0.000308089685382701,263.867414752888
231.651190956828,0.00020741645086783,180.583284670053
231.731933790902,0.000213720279576899,-54.7650057204671
231.893419459049,0.000179655869442121,26.0172646817406
232.054905127196,0.000142023408091796,190.241790790101
232.176019378306,0.00026988234398082,-70.9146693707634
232.297133629416,0.000183252623953934,22.2967482965529
232.458619297563,0.000147928479848771,186.53267764073
232.579733548673,0.000177530900731716,-43.3673283692137
232.700847799783,0.000183138856334844,2.64308032288956
232.781590633857,0.000243057149217702,151.710272332182
232.86233346793,0.000219964322477323,108.199748820284
232.943076302004,0.000187742929705002,48.6493328061216
233.023819136077,0.00010994565352372,-68.007308815299
233.266047638298,0.000191126555729704,-27.5618786376747
233.346790472371,9.11134640278671e-05,-24.317286512691
233.427533306445,6.61464850022539e-05,216.081896846618
233.548647557555,8.62140553733627e-05,179.29422534964
233.629390391629,0.000168519724658757,78.4024177993975
233.750504642739,0.000233684575351874,101.554681353434
233.831247476812,0.000112005626307723,56.3951123128458
233.952361727922,0.000274425805047728,-5.42239366191205
234.033104561996,0.000152772827534892,47.9318501196761
234.23496164718,0.000229224372666613,-69.6381084425648
234.436818732363,0.000164010556984005,187.600908059423
234.517561566437,0.000132951165762381,-43.0994927677744
234.679047234584,0.000165052131101552,2.80644421386424
234.800161485694,8.06942462870944e-05,258.67365813597
234.921275736804,0.000132878783874147,-61.0651068643335
235.042389987914,7.76342756360908e-05,-43.2744192937712
235.123132821988,0.000165238646180866,74.5461066504043
235.244247073098,7.38624655059177e-05,-62.6048767841959
235.405732741245,0.000157210547087408,-36.3768546986262
235.567218409392,0.000183757766070831,139.025210116237
235.647961243466,0.000156620197133724,27.1236693937912
235.769075494576,0.000181888365613842,221.108711202682
235.849818328649,0.000126886096837933,105.821530242593
235.97093257976,0.00012279374967239,11.2009013276849
236.051675413833,0.000167295229363513,126.947751482123
236.132418247907,0.000275528071707106,39.8953783923121
236.21316108198,0.000161617018958849,-78.0869052494131
236.293903916053,0.000108782744063634,-76.8233354033763
236.415018167164,8.23594912626855e-05,185.549633018372
236.495761001237,0.000121709437189806,196.123263635046
236.576503835311,0.000121268601619645,238.028156206015
236.657246669384,0.000230855703979196,165.99596028093
236.778360920494,0.000306214728459533,253.564261134255
237.020589422715,7.82434376569604e-05,-72.8865778954942
237.141703673825,0.000130915221122738,9.4675236544723
237.262817924935,0.000233715818912152,-60.5007158506733
237.424303593082,0.000208981630947418,-17.2686170536237
237.505046427156,0.000207466880515614,186.023886317614
237.666532095303,0.000197678970045779,197.967351817815
237.747274929376,0.0003449963579892,156.828975652157
237.82801776345,0.000201617395267081,207.63733544656
237.989503431597,0.000214356134890028,-16.4175308367521
238.07024626567,0.00016345110223619,-21.0899403452741
238.272103350854,0.000188325987198756,192.804261707784
238.393217601964,0.000253387094543154,110.775496419189
238.473960436038,0.000185078437780245,246.978869344624
238.595074687148,0.000111961834576191,-47.1611865866253
238.716188938258,0.000257891551672769,23.5256974755148
238.796931772332,0.000287132296425395,-29.5161940177904
238.877674606405,0.000235759269019536,169.984828773139
238.958417440478,0.000294654438595306,-40.4168572173732
239.119903108625,0.000250760217609431,187.488919987106
239.362131610846,0.000230543839305259,202.152290973703
239.483245861956,0.000390558405263996,103.8190170961
239.604360113066,0.000129995161759141,244.496073726508
239.765845781213,0.000121262142308943,-4.26623996606938
239.92733144936,0.000325964986187387,-19.1988766195495
240.048445700471,0.000113384223910831,-49.0043709546616
240.129188534544,9.18009275215961e-05,38.1336150855409
240.209931368618,0.000151678675913482,-30.0516553002326
240.290674202691,0.000127126164464585,-77.4794104227808
240.371417036764,0.000183534631975,-10.6487343015924
240.492531287875,0.000158817329136288,154.241347776345
240.573274121948,0.000149899325146499,180.951646747456
240.734759790095,0.000229446080022042,72.6313602188082
240.815502624169,0.000217086339062983,163.07749260431
240.896245458242,0.000239531792719606,-9.18988718237702
241.017359709352,0.000305612294889624,72.1080540527972
241.138473960463,0.000227510964607374,44.5539275974717
241.219216794536,0.000194655476211829,30.4561939035868
241.29995962861,0.000189705643218993,-84.5869080734456
241.42107387972,9.62221078547927e-05,261.273710795867
241.501816713793,0.000246861969493474,246.726453822769
241.582559547867,0.00018860841690616,-8.61513071852772
241.66330238194,0.000264685189713085,198.891641776292
241.865159467124,0.000225944429414449,-12.1457364594106
241.986273718234,0.00025396129797125,267.365519808101
242.107387969344,0.000205248248431067,-34.336362991852
242.268873637491,0.00010825530601195,196.365309018311
242.349616471565,0.000251537120586024,159.42623644841
242.511102139712,0.000196627982603331,57.7818176793345
242.672587807859,0.000322702770145364,257.97583822002
242.793702058969,0.000426838252135377,5.5837897190262
242.955187727116,0.000255903305101456,25.7875818734979
243.035930561189,0.000292100560787178,-31.6479890573016
243.116673395263,0.000221442362770162,202.589740798833
243.358901897483,0.000167071586778854,236.812081785052
243.480016148594,0.000240105502054266,-61.8544331224163
243.560758982667,0.000127876605546998,186.415820127072
243.762616067851,0.000250999487580437,164.194452015098
243.883730318961,0.000148866534597584,207.236103844176
243.964473153035,0.000156556513180283,161.367009730057
244.045215987108,0.00020394321990523,244.672294042891
244.247073072292,0.000243749096517014,214.728819397947
244.327815906365,0.000180352038628091,245.565820340091
244.408558740439,0.000172756365637985,-67.3268100418483
244.489301574512,9.73038381004713e-05,168.552806150936
244.570044408586,6.64401384843908e-05,-88.3918017763635
244.650787242659,0.000103460622415599,-1.93927178252473
244.852644327843,0.000288909981818183,200.693284883103
244.973758578953,0.000222671057648927,135.79313825507
245.25635849821,0.000132694827261424,4.26744089905908
245.498587000431,0.000347323357545468,126.870513598619
245.619701251541,0.000270787009472532,81.9578113070937
245.740815502651,0.000222025274440381,-56.0919756187267
245.861929753761,0.000288887844507656,147.833625517796
245.942672587835,0.000294796687578183,24.175123674096
246.023415421908,0.000157794325628607,42.2936551552257
246.144529673019,0.000202335409354746,73.1870777613898
246.265643924129,0.00015817490893283,71.9370319787006
246.386758175239,0.000215200089070009,-79.6894406032349
246.548243843386,0.000246837816895068,14.8269057482638
246.709729511533,0.000213699106814985,226.890910978551
246.911586596717,0.000216184227429427,-14.0123754891071
247.032700847827,0.000155335848523223,55.6393804496013
247.1134436819,0.000260030073599433,249.62413031216
247.315300767084,0.000239529604290169,134.183457185817
247.476786435231,0.000274256885898802,30.5130594471544
247.638272103378,0.000245136041676193,-78.8981430023838
247.719014937452,0.000285199471762328,186.024929587905
247.799757771525,0.000171606715718666,52.9109187003439
247.961243439672,0.000299539032241334,-23.839591377684
248.041986273746,0.000219339109069926,123.87772784217
248.122729107819,0.000192806055904515,-50.5628401742706
248.324586193003,0.000240276393027207,-25.7269455554692
248.60718611226,0.000256196499188479,153.104281673199
248.687928946333,8.89847789282101e-05,138.742134215115
248.768671780407,0.000121762615296817,-13.6559751238017
248.84941461448,8.71786490430701e-05,220.636639329459
249.010900282627,0.000300532632655191,251.83081675727
249.132014533738,0.000231815539177248,107.305358913585
249.333871618921,0.00023136787679241,-3.67067905032367
249.414614452995,0.00017566570157286,76.4423344886731
249.495357287068,0.000210086747698322,51.0360554452897
249.616471538178,0.000156021658160021,29.4756664478145
249.777957206325,0.000238473145767698,-17.141344188515
249.899071457436,0.000207429952199595,182.182981906799
