Training console diary: C:\Users\abuj\Code\Reinforcement-Learning-Furuta-Inverted-Pendulum\results\TD3\run_20260706_155021_td3_mathworks_style_pi_current_1d_500hz_near_upright_imeas_scratch\training_console.log
Starting parallel pool (parpool) using the 'Processes' profile ...
Preserving jobs with IDs: 1 because they contain crash dump files.
You can use 'delete(myCluster.Jobs)' to remove all jobs created with profile Processes. To create 'myCluster' use 'myCluster = parcluster('Processes')'.
Connected to parallel pool with 22 workers.
Episode:   1/1500 | Episode reward:   136.26 | Episode steps:  152 | Average reward:   136.26 | Step Count:  152 | Episode Q0:     0.02
Episode:   2/1500 | Episode reward:    80.47 | Episode steps:  135 | Average reward:   108.36 | Step Count:  287 | Episode Q0:     0.02
Episode:   3/1500 | Episode reward:   154.76 | Episode steps:  202 | Average reward:   123.83 | Step Count:  489 | Episode Q0:     0.02
Episode:   4/1500 | Episode reward:   184.16 | Episode steps:  290 | Average reward:   138.91 | Step Count:  779 | Episode Q0:     0.02
Episode:   5/1500 | Episode reward:    57.57 | Episode steps:  114 | Average reward:   122.65 | Step Count:  893 | Episode Q0:     0.02
Episode:   6/1500 | Episode reward:    58.67 | Episode steps:   75 | Average reward:   111.98 | Step Count:  968 | Episode Q0:     0.02
Episode:   7/1500 | Episode reward:   106.35 | Episode steps:  181 | Average reward:   111.18 | Step Count: 1149 | Episode Q0:     0.02
Episode:   8/1500 | Episode reward:   129.23 | Episode steps:  189 | Average reward:   113.44 | Step Count: 1338 | Episode Q0:     0.02
Episode:   9/1500 | Episode reward:    92.88 | Episode steps:  155 | Average reward:   111.15 | Step Count: 1493 | Episode Q0:     0.02
Episode:  10/1500 | Episode reward:    85.31 | Episode steps:  110 | Average reward:   108.57 | Step Count: 1603 | Episode Q0:     0.02
Episode:  11/1500 | Episode reward:   107.81 | Episode steps:  179 | Average reward:   105.72 | Step Count: 1782 | Episode Q0:     0.02
Episode:  12/1500 | Episode reward:   143.77 | Episode steps:  240 | Average reward:   112.05 | Step Count: 2022 | Episode Q0:     0.02
Episode:  13/1500 | Episode reward:    63.83 | Episode steps:   84 | Average reward:   102.96 | Step Count: 2106 | Episode Q0:     0.02
Episode:  14/1500 | Episode reward:    61.74 | Episode steps:   80 | Average reward:    90.72 | Step Count: 2186 | Episode Q0:     0.02
Episode:  15/1500 | Episode reward:    72.74 | Episode steps:  122 | Average reward:    92.23 | Step Count: 2308 | Episode Q0:     0.02
Episode:  16/1500 | Episode reward:    77.55 | Episode steps:   97 | Average reward:    94.12 | Step Count: 2405 | Episode Q0:     0.02
Episode:  17/1500 | Episode reward:   164.29 | Episode steps:  241 | Average reward:    99.91 | Step Count: 2646 | Episode Q0:     0.02
Episode:  18/1500 | Episode reward:    60.73 | Episode steps:  101 | Average reward:    93.06 | Step Count: 2747 | Episode Q0:     0.02
Episode:  19/1500 | Episode reward:   112.10 | Episode steps:  176 | Average reward:    94.99 | Step Count: 2923 | Episode Q0:     0.02
Episode:  20/1500 | Episode reward:    85.72 | Episode steps:  102 | Average reward:    95.03 | Step Count: 3025 | Episode Q0:     0.02
Episode:  21/1500 | Episode reward:    57.17 | Episode steps:   72 | Average reward:    89.96 | Step Count: 3097 | Episode Q0:     0.02
Episode:  22/1500 | Episode reward:    48.42 | Episode steps:   62 | Average reward:    80.43 | Step Count: 3159 | Episode Q0:     0.02
Episode:  23/1500 | Episode reward:    61.48 | Episode steps:   80 | Average reward:    80.19 | Step Count: 3239 | Episode Q0:     0.43
Episode:  24/1500 | Episode reward:   210.73 | Episode steps:  273 | Average reward:    95.09 | Step Count: 3512 | Episode Q0:     0.43
Episode:  25/1500 | Episode reward:    99.20 | Episode steps:  164 | Average reward:    97.74 | Step Count: 3676 | Episode Q0:     0.43
Episode:  26/1500 | Episode reward:    96.40 | Episode steps:  162 | Average reward:    99.62 | Step Count: 3838 | Episode Q0:     0.43
Episode:  27/1500 | Episode reward:    46.19 | Episode steps:   72 | Average reward:    87.81 | Step Count: 3910 | Episode Q0:     0.43
Episode:  28/1500 | Episode reward:    97.16 | Episode steps:  156 | Average reward:    91.46 | Step Count: 4066 | Episode Q0:     0.43
Episode:  29/1500 | Episode reward:    63.81 | Episode steps:  110 | Average reward:    86.63 | Step Count: 4176 | Episode Q0:     0.43
Episode:  30/1500 | Episode reward:    84.59 | Episode steps:  156 | Average reward:    86.51 | Step Count: 4332 | Episode Q0:     0.43
Episode:  31/1500 | Episode reward:    94.72 | Episode steps:  105 | Average reward:    90.27 | Step Count: 4437 | Episode Q0:     0.43
Episode:  32/1500 | Episode reward:    51.04 | Episode steps:   67 | Average reward:    90.53 | Step Count: 4504 | Episode Q0:     0.43
Episode:  33/1500 | Episode reward:    58.53 | Episode steps:   86 | Average reward:    90.24 | Step Count: 4590 | Episode Q0:     0.43
Episode:  34/1500 | Episode reward:    90.67 | Episode steps:  124 | Average reward:    78.23 | Step Count: 4714 | Episode Q0:     0.43
Episode:  35/1500 | Episode reward:    57.52 | Episode steps:   78 | Average reward:    74.06 | Step Count: 4792 | Episode Q0:     0.43
Episode:  36/1500 | Episode reward:   144.58 | Episode steps:  189 | Average reward:    78.88 | Step Count: 4981 | Episode Q0:     0.43
Episode:  37/1500 | Episode reward:   231.37 | Episode steps:  301 | Average reward:    97.40 | Step Count: 5282 | Episode Q0:     0.43
Episode:  38/1500 | Episode reward:    77.14 | Episode steps:   87 | Average reward:    95.40 | Step Count: 5369 | Episode Q0:     0.43
Episode:  39/1500 | Episode reward:    97.75 | Episode steps:  171 | Average reward:    98.79 | Step Count: 5540 | Episode Q0:     0.43
Episode:  40/1500 | Episode reward:    55.40 | Episode steps:   75 | Average reward:    95.87 | Step Count: 5615 | Episode Q0:     0.43
Episode:  41/1500 | Episode reward:    93.80 | Episode steps:  106 | Average reward:    95.78 | Step Count: 5721 | Episode Q0:     0.43
Episode:  42/1500 | Episode reward:    64.88 | Episode steps:  128 | Average reward:    97.17 | Step Count: 5849 | Episode Q0:     0.43
Episode:  43/1500 | Episode reward:    86.76 | Episode steps:  141 | Average reward:    99.99 | Step Count: 5990 | Episode Q0:     0.43
Episode:  44/1500 | Episode reward:    82.16 | Episode steps:  137 | Average reward:    99.14 | Step Count: 6127 | Episode Q0:     0.43
Episode:  45/1500 | Episode reward:    83.10 | Episode steps:  108 | Average reward:   101.70 | Step Count: 6235 | Episode Q0:     0.43
Episode:  46/1500 | Episode reward:    89.16 | Episode steps:  134 | Average reward:    96.15 | Step Count: 6369 | Episode Q0:     0.43
Episode:  47/1500 | Episode reward:   121.02 | Episode steps:  198 | Average reward:    85.12 | Step Count: 6567 | Episode Q0:     0.43
Episode:  48/1500 | Episode reward:    74.13 | Episode steps:   90 | Average reward:    84.82 | Step Count: 6657 | Episode Q0:     0.43
Episode:  49/1500 | Episode reward:    57.19 | Episode steps:   84 | Average reward:    80.76 | Step Count: 6741 | Episode Q0:     0.43
Episode:  50/1500 | Episode reward:    52.92 | Episode steps:   69 | Average reward:    80.51 | Step Count: 6810 | Episode Q0:     0.43
Episode:  51/1500 | Episode reward:   112.05 | Episode steps:  174 | Average reward:    82.34 | Step Count: 6984 | Episode Q0:     0.43
Episode:  52/1500 | Episode reward:    50.53 | Episode steps:   77 | Average reward:    80.90 | Step Count: 7061 | Episode Q0:     0.43
Episode:  53/1500 | Episode reward:    42.99 | Episode steps:   72 | Average reward:    76.53 | Step Count: 7133 | Episode Q0:     0.43
Episode:  54/1500 | Episode reward:    45.39 | Episode steps:   59 | Average reward:    72.85 | Step Count: 7192 | Episode Q0:     0.43
Episode:  55/1500 | Episode reward:    46.41 | Episode steps:   57 | Average reward:    69.18 | Step Count: 7249 | Episode Q0:     0.39
Episode:  56/1500 | Episode reward:    59.96 | Episode steps:   73 | Average reward:    66.26 | Step Count: 7322 | Episode Q0:     0.39
Episode:  57/1500 | Episode reward:   176.18 | Episode steps:  265 | Average reward:    71.77 | Step Count: 7587 | Episode Q0:     0.39
Episode:  58/1500 | Episode reward:   200.40 | Episode steps:  291 | Average reward:    84.40 | Step Count: 7878 | Episode Q0:     0.39
Episode:  59/1500 | Episode reward:    63.96 | Episode steps:   89 | Average reward:    85.08 | Step Count: 7967 | Episode Q0:     0.39
Episode:  60/1500 | Episode reward:    72.54 | Episode steps:  137 | Average reward:    87.04 | Step Count: 8104 | Episode Q0:     0.39
Episode:  61/1500 | Episode reward:    54.12 | Episode steps:   65 | Average reward:    81.25 | Step Count: 8169 | Episode Q0:     0.39
Episode:  62/1500 | Episode reward:    83.15 | Episode steps:  148 | Average reward:    84.51 | Step Count: 8317 | Episode Q0:     0.39
Episode:  63/1500 | Episode reward:    55.96 | Episode steps:  109 | Average reward:    85.81 | Step Count: 8426 | Episode Q0:     0.39
Episode:  64/1500 | Episode reward:    39.31 | Episode steps:   55 | Average reward:    85.20 | Step Count: 8481 | Episode Q0:     0.39
Episode:  65/1500 | Episode reward:    55.83 | Episode steps:   85 | Average reward:    86.14 | Step Count: 8566 | Episode Q0:     0.39
Episode:  66/1500 | Episode reward:    36.77 | Episode steps:   47 | Average reward:    83.82 | Step Count: 8613 | Episode Q0:     0.39
Episode:  67/1500 | Episode reward:    50.33 | Episode steps:   69 | Average reward:    71.24 | Step Count: 8682 | Episode Q0:     0.39
Episode:  68/1500 | Episode reward:    38.54 | Episode steps:   48 | Average reward:    55.05 | Step Count: 8730 | Episode Q0:     0.39
Episode:  69/1500 | Episode reward:    42.80 | Episode steps:   56 | Average reward:    52.94 | Step Count: 8786 | Episode Q0:     0.39
Episode:  70/1500 | Episode reward:    42.25 | Episode steps:   56 | Average reward:    49.91 | Step Count: 8842 | Episode Q0:     0.39
Episode:  71/1500 | Episode reward:    41.75 | Episode steps:   54 | Average reward:    48.67 | Step Count: 8896 | Episode Q0:     0.39
Episode:  72/1500 | Episode reward:    48.92 | Episode steps:   60 | Average reward:    45.25 | Step Count: 8956 | Episode Q0:     0.39
Episode:  73/1500 | Episode reward:    43.89 | Episode steps:   60 | Average reward:    44.04 | Step Count: 9016 | Episode Q0:     0.39
Episode:  74/1500 | Episode reward:    53.04 | Episode steps:   66 | Average reward:    45.41 | Step Count: 9082 | Episode Q0:     0.39
Episode:  75/1500 | Episode reward:    63.85 | Episode steps:   78 | Average reward:    46.21 | Step Count: 9160 | Episode Q0:     0.39
Episode:  76/1500 | Episode reward:    39.89 | Episode steps:   50 | Average reward:    46.53 | Step Count: 9210 | Episode Q0:     0.39
Episode:  77/1500 | Episode reward:    64.07 | Episode steps:   93 | Average reward:    47.90 | Step Count: 9303 | Episode Q0:     0.39
Episode:  78/1500 | Episode reward:    47.19 | Episode steps:   62 | Average reward:    48.76 | Step Count: 9365 | Episode Q0:     0.39
Episode:  79/1500 | Episode reward:    36.54 | Episode steps:   48 | Average reward:    48.14 | Step Count: 9413 | Episode Q0:     0.39
Episode:  80/1500 | Episode reward:    44.26 | Episode steps:   58 | Average reward:    48.34 | Step Count: 9471 | Episode Q0:     0.39
Episode:  81/1500 | Episode reward:    49.52 | Episode steps:   66 | Average reward:    49.12 | Step Count: 9537 | Episode Q0:     0.39
Episode:  82/1500 | Episode reward:    61.74 | Episode steps:   79 | Average reward:    50.40 | Step Count: 9616 | Episode Q0:     0.39
Episode:  83/1500 | Episode reward:    41.21 | Episode steps:   50 | Average reward:    50.13 | Step Count: 9666 | Episode Q0:     0.39
Episode:  84/1500 | Episode reward:    69.96 | Episode steps:  102 | Average reward:    51.82 | Step Count: 9768 | Episode Q0:     0.39
Episode:  85/1500 | Episode reward:    44.78 | Episode steps:   57 | Average reward:    49.92 | Step Count: 9825 | Episode Q0:     0.39
Episode:  86/1500 | Episode reward:    39.78 | Episode steps:   57 | Average reward:    49.91 | Step Count: 9882 | Episode Q0:     0.39
Episode:  87/1500 | Episode reward:    46.44 | Episode steps:   63 | Average reward:    48.14 | Step Count: 9945 | Episode Q0:     0.39
Episode:  88/1500 | Episode reward:    64.09 | Episode steps:   83 | Average reward:    49.83 | Step Count: 10028 | Episode Q0:     0.39
Episode:  89/1500 | Episode reward:    48.14 | Episode steps:   62 | Average reward:    50.99 | Step Count: 10090 | Episode Q0:     0.39
Episode:  90/1500 | Episode reward:    38.13 | Episode steps:   49 | Average reward:    50.38 | Step Count: 10139 | Episode Q0:     0.39
Episode:  91/1500 | Episode reward:    38.20 | Episode steps:   52 | Average reward:    49.25 | Step Count: 10191 | Episode Q0:     0.39
Episode:  92/1500 | Episode reward:    40.54 | Episode steps:   56 | Average reward:    47.13 | Step Count: 10247 | Episode Q0:     0.53
Episode:  93/1500 | Episode reward:    57.69 | Episode steps:   70 | Average reward:    48.78 | Step Count: 10317 | Episode Q0:     0.53
Episode:  94/1500 | Episode reward:    48.25 | Episode steps:   92 | Average reward:    46.60 | Step Count: 10409 | Episode Q0:     0.53
Episode:  95/1500 | Episode reward:    49.43 | Episode steps:   64 | Average reward:    47.07 | Step Count: 10473 | Episode Q0:     0.53
Episode:  96/1500 | Episode reward:    47.47 | Episode steps:   63 | Average reward:    47.84 | Step Count: 10536 | Episode Q0:     0.53
Episode:  97/1500 | Episode reward:    42.21 | Episode steps:   60 | Average reward:    47.42 | Step Count: 10596 | Episode Q0:     0.53
Episode:  98/1500 | Episode reward:    27.57 | Episode steps:   35 | Average reward:    43.76 | Step Count: 10631 | Episode Q0:     0.53
Episode:  99/1500 | Episode reward:    34.56 | Episode steps:   46 | Average reward:    42.41 | Step Count: 10677 | Episode Q0:     0.53
Episode: 100/1500 | Episode reward:    54.17 | Episode steps:   64 | Average reward:    44.01 | Step Count: 10741 | Episode Q0:     0.53
Episode: 101/1500 | Episode reward:    34.89 | Episode steps:   50 | Average reward:    43.68 | Step Count: 10791 | Episode Q0:     0.53
Episode: 102/1500 | Episode reward:    44.53 | Episode steps:   57 | Average reward:    44.08 | Step Count: 10848 | Episode Q0:     0.53
Episode: 103/1500 | Episode reward:    44.73 | Episode steps:   60 | Average reward:    42.78 | Step Count: 10908 | Episode Q0:     0.53
Episode: 104/1500 | Episode reward:    43.00 | Episode steps:   53 | Average reward:    42.26 | Step Count: 10961 | Episode Q0:     0.53
Episode: 105/1500 | Episode reward:    36.64 | Episode steps:   48 | Average reward:    40.98 | Step Count: 11009 | Episode Q0:     0.53
Episode: 106/1500 | Episode reward:    33.96 | Episode steps:   43 | Average reward:    39.63 | Step Count: 11052 | Episode Q0:     0.53
Episode: 107/1500 | Episode reward:    47.52 | Episode steps:   60 | Average reward:    40.16 | Step Count: 11112 | Episode Q0:     0.53
Episode: 108/1500 | Episode reward:    47.12 | Episode steps:   65 | Average reward:    42.11 | Step Count: 11177 | Episode Q0:     0.53
Episode: 109/1500 | Episode reward:    37.81 | Episode steps:   51 | Average reward:    42.44 | Step Count: 11228 | Episode Q0:     0.53
Episode: 110/1500 | Episode reward:    47.38 | Episode steps:   61 | Average reward:    41.76 | Step Count: 11289 | Episode Q0:     0.53
Episode: 111/1500 | Episode reward:    48.15 | Episode steps:   65 | Average reward:    43.08 | Step Count: 11354 | Episode Q0:     0.53
Episode: 112/1500 | Episode reward:    30.74 | Episode steps:   40 | Average reward:    41.70 | Step Count: 11394 | Episode Q0:     0.53
Episode: 113/1500 | Episode reward:    48.36 | Episode steps:   67 | Average reward:    42.07 | Step Count: 11461 | Episode Q0:     0.53
Episode: 114/1500 | Episode reward:    37.74 | Episode steps:   47 | Average reward:    41.54 | Step Count: 11508 | Episode Q0:     0.53
Episode: 115/1500 | Episode reward:    61.29 | Episode steps:   73 | Average reward:    44.01 | Step Count: 11581 | Episode Q0:     0.53
Episode: 116/1500 | Episode reward:    33.74 | Episode steps:   41 | Average reward:    43.99 | Step Count: 11622 | Episode Q0:     0.53
Episode: 117/1500 | Episode reward:    45.11 | Episode steps:   56 | Average reward:    43.75 | Step Count: 11678 | Episode Q0:     0.53
Episode: 118/1500 | Episode reward:    36.16 | Episode steps:   49 | Average reward:    42.65 | Step Count: 11727 | Episode Q0:     0.53
Episode: 119/1500 | Episode reward:    35.36 | Episode steps:   49 | Average reward:    42.40 | Step Count: 11776 | Episode Q0:     0.53
Episode: 120/1500 | Episode reward:    29.67 | Episode steps:   38 | Average reward:    40.63 | Step Count: 11814 | Episode Q0:     0.53
Episode: 121/1500 | Episode reward:    55.98 | Episode steps:   71 | Average reward:    41.42 | Step Count: 11885 | Episode Q0:     0.53
Episode: 122/1500 | Episode reward:    37.33 | Episode steps:   47 | Average reward:    42.08 | Step Count: 11932 | Episode Q0:     0.53
Episode: 123/1500 | Episode reward:    45.20 | Episode steps:   58 | Average reward:    41.76 | Step Count: 11990 | Episode Q0:     0.53
Episode: 124/1500 | Episode reward:    46.86 | Episode steps:   58 | Average reward:    42.67 | Step Count: 12048 | Episode Q0:     0.53
Episode: 125/1500 | Episode reward:    76.17 | Episode steps:  106 | Average reward:    44.16 | Step Count: 12154 | Episode Q0:     0.53
Episode: 126/1500 | Episode reward:    36.71 | Episode steps:   49 | Average reward:    44.45 | Step Count: 12203 | Episode Q0:     0.53
Episode: 127/1500 | Episode reward:    35.36 | Episode steps:   50 | Average reward:    43.48 | Step Count: 12253 | Episode Q0:     0.53
Episode: 128/1500 | Episode reward:    40.46 | Episode steps:   52 | Average reward:    43.91 | Step Count: 12305 | Episode Q0:     0.53
Episode: 129/1500 | Episode reward:    47.82 | Episode steps:   62 | Average reward:    45.15 | Step Count: 12367 | Episode Q0:     0.73
Episode: 130/1500 | Episode reward:    38.98 | Episode steps:   51 | Average reward:    46.09 | Step Count: 12418 | Episode Q0:     0.73
Episode: 131/1500 | Episode reward:    50.53 | Episode steps:   65 | Average reward:    45.54 | Step Count: 12483 | Episode Q0:     0.73
Episode: 132/1500 | Episode reward:    53.28 | Episode steps:   68 | Average reward:    47.14 | Step Count: 12551 | Episode Q0:     0.73
Episode: 133/1500 | Episode reward:    47.28 | Episode steps:   62 | Average reward:    47.34 | Step Count: 12613 | Episode Q0:     0.73
Episode: 134/1500 | Episode reward:    43.52 | Episode steps:   58 | Average reward:    47.01 | Step Count: 12671 | Episode Q0:     0.73
Episode: 135/1500 | Episode reward:    39.48 | Episode steps:   54 | Average reward:    43.34 | Step Count: 12725 | Episode Q0:     0.73
Episode: 136/1500 | Episode reward:    43.71 | Episode steps:   55 | Average reward:    44.04 | Step Count: 12780 | Episode Q0:     0.73
Episode: 137/1500 | Episode reward:    59.26 | Episode steps:   88 | Average reward:    46.43 | Step Count: 12868 | Episode Q0:     0.73
Episode: 138/1500 | Episode reward:    44.94 | Episode steps:   63 | Average reward:    46.88 | Step Count: 12931 | Episode Q0:     0.73
Episode: 139/1500 | Episode reward:    99.70 | Episode steps:  114 | Average reward:    52.07 | Step Count: 13045 | Episode Q0:     0.73
Episode: 140/1500 | Episode reward:    57.32 | Episode steps:   79 | Average reward:    53.90 | Step Count: 13124 | Episode Q0:     0.73
Episode: 141/1500 | Episode reward:    86.26 | Episode steps:  122 | Average reward:    57.48 | Step Count: 13246 | Episode Q0:     0.73
Episode: 142/1500 | Episode reward:    91.95 | Episode steps:  124 | Average reward:    61.34 | Step Count: 13370 | Episode Q0:     0.73
Episode: 143/1500 | Episode reward:    50.07 | Episode steps:   68 | Average reward:    61.62 | Step Count: 13438 | Episode Q0:     0.73
Episode: 144/1500 | Episode reward:    37.24 | Episode steps:   52 | Average reward:    60.99 | Step Count: 13490 | Episode Q0:     0.73
Episode: 145/1500 | Episode reward:    59.72 | Episode steps:   77 | Average reward:    63.02 | Step Count: 13567 | Episode Q0:     0.73
Episode: 146/1500 | Episode reward:    53.17 | Episode steps:   66 | Average reward:    63.96 | Step Count: 13633 | Episode Q0:     0.73
Episode: 147/1500 | Episode reward:    99.09 | Episode steps:  127 | Average reward:    67.94 | Step Count: 13760 | Episode Q0:     0.73
Episode: 148/1500 | Episode reward:    45.06 | Episode steps:   54 | Average reward:    67.96 | Step Count: 13814 | Episode Q0:     0.73
Episode: 149/1500 | Episode reward:    60.97 | Episode steps:   77 | Average reward:    64.09 | Step Count: 13891 | Episode Q0:     0.73
Episode: 150/1500 | Episode reward:    58.20 | Episode steps:   81 | Average reward:    64.17 | Step Count: 13972 | Episode Q0:     0.73
Episode: 151/1500 | Episode reward:    64.36 | Episode steps:   90 | Average reward:    61.98 | Step Count: 14062 | Episode Q0:     0.73
Episode: 152/1500 | Episode reward:    58.50 | Episode steps:   96 | Average reward:    58.64 | Step Count: 14158 | Episode Q0:     0.73
Episode: 153/1500 | Episode reward:    54.63 | Episode steps:   66 | Average reward:    59.09 | Step Count: 14224 | Episode Q0:     0.73
Episode: 154/1500 | Episode reward:    47.28 | Episode steps:   68 | Average reward:    60.10 | Step Count: 14292 | Episode Q0:     0.73
Episode: 155/1500 | Episode reward:    37.98 | Episode steps:   56 | Average reward:    57.93 | Step Count: 14348 | Episode Q0:     0.73
Episode: 156/1500 | Episode reward:    64.67 | Episode steps:   82 | Average reward:    59.08 | Step Count: 14430 | Episode Q0:     0.73
Episode: 157/1500 | Episode reward:    41.69 | Episode steps:   56 | Average reward:    53.34 | Step Count: 14486 | Episode Q0:     0.73
Episode: 158/1500 | Episode reward:    45.62 | Episode steps:   58 | Average reward:    53.39 | Step Count: 14544 | Episode Q0:     0.73
Episode: 159/1500 | Episode reward:    46.24 | Episode steps:   59 | Average reward:    51.92 | Step Count: 14603 | Episode Q0:     0.73
Episode: 160/1500 | Episode reward:   105.66 | Episode steps:  149 | Average reward:    56.66 | Step Count: 14752 | Episode Q0:     0.73
Episode: 161/1500 | Episode reward:    44.92 | Episode steps:   80 | Average reward:    54.72 | Step Count: 14832 | Episode Q0:     0.73
Episode: 162/1500 | Episode reward:    53.48 | Episode steps:   65 | Average reward:    54.22 | Step Count: 14897 | Episode Q0:     0.73
Episode: 163/1500 | Episode reward:    53.09 | Episode steps:   69 | Average reward:    54.06 | Step Count: 14966 | Episode Q0:     0.73
Episode: 164/1500 | Episode reward:    48.69 | Episode steps:   70 | Average reward:    54.20 | Step Count: 15036 | Episode Q0:     0.73
Episode: 165/1500 | Episode reward:    39.37 | Episode steps:   58 | Average reward:    54.34 | Step Count: 15094 | Episode Q0:     0.73
Episode: 166/1500 | Episode reward:    57.95 | Episode steps:   76 | Average reward:    53.67 | Step Count: 15170 | Episode Q0:     0.99
Episode: 167/1500 | Episode reward:    42.47 | Episode steps:   55 | Average reward:    53.75 | Step Count: 15225 | Episode Q0:     0.99
Episode: 168/1500 | Episode reward:    57.06 | Episode steps:   72 | Average reward:    54.89 | Step Count: 15297 | Episode Q0:     0.99
Episode: 169/1500 | Episode reward:    56.40 | Episode steps:   69 | Average reward:    55.91 | Step Count: 15366 | Episode Q0:     0.99
Episode: 170/1500 | Episode reward:    39.77 | Episode steps:   51 | Average reward:    49.32 | Step Count: 15417 | Episode Q0:     0.99
Episode: 171/1500 | Episode reward:    46.56 | Episode steps:   64 | Average reward:    49.48 | Step Count: 15481 | Episode Q0:     0.99
Episode: 172/1500 | Episode reward:    37.16 | Episode steps:   70 | Average reward:    47.85 | Step Count: 15551 | Episode Q0:     0.99
Episode: 173/1500 | Episode reward:   116.10 | Episode steps:  224 | Average reward:    54.15 | Step Count: 15775 | Episode Q0:     0.99
Episode: 174/1500 | Episode reward:    75.37 | Episode steps:  100 | Average reward:    56.82 | Step Count: 15875 | Episode Q0:     0.99
Episode: 175/1500 | Episode reward:   155.76 | Episode steps:  189 | Average reward:    68.46 | Step Count: 16064 | Episode Q0:     0.99
Episode: 176/1500 | Episode reward:   122.97 | Episode steps:  158 | Average reward:    74.96 | Step Count: 16222 | Episode Q0:     0.99
Episode: 177/1500 | Episode reward:   134.97 | Episode steps:  165 | Average reward:    84.21 | Step Count: 16387 | Episode Q0:     0.99
Episode: 178/1500 | Episode reward:    91.78 | Episode steps:  142 | Average reward:    87.69 | Step Count: 16529 | Episode Q0:     0.99
Episode: 179/1500 | Episode reward:   153.26 | Episode steps:  185 | Average reward:    97.37 | Step Count: 16714 | Episode Q0:     0.99
Episode: 180/1500 | Episode reward:   145.27 | Episode steps:  178 | Average reward:   107.92 | Step Count: 16892 | Episode Q0:     0.99
Episode: 181/1500 | Episode reward:    94.05 | Episode steps:  163 | Average reward:   112.67 | Step Count: 17055 | Episode Q0:     0.99
Episode: 182/1500 | Episode reward:   274.07 | Episode steps:  363 | Average reward:   136.36 | Step Count: 17418 | Episode Q0:     0.99
Episode: 183/1500 | Episode reward:   127.14 | Episode steps:  154 | Average reward:   137.46 | Step Count: 17572 | Episode Q0:     0.99
Episode: 184/1500 | Episode reward:   122.50 | Episode steps:  184 | Average reward:   142.18 | Step Count: 17756 | Episode Q0:     0.99
Episode: 185/1500 | Episode reward:   115.04 | Episode steps:  180 | Average reward:   138.11 | Step Count: 17936 | Episode Q0:     0.99
Episode: 186/1500 | Episode reward:   108.59 | Episode steps:  180 | Average reward:   136.67 | Step Count: 18116 | Episode Q0:     0.99
Episode: 187/1500 | Episode reward:    93.08 | Episode steps:  168 | Average reward:   132.48 | Step Count: 18284 | Episode Q0:     0.99
Episode: 188/1500 | Episode reward:    77.99 | Episode steps:  104 | Average reward:   131.10 | Step Count: 18388 | Episode Q0:     0.99
Episode: 189/1500 | Episode reward:   120.62 | Episode steps:  149 | Average reward:   127.83 | Step Count: 18537 | Episode Q0:     0.99
Episode: 190/1500 | Episode reward:   126.39 | Episode steps:  152 | Average reward:   125.95 | Step Count: 18689 | Episode Q0:     0.99
Episode: 191/1500 | Episode reward:   160.68 | Episode steps:  221 | Average reward:   132.61 | Step Count: 18910 | Episode Q0:     0.99
Episode: 192/1500 | Episode reward:   168.41 | Episode steps:  256 | Average reward:   122.04 | Step Count: 19166 | Episode Q0:     0.99
Episode: 193/1500 | Episode reward:    96.52 | Episode steps:  128 | Average reward:   118.98 | Step Count: 19294 | Episode Q0:     0.99
Episode: 194/1500 | Episode reward:   141.28 | Episode steps:  214 | Average reward:   120.86 | Step Count: 19508 | Episode Q0:     0.99
Episode: 195/1500 | Episode reward:   208.87 | Episode steps:  300 | Average reward:   130.24 | Step Count: 19808 | Episode Q0:     0.99
Episode: 196/1500 | Episode reward:    54.35 | Episode steps:  106 | Average reward:   124.82 | Step Count: 19914 | Episode Q0:     0.99
Episode: 197/1500 | Episode reward:    67.15 | Episode steps:  127 | Average reward:   122.23 | Step Count: 20041 | Episode Q0:     0.99
Episode: 198/1500 | Episode reward:   123.01 | Episode steps:  175 | Average reward:   126.73 | Step Count: 20216 | Episode Q0:     0.99
Episode: 199/1500 | Episode reward:    61.78 | Episode steps:  109 | Average reward:   120.85 | Step Count: 20325 | Episode Q0:     0.99
Episode: 200/1500 | Episode reward:    94.32 | Episode steps:  157 | Average reward:   117.64 | Step Count: 20482 | Episode Q0:     0.99
Episode: 201/1500 | Episode reward:    97.11 | Episode steps:  130 | Average reward:   111.28 | Step Count: 20612 | Episode Q0:     0.99
Episode: 202/1500 | Episode reward:    68.03 | Episode steps:   97 | Average reward:   101.24 | Step Count: 20709 | Episode Q0:     1.23
Episode: 203/1500 | Episode reward:   146.81 | Episode steps:  173 | Average reward:   106.27 | Step Count: 20882 | Episode Q0:     1.23
Episode: 204/1500 | Episode reward:   123.30 | Episode steps:  183 | Average reward:   104.47 | Step Count: 21065 | Episode Q0:     1.23
Episode: 205/1500 | Episode reward:   143.49 | Episode steps:  174 | Average reward:    97.94 | Step Count: 21239 | Episode Q0:     1.23
Episode: 206/1500 | Episode reward:   150.74 | Episode steps:  213 | Average reward:   107.58 | Step Count: 21452 | Episode Q0:     1.23
Episode: 207/1500 | Episode reward:   122.57 | Episode steps:  156 | Average reward:   113.12 | Step Count: 21608 | Episode Q0:     1.23
Episode: 208/1500 | Episode reward:   122.03 | Episode steps:  168 | Average reward:   113.02 | Step Count: 21776 | Episode Q0:     1.23
Episode: 209/1500 | Episode reward:    74.46 | Episode steps:  117 | Average reward:   114.29 | Step Count: 21893 | Episode Q0:     1.23
Episode: 210/1500 | Episode reward:    95.39 | Episode steps:  134 | Average reward:   114.39 | Step Count: 22027 | Episode Q0:     1.23
Episode: 211/1500 | Episode reward:    67.59 | Episode steps:   94 | Average reward:   111.44 | Step Count: 22121 | Episode Q0:     1.23
Episode: 212/1500 | Episode reward:   158.25 | Episode steps:  261 | Average reward:   120.46 | Step Count: 22382 | Episode Q0:     1.23
Episode: 213/1500 | Episode reward:   144.27 | Episode steps:  178 | Average reward:   120.21 | Step Count: 22560 | Episode Q0:     1.23
Episode: 214/1500 | Episode reward:    63.77 | Episode steps:   95 | Average reward:   114.26 | Step Count: 22655 | Episode Q0:     1.23
Episode: 215/1500 | Episode reward:   128.20 | Episode steps:  158 | Average reward:   112.73 | Step Count: 22813 | Episode Q0:     1.23
Episode: 216/1500 | Episode reward:   135.37 | Episode steps:  171 | Average reward:   111.19 | Step Count: 22984 | Episode Q0:     1.23
Episode: 217/1500 | Episode reward:    76.99 | Episode steps:   86 | Average reward:   106.63 | Step Count: 23070 | Episode Q0:     1.23
Episode: 218/1500 | Episode reward:   160.32 | Episode steps:  267 | Average reward:   110.46 | Step Count: 23337 | Episode Q0:     1.23
Episode: 219/1500 | Episode reward:    68.96 | Episode steps:   97 | Average reward:   109.91 | Step Count: 23434 | Episode Q0:     1.23
Episode: 220/1500 | Episode reward:   100.14 | Episode steps:  134 | Average reward:   110.39 | Step Count: 23568 | Episode Q0:     1.23
Episode: 221/1500 | Episode reward:   177.93 | Episode steps:  273 | Average reward:   121.42 | Step Count: 23841 | Episode Q0:     1.23
Episode: 222/1500 | Episode reward:   133.23 | Episode steps:  158 | Average reward:   118.92 | Step Count: 23999 | Episode Q0:     1.23
Episode: 223/1500 | Episode reward:    74.42 | Episode steps:  145 | Average reward:   111.93 | Step Count: 24144 | Episode Q0:     1.23
Episode: 224/1500 | Episode reward:   200.50 | Episode steps:  278 | Average reward:   125.61 | Step Count: 24422 | Episode Q0:     1.23
Episode: 225/1500 | Episode reward:   147.89 | Episode steps:  190 | Average reward:   127.58 | Step Count: 24612 | Episode Q0:     1.23
Episode: 226/1500 | Episode reward:   161.75 | Episode steps:  196 | Average reward:   130.21 | Step Count: 24808 | Episode Q0:     1.23
Episode: 227/1500 | Episode reward:   120.21 | Episode steps:  161 | Average reward:   134.54 | Step Count: 24969 | Episode Q0:     1.23
Episode: 228/1500 | Episode reward:   149.31 | Episode steps:  214 | Average reward:   133.43 | Step Count: 25183 | Episode Q0:     1.23
Episode: 229/1500 | Episode reward:    81.11 | Episode steps:  115 | Average reward:   134.65 | Step Count: 25298 | Episode Q0:     1.23
Episode: 230/1500 | Episode reward:   116.79 | Episode steps:  159 | Average reward:   136.31 | Step Count: 25457 | Episode Q0:     1.23
Episode: 231/1500 | Episode reward:    82.24 | Episode steps:  130 | Average reward:   126.74 | Step Count: 25587 | Episode Q0:     1.23
Episode: 232/1500 | Episode reward:   139.58 | Episode steps:  228 | Average reward:   127.38 | Step Count: 25815 | Episode Q0:     1.23
Episode: 233/1500 | Episode reward:    96.98 | Episode steps:  136 | Average reward:   129.64 | Step Count: 25951 | Episode Q0:     1.23
Episode: 234/1500 | Episode reward:   112.78 | Episode steps:  147 | Average reward:   120.86 | Step Count: 26098 | Episode Q0:     1.23
Episode: 235/1500 | Episode reward:    61.91 | Episode steps:   81 | Average reward:   112.27 | Step Count: 26179 | Episode Q0:     1.23
Episode: 236/1500 | Episode reward:   135.34 | Episode steps:  206 | Average reward:   109.63 | Step Count: 26385 | Episode Q0:     1.23
Episode: 237/1500 | Episode reward:    93.52 | Episode steps:  103 | Average reward:   106.96 | Step Count: 26488 | Episode Q0:     1.55
Episode: 238/1500 | Episode reward:   131.41 | Episode steps:  165 | Average reward:   105.17 | Step Count: 26653 | Episode Q0:     1.55
Episode: 239/1500 | Episode reward:    64.69 | Episode steps:  117 | Average reward:   103.53 | Step Count: 26770 | Episode Q0:     1.55
Episode: 240/1500 | Episode reward:    79.10 | Episode steps:  128 | Average reward:    99.76 | Step Count: 26898 | Episode Q0:     1.55
Episode: 241/1500 | Episode reward:   147.16 | Episode steps:  189 | Average reward:   106.25 | Step Count: 27087 | Episode Q0:     1.55
Episode: 242/1500 | Episode reward:   123.22 | Episode steps:  167 | Average reward:   104.61 | Step Count: 27254 | Episode Q0:     1.55
Episode: 243/1500 | Episode reward:   114.51 | Episode steps:  255 | Average reward:   106.37 | Step Count: 27509 | Episode Q0:     1.55
Episode: 244/1500 | Episode reward:    55.27 | Episode steps:  101 | Average reward:   100.61 | Step Count: 27610 | Episode Q0:     1.55
Episode: 245/1500 | Episode reward:    56.44 | Episode steps:  111 | Average reward:   100.07 | Step Count: 27721 | Episode Q0:     1.55
Episode: 246/1500 | Episode reward:   148.86 | Episode steps:  223 | Average reward:   101.42 | Step Count: 27944 | Episode Q0:     1.55
Episode: 247/1500 | Episode reward:    50.75 | Episode steps:   96 | Average reward:    97.14 | Step Count: 28040 | Episode Q0:     1.55
Episode: 248/1500 | Episode reward:   100.57 | Episode steps:  152 | Average reward:    94.06 | Step Count: 28192 | Episode Q0:     1.55
Episode: 249/1500 | Episode reward:   190.12 | Episode steps:  259 | Average reward:   106.60 | Step Count: 28451 | Episode Q0:     1.55
Episode: 250/1500 | Episode reward:   128.56 | Episode steps:  192 | Average reward:   111.55 | Step Count: 28643 | Episode Q0:     1.55
Episode: 251/1500 | Episode reward:   159.53 | Episode steps:  245 | Average reward:   112.78 | Step Count: 28888 | Episode Q0:     1.55
Episode: 252/1500 | Episode reward:    84.65 | Episode steps:  127 | Average reward:   108.93 | Step Count: 29015 | Episode Q0:     1.55
Episode: 253/1500 | Episode reward:   325.03 | Episode steps:  441 | Average reward:   129.98 | Step Count: 29456 | Episode Q0:     1.55
Episode: 254/1500 | Episode reward:   163.10 | Episode steps:  218 | Average reward:   140.76 | Step Count: 29674 | Episode Q0:     1.55
Episode: 255/1500 | Episode reward:    85.21 | Episode steps:  102 | Average reward:   143.64 | Step Count: 29776 | Episode Q0:     1.55
Episode: 256/1500 | Episode reward:   105.59 | Episode steps:  165 | Average reward:   139.31 | Step Count: 29941 | Episode Q0:     1.55
Episode: 257/1500 | Episode reward:    82.13 | Episode steps:  143 | Average reward:   142.45 | Step Count: 30084 | Episode Q0:     1.55
Episode: 258/1500 | Episode reward:   103.55 | Episode steps:  159 | Average reward:   142.75 | Step Count: 30243 | Episode Q0:     1.55
Episode: 259/1500 | Episode reward:   143.01 | Episode steps:  202 | Average reward:   138.04 | Step Count: 30445 | Episode Q0:     1.55
Episode: 260/1500 | Episode reward:    60.50 | Episode steps:   74 | Average reward:   131.23 | Step Count: 30519 | Episode Q0:     1.55
Episode: 261/1500 | Episode reward:   101.91 | Episode steps:  146 | Average reward:   125.47 | Step Count: 30665 | Episode Q0:     1.55
Episode: 262/1500 | Episode reward:   135.45 | Episode steps:  177 | Average reward:   130.55 | Step Count: 30842 | Episode Q0:     1.55
Episode: 263/1500 | Episode reward:    81.82 | Episode steps:  138 | Average reward:   106.23 | Step Count: 30980 | Episode Q0:     1.55
Episode: 264/1500 | Episode reward:   157.30 | Episode steps:  179 | Average reward:   105.65 | Step Count: 31159 | Episode Q0:     1.55
Episode: 265/1500 | Episode reward:   126.69 | Episode steps:  197 | Average reward:   109.79 | Step Count: 31356 | Episode Q0:     1.55
Episode: 266/1500 | Episode reward:    80.37 | Episode steps:  129 | Average reward:   107.27 | Step Count: 31485 | Episode Q0:     1.55
Episode: 267/1500 | Episode reward:   136.86 | Episode steps:  183 | Average reward:   112.75 | Step Count: 31668 | Episode Q0:     1.55
Episode: 268/1500 | Episode reward:   199.97 | Episode steps:  225 | Average reward:   122.39 | Step Count: 31893 | Episode Q0:     1.55
Episode: 269/1500 | Episode reward:   110.41 | Episode steps:  165 | Average reward:   119.13 | Step Count: 32058 | Episode Q0:     1.55
Episode: 270/1500 | Episode reward:   161.13 | Episode steps:  220 | Average reward:   129.19 | Step Count: 32278 | Episode Q0:     1.55
Episode: 271/1500 | Episode reward:    86.37 | Episode steps:  129 | Average reward:   127.64 | Step Count: 32407 | Episode Q0:     1.98
Episode: 272/1500 | Episode reward:   100.60 | Episode steps:  139 | Average reward:   124.15 | Step Count: 32546 | Episode Q0:     1.98
Episode: 273/1500 | Episode reward:    88.70 | Episode steps:  143 | Average reward:   124.84 | Step Count: 32689 | Episode Q0:     1.98
Episode: 274/1500 | Episode reward:   116.91 | Episode steps:  167 | Average reward:   120.80 | Step Count: 32856 | Episode Q0:     1.98
Episode: 275/1500 | Episode reward:   193.54 | Episode steps:  241 | Average reward:   127.49 | Step Count: 33097 | Episode Q0:     1.98
Episode: 276/1500 | Episode reward:   134.50 | Episode steps:  183 | Average reward:   132.90 | Step Count: 33280 | Episode Q0:     1.98
Episode: 277/1500 | Episode reward:   164.62 | Episode steps:  244 | Average reward:   135.68 | Step Count: 33524 | Episode Q0:     1.98
Episode: 278/1500 | Episode reward:   126.99 | Episode steps:  168 | Average reward:   128.38 | Step Count: 33692 | Episode Q0:     1.98
Episode: 279/1500 | Episode reward:   152.42 | Episode steps:  233 | Average reward:   132.58 | Step Count: 33925 | Episode Q0:     1.98
Episode: 280/1500 | Episode reward:   125.66 | Episode steps:  185 | Average reward:   129.03 | Step Count: 34110 | Episode Q0:     1.98
Episode: 281/1500 | Episode reward:   229.42 | Episode steps:  357 | Average reward:   143.34 | Step Count: 34467 | Episode Q0:     1.98
Episode: 282/1500 | Episode reward:    92.01 | Episode steps:  148 | Average reward:   142.48 | Step Count: 34615 | Episode Q0:     1.98
Episode: 283/1500 | Episode reward:   167.74 | Episode steps:  247 | Average reward:   150.38 | Step Count: 34862 | Episode Q0:     1.98
Episode: 284/1500 | Episode reward:   162.95 | Episode steps:  238 | Average reward:   154.99 | Step Count: 35100 | Episode Q0:     1.98
Episode: 285/1500 | Episode reward:   160.34 | Episode steps:  246 | Average reward:   151.66 | Step Count: 35346 | Episode Q0:     1.98
Episode: 286/1500 | Episode reward:   138.37 | Episode steps:  195 | Average reward:   152.05 | Step Count: 35541 | Episode Q0:     1.98
Episode: 287/1500 | Episode reward:   145.54 | Episode steps:  217 | Average reward:   150.14 | Step Count: 35758 | Episode Q0:     1.98
Episode: 288/1500 | Episode reward:   137.99 | Episode steps:  244 | Average reward:   151.24 | Step Count: 36002 | Episode Q0:     1.98
Episode: 289/1500 | Episode reward:   157.63 | Episode steps:  235 | Average reward:   151.77 | Step Count: 36237 | Episode Q0:     1.98
Episode: 290/1500 | Episode reward:    77.41 | Episode steps:   92 | Average reward:   146.94 | Step Count: 36329 | Episode Q0:     1.98
Episode: 291/1500 | Episode reward:   132.02 | Episode steps:  211 | Average reward:   137.20 | Step Count: 36540 | Episode Q0:     1.98
Episode: 292/1500 | Episode reward:   149.36 | Episode steps:  191 | Average reward:   142.93 | Step Count: 36731 | Episode Q0:     1.98
Episode: 293/1500 | Episode reward:   145.74 | Episode steps:  226 | Average reward:   140.74 | Step Count: 36957 | Episode Q0:     1.98
Episode: 294/1500 | Episode reward:   137.68 | Episode steps:  208 | Average reward:   138.21 | Step Count: 37165 | Episode Q0:     1.98
Episode: 295/1500 | Episode reward:   106.97 | Episode steps:  122 | Average reward:   132.87 | Step Count: 37287 | Episode Q0:     1.98
Episode: 296/1500 | Episode reward:   116.81 | Episode steps:  204 | Average reward:   130.71 | Step Count: 37491 | Episode Q0:     1.98
Episode: 297/1500 | Episode reward:   194.50 | Episode steps:  271 | Average reward:   135.61 | Step Count: 37762 | Episode Q0:     1.98
Episode: 298/1500 | Episode reward:   121.72 | Episode steps:  194 | Average reward:   133.98 | Step Count: 37956 | Episode Q0:     1.98
Episode: 299/1500 | Episode reward:   237.76 | Episode steps:  291 | Average reward:   142.00 | Step Count: 38247 | Episode Q0:     1.98
Episode: 300/1500 | Episode reward:   318.05 | Episode steps:  465 | Average reward:   166.06 | Step Count: 38712 | Episode Q0:     1.98
Episode: 301/1500 | Episode reward:   177.68 | Episode steps:  271 | Average reward:   170.63 | Step Count: 38983 | Episode Q0:     1.98
Episode: 302/1500 | Episode reward:   128.90 | Episode steps:  196 | Average reward:   168.58 | Step Count: 39179 | Episode Q0:     1.98
Episode: 303/1500 | Episode reward:   134.77 | Episode steps:  149 | Average reward:   167.48 | Step Count: 39328 | Episode Q0:     1.98
Episode: 304/1500 | Episode reward:   157.90 | Episode steps:  235 | Average reward:   169.51 | Step Count: 39563 | Episode Q0:     2.56
Episode: 305/1500 | Episode reward:    78.96 | Episode steps:   96 | Average reward:   166.71 | Step Count: 39659 | Episode Q0:     2.56
Episode: 306/1500 | Episode reward:   127.91 | Episode steps:  208 | Average reward:   167.82 | Step Count: 39867 | Episode Q0:     2.56
Episode: 307/1500 | Episode reward:   181.34 | Episode steps:  262 | Average reward:   166.50 | Step Count: 40129 | Episode Q0:     2.56
Episode: 308/1500 | Episode reward:   141.64 | Episode steps:  222 | Average reward:   168.49 | Step Count: 40351 | Episode Q0:     2.56
Episode: 309/1500 | Episode reward:   207.71 | Episode steps:  270 | Average reward:   165.49 | Step Count: 40621 | Episode Q0:     2.56
Episode: 310/1500 | Episode reward:   157.28 | Episode steps:  232 | Average reward:   149.41 | Step Count: 40853 | Episode Q0:     2.56
Episode: 311/1500 | Episode reward:   175.81 | Episode steps:  258 | Average reward:   149.22 | Step Count: 41111 | Episode Q0:     2.56
Episode: 312/1500 | Episode reward:    99.50 | Episode steps:  158 | Average reward:   146.28 | Step Count: 41269 | Episode Q0:     2.56
Episode: 313/1500 | Episode reward:   206.24 | Episode steps:  314 | Average reward:   153.43 | Step Count: 41583 | Episode Q0:     2.56
Episode: 314/1500 | Episode reward:   139.44 | Episode steps:  212 | Average reward:   151.58 | Step Count: 41795 | Episode Q0:     2.56
Episode: 315/1500 | Episode reward:   102.09 | Episode steps:  144 | Average reward:   153.90 | Step Count: 41939 | Episode Q0:     2.56
Episode: 316/1500 | Episode reward:   139.27 | Episode steps:  208 | Average reward:   155.03 | Step Count: 42147 | Episode Q0:     2.56
Episode: 317/1500 | Episode reward:    56.45 | Episode steps:   78 | Average reward:   142.54 | Step Count: 42225 | Episode Q0:     2.56
Episode: 318/1500 | Episode reward:   103.36 | Episode steps:  112 | Average reward:   138.72 | Step Count: 42337 | Episode Q0:     2.56
Episode: 319/1500 | Episode reward:   202.43 | Episode steps:  324 | Average reward:   138.19 | Step Count: 42661 | Episode Q0:     2.56
Episode: 320/1500 | Episode reward:   274.40 | Episode steps:  409 | Average reward:   149.90 | Step Count: 43070 | Episode Q0:     2.56
Episode: 321/1500 | Episode reward:   192.44 | Episode steps:  270 | Average reward:   151.56 | Step Count: 43340 | Episode Q0:     2.56
Episode: 322/1500 | Episode reward:   151.92 | Episode steps:  237 | Average reward:   156.80 | Step Count: 43577 | Episode Q0:     2.56
Episode: 323/1500 | Episode reward:   176.95 | Episode steps:  243 | Average reward:   153.87 | Step Count: 43820 | Episode Q0:     2.56
Episode: 324/1500 | Episode reward:   112.88 | Episode steps:  182 | Average reward:   151.22 | Step Count: 44002 | Episode Q0:     2.56
Episode: 325/1500 | Episode reward:   108.45 | Episode steps:  171 | Average reward:   151.85 | Step Count: 44173 | Episode Q0:     2.56
Episode: 326/1500 | Episode reward:    52.46 | Episode steps:   67 | Average reward:   143.17 | Step Count: 44240 | Episode Q0:     2.56
Episode: 327/1500 | Episode reward:   130.45 | Episode steps:  195 | Average reward:   150.57 | Step Count: 44435 | Episode Q0:     2.56
Episode: 328/1500 | Episode reward:    69.28 | Episode steps:  131 | Average reward:   147.17 | Step Count: 44566 | Episode Q0:     2.56
Episode: 329/1500 | Episode reward:   139.73 | Episode steps:  211 | Average reward:   140.90 | Step Count: 44777 | Episode Q0:     2.56
Episode: 330/1500 | Episode reward:   152.53 | Episode steps:  224 | Average reward:   128.71 | Step Count: 45001 | Episode Q0:     2.56
Episode: 331/1500 | Episode reward:   315.03 | Episode steps:  500 | Average reward:   140.97 | Step Count: 45501 | Episode Q0:     2.56
Episode: 332/1500 | Episode reward:   191.92 | Episode steps:  265 | Average reward:   144.97 | Step Count: 45766 | Episode Q0:     2.56
Episode: 333/1500 | Episode reward:   139.94 | Episode steps:  207 | Average reward:   141.27 | Step Count: 45973 | Episode Q0:     2.56
Episode: 334/1500 | Episode reward:   169.89 | Episode steps:  259 | Average reward:   146.97 | Step Count: 46232 | Episode Q0:     2.56
Episode: 335/1500 | Episode reward:   134.66 | Episode steps:  210 | Average reward:   149.59 | Step Count: 46442 | Episode Q0:     3.39
Episode: 336/1500 | Episode reward:   131.66 | Episode steps:  211 | Average reward:   157.51 | Step Count: 46653 | Episode Q0:     3.39
Episode: 337/1500 | Episode reward:   122.93 | Episode steps:  185 | Average reward:   156.76 | Step Count: 46838 | Episode Q0:     3.39
Episode: 338/1500 | Episode reward:   242.94 | Episode steps:  317 | Average reward:   174.12 | Step Count: 47155 | Episode Q0:     3.39
Episode: 339/1500 | Episode reward:   212.51 | Episode steps:  303 | Average reward:   181.40 | Step Count: 47458 | Episode Q0:     3.39
Episode: 340/1500 | Episode reward:    62.78 | Episode steps:   88 | Average reward:   172.43 | Step Count: 47546 | Episode Q0:     3.39
Episode: 341/1500 | Episode reward:   163.60 | Episode steps:  252 | Average reward:   157.28 | Step Count: 47798 | Episode Q0:     3.39
Episode: 342/1500 | Episode reward:   133.33 | Episode steps:  207 | Average reward:   151.42 | Step Count: 48005 | Episode Q0:     3.39
Episode: 343/1500 | Episode reward:    70.57 | Episode steps:  129 | Average reward:   144.49 | Step Count: 48134 | Episode Q0:     3.39
Episode: 344/1500 | Episode reward:    73.15 | Episode steps:   93 | Average reward:   134.81 | Step Count: 48227 | Episode Q0:     3.39
Episode: 345/1500 | Episode reward:   137.97 | Episode steps:  203 | Average reward:   135.14 | Step Count: 48430 | Episode Q0:     3.39
Episode: 346/1500 | Episode reward:   141.04 | Episode steps:  215 | Average reward:   136.08 | Step Count: 48645 | Episode Q0:     3.39
Episode: 347/1500 | Episode reward:   148.46 | Episode steps:  246 | Average reward:   138.63 | Step Count: 48891 | Episode Q0:     3.39
Episode: 348/1500 | Episode reward:   330.83 | Episode steps:  500 | Average reward:   147.42 | Step Count: 49391 | Episode Q0:     3.39
Episode: 349/1500 | Episode reward:    86.51 | Episode steps:  150 | Average reward:   134.82 | Step Count: 49541 | Episode Q0:     3.39
Episode: 350/1500 | Episode reward:    54.83 | Episode steps:   66 | Average reward:   134.03 | Step Count: 49607 | Episode Q0:     3.39
Episode: 351/1500 | Episode reward:   112.14 | Episode steps:  171 | Average reward:   128.88 | Step Count: 49778 | Episode Q0:     3.39
Episode: 352/1500 | Episode reward:    55.94 | Episode steps:   67 | Average reward:   121.14 | Step Count: 49845 | Episode Q0:     3.39
Episode: 353/1500 | Episode reward:    69.17 | Episode steps:  120 | Average reward:   121.00 | Step Count: 49965 | Episode Q0:     3.39
Episode: 354/1500 | Episode reward:   167.84 | Episode steps:  252 | Average reward:   130.47 | Step Count: 50217 | Episode Q0:     3.39
Episode: 355/1500 | Episode reward:   149.60 | Episode steps:  232 | Average reward:   131.64 | Step Count: 50449 | Episode Q0:     3.39
Episode: 356/1500 | Episode reward:   101.71 | Episode steps:  159 | Average reward:   127.70 | Step Count: 50608 | Episode Q0:     3.39
Episode: 357/1500 | Episode reward:    71.48 | Episode steps:  116 | Average reward:   120.01 | Step Count: 50724 | Episode Q0:     3.39
Episode: 358/1500 | Episode reward:   128.33 | Episode steps:  190 | Average reward:    99.76 | Step Count: 50914 | Episode Q0:     3.39
Episode: 359/1500 | Episode reward:    51.81 | Episode steps:   67 | Average reward:    96.28 | Step Count: 50981 | Episode Q0:     3.39
Episode: 360/1500 | Episode reward:   131.67 | Episode steps:  204 | Average reward:   103.97 | Step Count: 51185 | Episode Q0:     3.39
Episode: 361/1500 | Episode reward:    81.97 | Episode steps:  139 | Average reward:   100.95 | Step Count: 51324 | Episode Q0:     3.39
Episode: 362/1500 | Episode reward:   157.98 | Episode steps:  245 | Average reward:   111.16 | Step Count: 51569 | Episode Q0:     3.39
Episode: 363/1500 | Episode reward:   127.23 | Episode steps:  194 | Average reward:   116.96 | Step Count: 51763 | Episode Q0:     3.39
Episode: 364/1500 | Episode reward:    71.31 | Episode steps:  117 | Average reward:   107.31 | Step Count: 51880 | Episode Q0:     3.39
Episode: 365/1500 | Episode reward:   168.10 | Episode steps:  249 | Average reward:   109.16 | Step Count: 52129 | Episode Q0:     3.39
Episode: 366/1500 | Episode reward:    48.11 | Episode steps:   62 | Average reward:   103.80 | Step Count: 52191 | Episode Q0:     3.39
Episode: 367/1500 | Episode reward:   157.68 | Episode steps:  226 | Average reward:   112.42 | Step Count: 52417 | Episode Q0:     3.39
Episode: 368/1500 | Episode reward:    98.92 | Episode steps:  169 | Average reward:   109.48 | Step Count: 52586 | Episode Q0:     3.39
Episode: 369/1500 | Episode reward:   179.49 | Episode steps:  261 | Average reward:   122.25 | Step Count: 52847 | Episode Q0:     3.39
Episode: 370/1500 | Episode reward:   129.42 | Episode steps:  194 | Average reward:   122.02 | Step Count: 53041 | Episode Q0:     4.51
Episode: 371/1500 | Episode reward:    49.44 | Episode steps:   63 | Average reward:   118.77 | Step Count: 53104 | Episode Q0:     4.51
Episode: 372/1500 | Episode reward:   112.90 | Episode steps:  176 | Average reward:   114.26 | Step Count: 53280 | Episode Q0:     4.51
Episode: 373/1500 | Episode reward:   178.89 | Episode steps:  274 | Average reward:   119.43 | Step Count: 53554 | Episode Q0:     4.51
Episode: 374/1500 | Episode reward:   130.67 | Episode steps:  198 | Average reward:   125.36 | Step Count: 53752 | Episode Q0:     4.51
Episode: 375/1500 | Episode reward:   171.24 | Episode steps:  251 | Average reward:   125.67 | Step Count: 54003 | Episode Q0:     4.51
Episode: 376/1500 | Episode reward:    69.72 | Episode steps:   90 | Average reward:   127.84 | Step Count: 54093 | Episode Q0:     4.51
Episode: 377/1500 | Episode reward:   178.77 | Episode steps:  265 | Average reward:   129.94 | Step Count: 54358 | Episode Q0:     4.51
Episode: 378/1500 | Episode reward:   118.81 | Episode steps:  184 | Average reward:   131.93 | Step Count: 54542 | Episode Q0:     4.51
Episode: 379/1500 | Episode reward:   199.51 | Episode steps:  321 | Average reward:   133.93 | Step Count: 54863 | Episode Q0:     4.51
Episode: 380/1500 | Episode reward:    78.35 | Episode steps:  142 | Average reward:   128.83 | Step Count: 55005 | Episode Q0:     4.51
Episode: 381/1500 | Episode reward:   125.42 | Episode steps:  194 | Average reward:   136.43 | Step Count: 55199 | Episode Q0:     4.51
Episode: 382/1500 | Episode reward:   275.82 | Episode steps:  418 | Average reward:   152.72 | Step Count: 55617 | Episode Q0:     4.51
Episode: 383/1500 | Episode reward:    84.68 | Episode steps:  143 | Average reward:   143.30 | Step Count: 55760 | Episode Q0:     4.51
Episode: 384/1500 | Episode reward:    43.89 | Episode steps:   84 | Average reward:   134.62 | Step Count: 55844 | Episode Q0:     4.51
Episode: 385/1500 | Episode reward:    73.18 | Episode steps:  135 | Average reward:   124.81 | Step Count: 55979 | Episode Q0:     4.51
Episode: 386/1500 | Episode reward:    71.72 | Episode steps:  133 | Average reward:   125.01 | Step Count: 56112 | Episode Q0:     4.51
Episode: 387/1500 | Episode reward:   176.96 | Episode steps:  242 | Average reward:   124.83 | Step Count: 56354 | Episode Q0:     4.51
Episode: 388/1500 | Episode reward:   144.09 | Episode steps:  204 | Average reward:   127.36 | Step Count: 56558 | Episode Q0:     4.51
Episode: 389/1500 | Episode reward:   107.68 | Episode steps:  166 | Average reward:   118.18 | Step Count: 56724 | Episode Q0:     4.51
Episode: 390/1500 | Episode reward:   125.00 | Episode steps:  187 | Average reward:   122.84 | Step Count: 56911 | Episode Q0:     4.51
Episode: 391/1500 | Episode reward:   119.54 | Episode steps:  176 | Average reward:   122.26 | Step Count: 57087 | Episode Q0:     4.51
Episode: 392/1500 | Episode reward:    50.11 | Episode steps:   63 | Average reward:    99.68 | Step Count: 57150 | Episode Q0:     4.51
Episode: 393/1500 | Episode reward:    95.32 | Episode steps:  159 | Average reward:   100.75 | Step Count: 57309 | Episode Q0:     4.51
Episode: 394/1500 | Episode reward:    98.01 | Episode steps:  112 | Average reward:   106.16 | Step Count: 57421 | Episode Q0:     4.51
Episode: 395/1500 | Episode reward:   139.30 | Episode steps:  201 | Average reward:   112.77 | Step Count: 57622 | Episode Q0:     4.51
Episode: 396/1500 | Episode reward:    65.21 | Episode steps:  116 | Average reward:   112.12 | Step Count: 57738 | Episode Q0:     4.51
Episode: 397/1500 | Episode reward:   169.24 | Episode steps:  271 | Average reward:   111.35 | Step Count: 58009 | Episode Q0:     4.51
Episode: 398/1500 | Episode reward:   100.32 | Episode steps:  121 | Average reward:   106.97 | Step Count: 58130 | Episode Q0:     4.51
Episode: 399/1500 | Episode reward:   145.65 | Episode steps:  218 | Average reward:   110.77 | Step Count: 58348 | Episode Q0:     4.51
Episode: 400/1500 | Episode reward:   174.15 | Episode steps:  260 | Average reward:   115.69 | Step Count: 58608 | Episode Q0:     4.51
Episode: 401/1500 | Episode reward:   125.59 | Episode steps:  142 | Average reward:   116.29 | Step Count: 58750 | Episode Q0:     4.51
Episode: 402/1500 | Episode reward:    71.07 | Episode steps:   98 | Average reward:   118.39 | Step Count: 58848 | Episode Q0:     4.51
Episode: 403/1500 | Episode reward:   168.21 | Episode steps:  268 | Average reward:   125.68 | Step Count: 59116 | Episode Q0:     5.94
Episode: 404/1500 | Episode reward:    94.64 | Episode steps:  165 | Average reward:   125.34 | Step Count: 59281 | Episode Q0:     5.94
Episode: 405/1500 | Episode reward:   149.67 | Episode steps:  228 | Average reward:   126.38 | Step Count: 59509 | Episode Q0:     5.94
Episode: 406/1500 | Episode reward:   254.07 | Episode steps:  395 | Average reward:   145.26 | Step Count: 59904 | Episode Q0:     5.94
Episode: 407/1500 | Episode reward:    89.33 | Episode steps:  142 | Average reward:   137.27 | Step Count: 60046 | Episode Q0:     5.94
Episode: 408/1500 | Episode reward:    85.04 | Episode steps:  103 | Average reward:   135.74 | Step Count: 60149 | Episode Q0:     5.94
Episode: 409/1500 | Episode reward:    44.27 | Episode steps:   60 | Average reward:   125.61 | Step Count: 60209 | Episode Q0:     5.94
Episode: 410/1500 | Episode reward:    94.13 | Episode steps:  154 | Average reward:   117.60 | Step Count: 60363 | Episode Q0:     5.94
Episode: 411/1500 | Episode reward:    97.49 | Episode steps:  152 | Average reward:   114.79 | Step Count: 60515 | Episode Q0:     5.94
Episode: 412/1500 | Episode reward:    66.54 | Episode steps:  117 | Average reward:   114.34 | Step Count: 60632 | Episode Q0:     5.94
Episode: 413/1500 | Episode reward:   104.23 | Episode steps:  118 | Average reward:   107.94 | Step Count: 60750 | Episode Q0:     5.94
Episode: 414/1500 | Episode reward:    63.46 | Episode steps:  133 | Average reward:   104.82 | Step Count: 60883 | Episode Q0:     5.94
Episode: 415/1500 | Episode reward:    97.96 | Episode steps:  108 | Average reward:    99.65 | Step Count: 60991 | Episode Q0:     5.94
Episode: 416/1500 | Episode reward:   174.47 | Episode steps:  291 | Average reward:    91.69 | Step Count: 61282 | Episode Q0:     5.94
Episode: 417/1500 | Episode reward:   210.89 | Episode steps:  298 | Average reward:   103.85 | Step Count: 61580 | Episode Q0:     5.94
Episode: 418/1500 | Episode reward:   165.62 | Episode steps:  232 | Average reward:   111.91 | Step Count: 61812 | Episode Q0:     5.94
Episode: 419/1500 | Episode reward:   185.28 | Episode steps:  281 | Average reward:   126.01 | Step Count: 62093 | Episode Q0:     5.94
Episode: 420/1500 | Episode reward:   386.43 | Episode steps:  492 | Average reward:   155.24 | Step Count: 62585 | Episode Q0:     5.94
Episode: 421/1500 | Episode reward:    78.98 | Episode steps:   98 | Average reward:   153.39 | Step Count: 62683 | Episode Q0:     5.94
Episode: 422/1500 | Episode reward:    60.93 | Episode steps:  116 | Average reward:   152.83 | Step Count: 62799 | Episode Q0:     5.94
Episode: 423/1500 | Episode reward:   195.72 | Episode steps:  268 | Average reward:   161.97 | Step Count: 63067 | Episode Q0:     5.94
Episode: 424/1500 | Episode reward:    61.26 | Episode steps:   78 | Average reward:   161.75 | Step Count: 63145 | Episode Q0:     5.94
Episode: 425/1500 | Episode reward:   114.17 | Episode steps:  156 | Average reward:   163.38 | Step Count: 63301 | Episode Q0:     5.94
Episode: 426/1500 | Episode reward:    39.56 | Episode steps:   54 | Average reward:   149.88 | Step Count: 63355 | Episode Q0:     5.94
Episode: 427/1500 | Episode reward:   107.22 | Episode steps:  200 | Average reward:   139.52 | Step Count: 63555 | Episode Q0:     5.94
Episode: 428/1500 | Episode reward:   129.42 | Episode steps:  142 | Average reward:   135.90 | Step Count: 63697 | Episode Q0:     5.94
Episode: 429/1500 | Episode reward:    83.35 | Episode steps:   97 | Average reward:   125.71 | Step Count: 63794 | Episode Q0:     5.94
Episode: 430/1500 | Episode reward:   110.53 | Episode steps:  181 | Average reward:    98.11 | Step Count: 63975 | Episode Q0:     5.94
Episode: 431/1500 | Episode reward:   134.49 | Episode steps:  218 | Average reward:   103.67 | Step Count: 64193 | Episode Q0:     5.94
Episode: 432/1500 | Episode reward:    97.47 | Episode steps:  176 | Average reward:   107.32 | Step Count: 64369 | Episode Q0:     5.94
Episode: 433/1500 | Episode reward:   196.49 | Episode steps:  286 | Average reward:   107.40 | Step Count: 64655 | Episode Q0:     5.94
Episode: 434/1500 | Episode reward:   144.30 | Episode steps:  230 | Average reward:   115.70 | Step Count: 64885 | Episode Q0:     5.94
Episode: 435/1500 | Episode reward:    72.19 | Episode steps:  142 | Average reward:   111.50 | Step Count: 65027 | Episode Q0:     5.94
Episode: 436/1500 | Episode reward:   250.33 | Episode steps:  364 | Average reward:   132.58 | Step Count: 65391 | Episode Q0:     5.94
Episode: 437/1500 | Episode reward:    80.34 | Episode steps:   93 | Average reward:   129.89 | Step Count: 65484 | Episode Q0:     5.94
Episode: 438/1500 | Episode reward:   106.57 | Episode steps:  122 | Average reward:   127.61 | Step Count: 65606 | Episode Q0:     7.49
Episode: 439/1500 | Episode reward:   168.42 | Episode steps:  259 | Average reward:   136.11 | Step Count: 65865 | Episode Q0:     7.49
Episode: 440/1500 | Episode reward:   154.99 | Episode steps:  243 | Average reward:   140.56 | Step Count: 66108 | Episode Q0:     7.49
Episode: 441/1500 | Episode reward:    68.39 | Episode steps:  117 | Average reward:   133.95 | Step Count: 66225 | Episode Q0:     7.49
Episode: 442/1500 | Episode reward:    66.72 | Episode steps:   79 | Average reward:   130.87 | Step Count: 66304 | Episode Q0:     7.49
Episode: 443/1500 | Episode reward:    61.15 | Episode steps:   76 | Average reward:   117.34 | Step Count: 66380 | Episode Q0:     7.49
Episode: 444/1500 | Episode reward:   189.09 | Episode steps:  292 | Average reward:   121.82 | Step Count: 66672 | Episode Q0:     7.49
Episode: 445/1500 | Episode reward:   177.27 | Episode steps:  264 | Average reward:   132.33 | Step Count: 66936 | Episode Q0:     7.49
Episode: 446/1500 | Episode reward:    80.40 | Episode steps:  149 | Average reward:   115.33 | Step Count: 67085 | Episode Q0:     7.49
Episode: 447/1500 | Episode reward:   122.94 | Episode steps:  178 | Average reward:   119.59 | Step Count: 67263 | Episode Q0:     7.49
Episode: 448/1500 | Episode reward:   133.13 | Episode steps:  151 | Average reward:   122.25 | Step Count: 67414 | Episode Q0:     7.49
Episode: 449/1500 | Episode reward:   279.29 | Episode steps:  382 | Average reward:   133.34 | Step Count: 67796 | Episode Q0:     7.49
Episode: 450/1500 | Episode reward:   120.27 | Episode steps:  173 | Average reward:   129.86 | Step Count: 67969 | Episode Q0:     7.49
Episode: 451/1500 | Episode reward:   185.04 | Episode steps:  264 | Average reward:   141.53 | Step Count: 68233 | Episode Q0:     7.49
Episode: 452/1500 | Episode reward:    85.86 | Episode steps:  167 | Average reward:   143.44 | Step Count: 68400 | Episode Q0:     7.49
Episode: 453/1500 | Episode reward:    83.77 | Episode steps:  142 | Average reward:   145.71 | Step Count: 68542 | Episode Q0:     7.49
Episode: 454/1500 | Episode reward:   172.85 | Episode steps:  308 | Average reward:   144.08 | Step Count: 68850 | Episode Q0:     7.49
Episode: 455/1500 | Episode reward:   175.39 | Episode steps:  233 | Average reward:   143.89 | Step Count: 69083 | Episode Q0:     7.49
Episode: 456/1500 | Episode reward:   154.62 | Episode steps:  271 | Average reward:   151.32 | Step Count: 69354 | Episode Q0:     7.49
Episode: 457/1500 | Episode reward:   323.44 | Episode steps:  500 | Average reward:   171.37 | Step Count: 69854 | Episode Q0:     7.49
Episode: 458/1500 | Episode reward:   173.35 | Episode steps:  251 | Average reward:   175.39 | Step Count: 70105 | Episode Q0:     7.49
Episode: 459/1500 | Episode reward:   116.98 | Episode steps:  182 | Average reward:   159.16 | Step Count: 70287 | Episode Q0:     7.49
Episode: 460/1500 | Episode reward:   261.89 | Episode steps:  401 | Average reward:   173.32 | Step Count: 70688 | Episode Q0:     7.49
Episode: 461/1500 | Episode reward:   139.63 | Episode steps:  195 | Average reward:   168.78 | Step Count: 70883 | Episode Q0:     7.49
Episode: 462/1500 | Episode reward:   336.70 | Episode steps:  500 | Average reward:   193.86 | Step Count: 71383 | Episode Q0:     7.49
Episode: 463/1500 | Episode reward:   126.94 | Episode steps:  206 | Average reward:   198.18 | Step Count: 71589 | Episode Q0:     7.49
Episode: 464/1500 | Episode reward:   181.82 | Episode steps:  282 | Average reward:   199.08 | Step Count: 71871 | Episode Q0:     7.49
Episode: 465/1500 | Episode reward:   153.36 | Episode steps:  243 | Average reward:   196.87 | Step Count: 72114 | Episode Q0:     7.49
Episode: 466/1500 | Episode reward:   146.22 | Episode steps:  165 | Average reward:   196.03 | Step Count: 72279 | Episode Q0:     7.49
Episode: 467/1500 | Episode reward:   323.73 | Episode steps:  448 | Average reward:   196.06 | Step Count: 72727 | Episode Q0:     7.49
Episode: 468/1500 | Episode reward:   125.53 | Episode steps:  138 | Average reward:   191.28 | Step Count: 72865 | Episode Q0:     7.49
Episode: 469/1500 | Episode reward:    66.60 | Episode steps:   88 | Average reward:   186.24 | Step Count: 72953 | Episode Q0:     7.49
Episode: 470/1500 | Episode reward:   177.78 | Episode steps:  243 | Average reward:   177.83 | Step Count: 73196 | Episode Q0:     9.23
Episode: 471/1500 | Episode reward:    78.95 | Episode steps:  144 | Average reward:   171.76 | Step Count: 73340 | Episode Q0:     9.23
Episode: 472/1500 | Episode reward:   109.68 | Episode steps:  165 | Average reward:   149.06 | Step Count: 73505 | Episode Q0:     9.23
Episode: 473/1500 | Episode reward:   175.44 | Episode steps:  333 | Average reward:   153.91 | Step Count: 73838 | Episode Q0:     9.23
Episode: 474/1500 | Episode reward:   322.98 | Episode steps:  500 | Average reward:   168.03 | Step Count: 74338 | Episode Q0:     9.23
Episode: 475/1500 | Episode reward:   174.70 | Episode steps:  218 | Average reward:   170.16 | Step Count: 74556 | Episode Q0:     9.23
Episode: 476/1500 | Episode reward:   132.55 | Episode steps:  185 | Average reward:   168.79 | Step Count: 74741 | Episode Q0:     9.23
Episode: 477/1500 | Episode reward:   159.11 | Episode steps:  215 | Average reward:   152.33 | Step Count: 74956 | Episode Q0:     9.23
Episode: 478/1500 | Episode reward:   340.31 | Episode steps:  500 | Average reward:   173.81 | Step Count: 75456 | Episode Q0:     9.23
Episode: 479/1500 | Episode reward:   148.98 | Episode steps:  265 | Average reward:   182.05 | Step Count: 75721 | Episode Q0:     9.23
Episode: 480/1500 | Episode reward:    91.11 | Episode steps:  121 | Average reward:   173.38 | Step Count: 75842 | Episode Q0:     9.23
Episode: 481/1500 | Episode reward:   167.69 | Episode steps:  224 | Average reward:   182.26 | Step Count: 76066 | Episode Q0:     9.23
Episode: 482/1500 | Episode reward:   170.64 | Episode steps:  271 | Average reward:   188.35 | Step Count: 76337 | Episode Q0:     9.23
Episode: 483/1500 | Episode reward:   217.37 | Episode steps:  305 | Average reward:   192.54 | Step Count: 76642 | Episode Q0:     9.23
Episode: 484/1500 | Episode reward:   202.76 | Episode steps:  278 | Average reward:   180.52 | Step Count: 76920 | Episode Q0:     9.23
Episode: 485/1500 | Episode reward:   143.43 | Episode steps:  219 | Average reward:   177.40 | Step Count: 77139 | Episode Q0:     9.23
Episode: 486/1500 | Episode reward:   243.07 | Episode steps:  348 | Average reward:   188.45 | Step Count: 77487 | Episode Q0:     9.23
Episode: 487/1500 | Episode reward:   167.57 | Episode steps:  240 | Average reward:   189.29 | Step Count: 77727 | Episode Q0:     9.23
Episode: 488/1500 | Episode reward:   196.84 | Episode steps:  301 | Average reward:   174.95 | Step Count: 78028 | Episode Q0:     9.23
Episode: 489/1500 | Episode reward:   144.87 | Episode steps:  213 | Average reward:   174.53 | Step Count: 78241 | Episode Q0:     9.23
Episode: 490/1500 | Episode reward:   124.17 | Episode steps:  196 | Average reward:   177.84 | Step Count: 78437 | Episode Q0:     9.23
Episode: 491/1500 | Episode reward:    78.63 | Episode steps:   92 | Average reward:   168.93 | Step Count: 78529 | Episode Q0:     9.23
Episode: 492/1500 | Episode reward:   109.67 | Episode steps:  161 | Average reward:   162.84 | Step Count: 78690 | Episode Q0:     9.23
Episode: 493/1500 | Episode reward:   164.42 | Episode steps:  251 | Average reward:   157.54 | Step Count: 78941 | Episode Q0:     9.23
Episode: 494/1500 | Episode reward:   226.40 | Episode steps:  355 | Average reward:   159.91 | Step Count: 79296 | Episode Q0:     9.23
Episode: 495/1500 | Episode reward:   190.55 | Episode steps:  286 | Average reward:   164.62 | Step Count: 79582 | Episode Q0:     9.23
Episode: 496/1500 | Episode reward:   174.92 | Episode steps:  265 | Average reward:   157.80 | Step Count: 79847 | Episode Q0:     9.23
Episode: 497/1500 | Episode reward:   193.65 | Episode steps:  319 | Average reward:   160.41 | Step Count: 80166 | Episode Q0:     9.23
Episode: 498/1500 | Episode reward:   103.94 | Episode steps:  116 | Average reward:   151.12 | Step Count: 80282 | Episode Q0:     9.23
Episode: 499/1500 | Episode reward:    83.79 | Episode steps:  156 | Average reward:   145.01 | Step Count: 80438 | Episode Q0:     9.23
Episode: 500/1500 | Episode reward:   187.93 | Episode steps:  274 | Average reward:   151.39 | Step Count: 80712 | Episode Q0:     9.23
Episode: 501/1500 | Episode reward:   346.37 | Episode steps:  467 | Average reward:   178.16 | Step Count: 81179 | Episode Q0:    10.94
Episode: 502/1500 | Episode reward:   210.84 | Episode steps:  319 | Average reward:   188.28 | Step Count: 81498 | Episode Q0:    10.94
Episode: 503/1500 | Episode reward:   136.22 | Episode steps:  245 | Average reward:   185.46 | Step Count: 81743 | Episode Q0:    10.94
Episode: 504/1500 | Episode reward:   117.99 | Episode steps:  128 | Average reward:   174.62 | Step Count: 81871 | Episode Q0:    10.94
Episode: 505/1500 | Episode reward:   104.93 | Episode steps:  165 | Average reward:   166.06 | Step Count: 82036 | Episode Q0:    10.94
Episode: 506/1500 | Episode reward:   175.21 | Episode steps:  251 | Average reward:   166.09 | Step Count: 82287 | Episode Q0:    10.94
Episode: 507/1500 | Episode reward:   229.32 | Episode steps:  401 | Average reward:   169.65 | Step Count: 82688 | Episode Q0:    10.94
Episode: 508/1500 | Episode reward:   177.95 | Episode steps:  289 | Average reward:   177.05 | Step Count: 82977 | Episode Q0:    10.94
Episode: 509/1500 | Episode reward:   120.19 | Episode steps:  134 | Average reward:   180.69 | Step Count: 83111 | Episode Q0:    10.94
Episode: 510/1500 | Episode reward:   158.22 | Episode steps:  249 | Average reward:   177.72 | Step Count: 83360 | Episode Q0:    10.94
Episode: 511/1500 | Episode reward:   150.86 | Episode steps:  232 | Average reward:   158.17 | Step Count: 83592 | Episode Q0:    10.94
Episode: 512/1500 | Episode reward:   240.69 | Episode steps:  327 | Average reward:   161.16 | Step Count: 83919 | Episode Q0:    10.94
Episode: 513/1500 | Episode reward:   188.22 | Episode steps:  345 | Average reward:   166.36 | Step Count: 84264 | Episode Q0:    10.94
Episode: 514/1500 | Episode reward:   116.46 | Episode steps:  212 | Average reward:   166.20 | Step Count: 84476 | Episode Q0:    10.94
Episode: 515/1500 | Episode reward:   155.28 | Episode steps:  227 | Average reward:   171.24 | Step Count: 84703 | Episode Q0:    10.94
Episode: 516/1500 | Episode reward:   229.66 | Episode steps:  361 | Average reward:   176.68 | Step Count: 85064 | Episode Q0:    10.94
Episode: 517/1500 | Episode reward:   165.92 | Episode steps:  251 | Average reward:   170.34 | Step Count: 85315 | Episode Q0:    10.94
Episode: 518/1500 | Episode reward:   161.22 | Episode steps:  225 | Average reward:   168.67 | Step Count: 85540 | Episode Q0:    10.94
Episode: 519/1500 | Episode reward:   163.92 | Episode steps:  249 | Average reward:   173.04 | Step Count: 85789 | Episode Q0:    10.94
Episode: 520/1500 | Episode reward:   145.07 | Episode steps:  208 | Average reward:   171.73 | Step Count: 85997 | Episode Q0:    10.94
Episode: 521/1500 | Episode reward:   115.60 | Episode steps:  185 | Average reward:   168.20 | Step Count: 86182 | Episode Q0:    10.94
Episode: 522/1500 | Episode reward:    80.78 | Episode steps:   92 | Average reward:   152.21 | Step Count: 86274 | Episode Q0:    10.94
Episode: 523/1500 | Episode reward:    76.36 | Episode steps:  126 | Average reward:   141.02 | Step Count: 86400 | Episode Q0:    10.94
Episode: 524/1500 | Episode reward:   169.15 | Episode steps:  251 | Average reward:   146.29 | Step Count: 86651 | Episode Q0:    10.94
Episode: 525/1500 | Episode reward:   141.28 | Episode steps:  192 | Average reward:   144.89 | Step Count: 86843 | Episode Q0:    10.94
Episode: 526/1500 | Episode reward:   109.52 | Episode steps:  118 | Average reward:   132.88 | Step Count: 86961 | Episode Q0:    10.94
Episode: 527/1500 | Episode reward:   114.38 | Episode steps:  179 | Average reward:   127.73 | Step Count: 87140 | Episode Q0:    10.94
Episode: 528/1500 | Episode reward:   207.65 | Episode steps:  304 | Average reward:   132.37 | Step Count: 87444 | Episode Q0:    10.94
Episode: 529/1500 | Episode reward:   214.97 | Episode steps:  274 | Average reward:   137.48 | Step Count: 87718 | Episode Q0:    10.94
Episode: 530/1500 | Episode reward:   172.95 | Episode steps:  263 | Average reward:   140.26 | Step Count: 87981 | Episode Q0:    10.94
Episode: 531/1500 | Episode reward:   153.11 | Episode steps:  220 | Average reward:   144.01 | Step Count: 88201 | Episode Q0:    10.94
Episode: 532/1500 | Episode reward:   119.41 | Episode steps:  136 | Average reward:   147.88 | Step Count: 88337 | Episode Q0:    10.94
Episode: 533/1500 | Episode reward:   191.86 | Episode steps:  278 | Average reward:   159.43 | Step Count: 88615 | Episode Q0:    12.99
Episode: 534/1500 | Episode reward:   175.84 | Episode steps:  249 | Average reward:   160.10 | Step Count: 88864 | Episode Q0:    12.99
Episode: 535/1500 | Episode reward:   184.60 | Episode steps:  270 | Average reward:   164.43 | Step Count: 89134 | Episode Q0:    12.99
Episode: 536/1500 | Episode reward:   206.91 | Episode steps:  274 | Average reward:   174.17 | Step Count: 89408 | Episode Q0:    12.99
Episode: 537/1500 | Episode reward:   131.22 | Episode steps:  159 | Average reward:   175.85 | Step Count: 89567 | Episode Q0:    12.99
Episode: 538/1500 | Episode reward:   150.19 | Episode steps:  224 | Average reward:   170.10 | Step Count: 89791 | Episode Q0:    12.99
Episode: 539/1500 | Episode reward:   257.94 | Episode steps:  355 | Average reward:   174.40 | Step Count: 90146 | Episode Q0:    12.99
Episode: 540/1500 | Episode reward:   185.83 | Episode steps:  271 | Average reward:   175.69 | Step Count: 90417 | Episode Q0:    12.99
Episode: 541/1500 | Episode reward:   178.50 | Episode steps:  269 | Average reward:   178.23 | Step Count: 90686 | Episode Q0:    12.99
Episode: 542/1500 | Episode reward:   217.17 | Episode steps:  314 | Average reward:   188.00 | Step Count: 91000 | Episode Q0:    12.99
Episode: 543/1500 | Episode reward:   273.42 | Episode steps:  381 | Average reward:   196.16 | Step Count: 91381 | Episode Q0:    12.99
Episode: 544/1500 | Episode reward:   104.54 | Episode steps:  168 | Average reward:   189.03 | Step Count: 91549 | Episode Q0:    12.99
Episode: 545/1500 | Episode reward:   106.47 | Episode steps:  151 | Average reward:   181.22 | Step Count: 91700 | Episode Q0:    12.99
Episode: 546/1500 | Episode reward:   151.16 | Episode steps:  222 | Average reward:   175.64 | Step Count: 91922 | Episode Q0:    12.99
Episode: 547/1500 | Episode reward:   128.73 | Episode steps:  195 | Average reward:   175.39 | Step Count: 92117 | Episode Q0:    12.99
Episode: 548/1500 | Episode reward:   201.89 | Episode steps:  293 | Average reward:   180.56 | Step Count: 92410 | Episode Q0:    12.99
Episode: 549/1500 | Episode reward:   139.67 | Episode steps:  211 | Average reward:   168.74 | Step Count: 92621 | Episode Q0:    12.99
Episode: 550/1500 | Episode reward:   163.05 | Episode steps:  242 | Average reward:   166.46 | Step Count: 92863 | Episode Q0:    12.99
Episode: 551/1500 | Episode reward:   156.88 | Episode steps:  243 | Average reward:   164.30 | Step Count: 93106 | Episode Q0:    12.99
Episode: 552/1500 | Episode reward:   114.46 | Episode steps:  180 | Average reward:   154.03 | Step Count: 93286 | Episode Q0:    12.99
Episode: 553/1500 | Episode reward:   181.94 | Episode steps:  253 | Average reward:   144.88 | Step Count: 93539 | Episode Q0:    12.99
Episode: 554/1500 | Episode reward:   160.72 | Episode steps:  252 | Average reward:   150.50 | Step Count: 93791 | Episode Q0:    12.99
Episode: 555/1500 | Episode reward:   171.08 | Episode steps:  192 | Average reward:   156.96 | Step Count: 93983 | Episode Q0:    12.99
Episode: 556/1500 | Episode reward:    93.57 | Episode steps:  146 | Average reward:   151.20 | Step Count: 94129 | Episode Q0:    12.99
Episode: 557/1500 | Episode reward:   156.47 | Episode steps:  242 | Average reward:   153.97 | Step Count: 94371 | Episode Q0:    12.99
Episode: 558/1500 | Episode reward:   179.67 | Episode steps:  269 | Average reward:   151.75 | Step Count: 94640 | Episode Q0:    12.99
Episode: 559/1500 | Episode reward:   203.67 | Episode steps:  314 | Average reward:   158.15 | Step Count: 94954 | Episode Q0:    12.99
Episode: 560/1500 | Episode reward:   151.83 | Episode steps:  229 | Average reward:   157.03 | Step Count: 95183 | Episode Q0:    12.99
Episode: 561/1500 | Episode reward:   113.91 | Episode steps:  162 | Average reward:   152.73 | Step Count: 95345 | Episode Q0:    12.99
Episode: 562/1500 | Episode reward:   170.15 | Episode steps:  271 | Average reward:   158.30 | Step Count: 95616 | Episode Q0:    12.99
Episode: 563/1500 | Episode reward:   234.77 | Episode steps:  318 | Average reward:   163.58 | Step Count: 95934 | Episode Q0:    12.99
Episode: 564/1500 | Episode reward:   103.25 | Episode steps:  153 | Average reward:   157.84 | Step Count: 96087 | Episode Q0:    12.99
Episode: 565/1500 | Episode reward:   223.50 | Episode steps:  270 | Average reward:   163.08 | Step Count: 96357 | Episode Q0:    12.99
Episode: 566/1500 | Episode reward:   131.31 | Episode steps:  196 | Average reward:   166.85 | Step Count: 96553 | Episode Q0:    12.99
Episode: 567/1500 | Episode reward:    69.78 | Episode steps:  121 | Average reward:   158.19 | Step Count: 96674 | Episode Q0:    14.98
Episode: 568/1500 | Episode reward:   130.38 | Episode steps:  195 | Average reward:   153.26 | Step Count: 96869 | Episode Q0:    14.98
Episode: 569/1500 | Episode reward:   181.53 | Episode steps:  271 | Average reward:   151.04 | Step Count: 97140 | Episode Q0:    14.98
Episode: 570/1500 | Episode reward:   224.22 | Episode steps:  315 | Average reward:   158.28 | Step Count: 97455 | Episode Q0:    14.98
Episode: 571/1500 | Episode reward:   128.91 | Episode steps:  197 | Average reward:   159.78 | Step Count: 97652 | Episode Q0:    14.98
Episode: 572/1500 | Episode reward:   119.12 | Episode steps:  130 | Average reward:   154.68 | Step Count: 97782 | Episode Q0:    14.98
Episode: 573/1500 | Episode reward:   169.08 | Episode steps:  251 | Average reward:   148.11 | Step Count: 98033 | Episode Q0:    14.98
Episode: 574/1500 | Episode reward:    92.33 | Episode steps:  143 | Average reward:   147.02 | Step Count: 98176 | Episode Q0:    14.98
Episode: 575/1500 | Episode reward:    89.46 | Episode steps:  100 | Average reward:   133.61 | Step Count: 98276 | Episode Q0:    14.98
Episode: 576/1500 | Episode reward:    92.22 | Episode steps:  143 | Average reward:   129.70 | Step Count: 98419 | Episode Q0:    14.98
Episode: 577/1500 | Episode reward:   145.76 | Episode steps:  234 | Average reward:   137.30 | Step Count: 98653 | Episode Q0:    14.98
Episode: 578/1500 | Episode reward:   182.30 | Episode steps:  235 | Average reward:   142.49 | Step Count: 98888 | Episode Q0:    14.98
Episode: 579/1500 | Episode reward:   220.34 | Episode steps:  296 | Average reward:   146.38 | Step Count: 99184 | Episode Q0:    14.98
Episode: 580/1500 | Episode reward:    93.59 | Episode steps:  140 | Average reward:   133.31 | Step Count: 99324 | Episode Q0:    14.98
Episode: 581/1500 | Episode reward:   137.01 | Episode steps:  202 | Average reward:   134.12 | Step Count: 99526 | Episode Q0:    14.98
Episode: 582/1500 | Episode reward:   139.07 | Episode steps:  211 | Average reward:   136.12 | Step Count: 99737 | Episode Q0:    14.98
Episode: 583/1500 | Episode reward:   110.16 | Episode steps:  152 | Average reward:   130.23 | Step Count: 99889 | Episode Q0:    14.98
Episode: 584/1500 | Episode reward:    81.88 | Episode steps:  127 | Average reward:   129.18 | Step Count: 100016 | Episode Q0:    14.98
Episode: 585/1500 | Episode reward:   166.36 | Episode steps:  249 | Average reward:   136.87 | Step Count: 100265 | Episode Q0:    14.98
Episode: 586/1500 | Episode reward:   182.46 | Episode steps:  260 | Average reward:   145.89 | Step Count: 100525 | Episode Q0:    14.98
Episode: 587/1500 | Episode reward:   109.03 | Episode steps:  170 | Average reward:   142.22 | Step Count: 100695 | Episode Q0:    14.98
Episode: 588/1500 | Episode reward:   126.40 | Episode steps:  175 | Average reward:   136.63 | Step Count: 100870 | Episode Q0:    14.98
Episode: 589/1500 | Episode reward:   126.83 | Episode steps:  165 | Average reward:   127.28 | Step Count: 101035 | Episode Q0:    14.98
Episode: 590/1500 | Episode reward:   145.89 | Episode steps:  180 | Average reward:   132.51 | Step Count: 101215 | Episode Q0:    14.98
Episode: 591/1500 | Episode reward:   147.03 | Episode steps:  187 | Average reward:   133.51 | Step Count: 101402 | Episode Q0:    14.98
Episode: 592/1500 | Episode reward:   136.50 | Episode steps:  160 | Average reward:   133.25 | Step Count: 101562 | Episode Q0:    14.98
Episode: 593/1500 | Episode reward:   241.37 | Episode steps:  344 | Average reward:   146.38 | Step Count: 101906 | Episode Q0:    14.98
Episode: 594/1500 | Episode reward:   115.28 | Episode steps:  167 | Average reward:   149.72 | Step Count: 102073 | Episode Q0:    14.98
Episode: 595/1500 | Episode reward:   136.07 | Episode steps:  187 | Average reward:   146.69 | Step Count: 102260 | Episode Q0:    14.98
Episode: 596/1500 | Episode reward:   188.71 | Episode steps:  248 | Average reward:   147.31 | Step Count: 102508 | Episode Q0:    14.98
Episode: 597/1500 | Episode reward:   146.87 | Episode steps:  226 | Average reward:   151.10 | Step Count: 102734 | Episode Q0:    14.98
Episode: 598/1500 | Episode reward:   181.74 | Episode steps:  255 | Average reward:   156.63 | Step Count: 102989 | Episode Q0:    14.98
Episode: 599/1500 | Episode reward:   198.13 | Episode steps:  280 | Average reward:   163.76 | Step Count: 103269 | Episode Q0:    14.98
Episode: 600/1500 | Episode reward:   110.25 | Episode steps:  160 | Average reward:   160.20 | Step Count: 103429 | Episode Q0:    17.09
Episode: 601/1500 | Episode reward:   198.67 | Episode steps:  265 | Average reward:   165.36 | Step Count: 103694 | Episode Q0:    17.09
Episode: 602/1500 | Episode reward:   157.31 | Episode steps:  240 | Average reward:   167.44 | Step Count: 103934 | Episode Q0:    17.09
Episode: 603/1500 | Episode reward:   100.75 | Episode steps:  169 | Average reward:   153.38 | Step Count: 104103 | Episode Q0:    17.09
Episode: 604/1500 | Episode reward:   112.73 | Episode steps:  190 | Average reward:   153.12 | Step Count: 104293 | Episode Q0:    17.09
Episode: 605/1500 | Episode reward:   104.63 | Episode steps:  161 | Average reward:   149.98 | Step Count: 104454 | Episode Q0:    17.09
Episode: 606/1500 | Episode reward:   142.23 | Episode steps:  202 | Average reward:   145.33 | Step Count: 104656 | Episode Q0:    17.09
Episode: 607/1500 | Episode reward:   138.88 | Episode steps:  209 | Average reward:   144.53 | Step Count: 104865 | Episode Q0:    17.09
Episode: 608/1500 | Episode reward:   130.43 | Episode steps:  183 | Average reward:   139.40 | Step Count: 105048 | Episode Q0:    17.09
Episode: 609/1500 | Episode reward:   114.52 | Episode steps:  181 | Average reward:   131.04 | Step Count: 105229 | Episode Q0:    17.09
Episode: 610/1500 | Episode reward:    84.83 | Episode steps:  135 | Average reward:   128.50 | Step Count: 105364 | Episode Q0:    17.09
Episode: 611/1500 | Episode reward:   189.80 | Episode steps:  252 | Average reward:   127.61 | Step Count: 105616 | Episode Q0:    17.09
Episode: 612/1500 | Episode reward:    69.90 | Episode steps:   90 | Average reward:   118.87 | Step Count: 105706 | Episode Q0:    17.09
Episode: 613/1500 | Episode reward:   101.70 | Episode steps:  152 | Average reward:   118.96 | Step Count: 105858 | Episode Q0:    17.09
Episode: 614/1500 | Episode reward:   224.47 | Episode steps:  303 | Average reward:   130.14 | Step Count: 106161 | Episode Q0:    17.09
Episode: 615/1500 | Episode reward:    93.74 | Episode steps:  125 | Average reward:   129.05 | Step Count: 106286 | Episode Q0:    17.09
Episode: 616/1500 | Episode reward:   167.42 | Episode steps:  250 | Average reward:   131.57 | Step Count: 106536 | Episode Q0:    17.09
Episode: 617/1500 | Episode reward:   113.45 | Episode steps:  174 | Average reward:   129.02 | Step Count: 106710 | Episode Q0:    17.09
Episode: 618/1500 | Episode reward:   157.01 | Episode steps:  199 | Average reward:   131.68 | Step Count: 106909 | Episode Q0:    17.09
Episode: 619/1500 | Episode reward:   190.19 | Episode steps:  275 | Average reward:   139.25 | Step Count: 107184 | Episode Q0:    17.09
Episode: 620/1500 | Episode reward:   114.37 | Episode steps:  164 | Average reward:   142.21 | Step Count: 107348 | Episode Q0:    17.09
Episode: 621/1500 | Episode reward:   130.32 | Episode steps:  199 | Average reward:   136.26 | Step Count: 107547 | Episode Q0:    17.09
Episode: 622/1500 | Episode reward:   105.94 | Episode steps:  159 | Average reward:   139.86 | Step Count: 107706 | Episode Q0:    17.09
Episode: 623/1500 | Episode reward:   100.59 | Episode steps:  184 | Average reward:   139.75 | Step Count: 107890 | Episode Q0:    17.09
Episode: 624/1500 | Episode reward:   208.11 | Episode steps:  304 | Average reward:   138.12 | Step Count: 108194 | Episode Q0:    17.09
Episode: 625/1500 | Episode reward:   128.75 | Episode steps:  198 | Average reward:   141.62 | Step Count: 108392 | Episode Q0:    17.09
Episode: 626/1500 | Episode reward:   143.21 | Episode steps:  220 | Average reward:   139.20 | Step Count: 108612 | Episode Q0:    17.09
Episode: 627/1500 | Episode reward:   154.60 | Episode steps:  252 | Average reward:   143.31 | Step Count: 108864 | Episode Q0:    17.09
Episode: 628/1500 | Episode reward:   150.20 | Episode steps:  215 | Average reward:   142.63 | Step Count: 109079 | Episode Q0:    17.09
Episode: 629/1500 | Episode reward:   252.62 | Episode steps:  312 | Average reward:   148.87 | Step Count: 109391 | Episode Q0:    17.09
Episode: 630/1500 | Episode reward:    55.85 | Episode steps:   78 | Average reward:   143.02 | Step Count: 109469 | Episode Q0:    17.09
Episode: 631/1500 | Episode reward:   157.19 | Episode steps:  227 | Average reward:   145.71 | Step Count: 109696 | Episode Q0:    17.09
Episode: 632/1500 | Episode reward:    49.54 | Episode steps:   60 | Average reward:   140.07 | Step Count: 109756 | Episode Q0:    17.09
Episode: 633/1500 | Episode reward:   349.11 | Episode steps:  500 | Average reward:   164.92 | Step Count: 110256 | Episode Q0:    17.09
Episode: 634/1500 | Episode reward:   152.52 | Episode steps:  233 | Average reward:   159.36 | Step Count: 110489 | Episode Q0:    19.06
Episode: 635/1500 | Episode reward:    63.33 | Episode steps:  124 | Average reward:   152.82 | Step Count: 110613 | Episode Q0:    19.06
Episode: 636/1500 | Episode reward:   161.84 | Episode steps:  231 | Average reward:   154.68 | Step Count: 110844 | Episode Q0:    19.06
Episode: 637/1500 | Episode reward:   176.37 | Episode steps:  230 | Average reward:   156.86 | Step Count: 111074 | Episode Q0:    19.06
Episode: 638/1500 | Episode reward:   180.31 | Episode steps:  238 | Average reward:   159.87 | Step Count: 111312 | Episode Q0:    19.06
Episode: 639/1500 | Episode reward:    95.94 | Episode steps:  162 | Average reward:   144.20 | Step Count: 111474 | Episode Q0:    19.06
Episode: 640/1500 | Episode reward:   107.43 | Episode steps:  156 | Average reward:   149.36 | Step Count: 111630 | Episode Q0:    19.06
Episode: 641/1500 | Episode reward:   180.50 | Episode steps:  264 | Average reward:   151.69 | Step Count: 111894 | Episode Q0:    19.06
Episode: 642/1500 | Episode reward:    85.54 | Episode steps:  128 | Average reward:   155.29 | Step Count: 112022 | Episode Q0:    19.06
Episode: 643/1500 | Episode reward:   112.15 | Episode steps:  188 | Average reward:   131.59 | Step Count: 112210 | Episode Q0:    19.06
Episode: 644/1500 | Episode reward:    70.24 | Episode steps:  121 | Average reward:   123.37 | Step Count: 112331 | Episode Q0:    19.06
Episode: 645/1500 | Episode reward:    71.75 | Episode steps:  130 | Average reward:   124.21 | Step Count: 112461 | Episode Q0:    19.06
Episode: 646/1500 | Episode reward:   166.74 | Episode steps:  247 | Average reward:   124.70 | Step Count: 112708 | Episode Q0:    19.06
Episode: 647/1500 | Episode reward:   173.70 | Episode steps:  210 | Average reward:   124.43 | Step Count: 112918 | Episode Q0:    19.06
Episode: 648/1500 | Episode reward:   173.43 | Episode steps:  233 | Average reward:   123.74 | Step Count: 113151 | Episode Q0:    19.06
Episode: 649/1500 | Episode reward:   110.02 | Episode steps:  170 | Average reward:   125.15 | Step Count: 113321 | Episode Q0:    19.06
Episode: 650/1500 | Episode reward:   148.14 | Episode steps:  229 | Average reward:   129.22 | Step Count: 113550 | Episode Q0:    19.06
Episode: 651/1500 | Episode reward:    53.03 | Episode steps:   67 | Average reward:   116.47 | Step Count: 113617 | Episode Q0:    19.06
Episode: 652/1500 | Episode reward:   209.01 | Episode steps:  296 | Average reward:   128.82 | Step Count: 113913 | Episode Q0:    19.06
Episode: 653/1500 | Episode reward:   119.26 | Episode steps:  162 | Average reward:   129.53 | Step Count: 114075 | Episode Q0:    19.06
Episode: 654/1500 | Episode reward:   230.95 | Episode steps:  316 | Average reward:   145.60 | Step Count: 114391 | Episode Q0:    19.06
Episode: 655/1500 | Episode reward:   189.51 | Episode steps:  277 | Average reward:   157.38 | Step Count: 114668 | Episode Q0:    19.06
Episode: 656/1500 | Episode reward:   154.43 | Episode steps:  236 | Average reward:   156.15 | Step Count: 114904 | Episode Q0:    19.06
Episode: 657/1500 | Episode reward:   156.21 | Episode steps:  212 | Average reward:   154.40 | Step Count: 115116 | Episode Q0:    19.06
Episode: 658/1500 | Episode reward:   148.92 | Episode steps:  245 | Average reward:   151.95 | Step Count: 115361 | Episode Q0:    19.06
Episode: 659/1500 | Episode reward:   156.11 | Episode steps:  197 | Average reward:   156.56 | Step Count: 115558 | Episode Q0:    19.06
Episode: 660/1500 | Episode reward:   104.31 | Episode steps:  126 | Average reward:   152.17 | Step Count: 115684 | Episode Q0:    19.06
Episode: 661/1500 | Episode reward:   133.42 | Episode steps:  194 | Average reward:   160.21 | Step Count: 115878 | Episode Q0:    19.06
Episode: 662/1500 | Episode reward:   173.53 | Episode steps:  213 | Average reward:   156.67 | Step Count: 116091 | Episode Q0:    19.06
Episode: 663/1500 | Episode reward:    92.85 | Episode steps:  150 | Average reward:   154.02 | Step Count: 116241 | Episode Q0:    19.06
Episode: 664/1500 | Episode reward:    94.72 | Episode steps:  115 | Average reward:   140.40 | Step Count: 116356 | Episode Q0:    19.06
Episode: 665/1500 | Episode reward:   102.41 | Episode steps:  165 | Average reward:   131.69 | Step Count: 116521 | Episode Q0:    19.06
Episode: 666/1500 | Episode reward:   147.15 | Episode steps:  208 | Average reward:   130.96 | Step Count: 116729 | Episode Q0:    19.06
Episode: 667/1500 | Episode reward:    44.34 | Episode steps:   60 | Average reward:   119.78 | Step Count: 116789 | Episode Q0:    19.06
Episode: 668/1500 | Episode reward:   136.94 | Episode steps:  227 | Average reward:   118.58 | Step Count: 117016 | Episode Q0:    19.06
Episode: 669/1500 | Episode reward:    91.94 | Episode steps:  108 | Average reward:   112.16 | Step Count: 117124 | Episode Q0:    21.05
Episode: 670/1500 | Episode reward:   178.88 | Episode steps:  260 | Average reward:   119.62 | Step Count: 117384 | Episode Q0:    21.05
Episode: 671/1500 | Episode reward:   100.56 | Episode steps:  149 | Average reward:   116.33 | Step Count: 117533 | Episode Q0:    21.05
Episode: 672/1500 | Episode reward:   127.15 | Episode steps:  188 | Average reward:   111.69 | Step Count: 117721 | Episode Q0:    21.05
Episode: 673/1500 | Episode reward:   119.28 | Episode steps:  182 | Average reward:   114.34 | Step Count: 117903 | Episode Q0:    21.05
Episode: 674/1500 | Episode reward:   128.43 | Episode steps:  185 | Average reward:   117.71 | Step Count: 118088 | Episode Q0:    21.05
Episode: 675/1500 | Episode reward:   236.65 | Episode steps:  335 | Average reward:   131.13 | Step Count: 118423 | Episode Q0:    21.05
Episode: 676/1500 | Episode reward:   110.79 | Episode steps:  172 | Average reward:   127.50 | Step Count: 118595 | Episode Q0:    21.05
Episode: 677/1500 | Episode reward:    59.90 | Episode steps:   80 | Average reward:   129.05 | Step Count: 118675 | Episode Q0:    21.05
Episode: 678/1500 | Episode reward:   157.92 | Episode steps:  235 | Average reward:   131.15 | Step Count: 118910 | Episode Q0:    21.05
Episode: 679/1500 | Episode reward:   213.50 | Episode steps:  277 | Average reward:   143.31 | Step Count: 119187 | Episode Q0:    21.05
Episode: 680/1500 | Episode reward:   209.22 | Episode steps:  273 | Average reward:   146.34 | Step Count: 119460 | Episode Q0:    21.05
Episode: 681/1500 | Episode reward:   212.50 | Episode steps:  300 | Average reward:   157.53 | Step Count: 119760 | Episode Q0:    21.05
Episode: 682/1500 | Episode reward:   115.39 | Episode steps:  170 | Average reward:   156.36 | Step Count: 119930 | Episode Q0:    21.05
Episode: 683/1500 | Episode reward:   193.83 | Episode steps:  281 | Average reward:   163.81 | Step Count: 120211 | Episode Q0:    21.05
Episode: 684/1500 | Episode reward:    98.53 | Episode steps:  150 | Average reward:   160.82 | Step Count: 120361 | Episode Q0:    21.05
Episode: 685/1500 | Episode reward:   132.79 | Episode steps:  205 | Average reward:   150.44 | Step Count: 120566 | Episode Q0:    21.05
Episode: 686/1500 | Episode reward:   189.10 | Episode steps:  269 | Average reward:   158.27 | Step Count: 120835 | Episode Q0:    21.05
Episode: 687/1500 | Episode reward:   182.64 | Episode steps:  251 | Average reward:   170.54 | Step Count: 121086 | Episode Q0:    21.05
Episode: 688/1500 | Episode reward:   252.50 | Episode steps:  373 | Average reward:   180.00 | Step Count: 121459 | Episode Q0:    21.05
Episode: 689/1500 | Episode reward:   131.17 | Episode steps:  173 | Average reward:   171.77 | Step Count: 121632 | Episode Q0:    21.05
Episode: 690/1500 | Episode reward:    63.12 | Episode steps:   79 | Average reward:   157.16 | Step Count: 121711 | Episode Q0:    21.05
Episode: 691/1500 | Episode reward:   143.84 | Episode steps:  221 | Average reward:   150.29 | Step Count: 121932 | Episode Q0:    21.05
Episode: 692/1500 | Episode reward:    78.60 | Episode steps:  139 | Average reward:   146.61 | Step Count: 122071 | Episode Q0:    21.05
Episode: 693/1500 | Episode reward:    52.94 | Episode steps:   71 | Average reward:   132.52 | Step Count: 122142 | Episode Q0:    21.05
Episode: 694/1500 | Episode reward:    81.76 | Episode steps:   95 | Average reward:   130.85 | Step Count: 122237 | Episode Q0:    21.05
Episode: 695/1500 | Episode reward:   216.85 | Episode steps:  291 | Average reward:   139.25 | Step Count: 122528 | Episode Q0:    21.05
Episode: 696/1500 | Episode reward:   341.08 | Episode steps:  500 | Average reward:   154.45 | Step Count: 123028 | Episode Q0:    21.05
Episode: 697/1500 | Episode reward:   148.21 | Episode steps:  192 | Average reward:   151.01 | Step Count: 123220 | Episode Q0:    21.05
Episode: 698/1500 | Episode reward:   158.82 | Episode steps:  231 | Average reward:   141.64 | Step Count: 123451 | Episode Q0:    21.05
Episode: 699/1500 | Episode reward:   147.50 | Episode steps:  214 | Average reward:   143.27 | Step Count: 123665 | Episode Q0:    21.05
Episode: 700/1500 | Episode reward:    59.25 | Episode steps:   75 | Average reward:   142.88 | Step Count: 123740 | Episode Q0:    21.05
Episode: 701/1500 | Episode reward:    92.71 | Episode steps:  152 | Average reward:   137.77 | Step Count: 123892 | Episode Q0:    21.05
Episode: 702/1500 | Episode reward:    78.29 | Episode steps:  103 | Average reward:   137.74 | Step Count: 123995 | Episode Q0:    22.84
Episode: 703/1500 | Episode reward:   133.36 | Episode steps:  200 | Average reward:   145.78 | Step Count: 124195 | Episode Q0:    22.84
Episode: 704/1500 | Episode reward:    92.36 | Episode steps:  150 | Average reward:   146.84 | Step Count: 124345 | Episode Q0:    22.84
Episode: 705/1500 | Episode reward:   200.02 | Episode steps:  249 | Average reward:   145.16 | Step Count: 124594 | Episode Q0:    22.84
Episode: 706/1500 | Episode reward:   133.13 | Episode steps:  183 | Average reward:   124.36 | Step Count: 124777 | Episode Q0:    22.84
Episode: 707/1500 | Episode reward:    73.99 | Episode steps:  113 | Average reward:   116.94 | Step Count: 124890 | Episode Q0:    22.84
Episode: 708/1500 | Episode reward:   126.22 | Episode steps:  186 | Average reward:   113.68 | Step Count: 125076 | Episode Q0:    22.84
Episode: 709/1500 | Episode reward:   245.04 | Episode steps:  339 | Average reward:   123.44 | Step Count: 125415 | Episode Q0:    22.84
Episode: 710/1500 | Episode reward:   130.94 | Episode steps:  174 | Average reward:   130.60 | Step Count: 125589 | Episode Q0:    22.84
Episode: 711/1500 | Episode reward:   219.71 | Episode steps:  313 | Average reward:   143.30 | Step Count: 125902 | Episode Q0:    22.84
Episode: 712/1500 | Episode reward:   110.45 | Episode steps:  122 | Average reward:   146.52 | Step Count: 126024 | Episode Q0:    22.84
Episode: 713/1500 | Episode reward:   138.46 | Episode steps:  201 | Average reward:   147.03 | Step Count: 126225 | Episode Q0:    22.84
Episode: 714/1500 | Episode reward:   113.37 | Episode steps:  184 | Average reward:   149.13 | Step Count: 126409 | Episode Q0:    22.84
Episode: 715/1500 | Episode reward:    98.83 | Episode steps:  157 | Average reward:   139.01 | Step Count: 126566 | Episode Q0:    22.84
Episode: 716/1500 | Episode reward:    97.19 | Episode steps:  142 | Average reward:   135.42 | Step Count: 126708 | Episode Q0:    22.84
Episode: 717/1500 | Episode reward:    69.52 | Episode steps:  119 | Average reward:   134.97 | Step Count: 126827 | Episode Q0:    22.84
Episode: 718/1500 | Episode reward:   120.60 | Episode steps:  176 | Average reward:   134.41 | Step Count: 127003 | Episode Q0:    22.84
Episode: 719/1500 | Episode reward:   185.47 | Episode steps:  247 | Average reward:   128.45 | Step Count: 127250 | Episode Q0:    22.84
Episode: 720/1500 | Episode reward:   122.68 | Episode steps:  170 | Average reward:   127.63 | Step Count: 127420 | Episode Q0:    22.84
Episode: 721/1500 | Episode reward:   141.54 | Episode steps:  201 | Average reward:   119.81 | Step Count: 127621 | Episode Q0:    22.84
Episode: 722/1500 | Episode reward:   119.57 | Episode steps:  174 | Average reward:   120.72 | Step Count: 127795 | Episode Q0:    22.84
Episode: 723/1500 | Episode reward:   144.62 | Episode steps:  189 | Average reward:   121.34 | Step Count: 127984 | Episode Q0:    22.84
Episode: 724/1500 | Episode reward:   203.72 | Episode steps:  264 | Average reward:   130.37 | Step Count: 128248 | Episode Q0:    22.84
Episode: 725/1500 | Episode reward:   106.04 | Episode steps:  157 | Average reward:   131.09 | Step Count: 128405 | Episode Q0:    22.84
Episode: 726/1500 | Episode reward:   141.85 | Episode steps:  218 | Average reward:   135.56 | Step Count: 128623 | Episode Q0:    22.84
Episode: 727/1500 | Episode reward:    97.92 | Episode steps:  129 | Average reward:   138.40 | Step Count: 128752 | Episode Q0:    22.84
Episode: 728/1500 | Episode reward:   258.08 | Episode steps:  400 | Average reward:   152.15 | Step Count: 129152 | Episode Q0:    22.84
Episode: 729/1500 | Episode reward:    76.78 | Episode steps:  130 | Average reward:   141.28 | Step Count: 129282 | Episode Q0:    22.84
Episode: 730/1500 | Episode reward:   166.08 | Episode steps:  199 | Average reward:   145.62 | Step Count: 129481 | Episode Q0:    22.84
Episode: 731/1500 | Episode reward:    91.66 | Episode steps:  111 | Average reward:   140.63 | Step Count: 129592 | Episode Q0:    22.84
Episode: 732/1500 | Episode reward:   122.16 | Episode steps:  183 | Average reward:   140.89 | Step Count: 129775 | Episode Q0:    22.84
Episode: 733/1500 | Episode reward:    95.59 | Episode steps:  138 | Average reward:   135.99 | Step Count: 129913 | Episode Q0:    22.84
Episode: 734/1500 | Episode reward:    79.28 | Episode steps:  147 | Average reward:   123.54 | Step Count: 130060 | Episode Q0:    22.84
Episode: 735/1500 | Episode reward:    95.73 | Episode steps:  149 | Average reward:   122.51 | Step Count: 130209 | Episode Q0:    22.84
Episode: 736/1500 | Episode reward:   121.75 | Episode steps:  163 | Average reward:   120.50 | Step Count: 130372 | Episode Q0:    22.84
Episode: 737/1500 | Episode reward:   132.52 | Episode steps:  159 | Average reward:   123.96 | Step Count: 130531 | Episode Q0:    24.80
Episode: 738/1500 | Episode reward:   230.04 | Episode steps:  373 | Average reward:   121.16 | Step Count: 130904 | Episode Q0:    24.80
Episode: 739/1500 | Episode reward:   175.70 | Episode steps:  248 | Average reward:   131.05 | Step Count: 131152 | Episode Q0:    24.80
Episode: 740/1500 | Episode reward:   139.97 | Episode steps:  161 | Average reward:   128.44 | Step Count: 131313 | Episode Q0:    24.80
Episode: 741/1500 | Episode reward:   107.79 | Episode steps:  169 | Average reward:   130.05 | Step Count: 131482 | Episode Q0:    24.80
Episode: 742/1500 | Episode reward:   218.68 | Episode steps:  345 | Average reward:   139.71 | Step Count: 131827 | Episode Q0:    24.80
Episode: 743/1500 | Episode reward:    96.87 | Episode steps:  147 | Average reward:   139.83 | Step Count: 131974 | Episode Q0:    24.80
Episode: 744/1500 | Episode reward:   124.99 | Episode steps:  172 | Average reward:   144.40 | Step Count: 132146 | Episode Q0:    24.80
Episode: 745/1500 | Episode reward:   113.99 | Episode steps:  168 | Average reward:   146.23 | Step Count: 132314 | Episode Q0:    24.80
Episode: 746/1500 | Episode reward:   145.11 | Episode steps:  201 | Average reward:   148.57 | Step Count: 132515 | Episode Q0:    24.80
Episode: 747/1500 | Episode reward:   159.01 | Episode steps:  247 | Average reward:   151.22 | Step Count: 132762 | Episode Q0:    24.80
Episode: 748/1500 | Episode reward:   177.51 | Episode steps:  229 | Average reward:   145.96 | Step Count: 132991 | Episode Q0:    24.80
Episode: 749/1500 | Episode reward:   127.97 | Episode steps:  187 | Average reward:   141.19 | Step Count: 133178 | Episode Q0:    24.80
Episode: 750/1500 | Episode reward:   154.24 | Episode steps:  209 | Average reward:   142.62 | Step Count: 133387 | Episode Q0:    24.80
Episode: 751/1500 | Episode reward:   247.86 | Episode steps:  305 | Average reward:   156.62 | Step Count: 133692 | Episode Q0:    24.80
Episode: 752/1500 | Episode reward:    64.35 | Episode steps:   80 | Average reward:   141.19 | Step Count: 133772 | Episode Q0:    24.80
Episode: 753/1500 | Episode reward:   123.33 | Episode steps:  175 | Average reward:   143.84 | Step Count: 133947 | Episode Q0:    24.80
Episode: 754/1500 | Episode reward:   143.70 | Episode steps:  185 | Average reward:   145.71 | Step Count: 134132 | Episode Q0:    24.80
Episode: 755/1500 | Episode reward:   125.01 | Episode steps:  169 | Average reward:   146.81 | Step Count: 134301 | Episode Q0:    24.80
Episode: 756/1500 | Episode reward:    72.27 | Episode steps:   99 | Average reward:   139.53 | Step Count: 134400 | Episode Q0:    24.80
Episode: 757/1500 | Episode reward:    69.74 | Episode steps:  144 | Average reward:   130.60 | Step Count: 134544 | Episode Q0:    24.80
Episode: 758/1500 | Episode reward:   281.70 | Episode steps:  385 | Average reward:   141.02 | Step Count: 134929 | Episode Q0:    24.80
Episode: 759/1500 | Episode reward:   158.46 | Episode steps:  193 | Average reward:   144.07 | Step Count: 135122 | Episode Q0:    24.80
Episode: 760/1500 | Episode reward:    81.28 | Episode steps:  114 | Average reward:   136.77 | Step Count: 135236 | Episode Q0:    24.80
Episode: 761/1500 | Episode reward:   131.77 | Episode steps:  182 | Average reward:   125.16 | Step Count: 135418 | Episode Q0:    24.80
Episode: 762/1500 | Episode reward:    71.58 | Episode steps:   86 | Average reward:   125.89 | Step Count: 135504 | Episode Q0:    24.80
Episode: 763/1500 | Episode reward:   202.57 | Episode steps:  272 | Average reward:   133.81 | Step Count: 135776 | Episode Q0:    24.80
Episode: 764/1500 | Episode reward:   133.84 | Episode steps:  181 | Average reward:   132.82 | Step Count: 135957 | Episode Q0:    24.80
Episode: 765/1500 | Episode reward:   105.24 | Episode steps:  181 | Average reward:   130.84 | Step Count: 136138 | Episode Q0:    24.80
Episode: 766/1500 | Episode reward:   159.47 | Episode steps:  198 | Average reward:   139.56 | Step Count: 136336 | Episode Q0:    24.80
Episode: 767/1500 | Episode reward:   147.20 | Episode steps:  208 | Average reward:   147.31 | Step Count: 136544 | Episode Q0:    24.80
Episode: 768/1500 | Episode reward:   117.96 | Episode steps:  179 | Average reward:   130.94 | Step Count: 136723 | Episode Q0:    24.80
Episode: 769/1500 | Episode reward:    73.75 | Episode steps:  129 | Average reward:   122.47 | Step Count: 136852 | Episode Q0:    24.80
Episode: 770/1500 | Episode reward:    92.12 | Episode steps:  102 | Average reward:   123.55 | Step Count: 136954 | Episode Q0:    24.80
Episode: 771/1500 | Episode reward:    77.04 | Episode steps:  120 | Average reward:   118.08 | Step Count: 137074 | Episode Q0:    24.80
Episode: 772/1500 | Episode reward:    89.74 | Episode steps:  102 | Average reward:   119.89 | Step Count: 137176 | Episode Q0:    24.80
Episode: 773/1500 | Episode reward:    83.28 | Episode steps:  128 | Average reward:   107.96 | Step Count: 137304 | Episode Q0:    26.31
Episode: 774/1500 | Episode reward:   108.53 | Episode steps:  165 | Average reward:   105.43 | Step Count: 137469 | Episode Q0:    26.31
Episode: 775/1500 | Episode reward:   166.13 | Episode steps:  207 | Average reward:   111.52 | Step Count: 137676 | Episode Q0:    26.31
Episode: 776/1500 | Episode reward:   151.97 | Episode steps:  190 | Average reward:   110.77 | Step Count: 137866 | Episode Q0:    26.31
Episode: 777/1500 | Episode reward:   108.75 | Episode steps:  144 | Average reward:   106.93 | Step Count: 138010 | Episode Q0:    26.31
Episode: 778/1500 | Episode reward:   159.73 | Episode steps:  235 | Average reward:   111.10 | Step Count: 138245 | Episode Q0:    26.31
Episode: 779/1500 | Episode reward:   152.92 | Episode steps:  200 | Average reward:   119.02 | Step Count: 138445 | Episode Q0:    26.31
Episode: 780/1500 | Episode reward:   142.12 | Episode steps:  213 | Average reward:   124.02 | Step Count: 138658 | Episode Q0:    26.31
Episode: 781/1500 | Episode reward:   193.15 | Episode steps:  242 | Average reward:   135.63 | Step Count: 138900 | Episode Q0:    26.31
Episode: 782/1500 | Episode reward:   115.93 | Episode steps:  163 | Average reward:   138.25 | Step Count: 139063 | Episode Q0:    26.31
Episode: 783/1500 | Episode reward:   127.79 | Episode steps:  167 | Average reward:   142.70 | Step Count: 139230 | Episode Q0:    26.31
Episode: 784/1500 | Episode reward:    84.26 | Episode steps:   97 | Average reward:   140.28 | Step Count: 139327 | Episode Q0:    26.31
Episode: 785/1500 | Episode reward:   133.92 | Episode steps:  157 | Average reward:   137.05 | Step Count: 139484 | Episode Q0:    26.31
Episode: 786/1500 | Episode reward:   135.06 | Episode steps:  197 | Average reward:   135.36 | Step Count: 139681 | Episode Q0:    26.31
Episode: 787/1500 | Episode reward:    88.49 | Episode steps:  138 | Average reward:   133.34 | Step Count: 139819 | Episode Q0:    26.31
Episode: 788/1500 | Episode reward:   118.22 | Episode steps:  170 | Average reward:   129.19 | Step Count: 139989 | Episode Q0:    26.31
Episode: 789/1500 | Episode reward:    83.56 | Episode steps:  126 | Average reward:   122.25 | Step Count: 140115 | Episode Q0:    26.31
Episode: 790/1500 | Episode reward:    78.60 | Episode steps:  132 | Average reward:   115.90 | Step Count: 140247 | Episode Q0:    26.31
Episode: 791/1500 | Episode reward:   153.01 | Episode steps:  180 | Average reward:   111.88 | Step Count: 140427 | Episode Q0:    26.31
Episode: 792/1500 | Episode reward:    93.45 | Episode steps:  158 | Average reward:   109.63 | Step Count: 140585 | Episode Q0:    26.31
Episode: 793/1500 | Episode reward:    97.92 | Episode steps:  144 | Average reward:   106.65 | Step Count: 140729 | Episode Q0:    26.31
Episode: 794/1500 | Episode reward:   108.72 | Episode steps:  154 | Average reward:   109.09 | Step Count: 140883 | Episode Q0:    26.31
Episode: 795/1500 | Episode reward:   139.26 | Episode steps:  168 | Average reward:   109.63 | Step Count: 141051 | Episode Q0:    26.31
Episode: 796/1500 | Episode reward:   176.54 | Episode steps:  246 | Average reward:   113.78 | Step Count: 141297 | Episode Q0:    26.31
Episode: 797/1500 | Episode reward:    92.63 | Episode steps:  145 | Average reward:   114.19 | Step Count: 141442 | Episode Q0:    26.31
Episode: 798/1500 | Episode reward:   120.84 | Episode steps:  179 | Average reward:   114.45 | Step Count: 141621 | Episode Q0:    26.31
Episode: 799/1500 | Episode reward:   119.20 | Episode steps:  168 | Average reward:   118.02 | Step Count: 141789 | Episode Q0:    26.31
Episode: 800/1500 | Episode reward:   188.36 | Episode steps:  253 | Average reward:   128.99 | Step Count: 142042 | Episode Q0:    26.31
Episode: 801/1500 | Episode reward:   135.10 | Episode steps:  204 | Average reward:   127.20 | Step Count: 142246 | Episode Q0:    26.31
Episode: 802/1500 | Episode reward:   219.43 | Episode steps:  302 | Average reward:   139.80 | Step Count: 142548 | Episode Q0:    26.31
Episode: 803/1500 | Episode reward:   114.12 | Episode steps:  170 | Average reward:   141.42 | Step Count: 142718 | Episode Q0:    26.31
Episode: 804/1500 | Episode reward:   158.48 | Episode steps:  234 | Average reward:   146.40 | Step Count: 142952 | Episode Q0:    26.31
Episode: 805/1500 | Episode reward:   157.81 | Episode steps:  234 | Average reward:   148.25 | Step Count: 143186 | Episode Q0:    26.31
Episode: 806/1500 | Episode reward:    72.09 | Episode steps:  122 | Average reward:   137.81 | Step Count: 143308 | Episode Q0:    26.31
Episode: 807/1500 | Episode reward:    60.94 | Episode steps:  120 | Average reward:   134.64 | Step Count: 143428 | Episode Q0:    26.31
Episode: 808/1500 | Episode reward:    77.16 | Episode steps:   93 | Average reward:   130.27 | Step Count: 143521 | Episode Q0:    26.31
Episode: 809/1500 | Episode reward:    99.03 | Episode steps:  173 | Average reward:   128.25 | Step Count: 143694 | Episode Q0:    28.20
Episode: 810/1500 | Episode reward:    74.32 | Episode steps:  123 | Average reward:   116.85 | Step Count: 143817 | Episode Q0:    28.20
Episode: 811/1500 | Episode reward:   328.70 | Episode steps:  460 | Average reward:   136.21 | Step Count: 144277 | Episode Q0:    28.20
Episode: 812/1500 | Episode reward:    83.96 | Episode steps:  134 | Average reward:   122.66 | Step Count: 144411 | Episode Q0:    28.20
Episode: 813/1500 | Episode reward:   108.34 | Episode steps:  131 | Average reward:   122.08 | Step Count: 144542 | Episode Q0:    28.20
Episode: 814/1500 | Episode reward:    62.33 | Episode steps:  103 | Average reward:   112.47 | Step Count: 144645 | Episode Q0:    28.20
Episode: 815/1500 | Episode reward:   117.88 | Episode steps:  164 | Average reward:   108.48 | Step Count: 144809 | Episode Q0:    28.20
Episode: 816/1500 | Episode reward:    88.26 | Episode steps:  139 | Average reward:   110.09 | Step Count: 144948 | Episode Q0:    28.20
Episode: 817/1500 | Episode reward:   225.04 | Episode steps:  298 | Average reward:   126.50 | Step Count: 145246 | Episode Q0:    28.20
Episode: 818/1500 | Episode reward:   103.14 | Episode steps:  152 | Average reward:   129.10 | Step Count: 145398 | Episode Q0:    28.20
Episode: 819/1500 | Episode reward:   109.37 | Episode steps:  168 | Average reward:   130.13 | Step Count: 145566 | Episode Q0:    28.20
Episode: 820/1500 | Episode reward:    85.25 | Episode steps:  135 | Average reward:   131.23 | Step Count: 145701 | Episode Q0:    28.20
Episode: 821/1500 | Episode reward:    98.07 | Episode steps:  142 | Average reward:   108.16 | Step Count: 145843 | Episode Q0:    28.20
Episode: 822/1500 | Episode reward:   121.96 | Episode steps:  162 | Average reward:   111.96 | Step Count: 146005 | Episode Q0:    28.20
Episode: 823/1500 | Episode reward:    64.27 | Episode steps:  119 | Average reward:   107.56 | Step Count: 146124 | Episode Q0:    28.20
Episode: 824/1500 | Episode reward:   119.57 | Episode steps:  174 | Average reward:   113.28 | Step Count: 146298 | Episode Q0:    28.20
Episode: 825/1500 | Episode reward:    98.55 | Episode steps:  144 | Average reward:   111.35 | Step Count: 146442 | Episode Q0:    28.20
Episode: 826/1500 | Episode reward:   217.56 | Episode steps:  274 | Average reward:   124.28 | Step Count: 146716 | Episode Q0:    28.20
Episode: 827/1500 | Episode reward:   129.03 | Episode steps:  177 | Average reward:   114.68 | Step Count: 146893 | Episode Q0:    28.20
Episode: 828/1500 | Episode reward:   164.83 | Episode steps:  248 | Average reward:   120.85 | Step Count: 147141 | Episode Q0:    28.20
Episode: 829/1500 | Episode reward:   171.43 | Episode steps:  215 | Average reward:   127.05 | Step Count: 147356 | Episode Q0:    28.20
Episode: 830/1500 | Episode reward:    67.81 | Episode steps:  111 | Average reward:   125.31 | Step Count: 147467 | Episode Q0:    28.20
Episode: 831/1500 | Episode reward:    84.18 | Episode steps:  139 | Average reward:   123.92 | Step Count: 147606 | Episode Q0:    28.20
Episode: 832/1500 | Episode reward:    71.46 | Episode steps:  116 | Average reward:   118.87 | Step Count: 147722 | Episode Q0:    28.20
Episode: 833/1500 | Episode reward:    76.96 | Episode steps:  131 | Average reward:   120.14 | Step Count: 147853 | Episode Q0:    28.20
Episode: 834/1500 | Episode reward:   142.33 | Episode steps:  192 | Average reward:   122.41 | Step Count: 148045 | Episode Q0:    28.20
Episode: 835/1500 | Episode reward:   170.79 | Episode steps:  211 | Average reward:   129.64 | Step Count: 148256 | Episode Q0:    28.20
Episode: 836/1500 | Episode reward:   160.51 | Episode steps:  177 | Average reward:   123.93 | Step Count: 148433 | Episode Q0:    28.20
Episode: 837/1500 | Episode reward:   133.28 | Episode steps:  198 | Average reward:   124.36 | Step Count: 148631 | Episode Q0:    28.20
Episode: 838/1500 | Episode reward:    92.22 | Episode steps:  145 | Average reward:   117.10 | Step Count: 148776 | Episode Q0:    28.20
Episode: 839/1500 | Episode reward:    77.81 | Episode steps:  121 | Average reward:   107.73 | Step Count: 148897 | Episode Q0:    28.20
Episode: 840/1500 | Episode reward:   113.23 | Episode steps:  161 | Average reward:   112.28 | Step Count: 149058 | Episode Q0:    28.20
Episode: 841/1500 | Episode reward:   148.33 | Episode steps:  221 | Average reward:   118.69 | Step Count: 149279 | Episode Q0:    28.20
Episode: 842/1500 | Episode reward:   166.50 | Episode steps:  214 | Average reward:   128.20 | Step Count: 149493 | Episode Q0:    28.20
Episode: 843/1500 | Episode reward:    96.78 | Episode steps:  139 | Average reward:   130.18 | Step Count: 149632 | Episode Q0:    28.20
Episode: 844/1500 | Episode reward:   160.46 | Episode steps:  236 | Average reward:   131.99 | Step Count: 149868 | Episode Q0:    29.70
Episode: 845/1500 | Episode reward:   156.59 | Episode steps:  228 | Average reward:   130.57 | Step Count: 150096 | Episode Q0:    29.70
Episode: 846/1500 | Episode reward:   109.51 | Episode steps:  178 | Average reward:   125.47 | Step Count: 150274 | Episode Q0:    29.70
Episode: 847/1500 | Episode reward:   140.23 | Episode steps:  183 | Average reward:   126.17 | Step Count: 150457 | Episode Q0:    29.70
Episode: 848/1500 | Episode reward:   175.78 | Episode steps:  217 | Average reward:   134.52 | Step Count: 150674 | Episode Q0:    29.70
Episode: 849/1500 | Episode reward:   145.85 | Episode steps:  215 | Average reward:   141.33 | Step Count: 150889 | Episode Q0:    29.70
Episode: 850/1500 | Episode reward:   133.69 | Episode steps:  185 | Average reward:   143.37 | Step Count: 151074 | Episode Q0:    29.70
Episode: 851/1500 | Episode reward:   166.78 | Episode steps:  213 | Average reward:   145.22 | Step Count: 151287 | Episode Q0:    29.70
Episode: 852/1500 | Episode reward:    88.07 | Episode steps:  139 | Average reward:   137.37 | Step Count: 151426 | Episode Q0:    29.70
Episode: 853/1500 | Episode reward:    83.76 | Episode steps:  148 | Average reward:   136.07 | Step Count: 151574 | Episode Q0:    29.70
Episode: 854/1500 | Episode reward:   173.16 | Episode steps:  235 | Average reward:   137.34 | Step Count: 151809 | Episode Q0:    29.70
Episode: 855/1500 | Episode reward:   231.51 | Episode steps:  374 | Average reward:   144.83 | Step Count: 152183 | Episode Q0:    29.70
Episode: 856/1500 | Episode reward:    95.22 | Episode steps:  149 | Average reward:   143.41 | Step Count: 152332 | Episode Q0:    29.70
Episode: 857/1500 | Episode reward:   142.51 | Episode steps:  202 | Average reward:   143.63 | Step Count: 152534 | Episode Q0:    29.70
Episode: 858/1500 | Episode reward:   150.25 | Episode steps:  191 | Average reward:   141.08 | Step Count: 152725 | Episode Q0:    29.70
Episode: 859/1500 | Episode reward:   120.17 | Episode steps:  168 | Average reward:   138.51 | Step Count: 152893 | Episode Q0:    29.70
Episode: 860/1500 | Episode reward:   160.37 | Episode steps:  212 | Average reward:   141.18 | Step Count: 153105 | Episode Q0:    29.70
Episode: 861/1500 | Episode reward:   186.50 | Episode steps:  262 | Average reward:   143.15 | Step Count: 153367 | Episode Q0:    29.70
Episode: 862/1500 | Episode reward:   123.17 | Episode steps:  181 | Average reward:   146.66 | Step Count: 153548 | Episode Q0:    29.70
Episode: 863/1500 | Episode reward:    94.64 | Episode steps:  138 | Average reward:   147.75 | Step Count: 153686 | Episode Q0:    29.70
Episode: 864/1500 | Episode reward:   136.95 | Episode steps:  185 | Average reward:   144.13 | Step Count: 153871 | Episode Q0:    29.70
Episode: 865/1500 | Episode reward:   133.42 | Episode steps:  179 | Average reward:   134.32 | Step Count: 154050 | Episode Q0:    29.70
Episode: 866/1500 | Episode reward:   130.96 | Episode steps:  202 | Average reward:   137.89 | Step Count: 154252 | Episode Q0:    29.70
Episode: 867/1500 | Episode reward:   134.24 | Episode steps:  145 | Average reward:   137.07 | Step Count: 154397 | Episode Q0:    29.70
Episode: 868/1500 | Episode reward:    81.63 | Episode steps:  132 | Average reward:   130.21 | Step Count: 154529 | Episode Q0:    29.70
Episode: 869/1500 | Episode reward:    73.72 | Episode steps:  122 | Average reward:   125.56 | Step Count: 154651 | Episode Q0:    29.70
Episode: 870/1500 | Episode reward:   129.36 | Episode steps:  195 | Average reward:   122.46 | Step Count: 154846 | Episode Q0:    29.70
Episode: 871/1500 | Episode reward:   112.41 | Episode steps:  170 | Average reward:   115.05 | Step Count: 155016 | Episode Q0:    29.70
Episode: 872/1500 | Episode reward:   152.00 | Episode steps:  206 | Average reward:   117.93 | Step Count: 155222 | Episode Q0:    29.70
Episode: 873/1500 | Episode reward:   152.84 | Episode steps:  175 | Average reward:   123.75 | Step Count: 155397 | Episode Q0:    29.70
Episode: 874/1500 | Episode reward:   103.04 | Episode steps:  145 | Average reward:   120.36 | Step Count: 155542 | Episode Q0:    29.70
Episode: 875/1500 | Episode reward:   109.29 | Episode steps:  166 | Average reward:   117.95 | Step Count: 155708 | Episode Q0:    29.70
Episode: 876/1500 | Episode reward:    84.16 | Episode steps:  130 | Average reward:   113.27 | Step Count: 155838 | Episode Q0:    29.70
Episode: 877/1500 | Episode reward:    89.25 | Episode steps:  144 | Average reward:   108.77 | Step Count: 155982 | Episode Q0:    29.70
Episode: 878/1500 | Episode reward:   116.05 | Episode steps:  168 | Average reward:   112.21 | Step Count: 156150 | Episode Q0:    29.70
Episode: 879/1500 | Episode reward:    50.66 | Episode steps:   70 | Average reward:   109.91 | Step Count: 156220 | Episode Q0:    29.70
Episode: 880/1500 | Episode reward:   195.17 | Episode steps:  272 | Average reward:   116.49 | Step Count: 156492 | Episode Q0:    31.09
Episode: 881/1500 | Episode reward:   169.13 | Episode steps:  238 | Average reward:   122.16 | Step Count: 156730 | Episode Q0:    31.09
Episode: 882/1500 | Episode reward:   110.87 | Episode steps:  171 | Average reward:   118.05 | Step Count: 156901 | Episode Q0:    31.09
Episode: 883/1500 | Episode reward:   120.49 | Episode steps:  181 | Average reward:   114.81 | Step Count: 157082 | Episode Q0:    31.09
Episode: 884/1500 | Episode reward:   141.48 | Episode steps:  205 | Average reward:   118.66 | Step Count: 157287 | Episode Q0:    31.09
Episode: 885/1500 | Episode reward:   242.28 | Episode steps:  279 | Average reward:   131.96 | Step Count: 157566 | Episode Q0:    31.09
Episode: 886/1500 | Episode reward:   132.24 | Episode steps:  182 | Average reward:   136.76 | Step Count: 157748 | Episode Q0:    31.09
Episode: 887/1500 | Episode reward:   109.56 | Episode steps:  147 | Average reward:   138.79 | Step Count: 157895 | Episode Q0:    31.09
Episode: 888/1500 | Episode reward:   362.15 | Episode steps:  477 | Average reward:   163.40 | Step Count: 158372 | Episode Q0:    31.09
Episode: 889/1500 | Episode reward:   159.63 | Episode steps:  217 | Average reward:   174.30 | Step Count: 158589 | Episode Q0:    31.09
Episode: 890/1500 | Episode reward:   108.18 | Episode steps:  169 | Average reward:   165.60 | Step Count: 158758 | Episode Q0:    31.09
Episode: 891/1500 | Episode reward:   130.84 | Episode steps:  214 | Average reward:   161.77 | Step Count: 158972 | Episode Q0:    31.09
Episode: 892/1500 | Episode reward:   158.49 | Episode steps:  202 | Average reward:   166.53 | Step Count: 159174 | Episode Q0:    31.09
Episode: 893/1500 | Episode reward:   201.30 | Episode steps:  288 | Average reward:   174.61 | Step Count: 159462 | Episode Q0:    31.09
Episode: 894/1500 | Episode reward:    96.75 | Episode steps:  169 | Average reward:   170.14 | Step Count: 159631 | Episode Q0:    31.09
Episode: 895/1500 | Episode reward:   228.23 | Episode steps:  363 | Average reward:   168.74 | Step Count: 159994 | Episode Q0:    31.09
Episode: 896/1500 | Episode reward:   123.26 | Episode steps:  175 | Average reward:   167.84 | Step Count: 160169 | Episode Q0:    31.09
Episode: 897/1500 | Episode reward:   174.55 | Episode steps:  227 | Average reward:   174.34 | Step Count: 160396 | Episode Q0:    31.09
Episode: 898/1500 | Episode reward:   108.21 | Episode steps:  165 | Average reward:   148.94 | Step Count: 160561 | Episode Q0:    31.09
Episode: 899/1500 | Episode reward:   142.42 | Episode steps:  184 | Average reward:   147.22 | Step Count: 160745 | Episode Q0:    31.09
Episode: 900/1500 | Episode reward:   218.92 | Episode steps:  289 | Average reward:   158.30 | Step Count: 161034 | Episode Q0:    31.09
Episode: 901/1500 | Episode reward:   147.87 | Episode steps:  208 | Average reward:   160.00 | Step Count: 161242 | Episode Q0:    31.09
Episode: 902/1500 | Episode reward:   192.95 | Episode steps:  236 | Average reward:   163.45 | Step Count: 161478 | Episode Q0:    31.09
Episode: 903/1500 | Episode reward:   138.03 | Episode steps:  199 | Average reward:   157.12 | Step Count: 161677 | Episode Q0:    31.09
Episode: 904/1500 | Episode reward:   149.23 | Episode steps:  193 | Average reward:   162.37 | Step Count: 161870 | Episode Q0:    31.09
Episode: 905/1500 | Episode reward:   115.86 | Episode steps:  169 | Average reward:   151.13 | Step Count: 162039 | Episode Q0:    31.09
Episode: 906/1500 | Episode reward:   208.51 | Episode steps:  328 | Average reward:   159.66 | Step Count: 162367 | Episode Q0:    31.09
Episode: 907/1500 | Episode reward:   144.98 | Episode steps:  197 | Average reward:   156.70 | Step Count: 162564 | Episode Q0:    31.09
Episode: 908/1500 | Episode reward:    73.72 | Episode steps:  148 | Average reward:   153.25 | Step Count: 162712 | Episode Q0:    31.09
Episode: 909/1500 | Episode reward:   119.24 | Episode steps:  173 | Average reward:   150.93 | Step Count: 162885 | Episode Q0:    31.09
Episode: 910/1500 | Episode reward:   162.76 | Episode steps:  234 | Average reward:   145.32 | Step Count: 163119 | Episode Q0:    31.09
Episode: 911/1500 | Episode reward:   125.96 | Episode steps:  174 | Average reward:   143.12 | Step Count: 163293 | Episode Q0:    31.09
Episode: 912/1500 | Episode reward:   124.33 | Episode steps:  183 | Average reward:   136.26 | Step Count: 163476 | Episode Q0:    31.09
Episode: 913/1500 | Episode reward:   135.35 | Episode steps:  180 | Average reward:   136.00 | Step Count: 163656 | Episode Q0:    31.09
Episode: 914/1500 | Episode reward:   100.51 | Episode steps:  156 | Average reward:   131.12 | Step Count: 163812 | Episode Q0:    31.09
Episode: 915/1500 | Episode reward:   159.01 | Episode steps:  210 | Average reward:   135.44 | Step Count: 164022 | Episode Q0:    32.78
Episode: 916/1500 | Episode reward:   123.55 | Episode steps:  178 | Average reward:   126.94 | Step Count: 164200 | Episode Q0:    32.78
Episode: 917/1500 | Episode reward:    67.52 | Episode steps:   85 | Average reward:   119.20 | Step Count: 164285 | Episode Q0:    32.78
Episode: 918/1500 | Episode reward:   124.78 | Episode steps:  181 | Average reward:   124.30 | Step Count: 164466 | Episode Q0:    32.78
Episode: 919/1500 | Episode reward:   108.68 | Episode steps:  138 | Average reward:   123.25 | Step Count: 164604 | Episode Q0:    32.78
Episode: 920/1500 | Episode reward:   181.57 | Episode steps:  243 | Average reward:   125.13 | Step Count: 164847 | Episode Q0:    32.78
Episode: 921/1500 | Episode reward:   125.09 | Episode steps:  170 | Average reward:   125.04 | Step Count: 165017 | Episode Q0:    32.78
Episode: 922/1500 | Episode reward:   126.25 | Episode steps:  172 | Average reward:   125.23 | Step Count: 165189 | Episode Q0:    32.78
Episode: 923/1500 | Episode reward:   106.11 | Episode steps:  157 | Average reward:   122.31 | Step Count: 165346 | Episode Q0:    32.78
Episode: 924/1500 | Episode reward:    59.91 | Episode steps:   74 | Average reward:   118.25 | Step Count: 165420 | Episode Q0:    32.78
Episode: 925/1500 | Episode reward:   154.82 | Episode steps:  201 | Average reward:   117.83 | Step Count: 165621 | Episode Q0:    32.78
Episode: 926/1500 | Episode reward:    59.85 | Episode steps:  114 | Average reward:   111.46 | Step Count: 165735 | Episode Q0:    32.78
Episode: 927/1500 | Episode reward:   111.81 | Episode steps:  171 | Average reward:   115.89 | Step Count: 165906 | Episode Q0:    32.78
Episode: 928/1500 | Episode reward:   153.53 | Episode steps:  221 | Average reward:   118.76 | Step Count: 166127 | Episode Q0:    32.78
Episode: 929/1500 | Episode reward:    71.93 | Episode steps:   99 | Average reward:   115.09 | Step Count: 166226 | Episode Q0:    32.78
Episode: 930/1500 | Episode reward:   148.86 | Episode steps:  216 | Average reward:   111.82 | Step Count: 166442 | Episode Q0:    32.78
Episode: 931/1500 | Episode reward:   116.56 | Episode steps:  176 | Average reward:   110.96 | Step Count: 166618 | Episode Q0:    32.78
Episode: 932/1500 | Episode reward:    86.45 | Episode steps:  138 | Average reward:   106.98 | Step Count: 166756 | Episode Q0:    32.78
Episode: 933/1500 | Episode reward:    41.45 | Episode steps:   56 | Average reward:   100.52 | Step Count: 166812 | Episode Q0:    32.78
Episode: 934/1500 | Episode reward:   171.21 | Episode steps:  244 | Average reward:   111.65 | Step Count: 167056 | Episode Q0:    32.78
Episode: 935/1500 | Episode reward:   199.72 | Episode steps:  262 | Average reward:   116.14 | Step Count: 167318 | Episode Q0:    32.78
Episode: 936/1500 | Episode reward:   120.92 | Episode steps:  172 | Average reward:   122.24 | Step Count: 167490 | Episode Q0:    32.78
Episode: 937/1500 | Episode reward:   117.77 | Episode steps:  182 | Average reward:   122.84 | Step Count: 167672 | Episode Q0:    32.78
Episode: 938/1500 | Episode reward:   218.45 | Episode steps:  289 | Average reward:   129.33 | Step Count: 167961 | Episode Q0:    32.78
Episode: 939/1500 | Episode reward:    45.65 | Episode steps:   60 | Average reward:   126.70 | Step Count: 168021 | Episode Q0:    32.78
Episode: 940/1500 | Episode reward:   130.26 | Episode steps:  186 | Average reward:   124.84 | Step Count: 168207 | Episode Q0:    32.78
Episode: 941/1500 | Episode reward:    59.75 | Episode steps:   78 | Average reward:   119.16 | Step Count: 168285 | Episode Q0:    32.78
Episode: 942/1500 | Episode reward:   110.03 | Episode steps:  160 | Average reward:   121.52 | Step Count: 168445 | Episode Q0:    32.78
Episode: 943/1500 | Episode reward:    88.42 | Episode steps:  134 | Average reward:   126.22 | Step Count: 168579 | Episode Q0:    32.78
Episode: 944/1500 | Episode reward:    87.27 | Episode steps:  110 | Average reward:   117.82 | Step Count: 168689 | Episode Q0:    32.78
Episode: 945/1500 | Episode reward:   104.81 | Episode steps:  162 | Average reward:   108.33 | Step Count: 168851 | Episode Q0:    32.78
Episode: 946/1500 | Episode reward:   120.90 | Episode steps:  179 | Average reward:   108.33 | Step Count: 169030 | Episode Q0:    32.78
Episode: 947/1500 | Episode reward:   103.37 | Episode steps:  124 | Average reward:   106.89 | Step Count: 169154 | Episode Q0:    32.78
Episode: 948/1500 | Episode reward:   133.11 | Episode steps:  201 | Average reward:    98.36 | Step Count: 169355 | Episode Q0:    32.78
Episode: 949/1500 | Episode reward:   133.67 | Episode steps:  179 | Average reward:   107.16 | Step Count: 169534 | Episode Q0:    32.78
Episode: 950/1500 | Episode reward:   158.56 | Episode steps:  207 | Average reward:   109.99 | Step Count: 169741 | Episode Q0:    33.79
Episode: 951/1500 | Episode reward:    98.51 | Episode steps:  153 | Average reward:   113.86 | Step Count: 169894 | Episode Q0:    33.79
Episode: 952/1500 | Episode reward:   174.96 | Episode steps:  247 | Average reward:   120.36 | Step Count: 170141 | Episode Q0:    33.79
Episode: 953/1500 | Episode reward:    95.89 | Episode steps:  129 | Average reward:   121.10 | Step Count: 170270 | Episode Q0:    33.79
Episode: 954/1500 | Episode reward:    88.08 | Episode steps:  112 | Average reward:   121.19 | Step Count: 170382 | Episode Q0:    33.79
Episode: 955/1500 | Episode reward:   112.32 | Episode steps:  167 | Average reward:   121.94 | Step Count: 170549 | Episode Q0:    33.79
Episode: 956/1500 | Episode reward:    70.87 | Episode steps:   89 | Average reward:   116.93 | Step Count: 170638 | Episode Q0:    33.79
Episode: 957/1500 | Episode reward:    77.12 | Episode steps:  105 | Average reward:   114.31 | Step Count: 170743 | Episode Q0:    33.79
Episode: 958/1500 | Episode reward:   110.77 | Episode steps:  158 | Average reward:   112.07 | Step Count: 170901 | Episode Q0:    33.79
Episode: 959/1500 | Episode reward:   224.51 | Episode steps:  303 | Average reward:   121.16 | Step Count: 171204 | Episode Q0:    33.79
Episode: 960/1500 | Episode reward:    96.10 | Episode steps:  151 | Average reward:   114.91 | Step Count: 171355 | Episode Q0:    33.79
Episode: 961/1500 | Episode reward:    85.11 | Episode steps:  104 | Average reward:   113.57 | Step Count: 171459 | Episode Q0:    33.79
Episode: 962/1500 | Episode reward:   139.48 | Episode steps:  211 | Average reward:   110.02 | Step Count: 171670 | Episode Q0:    33.79
Episode: 963/1500 | Episode reward:   105.64 | Episode steps:  152 | Average reward:   111.00 | Step Count: 171822 | Episode Q0:    33.79
Episode: 964/1500 | Episode reward:    60.25 | Episode steps:   89 | Average reward:   108.22 | Step Count: 171911 | Episode Q0:    33.79
Episode: 965/1500 | Episode reward:   185.65 | Episode steps:  248 | Average reward:   115.55 | Step Count: 172159 | Episode Q0:    33.79
Episode: 966/1500 | Episode reward:   145.76 | Episode steps:  219 | Average reward:   123.04 | Step Count: 172378 | Episode Q0:    33.79
Episode: 967/1500 | Episode reward:   194.70 | Episode steps:  273 | Average reward:   134.80 | Step Count: 172651 | Episode Q0:    33.79
Episode: 968/1500 | Episode reward:   221.54 | Episode steps:  331 | Average reward:   145.87 | Step Count: 172982 | Episode Q0:    33.79
Episode: 969/1500 | Episode reward:   124.13 | Episode steps:  168 | Average reward:   135.84 | Step Count: 173150 | Episode Q0:    33.79
Episode: 970/1500 | Episode reward:   128.08 | Episode steps:  179 | Average reward:   139.03 | Step Count: 173329 | Episode Q0:    33.79
Episode: 971/1500 | Episode reward:   285.11 | Episode steps:  372 | Average reward:   159.03 | Step Count: 173701 | Episode Q0:    33.79
Episode: 972/1500 | Episode reward:   158.22 | Episode steps:  236 | Average reward:   160.91 | Step Count: 173937 | Episode Q0:    33.79
Episode: 973/1500 | Episode reward:   207.89 | Episode steps:  359 | Average reward:   171.13 | Step Count: 174296 | Episode Q0:    33.79
Episode: 974/1500 | Episode reward:   128.70 | Episode steps:  199 | Average reward:   177.98 | Step Count: 174495 | Episode Q0:    33.79
Episode: 975/1500 | Episode reward:   150.29 | Episode steps:  221 | Average reward:   174.44 | Step Count: 174716 | Episode Q0:    33.79
Episode: 976/1500 | Episode reward:   295.03 | Episode steps:  383 | Average reward:   189.37 | Step Count: 175099 | Episode Q0:    33.79
Episode: 977/1500 | Episode reward:    89.38 | Episode steps:  141 | Average reward:   178.84 | Step Count: 175240 | Episode Q0:    33.79
Episode: 978/1500 | Episode reward:   127.80 | Episode steps:  177 | Average reward:   169.46 | Step Count: 175417 | Episode Q0:    33.79
Episode: 979/1500 | Episode reward:   110.63 | Episode steps:  186 | Average reward:   168.11 | Step Count: 175603 | Episode Q0:    33.79
Episode: 980/1500 | Episode reward:   211.45 | Episode steps:  288 | Average reward:   176.45 | Step Count: 175891 | Episode Q0:    33.79
Episode: 981/1500 | Episode reward:   158.48 | Episode steps:  221 | Average reward:   163.79 | Step Count: 176112 | Episode Q0:    33.79
Episode: 982/1500 | Episode reward:    69.13 | Episode steps:  136 | Average reward:   154.88 | Step Count: 176248 | Episode Q0:    33.79
Episode: 983/1500 | Episode reward:   107.74 | Episode steps:  165 | Average reward:   144.86 | Step Count: 176413 | Episode Q0:    33.79
Episode: 984/1500 | Episode reward:   216.95 | Episode steps:  308 | Average reward:   153.69 | Step Count: 176721 | Episode Q0:    33.79
Episode: 985/1500 | Episode reward:    66.70 | Episode steps:   89 | Average reward:   145.33 | Step Count: 176810 | Episode Q0:    35.45
Episode: 986/1500 | Episode reward:   153.86 | Episode steps:  236 | Average reward:   131.21 | Step Count: 177046 | Episode Q0:    35.45
Episode: 987/1500 | Episode reward:    73.74 | Episode steps:   88 | Average reward:   129.65 | Step Count: 177134 | Episode Q0:    35.45
Episode: 988/1500 | Episode reward:    58.74 | Episode steps:   78 | Average reward:   122.74 | Step Count: 177212 | Episode Q0:    35.45
Episode: 989/1500 | Episode reward:   197.41 | Episode steps:  275 | Average reward:   131.42 | Step Count: 177487 | Episode Q0:    35.45
Episode: 990/1500 | Episode reward:    83.18 | Episode steps:  104 | Average reward:   118.59 | Step Count: 177591 | Episode Q0:    35.45
Episode: 991/1500 | Episode reward:   200.03 | Episode steps:  298 | Average reward:   122.75 | Step Count: 177889 | Episode Q0:    35.45
Episode: 992/1500 | Episode reward:    77.64 | Episode steps:  104 | Average reward:   123.60 | Step Count: 177993 | Episode Q0:    35.45
Episode: 993/1500 | Episode reward:   236.67 | Episode steps:  365 | Average reward:   136.49 | Step Count: 178358 | Episode Q0:    35.45
Episode: 994/1500 | Episode reward:   116.40 | Episode steps:  166 | Average reward:   126.44 | Step Count: 178524 | Episode Q0:    35.45
Episode: 995/1500 | Episode reward:   101.36 | Episode steps:  162 | Average reward:   129.90 | Step Count: 178686 | Episode Q0:    35.45
Episode: 996/1500 | Episode reward:   216.63 | Episode steps:  306 | Average reward:   136.18 | Step Count: 178992 | Episode Q0:    35.45
Episode: 997/1500 | Episode reward:   184.42 | Episode steps:  252 | Average reward:   147.25 | Step Count: 179244 | Episode Q0:    35.45
Episode: 998/1500 | Episode reward:   205.46 | Episode steps:  285 | Average reward:   161.92 | Step Count: 179529 | Episode Q0:    35.45
Episode: 999/1500 | Episode reward:   101.68 | Episode steps:  152 | Average reward:   152.35 | Step Count: 179681 | Episode Q0:    35.45
Episode: 1000/1500 | Episode reward:    59.81 | Episode steps:   89 | Average reward:   150.01 | Step Count: 179770 | Episode Q0:    35.45
Episode: 1001/1500 | Episode reward:   154.50 | Episode steps:  234 | Average reward:   145.46 | Step Count: 180004 | Episode Q0:    35.45
Episode: 1002/1500 | Episode reward:   223.99 | Episode steps:  301 | Average reward:   160.09 | Step Count: 180305 | Episode Q0:    35.45
Episode: 1003/1500 | Episode reward:   153.70 | Episode steps:  228 | Average reward:   151.80 | Step Count: 180533 | Episode Q0:    35.45
Episode: 1004/1500 | Episode reward:   242.58 | Episode steps:  325 | Average reward:   164.41 | Step Count: 180858 | Episode Q0:    35.45
Episode: 1005/1500 | Episode reward:   226.98 | Episode steps:  267 | Average reward:   176.97 | Step Count: 181125 | Episode Q0:    35.45
Episode: 1006/1500 | Episode reward:    71.06 | Episode steps:   92 | Average reward:   162.42 | Step Count: 181217 | Episode Q0:    35.45
Episode: 1007/1500 | Episode reward:   194.38 | Episode steps:  285 | Average reward:   163.41 | Step Count: 181502 | Episode Q0:    35.45
Episode: 1008/1500 | Episode reward:   177.50 | Episode steps:  221 | Average reward:   160.62 | Step Count: 181723 | Episode Q0:    35.45
Episode: 1009/1500 | Episode reward:   247.27 | Episode steps:  344 | Average reward:   175.18 | Step Count: 182067 | Episode Q0:    35.45
Episode: 1010/1500 | Episode reward:    62.00 | Episode steps:   76 | Average reward:   175.40 | Step Count: 182143 | Episode Q0:    35.45
Episode: 1011/1500 | Episode reward:   165.08 | Episode steps:  245 | Average reward:   176.45 | Step Count: 182388 | Episode Q0:    35.45
Episode: 1012/1500 | Episode reward:   185.13 | Episode steps:  261 | Average reward:   172.57 | Step Count: 182649 | Episode Q0:    35.45
Episode: 1013/1500 | Episode reward:   101.51 | Episode steps:  158 | Average reward:   167.35 | Step Count: 182807 | Episode Q0:    35.45
Episode: 1014/1500 | Episode reward:   126.19 | Episode steps:  145 | Average reward:   155.71 | Step Count: 182952 | Episode Q0:    35.45
Episode: 1015/1500 | Episode reward:   202.29 | Episode steps:  288 | Average reward:   153.24 | Step Count: 183240 | Episode Q0:    35.45
Episode: 1016/1500 | Episode reward:   137.75 | Episode steps:  199 | Average reward:   159.91 | Step Count: 183439 | Episode Q0:    35.45
Episode: 1017/1500 | Episode reward:   104.61 | Episode steps:  119 | Average reward:   150.93 | Step Count: 183558 | Episode Q0:    35.45
Episode: 1018/1500 | Episode reward:    67.84 | Episode steps:   92 | Average reward:   139.97 | Step Count: 183650 | Episode Q0:    35.45
Episode: 1019/1500 | Episode reward:   185.63 | Episode steps:  239 | Average reward:   133.80 | Step Count: 183889 | Episode Q0:    36.88
Episode: 1020/1500 | Episode reward:   340.32 | Episode steps:  500 | Average reward:   161.64 | Step Count: 184389 | Episode Q0:    36.88
Episode: 1021/1500 | Episode reward:   153.90 | Episode steps:  225 | Average reward:   160.52 | Step Count: 184614 | Episode Q0:    36.88
Episode: 1022/1500 | Episode reward:   225.44 | Episode steps:  296 | Average reward:   164.55 | Step Count: 184910 | Episode Q0:    36.88
Episode: 1023/1500 | Episode reward:   114.22 | Episode steps:  171 | Average reward:   165.82 | Step Count: 185081 | Episode Q0:    36.88
Episode: 1024/1500 | Episode reward:   168.83 | Episode steps:  251 | Average reward:   170.08 | Step Count: 185332 | Episode Q0:    36.88
Episode: 1025/1500 | Episode reward:   188.21 | Episode steps:  268 | Average reward:   168.68 | Step Count: 185600 | Episode Q0:    36.88
Episode: 1026/1500 | Episode reward:   245.50 | Episode steps:  345 | Average reward:   179.45 | Step Count: 185945 | Episode Q0:    36.88
Episode: 1027/1500 | Episode reward:    55.43 | Episode steps:   68 | Average reward:   174.53 | Step Count: 186013 | Episode Q0:    36.88
Episode: 1028/1500 | Episode reward:   149.58 | Episode steps:  234 | Average reward:   182.71 | Step Count: 186247 | Episode Q0:    36.88
Episode: 1029/1500 | Episode reward:   141.78 | Episode steps:  207 | Average reward:   178.32 | Step Count: 186454 | Episode Q0:    36.88
Episode: 1030/1500 | Episode reward:   138.41 | Episode steps:  208 | Average reward:   158.13 | Step Count: 186662 | Episode Q0:    36.88
Episode: 1031/1500 | Episode reward:    74.33 | Episode steps:   87 | Average reward:   150.17 | Step Count: 186749 | Episode Q0:    36.88
Episode: 1032/1500 | Episode reward:   202.84 | Episode steps:  291 | Average reward:   147.91 | Step Count: 187040 | Episode Q0:    36.88
Episode: 1033/1500 | Episode reward:   131.83 | Episode steps:  199 | Average reward:   149.67 | Step Count: 187239 | Episode Q0:    36.88
Episode: 1034/1500 | Episode reward:   115.82 | Episode steps:  187 | Average reward:   144.37 | Step Count: 187426 | Episode Q0:    36.88
Episode: 1035/1500 | Episode reward:   194.04 | Episode steps:  241 | Average reward:   144.95 | Step Count: 187667 | Episode Q0:    36.88
Episode: 1036/1500 | Episode reward:   181.39 | Episode steps:  269 | Average reward:   138.54 | Step Count: 187936 | Episode Q0:    36.88
Episode: 1037/1500 | Episode reward:   275.79 | Episode steps:  370 | Average reward:   160.58 | Step Count: 188306 | Episode Q0:    36.88
Episode: 1038/1500 | Episode reward:   220.71 | Episode steps:  399 | Average reward:   167.69 | Step Count: 188705 | Episode Q0:    36.88
Episode: 1039/1500 | Episode reward:   165.54 | Episode steps:  249 | Average reward:   170.07 | Step Count: 188954 | Episode Q0:    36.88
Episode: 1040/1500 | Episode reward:   357.54 | Episode steps:  473 | Average reward:   191.98 | Step Count: 189427 | Episode Q0:    36.88
Episode: 1041/1500 | Episode reward:   106.60 | Episode steps:  129 | Average reward:   195.21 | Step Count: 189556 | Episode Q0:    36.88
Episode: 1042/1500 | Episode reward:   246.41 | Episode steps:  334 | Average reward:   199.57 | Step Count: 189890 | Episode Q0:    36.88
Episode: 1043/1500 | Episode reward:   178.22 | Episode steps:  265 | Average reward:   204.21 | Step Count: 190155 | Episode Q0:    36.88
Episode: 1044/1500 | Episode reward:   154.06 | Episode steps:  227 | Average reward:   208.03 | Step Count: 190382 | Episode Q0:    36.88
Episode: 1045/1500 | Episode reward:   162.42 | Episode steps:  222 | Average reward:   204.87 | Step Count: 190604 | Episode Q0:    36.88
Episode: 1046/1500 | Episode reward:   168.14 | Episode steps:  237 | Average reward:   203.54 | Step Count: 190841 | Episode Q0:    36.88
Episode: 1047/1500 | Episode reward:   223.71 | Episode steps:  278 | Average reward:   198.34 | Step Count: 191119 | Episode Q0:    36.88
Episode: 1048/1500 | Episode reward:   207.12 | Episode steps:  304 | Average reward:   196.98 | Step Count: 191423 | Episode Q0:    36.88
Episode: 1049/1500 | Episode reward:    72.32 | Episode steps:  127 | Average reward:   187.66 | Step Count: 191550 | Episode Q0:    36.88
Episode: 1050/1500 | Episode reward:   236.66 | Episode steps:  341 | Average reward:   175.57 | Step Count: 191891 | Episode Q0:    38.00
Episode: 1051/1500 | Episode reward:   265.27 | Episode steps:  345 | Average reward:   191.43 | Step Count: 192236 | Episode Q0:    38.00
Episode: 1052/1500 | Episode reward:   145.57 | Episode steps:  220 | Average reward:   181.35 | Step Count: 192456 | Episode Q0:    38.00
Episode: 1053/1500 | Episode reward:   150.21 | Episode steps:  186 | Average reward:   178.55 | Step Count: 192642 | Episode Q0:    38.00
Episode: 1054/1500 | Episode reward:   158.43 | Episode steps:  201 | Average reward:   178.99 | Step Count: 192843 | Episode Q0:    38.00
Episode: 1055/1500 | Episode reward:   185.28 | Episode steps:  283 | Average reward:   181.27 | Step Count: 193126 | Episode Q0:    38.00
Episode: 1056/1500 | Episode reward:   227.88 | Episode steps:  298 | Average reward:   187.25 | Step Count: 193424 | Episode Q0:    38.00
Episode: 1057/1500 | Episode reward:   235.76 | Episode steps:  331 | Average reward:   188.45 | Step Count: 193755 | Episode Q0:    38.00
Episode: 1058/1500 | Episode reward:   130.84 | Episode steps:  196 | Average reward:   180.82 | Step Count: 193951 | Episode Q0:    38.00
Episode: 1059/1500 | Episode reward:   165.50 | Episode steps:  273 | Average reward:   190.14 | Step Count: 194224 | Episode Q0:    38.00
Episode: 1060/1500 | Episode reward:   226.28 | Episode steps:  314 | Average reward:   189.10 | Step Count: 194538 | Episode Q0:    38.00
Episode: 1061/1500 | Episode reward:   192.72 | Episode steps:  346 | Average reward:   181.85 | Step Count: 194884 | Episode Q0:    38.00
Episode: 1062/1500 | Episode reward:   236.59 | Episode steps:  323 | Average reward:   190.95 | Step Count: 195207 | Episode Q0:    38.00
Episode: 1063/1500 | Episode reward:   233.14 | Episode steps:  314 | Average reward:   199.24 | Step Count: 195521 | Episode Q0:    38.00
Episode: 1064/1500 | Episode reward:    57.23 | Episode steps:   74 | Average reward:   189.12 | Step Count: 195595 | Episode Q0:    38.00
Episode: 1065/1500 | Episode reward:   130.87 | Episode steps:  192 | Average reward:   183.68 | Step Count: 195787 | Episode Q0:    38.00
Episode: 1066/1500 | Episode reward:   202.94 | Episode steps:  273 | Average reward:   181.19 | Step Count: 196060 | Episode Q0:    38.00
Episode: 1067/1500 | Episode reward:   169.97 | Episode steps:  242 | Average reward:   174.61 | Step Count: 196302 | Episode Q0:    38.00
Episode: 1068/1500 | Episode reward:   132.87 | Episode steps:  197 | Average reward:   174.81 | Step Count: 196499 | Episode Q0:    38.00
Episode: 1069/1500 | Episode reward:    88.25 | Episode steps:  107 | Average reward:   167.09 | Step Count: 196606 | Episode Q0:    38.00
Episode: 1070/1500 | Episode reward:    70.76 | Episode steps:   88 | Average reward:   151.53 | Step Count: 196694 | Episode Q0:    38.00
Episode: 1071/1500 | Episode reward:    70.18 | Episode steps:   91 | Average reward:   139.28 | Step Count: 196785 | Episode Q0:    38.00
Episode: 1072/1500 | Episode reward:    70.54 | Episode steps:   95 | Average reward:   122.68 | Step Count: 196880 | Episode Q0:    38.00
Episode: 1073/1500 | Episode reward:   153.17 | Episode steps:  213 | Average reward:   114.68 | Step Count: 197093 | Episode Q0:    38.00
Episode: 1074/1500 | Episode reward:   115.06 | Episode steps:  160 | Average reward:   120.46 | Step Count: 197253 | Episode Q0:    38.00
Episode: 1075/1500 | Episode reward:    76.55 | Episode steps:  112 | Average reward:   115.03 | Step Count: 197365 | Episode Q0:    38.00
Episode: 1076/1500 | Episode reward:   218.63 | Episode steps:  299 | Average reward:   116.60 | Step Count: 197664 | Episode Q0:    38.00
Episode: 1077/1500 | Episode reward:   339.43 | Episode steps:  500 | Average reward:   133.54 | Step Count: 198164 | Episode Q0:    38.00
Episode: 1078/1500 | Episode reward:    68.08 | Episode steps:   91 | Average reward:   127.06 | Step Count: 198255 | Episode Q0:    38.00
Episode: 1079/1500 | Episode reward:    75.54 | Episode steps:   95 | Average reward:   125.79 | Step Count: 198350 | Episode Q0:    38.00
Episode: 1080/1500 | Episode reward:   131.27 | Episode steps:  200 | Average reward:   131.84 | Step Count: 198550 | Episode Q0:    38.00
Episode: 1081/1500 | Episode reward:   188.17 | Episode steps:  225 | Average reward:   143.64 | Step Count: 198775 | Episode Q0:    38.00
Episode: 1082/1500 | Episode reward:    84.83 | Episode steps:  110 | Average reward:   145.07 | Step Count: 198885 | Episode Q0:    38.00
Episode: 1083/1500 | Episode reward:   130.46 | Episode steps:  213 | Average reward:   142.80 | Step Count: 199098 | Episode Q0:    38.00
Episode: 1084/1500 | Episode reward:    77.65 | Episode steps:  108 | Average reward:   139.06 | Step Count: 199206 | Episode Q0:    38.00
Episode: 1085/1500 | Episode reward:    66.67 | Episode steps:   92 | Average reward:   138.07 | Step Count: 199298 | Episode Q0:    38.00
Episode: 1086/1500 | Episode reward:    62.53 | Episode steps:  102 | Average reward:   122.46 | Step Count: 199400 | Episode Q0:    38.52
Episode: 1087/1500 | Episode reward:   131.19 | Episode steps:  210 | Average reward:   101.64 | Step Count: 199610 | Episode Q0:    38.52
Episode: 1088/1500 | Episode reward:   179.79 | Episode steps:  258 | Average reward:   112.81 | Step Count: 199868 | Episode Q0:    38.52
Episode: 1089/1500 | Episode reward:   181.04 | Episode steps:  272 | Average reward:   123.36 | Step Count: 200140 | Episode Q0:    38.52
Episode: 1090/1500 | Episode reward:   147.58 | Episode steps:  214 | Average reward:   124.99 | Step Count: 200354 | Episode Q0:    38.52
Episode: 1091/1500 | Episode reward:   306.94 | Episode steps:  481 | Average reward:   136.87 | Step Count: 200835 | Episode Q0:    38.52
Episode: 1092/1500 | Episode reward:   152.13 | Episode steps:  221 | Average reward:   143.60 | Step Count: 201056 | Episode Q0:    38.52
Episode: 1093/1500 | Episode reward:   131.54 | Episode steps:  197 | Average reward:   143.71 | Step Count: 201253 | Episode Q0:    38.52
Episode: 1094/1500 | Episode reward:    99.90 | Episode steps:  170 | Average reward:   145.93 | Step Count: 201423 | Episode Q0:    38.52
Episode: 1095/1500 | Episode reward:   121.91 | Episode steps:  188 | Average reward:   151.45 | Step Count: 201611 | Episode Q0:    38.52
Episode: 1096/1500 | Episode reward:   153.23 | Episode steps:  192 | Average reward:   160.52 | Step Count: 201803 | Episode Q0:    38.52
Episode: 1097/1500 | Episode reward:    83.19 | Episode steps:   96 | Average reward:   155.72 | Step Count: 201899 | Episode Q0:    38.52
Episode: 1098/1500 | Episode reward:    77.14 | Episode steps:   98 | Average reward:   145.46 | Step Count: 201997 | Episode Q0:    38.52
Episode: 1099/1500 | Episode reward:    74.44 | Episode steps:  131 | Average reward:   134.80 | Step Count: 202128 | Episode Q0:    38.52
Episode: 1100/1500 | Episode reward:    82.38 | Episode steps:  100 | Average reward:   128.28 | Step Count: 202228 | Episode Q0:    38.52
Episode: 1101/1500 | Episode reward:   113.27 | Episode steps:  192 | Average reward:   108.91 | Step Count: 202420 | Episode Q0:    38.52
Episode: 1102/1500 | Episode reward:   149.60 | Episode steps:  232 | Average reward:   108.66 | Step Count: 202652 | Episode Q0:    38.52
Episode: 1103/1500 | Episode reward:   101.16 | Episode steps:  118 | Average reward:   105.62 | Step Count: 202770 | Episode Q0:    38.52
Episode: 1104/1500 | Episode reward:   102.31 | Episode steps:  117 | Average reward:   105.86 | Step Count: 202887 | Episode Q0:    38.52
Episode: 1105/1500 | Episode reward:   215.90 | Episode steps:  311 | Average reward:   115.26 | Step Count: 203198 | Episode Q0:    38.52
Episode: 1106/1500 | Episode reward:    86.33 | Episode steps:  111 | Average reward:   108.57 | Step Count: 203309 | Episode Q0:    38.52
Episode: 1107/1500 | Episode reward:    58.61 | Episode steps:   74 | Average reward:   106.12 | Step Count: 203383 | Episode Q0:    38.52
Episode: 1108/1500 | Episode reward:   187.64 | Episode steps:  295 | Average reward:   117.17 | Step Count: 203678 | Episode Q0:    38.52
Episode: 1109/1500 | Episode reward:   147.45 | Episode steps:  190 | Average reward:   124.47 | Step Count: 203868 | Episode Q0:    38.52
Episode: 1110/1500 | Episode reward:    87.07 | Episode steps:  122 | Average reward:   124.93 | Step Count: 203990 | Episode Q0:    38.52
Episode: 1111/1500 | Episode reward:   136.17 | Episode steps:  202 | Average reward:   127.22 | Step Count: 204192 | Episode Q0:    38.52
Episode: 1112/1500 | Episode reward:   133.04 | Episode steps:  197 | Average reward:   125.57 | Step Count: 204389 | Episode Q0:    38.52
Episode: 1113/1500 | Episode reward:   171.49 | Episode steps:  258 | Average reward:   132.60 | Step Count: 204647 | Episode Q0:    38.52
Episode: 1114/1500 | Episode reward:   120.94 | Episode steps:  180 | Average reward:   134.46 | Step Count: 204827 | Episode Q0:    38.52
Episode: 1115/1500 | Episode reward:    62.67 | Episode steps:   77 | Average reward:   119.14 | Step Count: 204904 | Episode Q0:    38.52
Episode: 1116/1500 | Episode reward:    60.75 | Episode steps:   78 | Average reward:   116.58 | Step Count: 204982 | Episode Q0:    38.52
Episode: 1117/1500 | Episode reward:    66.37 | Episode steps:   90 | Average reward:   117.36 | Step Count: 205072 | Episode Q0:    38.52
Episode: 1118/1500 | Episode reward:   105.21 | Episode steps:  172 | Average reward:   109.12 | Step Count: 205244 | Episode Q0:    38.52
Episode: 1119/1500 | Episode reward:    86.87 | Episode steps:  146 | Average reward:   103.06 | Step Count: 205390 | Episode Q0:    38.52
Episode: 1120/1500 | Episode reward:   104.81 | Episode steps:  122 | Average reward:   104.83 | Step Count: 205512 | Episode Q0:    38.52
Episode: 1121/1500 | Episode reward:   218.34 | Episode steps:  346 | Average reward:   113.05 | Step Count: 205858 | Episode Q0:    38.52
Episode: 1122/1500 | Episode reward:    90.92 | Episode steps:  106 | Average reward:   108.84 | Step Count: 205964 | Episode Q0:    40.25
Episode: 1123/1500 | Episode reward:    77.97 | Episode steps:   89 | Average reward:    99.49 | Step Count: 206053 | Episode Q0:    40.25
Episode: 1124/1500 | Episode reward:   187.14 | Episode steps:  273 | Average reward:   106.11 | Step Count: 206326 | Episode Q0:    40.25
Episode: 1125/1500 | Episode reward:   128.68 | Episode steps:  144 | Average reward:   112.71 | Step Count: 206470 | Episode Q0:    40.25
Episode: 1126/1500 | Episode reward:   156.27 | Episode steps:  231 | Average reward:   122.26 | Step Count: 206701 | Episode Q0:    40.25
Episode: 1127/1500 | Episode reward:    91.22 | Episode steps:  119 | Average reward:   124.74 | Step Count: 206820 | Episode Q0:    40.25
Episode: 1128/1500 | Episode reward:    65.61 | Episode steps:  106 | Average reward:   120.78 | Step Count: 206926 | Episode Q0:    40.25
Episode: 1129/1500 | Episode reward:    62.74 | Episode steps:   82 | Average reward:   118.37 | Step Count: 207008 | Episode Q0:    40.25
Episode: 1130/1500 | Episode reward:   171.66 | Episode steps:  261 | Average reward:   125.06 | Step Count: 207269 | Episode Q0:    40.25
Episode: 1131/1500 | Episode reward:   215.07 | Episode steps:  316 | Average reward:   124.73 | Step Count: 207585 | Episode Q0:    40.25
Episode: 1132/1500 | Episode reward:   100.57 | Episode steps:  176 | Average reward:   125.69 | Step Count: 207761 | Episode Q0:    40.25
Episode: 1133/1500 | Episode reward:   152.75 | Episode steps:  186 | Average reward:   133.17 | Step Count: 207947 | Episode Q0:    40.25
Episode: 1134/1500 | Episode reward:   196.83 | Episode steps:  284 | Average reward:   134.14 | Step Count: 208231 | Episode Q0:    40.25
Episode: 1135/1500 | Episode reward:   142.21 | Episode steps:  216 | Average reward:   135.49 | Step Count: 208447 | Episode Q0:    40.25
Episode: 1136/1500 | Episode reward:   255.03 | Episode steps:  393 | Average reward:   145.37 | Step Count: 208840 | Episode Q0:    40.25
Episode: 1137/1500 | Episode reward:   234.28 | Episode steps:  369 | Average reward:   159.68 | Step Count: 209209 | Episode Q0:    40.25
Episode: 1138/1500 | Episode reward:   158.74 | Episode steps:  230 | Average reward:   168.99 | Step Count: 209439 | Episode Q0:    40.25
Episode: 1139/1500 | Episode reward:   260.44 | Episode steps:  415 | Average reward:   188.76 | Step Count: 209854 | Episode Q0:    40.25
Episode: 1140/1500 | Episode reward:   232.64 | Episode steps:  320 | Average reward:   194.86 | Step Count: 210174 | Episode Q0:    40.25
Episode: 1141/1500 | Episode reward:   189.59 | Episode steps:  274 | Average reward:   192.31 | Step Count: 210448 | Episode Q0:    40.25
Episode: 1142/1500 | Episode reward:   259.01 | Episode steps:  366 | Average reward:   208.15 | Step Count: 210814 | Episode Q0:    40.25
Episode: 1143/1500 | Episode reward:   158.50 | Episode steps:  232 | Average reward:   208.73 | Step Count: 211046 | Episode Q0:    40.25
Episode: 1144/1500 | Episode reward:   178.00 | Episode steps:  252 | Average reward:   206.84 | Step Count: 211298 | Episode Q0:    40.25
Episode: 1145/1500 | Episode reward:   157.94 | Episode steps:  237 | Average reward:   208.42 | Step Count: 211535 | Episode Q0:    40.25
Episode: 1146/1500 | Episode reward:   149.61 | Episode steps:  226 | Average reward:   197.87 | Step Count: 211761 | Episode Q0:    40.25
Episode: 1147/1500 | Episode reward:   148.63 | Episode steps:  220 | Average reward:   189.31 | Step Count: 211981 | Episode Q0:    40.25
Episode: 1148/1500 | Episode reward:   175.18 | Episode steps:  254 | Average reward:   190.95 | Step Count: 212235 | Episode Q0:    40.25
Episode: 1149/1500 | Episode reward:   143.35 | Episode steps:  213 | Average reward:   179.24 | Step Count: 212448 | Episode Q0:    40.25
Episode: 1150/1500 | Episode reward:   194.41 | Episode steps:  290 | Average reward:   175.42 | Step Count: 212738 | Episode Q0:    40.25
Episode: 1151/1500 | Episode reward:   144.81 | Episode steps:  230 | Average reward:   170.94 | Step Count: 212968 | Episode Q0:    40.25
Episode: 1152/1500 | Episode reward:   146.21 | Episode steps:  218 | Average reward:   159.66 | Step Count: 213186 | Episode Q0:    40.25
Episode: 1153/1500 | Episode reward:   145.26 | Episode steps:  248 | Average reward:   158.34 | Step Count: 213434 | Episode Q0:    41.78
Episode: 1154/1500 | Episode reward:   180.76 | Episode steps:  253 | Average reward:   158.61 | Step Count: 213687 | Episode Q0:    41.78
Episode: 1155/1500 | Episode reward:   138.31 | Episode steps:  213 | Average reward:   156.65 | Step Count: 213900 | Episode Q0:    41.78
Episode: 1156/1500 | Episode reward:   151.62 | Episode steps:  239 | Average reward:   156.85 | Step Count: 214139 | Episode Q0:    41.78
Episode: 1157/1500 | Episode reward:   188.92 | Episode steps:  297 | Average reward:   160.88 | Step Count: 214436 | Episode Q0:    41.78
Episode: 1158/1500 | Episode reward:   140.24 | Episode steps:  212 | Average reward:   157.39 | Step Count: 214648 | Episode Q0:    41.78
Episode: 1159/1500 | Episode reward:   152.35 | Episode steps:  251 | Average reward:   158.29 | Step Count: 214899 | Episode Q0:    41.78
Episode: 1160/1500 | Episode reward:   176.47 | Episode steps:  266 | Average reward:   156.49 | Step Count: 215165 | Episode Q0:    41.78
Episode: 1161/1500 | Episode reward:   156.61 | Episode steps:  231 | Average reward:   157.67 | Step Count: 215396 | Episode Q0:    41.78
Episode: 1162/1500 | Episode reward:   212.57 | Episode steps:  280 | Average reward:   164.31 | Step Count: 215676 | Episode Q0:    41.78
Episode: 1163/1500 | Episode reward:   202.89 | Episode steps:  287 | Average reward:   170.07 | Step Count: 215963 | Episode Q0:    41.78
Episode: 1164/1500 | Episode reward:   116.34 | Episode steps:  182 | Average reward:   163.63 | Step Count: 216145 | Episode Q0:    41.78
Episode: 1165/1500 | Episode reward:   153.48 | Episode steps:  227 | Average reward:   165.15 | Step Count: 216372 | Episode Q0:    41.78
Episode: 1166/1500 | Episode reward:   131.98 | Episode steps:  193 | Average reward:   163.19 | Step Count: 216565 | Episode Q0:    41.78
Episode: 1167/1500 | Episode reward:   168.03 | Episode steps:  244 | Average reward:   161.10 | Step Count: 216809 | Episode Q0:    41.78
Episode: 1168/1500 | Episode reward:   166.60 | Episode steps:  206 | Average reward:   163.73 | Step Count: 217015 | Episode Q0:    41.78
Episode: 1169/1500 | Episode reward:    83.71 | Episode steps:  154 | Average reward:   156.87 | Step Count: 217169 | Episode Q0:    41.78
Episode: 1170/1500 | Episode reward:   111.35 | Episode steps:  167 | Average reward:   150.36 | Step Count: 217336 | Episode Q0:    41.78
Episode: 1171/1500 | Episode reward:   138.46 | Episode steps:  184 | Average reward:   148.54 | Step Count: 217520 | Episode Q0:    41.78
Episode: 1172/1500 | Episode reward:   170.65 | Episode steps:  247 | Average reward:   144.35 | Step Count: 217767 | Episode Q0:    41.78
Episode: 1173/1500 | Episode reward:   164.54 | Episode steps:  219 | Average reward:   140.51 | Step Count: 217986 | Episode Q0:    41.78
Episode: 1174/1500 | Episode reward:   100.98 | Episode steps:  149 | Average reward:   138.98 | Step Count: 218135 | Episode Q0:    41.78
Episode: 1175/1500 | Episode reward:   223.48 | Episode steps:  282 | Average reward:   145.98 | Step Count: 218417 | Episode Q0:    41.78
Episode: 1176/1500 | Episode reward:   197.06 | Episode steps:  306 | Average reward:   152.49 | Step Count: 218723 | Episode Q0:    41.78
Episode: 1177/1500 | Episode reward:    80.43 | Episode steps:  135 | Average reward:   143.73 | Step Count: 218858 | Episode Q0:    41.78
Episode: 1178/1500 | Episode reward:   145.69 | Episode steps:  180 | Average reward:   141.64 | Step Count: 219038 | Episode Q0:    41.78
Episode: 1179/1500 | Episode reward:   137.54 | Episode steps:  210 | Average reward:   147.02 | Step Count: 219248 | Episode Q0:    41.78
Episode: 1180/1500 | Episode reward:   132.01 | Episode steps:  202 | Average reward:   149.08 | Step Count: 219450 | Episode Q0:    41.78
Episode: 1181/1500 | Episode reward:   102.05 | Episode steps:  157 | Average reward:   145.44 | Step Count: 219607 | Episode Q0:    41.78
Episode: 1182/1500 | Episode reward:   281.40 | Episode steps:  435 | Average reward:   156.52 | Step Count: 220042 | Episode Q0:    41.78
Episode: 1183/1500 | Episode reward:   131.98 | Episode steps:  189 | Average reward:   153.26 | Step Count: 220231 | Episode Q0:    41.78
Episode: 1184/1500 | Episode reward:   122.70 | Episode steps:  179 | Average reward:   155.43 | Step Count: 220410 | Episode Q0:    41.85
Episode: 1185/1500 | Episode reward:   167.86 | Episode steps:  235 | Average reward:   149.87 | Step Count: 220645 | Episode Q0:    41.85
Episode: 1186/1500 | Episode reward:   213.19 | Episode steps:  314 | Average reward:   151.48 | Step Count: 220959 | Episode Q0:    41.85
Episode: 1187/1500 | Episode reward:   195.48 | Episode steps:  289 | Average reward:   162.99 | Step Count: 221248 | Episode Q0:    41.85
Episode: 1188/1500 | Episode reward:   157.42 | Episode steps:  218 | Average reward:   164.16 | Step Count: 221466 | Episode Q0:    41.85
Episode: 1189/1500 | Episode reward:   157.10 | Episode steps:  238 | Average reward:   166.12 | Step Count: 221704 | Episode Q0:    41.85
Episode: 1190/1500 | Episode reward:   160.56 | Episode steps:  239 | Average reward:   168.97 | Step Count: 221943 | Episode Q0:    41.85
Episode: 1191/1500 | Episode reward:   121.91 | Episode steps:  180 | Average reward:   170.96 | Step Count: 222123 | Episode Q0:    41.85
Episode: 1192/1500 | Episode reward:    80.50 | Episode steps:  131 | Average reward:   150.87 | Step Count: 222254 | Episode Q0:    41.85
Episode: 1193/1500 | Episode reward:   129.80 | Episode steps:  199 | Average reward:   150.65 | Step Count: 222453 | Episode Q0:    41.85
Episode: 1194/1500 | Episode reward:   304.59 | Episode steps:  418 | Average reward:   168.84 | Step Count: 222871 | Episode Q0:    41.85
Episode: 1195/1500 | Episode reward:   180.86 | Episode steps:  269 | Average reward:   170.14 | Step Count: 223140 | Episode Q0:    41.85
Episode: 1196/1500 | Episode reward:   169.01 | Episode steps:  240 | Average reward:   165.72 | Step Count: 223380 | Episode Q0:    41.85
Episode: 1197/1500 | Episode reward:   139.31 | Episode steps:  203 | Average reward:   160.11 | Step Count: 223583 | Episode Q0:    41.85
Episode: 1198/1500 | Episode reward:   175.03 | Episode steps:  236 | Average reward:   161.87 | Step Count: 223819 | Episode Q0:    41.85
Episode: 1199/1500 | Episode reward:   237.32 | Episode steps:  319 | Average reward:   169.89 | Step Count: 224138 | Episode Q0:    41.85
Episode: 1200/1500 | Episode reward:   217.76 | Episode steps:  312 | Average reward:   175.61 | Step Count: 224450 | Episode Q0:    41.85
Episode: 1201/1500 | Episode reward:   183.62 | Episode steps:  249 | Average reward:   181.78 | Step Count: 224699 | Episode Q0:    41.85
Episode: 1202/1500 | Episode reward:   110.46 | Episode steps:  167 | Average reward:   184.78 | Step Count: 224866 | Episode Q0:    41.85
Episode: 1203/1500 | Episode reward:   169.39 | Episode steps:  230 | Average reward:   188.73 | Step Count: 225096 | Episode Q0:    41.85
Episode: 1204/1500 | Episode reward:   130.03 | Episode steps:  184 | Average reward:   171.28 | Step Count: 225280 | Episode Q0:    41.85
Episode: 1205/1500 | Episode reward:   132.53 | Episode steps:  192 | Average reward:   166.45 | Step Count: 225472 | Episode Q0:    41.85
Episode: 1206/1500 | Episode reward:    93.72 | Episode steps:  147 | Average reward:   158.92 | Step Count: 225619 | Episode Q0:    41.85
Episode: 1207/1500 | Episode reward:   170.18 | Episode steps:  218 | Average reward:   162.00 | Step Count: 225837 | Episode Q0:    41.85
Episode: 1208/1500 | Episode reward:   181.36 | Episode steps:  246 | Average reward:   162.64 | Step Count: 226083 | Episode Q0:    41.85
Episode: 1209/1500 | Episode reward:   336.01 | Episode steps:  480 | Average reward:   172.50 | Step Count: 226563 | Episode Q0:    41.85
Episode: 1210/1500 | Episode reward:   161.22 | Episode steps:  240 | Average reward:   166.85 | Step Count: 226803 | Episode Q0:    41.85
Episode: 1211/1500 | Episode reward:   125.66 | Episode steps:  190 | Average reward:   161.06 | Step Count: 226993 | Episode Q0:    41.85
Episode: 1212/1500 | Episode reward:   165.36 | Episode steps:  241 | Average reward:   166.55 | Step Count: 227234 | Episode Q0:    41.85
Episode: 1213/1500 | Episode reward:    99.66 | Episode steps:  159 | Average reward:   159.57 | Step Count: 227393 | Episode Q0:    41.85
Episode: 1214/1500 | Episode reward:   228.48 | Episode steps:  288 | Average reward:   169.42 | Step Count: 227681 | Episode Q0:    41.85
Episode: 1215/1500 | Episode reward:   286.20 | Episode steps:  370 | Average reward:   184.79 | Step Count: 228051 | Episode Q0:    43.24
Episode: 1216/1500 | Episode reward:   148.00 | Episode steps:  203 | Average reward:   190.21 | Step Count: 228254 | Episode Q0:    43.24
Episode: 1217/1500 | Episode reward:   176.04 | Episode steps:  224 | Average reward:   190.80 | Step Count: 228478 | Episode Q0:    43.24
Episode: 1218/1500 | Episode reward:   149.48 | Episode steps:  210 | Average reward:   187.61 | Step Count: 228688 | Episode Q0:    43.24
Episode: 1219/1500 | Episode reward:    96.10 | Episode steps:  153 | Average reward:   163.62 | Step Count: 228841 | Episode Q0:    43.24
Episode: 1220/1500 | Episode reward:   123.10 | Episode steps:  177 | Average reward:   159.81 | Step Count: 229018 | Episode Q0:    43.24
Episode: 1221/1500 | Episode reward:   208.09 | Episode steps:  263 | Average reward:   168.05 | Step Count: 229281 | Episode Q0:    43.24
Episode: 1222/1500 | Episode reward:   166.79 | Episode steps:  222 | Average reward:   168.19 | Step Count: 229503 | Episode Q0:    43.24
Episode: 1223/1500 | Episode reward:   156.55 | Episode steps:  243 | Average reward:   173.88 | Step Count: 229746 | Episode Q0:    43.24
Episode: 1224/1500 | Episode reward:   154.53 | Episode steps:  197 | Average reward:   166.49 | Step Count: 229943 | Episode Q0:    43.24
Episode: 1225/1500 | Episode reward:   132.26 | Episode steps:  177 | Average reward:   151.09 | Step Count: 230120 | Episode Q0:    43.24
Episode: 1226/1500 | Episode reward:   104.89 | Episode steps:  157 | Average reward:   146.78 | Step Count: 230277 | Episode Q0:    43.24
Episode: 1227/1500 | Episode reward:   164.24 | Episode steps:  233 | Average reward:   145.60 | Step Count: 230510 | Episode Q0:    43.24
Episode: 1228/1500 | Episode reward:   152.93 | Episode steps:  223 | Average reward:   145.95 | Step Count: 230733 | Episode Q0:    43.24
Episode: 1229/1500 | Episode reward:   190.65 | Episode steps:  268 | Average reward:   155.40 | Step Count: 231001 | Episode Q0:    43.24
Episode: 1230/1500 | Episode reward:   309.17 | Episode steps:  413 | Average reward:   174.01 | Step Count: 231414 | Episode Q0:    43.24
Episode: 1231/1500 | Episode reward:   335.23 | Episode steps:  495 | Average reward:   186.72 | Step Count: 231909 | Episode Q0:    43.24
Episode: 1232/1500 | Episode reward:   302.28 | Episode steps:  365 | Average reward:   200.27 | Step Count: 232274 | Episode Q0:    43.24
Episode: 1233/1500 | Episode reward:   263.16 | Episode steps:  409 | Average reward:   210.93 | Step Count: 232683 | Episode Q0:    43.24
Episode: 1234/1500 | Episode reward:   116.67 | Episode steps:  187 | Average reward:   207.15 | Step Count: 232870 | Episode Q0:    43.24
Episode: 1235/1500 | Episode reward:   150.24 | Episode steps:  203 | Average reward:   208.95 | Step Count: 233073 | Episode Q0:    43.24
Episode: 1236/1500 | Episode reward:   166.48 | Episode steps:  231 | Average reward:   215.10 | Step Count: 233304 | Episode Q0:    43.24
Episode: 1237/1500 | Episode reward:   110.39 | Episode steps:  160 | Average reward:   209.72 | Step Count: 233464 | Episode Q0:    43.24
Episode: 1238/1500 | Episode reward:   346.01 | Episode steps:  457 | Average reward:   229.03 | Step Count: 233921 | Episode Q0:    43.24
Episode: 1239/1500 | Episode reward:   123.55 | Episode steps:  180 | Average reward:   222.32 | Step Count: 234101 | Episode Q0:    43.24
Episode: 1240/1500 | Episode reward:   192.84 | Episode steps:  255 | Average reward:   210.68 | Step Count: 234356 | Episode Q0:    43.24
Episode: 1241/1500 | Episode reward:   180.21 | Episode steps:  224 | Average reward:   195.18 | Step Count: 234580 | Episode Q0:    43.24
Episode: 1242/1500 | Episode reward:   254.25 | Episode steps:  307 | Average reward:   190.38 | Step Count: 234887 | Episode Q0:    43.24
Episode: 1243/1500 | Episode reward:    95.60 | Episode steps:  148 | Average reward:   173.63 | Step Count: 235035 | Episode Q0:    43.24
Episode: 1244/1500 | Episode reward:   255.87 | Episode steps:  353 | Average reward:   187.54 | Step Count: 235388 | Episode Q0:    43.24
Episode: 1245/1500 | Episode reward:    91.83 | Episode steps:  137 | Average reward:   181.70 | Step Count: 235525 | Episode Q0:    43.24
Episode: 1246/1500 | Episode reward:   132.67 | Episode steps:  182 | Average reward:   178.32 | Step Count: 235707 | Episode Q0:    43.43
Episode: 1247/1500 | Episode reward:   297.01 | Episode steps:  500 | Average reward:   196.98 | Step Count: 236207 | Episode Q0:    43.43
Episode: 1248/1500 | Episode reward:   149.53 | Episode steps:  227 | Average reward:   177.34 | Step Count: 236434 | Episode Q0:    43.43
Episode: 1249/1500 | Episode reward:   154.16 | Episode steps:  206 | Average reward:   180.40 | Step Count: 236640 | Episode Q0:    43.43
Episode: 1250/1500 | Episode reward:   187.00 | Episode steps:  234 | Average reward:   179.81 | Step Count: 236874 | Episode Q0:    43.43
Episode: 1251/1500 | Episode reward:   139.88 | Episode steps:  214 | Average reward:   175.78 | Step Count: 237088 | Episode Q0:    43.43
Episode: 1252/1500 | Episode reward:   226.91 | Episode steps:  500 | Average reward:   173.05 | Step Count: 237588 | Episode Q0:    43.43
Episode: 1253/1500 | Episode reward:   149.34 | Episode steps:  201 | Average reward:   178.42 | Step Count: 237789 | Episode Q0:    43.43
Episode: 1254/1500 | Episode reward:   182.42 | Episode steps:  234 | Average reward:   171.07 | Step Count: 238023 | Episode Q0:    43.43
Episode: 1255/1500 | Episode reward:   374.63 | Episode steps:  482 | Average reward:   199.35 | Step Count: 238505 | Episode Q0:    43.43
Episode: 1256/1500 | Episode reward:   157.55 | Episode steps:  208 | Average reward:   201.84 | Step Count: 238713 | Episode Q0:    43.43
Episode: 1257/1500 | Episode reward:   211.20 | Episode steps:  261 | Average reward:   193.26 | Step Count: 238974 | Episode Q0:    43.43
Episode: 1258/1500 | Episode reward:   122.61 | Episode steps:  173 | Average reward:   190.57 | Step Count: 239147 | Episode Q0:    43.43
Episode: 1259/1500 | Episode reward:   185.75 | Episode steps:  346 | Average reward:   193.73 | Step Count: 239493 | Episode Q0:    43.43
Episode: 1260/1500 | Episode reward:    97.85 | Episode steps:  174 | Average reward:   184.82 | Step Count: 239667 | Episode Q0:    43.43
Episode: 1261/1500 | Episode reward:   407.77 | Episode steps:  500 | Average reward:   211.60 | Step Count: 240167 | Episode Q0:    43.43
Episode: 1262/1500 | Episode reward:   157.17 | Episode steps:  249 | Average reward:   204.63 | Step Count: 240416 | Episode Q0:    43.43
Episode: 1263/1500 | Episode reward:   128.97 | Episode steps:  220 | Average reward:   202.59 | Step Count: 240636 | Episode Q0:    43.43
Episode: 1264/1500 | Episode reward:   329.27 | Episode steps:  456 | Average reward:   217.28 | Step Count: 241092 | Episode Q0:    43.43
Episode: 1265/1500 | Episode reward:   187.76 | Episode steps:  311 | Average reward:   198.59 | Step Count: 241403 | Episode Q0:    43.43
Episode: 1266/1500 | Episode reward:   197.17 | Episode steps:  336 | Average reward:   202.55 | Step Count: 241739 | Episode Q0:    43.43
Episode: 1267/1500 | Episode reward:   296.38 | Episode steps:  391 | Average reward:   211.07 | Step Count: 242130 | Episode Q0:    43.43
Episode: 1268/1500 | Episode reward:   209.62 | Episode steps:  303 | Average reward:   219.77 | Step Count: 242433 | Episode Q0:    43.43
Episode: 1269/1500 | Episode reward:   172.21 | Episode steps:  227 | Average reward:   218.42 | Step Count: 242660 | Episode Q0:    43.43
Episode: 1270/1500 | Episode reward:   179.62 | Episode steps:  230 | Average reward:   226.59 | Step Count: 242890 | Episode Q0:    43.43
Episode: 1271/1500 | Episode reward:   203.50 | Episode steps:  296 | Average reward:   206.17 | Step Count: 243186 | Episode Q0:    43.43
Episode: 1272/1500 | Episode reward:   390.71 | Episode steps:  500 | Average reward:   229.52 | Step Count: 243686 | Episode Q0:    43.43
Episode: 1273/1500 | Episode reward:   205.48 | Episode steps:  289 | Average reward:   237.17 | Step Count: 243975 | Episode Q0:    43.43
Episode: 1274/1500 | Episode reward:   157.10 | Episode steps:  309 | Average reward:   219.95 | Step Count: 244284 | Episode Q0:    44.84
Episode: 1275/1500 | Episode reward:   272.35 | Episode steps:  420 | Average reward:   228.41 | Step Count: 244704 | Episode Q0:    44.84
Episode: 1276/1500 | Episode reward:   242.66 | Episode steps:  381 | Average reward:   232.96 | Step Count: 245085 | Episode Q0:    44.84
Episode: 1277/1500 | Episode reward:   219.70 | Episode steps:  371 | Average reward:   225.29 | Step Count: 245456 | Episode Q0:    44.84
Episode: 1278/1500 | Episode reward:   257.32 | Episode steps:  423 | Average reward:   230.07 | Step Count: 245879 | Episode Q0:    44.84
Episode: 1279/1500 | Episode reward:   315.26 | Episode steps:  423 | Average reward:   244.37 | Step Count: 246302 | Episode Q0:    44.84
Episode: 1280/1500 | Episode reward:   132.65 | Episode steps:  195 | Average reward:   239.67 | Step Count: 246497 | Episode Q0:    44.84
Episode: 1281/1500 | Episode reward:   213.92 | Episode steps:  298 | Average reward:   240.71 | Step Count: 246795 | Episode Q0:    44.84
Episode: 1282/1500 | Episode reward:   150.79 | Episode steps:  262 | Average reward:   216.72 | Step Count: 247057 | Episode Q0:    44.84
Episode: 1283/1500 | Episode reward:   299.21 | Episode steps:  448 | Average reward:   226.10 | Step Count: 247505 | Episode Q0:    44.84
Episode: 1284/1500 | Episode reward:   159.54 | Episode steps:  214 | Average reward:   226.34 | Step Count: 247719 | Episode Q0:    44.84
Episode: 1285/1500 | Episode reward:   380.04 | Episode steps:  500 | Average reward:   237.11 | Step Count: 248219 | Episode Q0:    44.84
Episode: 1286/1500 | Episode reward:   163.22 | Episode steps:  213 | Average reward:   229.16 | Step Count: 248432 | Episode Q0:    44.84
Episode: 1287/1500 | Episode reward:   164.08 | Episode steps:  299 | Average reward:   223.60 | Step Count: 248731 | Episode Q0:    44.84
Episode: 1288/1500 | Episode reward:   240.93 | Episode steps:  380 | Average reward:   221.96 | Step Count: 249111 | Episode Q0:    44.84
Episode: 1289/1500 | Episode reward:   117.38 | Episode steps:  178 | Average reward:   202.18 | Step Count: 249289 | Episode Q0:    44.84
Episode: 1290/1500 | Episode reward:   211.34 | Episode steps:  300 | Average reward:   210.04 | Step Count: 249589 | Episode Q0:    44.84
Episode: 1291/1500 | Episode reward:   182.75 | Episode steps:  329 | Average reward:   206.93 | Step Count: 249918 | Episode Q0:    44.84
Episode: 1292/1500 | Episode reward:   214.88 | Episode steps:  306 | Average reward:   213.34 | Step Count: 250224 | Episode Q0:    44.84
Episode: 1293/1500 | Episode reward:   263.77 | Episode steps:  500 | Average reward:   209.79 | Step Count: 250724 | Episode Q0:    44.84
Episode: 1294/1500 | Episode reward:   221.55 | Episode steps:  336 | Average reward:   215.99 | Step Count: 251060 | Episode Q0:    44.84
Episode: 1295/1500 | Episode reward:   344.68 | Episode steps:  468 | Average reward:   212.46 | Step Count: 251528 | Episode Q0:    44.84
Episode: 1296/1500 | Episode reward:   209.58 | Episode steps:  346 | Average reward:   217.09 | Step Count: 251874 | Episode Q0:    44.84
Episode: 1297/1500 | Episode reward:   254.07 | Episode steps:  343 | Average reward:   226.09 | Step Count: 252217 | Episode Q0:    44.84
Episode: 1298/1500 | Episode reward:   248.11 | Episode steps:  384 | Average reward:   226.81 | Step Count: 252601 | Episode Q0:    44.84
Episode: 1299/1500 | Episode reward:   401.46 | Episode steps:  500 | Average reward:   255.22 | Step Count: 253101 | Episode Q0:    44.84
Episode: 1300/1500 | Episode reward:   284.77 | Episode steps:  455 | Average reward:   262.56 | Step Count: 253556 | Episode Q0:    44.84
Episode: 1301/1500 | Episode reward:   250.80 | Episode steps:  361 | Average reward:   269.37 | Step Count: 253917 | Episode Q0:    46.01
Episode: 1302/1500 | Episode reward:   311.91 | Episode steps:  420 | Average reward:   279.07 | Step Count: 254337 | Episode Q0:    46.01
Episode: 1303/1500 | Episode reward:   306.34 | Episode steps:  465 | Average reward:   283.33 | Step Count: 254802 | Episode Q0:    46.01
Episode: 1304/1500 | Episode reward:   244.73 | Episode steps:  335 | Average reward:   285.65 | Step Count: 255137 | Episode Q0:    46.01
Episode: 1305/1500 | Episode reward:   201.72 | Episode steps:  242 | Average reward:   271.35 | Step Count: 255379 | Episode Q0:    46.01
Episode: 1306/1500 | Episode reward:   177.60 | Episode steps:  314 | Average reward:   268.15 | Step Count: 255693 | Episode Q0:    46.01
Episode: 1307/1500 | Episode reward:   332.14 | Episode steps:  500 | Average reward:   275.96 | Step Count: 256193 | Episode Q0:    46.01
Episode: 1308/1500 | Episode reward:   200.40 | Episode steps:  337 | Average reward:   271.19 | Step Count: 256530 | Episode Q0:    46.01
Episode: 1309/1500 | Episode reward:   234.05 | Episode steps:  479 | Average reward:   254.45 | Step Count: 257009 | Episode Q0:    46.01
Episode: 1310/1500 | Episode reward:   140.39 | Episode steps:  301 | Average reward:   240.01 | Step Count: 257310 | Episode Q0:    46.01
Episode: 1311/1500 | Episode reward:   350.15 | Episode steps:  500 | Average reward:   249.94 | Step Count: 257810 | Episode Q0:    46.01
Episode: 1312/1500 | Episode reward:   224.22 | Episode steps:  311 | Average reward:   241.17 | Step Count: 258121 | Episode Q0:    46.01
Episode: 1313/1500 | Episode reward:   218.08 | Episode steps:  351 | Average reward:   232.35 | Step Count: 258472 | Episode Q0:    46.01
Episode: 1314/1500 | Episode reward:   269.24 | Episode steps:  500 | Average reward:   234.80 | Step Count: 258972 | Episode Q0:    46.01
Episode: 1315/1500 | Episode reward:   137.94 | Episode steps:  193 | Average reward:   228.42 | Step Count: 259165 | Episode Q0:    46.01
Episode: 1316/1500 | Episode reward:   269.66 | Episode steps:  362 | Average reward:   237.63 | Step Count: 259527 | Episode Q0:    46.01
Episode: 1317/1500 | Episode reward:   290.07 | Episode steps:  438 | Average reward:   233.42 | Step Count: 259965 | Episode Q0:    46.01
Episode: 1318/1500 | Episode reward:   263.66 | Episode steps:  397 | Average reward:   239.75 | Step Count: 260362 | Episode Q0:    46.01
Episode: 1319/1500 | Episode reward:   269.34 | Episode steps:  318 | Average reward:   243.27 | Step Count: 260680 | Episode Q0:    46.01
Episode: 1320/1500 | Episode reward:   177.07 | Episode steps:  225 | Average reward:   246.94 | Step Count: 260905 | Episode Q0:    46.01
Episode: 1321/1500 | Episode reward:   178.60 | Episode steps:  223 | Average reward:   229.79 | Step Count: 261128 | Episode Q0:    46.01
Episode: 1322/1500 | Episode reward:   303.00 | Episode steps:  424 | Average reward:   237.67 | Step Count: 261552 | Episode Q0:    46.01
Episode: 1323/1500 | Episode reward:   185.69 | Episode steps:  246 | Average reward:   234.43 | Step Count: 261798 | Episode Q0:    46.01
Episode: 1324/1500 | Episode reward:   121.59 | Episode steps:  170 | Average reward:   219.66 | Step Count: 261968 | Episode Q0:    46.01
Episode: 1325/1500 | Episode reward:   281.73 | Episode steps:  391 | Average reward:   234.04 | Step Count: 262359 | Episode Q0:    46.01
Episode: 1326/1500 | Episode reward:   119.09 | Episode steps:  163 | Average reward:   218.98 | Step Count: 262522 | Episode Q0:    46.01
Episode: 1327/1500 | Episode reward:   264.15 | Episode steps:  363 | Average reward:   216.39 | Step Count: 262885 | Episode Q0:    46.01
Episode: 1328/1500 | Episode reward:   179.83 | Episode steps:  223 | Average reward:   208.01 | Step Count: 263108 | Episode Q0:    46.01
Episode: 1329/1500 | Episode reward:   327.86 | Episode steps:  416 | Average reward:   213.86 | Step Count: 263524 | Episode Q0:    46.01
Episode: 1330/1500 | Episode reward:   202.47 | Episode steps:  273 | Average reward:   216.40 | Step Count: 263797 | Episode Q0:    45.73
Episode: 1331/1500 | Episode reward:   209.10 | Episode steps:  289 | Average reward:   219.45 | Step Count: 264086 | Episode Q0:    45.73
Episode: 1332/1500 | Episode reward:   230.88 | Episode steps:  350 | Average reward:   212.24 | Step Count: 264436 | Episode Q0:    45.73
Episode: 1333/1500 | Episode reward:   212.75 | Episode steps:  268 | Average reward:   214.94 | Step Count: 264704 | Episode Q0:    45.73
Episode: 1334/1500 | Episode reward:   269.74 | Episode steps:  370 | Average reward:   229.76 | Step Count: 265074 | Episode Q0:    45.73
Episode: 1335/1500 | Episode reward:   316.02 | Episode steps:  392 | Average reward:   233.19 | Step Count: 265466 | Episode Q0:    45.73
Episode: 1336/1500 | Episode reward:   293.45 | Episode steps:  413 | Average reward:   250.62 | Step Count: 265879 | Episode Q0:    45.73
Episode: 1337/1500 | Episode reward:   152.43 | Episode steps:  197 | Average reward:   239.45 | Step Count: 266076 | Episode Q0:    45.73
Episode: 1338/1500 | Episode reward:   243.94 | Episode steps:  323 | Average reward:   245.86 | Step Count: 266399 | Episode Q0:    45.73
Episode: 1339/1500 | Episode reward:   326.52 | Episode steps:  447 | Average reward:   245.73 | Step Count: 266846 | Episode Q0:    45.73
Episode: 1340/1500 | Episode reward:   148.10 | Episode steps:  212 | Average reward:   240.29 | Step Count: 267058 | Episode Q0:    45.73
Episode: 1341/1500 | Episode reward:   188.56 | Episode steps:  240 | Average reward:   238.24 | Step Count: 267298 | Episode Q0:    45.73
Episode: 1342/1500 | Episode reward:   145.85 | Episode steps:  198 | Average reward:   229.74 | Step Count: 267496 | Episode Q0:    45.73
Episode: 1343/1500 | Episode reward:   158.48 | Episode steps:  211 | Average reward:   224.31 | Step Count: 267707 | Episode Q0:    45.73
Episode: 1344/1500 | Episode reward:   149.97 | Episode steps:  203 | Average reward:   212.33 | Step Count: 267910 | Episode Q0:    45.73
Episode: 1345/1500 | Episode reward:   268.03 | Episode steps:  451 | Average reward:   207.53 | Step Count: 268361 | Episode Q0:    45.73
Episode: 1346/1500 | Episode reward:   152.25 | Episode steps:  202 | Average reward:   193.41 | Step Count: 268563 | Episode Q0:    45.73
Episode: 1347/1500 | Episode reward:   188.11 | Episode steps:  247 | Average reward:   196.98 | Step Count: 268810 | Episode Q0:    45.73
Episode: 1348/1500 | Episode reward:   149.16 | Episode steps:  217 | Average reward:   187.51 | Step Count: 269027 | Episode Q0:    45.73
Episode: 1349/1500 | Episode reward:   125.37 | Episode steps:  178 | Average reward:   167.39 | Step Count: 269205 | Episode Q0:    45.73
Episode: 1350/1500 | Episode reward:   127.38 | Episode steps:  176 | Average reward:   165.32 | Step Count: 269381 | Episode Q0:    45.73
Episode: 1351/1500 | Episode reward:   148.75 | Episode steps:  205 | Average reward:   161.34 | Step Count: 269586 | Episode Q0:    45.73
Episode: 1352/1500 | Episode reward:   120.99 | Episode steps:  178 | Average reward:   158.85 | Step Count: 269764 | Episode Q0:    45.73
Episode: 1353/1500 | Episode reward:   131.79 | Episode steps:  179 | Average reward:   156.18 | Step Count: 269943 | Episode Q0:    45.73
Episode: 1354/1500 | Episode reward:   173.97 | Episode steps:  230 | Average reward:   158.58 | Step Count: 270173 | Episode Q0:    45.73
Episode: 1355/1500 | Episode reward:   194.98 | Episode steps:  241 | Average reward:   151.28 | Step Count: 270414 | Episode Q0:    45.73
Episode: 1356/1500 | Episode reward:   156.25 | Episode steps:  207 | Average reward:   151.68 | Step Count: 270621 | Episode Q0:    45.73
Episode: 1357/1500 | Episode reward:   177.37 | Episode steps:  225 | Average reward:   150.60 | Step Count: 270846 | Episode Q0:    45.73
Episode: 1358/1500 | Episode reward:   142.46 | Episode steps:  196 | Average reward:   149.93 | Step Count: 271042 | Episode Q0:    45.73
Episode: 1359/1500 | Episode reward:    92.74 | Episode steps:  147 | Average reward:   146.67 | Step Count: 271189 | Episode Q0:    45.73
Episode: 1360/1500 | Episode reward:   131.40 | Episode steps:  182 | Average reward:   147.07 | Step Count: 271371 | Episode Q0:    45.73
Episode: 1361/1500 | Episode reward:   241.29 | Episode steps:  293 | Average reward:   156.32 | Step Count: 271664 | Episode Q0:    45.73
Episode: 1362/1500 | Episode reward:   145.95 | Episode steps:  212 | Average reward:   158.82 | Step Count: 271876 | Episode Q0:    46.68
Episode: 1363/1500 | Episode reward:   192.58 | Episode steps:  282 | Average reward:   164.90 | Step Count: 272158 | Episode Q0:    46.68
Episode: 1364/1500 | Episode reward:   127.98 | Episode steps:  179 | Average reward:   160.30 | Step Count: 272337 | Episode Q0:    46.68
Episode: 1365/1500 | Episode reward:   229.10 | Episode steps:  310 | Average reward:   163.71 | Step Count: 272647 | Episode Q0:    46.68
Episode: 1366/1500 | Episode reward:   268.94 | Episode steps:  343 | Average reward:   174.98 | Step Count: 272990 | Episode Q0:    46.68
Episode: 1367/1500 | Episode reward:   105.35 | Episode steps:  150 | Average reward:   167.78 | Step Count: 273140 | Episode Q0:    46.68
Episode: 1368/1500 | Episode reward:   139.91 | Episode steps:  202 | Average reward:   167.52 | Step Count: 273342 | Episode Q0:    46.68
Episode: 1369/1500 | Episode reward:   315.94 | Episode steps:  398 | Average reward:   189.84 | Step Count: 273740 | Episode Q0:    46.68
Episode: 1370/1500 | Episode reward:   211.27 | Episode steps:  259 | Average reward:   197.83 | Step Count: 273999 | Episode Q0:    46.68
Episode: 1371/1500 | Episode reward:   171.16 | Episode steps:  216 | Average reward:   190.82 | Step Count: 274215 | Episode Q0:    46.68
Episode: 1372/1500 | Episode reward:   138.42 | Episode steps:  191 | Average reward:   190.06 | Step Count: 274406 | Episode Q0:    46.68
Episode: 1373/1500 | Episode reward:   221.58 | Episode steps:  420 | Average reward:   192.96 | Step Count: 274826 | Episode Q0:    46.68
Episode: 1374/1500 | Episode reward:   303.61 | Episode steps:  443 | Average reward:   210.53 | Step Count: 275269 | Episode Q0:    46.68
Episode: 1375/1500 | Episode reward:   149.54 | Episode steps:  192 | Average reward:   202.57 | Step Count: 275461 | Episode Q0:    46.68
Episode: 1376/1500 | Episode reward:   220.91 | Episode steps:  263 | Average reward:   197.77 | Step Count: 275724 | Episode Q0:    46.68
Episode: 1377/1500 | Episode reward:   170.42 | Episode steps:  217 | Average reward:   204.27 | Step Count: 275941 | Episode Q0:    46.68
Episode: 1378/1500 | Episode reward:   368.12 | Episode steps:  491 | Average reward:   227.10 | Step Count: 276432 | Episode Q0:    46.68
Episode: 1379/1500 | Episode reward:   312.57 | Episode steps:  415 | Average reward:   226.76 | Step Count: 276847 | Episode Q0:    46.68
Episode: 1380/1500 | Episode reward:   194.55 | Episode steps:  242 | Average reward:   225.09 | Step Count: 277089 | Episode Q0:    46.68
Episode: 1381/1500 | Episode reward:   170.98 | Episode steps:  221 | Average reward:   225.07 | Step Count: 277310 | Episode Q0:    46.68
Episode: 1382/1500 | Episode reward:   201.85 | Episode steps:  254 | Average reward:   231.41 | Step Count: 277564 | Episode Q0:    46.68
Episode: 1383/1500 | Episode reward:   246.51 | Episode steps:  298 | Average reward:   233.91 | Step Count: 277862 | Episode Q0:    46.68
Episode: 1384/1500 | Episode reward:   363.27 | Episode steps:  483 | Average reward:   239.87 | Step Count: 278345 | Episode Q0:    46.68
Episode: 1385/1500 | Episode reward:   172.06 | Episode steps:  228 | Average reward:   242.12 | Step Count: 278573 | Episode Q0:    46.68
Episode: 1386/1500 | Episode reward:   199.06 | Episode steps:  265 | Average reward:   239.94 | Step Count: 278838 | Episode Q0:    46.68
Episode: 1387/1500 | Episode reward:   156.82 | Episode steps:  207 | Average reward:   238.58 | Step Count: 279045 | Episode Q0:    46.68
Episode: 1388/1500 | Episode reward:   203.45 | Episode steps:  249 | Average reward:   222.11 | Step Count: 279294 | Episode Q0:    46.68
Episode: 1389/1500 | Episode reward:   180.48 | Episode steps:  242 | Average reward:   208.90 | Step Count: 279536 | Episode Q0:    46.68
Episode: 1390/1500 | Episode reward:   232.45 | Episode steps:  319 | Average reward:   212.69 | Step Count: 279855 | Episode Q0:    46.68
Episode: 1391/1500 | Episode reward:   226.98 | Episode steps:  272 | Average reward:   218.29 | Step Count: 280127 | Episode Q0:    46.68
Episode: 1392/1500 | Episode reward:   149.33 | Episode steps:  205 | Average reward:   213.04 | Step Count: 280332 | Episode Q0:    46.68
Episode: 1393/1500 | Episode reward:   305.05 | Episode steps:  419 | Average reward:   218.89 | Step Count: 280751 | Episode Q0:    46.68
Episode: 1394/1500 | Episode reward:   147.69 | Episode steps:  182 | Average reward:   197.34 | Step Count: 280933 | Episode Q0:    47.19
Episode: 1395/1500 | Episode reward:   280.07 | Episode steps:  426 | Average reward:   208.14 | Step Count: 281359 | Episode Q0:    47.19
Episode: 1396/1500 | Episode reward:   256.41 | Episode steps:  317 | Average reward:   213.87 | Step Count: 281676 | Episode Q0:    47.19
Episode: 1397/1500 | Episode reward:   165.93 | Episode steps:  209 | Average reward:   214.78 | Step Count: 281885 | Episode Q0:    47.19
Episode: 1398/1500 | Episode reward:   285.99 | Episode steps:  330 | Average reward:   223.04 | Step Count: 282215 | Episode Q0:    47.19
Episode: 1399/1500 | Episode reward:   268.95 | Episode steps:  312 | Average reward:   231.88 | Step Count: 282527 | Episode Q0:    47.19
Episode: 1400/1500 | Episode reward:   142.60 | Episode steps:  185 | Average reward:   222.90 | Step Count: 282712 | Episode Q0:    47.19
Episode: 1401/1500 | Episode reward:   225.94 | Episode steps:  368 | Average reward:   222.79 | Step Count: 283080 | Episode Q0:    47.19
Episode: 1402/1500 | Episode reward:   376.14 | Episode steps:  500 | Average reward:   245.48 | Step Count: 283580 | Episode Q0:    47.19
Episode: 1403/1500 | Episode reward:   196.31 | Episode steps:  243 | Average reward:   234.60 | Step Count: 283823 | Episode Q0:    47.19
Episode: 1404/1500 | Episode reward:   177.42 | Episode steps:  227 | Average reward:   237.57 | Step Count: 284050 | Episode Q0:    47.19
Episode: 1405/1500 | Episode reward:   202.72 | Episode steps:  248 | Average reward:   229.84 | Step Count: 284298 | Episode Q0:    47.19
Episode: 1406/1500 | Episode reward:   113.60 | Episode steps:  183 | Average reward:   215.56 | Step Count: 284481 | Episode Q0:    47.19
Episode: 1407/1500 | Episode reward:   109.89 | Episode steps:  165 | Average reward:   209.95 | Step Count: 284646 | Episode Q0:    47.19
Episode: 1408/1500 | Episode reward:    90.86 | Episode steps:  144 | Average reward:   190.44 | Step Count: 284790 | Episode Q0:    47.19
Episode: 1409/1500 | Episode reward:   122.65 | Episode steps:  170 | Average reward:   175.81 | Step Count: 284960 | Episode Q0:    47.19
Episode: 1410/1500 | Episode reward:   108.72 | Episode steps:  161 | Average reward:   172.42 | Step Count: 285121 | Episode Q0:    47.19
Episode: 1411/1500 | Episode reward:   143.80 | Episode steps:  196 | Average reward:   164.21 | Step Count: 285317 | Episode Q0:    47.19
Episode: 1412/1500 | Episode reward:   137.53 | Episode steps:  196 | Average reward:   140.35 | Step Count: 285513 | Episode Q0:    47.19
Episode: 1413/1500 | Episode reward:   172.61 | Episode steps:  230 | Average reward:   137.98 | Step Count: 285743 | Episode Q0:    47.19
Episode: 1414/1500 | Episode reward:   125.95 | Episode steps:  176 | Average reward:   132.83 | Step Count: 285919 | Episode Q0:    47.19
Episode: 1415/1500 | Episode reward:   114.83 | Episode steps:  156 | Average reward:   124.04 | Step Count: 286075 | Episode Q0:    47.19
Episode: 1416/1500 | Episode reward:   161.11 | Episode steps:  220 | Average reward:   128.80 | Step Count: 286295 | Episode Q0:    47.19
Episode: 1417/1500 | Episode reward:   109.57 | Episode steps:  156 | Average reward:   128.76 | Step Count: 286451 | Episode Q0:    47.19
Episode: 1418/1500 | Episode reward:   139.00 | Episode steps:  187 | Average reward:   133.58 | Step Count: 286638 | Episode Q0:    47.19
Episode: 1419/1500 | Episode reward:   136.81 | Episode steps:  190 | Average reward:   134.99 | Step Count: 286828 | Episode Q0:    47.19
Episode: 1420/1500 | Episode reward:   122.39 | Episode steps:  184 | Average reward:   136.36 | Step Count: 287012 | Episode Q0:    47.19
Episode: 1421/1500 | Episode reward:   120.89 | Episode steps:  188 | Average reward:   134.07 | Step Count: 287200 | Episode Q0:    47.19
Episode: 1422/1500 | Episode reward:   173.17 | Episode steps:  231 | Average reward:   137.63 | Step Count: 287431 | Episode Q0:    47.19
Episode: 1423/1500 | Episode reward:   116.60 | Episode steps:  168 | Average reward:   132.03 | Step Count: 287599 | Episode Q0:    47.19
Episode: 1424/1500 | Episode reward:    95.91 | Episode steps:  149 | Average reward:   129.03 | Step Count: 287748 | Episode Q0:    47.19
Episode: 1425/1500 | Episode reward:   103.26 | Episode steps:  158 | Average reward:   127.87 | Step Count: 287906 | Episode Q0:    47.19
Episode: 1426/1500 | Episode reward:   103.99 | Episode steps:  146 | Average reward:   122.16 | Step Count: 288052 | Episode Q0:    47.19
Episode: 1427/1500 | Episode reward:    76.68 | Episode steps:  130 | Average reward:   118.87 | Step Count: 288182 | Episode Q0:    47.19
Episode: 1428/1500 | Episode reward:   160.18 | Episode steps:  208 | Average reward:   120.99 | Step Count: 288390 | Episode Q0:    48.88
Episode: 1429/1500 | Episode reward:   151.99 | Episode steps:  222 | Average reward:   122.51 | Step Count: 288612 | Episode Q0:    48.88
Episode: 1430/1500 | Episode reward:   141.10 | Episode steps:  192 | Average reward:   124.38 | Step Count: 288804 | Episode Q0:    48.88
Episode: 1431/1500 | Episode reward:   157.31 | Episode steps:  224 | Average reward:   128.02 | Step Count: 289028 | Episode Q0:    48.88
Episode: 1432/1500 | Episode reward:   131.08 | Episode steps:  207 | Average reward:   123.81 | Step Count: 289235 | Episode Q0:    48.88
Episode: 1433/1500 | Episode reward:   129.32 | Episode steps:  185 | Average reward:   125.08 | Step Count: 289420 | Episode Q0:    48.88
Episode: 1434/1500 | Episode reward:   104.83 | Episode steps:  152 | Average reward:   125.97 | Step Count: 289572 | Episode Q0:    48.88
Episode: 1435/1500 | Episode reward:   204.55 | Episode steps:  254 | Average reward:   136.10 | Step Count: 289826 | Episode Q0:    48.88
Episode: 1436/1500 | Episode reward:   135.77 | Episode steps:  189 | Average reward:   139.28 | Step Count: 290015 | Episode Q0:    48.88
Episode: 1437/1500 | Episode reward:   120.37 | Episode steps:  169 | Average reward:   143.65 | Step Count: 290184 | Episode Q0:    48.88
Episode: 1438/1500 | Episode reward:   224.95 | Episode steps:  396 | Average reward:   150.13 | Step Count: 290580 | Episode Q0:    48.88
Episode: 1439/1500 | Episode reward:   157.01 | Episode steps:  215 | Average reward:   150.63 | Step Count: 290795 | Episode Q0:    48.88
Episode: 1440/1500 | Episode reward:   155.55 | Episode steps:  220 | Average reward:   152.07 | Step Count: 291015 | Episode Q0:    48.88
Episode: 1441/1500 | Episode reward:   151.07 | Episode steps:  229 | Average reward:   151.45 | Step Count: 291244 | Episode Q0:    48.88
Episode: 1442/1500 | Episode reward:   155.00 | Episode steps:  224 | Average reward:   153.84 | Step Count: 291468 | Episode Q0:    48.88
Episode: 1443/1500 | Episode reward:   219.20 | Episode steps:  318 | Average reward:   162.83 | Step Count: 291786 | Episode Q0:    48.88
Episode: 1444/1500 | Episode reward:   129.44 | Episode steps:  192 | Average reward:   165.29 | Step Count: 291978 | Episode Q0:    48.88
Episode: 1445/1500 | Episode reward:   220.51 | Episode steps:  295 | Average reward:   166.89 | Step Count: 292273 | Episode Q0:    48.88
Episode: 1446/1500 | Episode reward:   136.33 | Episode steps:  245 | Average reward:   166.94 | Step Count: 292518 | Episode Q0:    48.88
Episode: 1447/1500 | Episode reward:   150.39 | Episode steps:  219 | Average reward:   169.95 | Step Count: 292737 | Episode Q0:    48.88
Episode: 1448/1500 | Episode reward:   141.11 | Episode steps:  209 | Average reward:   161.56 | Step Count: 292946 | Episode Q0:    48.88
Episode: 1449/1500 | Episode reward:   146.75 | Episode steps:  228 | Average reward:   160.53 | Step Count: 293174 | Episode Q0:    48.88
Episode: 1450/1500 | Episode reward:   208.64 | Episode steps:  375 | Average reward:   165.84 | Step Count: 293549 | Episode Q0:    48.88
Episode: 1451/1500 | Episode reward:   142.79 | Episode steps:  226 | Average reward:   165.01 | Step Count: 293775 | Episode Q0:    48.88
Episode: 1452/1500 | Episode reward:   155.68 | Episode steps:  209 | Average reward:   165.08 | Step Count: 293984 | Episode Q0:    48.88
Episode: 1453/1500 | Episode reward:   126.35 | Episode steps:  204 | Average reward:   155.80 | Step Count: 294188 | Episode Q0:    48.88
Episode: 1454/1500 | Episode reward:   102.48 | Episode steps:  169 | Average reward:   153.10 | Step Count: 294357 | Episode Q0:    48.88
Episode: 1455/1500 | Episode reward:   184.48 | Episode steps:  210 | Average reward:   149.50 | Step Count: 294567 | Episode Q0:    48.88
Episode: 1456/1500 | Episode reward:   216.58 | Episode steps:  305 | Average reward:   157.52 | Step Count: 294872 | Episode Q0:    48.88
Episode: 1457/1500 | Episode reward:   190.05 | Episode steps:  273 | Average reward:   161.49 | Step Count: 295145 | Episode Q0:    48.88
Episode: 1458/1500 | Episode reward:   301.52 | Episode steps:  406 | Average reward:   177.53 | Step Count: 295551 | Episode Q0:    48.88
Episode: 1459/1500 | Episode reward:   149.94 | Episode steps:  201 | Average reward:   177.85 | Step Count: 295752 | Episode Q0:    48.88
Episode: 1460/1500 | Episode reward:   136.75 | Episode steps:  209 | Average reward:   170.66 | Step Count: 295961 | Episode Q0:    49.47
Episode: 1461/1500 | Episode reward:   231.35 | Episode steps:  330 | Average reward:   179.52 | Step Count: 296291 | Episode Q0:    49.47
Episode: 1462/1500 | Episode reward:   140.58 | Episode steps:  205 | Average reward:   178.01 | Step Count: 296496 | Episode Q0:    49.47
Episode: 1463/1500 | Episode reward:   126.13 | Episode steps:  188 | Average reward:   177.99 | Step Count: 296684 | Episode Q0:    49.47
Episode: 1464/1500 | Episode reward:   120.29 | Episode steps:  185 | Average reward:   179.77 | Step Count: 296869 | Episode Q0:    49.47
Episode: 1465/1500 | Episode reward:   184.49 | Episode steps:  304 | Average reward:   179.77 | Step Count: 297173 | Episode Q0:    49.47
Episode: 1466/1500 | Episode reward:   137.09 | Episode steps:  188 | Average reward:   171.82 | Step Count: 297361 | Episode Q0:    49.47
Episode: 1467/1500 | Episode reward:   186.92 | Episode steps:  252 | Average reward:   171.51 | Step Count: 297613 | Episode Q0:    49.47
Episode: 1468/1500 | Episode reward:   211.84 | Episode steps:  308 | Average reward:   162.54 | Step Count: 297921 | Episode Q0:    49.47
Episode: 1469/1500 | Episode reward:   165.92 | Episode steps:  242 | Average reward:   164.14 | Step Count: 298163 | Episode Q0:    49.47
Episode: 1470/1500 | Episode reward:   132.36 | Episode steps:  210 | Average reward:   163.70 | Step Count: 298373 | Episode Q0:    49.47
Episode: 1471/1500 | Episode reward:   122.92 | Episode steps:  182 | Average reward:   152.85 | Step Count: 298555 | Episode Q0:    49.47
Episode: 1472/1500 | Episode reward:   180.10 | Episode steps:  261 | Average reward:   156.81 | Step Count: 298816 | Episode Q0:    49.47
Episode: 1473/1500 | Episode reward:   135.60 | Episode steps:  328 | Average reward:   157.75 | Step Count: 299144 | Episode Q0:    49.47
Episode: 1474/1500 | Episode reward:   118.95 | Episode steps:  182 | Average reward:   157.62 | Step Count: 299326 | Episode Q0:    49.47
Episode: 1475/1500 | Episode reward:   177.85 | Episode steps:  249 | Average reward:   156.96 | Step Count: 299575 | Episode Q0:    49.47
Episode: 1476/1500 | Episode reward:   236.77 | Episode steps:  438 | Average reward:   166.92 | Step Count: 300013 | Episode Q0:    49.47
Episode: 1477/1500 | Episode reward:   208.52 | Episode steps:  252 | Average reward:   169.08 | Step Count: 300265 | Episode Q0:    49.47
Episode: 1478/1500 | Episode reward:   210.03 | Episode steps:  414 | Average reward:   168.90 | Step Count: 300679 | Episode Q0:    49.47
Episode: 1479/1500 | Episode reward:   166.61 | Episode steps:  257 | Average reward:   168.97 | Step Count: 300936 | Episode Q0:    49.47
Episode: 1480/1500 | Episode reward:   176.76 | Episode steps:  280 | Average reward:   173.41 | Step Count: 301216 | Episode Q0:    49.47
Episode: 1481/1500 | Episode reward:   150.51 | Episode steps:  220 | Average reward:   176.17 | Step Count: 301436 | Episode Q0:    49.47
Episode: 1482/1500 | Episode reward:   140.70 | Episode steps:  203 | Average reward:   172.23 | Step Count: 301639 | Episode Q0:    49.47
Episode: 1483/1500 | Episode reward:   162.18 | Episode steps:  235 | Average reward:   174.89 | Step Count: 301874 | Episode Q0:    49.47
Episode: 1484/1500 | Episode reward:   159.39 | Episode steps:  242 | Average reward:   178.93 | Step Count: 302116 | Episode Q0:    49.47
Episode: 1485/1500 | Episode reward:   171.23 | Episode steps:  265 | Average reward:   178.27 | Step Count: 302381 | Episode Q0:    49.47
Episode: 1486/1500 | Episode reward:   138.64 | Episode steps:  217 | Average reward:   168.46 | Step Count: 302598 | Episode Q0:    49.47
Episode: 1487/1500 | Episode reward:   192.34 | Episode steps:  266 | Average reward:   166.84 | Step Count: 302864 | Episode Q0:    49.47
Episode: 1488/1500 | Episode reward:   154.39 | Episode steps:  243 | Average reward:   161.28 | Step Count: 303107 | Episode Q0:    49.47
Episode: 1489/1500 | Episode reward:   129.73 | Episode steps:  189 | Average reward:   157.59 | Step Count: 303296 | Episode Q0:    49.47
Episode: 1490/1500 | Episode reward:   233.56 | Episode steps:  311 | Average reward:   163.27 | Step Count: 303607 | Episode Q0:    49.47
Episode: 1491/1500 | Episode reward:    98.06 | Episode steps:  158 | Average reward:   158.02 | Step Count: 303765 | Episode Q0:    49.70
Episode: 1492/1500 | Episode reward:   126.73 | Episode steps:  269 | Average reward:   156.62 | Step Count: 304034 | Episode Q0:    49.70
Episode: 1493/1500 | Episode reward:   127.83 | Episode steps:  196 | Average reward:   153.19 | Step Count: 304230 | Episode Q0:    49.70
Episode: 1494/1500 | Episode reward:   158.93 | Episode steps:  221 | Average reward:   153.14 | Step Count: 304451 | Episode Q0:    49.70
Episode: 1495/1500 | Episode reward:   303.88 | Episode steps:  500 | Average reward:   166.41 | Step Count: 304951 | Episode Q0:    49.70
Episode: 1496/1500 | Episode reward:   134.39 | Episode steps:  193 | Average reward:   165.98 | Step Count: 305144 | Episode Q0:    49.70
Episode: 1497/1500 | Episode reward:   106.96 | Episode steps:  197 | Average reward:   157.45 | Step Count: 305341 | Episode Q0:    49.70
Episode: 1498/1500 | Episode reward:   144.46 | Episode steps:  236 | Average reward:   156.45 | Step Count: 305577 | Episode Q0:    49.70
Episode: 1499/1500 | Episode reward:   164.54 | Episode steps:  236 | Average reward:   159.93 | Step Count: 305813 | Episode Q0:    49.70
Episode: 1500/1500 | Episode reward:   190.50 | Episode steps:  274 | Average reward:   155.63 | Step Count: 306087 | Episode Q0:    49.70

Running short fixed evaluation (7 cases)...
Finished evaluating case: 1
Finished evaluating case: 2
Finished evaluating case: 3
Finished evaluating case: 4
Finished evaluating case: 7
Finished evaluating case: 5
Finished evaluating case: 6

Running full fixed evaluation (297 cases)...
Finished evaluating case: 8
Finished evaluating case: 5
Finished evaluating case: 2
Finished evaluating case: 10
Finished evaluating case: 9
Finished evaluating case: 6
Finished evaluating case: 3
Finished evaluating case: 34
Finished evaluating case: 52
Finished evaluating case: 70
Finished evaluating case: 58
Finished evaluating case: 40
Finished evaluating case: 82
Finished evaluating case: 76
Finished evaluating case: 13
Finished evaluating case: 51
Finished evaluating case: 7
Finished evaluating case: 11
Finished evaluating case: 14
Finished evaluating case: 22
Finished evaluating case: 4
Finished evaluating case: 33
Finished evaluating case: 69
Finished evaluating case: 20
Finished evaluating case: 12
Finished evaluating case: 15
Finished evaluating case: 16
Finished evaluating case: 19
Finished evaluating case: 18
Finished evaluating case: 57
Finished evaluating case: 39
Finished evaluating case: 1
Finished evaluating case: 75
Finished evaluating case: 21
Finished evaluating case: 17
Finished evaluating case: 81
Finished evaluating case: 32
Finished evaluating case: 106
Finished evaluating case: 100
Finished evaluating case: 88
Finished evaluating case: 56
Finished evaluating case: 112
Finished evaluating case: 46
Finished evaluating case: 118
Finished evaluating case: 142
Finished evaluating case: 94
Finished evaluating case: 154
Finished evaluating case: 136
Finished evaluating case: 64
Finished evaluating case: 68
Finished evaluating case: 130
Finished evaluating case: 28
Finished evaluating case: 38
Finished evaluating case: 50
Finished evaluating case: 148
Finished evaluating case: 124
Finished evaluating case: 74
Finished evaluating case: 80
Finished evaluating case: 31
Finished evaluating case: 55
Finished evaluating case: 105
Finished evaluating case: 45
Finished evaluating case: 99
Finished evaluating case: 111
Finished evaluating case: 63
Finished evaluating case: 141
Finished evaluating case: 87
Finished evaluating case: 117
Finished evaluating case: 37
Finished evaluating case: 153
Finished evaluating case: 49
Finished evaluating case: 27
Finished evaluating case: 67
Finished evaluating case: 129
Finished evaluating case: 93
Finished evaluating case: 135
Finished evaluating case: 147
Finished evaluating case: 30
Finished evaluating case: 123
Finished evaluating case: 79
Finished evaluating case: 54
Finished evaluating case: 73
Finished evaluating case: 48
Finished evaluating case: 98
Finished evaluating case: 66
Finished evaluating case: 110
Finished evaluating case: 44
Finished evaluating case: 86
Finished evaluating case: 140
Finished evaluating case: 104
Finished evaluating case: 116
Finished evaluating case: 152
Finished evaluating case: 36
Finished evaluating case: 26
Finished evaluating case: 128
Finished evaluating case: 62
Finished evaluating case: 92
Finished evaluating case: 134
Finished evaluating case: 29
Finished evaluating case: 122
Finished evaluating case: 146
Finished evaluating case: 78
Finished evaluating case: 53
Finished evaluating case: 65
Finished evaluating case: 47
Finished evaluating case: 97
Finished evaluating case: 43
Finished evaluating case: 109
Finished evaluating case: 72
Finished evaluating case: 115
Finished evaluating case: 35
Finished evaluating case: 25
Finished evaluating case: 85
Finished evaluating case: 103
Finished evaluating case: 139
Finished evaluating case: 151
Finished evaluating case: 127
Finished evaluating case: 133
Finished evaluating case: 61
Finished evaluating case: 121
Finished evaluating case: 145
Finished evaluating case: 91
Finished evaluating case: 163
Finished evaluating case: 160
Finished evaluating case: 157
Finished evaluating case: 77
Finished evaluating case: 42
Finished evaluating case: 172
Finished evaluating case: 108
Finished evaluating case: 96
Finished evaluating case: 138
Finished evaluating case: 150
Finished evaluating case: 60
Finished evaluating case: 114
Finished evaluating case: 24
Finished evaluating case: 102
Finished evaluating case: 175
Finished evaluating case: 126
Finished evaluating case: 84
Finished evaluating case: 71
Finished evaluating case: 132
Finished evaluating case: 120
Finished evaluating case: 156
Finished evaluating case: 159
Finished evaluating case: 166
Finished evaluating case: 41
Finished evaluating case: 95
Finished evaluating case: 90
Finished evaluating case: 171
Finished evaluating case: 144
Finished evaluating case: 162
Finished evaluating case: 101
Finished evaluating case: 23
Finished evaluating case: 113
Finished evaluating case: 107
Finished evaluating case: 137
Finished evaluating case: 59
Finished evaluating case: 149
Finished evaluating case: 125
Finished evaluating case: 83
Finished evaluating case: 169
Finished evaluating case: 174
Finished evaluating case: 119
Finished evaluating case: 131
Finished evaluating case: 193
Finished evaluating case: 89
Finished evaluating case: 214
Finished evaluating case: 178
Finished evaluating case: 205
Finished evaluating case: 187
Finished evaluating case: 202
Finished evaluating case: 155
Finished evaluating case: 143
Finished evaluating case: 196
Finished evaluating case: 211
Finished evaluating case: 165
Finished evaluating case: 158
Finished evaluating case: 170
Finished evaluating case: 190
Finished evaluating case: 181
Finished evaluating case: 161
Finished evaluating case: 220
Finished evaluating case: 184
Finished evaluating case: 208
Finished evaluating case: 173
Finished evaluating case: 199
Finished evaluating case: 168
Finished evaluating case: 204
Finished evaluating case: 201
Finished evaluating case: 217
Finished evaluating case: 177
Finished evaluating case: 192
Finished evaluating case: 226
Finished evaluating case: 213
Finished evaluating case: 189
Finished evaluating case: 180
Finished evaluating case: 224
Finished evaluating case: 210
Finished evaluating case: 228
Finished evaluating case: 195
Finished evaluating case: 186
Finished evaluating case: 222
Finished evaluating case: 207
Finished evaluating case: 219
Finished evaluating case: 183
Finished evaluating case: 164
Finished evaluating case: 230
Finished evaluating case: 198
Finished evaluating case: 191
Finished evaluating case: 200
Finished evaluating case: 176
Finished evaluating case: 223
Finished evaluating case: 167
Finished evaluating case: 225
Finished evaluating case: 216
Finished evaluating case: 212
Finished evaluating case: 188
Finished evaluating case: 203
Finished evaluating case: 179
Finished evaluating case: 209
Finished evaluating case: 227
Finished evaluating case: 206
Finished evaluating case: 221
Finished evaluating case: 185
Finished evaluating case: 194
Finished evaluating case: 218
Finished evaluating case: 232
Finished evaluating case: 229
Finished evaluating case: 182
Finished evaluating case: 238
Finished evaluating case: 246
Finished evaluating case: 236
Finished evaluating case: 267
Finished evaluating case: 197
Finished evaluating case: 264
Finished evaluating case: 234
Finished evaluating case: 242
Finished evaluating case: 250
Finished evaluating case: 244
Finished evaluating case: 215
Finished evaluating case: 252
Finished evaluating case: 268
Finished evaluating case: 266
Finished evaluating case: 260
Finished evaluating case: 269
Finished evaluating case: 248
Finished evaluating case: 231
Finished evaluating case: 258
Finished evaluating case: 256
Finished evaluating case: 254
Finished evaluating case: 274
Finished evaluating case: 235
Finished evaluating case: 237
Finished evaluating case: 240
Finished evaluating case: 241
Finished evaluating case: 233
Finished evaluating case: 263
Finished evaluating case: 249
Finished evaluating case: 245
Finished evaluating case: 262
Finished evaluating case: 243
Finished evaluating case: 251
Finished evaluating case: 282
Finished evaluating case: 265
Finished evaluating case: 259
Finished evaluating case: 288
Finished evaluating case: 284
Finished evaluating case: 247
Finished evaluating case: 270
Finished evaluating case: 253
Finished evaluating case: 277
Finished evaluating case: 257
Finished evaluating case: 271
Finished evaluating case: 273
Finished evaluating case: 290
Finished evaluating case: 275
Finished evaluating case: 239
Finished evaluating case: 276
Finished evaluating case: 280
Finished evaluating case: 278
Finished evaluating case: 255
Finished evaluating case: 272
Finished evaluating case: 292
Finished evaluating case: 294
Finished evaluating case: 295
Finished evaluating case: 279
Finished evaluating case: 283
Finished evaluating case: 286
Finished evaluating case: 261
Finished evaluating case: 296
Finished evaluating case: 293
Finished evaluating case: 287
Finished evaluating case: 297
Finished evaluating case: 285
Finished evaluating case: 281
Finished evaluating case: 289
Finished evaluating case: 291
