Episode,EpisodeReward,EpisodeSteps,AverageReward,StepCount,EpisodeQ0
1,24.654425451331,58,24.654425451331,58,-0.1489038169384
2,36.0311176489728,86,30.3427715501519,144,-0.1489038169384
3,65.2771389747459,327,41.9875606916832,471,-0.1489038169384
4,29.7925070249845,58,38.9387972750086,529,-0.1489038169384
5,37.9915161759984,64,38.7493410552065,593,-0.1489038169384
6,81.1190507868572,299,45.810959343815,892,-0.1489038169384
7,30.4895456715263,96,43.6221859620595,988,-0.1489038169384
8,19.2728319149501,82,40.5785167061708,1070,-0.1489038169384
9,-7.4957894990593,85,35.2369271278119,1155,-0.1489038169384
10,16.9340809325112,101,33.4066425082818,1256,-0.1489038169384
11,23.094771477463,72,33.250677110895,1328,-0.1489038169384
12,23.9766271000126,70,32.045228055999,1398,-0.1489038169384
13,-128.117453768969,271,12.7057687816275,1669,-0.1489038169384
14,19.5137517737562,100,11.6778932565047,1769,-0.1489038169384
15,33.7506881374401,87,11.2538104526488,1856,-0.1489038169384
16,28.3949224607691,102,5.98139762004,1958,-0.1489038169384
17,27.7631771055877,63,5.70876076344614,2021,-0.1489038169384
18,16.4237780715829,38,5.42385537910943,2059,-0.1489038169384
19,45.1522332511204,113,10.6886576541274,2172,-0.1489038169384
20,48.3551823929419,101,13.8307678001705,2273,-0.1489038169384
21,19.8175029401177,94,13.5030409464359,2367,-0.1489038169384
22,81.331125710758,126,19.2384908075105,2493,-0.1489038169384
23,13.347140485752,82,33.3849502329826,2575,-0.1489038169384
24,51.5298563359525,76,36.5865606892022,2651,-0.1489038169384
25,39.6588056442403,101,37.1773724398823,2752,-0.1489038169384
26,20.6103666758213,80,36.3989168613875,2832,-0.1489038169384
27,36.5953213863727,91,37.282131289466,2923,-0.1489038169384
28,36.8164503230224,99,39.3213985146099,3022,-0.1489038169384
29,36.2252336010531,90,38.4286985496032,3112,-0.1489038169384
30,35.6977039404077,77,37.1629507043498,3189,-0.1489038169384
31,21.6412829664539,42,37.3453287069834,3231,-0.1489038169384
32,43.5463434090627,111,33.5668504768139,3342,-0.1489038169384
33,44.2344745520999,79,36.6555838834487,3421,-0.1489038169384
34,-6.10710737949128,64,30.8918875119043,3485,-0.1489038169384
35,17.032855872087,40,28.6292925346889,3525,-0.1489038169384
36,11.1724446314736,122,27.6855003302542,3647,-0.1489038169384
37,24.4373143639503,84,26.4696996280119,3731,-0.1489038169384
38,39.5881288850812,110,26.7468674842178,3841,-0.1489038169384
39,35.2351837259351,94,26.647862496706,3935,-0.1489038169384
40,49.4724008774933,223,28.0253321904146,4158,-0.1489038169384
41,31.691767027241,101,29.0303805964933,4259,-0.1489038169384
42,93.707605812499,238,34.0465068368369,4497,-0.1489038169384
43,102.872582378734,298,39.9103176195003,4795,-0.1489038169384
44,16.3192606778975,65,42.1529544252392,4860,-0.1489038169384
45,33.4871640891529,69,43.7983852469458,4929,-0.1489038169384
46,20.0415411164164,87,44.68529489544,5016,-0.1489038169384
47,30.4403524599955,89,45.2855987050446,5105,-0.1489038169384
48,46.3075952908448,108,45.9575453456209,5213,-0.1489038169384
49,34.6598171148973,98,45.9000086845171,5311,-0.1489038169384
50,10.1328480020729,47,41.9660533969751,5358,-0.1489038169384
51,29.3330838944416,85,41.7301850836952,5443,-0.1489038169384
52,-22.9975553751488,96,30.0596689649304,5539,-0.1489038169384
53,35.9914764417148,109,23.3715583712285,5648,0.470732629299164
54,16.3207763335445,95,23.3717099367932,5743,0.470732629299164
55,50.0987072574054,103,25.0328642536184,5846,0.470732629299164
56,-4.43274636979978,97,22.5854355049968,5943,0.470732629299164
57,31.6683655625708,82,22.7082368152544,6025,0.470732629299164
58,32.3886511937047,73,21.3163424055403,6098,0.470732629299164
59,31.048153354625,96,20.9551760295131,6194,0.470732629299164
60,52.1549568856106,122,25.1573869178669,6316,0.470732629299164
61,8.33521523922309,83,23.057600052345,6399,0.470732629299164
62,37.7918843259024,110,29.1365440224502,6509,0.470732629299164
63,34.1206493090209,99,28.9494613091808,6608,0.470732629299164
64,28.3728785823733,77,30.1546715340636,6685,0.470732629299164
65,33.8590675390246,78,28.5307075622256,6763,0.470732629299164
66,26.1473618675989,99,31.5887183859654,6862,0.470732629299164
67,12.956940112938,73,29.7175758410022,6935,0.470732629299164
68,7.14415877112649,60,27.1931265987443,6995,0.470732629299164
69,26.1513151182033,122,26.7034427751022,7117,0.470732629299164
70,24.5624489515499,60,23.9441919816961,7177,0.470732629299164
71,26.9460025484129,60,25.8052707126151,7237,0.470732629299164
72,47.755728997855,84,26.8016551798103,7321,0.470732629299164
73,19.513198969822,60,25.3409101458904,7381,0.470732629299164
74,30.1722839752852,66,25.5208506851816,7447,0.470732629299164
75,144.669525337556,341,36.6018964650347,7788,0.470732629299164
76,172.901477567382,385,51.2773080350131,8173,0.470732629299164
77,38.0907610619479,80,53.7906901299141,8253,0.470732629299164
78,37.5604230226515,71,56.8323165550666,8324,0.470732629299164
79,23.9739603440266,73,56.6145810776489,8397,0.470732629299164
80,7.71237516318501,69,54.9295736988124,8466,0.470732629299164
81,42.721578431762,76,56.5071312871473,8542,0.470732629299164
82,20.5498075761006,52,53.7865391449719,8594,0.470732629299164
83,113.95026723072,283,63.2302459710617,8877,0.470732629299164
84,9.42695137200391,83,61.1557127107335,8960,0.470732629299164
85,14.7025456621511,41,48.1590147431931,9001,0.470732629299164
86,26.6885331538136,76,33.5377203018362,9077,0.470732629299164
87,52.3193545046516,90,34.9605796461066,9167,0.72382926940918
88,19.842826267478,42,33.1888199705892,9209,0.72382926940918
89,31.7857214378355,76,33.9699960799701,9285,0.72382926940918
90,118.689205320563,342,45.0676790957079,9627,0.72382926940918
91,122.777739143477,305,53.0732951668794,9932,0.72382926940918
92,132.391341840287,347,64.257448593298,10279,0.72382926940918
93,22.3097084034856,76,55.0933927105746,10355,0.72382926940918
94,93.0986520657491,268,63.4605627799491,10623,0.72382926940918
95,25.1395568090641,52,64.5042638946404,10675,0.72382926940918
96,127.302018882357,321,74.5656124674947,10996,0.72382926940918
97,39.3776544459566,78,73.2714424616252,11074,0.72382926940918
98,60.5354053139247,97,77.3407003662699,11171,0.72382926940918
99,-13.5539308914303,57,72.8067351333433,11228,0.72382926940918
100,41.0270413592019,73,65.0405187372072,11301,0.72382926940918
101,-5.29546607983472,49,52.2331982148761,11350,0.72382926940918
102,18.2984758390968,60,40.8239116147571,11410,0.72382926940918
103,-24.134851316094,58,36.1794556427991,11468,0.72382926940918
104,19.5696641884614,50,28.8265568550704,11518,0.72382926940918
105,2.59687520456053,39,26.57228869462,11557,0.72382926940918
106,6.2694880561107,32,14.4690356119954,11589,0.72382926940918
107,33.6298230547382,80,13.8942524728735,11669,0.72382926940918
108,-8.8145459941068,69,6.95925734207036,11738,0.72382926940918
109,40.2549099540425,92,12.3401414266176,11830,0.72382926940918
110,27.0579718494695,60,10.9432344756444,11890,0.72382926940918
111,-10.2734055470499,59,10.4454405289229,11949,0.72382926940918
112,5.7515020042143,66,9.19074314543464,12015,0.72382926940918
113,18.634860016252,80,13.4677142786692,12095,0.72382926940918
114,-17.6666375984442,57,9.74408409997868,12152,0.72382926940918
115,15.3090212160087,88,11.0152987011235,12240,0.72382926940918
116,23.8526903952734,64,12.7736189350398,12304,0.72382926940918
117,-2.85600865970271,74,9.12503576359567,12378,0.72382926940918
118,19.2585369053839,43,11.9323440535447,12421,0.72382926940918
119,8.80101657884064,70,8.78695471602457,12491,0.72382926940918
120,18.6585916104002,77,7.94701669211763,12568,0.72382926940918
121,26.0507981881195,67,11.5794370656346,12635,0.72382926940918
122,20.6525126495573,54,13.0695381301689,12689,0.72382926940918
123,15.3584444928114,38,12.7418965778248,12727,0.72382926940918
124,16.9728276821166,43,16.2058431058809,12770,0.72382926940918
125,15.9654494083941,74,16.2714859251194,12844,0.96432101726532
126,18.308880071365,40,15.7171048927286,12884,0.96432101726532
127,0.488444016553283,59,16.0515501603542,12943,0.96432101726532
128,12.2879419436638,59,15.3544906641822,13002,0.96432101726532
129,6.1794405920196,67,15.0923330655001,13069,0.96432101726532
130,9.85364256781703,79,14.2118381612418,13148,0.96432101726532
131,4.09368371603514,75,12.0161267140333,13223,0.96432101726532
132,7.91466031988649,47,10.7423414810663,13270,0.96432101726532
133,26.4627792990316,85,11.8527749616883,13355,0.96432101726532
134,-1.93281418661025,43,9.96221077481559,13398,0.96432101726532
135,25.922035925654,68,10.9578694265416,13466,0.96432101726532
136,-8.5409225766116,68,8.27288916174392,13534,0.96432101726532
137,11.6318279400388,63,9.38722755409247,13597,0.96432101726532
138,25.8741265428145,66,10.7458460140075,13663,0.96432101726532
139,-28.9218561632346,57,7.23571633848211,13720,0.96432101726532
140,14.2967120368092,67,7.68002328538133,13787,0.96432101726532
141,26.4113607814417,50,9.91179099192198,13837,0.96432101726532
142,12.1592981583188,64,10.3362547757652,13901,0.96432101726532
143,24.444952773542,64,10.1344721232163,13965,0.96432101726532
144,20.5268660561817,65,12.3804401474954,14030,0.96432101726532
145,21.2090460912905,52,11.9091411640591,14082,0.96432101726532
146,4.82390204565477,33,13.2456236262857,14115,0.96432101726532
147,20.7185924895592,56,14.1543000812378,14171,0.96432101726532
148,15.8106519911702,61,13.1479526260733,14232,0.96432101726532
149,29.4143445214518,55,18.981572694542,14287,0.96432101726532
150,10.5489478050032,32,18.6067962713614,14319,0.96432101726532
151,15.0063997261065,42,17.4663001658279,14361,0.96432101726532
152,22.0181603072651,40,18.4521863807225,14401,0.96432101726532
153,33.0507923062448,52,19.3127703339928,14453,0.96432101726532
154,-24.3644645332028,50,14.8236372750543,14503,0.96432101726532
155,12.2784013169007,32,13.9305727976154,14535,0.96432101726532
156,-0.635015702824119,49,13.3846810227675,14584,0.96432101726532
157,21.3779261183182,59,13.4506143856434,14643,0.96432101726532
158,29.1951369553915,81,14.7890628820655,14724,0.96432101726532
159,-24.1299863281084,48,9.43462979710947,14772,0.96432101726532
160,1.82813623972458,67,8.56254864058161,14839,0.96432101726532
161,-1.45073203259133,54,6.91683546471183,14893,0.96432101726532
162,20.6401252146616,65,6.77903195545147,14958,0.96432101726532
163,1.37861343957686,63,3.61181406878468,15021,1.2220151424408
164,27.4251283494685,66,8.79077335705181,15087,1.2220151424408
165,12.5245048192976,72,8.81538370729149,15159,1.2220151424408
166,-5.43970336745396,55,8.33491494082851,15214,1.2220151424408
167,38.2138739865829,90,10.018509727655,15304,1.2220151424408
168,-32.4931434391921,56,3.84968168819663,15360,1.2220151424408
169,19.5159928634156,57,8.21427960734902,15417,1.2220151424408
170,26.5756208440781,67,10.6890280677844,15484,1.2220151424408
171,7.32246118882068,41,11.5663473899256,15525,1.2220151424408
172,9.7831111740169,69,10.4806459858611,15594,1.2220151424408
173,-9.88371086570163,45,9.35441355533326,15639,1.2220151424408
174,10.3010410514818,66,7.64200482553459,15705,1.2220151424408
175,22.4916204637852,63,8.63871638998335,15768,1.2220151424408
176,-0.26298361078824,74,9.15638836564992,15842,1.2220151424408
177,31.97843409206,64,8.53284437619763,15906,1.2220151424408
178,28.1994559413411,73,14.602104314251,15979,1.2220151424408
179,-7.98518618203162,57,11.8519864097062,16036,1.2220151424408
180,22.0430434458504,62,11.3987286698835,16098,1.2220151424408
181,15.3370911837304,39,12.2001916693744,16137,1.2220151424408
182,13.6223013782443,62,12.5841106897972,16199,1.2220151424408
183,21.7200852699128,59,15.7444903033586,16258,1.2220151424408
184,40.725399986403,83,18.7869261968507,16341,1.2220151424408
185,8.65857460902598,50,17.4036216113748,16391,1.2220151424408
186,18.4746410998735,64,19.277384082441,16455,1.2220151424408
187,21.6998253049511,51,18.2495232037301,16506,1.2220151424408
188,10.0960989396614,56,16.4391875035621,16562,1.2220151424408
189,1.69173394081633,69,17.4068795158469,16631,1.2220151424408
190,25.1575545976271,51,17.7183306310246,16682,1.2220151424408
191,0.103952852331507,66,16.1950167978847,16748,1.2220151424408
192,20.6890131436389,54,16.9016879744242,16802,1.2220151424408
193,-19.9811100885022,68,12.7315684385827,16870,1.2220151424408
194,31.6436729244845,64,11.8233957323908,16934,1.2220151424408
195,40.8148289694169,86,15.0390211684299,17020,1.2220151424408
196,24.144961611799,42,15.6060532196224,17062,1.2220151424408
197,22.8359048914529,60,15.7196611782726,17122,1.2220151424408
198,-6.10516744091869,44,14.0995345402146,17166,1.2220151424408
199,21.4091107260803,60,16.071272218741,17226,1.2220151424408
200,10.1756031390556,71,14.5730770728839,17297,1.2220151424408
201,30.4147738181585,64,17.6041591694666,17361,1.53400003910065
202,17.8104231622353,53,17.3163001713262,17414,1.53400003910065
203,8.22384191945099,67,20.1367953721215,17481,1.53400003910065
204,31.9291229580348,61,20.1653403754765,17542,1.53400003910065
205,-9.89007743251642,64,15.0948497352832,17606,1.53400003910065
206,0.184387721096389,49,12.698792346213,17655,1.53400003910065
207,23.6351678463996,65,12.7787186417076,17720,1.53400003910065
208,26.655308588156,74,16.0547662446151,17794,1.53400003910065
209,12.0543533705296,34,15.11929050906,17828,1.53400003910065
210,20.7331247822524,69,16.1750426733797,17897,1.53400003910065
211,9.52553238231273,67,14.0861185297951,17964,1.53400003910065
212,20.9718746225927,62,14.4022636758309,18026,1.53400003910065
213,30.023669975095,59,16.5822464813953,18085,1.53400003910065
214,23.731939980323,67,15.7625281836241,18152,1.53400003910065
215,16.8766968519816,72,18.4392056120739,18224,1.53400003910065
216,26.6076692462732,78,21.0815337645916,18302,1.53400003910065
217,22.208564554343,52,20.9388734353859,18354,1.53400003910065
218,13.7854819413878,75,19.6518907707091,18429,1.53400003910065
219,12.8943368767519,53,19.7358891213313,18482,1.53400003910065
220,8.51219261993981,36,18.5137959051001,18518,1.53400003910065
221,19.9739494583165,63,19.5586376127005,18581,1.53400003910065
222,6.69844352340592,29,18.1312945027818,18610,1.53400003910065
223,17.0715902286401,75,16.8360865281363,18685,1.53400003910065
224,12.3437834629444,75,15.6972708763984,18760,1.53400003910065
225,-7.52975664837657,62,13.2566255263626,18822,1.53400003910065
226,17.6108783109144,49,12.3569464328267,18871,1.53400003910065
227,18.2986089080009,45,11.9659508681925,18916,1.53400003910065
228,14.9566811137866,67,12.0830707854324,18983,1.53400003910065
229,23.097031766015,51,13.1033402743587,19034,1.53400003910065
230,2.59324406673081,37,12.5114454190378,19071,1.53400003910065
231,17.2797855683133,69,12.2420290300375,19140,1.53400003910065
232,35.947629915594,58,15.1669476692563,19198,1.53400003910065
233,-4.93221346130061,66,12.9665673002622,19264,1.53400003910065
234,22.7739420947156,50,14.0095831634393,19314,1.53400003910065
235,21.7323957649122,56,16.9357984047682,19370,1.53400003910065
236,20.952738024567,56,17.2699843761335,19426,1.53400003910065
237,36.1043967676429,60,19.0505631620977,19486,1.53400003910065
238,24.003292196546,50,19.9552242703736,19536,1.53400003910065
239,20.2356431405115,65,19.6690854078233,19601,1.83526301383972
240,-0.803990547391455,74,19.329361946411,19675,1.83526301383972
241,3.80850824680847,32,17.9822342142606,19707,1.83526301383972
242,23.1399585230574,48,16.7014670750069,19755,1.83526301383972
243,0.715871920111665,72,17.2662756131481,19827,1.83526301383972
244,19.4440557720791,46,16.9332869808845,19873,1.83526301383972
245,9.62300587041642,47,15.7223479914349,19920,1.83526301383972
246,-11.5222344036064,59,12.4748507486176,19979,1.83526301383972
247,17.6311735984095,74,10.6275284316942,20053,1.83526301383972
248,11.3361092612589,61,9.3608101381655,20114,1.83526301383972
249,24.1069667541207,44,9.74794249952643,20158,1.83526301383972
250,24.7137382576158,74,12.2997153800272,20232,1.83526301383972
251,3.70163319942448,67,12.2890278752888,20299,1.83526301383972
252,22.70511410883,55,12.245543433866,20354,1.83526301383972
253,29.6886470211968,60,15.1428209439745,20414,1.83526301383972
254,21.849361671332,70,15.3833515338998,20484,1.83526301383972
255,11.1505467205166,46,15.5361056189098,20530,1.83526301383972
256,20.0338144676683,75,18.6917105060373,20605,1.83526301383972
257,3.31801249691264,75,17.2603943958876,20680,1.83526301383972
258,16.7638016464005,40,17.8031636344018,20720,1.83526301383972
259,19.7301519540406,69,17.3654821543938,20789,1.83526301383972
260,20.3311817179838,45,16.9272265004306,20834,1.83526301383972
261,30.0672070388916,54,19.5637838843773,20888,1.83526301383972
262,-11.1692322965286,41,16.1763492438414,20929,1.83526301383972
263,19.9403964532976,67,15.2015241870515,20996,1.83526301383972
264,19.0513201997455,49,14.9217200398928,21045,1.83526301383972
265,18.9656444410076,55,15.703229811942,21100,1.83526301383972
266,9.9849936562092,64,14.698347730796,21164,1.83526301383972
267,38.2519975172288,64,18.1917462328277,21228,1.83526301383972
268,7.92948186207662,37,17.3083142543953,21265,1.83526301383972
269,31.3446737361995,55,18.4697664326112,21320,1.83526301383972
270,31.9139599910619,60,19.628044259919,21380,1.83526301383972
271,39.3564477328664,85,20.5569683293164,21465,1.83526301383972
272,1.72252968312971,47,21.8461445272823,21512,1.83526301383972
273,22.1756875293453,51,22.0696736348871,21563,1.83526301383972
274,9.82177254550485,37,21.146718869463,21600,1.83526301383972
275,-21.1239750015195,52,17.1377569252103,21652,1.83526301383972
276,27.7027674437997,68,18.9095343039693,21720,1.83526301383972
277,13.8237144680016,40,16.4667059990466,21760,2.20881366729736
278,-16.6433864930252,47,14.0094191635364,21807,2.20881366729736
279,34.88565313117,78,14.3635171030335,21885,2.20881366729736
280,19.1806681033236,48,13.0901879142597,21933,2.20881366729736
281,5.01733146212288,36,9.6562762871853,21969,2.20881366729736
282,21.1917938509836,51,11.6032027039707,22020,2.20881366729736
283,31.4794010665218,61,12.5335740576883,22081,2.20881366729736
284,12.7220021301179,51,12.8235970161496,22132,2.20881366729736
285,21.0585639691426,55,17.0418509132159,22187,2.20881366729736
286,10.3505750369992,38,15.3066316725358,22225,2.20881366729736
287,31.4167828642647,51,17.0659385121621,22276,2.20881366729736
288,2.40584913493225,74,18.9708620749579,22350,2.20881366729736
289,16.0637468602545,41,17.0886714478663,22391,2.20881366729736
290,34.9644607957419,73,18.6670507171081,22464,2.20881366729736
291,-20.7922202778588,53,16.08609554311,22517,2.20881366729736
292,6.92780839230337,70,14.6596969972419,22587,2.20881366729736
293,-8.67768192680634,37,10.6439886979091,22624,2.20881366729736
294,20.1000007668635,60,11.3817885615837,22684,2.20881366729736
295,11.9119724234877,33,10.4671294070182,22717,2.20881366729736
296,-4.85109361059404,47,8.94696254225888,22764,2.20881366729736
297,19.3850575393834,48,7.74379000977075,22812,2.20881366729736
298,-3.74921472289216,67,7.12828362398831,22879,2.20881366729736
299,34.3338793653583,54,8.95529687449869,22933,2.20881366729736
300,11.4373239310936,47,6.60258318803385,22980,2.20881366729736
301,16.6906894907792,65,10.3508741648977,23045,2.20881366729736
302,2.21076971465996,54,9.87917029713332,23099,2.20881366729736
303,10.6773221031946,51,11.8146707001334,23150,2.20881366729736
304,6.46378066739491,45,10.4510486901866,23195,2.20881366729736
305,13.6096032852397,79,10.6208117763618,23274,2.20881366729736
306,32.0102882702511,70,14.3069499644463,23344,2.20881366729736
307,18.3574624809765,74,14.2041904586056,23418,2.20881366729736
308,26.7665867481174,67,17.2557706057065,23485,2.20881366729736
309,23.7516978715502,43,16.1975524563257,23528,2.20881366729736
310,30.196753747461,67,18.0734954379625,23595,2.20881366729736
311,20.4127200548544,52,18.44569849437,23647,2.20881366729736
312,4.91120892648587,57,18.7157424155526,23704,2.20881366729736
313,25.1494041808235,52,20.1629506233155,23756,2.20881366729736
314,20.4057451252701,69,21.557147069103,23825,2.20881366729736
315,17.5680228029491,44,21.9529890208739,23869,2.62405180931091
316,12.2193892560576,59,19.9738991194546,23928,2.62405180931091
317,30.1230007127591,82,21.1504529426328,24010,2.62405180931091
318,6.96199540893142,54,19.1699938087142,24064,2.62405180931091
319,27.504615688168,70,19.545285590376,24134,2.62405180931091
320,8.87293057666652,65,17.4129032732966,24199,2.62405180931091
321,32.9719006485547,60,18.6688213326666,24259,2.62405180931091
322,25.9708152541316,68,20.7747819654312,24327,2.62405180931091
323,-9.06755960088641,41,17.3530855872602,24368,2.62405180931091
324,-0.782437348876311,54,15.2342673398455,24422,2.62405180931091
325,20.6462190223605,55,15.5420869617867,24477,2.62405180931091
326,26.407556162035,46,16.9609036523844,24523,2.62405180931091
327,9.02825785515185,37,14.8514293666237,24560,2.62405180931091
328,33.1490564225215,62,17.4701354679827,24622,2.62405180931091
329,11.585374834518,76,15.8782113826177,24698,2.62405180931091
330,10.9116946562877,46,16.0820877905798,24744,2.62405180931091
331,-16.7215637990672,61,11.1127413458176,24805,2.62405180931091
332,19.9914667450825,63,10.5148064949127,24868,2.62405180931091
333,1.93744302146991,38,11.6153067571483,24906,2.62405180931091
334,16.5507680280681,41,13.3486272948428,24947,2.62405180931091
335,5.45014296510448,34,11.8290196891172,24981,2.62405180931091
336,14.2983384732458,59,10.6180979202383,25040,2.62405180931091
337,22.0027032835221,58,11.9155424630753,25098,2.62405180931091
338,11.5882475062528,30,9.75946157144841,25128,2.62405180931091
339,26.628931064747,49,11.2638171944713,25177,2.62405180931091
340,-5.99173892064174,54,9.57347383677837,25231,2.62405180931091
341,6.3705589720476,35,11.8826861138899,25266,2.62405180931091
342,27.9292911405125,57,12.6764685534328,25323,2.62405180931091
343,7.75829731646183,43,13.258553982932,25366,2.62405180931091
344,-25.8771478797628,57,9.01576239214894,25423,2.62405180931091
345,18.2857718570598,40,10.2993252813445,25463,2.62405180931091
346,11.966573250871,69,10.066148759107,25532,2.62405180931091
347,-0.896507608302076,45,7.77622766992458,25577,2.62405180931091
348,8.16222115881073,60,7.43362503518038,25637,2.62405180931091
349,16.6481494853558,38,6.43554687724126,25675,2.62405180931091
350,17.1765103058896,69,8.75237179989439,25744,2.62405180931091
351,17.4231857992041,53,9.85763448261004,25797,2.62405180931091
352,1.83524351285312,42,7.2482297198441,25839,2.62405180931091
353,19.669334430293,61,8.43933343122722,25900,3.0434513092041
354,6.44778377722834,30,11.6718265969263,25930,3.0434513092041
355,19.3170771919789,57,11.7749571304183,25987,3.0434513092041
356,-9.3838159777416,50,9.63991820755699,26037,3.0434513092041
357,25.6343774301922,72,12.2930067114064,26109,3.0434513092041
358,7.73314405910482,35,12.2500990014358,26144,3.0434513092041
359,20.7221501988794,59,12.6574990727882,26203,3.0434513092041
360,38.7613957842839,83,14.8159876206276,26286,3.0434513092041
361,25.9262943914875,55,15.666298479856,26341,3.0434513092041
362,17.9362600866105,61,17.2764001372317,26402,3.0434513092041
363,-3.81306456175854,64,14.9281602380265,26466,3.0434513092041
364,26.717408387963,69,16.9551226991,26535,3.0434513092041
365,-11.6483816026819,42,13.8585768196339,26577,3.0434513092041
366,-4.47368497552476,32,14.3495899198556,26609,3.0434513092041
367,23.3422977148669,42,14.1203819483231,26651,3.0434513092041
368,23.3294552139899,56,15.6800130638116,26707,3.0434513092041
369,-23.9739186668425,58,11.2104061772394,26765,3.0434513092041
370,19.5658283846782,68,9.29084943727882,26833,3.0434513092041
371,2.0016145576483,37,6.89838145389491,26870,3.0434513092041
372,5.84550210600976,28,5.68930565583484,26898,3.0434513092041
373,24.6031348691753,57,8.53092559892822,26955,3.0434513092041
374,24.1736414954939,54,8.27654890968131,27009,3.0434513092041
375,-1.46794168441233,50,9.29459290150826,27059,3.0434513092041
376,21.0673590233836,70,11.8486973013991,27129,3.0434513092041
377,-11.8890086993104,66,8.32556665998136,27195,3.0434513092041
378,11.7094563505618,33,7.16356677363855,27228,3.0434513092041
379,27.6997756584398,50,12.3309362061668,27278,3.0434513092041
380,22.7782289691549,54,12.6521762646145,27332,3.0434513092041
381,15.6008878805106,69,14.0121035969007,27401,3.0434513092041
382,31.1197924482377,55,16.5395326311235,27456,3.0434513092041
383,22.4312475443967,63,16.3223438986456,27519,3.0434513092041
384,5.26546579718962,62,14.4315263288152,27581,3.0434513092041
385,23.8120194212474,50,16.9595224393812,27631,3.0434513092041
386,23.5859483721526,42,17.211381374258,27673,3.0434513092041
387,20.02674499971,55,20.4029567441601,27728,3.0434513092041
388,24.0360520833174,58,21.6356163174357,27786,3.0434513092041
389,16.2826934420355,44,20.4939080957952,27830,3.0434513092041
390,26.1635010448228,81,20.832435303362,27911,3.51756381988525
391,23.9261698997657,45,21.6649635052875,27956,3.51756381988525
392,11.3993073337087,65,19.6929149938346,28021,3.51756381988525
393,27.2178307935235,74,20.1715733187473,28095,3.51756381988525
394,8.35032131446209,32,20.4800588704746,28127,3.51756381988525
395,13.2447585976506,51,19.4233327881149,28178,3.51756381988525
396,25.9929415973617,62,19.6640321106358,28240,3.51756381988525
397,17.9129323982733,72,19.4526508504921,28312,3.51756381988525
398,13.8546285469417,70,18.4345084968546,28382,3.51756381988525
399,-20.3625685877703,50,14.769982293874,28432,3.51756381988525
400,6.07553810764374,33,12.7611860001561,28465,3.51756381988525
401,20.3992604893745,60,12.408495059117,28525,3.51756381988525
402,3.45952452882851,72,11.6145167786289,28597,3.51756381988525
403,30.6760924012777,59,11.9603429394044,28656,3.51756381988525
404,23.5716275911707,42,13.4824735670752,28698,3.51756381988525
405,31.8344869085214,59,15.3414463981623,28757,3.51756381988525
406,14.9807996728785,47,14.240232205714,28804,3.51756381988525
407,11.1674628254375,76,13.5656852484304,28880,3.51756381988525
408,13.1699146388772,62,13.4972138576239,28942,3.51756381988525
409,11.9530193745566,39,16.7287726538566,28981,3.51756381988525
410,7.35466732117459,37,16.8566855752097,29018,3.51756381988525
411,6.21439166179401,72,15.4381986924517,29090,3.51756381988525
412,-36.2615563264077,56,11.466090606928,29146,3.51756381988525
413,31.0617201058818,78,11.5046533773885,29224,3.51756381988525
414,11.5699402898343,37,10.3044846472548,29261,3.51756381988525
415,7.70059883101924,53,7.8910958395046,29314,3.51756381988525
416,22.4968812626609,48,8.64270399848284,29362,3.51756381988525
417,7.35251011480859,34,8.26120872741995,29396,3.51756381988525
418,7.9267955225594,32,7.73689681578817,29428,3.51756381988525
419,13.1998597474172,80,7.86158085307424,29508,3.51756381988525
420,-23.886423593644,62,4.73747176159238,29570,3.51756381988525
421,13.9411671032882,72,5.5101493057418,29642,3.51756381988525
422,21.8064207478933,55,11.3169470131719,29697,3.51756381988525
423,34.8640363148772,77,11.6971786340714,29774,3.51756381988525
424,36.9197237818285,70,14.2321569832709,29844,3.51756381988525
425,29.5906679279014,54,16.4211638929591,29898,3.51756381988525
426,4.57188050206306,74,14.6286638168993,29972,3.51756381988525
427,23.4943854916161,67,16.24285135458,30039,4.09035158157349
428,6.23748741928065,70,16.0739205442522,30109,4.09035158157349
429,34.8097501724695,80,18.2349095867574,30189,4.09035158157349
430,16.2128982527134,82,22.2448417713931,30271,4.09035158157349
431,-8.09207724371107,58,20.0415173366932,30329,4.09035158157349
432,22.3204112158428,47,20.0929163834882,30376,4.09035158157349
433,13.7739293726371,70,17.9839056892641,30446,4.09035158157349
434,18.1397331037515,48,16.1059066214564,30494,4.09035158157349
435,5.51218337311418,69,13.6980581659777,30563,4.09035158157349
436,16.5465090840235,84,14.8955210241738,30647,4.09035158157349
437,-17.1790104076348,51,10.8281814342487,30698,4.09035158157349
438,20.4974230089219,59,12.2541749932128,30757,4.09035158157349
439,-2.88199403203137,42,8.48500057276271,30799,4.09035158157349
440,28.9423456679514,70,9.75794531428651,30869,4.09035158157349
441,6.70434044140189,78,11.2375870827978,30947,4.09035158157349
442,21.949231453621,71,11.2004691065756,31018,4.09035158157349
443,23.9461926467386,65,12.2176954339858,31083,4.09035158157349
444,-21.8591279484981,50,8.21780932876081,31133,4.09035158157349
445,21.5960965967106,57,9.82620065112045,31190,4.09035158157349
446,3.72086299176188,61,8.54363604189428,31251,4.09035158157349
447,5.85575295929172,73,10.8471123785869,31324,4.09035158157349
448,13.8553246736442,65,10.1829025450592,31389,4.09035158157349
449,13.3098418560199,63,11.8020861338643,31452,4.09035158157349
450,40.216832339458,64,12.929534801015,31516,4.09035158157349
451,19.9614270702303,46,14.2552434638978,31562,4.09035158157349
452,37.3558104978756,76,15.7959013683233,31638,4.09035158157349
453,21.854776349187,65,15.5867597385681,31703,4.09035158157349
454,22.8419247569182,69,20.0568650091097,31772,4.09035158157349
455,35.9254859306544,67,21.4898039425041,31839,4.09035158157349
456,-1.55271172467063,40,20.9624464708609,31879,4.09035158157349
457,25.6479451838736,74,22.9416656933191,31953,4.09035158157349
458,32.2440907166865,65,24.7805422976233,32018,4.09035158157349
459,23.7686701846405,66,25.8264251304853,32084,4.09035158157349
460,8.23082650973838,59,22.6278245475134,32143,4.09035158157349
461,21.2922812026283,55,22.7609099607532,32198,4.09035158157349
462,0.166075237680029,57,19.0419364347336,32255,4.09035158157349
463,15.3042801523767,76,18.3868868150526,32331,4.09035158157349
464,12.5869985017392,69,17.3613941895347,32400,4.09035158157349
465,22.1857274652465,57,15.9874183429939,32457,4.09035158157349
466,29.0145972418728,47,19.0441492396482,32504,4.09035158157349
467,0.924540944627417,59,16.5718088157236,32563,4.62060928344727
468,20.9319365388412,56,15.4405933979391,32619,4.62060928344727
469,14.4729292616924,82,14.5110193056443,32701,4.62060928344727
470,8.91775811495471,34,14.5797124661659,32735,4.62060928344727
471,91.7426000476696,149,21.6247443506701,32884,4.62060928344727
472,120.081590629527,295,33.6162958898547,33179,4.62060928344727
473,118.708614002025,305,43.9567292748195,33484,4.62060928344727
474,41.179830904169,87,46.8160125150625,33571,4.62060928344727
475,35.3930046407553,282,48.1367402326134,33853,4.62060928344727
476,76.2653911506109,132,52.8618196234872,33985,4.62060928344727
477,36.6808461000663,117,56.4374501390311,34102,4.62060928344727
478,156.420787197981,306,69.986335204945,34408,4.62060928344727
479,141.521257795288,304,82.6911680583046,34712,4.62060928344727
480,40.6028573368947,62,85.8596779804986,34774,4.62060928344727
481,82.3802920664923,292,84.9234471823808,35066,4.62060928344727
482,114.273142035176,326,84.3426023229458,35392,4.62060928344727
483,22.4047409113907,278,74.7122150138824,35670,4.62060928344727
484,56.4422387024419,269,76.2384557937097,35939,4.62060928344727
485,24.5799992459371,102,75.1571552542278,36041,4.62060928344727
486,45.3604466556822,265,72.066660804735,36306,4.62060928344727
487,80.9296181367167,111,76.4915380084,36417,4.62060928344727
488,15.0208339827613,52,62.351542686878,36469,4.62060928344727
489,126.597706093544,296,60.8591875167036,36765,4.62060928344727
490,75.2767293752682,94,64.326574720541,36859,4.62060928344727
491,111.360108631111,366,67.2245563770028,37225,4.62060928344727
492,84.3860783071728,281,64.2358500042025,37506,4.62060928344727
493,102.138813804079,300,72.2092572934714,37806,4.62060928344727
494,102.493608589923,423,76.8143942822195,38229,4.62060928344727
495,40.3647701484932,298,78.3928713724751,38527,4.62060928344727
496,85.3284854820592,112,82.3896752551128,38639,4.62060928344727
497,56.4169233084107,100,79.9384057722822,38739,5.32666969299316
498,100.771326661134,297,88.5134550401195,39036,5.32666969299316
499,44.1056563460354,109,80.2642500653687,39145,5.32666969299316
500,163.937472849426,355,89.1303244127844,39500,5.32666969299316
501,2.94703830013241,102,78.2890173796866,39602,5.32666969299316
502,83.8563007352522,279,78.2360396224945,39881,5.32666969299316
503,163.91742526875,325,84.4139007689617,40206,5.32666969299316
504,33.0778023924145,97,77.4723201492108,40303,5.32666969299316
505,126.090445031624,326,86.0448876375238,40629,5.32666969299316
506,27.9276747915935,68,80.3048065684773,40697,5.32666969299316
507,45.1142007305655,184,79.1745343106927,40881,5.32666969299316
508,44.9602725556928,78,73.5934289001486,40959,5.32666969299316
509,106.314090682791,308,79.8142723338241,41267,5.32666969299316
510,-3.28891089189322,266,63.0916339596923,41533,5.32666969299316
511,88.9254583833295,247,71.689475968012,41780,5.32666969299316
512,61.3014725078188,85,69.4339931452686,41865,5.32666969299316
513,179.499894206894,429,70.992240039083,42294,5.32666969299316
514,37.7135800354611,101,71.4558178033877,42395,5.32666969299316
515,55.8030265877542,194,64.4270759590007,42589,5.32666969299316
516,11.2238662824692,95,62.7566951080883,42684,5.32666969299316
517,24.010743932943,71,60.6463494283261,42755,5.32666969299316
518,84.4613482154081,214,64.5964569942976,42969,5.32666969299316
519,35.8450143375886,89,57.5495493597774,43058,5.32666969299316
520,74.0975042217744,124,65.2881908711441,43182,5.32666969299316
521,85.7635459443829,247,64.9719996272495,43429,5.32666969299316
522,15.257787606537,95,60.3676311371213,43524,5.32666969299316
523,135.625593570472,294,55.980201073479,43818,5.32666969299316
524,89.393419783212,123,61.1481850482541,43941,5.32666969299316
525,48.7093912002452,175,60.4388215095032,44116,5.32666969299316
526,145.972108031178,220,73.9136456843741,44336,5.32666969299316
527,83.4533154750096,219,79.8579028385807,44555,5.32666969299316
528,41.2592085306433,85,75.5376888701042,44640,5.32666969299316
529,20.0233531890828,118,73.9555227552537,44758,5.32666969299316
530,44.3736445628703,95,70.9831367893632,44853,5.32666969299316
531,84.1008120955122,223,70.8168634044762,45076,6.07442378997803
532,109.421226967969,169,80.2332073406194,45245,6.07442378997803
533,37.5438374729617,96,70.4250317308684,45341,6.07442378997803
534,244.671910226769,719,85.9528807752241,46060,6.07442378997803
535,137.827057195278,305,94.8646473747274,46365,6.07442378997803
536,31.0237724119588,120,83.3698138128055,46485,6.07442378997803
537,83.3448491521015,134,83.3589671805147,46619,6.07442378997803
538,62.6779731174413,193,85.5008436391945,46812,6.07442378997803
539,28.1154326012306,122,86.3100515804093,46934,6.07442378997803
540,38.8298277109564,175,85.7556698952179,47109,6.07442378997803
541,51.378812690777,195,82.4834699547444,47304,6.07442378997803
542,37.2855933389331,126,75.2699065918408,47430,6.07442378997803
543,100.428392545622,278,81.5583620991068,47708,6.07442378997803
544,49.8166323063875,144,62.0728343070687,47852,6.07442378997803
545,161.462247069919,298,64.4363532945327,48150,6.07442378997803
546,124.74830522832,258,73.8088065761689,48408,6.07442378997803
547,136.254825417021,276,79.0998042026608,48684,6.07442378997803
548,32.7804020844095,94,76.1100470993576,48778,6.07442378997803
549,21.1988308818433,102,75.4183869274189,48880,6.07442378997803
550,48.5342324837398,133,76.3888274046972,49013,6.07442378997803
551,48.0039675898248,179,76.051342894602,49192,6.07442378997803
552,54.6306404045688,124,77.7858476011656,49316,6.07442378997803
553,35.7513869072733,92,71.3181470373307,49408,6.07442378997803
554,160.697047384336,420,82.4061885451255,49828,6.07442378997803
555,97.1556678685752,299,75.9755306249912,50127,6.07442378997803
556,193.052278505781,360,82.8059279527372,50487,6.07442378997803
557,209.763427398875,466,90.1567881509227,50953,6.07442378997803
558,110.969667869345,283,97.9757147294162,51236,6.07442378997803
559,91.4435247811966,235,105.000184119352,51471,6.07442378997803
560,104.065208006832,157,110.553281671661,51628,6.07442378997803
561,495.089988807661,1320,155.261883793444,52948,6.87736797332764
562,144.448061970272,334,164.243625950015,53282,6.87736797332764
563,204.622997355456,370,181.130786994833,53652,6.87736797332764
564,53.5882979503221,116,170.419912051432,53768,6.87736797332764
565,106.989245197453,269,171.403269784319,54037,6.87736797332764
566,123.516621758241,255,164.449704109565,54292,6.87736797332764
567,39.6337404184869,87,147.436735411527,54379,6.87736797332764
568,63.7742993498466,115,142.717198559577,54494,6.87736797332764
569,91.6611737357202,136,142.738963455029,54630,6.87736797332764
570,122.908390993049,260,144.623281753651,54890,6.87736797332764
571,31.613698751882,115,98.2756527480729,55005,6.87736797332764
572,137.571583003616,319,97.5880048514073,55324,6.87736797332764
573,77.6280736620308,108,84.8885124820648,55432,6.87736797332764
574,60.6006976502772,137,85.5897524520603,55569,6.87736797332764
575,105.661991515933,343,85.4570270839083,55912,6.87736797332764
576,198.355457019038,410,92.940910609988,56322,6.87736797332764
577,85.6514374017383,142,97.5426803083131,56464,6.87736797332764
578,190.856984757491,434,110.250948849078,56898,6.87736797332764
579,126.764499415131,369,113.761281417019,57267,6.87736797332764
580,93.8898107122652,146,110.85942338894,57413,6.87736797332764
581,226.751801430219,423,130.373233656774,57836,6.87736797332764
582,174.696324207005,409,134.085707777113,58245,6.87736797332764
583,148.80996277773,332,141.203896688683,58577,6.87736797332764
584,53.2018160379899,157,140.464008527454,58734,6.87736797332764
585,55.2327247849996,193,135.421081854361,58927,6.87736797332764
586,154.483358678561,369,131.033872020313,59296,6.87736797332764
587,143.879601800232,393,136.856688460162,59689,6.87736797332764
588,31.5714213567321,111,120.928132120086,59800,6.87736797332764
589,136.427695661319,385,121.894451744705,60185,6.87736797332764
590,209.858805985453,680,133.491351272024,60865,6.87736797332764
591,81.5605428273532,314,118.972225411737,61179,6.87736797332764
592,47.1123100524189,112,106.213823996279,61291,6.87736797332764
593,82.9574237574571,326,99.6285700942516,61617,7.95647811889648
594,145.322286752428,183,108.840617165695,61800,7.95647811889648
595,107.420035723669,150,114.059348259562,61950,7.95647811889648
596,165.959319878014,417,115.206944379508,62367,7.95647811889648
597,113.217727908586,329,112.140756990343,62696,7.95647811889648
598,90.8386978320399,315,118.067484637874,63011,7.95647811889648
599,86.0454109479511,332,113.029256166537,63343,7.95647811889648
600,100.894984014291,151,102.132873969421,63494,7.95647811889648
601,41.9945636788602,97,98.1762760545714,63591,7.95647811889648
602,92.8077846211035,348,102.74582351144,63939,7.95647811889648
603,172.485668435666,436,111.698647979261,64375,7.95647811889648
604,101.586457705615,354,107.32506507458,64729,7.95647811889648
605,137.34009638262,253,110.317071140475,64982,7.95647811889648
606,116.681397041237,148,105.389278856797,65130,7.95647811889648
607,40.450754836916,142,98.1125815496299,65272,7.95647811889648
608,66.9520866006828,179,95.7239204264942,65451,7.95647811889648
609,115.139234136906,173,98.6333027453897,65624,7.95647811889648
610,20.5941956189107,97,90.6032239058517,65721,7.95647811889648
611,5.73664991056753,114,86.9774325290224,65835,7.95647811889648
612,34.0522945963469,147,81.1018835265468,65982,7.95647811889648
613,18.9881654455356,131,65.7521332275337,66113,7.95647811889648
614,125.294195947958,272,68.1229070517681,66385,7.95647811889648
615,77.4826275568711,132,62.1371601691932,66517,7.95647811889648
616,195.288556511264,389,69.997876116196,66906,7.95647811889648
617,200.006505525957,345,85.9534511851,67251,7.95647811889648
618,39.2305844566457,110,83.1813009706963,67361,7.95647811889648
619,41.8149580990862,100,75.8488733669143,67461,7.95647811889648
620,65.9446024009812,208,80.3839140451214,67669,7.95647811889648
621,26.7418095491862,110,82.4844300089832,67779,7.95647811889648
622,92.5032118091231,195,88.3295217302609,67974,7.95647811889648
623,70.5347361539644,298,93.4841788011037,68272,7.95647811889648
624,49.0865688502574,133,85.8634160913336,68405,7.95647811889648
625,39.8659101577559,87,82.1017443514221,68492,7.95647811889648
626,29.1549681823526,120,65.488385518531,68612,7.95647811889648
627,28.2447424025418,155,48.3122092061895,68767,7.95647811889648
628,42.2968168304117,178,48.6188324435661,68945,8.9567699432373
629,72.2349211049532,177,51.6608287441528,69122,8.9567699432373
630,57.7552257750609,221,50.8418910815607,69343,8.9567699432373
631,22.5726669950961,135,50.4249768261517,69478,8.9567699432373
632,95.5514177019111,200,50.7297974154305,69678,8.9567699432373
633,135.569808549518,186,57.2333046549859,69864,8.9567699432373
634,155.616228963052,349,67.8862706662654,70213,8.9567699432373
635,138.008285399062,343,77.700508190396,70556,8.9567699432373
636,15.2099742880958,121,76.3060088009704,70677,8.9567699432373
637,74.5933591038029,309,80.9408704710965,70986,8.9567699432373
638,138.279595821308,169,90.5391483701861,71155,8.9567699432373
639,23.8068074081175,109,85.6963370005026,71264,8.9567699432373
640,150.364881755879,180,94.9573025985844,71444,8.9567699432373
641,83.246820062563,337,101.024717905331,71781,8.9567699432373
642,28.9597948619667,96,94.3655556213366,71877,8.9567699432373
643,112.445539486911,307,92.0531287150759,72184,8.9567699432373
644,86.3903601764621,308,85.1305418364169,72492,8.9567699432373
645,121.896786214388,358,83.5193919179494,72850,8.9567699432373
646,15.1543851478577,124,83.5138330039256,72974,8.9567699432373
647,31.3065227032348,100,79.1851493638688,73074,8.9567699432373
648,89.4930548475185,279,74.3064952664898,73353,8.9567699432373
649,260.958017514791,458,98.0216162771572,73811,8.9567699432373
650,12.613544062424,140,84.2464825078116,73951,8.9567699432373
651,79.9650172874693,268,83.9183022303023,74219,8.9567699432373
652,109.108839524421,319,91.9332066965477,74538,8.9567699432373
653,19.9207589213154,106,82.6807286399881,74644,8.9567699432373
654,142.6010696156,405,88.3017995839019,75049,8.9567699432373
655,35.914264557344,88,79.7035474181975,75137,8.9567699432373
656,41.7062053719201,288,82.3587294406038,75425,8.9567699432373
657,59.273357400848,259,85.1554129103651,75684,8.9567699432373
658,-1.85990816049279,100,76.020116609564,75784,8.9567699432373
659,33.0332287305736,73,53.2276377311422,75857,8.9567699432373
660,66.2680192843636,130,58.5930852533362,75987,8.9567699432373
661,3.18896893178513,100,50.9154804177678,76087,8.9567699432373
662,42.1328114558523,76,44.217877610911,76163,8.9567699432373
663,122.799257617206,327,54.5057274805,76490,10.3108892440796
664,43.4268864211638,121,44.5883091610564,76611,10.3108892440796
665,55.1831800737287,149,46.5152007126949,76760,10.3108892440796
666,90.4213155635429,117,51.3867117318571,76877,10.3108892440796
667,67.5897971882391,108,52.2183557105963,76985,10.3108892440796
668,79.2312675464064,106,60.3274732812862,77091,10.3108892440796
669,105.166193925523,142,67.5407698007811,77233,10.3108892440796
670,63.1894080191362,276,67.2329086742583,77509,10.3108892440796
671,63.4790503164863,92,73.2619168127284,77601,10.3108892440796
672,85.6526756123576,118,77.613903228379,77719,10.3108892440796
673,108.208006960975,550,76.1547781627559,78269,10.3108892440796
674,55.4396549914446,102,77.356055019784,78371,10.3108892440796
675,61.8081818207887,150,78.0185551944899,78521,10.3108892440796
676,91.3350709936925,546,78.1099307375049,79067,10.3108892440796
677,116.026803036069,142,82.9536313222879,79209,10.3108892440796
678,167.906023430059,467,91.8211069106532,79676,10.3108892440796
679,37.2440275324063,82,85.0288902713416,79758,10.3108892440796
680,23.0985065788235,137,81.0198001273103,79895,10.3108892440796
681,124.690963418706,428,87.1409914375322,80323,10.3108892440796
682,84.9203329027866,216,87.0677571665751,80539,10.3108892440796
683,21.8136906525562,112,78.4283255357332,80651,10.3108892440796
684,116.488664530148,375,84.5332264896035,81026,10.3108892440796
685,22.3237166237716,120,80.5847799699018,81146,10.3108892440796
686,73.7346152046503,371,78.8247343909976,81517,10.3108892440796
687,48.5395226806607,158,72.0760063554568,81675,10.3108892440796
688,22.6270755675736,99,57.5481115692082,81774,10.3108892440796
689,80.4529134959547,129,61.869000165563,81903,10.3108892440796
690,74.9935854985147,142,67.0585080575322,82045,10.3108892440796
691,103.268010818341,359,64.9162127974957,82404,10.3108892440796
692,143.780729778144,180,70.8022524850315,82584,10.3108892440796
693,116.242096441826,360,80.2450930639584,82944,10.3108892440796
694,21.8754101460506,120,70.7837676255487,83064,10.3108892440796
695,129.22074059724,394,81.4734700228956,83458,10.3108892440796
696,136.477643643333,401,87.7477728667639,83859,11.6914205551147
697,48.1764369532993,126,87.7114642940277,83985,11.6914205551147
698,47.0919932693534,103,90.1579560642057,84088,11.6914205551147
699,43.607884200847,100,86.4734531346949,84188,11.6914205551147
700,118.629583677985,372,90.837052952642,84560,11.6914205551147
701,86.2707280906961,350,89.1373246798774,84910,11.6914205551147
702,341.549177264388,552,108.914169428502,85462,11.6914205551147
703,149.233041608257,386,112.213263945145,85848,11.6914205551147
704,30.7050351789537,109,113.096226448435,85957,11.6914205551147
705,102.981858841648,343,110.472338272876,86300,11.6914205551147
706,39.721998769881,154,100.796773785531,86454,11.6914205551147
707,162.917787511268,208,112.270908841328,86662,11.6914205551147
708,45.0989167394362,102,112.071601188336,86764,11.6914205551147
709,305.096500146717,496,138.220462782923,87260,11.6914205551147
710,24.2568227826581,93,128.78318669339,87353,11.6914205551147
711,132.791548982584,171,133.435268782579,87524,11.6914205551147
712,180.564042361789,618,117.336755292319,88142,11.6914205551147
713,36.7318150076989,76,106.086632632263,88218,11.6914205551147
714,35.1412461840001,88,106.530253732768,88306,11.6914205551147
715,99.0448225430501,143,106.136550102908,88449,11.6914205551147
716,35.0661165636019,103,105.67096188228,88552,11.6914205551147
717,212.627073806576,408,110.641890511811,88960,11.6914205551147
718,70.1753621019582,530,113.149535048063,89490,11.6914205551147
719,151.82033934706,359,97.8219189680976,89849,11.6914205551147
720,35.5811928986444,95,98.9543559796962,89944,11.6914205551147
721,97.1601907769343,342,95.3912201591313,90286,11.6914205551147
722,202.449517825201,250,97.5797677054725,90536,11.6914205551147
723,30.8546010223182,155,96.9920463069344,90691,11.6914205551147
724,160.298150624622,377,109.507736750997,91068,13.2060747146606
725,118.799219700739,343,111.483176466765,91411,13.2060747146606
726,167.010874194932,409,124.677652229898,91820,13.2060747146606
727,26.0014883198306,113,106.015093681224,91933,13.2060747146606
728,132.654206145078,413,112.262978085536,92346,13.2060747146606
729,115.810401113632,284,108.661984262193,92630,13.2060747146606
730,173.418355610063,364,122.445700533335,92994,13.2060747146606
731,110.573980446612,358,123.787079500303,93352,13.2060747146606
732,351.059524588201,582,138.648080176603,93934,13.2060747146606
733,49.55609337154,98,140.518229411525,94032,13.2060747146606
734,149.005782868982,347,139.388992635961,94379,13.2060747146606
735,152.315495938814,414,142.740620259768,94793,13.2060747146606
736,91.6045872727553,119,135.199991567551,94912,13.2060747146606
737,227.18935061585,453,155.318777797153,95365,13.2060747146606
738,25.4575923004978,144,144.599116412695,95509,13.2060747146606
739,149.521807193109,410,147.970257020642,95919,13.2060747146606
740,100.82067921472,148,140.710489381108,96067,13.2060747146606
741,29.5744984119786,170,132.610541177645,96237,13.2060747146606
742,297.032874331393,967,127.207876151964,97204,13.2060747146606
743,174.386850628099,823,139.69095187762,98027,13.2060747146606
744,30.3611701062066,100,127.826490601342,98127,13.2060747146606
745,125.284655678791,201,125.12340657534,98328,13.2060747146606
746,48.8667450481356,401,120.849622352878,98729,13.2060747146606
747,417.944283392945,1393,139.925115630588,100122,14.5310497283936
748,483.13489743391,1657,185.692846143929,101779,14.5310497283936
749,339.509941377176,1099,204.691659562335,102878,14.5310497283936
750,300.399576657921,1009,224.649549306656,103887,14.5310497283936
751,95.3165445386741,400,231.223753919325,104287,14.5310497283936
752,346.548010755351,1652,236.175267561721,105939,14.5310497283936
753,244.501104079034,683,243.186692906814,106622,14.5310497283936
754,331.63821496203,1274,273.314397392397,107896,14.5310497283936
755,48.0212156410406,98,265.588053388622,107994,14.5310497283936
756,338.269333128653,1029,294.528312196673,109023,14.5310497283936
757,246.98627112259,728,277.432510969638,109751,14.5310497283936
758,140.099867244749,196,243.129007950722,109947,14.5310497283936
759,58.2530462964737,185,215.003318442652,110132,14.5310497283936
760,365.471280226917,1442,221.510488799551,111574,14.5310497283936
761,266.348453423979,701,238.613679688082,112275,14.5310497283936
762,432.290120435154,1364,247.187890656062,113639,14.5310497283936
763,58.1323819015798,190,228.551018438317,113829,14.5310497283936
764,115.992408962106,398,206.986437838324,114227,14.5310497283936
765,69.9078755515339,460,209.175103829374,114687,14.5310497283936
766,305.659707589073,1121,205.914141275416,115808,14.5310497283936
767,147.64885451591,216,195.980399614748,116024,14.5310497283936
768,229.139399799257,1030,204.884352870198,117054,14.5310497283936
769,89.87718983251,144,208.046767223802,117198,14.5310497283936
770,648.163520037784,2500,236.315991204889,119698,15.8988132476807
771,59.4452252797764,119,215.625668390468,119817,15.8988132476807
772,132.771149170872,582,185.67377126404,120399,15.8988132476807
773,435.949380967451,1530,223.455471170627,121929,15.8988132476807
774,113.091383820953,461,223.165368656512,122390,15.8988132476807
775,773.607158810206,2500,293.535296982379,124890,15.8988132476807
776,790.449841920105,2500,342.014310415482,127390,15.8988132476807
777,345.83983885296,1228,361.833408849187,128618,15.8988132476807
778,419.74218851433,1588,380.893687720695,130206,15.8988132476807
779,808.138712980707,2500,452.719840035514,132706,15.8988132476807
780,758.756641125148,2500,463.779152144251,135206,15.8988132476807
781,244.647957261767,1051,482.29942534245,136257,15.8988132476807
782,460.646630245423,1624,515.086973449905,137881,15.8988132476807
783,133.796270032252,784,484.871662356385,138665,15.8988132476807
784,221.070831819894,881,495.669607156279,139546,15.8988132476807
785,103.418332430771,319,428.650724518336,139865,15.8988132476807
786,393.935185881829,1688,388.999258914508,141553,15.8988132476807
787,637.530238622775,2362,418.16829889149,143915,15.8988132476807
788,434.596620501127,2112,419.653742090169,146027,15.8988132476807
789,183.866104523323,669,357.226481244431,146696,15.8988132476807
790,441.683598943291,1712,325.519177026245,148408,15.8988132476807
791,63.7921156984278,107,307.433592869911,148515,15.8988132476807
792,202.892097620386,1146,281.658139607408,149661,16.8933162689209
793,215.645171351285,867,289.843029739311,150528,16.8933162689209
794,183.444008585516,848,286.080347415873,151376,16.8933162689209
795,130.629481660818,772,288.801462338878,152148,16.8933162689209
796,148.561556768223,433,264.264099427517,152581,16.8933162689209
797,519.667220923891,2024,252.477797657629,154605,16.8933162689209
798,114.854363152214,394,220.503571922737,154999,16.8933162689209
799,550.941193746238,2023,257.211080845029,157022,16.8933162689209
800,620.447344909868,2500,275.087455441687,159522,16.8933162689209
801,208.795331486569,1199,289.587777020501,160721,16.8933162689209
802,248.453518524449,570,294.143919110907,161291,16.8933162689209
803,405.454764351411,1662,313.12487841092,162953,16.8933162689209
804,236.380277638867,684,318.418505316255,163637,16.8933162689209
805,454.135383742771,1855,350.76909552445,165492,16.8933162689209
806,156.889181217117,1254,351.601857969339,166746,16.8933162689209
807,235.54377876078,793,323.189513753028,167539,16.8933162689209
808,198.502580735381,943,331.554335511345,168482,16.8933162689209
809,308.449557558777,959,307.305171892599,169441,16.8933162689209
810,525.612203770572,2500,297.821657778669,171941,16.8933162689209
811,87.0980660191745,1059,285.65193123193,173000,16.8933162689209
812,347.769291738818,1174,295.583508553367,174174,16.8933162689209
813,180.09229227969,760,273.047261346195,174934,16.8933162689209
814,125.11802099365,186,261.921035681673,175120,16.8933162689209
815,167.701254779219,1948,233.277622785318,177068,17.7860527038574
816,145.741934236825,2043,232.162898087289,179111,17.7860527038574
817,348.803801663288,2500,243.488900377539,181611,17.7860527038574
818,389.129609643796,2117,262.551603268381,183728,17.7860527038574
819,116.612478998456,2500,243.367895412349,186228,17.7860527038574
820,141.445367973113,1623,204.951211832603,187851,17.7860527038574
821,182.197469014335,773,214.461152132119,188624,17.7860527038574
822,364.746120383399,2254,216.158834996577,190878,17.7860527038574
823,435.710855736834,1563,241.720691342291,192441,17.7860527038574
824,253.881828907175,1463,254.597072133644,193904,17.7860527038574
825,387.929064919799,1056,276.619853147702,194960,17.7860527038574
826,358.525390919788,2464,297.898198815998,197424,17.7860527038574
827,95.9617593129729,1036,272.613994580967,198460,17.7860527038574
828,85.7942132972595,317,242.280454946313,198777,17.7860527038574
829,219.901387769243,1583,252.609345823392,200360,17.7860527038574
830,172.376619895349,423,255.702471015615,200783,17.7860527038574
831,154.644470866997,1100,252.947171200882,201883,17.7860527038574
832,261.649220777592,745,242.637481240301,202628,17.7860527038574
833,516.121338129665,2500,250.678529479584,205128,17.7860527038574
834,156.149989993772,547,240.905345588244,205675,17.7860527038574
835,71.715853897152,1984,209.284024485979,207659,17.7860527038574
836,208.755776076108,536,194.307063001611,208195,17.7860527038574
837,162.825471119348,1027,200.993434182249,209222,18.8183250427246
838,92.495436282936,327,201.663556480816,209549,18.8183250427246
839,469.747723927219,2500,226.648190096614,212049,18.8183250427246
840,79.5576456559623,342,217.366292672675,212391,18.8183250427246
841,66.4704458528996,349,208.548890171265,212740,18.8183250427246
842,79.4091900353853,394,190.324887097045,213134,18.8183250427246
843,69.0016161762823,146,145.612914901707,213280,18.8183250427246
844,155.623313353141,1637,145.560247237643,214917,18.8183250427246
845,334.735887607887,2500,171.862250608717,217417,18.8183250427246
846,284.736909533011,1277,179.460363954407,218694,18.8183250427246
847,183.416625088527,2500,181.519479351325,221194,18.8183250427246
848,264.811633964082,728,198.75109911944,221922,18.8183250427246
849,3.37002018182651,2500,152.1133287449,224422,18.8183250427246
850,128.363360698229,161,156.993900249127,224583,18.8183250427246
851,374.609431123392,2500,187.807798776176,227083,18.8183250427246
852,419.705323313116,2500,221.837412103949,229583,18.8183250427246
853,344.136554348045,2500,249.350905921126,232083,18.8183250427246
854,349.876440414227,2500,268.776218627234,234583,18.8183250427246
855,426.145974811736,2464,277.917227347619,237047,18.8183250427246
856,79.1830424440156,2500,257.36184063872,239547,18.8183250427246
857,203.134775181837,819,259.333655648051,240366,18.8183250427246
858,66.2181487624485,123,239.474307127887,240489,18.8183250427246
859,90.7841596503928,334,248.215721074744,240823,18.8183250427246
860,103.992097109059,407,245.778594715827,241230,18.8183250427246
861,162.02971252852,672,224.52062285634,241902,18.8183250427246
862,393.608687495208,1707,221.910959274549,243609,19.5273761749268
863,363.592069879698,2136,223.856510827714,245745,19.5273761749268
864,299.382500005398,2500,218.807116786831,248245,19.5273761749268
865,230.345285653889,2500,199.227047871047,250745,19.5273761749268
866,378.955450607297,2500,229.204288687375,253245,19.5273761749268
867,164.929089066093,2500,225.3837200758,255745,19.5273761749268
868,207.590705611573,838,239.520975760713,256583,19.5273761749268
869,67.0828818607051,118,237.150847981744,256701,19.5273761749268
870,318.101840827212,2500,258.561822353559,259201,19.5273761749268
871,162.810168082018,768,258.639867908909,259969,19.5273761749268
872,353.981955696545,2500,254.677194729043,262469,19.5273761749268
873,462.023052718655,2500,264.520293012938,264969,19.5273761749268
874,354.356103864427,2500,270.017653398841,267469,19.5273761749268
875,236.44445712557,2500,270.627570546009,269969,19.5273761749268
876,267.316929120896,2500,259.463718397369,272469,19.5273761749268
877,200.350921808105,634,263.00590167157,273103,19.5273761749268
878,283.184512828398,1492,270.565282393253,274595,19.5273761749268
879,209.028587360767,2500,284.759852943259,277095,19.5273761749268
880,304.610222831344,1432,283.410691143673,278527,19.5273761749268
881,171.327027219211,584,284.262377057392,279111,19.5690498352051
882,210.744450219243,2500,269.938626509662,281611,19.5690498352051
883,249.581135183089,902,248.694434756105,282513,19.5690498352051
884,70.9638326117181,426,220.355207630834,282939,19.5690498352051
885,338.611259170535,796,230.571887835331,283735,19.5690498352051
886,113.915473924956,713,215.231742315737,284448,19.5690498352051
887,134.967176142741,415,208.6933677492,284863,19.5690498352051
888,182.526119903829,617,198.627528456743,285480,19.5690498352051
889,144.070020190994,779,192.131671739766,286259,19.5690498352051
890,86.6173153555677,411,170.332380992188,286670,19.5690498352051
891,357.17775726718,2500,188.917453996985,289170,19.5690498352051
892,190.49901005493,1348,186.892909980554,290518,19.5690498352051
893,98.8014900237717,2500,171.814945464622,293018,19.5690498352051
894,136.665629862341,1432,178.385125189685,294450,19.5690498352051
895,234.286311679183,2500,167.952630440549,296950,19.5690498352051
896,89.1196681701304,549,165.473049865067,297499,19.5690498352051
897,23.3667899279526,2500,154.313011243588,299999,19.5690498352051
898,267.401468377066,1345,162.800546090912,301344,19.5690498352051
899,89.0855503123079,272,157.302099103043,301616,19.5690498352051
900,175.727504089288,206,166.213117976415,301822,19.5690498352051
901,106.045731502635,141,141.099915399961,301963,19.5690498352051
902,126.702814949478,613,134.720295889415,302576,19.5690498352051
903,138.904357193949,542,138.730582606433,303118,19.5690498352051
904,123.393527567304,205,137.403372376929,303323,19.5690498352051
905,216.384868141771,605,135.613228023188,303928,19.5690498352051
906,191.066382898326,233,145.807899496008,304161,20.2383518218994
907,100.195397214571,266,153.49076022467,304427,20.2383518218994
908,134.257762110183,316,140.176389597981,304743,20.2383518218994
909,126.517133490791,336,143.91954791583,305079,20.2383518218994
910,124.569773838183,279,138.803774890719,305358,20.2383518218994
911,68.6815636931085,184,135.067358109766,305542,20.2383518218994
912,110.382962608258,296,133.435372875645,305838,20.2383518218994
913,178.803729389152,239,137.425310095165,306077,20.2383518218994
914,56.5160656416764,199,130.737563902602,306276,20.2383518218994
915,209.823113887355,489,130.08138847716,306765,20.2383518218994
916,37.4251416379538,100,114.717264351123,306865,20.2383518218994
917,158.6694517138,497,120.564669801046,307362,20.2383518218994
918,120.347997673401,190,119.173693357368,307552,20.2383518218994
919,114.232753329004,234,117.945255341189,307786,20.2383518218994
920,155.089462917448,196,120.997224249116,307982,20.2383518218994
921,181.24250640849,416,132.253318520654,308398,20.2383518218994
922,161.426660449265,301,137.357688304755,308699,20.2383518218994
923,85.9920681426113,115,128.076522180101,308814,20.2383518218994
924,51.8790528602749,172,127.61282090196,308986,20.2383518218994
925,203.46207231747,491,126.976716744972,309477,20.2383518218994
926,152.743427982866,288,138.508545379463,309765,20.2383518218994
927,66.7620975148772,235,129.317809959571,310000,20.2383518218994
928,283.319020979054,672,145.614912290136,310672,21.185525894165
929,50.6753850270679,164,139.259175459942,310836,21.185525894165
930,185.191148213668,535,142.269343989564,311371,21.185525894165
931,147.93016439342,483,138.938109788057,311854,21.185525894165
932,94.1947229178763,324,132.214916034919,312178,21.185525894165
933,74.053355901773,235,131.021044810835,312413,21.185525894165
934,90.647397101255,283,134.897879234933,312696,21.185525894165
935,299.670103970395,727,144.518682400225,313423,21.185525894165
936,192.662076279498,925,148.510547229889,314348,21.185525894165
937,213.509684624777,606,163.185305940879,314954,21.185525894165
938,157.103149151015,187,150.563718758075,315141,21.185525894165
939,67.1693765502957,136,152.213117910397,315277,21.185525894165
940,211.348965273786,560,154.828899616409,315837,21.185525894165
941,175.379998188614,541,157.573882995929,316378,21.185525894165
942,320.614130220321,1043,180.215823726173,317421,21.185525894165
943,164.26558801387,465,189.237046937383,317886,21.185525894165
944,166.741694147838,418,196.846476642041,318304,21.185525894165
945,156.530003835497,496,182.532466628551,318800,21.185525894165
946,122.816364355313,365,175.547895436133,319165,21.185525894165
947,263.58095858942,887,180.555022832597,320052,21.185525894165
948,154.9371425805,443,180.338422175546,320495,21.185525894165
949,285.919312499713,1317,202.213415770487,321812,21.185525894165
950,189.655553468932,395,200.044074590002,322207,21.185525894165
951,148.570541123923,482,197.363128883533,322689,22.3685855865479
952,129.660041025531,238,178.267719964054,322927,22.3685855865479
953,178.893477209212,677,179.730508883588,323604,22.3685855865479
954,163.467485101567,467,179.403087978961,324071,22.3685855865479
955,141.804534446764,467,177.930541040087,324538,22.3685855865479
956,177.278492702368,499,183.376753874793,325037,22.3685855865479
957,73.9849858560475,207,164.417156601456,325244,22.3685855865479
958,113.08268683669,178,160.231711027075,325422,22.3685855865479
959,138.13800050323,235,145.453579827426,325657,22.3685855865479
960,135.144229197108,259,140.002447400244,325916,22.3685855865479
961,52.4781108416518,182,130.393204372017,326098,22.3685855865479
962,264.921402265803,1051,143.919340496044,327149,22.3685855865479
963,182.844495289353,312,144.314442304058,327461,22.3685855865479
964,174.646448619856,515,145.432338655887,327976,22.3685855865479
965,98.3789410001931,315,141.08977931123,328291,22.3685855865479
966,176.145145274427,841,140.976444568436,329132,22.3685855865479
967,55.9985288708124,187,139.177798869912,329319,22.3685855865479
968,140.348594188087,533,141.904389605052,329852,22.3685855865479
969,263.916851438888,887,154.482274698618,330739,22.3685855865479
970,120.020012619421,294,152.969853040849,331033,22.3685855865479
971,176.706570435013,520,165.392699000185,331553,22.3685855865479
972,139.14140600372,354,152.814699373977,331907,22.3685855865479
973,131.837948045637,346,147.714044649605,332253,23.249418258667
974,167.226311582366,517,146.972030945856,332770,23.249418258667
975,56.4207440291427,180,142.776211248751,332950,23.249418258667
976,129.135948308173,289,138.075291552126,333239,23.249418258667
977,81.2141172414259,224,140.596850389187,333463,23.249418258667
978,102.071511055193,345,136.769142075898,333808,23.249418258667
979,232.945292659601,720,133.671986197969,334528,23.249418258667
980,54.1967487574442,202,127.089659811772,334730,23.249418258667
981,190.454847046129,544,128.464487472883,335274,23.249418258667
982,98.0457631221824,122,124.354923184729,335396,23.249418258667
983,339.865859078854,999,145.157714288051,336395,23.249418258667
984,139.095269971478,308,142.344610126962,336703,23.249418258667
985,310.084245582741,932,167.710960282322,337635,23.249418258667
986,124.310954443658,377,167.228460895871,338012,23.249418258667
987,109.531692312272,342,170.060218402955,338354,23.249418258667
988,123.913692927333,533,172.244436590169,338887,23.249418258667
989,210.509931826813,510,170.00090050689,339397,23.249418258667
990,99.2054898669437,265,174.50177461784,339662,23.249418258667
991,199.292582519299,231,175.385548165157,339893,23.249418258667
992,299.493713233624,648,195.530343176302,340541,23.249418258667
993,116.826938758968,294,173.226451144313,340835,23.249418258667
994,195.898221258433,653,178.906746273009,341488,23.249418258667
995,122.58814068912,322,160.157135783646,341810,23.249418258667
996,74.5993829076994,127,155.185978630051,341937,23.249418258667
997,216.925901315963,614,165.92539953042,342551,23.249418258667
998,73.4872960967804,225,160.882759847364,342776,24.0996742248535
999,136.173646086686,440,153.449131273352,343216,24.0996742248535
1000,65.6452076786259,198,150.09310305452,343414,24.0996742248535
1001,191.411720959291,502,149.305016898519,343916,24.0996742248535
1002,54.9878176310095,186,124.854427338258,344102,24.0996742248535
1003,165.89766568008,209,129.761500030369,344311,24.0996742248535
1004,67.5325589249966,205,116.924933797025,344516,24.0996742248535
1005,56.8903457865887,293,110.355154306772,344809,24.0996742248535
1006,178.618521081868,483,120.757068124189,345292,24.0996742248535
1007,206.95640410896,548,119.760118403489,345840,24.0996742248535
1008,106.45648354597,236,123.057037148408,346076,24.0996742248535
1009,106.928670266026,132,120.132539566342,346208,24.0996742248535
1010,55.4702916038949,117,119.115047958868,346325,24.0996742248535
1011,116.902338358072,140,111.664109698747,346465,24.0996742248535
1012,78.1801565396719,253,113.983343589613,346718,24.0996742248535
1013,297.698291797935,674,127.163406201398,347392,24.0996742248535
1014,251.275228838103,567,145.537673192709,347959,24.0996742248535
1015,46.620616971776,115,144.510700311228,348074,24.0996742248535
1016,213.319344033801,348,147.980782606421,348422,24.0996742248535
1017,86.2186151858959,237,135.907003714115,348659,24.0996742248535
1018,73.546086014551,319,132.615963960973,348978,24.0996742248535
1019,115.031135604714,360,133.426210494842,349338,25.0010013580322
1020,173.032534979356,559,145.182434832388,349897,25.0010013580322
1021,111.535802880888,340,144.645781284669,350237,25.0010013580322
1022,99.4590777357101,279,146.773673404273,350516,25.0010013580322
1023,217.216531456509,707,138.725497370131,351223,25.0010013580322
1024,176.877283397755,521,131.285702826096,351744,25.0010013580322
1025,202.76519427178,756,146.900160556096,352500,25.0010013580322
1026,285.480004516464,660,154.116226604362,353160,25.0010013580322
1027,122.534092946185,496,157.747774380391,353656,25.0010013580322
1028,168.616841141056,339,167.254849893042,353995,25.0010013580322
1029,349.20561276316,971,190.672297608886,354966,25.0010013580322
1030,136.799409096889,205,187.04898502064,355171,25.0010013580322
1031,180.82889916211,551,193.978294648762,355722,25.0010013580322
1032,103.005537181013,141,194.332940593292,355863,25.0010013580322
1033,104.104811096105,325,183.021768557252,356188,25.0010013580322
1034,214.146584720793,752,186.748698689556,356940,25.0010013580322
1035,169.552254984597,573,183.427404760837,357513,25.0010013580322
1036,286.053480038058,1047,183.484752312997,358560,25.0010013580322
1037,134.219104524681,509,184.653253470846,359069,25.0010013580322
1038,226.396214008908,629,190.431190757631,359698,25.0010013580322
1039,223.303241852853,893,177.840953666601,360591,25.0010013580322
1040,166.632196700065,568,180.824232426918,361159,25.0010013580322
1041,100.742530360401,311,172.815595546747,361470,25.0010013580322
1042,103.007587048505,297,172.815800533497,361767,25.0010013580322
1043,202.945278986925,509,182.699847322579,362276,25.9309787750244
1044,131.685528911926,299,174.453741741692,362575,25.9309787750244
1045,189.551166492165,519,176.453632892449,363094,25.9309787750244
1046,107.170627402589,133,158.565347628902,363227,25.9309787750244
1047,126.671077769838,387,157.810544953417,363614,25.9309787750244
1048,54.0154416817079,212,140.572467720697,363826,25.9309787750244
1049,134.399624825099,161,131.682106017922,363987,25.9309787750244
1050,89.4047207954664,143,123.959358427462,364130,25.9309787750244
1051,135.632389875066,363,127.448344378929,364493,25.9309787750244
1052,140.080619834566,166,131.155647657535,364659,25.9309787750244
1053,150.66382676298,516,125.92750243514,365175,25.9309787750244
1054,89.1499116214638,125,121.673940706094,365300,25.9309787750244
1055,94.9196825277928,163,112.210792309657,365463,25.9309787750244
1056,143.000088934747,497,115.793738462873,365960,25.9309787750244
1057,116.747891917444,286,114.801419877633,366246,25.9309787750244
1058,195.407559651492,522,128.940631674612,366768,25.9309787750244
1059,64.2025308000264,150,121.920922272104,366918,25.9309787750244
1060,145.569090552122,479,127.53735924777,367397,25.9309787750244
1061,71.9282633979328,94,121.166946600057,367491,25.9309787750244
1062,321.843034957582,992,139.343188112358,368483,25.9309787750244
1063,160.820625445057,516,140.358867980566,368999,25.9309787750244
1064,270.203602941681,621,158.464237112588,369620,26.7925777435303
1065,155.668624519932,481,164.539131311802,370101,26.7925777435303
1066,62.43656873855,234,156.482779292182,370335,26.7925777435303
1067,94.820956510392,317,154.290085751477,370652,26.7925777435303
1068,181.362201269819,473,152.885549913309,371125,26.7925777435303
1069,238.856331790453,590,170.350930012352,371715,26.7925777435303
1070,308.762601680824,657,186.670281125222,372372,26.7925777435303
1071,185.177187056731,667,197.995173491102,373039,26.7925777435303
1072,107.269950108723,305,176.537865006216,373344,26.7925777435303
1073,79.2342077823687,256,168.379223239947,373600,26.7925777435303
1074,67.2803044690945,195,148.086893392689,373795,26.7925777435303
1075,58.3324595814874,209,138.353276898844,374004,26.7925777435303
1076,168.335551136672,519,148.943175138656,374523,26.7925777435303
1077,133.56397871859,494,152.817477359476,375017,26.7925777435303
1078,230.720467330725,534,157.753303965567,375551,26.7925777435303
1079,104.889669453609,260,144.356637731882,375811,26.7925777435303
1080,61.2838687125741,192,119.608764435057,376003,26.7925777435303
1081,83.0216289007838,272,109.393208619463,376275,26.7925777435303
1082,234.893939558567,562,122.155607564447,376837,26.7925777435303
1083,192.846196230821,625,133.516806409292,377462,26.7925777435303
1084,196.357127429048,661,146.424488705288,378123,26.7925777435303
1085,176.419784490557,464,158.233221196195,378587,26.7925777435303
1086,147.528309690034,464,156.152497051531,379051,26.7925777435303
1087,240.963689004984,804,166.89246808017,379855,27.5304069519043
1088,258.209635861807,798,169.641384933279,380653,27.5304069519043
1089,176.596140209904,525,176.812032008908,381178,27.5304069519043
1090,102.587313586556,335,180.942376496306,381513,27.5304069519043
1091,108.617771221731,288,183.501990728401,381801,27.5304069519043
1092,145.65897677732,200,174.578494450276,382001,27.5304069519043
1093,212.124189950766,499,176.506293822271,382500,27.5304069519043
1094,118.638887440011,340,168.734469823367,382840,27.5304069519043
1095,121.386452426075,473,163.231136616919,383313,27.5304069519043
1096,80.444574834409,349,156.522763131356,383662,27.5304069519043
1097,253.572659731774,869,157.783660204035,384531,27.5304069519043
1098,268.486911727557,626,158.81138779061,385157,27.5304069519043
1099,67.53024619738,135,147.904798389358,385292,27.5304069519043
1100,68.0884634302428,215,144.454913373727,385507,27.5304069519043
1101,107.760914734628,290,144.369227725016,385797,27.5304069519043
1102,66.8658450296997,315,136.489914550254,386112,27.5304069519043
1103,225.828538046207,596,137.860349359798,386708,27.5304069519043
1104,73.4313284412402,223,133.339593459921,386931,27.5304069519043
1105,212.632181542104,726,142.464166371524,387657,27.5304069519043
1106,71.0862766457659,99,141.52833655266,387756,27.5304069519043
1107,160.840887138723,475,132.255159293355,388231,27.5304069519043
1108,119.610555056119,460,117.367523626211,388691,27.5304069519043
1109,57.8127897558645,105,116.395777982059,388796,27.5304069519043
1110,66.3112295312675,205,116.218054592162,389001,28.395191192627
1111,146.727875215391,338,120.114750640238,389339,28.395191192627
1112,80.7656085876219,228,121.50472699603,389567,28.395191192627
1113,140.11146770321,387,112.933019961731,389954,28.395191192627
1114,119.26208669699,357,117.516095787306,390311,28.395191192627
1115,111.648673315537,351,107.417744964649,390662,28.395191192627
1116,123.289252552486,159,112.638042555321,390821,28.395191192627
1117,214.121583513832,637,117.966112192832,391458,28.395191192627
1118,35.8572576477104,168,109.590782451991,391626,28.395191192627
1119,134.125786186537,382,117.222082095058,392008,28.395191192627
1120,29.0157332179572,172,113.492532463727,392180,28.395191192627
1121,132.105088641351,194,112.030253806323,392374,28.395191192627
1122,148.58673118326,332,118.812366065887,392706,28.395191192627
1123,252.249250431754,1002,130.026144338742,393708,28.395191192627
1124,72.257793966184,219,125.325715065661,393927,28.395191192627
1125,120.596171288003,259,126.220464862908,394186,28.395191192627
1126,146.01728454465,223,128.493268062124,394409,28.395191192627
1127,36.7280510077055,154,110.753914811511,394563,28.395191192627
1128,202.381033427178,412,127.406292389458,394975,28.395191192627
1129,361.031975361122,904,150.096911306917,395879,28.395191192627
1130,167.975679667565,509,163.992905951877,396388,28.395191192627
1131,144.782927047839,464,165.260689792526,396852,29.4707012176514
1132,413.889173205016,1116,191.790933994702,397968,29.4707012176514
1133,334.571527254614,1176,200.023161676988,399144,29.4707012176514
1134,110.553571216713,500,203.852739402041,399644,29.4707012176514
1135,202.416152869079,404,212.034737560148,400048,29.4707012176514
1136,370.353926177518,1710,234.468401723435,401758,29.4707012176514
1137,415.180770105485,1015,272.313673633213,402773,29.4707012176514
1138,77.2384501721206,213,259.799415307707,402986,29.4707012176514
1139,171.457647711206,478,240.841982542716,403464,29.4707012176514
1140,339.183599831414,1163,257.9627745591,404627,29.4707012176514
1141,566.234958888458,1302,300.107977743162,405929,29.4707012176514
1142,806.19118778949,2500,339.33817920161,408429,29.4707012176514
1143,653.969127867437,2007,371.277939262892,410436,29.4707012176514
1144,163.96587807473,655,376.619169948694,411091,29.4707012176514
1145,216.356255736281,400,378.013180235414,411491,29.4707012176514
1146,296.083967220341,733,370.586184339696,412224,29.4707012176514
1147,176.770890988732,205,346.745196428021,412429,29.4707012176514
1148,99.0666592001273,299,348.928017330822,412728,29.4707012176514
1149,673.261985859337,2500,399.108451145635,415228,29.4707012176514
1150,345.544353503989,915,399.744526512892,416143,29.4707012176514
1151,868.714811946964,2500,429.992511818743,418643,29.4707012176514
1152,151.923833300931,404,364.565776369887,419047,29.4707012176514
1153,919.669135333624,2500,391.135777116506,421547,29.4707012176514
1154,164.634225929401,402,391.202611901973,421949,30.5590782165527
1155,200.985203787402,383,389.665506707085,422332,30.5590782165527
1156,199.912347947659,688,380.048344779817,423020,30.5590782165527
1157,93.418448654859,253,371.713100546429,423273,30.5590782165527
1158,94.9709918152557,229,371.303533807942,423502,30.5590782165527
1159,431.320316097309,1133,347.109366831739,424635,30.5590782165527
1160,94.5999989811651,289,322.014931379457,424924,30.5590782165527
1161,93.9191308573646,233,244.535363270497,425157,30.5590782165527
1162,124.737815596991,194,241.816761500103,425351,30.5590782165527
1163,88.2874338134894,280,158.67859134809,425631,30.5590782165527
1164,962.533927695676,2500,238.468561524717,428131,30.5590782165527
1165,76.8993106872473,218,226.059972214702,428349,30.5590782165527
1166,737.399864372999,2355,279.808723857236,430704,30.5590782165527
1167,98.6798719187564,157,280.334866183625,430861,30.5590782165527
1168,190.197034888884,398,289.857470490988,431259,30.5590782165527
1169,257.323613261495,1067,272.457800207407,432326,30.5590782165527
1170,602.594744286379,1686,323.257274737928,434012,30.5590782165527
1171,212.279239632012,561,335.093285615393,434573,30.5590782165527
1172,111.806148754051,369,333.800118931099,434942,30.5590782165527
1173,116.995353556916,253,336.670910905441,435195,30.5590782165527
1174,407.35652182533,1103,281.153170318407,436298,30.5590782165527
1175,231.074292786811,999,296.570668528363,437297,30.1868305206299
1176,178.929714138763,419,240.72365350494,437716,30.1868305206299
1177,174.15167525421,555,248.270833838485,438271,30.1868305206299
1178,191.770170972546,654,248.428147446851,438925,30.1868305206299
1179,957.456288696653,2500,318.441414990367,441425,30.1868305206299
1180,412.630708098358,1215,299.445011371565,442640,30.1868305206299
1181,699.082159391687,1974,348.125303347532,444614,30.1868305206299
1182,194.116084893923,518,356.35629696152,445132,30.1868305206299
1183,218.210051983375,565,366.477766804166,445697,30.1868305206299
1184,158.845509371483,522,341.626665558781,446219,30.1868305206299
1185,141.478460854595,302,332.667082365559,446521,30.1868305206299
1186,199.348763337456,655,334.708987285429,447176,30.1868305206299
1187,169.428815605685,340,334.236701320576,447516,30.1868305206299
1188,92.7835028653555,241,324.338034509857,447757,30.1868305206299
1189,692.197523221922,1902,297.812157962384,449659,30.1868305206299
1190,474.714308793838,1580,304.020518031932,451239,30.1868305206299
1191,451.843897920792,1227,279.296691884843,452466,30.1868305206299
1192,115.989211484722,263,271.484004543922,452729,30.1868305206299
1193,183.428968013892,522,268.005896146974,453251,30.1868305206299
1194,153.66178009265,353,267.487523219091,453604,30.1868305206299
1195,231.919001610047,516,276.531577294636,454120,30.1868305206299
1196,198.706721340544,602,276.467373094945,454722,30.1868305206299
1197,269.225970916468,729,286.447088626023,455451,30.1868305206299
1198,182.786283212609,577,295.447366660748,456028,31.9835739135742
1199,148.601199892161,346,241.087734327772,456374,31.9835739135742
1200,462.956075685635,1219,239.911911016952,457593,31.9835739135742
1201,198.139784459542,532,214.541499670827,458125,31.9835739135742
1202,538.286637999816,1432,256.771242322336,459557,31.9835739135742
1203,160.112447861157,494,254.439590307063,460051,31.9835739135742
1204,216.023440287379,251,260.675756326536,460302,31.9835739135742
1205,226.449009405732,557,260.128757106104,460859,31.9835739135742
1206,304.685673112029,841,270.726652283253,461700,31.9835739135742
1207,431.367638564477,1062,286.940819048054,462762,31.9835739135742
1208,100.140283098795,262,278.676219036672,463024,31.9835739135742
1209,65.5034159887435,106,270.36644064633,463130,31.9835739135742
1210,180.280776136081,553,242.098910691375,463683,31.9835739135742
1211,253.608113340359,837,247.645743579457,464520,31.9835739135742
1212,163.496358467147,414,210.16671562619,464934,31.9835739135742
1213,478.164358639615,1241,241.971906704036,466175,31.9835739135742
1214,96.7610566906958,304,230.045668344367,466479,31.9835739135742
1215,175.726044716054,467,224.9733718754,466946,31.9835739135742
1216,480.33240908979,1448,242.538045473176,468394,31.9835739135742
1217,455.179154683301,1032,244.919197085058,469426,31.9835739135742
1218,369.306690697133,1026,271.835837844892,470452,31.9835739135742
1219,270.270501701184,724,292.312546416136,471176,32.5473213195801
1220,578.966526525961,1524,332.181121455124,472700,32.5473213195801
1221,576.524378618243,1583,364.472747982913,474283,32.5473213195801
1222,394.716901717746,1102,387.594802307972,475385,32.5473213195801
1223,579.23046828839,1592,397.70141327285,476977,32.5473213195801
1224,441.751097469129,1208,432.200417350693,478185,32.5473213195801
1225,673.508486977863,1636,481.978661576874,479821,32.5473213195801
1226,364.565350691341,1145,470.401955737029,480966,32.5473213195801
1227,60.670065850738,186,430.951046853773,481152,32.5473213195801
1228,708.500981087247,1585,464.870475892784,482737,32.5473213195801
1229,270.615591309716,535,464.904984853637,483272,32.5473213195801
1230,78.2357236638803,218,414.831904567429,483490,32.5473213195801
1231,98.557614220562,237,367.035228127661,483727,32.5473213195801
1232,290.318136215696,674,356.595351577456,484401,32.5473213195801
1233,892.740328684162,2351,387.946337617033,486752,32.5473213195801
1234,223.7659794777,704,366.147825817891,487456,32.5473213195801
1235,175.971977594782,514,316.394174879582,487970,32.5473213195801
1236,147.473960595888,306,294.685035870037,488276,32.5473213195801
1237,247.403303087604,827,313.358359593724,489103,32.5473213195801
1238,509.500014496489,1271,293.458262934648,490374,32.5473213195801
1239,279.245402959243,579,294.321244099601,490953,32.5473213195801
1240,48.6529289572724,112,291.36296462894,491065,32.5473213195801
1241,44.7319104614708,115,285.980394253031,491180,32.5473213195801
1242,508.255407983467,1213,307.774121429808,492393,33.3476638793945
1243,223.755442793736,591,240.875632840765,492984,33.3476638793945
1244,132.810930377159,300,231.780127930711,493284,33.3476638793945
1245,220.751300635858,691,236.258060234819,493975,33.3476638793945
1246,192.366921619449,530,240.747356337175,494505,33.3476638793945
1247,468.454855092324,1211,262.852511537647,495716,33.3476638793945
1248,647.837298070406,1702,276.686239895039,497418,33.3476638793945
1249,467.21718057853,1427,295.483417656967,498845,33.3476638793945
1250,192.674216085089,654,309.885546369749,499499,33.3476638793945
1251,193.984675663026,473,324.810822889905,499972,33.3476638793945
1252,124.783311033277,276,286.463613194886,500248,33.3476638793945
1253,235.416463439401,668,287.629715259452,500916,33.3476638793945
1254,205.283539379162,452,294.876976159652,501368,33.3476638793945
1255,111.938181154467,314,283.995664211513,501682,33.3476638793945
1256,498.097432914509,1208,314.568715341019,502890,33.3476638793945
1257,256.227120183582,759,293.345941850145,503649,33.3476638793945
1258,742.469556321014,1967,302.809167675206,505616,33.3476638793945
1259,197.929863720793,618,275.880435989432,506234,33.3476638793945
1260,339.0014638302,754,290.513160763943,506988,33.3476638793945
1261,317.726253513858,812,302.887318549026,507800,33.3476638793945
1262,99.0434595450646,375,300.313333400205,508175,33.3476638793945
1263,135.602559354924,430,290.331942991757,508605,33.0147018432617
1264,377.274942752257,1238,307.531083329067,509843,33.0147018432617
1265,182.627150429174,418,314.599980256538,510261,33.0147018432617
1266,103.044575459356,241,275.094694511022,510502,33.0147018432617
1267,179.015691795887,656,267.373551672253,511158,33.0147018432617
1268,296.139022665849,735,222.740498306736,511893,33.0147018432617
1269,462.136988042733,1530,249.16121073893,513423,33.0147018432617
1270,372.441235480926,1050,252.505187904003,514473,33.0147018432617
1271,312.979678219325,746,252.03053037455,515219,33.0147018432617
1272,735.764964902767,2500,315.70268091032,517719,33.0147018432617
1273,148.148382560222,351,316.95726323085,518070,33.0147018432617
1274,286.788581372389,899,307.908627092863,518969,33.0147018432617
1275,165.146362807844,363,306.16054833073,519332,33.0147018432617
1276,541.763764377808,1455,350.032467222575,520787,33.0147018432617
1277,110.27805725865,248,343.158703768851,521035,33.0147018432617
1278,835.869083149667,2036,397.131709817233,523071,33.0147018432617
1279,111.566809265225,433,362.074691939482,523504,33.0147018432617
1280,28.5954899039984,156,327.69011738179,523660,33.0147018432617
1281,759.296209446548,2500,372.321770504512,526160,33.0147018432617
1282,326.67198813285,916,331.41247282752,527076,33.0147018432617
1283,155.765021940952,471,332.174136765593,527547,33.0147018432617
1284,150.873208682932,465,318.582599496648,528012,33.0147018432617
1285,565.487169803129,1717,358.616680196176,529729,33.0147018432617
1286,42.0892043251117,156,308.649224190906,529885,33.0147018432617
1287,109.921528439667,138,308.613571309008,530023,33.0147018432617
1288,200.973877959446,695,245.124050789986,530718,33.8090171813965
1289,223.90659029784,734,256.358028893247,531452,33.8090171813965
1290,264.724337702696,655,279.970913673117,532107,33.8090171813965
1291,560.941156550165,1557,260.135408383479,533664,33.8090171813965
1292,399.159972126896,1425,267.384206782883,535089,33.8090171813965
1293,92.0729391957051,176,261.014998508359,535265,33.8090171813965
1294,306.327912037125,933,276.560468843778,536198,33.8090171813965
1295,145.631435434907,512,234.574895406956,536710,33.8090171813965
1296,181.512735286824,215,248.517248503127,536925,33.8090171813965
1297,328.722025550019,1408,270.397298214162,538333,33.8090171813965
1298,412.080653043714,1209,291.507975722589,539542,33.8090171813965
1299,320.768632911476,1079,301.194179983953,540621,33.8090171813965
1300,198.656060007097,565,294.587352214393,541186,33.8090171813965
1301,879.263506220531,2500,326.419587181429,543686,33.8090171813965
1302,271.249240586913,888,313.628514027431,544574,33.8090171813965
1303,45.9128586192072,168,309.012505969781,544742,33.8090171813965
1304,189.124566900457,851,297.292171456114,545593,33.8090171813965
1305,374.303907330852,834,320.159418645709,546427,33.8090171813965
1306,104.105899844275,365,312.418735101454,546792,33.8090171813965
1307,143.567812320593,379,293.903313778512,547171,33.8090171813965
1308,270.73779918782,768,279.769028392922,547939,33.8090171813965
1309,68.7678471513811,215,254.568949816913,548154,33.8090171813965
1310,338.334550201453,905,268.536798836348,549059,34.3879890441895
1311,147.473805820774,390,195.357828796373,549449,34.3879890441895
1312,300.765409123886,851,198.30944565007,550300,34.3879890441895
1313,237.086583081885,716,217.426818096338,551016,34.3879890441895
1314,281.382505991208,706,226.652612005413,551722,34.3879890441895
1315,298.42799059134,909,219.065020331462,552631,34.3879890441895
1316,190.238467946645,582,227.678277141699,553213,34.3879890441895
1317,411.988478655913,1099,254.520343775231,554312,34.3879890441895
1318,294.568896921671,732,256.903453548616,555044,34.3879890441895
1319,587.445082529649,1555,308.771177086443,556599,34.3879890441895
1320,336.099040991079,870,308.547626165405,557469,34.3879890441895
1321,552.036399896254,1229,349.003885572953,558698,34.3879890441895
1322,139.836907108199,206,332.911035371384,558904,34.3879890441895
1323,346.738753666644,1049,343.87625242986,559953,34.3879890441895
1324,260.120736865166,675,341.750075517256,560628,34.3879890441895
1325,232.75002284286,657,335.182278742408,561285,34.3879890441895
1326,561.00822796687,1369,372.259254744431,562654,34.3879890441895
1327,76.5265345682689,206,338.713060335666,562860,34.3879890441895
1328,243.270300243522,580,333.583200667851,563440,34.3879890441895
1329,131.155129827869,161,287.954205397673,563601,34.3879890441895
1330,750.01575788858,2139,329.345877087423,565740,34.3879890441895
1331,227.323405822424,675,296.87457768004,566415,34.3879890441895
1332,113.035136892974,318,294.194400658518,566733,34.3879890441895
1333,138.497394997104,390,273.370264791564,567123,34.3879890441895
1334,265.253941257699,518,273.883585230817,567641,34.3879890441895
1335,360.834373464781,855,286.692020293009,568496,34.3879890441895
1336,177.977932049938,502,248.388990701316,568998,34.6464042663574
1337,214.022059230323,526,262.138543167521,569524,34.6464042663574
1338,150.854886967395,372,252.897001839909,569896,34.6464042663574
1339,127.649479341572,306,252.546436791279,570202,34.6464042663574
1340,312.108224424215,877,208.755683444843,571079,34.6464042663574
1341,249.033189273144,554,210.926661789915,571633,34.6464042663574
1342,107.15745908428,288,210.338894009045,571921,34.6464042663574
1343,260.137246153717,491,222.502879124707,572412,34.6464042663574
1344,162.866080444384,485,212.264093043375,572897,34.6464042663574
1345,106.282673072019,287,186.808923004099,573184,34.6464042663574
1346,111.456559718138,295,180.156785770919,573479,34.6464042663574
1347,174.175211810051,399,176.172101028892,573878,34.6464042663574
1348,231.706223793364,421,184.257234711488,574299,34.6464042663574
1349,278.058482427767,652,199.298135020108,574951,34.6464042663574
1350,103.982281037865,235,178.485540681473,575186,34.6464042663574
1351,249.732308080969,575,178.555452562255,575761,34.6464042663574
1352,65.0702876064685,182,174.346735414474,575943,34.6464042663574
1353,120.609626927534,386,160.393973491856,576329,34.6464042663574
1354,323.397822893764,917,176.447147736794,577246,34.6464042663574
1355,251.832106739091,707,191.002091103501,577953,34.6464042663574
1356,145.372596631111,534,194.393694794798,578487,34.6464042663574
1357,549.218168933599,1460,231.897990507153,579947,34.2231941223145
1358,403.493569871977,1091,249.076725115015,581038,34.2231941223145
1359,38.7885693115766,165,225.149733803396,581203,34.2231941223145
1360,116.631572582224,238,226.414662957831,581441,34.2231941223145
1361,64.9594954309859,119,207.937381692833,581560,34.2231941223145
1362,526.023499745609,1696,254.032702906747,583256,34.2231941223145
1363,210.327822416723,552,263.004522455666,583808,34.2231941223145
1364,939.722373154753,2500,324.636977481765,586308,34.2231941223145
1365,826.029277219986,2500,382.056694529854,588808,34.2231941223145
1366,287.480432862308,910,396.267478152974,589718,34.2231941223145
1367,806.203153911538,2500,421.965976650768,592218,34.2231941223145
1368,348.136689057542,1185,416.430288569324,593403,34.2231941223145
1369,356.041556721812,1004,448.155587310348,594407,34.2231941223145
1370,169.539941902649,569,453.446424242391,594976,34.2231941223145
1371,132.110659037532,281,460.161540603045,595257,34.2231941223145
1372,233.063445653041,727,430.865535193788,595984,34.2231941223145
1373,323.013741185557,988,442.134127070672,596972,34.2231941223145
1374,49.0837889656323,175,353.07026865176,597147,34.2231941223145
1375,75.4373619026891,215,278.01107712003,597362,34.2231941223145
1376,41.6618508734175,116,253.429218921141,597478,34.2231941223145
1377,123.711990024109,347,185.180102532398,597825,34.2231941223145
1378,293.036507971682,677,179.670084423812,598502,34.2231941223145
1379,98.6313287500677,238,153.929061626638,598740,34.2231941223145
1380,157.935776221764,215,152.768645058549,598955,34.2231941223145
1381,54.0974435522864,193,144.967323510025,599148,34.2231941223145
1382,73.3410690544085,210,128.995085850161,599358,34.2231941223145
1383,142.26399670121,213,110.920111401727,599571,34.2231941223145
1384,91.5072822127931,323,115.162460726443,599894,34.2231941223145
1385,448.997688724707,1116,152.518493408645,601010,36.7330665588379
1386,629.06475977939,1712,211.258784299242,602722,36.7330665588379
1387,599.269156392718,1582,258.814500936103,604304,36.7330665588379
1388,311.427833670015,760,260.653633505936,605064,36.7330665588379
1389,732.57728573703,1772,324.048229204632,606836,36.7330665588379
1390,331.42309851391,883,341.396961433847,607719,36.7330665588379
1391,109.510245674766,323,346.938241646095,608042,36.7330665588379
1392,383.433830371474,756,377.947517777801,608798,36.7330665588379
1393,345.899153314104,780,398.311033439091,609578,36.7330665588379
1394,144.598451893308,179,403.620150407142,609757,36.7330665588379
1395,235.508621212326,666,382.271243655904,610423,36.7330665588379
1396,340.932545076833,763,353.458022185648,611186,36.7330665588379
1397,283.001133083763,705,321.831219854753,611891,36.7330665588379
1398,94.6162121543204,235,300.150057703183,612126,36.7330665588379
1399,299.037980156533,709,256.796127145133,612835,36.7330665588379
1400,251.698228727069,699,248.82364016645,613534,36.7330665588379
1401,187.158885701123,503,256.588504169085,614037,36.7330665588379
1402,162.737546570085,363,234.518875788946,614400,36.7330665588379
1403,324.354163075813,689,232.364376765117,615089,36.7330665588379
1404,240.396211555804,590,241.944152731367,615679,36.7330665588379
1405,202.88354559316,488,238.68164516945,616167,36.7330665588379
1406,409.782404266843,850,245.566631088451,617017,36.7330665588379
1407,125.620926890976,307,229.828610469173,617324,36.7330665588379
1408,82.8837268856414,284,228.655361942305,617608,36.7330665588379
1409,179.128131019635,362,216.664377028615,617970,36.7330665588379
1410,184.33228054925,506,209.927782210833,618476,35.3859481811523
1411,122.578544566453,308,203.469748097366,618784,35.3859481811523
1412,251.868833197393,497,212.382876760097,619281,35.3859481811523
1413,289.477141430413,845,208.895174595557,620126,35.3859481811523
1414,385.178241185797,865,223.373377558556,620991,35.3859481811523
1415,156.67740571512,346,218.752763570752,621337,35.3859481811523
1416,195.461739729576,480,197.320697117025,621817,35.3859481811523
1417,195.591975631457,414,204.317801991074,622231,35.3859481811523
1418,98.3588320491252,233,205.865312507422,622464,35.3859481811523
1419,235.606259608756,561,211.513125366334,623025,35.3859481811523
1420,139.531090981312,364,207.03300640954,623389,35.3859481811523
1421,339.627106980071,659,228.737862650902,624048,35.3859481811523
1422,260.621746229103,714,229.613153954073,624762,35.3859481811523
1423,283.439775426391,528,229.009417353671,625290,35.3859481811523
1424,88.5530609335256,260,199.346899328444,625550,35.3859481811523
1425,131.61895902392,376,196.841054659324,625926,35.3859481811523
1426,268.01651047631,341,204.096531733997,626267,35.3859481811523
1427,331.486791344964,692,217.686013305348,626959,35.3859481811523
1428,182.018801588694,518,226.052010259305,627477,35.3859481811523
1429,54.8411646197358,170,207.975500760403,627647,35.3859481811523
1430,39.2201250116907,152,197.944404163441,627799,35.3859481811523
1431,385.910100761837,828,202.572703541617,628627,35.3859481811523
1432,121.203218800629,330,188.63085079877,628957,35.3859481811523
1433,117.137603028094,375,172.00063355894,629332,35.3859481811523
1434,125.776389578329,374,175.72296642342,629706,35.3859481811523
1435,71.099562810278,198,169.671026802056,629904,35.3859481811523
1436,207.106209437868,446,163.579996698212,630350,35.3859481811523
1437,71.7016343758476,238,137.6014810013,630588,35.3859481811523
1438,175.738097469579,416,136.973410589389,631004,36.6077995300293
1439,40.8058279736413,156,135.569876924779,631160,36.6077995300293
1440,233.649504777917,448,155.012814901402,631608,36.6077995300293
1441,219.147848326646,537,138.336589657883,632145,36.6077995300293
1442,168.064411556464,452,143.022708933466,632597,36.6077995300293
1443,204.001796579467,530,151.709128288604,633127,36.6077995300293
1444,402.786145651159,805,179.410103895887,633932,36.6077995300293
1445,301.881098574722,787,202.488257472331,634719,36.6077995300293
1446,114.808943996886,238,193.258530928233,634957,36.6077995300293
1447,224.671547718728,567,208.555522262521,635524,36.6077995300293
1448,129.843776369479,336,203.966090152511,635860,36.6077995300293
1449,183.721411172734,379,218.25764847242,636239,36.6077995300293
1450,168.144010153126,484,211.707099009941,636723,36.6077995300293
1451,335.24731482121,839,223.317045659397,637562,36.6077995300293
1452,117.829595800086,360,218.29356408376,637922,36.6077995300293
1453,155.71746975136,398,213.465131400949,638320,36.6077995300293
1454,62.5929431759839,187,179.445811153431,638507,36.6077995300293
1455,58.4271103910552,179,155.100412335065,638686,36.6077995300293
1456,49.245667441977,177,148.544084679574,638863,36.6077995300293
1457,315.124945915316,894,157.589424499233,639757,36.6077995300293
1458,115.193411845305,319,156.124388046815,640076,36.6077995300293
1459,91.6086728619677,276,146.913114215739,640352,36.6077995300293
1460,198.958962473786,636,149.994609447805,640988,36.6077995300293
1461,408.461163388438,852,157.315994304527,641840,36.6077995300293
1462,655.310994869069,1989,211.064134211426,643829,36.6654319763184
1463,478.129447812027,1259,243.305332017493,645088,36.6654319763184
1464,430.432315798642,1116,280.089269279758,646204,36.6654319763184
1465,239.225777955751,683,298.169136036228,646887,36.6654319763184
1466,248.707542013675,718,318.115323493398,647605,36.6654319763184
1467,39.7192819570784,124,290.574757097574,647729,36.6654319763184
1468,54.3289976247774,119,284.488315675521,647848,36.6654319763184
1469,143.815917068903,178,289.709040096215,648026,36.6654319763184
1470,278.225028828699,733,297.635646731706,648759,36.6654319763184
1471,284.528404012534,706,285.242370794116,649465,36.6654319763184
1472,179.548117035746,317,237.666083010783,649782,36.6654319763184
1473,28.0022707827934,136,192.65336530786,649918,36.6654319763184
1474,101.067626147277,150,159.716896342723,650068,36.6654319763184
1475,531.79246908577,1521,188.973565455725,651589,36.6654319763184
1476,237.347281880145,699,187.837539442372,652288,36.6654319763184
1477,106.126062144287,317,194.478217461093,652605,36.6654319763184
1478,124.059925656957,303,201.451310264311,652908,36.6654319763184
1479,300.090764852353,729,217.078795042656,653637,36.6654319763184
1480,136.789210215955,516,202.935213181382,654153,36.6654319763184
1481,338.435058079085,789,208.325878588037,654942,36.6654319763184
1482,93.3436772677323,261,199.705434611235,655203,36.6654319763184
1483,248.452445576946,458,221.750452090651,655661,36.6654319763184
1484,52.4177500819307,113,216.885464484116,655774,36.6654319763184
1485,116.916770839047,323,175.397894659444,656097,36.6654319763184
1486,427.236432415584,1113,194.386809712988,657210,36.6654319763184
1487,27.6209308662876,143,186.536296585188,657353,36.6654319763184
1488,70.6099643533167,164,181.191300454824,657517,36.6654319763184
1489,589.247717226351,1628,210.106995692224,659145,37.0667686462402
1490,548.490395753044,1583,251.277114245932,660728,37.0667686462402
1491,107.573039402733,167,228.190912378297,660895,37.0667686462402
1492,256.764606556542,697,244.533005307178,661592,37.0667686462402
1493,179.083410686686,354,237.596101818152,661946,37.0667686462402
1494,291.383145553533,830,261.492641365312,662776,37.0667686462402
1495,446.495261080023,1271,294.45049038941,664047,37.0667686462402
1496,373.665486471405,1039,289.093395794992,665086,37.0667686462402
1497,936.413613639712,2404,379.972664072335,667490,37.0667686462402
1498,121.658544358732,297,385.077522072876,667787,37.0667686462402
1499,273.809427537529,719,353.533693103994,668506,37.0667686462402
1500,273.615646487678,719,326.046218177457,669225,37.0667686462402
1501,206.198907875733,634,335.908805024757,669859,37.0667686462402
1502,292.238716954661,862,339.456216064569,670721,37.0667686462402
1503,114.673604093948,298,333.015235405295,671019,37.0667686462402
1504,307.001579897198,977,334.577078839662,671996,37.0667686462402
1505,71.9433657400171,194,297.121889305661,672190,37.0667686462402
1506,136.56172763842,489,273.411513422363,672679,37.0667686462402
1507,190.632583343943,528,198.833410392786,673207,37.0667686462402
1508,316.398088826084,885,218.307364839521,674092,37.0667686462402
1509,257.983011712881,524,216.724723257056,674616,37.0667686462402
1510,34.4321880740265,127,192.806377415691,674743,37.0667686462402
1511,153.487349225999,407,187.535221550718,675150,37.0667686462402
1512,127.122730906137,258,171.023622945865,675408,37.0667686462402
1513,711.09915216871,2140,230.666177753342,677548,36.7004928588867
1514,569.958408933926,1537,256.961860657014,679085,36.7004928588867
1515,818.767272822967,2500,331.644251365309,681585,36.7004928588867
1516,727.31789700455,2078,390.719868301922,683663,36.7004928588867
1517,30.1926983429123,140,374.675879801819,683803,36.7004928588867
1518,24.5414091096485,133,345.490211830176,683936,36.7004928588867
1519,151.882495119825,285,334.88016017087,684221,36.7004928588867
1520,46.6447362194286,178,336.10141498541,684399,36.7004928588867
1521,250.396610912007,705,345.792341154011,685104,36.7004928588867
1522,71.8633116615648,212,340.266399229554,685316,36.7004928588867
1523,788.959530037282,2410,348.052437016411,687726,36.7004928588867
1524,280.015854456874,719,319.058181568706,688445,36.7004928588867
1525,289.579863921491,727,266.139440678558,689172,36.7004928588867
1526,386.548322809773,1078,232.062483259081,690250,36.7004928588867
1527,406.401645132024,1223,269.683377937992,691473,36.7004928588867
1528,121.129484412385,255,279.342185468265,691728,36.7004928588867
1529,245.425715196875,677,288.69650747597,692405,36.7004928588867
1530,236.98832173532,681,307.73086602756,693086,36.7004928588867
1531,254.254174716243,326,308.116622407983,693412,36.7004928588867
1532,111.013889378765,322,312.031680179703,693734,36.7004928588867
1533,184.595437738318,567,251.595270949807,694301,36.7004928588867
1534,279.271058754427,840,251.520791379562,695141,36.7004928588867
1535,70.1289895326276,137,229.575703940676,695278,36.7004928588867
1536,444.503383064423,1367,235.371209966141,696645,38.5604209899902
1537,893.050516878075,2500,284.036097140746,699145,38.5604209899902
1538,196.842938264143,642,291.607442525922,699787,38.5604209899902
1539,447.828237902266,1466,311.847694796461,701253,38.5604209899902
1540,310.732993023261,896,319.222161925255,702149,38.5604209899902
1541,644.921710858015,1754,358.288915539432,703903,38.5604209899902
1542,287.567999535196,852,375.944326555075,704755,38.5604209899902
1543,27.7073404627177,123,360.255516827515,704878,38.5604209899902
1544,763.916313751041,2294,408.720042327177,707172,38.5604209899902
1545,255.000556878997,723,427.207199061813,707895,38.5604209899902
1546,92.8532686155223,299,392.042187616923,708194,38.5604209899902
1547,594.604698381524,1730,362.197605767268,709924,38.5604209899902
1548,577.258188074423,1781,400.239130748296,711705,38.5604209899902
1549,939.723772339856,2500,449.428684192055,714205,38.5604209899902
1550,209.912391611204,600,439.346624050849,714805,38.5604209899902
1551,70.8574058426431,129,381.940193549312,714934,38.5604209899902
1552,242.109888271413,689,377.394382422934,715623,38.5604209899902
1553,662.927908164304,1598,440.916439193093,717221,38.5604209899902
1554,75.6654067406155,302,372.09134849205,717523,38.5604209899902
1555,309.158356533796,777,377.50712845753,718300,38.5604209899902
1556,481.67788101099,1341,416.389589697077,719641,38.5604209899902
1557,137.785163399082,305,370.707636198833,719946,38.5604209899902
1558,127.401042015092,340,325.7219215929,720286,38.5604209899902
1559,139.805278528486,302,245.730072211763,720588,38.5604209899902
1560,227.318333811224,493,247.470666431765,721081,38.5604209899902
1561,175.333770981117,533,257.918302945612,721614,38.5604209899902
1562,65.9774962117155,211,240.305063739642,721825,38.5604209899902
1563,131.835186462154,330,187.195791569427,722155,38.5604209899902
1564,131.021797183432,370,192.731430613709,722525,38.5604209899902
1565,80.704292334407,206,169.88602419377,722731,37.1519775390625
1566,85.5576376275112,256,130.273999855422,722987,37.1519775390625
1567,250.583774401733,538,141.553860955687,723525,37.1519775390625
1568,219.463240430697,481,150.760080797248,724006,37.1519775390625
1569,421.372283024155,996,178.916781246815,725002,37.1519775390625
1570,148.470614367008,206,171.032009302393,725208,37.1519775390625
1571,174.08342613449,352,170.90697481773,725560,37.1519775390625
1572,245.314775922336,576,188.840702788792,726136,37.1519775390625
1573,244.279740832108,470,200.085158225788,726606,37.1519775390625
1574,83.5533959832911,244,195.338318105774,726850,37.1519775390625
1575,265.02339898832,631,213.770228771165,727481,37.1519775390625
1576,319.029081420151,865,237.117373150429,728346,37.1519775390625
1577,101.421626249588,270,222.201158335214,728616,37.1519775390625
1578,101.306090726062,328,210.385443364751,728944,37.1519775390625
1579,424.479637458975,863,210.696178808233,729807,37.1519775390625
1580,32.8075124257028,133,199.129868614102,729940,37.1519775390625
1581,35.5125565410058,114,185.272781654754,730054,37.1519775390625
1582,145.067471885685,466,175.248051251089,730520,37.1519775390625
1583,484.930460380834,1158,199.313123205961,731678,37.0642127990723
1584,382.41194952649,1041,229.198978560281,732719,37.0642127990723
1585,282.788268980729,832,230.975465559522,733551,37.0642127990723
1586,536.750700492777,1494,252.747627466785,735045,37.0642127990723
1587,68.6707373808476,133,249.472538579911,735178,37.0642127990723
1588,232.835856743744,687,262.625515181679,735865,37.0642127990723
1589,311.017253621703,897,251.279276797952,736762,37.0642127990723
1590,224.570201210202,527,270.455545676402,737289,37.0642127990723
1591,441.175389161274,1170,311.021828938428,738459,37.0642127990723
1592,420.5391183382,1091,338.56899358368,739550,37.0642127990723
1593,111.156616319165,183,301.191609177513,739733,37.0642127990723
1594,524.949919583116,1224,315.445406183176,740957,37.0642127990723
1595,581.577398855883,1625,345.324319170691,742582,37.0642127990723
1596,328.763589620528,923,324.525608083466,743505,37.0642127990723
1597,149.403115460397,500,332.598845891421,744005,37.0642127990723
1598,44.7905726131774,131,313.794317478365,744136,37.0642127990723
1599,181.970143709374,243,300.889606487132,744379,37.0642127990723
1600,280.684786889002,850,306.501065055012,745229,37.0642127990723
1601,679.304625817267,2013,330.313988720611,747242,37.0642127990723
1602,233.430505774963,594,311.603127464287,747836,37.0642127990723
1603,305.809413010112,737,331.068407133382,748573,37.0642127990723
1604,111.737312847527,168,289.747146459823,748741,37.0642127990723
1605,86.1646864446903,215,240.205875218704,748956,37.0642127990723
1606,349.823559655928,914,242.311872222244,749870,37.0642127990723
1607,101.000803539122,306,237.471641030116,750176,37.0642127990723
1608,107.589875667546,222,243.751571335553,750398,37.0642127990723
1609,601.192909582258,1606,285.673847922842,752004,35.6776504516602
1610,612.800501292414,1555,318.885419363183,753559,35.6776504516602
1611,65.9941315990265,196,257.554369941359,753755,35.6776504516602
1612,226.660291703826,690,256.877348534245,754445,35.6776504516602
1613,119.488346777055,301,238.245241910939,754746,35.6776504516602
1614,108.605453098526,286,237.932055936039,755032,35.6776504516602
1615,73.2651311683847,208,236.642100408409,755240,35.6776504516602
1616,122.281179684351,268,213.887862411251,755508,35.6776504516602
1617,696.7281285476,1832,273.460594912099,757340,35.6776504516602
1618,187.150611230785,619,281.416668468423,757959,35.6776504516602
1619,629.589026101765,1774,284.256280120373,759733,35.6776504516602
1620,89.7128494402309,280,231.947514935155,760013,35.6776504516602
1621,106.681674166309,270,236.016269191883,760283,35.6776504516602
1622,113.534326480603,293,224.703672669561,760576,35.6776504516602
1623,746.706057094683,2038,287.425443701324,762614,35.6776504516602
1624,600.985647089945,1755,336.663463100466,764369,35.6776504516602
1625,257.782873659058,862,355.115237349533,765231,35.6776504516602
1626,263.48990499417,706,369.236109880515,765937,35.6776504516602
1627,160.053941817885,369,315.568691207543,766306,35.6776504516602
1628,37.080141685185,146,300.561644252983,766452,35.6776504516602
1629,141.560038053899,323,251.758745448197,766775,35.6776504516602
1630,92.7253836945849,154,252.059998873632,766929,35.6776504516602
1631,644.358964013612,1813,305.827727858363,768742,38.8920059204102
1632,363.732464541303,1068,330.847541664433,769810,38.8920059204102
1633,503.552345704836,1320,306.532170525448,771130,38.8920059204102
1634,286.308319202352,857,275.064437736689,771987,38.8920059204102
1635,213.279267036425,652,270.614077074425,772639,38.8920059204102
1636,417.809061205968,1218,286.045992695605,773857,38.8920059204102
1637,310.635370731861,889,301.104135587003,774746,38.8920059204102
1638,268.140702116198,823,324.210191630104,775569,38.8920059204102
1639,529.138753070502,1461,362.968063131764,777030,38.8920059204102
1640,23.8561196455861,117,356.081136726864,777147,38.8920059204102
1641,49.2346343968794,173,296.568703765191,777320,38.8920059204102
1642,466.06152479642,1546,306.801609790703,778866,38.8920059204102
1643,172.537799770658,357,273.700155197285,779223,38.8920059204102
1644,356.4393665241,1028,280.71325992946,780251,38.8920059204102
1645,75.1287565039745,203,266.898208876215,780454,38.8920059204102
1646,229.436059480659,659,248.060908703684,781113,38.8920059204102
1647,493.179716190303,1163,266.315343249528,782276,38.8920059204102
1648,455.047723420689,1389,285.006045379977,783665,38.8920059204102
1649,426.961215081338,1099,274.788291581061,784764,38.8920059204102
1650,96.3069496457094,177,282.033374581073,784941,38.8920059204102
1651,232.213356071434,667,300.331246748528,785608,38.8920059204102
1652,248.93958452282,682,278.619052721168,786290,38.8920059204102
1653,78.5316952283174,139,269.218442266934,786429,38.8920059204102
1654,502.212593236405,1179,283.795764938165,787608,37.9477043151855
1655,195.861752199283,627,295.869064507696,788235,37.9477043151855
1656,120.453836900106,256,284.97084224964,788491,37.9477043151855
1657,320.741185255182,1041,267.726989156128,789532,37.9477043151855
1658,239.009721371074,686,246.123188951167,790218,37.9477043151855
1659,241.246829480472,810,227.55175039108,791028,37.9477043151855
1660,163.454667435339,352,234.266522170043,791380,37.9477043151855
1661,412.041232893929,1103,252.249309852293,792483,37.9477043151855
1662,597.366824950147,1461,287.092033895026,793944,37.9477043151855
1663,349.108286049348,1131,314.149692977129,795075,37.9477043151855
1664,110.421355173917,341,274.97056917088,795416,37.9477043151855
1665,275.564752629173,856,282.940869213869,796272,37.9477043151855
1666,541.076261971412,1493,325.003111720999,797765,37.9477043151855
1667,582.252677872271,1894,351.154260982708,799659,37.9477043151855
1668,227.440130099408,778,349.997301855542,800437,37.9477043151855
1669,305.8222994338,855,356.454848850875,801292,37.9477043151855
1670,102.736379446205,160,350.383020051961,801452,37.9477043151855
1671,411.549497842095,1242,350.333846546778,802694,37.9477043151855
1672,376.162527357928,1340,328.213416787556,804034,37.9477043151855
1673,468.321473440482,1031,340.134735526669,805065,37.9477043151855
1674,441.471887485648,1097,373.239788757842,806162,37.9477043151855
1675,199.345980210303,398,365.617911515955,806560,37.9477043151855
1676,63.8885116142319,213,317.899136480237,806773,38.146125793457
1677,595.638737351195,2258,319.23774242813,809031,38.146125793457
1678,381.545907293442,1251,334.648320147533,810282,38.146125793457
1679,735.409568042868,2500,377.60704700844,812782,38.146125793457
1680,462.98311644315,1555,413.631720708134,814337,38.146125793457
1681,560.510077964551,2029,428.52777872038,816366,38.146125793457
1682,506.078980712762,2052,441.519424055863,818418,38.146125793457
1683,91.8206236730376,148,403.869339079119,818566,38.146125793457
1684,390.82920344491,1387,398.805070675045,819953,38.146125793457
1685,448.200818020193,1531,423.690554456034,821484,38.146125793457
1686,694.130192619887,2500,486.7147225566,823984,38.146125793457
1687,768.860877018555,2500,504.036936523336,826484,38.146125793457
1688,412.503534938944,1540,507.132699287886,828024,38.146125793457
1689,340.895646541939,1058,467.681307137793,829082,38.146125793457
1690,556.560140077729,1943,477.039009501251,831025,38.146125793457
1691,452.419668186605,1587,466.229968523456,832612,38.146125793457
1692,480.216622345185,1903,463.643732686699,834515,38.146125793457
1693,630.070704749996,2238,517.468740794394,836753,38.146125793457
1694,209.52602186787,661,499.33842263669,837414,38.146125793457
1695,684.891301257416,2500,523.007470960413,839914,38.146125793457
1696,690.294266305827,2255,522.623878329007,842169,38.146125793457
1697,486.580383681501,1686,494.395828995301,843855,38.146125793457
1698,523.88077652309,1729,505.533553153716,845584,37.6464767456055
1699,132.258633988493,332,484.669851898371,845916,37.6464767456055
1700,726.897384208087,2174,501.703576311407,848090,37.6464767456055
1701,771.572261857416,2500,533.618835678488,850590,37.6464767456055
1702,272.393348725002,815,512.83650831647,851405,37.6464767456055
1703,784.047340311205,2500,528.234171872591,853905,37.6464767456055
1704,259.024093951695,412,533.183979080973,854317,37.6464767456055
1705,546.368916267107,1935,519.331740581943,856252,37.6464767456055
1706,679.434356322704,2249,518.24574958363,858501,37.6464767456055
1707,869.642909080042,2500,556.552002123484,861001,37.6464767456055
1708,560.577614031239,2500,560.221685874299,863501,37.6464767456055
1709,689.027840366956,2500,615.898606512145,866001,37.6464767456055
1710,666.599612800444,2227,609.868829371381,868228,37.6464767456055
1711,397.230036795049,1516,572.434606865144,869744,37.6464767456055
1712,140.187354529139,177,559.214007445558,869921,37.6464767456055
1713,372.974013157979,1070,518.106674730235,870991,37.6464767456055
1714,562.299950614554,2500,548.434260396521,873491,37.6464767456055
1715,242.825806500641,299,518.079949419875,873790,37.6464767456055
1716,487.509215006663,1736,498.887435288271,875526,37.6464767456055
1717,364.229549090299,1505,448.346099289296,877031,37.6464767456055
1718,707.508889690093,2415,463.039226855182,879446,37.6464767456055
1719,635.76613250107,2500,457.713056068593,881946,37.6464767456055
1720,837.330233750365,2500,474.786118163585,884446,37.6842842102051
1721,359.455998175083,1668,471.008714301589,886114,37.6842842102051
1722,708.842851359075,2500,527.874263984582,888614,37.6842842102051
1723,670.859044361385,2375,557.662767104923,890989,37.6842842102051
1724,648.537747445663,2500,566.286546788034,893489,37.6842842102051
1725,754.083554884895,2500,617.412321626459,895989,37.6842842102051
1726,693.048470085346,2500,637.966247134327,898489,37.6842842102051
1727,612.904752308373,2500,662.833767456135,900989,37.6842842102051
1728,629.047737400952,2212,654.987652227221,903201,37.6842842102051
1729,713.398185105926,2500,662.750857487706,905701,37.6842842102051
1730,664.711555796674,2500,645.488989692337,908201,37.6842842102051
1731,85.9749141614075,148,618.14088129097,908349,37.6842842102051
1732,643.780199359569,2500,611.634616091019,910849,37.6842842102051
1733,686.001018298068,2500,613.148813484687,913349,37.6842842102051
1734,309.54346092679,1326,579.2493848328,914675,37.6842842102051
1735,685.442157219715,2500,572.385245066282,917175,37.6842842102051
1736,688.66474339634,2500,571.946872397382,919675,37.6842842102051
1737,143.445184047426,294,525.000915571287,919969,37.6842842102051
1738,782.056981727637,2500,540.301840003955,922469,37.6842842102051
1739,645.936106453235,2500,533.555632138686,924969,37.6842842102051
1740,799.743786339031,2500,547.058855192922,927469,37.6842842102051
1741,671.135747081873,2500,605.574938484968,929969,37.6842842102051
1742,709.12244913614,2500,612.109163462626,932469,36.7612571716309
1743,546.766477461034,2500,598.185709378922,934969,36.7612571716309
1744,644.990780588116,2500,631.730441345055,937469,36.7612571716309
1745,656.437664922665,2500,628.82999211535,939969,36.7612571716309
1746,780.138399698224,2500,637.977357745538,942469,36.7612571716309
1747,685.274516395342,2500,692.16029098033,944969,36.7612571716309
1748,949.438354015498,2500,708.898428209116,947469,36.7612571716309
1749,597.678855546152,2500,704.072703118408,949969,36.7612571716309
1750,588.42323254344,2500,682.940647738848,952469,36.7612571716309
1751,625.265091011673,2500,678.353582131828,954969,36.7612571716309
1752,714.541898325305,2500,678.895527050745,957469,36.7612571716309
1753,728.858602942271,2500,697.104739598869,959969,36.7612571716309
1754,608.083409995893,2500,693.414002539646,962469,36.7612571716309
1755,800.368452759318,2500,707.807081323312,964969,36.7612571716309
1756,710.966686415823,2500,700.889909995072,967469,36.7612571716309
1757,635.761215815949,2500,695.938579937132,969969,36.7612571716309
1758,676.612482785681,2500,668.655992814151,972469,36.7612571716309
1759,572.754019149931,2500,666.163509174528,974969,36.7612571716309
1760,779.286119945609,2500,685.249797914745,977469,36.7612571716309
1761,813.421204281506,2500,704.065409241729,979969,36.7612571716309
1762,649.845033311935,2500,697.595722740392,982469,36.7612571716309
1763,734.701049649568,2500,698.179967411121,984969,36.7612571716309
1764,115.894523196617,164,648.961078731194,985133,36.7612571716309
1765,676.245492348543,2500,636.548782690116,987633,38.8068809509277
1766,756.725735433158,2500,641.12468759185,990133,38.8068809509277
1767,693.665208235181,2500,646.915086833773,992633,38.8068809509277
1768,614.730255562573,2500,640.726864111462,995133,38.8068809509277
1769,610.23251467323,2500,644.474713663792,997633,38.8068809509277
1770,814.486813680378,2500,647.994783037269,1000133,38.8068809509277
1771,718.479760247573,2500,638.500638633876,1002633,38.8068809509277
1772,598.657323726621,2500,633.381867675344,1005133,38.8068809509277
1773,631.36393232479,2500,623.048155942866,1007633,38.8068809509277
1774,712.245727278213,2500,682.683276351026,1010133,38.8068809509277
1775,735.34017433281,2500,688.592744549453,1012633,38.8068809509277
1776,806.734854235396,2500,693.593656429676,1015133,38.8068809509277
1777,761.158082967928,2500,700.342943902951,1017633,38.8068809509277
1778,800.478350262595,2500,718.917753372953,1020133,38.8068809509277
1779,664.040463782521,2500,724.298548283882,1022633,38.8068809509277
1780,747.830593244062,2500,717.632926240251,1025133,38.8068809509277
1781,733.860017814019,2500,719.170951996896,1027633,38.8068809509277
1782,644.697001778093,2500,723.774919802043,1030133,38.8068809509277
1783,162.436018906188,235,676.882128460182,1030368,38.8068809509277
1784,748.006781697622,2500,680.458233902123,1032868,38.8068809509277
1785,648.745988807528,2500,671.798815349595,1035368,38.8068809509277
1786,609.831657764877,2500,652.108495702543,1037868,38.6611480712891
1787,727.951724877795,2500,648.78785989353,1040368,38.6611480712891
1788,752.74718596535,2500,644.014743463806,1042868,38.6611480712891
1789,671.296860035379,2500,644.740383089091,1045368,38.6611480712891
1790,669.776973457877,2500,636.935021110473,1047868,38.6611480712891
1791,682.790025327474,2500,631.828021861818,1050368,38.6611480712891
1792,717.893427130756,2500,639.147664397085,1052868,38.6611480712891
1793,673.248945328928,2500,690.228957039359,1055368,38.6611480712891
1794,636.851939093774,2500,679.113472778974,1057868,38.6611480712891
1795,729.964784087796,2500,687.235352307001,1060368,38.6611480712891
1796,721.18820320135,2500,698.371006850648,1062868,38.6611480712891
1797,744.070182123335,2500,699.982852575202,1065368,38.6611480712891
1798,717.437576001075,2500,696.451891578775,1067868,38.6611480712891
1799,77.9156352031648,220,637.113769095553,1068088,38.6611480712891
1800,688.339576861965,2500,638.970029435962,1070588,38.6611480712891
1801,818.801386986505,2500,652.571165601865,1073088,38.6611480712891
1802,730.378189042711,2500,653.81964179306,1075588,38.6611480712891
1803,680.08730283818,2500,654.503477543985,1078088,38.6611480712891
1804,726.945109249952,2500,663.512794559603,1080588,38.6611480712891
1805,682.919078055841,2500,658.808223956408,1083088,38.6611480712891
1806,648.155154994626,2500,651.504919135735,1085588,38.6611480712891
1807,725.349946384837,2500,649.632895561886,1088088,38.6611480712891
1808,682.026391323443,2500,646.091777094122,1090588,38.6611480712891
1809,563.457672626082,2500,694.645980836414,1093088,36.6212692260742
1810,747.852770698758,2500,700.597300220094,1095588,36.6212692260742
1811,758.336754339576,2500,694.550836955401,1098088,36.6212692260742
1812,740.67837157962,2500,695.580855209092,1100588,36.6212692260742
1813,775.68830901423,2500,705.140955826697,1103088,36.6212692260742
1814,757.017574680856,2500,708.148202369787,1105588,36.6212692260742
1815,766.299212359165,2500,716.486215800119,1108088,36.6212692260742
1816,771.868928337031,2500,728.85759313436,1110588,36.6212692260742
1817,734.550675457624,2500,729.777666041639,1113088,36.6212692260742
1818,689.838666079375,2500,730.558893517232,1115588,36.6212692260742
1819,85.7625271617503,212,682.789378970799,1115800,36.6212692260742
1820,807.480972256298,2500,688.752199126553,1118300,36.6212692260742
1821,142.492198468093,210,627.167743539404,1118510,36.6212692260742
1822,723.859502603584,2500,625.485856641801,1121010,36.6212692260742
1823,644.706066766496,2500,612.387632417027,1123510,36.6212692260742
1824,890.588768594995,2500,625.744751808441,1126010,36.6212692260742
1825,550.192983892789,2500,604.134128961804,1128510,36.6212692260742
1826,864.392491553049,2500,613.386485283405,1131010,36.6212692260742
1827,728.438373759666,2500,612.775255113609,1133510,36.6212692260742
1828,771.309177263377,2500,620.92230623201,1136010,36.6212692260742
1829,645.071505197187,2500,676.853204035553,1138510,36.6212692260742
1830,641.472105664331,2500,660.252317376357,1141010,39.4580421447754
1831,744.863800819755,2500,720.489477611523,1143510,39.4580421447754
1832,771.289387527885,2500,725.232466103953,1146010,39.4580421447754
1833,785.334167613246,2500,739.295276188628,1148510,39.4580421447754
1834,721.420961847591,2500,722.378495513888,1151010,39.4580421447754
1835,789.213504675528,2500,746.280547592161,1153510,39.4580421447754
1836,721.603355106746,2500,732.001633947531,1156010,39.4580421447754
1837,918.649174941144,2500,751.022714065679,1158510,39.4580421447754
1838,691.177563836579,2500,743.009552722999,1161010,39.4580421447754
1839,626.334958200123,2500,741.135898023293,1163510,39.4580421447754
1840,662.176561217036,2500,743.206343578563,1166010,39.4580421447754
1841,827.174117219359,2500,751.437375218524,1168510,39.4580421447754
1842,831.773933871414,2500,757.485829852877,1171010,39.4580421447754
1843,731.984151947304,2500,752.150828286282,1173510,39.4580421447754
1844,666.464688626161,2500,746.655200964139,1176010,39.4580421447754
1845,734.840494118725,2500,741.217899908459,1178510,39.4580421447754
1846,738.735151146243,2500,742.931079512409,1181010,39.4580421447754
1847,735.911129142576,2500,724.657274932552,1183510,39.4580421447754
1848,104.24117914225,193,665.963636463119,1183703,39.4580421447754
1849,720.3552840802,2500,675.365669051127,1186203,39.4580421447754
1850,812.087819983962,2500,690.356794927819,1188703,39.4580421447754
1851,710.693366709409,2500,678.708719876824,1191203,39.4580421447754
1852,658.645340428419,2500,661.395860532525,1193703,39.4580421447754
1853,717.3849707247,2500,659.935942410264,1196203,37.7431678771973
1854,617.551224131529,2500,655.044595960801,1198703,37.7431678771973
1855,688.189410574398,2500,650.379487606369,1201203,37.7431678771973
1856,752.898843299308,2500,651.795856821675,1203703,37.7431678771973
1857,734.33348560724,2500,651.638092468142,1206203,37.7431678771973
1858,684.139870211065,2500,709.627961575023,1208703,37.7431678771973
1859,770.446908654609,2500,714.637124032464,1211203,37.7431678771973
1860,722.452100407861,2500,705.673552074854,1213703,37.7431678771973
1861,771.835902282784,2500,711.787805632191,1216203,37.7431678771973
1862,737.864793958307,2500,719.70975098518,1218703,37.7431678771973
1863,855.236307754044,2500,733.494884688115,1221203,37.7431678771973
1864,120.185332644904,238,683.758295539452,1221441,37.7431678771973
1865,669.757104928787,2500,681.915064974891,1223941,37.7431678771973
1866,751.215867191093,2500,681.746767364069,1226441,37.7431678771973
1867,812.567161839149,2500,689.57013498726,1228941,37.7431678771973
1868,719.772513996824,2500,693.133399365836,1231441,37.7431678771973
1869,858.770663058092,2500,701.965774806185,1233941,37.7431678771973
1870,770.411881902425,2500,706.761752955641,1236441,37.7431678771973
1871,746.971425903195,2500,704.275305317682,1238941,37.7431678771973
1872,784.453145805757,2500,708.934140502427,1241441,37.7431678771973
1873,614.234704850886,2500,684.833980212111,1243941,37.7431678771973
1874,99.6209200292569,179,682.777538950547,1244120,37.7431678771973
1875,837.597136576176,2500,699.561542115285,1246620,37.7501945495605
1876,781.174739155736,2500,702.55742931175,1249120,37.7501945495605
1877,812.61504436978,2500,702.562217564813,1251620,37.7501945495605
1878,750.821837970508,2500,705.667149962181,1254120,37.7501945495605
1879,691.02937847193,2500,688.893021503565,1256620,37.7501945495605
1880,737.340970237437,2500,685.585930337066,1259120,37.7501945495605
1881,717.60232486538,2500,682.649020233285,1261620,37.7501945495605
1882,795.106974689726,2500,683.714403121682,1264120,37.7501945495605
1883,763.837074094739,2500,698.674640046067,1266620,37.7501945495605
1884,738.438373957169,2500,762.556385438858,1269120,37.7501945495605
1885,854.875952330446,2500,764.284267014285,1271620,37.7501945495605
1886,780.707985036887,2500,764.2375916024,1274120,37.7501945495605
1887,723.017068863726,2500,755.277794051795,1276620,37.7501945495605
1888,750.797586838917,2500,755.275368938636,1279120,37.7501945495605
1889,742.175921185308,2500,760.390023209974,1281620,37.7501945495605
1890,37.1752019194416,174,690.373446378174,1281794,37.7501945495605
1891,830.14059061044,2500,701.62727295268,1284294,37.7501945495605
1892,910.036573310458,2500,713.120232814753,1286794,37.7501945495605
1893,771.158761420502,2500,713.85240154733,1289294,37.7501945495605
1894,803.08434094142,2500,720.316998245755,1291794,37.7501945495605
1895,714.223323723766,2500,706.251735385087,1294294,37.7501945495605
1896,765.937679094539,2500,704.774704790852,1296794,37.7501945495605
1897,780.29436163024,2500,710.502434067503,1299294,40.8104362487793
1898,526.183283869972,2500,688.041003770609,1301794,40.8104362487793
1899,667.979888140015,2500,680.621400466079,1304294,40.8104362487793
1900,585.511357764015,2500,735.455016050537,1306794,40.8104362487793
1901,615.886841731383,2500,714.029641162631,1309294,40.8104362487793
1902,685.743684465455,2500,691.600352278131,1311794,40.8104362487793
1903,645.415288415168,2500,679.026004977597,1314294,40.8104362487793
1904,731.180731315076,2500,671.835644014963,1316794,40.8104362487793
1905,137.306636502541,203,614.14397529284,1316997,40.8104362487793
1906,709.886901229473,2500,608.538897506334,1319497,40.8104362487793
1907,510.677425728307,2500,581.57720391614,1321997,40.8104362487793
1908,459.533100493437,2500,574.912185578487,1324497,40.8104362487793
1909,655.150045831086,2500,573.629201347594,1326997,40.8104362487793
1910,659.675336409282,2500,581.045599212121,1329497,40.8104362487793
1911,647.619584979657,2500,584.218873536948,1331997,40.8104362487793
1912,585.138998117649,2500,574.158404902168,1334497,40.8104362487793
1913,671.47127912427,2500,576.764003973078,1336997,40.8104362487793
1914,526.696475736385,2500,556.315578415209,1339497,40.8104362487793
1915,660.068821107955,2500,608.59179687575,1341997,40.8104362487793
1916,623.255400111107,2500,599.928646763914,1344497,40.8104362487793
1917,458.681132130916,2500,594.729017404174,1346997,40.8104362487793
1918,665.942123588234,2500,615.369919713654,1349497,40.8104362487793
1919,777.727987811381,2500,627.627713911683,1351997,37.2350425720215
1920,686.850081617872,2500,630.345188432542,1354497,37.2350425720215
1921,740.186253421769,2500,639.601855276754,1356997,37.2350425720215
1922,719.19440702234,2500,653.007396167223,1359497,37.2350425720215
1923,787.289206449572,2500,664.589188899753,1361997,37.2350425720215
1924,835.990633805815,2500,695.518604706696,1364497,37.2350425720215
1925,793.89674731115,2500,708.901397327016,1366997,37.2350425720215
1926,749.519637373731,2500,721.527821053278,1369497,37.2350425720215
1927,784.251031300154,2500,754.084810970202,1371997,37.2350425720215
1928,805.815098669711,2500,768.072108478349,1374497,37.2350425720215
1929,738.529648824998,2500,764.152274579711,1376997,37.2350425720215
1930,706.08189569264,2500,766.075455987188,1379497,37.2350425720215
1931,798.567087977495,2500,771.913539442761,1381997,37.2350425720215
1932,750.471995574095,2500,775.041298297936,1384497,37.2350425720215
1933,743.548593223579,2500,770.667236975337,1386997,37.2350425720215
1934,783.973532327598,2500,765.465526827515,1389497,37.2350425720215
1935,720.675428641816,2500,758.143394960582,1391997,37.2350425720215
1936,770.056147770135,2500,760.197046000222,1394497,37.2350425720215
1937,712.376962092313,2500,753.009639079438,1396997,37.2350425720215
1938,761.683986984019,2500,748.596527910869,1399497,37.2350425720215
1939,692.588988252977,2500,744.002461853667,1401997,37.2350425720215
1940,765.377402163008,2500,749.932012500703,1404497,37.2350425720215
1941,871.120201094779,2500,757.187323812432,1406997,38.6669807434082
1942,854.78486500942,2500,767.618610755964,1409497,38.6669807434082
1943,848.997970074315,2500,778.163548441038,1411997,38.6669807434082
1944,744.310126897765,2500,774.197207898055,1414497,38.6669807434082
1945,865.266592351524,2500,788.656324269026,1416997,38.6669807434082
1946,754.670810672609,2500,787.117790559273,1419497,38.6669807434082
1947,744.041336671793,2500,790.284228017221,1421997,38.6669807434082
1948,657.192787021957,2500,779.835108021015,1424497,38.6669807434082
1949,869.369235597281,2500,797.513132755445,1426997,38.6669807434082
1950,742.496315854789,2500,795.225024124623,1429497,38.6669807434082
1951,749.55796024968,2500,783.068800040113,1431997,38.6669807434082
1952,761.779702554557,2500,773.768283794627,1434497,38.6669807434082
1953,679.476129349587,2500,756.816099722154,1436997,38.6669807434082
1954,732.747470735171,2500,755.659834105895,1439497,38.6669807434082
1955,124.556128587323,227,681.588787729475,1439724,38.6669807434082
1956,757.688854771492,2500,681.890592139363,1442224,38.6669807434082
1957,884.723186767527,2500,695.958777148936,1444724,38.6669807434082
1958,727.218426368076,2500,702.961341083548,1447224,38.6669807434082
1959,744.530081651223,2500,690.477425688943,1449724,38.6669807434082
1960,691.773765500006,2500,685.405170653464,1452224,38.6669807434082
1961,687.228351377849,2500,679.172209766281,1454724,38.6669807434082
1962,764.47990594309,2500,679.442230105134,1457224,38.6669807434082
1963,556.193115050467,2500,667.113928675222,1459724,37.8327865600586
1964,643.193991267359,2500,658.158580728441,1462224,37.8327865600586
1965,636.340621311882,2500,709.337030000897,1464724,37.8327865600586
1966,663.45978491008,2500,699.914123014756,1467224,37.8327865600586
1967,614.01981061239,2500,672.843785399242,1469724,37.8327865600586
1968,537.889488245569,2500,653.910891586992,1472224,37.8327865600586
1969,548.269807587951,2500,634.284864180664,1474724,37.8327865600586
1970,684.073003253998,2500,633.514787956064,1477224,37.8327865600586
1971,657.832231289912,2500,630.57517594727,1479724,37.8327865600586
1972,678.190606143964,2500,621.946245967357,1482224,37.8327865600586
1973,604.208311381628,2500,626.747765600473,1484724,37.8327865600586
1974,653.580701731431,2500,627.786436646881,1487224,37.8327865600586
1975,704.055475768187,2500,634.557922092511,1489724,37.8327865600586
1976,618.391459934678,2500,630.051089594971,1492224,37.8327865600586
1977,572.639936080267,2500,625.913102141759,1494724,37.8327865600586
1978,682.491789160991,2500,640.373332233301,1497224,37.8327865600586
1979,606.270662865393,2500,646.173417761045,1499724,37.8327865600586
1980,573.515919838823,2500,635.117709419528,1502224,37.8327865600586
1981,582.413984616443,2500,627.575884752181,1504724,37.8327865600586
1982,623.798014117598,2500,622.136625549544,1507224,37.8327865600586
1983,629.24799106843,2500,624.640593518224,1509724,37.8327865600586
1984,538.231150460009,2500,613.105638391082,1512224,37.8327865600586
1985,62.3453157558539,172,548.934622389849,1512396,37.8327865600586
1986,61.3891765579541,141,493.234394052176,1512537,37.8327865600586
1987,792.180163138152,2500,515.188416757965,1515037,37.481128692627
1988,751.425377407305,2500,522.081775582596,1517537,37.481128692627
1989,742.01395424969,2500,535.656104721026,1520037,37.481128692627
1990,746.159877472489,2500,552.920500484392,1522537,37.481128692627
1991,784.27545712317,2500,573.106647735065,1525037,37.481128692627
1992,758.624724984974,2500,586.589318821803,1527537,37.481128692627
1993,779.115518606229,2500,601.576071575583,1530037,37.481128692627
1994,687.420944172907,2500,616.495050946872,1532537,37.481128692627
1995,788.147337240235,2500,689.07525309531,1535037,37.481128692627
1996,721.404264246127,2500,755.076761864128,1537537,37.481128692627
1997,798.768054437784,2500,755.735550994091,1540037,37.481128692627
1998,747.736089175751,2500,755.366622170936,1542537,37.481128692627
1999,618.921495400517,2500,743.057376286018,1545037,37.481128692627
2000,723.67767687328,2500,740.809156226097,1547537,37.481128692627
2001,683.647368300647,2500,730.746347343845,1550037,37.481128692627
2002,696.178728857165,2500,724.501747731064,1552537,37.481128692627
2003,821.940625409346,2500,728.784258411376,1555037,37.481128692627
2004,702.268953058417,2500,730.269059299927,1557537,37.481128692627
2005,625.929868050871,2500,714.04731238099,1560037,37.481128692627
2006,734.083410630546,2500,715.315227019432,1562537,37.481128692627
2007,680.521265473488,2500,703.490548123003,1565037,38.6537170410156
2008,693.61984993471,2500,698.078924198899,1567537,38.6537170410156
2009,631.746147881017,2500,699.361389446949,1570037,38.6537170410156
2010,711.526298299057,2500,698.146251589526,1572537,38.6537170410156
2011,701.070234350811,2500,699.888538194543,1575037,38.6537170410156
2012,705.537836195235,2500,700.82444892835,1577537,38.6537170410156
2013,772.160468737117,2500,695.846433261127,1580037,38.6537170410156
2014,775.945108834057,2500,703.214048838691,1582537,38.6537170410156
2015,762.673570699001,2500,716.888419103504,1585037,38.6537170410156
2016,708.886028370052,2500,714.368680877454,1587537,38.6537170410156
2017,847.85147505997,2500,731.101701836103,1590037,38.6537170410156
2018,767.303647645359,2500,738.470081607167,1592537,38.6537170410156
2019,707.067710010758,2500,746.002237820142,1595037,38.6537170410156
2020,733.199060809,2500,748.169514071136,1597537,38.6537170410156
2021,762.722067395861,2500,754.334697375641,1600037,38.6537170410156
2022,762.540122317951,2500,760.034925987913,1602537,38.6537170410156
2023,706.691398755846,2500,753.488018989785,1605037,38.6537170410156
2024,854.791435358227,2500,761.372651642203,1607537,38.6537170410156
2025,794.613620683961,2500,764.566656640699,1610037,38.6537170410156
2026,772.872181063894,2500,770.965271910083,1612537,38.6537170410156
2027,663.329311800991,2500,752.513055584185,1615037,38.6537170410156
2028,49.3927337063746,154,680.721964190286,1615191,38.6537170410156
2029,845.099343838684,2500,694.525127573079,1617691,38.6537170410156
2030,745.880703830851,2500,695.793291875264,1620191,38.6537170410156
2031,150.014813944596,241,634.522566530138,1620432,38.6537170410156
2032,825.439796534058,2500,640.812533951748,1622932,38.7075080871582
2033,819.730789618384,2500,652.116473038002,1625432,38.7075080871582
2034,781.477302241346,2500,644.785059726314,1627932,38.7075080871582
2035,846.581574677552,2500,649.981855125673,1630432,38.7075080871582
2036,714.47485772778,2500,644.142122792062,1632932,38.7075080871582
2037,785.167128690171,2500,656.32590448098,1635432,38.7075080871582
2038,822.066677578237,2500,733.593298868166,1637932,38.7075080871582
2039,801.431991235983,2500,729.226563607896,1640432,38.7075080871582
2040,809.509221747322,2500,735.589415399543,1642932,38.7075080871582
2041,825.759575990738,2500,803.163891604157,1645432,38.7075080871582
2042,817.491832193269,2500,802.369095170078,1647932,38.7075080871582
2043,765.236166156609,2500,796.919632823901,1650432,38.7075080871582
2044,745.39466460571,2500,793.311369060337,1652932,38.7075080871582
2045,754.737539488165,2500,784.126965541398,1655432,38.7075080871582
2046,946.676099977111,2500,807.347089766332,1657932,38.7075080871582
2047,902.842693871788,2500,819.114646284493,1660432,38.7075080871582
2048,794.182881307733,2500,816.326266657443,1662932,38.7075080871582
2049,720.4515210107,2500,808.228219634914,1665432,38.7075080871582
2050,927.710716225449,2500,820.048369082727,1667932,38.7075080871582
2051,688.300200579968,2500,806.30243154165,1670432,38.2485122680664
2052,642.409712654927,2500,788.794219587816,1672932,38.2485122680664
2053,810.790336365377,2500,793.349636608693,1675432,38.2485122680664
2054,611.853892908388,2500,779.99555943896,1677932,38.2485122680664
2055,674.690839807314,2500,771.990889470875,1680432,38.2485122680664
2056,743.982959435653,2500,751.721575416729,1682932,38.2485122680664
2057,652.626557759834,2500,726.699961805534,1685432,38.2485122680664
2058,717.603510976082,2500,719.042024772369,1687932,38.2485122680664
2059,671.923627962184,2500,714.189235467517,1690432,38.2485122680664
2060,658.161851484768,2500,687.234348993449,1692932,38.2485122680664
2061,698.161923325604,2500,688.220521268013,1695432,38.2485122680664
2062,545.378495680822,2500,678.517399570602,1697932,38.2485122680664
2063,672.002887251757,2500,664.638654659241,1700432,38.2485122680664
2064,613.173602176287,2500,664.77062558603,1702932,38.2485122680664
2065,722.048173380782,2500,669.506358943377,1705432,38.2485122680664
2066,560.117178755115,2500,651.119780875323,1707932,38.2485122680664
2067,657.669347387225,2500,651.624059838063,1710432,38.2485122680664
2068,748.617818207306,2500,654.725490561185,1712932,38.2485122680664
2069,706.258312536435,2500,658.15895901861,1715432,38.2485122680664
2070,852.082207816241,2500,677.550994651757,1717932,38.2485122680664
2071,677.285739280341,2500,675.463376247231,1720432,38.2485122680664
2072,710.779981264089,2500,692.003524805558,1722932,38.2485122680664
2073,711.352615227992,2500,695.938497603181,1725432,38.2485122680664
2074,681.11600585714,2500,702.732737971267,1727932,38.2485122680664
2075,674.65535900749,2500,697.993456533937,1730432,38.2485122680664
2076,765.61945278975,2500,718.543683937401,1732932,40.8025932312012
2077,756.135865656518,2500,728.39033576433,1735432,40.8025932312012
2078,784.30978530761,2500,731.959532474361,1737932,40.8025932312012
2079,761.121645797558,2500,737.445865800473,1740432,40.8025932312012
2080,772.902994285746,2500,729.527944447423,1742932,40.8025932312012
2081,792.533265162278,2500,741.052697035617,1745432,40.8025932312012
2082,766.40568167226,2500,746.615267076434,1747932,40.8025932312012
2083,883.51734647937,2500,763.831740201572,1750432,40.8025932312012
2084,740.444984375819,2500,769.76463805344,1752932,40.8025932312012
2085,688.752665869614,2500,771.174368739652,1755432,40.8025932312012
2086,768.121728752254,2500,771.424596335903,1757932,40.8025932312012
2087,798.632817226624,2500,775.674291492913,1760432,40.8025932312012
2088,715.371164132333,2500,768.780429375386,1762932,40.8025932312012
2089,687.332878829754,2500,761.401552678605,1765432,40.8025932312012
2090,639.0411860011,2500,748.015371850141,1767932,40.8025932312012
2091,772.526138722102,2500,746.014659206123,1770432,40.8025932312012
2092,756.821676936875,2500,745.056258732585,1772932,40.8025932312012
2093,744.245248415478,2500,731.129048926195,1775432,40.8025932312012
2094,744.540296135949,2500,731.538580102208,1777932,40.8025932312012
2095,760.996365803263,2500,738.762950095573,1780432,38.3830680847168
2096,779.248682240378,2500,739.875645444386,1782932,38.3830680847168
2097,686.268245931451,2500,728.639188314868,1785432,38.3830680847168
2098,873.245427687589,2500,744.426614670394,1787932,38.3830680847168
2099,715.916911311206,2500,747.285017918539,1790432,38.3830680847168
2100,907.523722457632,2500,774.133271564192,1792932,38.3830680847168
2101,652.117396470171,2500,762.092397338999,1795432,38.3830680847168
2102,710.530864384392,2500,757.463316083751,1797932,38.3830680847168
2103,793.48592174746,2500,762.387383416949,1800432,38.3830680847168
2104,711.509216792146,2500,759.084275482569,1802932,38.3830680847168
2105,801.833702158107,2500,763.168009118053,1805432,38.3830680847168
2106,795.629467347505,2500,764.806087628766,1807932,38.3830680847168
2107,693.006975522558,2500,765.479960587877,1810432,38.3830680847168
2108,752.177069236099,2500,753.373124742728,1812932,38.3830680847168
2109,817.393338522422,2500,763.520767463849,1815432,38.3830680847168
2110,683.665965373844,2500,741.13499175547,1817932,38.3830680847168
2111,854.468575956469,2500,761.3701097041,1820432,38.3830680847168
2112,808.25921281604,2500,771.142944547265,1822932,38.3830680847168
2113,745.868807507221,2500,766.381233123241,1825432,38.3830680847168
2114,701.737316485467,2500,765.404043092573,1827932,38.3830680847168
2115,792.750646726859,2500,764.495737549448,1830432,38.3830680847168
2116,687.681407992153,2500,753.700931613913,1832932,38.3830680847168
2117,798.773736787176,2500,764.277607740375,1835432,38.3830680847168
2118,637.758786708482,2500,752.835779487613,1837932,38.3830680847168
2119,753.886374814279,2500,746.485083116799,1840432,38.3830680847168
2120,750.15617245729,2500,753.134103825143,1842932,38.7011070251465
2121,707.690817041492,2500,738.456327933646,1845432,38.7011070251465
2122,800.224211155487,2500,737.65282776759,1847932,38.7011070251465
2123,769.371630468187,2500,740.003110063687,1850432,38.7011070251465
2124,684.954066860915,2500,738.324785101232,1852932,38.7011070251465
2125,719.601191267719,2500,731.009839555318,1855432,38.7011070251465
2126,635.748307963877,2500,725.81652955249,1857932,38.7011070251465
2127,745.651654578696,2500,720.504321331642,1860432,38.7011070251465
2128,677.334281922958,2500,724.46187085309,1862932,38.7011070251465
2129,802.68576872826,2500,729.341810244488,1865432,38.7011070251465
2130,645.291377425058,2500,718.855330741265,1867932,38.7011070251465
2131,757.67552416262,2500,723.853801453378,1870432,38.7011070251465
2132,703.894147487901,2500,714.220795086619,1872932,38.7011070251465
2133,743.123628315724,2500,711.595994871373,1875432,38.7011070251465
2134,558.931705904714,2500,698.993758775753,1877932,38.7011070251465
2135,875.058452042967,2500,714.539484853278,1880432,38.7011070251465
2136,721.413051936949,2500,723.105959250585,1882932,38.7011070251465
2137,767.005900126672,2500,725.241383805382,1885432,38.7011070251465
2138,655.310993004356,2500,723.039054913522,1887932,38.7011070251465
2139,662.983127638608,2500,709.068790804557,1890432,38.9873199462891
2140,804.751591588171,2500,725.014812220868,1892932,38.9873199462891
2141,757.184409246801,2500,724.965700729286,1895432,38.9873199462891
2142,743.318703507379,2500,728.908156331234,1897932,38.9873199462891
2143,758.978375933101,2500,730.493631092972,1900432,38.9873199462891
2144,670.110577375767,2500,741.611518240077,1902932,38.9873199462891
2145,742.019822812571,2500,728.307655317038,1905432,38.9873199462891
2146,701.972762502036,2500,726.363626373546,1907932,38.9873199462891
2147,755.518331804302,2500,725.214869541309,1910432,38.9873199462891
2148,827.83220651881,2500,742.466990892755,1912932,38.9873199462891
2149,756.47935108879,2500,751.816613237773,1915432,38.9873199462891
2150,814.783989065232,2500,752.819852985479,1917932,38.9873199462891
2151,783.365098193694,2500,755.437921880168,1920432,38.9873199462891
2152,738.647690389498,2500,754.97082056838,1922932,38.9873199462891
2153,740.229349224753,2500,753.095917897545,1925432,38.9873199462891
2154,671.824369672995,2500,753.267297127268,1927932,38.9873199462891
2155,687.038366483069,2500,747.769151494318,1930432,38.9873199462891
2156,653.551861751546,2500,742.927061419269,1932932,38.9873199462891
2157,797.773049134455,2500,747.152533152284,1935432,38.9873199462891
2158,798.61035577137,2500,744.23034807754,1937932,38.9873199462891
2159,731.527390559634,2500,741.735152024625,1940432,38.9873199462891
2160,166.931675682068,246,676.949920686308,1940678,38.9873199462891
2161,790.91151862916,2500,677.704562729855,1943178,38.9873199462891
2162,799.341031076775,2500,683.773896798583,1945678,38.9873199462891
2163,664.801326452837,2500,676.231094521391,1948178,38.9873199462891
2164,787.237240979228,2500,687.772381652014,1950678,38.2394409179688
2165,791.876735294355,2500,698.256218533143,1953178,38.2394409179688
2166,881.22684026066,2500,721.023716384054,1955678,38.2394409179688
2167,807.193386273228,2500,721.965750097932,1958178,38.2394409179688
2168,916.824052321741,2500,733.787119752969,1960678,38.2394409179688
2169,807.84591802185,2500,741.41897249919,1963178,38.2394409179688
2170,819.949580081891,2500,806.720762939173,1965678,38.2394409179688
2171,798.7681668282,2500,807.506427759076,1968178,38.2394409179688
2172,803.423874117158,2500,807.914712063115,1970678,38.2394409179688
2173,786.495950326168,2500,820.084174450448,1973178,38.2394409179688
2174,159.098958248233,241,757.270346177348,1973419,38.2394409179688
2175,788.14280220358,2500,756.896952868271,1975919,38.2394409179688
2176,844.246346591105,2500,753.198903501315,1978419,38.2394409179688
2177,818.718236432732,2500,754.351388517266,1980919,38.2394409179688
2178,698.659216993316,2500,732.534904984423,1983419,38.2394409179688
2179,821.709390950882,2500,733.921252277326,1985919,38.2394409179688
2180,816.793311389299,2500,733.605625408067,1988419,38.2394409179688
2181,808.938319684033,2500,734.622640693651,1990919,38.2394409179688
2182,782.52801176177,2500,732.533054458112,1993419,38.2394409179688
2183,801.751369524581,2500,734.058596377953,1995919,41.0166282653809
2184,805.484765554912,2500,798.697177108621,1998419,41.0166282653809
2185,795.025017183043,2500,799.385398606567,2000919,41.0166282653809
2186,833.118863063749,2500,798.272650253832,2003419,41.0166282653809
2187,749.595998622118,2500,791.36042647277,2005919,41.0166282653809
2188,768.11781664848,2500,798.306286438287,2008419,41.0166282653809
2189,752.239420352275,2500,791.359289378426,2010919,41.0166282653809
2190,805.793939892536,2500,790.25935222875,2013419,41.0166282653809
2191,782.066778571933,2500,787.57219811754,2015919,41.0166282653809
2192,829.976375833832,2500,792.317034524746,2018419,41.0166282653809
2193,738.574644455587,2500,785.999362017847,2020919,41.0166282653809
2194,730.426085528434,2500,778.493494015199,2023419,41.0166282653809
2195,822.398887307574,2500,781.230881027652,2025919,41.0166282653809
2196,894.271186182543,2500,787.346113339531,2028419,41.0166282653809
2197,730.839679112751,2500,785.470481388595,2030919,41.0166282653809
2198,721.662346381411,2500,780.824934361888,2033419,41.0166282653809
2199,882.53767200532,2500,793.854759527192,2035919,41.0166282653809
2200,778.561626016804,2500,791.131528139619,2038419,41.0166282653809
2201,823.941210488225,2500,795.318971331248,2040919,41.0166282653809
2202,832.976997723144,2500,795.619033520179,2043419,41.0166282653809
2203,736.104856476148,2500,795.372054722235,2045919,41.0166282653809
2204,833.686398531256,2500,805.698086022518,2048419,41.0166282653809
2205,867.896894924514,2500,810.247886784212,2050919,41.0166282653809
2206,753.393015639033,2500,796.160069729861,2053419,41.0166282653809
2207,774.986984885574,2500,800.574800307143,2055919,41.0166282653809
2208,73.3201695589546,149,735.740582624897,2056068,41.0166282653809
2209,860.166083333826,2500,733.503423757748,2058568,39.0884017944336
2210,825.705086307481,2500,738.217769786816,2061068,39.0884017944336
2211,817.87862168792,2500,737.611510906785,2063568,39.0884017944336
2212,723.028687506256,2500,726.616679885096,2066068,39.0884017944336
2213,819.374786104318,2500,734.943672847913,2068568,39.0884017944336
2214,836.711341231606,2500,735.246167117948,2071068,39.0884017944336
2215,823.677060781523,2500,730.824183703649,2073568,39.0884017944336
2216,825.042402076848,2500,737.989122347431,2076068,39.0884017944336
2217,755.781432171977,2500,736.068567076071,2078568,39.0884017944336
2218,825.613920661004,2500,811.297942186276,2081068,39.0884017944336
2219,796.160544170861,2500,804.89738826998,2083568,39.0884017944336
2220,843.914092218432,2500,806.718288861075,2086068,39.0884017944336
2221,955.055922691008,2500,820.436018961383,2088568,39.0884017944336
2222,99.5033290944922,195,758.083483120207,2088763,39.0884017944336
2223,171.733909822641,328,693.319395492039,2089091,39.0884017944336
2224,931.143563655501,2500,702.762617734429,2091591,39.0884017944336
2225,904.999265575821,2500,710.894838213859,2094091,39.0884017944336
2226,862.468836499267,2500,714.6374816561,2096591,39.0884017944336
2227,226.367992413907,305,661.696137680294,2096896,39.0884017944336
2228,104.600666138817,199,589.594812228075,2097095,39.0884017944336
2229,863.021901266273,2500,596.280947937616,2099595,40.1046333312988
2230,701.408916594767,2500,582.030430375249,2102095,40.1046333312988
2231,741.276356028797,2500,560.652473709028,2104595,40.1046333312988
2232,778.875891367665,2500,628.589729936346,2107095,40.1046333312988
2233,716.274764428808,2500,683.043815396962,2109595,40.1046333312988
2234,739.73027485472,2500,663.902486516884,2112095,40.1046333312988
2235,726.561970862613,2500,646.058757045564,2114595,40.1046333312988
2236,776.173603032096,2500,637.429233698846,2117095,40.1046333312988
2237,704.59095738684,2500,685.25153019614,2119595,40.1046333312988
2238,776.658123305124,2500,752.45727591277,2122095,40.1046333312988
2239,733.674819511233,2500,739.522567737266,2124595,40.1046333312988
2240,841.269226602025,2500,753.508598737992,2127095,40.1046333312988
2241,760.221659130996,2500,755.403129048212,2129595,40.1046333312988
2242,727.116199324716,2500,750.227159843917,2132095,40.1046333312988
2243,763.460972375453,2500,754.945780638582,2134595,40.1046333312988
2244,609.133968828712,2500,741.886150035981,2137095,40.1046333312988
2245,786.788460152569,2500,747.908798964976,2139595,40.1046333312988
2246,783.119462894678,2500,748.603384951234,2142095,40.1046333312988
2247,221.602113326683,296,700.304500545219,2142391,40.1046333312988
2248,887.355899418951,2500,711.374278156601,2144891,40.1046333312988
2249,749.728973973024,2500,712.979693602781,2147391,40.1046333312988
2250,767.676431542557,2500,705.620414096834,2149891,40.1046333312988
2251,788.636244731167,2500,708.461872656851,2152391,40.1046333312988
2252,652.137079891505,2500,700.96396071353,2154891,40.1046333312988
2253,832.94760445589,2500,707.912623921574,2157391,37.2886734008789
2254,841.891530789668,2500,731.188380117669,2159891,37.2886734008789
2255,846.766762210726,2500,737.186210323485,2162391,37.2886734008789
2256,730.738372436873,2500,731.948101277704,2164891,37.2886734008789
2257,836.895439268121,2500,793.477433871848,2167391,37.2886734008789
2258,1033.45632986455,2500,808.087476916408,2169891,37.2886734008789
2259,773.085297250952,2500,810.423109244201,2172391,37.2886734008789
2260,801.383849074648,2500,813.79385099741,2174891,37.2886734008789
2261,831.028089917537,2500,818.033035516047,2177391,37.2886734008789
2262,824.152515348473,2500,835.234579061744,2179891,37.2886734008789
2263,848.590421787295,2500,836.798860794885,2182391,37.2886734008789
2264,728.984425793532,2500,825.508150295271,2184891,37.2886734008789
2265,890.679940304287,2500,829.899468104627,2187391,37.2886734008789
2266,825.604455459709,2500,839.386076406911,2189891,37.2886734008789
2267,868.997380870869,2500,842.596270567185,2192391,37.2886734008789
2268,834.726693925969,2500,822.723306973327,2194891,37.2886734008789
2269,780.005647675029,2500,823.415342015735,2197391,37.2886734008789
2270,835.462923192949,2500,826.823249427565,2199891,37.2886734008789
2271,753.150228447677,2500,819.035463280579,2202391,37.2886734008789
2272,872.070455073745,2500,823.827257253106,2204891,37.2886734008789
2273,783.541597591913,2500,817.322374833568,2207391,38.5967597961426
2274,737.495130410425,2500,818.173445295257,2209891,38.5967597961426
2275,712.01467587106,2500,800.306918851935,2212391,38.5967597961426
2276,792.848385790344,2500,797.031311884998,2214891,38.5967597961426
2277,743.289712147566,2500,784.460545012668,2217391,38.5967597961426
2278,727.577524916842,2500,773.745628111755,2219891,38.5967597961426
2279,761.039105603249,2500,771.848973904577,2222391,38.5967597961426
2280,765.543833097327,2500,764.857064895015,2224891,38.5967597961426
2281,806.089868987544,2500,770.151028949002,2227391,38.5967597961426
2282,769.879705264439,2500,759.931953968071,2229891,38.5967597961426
2283,699.896128180689,2500,751.567407026949,2232391,38.5967597961426
2284,882.479903091712,2500,766.065884295077,2234891,38.5967597961426
2285,864.482815826827,2500,781.312698290654,2237391,38.5967597961426
2286,802.565063195688,2500,782.284366031188,2239891,38.5967597961426
2287,867.195861936274,2500,794.674981010059,2242391,38.5967597961426
2288,722.074582558232,2500,794.124686774198,2244891,38.5967597961426
2289,662.671833249452,2500,784.287959538819,2247391,38.5967597961426
2290,765.30970904813,2500,784.264547133899,2249891,38.5967597961426
2291,868.18720545257,2500,790.474280780402,2252391,38.5967597961426
2292,769.433225905354,2500,790.429632844493,2254891,38.5967597961426
2293,189.41980289558,273,739.382000315982,2255164,38.5967597961426
2294,776.677573689385,2500,728.801767375749,2257664,38.5967597961426
2295,948.616316233683,2500,737.215117416435,2260164,38.5967597961426
2296,743.27220794509,2500,731.285831891375,2262664,38.5967597961426
2297,739.606676173121,2500,718.52691331506,2265164,39.5560493469238
2298,836.078269649777,2500,729.927282024214,2267664,39.5560493469238
2299,760.543920628016,2500,739.714490762071,2270164,39.5560493469238
2300,742.290484572002,2500,737.412568314458,2272664,39.5560493469238
2301,818.26694422724,2500,732.420542191925,2275164,39.5560493469238
2302,759.959870598522,2500,731.473206661242,2277664,39.5560493469238
2303,784.721027941975,2500,791.003329165881,2280164,39.5560493469238
2304,729.362389586726,2500,786.271810755615,2282664,39.5560493469238
2305,800.459255643589,2500,771.456104696606,2285164,39.5560493469238
2306,735.603416417948,2500,770.689225543892,2287664,39.5560493469238
2307,870.625770929407,2500,783.79113501952,2290164,39.5560493469238
2308,799.010548079382,2500,780.084362862481,2292664,39.5560493469238
2309,734.084351910608,2500,777.43840599074,2295164,39.5560493469238
2310,734.050228335932,2500,776.614380367133,2297664,39.5560493469238
2311,783.042341313634,2500,773.091920075772,2300164,39.5560493469238
2312,775.882708086764,2500,774.684203824596,2302664,39.5560493469238
2313,784.048551563145,2500,774.616956186713,2305164,39.5560493469238
2314,735.559994750349,2500,775.236716703075,2307664,39.5560493469238
2315,776.842699568478,2500,772.875061095564,2310164,39.5560493469238
2316,888.745918644729,2500,788.189311318243,2312664,39.5560493469238
2317,783.757027039008,2500,779.502436929203,2315164,38.1225166320801
2318,900.160854056864,2500,789.617467526951,2317664,38.1225166320801
2319,874.493918424662,2500,803.658424178356,2320164,38.1225166320801
2320,889.777018162533,2500,819.231103161016,2322664,38.1225166320801
2321,856.097145156295,2500,826.536583545283,2325164,38.1225166320801
2322,843.602972578176,2500,833.308609994424,2327664,38.1225166320801
2323,766.142249925796,2500,831.517979830689,2330164,38.1225166320801
2324,828.050183350655,2500,840.76699869072,2332664,38.1225166320801
2325,805.328675806719,2500,843.615596314544,2335164,38.1225166320801
2326,764.838638901177,2500,831.224868340189,2337664,38.1225166320801
2327,811.779412961078,2500,834.027106932396,2340164,38.1225166320801
2328,778.938049769813,2500,821.904826503691,2342664,38.1225166320801
2329,852.084468789367,2500,819.663881540161,2345164,38.1225166320801
2330,889.770690819641,2500,819.663248805872,2347664,38.1225166320801
2331,842.226154110681,2500,818.27614970131,2350164,38.1225166320801
2332,876.768949077146,2500,821.592747351207,2352664,38.1225166320801
2333,856.146624764618,2500,830.593184835089,2355164,38.1225166320801
2334,772.388615117862,2500,825.02702801181,2357664,38.1225166320801
2335,804.045439603998,2500,824.898704391538,2360164,38.1225166320801
2336,785.579375196781,2500,826.972778021098,2362664,38.1225166320801
2337,897.216554458798,2500,835.51649217087,2365164,38.1225166320801
2338,858.773595228315,2500,843.500046716721,2367664,38.1225166320801
2339,1130.10875790324,2500,871.302475628107,2370164,38.1225166320801
2340,837.605228880378,2500,866.085929434181,2372664,38.1225166320801
2341,950.191267501348,2500,876.882440773248,2375164,40.3760414123535
2342,865.948014953522,2500,875.800347360885,2377664,40.3760414123535
2343,876.994862594772,2500,877.885171143901,2380164,40.3760414123535
2344,793.101389927599,2500,879.956448624875,2382664,40.3760414123535
2345,917.849773489908,2500,891.336882013466,2385164,40.3760414123535
2346,922.04259742428,2500,904.983204236215,2387664,40.3760414123535
2347,953.445660924992,2500,910.606114882835,2390164,40.3760414123535
2348,822.053795723753,2500,906.934134932379,2392664,40.3760414123535
2349,973.086759133446,2500,891.2319350554,2395164,40.3760414123535
2350,828.868734785467,2500,890.358285645908,2397664,40.3760414123535
2351,764.06540158494,2500,871.745699054268,2400164,40.3760414123535
2352,832.134055025864,2500,868.364303061502,2402664,40.3760414123535
2353,831.735882621269,2500,863.838405064152,2405164,40.3760414123535
2354,885.80400849565,2500,873.108666920957,2407664,40.3760414123535
2355,913.288387629379,2500,872.652528334904,2410164,40.3760414123535
2356,821.755527569626,2500,862.623821349439,2412664,40.3760414123535
2357,837.280490478045,2500,851.007304304744,2415164,40.3760414123535
2358,769.344862180951,2500,845.736410950464,2417664,40.3760414123535
2359,960.13339496323,2500,844.441074533442,2420164,40.3760414123535
2360,806.130935299952,2500,842.167294584891,2422664,40.3760414123535
2361,906.049826450813,2500,856.365737071478,2425164,42.9661521911621
2362,907.042920990667,2500,863.856623667958,2427664,42.9661521911621
2363,891.659671785784,2500,869.84900258441,2430164,42.9661521911621
2364,1046.99631703024,2500,885.968233437869,2432664,42.9661521911621
2365,828.074028065295,2500,877.44679748146,2435164,42.9661521911621
2366,976.332276042735,2500,892.904472328771,2437664,42.9661521911621
2367,878.645668808748,2500,897.040990161842,2440164,42.9661521911621
2368,855.082070793872,2500,905.614711023134,2442664,42.9661521911621
2369,888.859702964962,2500,898.487341823307,2445164,42.9661521911621
2370,869.546517602055,2500,904.828900053517,2447664,42.9661521911621
2371,1046.19539114695,2500,918.843456523131,2450164,42.9661521911621
2372,832.533370180505,2500,911.392501442114,2452664,42.9661521911621
2373,896.758733842707,2500,911.902407647807,2455164,42.9661521911621
2374,917.5760432501,2500,898.960380269793,2457664,42.9661521911621
2375,829.55383055535,2500,899.108360518798,2460164,42.9661521911621
2376,882.550418503088,2500,889.730174764834,2462664,42.9661521911621
2377,919.387024833542,2500,893.804310367313,2465164,42.9661521911621
2378,920.330518291537,2500,900.329155117079,2467664,42.9661521911621
2379,763.143004620072,2500,887.75748528259,2470164,42.9661521911621
2380,906.109941283087,2500,891.413827650694,2472664,42.9661521911621
2381,869.141435767976,2500,873.708432112796,2475164,42.9661521911621
2382,884.100504942502,2500,878.865145588996,2477664,42.9661521911621
2383,924.38766254702,2500,881.628038459427,2480164,42.9661521911621
2384,783.280036837655,2500,868.198437818183,2482664,42.9661521911621
2385,785.004823351933,2500,863.743537097841,2485164,39.4640693664551
2386,719.118134961567,2500,847.400308743689,2487664,39.4640693664551
2387,707.782002481919,2500,826.239806508527,2490164,39.4640693664551
2388,765.531600672724,2500,810.759914746646,2492664,39.4640693664551
2389,797.910050063574,2500,814.236619290996,2495164,39.4640693664551
2390,1001.36587596581,2500,823.762212759268,2497664,39.4640693664551
2391,731.593061063755,2500,810.007375288846,2500164,39.4640693664551
2392,831.824555976058,2500,804.779780392201,2502664,39.4640693664551
2393,737.155493383028,2500,786.056563475802,2505164,39.4640693664551
2394,745.907907138121,2500,782.319350505849,2507664,39.4640693664551
2395,804.651289483525,2500,784.283997119008,2510164,39.4640693664551
2396,796.469331787232,2500,792.019116801575,2512664,39.4640693664551
2397,1013.28476332446,2500,822.569392885829,2515164,39.4640693664551
2398,781.056124671847,2500,824.121845285741,2517664,39.4640693664551
2399,664.153735976166,2500,810.746213877,2520164,39.4640693664551
2400,764.423484517557,2500,787.051974732175,2522664,39.4640693664551
2401,823.979683707676,2500,796.290636996567,2525164,39.4640693664551
2402,226.88713737866,317,735.796895136827,2525481,39.4640693664551
2403,741.293329097062,2500,736.21067870823,2527981,39.4640693664551
2404,768.281902260657,2500,738.448078220484,2530481,39.4640693664551
2405,158.335560046567,218,673.816505276788,2530699,39.4640693664551
2406,128.605768115559,203,607.030148909621,2530902,39.4640693664551
2407,811.568749853442,2500,586.858547562519,2533402,41.7599487304688
2408,784.217471425714,2500,587.174682237906,2535902,41.7599487304688
2409,805.130708009214,2500,601.272379441211,2538402,41.7599487304688
2410,657.552133661586,2500,590.585244355614,2540902,41.7599487304688
2411,825.900770555499,2500,590.777353040396,2543402,41.7599487304688
2412,872.079091118177,2500,655.296548414348,2545902,41.7599487304688
2413,778.20344294536,2500,658.987559799178,2548402,41.7599487304688
2414,854.625244103558,2500,667.621893983468,2550902,41.7599487304688
2415,785.44412037812,2500,730.332750016623,2553402,41.7599487304688
2416,762.547479153305,2500,793.726921120397,2555902,41.7599487304688
2417,241.484255810646,296,736.718471716118,2556198,41.7599487304688
2418,777.997281378156,2500,736.096452711362,2558698,41.7599487304688
2419,794.25301779864,2500,735.008683690305,2561198,41.7599487304688
2420,710.409009368337,2500,740.29437126098,2563698,41.7599487304688
2421,868.336322204881,2500,744.537926425918,2566198,41.7599487304688
2422,731.495040903296,2500,730.47952140443,2568698,41.7599487304688
2423,821.108364364813,2500,734.770013546375,2571198,41.7599487304688
2424,738.346343139281,2500,723.142123449947,2573698,41.7599487304688
2425,740.87873070094,2500,718.68558448223,2576198,41.7599487304688
2426,803.763903861958,2500,722.807226953095,2578698,41.7599487304688
2427,775.997194313459,2500,776.258520803376,2581198,41.7599487304688
2428,677.102136199936,2500,766.169006285554,2583698,41.7599487304688
2429,76.4450070024167,173,694.388205205932,2583871,41.7599487304688
2430,831.35981454101,2500,706.483285723199,2586371,40.8042793273926
2431,773.106349070912,2500,696.960288409802,2588871,40.8042793273926
2432,814.507027808327,2500,705.261487100305,2591371,40.8042793273926
2433,805.940493025106,2500,703.744699966335,2593871,40.8042793273926
2434,745.340681237911,2500,704.444133776198,2596371,40.8042793273926
2435,812.335447083339,2500,711.589805414437,2598871,40.8042793273926
2436,759.972686063331,2500,707.210683634575,2601371,40.8042793273926
2437,802.647804444802,2500,709.875744647709,2603871,40.8042793273926
2438,749.123462212426,2500,717.077877248958,2606371,40.8042793273926
2439,767.298989821623,2500,786.163275530879,2608871,40.8042793273926
2440,787.128127607402,2500,781.740106837518,2611371,40.8042793273926
2441,847.782733646837,2500,789.20774529511,2613871,40.8042793273926
2442,810.345762986911,2500,788.791618812969,2616371,40.8042793273926
2443,174.989497536283,223,725.696519264086,2616594,40.8042793273926
2444,736.175392867281,2500,724.779990427024,2619094,40.8042793273926
2445,801.013149809033,2500,723.647760699593,2621594,40.8042793273926
2446,892.984725152123,2500,736.948964608472,2624094,40.8042793273926
2447,842.211441395369,2500,740.905328303529,2626594,40.8042793273926
2448,970.713579791911,2500,763.064340061477,2629094,40.8042793273926
2449,778.495643182413,2500,764.184005397556,2631594,40.8042793273926
2450,800.961779499254,2500,765.567370586742,2634094,40.8042793273926
2451,200.479938878563,293,700.837091109914,2634387,40.8042793273926
2452,732.771836734392,2500,693.079698484662,2636887,40.8382797241211
2453,715.393044340836,2500,747.120053165117,2639387,40.8382797241211
2454,762.503807069907,2500,749.75289458538,2641887,40.8382797241211
2455,749.47388585568,2500,744.598968190045,2644387,40.8382797241211
2456,728.648366465505,2500,728.165332321383,2646887,40.8382797241211
2457,707.577994976479,2500,714.701987679494,2649387,40.8382797241211
2458,770.282204603841,2500,694.658850160687,2651887,40.8382797241211
2459,829.401098009151,2500,699.749395643361,2654387,40.8382797241211
2460,804.119860303116,2500,700.065203723747,2656887,40.8382797241211
2461,831.351111099535,2500,763.152320945844,2659387,40.8382797241211
2462,747.545817172349,2500,764.62971898964,2661887,40.8382797241211
2463,650.162877072098,2500,758.106702262766,2664387,40.8382797241211
2464,657.069906733222,2500,747.563312229098,2666887,40.8382797241211
2465,743.761462564661,2500,746.992069899996,2669387,40.8382797241211
2466,777.71079799505,2500,751.89831305295,2671887,40.8382797241211
2467,696.344997999408,2500,750.775013355243,2674387,40.8382797241211
2468,642.093071126815,2500,737.95610000754,2676887,40.8382797241211
2469,724.022433286356,2500,727.418233535261,2679387,40.8382797241211
2470,808.919749207999,2500,727.898222425749,2681887,40.8382797241211
2471,776.09007983836,2500,722.372119299632,2684387,40.8382797241211
2472,709.991567134982,2500,718.616694295895,2686887,40.8382797241211
2473,830.469529678309,2500,736.647359556516,2689387,40.8382797241211
2474,762.156860313187,2500,747.156054914513,2691887,40.5682334899902
2475,985.377655937402,2500,771.317674251787,2694387,40.5682334899902
2476,668.608921826722,2500,760.407486634954,2696887,40.5682334899902
2477,865.837060077336,2500,777.356692842747,2699387,40.5682334899902
2478,809.408527175395,2500,794.088238447605,2701887,40.5682334899902
2479,861.981710510647,2500,807.884166170034,2704387,40.5682334899902
2480,736.196738041099,2500,800.611865053344,2706887,40.5682334899902
2481,785.01494760588,2500,801.504351830096,2709387,40.5682334899902
2482,702.188399768806,2500,800.724035093478,2711887,40.5682334899902
2483,686.387852740565,2500,786.315867399704,2714387,40.5682334899902
2484,799.219668968464,2500,790.022148265232,2716887,40.5682334899902
2485,722.12459921097,2500,763.696842592588,2719387,40.5682334899902
2486,909.837430907054,2500,787.819693500621,2721887,40.5682334899902
2487,821.754830207402,2500,783.411470513628,2724387,40.5682334899902
2488,828.082707566421,2500,785.278888552731,2726887,40.5682334899902
2489,698.230747241646,2500,768.903792225831,2729387,40.5682334899902
2490,821.526772291224,2500,777.436795650843,2731887,40.5682334899902
2491,216.617895262799,275,720.597090416535,2732162,40.5682334899902
2492,800.691396735106,2500,730.447390113165,2734662,40.5682334899902
2493,729.093696392204,2500,734.717974478329,2737162,40.5682334899902
2494,686.356213042818,2500,723.431628885764,2739662,40.5682334899902
2495,740.382470790201,2500,725.257416043687,2742162,40.5682334899902
2496,86.7493165029502,157,642.948604603277,2742319,40.5682334899902
2497,822.551265283603,2500,643.028248110897,2744819,45.2737121582031
2498,781.358811265276,2500,638.355858480783,2747319,45.2737121582031
2499,861.287375360136,2500,654.661521292632,2749819,45.2737121582031
2500,839.887552182737,2500,656.497599281783,2752319,45.2737121582031
2501,801.580158695289,2500,714.993825625032,2754819,45.2737121582031
2502,750.944723717896,2500,710.019158323311,2757319,45.2737121582031
2503,775.599048882972,2500,714.669693572388,2759819,45.2737121582031
2504,832.156243687396,2500,729.249696636845,2762319,45.2737121582031
2505,877.902457099563,2500,743.001695267782,2764819,45.2737121582031
2506,803.235088041834,2500,814.65027242167,2767319,45.2737121582031
2507,797.608181768206,2500,812.15596407013,2769819,45.2737121582031
2508,1026.20552283274,2500,836.640635226876,2772319,45.2737121582031
2509,816.976879543023,2500,832.209585645165,2774819,45.2737121582031
2510,738.563671011353,2500,822.077197528027,2777319,45.2737121582031
2511,754.874141314411,2500,817.406595789939,2779819,45.2737121582031
2512,932.504142259623,2500,835.562537644112,2782319,45.2737121582031
2513,888.698552883996,2500,846.872488044214,2784819,45.2737121582031
2514,796.003939050444,2500,843.257257580519,2787319,45.2737121582031
2515,65.3116658371464,139,761.998178454277,2787458,45.2737121582031
2516,710.510231358995,2500,752.725692785993,2789958,45.2737121582031
2517,816.124905168513,2500,754.577365126024,2792458,45.2737121582031
2518,170.893921988365,228,669.046205041587,2792686,45.2737121582031
2519,825.845290881563,2500,669.933046175441,2795186,42.6423683166504
2520,779.795895268087,2500,674.056268601114,2797686,42.6423683166504
2521,806.021058535739,2500,679.170960323247,2800186,42.6423683166504
2522,680.493428516308,2500,653.969888948916,2802686,42.6423683166504
2523,775.40762566586,2500,642.640796227102,2805186,42.6423683166504
2524,822.209731582836,2500,645.261375480341,2807686,42.6423683166504
2525,782.163239473074,2500,716.946532843934,2810186,42.6423683166504
2526,702.735351703315,2500,716.169044878366,2812686,42.6423683166504
2527,798.172779778387,2500,714.373832339353,2815186,42.6423683166504
2528,663.379189864793,2500,763.622359126996,2817686,42.6423683166504
2529,823.057500941418,2500,763.343580132982,2820186,42.6423683166504
2530,696.119553472233,2500,754.975945953396,2822686,42.6423683166504
2531,736.468379243168,2500,748.020678024139,2825186,42.6423683166504
2532,899.016839435835,2500,769.873019116092,2827686,42.6423683166504
2533,725.245771478974,2500,764.856833697403,2830186,42.6423683166504
2534,86.148678832973,157,691.250728422417,2830343,42.6423683166504
2535,714.894564655101,2500,684.52386094062,2832843,42.6423683166504
2536,802.804323919751,2500,694.530758162263,2835343,42.6423683166504
2537,756.893147700879,2500,690.402794954513,2837843,42.6423683166504
2538,734.467747324033,2500,697.511650700437,2840343,42.6423683166504
2539,685.317820926373,2500,683.737682698932,2842843,42.6423683166504
2540,773.937182059324,2500,691.519445557641,2845343,42.6423683166504
2541,762.504387923861,2500,694.123046425711,2847843,44.2298851013184
2542,802.376265212371,2500,684.458989003364,2850343,44.2298851013184
2543,754.300120955471,2500,687.364423951014,2852843,44.2298851013184
2544,773.212916389408,2500,756.070847706658,2855343,44.2298851013184
2545,668.997217535798,2500,751.481112994727,2857843,44.2298851013184
2546,755.88512004243,2500,746.789192606995,2860343,44.2298851013184
2547,751.17471821002,2500,746.217349657909,2862843,44.2298851013184
2548,814.918548488534,2500,754.262429774359,2865343,44.2298851013184
2549,761.067759693271,2500,761.837423651049,2867843,44.2298851013184
2550,777.514205244309,2500,762.195125969547,2870343,44.2298851013184
2551,769.343993047174,2500,762.879086481879,2872843,44.2298851013184
2552,890.666668655045,2500,771.708126826146,2875343,44.2298851013184
2553,767.048371523701,2500,772.982951882969,2877843,44.2298851013184
2554,730.186725737268,2500,768.680332817755,2880343,44.2298851013184
2555,712.756788098176,2500,773.056289873993,2882843,44.2298851013184
2556,735.361813194083,2500,771.003959189158,2885343,44.2298851013184
2557,785.089947644106,2500,774.395482132567,2887843,44.2298851013184
2558,707.833825706926,2500,763.687009854406,2890343,44.2298851013184
2559,771.536582737705,2500,764.733892158849,2892843,44.2298851013184
2560,702.537381433517,2500,757.23620977777,2895343,44.2298851013184
2561,699.728301017643,2500,750.274640574817,2897843,44.2298851013184
2562,690.297915202605,2500,730.237765229573,2900343,44.2298851013184
2563,730.778289140705,2500,726.610756991274,2902843,42.0617828369141
2564,741.427671175167,2500,727.734851535064,2905343,42.0617828369141
2565,772.865747009757,2500,733.745747426222,2907843,42.0617828369141
2566,741.432747467662,2500,734.352840853579,2910343,42.0617828369141
2567,712.692151528939,2500,727.113061242063,2912843,42.0617828369141
2568,689.940517622574,2500,725.323730433628,2915343,42.0617828369141
2569,765.463301016859,2500,724.716402261543,2917843,42.0617828369141
2570,718.98928682317,2500,726.361592800508,2920343,42.0617828369141
2571,763.168672246715,2500,732.705629923415,2922843,42.0617828369141
2572,769.331874915662,2500,740.609025894721,2925343,42.0617828369141
2573,859.578330767539,2500,753.489030057404,2927843,42.0617828369141
2574,690.065834688244,2500,748.352846408712,2930343,42.0617828369141
2575,766.739612906407,2500,747.740232998377,2932843,42.0617828369141
2576,706.640743897556,2500,744.261032641367,2935343,42.0617828369141
2577,676.456099601867,2500,740.637427448659,2937843,42.0617828369141
2578,687.21663997215,2500,740.365039683617,2940343,42.0617828369141
2579,808.074568318064,2500,744.626166413737,2942843,42.0617828369141
2580,672.665907940283,2500,739.993828525449,2945343,42.0617828369141
2581,696.928195920188,2500,733.369780892796,2947843,42.0617828369141
2582,772.060420648925,2500,733.642635466122,2950343,42.0617828369141
2583,706.629608550501,2500,718.347763244419,2952843,42.0617828369141
2584,766.470829942585,2500,725.988262769853,2955343,42.0617828369141
2585,788.286158476179,2500,728.14291732683,2957843,42.7285003662109
2586,822.659778356023,2500,739.744820772677,2960343,42.7285003662109
2587,664.834625291543,2500,738.582673341644,2962843,42.7285003662109
2588,773.257634904138,2500,747.186772834843,2965343,42.7285003662109
2589,807.503115595534,2500,747.12962756259,2967843,42.7285003662109
2590,796.964114877635,2500,759.559448256325,2970343,42.7285003662109
2591,770.72416884043,2500,766.939045548349,2972843,42.7285003662109
2592,864.0943850151,2500,776.142441984967,2975343,42.7285003662109
2593,779.936174079925,2500,783.473098537909,2977843,42.7285003662109
2594,643.81848887471,2500,771.207864431122,2980343,42.7285003662109
2595,828.241452474638,2500,775.203393830968,2982843,42.7285003662109
2596,762.784813476444,2500,769.21589734301,2985343,42.7285003662109
2597,807.591549578397,2500,783.491589771695,2987843,42.7285003662109
2598,732.509124294475,2500,779.416738710729,2990343,42.7285003662109
2599,727.382519924938,2500,771.404679143669,2992843,42.7285003662109
2600,775.655024080029,2500,769.273770063909,2995343,42.7285003662109
2601,843.719905299637,2500,776.573343709829,2997843,42.7285003662109
2602,806.227027157879,2500,770.786607924107,3000343,42.7285003662109
2603,795.04525142106,2500,772.297515658221,3002843,42.7285003662109
2604,801.836114680155,2500,788.099278238765,3005343,42.7285003662109
2605,776.075530827159,2500,782.882686074017,3007843,42.7285003662109
2606,734.095009600389,2500,780.013705686412,3010343,42.7285003662109
2607,815.845571540742,2500,780.839107882646,3012843,41.0923767089844
2608,682.798233099356,2500,775.868018763134,3015343,41.0923767089844
2609,729.374842435333,2500,776.067251014174,3017843,41.0923767089844
2610,739.292531314442,2500,772.431001737615,3020343,41.0923767089844
2611,859.692938373784,2500,774.02830504503,3022843,41.0923767089844
2612,777.685131044125,2500,771.174115433654,3025343,41.0923767089844
2613,778.414522670593,2500,769.511042558608,3027843,41.0923767089844
2614,820.866682105603,2500,771.414099301153,3030343,41.0923767089844
2615,787.435461820571,2500,772.550092400494,3032843,41.0923767089844
2616,792.362092860431,2500,778.376800726498,3035343,41.0923767089844
2617,738.555589784923,2500,770.647802550916,3037843,41.0923767089844
2618,793.161465805439,2500,781.684125821524,3040343,41.0923767089844
2619,771.010338339204,2500,785.847675411911,3042843,41.0923767089844
2620,824.588789628973,2500,794.377301243365,3045343,41.0923767089844
2621,796.831560182704,2500,788.091163424257,3047843,41.0923767089844
2622,787.78276155254,2500,789.100926475098,3050343,41.0923767089844
2623,770.105043458194,2500,788.269978553858,3052843,41.0923767089844
2624,840.645141548459,2500,790.247824498144,3055343,41.0923767089844
2625,728.258669318275,2500,784.330145247914,3057843,41.0923767089844
2626,47.7966635958294,151,709.873602321454,3057994,41.0923767089844
2627,857.371284888114,2500,721.755171831773,3060494,41.0923767089844
2628,667.293095959226,2500,709.168334847152,3062994,41.0923767089844
2629,828.836725529304,2500,714.950973566162,3065494,44.173168182373
2630,670.437726470144,2500,699.535867250279,3067994,44.173168182373
2631,748.547157835693,2500,694.707427015578,3070494,44.173168182373
2632,730.430574584205,2500,688.972208318744,3072994,44.173168182373
2633,731.580354572448,2500,685.11973943017,3075494,44.173168182373
2634,766.099337682464,2500,677.66515904357,3077994,44.173168182373
2635,761.881100166497,2500,681.027402128392,3080494,44.173168182373
2636,696.882310915783,2500,745.935966860388,3082994,44.173168182373
2637,785.644620363801,2500,738.763300407957,3085494,44.173168182373
2638,685.49848951578,2500,740.583839763612,3087994,44.173168182373
2639,723.050277498624,2500,730.005194960544,3090494,44.173168182373
2640,802.622396397893,2500,743.223661953319,3092994,44.173168182373
2641,799.072161973616,2500,748.276162367111,3095494,44.173168182373
2642,803.647734049815,2500,755.597878313672,3097994,44.173168182373
2643,809.28953884076,2500,763.368796740503,3100494,44.173168182373
2644,744.469669555157,2500,761.205829927773,3102994,44.173168182373
2645,746.236494923872,2500,759.64136940351,3105494,44.173168182373
2646,726.862577290727,2500,762.639396041004,3107994,44.173168182373
2647,815.747698582838,2500,765.649703862908,3110494,44.173168182373
2648,692.613339914019,2500,766.361188902732,3112994,44.173168182373
2649,745.726025923491,2500,768.628763745219,3115494,44.173168182373
2650,722.628845598323,2500,760.629408665262,3117994,44.173168182373
2651,686.428202985213,2500,749.365012766421,3120494,41.9027633666992
2652,729.74321518124,2500,741.974560879564,3122994,41.9027633666992
2653,775.84257521363,2500,738.629864516851,3125494,41.9027633666992
2654,896.612938870304,2500,753.844191448366,3127994,41.9027633666992
2655,854.861067027285,2500,764.706648658707,3130494,41.9027633666992
2656,835.523342013886,2500,775.572725131023,3132994,41.9027633666992
2657,712.310452190944,2500,765.229000491834,3135494,41.9027633666992
2658,832.89350441973,2500,779.257016942405,3137994,41.9027633666992
2659,857.556505147272,2500,790.440064864783,3140494,41.9027633666992
2660,721.40652581947,2500,790.317832886897,3142994,41.9027633666992
2661,869.476604964619,2500,808.622673084838,3145494,41.9027633666992
2662,780.852141547806,2500,813.733565721495,3147994,41.9027633666992
2663,836.484902727489,2500,819.797798472881,3150494,41.9027633666992
2664,772.581088884663,2500,807.394613474317,3152994,41.9027633666992
2665,808.714515708658,2500,802.779958342454,3155494,41.9027633666992
2666,788.0169381552,2500,798.029317956585,3157994,41.9027633666992
2667,830.686896624196,2500,809.86696239991,3160494,41.9027633666992
2668,692.812955849363,2500,795.858907542874,3162994,41.9027633666992
2669,843.857576085836,2500,794.48901463673,3165494,41.9027633666992
2670,808.292248456166,2500,803.1775869004,3167994,41.9027633666992
2671,769.539116001615,2500,793.183838004099,3170494,41.9027633666992
2672,786.183718356701,2500,793.716995684989,3172994,41.9027633666992
2673,820.360148124072,2500,792.104520224647,3175494,43.1946678161621
2674,818.635205382055,2500,796.709931874386,3177994,43.1946678161621
2675,820.828250626392,2500,797.921305366159,3180494,43.1946678161621
2676,832.942936913336,2500,802.413905241973,3182994,43.1946678161621
2677,863.922379543364,2500,805.73745353389,3185494,43.1946678161621
2678,856.310167316082,2500,822.087174680562,3187994,43.1946678161621
2679,775.423995353462,2500,815.243816607324,3190494,43.1946678161621
2680,833.175302094709,2500,817.732121971179,3192994,43.1946678161621
2681,852.648581690319,2500,826.043068540049,3195494,43.1946678161621
2682,899.454322529686,2500,837.370128957348,3197994,43.1946678161621
2683,660.725723658977,2500,821.406686510838,3200494,43.1946678161621
2684,766.513552559241,2500,816.194521228557,3202994,43.1946678161621
2685,810.904157758048,2500,815.202111941722,3205494,43.1946678161621
2686,803.519113316358,2500,812.259729582025,3207994,43.1946678161621
2687,809.662729947707,2500,806.833764622459,3210494,43.1946678161621
2688,723.615359604089,2500,793.56428385126,3212994,43.1946678161621
2689,793.540254052171,2500,795.37590972113,3215494,43.1946678161621
2690,935.293829539617,2500,805.587762465621,3217994,43.1946678161621
2691,765.713988735925,2500,796.894303170182,3220494,43.1946678161621
2692,775.818433050202,2500,784.530714222234,3222994,43.1946678161621
2693,852.693386364878,2500,803.727480492824,3225494,43.1946678161621
2694,768.50200797119,2500,803.926326034019,3227994,43.1946678161621
2695,799.052797497555,2500,802.741190007969,3230494,41.8721046447754
2696,766.603905541666,2500,799.0496692305,3232994,41.8721046447754
2697,925.533005621363,2500,810.636696797866,3235494,41.8721046447754
2698,816.640862095153,2500,819.939247046972,3237994,41.8721046447754
2699,899.375995809154,2500,830.52282122267,3240494,41.8721046447754
2700,856.280469317575,2500,822.621485200466,3242994,41.8721046447754
2701,699.199227178819,2500,815.970009044755,3245494,41.8721046447754
2702,819.884450351894,2500,820.376610774925,3247994,41.8721046447754
2703,786.501964837702,2500,813.757468622207,3250494,41.8721046447754
2704,874.612033632483,2500,824.368471188336,3252994,41.8721046447754
2705,777.805468661968,2500,822.243738304778,3255494,41.8721046447754
2706,809.872123004805,2500,826.570560051092,3257994,41.8721046447754
2707,764.825136351681,2500,810.499773124123,3260494,41.8721046447754
2708,854.459344646665,2500,814.281621379275,3262994,41.8721046447754
2709,870.035141094265,2500,811.347535907786,3265494,41.8721046447754
2710,866.801170594259,2500,812.399606035454,3267994,41.8721046447754
2711,796.803447995729,2500,822.160028117145,3270494,41.8721046447754
2712,910.871740699885,2500,831.258757151944,3272994,41.8721046447754
2713,805.146946625837,2500,833.123255330758,3275494,41.8721046447754
2714,967.745589610872,2500,842.436610928597,3277994,41.8721046447754
2715,876.021038392928,2500,852.258167901693,3280494,41.8721046447754
2716,776.8736758272,2500,848.958323183932,3282994,41.8721046447754
2717,794.17017415666,2500,851.89282696443,3285494,44.309627532959
2718,765.290970286735,2500,842.975989528437,3287994,44.309627532959
2719,848.039813679613,2500,840.776456786972,3290494,44.309627532959
2720,870.802273498107,2500,841.176567077357,3292994,44.309627532959
2721,744.330813078412,2500,835.929303585625,3295494,44.309627532959
2722,769.590352133284,2500,821.801164728965,3297994,44.309627532959
2723,849.796980669573,2500,826.266168133338,3300494,44.309627532959
2724,819.632246364985,2500,811.45483380875,3302994,44.309627532959
2725,906.448076629866,2500,814.497537632443,3305494,44.309627532959
2726,901.467334887329,2500,826.956903538456,3307994,44.309627532959
2727,819.072206244453,2500,829.447106747236,3310494,44.309627532959
2728,873.722603155344,2500,840.290270034096,3312994,44.309627532959
2729,830.982954526513,2500,838.584584118787,3315494,44.309627532959
2730,909.926157957964,2500,842.496972564772,3317994,44.309627532959
2731,863.122532667979,2500,854.376144523729,3320494,44.309627532959
2732,736.804965693953,2500,851.097605879796,3322994,44.309627532959
2733,743.003565846196,2500,840.418264397458,3325494,44.309627532959
2734,709.612330094994,2500,829.416272770459,3327994,44.309627532959
2735,850.625889955232,2500,823.834054102996,3330494,44.309627532959
2736,856.641853262286,2500,819.351505940492,3332994,44.309627532959
2737,678.728978624873,2500,805.317183178533,3335494,44.309627532959
2738,838.401360827148,2500,801.785058945714,3337994,44.309627532959
2739,886.211625997163,2500,807.307926092779,3340494,43.5304641723633
2740,866.361515197919,2500,802.951461816774,3342994,43.5304641723633
2741,887.388301604756,2500,805.378038710452,3345494,43.5304641723633
2742,874.501204870484,2500,819.147662628105,3347994,43.5304641723633
2743,786.306669994032,2500,823.477973042889,3350494,43.5304641723633
2744,850.384293814278,2500,837.555169414817,3352994,43.5304641723633
2745,904.31977400021,2500,842.924557819315,3355494,43.5304641723633
2746,715.565551194572,2500,828.816927612544,3357994,43.5304641723633
2747,788.858084554646,2500,839.829838205521,3360494,43.5304641723633
2748,834.496248575615,2500,839.439326980367,3362994,43.5304641723633
2749,872.03145915829,2500,838.02131029648,3365494,43.5304641723633
2750,790.355644544504,2500,830.420723231139,3367994,43.5304641723633
2751,821.80251870708,2500,823.862144941371,3370494,43.5304641723633
2752,828.312101654198,2500,819.243234619743,3372994,43.5304641723633
2753,883.338493060929,2500,828.946416926432,3375494,43.5304641723633
2754,941.345450479427,2500,838.042532592947,3377994,43.5304641723633
2755,912.972583735068,2500,838.907813566433,3380494,43.5304641723633
2756,825.50528520917,2500,849.901786967893,3382994,43.5304641723633
2757,921.152967062841,2500,863.131275218712,3385494,43.5304641723633
2758,817.08662372984,2500,861.390312734135,3387994,43.5304641723633
2759,810.929376318947,2500,855.2801044502,3390494,43.5304641723633
2760,811.098154952468,2500,857.354355490997,3392994,43.5304641723633
2761,741.23192511503,2500,849.297296131792,3395494,43.3620834350586
2762,845.74813251023,2500,851.040899217395,3397994,43.3620834350586
2763,738.732029991216,2500,836.580252910424,3400494,43.3620834350586
2764,828.980923738773,2500,825.343800236358,3402994,43.3620834350586
2765,904.286845027716,2500,824.475226365623,3405494,43.3620834350586
2766,785.398318022993,2500,820.464529647006,3407994,43.3620834350586
2767,841.313921494873,2500,812.480625090209,3410494,43.3620834350586
2768,859.054113357219,2500,816.677374052947,3412994,43.3620834350586
2769,839.796386483826,2500,819.564075069434,3415494,43.3620834350586
2770,797.311906489768,2500,818.185450223164,3417994,43.3620834350586
2771,913.02806040331,2500,835.365063751992,3420494,43.3620834350586
2772,818.953189766666,2500,832.685569477636,3422994,43.3620834350586
2773,880.751497463041,2500,846.887516224818,3425494,43.3620834350586
2774,816.054889883164,2500,845.594912839258,3427994,43.3620834350586
2775,844.326338739913,2500,839.598862210477,3430494,43.3620834350586
2776,888.717869189601,2500,849.930817327138,3432994,43.3620834350586
2777,938.065953350351,2500,859.606020512686,3435494,43.3620834350586
2778,808.789743398104,2500,854.579583516774,3437994,43.3620834350586
2779,814.962088756948,2500,852.096153744087,3440494,43.3620834350586
2780,835.72736668303,2500,855.937699763413,3442994,43.3620834350586
2781,869.880949221518,2500,851.622988645234,3445494,43.3620834350586
2782,883.510724961133,2500,858.07874216468,3447994,43.3620834350586
2783,780.902262143968,2500,848.093818632773,3450494,42.7312660217285
2784,816.543505957401,2500,848.142680240197,3452994,42.7312660217285
2785,749.735160222073,2500,838.683562388413,3455494,42.7312660217285
2786,806.81942618239,2500,830.493718087692,3457994,42.7312660217285
2787,767.687123329277,2500,813.455835085584,3460494,42.7312660217285
2788,844.754087254298,2500,817.052269471204,3462994,42.7312660217285
2789,935.834301562436,2500,829.139490751753,3465494,42.7312660217285
2790,951.953098611061,2500,840.762063944556,3467994,42.7312660217285
2791,830.077786340424,2500,836.781747656446,3470494,42.7312660217285
2792,856.749131659289,2500,834.105588326262,3472994,42.7312660217285
2793,899.503723620422,2500,845.965734473907,3475494,42.7312660217285
2794,808.269422087005,2500,845.138326086868,3477994,42.7312660217285
2795,801.873787711569,2500,850.352188835817,3480494,42.7312660217285
2796,841.919100353045,2500,853.862156252883,3482994,42.7312660217285
2797,901.736310125223,2500,867.267074932477,3485494,42.7312660217285
2798,832.103260030551,2500,866.001992210103,3487994,42.7312660217285
2799,785.809556066082,2500,850.999517660467,3490494,42.7312660217285
2800,783.186887738439,2500,834.122896573205,3492994,42.7312660217285
2801,876.575073820315,2500,838.772625321194,3495494,42.7312660217285
2802,781.529829069472,2500,831.250695062212,3497994,42.7312660217285
2803,990.329580130001,2500,840.33328071317,3500494,42.7312660217285
2804,790.267498052118,2500,838.533088309681,3502994,42.7312660217285
2805,931.056584490205,2500,851.451367987545,3505494,45.2153015136719
2806,954.562754010643,2500,862.715733353305,3507994,45.2153015136719
2807,759.522904312303,2500,848.494392772013,3510494,45.2153015136719
2808,870.943640177716,2500,852.378430786729,3512994,45.2153015136719
2809,819.039845640557,2500,855.701459744177,3515494,45.2153015136719
2810,833.139995105943,2500,860.696770480927,3517994,45.2153015136719
2811,777.265356483735,2500,850.765798747269,3520494,45.2153015136719
2812,925.093926766224,2500,865.122208516945,3522994,45.2153015136719
2813,864.418232819994,2500,852.531073785944,3525494,45.2153015136719
2814,787.262197763983,2500,852.23054375713,3527994,45.2153015136719
2815,910.794741748833,2500,850.204359482993,3530494,45.2153015136719
2816,776.092732047527,2500,832.357357286681,3532994,45.2153015136719
2817,918.046096022253,2500,848.209676457677,3535494,45.2153015136719
2818,1002.7552546695,2500,861.390837906855,3537994,45.2153015136719
2819,891.039381511059,2500,868.590791493905,3540494,45.2153015136719
2820,790.184180242149,2500,864.295210007525,3542994,45.2153015136719
2821,855.318391253221,2500,872.100513484474,3545494,45.2153015136719
2822,805.960544948781,2500,860.18717530273,3547994,45.2153015136719
2823,815.339626222473,2500,855.279314642978,3550494,45.2153015136719
2824,719.798664164705,2500,848.53296128305,3552994,45.2153015136719
2825,958.413390178957,2500,853.294826126062,3555494,45.2153015136719
2826,806.220052476471,2500,856.307558168957,3557994,45.2153015136719
2827,815.663073903589,2500,846.06925595709,3560494,44.2154006958008
2828,856.277712358556,2500,831.421501725996,3562994,44.2154006958008
2829,927.677891892886,2500,835.085352764179,3565494,44.2154006958008
2830,904.036214378661,2500,846.47055617783,3567994,44.2154006958008
2831,701.829653376006,2500,831.121682390109,3570494,44.2154006958008
2832,850.773233868217,2500,835.602951282052,3572994,44.2154006958008
2833,843.101936782703,2500,838.379182338075,3575494,44.2154006958008
2834,837.658612522784,2500,850.165177173883,3577994,44.2154006958008
2835,806.59450026662,2500,834.983288182649,3580494,44.2154006958008
2836,910.256985145862,2500,845.386981449588,3582994,44.2154006958008
2837,785.637366347564,2500,842.384410693986,3585494,44.2154006958008
2838,720.13674668629,2500,828.770314126759,3587994,44.2154006958008
2839,867.466181471955,2500,822.749143084666,3590494,44.2154006958008
2840,872.704619256588,2500,819.615983572459,3592994,44.2154006958008
2841,791.051807387776,2500,828.538198973636,3595494,44.2154006958008
2842,862.703470307968,2500,829.731222617611,3597994,44.2154006958008
2843,873.974495646602,2500,832.818478504001,3600494,44.2154006958008
2844,696.296011670928,2500,818.682218418815,3602994,44.2154006958008
2845,820.18468073953,2500,820.041236466106,3605494,44.2154006958008
2846,802.274390752728,2500,809.242977026793,3607994,44.2154006958008
2847,883.818756141334,2500,819.06111600617,3610494,44.2154006958008
2848,798.873734053858,2500,826.934814742927,3612994,44.2154006958008
2849,712.584507901518,2500,811.446647385883,3615494,45.368522644043
2850,900.028239461225,2500,814.179009406347,3617994,45.368522644043
2851,737.192871818073,2500,808.793115849376,3620494,45.368522644043
2852,774.318171044317,2500,799.954585923011,3622994,45.368522644043
2853,813.869277778958,2500,793.944064136247,3625494,45.368522644043
2854,908.490706905648,2500,815.163533659719,3627994,45.368522644043
2855,712.753780895479,2500,804.420443675314,3630494,45.368522644043
2856,777.554277555445,2500,801.948432355586,3632994,45.368522644043
2857,793.711513900479,2500,792.9377081315,3635494,45.368522644043
2858,889.248878553857,2500,801.9752225815,3637994,45.368522644043
2859,799.538716178756,2500,810.670643409224,3640494,45.368522644043
2860,791.12275031473,2500,799.780094494574,3642994,45.368522644043
2861,855.418526573553,2500,811.602659970122,3645494,45.368522644043
2862,886.701647470557,2500,822.841007612746,3647994,45.368522644043
2863,872.467231255285,2500,828.700802960379,3650494,45.368522644043
2864,755.103964740797,2500,813.362128743894,3652994,45.368522644043
2865,867.627036660906,2500,828.849454320437,3655494,45.368522644043
2866,827.943135562019,2500,833.888340121094,3657994,45.368522644043
2867,781.988687087007,2500,832.716057439747,3660494,45.368522644043
2868,823.1366354466,2500,826.104833129021,3662994,45.368522644043
2869,872.856049045046,2500,833.43656641565,3665494,45.368522644043
2870,861.409141185764,2500,840.465205502753,3667994,45.368522644043
2871,774.183100976507,2500,832.341662943049,3670494,45.8546562194824
2872,857.483775849206,2500,829.419875780914,3672994,45.8546562194824
2873,896.697133829669,2500,831.842866038352,3675494,45.8546562194824
2874,1017.10378057949,2500,858.042847622221,3677994,45.8546562194824
2875,989.066704811649,2500,870.186814437296,3680494,45.8546562194824
2876,797.468409343526,2500,867.139341815446,3682994,45.8546562194824
2877,876.610847136225,2500,876.601557820368,3685494,45.8546562194824
2878,834.34141823063,2500,877.722036098771,3687994,45.8546562194824
2879,844.429403012528,2500,874.879371495519,3690494,45.8546562194824
2880,866.429820598267,2500,875.38143943677,3692994,45.8546562194824
2881,814.531718559909,2500,879.41630119511,3695494,45.8546562194824
2882,1016.8863856892,2500,895.356562179109,3697994,45.8546562194824
2883,955.220747786905,2500,901.208923574833,3700494,45.8546562194824
2884,1020.61469723562,2500,901.560015240446,3702994,45.8546562194824
2885,808.38752016253,2500,883.492096775534,3705494,45.8546562194824
2886,886.748811500766,2500,892.420136991258,3707994,45.8546562194824
2887,960.972270658709,2500,900.856279343507,3710494,45.8546562194824
2888,844.25279516271,2500,901.847417036715,3712994,45.8546562194824
2889,888.622660837469,2500,906.266742819209,3715494,45.8546562194824
2890,933.345621730752,2500,912.958322932457,3717994,45.8546562194824
2891,918.557749815132,2500,923.36092605798,3720494,45.8546562194824
2892,874.538285405803,2500,909.12611602964,3722994,45.8546562194824
2893,769.377230739804,2500,890.54176432493,3725494,43.6952247619629
2894,1054.72080549297,2500,893.952375150665,3727994,43.6952247619629
2895,884.684993989523,2500,901.582122533364,3730494,43.6952247619629
2896,1024.449134157,2500,915.352154798987,3732994,43.6952247619629
2897,933.494551497327,2500,912.604382882849,3735494,43.6952247619629
2898,783.868053551069,2500,906.565908721685,3737994,43.6952247619629
2899,933.068078871819,2500,911.01045052512,3740494,43.6952247619629
2900,829.348340213854,2500,900.61072237343,3742994,43.6952247619629
2901,892.752615929104,2500,898.030208984827,3745494,43.6952247619629
2902,871.472782239467,2500,897.723658668194,3747994,43.6952247619629
2903,813.923932760089,2500,902.178328870222,3750494,43.6952247619629
2904,947.904354329352,2500,891.496683753861,3752994,43.6952247619629
2905,830.014507979013,2500,886.02963515281,3755494,43.6952247619629
2906,782.107349463564,2500,861.795456683466,3757994,43.6952247619629
2907,653.228945996626,2500,833.768896133396,3760494,43.6952247619629
2908,809.305833848373,2500,836.312674163126,3762994,43.6952247619629
2909,828.211630091268,2500,825.827029285071,3765494,43.6952247619629
2910,892.608413094525,2500,832.153036573138,3767994,43.6952247619629
2911,864.331534316559,2500,829.310928411884,3770494,43.6952247619629
2912,1358.17470911039,2500,877.981121098976,3772994,43.6952247619629
2913,943.876855649611,2500,890.976413387928,3775494,43.6952247619629
2914,810.051346080094,2500,877.191112563002,3777994,43.6952247619629
2915,892.603685960414,2500,883.450030361142,3780494,42.4762840270996
2916,858.811463992833,2500,891.120441814069,3782994,42.4762840270996
2917,858.296961861351,2500,911.627243400541,3785494,42.4762840270996
2918,885.235476986853,2500,919.22020771439,3787994,42.4762840270996
2919,830.386935430754,2500,919.437738248338,3790494,42.4762840270996
2920,895.714247246267,2500,919.748321663512,3792994,42.4762840270996
2921,879.717416710251,2500,921.286909902881,3795494,42.4762840270996
2922,852.536049744545,2500,870.723043966297,3797994,42.4762840270996
2923,868.240058819216,2500,863.159364283258,3800494,42.4762840270996
2924,768.981315898238,2500,859.052361265072,3802994,42.4762840270996
2925,955.130825038625,2500,865.305075172893,3805494,42.4762840270996
2926,1189.86829690857,2500,898.410758464467,3807994,42.4762840270996
2927,771.351843907532,2500,889.716246669086,3810494,42.4762840270996
2928,879.343325488212,2500,889.127031519221,3812994,42.4762840270996
2929,895.077277251828,2500,895.596065701329,3815494,42.4762840270996
2930,857.102443828548,2500,891.734885359557,3817994,42.4762840270996
2931,885.680030624832,2500,892.331146751015,3820494,42.4762840270996
2932,828.382161322513,2500,889.915757908812,3822994,42.4762840270996
2933,917.08715459578,2500,894.800467486468,3825494,42.4762840270996
2934,973.921193354428,2500,915.294455232087,3827994,42.4762840270996
2935,830.099891194424,2500,902.791361847667,3830494,42.4762840270996
2936,821.775599122139,2500,865.982092069024,3832994,42.4762840270996
2937,948.690794231566,2500,883.715987101427,3835494,43.9005470275879
2938,810.296232326187,2500,876.811277785224,3837994,43.9005470275879
2939,1088.72169375931,2500,896.175719435972,3840494,43.9005470275879
2940,860.820831763892,2500,896.547558229507,3842994,43.9005470275879
2941,886.941090858131,2500,896.673664252837,3845494,43.9005470275879
2942,897.627971398056,2500,903.598245260391,3847994,43.9005470275879
2943,1131.96418422565,2500,925.085948223379,3850494,43.9005470275879
2944,1006.83744049671,2500,928.377572937607,3852994,43.9005470275879
2945,800.473630422889,2500,925.414946860454,3855494,43.9005470275879
2946,877.661506850483,2500,931.003537633288,3857994,43.9005470275879
2947,839.085459246966,2500,920.043004134828,3860494,43.9005470275879
2948,961.629621936993,2500,935.176343095909,3862994,43.9005470275879
2949,947.508597912497,2500,921.055033511227,3865494,43.9005470275879
2950,915.996216043,2500,926.572571939138,3867994,43.9005470275879
2951,853.860682821647,2500,923.26453113549,3870494,43.9005470275879
2952,962.362944947557,2500,929.73802849044,3872994,43.9005470275879
2953,1029.6917584547,2500,919.510785913345,3875494,43.9005470275879
2954,957.769719099724,2500,914.604013773646,3877994,43.9005470275879
2955,861.288610481589,2500,920.685511779516,3880494,43.9005470275879
2956,942.269605812255,2500,927.146321675693,3882994,43.9005470275879
2957,902.256381835376,2500,933.463413934534,3885494,43.9005470275879
2958,857.473084821628,2500,923.047760222998,3887994,43.9005470275879
2959,951.432480240288,2500,923.440148455777,3890494,42.1642913818359
2960,901.203026328417,2500,921.960829484319,3892994,42.1642913818359
2961,986.676997752403,2500,935.242460977394,3895494,42.1642913818359
2962,979.847632628412,2500,936.99092974548,3897994,42.1642913818359
2963,847.637797937053,2500,918.785533693715,3900494,42.1642913818359
2964,940.457434895985,2500,917.054305273341,3902994,42.1642913818359
2965,926.99077815446,2500,923.624522040628,3905494,42.1642913818359
2966,911.776489239439,2500,920.575210383346,3907994,42.1642913818359
2967,851.907782083261,2500,915.540350408134,3910494,42.1642913818359
2968,903.905054018843,2500,920.183547327856,3912994,42.1642913818359
2969,754.151649882943,2500,900.455464292122,3915494,42.1642913818359
2970,872.092385365568,2500,897.544400195837,3917994,42.1642913818359
2971,997.37049567028,2500,898.613749987624,3920494,42.1642913818359
2972,1043.13967617277,2500,904.94295434206,3922994,42.1642913818359
2973,746.10811818801,2500,894.789986367156,3925494,42.1642913818359
2974,787.8594225963,2500,879.530185137188,3927994,42.1642913818359
2975,914.808857005661,2500,878.311993022308,3930494,42.1642913818359
2976,831.53994920776,2500,870.28833901914,3932994,42.1642913818359
2977,863.134900164528,2500,871.411050827266,3935494,42.1642913818359
2978,863.047897621748,2500,867.325335187557,3937994,42.1642913818359
2979,1012.33442858506,2500,893.143613057769,3940494,42.1642913818359
2980,855.876615507212,2500,891.522036071933,3942994,42.1642913818359
2981,82.7500438000084,167,800.059990884906,3943161,42.1642913818359
2982,962.096059346795,2500,791.955629202308,3945661,45.553897857666
2983,982.703773445976,2500,815.615194728105,3948161,45.553897857666
2984,962.187068068894,2500,833.047959275364,3950661,45.553897857666
2985,1039.66307419797,2500,845.533380994595,3953161,45.553897857666
2986,1008.40925666865,2500,863.220311740684,3955661,45.553897857666
2987,894.70940611287,2500,866.377762335518,3958161,45.553897857666
2988,1009.61121446948,2500,881.034094020291,3960661,45.553897857666
2989,953.7145132713,2500,875.172102488915,3963161,45.553897857666
2990,912.303827035814,2500,880.814823641776,3965661,45.553897857666
2991,1000.80374740588,2500,972.620194002362,3968161,45.553897857666
2992,1117.25880098004,2500,988.136468165687,3970661,45.553897857666
2993,993.261325120876,2500,989.192223333177,3973161,45.553897857666
2994,992.222310146261,2500,992.195747540914,3975661,45.553897857666
2995,895.195559481899,2500,977.748996069307,3978161,45.553897857666
2996,1079.85844087543,2500,984.893914489985,3980661,45.553897857666
2997,880.850050060769,2500,983.507978884775,3983161,45.553897857666
2998,950.770024025286,2500,977.623859840355,3985661,45.553897857666
2999,907.857918348683,2500,973.038200348094,3988161,45.553897857666
3000,914.37555173929,2500,973.245372818441,3990661,45.553897857666
3001,940.538405674913,2500,967.218838645345,3993161,45.553897857666
3002,932.904142373207,2500,948.783372784661,3995661,45.553897857666
3003,142.887808914725,233,863.746021164046,3995894,45.553897857666
3004,99.3371054508858,254,774.457500694508,3996148,45.553897857666
3005,966.576941628186,2500,781.595638909137,3998648,44.1580619812012
3006,920.342361733367,2500,765.644030994931,4001148,44.1580619812012
3007,860.623983133875,2309,763.621424302242,4003457,44.1580619812012
3008,969.901300367991,2500,765.534551936512,4005957,44.1580619812012
3009,1083.96706231088,2500,783.145466332731,4008457,44.1580619812012
3010,897.579636418521,2500,781.465874800654,4010957,44.1580619812012
3011,1009.77161337934,2500,788.389195571097,4013457,44.1580619812012
3012,915.477355280151,2500,786.646516861791,4015957,44.1580619812012
3013,922.710414702068,2500,864.628777440526,4018457,44.1580619812012
3014,871.99672599437,2500,941.894739494874,4020957,44.1580619812012
3015,601.759376272961,1900,905.412982959352,4022857,44.1580619812012
3016,580.933780528148,1314,871.47212483883,4024171,44.1580619812012
3017,972.75982696194,2500,882.685709221636,4026671,44.1580619812012
3018,897.01084736452,2500,875.396663921289,4029171,44.1580619812012
3019,194.49960915271,440,786.449918605473,4029611,44.1580619812012
3020,820.87483657102,2500,778.779438620723,4032111,44.1580619812012
3021,901.799842696355,2500,767.982261552424,4034611,44.1580619812012
3022,995.850835708417,2500,776.019609595251,4037111,44.1580619812012
3023,804.522380852684,2500,764.200806210313,4039611,44.1580619812012
3024,949.992477532507,2500,772.000381364126,4042111,44.1580619812012
3025,908.343923840261,2500,802.658836120856,4044611,44.1580619812012
3026,989.618711514947,2500,843.527329219536,4047111,47.0300559997559
3027,915.595043506698,2500,837.810850874012,4049611,47.0300559997559
3028,929.08397474975,2500,841.018163612535,4052111,47.0300559997559
3029,988.298689206955,2500,920.398071617959,4054611,47.0300559997559
3030,987.32519158687,2500,937.043107119544,4057111,47.0300559997559
3031,1104.23890200568,2500,957.287013050477,4059611,47.0300559997559
3032,1077.69822378105,2500,965.47175185774,4062111,47.0300559997559
3033,990.108350122834,2500,984.030348784755,4064611,47.0300559997559
3034,1017.92216700232,2500,990.823317731736,4067111,47.0300559997559
3035,898.995283142744,2500,989.888453661984,4069611,47.0300559997559
3036,985.216056802463,2500,989.448188190736,4072111,47.0300559997559
3037,1009.70248661397,2500,998.858932501463,4074611,47.0300559997559
3038,983.892266327097,2500,1004.3397616592,4077111,47.0300559997559
3039,980.354307412176,2500,1003.54532347972,4079611,47.0300559997559
3040,978.385660350586,2500,1002.65137035609,4082111,47.0300559997559
3041,1007.88769627004,2500,993.016249782527,4084611,47.0300559997559
3042,987.122431547586,2500,983.958670559181,4087111,47.0300559997559
3043,1028.59560843926,2500,987.807396390824,4089611,47.0300559997559
3044,1030.78883382413,2500,989.094063073005,4092111,47.0300559997559
3045,997.56171040335,2500,998.950705799066,4094611,47.0300559997559
3046,906.138058598185,2500,991.042905978638,4097111,47.0300559997559
3047,1085.6602698919,2500,998.638684306432,4099611,47.0300559997559
3048,986.333559521212,2500,998.882813625843,4102111,47.0300559997559
3049,986.032029704486,2500,999.450585855074,4104611,43.9919548034668
3050,1045.73245377946,2500,1006.18526519796,4107111,43.9919548034668
3051,1056.23486000622,2500,1011.01998157158,4109611,43.9919548034668
3052,882.78300895508,2500,1000.58603931233,4112111,43.9919548034668
3053,889.958831384109,2500,986.722361606813,4114611,43.9919548034668
3054,805.591494549291,2500,964.202627679329,4117111,43.9919548034668
3055,836.180010621215,2500,948.064457701116,4119611,43.9919548034668
3056,1066.32638878695,2500,964.083290719992,4122111,43.9919548034668
3057,1084.05334902654,2500,963.922598633456,4124611,43.9919548034668
3058,1086.34578592274,2500,973.923821273608,4127111,43.9919548034668
3059,934.399434482791,2500,968.760561751439,4129611,43.9919548034668
3060,889.983644489909,2500,953.185680822484,4132111,43.9919548034668
3061,980.225134829964,2500,945.584708304858,4134611,43.9919548034668
3062,980.210765778486,2500,955.327483987199,4137111,43.9919548034668
3063,910.40202412024,2500,957.371803260812,4139611,43.9919548034668
3064,948.035409729461,2500,971.616194778829,4142111,43.9919548034668
3065,870.109325683159,2500,975.009126285023,4144611,43.9919548034668
3066,1000.17848458763,2500,968.394335865092,4147111,43.9919548034668
3067,941.422187010609,2500,954.131219663499,4149611,43.9919548034668
3068,925.967603160143,2500,938.093401387239,4152111,43.9919548034668
3069,874.638106272743,2500,932.117268566234,4154611,43.9919548034668
3070,963.299710672524,2500,939.448875184496,4157111,45.4332389831543
3071,969.557847813547,2500,938.382146482854,4159611,45.4332389831543
3072,905.645262693044,2500,930.92559617431,4162111,45.4332389831543
3073,867.733876322724,2500,926.658781394558,4164611,45.4332389831543
3074,920.598118251979,2500,923.91505224681,4167111,45.4332389831543
3075,872.733825087298,2500,924.177502187224,4169611,45.4332389831543
3076,866.258116696477,2500,910.785465398109,4172111,45.4332389831543
3077,1036.18679263875,2500,920.261925960923,4174611,45.4332389831543
3078,840.285854457054,2500,911.693751090614,4177111,45.4332389831543
3079,952.661812219213,2500,919.496121685261,4179611,45.4332389831543
3080,855.63709857408,2500,908.729860475416,4182111,45.4332389831543
3081,878.028596359151,2500,899.576935329977,4184611,45.4332389831543
3082,858.478225605821,2500,894.860231621254,4187111,45.4332389831543
3083,915.671335861913,2500,899.653977575173,4189611,45.4332389831543
3084,984.327372030601,2500,906.026902953035,4192111,45.4332389831543
3085,910.620686188549,2500,909.815589063161,4194611,45.4332389831543
3086,939.639947667261,2500,917.153772160239,4197111,45.4332389831543
3087,992.725298955716,2500,912.807622791936,4199611,45.4332389831543
3088,966.883232928158,2500,925.467360639046,4202111,45.4332389831543
3089,867.642282856083,2500,916.965407702734,4204611,45.4332389831543
3090,865.447124260447,2500,917.94641027137,4207111,45.4332389831543
3091,916.730040836341,2500,921.816554719089,4209611,45.4332389831543
3092,919.834986076572,2500,927.952230766164,4212111,45.4332389831543
3093,1008.65187271914,2500,937.250284451887,4214611,43.4791793823242
3094,851.934574123806,2500,924.011004661207,4217111,43.4791793823242
3095,824.8005844047,2500,915.428994482823,4219611,43.4791793823242
3096,879.731317047375,2500,909.438131420834,4222111,43.4791793823242
3097,1007.81685782292,2500,910.947287307554,4224611,43.4791793823242
3098,974.092626233192,2500,911.668226638058,4227111,43.4791793823242
3099,839.439428763813,2500,908.847941228831,4229611,43.4791793823242
3100,828.942965674641,2500,905.19752537025,4232111,43.4791793823242
3101,886.911811359717,2500,902.215702422587,4234611,43.4791793823242
3102,880.737047178814,2500,898.305908532812,4237111,43.4791793823242
3103,921.69373162285,2500,889.610094423183,4239611,43.4791793823242
3104,835.364004735892,2500,887.953037484391,4242111,43.4791793823242
3105,875.391678106741,2500,893.012146854595,4244611,43.4791793823242
3106,864.225804941359,2500,891.461595643994,4247111,43.4791793823242
3107,838.136090643165,2500,874.493518926018,4249611,43.4791793823242
3108,955.583109126753,2500,872.642567215375,4252111,43.4791793823242
3109,823.718969563799,2500,871.070521295373,4254611,43.4791793823242
3110,994.804468706688,2500,887.656671598578,4257111,43.4791793823242
3111,792.841462331103,2500,878.249636695716,4259611,43.4791793823242
3112,858.043083217275,2500,875.980240299563,4262111,43.4791793823242
3113,1193.56328229284,2500,903.167195366561,4264611,43.4791793823242
3114,868.872245446728,2500,906.518019437645,4267111,45.3031272888184
3115,937.849624298612,2500,912.763814056832,4269611,45.3031272888184
3116,759.448191283017,2500,902.286052690998,4272111,45.3031272888184
3117,841.695579304548,2500,902.642001557136,4274611,45.3031272888184
3118,903.140375611469,2500,897.397728205608,4277111,45.3031272888184
3119,1047.32988448409,2500,919.758819697637,4279611,45.3031272888184
3120,1074.97266482599,2500,927.775639309568,4282111,45.3031272888184
3121,865.644882742234,2500,935.055981350681,4284611,45.3031272888184
3122,854.263568163849,2500,934.678029845338,4287111,45.3031272888184
3123,925.835425068291,2500,907.905244122884,4289611,45.3031272888184
3124,1102.68296017761,2500,931.286315595972,4292111,45.3031272888184
3125,846.493109191576,2500,922.150664085269,4294611,45.3031272888184
3126,919.352322726805,2500,938.141077229647,4297111,45.3031272888184
3127,1208.88303876709,2500,974.859823175901,4299611,45.3031272888184
3128,972.361535102732,2500,981.781939125028,4302111,45.3031272888184
3129,957.419545285649,2500,972.790905205183,4304611,45.3031272888184
3130,987.434686817593,2500,964.037107404343,4307111,45.3031272888184
3131,1035.73434548083,2500,981.046053678202,4309611,45.3031272888184
3132,906.520597916108,2500,986.271756653428,4312111,45.3031272888184
3133,910.655046878573,2500,984.753718834456,4314611,45.3031272888184
3134,1001.72560813104,2500,974.657983629799,4317111,45.3031272888184
3135,1019.35997337655,2500,991.944670048296,4319611,45.3031272888184
3136,797.271356042894,2500,979.736573379905,4322111,45.3031272888184
3137,944.283019081258,2500,953.276571411322,4324611,46.2621612548828
3138,965.309555010532,2500,952.571373402102,4327111,46.2621612548828
3139,999.248264977712,2500,956.754245371308,4329611,46.2621612548828
3140,907.058199043307,2500,948.71659659388,4332111,46.2621612548828
3141,959.037520207451,2500,941.046914066542,4334611,46.2621612548828
3142,955.335391088455,2500,945.928393383777,4337111,46.2621612548828
3143,943.181928686157,2500,949.181081564536,4339611,46.2621612548828
3144,999.049197251434,2500,948.913440476575,4342111,46.2621612548828
3145,896.794584780924,2500,936.656901617012,4344611,46.2621612548828
3146,1053.23739114225,2500,962.253505126948,4347111,46.2621612548828
3147,1036.57205540881,2500,971.482408759703,4349611,46.2621612548828
3148,995.735449766815,2500,974.524998235331,4352111,46.2621612548828
3149,1111.48897297279,2500,985.749069034839,4354611,46.2621612548828
3150,930.617931628073,2500,988.105042293316,4357111,46.2621612548828
3151,1156.37839752119,2500,1007.83913002469,4359611,46.2621612548828
3152,1131.85752787942,2500,1025.49134370379,4362111,46.2621612548828
3153,899.420431082178,2500,1021.11519394339,4364611,46.2621612548828
3154,915.745462628505,2500,1012.78482048109,4367111,46.2621612548828
3155,976.785486129206,2500,1020.78391061592,4369611,46.2621612548828
3156,958.994105901137,2500,1011.35958209181,4372111,46.2621612548828
3157,973.580667116968,2500,1005.06044326263,4374611,46.2621612548828
3158,846.977529658675,2500,990.184651251814,4377111,47.5126037597656
3159,1075.72307760168,2500,986.608061714702,4379611,47.5126037597656
3160,773.649658474374,2500,970.911234399333,4382111,47.5126037597656
3161,836.86621137354,2500,938.960015784567,4384611,47.5126037597656
3162,849.794328063601,2500,910.753695802986,4387111,47.5126037597656
3163,755.654852090068,2500,896.377137903775,4389611,47.5126037597656
3164,760.876549204217,2500,880.890246561346,4392111,47.5126037597656
3165,891.983249694856,2500,872.410022917911,4394611,47.5126037597656
3166,884.39245919986,2500,864.949858247783,4397111,47.5126037597656
3167,849.951545689868,2500,852.586946105073,4399611,47.5126037597656
3168,964.215077110586,2500,864.310700850265,4402111,47.5126037597656
3169,871.479578273539,2500,843.886350917451,4404611,47.5126037597656
3170,905.412604534153,2500,857.062645523429,4407111,47.5126037597656
3171,858.908567849263,2500,859.266881171001,4409611,47.5126037597656
3172,910.253074248397,2500,865.312755789481,4412111,47.5126037597656
3173,985.07211218786,2500,888.25448179926,4414611,47.5126037597656
3174,857.256502755564,2500,897.892477154395,4417111,47.5126037597656
3175,920.526281014342,2500,900.746780286343,4419611,47.5126037597656
3176,705.264683384085,2500,882.834002704766,4422111,47.5126037597656
3177,812.324572043956,2500,879.071305340174,4424611,47.5126037597656
3178,870.055908534299,2500,869.655388482546,4427111,47.5126037597656
3179,906.251570038799,2500,873.132587659072,4429611,47.5126037597656
3180,916.640813183769,2500,874.255408524033,4432111,47.5126037597656
3181,969.203375959567,2500,885.284889335064,4434611,46.1933784484863
3182,891.890121639881,2500,883.448594074212,4437111,46.1933784484863
3183,863.26294078288,2500,871.267676933714,4439611,46.1933784484863
3184,829.150511651093,2500,868.457077823267,4442111,46.1933784484863
3185,889.351224791963,2500,865.339572201029,4444611,46.1933784484863
3186,871.235596887045,2500,881.936663551325,4447111,46.1933784484863
3187,908.385125518171,2500,891.542718898747,4449611,46.1933784484863
3188,845.522513954063,2500,889.089379440723,4452111,46.1933784484863
3189,781.442863308055,2500,876.608508767649,4454611,46.1933784484863
3190,804.321414893665,2500,865.376568938638,4457111,46.1933784484863
3191,865.58988594346,2500,855.015219937027,4459611,46.1933784484863
3192,820.496887860246,2500,847.875896559064,4462111,46.1933784484863
3193,840.484011062691,2500,845.598003587045,4464611,46.1933784484863
3194,858.638104321456,2500,848.546762854082,4467111,46.1933784484863
3195,925.088376243729,2500,852.120477999258,4469611,46.1933784484863
3196,771.003668015761,2500,842.09728511213,4472111,46.1933784484863
3197,828.622657342073,2500,834.12103829452,4474611,46.1933784484863
3198,823.065821497023,2500,831.875369048816,4477111,46.1933784484863
3199,1144.20760133597,2500,868.151842851607,4479611,46.1933784484863
3200,852.555544000896,2500,872.97525576233,4482111,46.1933784484863
3201,940.0101436084,2500,880.417281528824,4484611,46.1933784484863
3202,792.248396096702,2500,877.59243235247,4487111,45.4062080383301
3203,874.524712149912,2500,880.996502461192,4489611,45.4062080383301
3204,958.080917306365,2500,890.940783759683,4492111,45.4062080383301
3205,864.956698686751,2500,884.927616003985,4494611,45.4062080383301
3206,935.629129085873,2500,901.390162110996,4497111,45.4062080383301
3207,904.043338544691,2500,908.932230231258,4499611,45.4062080383301
3208,876.963295346158,2500,914.321977616172,4502111,45.4062080383301
3209,715.01710084352,2500,871.402927566927,4504611,45.4062080383301
3210,863.8562989744,2500,872.533003064277,4507111,45.4062080383301
3211,773.522835517926,2500,855.88427225523,4509611,45.4062080383301
3212,905.633062635422,2500,867.222738909102,4512111,45.4062080383301
3213,830.983179079329,2500,862.868585602044,4514611,45.4062080383301
3214,849.533718391093,2500,852.013865710516,4517111,45.4062080383301
3215,909.825238051149,2500,856.500719646956,4519611,45.4062080383301
3216,920.446359765215,2500,854.98244271489,4522111,45.4062080383301
3217,729.752955613071,2500,837.553404421728,4524611,45.4062080383301
3218,1103.38649855134,2500,860.195724742247,4527111,45.4062080383301
3219,889.290848859776,2500,877.623099543873,4529611,45.4062080383301
3220,829.502947976591,2500,874.187764444092,4532111,45.4062080383301
3221,843.710577123511,2500,881.20653860465,4534611,45.4062080383301
3222,865.187139976675,2500,877.161946338775,4537111,45.4062080383301
3223,917.571300686975,2500,885.82075849954,4539611,45.4062080383301
3224,877.880156210237,2500,888.655402281454,4542111,45.4062080383301
3225,944.959565538529,2500,892.168835030193,4544611,45.3252830505371
3226,929.316333886676,2500,893.055832442339,4547111,45.3252830505371
3227,1069.30917786252,2500,927.011454667284,4549611,45.3252830505371
3228,1022.76215074046,2500,918.949019886196,4552111,45.3252830505371
3229,873.233046840172,2500,917.343239684235,4554611,45.3252830505371
3230,1208.69208451797,2500,955.262153338373,4557111,45.3252830505371
3231,1224.48318670456,2500,993.339414296478,4559611,45.3252830505371
3232,915.028083713233,2500,998.323508670134,4562111,45.3252830505371
3233,989.968411796781,2500,1005.56321978111,4564611,45.3252830505371
3234,1082.23320574599,2500,1025.99852473469,4567111,45.3252830505371
3235,967.7945678083,2500,1028.28202496167,4569611,45.3252830505371
3236,960.229708726794,2500,1031.37336244568,4572111,45.3252830505371
3237,1207.48006978677,2500,1045.1904516381,4574611,45.3252830505371
3238,972.225903222891,2500,1040.13682688635,4577111,45.3252830505371
3239,940.541602029202,2500,1046.86768240525,4579611,45.3252830505371
3240,1090.49765502204,2500,1035.04823945566,4582111,45.3252830505371
3241,845.257686314086,2500,997.12568941661,4584611,45.3252830505371
3242,979.443287831916,2500,1003.56720982848,4587111,45.3252830505371
3243,961.163764698626,2500,1000.68674511866,4589611,45.3252830505371
3244,996.768449371442,2500,992.140269481207,4592111,45.3252830505371
3245,955.210505955469,2500,990.881863295924,4594611,45.3252830505371
3246,1028.84752368051,2500,997.743644791295,4597111,45.7294731140137
3247,807.056768125703,2500,957.701314625188,4599611,45.7294731140137
3248,1028.28277879447,2500,963.307002182346,4602111,45.7294731140137
3249,840.851336092578,2500,953.337975588684,4604611,45.7294731140137
3250,853.868920712016,2500,929.675102157681,4607111,45.7294731140137
3251,782.606878844674,2500,923.41002141074,4609611,45.7294731140137
3252,939.085166842955,2500,919.374209311844,4612111,45.7294731140137
3253,971.219770402077,2500,920.379809882189,4614611,45.7294731140137
3254,810.362533958228,2500,901.739218340867,4617111,45.7294731140137
3255,824.772637740989,2500,888.695431519419,4619611,45.7294731140137
3256,924.515137901193,2500,878.262192941488,4622111,45.7294731140137
3257,857.689171828425,2500,883.32543331176,4624611,45.7294731140137
3258,835.600102281353,2500,864.057165660449,4627111,45.7294731140137
3259,913.751384759587,2500,871.34717052715,4629611,45.7294731140137
3260,903.889790702994,2500,876.349257526247,4632111,45.7294731140137
3261,895.496858949447,2500,887.638255536725,4634611,45.7294731140137
3262,905.071228165563,2500,884.236861668986,4637111,45.7294731140137
3263,932.417056173307,2500,880.356590246108,4639611,45.7294731140137
3264,1089.05751696539,2500,908.226088546825,4642111,45.7294731140137
3265,987.589591802765,2500,924.507783953003,4644611,45.7294731140137
3266,1047.09125327994,2500,936.765395490878,4647111,45.7294731140137
3267,912.71335411264,2500,942.267813719299,4649611,45.7294731140137
3268,1016.97519777778,2500,960.405323268942,4652111,45.7294731140137
3269,1387.45186022855,2500,1007.77537081584,4654611,46.6896018981934
3270,1120.46836861359,2500,1029.4332286069,4657111,46.6896018981934
3271,1017.98548913446,2500,1041.6820916254,4659611,46.6896018981934
3272,1218.30231860099,2500,1073.00520066894,4662111,46.6896018981934
3273,994.290850124453,2500,1079.19258006406,4664611,46.6896018981934
3274,1137.5150843684,2500,1084.03833680436,4667111,46.6896018981934
3275,1347.82396960956,2500,1120.06177458504,4669611,46.6896018981934
3276,1025.65632551904,2500,1117.91828180895,4672111,46.6896018981934
3277,1120.26690285348,2500,1138.67363668303,4674611,46.6896018981934
3278,1038.36616333815,2500,1140.81273323907,4677111,46.6896018981934
3279,1232.31225424651,2500,1125.29877264086,4679611,46.6896018981934
3280,1039.52779689591,2500,1117.2047154691,4682111,46.6896018981934
3281,1407.4426451119,2500,1156.15043106684,4684611,46.6896018981934
3282,1218.80984369391,2500,1156.20118357613,4687111,46.6896018981934
3283,1006.13375476186,2500,1157.38547403987,4689611,46.6896018981934
3284,1029.0538839953,2500,1146.53935400256,4692111,46.6896018981934
3285,1143.53642868782,2500,1126.11059991039,4694611,46.6896018981934
3286,859.633329907748,2500,1109.50830034926,4697111,46.6896018981934
3287,1007.67260450759,2500,1098.24887051467,4699611,46.6896018981934
3288,1067.0268739554,2500,1101.1149415764,4702111,46.6896018981934
3289,1107.58398747489,2500,1088.64211489923,4704611,46.6896018981934
3290,1130.43262896653,2500,1097.7325981063,4707111,46.1572799682617
3291,1123.14701465951,2500,1069.30303506106,4709611,46.1572799682617
3292,1098.90495094479,2500,1057.31254578614,4712111,46.1572799682617
3293,1269.9744562288,2500,1083.69661593284,4714611,46.1572799682617
3294,956.301843601859,2500,1076.42141189349,4717111,46.1572799682617
3295,974.585172498578,2500,1059.52628627457,4719611,46.1572799682617
3296,1273.44358737084,2500,1100.90731202088,4722111,46.1572799682617
3297,969.475015236727,2500,1097.08755309379,4724611,46.1572799682617
3298,1023.86844963816,2500,1092.77171066207,4727111,46.1572799682617
3299,984.656156192298,2500,1080.47892753381,4729611,46.1572799682617
3300,1123.53204764744,2500,1079.7888694019,4732111,46.1572799682617
3301,1288.45119835239,2500,1096.31928777119,4734611,46.1572799682617
3302,993.232534256646,2500,1085.75204610237,4737111,46.1572799682617
3303,989.067309716885,2500,1057.66133145118,4739611,46.1572799682617
3304,1076.60521628588,2500,1069.69166871958,4742111,46.1572799682617
3305,1093.35463363051,2500,1081.56861483278,4744611,46.1572799682617
3306,1106.75939949205,2500,1064.9001960449,4747111,46.1572799682617
3307,1114.55005521729,2500,1079.40770004295,4749611,46.1572799682617
3308,997.37072226812,2500,1076.75792730595,4752111,46.1572799682617
3309,863.838095440465,2500,1064.67612123077,4754611,46.1572799682617
3310,951.71885740987,2500,1047.49480220701,4757111,46.1572799682617
3311,1067.16302313993,2500,1025.36598468576,4759611,46.1572799682617
3312,1069.62406759953,2500,1033.00513802005,4762111,46.1572799682617
3313,1168.1283183729,2500,1050.91123888565,4764611,45.8253021240234
3314,1066.55312218259,2500,1049.90602947533,4767111,45.8253021240234
3315,1128.70271822386,2500,1053.44083793466,4769611,45.8253021240234
3316,1049.25562308617,2500,1047.69046029407,4772111,45.8253021240234
3317,1041.27939325344,2500,1040.36339409769,4774611,45.8253021240234
3318,1083.90414907008,2500,1049.01673677788,4777111,45.8253021240234
3319,1059.37401696833,2500,1068.57032893067,4779611,45.8253021240234
3320,1144.02739330992,2500,1087.80118252067,4782111,45.8253021240234
3321,1003.51668962866,2500,1081.43654916955,4784611,45.8253021240234
3322,981.142542569953,2500,1072.58839666659,4787111,45.8253021240234
3323,1031.98825377363,2500,1058.97439020666,4789611,45.8253021240234
3324,995.605399126521,2500,1051.87961790106,4792111,45.8253021240234
3325,1036.76539375653,2500,1042.68588545432,4794611,45.8253021240234
3326,1388.87898978939,2500,1076.64822212464,4797111,45.8253021240234
3327,1109.27321601368,2500,1083.44760440067,4799611,45.8253021240234
3328,1010.11695090576,2500,1076.06888458424,4802111,45.8253021240234
3329,1017.71268257907,2500,1071.90275114531,4804611,45.8253021240234
3330,1087.26296659291,2500,1066.22630847361,4807111,45.8253021240234
3331,1043.26691439826,2500,1070.20133095057,4809611,45.8253021240234
3332,1150.34067469652,2500,1087.12114416323,4812111,45.8253021240234
3333,1116.0627541152,2500,1095.52859419738,4814611,45.8253021240234
3334,993.318799732216,2500,1095.29993425795,4817111,46.6984786987305
3335,1057.28513179699,2500,1097.351908062,4819611,46.6984786987305
3336,1158.28817603952,2500,1074.29282668701,4822111,46.6984786987305
3337,1162.70133893919,2500,1079.63563897956,4824611,46.6984786987305
3338,1136.77574557588,2500,1092.30151844658,4827111,46.6984786987305
3339,984.693697027222,2500,1088.99961989139,4829611,46.6984786987305
3340,1051.51714165525,2500,1085.42503739763,4832111,46.6984786987305
3341,1022.44783424381,2500,1083.34312938218,4834611,46.6984786987305
3342,1107.93907619844,2500,1079.10296953237,4837111,46.6984786987305
3343,1232.6854725262,2500,1090.76524137347,4839611,46.6984786987305
3344,833.514209242059,2500,1074.78478232446,4842111,46.6984786987305
3345,984.377341280881,2500,1067.49400327285,4844611,46.6984786987305
3346,1007.44997466901,2500,1052.4101831358,4847111,46.6984786987305
3347,959.411281143907,2500,1032.08117735627,4849611,46.6984786987305
3348,1006.99148020882,2500,1019.10275081956,4852111,46.6984786987305
3349,919.223339207337,2500,1012.55571503757,4854611,46.6984786987305
3350,944.377973463374,2500,1001.84179821838,4857111,46.6984786987305
3351,1005.22048541978,2500,1000.11906333598,4859611,46.6984786987305
3352,967.094938342013,2500,986.034649550338,4862111,46.6984786987305
3353,977.747407377315,2500,960.54084303545,4864611,46.6984786987305
3354,995.121163051906,2500,976.701538416434,4867111,46.6984786987305
3355,997.492964939236,2500,978.01310078227,4869611,46.6984786987305
3356,1063.43815937925,2500,983.611919253294,4872111,46.6984786987305
3357,1082.06101951917,2500,995.87689309082,4874611,45.5842819213867
3358,1069.30859330639,2500,1002.10860440058,4877111,45.5842819213867
3359,1107.8407760194,2500,1020.97034808178,4879611,45.5842819213867
3360,858.022304344671,2500,1012.33478116991,4882111,45.5842819213867
3361,1070.14980734677,2500,1018.82771336261,4884611,45.5842819213867
3362,939.194421744804,2500,1016.03766170289,4887111,45.5842819213867
3363,1053.83151251368,2500,1023.64607221653,4889611,45.5842819213867
3364,998.563421735802,2500,1023.99029808492,4892111,45.5842819213867
3365,992.359885045072,2500,1023.4769900955,4894611,45.5842819213867
3366,958.708695505646,2500,1013.00404370814,4897111,45.5842819213867
3367,1078.83305971738,2500,1012.68124772796,4899611,45.5842819213867
3368,1037.25443280872,2500,1009.47583167819,4902111,45.5842819213867
3369,1083.09648818275,2500,1007.00140289453,4904611,45.5842819213867
3370,1072.72659478226,2500,1028.47183193829,4907111,45.5842819213867
3371,1011.84508833957,2500,1022.64136003757,4909611,45.5842819213867
3372,945.569025747065,2500,1023.2788204378,4912111,45.5842819213867
3373,1046.08394406041,2500,1022.50406359247,4914611,45.5842819213867
3374,1422.59901789339,2500,1064.90762320823,4917111,45.5842819213867
3375,1202.46675980195,2500,1085.91831068391,4919611,45.5842819213867
3376,1023.37872360989,2500,1092.38531349434,4922111,45.5842819213867
3377,1500.03689990652,2500,1134.50569751325,4924611,45.5842819213867
3378,1165.83382264718,2500,1147.3636364971,4927111,46.2681884765625
3379,1048.78804987256,2500,1143.93279266608,4929611,46.2681884765625
3380,1002.03802027153,2500,1136.86393521501,4932111,46.2681884765625
3381,1287.70036043381,2500,1164.44946242443,4934611,46.2681884765625
3382,1244.83369870518,2500,1194.37592972024,4937111,46.2681884765625
3383,980.486931340555,2500,1187.81622844826,4939611,46.2681884765625
3384,1107.16131261598,2500,1156.27245792052,4942111,46.2681884765625
3385,1175.56148909544,2500,1153.58193084987,4944611,46.2681884765625
3386,998.396366797638,2500,1151.08369516864,4947111,46.2681884765625
3387,992.443403988068,2500,1100.32434557679,4949611,46.2681884765625
3388,1100.52385855093,2500,1093.79334916717,4952111,46.2681884765625
3389,1247.5729519583,2500,1113.67183937574,4954611,46.2681884765625
3390,1166.37462141686,2500,1130.10549949028,4957111,46.2681884765625
3391,998.558288144951,2500,1101.19129226139,4959611,46.2681884765625
3392,998.631363173523,2500,1076.57105870822,4962111,46.2681884765625
3393,1253.8063949618,2500,1103.90300507035,4964611,46.2681884765625
3394,985.414601183036,2500,1091.72833392706,4967111,46.2681884765625
3395,1159.98042873691,2500,1090.1702278912,4969611,46.2681884765625
3396,1226.94055681829,2500,1113.02464689327,4972111,46.2681884765625
3397,1016.76659389388,2500,1115.45696588385,4974611,46.2681884765625
3398,1194.78273402348,2500,1124.8828534311,4977111,46.2681884765625
3399,959.003932709818,2500,1096.02595150626,4979611,46.2681884765625
3400,1013.22562171496,2500,1080.71105153607,4982111,46.2681884765625
3401,945.295646770311,2500,1075.3847873986,4984611,46.8713150024414
3402,895.503545718822,2500,1065.07200565313,4987111,46.8713150024414
3403,994.452357803662,2500,1039.13660193732,4989611,46.8713150024414
3404,1048.93887456775,2500,1045.48902927579,4992111,46.8713150024414
3405,1020.8047273479,2500,1031.57145913689,4994611,46.8713150024414
3406,1014.84391701066,2500,1010.36179515612,4997111,46.8713150024414
3407,1093.68416238119,2500,1018.05355200486,4999611,46.8713150024414
3408,1154.12745919127,2500,1013.98802452163,5002111,46.8713150024414
3409,1026.48240795901,2500,1020.73587204655,5004611,46.8713150024414
3410,1023.81380251121,2500,1021.79469012618,5007111,46.8713150024414
3411,1014.46481098882,2500,1028.71160654803,5009611,46.8713150024414
3412,1074.43157200313,2500,1046.60440917646,5012111,46.8713150024414
3413,1201.05802767879,2500,1067.26497616397,5014611,46.8713150024414
3414,1025.44380187957,2500,1064.91546889516,5017111,46.8713150024414
3415,1024.31695910287,2500,1065.26669207065,5019611,46.8713150024414
3416,864.219322601777,2500,1050.20423262976,5022111,46.8713150024414
3417,909.292272815826,2500,1031.76504367323,5024611,46.8713150024414
3418,1054.03049226648,2500,1021.75534698075,5027111,46.8713150024414
3419,982.623364248228,2500,1017.36944260967,5029611,46.8713150024414
3420,1082.21006925437,2500,1023.20906928399,5032111,46.8713150024414
3421,1002.29716368467,2500,1021.99230455357,5034611,46.8713150024414
3422,1151.07835854167,2500,1029.65698320743,5037111,46.6363677978516
3423,1360.08973489012,2500,1045.56015392856,5039611,46.6363677978516
3424,1003.37213090087,2500,1043.35298683069,5042111,46.6363677978516
3425,1168.01122259326,2500,1057.72241317973,5044611,46.6363677978516
3426,1154.61569492821,2500,1086.76205041237,5047111,46.6363677978516
3427,1052.43015000639,2500,1101.07583813143,5049611,46.6363677978516
3428,1217.7616283898,2500,1117.44895174376,5052111,46.6363677978516
3429,1128.37867062635,2500,1132.02448238157,5054611,46.6363677978516
3430,1125.4769181486,2500,1136.35116727099,5057111,46.6363677978516
3431,1026.94944814736,2500,1138.81639571726,5059611,46.6363677978516
3432,1018.24000754402,2500,1125.5325606175,5062111,46.6363677978516
3433,1136.1757200743,2500,1103.14115913592,5064611,46.6363677978516
3434,1030.73576542381,2500,1105.87752258821,5067111,46.6363677978516
3435,1151.25246452581,2500,1104.20164678147,5069611,46.6363677978516
3436,1152.59668628928,2500,1103.99974591757,5072111,46.6363677978516
3437,1070.36574752722,2500,1105.79330566966,5074611,46.6363677978516
3438,1046.36132300306,2500,1088.65327513098,5077111,46.6363677978516
3439,1013.6072254033,2500,1077.17613060868,5079611,46.6363677978516
3440,1125.40167002492,2500,1077.16860579631,5082111,46.6363677978516
3441,1036.77953523572,2500,1078.15161450515,5084611,46.6363677978516
3442,1071.53325978203,2500,1083.48093972895,5087111,46.6363677978516
3443,1222.10056954318,2500,1092.07342467583,5089611,46.6363677978516
3444,1079.54673575812,2500,1096.95452170927,5092111,46.6363677978516
3445,1018.57875788521,2500,1083.6871510452,5094611,45.7599182128906
3446,1093.89665010905,2500,1077.81714742718,5097111,45.7599182128906
3447,1072.15060017149,2500,1077.99563269161,5099611,45.7599182128906
3448,1122.25757649087,2500,1085.58525804039,5102111,45.7599182128906
3449,1066.63522371484,2500,1090.88805787154,5104611,45.7599182128906
3450,1121.87120793309,2500,1090.53501166236,5107111,45.7599182128906
3451,738.945730880765,2500,1060.75163122686,5109611,45.7599182128906
3452,1103.63842189572,2500,1063.96214743823,5112111,45.7599182128906
3453,1026.72920175182,2500,1044.4250106591,5114611,45.7599182128906
3454,1223.94774764672,2500,1058.86511184796,5117111,45.7599182128906
3455,1098.35832387247,2500,1066.84306844668,5119611,45.7599182128906
3456,1123.40190386299,2500,1069.79359382208,5122111,45.7599182128906
3457,1045.94444306822,2500,1067.17297811175,5124611,45.7599182128906
3458,1018.3561039368,2500,1056.78283085634,5127111,45.7599182128906
3459,1218.08395246271,2500,1071.92770373113,5129611,45.7599182128906
3460,1026.57861461826,2500,1062.39844439965,5132111,45.7599182128906
3461,993.600195909278,2500,1087.8638909025,5134611,45.7599182128906
3462,1169.41596215503,2500,1094.44164492843,5137111,45.7599182128906
3463,1005.41672698227,2500,1092.31039745148,5139611,45.7599182128906
3464,933.984900401391,2500,1063.31411272694,5142111,45.7599182128906
3465,1018.36593362253,2500,1055.31487370195,5144611,45.7599182128906
3466,1314.06729633246,2500,1074.38141294889,5147111,46.3443908691406
3467,1201.73894959291,2500,1089.96086360136,5149611,46.3443908691406
3468,1107.11498292359,2500,1098.83675150004,5152111,46.3443908691406
3469,1106.77438483046,2500,1087.70579473682,5154611,46.3443908691406
3470,1063.4574642031,2500,1091.3936796953,5157111,46.3443908691406
3471,1099.59662197671,2500,1101.99332230204,5159611,46.3443908691406
3472,1004.59299974354,2500,1085.5110260609,5162111,46.3443908691406
3473,1194.08918832541,2500,1104.37827219521,5164611,46.3443908691406
3474,998.961378660052,2500,1110.87592002108,5167111,46.3443908691406
3475,1114.45481988883,2500,1120.48480864771,5169611,46.3443908691406
3476,1105.60973398017,2500,1099.63905241248,5172111,46.3443908691406
3477,1009.62371032893,2500,1080.42752848608,5174611,46.3443908691406
3478,1066.0036929608,2500,1076.3163994898,5177111,46.3443908691406
3479,1023.014979715,2500,1067.94045897825,5179611,46.3443908691406
3480,1307.46216686234,2500,1092.34092924418,5182111,46.3443908691406
3481,1202.20758367739,2500,1102.60202541424,5184611,46.3443908691406
3482,1185.42071812922,2500,1120.68479725281,5187111,46.3443908691406
3483,1119.48677964716,2500,1113.22455638499,5189611,46.3443908691406
3484,1315.77762623537,2500,1144.90618114252,5192111,46.3443908691406
3485,1033.65260249496,2500,1136.82595940313,5194611,46.3443908691406
3486,1122.98381538727,2500,1138.56336754384,5197111,46.3443908691406
3487,1116.27246774057,2500,1149.22824328501,5199611,46.3443908691406
3488,1164.05964776077,2500,1159.033838765,5202111,46.3443908691406
3489,1139.89233183835,2500,1170.72157397734,5204611,45.3917808532715
3490,1273.18492323633,2500,1167.29384961474,5207111,45.3917808532715
3491,1125.1358373494,2500,1159.58667498194,5209611,45.3917808532715
3492,1142.52094822613,2500,1155.29669799163,5212111,45.3917808532715
3493,1049.44530513304,2500,1148.29255054022,5214611,45.3917808532715
3494,1016.8401026501,2500,1118.39879818169,5217111,45.3917808532715
3495,1024.94053707855,2500,1117.52759164005,5219611,45.3917808532715
3496,1081.94950270967,2500,1113.42416037229,5222111,45.3917808532715
3497,1161.50045415339,2500,1117.94695901357,5224611,45.3917808532715
3498,1104.54567221,2500,1111.9955614585,5227111,45.3917808532715
3499,1249.11238918304,2500,1122.91756719296,5229611,45.3917808532715
3500,1229.22735669412,2500,1118.52181053874,5232111,45.3917808532715
3501,894.278025810697,2500,1095.43602938487,5234611,45.3917808532715
3502,1196.13540642969,2500,1100.79747520523,5237111,45.3917808532715
3503,1251.85673720999,2500,1121.03861841292,5239611,45.3917808532715
3504,1017.44404603692,2500,1121.09901275161,5242111,45.3917808532715
3505,1034.09746999312,2500,1122.01470604306,5244611,45.3917808532715
3506,1096.81407432748,2500,1123.50116320484,5247111,45.3917808532715
3507,1033.31171596998,2500,1110.6822893865,5249611,45.3917808532715
3508,1156.37322223353,2500,1115.86504438886,5252111,45.3917808532715
3509,1228.45193608406,2500,1113.79899907896,5254611,45.3917808532715
3510,1072.6193446673,2500,1098.13819787628,5257111,46.1668281555176
3511,1144.14002375127,2500,1123.12439767033,5259611,46.1668281555176
3512,1278.94903238117,2500,1131.40576026548,5262111,46.1668281555176
3513,1246.49611584013,2500,1130.8696981285,5264611,46.1668281555176
3514,1078.90055667891,2500,1137.0153491927,5267111,46.1668281555176
3515,1141.44555763534,2500,1147.75015795692,5269611,46.1668281555176
3516,1348.83966139164,2500,1172.95271666333,5272111,46.1668281555176
3517,984.15033881416,2500,1168.03657894775,5274611,46.1668281555176
3518,1143.23275976578,2500,1166.72253270098,5277111,46.1668281555176
3519,971.690175760343,2500,1141.0463566686,5279611,46.1668281555176
3520,1241.84602863011,2500,1157.96902506489,5282111,46.1668281555176
3521,1207.7545597051,2500,1164.33047866027,5284611,46.1668281555176
3522,1110.91521969819,2500,1147.52709739197,5287111,46.1668281555176
3523,1037.13401183,2500,1126.59088699096,5289611,46.1668281555176
3524,1145.45928117867,2500,1133.24675944093,5292111,46.1668281555176
3525,1163.73844283803,2500,1135.4760479612,5294611,46.1668281555176
3526,1360.08345229441,2500,1136.60042705148,5297111,46.1668281555176
3527,1113.12090442091,2500,1149.49748361216,5299611,46.1668281555176
3528,1227.35383814286,2500,1157.90959144986,5302111,46.1668281555176
3529,1126.41967472776,2500,1173.3825413466,5304611,46.1668281555176
3530,1240.70698082315,2500,1173.26863656591,5307111,46.1668281555176
3531,1037.94770656375,2500,1156.28795125177,5309611,46.1668281555176
3532,1119.95696752783,2500,1157.19212603474,5312111,46.1668281555176
3533,1159.10861210956,2500,1169.38958606269,5314611,47.5963439941406
3534,1046.59370953095,2500,1159.50302889792,5317111,47.5963439941406
3535,1034.1943639569,2500,1146.54862100981,5319611,47.5963439941406
3536,1074.48343238034,2500,1117.9886190184,5322111,47.5963439941406
3537,1099.27321264672,2500,1116.60384984098,5324611,47.5963439941406
3538,1123.21830384538,2500,1106.19029641123,5327111,47.5963439941406
3539,1009.99947026086,2500,1094.54827596454,5329611,47.5963439941406
3540,1144.25939764306,2500,1084.90351764653,5332111,47.5963439941406
3541,1158.41623509226,2500,1096.95037049939,5334611,47.5963439941406
3542,1068.71244518259,2500,1091.82591826486,5337111,47.5963439941406
3543,1152.53542621703,2500,1091.16859967561,5339611,47.5963439941406
3544,702.20101893515,2500,1056.72933061603,5342111,47.5963439941406
3545,1103.33500786504,2500,1063.64339500684,5344611,47.5963439941406
3546,1003.76645420648,2500,1056.57169718946,5347111,47.5963439941406
3547,941.963349783655,2500,1040.84071090315,5349611,47.5963439941406
3548,927.158624769066,2500,1021.23474299552,5352111,47.5963439941406
3549,1155.20733765016,2500,1035.75552973445,5354611,47.5963439941406
3550,1078.4572054153,2500,1029.17531051167,5357111,47.5963439941406
3551,1096.43502152831,2500,1022.97718915528,5359611,47.5963439941406
3552,1054.54350783665,2500,1021.56029542068,5362111,47.5963439941406
3553,970.606790991214,2500,1003.3674318981,5364611,47.5963439941406
3554,1119.14586716897,2500,1045.06191672149,5367111,45.380241394043
3555,1118.4063696981,2500,1046.56905290479,5369611,45.380241394043
3556,1024.04164908564,2500,1048.59657239271,5372111,45.380241394043
3557,1060.94044868998,2500,1060.49428228334,5374611,45.380241394043
3558,1160.36215640521,2500,1083.81463544695,5377111,45.380241394043
3559,1008.52435254221,2500,1069.14633693616,5379611,45.380241394043
3560,1156.51913246116,2500,1076.95252964075,5382111,45.380241394043
3561,1149.52111011191,2500,1082.26113849911,5384611,45.380241394043
3562,1060.22544002966,2500,1082.82933171841,5387111,45.380241394043
3563,1212.18988787844,2500,1106.98764140713,5389611,45.380241394043
3564,1187.00728418468,2500,1113.7737831087,5392111,45.380241394043
3565,979.856503602385,2500,1099.91879649913,5394611,45.380241394043
3566,1071.75656148852,2500,1104.69028773942,5397111,45.380241394043
3567,1262.27956095585,2500,1124.824198966,5399611,45.380241394043
3568,1141.3625352017,2500,1122.92423684565,5402111,45.380241394043
3569,1155.65028983307,2500,1137.63683057474,5404611,45.380241394043
3570,1257.83633279337,2500,1147.76855060796,5407111,45.380241394043
3571,1048.04767925131,2500,1137.6212075219,5409611,45.380241394043
3572,1094.09023519482,2500,1141.00768703841,5412111,45.380241394043
3573,1066.22287317823,2500,1126.41098556839,5414611,45.380241394043
3574,1130.71959118863,2500,1120.78221626879,5417111,45.380241394043
3575,1035.15121009625,2500,1126.31168691818,5419611,45.380241394043
3576,1041.05343741957,2500,1123.24137451128,5422111,45.380241394043
3577,1079.33325845567,2500,1104.94674426126,5424611,46.2238616943359
3578,1137.96461761764,2500,1104.60695250286,5427111,46.2238616943359
3579,1099.96599817768,2500,1099.03852333732,5429611,46.2238616943359
3580,1088.01986033362,2500,1082.05687609134,5432111,46.2238616943359
3581,1343.4365881442,2500,1111.59576698063,5434611,46.2238616943359
3582,1075.82149475687,2500,1109.76889293684,5437111,46.2238616943359
3583,1014.52856192654,2500,1104.59946181167,5439611,46.2238616943359
3584,1175.76214315995,2500,1109.1037170088,5442111,46.2238616943359
3585,1387.32439969778,2500,1144.32103596895,5444611,46.2238616943359
3586,1058.76645427658,2500,1146.09233765465,5447111,46.2238616943359
3587,1132.57810772229,2500,1151.41682258131,5449611,46.2238616943359
3588,1017.56488015931,2500,1139.37684883548,5452111,46.2238616943359
3589,1227.54288108837,2500,1152.13453712655,5454611,46.2238616943359
3590,1177.64729545133,2500,1161.09728063832,5457111,46.2238616943359
3591,1325.39613663056,2500,1159.29323548696,5459611,46.2238616943359
3592,1156.54859269909,2500,1167.36594528118,5462111,46.2238616943359
3593,1152.31007769993,2500,1181.14409685852,5464611,46.2238616943359
3594,1194.66884245974,2500,1183.0347667885,5467111,46.2238616943359
3595,1223.85356790763,2500,1166.68768360948,5469611,46.2238616943359
3596,1140.41727754376,2500,1174.8527659362,5472111,46.2238616943359
3597,1146.76701850402,2500,1176.27165701437,5474611,46.2238616943359
3598,1182.07848788169,2500,1192.72301778661,5477111,46.3538932800293
3599,1009.53248763232,2500,1170.92197844101,5479611,46.3538932800293
3600,1055.44232108791,2500,1158.70148100466,5482111,46.3538932800293
3601,1122.13901028953,2500,1138.37576837056,5484611,46.3538932800293
3602,1105.21849265083,2500,1133.24275836574,5487111,46.3538932800293
3603,1148.93463458379,2500,1132.90521405412,5489611,46.3538932800293
3604,1363.89869156558,2500,1149.82819896471,5492111,46.3538932800293
3605,1043.11509207434,2500,1131.75435138138,5494611,46.3538932800293
3606,1140.26955292973,2500,1131.73957891997,5497111,46.3538932800293
3607,1043.82961955973,2500,1121.44583902554,5499611,46.3538932800293
3608,1229.49681692945,2500,1126.18767193032,5502111,46.3538932800293
3609,1206.53427777413,2500,1145.8878509445,5504611,46.3538932800293
3610,1211.72714467739,2500,1161.51633330345,5507111,46.3538932800293
3611,1029.52097656601,2500,1152.2545299311,5509611,46.3538932800293
3612,1253.30515653261,2500,1167.06319631927,5512111,46.3538932800293
3613,1156.87028468422,2500,1167.85676132932,5514611,46.3538932800293
3614,1127.20023763871,2500,1144.18691593663,5517111,46.3538932800293
3615,1232.45990036819,2500,1163.12139676602,5519611,46.3538932800293
3616,1014.17919975477,2500,1150.51236144852,5522111,46.3538932800293
3617,1054.96051986501,2500,1151.62545147905,5524611,46.3538932800293
3618,1238.89146921496,2500,1152.5649167076,5527111,46.3538932800293
3619,1095.8496840398,2500,1141.49645733417,5529611,46.3538932800293
3620,986.484659854359,2500,1118.97220885186,5532111,46.3538932800293
3621,1014.50486371853,2500,1117.47059756712,5534611,47.2962837219238
3622,876.203439809726,2046,1079.76042589483,5536657,47.2962837219238
3623,325.531619532442,693,996.62655937965,5537350,47.2962837219238
3624,647.040724881576,1612,948.610608103936,5538962,47.2962837219238
3625,802.382654890197,1883,905.602883556136,5540845,47.2962837219238
3626,816.748536804007,1995,885.85981726106,5542840,47.2962837219238
3627,1164.5773306154,2500,896.821498336099,5545340,47.2962837219238
3628,186.663139944451,537,791.598665409049,5545877,47.2962837219238
3629,1069.31502055218,2500,788.945199060287,5548377,47.2962837219238
3630,127.46970178811,444,703.043703253662,5548821,47.2962837219238
3631,374.620800429258,826,639.055296924735,5549647,47.2962837219238
3632,1082.39394465595,2500,659.674347409357,5552147,47.2962837219238
3633,728.839697968723,1939,700.005155252985,5554086,47.2962837219238
3634,1171.57818052968,2500,752.458900817796,5556586,47.2962837219238
3635,519.10399075356,1443,724.131034404132,5558029,47.2962837219238
3636,795.598455038184,1914,722.01602622755,5559943,47.2962837219238
3637,774.186144898159,1604,682.976907655825,5561547,47.2962837219238
3638,248.476116461169,583,689.158205307497,5562130,47.2962837219238
3639,226.827176690536,561,604.909420921333,5562691,47.2962837219238
3640,700.255605586672,1643,662.188011301189,5564334,47.2962837219238
3641,348.032501583594,835,659.529181416622,5565169,47.2962837219238
3642,1229.60923396098,2500,674.250710347126,5567669,45.667423248291
3643,1138.67827275855,2500,715.234567826108,5570169,45.667423248291
3644,1309.78979753003,2500,729.055729526143,5572669,45.667423248291
3645,1328.83371935458,2500,810.028702386245,5575169,45.667423248291
3646,1267.56834869268,2500,857.225691751694,5577669,45.667423248291
3647,1188.74300798323,2500,898.681378060201,5580169,45.667423248291
3648,1234.07227055194,2500,997.240993469279,5582669,45.667423248291
3649,1327.03724045316,2500,1107.26199984554,5585169,45.667423248291
3650,1161.09318401253,2500,1153.34575768813,5587669,45.667423248291
3651,1303.49868737606,2500,1248.89237626737,5590169,45.667423248291
3652,1138.33933086926,2500,1239.7653859582,5592669,45.667423248291
3653,1198.1317183113,2500,1245.71073051348,5595169,45.667423248291
3654,1403.69018639908,2500,1255.10076940038,5597669,45.667423248291
3655,1398.04539522202,2500,1262.02193698713,5600169,45.667423248291
3656,1105.45915487211,2500,1245.81101760507,5602669,45.667423248291
3657,1172.51365003419,2500,1244.18808181017,5605169,45.667423248291
3658,1147.78290362505,2500,1235.55914511748,5607669,45.667423248291
3659,1460.0704772628,2500,1248.86246879844,5610169,45.667423248291
3660,1229.10488633049,2500,1255.66363903024,5612669,45.667423248291
3661,1265.00222625099,2500,1251.81399291773,5615169,45.667423248291
3662,963.642888314267,2500,1234.34434866223,5617669,45.667423248291
3663,1256.820344132,2500,1240.2132112443,5620169,45.667423248291
3664,1235.55766822296,2500,1223.39995942669,5622669,45.667423248291
3665,251.547094742011,712,1108.75012937869,5623381,47.0856399536133
3666,1286.30739323867,2500,1126.83495321534,5625881,47.0856399536133
3667,1415.06659915007,2500,1151.09024812693,5628381,47.0856399536133
3668,1119.36616291858,2500,1148.24857405628,5630881,47.0856399536133
3669,1295.16217442521,2500,1131.75774377252,5633381,47.0856399536133
3670,1325.30491391634,2500,1141.37774653111,5635881,47.0856399536133
3671,1300.97110645338,2500,1144.97463455135,5638381,47.0856399536133
3672,1236.11367846951,2500,1172.22171356687,5640881,47.0856399536133
3673,1159.23332920936,2500,1162.46301207461,5643381,47.0856399536133
3674,1279.45073927444,2500,1166.85231917976,5645881,47.0856399536133
3675,1315.66476628817,2500,1273.26408633437,5648381,47.0856399536133
3676,1236.68236816635,2500,1268.30158382714,5650881,47.0856399536133
3677,1137.24399730838,2500,1240.51932364297,5653381,47.0856399536133
3678,1261.78276416582,2500,1254.7609837677,5655881,47.0856399536133
3679,1222.98958159739,2500,1247.54372448491,5658381,47.0856399536133
3680,1071.82301866485,2500,1222.19553495976,5660881,47.0856399536133
3681,1324.73444094239,2500,1224.57186840866,5663381,47.0856399536133
3682,1373.84551754085,2500,1238.3450523158,5665881,47.0856399536133
3683,1190.63958346822,2500,1241.48567774168,5668381,47.0856399536133
3684,325.49881788851,680,1146.09048560309,5669061,47.0856399536133
3685,1188.78476600241,2500,1133.40248557452,5671561,47.0856399536133
3686,620.486285211137,1620,1071.782877279,5673181,47.2219429016113
3687,1010.73795559543,2334,1059.1322731077,5675515,47.2219429016113
3688,1110.57409851792,2500,1044.01140654291,5678015,47.2219429016113
3689,720.823682816228,1534,993.794816664795,5679549,47.2219429016113
3690,1234.51087068043,2500,1010.06360186635,5682049,47.2219429016113
3691,602.500099656367,1347,937.840167737751,5683396,47.2219429016113
3692,741.966536052324,1936,874.652269588898,5685332,47.2219429016113
3693,1371.75815483023,2500,892.764126725099,5687832,47.2219429016113
3694,1068.72177315222,2500,967.08642225147,5690332,47.2219429016113
3695,331.272745386172,803,881.335220189846,5691135,47.2219429016113
3696,901.604155212324,2500,909.447007189965,5693635,47.2219429016113
3697,738.289416374127,1680,882.202153267834,5695315,47.2219429016113
3698,1152.6667001203,2500,886.411413428072,5697815,47.2219429016113
3699,643.244710610638,1336,878.653516207513,5699151,47.2219429016113
3700,129.075810384965,347,768.110010177967,5699498,47.2219429016113
3701,1268.09271787561,2500,834.669271999891,5701998,47.2219429016113
3702,762.461600740422,2002,836.718778468701,5704000,47.2219429016113
3703,1122.26172459879,2500,811.769135445557,5706500,47.2219429016113
3704,439.490530611015,907,748.846011191436,5707407,47.2219429016113
3705,778.415477243102,1614,793.560284377129,5709021,47.2219429016113
3706,214.172162180938,429,724.81708507399,5709450,47.2219429016113
3707,315.184463519245,529,682.506589788502,5709979,47.2219429016113
3708,996.890516762522,2500,666.928971452724,5712479,47.2219429016113
3709,1238.84205126277,2500,726.488705517937,5714979,50.8512878417969
3710,1091.29678226752,2500,822.710802706192,5717479,50.8512878417969
3711,683.115706610852,1438,764.213101579717,5718917,50.8512878417969
3712,1068.56573769211,2500,794.823515274886,5721417,50.8512878417969
3713,303.378529712591,718,712.935195786266,5722135,50.8512878417969
3714,405.631521292874,1004,709.549294854452,5723139,50.8512878417969
3715,302.8411382587,657,661.991860956011,5723796,50.8512878417969
3716,612.918051749032,1493,701.866449912821,5725289,50.8512878417969
3717,637.549963382308,1790,734.102999899127,5727079,50.8512878417969
3718,820.460253104102,1851,716.459973533285,5728930,50.8512878417969
3719,673.71674122988,1312,659.947442529997,5730242,50.8512878417969
3720,1177.36814207123,2500,668.554578510368,5732742,50.8512878417969
3721,1177.51146965228,2500,717.994154814511,5735242,50.8512878417969
3722,988.909072541547,2500,710.028488299454,5737742,50.8512878417969
3723,394.214055022011,962,719.112040830396,5738704,50.8512878417969
3724,256.501618882755,858,704.199050589384,5739562,50.8512878417969
3725,1096.38786390647,2500,783.553723154161,5742062,50.8512878417969
3726,685.768604695743,1603,790.838778448832,5743665,50.8512878417969
3727,1201.55461451295,2500,847.239243561896,5746165,50.8512878417969
3728,1228.54820657619,2500,888.048038909104,5748665,50.8512878417969
3729,1118.26810905247,2500,932.503175691363,5751165,50.8512878417969
3730,1218.72301834141,2500,936.638663318381,5753665,45.3109169006348
3731,1202.39606005676,2500,939.12712235883,5756165,45.3109169006348
3732,1161.85094395081,2500,956.421309499756,5758665,45.3109169006348
3733,1011.86927961183,2500,1018.18683195874,5761165,45.3109169006348
3734,1252.7365290207,2500,1117.81032297253,5763665,45.3109169006348
3735,1200.48850576667,2500,1128.22038715855,5766165,45.3109169006348
3736,1341.82871571616,2500,1193.82639826059,5768665,45.3109169006348
3737,1253.61945471356,2500,1199.03288228066,5771165,45.3109169006348
3738,930.25766387259,2500,1169.2038280103,5773665,45.3109169006348
3739,1220.44525674169,2500,1179.42154277922,5776165,45.3109169006348
3740,1252.08423839367,2500,1182.75766478444,5778665,45.3109169006348
3741,1020.83402994865,2500,1164.60146177363,5781165,45.3109169006348
3742,1027.22899147268,2500,1151.13926652582,5783665,45.3109169006348
3743,1043.49939373313,2500,1154.30227793795,5786165,45.3109169006348
3744,1227.42952495993,2500,1151.77157753187,5788665,45.3109169006348
3745,1222.95063572543,2500,1154.01779052775,5791165,45.3109169006348
3746,1208.34574450112,2500,1140.66949340625,5793665,45.3109169006348
3747,1072.83417394734,2500,1122.59096532962,5796165,45.3109169006348
3748,1293.36511233269,2500,1158.90171017563,5798665,45.3109169006348
3749,937.923310752046,2500,1130.64951557667,5801165,45.3109169006348
3750,1234.72761201574,2500,1128.91385293888,5803665,45.3109169006348
3751,1371.46376003521,2500,1163.97682594753,5806165,45.3109169006348
3752,1318.24481522877,2500,1193.07840832314,5808665,45.3109169006348
3753,1085.2606274409,2500,1197.25453169392,5811165,47.3804550170898
3754,1221.76063195304,2500,1196.68764239323,5813665,47.3804550170898
3755,965.043650901537,2500,1170.89694391084,5816165,47.3804550170898
3756,1139.06579594492,2500,1163.96894905522,5818665,47.3804550170898
3757,1137.78641116878,2500,1170.46417277736,5821165,47.3804550170898
3758,1132.01374021436,2500,1154.32903556553,5823665,47.3804550170898
3759,1005.72306329621,2500,1161.10901081995,5826165,47.3804550170898
3760,1121.74994018178,2500,1149.81124363655,5828665,47.3804550170898
3761,1116.57729454971,2500,1124.322597088,5831165,47.3804550170898
3762,1213.85545643819,2500,1113.88366120894,5833665,47.3804550170898
3763,808.427785677982,2500,1086.20037703265,5836165,47.3804550170898
3764,1304.02786156258,2500,1094.4270999936,5838665,47.3804550170898
3765,1126.92572626045,2500,1110.6153075295,5841165,47.3804550170898
3766,1160.43958832782,2500,1112.75268676779,5843665,47.3804550170898
3767,1139.07329801744,2500,1112.88137545265,5846165,47.3804550170898
3768,1333.57245842252,2500,1133.03724727347,5848665,47.3804550170898
3769,1119.02066316244,2500,1144.36700726009,5851165,47.3804550170898
3770,1139.47513898023,2500,1146.13952713994,5853665,47.3804550170898
3771,887.684095712629,2500,1123.25020725623,5856165,47.3804550170898
3772,1134.5006766978,2500,1115.31472928219,5858665,47.3804550170898
3773,1109.42900984134,2500,1145.41485169852,5861165,47.3804550170898
3774,1168.78763017183,2500,1131.89082855945,5863665,48.7546768188477
3775,1215.24447992566,2500,1140.72270392597,5866165,48.7546768188477
3776,634.692352346618,1208,1088.14798032785,5867373,48.7546768188477
3777,579.8150518055,1251,1032.22215570666,5868624,48.7546768188477
3778,1229.15086105597,2500,1021.77999597,5871124,48.7546768188477
3779,1062.07885488165,2500,1016.08581514192,5873624,48.7546768188477
3780,201.939722887608,395,922.332273532661,5874019,48.7546768188477
3781,1235.6369140101,2500,957.127555362408,5876519,48.7546768188477
3782,982.577354895617,2500,941.93522318219,5879019,48.7546768188477
3783,1209.64724697944,2500,951.957046896,5881519,48.7546768188477
3784,1150.11613018137,2500,950.089896896953,5884019,48.7546768188477
3785,1248.36437046879,2500,953.401885951266,5886519,48.7546768188477
3786,275.148215678043,724,917.447472284408,5887243,48.7546768188477
3787,1138.11143997333,2500,973.277111101191,5889743,48.7546768188477
3788,1132.81278974932,2500,963.643303970525,5892243,48.7546768188477
3789,761.234978025527,1575,933.558916284913,5893818,48.7546768188477
3790,963.949911174637,2500,1009.75993511362,5896318,48.7546768188477
3791,1219.86009294265,2500,1008.18225300687,5898818,48.7546768188477
3792,1209.59395790412,2500,1030.88391330772,5901318,48.7546768188477
3793,1183.9678844758,2500,1028.31597705736,5903818,48.7546768188477
3794,541.779767875931,1257,967.482340826814,5905075,48.7546768188477
3795,1224.59651623576,2500,965.105555403512,5907575,48.7546768188477
3796,1125.42419470426,2500,1050.13315330613,5910075,48.7546768188477
3797,72.7883996333874,166,943.60084927214,5910241,48.7546768188477
3798,319.344032603408,571,862.253973557549,5910812,48.5086097717285
3799,1257.34922254874,2500,911.865398009871,5913312,48.5086097717285
3800,1065.93301387029,2500,922.063708279436,5915812,48.5086097717285
3801,647.80044437141,1220,864.857743422312,5917032,48.5086097717285
3802,1044.63430602903,2500,848.361778234803,5919532,48.5086097717285
3803,1066.53344428348,2500,836.618334215571,5922032,48.5086097717285
3804,285.618516830868,584,811.002209111065,5922616,48.5086097717285
3805,1133.8899232604,2500,801.931549813528,5925116,48.5086097717285
3806,601.442354161064,1312,749.533365759208,5926428,48.5086097717285
3807,876.659726325803,2500,829.92049842845,5928928,48.5086097717285
3808,725.409089735949,1581,870.527004141704,5930509,48.5086097717285
3809,1011.5264894048,2500,845.94473082731,5933009,48.5086097717285
3810,838.257609709508,2246,823.177190411232,5935255,48.5086097717285
3811,1097.58421370955,2500,868.155567345046,5937755,48.5086097717285
3812,173.754016083442,526,781.067538350487,5938281,48.5086097717285
3813,302.976861044128,662,704.711880026552,5938943,48.5086097717285
3814,1080.13240820474,2500,784.163269163938,5941443,48.5086097717285
3815,1050.45463216401,2500,775.819740054299,5943943,48.5086097717285
3816,945.57696794999,2500,810.233201433192,5946443,48.5086097717285
3817,879.076650121533,2296,810.474893812765,5948739,48.5086097717285
3818,307.709468504824,791,768.704931689652,5949530,48.5086097717285
3819,39.8008247511754,163,671.53236522429,5949693,48.5086097717285
3820,904.292059271038,2146,678.135810180443,5951839,47.9377136230469
3821,929.251833388014,2500,661.302572148289,5954339,47.9377136230469
3822,240.1938967742,463,667.946560217365,5954802,47.9377136230469
3823,308.07630482805,771,668.456504595757,5955573,47.9377136230469
3824,798.530912913192,2500,640.296355066602,5958073,47.9377136230469
3825,251.881048002679,481,560.438996650469,5958554,47.9377136230469
3826,247.815626728085,461,490.662862528279,5959015,47.9377136230469
3827,186.829225942508,658,421.438120110376,5959673,47.9377136230469
3828,1191.03114864797,2500,509.770288124691,5962173,47.9377136230469
3829,356.494639882095,1022,541.439669637783,5963195,47.9377136230469
3830,146.571989481492,352,465.667662658828,5963547,47.9377136230469
3831,902.459140016722,2306,462.988393321699,5965853,47.9377136230469
3832,975.701140343745,2404,536.539117678654,5968257,47.9377136230469
3833,215.04299939488,559,527.235787135337,5968816,47.9377136230469
3834,829.119872120963,1964,530.294683056114,5970780,47.9377136230469
3835,728.079846646247,1732,577.914562920471,5972512,47.9377136230469
3836,708.406439542644,1683,623.973644201927,5974195,47.9377136230469
3837,1105.32062649286,2500,715.822784256962,5976695,47.9377136230469
3838,1109.07290204155,2500,707.626959596319,5979195,47.9377136230469
3839,757.291001652865,2079,747.706595773396,5981274,47.9377136230469
3840,786.384967291495,2500,811.687893554397,5983774,47.9377136230469
3841,968.716981663515,2500,818.313677719076,5986274,47.9377136230469
3842,1047.49678545618,2500,825.49324223032,5988774,47.473876953125
3843,1196.00728039095,2500,923.589670329926,5991274,47.473876953125
3844,1057.40669498698,2500,946.418352616528,5993774,47.473876953125
3845,1109.1961442998,2500,984.529982381884,5996274,47.473876953125
3846,1149.95324141074,2500,1028.68466256869,5998774,47.473876953125
3847,1224.91946618084,2500,1040.64454653749,6001274,47.473876953125
3848,1246.62190149703,2500,1054.39944648304,6003774,47.473876953125
3849,1121.54514521927,2500,1090.82486083968,6006274,47.473876953125
3850,930.473724495009,2500,1105.23373656003,6008774,47.473876953125
3851,1330.37838388022,2500,1141.3998767817,6011274,47.473876953125
3852,1223.18619696958,2500,1158.96881793304,6013774,47.473876953125
3853,1133.01438284684,2500,1152.66952817863,6016274,47.473876953125
3854,1038.70590478493,2500,1150.79944915843,6018774,47.473876953125
3855,1152.13570130425,2500,1155.09340485887,6021274,47.473876953125
3856,976.046459568265,2500,1137.70272667462,6023774,47.473876953125
3857,1127.72116161479,2500,1127.98289621802,6026274,47.473876953125
3858,1218.83826050116,2500,1125.20453211843,6028774,47.473876953125
3859,1117.70016596474,2500,1124.82003419298,6031274,47.473876953125
3860,1078.97012177084,2500,1139.66967392056,6033774,47.473876953125
3861,1388.94044833382,2500,1145.52588036592,6036274,47.473876953125
3862,1039.07888311689,2500,1127.11514898065,6038774,47.473876953125
3863,1219.53674497508,2500,1135.76738519348,6041274,47.473876953125
3864,1146.46416709652,2500,1146.54321142464,6043774,48.6369972229004
3865,979.149317981035,2500,1129.24457309231,6046274,48.6369972229004
3866,1163.38687207975,2500,1147.97861434346,6048774,48.6369972229004
3867,1259.00677056584,2500,1161.10717523857,6051274,48.6369972229004
3868,641.636832167808,1800,1103.38703240523,6053074,48.6369972229004
3869,1018.71701959792,2500,1093.48871776855,6055574,48.6369972229004
3870,871.039992527809,2500,1072.69570484425,6058074,48.6369972229004
3871,778.656499543873,2500,1011.66730996525,6060574,48.6369972229004
3872,1088.93492032386,2500,1016.65291368595,6063074,48.6369972229004
3873,311.989572479098,790,925.898196436351,6063864,48.6369972229004
3874,430.029235933864,1014,854.254703320086,6064878,48.6369972229004
3875,149.139612767996,383,771.253732798782,6065261,48.6369972229004
3876,298.121167679978,1142,684.727162358805,6066403,48.6369972229004
3877,42.6263435997424,167,563.089119662196,6066570,48.6369972229004
3878,213.261250328303,683,520.251561478245,6067253,48.6369972229004
3879,950.30755011855,2500,513.410614530308,6069753,48.6369972229004
3880,1174.86901877538,2500,543.793517155064,6072253,48.6369972229004
3881,1155.78578615809,2500,581.506445816486,6074753,48.6369972229004
3882,749.915114729951,1872,547.604465257095,6076625,48.6369972229004
3883,1208.84016344041,2500,637.289524353226,6079125,48.6369972229004
3884,1159.06862169846,2500,710.193462929686,6081625,48.6369972229004
3885,998.31061312509,2500,795.110562965395,6084125,48.6369972229004
3886,913.769228568168,2500,856.675369054214,6086625,50.3429718017578
3887,771.708014487665,2500,929.583536143007,6089125,50.3429718017578
3888,991.142170735251,2500,1007.3716281837,6091625,50.3429718017578
3889,838.927020413955,2500,996.233575213242,6094125,50.3429718017578
3890,1109.22622953316,2500,989.669296289021,6096625,50.3429718017578
3891,960.725972601285,2500,970.16331493334,6099125,50.3429718017578
3892,650.855953322315,2500,960.257398792576,6101625,50.3429718017578
3893,846.864874586743,2500,924.05986990721,6104125,50.3429718017578
3894,963.979442932199,2500,904.550952030584,6106625,50.3429718017578
3895,1048.47438449816,2500,909.56732916789,6109125,50.3429718017578
3896,721.523273551489,2500,890.342733666223,6111625,50.3429718017578
3897,1065.55584850002,2500,919.727517067458,6114125,50.3429718017578
3898,846.22557297276,2500,905.235857291209,6116625,50.3429718017578
3899,980.498929405715,2500,919.393048190385,6119125,50.3429718017578
3900,1246.13389170384,2500,933.083814407452,6121625,50.3429718017578
3901,1034.30578142006,2500,940.441795289329,6124125,50.3429718017578
3902,978.876051727636,2500,973.243805129861,6126625,50.3429718017578
3903,723.370748168293,2500,960.894392488016,6129125,50.3429718017578
3904,968.181007257929,2500,961.314548920589,6131625,50.3429718017578
3905,1007.9622979921,2500,957.263340269984,6134125,50.3429718017578
3906,1092.13229527004,2500,994.324242441839,6136625,50.3429718017578
3907,945.575576308004,2500,982.326215222638,6139125,50.3429718017578
3908,191.018448092298,566,916.805502734592,6139691,50.3429718017578
3909,375.237221458334,1093,856.279331939854,6140784,50.3429718017578
3910,192.594811732921,540,750.925423942762,6141324,50.3429718017578
3911,283.787558345361,757,675.873601635292,6142081,50.3429718017578
3912,872.030200786917,2449,665.18901654122,6144530,47.5413017272949
3913,508.827824946353,1492,643.734724219026,6146022,47.5413017272949
3914,469.797303494876,1186,593.896353842721,6147208,47.5413017272949
3915,50.144076171741,171,498.114531660685,6147379,47.5413017272949
3916,104.883856379357,213,399.389687771616,6147592,47.5413017272949
3917,194.220567038835,436,324.254186844699,6148028,47.5413017272949
3918,72.6707931072441,175,312.419421346194,6148203,47.5413017272949
3919,37.0537257941625,143,278.601071779777,6148346,47.5413017272949
3920,378.022017063689,834,297.143792312853,6149180,47.5413017272949
3921,459.826551668171,1295,314.747691645134,6150475,47.5413017272949
3922,448.997765479814,980,272.444448114424,6151455,47.5413017272949
3923,280.303305375483,741,249.591996157337,6152196,47.5413017272949
3924,657.622700625555,1617,268.374535870405,6153813,47.5413017272949
3925,1090.45955195949,2500,372.40608344918,6156313,47.5413017272949
3926,363.0648568083,852,398.224183492074,6157165,47.5413017272949
3927,978.111604116217,2500,476.613287199813,6159665,47.5413017272949
3928,197.252205369483,445,489.071428426037,6160110,47.5413017272949
3929,915.892849181458,2500,576.955340764766,6162610,47.5413017272949
3930,1012.19667530824,2500,640.372806589221,6165110,48.6786499023438
3931,753.117466398595,2500,669.701898062264,6167610,48.6786499023438
3932,1038.72057799209,2500,728.674179313492,6170110,48.6786499023438
3933,868.152330035473,2500,787.459081779491,6172610,48.6786499023438
3934,1238.55192917603,2500,845.552004634538,6175110,48.6786499023438
3935,889.270271819006,2500,825.433076620489,6177610,48.6786499023438
3936,1012.79580291932,2500,890.406171231591,6180110,48.6786499023438
3937,1082.9073430965,2500,900.885745129619,6182610,48.6786499023438
3938,871.201361198567,2500,968.280660712527,6185110,48.6786499023438
3939,722.245230085491,1725,948.915898802931,6186835,48.6786499023438
3940,809.924531525793,2500,928.688684424686,6189335,48.6786499023438
3941,692.404698677858,2500,922.617407652612,6191835,48.6786499023438
3942,966.198932886925,2500,915.365243142095,6194335,48.6786499023438
3943,952.09343746057,2500,923.759353884605,6196835,48.6786499023438
3944,1055.30157494786,2500,905.434318461789,6199335,48.6786499023438
3945,1193.99044211501,2500,935.906335491389,6201835,48.6786499023438
3946,914.179166728941,2500,926.044671872351,6204335,48.6786499023438
3947,994.249782128595,2500,917.178915775561,6206835,48.6786499023438
3948,1214.55504400538,2500,951.514284056242,6209335,48.6786499023438
3949,805.41679465929,2500,959.831440513622,6211835,48.6786499023438
3950,1001.17572184202,2500,978.956559545245,6214335,48.6786499023438
3951,907.427089349169,2500,1000.45879861238,6216835,48.6786499023438
3952,905.949763231539,2500,994.433881646838,6219335,48.6786499023438
3953,1090.86592073639,2500,1008.31112997442,6221835,48.6786499023438
3954,831.94641451683,2500,985.975613931316,6224335,48.6786499023438
3955,998.629191785625,2500,966.439488898378,6226835,48.6786499023438
3956,930.409805257454,2500,968.062552751229,6229335,47.1794776916504
3957,510.935666478268,1212,919.731141186196,6230547,47.1794776916504
3958,452.947995545366,1584,843.570436340195,6232131,47.1794776916504
3959,497.001427563359,1740,812.728899630602,6233871,47.1794776916504
3960,1137.30235993848,2500,826.341563440248,6236371,47.1794776916504
3961,440.779561436154,1500,779.676810648947,6237871,47.1794776916504
3962,803.697125686798,2500,769.451546894473,6240371,47.1794776916504
3963,192.635962150789,715,679.628551035913,6241086,47.1794776916504
3964,293.370698755846,651,625.770979459814,6241737,47.1794776916504
3965,764.372088389314,2500,602.345269120183,6244237,47.1794776916504
3966,635.937971362972,1648,572.898085730735,6245885,47.1794776916504
3967,754.434463156903,2500,597.247965398599,6248385,47.1794776916504
3968,224.110528303161,573,574.364218674378,6248958,47.1794776916504
3969,487.38706334385,1675,573.402782252427,6250633,47.1794776916504
3970,440.46675007078,1380,503.719221265657,6252013,47.1794776916504
3971,201.559715691473,678,479.797236691189,6252691,47.1794776916504
3972,788.029980292473,1858,478.230522151756,6254549,47.1794776916504
3973,845.351802800613,2500,543.502106216739,6257049,47.1794776916504
3974,124.521778000564,368,526.61721414121,6257417,47.1794776916504
3975,875.491621199821,2500,537.729167422261,6259917,50.9738616943359
3976,1014.23145922984,2500,575.558516208948,6262417,50.9738616943359
3977,876.399280684455,2189,587.754997961703,6264606,50.9738616943359
3978,189.791249171916,1315,584.323070048578,6265921,50.9738616943359
3979,525.638345862026,1952,588.148198300396,6267873,50.9738616943359
3980,989.477493682234,2500,643.049272661541,6270373,50.9738616943359
3981,996.928830154141,2500,722.586184107808,6272873,50.9738616943359
3982,924.294321835311,2257,736.212618262092,6275130,50.9738616943359
3983,700.458535429761,2013,721.723291525007,6277143,50.9738616943359
3984,485.155789565554,2305,757.786692681506,6279448,50.9738616943359
3985,939.996463014597,2500,764.237176862983,6281948,50.9738616943359
3986,1019.01874232096,2500,764.715905172096,6284448,50.9738616943359
3987,538.387630218221,2271,730.914740125472,6286719,50.9738616943359
3988,984.420473469969,2500,810.377662555277,6289219,50.9738616943359
3989,792.99151029478,2500,837.112978998553,6291719,50.9738616943359
3990,886.318645703631,2500,826.797094200693,6294219,50.9738616943359
3991,811.159225276777,1942,808.220133712956,6296161,50.9738616943359
3992,520.424447041411,1811,767.833146233566,6297972,50.9738616943359
3993,904.877049983693,2500,788.274997688959,6300472,50.9738616943359
3994,572.970076715366,1705,797.056426403941,6302177,50.9738616943359
3995,982.215342871865,2500,801.278314389667,6304677,50.9738616943359
3996,480.49936226286,1963,747.426376383857,6306640,50.9738616943359
3997,950.543856569893,2500,788.641999019024,6309140,50.9738616943359
3998,1178.35058844518,2500,808.035010516546,6311640,50.9738616943359
3999,1025.81723033179,2500,831.317582520246,6314140,50.9738616943359
4000,951.560294797606,2500,837.841747429644,6316640,51.5105590820312
4001,841.307306814149,2500,840.856555583381,6319140,51.5105590820312
4002,871.608622019142,2500,875.974973081154,6321640,51.5105590820312
4003,937.87897275405,2500,879.27516535819,6324140,51.5105590820312
4004,931.990095977166,2500,915.17716728437,6326640,51.5105590820312
4005,1180.39494215198,2500,934.995127212381,6329140,51.5105590820312
4006,838.732348754183,2500,970.818425861513,6331640,51.5105590820312
4007,860.902973899819,2500,961.854337594506,6334140,51.5105590820312
4008,636.553998542292,2500,907.674678604217,6336640,51.5105590820312
4009,642.906646160519,2500,869.383620187091,6339140,51.5105590820312
4010,967.554125999586,2500,870.983003307288,6341640,51.5105590820312
4011,842.879376903308,2500,871.140210316204,6344140,51.5105590820312
4012,872.706913219212,2500,871.250039436211,6346640,51.5105590820312
4013,1011.49754663015,2500,878.611896823821,6349140,51.5105590820312
4014,1040.40577483268,2500,889.453464709373,6351640,51.5105590820312
4015,903.635085993876,2500,861.777479093563,6354140,51.5105590820312
4016,1072.46597729768,2500,885.150841947913,6356640,51.5105590820312
4017,935.048554611926,2500,892.565400019124,6359140,51.5105590820312
4018,918.975443130516,2500,920.807544477946,6361640,51.5105590820312
4019,1066.47206671514,2500,963.164086533408,6364140,47.3534812927246
4020,997.704920461251,2500,966.179165979575,6366640,47.3534812927246
4021,323.939107548555,635,914.285139044099,6367275,47.3534812927246
4022,1126.87693261119,2500,939.702140983297,6369775,47.3534812927246
4023,1189.39151318879,2500,957.491537639161,6372275,47.3534812927246
4024,968.963720476594,2500,950.347332203553,6374775,47.3534812927246
4025,1145.71686356499,2500,974.555509960664,6377275,47.3534812927246
4026,1017.2452030947,2500,969.033432540366,6379775,47.3534812927246
4027,1128.28951198871,2500,988.357528278044,6382275,47.3534812927246
4028,895.734976391995,2500,986.033481604191,6384775,47.3534812927246
4029,984.051053313991,2500,977.791380264076,6387275,47.3534812927246
4030,1101.16265364319,2500,988.13715358227,6389775,47.3534812927246
4031,1013.19862532593,2500,1057.06310536001,6392275,47.3534812927246
4032,400.137308299146,908,984.389142928803,6393183,47.3534812927246
4033,1051.85293799773,2500,970.635285409697,6395683,47.3534812927246
4034,1064.27648705425,2500,980.166562067462,6398183,47.3534812927246
4035,707.782350138101,2500,936.373110724774,6400683,47.3534812927246
4036,1186.29885576027,2500,953.278475991331,6403183,47.3534812927246
4037,1013.68067362147,2500,941.817592154608,6405683,47.3534812927246
4038,1110.85052599309,2500,963.329147114717,6408183,47.3534812927246
4039,1010.64512318216,2500,965.988554101534,6410683,47.3534812927246
4040,1097.9090301839,2500,965.663191755605,6413183,47.3534812927246
4041,938.417964581716,2500,958.185125681184,6415683,47.3534812927246
4042,1182.72248007864,2500,1036.44364285913,6418183,47.3534812927246
4043,1265.99709550379,2500,1057.85805860974,6420683,47.3534812927246
4044,1006.19007744,2500,1052.04941764831,6423183,49.4378204345703
4045,1145.56418007291,2500,1095.82760064179,6425683,49.4378204345703
4046,794.075680577309,2500,1056.6052831235,6428183,49.4378204345703
4047,1141.7129350437,2500,1069.40850926572,6430683,49.4378204345703
4048,931.585342006865,2500,1051.4819908671,6433183,49.4378204345703
4049,554.274102313708,2500,1005.84488878025,6435683,49.4378204345703
4050,1091.34218642424,2500,1005.18820440429,6438183,49.4378204345703
4051,1131.62484731329,2500,1024.50889267744,6440683,49.4378204345703
4052,552.543966582025,1751,961.491041327783,6442434,49.4378204345703
4053,981.282563619366,2500,933.019588139341,6444934,49.4378204345703
4054,759.704119265813,2500,908.370992321922,6447434,49.4378204345703
4055,988.494468642599,2500,892.664021178891,6449934,49.4378204345703
4056,945.183466710118,2500,907.774799792172,6452434,49.4378204345703
4057,1247.00880419018,2500,918.30438670682,6454934,49.4378204345703
4058,987.714267157002,2381,923.917279221834,6457315,49.4378204345703
4059,640.087009815935,2500,932.498569972056,6459815,49.4378204345703
4060,1009.08396263758,2500,924.27274759339,6462315,49.4378204345703
4061,840.341849981785,2500,895.14444786024,6464815,49.4378204345703
4062,995.014902316487,2025,939.391541433686,6466840,49.4378204345703
4063,864.589094348413,2212,927.722194506591,6469052,49.404914855957
4064,392.42080929674,1336,890.993863509684,6470388,49.404914855957
4065,796.436329840736,2500,871.788049629498,6472888,49.404914855957
4066,831.560722905837,2500,860.42577524907,6475388,49.404914855957
4067,669.091307462185,2500,802.63402557627,6477888,49.404914855957
4068,333.878741964308,1718,737.250473057,6479606,49.404914855957
4069,513.09467811343,1599,724.55123988675,6481205,49.404914855957
4070,1116.06041102994,2500,735.248884725986,6483705,49.404914855957
4071,1005.14409374287,2500,751.729109102095,6486205,49.404914855957
4072,987.137782270388,2500,750.941397097485,6488705,49.404914855957
4073,853.023849118378,2500,749.784872574482,6491205,49.404914855957
4074,963.382128672277,2500,806.881004512036,6493705,49.404914855957
4075,604.36371042504,2500,787.673742570466,6496205,49.404914855957
4076,680.903929946431,2500,772.608063274525,6498705,49.404914855957
4077,764.833628665772,2500,782.182295394884,6501205,49.404914855957
4078,688.025683672942,2500,817.596989565747,6503705,49.404914855957
4079,845.254704497193,2500,850.812992204124,6506205,49.404914855957
4080,1028.60452914386,2500,842.067404015516,6508705,49.404914855957
4081,987.764223746449,2500,840.329417015873,6511205,49.404914855957
4082,682.833226094549,1902,809.898961398289,6513107,49.404914855957
4083,694.296156277561,2500,794.026192114208,6515607,49.404914855957
4084,833.457705126692,2500,781.033749759649,6518107,49.404914855957
4085,995.759189553831,2500,820.173297672528,6520607,49.404914855957
4086,238.138619176555,490,775.896766595541,6521097,49.404914855957
4087,813.49274601969,2500,780.762678330932,6523597,49.404914855957
4088,273.972885060494,491,739.357398469688,6524088,49.404914855957
4089,545.395386771889,1936,709.371466697157,6526024,46.9274559020996
4090,595.457887767897,2500,666.056802559561,6528524,46.9274559020996
4091,902.600657814117,2500,657.540445966328,6531024,46.9274559020996
4092,876.133896559238,2500,676.870513012796,6533524,46.9274559020996
4093,660.908887588916,2099,673.531786143932,6535623,46.9274559020996
4094,114.242567880261,203,601.610272419289,6535826,46.9274559020996
4095,92.8548294125215,319,511.319836405158,6536145,46.9274559020996
4096,954.189019132879,2500,582.92487640079,6538645,46.9274559020996
4097,608.703846592726,2500,562.445986458094,6541145,46.9274559020996
4098,202.295532777051,449,555.27825122975,6541594,46.9274559020996
4099,841.497517469161,2500,584.888464299477,6544094,46.9274559020996
4100,445.586463986273,1059,569.901321921314,6545153,46.9274559020996
4101,996.492336891445,2500,579.290489829047,6547653,46.9274559020996
4102,246.317911473409,699,516.308891320464,6548352,46.9274559020996
4103,850.318863287578,2500,535.24988889033,6550852,46.9274559020996
4104,994.363618504795,2500,623.261993952784,6553352,46.9274559020996
4105,737.281838820636,2500,687.704694893595,6555852,46.9274559020996
4106,942.715704975417,2500,686.557363477849,6558352,46.9274559020996
4107,708.247080265777,2500,696.511686845154,6560852,46.9096565246582
4108,676.952782763903,2118,743.977411843839,6562970,46.9096565246582
4109,1054.2976082719,2500,765.257420924113,6565470,46.9096565246582
4110,1018.52055946905,2500,822.550830472391,6567970,46.9096565246582
4111,468.215259249415,2500,769.723122708188,6570470,46.9096565246582
4112,868.883343150737,2500,831.979665875921,6572970,46.9096565246582
4113,683.781833160709,2500,815.325962863234,6575470,46.9096565246582
4114,978.351846656044,2500,813.724785678359,6577970,46.9096565246582
4115,1044.39702676568,2500,844.436304472863,6580470,46.9096565246582
4116,461.183750244825,1502,796.283108999804,6581972,46.9096565246582
4117,288.637226033992,1177,754.322123576626,6583149,46.9096565246582
4118,860.780057695826,2500,772.704851069818,6585649,46.9096565246582
4119,888.151369674986,2500,756.090227210127,6588149,46.9096565246582
4120,915.039939535005,2500,745.742165216722,6590649,46.9096565246582
4121,1017.8486147854,2500,800.705500770321,6593149,46.9096565246582
4122,932.846507005792,2500,807.101817155827,6595649,46.9096565246582
4123,897.582001592445,2500,828.481833999,6598149,46.9096565246582
4124,942.037155217415,2500,824.850364855137,6600649,46.9096565246582
4125,948.360610350781,2500,815.246723213647,6603149,46.9096565246582
4126,673.136838355671,2500,836.442032024732,6605649,46.9096565246582
4127,100.653848977276,241,817.64369431906,6605890,46.9096565246582
4128,796.333615845315,2500,811.199050134009,6608390,46.9096565246582
4129,703.155082723266,2500,792.699421438837,6610890,46.9096565246582
4130,643.374714907909,1777,765.532898976128,6612667,46.9096565246582
4131,777.561099324172,2500,741.504147430004,6615167,46.9096565246582
4132,325.261176641948,779,680.74561439362,6615946,46.9096565246582
4133,985.651322816381,2500,689.552546516013,6618446,48.6769332885742
4134,734.84646989264,2500,668.833477983536,6620946,48.6769332885742
4135,784.659214852161,2500,652.463338433674,6623446,48.6769332885742
4136,1004.77012552204,2500,685.62666715031,6625946,48.6769332885742
4137,740.049816298386,2500,749.566263882421,6628446,48.6769332885742
4138,1109.25923711189,2500,780.858826009078,6630946,48.6769332885742
4139,487.686502683589,1618,759.311968005111,6632564,48.6769332885742
4140,722.759198990068,2500,767.250416413326,6635064,48.6769332885742
4141,862.530003774356,2500,775.747306858345,6637564,48.6769332885742
4142,789.918963971329,2147,822.213085591283,6639711,48.6769332885742
4143,1039.25483512718,2500,827.573436822363,6642211,48.6769332885742
4144,865.445847994202,2500,840.633374632519,6644711,48.6769332885742
4145,927.385456894729,2500,854.905998836776,6647211,48.6769332885742
4146,874.565072075531,2500,841.885493492125,6649711,48.6769332885742
4147,465.464144678276,2500,814.426926330114,6652211,48.6769332885742
4148,835.686556825481,2125,787.069658301474,6654336,48.6769332885742
4149,1069.76209895081,2500,845.277217928196,6656836,48.6769332885742
4150,576.043072634782,1977,830.605605292667,6658813,48.6769332885742
4151,185.189259089619,549,762.871530824193,6659362,48.6769332885742
4152,128.47866937236,357,696.727501364296,6659719,48.6769332885742
4153,415.311737943491,1391,634.333191645928,6661110,51.2551574707031
4154,1237.18909959811,2500,671.507516806318,6663610,51.2551574707031
4155,482.266300464552,1326,626.995601163301,6664936,51.2551574707031
4156,393.983987671505,1701,578.937492722898,6666637,51.2551574707031
4157,258.371337034611,763,558.228211958532,6667400,51.2551574707031
4158,321.071023523258,1094,506.766658628309,6668494,51.2551574707031
4159,516.652676613022,1466,451.455716394531,6669960,51.2551574707031
4160,546.843291256855,1126,448.535738256738,6671086,51.2551574707031
4161,1064.76246824879,2500,536.493059172655,6673586,51.2551574707031
4162,445.46111054609,1139,568.191303290028,6674725,51.2551574707031
4163,432.348992588445,1146,569.895028754523,6675871,51.2551574707031
4164,754.757383044535,1851,521.651857099166,6677722,51.2551574707031
4165,701.304924100571,2050,543.555719462768,6679772,51.2551574707031
4166,662.389542952427,1838,570.39627499086,6681610,51.2551574707031
4167,448.597784950165,1594,589.418919782416,6683204,51.2551574707031
4168,910.243625508789,2318,648.336179980969,6685522,51.2551574707031
4169,511.675840551438,1117,647.83849637481,6686639,51.2551574707031
4170,206.249545860342,703,613.779121835159,6687342,51.2551574707031
4171,193.207234971067,634,526.623598507387,6687976,51.2551574707031
4172,373.739092684911,861,519.451396721269,6688837,51.2551574707031
4173,341.166261445915,961,510.333123607016,6689798,51.2551574707031
4174,596.397576359308,1420,494.497142938493,6691218,51.2551574707031
4175,417.391201598232,1232,466.105770688259,6692450,51.2551574707031
4176,303.008574242682,780,430.167673817285,6693230,51.2551574707031
4177,839.646271726943,2500,469.272522494963,6695730,50.0003395080566
4178,281.258675022762,1140,406.37402744636,6696870,50.0003395080566
4179,205.021185539119,1085,375.708561945128,6697955,50.0003395080566
4180,690.162647010354,2500,424.099872060129,6700455,50.0003395080566
4181,705.688007894637,2500,475.347949352486,6702955,50.0003395080566
4182,490.54779090487,2500,487.028819174482,6705455,50.0003395080566
4183,751.857435314231,2500,528.097936561314,6707955,50.0003395080566
4184,530.341497761281,2500,521.492328701511,6710455,50.0003395080566
4185,875.012471101356,2500,567.254455651824,6712955,50.0003395080566
4186,730.580857256504,2500,610.011683953206,6715455,50.0003395080566
4187,893.145916374228,2500,615.361648417934,6717955,50.0003395080566
4188,855.898747859508,2500,672.825655701609,6720455,50.0003395080566
4189,737.10514003559,2469,726.034051151256,6722924,50.0003395080566
4190,565.460836934033,2500,713.563870143624,6725424,50.0003395080566
4191,706.085259378519,2500,713.603595292012,6727924,50.0003395080566
4192,967.879781762593,2500,761.336794377784,6730424,50.0003395080566
4193,690.050185313255,2500,755.156069377687,6732924,50.0003395080566
4194,416.030082105657,1466,743.724927812124,6734390,50.0003395080566
4195,723.947743060771,2500,728.618455008066,6736890,50.0003395080566
4196,705.246781956313,2500,726.085047478047,6739390,50.0003395080566
4197,103.487196488854,307,647.119175489509,6739697,50.0003395080566
4198,275.024611468741,1047,589.031761850433,6740744,50.0003395080566
4199,715.44786692094,1546,586.866034538967,6742290,49.1421279907227
4200,656.153943836819,1359,595.935345229246,6743649,49.1421279907227
4201,1069.37865032548,2500,632.264684323942,6746149,49.1421279907227
4202,990.147009614909,2376,634.491407109173,6748525,49.1421279907227
4203,304.637843857474,1076,595.950172963595,6749601,49.1421279907227
4204,103.702359189576,352,564.717400671987,6749953,49.1421279907227
4205,371.094265993399,1334,529.43205296525,6751287,49.1421279907227
4206,303.882673361836,1019,489.295642105802,6752306,49.1421279907227
4207,356.892801734336,1077,514.636202630351,6753383,49.1421279907227
4208,677.858566596654,1550,554.919598143142,6754933,49.1421279907227
4209,372.733100459289,1087,520.648121496977,6756020,49.1421279907227
4210,140.945762728839,391,469.127303386179,6756411,49.1421279907227
4211,568.888901039141,1852,419.078328457545,6758263,49.1421279907227
4212,994.122187524333,2500,419.475846248488,6760763,49.1421279907227
4213,476.335724470136,1188,436.645634309754,6761951,49.1421279907227
4214,510.790430993896,1448,477.354441490186,6763399,49.1421279907227
4215,435.656654716035,991,483.810680362449,6764390,49.1421279907227
4216,239.044748877441,820,477.32688791401,6765210,49.1421279907227
4217,379.406896025197,1459,479.578297343096,6766669,49.1421279907227
4218,173.254992096529,389,429.117939893084,6767058,49.1421279907227
4219,735.039638103801,2053,465.348593657535,6769111,49.1421279907227
4220,470.008342853991,1400,498.25485167005,6770511,49.1421279907227
4221,260.526437810169,617,467.418605347153,6771128,49.1421279907227
4222,633.131495064453,1696,431.319536101165,6772824,48.3511810302734
4223,194.773383003549,415,403.163301954506,6773239,48.3511810302734
4224,551.813206175329,2111,407.265579472649,6775350,48.3511810302734
4225,237.622493723921,730,387.462163373438,6776080,48.3511810302734
4226,307.657588509842,1270,394.323447336678,6777350,48.3511810302734
4227,523.427855718175,1688,408.725543305976,6779038,48.3511810302734
4228,911.490669148634,2492,482.549111011186,6781530,48.3511810302734
4229,254.715696653082,1007,434.516716866114,6782537,48.3511810302734
4230,215.0151385785,735,409.017396438565,6783272,48.3511810302734
4231,451.06057253816,1148,428.070809911364,6784420,48.3511810302734
4232,95.8236765499027,301,374.340028059909,6784721,48.3511810302734
4233,643.926952608241,1558,419.255385020379,6786279,48.3511810302734
4234,305.106832649999,778,394.584747667845,6787057,48.3511810302734
4235,220.154403502114,727,392.837938645665,6787784,48.3511810302734
4236,345.918223340874,804,396.664002128768,6788588,48.3511810302734
4237,589.824401764721,1810,403.303656733423,6790398,48.3511810302734
4238,564.001258341389,1255,368.554715652698,6791653,48.3511810302734
4239,517.967861958775,1231,394.879932183267,6792884,48.3511810302734
4240,256.801356192322,537,399.05855394465,6793421,48.3511810302734
4241,136.891976849066,384,367.64169437574,6793805,48.3511810302734
4242,413.340885465073,1478,399.393415267257,6795283,48.3511810302734
4243,213.292794697868,326,356.32999947622,6795609,48.3511810302734
4244,118.605163160994,324,337.679832527319,6795933,48.3511810302734
4245,125.23127020654,352,328.187519197762,6796285,48.3511810302734
4246,368.336507756772,1220,330.429347639352,6797505,50.0962219238281
4247,674.573911860927,1869,338.904298648972,6799374,50.0962219238281
4248,840.936593660912,2500,366.597832180925,6801874,50.0962219238281
4249,943.420552357677,2500,409.143101220815,6804374,50.0962219238281
4250,633.556193340054,2500,446.818584935588,6806874,50.0962219238281
4251,424.645845002204,1511,475.593971750902,6808385,50.0962219238281
4252,793.636068313217,2500,513.623490035716,6810885,50.0962219238281
4253,669.762129824822,2500,559.270423548412,6813385,50.0962219238281
4254,197.240086402108,663,567.133915872523,6814048,50.0962219238281
4255,689.777319287777,2500,623.588520780647,6816548,50.0962219238281
4256,162.306938166777,333,602.985563821647,6816881,50.0962219238281
4257,835.338321624649,2500,619.06200479802,6819381,50.0962219238281
4258,459.37473938635,1157,580.905819370563,6820538,50.0962219238281
4259,109.044745101432,238,497.468238644939,6820776,50.0962219238281
4260,661.103537264373,2162,500.222973037371,6822938,50.0962219238281
4261,375.28993588136,736,495.287382125287,6823674,50.0962219238281
4262,891.621957596912,2500,505.085971053656,6826174,50.0962219238281
4263,59.8986558656007,167,444.099623657734,6826341,50.0962219238281
4264,146.81899798201,346,439.057514815724,6826687,50.0962219238281
4265,849.341070785687,2500,455.013889965515,6829187,50.0962219238281
4266,876.300056551469,2500,526.413201803984,6831687,47.8093070983887
4267,889.095489701912,2500,531.788918611711,6834187,47.8093070983887
4268,795.310271104693,1435,565.382471783545,6835622,47.8093070983887
4269,327.84849690034,995,587.262846963436,6836617,47.8093070983887
4270,750.52693419947,1785,596.205186656945,6838402,47.8093070983887
4271,601.281605091377,2363,618.804353577947,6840765,47.8093070983887
4272,670.925550640238,2500,596.73471288228,6843265,47.8093070983887
4273,664.662569103158,1933,657.211104206035,6845198,47.8093070983887
4274,408.495647438505,1404,683.378769151685,6846602,47.8093070983887
4275,760.667679225317,1809,674.511429995648,6848411,47.8093070983887
4276,835.007838676094,1842,670.38220820811,6850253,47.8093070983887
4277,654.225315766983,2076,646.895190814618,6852329,47.8093070983887
4278,211.726802375258,718,588.536843941674,6853047,47.8093070983887
4279,901.15030490245,2500,645.867024741885,6855547,47.8093070983887
4280,166.908454958015,435,587.50517681774,6855982,47.8093070983887
4281,417.661423246506,1231,569.143158633252,6857213,47.8093070983887
4282,637.476081573718,2234,565.7982117266,6859447,47.8093070983887
4283,297.650735233429,967,529.097028339628,6860414,47.8093070983887
4284,469.738668968753,1733,535.221330492652,6862147,47.8093070983887
4285,215.724782326766,573,480.727040802797,6862720,47.8093070983887
4286,667.455557343384,1729,463.971812669526,6864449,47.8093070983887
4287,858.13849873153,2314,484.363130965981,6866763,47.8093070983887
4288,1013.57823150689,2500,564.548273879144,6869263,47.8093070983887
4289,680.842094336279,1496,542.517452822527,6870759,47.8093070983887
4290,982.425746027603,2500,624.069181929486,6873259,48.8543853759766
4291,1137.54116744414,2500,696.057156349249,6875759,48.8543853759766
4292,878.354122681161,2500,720.144960459994,6878259,48.8543853759766
4293,792.391937652866,1968,769.619080701937,6880227,48.8543853759766
4294,400.037322550513,1371,762.648946060113,6881598,48.8543853759766
4295,119.652838381878,564,753.041751665624,6882162,48.8543853759766
4296,1243.33308546925,2500,810.629504478211,6884662,48.8543853759766
4297,906.55777586884,2500,815.471432191942,6887162,48.8543853759766
4298,1055.53636186512,2500,819.667245227764,6889662,48.8543853759766
4299,406.719510979468,1132,792.254986892083,6890794,48.8543853759766
4300,1056.80627736915,2500,799.693040026237,6893294,48.8543853759766
4301,356.870327965647,1032,721.625956078388,6894326,48.8543853759766
4302,1119.01706545429,2500,745.692250355701,6896826,48.8543853759766
4303,788.917350105752,2229,745.344791600989,6899055,48.8543853759766
4304,1171.29868969162,2500,822.470928315101,6901555,48.8543853759766
4305,1147.78478413725,2500,925.284122890637,6904055,48.8543853759766
4306,196.184151246549,672,820.569229468368,6904727,48.8543853759766
4307,941.106904876994,2500,824.024142369183,6907227,48.8543853759766
4308,911.882719418543,2353,809.658778124526,6909580,48.8543853759766
4309,531.597566986863,1303,822.146583725266,6910883,48.8543853759766
4310,85.8372383657946,279,725.04967982493,6911162,48.8543853759766
4311,118.113164449792,287,701.173963473345,6911449,48.8543853759766
4312,197.37470102897,546,609.009727030813,6911995,48.8543853759766
4313,443.585098303225,1407,574.47650185056,6913402,48.2229652404785
4314,894.238026332261,2142,546.770435514624,6915544,48.2229652404785
4315,517.541401836672,1357,483.746097284566,6916901,48.2229652404785
4316,1075.5322802147,2269,571.680910181381,6919170,48.2229652404785
4317,107.255529435493,266,488.295772637231,6919436,48.2229652404785
4318,392.833545897657,742,436.390855285142,6920178,48.2229652404785
4319,386.651890778895,908,421.896287664346,6921086,48.2229652404785
4320,245.870609569566,746,437.899624784723,6921832,48.2229652404785
4321,637.0690060027,1840,489.795208940014,6923672,48.2229652404785
4322,494.320190239629,1046,519.489757861079,6924718,48.2229652404785
4323,481.015170891749,884,523.232765119932,6925602,48.2229652404785
4324,206.467013025259,453,454.455663789232,6926055,48.2229652404785
4325,920.690292496333,2075,494.770552855198,6928130,48.2229652404785
4326,430.333804707408,1288,430.250705304469,6929418,48.2229652404785
4327,434.923842217376,1242,463.017536582657,6930660,48.2229652404785
4328,474.858328852643,1925,471.220014878156,6932585,48.2229652404785
4329,936.238152898588,2500,526.178641090125,6935085,48.2229652404785
4330,419.632812505084,952,543.554861383677,6936037,48.2229652404785
4331,341.247039982683,1236,513.972664781675,6937273,48.2229652404785
4332,214.274460329142,848,485.968091790626,6938121,48.2229652404785
4333,403.305471788587,1476,478.19712188031,6939597,48.2229652404785
4334,476.396090894978,1142,505.190029667282,6940739,47.2521629333496
4335,474.692395182559,1009,460.590239935905,6941748,47.2521629333496
4336,377.512738348191,954,455.308133299983,6942702,47.2521629333496
4337,618.77973640027,2103,473.693722718272,6944805,47.2521629333496
4338,370.655540429118,1685,463.27344387592,6946490,47.2521629333496
4339,486.297702962712,1560,418.279398882332,6948050,47.2521629333496
4340,311.924506961411,1292,407.508568327965,6949342,47.2521629333496
4341,319.40140850059,818,405.324005179756,6950160,47.2521629333496
4342,354.124297246834,1698,419.308988871525,6951858,47.2521629333496
4343,522.080706082667,1484,431.186512300933,6953342,47.2521629333496
4344,994.132286668453,2500,482.96013187828,6955842,47.2521629333496
4345,845.433979169461,1901,520.034290276971,6957743,47.2521629333496
4346,627.739979635962,2123,545.057014405748,6959866,47.2521629333496
4347,906.31613680501,2500,573.810654446222,6962366,47.2521629333496
4348,700.786939551053,2500,606.823794358415,6964866,47.2521629333496
4349,771.24491582921,1627,635.318515645065,6966493,47.2521629333496
4350,1128.92335395998,2500,717.018400344922,6968993,47.2521629333496
4351,150.130319058205,412,700.091291400683,6969405,47.2521629333496
4352,636.453633703432,1896,728.324225046343,6971301,47.2521629333496
4353,472.558870107971,1559,723.372041448873,6972860,47.2521629333496
4354,318.85066184264,794,655.843878966292,6973654,47.2521629333496
4355,456.913322853086,1490,616.991813334655,6975144,47.2521629333496
4356,822.425601489772,2500,636.460375520036,6977644,47.2521629333496
4357,308.126140396119,1399,576.641375879147,6979043,50.0918312072754
4358,756.567860225194,2500,582.219467946561,6981543,50.0918312072754
4359,435.72613837464,1916,548.667590201104,6983459,50.0918312072754
4360,654.119062339116,1710,501.187161039017,6985169,50.0918312072754
4361,675.674121970582,2500,553.741541330255,6987669,50.0918312072754
4362,689.954447318512,2500,559.091622691763,6990169,50.0918312072754
4363,598.889372509215,2500,571.724672931888,6992669,50.0918312072754
4364,363.833679342001,1262,576.222974681824,6993931,50.0918312072754
4365,941.811674332776,2342,624.712809829793,6996273,50.0918312072754
4366,201.232677065354,581,562.593517387351,6996854,50.0918312072754
4367,477.873914647223,1302,579.568294812461,6998156,50.0918312072754
4368,840.185711319048,2500,587.930079921847,7000656,50.0918312072754
4369,501.380048136523,1456,594.495470898035,7002112,50.0918312072754
4370,114.131940162406,603,540.496758680364,7002715,50.0918312072754
4371,237.859667976593,523,496.715313280965,7003238,50.0918312072754
4372,878.536636310532,2500,515.573532180167,7005738,50.0918312072754
4373,473.621243638724,1350,503.046719293118,7007088,50.0918312072754
4374,928.742382915366,2500,559.537589650454,7009588,50.0918312072754
4375,696.071768889284,2500,534.963599106105,7012088,50.0918312072754
4376,683.748575784854,2500,583.215188978055,7014588,50.0918312072754
4377,747.006014750693,2094,610.128398988402,7016682,50.0918312072754
4378,679.981818280267,2500,594.108009684524,7019182,47.5253562927246
4379,648.276981604337,2093,608.797703031306,7021275,47.5253562927246
4380,589.891153241947,2500,656.37362433926,7023775,47.5253562927246
4381,806.411709470356,2500,713.228828488636,7026275,47.5253562927246
4382,850.759269283404,2500,710.451091785923,7028775,47.5253562927246
4383,362.678631974403,1659,699.356830619491,7030434,47.5253562927246
4384,252.510405738049,752,631.73363290176,7031186,47.5253562927246
4385,476.47817349807,2009,609.774273362638,7033195,47.5253562927246
4386,557.293521123051,1636,597.128767896458,7034831,47.5253562927246
4387,527.278662782921,1928,575.156032699681,7036759,47.5253562927246
4388,729.989583088013,2500,580.156809180455,7039259,47.5253562927246
4389,996.631300500799,2500,614.992241070101,7041759,47.5253562927246
4390,633.474341754056,2500,619.350559921312,7044259,47.5253562927246
4391,1062.24301363966,2500,644.933690338243,7046759,47.5253562927246
4392,685.513563003547,2041,628.409119710257,7048800,47.5253562927246
4393,897.983899107422,2500,681.939646423559,7051300,47.5253562927246
4394,660.078080077436,2315,722.696413857498,7053615,47.5253562927246
4395,755.688885226772,2500,750.617485030368,7056115,47.5253562927246
4396,432.427012658625,1642,738.130834183925,7057757,47.5253562927246
4397,648.201422067247,1944,750.223110112358,7059701,47.5253562927246
4398,634.252342955605,2500,740.649386099117,7062201,47.5253562927246
4399,597.121264140463,2166,700.698382463083,7064367,47.5253562927246
4400,31.8981951919276,117,640.540767806871,7064484,47.5253562927246
4401,375.937753767812,895,571.910241819686,7065379,50.0416831970215
4402,215.92189782614,658,524.951075301945,7066037,50.0416831970215
4403,590.644882140614,1286,494.217173605264,7067323,50.0416831970215
4404,514.861116189018,1543,479.695477216422,7068866,50.0416831970215
4405,779.822200541434,2500,482.108808747889,7071366,50.0416831970215
4406,804.815109288551,2500,519.347618410881,7073866,50.0416831970215
4407,379.357894174343,1100,492.463265621591,7074966,50.0416831970215
4408,592.976646165812,1525,488.335695942611,7076491,50.0416831970215
4409,717.144322868778,1930,500.338001815443,7078421,50.0416831970215
4410,1346.4654515411,2500,631.79472745036,7080921,50.0416831970215
4411,340.160005804678,801,628.216952654047,7081722,50.0416831970215
4412,141.572116312341,646,620.781974502667,7082368,50.0416831970215
4413,414.120340992843,1047,603.12952038789,7083415,50.0416831970215
4414,483.18021299356,1439,599.961430068344,7084854,50.0416831970215
4415,289.581878549704,875,550.937397869171,7085729,50.0416831970215
4416,731.744468235917,1576,543.630333763908,7087305,50.0416831970215
4417,312.063543578974,913,536.900898704371,7088218,50.0416831970215
4418,258.747107596862,820,503.477944847476,7089038,50.0416831970215
4419,421.696274673654,1846,473.933140027964,7090884,50.0416831970215
4420,926.973348694667,2500,431.98392974332,7093384,50.0416831970215
4421,863.809476381049,1597,484.348876800957,7094981,50.0416831970215
4422,504.912315213013,2500,520.682896691024,7097481,49.3095474243164
4423,403.878031988232,961,519.658665790563,7098442,49.3095474243164
4424,275.951375405082,1223,498.935782031715,7099665,49.3095474243164
4425,308.344924510244,1069,500.812086627769,7100734,49.3095474243164
4426,427.357887360955,1259,470.373428540273,7101993,49.3095474243164
4427,612.776874323553,2264,500.444761614731,7104257,49.3095474243164
4428,360.097400328207,1183,510.579790887865,7105440,49.3095474243164
4429,235.540381386346,576,491.964201559135,7106016,49.3095474243164
4430,212.91063733404,830,420.557930423072,7106846,49.3095474243164
4431,950.295273172915,2500,429.206510102259,7109346,49.3095474243164
4432,336.150008040421,1218,412.330279384999,7110564,49.3095474243164
4433,779.493066833621,2275,449.891782869538,7112839,49.3095474243164
4434,764.217248108556,2051,498.718370139886,7114890,49.3095474243164
4435,601.297907932988,1723,528.01366848216,7116613,49.3095474243164
4436,410.846727240625,1208,526.362552470127,7117821,49.3095474243164
4437,275.809924661925,1400,492.665857503964,7119221,49.3095474243164
4438,642.518551108885,1574,520.907972582032,7120795,49.3095474243164
4439,756.870149355661,1909,573.040949378964,7122704,49.3095474243164
4440,455.840555556064,1312,597.333941201166,7124016,49.3095474243164
4441,758.892773217369,2500,578.193691205611,7126516,49.3095474243164
4442,673.677315219887,1780,611.946421923558,7128296,49.3095474243164
4443,411.96484724553,1647,575.193599964749,7129943,49.3095474243164
4444,439.538598322006,1110,542.725734986094,7131053,49.3095474243164
4445,561.513947206002,2500,538.747338913395,7133553,50.2449684143066
4446,497.522744627178,2500,547.414940652051,7136053,50.2449684143066
4447,959.034788757125,2500,615.737427061571,7138553,50.2449684143066
4448,781.801497012188,2500,629.665721651901,7141053,50.2449684143066
4449,919.818512367576,2500,645.960557953093,7143553,50.2449684143066
4450,699.452287831796,2500,670.321731180666,7146053,50.2449684143066
4451,878.518352010517,2050,682.284289059981,7148103,50.2449684143066
4452,603.20360306567,2500,675.236917844559,7150603,50.2449684143066
4453,801.909958023143,2500,714.23142892232,7153103,50.2449684143066
4454,637.41202514313,2500,734.018771604433,7155603,50.2449684143066
4455,995.578980275038,2500,777.425274911336,7158103,50.2449684143066
4456,746.034611835504,2500,802.276461632169,7160603,50.2449684143066
4457,846.311855449342,2500,791.004168301391,7163103,50.2449684143066
4458,621.771742628994,2500,775.001192863071,7165603,50.2449684143066
4459,838.619858205044,2500,766.881327446818,7168103,50.2449684143066
4460,997.06003733735,2500,796.642102397373,7170603,50.2449684143066
4461,363.249609621091,1190,745.115228158431,7171793,50.2449684143066
4462,833.545489039991,2500,768.149416755863,7174293,50.2449684143066
4463,710.463502170296,2500,759.004771170578,7176793,50.2449684143066
4464,488.855810777042,2069,744.149149733969,7178862,50.2449684143066
4465,588.849901067704,2500,703.476241813236,7181362,50.2449684143066
4466,54.166858822166,153,634.289466511902,7181515,50.2449684143066
4467,282.620709501267,627,577.920351917094,7182142,50.2449684143066
4468,148.164543647658,352,530.559632018961,7182494,50.2449684143066
4469,380.689115648318,957,484.766557763288,7183451,50.2449684143066
4470,114.572180330371,331,396.51777206259,7183782,50.2449684143066
4471,681.179319495701,2500,428.310743050051,7186282,51.4234313964844
4472,673.88392811947,2500,412.344586957999,7188782,51.4234313964844
4473,119.459639518165,256,353.244200692786,7189038,51.4234313964844
4474,57.9022583154442,137,310.148845446626,7189175,51.4234313964844
4475,659.494093217289,2500,317.213264661585,7191675,51.4234313964844
4476,535.651966105275,1806,365.361775389896,7193481,51.4234313964844
4477,705.233027732283,2500,407.623007212997,7195981,51.4234313964844
4478,431.044861791143,1088,435.911039027346,7197069,51.4234313964844
4479,302.389488068783,742,428.081076269392,7197811,51.4234313964844
4480,259.611090314313,697,442.584967267787,7198508,51.4234313964844
4481,94.2665040903989,229,383.893685727256,7198737,51.4234313964844
4482,819.452603363046,2500,398.450553251614,7201237,51.4234313964844
4483,89.7597892096832,205,395.480568220766,7201442,51.4234313964844
4484,452.686119117573,1529,434.958954300979,7202971,51.4234313964844
4485,829.453373407234,2500,451.954882319973,7205471,51.4234313964844
4486,421.030479990514,740,440.492733708497,7206211,51.4234313964844
4487,553.767145556864,2500,425.346145490955,7208711,51.4234313964844
4488,614.534367626258,1814,443.695096074467,7210525,51.4234313964844
4489,272.945367741401,993,440.750684041728,7211518,51.4234313964844
4490,80.0436101292189,208,422.793936023219,7211726,51.4234313964844
4491,421.998124058721,997,455.567098020051,7212723,51.4234313964844
4492,180.092416488176,405,391.631079332564,7213128,51.4234313964844
4493,123.890319891525,360,395.044132400748,7213488,51.4234313964844
4494,457.332858740224,1273,395.508806363013,7214761,48.3316078186035
4495,902.743249574671,2284,402.837793979757,7217045,48.3316078186035
4496,645.501155811398,1940,425.284861561845,7218985,48.3316078186035
4497,695.865799888671,2420,439.494726995026,7221405,48.3316078186035
4498,216.021738880583,1264,399.643464120459,7222669,48.3316078186035
4499,511.286779270091,1541,423.477605273328,7224210,48.3316078186035
4500,105.073476881787,232,425.980591948585,7224442,48.3316078186035
4501,869.898785985623,2500,470.770658141275,7226942,48.3316078186035
4502,339.557929079099,1037,486.717209400367,7227979,48.3316078186035
4503,84.6615083178555,207,482.794328243,7228186,48.3316078186035
4504,206.033353876664,1029,457.664377756644,7229215,48.3316078186035
4505,144.772249190562,360,381.867277718233,7229575,48.3316078186035
4506,415.32584892421,1181,358.849747029515,7230756,48.3316078186035
4507,35.2667505955194,159,292.789842100199,7230915,48.3316078186035
4508,279.210169535335,675,299.108685165675,7231590,48.3316078186035
4509,275.827719088831,775,275.562779147549,7232365,48.3316078186035
4510,279.596658486136,2500,293.015097307984,7234865,48.3316078186035
4511,57.9391102004479,186,211.819129729466,7235051,48.3316078186035
4512,187.99368069683,421,196.662704891239,7235472,48.3316078186035
4513,613.540647911079,1603,249.550618850561,7237075,48.3316078186035
4514,79.5161149631806,209,236.898894959213,7237284,48.3316078186035
4515,150.390124747278,363,237.460682514885,7237647,48.3316078186035
4516,229.420557495785,555,218.870153372042,7238202,48.3316078186035
4517,173.717560663107,521,232.715234378801,7238723,48.3316078186035
4518,145.080530621573,349,219.302270487425,7239072,48.3316078186035
4519,330.847647271034,722,224.804263305645,7239794,48.3316078186035
4520,413.118019460428,1153,238.156399403074,7240947,46.1621131896973
4521,165.988453699328,373,248.961333752962,7241320,46.1621131896973
4522,176.324346251862,355,247.794400308465,7241675,46.1621131896973
4523,117.306662671974,214,198.171001784555,7241889,46.1621131896973
4524,246.016978403496,431,214.821088128586,7242320,46.1621131896973
4525,157.410590564596,333,215.523134710318,7242653,46.1621131896973
4526,167.543255715467,468,209.335404532287,7243121,46.1621131896973
4527,238.424769033698,669,215.806125369346,7243790,46.1621131896973
4528,101.720913944381,207,211.470163701626,7243997,46.1621131896973
4529,180.31408445729,345,196.416807420252,7244342,46.1621131896973
4530,217.341775744959,398,176.839183048705,7244740,46.1621131896973
4531,35.0465193093387,111,163.744989609706,7244851,46.1621131896973
4532,98.015042802769,300,155.914059264797,7245151,46.1621131896973
4533,183.767741348108,270,162.56016713241,7245421,46.1621131896973
4534,487.877929696165,2500,186.746262261677,7247921,46.1621131896973
4535,90.5016223721478,295,180.055365442432,7248216,46.1621131896973
4536,40.4191965886413,134,167.34295952975,7248350,46.1621131896973
4537,358.735437007138,1913,179.374026327094,7250263,46.1621131896973
4538,474.117128426726,1542,216.613647775328,7251805,51.2100830078125
4539,229.044591968925,675,221.486698526492,7252480,51.2100830078125
4540,572.84779396465,1469,257.037300348461,7253949,51.2100830078125
4541,521.199211601311,1327,305.652569577658,7255276,51.2100830078125
4542,346.034835515812,990,330.454548848962,7256266,51.2100830078125
4543,363.624384152772,1236,348.440213129429,7257502,51.2100830078125
4544,305.544016814137,810,330.206821841226,7258312,51.2100830078125
4545,384.144925125694,830,359.571152116581,7259142,51.2100830078125
4546,346.91523952328,1959,390.220756410045,7261101,51.2100830078125
4547,646.380760389896,2495,418.98528874832,7263596,51.2100830078125
4548,627.125947163684,2059,434.286170622016,7265655,51.2100830078125
4549,223.769437741524,810,433.758655199276,7266465,51.2100830078125
4550,829.673373204462,2164,459.441213123257,7268629,51.2100830078125
4551,582.849128794329,2026,465.606204842559,7270655,51.2100830078125
4552,878.468324716276,2478,518.849553762606,7273133,51.2100830078125
4553,623.380457924847,1738,544.825161139813,7274871,51.2100830078125
4554,242.729160986238,918,538.543675557023,7275789,51.2100830078125
4555,225.017928999847,855,522.630975944438,7276644,51.2100830078125
4556,163.977436730419,671,504.337195665152,7277315,51.2100830078125
4557,292.161044346862,1082,468.915224060849,7278397,51.2100830078125
4558,702.852867755688,1757,476.487916120049,7280154,51.2100830078125
4559,397.742739044234,1693,493.88524625032,7281847,51.2100830078125
4560,124.189428112151,445,423.336851741089,7282292,51.2100830078125
4561,232.649632598311,893,388.316902121487,7283185,51.2100830078125
4562,614.926761463093,1427,361.962745796169,7284612,51.2100830078125
4563,137.085849931424,397,313.333284996827,7285009,51.2100830078125
4564,526.136875838998,1616,341.674056482103,7286625,49.1043434143066
4565,205.816191036719,671,339.75388268579,7287296,49.1043434143066
4566,423.955131116189,1789,365.751652124367,7289085,49.1043434143066
4567,737.651212950292,2500,410.30066898471,7291585,49.1043434143066
4568,879.631670295474,2371,427.978549238689,7293956,49.1043434143066
4569,399.105981382592,1004,428.114873472524,7294960,49.1043434143066
4570,251.904409247629,867,440.886371586072,7295827,49.1043434143066
4571,372.741016623907,2260,454.895509988632,7298087,49.1043434143066
4572,417.426661630663,1474,435.145500005389,7299561,49.1043434143066
4573,493.861589325747,2500,470.823073944821,7302061,49.1043434143066
4574,364.5274898072,1360,454.662135341641,7303421,49.1043434143066
4575,940.68616726001,2500,528.14913296397,7305921,49.1043434143066
4576,305.509268016448,953,516.304546653996,7306874,49.1043434143066
4577,854.873707982144,2500,528.026796157181,7309374,49.1043434143066
4578,471.946254971204,1767,487.258254624754,7311141,49.1043434143066
4579,717.831912209623,2427,519.130847707458,7313568,49.1043434143066
4580,445.763756484013,2500,538.516782431096,7316068,49.1043434143066
4581,394.488247811301,988,540.691505549835,7317056,49.1043434143066
4582,188.843643027986,412,517.833203689568,7317468,49.1043434143066
4583,82.1891947953471,153,476.665964236528,7317621,49.1043434143066
4584,101.053860649696,272,450.318601320777,7317893,49.1043434143066
4585,214.53813384461,1160,377.703797979237,7319053,49.1043434143066
4586,109.185856695989,247,358.071456847191,7319300,49.1043434143066
4587,131.13963533502,267,285.698049582479,7319567,49.1043434143066
4588,59.4621917366802,155,244.449643259027,7319722,49.1043434143066
4589,55.3762391818628,155,178.204075956251,7319877,49.1043434143066
4590,113.499406681702,317,144.977640976019,7320194,49.1043434143066
4591,98.5697958836795,288,115.385795783257,7320482,49.1043434143066
4592,153.583786146805,496,111.859810095139,7320978,49.1043434143066
4593,463.073255792229,1420,149.948216194827,7322398,51.1885833740234
4594,230.652779016403,1218,162.908108031498,7323616,51.1885833740234
4595,144.154870200619,259,155.869781667099,7323875,51.1885833740234
4596,181.244917515609,660,163.075687749061,7324535,51.1885833740234
4597,184.386162087545,606,168.400340424313,7325141,51.1885833740234
4598,148.560139959457,305,177.310135246591,7325446,51.1885833740234
4599,32.2257399282109,117,174.995085321226,7325563,51.1885833740234
4600,129.90749056087,325,176.635893709143,7325888,51.1885833740234
4601,83.1916225596858,296,175.098076376743,7326184,51.1885833740234
4602,137.182502451188,455,173.457948007182,7326639,51.1885833740234
4603,127.459357411994,308,139.896558169158,7326947,51.1885833740234
4604,275.616308295375,586,144.392911097055,7327533,51.1885833740234
4605,472.511130103521,2500,177.228537087345,7330033,51.1885833740234
4606,260.537677590459,679,185.15781309483,7330712,51.1885833740234
4607,285.708291941932,403,195.290026080269,7331115,51.1885833740234
4608,177.348629934046,358,198.168875077728,7331473,51.1885833740234
4609,91.7291712441946,185,204.119218209326,7331658,51.1885833740234
4610,176.018069923245,616,208.730276145564,7332274,51.1885833740234
4611,116.6975779019,350,212.080871679785,7332624,51.1885833740234
4612,27.5657763571011,134,201.119199070377,7332758,51.1885833740234
4613,56.9901804584774,174,194.072281375025,7332932,51.1885833740234
4614,201.631024721779,398,186.673753017665,7333330,51.1885833740234
4615,96.186343203681,424,149.041274327682,7333754,51.1885833740234
4616,365.057341162378,604,159.493240684873,7334358,51.1885833740234
4617,455.668184548644,1152,176.489229945545,7335510,49.1623649597168
4618,261.637973421541,818,184.918164294294,7336328,49.1623649597168
4619,642.543131022349,1287,239.99956027211,7337615,49.1623649597168
4620,428.6400501719,1876,265.261758296975,7339491,49.1623649597168
4621,609.949438690557,1380,314.586944375841,7340871,49.1623649597168
4622,528.155080953652,1176,364.645874835496,7342047,49.1623649597168
4623,360.365014371009,758,394.983358226749,7342805,49.1623649597168
4624,82.7191518304199,445,383.092170937613,7343250,49.1623649597168
4625,274.934321178624,458,400.966968735107,7343708,49.1623649597168
4626,50.2186035120035,133,369.48309497007,7343841,49.1623649597168
4627,218.234533331533,651,345.739729848359,7344492,49.1623649597168
4628,62.5417853305442,159,325.830111039259,7344651,49.1623649597168
4629,86.0234778199005,392,270.178145719014,7345043,49.1623649597168
4630,183.099844474176,561,245.624125149242,7345604,49.1623649597168
4631,292.664585414956,620,213.895639821682,7346224,49.1623649597168
4632,316.88604790103,1021,192.76873651642,7347245,49.1623649597168
4633,422.635753418217,1646,198.99581042114,7348891,49.1623649597168
4634,242.220029343774,662,214.945898172476,7349553,49.1623649597168
4635,216.331570722705,626,209.085623126884,7350179,49.1623649597168
4636,19.1863364418555,102,205.982396419869,7350281,49.1623649597168
4637,179.90491154721,474,202.149434241437,7350755,49.1623649597168
4638,547.856110469861,2500,250.680866755368,7353255,51.1988067626953
4639,222.083221454584,1332,264.286841118837,7354587,51.1988067626953
4640,355.356256372102,1311,281.512482308629,7355898,51.1988067626953
4641,218.136704576524,666,274.059694224786,7356564,51.1988067626953
4642,169.129007021074,1142,259.283990136791,7357706,51.1988067626953
4643,562.976355975334,2500,273.318050392502,7360206,51.1988067626953
4644,284.097463784593,840,277.505793836584,7361046,51.1988067626953
4645,647.101038041635,2500,320.582740568477,7363546,51.1988067626953
4646,621.936575117564,2479,380.857764436048,7366025,51.1988067626953
4647,788.519844514006,2500,441.719257732728,7368525,51.1988067626953
4648,750.137731128509,2500,461.947419798592,7371025,51.1988067626953
4649,537.864284877382,2500,493.525526140872,7373525,51.1988067626953
4650,182.394752539088,543,476.229375757571,7374068,51.1988067626953
4651,760.045323682558,2500,530.420237668174,7376568,51.1988067626953
4652,400.048398382433,1940,553.51217680431,7378508,51.1988067626953
4653,349.887282628082,1019,532.203269469585,7379527,51.1988067626953
4654,268.189738371989,754,530.612496928325,7380281,51.1988067626953
4655,721.335808600571,2500,538.035973984218,7382781,51.1988067626953
4656,413.718015331673,1179,517.214118005629,7383960,51.1988067626953
4657,601.279458191332,2500,498.490079373362,7386460,51.1988067626953
4658,470.648810608563,2030,470.541187321367,7388490,51.1988067626953
4659,659.763901621997,2500,482.731148995828,7390990,51.1988067626953
4660,825.287796758466,2500,547.020453417766,7393490,51.1988067626953
4661,266.016843886207,489,497.617605438131,7393979,51.1988067626953
4662,106.091779308388,306,468.221943530727,7394285,51.1988067626953
4663,104.264973731218,283,443.65971264104,7394568,51.1988067626953
4664,131.301743533412,438,429.970913157183,7395006,51.1988067626953
4665,260.819126626101,734,383.919244959736,7395740,51.1988067626953
4666,91.9777326089396,280,351.745216687462,7396020,51.1988067626953
4667,145.052689358026,462,306.122539804132,7396482,51.1988067626953
4668,63.7873964005029,149,265.436398383326,7396631,50.8762702941895
4669,38.3634889051185,156,203.296357111638,7396787,50.8762702941895
4670,130.477364351738,329,133.815313870965,7397116,50.8762702941895
4671,161.036304607039,362,123.317259943048,7397478,50.8762702941895
4672,65.2333437776693,167,119.231416389976,7397645,50.8762702941895
4673,112.09200737146,293,120.014119754001,7397938,50.8762702941895
4674,44.6877364061923,122,111.352719041279,7398060,50.8762702941895
4675,143.406908804443,327,99.6114972591128,7398387,50.8762702941895
4676,86.6114511617521,292,99.074869114394,7398679,50.8762702941895
4677,156.431497600934,476,100.212749938685,7399155,50.8762702941895
4678,104.487522508791,219,104.282762549514,7399374,50.8762702941895
4679,34.2546037125569,123,103.871874030257,7399497,50.8762702941895
4680,236.955210002718,550,114.519658595356,7400047,50.8762702941895
4681,151.631244799424,364,113.579152614594,7400411,50.8762702941895
4682,392.214398712165,857,146.277258108044,7401268,50.8762702941895
4683,120.669324618922,364,147.13498983279,7401632,50.8762702941895
4684,171.763870408577,414,159.842603233028,7402046,50.8762702941895
4685,93.6889883101637,229,154.8708111836,7402275,50.8762702941895
4686,155.572021233675,406,161.766868190793,7402681,50.8762702941895
4687,325.358231709854,686,178.659541601685,7403367,50.8762702941895
4688,349.141413168593,1658,203.124930667665,7405025,47.2123565673828
4689,772.339178757457,2500,276.933388172155,7407525,47.2123565673828
4690,842.584109424724,1938,337.496278114356,7409463,47.2123565673828
4691,476.728027316879,997,370.005956366101,7410460,47.2123565673828
4692,461.899174423989,1628,376.974433937283,7412088,47.2123565673828
4693,828.14745158413,2291,447.722246633804,7414379,47.2123565673828
4694,120.350805523343,260,442.580940145281,7414639,47.2123565673828
4695,183.416343028345,439,451.553675617099,7415078,47.2123565673828
4696,404.485720457019,1109,476.445045539433,7416187,47.2123565673828
4697,311.327059533748,819,475.041928321823,7417006,47.2123565673828
4698,111.234971559117,238,451.251284160875,7417244,47.2123565673828
4699,446.054619881645,1665,418.622828273294,7418909,47.2123565673828
4700,103.919868160308,239,344.756404146852,7419148,47.2123565673828
4701,1005.66507028637,2500,397.650108443801,7421648,47.2123565673828
4702,310.3977864401,424,382.499969645413,7422072,47.2123565673828
4703,140.690421984466,275,313.754266685446,7422347,47.2123565673828
4704,419.759699282505,1414,343.695156061362,7423761,47.2123565673828
4705,453.04081308372,1071,370.6576030669,7424832,47.2123565673828
4706,204.040233624484,491,350.613054383646,7425323,47.2123565673828
4707,304.73026627546,800,349.953375057818,7426123,47.2123565673828
4708,566.235214494799,1458,395.453399351386,7427581,47.2123565673828
4709,433.334585815744,1204,394.181395944796,7428785,47.2123565673828
4710,109.054338572884,243,394.694842986053,7429028,47.2123565673828
4711,215.101977697163,587,315.638533727133,7429615,47.2123565673828
4712,318.329009049567,993,316.431655988079,7430608,47.2123565673828
4713,201.838674516324,512,322.546481241265,7431120,47.2123565673828
4714,464.577902020778,1083,327.028301515092,7432203,48.1661338806152
4715,196.749785473061,481,301.399198754027,7432684,48.1661338806152
4716,29.2353973350243,127,283.91871512508,7432811,48.1661338806152
4717,113.020973728699,305,264.747785870404,7433116,48.1661338806152
4718,262.00580768563,515,234.324845189488,7433631,48.1661338806152
4719,85.1396808041521,279,199.505354688328,7433910,48.1661338806152
4720,206.270940350204,372,209.22701486606,7434282,48.1661338806152
4721,204.386265398279,534,208.155443636172,7434816,48.1661338806152
4722,164.932278841431,469,192.815770615358,7435285,48.1661338806152
4723,235.173203807789,757,196.149223544505,7436042,48.1661338806152
4724,66.4900288696143,191,156.340436229388,7436233,48.1661338806152
4725,134.425472979757,459,150.108004980058,7436692,48.1661338806152
4726,174.736417354317,477,164.658106981987,7437169,48.1661338806152
4727,291.10271212847,626,182.466280821964,7437795,48.1661338806152
4728,434.24074422818,873,199.689774476219,7438668,48.1661338806152
4729,169.941995173143,368,208.170005913118,7439036,48.1661338806152
4730,143.254367177877,319,201.868348595886,7439355,48.1661338806152
4731,104.422357191655,233,191.871957775223,7439588,48.1661338806152
4732,271.23771021366,618,202.502500912446,7440206,48.1661338806152
4733,227.074657352464,465,201.692646266914,7440671,48.1661338806152
4734,190.78010659932,525,214.121654039884,7441196,48.1661338806152
4735,110.645941918452,223,211.743700933754,7441419,48.1661338806152
4736,38.863266274102,128,198.156385825732,7441547,48.1661338806152
4737,421.922372185394,1029,211.238351831425,7442576,48.1661338806152
4738,384.184487750735,2044,206.23272618368,7444620,48.6721992492676
4739,377.305270469485,1334,226.969053713314,7445954,48.6721992492676
4740,353.288596187963,909,247.972476614323,7446863,48.6721992492676
4741,556.129425238815,2248,293.143183419039,7449111,48.6721992492676
4742,112.783032551061,327,277.297715652779,7449438,48.6721992492676
4743,249.388657805771,725,279.52911569811,7450163,48.6721992492676
4744,336.729269388387,777,294.124031977016,7450940,48.6721992492676
4745,78.2096507450455,217,290.880402859676,7451157,48.6721992492676
4746,171.660259135128,507,304.160102145778,7451664,48.6721992492676
4747,89.4024967732467,292,270.908114604564,7451956,48.6721992492676
4748,542.92414736553,1325,286.782080566043,7453281,48.6721992492676
4749,480.488886138484,1145,297.100442132943,7454426,48.6721992492676
4750,110.030081322395,336,272.774590646386,7454762,48.6721992492676
4751,158.985847696836,307,233.060232892188,7455069,48.6721992492676
4752,150.607954106444,337,236.842725047727,7455406,48.6721992492676
4753,98.4125440906911,194,221.745113676219,7455600,48.6721992492676
4754,362.211964591611,694,224.293383196541,7456294,48.6721992492676
4755,101.094253442481,279,226.581843466285,7456573,48.6721992492676
4756,155.215709186249,599,224.937388471397,7457172,48.6721992492676
4757,119.394126457659,309,227.936551439838,7457481,48.6721992492676
4758,132.322985029142,362,186.876435206199,7457843,48.6721992492676
4759,187.792138059363,383,157.606760398287,7458226,48.6721992492676
4760,299.742769866811,788,176.578029252729,7459014,48.6721992492676
4761,179.997456653806,315,178.679190148426,7459329,48.6721992492676
4762,159.995438961246,496,179.617938633906,7459825,48.6721992492676
4763,62.7116908431252,144,176.047853309149,7459969,48.6721992492676
4764,57.5471127905673,184,145.581368129045,7460153,48.6721992492676
4765,144.890313984403,329,149.960974183237,7460482,48.6721992492676
4766,54.3793367354677,147,139.877336938159,7460629,48.6721992492676
4767,387.422833270793,977,166.680207619472,7461606,51.2946929931641
4768,79.2967492928744,214,161.377584045846,7461820,51.2946929931641
4769,221.392653029743,668,164.737635542884,7462488,51.2946929931641
4770,95.6254544149888,173,144.325903997701,7462661,51.2946929931641
4771,217.087521614938,774,148.034910493815,7463435,51.2946929931641
4772,547.664401322629,1256,186.801806729953,7464691,51.2946929931641
4773,207.97004714881,521,201.327642360521,7465212,51.2946929931641
4774,131.909596759391,322,208.763890757404,7465534,51.2946929931641
4775,229.913442440877,497,217.266203603051,7466031,51.2946929931641
4776,164.334845392455,350,228.26175446875,7466381,51.2946929931641
4777,116.196358056995,435,201.13910694737,7466816,51.2946929931641
4778,44.8875874414187,153,197.698190762225,7466969,51.2946929931641
4779,226.598415886943,451,198.218767047945,7467420,51.2946929931641
4780,140.300581675368,396,202.686279773983,7467816,51.2946929931641
4781,160.203667673421,423,196.997894379831,7468239,51.2946929931641
4782,146.091327328743,452,156.840586980442,7468691,51.2946929931641
4783,99.1944630835786,315,145.963028573919,7469006,51.2946929931641
4784,155.819552359938,299,148.354024133974,7469305,51.2946929931641
4785,164.450124498476,330,141.807692339734,7469635,51.2946929931641
4786,64.223146115626,183,131.796522412051,7469818,51.2946929931641
4787,229.130154127169,633,143.089902019068,7470451,51.2946929931641
4788,177.436651062804,511,156.344808381207,7470962,51.2946929931641
4789,150.897192003624,341,148.774685992875,7471303,51.2946929931641
4790,97.5485050912344,305,144.499478334461,7471608,51.2946929931641
4791,182.095947852908,1115,146.68870635241,7472723,51.2946929931641
4792,46.1912117112305,122,136.698694790659,7472845,51.2946929931641
4793,20.9871805286041,93,128.877966535161,7472938,51.2946929931641
4794,97.436766764233,266,123.039687975591,7473204,46.5317840576172
4795,213.792389889919,556,127.973914514735,7473760,46.5317840576172
4796,222.399606499611,471,143.791560553134,7474231,46.5317840576172
4797,343.692714214631,940,155.24781656188,7475171,46.5317840576172
4798,91.1391250294558,274,146.618063958545,7475445,46.5317840576172
4799,222.246331628754,563,153.752977921058,7476008,46.5317840576172
4800,37.1742411009497,144,147.71555152203,7476152,46.5317840576172
4801,182.558271195545,431,147.761783856293,7476583,46.5317840576172
4802,93.6491581692158,277,152.507578502092,7476860,46.5317840576172
4803,201.623021381411,630,170.571162587373,7477490,46.5317840576172
4804,154.71946344194,339,176.299432255143,7477829,46.5317840576172
4805,49.662902239999,148,159.886483490151,7477977,46.5317840576172
4806,308.392993026904,738,168.48582214288,7478715,46.5317840576172
4807,39.4797291703458,163,138.064523638452,7478878,46.5317840576172
4808,90.0576256566447,295,137.956373701171,7479173,46.5317840576172
4809,158.884510987989,353,131.620191637094,7479526,46.5317840576172
4810,69.5495967840575,145,134.857727205405,7479671,46.5317840576172
4811,644.035598626057,2500,181.005459948456,7482171,49.5077362060547
4812,388.055387534857,2500,210.44608288502,7484671,49.5077362060547
4813,1011.82352817103,2500,291.466133563982,7487171,49.5077362060547
4814,872.317723994946,2500,363.225959619283,7489671,49.5077362060547
4815,811.00528069452,2500,439.360197464735,7492171,49.5077362060547
4816,544.735931076926,2500,462.994491269737,7494671,49.5077362060547
4817,516.499807726903,2500,510.696499125393,7497171,49.5077362060547
4818,706.899222251154,2500,572.380658784844,7499671,49.5077362060547
4819,736.920468750591,2500,630.184254561104,7502171,49.5077362060547
4820,495.980245521674,2500,672.827319434866,7504671,49.5077362060547
4821,542.484977393193,1196,662.672257311579,7505867,49.5077362060547
4822,869.975810722975,2500,710.864299630391,7508367,49.5077362060547
4823,387.908569900078,2500,648.472803803296,7510867,49.5077362060547
4824,1116.0779924939,2500,672.848830653191,7513367,49.5077362060547
4825,491.965006436723,1991,640.944803227412,7515358,49.5077362060547
4826,688.341796101691,2500,655.305389729888,7517858,49.5077362060547
4827,739.978459067927,2500,677.65325486399,7520358,49.5077362060547
4828,537.575533493692,2500,660.720885988244,7522858,49.5077362060547
4829,717.889676944202,2500,658.817806807605,7525358,49.5077362060547
4830,919.396124772965,2500,701.159394732734,7527858,49.5077362060547
4831,739.292717919377,2500,720.840168785353,7530358,49.5077362060547
4832,1074.08585597153,2500,741.251173310209,7532858,49.5077362060547
4833,662.691362153138,2500,768.729452535515,7535358,49.5077362060547
4834,301.377951300593,987,687.259448416184,7536345,49.5077362060547
4835,541.402803533144,2500,692.203228125826,7538845,49.5077362060547
4836,819.247958531712,2500,705.293844368828,7541345,49.5077362060547
4837,531.391867055859,2272,684.435185167622,7543617,49.5077362060547
4838,444.919530069002,1390,675.169584825153,7545007,52.1689186096191
4839,216.092187446419,523,624.989835875374,7545530,52.1689186096191
4840,189.067546550445,385,551.956978053122,7545915,52.1689186096191
4841,307.883299090945,729,508.816036170279,7546644,52.1689186096191
4842,138.152402732432,510,415.222690846369,7547154,52.1689186096191
4843,126.853536465833,257,361.638908277639,7547411,52.1689186096191
4844,177.693893175517,768,349.270502465131,7548179,52.1689186096191
4845,136.97560185052,342,308.827782296869,7548521,52.1689186096191
4846,427.823379567586,1444,269.685324400456,7549965,52.1689186096191
4847,87.4641595545583,300,225.292553650326,7550265,52.1689186096191
4848,45.8565910243346,132,185.386259745859,7550397,52.1689186096191
4849,302.837967909794,740,194.060837792197,7551137,52.1689186096191
4850,28.2905401419115,130,177.983137151343,7551267,52.1689186096191
4851,126.035242226233,339,159.798331464872,7551606,52.1689186096191
4852,123.883155830777,341,158.371406774706,7551947,52.1689186096191
4853,197.578553466815,518,165.443908474805,7552465,52.1689186096191
4854,192.530627256173,554,166.92758188287,7553019,52.1689186096191
4855,1068.2207269296,2500,260.052094390779,7555519,45.3345375061035
4856,636.429809693636,2500,280.912737403384,7558019,45.3345375061035
4857,584.140644003294,2500,330.580385848257,7560519,45.3345375061035
4858,351.503314723461,917,361.14505821817,7561436,45.3345375061035
4859,562.054280144886,2500,387.066689441679,7563936,45.3345375061035
4860,793.861409011227,2500,463.623776328611,7566436,45.3345375061035
4861,567.95907006925,2500,507.816159112912,7568936,45.3345375061035
4862,762.846123436827,2500,571.712455873517,7571436,45.3345375061035
4863,903.322354838891,2500,642.286836010725,7573936,45.3345375061035
4864,941.003244582382,2500,717.134097743346,7576436,45.3345375061035
4865,617.140910962261,2132,672.026116146612,7578568,45.3345375061035
4866,501.14740539161,2500,658.497875716409,7581068,45.3345375061035
4867,792.010956076425,2500,679.284906923722,7583568,45.3345375061035
4868,509.299765673688,2500,695.064552018745,7586068,45.3345375061035
4869,405.463534233305,1378,679.405477427587,7587446,45.3345375061035
4870,853.046674263195,2500,685.324003952783,7589946,45.3345375061035
4871,577.134391895893,2500,686.241536135448,7592446,45.3345375061035
4872,915.894695409899,2500,701.546393332755,7594946,45.3345375061035
4873,1017.15535716587,2500,712.929693565452,7597446,45.3345375061035
4874,712.292420010236,2500,690.058611108238,7599946,45.3345375061035
4875,379.799774110476,2500,666.324497423059,7602446,45.3345375061035
4876,553.448128291193,2500,671.554569713018,7604946,45.3345375061035
4877,704.00035538743,1763,662.753509644118,7606709,45.3345375061035
4878,664.331427159812,2500,678.25667579273,7609209,45.3345375061035
4879,378.418854576753,1106,675.552207827075,7610315,45.3345375061035
4880,524.229935993134,2500,642.670534000069,7612815,45.3345375061035
4881,377.790692969181,2500,622.736164107398,7615315,45.3345375061035
4882,361.978485679106,1107,567.344543134319,7616422,50.9636993408203
4883,290.498052506235,1000,494.678812668355,7617422,50.9636993408203
4884,148.772646259698,355,438.326835293302,7617777,50.9636993408203
4885,539.679550172421,2500,454.314812899496,7620277,50.9636993408203
4886,710.039049991705,2500,469.973905069547,7622777,50.9636993408203
4887,483.549378226672,1679,447.928807353472,7624456,50.9636993408203
4888,186.647044373848,511,400.160369074875,7624967,50.9636993408203
4889,466.28814265266,2500,408.947297882466,7627467,50.9636993408203
4890,403.224051145565,1090,396.846709397709,7628557,50.9636993408203
4891,281.445961616563,621,387.212236262447,7629178,50.9636993408203
4892,110.337205116167,429,362.048108206153,7629607,50.9636993408203
4893,393.888220321882,2500,372.387124987718,7632107,50.9636993408203
4894,398.524256089516,953,397.3622859707,7633060,50.9636993408203
4895,938.254875248364,2500,437.219818478294,7635560,50.9636993408203
4896,509.346015877431,2279,417.150515066867,7637839,50.9636993408203
4897,35.5568067465225,126,372.351257918852,7637965,50.9636993408203
4898,180.478118026268,851,371.734365284094,7638816,50.9636993408203
4899,195.851199877484,300,344.690671006576,7639116,50.9636993408203
4900,334.23309624002,1336,337.791575516022,7640452,48.97265625
4901,799.623211661884,2500,389.609300520554,7642952,48.97265625
4902,334.320199617209,1068,412.007599970658,7644020,48.97265625
4903,626.621712566196,2500,435.280949195089,7646520,48.97265625
4904,288.042166344699,1056,424.232740220608,7647576,48.97265625
4905,391.313350137412,1080,369.538587709513,7648656,48.97265625
4906,428.659267051467,1163,361.469912826916,7649819,48.97265625
4907,146.59551338389,462,372.573783490653,7650281,48.97265625
4908,228.611065285468,839,377.387078216573,7651120,48.97265625
4909,668.029827374551,2500,424.60494096628,7653620,48.97265625
4910,227.850938990001,815,413.966725241278,7654435,48.97265625
4911,832.9155866198,2500,417.295962737069,7656935,48.97265625
4912,201.312064450242,504,403.995149220373,7657439,48.97265625
4913,667.99080312744,2056,408.132058276497,7659495,48.97265625
4914,718.327266803535,2500,451.160568322381,7661995,48.97265625
4915,193.682823824358,543,431.397515691075,7662538,48.97265625
4916,96.8390346487865,305,398.215492450807,7662843,48.97265625
4917,431.45372322325,1322,426.701313434743,7664165,48.97265625
4918,566.658963052548,2500,460.506103211451,7666665,48.97265625
4919,389.464527825644,1191,432.649573256561,7667856,48.97265625
4920,223.490560464673,568,432.213535404028,7668424,48.97265625
4921,30.6612541894806,127,351.988102160996,7668551,48.97265625
4922,245.582878102785,706,356.41518352625,7669257,48.97265625
4923,165.912798956093,516,306.207383109115,7669773,48.97265625
4924,441.406524432389,994,278.515308872001,7670767,48.97265625
4925,561.715715623223,2500,315.318598051887,7673267,48.97265625
4926,284.347470620751,837,334.069441649084,7674104,48.97265625
4927,67.8048486640587,158,297.704554193165,7674262,51.7272338867188
4928,291.224614055304,786,270.16111929344,7675048,51.7272338867188
4929,637.417993357085,2500,294.956465846584,7677548,51.7272338867188
4930,184.886842357011,500,291.096094035818,7678048,51.7272338867188
4931,792.613534456667,2500,367.291322062537,7680548,51.7272338867188
4932,415.769501596062,845,384.309984411864,7681393,51.7272338867188
4933,344.36218029396,966,402.154922545651,7682359,51.7272338867188
4934,99.6114159596282,239,367.975411698375,7682598,51.7272338867188
4935,253.206333897719,806,337.124473525825,7683404,51.7272338867188
4936,81.7271042493098,240,316.86243688868,7683644,51.7272338867188
4937,42.7970718294026,126,314.361659205215,7683770,51.7272338867188
4938,357.083997374209,770,320.947597537105,7684540,51.7272338867188
4939,607.246915897923,2243,317.930489791189,7686783,51.7272338867188
4940,179.171572695567,526,317.358962825045,7687309,51.7272338867188
4941,596.25160510031,1565,297.722769889409,7688874,51.7272338867188
4942,344.116969274424,1029,290.557516657245,7689903,51.7272338867188
4943,612.287677278097,2500,317.350066355659,7692403,51.7272338867188
4944,111.614505446623,259,318.550375304358,7692662,51.7272338867188
4945,165.804549481441,366,309.810196862731,7693028,51.7272338867188
4946,226.428124902098,486,324.280298928009,7693514,51.7272338867188
4947,276.348827400826,756,347.635474485152,7694270,51.7272338867188
4948,256.969779715466,610,337.624052719277,7694880,51.7272338867188
4949,101.069526244111,194,287.006313753896,7695074,51.7272338867188
4950,63.5602824381588,151,275.445184728155,7695225,51.7272338867188
4951,380.787705178522,1071,253.898794735977,7696296,50.9780654907227
4952,140.801248800059,354,233.56722268854,7696650,50.9780654907227
4953,386.370708668063,995,210.975525827537,7697645,50.9780654907227
4954,216.09574841313,358,221.423650124188,7698003,50.9780654907227
4955,152.51786447954,491,220.094981623997,7698494,50.9780654907227
4956,170.683876461369,509,214.520556779925,7699003,50.9780654907227
4957,207.173505079122,630,207.603024547754,7699633,50.9780654907227
4958,131.386726878464,449,195.044719264054,7700082,50.9780654907227
4959,125.762817017408,264,197.514048341384,7700346,50.9780654907227
4960,85.853759796829,222,199.743396077251,7700568,50.9780654907227
4961,217.521526064882,819,183.416778165887,7701387,50.9780654907227
4962,233.938877474632,624,192.730541033344,7702011,50.9780654907227
4963,155.897311696439,390,169.683201336182,7702401,50.9780654907227
4964,398.049249213423,1482,187.878551416211,7703883,50.9780654907227
4965,492.371572819636,1061,221.86392225022,7704944,50.9780654907227
4966,273.73008689107,867,232.168543293191,7705811,50.9780654907227
4967,175.216235231229,750,228.972816308401,7706561,50.9780654907227
4968,222.877105164891,675,238.121854137044,7707236,50.9780654907227
4969,49.4594366836468,154,230.491516103668,7707390,50.9780654907227
4970,183.736578564288,810,240.279797980414,7708200,50.9780654907227
4971,835.592467901303,2500,302.086892164056,7710700,48.4109916687012
4972,626.021674980853,2500,341.295171914678,7713200,48.4109916687012
4973,734.126637142013,2500,399.118104459235,7715700,48.4109916687012
4974,639.740350478386,2500,423.287214585732,7718200,48.4109916687012
4975,927.410791801823,2500,466.79113648395,7720700,48.4109916687012
4976,696.580626954777,2500,509.076190490321,7723200,48.4109916687012
4977,629.621772595802,2500,554.516744226778,7725700,48.4109916687012
4978,1176.27564768609,2500,649.856598478898,7728200,48.4109916687012
4979,618.743673597868,2500,706.78502217032,7730700,48.4109916687012
4980,431.475960275061,2500,731.558960341397,7733200,48.4109916687012
4981,1146.50405985633,2500,762.6501195369,7735700,48.4109916687012
4982,921.860055338525,2500,792.233957572667,7738200,48.4109916687012
4983,827.339257858996,2500,801.555219644365,7740700,48.4109916687012
4984,979.467576968614,2500,835.527942293388,7743200,48.4109916687012
4985,783.028534422289,2500,821.089716555435,7745700,48.4109916687012
4986,1073.2284098325,2500,858.754494843207,7748200,48.4109916687012
4987,587.099403652948,2500,854.502257948922,7750700,48.4109916687012
4988,634.433893644096,2500,800.318082544722,7753200,48.4109916687012
4989,817.240744898391,2500,820.167789674775,7755700,48.4109916687012
4990,853.792683501428,2500,862.399461997411,7758200,48.4109916687012
4991,624.722373367031,2500,810.221293348481,7760700,48.4109916687012
4992,447.572669239954,2500,762.792554738624,7763200,48.4109916687012
4993,968.177920919539,2500,776.876421044679,7765700,48.4109916687012
4994,594.29707758763,2500,738.35937110658,7768200,48.4109916687012
4995,324.324304150661,990,692.488948079418,7769190,48.4109916687012
4996,500.739305664643,1617,635.240037662632,7770807,49.9918212890625
4997,144.902670703796,278,591.020364367717,7771085,49.9918212890625
4998,613.508093217058,2141,588.927784325013,7773226,49.9918212890625
4999,662.189089678273,1728,573.422618803001,7774954,49.9918212890625
5000,435.19411153591,1517,531.562761606449,7776471,49.9918212890625
5001,539.691575731459,1478,523.059681842892,7777949,49.9918212890625
5002,377.122281838755,1059,516.014643102772,7779008,49.9918212890625
5003,151.942314899395,349,434.391082500758,7779357,49.9918212890625
5004,432.443981778783,1337,418.205772919873,7780694,49.9918212890625
5005,343.970860290833,1214,420.17042853389,7781908,49.9918212890625
5006,407.22156155119,2500,410.818654122545,7784408,49.9918212890625
5007,272.020592266983,642,423.530446278864,7785050,49.9918212890625
5008,102.129040781882,312,372.392541035346,7785362,49.9918212890625
5009,298.00637082909,2112,335.974269150428,7787474,49.9918212890625
5010,771.365276631785,2500,369.591385660015,7789974,49.9918212890625
5011,317.58539286048,888,347.380767372917,7790862,49.9918212890625
5012,704.525900284645,2500,380.121129217507,7793362,49.9918212890625
5013,383.194234711571,1329,403.246321198724,7794691,49.9918212890625
5014,496.170706916974,1549,409.618993712543,7796240,49.9918212890625
5015,216.639519270147,819,396.885859610475,7797059,49.9918212890625
5016,298.995574930411,762,386.063260948397,7797821,49.9918212890625
5017,431.060591747567,1239,401.967260896455,7799060,50.2748069763184
5018,424.635798547346,1253,434.217936673002,7800313,50.2748069763184
5019,645.884617093526,2500,469.005761299445,7802813,50.2748069763184
5020,550.734303443355,1751,446.942663980602,7804564,50.2748069763184
5021,195.50623251206,661,434.73474794576,7805225,50.2748069763184
5022,278.935937258131,1285,392.175751643109,7806510,50.2748069763184
5023,311.968312685861,757,385.053159440538,7807267,50.2748069763184
5024,945.397320786171,2500,429.975820827457,7809767,50.2748069763184
5025,135.876863609599,322,421.899555261403,7810089,50.2748069763184
5026,764.726832398388,2500,468.4726810082,7812589,50.2748069763184
5027,124.125173173473,262,437.779139150791,7812851,50.2748069763184
5028,739.25441933749,2500,469.241001229805,7815351,50.2748069763184
5029,548.78793093394,1611,459.531332613847,7816962,50.2748069763184
5030,266.927051769307,1230,431.150607446442,7818192,50.2748069763184
5031,69.1983101292039,157,418.519815208156,7818349,50.2748069763184
5032,752.468147824893,2500,465.873036264833,7820849,50.2748069763184
5033,823.839780638449,2500,517.060183060091,7823349,50.2748069763184
5034,143.407237045141,357,436.861174685988,7823706,50.2748069763184
5035,429.611881330594,2290,466.234676458088,7825996,50.2748069763184
5036,401.791108932489,1333,429.941104111498,7827329,50.2748069763184
5037,145.006947709541,353,432.029281565105,7827682,50.2748069763184
5038,576.051348038516,1708,415.708974435207,7829390,50.2748069763184
5039,879.89996039115,2500,448.820177380928,7831890,50.2748069763184
5040,125.067415410494,326,434.634213745047,7832216,50.2748069763184
5041,198.148051473022,421,447.529187879429,7832637,50.2748069763184
5042,206.869735108742,576,392.969346607814,7833213,50.2748069763184
5043,187.773022934687,360,329.362670837438,7833573,50.2748069763184
5044,178.841414971043,325,332.906088630028,7833898,50.2748069763184
5045,46.675675711027,151,294.612468068071,7834049,50.2748069763184
5046,158.143257133793,356,270.247682888201,7834405,48.5674896240234
5047,174.579746767,369,273.204962793947,7834774,48.5674896240234
5048,231.598925186705,555,238.759720508766,7835329,48.5674896240234
5049,163.93027074662,325,167.162751544313,7835654,48.5674896240234
5050,211.887437740806,415,175.844753777345,7836069,48.5674896240234
5051,36.3978321082362,122,159.669731840866,7836191,48.5674896240234
5052,176.010581435569,370,156.583816473549,7836561,48.5674896240234
5053,79.5182135438807,408,145.758335534468,7836969,48.5674896240234
5054,107.6165083514,228,138.635844872504,7837197,48.5674896240234
5055,106.647048150094,453,144.63298211641,7837650,48.5674896240234
5056,100.218275452238,298,138.840483948255,7837948,48.5674896240234
5057,190.076042843325,411,140.390113555887,7838359,48.5674896240234
5058,189.726406133633,372,136.20286165058,7838731,48.5674896240234
5059,245.350344138489,492,144.344868989767,7839223,48.5674896240234
5060,255.189556503394,469,148.675080866026,7839692,48.5674896240234
5061,594.284335229269,2500,204.463731178129,7842192,45.5473251342773
5062,498.051278854888,2500,236.667800920061,7844692,45.5473251342773
5063,634.025731380022,2500,292.118552703675,7847192,45.5473251342773
5064,1003.1476010555,2500,381.671661974085,7849692,45.5473251342773
5065,642.86481419713,2500,435.293438578789,7852192,45.5473251342773
5066,521.110352495683,2500,477.382646283133,7854692,45.5473251342773
5067,458.313363640766,2500,504.206378362877,7857192,45.5473251342773
5068,764.19522702768,2500,561.653260452282,7859692,45.5473251342773
5069,507.393825724295,2500,587.857608610863,7862192,45.5473251342773
5070,523.141524587174,2500,614.652805419241,7864692,45.5473251342773
5071,822.434328424022,2500,637.467804738716,7867192,45.5473251342773
5072,683.902380898434,2500,656.052914943071,7869692,45.5473251342773
5073,738.335425549429,2500,666.483884360011,7872192,45.5473251342773
5074,530.117681354405,2260,619.180892389902,7874452,45.5473251342773
5075,683.30213811884,2500,623.224624782073,7876952,45.5473251342773
5076,693.702372965936,2500,640.483826829098,7879452,45.5473251342773
5077,650.926643765855,2500,659.745154841607,7881952,45.5473251342773
5078,551.522359697221,2500,638.477868108561,7884452,45.5473251342773
5079,880.529386146881,2500,675.79142415082,7886952,45.5473251342773
5080,852.960689395892,2500,708.773340631692,7889452,45.5473251342773
5081,807.318048636859,2500,707.261712652975,7891952,45.5473251342773
5082,787.552865476475,2500,717.626761110779,7894452,45.5473251342773
5083,614.057366808293,2500,705.198955236666,7896952,45.5473251342773
5084,742.698970575816,2500,726.457084158807,7899452,45.5473251342773
5085,683.347450550713,2500,726.461615401994,7901952,45.5473251342773
5086,648.751070337871,2500,721.966485139188,7904452,45.5473251342773
5087,619.98193594354,2500,718.872014356956,7906952,45.5473251342773
5088,813.739412975996,2500,745.093719684834,7909452,45.5473251342773
5089,974.700570541938,2500,754.510838124339,7911952,45.5473251342773
5090,680.630212505185,2500,737.277790435269,7914452,49.7312545776367
5091,669.452210569092,2500,723.491206628492,7916952,49.7312545776367
5092,525.741407147351,2500,697.310060795579,7919452,49.7312545776367
5093,572.187393676852,2500,693.123063482435,7921952,49.7312545776367
5094,753.676290887069,2500,694.220795513561,7924452,49.7312545776367
5095,547.595145824069,2500,680.645565040896,7926952,49.7312545776367
5096,700.365375817466,2500,685.806995588856,7929452,49.7312545776367
5097,638.839423189434,2500,687.692744313445,7931952,49.7312545776367
5098,811.258560189849,2500,687.44465903483,7934452,49.7312545776367
5099,600.313110773729,2500,650.00591305801,7936952,49.7312545776367
5100,785.042230056253,2500,660.447114813116,7939452,49.7312545776367
5101,542.652620784315,2500,647.767155834639,7941952,49.7312545776367
5102,531.91121774164,2500,648.384136894068,7944452,49.7312545776367
5103,625.386976089089,2500,653.704095135291,7946952,49.7312545776367
5104,76.8826729611693,191,586.024733342701,7947143,49.7312545776367
5105,140.289881947142,488,545.294206955009,7947631,49.7312545776367
5106,157.636688905634,602,491.021338263826,7948233,49.7312545776367
5107,243.75237776867,321,451.512633721749,7948554,49.7312545776367
5108,33.7652151417767,131,373.763299216942,7948685,49.7312545776367
5109,217.874790011928,661,335.519467140762,7949346,49.7312545776367
5110,85.1295731440241,224,265.528201449539,7949570,49.7312545776367
5111,33.0241907871281,138,214.56535844982,7949708,49.7312545776367
5112,93.7457801196497,233,170.748814687621,7949941,49.7312545776367
5113,352.095203485005,824,143.419637427213,7950765,49.7312545776367
5114,139.207206740898,516,149.652090805186,7951281,49.7312545776367
5115,258.885432674172,738,161.511645877889,7952019,49.7312545776367
5116,318.556899030449,1419,177.60366689037,7953438,47.4961929321289
5117,407.949564808061,840,194.023385594309,7954278,47.4961929321289
5118,39.5790951950015,142,194.604773599632,7954420,47.4961929321289
5119,41.5127675005271,93,176.968571348492,7954513,47.4961929321289
5120,212.6807717902,593,189.723691213109,7955106,47.4961929321289
5121,133.452489556717,214,199.766521090068,7955320,47.4961929321289
5122,197.987697643715,423,210.190712842475,7955743,47.4961929321289
5123,72.813877462801,151,182.262580240254,7955894,47.4961929321289
5124,304.327400937545,1154,198.774599659919,7957048,47.4961929321289
5125,247.693406358653,698,197.655397028367,7957746,47.4961929321289
5126,153.17360888727,237,181.117068014049,7957983,47.4961929321289
5127,397.042240301064,1516,180.026335563349,7959499,47.4961929321289
5128,272.70575246026,506,203.339001289875,7960005,47.4961929321289
5129,49.0974264855582,137,204.097467188378,7960142,47.4961929321289
5130,155.999353467872,479,198.429325356145,7960621,47.4961929321289
5131,146.845126363128,372,199.768589036787,7960993,47.4961929321289
5132,151.97692071197,390,195.167511343612,7961383,47.4961929321289
5133,145.185286844291,523,202.404652281761,7961906,47.4961929321289
5134,32.1190328731428,118,175.183815475321,7962024,47.4961929321289
5135,40.5347340017457,123,154.46794823963,7962147,47.4961929321289
5136,964.528063094269,2500,235.60339366033,7964647,48.0887832641602
5137,741.65010118015,2500,270.064179748239,7967147,48.0887832641602
5138,624.26967164549,2500,305.220571666762,7969647,48.0887832641602
5139,883.5424820161,2500,388.665077219816,7972147,48.0887832641602
5140,710.546305845206,2500,444.119772457549,7974647,48.0887832641602
5141,1086.52354878231,2500,538.087614699467,7977147,48.0887832641602
5142,785.373311066512,2500,601.427253734921,7979647,48.0887832641602
5143,611.356600399796,2500,648.044385090472,7982147,48.0887832641602
5144,761.049570718724,2500,720.93743887503,7984647,48.0887832641602
5145,700.994543560382,2500,786.983419830894,7987147,48.0887832641602
5146,573.08658838997,2500,747.839272360464,7989647,48.0887832641602
5147,603.816184002897,2500,734.055880642738,7992147,48.0887832641602
5148,856.404301901663,2500,757.269343668356,7994647,48.0887832641602
5149,849.050111558801,2500,753.820106622626,7997147,48.0887832641602
5150,514.237813548945,2500,734.189257393,7999647,48.0887832641602
5151,622.452741196139,2500,687.782176634383,8002147,48.0887832641602
5152,753.768705341149,2500,684.621716061847,8004647,48.0887832641602
5153,839.891978929152,2500,707.475253914782,8007147,48.0887832641602
5154,621.706449546449,2500,693.540941797555,8009647,48.0887832641602
5155,791.181391796739,2500,702.55962662119,8012147,48.0887832641602
5156,737.108814874675,2500,718.961849269661,8014647,48.0887832641602
5157,943.302296423147,2500,752.910460511686,8017147,48.0887832641602
5158,782.237606157075,2500,745.493790937227,8019647,48.0887832641602
5159,857.097122067283,2500,746.298491988075,8022147,48.0887832641602
5160,715.871803085673,2500,766.461890941748,8024647,47.564338684082
5161,716.907490504164,2500,775.907365872551,8027147,47.564338684082
5162,969.12769140676,2500,797.443264479112,8029647,47.564338684082
5163,709.260051390649,2500,784.380071725261,8032147,47.564338684082
5164,687.754875106439,2500,790.98491428126,8034647,47.564338684082
5165,496.487020795937,2500,761.51547718118,8037147,47.564338684082
5166,832.374426748077,2500,771.04203836852,8039647,47.564338684082
5167,847.705131043016,2500,761.482321830507,8042147,47.564338684082
5168,968.443649844331,2500,780.102926199233,8044647,47.564338684082
5169,1006.05623865032,2500,794.998837857537,8047147,47.564338684082
5170,751.001897541707,2500,798.51184730314,8049647,47.564338684082
5171,1043.9381440297,2500,831.214912655694,8052147,47.564338684082
5172,968.229434111114,2500,831.125086926129,8054647,47.564338684082
5173,827.072008795574,2500,842.906282666622,8057147,47.564338684082
5174,794.623321814921,2500,853.59312733747,8059647,47.564338684082
5175,929.460745807247,2500,896.890499838601,8062147,47.564338684082
5176,829.568693601818,2500,896.609926523975,8064647,47.564338684082
5177,957.476014739924,2500,907.587014893666,8067147,47.564338684082
5178,624.238517787629,2500,873.166501687996,8069647,47.564338684082
5179,894.780285139592,2500,862.038906336923,8072147,47.564338684082
5180,707.366244100624,2500,857.675340992814,8074647,47.1262893676758
5181,506.508218803612,2500,803.932348470205,8077147,47.1262893676758
5182,635.850251170756,2500,770.69443017617,8079647,47.1262893676758
5183,944.557314046289,2500,782.442960701241,8082147,47.1262893676758
5184,520.418919785802,2500,755.022520498329,8084647,47.1262893676758
5185,569.858476671014,2500,719.062293584706,8087147,47.1262893676758
5186,740.366279620732,2500,710.142052186597,8089647,47.1262893676758
5187,773.999190834032,2500,691.794369796008,8092147,47.1262893676758
5188,741.681203744572,2500,703.538638391703,8094647,47.1262893676758
5189,701.756149246599,2500,684.236224802403,8097147,47.1262893676758
5190,749.253667705268,2500,688.424967162867,8099647,47.1262893676758
5191,601.849928288573,2500,697.959138111364,8102147,47.1262893676758
5192,710.000454416784,2500,705.374158435966,8104647,47.1262893676758
5193,464.7172088699,2500,657.390147918328,8107147,47.1262893676758
5194,564.779542681589,2500,661.826210207906,8109647,47.1262893676758
5195,461.261439817108,2500,650.966506522516,8112147,47.1262893676758
5196,803.370779618135,2500,657.266956522256,8114647,47.1262893676758
5197,499.592766397498,1416,629.826314078602,8116063,47.1262893676758
5198,534.481257243353,2500,609.10631942848,8118563,47.1262893676758
5199,739.819381755272,2500,612.912642679348,8121063,47.1262893676758
5200,660.00291176258,2500,603.987567085079,8123563,47.1262893676758
5201,695.702131658069,2500,613.372787422029,8126063,47.1262893676758
5202,423.655832007243,2500,584.738325181075,8128563,47.1262893676758
5203,554.064081600626,2500,593.673012454147,8131063,47.1262893676758
5204,98.8664574972273,235,547.081703935711,8131298,47.1262893676758
5205,119.13902977689,313,512.869462931689,8131611,47.1262893676758
5206,239.330391198288,614,456.465424089705,8132225,47.1262893676758
5207,237.374231891342,811,430.243570639089,8133036,47.1262893676758
5208,100.567065172448,323,386.852151431998,8133359,47.1262893676758
5209,605.51663539804,1520,373.421876796275,8134879,46.4717407226562
5210,99.8371897485572,227,317.405304594873,8135106,46.4717407226562
5211,56.7919266017363,180,253.51428408924,8135286,46.4717407226562
5212,240.336915299525,488,235.182392418468,8135774,46.4717407226562
5213,257.139617714014,472,205.489946029807,8136246,46.4717407226562
5214,215.800261806469,431,217.183326460731,8136677,46.4717407226562
5215,125.784508297078,234,217.84787431275,8136911,46.4717407226562
5216,75.7967033275627,192,201.494505525677,8137103,46.4717407226562
5217,420.934376211262,682,219.850519957669,8137785,46.4717407226562
5218,212.094446610986,459,231.003258101523,8138244,46.4717407226562
5219,265.016190194387,696,196.953213581158,8138940,46.4717407226562
5220,191.567417866952,410,206.126236392997,8139350,46.4717407226562
5221,238.855884606726,607,224.332632193496,8139957,46.4717407226562
5222,120.571682285099,232,212.356108892053,8140189,46.4717407226562
5223,312.362339774362,769,217.878381098088,8140958,46.4717407226562
5224,95.6456821918897,234,205.86292313663,8141192,46.4717407226562
5225,110.652213788194,544,204.349693685742,8141736,46.4717407226562
5226,153.208948255324,375,212.090918178518,8142111,46.4717407226562
5227,42.8096580593113,163,174.278446363323,8142274,46.4717407226562
5228,206.047818570227,843,173.673783559247,8143117,46.4717407226562
5229,158.248787802075,304,162.997043320016,8143421,46.4717407226562
5230,405.836907676363,818,184.423992300957,8144239,46.4717407226562
5231,147.722107783202,362,175.310614618605,8144601,46.4717407226562
5232,243.467083646883,619,187.600154754783,8145220,46.4717407226562
5233,20.649434833994,112,158.428864260746,8145332,46.4717407226562
5234,220.833098211728,583,170.94760586273,8145915,48.6494789123535
5235,658.820278591828,1897,225.764412343094,8147812,48.6494789123535
5236,448.700342773506,1142,255.313551794912,8148954,48.6494789123535
5237,30.6657195994178,108,254.099157948922,8149062,48.6494789123535
5238,358.703931037236,742,269.364769195623,8149804,48.6494789123535
5239,148.968845206021,731,268.436774936018,8150535,48.6494789123535
5240,250.703128043444,834,252.923396972726,8151369,48.6494789123535
5241,26.2425700919044,117,240.775443203596,8151486,48.6494789123535
5242,269.949408990154,597,243.423675737923,8152083,48.6494789123535
5243,27.6293790749824,111,244.121670162022,8152194,48.6494789123535
5244,100.802719577407,234,232.11863229859,8152428,48.6494789123535
5245,390.199060065033,1228,205.25651044591,8153656,48.6494789123535
5246,509.309410855606,1189,211.31741725412,8154845,48.6494789123535
5247,301.03305893318,981,238.354151187497,8155826,48.6494789123535
5248,395.730744765713,978,242.056832560344,8156804,48.6494789123535
5249,436.137306435896,1126,270.773678683332,8157930,48.6494789123535
5250,31.3378909188812,132,248.837154970876,8158062,48.6494789123535
5251,137.312472165917,272,259.944145178277,8158334,48.6494789123535
5252,430.563345834868,1186,276.005538862748,8159520,48.6494789123535
5253,297.766102093449,742,303.019211164595,8160262,48.6494789123535
5254,87.1968068404789,171,301.658619890902,8160433,48.6494789123535
5255,156.993287537442,560,278.338042638143,8160993,48.6494789123535
5256,421.569173082499,1128,269.564018860833,8162121,49.7197074890137
5257,833.472131669825,2278,322.807926134497,8164399,49.7197074890137
5258,576.03146562323,2056,340.837998220249,8166455,49.7197074890137
5259,356.102723095274,1294,332.834539886187,8167749,49.7197074890137
5260,37.8927357878735,141,333.490024373086,8167890,49.7197074890137
5261,419.819018715648,1134,361.740679028059,8169024,49.7197074890137
5262,360.715949817079,837,354.75593942628,8169861,49.7197074890137
5263,954.452376672744,2500,420.42456688421,8172361,49.7197074890137
5264,109.782169210805,243,422.683103121242,8172604,49.7197074890137
5265,166.870636716814,517,423.670838039179,8173121,49.7197074890137
5266,526.413893739743,1742,434.155310104904,8174863,49.7197074890137
5267,292.851318145619,751,380.093228752483,8175614,49.7197074890137
5268,570.765530857483,1366,379.566635275908,8176980,49.7197074890137
5269,370.444374056377,1262,381.000800372018,8178242,49.7197074890137
5270,423.213094053826,1368,419.532836198614,8179610,49.7197074890137
5271,635.309144942298,2500,441.081848821279,8182110,49.7197074890137
5272,634.855839690208,2500,468.495837808592,8184610,49.7197074890137
5273,94.8962625078511,226,382.540226392102,8184836,49.7197074890137
5274,359.444619011662,1081,407.506471372188,8185917,49.7197074890137
5275,789.507301643493,2441,469.770137864856,8188358,49.7197074890137
5276,400.28347374271,1791,457.157095865153,8190149,49.7197074890137
5277,939.056941608942,2358,521.777658211485,8192507,49.7197074890137
5278,304.762456538662,984,495.177350779603,8193491,49.7197074890137
5279,244.793865124446,755,482.61229988641,8194246,47.5720138549805
5280,475.006507958745,1852,487.791641276902,8196098,47.5720138549805
5281,846.346541527742,2500,508.895380935446,8198598,47.5720138549805
5282,748.076590129554,1975,520.217455979381,8200573,47.5720138549805
5283,214.394162787584,683,532.167246007354,8201256,47.5720138549805
5284,372.624388542799,1476,533.485222960468,8202732,47.5720138549805
5285,57.9037452182046,187,460.324867317939,8202919,47.5720138549805
5286,800.019434856878,2500,500.298463429356,8205419,47.5720138549805
5287,595.725075912089,1787,465.96527685967,8207206,47.5720138549805
5288,611.453778021441,2050,496.634409007948,8209256,47.5720138549805
5289,493.679227867687,2028,521.522945282272,8211284,47.5720138549805
5290,525.77933770859,1505,526.600228257257,8212789,47.5720138549805
5291,583.64359367672,2016,500.329933472155,8214805,47.5720138549805
5292,278.520261915642,1534,453.374300650764,8216339,47.5720138549805
5293,403.659003472785,1054,472.300784719284,8217393,47.5720138549805
5294,824.103172580102,2500,517.448663123014,8219893,47.5720138549805
5295,645.546840259007,2233,576.212972627094,8222126,47.5720138549805
5296,675.253686358926,2122,563.736397777299,8224248,47.5720138549805
5297,456.042308665279,1224,549.768121052618,8225472,47.5720138549805
5298,475.225135308973,1645,536.145256781371,8227117,47.5720138549805
5299,52.1485221647487,128,491.992186211077,8227245,47.5720138549805
5300,455.926001153549,2500,485.006852555573,8229745,47.2067794799805
5301,882.949898993004,2500,514.937483087201,8232245,47.2067794799805
5302,913.335454409077,2500,578.419002336545,8234745,47.2067794799805
5303,831.193055562019,2500,621.172407545468,8237245,47.2067794799805
5304,934.342709584727,2500,632.196361245931,8239745,47.2067794799805
5305,800.488493817995,2500,647.69052660183,8242245,47.2067794799805
5306,890.35654972765,2500,669.200812938702,8244745,47.2067794799805
5307,513.037729371722,2500,674.900355009346,8247245,47.2067794799805
5308,1198.98525417391,2500,747.27636689584,8249745,47.2067794799805
5309,840.87886139839,2500,826.149400819204,8252245,47.2067794799805
5310,728.392080704775,2500,853.396008774327,8254745,47.2067794799805
5311,549.23843323959,2500,820.024862198986,8257245,47.2067794799805
5312,534.812741770547,2500,782.172590935133,8259745,47.2067794799805
5313,683.490182789466,2500,767.402303657877,8262245,47.2067794799805
5314,751.984457998347,2500,749.166478499239,8264745,47.2067794799805
5315,1004.94027211111,2500,769.611656328551,8267245,47.2067794799805
5316,164.722049437135,641,697.0482062995,8267886,47.2067794799805
5317,572.737361813842,2500,703.018169543712,8270386,47.2067794799805
5318,908.866933243867,2500,674.006337450707,8272886,47.2067794799805
5319,715.337996861394,2500,661.452250997008,8275386,47.2067794799805
5320,881.495351942941,2500,676.762578120824,8277886,47.2067794799805
5321,853.332533942783,2500,707.171988191144,8280386,47.2067794799805
5322,649.748961812767,2500,718.665610195366,8282886,47.2067794799805
5323,793.442621684047,2500,729.660854084824,8285386,46.6608276367188
5324,1033.6959360511,2500,757.832001890099,8287886,46.6608276367188
5325,854.455756530142,2500,742.783550332002,8290386,46.6608276367188
5326,468.297651627265,1291,773.141110551015,8291677,46.6608276367188
5327,899.622293223941,2500,805.829603692025,8294177,46.6608276367188
5328,996.894470922456,2500,814.632357459884,8296677,46.6608276367188
5329,967.602632421598,2500,839.858821015904,8299177,46.6608276367188
5330,812.123630562412,2500,832.921648877851,8301677,46.6608276367188
5331,810.75493156515,2500,828.663888640088,8304177,46.6608276367188
5332,895.243745184055,2500,853.213366977217,8306677,46.6608276367188
5333,983.939411384308,2500,872.263045947243,8309177,46.6608276367188
5334,698.616907978382,2500,838.755143139971,8311677,46.6608276367188
5335,649.872102867175,2500,818.296777773674,8314177,46.6608276367188
5336,862.760722951202,2500,857.743084906068,8316677,46.6608276367188
5337,1077.86153816814,2500,875.567009400488,8319177,46.6608276367188
5338,893.577449798987,2500,865.235307288141,8321677,46.6608276367188
5339,854.337898807309,2500,853.908833926712,8324177,46.6608276367188
5340,772.061647050137,2500,849.902635575485,8326677,46.6608276367188
5341,660.831863239143,2500,834.910328742884,8329177,46.6608276367188
5342,514.979405927179,2500,796.883894817196,8331677,46.6608276367188
5343,889.715803312233,2500,787.461534009989,8334177,46.6608276367188
5344,744.452265024647,2500,792.045069714615,8336677,44.4609489440918
5345,671.730235040733,2500,794.230882931971,8339177,44.4609489440918
5346,714.078816270002,2500,779.362692263851,8341677,44.4609489440918
5347,764.490202399587,2500,748.025558686996,8344177,44.4609489440918
5348,765.911251082781,2500,735.258938815375,8346677,44.4609489440918
5349,789.214552331202,2500,728.746604167764,8349177,44.4609489440918
5350,957.453211200627,2500,747.285760582813,8351677,44.4609489440918
5351,771.40234388509,2500,758.342808647408,8354177,44.4609489440918
5352,643.425298168875,2500,771.187397871578,8356677,44.4609489440918
5353,754.01918568085,2500,757.617736108439,8359177,44.4609489440918
5354,613.821402270715,2500,744.554649833046,8361677,44.4609489440918
5355,749.149484549255,2500,752.296574783898,8364177,44.4609489440918
5356,797.585971639136,2500,760.647290320812,8366677,44.4609489440918
5357,810.458138464768,2500,765.24408392733,8369177,44.4609489440918
5358,975.34457865044,2500,786.187416684096,8371677,44.4609489440918
5359,928.452757211949,2500,800.11123717217,8374177,44.4609489440918
5360,632.148868940916,2500,767.580802946199,8376677,44.4609489440918
5361,1027.51157683883,2500,793.191726241574,8379177,44.4609489440918
5362,1239.94037106475,2500,852.843233531161,8381677,44.4609489440918
5363,775.805166326469,2500,855.021831595723,8384177,44.4609489440918
5364,772.383011538473,2500,870.877992522499,8386677,44.4609489440918
5365,596.680082182416,2500,855.631052285815,8389177,44.4609489440918
5366,944.258212266922,2500,870.298276348594,8391677,44.4609489440918
5367,27.1544006874301,117,791.96790257086,8391794,44.4609489440918
5368,124.865466670034,342,706.919991372819,8392136,44.4609489440918
5369,925.850585502936,2500,706.659774201918,8394636,46.6987991333008
5370,788.719160954121,2344,722.316803403239,8396980,46.6987991333008
5371,1050.47728267315,2500,724.613373986671,8399480,46.6987991333008
5372,590.632018113891,2478,659.682538691584,8401958,46.6987991333008
5373,731.567538403937,2500,655.258775899331,8404458,46.6987991333008
5374,735.879475110088,2500,651.608422256493,8406958,46.6987991333008
5375,412.020909076742,1243,633.142504945925,8408201,46.6987991333008
5376,695.402932950473,2500,608.25697701428,8410701,46.6987991333008
5377,941.912131501505,2500,699.732750095688,8413201,46.6987991333008
5378,874.20657263968,2500,774.666860692652,8415701,46.6987991333008
5379,479.387518841944,1937,730.020554026553,8417638,46.6987991333008
5380,1056.1466164763,2500,756.763299578771,8420138,46.6987991333008
5381,808.085550695684,2500,732.524126381024,8422638,46.6987991333008
5382,815.12071728061,2386,754.972996297696,8425024,46.6987991333008
5383,661.673376656481,2500,747.98358012295,8427524,46.6987991333008
5384,403.590406889526,1561,714.754673300894,8429085,46.6987991333008
5385,206.872953008248,562,694.239877694045,8429647,46.6987991333008
5386,802.243053575409,2500,704.923889756539,8432147,46.6987991333008
5387,689.70670171306,2500,679.703346777694,8434647,46.6987991333008
5388,167.45077582026,491,609.027767095752,8435138,46.6987991333008
5389,844.58717994269,2500,645.547733205827,8437638,49.8673362731934
5390,537.747567484417,2500,593.707828306639,8440138,49.8673362731934
5391,850.671129073356,2500,597.966386144406,8442638,49.8673362731934
5392,798.336773234609,2500,596.287991739806,8445138,49.8673362731934
5393,910.300392062184,2500,621.150693280376,8447638,49.8673362731934
5394,634.508806973352,2500,644.242533288759,8450138,49.8673362731934
5395,247.514776720583,498,648.306715659992,8450636,49.8673362731934
5396,623.140047667256,2500,630.396415069177,8453136,49.8673362731934
5397,843.779201998373,2500,645.803665097708,8455636,49.8673362731934
5398,839.300714358057,2500,712.988658951488,8458136,49.8673362731934
5399,692.952430588351,2500,697.825184016054,8460636,49.8673362731934
5400,667.05451185851,2500,710.755878453463,8463136,49.8673362731934
5401,165.389818734255,305,642.227747419553,8463441,49.8673362731934
5402,671.616061361951,2500,629.555676232287,8465941,49.8673362731934
5403,546.709619723302,1517,593.196598998399,8467458,49.8673362731934
5404,463.373839761192,2500,576.083102277183,8469958,49.8673362731934
5405,704.895225187214,2500,621.821147123846,8472458,49.8673362731934
5406,762.994691441121,2500,635.806611501233,8474958,49.8673362731934
5407,946.963639604946,2500,646.12505526189,8477458,49.8673362731934
5408,528.708886690092,2500,615.065872495093,8479958,49.8673362731934
5409,513.03617037619,2500,597.074246473877,8482458,49.8673362731934
5410,956.244479106934,2500,625.99324319872,8484958,49.8673362731934
5411,106.122653515037,201,620.066526676798,8485159,49.8673362731934
5412,622.262669159392,2500,615.131187456542,8487659,49.8673362731934
5413,848.473062617387,2500,645.30753174595,8490159,44.0476760864258
5414,593.048585674461,2500,658.275006337277,8492659,44.0476760864258
5415,827.537736293144,2500,670.53925744787,8495159,44.0476760864258
5416,684.11418486973,2500,662.651206790731,8497659,44.0476760864258
5417,448.325337374435,2500,612.78737656768,8500159,44.0476760864258
5418,702.312755410743,2500,630.147763439745,8502659,44.0476760864258
5419,598.04585487038,2500,638.648731889164,8505159,44.0476760864258
5420,745.578341061565,2500,617.582118084627,8507659,44.0476760864258
5421,777.878862534548,2500,684.757738986578,8510159,44.0476760864258
5422,737.505414063993,2500,696.282013477039,8512659,44.0476760864258
5423,61.4703978426226,190,617.581746999562,8512849,44.0476760864258
5424,650.588076152205,2500,623.335696047337,8515349,44.0476760864258
5425,659.901693173068,2500,606.572091735329,8517849,44.0476760864258
5426,789.648538635222,2500,617.125527111878,8520349,44.0476760864258
5427,987.887091668814,2500,671.081702541316,8522849,44.0476760864258
5428,873.003064837424,2500,688.150733483984,8525349,44.0476760864258
5429,721.836354724134,2500,700.52978346936,8527849,44.0476760864258
5430,755.154704004579,2500,701.487419763661,8530349,44.0476760864258
5431,649.990146482645,2500,688.698548158471,8532849,44.0476760864258
5432,599.529959265914,2500,674.901002678663,8535349,44.0476760864258
5433,262.752530865312,539,695.029215980932,8535888,44.0476760864258
5434,367.367040779027,782,666.707112443614,8536670,44.0476760864258
5435,726.577311858566,2500,673.374674312164,8539170,49.746898651123
5436,198.844811864233,564,614.294301635065,8539734,49.746898651123
5437,478.216068561281,1242,563.327199324311,8540976,49.746898651123
5438,680.413977325318,1836,544.068290573101,8542812,49.746898651123
5439,740.514748761385,2500,545.936129976826,8545312,49.746898651123
5440,771.927352064481,1996,547.613394782816,8547308,49.746898651123
5441,112.270527828242,242,493.841432917376,8547550,49.746898651123
5442,169.938962289735,405,450.882333219758,8547955,49.746898651123
5443,329.187045451901,929,457.525784678417,8548884,49.746898651123
5444,713.65294959481,2500,492.154375559995,8551384,49.746898651123
5445,460.734690228596,2137,465.570113396998,8553521,49.746898651123
5446,267.228504829147,638,472.40848269349,8554159,49.746898651123
5447,697.304283934686,1514,494.31730423083,8555673,49.746898651123
5448,410.261328438294,1067,467.302039342128,8556740,49.746898651123
5449,115.144744409877,261,404.765038906977,8557001,49.746898651123
5450,451.426382361608,1300,372.714941936689,8558301,49.746898651123
5451,461.789280772872,2500,407.666817231152,8560801,49.746898651123
5452,58.8560122608208,170,396.558522228261,8560971,49.746898651123
5453,436.657516778248,1367,407.305569360896,8562338,49.746898651123
5454,514.021874979662,1651,387.342461899381,8563989,49.746898651123
5455,777.078580010765,2500,418.976850877598,8566489,49.746898651123
5456,512.144090033659,1809,443.468409398049,8568298,49.746898651123
5457,205.459595835986,926,394.283940588179,8569224,49.746898651123
5458,91.8230807030038,191,362.44011581465,8569415,49.746898651123
5459,327.518059891116,1249,383.677447362774,8570664,46.8422737121582
5460,131.523679528364,735,351.68717707945,8571399,46.8422737121582
5461,139.452677978211,298,319.453516799984,8571697,46.8422737121582
5462,261.287669312032,824,339.696682505105,8572521,46.8422737121582
5463,122.570242442626,389,308.287955071542,8572910,46.8422737121582
5464,282.821805889217,862,285.167948162498,8573772,46.8422737121582
5465,384.753827273557,826,245.935472888777,8574598,46.8422737121582
5466,471.521595750834,2380,241.873223460495,8576978,46.8422737121582
5467,175.436786525388,504,238.870942529435,8577482,46.8422737121582
5468,449.175351168508,1123,274.606169575985,8578605,46.8422737121582
5469,228.530762007725,919,264.707439787646,8579524,46.8422737121582
5470,374.141357154202,1084,288.96920755023,8580608,46.8422737121582
5471,273.324093542571,640,302.356349106666,8581248,46.8422737121582
5472,229.423283622957,989,299.169910537759,8582237,46.8422737121582
5473,195.666187686633,662,306.479505062159,8582899,46.8422737121582
5474,244.443842560747,677,302.641708729312,8583576,46.8422737121582
5475,466.168691359403,1399,310.783195137897,8584975,46.8422737121582
5476,553.694771706946,1706,319.000512733508,8586681,46.8422737121582
5477,210.346054631795,566,322.491439544149,8587247,46.8422737121582
5478,303.036521009909,867,307.877556528289,8588114,46.8422737121582
5479,778.946648683104,2500,362.919145195827,8590614,46.2023048400879
5480,650.98559446001,2500,390.603568926408,8593114,46.2023048400879
5481,694.264500420747,2500,432.697609614225,8595614,46.2023048400879
5482,831.947163824203,2500,492.94999763435,8598114,46.2023048400879
5483,482.481112095866,2500,521.631490075273,8600614,46.2023048400879
5484,675.1220296538,2500,564.699308784578,8603114,46.2023048400879
5485,709.352065794081,2500,589.017646228046,8605614,46.2023048400879
5486,537.895029068091,2500,587.437671964161,8608114,46.2023048400879
5487,982.969506672839,2500,664.700017168265,8610614,46.2023048400879
5488,1029.62282796134,2500,737.358647863408,8613114,46.2023048400879
5489,833.332579669215,2500,742.797240962019,8615614,46.2023048400879
5490,875.866335188904,2500,765.285315034908,8618114,46.2023048400879
5491,811.016496878209,2500,776.960514680654,8620614,46.2023048400879
5492,992.142909308082,2500,792.980089229043,8623114,46.2023048400879
5493,897.392642199325,2500,834.471242239388,8625614,46.2023048400879
5494,682.313686331849,2500,835.190407907193,8628114,46.2023048400879
5495,681.960354664259,2500,832.451236794211,8630614,46.2023048400879
5496,923.861595146066,2500,871.047893402009,8633114,46.2023048400879
5497,911.480521958033,2500,863.898994930528,8635614,46.2023048400879
5498,591.071326815427,2500,820.043844815937,8638114,46.2023048400879
5499,709.805358223729,2500,807.691122671388,8640614,46.2023048400879
5500,888.250672676576,2500,808.929556420156,8643114,46.2023048400879
5501,472.674180950358,2500,775.095324827371,8645614,46.2023048400879
5502,1040.09212102937,2500,779.8902459995,8648114,46.2023048400879
5503,67.6995852444705,149,696.920940304014,8648263,46.2023048400879
5504,209.900978846386,580,649.679669555468,8648843,46.2023048400879
5505,636.299747253926,1982,645.113608814435,8650825,47.9772682189941
5506,331.839814073194,1059,585.911430707147,8651884,47.9772682189941
5507,170.361232505143,805,511.799501761858,8652689,47.9772682189941
5508,863.751495260102,2500,539.067518606326,8655189,47.9772682189941
5509,574.073762549792,1782,525.494359038932,8656971,47.9772682189941
5510,38.3635223815686,176,440.505644009431,8657147,47.9772682189941
5511,661.231468162385,2500,459.361372730634,8659647,47.9772682189941
5512,491.548810759672,1349,404.507041703664,8660996,47.9772682189941
5513,519.088214373063,2316,449.645904616523,8663312,47.9772682189941
5514,300.383076296974,780,458.694114361582,8664092,47.9772682189941
5515,331.973490679232,1307,428.261488704113,8665399,47.9772682189941
5516,348.226722171792,1039,429.900179513972,8666438,47.9772682189941
5517,578.200999784195,1712,470.684156241878,8668150,47.9772682189941
5518,481.590417290624,1627,432.46804844493,8669777,47.9772682189941
5519,610.468379400326,2201,436.107510129983,8671978,47.9772682189941
5520,519.073712331116,1494,484.178529124938,8673472,47.9772682189941
5521,1009.57438176978,2500,519.012820485677,8675972,47.9772682189941
5522,669.202118441491,2030,536.778151253859,8678002,47.9772682189941
5523,161.382877960456,261,501.007617612598,8678263,47.9772682189941
5524,41.4142104244866,137,475.110731025349,8678400,47.9772682189941
5525,612.359320167499,2500,503.149313974176,8680900,46.082202911377
5526,407.664226917245,2500,509.093064448721,8683400,46.082202911377
5527,526.973683252334,1953,503.970332795535,8685353,46.082202911377
5528,413.010411564577,1279,497.112332222931,8686632,46.082202911377
5529,486.50730195976,1584,484.716224478874,8688216,46.082202911377
5530,504.921908255872,2472,483.30104407135,8690688,46.082202911377
5531,795.505511277737,2500,461.894157022146,8693188,46.082202911377
5532,609.822908578151,1348,455.956236035812,8694536,46.082202911377
5533,371.525689706974,1079,476.970517210464,8695615,46.082202911377
5534,529.284628078328,2500,525.757558975848,8698115,46.082202911377
5535,403.800090550195,1797,504.901636014117,8699912,46.082202911377
5536,413.733700647023,1849,505.508583387095,8701761,46.082202911377
5537,635.91694839288,2492,516.40290990115,8704253,46.082202911377
5538,513.591663769711,2500,526.461035121663,8706753,46.082202911377
5539,327.395741430908,808,510.549879068778,8707561,46.082202911377
5540,621.78753641111,1835,522.236441884302,8709396,46.082202911377
5541,832.1637393593,2500,525.902264692458,8711896,46.082202911377
5542,419.614427362976,1238,506.881416570941,8713134,46.082202911377
5543,635.740498749234,2500,533.302897475167,8715634,46.082202911377
5544,212.671278108795,701,501.641562478213,8716335,46.082202911377
5545,561.819848224033,1491,517.443538245597,8717826,46.082202911377
5546,581.816060694183,1601,534.251774250313,8719427,46.082202911377
5547,85.5097517324884,215,479.211054584274,8719642,46.082202911377
5548,788.169423055713,2229,506.668830512874,8721871,46.082202911377
5549,302.9629672583,1003,504.225553095613,8722874,46.082202911377
5550,92.8366955198905,180,451.330469006491,8723054,46.082202911377
5551,36.6803252834033,113,371.782127598902,8723167,45.722957611084
5552,256.080445666863,746,355.42872942929,8723913,45.722957611084
5553,143.570119401919,366,306.211691494559,8724279,45.722957611084
5554,181.133311189818,514,303.057894802661,8724793,45.722957611084
5555,255.332898503481,499,272.409199830606,8725292,45.722957611084
5556,186.45060800511,422,232.872654561699,8725714,45.722957611084
5557,285.727729321902,520,252.89445232064,8726234,45.722957611084
5558,136.856293761953,355,187.763139391264,8726589,45.722957611084
5559,248.625938884673,846,182.329436553901,8727435,45.722957611084
5560,117.806276888057,458,184.826394690718,8727893,45.722957611084
5561,231.471758679995,651,204.305538030377,8728544,45.722957611084
5562,244.642491157557,834,203.161742579446,8729378,45.722957611084
5563,78.545519190253,190,196.65928255828,8729568,45.722957611084
5564,141.685275643286,281,192.714479003627,8729849,45.722957611084
5565,173.96720447937,484,184.577909601215,8730333,45.722957611084
5566,269.327141356948,701,192.865562936399,8731034,45.722957611084
5567,217.83889267554,584,186.076679271763,8731618,45.722957611084
5568,451.073009583758,1113,217.498350853943,8732731,45.722957611084
5569,857.120655202555,2491,278.347822485732,8735222,49.3630638122559
5570,939.729514879685,2500,360.540146284894,8737722,49.3630638122559
5571,1090.08184735858,2500,446.401155152753,8740222,49.3630638122559
5572,1001.07031490442,2500,522.043937527439,8742722,49.3630638122559
5573,890.412704128012,2500,603.230656021215,8745222,49.3630638122559
5574,444.946431731196,1227,633.556771630006,8746449,49.3630638122559
5575,873.26055033103,2500,703.486106215172,8748949,49.3630638122559
5576,331.302285378069,994,709.683620617284,8749943,49.3630638122559
5577,672.69835694248,2167,755.169567043978,8752110,49.3630638122559
5578,910.336629021107,2500,801.095928987713,8754610,49.3630638122559
5579,492.924918022385,1676,764.676355269696,8756286,49.3630638122559
5580,304.254127462416,1778,701.128816527969,8758064,49.3630638122559
5581,793.33435469862,2500,671.454067261973,8760564,49.3630638122559
5582,965.565155628539,2500,667.903551334385,8763064,49.3630638122559
5583,983.646881963477,2500,677.226969117932,8765564,49.3630638122559
5584,1006.47498668702,2500,733.379824613514,8768064,49.3630638122559
5585,923.227636089349,2500,738.376533189346,8770564,49.3630638122559
5586,607.068078301943,1442,765.953112481733,8772006,49.3630638122559
5587,915.050701119086,2500,790.188346899394,8774506,49.3630638122559
5588,944.393158827655,2500,793.593999880049,8777006,49.3630638122559
5589,870.500592972958,2500,831.351567375106,8779506,49.3630638122559
5590,446.94514182899,1641,845.620668811763,8781147,49.3630638122559
5591,662.667135651361,2500,832.553946907037,8783647,49.3630638122559
5592,670.082685925316,2500,803.005699936715,8786147,49.3630638122559
5593,286.457530187823,895,733.28676475915,8787042,49.3630638122559
5594,1124.84894924699,2500,745.124161015148,8789542,49.3630638122559
5595,590.238514654034,2500,711.825248871616,8792042,44.2804565429688
5596,964.443625757472,2500,747.562803617169,8794542,44.2804565429688
5597,503.7223807943,1498,706.42997158469,8796040,44.2804565429688
5598,707.147958136388,2228,682.705451515564,8798268,44.2804565429688
5599,837.248819463976,2500,679.380274164665,8800768,44.2804565429688
5600,563.843995569748,1857,691.070159538741,8802625,44.2804565429688
5601,897.889998615557,2500,714.592445835161,8805125,44.2804565429688
5602,550.367658306105,2104,702.62094307324,8807229,44.2804565429688
5603,1007.20867874911,2500,774.696057929368,8809729,44.2804565429688
5604,809.413517996787,2097,743.152514804348,8811826,44.2804565429688
5605,1027.1951315965,2500,786.848176498594,8814326,44.2804565429688
5606,47.8186152783391,192,695.185675450681,8814518,44.2804565429688
5607,951.549660168837,2500,739.968403388135,8817018,44.2804565429688
5608,907.252978470224,2500,759.978905421518,8819518,44.2804565429688
5609,565.362191130522,2500,732.790242588173,8822018,44.2804565429688
5610,882.642410598917,2500,764.67008409109,8824518,44.2804565429688
5611,903.105883131042,2500,765.191672542638,8827018,44.2804565429688
5612,906.667504392751,2500,800.821657151303,8829518,44.2804565429688
5613,816.656185947463,2500,781.766407871138,8832018,46.646671295166
5614,590.282434663203,2500,759.853299537779,8834518,46.646671295166
5615,1114.41636796264,2500,768.575423174393,8837018,46.646671295166
5616,810.427154215443,2500,844.836277068104,8839518,46.646671295166
5617,949.401491394222,2500,844.621460190642,8842018,46.646671295166
5618,773.272197010591,2500,831.223382044679,8844518,46.646671295166
5619,901.56889701464,2500,864.844052633091,8847018,46.646671295166
5620,1060.38363941494,2500,882.618175514693,8849518,46.646671295166
5621,916.701914189255,2500,883.977778620514,8852018,46.646671295166
5622,876.054488899137,2500,880.916477071153,8854518,46.646671295166
5623,677.380845683894,2500,866.988943044796,8857018,46.646671295166
5624,922.220275766616,2500,900.182727155137,8859518,46.646671295166
5625,876.43509340015,2500,876.384599698888,8862018,46.646671295166
5626,815.782281287889,2500,876.920112406133,8864518,46.646671295166
5627,771.21598717646,2500,859.101561984357,8867018,46.646671295166
5628,750.087726795434,2500,856.783114962841,8869518,46.646671295166
5629,859.217311278753,2500,852.547956389252,8872018,46.646671295166
5630,695.534636717071,2500,816.063056119466,8874518,46.646671295166
5631,835.108358480716,2500,807.903700548612,8877018,46.646671295166
5632,739.51047355995,2500,794.249299014693,8879518,46.646671295166
5633,1038.12708722678,2500,830.323923168982,8882018,46.646671295166
5634,1241.07463974095,2500,862.209359566415,8884518,46.646671295166
5635,530.771334255534,2500,827.642983651953,8887018,46.646671295166
5636,739.18281950465,2500,819.983037473629,8889518,46.646671295166
5637,880.558816335715,2500,830.917320389555,8892018,46.646671295166
5638,703.173574616315,2500,826.225905171643,8894518,46.646671295166
5639,813.513583455864,2500,821.655532389354,8897018,42.7476387023926
5640,672.915855189963,2500,819.393654236643,8899518,42.7476387023926
5641,766.730140029344,2500,812.555832391506,8902018,42.7476387023926
5642,838.995200301163,2500,822.504305065627,8904518,42.7476387023926
5643,1097.22680992941,2500,828.41427733589,8907018,42.7476387023926
5644,471.457261875414,2103,751.452539549337,8909121,42.7476387023926
5645,701.217932671735,2500,768.497199390957,8911621,42.7476387023926
5646,719.17263458383,2500,766.496180898875,8914121,42.7476387023926
5647,906.851417866509,2500,769.125441051954,8916621,42.7476387023926
5648,645.561421376598,2500,763.364225727983,8919121,42.7476387023926
5649,607.042787880782,2500,742.717146170475,8921621,42.7476387023926
5650,909.566567403509,2500,766.382217391829,8924121,42.7476387023926
5651,1207.86037290195,2500,810.495240679089,8926621,42.7476387023926
5652,569.233020442037,2500,783.519022693177,8929121,42.7476387023926
5653,618.619147942808,2500,735.658256494517,8931621,42.7476387023926
5654,585.964078289022,2500,747.108938135878,8934121,42.7476387023926
5655,1024.28220054694,2500,779.415364923398,8936621,42.7476387023926
5656,837.411855260902,2500,791.239286991105,8939121,42.7476387023926
5657,617.494645561104,2500,762.303609760565,8941621,44.8287086486816
5658,668.917850276415,2500,764.639252650546,8944121,44.8287086486816
5659,827.340778542183,2500,786.669051716686,8946621,44.8287086486816
5660,624.789871351609,2051,758.191382111496,8948672,44.8287086486816
5661,578.223586582534,2500,695.227703479555,8951172,44.8287086486816
5662,601.662534868159,2500,698.470654922167,8953672,44.8287086486816
5663,712.030282739145,2500,707.811768401801,8956172,44.8287086486816
5664,674.63011933365,2500,716.678372506264,8958672,44.8287086486816
5665,402.440399681272,2385,654.494192419697,8961057,44.8287086486816
5666,632.175221267543,2500,633.970529020362,8963557,44.8287086486816
5667,809.734429879694,2500,653.19450745222,8966057,44.8287086486816
5668,673.133138278474,2199,653.616036252426,8968256,44.8287086486816
5669,314.579201972685,997,602.339878595477,8969253,44.8287086486816
5670,869.084860645211,2500,626.769377524837,8971753,44.8287086486816
5671,647.646147625961,2500,633.711633629179,8974253,44.8287086486816
5672,540.985349705719,2500,627.643915112935,8976753,44.8287086486816
5673,794.015644638627,2500,635.842451302884,8979253,44.8287086486816
5674,591.75130382161,2500,627.55456975168,8981753,44.8287086486816
5675,621.820159393527,1985,649.492545722905,8983738,44.8287086486816
5676,868.098331907847,2500,673.084856786935,8986238,44.8287086486816
5677,639.894549280246,2500,656.100868726991,8988738,44.8287086486816
5678,638.929723118879,2500,652.680527211031,8991238,44.8287086486816
5679,506.457888176459,2203,671.868395831408,8993441,44.8287086486816
5680,646.264879944405,2500,649.586397761328,8995941,44.8287086486816
5681,505.551800911166,2500,635.376963089848,8998441,44.8287086486816
5682,836.76736527174,2500,664.95516464645,9000941,44.8287086486816
5683,645.77473009867,2500,650.131073192455,9003441,44.7826194763184
5684,835.010523840605,2500,674.456995194354,9005941,44.7826194763184
5685,772.902575077807,2500,689.565236762782,9008441,44.7826194763184
5686,579.11855555743,2500,660.667259127741,9010941,44.7826194763184
5687,638.581647785048,2500,660.535968978221,9013441,44.7826194763184
5688,842.345578360146,2500,680.877554502347,9015941,44.7826194763184
5689,443.647026683058,2500,674.596468353007,9018441,44.7826194763184
5690,539.719261889083,2500,663.941906547475,9020941,44.7826194763184
5691,590.307434004125,2500,672.417469856771,9023441,44.7826194763184
5692,639.011520587094,2500,652.641885388307,9025941,44.7826194763184
5693,747.668044863943,2500,662.831216864834,9028441,44.7826194763184
5694,767.251895516733,2500,656.055354032447,9030941,44.7826194763184
5695,630.633816819115,2500,641.828478206578,9033441,44.7826194763184
5696,615.091487780693,2500,645.425771428904,9035941,44.7826194763184
5697,928.08646238248,2500,674.376252888647,9038441,44.7826194763184
5698,676.525351569137,2500,657.794230209546,9040941,44.7826194763184
5699,828.762529996585,2500,696.305780540899,9043441,44.7826194763184
5700,696.738552703476,2500,712.007709622338,9045941,44.7826194763184
5701,783.83603998537,2500,731.360570220462,9048441,43.7628135681152
5702,518.073673482714,2500,719.266785510025,9050941,43.7628135681152
5703,612.642413565766,2500,705.764222380207,9053441,43.7628135681152
5704,910.009614085678,2500,720.039994237101,9055941,43.7628135681152
5705,786.815189978037,2500,735.658131552993,9058441,43.7628135681152
5706,938.827722693173,2500,768.031755044242,9060941,43.7628135681152
5707,825.886886284044,2500,757.811797434398,9063441,43.7628135681152
5708,668.7570902396,2500,757.034971301444,9065941,43.7628135681152
5709,458.716484345093,2500,720.030366736295,9068441,43.7628135681152
5710,919.907281070639,2500,742.347239573011,9070941,43.7628135681152
5711,618.566059193232,2500,725.820241493798,9073441,43.7628135681152
5712,745.639719573121,2500,748.576846102838,9075941,43.7628135681152
5713,744.554049282231,2500,761.768009674485,9078441,43.7628135681152
5714,857.704700089656,2500,756.537518274882,9080941,43.7628135681152
5715,844.054848425651,2500,762.261484119644,9083441,43.7628135681152
5716,584.265960300752,2500,726.805307880402,9085941,43.7628135681152
5717,141.377623038117,505,658.354381555809,9086446,43.7628135681152
5718,640.756029988841,2500,655.554275530733,9088946,43.7628135681152
5719,1019.79521392068,2500,711.662148488292,9091446,43.7628135681152
5720,818.219602676785,2500,701.493380648907,9093946,43.7628135681152
5721,814.006676196132,2500,721.037442349197,9096446,43.7628135681152
5722,714.564775259831,2500,717.929947917868,9098946,43.7628135681152
5723,210.526685767321,469,664.527211566377,9099415,43.7628135681152
5724,772.179932427535,2500,655.974734800165,9101915,43.7628135681152
5725,838.493981948972,2500,655.418648152497,9104415,43.7628135681152
5726,841.716315881985,2500,681.16368371062,9106915,43.7628135681152
5727,204.299362907336,814,687.455857697542,9107729,43.7628135681152
5728,345.057482815531,808,657.886002980211,9108537,43.7628135681152
5729,473.698250316701,1416,603.276306619813,9109953,50.7534065246582
5730,510.709225242255,2153,572.52526887636,9112106,50.7534065246582
5731,49.4167271074667,145,496.066273967493,9112251,50.7534065246582
5732,66.0397844200446,176,431.213774883515,9112427,50.7534065246582
5733,649.896013583625,1712,475.150707665145,9114139,50.7534065246582
5734,272.916428780654,702,425.224357300457,9114841,50.7534065246582
5735,349.091517511357,1037,376.284110856696,9115878,50.7534065246582
5736,382.587603611006,839,330.371239629598,9116717,50.7534065246582
5737,753.103460700127,2029,385.251649408877,9118746,50.7534065246582
5738,178.221082997404,536,368.568009427064,9119282,50.7534065246582
5739,164.094725385652,482,337.607656933959,9119764,50.7534065246582
5740,306.447198170502,740,317.181454226784,9120504,50.7534065246582
5741,104.871669836584,303,322.726948499696,9120807,50.7534065246582
5742,254.94517186715,587,341.617487244406,9121394,50.7534065246582
5743,294.880236866924,750,306.115909572736,9122144,50.7534065246582
5744,181.942277813205,272,297.018494475991,9122416,50.7534065246582
5745,292.011433673432,738,291.310486092199,9123154,50.7534065246582
5746,186.908868800798,1234,271.742612611178,9124388,49.7294120788574
5747,227.442375014407,676,219.176504042606,9125064,49.7294120788574
5748,348.069869554701,1065,236.161382698336,9126129,49.7294120788574
5749,372.819204348731,1314,257.033830594644,9127443,49.7294120788574
5750,221.823571935841,1010,248.571467971177,9128453,49.7294120788574
5751,385.805434080418,1041,276.664844395561,9129494,49.7294120788574
5752,35.6065476430225,140,254.730981973148,9129634,49.7294120788574
5753,282.24021189149,904,253.466979475605,9130538,49.7294120788574
5754,371.621109080118,1335,272.434862602296,9131873,49.7294120788574
5755,193.641341837994,658,262.597853418752,9132531,49.7294120788574
5756,471.249668838374,1317,291.03193342251,9133848,49.7294120788574
5757,222.138031194285,800,290.501499040497,9134648,49.7294120788574
5758,323.612986215707,1129,288.055810706598,9135777,49.7294120788574
5759,175.186700960983,653,268.292560367823,9136430,49.7294120788574
5760,294.941169204673,728,275.604320094706,9137158,49.7294120788574
5761,282.961778482131,835,265.319954534877,9137993,49.7294120788574
5762,360.090408855851,1024,297.76834065616,9139017,49.7294120788574
5763,235.583855507962,584,293.102705017808,9139601,49.7294120788574
5764,681.212290230385,1880,324.061823132834,9141481,49.7294120788574
5765,80.0287570451751,163,312.700564653552,9141644,49.7294120788574
5766,208.874557998461,686,286.463053569561,9142330,49.7294120788574
5767,450.972312917863,1149,309.346481741919,9143479,49.7294120788574
5768,265.191696419527,721,303.504352762301,9144200,49.7294120788574
5769,191.019522277293,516,305.087634893932,9144716,49.7294120788574
5770,210.327090091888,542,296.626226982654,9145258,49.7294120788574
5771,338.292431325726,1028,302.159292267013,9146286,49.7294120788574
5772,252.054792854559,735,291.355730666884,9147021,49.7294120788574
5773,315.928386087185,773,299.390183724806,9147794,49.5660209655762
5774,191.29210197268,645,250.398164899036,9148439,49.5660209655762
5775,435.527864508471,1430,285.948075645365,9149869,49.5660209655762
5776,235.244728853557,675,288.585092730875,9150544,49.5660209655762
5777,316.101508155051,737,275.098012254594,9151281,49.5660209655762
5778,357.203646483539,919,284.299207260995,9152200,49.5660209655762
5779,117.535394974031,350,276.950794530669,9152550,49.5660209655762
5780,126.781577569664,353,268.596243278446,9152903,49.5660209655762
5781,295.360321509994,754,264.303032296873,9153657,49.5660209655762
5782,162.208539144827,492,255.3184069259,9154149,49.5660209655762
5783,395.13141001958,1080,263.238709319139,9155229,49.5660209655762
5784,138.653854230292,360,257.9748845449,9155589,49.5660209655762
5785,207.208724871053,625,235.142970581159,9156214,49.5660209655762
5786,162.872623008987,499,227.905759996702,9156713,49.5660209655762
5787,29.9071016635754,100,199.286319347554,9156813,49.5660209655762
5788,51.0507402575979,154,168.67102872496,9156967,49.5660209655762
5789,136.099232923615,455,170.527412519918,9157422,49.5660209655762
5790,56.3698120236606,143,163.486235965318,9157565,49.5660209655762
5791,655.898394403116,2500,199.54004325463,9160065,44.6450080871582
5792,683.489507669155,2500,251.668140107063,9162565,44.6450080871582
5793,652.76713046695,2500,277.4317121518,9165065,44.6450080871582
5794,876.992104547871,2500,351.265537183558,9167565,44.6450080871582
5795,608.742959878943,2500,391.418960684347,9170065,44.6450080871582
5796,683.371023633315,2500,443.46880074678,9172565,44.6450080871582
5797,639.332439896864,2500,504.411334570109,9175065,44.6450080871582
5798,593.705458857227,2500,558.676806430072,9177565,44.6450080871582
5799,768.219131625758,2500,621.888796300286,9180065,44.6450080871582
5800,612.287354025214,2500,677.480550500441,9182565,44.6450080871582
5801,702.897614755361,2500,682.180472535666,9185065,44.6450080871582
5802,675.784810932292,2500,681.410002861979,9187565,44.6450080871582
5803,742.068772962334,2500,690.340167111518,9190065,44.6450080871582
5804,713.174639256789,2500,673.95842058241,9192565,44.6450080871582
5805,889.007988737299,2500,701.984923468245,9195065,44.6450080871582
5806,717.699767996915,2500,705.417797904605,9197565,44.6450080871582
5807,705.393140559389,2500,712.023867970858,9200065,44.6450080871582
5808,222.135744840046,705,674.86689656914,9200770,44.6450080871582
5809,832.447866361457,2500,681.28977004271,9203270,44.6450080871582
5810,717.905820016777,2500,691.851616641866,9205770,44.6450080871582
5811,498.31888777929,2500,671.393743944259,9208270,44.6450080871582
5812,683.613964375131,2500,672.176659288543,9210770,44.6450080871582
5813,660.799791926994,2500,664.049761185008,9213270,44.6450080871582
5814,303.097873866995,1170,623.042084646029,9214440,44.6450080871582
5815,702.014269115536,2500,604.342712683853,9216940,44.6450080871582
5816,600.352421512498,2500,592.607978035411,9219440,44.6450080871582
5817,440.184971589259,1219,566.087161138398,9220659,46.9347915649414
5818,563.257111950175,2500,600.199297849411,9223159,46.9347915649414
5819,639.071045459711,2500,580.861615759237,9225659,46.9347915649414
5820,1026.79145962852,2500,611.750179720411,9228159,46.9347915649414
5821,1062.76752283229,2500,668.195043225712,9230659,46.9347915649414
5822,794.73090747841,2500,679.306737536039,9233159,46.9347915649414
5823,810.667750426186,2500,694.293533385959,9235659,46.9347915649414
5824,499.512274796755,1901,713.934973478935,9237560,46.9347915649414
5825,597.753090434568,2500,703.508855610838,9240060,46.9347915649414
5826,615.278870466293,2500,705.001500506217,9242560,46.9347915649414
5827,690.587482244836,2500,730.041751571775,9245060,46.9347915649414
5828,172.830062642439,532,690.999046641001,9245592,46.9347915649414
5829,805.278488661935,2500,707.619790961224,9248092,46.9347915649414
5830,711.603461540289,2500,676.1009911524,9250592,46.9347915649414
5831,608.81065473793,2500,630.705304342964,9253092,46.9347915649414
5832,540.245123658155,2500,605.256725960938,9255592,46.9347915649414
5833,733.379385862023,2500,597.527889504522,9258092,46.9347915649414
5834,31.6496195774608,120,550.741623982593,9258212,46.9347915649414
5835,172.196181026439,413,508.18593304178,9258625,46.9347915649414
5836,143.646951145136,372,461.022741109664,9258997,46.9347915649414
5837,182.662848150717,406,410.230277700252,9259403,46.9347915649414
5838,116.714145527273,334,404.618685988736,9259737,46.9347915649414
5839,131.917950460417,359,337.282632168584,9260096,46.9347915649414
5840,21.4163629819514,103,268.26392231275,9260199,46.9347915649414
5841,125.507853287341,354,219.933642167691,9260553,46.9347915649414
5842,177.300651482354,409,183.639194950111,9260962,46.9347915649414
5843,31.6005894448926,118,113.461315308398,9261080,46.9347915649414
5844,283.415117051842,714,138.637865055836,9261794,46.9347915649414
5845,125.708423148512,308,133.989089268044,9262102,46.9347915649414
5846,40.4254001081997,159,123.66693416435,9262261,46.9347915649414
5847,82.45636333546,279,113.646285682824,9262540,46.9347915649414
5848,116.506300436019,209,113.625501173699,9262749,46.2688140869141
5849,122.217499710946,304,112.655456098752,9263053,46.2688140869141
5850,216.360757782939,647,132.14989557885,9263700,46.2688140869141
5851,130.618700281031,364,132.660980278219,9264064,46.2688140869141
5852,241.869102521619,475,139.117825382146,9264539,46.2688140869141
5853,94.351077444954,234,145.392874182152,9264773,46.2688140869141
5854,284.132987730014,719,145.464661249969,9265492,46.2688140869141
5855,347.039414660468,579,167.597760401165,9266071,46.2688140869141
5856,107.892374765878,244,174.344457866933,9266315,46.2688140869141
5857,108.174792748646,345,176.916300808251,9266660,46.2688140869141
5858,60.9135580018328,143,171.357026564833,9266803,46.2688140869141
5859,117.372060299662,357,170.872482623704,9267160,46.2688140869141
5860,100.929001360133,241,159.329306981424,9267401,46.2688140869141
5861,233.343522477922,780,169.601789201113,9268181,46.2688140869141
5862,128.343965162741,339,158.249275465225,9268520,46.2688140869141
5863,302.053394117534,776,179.019507132483,9269296,46.2688140869141
5864,349.226416776805,953,185.528850037162,9270249,46.2688140869141
5865,54.5859208205594,176,156.283500653171,9270425,46.2688140869141
5866,317.762733955663,1130,177.27053657215,9271555,45.2448463439941
5867,559.561230462998,1467,222.409180343585,9273022,45.2448463439941
5868,260.186199091346,831,242.336444452536,9273853,45.2448463439941
5869,337.59957889882,1036,264.359196312452,9274889,45.2448463439941
5870,376.741582194798,1042,291.940454395919,9275931,45.2448463439941
5871,438.019427910347,1797,312.408044939161,9277728,45.2448463439941
5872,316.713647568811,786,331.245013179768,9278514,45.2448463439941
5873,353.610226792768,1016,336.400696447292,9279530,45.2448463439941
5874,207.395712659399,559,322.217626035551,9280089,45.2448463439941
5875,339.417435523463,974,350.700777505841,9281063,45.2448463439941
5876,351.424588280483,1442,354.066962938323,9282505,45.2448463439941
5877,295.546111668857,1008,327.665451058909,9283513,45.2448463439941
5878,605.30775852863,1795,362.177607002638,9285308,45.2448463439941
5879,30.6560041479859,113,331.483249527554,9285421,45.2448463439941
5880,92.7413282323436,417,303.083224131309,9285838,45.2448463439941
5881,744.157666659961,1759,333.69704800627,9287597,45.2448463439941
5882,397.048763530125,1363,341.730559602401,9288960,45.2448463439941
5883,66.6389604729905,154,313.033432970424,9289114,45.2448463439941
5884,422.424415624942,1220,334.536303266978,9290334,45.2448463439941
5885,246.574557917365,723,325.252015506368,9291057,45.2448463439941
5886,209.335086215468,656,311.043065299867,9291713,45.2448463439941
5887,505.012578406118,1743,331.989711973593,9293456,45.2448463439941
5888,378.826391637026,1061,309.341575284432,9294517,45.2448463439941
5889,163.113555641985,506,322.587330433832,9295023,45.2448463439941
5890,399.452242473049,1072,353.258421857903,9296095,45.2448463439941
5891,330.788294881559,1022,311.921484680063,9297117,45.2448463439941
5892,74.6954456411696,498,279.686152891167,9297615,45.2448463439941
5893,205.419177686948,794,293.564174612563,9298409,45.2448463439941
5894,284.098299582352,736,279.731563008304,9299145,44.5972023010254
5895,282.372434673671,702,283.311350683935,9299847,44.5972023010254
5896,78.0010486597586,168,270.177946928364,9300015,44.5972023010254
5897,39.2437831831265,157,223.601067406064,9300172,44.5972023010254
5898,338.94415380831,790,219.612843623193,9300962,44.5972023010254
5899,554.707699091234,1498,258.772257968118,9302460,44.5972023010254
5900,446.143804747627,1512,263.441414195576,9303972,44.5972023010254
5901,646.066084542855,1927,294.969193161705,9305899,44.5972023010254
5902,167.057959169001,511,304.205444514488,9306410,44.5972023010254
5903,427.215346700469,1266,326.38506141584,9307676,44.5972023010254
5904,87.8863889370317,226,306.763870351308,9307902,44.5972023010254
5905,512.099926170508,1420,329.736619500992,9309322,44.5972023010254
5906,317.713999369976,997,353.707914572014,9310319,44.5972023010254
5907,278.449426379712,1006,377.628478891672,9311325,44.5972023010254
5908,413.449644861228,862,385.079027996964,9312187,44.5972023010254
5909,238.637073385203,605,353.471965426361,9312792,44.5972023010254
5910,120.769742082656,355,320.934559159864,9313147,44.5972023010254
5911,993.229999839165,2500,355.650950689495,9315647,48.8579292297363
5912,700.700267403169,2500,409.015181512912,9318147,48.8579292297363
5913,751.762642265191,2500,441.469911069384,9320647,48.8579292297363
5914,923.580261633331,2500,525.039298339014,9323147,48.8579292297363
5915,963.735385844443,2500,570.202844306408,9325647,48.8579292297363
5916,1127.57968385897,2500,651.189412755307,9328147,48.8579292297363
5917,975.508707750267,2500,720.895340892362,9330647,48.8579292297363
5918,565.909264486215,2500,736.141302854861,9333147,48.8579292297363
5919,844.253408470863,2500,796.702936363427,9335647,48.8579292297363
5920,876.336068532536,2500,872.259569008415,9338147,48.8579292297363
5921,976.120201747588,2500,870.548589199257,9340647,48.8579292297363
5922,461.162303208395,1678,846.59479277978,9342325,48.8579292297363
5923,841.072324532785,2500,855.525761006539,9344825,48.8579292297363
5924,1025.56565484671,2500,865.724300327877,9347325,48.8579292297363
5925,934.026255067358,2500,862.753387250168,9349825,48.8579292297363
5926,784.637349475929,2364,828.459153811864,9352189,48.8579292297363
5927,905.630812403359,2500,821.471364277174,9354689,48.8579292297363
5928,934.243542322509,2500,858.304792060803,9357189,48.8579292297363
5929,1012.06062798104,2500,875.085514011821,9359689,48.8579292297363
5930,912.103627047786,2500,878.662269863346,9362189,48.8579292297363
5931,778.91669585639,2500,858.941919274226,9364689,48.8579292297363
5932,992.202540842584,2500,912.045943037645,9367189,48.8579292297363
5933,852.206407798002,2500,913.159351364167,9369689,48.8579292297363
5934,820.526781550464,2500,892.655464034542,9372189,48.8579292297363
5935,1212.23655909076,2500,920.476494436883,9374689,48.8579292297363
5936,855.228966596985,2500,927.535656148988,9377189,48.8579292297363
5937,871.503834332214,2500,924.122958341874,9379689,48.8579292297363
5938,358.33329063346,1178,866.531933172969,9380867,48.8579292297363
5939,525.871818393797,1698,817.913052214244,9382565,46.010009765625
5940,512.103605649721,2128,777.913050074438,9384693,46.010009765625
5941,673.062216075815,2032,767.32760209638,9386725,46.010009765625
5942,572.097660497295,1861,725.317114061851,9388586,46.010009765625
5943,528.122306846593,1578,692.908703966711,9390164,46.010009765625
5944,26.2786665868718,109,613.483892470351,9390273,46.010009765625
5945,528.634325103516,1776,545.123669071627,9392049,46.010009765625
5946,358.992672947226,1267,495.500039706651,9393316,46.010009765625
5947,915.423655010064,2500,499.892021774436,9395816,46.010009765625
5948,846.736890111356,2463,548.732381722226,9398279,46.010009765625
5949,537.021601927855,1424,549.847360075631,9399703,46.010009765625
5950,326.924132561339,1097,531.329412766793,9400800,46.010009765625
5951,815.511547083455,2500,545.574345867557,9403300,46.010009765625
5952,160.798584330254,644,504.444438250853,9403944,46.010009765625
5953,191.502548171182,744,470.782462383312,9404688,46.010009765625
5954,905.121566676208,2500,558.666752392245,9407188,46.010009765625
5955,789.189683825677,2500,584.722288264462,9409688,47.6344718933105
5956,883.318493413716,2500,637.154870311111,9412188,47.6344718933105
5957,798.802426833867,2500,625.492747493491,9414688,47.6344718933105
5958,832.715775092856,2500,624.090635991641,9417188,47.6344718933105
5959,918.750672332515,2500,662.263543032107,9419688,47.6344718933105
5960,819.159034606684,2500,711.487033236641,9422188,47.6344718933105
5961,912.689501244492,2500,721.204828652745,9424688,47.6344718933105
5962,864.944364555007,2500,791.61940667522,9427188,47.6344718933105
5963,667.475002480112,2500,839.216652106113,9429688,47.6344718933105
5964,564.910036107385,2500,805.195499049231,9432188,47.6344718933105
5965,953.931375502217,2500,821.669668216885,9434688,47.6344718933105
5966,547.750595050619,2500,788.112878380575,9437188,47.6344718933105
5967,836.537465567982,2500,791.886382253987,9439688,47.6344718933105
5968,405.93996652243,2500,749.208801396944,9442188,47.6344718933105
5969,982.454200724565,2500,755.579154236149,9444688,47.6344718933105
5970,593.976710038719,2500,733.060921779353,9447188,47.6344718933105
5971,1180.91631500833,2489,759.883603155737,9449677,47.6344718933105
5972,857.42888187852,2500,759.132054888088,9452177,47.6344718933105
5973,1047.46569821942,2500,797.131124462019,9454677,47.6344718933105
5974,678.102136153152,2500,808.450334466596,9457177,47.6344718933105
5975,749.565437526806,2500,788.013740669054,9459677,47.6344718933105
5976,740.239986334762,2047,807.262679797469,9461724,47.6344718933105
5977,804.124542663559,2500,804.021387507026,9464224,47.6344718933105
5978,998.96991152257,2500,863.324382007041,9466724,47.6344718933105
5979,817.023539750529,2500,846.781315909637,9469224,47.6344718933105
5980,580.215455712498,2500,845.405190477015,9471724,47.6344718933105
5981,751.11530800546,2500,802.425089776728,9474224,47.6344718933105
5982,512.324737885231,1588,767.914675377399,9475812,47.6344718933105
5983,413.823291149699,1025,704.550434670427,9476837,47.6344718933105
5984,42.9829264198089,168,641.038513697092,9477005,46.6034393310547
5985,627.499105660674,1716,628.831880510479,9478721,46.6034393310547
5986,513.787912009614,976,606.186673077964,9479697,46.6034393310547
5987,259.33798525352,846,551.70801733696,9480543,46.6034393310547
5988,386.410791698355,843,490.452105354539,9481386,46.6034393310547
5989,166.768113353729,409,425.426562714859,9481795,46.6034393310547
5990,71.1934263989275,146,374.524359783502,9481941,46.6034393310547
5991,248.268033061044,684,324.23963228906,9482625,46.6034393310547
5992,211.808841900398,551,294.188042690577,9483176,46.6034393310547
5993,145.243020154557,276,267.330015591063,9483452,46.6034393310547
5994,196.068270567879,541,282.63855000587,9483993,46.6034393310547
5995,345.877305285745,825,254.476369968377,9484818,46.6034393310547
5996,77.7572560721749,221,210.873304374633,9485039,46.6034393310547
5997,114.347221183748,355,196.374227967656,9485394,46.6034393310547
5998,250.055042211212,721,182.738653018941,9486115,46.6034393310547
5999,58.0349704515629,148,171.865338728725,9486263,46.6034393310547
6000,149.369984669967,369,179.682994555829,9486632,46.6034393310547
6001,116.982112085277,254,166.554402458252,9486886,46.6034393310547
6002,17.9984006778923,114,147.173358336002,9487000,46.6034393310547
6003,49.123156979901,175,137.561372018536,9487175,46.6034393310547
6004,38.8716550779624,113,121.841710469544,9487288,46.6034393310547
6005,143.650711810057,363,101.619051121976,9487651,46.6034393310547
6006,70.2772908380784,200,100.871054598566,9487851,46.6034393310547
6007,251.535933947309,503,114.589925874922,9488354,46.6034393310547
6008,157.817483891188,379,105.36617004292,9488733,46.6034393310547
6009,15.8403130893699,88,101.1467043067,9488821,46.6034393310547
6010,44.3501276003752,124,90.6447185997411,9488945,46.6034393310547
6011,52.8504697635128,166,84.2315543675646,9489111,46.6034393310547
6012,114.734619060289,297,93.9051762058043,9489408,46.6034393310547
6013,207.75395020145,655,109.768255527959,9490063,46.6034393310547
6014,440.994728252447,1149,149.980562845408,9491212,43.909496307373
6015,32.1922097465474,131,138.834712639057,9491343,43.909496307373
6016,153.795053521969,382,147.186488907446,9491725,43.909496307373
6017,114.869087582307,334,133.519804270946,9492059,43.909496307373
6018,48.7565186172503,169,122.613707743552,9492228,43.909496307373
6019,89.4489677096308,301,129.974573205578,9492529,43.909496307373
6020,83.6139847598983,211,133.90095892153,9492740,43.909496307373
6021,186.231761280053,441,147.239088073184,9493181,43.909496307373
6022,145.539224409073,395,150.319548608062,9493576,43.909496307373
6023,68.6216050021656,167,136.406314088134,9493743,43.909496307373
6024,130.29011294833,480,105.335852557722,9494223,43.909496307373
6025,46.7392164300807,133,106.790553226076,9494356,43.909496307373
6026,160.460759866811,404,107.45712386056,9494760,43.909496307373
6027,111.722815914913,317,107.142496693821,9495077,43.909496307373
6028,129.581568808633,378,115.225001712959,9495455,43.909496307373
6029,212.216965482222,453,127.501801490218,9495908,43.909496307373
6030,506.469004467819,1692,169.78730346101,9497600,48.1069869995117
6031,887.398888347392,2500,239.904016167744,9500100,48.1069869995117
6032,646.742406348582,2500,290.024334361695,9502600,48.1069869995117
6033,692.395758214124,2020,352.401749682891,9504620,48.1069869995117
6034,882.67647544639,2500,427.640385932697,9507120,48.1069869995117
6035,935.785719717085,2500,516.545036261397,9509620,48.1069869995117
6036,735.564047639552,2500,574.055365038671,9512120,48.1069869995117
6037,652.484446166711,2500,628.131528063851,9514620,48.1069869995117
6038,415.638609095079,1179,656.737232092495,9515799,48.1069869995117
6039,434.836449434961,1041,678.999180487769,9516840,48.1069869995117
6040,767.518944365785,2500,705.104174477566,9519340,48.1069869995117
6041,592.083661052516,2500,675.572651748078,9521840,48.1069869995117
6042,703.624500641902,2500,681.26086117741,9524340,48.1069869995117
6043,728.690142474711,2500,684.890299603469,9526840,48.1069869995117
6044,747.7919007701,2500,671.40184213584,9529340,48.1069869995117
6045,531.987893580189,2500,631.02205952215,9531840,48.1069869995117
6046,772.329464787436,2500,634.698601236939,9534340,48.1069869995117
6047,621.176388537999,2500,631.567795474068,9536840,48.1069869995117
6048,766.285863900573,2500,666.632520954617,9539340,48.1069869995117
6049,760.677432235476,2500,699.216619234669,9541840,48.1069869995117
6050,639.127555330162,2201,686.377480331106,9544041,48.1069869995117
6051,696.98156839201,2500,696.867271065056,9546541,48.1069869995117
6052,680.499951788442,2500,694.55481617971,9549041,48.1069869995117
6053,686.163954908698,2500,690.302197423109,9551541,48.1069869995117
6054,664.79711556624,2500,682.002718902723,9554041,48.1069869995117
6055,915.69824860971,2500,720.373754405675,9556541,48.1069869995117
6056,794.978167003916,2500,722.638624627323,9559041,48.1069869995117
6057,554.370353949708,2500,715.958021168494,9561541,48.1069869995117
6058,752.659574451617,2500,714.595392223598,9564041,48.1682929992676
6059,846.024332264186,2500,723.130082226469,9566541,48.1682929992676
6060,839.353130423088,2500,743.152639735761,9569041,48.1682929992676
6061,347.394880459417,727,708.193970942502,9569768,48.1682929992676
6062,407.704659146352,2500,680.914441678293,9572268,48.1682929992676
6063,942.915566992154,2500,706.589602886639,9574768,48.1682929992676
6064,901.51898133246,2500,730.261789463261,9577268,48.1682929992676
6065,1028.12584899096,2500,741.504549501385,9579768,48.1682929992676
6066,820.549361382031,2500,744.061668939197,9582268,48.1682929992676
6067,696.72776125598,2500,758.297409669824,9584768,48.1682929992676
6068,837.680547298389,2500,766.799506954501,9587268,48.1682929992676
6069,879.103880954703,2500,770.107461823553,9589768,48.1682929992676
6070,207.396195897916,579,706.911768371036,9590347,48.1682929992676
6071,980.614455876967,2500,770.233725912791,9592847,48.1682929992676
6072,608.521042714679,2500,790.315364269624,9595347,48.1682929992676
6073,727.000760908232,2500,768.723883661232,9597847,48.1682929992676
6074,703.724219062532,2500,748.944407434239,9600347,43.7377014160156
6075,761.563704556292,2500,722.288192990772,9602847,43.7377014160156
6076,701.292243257542,2500,710.362481178323,9605347,43.7377014160156
6077,825.861357469549,2500,723.27584079968,9607847,43.7377014160156
6078,696.923514081142,2500,709.200137477955,9610347,43.7377014160156
6079,589.848270999134,2500,680.274576482398,9612847,43.7377014160156
6080,899.89395979274,2500,749.524352871881,9615347,43.7377014160156
6081,946.006337989846,2500,746.063541083169,9617847,43.7377014160156
6082,950.84702499808,2500,780.296139311509,9620347,43.7377014160156
6083,742.805898694563,2500,781.876653090142,9622847,43.7377014160156
6084,904.9410690555,2500,801.998338089439,9625347,43.7377014160156
6085,883.692538417888,2500,814.211221475598,9627847,43.7377014160156
6086,977.64480623844,2500,841.846477773688,9630347,43.7377014160156
6087,659.959245041234,2500,825.256266530857,9632847,43.7377014160156
6088,832.833165891652,2500,838.847231711908,9635347,43.7377014160156
6089,935.448133943615,2500,873.407218006356,9637847,43.7377014160156
6090,863.203794025683,2500,869.73820142965,9640347,43.7377014160156
6091,1020.23388958889,2500,877.160956589554,9642847,43.7377014160156
6092,464.923498381535,2500,828.5686039279,9645347,43.7377014160156
6093,694.255096895002,2500,823.713523747944,9647847,43.7377014160156
6094,835.422448995721,2500,816.761661741966,9650347,43.7377014160156
6095,850.982795754189,2500,813.490687475596,9652847,43.7377014160156
6096,924.464546851015,2500,808.172661536853,9655347,43.7377014160156
6097,1093.44654800865,2500,851.521391833595,9657847,43.7377014160156
6098,701.376124757494,2500,838.375687720179,9660347,43.7377014160156
6099,661.605692807587,2500,810.991443606576,9662847,43.7377014160156
6100,652.410152092315,2500,789.912079413239,9665347,43.7377014160156
6101,666.466727180971,2500,754.535363172448,9667847,43.7377014160156
6102,1007.77851568787,2500,808.820864903081,9670347,42.9929885864258
6103,637.719060544109,1453,803.167261267992,9671800,42.9929885864258
6104,157.15808622008,405,735.340824990427,9672205,42.9929885864258
6105,1001.74862667381,2500,750.41740808239,9674705,42.9929885864258
6106,625.867906261571,1795,720.557744023445,9676500,42.9929885864258
6107,923.255771202731,2500,703.538666342854,9679000,42.9929885864258
6108,798.629039412586,2114,713.263957808363,9681114,42.9929885864258
6109,245.480414261695,508,671.651429953774,9681622,42.9929885864258
6110,667.286909715122,1592,673.139105716054,9683214,42.9929885864258
6111,243.188198649455,489,630.811252862903,9683703,42.9929885864258
6112,101.988628003177,240,540.232264094434,9683943,42.9929885864258
6113,1142.26092769558,2500,590.68645080958,9686443,42.9929885864258
6114,101.872963796743,318,585.157938567247,9686761,42.9929885864258
6115,186.404024151321,454,503.623478314998,9687215,42.9929885864258
6116,89.0409606879466,226,449.940783757635,9687441,42.9929885864258
6117,1057.5054730579,2500,463.365753943152,9689941,42.9929885864258
6118,1160.2458404985,2500,499.527434051744,9692441,46.0217819213867
6119,1056.33114708039,2500,580.612507333613,9694941,46.0217819213867
6120,1001.73414755687,2500,614.057231117788,9697441,46.0217819213867
6121,1081.35605960554,2500,697.874017213397,9699941,46.0217819213867
6122,1117.07872122172,2500,799.383026535251,9702441,46.0217819213867
6123,1100.22203714019,2500,795.179137479713,9704941,46.0217819213867
6124,1198.80794278039,2500,904.872635378078,9707441,46.0217819213867
6125,1147.53752396685,2500,1000.98598535963,9709941,46.0217819213867
6126,939.350360424825,2500,1086.01692533332,9712441,46.0217819213867
6127,1051.07670104839,2500,1085.37404813237,9714941,46.0217819213867
6128,1226.93442716294,2500,1092.04290679881,9717441,46.0217819213867
6129,1139.04125991068,2500,1100.31391808184,9719941,46.0217819213867
6130,1143.13064519958,2500,1114.45356784611,9722441,46.0217819213867
6131,1063.82542502699,2500,1112.70050438826,9724941,46.0217819213867
6132,1019.65376616647,2500,1102.95800888273,9727441,46.0217819213867
6133,1138.75530097071,2500,1106.81133526578,9729941,46.0217819213867
6134,1003.07616166608,2500,1087.23815715435,9732441,46.0217819213867
6135,1142.60100419798,2500,1086.74450517747,9734941,46.0217819213867
6136,1149.28672777065,2500,1107.73814191205,9737441,46.0217819213867
6137,999.389699195781,2500,1102.56944172679,9739941,46.0217819213867
6138,1095.41970167691,2500,1089.41796917818,9742441,46.0217819213867
6139,1123.80178863774,2500,1087.89402205089,9744941,46.0217819213867
6140,1046.41154986358,2500,1078.22211251729,9747441,46.0217819213867
6141,1135.51213128777,2500,1085.39078314337,9749941,46.0217819213867
6142,1140.6141299113,2500,1097.48681951785,9752441,46.0217819213867
6143,1139.43247806301,2500,1097.55453722708,9754941,46.0217819213867
6144,988.288932387881,2500,1096.07581429926,9757441,46.0217819213867
6145,1134.14078896368,2500,1095.22979277583,9759941,46.0217819213867
6146,948.326534225099,2500,1075.13377342127,9762441,44.6657638549805
6147,1087.53999487754,2500,1083.94880298945,9764941,44.6657638549805
6148,1022.93907720749,2500,1076.70074054251,9767441,44.6657638549805
6149,165.923966501417,363,980.912958328876,9767804,44.6657638549805
6150,1039.66397984018,2500,980.238201326536,9770304,44.6657638549805
6151,828.899095622276,2500,949.576897759987,9772804,44.6657638549805
6152,940.65948752111,2500,929.581433520969,9775304,44.6657638549805
6153,1102.08836974595,2500,925.847022689263,9777804,44.6657638549805
6154,202.376826910083,409,847.255812141483,9778213,44.6657638549805
6155,897.39000773274,2500,823.580734018389,9780713,44.6657638549805
6156,988.573533802974,2500,827.605433976177,9783213,44.6657638549805
6157,52.1082881958715,183,724.062263308009,9783396,44.6657638549805
6158,1001.47067446934,2500,721.915423034194,9785896,44.6657638549805
6159,877.404452706848,2500,793.063471654737,9788396,44.6657638549805
6160,1059.91566262809,2500,795.088639933528,9790896,44.6657638549805
6161,907.285543737999,2500,802.9272847451,9793396,44.6657638549805
6162,1031.3260652656,2500,811.993942519549,9795896,42.8211402893066
6163,1024.00712213276,2500,804.18581775823,9798396,42.8211402893066
6164,950.941581582184,2500,879.042293225441,9800896,42.8211402893066
6165,990.861446650135,2500,888.38943711718,9803396,42.8211402893066
6166,953.354549810873,2500,884.86753871797,9805896,42.8211402893066
6167,1052.248456149,2500,984.881555513283,9808396,42.8211402893066
6168,970.843074937437,2500,981.818795560093,9810896,42.8211402893066
6169,1075.04264066125,2500,1001.58261435553,9813396,42.8211402893066
6170,618.800172407303,1649,957.471065333454,9815045,42.8211402893066
6171,952.366469616402,2500,961.979157921295,9817545,42.8211402893066
6172,1162.30540782197,2500,975.077092176932,9820045,42.8211402893066
6173,1052.71977988714,2500,977.94835795237,9822545,42.8211402893066
6174,950.745668094478,2500,977.928766603599,9825045,42.8211402893066
6175,1026.55945353991,2500,981.498567292576,9827545,42.8211402893066
6176,1030.19241527607,2500,989.182353839096,9830045,42.8211402893066
6177,970.89341325846,2500,981.046849550041,9832545,42.8211402893066
6178,1137.86595940032,2500,997.749137996329,9835045,42.8211402893066
6179,1156.24168510502,2500,1005.86904244071,9837545,42.8211402893066
6180,1053.81767994563,2500,1049.37079319454,9840045,42.8211402893066
6181,1043.84600024007,2500,1058.51874625691,9842545,42.8211402893066
6182,1022.06359682237,2500,1044.49456515695,9845045,42.8211402893066
6183,978.713784553923,2500,1037.09396562362,9847545,42.8211402893066
6184,1007.37018795768,2500,1042.75641760994,9850045,42.8211402893066
6185,1165.87086329274,2500,1056.68755858523,9852545,42.8211402893066
6186,949.904547260958,2500,1048.65877178372,9855045,42.8211402893066
6187,991.163668331063,2500,1050.68579729098,9857545,42.8211402893066
6188,964.433469262321,2500,1033.34254827718,9860045,42.8211402893066
6189,1028.34250790352,2500,1020.55263055703,9862545,42.8211402893066
6190,934.895216080454,2500,1008.66038417051,9865045,33.8551483154297
6191,982.054708583166,2500,1002.48125500482,9867545,33.8551483154297
6192,1045.14780767316,2500,1004.7896760899,9870045,33.8551483154297
6193,1112.34163215385,2500,1018.15246084989,9872545,33.8551483154297
6194,995.943833415259,2500,1017.00982539565,9875045,33.8551483154297
6195,1173.30149549552,2500,1017.75288861593,9877545,33.8551483154297
6196,913.604140961961,2500,1014.12284798603,9880045,33.8551483154297
6197,66.0038789017079,195,921.606869043092,9880240,33.8551483154297
6198,971.21337786844,2500,922.284859903704,9882740,33.8551483154297
6199,756.257358260965,2500,895.076344939448,9885240,33.8551483154297
6200,928.454168227671,2500,894.43224015417,9887740,33.8551483154297
6201,1030.33930254039,2500,899.260699549892,9890240,33.8551483154297
6202,1089.94682057744,2500,903.740600840321,9892740,33.8551483154297
6203,988.425532097404,2500,891.348990834676,9895240,33.8551483154297
6204,1008.51605239971,2500,892.606212733121,9897740,33.8551483154297
6205,1031.36118159575,2500,878.412181343144,9900240,33.8551483154297
6206,1080.37219921766,2500,895.088987168713,9902740,38.509880065918
6207,825.039045657854,2500,970.992503844327,9905240,38.509880065918
6208,1039.15901468295,2500,977.787067525779,9907740,38.509880065918
6209,1039.97531757191,2500,1006.15886345687,9910240,38.509880065918
6210,1039.15411808328,2500,1017.22885844243,9912740,38.509880065918
6211,1026.85581379459,2500,1016.88050956785,9915240,38.509880065918
6212,1037.31405620506,2500,1011.61723313062,9917740,38.509880065918
6213,841.517437517876,2500,996.926423672663,9920240,38.509880065918
6214,1139.927502143,2500,1010.06756864699,9922740,38.509880065918
6215,894.818422550923,2500,996.413292742511,9925240,38.509880065918
6216,772.504907421467,2500,965.626563562892,9927740,38.509880065918
6217,1061.85242761437,2500,989.307901758543,9930240,38.509880065918
6218,999.962695888762,2500,985.388269879124,9932740,38.509880065918
6219,1032.39867190593,2500,984.630605312526,9935240,38.509880065918
6220,856.798595995418,2500,966.395053103739,9937740,38.509880065918
6221,917.162018687673,2500,955.425673593048,9940240,38.509880065918
6222,1121.07666617686,2500,963.801934590228,9942740,38.509880065918
6223,1017.98687176686,2500,981.448878015126,9945240,38.509880065918
6224,1092.24311033011,2500,976.680438833838,9947740,38.509880065918
6225,1131.60267097328,2500,1000.35886367607,9950240,38.509880065918
6226,919.591723661946,2500,1015.06754530012,9952740,38.509880065918
6227,897.053170792983,2500,998.587619617982,9955240,38.509880065918
6228,999.397393300119,2500,998.531089359118,9957740,38.509880065918
6229,1028.69606198361,2500,998.160828366887,9960240,38.509880065918
6230,998.166354332465,2500,1012.29760420059,9962740,38.509880065918
6231,1019.57063536144,2500,1022.53846586797,9965240,38.509880065918
6232,1108.87432419486,2500,1021.31823166977,9967740,38.509880065918
6233,1012.15320314898,2500,1020.73486480798,9970240,38.509880065918
6234,1027.38038966476,2500,1014.24859274145,9972740,41.8427429199219
6235,1081.47732682074,2500,1009.23605832619,9975240,41.8427429199219
6236,1077.10069984403,2500,1024.9869559444,9977740,41.8427429199219
6237,1191.02854535763,2500,1054.38449340086,9980240,41.8427429199219
6238,1014.66324764653,2500,1055.91107883551,9982740,41.8427429199219
6239,199.667263468262,458,973.008198983971,9983198,41.8427429199219
6240,882.978801217505,2500,961.489443672475,9985698,41.8427429199219
6241,1007.3654950426,2500,960.26892964059,9988198,41.8427429199219
6242,1046.75852697638,2500,954.057349918742,9990698,41.8427429199219
6243,840.085191817989,2500,936.850548785642,9993198,41.8427429199219
6244,1041.01648374211,2500,938.214158193377,9995698,41.8427429199219
6245,1071.6294511205,2500,937.229370623353,9998198,41.8427429199219
6246,1077.52638418822,2500,937.271939057772,10000698,41.8427429199219
6247,909.439284455352,2500,909.113012967544,10003198,41.8427429199219
6248,988.829581061102,2500,906.529646309001,10005698,41.8427429199219
6249,1115.09371806158,2500,998.072291768333,10008198,41.8427429199219
6250,149.570898895657,374,924.731501536148,10008572,41.8427429199219
6251,93.0692662457788,218,833.301878656467,10008790,41.8427429199219
6252,992.360202820093,2500,827.862046240838,10011290,45.2612457275391
6253,1103.96511300936,2500,854.250038359975,10013790,45.2612457275391
6254,832.538512009069,2139,833.402241186672,10015929,45.2612457275391
6255,937.380629942932,2500,819.977359068915,10018429,45.2612457275391
6256,1147.14057172167,2500,826.938777822259,10020929,45.2612457275391
6257,766.465458180034,2500,812.641395194728,10023429,45.2612457275391
6258,1070.66728354247,2500,820.825165442864,10025929,45.2612457275391
6259,992.867807290852,2500,808.602574365791,10028429,45.2612457275391
6260,983.466350762476,2500,891.992119552473,10030929,45.2612457275391
6261,1193.26449000811,2500,1002.01164192871,10033429,45.2612457275391
6262,1043.13614562327,2500,1007.08923620902,10035929,45.2612457275391
6263,966.674844694623,2500,993.36020937755,10038429,45.2612457275391
6264,919.252223002085,2500,1002.03158047685,10040929,45.2612457275391
6265,890.53055787692,2500,997.346573270251,10043429,45.2612457275391
6266,973.871837452109,2500,980.019699843295,10045929,45.2612457275391
6267,871.126268322876,2500,990.485780857579,10048429,45.2612457275391
6268,444.566301099917,910,927.875682613324,10049339,45.2612457275391
6269,955.553424655682,2500,924.144244349807,10051839,45.2612457275391
6270,982.929227761938,2500,924.090532049753,10054339,45.2612457275391
6271,960.559107889816,2500,900.819993837923,10056839,45.2612457275391
6272,1076.53011357296,2500,904.159390632893,10059339,45.2612457275391
6273,1191.84242871675,2500,926.676149035105,10061839,45.2612457275391
6274,1106.2641104465,2500,945.377337779546,10064339,45.2612457275391
6275,1121.84062045817,2500,968.508344037671,10066839,45.2612457275391
6276,1178.96303524439,2500,989.017463816899,10069339,45.2612457275391
6277,1076.48922709105,2500,1009.55375969372,10071839,45.2612457275391
6278,261.476755897302,751,991.244805173455,10072590,45.2612457275391
6279,320.469992764095,804,927.736461984297,10073394,45.3823204040527
6280,170.471536134194,403,846.490692821522,10073797,45.3823204040527
6281,73.347184572133,176,757.769500489754,10073973,45.3823204040527
6282,271.623480214365,519,677.278837153894,10074492,45.3823204040527
6283,164.00800903668,332,574.495395185888,10074824,45.3823204040527
6284,93.0084210403163,241,473.16982624527,10075065,45.3823204040527
6285,129.938005582203,372,373.979564757673,10075437,45.3823204040527
6286,755.399322298128,1952,331.623193463047,10077389,45.3823204040527
6287,74.3157597662917,205,231.405846730571,10077594,45.3823204040527
6288,158.046715558176,542,221.062842696658,10078136,45.3823204040527
6289,453.082816952453,918,234.324125115494,10079054,45.3823204040527
6290,690.772651094094,1651,286.354236611484,10080705,45.3823204040527
6291,700.282805882598,1807,349.047798742531,10082512,45.3823204040527
6292,241.555914531006,716,346.041042174195,10083228,45.3823204040527
6293,60.1197081361442,184,335.652212084141,10083412,45.3823204040527
6294,274.029798285518,861,353.754349808661,10084273,45.3823204040527
6295,672.751923542854,1604,408.035741604726,10085877,45.3823204040527
6296,128.861383603255,279,345.381947735239,10086156,45.3823204040527
6297,972.886835789866,2500,435.239055337596,10088656,47.6086349487305
6298,1029.99247924747,2500,522.433631706526,10091156,47.6086349487305
6299,1070.46232542602,2500,584.171582553882,10093656,47.6086349487305
6300,767.01619746235,2500,591.795937190708,10096156,47.6086349487305
6301,815.768985413951,2500,603.344555143843,10098656,47.6086349487305
6302,895.734180398918,2500,668.762381730634,10101156,47.6086349487305
6303,986.592374759012,2500,761.409648392921,10103656,47.6086349487305
6304,946.758732898624,2500,828.682541854231,10106156,47.6086349487305
6305,835.550336517577,2500,844.962383151704,10108656,47.6086349487305
6306,866.335789590249,2500,918.709823750403,10111156,47.6086349487305
6307,299.046515358732,521,851.32579170729,10111677,47.6086349487305
6308,747.883722574673,1905,823.11491604001,10113582,47.6086349487305
6309,909.589842295061,2500,807.027667726915,10116082,47.6086349487305
6310,1048.92605680279,2500,835.218653660959,10118582,47.6086349487305
6311,843.210803782056,2500,837.962835497769,10121082,47.6086349487305
6312,541.923891108421,1379,802.58180656872,10122461,47.6086349487305
6313,552.798375861232,1407,759.202406678942,10123868,47.6086349487305
6314,1078.31985330789,2500,772.358518719868,10126368,47.6086349487305
6315,846.364518104175,1979,773.439936878528,10128347,47.6086349487305
6316,995.71949377451,2500,786.378307296954,10130847,47.6086349487305
6317,1025.72090283876,2500,859.045746044957,10133347,47.6086349487305
6318,946.838050510774,2500,878.941178838567,10135847,47.6086349487305
6319,899.370388531737,2500,877.919233462235,10138347,47.6086349487305
6320,916.391729085082,2399,864.665800690464,10140746,47.6086349487305
6321,682.790276646167,1286,848.623747976875,10142032,47.6086349487305
6322,931.338749905659,2500,887.565233856599,10144532,47.6086349487305
6323,998.469922792739,2500,932.13238854975,10147032,47.3157539367676
6324,1191.18825934457,2500,943.419229153417,10149532,47.3157539367676
6325,966.947627830321,2500,955.477540126032,10152032,47.3157539367676
6326,1037.6881395199,2500,959.674404700571,10154532,47.3157539367676
6327,1038.96684400848,2500,960.998998817542,10157032,47.3157539367676
6328,1043.57856589449,2500,970.673050355914,10159532,47.3157539367676
6329,1029.44982484597,2500,983.680993987338,10162032,47.3157539367676
6330,944.866142442682,2500,986.528435323097,10164532,47.3157539367676
6331,885.952446519747,2500,1006.84465231046,10167032,47.3157539367676
6332,1054.62208643086,2500,1019.17298596298,10169532,47.3157539367676
6333,829.961842283592,2500,1002.32217791206,10172032,47.3157539367676
6334,998.73242259573,2500,983.076594237177,10174532,47.3157539367676
6335,1066.36293548108,2500,993.018125002253,10177032,47.3157539367676
6336,1229.03634299111,2500,1012.15294534937,10179532,47.3157539367676
6337,1007.72703103055,2500,1009.02896405158,10182032,47.3157539367676
6338,920.660166780993,2500,996.73712414023,10184532,47.3157539367676
6339,865.703643067991,2500,980.362505962433,10187032,47.3157539367676
6340,744.069075843675,2500,960.282799302532,10189532,47.3157539367676
6341,1044.39414689029,2500,976.126969339586,10192032,50.2612648010254
6342,974.87376648285,2500,968.152137344785,10194532,50.2612648010254
6343,1004.4029225,2500,985.596245366426,10197032,50.2612648010254
6344,1028.42129722762,2500,988.565132829615,10199532,50.2612648010254
6345,316.6934515294,806,913.598184434447,10200338,50.2612648010254
6346,1109.74700555406,2500,901.669250690742,10202838,50.2612648010254
6347,1064.99393131797,2500,907.395940719485,10205338,50.2612648010254
6348,931.536989689639,2500,908.483623010349,10207838,50.2612648010254
6349,280.985329009801,543,850.01179160453,10208381,50.2612648010254
6350,954.550359454548,2500,871.059919965618,10210881,50.2612648010254
6351,901.202902669687,2082,856.740795543558,10212963,50.2612648010254
6352,1009.98623390426,2500,860.252042285699,10215463,50.2612648010254
6353,1075.52059072526,2500,867.363809108225,10217963,50.2612648010254
6354,453.673268004477,839,809.889006185911,10218802,50.2612648010254
6355,889.015168219497,1838,867.121177854921,10220640,50.2612648010254
6356,1078.6039184916,2500,864.006869148675,10223140,50.2612648010254
6357,906.208097374321,2500,848.12828575431,10225640,50.2612648010254
6358,1181.84442619043,2500,873.159029404389,10228140,50.2612648010254
6359,963.34056595299,2500,941.394553098708,10230640,50.2612648010254
6360,1053.3411556086,2500,951.273632714113,10233140,50.2612648010254
6361,1066.50364484351,2500,967.803706931496,10235640,50.2612648010254
6362,1089.0101343787,2500,975.70609697894,10238140,50.2612648010254
6363,967.479895435035,2500,964.902027449917,10240640,50.2612648010254
6364,1044.78596334695,2500,1024.01329698416,10243140,50.2612648010254
6365,1069.61949579066,2500,1042.07372974128,10245640,50.2612648010254
6366,1182.01915542528,2500,1052.41525343465,10248140,50.2612648010254
6367,84.767488528371,214,970.271192550054,10248354,50.2612648010254
6368,496.156908424703,1180,901.702440773481,10249534,50.2612648010254
6369,1219.21343433408,2500,927.28972761159,10252034,43.013298034668
6370,375.997416931111,750,859.555353743841,10252784,43.013298034668
6371,45.0479857369004,150,757.40978783318,10252934,43.013298034668
6372,1263.87088610658,2500,774.895863005968,10255434,43.013298034668
6373,1280.72743463635,2500,806.2206169261,10257934,43.013298034668
6374,83.5338504331566,217,710.09540563472,10258151,43.013298034668
6375,520.154843399469,896,655.148940395601,10259047,43.013298034668
6376,602.972990182991,1371,597.244323871372,10260418,43.013298034668
6377,36.3654684097581,153,592.40412185951,10260571,43.013298034668
6378,345.076936583513,844,577.296124675391,10261415,43.013298034668
6379,429.545197551768,912,498.32930099716,10262327,43.013298034668
6380,231.661093121423,484,483.895668616191,10262811,43.013298034668
6381,226.676512187008,473,502.058521261202,10263284,43.013298034668
6382,298.531341737414,575,405.524566824285,10263859,43.013298034668
6383,451.131125278362,961,322.564935888486,10264820,43.013298034668
6384,742.522071582294,1668,388.4637580034,10266488,43.013298034668
6385,1036.48196865151,2500,440.096470528604,10268988,48.4314956665039
6386,895.120991045703,2500,469.311270614876,10271488,48.4314956665039
6387,1014.8933518393,2500,567.16405895783,10273988,48.4314956665039
6388,982.855325346186,2500,630.941897834097,10276488,48.4314956665039
6389,927.502053890324,2500,680.737583467953,10278988,48.4314956665039
6390,1015.76884307048,2500,759.148358462858,10281488,48.4314956665039
6391,1081.49779677283,2500,844.63048692144,10283988,48.4314956665039
6392,989.238019771382,2500,913.701154724837,10286488,48.4314956665039
6393,982.267020284332,2500,966.814744225434,10288988,48.4314956665039
6394,1078.81244360225,2500,1000.44378142743,10291488,48.4314956665039
6395,944.698447435599,2500,991.265429305838,10293988,48.4314956665039
6396,921.492381726063,2500,993.902568373874,10296488,48.4314956665039
6397,1240.23781681714,2500,1016.43701487166,10298988,48.4314956665039
6398,1076.46272770234,2500,1025.79775510727,10301488,48.4314956665039
6399,727.807696915217,2500,1005.82831940976,10303988,48.4314956665039
6400,1060.88703633226,2500,1010.34013873594,10306488,48.4314956665039
6401,960.023234200893,2500,998.192682478747,10308988,48.4314956665039
6402,1013.64607059237,2500,1000.63348756085,10311488,48.4314956665039
6403,970.114370577226,2500,999.418222590135,10313988,48.4314956665039
6404,865.981752795912,2500,978.135153509502,10316488,48.4314956665039
6405,65.5039294346952,218,890.215701709412,10316706,48.4314956665039
6406,875.749732556167,2500,885.641436792422,10319206,48.4314956665039
6407,1063.61549599229,2500,867.979204709937,10321706,48.4314956665039
6408,1219.26206244502,2500,882.259138184205,10324206,48.4314956665039
6409,871.702061133122,2500,896.648574605996,10326706,48.4314956665039
6410,908.466675447897,2500,881.40653851756,10329206,48.4314956665039
6411,1033.16524967695,2500,888.720740065166,10331706,48.4314956665039
6412,1089.17815540777,2500,896.273948546705,10334206,48.4314956665039
6413,966.591844691182,2500,895.921695958101,10336706,47.0462608337402
6414,895.222521855246,2500,898.845772864035,10339206,47.0462608337402
6415,1065.28913417056,2500,998.82429333762,10341706,47.0462608337402
6416,927.709286299968,2500,1004.020248712,10344206,47.0462608337402
6417,1006.98591417833,2500,998.357290530604,10346706,47.0462608337402
6418,969.544911391227,2500,973.385575425225,10349206,47.0462608337402
6419,981.384599360567,2500,984.353829247969,10351706,47.0462608337402
6420,843.386899784367,2500,977.845851681616,10354206,47.0462608337402
6421,866.049595907976,2500,961.134286304718,10356706,47.0462608337402
6422,920.109850470553,2500,944.227455810997,10359206,47.0462608337402
6423,1226.66326250283,2500,970.234597592162,10361706,47.0462608337402
6424,995.787653424556,2500,980.291110749093,10364206,47.0462608337402
6425,1081.1351374983,2500,981.875711081867,10366706,47.0462608337402
6426,1162.72136066336,2500,1005.37691851821,10369206,47.0462608337402
6427,986.864758896656,2500,1003.36480299004,10371706,47.0462608337402
6428,885.118045202774,2500,994.922116371194,10374206,47.0462608337402
6429,188.825998360371,322,915.666256271174,10374528,47.0462608337402
6430,129.509560673367,257,844.278522360074,10374785,47.0462608337402
6431,283.26572923242,778,786.000135692519,10375563,47.0462608337402
6432,1115.09632086313,2500,805.498782731776,10378063,50.6145973205566
6433,1131.90397402373,2500,796.022853883866,10380563,50.6145973205566
6434,1049.95962399779,2500,801.440050941189,10383063,50.6145973205566
6435,1066.17282681906,2500,799.943819873266,10385563,50.6145973205566
6436,932.234668137303,2500,776.89515062066,10388063,50.6145973205566
6437,1110.39308491415,2500,789.24798322241,10390563,50.6145973205566
6438,454.610132733416,957,746.197191975474,10391520,50.6145973205566
6439,318.439572729456,812,759.158549412383,10392332,50.6145973205566
6440,1031.24855578851,2500,849.332448923897,10394832,50.6145973205566
6441,560.605576253587,1479,877.066433626014,10396311,50.6145973205566
6442,79.6588800515007,211,773.522689544851,10396522,50.6145973205566
6443,457.813529858116,948,706.113645128289,10397470,50.6145973205566
6444,479.467703374249,960,649.064453065935,10398430,50.6145973205566
6445,992.115641939303,2500,641.65873457796,10400930,50.6145973205566
6446,1001.62958867133,2500,648.598226631362,10403430,50.6145973205566
6447,895.74611028332,2500,627.133529168279,10405930,50.6145973205566
6448,1130.86519561445,2500,694.759035456382,10408430,50.6145973205566
6449,252.583366834414,876,688.173414866877,10409306,50.6145973205566
6450,58.8282072910512,142,590.931380017131,10409448,50.6145973205566
6451,985.916530591424,2117,633.462475450915,10411565,50.6145973205566
6452,930.407412013624,2198,718.537328647127,10413763,50.6145973205566
6453,1141.1330770327,2500,786.869283364586,10416263,50.6145973205566
6454,850.653728318784,2500,823.987885859039,10418763,50.6145973205566
6455,945.046889508654,2500,819.281010615975,10421263,50.6145973205566
6456,290.399532438844,661,748.158004992726,10421924,50.6145973205566
6457,935.874142559245,2500,752.170808220319,10424424,47.1853370666504
6458,922.259017958808,2500,731.310190454755,10426924,47.1853370666504
6459,1101.40151526604,2500,816.192005297918,10429424,47.1853370666504
6460,894.507333180085,2500,899.759917886821,10431924,47.1853370666504
6461,954.969593902911,2500,896.66522421797,10434424,47.1853370666504
6462,1088.49117324322,2500,912.47360034093,10436924,47.1853370666504
6463,908.228658990067,2500,889.183158536666,10439424,47.1853370666504
6464,1062.18993736718,2500,910.336779441506,10441924,47.1853370666504
6465,1184.60214076879,2500,934.292304567519,10444424,47.1853370666504
6466,660.272464004235,2500,971.279597724058,10446924,47.1853370666504
6467,959.921683085473,2500,973.684351776681,10449424,47.1853370666504
6468,933.287255946015,2500,974.787175575402,10451924,47.1853370666504
6469,790.719998588376,2500,943.719023907635,10454424,47.1853370666504
6470,1007.27412141407,2500,954.995702731033,10456924,47.1853370666504
6471,1184.91222315818,2500,977.98996565656,10459424,47.1853370666504
6472,953.837130422614,2500,964.524561374499,10461924,47.1853370666504
6473,974.674073397652,2500,971.169102815258,10464424,47.1853370666504
6474,993.703011309232,2500,964.320410209463,10466924,47.1853370666504
6475,887.470193255043,2500,934.607215458088,10469424,47.1853370666504
6476,41.8798293607457,155,872.767951993739,10469579,47.1853370666504
6477,159.82706627309,392,792.758490312501,10469971,47.1853370666504
6478,389.028993108794,884,738.332664028779,10470855,47.1853370666504
6479,446.184850663431,951,703.879149236285,10471806,47.1853370666504
6480,370.736270355117,845,640.22536413039,10472651,47.1853370666504
6481,225.386367873843,467,544.272778601956,10473118,47.1853370666504
6482,59.5187760216657,138,454.840943161861,10473256,47.1853370666504
6483,44.3188318763541,127,361.805419009732,10473383,47.1853370666504
6484,204.272185799457,446,282.862336458754,10473829,44.2288093566895
6485,142.086747804037,380,208.323991913654,10474209,44.2288093566895
6486,54.0147977855349,169,209.537488756132,10474378,44.2288093566895
6487,79.2388618826242,211,201.478668317086,10474589,44.2288093566895
6488,97.3858773859215,197,172.314356744799,10474786,44.2288093566895
6489,274.301245249846,523,155.12599620344,10475309,44.2288093566895
6490,157.28428859599,390,133.780798027527,10475699,44.2288093566895
6491,127.333317129341,239,123.975492953077,10475938,44.2288093566895
6492,65.1740215025086,190,124.541017501162,10476128,44.2288093566895
6493,35.5774453176257,149,123.666878845289,10476277,44.2288093566895
6494,196.842279469824,412,122.923888212325,10476689,44.2288093566895
6495,32.7875531220945,148,111.993968744131,10476837,44.2288093566895
6496,313.835304799273,566,137.976019445505,10477403,44.2288093566895
6497,33.2657730418436,124,133.378710561427,10477527,44.2288093566895
6498,129.381608288011,381,136.578283651636,10477908,44.2288093566895
6499,537.409018139317,1150,162.889060940583,10479058,44.2288093566895
6500,84.4840400631478,183,155.609036087299,10479241,44.2288093566895
6501,972.253262671667,2500,240.101030641531,10481741,47.2894821166992
6502,883.851112290118,2500,321.968739720292,10484241,47.2894821166992
6503,1044.56486442398,2500,422.867481630927,10486741,47.2894821166992
6504,990.734732314034,2500,502.256726915348,10489241,47.2894821166992
6505,370.731337639892,699,536.051105367128,10489940,47.2894821166992
6506,970.597458018993,2500,601.7273206891,10492440,47.2894821166992
6507,1028.12967408082,2500,701.213710792998,10494940,47.2894821166992
6508,508.616165512087,1020,739.137166515405,10495960,47.2894821166992
6509,982.211602034498,2500,783.617424904923,10498460,47.2894821166992
6510,1191.76686028925,2500,894.345706927534,10500960,47.2894821166992
6511,957.10669003205,2500,892.831049663572,10503460,47.2894821166992
6512,1108.81292075769,2500,915.327230510329,10505960,47.2894821166992
6513,1010.66299441042,2500,911.937043508974,10508460,47.2894821166992
6514,1040.81910540782,2500,916.945480818353,10510960,47.2894821166992
6515,971.873939467458,2500,977.059741001109,10513460,47.2894821166992
6516,358.150264827899,677,915.815021682,10514137,47.2894821166992
6517,1040.75301698529,2265,917.077355972447,10516402,47.2894821166992
6518,1231.86718307903,2500,989.402457729141,10518902,47.2894821166992
6519,505.390506028181,1570,941.720348128509,10520472,47.2894821166992
6520,208.184538995165,476,843.3621159991,10520948,47.2894821166992
6521,1117.22646680396,2500,859.374093676292,10523448,47.2894821166992
6522,1003.13521700728,2500,848.806323301251,10525948,47.2894821166992
6523,264.0330003244,585,774.143323892648,10526533,47.2894821166992
6524,228.630964462088,483,692.924509798075,10527016,47.2894821166992
6525,243.705502626597,556,620.107666113989,10527572,47.2894821166992
6526,1009.10924951391,2500,685.20356458259,10530072,47.2894821166992
6527,1138.26998304672,2500,694.955261188733,10532572,47.2894821166992
6528,877.981127874625,2500,659.566655668292,10535072,42.0643768310547
6529,1211.34161484883,2500,730.161766550357,10537572,42.0643768310547
6530,1076.50980503999,2500,816.99429315484,10540072,42.0643768310547
6531,997.420613909716,2500,805.013707865416,10542572,42.0643768310547
6532,1102.94498856125,2500,814.994685020813,10545072,42.0643768310547
6533,1167.31224623605,2500,905.322609611979,10547572,42.0643768310547
6534,1081.85744808792,2500,990.645257974561,10550072,42.0643768310547
6535,981.793084067607,2500,1064.45401611866,10552572,42.0643768310547
6536,976.437188883953,2500,1061.18681005567,10555072,42.0643768310547
6537,995.130268744143,2500,1046.87283862541,10557572,42.0643768310547
6538,999.692868429848,2500,1059.04401268093,10560072,42.0643768310547
6539,921.156139605517,2500,1030.0254651566,10562572,42.0643768310547
6540,893.223490761457,2500,1011.69683372875,10565072,42.0643768310547
6541,942.203990685055,2500,1006.17517140628,10567572,42.0643768310547
6542,1124.38235205081,2500,1008.31890775524,10570072,42.0643768310547
6543,879.911467294489,2500,979.578829861079,10572572,42.0643768310547
6544,1069.45116053706,2500,978.338201105994,10575072,42.0643768310547
6545,760.167798417254,2500,956.175672540959,10577572,45.8378982543945
6546,773.23516607182,2500,935.855470259746,10580072,45.8378982543945
6547,860.719804169216,2500,922.414423802253,10582572,45.8378982543945
6548,668.309903565041,2500,889.276127315772,10585072,45.8378982543945
6549,679.758183564646,2500,865.136331711685,10587572,45.8378982543945
6550,879.533710482599,2500,863.767353683799,10590072,45.8378982543945
6551,783.938002503699,2500,847.940754865664,10592572,45.8378982543945
6552,804.122232922839,2500,815.914742952867,10595072,45.8378982543945
6553,917.618126364145,2500,819.685408859832,10597572,45.8378982543945
6554,876.420803433372,2500,800.382373149463,10600072,45.8378982543945
6555,703.70368753939,2500,794.735962061677,10602572,45.8378982543945
6556,868.419611482828,2500,804.254406602778,10605072,45.8378982543945
6557,832.060941997517,2500,801.388520385608,10607572,45.8378982543945
6558,932.03704361322,2500,827.761234390426,10610072,45.8378982543945
6559,819.027314044459,2500,841.688147438407,10612572,45.8378982543945
6560,795.684073086413,2500,833.303183698788,10615072,45.8378982543945
6561,1092.4653424568,2500,864.155917694098,10617572,45.8378982543945
6562,782.206403749481,2500,861.964334776763,10620072,45.8378982543945
6563,819.036458941912,2500,852.106168034539,10622572,45.8378982543945
6564,882.297337041347,2500,852.693821395337,10625072,45.8378982543945
6565,784.100551565239,2500,860.733507797922,10627572,45.8378982543945
6566,1006.54156888884,2500,874.545703538523,10630072,45.8378982543945
6567,591.863119796122,2500,850.525921318383,10632572,45.8378982543945
6568,840.282643218656,2500,841.350481278927,10635072,45.8378982543945
6569,793.677941241289,2500,838.81554399861,10637572,45.8378982543945
6570,866.875606972321,2500,845.9346973872,10640072,45.8378982543945
6571,912.435765224834,2500,827.931739664004,10642572,45.8378982543945
6572,851.722384438478,2500,834.883337732904,10645072,44.7982597351074
6573,974.081119056124,2500,850.387803744325,10647572,44.7982597351074
6574,1011.66515083923,2500,863.324585124113,10650072,44.7982597351074
6575,870.095510596734,2500,871.924081027262,10652572,44.7982597351074
6576,829.288692284973,2500,854.198793366876,10655072,44.7982597351074
6577,774.573572397263,2500,872.46983862699,10657572,44.7982597351074
6578,1012.90895993474,2500,889.732470298598,10660072,44.7982597351074
6579,881.946253297406,2500,898.55930150421,10662572,44.7982597351074
6580,907.252782704586,2500,902.597019077437,10665072,44.7982597351074
6581,757.659028053531,2500,887.119345360306,10667572,44.7982597351074
6582,904.263484356423,2500,892.373455352101,10670072,44.7982597351074
6583,1087.78568054815,2500,903.743911501303,10672572,44.7982597351074
6584,913.989652253933,2500,893.976361642774,10675072,44.7982597351074
6585,783.149286930781,2500,885.281739276178,10677572,44.7982597351074
6586,870.970840784368,2500,889.449954126118,10680072,44.7982597351074
6587,811.703876762689,2500,893.16298456266,10682572,44.7982597351074
6588,917.438869792878,2500,883.615975548474,10685072,44.7982597351074
6589,645.038327032326,2500,859.925182921966,10687572,51.4266777038574
6590,835.733360965862,2500,852.773240748094,10690072,51.4266777038574
6591,815.579190458755,2500,858.565256988616,10692572,51.4266777038574
6592,671.4192859062,2500,835.280837143594,10695072,51.4266777038574
6593,712.536256749477,2500,797.755894763727,10697572,51.4266777038574
6594,888.312204608146,2500,795.188149999148,10700072,51.4266777038574
6595,795.822704530012,2500,796.455491759071,10702572,51.4266777038574
6596,728.160497609131,2500,782.174457441548,10705072,51.4266777038574
6597,807.40573947047,2500,781.744643712326,10707572,51.4266777038574
6598,525.308538845657,2500,742.531610617604,10710072,51.4266777038574
6599,751.210965685553,2500,753.148874482926,10712572,51.4266777038574
6600,783.890446714105,2500,747.96458305775,10715072,51.4266777038574
6601,709.365180878844,2500,737.343182099759,10717572,51.4266777038574
6602,748.661213442438,2500,745.067374853383,10720072,51.4266777038574
6603,688.732879596173,2500,742.687037138053,10722572,51.4266777038574
6604,698.023095764559,2500,723.658126253694,10725072,51.4266777038574
6605,720.049759936482,2500,716.080831794341,10727572,51.4266777038574
6606,894.736521557141,2500,732.738434189142,10730072,51.4266777038574
6607,790.655065959589,2500,731.063366838054,10732572,51.4266777038574
6608,899.017626735631,2500,768.434275627051,10735072,51.4266777038574
6609,800.213089407423,2500,773.334487999238,10737572,51.4266777038574
6610,790.793015319384,2500,774.024744859766,10740072,51.4266777038574
6611,559.092397849486,2500,758.99746655683,10742572,51.4266777038574
6612,821.742338019404,2500,766.305579014527,10745072,51.4266777038574
6613,747.269792491936,2500,772.159270304103,10747572,51.4266777038574
6614,793.249975886361,2500,781.681958316284,10750072,51.4266777038574
6615,788.446171386629,2500,788.521599461298,10752572,51.4266777038574
6616,852.51941270825,2500,784.299888576409,10755072,47.3310966491699
6617,635.394869997961,2500,768.773868980247,10757572,47.3310966491699
6618,879.687972638121,2500,766.840903570496,10760072,47.3310966491699
6619,872.516406601564,2500,774.07123528991,10762572,47.3310966491699
6620,854.191425625378,2500,780.411076320509,10765072,47.3310966491699
6621,684.091397210121,2500,792.910976256573,10767572,47.3310966491699
6622,867.181564095308,2500,797.454898864163,10770072,47.3310966491699
6623,1029.23426485566,2500,825.651346100535,10772572,47.3310966491699
6624,813.229452244465,2500,827.649293736345,10775072,47.3310966491699
6625,829.856672985066,2500,831.790343896189,10777572,47.3310966491699
6626,911.711676638005,2500,837.709570289165,10780072,47.3310966491699
6627,915.739603181364,2500,865.744043607505,10782572,47.3310966491699
6628,883.900932998013,2500,866.165339643494,10785072,47.3310966491699
6629,1012.03713540447,2500,880.117412523784,10787572,47.3310966491699
6630,908.415972318926,2500,885.539867193139,10790072,47.3310966491699
6631,933.611695550119,2500,910.491897027139,10792572,47.3310966491699
6632,840.72717749308,2500,907.846458366916,10795072,47.3310966491699
6633,784.731465944594,2500,883.39617847581,10797572,46.921199798584
6634,719.027358343117,2500,873.975969085675,10800072,46.921199798584
6635,794.584326627073,2500,870.448734449876,10802572,46.921199798584
6636,1135.72908999444,2500,892.85047578552,10805072,46.921199798584
6637,921.059384119344,2500,893.382453879318,10807572,46.921199798584
6638,888.249657256719,2500,893.817326305188,10810072,46.921199798584
6639,846.623610016051,2500,877.275973766346,10812572,46.921199798584
6640,859.113464808313,2500,872.345723015285,10815072,46.921199798584
6641,812.48847511778,2500,860.233400972051,10817572,46.921199798584
6642,849.742909654587,2500,861.134974188202,10820072,46.921199798584
6643,854.181427391367,2500,868.079970332879,10822572,46.921199798584
6644,907.53607992644,2500,886.930842491211,10825072,46.921199798584
6645,787.762217412972,2500,886.248631569802,10827572,46.921199798584
6646,826.435013952138,2500,855.319223965571,10830072,46.921199798584
6647,826.000201630978,2500,845.813305716734,10832572,46.921199798584
6648,734.64530559487,2500,830.45287055055,10835072,46.921199798584
6649,882.760981500213,2500,834.066607698966,10837572,46.921199798584
6650,893.770366893648,2500,837.532297907499,10840072,46.921199798584
6651,829.54218277576,2500,839.237668673297,10842572,46.921199798584
6652,789.155555912775,2500,833.178933299116,10845072,46.921199798584
6653,803.788529813528,2500,828.139643541332,10847572,46.921199798584
6654,842.489339314362,2500,821.634969480125,10850072,46.921199798584
6655,757.914866720038,2500,818.650234410831,10852572,46.921199798584
6656,662.794282925256,2500,802.286161308143,10855072,46.921199798584
6657,726.497505433552,2500,792.3358916884,10857572,46.921199798584
6658,757.615232927171,2500,794.63288442163,10860072,46.921199798584
6659,951.740803360372,2500,801.530866607646,10862572,46.921199798584
6660,791.654058731572,2500,791.319235791439,10865072,47.0445747375488
6661,759.365692626003,2500,784.301586776463,10867572,47.0445747375488
6662,704.026904111542,2500,775.78872159634,10870072,47.0445747375488
6663,893.527308588229,2500,784.76259947381,10872572,47.0445747375488
6664,822.606945831471,2500,782.774360125521,10875072,47.0445747375488
6665,817.78510368835,2500,788.761383822352,10877572,47.0445747375488
6666,742.608308961957,2500,796.742786426022,10880072,47.0445747375488
6667,999.486016964277,2500,824.041637579094,10882572,47.0445747375488
6668,791.640823116489,2500,827.444196598026,10885072,47.0445747375488
6669,846.521388496453,2500,816.922255111634,10887572,47.0445747375488
6670,904.211159808381,2500,828.177965219315,10890072,47.0445747375488
6671,863.681562454116,2500,838.609552202126,10892572,47.0445747375488
6672,870.864873238114,2500,855.293349114784,10895072,47.0445747375488
6673,896.20714318583,2500,855.561332574544,10897572,47.0445747375488
6674,851.066684136296,2500,858.407306405026,10900072,47.0445747375488
6675,932.43173607663,2500,869.871969643854,10902572,47.0445747375488
6676,1000.56165687282,2500,895.66730443494,10905072,47.0445747375488
6677,992.335192362926,2500,894.952221974805,10907572,49.5636596679688
6678,892.085320012768,2500,904.996671664433,10910072,49.5636596679688
6679,783.738735439385,2500,898.718406358726,10912572,49.5636596679688
6680,925.202920288673,2500,900.817582406755,10915072,49.5636596679688
6681,880.123905468914,2500,902.461816708235,10917572,49.5636596679688
6682,975.521041327218,2500,912.927433517146,10920072,49.5636596679688
6683,792.592972004393,2500,902.566016399002,10922572,49.5636596679688
6684,1015.0019089852,2500,918.959538883892,10925072,49.5636596679688
6685,881.123059123266,2500,913.828671188556,10927572,49.5636596679688
6686,1005.42131386166,2500,914.31463688744,10930072,49.5636596679688
6687,934.89120599161,2500,908.570238250308,10932572,49.5636596679688
6688,937.386401080021,2500,913.100346357034,10935072,49.5636596679688
6689,908.42957985337,2500,925.569430798432,10937572,49.5636596679688
6690,1037.86957103076,2500,936.836095872641,10940072,49.5636596679688
6691,1235.44017891883,2500,972.367723217633,10942572,49.5636596679688
6692,936.096097768959,2500,968.425228861807,10945072,49.5636596679688
6693,977.339703428855,2500,986.899902004253,10947572,49.5636596679688
6694,955.588597175129,2500,980.958570823246,10950072,49.5636596679688
6695,1094.33791152337,2500,1002.28005606326,10952572,49.5636596679688
6696,1078.9507027101,2500,1009.6329949481,10955072,49.5636596679688
6697,1081.89135010065,2500,1024.33300935901,10957572,49.5636596679688
6698,900.892478698299,2500,1020.68361712083,10960072,49.5636596679688
6699,1201.78118087651,2500,1050.01877722315,10962572,49.5636596679688
6700,954.825237050428,2500,1041.71434382511,10965072,49.5636596679688
6701,960.616185131571,2500,1014.23194444639,10967572,49.5636596679688
6702,956.271193988519,2500,1016.24945406834,10970072,49.5636596679688
6703,956.254114582017,2500,1014.14089518366,10972572,49.5636596679688
6704,863.221666593374,2500,1004.90420212548,10975072,49.3287887573242
6705,733.471337960547,2500,968.817544769201,10977572,49.3287887573242
6706,798.037034825996,2500,940.726177980791,10980072,49.3287887573242
6707,734.148069765767,2500,905.951849947303,10982572,49.3287887573242
6708,854.568297109404,2500,901.319431788413,10985072,49.3287887573242
6709,626.261507088662,2500,843.767464409628,10987572,49.3287887573242
6710,669.127676565141,2500,815.1977083611,10990072,49.3287887573242
6711,585.651989787263,2500,777.701288826669,10992572,49.3287887573242
6712,834.869380571862,2500,765.561107485003,10995072,49.3287887573242
6713,578.461268034113,2500,727.781822830213,10997572,49.3287887573242
6714,862.979219298367,2500,727.757578100712,11000072,49.3287887573242
6715,689.906258933332,2500,723.401070197991,11002572,49.3287887573242
6716,787.479665970298,2500,722.345333312421,11005072,49.3287887573242
6717,861.094741959754,2500,735.040000531819,11007572,49.3287887573242
6718,915.544912894416,2500,741.137662110321,11010072,49.3287887573242
6719,722.663976649414,2500,750.777909066396,11012572,49.3287887573242
6720,663.512696181254,2500,750.216411028007,11015072,49.3287887573242
6721,1032.88481439327,2500,794.939693488608,11017572,48.1765403747559
6722,798.979047814519,2500,791.350660212873,11020072,48.1765403747559
6723,784.606607005261,2500,811.965194109988,11022572,48.1765403747559
6724,768.054162522239,2500,802.472688432375,11025072,48.1765403747559
6725,891.03043290419,2500,822.585105829461,11027572,48.1765403747559
6726,658.798976195471,2500,809.717036851978,11030072,48.1765403747559
6727,737.073849808509,2500,797.314947636854,11032572,48.1765403747559
6728,761.389037977072,2500,781.89936014512,11035072,48.1765403747559
6729,787.928925377905,2500,788.425855017969,11037572,48.1765403747559
6730,782.983410299022,2500,800.372926429746,11040072,48.1765403747559
6731,881.748412450755,2500,785.259286235494,11042572,48.1765403747559
6732,856.349367020949,2500,790.996318156137,11045072,48.1765403747559
6733,889.735362116338,2500,801.509193667245,11047572,48.1765403747559
6734,983.438302807187,2500,823.04760769574,11050072,48.1765403747559
6735,886.462363747289,2500,822.59080078005,11052572,48.1765403747559
6736,723.393528379746,2500,829.050255998477,11055072,48.1765403747559
6737,723.470349587424,2500,827.689905976369,11057572,48.1765403747559
6738,895.637715188342,2500,841.114773697496,11060072,48.1765403747559
6739,795.028740924504,2500,841.824755252156,11062572,48.1765403747559
6740,913.154520610416,2500,854.841866283295,11065072,48.1765403747559
6741,902.512793691202,2500,856.91830440734,11067572,48.1765403747559
6742,927.14603082598,2500,863.997970787843,11070072,48.1765403747559
6743,707.948636022908,2500,845.8192981785,11072572,48.1765403747559
6744,827.828183918446,2500,830.258286289626,11075072,48.1765403747559
6745,882.290024655972,2500,829.841052380494,11077572,48.1765403747559
6746,788.539106339515,2500,836.355610176471,11080072,48.1765403747559
6747,791.675637114991,2500,843.176138929228,11082572,48.1765403747559
6748,913.402096651193,2500,844.952577075513,11085072,51.4653816223145
6749,867.340752907397,2500,852.183778273802,11087572,51.4653816223145
6750,721.719842951697,2500,833.04031050793,11090072,51.4653816223145
6751,956.550031269143,2500,838.444034265724,11092572,51.4653816223145
6752,763.851910529534,2500,822.11462223608,11095072,51.4653816223145
6753,784.55041194841,2500,829.77479982863,11097572,51.4653816223145
6754,917.593233669319,2500,838.751304803717,11100072,51.4653816223145
6755,899.779941843534,2500,840.500296522473,11102572,51.4653816223145
6756,794.829471169737,2500,841.129333005496,11105072,51.4653816223145
6757,992.712777239827,2500,861.233047017979,11107572,51.4653816223145
6758,826.994762950092,2500,852.592313647869,11110072,51.4653816223145
6759,735.068919380768,2500,839.365130295206,11112572,51.4653816223145
6760,920.594380480871,2500,859.252584048124,11115072,51.4653816223145
6761,839.738856994615,2500,847.571466620671,11117572,51.4653816223145
6762,850.314397590066,2500,856.217715326724,11120072,51.4653816223145
6763,918.986224224732,2500,869.661296554356,11122572,51.4653816223145
6764,807.488925527371,2500,858.650865740161,11125072,51.4653816223145
6765,737.062180321553,2500,842.379089587963,11127572,44.6825408935547
6766,796.843178837094,2500,842.580460354699,11130072,44.6825408935547
6767,577.253760086978,2500,801.034558639414,11132572,44.6825408935547
6768,725.463623310754,2500,790.88144467548,11135072,44.6825408935547
6769,729.828953301521,2500,790.357448067556,11137572,44.6825408935547
6770,651.931880520618,2500,763.49119807153,11140072,44.6825408935547
6771,738.920989759339,2500,753.409411348003,11142572,44.6825408935547
6772,690.818016124086,2500,737.459773201405,11145072,44.6825408935547
6773,627.207980493101,2500,708.281948828242,11147572,44.6825408935547
6774,831.148441862332,2500,710.647900461738,11150072,44.6825408935547
6775,654.408028695618,2500,702.382485299144,11152572,44.6825408935547
6776,704.711606657612,2500,693.169328081196,11155072,44.6825408935547
6777,607.204104132853,2500,696.164362485783,11157572,44.6825408935547
6778,682.464093158481,2500,691.864409470556,11160072,44.6825408935547
6779,810.103757008945,2500,699.891889841299,11162572,44.6825408935547
6780,708.029404865618,2500,705.501642275799,11165072,44.6825408935547
6781,553.298646366161,2500,686.939407936481,11167572,44.6825408935547
6782,699.353222165061,2500,687.792928540578,11170072,44.6825408935547
6783,649.216326471845,2500,689.993763138453,11172572,44.6825408935547
6784,848.656491250258,2500,691.744568077245,11175072,44.6825408935547
6785,725.494595341013,2500,698.853224741785,11177572,44.6825408935547
6786,861.714373025722,2500,714.553501378596,11180072,44.6825408935547
6787,615.82974270643,2500,715.416065235954,11182572,44.6825408935547
6788,654.631957307909,2500,712.632851650896,11185072,44.6825408935547
6789,875.31661202825,2500,719.154137152827,11187572,44.6825408935547
6790,830.4957660285,2500,731.400773269115,11190072,44.6825408935547
6791,704.316338667367,2500,746.502542499235,11192572,44.6825408935547
6792,647.646437230464,2500,741.331864005776,11195072,48.5242004394531
6793,664.687797333167,2500,742.879011091908,11197572,48.5242004394531
6794,789.627416625318,2500,736.976103629414,11200072,48.5242004394531
6795,665.457959895945,2500,730.972440084907,11202572,48.5242004394531
6796,751.964373204547,2500,719.99744010279,11205072,48.5242004394531
6797,650.090348720523,2500,723.423500704199,11207572,48.5242004394531
6798,838.340749681167,2500,741.794379941525,11210072,48.5242004394531
6799,688.513382939452,2500,723.114057032645,11212572,48.5242004394531
6800,668.822075566433,2500,706.946687986439,11215072,48.5242004394531
6801,819.028920199684,2500,718.41794613967,11217572,48.5242004394531
6802,1059.42502658868,2500,759.595805075492,11220072,48.5242004394531
6803,774.560091128446,2500,770.58303445502,11222572,48.5242004394531
6804,771.710483071089,2500,768.791341099597,11225072,48.5242004394531
6805,773.388281538159,2500,779.584373263818,11227572,48.5242004394531
6806,793.021756033781,2500,783.690111546742,11230072,48.5242004394531
6807,644.441213687721,2500,783.125198043462,11232572,48.5242004394531
6808,969.729179087871,2500,796.264040984132,11235072,48.5242004394531
6809,1091.97074750189,2500,836.609777440376,11237572,47.6834297180176
6810,964.406673229587,2500,866.168237206691,11240072,47.6834297180176
6811,1069.69426349239,2500,891.234771535962,11242572,47.6834297180176
6812,807.956079181236,2500,866.087876795217,11245072,47.6834297180176
6813,914.367355791128,2500,880.068603261485,11247572,47.6834297180176
6814,925.606839628014,2500,895.458238917178,11250072,47.6834297180176
6815,1001.96667358924,2500,918.316078122286,11252572,47.6834297180176
6816,1059.89613576339,2500,945.003516095246,11255072,47.6834297180176
6817,892.395853274456,2500,969.79898005392,11257572,47.6834297180176
6818,1023.84719522648,2500,975.21078166778,11260072,47.6834297180176
6819,1150.60485782556,2500,981.074192700147,11262572,47.6834297180176
6820,903.689598715351,2500,975.002485248724,11265072,47.6834297180176
6821,1058.06630125067,2500,973.839689024552,11267572,47.6834297180176
6822,837.528354321369,2500,976.796916538565,11270072,47.6834297180176
6823,849.303489070352,2500,970.290529866488,11272572,47.6834297180176
6824,917.110006466121,2500,969.440846550298,11275072,47.6834297180176
6825,825.235743997125,2500,951.767753591087,11277572,47.6834297180176
6826,823.427838180401,2500,928.120923832789,11280072,47.6834297180176
6827,1028.18614454782,2500,941.699952960125,11282572,47.6834297180176
6828,997.735774077874,2500,939.088810845264,11285072,47.6834297180176
6829,1001.25859308697,2500,924.154184371405,11287572,47.6834297180176
6830,962.301065035724,2500,930.015331003442,11290072,47.6834297180176
6831,1045.62475131528,2500,928.771176009904,11292572,47.6834297180176
6832,1054.07151641574,2500,950.42549221934,11295072,47.6834297180176
6833,828.066469551212,2500,948.301790267426,11297572,47.6834297180176
6834,956.173060529956,2500,952.20809567381,11300072,47.6834297180176
6835,1084.12813798198,2500,978.097335072296,11302572,47.6834297180176
6836,898.087004385715,2500,985.563251692827,11305072,43.1950721740723
6837,766.385791543007,2500,959.383216392346,11307572,43.1950721740723
6838,804.93743575451,2500,940.10338256001,11310072,43.1950721740723
6839,1104.70540211227,2500,950.44806346254,11312572,43.1950721740723
6840,1144.06702585452,2500,968.62465954442,11315072,43.1950721740723
6841,901.379497937142,2500,954.200134206606,11317572,43.1950721740723
6842,845.241098270564,2500,933.317092392088,11320072,43.1950721740723
6843,914.36212681989,2500,941.946658118956,11322572,43.1950721740723
6844,1308.66720162098,2500,977.196072228059,11325072,43.1950721740723
6845,1050.86122597542,2500,973.869381027403,11327572,43.1950721740723
6846,904.349080346161,2500,974.495588623447,11330072,43.1950721740723
6847,986.298280951805,2500,996.486837564327,11332572,43.1950721740723
6848,672.549522592426,2500,983.248046248118,11335072,43.1950721740723
6849,793.166730787228,2500,952.094179115614,11337572,43.1950721740723
6850,859.037593588926,2500,923.591235889055,11340072,43.1950721740723
6851,949.104782192242,2500,928.363764314565,11342572,43.1950721740723
6852,959.043848254042,2500,939.744039312912,11345072,43.1950721740723
6853,1139.62501889756,2500,962.27032852068,11347572,48.0182075500488
6854,1017.17703611658,2500,933.12131197024,11350072,48.0182075500488
6855,1004.57983102841,2500,928.493172475539,11352572,48.0182075500488
6856,1102.16018318903,2500,948.274282759826,11355072,48.0182075500488
6857,1120.877161926,2500,961.732170857245,11357572,48.0182075500488
6858,1217.60195634891,2500,1016.23741423289,11360072,48.0182075500488
6859,828.411002170348,2500,1019.76184137121,11362572,48.0182075500488
6860,1393.90562127052,2500,1073.24864413937,11365072,48.0182075500488
6861,1318.13938861909,2500,1110.15210478205,11367572,48.0182075500488
6862,1168.25216621798,2500,1131.07293657844,11370072,48.0182075500488
6863,1104.15590279617,2500,1127.52602496831,11372572,48.0182075500488
6864,1012.91642333024,2500,1127.09996368967,11375072,48.0182075500488
6865,777.361641740403,2500,1104.37814476087,11377572,48.0182075500488
6866,1088.21630426664,2500,1102.98375686863,11380072,48.0182075500488
6867,1136.64415335571,2500,1104.5604560116,11382572,48.0182075500488
6868,1292.57362749557,2500,1112.05762312627,11385072,48.0182075500488
6869,1216.60361874709,2500,1150.87688478394,11387572,48.0182075500488
6870,1008.27048895013,2500,1112.3133715519,11390072,48.0182075500488
6871,1144.06635860582,2500,1094.90606855058,11392572,48.0182075500488
6872,1058.13198320494,2500,1083.89405024927,11395072,48.0182075500488
6873,1012.17903373174,2500,1074.69636334283,11397572,48.0182075500488
6874,1096.08302010576,2500,1083.01302302038,11400072,48.0182075500488
6875,1043.48847678482,2500,1109.62570652482,11402572,48.0182075500488
6876,1268.00013770721,2500,1127.60408986888,11405072,48.0182075500488
6877,1230.48293253703,2500,1136.98796778701,11407572,48.0182075500488
6878,1125.10619964201,2500,1120.24122500165,11410072,48.0182075500488
6879,1215.8368344209,2500,1120.16454656904,11412572,48.0182075500488
6880,911.264062950384,2500,1110.46390396906,11415072,46.9338340759277
6881,1165.29140415017,2500,1112.5864085235,11417572,46.9338340759277
6882,808.338867923692,2500,1087.60709699537,11420072,46.9338340759277
6883,1012.51649878232,2500,1087.64084350043,11422572,46.9338340759277
6884,1011.62524720732,2500,1079.19506621059,11425072,46.9338340759277
6885,886.645857510161,2500,1063.51080428312,11427572,46.9338340759277
6886,748.400756952463,2500,1011.55086620764,11430072,46.9338340759277
6887,1026.84875948871,2500,991.187448902813,11432572,46.9338340759277
6888,1011.51322335548,2500,979.82815127416,11435072,46.9338340759277
6889,1025.21356966467,2500,960.765824798537,11437572,46.9338340759277
6890,879.876286340256,2500,957.627047137524,11440072,46.9338340759277
6891,998.315789495363,2500,940.929485672043,11442572,46.9338340759277
6892,905.509215863482,2500,950.646520466022,11445072,46.9338340759277
6893,888.434934627676,2500,938.238364050557,11447572,46.9338340759277
6894,900.958152881362,2500,927.171654617962,11450072,46.9338340759277
6895,1178.66799417541,2500,956.373868284487,11452572,46.9338340759277
6896,789.274373460457,2500,960.461229935286,11455072,46.9338340759277
6897,886.478287631943,2500,946.424182749609,11457572,48.2513122558594
6898,814.178076389268,2500,926.690668052989,11460072,48.2513122558594
6899,926.65193395687,2500,916.834504482208,11462572,48.2513122558594
6900,992.927219746397,2500,928.139597822823,11465072,48.2513122558594
6901,991.575927899605,2500,927.465611663247,11467572,48.2513122558594
6902,960.455706603514,2500,932.96026073725,11470072,48.2513122558594
6903,1116.55261064614,2500,955.772028339096,11472572,48.2513122558594
6904,1017.23594449075,2500,967.399807500035,11475072,48.2513122558594
6905,954.925842755224,2500,945.025592358017,11477572,48.2513122558594
6906,911.48873789087,2500,957.247028801058,11480072,48.2513122558594
6907,803.034610179752,2500,948.902661055839,11482572,48.2513122558594
6908,854.395757611437,2500,952.924429178056,11485072,48.2513122558594
6909,905.072239684419,2500,950.766459750811,11487572,48.2513122558594
6910,935.529182471875,2500,945.026656023359,11490072,48.2513122558594
6911,1019.38533764761,2500,947.807596998159,11492572,48.2513122558594
6912,916.073310534957,2500,943.369357391304,11495072,48.2513122558594
6913,1055.73091713942,2500,937.287188040631,11497572,48.2513122558594
6914,999.539832141197,2500,935.517576805676,11500072,48.2513122558594
6915,1037.83558753819,2500,943.808551283973,11502572,48.2513122558594
6916,949.395486204886,2500,947.599226115374,11505072,48.2513122558594
6917,988.000653657456,2500,966.095830463145,11507572,48.2513122558594
6918,963.509902929969,2500,977.007244994998,11510072,48.2513122558594
6919,924.896897872814,2500,978.989710813837,11512572,48.2513122558594
6920,878.556001767472,2500,973.292392743397,11515072,48.2513122558594
6921,892.716361723763,2500,960.625495151012,11517572,48.2513122558594
6922,928.302492152009,2500,961.848413312717,11520072,48.2513122558594
6923,1026.54347522314,2500,958.92966912109,11522572,48.2513122558594
6924,1008.50495714149,2500,959.826181621119,11525072,49.7000694274902
6925,1239.08883943227,2500,979.951506810527,11527572,49.7000694274902
6926,1088.91660016654,2500,993.903618206693,11530072,49.7000694274902
6927,1120.92602037753,2500,1007.1961548787,11532572,49.7000694274902
6928,1150.06515526743,2500,1025.85168011245,11535072,49.7000694274902
6929,1128.51838955308,2500,1046.21382928047,11537572,49.7000694274902
6930,1118.77039053792,2500,1070.23526815752,11540072,49.7000694274902
6931,1175.16436495763,2500,1098.4800684809,11542572,49.7000694274902
6932,1236.75025959566,2500,1129.32484522527,11545072,49.7000694274902
6933,1131.47021673097,2500,1139.81751937605,11547572,49.7000694274902
6934,904.692457482615,2500,1129.43626941016,11550072,49.7000694274902
6935,1154.78119901496,2500,1121.00550536843,11552572,49.7000694274902
6936,874.622501681944,2500,1099.57609551997,11555072,49.7000694274902
6937,1177.4901488533,2500,1105.23250836755,11557572,49.7000694274902
6938,928.866769442273,2500,1083.11266978503,11560072,49.7000694274902
6939,1256.78267090688,2500,1095.93909792041,11562572,49.7000694274902
6940,1215.40548957578,2500,1105.6026078242,11565072,49.7000694274902
6941,1188.33373436841,2500,1106.91954476528,11567572,49.7013282775879
6942,1164.17099438636,2500,1099.66161824435,11570072,49.7013282775879
6943,1364.16231889493,2500,1122.93082846074,11572572,49.7013282775879
6944,1156.70886275937,2500,1148.13246898842,11575072,49.7013282775879
6945,1148.30251072837,2500,1147.48460015976,11577572,49.7013282775879
6946,1065.59092270075,2500,1166.58144226164,11580072,49.7013282775879
6947,1177.99306523305,2500,1166.63173389962,11582572,49.7013282775879
6948,1371.79738141998,2500,1210.92479509739,11585072,49.7013282775879
6949,1463.49546337007,2500,1231.59607434371,11587572,49.7013282775879
6950,1258.85373682291,2500,1235.94089906842,11590072,49.7013282775879
6951,1069.80509788564,2500,1224.08803542014,11592572,49.7013282775879
6952,1358.57351056461,2500,1243.52828703797,11595072,49.7013282775879
6953,1180.58949825783,2500,1225.17100497426,11597572,49.7013282775879
6954,1249.77121989045,2500,1234.47724068736,11600072,49.7013282775879
6955,1293.13097130614,2500,1248.96008674514,11602572,49.7013282775879
6956,1282.08738839761,2500,1270.60973331483,11605072,49.7013282775879
6957,1268.74076252527,2500,1279.68450304405,11607572,49.7013282775879
6958,1258.40620384575,2500,1268.34538528663,11610072,49.7013282775879
6959,1213.15842126668,2500,1243.31168107629,11612572,49.7013282775879
6960,1192.59608069456,2500,1236.68591546345,11615072,49.7013282775879
6961,1168.45391320618,2500,1246.55079699551,11617572,49.7013282775879
6962,1157.40389900255,2500,1226.4338358393,11620072,49.7013282775879
6963,1305.71047046904,2500,1238.94593306042,11622572,49.7013282775879
6964,1155.20843074933,2500,1229.48965414631,11625072,49.7013282775879
6965,1150.01285420241,2500,1215.17784243594,11627572,49.7013282775879
6966,1155.88426092855,2500,1202.55752968903,11630072,49.7013282775879
6967,1272.11460582655,2500,1202.89491401916,11632572,49.7013282775879
6968,973.889701344711,2500,1174.44326376906,11635072,48.9876365661621
6969,974.868128958103,2500,1150.6142345382,11637572,48.9876365661621
6970,1154.10050508427,2500,1146.76467697717,11640072,48.9876365661621
6971,1041.95858334815,2500,1134.11514399137,11642572,48.9876365661621
6972,996.474285327771,2500,1118.02218262389,11645072,48.9876365661621
6973,882.199830515051,2500,1075.67111862849,11647572,48.9876365661621
6974,891.534611919669,2500,1049.30373674552,11650072,48.9876365661621
6975,895.100545472296,2500,1023.81250587251,11652572,48.9876365661621
6976,1008.80187008236,2500,1009.10426678789,11655072,48.9876365661621
6977,1094.15275507133,2500,991.308081712371,11657572,48.9876365661621
6978,1188.60611513682,2500,1012.77972309158,11660072,48.9876365661621
6979,1004.35871532021,2500,1015.72878172779,11662572,48.9876365661621
6980,1042.00832013242,2500,1004.51956323261,11665072,48.9876365661621
6981,847.985933325066,2500,985.1222982303,11667572,48.9876365661621
6982,1255.17505500484,2500,1010.99237519801,11670072,48.9876365661621
6983,910.391413741382,2500,1013.81153352064,11672572,48.9876365661621
6984,941.739048313013,2500,1018.83197715997,11675072,48.9876365661621
6985,1059.3006960773,2500,1035.25199222048,11677572,49.0985145568848
6986,1211.78645639501,2500,1055.55045085174,11680072,49.0985145568848
6987,993.585895139264,2500,1045.49376485853,11682572,49.0985145568848
6988,903.744339741812,2500,1017.00758731903,11685072,49.0985145568848
6989,898.915988860802,2500,1006.46331467309,11687572,49.0985145568848
6990,953.211754500915,2500,997.583658109941,11690072,49.0985145568848
6991,802.666463459816,2500,993.051711123416,11692572,49.0985145568848
6992,1169.47035690285,2500,984.481241313217,11695072,49.0985145568848
6993,1153.45611007348,2500,1008.78771094643,11697572,49.0985145568848
6994,1054.93695596706,2500,1020.10750171183,11700072,49.0985145568848
6995,1109.12402699685,2500,1025.08983480379,11702572,49.0985145568848
6996,1008.04632506372,2500,1004.71582167066,11705072,49.0985145568848
6997,1131.29677769592,2500,1018.48690992632,11707572,49.0985145568848
6998,976.908027548343,2500,1025.80327870698,11710072,49.0985145568848
6999,1026.0922360957,2500,1038.52090343047,11712572,49.0985145568848
7000,1030.51127331691,2500,1046.25085531207,11715072,49.0985145568848
