Training console diary: C:\Users\abuj\Code\Reinforcement-Learning-Furuta-Inverted-Pendulum\results\TD3\run_20260708_222715_td3_mathworks_style_pi_current_1c_500hz_long_detailed_scratch7000\training_console.log
Starting parallel pool (parpool) using the 'Processes' profile ...
Preserving jobs with IDs: 1 8 because they contain crash dump files.
You can use 'delete(myCluster.Jobs)' to remove all jobs created with profile Processes. To create 'myCluster' use 'myCluster = parcluster('Processes')'.
Connected to parallel pool with 22 workers.
Episode:   1/7000 | Episode reward:    24.65 | Episode steps:   58 | Average reward:    24.65 | Step Count:   58 | Episode Q0:    -0.15
Episode:   2/7000 | Episode reward:    36.03 | Episode steps:   86 | Average reward:    30.34 | Step Count:  144 | Episode Q0:    -0.15
Episode:   3/7000 | Episode reward:    65.28 | Episode steps:  327 | Average reward:    41.99 | Step Count:  471 | Episode Q0:    -0.15
Episode:   4/7000 | Episode reward:    29.79 | Episode steps:   58 | Average reward:    38.94 | Step Count:  529 | Episode Q0:    -0.15
Episode:   5/7000 | Episode reward:    37.99 | Episode steps:   64 | Average reward:    38.75 | Step Count:  593 | Episode Q0:    -0.15
Episode:   6/7000 | Episode reward:    81.12 | Episode steps:  299 | Average reward:    45.81 | Step Count:  892 | Episode Q0:    -0.15
Episode:   7/7000 | Episode reward:    30.49 | Episode steps:   96 | Average reward:    43.62 | Step Count:  988 | Episode Q0:    -0.15
Episode:   8/7000 | Episode reward:    19.27 | Episode steps:   82 | Average reward:    40.58 | Step Count: 1070 | Episode Q0:    -0.15
Episode:   9/7000 | Episode reward:    -7.50 | Episode steps:   85 | Average reward:    35.24 | Step Count: 1155 | Episode Q0:    -0.15
Episode:  10/7000 | Episode reward:    16.93 | Episode steps:  101 | Average reward:    33.41 | Step Count: 1256 | Episode Q0:    -0.15
Episode:  11/7000 | Episode reward:    23.09 | Episode steps:   72 | Average reward:    33.25 | Step Count: 1328 | Episode Q0:    -0.15
Episode:  12/7000 | Episode reward:    23.98 | Episode steps:   70 | Average reward:    32.05 | Step Count: 1398 | Episode Q0:    -0.15
Episode:  13/7000 | Episode reward:  -128.12 | Episode steps:  271 | Average reward:    12.71 | Step Count: 1669 | Episode Q0:    -0.15
Episode:  14/7000 | Episode reward:    19.51 | Episode steps:  100 | Average reward:    11.68 | Step Count: 1769 | Episode Q0:    -0.15
Episode:  15/7000 | Episode reward:    33.75 | Episode steps:   87 | Average reward:    11.25 | Step Count: 1856 | Episode Q0:    -0.15
Episode:  16/7000 | Episode reward:    28.39 | Episode steps:  102 | Average reward:     5.98 | Step Count: 1958 | Episode Q0:    -0.15
Episode:  17/7000 | Episode reward:    27.76 | Episode steps:   63 | Average reward:     5.71 | Step Count: 2021 | Episode Q0:    -0.15
Episode:  18/7000 | Episode reward:    16.42 | Episode steps:   38 | Average reward:     5.42 | Step Count: 2059 | Episode Q0:    -0.15
Episode:  19/7000 | Episode reward:    45.15 | Episode steps:  113 | Average reward:    10.69 | Step Count: 2172 | Episode Q0:    -0.15
Episode:  20/7000 | Episode reward:    48.36 | Episode steps:  101 | Average reward:    13.83 | Step Count: 2273 | Episode Q0:    -0.15
Episode:  21/7000 | Episode reward:    19.82 | Episode steps:   94 | Average reward:    13.50 | Step Count: 2367 | Episode Q0:    -0.15
Episode:  22/7000 | Episode reward:    81.33 | Episode steps:  126 | Average reward:    19.24 | Step Count: 2493 | Episode Q0:    -0.15
Episode:  23/7000 | Episode reward:    13.35 | Episode steps:   82 | Average reward:    33.38 | Step Count: 2575 | Episode Q0:    -0.15
Episode:  24/7000 | Episode reward:    51.53 | Episode steps:   76 | Average reward:    36.59 | Step Count: 2651 | Episode Q0:    -0.15
Episode:  25/7000 | Episode reward:    39.66 | Episode steps:  101 | Average reward:    37.18 | Step Count: 2752 | Episode Q0:    -0.15
Episode:  26/7000 | Episode reward:    20.61 | Episode steps:   80 | Average reward:    36.40 | Step Count: 2832 | Episode Q0:    -0.15
Episode:  27/7000 | Episode reward:    36.60 | Episode steps:   91 | Average reward:    37.28 | Step Count: 2923 | Episode Q0:    -0.15
Episode:  28/7000 | Episode reward:    36.82 | Episode steps:   99 | Average reward:    39.32 | Step Count: 3022 | Episode Q0:    -0.15
Episode:  29/7000 | Episode reward:    36.23 | Episode steps:   90 | Average reward:    38.43 | Step Count: 3112 | Episode Q0:    -0.15
Episode:  30/7000 | Episode reward:    35.70 | Episode steps:   77 | Average reward:    37.16 | Step Count: 3189 | Episode Q0:    -0.15
Episode:  31/7000 | Episode reward:    21.64 | Episode steps:   42 | Average reward:    37.35 | Step Count: 3231 | Episode Q0:    -0.15
Episode:  32/7000 | Episode reward:    43.55 | Episode steps:  111 | Average reward:    33.57 | Step Count: 3342 | Episode Q0:    -0.15
Episode:  33/7000 | Episode reward:    44.23 | Episode steps:   79 | Average reward:    36.66 | Step Count: 3421 | Episode Q0:    -0.15
Episode:  34/7000 | Episode reward:    -6.11 | Episode steps:   64 | Average reward:    30.89 | Step Count: 3485 | Episode Q0:    -0.15
Episode:  35/7000 | Episode reward:    17.03 | Episode steps:   40 | Average reward:    28.63 | Step Count: 3525 | Episode Q0:    -0.15
Episode:  36/7000 | Episode reward:    11.17 | Episode steps:  122 | Average reward:    27.69 | Step Count: 3647 | Episode Q0:    -0.15
Episode:  37/7000 | Episode reward:    24.44 | Episode steps:   84 | Average reward:    26.47 | Step Count: 3731 | Episode Q0:    -0.15
Episode:  38/7000 | Episode reward:    39.59 | Episode steps:  110 | Average reward:    26.75 | Step Count: 3841 | Episode Q0:    -0.15
Episode:  39/7000 | Episode reward:    35.24 | Episode steps:   94 | Average reward:    26.65 | Step Count: 3935 | Episode Q0:    -0.15
Episode:  40/7000 | Episode reward:    49.47 | Episode steps:  223 | Average reward:    28.03 | Step Count: 4158 | Episode Q0:    -0.15
Episode:  41/7000 | Episode reward:    31.69 | Episode steps:  101 | Average reward:    29.03 | Step Count: 4259 | Episode Q0:    -0.15
Episode:  42/7000 | Episode reward:    93.71 | Episode steps:  238 | Average reward:    34.05 | Step Count: 4497 | Episode Q0:    -0.15
Episode:  43/7000 | Episode reward:   102.87 | Episode steps:  298 | Average reward:    39.91 | Step Count: 4795 | Episode Q0:    -0.15
Episode:  44/7000 | Episode reward:    16.32 | Episode steps:   65 | Average reward:    42.15 | Step Count: 4860 | Episode Q0:    -0.15
Episode:  45/7000 | Episode reward:    33.49 | Episode steps:   69 | Average reward:    43.80 | Step Count: 4929 | Episode Q0:    -0.15
Episode:  46/7000 | Episode reward:    20.04 | Episode steps:   87 | Average reward:    44.69 | Step Count: 5016 | Episode Q0:    -0.15
Episode:  47/7000 | Episode reward:    30.44 | Episode steps:   89 | Average reward:    45.29 | Step Count: 5105 | Episode Q0:    -0.15
Episode:  48/7000 | Episode reward:    46.31 | Episode steps:  108 | Average reward:    45.96 | Step Count: 5213 | Episode Q0:    -0.15
Episode:  49/7000 | Episode reward:    34.66 | Episode steps:   98 | Average reward:    45.90 | Step Count: 5311 | Episode Q0:    -0.15
Episode:  50/7000 | Episode reward:    10.13 | Episode steps:   47 | Average reward:    41.97 | Step Count: 5358 | Episode Q0:    -0.15
Episode:  51/7000 | Episode reward:    29.33 | Episode steps:   85 | Average reward:    41.73 | Step Count: 5443 | Episode Q0:    -0.15
Episode:  52/7000 | Episode reward:   -23.00 | Episode steps:   96 | Average reward:    30.06 | Step Count: 5539 | Episode Q0:    -0.15
Episode:  53/7000 | Episode reward:    35.99 | Episode steps:  109 | Average reward:    23.37 | Step Count: 5648 | Episode Q0:     0.47
Episode:  54/7000 | Episode reward:    16.32 | Episode steps:   95 | Average reward:    23.37 | Step Count: 5743 | Episode Q0:     0.47
Episode:  55/7000 | Episode reward:    50.10 | Episode steps:  103 | Average reward:    25.03 | Step Count: 5846 | Episode Q0:     0.47
Episode:  56/7000 | Episode reward:    -4.43 | Episode steps:   97 | Average reward:    22.59 | Step Count: 5943 | Episode Q0:     0.47
Episode:  57/7000 | Episode reward:    31.67 | Episode steps:   82 | Average reward:    22.71 | Step Count: 6025 | Episode Q0:     0.47
Episode:  58/7000 | Episode reward:    32.39 | Episode steps:   73 | Average reward:    21.32 | Step Count: 6098 | Episode Q0:     0.47
Episode:  59/7000 | Episode reward:    31.05 | Episode steps:   96 | Average reward:    20.96 | Step Count: 6194 | Episode Q0:     0.47
Episode:  60/7000 | Episode reward:    52.15 | Episode steps:  122 | Average reward:    25.16 | Step Count: 6316 | Episode Q0:     0.47
Episode:  61/7000 | Episode reward:     8.34 | Episode steps:   83 | Average reward:    23.06 | Step Count: 6399 | Episode Q0:     0.47
Episode:  62/7000 | Episode reward:    37.79 | Episode steps:  110 | Average reward:    29.14 | Step Count: 6509 | Episode Q0:     0.47
Episode:  63/7000 | Episode reward:    34.12 | Episode steps:   99 | Average reward:    28.95 | Step Count: 6608 | Episode Q0:     0.47
Episode:  64/7000 | Episode reward:    28.37 | Episode steps:   77 | Average reward:    30.15 | Step Count: 6685 | Episode Q0:     0.47
Episode:  65/7000 | Episode reward:    33.86 | Episode steps:   78 | Average reward:    28.53 | Step Count: 6763 | Episode Q0:     0.47
Episode:  66/7000 | Episode reward:    26.15 | Episode steps:   99 | Average reward:    31.59 | Step Count: 6862 | Episode Q0:     0.47
Episode:  67/7000 | Episode reward:    12.96 | Episode steps:   73 | Average reward:    29.72 | Step Count: 6935 | Episode Q0:     0.47
Episode:  68/7000 | Episode reward:     7.14 | Episode steps:   60 | Average reward:    27.19 | Step Count: 6995 | Episode Q0:     0.47
Episode:  69/7000 | Episode reward:    26.15 | Episode steps:  122 | Average reward:    26.70 | Step Count: 7117 | Episode Q0:     0.47
Episode:  70/7000 | Episode reward:    24.56 | Episode steps:   60 | Average reward:    23.94 | Step Count: 7177 | Episode Q0:     0.47
Episode:  71/7000 | Episode reward:    26.95 | Episode steps:   60 | Average reward:    25.81 | Step Count: 7237 | Episode Q0:     0.47
Episode:  72/7000 | Episode reward:    47.76 | Episode steps:   84 | Average reward:    26.80 | Step Count: 7321 | Episode Q0:     0.47
Episode:  73/7000 | Episode reward:    19.51 | Episode steps:   60 | Average reward:    25.34 | Step Count: 7381 | Episode Q0:     0.47
Episode:  74/7000 | Episode reward:    30.17 | Episode steps:   66 | Average reward:    25.52 | Step Count: 7447 | Episode Q0:     0.47
Episode:  75/7000 | Episode reward:   144.67 | Episode steps:  341 | Average reward:    36.60 | Step Count: 7788 | Episode Q0:     0.47
Episode:  76/7000 | Episode reward:   172.90 | Episode steps:  385 | Average reward:    51.28 | Step Count: 8173 | Episode Q0:     0.47
Episode:  77/7000 | Episode reward:    38.09 | Episode steps:   80 | Average reward:    53.79 | Step Count: 8253 | Episode Q0:     0.47
Episode:  78/7000 | Episode reward:    37.56 | Episode steps:   71 | Average reward:    56.83 | Step Count: 8324 | Episode Q0:     0.47
Episode:  79/7000 | Episode reward:    23.97 | Episode steps:   73 | Average reward:    56.61 | Step Count: 8397 | Episode Q0:     0.47
Episode:  80/7000 | Episode reward:     7.71 | Episode steps:   69 | Average reward:    54.93 | Step Count: 8466 | Episode Q0:     0.47
Episode:  81/7000 | Episode reward:    42.72 | Episode steps:   76 | Average reward:    56.51 | Step Count: 8542 | Episode Q0:     0.47
Episode:  82/7000 | Episode reward:    20.55 | Episode steps:   52 | Average reward:    53.79 | Step Count: 8594 | Episode Q0:     0.47
Episode:  83/7000 | Episode reward:   113.95 | Episode steps:  283 | Average reward:    63.23 | Step Count: 8877 | Episode Q0:     0.47
Episode:  84/7000 | Episode reward:     9.43 | Episode steps:   83 | Average reward:    61.16 | Step Count: 8960 | Episode Q0:     0.47
Episode:  85/7000 | Episode reward:    14.70 | Episode steps:   41 | Average reward:    48.16 | Step Count: 9001 | Episode Q0:     0.47
Episode:  86/7000 | Episode reward:    26.69 | Episode steps:   76 | Average reward:    33.54 | Step Count: 9077 | Episode Q0:     0.47
Episode:  87/7000 | Episode reward:    52.32 | Episode steps:   90 | Average reward:    34.96 | Step Count: 9167 | Episode Q0:     0.72
Episode:  88/7000 | Episode reward:    19.84 | Episode steps:   42 | Average reward:    33.19 | Step Count: 9209 | Episode Q0:     0.72
Episode:  89/7000 | Episode reward:    31.79 | Episode steps:   76 | Average reward:    33.97 | Step Count: 9285 | Episode Q0:     0.72
Episode:  90/7000 | Episode reward:   118.69 | Episode steps:  342 | Average reward:    45.07 | Step Count: 9627 | Episode Q0:     0.72
Episode:  91/7000 | Episode reward:   122.78 | Episode steps:  305 | Average reward:    53.07 | Step Count: 9932 | Episode Q0:     0.72
Episode:  92/7000 | Episode reward:   132.39 | Episode steps:  347 | Average reward:    64.26 | Step Count: 10279 | Episode Q0:     0.72
Episode:  93/7000 | Episode reward:    22.31 | Episode steps:   76 | Average reward:    55.09 | Step Count: 10355 | Episode Q0:     0.72
Episode:  94/7000 | Episode reward:    93.10 | Episode steps:  268 | Average reward:    63.46 | Step Count: 10623 | Episode Q0:     0.72
Episode:  95/7000 | Episode reward:    25.14 | Episode steps:   52 | Average reward:    64.50 | Step Count: 10675 | Episode Q0:     0.72
Episode:  96/7000 | Episode reward:   127.30 | Episode steps:  321 | Average reward:    74.57 | Step Count: 10996 | Episode Q0:     0.72
Episode:  97/7000 | Episode reward:    39.38 | Episode steps:   78 | Average reward:    73.27 | Step Count: 11074 | Episode Q0:     0.72
Episode:  98/7000 | Episode reward:    60.54 | Episode steps:   97 | Average reward:    77.34 | Step Count: 11171 | Episode Q0:     0.72
Episode:  99/7000 | Episode reward:   -13.55 | Episode steps:   57 | Average reward:    72.81 | Step Count: 11228 | Episode Q0:     0.72
Episode: 100/7000 | Episode reward:    41.03 | Episode steps:   73 | Average reward:    65.04 | Step Count: 11301 | Episode Q0:     0.72
Episode: 101/7000 | Episode reward:    -5.30 | Episode steps:   49 | Average reward:    52.23 | Step Count: 11350 | Episode Q0:     0.72
Episode: 102/7000 | Episode reward:    18.30 | Episode steps:   60 | Average reward:    40.82 | Step Count: 11410 | Episode Q0:     0.72
Episode: 103/7000 | Episode reward:   -24.13 | Episode steps:   58 | Average reward:    36.18 | Step Count: 11468 | Episode Q0:     0.72
Episode: 104/7000 | Episode reward:    19.57 | Episode steps:   50 | Average reward:    28.83 | Step Count: 11518 | Episode Q0:     0.72
Episode: 105/7000 | Episode reward:     2.60 | Episode steps:   39 | Average reward:    26.57 | Step Count: 11557 | Episode Q0:     0.72
Episode: 106/7000 | Episode reward:     6.27 | Episode steps:   32 | Average reward:    14.47 | Step Count: 11589 | Episode Q0:     0.72
Episode: 107/7000 | Episode reward:    33.63 | Episode steps:   80 | Average reward:    13.89 | Step Count: 11669 | Episode Q0:     0.72
Episode: 108/7000 | Episode reward:    -8.81 | Episode steps:   69 | Average reward:     6.96 | Step Count: 11738 | Episode Q0:     0.72
Episode: 109/7000 | Episode reward:    40.25 | Episode steps:   92 | Average reward:    12.34 | Step Count: 11830 | Episode Q0:     0.72
Episode: 110/7000 | Episode reward:    27.06 | Episode steps:   60 | Average reward:    10.94 | Step Count: 11890 | Episode Q0:     0.72
Episode: 111/7000 | Episode reward:   -10.27 | Episode steps:   59 | Average reward:    10.45 | Step Count: 11949 | Episode Q0:     0.72
Episode: 112/7000 | Episode reward:     5.75 | Episode steps:   66 | Average reward:     9.19 | Step Count: 12015 | Episode Q0:     0.72
Episode: 113/7000 | Episode reward:    18.63 | Episode steps:   80 | Average reward:    13.47 | Step Count: 12095 | Episode Q0:     0.72
Episode: 114/7000 | Episode reward:   -17.67 | Episode steps:   57 | Average reward:     9.74 | Step Count: 12152 | Episode Q0:     0.72
Episode: 115/7000 | Episode reward:    15.31 | Episode steps:   88 | Average reward:    11.02 | Step Count: 12240 | Episode Q0:     0.72
Episode: 116/7000 | Episode reward:    23.85 | Episode steps:   64 | Average reward:    12.77 | Step Count: 12304 | Episode Q0:     0.72
Episode: 117/7000 | Episode reward:    -2.86 | Episode steps:   74 | Average reward:     9.13 | Step Count: 12378 | Episode Q0:     0.72
Episode: 118/7000 | Episode reward:    19.26 | Episode steps:   43 | Average reward:    11.93 | Step Count: 12421 | Episode Q0:     0.72
Episode: 119/7000 | Episode reward:     8.80 | Episode steps:   70 | Average reward:     8.79 | Step Count: 12491 | Episode Q0:     0.72
Episode: 120/7000 | Episode reward:    18.66 | Episode steps:   77 | Average reward:     7.95 | Step Count: 12568 | Episode Q0:     0.72
Episode: 121/7000 | Episode reward:    26.05 | Episode steps:   67 | Average reward:    11.58 | Step Count: 12635 | Episode Q0:     0.72
Episode: 122/7000 | Episode reward:    20.65 | Episode steps:   54 | Average reward:    13.07 | Step Count: 12689 | Episode Q0:     0.72
Episode: 123/7000 | Episode reward:    15.36 | Episode steps:   38 | Average reward:    12.74 | Step Count: 12727 | Episode Q0:     0.72
Episode: 124/7000 | Episode reward:    16.97 | Episode steps:   43 | Average reward:    16.21 | Step Count: 12770 | Episode Q0:     0.72
Episode: 125/7000 | Episode reward:    15.97 | Episode steps:   74 | Average reward:    16.27 | Step Count: 12844 | Episode Q0:     0.96
Episode: 126/7000 | Episode reward:    18.31 | Episode steps:   40 | Average reward:    15.72 | Step Count: 12884 | Episode Q0:     0.96
Episode: 127/7000 | Episode reward:     0.49 | Episode steps:   59 | Average reward:    16.05 | Step Count: 12943 | Episode Q0:     0.96
Episode: 128/7000 | Episode reward:    12.29 | Episode steps:   59 | Average reward:    15.35 | Step Count: 13002 | Episode Q0:     0.96
Episode: 129/7000 | Episode reward:     6.18 | Episode steps:   67 | Average reward:    15.09 | Step Count: 13069 | Episode Q0:     0.96
Episode: 130/7000 | Episode reward:     9.85 | Episode steps:   79 | Average reward:    14.21 | Step Count: 13148 | Episode Q0:     0.96
Episode: 131/7000 | Episode reward:     4.09 | Episode steps:   75 | Average reward:    12.02 | Step Count: 13223 | Episode Q0:     0.96
Episode: 132/7000 | Episode reward:     7.91 | Episode steps:   47 | Average reward:    10.74 | Step Count: 13270 | Episode Q0:     0.96
Episode: 133/7000 | Episode reward:    26.46 | Episode steps:   85 | Average reward:    11.85 | Step Count: 13355 | Episode Q0:     0.96
Episode: 134/7000 | Episode reward:    -1.93 | Episode steps:   43 | Average reward:     9.96 | Step Count: 13398 | Episode Q0:     0.96
Episode: 135/7000 | Episode reward:    25.92 | Episode steps:   68 | Average reward:    10.96 | Step Count: 13466 | Episode Q0:     0.96
Episode: 136/7000 | Episode reward:    -8.54 | Episode steps:   68 | Average reward:     8.27 | Step Count: 13534 | Episode Q0:     0.96
Episode: 137/7000 | Episode reward:    11.63 | Episode steps:   63 | Average reward:     9.39 | Step Count: 13597 | Episode Q0:     0.96
Episode: 138/7000 | Episode reward:    25.87 | Episode steps:   66 | Average reward:    10.75 | Step Count: 13663 | Episode Q0:     0.96
Episode: 139/7000 | Episode reward:   -28.92 | Episode steps:   57 | Average reward:     7.24 | Step Count: 13720 | Episode Q0:     0.96
Episode: 140/7000 | Episode reward:    14.30 | Episode steps:   67 | Average reward:     7.68 | Step Count: 13787 | Episode Q0:     0.96
Episode: 141/7000 | Episode reward:    26.41 | Episode steps:   50 | Average reward:     9.91 | Step Count: 13837 | Episode Q0:     0.96
Episode: 142/7000 | Episode reward:    12.16 | Episode steps:   64 | Average reward:    10.34 | Step Count: 13901 | Episode Q0:     0.96
Episode: 143/7000 | Episode reward:    24.44 | Episode steps:   64 | Average reward:    10.13 | Step Count: 13965 | Episode Q0:     0.96
Episode: 144/7000 | Episode reward:    20.53 | Episode steps:   65 | Average reward:    12.38 | Step Count: 14030 | Episode Q0:     0.96
Episode: 145/7000 | Episode reward:    21.21 | Episode steps:   52 | Average reward:    11.91 | Step Count: 14082 | Episode Q0:     0.96
Episode: 146/7000 | Episode reward:     4.82 | Episode steps:   33 | Average reward:    13.25 | Step Count: 14115 | Episode Q0:     0.96
Episode: 147/7000 | Episode reward:    20.72 | Episode steps:   56 | Average reward:    14.15 | Step Count: 14171 | Episode Q0:     0.96
Episode: 148/7000 | Episode reward:    15.81 | Episode steps:   61 | Average reward:    13.15 | Step Count: 14232 | Episode Q0:     0.96
Episode: 149/7000 | Episode reward:    29.41 | Episode steps:   55 | Average reward:    18.98 | Step Count: 14287 | Episode Q0:     0.96
Episode: 150/7000 | Episode reward:    10.55 | Episode steps:   32 | Average reward:    18.61 | Step Count: 14319 | Episode Q0:     0.96
Episode: 151/7000 | Episode reward:    15.01 | Episode steps:   42 | Average reward:    17.47 | Step Count: 14361 | Episode Q0:     0.96
Episode: 152/7000 | Episode reward:    22.02 | Episode steps:   40 | Average reward:    18.45 | Step Count: 14401 | Episode Q0:     0.96
Episode: 153/7000 | Episode reward:    33.05 | Episode steps:   52 | Average reward:    19.31 | Step Count: 14453 | Episode Q0:     0.96
Episode: 154/7000 | Episode reward:   -24.36 | Episode steps:   50 | Average reward:    14.82 | Step Count: 14503 | Episode Q0:     0.96
Episode: 155/7000 | Episode reward:    12.28 | Episode steps:   32 | Average reward:    13.93 | Step Count: 14535 | Episode Q0:     0.96
Episode: 156/7000 | Episode reward:    -0.64 | Episode steps:   49 | Average reward:    13.38 | Step Count: 14584 | Episode Q0:     0.96
Episode: 157/7000 | Episode reward:    21.38 | Episode steps:   59 | Average reward:    13.45 | Step Count: 14643 | Episode Q0:     0.96
Episode: 158/7000 | Episode reward:    29.20 | Episode steps:   81 | Average reward:    14.79 | Step Count: 14724 | Episode Q0:     0.96
Episode: 159/7000 | Episode reward:   -24.13 | Episode steps:   48 | Average reward:     9.43 | Step Count: 14772 | Episode Q0:     0.96
Episode: 160/7000 | Episode reward:     1.83 | Episode steps:   67 | Average reward:     8.56 | Step Count: 14839 | Episode Q0:     0.96
Episode: 161/7000 | Episode reward:    -1.45 | Episode steps:   54 | Average reward:     6.92 | Step Count: 14893 | Episode Q0:     0.96
Episode: 162/7000 | Episode reward:    20.64 | Episode steps:   65 | Average reward:     6.78 | Step Count: 14958 | Episode Q0:     0.96
Episode: 163/7000 | Episode reward:     1.38 | Episode steps:   63 | Average reward:     3.61 | Step Count: 15021 | Episode Q0:     1.22
Episode: 164/7000 | Episode reward:    27.43 | Episode steps:   66 | Average reward:     8.79 | Step Count: 15087 | Episode Q0:     1.22
Episode: 165/7000 | Episode reward:    12.52 | Episode steps:   72 | Average reward:     8.82 | Step Count: 15159 | Episode Q0:     1.22
Episode: 166/7000 | Episode reward:    -5.44 | Episode steps:   55 | Average reward:     8.33 | Step Count: 15214 | Episode Q0:     1.22
Episode: 167/7000 | Episode reward:    38.21 | Episode steps:   90 | Average reward:    10.02 | Step Count: 15304 | Episode Q0:     1.22
Episode: 168/7000 | Episode reward:   -32.49 | Episode steps:   56 | Average reward:     3.85 | Step Count: 15360 | Episode Q0:     1.22
Episode: 169/7000 | Episode reward:    19.52 | Episode steps:   57 | Average reward:     8.21 | Step Count: 15417 | Episode Q0:     1.22
Episode: 170/7000 | Episode reward:    26.58 | Episode steps:   67 | Average reward:    10.69 | Step Count: 15484 | Episode Q0:     1.22
Episode: 171/7000 | Episode reward:     7.32 | Episode steps:   41 | Average reward:    11.57 | Step Count: 15525 | Episode Q0:     1.22
Episode: 172/7000 | Episode reward:     9.78 | Episode steps:   69 | Average reward:    10.48 | Step Count: 15594 | Episode Q0:     1.22
Episode: 173/7000 | Episode reward:    -9.88 | Episode steps:   45 | Average reward:     9.35 | Step Count: 15639 | Episode Q0:     1.22
Episode: 174/7000 | Episode reward:    10.30 | Episode steps:   66 | Average reward:     7.64 | Step Count: 15705 | Episode Q0:     1.22
Episode: 175/7000 | Episode reward:    22.49 | Episode steps:   63 | Average reward:     8.64 | Step Count: 15768 | Episode Q0:     1.22
Episode: 176/7000 | Episode reward:    -0.26 | Episode steps:   74 | Average reward:     9.16 | Step Count: 15842 | Episode Q0:     1.22
Episode: 177/7000 | Episode reward:    31.98 | Episode steps:   64 | Average reward:     8.53 | Step Count: 15906 | Episode Q0:     1.22
Episode: 178/7000 | Episode reward:    28.20 | Episode steps:   73 | Average reward:    14.60 | Step Count: 15979 | Episode Q0:     1.22
Episode: 179/7000 | Episode reward:    -7.99 | Episode steps:   57 | Average reward:    11.85 | Step Count: 16036 | Episode Q0:     1.22
Episode: 180/7000 | Episode reward:    22.04 | Episode steps:   62 | Average reward:    11.40 | Step Count: 16098 | Episode Q0:     1.22
Episode: 181/7000 | Episode reward:    15.34 | Episode steps:   39 | Average reward:    12.20 | Step Count: 16137 | Episode Q0:     1.22
Episode: 182/7000 | Episode reward:    13.62 | Episode steps:   62 | Average reward:    12.58 | Step Count: 16199 | Episode Q0:     1.22
Episode: 183/7000 | Episode reward:    21.72 | Episode steps:   59 | Average reward:    15.74 | Step Count: 16258 | Episode Q0:     1.22
Episode: 184/7000 | Episode reward:    40.73 | Episode steps:   83 | Average reward:    18.79 | Step Count: 16341 | Episode Q0:     1.22
Episode: 185/7000 | Episode reward:     8.66 | Episode steps:   50 | Average reward:    17.40 | Step Count: 16391 | Episode Q0:     1.22
Episode: 186/7000 | Episode reward:    18.47 | Episode steps:   64 | Average reward:    19.28 | Step Count: 16455 | Episode Q0:     1.22
Episode: 187/7000 | Episode reward:    21.70 | Episode steps:   51 | Average reward:    18.25 | Step Count: 16506 | Episode Q0:     1.22
Episode: 188/7000 | Episode reward:    10.10 | Episode steps:   56 | Average reward:    16.44 | Step Count: 16562 | Episode Q0:     1.22
Episode: 189/7000 | Episode reward:     1.69 | Episode steps:   69 | Average reward:    17.41 | Step Count: 16631 | Episode Q0:     1.22
Episode: 190/7000 | Episode reward:    25.16 | Episode steps:   51 | Average reward:    17.72 | Step Count: 16682 | Episode Q0:     1.22
Episode: 191/7000 | Episode reward:     0.10 | Episode steps:   66 | Average reward:    16.20 | Step Count: 16748 | Episode Q0:     1.22
Episode: 192/7000 | Episode reward:    20.69 | Episode steps:   54 | Average reward:    16.90 | Step Count: 16802 | Episode Q0:     1.22
Episode: 193/7000 | Episode reward:   -19.98 | Episode steps:   68 | Average reward:    12.73 | Step Count: 16870 | Episode Q0:     1.22
Episode: 194/7000 | Episode reward:    31.64 | Episode steps:   64 | Average reward:    11.82 | Step Count: 16934 | Episode Q0:     1.22
Episode: 195/7000 | Episode reward:    40.81 | Episode steps:   86 | Average reward:    15.04 | Step Count: 17020 | Episode Q0:     1.22
Episode: 196/7000 | Episode reward:    24.14 | Episode steps:   42 | Average reward:    15.61 | Step Count: 17062 | Episode Q0:     1.22
Episode: 197/7000 | Episode reward:    22.84 | Episode steps:   60 | Average reward:    15.72 | Step Count: 17122 | Episode Q0:     1.22
Episode: 198/7000 | Episode reward:    -6.11 | Episode steps:   44 | Average reward:    14.10 | Step Count: 17166 | Episode Q0:     1.22
Episode: 199/7000 | Episode reward:    21.41 | Episode steps:   60 | Average reward:    16.07 | Step Count: 17226 | Episode Q0:     1.22
Episode: 200/7000 | Episode reward:    10.18 | Episode steps:   71 | Average reward:    14.57 | Step Count: 17297 | Episode Q0:     1.22
Episode: 201/7000 | Episode reward:    30.41 | Episode steps:   64 | Average reward:    17.60 | Step Count: 17361 | Episode Q0:     1.53
Episode: 202/7000 | Episode reward:    17.81 | Episode steps:   53 | Average reward:    17.32 | Step Count: 17414 | Episode Q0:     1.53
Episode: 203/7000 | Episode reward:     8.22 | Episode steps:   67 | Average reward:    20.14 | Step Count: 17481 | Episode Q0:     1.53
Episode: 204/7000 | Episode reward:    31.93 | Episode steps:   61 | Average reward:    20.17 | Step Count: 17542 | Episode Q0:     1.53
Episode: 205/7000 | Episode reward:    -9.89 | Episode steps:   64 | Average reward:    15.09 | Step Count: 17606 | Episode Q0:     1.53
Episode: 206/7000 | Episode reward:     0.18 | Episode steps:   49 | Average reward:    12.70 | Step Count: 17655 | Episode Q0:     1.53
Episode: 207/7000 | Episode reward:    23.64 | Episode steps:   65 | Average reward:    12.78 | Step Count: 17720 | Episode Q0:     1.53
Episode: 208/7000 | Episode reward:    26.66 | Episode steps:   74 | Average reward:    16.05 | Step Count: 17794 | Episode Q0:     1.53
Episode: 209/7000 | Episode reward:    12.05 | Episode steps:   34 | Average reward:    15.12 | Step Count: 17828 | Episode Q0:     1.53
Episode: 210/7000 | Episode reward:    20.73 | Episode steps:   69 | Average reward:    16.18 | Step Count: 17897 | Episode Q0:     1.53
Episode: 211/7000 | Episode reward:     9.53 | Episode steps:   67 | Average reward:    14.09 | Step Count: 17964 | Episode Q0:     1.53
Episode: 212/7000 | Episode reward:    20.97 | Episode steps:   62 | Average reward:    14.40 | Step Count: 18026 | Episode Q0:     1.53
Episode: 213/7000 | Episode reward:    30.02 | Episode steps:   59 | Average reward:    16.58 | Step Count: 18085 | Episode Q0:     1.53
Episode: 214/7000 | Episode reward:    23.73 | Episode steps:   67 | Average reward:    15.76 | Step Count: 18152 | Episode Q0:     1.53
Episode: 215/7000 | Episode reward:    16.88 | Episode steps:   72 | Average reward:    18.44 | Step Count: 18224 | Episode Q0:     1.53
Episode: 216/7000 | Episode reward:    26.61 | Episode steps:   78 | Average reward:    21.08 | Step Count: 18302 | Episode Q0:     1.53
Episode: 217/7000 | Episode reward:    22.21 | Episode steps:   52 | Average reward:    20.94 | Step Count: 18354 | Episode Q0:     1.53
Episode: 218/7000 | Episode reward:    13.79 | Episode steps:   75 | Average reward:    19.65 | Step Count: 18429 | Episode Q0:     1.53
Episode: 219/7000 | Episode reward:    12.89 | Episode steps:   53 | Average reward:    19.74 | Step Count: 18482 | Episode Q0:     1.53
Episode: 220/7000 | Episode reward:     8.51 | Episode steps:   36 | Average reward:    18.51 | Step Count: 18518 | Episode Q0:     1.53
Episode: 221/7000 | Episode reward:    19.97 | Episode steps:   63 | Average reward:    19.56 | Step Count: 18581 | Episode Q0:     1.53
Episode: 222/7000 | Episode reward:     6.70 | Episode steps:   29 | Average reward:    18.13 | Step Count: 18610 | Episode Q0:     1.53
Episode: 223/7000 | Episode reward:    17.07 | Episode steps:   75 | Average reward:    16.84 | Step Count: 18685 | Episode Q0:     1.53
Episode: 224/7000 | Episode reward:    12.34 | Episode steps:   75 | Average reward:    15.70 | Step Count: 18760 | Episode Q0:     1.53
Episode: 225/7000 | Episode reward:    -7.53 | Episode steps:   62 | Average reward:    13.26 | Step Count: 18822 | Episode Q0:     1.53
Episode: 226/7000 | Episode reward:    17.61 | Episode steps:   49 | Average reward:    12.36 | Step Count: 18871 | Episode Q0:     1.53
Episode: 227/7000 | Episode reward:    18.30 | Episode steps:   45 | Average reward:    11.97 | Step Count: 18916 | Episode Q0:     1.53
Episode: 228/7000 | Episode reward:    14.96 | Episode steps:   67 | Average reward:    12.08 | Step Count: 18983 | Episode Q0:     1.53
Episode: 229/7000 | Episode reward:    23.10 | Episode steps:   51 | Average reward:    13.10 | Step Count: 19034 | Episode Q0:     1.53
Episode: 230/7000 | Episode reward:     2.59 | Episode steps:   37 | Average reward:    12.51 | Step Count: 19071 | Episode Q0:     1.53
Episode: 231/7000 | Episode reward:    17.28 | Episode steps:   69 | Average reward:    12.24 | Step Count: 19140 | Episode Q0:     1.53
Episode: 232/7000 | Episode reward:    35.95 | Episode steps:   58 | Average reward:    15.17 | Step Count: 19198 | Episode Q0:     1.53
Episode: 233/7000 | Episode reward:    -4.93 | Episode steps:   66 | Average reward:    12.97 | Step Count: 19264 | Episode Q0:     1.53
Episode: 234/7000 | Episode reward:    22.77 | Episode steps:   50 | Average reward:    14.01 | Step Count: 19314 | Episode Q0:     1.53
Episode: 235/7000 | Episode reward:    21.73 | Episode steps:   56 | Average reward:    16.94 | Step Count: 19370 | Episode Q0:     1.53
Episode: 236/7000 | Episode reward:    20.95 | Episode steps:   56 | Average reward:    17.27 | Step Count: 19426 | Episode Q0:     1.53
Episode: 237/7000 | Episode reward:    36.10 | Episode steps:   60 | Average reward:    19.05 | Step Count: 19486 | Episode Q0:     1.53
Episode: 238/7000 | Episode reward:    24.00 | Episode steps:   50 | Average reward:    19.96 | Step Count: 19536 | Episode Q0:     1.53
Episode: 239/7000 | Episode reward:    20.24 | Episode steps:   65 | Average reward:    19.67 | Step Count: 19601 | Episode Q0:     1.84
Episode: 240/7000 | Episode reward:    -0.80 | Episode steps:   74 | Average reward:    19.33 | Step Count: 19675 | Episode Q0:     1.84
Episode: 241/7000 | Episode reward:     3.81 | Episode steps:   32 | Average reward:    17.98 | Step Count: 19707 | Episode Q0:     1.84
Episode: 242/7000 | Episode reward:    23.14 | Episode steps:   48 | Average reward:    16.70 | Step Count: 19755 | Episode Q0:     1.84
Episode: 243/7000 | Episode reward:     0.72 | Episode steps:   72 | Average reward:    17.27 | Step Count: 19827 | Episode Q0:     1.84
Episode: 244/7000 | Episode reward:    19.44 | Episode steps:   46 | Average reward:    16.93 | Step Count: 19873 | Episode Q0:     1.84
Episode: 245/7000 | Episode reward:     9.62 | Episode steps:   47 | Average reward:    15.72 | Step Count: 19920 | Episode Q0:     1.84
Episode: 246/7000 | Episode reward:   -11.52 | Episode steps:   59 | Average reward:    12.47 | Step Count: 19979 | Episode Q0:     1.84
Episode: 247/7000 | Episode reward:    17.63 | Episode steps:   74 | Average reward:    10.63 | Step Count: 20053 | Episode Q0:     1.84
Episode: 248/7000 | Episode reward:    11.34 | Episode steps:   61 | Average reward:     9.36 | Step Count: 20114 | Episode Q0:     1.84
Episode: 249/7000 | Episode reward:    24.11 | Episode steps:   44 | Average reward:     9.75 | Step Count: 20158 | Episode Q0:     1.84
Episode: 250/7000 | Episode reward:    24.71 | Episode steps:   74 | Average reward:    12.30 | Step Count: 20232 | Episode Q0:     1.84
Episode: 251/7000 | Episode reward:     3.70 | Episode steps:   67 | Average reward:    12.29 | Step Count: 20299 | Episode Q0:     1.84
Episode: 252/7000 | Episode reward:    22.71 | Episode steps:   55 | Average reward:    12.25 | Step Count: 20354 | Episode Q0:     1.84
Episode: 253/7000 | Episode reward:    29.69 | Episode steps:   60 | Average reward:    15.14 | Step Count: 20414 | Episode Q0:     1.84
Episode: 254/7000 | Episode reward:    21.85 | Episode steps:   70 | Average reward:    15.38 | Step Count: 20484 | Episode Q0:     1.84
Episode: 255/7000 | Episode reward:    11.15 | Episode steps:   46 | Average reward:    15.54 | Step Count: 20530 | Episode Q0:     1.84
Episode: 256/7000 | Episode reward:    20.03 | Episode steps:   75 | Average reward:    18.69 | Step Count: 20605 | Episode Q0:     1.84
Episode: 257/7000 | Episode reward:     3.32 | Episode steps:   75 | Average reward:    17.26 | Step Count: 20680 | Episode Q0:     1.84
Episode: 258/7000 | Episode reward:    16.76 | Episode steps:   40 | Average reward:    17.80 | Step Count: 20720 | Episode Q0:     1.84
Episode: 259/7000 | Episode reward:    19.73 | Episode steps:   69 | Average reward:    17.37 | Step Count: 20789 | Episode Q0:     1.84
Episode: 260/7000 | Episode reward:    20.33 | Episode steps:   45 | Average reward:    16.93 | Step Count: 20834 | Episode Q0:     1.84
Episode: 261/7000 | Episode reward:    30.07 | Episode steps:   54 | Average reward:    19.56 | Step Count: 20888 | Episode Q0:     1.84
Episode: 262/7000 | Episode reward:   -11.17 | Episode steps:   41 | Average reward:    16.18 | Step Count: 20929 | Episode Q0:     1.84
Episode: 263/7000 | Episode reward:    19.94 | Episode steps:   67 | Average reward:    15.20 | Step Count: 20996 | Episode Q0:     1.84
Episode: 264/7000 | Episode reward:    19.05 | Episode steps:   49 | Average reward:    14.92 | Step Count: 21045 | Episode Q0:     1.84
Episode: 265/7000 | Episode reward:    18.97 | Episode steps:   55 | Average reward:    15.70 | Step Count: 21100 | Episode Q0:     1.84
Episode: 266/7000 | Episode reward:     9.98 | Episode steps:   64 | Average reward:    14.70 | Step Count: 21164 | Episode Q0:     1.84
Episode: 267/7000 | Episode reward:    38.25 | Episode steps:   64 | Average reward:    18.19 | Step Count: 21228 | Episode Q0:     1.84
Episode: 268/7000 | Episode reward:     7.93 | Episode steps:   37 | Average reward:    17.31 | Step Count: 21265 | Episode Q0:     1.84
Episode: 269/7000 | Episode reward:    31.34 | Episode steps:   55 | Average reward:    18.47 | Step Count: 21320 | Episode Q0:     1.84
Episode: 270/7000 | Episode reward:    31.91 | Episode steps:   60 | Average reward:    19.63 | Step Count: 21380 | Episode Q0:     1.84
Episode: 271/7000 | Episode reward:    39.36 | Episode steps:   85 | Average reward:    20.56 | Step Count: 21465 | Episode Q0:     1.84
Episode: 272/7000 | Episode reward:     1.72 | Episode steps:   47 | Average reward:    21.85 | Step Count: 21512 | Episode Q0:     1.84
Episode: 273/7000 | Episode reward:    22.18 | Episode steps:   51 | Average reward:    22.07 | Step Count: 21563 | Episode Q0:     1.84
Episode: 274/7000 | Episode reward:     9.82 | Episode steps:   37 | Average reward:    21.15 | Step Count: 21600 | Episode Q0:     1.84
Episode: 275/7000 | Episode reward:   -21.12 | Episode steps:   52 | Average reward:    17.14 | Step Count: 21652 | Episode Q0:     1.84
Episode: 276/7000 | Episode reward:    27.70 | Episode steps:   68 | Average reward:    18.91 | Step Count: 21720 | Episode Q0:     1.84
Episode: 277/7000 | Episode reward:    13.82 | Episode steps:   40 | Average reward:    16.47 | Step Count: 21760 | Episode Q0:     2.21
Episode: 278/7000 | Episode reward:   -16.64 | Episode steps:   47 | Average reward:    14.01 | Step Count: 21807 | Episode Q0:     2.21
Episode: 279/7000 | Episode reward:    34.89 | Episode steps:   78 | Average reward:    14.36 | Step Count: 21885 | Episode Q0:     2.21
Episode: 280/7000 | Episode reward:    19.18 | Episode steps:   48 | Average reward:    13.09 | Step Count: 21933 | Episode Q0:     2.21
Episode: 281/7000 | Episode reward:     5.02 | Episode steps:   36 | Average reward:     9.66 | Step Count: 21969 | Episode Q0:     2.21
Episode: 282/7000 | Episode reward:    21.19 | Episode steps:   51 | Average reward:    11.60 | Step Count: 22020 | Episode Q0:     2.21
Episode: 283/7000 | Episode reward:    31.48 | Episode steps:   61 | Average reward:    12.53 | Step Count: 22081 | Episode Q0:     2.21
Episode: 284/7000 | Episode reward:    12.72 | Episode steps:   51 | Average reward:    12.82 | Step Count: 22132 | Episode Q0:     2.21
Episode: 285/7000 | Episode reward:    21.06 | Episode steps:   55 | Average reward:    17.04 | Step Count: 22187 | Episode Q0:     2.21
Episode: 286/7000 | Episode reward:    10.35 | Episode steps:   38 | Average reward:    15.31 | Step Count: 22225 | Episode Q0:     2.21
Episode: 287/7000 | Episode reward:    31.42 | Episode steps:   51 | Average reward:    17.07 | Step Count: 22276 | Episode Q0:     2.21
Episode: 288/7000 | Episode reward:     2.41 | Episode steps:   74 | Average reward:    18.97 | Step Count: 22350 | Episode Q0:     2.21
Episode: 289/7000 | Episode reward:    16.06 | Episode steps:   41 | Average reward:    17.09 | Step Count: 22391 | Episode Q0:     2.21
Episode: 290/7000 | Episode reward:    34.96 | Episode steps:   73 | Average reward:    18.67 | Step Count: 22464 | Episode Q0:     2.21
Episode: 291/7000 | Episode reward:   -20.79 | Episode steps:   53 | Average reward:    16.09 | Step Count: 22517 | Episode Q0:     2.21
Episode: 292/7000 | Episode reward:     6.93 | Episode steps:   70 | Average reward:    14.66 | Step Count: 22587 | Episode Q0:     2.21
Episode: 293/7000 | Episode reward:    -8.68 | Episode steps:   37 | Average reward:    10.64 | Step Count: 22624 | Episode Q0:     2.21
Episode: 294/7000 | Episode reward:    20.10 | Episode steps:   60 | Average reward:    11.38 | Step Count: 22684 | Episode Q0:     2.21
Episode: 295/7000 | Episode reward:    11.91 | Episode steps:   33 | Average reward:    10.47 | Step Count: 22717 | Episode Q0:     2.21
Episode: 296/7000 | Episode reward:    -4.85 | Episode steps:   47 | Average reward:     8.95 | Step Count: 22764 | Episode Q0:     2.21
Episode: 297/7000 | Episode reward:    19.39 | Episode steps:   48 | Average reward:     7.74 | Step Count: 22812 | Episode Q0:     2.21
Episode: 298/7000 | Episode reward:    -3.75 | Episode steps:   67 | Average reward:     7.13 | Step Count: 22879 | Episode Q0:     2.21
Episode: 299/7000 | Episode reward:    34.33 | Episode steps:   54 | Average reward:     8.96 | Step Count: 22933 | Episode Q0:     2.21
Episode: 300/7000 | Episode reward:    11.44 | Episode steps:   47 | Average reward:     6.60 | Step Count: 22980 | Episode Q0:     2.21
Episode: 301/7000 | Episode reward:    16.69 | Episode steps:   65 | Average reward:    10.35 | Step Count: 23045 | Episode Q0:     2.21
Episode: 302/7000 | Episode reward:     2.21 | Episode steps:   54 | Average reward:     9.88 | Step Count: 23099 | Episode Q0:     2.21
Episode: 303/7000 | Episode reward:    10.68 | Episode steps:   51 | Average reward:    11.81 | Step Count: 23150 | Episode Q0:     2.21
Episode: 304/7000 | Episode reward:     6.46 | Episode steps:   45 | Average reward:    10.45 | Step Count: 23195 | Episode Q0:     2.21
Episode: 305/7000 | Episode reward:    13.61 | Episode steps:   79 | Average reward:    10.62 | Step Count: 23274 | Episode Q0:     2.21
Episode: 306/7000 | Episode reward:    32.01 | Episode steps:   70 | Average reward:    14.31 | Step Count: 23344 | Episode Q0:     2.21
Episode: 307/7000 | Episode reward:    18.36 | Episode steps:   74 | Average reward:    14.20 | Step Count: 23418 | Episode Q0:     2.21
Episode: 308/7000 | Episode reward:    26.77 | Episode steps:   67 | Average reward:    17.26 | Step Count: 23485 | Episode Q0:     2.21
Episode: 309/7000 | Episode reward:    23.75 | Episode steps:   43 | Average reward:    16.20 | Step Count: 23528 | Episode Q0:     2.21
Episode: 310/7000 | Episode reward:    30.20 | Episode steps:   67 | Average reward:    18.07 | Step Count: 23595 | Episode Q0:     2.21
Episode: 311/7000 | Episode reward:    20.41 | Episode steps:   52 | Average reward:    18.45 | Step Count: 23647 | Episode Q0:     2.21
Episode: 312/7000 | Episode reward:     4.91 | Episode steps:   57 | Average reward:    18.72 | Step Count: 23704 | Episode Q0:     2.21
Episode: 313/7000 | Episode reward:    25.15 | Episode steps:   52 | Average reward:    20.16 | Step Count: 23756 | Episode Q0:     2.21
Episode: 314/7000 | Episode reward:    20.41 | Episode steps:   69 | Average reward:    21.56 | Step Count: 23825 | Episode Q0:     2.21
Episode: 315/7000 | Episode reward:    17.57 | Episode steps:   44 | Average reward:    21.95 | Step Count: 23869 | Episode Q0:     2.62
Episode: 316/7000 | Episode reward:    12.22 | Episode steps:   59 | Average reward:    19.97 | Step Count: 23928 | Episode Q0:     2.62
Episode: 317/7000 | Episode reward:    30.12 | Episode steps:   82 | Average reward:    21.15 | Step Count: 24010 | Episode Q0:     2.62
Episode: 318/7000 | Episode reward:     6.96 | Episode steps:   54 | Average reward:    19.17 | Step Count: 24064 | Episode Q0:     2.62
Episode: 319/7000 | Episode reward:    27.50 | Episode steps:   70 | Average reward:    19.55 | Step Count: 24134 | Episode Q0:     2.62
Episode: 320/7000 | Episode reward:     8.87 | Episode steps:   65 | Average reward:    17.41 | Step Count: 24199 | Episode Q0:     2.62
Episode: 321/7000 | Episode reward:    32.97 | Episode steps:   60 | Average reward:    18.67 | Step Count: 24259 | Episode Q0:     2.62
Episode: 322/7000 | Episode reward:    25.97 | Episode steps:   68 | Average reward:    20.77 | Step Count: 24327 | Episode Q0:     2.62
Episode: 323/7000 | Episode reward:    -9.07 | Episode steps:   41 | Average reward:    17.35 | Step Count: 24368 | Episode Q0:     2.62
Episode: 324/7000 | Episode reward:    -0.78 | Episode steps:   54 | Average reward:    15.23 | Step Count: 24422 | Episode Q0:     2.62
Episode: 325/7000 | Episode reward:    20.65 | Episode steps:   55 | Average reward:    15.54 | Step Count: 24477 | Episode Q0:     2.62
Episode: 326/7000 | Episode reward:    26.41 | Episode steps:   46 | Average reward:    16.96 | Step Count: 24523 | Episode Q0:     2.62
Episode: 327/7000 | Episode reward:     9.03 | Episode steps:   37 | Average reward:    14.85 | Step Count: 24560 | Episode Q0:     2.62
Episode: 328/7000 | Episode reward:    33.15 | Episode steps:   62 | Average reward:    17.47 | Step Count: 24622 | Episode Q0:     2.62
Episode: 329/7000 | Episode reward:    11.59 | Episode steps:   76 | Average reward:    15.88 | Step Count: 24698 | Episode Q0:     2.62
Episode: 330/7000 | Episode reward:    10.91 | Episode steps:   46 | Average reward:    16.08 | Step Count: 24744 | Episode Q0:     2.62
Episode: 331/7000 | Episode reward:   -16.72 | Episode steps:   61 | Average reward:    11.11 | Step Count: 24805 | Episode Q0:     2.62
Episode: 332/7000 | Episode reward:    19.99 | Episode steps:   63 | Average reward:    10.51 | Step Count: 24868 | Episode Q0:     2.62
Episode: 333/7000 | Episode reward:     1.94 | Episode steps:   38 | Average reward:    11.62 | Step Count: 24906 | Episode Q0:     2.62
Episode: 334/7000 | Episode reward:    16.55 | Episode steps:   41 | Average reward:    13.35 | Step Count: 24947 | Episode Q0:     2.62
Episode: 335/7000 | Episode reward:     5.45 | Episode steps:   34 | Average reward:    11.83 | Step Count: 24981 | Episode Q0:     2.62
Episode: 336/7000 | Episode reward:    14.30 | Episode steps:   59 | Average reward:    10.62 | Step Count: 25040 | Episode Q0:     2.62
Episode: 337/7000 | Episode reward:    22.00 | Episode steps:   58 | Average reward:    11.92 | Step Count: 25098 | Episode Q0:     2.62
Episode: 338/7000 | Episode reward:    11.59 | Episode steps:   30 | Average reward:     9.76 | Step Count: 25128 | Episode Q0:     2.62
Episode: 339/7000 | Episode reward:    26.63 | Episode steps:   49 | Average reward:    11.26 | Step Count: 25177 | Episode Q0:     2.62
Episode: 340/7000 | Episode reward:    -5.99 | Episode steps:   54 | Average reward:     9.57 | Step Count: 25231 | Episode Q0:     2.62
Episode: 341/7000 | Episode reward:     6.37 | Episode steps:   35 | Average reward:    11.88 | Step Count: 25266 | Episode Q0:     2.62
Episode: 342/7000 | Episode reward:    27.93 | Episode steps:   57 | Average reward:    12.68 | Step Count: 25323 | Episode Q0:     2.62
Episode: 343/7000 | Episode reward:     7.76 | Episode steps:   43 | Average reward:    13.26 | Step Count: 25366 | Episode Q0:     2.62
Episode: 344/7000 | Episode reward:   -25.88 | Episode steps:   57 | Average reward:     9.02 | Step Count: 25423 | Episode Q0:     2.62
Episode: 345/7000 | Episode reward:    18.29 | Episode steps:   40 | Average reward:    10.30 | Step Count: 25463 | Episode Q0:     2.62
Episode: 346/7000 | Episode reward:    11.97 | Episode steps:   69 | Average reward:    10.07 | Step Count: 25532 | Episode Q0:     2.62
Episode: 347/7000 | Episode reward:    -0.90 | Episode steps:   45 | Average reward:     7.78 | Step Count: 25577 | Episode Q0:     2.62
Episode: 348/7000 | Episode reward:     8.16 | Episode steps:   60 | Average reward:     7.43 | Step Count: 25637 | Episode Q0:     2.62
Episode: 349/7000 | Episode reward:    16.65 | Episode steps:   38 | Average reward:     6.44 | Step Count: 25675 | Episode Q0:     2.62
Episode: 350/7000 | Episode reward:    17.18 | Episode steps:   69 | Average reward:     8.75 | Step Count: 25744 | Episode Q0:     2.62
Episode: 351/7000 | Episode reward:    17.42 | Episode steps:   53 | Average reward:     9.86 | Step Count: 25797 | Episode Q0:     2.62
Episode: 352/7000 | Episode reward:     1.84 | Episode steps:   42 | Average reward:     7.25 | Step Count: 25839 | Episode Q0:     2.62
Episode: 353/7000 | Episode reward:    19.67 | Episode steps:   61 | Average reward:     8.44 | Step Count: 25900 | Episode Q0:     3.04
Episode: 354/7000 | Episode reward:     6.45 | Episode steps:   30 | Average reward:    11.67 | Step Count: 25930 | Episode Q0:     3.04
Episode: 355/7000 | Episode reward:    19.32 | Episode steps:   57 | Average reward:    11.77 | Step Count: 25987 | Episode Q0:     3.04
Episode: 356/7000 | Episode reward:    -9.38 | Episode steps:   50 | Average reward:     9.64 | Step Count: 26037 | Episode Q0:     3.04
Episode: 357/7000 | Episode reward:    25.63 | Episode steps:   72 | Average reward:    12.29 | Step Count: 26109 | Episode Q0:     3.04
Episode: 358/7000 | Episode reward:     7.73 | Episode steps:   35 | Average reward:    12.25 | Step Count: 26144 | Episode Q0:     3.04
Episode: 359/7000 | Episode reward:    20.72 | Episode steps:   59 | Average reward:    12.66 | Step Count: 26203 | Episode Q0:     3.04
Episode: 360/7000 | Episode reward:    38.76 | Episode steps:   83 | Average reward:    14.82 | Step Count: 26286 | Episode Q0:     3.04
Episode: 361/7000 | Episode reward:    25.93 | Episode steps:   55 | Average reward:    15.67 | Step Count: 26341 | Episode Q0:     3.04
Episode: 362/7000 | Episode reward:    17.94 | Episode steps:   61 | Average reward:    17.28 | Step Count: 26402 | Episode Q0:     3.04
Episode: 363/7000 | Episode reward:    -3.81 | Episode steps:   64 | Average reward:    14.93 | Step Count: 26466 | Episode Q0:     3.04
Episode: 364/7000 | Episode reward:    26.72 | Episode steps:   69 | Average reward:    16.96 | Step Count: 26535 | Episode Q0:     3.04
Episode: 365/7000 | Episode reward:   -11.65 | Episode steps:   42 | Average reward:    13.86 | Step Count: 26577 | Episode Q0:     3.04
Episode: 366/7000 | Episode reward:    -4.47 | Episode steps:   32 | Average reward:    14.35 | Step Count: 26609 | Episode Q0:     3.04
Episode: 367/7000 | Episode reward:    23.34 | Episode steps:   42 | Average reward:    14.12 | Step Count: 26651 | Episode Q0:     3.04
Episode: 368/7000 | Episode reward:    23.33 | Episode steps:   56 | Average reward:    15.68 | Step Count: 26707 | Episode Q0:     3.04
Episode: 369/7000 | Episode reward:   -23.97 | Episode steps:   58 | Average reward:    11.21 | Step Count: 26765 | Episode Q0:     3.04
Episode: 370/7000 | Episode reward:    19.57 | Episode steps:   68 | Average reward:     9.29 | Step Count: 26833 | Episode Q0:     3.04
Episode: 371/7000 | Episode reward:     2.00 | Episode steps:   37 | Average reward:     6.90 | Step Count: 26870 | Episode Q0:     3.04
Episode: 372/7000 | Episode reward:     5.85 | Episode steps:   28 | Average reward:     5.69 | Step Count: 26898 | Episode Q0:     3.04
Episode: 373/7000 | Episode reward:    24.60 | Episode steps:   57 | Average reward:     8.53 | Step Count: 26955 | Episode Q0:     3.04
Episode: 374/7000 | Episode reward:    24.17 | Episode steps:   54 | Average reward:     8.28 | Step Count: 27009 | Episode Q0:     3.04
Episode: 375/7000 | Episode reward:    -1.47 | Episode steps:   50 | Average reward:     9.29 | Step Count: 27059 | Episode Q0:     3.04
Episode: 376/7000 | Episode reward:    21.07 | Episode steps:   70 | Average reward:    11.85 | Step Count: 27129 | Episode Q0:     3.04
Episode: 377/7000 | Episode reward:   -11.89 | Episode steps:   66 | Average reward:     8.33 | Step Count: 27195 | Episode Q0:     3.04
Episode: 378/7000 | Episode reward:    11.71 | Episode steps:   33 | Average reward:     7.16 | Step Count: 27228 | Episode Q0:     3.04
Episode: 379/7000 | Episode reward:    27.70 | Episode steps:   50 | Average reward:    12.33 | Step Count: 27278 | Episode Q0:     3.04
Episode: 380/7000 | Episode reward:    22.78 | Episode steps:   54 | Average reward:    12.65 | Step Count: 27332 | Episode Q0:     3.04
Episode: 381/7000 | Episode reward:    15.60 | Episode steps:   69 | Average reward:    14.01 | Step Count: 27401 | Episode Q0:     3.04
Episode: 382/7000 | Episode reward:    31.12 | Episode steps:   55 | Average reward:    16.54 | Step Count: 27456 | Episode Q0:     3.04
Episode: 383/7000 | Episode reward:    22.43 | Episode steps:   63 | Average reward:    16.32 | Step Count: 27519 | Episode Q0:     3.04
Episode: 384/7000 | Episode reward:     5.27 | Episode steps:   62 | Average reward:    14.43 | Step Count: 27581 | Episode Q0:     3.04
Episode: 385/7000 | Episode reward:    23.81 | Episode steps:   50 | Average reward:    16.96 | Step Count: 27631 | Episode Q0:     3.04
Episode: 386/7000 | Episode reward:    23.59 | Episode steps:   42 | Average reward:    17.21 | Step Count: 27673 | Episode Q0:     3.04
Episode: 387/7000 | Episode reward:    20.03 | Episode steps:   55 | Average reward:    20.40 | Step Count: 27728 | Episode Q0:     3.04
Episode: 388/7000 | Episode reward:    24.04 | Episode steps:   58 | Average reward:    21.64 | Step Count: 27786 | Episode Q0:     3.04
Episode: 389/7000 | Episode reward:    16.28 | Episode steps:   44 | Average reward:    20.49 | Step Count: 27830 | Episode Q0:     3.04
Episode: 390/7000 | Episode reward:    26.16 | Episode steps:   81 | Average reward:    20.83 | Step Count: 27911 | Episode Q0:     3.52
Episode: 391/7000 | Episode reward:    23.93 | Episode steps:   45 | Average reward:    21.66 | Step Count: 27956 | Episode Q0:     3.52
Episode: 392/7000 | Episode reward:    11.40 | Episode steps:   65 | Average reward:    19.69 | Step Count: 28021 | Episode Q0:     3.52
Episode: 393/7000 | Episode reward:    27.22 | Episode steps:   74 | Average reward:    20.17 | Step Count: 28095 | Episode Q0:     3.52
Episode: 394/7000 | Episode reward:     8.35 | Episode steps:   32 | Average reward:    20.48 | Step Count: 28127 | Episode Q0:     3.52
Episode: 395/7000 | Episode reward:    13.24 | Episode steps:   51 | Average reward:    19.42 | Step Count: 28178 | Episode Q0:     3.52
Episode: 396/7000 | Episode reward:    25.99 | Episode steps:   62 | Average reward:    19.66 | Step Count: 28240 | Episode Q0:     3.52
Episode: 397/7000 | Episode reward:    17.91 | Episode steps:   72 | Average reward:    19.45 | Step Count: 28312 | Episode Q0:     3.52
Episode: 398/7000 | Episode reward:    13.85 | Episode steps:   70 | Average reward:    18.43 | Step Count: 28382 | Episode Q0:     3.52
Episode: 399/7000 | Episode reward:   -20.36 | Episode steps:   50 | Average reward:    14.77 | Step Count: 28432 | Episode Q0:     3.52
Episode: 400/7000 | Episode reward:     6.08 | Episode steps:   33 | Average reward:    12.76 | Step Count: 28465 | Episode Q0:     3.52
Episode: 401/7000 | Episode reward:    20.40 | Episode steps:   60 | Average reward:    12.41 | Step Count: 28525 | Episode Q0:     3.52
Episode: 402/7000 | Episode reward:     3.46 | Episode steps:   72 | Average reward:    11.61 | Step Count: 28597 | Episode Q0:     3.52
Episode: 403/7000 | Episode reward:    30.68 | Episode steps:   59 | Average reward:    11.96 | Step Count: 28656 | Episode Q0:     3.52
Episode: 404/7000 | Episode reward:    23.57 | Episode steps:   42 | Average reward:    13.48 | Step Count: 28698 | Episode Q0:     3.52
Episode: 405/7000 | Episode reward:    31.83 | Episode steps:   59 | Average reward:    15.34 | Step Count: 28757 | Episode Q0:     3.52
Episode: 406/7000 | Episode reward:    14.98 | Episode steps:   47 | Average reward:    14.24 | Step Count: 28804 | Episode Q0:     3.52
Episode: 407/7000 | Episode reward:    11.17 | Episode steps:   76 | Average reward:    13.57 | Step Count: 28880 | Episode Q0:     3.52
Episode: 408/7000 | Episode reward:    13.17 | Episode steps:   62 | Average reward:    13.50 | Step Count: 28942 | Episode Q0:     3.52
Episode: 409/7000 | Episode reward:    11.95 | Episode steps:   39 | Average reward:    16.73 | Step Count: 28981 | Episode Q0:     3.52
Episode: 410/7000 | Episode reward:     7.35 | Episode steps:   37 | Average reward:    16.86 | Step Count: 29018 | Episode Q0:     3.52
Episode: 411/7000 | Episode reward:     6.21 | Episode steps:   72 | Average reward:    15.44 | Step Count: 29090 | Episode Q0:     3.52
Episode: 412/7000 | Episode reward:   -36.26 | Episode steps:   56 | Average reward:    11.47 | Step Count: 29146 | Episode Q0:     3.52
Episode: 413/7000 | Episode reward:    31.06 | Episode steps:   78 | Average reward:    11.50 | Step Count: 29224 | Episode Q0:     3.52
Episode: 414/7000 | Episode reward:    11.57 | Episode steps:   37 | Average reward:    10.30 | Step Count: 29261 | Episode Q0:     3.52
Episode: 415/7000 | Episode reward:     7.70 | Episode steps:   53 | Average reward:     7.89 | Step Count: 29314 | Episode Q0:     3.52
Episode: 416/7000 | Episode reward:    22.50 | Episode steps:   48 | Average reward:     8.64 | Step Count: 29362 | Episode Q0:     3.52
Episode: 417/7000 | Episode reward:     7.35 | Episode steps:   34 | Average reward:     8.26 | Step Count: 29396 | Episode Q0:     3.52
Episode: 418/7000 | Episode reward:     7.93 | Episode steps:   32 | Average reward:     7.74 | Step Count: 29428 | Episode Q0:     3.52
Episode: 419/7000 | Episode reward:    13.20 | Episode steps:   80 | Average reward:     7.86 | Step Count: 29508 | Episode Q0:     3.52
Episode: 420/7000 | Episode reward:   -23.89 | Episode steps:   62 | Average reward:     4.74 | Step Count: 29570 | Episode Q0:     3.52
Episode: 421/7000 | Episode reward:    13.94 | Episode steps:   72 | Average reward:     5.51 | Step Count: 29642 | Episode Q0:     3.52
Episode: 422/7000 | Episode reward:    21.81 | Episode steps:   55 | Average reward:    11.32 | Step Count: 29697 | Episode Q0:     3.52
Episode: 423/7000 | Episode reward:    34.86 | Episode steps:   77 | Average reward:    11.70 | Step Count: 29774 | Episode Q0:     3.52
Episode: 424/7000 | Episode reward:    36.92 | Episode steps:   70 | Average reward:    14.23 | Step Count: 29844 | Episode Q0:     3.52
Episode: 425/7000 | Episode reward:    29.59 | Episode steps:   54 | Average reward:    16.42 | Step Count: 29898 | Episode Q0:     3.52
Episode: 426/7000 | Episode reward:     4.57 | Episode steps:   74 | Average reward:    14.63 | Step Count: 29972 | Episode Q0:     3.52
Episode: 427/7000 | Episode reward:    23.49 | Episode steps:   67 | Average reward:    16.24 | Step Count: 30039 | Episode Q0:     4.09
Episode: 428/7000 | Episode reward:     6.24 | Episode steps:   70 | Average reward:    16.07 | Step Count: 30109 | Episode Q0:     4.09
Episode: 429/7000 | Episode reward:    34.81 | Episode steps:   80 | Average reward:    18.23 | Step Count: 30189 | Episode Q0:     4.09
Episode: 430/7000 | Episode reward:    16.21 | Episode steps:   82 | Average reward:    22.24 | Step Count: 30271 | Episode Q0:     4.09
Episode: 431/7000 | Episode reward:    -8.09 | Episode steps:   58 | Average reward:    20.04 | Step Count: 30329 | Episode Q0:     4.09
Episode: 432/7000 | Episode reward:    22.32 | Episode steps:   47 | Average reward:    20.09 | Step Count: 30376 | Episode Q0:     4.09
Episode: 433/7000 | Episode reward:    13.77 | Episode steps:   70 | Average reward:    17.98 | Step Count: 30446 | Episode Q0:     4.09
Episode: 434/7000 | Episode reward:    18.14 | Episode steps:   48 | Average reward:    16.11 | Step Count: 30494 | Episode Q0:     4.09
Episode: 435/7000 | Episode reward:     5.51 | Episode steps:   69 | Average reward:    13.70 | Step Count: 30563 | Episode Q0:     4.09
Episode: 436/7000 | Episode reward:    16.55 | Episode steps:   84 | Average reward:    14.90 | Step Count: 30647 | Episode Q0:     4.09
Episode: 437/7000 | Episode reward:   -17.18 | Episode steps:   51 | Average reward:    10.83 | Step Count: 30698 | Episode Q0:     4.09
Episode: 438/7000 | Episode reward:    20.50 | Episode steps:   59 | Average reward:    12.25 | Step Count: 30757 | Episode Q0:     4.09
Episode: 439/7000 | Episode reward:    -2.88 | Episode steps:   42 | Average reward:     8.49 | Step Count: 30799 | Episode Q0:     4.09
Episode: 440/7000 | Episode reward:    28.94 | Episode steps:   70 | Average reward:     9.76 | Step Count: 30869 | Episode Q0:     4.09
Episode: 441/7000 | Episode reward:     6.70 | Episode steps:   78 | Average reward:    11.24 | Step Count: 30947 | Episode Q0:     4.09
Episode: 442/7000 | Episode reward:    21.95 | Episode steps:   71 | Average reward:    11.20 | Step Count: 31018 | Episode Q0:     4.09
Episode: 443/7000 | Episode reward:    23.95 | Episode steps:   65 | Average reward:    12.22 | Step Count: 31083 | Episode Q0:     4.09
Episode: 444/7000 | Episode reward:   -21.86 | Episode steps:   50 | Average reward:     8.22 | Step Count: 31133 | Episode Q0:     4.09
Episode: 445/7000 | Episode reward:    21.60 | Episode steps:   57 | Average reward:     9.83 | Step Count: 31190 | Episode Q0:     4.09
Episode: 446/7000 | Episode reward:     3.72 | Episode steps:   61 | Average reward:     8.54 | Step Count: 31251 | Episode Q0:     4.09
Episode: 447/7000 | Episode reward:     5.86 | Episode steps:   73 | Average reward:    10.85 | Step Count: 31324 | Episode Q0:     4.09
Episode: 448/7000 | Episode reward:    13.86 | Episode steps:   65 | Average reward:    10.18 | Step Count: 31389 | Episode Q0:     4.09
Episode: 449/7000 | Episode reward:    13.31 | Episode steps:   63 | Average reward:    11.80 | Step Count: 31452 | Episode Q0:     4.09
Episode: 450/7000 | Episode reward:    40.22 | Episode steps:   64 | Average reward:    12.93 | Step Count: 31516 | Episode Q0:     4.09
Episode: 451/7000 | Episode reward:    19.96 | Episode steps:   46 | Average reward:    14.26 | Step Count: 31562 | Episode Q0:     4.09
Episode: 452/7000 | Episode reward:    37.36 | Episode steps:   76 | Average reward:    15.80 | Step Count: 31638 | Episode Q0:     4.09
Episode: 453/7000 | Episode reward:    21.85 | Episode steps:   65 | Average reward:    15.59 | Step Count: 31703 | Episode Q0:     4.09
Episode: 454/7000 | Episode reward:    22.84 | Episode steps:   69 | Average reward:    20.06 | Step Count: 31772 | Episode Q0:     4.09
Episode: 455/7000 | Episode reward:    35.93 | Episode steps:   67 | Average reward:    21.49 | Step Count: 31839 | Episode Q0:     4.09
Episode: 456/7000 | Episode reward:    -1.55 | Episode steps:   40 | Average reward:    20.96 | Step Count: 31879 | Episode Q0:     4.09
Episode: 457/7000 | Episode reward:    25.65 | Episode steps:   74 | Average reward:    22.94 | Step Count: 31953 | Episode Q0:     4.09
Episode: 458/7000 | Episode reward:    32.24 | Episode steps:   65 | Average reward:    24.78 | Step Count: 32018 | Episode Q0:     4.09
Episode: 459/7000 | Episode reward:    23.77 | Episode steps:   66 | Average reward:    25.83 | Step Count: 32084 | Episode Q0:     4.09
Episode: 460/7000 | Episode reward:     8.23 | Episode steps:   59 | Average reward:    22.63 | Step Count: 32143 | Episode Q0:     4.09
Episode: 461/7000 | Episode reward:    21.29 | Episode steps:   55 | Average reward:    22.76 | Step Count: 32198 | Episode Q0:     4.09
Episode: 462/7000 | Episode reward:     0.17 | Episode steps:   57 | Average reward:    19.04 | Step Count: 32255 | Episode Q0:     4.09
Episode: 463/7000 | Episode reward:    15.30 | Episode steps:   76 | Average reward:    18.39 | Step Count: 32331 | Episode Q0:     4.09
Episode: 464/7000 | Episode reward:    12.59 | Episode steps:   69 | Average reward:    17.36 | Step Count: 32400 | Episode Q0:     4.09
Episode: 465/7000 | Episode reward:    22.19 | Episode steps:   57 | Average reward:    15.99 | Step Count: 32457 | Episode Q0:     4.09
Episode: 466/7000 | Episode reward:    29.01 | Episode steps:   47 | Average reward:    19.04 | Step Count: 32504 | Episode Q0:     4.09
Episode: 467/7000 | Episode reward:     0.92 | Episode steps:   59 | Average reward:    16.57 | Step Count: 32563 | Episode Q0:     4.62
Episode: 468/7000 | Episode reward:    20.93 | Episode steps:   56 | Average reward:    15.44 | Step Count: 32619 | Episode Q0:     4.62
Episode: 469/7000 | Episode reward:    14.47 | Episode steps:   82 | Average reward:    14.51 | Step Count: 32701 | Episode Q0:     4.62
Episode: 470/7000 | Episode reward:     8.92 | Episode steps:   34 | Average reward:    14.58 | Step Count: 32735 | Episode Q0:     4.62
Episode: 471/7000 | Episode reward:    91.74 | Episode steps:  149 | Average reward:    21.62 | Step Count: 32884 | Episode Q0:     4.62
Episode: 472/7000 | Episode reward:   120.08 | Episode steps:  295 | Average reward:    33.62 | Step Count: 33179 | Episode Q0:     4.62
Episode: 473/7000 | Episode reward:   118.71 | Episode steps:  305 | Average reward:    43.96 | Step Count: 33484 | Episode Q0:     4.62
Episode: 474/7000 | Episode reward:    41.18 | Episode steps:   87 | Average reward:    46.82 | Step Count: 33571 | Episode Q0:     4.62
Episode: 475/7000 | Episode reward:    35.39 | Episode steps:  282 | Average reward:    48.14 | Step Count: 33853 | Episode Q0:     4.62
Episode: 476/7000 | Episode reward:    76.27 | Episode steps:  132 | Average reward:    52.86 | Step Count: 33985 | Episode Q0:     4.62
Episode: 477/7000 | Episode reward:    36.68 | Episode steps:  117 | Average reward:    56.44 | Step Count: 34102 | Episode Q0:     4.62
Episode: 478/7000 | Episode reward:   156.42 | Episode steps:  306 | Average reward:    69.99 | Step Count: 34408 | Episode Q0:     4.62
Episode: 479/7000 | Episode reward:   141.52 | Episode steps:  304 | Average reward:    82.69 | Step Count: 34712 | Episode Q0:     4.62
Episode: 480/7000 | Episode reward:    40.60 | Episode steps:   62 | Average reward:    85.86 | Step Count: 34774 | Episode Q0:     4.62
Episode: 481/7000 | Episode reward:    82.38 | Episode steps:  292 | Average reward:    84.92 | Step Count: 35066 | Episode Q0:     4.62
Episode: 482/7000 | Episode reward:   114.27 | Episode steps:  326 | Average reward:    84.34 | Step Count: 35392 | Episode Q0:     4.62
Episode: 483/7000 | Episode reward:    22.40 | Episode steps:  278 | Average reward:    74.71 | Step Count: 35670 | Episode Q0:     4.62
Episode: 484/7000 | Episode reward:    56.44 | Episode steps:  269 | Average reward:    76.24 | Step Count: 35939 | Episode Q0:     4.62
Episode: 485/7000 | Episode reward:    24.58 | Episode steps:  102 | Average reward:    75.16 | Step Count: 36041 | Episode Q0:     4.62
Episode: 486/7000 | Episode reward:    45.36 | Episode steps:  265 | Average reward:    72.07 | Step Count: 36306 | Episode Q0:     4.62
Episode: 487/7000 | Episode reward:    80.93 | Episode steps:  111 | Average reward:    76.49 | Step Count: 36417 | Episode Q0:     4.62
Episode: 488/7000 | Episode reward:    15.02 | Episode steps:   52 | Average reward:    62.35 | Step Count: 36469 | Episode Q0:     4.62
Episode: 489/7000 | Episode reward:   126.60 | Episode steps:  296 | Average reward:    60.86 | Step Count: 36765 | Episode Q0:     4.62
Episode: 490/7000 | Episode reward:    75.28 | Episode steps:   94 | Average reward:    64.33 | Step Count: 36859 | Episode Q0:     4.62
Episode: 491/7000 | Episode reward:   111.36 | Episode steps:  366 | Average reward:    67.22 | Step Count: 37225 | Episode Q0:     4.62
Episode: 492/7000 | Episode reward:    84.39 | Episode steps:  281 | Average reward:    64.24 | Step Count: 37506 | Episode Q0:     4.62
Episode: 493/7000 | Episode reward:   102.14 | Episode steps:  300 | Average reward:    72.21 | Step Count: 37806 | Episode Q0:     4.62
Episode: 494/7000 | Episode reward:   102.49 | Episode steps:  423 | Average reward:    76.81 | Step Count: 38229 | Episode Q0:     4.62
Episode: 495/7000 | Episode reward:    40.36 | Episode steps:  298 | Average reward:    78.39 | Step Count: 38527 | Episode Q0:     4.62
Episode: 496/7000 | Episode reward:    85.33 | Episode steps:  112 | Average reward:    82.39 | Step Count: 38639 | Episode Q0:     4.62
Episode: 497/7000 | Episode reward:    56.42 | Episode steps:  100 | Average reward:    79.94 | Step Count: 38739 | Episode Q0:     5.33
Episode: 498/7000 | Episode reward:   100.77 | Episode steps:  297 | Average reward:    88.51 | Step Count: 39036 | Episode Q0:     5.33
Episode: 499/7000 | Episode reward:    44.11 | Episode steps:  109 | Average reward:    80.26 | Step Count: 39145 | Episode Q0:     5.33
Episode: 500/7000 | Episode reward:   163.94 | Episode steps:  355 | Average reward:    89.13 | Step Count: 39500 | Episode Q0:     5.33
Episode: 501/7000 | Episode reward:     2.95 | Episode steps:  102 | Average reward:    78.29 | Step Count: 39602 | Episode Q0:     5.33
Episode: 502/7000 | Episode reward:    83.86 | Episode steps:  279 | Average reward:    78.24 | Step Count: 39881 | Episode Q0:     5.33
Episode: 503/7000 | Episode reward:   163.92 | Episode steps:  325 | Average reward:    84.41 | Step Count: 40206 | Episode Q0:     5.33
Episode: 504/7000 | Episode reward:    33.08 | Episode steps:   97 | Average reward:    77.47 | Step Count: 40303 | Episode Q0:     5.33
Episode: 505/7000 | Episode reward:   126.09 | Episode steps:  326 | Average reward:    86.04 | Step Count: 40629 | Episode Q0:     5.33
Episode: 506/7000 | Episode reward:    27.93 | Episode steps:   68 | Average reward:    80.30 | Step Count: 40697 | Episode Q0:     5.33
Episode: 507/7000 | Episode reward:    45.11 | Episode steps:  184 | Average reward:    79.17 | Step Count: 40881 | Episode Q0:     5.33
Episode: 508/7000 | Episode reward:    44.96 | Episode steps:   78 | Average reward:    73.59 | Step Count: 40959 | Episode Q0:     5.33
Episode: 509/7000 | Episode reward:   106.31 | Episode steps:  308 | Average reward:    79.81 | Step Count: 41267 | Episode Q0:     5.33
Episode: 510/7000 | Episode reward:    -3.29 | Episode steps:  266 | Average reward:    63.09 | Step Count: 41533 | Episode Q0:     5.33
Episode: 511/7000 | Episode reward:    88.93 | Episode steps:  247 | Average reward:    71.69 | Step Count: 41780 | Episode Q0:     5.33
Episode: 512/7000 | Episode reward:    61.30 | Episode steps:   85 | Average reward:    69.43 | Step Count: 41865 | Episode Q0:     5.33
Episode: 513/7000 | Episode reward:   179.50 | Episode steps:  429 | Average reward:    70.99 | Step Count: 42294 | Episode Q0:     5.33
Episode: 514/7000 | Episode reward:    37.71 | Episode steps:  101 | Average reward:    71.46 | Step Count: 42395 | Episode Q0:     5.33
Episode: 515/7000 | Episode reward:    55.80 | Episode steps:  194 | Average reward:    64.43 | Step Count: 42589 | Episode Q0:     5.33
Episode: 516/7000 | Episode reward:    11.22 | Episode steps:   95 | Average reward:    62.76 | Step Count: 42684 | Episode Q0:     5.33
Episode: 517/7000 | Episode reward:    24.01 | Episode steps:   71 | Average reward:    60.65 | Step Count: 42755 | Episode Q0:     5.33
Episode: 518/7000 | Episode reward:    84.46 | Episode steps:  214 | Average reward:    64.60 | Step Count: 42969 | Episode Q0:     5.33
Episode: 519/7000 | Episode reward:    35.85 | Episode steps:   89 | Average reward:    57.55 | Step Count: 43058 | Episode Q0:     5.33
Episode: 520/7000 | Episode reward:    74.10 | Episode steps:  124 | Average reward:    65.29 | Step Count: 43182 | Episode Q0:     5.33
Episode: 521/7000 | Episode reward:    85.76 | Episode steps:  247 | Average reward:    64.97 | Step Count: 43429 | Episode Q0:     5.33
Episode: 522/7000 | Episode reward:    15.26 | Episode steps:   95 | Average reward:    60.37 | Step Count: 43524 | Episode Q0:     5.33
Episode: 523/7000 | Episode reward:   135.63 | Episode steps:  294 | Average reward:    55.98 | Step Count: 43818 | Episode Q0:     5.33
Episode: 524/7000 | Episode reward:    89.39 | Episode steps:  123 | Average reward:    61.15 | Step Count: 43941 | Episode Q0:     5.33
Episode: 525/7000 | Episode reward:    48.71 | Episode steps:  175 | Average reward:    60.44 | Step Count: 44116 | Episode Q0:     5.33
Episode: 526/7000 | Episode reward:   145.97 | Episode steps:  220 | Average reward:    73.91 | Step Count: 44336 | Episode Q0:     5.33
Episode: 527/7000 | Episode reward:    83.45 | Episode steps:  219 | Average reward:    79.86 | Step Count: 44555 | Episode Q0:     5.33
Episode: 528/7000 | Episode reward:    41.26 | Episode steps:   85 | Average reward:    75.54 | Step Count: 44640 | Episode Q0:     5.33
Episode: 529/7000 | Episode reward:    20.02 | Episode steps:  118 | Average reward:    73.96 | Step Count: 44758 | Episode Q0:     5.33
Episode: 530/7000 | Episode reward:    44.37 | Episode steps:   95 | Average reward:    70.98 | Step Count: 44853 | Episode Q0:     5.33
Episode: 531/7000 | Episode reward:    84.10 | Episode steps:  223 | Average reward:    70.82 | Step Count: 45076 | Episode Q0:     6.07
Episode: 532/7000 | Episode reward:   109.42 | Episode steps:  169 | Average reward:    80.23 | Step Count: 45245 | Episode Q0:     6.07
Episode: 533/7000 | Episode reward:    37.54 | Episode steps:   96 | Average reward:    70.43 | Step Count: 45341 | Episode Q0:     6.07
Episode: 534/7000 | Episode reward:   244.67 | Episode steps:  719 | Average reward:    85.95 | Step Count: 46060 | Episode Q0:     6.07
Episode: 535/7000 | Episode reward:   137.83 | Episode steps:  305 | Average reward:    94.86 | Step Count: 46365 | Episode Q0:     6.07
Episode: 536/7000 | Episode reward:    31.02 | Episode steps:  120 | Average reward:    83.37 | Step Count: 46485 | Episode Q0:     6.07
Episode: 537/7000 | Episode reward:    83.34 | Episode steps:  134 | Average reward:    83.36 | Step Count: 46619 | Episode Q0:     6.07
Episode: 538/7000 | Episode reward:    62.68 | Episode steps:  193 | Average reward:    85.50 | Step Count: 46812 | Episode Q0:     6.07
Episode: 539/7000 | Episode reward:    28.12 | Episode steps:  122 | Average reward:    86.31 | Step Count: 46934 | Episode Q0:     6.07
Episode: 540/7000 | Episode reward:    38.83 | Episode steps:  175 | Average reward:    85.76 | Step Count: 47109 | Episode Q0:     6.07
Episode: 541/7000 | Episode reward:    51.38 | Episode steps:  195 | Average reward:    82.48 | Step Count: 47304 | Episode Q0:     6.07
Episode: 542/7000 | Episode reward:    37.29 | Episode steps:  126 | Average reward:    75.27 | Step Count: 47430 | Episode Q0:     6.07
Episode: 543/7000 | Episode reward:   100.43 | Episode steps:  278 | Average reward:    81.56 | Step Count: 47708 | Episode Q0:     6.07
Episode: 544/7000 | Episode reward:    49.82 | Episode steps:  144 | Average reward:    62.07 | Step Count: 47852 | Episode Q0:     6.07
Episode: 545/7000 | Episode reward:   161.46 | Episode steps:  298 | Average reward:    64.44 | Step Count: 48150 | Episode Q0:     6.07
Episode: 546/7000 | Episode reward:   124.75 | Episode steps:  258 | Average reward:    73.81 | Step Count: 48408 | Episode Q0:     6.07
Episode: 547/7000 | Episode reward:   136.25 | Episode steps:  276 | Average reward:    79.10 | Step Count: 48684 | Episode Q0:     6.07
Episode: 548/7000 | Episode reward:    32.78 | Episode steps:   94 | Average reward:    76.11 | Step Count: 48778 | Episode Q0:     6.07
Episode: 549/7000 | Episode reward:    21.20 | Episode steps:  102 | Average reward:    75.42 | Step Count: 48880 | Episode Q0:     6.07
Episode: 550/7000 | Episode reward:    48.53 | Episode steps:  133 | Average reward:    76.39 | Step Count: 49013 | Episode Q0:     6.07
Episode: 551/7000 | Episode reward:    48.00 | Episode steps:  179 | Average reward:    76.05 | Step Count: 49192 | Episode Q0:     6.07
Episode: 552/7000 | Episode reward:    54.63 | Episode steps:  124 | Average reward:    77.79 | Step Count: 49316 | Episode Q0:     6.07
Episode: 553/7000 | Episode reward:    35.75 | Episode steps:   92 | Average reward:    71.32 | Step Count: 49408 | Episode Q0:     6.07
Episode: 554/7000 | Episode reward:   160.70 | Episode steps:  420 | Average reward:    82.41 | Step Count: 49828 | Episode Q0:     6.07
Episode: 555/7000 | Episode reward:    97.16 | Episode steps:  299 | Average reward:    75.98 | Step Count: 50127 | Episode Q0:     6.07
Episode: 556/7000 | Episode reward:   193.05 | Episode steps:  360 | Average reward:    82.81 | Step Count: 50487 | Episode Q0:     6.07
Episode: 557/7000 | Episode reward:   209.76 | Episode steps:  466 | Average reward:    90.16 | Step Count: 50953 | Episode Q0:     6.07
Episode: 558/7000 | Episode reward:   110.97 | Episode steps:  283 | Average reward:    97.98 | Step Count: 51236 | Episode Q0:     6.07
Episode: 559/7000 | Episode reward:    91.44 | Episode steps:  235 | Average reward:   105.00 | Step Count: 51471 | Episode Q0:     6.07
Episode: 560/7000 | Episode reward:   104.07 | Episode steps:  157 | Average reward:   110.55 | Step Count: 51628 | Episode Q0:     6.07
Episode: 561/7000 | Episode reward:   495.09 | Episode steps: 1320 | Average reward:   155.26 | Step Count: 52948 | Episode Q0:     6.88
Episode: 562/7000 | Episode reward:   144.45 | Episode steps:  334 | Average reward:   164.24 | Step Count: 53282 | Episode Q0:     6.88
Episode: 563/7000 | Episode reward:   204.62 | Episode steps:  370 | Average reward:   181.13 | Step Count: 53652 | Episode Q0:     6.88
Episode: 564/7000 | Episode reward:    53.59 | Episode steps:  116 | Average reward:   170.42 | Step Count: 53768 | Episode Q0:     6.88
Episode: 565/7000 | Episode reward:   106.99 | Episode steps:  269 | Average reward:   171.40 | Step Count: 54037 | Episode Q0:     6.88
Episode: 566/7000 | Episode reward:   123.52 | Episode steps:  255 | Average reward:   164.45 | Step Count: 54292 | Episode Q0:     6.88
Episode: 567/7000 | Episode reward:    39.63 | Episode steps:   87 | Average reward:   147.44 | Step Count: 54379 | Episode Q0:     6.88
Episode: 568/7000 | Episode reward:    63.77 | Episode steps:  115 | Average reward:   142.72 | Step Count: 54494 | Episode Q0:     6.88
Episode: 569/7000 | Episode reward:    91.66 | Episode steps:  136 | Average reward:   142.74 | Step Count: 54630 | Episode Q0:     6.88
Episode: 570/7000 | Episode reward:   122.91 | Episode steps:  260 | Average reward:   144.62 | Step Count: 54890 | Episode Q0:     6.88
Episode: 571/7000 | Episode reward:    31.61 | Episode steps:  115 | Average reward:    98.28 | Step Count: 55005 | Episode Q0:     6.88
Episode: 572/7000 | Episode reward:   137.57 | Episode steps:  319 | Average reward:    97.59 | Step Count: 55324 | Episode Q0:     6.88
Episode: 573/7000 | Episode reward:    77.63 | Episode steps:  108 | Average reward:    84.89 | Step Count: 55432 | Episode Q0:     6.88
Episode: 574/7000 | Episode reward:    60.60 | Episode steps:  137 | Average reward:    85.59 | Step Count: 55569 | Episode Q0:     6.88
Episode: 575/7000 | Episode reward:   105.66 | Episode steps:  343 | Average reward:    85.46 | Step Count: 55912 | Episode Q0:     6.88
Episode: 576/7000 | Episode reward:   198.36 | Episode steps:  410 | Average reward:    92.94 | Step Count: 56322 | Episode Q0:     6.88
Episode: 577/7000 | Episode reward:    85.65 | Episode steps:  142 | Average reward:    97.54 | Step Count: 56464 | Episode Q0:     6.88
Episode: 578/7000 | Episode reward:   190.86 | Episode steps:  434 | Average reward:   110.25 | Step Count: 56898 | Episode Q0:     6.88
Episode: 579/7000 | Episode reward:   126.76 | Episode steps:  369 | Average reward:   113.76 | Step Count: 57267 | Episode Q0:     6.88
Episode: 580/7000 | Episode reward:    93.89 | Episode steps:  146 | Average reward:   110.86 | Step Count: 57413 | Episode Q0:     6.88
Episode: 581/7000 | Episode reward:   226.75 | Episode steps:  423 | Average reward:   130.37 | Step Count: 57836 | Episode Q0:     6.88
Episode: 582/7000 | Episode reward:   174.70 | Episode steps:  409 | Average reward:   134.09 | Step Count: 58245 | Episode Q0:     6.88
Episode: 583/7000 | Episode reward:   148.81 | Episode steps:  332 | Average reward:   141.20 | Step Count: 58577 | Episode Q0:     6.88
Episode: 584/7000 | Episode reward:    53.20 | Episode steps:  157 | Average reward:   140.46 | Step Count: 58734 | Episode Q0:     6.88
Episode: 585/7000 | Episode reward:    55.23 | Episode steps:  193 | Average reward:   135.42 | Step Count: 58927 | Episode Q0:     6.88
Episode: 586/7000 | Episode reward:   154.48 | Episode steps:  369 | Average reward:   131.03 | Step Count: 59296 | Episode Q0:     6.88
Episode: 587/7000 | Episode reward:   143.88 | Episode steps:  393 | Average reward:   136.86 | Step Count: 59689 | Episode Q0:     6.88
Episode: 588/7000 | Episode reward:    31.57 | Episode steps:  111 | Average reward:   120.93 | Step Count: 59800 | Episode Q0:     6.88
Episode: 589/7000 | Episode reward:   136.43 | Episode steps:  385 | Average reward:   121.89 | Step Count: 60185 | Episode Q0:     6.88
Episode: 590/7000 | Episode reward:   209.86 | Episode steps:  680 | Average reward:   133.49 | Step Count: 60865 | Episode Q0:     6.88
Episode: 591/7000 | Episode reward:    81.56 | Episode steps:  314 | Average reward:   118.97 | Step Count: 61179 | Episode Q0:     6.88
Episode: 592/7000 | Episode reward:    47.11 | Episode steps:  112 | Average reward:   106.21 | Step Count: 61291 | Episode Q0:     6.88
Episode: 593/7000 | Episode reward:    82.96 | Episode steps:  326 | Average reward:    99.63 | Step Count: 61617 | Episode Q0:     7.96
Episode: 594/7000 | Episode reward:   145.32 | Episode steps:  183 | Average reward:   108.84 | Step Count: 61800 | Episode Q0:     7.96
Episode: 595/7000 | Episode reward:   107.42 | Episode steps:  150 | Average reward:   114.06 | Step Count: 61950 | Episode Q0:     7.96
Episode: 596/7000 | Episode reward:   165.96 | Episode steps:  417 | Average reward:   115.21 | Step Count: 62367 | Episode Q0:     7.96
Episode: 597/7000 | Episode reward:   113.22 | Episode steps:  329 | Average reward:   112.14 | Step Count: 62696 | Episode Q0:     7.96
Episode: 598/7000 | Episode reward:    90.84 | Episode steps:  315 | Average reward:   118.07 | Step Count: 63011 | Episode Q0:     7.96
Episode: 599/7000 | Episode reward:    86.05 | Episode steps:  332 | Average reward:   113.03 | Step Count: 63343 | Episode Q0:     7.96
Episode: 600/7000 | Episode reward:   100.89 | Episode steps:  151 | Average reward:   102.13 | Step Count: 63494 | Episode Q0:     7.96
Episode: 601/7000 | Episode reward:    41.99 | Episode steps:   97 | Average reward:    98.18 | Step Count: 63591 | Episode Q0:     7.96
Episode: 602/7000 | Episode reward:    92.81 | Episode steps:  348 | Average reward:   102.75 | Step Count: 63939 | Episode Q0:     7.96
Episode: 603/7000 | Episode reward:   172.49 | Episode steps:  436 | Average reward:   111.70 | Step Count: 64375 | Episode Q0:     7.96
Episode: 604/7000 | Episode reward:   101.59 | Episode steps:  354 | Average reward:   107.33 | Step Count: 64729 | Episode Q0:     7.96
Episode: 605/7000 | Episode reward:   137.34 | Episode steps:  253 | Average reward:   110.32 | Step Count: 64982 | Episode Q0:     7.96
Episode: 606/7000 | Episode reward:   116.68 | Episode steps:  148 | Average reward:   105.39 | Step Count: 65130 | Episode Q0:     7.96
Episode: 607/7000 | Episode reward:    40.45 | Episode steps:  142 | Average reward:    98.11 | Step Count: 65272 | Episode Q0:     7.96
Episode: 608/7000 | Episode reward:    66.95 | Episode steps:  179 | Average reward:    95.72 | Step Count: 65451 | Episode Q0:     7.96
Episode: 609/7000 | Episode reward:   115.14 | Episode steps:  173 | Average reward:    98.63 | Step Count: 65624 | Episode Q0:     7.96
Episode: 610/7000 | Episode reward:    20.59 | Episode steps:   97 | Average reward:    90.60 | Step Count: 65721 | Episode Q0:     7.96
Episode: 611/7000 | Episode reward:     5.74 | Episode steps:  114 | Average reward:    86.98 | Step Count: 65835 | Episode Q0:     7.96
Episode: 612/7000 | Episode reward:    34.05 | Episode steps:  147 | Average reward:    81.10 | Step Count: 65982 | Episode Q0:     7.96
Episode: 613/7000 | Episode reward:    18.99 | Episode steps:  131 | Average reward:    65.75 | Step Count: 66113 | Episode Q0:     7.96
Episode: 614/7000 | Episode reward:   125.29 | Episode steps:  272 | Average reward:    68.12 | Step Count: 66385 | Episode Q0:     7.96
Episode: 615/7000 | Episode reward:    77.48 | Episode steps:  132 | Average reward:    62.14 | Step Count: 66517 | Episode Q0:     7.96
Episode: 616/7000 | Episode reward:   195.29 | Episode steps:  389 | Average reward:    70.00 | Step Count: 66906 | Episode Q0:     7.96
Episode: 617/7000 | Episode reward:   200.01 | Episode steps:  345 | Average reward:    85.95 | Step Count: 67251 | Episode Q0:     7.96
Episode: 618/7000 | Episode reward:    39.23 | Episode steps:  110 | Average reward:    83.18 | Step Count: 67361 | Episode Q0:     7.96
Episode: 619/7000 | Episode reward:    41.81 | Episode steps:  100 | Average reward:    75.85 | Step Count: 67461 | Episode Q0:     7.96
Episode: 620/7000 | Episode reward:    65.94 | Episode steps:  208 | Average reward:    80.38 | Step Count: 67669 | Episode Q0:     7.96
Episode: 621/7000 | Episode reward:    26.74 | Episode steps:  110 | Average reward:    82.48 | Step Count: 67779 | Episode Q0:     7.96
Episode: 622/7000 | Episode reward:    92.50 | Episode steps:  195 | Average reward:    88.33 | Step Count: 67974 | Episode Q0:     7.96
Episode: 623/7000 | Episode reward:    70.53 | Episode steps:  298 | Average reward:    93.48 | Step Count: 68272 | Episode Q0:     7.96
Episode: 624/7000 | Episode reward:    49.09 | Episode steps:  133 | Average reward:    85.86 | Step Count: 68405 | Episode Q0:     7.96
Episode: 625/7000 | Episode reward:    39.87 | Episode steps:   87 | Average reward:    82.10 | Step Count: 68492 | Episode Q0:     7.96
Episode: 626/7000 | Episode reward:    29.15 | Episode steps:  120 | Average reward:    65.49 | Step Count: 68612 | Episode Q0:     7.96
Episode: 627/7000 | Episode reward:    28.24 | Episode steps:  155 | Average reward:    48.31 | Step Count: 68767 | Episode Q0:     7.96
Episode: 628/7000 | Episode reward:    42.30 | Episode steps:  178 | Average reward:    48.62 | Step Count: 68945 | Episode Q0:     8.96
Episode: 629/7000 | Episode reward:    72.23 | Episode steps:  177 | Average reward:    51.66 | Step Count: 69122 | Episode Q0:     8.96
Episode: 630/7000 | Episode reward:    57.76 | Episode steps:  221 | Average reward:    50.84 | Step Count: 69343 | Episode Q0:     8.96
Episode: 631/7000 | Episode reward:    22.57 | Episode steps:  135 | Average reward:    50.42 | Step Count: 69478 | Episode Q0:     8.96
Episode: 632/7000 | Episode reward:    95.55 | Episode steps:  200 | Average reward:    50.73 | Step Count: 69678 | Episode Q0:     8.96
Episode: 633/7000 | Episode reward:   135.57 | Episode steps:  186 | Average reward:    57.23 | Step Count: 69864 | Episode Q0:     8.96
Episode: 634/7000 | Episode reward:   155.62 | Episode steps:  349 | Average reward:    67.89 | Step Count: 70213 | Episode Q0:     8.96
Episode: 635/7000 | Episode reward:   138.01 | Episode steps:  343 | Average reward:    77.70 | Step Count: 70556 | Episode Q0:     8.96
Episode: 636/7000 | Episode reward:    15.21 | Episode steps:  121 | Average reward:    76.31 | Step Count: 70677 | Episode Q0:     8.96
Episode: 637/7000 | Episode reward:    74.59 | Episode steps:  309 | Average reward:    80.94 | Step Count: 70986 | Episode Q0:     8.96
Episode: 638/7000 | Episode reward:   138.28 | Episode steps:  169 | Average reward:    90.54 | Step Count: 71155 | Episode Q0:     8.96
Episode: 639/7000 | Episode reward:    23.81 | Episode steps:  109 | Average reward:    85.70 | Step Count: 71264 | Episode Q0:     8.96
Episode: 640/7000 | Episode reward:   150.36 | Episode steps:  180 | Average reward:    94.96 | Step Count: 71444 | Episode Q0:     8.96
Episode: 641/7000 | Episode reward:    83.25 | Episode steps:  337 | Average reward:   101.02 | Step Count: 71781 | Episode Q0:     8.96
Episode: 642/7000 | Episode reward:    28.96 | Episode steps:   96 | Average reward:    94.37 | Step Count: 71877 | Episode Q0:     8.96
Episode: 643/7000 | Episode reward:   112.45 | Episode steps:  307 | Average reward:    92.05 | Step Count: 72184 | Episode Q0:     8.96
Episode: 644/7000 | Episode reward:    86.39 | Episode steps:  308 | Average reward:    85.13 | Step Count: 72492 | Episode Q0:     8.96
Episode: 645/7000 | Episode reward:   121.90 | Episode steps:  358 | Average reward:    83.52 | Step Count: 72850 | Episode Q0:     8.96
Episode: 646/7000 | Episode reward:    15.15 | Episode steps:  124 | Average reward:    83.51 | Step Count: 72974 | Episode Q0:     8.96
Episode: 647/7000 | Episode reward:    31.31 | Episode steps:  100 | Average reward:    79.19 | Step Count: 73074 | Episode Q0:     8.96
Episode: 648/7000 | Episode reward:    89.49 | Episode steps:  279 | Average reward:    74.31 | Step Count: 73353 | Episode Q0:     8.96
Episode: 649/7000 | Episode reward:   260.96 | Episode steps:  458 | Average reward:    98.02 | Step Count: 73811 | Episode Q0:     8.96
Episode: 650/7000 | Episode reward:    12.61 | Episode steps:  140 | Average reward:    84.25 | Step Count: 73951 | Episode Q0:     8.96
Episode: 651/7000 | Episode reward:    79.97 | Episode steps:  268 | Average reward:    83.92 | Step Count: 74219 | Episode Q0:     8.96
Episode: 652/7000 | Episode reward:   109.11 | Episode steps:  319 | Average reward:    91.93 | Step Count: 74538 | Episode Q0:     8.96
Episode: 653/7000 | Episode reward:    19.92 | Episode steps:  106 | Average reward:    82.68 | Step Count: 74644 | Episode Q0:     8.96
Episode: 654/7000 | Episode reward:   142.60 | Episode steps:  405 | Average reward:    88.30 | Step Count: 75049 | Episode Q0:     8.96
Episode: 655/7000 | Episode reward:    35.91 | Episode steps:   88 | Average reward:    79.70 | Step Count: 75137 | Episode Q0:     8.96
Episode: 656/7000 | Episode reward:    41.71 | Episode steps:  288 | Average reward:    82.36 | Step Count: 75425 | Episode Q0:     8.96
Episode: 657/7000 | Episode reward:    59.27 | Episode steps:  259 | Average reward:    85.16 | Step Count: 75684 | Episode Q0:     8.96
Episode: 658/7000 | Episode reward:    -1.86 | Episode steps:  100 | Average reward:    76.02 | Step Count: 75784 | Episode Q0:     8.96
Episode: 659/7000 | Episode reward:    33.03 | Episode steps:   73 | Average reward:    53.23 | Step Count: 75857 | Episode Q0:     8.96
Episode: 660/7000 | Episode reward:    66.27 | Episode steps:  130 | Average reward:    58.59 | Step Count: 75987 | Episode Q0:     8.96
Episode: 661/7000 | Episode reward:     3.19 | Episode steps:  100 | Average reward:    50.92 | Step Count: 76087 | Episode Q0:     8.96
Episode: 662/7000 | Episode reward:    42.13 | Episode steps:   76 | Average reward:    44.22 | Step Count: 76163 | Episode Q0:     8.96
Episode: 663/7000 | Episode reward:   122.80 | Episode steps:  327 | Average reward:    54.51 | Step Count: 76490 | Episode Q0:    10.31
Episode: 664/7000 | Episode reward:    43.43 | Episode steps:  121 | Average reward:    44.59 | Step Count: 76611 | Episode Q0:    10.31
Episode: 665/7000 | Episode reward:    55.18 | Episode steps:  149 | Average reward:    46.52 | Step Count: 76760 | Episode Q0:    10.31
Episode: 666/7000 | Episode reward:    90.42 | Episode steps:  117 | Average reward:    51.39 | Step Count: 76877 | Episode Q0:    10.31
Episode: 667/7000 | Episode reward:    67.59 | Episode steps:  108 | Average reward:    52.22 | Step Count: 76985 | Episode Q0:    10.31
Episode: 668/7000 | Episode reward:    79.23 | Episode steps:  106 | Average reward:    60.33 | Step Count: 77091 | Episode Q0:    10.31
Episode: 669/7000 | Episode reward:   105.17 | Episode steps:  142 | Average reward:    67.54 | Step Count: 77233 | Episode Q0:    10.31
Episode: 670/7000 | Episode reward:    63.19 | Episode steps:  276 | Average reward:    67.23 | Step Count: 77509 | Episode Q0:    10.31
Episode: 671/7000 | Episode reward:    63.48 | Episode steps:   92 | Average reward:    73.26 | Step Count: 77601 | Episode Q0:    10.31
Episode: 672/7000 | Episode reward:    85.65 | Episode steps:  118 | Average reward:    77.61 | Step Count: 77719 | Episode Q0:    10.31
Episode: 673/7000 | Episode reward:   108.21 | Episode steps:  550 | Average reward:    76.15 | Step Count: 78269 | Episode Q0:    10.31
Episode: 674/7000 | Episode reward:    55.44 | Episode steps:  102 | Average reward:    77.36 | Step Count: 78371 | Episode Q0:    10.31
Episode: 675/7000 | Episode reward:    61.81 | Episode steps:  150 | Average reward:    78.02 | Step Count: 78521 | Episode Q0:    10.31
Episode: 676/7000 | Episode reward:    91.34 | Episode steps:  546 | Average reward:    78.11 | Step Count: 79067 | Episode Q0:    10.31
Episode: 677/7000 | Episode reward:   116.03 | Episode steps:  142 | Average reward:    82.95 | Step Count: 79209 | Episode Q0:    10.31
Episode: 678/7000 | Episode reward:   167.91 | Episode steps:  467 | Average reward:    91.82 | Step Count: 79676 | Episode Q0:    10.31
Episode: 679/7000 | Episode reward:    37.24 | Episode steps:   82 | Average reward:    85.03 | Step Count: 79758 | Episode Q0:    10.31
Episode: 680/7000 | Episode reward:    23.10 | Episode steps:  137 | Average reward:    81.02 | Step Count: 79895 | Episode Q0:    10.31
Episode: 681/7000 | Episode reward:   124.69 | Episode steps:  428 | Average reward:    87.14 | Step Count: 80323 | Episode Q0:    10.31
Episode: 682/7000 | Episode reward:    84.92 | Episode steps:  216 | Average reward:    87.07 | Step Count: 80539 | Episode Q0:    10.31
Episode: 683/7000 | Episode reward:    21.81 | Episode steps:  112 | Average reward:    78.43 | Step Count: 80651 | Episode Q0:    10.31
Episode: 684/7000 | Episode reward:   116.49 | Episode steps:  375 | Average reward:    84.53 | Step Count: 81026 | Episode Q0:    10.31
Episode: 685/7000 | Episode reward:    22.32 | Episode steps:  120 | Average reward:    80.58 | Step Count: 81146 | Episode Q0:    10.31
Episode: 686/7000 | Episode reward:    73.73 | Episode steps:  371 | Average reward:    78.82 | Step Count: 81517 | Episode Q0:    10.31
Episode: 687/7000 | Episode reward:    48.54 | Episode steps:  158 | Average reward:    72.08 | Step Count: 81675 | Episode Q0:    10.31
Episode: 688/7000 | Episode reward:    22.63 | Episode steps:   99 | Average reward:    57.55 | Step Count: 81774 | Episode Q0:    10.31
Episode: 689/7000 | Episode reward:    80.45 | Episode steps:  129 | Average reward:    61.87 | Step Count: 81903 | Episode Q0:    10.31
Episode: 690/7000 | Episode reward:    74.99 | Episode steps:  142 | Average reward:    67.06 | Step Count: 82045 | Episode Q0:    10.31
Episode: 691/7000 | Episode reward:   103.27 | Episode steps:  359 | Average reward:    64.92 | Step Count: 82404 | Episode Q0:    10.31
Episode: 692/7000 | Episode reward:   143.78 | Episode steps:  180 | Average reward:    70.80 | Step Count: 82584 | Episode Q0:    10.31
Episode: 693/7000 | Episode reward:   116.24 | Episode steps:  360 | Average reward:    80.25 | Step Count: 82944 | Episode Q0:    10.31
Episode: 694/7000 | Episode reward:    21.88 | Episode steps:  120 | Average reward:    70.78 | Step Count: 83064 | Episode Q0:    10.31
Episode: 695/7000 | Episode reward:   129.22 | Episode steps:  394 | Average reward:    81.47 | Step Count: 83458 | Episode Q0:    10.31
Episode: 696/7000 | Episode reward:   136.48 | Episode steps:  401 | Average reward:    87.75 | Step Count: 83859 | Episode Q0:    11.69
Episode: 697/7000 | Episode reward:    48.18 | Episode steps:  126 | Average reward:    87.71 | Step Count: 83985 | Episode Q0:    11.69
Episode: 698/7000 | Episode reward:    47.09 | Episode steps:  103 | Average reward:    90.16 | Step Count: 84088 | Episode Q0:    11.69
Episode: 699/7000 | Episode reward:    43.61 | Episode steps:  100 | Average reward:    86.47 | Step Count: 84188 | Episode Q0:    11.69
Episode: 700/7000 | Episode reward:   118.63 | Episode steps:  372 | Average reward:    90.84 | Step Count: 84560 | Episode Q0:    11.69
Episode: 701/7000 | Episode reward:    86.27 | Episode steps:  350 | Average reward:    89.14 | Step Count: 84910 | Episode Q0:    11.69
Episode: 702/7000 | Episode reward:   341.55 | Episode steps:  552 | Average reward:   108.91 | Step Count: 85462 | Episode Q0:    11.69
Episode: 703/7000 | Episode reward:   149.23 | Episode steps:  386 | Average reward:   112.21 | Step Count: 85848 | Episode Q0:    11.69
Episode: 704/7000 | Episode reward:    30.71 | Episode steps:  109 | Average reward:   113.10 | Step Count: 85957 | Episode Q0:    11.69
Episode: 705/7000 | Episode reward:   102.98 | Episode steps:  343 | Average reward:   110.47 | Step Count: 86300 | Episode Q0:    11.69
Episode: 706/7000 | Episode reward:    39.72 | Episode steps:  154 | Average reward:   100.80 | Step Count: 86454 | Episode Q0:    11.69
Episode: 707/7000 | Episode reward:   162.92 | Episode steps:  208 | Average reward:   112.27 | Step Count: 86662 | Episode Q0:    11.69
Episode: 708/7000 | Episode reward:    45.10 | Episode steps:  102 | Average reward:   112.07 | Step Count: 86764 | Episode Q0:    11.69
Episode: 709/7000 | Episode reward:   305.10 | Episode steps:  496 | Average reward:   138.22 | Step Count: 87260 | Episode Q0:    11.69
Episode: 710/7000 | Episode reward:    24.26 | Episode steps:   93 | Average reward:   128.78 | Step Count: 87353 | Episode Q0:    11.69
Episode: 711/7000 | Episode reward:   132.79 | Episode steps:  171 | Average reward:   133.44 | Step Count: 87524 | Episode Q0:    11.69
Episode: 712/7000 | Episode reward:   180.56 | Episode steps:  618 | Average reward:   117.34 | Step Count: 88142 | Episode Q0:    11.69
Episode: 713/7000 | Episode reward:    36.73 | Episode steps:   76 | Average reward:   106.09 | Step Count: 88218 | Episode Q0:    11.69
Episode: 714/7000 | Episode reward:    35.14 | Episode steps:   88 | Average reward:   106.53 | Step Count: 88306 | Episode Q0:    11.69
Episode: 715/7000 | Episode reward:    99.04 | Episode steps:  143 | Average reward:   106.14 | Step Count: 88449 | Episode Q0:    11.69
Episode: 716/7000 | Episode reward:    35.07 | Episode steps:  103 | Average reward:   105.67 | Step Count: 88552 | Episode Q0:    11.69
Episode: 717/7000 | Episode reward:   212.63 | Episode steps:  408 | Average reward:   110.64 | Step Count: 88960 | Episode Q0:    11.69
Episode: 718/7000 | Episode reward:    70.18 | Episode steps:  530 | Average reward:   113.15 | Step Count: 89490 | Episode Q0:    11.69
Episode: 719/7000 | Episode reward:   151.82 | Episode steps:  359 | Average reward:    97.82 | Step Count: 89849 | Episode Q0:    11.69
Episode: 720/7000 | Episode reward:    35.58 | Episode steps:   95 | Average reward:    98.95 | Step Count: 89944 | Episode Q0:    11.69
Episode: 721/7000 | Episode reward:    97.16 | Episode steps:  342 | Average reward:    95.39 | Step Count: 90286 | Episode Q0:    11.69
Episode: 722/7000 | Episode reward:   202.45 | Episode steps:  250 | Average reward:    97.58 | Step Count: 90536 | Episode Q0:    11.69
Episode: 723/7000 | Episode reward:    30.85 | Episode steps:  155 | Average reward:    96.99 | Step Count: 90691 | Episode Q0:    11.69
Episode: 724/7000 | Episode reward:   160.30 | Episode steps:  377 | Average reward:   109.51 | Step Count: 91068 | Episode Q0:    13.21
Episode: 725/7000 | Episode reward:   118.80 | Episode steps:  343 | Average reward:   111.48 | Step Count: 91411 | Episode Q0:    13.21
Episode: 726/7000 | Episode reward:   167.01 | Episode steps:  409 | Average reward:   124.68 | Step Count: 91820 | Episode Q0:    13.21
Episode: 727/7000 | Episode reward:    26.00 | Episode steps:  113 | Average reward:   106.02 | Step Count: 91933 | Episode Q0:    13.21
Episode: 728/7000 | Episode reward:   132.65 | Episode steps:  413 | Average reward:   112.26 | Step Count: 92346 | Episode Q0:    13.21
Episode: 729/7000 | Episode reward:   115.81 | Episode steps:  284 | Average reward:   108.66 | Step Count: 92630 | Episode Q0:    13.21
Episode: 730/7000 | Episode reward:   173.42 | Episode steps:  364 | Average reward:   122.45 | Step Count: 92994 | Episode Q0:    13.21
Episode: 731/7000 | Episode reward:   110.57 | Episode steps:  358 | Average reward:   123.79 | Step Count: 93352 | Episode Q0:    13.21
Episode: 732/7000 | Episode reward:   351.06 | Episode steps:  582 | Average reward:   138.65 | Step Count: 93934 | Episode Q0:    13.21
Episode: 733/7000 | Episode reward:    49.56 | Episode steps:   98 | Average reward:   140.52 | Step Count: 94032 | Episode Q0:    13.21
Episode: 734/7000 | Episode reward:   149.01 | Episode steps:  347 | Average reward:   139.39 | Step Count: 94379 | Episode Q0:    13.21
Episode: 735/7000 | Episode reward:   152.32 | Episode steps:  414 | Average reward:   142.74 | Step Count: 94793 | Episode Q0:    13.21
Episode: 736/7000 | Episode reward:    91.60 | Episode steps:  119 | Average reward:   135.20 | Step Count: 94912 | Episode Q0:    13.21
Episode: 737/7000 | Episode reward:   227.19 | Episode steps:  453 | Average reward:   155.32 | Step Count: 95365 | Episode Q0:    13.21
Episode: 738/7000 | Episode reward:    25.46 | Episode steps:  144 | Average reward:   144.60 | Step Count: 95509 | Episode Q0:    13.21
Episode: 739/7000 | Episode reward:   149.52 | Episode steps:  410 | Average reward:   147.97 | Step Count: 95919 | Episode Q0:    13.21
Episode: 740/7000 | Episode reward:   100.82 | Episode steps:  148 | Average reward:   140.71 | Step Count: 96067 | Episode Q0:    13.21
Episode: 741/7000 | Episode reward:    29.57 | Episode steps:  170 | Average reward:   132.61 | Step Count: 96237 | Episode Q0:    13.21
Episode: 742/7000 | Episode reward:   297.03 | Episode steps:  967 | Average reward:   127.21 | Step Count: 97204 | Episode Q0:    13.21
Episode: 743/7000 | Episode reward:   174.39 | Episode steps:  823 | Average reward:   139.69 | Step Count: 98027 | Episode Q0:    13.21
Episode: 744/7000 | Episode reward:    30.36 | Episode steps:  100 | Average reward:   127.83 | Step Count: 98127 | Episode Q0:    13.21
Episode: 745/7000 | Episode reward:   125.28 | Episode steps:  201 | Average reward:   125.12 | Step Count: 98328 | Episode Q0:    13.21
Episode: 746/7000 | Episode reward:    48.87 | Episode steps:  401 | Average reward:   120.85 | Step Count: 98729 | Episode Q0:    13.21
Episode: 747/7000 | Episode reward:   417.94 | Episode steps: 1393 | Average reward:   139.93 | Step Count: 100122 | Episode Q0:    14.53
Episode: 748/7000 | Episode reward:   483.13 | Episode steps: 1657 | Average reward:   185.69 | Step Count: 101779 | Episode Q0:    14.53
Episode: 749/7000 | Episode reward:   339.51 | Episode steps: 1099 | Average reward:   204.69 | Step Count: 102878 | Episode Q0:    14.53
Episode: 750/7000 | Episode reward:   300.40 | Episode steps: 1009 | Average reward:   224.65 | Step Count: 103887 | Episode Q0:    14.53
Episode: 751/7000 | Episode reward:    95.32 | Episode steps:  400 | Average reward:   231.22 | Step Count: 104287 | Episode Q0:    14.53
Episode: 752/7000 | Episode reward:   346.55 | Episode steps: 1652 | Average reward:   236.18 | Step Count: 105939 | Episode Q0:    14.53
Episode: 753/7000 | Episode reward:   244.50 | Episode steps:  683 | Average reward:   243.19 | Step Count: 106622 | Episode Q0:    14.53
Episode: 754/7000 | Episode reward:   331.64 | Episode steps: 1274 | Average reward:   273.31 | Step Count: 107896 | Episode Q0:    14.53
Episode: 755/7000 | Episode reward:    48.02 | Episode steps:   98 | Average reward:   265.59 | Step Count: 107994 | Episode Q0:    14.53
Episode: 756/7000 | Episode reward:   338.27 | Episode steps: 1029 | Average reward:   294.53 | Step Count: 109023 | Episode Q0:    14.53
Episode: 757/7000 | Episode reward:   246.99 | Episode steps:  728 | Average reward:   277.43 | Step Count: 109751 | Episode Q0:    14.53
Episode: 758/7000 | Episode reward:   140.10 | Episode steps:  196 | Average reward:   243.13 | Step Count: 109947 | Episode Q0:    14.53
Episode: 759/7000 | Episode reward:    58.25 | Episode steps:  185 | Average reward:   215.00 | Step Count: 110132 | Episode Q0:    14.53
Episode: 760/7000 | Episode reward:   365.47 | Episode steps: 1442 | Average reward:   221.51 | Step Count: 111574 | Episode Q0:    14.53
Episode: 761/7000 | Episode reward:   266.35 | Episode steps:  701 | Average reward:   238.61 | Step Count: 112275 | Episode Q0:    14.53
Episode: 762/7000 | Episode reward:   432.29 | Episode steps: 1364 | Average reward:   247.19 | Step Count: 113639 | Episode Q0:    14.53
Episode: 763/7000 | Episode reward:    58.13 | Episode steps:  190 | Average reward:   228.55 | Step Count: 113829 | Episode Q0:    14.53
Episode: 764/7000 | Episode reward:   115.99 | Episode steps:  398 | Average reward:   206.99 | Step Count: 114227 | Episode Q0:    14.53
Episode: 765/7000 | Episode reward:    69.91 | Episode steps:  460 | Average reward:   209.18 | Step Count: 114687 | Episode Q0:    14.53
Episode: 766/7000 | Episode reward:   305.66 | Episode steps: 1121 | Average reward:   205.91 | Step Count: 115808 | Episode Q0:    14.53
Episode: 767/7000 | Episode reward:   147.65 | Episode steps:  216 | Average reward:   195.98 | Step Count: 116024 | Episode Q0:    14.53
Episode: 768/7000 | Episode reward:   229.14 | Episode steps: 1030 | Average reward:   204.88 | Step Count: 117054 | Episode Q0:    14.53
Episode: 769/7000 | Episode reward:    89.88 | Episode steps:  144 | Average reward:   208.05 | Step Count: 117198 | Episode Q0:    14.53
Episode: 770/7000 | Episode reward:   648.16 | Episode steps: 2500 | Average reward:   236.32 | Step Count: 119698 | Episode Q0:    15.90
Episode: 771/7000 | Episode reward:    59.45 | Episode steps:  119 | Average reward:   215.63 | Step Count: 119817 | Episode Q0:    15.90
Episode: 772/7000 | Episode reward:   132.77 | Episode steps:  582 | Average reward:   185.67 | Step Count: 120399 | Episode Q0:    15.90
Episode: 773/7000 | Episode reward:   435.95 | Episode steps: 1530 | Average reward:   223.46 | Step Count: 121929 | Episode Q0:    15.90
Episode: 774/7000 | Episode reward:   113.09 | Episode steps:  461 | Average reward:   223.17 | Step Count: 122390 | Episode Q0:    15.90
Episode: 775/7000 | Episode reward:   773.61 | Episode steps: 2500 | Average reward:   293.54 | Step Count: 124890 | Episode Q0:    15.90
Episode: 776/7000 | Episode reward:   790.45 | Episode steps: 2500 | Average reward:   342.01 | Step Count: 127390 | Episode Q0:    15.90
Episode: 777/7000 | Episode reward:   345.84 | Episode steps: 1228 | Average reward:   361.83 | Step Count: 128618 | Episode Q0:    15.90
Episode: 778/7000 | Episode reward:   419.74 | Episode steps: 1588 | Average reward:   380.89 | Step Count: 130206 | Episode Q0:    15.90
Episode: 779/7000 | Episode reward:   808.14 | Episode steps: 2500 | Average reward:   452.72 | Step Count: 132706 | Episode Q0:    15.90
Episode: 780/7000 | Episode reward:   758.76 | Episode steps: 2500 | Average reward:   463.78 | Step Count: 135206 | Episode Q0:    15.90
Episode: 781/7000 | Episode reward:   244.65 | Episode steps: 1051 | Average reward:   482.30 | Step Count: 136257 | Episode Q0:    15.90
Episode: 782/7000 | Episode reward:   460.65 | Episode steps: 1624 | Average reward:   515.09 | Step Count: 137881 | Episode Q0:    15.90
Episode: 783/7000 | Episode reward:   133.80 | Episode steps:  784 | Average reward:   484.87 | Step Count: 138665 | Episode Q0:    15.90
Episode: 784/7000 | Episode reward:   221.07 | Episode steps:  881 | Average reward:   495.67 | Step Count: 139546 | Episode Q0:    15.90
Episode: 785/7000 | Episode reward:   103.42 | Episode steps:  319 | Average reward:   428.65 | Step Count: 139865 | Episode Q0:    15.90
Episode: 786/7000 | Episode reward:   393.94 | Episode steps: 1688 | Average reward:   389.00 | Step Count: 141553 | Episode Q0:    15.90
Episode: 787/7000 | Episode reward:   637.53 | Episode steps: 2362 | Average reward:   418.17 | Step Count: 143915 | Episode Q0:    15.90
Episode: 788/7000 | Episode reward:   434.60 | Episode steps: 2112 | Average reward:   419.65 | Step Count: 146027 | Episode Q0:    15.90
Episode: 789/7000 | Episode reward:   183.87 | Episode steps:  669 | Average reward:   357.23 | Step Count: 146696 | Episode Q0:    15.90
Episode: 790/7000 | Episode reward:   441.68 | Episode steps: 1712 | Average reward:   325.52 | Step Count: 148408 | Episode Q0:    15.90
Episode: 791/7000 | Episode reward:    63.79 | Episode steps:  107 | Average reward:   307.43 | Step Count: 148515 | Episode Q0:    15.90
Episode: 792/7000 | Episode reward:   202.89 | Episode steps: 1146 | Average reward:   281.66 | Step Count: 149661 | Episode Q0:    16.89
Episode: 793/7000 | Episode reward:   215.65 | Episode steps:  867 | Average reward:   289.84 | Step Count: 150528 | Episode Q0:    16.89
Episode: 794/7000 | Episode reward:   183.44 | Episode steps:  848 | Average reward:   286.08 | Step Count: 151376 | Episode Q0:    16.89
Episode: 795/7000 | Episode reward:   130.63 | Episode steps:  772 | Average reward:   288.80 | Step Count: 152148 | Episode Q0:    16.89
Episode: 796/7000 | Episode reward:   148.56 | Episode steps:  433 | Average reward:   264.26 | Step Count: 152581 | Episode Q0:    16.89
Episode: 797/7000 | Episode reward:   519.67 | Episode steps: 2024 | Average reward:   252.48 | Step Count: 154605 | Episode Q0:    16.89
Episode: 798/7000 | Episode reward:   114.85 | Episode steps:  394 | Average reward:   220.50 | Step Count: 154999 | Episode Q0:    16.89
Episode: 799/7000 | Episode reward:   550.94 | Episode steps: 2023 | Average reward:   257.21 | Step Count: 157022 | Episode Q0:    16.89
Episode: 800/7000 | Episode reward:   620.45 | Episode steps: 2500 | Average reward:   275.09 | Step Count: 159522 | Episode Q0:    16.89
Episode: 801/7000 | Episode reward:   208.80 | Episode steps: 1199 | Average reward:   289.59 | Step Count: 160721 | Episode Q0:    16.89
Episode: 802/7000 | Episode reward:   248.45 | Episode steps:  570 | Average reward:   294.14 | Step Count: 161291 | Episode Q0:    16.89
Episode: 803/7000 | Episode reward:   405.45 | Episode steps: 1662 | Average reward:   313.12 | Step Count: 162953 | Episode Q0:    16.89
Episode: 804/7000 | Episode reward:   236.38 | Episode steps:  684 | Average reward:   318.42 | Step Count: 163637 | Episode Q0:    16.89
Episode: 805/7000 | Episode reward:   454.14 | Episode steps: 1855 | Average reward:   350.77 | Step Count: 165492 | Episode Q0:    16.89
Episode: 806/7000 | Episode reward:   156.89 | Episode steps: 1254 | Average reward:   351.60 | Step Count: 166746 | Episode Q0:    16.89
Episode: 807/7000 | Episode reward:   235.54 | Episode steps:  793 | Average reward:   323.19 | Step Count: 167539 | Episode Q0:    16.89
Episode: 808/7000 | Episode reward:   198.50 | Episode steps:  943 | Average reward:   331.55 | Step Count: 168482 | Episode Q0:    16.89
Episode: 809/7000 | Episode reward:   308.45 | Episode steps:  959 | Average reward:   307.31 | Step Count: 169441 | Episode Q0:    16.89
Episode: 810/7000 | Episode reward:   525.61 | Episode steps: 2500 | Average reward:   297.82 | Step Count: 171941 | Episode Q0:    16.89
Episode: 811/7000 | Episode reward:    87.10 | Episode steps: 1059 | Average reward:   285.65 | Step Count: 173000 | Episode Q0:    16.89
Episode: 812/7000 | Episode reward:   347.77 | Episode steps: 1174 | Average reward:   295.58 | Step Count: 174174 | Episode Q0:    16.89
Episode: 813/7000 | Episode reward:   180.09 | Episode steps:  760 | Average reward:   273.05 | Step Count: 174934 | Episode Q0:    16.89
Episode: 814/7000 | Episode reward:   125.12 | Episode steps:  186 | Average reward:   261.92 | Step Count: 175120 | Episode Q0:    16.89
Episode: 815/7000 | Episode reward:   167.70 | Episode steps: 1948 | Average reward:   233.28 | Step Count: 177068 | Episode Q0:    17.79
Episode: 816/7000 | Episode reward:   145.74 | Episode steps: 2043 | Average reward:   232.16 | Step Count: 179111 | Episode Q0:    17.79
Episode: 817/7000 | Episode reward:   348.80 | Episode steps: 2500 | Average reward:   243.49 | Step Count: 181611 | Episode Q0:    17.79
Episode: 818/7000 | Episode reward:   389.13 | Episode steps: 2117 | Average reward:   262.55 | Step Count: 183728 | Episode Q0:    17.79
Episode: 819/7000 | Episode reward:   116.61 | Episode steps: 2500 | Average reward:   243.37 | Step Count: 186228 | Episode Q0:    17.79
Episode: 820/7000 | Episode reward:   141.45 | Episode steps: 1623 | Average reward:   204.95 | Step Count: 187851 | Episode Q0:    17.79
Episode: 821/7000 | Episode reward:   182.20 | Episode steps:  773 | Average reward:   214.46 | Step Count: 188624 | Episode Q0:    17.79
Episode: 822/7000 | Episode reward:   364.75 | Episode steps: 2254 | Average reward:   216.16 | Step Count: 190878 | Episode Q0:    17.79
Episode: 823/7000 | Episode reward:   435.71 | Episode steps: 1563 | Average reward:   241.72 | Step Count: 192441 | Episode Q0:    17.79
Episode: 824/7000 | Episode reward:   253.88 | Episode steps: 1463 | Average reward:   254.60 | Step Count: 193904 | Episode Q0:    17.79
Episode: 825/7000 | Episode reward:   387.93 | Episode steps: 1056 | Average reward:   276.62 | Step Count: 194960 | Episode Q0:    17.79
Episode: 826/7000 | Episode reward:   358.53 | Episode steps: 2464 | Average reward:   297.90 | Step Count: 197424 | Episode Q0:    17.79
Episode: 827/7000 | Episode reward:    95.96 | Episode steps: 1036 | Average reward:   272.61 | Step Count: 198460 | Episode Q0:    17.79
Episode: 828/7000 | Episode reward:    85.79 | Episode steps:  317 | Average reward:   242.28 | Step Count: 198777 | Episode Q0:    17.79
Episode: 829/7000 | Episode reward:   219.90 | Episode steps: 1583 | Average reward:   252.61 | Step Count: 200360 | Episode Q0:    17.79
Episode: 830/7000 | Episode reward:   172.38 | Episode steps:  423 | Average reward:   255.70 | Step Count: 200783 | Episode Q0:    17.79
Episode: 831/7000 | Episode reward:   154.64 | Episode steps: 1100 | Average reward:   252.95 | Step Count: 201883 | Episode Q0:    17.79
Episode: 832/7000 | Episode reward:   261.65 | Episode steps:  745 | Average reward:   242.64 | Step Count: 202628 | Episode Q0:    17.79
Episode: 833/7000 | Episode reward:   516.12 | Episode steps: 2500 | Average reward:   250.68 | Step Count: 205128 | Episode Q0:    17.79
Episode: 834/7000 | Episode reward:   156.15 | Episode steps:  547 | Average reward:   240.91 | Step Count: 205675 | Episode Q0:    17.79
Episode: 835/7000 | Episode reward:    71.72 | Episode steps: 1984 | Average reward:   209.28 | Step Count: 207659 | Episode Q0:    17.79
Episode: 836/7000 | Episode reward:   208.76 | Episode steps:  536 | Average reward:   194.31 | Step Count: 208195 | Episode Q0:    17.79
Episode: 837/7000 | Episode reward:   162.83 | Episode steps: 1027 | Average reward:   200.99 | Step Count: 209222 | Episode Q0:    18.82
Episode: 838/7000 | Episode reward:    92.50 | Episode steps:  327 | Average reward:   201.66 | Step Count: 209549 | Episode Q0:    18.82
Episode: 839/7000 | Episode reward:   469.75 | Episode steps: 2500 | Average reward:   226.65 | Step Count: 212049 | Episode Q0:    18.82
Episode: 840/7000 | Episode reward:    79.56 | Episode steps:  342 | Average reward:   217.37 | Step Count: 212391 | Episode Q0:    18.82
Episode: 841/7000 | Episode reward:    66.47 | Episode steps:  349 | Average reward:   208.55 | Step Count: 212740 | Episode Q0:    18.82
Episode: 842/7000 | Episode reward:    79.41 | Episode steps:  394 | Average reward:   190.32 | Step Count: 213134 | Episode Q0:    18.82
Episode: 843/7000 | Episode reward:    69.00 | Episode steps:  146 | Average reward:   145.61 | Step Count: 213280 | Episode Q0:    18.82
Episode: 844/7000 | Episode reward:   155.62 | Episode steps: 1637 | Average reward:   145.56 | Step Count: 214917 | Episode Q0:    18.82
Episode: 845/7000 | Episode reward:   334.74 | Episode steps: 2500 | Average reward:   171.86 | Step Count: 217417 | Episode Q0:    18.82
Episode: 846/7000 | Episode reward:   284.74 | Episode steps: 1277 | Average reward:   179.46 | Step Count: 218694 | Episode Q0:    18.82
Episode: 847/7000 | Episode reward:   183.42 | Episode steps: 2500 | Average reward:   181.52 | Step Count: 221194 | Episode Q0:    18.82
Episode: 848/7000 | Episode reward:   264.81 | Episode steps:  728 | Average reward:   198.75 | Step Count: 221922 | Episode Q0:    18.82
Episode: 849/7000 | Episode reward:     3.37 | Episode steps: 2500 | Average reward:   152.11 | Step Count: 224422 | Episode Q0:    18.82
Episode: 850/7000 | Episode reward:   128.36 | Episode steps:  161 | Average reward:   156.99 | Step Count: 224583 | Episode Q0:    18.82
Episode: 851/7000 | Episode reward:   374.61 | Episode steps: 2500 | Average reward:   187.81 | Step Count: 227083 | Episode Q0:    18.82
Episode: 852/7000 | Episode reward:   419.71 | Episode steps: 2500 | Average reward:   221.84 | Step Count: 229583 | Episode Q0:    18.82
Episode: 853/7000 | Episode reward:   344.14 | Episode steps: 2500 | Average reward:   249.35 | Step Count: 232083 | Episode Q0:    18.82
Episode: 854/7000 | Episode reward:   349.88 | Episode steps: 2500 | Average reward:   268.78 | Step Count: 234583 | Episode Q0:    18.82
Episode: 855/7000 | Episode reward:   426.15 | Episode steps: 2464 | Average reward:   277.92 | Step Count: 237047 | Episode Q0:    18.82
Episode: 856/7000 | Episode reward:    79.18 | Episode steps: 2500 | Average reward:   257.36 | Step Count: 239547 | Episode Q0:    18.82
Episode: 857/7000 | Episode reward:   203.13 | Episode steps:  819 | Average reward:   259.33 | Step Count: 240366 | Episode Q0:    18.82
Episode: 858/7000 | Episode reward:    66.22 | Episode steps:  123 | Average reward:   239.47 | Step Count: 240489 | Episode Q0:    18.82
Episode: 859/7000 | Episode reward:    90.78 | Episode steps:  334 | Average reward:   248.22 | Step Count: 240823 | Episode Q0:    18.82
Episode: 860/7000 | Episode reward:   103.99 | Episode steps:  407 | Average reward:   245.78 | Step Count: 241230 | Episode Q0:    18.82
Episode: 861/7000 | Episode reward:   162.03 | Episode steps:  672 | Average reward:   224.52 | Step Count: 241902 | Episode Q0:    18.82
Episode: 862/7000 | Episode reward:   393.61 | Episode steps: 1707 | Average reward:   221.91 | Step Count: 243609 | Episode Q0:    19.53
Episode: 863/7000 | Episode reward:   363.59 | Episode steps: 2136 | Average reward:   223.86 | Step Count: 245745 | Episode Q0:    19.53
Episode: 864/7000 | Episode reward:   299.38 | Episode steps: 2500 | Average reward:   218.81 | Step Count: 248245 | Episode Q0:    19.53
Episode: 865/7000 | Episode reward:   230.35 | Episode steps: 2500 | Average reward:   199.23 | Step Count: 250745 | Episode Q0:    19.53
Episode: 866/7000 | Episode reward:   378.96 | Episode steps: 2500 | Average reward:   229.20 | Step Count: 253245 | Episode Q0:    19.53
Episode: 867/7000 | Episode reward:   164.93 | Episode steps: 2500 | Average reward:   225.38 | Step Count: 255745 | Episode Q0:    19.53
Episode: 868/7000 | Episode reward:   207.59 | Episode steps:  838 | Average reward:   239.52 | Step Count: 256583 | Episode Q0:    19.53
Episode: 869/7000 | Episode reward:    67.08 | Episode steps:  118 | Average reward:   237.15 | Step Count: 256701 | Episode Q0:    19.53
Episode: 870/7000 | Episode reward:   318.10 | Episode steps: 2500 | Average reward:   258.56 | Step Count: 259201 | Episode Q0:    19.53
Episode: 871/7000 | Episode reward:   162.81 | Episode steps:  768 | Average reward:   258.64 | Step Count: 259969 | Episode Q0:    19.53
Episode: 872/7000 | Episode reward:   353.98 | Episode steps: 2500 | Average reward:   254.68 | Step Count: 262469 | Episode Q0:    19.53
Episode: 873/7000 | Episode reward:   462.02 | Episode steps: 2500 | Average reward:   264.52 | Step Count: 264969 | Episode Q0:    19.53
Episode: 874/7000 | Episode reward:   354.36 | Episode steps: 2500 | Average reward:   270.02 | Step Count: 267469 | Episode Q0:    19.53
Episode: 875/7000 | Episode reward:   236.44 | Episode steps: 2500 | Average reward:   270.63 | Step Count: 269969 | Episode Q0:    19.53
Episode: 876/7000 | Episode reward:   267.32 | Episode steps: 2500 | Average reward:   259.46 | Step Count: 272469 | Episode Q0:    19.53
Episode: 877/7000 | Episode reward:   200.35 | Episode steps:  634 | Average reward:   263.01 | Step Count: 273103 | Episode Q0:    19.53
Episode: 878/7000 | Episode reward:   283.18 | Episode steps: 1492 | Average reward:   270.57 | Step Count: 274595 | Episode Q0:    19.53
Episode: 879/7000 | Episode reward:   209.03 | Episode steps: 2500 | Average reward:   284.76 | Step Count: 277095 | Episode Q0:    19.53
Episode: 880/7000 | Episode reward:   304.61 | Episode steps: 1432 | Average reward:   283.41 | Step Count: 278527 | Episode Q0:    19.53
Episode: 881/7000 | Episode reward:   171.33 | Episode steps:  584 | Average reward:   284.26 | Step Count: 279111 | Episode Q0:    19.57
Episode: 882/7000 | Episode reward:   210.74 | Episode steps: 2500 | Average reward:   269.94 | Step Count: 281611 | Episode Q0:    19.57
Episode: 883/7000 | Episode reward:   249.58 | Episode steps:  902 | Average reward:   248.69 | Step Count: 282513 | Episode Q0:    19.57
Episode: 884/7000 | Episode reward:    70.96 | Episode steps:  426 | Average reward:   220.36 | Step Count: 282939 | Episode Q0:    19.57
Episode: 885/7000 | Episode reward:   338.61 | Episode steps:  796 | Average reward:   230.57 | Step Count: 283735 | Episode Q0:    19.57
Episode: 886/7000 | Episode reward:   113.92 | Episode steps:  713 | Average reward:   215.23 | Step Count: 284448 | Episode Q0:    19.57
Episode: 887/7000 | Episode reward:   134.97 | Episode steps:  415 | Average reward:   208.69 | Step Count: 284863 | Episode Q0:    19.57
Episode: 888/7000 | Episode reward:   182.53 | Episode steps:  617 | Average reward:   198.63 | Step Count: 285480 | Episode Q0:    19.57
Episode: 889/7000 | Episode reward:   144.07 | Episode steps:  779 | Average reward:   192.13 | Step Count: 286259 | Episode Q0:    19.57
Episode: 890/7000 | Episode reward:    86.62 | Episode steps:  411 | Average reward:   170.33 | Step Count: 286670 | Episode Q0:    19.57
Episode: 891/7000 | Episode reward:   357.18 | Episode steps: 2500 | Average reward:   188.92 | Step Count: 289170 | Episode Q0:    19.57
Episode: 892/7000 | Episode reward:   190.50 | Episode steps: 1348 | Average reward:   186.89 | Step Count: 290518 | Episode Q0:    19.57
Episode: 893/7000 | Episode reward:    98.80 | Episode steps: 2500 | Average reward:   171.81 | Step Count: 293018 | Episode Q0:    19.57
Episode: 894/7000 | Episode reward:   136.67 | Episode steps: 1432 | Average reward:   178.39 | Step Count: 294450 | Episode Q0:    19.57
Episode: 895/7000 | Episode reward:   234.29 | Episode steps: 2500 | Average reward:   167.95 | Step Count: 296950 | Episode Q0:    19.57
Episode: 896/7000 | Episode reward:    89.12 | Episode steps:  549 | Average reward:   165.47 | Step Count: 297499 | Episode Q0:    19.57
Episode: 897/7000 | Episode reward:    23.37 | Episode steps: 2500 | Average reward:   154.31 | Step Count: 299999 | Episode Q0:    19.57
Episode: 898/7000 | Episode reward:   267.40 | Episode steps: 1345 | Average reward:   162.80 | Step Count: 301344 | Episode Q0:    19.57
Episode: 899/7000 | Episode reward:    89.09 | Episode steps:  272 | Average reward:   157.30 | Step Count: 301616 | Episode Q0:    19.57
Episode: 900/7000 | Episode reward:   175.73 | Episode steps:  206 | Average reward:   166.21 | Step Count: 301822 | Episode Q0:    19.57
Episode: 901/7000 | Episode reward:   106.05 | Episode steps:  141 | Average reward:   141.10 | Step Count: 301963 | Episode Q0:    19.57
Episode: 902/7000 | Episode reward:   126.70 | Episode steps:  613 | Average reward:   134.72 | Step Count: 302576 | Episode Q0:    19.57
Episode: 903/7000 | Episode reward:   138.90 | Episode steps:  542 | Average reward:   138.73 | Step Count: 303118 | Episode Q0:    19.57
Episode: 904/7000 | Episode reward:   123.39 | Episode steps:  205 | Average reward:   137.40 | Step Count: 303323 | Episode Q0:    19.57
Episode: 905/7000 | Episode reward:   216.38 | Episode steps:  605 | Average reward:   135.61 | Step Count: 303928 | Episode Q0:    19.57
Episode: 906/7000 | Episode reward:   191.07 | Episode steps:  233 | Average reward:   145.81 | Step Count: 304161 | Episode Q0:    20.24
Episode: 907/7000 | Episode reward:   100.20 | Episode steps:  266 | Average reward:   153.49 | Step Count: 304427 | Episode Q0:    20.24
Episode: 908/7000 | Episode reward:   134.26 | Episode steps:  316 | Average reward:   140.18 | Step Count: 304743 | Episode Q0:    20.24
Episode: 909/7000 | Episode reward:   126.52 | Episode steps:  336 | Average reward:   143.92 | Step Count: 305079 | Episode Q0:    20.24
Episode: 910/7000 | Episode reward:   124.57 | Episode steps:  279 | Average reward:   138.80 | Step Count: 305358 | Episode Q0:    20.24
Episode: 911/7000 | Episode reward:    68.68 | Episode steps:  184 | Average reward:   135.07 | Step Count: 305542 | Episode Q0:    20.24
Episode: 912/7000 | Episode reward:   110.38 | Episode steps:  296 | Average reward:   133.44 | Step Count: 305838 | Episode Q0:    20.24
Episode: 913/7000 | Episode reward:   178.80 | Episode steps:  239 | Average reward:   137.43 | Step Count: 306077 | Episode Q0:    20.24
Episode: 914/7000 | Episode reward:    56.52 | Episode steps:  199 | Average reward:   130.74 | Step Count: 306276 | Episode Q0:    20.24
Episode: 915/7000 | Episode reward:   209.82 | Episode steps:  489 | Average reward:   130.08 | Step Count: 306765 | Episode Q0:    20.24
Episode: 916/7000 | Episode reward:    37.43 | Episode steps:  100 | Average reward:   114.72 | Step Count: 306865 | Episode Q0:    20.24
Episode: 917/7000 | Episode reward:   158.67 | Episode steps:  497 | Average reward:   120.56 | Step Count: 307362 | Episode Q0:    20.24
Episode: 918/7000 | Episode reward:   120.35 | Episode steps:  190 | Average reward:   119.17 | Step Count: 307552 | Episode Q0:    20.24
Episode: 919/7000 | Episode reward:   114.23 | Episode steps:  234 | Average reward:   117.95 | Step Count: 307786 | Episode Q0:    20.24
Episode: 920/7000 | Episode reward:   155.09 | Episode steps:  196 | Average reward:   121.00 | Step Count: 307982 | Episode Q0:    20.24
Episode: 921/7000 | Episode reward:   181.24 | Episode steps:  416 | Average reward:   132.25 | Step Count: 308398 | Episode Q0:    20.24
Episode: 922/7000 | Episode reward:   161.43 | Episode steps:  301 | Average reward:   137.36 | Step Count: 308699 | Episode Q0:    20.24
Episode: 923/7000 | Episode reward:    85.99 | Episode steps:  115 | Average reward:   128.08 | Step Count: 308814 | Episode Q0:    20.24
Episode: 924/7000 | Episode reward:    51.88 | Episode steps:  172 | Average reward:   127.61 | Step Count: 308986 | Episode Q0:    20.24
Episode: 925/7000 | Episode reward:   203.46 | Episode steps:  491 | Average reward:   126.98 | Step Count: 309477 | Episode Q0:    20.24
Episode: 926/7000 | Episode reward:   152.74 | Episode steps:  288 | Average reward:   138.51 | Step Count: 309765 | Episode Q0:    20.24
Episode: 927/7000 | Episode reward:    66.76 | Episode steps:  235 | Average reward:   129.32 | Step Count: 310000 | Episode Q0:    20.24
Episode: 928/7000 | Episode reward:   283.32 | Episode steps:  672 | Average reward:   145.61 | Step Count: 310672 | Episode Q0:    21.19
Episode: 929/7000 | Episode reward:    50.68 | Episode steps:  164 | Average reward:   139.26 | Step Count: 310836 | Episode Q0:    21.19
Episode: 930/7000 | Episode reward:   185.19 | Episode steps:  535 | Average reward:   142.27 | Step Count: 311371 | Episode Q0:    21.19
Episode: 931/7000 | Episode reward:   147.93 | Episode steps:  483 | Average reward:   138.94 | Step Count: 311854 | Episode Q0:    21.19
Episode: 932/7000 | Episode reward:    94.19 | Episode steps:  324 | Average reward:   132.21 | Step Count: 312178 | Episode Q0:    21.19
Episode: 933/7000 | Episode reward:    74.05 | Episode steps:  235 | Average reward:   131.02 | Step Count: 312413 | Episode Q0:    21.19
Episode: 934/7000 | Episode reward:    90.65 | Episode steps:  283 | Average reward:   134.90 | Step Count: 312696 | Episode Q0:    21.19
Episode: 935/7000 | Episode reward:   299.67 | Episode steps:  727 | Average reward:   144.52 | Step Count: 313423 | Episode Q0:    21.19
Episode: 936/7000 | Episode reward:   192.66 | Episode steps:  925 | Average reward:   148.51 | Step Count: 314348 | Episode Q0:    21.19
Episode: 937/7000 | Episode reward:   213.51 | Episode steps:  606 | Average reward:   163.19 | Step Count: 314954 | Episode Q0:    21.19
Episode: 938/7000 | Episode reward:   157.10 | Episode steps:  187 | Average reward:   150.56 | Step Count: 315141 | Episode Q0:    21.19
Episode: 939/7000 | Episode reward:    67.17 | Episode steps:  136 | Average reward:   152.21 | Step Count: 315277 | Episode Q0:    21.19
Episode: 940/7000 | Episode reward:   211.35 | Episode steps:  560 | Average reward:   154.83 | Step Count: 315837 | Episode Q0:    21.19
Episode: 941/7000 | Episode reward:   175.38 | Episode steps:  541 | Average reward:   157.57 | Step Count: 316378 | Episode Q0:    21.19
Episode: 942/7000 | Episode reward:   320.61 | Episode steps: 1043 | Average reward:   180.22 | Step Count: 317421 | Episode Q0:    21.19
Episode: 943/7000 | Episode reward:   164.27 | Episode steps:  465 | Average reward:   189.24 | Step Count: 317886 | Episode Q0:    21.19
Episode: 944/7000 | Episode reward:   166.74 | Episode steps:  418 | Average reward:   196.85 | Step Count: 318304 | Episode Q0:    21.19
Episode: 945/7000 | Episode reward:   156.53 | Episode steps:  496 | Average reward:   182.53 | Step Count: 318800 | Episode Q0:    21.19
Episode: 946/7000 | Episode reward:   122.82 | Episode steps:  365 | Average reward:   175.55 | Step Count: 319165 | Episode Q0:    21.19
Episode: 947/7000 | Episode reward:   263.58 | Episode steps:  887 | Average reward:   180.56 | Step Count: 320052 | Episode Q0:    21.19
Episode: 948/7000 | Episode reward:   154.94 | Episode steps:  443 | Average reward:   180.34 | Step Count: 320495 | Episode Q0:    21.19
Episode: 949/7000 | Episode reward:   285.92 | Episode steps: 1317 | Average reward:   202.21 | Step Count: 321812 | Episode Q0:    21.19
Episode: 950/7000 | Episode reward:   189.66 | Episode steps:  395 | Average reward:   200.04 | Step Count: 322207 | Episode Q0:    21.19
Episode: 951/7000 | Episode reward:   148.57 | Episode steps:  482 | Average reward:   197.36 | Step Count: 322689 | Episode Q0:    22.37
Episode: 952/7000 | Episode reward:   129.66 | Episode steps:  238 | Average reward:   178.27 | Step Count: 322927 | Episode Q0:    22.37
Episode: 953/7000 | Episode reward:   178.89 | Episode steps:  677 | Average reward:   179.73 | Step Count: 323604 | Episode Q0:    22.37
Episode: 954/7000 | Episode reward:   163.47 | Episode steps:  467 | Average reward:   179.40 | Step Count: 324071 | Episode Q0:    22.37
Episode: 955/7000 | Episode reward:   141.80 | Episode steps:  467 | Average reward:   177.93 | Step Count: 324538 | Episode Q0:    22.37
Episode: 956/7000 | Episode reward:   177.28 | Episode steps:  499 | Average reward:   183.38 | Step Count: 325037 | Episode Q0:    22.37
Episode: 957/7000 | Episode reward:    73.98 | Episode steps:  207 | Average reward:   164.42 | Step Count: 325244 | Episode Q0:    22.37
Episode: 958/7000 | Episode reward:   113.08 | Episode steps:  178 | Average reward:   160.23 | Step Count: 325422 | Episode Q0:    22.37
Episode: 959/7000 | Episode reward:   138.14 | Episode steps:  235 | Average reward:   145.45 | Step Count: 325657 | Episode Q0:    22.37
Episode: 960/7000 | Episode reward:   135.14 | Episode steps:  259 | Average reward:   140.00 | Step Count: 325916 | Episode Q0:    22.37
Episode: 961/7000 | Episode reward:    52.48 | Episode steps:  182 | Average reward:   130.39 | Step Count: 326098 | Episode Q0:    22.37
Episode: 962/7000 | Episode reward:   264.92 | Episode steps: 1051 | Average reward:   143.92 | Step Count: 327149 | Episode Q0:    22.37
Episode: 963/7000 | Episode reward:   182.84 | Episode steps:  312 | Average reward:   144.31 | Step Count: 327461 | Episode Q0:    22.37
Episode: 964/7000 | Episode reward:   174.65 | Episode steps:  515 | Average reward:   145.43 | Step Count: 327976 | Episode Q0:    22.37
Episode: 965/7000 | Episode reward:    98.38 | Episode steps:  315 | Average reward:   141.09 | Step Count: 328291 | Episode Q0:    22.37
Episode: 966/7000 | Episode reward:   176.15 | Episode steps:  841 | Average reward:   140.98 | Step Count: 329132 | Episode Q0:    22.37
Episode: 967/7000 | Episode reward:    56.00 | Episode steps:  187 | Average reward:   139.18 | Step Count: 329319 | Episode Q0:    22.37
Episode: 968/7000 | Episode reward:   140.35 | Episode steps:  533 | Average reward:   141.90 | Step Count: 329852 | Episode Q0:    22.37
Episode: 969/7000 | Episode reward:   263.92 | Episode steps:  887 | Average reward:   154.48 | Step Count: 330739 | Episode Q0:    22.37
Episode: 970/7000 | Episode reward:   120.02 | Episode steps:  294 | Average reward:   152.97 | Step Count: 331033 | Episode Q0:    22.37
Episode: 971/7000 | Episode reward:   176.71 | Episode steps:  520 | Average reward:   165.39 | Step Count: 331553 | Episode Q0:    22.37
Episode: 972/7000 | Episode reward:   139.14 | Episode steps:  354 | Average reward:   152.81 | Step Count: 331907 | Episode Q0:    22.37
Episode: 973/7000 | Episode reward:   131.84 | Episode steps:  346 | Average reward:   147.71 | Step Count: 332253 | Episode Q0:    23.25
Episode: 974/7000 | Episode reward:   167.23 | Episode steps:  517 | Average reward:   146.97 | Step Count: 332770 | Episode Q0:    23.25
Episode: 975/7000 | Episode reward:    56.42 | Episode steps:  180 | Average reward:   142.78 | Step Count: 332950 | Episode Q0:    23.25
Episode: 976/7000 | Episode reward:   129.14 | Episode steps:  289 | Average reward:   138.08 | Step Count: 333239 | Episode Q0:    23.25
Episode: 977/7000 | Episode reward:    81.21 | Episode steps:  224 | Average reward:   140.60 | Step Count: 333463 | Episode Q0:    23.25
Episode: 978/7000 | Episode reward:   102.07 | Episode steps:  345 | Average reward:   136.77 | Step Count: 333808 | Episode Q0:    23.25
Episode: 979/7000 | Episode reward:   232.95 | Episode steps:  720 | Average reward:   133.67 | Step Count: 334528 | Episode Q0:    23.25
Episode: 980/7000 | Episode reward:    54.20 | Episode steps:  202 | Average reward:   127.09 | Step Count: 334730 | Episode Q0:    23.25
Episode: 981/7000 | Episode reward:   190.45 | Episode steps:  544 | Average reward:   128.46 | Step Count: 335274 | Episode Q0:    23.25
Episode: 982/7000 | Episode reward:    98.05 | Episode steps:  122 | Average reward:   124.35 | Step Count: 335396 | Episode Q0:    23.25
Episode: 983/7000 | Episode reward:   339.87 | Episode steps:  999 | Average reward:   145.16 | Step Count: 336395 | Episode Q0:    23.25
Episode: 984/7000 | Episode reward:   139.10 | Episode steps:  308 | Average reward:   142.34 | Step Count: 336703 | Episode Q0:    23.25
Episode: 985/7000 | Episode reward:   310.08 | Episode steps:  932 | Average reward:   167.71 | Step Count: 337635 | Episode Q0:    23.25
Episode: 986/7000 | Episode reward:   124.31 | Episode steps:  377 | Average reward:   167.23 | Step Count: 338012 | Episode Q0:    23.25
Episode: 987/7000 | Episode reward:   109.53 | Episode steps:  342 | Average reward:   170.06 | Step Count: 338354 | Episode Q0:    23.25
Episode: 988/7000 | Episode reward:   123.91 | Episode steps:  533 | Average reward:   172.24 | Step Count: 338887 | Episode Q0:    23.25
Episode: 989/7000 | Episode reward:   210.51 | Episode steps:  510 | Average reward:   170.00 | Step Count: 339397 | Episode Q0:    23.25
Episode: 990/7000 | Episode reward:    99.21 | Episode steps:  265 | Average reward:   174.50 | Step Count: 339662 | Episode Q0:    23.25
Episode: 991/7000 | Episode reward:   199.29 | Episode steps:  231 | Average reward:   175.39 | Step Count: 339893 | Episode Q0:    23.25
Episode: 992/7000 | Episode reward:   299.49 | Episode steps:  648 | Average reward:   195.53 | Step Count: 340541 | Episode Q0:    23.25
Episode: 993/7000 | Episode reward:   116.83 | Episode steps:  294 | Average reward:   173.23 | Step Count: 340835 | Episode Q0:    23.25
Episode: 994/7000 | Episode reward:   195.90 | Episode steps:  653 | Average reward:   178.91 | Step Count: 341488 | Episode Q0:    23.25
Episode: 995/7000 | Episode reward:   122.59 | Episode steps:  322 | Average reward:   160.16 | Step Count: 341810 | Episode Q0:    23.25
Episode: 996/7000 | Episode reward:    74.60 | Episode steps:  127 | Average reward:   155.19 | Step Count: 341937 | Episode Q0:    23.25
Episode: 997/7000 | Episode reward:   216.93 | Episode steps:  614 | Average reward:   165.93 | Step Count: 342551 | Episode Q0:    23.25
Episode: 998/7000 | Episode reward:    73.49 | Episode steps:  225 | Average reward:   160.88 | Step Count: 342776 | Episode Q0:    24.10
Episode: 999/7000 | Episode reward:   136.17 | Episode steps:  440 | Average reward:   153.45 | Step Count: 343216 | Episode Q0:    24.10
Episode: 1000/7000 | Episode reward:    65.65 | Episode steps:  198 | Average reward:   150.09 | Step Count: 343414 | Episode Q0:    24.10
Episode: 1001/7000 | Episode reward:   191.41 | Episode steps:  502 | Average reward:   149.31 | Step Count: 343916 | Episode Q0:    24.10
Episode: 1002/7000 | Episode reward:    54.99 | Episode steps:  186 | Average reward:   124.85 | Step Count: 344102 | Episode Q0:    24.10
Episode: 1003/7000 | Episode reward:   165.90 | Episode steps:  209 | Average reward:   129.76 | Step Count: 344311 | Episode Q0:    24.10
Episode: 1004/7000 | Episode reward:    67.53 | Episode steps:  205 | Average reward:   116.92 | Step Count: 344516 | Episode Q0:    24.10
Episode: 1005/7000 | Episode reward:    56.89 | Episode steps:  293 | Average reward:   110.36 | Step Count: 344809 | Episode Q0:    24.10
Episode: 1006/7000 | Episode reward:   178.62 | Episode steps:  483 | Average reward:   120.76 | Step Count: 345292 | Episode Q0:    24.10
Episode: 1007/7000 | Episode reward:   206.96 | Episode steps:  548 | Average reward:   119.76 | Step Count: 345840 | Episode Q0:    24.10
Episode: 1008/7000 | Episode reward:   106.46 | Episode steps:  236 | Average reward:   123.06 | Step Count: 346076 | Episode Q0:    24.10
Episode: 1009/7000 | Episode reward:   106.93 | Episode steps:  132 | Average reward:   120.13 | Step Count: 346208 | Episode Q0:    24.10
Episode: 1010/7000 | Episode reward:    55.47 | Episode steps:  117 | Average reward:   119.12 | Step Count: 346325 | Episode Q0:    24.10
Episode: 1011/7000 | Episode reward:   116.90 | Episode steps:  140 | Average reward:   111.66 | Step Count: 346465 | Episode Q0:    24.10
Episode: 1012/7000 | Episode reward:    78.18 | Episode steps:  253 | Average reward:   113.98 | Step Count: 346718 | Episode Q0:    24.10
Episode: 1013/7000 | Episode reward:   297.70 | Episode steps:  674 | Average reward:   127.16 | Step Count: 347392 | Episode Q0:    24.10
Episode: 1014/7000 | Episode reward:   251.28 | Episode steps:  567 | Average reward:   145.54 | Step Count: 347959 | Episode Q0:    24.10
Episode: 1015/7000 | Episode reward:    46.62 | Episode steps:  115 | Average reward:   144.51 | Step Count: 348074 | Episode Q0:    24.10
Episode: 1016/7000 | Episode reward:   213.32 | Episode steps:  348 | Average reward:   147.98 | Step Count: 348422 | Episode Q0:    24.10
Episode: 1017/7000 | Episode reward:    86.22 | Episode steps:  237 | Average reward:   135.91 | Step Count: 348659 | Episode Q0:    24.10
Episode: 1018/7000 | Episode reward:    73.55 | Episode steps:  319 | Average reward:   132.62 | Step Count: 348978 | Episode Q0:    24.10
Episode: 1019/7000 | Episode reward:   115.03 | Episode steps:  360 | Average reward:   133.43 | Step Count: 349338 | Episode Q0:    25.00
Episode: 1020/7000 | Episode reward:   173.03 | Episode steps:  559 | Average reward:   145.18 | Step Count: 349897 | Episode Q0:    25.00
Episode: 1021/7000 | Episode reward:   111.54 | Episode steps:  340 | Average reward:   144.65 | Step Count: 350237 | Episode Q0:    25.00
Episode: 1022/7000 | Episode reward:    99.46 | Episode steps:  279 | Average reward:   146.77 | Step Count: 350516 | Episode Q0:    25.00
Episode: 1023/7000 | Episode reward:   217.22 | Episode steps:  707 | Average reward:   138.73 | Step Count: 351223 | Episode Q0:    25.00
Episode: 1024/7000 | Episode reward:   176.88 | Episode steps:  521 | Average reward:   131.29 | Step Count: 351744 | Episode Q0:    25.00
Episode: 1025/7000 | Episode reward:   202.77 | Episode steps:  756 | Average reward:   146.90 | Step Count: 352500 | Episode Q0:    25.00
Episode: 1026/7000 | Episode reward:   285.48 | Episode steps:  660 | Average reward:   154.12 | Step Count: 353160 | Episode Q0:    25.00
Episode: 1027/7000 | Episode reward:   122.53 | Episode steps:  496 | Average reward:   157.75 | Step Count: 353656 | Episode Q0:    25.00
Episode: 1028/7000 | Episode reward:   168.62 | Episode steps:  339 | Average reward:   167.25 | Step Count: 353995 | Episode Q0:    25.00
Episode: 1029/7000 | Episode reward:   349.21 | Episode steps:  971 | Average reward:   190.67 | Step Count: 354966 | Episode Q0:    25.00
Episode: 1030/7000 | Episode reward:   136.80 | Episode steps:  205 | Average reward:   187.05 | Step Count: 355171 | Episode Q0:    25.00
Episode: 1031/7000 | Episode reward:   180.83 | Episode steps:  551 | Average reward:   193.98 | Step Count: 355722 | Episode Q0:    25.00
Episode: 1032/7000 | Episode reward:   103.01 | Episode steps:  141 | Average reward:   194.33 | Step Count: 355863 | Episode Q0:    25.00
Episode: 1033/7000 | Episode reward:   104.10 | Episode steps:  325 | Average reward:   183.02 | Step Count: 356188 | Episode Q0:    25.00
Episode: 1034/7000 | Episode reward:   214.15 | Episode steps:  752 | Average reward:   186.75 | Step Count: 356940 | Episode Q0:    25.00
Episode: 1035/7000 | Episode reward:   169.55 | Episode steps:  573 | Average reward:   183.43 | Step Count: 357513 | Episode Q0:    25.00
Episode: 1036/7000 | Episode reward:   286.05 | Episode steps: 1047 | Average reward:   183.48 | Step Count: 358560 | Episode Q0:    25.00
Episode: 1037/7000 | Episode reward:   134.22 | Episode steps:  509 | Average reward:   184.65 | Step Count: 359069 | Episode Q0:    25.00
Episode: 1038/7000 | Episode reward:   226.40 | Episode steps:  629 | Average reward:   190.43 | Step Count: 359698 | Episode Q0:    25.00
Episode: 1039/7000 | Episode reward:   223.30 | Episode steps:  893 | Average reward:   177.84 | Step Count: 360591 | Episode Q0:    25.00
Episode: 1040/7000 | Episode reward:   166.63 | Episode steps:  568 | Average reward:   180.82 | Step Count: 361159 | Episode Q0:    25.00
Episode: 1041/7000 | Episode reward:   100.74 | Episode steps:  311 | Average reward:   172.82 | Step Count: 361470 | Episode Q0:    25.00
Episode: 1042/7000 | Episode reward:   103.01 | Episode steps:  297 | Average reward:   172.82 | Step Count: 361767 | Episode Q0:    25.00
Episode: 1043/7000 | Episode reward:   202.95 | Episode steps:  509 | Average reward:   182.70 | Step Count: 362276 | Episode Q0:    25.93
Episode: 1044/7000 | Episode reward:   131.69 | Episode steps:  299 | Average reward:   174.45 | Step Count: 362575 | Episode Q0:    25.93
Episode: 1045/7000 | Episode reward:   189.55 | Episode steps:  519 | Average reward:   176.45 | Step Count: 363094 | Episode Q0:    25.93
Episode: 1046/7000 | Episode reward:   107.17 | Episode steps:  133 | Average reward:   158.57 | Step Count: 363227 | Episode Q0:    25.93
Episode: 1047/7000 | Episode reward:   126.67 | Episode steps:  387 | Average reward:   157.81 | Step Count: 363614 | Episode Q0:    25.93
Episode: 1048/7000 | Episode reward:    54.02 | Episode steps:  212 | Average reward:   140.57 | Step Count: 363826 | Episode Q0:    25.93
Episode: 1049/7000 | Episode reward:   134.40 | Episode steps:  161 | Average reward:   131.68 | Step Count: 363987 | Episode Q0:    25.93
Episode: 1050/7000 | Episode reward:    89.40 | Episode steps:  143 | Average reward:   123.96 | Step Count: 364130 | Episode Q0:    25.93
Episode: 1051/7000 | Episode reward:   135.63 | Episode steps:  363 | Average reward:   127.45 | Step Count: 364493 | Episode Q0:    25.93
Episode: 1052/7000 | Episode reward:   140.08 | Episode steps:  166 | Average reward:   131.16 | Step Count: 364659 | Episode Q0:    25.93
Episode: 1053/7000 | Episode reward:   150.66 | Episode steps:  516 | Average reward:   125.93 | Step Count: 365175 | Episode Q0:    25.93
Episode: 1054/7000 | Episode reward:    89.15 | Episode steps:  125 | Average reward:   121.67 | Step Count: 365300 | Episode Q0:    25.93
Episode: 1055/7000 | Episode reward:    94.92 | Episode steps:  163 | Average reward:   112.21 | Step Count: 365463 | Episode Q0:    25.93
Episode: 1056/7000 | Episode reward:   143.00 | Episode steps:  497 | Average reward:   115.79 | Step Count: 365960 | Episode Q0:    25.93
Episode: 1057/7000 | Episode reward:   116.75 | Episode steps:  286 | Average reward:   114.80 | Step Count: 366246 | Episode Q0:    25.93
Episode: 1058/7000 | Episode reward:   195.41 | Episode steps:  522 | Average reward:   128.94 | Step Count: 366768 | Episode Q0:    25.93
Episode: 1059/7000 | Episode reward:    64.20 | Episode steps:  150 | Average reward:   121.92 | Step Count: 366918 | Episode Q0:    25.93
Episode: 1060/7000 | Episode reward:   145.57 | Episode steps:  479 | Average reward:   127.54 | Step Count: 367397 | Episode Q0:    25.93
Episode: 1061/7000 | Episode reward:    71.93 | Episode steps:   94 | Average reward:   121.17 | Step Count: 367491 | Episode Q0:    25.93
Episode: 1062/7000 | Episode reward:   321.84 | Episode steps:  992 | Average reward:   139.34 | Step Count: 368483 | Episode Q0:    25.93
Episode: 1063/7000 | Episode reward:   160.82 | Episode steps:  516 | Average reward:   140.36 | Step Count: 368999 | Episode Q0:    25.93
Episode: 1064/7000 | Episode reward:   270.20 | Episode steps:  621 | Average reward:   158.46 | Step Count: 369620 | Episode Q0:    26.79
Episode: 1065/7000 | Episode reward:   155.67 | Episode steps:  481 | Average reward:   164.54 | Step Count: 370101 | Episode Q0:    26.79
Episode: 1066/7000 | Episode reward:    62.44 | Episode steps:  234 | Average reward:   156.48 | Step Count: 370335 | Episode Q0:    26.79
Episode: 1067/7000 | Episode reward:    94.82 | Episode steps:  317 | Average reward:   154.29 | Step Count: 370652 | Episode Q0:    26.79
Episode: 1068/7000 | Episode reward:   181.36 | Episode steps:  473 | Average reward:   152.89 | Step Count: 371125 | Episode Q0:    26.79
Episode: 1069/7000 | Episode reward:   238.86 | Episode steps:  590 | Average reward:   170.35 | Step Count: 371715 | Episode Q0:    26.79
Episode: 1070/7000 | Episode reward:   308.76 | Episode steps:  657 | Average reward:   186.67 | Step Count: 372372 | Episode Q0:    26.79
Episode: 1071/7000 | Episode reward:   185.18 | Episode steps:  667 | Average reward:   198.00 | Step Count: 373039 | Episode Q0:    26.79
Episode: 1072/7000 | Episode reward:   107.27 | Episode steps:  305 | Average reward:   176.54 | Step Count: 373344 | Episode Q0:    26.79
Episode: 1073/7000 | Episode reward:    79.23 | Episode steps:  256 | Average reward:   168.38 | Step Count: 373600 | Episode Q0:    26.79
Episode: 1074/7000 | Episode reward:    67.28 | Episode steps:  195 | Average reward:   148.09 | Step Count: 373795 | Episode Q0:    26.79
Episode: 1075/7000 | Episode reward:    58.33 | Episode steps:  209 | Average reward:   138.35 | Step Count: 374004 | Episode Q0:    26.79
Episode: 1076/7000 | Episode reward:   168.34 | Episode steps:  519 | Average reward:   148.94 | Step Count: 374523 | Episode Q0:    26.79
Episode: 1077/7000 | Episode reward:   133.56 | Episode steps:  494 | Average reward:   152.82 | Step Count: 375017 | Episode Q0:    26.79
Episode: 1078/7000 | Episode reward:   230.72 | Episode steps:  534 | Average reward:   157.75 | Step Count: 375551 | Episode Q0:    26.79
Episode: 1079/7000 | Episode reward:   104.89 | Episode steps:  260 | Average reward:   144.36 | Step Count: 375811 | Episode Q0:    26.79
Episode: 1080/7000 | Episode reward:    61.28 | Episode steps:  192 | Average reward:   119.61 | Step Count: 376003 | Episode Q0:    26.79
Episode: 1081/7000 | Episode reward:    83.02 | Episode steps:  272 | Average reward:   109.39 | Step Count: 376275 | Episode Q0:    26.79
Episode: 1082/7000 | Episode reward:   234.89 | Episode steps:  562 | Average reward:   122.16 | Step Count: 376837 | Episode Q0:    26.79
Episode: 1083/7000 | Episode reward:   192.85 | Episode steps:  625 | Average reward:   133.52 | Step Count: 377462 | Episode Q0:    26.79
Episode: 1084/7000 | Episode reward:   196.36 | Episode steps:  661 | Average reward:   146.42 | Step Count: 378123 | Episode Q0:    26.79
Episode: 1085/7000 | Episode reward:   176.42 | Episode steps:  464 | Average reward:   158.23 | Step Count: 378587 | Episode Q0:    26.79
Episode: 1086/7000 | Episode reward:   147.53 | Episode steps:  464 | Average reward:   156.15 | Step Count: 379051 | Episode Q0:    26.79
Episode: 1087/7000 | Episode reward:   240.96 | Episode steps:  804 | Average reward:   166.89 | Step Count: 379855 | Episode Q0:    27.53
Episode: 1088/7000 | Episode reward:   258.21 | Episode steps:  798 | Average reward:   169.64 | Step Count: 380653 | Episode Q0:    27.53
Episode: 1089/7000 | Episode reward:   176.60 | Episode steps:  525 | Average reward:   176.81 | Step Count: 381178 | Episode Q0:    27.53
Episode: 1090/7000 | Episode reward:   102.59 | Episode steps:  335 | Average reward:   180.94 | Step Count: 381513 | Episode Q0:    27.53
Episode: 1091/7000 | Episode reward:   108.62 | Episode steps:  288 | Average reward:   183.50 | Step Count: 381801 | Episode Q0:    27.53
Episode: 1092/7000 | Episode reward:   145.66 | Episode steps:  200 | Average reward:   174.58 | Step Count: 382001 | Episode Q0:    27.53
Episode: 1093/7000 | Episode reward:   212.12 | Episode steps:  499 | Average reward:   176.51 | Step Count: 382500 | Episode Q0:    27.53
Episode: 1094/7000 | Episode reward:   118.64 | Episode steps:  340 | Average reward:   168.73 | Step Count: 382840 | Episode Q0:    27.53
Episode: 1095/7000 | Episode reward:   121.39 | Episode steps:  473 | Average reward:   163.23 | Step Count: 383313 | Episode Q0:    27.53
Episode: 1096/7000 | Episode reward:    80.44 | Episode steps:  349 | Average reward:   156.52 | Step Count: 383662 | Episode Q0:    27.53
Episode: 1097/7000 | Episode reward:   253.57 | Episode steps:  869 | Average reward:   157.78 | Step Count: 384531 | Episode Q0:    27.53
Episode: 1098/7000 | Episode reward:   268.49 | Episode steps:  626 | Average reward:   158.81 | Step Count: 385157 | Episode Q0:    27.53
Episode: 1099/7000 | Episode reward:    67.53 | Episode steps:  135 | Average reward:   147.90 | Step Count: 385292 | Episode Q0:    27.53
Episode: 1100/7000 | Episode reward:    68.09 | Episode steps:  215 | Average reward:   144.45 | Step Count: 385507 | Episode Q0:    27.53
Episode: 1101/7000 | Episode reward:   107.76 | Episode steps:  290 | Average reward:   144.37 | Step Count: 385797 | Episode Q0:    27.53
Episode: 1102/7000 | Episode reward:    66.87 | Episode steps:  315 | Average reward:   136.49 | Step Count: 386112 | Episode Q0:    27.53
Episode: 1103/7000 | Episode reward:   225.83 | Episode steps:  596 | Average reward:   137.86 | Step Count: 386708 | Episode Q0:    27.53
Episode: 1104/7000 | Episode reward:    73.43 | Episode steps:  223 | Average reward:   133.34 | Step Count: 386931 | Episode Q0:    27.53
Episode: 1105/7000 | Episode reward:   212.63 | Episode steps:  726 | Average reward:   142.46 | Step Count: 387657 | Episode Q0:    27.53
Episode: 1106/7000 | Episode reward:    71.09 | Episode steps:   99 | Average reward:   141.53 | Step Count: 387756 | Episode Q0:    27.53
Episode: 1107/7000 | Episode reward:   160.84 | Episode steps:  475 | Average reward:   132.26 | Step Count: 388231 | Episode Q0:    27.53
Episode: 1108/7000 | Episode reward:   119.61 | Episode steps:  460 | Average reward:   117.37 | Step Count: 388691 | Episode Q0:    27.53
Episode: 1109/7000 | Episode reward:    57.81 | Episode steps:  105 | Average reward:   116.40 | Step Count: 388796 | Episode Q0:    27.53
Episode: 1110/7000 | Episode reward:    66.31 | Episode steps:  205 | Average reward:   116.22 | Step Count: 389001 | Episode Q0:    28.40
Episode: 1111/7000 | Episode reward:   146.73 | Episode steps:  338 | Average reward:   120.11 | Step Count: 389339 | Episode Q0:    28.40
Episode: 1112/7000 | Episode reward:    80.77 | Episode steps:  228 | Average reward:   121.50 | Step Count: 389567 | Episode Q0:    28.40
Episode: 1113/7000 | Episode reward:   140.11 | Episode steps:  387 | Average reward:   112.93 | Step Count: 389954 | Episode Q0:    28.40
Episode: 1114/7000 | Episode reward:   119.26 | Episode steps:  357 | Average reward:   117.52 | Step Count: 390311 | Episode Q0:    28.40
Episode: 1115/7000 | Episode reward:   111.65 | Episode steps:  351 | Average reward:   107.42 | Step Count: 390662 | Episode Q0:    28.40
Episode: 1116/7000 | Episode reward:   123.29 | Episode steps:  159 | Average reward:   112.64 | Step Count: 390821 | Episode Q0:    28.40
Episode: 1117/7000 | Episode reward:   214.12 | Episode steps:  637 | Average reward:   117.97 | Step Count: 391458 | Episode Q0:    28.40
Episode: 1118/7000 | Episode reward:    35.86 | Episode steps:  168 | Average reward:   109.59 | Step Count: 391626 | Episode Q0:    28.40
Episode: 1119/7000 | Episode reward:   134.13 | Episode steps:  382 | Average reward:   117.22 | Step Count: 392008 | Episode Q0:    28.40
Episode: 1120/7000 | Episode reward:    29.02 | Episode steps:  172 | Average reward:   113.49 | Step Count: 392180 | Episode Q0:    28.40
Episode: 1121/7000 | Episode reward:   132.11 | Episode steps:  194 | Average reward:   112.03 | Step Count: 392374 | Episode Q0:    28.40
Episode: 1122/7000 | Episode reward:   148.59 | Episode steps:  332 | Average reward:   118.81 | Step Count: 392706 | Episode Q0:    28.40
Episode: 1123/7000 | Episode reward:   252.25 | Episode steps: 1002 | Average reward:   130.03 | Step Count: 393708 | Episode Q0:    28.40
Episode: 1124/7000 | Episode reward:    72.26 | Episode steps:  219 | Average reward:   125.33 | Step Count: 393927 | Episode Q0:    28.40
Episode: 1125/7000 | Episode reward:   120.60 | Episode steps:  259 | Average reward:   126.22 | Step Count: 394186 | Episode Q0:    28.40
Episode: 1126/7000 | Episode reward:   146.02 | Episode steps:  223 | Average reward:   128.49 | Step Count: 394409 | Episode Q0:    28.40
Episode: 1127/7000 | Episode reward:    36.73 | Episode steps:  154 | Average reward:   110.75 | Step Count: 394563 | Episode Q0:    28.40
Episode: 1128/7000 | Episode reward:   202.38 | Episode steps:  412 | Average reward:   127.41 | Step Count: 394975 | Episode Q0:    28.40
Episode: 1129/7000 | Episode reward:   361.03 | Episode steps:  904 | Average reward:   150.10 | Step Count: 395879 | Episode Q0:    28.40
Episode: 1130/7000 | Episode reward:   167.98 | Episode steps:  509 | Average reward:   163.99 | Step Count: 396388 | Episode Q0:    28.40
Episode: 1131/7000 | Episode reward:   144.78 | Episode steps:  464 | Average reward:   165.26 | Step Count: 396852 | Episode Q0:    29.47
Episode: 1132/7000 | Episode reward:   413.89 | Episode steps: 1116 | Average reward:   191.79 | Step Count: 397968 | Episode Q0:    29.47
Episode: 1133/7000 | Episode reward:   334.57 | Episode steps: 1176 | Average reward:   200.02 | Step Count: 399144 | Episode Q0:    29.47
Episode: 1134/7000 | Episode reward:   110.55 | Episode steps:  500 | Average reward:   203.85 | Step Count: 399644 | Episode Q0:    29.47
Episode: 1135/7000 | Episode reward:   202.42 | Episode steps:  404 | Average reward:   212.03 | Step Count: 400048 | Episode Q0:    29.47
Episode: 1136/7000 | Episode reward:   370.35 | Episode steps: 1710 | Average reward:   234.47 | Step Count: 401758 | Episode Q0:    29.47
Episode: 1137/7000 | Episode reward:   415.18 | Episode steps: 1015 | Average reward:   272.31 | Step Count: 402773 | Episode Q0:    29.47
Episode: 1138/7000 | Episode reward:    77.24 | Episode steps:  213 | Average reward:   259.80 | Step Count: 402986 | Episode Q0:    29.47
Episode: 1139/7000 | Episode reward:   171.46 | Episode steps:  478 | Average reward:   240.84 | Step Count: 403464 | Episode Q0:    29.47
Episode: 1140/7000 | Episode reward:   339.18 | Episode steps: 1163 | Average reward:   257.96 | Step Count: 404627 | Episode Q0:    29.47
Episode: 1141/7000 | Episode reward:   566.23 | Episode steps: 1302 | Average reward:   300.11 | Step Count: 405929 | Episode Q0:    29.47
Episode: 1142/7000 | Episode reward:   806.19 | Episode steps: 2500 | Average reward:   339.34 | Step Count: 408429 | Episode Q0:    29.47
Episode: 1143/7000 | Episode reward:   653.97 | Episode steps: 2007 | Average reward:   371.28 | Step Count: 410436 | Episode Q0:    29.47
Episode: 1144/7000 | Episode reward:   163.97 | Episode steps:  655 | Average reward:   376.62 | Step Count: 411091 | Episode Q0:    29.47
Episode: 1145/7000 | Episode reward:   216.36 | Episode steps:  400 | Average reward:   378.01 | Step Count: 411491 | Episode Q0:    29.47
Episode: 1146/7000 | Episode reward:   296.08 | Episode steps:  733 | Average reward:   370.59 | Step Count: 412224 | Episode Q0:    29.47
Episode: 1147/7000 | Episode reward:   176.77 | Episode steps:  205 | Average reward:   346.75 | Step Count: 412429 | Episode Q0:    29.47
Episode: 1148/7000 | Episode reward:    99.07 | Episode steps:  299 | Average reward:   348.93 | Step Count: 412728 | Episode Q0:    29.47
Episode: 1149/7000 | Episode reward:   673.26 | Episode steps: 2500 | Average reward:   399.11 | Step Count: 415228 | Episode Q0:    29.47
Episode: 1150/7000 | Episode reward:   345.54 | Episode steps:  915 | Average reward:   399.74 | Step Count: 416143 | Episode Q0:    29.47
Episode: 1151/7000 | Episode reward:   868.71 | Episode steps: 2500 | Average reward:   429.99 | Step Count: 418643 | Episode Q0:    29.47
Episode: 1152/7000 | Episode reward:   151.92 | Episode steps:  404 | Average reward:   364.57 | Step Count: 419047 | Episode Q0:    29.47
Episode: 1153/7000 | Episode reward:   919.67 | Episode steps: 2500 | Average reward:   391.14 | Step Count: 421547 | Episode Q0:    29.47
Episode: 1154/7000 | Episode reward:   164.63 | Episode steps:  402 | Average reward:   391.20 | Step Count: 421949 | Episode Q0:    30.56
Episode: 1155/7000 | Episode reward:   200.99 | Episode steps:  383 | Average reward:   389.67 | Step Count: 422332 | Episode Q0:    30.56
Episode: 1156/7000 | Episode reward:   199.91 | Episode steps:  688 | Average reward:   380.05 | Step Count: 423020 | Episode Q0:    30.56
Episode: 1157/7000 | Episode reward:    93.42 | Episode steps:  253 | Average reward:   371.71 | Step Count: 423273 | Episode Q0:    30.56
Episode: 1158/7000 | Episode reward:    94.97 | Episode steps:  229 | Average reward:   371.30 | Step Count: 423502 | Episode Q0:    30.56
Episode: 1159/7000 | Episode reward:   431.32 | Episode steps: 1133 | Average reward:   347.11 | Step Count: 424635 | Episode Q0:    30.56
Episode: 1160/7000 | Episode reward:    94.60 | Episode steps:  289 | Average reward:   322.01 | Step Count: 424924 | Episode Q0:    30.56
Episode: 1161/7000 | Episode reward:    93.92 | Episode steps:  233 | Average reward:   244.54 | Step Count: 425157 | Episode Q0:    30.56
Episode: 1162/7000 | Episode reward:   124.74 | Episode steps:  194 | Average reward:   241.82 | Step Count: 425351 | Episode Q0:    30.56
Episode: 1163/7000 | Episode reward:    88.29 | Episode steps:  280 | Average reward:   158.68 | Step Count: 425631 | Episode Q0:    30.56
Episode: 1164/7000 | Episode reward:   962.53 | Episode steps: 2500 | Average reward:   238.47 | Step Count: 428131 | Episode Q0:    30.56
Episode: 1165/7000 | Episode reward:    76.90 | Episode steps:  218 | Average reward:   226.06 | Step Count: 428349 | Episode Q0:    30.56
Episode: 1166/7000 | Episode reward:   737.40 | Episode steps: 2355 | Average reward:   279.81 | Step Count: 430704 | Episode Q0:    30.56
Episode: 1167/7000 | Episode reward:    98.68 | Episode steps:  157 | Average reward:   280.33 | Step Count: 430861 | Episode Q0:    30.56
Episode: 1168/7000 | Episode reward:   190.20 | Episode steps:  398 | Average reward:   289.86 | Step Count: 431259 | Episode Q0:    30.56
Episode: 1169/7000 | Episode reward:   257.32 | Episode steps: 1067 | Average reward:   272.46 | Step Count: 432326 | Episode Q0:    30.56
Episode: 1170/7000 | Episode reward:   602.59 | Episode steps: 1686 | Average reward:   323.26 | Step Count: 434012 | Episode Q0:    30.56
Episode: 1171/7000 | Episode reward:   212.28 | Episode steps:  561 | Average reward:   335.09 | Step Count: 434573 | Episode Q0:    30.56
Episode: 1172/7000 | Episode reward:   111.81 | Episode steps:  369 | Average reward:   333.80 | Step Count: 434942 | Episode Q0:    30.56
Episode: 1173/7000 | Episode reward:   117.00 | Episode steps:  253 | Average reward:   336.67 | Step Count: 435195 | Episode Q0:    30.56
Episode: 1174/7000 | Episode reward:   407.36 | Episode steps: 1103 | Average reward:   281.15 | Step Count: 436298 | Episode Q0:    30.56
Episode: 1175/7000 | Episode reward:   231.07 | Episode steps:  999 | Average reward:   296.57 | Step Count: 437297 | Episode Q0:    30.19
Episode: 1176/7000 | Episode reward:   178.93 | Episode steps:  419 | Average reward:   240.72 | Step Count: 437716 | Episode Q0:    30.19
Episode: 1177/7000 | Episode reward:   174.15 | Episode steps:  555 | Average reward:   248.27 | Step Count: 438271 | Episode Q0:    30.19
Episode: 1178/7000 | Episode reward:   191.77 | Episode steps:  654 | Average reward:   248.43 | Step Count: 438925 | Episode Q0:    30.19
Episode: 1179/7000 | Episode reward:   957.46 | Episode steps: 2500 | Average reward:   318.44 | Step Count: 441425 | Episode Q0:    30.19
Episode: 1180/7000 | Episode reward:   412.63 | Episode steps: 1215 | Average reward:   299.45 | Step Count: 442640 | Episode Q0:    30.19
Episode: 1181/7000 | Episode reward:   699.08 | Episode steps: 1974 | Average reward:   348.13 | Step Count: 444614 | Episode Q0:    30.19
Episode: 1182/7000 | Episode reward:   194.12 | Episode steps:  518 | Average reward:   356.36 | Step Count: 445132 | Episode Q0:    30.19
Episode: 1183/7000 | Episode reward:   218.21 | Episode steps:  565 | Average reward:   366.48 | Step Count: 445697 | Episode Q0:    30.19
Episode: 1184/7000 | Episode reward:   158.85 | Episode steps:  522 | Average reward:   341.63 | Step Count: 446219 | Episode Q0:    30.19
Episode: 1185/7000 | Episode reward:   141.48 | Episode steps:  302 | Average reward:   332.67 | Step Count: 446521 | Episode Q0:    30.19
Episode: 1186/7000 | Episode reward:   199.35 | Episode steps:  655 | Average reward:   334.71 | Step Count: 447176 | Episode Q0:    30.19
Episode: 1187/7000 | Episode reward:   169.43 | Episode steps:  340 | Average reward:   334.24 | Step Count: 447516 | Episode Q0:    30.19
Episode: 1188/7000 | Episode reward:    92.78 | Episode steps:  241 | Average reward:   324.34 | Step Count: 447757 | Episode Q0:    30.19
Episode: 1189/7000 | Episode reward:   692.20 | Episode steps: 1902 | Average reward:   297.81 | Step Count: 449659 | Episode Q0:    30.19
Episode: 1190/7000 | Episode reward:   474.71 | Episode steps: 1580 | Average reward:   304.02 | Step Count: 451239 | Episode Q0:    30.19
Episode: 1191/7000 | Episode reward:   451.84 | Episode steps: 1227 | Average reward:   279.30 | Step Count: 452466 | Episode Q0:    30.19
Episode: 1192/7000 | Episode reward:   115.99 | Episode steps:  263 | Average reward:   271.48 | Step Count: 452729 | Episode Q0:    30.19
Episode: 1193/7000 | Episode reward:   183.43 | Episode steps:  522 | Average reward:   268.01 | Step Count: 453251 | Episode Q0:    30.19
Episode: 1194/7000 | Episode reward:   153.66 | Episode steps:  353 | Average reward:   267.49 | Step Count: 453604 | Episode Q0:    30.19
Episode: 1195/7000 | Episode reward:   231.92 | Episode steps:  516 | Average reward:   276.53 | Step Count: 454120 | Episode Q0:    30.19
Episode: 1196/7000 | Episode reward:   198.71 | Episode steps:  602 | Average reward:   276.47 | Step Count: 454722 | Episode Q0:    30.19
Episode: 1197/7000 | Episode reward:   269.23 | Episode steps:  729 | Average reward:   286.45 | Step Count: 455451 | Episode Q0:    30.19
Episode: 1198/7000 | Episode reward:   182.79 | Episode steps:  577 | Average reward:   295.45 | Step Count: 456028 | Episode Q0:    31.98
Episode: 1199/7000 | Episode reward:   148.60 | Episode steps:  346 | Average reward:   241.09 | Step Count: 456374 | Episode Q0:    31.98
Episode: 1200/7000 | Episode reward:   462.96 | Episode steps: 1219 | Average reward:   239.91 | Step Count: 457593 | Episode Q0:    31.98
Episode: 1201/7000 | Episode reward:   198.14 | Episode steps:  532 | Average reward:   214.54 | Step Count: 458125 | Episode Q0:    31.98
Episode: 1202/7000 | Episode reward:   538.29 | Episode steps: 1432 | Average reward:   256.77 | Step Count: 459557 | Episode Q0:    31.98
Episode: 1203/7000 | Episode reward:   160.11 | Episode steps:  494 | Average reward:   254.44 | Step Count: 460051 | Episode Q0:    31.98
Episode: 1204/7000 | Episode reward:   216.02 | Episode steps:  251 | Average reward:   260.68 | Step Count: 460302 | Episode Q0:    31.98
Episode: 1205/7000 | Episode reward:   226.45 | Episode steps:  557 | Average reward:   260.13 | Step Count: 460859 | Episode Q0:    31.98
Episode: 1206/7000 | Episode reward:   304.69 | Episode steps:  841 | Average reward:   270.73 | Step Count: 461700 | Episode Q0:    31.98
Episode: 1207/7000 | Episode reward:   431.37 | Episode steps: 1062 | Average reward:   286.94 | Step Count: 462762 | Episode Q0:    31.98
Episode: 1208/7000 | Episode reward:   100.14 | Episode steps:  262 | Average reward:   278.68 | Step Count: 463024 | Episode Q0:    31.98
Episode: 1209/7000 | Episode reward:    65.50 | Episode steps:  106 | Average reward:   270.37 | Step Count: 463130 | Episode Q0:    31.98
Episode: 1210/7000 | Episode reward:   180.28 | Episode steps:  553 | Average reward:   242.10 | Step Count: 463683 | Episode Q0:    31.98
Episode: 1211/7000 | Episode reward:   253.61 | Episode steps:  837 | Average reward:   247.65 | Step Count: 464520 | Episode Q0:    31.98
Episode: 1212/7000 | Episode reward:   163.50 | Episode steps:  414 | Average reward:   210.17 | Step Count: 464934 | Episode Q0:    31.98
Episode: 1213/7000 | Episode reward:   478.16 | Episode steps: 1241 | Average reward:   241.97 | Step Count: 466175 | Episode Q0:    31.98
Episode: 1214/7000 | Episode reward:    96.76 | Episode steps:  304 | Average reward:   230.05 | Step Count: 466479 | Episode Q0:    31.98
Episode: 1215/7000 | Episode reward:   175.73 | Episode steps:  467 | Average reward:   224.97 | Step Count: 466946 | Episode Q0:    31.98
Episode: 1216/7000 | Episode reward:   480.33 | Episode steps: 1448 | Average reward:   242.54 | Step Count: 468394 | Episode Q0:    31.98
Episode: 1217/7000 | Episode reward:   455.18 | Episode steps: 1032 | Average reward:   244.92 | Step Count: 469426 | Episode Q0:    31.98
Episode: 1218/7000 | Episode reward:   369.31 | Episode steps: 1026 | Average reward:   271.84 | Step Count: 470452 | Episode Q0:    31.98
Episode: 1219/7000 | Episode reward:   270.27 | Episode steps:  724 | Average reward:   292.31 | Step Count: 471176 | Episode Q0:    32.55
Episode: 1220/7000 | Episode reward:   578.97 | Episode steps: 1524 | Average reward:   332.18 | Step Count: 472700 | Episode Q0:    32.55
Episode: 1221/7000 | Episode reward:   576.52 | Episode steps: 1583 | Average reward:   364.47 | Step Count: 474283 | Episode Q0:    32.55
Episode: 1222/7000 | Episode reward:   394.72 | Episode steps: 1102 | Average reward:   387.59 | Step Count: 475385 | Episode Q0:    32.55
Episode: 1223/7000 | Episode reward:   579.23 | Episode steps: 1592 | Average reward:   397.70 | Step Count: 476977 | Episode Q0:    32.55
Episode: 1224/7000 | Episode reward:   441.75 | Episode steps: 1208 | Average reward:   432.20 | Step Count: 478185 | Episode Q0:    32.55
Episode: 1225/7000 | Episode reward:   673.51 | Episode steps: 1636 | Average reward:   481.98 | Step Count: 479821 | Episode Q0:    32.55
Episode: 1226/7000 | Episode reward:   364.57 | Episode steps: 1145 | Average reward:   470.40 | Step Count: 480966 | Episode Q0:    32.55
Episode: 1227/7000 | Episode reward:    60.67 | Episode steps:  186 | Average reward:   430.95 | Step Count: 481152 | Episode Q0:    32.55
Episode: 1228/7000 | Episode reward:   708.50 | Episode steps: 1585 | Average reward:   464.87 | Step Count: 482737 | Episode Q0:    32.55
Episode: 1229/7000 | Episode reward:   270.62 | Episode steps:  535 | Average reward:   464.90 | Step Count: 483272 | Episode Q0:    32.55
Episode: 1230/7000 | Episode reward:    78.24 | Episode steps:  218 | Average reward:   414.83 | Step Count: 483490 | Episode Q0:    32.55
Episode: 1231/7000 | Episode reward:    98.56 | Episode steps:  237 | Average reward:   367.04 | Step Count: 483727 | Episode Q0:    32.55
Episode: 1232/7000 | Episode reward:   290.32 | Episode steps:  674 | Average reward:   356.60 | Step Count: 484401 | Episode Q0:    32.55
Episode: 1233/7000 | Episode reward:   892.74 | Episode steps: 2351 | Average reward:   387.95 | Step Count: 486752 | Episode Q0:    32.55
Episode: 1234/7000 | Episode reward:   223.77 | Episode steps:  704 | Average reward:   366.15 | Step Count: 487456 | Episode Q0:    32.55
Episode: 1235/7000 | Episode reward:   175.97 | Episode steps:  514 | Average reward:   316.39 | Step Count: 487970 | Episode Q0:    32.55
Episode: 1236/7000 | Episode reward:   147.47 | Episode steps:  306 | Average reward:   294.69 | Step Count: 488276 | Episode Q0:    32.55
Episode: 1237/7000 | Episode reward:   247.40 | Episode steps:  827 | Average reward:   313.36 | Step Count: 489103 | Episode Q0:    32.55
Episode: 1238/7000 | Episode reward:   509.50 | Episode steps: 1271 | Average reward:   293.46 | Step Count: 490374 | Episode Q0:    32.55
Episode: 1239/7000 | Episode reward:   279.25 | Episode steps:  579 | Average reward:   294.32 | Step Count: 490953 | Episode Q0:    32.55
Episode: 1240/7000 | Episode reward:    48.65 | Episode steps:  112 | Average reward:   291.36 | Step Count: 491065 | Episode Q0:    32.55
Episode: 1241/7000 | Episode reward:    44.73 | Episode steps:  115 | Average reward:   285.98 | Step Count: 491180 | Episode Q0:    32.55
Episode: 1242/7000 | Episode reward:   508.26 | Episode steps: 1213 | Average reward:   307.77 | Step Count: 492393 | Episode Q0:    33.35
Episode: 1243/7000 | Episode reward:   223.76 | Episode steps:  591 | Average reward:   240.88 | Step Count: 492984 | Episode Q0:    33.35
Episode: 1244/7000 | Episode reward:   132.81 | Episode steps:  300 | Average reward:   231.78 | Step Count: 493284 | Episode Q0:    33.35
Episode: 1245/7000 | Episode reward:   220.75 | Episode steps:  691 | Average reward:   236.26 | Step Count: 493975 | Episode Q0:    33.35
Episode: 1246/7000 | Episode reward:   192.37 | Episode steps:  530 | Average reward:   240.75 | Step Count: 494505 | Episode Q0:    33.35
Episode: 1247/7000 | Episode reward:   468.45 | Episode steps: 1211 | Average reward:   262.85 | Step Count: 495716 | Episode Q0:    33.35
Episode: 1248/7000 | Episode reward:   647.84 | Episode steps: 1702 | Average reward:   276.69 | Step Count: 497418 | Episode Q0:    33.35
Episode: 1249/7000 | Episode reward:   467.22 | Episode steps: 1427 | Average reward:   295.48 | Step Count: 498845 | Episode Q0:    33.35
Episode: 1250/7000 | Episode reward:   192.67 | Episode steps:  654 | Average reward:   309.89 | Step Count: 499499 | Episode Q0:    33.35
Episode: 1251/7000 | Episode reward:   193.98 | Episode steps:  473 | Average reward:   324.81 | Step Count: 499972 | Episode Q0:    33.35
Episode: 1252/7000 | Episode reward:   124.78 | Episode steps:  276 | Average reward:   286.46 | Step Count: 500248 | Episode Q0:    33.35
Episode: 1253/7000 | Episode reward:   235.42 | Episode steps:  668 | Average reward:   287.63 | Step Count: 500916 | Episode Q0:    33.35
Episode: 1254/7000 | Episode reward:   205.28 | Episode steps:  452 | Average reward:   294.88 | Step Count: 501368 | Episode Q0:    33.35
Episode: 1255/7000 | Episode reward:   111.94 | Episode steps:  314 | Average reward:   284.00 | Step Count: 501682 | Episode Q0:    33.35
Episode: 1256/7000 | Episode reward:   498.10 | Episode steps: 1208 | Average reward:   314.57 | Step Count: 502890 | Episode Q0:    33.35
Episode: 1257/7000 | Episode reward:   256.23 | Episode steps:  759 | Average reward:   293.35 | Step Count: 503649 | Episode Q0:    33.35
Episode: 1258/7000 | Episode reward:   742.47 | Episode steps: 1967 | Average reward:   302.81 | Step Count: 505616 | Episode Q0:    33.35
Episode: 1259/7000 | Episode reward:   197.93 | Episode steps:  618 | Average reward:   275.88 | Step Count: 506234 | Episode Q0:    33.35
Episode: 1260/7000 | Episode reward:   339.00 | Episode steps:  754 | Average reward:   290.51 | Step Count: 506988 | Episode Q0:    33.35
Episode: 1261/7000 | Episode reward:   317.73 | Episode steps:  812 | Average reward:   302.89 | Step Count: 507800 | Episode Q0:    33.35
Episode: 1262/7000 | Episode reward:    99.04 | Episode steps:  375 | Average reward:   300.31 | Step Count: 508175 | Episode Q0:    33.35
Episode: 1263/7000 | Episode reward:   135.60 | Episode steps:  430 | Average reward:   290.33 | Step Count: 508605 | Episode Q0:    33.01
Episode: 1264/7000 | Episode reward:   377.27 | Episode steps: 1238 | Average reward:   307.53 | Step Count: 509843 | Episode Q0:    33.01
Episode: 1265/7000 | Episode reward:   182.63 | Episode steps:  418 | Average reward:   314.60 | Step Count: 510261 | Episode Q0:    33.01
Episode: 1266/7000 | Episode reward:   103.04 | Episode steps:  241 | Average reward:   275.09 | Step Count: 510502 | Episode Q0:    33.01
Episode: 1267/7000 | Episode reward:   179.02 | Episode steps:  656 | Average reward:   267.37 | Step Count: 511158 | Episode Q0:    33.01
Episode: 1268/7000 | Episode reward:   296.14 | Episode steps:  735 | Average reward:   222.74 | Step Count: 511893 | Episode Q0:    33.01
Episode: 1269/7000 | Episode reward:   462.14 | Episode steps: 1530 | Average reward:   249.16 | Step Count: 513423 | Episode Q0:    33.01
Episode: 1270/7000 | Episode reward:   372.44 | Episode steps: 1050 | Average reward:   252.51 | Step Count: 514473 | Episode Q0:    33.01
Episode: 1271/7000 | Episode reward:   312.98 | Episode steps:  746 | Average reward:   252.03 | Step Count: 515219 | Episode Q0:    33.01
Episode: 1272/7000 | Episode reward:   735.76 | Episode steps: 2500 | Average reward:   315.70 | Step Count: 517719 | Episode Q0:    33.01
Episode: 1273/7000 | Episode reward:   148.15 | Episode steps:  351 | Average reward:   316.96 | Step Count: 518070 | Episode Q0:    33.01
Episode: 1274/7000 | Episode reward:   286.79 | Episode steps:  899 | Average reward:   307.91 | Step Count: 518969 | Episode Q0:    33.01
Episode: 1275/7000 | Episode reward:   165.15 | Episode steps:  363 | Average reward:   306.16 | Step Count: 519332 | Episode Q0:    33.01
Episode: 1276/7000 | Episode reward:   541.76 | Episode steps: 1455 | Average reward:   350.03 | Step Count: 520787 | Episode Q0:    33.01
Episode: 1277/7000 | Episode reward:   110.28 | Episode steps:  248 | Average reward:   343.16 | Step Count: 521035 | Episode Q0:    33.01
Episode: 1278/7000 | Episode reward:   835.87 | Episode steps: 2036 | Average reward:   397.13 | Step Count: 523071 | Episode Q0:    33.01
Episode: 1279/7000 | Episode reward:   111.57 | Episode steps:  433 | Average reward:   362.07 | Step Count: 523504 | Episode Q0:    33.01
Episode: 1280/7000 | Episode reward:    28.60 | Episode steps:  156 | Average reward:   327.69 | Step Count: 523660 | Episode Q0:    33.01
Episode: 1281/7000 | Episode reward:   759.30 | Episode steps: 2500 | Average reward:   372.32 | Step Count: 526160 | Episode Q0:    33.01
Episode: 1282/7000 | Episode reward:   326.67 | Episode steps:  916 | Average reward:   331.41 | Step Count: 527076 | Episode Q0:    33.01
Episode: 1283/7000 | Episode reward:   155.77 | Episode steps:  471 | Average reward:   332.17 | Step Count: 527547 | Episode Q0:    33.01
Episode: 1284/7000 | Episode reward:   150.87 | Episode steps:  465 | Average reward:   318.58 | Step Count: 528012 | Episode Q0:    33.01
Episode: 1285/7000 | Episode reward:   565.49 | Episode steps: 1717 | Average reward:   358.62 | Step Count: 529729 | Episode Q0:    33.01
Episode: 1286/7000 | Episode reward:    42.09 | Episode steps:  156 | Average reward:   308.65 | Step Count: 529885 | Episode Q0:    33.01
Episode: 1287/7000 | Episode reward:   109.92 | Episode steps:  138 | Average reward:   308.61 | Step Count: 530023 | Episode Q0:    33.01
Episode: 1288/7000 | Episode reward:   200.97 | Episode steps:  695 | Average reward:   245.12 | Step Count: 530718 | Episode Q0:    33.81
Episode: 1289/7000 | Episode reward:   223.91 | Episode steps:  734 | Average reward:   256.36 | Step Count: 531452 | Episode Q0:    33.81
Episode: 1290/7000 | Episode reward:   264.72 | Episode steps:  655 | Average reward:   279.97 | Step Count: 532107 | Episode Q0:    33.81
Episode: 1291/7000 | Episode reward:   560.94 | Episode steps: 1557 | Average reward:   260.14 | Step Count: 533664 | Episode Q0:    33.81
Episode: 1292/7000 | Episode reward:   399.16 | Episode steps: 1425 | Average reward:   267.38 | Step Count: 535089 | Episode Q0:    33.81
Episode: 1293/7000 | Episode reward:    92.07 | Episode steps:  176 | Average reward:   261.01 | Step Count: 535265 | Episode Q0:    33.81
Episode: 1294/7000 | Episode reward:   306.33 | Episode steps:  933 | Average reward:   276.56 | Step Count: 536198 | Episode Q0:    33.81
Episode: 1295/7000 | Episode reward:   145.63 | Episode steps:  512 | Average reward:   234.57 | Step Count: 536710 | Episode Q0:    33.81
Episode: 1296/7000 | Episode reward:   181.51 | Episode steps:  215 | Average reward:   248.52 | Step Count: 536925 | Episode Q0:    33.81
Episode: 1297/7000 | Episode reward:   328.72 | Episode steps: 1408 | Average reward:   270.40 | Step Count: 538333 | Episode Q0:    33.81
Episode: 1298/7000 | Episode reward:   412.08 | Episode steps: 1209 | Average reward:   291.51 | Step Count: 539542 | Episode Q0:    33.81
Episode: 1299/7000 | Episode reward:   320.77 | Episode steps: 1079 | Average reward:   301.19 | Step Count: 540621 | Episode Q0:    33.81
Episode: 1300/7000 | Episode reward:   198.66 | Episode steps:  565 | Average reward:   294.59 | Step Count: 541186 | Episode Q0:    33.81
Episode: 1301/7000 | Episode reward:   879.26 | Episode steps: 2500 | Average reward:   326.42 | Step Count: 543686 | Episode Q0:    33.81
Episode: 1302/7000 | Episode reward:   271.25 | Episode steps:  888 | Average reward:   313.63 | Step Count: 544574 | Episode Q0:    33.81
Episode: 1303/7000 | Episode reward:    45.91 | Episode steps:  168 | Average reward:   309.01 | Step Count: 544742 | Episode Q0:    33.81
Episode: 1304/7000 | Episode reward:   189.12 | Episode steps:  851 | Average reward:   297.29 | Step Count: 545593 | Episode Q0:    33.81
Episode: 1305/7000 | Episode reward:   374.30 | Episode steps:  834 | Average reward:   320.16 | Step Count: 546427 | Episode Q0:    33.81
Episode: 1306/7000 | Episode reward:   104.11 | Episode steps:  365 | Average reward:   312.42 | Step Count: 546792 | Episode Q0:    33.81
Episode: 1307/7000 | Episode reward:   143.57 | Episode steps:  379 | Average reward:   293.90 | Step Count: 547171 | Episode Q0:    33.81
Episode: 1308/7000 | Episode reward:   270.74 | Episode steps:  768 | Average reward:   279.77 | Step Count: 547939 | Episode Q0:    33.81
Episode: 1309/7000 | Episode reward:    68.77 | Episode steps:  215 | Average reward:   254.57 | Step Count: 548154 | Episode Q0:    33.81
Episode: 1310/7000 | Episode reward:   338.33 | Episode steps:  905 | Average reward:   268.54 | Step Count: 549059 | Episode Q0:    34.39
Episode: 1311/7000 | Episode reward:   147.47 | Episode steps:  390 | Average reward:   195.36 | Step Count: 549449 | Episode Q0:    34.39
Episode: 1312/7000 | Episode reward:   300.77 | Episode steps:  851 | Average reward:   198.31 | Step Count: 550300 | Episode Q0:    34.39
Episode: 1313/7000 | Episode reward:   237.09 | Episode steps:  716 | Average reward:   217.43 | Step Count: 551016 | Episode Q0:    34.39
Episode: 1314/7000 | Episode reward:   281.38 | Episode steps:  706 | Average reward:   226.65 | Step Count: 551722 | Episode Q0:    34.39
Episode: 1315/7000 | Episode reward:   298.43 | Episode steps:  909 | Average reward:   219.07 | Step Count: 552631 | Episode Q0:    34.39
Episode: 1316/7000 | Episode reward:   190.24 | Episode steps:  582 | Average reward:   227.68 | Step Count: 553213 | Episode Q0:    34.39
Episode: 1317/7000 | Episode reward:   411.99 | Episode steps: 1099 | Average reward:   254.52 | Step Count: 554312 | Episode Q0:    34.39
Episode: 1318/7000 | Episode reward:   294.57 | Episode steps:  732 | Average reward:   256.90 | Step Count: 555044 | Episode Q0:    34.39
Episode: 1319/7000 | Episode reward:   587.45 | Episode steps: 1555 | Average reward:   308.77 | Step Count: 556599 | Episode Q0:    34.39
Episode: 1320/7000 | Episode reward:   336.10 | Episode steps:  870 | Average reward:   308.55 | Step Count: 557469 | Episode Q0:    34.39
Episode: 1321/7000 | Episode reward:   552.04 | Episode steps: 1229 | Average reward:   349.00 | Step Count: 558698 | Episode Q0:    34.39
Episode: 1322/7000 | Episode reward:   139.84 | Episode steps:  206 | Average reward:   332.91 | Step Count: 558904 | Episode Q0:    34.39
Episode: 1323/7000 | Episode reward:   346.74 | Episode steps: 1049 | Average reward:   343.88 | Step Count: 559953 | Episode Q0:    34.39
Episode: 1324/7000 | Episode reward:   260.12 | Episode steps:  675 | Average reward:   341.75 | Step Count: 560628 | Episode Q0:    34.39
Episode: 1325/7000 | Episode reward:   232.75 | Episode steps:  657 | Average reward:   335.18 | Step Count: 561285 | Episode Q0:    34.39
Episode: 1326/7000 | Episode reward:   561.01 | Episode steps: 1369 | Average reward:   372.26 | Step Count: 562654 | Episode Q0:    34.39
Episode: 1327/7000 | Episode reward:    76.53 | Episode steps:  206 | Average reward:   338.71 | Step Count: 562860 | Episode Q0:    34.39
Episode: 1328/7000 | Episode reward:   243.27 | Episode steps:  580 | Average reward:   333.58 | Step Count: 563440 | Episode Q0:    34.39
Episode: 1329/7000 | Episode reward:   131.16 | Episode steps:  161 | Average reward:   287.95 | Step Count: 563601 | Episode Q0:    34.39
Episode: 1330/7000 | Episode reward:   750.02 | Episode steps: 2139 | Average reward:   329.35 | Step Count: 565740 | Episode Q0:    34.39
Episode: 1331/7000 | Episode reward:   227.32 | Episode steps:  675 | Average reward:   296.87 | Step Count: 566415 | Episode Q0:    34.39
Episode: 1332/7000 | Episode reward:   113.04 | Episode steps:  318 | Average reward:   294.19 | Step Count: 566733 | Episode Q0:    34.39
Episode: 1333/7000 | Episode reward:   138.50 | Episode steps:  390 | Average reward:   273.37 | Step Count: 567123 | Episode Q0:    34.39
Episode: 1334/7000 | Episode reward:   265.25 | Episode steps:  518 | Average reward:   273.88 | Step Count: 567641 | Episode Q0:    34.39
Episode: 1335/7000 | Episode reward:   360.83 | Episode steps:  855 | Average reward:   286.69 | Step Count: 568496 | Episode Q0:    34.39
Episode: 1336/7000 | Episode reward:   177.98 | Episode steps:  502 | Average reward:   248.39 | Step Count: 568998 | Episode Q0:    34.65
Episode: 1337/7000 | Episode reward:   214.02 | Episode steps:  526 | Average reward:   262.14 | Step Count: 569524 | Episode Q0:    34.65
Episode: 1338/7000 | Episode reward:   150.85 | Episode steps:  372 | Average reward:   252.90 | Step Count: 569896 | Episode Q0:    34.65
Episode: 1339/7000 | Episode reward:   127.65 | Episode steps:  306 | Average reward:   252.55 | Step Count: 570202 | Episode Q0:    34.65
Episode: 1340/7000 | Episode reward:   312.11 | Episode steps:  877 | Average reward:   208.76 | Step Count: 571079 | Episode Q0:    34.65
Episode: 1341/7000 | Episode reward:   249.03 | Episode steps:  554 | Average reward:   210.93 | Step Count: 571633 | Episode Q0:    34.65
Episode: 1342/7000 | Episode reward:   107.16 | Episode steps:  288 | Average reward:   210.34 | Step Count: 571921 | Episode Q0:    34.65
Episode: 1343/7000 | Episode reward:   260.14 | Episode steps:  491 | Average reward:   222.50 | Step Count: 572412 | Episode Q0:    34.65
Episode: 1344/7000 | Episode reward:   162.87 | Episode steps:  485 | Average reward:   212.26 | Step Count: 572897 | Episode Q0:    34.65
Episode: 1345/7000 | Episode reward:   106.28 | Episode steps:  287 | Average reward:   186.81 | Step Count: 573184 | Episode Q0:    34.65
Episode: 1346/7000 | Episode reward:   111.46 | Episode steps:  295 | Average reward:   180.16 | Step Count: 573479 | Episode Q0:    34.65
Episode: 1347/7000 | Episode reward:   174.18 | Episode steps:  399 | Average reward:   176.17 | Step Count: 573878 | Episode Q0:    34.65
Episode: 1348/7000 | Episode reward:   231.71 | Episode steps:  421 | Average reward:   184.26 | Step Count: 574299 | Episode Q0:    34.65
Episode: 1349/7000 | Episode reward:   278.06 | Episode steps:  652 | Average reward:   199.30 | Step Count: 574951 | Episode Q0:    34.65
Episode: 1350/7000 | Episode reward:   103.98 | Episode steps:  235 | Average reward:   178.49 | Step Count: 575186 | Episode Q0:    34.65
Episode: 1351/7000 | Episode reward:   249.73 | Episode steps:  575 | Average reward:   178.56 | Step Count: 575761 | Episode Q0:    34.65
Episode: 1352/7000 | Episode reward:    65.07 | Episode steps:  182 | Average reward:   174.35 | Step Count: 575943 | Episode Q0:    34.65
Episode: 1353/7000 | Episode reward:   120.61 | Episode steps:  386 | Average reward:   160.39 | Step Count: 576329 | Episode Q0:    34.65
Episode: 1354/7000 | Episode reward:   323.40 | Episode steps:  917 | Average reward:   176.45 | Step Count: 577246 | Episode Q0:    34.65
Episode: 1355/7000 | Episode reward:   251.83 | Episode steps:  707 | Average reward:   191.00 | Step Count: 577953 | Episode Q0:    34.65
Episode: 1356/7000 | Episode reward:   145.37 | Episode steps:  534 | Average reward:   194.39 | Step Count: 578487 | Episode Q0:    34.65
Episode: 1357/7000 | Episode reward:   549.22 | Episode steps: 1460 | Average reward:   231.90 | Step Count: 579947 | Episode Q0:    34.22
Episode: 1358/7000 | Episode reward:   403.49 | Episode steps: 1091 | Average reward:   249.08 | Step Count: 581038 | Episode Q0:    34.22
Episode: 1359/7000 | Episode reward:    38.79 | Episode steps:  165 | Average reward:   225.15 | Step Count: 581203 | Episode Q0:    34.22
Episode: 1360/7000 | Episode reward:   116.63 | Episode steps:  238 | Average reward:   226.41 | Step Count: 581441 | Episode Q0:    34.22
Episode: 1361/7000 | Episode reward:    64.96 | Episode steps:  119 | Average reward:   207.94 | Step Count: 581560 | Episode Q0:    34.22
Episode: 1362/7000 | Episode reward:   526.02 | Episode steps: 1696 | Average reward:   254.03 | Step Count: 583256 | Episode Q0:    34.22
Episode: 1363/7000 | Episode reward:   210.33 | Episode steps:  552 | Average reward:   263.00 | Step Count: 583808 | Episode Q0:    34.22
Episode: 1364/7000 | Episode reward:   939.72 | Episode steps: 2500 | Average reward:   324.64 | Step Count: 586308 | Episode Q0:    34.22
Episode: 1365/7000 | Episode reward:   826.03 | Episode steps: 2500 | Average reward:   382.06 | Step Count: 588808 | Episode Q0:    34.22
Episode: 1366/7000 | Episode reward:   287.48 | Episode steps:  910 | Average reward:   396.27 | Step Count: 589718 | Episode Q0:    34.22
Episode: 1367/7000 | Episode reward:   806.20 | Episode steps: 2500 | Average reward:   421.97 | Step Count: 592218 | Episode Q0:    34.22
Episode: 1368/7000 | Episode reward:   348.14 | Episode steps: 1185 | Average reward:   416.43 | Step Count: 593403 | Episode Q0:    34.22
Episode: 1369/7000 | Episode reward:   356.04 | Episode steps: 1004 | Average reward:   448.16 | Step Count: 594407 | Episode Q0:    34.22
Episode: 1370/7000 | Episode reward:   169.54 | Episode steps:  569 | Average reward:   453.45 | Step Count: 594976 | Episode Q0:    34.22
Episode: 1371/7000 | Episode reward:   132.11 | Episode steps:  281 | Average reward:   460.16 | Step Count: 595257 | Episode Q0:    34.22
Episode: 1372/7000 | Episode reward:   233.06 | Episode steps:  727 | Average reward:   430.87 | Step Count: 595984 | Episode Q0:    34.22
Episode: 1373/7000 | Episode reward:   323.01 | Episode steps:  988 | Average reward:   442.13 | Step Count: 596972 | Episode Q0:    34.22
Episode: 1374/7000 | Episode reward:    49.08 | Episode steps:  175 | Average reward:   353.07 | Step Count: 597147 | Episode Q0:    34.22
Episode: 1375/7000 | Episode reward:    75.44 | Episode steps:  215 | Average reward:   278.01 | Step Count: 597362 | Episode Q0:    34.22
Episode: 1376/7000 | Episode reward:    41.66 | Episode steps:  116 | Average reward:   253.43 | Step Count: 597478 | Episode Q0:    34.22
Episode: 1377/7000 | Episode reward:   123.71 | Episode steps:  347 | Average reward:   185.18 | Step Count: 597825 | Episode Q0:    34.22
Episode: 1378/7000 | Episode reward:   293.04 | Episode steps:  677 | Average reward:   179.67 | Step Count: 598502 | Episode Q0:    34.22
Episode: 1379/7000 | Episode reward:    98.63 | Episode steps:  238 | Average reward:   153.93 | Step Count: 598740 | Episode Q0:    34.22
Episode: 1380/7000 | Episode reward:   157.94 | Episode steps:  215 | Average reward:   152.77 | Step Count: 598955 | Episode Q0:    34.22
Episode: 1381/7000 | Episode reward:    54.10 | Episode steps:  193 | Average reward:   144.97 | Step Count: 599148 | Episode Q0:    34.22
Episode: 1382/7000 | Episode reward:    73.34 | Episode steps:  210 | Average reward:   129.00 | Step Count: 599358 | Episode Q0:    34.22
Episode: 1383/7000 | Episode reward:   142.26 | Episode steps:  213 | Average reward:   110.92 | Step Count: 599571 | Episode Q0:    34.22
Episode: 1384/7000 | Episode reward:    91.51 | Episode steps:  323 | Average reward:   115.16 | Step Count: 599894 | Episode Q0:    34.22
Episode: 1385/7000 | Episode reward:   449.00 | Episode steps: 1116 | Average reward:   152.52 | Step Count: 601010 | Episode Q0:    36.73
Episode: 1386/7000 | Episode reward:   629.06 | Episode steps: 1712 | Average reward:   211.26 | Step Count: 602722 | Episode Q0:    36.73
Episode: 1387/7000 | Episode reward:   599.27 | Episode steps: 1582 | Average reward:   258.81 | Step Count: 604304 | Episode Q0:    36.73
Episode: 1388/7000 | Episode reward:   311.43 | Episode steps:  760 | Average reward:   260.65 | Step Count: 605064 | Episode Q0:    36.73
Episode: 1389/7000 | Episode reward:   732.58 | Episode steps: 1772 | Average reward:   324.05 | Step Count: 606836 | Episode Q0:    36.73
Episode: 1390/7000 | Episode reward:   331.42 | Episode steps:  883 | Average reward:   341.40 | Step Count: 607719 | Episode Q0:    36.73
Episode: 1391/7000 | Episode reward:   109.51 | Episode steps:  323 | Average reward:   346.94 | Step Count: 608042 | Episode Q0:    36.73
Episode: 1392/7000 | Episode reward:   383.43 | Episode steps:  756 | Average reward:   377.95 | Step Count: 608798 | Episode Q0:    36.73
Episode: 1393/7000 | Episode reward:   345.90 | Episode steps:  780 | Average reward:   398.31 | Step Count: 609578 | Episode Q0:    36.73
Episode: 1394/7000 | Episode reward:   144.60 | Episode steps:  179 | Average reward:   403.62 | Step Count: 609757 | Episode Q0:    36.73
Episode: 1395/7000 | Episode reward:   235.51 | Episode steps:  666 | Average reward:   382.27 | Step Count: 610423 | Episode Q0:    36.73
Episode: 1396/7000 | Episode reward:   340.93 | Episode steps:  763 | Average reward:   353.46 | Step Count: 611186 | Episode Q0:    36.73
Episode: 1397/7000 | Episode reward:   283.00 | Episode steps:  705 | Average reward:   321.83 | Step Count: 611891 | Episode Q0:    36.73
Episode: 1398/7000 | Episode reward:    94.62 | Episode steps:  235 | Average reward:   300.15 | Step Count: 612126 | Episode Q0:    36.73
Episode: 1399/7000 | Episode reward:   299.04 | Episode steps:  709 | Average reward:   256.80 | Step Count: 612835 | Episode Q0:    36.73
Episode: 1400/7000 | Episode reward:   251.70 | Episode steps:  699 | Average reward:   248.82 | Step Count: 613534 | Episode Q0:    36.73
Episode: 1401/7000 | Episode reward:   187.16 | Episode steps:  503 | Average reward:   256.59 | Step Count: 614037 | Episode Q0:    36.73
Episode: 1402/7000 | Episode reward:   162.74 | Episode steps:  363 | Average reward:   234.52 | Step Count: 614400 | Episode Q0:    36.73
Episode: 1403/7000 | Episode reward:   324.35 | Episode steps:  689 | Average reward:   232.36 | Step Count: 615089 | Episode Q0:    36.73
Episode: 1404/7000 | Episode reward:   240.40 | Episode steps:  590 | Average reward:   241.94 | Step Count: 615679 | Episode Q0:    36.73
Episode: 1405/7000 | Episode reward:   202.88 | Episode steps:  488 | Average reward:   238.68 | Step Count: 616167 | Episode Q0:    36.73
Episode: 1406/7000 | Episode reward:   409.78 | Episode steps:  850 | Average reward:   245.57 | Step Count: 617017 | Episode Q0:    36.73
Episode: 1407/7000 | Episode reward:   125.62 | Episode steps:  307 | Average reward:   229.83 | Step Count: 617324 | Episode Q0:    36.73
Episode: 1408/7000 | Episode reward:    82.88 | Episode steps:  284 | Average reward:   228.66 | Step Count: 617608 | Episode Q0:    36.73
Episode: 1409/7000 | Episode reward:   179.13 | Episode steps:  362 | Average reward:   216.66 | Step Count: 617970 | Episode Q0:    36.73
Episode: 1410/7000 | Episode reward:   184.33 | Episode steps:  506 | Average reward:   209.93 | Step Count: 618476 | Episode Q0:    35.39
Episode: 1411/7000 | Episode reward:   122.58 | Episode steps:  308 | Average reward:   203.47 | Step Count: 618784 | Episode Q0:    35.39
Episode: 1412/7000 | Episode reward:   251.87 | Episode steps:  497 | Average reward:   212.38 | Step Count: 619281 | Episode Q0:    35.39
Episode: 1413/7000 | Episode reward:   289.48 | Episode steps:  845 | Average reward:   208.90 | Step Count: 620126 | Episode Q0:    35.39
Episode: 1414/7000 | Episode reward:   385.18 | Episode steps:  865 | Average reward:   223.37 | Step Count: 620991 | Episode Q0:    35.39
Episode: 1415/7000 | Episode reward:   156.68 | Episode steps:  346 | Average reward:   218.75 | Step Count: 621337 | Episode Q0:    35.39
Episode: 1416/7000 | Episode reward:   195.46 | Episode steps:  480 | Average reward:   197.32 | Step Count: 621817 | Episode Q0:    35.39
Episode: 1417/7000 | Episode reward:   195.59 | Episode steps:  414 | Average reward:   204.32 | Step Count: 622231 | Episode Q0:    35.39
Episode: 1418/7000 | Episode reward:    98.36 | Episode steps:  233 | Average reward:   205.87 | Step Count: 622464 | Episode Q0:    35.39
Episode: 1419/7000 | Episode reward:   235.61 | Episode steps:  561 | Average reward:   211.51 | Step Count: 623025 | Episode Q0:    35.39
Episode: 1420/7000 | Episode reward:   139.53 | Episode steps:  364 | Average reward:   207.03 | Step Count: 623389 | Episode Q0:    35.39
Episode: 1421/7000 | Episode reward:   339.63 | Episode steps:  659 | Average reward:   228.74 | Step Count: 624048 | Episode Q0:    35.39
Episode: 1422/7000 | Episode reward:   260.62 | Episode steps:  714 | Average reward:   229.61 | Step Count: 624762 | Episode Q0:    35.39
Episode: 1423/7000 | Episode reward:   283.44 | Episode steps:  528 | Average reward:   229.01 | Step Count: 625290 | Episode Q0:    35.39
Episode: 1424/7000 | Episode reward:    88.55 | Episode steps:  260 | Average reward:   199.35 | Step Count: 625550 | Episode Q0:    35.39
Episode: 1425/7000 | Episode reward:   131.62 | Episode steps:  376 | Average reward:   196.84 | Step Count: 625926 | Episode Q0:    35.39
Episode: 1426/7000 | Episode reward:   268.02 | Episode steps:  341 | Average reward:   204.10 | Step Count: 626267 | Episode Q0:    35.39
Episode: 1427/7000 | Episode reward:   331.49 | Episode steps:  692 | Average reward:   217.69 | Step Count: 626959 | Episode Q0:    35.39
Episode: 1428/7000 | Episode reward:   182.02 | Episode steps:  518 | Average reward:   226.05 | Step Count: 627477 | Episode Q0:    35.39
Episode: 1429/7000 | Episode reward:    54.84 | Episode steps:  170 | Average reward:   207.98 | Step Count: 627647 | Episode Q0:    35.39
Episode: 1430/7000 | Episode reward:    39.22 | Episode steps:  152 | Average reward:   197.94 | Step Count: 627799 | Episode Q0:    35.39
Episode: 1431/7000 | Episode reward:   385.91 | Episode steps:  828 | Average reward:   202.57 | Step Count: 628627 | Episode Q0:    35.39
Episode: 1432/7000 | Episode reward:   121.20 | Episode steps:  330 | Average reward:   188.63 | Step Count: 628957 | Episode Q0:    35.39
Episode: 1433/7000 | Episode reward:   117.14 | Episode steps:  375 | Average reward:   172.00 | Step Count: 629332 | Episode Q0:    35.39
Episode: 1434/7000 | Episode reward:   125.78 | Episode steps:  374 | Average reward:   175.72 | Step Count: 629706 | Episode Q0:    35.39
Episode: 1435/7000 | Episode reward:    71.10 | Episode steps:  198 | Average reward:   169.67 | Step Count: 629904 | Episode Q0:    35.39
Episode: 1436/7000 | Episode reward:   207.11 | Episode steps:  446 | Average reward:   163.58 | Step Count: 630350 | Episode Q0:    35.39
Episode: 1437/7000 | Episode reward:    71.70 | Episode steps:  238 | Average reward:   137.60 | Step Count: 630588 | Episode Q0:    35.39
Episode: 1438/7000 | Episode reward:   175.74 | Episode steps:  416 | Average reward:   136.97 | Step Count: 631004 | Episode Q0:    36.61
Episode: 1439/7000 | Episode reward:    40.81 | Episode steps:  156 | Average reward:   135.57 | Step Count: 631160 | Episode Q0:    36.61
Episode: 1440/7000 | Episode reward:   233.65 | Episode steps:  448 | Average reward:   155.01 | Step Count: 631608 | Episode Q0:    36.61
Episode: 1441/7000 | Episode reward:   219.15 | Episode steps:  537 | Average reward:   138.34 | Step Count: 632145 | Episode Q0:    36.61
Episode: 1442/7000 | Episode reward:   168.06 | Episode steps:  452 | Average reward:   143.02 | Step Count: 632597 | Episode Q0:    36.61
Episode: 1443/7000 | Episode reward:   204.00 | Episode steps:  530 | Average reward:   151.71 | Step Count: 633127 | Episode Q0:    36.61
Episode: 1444/7000 | Episode reward:   402.79 | Episode steps:  805 | Average reward:   179.41 | Step Count: 633932 | Episode Q0:    36.61
Episode: 1445/7000 | Episode reward:   301.88 | Episode steps:  787 | Average reward:   202.49 | Step Count: 634719 | Episode Q0:    36.61
Episode: 1446/7000 | Episode reward:   114.81 | Episode steps:  238 | Average reward:   193.26 | Step Count: 634957 | Episode Q0:    36.61
Episode: 1447/7000 | Episode reward:   224.67 | Episode steps:  567 | Average reward:   208.56 | Step Count: 635524 | Episode Q0:    36.61
Episode: 1448/7000 | Episode reward:   129.84 | Episode steps:  336 | Average reward:   203.97 | Step Count: 635860 | Episode Q0:    36.61
Episode: 1449/7000 | Episode reward:   183.72 | Episode steps:  379 | Average reward:   218.26 | Step Count: 636239 | Episode Q0:    36.61
Episode: 1450/7000 | Episode reward:   168.14 | Episode steps:  484 | Average reward:   211.71 | Step Count: 636723 | Episode Q0:    36.61
Episode: 1451/7000 | Episode reward:   335.25 | Episode steps:  839 | Average reward:   223.32 | Step Count: 637562 | Episode Q0:    36.61
Episode: 1452/7000 | Episode reward:   117.83 | Episode steps:  360 | Average reward:   218.29 | Step Count: 637922 | Episode Q0:    36.61
Episode: 1453/7000 | Episode reward:   155.72 | Episode steps:  398 | Average reward:   213.47 | Step Count: 638320 | Episode Q0:    36.61
Episode: 1454/7000 | Episode reward:    62.59 | Episode steps:  187 | Average reward:   179.45 | Step Count: 638507 | Episode Q0:    36.61
Episode: 1455/7000 | Episode reward:    58.43 | Episode steps:  179 | Average reward:   155.10 | Step Count: 638686 | Episode Q0:    36.61
Episode: 1456/7000 | Episode reward:    49.25 | Episode steps:  177 | Average reward:   148.54 | Step Count: 638863 | Episode Q0:    36.61
Episode: 1457/7000 | Episode reward:   315.12 | Episode steps:  894 | Average reward:   157.59 | Step Count: 639757 | Episode Q0:    36.61
Episode: 1458/7000 | Episode reward:   115.19 | Episode steps:  319 | Average reward:   156.12 | Step Count: 640076 | Episode Q0:    36.61
Episode: 1459/7000 | Episode reward:    91.61 | Episode steps:  276 | Average reward:   146.91 | Step Count: 640352 | Episode Q0:    36.61
Episode: 1460/7000 | Episode reward:   198.96 | Episode steps:  636 | Average reward:   149.99 | Step Count: 640988 | Episode Q0:    36.61
Episode: 1461/7000 | Episode reward:   408.46 | Episode steps:  852 | Average reward:   157.32 | Step Count: 641840 | Episode Q0:    36.61
Episode: 1462/7000 | Episode reward:   655.31 | Episode steps: 1989 | Average reward:   211.06 | Step Count: 643829 | Episode Q0:    36.67
Episode: 1463/7000 | Episode reward:   478.13 | Episode steps: 1259 | Average reward:   243.31 | Step Count: 645088 | Episode Q0:    36.67
Episode: 1464/7000 | Episode reward:   430.43 | Episode steps: 1116 | Average reward:   280.09 | Step Count: 646204 | Episode Q0:    36.67
Episode: 1465/7000 | Episode reward:   239.23 | Episode steps:  683 | Average reward:   298.17 | Step Count: 646887 | Episode Q0:    36.67
Episode: 1466/7000 | Episode reward:   248.71 | Episode steps:  718 | Average reward:   318.12 | Step Count: 647605 | Episode Q0:    36.67
Episode: 1467/7000 | Episode reward:    39.72 | Episode steps:  124 | Average reward:   290.57 | Step Count: 647729 | Episode Q0:    36.67
Episode: 1468/7000 | Episode reward:    54.33 | Episode steps:  119 | Average reward:   284.49 | Step Count: 647848 | Episode Q0:    36.67
Episode: 1469/7000 | Episode reward:   143.82 | Episode steps:  178 | Average reward:   289.71 | Step Count: 648026 | Episode Q0:    36.67
Episode: 1470/7000 | Episode reward:   278.23 | Episode steps:  733 | Average reward:   297.64 | Step Count: 648759 | Episode Q0:    36.67
Episode: 1471/7000 | Episode reward:   284.53 | Episode steps:  706 | Average reward:   285.24 | Step Count: 649465 | Episode Q0:    36.67
Episode: 1472/7000 | Episode reward:   179.55 | Episode steps:  317 | Average reward:   237.67 | Step Count: 649782 | Episode Q0:    36.67
Episode: 1473/7000 | Episode reward:    28.00 | Episode steps:  136 | Average reward:   192.65 | Step Count: 649918 | Episode Q0:    36.67
Episode: 1474/7000 | Episode reward:   101.07 | Episode steps:  150 | Average reward:   159.72 | Step Count: 650068 | Episode Q0:    36.67
Episode: 1475/7000 | Episode reward:   531.79 | Episode steps: 1521 | Average reward:   188.97 | Step Count: 651589 | Episode Q0:    36.67
Episode: 1476/7000 | Episode reward:   237.35 | Episode steps:  699 | Average reward:   187.84 | Step Count: 652288 | Episode Q0:    36.67
Episode: 1477/7000 | Episode reward:   106.13 | Episode steps:  317 | Average reward:   194.48 | Step Count: 652605 | Episode Q0:    36.67
Episode: 1478/7000 | Episode reward:   124.06 | Episode steps:  303 | Average reward:   201.45 | Step Count: 652908 | Episode Q0:    36.67
Episode: 1479/7000 | Episode reward:   300.09 | Episode steps:  729 | Average reward:   217.08 | Step Count: 653637 | Episode Q0:    36.67
Episode: 1480/7000 | Episode reward:   136.79 | Episode steps:  516 | Average reward:   202.94 | Step Count: 654153 | Episode Q0:    36.67
Episode: 1481/7000 | Episode reward:   338.44 | Episode steps:  789 | Average reward:   208.33 | Step Count: 654942 | Episode Q0:    36.67
Episode: 1482/7000 | Episode reward:    93.34 | Episode steps:  261 | Average reward:   199.71 | Step Count: 655203 | Episode Q0:    36.67
Episode: 1483/7000 | Episode reward:   248.45 | Episode steps:  458 | Average reward:   221.75 | Step Count: 655661 | Episode Q0:    36.67
Episode: 1484/7000 | Episode reward:    52.42 | Episode steps:  113 | Average reward:   216.89 | Step Count: 655774 | Episode Q0:    36.67
Episode: 1485/7000 | Episode reward:   116.92 | Episode steps:  323 | Average reward:   175.40 | Step Count: 656097 | Episode Q0:    36.67
Episode: 1486/7000 | Episode reward:   427.24 | Episode steps: 1113 | Average reward:   194.39 | Step Count: 657210 | Episode Q0:    36.67
Episode: 1487/7000 | Episode reward:    27.62 | Episode steps:  143 | Average reward:   186.54 | Step Count: 657353 | Episode Q0:    36.67
Episode: 1488/7000 | Episode reward:    70.61 | Episode steps:  164 | Average reward:   181.19 | Step Count: 657517 | Episode Q0:    36.67
Episode: 1489/7000 | Episode reward:   589.25 | Episode steps: 1628 | Average reward:   210.11 | Step Count: 659145 | Episode Q0:    37.07
Episode: 1490/7000 | Episode reward:   548.49 | Episode steps: 1583 | Average reward:   251.28 | Step Count: 660728 | Episode Q0:    37.07
Episode: 1491/7000 | Episode reward:   107.57 | Episode steps:  167 | Average reward:   228.19 | Step Count: 660895 | Episode Q0:    37.07
Episode: 1492/7000 | Episode reward:   256.76 | Episode steps:  697 | Average reward:   244.53 | Step Count: 661592 | Episode Q0:    37.07
Episode: 1493/7000 | Episode reward:   179.08 | Episode steps:  354 | Average reward:   237.60 | Step Count: 661946 | Episode Q0:    37.07
Episode: 1494/7000 | Episode reward:   291.38 | Episode steps:  830 | Average reward:   261.49 | Step Count: 662776 | Episode Q0:    37.07
Episode: 1495/7000 | Episode reward:   446.50 | Episode steps: 1271 | Average reward:   294.45 | Step Count: 664047 | Episode Q0:    37.07
Episode: 1496/7000 | Episode reward:   373.67 | Episode steps: 1039 | Average reward:   289.09 | Step Count: 665086 | Episode Q0:    37.07
Episode: 1497/7000 | Episode reward:   936.41 | Episode steps: 2404 | Average reward:   379.97 | Step Count: 667490 | Episode Q0:    37.07
Episode: 1498/7000 | Episode reward:   121.66 | Episode steps:  297 | Average reward:   385.08 | Step Count: 667787 | Episode Q0:    37.07
Episode: 1499/7000 | Episode reward:   273.81 | Episode steps:  719 | Average reward:   353.53 | Step Count: 668506 | Episode Q0:    37.07
Episode: 1500/7000 | Episode reward:   273.62 | Episode steps:  719 | Average reward:   326.05 | Step Count: 669225 | Episode Q0:    37.07
Episode: 1501/7000 | Episode reward:   206.20 | Episode steps:  634 | Average reward:   335.91 | Step Count: 669859 | Episode Q0:    37.07
Episode: 1502/7000 | Episode reward:   292.24 | Episode steps:  862 | Average reward:   339.46 | Step Count: 670721 | Episode Q0:    37.07
Episode: 1503/7000 | Episode reward:   114.67 | Episode steps:  298 | Average reward:   333.02 | Step Count: 671019 | Episode Q0:    37.07
Episode: 1504/7000 | Episode reward:   307.00 | Episode steps:  977 | Average reward:   334.58 | Step Count: 671996 | Episode Q0:    37.07
Episode: 1505/7000 | Episode reward:    71.94 | Episode steps:  194 | Average reward:   297.12 | Step Count: 672190 | Episode Q0:    37.07
Episode: 1506/7000 | Episode reward:   136.56 | Episode steps:  489 | Average reward:   273.41 | Step Count: 672679 | Episode Q0:    37.07
Episode: 1507/7000 | Episode reward:   190.63 | Episode steps:  528 | Average reward:   198.83 | Step Count: 673207 | Episode Q0:    37.07
Episode: 1508/7000 | Episode reward:   316.40 | Episode steps:  885 | Average reward:   218.31 | Step Count: 674092 | Episode Q0:    37.07
Episode: 1509/7000 | Episode reward:   257.98 | Episode steps:  524 | Average reward:   216.72 | Step Count: 674616 | Episode Q0:    37.07
Episode: 1510/7000 | Episode reward:    34.43 | Episode steps:  127 | Average reward:   192.81 | Step Count: 674743 | Episode Q0:    37.07
Episode: 1511/7000 | Episode reward:   153.49 | Episode steps:  407 | Average reward:   187.54 | Step Count: 675150 | Episode Q0:    37.07
Episode: 1512/7000 | Episode reward:   127.12 | Episode steps:  258 | Average reward:   171.02 | Step Count: 675408 | Episode Q0:    37.07
Episode: 1513/7000 | Episode reward:   711.10 | Episode steps: 2140 | Average reward:   230.67 | Step Count: 677548 | Episode Q0:    36.70
Episode: 1514/7000 | Episode reward:   569.96 | Episode steps: 1537 | Average reward:   256.96 | Step Count: 679085 | Episode Q0:    36.70
Episode: 1515/7000 | Episode reward:   818.77 | Episode steps: 2500 | Average reward:   331.64 | Step Count: 681585 | Episode Q0:    36.70
Episode: 1516/7000 | Episode reward:   727.32 | Episode steps: 2078 | Average reward:   390.72 | Step Count: 683663 | Episode Q0:    36.70
Episode: 1517/7000 | Episode reward:    30.19 | Episode steps:  140 | Average reward:   374.68 | Step Count: 683803 | Episode Q0:    36.70
Episode: 1518/7000 | Episode reward:    24.54 | Episode steps:  133 | Average reward:   345.49 | Step Count: 683936 | Episode Q0:    36.70
Episode: 1519/7000 | Episode reward:   151.88 | Episode steps:  285 | Average reward:   334.88 | Step Count: 684221 | Episode Q0:    36.70
Episode: 1520/7000 | Episode reward:    46.64 | Episode steps:  178 | Average reward:   336.10 | Step Count: 684399 | Episode Q0:    36.70
Episode: 1521/7000 | Episode reward:   250.40 | Episode steps:  705 | Average reward:   345.79 | Step Count: 685104 | Episode Q0:    36.70
Episode: 1522/7000 | Episode reward:    71.86 | Episode steps:  212 | Average reward:   340.27 | Step Count: 685316 | Episode Q0:    36.70
Episode: 1523/7000 | Episode reward:   788.96 | Episode steps: 2410 | Average reward:   348.05 | Step Count: 687726 | Episode Q0:    36.70
Episode: 1524/7000 | Episode reward:   280.02 | Episode steps:  719 | Average reward:   319.06 | Step Count: 688445 | Episode Q0:    36.70
Episode: 1525/7000 | Episode reward:   289.58 | Episode steps:  727 | Average reward:   266.14 | Step Count: 689172 | Episode Q0:    36.70
Episode: 1526/7000 | Episode reward:   386.55 | Episode steps: 1078 | Average reward:   232.06 | Step Count: 690250 | Episode Q0:    36.70
Episode: 1527/7000 | Episode reward:   406.40 | Episode steps: 1223 | Average reward:   269.68 | Step Count: 691473 | Episode Q0:    36.70
Episode: 1528/7000 | Episode reward:   121.13 | Episode steps:  255 | Average reward:   279.34 | Step Count: 691728 | Episode Q0:    36.70
Episode: 1529/7000 | Episode reward:   245.43 | Episode steps:  677 | Average reward:   288.70 | Step Count: 692405 | Episode Q0:    36.70
Episode: 1530/7000 | Episode reward:   236.99 | Episode steps:  681 | Average reward:   307.73 | Step Count: 693086 | Episode Q0:    36.70
Episode: 1531/7000 | Episode reward:   254.25 | Episode steps:  326 | Average reward:   308.12 | Step Count: 693412 | Episode Q0:    36.70
Episode: 1532/7000 | Episode reward:   111.01 | Episode steps:  322 | Average reward:   312.03 | Step Count: 693734 | Episode Q0:    36.70
Episode: 1533/7000 | Episode reward:   184.60 | Episode steps:  567 | Average reward:   251.60 | Step Count: 694301 | Episode Q0:    36.70
Episode: 1534/7000 | Episode reward:   279.27 | Episode steps:  840 | Average reward:   251.52 | Step Count: 695141 | Episode Q0:    36.70
Episode: 1535/7000 | Episode reward:    70.13 | Episode steps:  137 | Average reward:   229.58 | Step Count: 695278 | Episode Q0:    36.70
Episode: 1536/7000 | Episode reward:   444.50 | Episode steps: 1367 | Average reward:   235.37 | Step Count: 696645 | Episode Q0:    38.56
Episode: 1537/7000 | Episode reward:   893.05 | Episode steps: 2500 | Average reward:   284.04 | Step Count: 699145 | Episode Q0:    38.56
Episode: 1538/7000 | Episode reward:   196.84 | Episode steps:  642 | Average reward:   291.61 | Step Count: 699787 | Episode Q0:    38.56
Episode: 1539/7000 | Episode reward:   447.83 | Episode steps: 1466 | Average reward:   311.85 | Step Count: 701253 | Episode Q0:    38.56
Episode: 1540/7000 | Episode reward:   310.73 | Episode steps:  896 | Average reward:   319.22 | Step Count: 702149 | Episode Q0:    38.56
Episode: 1541/7000 | Episode reward:   644.92 | Episode steps: 1754 | Average reward:   358.29 | Step Count: 703903 | Episode Q0:    38.56
Episode: 1542/7000 | Episode reward:   287.57 | Episode steps:  852 | Average reward:   375.94 | Step Count: 704755 | Episode Q0:    38.56
Episode: 1543/7000 | Episode reward:    27.71 | Episode steps:  123 | Average reward:   360.26 | Step Count: 704878 | Episode Q0:    38.56
Episode: 1544/7000 | Episode reward:   763.92 | Episode steps: 2294 | Average reward:   408.72 | Step Count: 707172 | Episode Q0:    38.56
Episode: 1545/7000 | Episode reward:   255.00 | Episode steps:  723 | Average reward:   427.21 | Step Count: 707895 | Episode Q0:    38.56
Episode: 1546/7000 | Episode reward:    92.85 | Episode steps:  299 | Average reward:   392.04 | Step Count: 708194 | Episode Q0:    38.56
Episode: 1547/7000 | Episode reward:   594.60 | Episode steps: 1730 | Average reward:   362.20 | Step Count: 709924 | Episode Q0:    38.56
Episode: 1548/7000 | Episode reward:   577.26 | Episode steps: 1781 | Average reward:   400.24 | Step Count: 711705 | Episode Q0:    38.56
Episode: 1549/7000 | Episode reward:   939.72 | Episode steps: 2500 | Average reward:   449.43 | Step Count: 714205 | Episode Q0:    38.56
Episode: 1550/7000 | Episode reward:   209.91 | Episode steps:  600 | Average reward:   439.35 | Step Count: 714805 | Episode Q0:    38.56
Episode: 1551/7000 | Episode reward:    70.86 | Episode steps:  129 | Average reward:   381.94 | Step Count: 714934 | Episode Q0:    38.56
Episode: 1552/7000 | Episode reward:   242.11 | Episode steps:  689 | Average reward:   377.39 | Step Count: 715623 | Episode Q0:    38.56
Episode: 1553/7000 | Episode reward:   662.93 | Episode steps: 1598 | Average reward:   440.92 | Step Count: 717221 | Episode Q0:    38.56
Episode: 1554/7000 | Episode reward:    75.67 | Episode steps:  302 | Average reward:   372.09 | Step Count: 717523 | Episode Q0:    38.56
Episode: 1555/7000 | Episode reward:   309.16 | Episode steps:  777 | Average reward:   377.51 | Step Count: 718300 | Episode Q0:    38.56
Episode: 1556/7000 | Episode reward:   481.68 | Episode steps: 1341 | Average reward:   416.39 | Step Count: 719641 | Episode Q0:    38.56
Episode: 1557/7000 | Episode reward:   137.79 | Episode steps:  305 | Average reward:   370.71 | Step Count: 719946 | Episode Q0:    38.56
Episode: 1558/7000 | Episode reward:   127.40 | Episode steps:  340 | Average reward:   325.72 | Step Count: 720286 | Episode Q0:    38.56
Episode: 1559/7000 | Episode reward:   139.81 | Episode steps:  302 | Average reward:   245.73 | Step Count: 720588 | Episode Q0:    38.56
Episode: 1560/7000 | Episode reward:   227.32 | Episode steps:  493 | Average reward:   247.47 | Step Count: 721081 | Episode Q0:    38.56
Episode: 1561/7000 | Episode reward:   175.33 | Episode steps:  533 | Average reward:   257.92 | Step Count: 721614 | Episode Q0:    38.56
Episode: 1562/7000 | Episode reward:    65.98 | Episode steps:  211 | Average reward:   240.31 | Step Count: 721825 | Episode Q0:    38.56
Episode: 1563/7000 | Episode reward:   131.84 | Episode steps:  330 | Average reward:   187.20 | Step Count: 722155 | Episode Q0:    38.56
Episode: 1564/7000 | Episode reward:   131.02 | Episode steps:  370 | Average reward:   192.73 | Step Count: 722525 | Episode Q0:    38.56
Episode: 1565/7000 | Episode reward:    80.70 | Episode steps:  206 | Average reward:   169.89 | Step Count: 722731 | Episode Q0:    37.15
Episode: 1566/7000 | Episode reward:    85.56 | Episode steps:  256 | Average reward:   130.27 | Step Count: 722987 | Episode Q0:    37.15
Episode: 1567/7000 | Episode reward:   250.58 | Episode steps:  538 | Average reward:   141.55 | Step Count: 723525 | Episode Q0:    37.15
Episode: 1568/7000 | Episode reward:   219.46 | Episode steps:  481 | Average reward:   150.76 | Step Count: 724006 | Episode Q0:    37.15
Episode: 1569/7000 | Episode reward:   421.37 | Episode steps:  996 | Average reward:   178.92 | Step Count: 725002 | Episode Q0:    37.15
Episode: 1570/7000 | Episode reward:   148.47 | Episode steps:  206 | Average reward:   171.03 | Step Count: 725208 | Episode Q0:    37.15
Episode: 1571/7000 | Episode reward:   174.08 | Episode steps:  352 | Average reward:   170.91 | Step Count: 725560 | Episode Q0:    37.15
Episode: 1572/7000 | Episode reward:   245.31 | Episode steps:  576 | Average reward:   188.84 | Step Count: 726136 | Episode Q0:    37.15
Episode: 1573/7000 | Episode reward:   244.28 | Episode steps:  470 | Average reward:   200.09 | Step Count: 726606 | Episode Q0:    37.15
Episode: 1574/7000 | Episode reward:    83.55 | Episode steps:  244 | Average reward:   195.34 | Step Count: 726850 | Episode Q0:    37.15
Episode: 1575/7000 | Episode reward:   265.02 | Episode steps:  631 | Average reward:   213.77 | Step Count: 727481 | Episode Q0:    37.15
Episode: 1576/7000 | Episode reward:   319.03 | Episode steps:  865 | Average reward:   237.12 | Step Count: 728346 | Episode Q0:    37.15
Episode: 1577/7000 | Episode reward:   101.42 | Episode steps:  270 | Average reward:   222.20 | Step Count: 728616 | Episode Q0:    37.15
Episode: 1578/7000 | Episode reward:   101.31 | Episode steps:  328 | Average reward:   210.39 | Step Count: 728944 | Episode Q0:    37.15
Episode: 1579/7000 | Episode reward:   424.48 | Episode steps:  863 | Average reward:   210.70 | Step Count: 729807 | Episode Q0:    37.15
Episode: 1580/7000 | Episode reward:    32.81 | Episode steps:  133 | Average reward:   199.13 | Step Count: 729940 | Episode Q0:    37.15
Episode: 1581/7000 | Episode reward:    35.51 | Episode steps:  114 | Average reward:   185.27 | Step Count: 730054 | Episode Q0:    37.15
Episode: 1582/7000 | Episode reward:   145.07 | Episode steps:  466 | Average reward:   175.25 | Step Count: 730520 | Episode Q0:    37.15
Episode: 1583/7000 | Episode reward:   484.93 | Episode steps: 1158 | Average reward:   199.31 | Step Count: 731678 | Episode Q0:    37.06
Episode: 1584/7000 | Episode reward:   382.41 | Episode steps: 1041 | Average reward:   229.20 | Step Count: 732719 | Episode Q0:    37.06
Episode: 1585/7000 | Episode reward:   282.79 | Episode steps:  832 | Average reward:   230.98 | Step Count: 733551 | Episode Q0:    37.06
Episode: 1586/7000 | Episode reward:   536.75 | Episode steps: 1494 | Average reward:   252.75 | Step Count: 735045 | Episode Q0:    37.06
Episode: 1587/7000 | Episode reward:    68.67 | Episode steps:  133 | Average reward:   249.47 | Step Count: 735178 | Episode Q0:    37.06
Episode: 1588/7000 | Episode reward:   232.84 | Episode steps:  687 | Average reward:   262.63 | Step Count: 735865 | Episode Q0:    37.06
Episode: 1589/7000 | Episode reward:   311.02 | Episode steps:  897 | Average reward:   251.28 | Step Count: 736762 | Episode Q0:    37.06
Episode: 1590/7000 | Episode reward:   224.57 | Episode steps:  527 | Average reward:   270.46 | Step Count: 737289 | Episode Q0:    37.06
Episode: 1591/7000 | Episode reward:   441.18 | Episode steps: 1170 | Average reward:   311.02 | Step Count: 738459 | Episode Q0:    37.06
Episode: 1592/7000 | Episode reward:   420.54 | Episode steps: 1091 | Average reward:   338.57 | Step Count: 739550 | Episode Q0:    37.06
Episode: 1593/7000 | Episode reward:   111.16 | Episode steps:  183 | Average reward:   301.19 | Step Count: 739733 | Episode Q0:    37.06
Episode: 1594/7000 | Episode reward:   524.95 | Episode steps: 1224 | Average reward:   315.45 | Step Count: 740957 | Episode Q0:    37.06
Episode: 1595/7000 | Episode reward:   581.58 | Episode steps: 1625 | Average reward:   345.32 | Step Count: 742582 | Episode Q0:    37.06
Episode: 1596/7000 | Episode reward:   328.76 | Episode steps:  923 | Average reward:   324.53 | Step Count: 743505 | Episode Q0:    37.06
Episode: 1597/7000 | Episode reward:   149.40 | Episode steps:  500 | Average reward:   332.60 | Step Count: 744005 | Episode Q0:    37.06
Episode: 1598/7000 | Episode reward:    44.79 | Episode steps:  131 | Average reward:   313.79 | Step Count: 744136 | Episode Q0:    37.06
Episode: 1599/7000 | Episode reward:   181.97 | Episode steps:  243 | Average reward:   300.89 | Step Count: 744379 | Episode Q0:    37.06
Episode: 1600/7000 | Episode reward:   280.68 | Episode steps:  850 | Average reward:   306.50 | Step Count: 745229 | Episode Q0:    37.06
Episode: 1601/7000 | Episode reward:   679.30 | Episode steps: 2013 | Average reward:   330.31 | Step Count: 747242 | Episode Q0:    37.06
Episode: 1602/7000 | Episode reward:   233.43 | Episode steps:  594 | Average reward:   311.60 | Step Count: 747836 | Episode Q0:    37.06
Episode: 1603/7000 | Episode reward:   305.81 | Episode steps:  737 | Average reward:   331.07 | Step Count: 748573 | Episode Q0:    37.06
Episode: 1604/7000 | Episode reward:   111.74 | Episode steps:  168 | Average reward:   289.75 | Step Count: 748741 | Episode Q0:    37.06
Episode: 1605/7000 | Episode reward:    86.16 | Episode steps:  215 | Average reward:   240.21 | Step Count: 748956 | Episode Q0:    37.06
Episode: 1606/7000 | Episode reward:   349.82 | Episode steps:  914 | Average reward:   242.31 | Step Count: 749870 | Episode Q0:    37.06
Episode: 1607/7000 | Episode reward:   101.00 | Episode steps:  306 | Average reward:   237.47 | Step Count: 750176 | Episode Q0:    37.06
Episode: 1608/7000 | Episode reward:   107.59 | Episode steps:  222 | Average reward:   243.75 | Step Count: 750398 | Episode Q0:    37.06
Episode: 1609/7000 | Episode reward:   601.19 | Episode steps: 1606 | Average reward:   285.67 | Step Count: 752004 | Episode Q0:    35.68
Episode: 1610/7000 | Episode reward:   612.80 | Episode steps: 1555 | Average reward:   318.89 | Step Count: 753559 | Episode Q0:    35.68
Episode: 1611/7000 | Episode reward:    65.99 | Episode steps:  196 | Average reward:   257.55 | Step Count: 753755 | Episode Q0:    35.68
Episode: 1612/7000 | Episode reward:   226.66 | Episode steps:  690 | Average reward:   256.88 | Step Count: 754445 | Episode Q0:    35.68
Episode: 1613/7000 | Episode reward:   119.49 | Episode steps:  301 | Average reward:   238.25 | Step Count: 754746 | Episode Q0:    35.68
Episode: 1614/7000 | Episode reward:   108.61 | Episode steps:  286 | Average reward:   237.93 | Step Count: 755032 | Episode Q0:    35.68
Episode: 1615/7000 | Episode reward:    73.27 | Episode steps:  208 | Average reward:   236.64 | Step Count: 755240 | Episode Q0:    35.68
Episode: 1616/7000 | Episode reward:   122.28 | Episode steps:  268 | Average reward:   213.89 | Step Count: 755508 | Episode Q0:    35.68
Episode: 1617/7000 | Episode reward:   696.73 | Episode steps: 1832 | Average reward:   273.46 | Step Count: 757340 | Episode Q0:    35.68
Episode: 1618/7000 | Episode reward:   187.15 | Episode steps:  619 | Average reward:   281.42 | Step Count: 757959 | Episode Q0:    35.68
Episode: 1619/7000 | Episode reward:   629.59 | Episode steps: 1774 | Average reward:   284.26 | Step Count: 759733 | Episode Q0:    35.68
Episode: 1620/7000 | Episode reward:    89.71 | Episode steps:  280 | Average reward:   231.95 | Step Count: 760013 | Episode Q0:    35.68
Episode: 1621/7000 | Episode reward:   106.68 | Episode steps:  270 | Average reward:   236.02 | Step Count: 760283 | Episode Q0:    35.68
Episode: 1622/7000 | Episode reward:   113.53 | Episode steps:  293 | Average reward:   224.70 | Step Count: 760576 | Episode Q0:    35.68
Episode: 1623/7000 | Episode reward:   746.71 | Episode steps: 2038 | Average reward:   287.43 | Step Count: 762614 | Episode Q0:    35.68
Episode: 1624/7000 | Episode reward:   600.99 | Episode steps: 1755 | Average reward:   336.66 | Step Count: 764369 | Episode Q0:    35.68
Episode: 1625/7000 | Episode reward:   257.78 | Episode steps:  862 | Average reward:   355.12 | Step Count: 765231 | Episode Q0:    35.68
Episode: 1626/7000 | Episode reward:   263.49 | Episode steps:  706 | Average reward:   369.24 | Step Count: 765937 | Episode Q0:    35.68
Episode: 1627/7000 | Episode reward:   160.05 | Episode steps:  369 | Average reward:   315.57 | Step Count: 766306 | Episode Q0:    35.68
Episode: 1628/7000 | Episode reward:    37.08 | Episode steps:  146 | Average reward:   300.56 | Step Count: 766452 | Episode Q0:    35.68
Episode: 1629/7000 | Episode reward:   141.56 | Episode steps:  323 | Average reward:   251.76 | Step Count: 766775 | Episode Q0:    35.68
Episode: 1630/7000 | Episode reward:    92.73 | Episode steps:  154 | Average reward:   252.06 | Step Count: 766929 | Episode Q0:    35.68
Episode: 1631/7000 | Episode reward:   644.36 | Episode steps: 1813 | Average reward:   305.83 | Step Count: 768742 | Episode Q0:    38.89
Episode: 1632/7000 | Episode reward:   363.73 | Episode steps: 1068 | Average reward:   330.85 | Step Count: 769810 | Episode Q0:    38.89
Episode: 1633/7000 | Episode reward:   503.55 | Episode steps: 1320 | Average reward:   306.53 | Step Count: 771130 | Episode Q0:    38.89
Episode: 1634/7000 | Episode reward:   286.31 | Episode steps:  857 | Average reward:   275.06 | Step Count: 771987 | Episode Q0:    38.89
Episode: 1635/7000 | Episode reward:   213.28 | Episode steps:  652 | Average reward:   270.61 | Step Count: 772639 | Episode Q0:    38.89
Episode: 1636/7000 | Episode reward:   417.81 | Episode steps: 1218 | Average reward:   286.05 | Step Count: 773857 | Episode Q0:    38.89
Episode: 1637/7000 | Episode reward:   310.64 | Episode steps:  889 | Average reward:   301.10 | Step Count: 774746 | Episode Q0:    38.89
Episode: 1638/7000 | Episode reward:   268.14 | Episode steps:  823 | Average reward:   324.21 | Step Count: 775569 | Episode Q0:    38.89
Episode: 1639/7000 | Episode reward:   529.14 | Episode steps: 1461 | Average reward:   362.97 | Step Count: 777030 | Episode Q0:    38.89
Episode: 1640/7000 | Episode reward:    23.86 | Episode steps:  117 | Average reward:   356.08 | Step Count: 777147 | Episode Q0:    38.89
Episode: 1641/7000 | Episode reward:    49.23 | Episode steps:  173 | Average reward:   296.57 | Step Count: 777320 | Episode Q0:    38.89
Episode: 1642/7000 | Episode reward:   466.06 | Episode steps: 1546 | Average reward:   306.80 | Step Count: 778866 | Episode Q0:    38.89
Episode: 1643/7000 | Episode reward:   172.54 | Episode steps:  357 | Average reward:   273.70 | Step Count: 779223 | Episode Q0:    38.89
Episode: 1644/7000 | Episode reward:   356.44 | Episode steps: 1028 | Average reward:   280.71 | Step Count: 780251 | Episode Q0:    38.89
Episode: 1645/7000 | Episode reward:    75.13 | Episode steps:  203 | Average reward:   266.90 | Step Count: 780454 | Episode Q0:    38.89
Episode: 1646/7000 | Episode reward:   229.44 | Episode steps:  659 | Average reward:   248.06 | Step Count: 781113 | Episode Q0:    38.89
Episode: 1647/7000 | Episode reward:   493.18 | Episode steps: 1163 | Average reward:   266.32 | Step Count: 782276 | Episode Q0:    38.89
Episode: 1648/7000 | Episode reward:   455.05 | Episode steps: 1389 | Average reward:   285.01 | Step Count: 783665 | Episode Q0:    38.89
Episode: 1649/7000 | Episode reward:   426.96 | Episode steps: 1099 | Average reward:   274.79 | Step Count: 784764 | Episode Q0:    38.89
Episode: 1650/7000 | Episode reward:    96.31 | Episode steps:  177 | Average reward:   282.03 | Step Count: 784941 | Episode Q0:    38.89
Episode: 1651/7000 | Episode reward:   232.21 | Episode steps:  667 | Average reward:   300.33 | Step Count: 785608 | Episode Q0:    38.89
Episode: 1652/7000 | Episode reward:   248.94 | Episode steps:  682 | Average reward:   278.62 | Step Count: 786290 | Episode Q0:    38.89
Episode: 1653/7000 | Episode reward:    78.53 | Episode steps:  139 | Average reward:   269.22 | Step Count: 786429 | Episode Q0:    38.89
Episode: 1654/7000 | Episode reward:   502.21 | Episode steps: 1179 | Average reward:   283.80 | Step Count: 787608 | Episode Q0:    37.95
Episode: 1655/7000 | Episode reward:   195.86 | Episode steps:  627 | Average reward:   295.87 | Step Count: 788235 | Episode Q0:    37.95
Episode: 1656/7000 | Episode reward:   120.45 | Episode steps:  256 | Average reward:   284.97 | Step Count: 788491 | Episode Q0:    37.95
Episode: 1657/7000 | Episode reward:   320.74 | Episode steps: 1041 | Average reward:   267.73 | Step Count: 789532 | Episode Q0:    37.95
Episode: 1658/7000 | Episode reward:   239.01 | Episode steps:  686 | Average reward:   246.12 | Step Count: 790218 | Episode Q0:    37.95
Episode: 1659/7000 | Episode reward:   241.25 | Episode steps:  810 | Average reward:   227.55 | Step Count: 791028 | Episode Q0:    37.95
Episode: 1660/7000 | Episode reward:   163.45 | Episode steps:  352 | Average reward:   234.27 | Step Count: 791380 | Episode Q0:    37.95
Episode: 1661/7000 | Episode reward:   412.04 | Episode steps: 1103 | Average reward:   252.25 | Step Count: 792483 | Episode Q0:    37.95
Episode: 1662/7000 | Episode reward:   597.37 | Episode steps: 1461 | Average reward:   287.09 | Step Count: 793944 | Episode Q0:    37.95
Episode: 1663/7000 | Episode reward:   349.11 | Episode steps: 1131 | Average reward:   314.15 | Step Count: 795075 | Episode Q0:    37.95
Episode: 1664/7000 | Episode reward:   110.42 | Episode steps:  341 | Average reward:   274.97 | Step Count: 795416 | Episode Q0:    37.95
Episode: 1665/7000 | Episode reward:   275.56 | Episode steps:  856 | Average reward:   282.94 | Step Count: 796272 | Episode Q0:    37.95
Episode: 1666/7000 | Episode reward:   541.08 | Episode steps: 1493 | Average reward:   325.00 | Step Count: 797765 | Episode Q0:    37.95
Episode: 1667/7000 | Episode reward:   582.25 | Episode steps: 1894 | Average reward:   351.15 | Step Count: 799659 | Episode Q0:    37.95
Episode: 1668/7000 | Episode reward:   227.44 | Episode steps:  778 | Average reward:   350.00 | Step Count: 800437 | Episode Q0:    37.95
Episode: 1669/7000 | Episode reward:   305.82 | Episode steps:  855 | Average reward:   356.45 | Step Count: 801292 | Episode Q0:    37.95
Episode: 1670/7000 | Episode reward:   102.74 | Episode steps:  160 | Average reward:   350.38 | Step Count: 801452 | Episode Q0:    37.95
Episode: 1671/7000 | Episode reward:   411.55 | Episode steps: 1242 | Average reward:   350.33 | Step Count: 802694 | Episode Q0:    37.95
Episode: 1672/7000 | Episode reward:   376.16 | Episode steps: 1340 | Average reward:   328.21 | Step Count: 804034 | Episode Q0:    37.95
Episode: 1673/7000 | Episode reward:   468.32 | Episode steps: 1031 | Average reward:   340.13 | Step Count: 805065 | Episode Q0:    37.95
Episode: 1674/7000 | Episode reward:   441.47 | Episode steps: 1097 | Average reward:   373.24 | Step Count: 806162 | Episode Q0:    37.95
Episode: 1675/7000 | Episode reward:   199.35 | Episode steps:  398 | Average reward:   365.62 | Step Count: 806560 | Episode Q0:    37.95
Episode: 1676/7000 | Episode reward:    63.89 | Episode steps:  213 | Average reward:   317.90 | Step Count: 806773 | Episode Q0:    38.15
Episode: 1677/7000 | Episode reward:   595.64 | Episode steps: 2258 | Average reward:   319.24 | Step Count: 809031 | Episode Q0:    38.15
Episode: 1678/7000 | Episode reward:   381.55 | Episode steps: 1251 | Average reward:   334.65 | Step Count: 810282 | Episode Q0:    38.15
Episode: 1679/7000 | Episode reward:   735.41 | Episode steps: 2500 | Average reward:   377.61 | Step Count: 812782 | Episode Q0:    38.15
Episode: 1680/7000 | Episode reward:   462.98 | Episode steps: 1555 | Average reward:   413.63 | Step Count: 814337 | Episode Q0:    38.15
Episode: 1681/7000 | Episode reward:   560.51 | Episode steps: 2029 | Average reward:   428.53 | Step Count: 816366 | Episode Q0:    38.15
Episode: 1682/7000 | Episode reward:   506.08 | Episode steps: 2052 | Average reward:   441.52 | Step Count: 818418 | Episode Q0:    38.15
Episode: 1683/7000 | Episode reward:    91.82 | Episode steps:  148 | Average reward:   403.87 | Step Count: 818566 | Episode Q0:    38.15
Episode: 1684/7000 | Episode reward:   390.83 | Episode steps: 1387 | Average reward:   398.81 | Step Count: 819953 | Episode Q0:    38.15
Episode: 1685/7000 | Episode reward:   448.20 | Episode steps: 1531 | Average reward:   423.69 | Step Count: 821484 | Episode Q0:    38.15
Episode: 1686/7000 | Episode reward:   694.13 | Episode steps: 2500 | Average reward:   486.71 | Step Count: 823984 | Episode Q0:    38.15
Episode: 1687/7000 | Episode reward:   768.86 | Episode steps: 2500 | Average reward:   504.04 | Step Count: 826484 | Episode Q0:    38.15
Episode: 1688/7000 | Episode reward:   412.50 | Episode steps: 1540 | Average reward:   507.13 | Step Count: 828024 | Episode Q0:    38.15
Episode: 1689/7000 | Episode reward:   340.90 | Episode steps: 1058 | Average reward:   467.68 | Step Count: 829082 | Episode Q0:    38.15
Episode: 1690/7000 | Episode reward:   556.56 | Episode steps: 1943 | Average reward:   477.04 | Step Count: 831025 | Episode Q0:    38.15
Episode: 1691/7000 | Episode reward:   452.42 | Episode steps: 1587 | Average reward:   466.23 | Step Count: 832612 | Episode Q0:    38.15
Episode: 1692/7000 | Episode reward:   480.22 | Episode steps: 1903 | Average reward:   463.64 | Step Count: 834515 | Episode Q0:    38.15
Episode: 1693/7000 | Episode reward:   630.07 | Episode steps: 2238 | Average reward:   517.47 | Step Count: 836753 | Episode Q0:    38.15
Episode: 1694/7000 | Episode reward:   209.53 | Episode steps:  661 | Average reward:   499.34 | Step Count: 837414 | Episode Q0:    38.15
Episode: 1695/7000 | Episode reward:   684.89 | Episode steps: 2500 | Average reward:   523.01 | Step Count: 839914 | Episode Q0:    38.15
Episode: 1696/7000 | Episode reward:   690.29 | Episode steps: 2255 | Average reward:   522.62 | Step Count: 842169 | Episode Q0:    38.15
Episode: 1697/7000 | Episode reward:   486.58 | Episode steps: 1686 | Average reward:   494.40 | Step Count: 843855 | Episode Q0:    38.15
Episode: 1698/7000 | Episode reward:   523.88 | Episode steps: 1729 | Average reward:   505.53 | Step Count: 845584 | Episode Q0:    37.65
Episode: 1699/7000 | Episode reward:   132.26 | Episode steps:  332 | Average reward:   484.67 | Step Count: 845916 | Episode Q0:    37.65
Episode: 1700/7000 | Episode reward:   726.90 | Episode steps: 2174 | Average reward:   501.70 | Step Count: 848090 | Episode Q0:    37.65
Episode: 1701/7000 | Episode reward:   771.57 | Episode steps: 2500 | Average reward:   533.62 | Step Count: 850590 | Episode Q0:    37.65
Episode: 1702/7000 | Episode reward:   272.39 | Episode steps:  815 | Average reward:   512.84 | Step Count: 851405 | Episode Q0:    37.65
Episode: 1703/7000 | Episode reward:   784.05 | Episode steps: 2500 | Average reward:   528.23 | Step Count: 853905 | Episode Q0:    37.65
Episode: 1704/7000 | Episode reward:   259.02 | Episode steps:  412 | Average reward:   533.18 | Step Count: 854317 | Episode Q0:    37.65
Episode: 1705/7000 | Episode reward:   546.37 | Episode steps: 1935 | Average reward:   519.33 | Step Count: 856252 | Episode Q0:    37.65
Episode: 1706/7000 | Episode reward:   679.43 | Episode steps: 2249 | Average reward:   518.25 | Step Count: 858501 | Episode Q0:    37.65
Episode: 1707/7000 | Episode reward:   869.64 | Episode steps: 2500 | Average reward:   556.55 | Step Count: 861001 | Episode Q0:    37.65
Episode: 1708/7000 | Episode reward:   560.58 | Episode steps: 2500 | Average reward:   560.22 | Step Count: 863501 | Episode Q0:    37.65
Episode: 1709/7000 | Episode reward:   689.03 | Episode steps: 2500 | Average reward:   615.90 | Step Count: 866001 | Episode Q0:    37.65
Episode: 1710/7000 | Episode reward:   666.60 | Episode steps: 2227 | Average reward:   609.87 | Step Count: 868228 | Episode Q0:    37.65
Episode: 1711/7000 | Episode reward:   397.23 | Episode steps: 1516 | Average reward:   572.43 | Step Count: 869744 | Episode Q0:    37.65
Episode: 1712/7000 | Episode reward:   140.19 | Episode steps:  177 | Average reward:   559.21 | Step Count: 869921 | Episode Q0:    37.65
Episode: 1713/7000 | Episode reward:   372.97 | Episode steps: 1070 | Average reward:   518.11 | Step Count: 870991 | Episode Q0:    37.65
Episode: 1714/7000 | Episode reward:   562.30 | Episode steps: 2500 | Average reward:   548.43 | Step Count: 873491 | Episode Q0:    37.65
Episode: 1715/7000 | Episode reward:   242.83 | Episode steps:  299 | Average reward:   518.08 | Step Count: 873790 | Episode Q0:    37.65
Episode: 1716/7000 | Episode reward:   487.51 | Episode steps: 1736 | Average reward:   498.89 | Step Count: 875526 | Episode Q0:    37.65
Episode: 1717/7000 | Episode reward:   364.23 | Episode steps: 1505 | Average reward:   448.35 | Step Count: 877031 | Episode Q0:    37.65
Episode: 1718/7000 | Episode reward:   707.51 | Episode steps: 2415 | Average reward:   463.04 | Step Count: 879446 | Episode Q0:    37.65
Episode: 1719/7000 | Episode reward:   635.77 | Episode steps: 2500 | Average reward:   457.71 | Step Count: 881946 | Episode Q0:    37.65
Episode: 1720/7000 | Episode reward:   837.33 | Episode steps: 2500 | Average reward:   474.79 | Step Count: 884446 | Episode Q0:    37.68
Episode: 1721/7000 | Episode reward:   359.46 | Episode steps: 1668 | Average reward:   471.01 | Step Count: 886114 | Episode Q0:    37.68
Episode: 1722/7000 | Episode reward:   708.84 | Episode steps: 2500 | Average reward:   527.87 | Step Count: 888614 | Episode Q0:    37.68
Episode: 1723/7000 | Episode reward:   670.86 | Episode steps: 2375 | Average reward:   557.66 | Step Count: 890989 | Episode Q0:    37.68
Episode: 1724/7000 | Episode reward:   648.54 | Episode steps: 2500 | Average reward:   566.29 | Step Count: 893489 | Episode Q0:    37.68
Episode: 1725/7000 | Episode reward:   754.08 | Episode steps: 2500 | Average reward:   617.41 | Step Count: 895989 | Episode Q0:    37.68
Episode: 1726/7000 | Episode reward:   693.05 | Episode steps: 2500 | Average reward:   637.97 | Step Count: 898489 | Episode Q0:    37.68
Episode: 1727/7000 | Episode reward:   612.90 | Episode steps: 2500 | Average reward:   662.83 | Step Count: 900989 | Episode Q0:    37.68
Episode: 1728/7000 | Episode reward:   629.05 | Episode steps: 2212 | Average reward:   654.99 | Step Count: 903201 | Episode Q0:    37.68
Episode: 1729/7000 | Episode reward:   713.40 | Episode steps: 2500 | Average reward:   662.75 | Step Count: 905701 | Episode Q0:    37.68
Episode: 1730/7000 | Episode reward:   664.71 | Episode steps: 2500 | Average reward:   645.49 | Step Count: 908201 | Episode Q0:    37.68
Episode: 1731/7000 | Episode reward:    85.97 | Episode steps:  148 | Average reward:   618.14 | Step Count: 908349 | Episode Q0:    37.68
Episode: 1732/7000 | Episode reward:   643.78 | Episode steps: 2500 | Average reward:   611.63 | Step Count: 910849 | Episode Q0:    37.68
Episode: 1733/7000 | Episode reward:   686.00 | Episode steps: 2500 | Average reward:   613.15 | Step Count: 913349 | Episode Q0:    37.68
Episode: 1734/7000 | Episode reward:   309.54 | Episode steps: 1326 | Average reward:   579.25 | Step Count: 914675 | Episode Q0:    37.68
Episode: 1735/7000 | Episode reward:   685.44 | Episode steps: 2500 | Average reward:   572.39 | Step Count: 917175 | Episode Q0:    37.68
Episode: 1736/7000 | Episode reward:   688.66 | Episode steps: 2500 | Average reward:   571.95 | Step Count: 919675 | Episode Q0:    37.68
Episode: 1737/7000 | Episode reward:   143.45 | Episode steps:  294 | Average reward:   525.00 | Step Count: 919969 | Episode Q0:    37.68
Episode: 1738/7000 | Episode reward:   782.06 | Episode steps: 2500 | Average reward:   540.30 | Step Count: 922469 | Episode Q0:    37.68
Episode: 1739/7000 | Episode reward:   645.94 | Episode steps: 2500 | Average reward:   533.56 | Step Count: 924969 | Episode Q0:    37.68
Episode: 1740/7000 | Episode reward:   799.74 | Episode steps: 2500 | Average reward:   547.06 | Step Count: 927469 | Episode Q0:    37.68
Episode: 1741/7000 | Episode reward:   671.14 | Episode steps: 2500 | Average reward:   605.57 | Step Count: 929969 | Episode Q0:    37.68
Episode: 1742/7000 | Episode reward:   709.12 | Episode steps: 2500 | Average reward:   612.11 | Step Count: 932469 | Episode Q0:    36.76
Episode: 1743/7000 | Episode reward:   546.77 | Episode steps: 2500 | Average reward:   598.19 | Step Count: 934969 | Episode Q0:    36.76
Episode: 1744/7000 | Episode reward:   644.99 | Episode steps: 2500 | Average reward:   631.73 | Step Count: 937469 | Episode Q0:    36.76
Episode: 1745/7000 | Episode reward:   656.44 | Episode steps: 2500 | Average reward:   628.83 | Step Count: 939969 | Episode Q0:    36.76
Episode: 1746/7000 | Episode reward:   780.14 | Episode steps: 2500 | Average reward:   637.98 | Step Count: 942469 | Episode Q0:    36.76
Episode: 1747/7000 | Episode reward:   685.27 | Episode steps: 2500 | Average reward:   692.16 | Step Count: 944969 | Episode Q0:    36.76
Episode: 1748/7000 | Episode reward:   949.44 | Episode steps: 2500 | Average reward:   708.90 | Step Count: 947469 | Episode Q0:    36.76
Episode: 1749/7000 | Episode reward:   597.68 | Episode steps: 2500 | Average reward:   704.07 | Step Count: 949969 | Episode Q0:    36.76
Episode: 1750/7000 | Episode reward:   588.42 | Episode steps: 2500 | Average reward:   682.94 | Step Count: 952469 | Episode Q0:    36.76
Episode: 1751/7000 | Episode reward:   625.27 | Episode steps: 2500 | Average reward:   678.35 | Step Count: 954969 | Episode Q0:    36.76
Episode: 1752/7000 | Episode reward:   714.54 | Episode steps: 2500 | Average reward:   678.90 | Step Count: 957469 | Episode Q0:    36.76
Episode: 1753/7000 | Episode reward:   728.86 | Episode steps: 2500 | Average reward:   697.10 | Step Count: 959969 | Episode Q0:    36.76
Episode: 1754/7000 | Episode reward:   608.08 | Episode steps: 2500 | Average reward:   693.41 | Step Count: 962469 | Episode Q0:    36.76
Episode: 1755/7000 | Episode reward:   800.37 | Episode steps: 2500 | Average reward:   707.81 | Step Count: 964969 | Episode Q0:    36.76
Episode: 1756/7000 | Episode reward:   710.97 | Episode steps: 2500 | Average reward:   700.89 | Step Count: 967469 | Episode Q0:    36.76
Episode: 1757/7000 | Episode reward:   635.76 | Episode steps: 2500 | Average reward:   695.94 | Step Count: 969969 | Episode Q0:    36.76
Episode: 1758/7000 | Episode reward:   676.61 | Episode steps: 2500 | Average reward:   668.66 | Step Count: 972469 | Episode Q0:    36.76
Episode: 1759/7000 | Episode reward:   572.75 | Episode steps: 2500 | Average reward:   666.16 | Step Count: 974969 | Episode Q0:    36.76
Episode: 1760/7000 | Episode reward:   779.29 | Episode steps: 2500 | Average reward:   685.25 | Step Count: 977469 | Episode Q0:    36.76
Episode: 1761/7000 | Episode reward:   813.42 | Episode steps: 2500 | Average reward:   704.07 | Step Count: 979969 | Episode Q0:    36.76
Episode: 1762/7000 | Episode reward:   649.85 | Episode steps: 2500 | Average reward:   697.60 | Step Count: 982469 | Episode Q0:    36.76
Episode: 1763/7000 | Episode reward:   734.70 | Episode steps: 2500 | Average reward:   698.18 | Step Count: 984969 | Episode Q0:    36.76
Episode: 1764/7000 | Episode reward:   115.89 | Episode steps:  164 | Average reward:   648.96 | Step Count: 985133 | Episode Q0:    36.76
Episode: 1765/7000 | Episode reward:   676.25 | Episode steps: 2500 | Average reward:   636.55 | Step Count: 987633 | Episode Q0:    38.81
Episode: 1766/7000 | Episode reward:   756.73 | Episode steps: 2500 | Average reward:   641.12 | Step Count: 990133 | Episode Q0:    38.81
Episode: 1767/7000 | Episode reward:   693.67 | Episode steps: 2500 | Average reward:   646.92 | Step Count: 992633 | Episode Q0:    38.81
Episode: 1768/7000 | Episode reward:   614.73 | Episode steps: 2500 | Average reward:   640.73 | Step Count: 995133 | Episode Q0:    38.81
Episode: 1769/7000 | Episode reward:   610.23 | Episode steps: 2500 | Average reward:   644.47 | Step Count: 997633 | Episode Q0:    38.81
Episode: 1770/7000 | Episode reward:   814.49 | Episode steps: 2500 | Average reward:   647.99 | Step Count: 1000133 | Episode Q0:    38.81
Episode: 1771/7000 | Episode reward:   718.48 | Episode steps: 2500 | Average reward:   638.50 | Step Count: 1002633 | Episode Q0:    38.81
Episode: 1772/7000 | Episode reward:   598.66 | Episode steps: 2500 | Average reward:   633.38 | Step Count: 1005133 | Episode Q0:    38.81
Episode: 1773/7000 | Episode reward:   631.36 | Episode steps: 2500 | Average reward:   623.05 | Step Count: 1007633 | Episode Q0:    38.81
Episode: 1774/7000 | Episode reward:   712.25 | Episode steps: 2500 | Average reward:   682.68 | Step Count: 1010133 | Episode Q0:    38.81
Episode: 1775/7000 | Episode reward:   735.34 | Episode steps: 2500 | Average reward:   688.59 | Step Count: 1012633 | Episode Q0:    38.81
Episode: 1776/7000 | Episode reward:   806.73 | Episode steps: 2500 | Average reward:   693.59 | Step Count: 1015133 | Episode Q0:    38.81
Episode: 1777/7000 | Episode reward:   761.16 | Episode steps: 2500 | Average reward:   700.34 | Step Count: 1017633 | Episode Q0:    38.81
Episode: 1778/7000 | Episode reward:   800.48 | Episode steps: 2500 | Average reward:   718.92 | Step Count: 1020133 | Episode Q0:    38.81
Episode: 1779/7000 | Episode reward:   664.04 | Episode steps: 2500 | Average reward:   724.30 | Step Count: 1022633 | Episode Q0:    38.81
Episode: 1780/7000 | Episode reward:   747.83 | Episode steps: 2500 | Average reward:   717.63 | Step Count: 1025133 | Episode Q0:    38.81
Episode: 1781/7000 | Episode reward:   733.86 | Episode steps: 2500 | Average reward:   719.17 | Step Count: 1027633 | Episode Q0:    38.81
Episode: 1782/7000 | Episode reward:   644.70 | Episode steps: 2500 | Average reward:   723.77 | Step Count: 1030133 | Episode Q0:    38.81
Episode: 1783/7000 | Episode reward:   162.44 | Episode steps:  235 | Average reward:   676.88 | Step Count: 1030368 | Episode Q0:    38.81
Episode: 1784/7000 | Episode reward:   748.01 | Episode steps: 2500 | Average reward:   680.46 | Step Count: 1032868 | Episode Q0:    38.81
Episode: 1785/7000 | Episode reward:   648.75 | Episode steps: 2500 | Average reward:   671.80 | Step Count: 1035368 | Episode Q0:    38.81
Episode: 1786/7000 | Episode reward:   609.83 | Episode steps: 2500 | Average reward:   652.11 | Step Count: 1037868 | Episode Q0:    38.66
Episode: 1787/7000 | Episode reward:   727.95 | Episode steps: 2500 | Average reward:   648.79 | Step Count: 1040368 | Episode Q0:    38.66
Episode: 1788/7000 | Episode reward:   752.75 | Episode steps: 2500 | Average reward:   644.01 | Step Count: 1042868 | Episode Q0:    38.66
Episode: 1789/7000 | Episode reward:   671.30 | Episode steps: 2500 | Average reward:   644.74 | Step Count: 1045368 | Episode Q0:    38.66
Episode: 1790/7000 | Episode reward:   669.78 | Episode steps: 2500 | Average reward:   636.94 | Step Count: 1047868 | Episode Q0:    38.66
Episode: 1791/7000 | Episode reward:   682.79 | Episode steps: 2500 | Average reward:   631.83 | Step Count: 1050368 | Episode Q0:    38.66
Episode: 1792/7000 | Episode reward:   717.89 | Episode steps: 2500 | Average reward:   639.15 | Step Count: 1052868 | Episode Q0:    38.66
Episode: 1793/7000 | Episode reward:   673.25 | Episode steps: 2500 | Average reward:   690.23 | Step Count: 1055368 | Episode Q0:    38.66
Episode: 1794/7000 | Episode reward:   636.85 | Episode steps: 2500 | Average reward:   679.11 | Step Count: 1057868 | Episode Q0:    38.66
Episode: 1795/7000 | Episode reward:   729.96 | Episode steps: 2500 | Average reward:   687.24 | Step Count: 1060368 | Episode Q0:    38.66
Episode: 1796/7000 | Episode reward:   721.19 | Episode steps: 2500 | Average reward:   698.37 | Step Count: 1062868 | Episode Q0:    38.66
Episode: 1797/7000 | Episode reward:   744.07 | Episode steps: 2500 | Average reward:   699.98 | Step Count: 1065368 | Episode Q0:    38.66
Episode: 1798/7000 | Episode reward:   717.44 | Episode steps: 2500 | Average reward:   696.45 | Step Count: 1067868 | Episode Q0:    38.66
Episode: 1799/7000 | Episode reward:    77.92 | Episode steps:  220 | Average reward:   637.11 | Step Count: 1068088 | Episode Q0:    38.66
Episode: 1800/7000 | Episode reward:   688.34 | Episode steps: 2500 | Average reward:   638.97 | Step Count: 1070588 | Episode Q0:    38.66
Episode: 1801/7000 | Episode reward:   818.80 | Episode steps: 2500 | Average reward:   652.57 | Step Count: 1073088 | Episode Q0:    38.66
Episode: 1802/7000 | Episode reward:   730.38 | Episode steps: 2500 | Average reward:   653.82 | Step Count: 1075588 | Episode Q0:    38.66
Episode: 1803/7000 | Episode reward:   680.09 | Episode steps: 2500 | Average reward:   654.50 | Step Count: 1078088 | Episode Q0:    38.66
Episode: 1804/7000 | Episode reward:   726.95 | Episode steps: 2500 | Average reward:   663.51 | Step Count: 1080588 | Episode Q0:    38.66
Episode: 1805/7000 | Episode reward:   682.92 | Episode steps: 2500 | Average reward:   658.81 | Step Count: 1083088 | Episode Q0:    38.66
Episode: 1806/7000 | Episode reward:   648.16 | Episode steps: 2500 | Average reward:   651.50 | Step Count: 1085588 | Episode Q0:    38.66
Episode: 1807/7000 | Episode reward:   725.35 | Episode steps: 2500 | Average reward:   649.63 | Step Count: 1088088 | Episode Q0:    38.66
Episode: 1808/7000 | Episode reward:   682.03 | Episode steps: 2500 | Average reward:   646.09 | Step Count: 1090588 | Episode Q0:    38.66
Episode: 1809/7000 | Episode reward:   563.46 | Episode steps: 2500 | Average reward:   694.65 | Step Count: 1093088 | Episode Q0:    36.62
Episode: 1810/7000 | Episode reward:   747.85 | Episode steps: 2500 | Average reward:   700.60 | Step Count: 1095588 | Episode Q0:    36.62
Episode: 1811/7000 | Episode reward:   758.34 | Episode steps: 2500 | Average reward:   694.55 | Step Count: 1098088 | Episode Q0:    36.62
Episode: 1812/7000 | Episode reward:   740.68 | Episode steps: 2500 | Average reward:   695.58 | Step Count: 1100588 | Episode Q0:    36.62
Episode: 1813/7000 | Episode reward:   775.69 | Episode steps: 2500 | Average reward:   705.14 | Step Count: 1103088 | Episode Q0:    36.62
Episode: 1814/7000 | Episode reward:   757.02 | Episode steps: 2500 | Average reward:   708.15 | Step Count: 1105588 | Episode Q0:    36.62
Episode: 1815/7000 | Episode reward:   766.30 | Episode steps: 2500 | Average reward:   716.49 | Step Count: 1108088 | Episode Q0:    36.62
Episode: 1816/7000 | Episode reward:   771.87 | Episode steps: 2500 | Average reward:   728.86 | Step Count: 1110588 | Episode Q0:    36.62
Episode: 1817/7000 | Episode reward:   734.55 | Episode steps: 2500 | Average reward:   729.78 | Step Count: 1113088 | Episode Q0:    36.62
Episode: 1818/7000 | Episode reward:   689.84 | Episode steps: 2500 | Average reward:   730.56 | Step Count: 1115588 | Episode Q0:    36.62
Episode: 1819/7000 | Episode reward:    85.76 | Episode steps:  212 | Average reward:   682.79 | Step Count: 1115800 | Episode Q0:    36.62
Episode: 1820/7000 | Episode reward:   807.48 | Episode steps: 2500 | Average reward:   688.75 | Step Count: 1118300 | Episode Q0:    36.62
Episode: 1821/7000 | Episode reward:   142.49 | Episode steps:  210 | Average reward:   627.17 | Step Count: 1118510 | Episode Q0:    36.62
Episode: 1822/7000 | Episode reward:   723.86 | Episode steps: 2500 | Average reward:   625.49 | Step Count: 1121010 | Episode Q0:    36.62
Episode: 1823/7000 | Episode reward:   644.71 | Episode steps: 2500 | Average reward:   612.39 | Step Count: 1123510 | Episode Q0:    36.62
Episode: 1824/7000 | Episode reward:   890.59 | Episode steps: 2500 | Average reward:   625.74 | Step Count: 1126010 | Episode Q0:    36.62
Episode: 1825/7000 | Episode reward:   550.19 | Episode steps: 2500 | Average reward:   604.13 | Step Count: 1128510 | Episode Q0:    36.62
Episode: 1826/7000 | Episode reward:   864.39 | Episode steps: 2500 | Average reward:   613.39 | Step Count: 1131010 | Episode Q0:    36.62
Episode: 1827/7000 | Episode reward:   728.44 | Episode steps: 2500 | Average reward:   612.78 | Step Count: 1133510 | Episode Q0:    36.62
Episode: 1828/7000 | Episode reward:   771.31 | Episode steps: 2500 | Average reward:   620.92 | Step Count: 1136010 | Episode Q0:    36.62
Episode: 1829/7000 | Episode reward:   645.07 | Episode steps: 2500 | Average reward:   676.85 | Step Count: 1138510 | Episode Q0:    36.62
Episode: 1830/7000 | Episode reward:   641.47 | Episode steps: 2500 | Average reward:   660.25 | Step Count: 1141010 | Episode Q0:    39.46
Episode: 1831/7000 | Episode reward:   744.86 | Episode steps: 2500 | Average reward:   720.49 | Step Count: 1143510 | Episode Q0:    39.46
Episode: 1832/7000 | Episode reward:   771.29 | Episode steps: 2500 | Average reward:   725.23 | Step Count: 1146010 | Episode Q0:    39.46
Episode: 1833/7000 | Episode reward:   785.33 | Episode steps: 2500 | Average reward:   739.30 | Step Count: 1148510 | Episode Q0:    39.46
Episode: 1834/7000 | Episode reward:   721.42 | Episode steps: 2500 | Average reward:   722.38 | Step Count: 1151010 | Episode Q0:    39.46
Episode: 1835/7000 | Episode reward:   789.21 | Episode steps: 2500 | Average reward:   746.28 | Step Count: 1153510 | Episode Q0:    39.46
Episode: 1836/7000 | Episode reward:   721.60 | Episode steps: 2500 | Average reward:   732.00 | Step Count: 1156010 | Episode Q0:    39.46
Episode: 1837/7000 | Episode reward:   918.65 | Episode steps: 2500 | Average reward:   751.02 | Step Count: 1158510 | Episode Q0:    39.46
Episode: 1838/7000 | Episode reward:   691.18 | Episode steps: 2500 | Average reward:   743.01 | Step Count: 1161010 | Episode Q0:    39.46
Episode: 1839/7000 | Episode reward:   626.33 | Episode steps: 2500 | Average reward:   741.14 | Step Count: 1163510 | Episode Q0:    39.46
Episode: 1840/7000 | Episode reward:   662.18 | Episode steps: 2500 | Average reward:   743.21 | Step Count: 1166010 | Episode Q0:    39.46
Episode: 1841/7000 | Episode reward:   827.17 | Episode steps: 2500 | Average reward:   751.44 | Step Count: 1168510 | Episode Q0:    39.46
Episode: 1842/7000 | Episode reward:   831.77 | Episode steps: 2500 | Average reward:   757.49 | Step Count: 1171010 | Episode Q0:    39.46
Episode: 1843/7000 | Episode reward:   731.98 | Episode steps: 2500 | Average reward:   752.15 | Step Count: 1173510 | Episode Q0:    39.46
Episode: 1844/7000 | Episode reward:   666.46 | Episode steps: 2500 | Average reward:   746.66 | Step Count: 1176010 | Episode Q0:    39.46
Episode: 1845/7000 | Episode reward:   734.84 | Episode steps: 2500 | Average reward:   741.22 | Step Count: 1178510 | Episode Q0:    39.46
Episode: 1846/7000 | Episode reward:   738.74 | Episode steps: 2500 | Average reward:   742.93 | Step Count: 1181010 | Episode Q0:    39.46
Episode: 1847/7000 | Episode reward:   735.91 | Episode steps: 2500 | Average reward:   724.66 | Step Count: 1183510 | Episode Q0:    39.46
Episode: 1848/7000 | Episode reward:   104.24 | Episode steps:  193 | Average reward:   665.96 | Step Count: 1183703 | Episode Q0:    39.46
Episode: 1849/7000 | Episode reward:   720.36 | Episode steps: 2500 | Average reward:   675.37 | Step Count: 1186203 | Episode Q0:    39.46
Episode: 1850/7000 | Episode reward:   812.09 | Episode steps: 2500 | Average reward:   690.36 | Step Count: 1188703 | Episode Q0:    39.46
Episode: 1851/7000 | Episode reward:   710.69 | Episode steps: 2500 | Average reward:   678.71 | Step Count: 1191203 | Episode Q0:    39.46
Episode: 1852/7000 | Episode reward:   658.65 | Episode steps: 2500 | Average reward:   661.40 | Step Count: 1193703 | Episode Q0:    39.46
Episode: 1853/7000 | Episode reward:   717.38 | Episode steps: 2500 | Average reward:   659.94 | Step Count: 1196203 | Episode Q0:    37.74
Episode: 1854/7000 | Episode reward:   617.55 | Episode steps: 2500 | Average reward:   655.04 | Step Count: 1198703 | Episode Q0:    37.74
Episode: 1855/7000 | Episode reward:   688.19 | Episode steps: 2500 | Average reward:   650.38 | Step Count: 1201203 | Episode Q0:    37.74
Episode: 1856/7000 | Episode reward:   752.90 | Episode steps: 2500 | Average reward:   651.80 | Step Count: 1203703 | Episode Q0:    37.74
Episode: 1857/7000 | Episode reward:   734.33 | Episode steps: 2500 | Average reward:   651.64 | Step Count: 1206203 | Episode Q0:    37.74
Episode: 1858/7000 | Episode reward:   684.14 | Episode steps: 2500 | Average reward:   709.63 | Step Count: 1208703 | Episode Q0:    37.74
Episode: 1859/7000 | Episode reward:   770.45 | Episode steps: 2500 | Average reward:   714.64 | Step Count: 1211203 | Episode Q0:    37.74
Episode: 1860/7000 | Episode reward:   722.45 | Episode steps: 2500 | Average reward:   705.67 | Step Count: 1213703 | Episode Q0:    37.74
Episode: 1861/7000 | Episode reward:   771.84 | Episode steps: 2500 | Average reward:   711.79 | Step Count: 1216203 | Episode Q0:    37.74
Episode: 1862/7000 | Episode reward:   737.86 | Episode steps: 2500 | Average reward:   719.71 | Step Count: 1218703 | Episode Q0:    37.74
Episode: 1863/7000 | Episode reward:   855.24 | Episode steps: 2500 | Average reward:   733.49 | Step Count: 1221203 | Episode Q0:    37.74
Episode: 1864/7000 | Episode reward:   120.19 | Episode steps:  238 | Average reward:   683.76 | Step Count: 1221441 | Episode Q0:    37.74
Episode: 1865/7000 | Episode reward:   669.76 | Episode steps: 2500 | Average reward:   681.92 | Step Count: 1223941 | Episode Q0:    37.74
Episode: 1866/7000 | Episode reward:   751.22 | Episode steps: 2500 | Average reward:   681.75 | Step Count: 1226441 | Episode Q0:    37.74
Episode: 1867/7000 | Episode reward:   812.57 | Episode steps: 2500 | Average reward:   689.57 | Step Count: 1228941 | Episode Q0:    37.74
Episode: 1868/7000 | Episode reward:   719.77 | Episode steps: 2500 | Average reward:   693.13 | Step Count: 1231441 | Episode Q0:    37.74
Episode: 1869/7000 | Episode reward:   858.77 | Episode steps: 2500 | Average reward:   701.97 | Step Count: 1233941 | Episode Q0:    37.74
Episode: 1870/7000 | Episode reward:   770.41 | Episode steps: 2500 | Average reward:   706.76 | Step Count: 1236441 | Episode Q0:    37.74
Episode: 1871/7000 | Episode reward:   746.97 | Episode steps: 2500 | Average reward:   704.28 | Step Count: 1238941 | Episode Q0:    37.74
Episode: 1872/7000 | Episode reward:   784.45 | Episode steps: 2500 | Average reward:   708.93 | Step Count: 1241441 | Episode Q0:    37.74
Episode: 1873/7000 | Episode reward:   614.23 | Episode steps: 2500 | Average reward:   684.83 | Step Count: 1243941 | Episode Q0:    37.74
Episode: 1874/7000 | Episode reward:    99.62 | Episode steps:  179 | Average reward:   682.78 | Step Count: 1244120 | Episode Q0:    37.74
Episode: 1875/7000 | Episode reward:   837.60 | Episode steps: 2500 | Average reward:   699.56 | Step Count: 1246620 | Episode Q0:    37.75
Episode: 1876/7000 | Episode reward:   781.17 | Episode steps: 2500 | Average reward:   702.56 | Step Count: 1249120 | Episode Q0:    37.75
Episode: 1877/7000 | Episode reward:   812.62 | Episode steps: 2500 | Average reward:   702.56 | Step Count: 1251620 | Episode Q0:    37.75
Episode: 1878/7000 | Episode reward:   750.82 | Episode steps: 2500 | Average reward:   705.67 | Step Count: 1254120 | Episode Q0:    37.75
Episode: 1879/7000 | Episode reward:   691.03 | Episode steps: 2500 | Average reward:   688.89 | Step Count: 1256620 | Episode Q0:    37.75
Episode: 1880/7000 | Episode reward:   737.34 | Episode steps: 2500 | Average reward:   685.59 | Step Count: 1259120 | Episode Q0:    37.75
Episode: 1881/7000 | Episode reward:   717.60 | Episode steps: 2500 | Average reward:   682.65 | Step Count: 1261620 | Episode Q0:    37.75
Episode: 1882/7000 | Episode reward:   795.11 | Episode steps: 2500 | Average reward:   683.71 | Step Count: 1264120 | Episode Q0:    37.75
Episode: 1883/7000 | Episode reward:   763.84 | Episode steps: 2500 | Average reward:   698.67 | Step Count: 1266620 | Episode Q0:    37.75
Episode: 1884/7000 | Episode reward:   738.44 | Episode steps: 2500 | Average reward:   762.56 | Step Count: 1269120 | Episode Q0:    37.75
Episode: 1885/7000 | Episode reward:   854.88 | Episode steps: 2500 | Average reward:   764.28 | Step Count: 1271620 | Episode Q0:    37.75
Episode: 1886/7000 | Episode reward:   780.71 | Episode steps: 2500 | Average reward:   764.24 | Step Count: 1274120 | Episode Q0:    37.75
Episode: 1887/7000 | Episode reward:   723.02 | Episode steps: 2500 | Average reward:   755.28 | Step Count: 1276620 | Episode Q0:    37.75
Episode: 1888/7000 | Episode reward:   750.80 | Episode steps: 2500 | Average reward:   755.28 | Step Count: 1279120 | Episode Q0:    37.75
Episode: 1889/7000 | Episode reward:   742.18 | Episode steps: 2500 | Average reward:   760.39 | Step Count: 1281620 | Episode Q0:    37.75
Episode: 1890/7000 | Episode reward:    37.18 | Episode steps:  174 | Average reward:   690.37 | Step Count: 1281794 | Episode Q0:    37.75
Episode: 1891/7000 | Episode reward:   830.14 | Episode steps: 2500 | Average reward:   701.63 | Step Count: 1284294 | Episode Q0:    37.75
Episode: 1892/7000 | Episode reward:   910.04 | Episode steps: 2500 | Average reward:   713.12 | Step Count: 1286794 | Episode Q0:    37.75
Episode: 1893/7000 | Episode reward:   771.16 | Episode steps: 2500 | Average reward:   713.85 | Step Count: 1289294 | Episode Q0:    37.75
Episode: 1894/7000 | Episode reward:   803.08 | Episode steps: 2500 | Average reward:   720.32 | Step Count: 1291794 | Episode Q0:    37.75
Episode: 1895/7000 | Episode reward:   714.22 | Episode steps: 2500 | Average reward:   706.25 | Step Count: 1294294 | Episode Q0:    37.75
Episode: 1896/7000 | Episode reward:   765.94 | Episode steps: 2500 | Average reward:   704.77 | Step Count: 1296794 | Episode Q0:    37.75
Episode: 1897/7000 | Episode reward:   780.29 | Episode steps: 2500 | Average reward:   710.50 | Step Count: 1299294 | Episode Q0:    40.81
Episode: 1898/7000 | Episode reward:   526.18 | Episode steps: 2500 | Average reward:   688.04 | Step Count: 1301794 | Episode Q0:    40.81
Episode: 1899/7000 | Episode reward:   667.98 | Episode steps: 2500 | Average reward:   680.62 | Step Count: 1304294 | Episode Q0:    40.81
Episode: 1900/7000 | Episode reward:   585.51 | Episode steps: 2500 | Average reward:   735.46 | Step Count: 1306794 | Episode Q0:    40.81
Episode: 1901/7000 | Episode reward:   615.89 | Episode steps: 2500 | Average reward:   714.03 | Step Count: 1309294 | Episode Q0:    40.81
Episode: 1902/7000 | Episode reward:   685.74 | Episode steps: 2500 | Average reward:   691.60 | Step Count: 1311794 | Episode Q0:    40.81
Episode: 1903/7000 | Episode reward:   645.42 | Episode steps: 2500 | Average reward:   679.03 | Step Count: 1314294 | Episode Q0:    40.81
Episode: 1904/7000 | Episode reward:   731.18 | Episode steps: 2500 | Average reward:   671.84 | Step Count: 1316794 | Episode Q0:    40.81
Episode: 1905/7000 | Episode reward:   137.31 | Episode steps:  203 | Average reward:   614.14 | Step Count: 1316997 | Episode Q0:    40.81
Episode: 1906/7000 | Episode reward:   709.89 | Episode steps: 2500 | Average reward:   608.54 | Step Count: 1319497 | Episode Q0:    40.81
Episode: 1907/7000 | Episode reward:   510.68 | Episode steps: 2500 | Average reward:   581.58 | Step Count: 1321997 | Episode Q0:    40.81
Episode: 1908/7000 | Episode reward:   459.53 | Episode steps: 2500 | Average reward:   574.91 | Step Count: 1324497 | Episode Q0:    40.81
Episode: 1909/7000 | Episode reward:   655.15 | Episode steps: 2500 | Average reward:   573.63 | Step Count: 1326997 | Episode Q0:    40.81
Episode: 1910/7000 | Episode reward:   659.68 | Episode steps: 2500 | Average reward:   581.05 | Step Count: 1329497 | Episode Q0:    40.81
Episode: 1911/7000 | Episode reward:   647.62 | Episode steps: 2500 | Average reward:   584.22 | Step Count: 1331997 | Episode Q0:    40.81
Episode: 1912/7000 | Episode reward:   585.14 | Episode steps: 2500 | Average reward:   574.16 | Step Count: 1334497 | Episode Q0:    40.81
Episode: 1913/7000 | Episode reward:   671.47 | Episode steps: 2500 | Average reward:   576.76 | Step Count: 1336997 | Episode Q0:    40.81
Episode: 1914/7000 | Episode reward:   526.70 | Episode steps: 2500 | Average reward:   556.32 | Step Count: 1339497 | Episode Q0:    40.81
Episode: 1915/7000 | Episode reward:   660.07 | Episode steps: 2500 | Average reward:   608.59 | Step Count: 1341997 | Episode Q0:    40.81
Episode: 1916/7000 | Episode reward:   623.26 | Episode steps: 2500 | Average reward:   599.93 | Step Count: 1344497 | Episode Q0:    40.81
Episode: 1917/7000 | Episode reward:   458.68 | Episode steps: 2500 | Average reward:   594.73 | Step Count: 1346997 | Episode Q0:    40.81
Episode: 1918/7000 | Episode reward:   665.94 | Episode steps: 2500 | Average reward:   615.37 | Step Count: 1349497 | Episode Q0:    40.81
Episode: 1919/7000 | Episode reward:   777.73 | Episode steps: 2500 | Average reward:   627.63 | Step Count: 1351997 | Episode Q0:    37.24
Episode: 1920/7000 | Episode reward:   686.85 | Episode steps: 2500 | Average reward:   630.35 | Step Count: 1354497 | Episode Q0:    37.24
Episode: 1921/7000 | Episode reward:   740.19 | Episode steps: 2500 | Average reward:   639.60 | Step Count: 1356997 | Episode Q0:    37.24
Episode: 1922/7000 | Episode reward:   719.19 | Episode steps: 2500 | Average reward:   653.01 | Step Count: 1359497 | Episode Q0:    37.24
Episode: 1923/7000 | Episode reward:   787.29 | Episode steps: 2500 | Average reward:   664.59 | Step Count: 1361997 | Episode Q0:    37.24
Episode: 1924/7000 | Episode reward:   835.99 | Episode steps: 2500 | Average reward:   695.52 | Step Count: 1364497 | Episode Q0:    37.24
Episode: 1925/7000 | Episode reward:   793.90 | Episode steps: 2500 | Average reward:   708.90 | Step Count: 1366997 | Episode Q0:    37.24
Episode: 1926/7000 | Episode reward:   749.52 | Episode steps: 2500 | Average reward:   721.53 | Step Count: 1369497 | Episode Q0:    37.24
Episode: 1927/7000 | Episode reward:   784.25 | Episode steps: 2500 | Average reward:   754.08 | Step Count: 1371997 | Episode Q0:    37.24
Episode: 1928/7000 | Episode reward:   805.82 | Episode steps: 2500 | Average reward:   768.07 | Step Count: 1374497 | Episode Q0:    37.24
Episode: 1929/7000 | Episode reward:   738.53 | Episode steps: 2500 | Average reward:   764.15 | Step Count: 1376997 | Episode Q0:    37.24
Episode: 1930/7000 | Episode reward:   706.08 | Episode steps: 2500 | Average reward:   766.08 | Step Count: 1379497 | Episode Q0:    37.24
Episode: 1931/7000 | Episode reward:   798.57 | Episode steps: 2500 | Average reward:   771.91 | Step Count: 1381997 | Episode Q0:    37.24
Episode: 1932/7000 | Episode reward:   750.47 | Episode steps: 2500 | Average reward:   775.04 | Step Count: 1384497 | Episode Q0:    37.24
Episode: 1933/7000 | Episode reward:   743.55 | Episode steps: 2500 | Average reward:   770.67 | Step Count: 1386997 | Episode Q0:    37.24
Episode: 1934/7000 | Episode reward:   783.97 | Episode steps: 2500 | Average reward:   765.47 | Step Count: 1389497 | Episode Q0:    37.24
Episode: 1935/7000 | Episode reward:   720.68 | Episode steps: 2500 | Average reward:   758.14 | Step Count: 1391997 | Episode Q0:    37.24
Episode: 1936/7000 | Episode reward:   770.06 | Episode steps: 2500 | Average reward:   760.20 | Step Count: 1394497 | Episode Q0:    37.24
Episode: 1937/7000 | Episode reward:   712.38 | Episode steps: 2500 | Average reward:   753.01 | Step Count: 1396997 | Episode Q0:    37.24
Episode: 1938/7000 | Episode reward:   761.68 | Episode steps: 2500 | Average reward:   748.60 | Step Count: 1399497 | Episode Q0:    37.24
Episode: 1939/7000 | Episode reward:   692.59 | Episode steps: 2500 | Average reward:   744.00 | Step Count: 1401997 | Episode Q0:    37.24
Episode: 1940/7000 | Episode reward:   765.38 | Episode steps: 2500 | Average reward:   749.93 | Step Count: 1404497 | Episode Q0:    37.24
Episode: 1941/7000 | Episode reward:   871.12 | Episode steps: 2500 | Average reward:   757.19 | Step Count: 1406997 | Episode Q0:    38.67
Episode: 1942/7000 | Episode reward:   854.78 | Episode steps: 2500 | Average reward:   767.62 | Step Count: 1409497 | Episode Q0:    38.67
Episode: 1943/7000 | Episode reward:   849.00 | Episode steps: 2500 | Average reward:   778.16 | Step Count: 1411997 | Episode Q0:    38.67
Episode: 1944/7000 | Episode reward:   744.31 | Episode steps: 2500 | Average reward:   774.20 | Step Count: 1414497 | Episode Q0:    38.67
Episode: 1945/7000 | Episode reward:   865.27 | Episode steps: 2500 | Average reward:   788.66 | Step Count: 1416997 | Episode Q0:    38.67
Episode: 1946/7000 | Episode reward:   754.67 | Episode steps: 2500 | Average reward:   787.12 | Step Count: 1419497 | Episode Q0:    38.67
Episode: 1947/7000 | Episode reward:   744.04 | Episode steps: 2500 | Average reward:   790.28 | Step Count: 1421997 | Episode Q0:    38.67
Episode: 1948/7000 | Episode reward:   657.19 | Episode steps: 2500 | Average reward:   779.84 | Step Count: 1424497 | Episode Q0:    38.67
Episode: 1949/7000 | Episode reward:   869.37 | Episode steps: 2500 | Average reward:   797.51 | Step Count: 1426997 | Episode Q0:    38.67
Episode: 1950/7000 | Episode reward:   742.50 | Episode steps: 2500 | Average reward:   795.23 | Step Count: 1429497 | Episode Q0:    38.67
Episode: 1951/7000 | Episode reward:   749.56 | Episode steps: 2500 | Average reward:   783.07 | Step Count: 1431997 | Episode Q0:    38.67
Episode: 1952/7000 | Episode reward:   761.78 | Episode steps: 2500 | Average reward:   773.77 | Step Count: 1434497 | Episode Q0:    38.67
Episode: 1953/7000 | Episode reward:   679.48 | Episode steps: 2500 | Average reward:   756.82 | Step Count: 1436997 | Episode Q0:    38.67
Episode: 1954/7000 | Episode reward:   732.75 | Episode steps: 2500 | Average reward:   755.66 | Step Count: 1439497 | Episode Q0:    38.67
Episode: 1955/7000 | Episode reward:   124.56 | Episode steps:  227 | Average reward:   681.59 | Step Count: 1439724 | Episode Q0:    38.67
Episode: 1956/7000 | Episode reward:   757.69 | Episode steps: 2500 | Average reward:   681.89 | Step Count: 1442224 | Episode Q0:    38.67
Episode: 1957/7000 | Episode reward:   884.72 | Episode steps: 2500 | Average reward:   695.96 | Step Count: 1444724 | Episode Q0:    38.67
Episode: 1958/7000 | Episode reward:   727.22 | Episode steps: 2500 | Average reward:   702.96 | Step Count: 1447224 | Episode Q0:    38.67
Episode: 1959/7000 | Episode reward:   744.53 | Episode steps: 2500 | Average reward:   690.48 | Step Count: 1449724 | Episode Q0:    38.67
Episode: 1960/7000 | Episode reward:   691.77 | Episode steps: 2500 | Average reward:   685.41 | Step Count: 1452224 | Episode Q0:    38.67
Episode: 1961/7000 | Episode reward:   687.23 | Episode steps: 2500 | Average reward:   679.17 | Step Count: 1454724 | Episode Q0:    38.67
Episode: 1962/7000 | Episode reward:   764.48 | Episode steps: 2500 | Average reward:   679.44 | Step Count: 1457224 | Episode Q0:    38.67
Episode: 1963/7000 | Episode reward:   556.19 | Episode steps: 2500 | Average reward:   667.11 | Step Count: 1459724 | Episode Q0:    37.83
Episode: 1964/7000 | Episode reward:   643.19 | Episode steps: 2500 | Average reward:   658.16 | Step Count: 1462224 | Episode Q0:    37.83
Episode: 1965/7000 | Episode reward:   636.34 | Episode steps: 2500 | Average reward:   709.34 | Step Count: 1464724 | Episode Q0:    37.83
Episode: 1966/7000 | Episode reward:   663.46 | Episode steps: 2500 | Average reward:   699.91 | Step Count: 1467224 | Episode Q0:    37.83
Episode: 1967/7000 | Episode reward:   614.02 | Episode steps: 2500 | Average reward:   672.84 | Step Count: 1469724 | Episode Q0:    37.83
Episode: 1968/7000 | Episode reward:   537.89 | Episode steps: 2500 | Average reward:   653.91 | Step Count: 1472224 | Episode Q0:    37.83
Episode: 1969/7000 | Episode reward:   548.27 | Episode steps: 2500 | Average reward:   634.28 | Step Count: 1474724 | Episode Q0:    37.83
Episode: 1970/7000 | Episode reward:   684.07 | Episode steps: 2500 | Average reward:   633.51 | Step Count: 1477224 | Episode Q0:    37.83
Episode: 1971/7000 | Episode reward:   657.83 | Episode steps: 2500 | Average reward:   630.58 | Step Count: 1479724 | Episode Q0:    37.83
Episode: 1972/7000 | Episode reward:   678.19 | Episode steps: 2500 | Average reward:   621.95 | Step Count: 1482224 | Episode Q0:    37.83
Episode: 1973/7000 | Episode reward:   604.21 | Episode steps: 2500 | Average reward:   626.75 | Step Count: 1484724 | Episode Q0:    37.83
Episode: 1974/7000 | Episode reward:   653.58 | Episode steps: 2500 | Average reward:   627.79 | Step Count: 1487224 | Episode Q0:    37.83
Episode: 1975/7000 | Episode reward:   704.06 | Episode steps: 2500 | Average reward:   634.56 | Step Count: 1489724 | Episode Q0:    37.83
Episode: 1976/7000 | Episode reward:   618.39 | Episode steps: 2500 | Average reward:   630.05 | Step Count: 1492224 | Episode Q0:    37.83
Episode: 1977/7000 | Episode reward:   572.64 | Episode steps: 2500 | Average reward:   625.91 | Step Count: 1494724 | Episode Q0:    37.83
Episode: 1978/7000 | Episode reward:   682.49 | Episode steps: 2500 | Average reward:   640.37 | Step Count: 1497224 | Episode Q0:    37.83
Episode: 1979/7000 | Episode reward:   606.27 | Episode steps: 2500 | Average reward:   646.17 | Step Count: 1499724 | Episode Q0:    37.83
Episode: 1980/7000 | Episode reward:   573.52 | Episode steps: 2500 | Average reward:   635.12 | Step Count: 1502224 | Episode Q0:    37.83
Episode: 1981/7000 | Episode reward:   582.41 | Episode steps: 2500 | Average reward:   627.58 | Step Count: 1504724 | Episode Q0:    37.83
Episode: 1982/7000 | Episode reward:   623.80 | Episode steps: 2500 | Average reward:   622.14 | Step Count: 1507224 | Episode Q0:    37.83
Episode: 1983/7000 | Episode reward:   629.25 | Episode steps: 2500 | Average reward:   624.64 | Step Count: 1509724 | Episode Q0:    37.83
Episode: 1984/7000 | Episode reward:   538.23 | Episode steps: 2500 | Average reward:   613.11 | Step Count: 1512224 | Episode Q0:    37.83
Episode: 1985/7000 | Episode reward:    62.35 | Episode steps:  172 | Average reward:   548.93 | Step Count: 1512396 | Episode Q0:    37.83
Episode: 1986/7000 | Episode reward:    61.39 | Episode steps:  141 | Average reward:   493.23 | Step Count: 1512537 | Episode Q0:    37.83
Episode: 1987/7000 | Episode reward:   792.18 | Episode steps: 2500 | Average reward:   515.19 | Step Count: 1515037 | Episode Q0:    37.48
Episode: 1988/7000 | Episode reward:   751.43 | Episode steps: 2500 | Average reward:   522.08 | Step Count: 1517537 | Episode Q0:    37.48
Episode: 1989/7000 | Episode reward:   742.01 | Episode steps: 2500 | Average reward:   535.66 | Step Count: 1520037 | Episode Q0:    37.48
Episode: 1990/7000 | Episode reward:   746.16 | Episode steps: 2500 | Average reward:   552.92 | Step Count: 1522537 | Episode Q0:    37.48
Episode: 1991/7000 | Episode reward:   784.28 | Episode steps: 2500 | Average reward:   573.11 | Step Count: 1525037 | Episode Q0:    37.48
Episode: 1992/7000 | Episode reward:   758.62 | Episode steps: 2500 | Average reward:   586.59 | Step Count: 1527537 | Episode Q0:    37.48
Episode: 1993/7000 | Episode reward:   779.12 | Episode steps: 2500 | Average reward:   601.58 | Step Count: 1530037 | Episode Q0:    37.48
Episode: 1994/7000 | Episode reward:   687.42 | Episode steps: 2500 | Average reward:   616.50 | Step Count: 1532537 | Episode Q0:    37.48
Episode: 1995/7000 | Episode reward:   788.15 | Episode steps: 2500 | Average reward:   689.08 | Step Count: 1535037 | Episode Q0:    37.48
Episode: 1996/7000 | Episode reward:   721.40 | Episode steps: 2500 | Average reward:   755.08 | Step Count: 1537537 | Episode Q0:    37.48
Episode: 1997/7000 | Episode reward:   798.77 | Episode steps: 2500 | Average reward:   755.74 | Step Count: 1540037 | Episode Q0:    37.48
Episode: 1998/7000 | Episode reward:   747.74 | Episode steps: 2500 | Average reward:   755.37 | Step Count: 1542537 | Episode Q0:    37.48
Episode: 1999/7000 | Episode reward:   618.92 | Episode steps: 2500 | Average reward:   743.06 | Step Count: 1545037 | Episode Q0:    37.48
Episode: 2000/7000 | Episode reward:   723.68 | Episode steps: 2500 | Average reward:   740.81 | Step Count: 1547537 | Episode Q0:    37.48
Episode: 2001/7000 | Episode reward:   683.65 | Episode steps: 2500 | Average reward:   730.75 | Step Count: 1550037 | Episode Q0:    37.48
Episode: 2002/7000 | Episode reward:   696.18 | Episode steps: 2500 | Average reward:   724.50 | Step Count: 1552537 | Episode Q0:    37.48
Episode: 2003/7000 | Episode reward:   821.94 | Episode steps: 2500 | Average reward:   728.78 | Step Count: 1555037 | Episode Q0:    37.48
Episode: 2004/7000 | Episode reward:   702.27 | Episode steps: 2500 | Average reward:   730.27 | Step Count: 1557537 | Episode Q0:    37.48
Episode: 2005/7000 | Episode reward:   625.93 | Episode steps: 2500 | Average reward:   714.05 | Step Count: 1560037 | Episode Q0:    37.48
Episode: 2006/7000 | Episode reward:   734.08 | Episode steps: 2500 | Average reward:   715.32 | Step Count: 1562537 | Episode Q0:    37.48
Episode: 2007/7000 | Episode reward:   680.52 | Episode steps: 2500 | Average reward:   703.49 | Step Count: 1565037 | Episode Q0:    38.65
Episode: 2008/7000 | Episode reward:   693.62 | Episode steps: 2500 | Average reward:   698.08 | Step Count: 1567537 | Episode Q0:    38.65
Episode: 2009/7000 | Episode reward:   631.75 | Episode steps: 2500 | Average reward:   699.36 | Step Count: 1570037 | Episode Q0:    38.65
Episode: 2010/7000 | Episode reward:   711.53 | Episode steps: 2500 | Average reward:   698.15 | Step Count: 1572537 | Episode Q0:    38.65
Episode: 2011/7000 | Episode reward:   701.07 | Episode steps: 2500 | Average reward:   699.89 | Step Count: 1575037 | Episode Q0:    38.65
Episode: 2012/7000 | Episode reward:   705.54 | Episode steps: 2500 | Average reward:   700.82 | Step Count: 1577537 | Episode Q0:    38.65
Episode: 2013/7000 | Episode reward:   772.16 | Episode steps: 2500 | Average reward:   695.85 | Step Count: 1580037 | Episode Q0:    38.65
Episode: 2014/7000 | Episode reward:   775.95 | Episode steps: 2500 | Average reward:   703.21 | Step Count: 1582537 | Episode Q0:    38.65
Episode: 2015/7000 | Episode reward:   762.67 | Episode steps: 2500 | Average reward:   716.89 | Step Count: 1585037 | Episode Q0:    38.65
Episode: 2016/7000 | Episode reward:   708.89 | Episode steps: 2500 | Average reward:   714.37 | Step Count: 1587537 | Episode Q0:    38.65
Episode: 2017/7000 | Episode reward:   847.85 | Episode steps: 2500 | Average reward:   731.10 | Step Count: 1590037 | Episode Q0:    38.65
Episode: 2018/7000 | Episode reward:   767.30 | Episode steps: 2500 | Average reward:   738.47 | Step Count: 1592537 | Episode Q0:    38.65
Episode: 2019/7000 | Episode reward:   707.07 | Episode steps: 2500 | Average reward:   746.00 | Step Count: 1595037 | Episode Q0:    38.65
Episode: 2020/7000 | Episode reward:   733.20 | Episode steps: 2500 | Average reward:   748.17 | Step Count: 1597537 | Episode Q0:    38.65
Episode: 2021/7000 | Episode reward:   762.72 | Episode steps: 2500 | Average reward:   754.33 | Step Count: 1600037 | Episode Q0:    38.65
Episode: 2022/7000 | Episode reward:   762.54 | Episode steps: 2500 | Average reward:   760.03 | Step Count: 1602537 | Episode Q0:    38.65
Episode: 2023/7000 | Episode reward:   706.69 | Episode steps: 2500 | Average reward:   753.49 | Step Count: 1605037 | Episode Q0:    38.65
Episode: 2024/7000 | Episode reward:   854.79 | Episode steps: 2500 | Average reward:   761.37 | Step Count: 1607537 | Episode Q0:    38.65
Episode: 2025/7000 | Episode reward:   794.61 | Episode steps: 2500 | Average reward:   764.57 | Step Count: 1610037 | Episode Q0:    38.65
Episode: 2026/7000 | Episode reward:   772.87 | Episode steps: 2500 | Average reward:   770.97 | Step Count: 1612537 | Episode Q0:    38.65
Episode: 2027/7000 | Episode reward:   663.33 | Episode steps: 2500 | Average reward:   752.51 | Step Count: 1615037 | Episode Q0:    38.65
Episode: 2028/7000 | Episode reward:    49.39 | Episode steps:  154 | Average reward:   680.72 | Step Count: 1615191 | Episode Q0:    38.65
Episode: 2029/7000 | Episode reward:   845.10 | Episode steps: 2500 | Average reward:   694.53 | Step Count: 1617691 | Episode Q0:    38.65
Episode: 2030/7000 | Episode reward:   745.88 | Episode steps: 2500 | Average reward:   695.79 | Step Count: 1620191 | Episode Q0:    38.65
Episode: 2031/7000 | Episode reward:   150.01 | Episode steps:  241 | Average reward:   634.52 | Step Count: 1620432 | Episode Q0:    38.65
Episode: 2032/7000 | Episode reward:   825.44 | Episode steps: 2500 | Average reward:   640.81 | Step Count: 1622932 | Episode Q0:    38.71
Episode: 2033/7000 | Episode reward:   819.73 | Episode steps: 2500 | Average reward:   652.12 | Step Count: 1625432 | Episode Q0:    38.71
Episode: 2034/7000 | Episode reward:   781.48 | Episode steps: 2500 | Average reward:   644.79 | Step Count: 1627932 | Episode Q0:    38.71
Episode: 2035/7000 | Episode reward:   846.58 | Episode steps: 2500 | Average reward:   649.98 | Step Count: 1630432 | Episode Q0:    38.71
Episode: 2036/7000 | Episode reward:   714.47 | Episode steps: 2500 | Average reward:   644.14 | Step Count: 1632932 | Episode Q0:    38.71
Episode: 2037/7000 | Episode reward:   785.17 | Episode steps: 2500 | Average reward:   656.33 | Step Count: 1635432 | Episode Q0:    38.71
Episode: 2038/7000 | Episode reward:   822.07 | Episode steps: 2500 | Average reward:   733.59 | Step Count: 1637932 | Episode Q0:    38.71
Episode: 2039/7000 | Episode reward:   801.43 | Episode steps: 2500 | Average reward:   729.23 | Step Count: 1640432 | Episode Q0:    38.71
Episode: 2040/7000 | Episode reward:   809.51 | Episode steps: 2500 | Average reward:   735.59 | Step Count: 1642932 | Episode Q0:    38.71
Episode: 2041/7000 | Episode reward:   825.76 | Episode steps: 2500 | Average reward:   803.16 | Step Count: 1645432 | Episode Q0:    38.71
Episode: 2042/7000 | Episode reward:   817.49 | Episode steps: 2500 | Average reward:   802.37 | Step Count: 1647932 | Episode Q0:    38.71
Episode: 2043/7000 | Episode reward:   765.24 | Episode steps: 2500 | Average reward:   796.92 | Step Count: 1650432 | Episode Q0:    38.71
Episode: 2044/7000 | Episode reward:   745.39 | Episode steps: 2500 | Average reward:   793.31 | Step Count: 1652932 | Episode Q0:    38.71
Episode: 2045/7000 | Episode reward:   754.74 | Episode steps: 2500 | Average reward:   784.13 | Step Count: 1655432 | Episode Q0:    38.71
Episode: 2046/7000 | Episode reward:   946.68 | Episode steps: 2500 | Average reward:   807.35 | Step Count: 1657932 | Episode Q0:    38.71
Episode: 2047/7000 | Episode reward:   902.84 | Episode steps: 2500 | Average reward:   819.11 | Step Count: 1660432 | Episode Q0:    38.71
Episode: 2048/7000 | Episode reward:   794.18 | Episode steps: 2500 | Average reward:   816.33 | Step Count: 1662932 | Episode Q0:    38.71
Episode: 2049/7000 | Episode reward:   720.45 | Episode steps: 2500 | Average reward:   808.23 | Step Count: 1665432 | Episode Q0:    38.71
Episode: 2050/7000 | Episode reward:   927.71 | Episode steps: 2500 | Average reward:   820.05 | Step Count: 1667932 | Episode Q0:    38.71
Episode: 2051/7000 | Episode reward:   688.30 | Episode steps: 2500 | Average reward:   806.30 | Step Count: 1670432 | Episode Q0:    38.25
Episode: 2052/7000 | Episode reward:   642.41 | Episode steps: 2500 | Average reward:   788.79 | Step Count: 1672932 | Episode Q0:    38.25
Episode: 2053/7000 | Episode reward:   810.79 | Episode steps: 2500 | Average reward:   793.35 | Step Count: 1675432 | Episode Q0:    38.25
Episode: 2054/7000 | Episode reward:   611.85 | Episode steps: 2500 | Average reward:   780.00 | Step Count: 1677932 | Episode Q0:    38.25
Episode: 2055/7000 | Episode reward:   674.69 | Episode steps: 2500 | Average reward:   771.99 | Step Count: 1680432 | Episode Q0:    38.25
Episode: 2056/7000 | Episode reward:   743.98 | Episode steps: 2500 | Average reward:   751.72 | Step Count: 1682932 | Episode Q0:    38.25
Episode: 2057/7000 | Episode reward:   652.63 | Episode steps: 2500 | Average reward:   726.70 | Step Count: 1685432 | Episode Q0:    38.25
Episode: 2058/7000 | Episode reward:   717.60 | Episode steps: 2500 | Average reward:   719.04 | Step Count: 1687932 | Episode Q0:    38.25
Episode: 2059/7000 | Episode reward:   671.92 | Episode steps: 2500 | Average reward:   714.19 | Step Count: 1690432 | Episode Q0:    38.25
Episode: 2060/7000 | Episode reward:   658.16 | Episode steps: 2500 | Average reward:   687.23 | Step Count: 1692932 | Episode Q0:    38.25
Episode: 2061/7000 | Episode reward:   698.16 | Episode steps: 2500 | Average reward:   688.22 | Step Count: 1695432 | Episode Q0:    38.25
Episode: 2062/7000 | Episode reward:   545.38 | Episode steps: 2500 | Average reward:   678.52 | Step Count: 1697932 | Episode Q0:    38.25
Episode: 2063/7000 | Episode reward:   672.00 | Episode steps: 2500 | Average reward:   664.64 | Step Count: 1700432 | Episode Q0:    38.25
Episode: 2064/7000 | Episode reward:   613.17 | Episode steps: 2500 | Average reward:   664.77 | Step Count: 1702932 | Episode Q0:    38.25
Episode: 2065/7000 | Episode reward:   722.05 | Episode steps: 2500 | Average reward:   669.51 | Step Count: 1705432 | Episode Q0:    38.25
Episode: 2066/7000 | Episode reward:   560.12 | Episode steps: 2500 | Average reward:   651.12 | Step Count: 1707932 | Episode Q0:    38.25
Episode: 2067/7000 | Episode reward:   657.67 | Episode steps: 2500 | Average reward:   651.62 | Step Count: 1710432 | Episode Q0:    38.25
Episode: 2068/7000 | Episode reward:   748.62 | Episode steps: 2500 | Average reward:   654.73 | Step Count: 1712932 | Episode Q0:    38.25
Episode: 2069/7000 | Episode reward:   706.26 | Episode steps: 2500 | Average reward:   658.16 | Step Count: 1715432 | Episode Q0:    38.25
Episode: 2070/7000 | Episode reward:   852.08 | Episode steps: 2500 | Average reward:   677.55 | Step Count: 1717932 | Episode Q0:    38.25
Episode: 2071/7000 | Episode reward:   677.29 | Episode steps: 2500 | Average reward:   675.46 | Step Count: 1720432 | Episode Q0:    38.25
Episode: 2072/7000 | Episode reward:   710.78 | Episode steps: 2500 | Average reward:   692.00 | Step Count: 1722932 | Episode Q0:    38.25
Episode: 2073/7000 | Episode reward:   711.35 | Episode steps: 2500 | Average reward:   695.94 | Step Count: 1725432 | Episode Q0:    38.25
Episode: 2074/7000 | Episode reward:   681.12 | Episode steps: 2500 | Average reward:   702.73 | Step Count: 1727932 | Episode Q0:    38.25
Episode: 2075/7000 | Episode reward:   674.66 | Episode steps: 2500 | Average reward:   697.99 | Step Count: 1730432 | Episode Q0:    38.25
Episode: 2076/7000 | Episode reward:   765.62 | Episode steps: 2500 | Average reward:   718.54 | Step Count: 1732932 | Episode Q0:    40.80
Episode: 2077/7000 | Episode reward:   756.14 | Episode steps: 2500 | Average reward:   728.39 | Step Count: 1735432 | Episode Q0:    40.80
Episode: 2078/7000 | Episode reward:   784.31 | Episode steps: 2500 | Average reward:   731.96 | Step Count: 1737932 | Episode Q0:    40.80
Episode: 2079/7000 | Episode reward:   761.12 | Episode steps: 2500 | Average reward:   737.45 | Step Count: 1740432 | Episode Q0:    40.80
Episode: 2080/7000 | Episode reward:   772.90 | Episode steps: 2500 | Average reward:   729.53 | Step Count: 1742932 | Episode Q0:    40.80
Episode: 2081/7000 | Episode reward:   792.53 | Episode steps: 2500 | Average reward:   741.05 | Step Count: 1745432 | Episode Q0:    40.80
Episode: 2082/7000 | Episode reward:   766.41 | Episode steps: 2500 | Average reward:   746.62 | Step Count: 1747932 | Episode Q0:    40.80
Episode: 2083/7000 | Episode reward:   883.52 | Episode steps: 2500 | Average reward:   763.83 | Step Count: 1750432 | Episode Q0:    40.80
Episode: 2084/7000 | Episode reward:   740.44 | Episode steps: 2500 | Average reward:   769.76 | Step Count: 1752932 | Episode Q0:    40.80
Episode: 2085/7000 | Episode reward:   688.75 | Episode steps: 2500 | Average reward:   771.17 | Step Count: 1755432 | Episode Q0:    40.80
Episode: 2086/7000 | Episode reward:   768.12 | Episode steps: 2500 | Average reward:   771.42 | Step Count: 1757932 | Episode Q0:    40.80
Episode: 2087/7000 | Episode reward:   798.63 | Episode steps: 2500 | Average reward:   775.67 | Step Count: 1760432 | Episode Q0:    40.80
Episode: 2088/7000 | Episode reward:   715.37 | Episode steps: 2500 | Average reward:   768.78 | Step Count: 1762932 | Episode Q0:    40.80
Episode: 2089/7000 | Episode reward:   687.33 | Episode steps: 2500 | Average reward:   761.40 | Step Count: 1765432 | Episode Q0:    40.80
Episode: 2090/7000 | Episode reward:   639.04 | Episode steps: 2500 | Average reward:   748.02 | Step Count: 1767932 | Episode Q0:    40.80
Episode: 2091/7000 | Episode reward:   772.53 | Episode steps: 2500 | Average reward:   746.01 | Step Count: 1770432 | Episode Q0:    40.80
Episode: 2092/7000 | Episode reward:   756.82 | Episode steps: 2500 | Average reward:   745.06 | Step Count: 1772932 | Episode Q0:    40.80
Episode: 2093/7000 | Episode reward:   744.25 | Episode steps: 2500 | Average reward:   731.13 | Step Count: 1775432 | Episode Q0:    40.80
Episode: 2094/7000 | Episode reward:   744.54 | Episode steps: 2500 | Average reward:   731.54 | Step Count: 1777932 | Episode Q0:    40.80
Episode: 2095/7000 | Episode reward:   761.00 | Episode steps: 2500 | Average reward:   738.76 | Step Count: 1780432 | Episode Q0:    38.38
Episode: 2096/7000 | Episode reward:   779.25 | Episode steps: 2500 | Average reward:   739.88 | Step Count: 1782932 | Episode Q0:    38.38
Episode: 2097/7000 | Episode reward:   686.27 | Episode steps: 2500 | Average reward:   728.64 | Step Count: 1785432 | Episode Q0:    38.38
Episode: 2098/7000 | Episode reward:   873.25 | Episode steps: 2500 | Average reward:   744.43 | Step Count: 1787932 | Episode Q0:    38.38
Episode: 2099/7000 | Episode reward:   715.92 | Episode steps: 2500 | Average reward:   747.29 | Step Count: 1790432 | Episode Q0:    38.38
Episode: 2100/7000 | Episode reward:   907.52 | Episode steps: 2500 | Average reward:   774.13 | Step Count: 1792932 | Episode Q0:    38.38
Episode: 2101/7000 | Episode reward:   652.12 | Episode steps: 2500 | Average reward:   762.09 | Step Count: 1795432 | Episode Q0:    38.38
Episode: 2102/7000 | Episode reward:   710.53 | Episode steps: 2500 | Average reward:   757.46 | Step Count: 1797932 | Episode Q0:    38.38
Episode: 2103/7000 | Episode reward:   793.49 | Episode steps: 2500 | Average reward:   762.39 | Step Count: 1800432 | Episode Q0:    38.38
Episode: 2104/7000 | Episode reward:   711.51 | Episode steps: 2500 | Average reward:   759.08 | Step Count: 1802932 | Episode Q0:    38.38
Episode: 2105/7000 | Episode reward:   801.83 | Episode steps: 2500 | Average reward:   763.17 | Step Count: 1805432 | Episode Q0:    38.38
Episode: 2106/7000 | Episode reward:   795.63 | Episode steps: 2500 | Average reward:   764.81 | Step Count: 1807932 | Episode Q0:    38.38
Episode: 2107/7000 | Episode reward:   693.01 | Episode steps: 2500 | Average reward:   765.48 | Step Count: 1810432 | Episode Q0:    38.38
Episode: 2108/7000 | Episode reward:   752.18 | Episode steps: 2500 | Average reward:   753.37 | Step Count: 1812932 | Episode Q0:    38.38
Episode: 2109/7000 | Episode reward:   817.39 | Episode steps: 2500 | Average reward:   763.52 | Step Count: 1815432 | Episode Q0:    38.38
Episode: 2110/7000 | Episode reward:   683.67 | Episode steps: 2500 | Average reward:   741.13 | Step Count: 1817932 | Episode Q0:    38.38
Episode: 2111/7000 | Episode reward:   854.47 | Episode steps: 2500 | Average reward:   761.37 | Step Count: 1820432 | Episode Q0:    38.38
Episode: 2112/7000 | Episode reward:   808.26 | Episode steps: 2500 | Average reward:   771.14 | Step Count: 1822932 | Episode Q0:    38.38
Episode: 2113/7000 | Episode reward:   745.87 | Episode steps: 2500 | Average reward:   766.38 | Step Count: 1825432 | Episode Q0:    38.38
Episode: 2114/7000 | Episode reward:   701.74 | Episode steps: 2500 | Average reward:   765.40 | Step Count: 1827932 | Episode Q0:    38.38
Episode: 2115/7000 | Episode reward:   792.75 | Episode steps: 2500 | Average reward:   764.50 | Step Count: 1830432 | Episode Q0:    38.38
Episode: 2116/7000 | Episode reward:   687.68 | Episode steps: 2500 | Average reward:   753.70 | Step Count: 1832932 | Episode Q0:    38.38
Episode: 2117/7000 | Episode reward:   798.77 | Episode steps: 2500 | Average reward:   764.28 | Step Count: 1835432 | Episode Q0:    38.38
Episode: 2118/7000 | Episode reward:   637.76 | Episode steps: 2500 | Average reward:   752.84 | Step Count: 1837932 | Episode Q0:    38.38
Episode: 2119/7000 | Episode reward:   753.89 | Episode steps: 2500 | Average reward:   746.49 | Step Count: 1840432 | Episode Q0:    38.38
Episode: 2120/7000 | Episode reward:   750.16 | Episode steps: 2500 | Average reward:   753.13 | Step Count: 1842932 | Episode Q0:    38.70
Episode: 2121/7000 | Episode reward:   707.69 | Episode steps: 2500 | Average reward:   738.46 | Step Count: 1845432 | Episode Q0:    38.70
Episode: 2122/7000 | Episode reward:   800.22 | Episode steps: 2500 | Average reward:   737.65 | Step Count: 1847932 | Episode Q0:    38.70
Episode: 2123/7000 | Episode reward:   769.37 | Episode steps: 2500 | Average reward:   740.00 | Step Count: 1850432 | Episode Q0:    38.70
Episode: 2124/7000 | Episode reward:   684.95 | Episode steps: 2500 | Average reward:   738.32 | Step Count: 1852932 | Episode Q0:    38.70
Episode: 2125/7000 | Episode reward:   719.60 | Episode steps: 2500 | Average reward:   731.01 | Step Count: 1855432 | Episode Q0:    38.70
Episode: 2126/7000 | Episode reward:   635.75 | Episode steps: 2500 | Average reward:   725.82 | Step Count: 1857932 | Episode Q0:    38.70
Episode: 2127/7000 | Episode reward:   745.65 | Episode steps: 2500 | Average reward:   720.50 | Step Count: 1860432 | Episode Q0:    38.70
Episode: 2128/7000 | Episode reward:   677.33 | Episode steps: 2500 | Average reward:   724.46 | Step Count: 1862932 | Episode Q0:    38.70
Episode: 2129/7000 | Episode reward:   802.69 | Episode steps: 2500 | Average reward:   729.34 | Step Count: 1865432 | Episode Q0:    38.70
Episode: 2130/7000 | Episode reward:   645.29 | Episode steps: 2500 | Average reward:   718.86 | Step Count: 1867932 | Episode Q0:    38.70
Episode: 2131/7000 | Episode reward:   757.68 | Episode steps: 2500 | Average reward:   723.85 | Step Count: 1870432 | Episode Q0:    38.70
Episode: 2132/7000 | Episode reward:   703.89 | Episode steps: 2500 | Average reward:   714.22 | Step Count: 1872932 | Episode Q0:    38.70
Episode: 2133/7000 | Episode reward:   743.12 | Episode steps: 2500 | Average reward:   711.60 | Step Count: 1875432 | Episode Q0:    38.70
Episode: 2134/7000 | Episode reward:   558.93 | Episode steps: 2500 | Average reward:   698.99 | Step Count: 1877932 | Episode Q0:    38.70
Episode: 2135/7000 | Episode reward:   875.06 | Episode steps: 2500 | Average reward:   714.54 | Step Count: 1880432 | Episode Q0:    38.70
Episode: 2136/7000 | Episode reward:   721.41 | Episode steps: 2500 | Average reward:   723.11 | Step Count: 1882932 | Episode Q0:    38.70
Episode: 2137/7000 | Episode reward:   767.01 | Episode steps: 2500 | Average reward:   725.24 | Step Count: 1885432 | Episode Q0:    38.70
Episode: 2138/7000 | Episode reward:   655.31 | Episode steps: 2500 | Average reward:   723.04 | Step Count: 1887932 | Episode Q0:    38.70
Episode: 2139/7000 | Episode reward:   662.98 | Episode steps: 2500 | Average reward:   709.07 | Step Count: 1890432 | Episode Q0:    38.99
Episode: 2140/7000 | Episode reward:   804.75 | Episode steps: 2500 | Average reward:   725.01 | Step Count: 1892932 | Episode Q0:    38.99
Episode: 2141/7000 | Episode reward:   757.18 | Episode steps: 2500 | Average reward:   724.97 | Step Count: 1895432 | Episode Q0:    38.99
Episode: 2142/7000 | Episode reward:   743.32 | Episode steps: 2500 | Average reward:   728.91 | Step Count: 1897932 | Episode Q0:    38.99
Episode: 2143/7000 | Episode reward:   758.98 | Episode steps: 2500 | Average reward:   730.49 | Step Count: 1900432 | Episode Q0:    38.99
Episode: 2144/7000 | Episode reward:   670.11 | Episode steps: 2500 | Average reward:   741.61 | Step Count: 1902932 | Episode Q0:    38.99
Episode: 2145/7000 | Episode reward:   742.02 | Episode steps: 2500 | Average reward:   728.31 | Step Count: 1905432 | Episode Q0:    38.99
Episode: 2146/7000 | Episode reward:   701.97 | Episode steps: 2500 | Average reward:   726.36 | Step Count: 1907932 | Episode Q0:    38.99
Episode: 2147/7000 | Episode reward:   755.52 | Episode steps: 2500 | Average reward:   725.21 | Step Count: 1910432 | Episode Q0:    38.99
Episode: 2148/7000 | Episode reward:   827.83 | Episode steps: 2500 | Average reward:   742.47 | Step Count: 1912932 | Episode Q0:    38.99
Episode: 2149/7000 | Episode reward:   756.48 | Episode steps: 2500 | Average reward:   751.82 | Step Count: 1915432 | Episode Q0:    38.99
Episode: 2150/7000 | Episode reward:   814.78 | Episode steps: 2500 | Average reward:   752.82 | Step Count: 1917932 | Episode Q0:    38.99
Episode: 2151/7000 | Episode reward:   783.37 | Episode steps: 2500 | Average reward:   755.44 | Step Count: 1920432 | Episode Q0:    38.99
Episode: 2152/7000 | Episode reward:   738.65 | Episode steps: 2500 | Average reward:   754.97 | Step Count: 1922932 | Episode Q0:    38.99
Episode: 2153/7000 | Episode reward:   740.23 | Episode steps: 2500 | Average reward:   753.10 | Step Count: 1925432 | Episode Q0:    38.99
Episode: 2154/7000 | Episode reward:   671.82 | Episode steps: 2500 | Average reward:   753.27 | Step Count: 1927932 | Episode Q0:    38.99
Episode: 2155/7000 | Episode reward:   687.04 | Episode steps: 2500 | Average reward:   747.77 | Step Count: 1930432 | Episode Q0:    38.99
Episode: 2156/7000 | Episode reward:   653.55 | Episode steps: 2500 | Average reward:   742.93 | Step Count: 1932932 | Episode Q0:    38.99
Episode: 2157/7000 | Episode reward:   797.77 | Episode steps: 2500 | Average reward:   747.15 | Step Count: 1935432 | Episode Q0:    38.99
Episode: 2158/7000 | Episode reward:   798.61 | Episode steps: 2500 | Average reward:   744.23 | Step Count: 1937932 | Episode Q0:    38.99
Episode: 2159/7000 | Episode reward:   731.53 | Episode steps: 2500 | Average reward:   741.74 | Step Count: 1940432 | Episode Q0:    38.99
Episode: 2160/7000 | Episode reward:   166.93 | Episode steps:  246 | Average reward:   676.95 | Step Count: 1940678 | Episode Q0:    38.99
Episode: 2161/7000 | Episode reward:   790.91 | Episode steps: 2500 | Average reward:   677.70 | Step Count: 1943178 | Episode Q0:    38.99
Episode: 2162/7000 | Episode reward:   799.34 | Episode steps: 2500 | Average reward:   683.77 | Step Count: 1945678 | Episode Q0:    38.99
Episode: 2163/7000 | Episode reward:   664.80 | Episode steps: 2500 | Average reward:   676.23 | Step Count: 1948178 | Episode Q0:    38.99
Episode: 2164/7000 | Episode reward:   787.24 | Episode steps: 2500 | Average reward:   687.77 | Step Count: 1950678 | Episode Q0:    38.24
Episode: 2165/7000 | Episode reward:   791.88 | Episode steps: 2500 | Average reward:   698.26 | Step Count: 1953178 | Episode Q0:    38.24
Episode: 2166/7000 | Episode reward:   881.23 | Episode steps: 2500 | Average reward:   721.02 | Step Count: 1955678 | Episode Q0:    38.24
Episode: 2167/7000 | Episode reward:   807.19 | Episode steps: 2500 | Average reward:   721.97 | Step Count: 1958178 | Episode Q0:    38.24
Episode: 2168/7000 | Episode reward:   916.82 | Episode steps: 2500 | Average reward:   733.79 | Step Count: 1960678 | Episode Q0:    38.24
Episode: 2169/7000 | Episode reward:   807.85 | Episode steps: 2500 | Average reward:   741.42 | Step Count: 1963178 | Episode Q0:    38.24
Episode: 2170/7000 | Episode reward:   819.95 | Episode steps: 2500 | Average reward:   806.72 | Step Count: 1965678 | Episode Q0:    38.24
Episode: 2171/7000 | Episode reward:   798.77 | Episode steps: 2500 | Average reward:   807.51 | Step Count: 1968178 | Episode Q0:    38.24
Episode: 2172/7000 | Episode reward:   803.42 | Episode steps: 2500 | Average reward:   807.91 | Step Count: 1970678 | Episode Q0:    38.24
Episode: 2173/7000 | Episode reward:   786.50 | Episode steps: 2500 | Average reward:   820.08 | Step Count: 1973178 | Episode Q0:    38.24
Episode: 2174/7000 | Episode reward:   159.10 | Episode steps:  241 | Average reward:   757.27 | Step Count: 1973419 | Episode Q0:    38.24
Episode: 2175/7000 | Episode reward:   788.14 | Episode steps: 2500 | Average reward:   756.90 | Step Count: 1975919 | Episode Q0:    38.24
Episode: 2176/7000 | Episode reward:   844.25 | Episode steps: 2500 | Average reward:   753.20 | Step Count: 1978419 | Episode Q0:    38.24
Episode: 2177/7000 | Episode reward:   818.72 | Episode steps: 2500 | Average reward:   754.35 | Step Count: 1980919 | Episode Q0:    38.24
Episode: 2178/7000 | Episode reward:   698.66 | Episode steps: 2500 | Average reward:   732.53 | Step Count: 1983419 | Episode Q0:    38.24
Episode: 2179/7000 | Episode reward:   821.71 | Episode steps: 2500 | Average reward:   733.92 | Step Count: 1985919 | Episode Q0:    38.24
Episode: 2180/7000 | Episode reward:   816.79 | Episode steps: 2500 | Average reward:   733.61 | Step Count: 1988419 | Episode Q0:    38.24
Episode: 2181/7000 | Episode reward:   808.94 | Episode steps: 2500 | Average reward:   734.62 | Step Count: 1990919 | Episode Q0:    38.24
Episode: 2182/7000 | Episode reward:   782.53 | Episode steps: 2500 | Average reward:   732.53 | Step Count: 1993419 | Episode Q0:    38.24
Episode: 2183/7000 | Episode reward:   801.75 | Episode steps: 2500 | Average reward:   734.06 | Step Count: 1995919 | Episode Q0:    41.02
Episode: 2184/7000 | Episode reward:   805.48 | Episode steps: 2500 | Average reward:   798.70 | Step Count: 1998419 | Episode Q0:    41.02
Episode: 2185/7000 | Episode reward:   795.03 | Episode steps: 2500 | Average reward:   799.39 | Step Count: 2000919 | Episode Q0:    41.02
Episode: 2186/7000 | Episode reward:   833.12 | Episode steps: 2500 | Average reward:   798.27 | Step Count: 2003419 | Episode Q0:    41.02
Episode: 2187/7000 | Episode reward:   749.60 | Episode steps: 2500 | Average reward:   791.36 | Step Count: 2005919 | Episode Q0:    41.02
Episode: 2188/7000 | Episode reward:   768.12 | Episode steps: 2500 | Average reward:   798.31 | Step Count: 2008419 | Episode Q0:    41.02
Episode: 2189/7000 | Episode reward:   752.24 | Episode steps: 2500 | Average reward:   791.36 | Step Count: 2010919 | Episode Q0:    41.02
Episode: 2190/7000 | Episode reward:   805.79 | Episode steps: 2500 | Average reward:   790.26 | Step Count: 2013419 | Episode Q0:    41.02
Episode: 2191/7000 | Episode reward:   782.07 | Episode steps: 2500 | Average reward:   787.57 | Step Count: 2015919 | Episode Q0:    41.02
Episode: 2192/7000 | Episode reward:   829.98 | Episode steps: 2500 | Average reward:   792.32 | Step Count: 2018419 | Episode Q0:    41.02
Episode: 2193/7000 | Episode reward:   738.57 | Episode steps: 2500 | Average reward:   786.00 | Step Count: 2020919 | Episode Q0:    41.02
Episode: 2194/7000 | Episode reward:   730.43 | Episode steps: 2500 | Average reward:   778.49 | Step Count: 2023419 | Episode Q0:    41.02
Episode: 2195/7000 | Episode reward:   822.40 | Episode steps: 2500 | Average reward:   781.23 | Step Count: 2025919 | Episode Q0:    41.02
Episode: 2196/7000 | Episode reward:   894.27 | Episode steps: 2500 | Average reward:   787.35 | Step Count: 2028419 | Episode Q0:    41.02
Episode: 2197/7000 | Episode reward:   730.84 | Episode steps: 2500 | Average reward:   785.47 | Step Count: 2030919 | Episode Q0:    41.02
Episode: 2198/7000 | Episode reward:   721.66 | Episode steps: 2500 | Average reward:   780.82 | Step Count: 2033419 | Episode Q0:    41.02
Episode: 2199/7000 | Episode reward:   882.54 | Episode steps: 2500 | Average reward:   793.85 | Step Count: 2035919 | Episode Q0:    41.02
Episode: 2200/7000 | Episode reward:   778.56 | Episode steps: 2500 | Average reward:   791.13 | Step Count: 2038419 | Episode Q0:    41.02
Episode: 2201/7000 | Episode reward:   823.94 | Episode steps: 2500 | Average reward:   795.32 | Step Count: 2040919 | Episode Q0:    41.02
Episode: 2202/7000 | Episode reward:   832.98 | Episode steps: 2500 | Average reward:   795.62 | Step Count: 2043419 | Episode Q0:    41.02
Episode: 2203/7000 | Episode reward:   736.10 | Episode steps: 2500 | Average reward:   795.37 | Step Count: 2045919 | Episode Q0:    41.02
Episode: 2204/7000 | Episode reward:   833.69 | Episode steps: 2500 | Average reward:   805.70 | Step Count: 2048419 | Episode Q0:    41.02
Episode: 2205/7000 | Episode reward:   867.90 | Episode steps: 2500 | Average reward:   810.25 | Step Count: 2050919 | Episode Q0:    41.02
Episode: 2206/7000 | Episode reward:   753.39 | Episode steps: 2500 | Average reward:   796.16 | Step Count: 2053419 | Episode Q0:    41.02
Episode: 2207/7000 | Episode reward:   774.99 | Episode steps: 2500 | Average reward:   800.57 | Step Count: 2055919 | Episode Q0:    41.02
Episode: 2208/7000 | Episode reward:    73.32 | Episode steps:  149 | Average reward:   735.74 | Step Count: 2056068 | Episode Q0:    41.02
Episode: 2209/7000 | Episode reward:   860.17 | Episode steps: 2500 | Average reward:   733.50 | Step Count: 2058568 | Episode Q0:    39.09
Episode: 2210/7000 | Episode reward:   825.71 | Episode steps: 2500 | Average reward:   738.22 | Step Count: 2061068 | Episode Q0:    39.09
Episode: 2211/7000 | Episode reward:   817.88 | Episode steps: 2500 | Average reward:   737.61 | Step Count: 2063568 | Episode Q0:    39.09
Episode: 2212/7000 | Episode reward:   723.03 | Episode steps: 2500 | Average reward:   726.62 | Step Count: 2066068 | Episode Q0:    39.09
Episode: 2213/7000 | Episode reward:   819.37 | Episode steps: 2500 | Average reward:   734.94 | Step Count: 2068568 | Episode Q0:    39.09
Episode: 2214/7000 | Episode reward:   836.71 | Episode steps: 2500 | Average reward:   735.25 | Step Count: 2071068 | Episode Q0:    39.09
Episode: 2215/7000 | Episode reward:   823.68 | Episode steps: 2500 | Average reward:   730.82 | Step Count: 2073568 | Episode Q0:    39.09
Episode: 2216/7000 | Episode reward:   825.04 | Episode steps: 2500 | Average reward:   737.99 | Step Count: 2076068 | Episode Q0:    39.09
Episode: 2217/7000 | Episode reward:   755.78 | Episode steps: 2500 | Average reward:   736.07 | Step Count: 2078568 | Episode Q0:    39.09
Episode: 2218/7000 | Episode reward:   825.61 | Episode steps: 2500 | Average reward:   811.30 | Step Count: 2081068 | Episode Q0:    39.09
Episode: 2219/7000 | Episode reward:   796.16 | Episode steps: 2500 | Average reward:   804.90 | Step Count: 2083568 | Episode Q0:    39.09
Episode: 2220/7000 | Episode reward:   843.91 | Episode steps: 2500 | Average reward:   806.72 | Step Count: 2086068 | Episode Q0:    39.09
Episode: 2221/7000 | Episode reward:   955.06 | Episode steps: 2500 | Average reward:   820.44 | Step Count: 2088568 | Episode Q0:    39.09
Episode: 2222/7000 | Episode reward:    99.50 | Episode steps:  195 | Average reward:   758.08 | Step Count: 2088763 | Episode Q0:    39.09
Episode: 2223/7000 | Episode reward:   171.73 | Episode steps:  328 | Average reward:   693.32 | Step Count: 2089091 | Episode Q0:    39.09
Episode: 2224/7000 | Episode reward:   931.14 | Episode steps: 2500 | Average reward:   702.76 | Step Count: 2091591 | Episode Q0:    39.09
Episode: 2225/7000 | Episode reward:   905.00 | Episode steps: 2500 | Average reward:   710.89 | Step Count: 2094091 | Episode Q0:    39.09
Episode: 2226/7000 | Episode reward:   862.47 | Episode steps: 2500 | Average reward:   714.64 | Step Count: 2096591 | Episode Q0:    39.09
Episode: 2227/7000 | Episode reward:   226.37 | Episode steps:  305 | Average reward:   661.70 | Step Count: 2096896 | Episode Q0:    39.09
Episode: 2228/7000 | Episode reward:   104.60 | Episode steps:  199 | Average reward:   589.59 | Step Count: 2097095 | Episode Q0:    39.09
Episode: 2229/7000 | Episode reward:   863.02 | Episode steps: 2500 | Average reward:   596.28 | Step Count: 2099595 | Episode Q0:    40.10
Episode: 2230/7000 | Episode reward:   701.41 | Episode steps: 2500 | Average reward:   582.03 | Step Count: 2102095 | Episode Q0:    40.10
Episode: 2231/7000 | Episode reward:   741.28 | Episode steps: 2500 | Average reward:   560.65 | Step Count: 2104595 | Episode Q0:    40.10
Episode: 2232/7000 | Episode reward:   778.88 | Episode steps: 2500 | Average reward:   628.59 | Step Count: 2107095 | Episode Q0:    40.10
Episode: 2233/7000 | Episode reward:   716.27 | Episode steps: 2500 | Average reward:   683.04 | Step Count: 2109595 | Episode Q0:    40.10
Episode: 2234/7000 | Episode reward:   739.73 | Episode steps: 2500 | Average reward:   663.90 | Step Count: 2112095 | Episode Q0:    40.10
Episode: 2235/7000 | Episode reward:   726.56 | Episode steps: 2500 | Average reward:   646.06 | Step Count: 2114595 | Episode Q0:    40.10
Episode: 2236/7000 | Episode reward:   776.17 | Episode steps: 2500 | Average reward:   637.43 | Step Count: 2117095 | Episode Q0:    40.10
Episode: 2237/7000 | Episode reward:   704.59 | Episode steps: 2500 | Average reward:   685.25 | Step Count: 2119595 | Episode Q0:    40.10
Episode: 2238/7000 | Episode reward:   776.66 | Episode steps: 2500 | Average reward:   752.46 | Step Count: 2122095 | Episode Q0:    40.10
Episode: 2239/7000 | Episode reward:   733.67 | Episode steps: 2500 | Average reward:   739.52 | Step Count: 2124595 | Episode Q0:    40.10
Episode: 2240/7000 | Episode reward:   841.27 | Episode steps: 2500 | Average reward:   753.51 | Step Count: 2127095 | Episode Q0:    40.10
Episode: 2241/7000 | Episode reward:   760.22 | Episode steps: 2500 | Average reward:   755.40 | Step Count: 2129595 | Episode Q0:    40.10
Episode: 2242/7000 | Episode reward:   727.12 | Episode steps: 2500 | Average reward:   750.23 | Step Count: 2132095 | Episode Q0:    40.10
Episode: 2243/7000 | Episode reward:   763.46 | Episode steps: 2500 | Average reward:   754.95 | Step Count: 2134595 | Episode Q0:    40.10
Episode: 2244/7000 | Episode reward:   609.13 | Episode steps: 2500 | Average reward:   741.89 | Step Count: 2137095 | Episode Q0:    40.10
Episode: 2245/7000 | Episode reward:   786.79 | Episode steps: 2500 | Average reward:   747.91 | Step Count: 2139595 | Episode Q0:    40.10
Episode: 2246/7000 | Episode reward:   783.12 | Episode steps: 2500 | Average reward:   748.60 | Step Count: 2142095 | Episode Q0:    40.10
Episode: 2247/7000 | Episode reward:   221.60 | Episode steps:  296 | Average reward:   700.30 | Step Count: 2142391 | Episode Q0:    40.10
Episode: 2248/7000 | Episode reward:   887.36 | Episode steps: 2500 | Average reward:   711.37 | Step Count: 2144891 | Episode Q0:    40.10
Episode: 2249/7000 | Episode reward:   749.73 | Episode steps: 2500 | Average reward:   712.98 | Step Count: 2147391 | Episode Q0:    40.10
Episode: 2250/7000 | Episode reward:   767.68 | Episode steps: 2500 | Average reward:   705.62 | Step Count: 2149891 | Episode Q0:    40.10
Episode: 2251/7000 | Episode reward:   788.64 | Episode steps: 2500 | Average reward:   708.46 | Step Count: 2152391 | Episode Q0:    40.10
Episode: 2252/7000 | Episode reward:   652.14 | Episode steps: 2500 | Average reward:   700.96 | Step Count: 2154891 | Episode Q0:    40.10
Episode: 2253/7000 | Episode reward:   832.95 | Episode steps: 2500 | Average reward:   707.91 | Step Count: 2157391 | Episode Q0:    37.29
Episode: 2254/7000 | Episode reward:   841.89 | Episode steps: 2500 | Average reward:   731.19 | Step Count: 2159891 | Episode Q0:    37.29
Episode: 2255/7000 | Episode reward:   846.77 | Episode steps: 2500 | Average reward:   737.19 | Step Count: 2162391 | Episode Q0:    37.29
Episode: 2256/7000 | Episode reward:   730.74 | Episode steps: 2500 | Average reward:   731.95 | Step Count: 2164891 | Episode Q0:    37.29
Episode: 2257/7000 | Episode reward:   836.90 | Episode steps: 2500 | Average reward:   793.48 | Step Count: 2167391 | Episode Q0:    37.29
Episode: 2258/7000 | Episode reward:  1033.46 | Episode steps: 2500 | Average reward:   808.09 | Step Count: 2169891 | Episode Q0:    37.29
Episode: 2259/7000 | Episode reward:   773.09 | Episode steps: 2500 | Average reward:   810.42 | Step Count: 2172391 | Episode Q0:    37.29
Episode: 2260/7000 | Episode reward:   801.38 | Episode steps: 2500 | Average reward:   813.79 | Step Count: 2174891 | Episode Q0:    37.29
Episode: 2261/7000 | Episode reward:   831.03 | Episode steps: 2500 | Average reward:   818.03 | Step Count: 2177391 | Episode Q0:    37.29
Episode: 2262/7000 | Episode reward:   824.15 | Episode steps: 2500 | Average reward:   835.23 | Step Count: 2179891 | Episode Q0:    37.29
Episode: 2263/7000 | Episode reward:   848.59 | Episode steps: 2500 | Average reward:   836.80 | Step Count: 2182391 | Episode Q0:    37.29
Episode: 2264/7000 | Episode reward:   728.98 | Episode steps: 2500 | Average reward:   825.51 | Step Count: 2184891 | Episode Q0:    37.29
Episode: 2265/7000 | Episode reward:   890.68 | Episode steps: 2500 | Average reward:   829.90 | Step Count: 2187391 | Episode Q0:    37.29
Episode: 2266/7000 | Episode reward:   825.60 | Episode steps: 2500 | Average reward:   839.39 | Step Count: 2189891 | Episode Q0:    37.29
Episode: 2267/7000 | Episode reward:   869.00 | Episode steps: 2500 | Average reward:   842.60 | Step Count: 2192391 | Episode Q0:    37.29
Episode: 2268/7000 | Episode reward:   834.73 | Episode steps: 2500 | Average reward:   822.72 | Step Count: 2194891 | Episode Q0:    37.29
Episode: 2269/7000 | Episode reward:   780.01 | Episode steps: 2500 | Average reward:   823.42 | Step Count: 2197391 | Episode Q0:    37.29
Episode: 2270/7000 | Episode reward:   835.46 | Episode steps: 2500 | Average reward:   826.82 | Step Count: 2199891 | Episode Q0:    37.29
Episode: 2271/7000 | Episode reward:   753.15 | Episode steps: 2500 | Average reward:   819.04 | Step Count: 2202391 | Episode Q0:    37.29
Episode: 2272/7000 | Episode reward:   872.07 | Episode steps: 2500 | Average reward:   823.83 | Step Count: 2204891 | Episode Q0:    37.29
Episode: 2273/7000 | Episode reward:   783.54 | Episode steps: 2500 | Average reward:   817.32 | Step Count: 2207391 | Episode Q0:    38.60
Episode: 2274/7000 | Episode reward:   737.50 | Episode steps: 2500 | Average reward:   818.17 | Step Count: 2209891 | Episode Q0:    38.60
Episode: 2275/7000 | Episode reward:   712.01 | Episode steps: 2500 | Average reward:   800.31 | Step Count: 2212391 | Episode Q0:    38.60
Episode: 2276/7000 | Episode reward:   792.85 | Episode steps: 2500 | Average reward:   797.03 | Step Count: 2214891 | Episode Q0:    38.60
Episode: 2277/7000 | Episode reward:   743.29 | Episode steps: 2500 | Average reward:   784.46 | Step Count: 2217391 | Episode Q0:    38.60
Episode: 2278/7000 | Episode reward:   727.58 | Episode steps: 2500 | Average reward:   773.75 | Step Count: 2219891 | Episode Q0:    38.60
Episode: 2279/7000 | Episode reward:   761.04 | Episode steps: 2500 | Average reward:   771.85 | Step Count: 2222391 | Episode Q0:    38.60
Episode: 2280/7000 | Episode reward:   765.54 | Episode steps: 2500 | Average reward:   764.86 | Step Count: 2224891 | Episode Q0:    38.60
Episode: 2281/7000 | Episode reward:   806.09 | Episode steps: 2500 | Average reward:   770.15 | Step Count: 2227391 | Episode Q0:    38.60
Episode: 2282/7000 | Episode reward:   769.88 | Episode steps: 2500 | Average reward:   759.93 | Step Count: 2229891 | Episode Q0:    38.60
Episode: 2283/7000 | Episode reward:   699.90 | Episode steps: 2500 | Average reward:   751.57 | Step Count: 2232391 | Episode Q0:    38.60
Episode: 2284/7000 | Episode reward:   882.48 | Episode steps: 2500 | Average reward:   766.07 | Step Count: 2234891 | Episode Q0:    38.60
Episode: 2285/7000 | Episode reward:   864.48 | Episode steps: 2500 | Average reward:   781.31 | Step Count: 2237391 | Episode Q0:    38.60
Episode: 2286/7000 | Episode reward:   802.57 | Episode steps: 2500 | Average reward:   782.28 | Step Count: 2239891 | Episode Q0:    38.60
Episode: 2287/7000 | Episode reward:   867.20 | Episode steps: 2500 | Average reward:   794.67 | Step Count: 2242391 | Episode Q0:    38.60
Episode: 2288/7000 | Episode reward:   722.07 | Episode steps: 2500 | Average reward:   794.12 | Step Count: 2244891 | Episode Q0:    38.60
Episode: 2289/7000 | Episode reward:   662.67 | Episode steps: 2500 | Average reward:   784.29 | Step Count: 2247391 | Episode Q0:    38.60
Episode: 2290/7000 | Episode reward:   765.31 | Episode steps: 2500 | Average reward:   784.26 | Step Count: 2249891 | Episode Q0:    38.60
Episode: 2291/7000 | Episode reward:   868.19 | Episode steps: 2500 | Average reward:   790.47 | Step Count: 2252391 | Episode Q0:    38.60
Episode: 2292/7000 | Episode reward:   769.43 | Episode steps: 2500 | Average reward:   790.43 | Step Count: 2254891 | Episode Q0:    38.60
Episode: 2293/7000 | Episode reward:   189.42 | Episode steps:  273 | Average reward:   739.38 | Step Count: 2255164 | Episode Q0:    38.60
Episode: 2294/7000 | Episode reward:   776.68 | Episode steps: 2500 | Average reward:   728.80 | Step Count: 2257664 | Episode Q0:    38.60
Episode: 2295/7000 | Episode reward:   948.62 | Episode steps: 2500 | Average reward:   737.22 | Step Count: 2260164 | Episode Q0:    38.60
Episode: 2296/7000 | Episode reward:   743.27 | Episode steps: 2500 | Average reward:   731.29 | Step Count: 2262664 | Episode Q0:    38.60
Episode: 2297/7000 | Episode reward:   739.61 | Episode steps: 2500 | Average reward:   718.53 | Step Count: 2265164 | Episode Q0:    39.56
Episode: 2298/7000 | Episode reward:   836.08 | Episode steps: 2500 | Average reward:   729.93 | Step Count: 2267664 | Episode Q0:    39.56
Episode: 2299/7000 | Episode reward:   760.54 | Episode steps: 2500 | Average reward:   739.71 | Step Count: 2270164 | Episode Q0:    39.56
Episode: 2300/7000 | Episode reward:   742.29 | Episode steps: 2500 | Average reward:   737.41 | Step Count: 2272664 | Episode Q0:    39.56
Episode: 2301/7000 | Episode reward:   818.27 | Episode steps: 2500 | Average reward:   732.42 | Step Count: 2275164 | Episode Q0:    39.56
Episode: 2302/7000 | Episode reward:   759.96 | Episode steps: 2500 | Average reward:   731.47 | Step Count: 2277664 | Episode Q0:    39.56
Episode: 2303/7000 | Episode reward:   784.72 | Episode steps: 2500 | Average reward:   791.00 | Step Count: 2280164 | Episode Q0:    39.56
Episode: 2304/7000 | Episode reward:   729.36 | Episode steps: 2500 | Average reward:   786.27 | Step Count: 2282664 | Episode Q0:    39.56
Episode: 2305/7000 | Episode reward:   800.46 | Episode steps: 2500 | Average reward:   771.46 | Step Count: 2285164 | Episode Q0:    39.56
Episode: 2306/7000 | Episode reward:   735.60 | Episode steps: 2500 | Average reward:   770.69 | Step Count: 2287664 | Episode Q0:    39.56
Episode: 2307/7000 | Episode reward:   870.63 | Episode steps: 2500 | Average reward:   783.79 | Step Count: 2290164 | Episode Q0:    39.56
Episode: 2308/7000 | Episode reward:   799.01 | Episode steps: 2500 | Average reward:   780.08 | Step Count: 2292664 | Episode Q0:    39.56
Episode: 2309/7000 | Episode reward:   734.08 | Episode steps: 2500 | Average reward:   777.44 | Step Count: 2295164 | Episode Q0:    39.56
Episode: 2310/7000 | Episode reward:   734.05 | Episode steps: 2500 | Average reward:   776.61 | Step Count: 2297664 | Episode Q0:    39.56
Episode: 2311/7000 | Episode reward:   783.04 | Episode steps: 2500 | Average reward:   773.09 | Step Count: 2300164 | Episode Q0:    39.56
Episode: 2312/7000 | Episode reward:   775.88 | Episode steps: 2500 | Average reward:   774.68 | Step Count: 2302664 | Episode Q0:    39.56
Episode: 2313/7000 | Episode reward:   784.05 | Episode steps: 2500 | Average reward:   774.62 | Step Count: 2305164 | Episode Q0:    39.56
Episode: 2314/7000 | Episode reward:   735.56 | Episode steps: 2500 | Average reward:   775.24 | Step Count: 2307664 | Episode Q0:    39.56
Episode: 2315/7000 | Episode reward:   776.84 | Episode steps: 2500 | Average reward:   772.88 | Step Count: 2310164 | Episode Q0:    39.56
Episode: 2316/7000 | Episode reward:   888.75 | Episode steps: 2500 | Average reward:   788.19 | Step Count: 2312664 | Episode Q0:    39.56
Episode: 2317/7000 | Episode reward:   783.76 | Episode steps: 2500 | Average reward:   779.50 | Step Count: 2315164 | Episode Q0:    38.12
Episode: 2318/7000 | Episode reward:   900.16 | Episode steps: 2500 | Average reward:   789.62 | Step Count: 2317664 | Episode Q0:    38.12
Episode: 2319/7000 | Episode reward:   874.49 | Episode steps: 2500 | Average reward:   803.66 | Step Count: 2320164 | Episode Q0:    38.12
Episode: 2320/7000 | Episode reward:   889.78 | Episode steps: 2500 | Average reward:   819.23 | Step Count: 2322664 | Episode Q0:    38.12
Episode: 2321/7000 | Episode reward:   856.10 | Episode steps: 2500 | Average reward:   826.54 | Step Count: 2325164 | Episode Q0:    38.12
Episode: 2322/7000 | Episode reward:   843.60 | Episode steps: 2500 | Average reward:   833.31 | Step Count: 2327664 | Episode Q0:    38.12
Episode: 2323/7000 | Episode reward:   766.14 | Episode steps: 2500 | Average reward:   831.52 | Step Count: 2330164 | Episode Q0:    38.12
Episode: 2324/7000 | Episode reward:   828.05 | Episode steps: 2500 | Average reward:   840.77 | Step Count: 2332664 | Episode Q0:    38.12
Episode: 2325/7000 | Episode reward:   805.33 | Episode steps: 2500 | Average reward:   843.62 | Step Count: 2335164 | Episode Q0:    38.12
Episode: 2326/7000 | Episode reward:   764.84 | Episode steps: 2500 | Average reward:   831.22 | Step Count: 2337664 | Episode Q0:    38.12
Episode: 2327/7000 | Episode reward:   811.78 | Episode steps: 2500 | Average reward:   834.03 | Step Count: 2340164 | Episode Q0:    38.12
Episode: 2328/7000 | Episode reward:   778.94 | Episode steps: 2500 | Average reward:   821.90 | Step Count: 2342664 | Episode Q0:    38.12
Episode: 2329/7000 | Episode reward:   852.08 | Episode steps: 2500 | Average reward:   819.66 | Step Count: 2345164 | Episode Q0:    38.12
Episode: 2330/7000 | Episode reward:   889.77 | Episode steps: 2500 | Average reward:   819.66 | Step Count: 2347664 | Episode Q0:    38.12
Episode: 2331/7000 | Episode reward:   842.23 | Episode steps: 2500 | Average reward:   818.28 | Step Count: 2350164 | Episode Q0:    38.12
Episode: 2332/7000 | Episode reward:   876.77 | Episode steps: 2500 | Average reward:   821.59 | Step Count: 2352664 | Episode Q0:    38.12
Episode: 2333/7000 | Episode reward:   856.15 | Episode steps: 2500 | Average reward:   830.59 | Step Count: 2355164 | Episode Q0:    38.12
Episode: 2334/7000 | Episode reward:   772.39 | Episode steps: 2500 | Average reward:   825.03 | Step Count: 2357664 | Episode Q0:    38.12
Episode: 2335/7000 | Episode reward:   804.05 | Episode steps: 2500 | Average reward:   824.90 | Step Count: 2360164 | Episode Q0:    38.12
Episode: 2336/7000 | Episode reward:   785.58 | Episode steps: 2500 | Average reward:   826.97 | Step Count: 2362664 | Episode Q0:    38.12
Episode: 2337/7000 | Episode reward:   897.22 | Episode steps: 2500 | Average reward:   835.52 | Step Count: 2365164 | Episode Q0:    38.12
Episode: 2338/7000 | Episode reward:   858.77 | Episode steps: 2500 | Average reward:   843.50 | Step Count: 2367664 | Episode Q0:    38.12
Episode: 2339/7000 | Episode reward:  1130.11 | Episode steps: 2500 | Average reward:   871.30 | Step Count: 2370164 | Episode Q0:    38.12
Episode: 2340/7000 | Episode reward:   837.61 | Episode steps: 2500 | Average reward:   866.09 | Step Count: 2372664 | Episode Q0:    38.12
Episode: 2341/7000 | Episode reward:   950.19 | Episode steps: 2500 | Average reward:   876.88 | Step Count: 2375164 | Episode Q0:    40.38
Episode: 2342/7000 | Episode reward:   865.95 | Episode steps: 2500 | Average reward:   875.80 | Step Count: 2377664 | Episode Q0:    40.38
Episode: 2343/7000 | Episode reward:   876.99 | Episode steps: 2500 | Average reward:   877.89 | Step Count: 2380164 | Episode Q0:    40.38
Episode: 2344/7000 | Episode reward:   793.10 | Episode steps: 2500 | Average reward:   879.96 | Step Count: 2382664 | Episode Q0:    40.38
Episode: 2345/7000 | Episode reward:   917.85 | Episode steps: 2500 | Average reward:   891.34 | Step Count: 2385164 | Episode Q0:    40.38
Episode: 2346/7000 | Episode reward:   922.04 | Episode steps: 2500 | Average reward:   904.98 | Step Count: 2387664 | Episode Q0:    40.38
Episode: 2347/7000 | Episode reward:   953.45 | Episode steps: 2500 | Average reward:   910.61 | Step Count: 2390164 | Episode Q0:    40.38
Episode: 2348/7000 | Episode reward:   822.05 | Episode steps: 2500 | Average reward:   906.93 | Step Count: 2392664 | Episode Q0:    40.38
Episode: 2349/7000 | Episode reward:   973.09 | Episode steps: 2500 | Average reward:   891.23 | Step Count: 2395164 | Episode Q0:    40.38
Episode: 2350/7000 | Episode reward:   828.87 | Episode steps: 2500 | Average reward:   890.36 | Step Count: 2397664 | Episode Q0:    40.38
Episode: 2351/7000 | Episode reward:   764.07 | Episode steps: 2500 | Average reward:   871.75 | Step Count: 2400164 | Episode Q0:    40.38
Episode: 2352/7000 | Episode reward:   832.13 | Episode steps: 2500 | Average reward:   868.36 | Step Count: 2402664 | Episode Q0:    40.38
Episode: 2353/7000 | Episode reward:   831.74 | Episode steps: 2500 | Average reward:   863.84 | Step Count: 2405164 | Episode Q0:    40.38
Episode: 2354/7000 | Episode reward:   885.80 | Episode steps: 2500 | Average reward:   873.11 | Step Count: 2407664 | Episode Q0:    40.38
Episode: 2355/7000 | Episode reward:   913.29 | Episode steps: 2500 | Average reward:   872.65 | Step Count: 2410164 | Episode Q0:    40.38
Episode: 2356/7000 | Episode reward:   821.76 | Episode steps: 2500 | Average reward:   862.62 | Step Count: 2412664 | Episode Q0:    40.38
Episode: 2357/7000 | Episode reward:   837.28 | Episode steps: 2500 | Average reward:   851.01 | Step Count: 2415164 | Episode Q0:    40.38
Episode: 2358/7000 | Episode reward:   769.34 | Episode steps: 2500 | Average reward:   845.74 | Step Count: 2417664 | Episode Q0:    40.38
Episode: 2359/7000 | Episode reward:   960.13 | Episode steps: 2500 | Average reward:   844.44 | Step Count: 2420164 | Episode Q0:    40.38
Episode: 2360/7000 | Episode reward:   806.13 | Episode steps: 2500 | Average reward:   842.17 | Step Count: 2422664 | Episode Q0:    40.38
Episode: 2361/7000 | Episode reward:   906.05 | Episode steps: 2500 | Average reward:   856.37 | Step Count: 2425164 | Episode Q0:    42.97
Episode: 2362/7000 | Episode reward:   907.04 | Episode steps: 2500 | Average reward:   863.86 | Step Count: 2427664 | Episode Q0:    42.97
Episode: 2363/7000 | Episode reward:   891.66 | Episode steps: 2500 | Average reward:   869.85 | Step Count: 2430164 | Episode Q0:    42.97
Episode: 2364/7000 | Episode reward:  1047.00 | Episode steps: 2500 | Average reward:   885.97 | Step Count: 2432664 | Episode Q0:    42.97
Episode: 2365/7000 | Episode reward:   828.07 | Episode steps: 2500 | Average reward:   877.45 | Step Count: 2435164 | Episode Q0:    42.97
Episode: 2366/7000 | Episode reward:   976.33 | Episode steps: 2500 | Average reward:   892.90 | Step Count: 2437664 | Episode Q0:    42.97
Episode: 2367/7000 | Episode reward:   878.65 | Episode steps: 2500 | Average reward:   897.04 | Step Count: 2440164 | Episode Q0:    42.97
Episode: 2368/7000 | Episode reward:   855.08 | Episode steps: 2500 | Average reward:   905.61 | Step Count: 2442664 | Episode Q0:    42.97
Episode: 2369/7000 | Episode reward:   888.86 | Episode steps: 2500 | Average reward:   898.49 | Step Count: 2445164 | Episode Q0:    42.97
Episode: 2370/7000 | Episode reward:   869.55 | Episode steps: 2500 | Average reward:   904.83 | Step Count: 2447664 | Episode Q0:    42.97
Episode: 2371/7000 | Episode reward:  1046.20 | Episode steps: 2500 | Average reward:   918.84 | Step Count: 2450164 | Episode Q0:    42.97
Episode: 2372/7000 | Episode reward:   832.53 | Episode steps: 2500 | Average reward:   911.39 | Step Count: 2452664 | Episode Q0:    42.97
Episode: 2373/7000 | Episode reward:   896.76 | Episode steps: 2500 | Average reward:   911.90 | Step Count: 2455164 | Episode Q0:    42.97
Episode: 2374/7000 | Episode reward:   917.58 | Episode steps: 2500 | Average reward:   898.96 | Step Count: 2457664 | Episode Q0:    42.97
Episode: 2375/7000 | Episode reward:   829.55 | Episode steps: 2500 | Average reward:   899.11 | Step Count: 2460164 | Episode Q0:    42.97
Episode: 2376/7000 | Episode reward:   882.55 | Episode steps: 2500 | Average reward:   889.73 | Step Count: 2462664 | Episode Q0:    42.97
Episode: 2377/7000 | Episode reward:   919.39 | Episode steps: 2500 | Average reward:   893.80 | Step Count: 2465164 | Episode Q0:    42.97
Episode: 2378/7000 | Episode reward:   920.33 | Episode steps: 2500 | Average reward:   900.33 | Step Count: 2467664 | Episode Q0:    42.97
Episode: 2379/7000 | Episode reward:   763.14 | Episode steps: 2500 | Average reward:   887.76 | Step Count: 2470164 | Episode Q0:    42.97
Episode: 2380/7000 | Episode reward:   906.11 | Episode steps: 2500 | Average reward:   891.41 | Step Count: 2472664 | Episode Q0:    42.97
Episode: 2381/7000 | Episode reward:   869.14 | Episode steps: 2500 | Average reward:   873.71 | Step Count: 2475164 | Episode Q0:    42.97
Episode: 2382/7000 | Episode reward:   884.10 | Episode steps: 2500 | Average reward:   878.87 | Step Count: 2477664 | Episode Q0:    42.97
Episode: 2383/7000 | Episode reward:   924.39 | Episode steps: 2500 | Average reward:   881.63 | Step Count: 2480164 | Episode Q0:    42.97
Episode: 2384/7000 | Episode reward:   783.28 | Episode steps: 2500 | Average reward:   868.20 | Step Count: 2482664 | Episode Q0:    42.97
Episode: 2385/7000 | Episode reward:   785.00 | Episode steps: 2500 | Average reward:   863.74 | Step Count: 2485164 | Episode Q0:    39.46
Episode: 2386/7000 | Episode reward:   719.12 | Episode steps: 2500 | Average reward:   847.40 | Step Count: 2487664 | Episode Q0:    39.46
Episode: 2387/7000 | Episode reward:   707.78 | Episode steps: 2500 | Average reward:   826.24 | Step Count: 2490164 | Episode Q0:    39.46
Episode: 2388/7000 | Episode reward:   765.53 | Episode steps: 2500 | Average reward:   810.76 | Step Count: 2492664 | Episode Q0:    39.46
Episode: 2389/7000 | Episode reward:   797.91 | Episode steps: 2500 | Average reward:   814.24 | Step Count: 2495164 | Episode Q0:    39.46
Episode: 2390/7000 | Episode reward:  1001.37 | Episode steps: 2500 | Average reward:   823.76 | Step Count: 2497664 | Episode Q0:    39.46
Episode: 2391/7000 | Episode reward:   731.59 | Episode steps: 2500 | Average reward:   810.01 | Step Count: 2500164 | Episode Q0:    39.46
Episode: 2392/7000 | Episode reward:   831.82 | Episode steps: 2500 | Average reward:   804.78 | Step Count: 2502664 | Episode Q0:    39.46
Episode: 2393/7000 | Episode reward:   737.16 | Episode steps: 2500 | Average reward:   786.06 | Step Count: 2505164 | Episode Q0:    39.46
Episode: 2394/7000 | Episode reward:   745.91 | Episode steps: 2500 | Average reward:   782.32 | Step Count: 2507664 | Episode Q0:    39.46
Episode: 2395/7000 | Episode reward:   804.65 | Episode steps: 2500 | Average reward:   784.28 | Step Count: 2510164 | Episode Q0:    39.46
Episode: 2396/7000 | Episode reward:   796.47 | Episode steps: 2500 | Average reward:   792.02 | Step Count: 2512664 | Episode Q0:    39.46
Episode: 2397/7000 | Episode reward:  1013.28 | Episode steps: 2500 | Average reward:   822.57 | Step Count: 2515164 | Episode Q0:    39.46
Episode: 2398/7000 | Episode reward:   781.06 | Episode steps: 2500 | Average reward:   824.12 | Step Count: 2517664 | Episode Q0:    39.46
Episode: 2399/7000 | Episode reward:   664.15 | Episode steps: 2500 | Average reward:   810.75 | Step Count: 2520164 | Episode Q0:    39.46
Episode: 2400/7000 | Episode reward:   764.42 | Episode steps: 2500 | Average reward:   787.05 | Step Count: 2522664 | Episode Q0:    39.46
Episode: 2401/7000 | Episode reward:   823.98 | Episode steps: 2500 | Average reward:   796.29 | Step Count: 2525164 | Episode Q0:    39.46
Episode: 2402/7000 | Episode reward:   226.89 | Episode steps:  317 | Average reward:   735.80 | Step Count: 2525481 | Episode Q0:    39.46
Episode: 2403/7000 | Episode reward:   741.29 | Episode steps: 2500 | Average reward:   736.21 | Step Count: 2527981 | Episode Q0:    39.46
Episode: 2404/7000 | Episode reward:   768.28 | Episode steps: 2500 | Average reward:   738.45 | Step Count: 2530481 | Episode Q0:    39.46
Episode: 2405/7000 | Episode reward:   158.34 | Episode steps:  218 | Average reward:   673.82 | Step Count: 2530699 | Episode Q0:    39.46
Episode: 2406/7000 | Episode reward:   128.61 | Episode steps:  203 | Average reward:   607.03 | Step Count: 2530902 | Episode Q0:    39.46
Episode: 2407/7000 | Episode reward:   811.57 | Episode steps: 2500 | Average reward:   586.86 | Step Count: 2533402 | Episode Q0:    41.76
Episode: 2408/7000 | Episode reward:   784.22 | Episode steps: 2500 | Average reward:   587.17 | Step Count: 2535902 | Episode Q0:    41.76
Episode: 2409/7000 | Episode reward:   805.13 | Episode steps: 2500 | Average reward:   601.27 | Step Count: 2538402 | Episode Q0:    41.76
Episode: 2410/7000 | Episode reward:   657.55 | Episode steps: 2500 | Average reward:   590.59 | Step Count: 2540902 | Episode Q0:    41.76
Episode: 2411/7000 | Episode reward:   825.90 | Episode steps: 2500 | Average reward:   590.78 | Step Count: 2543402 | Episode Q0:    41.76
Episode: 2412/7000 | Episode reward:   872.08 | Episode steps: 2500 | Average reward:   655.30 | Step Count: 2545902 | Episode Q0:    41.76
Episode: 2413/7000 | Episode reward:   778.20 | Episode steps: 2500 | Average reward:   658.99 | Step Count: 2548402 | Episode Q0:    41.76
Episode: 2414/7000 | Episode reward:   854.63 | Episode steps: 2500 | Average reward:   667.62 | Step Count: 2550902 | Episode Q0:    41.76
Episode: 2415/7000 | Episode reward:   785.44 | Episode steps: 2500 | Average reward:   730.33 | Step Count: 2553402 | Episode Q0:    41.76
Episode: 2416/7000 | Episode reward:   762.55 | Episode steps: 2500 | Average reward:   793.73 | Step Count: 2555902 | Episode Q0:    41.76
Episode: 2417/7000 | Episode reward:   241.48 | Episode steps:  296 | Average reward:   736.72 | Step Count: 2556198 | Episode Q0:    41.76
Episode: 2418/7000 | Episode reward:   778.00 | Episode steps: 2500 | Average reward:   736.10 | Step Count: 2558698 | Episode Q0:    41.76
Episode: 2419/7000 | Episode reward:   794.25 | Episode steps: 2500 | Average reward:   735.01 | Step Count: 2561198 | Episode Q0:    41.76
Episode: 2420/7000 | Episode reward:   710.41 | Episode steps: 2500 | Average reward:   740.29 | Step Count: 2563698 | Episode Q0:    41.76
Episode: 2421/7000 | Episode reward:   868.34 | Episode steps: 2500 | Average reward:   744.54 | Step Count: 2566198 | Episode Q0:    41.76
Episode: 2422/7000 | Episode reward:   731.50 | Episode steps: 2500 | Average reward:   730.48 | Step Count: 2568698 | Episode Q0:    41.76
Episode: 2423/7000 | Episode reward:   821.11 | Episode steps: 2500 | Average reward:   734.77 | Step Count: 2571198 | Episode Q0:    41.76
Episode: 2424/7000 | Episode reward:   738.35 | Episode steps: 2500 | Average reward:   723.14 | Step Count: 2573698 | Episode Q0:    41.76
Episode: 2425/7000 | Episode reward:   740.88 | Episode steps: 2500 | Average reward:   718.69 | Step Count: 2576198 | Episode Q0:    41.76
Episode: 2426/7000 | Episode reward:   803.76 | Episode steps: 2500 | Average reward:   722.81 | Step Count: 2578698 | Episode Q0:    41.76
Episode: 2427/7000 | Episode reward:   776.00 | Episode steps: 2500 | Average reward:   776.26 | Step Count: 2581198 | Episode Q0:    41.76
Episode: 2428/7000 | Episode reward:   677.10 | Episode steps: 2500 | Average reward:   766.17 | Step Count: 2583698 | Episode Q0:    41.76
Episode: 2429/7000 | Episode reward:    76.45 | Episode steps:  173 | Average reward:   694.39 | Step Count: 2583871 | Episode Q0:    41.76
Episode: 2430/7000 | Episode reward:   831.36 | Episode steps: 2500 | Average reward:   706.48 | Step Count: 2586371 | Episode Q0:    40.80
Episode: 2431/7000 | Episode reward:   773.11 | Episode steps: 2500 | Average reward:   696.96 | Step Count: 2588871 | Episode Q0:    40.80
Episode: 2432/7000 | Episode reward:   814.51 | Episode steps: 2500 | Average reward:   705.26 | Step Count: 2591371 | Episode Q0:    40.80
Episode: 2433/7000 | Episode reward:   805.94 | Episode steps: 2500 | Average reward:   703.74 | Step Count: 2593871 | Episode Q0:    40.80
Episode: 2434/7000 | Episode reward:   745.34 | Episode steps: 2500 | Average reward:   704.44 | Step Count: 2596371 | Episode Q0:    40.80
Episode: 2435/7000 | Episode reward:   812.34 | Episode steps: 2500 | Average reward:   711.59 | Step Count: 2598871 | Episode Q0:    40.80
Episode: 2436/7000 | Episode reward:   759.97 | Episode steps: 2500 | Average reward:   707.21 | Step Count: 2601371 | Episode Q0:    40.80
Episode: 2437/7000 | Episode reward:   802.65 | Episode steps: 2500 | Average reward:   709.88 | Step Count: 2603871 | Episode Q0:    40.80
Episode: 2438/7000 | Episode reward:   749.12 | Episode steps: 2500 | Average reward:   717.08 | Step Count: 2606371 | Episode Q0:    40.80
Episode: 2439/7000 | Episode reward:   767.30 | Episode steps: 2500 | Average reward:   786.16 | Step Count: 2608871 | Episode Q0:    40.80
Episode: 2440/7000 | Episode reward:   787.13 | Episode steps: 2500 | Average reward:   781.74 | Step Count: 2611371 | Episode Q0:    40.80
Episode: 2441/7000 | Episode reward:   847.78 | Episode steps: 2500 | Average reward:   789.21 | Step Count: 2613871 | Episode Q0:    40.80
Episode: 2442/7000 | Episode reward:   810.35 | Episode steps: 2500 | Average reward:   788.79 | Step Count: 2616371 | Episode Q0:    40.80
Episode: 2443/7000 | Episode reward:   174.99 | Episode steps:  223 | Average reward:   725.70 | Step Count: 2616594 | Episode Q0:    40.80
Episode: 2444/7000 | Episode reward:   736.18 | Episode steps: 2500 | Average reward:   724.78 | Step Count: 2619094 | Episode Q0:    40.80
Episode: 2445/7000 | Episode reward:   801.01 | Episode steps: 2500 | Average reward:   723.65 | Step Count: 2621594 | Episode Q0:    40.80
Episode: 2446/7000 | Episode reward:   892.98 | Episode steps: 2500 | Average reward:   736.95 | Step Count: 2624094 | Episode Q0:    40.80
Episode: 2447/7000 | Episode reward:   842.21 | Episode steps: 2500 | Average reward:   740.91 | Step Count: 2626594 | Episode Q0:    40.80
Episode: 2448/7000 | Episode reward:   970.71 | Episode steps: 2500 | Average reward:   763.06 | Step Count: 2629094 | Episode Q0:    40.80
Episode: 2449/7000 | Episode reward:   778.50 | Episode steps: 2500 | Average reward:   764.18 | Step Count: 2631594 | Episode Q0:    40.80
Episode: 2450/7000 | Episode reward:   800.96 | Episode steps: 2500 | Average reward:   765.57 | Step Count: 2634094 | Episode Q0:    40.80
Episode: 2451/7000 | Episode reward:   200.48 | Episode steps:  293 | Average reward:   700.84 | Step Count: 2634387 | Episode Q0:    40.80
Episode: 2452/7000 | Episode reward:   732.77 | Episode steps: 2500 | Average reward:   693.08 | Step Count: 2636887 | Episode Q0:    40.84
Episode: 2453/7000 | Episode reward:   715.39 | Episode steps: 2500 | Average reward:   747.12 | Step Count: 2639387 | Episode Q0:    40.84
Episode: 2454/7000 | Episode reward:   762.50 | Episode steps: 2500 | Average reward:   749.75 | Step Count: 2641887 | Episode Q0:    40.84
Episode: 2455/7000 | Episode reward:   749.47 | Episode steps: 2500 | Average reward:   744.60 | Step Count: 2644387 | Episode Q0:    40.84
Episode: 2456/7000 | Episode reward:   728.65 | Episode steps: 2500 | Average reward:   728.17 | Step Count: 2646887 | Episode Q0:    40.84
Episode: 2457/7000 | Episode reward:   707.58 | Episode steps: 2500 | Average reward:   714.70 | Step Count: 2649387 | Episode Q0:    40.84
Episode: 2458/7000 | Episode reward:   770.28 | Episode steps: 2500 | Average reward:   694.66 | Step Count: 2651887 | Episode Q0:    40.84
Episode: 2459/7000 | Episode reward:   829.40 | Episode steps: 2500 | Average reward:   699.75 | Step Count: 2654387 | Episode Q0:    40.84
Episode: 2460/7000 | Episode reward:   804.12 | Episode steps: 2500 | Average reward:   700.07 | Step Count: 2656887 | Episode Q0:    40.84
Episode: 2461/7000 | Episode reward:   831.35 | Episode steps: 2500 | Average reward:   763.15 | Step Count: 2659387 | Episode Q0:    40.84
Episode: 2462/7000 | Episode reward:   747.55 | Episode steps: 2500 | Average reward:   764.63 | Step Count: 2661887 | Episode Q0:    40.84
Episode: 2463/7000 | Episode reward:   650.16 | Episode steps: 2500 | Average reward:   758.11 | Step Count: 2664387 | Episode Q0:    40.84
Episode: 2464/7000 | Episode reward:   657.07 | Episode steps: 2500 | Average reward:   747.56 | Step Count: 2666887 | Episode Q0:    40.84
Episode: 2465/7000 | Episode reward:   743.76 | Episode steps: 2500 | Average reward:   746.99 | Step Count: 2669387 | Episode Q0:    40.84
Episode: 2466/7000 | Episode reward:   777.71 | Episode steps: 2500 | Average reward:   751.90 | Step Count: 2671887 | Episode Q0:    40.84
Episode: 2467/7000 | Episode reward:   696.34 | Episode steps: 2500 | Average reward:   750.78 | Step Count: 2674387 | Episode Q0:    40.84
Episode: 2468/7000 | Episode reward:   642.09 | Episode steps: 2500 | Average reward:   737.96 | Step Count: 2676887 | Episode Q0:    40.84
Episode: 2469/7000 | Episode reward:   724.02 | Episode steps: 2500 | Average reward:   727.42 | Step Count: 2679387 | Episode Q0:    40.84
Episode: 2470/7000 | Episode reward:   808.92 | Episode steps: 2500 | Average reward:   727.90 | Step Count: 2681887 | Episode Q0:    40.84
Episode: 2471/7000 | Episode reward:   776.09 | Episode steps: 2500 | Average reward:   722.37 | Step Count: 2684387 | Episode Q0:    40.84
Episode: 2472/7000 | Episode reward:   709.99 | Episode steps: 2500 | Average reward:   718.62 | Step Count: 2686887 | Episode Q0:    40.84
Episode: 2473/7000 | Episode reward:   830.47 | Episode steps: 2500 | Average reward:   736.65 | Step Count: 2689387 | Episode Q0:    40.84
Episode: 2474/7000 | Episode reward:   762.16 | Episode steps: 2500 | Average reward:   747.16 | Step Count: 2691887 | Episode Q0:    40.57
Episode: 2475/7000 | Episode reward:   985.38 | Episode steps: 2500 | Average reward:   771.32 | Step Count: 2694387 | Episode Q0:    40.57
Episode: 2476/7000 | Episode reward:   668.61 | Episode steps: 2500 | Average reward:   760.41 | Step Count: 2696887 | Episode Q0:    40.57
Episode: 2477/7000 | Episode reward:   865.84 | Episode steps: 2500 | Average reward:   777.36 | Step Count: 2699387 | Episode Q0:    40.57
Episode: 2478/7000 | Episode reward:   809.41 | Episode steps: 2500 | Average reward:   794.09 | Step Count: 2701887 | Episode Q0:    40.57
Episode: 2479/7000 | Episode reward:   861.98 | Episode steps: 2500 | Average reward:   807.88 | Step Count: 2704387 | Episode Q0:    40.57
Episode: 2480/7000 | Episode reward:   736.20 | Episode steps: 2500 | Average reward:   800.61 | Step Count: 2706887 | Episode Q0:    40.57
Episode: 2481/7000 | Episode reward:   785.01 | Episode steps: 2500 | Average reward:   801.50 | Step Count: 2709387 | Episode Q0:    40.57
Episode: 2482/7000 | Episode reward:   702.19 | Episode steps: 2500 | Average reward:   800.72 | Step Count: 2711887 | Episode Q0:    40.57
Episode: 2483/7000 | Episode reward:   686.39 | Episode steps: 2500 | Average reward:   786.32 | Step Count: 2714387 | Episode Q0:    40.57
Episode: 2484/7000 | Episode reward:   799.22 | Episode steps: 2500 | Average reward:   790.02 | Step Count: 2716887 | Episode Q0:    40.57
Episode: 2485/7000 | Episode reward:   722.12 | Episode steps: 2500 | Average reward:   763.70 | Step Count: 2719387 | Episode Q0:    40.57
Episode: 2486/7000 | Episode reward:   909.84 | Episode steps: 2500 | Average reward:   787.82 | Step Count: 2721887 | Episode Q0:    40.57
Episode: 2487/7000 | Episode reward:   821.75 | Episode steps: 2500 | Average reward:   783.41 | Step Count: 2724387 | Episode Q0:    40.57
Episode: 2488/7000 | Episode reward:   828.08 | Episode steps: 2500 | Average reward:   785.28 | Step Count: 2726887 | Episode Q0:    40.57
Episode: 2489/7000 | Episode reward:   698.23 | Episode steps: 2500 | Average reward:   768.90 | Step Count: 2729387 | Episode Q0:    40.57
Episode: 2490/7000 | Episode reward:   821.53 | Episode steps: 2500 | Average reward:   777.44 | Step Count: 2731887 | Episode Q0:    40.57
Episode: 2491/7000 | Episode reward:   216.62 | Episode steps:  275 | Average reward:   720.60 | Step Count: 2732162 | Episode Q0:    40.57
Episode: 2492/7000 | Episode reward:   800.69 | Episode steps: 2500 | Average reward:   730.45 | Step Count: 2734662 | Episode Q0:    40.57
Episode: 2493/7000 | Episode reward:   729.09 | Episode steps: 2500 | Average reward:   734.72 | Step Count: 2737162 | Episode Q0:    40.57
Episode: 2494/7000 | Episode reward:   686.36 | Episode steps: 2500 | Average reward:   723.43 | Step Count: 2739662 | Episode Q0:    40.57
Episode: 2495/7000 | Episode reward:   740.38 | Episode steps: 2500 | Average reward:   725.26 | Step Count: 2742162 | Episode Q0:    40.57
Episode: 2496/7000 | Episode reward:    86.75 | Episode steps:  157 | Average reward:   642.95 | Step Count: 2742319 | Episode Q0:    40.57
Episode: 2497/7000 | Episode reward:   822.55 | Episode steps: 2500 | Average reward:   643.03 | Step Count: 2744819 | Episode Q0:    45.27
Episode: 2498/7000 | Episode reward:   781.36 | Episode steps: 2500 | Average reward:   638.36 | Step Count: 2747319 | Episode Q0:    45.27
Episode: 2499/7000 | Episode reward:   861.29 | Episode steps: 2500 | Average reward:   654.66 | Step Count: 2749819 | Episode Q0:    45.27
Episode: 2500/7000 | Episode reward:   839.89 | Episode steps: 2500 | Average reward:   656.50 | Step Count: 2752319 | Episode Q0:    45.27
Episode: 2501/7000 | Episode reward:   801.58 | Episode steps: 2500 | Average reward:   714.99 | Step Count: 2754819 | Episode Q0:    45.27
Episode: 2502/7000 | Episode reward:   750.94 | Episode steps: 2500 | Average reward:   710.02 | Step Count: 2757319 | Episode Q0:    45.27
Episode: 2503/7000 | Episode reward:   775.60 | Episode steps: 2500 | Average reward:   714.67 | Step Count: 2759819 | Episode Q0:    45.27
Episode: 2504/7000 | Episode reward:   832.16 | Episode steps: 2500 | Average reward:   729.25 | Step Count: 2762319 | Episode Q0:    45.27
Episode: 2505/7000 | Episode reward:   877.90 | Episode steps: 2500 | Average reward:   743.00 | Step Count: 2764819 | Episode Q0:    45.27
Episode: 2506/7000 | Episode reward:   803.24 | Episode steps: 2500 | Average reward:   814.65 | Step Count: 2767319 | Episode Q0:    45.27
Episode: 2507/7000 | Episode reward:   797.61 | Episode steps: 2500 | Average reward:   812.16 | Step Count: 2769819 | Episode Q0:    45.27
Episode: 2508/7000 | Episode reward:  1026.21 | Episode steps: 2500 | Average reward:   836.64 | Step Count: 2772319 | Episode Q0:    45.27
Episode: 2509/7000 | Episode reward:   816.98 | Episode steps: 2500 | Average reward:   832.21 | Step Count: 2774819 | Episode Q0:    45.27
Episode: 2510/7000 | Episode reward:   738.56 | Episode steps: 2500 | Average reward:   822.08 | Step Count: 2777319 | Episode Q0:    45.27
Episode: 2511/7000 | Episode reward:   754.87 | Episode steps: 2500 | Average reward:   817.41 | Step Count: 2779819 | Episode Q0:    45.27
Episode: 2512/7000 | Episode reward:   932.50 | Episode steps: 2500 | Average reward:   835.56 | Step Count: 2782319 | Episode Q0:    45.27
Episode: 2513/7000 | Episode reward:   888.70 | Episode steps: 2500 | Average reward:   846.87 | Step Count: 2784819 | Episode Q0:    45.27
Episode: 2514/7000 | Episode reward:   796.00 | Episode steps: 2500 | Average reward:   843.26 | Step Count: 2787319 | Episode Q0:    45.27
Episode: 2515/7000 | Episode reward:    65.31 | Episode steps:  139 | Average reward:   762.00 | Step Count: 2787458 | Episode Q0:    45.27
Episode: 2516/7000 | Episode reward:   710.51 | Episode steps: 2500 | Average reward:   752.73 | Step Count: 2789958 | Episode Q0:    45.27
Episode: 2517/7000 | Episode reward:   816.12 | Episode steps: 2500 | Average reward:   754.58 | Step Count: 2792458 | Episode Q0:    45.27
Episode: 2518/7000 | Episode reward:   170.89 | Episode steps:  228 | Average reward:   669.05 | Step Count: 2792686 | Episode Q0:    45.27
Episode: 2519/7000 | Episode reward:   825.85 | Episode steps: 2500 | Average reward:   669.93 | Step Count: 2795186 | Episode Q0:    42.64
Episode: 2520/7000 | Episode reward:   779.80 | Episode steps: 2500 | Average reward:   674.06 | Step Count: 2797686 | Episode Q0:    42.64
Episode: 2521/7000 | Episode reward:   806.02 | Episode steps: 2500 | Average reward:   679.17 | Step Count: 2800186 | Episode Q0:    42.64
Episode: 2522/7000 | Episode reward:   680.49 | Episode steps: 2500 | Average reward:   653.97 | Step Count: 2802686 | Episode Q0:    42.64
Episode: 2523/7000 | Episode reward:   775.41 | Episode steps: 2500 | Average reward:   642.64 | Step Count: 2805186 | Episode Q0:    42.64
Episode: 2524/7000 | Episode reward:   822.21 | Episode steps: 2500 | Average reward:   645.26 | Step Count: 2807686 | Episode Q0:    42.64
Episode: 2525/7000 | Episode reward:   782.16 | Episode steps: 2500 | Average reward:   716.95 | Step Count: 2810186 | Episode Q0:    42.64
Episode: 2526/7000 | Episode reward:   702.74 | Episode steps: 2500 | Average reward:   716.17 | Step Count: 2812686 | Episode Q0:    42.64
Episode: 2527/7000 | Episode reward:   798.17 | Episode steps: 2500 | Average reward:   714.37 | Step Count: 2815186 | Episode Q0:    42.64
Episode: 2528/7000 | Episode reward:   663.38 | Episode steps: 2500 | Average reward:   763.62 | Step Count: 2817686 | Episode Q0:    42.64
Episode: 2529/7000 | Episode reward:   823.06 | Episode steps: 2500 | Average reward:   763.34 | Step Count: 2820186 | Episode Q0:    42.64
Episode: 2530/7000 | Episode reward:   696.12 | Episode steps: 2500 | Average reward:   754.98 | Step Count: 2822686 | Episode Q0:    42.64
Episode: 2531/7000 | Episode reward:   736.47 | Episode steps: 2500 | Average reward:   748.02 | Step Count: 2825186 | Episode Q0:    42.64
Episode: 2532/7000 | Episode reward:   899.02 | Episode steps: 2500 | Average reward:   769.87 | Step Count: 2827686 | Episode Q0:    42.64
Episode: 2533/7000 | Episode reward:   725.25 | Episode steps: 2500 | Average reward:   764.86 | Step Count: 2830186 | Episode Q0:    42.64
Episode: 2534/7000 | Episode reward:    86.15 | Episode steps:  157 | Average reward:   691.25 | Step Count: 2830343 | Episode Q0:    42.64
Episode: 2535/7000 | Episode reward:   714.89 | Episode steps: 2500 | Average reward:   684.52 | Step Count: 2832843 | Episode Q0:    42.64
Episode: 2536/7000 | Episode reward:   802.80 | Episode steps: 2500 | Average reward:   694.53 | Step Count: 2835343 | Episode Q0:    42.64
Episode: 2537/7000 | Episode reward:   756.89 | Episode steps: 2500 | Average reward:   690.40 | Step Count: 2837843 | Episode Q0:    42.64
Episode: 2538/7000 | Episode reward:   734.47 | Episode steps: 2500 | Average reward:   697.51 | Step Count: 2840343 | Episode Q0:    42.64
Episode: 2539/7000 | Episode reward:   685.32 | Episode steps: 2500 | Average reward:   683.74 | Step Count: 2842843 | Episode Q0:    42.64
Episode: 2540/7000 | Episode reward:   773.94 | Episode steps: 2500 | Average reward:   691.52 | Step Count: 2845343 | Episode Q0:    42.64
Episode: 2541/7000 | Episode reward:   762.50 | Episode steps: 2500 | Average reward:   694.12 | Step Count: 2847843 | Episode Q0:    44.23
Episode: 2542/7000 | Episode reward:   802.38 | Episode steps: 2500 | Average reward:   684.46 | Step Count: 2850343 | Episode Q0:    44.23
Episode: 2543/7000 | Episode reward:   754.30 | Episode steps: 2500 | Average reward:   687.36 | Step Count: 2852843 | Episode Q0:    44.23
Episode: 2544/7000 | Episode reward:   773.21 | Episode steps: 2500 | Average reward:   756.07 | Step Count: 2855343 | Episode Q0:    44.23
Episode: 2545/7000 | Episode reward:   669.00 | Episode steps: 2500 | Average reward:   751.48 | Step Count: 2857843 | Episode Q0:    44.23
Episode: 2546/7000 | Episode reward:   755.89 | Episode steps: 2500 | Average reward:   746.79 | Step Count: 2860343 | Episode Q0:    44.23
Episode: 2547/7000 | Episode reward:   751.17 | Episode steps: 2500 | Average reward:   746.22 | Step Count: 2862843 | Episode Q0:    44.23
Episode: 2548/7000 | Episode reward:   814.92 | Episode steps: 2500 | Average reward:   754.26 | Step Count: 2865343 | Episode Q0:    44.23
Episode: 2549/7000 | Episode reward:   761.07 | Episode steps: 2500 | Average reward:   761.84 | Step Count: 2867843 | Episode Q0:    44.23
Episode: 2550/7000 | Episode reward:   777.51 | Episode steps: 2500 | Average reward:   762.20 | Step Count: 2870343 | Episode Q0:    44.23
Episode: 2551/7000 | Episode reward:   769.34 | Episode steps: 2500 | Average reward:   762.88 | Step Count: 2872843 | Episode Q0:    44.23
Episode: 2552/7000 | Episode reward:   890.67 | Episode steps: 2500 | Average reward:   771.71 | Step Count: 2875343 | Episode Q0:    44.23
Episode: 2553/7000 | Episode reward:   767.05 | Episode steps: 2500 | Average reward:   772.98 | Step Count: 2877843 | Episode Q0:    44.23
Episode: 2554/7000 | Episode reward:   730.19 | Episode steps: 2500 | Average reward:   768.68 | Step Count: 2880343 | Episode Q0:    44.23
Episode: 2555/7000 | Episode reward:   712.76 | Episode steps: 2500 | Average reward:   773.06 | Step Count: 2882843 | Episode Q0:    44.23
Episode: 2556/7000 | Episode reward:   735.36 | Episode steps: 2500 | Average reward:   771.00 | Step Count: 2885343 | Episode Q0:    44.23
Episode: 2557/7000 | Episode reward:   785.09 | Episode steps: 2500 | Average reward:   774.40 | Step Count: 2887843 | Episode Q0:    44.23
Episode: 2558/7000 | Episode reward:   707.83 | Episode steps: 2500 | Average reward:   763.69 | Step Count: 2890343 | Episode Q0:    44.23
Episode: 2559/7000 | Episode reward:   771.54 | Episode steps: 2500 | Average reward:   764.73 | Step Count: 2892843 | Episode Q0:    44.23
Episode: 2560/7000 | Episode reward:   702.54 | Episode steps: 2500 | Average reward:   757.24 | Step Count: 2895343 | Episode Q0:    44.23
Episode: 2561/7000 | Episode reward:   699.73 | Episode steps: 2500 | Average reward:   750.27 | Step Count: 2897843 | Episode Q0:    44.23
Episode: 2562/7000 | Episode reward:   690.30 | Episode steps: 2500 | Average reward:   730.24 | Step Count: 2900343 | Episode Q0:    44.23
Episode: 2563/7000 | Episode reward:   730.78 | Episode steps: 2500 | Average reward:   726.61 | Step Count: 2902843 | Episode Q0:    42.06
Episode: 2564/7000 | Episode reward:   741.43 | Episode steps: 2500 | Average reward:   727.73 | Step Count: 2905343 | Episode Q0:    42.06
Episode: 2565/7000 | Episode reward:   772.87 | Episode steps: 2500 | Average reward:   733.75 | Step Count: 2907843 | Episode Q0:    42.06
Episode: 2566/7000 | Episode reward:   741.43 | Episode steps: 2500 | Average reward:   734.35 | Step Count: 2910343 | Episode Q0:    42.06
Episode: 2567/7000 | Episode reward:   712.69 | Episode steps: 2500 | Average reward:   727.11 | Step Count: 2912843 | Episode Q0:    42.06
Episode: 2568/7000 | Episode reward:   689.94 | Episode steps: 2500 | Average reward:   725.32 | Step Count: 2915343 | Episode Q0:    42.06
Episode: 2569/7000 | Episode reward:   765.46 | Episode steps: 2500 | Average reward:   724.72 | Step Count: 2917843 | Episode Q0:    42.06
Episode: 2570/7000 | Episode reward:   718.99 | Episode steps: 2500 | Average reward:   726.36 | Step Count: 2920343 | Episode Q0:    42.06
Episode: 2571/7000 | Episode reward:   763.17 | Episode steps: 2500 | Average reward:   732.71 | Step Count: 2922843 | Episode Q0:    42.06
Episode: 2572/7000 | Episode reward:   769.33 | Episode steps: 2500 | Average reward:   740.61 | Step Count: 2925343 | Episode Q0:    42.06
Episode: 2573/7000 | Episode reward:   859.58 | Episode steps: 2500 | Average reward:   753.49 | Step Count: 2927843 | Episode Q0:    42.06
Episode: 2574/7000 | Episode reward:   690.07 | Episode steps: 2500 | Average reward:   748.35 | Step Count: 2930343 | Episode Q0:    42.06
Episode: 2575/7000 | Episode reward:   766.74 | Episode steps: 2500 | Average reward:   747.74 | Step Count: 2932843 | Episode Q0:    42.06
Episode: 2576/7000 | Episode reward:   706.64 | Episode steps: 2500 | Average reward:   744.26 | Step Count: 2935343 | Episode Q0:    42.06
Episode: 2577/7000 | Episode reward:   676.46 | Episode steps: 2500 | Average reward:   740.64 | Step Count: 2937843 | Episode Q0:    42.06
Episode: 2578/7000 | Episode reward:   687.22 | Episode steps: 2500 | Average reward:   740.37 | Step Count: 2940343 | Episode Q0:    42.06
Episode: 2579/7000 | Episode reward:   808.07 | Episode steps: 2500 | Average reward:   744.63 | Step Count: 2942843 | Episode Q0:    42.06
Episode: 2580/7000 | Episode reward:   672.67 | Episode steps: 2500 | Average reward:   739.99 | Step Count: 2945343 | Episode Q0:    42.06
Episode: 2581/7000 | Episode reward:   696.93 | Episode steps: 2500 | Average reward:   733.37 | Step Count: 2947843 | Episode Q0:    42.06
Episode: 2582/7000 | Episode reward:   772.06 | Episode steps: 2500 | Average reward:   733.64 | Step Count: 2950343 | Episode Q0:    42.06
Episode: 2583/7000 | Episode reward:   706.63 | Episode steps: 2500 | Average reward:   718.35 | Step Count: 2952843 | Episode Q0:    42.06
Episode: 2584/7000 | Episode reward:   766.47 | Episode steps: 2500 | Average reward:   725.99 | Step Count: 2955343 | Episode Q0:    42.06
Episode: 2585/7000 | Episode reward:   788.29 | Episode steps: 2500 | Average reward:   728.14 | Step Count: 2957843 | Episode Q0:    42.73
Episode: 2586/7000 | Episode reward:   822.66 | Episode steps: 2500 | Average reward:   739.74 | Step Count: 2960343 | Episode Q0:    42.73
Episode: 2587/7000 | Episode reward:   664.83 | Episode steps: 2500 | Average reward:   738.58 | Step Count: 2962843 | Episode Q0:    42.73
Episode: 2588/7000 | Episode reward:   773.26 | Episode steps: 2500 | Average reward:   747.19 | Step Count: 2965343 | Episode Q0:    42.73
Episode: 2589/7000 | Episode reward:   807.50 | Episode steps: 2500 | Average reward:   747.13 | Step Count: 2967843 | Episode Q0:    42.73
Episode: 2590/7000 | Episode reward:   796.96 | Episode steps: 2500 | Average reward:   759.56 | Step Count: 2970343 | Episode Q0:    42.73
Episode: 2591/7000 | Episode reward:   770.72 | Episode steps: 2500 | Average reward:   766.94 | Step Count: 2972843 | Episode Q0:    42.73
Episode: 2592/7000 | Episode reward:   864.09 | Episode steps: 2500 | Average reward:   776.14 | Step Count: 2975343 | Episode Q0:    42.73
Episode: 2593/7000 | Episode reward:   779.94 | Episode steps: 2500 | Average reward:   783.47 | Step Count: 2977843 | Episode Q0:    42.73
Episode: 2594/7000 | Episode reward:   643.82 | Episode steps: 2500 | Average reward:   771.21 | Step Count: 2980343 | Episode Q0:    42.73
Episode: 2595/7000 | Episode reward:   828.24 | Episode steps: 2500 | Average reward:   775.20 | Step Count: 2982843 | Episode Q0:    42.73
Episode: 2596/7000 | Episode reward:   762.78 | Episode steps: 2500 | Average reward:   769.22 | Step Count: 2985343 | Episode Q0:    42.73
Episode: 2597/7000 | Episode reward:   807.59 | Episode steps: 2500 | Average reward:   783.49 | Step Count: 2987843 | Episode Q0:    42.73
Episode: 2598/7000 | Episode reward:   732.51 | Episode steps: 2500 | Average reward:   779.42 | Step Count: 2990343 | Episode Q0:    42.73
Episode: 2599/7000 | Episode reward:   727.38 | Episode steps: 2500 | Average reward:   771.40 | Step Count: 2992843 | Episode Q0:    42.73
Episode: 2600/7000 | Episode reward:   775.66 | Episode steps: 2500 | Average reward:   769.27 | Step Count: 2995343 | Episode Q0:    42.73
Episode: 2601/7000 | Episode reward:   843.72 | Episode steps: 2500 | Average reward:   776.57 | Step Count: 2997843 | Episode Q0:    42.73
Episode: 2602/7000 | Episode reward:   806.23 | Episode steps: 2500 | Average reward:   770.79 | Step Count: 3000343 | Episode Q0:    42.73
Episode: 2603/7000 | Episode reward:   795.05 | Episode steps: 2500 | Average reward:   772.30 | Step Count: 3002843 | Episode Q0:    42.73
Episode: 2604/7000 | Episode reward:   801.84 | Episode steps: 2500 | Average reward:   788.10 | Step Count: 3005343 | Episode Q0:    42.73
Episode: 2605/7000 | Episode reward:   776.08 | Episode steps: 2500 | Average reward:   782.88 | Step Count: 3007843 | Episode Q0:    42.73
Episode: 2606/7000 | Episode reward:   734.10 | Episode steps: 2500 | Average reward:   780.01 | Step Count: 3010343 | Episode Q0:    42.73
Episode: 2607/7000 | Episode reward:   815.85 | Episode steps: 2500 | Average reward:   780.84 | Step Count: 3012843 | Episode Q0:    41.09
Episode: 2608/7000 | Episode reward:   682.80 | Episode steps: 2500 | Average reward:   775.87 | Step Count: 3015343 | Episode Q0:    41.09
Episode: 2609/7000 | Episode reward:   729.37 | Episode steps: 2500 | Average reward:   776.07 | Step Count: 3017843 | Episode Q0:    41.09
Episode: 2610/7000 | Episode reward:   739.29 | Episode steps: 2500 | Average reward:   772.43 | Step Count: 3020343 | Episode Q0:    41.09
Episode: 2611/7000 | Episode reward:   859.69 | Episode steps: 2500 | Average reward:   774.03 | Step Count: 3022843 | Episode Q0:    41.09
Episode: 2612/7000 | Episode reward:   777.69 | Episode steps: 2500 | Average reward:   771.17 | Step Count: 3025343 | Episode Q0:    41.09
Episode: 2613/7000 | Episode reward:   778.41 | Episode steps: 2500 | Average reward:   769.51 | Step Count: 3027843 | Episode Q0:    41.09
Episode: 2614/7000 | Episode reward:   820.87 | Episode steps: 2500 | Average reward:   771.41 | Step Count: 3030343 | Episode Q0:    41.09
Episode: 2615/7000 | Episode reward:   787.44 | Episode steps: 2500 | Average reward:   772.55 | Step Count: 3032843 | Episode Q0:    41.09
Episode: 2616/7000 | Episode reward:   792.36 | Episode steps: 2500 | Average reward:   778.38 | Step Count: 3035343 | Episode Q0:    41.09
Episode: 2617/7000 | Episode reward:   738.56 | Episode steps: 2500 | Average reward:   770.65 | Step Count: 3037843 | Episode Q0:    41.09
Episode: 2618/7000 | Episode reward:   793.16 | Episode steps: 2500 | Average reward:   781.68 | Step Count: 3040343 | Episode Q0:    41.09
Episode: 2619/7000 | Episode reward:   771.01 | Episode steps: 2500 | Average reward:   785.85 | Step Count: 3042843 | Episode Q0:    41.09
Episode: 2620/7000 | Episode reward:   824.59 | Episode steps: 2500 | Average reward:   794.38 | Step Count: 3045343 | Episode Q0:    41.09
Episode: 2621/7000 | Episode reward:   796.83 | Episode steps: 2500 | Average reward:   788.09 | Step Count: 3047843 | Episode Q0:    41.09
Episode: 2622/7000 | Episode reward:   787.78 | Episode steps: 2500 | Average reward:   789.10 | Step Count: 3050343 | Episode Q0:    41.09
Episode: 2623/7000 | Episode reward:   770.11 | Episode steps: 2500 | Average reward:   788.27 | Step Count: 3052843 | Episode Q0:    41.09
Episode: 2624/7000 | Episode reward:   840.65 | Episode steps: 2500 | Average reward:   790.25 | Step Count: 3055343 | Episode Q0:    41.09
Episode: 2625/7000 | Episode reward:   728.26 | Episode steps: 2500 | Average reward:   784.33 | Step Count: 3057843 | Episode Q0:    41.09
Episode: 2626/7000 | Episode reward:    47.80 | Episode steps:  151 | Average reward:   709.87 | Step Count: 3057994 | Episode Q0:    41.09
Episode: 2627/7000 | Episode reward:   857.37 | Episode steps: 2500 | Average reward:   721.76 | Step Count: 3060494 | Episode Q0:    41.09
Episode: 2628/7000 | Episode reward:   667.29 | Episode steps: 2500 | Average reward:   709.17 | Step Count: 3062994 | Episode Q0:    41.09
Episode: 2629/7000 | Episode reward:   828.84 | Episode steps: 2500 | Average reward:   714.95 | Step Count: 3065494 | Episode Q0:    44.17
Episode: 2630/7000 | Episode reward:   670.44 | Episode steps: 2500 | Average reward:   699.54 | Step Count: 3067994 | Episode Q0:    44.17
Episode: 2631/7000 | Episode reward:   748.55 | Episode steps: 2500 | Average reward:   694.71 | Step Count: 3070494 | Episode Q0:    44.17
Episode: 2632/7000 | Episode reward:   730.43 | Episode steps: 2500 | Average reward:   688.97 | Step Count: 3072994 | Episode Q0:    44.17
Episode: 2633/7000 | Episode reward:   731.58 | Episode steps: 2500 | Average reward:   685.12 | Step Count: 3075494 | Episode Q0:    44.17
Episode: 2634/7000 | Episode reward:   766.10 | Episode steps: 2500 | Average reward:   677.67 | Step Count: 3077994 | Episode Q0:    44.17
Episode: 2635/7000 | Episode reward:   761.88 | Episode steps: 2500 | Average reward:   681.03 | Step Count: 3080494 | Episode Q0:    44.17
Episode: 2636/7000 | Episode reward:   696.88 | Episode steps: 2500 | Average reward:   745.94 | Step Count: 3082994 | Episode Q0:    44.17
Episode: 2637/7000 | Episode reward:   785.64 | Episode steps: 2500 | Average reward:   738.76 | Step Count: 3085494 | Episode Q0:    44.17
Episode: 2638/7000 | Episode reward:   685.50 | Episode steps: 2500 | Average reward:   740.58 | Step Count: 3087994 | Episode Q0:    44.17
Episode: 2639/7000 | Episode reward:   723.05 | Episode steps: 2500 | Average reward:   730.01 | Step Count: 3090494 | Episode Q0:    44.17
Episode: 2640/7000 | Episode reward:   802.62 | Episode steps: 2500 | Average reward:   743.22 | Step Count: 3092994 | Episode Q0:    44.17
Episode: 2641/7000 | Episode reward:   799.07 | Episode steps: 2500 | Average reward:   748.28 | Step Count: 3095494 | Episode Q0:    44.17
Episode: 2642/7000 | Episode reward:   803.65 | Episode steps: 2500 | Average reward:   755.60 | Step Count: 3097994 | Episode Q0:    44.17
Episode: 2643/7000 | Episode reward:   809.29 | Episode steps: 2500 | Average reward:   763.37 | Step Count: 3100494 | Episode Q0:    44.17
Episode: 2644/7000 | Episode reward:   744.47 | Episode steps: 2500 | Average reward:   761.21 | Step Count: 3102994 | Episode Q0:    44.17
Episode: 2645/7000 | Episode reward:   746.24 | Episode steps: 2500 | Average reward:   759.64 | Step Count: 3105494 | Episode Q0:    44.17
Episode: 2646/7000 | Episode reward:   726.86 | Episode steps: 2500 | Average reward:   762.64 | Step Count: 3107994 | Episode Q0:    44.17
Episode: 2647/7000 | Episode reward:   815.75 | Episode steps: 2500 | Average reward:   765.65 | Step Count: 3110494 | Episode Q0:    44.17
Episode: 2648/7000 | Episode reward:   692.61 | Episode steps: 2500 | Average reward:   766.36 | Step Count: 3112994 | Episode Q0:    44.17
Episode: 2649/7000 | Episode reward:   745.73 | Episode steps: 2500 | Average reward:   768.63 | Step Count: 3115494 | Episode Q0:    44.17
Episode: 2650/7000 | Episode reward:   722.63 | Episode steps: 2500 | Average reward:   760.63 | Step Count: 3117994 | Episode Q0:    44.17
Episode: 2651/7000 | Episode reward:   686.43 | Episode steps: 2500 | Average reward:   749.37 | Step Count: 3120494 | Episode Q0:    41.90
Episode: 2652/7000 | Episode reward:   729.74 | Episode steps: 2500 | Average reward:   741.97 | Step Count: 3122994 | Episode Q0:    41.90
Episode: 2653/7000 | Episode reward:   775.84 | Episode steps: 2500 | Average reward:   738.63 | Step Count: 3125494 | Episode Q0:    41.90
Episode: 2654/7000 | Episode reward:   896.61 | Episode steps: 2500 | Average reward:   753.84 | Step Count: 3127994 | Episode Q0:    41.90
Episode: 2655/7000 | Episode reward:   854.86 | Episode steps: 2500 | Average reward:   764.71 | Step Count: 3130494 | Episode Q0:    41.90
Episode: 2656/7000 | Episode reward:   835.52 | Episode steps: 2500 | Average reward:   775.57 | Step Count: 3132994 | Episode Q0:    41.90
Episode: 2657/7000 | Episode reward:   712.31 | Episode steps: 2500 | Average reward:   765.23 | Step Count: 3135494 | Episode Q0:    41.90
Episode: 2658/7000 | Episode reward:   832.89 | Episode steps: 2500 | Average reward:   779.26 | Step Count: 3137994 | Episode Q0:    41.90
Episode: 2659/7000 | Episode reward:   857.56 | Episode steps: 2500 | Average reward:   790.44 | Step Count: 3140494 | Episode Q0:    41.90
Episode: 2660/7000 | Episode reward:   721.41 | Episode steps: 2500 | Average reward:   790.32 | Step Count: 3142994 | Episode Q0:    41.90
Episode: 2661/7000 | Episode reward:   869.48 | Episode steps: 2500 | Average reward:   808.62 | Step Count: 3145494 | Episode Q0:    41.90
Episode: 2662/7000 | Episode reward:   780.85 | Episode steps: 2500 | Average reward:   813.73 | Step Count: 3147994 | Episode Q0:    41.90
Episode: 2663/7000 | Episode reward:   836.48 | Episode steps: 2500 | Average reward:   819.80 | Step Count: 3150494 | Episode Q0:    41.90
Episode: 2664/7000 | Episode reward:   772.58 | Episode steps: 2500 | Average reward:   807.39 | Step Count: 3152994 | Episode Q0:    41.90
Episode: 2665/7000 | Episode reward:   808.71 | Episode steps: 2500 | Average reward:   802.78 | Step Count: 3155494 | Episode Q0:    41.90
Episode: 2666/7000 | Episode reward:   788.02 | Episode steps: 2500 | Average reward:   798.03 | Step Count: 3157994 | Episode Q0:    41.90
Episode: 2667/7000 | Episode reward:   830.69 | Episode steps: 2500 | Average reward:   809.87 | Step Count: 3160494 | Episode Q0:    41.90
Episode: 2668/7000 | Episode reward:   692.81 | Episode steps: 2500 | Average reward:   795.86 | Step Count: 3162994 | Episode Q0:    41.90
Episode: 2669/7000 | Episode reward:   843.86 | Episode steps: 2500 | Average reward:   794.49 | Step Count: 3165494 | Episode Q0:    41.90
Episode: 2670/7000 | Episode reward:   808.29 | Episode steps: 2500 | Average reward:   803.18 | Step Count: 3167994 | Episode Q0:    41.90
Episode: 2671/7000 | Episode reward:   769.54 | Episode steps: 2500 | Average reward:   793.18 | Step Count: 3170494 | Episode Q0:    41.90
Episode: 2672/7000 | Episode reward:   786.18 | Episode steps: 2500 | Average reward:   793.72 | Step Count: 3172994 | Episode Q0:    41.90
Episode: 2673/7000 | Episode reward:   820.36 | Episode steps: 2500 | Average reward:   792.10 | Step Count: 3175494 | Episode Q0:    43.19
Episode: 2674/7000 | Episode reward:   818.64 | Episode steps: 2500 | Average reward:   796.71 | Step Count: 3177994 | Episode Q0:    43.19
Episode: 2675/7000 | Episode reward:   820.83 | Episode steps: 2500 | Average reward:   797.92 | Step Count: 3180494 | Episode Q0:    43.19
Episode: 2676/7000 | Episode reward:   832.94 | Episode steps: 2500 | Average reward:   802.41 | Step Count: 3182994 | Episode Q0:    43.19
Episode: 2677/7000 | Episode reward:   863.92 | Episode steps: 2500 | Average reward:   805.74 | Step Count: 3185494 | Episode Q0:    43.19
Episode: 2678/7000 | Episode reward:   856.31 | Episode steps: 2500 | Average reward:   822.09 | Step Count: 3187994 | Episode Q0:    43.19
Episode: 2679/7000 | Episode reward:   775.42 | Episode steps: 2500 | Average reward:   815.24 | Step Count: 3190494 | Episode Q0:    43.19
Episode: 2680/7000 | Episode reward:   833.18 | Episode steps: 2500 | Average reward:   817.73 | Step Count: 3192994 | Episode Q0:    43.19
Episode: 2681/7000 | Episode reward:   852.65 | Episode steps: 2500 | Average reward:   826.04 | Step Count: 3195494 | Episode Q0:    43.19
Episode: 2682/7000 | Episode reward:   899.45 | Episode steps: 2500 | Average reward:   837.37 | Step Count: 3197994 | Episode Q0:    43.19
Episode: 2683/7000 | Episode reward:   660.73 | Episode steps: 2500 | Average reward:   821.41 | Step Count: 3200494 | Episode Q0:    43.19
Episode: 2684/7000 | Episode reward:   766.51 | Episode steps: 2500 | Average reward:   816.19 | Step Count: 3202994 | Episode Q0:    43.19
Episode: 2685/7000 | Episode reward:   810.90 | Episode steps: 2500 | Average reward:   815.20 | Step Count: 3205494 | Episode Q0:    43.19
Episode: 2686/7000 | Episode reward:   803.52 | Episode steps: 2500 | Average reward:   812.26 | Step Count: 3207994 | Episode Q0:    43.19
Episode: 2687/7000 | Episode reward:   809.66 | Episode steps: 2500 | Average reward:   806.83 | Step Count: 3210494 | Episode Q0:    43.19
Episode: 2688/7000 | Episode reward:   723.62 | Episode steps: 2500 | Average reward:   793.56 | Step Count: 3212994 | Episode Q0:    43.19
Episode: 2689/7000 | Episode reward:   793.54 | Episode steps: 2500 | Average reward:   795.38 | Step Count: 3215494 | Episode Q0:    43.19
Episode: 2690/7000 | Episode reward:   935.29 | Episode steps: 2500 | Average reward:   805.59 | Step Count: 3217994 | Episode Q0:    43.19
Episode: 2691/7000 | Episode reward:   765.71 | Episode steps: 2500 | Average reward:   796.89 | Step Count: 3220494 | Episode Q0:    43.19
Episode: 2692/7000 | Episode reward:   775.82 | Episode steps: 2500 | Average reward:   784.53 | Step Count: 3222994 | Episode Q0:    43.19
Episode: 2693/7000 | Episode reward:   852.69 | Episode steps: 2500 | Average reward:   803.73 | Step Count: 3225494 | Episode Q0:    43.19
Episode: 2694/7000 | Episode reward:   768.50 | Episode steps: 2500 | Average reward:   803.93 | Step Count: 3227994 | Episode Q0:    43.19
Episode: 2695/7000 | Episode reward:   799.05 | Episode steps: 2500 | Average reward:   802.74 | Step Count: 3230494 | Episode Q0:    41.87
Episode: 2696/7000 | Episode reward:   766.60 | Episode steps: 2500 | Average reward:   799.05 | Step Count: 3232994 | Episode Q0:    41.87
Episode: 2697/7000 | Episode reward:   925.53 | Episode steps: 2500 | Average reward:   810.64 | Step Count: 3235494 | Episode Q0:    41.87
Episode: 2698/7000 | Episode reward:   816.64 | Episode steps: 2500 | Average reward:   819.94 | Step Count: 3237994 | Episode Q0:    41.87
Episode: 2699/7000 | Episode reward:   899.38 | Episode steps: 2500 | Average reward:   830.52 | Step Count: 3240494 | Episode Q0:    41.87
Episode: 2700/7000 | Episode reward:   856.28 | Episode steps: 2500 | Average reward:   822.62 | Step Count: 3242994 | Episode Q0:    41.87
Episode: 2701/7000 | Episode reward:   699.20 | Episode steps: 2500 | Average reward:   815.97 | Step Count: 3245494 | Episode Q0:    41.87
Episode: 2702/7000 | Episode reward:   819.88 | Episode steps: 2500 | Average reward:   820.38 | Step Count: 3247994 | Episode Q0:    41.87
Episode: 2703/7000 | Episode reward:   786.50 | Episode steps: 2500 | Average reward:   813.76 | Step Count: 3250494 | Episode Q0:    41.87
Episode: 2704/7000 | Episode reward:   874.61 | Episode steps: 2500 | Average reward:   824.37 | Step Count: 3252994 | Episode Q0:    41.87
Episode: 2705/7000 | Episode reward:   777.81 | Episode steps: 2500 | Average reward:   822.24 | Step Count: 3255494 | Episode Q0:    41.87
Episode: 2706/7000 | Episode reward:   809.87 | Episode steps: 2500 | Average reward:   826.57 | Step Count: 3257994 | Episode Q0:    41.87
Episode: 2707/7000 | Episode reward:   764.83 | Episode steps: 2500 | Average reward:   810.50 | Step Count: 3260494 | Episode Q0:    41.87
Episode: 2708/7000 | Episode reward:   854.46 | Episode steps: 2500 | Average reward:   814.28 | Step Count: 3262994 | Episode Q0:    41.87
Episode: 2709/7000 | Episode reward:   870.04 | Episode steps: 2500 | Average reward:   811.35 | Step Count: 3265494 | Episode Q0:    41.87
Episode: 2710/7000 | Episode reward:   866.80 | Episode steps: 2500 | Average reward:   812.40 | Step Count: 3267994 | Episode Q0:    41.87
Episode: 2711/7000 | Episode reward:   796.80 | Episode steps: 2500 | Average reward:   822.16 | Step Count: 3270494 | Episode Q0:    41.87
Episode: 2712/7000 | Episode reward:   910.87 | Episode steps: 2500 | Average reward:   831.26 | Step Count: 3272994 | Episode Q0:    41.87
Episode: 2713/7000 | Episode reward:   805.15 | Episode steps: 2500 | Average reward:   833.12 | Step Count: 3275494 | Episode Q0:    41.87
Episode: 2714/7000 | Episode reward:   967.75 | Episode steps: 2500 | Average reward:   842.44 | Step Count: 3277994 | Episode Q0:    41.87
Episode: 2715/7000 | Episode reward:   876.02 | Episode steps: 2500 | Average reward:   852.26 | Step Count: 3280494 | Episode Q0:    41.87
Episode: 2716/7000 | Episode reward:   776.87 | Episode steps: 2500 | Average reward:   848.96 | Step Count: 3282994 | Episode Q0:    41.87
Episode: 2717/7000 | Episode reward:   794.17 | Episode steps: 2500 | Average reward:   851.89 | Step Count: 3285494 | Episode Q0:    44.31
Episode: 2718/7000 | Episode reward:   765.29 | Episode steps: 2500 | Average reward:   842.98 | Step Count: 3287994 | Episode Q0:    44.31
Episode: 2719/7000 | Episode reward:   848.04 | Episode steps: 2500 | Average reward:   840.78 | Step Count: 3290494 | Episode Q0:    44.31
Episode: 2720/7000 | Episode reward:   870.80 | Episode steps: 2500 | Average reward:   841.18 | Step Count: 3292994 | Episode Q0:    44.31
Episode: 2721/7000 | Episode reward:   744.33 | Episode steps: 2500 | Average reward:   835.93 | Step Count: 3295494 | Episode Q0:    44.31
Episode: 2722/7000 | Episode reward:   769.59 | Episode steps: 2500 | Average reward:   821.80 | Step Count: 3297994 | Episode Q0:    44.31
Episode: 2723/7000 | Episode reward:   849.80 | Episode steps: 2500 | Average reward:   826.27 | Step Count: 3300494 | Episode Q0:    44.31
Episode: 2724/7000 | Episode reward:   819.63 | Episode steps: 2500 | Average reward:   811.45 | Step Count: 3302994 | Episode Q0:    44.31
Episode: 2725/7000 | Episode reward:   906.45 | Episode steps: 2500 | Average reward:   814.50 | Step Count: 3305494 | Episode Q0:    44.31
Episode: 2726/7000 | Episode reward:   901.47 | Episode steps: 2500 | Average reward:   826.96 | Step Count: 3307994 | Episode Q0:    44.31
Episode: 2727/7000 | Episode reward:   819.07 | Episode steps: 2500 | Average reward:   829.45 | Step Count: 3310494 | Episode Q0:    44.31
Episode: 2728/7000 | Episode reward:   873.72 | Episode steps: 2500 | Average reward:   840.29 | Step Count: 3312994 | Episode Q0:    44.31
Episode: 2729/7000 | Episode reward:   830.98 | Episode steps: 2500 | Average reward:   838.58 | Step Count: 3315494 | Episode Q0:    44.31
Episode: 2730/7000 | Episode reward:   909.93 | Episode steps: 2500 | Average reward:   842.50 | Step Count: 3317994 | Episode Q0:    44.31
Episode: 2731/7000 | Episode reward:   863.12 | Episode steps: 2500 | Average reward:   854.38 | Step Count: 3320494 | Episode Q0:    44.31
Episode: 2732/7000 | Episode reward:   736.80 | Episode steps: 2500 | Average reward:   851.10 | Step Count: 3322994 | Episode Q0:    44.31
Episode: 2733/7000 | Episode reward:   743.00 | Episode steps: 2500 | Average reward:   840.42 | Step Count: 3325494 | Episode Q0:    44.31
Episode: 2734/7000 | Episode reward:   709.61 | Episode steps: 2500 | Average reward:   829.42 | Step Count: 3327994 | Episode Q0:    44.31
Episode: 2735/7000 | Episode reward:   850.63 | Episode steps: 2500 | Average reward:   823.83 | Step Count: 3330494 | Episode Q0:    44.31
Episode: 2736/7000 | Episode reward:   856.64 | Episode steps: 2500 | Average reward:   819.35 | Step Count: 3332994 | Episode Q0:    44.31
Episode: 2737/7000 | Episode reward:   678.73 | Episode steps: 2500 | Average reward:   805.32 | Step Count: 3335494 | Episode Q0:    44.31
Episode: 2738/7000 | Episode reward:   838.40 | Episode steps: 2500 | Average reward:   801.79 | Step Count: 3337994 | Episode Q0:    44.31
Episode: 2739/7000 | Episode reward:   886.21 | Episode steps: 2500 | Average reward:   807.31 | Step Count: 3340494 | Episode Q0:    43.53
Episode: 2740/7000 | Episode reward:   866.36 | Episode steps: 2500 | Average reward:   802.95 | Step Count: 3342994 | Episode Q0:    43.53
Episode: 2741/7000 | Episode reward:   887.39 | Episode steps: 2500 | Average reward:   805.38 | Step Count: 3345494 | Episode Q0:    43.53
Episode: 2742/7000 | Episode reward:   874.50 | Episode steps: 2500 | Average reward:   819.15 | Step Count: 3347994 | Episode Q0:    43.53
Episode: 2743/7000 | Episode reward:   786.31 | Episode steps: 2500 | Average reward:   823.48 | Step Count: 3350494 | Episode Q0:    43.53
Episode: 2744/7000 | Episode reward:   850.38 | Episode steps: 2500 | Average reward:   837.56 | Step Count: 3352994 | Episode Q0:    43.53
Episode: 2745/7000 | Episode reward:   904.32 | Episode steps: 2500 | Average reward:   842.92 | Step Count: 3355494 | Episode Q0:    43.53
Episode: 2746/7000 | Episode reward:   715.57 | Episode steps: 2500 | Average reward:   828.82 | Step Count: 3357994 | Episode Q0:    43.53
Episode: 2747/7000 | Episode reward:   788.86 | Episode steps: 2500 | Average reward:   839.83 | Step Count: 3360494 | Episode Q0:    43.53
Episode: 2748/7000 | Episode reward:   834.50 | Episode steps: 2500 | Average reward:   839.44 | Step Count: 3362994 | Episode Q0:    43.53
Episode: 2749/7000 | Episode reward:   872.03 | Episode steps: 2500 | Average reward:   838.02 | Step Count: 3365494 | Episode Q0:    43.53
Episode: 2750/7000 | Episode reward:   790.36 | Episode steps: 2500 | Average reward:   830.42 | Step Count: 3367994 | Episode Q0:    43.53
Episode: 2751/7000 | Episode reward:   821.80 | Episode steps: 2500 | Average reward:   823.86 | Step Count: 3370494 | Episode Q0:    43.53
Episode: 2752/7000 | Episode reward:   828.31 | Episode steps: 2500 | Average reward:   819.24 | Step Count: 3372994 | Episode Q0:    43.53
Episode: 2753/7000 | Episode reward:   883.34 | Episode steps: 2500 | Average reward:   828.95 | Step Count: 3375494 | Episode Q0:    43.53
Episode: 2754/7000 | Episode reward:   941.35 | Episode steps: 2500 | Average reward:   838.04 | Step Count: 3377994 | Episode Q0:    43.53
Episode: 2755/7000 | Episode reward:   912.97 | Episode steps: 2500 | Average reward:   838.91 | Step Count: 3380494 | Episode Q0:    43.53
Episode: 2756/7000 | Episode reward:   825.51 | Episode steps: 2500 | Average reward:   849.90 | Step Count: 3382994 | Episode Q0:    43.53
Episode: 2757/7000 | Episode reward:   921.15 | Episode steps: 2500 | Average reward:   863.13 | Step Count: 3385494 | Episode Q0:    43.53
Episode: 2758/7000 | Episode reward:   817.09 | Episode steps: 2500 | Average reward:   861.39 | Step Count: 3387994 | Episode Q0:    43.53
Episode: 2759/7000 | Episode reward:   810.93 | Episode steps: 2500 | Average reward:   855.28 | Step Count: 3390494 | Episode Q0:    43.53
Episode: 2760/7000 | Episode reward:   811.10 | Episode steps: 2500 | Average reward:   857.35 | Step Count: 3392994 | Episode Q0:    43.53
Episode: 2761/7000 | Episode reward:   741.23 | Episode steps: 2500 | Average reward:   849.30 | Step Count: 3395494 | Episode Q0:    43.36
Episode: 2762/7000 | Episode reward:   845.75 | Episode steps: 2500 | Average reward:   851.04 | Step Count: 3397994 | Episode Q0:    43.36
Episode: 2763/7000 | Episode reward:   738.73 | Episode steps: 2500 | Average reward:   836.58 | Step Count: 3400494 | Episode Q0:    43.36
Episode: 2764/7000 | Episode reward:   828.98 | Episode steps: 2500 | Average reward:   825.34 | Step Count: 3402994 | Episode Q0:    43.36
Episode: 2765/7000 | Episode reward:   904.29 | Episode steps: 2500 | Average reward:   824.48 | Step Count: 3405494 | Episode Q0:    43.36
Episode: 2766/7000 | Episode reward:   785.40 | Episode steps: 2500 | Average reward:   820.46 | Step Count: 3407994 | Episode Q0:    43.36
Episode: 2767/7000 | Episode reward:   841.31 | Episode steps: 2500 | Average reward:   812.48 | Step Count: 3410494 | Episode Q0:    43.36
Episode: 2768/7000 | Episode reward:   859.05 | Episode steps: 2500 | Average reward:   816.68 | Step Count: 3412994 | Episode Q0:    43.36
Episode: 2769/7000 | Episode reward:   839.80 | Episode steps: 2500 | Average reward:   819.56 | Step Count: 3415494 | Episode Q0:    43.36
Episode: 2770/7000 | Episode reward:   797.31 | Episode steps: 2500 | Average reward:   818.19 | Step Count: 3417994 | Episode Q0:    43.36
Episode: 2771/7000 | Episode reward:   913.03 | Episode steps: 2500 | Average reward:   835.37 | Step Count: 3420494 | Episode Q0:    43.36
Episode: 2772/7000 | Episode reward:   818.95 | Episode steps: 2500 | Average reward:   832.69 | Step Count: 3422994 | Episode Q0:    43.36
Episode: 2773/7000 | Episode reward:   880.75 | Episode steps: 2500 | Average reward:   846.89 | Step Count: 3425494 | Episode Q0:    43.36
Episode: 2774/7000 | Episode reward:   816.05 | Episode steps: 2500 | Average reward:   845.59 | Step Count: 3427994 | Episode Q0:    43.36
Episode: 2775/7000 | Episode reward:   844.33 | Episode steps: 2500 | Average reward:   839.60 | Step Count: 3430494 | Episode Q0:    43.36
Episode: 2776/7000 | Episode reward:   888.72 | Episode steps: 2500 | Average reward:   849.93 | Step Count: 3432994 | Episode Q0:    43.36
Episode: 2777/7000 | Episode reward:   938.07 | Episode steps: 2500 | Average reward:   859.61 | Step Count: 3435494 | Episode Q0:    43.36
Episode: 2778/7000 | Episode reward:   808.79 | Episode steps: 2500 | Average reward:   854.58 | Step Count: 3437994 | Episode Q0:    43.36
Episode: 2779/7000 | Episode reward:   814.96 | Episode steps: 2500 | Average reward:   852.10 | Step Count: 3440494 | Episode Q0:    43.36
Episode: 2780/7000 | Episode reward:   835.73 | Episode steps: 2500 | Average reward:   855.94 | Step Count: 3442994 | Episode Q0:    43.36
Episode: 2781/7000 | Episode reward:   869.88 | Episode steps: 2500 | Average reward:   851.62 | Step Count: 3445494 | Episode Q0:    43.36
Episode: 2782/7000 | Episode reward:   883.51 | Episode steps: 2500 | Average reward:   858.08 | Step Count: 3447994 | Episode Q0:    43.36
Episode: 2783/7000 | Episode reward:   780.90 | Episode steps: 2500 | Average reward:   848.09 | Step Count: 3450494 | Episode Q0:    42.73
Episode: 2784/7000 | Episode reward:   816.54 | Episode steps: 2500 | Average reward:   848.14 | Step Count: 3452994 | Episode Q0:    42.73
Episode: 2785/7000 | Episode reward:   749.74 | Episode steps: 2500 | Average reward:   838.68 | Step Count: 3455494 | Episode Q0:    42.73
Episode: 2786/7000 | Episode reward:   806.82 | Episode steps: 2500 | Average reward:   830.49 | Step Count: 3457994 | Episode Q0:    42.73
Episode: 2787/7000 | Episode reward:   767.69 | Episode steps: 2500 | Average reward:   813.46 | Step Count: 3460494 | Episode Q0:    42.73
Episode: 2788/7000 | Episode reward:   844.75 | Episode steps: 2500 | Average reward:   817.05 | Step Count: 3462994 | Episode Q0:    42.73
Episode: 2789/7000 | Episode reward:   935.83 | Episode steps: 2500 | Average reward:   829.14 | Step Count: 3465494 | Episode Q0:    42.73
Episode: 2790/7000 | Episode reward:   951.95 | Episode steps: 2500 | Average reward:   840.76 | Step Count: 3467994 | Episode Q0:    42.73
Episode: 2791/7000 | Episode reward:   830.08 | Episode steps: 2500 | Average reward:   836.78 | Step Count: 3470494 | Episode Q0:    42.73
Episode: 2792/7000 | Episode reward:   856.75 | Episode steps: 2500 | Average reward:   834.11 | Step Count: 3472994 | Episode Q0:    42.73
Episode: 2793/7000 | Episode reward:   899.50 | Episode steps: 2500 | Average reward:   845.97 | Step Count: 3475494 | Episode Q0:    42.73
Episode: 2794/7000 | Episode reward:   808.27 | Episode steps: 2500 | Average reward:   845.14 | Step Count: 3477994 | Episode Q0:    42.73
Episode: 2795/7000 | Episode reward:   801.87 | Episode steps: 2500 | Average reward:   850.35 | Step Count: 3480494 | Episode Q0:    42.73
Episode: 2796/7000 | Episode reward:   841.92 | Episode steps: 2500 | Average reward:   853.86 | Step Count: 3482994 | Episode Q0:    42.73
Episode: 2797/7000 | Episode reward:   901.74 | Episode steps: 2500 | Average reward:   867.27 | Step Count: 3485494 | Episode Q0:    42.73
Episode: 2798/7000 | Episode reward:   832.10 | Episode steps: 2500 | Average reward:   866.00 | Step Count: 3487994 | Episode Q0:    42.73
Episode: 2799/7000 | Episode reward:   785.81 | Episode steps: 2500 | Average reward:   851.00 | Step Count: 3490494 | Episode Q0:    42.73
Episode: 2800/7000 | Episode reward:   783.19 | Episode steps: 2500 | Average reward:   834.12 | Step Count: 3492994 | Episode Q0:    42.73
Episode: 2801/7000 | Episode reward:   876.58 | Episode steps: 2500 | Average reward:   838.77 | Step Count: 3495494 | Episode Q0:    42.73
Episode: 2802/7000 | Episode reward:   781.53 | Episode steps: 2500 | Average reward:   831.25 | Step Count: 3497994 | Episode Q0:    42.73
Episode: 2803/7000 | Episode reward:   990.33 | Episode steps: 2500 | Average reward:   840.33 | Step Count: 3500494 | Episode Q0:    42.73
Episode: 2804/7000 | Episode reward:   790.27 | Episode steps: 2500 | Average reward:   838.53 | Step Count: 3502994 | Episode Q0:    42.73
Episode: 2805/7000 | Episode reward:   931.06 | Episode steps: 2500 | Average reward:   851.45 | Step Count: 3505494 | Episode Q0:    45.22
Episode: 2806/7000 | Episode reward:   954.56 | Episode steps: 2500 | Average reward:   862.72 | Step Count: 3507994 | Episode Q0:    45.22
Episode: 2807/7000 | Episode reward:   759.52 | Episode steps: 2500 | Average reward:   848.49 | Step Count: 3510494 | Episode Q0:    45.22
Episode: 2808/7000 | Episode reward:   870.94 | Episode steps: 2500 | Average reward:   852.38 | Step Count: 3512994 | Episode Q0:    45.22
Episode: 2809/7000 | Episode reward:   819.04 | Episode steps: 2500 | Average reward:   855.70 | Step Count: 3515494 | Episode Q0:    45.22
Episode: 2810/7000 | Episode reward:   833.14 | Episode steps: 2500 | Average reward:   860.70 | Step Count: 3517994 | Episode Q0:    45.22
Episode: 2811/7000 | Episode reward:   777.27 | Episode steps: 2500 | Average reward:   850.77 | Step Count: 3520494 | Episode Q0:    45.22
Episode: 2812/7000 | Episode reward:   925.09 | Episode steps: 2500 | Average reward:   865.12 | Step Count: 3522994 | Episode Q0:    45.22
Episode: 2813/7000 | Episode reward:   864.42 | Episode steps: 2500 | Average reward:   852.53 | Step Count: 3525494 | Episode Q0:    45.22
Episode: 2814/7000 | Episode reward:   787.26 | Episode steps: 2500 | Average reward:   852.23 | Step Count: 3527994 | Episode Q0:    45.22
Episode: 2815/7000 | Episode reward:   910.79 | Episode steps: 2500 | Average reward:   850.20 | Step Count: 3530494 | Episode Q0:    45.22
Episode: 2816/7000 | Episode reward:   776.09 | Episode steps: 2500 | Average reward:   832.36 | Step Count: 3532994 | Episode Q0:    45.22
Episode: 2817/7000 | Episode reward:   918.05 | Episode steps: 2500 | Average reward:   848.21 | Step Count: 3535494 | Episode Q0:    45.22
Episode: 2818/7000 | Episode reward:  1002.76 | Episode steps: 2500 | Average reward:   861.39 | Step Count: 3537994 | Episode Q0:    45.22
Episode: 2819/7000 | Episode reward:   891.04 | Episode steps: 2500 | Average reward:   868.59 | Step Count: 3540494 | Episode Q0:    45.22
Episode: 2820/7000 | Episode reward:   790.18 | Episode steps: 2500 | Average reward:   864.30 | Step Count: 3542994 | Episode Q0:    45.22
Episode: 2821/7000 | Episode reward:   855.32 | Episode steps: 2500 | Average reward:   872.10 | Step Count: 3545494 | Episode Q0:    45.22
Episode: 2822/7000 | Episode reward:   805.96 | Episode steps: 2500 | Average reward:   860.19 | Step Count: 3547994 | Episode Q0:    45.22
Episode: 2823/7000 | Episode reward:   815.34 | Episode steps: 2500 | Average reward:   855.28 | Step Count: 3550494 | Episode Q0:    45.22
Episode: 2824/7000 | Episode reward:   719.80 | Episode steps: 2500 | Average reward:   848.53 | Step Count: 3552994 | Episode Q0:    45.22
Episode: 2825/7000 | Episode reward:   958.41 | Episode steps: 2500 | Average reward:   853.29 | Step Count: 3555494 | Episode Q0:    45.22
Episode: 2826/7000 | Episode reward:   806.22 | Episode steps: 2500 | Average reward:   856.31 | Step Count: 3557994 | Episode Q0:    45.22
Episode: 2827/7000 | Episode reward:   815.66 | Episode steps: 2500 | Average reward:   846.07 | Step Count: 3560494 | Episode Q0:    44.22
Episode: 2828/7000 | Episode reward:   856.28 | Episode steps: 2500 | Average reward:   831.42 | Step Count: 3562994 | Episode Q0:    44.22
Episode: 2829/7000 | Episode reward:   927.68 | Episode steps: 2500 | Average reward:   835.09 | Step Count: 3565494 | Episode Q0:    44.22
Episode: 2830/7000 | Episode reward:   904.04 | Episode steps: 2500 | Average reward:   846.47 | Step Count: 3567994 | Episode Q0:    44.22
Episode: 2831/7000 | Episode reward:   701.83 | Episode steps: 2500 | Average reward:   831.12 | Step Count: 3570494 | Episode Q0:    44.22
Episode: 2832/7000 | Episode reward:   850.77 | Episode steps: 2500 | Average reward:   835.60 | Step Count: 3572994 | Episode Q0:    44.22
Episode: 2833/7000 | Episode reward:   843.10 | Episode steps: 2500 | Average reward:   838.38 | Step Count: 3575494 | Episode Q0:    44.22
Episode: 2834/7000 | Episode reward:   837.66 | Episode steps: 2500 | Average reward:   850.17 | Step Count: 3577994 | Episode Q0:    44.22
Episode: 2835/7000 | Episode reward:   806.59 | Episode steps: 2500 | Average reward:   834.98 | Step Count: 3580494 | Episode Q0:    44.22
Episode: 2836/7000 | Episode reward:   910.26 | Episode steps: 2500 | Average reward:   845.39 | Step Count: 3582994 | Episode Q0:    44.22
Episode: 2837/7000 | Episode reward:   785.64 | Episode steps: 2500 | Average reward:   842.38 | Step Count: 3585494 | Episode Q0:    44.22
Episode: 2838/7000 | Episode reward:   720.14 | Episode steps: 2500 | Average reward:   828.77 | Step Count: 3587994 | Episode Q0:    44.22
Episode: 2839/7000 | Episode reward:   867.47 | Episode steps: 2500 | Average reward:   822.75 | Step Count: 3590494 | Episode Q0:    44.22
Episode: 2840/7000 | Episode reward:   872.70 | Episode steps: 2500 | Average reward:   819.62 | Step Count: 3592994 | Episode Q0:    44.22
Episode: 2841/7000 | Episode reward:   791.05 | Episode steps: 2500 | Average reward:   828.54 | Step Count: 3595494 | Episode Q0:    44.22
Episode: 2842/7000 | Episode reward:   862.70 | Episode steps: 2500 | Average reward:   829.73 | Step Count: 3597994 | Episode Q0:    44.22
Episode: 2843/7000 | Episode reward:   873.97 | Episode steps: 2500 | Average reward:   832.82 | Step Count: 3600494 | Episode Q0:    44.22
Episode: 2844/7000 | Episode reward:   696.30 | Episode steps: 2500 | Average reward:   818.68 | Step Count: 3602994 | Episode Q0:    44.22
Episode: 2845/7000 | Episode reward:   820.18 | Episode steps: 2500 | Average reward:   820.04 | Step Count: 3605494 | Episode Q0:    44.22
Episode: 2846/7000 | Episode reward:   802.27 | Episode steps: 2500 | Average reward:   809.24 | Step Count: 3607994 | Episode Q0:    44.22
Episode: 2847/7000 | Episode reward:   883.82 | Episode steps: 2500 | Average reward:   819.06 | Step Count: 3610494 | Episode Q0:    44.22
Episode: 2848/7000 | Episode reward:   798.87 | Episode steps: 2500 | Average reward:   826.93 | Step Count: 3612994 | Episode Q0:    44.22
Episode: 2849/7000 | Episode reward:   712.58 | Episode steps: 2500 | Average reward:   811.45 | Step Count: 3615494 | Episode Q0:    45.37
Episode: 2850/7000 | Episode reward:   900.03 | Episode steps: 2500 | Average reward:   814.18 | Step Count: 3617994 | Episode Q0:    45.37
Episode: 2851/7000 | Episode reward:   737.19 | Episode steps: 2500 | Average reward:   808.79 | Step Count: 3620494 | Episode Q0:    45.37
Episode: 2852/7000 | Episode reward:   774.32 | Episode steps: 2500 | Average reward:   799.95 | Step Count: 3622994 | Episode Q0:    45.37
Episode: 2853/7000 | Episode reward:   813.87 | Episode steps: 2500 | Average reward:   793.94 | Step Count: 3625494 | Episode Q0:    45.37
Episode: 2854/7000 | Episode reward:   908.49 | Episode steps: 2500 | Average reward:   815.16 | Step Count: 3627994 | Episode Q0:    45.37
Episode: 2855/7000 | Episode reward:   712.75 | Episode steps: 2500 | Average reward:   804.42 | Step Count: 3630494 | Episode Q0:    45.37
Episode: 2856/7000 | Episode reward:   777.55 | Episode steps: 2500 | Average reward:   801.95 | Step Count: 3632994 | Episode Q0:    45.37
Episode: 2857/7000 | Episode reward:   793.71 | Episode steps: 2500 | Average reward:   792.94 | Step Count: 3635494 | Episode Q0:    45.37
Episode: 2858/7000 | Episode reward:   889.25 | Episode steps: 2500 | Average reward:   801.98 | Step Count: 3637994 | Episode Q0:    45.37
Episode: 2859/7000 | Episode reward:   799.54 | Episode steps: 2500 | Average reward:   810.67 | Step Count: 3640494 | Episode Q0:    45.37
Episode: 2860/7000 | Episode reward:   791.12 | Episode steps: 2500 | Average reward:   799.78 | Step Count: 3642994 | Episode Q0:    45.37
Episode: 2861/7000 | Episode reward:   855.42 | Episode steps: 2500 | Average reward:   811.60 | Step Count: 3645494 | Episode Q0:    45.37
Episode: 2862/7000 | Episode reward:   886.70 | Episode steps: 2500 | Average reward:   822.84 | Step Count: 3647994 | Episode Q0:    45.37
Episode: 2863/7000 | Episode reward:   872.47 | Episode steps: 2500 | Average reward:   828.70 | Step Count: 3650494 | Episode Q0:    45.37
Episode: 2864/7000 | Episode reward:   755.10 | Episode steps: 2500 | Average reward:   813.36 | Step Count: 3652994 | Episode Q0:    45.37
Episode: 2865/7000 | Episode reward:   867.63 | Episode steps: 2500 | Average reward:   828.85 | Step Count: 3655494 | Episode Q0:    45.37
Episode: 2866/7000 | Episode reward:   827.94 | Episode steps: 2500 | Average reward:   833.89 | Step Count: 3657994 | Episode Q0:    45.37
Episode: 2867/7000 | Episode reward:   781.99 | Episode steps: 2500 | Average reward:   832.72 | Step Count: 3660494 | Episode Q0:    45.37
Episode: 2868/7000 | Episode reward:   823.14 | Episode steps: 2500 | Average reward:   826.10 | Step Count: 3662994 | Episode Q0:    45.37
Episode: 2869/7000 | Episode reward:   872.86 | Episode steps: 2500 | Average reward:   833.44 | Step Count: 3665494 | Episode Q0:    45.37
Episode: 2870/7000 | Episode reward:   861.41 | Episode steps: 2500 | Average reward:   840.47 | Step Count: 3667994 | Episode Q0:    45.37
Episode: 2871/7000 | Episode reward:   774.18 | Episode steps: 2500 | Average reward:   832.34 | Step Count: 3670494 | Episode Q0:    45.85
Episode: 2872/7000 | Episode reward:   857.48 | Episode steps: 2500 | Average reward:   829.42 | Step Count: 3672994 | Episode Q0:    45.85
Episode: 2873/7000 | Episode reward:   896.70 | Episode steps: 2500 | Average reward:   831.84 | Step Count: 3675494 | Episode Q0:    45.85
Episode: 2874/7000 | Episode reward:  1017.10 | Episode steps: 2500 | Average reward:   858.04 | Step Count: 3677994 | Episode Q0:    45.85
Episode: 2875/7000 | Episode reward:   989.07 | Episode steps: 2500 | Average reward:   870.19 | Step Count: 3680494 | Episode Q0:    45.85
Episode: 2876/7000 | Episode reward:   797.47 | Episode steps: 2500 | Average reward:   867.14 | Step Count: 3682994 | Episode Q0:    45.85
Episode: 2877/7000 | Episode reward:   876.61 | Episode steps: 2500 | Average reward:   876.60 | Step Count: 3685494 | Episode Q0:    45.85
Episode: 2878/7000 | Episode reward:   834.34 | Episode steps: 2500 | Average reward:   877.72 | Step Count: 3687994 | Episode Q0:    45.85
Episode: 2879/7000 | Episode reward:   844.43 | Episode steps: 2500 | Average reward:   874.88 | Step Count: 3690494 | Episode Q0:    45.85
Episode: 2880/7000 | Episode reward:   866.43 | Episode steps: 2500 | Average reward:   875.38 | Step Count: 3692994 | Episode Q0:    45.85
Episode: 2881/7000 | Episode reward:   814.53 | Episode steps: 2500 | Average reward:   879.42 | Step Count: 3695494 | Episode Q0:    45.85
Episode: 2882/7000 | Episode reward:  1016.89 | Episode steps: 2500 | Average reward:   895.36 | Step Count: 3697994 | Episode Q0:    45.85
Episode: 2883/7000 | Episode reward:   955.22 | Episode steps: 2500 | Average reward:   901.21 | Step Count: 3700494 | Episode Q0:    45.85
Episode: 2884/7000 | Episode reward:  1020.61 | Episode steps: 2500 | Average reward:   901.56 | Step Count: 3702994 | Episode Q0:    45.85
Episode: 2885/7000 | Episode reward:   808.39 | Episode steps: 2500 | Average reward:   883.49 | Step Count: 3705494 | Episode Q0:    45.85
Episode: 2886/7000 | Episode reward:   886.75 | Episode steps: 2500 | Average reward:   892.42 | Step Count: 3707994 | Episode Q0:    45.85
Episode: 2887/7000 | Episode reward:   960.97 | Episode steps: 2500 | Average reward:   900.86 | Step Count: 3710494 | Episode Q0:    45.85
Episode: 2888/7000 | Episode reward:   844.25 | Episode steps: 2500 | Average reward:   901.85 | Step Count: 3712994 | Episode Q0:    45.85
Episode: 2889/7000 | Episode reward:   888.62 | Episode steps: 2500 | Average reward:   906.27 | Step Count: 3715494 | Episode Q0:    45.85
Episode: 2890/7000 | Episode reward:   933.35 | Episode steps: 2500 | Average reward:   912.96 | Step Count: 3717994 | Episode Q0:    45.85
Episode: 2891/7000 | Episode reward:   918.56 | Episode steps: 2500 | Average reward:   923.36 | Step Count: 3720494 | Episode Q0:    45.85
Episode: 2892/7000 | Episode reward:   874.54 | Episode steps: 2500 | Average reward:   909.13 | Step Count: 3722994 | Episode Q0:    45.85
Episode: 2893/7000 | Episode reward:   769.38 | Episode steps: 2500 | Average reward:   890.54 | Step Count: 3725494 | Episode Q0:    43.70
Episode: 2894/7000 | Episode reward:  1054.72 | Episode steps: 2500 | Average reward:   893.95 | Step Count: 3727994 | Episode Q0:    43.70
Episode: 2895/7000 | Episode reward:   884.68 | Episode steps: 2500 | Average reward:   901.58 | Step Count: 3730494 | Episode Q0:    43.70
Episode: 2896/7000 | Episode reward:  1024.45 | Episode steps: 2500 | Average reward:   915.35 | Step Count: 3732994 | Episode Q0:    43.70
Episode: 2897/7000 | Episode reward:   933.49 | Episode steps: 2500 | Average reward:   912.60 | Step Count: 3735494 | Episode Q0:    43.70
Episode: 2898/7000 | Episode reward:   783.87 | Episode steps: 2500 | Average reward:   906.57 | Step Count: 3737994 | Episode Q0:    43.70
Episode: 2899/7000 | Episode reward:   933.07 | Episode steps: 2500 | Average reward:   911.01 | Step Count: 3740494 | Episode Q0:    43.70
Episode: 2900/7000 | Episode reward:   829.35 | Episode steps: 2500 | Average reward:   900.61 | Step Count: 3742994 | Episode Q0:    43.70
Episode: 2901/7000 | Episode reward:   892.75 | Episode steps: 2500 | Average reward:   898.03 | Step Count: 3745494 | Episode Q0:    43.70
Episode: 2902/7000 | Episode reward:   871.47 | Episode steps: 2500 | Average reward:   897.72 | Step Count: 3747994 | Episode Q0:    43.70
Episode: 2903/7000 | Episode reward:   813.92 | Episode steps: 2500 | Average reward:   902.18 | Step Count: 3750494 | Episode Q0:    43.70
Episode: 2904/7000 | Episode reward:   947.90 | Episode steps: 2500 | Average reward:   891.50 | Step Count: 3752994 | Episode Q0:    43.70
Episode: 2905/7000 | Episode reward:   830.01 | Episode steps: 2500 | Average reward:   886.03 | Step Count: 3755494 | Episode Q0:    43.70
Episode: 2906/7000 | Episode reward:   782.11 | Episode steps: 2500 | Average reward:   861.80 | Step Count: 3757994 | Episode Q0:    43.70
Episode: 2907/7000 | Episode reward:   653.23 | Episode steps: 2500 | Average reward:   833.77 | Step Count: 3760494 | Episode Q0:    43.70
Episode: 2908/7000 | Episode reward:   809.31 | Episode steps: 2500 | Average reward:   836.31 | Step Count: 3762994 | Episode Q0:    43.70
Episode: 2909/7000 | Episode reward:   828.21 | Episode steps: 2500 | Average reward:   825.83 | Step Count: 3765494 | Episode Q0:    43.70
Episode: 2910/7000 | Episode reward:   892.61 | Episode steps: 2500 | Average reward:   832.15 | Step Count: 3767994 | Episode Q0:    43.70
Episode: 2911/7000 | Episode reward:   864.33 | Episode steps: 2500 | Average reward:   829.31 | Step Count: 3770494 | Episode Q0:    43.70
Episode: 2912/7000 | Episode reward:  1358.17 | Episode steps: 2500 | Average reward:   877.98 | Step Count: 3772994 | Episode Q0:    43.70
Episode: 2913/7000 | Episode reward:   943.88 | Episode steps: 2500 | Average reward:   890.98 | Step Count: 3775494 | Episode Q0:    43.70
Episode: 2914/7000 | Episode reward:   810.05 | Episode steps: 2500 | Average reward:   877.19 | Step Count: 3777994 | Episode Q0:    43.70
Episode: 2915/7000 | Episode reward:   892.60 | Episode steps: 2500 | Average reward:   883.45 | Step Count: 3780494 | Episode Q0:    42.48
Episode: 2916/7000 | Episode reward:   858.81 | Episode steps: 2500 | Average reward:   891.12 | Step Count: 3782994 | Episode Q0:    42.48
Episode: 2917/7000 | Episode reward:   858.30 | Episode steps: 2500 | Average reward:   911.63 | Step Count: 3785494 | Episode Q0:    42.48
Episode: 2918/7000 | Episode reward:   885.24 | Episode steps: 2500 | Average reward:   919.22 | Step Count: 3787994 | Episode Q0:    42.48
Episode: 2919/7000 | Episode reward:   830.39 | Episode steps: 2500 | Average reward:   919.44 | Step Count: 3790494 | Episode Q0:    42.48
Episode: 2920/7000 | Episode reward:   895.71 | Episode steps: 2500 | Average reward:   919.75 | Step Count: 3792994 | Episode Q0:    42.48
Episode: 2921/7000 | Episode reward:   879.72 | Episode steps: 2500 | Average reward:   921.29 | Step Count: 3795494 | Episode Q0:    42.48
Episode: 2922/7000 | Episode reward:   852.54 | Episode steps: 2500 | Average reward:   870.72 | Step Count: 3797994 | Episode Q0:    42.48
Episode: 2923/7000 | Episode reward:   868.24 | Episode steps: 2500 | Average reward:   863.16 | Step Count: 3800494 | Episode Q0:    42.48
Episode: 2924/7000 | Episode reward:   768.98 | Episode steps: 2500 | Average reward:   859.05 | Step Count: 3802994 | Episode Q0:    42.48
Episode: 2925/7000 | Episode reward:   955.13 | Episode steps: 2500 | Average reward:   865.31 | Step Count: 3805494 | Episode Q0:    42.48
Episode: 2926/7000 | Episode reward:  1189.87 | Episode steps: 2500 | Average reward:   898.41 | Step Count: 3807994 | Episode Q0:    42.48
Episode: 2927/7000 | Episode reward:   771.35 | Episode steps: 2500 | Average reward:   889.72 | Step Count: 3810494 | Episode Q0:    42.48
Episode: 2928/7000 | Episode reward:   879.34 | Episode steps: 2500 | Average reward:   889.13 | Step Count: 3812994 | Episode Q0:    42.48
Episode: 2929/7000 | Episode reward:   895.08 | Episode steps: 2500 | Average reward:   895.60 | Step Count: 3815494 | Episode Q0:    42.48
Episode: 2930/7000 | Episode reward:   857.10 | Episode steps: 2500 | Average reward:   891.73 | Step Count: 3817994 | Episode Q0:    42.48
Episode: 2931/7000 | Episode reward:   885.68 | Episode steps: 2500 | Average reward:   892.33 | Step Count: 3820494 | Episode Q0:    42.48
Episode: 2932/7000 | Episode reward:   828.38 | Episode steps: 2500 | Average reward:   889.92 | Step Count: 3822994 | Episode Q0:    42.48
Episode: 2933/7000 | Episode reward:   917.09 | Episode steps: 2500 | Average reward:   894.80 | Step Count: 3825494 | Episode Q0:    42.48
Episode: 2934/7000 | Episode reward:   973.92 | Episode steps: 2500 | Average reward:   915.29 | Step Count: 3827994 | Episode Q0:    42.48
Episode: 2935/7000 | Episode reward:   830.10 | Episode steps: 2500 | Average reward:   902.79 | Step Count: 3830494 | Episode Q0:    42.48
Episode: 2936/7000 | Episode reward:   821.78 | Episode steps: 2500 | Average reward:   865.98 | Step Count: 3832994 | Episode Q0:    42.48
Episode: 2937/7000 | Episode reward:   948.69 | Episode steps: 2500 | Average reward:   883.72 | Step Count: 3835494 | Episode Q0:    43.90
Episode: 2938/7000 | Episode reward:   810.30 | Episode steps: 2500 | Average reward:   876.81 | Step Count: 3837994 | Episode Q0:    43.90
Episode: 2939/7000 | Episode reward:  1088.72 | Episode steps: 2500 | Average reward:   896.18 | Step Count: 3840494 | Episode Q0:    43.90
Episode: 2940/7000 | Episode reward:   860.82 | Episode steps: 2500 | Average reward:   896.55 | Step Count: 3842994 | Episode Q0:    43.90
Episode: 2941/7000 | Episode reward:   886.94 | Episode steps: 2500 | Average reward:   896.67 | Step Count: 3845494 | Episode Q0:    43.90
Episode: 2942/7000 | Episode reward:   897.63 | Episode steps: 2500 | Average reward:   903.60 | Step Count: 3847994 | Episode Q0:    43.90
Episode: 2943/7000 | Episode reward:  1131.96 | Episode steps: 2500 | Average reward:   925.09 | Step Count: 3850494 | Episode Q0:    43.90
Episode: 2944/7000 | Episode reward:  1006.84 | Episode steps: 2500 | Average reward:   928.38 | Step Count: 3852994 | Episode Q0:    43.90
Episode: 2945/7000 | Episode reward:   800.47 | Episode steps: 2500 | Average reward:   925.41 | Step Count: 3855494 | Episode Q0:    43.90
Episode: 2946/7000 | Episode reward:   877.66 | Episode steps: 2500 | Average reward:   931.00 | Step Count: 3857994 | Episode Q0:    43.90
Episode: 2947/7000 | Episode reward:   839.09 | Episode steps: 2500 | Average reward:   920.04 | Step Count: 3860494 | Episode Q0:    43.90
Episode: 2948/7000 | Episode reward:   961.63 | Episode steps: 2500 | Average reward:   935.18 | Step Count: 3862994 | Episode Q0:    43.90
Episode: 2949/7000 | Episode reward:   947.51 | Episode steps: 2500 | Average reward:   921.06 | Step Count: 3865494 | Episode Q0:    43.90
Episode: 2950/7000 | Episode reward:   916.00 | Episode steps: 2500 | Average reward:   926.57 | Step Count: 3867994 | Episode Q0:    43.90
Episode: 2951/7000 | Episode reward:   853.86 | Episode steps: 2500 | Average reward:   923.26 | Step Count: 3870494 | Episode Q0:    43.90
Episode: 2952/7000 | Episode reward:   962.36 | Episode steps: 2500 | Average reward:   929.74 | Step Count: 3872994 | Episode Q0:    43.90
Episode: 2953/7000 | Episode reward:  1029.69 | Episode steps: 2500 | Average reward:   919.51 | Step Count: 3875494 | Episode Q0:    43.90
Episode: 2954/7000 | Episode reward:   957.77 | Episode steps: 2500 | Average reward:   914.60 | Step Count: 3877994 | Episode Q0:    43.90
Episode: 2955/7000 | Episode reward:   861.29 | Episode steps: 2500 | Average reward:   920.69 | Step Count: 3880494 | Episode Q0:    43.90
Episode: 2956/7000 | Episode reward:   942.27 | Episode steps: 2500 | Average reward:   927.15 | Step Count: 3882994 | Episode Q0:    43.90
Episode: 2957/7000 | Episode reward:   902.26 | Episode steps: 2500 | Average reward:   933.46 | Step Count: 3885494 | Episode Q0:    43.90
Episode: 2958/7000 | Episode reward:   857.47 | Episode steps: 2500 | Average reward:   923.05 | Step Count: 3887994 | Episode Q0:    43.90
Episode: 2959/7000 | Episode reward:   951.43 | Episode steps: 2500 | Average reward:   923.44 | Step Count: 3890494 | Episode Q0:    42.16
Episode: 2960/7000 | Episode reward:   901.20 | Episode steps: 2500 | Average reward:   921.96 | Step Count: 3892994 | Episode Q0:    42.16
Episode: 2961/7000 | Episode reward:   986.68 | Episode steps: 2500 | Average reward:   935.24 | Step Count: 3895494 | Episode Q0:    42.16
Episode: 2962/7000 | Episode reward:   979.85 | Episode steps: 2500 | Average reward:   936.99 | Step Count: 3897994 | Episode Q0:    42.16
Episode: 2963/7000 | Episode reward:   847.64 | Episode steps: 2500 | Average reward:   918.79 | Step Count: 3900494 | Episode Q0:    42.16
Episode: 2964/7000 | Episode reward:   940.46 | Episode steps: 2500 | Average reward:   917.05 | Step Count: 3902994 | Episode Q0:    42.16
Episode: 2965/7000 | Episode reward:   926.99 | Episode steps: 2500 | Average reward:   923.62 | Step Count: 3905494 | Episode Q0:    42.16
Episode: 2966/7000 | Episode reward:   911.78 | Episode steps: 2500 | Average reward:   920.58 | Step Count: 3907994 | Episode Q0:    42.16
Episode: 2967/7000 | Episode reward:   851.91 | Episode steps: 2500 | Average reward:   915.54 | Step Count: 3910494 | Episode Q0:    42.16
Episode: 2968/7000 | Episode reward:   903.91 | Episode steps: 2500 | Average reward:   920.18 | Step Count: 3912994 | Episode Q0:    42.16
Episode: 2969/7000 | Episode reward:   754.15 | Episode steps: 2500 | Average reward:   900.46 | Step Count: 3915494 | Episode Q0:    42.16
Episode: 2970/7000 | Episode reward:   872.09 | Episode steps: 2500 | Average reward:   897.54 | Step Count: 3917994 | Episode Q0:    42.16
Episode: 2971/7000 | Episode reward:   997.37 | Episode steps: 2500 | Average reward:   898.61 | Step Count: 3920494 | Episode Q0:    42.16
Episode: 2972/7000 | Episode reward:  1043.14 | Episode steps: 2500 | Average reward:   904.94 | Step Count: 3922994 | Episode Q0:    42.16
Episode: 2973/7000 | Episode reward:   746.11 | Episode steps: 2500 | Average reward:   894.79 | Step Count: 3925494 | Episode Q0:    42.16
Episode: 2974/7000 | Episode reward:   787.86 | Episode steps: 2500 | Average reward:   879.53 | Step Count: 3927994 | Episode Q0:    42.16
Episode: 2975/7000 | Episode reward:   914.81 | Episode steps: 2500 | Average reward:   878.31 | Step Count: 3930494 | Episode Q0:    42.16
Episode: 2976/7000 | Episode reward:   831.54 | Episode steps: 2500 | Average reward:   870.29 | Step Count: 3932994 | Episode Q0:    42.16
Episode: 2977/7000 | Episode reward:   863.13 | Episode steps: 2500 | Average reward:   871.41 | Step Count: 3935494 | Episode Q0:    42.16
Episode: 2978/7000 | Episode reward:   863.05 | Episode steps: 2500 | Average reward:   867.33 | Step Count: 3937994 | Episode Q0:    42.16
Episode: 2979/7000 | Episode reward:  1012.33 | Episode steps: 2500 | Average reward:   893.14 | Step Count: 3940494 | Episode Q0:    42.16
Episode: 2980/7000 | Episode reward:   855.88 | Episode steps: 2500 | Average reward:   891.52 | Step Count: 3942994 | Episode Q0:    42.16
Episode: 2981/7000 | Episode reward:    82.75 | Episode steps:  167 | Average reward:   800.06 | Step Count: 3943161 | Episode Q0:    42.16
Episode: 2982/7000 | Episode reward:   962.10 | Episode steps: 2500 | Average reward:   791.96 | Step Count: 3945661 | Episode Q0:    45.55
Episode: 2983/7000 | Episode reward:   982.70 | Episode steps: 2500 | Average reward:   815.62 | Step Count: 3948161 | Episode Q0:    45.55
Episode: 2984/7000 | Episode reward:   962.19 | Episode steps: 2500 | Average reward:   833.05 | Step Count: 3950661 | Episode Q0:    45.55
Episode: 2985/7000 | Episode reward:  1039.66 | Episode steps: 2500 | Average reward:   845.53 | Step Count: 3953161 | Episode Q0:    45.55
Episode: 2986/7000 | Episode reward:  1008.41 | Episode steps: 2500 | Average reward:   863.22 | Step Count: 3955661 | Episode Q0:    45.55
Episode: 2987/7000 | Episode reward:   894.71 | Episode steps: 2500 | Average reward:   866.38 | Step Count: 3958161 | Episode Q0:    45.55
Episode: 2988/7000 | Episode reward:  1009.61 | Episode steps: 2500 | Average reward:   881.03 | Step Count: 3960661 | Episode Q0:    45.55
Episode: 2989/7000 | Episode reward:   953.71 | Episode steps: 2500 | Average reward:   875.17 | Step Count: 3963161 | Episode Q0:    45.55
Episode: 2990/7000 | Episode reward:   912.30 | Episode steps: 2500 | Average reward:   880.81 | Step Count: 3965661 | Episode Q0:    45.55
Episode: 2991/7000 | Episode reward:  1000.80 | Episode steps: 2500 | Average reward:   972.62 | Step Count: 3968161 | Episode Q0:    45.55
Episode: 2992/7000 | Episode reward:  1117.26 | Episode steps: 2500 | Average reward:   988.14 | Step Count: 3970661 | Episode Q0:    45.55
Episode: 2993/7000 | Episode reward:   993.26 | Episode steps: 2500 | Average reward:   989.19 | Step Count: 3973161 | Episode Q0:    45.55
Episode: 2994/7000 | Episode reward:   992.22 | Episode steps: 2500 | Average reward:   992.20 | Step Count: 3975661 | Episode Q0:    45.55
Episode: 2995/7000 | Episode reward:   895.20 | Episode steps: 2500 | Average reward:   977.75 | Step Count: 3978161 | Episode Q0:    45.55
Episode: 2996/7000 | Episode reward:  1079.86 | Episode steps: 2500 | Average reward:   984.89 | Step Count: 3980661 | Episode Q0:    45.55
Episode: 2997/7000 | Episode reward:   880.85 | Episode steps: 2500 | Average reward:   983.51 | Step Count: 3983161 | Episode Q0:    45.55
Episode: 2998/7000 | Episode reward:   950.77 | Episode steps: 2500 | Average reward:   977.62 | Step Count: 3985661 | Episode Q0:    45.55
Episode: 2999/7000 | Episode reward:   907.86 | Episode steps: 2500 | Average reward:   973.04 | Step Count: 3988161 | Episode Q0:    45.55
Episode: 3000/7000 | Episode reward:   914.38 | Episode steps: 2500 | Average reward:   973.25 | Step Count: 3990661 | Episode Q0:    45.55
Episode: 3001/7000 | Episode reward:   940.54 | Episode steps: 2500 | Average reward:   967.22 | Step Count: 3993161 | Episode Q0:    45.55
Episode: 3002/7000 | Episode reward:   932.90 | Episode steps: 2500 | Average reward:   948.78 | Step Count: 3995661 | Episode Q0:    45.55
Episode: 3003/7000 | Episode reward:   142.89 | Episode steps:  233 | Average reward:   863.75 | Step Count: 3995894 | Episode Q0:    45.55
Episode: 3004/7000 | Episode reward:    99.34 | Episode steps:  254 | Average reward:   774.46 | Step Count: 3996148 | Episode Q0:    45.55
Episode: 3005/7000 | Episode reward:   966.58 | Episode steps: 2500 | Average reward:   781.60 | Step Count: 3998648 | Episode Q0:    44.16
Episode: 3006/7000 | Episode reward:   920.34 | Episode steps: 2500 | Average reward:   765.64 | Step Count: 4001148 | Episode Q0:    44.16
Episode: 3007/7000 | Episode reward:   860.62 | Episode steps: 2309 | Average reward:   763.62 | Step Count: 4003457 | Episode Q0:    44.16
Episode: 3008/7000 | Episode reward:   969.90 | Episode steps: 2500 | Average reward:   765.53 | Step Count: 4005957 | Episode Q0:    44.16
Episode: 3009/7000 | Episode reward:  1083.97 | Episode steps: 2500 | Average reward:   783.15 | Step Count: 4008457 | Episode Q0:    44.16
Episode: 3010/7000 | Episode reward:   897.58 | Episode steps: 2500 | Average reward:   781.47 | Step Count: 4010957 | Episode Q0:    44.16
Episode: 3011/7000 | Episode reward:  1009.77 | Episode steps: 2500 | Average reward:   788.39 | Step Count: 4013457 | Episode Q0:    44.16
Episode: 3012/7000 | Episode reward:   915.48 | Episode steps: 2500 | Average reward:   786.65 | Step Count: 4015957 | Episode Q0:    44.16
Episode: 3013/7000 | Episode reward:   922.71 | Episode steps: 2500 | Average reward:   864.63 | Step Count: 4018457 | Episode Q0:    44.16
Episode: 3014/7000 | Episode reward:   872.00 | Episode steps: 2500 | Average reward:   941.89 | Step Count: 4020957 | Episode Q0:    44.16
Episode: 3015/7000 | Episode reward:   601.76 | Episode steps: 1900 | Average reward:   905.41 | Step Count: 4022857 | Episode Q0:    44.16
Episode: 3016/7000 | Episode reward:   580.93 | Episode steps: 1314 | Average reward:   871.47 | Step Count: 4024171 | Episode Q0:    44.16
Episode: 3017/7000 | Episode reward:   972.76 | Episode steps: 2500 | Average reward:   882.69 | Step Count: 4026671 | Episode Q0:    44.16
Episode: 3018/7000 | Episode reward:   897.01 | Episode steps: 2500 | Average reward:   875.40 | Step Count: 4029171 | Episode Q0:    44.16
Episode: 3019/7000 | Episode reward:   194.50 | Episode steps:  440 | Average reward:   786.45 | Step Count: 4029611 | Episode Q0:    44.16
Episode: 3020/7000 | Episode reward:   820.87 | Episode steps: 2500 | Average reward:   778.78 | Step Count: 4032111 | Episode Q0:    44.16
Episode: 3021/7000 | Episode reward:   901.80 | Episode steps: 2500 | Average reward:   767.98 | Step Count: 4034611 | Episode Q0:    44.16
Episode: 3022/7000 | Episode reward:   995.85 | Episode steps: 2500 | Average reward:   776.02 | Step Count: 4037111 | Episode Q0:    44.16
Episode: 3023/7000 | Episode reward:   804.52 | Episode steps: 2500 | Average reward:   764.20 | Step Count: 4039611 | Episode Q0:    44.16
Episode: 3024/7000 | Episode reward:   949.99 | Episode steps: 2500 | Average reward:   772.00 | Step Count: 4042111 | Episode Q0:    44.16
Episode: 3025/7000 | Episode reward:   908.34 | Episode steps: 2500 | Average reward:   802.66 | Step Count: 4044611 | Episode Q0:    44.16
Episode: 3026/7000 | Episode reward:   989.62 | Episode steps: 2500 | Average reward:   843.53 | Step Count: 4047111 | Episode Q0:    47.03
Episode: 3027/7000 | Episode reward:   915.60 | Episode steps: 2500 | Average reward:   837.81 | Step Count: 4049611 | Episode Q0:    47.03
Episode: 3028/7000 | Episode reward:   929.08 | Episode steps: 2500 | Average reward:   841.02 | Step Count: 4052111 | Episode Q0:    47.03
Episode: 3029/7000 | Episode reward:   988.30 | Episode steps: 2500 | Average reward:   920.40 | Step Count: 4054611 | Episode Q0:    47.03
Episode: 3030/7000 | Episode reward:   987.33 | Episode steps: 2500 | Average reward:   937.04 | Step Count: 4057111 | Episode Q0:    47.03
Episode: 3031/7000 | Episode reward:  1104.24 | Episode steps: 2500 | Average reward:   957.29 | Step Count: 4059611 | Episode Q0:    47.03
Episode: 3032/7000 | Episode reward:  1077.70 | Episode steps: 2500 | Average reward:   965.47 | Step Count: 4062111 | Episode Q0:    47.03
Episode: 3033/7000 | Episode reward:   990.11 | Episode steps: 2500 | Average reward:   984.03 | Step Count: 4064611 | Episode Q0:    47.03
Episode: 3034/7000 | Episode reward:  1017.92 | Episode steps: 2500 | Average reward:   990.82 | Step Count: 4067111 | Episode Q0:    47.03
Episode: 3035/7000 | Episode reward:   899.00 | Episode steps: 2500 | Average reward:   989.89 | Step Count: 4069611 | Episode Q0:    47.03
Episode: 3036/7000 | Episode reward:   985.22 | Episode steps: 2500 | Average reward:   989.45 | Step Count: 4072111 | Episode Q0:    47.03
Episode: 3037/7000 | Episode reward:  1009.70 | Episode steps: 2500 | Average reward:   998.86 | Step Count: 4074611 | Episode Q0:    47.03
Episode: 3038/7000 | Episode reward:   983.89 | Episode steps: 2500 | Average reward:  1004.34 | Step Count: 4077111 | Episode Q0:    47.03
Episode: 3039/7000 | Episode reward:   980.35 | Episode steps: 2500 | Average reward:  1003.55 | Step Count: 4079611 | Episode Q0:    47.03
Episode: 3040/7000 | Episode reward:   978.39 | Episode steps: 2500 | Average reward:  1002.65 | Step Count: 4082111 | Episode Q0:    47.03
Episode: 3041/7000 | Episode reward:  1007.89 | Episode steps: 2500 | Average reward:   993.02 | Step Count: 4084611 | Episode Q0:    47.03
Episode: 3042/7000 | Episode reward:   987.12 | Episode steps: 2500 | Average reward:   983.96 | Step Count: 4087111 | Episode Q0:    47.03
Episode: 3043/7000 | Episode reward:  1028.60 | Episode steps: 2500 | Average reward:   987.81 | Step Count: 4089611 | Episode Q0:    47.03
Episode: 3044/7000 | Episode reward:  1030.79 | Episode steps: 2500 | Average reward:   989.09 | Step Count: 4092111 | Episode Q0:    47.03
Episode: 3045/7000 | Episode reward:   997.56 | Episode steps: 2500 | Average reward:   998.95 | Step Count: 4094611 | Episode Q0:    47.03
Episode: 3046/7000 | Episode reward:   906.14 | Episode steps: 2500 | Average reward:   991.04 | Step Count: 4097111 | Episode Q0:    47.03
Episode: 3047/7000 | Episode reward:  1085.66 | Episode steps: 2500 | Average reward:   998.64 | Step Count: 4099611 | Episode Q0:    47.03
Episode: 3048/7000 | Episode reward:   986.33 | Episode steps: 2500 | Average reward:   998.88 | Step Count: 4102111 | Episode Q0:    47.03
Episode: 3049/7000 | Episode reward:   986.03 | Episode steps: 2500 | Average reward:   999.45 | Step Count: 4104611 | Episode Q0:    43.99
Episode: 3050/7000 | Episode reward:  1045.73 | Episode steps: 2500 | Average reward:  1006.19 | Step Count: 4107111 | Episode Q0:    43.99
Episode: 3051/7000 | Episode reward:  1056.23 | Episode steps: 2500 | Average reward:  1011.02 | Step Count: 4109611 | Episode Q0:    43.99
Episode: 3052/7000 | Episode reward:   882.78 | Episode steps: 2500 | Average reward:  1000.59 | Step Count: 4112111 | Episode Q0:    43.99
Episode: 3053/7000 | Episode reward:   889.96 | Episode steps: 2500 | Average reward:   986.72 | Step Count: 4114611 | Episode Q0:    43.99
Episode: 3054/7000 | Episode reward:   805.59 | Episode steps: 2500 | Average reward:   964.20 | Step Count: 4117111 | Episode Q0:    43.99
Episode: 3055/7000 | Episode reward:   836.18 | Episode steps: 2500 | Average reward:   948.06 | Step Count: 4119611 | Episode Q0:    43.99
Episode: 3056/7000 | Episode reward:  1066.33 | Episode steps: 2500 | Average reward:   964.08 | Step Count: 4122111 | Episode Q0:    43.99
Episode: 3057/7000 | Episode reward:  1084.05 | Episode steps: 2500 | Average reward:   963.92 | Step Count: 4124611 | Episode Q0:    43.99
Episode: 3058/7000 | Episode reward:  1086.35 | Episode steps: 2500 | Average reward:   973.92 | Step Count: 4127111 | Episode Q0:    43.99
Episode: 3059/7000 | Episode reward:   934.40 | Episode steps: 2500 | Average reward:   968.76 | Step Count: 4129611 | Episode Q0:    43.99
Episode: 3060/7000 | Episode reward:   889.98 | Episode steps: 2500 | Average reward:   953.19 | Step Count: 4132111 | Episode Q0:    43.99
Episode: 3061/7000 | Episode reward:   980.23 | Episode steps: 2500 | Average reward:   945.58 | Step Count: 4134611 | Episode Q0:    43.99
Episode: 3062/7000 | Episode reward:   980.21 | Episode steps: 2500 | Average reward:   955.33 | Step Count: 4137111 | Episode Q0:    43.99
Episode: 3063/7000 | Episode reward:   910.40 | Episode steps: 2500 | Average reward:   957.37 | Step Count: 4139611 | Episode Q0:    43.99
Episode: 3064/7000 | Episode reward:   948.04 | Episode steps: 2500 | Average reward:   971.62 | Step Count: 4142111 | Episode Q0:    43.99
Episode: 3065/7000 | Episode reward:   870.11 | Episode steps: 2500 | Average reward:   975.01 | Step Count: 4144611 | Episode Q0:    43.99
Episode: 3066/7000 | Episode reward:  1000.18 | Episode steps: 2500 | Average reward:   968.39 | Step Count: 4147111 | Episode Q0:    43.99
Episode: 3067/7000 | Episode reward:   941.42 | Episode steps: 2500 | Average reward:   954.13 | Step Count: 4149611 | Episode Q0:    43.99
Episode: 3068/7000 | Episode reward:   925.97 | Episode steps: 2500 | Average reward:   938.09 | Step Count: 4152111 | Episode Q0:    43.99
Episode: 3069/7000 | Episode reward:   874.64 | Episode steps: 2500 | Average reward:   932.12 | Step Count: 4154611 | Episode Q0:    43.99
Episode: 3070/7000 | Episode reward:   963.30 | Episode steps: 2500 | Average reward:   939.45 | Step Count: 4157111 | Episode Q0:    45.43
Episode: 3071/7000 | Episode reward:   969.56 | Episode steps: 2500 | Average reward:   938.38 | Step Count: 4159611 | Episode Q0:    45.43
Episode: 3072/7000 | Episode reward:   905.65 | Episode steps: 2500 | Average reward:   930.93 | Step Count: 4162111 | Episode Q0:    45.43
Episode: 3073/7000 | Episode reward:   867.73 | Episode steps: 2500 | Average reward:   926.66 | Step Count: 4164611 | Episode Q0:    45.43
Episode: 3074/7000 | Episode reward:   920.60 | Episode steps: 2500 | Average reward:   923.92 | Step Count: 4167111 | Episode Q0:    45.43
Episode: 3075/7000 | Episode reward:   872.73 | Episode steps: 2500 | Average reward:   924.18 | Step Count: 4169611 | Episode Q0:    45.43
Episode: 3076/7000 | Episode reward:   866.26 | Episode steps: 2500 | Average reward:   910.79 | Step Count: 4172111 | Episode Q0:    45.43
Episode: 3077/7000 | Episode reward:  1036.19 | Episode steps: 2500 | Average reward:   920.26 | Step Count: 4174611 | Episode Q0:    45.43
Episode: 3078/7000 | Episode reward:   840.29 | Episode steps: 2500 | Average reward:   911.69 | Step Count: 4177111 | Episode Q0:    45.43
Episode: 3079/7000 | Episode reward:   952.66 | Episode steps: 2500 | Average reward:   919.50 | Step Count: 4179611 | Episode Q0:    45.43
Episode: 3080/7000 | Episode reward:   855.64 | Episode steps: 2500 | Average reward:   908.73 | Step Count: 4182111 | Episode Q0:    45.43
Episode: 3081/7000 | Episode reward:   878.03 | Episode steps: 2500 | Average reward:   899.58 | Step Count: 4184611 | Episode Q0:    45.43
Episode: 3082/7000 | Episode reward:   858.48 | Episode steps: 2500 | Average reward:   894.86 | Step Count: 4187111 | Episode Q0:    45.43
Episode: 3083/7000 | Episode reward:   915.67 | Episode steps: 2500 | Average reward:   899.65 | Step Count: 4189611 | Episode Q0:    45.43
Episode: 3084/7000 | Episode reward:   984.33 | Episode steps: 2500 | Average reward:   906.03 | Step Count: 4192111 | Episode Q0:    45.43
Episode: 3085/7000 | Episode reward:   910.62 | Episode steps: 2500 | Average reward:   909.82 | Step Count: 4194611 | Episode Q0:    45.43
Episode: 3086/7000 | Episode reward:   939.64 | Episode steps: 2500 | Average reward:   917.15 | Step Count: 4197111 | Episode Q0:    45.43
Episode: 3087/7000 | Episode reward:   992.73 | Episode steps: 2500 | Average reward:   912.81 | Step Count: 4199611 | Episode Q0:    45.43
Episode: 3088/7000 | Episode reward:   966.88 | Episode steps: 2500 | Average reward:   925.47 | Step Count: 4202111 | Episode Q0:    45.43
Episode: 3089/7000 | Episode reward:   867.64 | Episode steps: 2500 | Average reward:   916.97 | Step Count: 4204611 | Episode Q0:    45.43
Episode: 3090/7000 | Episode reward:   865.45 | Episode steps: 2500 | Average reward:   917.95 | Step Count: 4207111 | Episode Q0:    45.43
Episode: 3091/7000 | Episode reward:   916.73 | Episode steps: 2500 | Average reward:   921.82 | Step Count: 4209611 | Episode Q0:    45.43
Episode: 3092/7000 | Episode reward:   919.83 | Episode steps: 2500 | Average reward:   927.95 | Step Count: 4212111 | Episode Q0:    45.43
Episode: 3093/7000 | Episode reward:  1008.65 | Episode steps: 2500 | Average reward:   937.25 | Step Count: 4214611 | Episode Q0:    43.48
Episode: 3094/7000 | Episode reward:   851.93 | Episode steps: 2500 | Average reward:   924.01 | Step Count: 4217111 | Episode Q0:    43.48
Episode: 3095/7000 | Episode reward:   824.80 | Episode steps: 2500 | Average reward:   915.43 | Step Count: 4219611 | Episode Q0:    43.48
Episode: 3096/7000 | Episode reward:   879.73 | Episode steps: 2500 | Average reward:   909.44 | Step Count: 4222111 | Episode Q0:    43.48
Episode: 3097/7000 | Episode reward:  1007.82 | Episode steps: 2500 | Average reward:   910.95 | Step Count: 4224611 | Episode Q0:    43.48
Episode: 3098/7000 | Episode reward:   974.09 | Episode steps: 2500 | Average reward:   911.67 | Step Count: 4227111 | Episode Q0:    43.48
Episode: 3099/7000 | Episode reward:   839.44 | Episode steps: 2500 | Average reward:   908.85 | Step Count: 4229611 | Episode Q0:    43.48
Episode: 3100/7000 | Episode reward:   828.94 | Episode steps: 2500 | Average reward:   905.20 | Step Count: 4232111 | Episode Q0:    43.48
Episode: 3101/7000 | Episode reward:   886.91 | Episode steps: 2500 | Average reward:   902.22 | Step Count: 4234611 | Episode Q0:    43.48
Episode: 3102/7000 | Episode reward:   880.74 | Episode steps: 2500 | Average reward:   898.31 | Step Count: 4237111 | Episode Q0:    43.48
Episode: 3103/7000 | Episode reward:   921.69 | Episode steps: 2500 | Average reward:   889.61 | Step Count: 4239611 | Episode Q0:    43.48
Episode: 3104/7000 | Episode reward:   835.36 | Episode steps: 2500 | Average reward:   887.95 | Step Count: 4242111 | Episode Q0:    43.48
Episode: 3105/7000 | Episode reward:   875.39 | Episode steps: 2500 | Average reward:   893.01 | Step Count: 4244611 | Episode Q0:    43.48
Episode: 3106/7000 | Episode reward:   864.23 | Episode steps: 2500 | Average reward:   891.46 | Step Count: 4247111 | Episode Q0:    43.48
Episode: 3107/7000 | Episode reward:   838.14 | Episode steps: 2500 | Average reward:   874.49 | Step Count: 4249611 | Episode Q0:    43.48
Episode: 3108/7000 | Episode reward:   955.58 | Episode steps: 2500 | Average reward:   872.64 | Step Count: 4252111 | Episode Q0:    43.48
Episode: 3109/7000 | Episode reward:   823.72 | Episode steps: 2500 | Average reward:   871.07 | Step Count: 4254611 | Episode Q0:    43.48
Episode: 3110/7000 | Episode reward:   994.80 | Episode steps: 2500 | Average reward:   887.66 | Step Count: 4257111 | Episode Q0:    43.48
Episode: 3111/7000 | Episode reward:   792.84 | Episode steps: 2500 | Average reward:   878.25 | Step Count: 4259611 | Episode Q0:    43.48
Episode: 3112/7000 | Episode reward:   858.04 | Episode steps: 2500 | Average reward:   875.98 | Step Count: 4262111 | Episode Q0:    43.48
Episode: 3113/7000 | Episode reward:  1193.56 | Episode steps: 2500 | Average reward:   903.17 | Step Count: 4264611 | Episode Q0:    43.48
Episode: 3114/7000 | Episode reward:   868.87 | Episode steps: 2500 | Average reward:   906.52 | Step Count: 4267111 | Episode Q0:    45.30
Episode: 3115/7000 | Episode reward:   937.85 | Episode steps: 2500 | Average reward:   912.76 | Step Count: 4269611 | Episode Q0:    45.30
Episode: 3116/7000 | Episode reward:   759.45 | Episode steps: 2500 | Average reward:   902.29 | Step Count: 4272111 | Episode Q0:    45.30
Episode: 3117/7000 | Episode reward:   841.70 | Episode steps: 2500 | Average reward:   902.64 | Step Count: 4274611 | Episode Q0:    45.30
Episode: 3118/7000 | Episode reward:   903.14 | Episode steps: 2500 | Average reward:   897.40 | Step Count: 4277111 | Episode Q0:    45.30
Episode: 3119/7000 | Episode reward:  1047.33 | Episode steps: 2500 | Average reward:   919.76 | Step Count: 4279611 | Episode Q0:    45.30
Episode: 3120/7000 | Episode reward:  1074.97 | Episode steps: 2500 | Average reward:   927.78 | Step Count: 4282111 | Episode Q0:    45.30
Episode: 3121/7000 | Episode reward:   865.64 | Episode steps: 2500 | Average reward:   935.06 | Step Count: 4284611 | Episode Q0:    45.30
Episode: 3122/7000 | Episode reward:   854.26 | Episode steps: 2500 | Average reward:   934.68 | Step Count: 4287111 | Episode Q0:    45.30
Episode: 3123/7000 | Episode reward:   925.84 | Episode steps: 2500 | Average reward:   907.91 | Step Count: 4289611 | Episode Q0:    45.30
Episode: 3124/7000 | Episode reward:  1102.68 | Episode steps: 2500 | Average reward:   931.29 | Step Count: 4292111 | Episode Q0:    45.30
Episode: 3125/7000 | Episode reward:   846.49 | Episode steps: 2500 | Average reward:   922.15 | Step Count: 4294611 | Episode Q0:    45.30
Episode: 3126/7000 | Episode reward:   919.35 | Episode steps: 2500 | Average reward:   938.14 | Step Count: 4297111 | Episode Q0:    45.30
Episode: 3127/7000 | Episode reward:  1208.88 | Episode steps: 2500 | Average reward:   974.86 | Step Count: 4299611 | Episode Q0:    45.30
Episode: 3128/7000 | Episode reward:   972.36 | Episode steps: 2500 | Average reward:   981.78 | Step Count: 4302111 | Episode Q0:    45.30
Episode: 3129/7000 | Episode reward:   957.42 | Episode steps: 2500 | Average reward:   972.79 | Step Count: 4304611 | Episode Q0:    45.30
Episode: 3130/7000 | Episode reward:   987.43 | Episode steps: 2500 | Average reward:   964.04 | Step Count: 4307111 | Episode Q0:    45.30
Episode: 3131/7000 | Episode reward:  1035.73 | Episode steps: 2500 | Average reward:   981.05 | Step Count: 4309611 | Episode Q0:    45.30
Episode: 3132/7000 | Episode reward:   906.52 | Episode steps: 2500 | Average reward:   986.27 | Step Count: 4312111 | Episode Q0:    45.30
Episode: 3133/7000 | Episode reward:   910.66 | Episode steps: 2500 | Average reward:   984.75 | Step Count: 4314611 | Episode Q0:    45.30
Episode: 3134/7000 | Episode reward:  1001.73 | Episode steps: 2500 | Average reward:   974.66 | Step Count: 4317111 | Episode Q0:    45.30
Episode: 3135/7000 | Episode reward:  1019.36 | Episode steps: 2500 | Average reward:   991.94 | Step Count: 4319611 | Episode Q0:    45.30
Episode: 3136/7000 | Episode reward:   797.27 | Episode steps: 2500 | Average reward:   979.74 | Step Count: 4322111 | Episode Q0:    45.30
Episode: 3137/7000 | Episode reward:   944.28 | Episode steps: 2500 | Average reward:   953.28 | Step Count: 4324611 | Episode Q0:    46.26
Episode: 3138/7000 | Episode reward:   965.31 | Episode steps: 2500 | Average reward:   952.57 | Step Count: 4327111 | Episode Q0:    46.26
Episode: 3139/7000 | Episode reward:   999.25 | Episode steps: 2500 | Average reward:   956.75 | Step Count: 4329611 | Episode Q0:    46.26
Episode: 3140/7000 | Episode reward:   907.06 | Episode steps: 2500 | Average reward:   948.72 | Step Count: 4332111 | Episode Q0:    46.26
Episode: 3141/7000 | Episode reward:   959.04 | Episode steps: 2500 | Average reward:   941.05 | Step Count: 4334611 | Episode Q0:    46.26
Episode: 3142/7000 | Episode reward:   955.34 | Episode steps: 2500 | Average reward:   945.93 | Step Count: 4337111 | Episode Q0:    46.26
Episode: 3143/7000 | Episode reward:   943.18 | Episode steps: 2500 | Average reward:   949.18 | Step Count: 4339611 | Episode Q0:    46.26
Episode: 3144/7000 | Episode reward:   999.05 | Episode steps: 2500 | Average reward:   948.91 | Step Count: 4342111 | Episode Q0:    46.26
Episode: 3145/7000 | Episode reward:   896.79 | Episode steps: 2500 | Average reward:   936.66 | Step Count: 4344611 | Episode Q0:    46.26
Episode: 3146/7000 | Episode reward:  1053.24 | Episode steps: 2500 | Average reward:   962.25 | Step Count: 4347111 | Episode Q0:    46.26
Episode: 3147/7000 | Episode reward:  1036.57 | Episode steps: 2500 | Average reward:   971.48 | Step Count: 4349611 | Episode Q0:    46.26
Episode: 3148/7000 | Episode reward:   995.74 | Episode steps: 2500 | Average reward:   974.52 | Step Count: 4352111 | Episode Q0:    46.26
Episode: 3149/7000 | Episode reward:  1111.49 | Episode steps: 2500 | Average reward:   985.75 | Step Count: 4354611 | Episode Q0:    46.26
Episode: 3150/7000 | Episode reward:   930.62 | Episode steps: 2500 | Average reward:   988.11 | Step Count: 4357111 | Episode Q0:    46.26
Episode: 3151/7000 | Episode reward:  1156.38 | Episode steps: 2500 | Average reward:  1007.84 | Step Count: 4359611 | Episode Q0:    46.26
Episode: 3152/7000 | Episode reward:  1131.86 | Episode steps: 2500 | Average reward:  1025.49 | Step Count: 4362111 | Episode Q0:    46.26
Episode: 3153/7000 | Episode reward:   899.42 | Episode steps: 2500 | Average reward:  1021.12 | Step Count: 4364611 | Episode Q0:    46.26
Episode: 3154/7000 | Episode reward:   915.75 | Episode steps: 2500 | Average reward:  1012.78 | Step Count: 4367111 | Episode Q0:    46.26
Episode: 3155/7000 | Episode reward:   976.79 | Episode steps: 2500 | Average reward:  1020.78 | Step Count: 4369611 | Episode Q0:    46.26
Episode: 3156/7000 | Episode reward:   958.99 | Episode steps: 2500 | Average reward:  1011.36 | Step Count: 4372111 | Episode Q0:    46.26
Episode: 3157/7000 | Episode reward:   973.58 | Episode steps: 2500 | Average reward:  1005.06 | Step Count: 4374611 | Episode Q0:    46.26
Episode: 3158/7000 | Episode reward:   846.98 | Episode steps: 2500 | Average reward:   990.18 | Step Count: 4377111 | Episode Q0:    47.51
Episode: 3159/7000 | Episode reward:  1075.72 | Episode steps: 2500 | Average reward:   986.61 | Step Count: 4379611 | Episode Q0:    47.51
Episode: 3160/7000 | Episode reward:   773.65 | Episode steps: 2500 | Average reward:   970.91 | Step Count: 4382111 | Episode Q0:    47.51
Episode: 3161/7000 | Episode reward:   836.87 | Episode steps: 2500 | Average reward:   938.96 | Step Count: 4384611 | Episode Q0:    47.51
Episode: 3162/7000 | Episode reward:   849.79 | Episode steps: 2500 | Average reward:   910.75 | Step Count: 4387111 | Episode Q0:    47.51
Episode: 3163/7000 | Episode reward:   755.65 | Episode steps: 2500 | Average reward:   896.38 | Step Count: 4389611 | Episode Q0:    47.51
Episode: 3164/7000 | Episode reward:   760.88 | Episode steps: 2500 | Average reward:   880.89 | Step Count: 4392111 | Episode Q0:    47.51
Episode: 3165/7000 | Episode reward:   891.98 | Episode steps: 2500 | Average reward:   872.41 | Step Count: 4394611 | Episode Q0:    47.51
Episode: 3166/7000 | Episode reward:   884.39 | Episode steps: 2500 | Average reward:   864.95 | Step Count: 4397111 | Episode Q0:    47.51
Episode: 3167/7000 | Episode reward:   849.95 | Episode steps: 2500 | Average reward:   852.59 | Step Count: 4399611 | Episode Q0:    47.51
Episode: 3168/7000 | Episode reward:   964.22 | Episode steps: 2500 | Average reward:   864.31 | Step Count: 4402111 | Episode Q0:    47.51
Episode: 3169/7000 | Episode reward:   871.48 | Episode steps: 2500 | Average reward:   843.89 | Step Count: 4404611 | Episode Q0:    47.51
Episode: 3170/7000 | Episode reward:   905.41 | Episode steps: 2500 | Average reward:   857.06 | Step Count: 4407111 | Episode Q0:    47.51
Episode: 3171/7000 | Episode reward:   858.91 | Episode steps: 2500 | Average reward:   859.27 | Step Count: 4409611 | Episode Q0:    47.51
Episode: 3172/7000 | Episode reward:   910.25 | Episode steps: 2500 | Average reward:   865.31 | Step Count: 4412111 | Episode Q0:    47.51
Episode: 3173/7000 | Episode reward:   985.07 | Episode steps: 2500 | Average reward:   888.25 | Step Count: 4414611 | Episode Q0:    47.51
Episode: 3174/7000 | Episode reward:   857.26 | Episode steps: 2500 | Average reward:   897.89 | Step Count: 4417111 | Episode Q0:    47.51
Episode: 3175/7000 | Episode reward:   920.53 | Episode steps: 2500 | Average reward:   900.75 | Step Count: 4419611 | Episode Q0:    47.51
Episode: 3176/7000 | Episode reward:   705.26 | Episode steps: 2500 | Average reward:   882.83 | Step Count: 4422111 | Episode Q0:    47.51
Episode: 3177/7000 | Episode reward:   812.32 | Episode steps: 2500 | Average reward:   879.07 | Step Count: 4424611 | Episode Q0:    47.51
Episode: 3178/7000 | Episode reward:   870.06 | Episode steps: 2500 | Average reward:   869.66 | Step Count: 4427111 | Episode Q0:    47.51
Episode: 3179/7000 | Episode reward:   906.25 | Episode steps: 2500 | Average reward:   873.13 | Step Count: 4429611 | Episode Q0:    47.51
Episode: 3180/7000 | Episode reward:   916.64 | Episode steps: 2500 | Average reward:   874.26 | Step Count: 4432111 | Episode Q0:    47.51
Episode: 3181/7000 | Episode reward:   969.20 | Episode steps: 2500 | Average reward:   885.28 | Step Count: 4434611 | Episode Q0:    46.19
Episode: 3182/7000 | Episode reward:   891.89 | Episode steps: 2500 | Average reward:   883.45 | Step Count: 4437111 | Episode Q0:    46.19
Episode: 3183/7000 | Episode reward:   863.26 | Episode steps: 2500 | Average reward:   871.27 | Step Count: 4439611 | Episode Q0:    46.19
Episode: 3184/7000 | Episode reward:   829.15 | Episode steps: 2500 | Average reward:   868.46 | Step Count: 4442111 | Episode Q0:    46.19
Episode: 3185/7000 | Episode reward:   889.35 | Episode steps: 2500 | Average reward:   865.34 | Step Count: 4444611 | Episode Q0:    46.19
Episode: 3186/7000 | Episode reward:   871.24 | Episode steps: 2500 | Average reward:   881.94 | Step Count: 4447111 | Episode Q0:    46.19
Episode: 3187/7000 | Episode reward:   908.39 | Episode steps: 2500 | Average reward:   891.54 | Step Count: 4449611 | Episode Q0:    46.19
Episode: 3188/7000 | Episode reward:   845.52 | Episode steps: 2500 | Average reward:   889.09 | Step Count: 4452111 | Episode Q0:    46.19
Episode: 3189/7000 | Episode reward:   781.44 | Episode steps: 2500 | Average reward:   876.61 | Step Count: 4454611 | Episode Q0:    46.19
Episode: 3190/7000 | Episode reward:   804.32 | Episode steps: 2500 | Average reward:   865.38 | Step Count: 4457111 | Episode Q0:    46.19
Episode: 3191/7000 | Episode reward:   865.59 | Episode steps: 2500 | Average reward:   855.02 | Step Count: 4459611 | Episode Q0:    46.19
Episode: 3192/7000 | Episode reward:   820.50 | Episode steps: 2500 | Average reward:   847.88 | Step Count: 4462111 | Episode Q0:    46.19
Episode: 3193/7000 | Episode reward:   840.48 | Episode steps: 2500 | Average reward:   845.60 | Step Count: 4464611 | Episode Q0:    46.19
Episode: 3194/7000 | Episode reward:   858.64 | Episode steps: 2500 | Average reward:   848.55 | Step Count: 4467111 | Episode Q0:    46.19
Episode: 3195/7000 | Episode reward:   925.09 | Episode steps: 2500 | Average reward:   852.12 | Step Count: 4469611 | Episode Q0:    46.19
Episode: 3196/7000 | Episode reward:   771.00 | Episode steps: 2500 | Average reward:   842.10 | Step Count: 4472111 | Episode Q0:    46.19
Episode: 3197/7000 | Episode reward:   828.62 | Episode steps: 2500 | Average reward:   834.12 | Step Count: 4474611 | Episode Q0:    46.19
Episode: 3198/7000 | Episode reward:   823.07 | Episode steps: 2500 | Average reward:   831.88 | Step Count: 4477111 | Episode Q0:    46.19
Episode: 3199/7000 | Episode reward:  1144.21 | Episode steps: 2500 | Average reward:   868.15 | Step Count: 4479611 | Episode Q0:    46.19
Episode: 3200/7000 | Episode reward:   852.56 | Episode steps: 2500 | Average reward:   872.98 | Step Count: 4482111 | Episode Q0:    46.19
Episode: 3201/7000 | Episode reward:   940.01 | Episode steps: 2500 | Average reward:   880.42 | Step Count: 4484611 | Episode Q0:    46.19
Episode: 3202/7000 | Episode reward:   792.25 | Episode steps: 2500 | Average reward:   877.59 | Step Count: 4487111 | Episode Q0:    45.41
Episode: 3203/7000 | Episode reward:   874.52 | Episode steps: 2500 | Average reward:   881.00 | Step Count: 4489611 | Episode Q0:    45.41
Episode: 3204/7000 | Episode reward:   958.08 | Episode steps: 2500 | Average reward:   890.94 | Step Count: 4492111 | Episode Q0:    45.41
Episode: 3205/7000 | Episode reward:   864.96 | Episode steps: 2500 | Average reward:   884.93 | Step Count: 4494611 | Episode Q0:    45.41
Episode: 3206/7000 | Episode reward:   935.63 | Episode steps: 2500 | Average reward:   901.39 | Step Count: 4497111 | Episode Q0:    45.41
Episode: 3207/7000 | Episode reward:   904.04 | Episode steps: 2500 | Average reward:   908.93 | Step Count: 4499611 | Episode Q0:    45.41
Episode: 3208/7000 | Episode reward:   876.96 | Episode steps: 2500 | Average reward:   914.32 | Step Count: 4502111 | Episode Q0:    45.41
Episode: 3209/7000 | Episode reward:   715.02 | Episode steps: 2500 | Average reward:   871.40 | Step Count: 4504611 | Episode Q0:    45.41
Episode: 3210/7000 | Episode reward:   863.86 | Episode steps: 2500 | Average reward:   872.53 | Step Count: 4507111 | Episode Q0:    45.41
Episode: 3211/7000 | Episode reward:   773.52 | Episode steps: 2500 | Average reward:   855.88 | Step Count: 4509611 | Episode Q0:    45.41
Episode: 3212/7000 | Episode reward:   905.63 | Episode steps: 2500 | Average reward:   867.22 | Step Count: 4512111 | Episode Q0:    45.41
Episode: 3213/7000 | Episode reward:   830.98 | Episode steps: 2500 | Average reward:   862.87 | Step Count: 4514611 | Episode Q0:    45.41
Episode: 3214/7000 | Episode reward:   849.53 | Episode steps: 2500 | Average reward:   852.01 | Step Count: 4517111 | Episode Q0:    45.41
Episode: 3215/7000 | Episode reward:   909.83 | Episode steps: 2500 | Average reward:   856.50 | Step Count: 4519611 | Episode Q0:    45.41
Episode: 3216/7000 | Episode reward:   920.45 | Episode steps: 2500 | Average reward:   854.98 | Step Count: 4522111 | Episode Q0:    45.41
Episode: 3217/7000 | Episode reward:   729.75 | Episode steps: 2500 | Average reward:   837.55 | Step Count: 4524611 | Episode Q0:    45.41
Episode: 3218/7000 | Episode reward:  1103.39 | Episode steps: 2500 | Average reward:   860.20 | Step Count: 4527111 | Episode Q0:    45.41
Episode: 3219/7000 | Episode reward:   889.29 | Episode steps: 2500 | Average reward:   877.62 | Step Count: 4529611 | Episode Q0:    45.41
Episode: 3220/7000 | Episode reward:   829.50 | Episode steps: 2500 | Average reward:   874.19 | Step Count: 4532111 | Episode Q0:    45.41
Episode: 3221/7000 | Episode reward:   843.71 | Episode steps: 2500 | Average reward:   881.21 | Step Count: 4534611 | Episode Q0:    45.41
Episode: 3222/7000 | Episode reward:   865.19 | Episode steps: 2500 | Average reward:   877.16 | Step Count: 4537111 | Episode Q0:    45.41
Episode: 3223/7000 | Episode reward:   917.57 | Episode steps: 2500 | Average reward:   885.82 | Step Count: 4539611 | Episode Q0:    45.41
Episode: 3224/7000 | Episode reward:   877.88 | Episode steps: 2500 | Average reward:   888.66 | Step Count: 4542111 | Episode Q0:    45.41
Episode: 3225/7000 | Episode reward:   944.96 | Episode steps: 2500 | Average reward:   892.17 | Step Count: 4544611 | Episode Q0:    45.33
Episode: 3226/7000 | Episode reward:   929.32 | Episode steps: 2500 | Average reward:   893.06 | Step Count: 4547111 | Episode Q0:    45.33
Episode: 3227/7000 | Episode reward:  1069.31 | Episode steps: 2500 | Average reward:   927.01 | Step Count: 4549611 | Episode Q0:    45.33
Episode: 3228/7000 | Episode reward:  1022.76 | Episode steps: 2500 | Average reward:   918.95 | Step Count: 4552111 | Episode Q0:    45.33
Episode: 3229/7000 | Episode reward:   873.23 | Episode steps: 2500 | Average reward:   917.34 | Step Count: 4554611 | Episode Q0:    45.33
Episode: 3230/7000 | Episode reward:  1208.69 | Episode steps: 2500 | Average reward:   955.26 | Step Count: 4557111 | Episode Q0:    45.33
Episode: 3231/7000 | Episode reward:  1224.48 | Episode steps: 2500 | Average reward:   993.34 | Step Count: 4559611 | Episode Q0:    45.33
Episode: 3232/7000 | Episode reward:   915.03 | Episode steps: 2500 | Average reward:   998.32 | Step Count: 4562111 | Episode Q0:    45.33
Episode: 3233/7000 | Episode reward:   989.97 | Episode steps: 2500 | Average reward:  1005.56 | Step Count: 4564611 | Episode Q0:    45.33
Episode: 3234/7000 | Episode reward:  1082.23 | Episode steps: 2500 | Average reward:  1026.00 | Step Count: 4567111 | Episode Q0:    45.33
Episode: 3235/7000 | Episode reward:   967.79 | Episode steps: 2500 | Average reward:  1028.28 | Step Count: 4569611 | Episode Q0:    45.33
Episode: 3236/7000 | Episode reward:   960.23 | Episode steps: 2500 | Average reward:  1031.37 | Step Count: 4572111 | Episode Q0:    45.33
Episode: 3237/7000 | Episode reward:  1207.48 | Episode steps: 2500 | Average reward:  1045.19 | Step Count: 4574611 | Episode Q0:    45.33
Episode: 3238/7000 | Episode reward:   972.23 | Episode steps: 2500 | Average reward:  1040.14 | Step Count: 4577111 | Episode Q0:    45.33
Episode: 3239/7000 | Episode reward:   940.54 | Episode steps: 2500 | Average reward:  1046.87 | Step Count: 4579611 | Episode Q0:    45.33
Episode: 3240/7000 | Episode reward:  1090.50 | Episode steps: 2500 | Average reward:  1035.05 | Step Count: 4582111 | Episode Q0:    45.33
Episode: 3241/7000 | Episode reward:   845.26 | Episode steps: 2500 | Average reward:   997.13 | Step Count: 4584611 | Episode Q0:    45.33
Episode: 3242/7000 | Episode reward:   979.44 | Episode steps: 2500 | Average reward:  1003.57 | Step Count: 4587111 | Episode Q0:    45.33
Episode: 3243/7000 | Episode reward:   961.16 | Episode steps: 2500 | Average reward:  1000.69 | Step Count: 4589611 | Episode Q0:    45.33
Episode: 3244/7000 | Episode reward:   996.77 | Episode steps: 2500 | Average reward:   992.14 | Step Count: 4592111 | Episode Q0:    45.33
Episode: 3245/7000 | Episode reward:   955.21 | Episode steps: 2500 | Average reward:   990.88 | Step Count: 4594611 | Episode Q0:    45.33
Episode: 3246/7000 | Episode reward:  1028.85 | Episode steps: 2500 | Average reward:   997.74 | Step Count: 4597111 | Episode Q0:    45.73
Episode: 3247/7000 | Episode reward:   807.06 | Episode steps: 2500 | Average reward:   957.70 | Step Count: 4599611 | Episode Q0:    45.73
Episode: 3248/7000 | Episode reward:  1028.28 | Episode steps: 2500 | Average reward:   963.31 | Step Count: 4602111 | Episode Q0:    45.73
Episode: 3249/7000 | Episode reward:   840.85 | Episode steps: 2500 | Average reward:   953.34 | Step Count: 4604611 | Episode Q0:    45.73
Episode: 3250/7000 | Episode reward:   853.87 | Episode steps: 2500 | Average reward:   929.68 | Step Count: 4607111 | Episode Q0:    45.73
Episode: 3251/7000 | Episode reward:   782.61 | Episode steps: 2500 | Average reward:   923.41 | Step Count: 4609611 | Episode Q0:    45.73
Episode: 3252/7000 | Episode reward:   939.09 | Episode steps: 2500 | Average reward:   919.37 | Step Count: 4612111 | Episode Q0:    45.73
Episode: 3253/7000 | Episode reward:   971.22 | Episode steps: 2500 | Average reward:   920.38 | Step Count: 4614611 | Episode Q0:    45.73
Episode: 3254/7000 | Episode reward:   810.36 | Episode steps: 2500 | Average reward:   901.74 | Step Count: 4617111 | Episode Q0:    45.73
Episode: 3255/7000 | Episode reward:   824.77 | Episode steps: 2500 | Average reward:   888.70 | Step Count: 4619611 | Episode Q0:    45.73
Episode: 3256/7000 | Episode reward:   924.52 | Episode steps: 2500 | Average reward:   878.26 | Step Count: 4622111 | Episode Q0:    45.73
Episode: 3257/7000 | Episode reward:   857.69 | Episode steps: 2500 | Average reward:   883.33 | Step Count: 4624611 | Episode Q0:    45.73
Episode: 3258/7000 | Episode reward:   835.60 | Episode steps: 2500 | Average reward:   864.06 | Step Count: 4627111 | Episode Q0:    45.73
Episode: 3259/7000 | Episode reward:   913.75 | Episode steps: 2500 | Average reward:   871.35 | Step Count: 4629611 | Episode Q0:    45.73
Episode: 3260/7000 | Episode reward:   903.89 | Episode steps: 2500 | Average reward:   876.35 | Step Count: 4632111 | Episode Q0:    45.73
Episode: 3261/7000 | Episode reward:   895.50 | Episode steps: 2500 | Average reward:   887.64 | Step Count: 4634611 | Episode Q0:    45.73
Episode: 3262/7000 | Episode reward:   905.07 | Episode steps: 2500 | Average reward:   884.24 | Step Count: 4637111 | Episode Q0:    45.73
Episode: 3263/7000 | Episode reward:   932.42 | Episode steps: 2500 | Average reward:   880.36 | Step Count: 4639611 | Episode Q0:    45.73
Episode: 3264/7000 | Episode reward:  1089.06 | Episode steps: 2500 | Average reward:   908.23 | Step Count: 4642111 | Episode Q0:    45.73
Episode: 3265/7000 | Episode reward:   987.59 | Episode steps: 2500 | Average reward:   924.51 | Step Count: 4644611 | Episode Q0:    45.73
Episode: 3266/7000 | Episode reward:  1047.09 | Episode steps: 2500 | Average reward:   936.77 | Step Count: 4647111 | Episode Q0:    45.73
Episode: 3267/7000 | Episode reward:   912.71 | Episode steps: 2500 | Average reward:   942.27 | Step Count: 4649611 | Episode Q0:    45.73
Episode: 3268/7000 | Episode reward:  1016.98 | Episode steps: 2500 | Average reward:   960.41 | Step Count: 4652111 | Episode Q0:    45.73
Episode: 3269/7000 | Episode reward:  1387.45 | Episode steps: 2500 | Average reward:  1007.78 | Step Count: 4654611 | Episode Q0:    46.69
Episode: 3270/7000 | Episode reward:  1120.47 | Episode steps: 2500 | Average reward:  1029.43 | Step Count: 4657111 | Episode Q0:    46.69
Episode: 3271/7000 | Episode reward:  1017.99 | Episode steps: 2500 | Average reward:  1041.68 | Step Count: 4659611 | Episode Q0:    46.69
Episode: 3272/7000 | Episode reward:  1218.30 | Episode steps: 2500 | Average reward:  1073.01 | Step Count: 4662111 | Episode Q0:    46.69
Episode: 3273/7000 | Episode reward:   994.29 | Episode steps: 2500 | Average reward:  1079.19 | Step Count: 4664611 | Episode Q0:    46.69
Episode: 3274/7000 | Episode reward:  1137.52 | Episode steps: 2500 | Average reward:  1084.04 | Step Count: 4667111 | Episode Q0:    46.69
Episode: 3275/7000 | Episode reward:  1347.82 | Episode steps: 2500 | Average reward:  1120.06 | Step Count: 4669611 | Episode Q0:    46.69
Episode: 3276/7000 | Episode reward:  1025.66 | Episode steps: 2500 | Average reward:  1117.92 | Step Count: 4672111 | Episode Q0:    46.69
Episode: 3277/7000 | Episode reward:  1120.27 | Episode steps: 2500 | Average reward:  1138.67 | Step Count: 4674611 | Episode Q0:    46.69
Episode: 3278/7000 | Episode reward:  1038.37 | Episode steps: 2500 | Average reward:  1140.81 | Step Count: 4677111 | Episode Q0:    46.69
Episode: 3279/7000 | Episode reward:  1232.31 | Episode steps: 2500 | Average reward:  1125.30 | Step Count: 4679611 | Episode Q0:    46.69
Episode: 3280/7000 | Episode reward:  1039.53 | Episode steps: 2500 | Average reward:  1117.20 | Step Count: 4682111 | Episode Q0:    46.69
Episode: 3281/7000 | Episode reward:  1407.44 | Episode steps: 2500 | Average reward:  1156.15 | Step Count: 4684611 | Episode Q0:    46.69
Episode: 3282/7000 | Episode reward:  1218.81 | Episode steps: 2500 | Average reward:  1156.20 | Step Count: 4687111 | Episode Q0:    46.69
Episode: 3283/7000 | Episode reward:  1006.13 | Episode steps: 2500 | Average reward:  1157.39 | Step Count: 4689611 | Episode Q0:    46.69
Episode: 3284/7000 | Episode reward:  1029.05 | Episode steps: 2500 | Average reward:  1146.54 | Step Count: 4692111 | Episode Q0:    46.69
Episode: 3285/7000 | Episode reward:  1143.54 | Episode steps: 2500 | Average reward:  1126.11 | Step Count: 4694611 | Episode Q0:    46.69
Episode: 3286/7000 | Episode reward:   859.63 | Episode steps: 2500 | Average reward:  1109.51 | Step Count: 4697111 | Episode Q0:    46.69
Episode: 3287/7000 | Episode reward:  1007.67 | Episode steps: 2500 | Average reward:  1098.25 | Step Count: 4699611 | Episode Q0:    46.69
Episode: 3288/7000 | Episode reward:  1067.03 | Episode steps: 2500 | Average reward:  1101.11 | Step Count: 4702111 | Episode Q0:    46.69
Episode: 3289/7000 | Episode reward:  1107.58 | Episode steps: 2500 | Average reward:  1088.64 | Step Count: 4704611 | Episode Q0:    46.69
Episode: 3290/7000 | Episode reward:  1130.43 | Episode steps: 2500 | Average reward:  1097.73 | Step Count: 4707111 | Episode Q0:    46.16
Episode: 3291/7000 | Episode reward:  1123.15 | Episode steps: 2500 | Average reward:  1069.30 | Step Count: 4709611 | Episode Q0:    46.16
Episode: 3292/7000 | Episode reward:  1098.90 | Episode steps: 2500 | Average reward:  1057.31 | Step Count: 4712111 | Episode Q0:    46.16
Episode: 3293/7000 | Episode reward:  1269.97 | Episode steps: 2500 | Average reward:  1083.70 | Step Count: 4714611 | Episode Q0:    46.16
Episode: 3294/7000 | Episode reward:   956.30 | Episode steps: 2500 | Average reward:  1076.42 | Step Count: 4717111 | Episode Q0:    46.16
Episode: 3295/7000 | Episode reward:   974.59 | Episode steps: 2500 | Average reward:  1059.53 | Step Count: 4719611 | Episode Q0:    46.16
Episode: 3296/7000 | Episode reward:  1273.44 | Episode steps: 2500 | Average reward:  1100.91 | Step Count: 4722111 | Episode Q0:    46.16
Episode: 3297/7000 | Episode reward:   969.48 | Episode steps: 2500 | Average reward:  1097.09 | Step Count: 4724611 | Episode Q0:    46.16
Episode: 3298/7000 | Episode reward:  1023.87 | Episode steps: 2500 | Average reward:  1092.77 | Step Count: 4727111 | Episode Q0:    46.16
Episode: 3299/7000 | Episode reward:   984.66 | Episode steps: 2500 | Average reward:  1080.48 | Step Count: 4729611 | Episode Q0:    46.16
Episode: 3300/7000 | Episode reward:  1123.53 | Episode steps: 2500 | Average reward:  1079.79 | Step Count: 4732111 | Episode Q0:    46.16
Episode: 3301/7000 | Episode reward:  1288.45 | Episode steps: 2500 | Average reward:  1096.32 | Step Count: 4734611 | Episode Q0:    46.16
Episode: 3302/7000 | Episode reward:   993.23 | Episode steps: 2500 | Average reward:  1085.75 | Step Count: 4737111 | Episode Q0:    46.16
Episode: 3303/7000 | Episode reward:   989.07 | Episode steps: 2500 | Average reward:  1057.66 | Step Count: 4739611 | Episode Q0:    46.16
Episode: 3304/7000 | Episode reward:  1076.61 | Episode steps: 2500 | Average reward:  1069.69 | Step Count: 4742111 | Episode Q0:    46.16
Episode: 3305/7000 | Episode reward:  1093.35 | Episode steps: 2500 | Average reward:  1081.57 | Step Count: 4744611 | Episode Q0:    46.16
Episode: 3306/7000 | Episode reward:  1106.76 | Episode steps: 2500 | Average reward:  1064.90 | Step Count: 4747111 | Episode Q0:    46.16
Episode: 3307/7000 | Episode reward:  1114.55 | Episode steps: 2500 | Average reward:  1079.41 | Step Count: 4749611 | Episode Q0:    46.16
Episode: 3308/7000 | Episode reward:   997.37 | Episode steps: 2500 | Average reward:  1076.76 | Step Count: 4752111 | Episode Q0:    46.16
Episode: 3309/7000 | Episode reward:   863.84 | Episode steps: 2500 | Average reward:  1064.68 | Step Count: 4754611 | Episode Q0:    46.16
Episode: 3310/7000 | Episode reward:   951.72 | Episode steps: 2500 | Average reward:  1047.49 | Step Count: 4757111 | Episode Q0:    46.16
Episode: 3311/7000 | Episode reward:  1067.16 | Episode steps: 2500 | Average reward:  1025.37 | Step Count: 4759611 | Episode Q0:    46.16
Episode: 3312/7000 | Episode reward:  1069.62 | Episode steps: 2500 | Average reward:  1033.01 | Step Count: 4762111 | Episode Q0:    46.16
Episode: 3313/7000 | Episode reward:  1168.13 | Episode steps: 2500 | Average reward:  1050.91 | Step Count: 4764611 | Episode Q0:    45.83
Episode: 3314/7000 | Episode reward:  1066.55 | Episode steps: 2500 | Average reward:  1049.91 | Step Count: 4767111 | Episode Q0:    45.83
Episode: 3315/7000 | Episode reward:  1128.70 | Episode steps: 2500 | Average reward:  1053.44 | Step Count: 4769611 | Episode Q0:    45.83
Episode: 3316/7000 | Episode reward:  1049.26 | Episode steps: 2500 | Average reward:  1047.69 | Step Count: 4772111 | Episode Q0:    45.83
Episode: 3317/7000 | Episode reward:  1041.28 | Episode steps: 2500 | Average reward:  1040.36 | Step Count: 4774611 | Episode Q0:    45.83
Episode: 3318/7000 | Episode reward:  1083.90 | Episode steps: 2500 | Average reward:  1049.02 | Step Count: 4777111 | Episode Q0:    45.83
Episode: 3319/7000 | Episode reward:  1059.37 | Episode steps: 2500 | Average reward:  1068.57 | Step Count: 4779611 | Episode Q0:    45.83
Episode: 3320/7000 | Episode reward:  1144.03 | Episode steps: 2500 | Average reward:  1087.80 | Step Count: 4782111 | Episode Q0:    45.83
Episode: 3321/7000 | Episode reward:  1003.52 | Episode steps: 2500 | Average reward:  1081.44 | Step Count: 4784611 | Episode Q0:    45.83
Episode: 3322/7000 | Episode reward:   981.14 | Episode steps: 2500 | Average reward:  1072.59 | Step Count: 4787111 | Episode Q0:    45.83
Episode: 3323/7000 | Episode reward:  1031.99 | Episode steps: 2500 | Average reward:  1058.97 | Step Count: 4789611 | Episode Q0:    45.83
Episode: 3324/7000 | Episode reward:   995.61 | Episode steps: 2500 | Average reward:  1051.88 | Step Count: 4792111 | Episode Q0:    45.83
Episode: 3325/7000 | Episode reward:  1036.77 | Episode steps: 2500 | Average reward:  1042.69 | Step Count: 4794611 | Episode Q0:    45.83
Episode: 3326/7000 | Episode reward:  1388.88 | Episode steps: 2500 | Average reward:  1076.65 | Step Count: 4797111 | Episode Q0:    45.83
Episode: 3327/7000 | Episode reward:  1109.27 | Episode steps: 2500 | Average reward:  1083.45 | Step Count: 4799611 | Episode Q0:    45.83
Episode: 3328/7000 | Episode reward:  1010.12 | Episode steps: 2500 | Average reward:  1076.07 | Step Count: 4802111 | Episode Q0:    45.83
Episode: 3329/7000 | Episode reward:  1017.71 | Episode steps: 2500 | Average reward:  1071.90 | Step Count: 4804611 | Episode Q0:    45.83
Episode: 3330/7000 | Episode reward:  1087.26 | Episode steps: 2500 | Average reward:  1066.23 | Step Count: 4807111 | Episode Q0:    45.83
Episode: 3331/7000 | Episode reward:  1043.27 | Episode steps: 2500 | Average reward:  1070.20 | Step Count: 4809611 | Episode Q0:    45.83
Episode: 3332/7000 | Episode reward:  1150.34 | Episode steps: 2500 | Average reward:  1087.12 | Step Count: 4812111 | Episode Q0:    45.83
Episode: 3333/7000 | Episode reward:  1116.06 | Episode steps: 2500 | Average reward:  1095.53 | Step Count: 4814611 | Episode Q0:    45.83
Episode: 3334/7000 | Episode reward:   993.32 | Episode steps: 2500 | Average reward:  1095.30 | Step Count: 4817111 | Episode Q0:    46.70
Episode: 3335/7000 | Episode reward:  1057.29 | Episode steps: 2500 | Average reward:  1097.35 | Step Count: 4819611 | Episode Q0:    46.70
Episode: 3336/7000 | Episode reward:  1158.29 | Episode steps: 2500 | Average reward:  1074.29 | Step Count: 4822111 | Episode Q0:    46.70
Episode: 3337/7000 | Episode reward:  1162.70 | Episode steps: 2500 | Average reward:  1079.64 | Step Count: 4824611 | Episode Q0:    46.70
Episode: 3338/7000 | Episode reward:  1136.78 | Episode steps: 2500 | Average reward:  1092.30 | Step Count: 4827111 | Episode Q0:    46.70
Episode: 3339/7000 | Episode reward:   984.69 | Episode steps: 2500 | Average reward:  1089.00 | Step Count: 4829611 | Episode Q0:    46.70
Episode: 3340/7000 | Episode reward:  1051.52 | Episode steps: 2500 | Average reward:  1085.43 | Step Count: 4832111 | Episode Q0:    46.70
Episode: 3341/7000 | Episode reward:  1022.45 | Episode steps: 2500 | Average reward:  1083.34 | Step Count: 4834611 | Episode Q0:    46.70
Episode: 3342/7000 | Episode reward:  1107.94 | Episode steps: 2500 | Average reward:  1079.10 | Step Count: 4837111 | Episode Q0:    46.70
Episode: 3343/7000 | Episode reward:  1232.69 | Episode steps: 2500 | Average reward:  1090.77 | Step Count: 4839611 | Episode Q0:    46.70
Episode: 3344/7000 | Episode reward:   833.51 | Episode steps: 2500 | Average reward:  1074.78 | Step Count: 4842111 | Episode Q0:    46.70
Episode: 3345/7000 | Episode reward:   984.38 | Episode steps: 2500 | Average reward:  1067.49 | Step Count: 4844611 | Episode Q0:    46.70
Episode: 3346/7000 | Episode reward:  1007.45 | Episode steps: 2500 | Average reward:  1052.41 | Step Count: 4847111 | Episode Q0:    46.70
Episode: 3347/7000 | Episode reward:   959.41 | Episode steps: 2500 | Average reward:  1032.08 | Step Count: 4849611 | Episode Q0:    46.70
Episode: 3348/7000 | Episode reward:  1006.99 | Episode steps: 2500 | Average reward:  1019.10 | Step Count: 4852111 | Episode Q0:    46.70
Episode: 3349/7000 | Episode reward:   919.22 | Episode steps: 2500 | Average reward:  1012.56 | Step Count: 4854611 | Episode Q0:    46.70
Episode: 3350/7000 | Episode reward:   944.38 | Episode steps: 2500 | Average reward:  1001.84 | Step Count: 4857111 | Episode Q0:    46.70
Episode: 3351/7000 | Episode reward:  1005.22 | Episode steps: 2500 | Average reward:  1000.12 | Step Count: 4859611 | Episode Q0:    46.70
Episode: 3352/7000 | Episode reward:   967.09 | Episode steps: 2500 | Average reward:   986.03 | Step Count: 4862111 | Episode Q0:    46.70
Episode: 3353/7000 | Episode reward:   977.75 | Episode steps: 2500 | Average reward:   960.54 | Step Count: 4864611 | Episode Q0:    46.70
Episode: 3354/7000 | Episode reward:   995.12 | Episode steps: 2500 | Average reward:   976.70 | Step Count: 4867111 | Episode Q0:    46.70
Episode: 3355/7000 | Episode reward:   997.49 | Episode steps: 2500 | Average reward:   978.01 | Step Count: 4869611 | Episode Q0:    46.70
Episode: 3356/7000 | Episode reward:  1063.44 | Episode steps: 2500 | Average reward:   983.61 | Step Count: 4872111 | Episode Q0:    46.70
Episode: 3357/7000 | Episode reward:  1082.06 | Episode steps: 2500 | Average reward:   995.88 | Step Count: 4874611 | Episode Q0:    45.58
Episode: 3358/7000 | Episode reward:  1069.31 | Episode steps: 2500 | Average reward:  1002.11 | Step Count: 4877111 | Episode Q0:    45.58
Episode: 3359/7000 | Episode reward:  1107.84 | Episode steps: 2500 | Average reward:  1020.97 | Step Count: 4879611 | Episode Q0:    45.58
Episode: 3360/7000 | Episode reward:   858.02 | Episode steps: 2500 | Average reward:  1012.33 | Step Count: 4882111 | Episode Q0:    45.58
Episode: 3361/7000 | Episode reward:  1070.15 | Episode steps: 2500 | Average reward:  1018.83 | Step Count: 4884611 | Episode Q0:    45.58
Episode: 3362/7000 | Episode reward:   939.19 | Episode steps: 2500 | Average reward:  1016.04 | Step Count: 4887111 | Episode Q0:    45.58
Episode: 3363/7000 | Episode reward:  1053.83 | Episode steps: 2500 | Average reward:  1023.65 | Step Count: 4889611 | Episode Q0:    45.58
Episode: 3364/7000 | Episode reward:   998.56 | Episode steps: 2500 | Average reward:  1023.99 | Step Count: 4892111 | Episode Q0:    45.58
Episode: 3365/7000 | Episode reward:   992.36 | Episode steps: 2500 | Average reward:  1023.48 | Step Count: 4894611 | Episode Q0:    45.58
Episode: 3366/7000 | Episode reward:   958.71 | Episode steps: 2500 | Average reward:  1013.00 | Step Count: 4897111 | Episode Q0:    45.58
Episode: 3367/7000 | Episode reward:  1078.83 | Episode steps: 2500 | Average reward:  1012.68 | Step Count: 4899611 | Episode Q0:    45.58
Episode: 3368/7000 | Episode reward:  1037.25 | Episode steps: 2500 | Average reward:  1009.48 | Step Count: 4902111 | Episode Q0:    45.58
Episode: 3369/7000 | Episode reward:  1083.10 | Episode steps: 2500 | Average reward:  1007.00 | Step Count: 4904611 | Episode Q0:    45.58
Episode: 3370/7000 | Episode reward:  1072.73 | Episode steps: 2500 | Average reward:  1028.47 | Step Count: 4907111 | Episode Q0:    45.58
Episode: 3371/7000 | Episode reward:  1011.85 | Episode steps: 2500 | Average reward:  1022.64 | Step Count: 4909611 | Episode Q0:    45.58
Episode: 3372/7000 | Episode reward:   945.57 | Episode steps: 2500 | Average reward:  1023.28 | Step Count: 4912111 | Episode Q0:    45.58
Episode: 3373/7000 | Episode reward:  1046.08 | Episode steps: 2500 | Average reward:  1022.50 | Step Count: 4914611 | Episode Q0:    45.58
Episode: 3374/7000 | Episode reward:  1422.60 | Episode steps: 2500 | Average reward:  1064.91 | Step Count: 4917111 | Episode Q0:    45.58
Episode: 3375/7000 | Episode reward:  1202.47 | Episode steps: 2500 | Average reward:  1085.92 | Step Count: 4919611 | Episode Q0:    45.58
Episode: 3376/7000 | Episode reward:  1023.38 | Episode steps: 2500 | Average reward:  1092.39 | Step Count: 4922111 | Episode Q0:    45.58
Episode: 3377/7000 | Episode reward:  1500.04 | Episode steps: 2500 | Average reward:  1134.51 | Step Count: 4924611 | Episode Q0:    45.58
Episode: 3378/7000 | Episode reward:  1165.83 | Episode steps: 2500 | Average reward:  1147.36 | Step Count: 4927111 | Episode Q0:    46.27
Episode: 3379/7000 | Episode reward:  1048.79 | Episode steps: 2500 | Average reward:  1143.93 | Step Count: 4929611 | Episode Q0:    46.27
Episode: 3380/7000 | Episode reward:  1002.04 | Episode steps: 2500 | Average reward:  1136.86 | Step Count: 4932111 | Episode Q0:    46.27
Episode: 3381/7000 | Episode reward:  1287.70 | Episode steps: 2500 | Average reward:  1164.45 | Step Count: 4934611 | Episode Q0:    46.27
Episode: 3382/7000 | Episode reward:  1244.83 | Episode steps: 2500 | Average reward:  1194.38 | Step Count: 4937111 | Episode Q0:    46.27
Episode: 3383/7000 | Episode reward:   980.49 | Episode steps: 2500 | Average reward:  1187.82 | Step Count: 4939611 | Episode Q0:    46.27
Episode: 3384/7000 | Episode reward:  1107.16 | Episode steps: 2500 | Average reward:  1156.27 | Step Count: 4942111 | Episode Q0:    46.27
Episode: 3385/7000 | Episode reward:  1175.56 | Episode steps: 2500 | Average reward:  1153.58 | Step Count: 4944611 | Episode Q0:    46.27
Episode: 3386/7000 | Episode reward:   998.40 | Episode steps: 2500 | Average reward:  1151.08 | Step Count: 4947111 | Episode Q0:    46.27
Episode: 3387/7000 | Episode reward:   992.44 | Episode steps: 2500 | Average reward:  1100.32 | Step Count: 4949611 | Episode Q0:    46.27
Episode: 3388/7000 | Episode reward:  1100.52 | Episode steps: 2500 | Average reward:  1093.79 | Step Count: 4952111 | Episode Q0:    46.27
Episode: 3389/7000 | Episode reward:  1247.57 | Episode steps: 2500 | Average reward:  1113.67 | Step Count: 4954611 | Episode Q0:    46.27
Episode: 3390/7000 | Episode reward:  1166.37 | Episode steps: 2500 | Average reward:  1130.11 | Step Count: 4957111 | Episode Q0:    46.27
Episode: 3391/7000 | Episode reward:   998.56 | Episode steps: 2500 | Average reward:  1101.19 | Step Count: 4959611 | Episode Q0:    46.27
Episode: 3392/7000 | Episode reward:   998.63 | Episode steps: 2500 | Average reward:  1076.57 | Step Count: 4962111 | Episode Q0:    46.27
Episode: 3393/7000 | Episode reward:  1253.81 | Episode steps: 2500 | Average reward:  1103.90 | Step Count: 4964611 | Episode Q0:    46.27
Episode: 3394/7000 | Episode reward:   985.41 | Episode steps: 2500 | Average reward:  1091.73 | Step Count: 4967111 | Episode Q0:    46.27
Episode: 3395/7000 | Episode reward:  1159.98 | Episode steps: 2500 | Average reward:  1090.17 | Step Count: 4969611 | Episode Q0:    46.27
Episode: 3396/7000 | Episode reward:  1226.94 | Episode steps: 2500 | Average reward:  1113.02 | Step Count: 4972111 | Episode Q0:    46.27
Episode: 3397/7000 | Episode reward:  1016.77 | Episode steps: 2500 | Average reward:  1115.46 | Step Count: 4974611 | Episode Q0:    46.27
Episode: 3398/7000 | Episode reward:  1194.78 | Episode steps: 2500 | Average reward:  1124.88 | Step Count: 4977111 | Episode Q0:    46.27
Episode: 3399/7000 | Episode reward:   959.00 | Episode steps: 2500 | Average reward:  1096.03 | Step Count: 4979611 | Episode Q0:    46.27
Episode: 3400/7000 | Episode reward:  1013.23 | Episode steps: 2500 | Average reward:  1080.71 | Step Count: 4982111 | Episode Q0:    46.27
Episode: 3401/7000 | Episode reward:   945.30 | Episode steps: 2500 | Average reward:  1075.38 | Step Count: 4984611 | Episode Q0:    46.87
Episode: 3402/7000 | Episode reward:   895.50 | Episode steps: 2500 | Average reward:  1065.07 | Step Count: 4987111 | Episode Q0:    46.87
Episode: 3403/7000 | Episode reward:   994.45 | Episode steps: 2500 | Average reward:  1039.14 | Step Count: 4989611 | Episode Q0:    46.87
Episode: 3404/7000 | Episode reward:  1048.94 | Episode steps: 2500 | Average reward:  1045.49 | Step Count: 4992111 | Episode Q0:    46.87
Episode: 3405/7000 | Episode reward:  1020.80 | Episode steps: 2500 | Average reward:  1031.57 | Step Count: 4994611 | Episode Q0:    46.87
Episode: 3406/7000 | Episode reward:  1014.84 | Episode steps: 2500 | Average reward:  1010.36 | Step Count: 4997111 | Episode Q0:    46.87
Episode: 3407/7000 | Episode reward:  1093.68 | Episode steps: 2500 | Average reward:  1018.05 | Step Count: 4999611 | Episode Q0:    46.87
Episode: 3408/7000 | Episode reward:  1154.13 | Episode steps: 2500 | Average reward:  1013.99 | Step Count: 5002111 | Episode Q0:    46.87
Episode: 3409/7000 | Episode reward:  1026.48 | Episode steps: 2500 | Average reward:  1020.74 | Step Count: 5004611 | Episode Q0:    46.87
Episode: 3410/7000 | Episode reward:  1023.81 | Episode steps: 2500 | Average reward:  1021.79 | Step Count: 5007111 | Episode Q0:    46.87
Episode: 3411/7000 | Episode reward:  1014.46 | Episode steps: 2500 | Average reward:  1028.71 | Step Count: 5009611 | Episode Q0:    46.87
Episode: 3412/7000 | Episode reward:  1074.43 | Episode steps: 2500 | Average reward:  1046.60 | Step Count: 5012111 | Episode Q0:    46.87
Episode: 3413/7000 | Episode reward:  1201.06 | Episode steps: 2500 | Average reward:  1067.26 | Step Count: 5014611 | Episode Q0:    46.87
Episode: 3414/7000 | Episode reward:  1025.44 | Episode steps: 2500 | Average reward:  1064.92 | Step Count: 5017111 | Episode Q0:    46.87
Episode: 3415/7000 | Episode reward:  1024.32 | Episode steps: 2500 | Average reward:  1065.27 | Step Count: 5019611 | Episode Q0:    46.87
Episode: 3416/7000 | Episode reward:   864.22 | Episode steps: 2500 | Average reward:  1050.20 | Step Count: 5022111 | Episode Q0:    46.87
Episode: 3417/7000 | Episode reward:   909.29 | Episode steps: 2500 | Average reward:  1031.77 | Step Count: 5024611 | Episode Q0:    46.87
Episode: 3418/7000 | Episode reward:  1054.03 | Episode steps: 2500 | Average reward:  1021.76 | Step Count: 5027111 | Episode Q0:    46.87
Episode: 3419/7000 | Episode reward:   982.62 | Episode steps: 2500 | Average reward:  1017.37 | Step Count: 5029611 | Episode Q0:    46.87
Episode: 3420/7000 | Episode reward:  1082.21 | Episode steps: 2500 | Average reward:  1023.21 | Step Count: 5032111 | Episode Q0:    46.87
Episode: 3421/7000 | Episode reward:  1002.30 | Episode steps: 2500 | Average reward:  1021.99 | Step Count: 5034611 | Episode Q0:    46.87
Episode: 3422/7000 | Episode reward:  1151.08 | Episode steps: 2500 | Average reward:  1029.66 | Step Count: 5037111 | Episode Q0:    46.64
Episode: 3423/7000 | Episode reward:  1360.09 | Episode steps: 2500 | Average reward:  1045.56 | Step Count: 5039611 | Episode Q0:    46.64
Episode: 3424/7000 | Episode reward:  1003.37 | Episode steps: 2500 | Average reward:  1043.35 | Step Count: 5042111 | Episode Q0:    46.64
Episode: 3425/7000 | Episode reward:  1168.01 | Episode steps: 2500 | Average reward:  1057.72 | Step Count: 5044611 | Episode Q0:    46.64
Episode: 3426/7000 | Episode reward:  1154.62 | Episode steps: 2500 | Average reward:  1086.76 | Step Count: 5047111 | Episode Q0:    46.64
Episode: 3427/7000 | Episode reward:  1052.43 | Episode steps: 2500 | Average reward:  1101.08 | Step Count: 5049611 | Episode Q0:    46.64
Episode: 3428/7000 | Episode reward:  1217.76 | Episode steps: 2500 | Average reward:  1117.45 | Step Count: 5052111 | Episode Q0:    46.64
Episode: 3429/7000 | Episode reward:  1128.38 | Episode steps: 2500 | Average reward:  1132.02 | Step Count: 5054611 | Episode Q0:    46.64
Episode: 3430/7000 | Episode reward:  1125.48 | Episode steps: 2500 | Average reward:  1136.35 | Step Count: 5057111 | Episode Q0:    46.64
Episode: 3431/7000 | Episode reward:  1026.95 | Episode steps: 2500 | Average reward:  1138.82 | Step Count: 5059611 | Episode Q0:    46.64
Episode: 3432/7000 | Episode reward:  1018.24 | Episode steps: 2500 | Average reward:  1125.53 | Step Count: 5062111 | Episode Q0:    46.64
Episode: 3433/7000 | Episode reward:  1136.18 | Episode steps: 2500 | Average reward:  1103.14 | Step Count: 5064611 | Episode Q0:    46.64
Episode: 3434/7000 | Episode reward:  1030.74 | Episode steps: 2500 | Average reward:  1105.88 | Step Count: 5067111 | Episode Q0:    46.64
Episode: 3435/7000 | Episode reward:  1151.25 | Episode steps: 2500 | Average reward:  1104.20 | Step Count: 5069611 | Episode Q0:    46.64
Episode: 3436/7000 | Episode reward:  1152.60 | Episode steps: 2500 | Average reward:  1104.00 | Step Count: 5072111 | Episode Q0:    46.64
Episode: 3437/7000 | Episode reward:  1070.37 | Episode steps: 2500 | Average reward:  1105.79 | Step Count: 5074611 | Episode Q0:    46.64
Episode: 3438/7000 | Episode reward:  1046.36 | Episode steps: 2500 | Average reward:  1088.65 | Step Count: 5077111 | Episode Q0:    46.64
Episode: 3439/7000 | Episode reward:  1013.61 | Episode steps: 2500 | Average reward:  1077.18 | Step Count: 5079611 | Episode Q0:    46.64
Episode: 3440/7000 | Episode reward:  1125.40 | Episode steps: 2500 | Average reward:  1077.17 | Step Count: 5082111 | Episode Q0:    46.64
Episode: 3441/7000 | Episode reward:  1036.78 | Episode steps: 2500 | Average reward:  1078.15 | Step Count: 5084611 | Episode Q0:    46.64
Episode: 3442/7000 | Episode reward:  1071.53 | Episode steps: 2500 | Average reward:  1083.48 | Step Count: 5087111 | Episode Q0:    46.64
Episode: 3443/7000 | Episode reward:  1222.10 | Episode steps: 2500 | Average reward:  1092.07 | Step Count: 5089611 | Episode Q0:    46.64
Episode: 3444/7000 | Episode reward:  1079.55 | Episode steps: 2500 | Average reward:  1096.95 | Step Count: 5092111 | Episode Q0:    46.64
Episode: 3445/7000 | Episode reward:  1018.58 | Episode steps: 2500 | Average reward:  1083.69 | Step Count: 5094611 | Episode Q0:    45.76
Episode: 3446/7000 | Episode reward:  1093.90 | Episode steps: 2500 | Average reward:  1077.82 | Step Count: 5097111 | Episode Q0:    45.76
Episode: 3447/7000 | Episode reward:  1072.15 | Episode steps: 2500 | Average reward:  1078.00 | Step Count: 5099611 | Episode Q0:    45.76
Episode: 3448/7000 | Episode reward:  1122.26 | Episode steps: 2500 | Average reward:  1085.59 | Step Count: 5102111 | Episode Q0:    45.76
Episode: 3449/7000 | Episode reward:  1066.64 | Episode steps: 2500 | Average reward:  1090.89 | Step Count: 5104611 | Episode Q0:    45.76
Episode: 3450/7000 | Episode reward:  1121.87 | Episode steps: 2500 | Average reward:  1090.54 | Step Count: 5107111 | Episode Q0:    45.76
Episode: 3451/7000 | Episode reward:   738.95 | Episode steps: 2500 | Average reward:  1060.75 | Step Count: 5109611 | Episode Q0:    45.76
Episode: 3452/7000 | Episode reward:  1103.64 | Episode steps: 2500 | Average reward:  1063.96 | Step Count: 5112111 | Episode Q0:    45.76
Episode: 3453/7000 | Episode reward:  1026.73 | Episode steps: 2500 | Average reward:  1044.43 | Step Count: 5114611 | Episode Q0:    45.76
Episode: 3454/7000 | Episode reward:  1223.95 | Episode steps: 2500 | Average reward:  1058.87 | Step Count: 5117111 | Episode Q0:    45.76
Episode: 3455/7000 | Episode reward:  1098.36 | Episode steps: 2500 | Average reward:  1066.84 | Step Count: 5119611 | Episode Q0:    45.76
Episode: 3456/7000 | Episode reward:  1123.40 | Episode steps: 2500 | Average reward:  1069.79 | Step Count: 5122111 | Episode Q0:    45.76
Episode: 3457/7000 | Episode reward:  1045.94 | Episode steps: 2500 | Average reward:  1067.17 | Step Count: 5124611 | Episode Q0:    45.76
Episode: 3458/7000 | Episode reward:  1018.36 | Episode steps: 2500 | Average reward:  1056.78 | Step Count: 5127111 | Episode Q0:    45.76
Episode: 3459/7000 | Episode reward:  1218.08 | Episode steps: 2500 | Average reward:  1071.93 | Step Count: 5129611 | Episode Q0:    45.76
Episode: 3460/7000 | Episode reward:  1026.58 | Episode steps: 2500 | Average reward:  1062.40 | Step Count: 5132111 | Episode Q0:    45.76
Episode: 3461/7000 | Episode reward:   993.60 | Episode steps: 2500 | Average reward:  1087.86 | Step Count: 5134611 | Episode Q0:    45.76
Episode: 3462/7000 | Episode reward:  1169.42 | Episode steps: 2500 | Average reward:  1094.44 | Step Count: 5137111 | Episode Q0:    45.76
Episode: 3463/7000 | Episode reward:  1005.42 | Episode steps: 2500 | Average reward:  1092.31 | Step Count: 5139611 | Episode Q0:    45.76
Episode: 3464/7000 | Episode reward:   933.98 | Episode steps: 2500 | Average reward:  1063.31 | Step Count: 5142111 | Episode Q0:    45.76
Episode: 3465/7000 | Episode reward:  1018.37 | Episode steps: 2500 | Average reward:  1055.31 | Step Count: 5144611 | Episode Q0:    45.76
Episode: 3466/7000 | Episode reward:  1314.07 | Episode steps: 2500 | Average reward:  1074.38 | Step Count: 5147111 | Episode Q0:    46.34
Episode: 3467/7000 | Episode reward:  1201.74 | Episode steps: 2500 | Average reward:  1089.96 | Step Count: 5149611 | Episode Q0:    46.34
Episode: 3468/7000 | Episode reward:  1107.11 | Episode steps: 2500 | Average reward:  1098.84 | Step Count: 5152111 | Episode Q0:    46.34
Episode: 3469/7000 | Episode reward:  1106.77 | Episode steps: 2500 | Average reward:  1087.71 | Step Count: 5154611 | Episode Q0:    46.34
Episode: 3470/7000 | Episode reward:  1063.46 | Episode steps: 2500 | Average reward:  1091.39 | Step Count: 5157111 | Episode Q0:    46.34
Episode: 3471/7000 | Episode reward:  1099.60 | Episode steps: 2500 | Average reward:  1101.99 | Step Count: 5159611 | Episode Q0:    46.34
Episode: 3472/7000 | Episode reward:  1004.59 | Episode steps: 2500 | Average reward:  1085.51 | Step Count: 5162111 | Episode Q0:    46.34
Episode: 3473/7000 | Episode reward:  1194.09 | Episode steps: 2500 | Average reward:  1104.38 | Step Count: 5164611 | Episode Q0:    46.34
Episode: 3474/7000 | Episode reward:   998.96 | Episode steps: 2500 | Average reward:  1110.88 | Step Count: 5167111 | Episode Q0:    46.34
Episode: 3475/7000 | Episode reward:  1114.45 | Episode steps: 2500 | Average reward:  1120.48 | Step Count: 5169611 | Episode Q0:    46.34
Episode: 3476/7000 | Episode reward:  1105.61 | Episode steps: 2500 | Average reward:  1099.64 | Step Count: 5172111 | Episode Q0:    46.34
Episode: 3477/7000 | Episode reward:  1009.62 | Episode steps: 2500 | Average reward:  1080.43 | Step Count: 5174611 | Episode Q0:    46.34
Episode: 3478/7000 | Episode reward:  1066.00 | Episode steps: 2500 | Average reward:  1076.32 | Step Count: 5177111 | Episode Q0:    46.34
Episode: 3479/7000 | Episode reward:  1023.01 | Episode steps: 2500 | Average reward:  1067.94 | Step Count: 5179611 | Episode Q0:    46.34
Episode: 3480/7000 | Episode reward:  1307.46 | Episode steps: 2500 | Average reward:  1092.34 | Step Count: 5182111 | Episode Q0:    46.34
Episode: 3481/7000 | Episode reward:  1202.21 | Episode steps: 2500 | Average reward:  1102.60 | Step Count: 5184611 | Episode Q0:    46.34
Episode: 3482/7000 | Episode reward:  1185.42 | Episode steps: 2500 | Average reward:  1120.68 | Step Count: 5187111 | Episode Q0:    46.34
Episode: 3483/7000 | Episode reward:  1119.49 | Episode steps: 2500 | Average reward:  1113.22 | Step Count: 5189611 | Episode Q0:    46.34
Episode: 3484/7000 | Episode reward:  1315.78 | Episode steps: 2500 | Average reward:  1144.91 | Step Count: 5192111 | Episode Q0:    46.34
Episode: 3485/7000 | Episode reward:  1033.65 | Episode steps: 2500 | Average reward:  1136.83 | Step Count: 5194611 | Episode Q0:    46.34
Episode: 3486/7000 | Episode reward:  1122.98 | Episode steps: 2500 | Average reward:  1138.56 | Step Count: 5197111 | Episode Q0:    46.34
Episode: 3487/7000 | Episode reward:  1116.27 | Episode steps: 2500 | Average reward:  1149.23 | Step Count: 5199611 | Episode Q0:    46.34
Episode: 3488/7000 | Episode reward:  1164.06 | Episode steps: 2500 | Average reward:  1159.03 | Step Count: 5202111 | Episode Q0:    46.34
Episode: 3489/7000 | Episode reward:  1139.89 | Episode steps: 2500 | Average reward:  1170.72 | Step Count: 5204611 | Episode Q0:    45.39
Episode: 3490/7000 | Episode reward:  1273.18 | Episode steps: 2500 | Average reward:  1167.29 | Step Count: 5207111 | Episode Q0:    45.39
Episode: 3491/7000 | Episode reward:  1125.14 | Episode steps: 2500 | Average reward:  1159.59 | Step Count: 5209611 | Episode Q0:    45.39
Episode: 3492/7000 | Episode reward:  1142.52 | Episode steps: 2500 | Average reward:  1155.30 | Step Count: 5212111 | Episode Q0:    45.39
Episode: 3493/7000 | Episode reward:  1049.45 | Episode steps: 2500 | Average reward:  1148.29 | Step Count: 5214611 | Episode Q0:    45.39
Episode: 3494/7000 | Episode reward:  1016.84 | Episode steps: 2500 | Average reward:  1118.40 | Step Count: 5217111 | Episode Q0:    45.39
Episode: 3495/7000 | Episode reward:  1024.94 | Episode steps: 2500 | Average reward:  1117.53 | Step Count: 5219611 | Episode Q0:    45.39
Episode: 3496/7000 | Episode reward:  1081.95 | Episode steps: 2500 | Average reward:  1113.42 | Step Count: 5222111 | Episode Q0:    45.39
Episode: 3497/7000 | Episode reward:  1161.50 | Episode steps: 2500 | Average reward:  1117.95 | Step Count: 5224611 | Episode Q0:    45.39
Episode: 3498/7000 | Episode reward:  1104.55 | Episode steps: 2500 | Average reward:  1112.00 | Step Count: 5227111 | Episode Q0:    45.39
Episode: 3499/7000 | Episode reward:  1249.11 | Episode steps: 2500 | Average reward:  1122.92 | Step Count: 5229611 | Episode Q0:    45.39
Episode: 3500/7000 | Episode reward:  1229.23 | Episode steps: 2500 | Average reward:  1118.52 | Step Count: 5232111 | Episode Q0:    45.39
Episode: 3501/7000 | Episode reward:   894.28 | Episode steps: 2500 | Average reward:  1095.44 | Step Count: 5234611 | Episode Q0:    45.39
Episode: 3502/7000 | Episode reward:  1196.14 | Episode steps: 2500 | Average reward:  1100.80 | Step Count: 5237111 | Episode Q0:    45.39
Episode: 3503/7000 | Episode reward:  1251.86 | Episode steps: 2500 | Average reward:  1121.04 | Step Count: 5239611 | Episode Q0:    45.39
Episode: 3504/7000 | Episode reward:  1017.44 | Episode steps: 2500 | Average reward:  1121.10 | Step Count: 5242111 | Episode Q0:    45.39
Episode: 3505/7000 | Episode reward:  1034.10 | Episode steps: 2500 | Average reward:  1122.01 | Step Count: 5244611 | Episode Q0:    45.39
Episode: 3506/7000 | Episode reward:  1096.81 | Episode steps: 2500 | Average reward:  1123.50 | Step Count: 5247111 | Episode Q0:    45.39
Episode: 3507/7000 | Episode reward:  1033.31 | Episode steps: 2500 | Average reward:  1110.68 | Step Count: 5249611 | Episode Q0:    45.39
Episode: 3508/7000 | Episode reward:  1156.37 | Episode steps: 2500 | Average reward:  1115.87 | Step Count: 5252111 | Episode Q0:    45.39
Episode: 3509/7000 | Episode reward:  1228.45 | Episode steps: 2500 | Average reward:  1113.80 | Step Count: 5254611 | Episode Q0:    45.39
Episode: 3510/7000 | Episode reward:  1072.62 | Episode steps: 2500 | Average reward:  1098.14 | Step Count: 5257111 | Episode Q0:    46.17
Episode: 3511/7000 | Episode reward:  1144.14 | Episode steps: 2500 | Average reward:  1123.12 | Step Count: 5259611 | Episode Q0:    46.17
Episode: 3512/7000 | Episode reward:  1278.95 | Episode steps: 2500 | Average reward:  1131.41 | Step Count: 5262111 | Episode Q0:    46.17
Episode: 3513/7000 | Episode reward:  1246.50 | Episode steps: 2500 | Average reward:  1130.87 | Step Count: 5264611 | Episode Q0:    46.17
Episode: 3514/7000 | Episode reward:  1078.90 | Episode steps: 2500 | Average reward:  1137.02 | Step Count: 5267111 | Episode Q0:    46.17
Episode: 3515/7000 | Episode reward:  1141.45 | Episode steps: 2500 | Average reward:  1147.75 | Step Count: 5269611 | Episode Q0:    46.17
Episode: 3516/7000 | Episode reward:  1348.84 | Episode steps: 2500 | Average reward:  1172.95 | Step Count: 5272111 | Episode Q0:    46.17
Episode: 3517/7000 | Episode reward:   984.15 | Episode steps: 2500 | Average reward:  1168.04 | Step Count: 5274611 | Episode Q0:    46.17
Episode: 3518/7000 | Episode reward:  1143.23 | Episode steps: 2500 | Average reward:  1166.72 | Step Count: 5277111 | Episode Q0:    46.17
Episode: 3519/7000 | Episode reward:   971.69 | Episode steps: 2500 | Average reward:  1141.05 | Step Count: 5279611 | Episode Q0:    46.17
Episode: 3520/7000 | Episode reward:  1241.85 | Episode steps: 2500 | Average reward:  1157.97 | Step Count: 5282111 | Episode Q0:    46.17
Episode: 3521/7000 | Episode reward:  1207.75 | Episode steps: 2500 | Average reward:  1164.33 | Step Count: 5284611 | Episode Q0:    46.17
Episode: 3522/7000 | Episode reward:  1110.92 | Episode steps: 2500 | Average reward:  1147.53 | Step Count: 5287111 | Episode Q0:    46.17
Episode: 3523/7000 | Episode reward:  1037.13 | Episode steps: 2500 | Average reward:  1126.59 | Step Count: 5289611 | Episode Q0:    46.17
Episode: 3524/7000 | Episode reward:  1145.46 | Episode steps: 2500 | Average reward:  1133.25 | Step Count: 5292111 | Episode Q0:    46.17
Episode: 3525/7000 | Episode reward:  1163.74 | Episode steps: 2500 | Average reward:  1135.48 | Step Count: 5294611 | Episode Q0:    46.17
Episode: 3526/7000 | Episode reward:  1360.08 | Episode steps: 2500 | Average reward:  1136.60 | Step Count: 5297111 | Episode Q0:    46.17
Episode: 3527/7000 | Episode reward:  1113.12 | Episode steps: 2500 | Average reward:  1149.50 | Step Count: 5299611 | Episode Q0:    46.17
Episode: 3528/7000 | Episode reward:  1227.35 | Episode steps: 2500 | Average reward:  1157.91 | Step Count: 5302111 | Episode Q0:    46.17
Episode: 3529/7000 | Episode reward:  1126.42 | Episode steps: 2500 | Average reward:  1173.38 | Step Count: 5304611 | Episode Q0:    46.17
Episode: 3530/7000 | Episode reward:  1240.71 | Episode steps: 2500 | Average reward:  1173.27 | Step Count: 5307111 | Episode Q0:    46.17
Episode: 3531/7000 | Episode reward:  1037.95 | Episode steps: 2500 | Average reward:  1156.29 | Step Count: 5309611 | Episode Q0:    46.17
Episode: 3532/7000 | Episode reward:  1119.96 | Episode steps: 2500 | Average reward:  1157.19 | Step Count: 5312111 | Episode Q0:    46.17
Episode: 3533/7000 | Episode reward:  1159.11 | Episode steps: 2500 | Average reward:  1169.39 | Step Count: 5314611 | Episode Q0:    47.60
Episode: 3534/7000 | Episode reward:  1046.59 | Episode steps: 2500 | Average reward:  1159.50 | Step Count: 5317111 | Episode Q0:    47.60
Episode: 3535/7000 | Episode reward:  1034.19 | Episode steps: 2500 | Average reward:  1146.55 | Step Count: 5319611 | Episode Q0:    47.60
Episode: 3536/7000 | Episode reward:  1074.48 | Episode steps: 2500 | Average reward:  1117.99 | Step Count: 5322111 | Episode Q0:    47.60
Episode: 3537/7000 | Episode reward:  1099.27 | Episode steps: 2500 | Average reward:  1116.60 | Step Count: 5324611 | Episode Q0:    47.60
Episode: 3538/7000 | Episode reward:  1123.22 | Episode steps: 2500 | Average reward:  1106.19 | Step Count: 5327111 | Episode Q0:    47.60
Episode: 3539/7000 | Episode reward:  1010.00 | Episode steps: 2500 | Average reward:  1094.55 | Step Count: 5329611 | Episode Q0:    47.60
Episode: 3540/7000 | Episode reward:  1144.26 | Episode steps: 2500 | Average reward:  1084.90 | Step Count: 5332111 | Episode Q0:    47.60
Episode: 3541/7000 | Episode reward:  1158.42 | Episode steps: 2500 | Average reward:  1096.95 | Step Count: 5334611 | Episode Q0:    47.60
Episode: 3542/7000 | Episode reward:  1068.71 | Episode steps: 2500 | Average reward:  1091.83 | Step Count: 5337111 | Episode Q0:    47.60
Episode: 3543/7000 | Episode reward:  1152.54 | Episode steps: 2500 | Average reward:  1091.17 | Step Count: 5339611 | Episode Q0:    47.60
Episode: 3544/7000 | Episode reward:   702.20 | Episode steps: 2500 | Average reward:  1056.73 | Step Count: 5342111 | Episode Q0:    47.60
Episode: 3545/7000 | Episode reward:  1103.34 | Episode steps: 2500 | Average reward:  1063.64 | Step Count: 5344611 | Episode Q0:    47.60
Episode: 3546/7000 | Episode reward:  1003.77 | Episode steps: 2500 | Average reward:  1056.57 | Step Count: 5347111 | Episode Q0:    47.60
Episode: 3547/7000 | Episode reward:   941.96 | Episode steps: 2500 | Average reward:  1040.84 | Step Count: 5349611 | Episode Q0:    47.60
Episode: 3548/7000 | Episode reward:   927.16 | Episode steps: 2500 | Average reward:  1021.23 | Step Count: 5352111 | Episode Q0:    47.60
Episode: 3549/7000 | Episode reward:  1155.21 | Episode steps: 2500 | Average reward:  1035.76 | Step Count: 5354611 | Episode Q0:    47.60
Episode: 3550/7000 | Episode reward:  1078.46 | Episode steps: 2500 | Average reward:  1029.18 | Step Count: 5357111 | Episode Q0:    47.60
Episode: 3551/7000 | Episode reward:  1096.44 | Episode steps: 2500 | Average reward:  1022.98 | Step Count: 5359611 | Episode Q0:    47.60
Episode: 3552/7000 | Episode reward:  1054.54 | Episode steps: 2500 | Average reward:  1021.56 | Step Count: 5362111 | Episode Q0:    47.60
Episode: 3553/7000 | Episode reward:   970.61 | Episode steps: 2500 | Average reward:  1003.37 | Step Count: 5364611 | Episode Q0:    47.60
Episode: 3554/7000 | Episode reward:  1119.15 | Episode steps: 2500 | Average reward:  1045.06 | Step Count: 5367111 | Episode Q0:    45.38
Episode: 3555/7000 | Episode reward:  1118.41 | Episode steps: 2500 | Average reward:  1046.57 | Step Count: 5369611 | Episode Q0:    45.38
Episode: 3556/7000 | Episode reward:  1024.04 | Episode steps: 2500 | Average reward:  1048.60 | Step Count: 5372111 | Episode Q0:    45.38
Episode: 3557/7000 | Episode reward:  1060.94 | Episode steps: 2500 | Average reward:  1060.49 | Step Count: 5374611 | Episode Q0:    45.38
Episode: 3558/7000 | Episode reward:  1160.36 | Episode steps: 2500 | Average reward:  1083.81 | Step Count: 5377111 | Episode Q0:    45.38
Episode: 3559/7000 | Episode reward:  1008.52 | Episode steps: 2500 | Average reward:  1069.15 | Step Count: 5379611 | Episode Q0:    45.38
Episode: 3560/7000 | Episode reward:  1156.52 | Episode steps: 2500 | Average reward:  1076.95 | Step Count: 5382111 | Episode Q0:    45.38
Episode: 3561/7000 | Episode reward:  1149.52 | Episode steps: 2500 | Average reward:  1082.26 | Step Count: 5384611 | Episode Q0:    45.38
Episode: 3562/7000 | Episode reward:  1060.23 | Episode steps: 2500 | Average reward:  1082.83 | Step Count: 5387111 | Episode Q0:    45.38
Episode: 3563/7000 | Episode reward:  1212.19 | Episode steps: 2500 | Average reward:  1106.99 | Step Count: 5389611 | Episode Q0:    45.38
Episode: 3564/7000 | Episode reward:  1187.01 | Episode steps: 2500 | Average reward:  1113.77 | Step Count: 5392111 | Episode Q0:    45.38
Episode: 3565/7000 | Episode reward:   979.86 | Episode steps: 2500 | Average reward:  1099.92 | Step Count: 5394611 | Episode Q0:    45.38
Episode: 3566/7000 | Episode reward:  1071.76 | Episode steps: 2500 | Average reward:  1104.69 | Step Count: 5397111 | Episode Q0:    45.38
Episode: 3567/7000 | Episode reward:  1262.28 | Episode steps: 2500 | Average reward:  1124.82 | Step Count: 5399611 | Episode Q0:    45.38
Episode: 3568/7000 | Episode reward:  1141.36 | Episode steps: 2500 | Average reward:  1122.92 | Step Count: 5402111 | Episode Q0:    45.38
Episode: 3569/7000 | Episode reward:  1155.65 | Episode steps: 2500 | Average reward:  1137.64 | Step Count: 5404611 | Episode Q0:    45.38
Episode: 3570/7000 | Episode reward:  1257.84 | Episode steps: 2500 | Average reward:  1147.77 | Step Count: 5407111 | Episode Q0:    45.38
Episode: 3571/7000 | Episode reward:  1048.05 | Episode steps: 2500 | Average reward:  1137.62 | Step Count: 5409611 | Episode Q0:    45.38
Episode: 3572/7000 | Episode reward:  1094.09 | Episode steps: 2500 | Average reward:  1141.01 | Step Count: 5412111 | Episode Q0:    45.38
Episode: 3573/7000 | Episode reward:  1066.22 | Episode steps: 2500 | Average reward:  1126.41 | Step Count: 5414611 | Episode Q0:    45.38
Episode: 3574/7000 | Episode reward:  1130.72 | Episode steps: 2500 | Average reward:  1120.78 | Step Count: 5417111 | Episode Q0:    45.38
Episode: 3575/7000 | Episode reward:  1035.15 | Episode steps: 2500 | Average reward:  1126.31 | Step Count: 5419611 | Episode Q0:    45.38
Episode: 3576/7000 | Episode reward:  1041.05 | Episode steps: 2500 | Average reward:  1123.24 | Step Count: 5422111 | Episode Q0:    45.38
Episode: 3577/7000 | Episode reward:  1079.33 | Episode steps: 2500 | Average reward:  1104.95 | Step Count: 5424611 | Episode Q0:    46.22
Episode: 3578/7000 | Episode reward:  1137.96 | Episode steps: 2500 | Average reward:  1104.61 | Step Count: 5427111 | Episode Q0:    46.22
Episode: 3579/7000 | Episode reward:  1099.97 | Episode steps: 2500 | Average reward:  1099.04 | Step Count: 5429611 | Episode Q0:    46.22
Episode: 3580/7000 | Episode reward:  1088.02 | Episode steps: 2500 | Average reward:  1082.06 | Step Count: 5432111 | Episode Q0:    46.22
Episode: 3581/7000 | Episode reward:  1343.44 | Episode steps: 2500 | Average reward:  1111.60 | Step Count: 5434611 | Episode Q0:    46.22
Episode: 3582/7000 | Episode reward:  1075.82 | Episode steps: 2500 | Average reward:  1109.77 | Step Count: 5437111 | Episode Q0:    46.22
Episode: 3583/7000 | Episode reward:  1014.53 | Episode steps: 2500 | Average reward:  1104.60 | Step Count: 5439611 | Episode Q0:    46.22
Episode: 3584/7000 | Episode reward:  1175.76 | Episode steps: 2500 | Average reward:  1109.10 | Step Count: 5442111 | Episode Q0:    46.22
Episode: 3585/7000 | Episode reward:  1387.32 | Episode steps: 2500 | Average reward:  1144.32 | Step Count: 5444611 | Episode Q0:    46.22
Episode: 3586/7000 | Episode reward:  1058.77 | Episode steps: 2500 | Average reward:  1146.09 | Step Count: 5447111 | Episode Q0:    46.22
Episode: 3587/7000 | Episode reward:  1132.58 | Episode steps: 2500 | Average reward:  1151.42 | Step Count: 5449611 | Episode Q0:    46.22
Episode: 3588/7000 | Episode reward:  1017.56 | Episode steps: 2500 | Average reward:  1139.38 | Step Count: 5452111 | Episode Q0:    46.22
Episode: 3589/7000 | Episode reward:  1227.54 | Episode steps: 2500 | Average reward:  1152.13 | Step Count: 5454611 | Episode Q0:    46.22
Episode: 3590/7000 | Episode reward:  1177.65 | Episode steps: 2500 | Average reward:  1161.10 | Step Count: 5457111 | Episode Q0:    46.22
Episode: 3591/7000 | Episode reward:  1325.40 | Episode steps: 2500 | Average reward:  1159.29 | Step Count: 5459611 | Episode Q0:    46.22
Episode: 3592/7000 | Episode reward:  1156.55 | Episode steps: 2500 | Average reward:  1167.37 | Step Count: 5462111 | Episode Q0:    46.22
Episode: 3593/7000 | Episode reward:  1152.31 | Episode steps: 2500 | Average reward:  1181.14 | Step Count: 5464611 | Episode Q0:    46.22
Episode: 3594/7000 | Episode reward:  1194.67 | Episode steps: 2500 | Average reward:  1183.03 | Step Count: 5467111 | Episode Q0:    46.22
Episode: 3595/7000 | Episode reward:  1223.85 | Episode steps: 2500 | Average reward:  1166.69 | Step Count: 5469611 | Episode Q0:    46.22
Episode: 3596/7000 | Episode reward:  1140.42 | Episode steps: 2500 | Average reward:  1174.85 | Step Count: 5472111 | Episode Q0:    46.22
Episode: 3597/7000 | Episode reward:  1146.77 | Episode steps: 2500 | Average reward:  1176.27 | Step Count: 5474611 | Episode Q0:    46.22
Episode: 3598/7000 | Episode reward:  1182.08 | Episode steps: 2500 | Average reward:  1192.72 | Step Count: 5477111 | Episode Q0:    46.35
Episode: 3599/7000 | Episode reward:  1009.53 | Episode steps: 2500 | Average reward:  1170.92 | Step Count: 5479611 | Episode Q0:    46.35
Episode: 3600/7000 | Episode reward:  1055.44 | Episode steps: 2500 | Average reward:  1158.70 | Step Count: 5482111 | Episode Q0:    46.35
Episode: 3601/7000 | Episode reward:  1122.14 | Episode steps: 2500 | Average reward:  1138.38 | Step Count: 5484611 | Episode Q0:    46.35
Episode: 3602/7000 | Episode reward:  1105.22 | Episode steps: 2500 | Average reward:  1133.24 | Step Count: 5487111 | Episode Q0:    46.35
Episode: 3603/7000 | Episode reward:  1148.93 | Episode steps: 2500 | Average reward:  1132.91 | Step Count: 5489611 | Episode Q0:    46.35
Episode: 3604/7000 | Episode reward:  1363.90 | Episode steps: 2500 | Average reward:  1149.83 | Step Count: 5492111 | Episode Q0:    46.35
Episode: 3605/7000 | Episode reward:  1043.12 | Episode steps: 2500 | Average reward:  1131.75 | Step Count: 5494611 | Episode Q0:    46.35
Episode: 3606/7000 | Episode reward:  1140.27 | Episode steps: 2500 | Average reward:  1131.74 | Step Count: 5497111 | Episode Q0:    46.35
Episode: 3607/7000 | Episode reward:  1043.83 | Episode steps: 2500 | Average reward:  1121.45 | Step Count: 5499611 | Episode Q0:    46.35
Episode: 3608/7000 | Episode reward:  1229.50 | Episode steps: 2500 | Average reward:  1126.19 | Step Count: 5502111 | Episode Q0:    46.35
Episode: 3609/7000 | Episode reward:  1206.53 | Episode steps: 2500 | Average reward:  1145.89 | Step Count: 5504611 | Episode Q0:    46.35
Episode: 3610/7000 | Episode reward:  1211.73 | Episode steps: 2500 | Average reward:  1161.52 | Step Count: 5507111 | Episode Q0:    46.35
Episode: 3611/7000 | Episode reward:  1029.52 | Episode steps: 2500 | Average reward:  1152.25 | Step Count: 5509611 | Episode Q0:    46.35
Episode: 3612/7000 | Episode reward:  1253.31 | Episode steps: 2500 | Average reward:  1167.06 | Step Count: 5512111 | Episode Q0:    46.35
Episode: 3613/7000 | Episode reward:  1156.87 | Episode steps: 2500 | Average reward:  1167.86 | Step Count: 5514611 | Episode Q0:    46.35
Episode: 3614/7000 | Episode reward:  1127.20 | Episode steps: 2500 | Average reward:  1144.19 | Step Count: 5517111 | Episode Q0:    46.35
Episode: 3615/7000 | Episode reward:  1232.46 | Episode steps: 2500 | Average reward:  1163.12 | Step Count: 5519611 | Episode Q0:    46.35
Episode: 3616/7000 | Episode reward:  1014.18 | Episode steps: 2500 | Average reward:  1150.51 | Step Count: 5522111 | Episode Q0:    46.35
Episode: 3617/7000 | Episode reward:  1054.96 | Episode steps: 2500 | Average reward:  1151.63 | Step Count: 5524611 | Episode Q0:    46.35
Episode: 3618/7000 | Episode reward:  1238.89 | Episode steps: 2500 | Average reward:  1152.56 | Step Count: 5527111 | Episode Q0:    46.35
Episode: 3619/7000 | Episode reward:  1095.85 | Episode steps: 2500 | Average reward:  1141.50 | Step Count: 5529611 | Episode Q0:    46.35
Episode: 3620/7000 | Episode reward:   986.48 | Episode steps: 2500 | Average reward:  1118.97 | Step Count: 5532111 | Episode Q0:    46.35
Episode: 3621/7000 | Episode reward:  1014.50 | Episode steps: 2500 | Average reward:  1117.47 | Step Count: 5534611 | Episode Q0:    47.30
Episode: 3622/7000 | Episode reward:   876.20 | Episode steps: 2046 | Average reward:  1079.76 | Step Count: 5536657 | Episode Q0:    47.30
Episode: 3623/7000 | Episode reward:   325.53 | Episode steps:  693 | Average reward:   996.63 | Step Count: 5537350 | Episode Q0:    47.30
Episode: 3624/7000 | Episode reward:   647.04 | Episode steps: 1612 | Average reward:   948.61 | Step Count: 5538962 | Episode Q0:    47.30
Episode: 3625/7000 | Episode reward:   802.38 | Episode steps: 1883 | Average reward:   905.60 | Step Count: 5540845 | Episode Q0:    47.30
Episode: 3626/7000 | Episode reward:   816.75 | Episode steps: 1995 | Average reward:   885.86 | Step Count: 5542840 | Episode Q0:    47.30
Episode: 3627/7000 | Episode reward:  1164.58 | Episode steps: 2500 | Average reward:   896.82 | Step Count: 5545340 | Episode Q0:    47.30
Episode: 3628/7000 | Episode reward:   186.66 | Episode steps:  537 | Average reward:   791.60 | Step Count: 5545877 | Episode Q0:    47.30
Episode: 3629/7000 | Episode reward:  1069.32 | Episode steps: 2500 | Average reward:   788.95 | Step Count: 5548377 | Episode Q0:    47.30
Episode: 3630/7000 | Episode reward:   127.47 | Episode steps:  444 | Average reward:   703.04 | Step Count: 5548821 | Episode Q0:    47.30
Episode: 3631/7000 | Episode reward:   374.62 | Episode steps:  826 | Average reward:   639.06 | Step Count: 5549647 | Episode Q0:    47.30
Episode: 3632/7000 | Episode reward:  1082.39 | Episode steps: 2500 | Average reward:   659.67 | Step Count: 5552147 | Episode Q0:    47.30
Episode: 3633/7000 | Episode reward:   728.84 | Episode steps: 1939 | Average reward:   700.01 | Step Count: 5554086 | Episode Q0:    47.30
Episode: 3634/7000 | Episode reward:  1171.58 | Episode steps: 2500 | Average reward:   752.46 | Step Count: 5556586 | Episode Q0:    47.30
Episode: 3635/7000 | Episode reward:   519.10 | Episode steps: 1443 | Average reward:   724.13 | Step Count: 5558029 | Episode Q0:    47.30
Episode: 3636/7000 | Episode reward:   795.60 | Episode steps: 1914 | Average reward:   722.02 | Step Count: 5559943 | Episode Q0:    47.30
Episode: 3637/7000 | Episode reward:   774.19 | Episode steps: 1604 | Average reward:   682.98 | Step Count: 5561547 | Episode Q0:    47.30
Episode: 3638/7000 | Episode reward:   248.48 | Episode steps:  583 | Average reward:   689.16 | Step Count: 5562130 | Episode Q0:    47.30
Episode: 3639/7000 | Episode reward:   226.83 | Episode steps:  561 | Average reward:   604.91 | Step Count: 5562691 | Episode Q0:    47.30
Episode: 3640/7000 | Episode reward:   700.26 | Episode steps: 1643 | Average reward:   662.19 | Step Count: 5564334 | Episode Q0:    47.30
Episode: 3641/7000 | Episode reward:   348.03 | Episode steps:  835 | Average reward:   659.53 | Step Count: 5565169 | Episode Q0:    47.30
Episode: 3642/7000 | Episode reward:  1229.61 | Episode steps: 2500 | Average reward:   674.25 | Step Count: 5567669 | Episode Q0:    45.67
Episode: 3643/7000 | Episode reward:  1138.68 | Episode steps: 2500 | Average reward:   715.23 | Step Count: 5570169 | Episode Q0:    45.67
Episode: 3644/7000 | Episode reward:  1309.79 | Episode steps: 2500 | Average reward:   729.06 | Step Count: 5572669 | Episode Q0:    45.67
Episode: 3645/7000 | Episode reward:  1328.83 | Episode steps: 2500 | Average reward:   810.03 | Step Count: 5575169 | Episode Q0:    45.67
Episode: 3646/7000 | Episode reward:  1267.57 | Episode steps: 2500 | Average reward:   857.23 | Step Count: 5577669 | Episode Q0:    45.67
Episode: 3647/7000 | Episode reward:  1188.74 | Episode steps: 2500 | Average reward:   898.68 | Step Count: 5580169 | Episode Q0:    45.67
Episode: 3648/7000 | Episode reward:  1234.07 | Episode steps: 2500 | Average reward:   997.24 | Step Count: 5582669 | Episode Q0:    45.67
Episode: 3649/7000 | Episode reward:  1327.04 | Episode steps: 2500 | Average reward:  1107.26 | Step Count: 5585169 | Episode Q0:    45.67
Episode: 3650/7000 | Episode reward:  1161.09 | Episode steps: 2500 | Average reward:  1153.35 | Step Count: 5587669 | Episode Q0:    45.67
Episode: 3651/7000 | Episode reward:  1303.50 | Episode steps: 2500 | Average reward:  1248.89 | Step Count: 5590169 | Episode Q0:    45.67
Episode: 3652/7000 | Episode reward:  1138.34 | Episode steps: 2500 | Average reward:  1239.77 | Step Count: 5592669 | Episode Q0:    45.67
Episode: 3653/7000 | Episode reward:  1198.13 | Episode steps: 2500 | Average reward:  1245.71 | Step Count: 5595169 | Episode Q0:    45.67
Episode: 3654/7000 | Episode reward:  1403.69 | Episode steps: 2500 | Average reward:  1255.10 | Step Count: 5597669 | Episode Q0:    45.67
Episode: 3655/7000 | Episode reward:  1398.05 | Episode steps: 2500 | Average reward:  1262.02 | Step Count: 5600169 | Episode Q0:    45.67
Episode: 3656/7000 | Episode reward:  1105.46 | Episode steps: 2500 | Average reward:  1245.81 | Step Count: 5602669 | Episode Q0:    45.67
Episode: 3657/7000 | Episode reward:  1172.51 | Episode steps: 2500 | Average reward:  1244.19 | Step Count: 5605169 | Episode Q0:    45.67
Episode: 3658/7000 | Episode reward:  1147.78 | Episode steps: 2500 | Average reward:  1235.56 | Step Count: 5607669 | Episode Q0:    45.67
Episode: 3659/7000 | Episode reward:  1460.07 | Episode steps: 2500 | Average reward:  1248.86 | Step Count: 5610169 | Episode Q0:    45.67
Episode: 3660/7000 | Episode reward:  1229.10 | Episode steps: 2500 | Average reward:  1255.66 | Step Count: 5612669 | Episode Q0:    45.67
Episode: 3661/7000 | Episode reward:  1265.00 | Episode steps: 2500 | Average reward:  1251.81 | Step Count: 5615169 | Episode Q0:    45.67
Episode: 3662/7000 | Episode reward:   963.64 | Episode steps: 2500 | Average reward:  1234.34 | Step Count: 5617669 | Episode Q0:    45.67
Episode: 3663/7000 | Episode reward:  1256.82 | Episode steps: 2500 | Average reward:  1240.21 | Step Count: 5620169 | Episode Q0:    45.67
Episode: 3664/7000 | Episode reward:  1235.56 | Episode steps: 2500 | Average reward:  1223.40 | Step Count: 5622669 | Episode Q0:    45.67
Episode: 3665/7000 | Episode reward:   251.55 | Episode steps:  712 | Average reward:  1108.75 | Step Count: 5623381 | Episode Q0:    47.09
Episode: 3666/7000 | Episode reward:  1286.31 | Episode steps: 2500 | Average reward:  1126.83 | Step Count: 5625881 | Episode Q0:    47.09
Episode: 3667/7000 | Episode reward:  1415.07 | Episode steps: 2500 | Average reward:  1151.09 | Step Count: 5628381 | Episode Q0:    47.09
Episode: 3668/7000 | Episode reward:  1119.37 | Episode steps: 2500 | Average reward:  1148.25 | Step Count: 5630881 | Episode Q0:    47.09
Episode: 3669/7000 | Episode reward:  1295.16 | Episode steps: 2500 | Average reward:  1131.76 | Step Count: 5633381 | Episode Q0:    47.09
Episode: 3670/7000 | Episode reward:  1325.30 | Episode steps: 2500 | Average reward:  1141.38 | Step Count: 5635881 | Episode Q0:    47.09
Episode: 3671/7000 | Episode reward:  1300.97 | Episode steps: 2500 | Average reward:  1144.97 | Step Count: 5638381 | Episode Q0:    47.09
Episode: 3672/7000 | Episode reward:  1236.11 | Episode steps: 2500 | Average reward:  1172.22 | Step Count: 5640881 | Episode Q0:    47.09
Episode: 3673/7000 | Episode reward:  1159.23 | Episode steps: 2500 | Average reward:  1162.46 | Step Count: 5643381 | Episode Q0:    47.09
Episode: 3674/7000 | Episode reward:  1279.45 | Episode steps: 2500 | Average reward:  1166.85 | Step Count: 5645881 | Episode Q0:    47.09
Episode: 3675/7000 | Episode reward:  1315.66 | Episode steps: 2500 | Average reward:  1273.26 | Step Count: 5648381 | Episode Q0:    47.09
Episode: 3676/7000 | Episode reward:  1236.68 | Episode steps: 2500 | Average reward:  1268.30 | Step Count: 5650881 | Episode Q0:    47.09
Episode: 3677/7000 | Episode reward:  1137.24 | Episode steps: 2500 | Average reward:  1240.52 | Step Count: 5653381 | Episode Q0:    47.09
Episode: 3678/7000 | Episode reward:  1261.78 | Episode steps: 2500 | Average reward:  1254.76 | Step Count: 5655881 | Episode Q0:    47.09
Episode: 3679/7000 | Episode reward:  1222.99 | Episode steps: 2500 | Average reward:  1247.54 | Step Count: 5658381 | Episode Q0:    47.09
Episode: 3680/7000 | Episode reward:  1071.82 | Episode steps: 2500 | Average reward:  1222.20 | Step Count: 5660881 | Episode Q0:    47.09
Episode: 3681/7000 | Episode reward:  1324.73 | Episode steps: 2500 | Average reward:  1224.57 | Step Count: 5663381 | Episode Q0:    47.09
Episode: 3682/7000 | Episode reward:  1373.85 | Episode steps: 2500 | Average reward:  1238.35 | Step Count: 5665881 | Episode Q0:    47.09
Episode: 3683/7000 | Episode reward:  1190.64 | Episode steps: 2500 | Average reward:  1241.49 | Step Count: 5668381 | Episode Q0:    47.09
Episode: 3684/7000 | Episode reward:   325.50 | Episode steps:  680 | Average reward:  1146.09 | Step Count: 5669061 | Episode Q0:    47.09
Episode: 3685/7000 | Episode reward:  1188.78 | Episode steps: 2500 | Average reward:  1133.40 | Step Count: 5671561 | Episode Q0:    47.09
Episode: 3686/7000 | Episode reward:   620.49 | Episode steps: 1620 | Average reward:  1071.78 | Step Count: 5673181 | Episode Q0:    47.22
Episode: 3687/7000 | Episode reward:  1010.74 | Episode steps: 2334 | Average reward:  1059.13 | Step Count: 5675515 | Episode Q0:    47.22
Episode: 3688/7000 | Episode reward:  1110.57 | Episode steps: 2500 | Average reward:  1044.01 | Step Count: 5678015 | Episode Q0:    47.22
Episode: 3689/7000 | Episode reward:   720.82 | Episode steps: 1534 | Average reward:   993.79 | Step Count: 5679549 | Episode Q0:    47.22
Episode: 3690/7000 | Episode reward:  1234.51 | Episode steps: 2500 | Average reward:  1010.06 | Step Count: 5682049 | Episode Q0:    47.22
Episode: 3691/7000 | Episode reward:   602.50 | Episode steps: 1347 | Average reward:   937.84 | Step Count: 5683396 | Episode Q0:    47.22
Episode: 3692/7000 | Episode reward:   741.97 | Episode steps: 1936 | Average reward:   874.65 | Step Count: 5685332 | Episode Q0:    47.22
Episode: 3693/7000 | Episode reward:  1371.76 | Episode steps: 2500 | Average reward:   892.76 | Step Count: 5687832 | Episode Q0:    47.22
Episode: 3694/7000 | Episode reward:  1068.72 | Episode steps: 2500 | Average reward:   967.09 | Step Count: 5690332 | Episode Q0:    47.22
Episode: 3695/7000 | Episode reward:   331.27 | Episode steps:  803 | Average reward:   881.34 | Step Count: 5691135 | Episode Q0:    47.22
Episode: 3696/7000 | Episode reward:   901.60 | Episode steps: 2500 | Average reward:   909.45 | Step Count: 5693635 | Episode Q0:    47.22
Episode: 3697/7000 | Episode reward:   738.29 | Episode steps: 1680 | Average reward:   882.20 | Step Count: 5695315 | Episode Q0:    47.22
Episode: 3698/7000 | Episode reward:  1152.67 | Episode steps: 2500 | Average reward:   886.41 | Step Count: 5697815 | Episode Q0:    47.22
Episode: 3699/7000 | Episode reward:   643.24 | Episode steps: 1336 | Average reward:   878.65 | Step Count: 5699151 | Episode Q0:    47.22
Episode: 3700/7000 | Episode reward:   129.08 | Episode steps:  347 | Average reward:   768.11 | Step Count: 5699498 | Episode Q0:    47.22
Episode: 3701/7000 | Episode reward:  1268.09 | Episode steps: 2500 | Average reward:   834.67 | Step Count: 5701998 | Episode Q0:    47.22
Episode: 3702/7000 | Episode reward:   762.46 | Episode steps: 2002 | Average reward:   836.72 | Step Count: 5704000 | Episode Q0:    47.22
Episode: 3703/7000 | Episode reward:  1122.26 | Episode steps: 2500 | Average reward:   811.77 | Step Count: 5706500 | Episode Q0:    47.22
Episode: 3704/7000 | Episode reward:   439.49 | Episode steps:  907 | Average reward:   748.85 | Step Count: 5707407 | Episode Q0:    47.22
Episode: 3705/7000 | Episode reward:   778.42 | Episode steps: 1614 | Average reward:   793.56 | Step Count: 5709021 | Episode Q0:    47.22
Episode: 3706/7000 | Episode reward:   214.17 | Episode steps:  429 | Average reward:   724.82 | Step Count: 5709450 | Episode Q0:    47.22
Episode: 3707/7000 | Episode reward:   315.18 | Episode steps:  529 | Average reward:   682.51 | Step Count: 5709979 | Episode Q0:    47.22
Episode: 3708/7000 | Episode reward:   996.89 | Episode steps: 2500 | Average reward:   666.93 | Step Count: 5712479 | Episode Q0:    47.22
Episode: 3709/7000 | Episode reward:  1238.84 | Episode steps: 2500 | Average reward:   726.49 | Step Count: 5714979 | Episode Q0:    50.85
Episode: 3710/7000 | Episode reward:  1091.30 | Episode steps: 2500 | Average reward:   822.71 | Step Count: 5717479 | Episode Q0:    50.85
Episode: 3711/7000 | Episode reward:   683.12 | Episode steps: 1438 | Average reward:   764.21 | Step Count: 5718917 | Episode Q0:    50.85
Episode: 3712/7000 | Episode reward:  1068.57 | Episode steps: 2500 | Average reward:   794.82 | Step Count: 5721417 | Episode Q0:    50.85
Episode: 3713/7000 | Episode reward:   303.38 | Episode steps:  718 | Average reward:   712.94 | Step Count: 5722135 | Episode Q0:    50.85
Episode: 3714/7000 | Episode reward:   405.63 | Episode steps: 1004 | Average reward:   709.55 | Step Count: 5723139 | Episode Q0:    50.85
Episode: 3715/7000 | Episode reward:   302.84 | Episode steps:  657 | Average reward:   661.99 | Step Count: 5723796 | Episode Q0:    50.85
Episode: 3716/7000 | Episode reward:   612.92 | Episode steps: 1493 | Average reward:   701.87 | Step Count: 5725289 | Episode Q0:    50.85
Episode: 3717/7000 | Episode reward:   637.55 | Episode steps: 1790 | Average reward:   734.10 | Step Count: 5727079 | Episode Q0:    50.85
Episode: 3718/7000 | Episode reward:   820.46 | Episode steps: 1851 | Average reward:   716.46 | Step Count: 5728930 | Episode Q0:    50.85
Episode: 3719/7000 | Episode reward:   673.72 | Episode steps: 1312 | Average reward:   659.95 | Step Count: 5730242 | Episode Q0:    50.85
Episode: 3720/7000 | Episode reward:  1177.37 | Episode steps: 2500 | Average reward:   668.55 | Step Count: 5732742 | Episode Q0:    50.85
Episode: 3721/7000 | Episode reward:  1177.51 | Episode steps: 2500 | Average reward:   717.99 | Step Count: 5735242 | Episode Q0:    50.85
Episode: 3722/7000 | Episode reward:   988.91 | Episode steps: 2500 | Average reward:   710.03 | Step Count: 5737742 | Episode Q0:    50.85
Episode: 3723/7000 | Episode reward:   394.21 | Episode steps:  962 | Average reward:   719.11 | Step Count: 5738704 | Episode Q0:    50.85
Episode: 3724/7000 | Episode reward:   256.50 | Episode steps:  858 | Average reward:   704.20 | Step Count: 5739562 | Episode Q0:    50.85
Episode: 3725/7000 | Episode reward:  1096.39 | Episode steps: 2500 | Average reward:   783.55 | Step Count: 5742062 | Episode Q0:    50.85
Episode: 3726/7000 | Episode reward:   685.77 | Episode steps: 1603 | Average reward:   790.84 | Step Count: 5743665 | Episode Q0:    50.85
Episode: 3727/7000 | Episode reward:  1201.55 | Episode steps: 2500 | Average reward:   847.24 | Step Count: 5746165 | Episode Q0:    50.85
Episode: 3728/7000 | Episode reward:  1228.55 | Episode steps: 2500 | Average reward:   888.05 | Step Count: 5748665 | Episode Q0:    50.85
Episode: 3729/7000 | Episode reward:  1118.27 | Episode steps: 2500 | Average reward:   932.50 | Step Count: 5751165 | Episode Q0:    50.85
Episode: 3730/7000 | Episode reward:  1218.72 | Episode steps: 2500 | Average reward:   936.64 | Step Count: 5753665 | Episode Q0:    45.31
Episode: 3731/7000 | Episode reward:  1202.40 | Episode steps: 2500 | Average reward:   939.13 | Step Count: 5756165 | Episode Q0:    45.31
Episode: 3732/7000 | Episode reward:  1161.85 | Episode steps: 2500 | Average reward:   956.42 | Step Count: 5758665 | Episode Q0:    45.31
Episode: 3733/7000 | Episode reward:  1011.87 | Episode steps: 2500 | Average reward:  1018.19 | Step Count: 5761165 | Episode Q0:    45.31
Episode: 3734/7000 | Episode reward:  1252.74 | Episode steps: 2500 | Average reward:  1117.81 | Step Count: 5763665 | Episode Q0:    45.31
Episode: 3735/7000 | Episode reward:  1200.49 | Episode steps: 2500 | Average reward:  1128.22 | Step Count: 5766165 | Episode Q0:    45.31
Episode: 3736/7000 | Episode reward:  1341.83 | Episode steps: 2500 | Average reward:  1193.83 | Step Count: 5768665 | Episode Q0:    45.31
Episode: 3737/7000 | Episode reward:  1253.62 | Episode steps: 2500 | Average reward:  1199.03 | Step Count: 5771165 | Episode Q0:    45.31
Episode: 3738/7000 | Episode reward:   930.26 | Episode steps: 2500 | Average reward:  1169.20 | Step Count: 5773665 | Episode Q0:    45.31
Episode: 3739/7000 | Episode reward:  1220.45 | Episode steps: 2500 | Average reward:  1179.42 | Step Count: 5776165 | Episode Q0:    45.31
Episode: 3740/7000 | Episode reward:  1252.08 | Episode steps: 2500 | Average reward:  1182.76 | Step Count: 5778665 | Episode Q0:    45.31
Episode: 3741/7000 | Episode reward:  1020.83 | Episode steps: 2500 | Average reward:  1164.60 | Step Count: 5781165 | Episode Q0:    45.31
Episode: 3742/7000 | Episode reward:  1027.23 | Episode steps: 2500 | Average reward:  1151.14 | Step Count: 5783665 | Episode Q0:    45.31
Episode: 3743/7000 | Episode reward:  1043.50 | Episode steps: 2500 | Average reward:  1154.30 | Step Count: 5786165 | Episode Q0:    45.31
Episode: 3744/7000 | Episode reward:  1227.43 | Episode steps: 2500 | Average reward:  1151.77 | Step Count: 5788665 | Episode Q0:    45.31
Episode: 3745/7000 | Episode reward:  1222.95 | Episode steps: 2500 | Average reward:  1154.02 | Step Count: 5791165 | Episode Q0:    45.31
Episode: 3746/7000 | Episode reward:  1208.35 | Episode steps: 2500 | Average reward:  1140.67 | Step Count: 5793665 | Episode Q0:    45.31
Episode: 3747/7000 | Episode reward:  1072.83 | Episode steps: 2500 | Average reward:  1122.59 | Step Count: 5796165 | Episode Q0:    45.31
Episode: 3748/7000 | Episode reward:  1293.37 | Episode steps: 2500 | Average reward:  1158.90 | Step Count: 5798665 | Episode Q0:    45.31
Episode: 3749/7000 | Episode reward:   937.92 | Episode steps: 2500 | Average reward:  1130.65 | Step Count: 5801165 | Episode Q0:    45.31
Episode: 3750/7000 | Episode reward:  1234.73 | Episode steps: 2500 | Average reward:  1128.91 | Step Count: 5803665 | Episode Q0:    45.31
Episode: 3751/7000 | Episode reward:  1371.46 | Episode steps: 2500 | Average reward:  1163.98 | Step Count: 5806165 | Episode Q0:    45.31
Episode: 3752/7000 | Episode reward:  1318.24 | Episode steps: 2500 | Average reward:  1193.08 | Step Count: 5808665 | Episode Q0:    45.31
Episode: 3753/7000 | Episode reward:  1085.26 | Episode steps: 2500 | Average reward:  1197.25 | Step Count: 5811165 | Episode Q0:    47.38
Episode: 3754/7000 | Episode reward:  1221.76 | Episode steps: 2500 | Average reward:  1196.69 | Step Count: 5813665 | Episode Q0:    47.38
Episode: 3755/7000 | Episode reward:   965.04 | Episode steps: 2500 | Average reward:  1170.90 | Step Count: 5816165 | Episode Q0:    47.38
Episode: 3756/7000 | Episode reward:  1139.07 | Episode steps: 2500 | Average reward:  1163.97 | Step Count: 5818665 | Episode Q0:    47.38
Episode: 3757/7000 | Episode reward:  1137.79 | Episode steps: 2500 | Average reward:  1170.46 | Step Count: 5821165 | Episode Q0:    47.38
Episode: 3758/7000 | Episode reward:  1132.01 | Episode steps: 2500 | Average reward:  1154.33 | Step Count: 5823665 | Episode Q0:    47.38
Episode: 3759/7000 | Episode reward:  1005.72 | Episode steps: 2500 | Average reward:  1161.11 | Step Count: 5826165 | Episode Q0:    47.38
Episode: 3760/7000 | Episode reward:  1121.75 | Episode steps: 2500 | Average reward:  1149.81 | Step Count: 5828665 | Episode Q0:    47.38
Episode: 3761/7000 | Episode reward:  1116.58 | Episode steps: 2500 | Average reward:  1124.32 | Step Count: 5831165 | Episode Q0:    47.38
Episode: 3762/7000 | Episode reward:  1213.86 | Episode steps: 2500 | Average reward:  1113.88 | Step Count: 5833665 | Episode Q0:    47.38
Episode: 3763/7000 | Episode reward:   808.43 | Episode steps: 2500 | Average reward:  1086.20 | Step Count: 5836165 | Episode Q0:    47.38
Episode: 3764/7000 | Episode reward:  1304.03 | Episode steps: 2500 | Average reward:  1094.43 | Step Count: 5838665 | Episode Q0:    47.38
Episode: 3765/7000 | Episode reward:  1126.93 | Episode steps: 2500 | Average reward:  1110.62 | Step Count: 5841165 | Episode Q0:    47.38
Episode: 3766/7000 | Episode reward:  1160.44 | Episode steps: 2500 | Average reward:  1112.75 | Step Count: 5843665 | Episode Q0:    47.38
Episode: 3767/7000 | Episode reward:  1139.07 | Episode steps: 2500 | Average reward:  1112.88 | Step Count: 5846165 | Episode Q0:    47.38
Episode: 3768/7000 | Episode reward:  1333.57 | Episode steps: 2500 | Average reward:  1133.04 | Step Count: 5848665 | Episode Q0:    47.38
Episode: 3769/7000 | Episode reward:  1119.02 | Episode steps: 2500 | Average reward:  1144.37 | Step Count: 5851165 | Episode Q0:    47.38
Episode: 3770/7000 | Episode reward:  1139.48 | Episode steps: 2500 | Average reward:  1146.14 | Step Count: 5853665 | Episode Q0:    47.38
Episode: 3771/7000 | Episode reward:   887.68 | Episode steps: 2500 | Average reward:  1123.25 | Step Count: 5856165 | Episode Q0:    47.38
Episode: 3772/7000 | Episode reward:  1134.50 | Episode steps: 2500 | Average reward:  1115.31 | Step Count: 5858665 | Episode Q0:    47.38
Episode: 3773/7000 | Episode reward:  1109.43 | Episode steps: 2500 | Average reward:  1145.41 | Step Count: 5861165 | Episode Q0:    47.38
Episode: 3774/7000 | Episode reward:  1168.79 | Episode steps: 2500 | Average reward:  1131.89 | Step Count: 5863665 | Episode Q0:    48.75
Episode: 3775/7000 | Episode reward:  1215.24 | Episode steps: 2500 | Average reward:  1140.72 | Step Count: 5866165 | Episode Q0:    48.75
Episode: 3776/7000 | Episode reward:   634.69 | Episode steps: 1208 | Average reward:  1088.15 | Step Count: 5867373 | Episode Q0:    48.75
Episode: 3777/7000 | Episode reward:   579.82 | Episode steps: 1251 | Average reward:  1032.22 | Step Count: 5868624 | Episode Q0:    48.75
Episode: 3778/7000 | Episode reward:  1229.15 | Episode steps: 2500 | Average reward:  1021.78 | Step Count: 5871124 | Episode Q0:    48.75
Episode: 3779/7000 | Episode reward:  1062.08 | Episode steps: 2500 | Average reward:  1016.09 | Step Count: 5873624 | Episode Q0:    48.75
Episode: 3780/7000 | Episode reward:   201.94 | Episode steps:  395 | Average reward:   922.33 | Step Count: 5874019 | Episode Q0:    48.75
Episode: 3781/7000 | Episode reward:  1235.64 | Episode steps: 2500 | Average reward:   957.13 | Step Count: 5876519 | Episode Q0:    48.75
Episode: 3782/7000 | Episode reward:   982.58 | Episode steps: 2500 | Average reward:   941.94 | Step Count: 5879019 | Episode Q0:    48.75
Episode: 3783/7000 | Episode reward:  1209.65 | Episode steps: 2500 | Average reward:   951.96 | Step Count: 5881519 | Episode Q0:    48.75
Episode: 3784/7000 | Episode reward:  1150.12 | Episode steps: 2500 | Average reward:   950.09 | Step Count: 5884019 | Episode Q0:    48.75
Episode: 3785/7000 | Episode reward:  1248.36 | Episode steps: 2500 | Average reward:   953.40 | Step Count: 5886519 | Episode Q0:    48.75
Episode: 3786/7000 | Episode reward:   275.15 | Episode steps:  724 | Average reward:   917.45 | Step Count: 5887243 | Episode Q0:    48.75
Episode: 3787/7000 | Episode reward:  1138.11 | Episode steps: 2500 | Average reward:   973.28 | Step Count: 5889743 | Episode Q0:    48.75
Episode: 3788/7000 | Episode reward:  1132.81 | Episode steps: 2500 | Average reward:   963.64 | Step Count: 5892243 | Episode Q0:    48.75
Episode: 3789/7000 | Episode reward:   761.23 | Episode steps: 1575 | Average reward:   933.56 | Step Count: 5893818 | Episode Q0:    48.75
Episode: 3790/7000 | Episode reward:   963.95 | Episode steps: 2500 | Average reward:  1009.76 | Step Count: 5896318 | Episode Q0:    48.75
Episode: 3791/7000 | Episode reward:  1219.86 | Episode steps: 2500 | Average reward:  1008.18 | Step Count: 5898818 | Episode Q0:    48.75
Episode: 3792/7000 | Episode reward:  1209.59 | Episode steps: 2500 | Average reward:  1030.88 | Step Count: 5901318 | Episode Q0:    48.75
Episode: 3793/7000 | Episode reward:  1183.97 | Episode steps: 2500 | Average reward:  1028.32 | Step Count: 5903818 | Episode Q0:    48.75
Episode: 3794/7000 | Episode reward:   541.78 | Episode steps: 1257 | Average reward:   967.48 | Step Count: 5905075 | Episode Q0:    48.75
Episode: 3795/7000 | Episode reward:  1224.60 | Episode steps: 2500 | Average reward:   965.11 | Step Count: 5907575 | Episode Q0:    48.75
Episode: 3796/7000 | Episode reward:  1125.42 | Episode steps: 2500 | Average reward:  1050.13 | Step Count: 5910075 | Episode Q0:    48.75
Episode: 3797/7000 | Episode reward:    72.79 | Episode steps:  166 | Average reward:   943.60 | Step Count: 5910241 | Episode Q0:    48.75
Episode: 3798/7000 | Episode reward:   319.34 | Episode steps:  571 | Average reward:   862.25 | Step Count: 5910812 | Episode Q0:    48.51
Episode: 3799/7000 | Episode reward:  1257.35 | Episode steps: 2500 | Average reward:   911.87 | Step Count: 5913312 | Episode Q0:    48.51
Episode: 3800/7000 | Episode reward:  1065.93 | Episode steps: 2500 | Average reward:   922.06 | Step Count: 5915812 | Episode Q0:    48.51
Episode: 3801/7000 | Episode reward:   647.80 | Episode steps: 1220 | Average reward:   864.86 | Step Count: 5917032 | Episode Q0:    48.51
Episode: 3802/7000 | Episode reward:  1044.63 | Episode steps: 2500 | Average reward:   848.36 | Step Count: 5919532 | Episode Q0:    48.51
Episode: 3803/7000 | Episode reward:  1066.53 | Episode steps: 2500 | Average reward:   836.62 | Step Count: 5922032 | Episode Q0:    48.51
Episode: 3804/7000 | Episode reward:   285.62 | Episode steps:  584 | Average reward:   811.00 | Step Count: 5922616 | Episode Q0:    48.51
Episode: 3805/7000 | Episode reward:  1133.89 | Episode steps: 2500 | Average reward:   801.93 | Step Count: 5925116 | Episode Q0:    48.51
Episode: 3806/7000 | Episode reward:   601.44 | Episode steps: 1312 | Average reward:   749.53 | Step Count: 5926428 | Episode Q0:    48.51
Episode: 3807/7000 | Episode reward:   876.66 | Episode steps: 2500 | Average reward:   829.92 | Step Count: 5928928 | Episode Q0:    48.51
Episode: 3808/7000 | Episode reward:   725.41 | Episode steps: 1581 | Average reward:   870.53 | Step Count: 5930509 | Episode Q0:    48.51
Episode: 3809/7000 | Episode reward:  1011.53 | Episode steps: 2500 | Average reward:   845.94 | Step Count: 5933009 | Episode Q0:    48.51
Episode: 3810/7000 | Episode reward:   838.26 | Episode steps: 2246 | Average reward:   823.18 | Step Count: 5935255 | Episode Q0:    48.51
Episode: 3811/7000 | Episode reward:  1097.58 | Episode steps: 2500 | Average reward:   868.16 | Step Count: 5937755 | Episode Q0:    48.51
Episode: 3812/7000 | Episode reward:   173.75 | Episode steps:  526 | Average reward:   781.07 | Step Count: 5938281 | Episode Q0:    48.51
Episode: 3813/7000 | Episode reward:   302.98 | Episode steps:  662 | Average reward:   704.71 | Step Count: 5938943 | Episode Q0:    48.51
Episode: 3814/7000 | Episode reward:  1080.13 | Episode steps: 2500 | Average reward:   784.16 | Step Count: 5941443 | Episode Q0:    48.51
Episode: 3815/7000 | Episode reward:  1050.45 | Episode steps: 2500 | Average reward:   775.82 | Step Count: 5943943 | Episode Q0:    48.51
Episode: 3816/7000 | Episode reward:   945.58 | Episode steps: 2500 | Average reward:   810.23 | Step Count: 5946443 | Episode Q0:    48.51
Episode: 3817/7000 | Episode reward:   879.08 | Episode steps: 2296 | Average reward:   810.47 | Step Count: 5948739 | Episode Q0:    48.51
Episode: 3818/7000 | Episode reward:   307.71 | Episode steps:  791 | Average reward:   768.70 | Step Count: 5949530 | Episode Q0:    48.51
Episode: 3819/7000 | Episode reward:    39.80 | Episode steps:  163 | Average reward:   671.53 | Step Count: 5949693 | Episode Q0:    48.51
Episode: 3820/7000 | Episode reward:   904.29 | Episode steps: 2146 | Average reward:   678.14 | Step Count: 5951839 | Episode Q0:    47.94
Episode: 3821/7000 | Episode reward:   929.25 | Episode steps: 2500 | Average reward:   661.30 | Step Count: 5954339 | Episode Q0:    47.94
Episode: 3822/7000 | Episode reward:   240.19 | Episode steps:  463 | Average reward:   667.95 | Step Count: 5954802 | Episode Q0:    47.94
Episode: 3823/7000 | Episode reward:   308.08 | Episode steps:  771 | Average reward:   668.46 | Step Count: 5955573 | Episode Q0:    47.94
Episode: 3824/7000 | Episode reward:   798.53 | Episode steps: 2500 | Average reward:   640.30 | Step Count: 5958073 | Episode Q0:    47.94
Episode: 3825/7000 | Episode reward:   251.88 | Episode steps:  481 | Average reward:   560.44 | Step Count: 5958554 | Episode Q0:    47.94
Episode: 3826/7000 | Episode reward:   247.82 | Episode steps:  461 | Average reward:   490.66 | Step Count: 5959015 | Episode Q0:    47.94
Episode: 3827/7000 | Episode reward:   186.83 | Episode steps:  658 | Average reward:   421.44 | Step Count: 5959673 | Episode Q0:    47.94
Episode: 3828/7000 | Episode reward:  1191.03 | Episode steps: 2500 | Average reward:   509.77 | Step Count: 5962173 | Episode Q0:    47.94
Episode: 3829/7000 | Episode reward:   356.49 | Episode steps: 1022 | Average reward:   541.44 | Step Count: 5963195 | Episode Q0:    47.94
Episode: 3830/7000 | Episode reward:   146.57 | Episode steps:  352 | Average reward:   465.67 | Step Count: 5963547 | Episode Q0:    47.94
Episode: 3831/7000 | Episode reward:   902.46 | Episode steps: 2306 | Average reward:   462.99 | Step Count: 5965853 | Episode Q0:    47.94
Episode: 3832/7000 | Episode reward:   975.70 | Episode steps: 2404 | Average reward:   536.54 | Step Count: 5968257 | Episode Q0:    47.94
Episode: 3833/7000 | Episode reward:   215.04 | Episode steps:  559 | Average reward:   527.24 | Step Count: 5968816 | Episode Q0:    47.94
Episode: 3834/7000 | Episode reward:   829.12 | Episode steps: 1964 | Average reward:   530.29 | Step Count: 5970780 | Episode Q0:    47.94
Episode: 3835/7000 | Episode reward:   728.08 | Episode steps: 1732 | Average reward:   577.91 | Step Count: 5972512 | Episode Q0:    47.94
Episode: 3836/7000 | Episode reward:   708.41 | Episode steps: 1683 | Average reward:   623.97 | Step Count: 5974195 | Episode Q0:    47.94
Episode: 3837/7000 | Episode reward:  1105.32 | Episode steps: 2500 | Average reward:   715.82 | Step Count: 5976695 | Episode Q0:    47.94
Episode: 3838/7000 | Episode reward:  1109.07 | Episode steps: 2500 | Average reward:   707.63 | Step Count: 5979195 | Episode Q0:    47.94
Episode: 3839/7000 | Episode reward:   757.29 | Episode steps: 2079 | Average reward:   747.71 | Step Count: 5981274 | Episode Q0:    47.94
Episode: 3840/7000 | Episode reward:   786.38 | Episode steps: 2500 | Average reward:   811.69 | Step Count: 5983774 | Episode Q0:    47.94
Episode: 3841/7000 | Episode reward:   968.72 | Episode steps: 2500 | Average reward:   818.31 | Step Count: 5986274 | Episode Q0:    47.94
Episode: 3842/7000 | Episode reward:  1047.50 | Episode steps: 2500 | Average reward:   825.49 | Step Count: 5988774 | Episode Q0:    47.47
Episode: 3843/7000 | Episode reward:  1196.01 | Episode steps: 2500 | Average reward:   923.59 | Step Count: 5991274 | Episode Q0:    47.47
Episode: 3844/7000 | Episode reward:  1057.41 | Episode steps: 2500 | Average reward:   946.42 | Step Count: 5993774 | Episode Q0:    47.47
Episode: 3845/7000 | Episode reward:  1109.20 | Episode steps: 2500 | Average reward:   984.53 | Step Count: 5996274 | Episode Q0:    47.47
Episode: 3846/7000 | Episode reward:  1149.95 | Episode steps: 2500 | Average reward:  1028.68 | Step Count: 5998774 | Episode Q0:    47.47
Episode: 3847/7000 | Episode reward:  1224.92 | Episode steps: 2500 | Average reward:  1040.64 | Step Count: 6001274 | Episode Q0:    47.47
Episode: 3848/7000 | Episode reward:  1246.62 | Episode steps: 2500 | Average reward:  1054.40 | Step Count: 6003774 | Episode Q0:    47.47
Episode: 3849/7000 | Episode reward:  1121.55 | Episode steps: 2500 | Average reward:  1090.82 | Step Count: 6006274 | Episode Q0:    47.47
Episode: 3850/7000 | Episode reward:   930.47 | Episode steps: 2500 | Average reward:  1105.23 | Step Count: 6008774 | Episode Q0:    47.47
Episode: 3851/7000 | Episode reward:  1330.38 | Episode steps: 2500 | Average reward:  1141.40 | Step Count: 6011274 | Episode Q0:    47.47
Episode: 3852/7000 | Episode reward:  1223.19 | Episode steps: 2500 | Average reward:  1158.97 | Step Count: 6013774 | Episode Q0:    47.47
Episode: 3853/7000 | Episode reward:  1133.01 | Episode steps: 2500 | Average reward:  1152.67 | Step Count: 6016274 | Episode Q0:    47.47
Episode: 3854/7000 | Episode reward:  1038.71 | Episode steps: 2500 | Average reward:  1150.80 | Step Count: 6018774 | Episode Q0:    47.47
Episode: 3855/7000 | Episode reward:  1152.14 | Episode steps: 2500 | Average reward:  1155.09 | Step Count: 6021274 | Episode Q0:    47.47
Episode: 3856/7000 | Episode reward:   976.05 | Episode steps: 2500 | Average reward:  1137.70 | Step Count: 6023774 | Episode Q0:    47.47
Episode: 3857/7000 | Episode reward:  1127.72 | Episode steps: 2500 | Average reward:  1127.98 | Step Count: 6026274 | Episode Q0:    47.47
Episode: 3858/7000 | Episode reward:  1218.84 | Episode steps: 2500 | Average reward:  1125.20 | Step Count: 6028774 | Episode Q0:    47.47
Episode: 3859/7000 | Episode reward:  1117.70 | Episode steps: 2500 | Average reward:  1124.82 | Step Count: 6031274 | Episode Q0:    47.47
Episode: 3860/7000 | Episode reward:  1078.97 | Episode steps: 2500 | Average reward:  1139.67 | Step Count: 6033774 | Episode Q0:    47.47
Episode: 3861/7000 | Episode reward:  1388.94 | Episode steps: 2500 | Average reward:  1145.53 | Step Count: 6036274 | Episode Q0:    47.47
Episode: 3862/7000 | Episode reward:  1039.08 | Episode steps: 2500 | Average reward:  1127.12 | Step Count: 6038774 | Episode Q0:    47.47
Episode: 3863/7000 | Episode reward:  1219.54 | Episode steps: 2500 | Average reward:  1135.77 | Step Count: 6041274 | Episode Q0:    47.47
Episode: 3864/7000 | Episode reward:  1146.46 | Episode steps: 2500 | Average reward:  1146.54 | Step Count: 6043774 | Episode Q0:    48.64
Episode: 3865/7000 | Episode reward:   979.15 | Episode steps: 2500 | Average reward:  1129.24 | Step Count: 6046274 | Episode Q0:    48.64
Episode: 3866/7000 | Episode reward:  1163.39 | Episode steps: 2500 | Average reward:  1147.98 | Step Count: 6048774 | Episode Q0:    48.64
Episode: 3867/7000 | Episode reward:  1259.01 | Episode steps: 2500 | Average reward:  1161.11 | Step Count: 6051274 | Episode Q0:    48.64
Episode: 3868/7000 | Episode reward:   641.64 | Episode steps: 1800 | Average reward:  1103.39 | Step Count: 6053074 | Episode Q0:    48.64
Episode: 3869/7000 | Episode reward:  1018.72 | Episode steps: 2500 | Average reward:  1093.49 | Step Count: 6055574 | Episode Q0:    48.64
Episode: 3870/7000 | Episode reward:   871.04 | Episode steps: 2500 | Average reward:  1072.70 | Step Count: 6058074 | Episode Q0:    48.64
Episode: 3871/7000 | Episode reward:   778.66 | Episode steps: 2500 | Average reward:  1011.67 | Step Count: 6060574 | Episode Q0:    48.64
Episode: 3872/7000 | Episode reward:  1088.93 | Episode steps: 2500 | Average reward:  1016.65 | Step Count: 6063074 | Episode Q0:    48.64
Episode: 3873/7000 | Episode reward:   311.99 | Episode steps:  790 | Average reward:   925.90 | Step Count: 6063864 | Episode Q0:    48.64
Episode: 3874/7000 | Episode reward:   430.03 | Episode steps: 1014 | Average reward:   854.25 | Step Count: 6064878 | Episode Q0:    48.64
Episode: 3875/7000 | Episode reward:   149.14 | Episode steps:  383 | Average reward:   771.25 | Step Count: 6065261 | Episode Q0:    48.64
Episode: 3876/7000 | Episode reward:   298.12 | Episode steps: 1142 | Average reward:   684.73 | Step Count: 6066403 | Episode Q0:    48.64
Episode: 3877/7000 | Episode reward:    42.63 | Episode steps:  167 | Average reward:   563.09 | Step Count: 6066570 | Episode Q0:    48.64
Episode: 3878/7000 | Episode reward:   213.26 | Episode steps:  683 | Average reward:   520.25 | Step Count: 6067253 | Episode Q0:    48.64
Episode: 3879/7000 | Episode reward:   950.31 | Episode steps: 2500 | Average reward:   513.41 | Step Count: 6069753 | Episode Q0:    48.64
Episode: 3880/7000 | Episode reward:  1174.87 | Episode steps: 2500 | Average reward:   543.79 | Step Count: 6072253 | Episode Q0:    48.64
Episode: 3881/7000 | Episode reward:  1155.79 | Episode steps: 2500 | Average reward:   581.51 | Step Count: 6074753 | Episode Q0:    48.64
Episode: 3882/7000 | Episode reward:   749.92 | Episode steps: 1872 | Average reward:   547.60 | Step Count: 6076625 | Episode Q0:    48.64
Episode: 3883/7000 | Episode reward:  1208.84 | Episode steps: 2500 | Average reward:   637.29 | Step Count: 6079125 | Episode Q0:    48.64
Episode: 3884/7000 | Episode reward:  1159.07 | Episode steps: 2500 | Average reward:   710.19 | Step Count: 6081625 | Episode Q0:    48.64
Episode: 3885/7000 | Episode reward:   998.31 | Episode steps: 2500 | Average reward:   795.11 | Step Count: 6084125 | Episode Q0:    48.64
Episode: 3886/7000 | Episode reward:   913.77 | Episode steps: 2500 | Average reward:   856.68 | Step Count: 6086625 | Episode Q0:    50.34
Episode: 3887/7000 | Episode reward:   771.71 | Episode steps: 2500 | Average reward:   929.58 | Step Count: 6089125 | Episode Q0:    50.34
Episode: 3888/7000 | Episode reward:   991.14 | Episode steps: 2500 | Average reward:  1007.37 | Step Count: 6091625 | Episode Q0:    50.34
Episode: 3889/7000 | Episode reward:   838.93 | Episode steps: 2500 | Average reward:   996.23 | Step Count: 6094125 | Episode Q0:    50.34
Episode: 3890/7000 | Episode reward:  1109.23 | Episode steps: 2500 | Average reward:   989.67 | Step Count: 6096625 | Episode Q0:    50.34
Episode: 3891/7000 | Episode reward:   960.73 | Episode steps: 2500 | Average reward:   970.16 | Step Count: 6099125 | Episode Q0:    50.34
Episode: 3892/7000 | Episode reward:   650.86 | Episode steps: 2500 | Average reward:   960.26 | Step Count: 6101625 | Episode Q0:    50.34
Episode: 3893/7000 | Episode reward:   846.86 | Episode steps: 2500 | Average reward:   924.06 | Step Count: 6104125 | Episode Q0:    50.34
Episode: 3894/7000 | Episode reward:   963.98 | Episode steps: 2500 | Average reward:   904.55 | Step Count: 6106625 | Episode Q0:    50.34
Episode: 3895/7000 | Episode reward:  1048.47 | Episode steps: 2500 | Average reward:   909.57 | Step Count: 6109125 | Episode Q0:    50.34
Episode: 3896/7000 | Episode reward:   721.52 | Episode steps: 2500 | Average reward:   890.34 | Step Count: 6111625 | Episode Q0:    50.34
Episode: 3897/7000 | Episode reward:  1065.56 | Episode steps: 2500 | Average reward:   919.73 | Step Count: 6114125 | Episode Q0:    50.34
Episode: 3898/7000 | Episode reward:   846.23 | Episode steps: 2500 | Average reward:   905.24 | Step Count: 6116625 | Episode Q0:    50.34
Episode: 3899/7000 | Episode reward:   980.50 | Episode steps: 2500 | Average reward:   919.39 | Step Count: 6119125 | Episode Q0:    50.34
Episode: 3900/7000 | Episode reward:  1246.13 | Episode steps: 2500 | Average reward:   933.08 | Step Count: 6121625 | Episode Q0:    50.34
Episode: 3901/7000 | Episode reward:  1034.31 | Episode steps: 2500 | Average reward:   940.44 | Step Count: 6124125 | Episode Q0:    50.34
Episode: 3902/7000 | Episode reward:   978.88 | Episode steps: 2500 | Average reward:   973.24 | Step Count: 6126625 | Episode Q0:    50.34
Episode: 3903/7000 | Episode reward:   723.37 | Episode steps: 2500 | Average reward:   960.89 | Step Count: 6129125 | Episode Q0:    50.34
Episode: 3904/7000 | Episode reward:   968.18 | Episode steps: 2500 | Average reward:   961.31 | Step Count: 6131625 | Episode Q0:    50.34
Episode: 3905/7000 | Episode reward:  1007.96 | Episode steps: 2500 | Average reward:   957.26 | Step Count: 6134125 | Episode Q0:    50.34
Episode: 3906/7000 | Episode reward:  1092.13 | Episode steps: 2500 | Average reward:   994.32 | Step Count: 6136625 | Episode Q0:    50.34
Episode: 3907/7000 | Episode reward:   945.58 | Episode steps: 2500 | Average reward:   982.33 | Step Count: 6139125 | Episode Q0:    50.34
Episode: 3908/7000 | Episode reward:   191.02 | Episode steps:  566 | Average reward:   916.81 | Step Count: 6139691 | Episode Q0:    50.34
Episode: 3909/7000 | Episode reward:   375.24 | Episode steps: 1093 | Average reward:   856.28 | Step Count: 6140784 | Episode Q0:    50.34
Episode: 3910/7000 | Episode reward:   192.59 | Episode steps:  540 | Average reward:   750.93 | Step Count: 6141324 | Episode Q0:    50.34
Episode: 3911/7000 | Episode reward:   283.79 | Episode steps:  757 | Average reward:   675.87 | Step Count: 6142081 | Episode Q0:    50.34
Episode: 3912/7000 | Episode reward:   872.03 | Episode steps: 2449 | Average reward:   665.19 | Step Count: 6144530 | Episode Q0:    47.54
Episode: 3913/7000 | Episode reward:   508.83 | Episode steps: 1492 | Average reward:   643.73 | Step Count: 6146022 | Episode Q0:    47.54
Episode: 3914/7000 | Episode reward:   469.80 | Episode steps: 1186 | Average reward:   593.90 | Step Count: 6147208 | Episode Q0:    47.54
Episode: 3915/7000 | Episode reward:    50.14 | Episode steps:  171 | Average reward:   498.11 | Step Count: 6147379 | Episode Q0:    47.54
Episode: 3916/7000 | Episode reward:   104.88 | Episode steps:  213 | Average reward:   399.39 | Step Count: 6147592 | Episode Q0:    47.54
Episode: 3917/7000 | Episode reward:   194.22 | Episode steps:  436 | Average reward:   324.25 | Step Count: 6148028 | Episode Q0:    47.54
Episode: 3918/7000 | Episode reward:    72.67 | Episode steps:  175 | Average reward:   312.42 | Step Count: 6148203 | Episode Q0:    47.54
Episode: 3919/7000 | Episode reward:    37.05 | Episode steps:  143 | Average reward:   278.60 | Step Count: 6148346 | Episode Q0:    47.54
Episode: 3920/7000 | Episode reward:   378.02 | Episode steps:  834 | Average reward:   297.14 | Step Count: 6149180 | Episode Q0:    47.54
Episode: 3921/7000 | Episode reward:   459.83 | Episode steps: 1295 | Average reward:   314.75 | Step Count: 6150475 | Episode Q0:    47.54
Episode: 3922/7000 | Episode reward:   449.00 | Episode steps:  980 | Average reward:   272.44 | Step Count: 6151455 | Episode Q0:    47.54
Episode: 3923/7000 | Episode reward:   280.30 | Episode steps:  741 | Average reward:   249.59 | Step Count: 6152196 | Episode Q0:    47.54
Episode: 3924/7000 | Episode reward:   657.62 | Episode steps: 1617 | Average reward:   268.37 | Step Count: 6153813 | Episode Q0:    47.54
Episode: 3925/7000 | Episode reward:  1090.46 | Episode steps: 2500 | Average reward:   372.41 | Step Count: 6156313 | Episode Q0:    47.54
Episode: 3926/7000 | Episode reward:   363.06 | Episode steps:  852 | Average reward:   398.22 | Step Count: 6157165 | Episode Q0:    47.54
Episode: 3927/7000 | Episode reward:   978.11 | Episode steps: 2500 | Average reward:   476.61 | Step Count: 6159665 | Episode Q0:    47.54
Episode: 3928/7000 | Episode reward:   197.25 | Episode steps:  445 | Average reward:   489.07 | Step Count: 6160110 | Episode Q0:    47.54
Episode: 3929/7000 | Episode reward:   915.89 | Episode steps: 2500 | Average reward:   576.96 | Step Count: 6162610 | Episode Q0:    47.54
Episode: 3930/7000 | Episode reward:  1012.20 | Episode steps: 2500 | Average reward:   640.37 | Step Count: 6165110 | Episode Q0:    48.68
Episode: 3931/7000 | Episode reward:   753.12 | Episode steps: 2500 | Average reward:   669.70 | Step Count: 6167610 | Episode Q0:    48.68
Episode: 3932/7000 | Episode reward:  1038.72 | Episode steps: 2500 | Average reward:   728.67 | Step Count: 6170110 | Episode Q0:    48.68
Episode: 3933/7000 | Episode reward:   868.15 | Episode steps: 2500 | Average reward:   787.46 | Step Count: 6172610 | Episode Q0:    48.68
Episode: 3934/7000 | Episode reward:  1238.55 | Episode steps: 2500 | Average reward:   845.55 | Step Count: 6175110 | Episode Q0:    48.68
Episode: 3935/7000 | Episode reward:   889.27 | Episode steps: 2500 | Average reward:   825.43 | Step Count: 6177610 | Episode Q0:    48.68
Episode: 3936/7000 | Episode reward:  1012.80 | Episode steps: 2500 | Average reward:   890.41 | Step Count: 6180110 | Episode Q0:    48.68
Episode: 3937/7000 | Episode reward:  1082.91 | Episode steps: 2500 | Average reward:   900.89 | Step Count: 6182610 | Episode Q0:    48.68
Episode: 3938/7000 | Episode reward:   871.20 | Episode steps: 2500 | Average reward:   968.28 | Step Count: 6185110 | Episode Q0:    48.68
Episode: 3939/7000 | Episode reward:   722.25 | Episode steps: 1725 | Average reward:   948.92 | Step Count: 6186835 | Episode Q0:    48.68
Episode: 3940/7000 | Episode reward:   809.92 | Episode steps: 2500 | Average reward:   928.69 | Step Count: 6189335 | Episode Q0:    48.68
Episode: 3941/7000 | Episode reward:   692.40 | Episode steps: 2500 | Average reward:   922.62 | Step Count: 6191835 | Episode Q0:    48.68
Episode: 3942/7000 | Episode reward:   966.20 | Episode steps: 2500 | Average reward:   915.37 | Step Count: 6194335 | Episode Q0:    48.68
Episode: 3943/7000 | Episode reward:   952.09 | Episode steps: 2500 | Average reward:   923.76 | Step Count: 6196835 | Episode Q0:    48.68
Episode: 3944/7000 | Episode reward:  1055.30 | Episode steps: 2500 | Average reward:   905.43 | Step Count: 6199335 | Episode Q0:    48.68
Episode: 3945/7000 | Episode reward:  1193.99 | Episode steps: 2500 | Average reward:   935.91 | Step Count: 6201835 | Episode Q0:    48.68
Episode: 3946/7000 | Episode reward:   914.18 | Episode steps: 2500 | Average reward:   926.04 | Step Count: 6204335 | Episode Q0:    48.68
Episode: 3947/7000 | Episode reward:   994.25 | Episode steps: 2500 | Average reward:   917.18 | Step Count: 6206835 | Episode Q0:    48.68
Episode: 3948/7000 | Episode reward:  1214.56 | Episode steps: 2500 | Average reward:   951.51 | Step Count: 6209335 | Episode Q0:    48.68
Episode: 3949/7000 | Episode reward:   805.42 | Episode steps: 2500 | Average reward:   959.83 | Step Count: 6211835 | Episode Q0:    48.68
Episode: 3950/7000 | Episode reward:  1001.18 | Episode steps: 2500 | Average reward:   978.96 | Step Count: 6214335 | Episode Q0:    48.68
Episode: 3951/7000 | Episode reward:   907.43 | Episode steps: 2500 | Average reward:  1000.46 | Step Count: 6216835 | Episode Q0:    48.68
Episode: 3952/7000 | Episode reward:   905.95 | Episode steps: 2500 | Average reward:   994.43 | Step Count: 6219335 | Episode Q0:    48.68
Episode: 3953/7000 | Episode reward:  1090.87 | Episode steps: 2500 | Average reward:  1008.31 | Step Count: 6221835 | Episode Q0:    48.68
Episode: 3954/7000 | Episode reward:   831.95 | Episode steps: 2500 | Average reward:   985.98 | Step Count: 6224335 | Episode Q0:    48.68
Episode: 3955/7000 | Episode reward:   998.63 | Episode steps: 2500 | Average reward:   966.44 | Step Count: 6226835 | Episode Q0:    48.68
Episode: 3956/7000 | Episode reward:   930.41 | Episode steps: 2500 | Average reward:   968.06 | Step Count: 6229335 | Episode Q0:    47.18
Episode: 3957/7000 | Episode reward:   510.94 | Episode steps: 1212 | Average reward:   919.73 | Step Count: 6230547 | Episode Q0:    47.18
Episode: 3958/7000 | Episode reward:   452.95 | Episode steps: 1584 | Average reward:   843.57 | Step Count: 6232131 | Episode Q0:    47.18
Episode: 3959/7000 | Episode reward:   497.00 | Episode steps: 1740 | Average reward:   812.73 | Step Count: 6233871 | Episode Q0:    47.18
Episode: 3960/7000 | Episode reward:  1137.30 | Episode steps: 2500 | Average reward:   826.34 | Step Count: 6236371 | Episode Q0:    47.18
Episode: 3961/7000 | Episode reward:   440.78 | Episode steps: 1500 | Average reward:   779.68 | Step Count: 6237871 | Episode Q0:    47.18
Episode: 3962/7000 | Episode reward:   803.70 | Episode steps: 2500 | Average reward:   769.45 | Step Count: 6240371 | Episode Q0:    47.18
Episode: 3963/7000 | Episode reward:   192.64 | Episode steps:  715 | Average reward:   679.63 | Step Count: 6241086 | Episode Q0:    47.18
Episode: 3964/7000 | Episode reward:   293.37 | Episode steps:  651 | Average reward:   625.77 | Step Count: 6241737 | Episode Q0:    47.18
Episode: 3965/7000 | Episode reward:   764.37 | Episode steps: 2500 | Average reward:   602.35 | Step Count: 6244237 | Episode Q0:    47.18
Episode: 3966/7000 | Episode reward:   635.94 | Episode steps: 1648 | Average reward:   572.90 | Step Count: 6245885 | Episode Q0:    47.18
Episode: 3967/7000 | Episode reward:   754.43 | Episode steps: 2500 | Average reward:   597.25 | Step Count: 6248385 | Episode Q0:    47.18
Episode: 3968/7000 | Episode reward:   224.11 | Episode steps:  573 | Average reward:   574.36 | Step Count: 6248958 | Episode Q0:    47.18
Episode: 3969/7000 | Episode reward:   487.39 | Episode steps: 1675 | Average reward:   573.40 | Step Count: 6250633 | Episode Q0:    47.18
Episode: 3970/7000 | Episode reward:   440.47 | Episode steps: 1380 | Average reward:   503.72 | Step Count: 6252013 | Episode Q0:    47.18
Episode: 3971/7000 | Episode reward:   201.56 | Episode steps:  678 | Average reward:   479.80 | Step Count: 6252691 | Episode Q0:    47.18
Episode: 3972/7000 | Episode reward:   788.03 | Episode steps: 1858 | Average reward:   478.23 | Step Count: 6254549 | Episode Q0:    47.18
Episode: 3973/7000 | Episode reward:   845.35 | Episode steps: 2500 | Average reward:   543.50 | Step Count: 6257049 | Episode Q0:    47.18
Episode: 3974/7000 | Episode reward:   124.52 | Episode steps:  368 | Average reward:   526.62 | Step Count: 6257417 | Episode Q0:    47.18
Episode: 3975/7000 | Episode reward:   875.49 | Episode steps: 2500 | Average reward:   537.73 | Step Count: 6259917 | Episode Q0:    50.97
Episode: 3976/7000 | Episode reward:  1014.23 | Episode steps: 2500 | Average reward:   575.56 | Step Count: 6262417 | Episode Q0:    50.97
Episode: 3977/7000 | Episode reward:   876.40 | Episode steps: 2189 | Average reward:   587.75 | Step Count: 6264606 | Episode Q0:    50.97
Episode: 3978/7000 | Episode reward:   189.79 | Episode steps: 1315 | Average reward:   584.32 | Step Count: 6265921 | Episode Q0:    50.97
Episode: 3979/7000 | Episode reward:   525.64 | Episode steps: 1952 | Average reward:   588.15 | Step Count: 6267873 | Episode Q0:    50.97
Episode: 3980/7000 | Episode reward:   989.48 | Episode steps: 2500 | Average reward:   643.05 | Step Count: 6270373 | Episode Q0:    50.97
Episode: 3981/7000 | Episode reward:   996.93 | Episode steps: 2500 | Average reward:   722.59 | Step Count: 6272873 | Episode Q0:    50.97
Episode: 3982/7000 | Episode reward:   924.29 | Episode steps: 2257 | Average reward:   736.21 | Step Count: 6275130 | Episode Q0:    50.97
Episode: 3983/7000 | Episode reward:   700.46 | Episode steps: 2013 | Average reward:   721.72 | Step Count: 6277143 | Episode Q0:    50.97
Episode: 3984/7000 | Episode reward:   485.16 | Episode steps: 2305 | Average reward:   757.79 | Step Count: 6279448 | Episode Q0:    50.97
Episode: 3985/7000 | Episode reward:   940.00 | Episode steps: 2500 | Average reward:   764.24 | Step Count: 6281948 | Episode Q0:    50.97
Episode: 3986/7000 | Episode reward:  1019.02 | Episode steps: 2500 | Average reward:   764.72 | Step Count: 6284448 | Episode Q0:    50.97
Episode: 3987/7000 | Episode reward:   538.39 | Episode steps: 2271 | Average reward:   730.91 | Step Count: 6286719 | Episode Q0:    50.97
Episode: 3988/7000 | Episode reward:   984.42 | Episode steps: 2500 | Average reward:   810.38 | Step Count: 6289219 | Episode Q0:    50.97
Episode: 3989/7000 | Episode reward:   792.99 | Episode steps: 2500 | Average reward:   837.11 | Step Count: 6291719 | Episode Q0:    50.97
Episode: 3990/7000 | Episode reward:   886.32 | Episode steps: 2500 | Average reward:   826.80 | Step Count: 6294219 | Episode Q0:    50.97
Episode: 3991/7000 | Episode reward:   811.16 | Episode steps: 1942 | Average reward:   808.22 | Step Count: 6296161 | Episode Q0:    50.97
Episode: 3992/7000 | Episode reward:   520.42 | Episode steps: 1811 | Average reward:   767.83 | Step Count: 6297972 | Episode Q0:    50.97
Episode: 3993/7000 | Episode reward:   904.88 | Episode steps: 2500 | Average reward:   788.27 | Step Count: 6300472 | Episode Q0:    50.97
Episode: 3994/7000 | Episode reward:   572.97 | Episode steps: 1705 | Average reward:   797.06 | Step Count: 6302177 | Episode Q0:    50.97
Episode: 3995/7000 | Episode reward:   982.22 | Episode steps: 2500 | Average reward:   801.28 | Step Count: 6304677 | Episode Q0:    50.97
Episode: 3996/7000 | Episode reward:   480.50 | Episode steps: 1963 | Average reward:   747.43 | Step Count: 6306640 | Episode Q0:    50.97
Episode: 3997/7000 | Episode reward:   950.54 | Episode steps: 2500 | Average reward:   788.64 | Step Count: 6309140 | Episode Q0:    50.97
Episode: 3998/7000 | Episode reward:  1178.35 | Episode steps: 2500 | Average reward:   808.04 | Step Count: 6311640 | Episode Q0:    50.97
Episode: 3999/7000 | Episode reward:  1025.82 | Episode steps: 2500 | Average reward:   831.32 | Step Count: 6314140 | Episode Q0:    50.97
Episode: 4000/7000 | Episode reward:   951.56 | Episode steps: 2500 | Average reward:   837.84 | Step Count: 6316640 | Episode Q0:    51.51
Episode: 4001/7000 | Episode reward:   841.31 | Episode steps: 2500 | Average reward:   840.86 | Step Count: 6319140 | Episode Q0:    51.51
Episode: 4002/7000 | Episode reward:   871.61 | Episode steps: 2500 | Average reward:   875.97 | Step Count: 6321640 | Episode Q0:    51.51
Episode: 4003/7000 | Episode reward:   937.88 | Episode steps: 2500 | Average reward:   879.28 | Step Count: 6324140 | Episode Q0:    51.51
Episode: 4004/7000 | Episode reward:   931.99 | Episode steps: 2500 | Average reward:   915.18 | Step Count: 6326640 | Episode Q0:    51.51
Episode: 4005/7000 | Episode reward:  1180.39 | Episode steps: 2500 | Average reward:   935.00 | Step Count: 6329140 | Episode Q0:    51.51
Episode: 4006/7000 | Episode reward:   838.73 | Episode steps: 2500 | Average reward:   970.82 | Step Count: 6331640 | Episode Q0:    51.51
Episode: 4007/7000 | Episode reward:   860.90 | Episode steps: 2500 | Average reward:   961.85 | Step Count: 6334140 | Episode Q0:    51.51
Episode: 4008/7000 | Episode reward:   636.55 | Episode steps: 2500 | Average reward:   907.67 | Step Count: 6336640 | Episode Q0:    51.51
Episode: 4009/7000 | Episode reward:   642.91 | Episode steps: 2500 | Average reward:   869.38 | Step Count: 6339140 | Episode Q0:    51.51
Episode: 4010/7000 | Episode reward:   967.55 | Episode steps: 2500 | Average reward:   870.98 | Step Count: 6341640 | Episode Q0:    51.51
Episode: 4011/7000 | Episode reward:   842.88 | Episode steps: 2500 | Average reward:   871.14 | Step Count: 6344140 | Episode Q0:    51.51
Episode: 4012/7000 | Episode reward:   872.71 | Episode steps: 2500 | Average reward:   871.25 | Step Count: 6346640 | Episode Q0:    51.51
Episode: 4013/7000 | Episode reward:  1011.50 | Episode steps: 2500 | Average reward:   878.61 | Step Count: 6349140 | Episode Q0:    51.51
Episode: 4014/7000 | Episode reward:  1040.41 | Episode steps: 2500 | Average reward:   889.45 | Step Count: 6351640 | Episode Q0:    51.51
Episode: 4015/7000 | Episode reward:   903.64 | Episode steps: 2500 | Average reward:   861.78 | Step Count: 6354140 | Episode Q0:    51.51
Episode: 4016/7000 | Episode reward:  1072.47 | Episode steps: 2500 | Average reward:   885.15 | Step Count: 6356640 | Episode Q0:    51.51
Episode: 4017/7000 | Episode reward:   935.05 | Episode steps: 2500 | Average reward:   892.57 | Step Count: 6359140 | Episode Q0:    51.51
Episode: 4018/7000 | Episode reward:   918.98 | Episode steps: 2500 | Average reward:   920.81 | Step Count: 6361640 | Episode Q0:    51.51
Episode: 4019/7000 | Episode reward:  1066.47 | Episode steps: 2500 | Average reward:   963.16 | Step Count: 6364140 | Episode Q0:    47.35
Episode: 4020/7000 | Episode reward:   997.70 | Episode steps: 2500 | Average reward:   966.18 | Step Count: 6366640 | Episode Q0:    47.35
Episode: 4021/7000 | Episode reward:   323.94 | Episode steps:  635 | Average reward:   914.29 | Step Count: 6367275 | Episode Q0:    47.35
Episode: 4022/7000 | Episode reward:  1126.88 | Episode steps: 2500 | Average reward:   939.70 | Step Count: 6369775 | Episode Q0:    47.35
Episode: 4023/7000 | Episode reward:  1189.39 | Episode steps: 2500 | Average reward:   957.49 | Step Count: 6372275 | Episode Q0:    47.35
Episode: 4024/7000 | Episode reward:   968.96 | Episode steps: 2500 | Average reward:   950.35 | Step Count: 6374775 | Episode Q0:    47.35
Episode: 4025/7000 | Episode reward:  1145.72 | Episode steps: 2500 | Average reward:   974.56 | Step Count: 6377275 | Episode Q0:    47.35
Episode: 4026/7000 | Episode reward:  1017.25 | Episode steps: 2500 | Average reward:   969.03 | Step Count: 6379775 | Episode Q0:    47.35
Episode: 4027/7000 | Episode reward:  1128.29 | Episode steps: 2500 | Average reward:   988.36 | Step Count: 6382275 | Episode Q0:    47.35
Episode: 4028/7000 | Episode reward:   895.73 | Episode steps: 2500 | Average reward:   986.03 | Step Count: 6384775 | Episode Q0:    47.35
Episode: 4029/7000 | Episode reward:   984.05 | Episode steps: 2500 | Average reward:   977.79 | Step Count: 6387275 | Episode Q0:    47.35
Episode: 4030/7000 | Episode reward:  1101.16 | Episode steps: 2500 | Average reward:   988.14 | Step Count: 6389775 | Episode Q0:    47.35
Episode: 4031/7000 | Episode reward:  1013.20 | Episode steps: 2500 | Average reward:  1057.06 | Step Count: 6392275 | Episode Q0:    47.35
Episode: 4032/7000 | Episode reward:   400.14 | Episode steps:  908 | Average reward:   984.39 | Step Count: 6393183 | Episode Q0:    47.35
Episode: 4033/7000 | Episode reward:  1051.85 | Episode steps: 2500 | Average reward:   970.64 | Step Count: 6395683 | Episode Q0:    47.35
Episode: 4034/7000 | Episode reward:  1064.28 | Episode steps: 2500 | Average reward:   980.17 | Step Count: 6398183 | Episode Q0:    47.35
Episode: 4035/7000 | Episode reward:   707.78 | Episode steps: 2500 | Average reward:   936.37 | Step Count: 6400683 | Episode Q0:    47.35
Episode: 4036/7000 | Episode reward:  1186.30 | Episode steps: 2500 | Average reward:   953.28 | Step Count: 6403183 | Episode Q0:    47.35
Episode: 4037/7000 | Episode reward:  1013.68 | Episode steps: 2500 | Average reward:   941.82 | Step Count: 6405683 | Episode Q0:    47.35
Episode: 4038/7000 | Episode reward:  1110.85 | Episode steps: 2500 | Average reward:   963.33 | Step Count: 6408183 | Episode Q0:    47.35
Episode: 4039/7000 | Episode reward:  1010.65 | Episode steps: 2500 | Average reward:   965.99 | Step Count: 6410683 | Episode Q0:    47.35
Episode: 4040/7000 | Episode reward:  1097.91 | Episode steps: 2500 | Average reward:   965.66 | Step Count: 6413183 | Episode Q0:    47.35
Episode: 4041/7000 | Episode reward:   938.42 | Episode steps: 2500 | Average reward:   958.19 | Step Count: 6415683 | Episode Q0:    47.35
Episode: 4042/7000 | Episode reward:  1182.72 | Episode steps: 2500 | Average reward:  1036.44 | Step Count: 6418183 | Episode Q0:    47.35
Episode: 4043/7000 | Episode reward:  1266.00 | Episode steps: 2500 | Average reward:  1057.86 | Step Count: 6420683 | Episode Q0:    47.35
Episode: 4044/7000 | Episode reward:  1006.19 | Episode steps: 2500 | Average reward:  1052.05 | Step Count: 6423183 | Episode Q0:    49.44
Episode: 4045/7000 | Episode reward:  1145.56 | Episode steps: 2500 | Average reward:  1095.83 | Step Count: 6425683 | Episode Q0:    49.44
Episode: 4046/7000 | Episode reward:   794.08 | Episode steps: 2500 | Average reward:  1056.61 | Step Count: 6428183 | Episode Q0:    49.44
Episode: 4047/7000 | Episode reward:  1141.71 | Episode steps: 2500 | Average reward:  1069.41 | Step Count: 6430683 | Episode Q0:    49.44
Episode: 4048/7000 | Episode reward:   931.59 | Episode steps: 2500 | Average reward:  1051.48 | Step Count: 6433183 | Episode Q0:    49.44
Episode: 4049/7000 | Episode reward:   554.27 | Episode steps: 2500 | Average reward:  1005.84 | Step Count: 6435683 | Episode Q0:    49.44
Episode: 4050/7000 | Episode reward:  1091.34 | Episode steps: 2500 | Average reward:  1005.19 | Step Count: 6438183 | Episode Q0:    49.44
Episode: 4051/7000 | Episode reward:  1131.62 | Episode steps: 2500 | Average reward:  1024.51 | Step Count: 6440683 | Episode Q0:    49.44
Episode: 4052/7000 | Episode reward:   552.54 | Episode steps: 1751 | Average reward:   961.49 | Step Count: 6442434 | Episode Q0:    49.44
Episode: 4053/7000 | Episode reward:   981.28 | Episode steps: 2500 | Average reward:   933.02 | Step Count: 6444934 | Episode Q0:    49.44
Episode: 4054/7000 | Episode reward:   759.70 | Episode steps: 2500 | Average reward:   908.37 | Step Count: 6447434 | Episode Q0:    49.44
Episode: 4055/7000 | Episode reward:   988.49 | Episode steps: 2500 | Average reward:   892.66 | Step Count: 6449934 | Episode Q0:    49.44
Episode: 4056/7000 | Episode reward:   945.18 | Episode steps: 2500 | Average reward:   907.77 | Step Count: 6452434 | Episode Q0:    49.44
Episode: 4057/7000 | Episode reward:  1247.01 | Episode steps: 2500 | Average reward:   918.30 | Step Count: 6454934 | Episode Q0:    49.44
Episode: 4058/7000 | Episode reward:   987.71 | Episode steps: 2381 | Average reward:   923.92 | Step Count: 6457315 | Episode Q0:    49.44
Episode: 4059/7000 | Episode reward:   640.09 | Episode steps: 2500 | Average reward:   932.50 | Step Count: 6459815 | Episode Q0:    49.44
Episode: 4060/7000 | Episode reward:  1009.08 | Episode steps: 2500 | Average reward:   924.27 | Step Count: 6462315 | Episode Q0:    49.44
Episode: 4061/7000 | Episode reward:   840.34 | Episode steps: 2500 | Average reward:   895.14 | Step Count: 6464815 | Episode Q0:    49.44
Episode: 4062/7000 | Episode reward:   995.01 | Episode steps: 2025 | Average reward:   939.39 | Step Count: 6466840 | Episode Q0:    49.44
Episode: 4063/7000 | Episode reward:   864.59 | Episode steps: 2212 | Average reward:   927.72 | Step Count: 6469052 | Episode Q0:    49.40
Episode: 4064/7000 | Episode reward:   392.42 | Episode steps: 1336 | Average reward:   890.99 | Step Count: 6470388 | Episode Q0:    49.40
Episode: 4065/7000 | Episode reward:   796.44 | Episode steps: 2500 | Average reward:   871.79 | Step Count: 6472888 | Episode Q0:    49.40
Episode: 4066/7000 | Episode reward:   831.56 | Episode steps: 2500 | Average reward:   860.43 | Step Count: 6475388 | Episode Q0:    49.40
Episode: 4067/7000 | Episode reward:   669.09 | Episode steps: 2500 | Average reward:   802.63 | Step Count: 6477888 | Episode Q0:    49.40
Episode: 4068/7000 | Episode reward:   333.88 | Episode steps: 1718 | Average reward:   737.25 | Step Count: 6479606 | Episode Q0:    49.40
Episode: 4069/7000 | Episode reward:   513.09 | Episode steps: 1599 | Average reward:   724.55 | Step Count: 6481205 | Episode Q0:    49.40
Episode: 4070/7000 | Episode reward:  1116.06 | Episode steps: 2500 | Average reward:   735.25 | Step Count: 6483705 | Episode Q0:    49.40
Episode: 4071/7000 | Episode reward:  1005.14 | Episode steps: 2500 | Average reward:   751.73 | Step Count: 6486205 | Episode Q0:    49.40
Episode: 4072/7000 | Episode reward:   987.14 | Episode steps: 2500 | Average reward:   750.94 | Step Count: 6488705 | Episode Q0:    49.40
Episode: 4073/7000 | Episode reward:   853.02 | Episode steps: 2500 | Average reward:   749.78 | Step Count: 6491205 | Episode Q0:    49.40
Episode: 4074/7000 | Episode reward:   963.38 | Episode steps: 2500 | Average reward:   806.88 | Step Count: 6493705 | Episode Q0:    49.40
Episode: 4075/7000 | Episode reward:   604.36 | Episode steps: 2500 | Average reward:   787.67 | Step Count: 6496205 | Episode Q0:    49.40
Episode: 4076/7000 | Episode reward:   680.90 | Episode steps: 2500 | Average reward:   772.61 | Step Count: 6498705 | Episode Q0:    49.40
Episode: 4077/7000 | Episode reward:   764.83 | Episode steps: 2500 | Average reward:   782.18 | Step Count: 6501205 | Episode Q0:    49.40
Episode: 4078/7000 | Episode reward:   688.03 | Episode steps: 2500 | Average reward:   817.60 | Step Count: 6503705 | Episode Q0:    49.40
Episode: 4079/7000 | Episode reward:   845.25 | Episode steps: 2500 | Average reward:   850.81 | Step Count: 6506205 | Episode Q0:    49.40
Episode: 4080/7000 | Episode reward:  1028.60 | Episode steps: 2500 | Average reward:   842.07 | Step Count: 6508705 | Episode Q0:    49.40
Episode: 4081/7000 | Episode reward:   987.76 | Episode steps: 2500 | Average reward:   840.33 | Step Count: 6511205 | Episode Q0:    49.40
Episode: 4082/7000 | Episode reward:   682.83 | Episode steps: 1902 | Average reward:   809.90 | Step Count: 6513107 | Episode Q0:    49.40
Episode: 4083/7000 | Episode reward:   694.30 | Episode steps: 2500 | Average reward:   794.03 | Step Count: 6515607 | Episode Q0:    49.40
Episode: 4084/7000 | Episode reward:   833.46 | Episode steps: 2500 | Average reward:   781.03 | Step Count: 6518107 | Episode Q0:    49.40
Episode: 4085/7000 | Episode reward:   995.76 | Episode steps: 2500 | Average reward:   820.17 | Step Count: 6520607 | Episode Q0:    49.40
Episode: 4086/7000 | Episode reward:   238.14 | Episode steps:  490 | Average reward:   775.90 | Step Count: 6521097 | Episode Q0:    49.40
Episode: 4087/7000 | Episode reward:   813.49 | Episode steps: 2500 | Average reward:   780.76 | Step Count: 6523597 | Episode Q0:    49.40
Episode: 4088/7000 | Episode reward:   273.97 | Episode steps:  491 | Average reward:   739.36 | Step Count: 6524088 | Episode Q0:    49.40
Episode: 4089/7000 | Episode reward:   545.40 | Episode steps: 1936 | Average reward:   709.37 | Step Count: 6526024 | Episode Q0:    46.93
Episode: 4090/7000 | Episode reward:   595.46 | Episode steps: 2500 | Average reward:   666.06 | Step Count: 6528524 | Episode Q0:    46.93
Episode: 4091/7000 | Episode reward:   902.60 | Episode steps: 2500 | Average reward:   657.54 | Step Count: 6531024 | Episode Q0:    46.93
Episode: 4092/7000 | Episode reward:   876.13 | Episode steps: 2500 | Average reward:   676.87 | Step Count: 6533524 | Episode Q0:    46.93
Episode: 4093/7000 | Episode reward:   660.91 | Episode steps: 2099 | Average reward:   673.53 | Step Count: 6535623 | Episode Q0:    46.93
Episode: 4094/7000 | Episode reward:   114.24 | Episode steps:  203 | Average reward:   601.61 | Step Count: 6535826 | Episode Q0:    46.93
Episode: 4095/7000 | Episode reward:    92.85 | Episode steps:  319 | Average reward:   511.32 | Step Count: 6536145 | Episode Q0:    46.93
Episode: 4096/7000 | Episode reward:   954.19 | Episode steps: 2500 | Average reward:   582.92 | Step Count: 6538645 | Episode Q0:    46.93
Episode: 4097/7000 | Episode reward:   608.70 | Episode steps: 2500 | Average reward:   562.45 | Step Count: 6541145 | Episode Q0:    46.93
Episode: 4098/7000 | Episode reward:   202.30 | Episode steps:  449 | Average reward:   555.28 | Step Count: 6541594 | Episode Q0:    46.93
Episode: 4099/7000 | Episode reward:   841.50 | Episode steps: 2500 | Average reward:   584.89 | Step Count: 6544094 | Episode Q0:    46.93
Episode: 4100/7000 | Episode reward:   445.59 | Episode steps: 1059 | Average reward:   569.90 | Step Count: 6545153 | Episode Q0:    46.93
Episode: 4101/7000 | Episode reward:   996.49 | Episode steps: 2500 | Average reward:   579.29 | Step Count: 6547653 | Episode Q0:    46.93
Episode: 4102/7000 | Episode reward:   246.32 | Episode steps:  699 | Average reward:   516.31 | Step Count: 6548352 | Episode Q0:    46.93
Episode: 4103/7000 | Episode reward:   850.32 | Episode steps: 2500 | Average reward:   535.25 | Step Count: 6550852 | Episode Q0:    46.93
Episode: 4104/7000 | Episode reward:   994.36 | Episode steps: 2500 | Average reward:   623.26 | Step Count: 6553352 | Episode Q0:    46.93
Episode: 4105/7000 | Episode reward:   737.28 | Episode steps: 2500 | Average reward:   687.70 | Step Count: 6555852 | Episode Q0:    46.93
Episode: 4106/7000 | Episode reward:   942.72 | Episode steps: 2500 | Average reward:   686.56 | Step Count: 6558352 | Episode Q0:    46.93
Episode: 4107/7000 | Episode reward:   708.25 | Episode steps: 2500 | Average reward:   696.51 | Step Count: 6560852 | Episode Q0:    46.91
Episode: 4108/7000 | Episode reward:   676.95 | Episode steps: 2118 | Average reward:   743.98 | Step Count: 6562970 | Episode Q0:    46.91
Episode: 4109/7000 | Episode reward:  1054.30 | Episode steps: 2500 | Average reward:   765.26 | Step Count: 6565470 | Episode Q0:    46.91
Episode: 4110/7000 | Episode reward:  1018.52 | Episode steps: 2500 | Average reward:   822.55 | Step Count: 6567970 | Episode Q0:    46.91
Episode: 4111/7000 | Episode reward:   468.22 | Episode steps: 2500 | Average reward:   769.72 | Step Count: 6570470 | Episode Q0:    46.91
Episode: 4112/7000 | Episode reward:   868.88 | Episode steps: 2500 | Average reward:   831.98 | Step Count: 6572970 | Episode Q0:    46.91
Episode: 4113/7000 | Episode reward:   683.78 | Episode steps: 2500 | Average reward:   815.33 | Step Count: 6575470 | Episode Q0:    46.91
Episode: 4114/7000 | Episode reward:   978.35 | Episode steps: 2500 | Average reward:   813.72 | Step Count: 6577970 | Episode Q0:    46.91
Episode: 4115/7000 | Episode reward:  1044.40 | Episode steps: 2500 | Average reward:   844.44 | Step Count: 6580470 | Episode Q0:    46.91
Episode: 4116/7000 | Episode reward:   461.18 | Episode steps: 1502 | Average reward:   796.28 | Step Count: 6581972 | Episode Q0:    46.91
Episode: 4117/7000 | Episode reward:   288.64 | Episode steps: 1177 | Average reward:   754.32 | Step Count: 6583149 | Episode Q0:    46.91
Episode: 4118/7000 | Episode reward:   860.78 | Episode steps: 2500 | Average reward:   772.70 | Step Count: 6585649 | Episode Q0:    46.91
Episode: 4119/7000 | Episode reward:   888.15 | Episode steps: 2500 | Average reward:   756.09 | Step Count: 6588149 | Episode Q0:    46.91
Episode: 4120/7000 | Episode reward:   915.04 | Episode steps: 2500 | Average reward:   745.74 | Step Count: 6590649 | Episode Q0:    46.91
Episode: 4121/7000 | Episode reward:  1017.85 | Episode steps: 2500 | Average reward:   800.71 | Step Count: 6593149 | Episode Q0:    46.91
Episode: 4122/7000 | Episode reward:   932.85 | Episode steps: 2500 | Average reward:   807.10 | Step Count: 6595649 | Episode Q0:    46.91
Episode: 4123/7000 | Episode reward:   897.58 | Episode steps: 2500 | Average reward:   828.48 | Step Count: 6598149 | Episode Q0:    46.91
Episode: 4124/7000 | Episode reward:   942.04 | Episode steps: 2500 | Average reward:   824.85 | Step Count: 6600649 | Episode Q0:    46.91
Episode: 4125/7000 | Episode reward:   948.36 | Episode steps: 2500 | Average reward:   815.25 | Step Count: 6603149 | Episode Q0:    46.91
Episode: 4126/7000 | Episode reward:   673.14 | Episode steps: 2500 | Average reward:   836.44 | Step Count: 6605649 | Episode Q0:    46.91
Episode: 4127/7000 | Episode reward:   100.65 | Episode steps:  241 | Average reward:   817.64 | Step Count: 6605890 | Episode Q0:    46.91
Episode: 4128/7000 | Episode reward:   796.33 | Episode steps: 2500 | Average reward:   811.20 | Step Count: 6608390 | Episode Q0:    46.91
Episode: 4129/7000 | Episode reward:   703.16 | Episode steps: 2500 | Average reward:   792.70 | Step Count: 6610890 | Episode Q0:    46.91
Episode: 4130/7000 | Episode reward:   643.37 | Episode steps: 1777 | Average reward:   765.53 | Step Count: 6612667 | Episode Q0:    46.91
Episode: 4131/7000 | Episode reward:   777.56 | Episode steps: 2500 | Average reward:   741.50 | Step Count: 6615167 | Episode Q0:    46.91
Episode: 4132/7000 | Episode reward:   325.26 | Episode steps:  779 | Average reward:   680.75 | Step Count: 6615946 | Episode Q0:    46.91
Episode: 4133/7000 | Episode reward:   985.65 | Episode steps: 2500 | Average reward:   689.55 | Step Count: 6618446 | Episode Q0:    48.68
Episode: 4134/7000 | Episode reward:   734.85 | Episode steps: 2500 | Average reward:   668.83 | Step Count: 6620946 | Episode Q0:    48.68
Episode: 4135/7000 | Episode reward:   784.66 | Episode steps: 2500 | Average reward:   652.46 | Step Count: 6623446 | Episode Q0:    48.68
Episode: 4136/7000 | Episode reward:  1004.77 | Episode steps: 2500 | Average reward:   685.63 | Step Count: 6625946 | Episode Q0:    48.68
Episode: 4137/7000 | Episode reward:   740.05 | Episode steps: 2500 | Average reward:   749.57 | Step Count: 6628446 | Episode Q0:    48.68
Episode: 4138/7000 | Episode reward:  1109.26 | Episode steps: 2500 | Average reward:   780.86 | Step Count: 6630946 | Episode Q0:    48.68
Episode: 4139/7000 | Episode reward:   487.69 | Episode steps: 1618 | Average reward:   759.31 | Step Count: 6632564 | Episode Q0:    48.68
Episode: 4140/7000 | Episode reward:   722.76 | Episode steps: 2500 | Average reward:   767.25 | Step Count: 6635064 | Episode Q0:    48.68
Episode: 4141/7000 | Episode reward:   862.53 | Episode steps: 2500 | Average reward:   775.75 | Step Count: 6637564 | Episode Q0:    48.68
Episode: 4142/7000 | Episode reward:   789.92 | Episode steps: 2147 | Average reward:   822.21 | Step Count: 6639711 | Episode Q0:    48.68
Episode: 4143/7000 | Episode reward:  1039.25 | Episode steps: 2500 | Average reward:   827.57 | Step Count: 6642211 | Episode Q0:    48.68
Episode: 4144/7000 | Episode reward:   865.45 | Episode steps: 2500 | Average reward:   840.63 | Step Count: 6644711 | Episode Q0:    48.68
Episode: 4145/7000 | Episode reward:   927.39 | Episode steps: 2500 | Average reward:   854.91 | Step Count: 6647211 | Episode Q0:    48.68
Episode: 4146/7000 | Episode reward:   874.57 | Episode steps: 2500 | Average reward:   841.89 | Step Count: 6649711 | Episode Q0:    48.68
Episode: 4147/7000 | Episode reward:   465.46 | Episode steps: 2500 | Average reward:   814.43 | Step Count: 6652211 | Episode Q0:    48.68
Episode: 4148/7000 | Episode reward:   835.69 | Episode steps: 2125 | Average reward:   787.07 | Step Count: 6654336 | Episode Q0:    48.68
Episode: 4149/7000 | Episode reward:  1069.76 | Episode steps: 2500 | Average reward:   845.28 | Step Count: 6656836 | Episode Q0:    48.68
Episode: 4150/7000 | Episode reward:   576.04 | Episode steps: 1977 | Average reward:   830.61 | Step Count: 6658813 | Episode Q0:    48.68
Episode: 4151/7000 | Episode reward:   185.19 | Episode steps:  549 | Average reward:   762.87 | Step Count: 6659362 | Episode Q0:    48.68
Episode: 4152/7000 | Episode reward:   128.48 | Episode steps:  357 | Average reward:   696.73 | Step Count: 6659719 | Episode Q0:    48.68
Episode: 4153/7000 | Episode reward:   415.31 | Episode steps: 1391 | Average reward:   634.33 | Step Count: 6661110 | Episode Q0:    51.26
Episode: 4154/7000 | Episode reward:  1237.19 | Episode steps: 2500 | Average reward:   671.51 | Step Count: 6663610 | Episode Q0:    51.26
Episode: 4155/7000 | Episode reward:   482.27 | Episode steps: 1326 | Average reward:   627.00 | Step Count: 6664936 | Episode Q0:    51.26
Episode: 4156/7000 | Episode reward:   393.98 | Episode steps: 1701 | Average reward:   578.94 | Step Count: 6666637 | Episode Q0:    51.26
Episode: 4157/7000 | Episode reward:   258.37 | Episode steps:  763 | Average reward:   558.23 | Step Count: 6667400 | Episode Q0:    51.26
Episode: 4158/7000 | Episode reward:   321.07 | Episode steps: 1094 | Average reward:   506.77 | Step Count: 6668494 | Episode Q0:    51.26
Episode: 4159/7000 | Episode reward:   516.65 | Episode steps: 1466 | Average reward:   451.46 | Step Count: 6669960 | Episode Q0:    51.26
Episode: 4160/7000 | Episode reward:   546.84 | Episode steps: 1126 | Average reward:   448.54 | Step Count: 6671086 | Episode Q0:    51.26
Episode: 4161/7000 | Episode reward:  1064.76 | Episode steps: 2500 | Average reward:   536.49 | Step Count: 6673586 | Episode Q0:    51.26
Episode: 4162/7000 | Episode reward:   445.46 | Episode steps: 1139 | Average reward:   568.19 | Step Count: 6674725 | Episode Q0:    51.26
Episode: 4163/7000 | Episode reward:   432.35 | Episode steps: 1146 | Average reward:   569.90 | Step Count: 6675871 | Episode Q0:    51.26
Episode: 4164/7000 | Episode reward:   754.76 | Episode steps: 1851 | Average reward:   521.65 | Step Count: 6677722 | Episode Q0:    51.26
Episode: 4165/7000 | Episode reward:   701.30 | Episode steps: 2050 | Average reward:   543.56 | Step Count: 6679772 | Episode Q0:    51.26
Episode: 4166/7000 | Episode reward:   662.39 | Episode steps: 1838 | Average reward:   570.40 | Step Count: 6681610 | Episode Q0:    51.26
Episode: 4167/7000 | Episode reward:   448.60 | Episode steps: 1594 | Average reward:   589.42 | Step Count: 6683204 | Episode Q0:    51.26
Episode: 4168/7000 | Episode reward:   910.24 | Episode steps: 2318 | Average reward:   648.34 | Step Count: 6685522 | Episode Q0:    51.26
Episode: 4169/7000 | Episode reward:   511.68 | Episode steps: 1117 | Average reward:   647.84 | Step Count: 6686639 | Episode Q0:    51.26
Episode: 4170/7000 | Episode reward:   206.25 | Episode steps:  703 | Average reward:   613.78 | Step Count: 6687342 | Episode Q0:    51.26
Episode: 4171/7000 | Episode reward:   193.21 | Episode steps:  634 | Average reward:   526.62 | Step Count: 6687976 | Episode Q0:    51.26
Episode: 4172/7000 | Episode reward:   373.74 | Episode steps:  861 | Average reward:   519.45 | Step Count: 6688837 | Episode Q0:    51.26
Episode: 4173/7000 | Episode reward:   341.17 | Episode steps:  961 | Average reward:   510.33 | Step Count: 6689798 | Episode Q0:    51.26
Episode: 4174/7000 | Episode reward:   596.40 | Episode steps: 1420 | Average reward:   494.50 | Step Count: 6691218 | Episode Q0:    51.26
Episode: 4175/7000 | Episode reward:   417.39 | Episode steps: 1232 | Average reward:   466.11 | Step Count: 6692450 | Episode Q0:    51.26
Episode: 4176/7000 | Episode reward:   303.01 | Episode steps:  780 | Average reward:   430.17 | Step Count: 6693230 | Episode Q0:    51.26
Episode: 4177/7000 | Episode reward:   839.65 | Episode steps: 2500 | Average reward:   469.27 | Step Count: 6695730 | Episode Q0:    50.00
Episode: 4178/7000 | Episode reward:   281.26 | Episode steps: 1140 | Average reward:   406.37 | Step Count: 6696870 | Episode Q0:    50.00
Episode: 4179/7000 | Episode reward:   205.02 | Episode steps: 1085 | Average reward:   375.71 | Step Count: 6697955 | Episode Q0:    50.00
Episode: 4180/7000 | Episode reward:   690.16 | Episode steps: 2500 | Average reward:   424.10 | Step Count: 6700455 | Episode Q0:    50.00
Episode: 4181/7000 | Episode reward:   705.69 | Episode steps: 2500 | Average reward:   475.35 | Step Count: 6702955 | Episode Q0:    50.00
Episode: 4182/7000 | Episode reward:   490.55 | Episode steps: 2500 | Average reward:   487.03 | Step Count: 6705455 | Episode Q0:    50.00
Episode: 4183/7000 | Episode reward:   751.86 | Episode steps: 2500 | Average reward:   528.10 | Step Count: 6707955 | Episode Q0:    50.00
Episode: 4184/7000 | Episode reward:   530.34 | Episode steps: 2500 | Average reward:   521.49 | Step Count: 6710455 | Episode Q0:    50.00
Episode: 4185/7000 | Episode reward:   875.01 | Episode steps: 2500 | Average reward:   567.25 | Step Count: 6712955 | Episode Q0:    50.00
Episode: 4186/7000 | Episode reward:   730.58 | Episode steps: 2500 | Average reward:   610.01 | Step Count: 6715455 | Episode Q0:    50.00
Episode: 4187/7000 | Episode reward:   893.15 | Episode steps: 2500 | Average reward:   615.36 | Step Count: 6717955 | Episode Q0:    50.00
Episode: 4188/7000 | Episode reward:   855.90 | Episode steps: 2500 | Average reward:   672.83 | Step Count: 6720455 | Episode Q0:    50.00
Episode: 4189/7000 | Episode reward:   737.11 | Episode steps: 2469 | Average reward:   726.03 | Step Count: 6722924 | Episode Q0:    50.00
Episode: 4190/7000 | Episode reward:   565.46 | Episode steps: 2500 | Average reward:   713.56 | Step Count: 6725424 | Episode Q0:    50.00
Episode: 4191/7000 | Episode reward:   706.09 | Episode steps: 2500 | Average reward:   713.60 | Step Count: 6727924 | Episode Q0:    50.00
Episode: 4192/7000 | Episode reward:   967.88 | Episode steps: 2500 | Average reward:   761.34 | Step Count: 6730424 | Episode Q0:    50.00
Episode: 4193/7000 | Episode reward:   690.05 | Episode steps: 2500 | Average reward:   755.16 | Step Count: 6732924 | Episode Q0:    50.00
Episode: 4194/7000 | Episode reward:   416.03 | Episode steps: 1466 | Average reward:   743.72 | Step Count: 6734390 | Episode Q0:    50.00
Episode: 4195/7000 | Episode reward:   723.95 | Episode steps: 2500 | Average reward:   728.62 | Step Count: 6736890 | Episode Q0:    50.00
Episode: 4196/7000 | Episode reward:   705.25 | Episode steps: 2500 | Average reward:   726.09 | Step Count: 6739390 | Episode Q0:    50.00
Episode: 4197/7000 | Episode reward:   103.49 | Episode steps:  307 | Average reward:   647.12 | Step Count: 6739697 | Episode Q0:    50.00
Episode: 4198/7000 | Episode reward:   275.02 | Episode steps: 1047 | Average reward:   589.03 | Step Count: 6740744 | Episode Q0:    50.00
Episode: 4199/7000 | Episode reward:   715.45 | Episode steps: 1546 | Average reward:   586.87 | Step Count: 6742290 | Episode Q0:    49.14
Episode: 4200/7000 | Episode reward:   656.15 | Episode steps: 1359 | Average reward:   595.94 | Step Count: 6743649 | Episode Q0:    49.14
Episode: 4201/7000 | Episode reward:  1069.38 | Episode steps: 2500 | Average reward:   632.26 | Step Count: 6746149 | Episode Q0:    49.14
Episode: 4202/7000 | Episode reward:   990.15 | Episode steps: 2376 | Average reward:   634.49 | Step Count: 6748525 | Episode Q0:    49.14
Episode: 4203/7000 | Episode reward:   304.64 | Episode steps: 1076 | Average reward:   595.95 | Step Count: 6749601 | Episode Q0:    49.14
Episode: 4204/7000 | Episode reward:   103.70 | Episode steps:  352 | Average reward:   564.72 | Step Count: 6749953 | Episode Q0:    49.14
Episode: 4205/7000 | Episode reward:   371.09 | Episode steps: 1334 | Average reward:   529.43 | Step Count: 6751287 | Episode Q0:    49.14
Episode: 4206/7000 | Episode reward:   303.88 | Episode steps: 1019 | Average reward:   489.30 | Step Count: 6752306 | Episode Q0:    49.14
Episode: 4207/7000 | Episode reward:   356.89 | Episode steps: 1077 | Average reward:   514.64 | Step Count: 6753383 | Episode Q0:    49.14
Episode: 4208/7000 | Episode reward:   677.86 | Episode steps: 1550 | Average reward:   554.92 | Step Count: 6754933 | Episode Q0:    49.14
Episode: 4209/7000 | Episode reward:   372.73 | Episode steps: 1087 | Average reward:   520.65 | Step Count: 6756020 | Episode Q0:    49.14
Episode: 4210/7000 | Episode reward:   140.95 | Episode steps:  391 | Average reward:   469.13 | Step Count: 6756411 | Episode Q0:    49.14
Episode: 4211/7000 | Episode reward:   568.89 | Episode steps: 1852 | Average reward:   419.08 | Step Count: 6758263 | Episode Q0:    49.14
Episode: 4212/7000 | Episode reward:   994.12 | Episode steps: 2500 | Average reward:   419.48 | Step Count: 6760763 | Episode Q0:    49.14
Episode: 4213/7000 | Episode reward:   476.34 | Episode steps: 1188 | Average reward:   436.65 | Step Count: 6761951 | Episode Q0:    49.14
Episode: 4214/7000 | Episode reward:   510.79 | Episode steps: 1448 | Average reward:   477.35 | Step Count: 6763399 | Episode Q0:    49.14
Episode: 4215/7000 | Episode reward:   435.66 | Episode steps:  991 | Average reward:   483.81 | Step Count: 6764390 | Episode Q0:    49.14
Episode: 4216/7000 | Episode reward:   239.04 | Episode steps:  820 | Average reward:   477.33 | Step Count: 6765210 | Episode Q0:    49.14
Episode: 4217/7000 | Episode reward:   379.41 | Episode steps: 1459 | Average reward:   479.58 | Step Count: 6766669 | Episode Q0:    49.14
Episode: 4218/7000 | Episode reward:   173.25 | Episode steps:  389 | Average reward:   429.12 | Step Count: 6767058 | Episode Q0:    49.14
Episode: 4219/7000 | Episode reward:   735.04 | Episode steps: 2053 | Average reward:   465.35 | Step Count: 6769111 | Episode Q0:    49.14
Episode: 4220/7000 | Episode reward:   470.01 | Episode steps: 1400 | Average reward:   498.25 | Step Count: 6770511 | Episode Q0:    49.14
Episode: 4221/7000 | Episode reward:   260.53 | Episode steps:  617 | Average reward:   467.42 | Step Count: 6771128 | Episode Q0:    49.14
Episode: 4222/7000 | Episode reward:   633.13 | Episode steps: 1696 | Average reward:   431.32 | Step Count: 6772824 | Episode Q0:    48.35
Episode: 4223/7000 | Episode reward:   194.77 | Episode steps:  415 | Average reward:   403.16 | Step Count: 6773239 | Episode Q0:    48.35
Episode: 4224/7000 | Episode reward:   551.81 | Episode steps: 2111 | Average reward:   407.27 | Step Count: 6775350 | Episode Q0:    48.35
Episode: 4225/7000 | Episode reward:   237.62 | Episode steps:  730 | Average reward:   387.46 | Step Count: 6776080 | Episode Q0:    48.35
Episode: 4226/7000 | Episode reward:   307.66 | Episode steps: 1270 | Average reward:   394.32 | Step Count: 6777350 | Episode Q0:    48.35
Episode: 4227/7000 | Episode reward:   523.43 | Episode steps: 1688 | Average reward:   408.73 | Step Count: 6779038 | Episode Q0:    48.35
Episode: 4228/7000 | Episode reward:   911.49 | Episode steps: 2492 | Average reward:   482.55 | Step Count: 6781530 | Episode Q0:    48.35
Episode: 4229/7000 | Episode reward:   254.72 | Episode steps: 1007 | Average reward:   434.52 | Step Count: 6782537 | Episode Q0:    48.35
Episode: 4230/7000 | Episode reward:   215.02 | Episode steps:  735 | Average reward:   409.02 | Step Count: 6783272 | Episode Q0:    48.35
Episode: 4231/7000 | Episode reward:   451.06 | Episode steps: 1148 | Average reward:   428.07 | Step Count: 6784420 | Episode Q0:    48.35
Episode: 4232/7000 | Episode reward:    95.82 | Episode steps:  301 | Average reward:   374.34 | Step Count: 6784721 | Episode Q0:    48.35
Episode: 4233/7000 | Episode reward:   643.93 | Episode steps: 1558 | Average reward:   419.26 | Step Count: 6786279 | Episode Q0:    48.35
Episode: 4234/7000 | Episode reward:   305.11 | Episode steps:  778 | Average reward:   394.58 | Step Count: 6787057 | Episode Q0:    48.35
Episode: 4235/7000 | Episode reward:   220.15 | Episode steps:  727 | Average reward:   392.84 | Step Count: 6787784 | Episode Q0:    48.35
Episode: 4236/7000 | Episode reward:   345.92 | Episode steps:  804 | Average reward:   396.66 | Step Count: 6788588 | Episode Q0:    48.35
Episode: 4237/7000 | Episode reward:   589.82 | Episode steps: 1810 | Average reward:   403.30 | Step Count: 6790398 | Episode Q0:    48.35
Episode: 4238/7000 | Episode reward:   564.00 | Episode steps: 1255 | Average reward:   368.55 | Step Count: 6791653 | Episode Q0:    48.35
Episode: 4239/7000 | Episode reward:   517.97 | Episode steps: 1231 | Average reward:   394.88 | Step Count: 6792884 | Episode Q0:    48.35
Episode: 4240/7000 | Episode reward:   256.80 | Episode steps:  537 | Average reward:   399.06 | Step Count: 6793421 | Episode Q0:    48.35
Episode: 4241/7000 | Episode reward:   136.89 | Episode steps:  384 | Average reward:   367.64 | Step Count: 6793805 | Episode Q0:    48.35
Episode: 4242/7000 | Episode reward:   413.34 | Episode steps: 1478 | Average reward:   399.39 | Step Count: 6795283 | Episode Q0:    48.35
Episode: 4243/7000 | Episode reward:   213.29 | Episode steps:  326 | Average reward:   356.33 | Step Count: 6795609 | Episode Q0:    48.35
Episode: 4244/7000 | Episode reward:   118.61 | Episode steps:  324 | Average reward:   337.68 | Step Count: 6795933 | Episode Q0:    48.35
Episode: 4245/7000 | Episode reward:   125.23 | Episode steps:  352 | Average reward:   328.19 | Step Count: 6796285 | Episode Q0:    48.35
Episode: 4246/7000 | Episode reward:   368.34 | Episode steps: 1220 | Average reward:   330.43 | Step Count: 6797505 | Episode Q0:    50.10
Episode: 4247/7000 | Episode reward:   674.57 | Episode steps: 1869 | Average reward:   338.90 | Step Count: 6799374 | Episode Q0:    50.10
Episode: 4248/7000 | Episode reward:   840.94 | Episode steps: 2500 | Average reward:   366.60 | Step Count: 6801874 | Episode Q0:    50.10
Episode: 4249/7000 | Episode reward:   943.42 | Episode steps: 2500 | Average reward:   409.14 | Step Count: 6804374 | Episode Q0:    50.10
Episode: 4250/7000 | Episode reward:   633.56 | Episode steps: 2500 | Average reward:   446.82 | Step Count: 6806874 | Episode Q0:    50.10
Episode: 4251/7000 | Episode reward:   424.65 | Episode steps: 1511 | Average reward:   475.59 | Step Count: 6808385 | Episode Q0:    50.10
Episode: 4252/7000 | Episode reward:   793.64 | Episode steps: 2500 | Average reward:   513.62 | Step Count: 6810885 | Episode Q0:    50.10
Episode: 4253/7000 | Episode reward:   669.76 | Episode steps: 2500 | Average reward:   559.27 | Step Count: 6813385 | Episode Q0:    50.10
Episode: 4254/7000 | Episode reward:   197.24 | Episode steps:  663 | Average reward:   567.13 | Step Count: 6814048 | Episode Q0:    50.10
Episode: 4255/7000 | Episode reward:   689.78 | Episode steps: 2500 | Average reward:   623.59 | Step Count: 6816548 | Episode Q0:    50.10
Episode: 4256/7000 | Episode reward:   162.31 | Episode steps:  333 | Average reward:   602.99 | Step Count: 6816881 | Episode Q0:    50.10
Episode: 4257/7000 | Episode reward:   835.34 | Episode steps: 2500 | Average reward:   619.06 | Step Count: 6819381 | Episode Q0:    50.10
Episode: 4258/7000 | Episode reward:   459.37 | Episode steps: 1157 | Average reward:   580.91 | Step Count: 6820538 | Episode Q0:    50.10
Episode: 4259/7000 | Episode reward:   109.04 | Episode steps:  238 | Average reward:   497.47 | Step Count: 6820776 | Episode Q0:    50.10
Episode: 4260/7000 | Episode reward:   661.10 | Episode steps: 2162 | Average reward:   500.22 | Step Count: 6822938 | Episode Q0:    50.10
Episode: 4261/7000 | Episode reward:   375.29 | Episode steps:  736 | Average reward:   495.29 | Step Count: 6823674 | Episode Q0:    50.10
Episode: 4262/7000 | Episode reward:   891.62 | Episode steps: 2500 | Average reward:   505.09 | Step Count: 6826174 | Episode Q0:    50.10
Episode: 4263/7000 | Episode reward:    59.90 | Episode steps:  167 | Average reward:   444.10 | Step Count: 6826341 | Episode Q0:    50.10
Episode: 4264/7000 | Episode reward:   146.82 | Episode steps:  346 | Average reward:   439.06 | Step Count: 6826687 | Episode Q0:    50.10
Episode: 4265/7000 | Episode reward:   849.34 | Episode steps: 2500 | Average reward:   455.01 | Step Count: 6829187 | Episode Q0:    50.10
Episode: 4266/7000 | Episode reward:   876.30 | Episode steps: 2500 | Average reward:   526.41 | Step Count: 6831687 | Episode Q0:    47.81
Episode: 4267/7000 | Episode reward:   889.10 | Episode steps: 2500 | Average reward:   531.79 | Step Count: 6834187 | Episode Q0:    47.81
Episode: 4268/7000 | Episode reward:   795.31 | Episode steps: 1435 | Average reward:   565.38 | Step Count: 6835622 | Episode Q0:    47.81
Episode: 4269/7000 | Episode reward:   327.85 | Episode steps:  995 | Average reward:   587.26 | Step Count: 6836617 | Episode Q0:    47.81
Episode: 4270/7000 | Episode reward:   750.53 | Episode steps: 1785 | Average reward:   596.21 | Step Count: 6838402 | Episode Q0:    47.81
Episode: 4271/7000 | Episode reward:   601.28 | Episode steps: 2363 | Average reward:   618.80 | Step Count: 6840765 | Episode Q0:    47.81
Episode: 4272/7000 | Episode reward:   670.93 | Episode steps: 2500 | Average reward:   596.73 | Step Count: 6843265 | Episode Q0:    47.81
Episode: 4273/7000 | Episode reward:   664.66 | Episode steps: 1933 | Average reward:   657.21 | Step Count: 6845198 | Episode Q0:    47.81
Episode: 4274/7000 | Episode reward:   408.50 | Episode steps: 1404 | Average reward:   683.38 | Step Count: 6846602 | Episode Q0:    47.81
Episode: 4275/7000 | Episode reward:   760.67 | Episode steps: 1809 | Average reward:   674.51 | Step Count: 6848411 | Episode Q0:    47.81
Episode: 4276/7000 | Episode reward:   835.01 | Episode steps: 1842 | Average reward:   670.38 | Step Count: 6850253 | Episode Q0:    47.81
Episode: 4277/7000 | Episode reward:   654.23 | Episode steps: 2076 | Average reward:   646.90 | Step Count: 6852329 | Episode Q0:    47.81
Episode: 4278/7000 | Episode reward:   211.73 | Episode steps:  718 | Average reward:   588.54 | Step Count: 6853047 | Episode Q0:    47.81
Episode: 4279/7000 | Episode reward:   901.15 | Episode steps: 2500 | Average reward:   645.87 | Step Count: 6855547 | Episode Q0:    47.81
Episode: 4280/7000 | Episode reward:   166.91 | Episode steps:  435 | Average reward:   587.51 | Step Count: 6855982 | Episode Q0:    47.81
Episode: 4281/7000 | Episode reward:   417.66 | Episode steps: 1231 | Average reward:   569.14 | Step Count: 6857213 | Episode Q0:    47.81
Episode: 4282/7000 | Episode reward:   637.48 | Episode steps: 2234 | Average reward:   565.80 | Step Count: 6859447 | Episode Q0:    47.81
Episode: 4283/7000 | Episode reward:   297.65 | Episode steps:  967 | Average reward:   529.10 | Step Count: 6860414 | Episode Q0:    47.81
Episode: 4284/7000 | Episode reward:   469.74 | Episode steps: 1733 | Average reward:   535.22 | Step Count: 6862147 | Episode Q0:    47.81
Episode: 4285/7000 | Episode reward:   215.72 | Episode steps:  573 | Average reward:   480.73 | Step Count: 6862720 | Episode Q0:    47.81
Episode: 4286/7000 | Episode reward:   667.46 | Episode steps: 1729 | Average reward:   463.97 | Step Count: 6864449 | Episode Q0:    47.81
Episode: 4287/7000 | Episode reward:   858.14 | Episode steps: 2314 | Average reward:   484.36 | Step Count: 6866763 | Episode Q0:    47.81
Episode: 4288/7000 | Episode reward:  1013.58 | Episode steps: 2500 | Average reward:   564.55 | Step Count: 6869263 | Episode Q0:    47.81
Episode: 4289/7000 | Episode reward:   680.84 | Episode steps: 1496 | Average reward:   542.52 | Step Count: 6870759 | Episode Q0:    47.81
Episode: 4290/7000 | Episode reward:   982.43 | Episode steps: 2500 | Average reward:   624.07 | Step Count: 6873259 | Episode Q0:    48.85
Episode: 4291/7000 | Episode reward:  1137.54 | Episode steps: 2500 | Average reward:   696.06 | Step Count: 6875759 | Episode Q0:    48.85
Episode: 4292/7000 | Episode reward:   878.35 | Episode steps: 2500 | Average reward:   720.14 | Step Count: 6878259 | Episode Q0:    48.85
Episode: 4293/7000 | Episode reward:   792.39 | Episode steps: 1968 | Average reward:   769.62 | Step Count: 6880227 | Episode Q0:    48.85
Episode: 4294/7000 | Episode reward:   400.04 | Episode steps: 1371 | Average reward:   762.65 | Step Count: 6881598 | Episode Q0:    48.85
Episode: 4295/7000 | Episode reward:   119.65 | Episode steps:  564 | Average reward:   753.04 | Step Count: 6882162 | Episode Q0:    48.85
Episode: 4296/7000 | Episode reward:  1243.33 | Episode steps: 2500 | Average reward:   810.63 | Step Count: 6884662 | Episode Q0:    48.85
Episode: 4297/7000 | Episode reward:   906.56 | Episode steps: 2500 | Average reward:   815.47 | Step Count: 6887162 | Episode Q0:    48.85
Episode: 4298/7000 | Episode reward:  1055.54 | Episode steps: 2500 | Average reward:   819.67 | Step Count: 6889662 | Episode Q0:    48.85
Episode: 4299/7000 | Episode reward:   406.72 | Episode steps: 1132 | Average reward:   792.25 | Step Count: 6890794 | Episode Q0:    48.85
Episode: 4300/7000 | Episode reward:  1056.81 | Episode steps: 2500 | Average reward:   799.69 | Step Count: 6893294 | Episode Q0:    48.85
Episode: 4301/7000 | Episode reward:   356.87 | Episode steps: 1032 | Average reward:   721.63 | Step Count: 6894326 | Episode Q0:    48.85
Episode: 4302/7000 | Episode reward:  1119.02 | Episode steps: 2500 | Average reward:   745.69 | Step Count: 6896826 | Episode Q0:    48.85
Episode: 4303/7000 | Episode reward:   788.92 | Episode steps: 2229 | Average reward:   745.34 | Step Count: 6899055 | Episode Q0:    48.85
Episode: 4304/7000 | Episode reward:  1171.30 | Episode steps: 2500 | Average reward:   822.47 | Step Count: 6901555 | Episode Q0:    48.85
Episode: 4305/7000 | Episode reward:  1147.78 | Episode steps: 2500 | Average reward:   925.28 | Step Count: 6904055 | Episode Q0:    48.85
Episode: 4306/7000 | Episode reward:   196.18 | Episode steps:  672 | Average reward:   820.57 | Step Count: 6904727 | Episode Q0:    48.85
Episode: 4307/7000 | Episode reward:   941.11 | Episode steps: 2500 | Average reward:   824.02 | Step Count: 6907227 | Episode Q0:    48.85
Episode: 4308/7000 | Episode reward:   911.88 | Episode steps: 2353 | Average reward:   809.66 | Step Count: 6909580 | Episode Q0:    48.85
Episode: 4309/7000 | Episode reward:   531.60 | Episode steps: 1303 | Average reward:   822.15 | Step Count: 6910883 | Episode Q0:    48.85
Episode: 4310/7000 | Episode reward:    85.84 | Episode steps:  279 | Average reward:   725.05 | Step Count: 6911162 | Episode Q0:    48.85
Episode: 4311/7000 | Episode reward:   118.11 | Episode steps:  287 | Average reward:   701.17 | Step Count: 6911449 | Episode Q0:    48.85
Episode: 4312/7000 | Episode reward:   197.37 | Episode steps:  546 | Average reward:   609.01 | Step Count: 6911995 | Episode Q0:    48.85
Episode: 4313/7000 | Episode reward:   443.59 | Episode steps: 1407 | Average reward:   574.48 | Step Count: 6913402 | Episode Q0:    48.22
Episode: 4314/7000 | Episode reward:   894.24 | Episode steps: 2142 | Average reward:   546.77 | Step Count: 6915544 | Episode Q0:    48.22
Episode: 4315/7000 | Episode reward:   517.54 | Episode steps: 1357 | Average reward:   483.75 | Step Count: 6916901 | Episode Q0:    48.22
Episode: 4316/7000 | Episode reward:  1075.53 | Episode steps: 2269 | Average reward:   571.68 | Step Count: 6919170 | Episode Q0:    48.22
Episode: 4317/7000 | Episode reward:   107.26 | Episode steps:  266 | Average reward:   488.30 | Step Count: 6919436 | Episode Q0:    48.22
Episode: 4318/7000 | Episode reward:   392.83 | Episode steps:  742 | Average reward:   436.39 | Step Count: 6920178 | Episode Q0:    48.22
Episode: 4319/7000 | Episode reward:   386.65 | Episode steps:  908 | Average reward:   421.90 | Step Count: 6921086 | Episode Q0:    48.22
Episode: 4320/7000 | Episode reward:   245.87 | Episode steps:  746 | Average reward:   437.90 | Step Count: 6921832 | Episode Q0:    48.22
Episode: 4321/7000 | Episode reward:   637.07 | Episode steps: 1840 | Average reward:   489.80 | Step Count: 6923672 | Episode Q0:    48.22
Episode: 4322/7000 | Episode reward:   494.32 | Episode steps: 1046 | Average reward:   519.49 | Step Count: 6924718 | Episode Q0:    48.22
Episode: 4323/7000 | Episode reward:   481.02 | Episode steps:  884 | Average reward:   523.23 | Step Count: 6925602 | Episode Q0:    48.22
Episode: 4324/7000 | Episode reward:   206.47 | Episode steps:  453 | Average reward:   454.46 | Step Count: 6926055 | Episode Q0:    48.22
Episode: 4325/7000 | Episode reward:   920.69 | Episode steps: 2075 | Average reward:   494.77 | Step Count: 6928130 | Episode Q0:    48.22
Episode: 4326/7000 | Episode reward:   430.33 | Episode steps: 1288 | Average reward:   430.25 | Step Count: 6929418 | Episode Q0:    48.22
Episode: 4327/7000 | Episode reward:   434.92 | Episode steps: 1242 | Average reward:   463.02 | Step Count: 6930660 | Episode Q0:    48.22
Episode: 4328/7000 | Episode reward:   474.86 | Episode steps: 1925 | Average reward:   471.22 | Step Count: 6932585 | Episode Q0:    48.22
Episode: 4329/7000 | Episode reward:   936.24 | Episode steps: 2500 | Average reward:   526.18 | Step Count: 6935085 | Episode Q0:    48.22
Episode: 4330/7000 | Episode reward:   419.63 | Episode steps:  952 | Average reward:   543.55 | Step Count: 6936037 | Episode Q0:    48.22
Episode: 4331/7000 | Episode reward:   341.25 | Episode steps: 1236 | Average reward:   513.97 | Step Count: 6937273 | Episode Q0:    48.22
Episode: 4332/7000 | Episode reward:   214.27 | Episode steps:  848 | Average reward:   485.97 | Step Count: 6938121 | Episode Q0:    48.22
Episode: 4333/7000 | Episode reward:   403.31 | Episode steps: 1476 | Average reward:   478.20 | Step Count: 6939597 | Episode Q0:    48.22
Episode: 4334/7000 | Episode reward:   476.40 | Episode steps: 1142 | Average reward:   505.19 | Step Count: 6940739 | Episode Q0:    47.25
Episode: 4335/7000 | Episode reward:   474.69 | Episode steps: 1009 | Average reward:   460.59 | Step Count: 6941748 | Episode Q0:    47.25
Episode: 4336/7000 | Episode reward:   377.51 | Episode steps:  954 | Average reward:   455.31 | Step Count: 6942702 | Episode Q0:    47.25
Episode: 4337/7000 | Episode reward:   618.78 | Episode steps: 2103 | Average reward:   473.69 | Step Count: 6944805 | Episode Q0:    47.25
Episode: 4338/7000 | Episode reward:   370.66 | Episode steps: 1685 | Average reward:   463.27 | Step Count: 6946490 | Episode Q0:    47.25
Episode: 4339/7000 | Episode reward:   486.30 | Episode steps: 1560 | Average reward:   418.28 | Step Count: 6948050 | Episode Q0:    47.25
Episode: 4340/7000 | Episode reward:   311.92 | Episode steps: 1292 | Average reward:   407.51 | Step Count: 6949342 | Episode Q0:    47.25
Episode: 4341/7000 | Episode reward:   319.40 | Episode steps:  818 | Average reward:   405.32 | Step Count: 6950160 | Episode Q0:    47.25
Episode: 4342/7000 | Episode reward:   354.12 | Episode steps: 1698 | Average reward:   419.31 | Step Count: 6951858 | Episode Q0:    47.25
Episode: 4343/7000 | Episode reward:   522.08 | Episode steps: 1484 | Average reward:   431.19 | Step Count: 6953342 | Episode Q0:    47.25
Episode: 4344/7000 | Episode reward:   994.13 | Episode steps: 2500 | Average reward:   482.96 | Step Count: 6955842 | Episode Q0:    47.25
Episode: 4345/7000 | Episode reward:   845.43 | Episode steps: 1901 | Average reward:   520.03 | Step Count: 6957743 | Episode Q0:    47.25
Episode: 4346/7000 | Episode reward:   627.74 | Episode steps: 2123 | Average reward:   545.06 | Step Count: 6959866 | Episode Q0:    47.25
Episode: 4347/7000 | Episode reward:   906.32 | Episode steps: 2500 | Average reward:   573.81 | Step Count: 6962366 | Episode Q0:    47.25
Episode: 4348/7000 | Episode reward:   700.79 | Episode steps: 2500 | Average reward:   606.82 | Step Count: 6964866 | Episode Q0:    47.25
Episode: 4349/7000 | Episode reward:   771.24 | Episode steps: 1627 | Average reward:   635.32 | Step Count: 6966493 | Episode Q0:    47.25
Episode: 4350/7000 | Episode reward:  1128.92 | Episode steps: 2500 | Average reward:   717.02 | Step Count: 6968993 | Episode Q0:    47.25
Episode: 4351/7000 | Episode reward:   150.13 | Episode steps:  412 | Average reward:   700.09 | Step Count: 6969405 | Episode Q0:    47.25
Episode: 4352/7000 | Episode reward:   636.45 | Episode steps: 1896 | Average reward:   728.32 | Step Count: 6971301 | Episode Q0:    47.25
Episode: 4353/7000 | Episode reward:   472.56 | Episode steps: 1559 | Average reward:   723.37 | Step Count: 6972860 | Episode Q0:    47.25
Episode: 4354/7000 | Episode reward:   318.85 | Episode steps:  794 | Average reward:   655.84 | Step Count: 6973654 | Episode Q0:    47.25
Episode: 4355/7000 | Episode reward:   456.91 | Episode steps: 1490 | Average reward:   616.99 | Step Count: 6975144 | Episode Q0:    47.25
Episode: 4356/7000 | Episode reward:   822.43 | Episode steps: 2500 | Average reward:   636.46 | Step Count: 6977644 | Episode Q0:    47.25
Episode: 4357/7000 | Episode reward:   308.13 | Episode steps: 1399 | Average reward:   576.64 | Step Count: 6979043 | Episode Q0:    50.09
Episode: 4358/7000 | Episode reward:   756.57 | Episode steps: 2500 | Average reward:   582.22 | Step Count: 6981543 | Episode Q0:    50.09
Episode: 4359/7000 | Episode reward:   435.73 | Episode steps: 1916 | Average reward:   548.67 | Step Count: 6983459 | Episode Q0:    50.09
Episode: 4360/7000 | Episode reward:   654.12 | Episode steps: 1710 | Average reward:   501.19 | Step Count: 6985169 | Episode Q0:    50.09
Episode: 4361/7000 | Episode reward:   675.67 | Episode steps: 2500 | Average reward:   553.74 | Step Count: 6987669 | Episode Q0:    50.09
Episode: 4362/7000 | Episode reward:   689.95 | Episode steps: 2500 | Average reward:   559.09 | Step Count: 6990169 | Episode Q0:    50.09
Episode: 4363/7000 | Episode reward:   598.89 | Episode steps: 2500 | Average reward:   571.72 | Step Count: 6992669 | Episode Q0:    50.09
Episode: 4364/7000 | Episode reward:   363.83 | Episode steps: 1262 | Average reward:   576.22 | Step Count: 6993931 | Episode Q0:    50.09
Episode: 4365/7000 | Episode reward:   941.81 | Episode steps: 2342 | Average reward:   624.71 | Step Count: 6996273 | Episode Q0:    50.09
Episode: 4366/7000 | Episode reward:   201.23 | Episode steps:  581 | Average reward:   562.59 | Step Count: 6996854 | Episode Q0:    50.09
Episode: 4367/7000 | Episode reward:   477.87 | Episode steps: 1302 | Average reward:   579.57 | Step Count: 6998156 | Episode Q0:    50.09
Episode: 4368/7000 | Episode reward:   840.19 | Episode steps: 2500 | Average reward:   587.93 | Step Count: 7000656 | Episode Q0:    50.09
Episode: 4369/7000 | Episode reward:   501.38 | Episode steps: 1456 | Average reward:   594.50 | Step Count: 7002112 | Episode Q0:    50.09
Episode: 4370/7000 | Episode reward:   114.13 | Episode steps:  603 | Average reward:   540.50 | Step Count: 7002715 | Episode Q0:    50.09
Episode: 4371/7000 | Episode reward:   237.86 | Episode steps:  523 | Average reward:   496.72 | Step Count: 7003238 | Episode Q0:    50.09
Episode: 4372/7000 | Episode reward:   878.54 | Episode steps: 2500 | Average reward:   515.57 | Step Count: 7005738 | Episode Q0:    50.09
Episode: 4373/7000 | Episode reward:   473.62 | Episode steps: 1350 | Average reward:   503.05 | Step Count: 7007088 | Episode Q0:    50.09
Episode: 4374/7000 | Episode reward:   928.74 | Episode steps: 2500 | Average reward:   559.54 | Step Count: 7009588 | Episode Q0:    50.09
Episode: 4375/7000 | Episode reward:   696.07 | Episode steps: 2500 | Average reward:   534.96 | Step Count: 7012088 | Episode Q0:    50.09
Episode: 4376/7000 | Episode reward:   683.75 | Episode steps: 2500 | Average reward:   583.22 | Step Count: 7014588 | Episode Q0:    50.09
Episode: 4377/7000 | Episode reward:   747.01 | Episode steps: 2094 | Average reward:   610.13 | Step Count: 7016682 | Episode Q0:    50.09
Episode: 4378/7000 | Episode reward:   679.98 | Episode steps: 2500 | Average reward:   594.11 | Step Count: 7019182 | Episode Q0:    47.53
Episode: 4379/7000 | Episode reward:   648.28 | Episode steps: 2093 | Average reward:   608.80 | Step Count: 7021275 | Episode Q0:    47.53
Episode: 4380/7000 | Episode reward:   589.89 | Episode steps: 2500 | Average reward:   656.37 | Step Count: 7023775 | Episode Q0:    47.53
Episode: 4381/7000 | Episode reward:   806.41 | Episode steps: 2500 | Average reward:   713.23 | Step Count: 7026275 | Episode Q0:    47.53
Episode: 4382/7000 | Episode reward:   850.76 | Episode steps: 2500 | Average reward:   710.45 | Step Count: 7028775 | Episode Q0:    47.53
Episode: 4383/7000 | Episode reward:   362.68 | Episode steps: 1659 | Average reward:   699.36 | Step Count: 7030434 | Episode Q0:    47.53
Episode: 4384/7000 | Episode reward:   252.51 | Episode steps:  752 | Average reward:   631.73 | Step Count: 7031186 | Episode Q0:    47.53
Episode: 4385/7000 | Episode reward:   476.48 | Episode steps: 2009 | Average reward:   609.77 | Step Count: 7033195 | Episode Q0:    47.53
Episode: 4386/7000 | Episode reward:   557.29 | Episode steps: 1636 | Average reward:   597.13 | Step Count: 7034831 | Episode Q0:    47.53
Episode: 4387/7000 | Episode reward:   527.28 | Episode steps: 1928 | Average reward:   575.16 | Step Count: 7036759 | Episode Q0:    47.53
Episode: 4388/7000 | Episode reward:   729.99 | Episode steps: 2500 | Average reward:   580.16 | Step Count: 7039259 | Episode Q0:    47.53
Episode: 4389/7000 | Episode reward:   996.63 | Episode steps: 2500 | Average reward:   614.99 | Step Count: 7041759 | Episode Q0:    47.53
Episode: 4390/7000 | Episode reward:   633.47 | Episode steps: 2500 | Average reward:   619.35 | Step Count: 7044259 | Episode Q0:    47.53
Episode: 4391/7000 | Episode reward:  1062.24 | Episode steps: 2500 | Average reward:   644.93 | Step Count: 7046759 | Episode Q0:    47.53
Episode: 4392/7000 | Episode reward:   685.51 | Episode steps: 2041 | Average reward:   628.41 | Step Count: 7048800 | Episode Q0:    47.53
Episode: 4393/7000 | Episode reward:   897.98 | Episode steps: 2500 | Average reward:   681.94 | Step Count: 7051300 | Episode Q0:    47.53
Episode: 4394/7000 | Episode reward:   660.08 | Episode steps: 2315 | Average reward:   722.70 | Step Count: 7053615 | Episode Q0:    47.53
Episode: 4395/7000 | Episode reward:   755.69 | Episode steps: 2500 | Average reward:   750.62 | Step Count: 7056115 | Episode Q0:    47.53
Episode: 4396/7000 | Episode reward:   432.43 | Episode steps: 1642 | Average reward:   738.13 | Step Count: 7057757 | Episode Q0:    47.53
Episode: 4397/7000 | Episode reward:   648.20 | Episode steps: 1944 | Average reward:   750.22 | Step Count: 7059701 | Episode Q0:    47.53
Episode: 4398/7000 | Episode reward:   634.25 | Episode steps: 2500 | Average reward:   740.65 | Step Count: 7062201 | Episode Q0:    47.53
Episode: 4399/7000 | Episode reward:   597.12 | Episode steps: 2166 | Average reward:   700.70 | Step Count: 7064367 | Episode Q0:    47.53
Episode: 4400/7000 | Episode reward:    31.90 | Episode steps:  117 | Average reward:   640.54 | Step Count: 7064484 | Episode Q0:    47.53
Episode: 4401/7000 | Episode reward:   375.94 | Episode steps:  895 | Average reward:   571.91 | Step Count: 7065379 | Episode Q0:    50.04
Episode: 4402/7000 | Episode reward:   215.92 | Episode steps:  658 | Average reward:   524.95 | Step Count: 7066037 | Episode Q0:    50.04
Episode: 4403/7000 | Episode reward:   590.64 | Episode steps: 1286 | Average reward:   494.22 | Step Count: 7067323 | Episode Q0:    50.04
Episode: 4404/7000 | Episode reward:   514.86 | Episode steps: 1543 | Average reward:   479.70 | Step Count: 7068866 | Episode Q0:    50.04
Episode: 4405/7000 | Episode reward:   779.82 | Episode steps: 2500 | Average reward:   482.11 | Step Count: 7071366 | Episode Q0:    50.04
Episode: 4406/7000 | Episode reward:   804.82 | Episode steps: 2500 | Average reward:   519.35 | Step Count: 7073866 | Episode Q0:    50.04
Episode: 4407/7000 | Episode reward:   379.36 | Episode steps: 1100 | Average reward:   492.46 | Step Count: 7074966 | Episode Q0:    50.04
Episode: 4408/7000 | Episode reward:   592.98 | Episode steps: 1525 | Average reward:   488.34 | Step Count: 7076491 | Episode Q0:    50.04
Episode: 4409/7000 | Episode reward:   717.14 | Episode steps: 1930 | Average reward:   500.34 | Step Count: 7078421 | Episode Q0:    50.04
Episode: 4410/7000 | Episode reward:  1346.47 | Episode steps: 2500 | Average reward:   631.79 | Step Count: 7080921 | Episode Q0:    50.04
Episode: 4411/7000 | Episode reward:   340.16 | Episode steps:  801 | Average reward:   628.22 | Step Count: 7081722 | Episode Q0:    50.04
Episode: 4412/7000 | Episode reward:   141.57 | Episode steps:  646 | Average reward:   620.78 | Step Count: 7082368 | Episode Q0:    50.04
Episode: 4413/7000 | Episode reward:   414.12 | Episode steps: 1047 | Average reward:   603.13 | Step Count: 7083415 | Episode Q0:    50.04
Episode: 4414/7000 | Episode reward:   483.18 | Episode steps: 1439 | Average reward:   599.96 | Step Count: 7084854 | Episode Q0:    50.04
Episode: 4415/7000 | Episode reward:   289.58 | Episode steps:  875 | Average reward:   550.94 | Step Count: 7085729 | Episode Q0:    50.04
Episode: 4416/7000 | Episode reward:   731.74 | Episode steps: 1576 | Average reward:   543.63 | Step Count: 7087305 | Episode Q0:    50.04
Episode: 4417/7000 | Episode reward:   312.06 | Episode steps:  913 | Average reward:   536.90 | Step Count: 7088218 | Episode Q0:    50.04
Episode: 4418/7000 | Episode reward:   258.75 | Episode steps:  820 | Average reward:   503.48 | Step Count: 7089038 | Episode Q0:    50.04
Episode: 4419/7000 | Episode reward:   421.70 | Episode steps: 1846 | Average reward:   473.93 | Step Count: 7090884 | Episode Q0:    50.04
Episode: 4420/7000 | Episode reward:   926.97 | Episode steps: 2500 | Average reward:   431.98 | Step Count: 7093384 | Episode Q0:    50.04
Episode: 4421/7000 | Episode reward:   863.81 | Episode steps: 1597 | Average reward:   484.35 | Step Count: 7094981 | Episode Q0:    50.04
Episode: 4422/7000 | Episode reward:   504.91 | Episode steps: 2500 | Average reward:   520.68 | Step Count: 7097481 | Episode Q0:    49.31
Episode: 4423/7000 | Episode reward:   403.88 | Episode steps:  961 | Average reward:   519.66 | Step Count: 7098442 | Episode Q0:    49.31
Episode: 4424/7000 | Episode reward:   275.95 | Episode steps: 1223 | Average reward:   498.94 | Step Count: 7099665 | Episode Q0:    49.31
Episode: 4425/7000 | Episode reward:   308.34 | Episode steps: 1069 | Average reward:   500.81 | Step Count: 7100734 | Episode Q0:    49.31
Episode: 4426/7000 | Episode reward:   427.36 | Episode steps: 1259 | Average reward:   470.37 | Step Count: 7101993 | Episode Q0:    49.31
Episode: 4427/7000 | Episode reward:   612.78 | Episode steps: 2264 | Average reward:   500.44 | Step Count: 7104257 | Episode Q0:    49.31
Episode: 4428/7000 | Episode reward:   360.10 | Episode steps: 1183 | Average reward:   510.58 | Step Count: 7105440 | Episode Q0:    49.31
Episode: 4429/7000 | Episode reward:   235.54 | Episode steps:  576 | Average reward:   491.96 | Step Count: 7106016 | Episode Q0:    49.31
Episode: 4430/7000 | Episode reward:   212.91 | Episode steps:  830 | Average reward:   420.56 | Step Count: 7106846 | Episode Q0:    49.31
Episode: 4431/7000 | Episode reward:   950.30 | Episode steps: 2500 | Average reward:   429.21 | Step Count: 7109346 | Episode Q0:    49.31
Episode: 4432/7000 | Episode reward:   336.15 | Episode steps: 1218 | Average reward:   412.33 | Step Count: 7110564 | Episode Q0:    49.31
Episode: 4433/7000 | Episode reward:   779.49 | Episode steps: 2275 | Average reward:   449.89 | Step Count: 7112839 | Episode Q0:    49.31
Episode: 4434/7000 | Episode reward:   764.22 | Episode steps: 2051 | Average reward:   498.72 | Step Count: 7114890 | Episode Q0:    49.31
Episode: 4435/7000 | Episode reward:   601.30 | Episode steps: 1723 | Average reward:   528.01 | Step Count: 7116613 | Episode Q0:    49.31
Episode: 4436/7000 | Episode reward:   410.85 | Episode steps: 1208 | Average reward:   526.36 | Step Count: 7117821 | Episode Q0:    49.31
Episode: 4437/7000 | Episode reward:   275.81 | Episode steps: 1400 | Average reward:   492.67 | Step Count: 7119221 | Episode Q0:    49.31
Episode: 4438/7000 | Episode reward:   642.52 | Episode steps: 1574 | Average reward:   520.91 | Step Count: 7120795 | Episode Q0:    49.31
Episode: 4439/7000 | Episode reward:   756.87 | Episode steps: 1909 | Average reward:   573.04 | Step Count: 7122704 | Episode Q0:    49.31
Episode: 4440/7000 | Episode reward:   455.84 | Episode steps: 1312 | Average reward:   597.33 | Step Count: 7124016 | Episode Q0:    49.31
Episode: 4441/7000 | Episode reward:   758.89 | Episode steps: 2500 | Average reward:   578.19 | Step Count: 7126516 | Episode Q0:    49.31
Episode: 4442/7000 | Episode reward:   673.68 | Episode steps: 1780 | Average reward:   611.95 | Step Count: 7128296 | Episode Q0:    49.31
Episode: 4443/7000 | Episode reward:   411.96 | Episode steps: 1647 | Average reward:   575.19 | Step Count: 7129943 | Episode Q0:    49.31
Episode: 4444/7000 | Episode reward:   439.54 | Episode steps: 1110 | Average reward:   542.73 | Step Count: 7131053 | Episode Q0:    49.31
Episode: 4445/7000 | Episode reward:   561.51 | Episode steps: 2500 | Average reward:   538.75 | Step Count: 7133553 | Episode Q0:    50.24
Episode: 4446/7000 | Episode reward:   497.52 | Episode steps: 2500 | Average reward:   547.41 | Step Count: 7136053 | Episode Q0:    50.24
Episode: 4447/7000 | Episode reward:   959.03 | Episode steps: 2500 | Average reward:   615.74 | Step Count: 7138553 | Episode Q0:    50.24
Episode: 4448/7000 | Episode reward:   781.80 | Episode steps: 2500 | Average reward:   629.67 | Step Count: 7141053 | Episode Q0:    50.24
Episode: 4449/7000 | Episode reward:   919.82 | Episode steps: 2500 | Average reward:   645.96 | Step Count: 7143553 | Episode Q0:    50.24
Episode: 4450/7000 | Episode reward:   699.45 | Episode steps: 2500 | Average reward:   670.32 | Step Count: 7146053 | Episode Q0:    50.24
Episode: 4451/7000 | Episode reward:   878.52 | Episode steps: 2050 | Average reward:   682.28 | Step Count: 7148103 | Episode Q0:    50.24
Episode: 4452/7000 | Episode reward:   603.20 | Episode steps: 2500 | Average reward:   675.24 | Step Count: 7150603 | Episode Q0:    50.24
Episode: 4453/7000 | Episode reward:   801.91 | Episode steps: 2500 | Average reward:   714.23 | Step Count: 7153103 | Episode Q0:    50.24
Episode: 4454/7000 | Episode reward:   637.41 | Episode steps: 2500 | Average reward:   734.02 | Step Count: 7155603 | Episode Q0:    50.24
Episode: 4455/7000 | Episode reward:   995.58 | Episode steps: 2500 | Average reward:   777.43 | Step Count: 7158103 | Episode Q0:    50.24
Episode: 4456/7000 | Episode reward:   746.03 | Episode steps: 2500 | Average reward:   802.28 | Step Count: 7160603 | Episode Q0:    50.24
Episode: 4457/7000 | Episode reward:   846.31 | Episode steps: 2500 | Average reward:   791.00 | Step Count: 7163103 | Episode Q0:    50.24
Episode: 4458/7000 | Episode reward:   621.77 | Episode steps: 2500 | Average reward:   775.00 | Step Count: 7165603 | Episode Q0:    50.24
Episode: 4459/7000 | Episode reward:   838.62 | Episode steps: 2500 | Average reward:   766.88 | Step Count: 7168103 | Episode Q0:    50.24
Episode: 4460/7000 | Episode reward:   997.06 | Episode steps: 2500 | Average reward:   796.64 | Step Count: 7170603 | Episode Q0:    50.24
Episode: 4461/7000 | Episode reward:   363.25 | Episode steps: 1190 | Average reward:   745.12 | Step Count: 7171793 | Episode Q0:    50.24
Episode: 4462/7000 | Episode reward:   833.55 | Episode steps: 2500 | Average reward:   768.15 | Step Count: 7174293 | Episode Q0:    50.24
Episode: 4463/7000 | Episode reward:   710.46 | Episode steps: 2500 | Average reward:   759.00 | Step Count: 7176793 | Episode Q0:    50.24
Episode: 4464/7000 | Episode reward:   488.86 | Episode steps: 2069 | Average reward:   744.15 | Step Count: 7178862 | Episode Q0:    50.24
Episode: 4465/7000 | Episode reward:   588.85 | Episode steps: 2500 | Average reward:   703.48 | Step Count: 7181362 | Episode Q0:    50.24
Episode: 4466/7000 | Episode reward:    54.17 | Episode steps:  153 | Average reward:   634.29 | Step Count: 7181515 | Episode Q0:    50.24
Episode: 4467/7000 | Episode reward:   282.62 | Episode steps:  627 | Average reward:   577.92 | Step Count: 7182142 | Episode Q0:    50.24
Episode: 4468/7000 | Episode reward:   148.16 | Episode steps:  352 | Average reward:   530.56 | Step Count: 7182494 | Episode Q0:    50.24
Episode: 4469/7000 | Episode reward:   380.69 | Episode steps:  957 | Average reward:   484.77 | Step Count: 7183451 | Episode Q0:    50.24
Episode: 4470/7000 | Episode reward:   114.57 | Episode steps:  331 | Average reward:   396.52 | Step Count: 7183782 | Episode Q0:    50.24
Episode: 4471/7000 | Episode reward:   681.18 | Episode steps: 2500 | Average reward:   428.31 | Step Count: 7186282 | Episode Q0:    51.42
Episode: 4472/7000 | Episode reward:   673.88 | Episode steps: 2500 | Average reward:   412.34 | Step Count: 7188782 | Episode Q0:    51.42
Episode: 4473/7000 | Episode reward:   119.46 | Episode steps:  256 | Average reward:   353.24 | Step Count: 7189038 | Episode Q0:    51.42
Episode: 4474/7000 | Episode reward:    57.90 | Episode steps:  137 | Average reward:   310.15 | Step Count: 7189175 | Episode Q0:    51.42
Episode: 4475/7000 | Episode reward:   659.49 | Episode steps: 2500 | Average reward:   317.21 | Step Count: 7191675 | Episode Q0:    51.42
Episode: 4476/7000 | Episode reward:   535.65 | Episode steps: 1806 | Average reward:   365.36 | Step Count: 7193481 | Episode Q0:    51.42
Episode: 4477/7000 | Episode reward:   705.23 | Episode steps: 2500 | Average reward:   407.62 | Step Count: 7195981 | Episode Q0:    51.42
Episode: 4478/7000 | Episode reward:   431.04 | Episode steps: 1088 | Average reward:   435.91 | Step Count: 7197069 | Episode Q0:    51.42
Episode: 4479/7000 | Episode reward:   302.39 | Episode steps:  742 | Average reward:   428.08 | Step Count: 7197811 | Episode Q0:    51.42
Episode: 4480/7000 | Episode reward:   259.61 | Episode steps:  697 | Average reward:   442.58 | Step Count: 7198508 | Episode Q0:    51.42
Episode: 4481/7000 | Episode reward:    94.27 | Episode steps:  229 | Average reward:   383.89 | Step Count: 7198737 | Episode Q0:    51.42
Episode: 4482/7000 | Episode reward:   819.45 | Episode steps: 2500 | Average reward:   398.45 | Step Count: 7201237 | Episode Q0:    51.42
Episode: 4483/7000 | Episode reward:    89.76 | Episode steps:  205 | Average reward:   395.48 | Step Count: 7201442 | Episode Q0:    51.42
Episode: 4484/7000 | Episode reward:   452.69 | Episode steps: 1529 | Average reward:   434.96 | Step Count: 7202971 | Episode Q0:    51.42
Episode: 4485/7000 | Episode reward:   829.45 | Episode steps: 2500 | Average reward:   451.95 | Step Count: 7205471 | Episode Q0:    51.42
Episode: 4486/7000 | Episode reward:   421.03 | Episode steps:  740 | Average reward:   440.49 | Step Count: 7206211 | Episode Q0:    51.42
Episode: 4487/7000 | Episode reward:   553.77 | Episode steps: 2500 | Average reward:   425.35 | Step Count: 7208711 | Episode Q0:    51.42
Episode: 4488/7000 | Episode reward:   614.53 | Episode steps: 1814 | Average reward:   443.70 | Step Count: 7210525 | Episode Q0:    51.42
Episode: 4489/7000 | Episode reward:   272.95 | Episode steps:  993 | Average reward:   440.75 | Step Count: 7211518 | Episode Q0:    51.42
Episode: 4490/7000 | Episode reward:    80.04 | Episode steps:  208 | Average reward:   422.79 | Step Count: 7211726 | Episode Q0:    51.42
Episode: 4491/7000 | Episode reward:   422.00 | Episode steps:  997 | Average reward:   455.57 | Step Count: 7212723 | Episode Q0:    51.42
Episode: 4492/7000 | Episode reward:   180.09 | Episode steps:  405 | Average reward:   391.63 | Step Count: 7213128 | Episode Q0:    51.42
Episode: 4493/7000 | Episode reward:   123.89 | Episode steps:  360 | Average reward:   395.04 | Step Count: 7213488 | Episode Q0:    51.42
Episode: 4494/7000 | Episode reward:   457.33 | Episode steps: 1273 | Average reward:   395.51 | Step Count: 7214761 | Episode Q0:    48.33
Episode: 4495/7000 | Episode reward:   902.74 | Episode steps: 2284 | Average reward:   402.84 | Step Count: 7217045 | Episode Q0:    48.33
Episode: 4496/7000 | Episode reward:   645.50 | Episode steps: 1940 | Average reward:   425.28 | Step Count: 7218985 | Episode Q0:    48.33
Episode: 4497/7000 | Episode reward:   695.87 | Episode steps: 2420 | Average reward:   439.49 | Step Count: 7221405 | Episode Q0:    48.33
Episode: 4498/7000 | Episode reward:   216.02 | Episode steps: 1264 | Average reward:   399.64 | Step Count: 7222669 | Episode Q0:    48.33
Episode: 4499/7000 | Episode reward:   511.29 | Episode steps: 1541 | Average reward:   423.48 | Step Count: 7224210 | Episode Q0:    48.33
Episode: 4500/7000 | Episode reward:   105.07 | Episode steps:  232 | Average reward:   425.98 | Step Count: 7224442 | Episode Q0:    48.33
Episode: 4501/7000 | Episode reward:   869.90 | Episode steps: 2500 | Average reward:   470.77 | Step Count: 7226942 | Episode Q0:    48.33
Episode: 4502/7000 | Episode reward:   339.56 | Episode steps: 1037 | Average reward:   486.72 | Step Count: 7227979 | Episode Q0:    48.33
Episode: 4503/7000 | Episode reward:    84.66 | Episode steps:  207 | Average reward:   482.79 | Step Count: 7228186 | Episode Q0:    48.33
Episode: 4504/7000 | Episode reward:   206.03 | Episode steps: 1029 | Average reward:   457.66 | Step Count: 7229215 | Episode Q0:    48.33
Episode: 4505/7000 | Episode reward:   144.77 | Episode steps:  360 | Average reward:   381.87 | Step Count: 7229575 | Episode Q0:    48.33
Episode: 4506/7000 | Episode reward:   415.33 | Episode steps: 1181 | Average reward:   358.85 | Step Count: 7230756 | Episode Q0:    48.33
Episode: 4507/7000 | Episode reward:    35.27 | Episode steps:  159 | Average reward:   292.79 | Step Count: 7230915 | Episode Q0:    48.33
Episode: 4508/7000 | Episode reward:   279.21 | Episode steps:  675 | Average reward:   299.11 | Step Count: 7231590 | Episode Q0:    48.33
Episode: 4509/7000 | Episode reward:   275.83 | Episode steps:  775 | Average reward:   275.56 | Step Count: 7232365 | Episode Q0:    48.33
Episode: 4510/7000 | Episode reward:   279.60 | Episode steps: 2500 | Average reward:   293.02 | Step Count: 7234865 | Episode Q0:    48.33
Episode: 4511/7000 | Episode reward:    57.94 | Episode steps:  186 | Average reward:   211.82 | Step Count: 7235051 | Episode Q0:    48.33
Episode: 4512/7000 | Episode reward:   187.99 | Episode steps:  421 | Average reward:   196.66 | Step Count: 7235472 | Episode Q0:    48.33
Episode: 4513/7000 | Episode reward:   613.54 | Episode steps: 1603 | Average reward:   249.55 | Step Count: 7237075 | Episode Q0:    48.33
Episode: 4514/7000 | Episode reward:    79.52 | Episode steps:  209 | Average reward:   236.90 | Step Count: 7237284 | Episode Q0:    48.33
Episode: 4515/7000 | Episode reward:   150.39 | Episode steps:  363 | Average reward:   237.46 | Step Count: 7237647 | Episode Q0:    48.33
Episode: 4516/7000 | Episode reward:   229.42 | Episode steps:  555 | Average reward:   218.87 | Step Count: 7238202 | Episode Q0:    48.33
Episode: 4517/7000 | Episode reward:   173.72 | Episode steps:  521 | Average reward:   232.72 | Step Count: 7238723 | Episode Q0:    48.33
Episode: 4518/7000 | Episode reward:   145.08 | Episode steps:  349 | Average reward:   219.30 | Step Count: 7239072 | Episode Q0:    48.33
Episode: 4519/7000 | Episode reward:   330.85 | Episode steps:  722 | Average reward:   224.80 | Step Count: 7239794 | Episode Q0:    48.33
Episode: 4520/7000 | Episode reward:   413.12 | Episode steps: 1153 | Average reward:   238.16 | Step Count: 7240947 | Episode Q0:    46.16
Episode: 4521/7000 | Episode reward:   165.99 | Episode steps:  373 | Average reward:   248.96 | Step Count: 7241320 | Episode Q0:    46.16
Episode: 4522/7000 | Episode reward:   176.32 | Episode steps:  355 | Average reward:   247.79 | Step Count: 7241675 | Episode Q0:    46.16
Episode: 4523/7000 | Episode reward:   117.31 | Episode steps:  214 | Average reward:   198.17 | Step Count: 7241889 | Episode Q0:    46.16
Episode: 4524/7000 | Episode reward:   246.02 | Episode steps:  431 | Average reward:   214.82 | Step Count: 7242320 | Episode Q0:    46.16
Episode: 4525/7000 | Episode reward:   157.41 | Episode steps:  333 | Average reward:   215.52 | Step Count: 7242653 | Episode Q0:    46.16
Episode: 4526/7000 | Episode reward:   167.54 | Episode steps:  468 | Average reward:   209.34 | Step Count: 7243121 | Episode Q0:    46.16
Episode: 4527/7000 | Episode reward:   238.42 | Episode steps:  669 | Average reward:   215.81 | Step Count: 7243790 | Episode Q0:    46.16
Episode: 4528/7000 | Episode reward:   101.72 | Episode steps:  207 | Average reward:   211.47 | Step Count: 7243997 | Episode Q0:    46.16
Episode: 4529/7000 | Episode reward:   180.31 | Episode steps:  345 | Average reward:   196.42 | Step Count: 7244342 | Episode Q0:    46.16
Episode: 4530/7000 | Episode reward:   217.34 | Episode steps:  398 | Average reward:   176.84 | Step Count: 7244740 | Episode Q0:    46.16
Episode: 4531/7000 | Episode reward:    35.05 | Episode steps:  111 | Average reward:   163.74 | Step Count: 7244851 | Episode Q0:    46.16
Episode: 4532/7000 | Episode reward:    98.02 | Episode steps:  300 | Average reward:   155.91 | Step Count: 7245151 | Episode Q0:    46.16
Episode: 4533/7000 | Episode reward:   183.77 | Episode steps:  270 | Average reward:   162.56 | Step Count: 7245421 | Episode Q0:    46.16
Episode: 4534/7000 | Episode reward:   487.88 | Episode steps: 2500 | Average reward:   186.75 | Step Count: 7247921 | Episode Q0:    46.16
Episode: 4535/7000 | Episode reward:    90.50 | Episode steps:  295 | Average reward:   180.06 | Step Count: 7248216 | Episode Q0:    46.16
Episode: 4536/7000 | Episode reward:    40.42 | Episode steps:  134 | Average reward:   167.34 | Step Count: 7248350 | Episode Q0:    46.16
Episode: 4537/7000 | Episode reward:   358.74 | Episode steps: 1913 | Average reward:   179.37 | Step Count: 7250263 | Episode Q0:    46.16
Episode: 4538/7000 | Episode reward:   474.12 | Episode steps: 1542 | Average reward:   216.61 | Step Count: 7251805 | Episode Q0:    51.21
Episode: 4539/7000 | Episode reward:   229.04 | Episode steps:  675 | Average reward:   221.49 | Step Count: 7252480 | Episode Q0:    51.21
Episode: 4540/7000 | Episode reward:   572.85 | Episode steps: 1469 | Average reward:   257.04 | Step Count: 7253949 | Episode Q0:    51.21
Episode: 4541/7000 | Episode reward:   521.20 | Episode steps: 1327 | Average reward:   305.65 | Step Count: 7255276 | Episode Q0:    51.21
Episode: 4542/7000 | Episode reward:   346.03 | Episode steps:  990 | Average reward:   330.45 | Step Count: 7256266 | Episode Q0:    51.21
Episode: 4543/7000 | Episode reward:   363.62 | Episode steps: 1236 | Average reward:   348.44 | Step Count: 7257502 | Episode Q0:    51.21
Episode: 4544/7000 | Episode reward:   305.54 | Episode steps:  810 | Average reward:   330.21 | Step Count: 7258312 | Episode Q0:    51.21
Episode: 4545/7000 | Episode reward:   384.14 | Episode steps:  830 | Average reward:   359.57 | Step Count: 7259142 | Episode Q0:    51.21
Episode: 4546/7000 | Episode reward:   346.92 | Episode steps: 1959 | Average reward:   390.22 | Step Count: 7261101 | Episode Q0:    51.21
Episode: 4547/7000 | Episode reward:   646.38 | Episode steps: 2495 | Average reward:   418.99 | Step Count: 7263596 | Episode Q0:    51.21
Episode: 4548/7000 | Episode reward:   627.13 | Episode steps: 2059 | Average reward:   434.29 | Step Count: 7265655 | Episode Q0:    51.21
Episode: 4549/7000 | Episode reward:   223.77 | Episode steps:  810 | Average reward:   433.76 | Step Count: 7266465 | Episode Q0:    51.21
Episode: 4550/7000 | Episode reward:   829.67 | Episode steps: 2164 | Average reward:   459.44 | Step Count: 7268629 | Episode Q0:    51.21
Episode: 4551/7000 | Episode reward:   582.85 | Episode steps: 2026 | Average reward:   465.61 | Step Count: 7270655 | Episode Q0:    51.21
Episode: 4552/7000 | Episode reward:   878.47 | Episode steps: 2478 | Average reward:   518.85 | Step Count: 7273133 | Episode Q0:    51.21
Episode: 4553/7000 | Episode reward:   623.38 | Episode steps: 1738 | Average reward:   544.83 | Step Count: 7274871 | Episode Q0:    51.21
Episode: 4554/7000 | Episode reward:   242.73 | Episode steps:  918 | Average reward:   538.54 | Step Count: 7275789 | Episode Q0:    51.21
Episode: 4555/7000 | Episode reward:   225.02 | Episode steps:  855 | Average reward:   522.63 | Step Count: 7276644 | Episode Q0:    51.21
Episode: 4556/7000 | Episode reward:   163.98 | Episode steps:  671 | Average reward:   504.34 | Step Count: 7277315 | Episode Q0:    51.21
Episode: 4557/7000 | Episode reward:   292.16 | Episode steps: 1082 | Average reward:   468.92 | Step Count: 7278397 | Episode Q0:    51.21
Episode: 4558/7000 | Episode reward:   702.85 | Episode steps: 1757 | Average reward:   476.49 | Step Count: 7280154 | Episode Q0:    51.21
Episode: 4559/7000 | Episode reward:   397.74 | Episode steps: 1693 | Average reward:   493.89 | Step Count: 7281847 | Episode Q0:    51.21
Episode: 4560/7000 | Episode reward:   124.19 | Episode steps:  445 | Average reward:   423.34 | Step Count: 7282292 | Episode Q0:    51.21
Episode: 4561/7000 | Episode reward:   232.65 | Episode steps:  893 | Average reward:   388.32 | Step Count: 7283185 | Episode Q0:    51.21
Episode: 4562/7000 | Episode reward:   614.93 | Episode steps: 1427 | Average reward:   361.96 | Step Count: 7284612 | Episode Q0:    51.21
Episode: 4563/7000 | Episode reward:   137.09 | Episode steps:  397 | Average reward:   313.33 | Step Count: 7285009 | Episode Q0:    51.21
Episode: 4564/7000 | Episode reward:   526.14 | Episode steps: 1616 | Average reward:   341.67 | Step Count: 7286625 | Episode Q0:    49.10
Episode: 4565/7000 | Episode reward:   205.82 | Episode steps:  671 | Average reward:   339.75 | Step Count: 7287296 | Episode Q0:    49.10
Episode: 4566/7000 | Episode reward:   423.96 | Episode steps: 1789 | Average reward:   365.75 | Step Count: 7289085 | Episode Q0:    49.10
Episode: 4567/7000 | Episode reward:   737.65 | Episode steps: 2500 | Average reward:   410.30 | Step Count: 7291585 | Episode Q0:    49.10
Episode: 4568/7000 | Episode reward:   879.63 | Episode steps: 2371 | Average reward:   427.98 | Step Count: 7293956 | Episode Q0:    49.10
Episode: 4569/7000 | Episode reward:   399.11 | Episode steps: 1004 | Average reward:   428.11 | Step Count: 7294960 | Episode Q0:    49.10
Episode: 4570/7000 | Episode reward:   251.90 | Episode steps:  867 | Average reward:   440.89 | Step Count: 7295827 | Episode Q0:    49.10
Episode: 4571/7000 | Episode reward:   372.74 | Episode steps: 2260 | Average reward:   454.90 | Step Count: 7298087 | Episode Q0:    49.10
Episode: 4572/7000 | Episode reward:   417.43 | Episode steps: 1474 | Average reward:   435.15 | Step Count: 7299561 | Episode Q0:    49.10
Episode: 4573/7000 | Episode reward:   493.86 | Episode steps: 2500 | Average reward:   470.82 | Step Count: 7302061 | Episode Q0:    49.10
Episode: 4574/7000 | Episode reward:   364.53 | Episode steps: 1360 | Average reward:   454.66 | Step Count: 7303421 | Episode Q0:    49.10
Episode: 4575/7000 | Episode reward:   940.69 | Episode steps: 2500 | Average reward:   528.15 | Step Count: 7305921 | Episode Q0:    49.10
Episode: 4576/7000 | Episode reward:   305.51 | Episode steps:  953 | Average reward:   516.30 | Step Count: 7306874 | Episode Q0:    49.10
Episode: 4577/7000 | Episode reward:   854.87 | Episode steps: 2500 | Average reward:   528.03 | Step Count: 7309374 | Episode Q0:    49.10
Episode: 4578/7000 | Episode reward:   471.95 | Episode steps: 1767 | Average reward:   487.26 | Step Count: 7311141 | Episode Q0:    49.10
Episode: 4579/7000 | Episode reward:   717.83 | Episode steps: 2427 | Average reward:   519.13 | Step Count: 7313568 | Episode Q0:    49.10
Episode: 4580/7000 | Episode reward:   445.76 | Episode steps: 2500 | Average reward:   538.52 | Step Count: 7316068 | Episode Q0:    49.10
Episode: 4581/7000 | Episode reward:   394.49 | Episode steps:  988 | Average reward:   540.69 | Step Count: 7317056 | Episode Q0:    49.10
Episode: 4582/7000 | Episode reward:   188.84 | Episode steps:  412 | Average reward:   517.83 | Step Count: 7317468 | Episode Q0:    49.10
Episode: 4583/7000 | Episode reward:    82.19 | Episode steps:  153 | Average reward:   476.67 | Step Count: 7317621 | Episode Q0:    49.10
Episode: 4584/7000 | Episode reward:   101.05 | Episode steps:  272 | Average reward:   450.32 | Step Count: 7317893 | Episode Q0:    49.10
Episode: 4585/7000 | Episode reward:   214.54 | Episode steps: 1160 | Average reward:   377.70 | Step Count: 7319053 | Episode Q0:    49.10
Episode: 4586/7000 | Episode reward:   109.19 | Episode steps:  247 | Average reward:   358.07 | Step Count: 7319300 | Episode Q0:    49.10
Episode: 4587/7000 | Episode reward:   131.14 | Episode steps:  267 | Average reward:   285.70 | Step Count: 7319567 | Episode Q0:    49.10
Episode: 4588/7000 | Episode reward:    59.46 | Episode steps:  155 | Average reward:   244.45 | Step Count: 7319722 | Episode Q0:    49.10
Episode: 4589/7000 | Episode reward:    55.38 | Episode steps:  155 | Average reward:   178.20 | Step Count: 7319877 | Episode Q0:    49.10
Episode: 4590/7000 | Episode reward:   113.50 | Episode steps:  317 | Average reward:   144.98 | Step Count: 7320194 | Episode Q0:    49.10
Episode: 4591/7000 | Episode reward:    98.57 | Episode steps:  288 | Average reward:   115.39 | Step Count: 7320482 | Episode Q0:    49.10
Episode: 4592/7000 | Episode reward:   153.58 | Episode steps:  496 | Average reward:   111.86 | Step Count: 7320978 | Episode Q0:    49.10
Episode: 4593/7000 | Episode reward:   463.07 | Episode steps: 1420 | Average reward:   149.95 | Step Count: 7322398 | Episode Q0:    51.19
Episode: 4594/7000 | Episode reward:   230.65 | Episode steps: 1218 | Average reward:   162.91 | Step Count: 7323616 | Episode Q0:    51.19
Episode: 4595/7000 | Episode reward:   144.15 | Episode steps:  259 | Average reward:   155.87 | Step Count: 7323875 | Episode Q0:    51.19
Episode: 4596/7000 | Episode reward:   181.24 | Episode steps:  660 | Average reward:   163.08 | Step Count: 7324535 | Episode Q0:    51.19
Episode: 4597/7000 | Episode reward:   184.39 | Episode steps:  606 | Average reward:   168.40 | Step Count: 7325141 | Episode Q0:    51.19
Episode: 4598/7000 | Episode reward:   148.56 | Episode steps:  305 | Average reward:   177.31 | Step Count: 7325446 | Episode Q0:    51.19
Episode: 4599/7000 | Episode reward:    32.23 | Episode steps:  117 | Average reward:   175.00 | Step Count: 7325563 | Episode Q0:    51.19
Episode: 4600/7000 | Episode reward:   129.91 | Episode steps:  325 | Average reward:   176.64 | Step Count: 7325888 | Episode Q0:    51.19
Episode: 4601/7000 | Episode reward:    83.19 | Episode steps:  296 | Average reward:   175.10 | Step Count: 7326184 | Episode Q0:    51.19
Episode: 4602/7000 | Episode reward:   137.18 | Episode steps:  455 | Average reward:   173.46 | Step Count: 7326639 | Episode Q0:    51.19
Episode: 4603/7000 | Episode reward:   127.46 | Episode steps:  308 | Average reward:   139.90 | Step Count: 7326947 | Episode Q0:    51.19
Episode: 4604/7000 | Episode reward:   275.62 | Episode steps:  586 | Average reward:   144.39 | Step Count: 7327533 | Episode Q0:    51.19
Episode: 4605/7000 | Episode reward:   472.51 | Episode steps: 2500 | Average reward:   177.23 | Step Count: 7330033 | Episode Q0:    51.19
Episode: 4606/7000 | Episode reward:   260.54 | Episode steps:  679 | Average reward:   185.16 | Step Count: 7330712 | Episode Q0:    51.19
Episode: 4607/7000 | Episode reward:   285.71 | Episode steps:  403 | Average reward:   195.29 | Step Count: 7331115 | Episode Q0:    51.19
Episode: 4608/7000 | Episode reward:   177.35 | Episode steps:  358 | Average reward:   198.17 | Step Count: 7331473 | Episode Q0:    51.19
Episode: 4609/7000 | Episode reward:    91.73 | Episode steps:  185 | Average reward:   204.12 | Step Count: 7331658 | Episode Q0:    51.19
Episode: 4610/7000 | Episode reward:   176.02 | Episode steps:  616 | Average reward:   208.73 | Step Count: 7332274 | Episode Q0:    51.19
Episode: 4611/7000 | Episode reward:   116.70 | Episode steps:  350 | Average reward:   212.08 | Step Count: 7332624 | Episode Q0:    51.19
Episode: 4612/7000 | Episode reward:    27.57 | Episode steps:  134 | Average reward:   201.12 | Step Count: 7332758 | Episode Q0:    51.19
Episode: 4613/7000 | Episode reward:    56.99 | Episode steps:  174 | Average reward:   194.07 | Step Count: 7332932 | Episode Q0:    51.19
Episode: 4614/7000 | Episode reward:   201.63 | Episode steps:  398 | Average reward:   186.67 | Step Count: 7333330 | Episode Q0:    51.19
Episode: 4615/7000 | Episode reward:    96.19 | Episode steps:  424 | Average reward:   149.04 | Step Count: 7333754 | Episode Q0:    51.19
Episode: 4616/7000 | Episode reward:   365.06 | Episode steps:  604 | Average reward:   159.49 | Step Count: 7334358 | Episode Q0:    51.19
Episode: 4617/7000 | Episode reward:   455.67 | Episode steps: 1152 | Average reward:   176.49 | Step Count: 7335510 | Episode Q0:    49.16
Episode: 4618/7000 | Episode reward:   261.64 | Episode steps:  818 | Average reward:   184.92 | Step Count: 7336328 | Episode Q0:    49.16
Episode: 4619/7000 | Episode reward:   642.54 | Episode steps: 1287 | Average reward:   240.00 | Step Count: 7337615 | Episode Q0:    49.16
Episode: 4620/7000 | Episode reward:   428.64 | Episode steps: 1876 | Average reward:   265.26 | Step Count: 7339491 | Episode Q0:    49.16
Episode: 4621/7000 | Episode reward:   609.95 | Episode steps: 1380 | Average reward:   314.59 | Step Count: 7340871 | Episode Q0:    49.16
Episode: 4622/7000 | Episode reward:   528.16 | Episode steps: 1176 | Average reward:   364.65 | Step Count: 7342047 | Episode Q0:    49.16
Episode: 4623/7000 | Episode reward:   360.37 | Episode steps:  758 | Average reward:   394.98 | Step Count: 7342805 | Episode Q0:    49.16
Episode: 4624/7000 | Episode reward:    82.72 | Episode steps:  445 | Average reward:   383.09 | Step Count: 7343250 | Episode Q0:    49.16
Episode: 4625/7000 | Episode reward:   274.93 | Episode steps:  458 | Average reward:   400.97 | Step Count: 7343708 | Episode Q0:    49.16
Episode: 4626/7000 | Episode reward:    50.22 | Episode steps:  133 | Average reward:   369.48 | Step Count: 7343841 | Episode Q0:    49.16
Episode: 4627/7000 | Episode reward:   218.23 | Episode steps:  651 | Average reward:   345.74 | Step Count: 7344492 | Episode Q0:    49.16
Episode: 4628/7000 | Episode reward:    62.54 | Episode steps:  159 | Average reward:   325.83 | Step Count: 7344651 | Episode Q0:    49.16
Episode: 4629/7000 | Episode reward:    86.02 | Episode steps:  392 | Average reward:   270.18 | Step Count: 7345043 | Episode Q0:    49.16
Episode: 4630/7000 | Episode reward:   183.10 | Episode steps:  561 | Average reward:   245.62 | Step Count: 7345604 | Episode Q0:    49.16
Episode: 4631/7000 | Episode reward:   292.66 | Episode steps:  620 | Average reward:   213.90 | Step Count: 7346224 | Episode Q0:    49.16
Episode: 4632/7000 | Episode reward:   316.89 | Episode steps: 1021 | Average reward:   192.77 | Step Count: 7347245 | Episode Q0:    49.16
Episode: 4633/7000 | Episode reward:   422.64 | Episode steps: 1646 | Average reward:   199.00 | Step Count: 7348891 | Episode Q0:    49.16
Episode: 4634/7000 | Episode reward:   242.22 | Episode steps:  662 | Average reward:   214.95 | Step Count: 7349553 | Episode Q0:    49.16
Episode: 4635/7000 | Episode reward:   216.33 | Episode steps:  626 | Average reward:   209.09 | Step Count: 7350179 | Episode Q0:    49.16
Episode: 4636/7000 | Episode reward:    19.19 | Episode steps:  102 | Average reward:   205.98 | Step Count: 7350281 | Episode Q0:    49.16
Episode: 4637/7000 | Episode reward:   179.90 | Episode steps:  474 | Average reward:   202.15 | Step Count: 7350755 | Episode Q0:    49.16
Episode: 4638/7000 | Episode reward:   547.86 | Episode steps: 2500 | Average reward:   250.68 | Step Count: 7353255 | Episode Q0:    51.20
Episode: 4639/7000 | Episode reward:   222.08 | Episode steps: 1332 | Average reward:   264.29 | Step Count: 7354587 | Episode Q0:    51.20
Episode: 4640/7000 | Episode reward:   355.36 | Episode steps: 1311 | Average reward:   281.51 | Step Count: 7355898 | Episode Q0:    51.20
Episode: 4641/7000 | Episode reward:   218.14 | Episode steps:  666 | Average reward:   274.06 | Step Count: 7356564 | Episode Q0:    51.20
Episode: 4642/7000 | Episode reward:   169.13 | Episode steps: 1142 | Average reward:   259.28 | Step Count: 7357706 | Episode Q0:    51.20
Episode: 4643/7000 | Episode reward:   562.98 | Episode steps: 2500 | Average reward:   273.32 | Step Count: 7360206 | Episode Q0:    51.20
Episode: 4644/7000 | Episode reward:   284.10 | Episode steps:  840 | Average reward:   277.51 | Step Count: 7361046 | Episode Q0:    51.20
Episode: 4645/7000 | Episode reward:   647.10 | Episode steps: 2500 | Average reward:   320.58 | Step Count: 7363546 | Episode Q0:    51.20
Episode: 4646/7000 | Episode reward:   621.94 | Episode steps: 2479 | Average reward:   380.86 | Step Count: 7366025 | Episode Q0:    51.20
Episode: 4647/7000 | Episode reward:   788.52 | Episode steps: 2500 | Average reward:   441.72 | Step Count: 7368525 | Episode Q0:    51.20
Episode: 4648/7000 | Episode reward:   750.14 | Episode steps: 2500 | Average reward:   461.95 | Step Count: 7371025 | Episode Q0:    51.20
Episode: 4649/7000 | Episode reward:   537.86 | Episode steps: 2500 | Average reward:   493.53 | Step Count: 7373525 | Episode Q0:    51.20
Episode: 4650/7000 | Episode reward:   182.39 | Episode steps:  543 | Average reward:   476.23 | Step Count: 7374068 | Episode Q0:    51.20
Episode: 4651/7000 | Episode reward:   760.05 | Episode steps: 2500 | Average reward:   530.42 | Step Count: 7376568 | Episode Q0:    51.20
Episode: 4652/7000 | Episode reward:   400.05 | Episode steps: 1940 | Average reward:   553.51 | Step Count: 7378508 | Episode Q0:    51.20
Episode: 4653/7000 | Episode reward:   349.89 | Episode steps: 1019 | Average reward:   532.20 | Step Count: 7379527 | Episode Q0:    51.20
Episode: 4654/7000 | Episode reward:   268.19 | Episode steps:  754 | Average reward:   530.61 | Step Count: 7380281 | Episode Q0:    51.20
Episode: 4655/7000 | Episode reward:   721.34 | Episode steps: 2500 | Average reward:   538.04 | Step Count: 7382781 | Episode Q0:    51.20
Episode: 4656/7000 | Episode reward:   413.72 | Episode steps: 1179 | Average reward:   517.21 | Step Count: 7383960 | Episode Q0:    51.20
Episode: 4657/7000 | Episode reward:   601.28 | Episode steps: 2500 | Average reward:   498.49 | Step Count: 7386460 | Episode Q0:    51.20
Episode: 4658/7000 | Episode reward:   470.65 | Episode steps: 2030 | Average reward:   470.54 | Step Count: 7388490 | Episode Q0:    51.20
Episode: 4659/7000 | Episode reward:   659.76 | Episode steps: 2500 | Average reward:   482.73 | Step Count: 7390990 | Episode Q0:    51.20
Episode: 4660/7000 | Episode reward:   825.29 | Episode steps: 2500 | Average reward:   547.02 | Step Count: 7393490 | Episode Q0:    51.20
Episode: 4661/7000 | Episode reward:   266.02 | Episode steps:  489 | Average reward:   497.62 | Step Count: 7393979 | Episode Q0:    51.20
Episode: 4662/7000 | Episode reward:   106.09 | Episode steps:  306 | Average reward:   468.22 | Step Count: 7394285 | Episode Q0:    51.20
Episode: 4663/7000 | Episode reward:   104.26 | Episode steps:  283 | Average reward:   443.66 | Step Count: 7394568 | Episode Q0:    51.20
Episode: 4664/7000 | Episode reward:   131.30 | Episode steps:  438 | Average reward:   429.97 | Step Count: 7395006 | Episode Q0:    51.20
Episode: 4665/7000 | Episode reward:   260.82 | Episode steps:  734 | Average reward:   383.92 | Step Count: 7395740 | Episode Q0:    51.20
Episode: 4666/7000 | Episode reward:    91.98 | Episode steps:  280 | Average reward:   351.75 | Step Count: 7396020 | Episode Q0:    51.20
Episode: 4667/7000 | Episode reward:   145.05 | Episode steps:  462 | Average reward:   306.12 | Step Count: 7396482 | Episode Q0:    51.20
Episode: 4668/7000 | Episode reward:    63.79 | Episode steps:  149 | Average reward:   265.44 | Step Count: 7396631 | Episode Q0:    50.88
Episode: 4669/7000 | Episode reward:    38.36 | Episode steps:  156 | Average reward:   203.30 | Step Count: 7396787 | Episode Q0:    50.88
Episode: 4670/7000 | Episode reward:   130.48 | Episode steps:  329 | Average reward:   133.82 | Step Count: 7397116 | Episode Q0:    50.88
Episode: 4671/7000 | Episode reward:   161.04 | Episode steps:  362 | Average reward:   123.32 | Step Count: 7397478 | Episode Q0:    50.88
Episode: 4672/7000 | Episode reward:    65.23 | Episode steps:  167 | Average reward:   119.23 | Step Count: 7397645 | Episode Q0:    50.88
Episode: 4673/7000 | Episode reward:   112.09 | Episode steps:  293 | Average reward:   120.01 | Step Count: 7397938 | Episode Q0:    50.88
Episode: 4674/7000 | Episode reward:    44.69 | Episode steps:  122 | Average reward:   111.35 | Step Count: 7398060 | Episode Q0:    50.88
Episode: 4675/7000 | Episode reward:   143.41 | Episode steps:  327 | Average reward:    99.61 | Step Count: 7398387 | Episode Q0:    50.88
Episode: 4676/7000 | Episode reward:    86.61 | Episode steps:  292 | Average reward:    99.07 | Step Count: 7398679 | Episode Q0:    50.88
Episode: 4677/7000 | Episode reward:   156.43 | Episode steps:  476 | Average reward:   100.21 | Step Count: 7399155 | Episode Q0:    50.88
Episode: 4678/7000 | Episode reward:   104.49 | Episode steps:  219 | Average reward:   104.28 | Step Count: 7399374 | Episode Q0:    50.88
Episode: 4679/7000 | Episode reward:    34.25 | Episode steps:  123 | Average reward:   103.87 | Step Count: 7399497 | Episode Q0:    50.88
Episode: 4680/7000 | Episode reward:   236.96 | Episode steps:  550 | Average reward:   114.52 | Step Count: 7400047 | Episode Q0:    50.88
Episode: 4681/7000 | Episode reward:   151.63 | Episode steps:  364 | Average reward:   113.58 | Step Count: 7400411 | Episode Q0:    50.88
Episode: 4682/7000 | Episode reward:   392.21 | Episode steps:  857 | Average reward:   146.28 | Step Count: 7401268 | Episode Q0:    50.88
Episode: 4683/7000 | Episode reward:   120.67 | Episode steps:  364 | Average reward:   147.13 | Step Count: 7401632 | Episode Q0:    50.88
Episode: 4684/7000 | Episode reward:   171.76 | Episode steps:  414 | Average reward:   159.84 | Step Count: 7402046 | Episode Q0:    50.88
Episode: 4685/7000 | Episode reward:    93.69 | Episode steps:  229 | Average reward:   154.87 | Step Count: 7402275 | Episode Q0:    50.88
Episode: 4686/7000 | Episode reward:   155.57 | Episode steps:  406 | Average reward:   161.77 | Step Count: 7402681 | Episode Q0:    50.88
Episode: 4687/7000 | Episode reward:   325.36 | Episode steps:  686 | Average reward:   178.66 | Step Count: 7403367 | Episode Q0:    50.88
Episode: 4688/7000 | Episode reward:   349.14 | Episode steps: 1658 | Average reward:   203.12 | Step Count: 7405025 | Episode Q0:    47.21
Episode: 4689/7000 | Episode reward:   772.34 | Episode steps: 2500 | Average reward:   276.93 | Step Count: 7407525 | Episode Q0:    47.21
Episode: 4690/7000 | Episode reward:   842.58 | Episode steps: 1938 | Average reward:   337.50 | Step Count: 7409463 | Episode Q0:    47.21
Episode: 4691/7000 | Episode reward:   476.73 | Episode steps:  997 | Average reward:   370.01 | Step Count: 7410460 | Episode Q0:    47.21
Episode: 4692/7000 | Episode reward:   461.90 | Episode steps: 1628 | Average reward:   376.97 | Step Count: 7412088 | Episode Q0:    47.21
Episode: 4693/7000 | Episode reward:   828.15 | Episode steps: 2291 | Average reward:   447.72 | Step Count: 7414379 | Episode Q0:    47.21
Episode: 4694/7000 | Episode reward:   120.35 | Episode steps:  260 | Average reward:   442.58 | Step Count: 7414639 | Episode Q0:    47.21
Episode: 4695/7000 | Episode reward:   183.42 | Episode steps:  439 | Average reward:   451.55 | Step Count: 7415078 | Episode Q0:    47.21
Episode: 4696/7000 | Episode reward:   404.49 | Episode steps: 1109 | Average reward:   476.45 | Step Count: 7416187 | Episode Q0:    47.21
Episode: 4697/7000 | Episode reward:   311.33 | Episode steps:  819 | Average reward:   475.04 | Step Count: 7417006 | Episode Q0:    47.21
Episode: 4698/7000 | Episode reward:   111.23 | Episode steps:  238 | Average reward:   451.25 | Step Count: 7417244 | Episode Q0:    47.21
Episode: 4699/7000 | Episode reward:   446.05 | Episode steps: 1665 | Average reward:   418.62 | Step Count: 7418909 | Episode Q0:    47.21
Episode: 4700/7000 | Episode reward:   103.92 | Episode steps:  239 | Average reward:   344.76 | Step Count: 7419148 | Episode Q0:    47.21
Episode: 4701/7000 | Episode reward:  1005.67 | Episode steps: 2500 | Average reward:   397.65 | Step Count: 7421648 | Episode Q0:    47.21
Episode: 4702/7000 | Episode reward:   310.40 | Episode steps:  424 | Average reward:   382.50 | Step Count: 7422072 | Episode Q0:    47.21
Episode: 4703/7000 | Episode reward:   140.69 | Episode steps:  275 | Average reward:   313.75 | Step Count: 7422347 | Episode Q0:    47.21
Episode: 4704/7000 | Episode reward:   419.76 | Episode steps: 1414 | Average reward:   343.70 | Step Count: 7423761 | Episode Q0:    47.21
Episode: 4705/7000 | Episode reward:   453.04 | Episode steps: 1071 | Average reward:   370.66 | Step Count: 7424832 | Episode Q0:    47.21
Episode: 4706/7000 | Episode reward:   204.04 | Episode steps:  491 | Average reward:   350.61 | Step Count: 7425323 | Episode Q0:    47.21
Episode: 4707/7000 | Episode reward:   304.73 | Episode steps:  800 | Average reward:   349.95 | Step Count: 7426123 | Episode Q0:    47.21
Episode: 4708/7000 | Episode reward:   566.24 | Episode steps: 1458 | Average reward:   395.45 | Step Count: 7427581 | Episode Q0:    47.21
Episode: 4709/7000 | Episode reward:   433.33 | Episode steps: 1204 | Average reward:   394.18 | Step Count: 7428785 | Episode Q0:    47.21
Episode: 4710/7000 | Episode reward:   109.05 | Episode steps:  243 | Average reward:   394.69 | Step Count: 7429028 | Episode Q0:    47.21
Episode: 4711/7000 | Episode reward:   215.10 | Episode steps:  587 | Average reward:   315.64 | Step Count: 7429615 | Episode Q0:    47.21
Episode: 4712/7000 | Episode reward:   318.33 | Episode steps:  993 | Average reward:   316.43 | Step Count: 7430608 | Episode Q0:    47.21
Episode: 4713/7000 | Episode reward:   201.84 | Episode steps:  512 | Average reward:   322.55 | Step Count: 7431120 | Episode Q0:    47.21
Episode: 4714/7000 | Episode reward:   464.58 | Episode steps: 1083 | Average reward:   327.03 | Step Count: 7432203 | Episode Q0:    48.17
Episode: 4715/7000 | Episode reward:   196.75 | Episode steps:  481 | Average reward:   301.40 | Step Count: 7432684 | Episode Q0:    48.17
Episode: 4716/7000 | Episode reward:    29.24 | Episode steps:  127 | Average reward:   283.92 | Step Count: 7432811 | Episode Q0:    48.17
Episode: 4717/7000 | Episode reward:   113.02 | Episode steps:  305 | Average reward:   264.75 | Step Count: 7433116 | Episode Q0:    48.17
Episode: 4718/7000 | Episode reward:   262.01 | Episode steps:  515 | Average reward:   234.32 | Step Count: 7433631 | Episode Q0:    48.17
Episode: 4719/7000 | Episode reward:    85.14 | Episode steps:  279 | Average reward:   199.51 | Step Count: 7433910 | Episode Q0:    48.17
Episode: 4720/7000 | Episode reward:   206.27 | Episode steps:  372 | Average reward:   209.23 | Step Count: 7434282 | Episode Q0:    48.17
Episode: 4721/7000 | Episode reward:   204.39 | Episode steps:  534 | Average reward:   208.16 | Step Count: 7434816 | Episode Q0:    48.17
Episode: 4722/7000 | Episode reward:   164.93 | Episode steps:  469 | Average reward:   192.82 | Step Count: 7435285 | Episode Q0:    48.17
Episode: 4723/7000 | Episode reward:   235.17 | Episode steps:  757 | Average reward:   196.15 | Step Count: 7436042 | Episode Q0:    48.17
Episode: 4724/7000 | Episode reward:    66.49 | Episode steps:  191 | Average reward:   156.34 | Step Count: 7436233 | Episode Q0:    48.17
Episode: 4725/7000 | Episode reward:   134.43 | Episode steps:  459 | Average reward:   150.11 | Step Count: 7436692 | Episode Q0:    48.17
Episode: 4726/7000 | Episode reward:   174.74 | Episode steps:  477 | Average reward:   164.66 | Step Count: 7437169 | Episode Q0:    48.17
Episode: 4727/7000 | Episode reward:   291.10 | Episode steps:  626 | Average reward:   182.47 | Step Count: 7437795 | Episode Q0:    48.17
Episode: 4728/7000 | Episode reward:   434.24 | Episode steps:  873 | Average reward:   199.69 | Step Count: 7438668 | Episode Q0:    48.17
Episode: 4729/7000 | Episode reward:   169.94 | Episode steps:  368 | Average reward:   208.17 | Step Count: 7439036 | Episode Q0:    48.17
Episode: 4730/7000 | Episode reward:   143.25 | Episode steps:  319 | Average reward:   201.87 | Step Count: 7439355 | Episode Q0:    48.17
Episode: 4731/7000 | Episode reward:   104.42 | Episode steps:  233 | Average reward:   191.87 | Step Count: 7439588 | Episode Q0:    48.17
Episode: 4732/7000 | Episode reward:   271.24 | Episode steps:  618 | Average reward:   202.50 | Step Count: 7440206 | Episode Q0:    48.17
Episode: 4733/7000 | Episode reward:   227.07 | Episode steps:  465 | Average reward:   201.69 | Step Count: 7440671 | Episode Q0:    48.17
Episode: 4734/7000 | Episode reward:   190.78 | Episode steps:  525 | Average reward:   214.12 | Step Count: 7441196 | Episode Q0:    48.17
Episode: 4735/7000 | Episode reward:   110.65 | Episode steps:  223 | Average reward:   211.74 | Step Count: 7441419 | Episode Q0:    48.17
Episode: 4736/7000 | Episode reward:    38.86 | Episode steps:  128 | Average reward:   198.16 | Step Count: 7441547 | Episode Q0:    48.17
Episode: 4737/7000 | Episode reward:   421.92 | Episode steps: 1029 | Average reward:   211.24 | Step Count: 7442576 | Episode Q0:    48.17
Episode: 4738/7000 | Episode reward:   384.18 | Episode steps: 2044 | Average reward:   206.23 | Step Count: 7444620 | Episode Q0:    48.67
Episode: 4739/7000 | Episode reward:   377.31 | Episode steps: 1334 | Average reward:   226.97 | Step Count: 7445954 | Episode Q0:    48.67
Episode: 4740/7000 | Episode reward:   353.29 | Episode steps:  909 | Average reward:   247.97 | Step Count: 7446863 | Episode Q0:    48.67
Episode: 4741/7000 | Episode reward:   556.13 | Episode steps: 2248 | Average reward:   293.14 | Step Count: 7449111 | Episode Q0:    48.67
Episode: 4742/7000 | Episode reward:   112.78 | Episode steps:  327 | Average reward:   277.30 | Step Count: 7449438 | Episode Q0:    48.67
Episode: 4743/7000 | Episode reward:   249.39 | Episode steps:  725 | Average reward:   279.53 | Step Count: 7450163 | Episode Q0:    48.67
Episode: 4744/7000 | Episode reward:   336.73 | Episode steps:  777 | Average reward:   294.12 | Step Count: 7450940 | Episode Q0:    48.67
Episode: 4745/7000 | Episode reward:    78.21 | Episode steps:  217 | Average reward:   290.88 | Step Count: 7451157 | Episode Q0:    48.67
Episode: 4746/7000 | Episode reward:   171.66 | Episode steps:  507 | Average reward:   304.16 | Step Count: 7451664 | Episode Q0:    48.67
Episode: 4747/7000 | Episode reward:    89.40 | Episode steps:  292 | Average reward:   270.91 | Step Count: 7451956 | Episode Q0:    48.67
Episode: 4748/7000 | Episode reward:   542.92 | Episode steps: 1325 | Average reward:   286.78 | Step Count: 7453281 | Episode Q0:    48.67
Episode: 4749/7000 | Episode reward:   480.49 | Episode steps: 1145 | Average reward:   297.10 | Step Count: 7454426 | Episode Q0:    48.67
Episode: 4750/7000 | Episode reward:   110.03 | Episode steps:  336 | Average reward:   272.77 | Step Count: 7454762 | Episode Q0:    48.67
Episode: 4751/7000 | Episode reward:   158.99 | Episode steps:  307 | Average reward:   233.06 | Step Count: 7455069 | Episode Q0:    48.67
Episode: 4752/7000 | Episode reward:   150.61 | Episode steps:  337 | Average reward:   236.84 | Step Count: 7455406 | Episode Q0:    48.67
Episode: 4753/7000 | Episode reward:    98.41 | Episode steps:  194 | Average reward:   221.75 | Step Count: 7455600 | Episode Q0:    48.67
Episode: 4754/7000 | Episode reward:   362.21 | Episode steps:  694 | Average reward:   224.29 | Step Count: 7456294 | Episode Q0:    48.67
Episode: 4755/7000 | Episode reward:   101.09 | Episode steps:  279 | Average reward:   226.58 | Step Count: 7456573 | Episode Q0:    48.67
Episode: 4756/7000 | Episode reward:   155.22 | Episode steps:  599 | Average reward:   224.94 | Step Count: 7457172 | Episode Q0:    48.67
Episode: 4757/7000 | Episode reward:   119.39 | Episode steps:  309 | Average reward:   227.94 | Step Count: 7457481 | Episode Q0:    48.67
Episode: 4758/7000 | Episode reward:   132.32 | Episode steps:  362 | Average reward:   186.88 | Step Count: 7457843 | Episode Q0:    48.67
Episode: 4759/7000 | Episode reward:   187.79 | Episode steps:  383 | Average reward:   157.61 | Step Count: 7458226 | Episode Q0:    48.67
Episode: 4760/7000 | Episode reward:   299.74 | Episode steps:  788 | Average reward:   176.58 | Step Count: 7459014 | Episode Q0:    48.67
Episode: 4761/7000 | Episode reward:   180.00 | Episode steps:  315 | Average reward:   178.68 | Step Count: 7459329 | Episode Q0:    48.67
Episode: 4762/7000 | Episode reward:   160.00 | Episode steps:  496 | Average reward:   179.62 | Step Count: 7459825 | Episode Q0:    48.67
Episode: 4763/7000 | Episode reward:    62.71 | Episode steps:  144 | Average reward:   176.05 | Step Count: 7459969 | Episode Q0:    48.67
Episode: 4764/7000 | Episode reward:    57.55 | Episode steps:  184 | Average reward:   145.58 | Step Count: 7460153 | Episode Q0:    48.67
Episode: 4765/7000 | Episode reward:   144.89 | Episode steps:  329 | Average reward:   149.96 | Step Count: 7460482 | Episode Q0:    48.67
Episode: 4766/7000 | Episode reward:    54.38 | Episode steps:  147 | Average reward:   139.88 | Step Count: 7460629 | Episode Q0:    48.67
Episode: 4767/7000 | Episode reward:   387.42 | Episode steps:  977 | Average reward:   166.68 | Step Count: 7461606 | Episode Q0:    51.29
Episode: 4768/7000 | Episode reward:    79.30 | Episode steps:  214 | Average reward:   161.38 | Step Count: 7461820 | Episode Q0:    51.29
Episode: 4769/7000 | Episode reward:   221.39 | Episode steps:  668 | Average reward:   164.74 | Step Count: 7462488 | Episode Q0:    51.29
Episode: 4770/7000 | Episode reward:    95.63 | Episode steps:  173 | Average reward:   144.33 | Step Count: 7462661 | Episode Q0:    51.29
Episode: 4771/7000 | Episode reward:   217.09 | Episode steps:  774 | Average reward:   148.03 | Step Count: 7463435 | Episode Q0:    51.29
Episode: 4772/7000 | Episode reward:   547.66 | Episode steps: 1256 | Average reward:   186.80 | Step Count: 7464691 | Episode Q0:    51.29
Episode: 4773/7000 | Episode reward:   207.97 | Episode steps:  521 | Average reward:   201.33 | Step Count: 7465212 | Episode Q0:    51.29
Episode: 4774/7000 | Episode reward:   131.91 | Episode steps:  322 | Average reward:   208.76 | Step Count: 7465534 | Episode Q0:    51.29
Episode: 4775/7000 | Episode reward:   229.91 | Episode steps:  497 | Average reward:   217.27 | Step Count: 7466031 | Episode Q0:    51.29
Episode: 4776/7000 | Episode reward:   164.33 | Episode steps:  350 | Average reward:   228.26 | Step Count: 7466381 | Episode Q0:    51.29
Episode: 4777/7000 | Episode reward:   116.20 | Episode steps:  435 | Average reward:   201.14 | Step Count: 7466816 | Episode Q0:    51.29
Episode: 4778/7000 | Episode reward:    44.89 | Episode steps:  153 | Average reward:   197.70 | Step Count: 7466969 | Episode Q0:    51.29
Episode: 4779/7000 | Episode reward:   226.60 | Episode steps:  451 | Average reward:   198.22 | Step Count: 7467420 | Episode Q0:    51.29
Episode: 4780/7000 | Episode reward:   140.30 | Episode steps:  396 | Average reward:   202.69 | Step Count: 7467816 | Episode Q0:    51.29
Episode: 4781/7000 | Episode reward:   160.20 | Episode steps:  423 | Average reward:   197.00 | Step Count: 7468239 | Episode Q0:    51.29
Episode: 4782/7000 | Episode reward:   146.09 | Episode steps:  452 | Average reward:   156.84 | Step Count: 7468691 | Episode Q0:    51.29
Episode: 4783/7000 | Episode reward:    99.19 | Episode steps:  315 | Average reward:   145.96 | Step Count: 7469006 | Episode Q0:    51.29
Episode: 4784/7000 | Episode reward:   155.82 | Episode steps:  299 | Average reward:   148.35 | Step Count: 7469305 | Episode Q0:    51.29
Episode: 4785/7000 | Episode reward:   164.45 | Episode steps:  330 | Average reward:   141.81 | Step Count: 7469635 | Episode Q0:    51.29
Episode: 4786/7000 | Episode reward:    64.22 | Episode steps:  183 | Average reward:   131.80 | Step Count: 7469818 | Episode Q0:    51.29
Episode: 4787/7000 | Episode reward:   229.13 | Episode steps:  633 | Average reward:   143.09 | Step Count: 7470451 | Episode Q0:    51.29
Episode: 4788/7000 | Episode reward:   177.44 | Episode steps:  511 | Average reward:   156.34 | Step Count: 7470962 | Episode Q0:    51.29
Episode: 4789/7000 | Episode reward:   150.90 | Episode steps:  341 | Average reward:   148.77 | Step Count: 7471303 | Episode Q0:    51.29
Episode: 4790/7000 | Episode reward:    97.55 | Episode steps:  305 | Average reward:   144.50 | Step Count: 7471608 | Episode Q0:    51.29
Episode: 4791/7000 | Episode reward:   182.10 | Episode steps: 1115 | Average reward:   146.69 | Step Count: 7472723 | Episode Q0:    51.29
Episode: 4792/7000 | Episode reward:    46.19 | Episode steps:  122 | Average reward:   136.70 | Step Count: 7472845 | Episode Q0:    51.29
Episode: 4793/7000 | Episode reward:    20.99 | Episode steps:   93 | Average reward:   128.88 | Step Count: 7472938 | Episode Q0:    51.29
Episode: 4794/7000 | Episode reward:    97.44 | Episode steps:  266 | Average reward:   123.04 | Step Count: 7473204 | Episode Q0:    46.53
Episode: 4795/7000 | Episode reward:   213.79 | Episode steps:  556 | Average reward:   127.97 | Step Count: 7473760 | Episode Q0:    46.53
Episode: 4796/7000 | Episode reward:   222.40 | Episode steps:  471 | Average reward:   143.79 | Step Count: 7474231 | Episode Q0:    46.53
Episode: 4797/7000 | Episode reward:   343.69 | Episode steps:  940 | Average reward:   155.25 | Step Count: 7475171 | Episode Q0:    46.53
Episode: 4798/7000 | Episode reward:    91.14 | Episode steps:  274 | Average reward:   146.62 | Step Count: 7475445 | Episode Q0:    46.53
Episode: 4799/7000 | Episode reward:   222.25 | Episode steps:  563 | Average reward:   153.75 | Step Count: 7476008 | Episode Q0:    46.53
Episode: 4800/7000 | Episode reward:    37.17 | Episode steps:  144 | Average reward:   147.72 | Step Count: 7476152 | Episode Q0:    46.53
Episode: 4801/7000 | Episode reward:   182.56 | Episode steps:  431 | Average reward:   147.76 | Step Count: 7476583 | Episode Q0:    46.53
Episode: 4802/7000 | Episode reward:    93.65 | Episode steps:  277 | Average reward:   152.51 | Step Count: 7476860 | Episode Q0:    46.53
Episode: 4803/7000 | Episode reward:   201.62 | Episode steps:  630 | Average reward:   170.57 | Step Count: 7477490 | Episode Q0:    46.53
Episode: 4804/7000 | Episode reward:   154.72 | Episode steps:  339 | Average reward:   176.30 | Step Count: 7477829 | Episode Q0:    46.53
Episode: 4805/7000 | Episode reward:    49.66 | Episode steps:  148 | Average reward:   159.89 | Step Count: 7477977 | Episode Q0:    46.53
Episode: 4806/7000 | Episode reward:   308.39 | Episode steps:  738 | Average reward:   168.49 | Step Count: 7478715 | Episode Q0:    46.53
Episode: 4807/7000 | Episode reward:    39.48 | Episode steps:  163 | Average reward:   138.06 | Step Count: 7478878 | Episode Q0:    46.53
Episode: 4808/7000 | Episode reward:    90.06 | Episode steps:  295 | Average reward:   137.96 | Step Count: 7479173 | Episode Q0:    46.53
Episode: 4809/7000 | Episode reward:   158.88 | Episode steps:  353 | Average reward:   131.62 | Step Count: 7479526 | Episode Q0:    46.53
Episode: 4810/7000 | Episode reward:    69.55 | Episode steps:  145 | Average reward:   134.86 | Step Count: 7479671 | Episode Q0:    46.53
Episode: 4811/7000 | Episode reward:   644.04 | Episode steps: 2500 | Average reward:   181.01 | Step Count: 7482171 | Episode Q0:    49.51
Episode: 4812/7000 | Episode reward:   388.06 | Episode steps: 2500 | Average reward:   210.45 | Step Count: 7484671 | Episode Q0:    49.51
Episode: 4813/7000 | Episode reward:  1011.82 | Episode steps: 2500 | Average reward:   291.47 | Step Count: 7487171 | Episode Q0:    49.51
Episode: 4814/7000 | Episode reward:   872.32 | Episode steps: 2500 | Average reward:   363.23 | Step Count: 7489671 | Episode Q0:    49.51
Episode: 4815/7000 | Episode reward:   811.01 | Episode steps: 2500 | Average reward:   439.36 | Step Count: 7492171 | Episode Q0:    49.51
Episode: 4816/7000 | Episode reward:   544.74 | Episode steps: 2500 | Average reward:   462.99 | Step Count: 7494671 | Episode Q0:    49.51
Episode: 4817/7000 | Episode reward:   516.50 | Episode steps: 2500 | Average reward:   510.70 | Step Count: 7497171 | Episode Q0:    49.51
Episode: 4818/7000 | Episode reward:   706.90 | Episode steps: 2500 | Average reward:   572.38 | Step Count: 7499671 | Episode Q0:    49.51
Episode: 4819/7000 | Episode reward:   736.92 | Episode steps: 2500 | Average reward:   630.18 | Step Count: 7502171 | Episode Q0:    49.51
Episode: 4820/7000 | Episode reward:   495.98 | Episode steps: 2500 | Average reward:   672.83 | Step Count: 7504671 | Episode Q0:    49.51
Episode: 4821/7000 | Episode reward:   542.48 | Episode steps: 1196 | Average reward:   662.67 | Step Count: 7505867 | Episode Q0:    49.51
Episode: 4822/7000 | Episode reward:   869.98 | Episode steps: 2500 | Average reward:   710.86 | Step Count: 7508367 | Episode Q0:    49.51
Episode: 4823/7000 | Episode reward:   387.91 | Episode steps: 2500 | Average reward:   648.47 | Step Count: 7510867 | Episode Q0:    49.51
Episode: 4824/7000 | Episode reward:  1116.08 | Episode steps: 2500 | Average reward:   672.85 | Step Count: 7513367 | Episode Q0:    49.51
Episode: 4825/7000 | Episode reward:   491.97 | Episode steps: 1991 | Average reward:   640.94 | Step Count: 7515358 | Episode Q0:    49.51
Episode: 4826/7000 | Episode reward:   688.34 | Episode steps: 2500 | Average reward:   655.31 | Step Count: 7517858 | Episode Q0:    49.51
Episode: 4827/7000 | Episode reward:   739.98 | Episode steps: 2500 | Average reward:   677.65 | Step Count: 7520358 | Episode Q0:    49.51
Episode: 4828/7000 | Episode reward:   537.58 | Episode steps: 2500 | Average reward:   660.72 | Step Count: 7522858 | Episode Q0:    49.51
Episode: 4829/7000 | Episode reward:   717.89 | Episode steps: 2500 | Average reward:   658.82 | Step Count: 7525358 | Episode Q0:    49.51
Episode: 4830/7000 | Episode reward:   919.40 | Episode steps: 2500 | Average reward:   701.16 | Step Count: 7527858 | Episode Q0:    49.51
Episode: 4831/7000 | Episode reward:   739.29 | Episode steps: 2500 | Average reward:   720.84 | Step Count: 7530358 | Episode Q0:    49.51
Episode: 4832/7000 | Episode reward:  1074.09 | Episode steps: 2500 | Average reward:   741.25 | Step Count: 7532858 | Episode Q0:    49.51
Episode: 4833/7000 | Episode reward:   662.69 | Episode steps: 2500 | Average reward:   768.73 | Step Count: 7535358 | Episode Q0:    49.51
Episode: 4834/7000 | Episode reward:   301.38 | Episode steps:  987 | Average reward:   687.26 | Step Count: 7536345 | Episode Q0:    49.51
Episode: 4835/7000 | Episode reward:   541.40 | Episode steps: 2500 | Average reward:   692.20 | Step Count: 7538845 | Episode Q0:    49.51
Episode: 4836/7000 | Episode reward:   819.25 | Episode steps: 2500 | Average reward:   705.29 | Step Count: 7541345 | Episode Q0:    49.51
Episode: 4837/7000 | Episode reward:   531.39 | Episode steps: 2272 | Average reward:   684.44 | Step Count: 7543617 | Episode Q0:    49.51
Episode: 4838/7000 | Episode reward:   444.92 | Episode steps: 1390 | Average reward:   675.17 | Step Count: 7545007 | Episode Q0:    52.17
Episode: 4839/7000 | Episode reward:   216.09 | Episode steps:  523 | Average reward:   624.99 | Step Count: 7545530 | Episode Q0:    52.17
Episode: 4840/7000 | Episode reward:   189.07 | Episode steps:  385 | Average reward:   551.96 | Step Count: 7545915 | Episode Q0:    52.17
Episode: 4841/7000 | Episode reward:   307.88 | Episode steps:  729 | Average reward:   508.82 | Step Count: 7546644 | Episode Q0:    52.17
Episode: 4842/7000 | Episode reward:   138.15 | Episode steps:  510 | Average reward:   415.22 | Step Count: 7547154 | Episode Q0:    52.17
Episode: 4843/7000 | Episode reward:   126.85 | Episode steps:  257 | Average reward:   361.64 | Step Count: 7547411 | Episode Q0:    52.17
Episode: 4844/7000 | Episode reward:   177.69 | Episode steps:  768 | Average reward:   349.27 | Step Count: 7548179 | Episode Q0:    52.17
Episode: 4845/7000 | Episode reward:   136.98 | Episode steps:  342 | Average reward:   308.83 | Step Count: 7548521 | Episode Q0:    52.17
Episode: 4846/7000 | Episode reward:   427.82 | Episode steps: 1444 | Average reward:   269.69 | Step Count: 7549965 | Episode Q0:    52.17
Episode: 4847/7000 | Episode reward:    87.46 | Episode steps:  300 | Average reward:   225.29 | Step Count: 7550265 | Episode Q0:    52.17
Episode: 4848/7000 | Episode reward:    45.86 | Episode steps:  132 | Average reward:   185.39 | Step Count: 7550397 | Episode Q0:    52.17
Episode: 4849/7000 | Episode reward:   302.84 | Episode steps:  740 | Average reward:   194.06 | Step Count: 7551137 | Episode Q0:    52.17
Episode: 4850/7000 | Episode reward:    28.29 | Episode steps:  130 | Average reward:   177.98 | Step Count: 7551267 | Episode Q0:    52.17
Episode: 4851/7000 | Episode reward:   126.04 | Episode steps:  339 | Average reward:   159.80 | Step Count: 7551606 | Episode Q0:    52.17
Episode: 4852/7000 | Episode reward:   123.88 | Episode steps:  341 | Average reward:   158.37 | Step Count: 7551947 | Episode Q0:    52.17
Episode: 4853/7000 | Episode reward:   197.58 | Episode steps:  518 | Average reward:   165.44 | Step Count: 7552465 | Episode Q0:    52.17
Episode: 4854/7000 | Episode reward:   192.53 | Episode steps:  554 | Average reward:   166.93 | Step Count: 7553019 | Episode Q0:    52.17
Episode: 4855/7000 | Episode reward:  1068.22 | Episode steps: 2500 | Average reward:   260.05 | Step Count: 7555519 | Episode Q0:    45.33
Episode: 4856/7000 | Episode reward:   636.43 | Episode steps: 2500 | Average reward:   280.91 | Step Count: 7558019 | Episode Q0:    45.33
Episode: 4857/7000 | Episode reward:   584.14 | Episode steps: 2500 | Average reward:   330.58 | Step Count: 7560519 | Episode Q0:    45.33
Episode: 4858/7000 | Episode reward:   351.50 | Episode steps:  917 | Average reward:   361.15 | Step Count: 7561436 | Episode Q0:    45.33
Episode: 4859/7000 | Episode reward:   562.05 | Episode steps: 2500 | Average reward:   387.07 | Step Count: 7563936 | Episode Q0:    45.33
Episode: 4860/7000 | Episode reward:   793.86 | Episode steps: 2500 | Average reward:   463.62 | Step Count: 7566436 | Episode Q0:    45.33
Episode: 4861/7000 | Episode reward:   567.96 | Episode steps: 2500 | Average reward:   507.82 | Step Count: 7568936 | Episode Q0:    45.33
Episode: 4862/7000 | Episode reward:   762.85 | Episode steps: 2500 | Average reward:   571.71 | Step Count: 7571436 | Episode Q0:    45.33
Episode: 4863/7000 | Episode reward:   903.32 | Episode steps: 2500 | Average reward:   642.29 | Step Count: 7573936 | Episode Q0:    45.33
Episode: 4864/7000 | Episode reward:   941.00 | Episode steps: 2500 | Average reward:   717.13 | Step Count: 7576436 | Episode Q0:    45.33
Episode: 4865/7000 | Episode reward:   617.14 | Episode steps: 2132 | Average reward:   672.03 | Step Count: 7578568 | Episode Q0:    45.33
Episode: 4866/7000 | Episode reward:   501.15 | Episode steps: 2500 | Average reward:   658.50 | Step Count: 7581068 | Episode Q0:    45.33
Episode: 4867/7000 | Episode reward:   792.01 | Episode steps: 2500 | Average reward:   679.28 | Step Count: 7583568 | Episode Q0:    45.33
Episode: 4868/7000 | Episode reward:   509.30 | Episode steps: 2500 | Average reward:   695.06 | Step Count: 7586068 | Episode Q0:    45.33
Episode: 4869/7000 | Episode reward:   405.46 | Episode steps: 1378 | Average reward:   679.41 | Step Count: 7587446 | Episode Q0:    45.33
Episode: 4870/7000 | Episode reward:   853.05 | Episode steps: 2500 | Average reward:   685.32 | Step Count: 7589946 | Episode Q0:    45.33
Episode: 4871/7000 | Episode reward:   577.13 | Episode steps: 2500 | Average reward:   686.24 | Step Count: 7592446 | Episode Q0:    45.33
Episode: 4872/7000 | Episode reward:   915.89 | Episode steps: 2500 | Average reward:   701.55 | Step Count: 7594946 | Episode Q0:    45.33
Episode: 4873/7000 | Episode reward:  1017.16 | Episode steps: 2500 | Average reward:   712.93 | Step Count: 7597446 | Episode Q0:    45.33
Episode: 4874/7000 | Episode reward:   712.29 | Episode steps: 2500 | Average reward:   690.06 | Step Count: 7599946 | Episode Q0:    45.33
Episode: 4875/7000 | Episode reward:   379.80 | Episode steps: 2500 | Average reward:   666.32 | Step Count: 7602446 | Episode Q0:    45.33
Episode: 4876/7000 | Episode reward:   553.45 | Episode steps: 2500 | Average reward:   671.55 | Step Count: 7604946 | Episode Q0:    45.33
Episode: 4877/7000 | Episode reward:   704.00 | Episode steps: 1763 | Average reward:   662.75 | Step Count: 7606709 | Episode Q0:    45.33
Episode: 4878/7000 | Episode reward:   664.33 | Episode steps: 2500 | Average reward:   678.26 | Step Count: 7609209 | Episode Q0:    45.33
Episode: 4879/7000 | Episode reward:   378.42 | Episode steps: 1106 | Average reward:   675.55 | Step Count: 7610315 | Episode Q0:    45.33
Episode: 4880/7000 | Episode reward:   524.23 | Episode steps: 2500 | Average reward:   642.67 | Step Count: 7612815 | Episode Q0:    45.33
Episode: 4881/7000 | Episode reward:   377.79 | Episode steps: 2500 | Average reward:   622.74 | Step Count: 7615315 | Episode Q0:    45.33
Episode: 4882/7000 | Episode reward:   361.98 | Episode steps: 1107 | Average reward:   567.34 | Step Count: 7616422 | Episode Q0:    50.96
Episode: 4883/7000 | Episode reward:   290.50 | Episode steps: 1000 | Average reward:   494.68 | Step Count: 7617422 | Episode Q0:    50.96
Episode: 4884/7000 | Episode reward:   148.77 | Episode steps:  355 | Average reward:   438.33 | Step Count: 7617777 | Episode Q0:    50.96
Episode: 4885/7000 | Episode reward:   539.68 | Episode steps: 2500 | Average reward:   454.31 | Step Count: 7620277 | Episode Q0:    50.96
Episode: 4886/7000 | Episode reward:   710.04 | Episode steps: 2500 | Average reward:   469.97 | Step Count: 7622777 | Episode Q0:    50.96
Episode: 4887/7000 | Episode reward:   483.55 | Episode steps: 1679 | Average reward:   447.93 | Step Count: 7624456 | Episode Q0:    50.96
Episode: 4888/7000 | Episode reward:   186.65 | Episode steps:  511 | Average reward:   400.16 | Step Count: 7624967 | Episode Q0:    50.96
Episode: 4889/7000 | Episode reward:   466.29 | Episode steps: 2500 | Average reward:   408.95 | Step Count: 7627467 | Episode Q0:    50.96
Episode: 4890/7000 | Episode reward:   403.22 | Episode steps: 1090 | Average reward:   396.85 | Step Count: 7628557 | Episode Q0:    50.96
Episode: 4891/7000 | Episode reward:   281.45 | Episode steps:  621 | Average reward:   387.21 | Step Count: 7629178 | Episode Q0:    50.96
Episode: 4892/7000 | Episode reward:   110.34 | Episode steps:  429 | Average reward:   362.05 | Step Count: 7629607 | Episode Q0:    50.96
Episode: 4893/7000 | Episode reward:   393.89 | Episode steps: 2500 | Average reward:   372.39 | Step Count: 7632107 | Episode Q0:    50.96
Episode: 4894/7000 | Episode reward:   398.52 | Episode steps:  953 | Average reward:   397.36 | Step Count: 7633060 | Episode Q0:    50.96
Episode: 4895/7000 | Episode reward:   938.25 | Episode steps: 2500 | Average reward:   437.22 | Step Count: 7635560 | Episode Q0:    50.96
Episode: 4896/7000 | Episode reward:   509.35 | Episode steps: 2279 | Average reward:   417.15 | Step Count: 7637839 | Episode Q0:    50.96
Episode: 4897/7000 | Episode reward:    35.56 | Episode steps:  126 | Average reward:   372.35 | Step Count: 7637965 | Episode Q0:    50.96
Episode: 4898/7000 | Episode reward:   180.48 | Episode steps:  851 | Average reward:   371.73 | Step Count: 7638816 | Episode Q0:    50.96
Episode: 4899/7000 | Episode reward:   195.85 | Episode steps:  300 | Average reward:   344.69 | Step Count: 7639116 | Episode Q0:    50.96
Episode: 4900/7000 | Episode reward:   334.23 | Episode steps: 1336 | Average reward:   337.79 | Step Count: 7640452 | Episode Q0:    48.97
Episode: 4901/7000 | Episode reward:   799.62 | Episode steps: 2500 | Average reward:   389.61 | Step Count: 7642952 | Episode Q0:    48.97
Episode: 4902/7000 | Episode reward:   334.32 | Episode steps: 1068 | Average reward:   412.01 | Step Count: 7644020 | Episode Q0:    48.97
Episode: 4903/7000 | Episode reward:   626.62 | Episode steps: 2500 | Average reward:   435.28 | Step Count: 7646520 | Episode Q0:    48.97
Episode: 4904/7000 | Episode reward:   288.04 | Episode steps: 1056 | Average reward:   424.23 | Step Count: 7647576 | Episode Q0:    48.97
Episode: 4905/7000 | Episode reward:   391.31 | Episode steps: 1080 | Average reward:   369.54 | Step Count: 7648656 | Episode Q0:    48.97
Episode: 4906/7000 | Episode reward:   428.66 | Episode steps: 1163 | Average reward:   361.47 | Step Count: 7649819 | Episode Q0:    48.97
Episode: 4907/7000 | Episode reward:   146.60 | Episode steps:  462 | Average reward:   372.57 | Step Count: 7650281 | Episode Q0:    48.97
Episode: 4908/7000 | Episode reward:   228.61 | Episode steps:  839 | Average reward:   377.39 | Step Count: 7651120 | Episode Q0:    48.97
Episode: 4909/7000 | Episode reward:   668.03 | Episode steps: 2500 | Average reward:   424.60 | Step Count: 7653620 | Episode Q0:    48.97
Episode: 4910/7000 | Episode reward:   227.85 | Episode steps:  815 | Average reward:   413.97 | Step Count: 7654435 | Episode Q0:    48.97
Episode: 4911/7000 | Episode reward:   832.92 | Episode steps: 2500 | Average reward:   417.30 | Step Count: 7656935 | Episode Q0:    48.97
Episode: 4912/7000 | Episode reward:   201.31 | Episode steps:  504 | Average reward:   404.00 | Step Count: 7657439 | Episode Q0:    48.97
Episode: 4913/7000 | Episode reward:   667.99 | Episode steps: 2056 | Average reward:   408.13 | Step Count: 7659495 | Episode Q0:    48.97
Episode: 4914/7000 | Episode reward:   718.33 | Episode steps: 2500 | Average reward:   451.16 | Step Count: 7661995 | Episode Q0:    48.97
Episode: 4915/7000 | Episode reward:   193.68 | Episode steps:  543 | Average reward:   431.40 | Step Count: 7662538 | Episode Q0:    48.97
Episode: 4916/7000 | Episode reward:    96.84 | Episode steps:  305 | Average reward:   398.22 | Step Count: 7662843 | Episode Q0:    48.97
Episode: 4917/7000 | Episode reward:   431.45 | Episode steps: 1322 | Average reward:   426.70 | Step Count: 7664165 | Episode Q0:    48.97
Episode: 4918/7000 | Episode reward:   566.66 | Episode steps: 2500 | Average reward:   460.51 | Step Count: 7666665 | Episode Q0:    48.97
Episode: 4919/7000 | Episode reward:   389.46 | Episode steps: 1191 | Average reward:   432.65 | Step Count: 7667856 | Episode Q0:    48.97
Episode: 4920/7000 | Episode reward:   223.49 | Episode steps:  568 | Average reward:   432.21 | Step Count: 7668424 | Episode Q0:    48.97
Episode: 4921/7000 | Episode reward:    30.66 | Episode steps:  127 | Average reward:   351.99 | Step Count: 7668551 | Episode Q0:    48.97
Episode: 4922/7000 | Episode reward:   245.58 | Episode steps:  706 | Average reward:   356.42 | Step Count: 7669257 | Episode Q0:    48.97
Episode: 4923/7000 | Episode reward:   165.91 | Episode steps:  516 | Average reward:   306.21 | Step Count: 7669773 | Episode Q0:    48.97
Episode: 4924/7000 | Episode reward:   441.41 | Episode steps:  994 | Average reward:   278.52 | Step Count: 7670767 | Episode Q0:    48.97
Episode: 4925/7000 | Episode reward:   561.72 | Episode steps: 2500 | Average reward:   315.32 | Step Count: 7673267 | Episode Q0:    48.97
Episode: 4926/7000 | Episode reward:   284.35 | Episode steps:  837 | Average reward:   334.07 | Step Count: 7674104 | Episode Q0:    48.97
Episode: 4927/7000 | Episode reward:    67.80 | Episode steps:  158 | Average reward:   297.70 | Step Count: 7674262 | Episode Q0:    51.73
Episode: 4928/7000 | Episode reward:   291.22 | Episode steps:  786 | Average reward:   270.16 | Step Count: 7675048 | Episode Q0:    51.73
Episode: 4929/7000 | Episode reward:   637.42 | Episode steps: 2500 | Average reward:   294.96 | Step Count: 7677548 | Episode Q0:    51.73
Episode: 4930/7000 | Episode reward:   184.89 | Episode steps:  500 | Average reward:   291.10 | Step Count: 7678048 | Episode Q0:    51.73
Episode: 4931/7000 | Episode reward:   792.61 | Episode steps: 2500 | Average reward:   367.29 | Step Count: 7680548 | Episode Q0:    51.73
Episode: 4932/7000 | Episode reward:   415.77 | Episode steps:  845 | Average reward:   384.31 | Step Count: 7681393 | Episode Q0:    51.73
Episode: 4933/7000 | Episode reward:   344.36 | Episode steps:  966 | Average reward:   402.15 | Step Count: 7682359 | Episode Q0:    51.73
Episode: 4934/7000 | Episode reward:    99.61 | Episode steps:  239 | Average reward:   367.98 | Step Count: 7682598 | Episode Q0:    51.73
Episode: 4935/7000 | Episode reward:   253.21 | Episode steps:  806 | Average reward:   337.12 | Step Count: 7683404 | Episode Q0:    51.73
Episode: 4936/7000 | Episode reward:    81.73 | Episode steps:  240 | Average reward:   316.86 | Step Count: 7683644 | Episode Q0:    51.73
Episode: 4937/7000 | Episode reward:    42.80 | Episode steps:  126 | Average reward:   314.36 | Step Count: 7683770 | Episode Q0:    51.73
Episode: 4938/7000 | Episode reward:   357.08 | Episode steps:  770 | Average reward:   320.95 | Step Count: 7684540 | Episode Q0:    51.73
Episode: 4939/7000 | Episode reward:   607.25 | Episode steps: 2243 | Average reward:   317.93 | Step Count: 7686783 | Episode Q0:    51.73
Episode: 4940/7000 | Episode reward:   179.17 | Episode steps:  526 | Average reward:   317.36 | Step Count: 7687309 | Episode Q0:    51.73
Episode: 4941/7000 | Episode reward:   596.25 | Episode steps: 1565 | Average reward:   297.72 | Step Count: 7688874 | Episode Q0:    51.73
Episode: 4942/7000 | Episode reward:   344.12 | Episode steps: 1029 | Average reward:   290.56 | Step Count: 7689903 | Episode Q0:    51.73
Episode: 4943/7000 | Episode reward:   612.29 | Episode steps: 2500 | Average reward:   317.35 | Step Count: 7692403 | Episode Q0:    51.73
Episode: 4944/7000 | Episode reward:   111.61 | Episode steps:  259 | Average reward:   318.55 | Step Count: 7692662 | Episode Q0:    51.73
Episode: 4945/7000 | Episode reward:   165.80 | Episode steps:  366 | Average reward:   309.81 | Step Count: 7693028 | Episode Q0:    51.73
Episode: 4946/7000 | Episode reward:   226.43 | Episode steps:  486 | Average reward:   324.28 | Step Count: 7693514 | Episode Q0:    51.73
Episode: 4947/7000 | Episode reward:   276.35 | Episode steps:  756 | Average reward:   347.64 | Step Count: 7694270 | Episode Q0:    51.73
Episode: 4948/7000 | Episode reward:   256.97 | Episode steps:  610 | Average reward:   337.62 | Step Count: 7694880 | Episode Q0:    51.73
Episode: 4949/7000 | Episode reward:   101.07 | Episode steps:  194 | Average reward:   287.01 | Step Count: 7695074 | Episode Q0:    51.73
Episode: 4950/7000 | Episode reward:    63.56 | Episode steps:  151 | Average reward:   275.45 | Step Count: 7695225 | Episode Q0:    51.73
Episode: 4951/7000 | Episode reward:   380.79 | Episode steps: 1071 | Average reward:   253.90 | Step Count: 7696296 | Episode Q0:    50.98
Episode: 4952/7000 | Episode reward:   140.80 | Episode steps:  354 | Average reward:   233.57 | Step Count: 7696650 | Episode Q0:    50.98
Episode: 4953/7000 | Episode reward:   386.37 | Episode steps:  995 | Average reward:   210.98 | Step Count: 7697645 | Episode Q0:    50.98
Episode: 4954/7000 | Episode reward:   216.10 | Episode steps:  358 | Average reward:   221.42 | Step Count: 7698003 | Episode Q0:    50.98
Episode: 4955/7000 | Episode reward:   152.52 | Episode steps:  491 | Average reward:   220.09 | Step Count: 7698494 | Episode Q0:    50.98
Episode: 4956/7000 | Episode reward:   170.68 | Episode steps:  509 | Average reward:   214.52 | Step Count: 7699003 | Episode Q0:    50.98
Episode: 4957/7000 | Episode reward:   207.17 | Episode steps:  630 | Average reward:   207.60 | Step Count: 7699633 | Episode Q0:    50.98
Episode: 4958/7000 | Episode reward:   131.39 | Episode steps:  449 | Average reward:   195.04 | Step Count: 7700082 | Episode Q0:    50.98
Episode: 4959/7000 | Episode reward:   125.76 | Episode steps:  264 | Average reward:   197.51 | Step Count: 7700346 | Episode Q0:    50.98
Episode: 4960/7000 | Episode reward:    85.85 | Episode steps:  222 | Average reward:   199.74 | Step Count: 7700568 | Episode Q0:    50.98
Episode: 4961/7000 | Episode reward:   217.52 | Episode steps:  819 | Average reward:   183.42 | Step Count: 7701387 | Episode Q0:    50.98
Episode: 4962/7000 | Episode reward:   233.94 | Episode steps:  624 | Average reward:   192.73 | Step Count: 7702011 | Episode Q0:    50.98
Episode: 4963/7000 | Episode reward:   155.90 | Episode steps:  390 | Average reward:   169.68 | Step Count: 7702401 | Episode Q0:    50.98
Episode: 4964/7000 | Episode reward:   398.05 | Episode steps: 1482 | Average reward:   187.88 | Step Count: 7703883 | Episode Q0:    50.98
Episode: 4965/7000 | Episode reward:   492.37 | Episode steps: 1061 | Average reward:   221.86 | Step Count: 7704944 | Episode Q0:    50.98
Episode: 4966/7000 | Episode reward:   273.73 | Episode steps:  867 | Average reward:   232.17 | Step Count: 7705811 | Episode Q0:    50.98
Episode: 4967/7000 | Episode reward:   175.22 | Episode steps:  750 | Average reward:   228.97 | Step Count: 7706561 | Episode Q0:    50.98
Episode: 4968/7000 | Episode reward:   222.88 | Episode steps:  675 | Average reward:   238.12 | Step Count: 7707236 | Episode Q0:    50.98
Episode: 4969/7000 | Episode reward:    49.46 | Episode steps:  154 | Average reward:   230.49 | Step Count: 7707390 | Episode Q0:    50.98
Episode: 4970/7000 | Episode reward:   183.74 | Episode steps:  810 | Average reward:   240.28 | Step Count: 7708200 | Episode Q0:    50.98
Episode: 4971/7000 | Episode reward:   835.59 | Episode steps: 2500 | Average reward:   302.09 | Step Count: 7710700 | Episode Q0:    48.41
Episode: 4972/7000 | Episode reward:   626.02 | Episode steps: 2500 | Average reward:   341.30 | Step Count: 7713200 | Episode Q0:    48.41
Episode: 4973/7000 | Episode reward:   734.13 | Episode steps: 2500 | Average reward:   399.12 | Step Count: 7715700 | Episode Q0:    48.41
Episode: 4974/7000 | Episode reward:   639.74 | Episode steps: 2500 | Average reward:   423.29 | Step Count: 7718200 | Episode Q0:    48.41
Episode: 4975/7000 | Episode reward:   927.41 | Episode steps: 2500 | Average reward:   466.79 | Step Count: 7720700 | Episode Q0:    48.41
Episode: 4976/7000 | Episode reward:   696.58 | Episode steps: 2500 | Average reward:   509.08 | Step Count: 7723200 | Episode Q0:    48.41
Episode: 4977/7000 | Episode reward:   629.62 | Episode steps: 2500 | Average reward:   554.52 | Step Count: 7725700 | Episode Q0:    48.41
Episode: 4978/7000 | Episode reward:  1176.28 | Episode steps: 2500 | Average reward:   649.86 | Step Count: 7728200 | Episode Q0:    48.41
Episode: 4979/7000 | Episode reward:   618.74 | Episode steps: 2500 | Average reward:   706.79 | Step Count: 7730700 | Episode Q0:    48.41
Episode: 4980/7000 | Episode reward:   431.48 | Episode steps: 2500 | Average reward:   731.56 | Step Count: 7733200 | Episode Q0:    48.41
Episode: 4981/7000 | Episode reward:  1146.50 | Episode steps: 2500 | Average reward:   762.65 | Step Count: 7735700 | Episode Q0:    48.41
Episode: 4982/7000 | Episode reward:   921.86 | Episode steps: 2500 | Average reward:   792.23 | Step Count: 7738200 | Episode Q0:    48.41
Episode: 4983/7000 | Episode reward:   827.34 | Episode steps: 2500 | Average reward:   801.56 | Step Count: 7740700 | Episode Q0:    48.41
Episode: 4984/7000 | Episode reward:   979.47 | Episode steps: 2500 | Average reward:   835.53 | Step Count: 7743200 | Episode Q0:    48.41
Episode: 4985/7000 | Episode reward:   783.03 | Episode steps: 2500 | Average reward:   821.09 | Step Count: 7745700 | Episode Q0:    48.41
Episode: 4986/7000 | Episode reward:  1073.23 | Episode steps: 2500 | Average reward:   858.75 | Step Count: 7748200 | Episode Q0:    48.41
Episode: 4987/7000 | Episode reward:   587.10 | Episode steps: 2500 | Average reward:   854.50 | Step Count: 7750700 | Episode Q0:    48.41
Episode: 4988/7000 | Episode reward:   634.43 | Episode steps: 2500 | Average reward:   800.32 | Step Count: 7753200 | Episode Q0:    48.41
Episode: 4989/7000 | Episode reward:   817.24 | Episode steps: 2500 | Average reward:   820.17 | Step Count: 7755700 | Episode Q0:    48.41
Episode: 4990/7000 | Episode reward:   853.79 | Episode steps: 2500 | Average reward:   862.40 | Step Count: 7758200 | Episode Q0:    48.41
Episode: 4991/7000 | Episode reward:   624.72 | Episode steps: 2500 | Average reward:   810.22 | Step Count: 7760700 | Episode Q0:    48.41
Episode: 4992/7000 | Episode reward:   447.57 | Episode steps: 2500 | Average reward:   762.79 | Step Count: 7763200 | Episode Q0:    48.41
Episode: 4993/7000 | Episode reward:   968.18 | Episode steps: 2500 | Average reward:   776.88 | Step Count: 7765700 | Episode Q0:    48.41
Episode: 4994/7000 | Episode reward:   594.30 | Episode steps: 2500 | Average reward:   738.36 | Step Count: 7768200 | Episode Q0:    48.41
Episode: 4995/7000 | Episode reward:   324.32 | Episode steps:  990 | Average reward:   692.49 | Step Count: 7769190 | Episode Q0:    48.41
Episode: 4996/7000 | Episode reward:   500.74 | Episode steps: 1617 | Average reward:   635.24 | Step Count: 7770807 | Episode Q0:    49.99
Episode: 4997/7000 | Episode reward:   144.90 | Episode steps:  278 | Average reward:   591.02 | Step Count: 7771085 | Episode Q0:    49.99
Episode: 4998/7000 | Episode reward:   613.51 | Episode steps: 2141 | Average reward:   588.93 | Step Count: 7773226 | Episode Q0:    49.99
Episode: 4999/7000 | Episode reward:   662.19 | Episode steps: 1728 | Average reward:   573.42 | Step Count: 7774954 | Episode Q0:    49.99
Episode: 5000/7000 | Episode reward:   435.19 | Episode steps: 1517 | Average reward:   531.56 | Step Count: 7776471 | Episode Q0:    49.99
Episode: 5001/7000 | Episode reward:   539.69 | Episode steps: 1478 | Average reward:   523.06 | Step Count: 7777949 | Episode Q0:    49.99
Episode: 5002/7000 | Episode reward:   377.12 | Episode steps: 1059 | Average reward:   516.01 | Step Count: 7779008 | Episode Q0:    49.99
Episode: 5003/7000 | Episode reward:   151.94 | Episode steps:  349 | Average reward:   434.39 | Step Count: 7779357 | Episode Q0:    49.99
Episode: 5004/7000 | Episode reward:   432.44 | Episode steps: 1337 | Average reward:   418.21 | Step Count: 7780694 | Episode Q0:    49.99
Episode: 5005/7000 | Episode reward:   343.97 | Episode steps: 1214 | Average reward:   420.17 | Step Count: 7781908 | Episode Q0:    49.99
Episode: 5006/7000 | Episode reward:   407.22 | Episode steps: 2500 | Average reward:   410.82 | Step Count: 7784408 | Episode Q0:    49.99
Episode: 5007/7000 | Episode reward:   272.02 | Episode steps:  642 | Average reward:   423.53 | Step Count: 7785050 | Episode Q0:    49.99
Episode: 5008/7000 | Episode reward:   102.13 | Episode steps:  312 | Average reward:   372.39 | Step Count: 7785362 | Episode Q0:    49.99
Episode: 5009/7000 | Episode reward:   298.01 | Episode steps: 2112 | Average reward:   335.97 | Step Count: 7787474 | Episode Q0:    49.99
Episode: 5010/7000 | Episode reward:   771.37 | Episode steps: 2500 | Average reward:   369.59 | Step Count: 7789974 | Episode Q0:    49.99
Episode: 5011/7000 | Episode reward:   317.59 | Episode steps:  888 | Average reward:   347.38 | Step Count: 7790862 | Episode Q0:    49.99
Episode: 5012/7000 | Episode reward:   704.53 | Episode steps: 2500 | Average reward:   380.12 | Step Count: 7793362 | Episode Q0:    49.99
Episode: 5013/7000 | Episode reward:   383.19 | Episode steps: 1329 | Average reward:   403.25 | Step Count: 7794691 | Episode Q0:    49.99
Episode: 5014/7000 | Episode reward:   496.17 | Episode steps: 1549 | Average reward:   409.62 | Step Count: 7796240 | Episode Q0:    49.99
Episode: 5015/7000 | Episode reward:   216.64 | Episode steps:  819 | Average reward:   396.89 | Step Count: 7797059 | Episode Q0:    49.99
Episode: 5016/7000 | Episode reward:   299.00 | Episode steps:  762 | Average reward:   386.06 | Step Count: 7797821 | Episode Q0:    49.99
Episode: 5017/7000 | Episode reward:   431.06 | Episode steps: 1239 | Average reward:   401.97 | Step Count: 7799060 | Episode Q0:    50.27
Episode: 5018/7000 | Episode reward:   424.64 | Episode steps: 1253 | Average reward:   434.22 | Step Count: 7800313 | Episode Q0:    50.27
Episode: 5019/7000 | Episode reward:   645.88 | Episode steps: 2500 | Average reward:   469.01 | Step Count: 7802813 | Episode Q0:    50.27
Episode: 5020/7000 | Episode reward:   550.73 | Episode steps: 1751 | Average reward:   446.94 | Step Count: 7804564 | Episode Q0:    50.27
Episode: 5021/7000 | Episode reward:   195.51 | Episode steps:  661 | Average reward:   434.73 | Step Count: 7805225 | Episode Q0:    50.27
Episode: 5022/7000 | Episode reward:   278.94 | Episode steps: 1285 | Average reward:   392.18 | Step Count: 7806510 | Episode Q0:    50.27
Episode: 5023/7000 | Episode reward:   311.97 | Episode steps:  757 | Average reward:   385.05 | Step Count: 7807267 | Episode Q0:    50.27
Episode: 5024/7000 | Episode reward:   945.40 | Episode steps: 2500 | Average reward:   429.98 | Step Count: 7809767 | Episode Q0:    50.27
Episode: 5025/7000 | Episode reward:   135.88 | Episode steps:  322 | Average reward:   421.90 | Step Count: 7810089 | Episode Q0:    50.27
Episode: 5026/7000 | Episode reward:   764.73 | Episode steps: 2500 | Average reward:   468.47 | Step Count: 7812589 | Episode Q0:    50.27
Episode: 5027/7000 | Episode reward:   124.13 | Episode steps:  262 | Average reward:   437.78 | Step Count: 7812851 | Episode Q0:    50.27
Episode: 5028/7000 | Episode reward:   739.25 | Episode steps: 2500 | Average reward:   469.24 | Step Count: 7815351 | Episode Q0:    50.27
Episode: 5029/7000 | Episode reward:   548.79 | Episode steps: 1611 | Average reward:   459.53 | Step Count: 7816962 | Episode Q0:    50.27
Episode: 5030/7000 | Episode reward:   266.93 | Episode steps: 1230 | Average reward:   431.15 | Step Count: 7818192 | Episode Q0:    50.27
Episode: 5031/7000 | Episode reward:    69.20 | Episode steps:  157 | Average reward:   418.52 | Step Count: 7818349 | Episode Q0:    50.27
Episode: 5032/7000 | Episode reward:   752.47 | Episode steps: 2500 | Average reward:   465.87 | Step Count: 7820849 | Episode Q0:    50.27
Episode: 5033/7000 | Episode reward:   823.84 | Episode steps: 2500 | Average reward:   517.06 | Step Count: 7823349 | Episode Q0:    50.27
Episode: 5034/7000 | Episode reward:   143.41 | Episode steps:  357 | Average reward:   436.86 | Step Count: 7823706 | Episode Q0:    50.27
Episode: 5035/7000 | Episode reward:   429.61 | Episode steps: 2290 | Average reward:   466.23 | Step Count: 7825996 | Episode Q0:    50.27
Episode: 5036/7000 | Episode reward:   401.79 | Episode steps: 1333 | Average reward:   429.94 | Step Count: 7827329 | Episode Q0:    50.27
Episode: 5037/7000 | Episode reward:   145.01 | Episode steps:  353 | Average reward:   432.03 | Step Count: 7827682 | Episode Q0:    50.27
Episode: 5038/7000 | Episode reward:   576.05 | Episode steps: 1708 | Average reward:   415.71 | Step Count: 7829390 | Episode Q0:    50.27
Episode: 5039/7000 | Episode reward:   879.90 | Episode steps: 2500 | Average reward:   448.82 | Step Count: 7831890 | Episode Q0:    50.27
Episode: 5040/7000 | Episode reward:   125.07 | Episode steps:  326 | Average reward:   434.63 | Step Count: 7832216 | Episode Q0:    50.27
Episode: 5041/7000 | Episode reward:   198.15 | Episode steps:  421 | Average reward:   447.53 | Step Count: 7832637 | Episode Q0:    50.27
Episode: 5042/7000 | Episode reward:   206.87 | Episode steps:  576 | Average reward:   392.97 | Step Count: 7833213 | Episode Q0:    50.27
Episode: 5043/7000 | Episode reward:   187.77 | Episode steps:  360 | Average reward:   329.36 | Step Count: 7833573 | Episode Q0:    50.27
Episode: 5044/7000 | Episode reward:   178.84 | Episode steps:  325 | Average reward:   332.91 | Step Count: 7833898 | Episode Q0:    50.27
Episode: 5045/7000 | Episode reward:    46.68 | Episode steps:  151 | Average reward:   294.61 | Step Count: 7834049 | Episode Q0:    50.27
Episode: 5046/7000 | Episode reward:   158.14 | Episode steps:  356 | Average reward:   270.25 | Step Count: 7834405 | Episode Q0:    48.57
Episode: 5047/7000 | Episode reward:   174.58 | Episode steps:  369 | Average reward:   273.20 | Step Count: 7834774 | Episode Q0:    48.57
Episode: 5048/7000 | Episode reward:   231.60 | Episode steps:  555 | Average reward:   238.76 | Step Count: 7835329 | Episode Q0:    48.57
Episode: 5049/7000 | Episode reward:   163.93 | Episode steps:  325 | Average reward:   167.16 | Step Count: 7835654 | Episode Q0:    48.57
Episode: 5050/7000 | Episode reward:   211.89 | Episode steps:  415 | Average reward:   175.84 | Step Count: 7836069 | Episode Q0:    48.57
Episode: 5051/7000 | Episode reward:    36.40 | Episode steps:  122 | Average reward:   159.67 | Step Count: 7836191 | Episode Q0:    48.57
Episode: 5052/7000 | Episode reward:   176.01 | Episode steps:  370 | Average reward:   156.58 | Step Count: 7836561 | Episode Q0:    48.57
Episode: 5053/7000 | Episode reward:    79.52 | Episode steps:  408 | Average reward:   145.76 | Step Count: 7836969 | Episode Q0:    48.57
Episode: 5054/7000 | Episode reward:   107.62 | Episode steps:  228 | Average reward:   138.64 | Step Count: 7837197 | Episode Q0:    48.57
Episode: 5055/7000 | Episode reward:   106.65 | Episode steps:  453 | Average reward:   144.63 | Step Count: 7837650 | Episode Q0:    48.57
Episode: 5056/7000 | Episode reward:   100.22 | Episode steps:  298 | Average reward:   138.84 | Step Count: 7837948 | Episode Q0:    48.57
Episode: 5057/7000 | Episode reward:   190.08 | Episode steps:  411 | Average reward:   140.39 | Step Count: 7838359 | Episode Q0:    48.57
Episode: 5058/7000 | Episode reward:   189.73 | Episode steps:  372 | Average reward:   136.20 | Step Count: 7838731 | Episode Q0:    48.57
Episode: 5059/7000 | Episode reward:   245.35 | Episode steps:  492 | Average reward:   144.34 | Step Count: 7839223 | Episode Q0:    48.57
Episode: 5060/7000 | Episode reward:   255.19 | Episode steps:  469 | Average reward:   148.68 | Step Count: 7839692 | Episode Q0:    48.57
Episode: 5061/7000 | Episode reward:   594.28 | Episode steps: 2500 | Average reward:   204.46 | Step Count: 7842192 | Episode Q0:    45.55
Episode: 5062/7000 | Episode reward:   498.05 | Episode steps: 2500 | Average reward:   236.67 | Step Count: 7844692 | Episode Q0:    45.55
Episode: 5063/7000 | Episode reward:   634.03 | Episode steps: 2500 | Average reward:   292.12 | Step Count: 7847192 | Episode Q0:    45.55
Episode: 5064/7000 | Episode reward:  1003.15 | Episode steps: 2500 | Average reward:   381.67 | Step Count: 7849692 | Episode Q0:    45.55
Episode: 5065/7000 | Episode reward:   642.86 | Episode steps: 2500 | Average reward:   435.29 | Step Count: 7852192 | Episode Q0:    45.55
Episode: 5066/7000 | Episode reward:   521.11 | Episode steps: 2500 | Average reward:   477.38 | Step Count: 7854692 | Episode Q0:    45.55
Episode: 5067/7000 | Episode reward:   458.31 | Episode steps: 2500 | Average reward:   504.21 | Step Count: 7857192 | Episode Q0:    45.55
Episode: 5068/7000 | Episode reward:   764.20 | Episode steps: 2500 | Average reward:   561.65 | Step Count: 7859692 | Episode Q0:    45.55
Episode: 5069/7000 | Episode reward:   507.39 | Episode steps: 2500 | Average reward:   587.86 | Step Count: 7862192 | Episode Q0:    45.55
Episode: 5070/7000 | Episode reward:   523.14 | Episode steps: 2500 | Average reward:   614.65 | Step Count: 7864692 | Episode Q0:    45.55
Episode: 5071/7000 | Episode reward:   822.43 | Episode steps: 2500 | Average reward:   637.47 | Step Count: 7867192 | Episode Q0:    45.55
Episode: 5072/7000 | Episode reward:   683.90 | Episode steps: 2500 | Average reward:   656.05 | Step Count: 7869692 | Episode Q0:    45.55
Episode: 5073/7000 | Episode reward:   738.34 | Episode steps: 2500 | Average reward:   666.48 | Step Count: 7872192 | Episode Q0:    45.55
Episode: 5074/7000 | Episode reward:   530.12 | Episode steps: 2260 | Average reward:   619.18 | Step Count: 7874452 | Episode Q0:    45.55
Episode: 5075/7000 | Episode reward:   683.30 | Episode steps: 2500 | Average reward:   623.22 | Step Count: 7876952 | Episode Q0:    45.55
Episode: 5076/7000 | Episode reward:   693.70 | Episode steps: 2500 | Average reward:   640.48 | Step Count: 7879452 | Episode Q0:    45.55
Episode: 5077/7000 | Episode reward:   650.93 | Episode steps: 2500 | Average reward:   659.75 | Step Count: 7881952 | Episode Q0:    45.55
Episode: 5078/7000 | Episode reward:   551.52 | Episode steps: 2500 | Average reward:   638.48 | Step Count: 7884452 | Episode Q0:    45.55
Episode: 5079/7000 | Episode reward:   880.53 | Episode steps: 2500 | Average reward:   675.79 | Step Count: 7886952 | Episode Q0:    45.55
Episode: 5080/7000 | Episode reward:   852.96 | Episode steps: 2500 | Average reward:   708.77 | Step Count: 7889452 | Episode Q0:    45.55
Episode: 5081/7000 | Episode reward:   807.32 | Episode steps: 2500 | Average reward:   707.26 | Step Count: 7891952 | Episode Q0:    45.55
Episode: 5082/7000 | Episode reward:   787.55 | Episode steps: 2500 | Average reward:   717.63 | Step Count: 7894452 | Episode Q0:    45.55
Episode: 5083/7000 | Episode reward:   614.06 | Episode steps: 2500 | Average reward:   705.20 | Step Count: 7896952 | Episode Q0:    45.55
Episode: 5084/7000 | Episode reward:   742.70 | Episode steps: 2500 | Average reward:   726.46 | Step Count: 7899452 | Episode Q0:    45.55
Episode: 5085/7000 | Episode reward:   683.35 | Episode steps: 2500 | Average reward:   726.46 | Step Count: 7901952 | Episode Q0:    45.55
Episode: 5086/7000 | Episode reward:   648.75 | Episode steps: 2500 | Average reward:   721.97 | Step Count: 7904452 | Episode Q0:    45.55
Episode: 5087/7000 | Episode reward:   619.98 | Episode steps: 2500 | Average reward:   718.87 | Step Count: 7906952 | Episode Q0:    45.55
Episode: 5088/7000 | Episode reward:   813.74 | Episode steps: 2500 | Average reward:   745.09 | Step Count: 7909452 | Episode Q0:    45.55
Episode: 5089/7000 | Episode reward:   974.70 | Episode steps: 2500 | Average reward:   754.51 | Step Count: 7911952 | Episode Q0:    45.55
Episode: 5090/7000 | Episode reward:   680.63 | Episode steps: 2500 | Average reward:   737.28 | Step Count: 7914452 | Episode Q0:    49.73
Episode: 5091/7000 | Episode reward:   669.45 | Episode steps: 2500 | Average reward:   723.49 | Step Count: 7916952 | Episode Q0:    49.73
Episode: 5092/7000 | Episode reward:   525.74 | Episode steps: 2500 | Average reward:   697.31 | Step Count: 7919452 | Episode Q0:    49.73
Episode: 5093/7000 | Episode reward:   572.19 | Episode steps: 2500 | Average reward:   693.12 | Step Count: 7921952 | Episode Q0:    49.73
Episode: 5094/7000 | Episode reward:   753.68 | Episode steps: 2500 | Average reward:   694.22 | Step Count: 7924452 | Episode Q0:    49.73
Episode: 5095/7000 | Episode reward:   547.60 | Episode steps: 2500 | Average reward:   680.65 | Step Count: 7926952 | Episode Q0:    49.73
Episode: 5096/7000 | Episode reward:   700.37 | Episode steps: 2500 | Average reward:   685.81 | Step Count: 7929452 | Episode Q0:    49.73
Episode: 5097/7000 | Episode reward:   638.84 | Episode steps: 2500 | Average reward:   687.69 | Step Count: 7931952 | Episode Q0:    49.73
Episode: 5098/7000 | Episode reward:   811.26 | Episode steps: 2500 | Average reward:   687.44 | Step Count: 7934452 | Episode Q0:    49.73
Episode: 5099/7000 | Episode reward:   600.31 | Episode steps: 2500 | Average reward:   650.01 | Step Count: 7936952 | Episode Q0:    49.73
Episode: 5100/7000 | Episode reward:   785.04 | Episode steps: 2500 | Average reward:   660.45 | Step Count: 7939452 | Episode Q0:    49.73
Episode: 5101/7000 | Episode reward:   542.65 | Episode steps: 2500 | Average reward:   647.77 | Step Count: 7941952 | Episode Q0:    49.73
Episode: 5102/7000 | Episode reward:   531.91 | Episode steps: 2500 | Average reward:   648.38 | Step Count: 7944452 | Episode Q0:    49.73
Episode: 5103/7000 | Episode reward:   625.39 | Episode steps: 2500 | Average reward:   653.70 | Step Count: 7946952 | Episode Q0:    49.73
Episode: 5104/7000 | Episode reward:    76.88 | Episode steps:  191 | Average reward:   586.02 | Step Count: 7947143 | Episode Q0:    49.73
Episode: 5105/7000 | Episode reward:   140.29 | Episode steps:  488 | Average reward:   545.29 | Step Count: 7947631 | Episode Q0:    49.73
Episode: 5106/7000 | Episode reward:   157.64 | Episode steps:  602 | Average reward:   491.02 | Step Count: 7948233 | Episode Q0:    49.73
Episode: 5107/7000 | Episode reward:   243.75 | Episode steps:  321 | Average reward:   451.51 | Step Count: 7948554 | Episode Q0:    49.73
Episode: 5108/7000 | Episode reward:    33.77 | Episode steps:  131 | Average reward:   373.76 | Step Count: 7948685 | Episode Q0:    49.73
Episode: 5109/7000 | Episode reward:   217.87 | Episode steps:  661 | Average reward:   335.52 | Step Count: 7949346 | Episode Q0:    49.73
Episode: 5110/7000 | Episode reward:    85.13 | Episode steps:  224 | Average reward:   265.53 | Step Count: 7949570 | Episode Q0:    49.73
Episode: 5111/7000 | Episode reward:    33.02 | Episode steps:  138 | Average reward:   214.57 | Step Count: 7949708 | Episode Q0:    49.73
Episode: 5112/7000 | Episode reward:    93.75 | Episode steps:  233 | Average reward:   170.75 | Step Count: 7949941 | Episode Q0:    49.73
Episode: 5113/7000 | Episode reward:   352.10 | Episode steps:  824 | Average reward:   143.42 | Step Count: 7950765 | Episode Q0:    49.73
Episode: 5114/7000 | Episode reward:   139.21 | Episode steps:  516 | Average reward:   149.65 | Step Count: 7951281 | Episode Q0:    49.73
Episode: 5115/7000 | Episode reward:   258.89 | Episode steps:  738 | Average reward:   161.51 | Step Count: 7952019 | Episode Q0:    49.73
Episode: 5116/7000 | Episode reward:   318.56 | Episode steps: 1419 | Average reward:   177.60 | Step Count: 7953438 | Episode Q0:    47.50
Episode: 5117/7000 | Episode reward:   407.95 | Episode steps:  840 | Average reward:   194.02 | Step Count: 7954278 | Episode Q0:    47.50
Episode: 5118/7000 | Episode reward:    39.58 | Episode steps:  142 | Average reward:   194.60 | Step Count: 7954420 | Episode Q0:    47.50
Episode: 5119/7000 | Episode reward:    41.51 | Episode steps:   93 | Average reward:   176.97 | Step Count: 7954513 | Episode Q0:    47.50
Episode: 5120/7000 | Episode reward:   212.68 | Episode steps:  593 | Average reward:   189.72 | Step Count: 7955106 | Episode Q0:    47.50
Episode: 5121/7000 | Episode reward:   133.45 | Episode steps:  214 | Average reward:   199.77 | Step Count: 7955320 | Episode Q0:    47.50
Episode: 5122/7000 | Episode reward:   197.99 | Episode steps:  423 | Average reward:   210.19 | Step Count: 7955743 | Episode Q0:    47.50
Episode: 5123/7000 | Episode reward:    72.81 | Episode steps:  151 | Average reward:   182.26 | Step Count: 7955894 | Episode Q0:    47.50
Episode: 5124/7000 | Episode reward:   304.33 | Episode steps: 1154 | Average reward:   198.77 | Step Count: 7957048 | Episode Q0:    47.50
Episode: 5125/7000 | Episode reward:   247.69 | Episode steps:  698 | Average reward:   197.66 | Step Count: 7957746 | Episode Q0:    47.50
Episode: 5126/7000 | Episode reward:   153.17 | Episode steps:  237 | Average reward:   181.12 | Step Count: 7957983 | Episode Q0:    47.50
Episode: 5127/7000 | Episode reward:   397.04 | Episode steps: 1516 | Average reward:   180.03 | Step Count: 7959499 | Episode Q0:    47.50
Episode: 5128/7000 | Episode reward:   272.71 | Episode steps:  506 | Average reward:   203.34 | Step Count: 7960005 | Episode Q0:    47.50
Episode: 5129/7000 | Episode reward:    49.10 | Episode steps:  137 | Average reward:   204.10 | Step Count: 7960142 | Episode Q0:    47.50
Episode: 5130/7000 | Episode reward:   156.00 | Episode steps:  479 | Average reward:   198.43 | Step Count: 7960621 | Episode Q0:    47.50
Episode: 5131/7000 | Episode reward:   146.85 | Episode steps:  372 | Average reward:   199.77 | Step Count: 7960993 | Episode Q0:    47.50
Episode: 5132/7000 | Episode reward:   151.98 | Episode steps:  390 | Average reward:   195.17 | Step Count: 7961383 | Episode Q0:    47.50
Episode: 5133/7000 | Episode reward:   145.19 | Episode steps:  523 | Average reward:   202.40 | Step Count: 7961906 | Episode Q0:    47.50
Episode: 5134/7000 | Episode reward:    32.12 | Episode steps:  118 | Average reward:   175.18 | Step Count: 7962024 | Episode Q0:    47.50
Episode: 5135/7000 | Episode reward:    40.53 | Episode steps:  123 | Average reward:   154.47 | Step Count: 7962147 | Episode Q0:    47.50
Episode: 5136/7000 | Episode reward:   964.53 | Episode steps: 2500 | Average reward:   235.60 | Step Count: 7964647 | Episode Q0:    48.09
Episode: 5137/7000 | Episode reward:   741.65 | Episode steps: 2500 | Average reward:   270.06 | Step Count: 7967147 | Episode Q0:    48.09
Episode: 5138/7000 | Episode reward:   624.27 | Episode steps: 2500 | Average reward:   305.22 | Step Count: 7969647 | Episode Q0:    48.09
Episode: 5139/7000 | Episode reward:   883.54 | Episode steps: 2500 | Average reward:   388.67 | Step Count: 7972147 | Episode Q0:    48.09
Episode: 5140/7000 | Episode reward:   710.55 | Episode steps: 2500 | Average reward:   444.12 | Step Count: 7974647 | Episode Q0:    48.09
Episode: 5141/7000 | Episode reward:  1086.52 | Episode steps: 2500 | Average reward:   538.09 | Step Count: 7977147 | Episode Q0:    48.09
Episode: 5142/7000 | Episode reward:   785.37 | Episode steps: 2500 | Average reward:   601.43 | Step Count: 7979647 | Episode Q0:    48.09
Episode: 5143/7000 | Episode reward:   611.36 | Episode steps: 2500 | Average reward:   648.04 | Step Count: 7982147 | Episode Q0:    48.09
Episode: 5144/7000 | Episode reward:   761.05 | Episode steps: 2500 | Average reward:   720.94 | Step Count: 7984647 | Episode Q0:    48.09
Episode: 5145/7000 | Episode reward:   700.99 | Episode steps: 2500 | Average reward:   786.98 | Step Count: 7987147 | Episode Q0:    48.09
Episode: 5146/7000 | Episode reward:   573.09 | Episode steps: 2500 | Average reward:   747.84 | Step Count: 7989647 | Episode Q0:    48.09
Episode: 5147/7000 | Episode reward:   603.82 | Episode steps: 2500 | Average reward:   734.06 | Step Count: 7992147 | Episode Q0:    48.09
Episode: 5148/7000 | Episode reward:   856.40 | Episode steps: 2500 | Average reward:   757.27 | Step Count: 7994647 | Episode Q0:    48.09
Episode: 5149/7000 | Episode reward:   849.05 | Episode steps: 2500 | Average reward:   753.82 | Step Count: 7997147 | Episode Q0:    48.09
Episode: 5150/7000 | Episode reward:   514.24 | Episode steps: 2500 | Average reward:   734.19 | Step Count: 7999647 | Episode Q0:    48.09
Episode: 5151/7000 | Episode reward:   622.45 | Episode steps: 2500 | Average reward:   687.78 | Step Count: 8002147 | Episode Q0:    48.09
Episode: 5152/7000 | Episode reward:   753.77 | Episode steps: 2500 | Average reward:   684.62 | Step Count: 8004647 | Episode Q0:    48.09
Episode: 5153/7000 | Episode reward:   839.89 | Episode steps: 2500 | Average reward:   707.48 | Step Count: 8007147 | Episode Q0:    48.09
Episode: 5154/7000 | Episode reward:   621.71 | Episode steps: 2500 | Average reward:   693.54 | Step Count: 8009647 | Episode Q0:    48.09
Episode: 5155/7000 | Episode reward:   791.18 | Episode steps: 2500 | Average reward:   702.56 | Step Count: 8012147 | Episode Q0:    48.09
Episode: 5156/7000 | Episode reward:   737.11 | Episode steps: 2500 | Average reward:   718.96 | Step Count: 8014647 | Episode Q0:    48.09
Episode: 5157/7000 | Episode reward:   943.30 | Episode steps: 2500 | Average reward:   752.91 | Step Count: 8017147 | Episode Q0:    48.09
Episode: 5158/7000 | Episode reward:   782.24 | Episode steps: 2500 | Average reward:   745.49 | Step Count: 8019647 | Episode Q0:    48.09
Episode: 5159/7000 | Episode reward:   857.10 | Episode steps: 2500 | Average reward:   746.30 | Step Count: 8022147 | Episode Q0:    48.09
Episode: 5160/7000 | Episode reward:   715.87 | Episode steps: 2500 | Average reward:   766.46 | Step Count: 8024647 | Episode Q0:    47.56
Episode: 5161/7000 | Episode reward:   716.91 | Episode steps: 2500 | Average reward:   775.91 | Step Count: 8027147 | Episode Q0:    47.56
Episode: 5162/7000 | Episode reward:   969.13 | Episode steps: 2500 | Average reward:   797.44 | Step Count: 8029647 | Episode Q0:    47.56
Episode: 5163/7000 | Episode reward:   709.26 | Episode steps: 2500 | Average reward:   784.38 | Step Count: 8032147 | Episode Q0:    47.56
Episode: 5164/7000 | Episode reward:   687.75 | Episode steps: 2500 | Average reward:   790.98 | Step Count: 8034647 | Episode Q0:    47.56
Episode: 5165/7000 | Episode reward:   496.49 | Episode steps: 2500 | Average reward:   761.52 | Step Count: 8037147 | Episode Q0:    47.56
Episode: 5166/7000 | Episode reward:   832.37 | Episode steps: 2500 | Average reward:   771.04 | Step Count: 8039647 | Episode Q0:    47.56
Episode: 5167/7000 | Episode reward:   847.71 | Episode steps: 2500 | Average reward:   761.48 | Step Count: 8042147 | Episode Q0:    47.56
Episode: 5168/7000 | Episode reward:   968.44 | Episode steps: 2500 | Average reward:   780.10 | Step Count: 8044647 | Episode Q0:    47.56
Episode: 5169/7000 | Episode reward:  1006.06 | Episode steps: 2500 | Average reward:   795.00 | Step Count: 8047147 | Episode Q0:    47.56
Episode: 5170/7000 | Episode reward:   751.00 | Episode steps: 2500 | Average reward:   798.51 | Step Count: 8049647 | Episode Q0:    47.56
Episode: 5171/7000 | Episode reward:  1043.94 | Episode steps: 2500 | Average reward:   831.21 | Step Count: 8052147 | Episode Q0:    47.56
Episode: 5172/7000 | Episode reward:   968.23 | Episode steps: 2500 | Average reward:   831.13 | Step Count: 8054647 | Episode Q0:    47.56
Episode: 5173/7000 | Episode reward:   827.07 | Episode steps: 2500 | Average reward:   842.91 | Step Count: 8057147 | Episode Q0:    47.56
Episode: 5174/7000 | Episode reward:   794.62 | Episode steps: 2500 | Average reward:   853.59 | Step Count: 8059647 | Episode Q0:    47.56
Episode: 5175/7000 | Episode reward:   929.46 | Episode steps: 2500 | Average reward:   896.89 | Step Count: 8062147 | Episode Q0:    47.56
Episode: 5176/7000 | Episode reward:   829.57 | Episode steps: 2500 | Average reward:   896.61 | Step Count: 8064647 | Episode Q0:    47.56
Episode: 5177/7000 | Episode reward:   957.48 | Episode steps: 2500 | Average reward:   907.59 | Step Count: 8067147 | Episode Q0:    47.56
Episode: 5178/7000 | Episode reward:   624.24 | Episode steps: 2500 | Average reward:   873.17 | Step Count: 8069647 | Episode Q0:    47.56
Episode: 5179/7000 | Episode reward:   894.78 | Episode steps: 2500 | Average reward:   862.04 | Step Count: 8072147 | Episode Q0:    47.56
Episode: 5180/7000 | Episode reward:   707.37 | Episode steps: 2500 | Average reward:   857.68 | Step Count: 8074647 | Episode Q0:    47.13
Episode: 5181/7000 | Episode reward:   506.51 | Episode steps: 2500 | Average reward:   803.93 | Step Count: 8077147 | Episode Q0:    47.13
Episode: 5182/7000 | Episode reward:   635.85 | Episode steps: 2500 | Average reward:   770.69 | Step Count: 8079647 | Episode Q0:    47.13
Episode: 5183/7000 | Episode reward:   944.56 | Episode steps: 2500 | Average reward:   782.44 | Step Count: 8082147 | Episode Q0:    47.13
Episode: 5184/7000 | Episode reward:   520.42 | Episode steps: 2500 | Average reward:   755.02 | Step Count: 8084647 | Episode Q0:    47.13
Episode: 5185/7000 | Episode reward:   569.86 | Episode steps: 2500 | Average reward:   719.06 | Step Count: 8087147 | Episode Q0:    47.13
Episode: 5186/7000 | Episode reward:   740.37 | Episode steps: 2500 | Average reward:   710.14 | Step Count: 8089647 | Episode Q0:    47.13
Episode: 5187/7000 | Episode reward:   774.00 | Episode steps: 2500 | Average reward:   691.79 | Step Count: 8092147 | Episode Q0:    47.13
Episode: 5188/7000 | Episode reward:   741.68 | Episode steps: 2500 | Average reward:   703.54 | Step Count: 8094647 | Episode Q0:    47.13
Episode: 5189/7000 | Episode reward:   701.76 | Episode steps: 2500 | Average reward:   684.24 | Step Count: 8097147 | Episode Q0:    47.13
Episode: 5190/7000 | Episode reward:   749.25 | Episode steps: 2500 | Average reward:   688.42 | Step Count: 8099647 | Episode Q0:    47.13
Episode: 5191/7000 | Episode reward:   601.85 | Episode steps: 2500 | Average reward:   697.96 | Step Count: 8102147 | Episode Q0:    47.13
Episode: 5192/7000 | Episode reward:   710.00 | Episode steps: 2500 | Average reward:   705.37 | Step Count: 8104647 | Episode Q0:    47.13
Episode: 5193/7000 | Episode reward:   464.72 | Episode steps: 2500 | Average reward:   657.39 | Step Count: 8107147 | Episode Q0:    47.13
Episode: 5194/7000 | Episode reward:   564.78 | Episode steps: 2500 | Average reward:   661.83 | Step Count: 8109647 | Episode Q0:    47.13
Episode: 5195/7000 | Episode reward:   461.26 | Episode steps: 2500 | Average reward:   650.97 | Step Count: 8112147 | Episode Q0:    47.13
Episode: 5196/7000 | Episode reward:   803.37 | Episode steps: 2500 | Average reward:   657.27 | Step Count: 8114647 | Episode Q0:    47.13
Episode: 5197/7000 | Episode reward:   499.59 | Episode steps: 1416 | Average reward:   629.83 | Step Count: 8116063 | Episode Q0:    47.13
Episode: 5198/7000 | Episode reward:   534.48 | Episode steps: 2500 | Average reward:   609.11 | Step Count: 8118563 | Episode Q0:    47.13
Episode: 5199/7000 | Episode reward:   739.82 | Episode steps: 2500 | Average reward:   612.91 | Step Count: 8121063 | Episode Q0:    47.13
Episode: 5200/7000 | Episode reward:   660.00 | Episode steps: 2500 | Average reward:   603.99 | Step Count: 8123563 | Episode Q0:    47.13
Episode: 5201/7000 | Episode reward:   695.70 | Episode steps: 2500 | Average reward:   613.37 | Step Count: 8126063 | Episode Q0:    47.13
Episode: 5202/7000 | Episode reward:   423.66 | Episode steps: 2500 | Average reward:   584.74 | Step Count: 8128563 | Episode Q0:    47.13
Episode: 5203/7000 | Episode reward:   554.06 | Episode steps: 2500 | Average reward:   593.67 | Step Count: 8131063 | Episode Q0:    47.13
Episode: 5204/7000 | Episode reward:    98.87 | Episode steps:  235 | Average reward:   547.08 | Step Count: 8131298 | Episode Q0:    47.13
Episode: 5205/7000 | Episode reward:   119.14 | Episode steps:  313 | Average reward:   512.87 | Step Count: 8131611 | Episode Q0:    47.13
Episode: 5206/7000 | Episode reward:   239.33 | Episode steps:  614 | Average reward:   456.47 | Step Count: 8132225 | Episode Q0:    47.13
Episode: 5207/7000 | Episode reward:   237.37 | Episode steps:  811 | Average reward:   430.24 | Step Count: 8133036 | Episode Q0:    47.13
Episode: 5208/7000 | Episode reward:   100.57 | Episode steps:  323 | Average reward:   386.85 | Step Count: 8133359 | Episode Q0:    47.13
Episode: 5209/7000 | Episode reward:   605.52 | Episode steps: 1520 | Average reward:   373.42 | Step Count: 8134879 | Episode Q0:    46.47
Episode: 5210/7000 | Episode reward:    99.84 | Episode steps:  227 | Average reward:   317.41 | Step Count: 8135106 | Episode Q0:    46.47
Episode: 5211/7000 | Episode reward:    56.79 | Episode steps:  180 | Average reward:   253.51 | Step Count: 8135286 | Episode Q0:    46.47
Episode: 5212/7000 | Episode reward:   240.34 | Episode steps:  488 | Average reward:   235.18 | Step Count: 8135774 | Episode Q0:    46.47
Episode: 5213/7000 | Episode reward:   257.14 | Episode steps:  472 | Average reward:   205.49 | Step Count: 8136246 | Episode Q0:    46.47
Episode: 5214/7000 | Episode reward:   215.80 | Episode steps:  431 | Average reward:   217.18 | Step Count: 8136677 | Episode Q0:    46.47
Episode: 5215/7000 | Episode reward:   125.78 | Episode steps:  234 | Average reward:   217.85 | Step Count: 8136911 | Episode Q0:    46.47
Episode: 5216/7000 | Episode reward:    75.80 | Episode steps:  192 | Average reward:   201.49 | Step Count: 8137103 | Episode Q0:    46.47
Episode: 5217/7000 | Episode reward:   420.93 | Episode steps:  682 | Average reward:   219.85 | Step Count: 8137785 | Episode Q0:    46.47
Episode: 5218/7000 | Episode reward:   212.09 | Episode steps:  459 | Average reward:   231.00 | Step Count: 8138244 | Episode Q0:    46.47
Episode: 5219/7000 | Episode reward:   265.02 | Episode steps:  696 | Average reward:   196.95 | Step Count: 8138940 | Episode Q0:    46.47
Episode: 5220/7000 | Episode reward:   191.57 | Episode steps:  410 | Average reward:   206.13 | Step Count: 8139350 | Episode Q0:    46.47
Episode: 5221/7000 | Episode reward:   238.86 | Episode steps:  607 | Average reward:   224.33 | Step Count: 8139957 | Episode Q0:    46.47
Episode: 5222/7000 | Episode reward:   120.57 | Episode steps:  232 | Average reward:   212.36 | Step Count: 8140189 | Episode Q0:    46.47
Episode: 5223/7000 | Episode reward:   312.36 | Episode steps:  769 | Average reward:   217.88 | Step Count: 8140958 | Episode Q0:    46.47
Episode: 5224/7000 | Episode reward:    95.65 | Episode steps:  234 | Average reward:   205.86 | Step Count: 8141192 | Episode Q0:    46.47
Episode: 5225/7000 | Episode reward:   110.65 | Episode steps:  544 | Average reward:   204.35 | Step Count: 8141736 | Episode Q0:    46.47
Episode: 5226/7000 | Episode reward:   153.21 | Episode steps:  375 | Average reward:   212.09 | Step Count: 8142111 | Episode Q0:    46.47
Episode: 5227/7000 | Episode reward:    42.81 | Episode steps:  163 | Average reward:   174.28 | Step Count: 8142274 | Episode Q0:    46.47
Episode: 5228/7000 | Episode reward:   206.05 | Episode steps:  843 | Average reward:   173.67 | Step Count: 8143117 | Episode Q0:    46.47
Episode: 5229/7000 | Episode reward:   158.25 | Episode steps:  304 | Average reward:   163.00 | Step Count: 8143421 | Episode Q0:    46.47
Episode: 5230/7000 | Episode reward:   405.84 | Episode steps:  818 | Average reward:   184.42 | Step Count: 8144239 | Episode Q0:    46.47
Episode: 5231/7000 | Episode reward:   147.72 | Episode steps:  362 | Average reward:   175.31 | Step Count: 8144601 | Episode Q0:    46.47
Episode: 5232/7000 | Episode reward:   243.47 | Episode steps:  619 | Average reward:   187.60 | Step Count: 8145220 | Episode Q0:    46.47
Episode: 5233/7000 | Episode reward:    20.65 | Episode steps:  112 | Average reward:   158.43 | Step Count: 8145332 | Episode Q0:    46.47
Episode: 5234/7000 | Episode reward:   220.83 | Episode steps:  583 | Average reward:   170.95 | Step Count: 8145915 | Episode Q0:    48.65
Episode: 5235/7000 | Episode reward:   658.82 | Episode steps: 1897 | Average reward:   225.76 | Step Count: 8147812 | Episode Q0:    48.65
Episode: 5236/7000 | Episode reward:   448.70 | Episode steps: 1142 | Average reward:   255.31 | Step Count: 8148954 | Episode Q0:    48.65
Episode: 5237/7000 | Episode reward:    30.67 | Episode steps:  108 | Average reward:   254.10 | Step Count: 8149062 | Episode Q0:    48.65
Episode: 5238/7000 | Episode reward:   358.70 | Episode steps:  742 | Average reward:   269.36 | Step Count: 8149804 | Episode Q0:    48.65
Episode: 5239/7000 | Episode reward:   148.97 | Episode steps:  731 | Average reward:   268.44 | Step Count: 8150535 | Episode Q0:    48.65
Episode: 5240/7000 | Episode reward:   250.70 | Episode steps:  834 | Average reward:   252.92 | Step Count: 8151369 | Episode Q0:    48.65
Episode: 5241/7000 | Episode reward:    26.24 | Episode steps:  117 | Average reward:   240.78 | Step Count: 8151486 | Episode Q0:    48.65
Episode: 5242/7000 | Episode reward:   269.95 | Episode steps:  597 | Average reward:   243.42 | Step Count: 8152083 | Episode Q0:    48.65
Episode: 5243/7000 | Episode reward:    27.63 | Episode steps:  111 | Average reward:   244.12 | Step Count: 8152194 | Episode Q0:    48.65
Episode: 5244/7000 | Episode reward:   100.80 | Episode steps:  234 | Average reward:   232.12 | Step Count: 8152428 | Episode Q0:    48.65
Episode: 5245/7000 | Episode reward:   390.20 | Episode steps: 1228 | Average reward:   205.26 | Step Count: 8153656 | Episode Q0:    48.65
Episode: 5246/7000 | Episode reward:   509.31 | Episode steps: 1189 | Average reward:   211.32 | Step Count: 8154845 | Episode Q0:    48.65
Episode: 5247/7000 | Episode reward:   301.03 | Episode steps:  981 | Average reward:   238.35 | Step Count: 8155826 | Episode Q0:    48.65
Episode: 5248/7000 | Episode reward:   395.73 | Episode steps:  978 | Average reward:   242.06 | Step Count: 8156804 | Episode Q0:    48.65
Episode: 5249/7000 | Episode reward:   436.14 | Episode steps: 1126 | Average reward:   270.77 | Step Count: 8157930 | Episode Q0:    48.65
Episode: 5250/7000 | Episode reward:    31.34 | Episode steps:  132 | Average reward:   248.84 | Step Count: 8158062 | Episode Q0:    48.65
Episode: 5251/7000 | Episode reward:   137.31 | Episode steps:  272 | Average reward:   259.94 | Step Count: 8158334 | Episode Q0:    48.65
Episode: 5252/7000 | Episode reward:   430.56 | Episode steps: 1186 | Average reward:   276.01 | Step Count: 8159520 | Episode Q0:    48.65
Episode: 5253/7000 | Episode reward:   297.77 | Episode steps:  742 | Average reward:   303.02 | Step Count: 8160262 | Episode Q0:    48.65
Episode: 5254/7000 | Episode reward:    87.20 | Episode steps:  171 | Average reward:   301.66 | Step Count: 8160433 | Episode Q0:    48.65
Episode: 5255/7000 | Episode reward:   156.99 | Episode steps:  560 | Average reward:   278.34 | Step Count: 8160993 | Episode Q0:    48.65
Episode: 5256/7000 | Episode reward:   421.57 | Episode steps: 1128 | Average reward:   269.56 | Step Count: 8162121 | Episode Q0:    49.72
Episode: 5257/7000 | Episode reward:   833.47 | Episode steps: 2278 | Average reward:   322.81 | Step Count: 8164399 | Episode Q0:    49.72
Episode: 5258/7000 | Episode reward:   576.03 | Episode steps: 2056 | Average reward:   340.84 | Step Count: 8166455 | Episode Q0:    49.72
Episode: 5259/7000 | Episode reward:   356.10 | Episode steps: 1294 | Average reward:   332.83 | Step Count: 8167749 | Episode Q0:    49.72
Episode: 5260/7000 | Episode reward:    37.89 | Episode steps:  141 | Average reward:   333.49 | Step Count: 8167890 | Episode Q0:    49.72
Episode: 5261/7000 | Episode reward:   419.82 | Episode steps: 1134 | Average reward:   361.74 | Step Count: 8169024 | Episode Q0:    49.72
Episode: 5262/7000 | Episode reward:   360.72 | Episode steps:  837 | Average reward:   354.76 | Step Count: 8169861 | Episode Q0:    49.72
Episode: 5263/7000 | Episode reward:   954.45 | Episode steps: 2500 | Average reward:   420.42 | Step Count: 8172361 | Episode Q0:    49.72
Episode: 5264/7000 | Episode reward:   109.78 | Episode steps:  243 | Average reward:   422.68 | Step Count: 8172604 | Episode Q0:    49.72
Episode: 5265/7000 | Episode reward:   166.87 | Episode steps:  517 | Average reward:   423.67 | Step Count: 8173121 | Episode Q0:    49.72
Episode: 5266/7000 | Episode reward:   526.41 | Episode steps: 1742 | Average reward:   434.16 | Step Count: 8174863 | Episode Q0:    49.72
Episode: 5267/7000 | Episode reward:   292.85 | Episode steps:  751 | Average reward:   380.09 | Step Count: 8175614 | Episode Q0:    49.72
Episode: 5268/7000 | Episode reward:   570.77 | Episode steps: 1366 | Average reward:   379.57 | Step Count: 8176980 | Episode Q0:    49.72
Episode: 5269/7000 | Episode reward:   370.44 | Episode steps: 1262 | Average reward:   381.00 | Step Count: 8178242 | Episode Q0:    49.72
Episode: 5270/7000 | Episode reward:   423.21 | Episode steps: 1368 | Average reward:   419.53 | Step Count: 8179610 | Episode Q0:    49.72
Episode: 5271/7000 | Episode reward:   635.31 | Episode steps: 2500 | Average reward:   441.08 | Step Count: 8182110 | Episode Q0:    49.72
Episode: 5272/7000 | Episode reward:   634.86 | Episode steps: 2500 | Average reward:   468.50 | Step Count: 8184610 | Episode Q0:    49.72
Episode: 5273/7000 | Episode reward:    94.90 | Episode steps:  226 | Average reward:   382.54 | Step Count: 8184836 | Episode Q0:    49.72
Episode: 5274/7000 | Episode reward:   359.44 | Episode steps: 1081 | Average reward:   407.51 | Step Count: 8185917 | Episode Q0:    49.72
Episode: 5275/7000 | Episode reward:   789.51 | Episode steps: 2441 | Average reward:   469.77 | Step Count: 8188358 | Episode Q0:    49.72
Episode: 5276/7000 | Episode reward:   400.28 | Episode steps: 1791 | Average reward:   457.16 | Step Count: 8190149 | Episode Q0:    49.72
Episode: 5277/7000 | Episode reward:   939.06 | Episode steps: 2358 | Average reward:   521.78 | Step Count: 8192507 | Episode Q0:    49.72
Episode: 5278/7000 | Episode reward:   304.76 | Episode steps:  984 | Average reward:   495.18 | Step Count: 8193491 | Episode Q0:    49.72
Episode: 5279/7000 | Episode reward:   244.79 | Episode steps:  755 | Average reward:   482.61 | Step Count: 8194246 | Episode Q0:    47.57
Episode: 5280/7000 | Episode reward:   475.01 | Episode steps: 1852 | Average reward:   487.79 | Step Count: 8196098 | Episode Q0:    47.57
Episode: 5281/7000 | Episode reward:   846.35 | Episode steps: 2500 | Average reward:   508.90 | Step Count: 8198598 | Episode Q0:    47.57
Episode: 5282/7000 | Episode reward:   748.08 | Episode steps: 1975 | Average reward:   520.22 | Step Count: 8200573 | Episode Q0:    47.57
Episode: 5283/7000 | Episode reward:   214.39 | Episode steps:  683 | Average reward:   532.17 | Step Count: 8201256 | Episode Q0:    47.57
Episode: 5284/7000 | Episode reward:   372.62 | Episode steps: 1476 | Average reward:   533.49 | Step Count: 8202732 | Episode Q0:    47.57
Episode: 5285/7000 | Episode reward:    57.90 | Episode steps:  187 | Average reward:   460.32 | Step Count: 8202919 | Episode Q0:    47.57
Episode: 5286/7000 | Episode reward:   800.02 | Episode steps: 2500 | Average reward:   500.30 | Step Count: 8205419 | Episode Q0:    47.57
Episode: 5287/7000 | Episode reward:   595.73 | Episode steps: 1787 | Average reward:   465.97 | Step Count: 8207206 | Episode Q0:    47.57
Episode: 5288/7000 | Episode reward:   611.45 | Episode steps: 2050 | Average reward:   496.63 | Step Count: 8209256 | Episode Q0:    47.57
Episode: 5289/7000 | Episode reward:   493.68 | Episode steps: 2028 | Average reward:   521.52 | Step Count: 8211284 | Episode Q0:    47.57
Episode: 5290/7000 | Episode reward:   525.78 | Episode steps: 1505 | Average reward:   526.60 | Step Count: 8212789 | Episode Q0:    47.57
Episode: 5291/7000 | Episode reward:   583.64 | Episode steps: 2016 | Average reward:   500.33 | Step Count: 8214805 | Episode Q0:    47.57
Episode: 5292/7000 | Episode reward:   278.52 | Episode steps: 1534 | Average reward:   453.37 | Step Count: 8216339 | Episode Q0:    47.57
Episode: 5293/7000 | Episode reward:   403.66 | Episode steps: 1054 | Average reward:   472.30 | Step Count: 8217393 | Episode Q0:    47.57
Episode: 5294/7000 | Episode reward:   824.10 | Episode steps: 2500 | Average reward:   517.45 | Step Count: 8219893 | Episode Q0:    47.57
Episode: 5295/7000 | Episode reward:   645.55 | Episode steps: 2233 | Average reward:   576.21 | Step Count: 8222126 | Episode Q0:    47.57
Episode: 5296/7000 | Episode reward:   675.25 | Episode steps: 2122 | Average reward:   563.74 | Step Count: 8224248 | Episode Q0:    47.57
Episode: 5297/7000 | Episode reward:   456.04 | Episode steps: 1224 | Average reward:   549.77 | Step Count: 8225472 | Episode Q0:    47.57
Episode: 5298/7000 | Episode reward:   475.23 | Episode steps: 1645 | Average reward:   536.15 | Step Count: 8227117 | Episode Q0:    47.57
Episode: 5299/7000 | Episode reward:    52.15 | Episode steps:  128 | Average reward:   491.99 | Step Count: 8227245 | Episode Q0:    47.57
Episode: 5300/7000 | Episode reward:   455.93 | Episode steps: 2500 | Average reward:   485.01 | Step Count: 8229745 | Episode Q0:    47.21
Episode: 5301/7000 | Episode reward:   882.95 | Episode steps: 2500 | Average reward:   514.94 | Step Count: 8232245 | Episode Q0:    47.21
Episode: 5302/7000 | Episode reward:   913.34 | Episode steps: 2500 | Average reward:   578.42 | Step Count: 8234745 | Episode Q0:    47.21
Episode: 5303/7000 | Episode reward:   831.19 | Episode steps: 2500 | Average reward:   621.17 | Step Count: 8237245 | Episode Q0:    47.21
Episode: 5304/7000 | Episode reward:   934.34 | Episode steps: 2500 | Average reward:   632.20 | Step Count: 8239745 | Episode Q0:    47.21
Episode: 5305/7000 | Episode reward:   800.49 | Episode steps: 2500 | Average reward:   647.69 | Step Count: 8242245 | Episode Q0:    47.21
Episode: 5306/7000 | Episode reward:   890.36 | Episode steps: 2500 | Average reward:   669.20 | Step Count: 8244745 | Episode Q0:    47.21
Episode: 5307/7000 | Episode reward:   513.04 | Episode steps: 2500 | Average reward:   674.90 | Step Count: 8247245 | Episode Q0:    47.21
Episode: 5308/7000 | Episode reward:  1198.99 | Episode steps: 2500 | Average reward:   747.28 | Step Count: 8249745 | Episode Q0:    47.21
Episode: 5309/7000 | Episode reward:   840.88 | Episode steps: 2500 | Average reward:   826.15 | Step Count: 8252245 | Episode Q0:    47.21
Episode: 5310/7000 | Episode reward:   728.39 | Episode steps: 2500 | Average reward:   853.40 | Step Count: 8254745 | Episode Q0:    47.21
Episode: 5311/7000 | Episode reward:   549.24 | Episode steps: 2500 | Average reward:   820.02 | Step Count: 8257245 | Episode Q0:    47.21
Episode: 5312/7000 | Episode reward:   534.81 | Episode steps: 2500 | Average reward:   782.17 | Step Count: 8259745 | Episode Q0:    47.21
Episode: 5313/7000 | Episode reward:   683.49 | Episode steps: 2500 | Average reward:   767.40 | Step Count: 8262245 | Episode Q0:    47.21
Episode: 5314/7000 | Episode reward:   751.98 | Episode steps: 2500 | Average reward:   749.17 | Step Count: 8264745 | Episode Q0:    47.21
Episode: 5315/7000 | Episode reward:  1004.94 | Episode steps: 2500 | Average reward:   769.61 | Step Count: 8267245 | Episode Q0:    47.21
Episode: 5316/7000 | Episode reward:   164.72 | Episode steps:  641 | Average reward:   697.05 | Step Count: 8267886 | Episode Q0:    47.21
Episode: 5317/7000 | Episode reward:   572.74 | Episode steps: 2500 | Average reward:   703.02 | Step Count: 8270386 | Episode Q0:    47.21
Episode: 5318/7000 | Episode reward:   908.87 | Episode steps: 2500 | Average reward:   674.01 | Step Count: 8272886 | Episode Q0:    47.21
Episode: 5319/7000 | Episode reward:   715.34 | Episode steps: 2500 | Average reward:   661.45 | Step Count: 8275386 | Episode Q0:    47.21
Episode: 5320/7000 | Episode reward:   881.50 | Episode steps: 2500 | Average reward:   676.76 | Step Count: 8277886 | Episode Q0:    47.21
Episode: 5321/7000 | Episode reward:   853.33 | Episode steps: 2500 | Average reward:   707.17 | Step Count: 8280386 | Episode Q0:    47.21
Episode: 5322/7000 | Episode reward:   649.75 | Episode steps: 2500 | Average reward:   718.67 | Step Count: 8282886 | Episode Q0:    47.21
Episode: 5323/7000 | Episode reward:   793.44 | Episode steps: 2500 | Average reward:   729.66 | Step Count: 8285386 | Episode Q0:    46.66
Episode: 5324/7000 | Episode reward:  1033.70 | Episode steps: 2500 | Average reward:   757.83 | Step Count: 8287886 | Episode Q0:    46.66
Episode: 5325/7000 | Episode reward:   854.46 | Episode steps: 2500 | Average reward:   742.78 | Step Count: 8290386 | Episode Q0:    46.66
Episode: 5326/7000 | Episode reward:   468.30 | Episode steps: 1291 | Average reward:   773.14 | Step Count: 8291677 | Episode Q0:    46.66
Episode: 5327/7000 | Episode reward:   899.62 | Episode steps: 2500 | Average reward:   805.83 | Step Count: 8294177 | Episode Q0:    46.66
Episode: 5328/7000 | Episode reward:   996.89 | Episode steps: 2500 | Average reward:   814.63 | Step Count: 8296677 | Episode Q0:    46.66
Episode: 5329/7000 | Episode reward:   967.60 | Episode steps: 2500 | Average reward:   839.86 | Step Count: 8299177 | Episode Q0:    46.66
Episode: 5330/7000 | Episode reward:   812.12 | Episode steps: 2500 | Average reward:   832.92 | Step Count: 8301677 | Episode Q0:    46.66
Episode: 5331/7000 | Episode reward:   810.75 | Episode steps: 2500 | Average reward:   828.66 | Step Count: 8304177 | Episode Q0:    46.66
Episode: 5332/7000 | Episode reward:   895.24 | Episode steps: 2500 | Average reward:   853.21 | Step Count: 8306677 | Episode Q0:    46.66
Episode: 5333/7000 | Episode reward:   983.94 | Episode steps: 2500 | Average reward:   872.26 | Step Count: 8309177 | Episode Q0:    46.66
Episode: 5334/7000 | Episode reward:   698.62 | Episode steps: 2500 | Average reward:   838.76 | Step Count: 8311677 | Episode Q0:    46.66
Episode: 5335/7000 | Episode reward:   649.87 | Episode steps: 2500 | Average reward:   818.30 | Step Count: 8314177 | Episode Q0:    46.66
Episode: 5336/7000 | Episode reward:   862.76 | Episode steps: 2500 | Average reward:   857.74 | Step Count: 8316677 | Episode Q0:    46.66
Episode: 5337/7000 | Episode reward:  1077.86 | Episode steps: 2500 | Average reward:   875.57 | Step Count: 8319177 | Episode Q0:    46.66
Episode: 5338/7000 | Episode reward:   893.58 | Episode steps: 2500 | Average reward:   865.24 | Step Count: 8321677 | Episode Q0:    46.66
Episode: 5339/7000 | Episode reward:   854.34 | Episode steps: 2500 | Average reward:   853.91 | Step Count: 8324177 | Episode Q0:    46.66
Episode: 5340/7000 | Episode reward:   772.06 | Episode steps: 2500 | Average reward:   849.90 | Step Count: 8326677 | Episode Q0:    46.66
Episode: 5341/7000 | Episode reward:   660.83 | Episode steps: 2500 | Average reward:   834.91 | Step Count: 8329177 | Episode Q0:    46.66
Episode: 5342/7000 | Episode reward:   514.98 | Episode steps: 2500 | Average reward:   796.88 | Step Count: 8331677 | Episode Q0:    46.66
Episode: 5343/7000 | Episode reward:   889.72 | Episode steps: 2500 | Average reward:   787.46 | Step Count: 8334177 | Episode Q0:    46.66
Episode: 5344/7000 | Episode reward:   744.45 | Episode steps: 2500 | Average reward:   792.05 | Step Count: 8336677 | Episode Q0:    44.46
Episode: 5345/7000 | Episode reward:   671.73 | Episode steps: 2500 | Average reward:   794.23 | Step Count: 8339177 | Episode Q0:    44.46
Episode: 5346/7000 | Episode reward:   714.08 | Episode steps: 2500 | Average reward:   779.36 | Step Count: 8341677 | Episode Q0:    44.46
Episode: 5347/7000 | Episode reward:   764.49 | Episode steps: 2500 | Average reward:   748.03 | Step Count: 8344177 | Episode Q0:    44.46
Episode: 5348/7000 | Episode reward:   765.91 | Episode steps: 2500 | Average reward:   735.26 | Step Count: 8346677 | Episode Q0:    44.46
Episode: 5349/7000 | Episode reward:   789.21 | Episode steps: 2500 | Average reward:   728.75 | Step Count: 8349177 | Episode Q0:    44.46
Episode: 5350/7000 | Episode reward:   957.45 | Episode steps: 2500 | Average reward:   747.29 | Step Count: 8351677 | Episode Q0:    44.46
Episode: 5351/7000 | Episode reward:   771.40 | Episode steps: 2500 | Average reward:   758.34 | Step Count: 8354177 | Episode Q0:    44.46
Episode: 5352/7000 | Episode reward:   643.43 | Episode steps: 2500 | Average reward:   771.19 | Step Count: 8356677 | Episode Q0:    44.46
Episode: 5353/7000 | Episode reward:   754.02 | Episode steps: 2500 | Average reward:   757.62 | Step Count: 8359177 | Episode Q0:    44.46
Episode: 5354/7000 | Episode reward:   613.82 | Episode steps: 2500 | Average reward:   744.55 | Step Count: 8361677 | Episode Q0:    44.46
Episode: 5355/7000 | Episode reward:   749.15 | Episode steps: 2500 | Average reward:   752.30 | Step Count: 8364177 | Episode Q0:    44.46
Episode: 5356/7000 | Episode reward:   797.59 | Episode steps: 2500 | Average reward:   760.65 | Step Count: 8366677 | Episode Q0:    44.46
Episode: 5357/7000 | Episode reward:   810.46 | Episode steps: 2500 | Average reward:   765.24 | Step Count: 8369177 | Episode Q0:    44.46
Episode: 5358/7000 | Episode reward:   975.34 | Episode steps: 2500 | Average reward:   786.19 | Step Count: 8371677 | Episode Q0:    44.46
Episode: 5359/7000 | Episode reward:   928.45 | Episode steps: 2500 | Average reward:   800.11 | Step Count: 8374177 | Episode Q0:    44.46
Episode: 5360/7000 | Episode reward:   632.15 | Episode steps: 2500 | Average reward:   767.58 | Step Count: 8376677 | Episode Q0:    44.46
Episode: 5361/7000 | Episode reward:  1027.51 | Episode steps: 2500 | Average reward:   793.19 | Step Count: 8379177 | Episode Q0:    44.46
Episode: 5362/7000 | Episode reward:  1239.94 | Episode steps: 2500 | Average reward:   852.84 | Step Count: 8381677 | Episode Q0:    44.46
Episode: 5363/7000 | Episode reward:   775.81 | Episode steps: 2500 | Average reward:   855.02 | Step Count: 8384177 | Episode Q0:    44.46
Episode: 5364/7000 | Episode reward:   772.38 | Episode steps: 2500 | Average reward:   870.88 | Step Count: 8386677 | Episode Q0:    44.46
Episode: 5365/7000 | Episode reward:   596.68 | Episode steps: 2500 | Average reward:   855.63 | Step Count: 8389177 | Episode Q0:    44.46
Episode: 5366/7000 | Episode reward:   944.26 | Episode steps: 2500 | Average reward:   870.30 | Step Count: 8391677 | Episode Q0:    44.46
Episode: 5367/7000 | Episode reward:    27.15 | Episode steps:  117 | Average reward:   791.97 | Step Count: 8391794 | Episode Q0:    44.46
Episode: 5368/7000 | Episode reward:   124.87 | Episode steps:  342 | Average reward:   706.92 | Step Count: 8392136 | Episode Q0:    44.46
Episode: 5369/7000 | Episode reward:   925.85 | Episode steps: 2500 | Average reward:   706.66 | Step Count: 8394636 | Episode Q0:    46.70
Episode: 5370/7000 | Episode reward:   788.72 | Episode steps: 2344 | Average reward:   722.32 | Step Count: 8396980 | Episode Q0:    46.70
Episode: 5371/7000 | Episode reward:  1050.48 | Episode steps: 2500 | Average reward:   724.61 | Step Count: 8399480 | Episode Q0:    46.70
Episode: 5372/7000 | Episode reward:   590.63 | Episode steps: 2478 | Average reward:   659.68 | Step Count: 8401958 | Episode Q0:    46.70
Episode: 5373/7000 | Episode reward:   731.57 | Episode steps: 2500 | Average reward:   655.26 | Step Count: 8404458 | Episode Q0:    46.70
Episode: 5374/7000 | Episode reward:   735.88 | Episode steps: 2500 | Average reward:   651.61 | Step Count: 8406958 | Episode Q0:    46.70
Episode: 5375/7000 | Episode reward:   412.02 | Episode steps: 1243 | Average reward:   633.14 | Step Count: 8408201 | Episode Q0:    46.70
Episode: 5376/7000 | Episode reward:   695.40 | Episode steps: 2500 | Average reward:   608.26 | Step Count: 8410701 | Episode Q0:    46.70
Episode: 5377/7000 | Episode reward:   941.91 | Episode steps: 2500 | Average reward:   699.73 | Step Count: 8413201 | Episode Q0:    46.70
Episode: 5378/7000 | Episode reward:   874.21 | Episode steps: 2500 | Average reward:   774.67 | Step Count: 8415701 | Episode Q0:    46.70
Episode: 5379/7000 | Episode reward:   479.39 | Episode steps: 1937 | Average reward:   730.02 | Step Count: 8417638 | Episode Q0:    46.70
Episode: 5380/7000 | Episode reward:  1056.15 | Episode steps: 2500 | Average reward:   756.76 | Step Count: 8420138 | Episode Q0:    46.70
Episode: 5381/7000 | Episode reward:   808.09 | Episode steps: 2500 | Average reward:   732.52 | Step Count: 8422638 | Episode Q0:    46.70
Episode: 5382/7000 | Episode reward:   815.12 | Episode steps: 2386 | Average reward:   754.97 | Step Count: 8425024 | Episode Q0:    46.70
Episode: 5383/7000 | Episode reward:   661.67 | Episode steps: 2500 | Average reward:   747.98 | Step Count: 8427524 | Episode Q0:    46.70
Episode: 5384/7000 | Episode reward:   403.59 | Episode steps: 1561 | Average reward:   714.75 | Step Count: 8429085 | Episode Q0:    46.70
Episode: 5385/7000 | Episode reward:   206.87 | Episode steps:  562 | Average reward:   694.24 | Step Count: 8429647 | Episode Q0:    46.70
Episode: 5386/7000 | Episode reward:   802.24 | Episode steps: 2500 | Average reward:   704.92 | Step Count: 8432147 | Episode Q0:    46.70
Episode: 5387/7000 | Episode reward:   689.71 | Episode steps: 2500 | Average reward:   679.70 | Step Count: 8434647 | Episode Q0:    46.70
Episode: 5388/7000 | Episode reward:   167.45 | Episode steps:  491 | Average reward:   609.03 | Step Count: 8435138 | Episode Q0:    46.70
Episode: 5389/7000 | Episode reward:   844.59 | Episode steps: 2500 | Average reward:   645.55 | Step Count: 8437638 | Episode Q0:    49.87
Episode: 5390/7000 | Episode reward:   537.75 | Episode steps: 2500 | Average reward:   593.71 | Step Count: 8440138 | Episode Q0:    49.87
Episode: 5391/7000 | Episode reward:   850.67 | Episode steps: 2500 | Average reward:   597.97 | Step Count: 8442638 | Episode Q0:    49.87
Episode: 5392/7000 | Episode reward:   798.34 | Episode steps: 2500 | Average reward:   596.29 | Step Count: 8445138 | Episode Q0:    49.87
Episode: 5393/7000 | Episode reward:   910.30 | Episode steps: 2500 | Average reward:   621.15 | Step Count: 8447638 | Episode Q0:    49.87
Episode: 5394/7000 | Episode reward:   634.51 | Episode steps: 2500 | Average reward:   644.24 | Step Count: 8450138 | Episode Q0:    49.87
Episode: 5395/7000 | Episode reward:   247.51 | Episode steps:  498 | Average reward:   648.31 | Step Count: 8450636 | Episode Q0:    49.87
Episode: 5396/7000 | Episode reward:   623.14 | Episode steps: 2500 | Average reward:   630.40 | Step Count: 8453136 | Episode Q0:    49.87
Episode: 5397/7000 | Episode reward:   843.78 | Episode steps: 2500 | Average reward:   645.80 | Step Count: 8455636 | Episode Q0:    49.87
Episode: 5398/7000 | Episode reward:   839.30 | Episode steps: 2500 | Average reward:   712.99 | Step Count: 8458136 | Episode Q0:    49.87
Episode: 5399/7000 | Episode reward:   692.95 | Episode steps: 2500 | Average reward:   697.83 | Step Count: 8460636 | Episode Q0:    49.87
Episode: 5400/7000 | Episode reward:   667.05 | Episode steps: 2500 | Average reward:   710.76 | Step Count: 8463136 | Episode Q0:    49.87
Episode: 5401/7000 | Episode reward:   165.39 | Episode steps:  305 | Average reward:   642.23 | Step Count: 8463441 | Episode Q0:    49.87
Episode: 5402/7000 | Episode reward:   671.62 | Episode steps: 2500 | Average reward:   629.56 | Step Count: 8465941 | Episode Q0:    49.87
Episode: 5403/7000 | Episode reward:   546.71 | Episode steps: 1517 | Average reward:   593.20 | Step Count: 8467458 | Episode Q0:    49.87
Episode: 5404/7000 | Episode reward:   463.37 | Episode steps: 2500 | Average reward:   576.08 | Step Count: 8469958 | Episode Q0:    49.87
Episode: 5405/7000 | Episode reward:   704.90 | Episode steps: 2500 | Average reward:   621.82 | Step Count: 8472458 | Episode Q0:    49.87
Episode: 5406/7000 | Episode reward:   762.99 | Episode steps: 2500 | Average reward:   635.81 | Step Count: 8474958 | Episode Q0:    49.87
Episode: 5407/7000 | Episode reward:   946.96 | Episode steps: 2500 | Average reward:   646.13 | Step Count: 8477458 | Episode Q0:    49.87
Episode: 5408/7000 | Episode reward:   528.71 | Episode steps: 2500 | Average reward:   615.07 | Step Count: 8479958 | Episode Q0:    49.87
Episode: 5409/7000 | Episode reward:   513.04 | Episode steps: 2500 | Average reward:   597.07 | Step Count: 8482458 | Episode Q0:    49.87
Episode: 5410/7000 | Episode reward:   956.24 | Episode steps: 2500 | Average reward:   625.99 | Step Count: 8484958 | Episode Q0:    49.87
Episode: 5411/7000 | Episode reward:   106.12 | Episode steps:  201 | Average reward:   620.07 | Step Count: 8485159 | Episode Q0:    49.87
Episode: 5412/7000 | Episode reward:   622.26 | Episode steps: 2500 | Average reward:   615.13 | Step Count: 8487659 | Episode Q0:    49.87
Episode: 5413/7000 | Episode reward:   848.47 | Episode steps: 2500 | Average reward:   645.31 | Step Count: 8490159 | Episode Q0:    44.05
Episode: 5414/7000 | Episode reward:   593.05 | Episode steps: 2500 | Average reward:   658.28 | Step Count: 8492659 | Episode Q0:    44.05
Episode: 5415/7000 | Episode reward:   827.54 | Episode steps: 2500 | Average reward:   670.54 | Step Count: 8495159 | Episode Q0:    44.05
Episode: 5416/7000 | Episode reward:   684.11 | Episode steps: 2500 | Average reward:   662.65 | Step Count: 8497659 | Episode Q0:    44.05
Episode: 5417/7000 | Episode reward:   448.33 | Episode steps: 2500 | Average reward:   612.79 | Step Count: 8500159 | Episode Q0:    44.05
Episode: 5418/7000 | Episode reward:   702.31 | Episode steps: 2500 | Average reward:   630.15 | Step Count: 8502659 | Episode Q0:    44.05
Episode: 5419/7000 | Episode reward:   598.05 | Episode steps: 2500 | Average reward:   638.65 | Step Count: 8505159 | Episode Q0:    44.05
Episode: 5420/7000 | Episode reward:   745.58 | Episode steps: 2500 | Average reward:   617.58 | Step Count: 8507659 | Episode Q0:    44.05
Episode: 5421/7000 | Episode reward:   777.88 | Episode steps: 2500 | Average reward:   684.76 | Step Count: 8510159 | Episode Q0:    44.05
Episode: 5422/7000 | Episode reward:   737.51 | Episode steps: 2500 | Average reward:   696.28 | Step Count: 8512659 | Episode Q0:    44.05
Episode: 5423/7000 | Episode reward:    61.47 | Episode steps:  190 | Average reward:   617.58 | Step Count: 8512849 | Episode Q0:    44.05
Episode: 5424/7000 | Episode reward:   650.59 | Episode steps: 2500 | Average reward:   623.34 | Step Count: 8515349 | Episode Q0:    44.05
Episode: 5425/7000 | Episode reward:   659.90 | Episode steps: 2500 | Average reward:   606.57 | Step Count: 8517849 | Episode Q0:    44.05
Episode: 5426/7000 | Episode reward:   789.65 | Episode steps: 2500 | Average reward:   617.13 | Step Count: 8520349 | Episode Q0:    44.05
Episode: 5427/7000 | Episode reward:   987.89 | Episode steps: 2500 | Average reward:   671.08 | Step Count: 8522849 | Episode Q0:    44.05
Episode: 5428/7000 | Episode reward:   873.00 | Episode steps: 2500 | Average reward:   688.15 | Step Count: 8525349 | Episode Q0:    44.05
Episode: 5429/7000 | Episode reward:   721.84 | Episode steps: 2500 | Average reward:   700.53 | Step Count: 8527849 | Episode Q0:    44.05
Episode: 5430/7000 | Episode reward:   755.15 | Episode steps: 2500 | Average reward:   701.49 | Step Count: 8530349 | Episode Q0:    44.05
Episode: 5431/7000 | Episode reward:   649.99 | Episode steps: 2500 | Average reward:   688.70 | Step Count: 8532849 | Episode Q0:    44.05
Episode: 5432/7000 | Episode reward:   599.53 | Episode steps: 2500 | Average reward:   674.90 | Step Count: 8535349 | Episode Q0:    44.05
Episode: 5433/7000 | Episode reward:   262.75 | Episode steps:  539 | Average reward:   695.03 | Step Count: 8535888 | Episode Q0:    44.05
Episode: 5434/7000 | Episode reward:   367.37 | Episode steps:  782 | Average reward:   666.71 | Step Count: 8536670 | Episode Q0:    44.05
Episode: 5435/7000 | Episode reward:   726.58 | Episode steps: 2500 | Average reward:   673.37 | Step Count: 8539170 | Episode Q0:    49.75
Episode: 5436/7000 | Episode reward:   198.84 | Episode steps:  564 | Average reward:   614.29 | Step Count: 8539734 | Episode Q0:    49.75
Episode: 5437/7000 | Episode reward:   478.22 | Episode steps: 1242 | Average reward:   563.33 | Step Count: 8540976 | Episode Q0:    49.75
Episode: 5438/7000 | Episode reward:   680.41 | Episode steps: 1836 | Average reward:   544.07 | Step Count: 8542812 | Episode Q0:    49.75
Episode: 5439/7000 | Episode reward:   740.51 | Episode steps: 2500 | Average reward:   545.94 | Step Count: 8545312 | Episode Q0:    49.75
Episode: 5440/7000 | Episode reward:   771.93 | Episode steps: 1996 | Average reward:   547.61 | Step Count: 8547308 | Episode Q0:    49.75
Episode: 5441/7000 | Episode reward:   112.27 | Episode steps:  242 | Average reward:   493.84 | Step Count: 8547550 | Episode Q0:    49.75
Episode: 5442/7000 | Episode reward:   169.94 | Episode steps:  405 | Average reward:   450.88 | Step Count: 8547955 | Episode Q0:    49.75
Episode: 5443/7000 | Episode reward:   329.19 | Episode steps:  929 | Average reward:   457.53 | Step Count: 8548884 | Episode Q0:    49.75
Episode: 5444/7000 | Episode reward:   713.65 | Episode steps: 2500 | Average reward:   492.15 | Step Count: 8551384 | Episode Q0:    49.75
Episode: 5445/7000 | Episode reward:   460.73 | Episode steps: 2137 | Average reward:   465.57 | Step Count: 8553521 | Episode Q0:    49.75
Episode: 5446/7000 | Episode reward:   267.23 | Episode steps:  638 | Average reward:   472.41 | Step Count: 8554159 | Episode Q0:    49.75
Episode: 5447/7000 | Episode reward:   697.30 | Episode steps: 1514 | Average reward:   494.32 | Step Count: 8555673 | Episode Q0:    49.75
Episode: 5448/7000 | Episode reward:   410.26 | Episode steps: 1067 | Average reward:   467.30 | Step Count: 8556740 | Episode Q0:    49.75
Episode: 5449/7000 | Episode reward:   115.14 | Episode steps:  261 | Average reward:   404.77 | Step Count: 8557001 | Episode Q0:    49.75
Episode: 5450/7000 | Episode reward:   451.43 | Episode steps: 1300 | Average reward:   372.71 | Step Count: 8558301 | Episode Q0:    49.75
Episode: 5451/7000 | Episode reward:   461.79 | Episode steps: 2500 | Average reward:   407.67 | Step Count: 8560801 | Episode Q0:    49.75
Episode: 5452/7000 | Episode reward:    58.86 | Episode steps:  170 | Average reward:   396.56 | Step Count: 8560971 | Episode Q0:    49.75
Episode: 5453/7000 | Episode reward:   436.66 | Episode steps: 1367 | Average reward:   407.31 | Step Count: 8562338 | Episode Q0:    49.75
Episode: 5454/7000 | Episode reward:   514.02 | Episode steps: 1651 | Average reward:   387.34 | Step Count: 8563989 | Episode Q0:    49.75
Episode: 5455/7000 | Episode reward:   777.08 | Episode steps: 2500 | Average reward:   418.98 | Step Count: 8566489 | Episode Q0:    49.75
Episode: 5456/7000 | Episode reward:   512.14 | Episode steps: 1809 | Average reward:   443.47 | Step Count: 8568298 | Episode Q0:    49.75
Episode: 5457/7000 | Episode reward:   205.46 | Episode steps:  926 | Average reward:   394.28 | Step Count: 8569224 | Episode Q0:    49.75
Episode: 5458/7000 | Episode reward:    91.82 | Episode steps:  191 | Average reward:   362.44 | Step Count: 8569415 | Episode Q0:    49.75
Episode: 5459/7000 | Episode reward:   327.52 | Episode steps: 1249 | Average reward:   383.68 | Step Count: 8570664 | Episode Q0:    46.84
Episode: 5460/7000 | Episode reward:   131.52 | Episode steps:  735 | Average reward:   351.69 | Step Count: 8571399 | Episode Q0:    46.84
Episode: 5461/7000 | Episode reward:   139.45 | Episode steps:  298 | Average reward:   319.45 | Step Count: 8571697 | Episode Q0:    46.84
Episode: 5462/7000 | Episode reward:   261.29 | Episode steps:  824 | Average reward:   339.70 | Step Count: 8572521 | Episode Q0:    46.84
Episode: 5463/7000 | Episode reward:   122.57 | Episode steps:  389 | Average reward:   308.29 | Step Count: 8572910 | Episode Q0:    46.84
Episode: 5464/7000 | Episode reward:   282.82 | Episode steps:  862 | Average reward:   285.17 | Step Count: 8573772 | Episode Q0:    46.84
Episode: 5465/7000 | Episode reward:   384.75 | Episode steps:  826 | Average reward:   245.94 | Step Count: 8574598 | Episode Q0:    46.84
Episode: 5466/7000 | Episode reward:   471.52 | Episode steps: 2380 | Average reward:   241.87 | Step Count: 8576978 | Episode Q0:    46.84
Episode: 5467/7000 | Episode reward:   175.44 | Episode steps:  504 | Average reward:   238.87 | Step Count: 8577482 | Episode Q0:    46.84
Episode: 5468/7000 | Episode reward:   449.18 | Episode steps: 1123 | Average reward:   274.61 | Step Count: 8578605 | Episode Q0:    46.84
Episode: 5469/7000 | Episode reward:   228.53 | Episode steps:  919 | Average reward:   264.71 | Step Count: 8579524 | Episode Q0:    46.84
Episode: 5470/7000 | Episode reward:   374.14 | Episode steps: 1084 | Average reward:   288.97 | Step Count: 8580608 | Episode Q0:    46.84
Episode: 5471/7000 | Episode reward:   273.32 | Episode steps:  640 | Average reward:   302.36 | Step Count: 8581248 | Episode Q0:    46.84
Episode: 5472/7000 | Episode reward:   229.42 | Episode steps:  989 | Average reward:   299.17 | Step Count: 8582237 | Episode Q0:    46.84
Episode: 5473/7000 | Episode reward:   195.67 | Episode steps:  662 | Average reward:   306.48 | Step Count: 8582899 | Episode Q0:    46.84
Episode: 5474/7000 | Episode reward:   244.44 | Episode steps:  677 | Average reward:   302.64 | Step Count: 8583576 | Episode Q0:    46.84
Episode: 5475/7000 | Episode reward:   466.17 | Episode steps: 1399 | Average reward:   310.78 | Step Count: 8584975 | Episode Q0:    46.84
Episode: 5476/7000 | Episode reward:   553.69 | Episode steps: 1706 | Average reward:   319.00 | Step Count: 8586681 | Episode Q0:    46.84
Episode: 5477/7000 | Episode reward:   210.35 | Episode steps:  566 | Average reward:   322.49 | Step Count: 8587247 | Episode Q0:    46.84
Episode: 5478/7000 | Episode reward:   303.04 | Episode steps:  867 | Average reward:   307.88 | Step Count: 8588114 | Episode Q0:    46.84
Episode: 5479/7000 | Episode reward:   778.95 | Episode steps: 2500 | Average reward:   362.92 | Step Count: 8590614 | Episode Q0:    46.20
Episode: 5480/7000 | Episode reward:   650.99 | Episode steps: 2500 | Average reward:   390.60 | Step Count: 8593114 | Episode Q0:    46.20
Episode: 5481/7000 | Episode reward:   694.26 | Episode steps: 2500 | Average reward:   432.70 | Step Count: 8595614 | Episode Q0:    46.20
Episode: 5482/7000 | Episode reward:   831.95 | Episode steps: 2500 | Average reward:   492.95 | Step Count: 8598114 | Episode Q0:    46.20
Episode: 5483/7000 | Episode reward:   482.48 | Episode steps: 2500 | Average reward:   521.63 | Step Count: 8600614 | Episode Q0:    46.20
Episode: 5484/7000 | Episode reward:   675.12 | Episode steps: 2500 | Average reward:   564.70 | Step Count: 8603114 | Episode Q0:    46.20
Episode: 5485/7000 | Episode reward:   709.35 | Episode steps: 2500 | Average reward:   589.02 | Step Count: 8605614 | Episode Q0:    46.20
Episode: 5486/7000 | Episode reward:   537.90 | Episode steps: 2500 | Average reward:   587.44 | Step Count: 8608114 | Episode Q0:    46.20
Episode: 5487/7000 | Episode reward:   982.97 | Episode steps: 2500 | Average reward:   664.70 | Step Count: 8610614 | Episode Q0:    46.20
Episode: 5488/7000 | Episode reward:  1029.62 | Episode steps: 2500 | Average reward:   737.36 | Step Count: 8613114 | Episode Q0:    46.20
Episode: 5489/7000 | Episode reward:   833.33 | Episode steps: 2500 | Average reward:   742.80 | Step Count: 8615614 | Episode Q0:    46.20
Episode: 5490/7000 | Episode reward:   875.87 | Episode steps: 2500 | Average reward:   765.29 | Step Count: 8618114 | Episode Q0:    46.20
Episode: 5491/7000 | Episode reward:   811.02 | Episode steps: 2500 | Average reward:   776.96 | Step Count: 8620614 | Episode Q0:    46.20
Episode: 5492/7000 | Episode reward:   992.14 | Episode steps: 2500 | Average reward:   792.98 | Step Count: 8623114 | Episode Q0:    46.20
Episode: 5493/7000 | Episode reward:   897.39 | Episode steps: 2500 | Average reward:   834.47 | Step Count: 8625614 | Episode Q0:    46.20
Episode: 5494/7000 | Episode reward:   682.31 | Episode steps: 2500 | Average reward:   835.19 | Step Count: 8628114 | Episode Q0:    46.20
Episode: 5495/7000 | Episode reward:   681.96 | Episode steps: 2500 | Average reward:   832.45 | Step Count: 8630614 | Episode Q0:    46.20
Episode: 5496/7000 | Episode reward:   923.86 | Episode steps: 2500 | Average reward:   871.05 | Step Count: 8633114 | Episode Q0:    46.20
Episode: 5497/7000 | Episode reward:   911.48 | Episode steps: 2500 | Average reward:   863.90 | Step Count: 8635614 | Episode Q0:    46.20
Episode: 5498/7000 | Episode reward:   591.07 | Episode steps: 2500 | Average reward:   820.04 | Step Count: 8638114 | Episode Q0:    46.20
Episode: 5499/7000 | Episode reward:   709.81 | Episode steps: 2500 | Average reward:   807.69 | Step Count: 8640614 | Episode Q0:    46.20
Episode: 5500/7000 | Episode reward:   888.25 | Episode steps: 2500 | Average reward:   808.93 | Step Count: 8643114 | Episode Q0:    46.20
Episode: 5501/7000 | Episode reward:   472.67 | Episode steps: 2500 | Average reward:   775.10 | Step Count: 8645614 | Episode Q0:    46.20
Episode: 5502/7000 | Episode reward:  1040.09 | Episode steps: 2500 | Average reward:   779.89 | Step Count: 8648114 | Episode Q0:    46.20
Episode: 5503/7000 | Episode reward:    67.70 | Episode steps:  149 | Average reward:   696.92 | Step Count: 8648263 | Episode Q0:    46.20
Episode: 5504/7000 | Episode reward:   209.90 | Episode steps:  580 | Average reward:   649.68 | Step Count: 8648843 | Episode Q0:    46.20
Episode: 5505/7000 | Episode reward:   636.30 | Episode steps: 1982 | Average reward:   645.11 | Step Count: 8650825 | Episode Q0:    47.98
Episode: 5506/7000 | Episode reward:   331.84 | Episode steps: 1059 | Average reward:   585.91 | Step Count: 8651884 | Episode Q0:    47.98
Episode: 5507/7000 | Episode reward:   170.36 | Episode steps:  805 | Average reward:   511.80 | Step Count: 8652689 | Episode Q0:    47.98
Episode: 5508/7000 | Episode reward:   863.75 | Episode steps: 2500 | Average reward:   539.07 | Step Count: 8655189 | Episode Q0:    47.98
Episode: 5509/7000 | Episode reward:   574.07 | Episode steps: 1782 | Average reward:   525.49 | Step Count: 8656971 | Episode Q0:    47.98
Episode: 5510/7000 | Episode reward:    38.36 | Episode steps:  176 | Average reward:   440.51 | Step Count: 8657147 | Episode Q0:    47.98
Episode: 5511/7000 | Episode reward:   661.23 | Episode steps: 2500 | Average reward:   459.36 | Step Count: 8659647 | Episode Q0:    47.98
Episode: 5512/7000 | Episode reward:   491.55 | Episode steps: 1349 | Average reward:   404.51 | Step Count: 8660996 | Episode Q0:    47.98
Episode: 5513/7000 | Episode reward:   519.09 | Episode steps: 2316 | Average reward:   449.65 | Step Count: 8663312 | Episode Q0:    47.98
Episode: 5514/7000 | Episode reward:   300.38 | Episode steps:  780 | Average reward:   458.69 | Step Count: 8664092 | Episode Q0:    47.98
Episode: 5515/7000 | Episode reward:   331.97 | Episode steps: 1307 | Average reward:   428.26 | Step Count: 8665399 | Episode Q0:    47.98
Episode: 5516/7000 | Episode reward:   348.23 | Episode steps: 1039 | Average reward:   429.90 | Step Count: 8666438 | Episode Q0:    47.98
Episode: 5517/7000 | Episode reward:   578.20 | Episode steps: 1712 | Average reward:   470.68 | Step Count: 8668150 | Episode Q0:    47.98
Episode: 5518/7000 | Episode reward:   481.59 | Episode steps: 1627 | Average reward:   432.47 | Step Count: 8669777 | Episode Q0:    47.98
Episode: 5519/7000 | Episode reward:   610.47 | Episode steps: 2201 | Average reward:   436.11 | Step Count: 8671978 | Episode Q0:    47.98
Episode: 5520/7000 | Episode reward:   519.07 | Episode steps: 1494 | Average reward:   484.18 | Step Count: 8673472 | Episode Q0:    47.98
Episode: 5521/7000 | Episode reward:  1009.57 | Episode steps: 2500 | Average reward:   519.01 | Step Count: 8675972 | Episode Q0:    47.98
Episode: 5522/7000 | Episode reward:   669.20 | Episode steps: 2030 | Average reward:   536.78 | Step Count: 8678002 | Episode Q0:    47.98
Episode: 5523/7000 | Episode reward:   161.38 | Episode steps:  261 | Average reward:   501.01 | Step Count: 8678263 | Episode Q0:    47.98
Episode: 5524/7000 | Episode reward:    41.41 | Episode steps:  137 | Average reward:   475.11 | Step Count: 8678400 | Episode Q0:    47.98
Episode: 5525/7000 | Episode reward:   612.36 | Episode steps: 2500 | Average reward:   503.15 | Step Count: 8680900 | Episode Q0:    46.08
Episode: 5526/7000 | Episode reward:   407.66 | Episode steps: 2500 | Average reward:   509.09 | Step Count: 8683400 | Episode Q0:    46.08
Episode: 5527/7000 | Episode reward:   526.97 | Episode steps: 1953 | Average reward:   503.97 | Step Count: 8685353 | Episode Q0:    46.08
Episode: 5528/7000 | Episode reward:   413.01 | Episode steps: 1279 | Average reward:   497.11 | Step Count: 8686632 | Episode Q0:    46.08
Episode: 5529/7000 | Episode reward:   486.51 | Episode steps: 1584 | Average reward:   484.72 | Step Count: 8688216 | Episode Q0:    46.08
Episode: 5530/7000 | Episode reward:   504.92 | Episode steps: 2472 | Average reward:   483.30 | Step Count: 8690688 | Episode Q0:    46.08
Episode: 5531/7000 | Episode reward:   795.51 | Episode steps: 2500 | Average reward:   461.89 | Step Count: 8693188 | Episode Q0:    46.08
Episode: 5532/7000 | Episode reward:   609.82 | Episode steps: 1348 | Average reward:   455.96 | Step Count: 8694536 | Episode Q0:    46.08
Episode: 5533/7000 | Episode reward:   371.53 | Episode steps: 1079 | Average reward:   476.97 | Step Count: 8695615 | Episode Q0:    46.08
Episode: 5534/7000 | Episode reward:   529.28 | Episode steps: 2500 | Average reward:   525.76 | Step Count: 8698115 | Episode Q0:    46.08
Episode: 5535/7000 | Episode reward:   403.80 | Episode steps: 1797 | Average reward:   504.90 | Step Count: 8699912 | Episode Q0:    46.08
Episode: 5536/7000 | Episode reward:   413.73 | Episode steps: 1849 | Average reward:   505.51 | Step Count: 8701761 | Episode Q0:    46.08
Episode: 5537/7000 | Episode reward:   635.92 | Episode steps: 2492 | Average reward:   516.40 | Step Count: 8704253 | Episode Q0:    46.08
Episode: 5538/7000 | Episode reward:   513.59 | Episode steps: 2500 | Average reward:   526.46 | Step Count: 8706753 | Episode Q0:    46.08
Episode: 5539/7000 | Episode reward:   327.40 | Episode steps:  808 | Average reward:   510.55 | Step Count: 8707561 | Episode Q0:    46.08
Episode: 5540/7000 | Episode reward:   621.79 | Episode steps: 1835 | Average reward:   522.24 | Step Count: 8709396 | Episode Q0:    46.08
Episode: 5541/7000 | Episode reward:   832.16 | Episode steps: 2500 | Average reward:   525.90 | Step Count: 8711896 | Episode Q0:    46.08
Episode: 5542/7000 | Episode reward:   419.61 | Episode steps: 1238 | Average reward:   506.88 | Step Count: 8713134 | Episode Q0:    46.08
Episode: 5543/7000 | Episode reward:   635.74 | Episode steps: 2500 | Average reward:   533.30 | Step Count: 8715634 | Episode Q0:    46.08
Episode: 5544/7000 | Episode reward:   212.67 | Episode steps:  701 | Average reward:   501.64 | Step Count: 8716335 | Episode Q0:    46.08
Episode: 5545/7000 | Episode reward:   561.82 | Episode steps: 1491 | Average reward:   517.44 | Step Count: 8717826 | Episode Q0:    46.08
Episode: 5546/7000 | Episode reward:   581.82 | Episode steps: 1601 | Average reward:   534.25 | Step Count: 8719427 | Episode Q0:    46.08
Episode: 5547/7000 | Episode reward:    85.51 | Episode steps:  215 | Average reward:   479.21 | Step Count: 8719642 | Episode Q0:    46.08
Episode: 5548/7000 | Episode reward:   788.17 | Episode steps: 2229 | Average reward:   506.67 | Step Count: 8721871 | Episode Q0:    46.08
Episode: 5549/7000 | Episode reward:   302.96 | Episode steps: 1003 | Average reward:   504.23 | Step Count: 8722874 | Episode Q0:    46.08
Episode: 5550/7000 | Episode reward:    92.84 | Episode steps:  180 | Average reward:   451.33 | Step Count: 8723054 | Episode Q0:    46.08
Episode: 5551/7000 | Episode reward:    36.68 | Episode steps:  113 | Average reward:   371.78 | Step Count: 8723167 | Episode Q0:    45.72
Episode: 5552/7000 | Episode reward:   256.08 | Episode steps:  746 | Average reward:   355.43 | Step Count: 8723913 | Episode Q0:    45.72
Episode: 5553/7000 | Episode reward:   143.57 | Episode steps:  366 | Average reward:   306.21 | Step Count: 8724279 | Episode Q0:    45.72
Episode: 5554/7000 | Episode reward:   181.13 | Episode steps:  514 | Average reward:   303.06 | Step Count: 8724793 | Episode Q0:    45.72
Episode: 5555/7000 | Episode reward:   255.33 | Episode steps:  499 | Average reward:   272.41 | Step Count: 8725292 | Episode Q0:    45.72
Episode: 5556/7000 | Episode reward:   186.45 | Episode steps:  422 | Average reward:   232.87 | Step Count: 8725714 | Episode Q0:    45.72
Episode: 5557/7000 | Episode reward:   285.73 | Episode steps:  520 | Average reward:   252.89 | Step Count: 8726234 | Episode Q0:    45.72
Episode: 5558/7000 | Episode reward:   136.86 | Episode steps:  355 | Average reward:   187.76 | Step Count: 8726589 | Episode Q0:    45.72
Episode: 5559/7000 | Episode reward:   248.63 | Episode steps:  846 | Average reward:   182.33 | Step Count: 8727435 | Episode Q0:    45.72
Episode: 5560/7000 | Episode reward:   117.81 | Episode steps:  458 | Average reward:   184.83 | Step Count: 8727893 | Episode Q0:    45.72
Episode: 5561/7000 | Episode reward:   231.47 | Episode steps:  651 | Average reward:   204.31 | Step Count: 8728544 | Episode Q0:    45.72
Episode: 5562/7000 | Episode reward:   244.64 | Episode steps:  834 | Average reward:   203.16 | Step Count: 8729378 | Episode Q0:    45.72
Episode: 5563/7000 | Episode reward:    78.55 | Episode steps:  190 | Average reward:   196.66 | Step Count: 8729568 | Episode Q0:    45.72
Episode: 5564/7000 | Episode reward:   141.69 | Episode steps:  281 | Average reward:   192.71 | Step Count: 8729849 | Episode Q0:    45.72
Episode: 5565/7000 | Episode reward:   173.97 | Episode steps:  484 | Average reward:   184.58 | Step Count: 8730333 | Episode Q0:    45.72
Episode: 5566/7000 | Episode reward:   269.33 | Episode steps:  701 | Average reward:   192.87 | Step Count: 8731034 | Episode Q0:    45.72
Episode: 5567/7000 | Episode reward:   217.84 | Episode steps:  584 | Average reward:   186.08 | Step Count: 8731618 | Episode Q0:    45.72
Episode: 5568/7000 | Episode reward:   451.07 | Episode steps: 1113 | Average reward:   217.50 | Step Count: 8732731 | Episode Q0:    45.72
Episode: 5569/7000 | Episode reward:   857.12 | Episode steps: 2491 | Average reward:   278.35 | Step Count: 8735222 | Episode Q0:    49.36
Episode: 5570/7000 | Episode reward:   939.73 | Episode steps: 2500 | Average reward:   360.54 | Step Count: 8737722 | Episode Q0:    49.36
Episode: 5571/7000 | Episode reward:  1090.08 | Episode steps: 2500 | Average reward:   446.40 | Step Count: 8740222 | Episode Q0:    49.36
Episode: 5572/7000 | Episode reward:  1001.07 | Episode steps: 2500 | Average reward:   522.04 | Step Count: 8742722 | Episode Q0:    49.36
Episode: 5573/7000 | Episode reward:   890.41 | Episode steps: 2500 | Average reward:   603.23 | Step Count: 8745222 | Episode Q0:    49.36
Episode: 5574/7000 | Episode reward:   444.95 | Episode steps: 1227 | Average reward:   633.56 | Step Count: 8746449 | Episode Q0:    49.36
Episode: 5575/7000 | Episode reward:   873.26 | Episode steps: 2500 | Average reward:   703.49 | Step Count: 8748949 | Episode Q0:    49.36
Episode: 5576/7000 | Episode reward:   331.30 | Episode steps:  994 | Average reward:   709.68 | Step Count: 8749943 | Episode Q0:    49.36
Episode: 5577/7000 | Episode reward:   672.70 | Episode steps: 2167 | Average reward:   755.17 | Step Count: 8752110 | Episode Q0:    49.36
Episode: 5578/7000 | Episode reward:   910.34 | Episode steps: 2500 | Average reward:   801.10 | Step Count: 8754610 | Episode Q0:    49.36
Episode: 5579/7000 | Episode reward:   492.92 | Episode steps: 1676 | Average reward:   764.68 | Step Count: 8756286 | Episode Q0:    49.36
Episode: 5580/7000 | Episode reward:   304.25 | Episode steps: 1778 | Average reward:   701.13 | Step Count: 8758064 | Episode Q0:    49.36
Episode: 5581/7000 | Episode reward:   793.33 | Episode steps: 2500 | Average reward:   671.45 | Step Count: 8760564 | Episode Q0:    49.36
Episode: 5582/7000 | Episode reward:   965.57 | Episode steps: 2500 | Average reward:   667.90 | Step Count: 8763064 | Episode Q0:    49.36
Episode: 5583/7000 | Episode reward:   983.65 | Episode steps: 2500 | Average reward:   677.23 | Step Count: 8765564 | Episode Q0:    49.36
Episode: 5584/7000 | Episode reward:  1006.47 | Episode steps: 2500 | Average reward:   733.38 | Step Count: 8768064 | Episode Q0:    49.36
Episode: 5585/7000 | Episode reward:   923.23 | Episode steps: 2500 | Average reward:   738.38 | Step Count: 8770564 | Episode Q0:    49.36
Episode: 5586/7000 | Episode reward:   607.07 | Episode steps: 1442 | Average reward:   765.95 | Step Count: 8772006 | Episode Q0:    49.36
Episode: 5587/7000 | Episode reward:   915.05 | Episode steps: 2500 | Average reward:   790.19 | Step Count: 8774506 | Episode Q0:    49.36
Episode: 5588/7000 | Episode reward:   944.39 | Episode steps: 2500 | Average reward:   793.59 | Step Count: 8777006 | Episode Q0:    49.36
Episode: 5589/7000 | Episode reward:   870.50 | Episode steps: 2500 | Average reward:   831.35 | Step Count: 8779506 | Episode Q0:    49.36
Episode: 5590/7000 | Episode reward:   446.95 | Episode steps: 1641 | Average reward:   845.62 | Step Count: 8781147 | Episode Q0:    49.36
Episode: 5591/7000 | Episode reward:   662.67 | Episode steps: 2500 | Average reward:   832.55 | Step Count: 8783647 | Episode Q0:    49.36
Episode: 5592/7000 | Episode reward:   670.08 | Episode steps: 2500 | Average reward:   803.01 | Step Count: 8786147 | Episode Q0:    49.36
Episode: 5593/7000 | Episode reward:   286.46 | Episode steps:  895 | Average reward:   733.29 | Step Count: 8787042 | Episode Q0:    49.36
Episode: 5594/7000 | Episode reward:  1124.85 | Episode steps: 2500 | Average reward:   745.12 | Step Count: 8789542 | Episode Q0:    49.36
Episode: 5595/7000 | Episode reward:   590.24 | Episode steps: 2500 | Average reward:   711.83 | Step Count: 8792042 | Episode Q0:    44.28
Episode: 5596/7000 | Episode reward:   964.44 | Episode steps: 2500 | Average reward:   747.56 | Step Count: 8794542 | Episode Q0:    44.28
Episode: 5597/7000 | Episode reward:   503.72 | Episode steps: 1498 | Average reward:   706.43 | Step Count: 8796040 | Episode Q0:    44.28
Episode: 5598/7000 | Episode reward:   707.15 | Episode steps: 2228 | Average reward:   682.71 | Step Count: 8798268 | Episode Q0:    44.28
Episode: 5599/7000 | Episode reward:   837.25 | Episode steps: 2500 | Average reward:   679.38 | Step Count: 8800768 | Episode Q0:    44.28
Episode: 5600/7000 | Episode reward:   563.84 | Episode steps: 1857 | Average reward:   691.07 | Step Count: 8802625 | Episode Q0:    44.28
Episode: 5601/7000 | Episode reward:   897.89 | Episode steps: 2500 | Average reward:   714.59 | Step Count: 8805125 | Episode Q0:    44.28
Episode: 5602/7000 | Episode reward:   550.37 | Episode steps: 2104 | Average reward:   702.62 | Step Count: 8807229 | Episode Q0:    44.28
Episode: 5603/7000 | Episode reward:  1007.21 | Episode steps: 2500 | Average reward:   774.70 | Step Count: 8809729 | Episode Q0:    44.28
Episode: 5604/7000 | Episode reward:   809.41 | Episode steps: 2097 | Average reward:   743.15 | Step Count: 8811826 | Episode Q0:    44.28
Episode: 5605/7000 | Episode reward:  1027.20 | Episode steps: 2500 | Average reward:   786.85 | Step Count: 8814326 | Episode Q0:    44.28
Episode: 5606/7000 | Episode reward:    47.82 | Episode steps:  192 | Average reward:   695.19 | Step Count: 8814518 | Episode Q0:    44.28
Episode: 5607/7000 | Episode reward:   951.55 | Episode steps: 2500 | Average reward:   739.97 | Step Count: 8817018 | Episode Q0:    44.28
Episode: 5608/7000 | Episode reward:   907.25 | Episode steps: 2500 | Average reward:   759.98 | Step Count: 8819518 | Episode Q0:    44.28
Episode: 5609/7000 | Episode reward:   565.36 | Episode steps: 2500 | Average reward:   732.79 | Step Count: 8822018 | Episode Q0:    44.28
Episode: 5610/7000 | Episode reward:   882.64 | Episode steps: 2500 | Average reward:   764.67 | Step Count: 8824518 | Episode Q0:    44.28
Episode: 5611/7000 | Episode reward:   903.11 | Episode steps: 2500 | Average reward:   765.19 | Step Count: 8827018 | Episode Q0:    44.28
Episode: 5612/7000 | Episode reward:   906.67 | Episode steps: 2500 | Average reward:   800.82 | Step Count: 8829518 | Episode Q0:    44.28
Episode: 5613/7000 | Episode reward:   816.66 | Episode steps: 2500 | Average reward:   781.77 | Step Count: 8832018 | Episode Q0:    46.65
Episode: 5614/7000 | Episode reward:   590.28 | Episode steps: 2500 | Average reward:   759.85 | Step Count: 8834518 | Episode Q0:    46.65
Episode: 5615/7000 | Episode reward:  1114.42 | Episode steps: 2500 | Average reward:   768.58 | Step Count: 8837018 | Episode Q0:    46.65
Episode: 5616/7000 | Episode reward:   810.43 | Episode steps: 2500 | Average reward:   844.84 | Step Count: 8839518 | Episode Q0:    46.65
Episode: 5617/7000 | Episode reward:   949.40 | Episode steps: 2500 | Average reward:   844.62 | Step Count: 8842018 | Episode Q0:    46.65
Episode: 5618/7000 | Episode reward:   773.27 | Episode steps: 2500 | Average reward:   831.22 | Step Count: 8844518 | Episode Q0:    46.65
Episode: 5619/7000 | Episode reward:   901.57 | Episode steps: 2500 | Average reward:   864.84 | Step Count: 8847018 | Episode Q0:    46.65
Episode: 5620/7000 | Episode reward:  1060.38 | Episode steps: 2500 | Average reward:   882.62 | Step Count: 8849518 | Episode Q0:    46.65
Episode: 5621/7000 | Episode reward:   916.70 | Episode steps: 2500 | Average reward:   883.98 | Step Count: 8852018 | Episode Q0:    46.65
Episode: 5622/7000 | Episode reward:   876.05 | Episode steps: 2500 | Average reward:   880.92 | Step Count: 8854518 | Episode Q0:    46.65
Episode: 5623/7000 | Episode reward:   677.38 | Episode steps: 2500 | Average reward:   866.99 | Step Count: 8857018 | Episode Q0:    46.65
Episode: 5624/7000 | Episode reward:   922.22 | Episode steps: 2500 | Average reward:   900.18 | Step Count: 8859518 | Episode Q0:    46.65
Episode: 5625/7000 | Episode reward:   876.44 | Episode steps: 2500 | Average reward:   876.38 | Step Count: 8862018 | Episode Q0:    46.65
Episode: 5626/7000 | Episode reward:   815.78 | Episode steps: 2500 | Average reward:   876.92 | Step Count: 8864518 | Episode Q0:    46.65
Episode: 5627/7000 | Episode reward:   771.22 | Episode steps: 2500 | Average reward:   859.10 | Step Count: 8867018 | Episode Q0:    46.65
Episode: 5628/7000 | Episode reward:   750.09 | Episode steps: 2500 | Average reward:   856.78 | Step Count: 8869518 | Episode Q0:    46.65
Episode: 5629/7000 | Episode reward:   859.22 | Episode steps: 2500 | Average reward:   852.55 | Step Count: 8872018 | Episode Q0:    46.65
Episode: 5630/7000 | Episode reward:   695.53 | Episode steps: 2500 | Average reward:   816.06 | Step Count: 8874518 | Episode Q0:    46.65
Episode: 5631/7000 | Episode reward:   835.11 | Episode steps: 2500 | Average reward:   807.90 | Step Count: 8877018 | Episode Q0:    46.65
Episode: 5632/7000 | Episode reward:   739.51 | Episode steps: 2500 | Average reward:   794.25 | Step Count: 8879518 | Episode Q0:    46.65
Episode: 5633/7000 | Episode reward:  1038.13 | Episode steps: 2500 | Average reward:   830.32 | Step Count: 8882018 | Episode Q0:    46.65
Episode: 5634/7000 | Episode reward:  1241.07 | Episode steps: 2500 | Average reward:   862.21 | Step Count: 8884518 | Episode Q0:    46.65
Episode: 5635/7000 | Episode reward:   530.77 | Episode steps: 2500 | Average reward:   827.64 | Step Count: 8887018 | Episode Q0:    46.65
Episode: 5636/7000 | Episode reward:   739.18 | Episode steps: 2500 | Average reward:   819.98 | Step Count: 8889518 | Episode Q0:    46.65
Episode: 5637/7000 | Episode reward:   880.56 | Episode steps: 2500 | Average reward:   830.92 | Step Count: 8892018 | Episode Q0:    46.65
Episode: 5638/7000 | Episode reward:   703.17 | Episode steps: 2500 | Average reward:   826.23 | Step Count: 8894518 | Episode Q0:    46.65
Episode: 5639/7000 | Episode reward:   813.51 | Episode steps: 2500 | Average reward:   821.66 | Step Count: 8897018 | Episode Q0:    42.75
Episode: 5640/7000 | Episode reward:   672.92 | Episode steps: 2500 | Average reward:   819.39 | Step Count: 8899518 | Episode Q0:    42.75
Episode: 5641/7000 | Episode reward:   766.73 | Episode steps: 2500 | Average reward:   812.56 | Step Count: 8902018 | Episode Q0:    42.75
Episode: 5642/7000 | Episode reward:   839.00 | Episode steps: 2500 | Average reward:   822.50 | Step Count: 8904518 | Episode Q0:    42.75
Episode: 5643/7000 | Episode reward:  1097.23 | Episode steps: 2500 | Average reward:   828.41 | Step Count: 8907018 | Episode Q0:    42.75
Episode: 5644/7000 | Episode reward:   471.46 | Episode steps: 2103 | Average reward:   751.45 | Step Count: 8909121 | Episode Q0:    42.75
Episode: 5645/7000 | Episode reward:   701.22 | Episode steps: 2500 | Average reward:   768.50 | Step Count: 8911621 | Episode Q0:    42.75
Episode: 5646/7000 | Episode reward:   719.17 | Episode steps: 2500 | Average reward:   766.50 | Step Count: 8914121 | Episode Q0:    42.75
Episode: 5647/7000 | Episode reward:   906.85 | Episode steps: 2500 | Average reward:   769.13 | Step Count: 8916621 | Episode Q0:    42.75
Episode: 5648/7000 | Episode reward:   645.56 | Episode steps: 2500 | Average reward:   763.36 | Step Count: 8919121 | Episode Q0:    42.75
Episode: 5649/7000 | Episode reward:   607.04 | Episode steps: 2500 | Average reward:   742.72 | Step Count: 8921621 | Episode Q0:    42.75
Episode: 5650/7000 | Episode reward:   909.57 | Episode steps: 2500 | Average reward:   766.38 | Step Count: 8924121 | Episode Q0:    42.75
Episode: 5651/7000 | Episode reward:  1207.86 | Episode steps: 2500 | Average reward:   810.50 | Step Count: 8926621 | Episode Q0:    42.75
Episode: 5652/7000 | Episode reward:   569.23 | Episode steps: 2500 | Average reward:   783.52 | Step Count: 8929121 | Episode Q0:    42.75
Episode: 5653/7000 | Episode reward:   618.62 | Episode steps: 2500 | Average reward:   735.66 | Step Count: 8931621 | Episode Q0:    42.75
Episode: 5654/7000 | Episode reward:   585.96 | Episode steps: 2500 | Average reward:   747.11 | Step Count: 8934121 | Episode Q0:    42.75
Episode: 5655/7000 | Episode reward:  1024.28 | Episode steps: 2500 | Average reward:   779.42 | Step Count: 8936621 | Episode Q0:    42.75
Episode: 5656/7000 | Episode reward:   837.41 | Episode steps: 2500 | Average reward:   791.24 | Step Count: 8939121 | Episode Q0:    42.75
Episode: 5657/7000 | Episode reward:   617.49 | Episode steps: 2500 | Average reward:   762.30 | Step Count: 8941621 | Episode Q0:    44.83
Episode: 5658/7000 | Episode reward:   668.92 | Episode steps: 2500 | Average reward:   764.64 | Step Count: 8944121 | Episode Q0:    44.83
Episode: 5659/7000 | Episode reward:   827.34 | Episode steps: 2500 | Average reward:   786.67 | Step Count: 8946621 | Episode Q0:    44.83
Episode: 5660/7000 | Episode reward:   624.79 | Episode steps: 2051 | Average reward:   758.19 | Step Count: 8948672 | Episode Q0:    44.83
Episode: 5661/7000 | Episode reward:   578.22 | Episode steps: 2500 | Average reward:   695.23 | Step Count: 8951172 | Episode Q0:    44.83
Episode: 5662/7000 | Episode reward:   601.66 | Episode steps: 2500 | Average reward:   698.47 | Step Count: 8953672 | Episode Q0:    44.83
Episode: 5663/7000 | Episode reward:   712.03 | Episode steps: 2500 | Average reward:   707.81 | Step Count: 8956172 | Episode Q0:    44.83
Episode: 5664/7000 | Episode reward:   674.63 | Episode steps: 2500 | Average reward:   716.68 | Step Count: 8958672 | Episode Q0:    44.83
Episode: 5665/7000 | Episode reward:   402.44 | Episode steps: 2385 | Average reward:   654.49 | Step Count: 8961057 | Episode Q0:    44.83
Episode: 5666/7000 | Episode reward:   632.18 | Episode steps: 2500 | Average reward:   633.97 | Step Count: 8963557 | Episode Q0:    44.83
Episode: 5667/7000 | Episode reward:   809.73 | Episode steps: 2500 | Average reward:   653.19 | Step Count: 8966057 | Episode Q0:    44.83
Episode: 5668/7000 | Episode reward:   673.13 | Episode steps: 2199 | Average reward:   653.62 | Step Count: 8968256 | Episode Q0:    44.83
Episode: 5669/7000 | Episode reward:   314.58 | Episode steps:  997 | Average reward:   602.34 | Step Count: 8969253 | Episode Q0:    44.83
Episode: 5670/7000 | Episode reward:   869.08 | Episode steps: 2500 | Average reward:   626.77 | Step Count: 8971753 | Episode Q0:    44.83
Episode: 5671/7000 | Episode reward:   647.65 | Episode steps: 2500 | Average reward:   633.71 | Step Count: 8974253 | Episode Q0:    44.83
Episode: 5672/7000 | Episode reward:   540.99 | Episode steps: 2500 | Average reward:   627.64 | Step Count: 8976753 | Episode Q0:    44.83
Episode: 5673/7000 | Episode reward:   794.02 | Episode steps: 2500 | Average reward:   635.84 | Step Count: 8979253 | Episode Q0:    44.83
Episode: 5674/7000 | Episode reward:   591.75 | Episode steps: 2500 | Average reward:   627.55 | Step Count: 8981753 | Episode Q0:    44.83
Episode: 5675/7000 | Episode reward:   621.82 | Episode steps: 1985 | Average reward:   649.49 | Step Count: 8983738 | Episode Q0:    44.83
Episode: 5676/7000 | Episode reward:   868.10 | Episode steps: 2500 | Average reward:   673.08 | Step Count: 8986238 | Episode Q0:    44.83
Episode: 5677/7000 | Episode reward:   639.89 | Episode steps: 2500 | Average reward:   656.10 | Step Count: 8988738 | Episode Q0:    44.83
Episode: 5678/7000 | Episode reward:   638.93 | Episode steps: 2500 | Average reward:   652.68 | Step Count: 8991238 | Episode Q0:    44.83
Episode: 5679/7000 | Episode reward:   506.46 | Episode steps: 2203 | Average reward:   671.87 | Step Count: 8993441 | Episode Q0:    44.83
Episode: 5680/7000 | Episode reward:   646.26 | Episode steps: 2500 | Average reward:   649.59 | Step Count: 8995941 | Episode Q0:    44.83
Episode: 5681/7000 | Episode reward:   505.55 | Episode steps: 2500 | Average reward:   635.38 | Step Count: 8998441 | Episode Q0:    44.83
Episode: 5682/7000 | Episode reward:   836.77 | Episode steps: 2500 | Average reward:   664.96 | Step Count: 9000941 | Episode Q0:    44.83
Episode: 5683/7000 | Episode reward:   645.77 | Episode steps: 2500 | Average reward:   650.13 | Step Count: 9003441 | Episode Q0:    44.78
Episode: 5684/7000 | Episode reward:   835.01 | Episode steps: 2500 | Average reward:   674.46 | Step Count: 9005941 | Episode Q0:    44.78
Episode: 5685/7000 | Episode reward:   772.90 | Episode steps: 2500 | Average reward:   689.57 | Step Count: 9008441 | Episode Q0:    44.78
Episode: 5686/7000 | Episode reward:   579.12 | Episode steps: 2500 | Average reward:   660.67 | Step Count: 9010941 | Episode Q0:    44.78
Episode: 5687/7000 | Episode reward:   638.58 | Episode steps: 2500 | Average reward:   660.54 | Step Count: 9013441 | Episode Q0:    44.78
Episode: 5688/7000 | Episode reward:   842.35 | Episode steps: 2500 | Average reward:   680.88 | Step Count: 9015941 | Episode Q0:    44.78
Episode: 5689/7000 | Episode reward:   443.65 | Episode steps: 2500 | Average reward:   674.60 | Step Count: 9018441 | Episode Q0:    44.78
Episode: 5690/7000 | Episode reward:   539.72 | Episode steps: 2500 | Average reward:   663.94 | Step Count: 9020941 | Episode Q0:    44.78
Episode: 5691/7000 | Episode reward:   590.31 | Episode steps: 2500 | Average reward:   672.42 | Step Count: 9023441 | Episode Q0:    44.78
Episode: 5692/7000 | Episode reward:   639.01 | Episode steps: 2500 | Average reward:   652.64 | Step Count: 9025941 | Episode Q0:    44.78
Episode: 5693/7000 | Episode reward:   747.67 | Episode steps: 2500 | Average reward:   662.83 | Step Count: 9028441 | Episode Q0:    44.78
Episode: 5694/7000 | Episode reward:   767.25 | Episode steps: 2500 | Average reward:   656.06 | Step Count: 9030941 | Episode Q0:    44.78
Episode: 5695/7000 | Episode reward:   630.63 | Episode steps: 2500 | Average reward:   641.83 | Step Count: 9033441 | Episode Q0:    44.78
Episode: 5696/7000 | Episode reward:   615.09 | Episode steps: 2500 | Average reward:   645.43 | Step Count: 9035941 | Episode Q0:    44.78
Episode: 5697/7000 | Episode reward:   928.09 | Episode steps: 2500 | Average reward:   674.38 | Step Count: 9038441 | Episode Q0:    44.78
Episode: 5698/7000 | Episode reward:   676.53 | Episode steps: 2500 | Average reward:   657.79 | Step Count: 9040941 | Episode Q0:    44.78
Episode: 5699/7000 | Episode reward:   828.76 | Episode steps: 2500 | Average reward:   696.31 | Step Count: 9043441 | Episode Q0:    44.78
Episode: 5700/7000 | Episode reward:   696.74 | Episode steps: 2500 | Average reward:   712.01 | Step Count: 9045941 | Episode Q0:    44.78
Episode: 5701/7000 | Episode reward:   783.84 | Episode steps: 2500 | Average reward:   731.36 | Step Count: 9048441 | Episode Q0:    43.76
Episode: 5702/7000 | Episode reward:   518.07 | Episode steps: 2500 | Average reward:   719.27 | Step Count: 9050941 | Episode Q0:    43.76
Episode: 5703/7000 | Episode reward:   612.64 | Episode steps: 2500 | Average reward:   705.76 | Step Count: 9053441 | Episode Q0:    43.76
Episode: 5704/7000 | Episode reward:   910.01 | Episode steps: 2500 | Average reward:   720.04 | Step Count: 9055941 | Episode Q0:    43.76
Episode: 5705/7000 | Episode reward:   786.82 | Episode steps: 2500 | Average reward:   735.66 | Step Count: 9058441 | Episode Q0:    43.76
Episode: 5706/7000 | Episode reward:   938.83 | Episode steps: 2500 | Average reward:   768.03 | Step Count: 9060941 | Episode Q0:    43.76
Episode: 5707/7000 | Episode reward:   825.89 | Episode steps: 2500 | Average reward:   757.81 | Step Count: 9063441 | Episode Q0:    43.76
Episode: 5708/7000 | Episode reward:   668.76 | Episode steps: 2500 | Average reward:   757.03 | Step Count: 9065941 | Episode Q0:    43.76
Episode: 5709/7000 | Episode reward:   458.72 | Episode steps: 2500 | Average reward:   720.03 | Step Count: 9068441 | Episode Q0:    43.76
Episode: 5710/7000 | Episode reward:   919.91 | Episode steps: 2500 | Average reward:   742.35 | Step Count: 9070941 | Episode Q0:    43.76
Episode: 5711/7000 | Episode reward:   618.57 | Episode steps: 2500 | Average reward:   725.82 | Step Count: 9073441 | Episode Q0:    43.76
Episode: 5712/7000 | Episode reward:   745.64 | Episode steps: 2500 | Average reward:   748.58 | Step Count: 9075941 | Episode Q0:    43.76
Episode: 5713/7000 | Episode reward:   744.55 | Episode steps: 2500 | Average reward:   761.77 | Step Count: 9078441 | Episode Q0:    43.76
Episode: 5714/7000 | Episode reward:   857.70 | Episode steps: 2500 | Average reward:   756.54 | Step Count: 9080941 | Episode Q0:    43.76
Episode: 5715/7000 | Episode reward:   844.05 | Episode steps: 2500 | Average reward:   762.26 | Step Count: 9083441 | Episode Q0:    43.76
Episode: 5716/7000 | Episode reward:   584.27 | Episode steps: 2500 | Average reward:   726.81 | Step Count: 9085941 | Episode Q0:    43.76
Episode: 5717/7000 | Episode reward:   141.38 | Episode steps:  505 | Average reward:   658.35 | Step Count: 9086446 | Episode Q0:    43.76
Episode: 5718/7000 | Episode reward:   640.76 | Episode steps: 2500 | Average reward:   655.55 | Step Count: 9088946 | Episode Q0:    43.76
Episode: 5719/7000 | Episode reward:  1019.80 | Episode steps: 2500 | Average reward:   711.66 | Step Count: 9091446 | Episode Q0:    43.76
Episode: 5720/7000 | Episode reward:   818.22 | Episode steps: 2500 | Average reward:   701.49 | Step Count: 9093946 | Episode Q0:    43.76
Episode: 5721/7000 | Episode reward:   814.01 | Episode steps: 2500 | Average reward:   721.04 | Step Count: 9096446 | Episode Q0:    43.76
Episode: 5722/7000 | Episode reward:   714.56 | Episode steps: 2500 | Average reward:   717.93 | Step Count: 9098946 | Episode Q0:    43.76
Episode: 5723/7000 | Episode reward:   210.53 | Episode steps:  469 | Average reward:   664.53 | Step Count: 9099415 | Episode Q0:    43.76
Episode: 5724/7000 | Episode reward:   772.18 | Episode steps: 2500 | Average reward:   655.97 | Step Count: 9101915 | Episode Q0:    43.76
Episode: 5725/7000 | Episode reward:   838.49 | Episode steps: 2500 | Average reward:   655.42 | Step Count: 9104415 | Episode Q0:    43.76
Episode: 5726/7000 | Episode reward:   841.72 | Episode steps: 2500 | Average reward:   681.16 | Step Count: 9106915 | Episode Q0:    43.76
Episode: 5727/7000 | Episode reward:   204.30 | Episode steps:  814 | Average reward:   687.46 | Step Count: 9107729 | Episode Q0:    43.76
Episode: 5728/7000 | Episode reward:   345.06 | Episode steps:  808 | Average reward:   657.89 | Step Count: 9108537 | Episode Q0:    43.76
Episode: 5729/7000 | Episode reward:   473.70 | Episode steps: 1416 | Average reward:   603.28 | Step Count: 9109953 | Episode Q0:    50.75
Episode: 5730/7000 | Episode reward:   510.71 | Episode steps: 2153 | Average reward:   572.53 | Step Count: 9112106 | Episode Q0:    50.75
Episode: 5731/7000 | Episode reward:    49.42 | Episode steps:  145 | Average reward:   496.07 | Step Count: 9112251 | Episode Q0:    50.75
Episode: 5732/7000 | Episode reward:    66.04 | Episode steps:  176 | Average reward:   431.21 | Step Count: 9112427 | Episode Q0:    50.75
Episode: 5733/7000 | Episode reward:   649.90 | Episode steps: 1712 | Average reward:   475.15 | Step Count: 9114139 | Episode Q0:    50.75
Episode: 5734/7000 | Episode reward:   272.92 | Episode steps:  702 | Average reward:   425.22 | Step Count: 9114841 | Episode Q0:    50.75
Episode: 5735/7000 | Episode reward:   349.09 | Episode steps: 1037 | Average reward:   376.28 | Step Count: 9115878 | Episode Q0:    50.75
Episode: 5736/7000 | Episode reward:   382.59 | Episode steps:  839 | Average reward:   330.37 | Step Count: 9116717 | Episode Q0:    50.75
Episode: 5737/7000 | Episode reward:   753.10 | Episode steps: 2029 | Average reward:   385.25 | Step Count: 9118746 | Episode Q0:    50.75
Episode: 5738/7000 | Episode reward:   178.22 | Episode steps:  536 | Average reward:   368.57 | Step Count: 9119282 | Episode Q0:    50.75
Episode: 5739/7000 | Episode reward:   164.09 | Episode steps:  482 | Average reward:   337.61 | Step Count: 9119764 | Episode Q0:    50.75
Episode: 5740/7000 | Episode reward:   306.45 | Episode steps:  740 | Average reward:   317.18 | Step Count: 9120504 | Episode Q0:    50.75
Episode: 5741/7000 | Episode reward:   104.87 | Episode steps:  303 | Average reward:   322.73 | Step Count: 9120807 | Episode Q0:    50.75
Episode: 5742/7000 | Episode reward:   254.95 | Episode steps:  587 | Average reward:   341.62 | Step Count: 9121394 | Episode Q0:    50.75
Episode: 5743/7000 | Episode reward:   294.88 | Episode steps:  750 | Average reward:   306.12 | Step Count: 9122144 | Episode Q0:    50.75
Episode: 5744/7000 | Episode reward:   181.94 | Episode steps:  272 | Average reward:   297.02 | Step Count: 9122416 | Episode Q0:    50.75
Episode: 5745/7000 | Episode reward:   292.01 | Episode steps:  738 | Average reward:   291.31 | Step Count: 9123154 | Episode Q0:    50.75
Episode: 5746/7000 | Episode reward:   186.91 | Episode steps: 1234 | Average reward:   271.74 | Step Count: 9124388 | Episode Q0:    49.73
Episode: 5747/7000 | Episode reward:   227.44 | Episode steps:  676 | Average reward:   219.18 | Step Count: 9125064 | Episode Q0:    49.73
Episode: 5748/7000 | Episode reward:   348.07 | Episode steps: 1065 | Average reward:   236.16 | Step Count: 9126129 | Episode Q0:    49.73
Episode: 5749/7000 | Episode reward:   372.82 | Episode steps: 1314 | Average reward:   257.03 | Step Count: 9127443 | Episode Q0:    49.73
Episode: 5750/7000 | Episode reward:   221.82 | Episode steps: 1010 | Average reward:   248.57 | Step Count: 9128453 | Episode Q0:    49.73
Episode: 5751/7000 | Episode reward:   385.81 | Episode steps: 1041 | Average reward:   276.66 | Step Count: 9129494 | Episode Q0:    49.73
Episode: 5752/7000 | Episode reward:    35.61 | Episode steps:  140 | Average reward:   254.73 | Step Count: 9129634 | Episode Q0:    49.73
Episode: 5753/7000 | Episode reward:   282.24 | Episode steps:  904 | Average reward:   253.47 | Step Count: 9130538 | Episode Q0:    49.73
Episode: 5754/7000 | Episode reward:   371.62 | Episode steps: 1335 | Average reward:   272.43 | Step Count: 9131873 | Episode Q0:    49.73
Episode: 5755/7000 | Episode reward:   193.64 | Episode steps:  658 | Average reward:   262.60 | Step Count: 9132531 | Episode Q0:    49.73
Episode: 5756/7000 | Episode reward:   471.25 | Episode steps: 1317 | Average reward:   291.03 | Step Count: 9133848 | Episode Q0:    49.73
Episode: 5757/7000 | Episode reward:   222.14 | Episode steps:  800 | Average reward:   290.50 | Step Count: 9134648 | Episode Q0:    49.73
Episode: 5758/7000 | Episode reward:   323.61 | Episode steps: 1129 | Average reward:   288.06 | Step Count: 9135777 | Episode Q0:    49.73
Episode: 5759/7000 | Episode reward:   175.19 | Episode steps:  653 | Average reward:   268.29 | Step Count: 9136430 | Episode Q0:    49.73
Episode: 5760/7000 | Episode reward:   294.94 | Episode steps:  728 | Average reward:   275.60 | Step Count: 9137158 | Episode Q0:    49.73
Episode: 5761/7000 | Episode reward:   282.96 | Episode steps:  835 | Average reward:   265.32 | Step Count: 9137993 | Episode Q0:    49.73
Episode: 5762/7000 | Episode reward:   360.09 | Episode steps: 1024 | Average reward:   297.77 | Step Count: 9139017 | Episode Q0:    49.73
Episode: 5763/7000 | Episode reward:   235.58 | Episode steps:  584 | Average reward:   293.10 | Step Count: 9139601 | Episode Q0:    49.73
Episode: 5764/7000 | Episode reward:   681.21 | Episode steps: 1880 | Average reward:   324.06 | Step Count: 9141481 | Episode Q0:    49.73
Episode: 5765/7000 | Episode reward:    80.03 | Episode steps:  163 | Average reward:   312.70 | Step Count: 9141644 | Episode Q0:    49.73
Episode: 5766/7000 | Episode reward:   208.87 | Episode steps:  686 | Average reward:   286.46 | Step Count: 9142330 | Episode Q0:    49.73
Episode: 5767/7000 | Episode reward:   450.97 | Episode steps: 1149 | Average reward:   309.35 | Step Count: 9143479 | Episode Q0:    49.73
Episode: 5768/7000 | Episode reward:   265.19 | Episode steps:  721 | Average reward:   303.50 | Step Count: 9144200 | Episode Q0:    49.73
Episode: 5769/7000 | Episode reward:   191.02 | Episode steps:  516 | Average reward:   305.09 | Step Count: 9144716 | Episode Q0:    49.73
Episode: 5770/7000 | Episode reward:   210.33 | Episode steps:  542 | Average reward:   296.63 | Step Count: 9145258 | Episode Q0:    49.73
Episode: 5771/7000 | Episode reward:   338.29 | Episode steps: 1028 | Average reward:   302.16 | Step Count: 9146286 | Episode Q0:    49.73
Episode: 5772/7000 | Episode reward:   252.05 | Episode steps:  735 | Average reward:   291.36 | Step Count: 9147021 | Episode Q0:    49.73
Episode: 5773/7000 | Episode reward:   315.93 | Episode steps:  773 | Average reward:   299.39 | Step Count: 9147794 | Episode Q0:    49.57
Episode: 5774/7000 | Episode reward:   191.29 | Episode steps:  645 | Average reward:   250.40 | Step Count: 9148439 | Episode Q0:    49.57
Episode: 5775/7000 | Episode reward:   435.53 | Episode steps: 1430 | Average reward:   285.95 | Step Count: 9149869 | Episode Q0:    49.57
Episode: 5776/7000 | Episode reward:   235.24 | Episode steps:  675 | Average reward:   288.59 | Step Count: 9150544 | Episode Q0:    49.57
Episode: 5777/7000 | Episode reward:   316.10 | Episode steps:  737 | Average reward:   275.10 | Step Count: 9151281 | Episode Q0:    49.57
Episode: 5778/7000 | Episode reward:   357.20 | Episode steps:  919 | Average reward:   284.30 | Step Count: 9152200 | Episode Q0:    49.57
Episode: 5779/7000 | Episode reward:   117.54 | Episode steps:  350 | Average reward:   276.95 | Step Count: 9152550 | Episode Q0:    49.57
Episode: 5780/7000 | Episode reward:   126.78 | Episode steps:  353 | Average reward:   268.60 | Step Count: 9152903 | Episode Q0:    49.57
Episode: 5781/7000 | Episode reward:   295.36 | Episode steps:  754 | Average reward:   264.30 | Step Count: 9153657 | Episode Q0:    49.57
Episode: 5782/7000 | Episode reward:   162.21 | Episode steps:  492 | Average reward:   255.32 | Step Count: 9154149 | Episode Q0:    49.57
Episode: 5783/7000 | Episode reward:   395.13 | Episode steps: 1080 | Average reward:   263.24 | Step Count: 9155229 | Episode Q0:    49.57
Episode: 5784/7000 | Episode reward:   138.65 | Episode steps:  360 | Average reward:   257.97 | Step Count: 9155589 | Episode Q0:    49.57
Episode: 5785/7000 | Episode reward:   207.21 | Episode steps:  625 | Average reward:   235.14 | Step Count: 9156214 | Episode Q0:    49.57
Episode: 5786/7000 | Episode reward:   162.87 | Episode steps:  499 | Average reward:   227.91 | Step Count: 9156713 | Episode Q0:    49.57
Episode: 5787/7000 | Episode reward:    29.91 | Episode steps:  100 | Average reward:   199.29 | Step Count: 9156813 | Episode Q0:    49.57
Episode: 5788/7000 | Episode reward:    51.05 | Episode steps:  154 | Average reward:   168.67 | Step Count: 9156967 | Episode Q0:    49.57
Episode: 5789/7000 | Episode reward:   136.10 | Episode steps:  455 | Average reward:   170.53 | Step Count: 9157422 | Episode Q0:    49.57
Episode: 5790/7000 | Episode reward:    56.37 | Episode steps:  143 | Average reward:   163.49 | Step Count: 9157565 | Episode Q0:    49.57
Episode: 5791/7000 | Episode reward:   655.90 | Episode steps: 2500 | Average reward:   199.54 | Step Count: 9160065 | Episode Q0:    44.65
Episode: 5792/7000 | Episode reward:   683.49 | Episode steps: 2500 | Average reward:   251.67 | Step Count: 9162565 | Episode Q0:    44.65
Episode: 5793/7000 | Episode reward:   652.77 | Episode steps: 2500 | Average reward:   277.43 | Step Count: 9165065 | Episode Q0:    44.65
Episode: 5794/7000 | Episode reward:   876.99 | Episode steps: 2500 | Average reward:   351.27 | Step Count: 9167565 | Episode Q0:    44.65
Episode: 5795/7000 | Episode reward:   608.74 | Episode steps: 2500 | Average reward:   391.42 | Step Count: 9170065 | Episode Q0:    44.65
Episode: 5796/7000 | Episode reward:   683.37 | Episode steps: 2500 | Average reward:   443.47 | Step Count: 9172565 | Episode Q0:    44.65
Episode: 5797/7000 | Episode reward:   639.33 | Episode steps: 2500 | Average reward:   504.41 | Step Count: 9175065 | Episode Q0:    44.65
Episode: 5798/7000 | Episode reward:   593.71 | Episode steps: 2500 | Average reward:   558.68 | Step Count: 9177565 | Episode Q0:    44.65
Episode: 5799/7000 | Episode reward:   768.22 | Episode steps: 2500 | Average reward:   621.89 | Step Count: 9180065 | Episode Q0:    44.65
Episode: 5800/7000 | Episode reward:   612.29 | Episode steps: 2500 | Average reward:   677.48 | Step Count: 9182565 | Episode Q0:    44.65
Episode: 5801/7000 | Episode reward:   702.90 | Episode steps: 2500 | Average reward:   682.18 | Step Count: 9185065 | Episode Q0:    44.65
Episode: 5802/7000 | Episode reward:   675.78 | Episode steps: 2500 | Average reward:   681.41 | Step Count: 9187565 | Episode Q0:    44.65
Episode: 5803/7000 | Episode reward:   742.07 | Episode steps: 2500 | Average reward:   690.34 | Step Count: 9190065 | Episode Q0:    44.65
Episode: 5804/7000 | Episode reward:   713.17 | Episode steps: 2500 | Average reward:   673.96 | Step Count: 9192565 | Episode Q0:    44.65
Episode: 5805/7000 | Episode reward:   889.01 | Episode steps: 2500 | Average reward:   701.98 | Step Count: 9195065 | Episode Q0:    44.65
Episode: 5806/7000 | Episode reward:   717.70 | Episode steps: 2500 | Average reward:   705.42 | Step Count: 9197565 | Episode Q0:    44.65
Episode: 5807/7000 | Episode reward:   705.39 | Episode steps: 2500 | Average reward:   712.02 | Step Count: 9200065 | Episode Q0:    44.65
Episode: 5808/7000 | Episode reward:   222.14 | Episode steps:  705 | Average reward:   674.87 | Step Count: 9200770 | Episode Q0:    44.65
Episode: 5809/7000 | Episode reward:   832.45 | Episode steps: 2500 | Average reward:   681.29 | Step Count: 9203270 | Episode Q0:    44.65
Episode: 5810/7000 | Episode reward:   717.91 | Episode steps: 2500 | Average reward:   691.85 | Step Count: 9205770 | Episode Q0:    44.65
Episode: 5811/7000 | Episode reward:   498.32 | Episode steps: 2500 | Average reward:   671.39 | Step Count: 9208270 | Episode Q0:    44.65
Episode: 5812/7000 | Episode reward:   683.61 | Episode steps: 2500 | Average reward:   672.18 | Step Count: 9210770 | Episode Q0:    44.65
Episode: 5813/7000 | Episode reward:   660.80 | Episode steps: 2500 | Average reward:   664.05 | Step Count: 9213270 | Episode Q0:    44.65
Episode: 5814/7000 | Episode reward:   303.10 | Episode steps: 1170 | Average reward:   623.04 | Step Count: 9214440 | Episode Q0:    44.65
Episode: 5815/7000 | Episode reward:   702.01 | Episode steps: 2500 | Average reward:   604.34 | Step Count: 9216940 | Episode Q0:    44.65
Episode: 5816/7000 | Episode reward:   600.35 | Episode steps: 2500 | Average reward:   592.61 | Step Count: 9219440 | Episode Q0:    44.65
Episode: 5817/7000 | Episode reward:   440.18 | Episode steps: 1219 | Average reward:   566.09 | Step Count: 9220659 | Episode Q0:    46.93
Episode: 5818/7000 | Episode reward:   563.26 | Episode steps: 2500 | Average reward:   600.20 | Step Count: 9223159 | Episode Q0:    46.93
Episode: 5819/7000 | Episode reward:   639.07 | Episode steps: 2500 | Average reward:   580.86 | Step Count: 9225659 | Episode Q0:    46.93
Episode: 5820/7000 | Episode reward:  1026.79 | Episode steps: 2500 | Average reward:   611.75 | Step Count: 9228159 | Episode Q0:    46.93
Episode: 5821/7000 | Episode reward:  1062.77 | Episode steps: 2500 | Average reward:   668.20 | Step Count: 9230659 | Episode Q0:    46.93
Episode: 5822/7000 | Episode reward:   794.73 | Episode steps: 2500 | Average reward:   679.31 | Step Count: 9233159 | Episode Q0:    46.93
Episode: 5823/7000 | Episode reward:   810.67 | Episode steps: 2500 | Average reward:   694.29 | Step Count: 9235659 | Episode Q0:    46.93
Episode: 5824/7000 | Episode reward:   499.51 | Episode steps: 1901 | Average reward:   713.93 | Step Count: 9237560 | Episode Q0:    46.93
Episode: 5825/7000 | Episode reward:   597.75 | Episode steps: 2500 | Average reward:   703.51 | Step Count: 9240060 | Episode Q0:    46.93
Episode: 5826/7000 | Episode reward:   615.28 | Episode steps: 2500 | Average reward:   705.00 | Step Count: 9242560 | Episode Q0:    46.93
Episode: 5827/7000 | Episode reward:   690.59 | Episode steps: 2500 | Average reward:   730.04 | Step Count: 9245060 | Episode Q0:    46.93
Episode: 5828/7000 | Episode reward:   172.83 | Episode steps:  532 | Average reward:   691.00 | Step Count: 9245592 | Episode Q0:    46.93
Episode: 5829/7000 | Episode reward:   805.28 | Episode steps: 2500 | Average reward:   707.62 | Step Count: 9248092 | Episode Q0:    46.93
Episode: 5830/7000 | Episode reward:   711.60 | Episode steps: 2500 | Average reward:   676.10 | Step Count: 9250592 | Episode Q0:    46.93
Episode: 5831/7000 | Episode reward:   608.81 | Episode steps: 2500 | Average reward:   630.71 | Step Count: 9253092 | Episode Q0:    46.93
Episode: 5832/7000 | Episode reward:   540.25 | Episode steps: 2500 | Average reward:   605.26 | Step Count: 9255592 | Episode Q0:    46.93
Episode: 5833/7000 | Episode reward:   733.38 | Episode steps: 2500 | Average reward:   597.53 | Step Count: 9258092 | Episode Q0:    46.93
Episode: 5834/7000 | Episode reward:    31.65 | Episode steps:  120 | Average reward:   550.74 | Step Count: 9258212 | Episode Q0:    46.93
Episode: 5835/7000 | Episode reward:   172.20 | Episode steps:  413 | Average reward:   508.19 | Step Count: 9258625 | Episode Q0:    46.93
Episode: 5836/7000 | Episode reward:   143.65 | Episode steps:  372 | Average reward:   461.02 | Step Count: 9258997 | Episode Q0:    46.93
Episode: 5837/7000 | Episode reward:   182.66 | Episode steps:  406 | Average reward:   410.23 | Step Count: 9259403 | Episode Q0:    46.93
Episode: 5838/7000 | Episode reward:   116.71 | Episode steps:  334 | Average reward:   404.62 | Step Count: 9259737 | Episode Q0:    46.93
Episode: 5839/7000 | Episode reward:   131.92 | Episode steps:  359 | Average reward:   337.28 | Step Count: 9260096 | Episode Q0:    46.93
Episode: 5840/7000 | Episode reward:    21.42 | Episode steps:  103 | Average reward:   268.26 | Step Count: 9260199 | Episode Q0:    46.93
Episode: 5841/7000 | Episode reward:   125.51 | Episode steps:  354 | Average reward:   219.93 | Step Count: 9260553 | Episode Q0:    46.93
Episode: 5842/7000 | Episode reward:   177.30 | Episode steps:  409 | Average reward:   183.64 | Step Count: 9260962 | Episode Q0:    46.93
Episode: 5843/7000 | Episode reward:    31.60 | Episode steps:  118 | Average reward:   113.46 | Step Count: 9261080 | Episode Q0:    46.93
Episode: 5844/7000 | Episode reward:   283.42 | Episode steps:  714 | Average reward:   138.64 | Step Count: 9261794 | Episode Q0:    46.93
Episode: 5845/7000 | Episode reward:   125.71 | Episode steps:  308 | Average reward:   133.99 | Step Count: 9262102 | Episode Q0:    46.93
Episode: 5846/7000 | Episode reward:    40.43 | Episode steps:  159 | Average reward:   123.67 | Step Count: 9262261 | Episode Q0:    46.93
Episode: 5847/7000 | Episode reward:    82.46 | Episode steps:  279 | Average reward:   113.65 | Step Count: 9262540 | Episode Q0:    46.93
Episode: 5848/7000 | Episode reward:   116.51 | Episode steps:  209 | Average reward:   113.63 | Step Count: 9262749 | Episode Q0:    46.27
Episode: 5849/7000 | Episode reward:   122.22 | Episode steps:  304 | Average reward:   112.66 | Step Count: 9263053 | Episode Q0:    46.27
Episode: 5850/7000 | Episode reward:   216.36 | Episode steps:  647 | Average reward:   132.15 | Step Count: 9263700 | Episode Q0:    46.27
Episode: 5851/7000 | Episode reward:   130.62 | Episode steps:  364 | Average reward:   132.66 | Step Count: 9264064 | Episode Q0:    46.27
Episode: 5852/7000 | Episode reward:   241.87 | Episode steps:  475 | Average reward:   139.12 | Step Count: 9264539 | Episode Q0:    46.27
Episode: 5853/7000 | Episode reward:    94.35 | Episode steps:  234 | Average reward:   145.39 | Step Count: 9264773 | Episode Q0:    46.27
Episode: 5854/7000 | Episode reward:   284.13 | Episode steps:  719 | Average reward:   145.46 | Step Count: 9265492 | Episode Q0:    46.27
Episode: 5855/7000 | Episode reward:   347.04 | Episode steps:  579 | Average reward:   167.60 | Step Count: 9266071 | Episode Q0:    46.27
Episode: 5856/7000 | Episode reward:   107.89 | Episode steps:  244 | Average reward:   174.34 | Step Count: 9266315 | Episode Q0:    46.27
Episode: 5857/7000 | Episode reward:   108.17 | Episode steps:  345 | Average reward:   176.92 | Step Count: 9266660 | Episode Q0:    46.27
Episode: 5858/7000 | Episode reward:    60.91 | Episode steps:  143 | Average reward:   171.36 | Step Count: 9266803 | Episode Q0:    46.27
Episode: 5859/7000 | Episode reward:   117.37 | Episode steps:  357 | Average reward:   170.87 | Step Count: 9267160 | Episode Q0:    46.27
Episode: 5860/7000 | Episode reward:   100.93 | Episode steps:  241 | Average reward:   159.33 | Step Count: 9267401 | Episode Q0:    46.27
Episode: 5861/7000 | Episode reward:   233.34 | Episode steps:  780 | Average reward:   169.60 | Step Count: 9268181 | Episode Q0:    46.27
Episode: 5862/7000 | Episode reward:   128.34 | Episode steps:  339 | Average reward:   158.25 | Step Count: 9268520 | Episode Q0:    46.27
Episode: 5863/7000 | Episode reward:   302.05 | Episode steps:  776 | Average reward:   179.02 | Step Count: 9269296 | Episode Q0:    46.27
Episode: 5864/7000 | Episode reward:   349.23 | Episode steps:  953 | Average reward:   185.53 | Step Count: 9270249 | Episode Q0:    46.27
Episode: 5865/7000 | Episode reward:    54.59 | Episode steps:  176 | Average reward:   156.28 | Step Count: 9270425 | Episode Q0:    46.27
Episode: 5866/7000 | Episode reward:   317.76 | Episode steps: 1130 | Average reward:   177.27 | Step Count: 9271555 | Episode Q0:    45.24
Episode: 5867/7000 | Episode reward:   559.56 | Episode steps: 1467 | Average reward:   222.41 | Step Count: 9273022 | Episode Q0:    45.24
Episode: 5868/7000 | Episode reward:   260.19 | Episode steps:  831 | Average reward:   242.34 | Step Count: 9273853 | Episode Q0:    45.24
Episode: 5869/7000 | Episode reward:   337.60 | Episode steps: 1036 | Average reward:   264.36 | Step Count: 9274889 | Episode Q0:    45.24
Episode: 5870/7000 | Episode reward:   376.74 | Episode steps: 1042 | Average reward:   291.94 | Step Count: 9275931 | Episode Q0:    45.24
Episode: 5871/7000 | Episode reward:   438.02 | Episode steps: 1797 | Average reward:   312.41 | Step Count: 9277728 | Episode Q0:    45.24
Episode: 5872/7000 | Episode reward:   316.71 | Episode steps:  786 | Average reward:   331.25 | Step Count: 9278514 | Episode Q0:    45.24
Episode: 5873/7000 | Episode reward:   353.61 | Episode steps: 1016 | Average reward:   336.40 | Step Count: 9279530 | Episode Q0:    45.24
Episode: 5874/7000 | Episode reward:   207.40 | Episode steps:  559 | Average reward:   322.22 | Step Count: 9280089 | Episode Q0:    45.24
Episode: 5875/7000 | Episode reward:   339.42 | Episode steps:  974 | Average reward:   350.70 | Step Count: 9281063 | Episode Q0:    45.24
Episode: 5876/7000 | Episode reward:   351.42 | Episode steps: 1442 | Average reward:   354.07 | Step Count: 9282505 | Episode Q0:    45.24
Episode: 5877/7000 | Episode reward:   295.55 | Episode steps: 1008 | Average reward:   327.67 | Step Count: 9283513 | Episode Q0:    45.24
Episode: 5878/7000 | Episode reward:   605.31 | Episode steps: 1795 | Average reward:   362.18 | Step Count: 9285308 | Episode Q0:    45.24
Episode: 5879/7000 | Episode reward:    30.66 | Episode steps:  113 | Average reward:   331.48 | Step Count: 9285421 | Episode Q0:    45.24
Episode: 5880/7000 | Episode reward:    92.74 | Episode steps:  417 | Average reward:   303.08 | Step Count: 9285838 | Episode Q0:    45.24
Episode: 5881/7000 | Episode reward:   744.16 | Episode steps: 1759 | Average reward:   333.70 | Step Count: 9287597 | Episode Q0:    45.24
Episode: 5882/7000 | Episode reward:   397.05 | Episode steps: 1363 | Average reward:   341.73 | Step Count: 9288960 | Episode Q0:    45.24
Episode: 5883/7000 | Episode reward:    66.64 | Episode steps:  154 | Average reward:   313.03 | Step Count: 9289114 | Episode Q0:    45.24
Episode: 5884/7000 | Episode reward:   422.42 | Episode steps: 1220 | Average reward:   334.54 | Step Count: 9290334 | Episode Q0:    45.24
Episode: 5885/7000 | Episode reward:   246.57 | Episode steps:  723 | Average reward:   325.25 | Step Count: 9291057 | Episode Q0:    45.24
Episode: 5886/7000 | Episode reward:   209.34 | Episode steps:  656 | Average reward:   311.04 | Step Count: 9291713 | Episode Q0:    45.24
Episode: 5887/7000 | Episode reward:   505.01 | Episode steps: 1743 | Average reward:   331.99 | Step Count: 9293456 | Episode Q0:    45.24
Episode: 5888/7000 | Episode reward:   378.83 | Episode steps: 1061 | Average reward:   309.34 | Step Count: 9294517 | Episode Q0:    45.24
Episode: 5889/7000 | Episode reward:   163.11 | Episode steps:  506 | Average reward:   322.59 | Step Count: 9295023 | Episode Q0:    45.24
Episode: 5890/7000 | Episode reward:   399.45 | Episode steps: 1072 | Average reward:   353.26 | Step Count: 9296095 | Episode Q0:    45.24
Episode: 5891/7000 | Episode reward:   330.79 | Episode steps: 1022 | Average reward:   311.92 | Step Count: 9297117 | Episode Q0:    45.24
Episode: 5892/7000 | Episode reward:    74.70 | Episode steps:  498 | Average reward:   279.69 | Step Count: 9297615 | Episode Q0:    45.24
Episode: 5893/7000 | Episode reward:   205.42 | Episode steps:  794 | Average reward:   293.56 | Step Count: 9298409 | Episode Q0:    45.24
Episode: 5894/7000 | Episode reward:   284.10 | Episode steps:  736 | Average reward:   279.73 | Step Count: 9299145 | Episode Q0:    44.60
Episode: 5895/7000 | Episode reward:   282.37 | Episode steps:  702 | Average reward:   283.31 | Step Count: 9299847 | Episode Q0:    44.60
Episode: 5896/7000 | Episode reward:    78.00 | Episode steps:  168 | Average reward:   270.18 | Step Count: 9300015 | Episode Q0:    44.60
Episode: 5897/7000 | Episode reward:    39.24 | Episode steps:  157 | Average reward:   223.60 | Step Count: 9300172 | Episode Q0:    44.60
Episode: 5898/7000 | Episode reward:   338.94 | Episode steps:  790 | Average reward:   219.61 | Step Count: 9300962 | Episode Q0:    44.60
Episode: 5899/7000 | Episode reward:   554.71 | Episode steps: 1498 | Average reward:   258.77 | Step Count: 9302460 | Episode Q0:    44.60
Episode: 5900/7000 | Episode reward:   446.14 | Episode steps: 1512 | Average reward:   263.44 | Step Count: 9303972 | Episode Q0:    44.60
Episode: 5901/7000 | Episode reward:   646.07 | Episode steps: 1927 | Average reward:   294.97 | Step Count: 9305899 | Episode Q0:    44.60
Episode: 5902/7000 | Episode reward:   167.06 | Episode steps:  511 | Average reward:   304.21 | Step Count: 9306410 | Episode Q0:    44.60
Episode: 5903/7000 | Episode reward:   427.22 | Episode steps: 1266 | Average reward:   326.39 | Step Count: 9307676 | Episode Q0:    44.60
Episode: 5904/7000 | Episode reward:    87.89 | Episode steps:  226 | Average reward:   306.76 | Step Count: 9307902 | Episode Q0:    44.60
Episode: 5905/7000 | Episode reward:   512.10 | Episode steps: 1420 | Average reward:   329.74 | Step Count: 9309322 | Episode Q0:    44.60
Episode: 5906/7000 | Episode reward:   317.71 | Episode steps:  997 | Average reward:   353.71 | Step Count: 9310319 | Episode Q0:    44.60
Episode: 5907/7000 | Episode reward:   278.45 | Episode steps: 1006 | Average reward:   377.63 | Step Count: 9311325 | Episode Q0:    44.60
Episode: 5908/7000 | Episode reward:   413.45 | Episode steps:  862 | Average reward:   385.08 | Step Count: 9312187 | Episode Q0:    44.60
Episode: 5909/7000 | Episode reward:   238.64 | Episode steps:  605 | Average reward:   353.47 | Step Count: 9312792 | Episode Q0:    44.60
Episode: 5910/7000 | Episode reward:   120.77 | Episode steps:  355 | Average reward:   320.93 | Step Count: 9313147 | Episode Q0:    44.60
Episode: 5911/7000 | Episode reward:   993.23 | Episode steps: 2500 | Average reward:   355.65 | Step Count: 9315647 | Episode Q0:    48.86
Episode: 5912/7000 | Episode reward:   700.70 | Episode steps: 2500 | Average reward:   409.02 | Step Count: 9318147 | Episode Q0:    48.86
Episode: 5913/7000 | Episode reward:   751.76 | Episode steps: 2500 | Average reward:   441.47 | Step Count: 9320647 | Episode Q0:    48.86
Episode: 5914/7000 | Episode reward:   923.58 | Episode steps: 2500 | Average reward:   525.04 | Step Count: 9323147 | Episode Q0:    48.86
Episode: 5915/7000 | Episode reward:   963.74 | Episode steps: 2500 | Average reward:   570.20 | Step Count: 9325647 | Episode Q0:    48.86
Episode: 5916/7000 | Episode reward:  1127.58 | Episode steps: 2500 | Average reward:   651.19 | Step Count: 9328147 | Episode Q0:    48.86
Episode: 5917/7000 | Episode reward:   975.51 | Episode steps: 2500 | Average reward:   720.90 | Step Count: 9330647 | Episode Q0:    48.86
Episode: 5918/7000 | Episode reward:   565.91 | Episode steps: 2500 | Average reward:   736.14 | Step Count: 9333147 | Episode Q0:    48.86
Episode: 5919/7000 | Episode reward:   844.25 | Episode steps: 2500 | Average reward:   796.70 | Step Count: 9335647 | Episode Q0:    48.86
Episode: 5920/7000 | Episode reward:   876.34 | Episode steps: 2500 | Average reward:   872.26 | Step Count: 9338147 | Episode Q0:    48.86
Episode: 5921/7000 | Episode reward:   976.12 | Episode steps: 2500 | Average reward:   870.55 | Step Count: 9340647 | Episode Q0:    48.86
Episode: 5922/7000 | Episode reward:   461.16 | Episode steps: 1678 | Average reward:   846.59 | Step Count: 9342325 | Episode Q0:    48.86
Episode: 5923/7000 | Episode reward:   841.07 | Episode steps: 2500 | Average reward:   855.53 | Step Count: 9344825 | Episode Q0:    48.86
Episode: 5924/7000 | Episode reward:  1025.57 | Episode steps: 2500 | Average reward:   865.72 | Step Count: 9347325 | Episode Q0:    48.86
Episode: 5925/7000 | Episode reward:   934.03 | Episode steps: 2500 | Average reward:   862.75 | Step Count: 9349825 | Episode Q0:    48.86
Episode: 5926/7000 | Episode reward:   784.64 | Episode steps: 2364 | Average reward:   828.46 | Step Count: 9352189 | Episode Q0:    48.86
Episode: 5927/7000 | Episode reward:   905.63 | Episode steps: 2500 | Average reward:   821.47 | Step Count: 9354689 | Episode Q0:    48.86
Episode: 5928/7000 | Episode reward:   934.24 | Episode steps: 2500 | Average reward:   858.30 | Step Count: 9357189 | Episode Q0:    48.86
Episode: 5929/7000 | Episode reward:  1012.06 | Episode steps: 2500 | Average reward:   875.09 | Step Count: 9359689 | Episode Q0:    48.86
Episode: 5930/7000 | Episode reward:   912.10 | Episode steps: 2500 | Average reward:   878.66 | Step Count: 9362189 | Episode Q0:    48.86
Episode: 5931/7000 | Episode reward:   778.92 | Episode steps: 2500 | Average reward:   858.94 | Step Count: 9364689 | Episode Q0:    48.86
Episode: 5932/7000 | Episode reward:   992.20 | Episode steps: 2500 | Average reward:   912.05 | Step Count: 9367189 | Episode Q0:    48.86
Episode: 5933/7000 | Episode reward:   852.21 | Episode steps: 2500 | Average reward:   913.16 | Step Count: 9369689 | Episode Q0:    48.86
Episode: 5934/7000 | Episode reward:   820.53 | Episode steps: 2500 | Average reward:   892.66 | Step Count: 9372189 | Episode Q0:    48.86
Episode: 5935/7000 | Episode reward:  1212.24 | Episode steps: 2500 | Average reward:   920.48 | Step Count: 9374689 | Episode Q0:    48.86
Episode: 5936/7000 | Episode reward:   855.23 | Episode steps: 2500 | Average reward:   927.54 | Step Count: 9377189 | Episode Q0:    48.86
Episode: 5937/7000 | Episode reward:   871.50 | Episode steps: 2500 | Average reward:   924.12 | Step Count: 9379689 | Episode Q0:    48.86
Episode: 5938/7000 | Episode reward:   358.33 | Episode steps: 1178 | Average reward:   866.53 | Step Count: 9380867 | Episode Q0:    48.86
Episode: 5939/7000 | Episode reward:   525.87 | Episode steps: 1698 | Average reward:   817.91 | Step Count: 9382565 | Episode Q0:    46.01
Episode: 5940/7000 | Episode reward:   512.10 | Episode steps: 2128 | Average reward:   777.91 | Step Count: 9384693 | Episode Q0:    46.01
Episode: 5941/7000 | Episode reward:   673.06 | Episode steps: 2032 | Average reward:   767.33 | Step Count: 9386725 | Episode Q0:    46.01
Episode: 5942/7000 | Episode reward:   572.10 | Episode steps: 1861 | Average reward:   725.32 | Step Count: 9388586 | Episode Q0:    46.01
Episode: 5943/7000 | Episode reward:   528.12 | Episode steps: 1578 | Average reward:   692.91 | Step Count: 9390164 | Episode Q0:    46.01
Episode: 5944/7000 | Episode reward:    26.28 | Episode steps:  109 | Average reward:   613.48 | Step Count: 9390273 | Episode Q0:    46.01
Episode: 5945/7000 | Episode reward:   528.63 | Episode steps: 1776 | Average reward:   545.12 | Step Count: 9392049 | Episode Q0:    46.01
Episode: 5946/7000 | Episode reward:   358.99 | Episode steps: 1267 | Average reward:   495.50 | Step Count: 9393316 | Episode Q0:    46.01
Episode: 5947/7000 | Episode reward:   915.42 | Episode steps: 2500 | Average reward:   499.89 | Step Count: 9395816 | Episode Q0:    46.01
Episode: 5948/7000 | Episode reward:   846.74 | Episode steps: 2463 | Average reward:   548.73 | Step Count: 9398279 | Episode Q0:    46.01
Episode: 5949/7000 | Episode reward:   537.02 | Episode steps: 1424 | Average reward:   549.85 | Step Count: 9399703 | Episode Q0:    46.01
Episode: 5950/7000 | Episode reward:   326.92 | Episode steps: 1097 | Average reward:   531.33 | Step Count: 9400800 | Episode Q0:    46.01
Episode: 5951/7000 | Episode reward:   815.51 | Episode steps: 2500 | Average reward:   545.57 | Step Count: 9403300 | Episode Q0:    46.01
Episode: 5952/7000 | Episode reward:   160.80 | Episode steps:  644 | Average reward:   504.44 | Step Count: 9403944 | Episode Q0:    46.01
Episode: 5953/7000 | Episode reward:   191.50 | Episode steps:  744 | Average reward:   470.78 | Step Count: 9404688 | Episode Q0:    46.01
Episode: 5954/7000 | Episode reward:   905.12 | Episode steps: 2500 | Average reward:   558.67 | Step Count: 9407188 | Episode Q0:    46.01
Episode: 5955/7000 | Episode reward:   789.19 | Episode steps: 2500 | Average reward:   584.72 | Step Count: 9409688 | Episode Q0:    47.63
Episode: 5956/7000 | Episode reward:   883.32 | Episode steps: 2500 | Average reward:   637.15 | Step Count: 9412188 | Episode Q0:    47.63
Episode: 5957/7000 | Episode reward:   798.80 | Episode steps: 2500 | Average reward:   625.49 | Step Count: 9414688 | Episode Q0:    47.63
Episode: 5958/7000 | Episode reward:   832.72 | Episode steps: 2500 | Average reward:   624.09 | Step Count: 9417188 | Episode Q0:    47.63
Episode: 5959/7000 | Episode reward:   918.75 | Episode steps: 2500 | Average reward:   662.26 | Step Count: 9419688 | Episode Q0:    47.63
Episode: 5960/7000 | Episode reward:   819.16 | Episode steps: 2500 | Average reward:   711.49 | Step Count: 9422188 | Episode Q0:    47.63
Episode: 5961/7000 | Episode reward:   912.69 | Episode steps: 2500 | Average reward:   721.20 | Step Count: 9424688 | Episode Q0:    47.63
Episode: 5962/7000 | Episode reward:   864.94 | Episode steps: 2500 | Average reward:   791.62 | Step Count: 9427188 | Episode Q0:    47.63
Episode: 5963/7000 | Episode reward:   667.48 | Episode steps: 2500 | Average reward:   839.22 | Step Count: 9429688 | Episode Q0:    47.63
Episode: 5964/7000 | Episode reward:   564.91 | Episode steps: 2500 | Average reward:   805.20 | Step Count: 9432188 | Episode Q0:    47.63
Episode: 5965/7000 | Episode reward:   953.93 | Episode steps: 2500 | Average reward:   821.67 | Step Count: 9434688 | Episode Q0:    47.63
Episode: 5966/7000 | Episode reward:   547.75 | Episode steps: 2500 | Average reward:   788.11 | Step Count: 9437188 | Episode Q0:    47.63
Episode: 5967/7000 | Episode reward:   836.54 | Episode steps: 2500 | Average reward:   791.89 | Step Count: 9439688 | Episode Q0:    47.63
Episode: 5968/7000 | Episode reward:   405.94 | Episode steps: 2500 | Average reward:   749.21 | Step Count: 9442188 | Episode Q0:    47.63
Episode: 5969/7000 | Episode reward:   982.45 | Episode steps: 2500 | Average reward:   755.58 | Step Count: 9444688 | Episode Q0:    47.63
Episode: 5970/7000 | Episode reward:   593.98 | Episode steps: 2500 | Average reward:   733.06 | Step Count: 9447188 | Episode Q0:    47.63
Episode: 5971/7000 | Episode reward:  1180.92 | Episode steps: 2489 | Average reward:   759.88 | Step Count: 9449677 | Episode Q0:    47.63
Episode: 5972/7000 | Episode reward:   857.43 | Episode steps: 2500 | Average reward:   759.13 | Step Count: 9452177 | Episode Q0:    47.63
Episode: 5973/7000 | Episode reward:  1047.47 | Episode steps: 2500 | Average reward:   797.13 | Step Count: 9454677 | Episode Q0:    47.63
Episode: 5974/7000 | Episode reward:   678.10 | Episode steps: 2500 | Average reward:   808.45 | Step Count: 9457177 | Episode Q0:    47.63
Episode: 5975/7000 | Episode reward:   749.57 | Episode steps: 2500 | Average reward:   788.01 | Step Count: 9459677 | Episode Q0:    47.63
Episode: 5976/7000 | Episode reward:   740.24 | Episode steps: 2047 | Average reward:   807.26 | Step Count: 9461724 | Episode Q0:    47.63
Episode: 5977/7000 | Episode reward:   804.12 | Episode steps: 2500 | Average reward:   804.02 | Step Count: 9464224 | Episode Q0:    47.63
Episode: 5978/7000 | Episode reward:   998.97 | Episode steps: 2500 | Average reward:   863.32 | Step Count: 9466724 | Episode Q0:    47.63
Episode: 5979/7000 | Episode reward:   817.02 | Episode steps: 2500 | Average reward:   846.78 | Step Count: 9469224 | Episode Q0:    47.63
Episode: 5980/7000 | Episode reward:   580.22 | Episode steps: 2500 | Average reward:   845.41 | Step Count: 9471724 | Episode Q0:    47.63
Episode: 5981/7000 | Episode reward:   751.12 | Episode steps: 2500 | Average reward:   802.43 | Step Count: 9474224 | Episode Q0:    47.63
Episode: 5982/7000 | Episode reward:   512.32 | Episode steps: 1588 | Average reward:   767.91 | Step Count: 9475812 | Episode Q0:    47.63
Episode: 5983/7000 | Episode reward:   413.82 | Episode steps: 1025 | Average reward:   704.55 | Step Count: 9476837 | Episode Q0:    47.63
Episode: 5984/7000 | Episode reward:    42.98 | Episode steps:  168 | Average reward:   641.04 | Step Count: 9477005 | Episode Q0:    46.60
Episode: 5985/7000 | Episode reward:   627.50 | Episode steps: 1716 | Average reward:   628.83 | Step Count: 9478721 | Episode Q0:    46.60
Episode: 5986/7000 | Episode reward:   513.79 | Episode steps:  976 | Average reward:   606.19 | Step Count: 9479697 | Episode Q0:    46.60
Episode: 5987/7000 | Episode reward:   259.34 | Episode steps:  846 | Average reward:   551.71 | Step Count: 9480543 | Episode Q0:    46.60
Episode: 5988/7000 | Episode reward:   386.41 | Episode steps:  843 | Average reward:   490.45 | Step Count: 9481386 | Episode Q0:    46.60
Episode: 5989/7000 | Episode reward:   166.77 | Episode steps:  409 | Average reward:   425.43 | Step Count: 9481795 | Episode Q0:    46.60
Episode: 5990/7000 | Episode reward:    71.19 | Episode steps:  146 | Average reward:   374.52 | Step Count: 9481941 | Episode Q0:    46.60
Episode: 5991/7000 | Episode reward:   248.27 | Episode steps:  684 | Average reward:   324.24 | Step Count: 9482625 | Episode Q0:    46.60
Episode: 5992/7000 | Episode reward:   211.81 | Episode steps:  551 | Average reward:   294.19 | Step Count: 9483176 | Episode Q0:    46.60
Episode: 5993/7000 | Episode reward:   145.24 | Episode steps:  276 | Average reward:   267.33 | Step Count: 9483452 | Episode Q0:    46.60
Episode: 5994/7000 | Episode reward:   196.07 | Episode steps:  541 | Average reward:   282.64 | Step Count: 9483993 | Episode Q0:    46.60
Episode: 5995/7000 | Episode reward:   345.88 | Episode steps:  825 | Average reward:   254.48 | Step Count: 9484818 | Episode Q0:    46.60
Episode: 5996/7000 | Episode reward:    77.76 | Episode steps:  221 | Average reward:   210.87 | Step Count: 9485039 | Episode Q0:    46.60
Episode: 5997/7000 | Episode reward:   114.35 | Episode steps:  355 | Average reward:   196.37 | Step Count: 9485394 | Episode Q0:    46.60
Episode: 5998/7000 | Episode reward:   250.06 | Episode steps:  721 | Average reward:   182.74 | Step Count: 9486115 | Episode Q0:    46.60
Episode: 5999/7000 | Episode reward:    58.03 | Episode steps:  148 | Average reward:   171.87 | Step Count: 9486263 | Episode Q0:    46.60
Episode: 6000/7000 | Episode reward:   149.37 | Episode steps:  369 | Average reward:   179.68 | Step Count: 9486632 | Episode Q0:    46.60
Episode: 6001/7000 | Episode reward:   116.98 | Episode steps:  254 | Average reward:   166.55 | Step Count: 9486886 | Episode Q0:    46.60
Episode: 6002/7000 | Episode reward:    18.00 | Episode steps:  114 | Average reward:   147.17 | Step Count: 9487000 | Episode Q0:    46.60
Episode: 6003/7000 | Episode reward:    49.12 | Episode steps:  175 | Average reward:   137.56 | Step Count: 9487175 | Episode Q0:    46.60
Episode: 6004/7000 | Episode reward:    38.87 | Episode steps:  113 | Average reward:   121.84 | Step Count: 9487288 | Episode Q0:    46.60
Episode: 6005/7000 | Episode reward:   143.65 | Episode steps:  363 | Average reward:   101.62 | Step Count: 9487651 | Episode Q0:    46.60
Episode: 6006/7000 | Episode reward:    70.28 | Episode steps:  200 | Average reward:   100.87 | Step Count: 9487851 | Episode Q0:    46.60
Episode: 6007/7000 | Episode reward:   251.54 | Episode steps:  503 | Average reward:   114.59 | Step Count: 9488354 | Episode Q0:    46.60
Episode: 6008/7000 | Episode reward:   157.82 | Episode steps:  379 | Average reward:   105.37 | Step Count: 9488733 | Episode Q0:    46.60
Episode: 6009/7000 | Episode reward:    15.84 | Episode steps:   88 | Average reward:   101.15 | Step Count: 9488821 | Episode Q0:    46.60
Episode: 6010/7000 | Episode reward:    44.35 | Episode steps:  124 | Average reward:    90.64 | Step Count: 9488945 | Episode Q0:    46.60
Episode: 6011/7000 | Episode reward:    52.85 | Episode steps:  166 | Average reward:    84.23 | Step Count: 9489111 | Episode Q0:    46.60
Episode: 6012/7000 | Episode reward:   114.73 | Episode steps:  297 | Average reward:    93.91 | Step Count: 9489408 | Episode Q0:    46.60
Episode: 6013/7000 | Episode reward:   207.75 | Episode steps:  655 | Average reward:   109.77 | Step Count: 9490063 | Episode Q0:    46.60
Episode: 6014/7000 | Episode reward:   440.99 | Episode steps: 1149 | Average reward:   149.98 | Step Count: 9491212 | Episode Q0:    43.91
Episode: 6015/7000 | Episode reward:    32.19 | Episode steps:  131 | Average reward:   138.83 | Step Count: 9491343 | Episode Q0:    43.91
Episode: 6016/7000 | Episode reward:   153.80 | Episode steps:  382 | Average reward:   147.19 | Step Count: 9491725 | Episode Q0:    43.91
Episode: 6017/7000 | Episode reward:   114.87 | Episode steps:  334 | Average reward:   133.52 | Step Count: 9492059 | Episode Q0:    43.91
Episode: 6018/7000 | Episode reward:    48.76 | Episode steps:  169 | Average reward:   122.61 | Step Count: 9492228 | Episode Q0:    43.91
Episode: 6019/7000 | Episode reward:    89.45 | Episode steps:  301 | Average reward:   129.97 | Step Count: 9492529 | Episode Q0:    43.91
Episode: 6020/7000 | Episode reward:    83.61 | Episode steps:  211 | Average reward:   133.90 | Step Count: 9492740 | Episode Q0:    43.91
Episode: 6021/7000 | Episode reward:   186.23 | Episode steps:  441 | Average reward:   147.24 | Step Count: 9493181 | Episode Q0:    43.91
Episode: 6022/7000 | Episode reward:   145.54 | Episode steps:  395 | Average reward:   150.32 | Step Count: 9493576 | Episode Q0:    43.91
Episode: 6023/7000 | Episode reward:    68.62 | Episode steps:  167 | Average reward:   136.41 | Step Count: 9493743 | Episode Q0:    43.91
Episode: 6024/7000 | Episode reward:   130.29 | Episode steps:  480 | Average reward:   105.34 | Step Count: 9494223 | Episode Q0:    43.91
Episode: 6025/7000 | Episode reward:    46.74 | Episode steps:  133 | Average reward:   106.79 | Step Count: 9494356 | Episode Q0:    43.91
Episode: 6026/7000 | Episode reward:   160.46 | Episode steps:  404 | Average reward:   107.46 | Step Count: 9494760 | Episode Q0:    43.91
Episode: 6027/7000 | Episode reward:   111.72 | Episode steps:  317 | Average reward:   107.14 | Step Count: 9495077 | Episode Q0:    43.91
Episode: 6028/7000 | Episode reward:   129.58 | Episode steps:  378 | Average reward:   115.23 | Step Count: 9495455 | Episode Q0:    43.91
Episode: 6029/7000 | Episode reward:   212.22 | Episode steps:  453 | Average reward:   127.50 | Step Count: 9495908 | Episode Q0:    43.91
Episode: 6030/7000 | Episode reward:   506.47 | Episode steps: 1692 | Average reward:   169.79 | Step Count: 9497600 | Episode Q0:    48.11
Episode: 6031/7000 | Episode reward:   887.40 | Episode steps: 2500 | Average reward:   239.90 | Step Count: 9500100 | Episode Q0:    48.11
Episode: 6032/7000 | Episode reward:   646.74 | Episode steps: 2500 | Average reward:   290.02 | Step Count: 9502600 | Episode Q0:    48.11
Episode: 6033/7000 | Episode reward:   692.40 | Episode steps: 2020 | Average reward:   352.40 | Step Count: 9504620 | Episode Q0:    48.11
Episode: 6034/7000 | Episode reward:   882.68 | Episode steps: 2500 | Average reward:   427.64 | Step Count: 9507120 | Episode Q0:    48.11
Episode: 6035/7000 | Episode reward:   935.79 | Episode steps: 2500 | Average reward:   516.55 | Step Count: 9509620 | Episode Q0:    48.11
Episode: 6036/7000 | Episode reward:   735.56 | Episode steps: 2500 | Average reward:   574.06 | Step Count: 9512120 | Episode Q0:    48.11
Episode: 6037/7000 | Episode reward:   652.48 | Episode steps: 2500 | Average reward:   628.13 | Step Count: 9514620 | Episode Q0:    48.11
Episode: 6038/7000 | Episode reward:   415.64 | Episode steps: 1179 | Average reward:   656.74 | Step Count: 9515799 | Episode Q0:    48.11
Episode: 6039/7000 | Episode reward:   434.84 | Episode steps: 1041 | Average reward:   679.00 | Step Count: 9516840 | Episode Q0:    48.11
Episode: 6040/7000 | Episode reward:   767.52 | Episode steps: 2500 | Average reward:   705.10 | Step Count: 9519340 | Episode Q0:    48.11
Episode: 6041/7000 | Episode reward:   592.08 | Episode steps: 2500 | Average reward:   675.57 | Step Count: 9521840 | Episode Q0:    48.11
Episode: 6042/7000 | Episode reward:   703.62 | Episode steps: 2500 | Average reward:   681.26 | Step Count: 9524340 | Episode Q0:    48.11
Episode: 6043/7000 | Episode reward:   728.69 | Episode steps: 2500 | Average reward:   684.89 | Step Count: 9526840 | Episode Q0:    48.11
Episode: 6044/7000 | Episode reward:   747.79 | Episode steps: 2500 | Average reward:   671.40 | Step Count: 9529340 | Episode Q0:    48.11
Episode: 6045/7000 | Episode reward:   531.99 | Episode steps: 2500 | Average reward:   631.02 | Step Count: 9531840 | Episode Q0:    48.11
Episode: 6046/7000 | Episode reward:   772.33 | Episode steps: 2500 | Average reward:   634.70 | Step Count: 9534340 | Episode Q0:    48.11
Episode: 6047/7000 | Episode reward:   621.18 | Episode steps: 2500 | Average reward:   631.57 | Step Count: 9536840 | Episode Q0:    48.11
Episode: 6048/7000 | Episode reward:   766.29 | Episode steps: 2500 | Average reward:   666.63 | Step Count: 9539340 | Episode Q0:    48.11
Episode: 6049/7000 | Episode reward:   760.68 | Episode steps: 2500 | Average reward:   699.22 | Step Count: 9541840 | Episode Q0:    48.11
Episode: 6050/7000 | Episode reward:   639.13 | Episode steps: 2201 | Average reward:   686.38 | Step Count: 9544041 | Episode Q0:    48.11
Episode: 6051/7000 | Episode reward:   696.98 | Episode steps: 2500 | Average reward:   696.87 | Step Count: 9546541 | Episode Q0:    48.11
Episode: 6052/7000 | Episode reward:   680.50 | Episode steps: 2500 | Average reward:   694.55 | Step Count: 9549041 | Episode Q0:    48.11
Episode: 6053/7000 | Episode reward:   686.16 | Episode steps: 2500 | Average reward:   690.30 | Step Count: 9551541 | Episode Q0:    48.11
Episode: 6054/7000 | Episode reward:   664.80 | Episode steps: 2500 | Average reward:   682.00 | Step Count: 9554041 | Episode Q0:    48.11
Episode: 6055/7000 | Episode reward:   915.70 | Episode steps: 2500 | Average reward:   720.37 | Step Count: 9556541 | Episode Q0:    48.11
Episode: 6056/7000 | Episode reward:   794.98 | Episode steps: 2500 | Average reward:   722.64 | Step Count: 9559041 | Episode Q0:    48.11
Episode: 6057/7000 | Episode reward:   554.37 | Episode steps: 2500 | Average reward:   715.96 | Step Count: 9561541 | Episode Q0:    48.11
Episode: 6058/7000 | Episode reward:   752.66 | Episode steps: 2500 | Average reward:   714.60 | Step Count: 9564041 | Episode Q0:    48.17
Episode: 6059/7000 | Episode reward:   846.02 | Episode steps: 2500 | Average reward:   723.13 | Step Count: 9566541 | Episode Q0:    48.17
Episode: 6060/7000 | Episode reward:   839.35 | Episode steps: 2500 | Average reward:   743.15 | Step Count: 9569041 | Episode Q0:    48.17
Episode: 6061/7000 | Episode reward:   347.39 | Episode steps:  727 | Average reward:   708.19 | Step Count: 9569768 | Episode Q0:    48.17
Episode: 6062/7000 | Episode reward:   407.70 | Episode steps: 2500 | Average reward:   680.91 | Step Count: 9572268 | Episode Q0:    48.17
Episode: 6063/7000 | Episode reward:   942.92 | Episode steps: 2500 | Average reward:   706.59 | Step Count: 9574768 | Episode Q0:    48.17
Episode: 6064/7000 | Episode reward:   901.52 | Episode steps: 2500 | Average reward:   730.26 | Step Count: 9577268 | Episode Q0:    48.17
Episode: 6065/7000 | Episode reward:  1028.13 | Episode steps: 2500 | Average reward:   741.50 | Step Count: 9579768 | Episode Q0:    48.17
Episode: 6066/7000 | Episode reward:   820.55 | Episode steps: 2500 | Average reward:   744.06 | Step Count: 9582268 | Episode Q0:    48.17
Episode: 6067/7000 | Episode reward:   696.73 | Episode steps: 2500 | Average reward:   758.30 | Step Count: 9584768 | Episode Q0:    48.17
Episode: 6068/7000 | Episode reward:   837.68 | Episode steps: 2500 | Average reward:   766.80 | Step Count: 9587268 | Episode Q0:    48.17
Episode: 6069/7000 | Episode reward:   879.10 | Episode steps: 2500 | Average reward:   770.11 | Step Count: 9589768 | Episode Q0:    48.17
Episode: 6070/7000 | Episode reward:   207.40 | Episode steps:  579 | Average reward:   706.91 | Step Count: 9590347 | Episode Q0:    48.17
Episode: 6071/7000 | Episode reward:   980.61 | Episode steps: 2500 | Average reward:   770.23 | Step Count: 9592847 | Episode Q0:    48.17
Episode: 6072/7000 | Episode reward:   608.52 | Episode steps: 2500 | Average reward:   790.32 | Step Count: 9595347 | Episode Q0:    48.17
Episode: 6073/7000 | Episode reward:   727.00 | Episode steps: 2500 | Average reward:   768.72 | Step Count: 9597847 | Episode Q0:    48.17
Episode: 6074/7000 | Episode reward:   703.72 | Episode steps: 2500 | Average reward:   748.94 | Step Count: 9600347 | Episode Q0:    43.74
Episode: 6075/7000 | Episode reward:   761.56 | Episode steps: 2500 | Average reward:   722.29 | Step Count: 9602847 | Episode Q0:    43.74
Episode: 6076/7000 | Episode reward:   701.29 | Episode steps: 2500 | Average reward:   710.36 | Step Count: 9605347 | Episode Q0:    43.74
Episode: 6077/7000 | Episode reward:   825.86 | Episode steps: 2500 | Average reward:   723.28 | Step Count: 9607847 | Episode Q0:    43.74
Episode: 6078/7000 | Episode reward:   696.92 | Episode steps: 2500 | Average reward:   709.20 | Step Count: 9610347 | Episode Q0:    43.74
Episode: 6079/7000 | Episode reward:   589.85 | Episode steps: 2500 | Average reward:   680.27 | Step Count: 9612847 | Episode Q0:    43.74
Episode: 6080/7000 | Episode reward:   899.89 | Episode steps: 2500 | Average reward:   749.52 | Step Count: 9615347 | Episode Q0:    43.74
Episode: 6081/7000 | Episode reward:   946.01 | Episode steps: 2500 | Average reward:   746.06 | Step Count: 9617847 | Episode Q0:    43.74
Episode: 6082/7000 | Episode reward:   950.85 | Episode steps: 2500 | Average reward:   780.30 | Step Count: 9620347 | Episode Q0:    43.74
Episode: 6083/7000 | Episode reward:   742.81 | Episode steps: 2500 | Average reward:   781.88 | Step Count: 9622847 | Episode Q0:    43.74
Episode: 6084/7000 | Episode reward:   904.94 | Episode steps: 2500 | Average reward:   802.00 | Step Count: 9625347 | Episode Q0:    43.74
Episode: 6085/7000 | Episode reward:   883.69 | Episode steps: 2500 | Average reward:   814.21 | Step Count: 9627847 | Episode Q0:    43.74
Episode: 6086/7000 | Episode reward:   977.64 | Episode steps: 2500 | Average reward:   841.85 | Step Count: 9630347 | Episode Q0:    43.74
Episode: 6087/7000 | Episode reward:   659.96 | Episode steps: 2500 | Average reward:   825.26 | Step Count: 9632847 | Episode Q0:    43.74
Episode: 6088/7000 | Episode reward:   832.83 | Episode steps: 2500 | Average reward:   838.85 | Step Count: 9635347 | Episode Q0:    43.74
Episode: 6089/7000 | Episode reward:   935.45 | Episode steps: 2500 | Average reward:   873.41 | Step Count: 9637847 | Episode Q0:    43.74
Episode: 6090/7000 | Episode reward:   863.20 | Episode steps: 2500 | Average reward:   869.74 | Step Count: 9640347 | Episode Q0:    43.74
Episode: 6091/7000 | Episode reward:  1020.23 | Episode steps: 2500 | Average reward:   877.16 | Step Count: 9642847 | Episode Q0:    43.74
Episode: 6092/7000 | Episode reward:   464.92 | Episode steps: 2500 | Average reward:   828.57 | Step Count: 9645347 | Episode Q0:    43.74
Episode: 6093/7000 | Episode reward:   694.26 | Episode steps: 2500 | Average reward:   823.71 | Step Count: 9647847 | Episode Q0:    43.74
Episode: 6094/7000 | Episode reward:   835.42 | Episode steps: 2500 | Average reward:   816.76 | Step Count: 9650347 | Episode Q0:    43.74
Episode: 6095/7000 | Episode reward:   850.98 | Episode steps: 2500 | Average reward:   813.49 | Step Count: 9652847 | Episode Q0:    43.74
Episode: 6096/7000 | Episode reward:   924.46 | Episode steps: 2500 | Average reward:   808.17 | Step Count: 9655347 | Episode Q0:    43.74
Episode: 6097/7000 | Episode reward:  1093.45 | Episode steps: 2500 | Average reward:   851.52 | Step Count: 9657847 | Episode Q0:    43.74
Episode: 6098/7000 | Episode reward:   701.38 | Episode steps: 2500 | Average reward:   838.38 | Step Count: 9660347 | Episode Q0:    43.74
Episode: 6099/7000 | Episode reward:   661.61 | Episode steps: 2500 | Average reward:   810.99 | Step Count: 9662847 | Episode Q0:    43.74
Episode: 6100/7000 | Episode reward:   652.41 | Episode steps: 2500 | Average reward:   789.91 | Step Count: 9665347 | Episode Q0:    43.74
Episode: 6101/7000 | Episode reward:   666.47 | Episode steps: 2500 | Average reward:   754.54 | Step Count: 9667847 | Episode Q0:    43.74
Episode: 6102/7000 | Episode reward:  1007.78 | Episode steps: 2500 | Average reward:   808.82 | Step Count: 9670347 | Episode Q0:    42.99
Episode: 6103/7000 | Episode reward:   637.72 | Episode steps: 1453 | Average reward:   803.17 | Step Count: 9671800 | Episode Q0:    42.99
Episode: 6104/7000 | Episode reward:   157.16 | Episode steps:  405 | Average reward:   735.34 | Step Count: 9672205 | Episode Q0:    42.99
Episode: 6105/7000 | Episode reward:  1001.75 | Episode steps: 2500 | Average reward:   750.42 | Step Count: 9674705 | Episode Q0:    42.99
Episode: 6106/7000 | Episode reward:   625.87 | Episode steps: 1795 | Average reward:   720.56 | Step Count: 9676500 | Episode Q0:    42.99
Episode: 6107/7000 | Episode reward:   923.26 | Episode steps: 2500 | Average reward:   703.54 | Step Count: 9679000 | Episode Q0:    42.99
Episode: 6108/7000 | Episode reward:   798.63 | Episode steps: 2114 | Average reward:   713.26 | Step Count: 9681114 | Episode Q0:    42.99
Episode: 6109/7000 | Episode reward:   245.48 | Episode steps:  508 | Average reward:   671.65 | Step Count: 9681622 | Episode Q0:    42.99
Episode: 6110/7000 | Episode reward:   667.29 | Episode steps: 1592 | Average reward:   673.14 | Step Count: 9683214 | Episode Q0:    42.99
Episode: 6111/7000 | Episode reward:   243.19 | Episode steps:  489 | Average reward:   630.81 | Step Count: 9683703 | Episode Q0:    42.99
Episode: 6112/7000 | Episode reward:   101.99 | Episode steps:  240 | Average reward:   540.23 | Step Count: 9683943 | Episode Q0:    42.99
Episode: 6113/7000 | Episode reward:  1142.26 | Episode steps: 2500 | Average reward:   590.69 | Step Count: 9686443 | Episode Q0:    42.99
Episode: 6114/7000 | Episode reward:   101.87 | Episode steps:  318 | Average reward:   585.16 | Step Count: 9686761 | Episode Q0:    42.99
Episode: 6115/7000 | Episode reward:   186.40 | Episode steps:  454 | Average reward:   503.62 | Step Count: 9687215 | Episode Q0:    42.99
Episode: 6116/7000 | Episode reward:    89.04 | Episode steps:  226 | Average reward:   449.94 | Step Count: 9687441 | Episode Q0:    42.99
Episode: 6117/7000 | Episode reward:  1057.51 | Episode steps: 2500 | Average reward:   463.37 | Step Count: 9689941 | Episode Q0:    42.99
Episode: 6118/7000 | Episode reward:  1160.25 | Episode steps: 2500 | Average reward:   499.53 | Step Count: 9692441 | Episode Q0:    46.02
Episode: 6119/7000 | Episode reward:  1056.33 | Episode steps: 2500 | Average reward:   580.61 | Step Count: 9694941 | Episode Q0:    46.02
Episode: 6120/7000 | Episode reward:  1001.73 | Episode steps: 2500 | Average reward:   614.06 | Step Count: 9697441 | Episode Q0:    46.02
Episode: 6121/7000 | Episode reward:  1081.36 | Episode steps: 2500 | Average reward:   697.87 | Step Count: 9699941 | Episode Q0:    46.02
Episode: 6122/7000 | Episode reward:  1117.08 | Episode steps: 2500 | Average reward:   799.38 | Step Count: 9702441 | Episode Q0:    46.02
Episode: 6123/7000 | Episode reward:  1100.22 | Episode steps: 2500 | Average reward:   795.18 | Step Count: 9704941 | Episode Q0:    46.02
Episode: 6124/7000 | Episode reward:  1198.81 | Episode steps: 2500 | Average reward:   904.87 | Step Count: 9707441 | Episode Q0:    46.02
Episode: 6125/7000 | Episode reward:  1147.54 | Episode steps: 2500 | Average reward:  1000.99 | Step Count: 9709941 | Episode Q0:    46.02
Episode: 6126/7000 | Episode reward:   939.35 | Episode steps: 2500 | Average reward:  1086.02 | Step Count: 9712441 | Episode Q0:    46.02
Episode: 6127/7000 | Episode reward:  1051.08 | Episode steps: 2500 | Average reward:  1085.37 | Step Count: 9714941 | Episode Q0:    46.02
Episode: 6128/7000 | Episode reward:  1226.93 | Episode steps: 2500 | Average reward:  1092.04 | Step Count: 9717441 | Episode Q0:    46.02
Episode: 6129/7000 | Episode reward:  1139.04 | Episode steps: 2500 | Average reward:  1100.31 | Step Count: 9719941 | Episode Q0:    46.02
Episode: 6130/7000 | Episode reward:  1143.13 | Episode steps: 2500 | Average reward:  1114.45 | Step Count: 9722441 | Episode Q0:    46.02
Episode: 6131/7000 | Episode reward:  1063.83 | Episode steps: 2500 | Average reward:  1112.70 | Step Count: 9724941 | Episode Q0:    46.02
Episode: 6132/7000 | Episode reward:  1019.65 | Episode steps: 2500 | Average reward:  1102.96 | Step Count: 9727441 | Episode Q0:    46.02
Episode: 6133/7000 | Episode reward:  1138.76 | Episode steps: 2500 | Average reward:  1106.81 | Step Count: 9729941 | Episode Q0:    46.02
Episode: 6134/7000 | Episode reward:  1003.08 | Episode steps: 2500 | Average reward:  1087.24 | Step Count: 9732441 | Episode Q0:    46.02
Episode: 6135/7000 | Episode reward:  1142.60 | Episode steps: 2500 | Average reward:  1086.74 | Step Count: 9734941 | Episode Q0:    46.02
Episode: 6136/7000 | Episode reward:  1149.29 | Episode steps: 2500 | Average reward:  1107.74 | Step Count: 9737441 | Episode Q0:    46.02
Episode: 6137/7000 | Episode reward:   999.39 | Episode steps: 2500 | Average reward:  1102.57 | Step Count: 9739941 | Episode Q0:    46.02
Episode: 6138/7000 | Episode reward:  1095.42 | Episode steps: 2500 | Average reward:  1089.42 | Step Count: 9742441 | Episode Q0:    46.02
Episode: 6139/7000 | Episode reward:  1123.80 | Episode steps: 2500 | Average reward:  1087.89 | Step Count: 9744941 | Episode Q0:    46.02
Episode: 6140/7000 | Episode reward:  1046.41 | Episode steps: 2500 | Average reward:  1078.22 | Step Count: 9747441 | Episode Q0:    46.02
Episode: 6141/7000 | Episode reward:  1135.51 | Episode steps: 2500 | Average reward:  1085.39 | Step Count: 9749941 | Episode Q0:    46.02
Episode: 6142/7000 | Episode reward:  1140.61 | Episode steps: 2500 | Average reward:  1097.49 | Step Count: 9752441 | Episode Q0:    46.02
Episode: 6143/7000 | Episode reward:  1139.43 | Episode steps: 2500 | Average reward:  1097.55 | Step Count: 9754941 | Episode Q0:    46.02
Episode: 6144/7000 | Episode reward:   988.29 | Episode steps: 2500 | Average reward:  1096.08 | Step Count: 9757441 | Episode Q0:    46.02
Episode: 6145/7000 | Episode reward:  1134.14 | Episode steps: 2500 | Average reward:  1095.23 | Step Count: 9759941 | Episode Q0:    46.02
Episode: 6146/7000 | Episode reward:   948.33 | Episode steps: 2500 | Average reward:  1075.13 | Step Count: 9762441 | Episode Q0:    44.67
Episode: 6147/7000 | Episode reward:  1087.54 | Episode steps: 2500 | Average reward:  1083.95 | Step Count: 9764941 | Episode Q0:    44.67
Episode: 6148/7000 | Episode reward:  1022.94 | Episode steps: 2500 | Average reward:  1076.70 | Step Count: 9767441 | Episode Q0:    44.67
Episode: 6149/7000 | Episode reward:   165.92 | Episode steps:  363 | Average reward:   980.91 | Step Count: 9767804 | Episode Q0:    44.67
Episode: 6150/7000 | Episode reward:  1039.66 | Episode steps: 2500 | Average reward:   980.24 | Step Count: 9770304 | Episode Q0:    44.67
Episode: 6151/7000 | Episode reward:   828.90 | Episode steps: 2500 | Average reward:   949.58 | Step Count: 9772804 | Episode Q0:    44.67
Episode: 6152/7000 | Episode reward:   940.66 | Episode steps: 2500 | Average reward:   929.58 | Step Count: 9775304 | Episode Q0:    44.67
Episode: 6153/7000 | Episode reward:  1102.09 | Episode steps: 2500 | Average reward:   925.85 | Step Count: 9777804 | Episode Q0:    44.67
Episode: 6154/7000 | Episode reward:   202.38 | Episode steps:  409 | Average reward:   847.26 | Step Count: 9778213 | Episode Q0:    44.67
Episode: 6155/7000 | Episode reward:   897.39 | Episode steps: 2500 | Average reward:   823.58 | Step Count: 9780713 | Episode Q0:    44.67
Episode: 6156/7000 | Episode reward:   988.57 | Episode steps: 2500 | Average reward:   827.61 | Step Count: 9783213 | Episode Q0:    44.67
Episode: 6157/7000 | Episode reward:    52.11 | Episode steps:  183 | Average reward:   724.06 | Step Count: 9783396 | Episode Q0:    44.67
Episode: 6158/7000 | Episode reward:  1001.47 | Episode steps: 2500 | Average reward:   721.92 | Step Count: 9785896 | Episode Q0:    44.67
Episode: 6159/7000 | Episode reward:   877.40 | Episode steps: 2500 | Average reward:   793.06 | Step Count: 9788396 | Episode Q0:    44.67
Episode: 6160/7000 | Episode reward:  1059.92 | Episode steps: 2500 | Average reward:   795.09 | Step Count: 9790896 | Episode Q0:    44.67
Episode: 6161/7000 | Episode reward:   907.29 | Episode steps: 2500 | Average reward:   802.93 | Step Count: 9793396 | Episode Q0:    44.67
Episode: 6162/7000 | Episode reward:  1031.33 | Episode steps: 2500 | Average reward:   811.99 | Step Count: 9795896 | Episode Q0:    42.82
Episode: 6163/7000 | Episode reward:  1024.01 | Episode steps: 2500 | Average reward:   804.19 | Step Count: 9798396 | Episode Q0:    42.82
Episode: 6164/7000 | Episode reward:   950.94 | Episode steps: 2500 | Average reward:   879.04 | Step Count: 9800896 | Episode Q0:    42.82
Episode: 6165/7000 | Episode reward:   990.86 | Episode steps: 2500 | Average reward:   888.39 | Step Count: 9803396 | Episode Q0:    42.82
Episode: 6166/7000 | Episode reward:   953.35 | Episode steps: 2500 | Average reward:   884.87 | Step Count: 9805896 | Episode Q0:    42.82
Episode: 6167/7000 | Episode reward:  1052.25 | Episode steps: 2500 | Average reward:   984.88 | Step Count: 9808396 | Episode Q0:    42.82
Episode: 6168/7000 | Episode reward:   970.84 | Episode steps: 2500 | Average reward:   981.82 | Step Count: 9810896 | Episode Q0:    42.82
Episode: 6169/7000 | Episode reward:  1075.04 | Episode steps: 2500 | Average reward:  1001.58 | Step Count: 9813396 | Episode Q0:    42.82
Episode: 6170/7000 | Episode reward:   618.80 | Episode steps: 1649 | Average reward:   957.47 | Step Count: 9815045 | Episode Q0:    42.82
Episode: 6171/7000 | Episode reward:   952.37 | Episode steps: 2500 | Average reward:   961.98 | Step Count: 9817545 | Episode Q0:    42.82
Episode: 6172/7000 | Episode reward:  1162.31 | Episode steps: 2500 | Average reward:   975.08 | Step Count: 9820045 | Episode Q0:    42.82
Episode: 6173/7000 | Episode reward:  1052.72 | Episode steps: 2500 | Average reward:   977.95 | Step Count: 9822545 | Episode Q0:    42.82
Episode: 6174/7000 | Episode reward:   950.75 | Episode steps: 2500 | Average reward:   977.93 | Step Count: 9825045 | Episode Q0:    42.82
Episode: 6175/7000 | Episode reward:  1026.56 | Episode steps: 2500 | Average reward:   981.50 | Step Count: 9827545 | Episode Q0:    42.82
Episode: 6176/7000 | Episode reward:  1030.19 | Episode steps: 2500 | Average reward:   989.18 | Step Count: 9830045 | Episode Q0:    42.82
Episode: 6177/7000 | Episode reward:   970.89 | Episode steps: 2500 | Average reward:   981.05 | Step Count: 9832545 | Episode Q0:    42.82
Episode: 6178/7000 | Episode reward:  1137.87 | Episode steps: 2500 | Average reward:   997.75 | Step Count: 9835045 | Episode Q0:    42.82
Episode: 6179/7000 | Episode reward:  1156.24 | Episode steps: 2500 | Average reward:  1005.87 | Step Count: 9837545 | Episode Q0:    42.82
Episode: 6180/7000 | Episode reward:  1053.82 | Episode steps: 2500 | Average reward:  1049.37 | Step Count: 9840045 | Episode Q0:    42.82
Episode: 6181/7000 | Episode reward:  1043.85 | Episode steps: 2500 | Average reward:  1058.52 | Step Count: 9842545 | Episode Q0:    42.82
Episode: 6182/7000 | Episode reward:  1022.06 | Episode steps: 2500 | Average reward:  1044.49 | Step Count: 9845045 | Episode Q0:    42.82
Episode: 6183/7000 | Episode reward:   978.71 | Episode steps: 2500 | Average reward:  1037.09 | Step Count: 9847545 | Episode Q0:    42.82
Episode: 6184/7000 | Episode reward:  1007.37 | Episode steps: 2500 | Average reward:  1042.76 | Step Count: 9850045 | Episode Q0:    42.82
Episode: 6185/7000 | Episode reward:  1165.87 | Episode steps: 2500 | Average reward:  1056.69 | Step Count: 9852545 | Episode Q0:    42.82
Episode: 6186/7000 | Episode reward:   949.90 | Episode steps: 2500 | Average reward:  1048.66 | Step Count: 9855045 | Episode Q0:    42.82
Episode: 6187/7000 | Episode reward:   991.16 | Episode steps: 2500 | Average reward:  1050.69 | Step Count: 9857545 | Episode Q0:    42.82
Episode: 6188/7000 | Episode reward:   964.43 | Episode steps: 2500 | Average reward:  1033.34 | Step Count: 9860045 | Episode Q0:    42.82
Episode: 6189/7000 | Episode reward:  1028.34 | Episode steps: 2500 | Average reward:  1020.55 | Step Count: 9862545 | Episode Q0:    42.82
Episode: 6190/7000 | Episode reward:   934.90 | Episode steps: 2500 | Average reward:  1008.66 | Step Count: 9865045 | Episode Q0:    33.86
Episode: 6191/7000 | Episode reward:   982.05 | Episode steps: 2500 | Average reward:  1002.48 | Step Count: 9867545 | Episode Q0:    33.86
Episode: 6192/7000 | Episode reward:  1045.15 | Episode steps: 2500 | Average reward:  1004.79 | Step Count: 9870045 | Episode Q0:    33.86
Episode: 6193/7000 | Episode reward:  1112.34 | Episode steps: 2500 | Average reward:  1018.15 | Step Count: 9872545 | Episode Q0:    33.86
Episode: 6194/7000 | Episode reward:   995.94 | Episode steps: 2500 | Average reward:  1017.01 | Step Count: 9875045 | Episode Q0:    33.86
Episode: 6195/7000 | Episode reward:  1173.30 | Episode steps: 2500 | Average reward:  1017.75 | Step Count: 9877545 | Episode Q0:    33.86
Episode: 6196/7000 | Episode reward:   913.60 | Episode steps: 2500 | Average reward:  1014.12 | Step Count: 9880045 | Episode Q0:    33.86
Episode: 6197/7000 | Episode reward:    66.00 | Episode steps:  195 | Average reward:   921.61 | Step Count: 9880240 | Episode Q0:    33.86
Episode: 6198/7000 | Episode reward:   971.21 | Episode steps: 2500 | Average reward:   922.28 | Step Count: 9882740 | Episode Q0:    33.86
Episode: 6199/7000 | Episode reward:   756.26 | Episode steps: 2500 | Average reward:   895.08 | Step Count: 9885240 | Episode Q0:    33.86
Episode: 6200/7000 | Episode reward:   928.45 | Episode steps: 2500 | Average reward:   894.43 | Step Count: 9887740 | Episode Q0:    33.86
Episode: 6201/7000 | Episode reward:  1030.34 | Episode steps: 2500 | Average reward:   899.26 | Step Count: 9890240 | Episode Q0:    33.86
Episode: 6202/7000 | Episode reward:  1089.95 | Episode steps: 2500 | Average reward:   903.74 | Step Count: 9892740 | Episode Q0:    33.86
Episode: 6203/7000 | Episode reward:   988.43 | Episode steps: 2500 | Average reward:   891.35 | Step Count: 9895240 | Episode Q0:    33.86
Episode: 6204/7000 | Episode reward:  1008.52 | Episode steps: 2500 | Average reward:   892.61 | Step Count: 9897740 | Episode Q0:    33.86
Episode: 6205/7000 | Episode reward:  1031.36 | Episode steps: 2500 | Average reward:   878.41 | Step Count: 9900240 | Episode Q0:    33.86
Episode: 6206/7000 | Episode reward:  1080.37 | Episode steps: 2500 | Average reward:   895.09 | Step Count: 9902740 | Episode Q0:    38.51
Episode: 6207/7000 | Episode reward:   825.04 | Episode steps: 2500 | Average reward:   970.99 | Step Count: 9905240 | Episode Q0:    38.51
Episode: 6208/7000 | Episode reward:  1039.16 | Episode steps: 2500 | Average reward:   977.79 | Step Count: 9907740 | Episode Q0:    38.51
Episode: 6209/7000 | Episode reward:  1039.98 | Episode steps: 2500 | Average reward:  1006.16 | Step Count: 9910240 | Episode Q0:    38.51
Episode: 6210/7000 | Episode reward:  1039.15 | Episode steps: 2500 | Average reward:  1017.23 | Step Count: 9912740 | Episode Q0:    38.51
Episode: 6211/7000 | Episode reward:  1026.86 | Episode steps: 2500 | Average reward:  1016.88 | Step Count: 9915240 | Episode Q0:    38.51
Episode: 6212/7000 | Episode reward:  1037.31 | Episode steps: 2500 | Average reward:  1011.62 | Step Count: 9917740 | Episode Q0:    38.51
Episode: 6213/7000 | Episode reward:   841.52 | Episode steps: 2500 | Average reward:   996.93 | Step Count: 9920240 | Episode Q0:    38.51
Episode: 6214/7000 | Episode reward:  1139.93 | Episode steps: 2500 | Average reward:  1010.07 | Step Count: 9922740 | Episode Q0:    38.51
Episode: 6215/7000 | Episode reward:   894.82 | Episode steps: 2500 | Average reward:   996.41 | Step Count: 9925240 | Episode Q0:    38.51
Episode: 6216/7000 | Episode reward:   772.50 | Episode steps: 2500 | Average reward:   965.63 | Step Count: 9927740 | Episode Q0:    38.51
Episode: 6217/7000 | Episode reward:  1061.85 | Episode steps: 2500 | Average reward:   989.31 | Step Count: 9930240 | Episode Q0:    38.51
Episode: 6218/7000 | Episode reward:   999.96 | Episode steps: 2500 | Average reward:   985.39 | Step Count: 9932740 | Episode Q0:    38.51
Episode: 6219/7000 | Episode reward:  1032.40 | Episode steps: 2500 | Average reward:   984.63 | Step Count: 9935240 | Episode Q0:    38.51
Episode: 6220/7000 | Episode reward:   856.80 | Episode steps: 2500 | Average reward:   966.40 | Step Count: 9937740 | Episode Q0:    38.51
Episode: 6221/7000 | Episode reward:   917.16 | Episode steps: 2500 | Average reward:   955.43 | Step Count: 9940240 | Episode Q0:    38.51
Episode: 6222/7000 | Episode reward:  1121.08 | Episode steps: 2500 | Average reward:   963.80 | Step Count: 9942740 | Episode Q0:    38.51
Episode: 6223/7000 | Episode reward:  1017.99 | Episode steps: 2500 | Average reward:   981.45 | Step Count: 9945240 | Episode Q0:    38.51
Episode: 6224/7000 | Episode reward:  1092.24 | Episode steps: 2500 | Average reward:   976.68 | Step Count: 9947740 | Episode Q0:    38.51
Episode: 6225/7000 | Episode reward:  1131.60 | Episode steps: 2500 | Average reward:  1000.36 | Step Count: 9950240 | Episode Q0:    38.51
Episode: 6226/7000 | Episode reward:   919.59 | Episode steps: 2500 | Average reward:  1015.07 | Step Count: 9952740 | Episode Q0:    38.51
Episode: 6227/7000 | Episode reward:   897.05 | Episode steps: 2500 | Average reward:   998.59 | Step Count: 9955240 | Episode Q0:    38.51
Episode: 6228/7000 | Episode reward:   999.40 | Episode steps: 2500 | Average reward:   998.53 | Step Count: 9957740 | Episode Q0:    38.51
Episode: 6229/7000 | Episode reward:  1028.70 | Episode steps: 2500 | Average reward:   998.16 | Step Count: 9960240 | Episode Q0:    38.51
Episode: 6230/7000 | Episode reward:   998.17 | Episode steps: 2500 | Average reward:  1012.30 | Step Count: 9962740 | Episode Q0:    38.51
Episode: 6231/7000 | Episode reward:  1019.57 | Episode steps: 2500 | Average reward:  1022.54 | Step Count: 9965240 | Episode Q0:    38.51
Episode: 6232/7000 | Episode reward:  1108.87 | Episode steps: 2500 | Average reward:  1021.32 | Step Count: 9967740 | Episode Q0:    38.51
Episode: 6233/7000 | Episode reward:  1012.15 | Episode steps: 2500 | Average reward:  1020.73 | Step Count: 9970240 | Episode Q0:    38.51
Episode: 6234/7000 | Episode reward:  1027.38 | Episode steps: 2500 | Average reward:  1014.25 | Step Count: 9972740 | Episode Q0:    41.84
Episode: 6235/7000 | Episode reward:  1081.48 | Episode steps: 2500 | Average reward:  1009.24 | Step Count: 9975240 | Episode Q0:    41.84
Episode: 6236/7000 | Episode reward:  1077.10 | Episode steps: 2500 | Average reward:  1024.99 | Step Count: 9977740 | Episode Q0:    41.84
Episode: 6237/7000 | Episode reward:  1191.03 | Episode steps: 2500 | Average reward:  1054.38 | Step Count: 9980240 | Episode Q0:    41.84
Episode: 6238/7000 | Episode reward:  1014.66 | Episode steps: 2500 | Average reward:  1055.91 | Step Count: 9982740 | Episode Q0:    41.84
Episode: 6239/7000 | Episode reward:   199.67 | Episode steps:  458 | Average reward:   973.01 | Step Count: 9983198 | Episode Q0:    41.84
Episode: 6240/7000 | Episode reward:   882.98 | Episode steps: 2500 | Average reward:   961.49 | Step Count: 9985698 | Episode Q0:    41.84
Episode: 6241/7000 | Episode reward:  1007.37 | Episode steps: 2500 | Average reward:   960.27 | Step Count: 9988198 | Episode Q0:    41.84
Episode: 6242/7000 | Episode reward:  1046.76 | Episode steps: 2500 | Average reward:   954.06 | Step Count: 9990698 | Episode Q0:    41.84
Episode: 6243/7000 | Episode reward:   840.09 | Episode steps: 2500 | Average reward:   936.85 | Step Count: 9993198 | Episode Q0:    41.84
Episode: 6244/7000 | Episode reward:  1041.02 | Episode steps: 2500 | Average reward:   938.21 | Step Count: 9995698 | Episode Q0:    41.84
Episode: 6245/7000 | Episode reward:  1071.63 | Episode steps: 2500 | Average reward:   937.23 | Step Count: 9998198 | Episode Q0:    41.84
Episode: 6246/7000 | Episode reward:  1077.53 | Episode steps: 2500 | Average reward:   937.27 | Step Count: 10000698 | Episode Q0:    41.84
Episode: 6247/7000 | Episode reward:   909.44 | Episode steps: 2500 | Average reward:   909.11 | Step Count: 10003198 | Episode Q0:    41.84
Episode: 6248/7000 | Episode reward:   988.83 | Episode steps: 2500 | Average reward:   906.53 | Step Count: 10005698 | Episode Q0:    41.84
Episode: 6249/7000 | Episode reward:  1115.09 | Episode steps: 2500 | Average reward:   998.07 | Step Count: 10008198 | Episode Q0:    41.84
Episode: 6250/7000 | Episode reward:   149.57 | Episode steps:  374 | Average reward:   924.73 | Step Count: 10008572 | Episode Q0:    41.84
Episode: 6251/7000 | Episode reward:    93.07 | Episode steps:  218 | Average reward:   833.30 | Step Count: 10008790 | Episode Q0:    41.84
Episode: 6252/7000 | Episode reward:   992.36 | Episode steps: 2500 | Average reward:   827.86 | Step Count: 10011290 | Episode Q0:    45.26
Episode: 6253/7000 | Episode reward:  1103.97 | Episode steps: 2500 | Average reward:   854.25 | Step Count: 10013790 | Episode Q0:    45.26
Episode: 6254/7000 | Episode reward:   832.54 | Episode steps: 2139 | Average reward:   833.40 | Step Count: 10015929 | Episode Q0:    45.26
Episode: 6255/7000 | Episode reward:   937.38 | Episode steps: 2500 | Average reward:   819.98 | Step Count: 10018429 | Episode Q0:    45.26
Episode: 6256/7000 | Episode reward:  1147.14 | Episode steps: 2500 | Average reward:   826.94 | Step Count: 10020929 | Episode Q0:    45.26
Episode: 6257/7000 | Episode reward:   766.47 | Episode steps: 2500 | Average reward:   812.64 | Step Count: 10023429 | Episode Q0:    45.26
Episode: 6258/7000 | Episode reward:  1070.67 | Episode steps: 2500 | Average reward:   820.83 | Step Count: 10025929 | Episode Q0:    45.26
Episode: 6259/7000 | Episode reward:   992.87 | Episode steps: 2500 | Average reward:   808.60 | Step Count: 10028429 | Episode Q0:    45.26
Episode: 6260/7000 | Episode reward:   983.47 | Episode steps: 2500 | Average reward:   891.99 | Step Count: 10030929 | Episode Q0:    45.26
Episode: 6261/7000 | Episode reward:  1193.26 | Episode steps: 2500 | Average reward:  1002.01 | Step Count: 10033429 | Episode Q0:    45.26
Episode: 6262/7000 | Episode reward:  1043.14 | Episode steps: 2500 | Average reward:  1007.09 | Step Count: 10035929 | Episode Q0:    45.26
Episode: 6263/7000 | Episode reward:   966.67 | Episode steps: 2500 | Average reward:   993.36 | Step Count: 10038429 | Episode Q0:    45.26
Episode: 6264/7000 | Episode reward:   919.25 | Episode steps: 2500 | Average reward:  1002.03 | Step Count: 10040929 | Episode Q0:    45.26
Episode: 6265/7000 | Episode reward:   890.53 | Episode steps: 2500 | Average reward:   997.35 | Step Count: 10043429 | Episode Q0:    45.26
Episode: 6266/7000 | Episode reward:   973.87 | Episode steps: 2500 | Average reward:   980.02 | Step Count: 10045929 | Episode Q0:    45.26
Episode: 6267/7000 | Episode reward:   871.13 | Episode steps: 2500 | Average reward:   990.49 | Step Count: 10048429 | Episode Q0:    45.26
Episode: 6268/7000 | Episode reward:   444.57 | Episode steps:  910 | Average reward:   927.88 | Step Count: 10049339 | Episode Q0:    45.26
Episode: 6269/7000 | Episode reward:   955.55 | Episode steps: 2500 | Average reward:   924.14 | Step Count: 10051839 | Episode Q0:    45.26
Episode: 6270/7000 | Episode reward:   982.93 | Episode steps: 2500 | Average reward:   924.09 | Step Count: 10054339 | Episode Q0:    45.26
Episode: 6271/7000 | Episode reward:   960.56 | Episode steps: 2500 | Average reward:   900.82 | Step Count: 10056839 | Episode Q0:    45.26
Episode: 6272/7000 | Episode reward:  1076.53 | Episode steps: 2500 | Average reward:   904.16 | Step Count: 10059339 | Episode Q0:    45.26
Episode: 6273/7000 | Episode reward:  1191.84 | Episode steps: 2500 | Average reward:   926.68 | Step Count: 10061839 | Episode Q0:    45.26
Episode: 6274/7000 | Episode reward:  1106.26 | Episode steps: 2500 | Average reward:   945.38 | Step Count: 10064339 | Episode Q0:    45.26
Episode: 6275/7000 | Episode reward:  1121.84 | Episode steps: 2500 | Average reward:   968.51 | Step Count: 10066839 | Episode Q0:    45.26
Episode: 6276/7000 | Episode reward:  1178.96 | Episode steps: 2500 | Average reward:   989.02 | Step Count: 10069339 | Episode Q0:    45.26
Episode: 6277/7000 | Episode reward:  1076.49 | Episode steps: 2500 | Average reward:  1009.55 | Step Count: 10071839 | Episode Q0:    45.26
Episode: 6278/7000 | Episode reward:   261.48 | Episode steps:  751 | Average reward:   991.24 | Step Count: 10072590 | Episode Q0:    45.26
Episode: 6279/7000 | Episode reward:   320.47 | Episode steps:  804 | Average reward:   927.74 | Step Count: 10073394 | Episode Q0:    45.38
Episode: 6280/7000 | Episode reward:   170.47 | Episode steps:  403 | Average reward:   846.49 | Step Count: 10073797 | Episode Q0:    45.38
Episode: 6281/7000 | Episode reward:    73.35 | Episode steps:  176 | Average reward:   757.77 | Step Count: 10073973 | Episode Q0:    45.38
Episode: 6282/7000 | Episode reward:   271.62 | Episode steps:  519 | Average reward:   677.28 | Step Count: 10074492 | Episode Q0:    45.38
Episode: 6283/7000 | Episode reward:   164.01 | Episode steps:  332 | Average reward:   574.50 | Step Count: 10074824 | Episode Q0:    45.38
Episode: 6284/7000 | Episode reward:    93.01 | Episode steps:  241 | Average reward:   473.17 | Step Count: 10075065 | Episode Q0:    45.38
Episode: 6285/7000 | Episode reward:   129.94 | Episode steps:  372 | Average reward:   373.98 | Step Count: 10075437 | Episode Q0:    45.38
Episode: 6286/7000 | Episode reward:   755.40 | Episode steps: 1952 | Average reward:   331.62 | Step Count: 10077389 | Episode Q0:    45.38
Episode: 6287/7000 | Episode reward:    74.32 | Episode steps:  205 | Average reward:   231.41 | Step Count: 10077594 | Episode Q0:    45.38
Episode: 6288/7000 | Episode reward:   158.05 | Episode steps:  542 | Average reward:   221.06 | Step Count: 10078136 | Episode Q0:    45.38
Episode: 6289/7000 | Episode reward:   453.08 | Episode steps:  918 | Average reward:   234.32 | Step Count: 10079054 | Episode Q0:    45.38
Episode: 6290/7000 | Episode reward:   690.77 | Episode steps: 1651 | Average reward:   286.35 | Step Count: 10080705 | Episode Q0:    45.38
Episode: 6291/7000 | Episode reward:   700.28 | Episode steps: 1807 | Average reward:   349.05 | Step Count: 10082512 | Episode Q0:    45.38
Episode: 6292/7000 | Episode reward:   241.56 | Episode steps:  716 | Average reward:   346.04 | Step Count: 10083228 | Episode Q0:    45.38
Episode: 6293/7000 | Episode reward:    60.12 | Episode steps:  184 | Average reward:   335.65 | Step Count: 10083412 | Episode Q0:    45.38
Episode: 6294/7000 | Episode reward:   274.03 | Episode steps:  861 | Average reward:   353.75 | Step Count: 10084273 | Episode Q0:    45.38
Episode: 6295/7000 | Episode reward:   672.75 | Episode steps: 1604 | Average reward:   408.04 | Step Count: 10085877 | Episode Q0:    45.38
Episode: 6296/7000 | Episode reward:   128.86 | Episode steps:  279 | Average reward:   345.38 | Step Count: 10086156 | Episode Q0:    45.38
Episode: 6297/7000 | Episode reward:   972.89 | Episode steps: 2500 | Average reward:   435.24 | Step Count: 10088656 | Episode Q0:    47.61
Episode: 6298/7000 | Episode reward:  1029.99 | Episode steps: 2500 | Average reward:   522.43 | Step Count: 10091156 | Episode Q0:    47.61
Episode: 6299/7000 | Episode reward:  1070.46 | Episode steps: 2500 | Average reward:   584.17 | Step Count: 10093656 | Episode Q0:    47.61
Episode: 6300/7000 | Episode reward:   767.02 | Episode steps: 2500 | Average reward:   591.80 | Step Count: 10096156 | Episode Q0:    47.61
Episode: 6301/7000 | Episode reward:   815.77 | Episode steps: 2500 | Average reward:   603.34 | Step Count: 10098656 | Episode Q0:    47.61
Episode: 6302/7000 | Episode reward:   895.73 | Episode steps: 2500 | Average reward:   668.76 | Step Count: 10101156 | Episode Q0:    47.61
Episode: 6303/7000 | Episode reward:   986.59 | Episode steps: 2500 | Average reward:   761.41 | Step Count: 10103656 | Episode Q0:    47.61
Episode: 6304/7000 | Episode reward:   946.76 | Episode steps: 2500 | Average reward:   828.68 | Step Count: 10106156 | Episode Q0:    47.61
Episode: 6305/7000 | Episode reward:   835.55 | Episode steps: 2500 | Average reward:   844.96 | Step Count: 10108656 | Episode Q0:    47.61
Episode: 6306/7000 | Episode reward:   866.34 | Episode steps: 2500 | Average reward:   918.71 | Step Count: 10111156 | Episode Q0:    47.61
Episode: 6307/7000 | Episode reward:   299.05 | Episode steps:  521 | Average reward:   851.33 | Step Count: 10111677 | Episode Q0:    47.61
Episode: 6308/7000 | Episode reward:   747.88 | Episode steps: 1905 | Average reward:   823.11 | Step Count: 10113582 | Episode Q0:    47.61
Episode: 6309/7000 | Episode reward:   909.59 | Episode steps: 2500 | Average reward:   807.03 | Step Count: 10116082 | Episode Q0:    47.61
Episode: 6310/7000 | Episode reward:  1048.93 | Episode steps: 2500 | Average reward:   835.22 | Step Count: 10118582 | Episode Q0:    47.61
Episode: 6311/7000 | Episode reward:   843.21 | Episode steps: 2500 | Average reward:   837.96 | Step Count: 10121082 | Episode Q0:    47.61
Episode: 6312/7000 | Episode reward:   541.92 | Episode steps: 1379 | Average reward:   802.58 | Step Count: 10122461 | Episode Q0:    47.61
Episode: 6313/7000 | Episode reward:   552.80 | Episode steps: 1407 | Average reward:   759.20 | Step Count: 10123868 | Episode Q0:    47.61
Episode: 6314/7000 | Episode reward:  1078.32 | Episode steps: 2500 | Average reward:   772.36 | Step Count: 10126368 | Episode Q0:    47.61
Episode: 6315/7000 | Episode reward:   846.36 | Episode steps: 1979 | Average reward:   773.44 | Step Count: 10128347 | Episode Q0:    47.61
Episode: 6316/7000 | Episode reward:   995.72 | Episode steps: 2500 | Average reward:   786.38 | Step Count: 10130847 | Episode Q0:    47.61
Episode: 6317/7000 | Episode reward:  1025.72 | Episode steps: 2500 | Average reward:   859.05 | Step Count: 10133347 | Episode Q0:    47.61
Episode: 6318/7000 | Episode reward:   946.84 | Episode steps: 2500 | Average reward:   878.94 | Step Count: 10135847 | Episode Q0:    47.61
Episode: 6319/7000 | Episode reward:   899.37 | Episode steps: 2500 | Average reward:   877.92 | Step Count: 10138347 | Episode Q0:    47.61
Episode: 6320/7000 | Episode reward:   916.39 | Episode steps: 2399 | Average reward:   864.67 | Step Count: 10140746 | Episode Q0:    47.61
Episode: 6321/7000 | Episode reward:   682.79 | Episode steps: 1286 | Average reward:   848.62 | Step Count: 10142032 | Episode Q0:    47.61
Episode: 6322/7000 | Episode reward:   931.34 | Episode steps: 2500 | Average reward:   887.57 | Step Count: 10144532 | Episode Q0:    47.61
Episode: 6323/7000 | Episode reward:   998.47 | Episode steps: 2500 | Average reward:   932.13 | Step Count: 10147032 | Episode Q0:    47.32
Episode: 6324/7000 | Episode reward:  1191.19 | Episode steps: 2500 | Average reward:   943.42 | Step Count: 10149532 | Episode Q0:    47.32
Episode: 6325/7000 | Episode reward:   966.95 | Episode steps: 2500 | Average reward:   955.48 | Step Count: 10152032 | Episode Q0:    47.32
Episode: 6326/7000 | Episode reward:  1037.69 | Episode steps: 2500 | Average reward:   959.67 | Step Count: 10154532 | Episode Q0:    47.32
Episode: 6327/7000 | Episode reward:  1038.97 | Episode steps: 2500 | Average reward:   961.00 | Step Count: 10157032 | Episode Q0:    47.32
Episode: 6328/7000 | Episode reward:  1043.58 | Episode steps: 2500 | Average reward:   970.67 | Step Count: 10159532 | Episode Q0:    47.32
Episode: 6329/7000 | Episode reward:  1029.45 | Episode steps: 2500 | Average reward:   983.68 | Step Count: 10162032 | Episode Q0:    47.32
Episode: 6330/7000 | Episode reward:   944.87 | Episode steps: 2500 | Average reward:   986.53 | Step Count: 10164532 | Episode Q0:    47.32
Episode: 6331/7000 | Episode reward:   885.95 | Episode steps: 2500 | Average reward:  1006.84 | Step Count: 10167032 | Episode Q0:    47.32
Episode: 6332/7000 | Episode reward:  1054.62 | Episode steps: 2500 | Average reward:  1019.17 | Step Count: 10169532 | Episode Q0:    47.32
Episode: 6333/7000 | Episode reward:   829.96 | Episode steps: 2500 | Average reward:  1002.32 | Step Count: 10172032 | Episode Q0:    47.32
Episode: 6334/7000 | Episode reward:   998.73 | Episode steps: 2500 | Average reward:   983.08 | Step Count: 10174532 | Episode Q0:    47.32
Episode: 6335/7000 | Episode reward:  1066.36 | Episode steps: 2500 | Average reward:   993.02 | Step Count: 10177032 | Episode Q0:    47.32
Episode: 6336/7000 | Episode reward:  1229.04 | Episode steps: 2500 | Average reward:  1012.15 | Step Count: 10179532 | Episode Q0:    47.32
Episode: 6337/7000 | Episode reward:  1007.73 | Episode steps: 2500 | Average reward:  1009.03 | Step Count: 10182032 | Episode Q0:    47.32
Episode: 6338/7000 | Episode reward:   920.66 | Episode steps: 2500 | Average reward:   996.74 | Step Count: 10184532 | Episode Q0:    47.32
Episode: 6339/7000 | Episode reward:   865.70 | Episode steps: 2500 | Average reward:   980.36 | Step Count: 10187032 | Episode Q0:    47.32
Episode: 6340/7000 | Episode reward:   744.07 | Episode steps: 2500 | Average reward:   960.28 | Step Count: 10189532 | Episode Q0:    47.32
Episode: 6341/7000 | Episode reward:  1044.39 | Episode steps: 2500 | Average reward:   976.13 | Step Count: 10192032 | Episode Q0:    50.26
Episode: 6342/7000 | Episode reward:   974.87 | Episode steps: 2500 | Average reward:   968.15 | Step Count: 10194532 | Episode Q0:    50.26
Episode: 6343/7000 | Episode reward:  1004.40 | Episode steps: 2500 | Average reward:   985.60 | Step Count: 10197032 | Episode Q0:    50.26
Episode: 6344/7000 | Episode reward:  1028.42 | Episode steps: 2500 | Average reward:   988.57 | Step Count: 10199532 | Episode Q0:    50.26
Episode: 6345/7000 | Episode reward:   316.69 | Episode steps:  806 | Average reward:   913.60 | Step Count: 10200338 | Episode Q0:    50.26
Episode: 6346/7000 | Episode reward:  1109.75 | Episode steps: 2500 | Average reward:   901.67 | Step Count: 10202838 | Episode Q0:    50.26
Episode: 6347/7000 | Episode reward:  1064.99 | Episode steps: 2500 | Average reward:   907.40 | Step Count: 10205338 | Episode Q0:    50.26
Episode: 6348/7000 | Episode reward:   931.54 | Episode steps: 2500 | Average reward:   908.48 | Step Count: 10207838 | Episode Q0:    50.26
Episode: 6349/7000 | Episode reward:   280.99 | Episode steps:  543 | Average reward:   850.01 | Step Count: 10208381 | Episode Q0:    50.26
Episode: 6350/7000 | Episode reward:   954.55 | Episode steps: 2500 | Average reward:   871.06 | Step Count: 10210881 | Episode Q0:    50.26
Episode: 6351/7000 | Episode reward:   901.20 | Episode steps: 2082 | Average reward:   856.74 | Step Count: 10212963 | Episode Q0:    50.26
Episode: 6352/7000 | Episode reward:  1009.99 | Episode steps: 2500 | Average reward:   860.25 | Step Count: 10215463 | Episode Q0:    50.26
Episode: 6353/7000 | Episode reward:  1075.52 | Episode steps: 2500 | Average reward:   867.36 | Step Count: 10217963 | Episode Q0:    50.26
Episode: 6354/7000 | Episode reward:   453.67 | Episode steps:  839 | Average reward:   809.89 | Step Count: 10218802 | Episode Q0:    50.26
Episode: 6355/7000 | Episode reward:   889.02 | Episode steps: 1838 | Average reward:   867.12 | Step Count: 10220640 | Episode Q0:    50.26
Episode: 6356/7000 | Episode reward:  1078.60 | Episode steps: 2500 | Average reward:   864.01 | Step Count: 10223140 | Episode Q0:    50.26
Episode: 6357/7000 | Episode reward:   906.21 | Episode steps: 2500 | Average reward:   848.13 | Step Count: 10225640 | Episode Q0:    50.26
Episode: 6358/7000 | Episode reward:  1181.84 | Episode steps: 2500 | Average reward:   873.16 | Step Count: 10228140 | Episode Q0:    50.26
Episode: 6359/7000 | Episode reward:   963.34 | Episode steps: 2500 | Average reward:   941.39 | Step Count: 10230640 | Episode Q0:    50.26
Episode: 6360/7000 | Episode reward:  1053.34 | Episode steps: 2500 | Average reward:   951.27 | Step Count: 10233140 | Episode Q0:    50.26
Episode: 6361/7000 | Episode reward:  1066.50 | Episode steps: 2500 | Average reward:   967.80 | Step Count: 10235640 | Episode Q0:    50.26
Episode: 6362/7000 | Episode reward:  1089.01 | Episode steps: 2500 | Average reward:   975.71 | Step Count: 10238140 | Episode Q0:    50.26
Episode: 6363/7000 | Episode reward:   967.48 | Episode steps: 2500 | Average reward:   964.90 | Step Count: 10240640 | Episode Q0:    50.26
Episode: 6364/7000 | Episode reward:  1044.79 | Episode steps: 2500 | Average reward:  1024.01 | Step Count: 10243140 | Episode Q0:    50.26
Episode: 6365/7000 | Episode reward:  1069.62 | Episode steps: 2500 | Average reward:  1042.07 | Step Count: 10245640 | Episode Q0:    50.26
Episode: 6366/7000 | Episode reward:  1182.02 | Episode steps: 2500 | Average reward:  1052.42 | Step Count: 10248140 | Episode Q0:    50.26
Episode: 6367/7000 | Episode reward:    84.77 | Episode steps:  214 | Average reward:   970.27 | Step Count: 10248354 | Episode Q0:    50.26
Episode: 6368/7000 | Episode reward:   496.16 | Episode steps: 1180 | Average reward:   901.70 | Step Count: 10249534 | Episode Q0:    50.26
Episode: 6369/7000 | Episode reward:  1219.21 | Episode steps: 2500 | Average reward:   927.29 | Step Count: 10252034 | Episode Q0:    43.01
Episode: 6370/7000 | Episode reward:   376.00 | Episode steps:  750 | Average reward:   859.56 | Step Count: 10252784 | Episode Q0:    43.01
Episode: 6371/7000 | Episode reward:    45.05 | Episode steps:  150 | Average reward:   757.41 | Step Count: 10252934 | Episode Q0:    43.01
Episode: 6372/7000 | Episode reward:  1263.87 | Episode steps: 2500 | Average reward:   774.90 | Step Count: 10255434 | Episode Q0:    43.01
Episode: 6373/7000 | Episode reward:  1280.73 | Episode steps: 2500 | Average reward:   806.22 | Step Count: 10257934 | Episode Q0:    43.01
Episode: 6374/7000 | Episode reward:    83.53 | Episode steps:  217 | Average reward:   710.10 | Step Count: 10258151 | Episode Q0:    43.01
Episode: 6375/7000 | Episode reward:   520.15 | Episode steps:  896 | Average reward:   655.15 | Step Count: 10259047 | Episode Q0:    43.01
Episode: 6376/7000 | Episode reward:   602.97 | Episode steps: 1371 | Average reward:   597.24 | Step Count: 10260418 | Episode Q0:    43.01
Episode: 6377/7000 | Episode reward:    36.37 | Episode steps:  153 | Average reward:   592.40 | Step Count: 10260571 | Episode Q0:    43.01
Episode: 6378/7000 | Episode reward:   345.08 | Episode steps:  844 | Average reward:   577.30 | Step Count: 10261415 | Episode Q0:    43.01
Episode: 6379/7000 | Episode reward:   429.55 | Episode steps:  912 | Average reward:   498.33 | Step Count: 10262327 | Episode Q0:    43.01
Episode: 6380/7000 | Episode reward:   231.66 | Episode steps:  484 | Average reward:   483.90 | Step Count: 10262811 | Episode Q0:    43.01
Episode: 6381/7000 | Episode reward:   226.68 | Episode steps:  473 | Average reward:   502.06 | Step Count: 10263284 | Episode Q0:    43.01
Episode: 6382/7000 | Episode reward:   298.53 | Episode steps:  575 | Average reward:   405.52 | Step Count: 10263859 | Episode Q0:    43.01
Episode: 6383/7000 | Episode reward:   451.13 | Episode steps:  961 | Average reward:   322.56 | Step Count: 10264820 | Episode Q0:    43.01
Episode: 6384/7000 | Episode reward:   742.52 | Episode steps: 1668 | Average reward:   388.46 | Step Count: 10266488 | Episode Q0:    43.01
Episode: 6385/7000 | Episode reward:  1036.48 | Episode steps: 2500 | Average reward:   440.10 | Step Count: 10268988 | Episode Q0:    48.43
Episode: 6386/7000 | Episode reward:   895.12 | Episode steps: 2500 | Average reward:   469.31 | Step Count: 10271488 | Episode Q0:    48.43
Episode: 6387/7000 | Episode reward:  1014.89 | Episode steps: 2500 | Average reward:   567.16 | Step Count: 10273988 | Episode Q0:    48.43
Episode: 6388/7000 | Episode reward:   982.86 | Episode steps: 2500 | Average reward:   630.94 | Step Count: 10276488 | Episode Q0:    48.43
Episode: 6389/7000 | Episode reward:   927.50 | Episode steps: 2500 | Average reward:   680.74 | Step Count: 10278988 | Episode Q0:    48.43
Episode: 6390/7000 | Episode reward:  1015.77 | Episode steps: 2500 | Average reward:   759.15 | Step Count: 10281488 | Episode Q0:    48.43
Episode: 6391/7000 | Episode reward:  1081.50 | Episode steps: 2500 | Average reward:   844.63 | Step Count: 10283988 | Episode Q0:    48.43
Episode: 6392/7000 | Episode reward:   989.24 | Episode steps: 2500 | Average reward:   913.70 | Step Count: 10286488 | Episode Q0:    48.43
Episode: 6393/7000 | Episode reward:   982.27 | Episode steps: 2500 | Average reward:   966.81 | Step Count: 10288988 | Episode Q0:    48.43
Episode: 6394/7000 | Episode reward:  1078.81 | Episode steps: 2500 | Average reward:  1000.44 | Step Count: 10291488 | Episode Q0:    48.43
Episode: 6395/7000 | Episode reward:   944.70 | Episode steps: 2500 | Average reward:   991.27 | Step Count: 10293988 | Episode Q0:    48.43
Episode: 6396/7000 | Episode reward:   921.49 | Episode steps: 2500 | Average reward:   993.90 | Step Count: 10296488 | Episode Q0:    48.43
Episode: 6397/7000 | Episode reward:  1240.24 | Episode steps: 2500 | Average reward:  1016.44 | Step Count: 10298988 | Episode Q0:    48.43
Episode: 6398/7000 | Episode reward:  1076.46 | Episode steps: 2500 | Average reward:  1025.80 | Step Count: 10301488 | Episode Q0:    48.43
Episode: 6399/7000 | Episode reward:   727.81 | Episode steps: 2500 | Average reward:  1005.83 | Step Count: 10303988 | Episode Q0:    48.43
Episode: 6400/7000 | Episode reward:  1060.89 | Episode steps: 2500 | Average reward:  1010.34 | Step Count: 10306488 | Episode Q0:    48.43
Episode: 6401/7000 | Episode reward:   960.02 | Episode steps: 2500 | Average reward:   998.19 | Step Count: 10308988 | Episode Q0:    48.43
Episode: 6402/7000 | Episode reward:  1013.65 | Episode steps: 2500 | Average reward:  1000.63 | Step Count: 10311488 | Episode Q0:    48.43
Episode: 6403/7000 | Episode reward:   970.11 | Episode steps: 2500 | Average reward:   999.42 | Step Count: 10313988 | Episode Q0:    48.43
Episode: 6404/7000 | Episode reward:   865.98 | Episode steps: 2500 | Average reward:   978.14 | Step Count: 10316488 | Episode Q0:    48.43
Episode: 6405/7000 | Episode reward:    65.50 | Episode steps:  218 | Average reward:   890.22 | Step Count: 10316706 | Episode Q0:    48.43
Episode: 6406/7000 | Episode reward:   875.75 | Episode steps: 2500 | Average reward:   885.64 | Step Count: 10319206 | Episode Q0:    48.43
Episode: 6407/7000 | Episode reward:  1063.62 | Episode steps: 2500 | Average reward:   867.98 | Step Count: 10321706 | Episode Q0:    48.43
Episode: 6408/7000 | Episode reward:  1219.26 | Episode steps: 2500 | Average reward:   882.26 | Step Count: 10324206 | Episode Q0:    48.43
Episode: 6409/7000 | Episode reward:   871.70 | Episode steps: 2500 | Average reward:   896.65 | Step Count: 10326706 | Episode Q0:    48.43
Episode: 6410/7000 | Episode reward:   908.47 | Episode steps: 2500 | Average reward:   881.41 | Step Count: 10329206 | Episode Q0:    48.43
Episode: 6411/7000 | Episode reward:  1033.17 | Episode steps: 2500 | Average reward:   888.72 | Step Count: 10331706 | Episode Q0:    48.43
Episode: 6412/7000 | Episode reward:  1089.18 | Episode steps: 2500 | Average reward:   896.27 | Step Count: 10334206 | Episode Q0:    48.43
Episode: 6413/7000 | Episode reward:   966.59 | Episode steps: 2500 | Average reward:   895.92 | Step Count: 10336706 | Episode Q0:    47.05
Episode: 6414/7000 | Episode reward:   895.22 | Episode steps: 2500 | Average reward:   898.85 | Step Count: 10339206 | Episode Q0:    47.05
Episode: 6415/7000 | Episode reward:  1065.29 | Episode steps: 2500 | Average reward:   998.82 | Step Count: 10341706 | Episode Q0:    47.05
Episode: 6416/7000 | Episode reward:   927.71 | Episode steps: 2500 | Average reward:  1004.02 | Step Count: 10344206 | Episode Q0:    47.05
Episode: 6417/7000 | Episode reward:  1006.99 | Episode steps: 2500 | Average reward:   998.36 | Step Count: 10346706 | Episode Q0:    47.05
Episode: 6418/7000 | Episode reward:   969.54 | Episode steps: 2500 | Average reward:   973.39 | Step Count: 10349206 | Episode Q0:    47.05
Episode: 6419/7000 | Episode reward:   981.38 | Episode steps: 2500 | Average reward:   984.35 | Step Count: 10351706 | Episode Q0:    47.05
Episode: 6420/7000 | Episode reward:   843.39 | Episode steps: 2500 | Average reward:   977.85 | Step Count: 10354206 | Episode Q0:    47.05
Episode: 6421/7000 | Episode reward:   866.05 | Episode steps: 2500 | Average reward:   961.13 | Step Count: 10356706 | Episode Q0:    47.05
Episode: 6422/7000 | Episode reward:   920.11 | Episode steps: 2500 | Average reward:   944.23 | Step Count: 10359206 | Episode Q0:    47.05
Episode: 6423/7000 | Episode reward:  1226.66 | Episode steps: 2500 | Average reward:   970.23 | Step Count: 10361706 | Episode Q0:    47.05
Episode: 6424/7000 | Episode reward:   995.79 | Episode steps: 2500 | Average reward:   980.29 | Step Count: 10364206 | Episode Q0:    47.05
Episode: 6425/7000 | Episode reward:  1081.14 | Episode steps: 2500 | Average reward:   981.88 | Step Count: 10366706 | Episode Q0:    47.05
Episode: 6426/7000 | Episode reward:  1162.72 | Episode steps: 2500 | Average reward:  1005.38 | Step Count: 10369206 | Episode Q0:    47.05
Episode: 6427/7000 | Episode reward:   986.86 | Episode steps: 2500 | Average reward:  1003.36 | Step Count: 10371706 | Episode Q0:    47.05
Episode: 6428/7000 | Episode reward:   885.12 | Episode steps: 2500 | Average reward:   994.92 | Step Count: 10374206 | Episode Q0:    47.05
Episode: 6429/7000 | Episode reward:   188.83 | Episode steps:  322 | Average reward:   915.67 | Step Count: 10374528 | Episode Q0:    47.05
Episode: 6430/7000 | Episode reward:   129.51 | Episode steps:  257 | Average reward:   844.28 | Step Count: 10374785 | Episode Q0:    47.05
Episode: 6431/7000 | Episode reward:   283.27 | Episode steps:  778 | Average reward:   786.00 | Step Count: 10375563 | Episode Q0:    47.05
Episode: 6432/7000 | Episode reward:  1115.10 | Episode steps: 2500 | Average reward:   805.50 | Step Count: 10378063 | Episode Q0:    50.61
Episode: 6433/7000 | Episode reward:  1131.90 | Episode steps: 2500 | Average reward:   796.02 | Step Count: 10380563 | Episode Q0:    50.61
Episode: 6434/7000 | Episode reward:  1049.96 | Episode steps: 2500 | Average reward:   801.44 | Step Count: 10383063 | Episode Q0:    50.61
Episode: 6435/7000 | Episode reward:  1066.17 | Episode steps: 2500 | Average reward:   799.94 | Step Count: 10385563 | Episode Q0:    50.61
Episode: 6436/7000 | Episode reward:   932.23 | Episode steps: 2500 | Average reward:   776.90 | Step Count: 10388063 | Episode Q0:    50.61
Episode: 6437/7000 | Episode reward:  1110.39 | Episode steps: 2500 | Average reward:   789.25 | Step Count: 10390563 | Episode Q0:    50.61
Episode: 6438/7000 | Episode reward:   454.61 | Episode steps:  957 | Average reward:   746.20 | Step Count: 10391520 | Episode Q0:    50.61
Episode: 6439/7000 | Episode reward:   318.44 | Episode steps:  812 | Average reward:   759.16 | Step Count: 10392332 | Episode Q0:    50.61
Episode: 6440/7000 | Episode reward:  1031.25 | Episode steps: 2500 | Average reward:   849.33 | Step Count: 10394832 | Episode Q0:    50.61
Episode: 6441/7000 | Episode reward:   560.61 | Episode steps: 1479 | Average reward:   877.07 | Step Count: 10396311 | Episode Q0:    50.61
Episode: 6442/7000 | Episode reward:    79.66 | Episode steps:  211 | Average reward:   773.52 | Step Count: 10396522 | Episode Q0:    50.61
Episode: 6443/7000 | Episode reward:   457.81 | Episode steps:  948 | Average reward:   706.11 | Step Count: 10397470 | Episode Q0:    50.61
Episode: 6444/7000 | Episode reward:   479.47 | Episode steps:  960 | Average reward:   649.06 | Step Count: 10398430 | Episode Q0:    50.61
Episode: 6445/7000 | Episode reward:   992.12 | Episode steps: 2500 | Average reward:   641.66 | Step Count: 10400930 | Episode Q0:    50.61
Episode: 6446/7000 | Episode reward:  1001.63 | Episode steps: 2500 | Average reward:   648.60 | Step Count: 10403430 | Episode Q0:    50.61
Episode: 6447/7000 | Episode reward:   895.75 | Episode steps: 2500 | Average reward:   627.13 | Step Count: 10405930 | Episode Q0:    50.61
Episode: 6448/7000 | Episode reward:  1130.87 | Episode steps: 2500 | Average reward:   694.76 | Step Count: 10408430 | Episode Q0:    50.61
Episode: 6449/7000 | Episode reward:   252.58 | Episode steps:  876 | Average reward:   688.17 | Step Count: 10409306 | Episode Q0:    50.61
Episode: 6450/7000 | Episode reward:    58.83 | Episode steps:  142 | Average reward:   590.93 | Step Count: 10409448 | Episode Q0:    50.61
Episode: 6451/7000 | Episode reward:   985.92 | Episode steps: 2117 | Average reward:   633.46 | Step Count: 10411565 | Episode Q0:    50.61
Episode: 6452/7000 | Episode reward:   930.41 | Episode steps: 2198 | Average reward:   718.54 | Step Count: 10413763 | Episode Q0:    50.61
Episode: 6453/7000 | Episode reward:  1141.13 | Episode steps: 2500 | Average reward:   786.87 | Step Count: 10416263 | Episode Q0:    50.61
Episode: 6454/7000 | Episode reward:   850.65 | Episode steps: 2500 | Average reward:   823.99 | Step Count: 10418763 | Episode Q0:    50.61
Episode: 6455/7000 | Episode reward:   945.05 | Episode steps: 2500 | Average reward:   819.28 | Step Count: 10421263 | Episode Q0:    50.61
Episode: 6456/7000 | Episode reward:   290.40 | Episode steps:  661 | Average reward:   748.16 | Step Count: 10421924 | Episode Q0:    50.61
Episode: 6457/7000 | Episode reward:   935.87 | Episode steps: 2500 | Average reward:   752.17 | Step Count: 10424424 | Episode Q0:    47.19
Episode: 6458/7000 | Episode reward:   922.26 | Episode steps: 2500 | Average reward:   731.31 | Step Count: 10426924 | Episode Q0:    47.19
Episode: 6459/7000 | Episode reward:  1101.40 | Episode steps: 2500 | Average reward:   816.19 | Step Count: 10429424 | Episode Q0:    47.19
Episode: 6460/7000 | Episode reward:   894.51 | Episode steps: 2500 | Average reward:   899.76 | Step Count: 10431924 | Episode Q0:    47.19
Episode: 6461/7000 | Episode reward:   954.97 | Episode steps: 2500 | Average reward:   896.67 | Step Count: 10434424 | Episode Q0:    47.19
Episode: 6462/7000 | Episode reward:  1088.49 | Episode steps: 2500 | Average reward:   912.47 | Step Count: 10436924 | Episode Q0:    47.19
Episode: 6463/7000 | Episode reward:   908.23 | Episode steps: 2500 | Average reward:   889.18 | Step Count: 10439424 | Episode Q0:    47.19
Episode: 6464/7000 | Episode reward:  1062.19 | Episode steps: 2500 | Average reward:   910.34 | Step Count: 10441924 | Episode Q0:    47.19
Episode: 6465/7000 | Episode reward:  1184.60 | Episode steps: 2500 | Average reward:   934.29 | Step Count: 10444424 | Episode Q0:    47.19
Episode: 6466/7000 | Episode reward:   660.27 | Episode steps: 2500 | Average reward:   971.28 | Step Count: 10446924 | Episode Q0:    47.19
Episode: 6467/7000 | Episode reward:   959.92 | Episode steps: 2500 | Average reward:   973.68 | Step Count: 10449424 | Episode Q0:    47.19
Episode: 6468/7000 | Episode reward:   933.29 | Episode steps: 2500 | Average reward:   974.79 | Step Count: 10451924 | Episode Q0:    47.19
Episode: 6469/7000 | Episode reward:   790.72 | Episode steps: 2500 | Average reward:   943.72 | Step Count: 10454424 | Episode Q0:    47.19
Episode: 6470/7000 | Episode reward:  1007.27 | Episode steps: 2500 | Average reward:   955.00 | Step Count: 10456924 | Episode Q0:    47.19
Episode: 6471/7000 | Episode reward:  1184.91 | Episode steps: 2500 | Average reward:   977.99 | Step Count: 10459424 | Episode Q0:    47.19
Episode: 6472/7000 | Episode reward:   953.84 | Episode steps: 2500 | Average reward:   964.52 | Step Count: 10461924 | Episode Q0:    47.19
Episode: 6473/7000 | Episode reward:   974.67 | Episode steps: 2500 | Average reward:   971.17 | Step Count: 10464424 | Episode Q0:    47.19
Episode: 6474/7000 | Episode reward:   993.70 | Episode steps: 2500 | Average reward:   964.32 | Step Count: 10466924 | Episode Q0:    47.19
Episode: 6475/7000 | Episode reward:   887.47 | Episode steps: 2500 | Average reward:   934.61 | Step Count: 10469424 | Episode Q0:    47.19
Episode: 6476/7000 | Episode reward:    41.88 | Episode steps:  155 | Average reward:   872.77 | Step Count: 10469579 | Episode Q0:    47.19
Episode: 6477/7000 | Episode reward:   159.83 | Episode steps:  392 | Average reward:   792.76 | Step Count: 10469971 | Episode Q0:    47.19
Episode: 6478/7000 | Episode reward:   389.03 | Episode steps:  884 | Average reward:   738.33 | Step Count: 10470855 | Episode Q0:    47.19
Episode: 6479/7000 | Episode reward:   446.18 | Episode steps:  951 | Average reward:   703.88 | Step Count: 10471806 | Episode Q0:    47.19
Episode: 6480/7000 | Episode reward:   370.74 | Episode steps:  845 | Average reward:   640.23 | Step Count: 10472651 | Episode Q0:    47.19
Episode: 6481/7000 | Episode reward:   225.39 | Episode steps:  467 | Average reward:   544.27 | Step Count: 10473118 | Episode Q0:    47.19
Episode: 6482/7000 | Episode reward:    59.52 | Episode steps:  138 | Average reward:   454.84 | Step Count: 10473256 | Episode Q0:    47.19
Episode: 6483/7000 | Episode reward:    44.32 | Episode steps:  127 | Average reward:   361.81 | Step Count: 10473383 | Episode Q0:    47.19
Episode: 6484/7000 | Episode reward:   204.27 | Episode steps:  446 | Average reward:   282.86 | Step Count: 10473829 | Episode Q0:    44.23
Episode: 6485/7000 | Episode reward:   142.09 | Episode steps:  380 | Average reward:   208.32 | Step Count: 10474209 | Episode Q0:    44.23
Episode: 6486/7000 | Episode reward:    54.01 | Episode steps:  169 | Average reward:   209.54 | Step Count: 10474378 | Episode Q0:    44.23
Episode: 6487/7000 | Episode reward:    79.24 | Episode steps:  211 | Average reward:   201.48 | Step Count: 10474589 | Episode Q0:    44.23
Episode: 6488/7000 | Episode reward:    97.39 | Episode steps:  197 | Average reward:   172.31 | Step Count: 10474786 | Episode Q0:    44.23
Episode: 6489/7000 | Episode reward:   274.30 | Episode steps:  523 | Average reward:   155.13 | Step Count: 10475309 | Episode Q0:    44.23
Episode: 6490/7000 | Episode reward:   157.28 | Episode steps:  390 | Average reward:   133.78 | Step Count: 10475699 | Episode Q0:    44.23
Episode: 6491/7000 | Episode reward:   127.33 | Episode steps:  239 | Average reward:   123.98 | Step Count: 10475938 | Episode Q0:    44.23
Episode: 6492/7000 | Episode reward:    65.17 | Episode steps:  190 | Average reward:   124.54 | Step Count: 10476128 | Episode Q0:    44.23
Episode: 6493/7000 | Episode reward:    35.58 | Episode steps:  149 | Average reward:   123.67 | Step Count: 10476277 | Episode Q0:    44.23
Episode: 6494/7000 | Episode reward:   196.84 | Episode steps:  412 | Average reward:   122.92 | Step Count: 10476689 | Episode Q0:    44.23
Episode: 6495/7000 | Episode reward:    32.79 | Episode steps:  148 | Average reward:   111.99 | Step Count: 10476837 | Episode Q0:    44.23
Episode: 6496/7000 | Episode reward:   313.84 | Episode steps:  566 | Average reward:   137.98 | Step Count: 10477403 | Episode Q0:    44.23
Episode: 6497/7000 | Episode reward:    33.27 | Episode steps:  124 | Average reward:   133.38 | Step Count: 10477527 | Episode Q0:    44.23
Episode: 6498/7000 | Episode reward:   129.38 | Episode steps:  381 | Average reward:   136.58 | Step Count: 10477908 | Episode Q0:    44.23
Episode: 6499/7000 | Episode reward:   537.41 | Episode steps: 1150 | Average reward:   162.89 | Step Count: 10479058 | Episode Q0:    44.23
Episode: 6500/7000 | Episode reward:    84.48 | Episode steps:  183 | Average reward:   155.61 | Step Count: 10479241 | Episode Q0:    44.23
Episode: 6501/7000 | Episode reward:   972.25 | Episode steps: 2500 | Average reward:   240.10 | Step Count: 10481741 | Episode Q0:    47.29
Episode: 6502/7000 | Episode reward:   883.85 | Episode steps: 2500 | Average reward:   321.97 | Step Count: 10484241 | Episode Q0:    47.29
Episode: 6503/7000 | Episode reward:  1044.56 | Episode steps: 2500 | Average reward:   422.87 | Step Count: 10486741 | Episode Q0:    47.29
Episode: 6504/7000 | Episode reward:   990.73 | Episode steps: 2500 | Average reward:   502.26 | Step Count: 10489241 | Episode Q0:    47.29
Episode: 6505/7000 | Episode reward:   370.73 | Episode steps:  699 | Average reward:   536.05 | Step Count: 10489940 | Episode Q0:    47.29
Episode: 6506/7000 | Episode reward:   970.60 | Episode steps: 2500 | Average reward:   601.73 | Step Count: 10492440 | Episode Q0:    47.29
Episode: 6507/7000 | Episode reward:  1028.13 | Episode steps: 2500 | Average reward:   701.21 | Step Count: 10494940 | Episode Q0:    47.29
Episode: 6508/7000 | Episode reward:   508.62 | Episode steps: 1020 | Average reward:   739.14 | Step Count: 10495960 | Episode Q0:    47.29
Episode: 6509/7000 | Episode reward:   982.21 | Episode steps: 2500 | Average reward:   783.62 | Step Count: 10498460 | Episode Q0:    47.29
Episode: 6510/7000 | Episode reward:  1191.77 | Episode steps: 2500 | Average reward:   894.35 | Step Count: 10500960 | Episode Q0:    47.29
Episode: 6511/7000 | Episode reward:   957.11 | Episode steps: 2500 | Average reward:   892.83 | Step Count: 10503460 | Episode Q0:    47.29
Episode: 6512/7000 | Episode reward:  1108.81 | Episode steps: 2500 | Average reward:   915.33 | Step Count: 10505960 | Episode Q0:    47.29
Episode: 6513/7000 | Episode reward:  1010.66 | Episode steps: 2500 | Average reward:   911.94 | Step Count: 10508460 | Episode Q0:    47.29
Episode: 6514/7000 | Episode reward:  1040.82 | Episode steps: 2500 | Average reward:   916.95 | Step Count: 10510960 | Episode Q0:    47.29
Episode: 6515/7000 | Episode reward:   971.87 | Episode steps: 2500 | Average reward:   977.06 | Step Count: 10513460 | Episode Q0:    47.29
Episode: 6516/7000 | Episode reward:   358.15 | Episode steps:  677 | Average reward:   915.82 | Step Count: 10514137 | Episode Q0:    47.29
Episode: 6517/7000 | Episode reward:  1040.75 | Episode steps: 2265 | Average reward:   917.08 | Step Count: 10516402 | Episode Q0:    47.29
Episode: 6518/7000 | Episode reward:  1231.87 | Episode steps: 2500 | Average reward:   989.40 | Step Count: 10518902 | Episode Q0:    47.29
Episode: 6519/7000 | Episode reward:   505.39 | Episode steps: 1570 | Average reward:   941.72 | Step Count: 10520472 | Episode Q0:    47.29
Episode: 6520/7000 | Episode reward:   208.18 | Episode steps:  476 | Average reward:   843.36 | Step Count: 10520948 | Episode Q0:    47.29
Episode: 6521/7000 | Episode reward:  1117.23 | Episode steps: 2500 | Average reward:   859.37 | Step Count: 10523448 | Episode Q0:    47.29
Episode: 6522/7000 | Episode reward:  1003.14 | Episode steps: 2500 | Average reward:   848.81 | Step Count: 10525948 | Episode Q0:    47.29
Episode: 6523/7000 | Episode reward:   264.03 | Episode steps:  585 | Average reward:   774.14 | Step Count: 10526533 | Episode Q0:    47.29
Episode: 6524/7000 | Episode reward:   228.63 | Episode steps:  483 | Average reward:   692.92 | Step Count: 10527016 | Episode Q0:    47.29
Episode: 6525/7000 | Episode reward:   243.71 | Episode steps:  556 | Average reward:   620.11 | Step Count: 10527572 | Episode Q0:    47.29
Episode: 6526/7000 | Episode reward:  1009.11 | Episode steps: 2500 | Average reward:   685.20 | Step Count: 10530072 | Episode Q0:    47.29
Episode: 6527/7000 | Episode reward:  1138.27 | Episode steps: 2500 | Average reward:   694.96 | Step Count: 10532572 | Episode Q0:    47.29
Episode: 6528/7000 | Episode reward:   877.98 | Episode steps: 2500 | Average reward:   659.57 | Step Count: 10535072 | Episode Q0:    42.06
Episode: 6529/7000 | Episode reward:  1211.34 | Episode steps: 2500 | Average reward:   730.16 | Step Count: 10537572 | Episode Q0:    42.06
Episode: 6530/7000 | Episode reward:  1076.51 | Episode steps: 2500 | Average reward:   816.99 | Step Count: 10540072 | Episode Q0:    42.06
Episode: 6531/7000 | Episode reward:   997.42 | Episode steps: 2500 | Average reward:   805.01 | Step Count: 10542572 | Episode Q0:    42.06
Episode: 6532/7000 | Episode reward:  1102.94 | Episode steps: 2500 | Average reward:   814.99 | Step Count: 10545072 | Episode Q0:    42.06
Episode: 6533/7000 | Episode reward:  1167.31 | Episode steps: 2500 | Average reward:   905.32 | Step Count: 10547572 | Episode Q0:    42.06
Episode: 6534/7000 | Episode reward:  1081.86 | Episode steps: 2500 | Average reward:   990.65 | Step Count: 10550072 | Episode Q0:    42.06
Episode: 6535/7000 | Episode reward:   981.79 | Episode steps: 2500 | Average reward:  1064.45 | Step Count: 10552572 | Episode Q0:    42.06
Episode: 6536/7000 | Episode reward:   976.44 | Episode steps: 2500 | Average reward:  1061.19 | Step Count: 10555072 | Episode Q0:    42.06
Episode: 6537/7000 | Episode reward:   995.13 | Episode steps: 2500 | Average reward:  1046.87 | Step Count: 10557572 | Episode Q0:    42.06
Episode: 6538/7000 | Episode reward:   999.69 | Episode steps: 2500 | Average reward:  1059.04 | Step Count: 10560072 | Episode Q0:    42.06
Episode: 6539/7000 | Episode reward:   921.16 | Episode steps: 2500 | Average reward:  1030.03 | Step Count: 10562572 | Episode Q0:    42.06
Episode: 6540/7000 | Episode reward:   893.22 | Episode steps: 2500 | Average reward:  1011.70 | Step Count: 10565072 | Episode Q0:    42.06
Episode: 6541/7000 | Episode reward:   942.20 | Episode steps: 2500 | Average reward:  1006.18 | Step Count: 10567572 | Episode Q0:    42.06
Episode: 6542/7000 | Episode reward:  1124.38 | Episode steps: 2500 | Average reward:  1008.32 | Step Count: 10570072 | Episode Q0:    42.06
Episode: 6543/7000 | Episode reward:   879.91 | Episode steps: 2500 | Average reward:   979.58 | Step Count: 10572572 | Episode Q0:    42.06
Episode: 6544/7000 | Episode reward:  1069.45 | Episode steps: 2500 | Average reward:   978.34 | Step Count: 10575072 | Episode Q0:    42.06
Episode: 6545/7000 | Episode reward:   760.17 | Episode steps: 2500 | Average reward:   956.18 | Step Count: 10577572 | Episode Q0:    45.84
Episode: 6546/7000 | Episode reward:   773.24 | Episode steps: 2500 | Average reward:   935.86 | Step Count: 10580072 | Episode Q0:    45.84
Episode: 6547/7000 | Episode reward:   860.72 | Episode steps: 2500 | Average reward:   922.41 | Step Count: 10582572 | Episode Q0:    45.84
Episode: 6548/7000 | Episode reward:   668.31 | Episode steps: 2500 | Average reward:   889.28 | Step Count: 10585072 | Episode Q0:    45.84
Episode: 6549/7000 | Episode reward:   679.76 | Episode steps: 2500 | Average reward:   865.14 | Step Count: 10587572 | Episode Q0:    45.84
Episode: 6550/7000 | Episode reward:   879.53 | Episode steps: 2500 | Average reward:   863.77 | Step Count: 10590072 | Episode Q0:    45.84
Episode: 6551/7000 | Episode reward:   783.94 | Episode steps: 2500 | Average reward:   847.94 | Step Count: 10592572 | Episode Q0:    45.84
Episode: 6552/7000 | Episode reward:   804.12 | Episode steps: 2500 | Average reward:   815.91 | Step Count: 10595072 | Episode Q0:    45.84
Episode: 6553/7000 | Episode reward:   917.62 | Episode steps: 2500 | Average reward:   819.69 | Step Count: 10597572 | Episode Q0:    45.84
Episode: 6554/7000 | Episode reward:   876.42 | Episode steps: 2500 | Average reward:   800.38 | Step Count: 10600072 | Episode Q0:    45.84
Episode: 6555/7000 | Episode reward:   703.70 | Episode steps: 2500 | Average reward:   794.74 | Step Count: 10602572 | Episode Q0:    45.84
Episode: 6556/7000 | Episode reward:   868.42 | Episode steps: 2500 | Average reward:   804.25 | Step Count: 10605072 | Episode Q0:    45.84
Episode: 6557/7000 | Episode reward:   832.06 | Episode steps: 2500 | Average reward:   801.39 | Step Count: 10607572 | Episode Q0:    45.84
Episode: 6558/7000 | Episode reward:   932.04 | Episode steps: 2500 | Average reward:   827.76 | Step Count: 10610072 | Episode Q0:    45.84
Episode: 6559/7000 | Episode reward:   819.03 | Episode steps: 2500 | Average reward:   841.69 | Step Count: 10612572 | Episode Q0:    45.84
Episode: 6560/7000 | Episode reward:   795.68 | Episode steps: 2500 | Average reward:   833.30 | Step Count: 10615072 | Episode Q0:    45.84
Episode: 6561/7000 | Episode reward:  1092.47 | Episode steps: 2500 | Average reward:   864.16 | Step Count: 10617572 | Episode Q0:    45.84
Episode: 6562/7000 | Episode reward:   782.21 | Episode steps: 2500 | Average reward:   861.96 | Step Count: 10620072 | Episode Q0:    45.84
Episode: 6563/7000 | Episode reward:   819.04 | Episode steps: 2500 | Average reward:   852.11 | Step Count: 10622572 | Episode Q0:    45.84
Episode: 6564/7000 | Episode reward:   882.30 | Episode steps: 2500 | Average reward:   852.69 | Step Count: 10625072 | Episode Q0:    45.84
Episode: 6565/7000 | Episode reward:   784.10 | Episode steps: 2500 | Average reward:   860.73 | Step Count: 10627572 | Episode Q0:    45.84
Episode: 6566/7000 | Episode reward:  1006.54 | Episode steps: 2500 | Average reward:   874.55 | Step Count: 10630072 | Episode Q0:    45.84
Episode: 6567/7000 | Episode reward:   591.86 | Episode steps: 2500 | Average reward:   850.53 | Step Count: 10632572 | Episode Q0:    45.84
Episode: 6568/7000 | Episode reward:   840.28 | Episode steps: 2500 | Average reward:   841.35 | Step Count: 10635072 | Episode Q0:    45.84
Episode: 6569/7000 | Episode reward:   793.68 | Episode steps: 2500 | Average reward:   838.82 | Step Count: 10637572 | Episode Q0:    45.84
Episode: 6570/7000 | Episode reward:   866.88 | Episode steps: 2500 | Average reward:   845.93 | Step Count: 10640072 | Episode Q0:    45.84
Episode: 6571/7000 | Episode reward:   912.44 | Episode steps: 2500 | Average reward:   827.93 | Step Count: 10642572 | Episode Q0:    45.84
Episode: 6572/7000 | Episode reward:   851.72 | Episode steps: 2500 | Average reward:   834.88 | Step Count: 10645072 | Episode Q0:    44.80
Episode: 6573/7000 | Episode reward:   974.08 | Episode steps: 2500 | Average reward:   850.39 | Step Count: 10647572 | Episode Q0:    44.80
Episode: 6574/7000 | Episode reward:  1011.67 | Episode steps: 2500 | Average reward:   863.32 | Step Count: 10650072 | Episode Q0:    44.80
Episode: 6575/7000 | Episode reward:   870.10 | Episode steps: 2500 | Average reward:   871.92 | Step Count: 10652572 | Episode Q0:    44.80
Episode: 6576/7000 | Episode reward:   829.29 | Episode steps: 2500 | Average reward:   854.20 | Step Count: 10655072 | Episode Q0:    44.80
Episode: 6577/7000 | Episode reward:   774.57 | Episode steps: 2500 | Average reward:   872.47 | Step Count: 10657572 | Episode Q0:    44.80
Episode: 6578/7000 | Episode reward:  1012.91 | Episode steps: 2500 | Average reward:   889.73 | Step Count: 10660072 | Episode Q0:    44.80
Episode: 6579/7000 | Episode reward:   881.95 | Episode steps: 2500 | Average reward:   898.56 | Step Count: 10662572 | Episode Q0:    44.80
Episode: 6580/7000 | Episode reward:   907.25 | Episode steps: 2500 | Average reward:   902.60 | Step Count: 10665072 | Episode Q0:    44.80
Episode: 6581/7000 | Episode reward:   757.66 | Episode steps: 2500 | Average reward:   887.12 | Step Count: 10667572 | Episode Q0:    44.80
Episode: 6582/7000 | Episode reward:   904.26 | Episode steps: 2500 | Average reward:   892.37 | Step Count: 10670072 | Episode Q0:    44.80
Episode: 6583/7000 | Episode reward:  1087.79 | Episode steps: 2500 | Average reward:   903.74 | Step Count: 10672572 | Episode Q0:    44.80
Episode: 6584/7000 | Episode reward:   913.99 | Episode steps: 2500 | Average reward:   893.98 | Step Count: 10675072 | Episode Q0:    44.80
Episode: 6585/7000 | Episode reward:   783.15 | Episode steps: 2500 | Average reward:   885.28 | Step Count: 10677572 | Episode Q0:    44.80
Episode: 6586/7000 | Episode reward:   870.97 | Episode steps: 2500 | Average reward:   889.45 | Step Count: 10680072 | Episode Q0:    44.80
Episode: 6587/7000 | Episode reward:   811.70 | Episode steps: 2500 | Average reward:   893.16 | Step Count: 10682572 | Episode Q0:    44.80
Episode: 6588/7000 | Episode reward:   917.44 | Episode steps: 2500 | Average reward:   883.62 | Step Count: 10685072 | Episode Q0:    44.80
Episode: 6589/7000 | Episode reward:   645.04 | Episode steps: 2500 | Average reward:   859.93 | Step Count: 10687572 | Episode Q0:    51.43
Episode: 6590/7000 | Episode reward:   835.73 | Episode steps: 2500 | Average reward:   852.77 | Step Count: 10690072 | Episode Q0:    51.43
Episode: 6591/7000 | Episode reward:   815.58 | Episode steps: 2500 | Average reward:   858.57 | Step Count: 10692572 | Episode Q0:    51.43
Episode: 6592/7000 | Episode reward:   671.42 | Episode steps: 2500 | Average reward:   835.28 | Step Count: 10695072 | Episode Q0:    51.43
Episode: 6593/7000 | Episode reward:   712.54 | Episode steps: 2500 | Average reward:   797.76 | Step Count: 10697572 | Episode Q0:    51.43
Episode: 6594/7000 | Episode reward:   888.31 | Episode steps: 2500 | Average reward:   795.19 | Step Count: 10700072 | Episode Q0:    51.43
Episode: 6595/7000 | Episode reward:   795.82 | Episode steps: 2500 | Average reward:   796.46 | Step Count: 10702572 | Episode Q0:    51.43
Episode: 6596/7000 | Episode reward:   728.16 | Episode steps: 2500 | Average reward:   782.17 | Step Count: 10705072 | Episode Q0:    51.43
Episode: 6597/7000 | Episode reward:   807.41 | Episode steps: 2500 | Average reward:   781.74 | Step Count: 10707572 | Episode Q0:    51.43
Episode: 6598/7000 | Episode reward:   525.31 | Episode steps: 2500 | Average reward:   742.53 | Step Count: 10710072 | Episode Q0:    51.43
Episode: 6599/7000 | Episode reward:   751.21 | Episode steps: 2500 | Average reward:   753.15 | Step Count: 10712572 | Episode Q0:    51.43
Episode: 6600/7000 | Episode reward:   783.89 | Episode steps: 2500 | Average reward:   747.96 | Step Count: 10715072 | Episode Q0:    51.43
Episode: 6601/7000 | Episode reward:   709.37 | Episode steps: 2500 | Average reward:   737.34 | Step Count: 10717572 | Episode Q0:    51.43
Episode: 6602/7000 | Episode reward:   748.66 | Episode steps: 2500 | Average reward:   745.07 | Step Count: 10720072 | Episode Q0:    51.43
Episode: 6603/7000 | Episode reward:   688.73 | Episode steps: 2500 | Average reward:   742.69 | Step Count: 10722572 | Episode Q0:    51.43
Episode: 6604/7000 | Episode reward:   698.02 | Episode steps: 2500 | Average reward:   723.66 | Step Count: 10725072 | Episode Q0:    51.43
Episode: 6605/7000 | Episode reward:   720.05 | Episode steps: 2500 | Average reward:   716.08 | Step Count: 10727572 | Episode Q0:    51.43
Episode: 6606/7000 | Episode reward:   894.74 | Episode steps: 2500 | Average reward:   732.74 | Step Count: 10730072 | Episode Q0:    51.43
Episode: 6607/7000 | Episode reward:   790.66 | Episode steps: 2500 | Average reward:   731.06 | Step Count: 10732572 | Episode Q0:    51.43
Episode: 6608/7000 | Episode reward:   899.02 | Episode steps: 2500 | Average reward:   768.43 | Step Count: 10735072 | Episode Q0:    51.43
Episode: 6609/7000 | Episode reward:   800.21 | Episode steps: 2500 | Average reward:   773.33 | Step Count: 10737572 | Episode Q0:    51.43
Episode: 6610/7000 | Episode reward:   790.79 | Episode steps: 2500 | Average reward:   774.02 | Step Count: 10740072 | Episode Q0:    51.43
Episode: 6611/7000 | Episode reward:   559.09 | Episode steps: 2500 | Average reward:   759.00 | Step Count: 10742572 | Episode Q0:    51.43
Episode: 6612/7000 | Episode reward:   821.74 | Episode steps: 2500 | Average reward:   766.31 | Step Count: 10745072 | Episode Q0:    51.43
Episode: 6613/7000 | Episode reward:   747.27 | Episode steps: 2500 | Average reward:   772.16 | Step Count: 10747572 | Episode Q0:    51.43
Episode: 6614/7000 | Episode reward:   793.25 | Episode steps: 2500 | Average reward:   781.68 | Step Count: 10750072 | Episode Q0:    51.43
Episode: 6615/7000 | Episode reward:   788.45 | Episode steps: 2500 | Average reward:   788.52 | Step Count: 10752572 | Episode Q0:    51.43
Episode: 6616/7000 | Episode reward:   852.52 | Episode steps: 2500 | Average reward:   784.30 | Step Count: 10755072 | Episode Q0:    47.33
Episode: 6617/7000 | Episode reward:   635.39 | Episode steps: 2500 | Average reward:   768.77 | Step Count: 10757572 | Episode Q0:    47.33
Episode: 6618/7000 | Episode reward:   879.69 | Episode steps: 2500 | Average reward:   766.84 | Step Count: 10760072 | Episode Q0:    47.33
Episode: 6619/7000 | Episode reward:   872.52 | Episode steps: 2500 | Average reward:   774.07 | Step Count: 10762572 | Episode Q0:    47.33
Episode: 6620/7000 | Episode reward:   854.19 | Episode steps: 2500 | Average reward:   780.41 | Step Count: 10765072 | Episode Q0:    47.33
Episode: 6621/7000 | Episode reward:   684.09 | Episode steps: 2500 | Average reward:   792.91 | Step Count: 10767572 | Episode Q0:    47.33
Episode: 6622/7000 | Episode reward:   867.18 | Episode steps: 2500 | Average reward:   797.45 | Step Count: 10770072 | Episode Q0:    47.33
Episode: 6623/7000 | Episode reward:  1029.23 | Episode steps: 2500 | Average reward:   825.65 | Step Count: 10772572 | Episode Q0:    47.33
Episode: 6624/7000 | Episode reward:   813.23 | Episode steps: 2500 | Average reward:   827.65 | Step Count: 10775072 | Episode Q0:    47.33
Episode: 6625/7000 | Episode reward:   829.86 | Episode steps: 2500 | Average reward:   831.79 | Step Count: 10777572 | Episode Q0:    47.33
Episode: 6626/7000 | Episode reward:   911.71 | Episode steps: 2500 | Average reward:   837.71 | Step Count: 10780072 | Episode Q0:    47.33
Episode: 6627/7000 | Episode reward:   915.74 | Episode steps: 2500 | Average reward:   865.74 | Step Count: 10782572 | Episode Q0:    47.33
Episode: 6628/7000 | Episode reward:   883.90 | Episode steps: 2500 | Average reward:   866.17 | Step Count: 10785072 | Episode Q0:    47.33
Episode: 6629/7000 | Episode reward:  1012.04 | Episode steps: 2500 | Average reward:   880.12 | Step Count: 10787572 | Episode Q0:    47.33
Episode: 6630/7000 | Episode reward:   908.42 | Episode steps: 2500 | Average reward:   885.54 | Step Count: 10790072 | Episode Q0:    47.33
Episode: 6631/7000 | Episode reward:   933.61 | Episode steps: 2500 | Average reward:   910.49 | Step Count: 10792572 | Episode Q0:    47.33
Episode: 6632/7000 | Episode reward:   840.73 | Episode steps: 2500 | Average reward:   907.85 | Step Count: 10795072 | Episode Q0:    47.33
Episode: 6633/7000 | Episode reward:   784.73 | Episode steps: 2500 | Average reward:   883.40 | Step Count: 10797572 | Episode Q0:    46.92
Episode: 6634/7000 | Episode reward:   719.03 | Episode steps: 2500 | Average reward:   873.98 | Step Count: 10800072 | Episode Q0:    46.92
Episode: 6635/7000 | Episode reward:   794.58 | Episode steps: 2500 | Average reward:   870.45 | Step Count: 10802572 | Episode Q0:    46.92
Episode: 6636/7000 | Episode reward:  1135.73 | Episode steps: 2500 | Average reward:   892.85 | Step Count: 10805072 | Episode Q0:    46.92
Episode: 6637/7000 | Episode reward:   921.06 | Episode steps: 2500 | Average reward:   893.38 | Step Count: 10807572 | Episode Q0:    46.92
Episode: 6638/7000 | Episode reward:   888.25 | Episode steps: 2500 | Average reward:   893.82 | Step Count: 10810072 | Episode Q0:    46.92
Episode: 6639/7000 | Episode reward:   846.62 | Episode steps: 2500 | Average reward:   877.28 | Step Count: 10812572 | Episode Q0:    46.92
Episode: 6640/7000 | Episode reward:   859.11 | Episode steps: 2500 | Average reward:   872.35 | Step Count: 10815072 | Episode Q0:    46.92
Episode: 6641/7000 | Episode reward:   812.49 | Episode steps: 2500 | Average reward:   860.23 | Step Count: 10817572 | Episode Q0:    46.92
Episode: 6642/7000 | Episode reward:   849.74 | Episode steps: 2500 | Average reward:   861.13 | Step Count: 10820072 | Episode Q0:    46.92
Episode: 6643/7000 | Episode reward:   854.18 | Episode steps: 2500 | Average reward:   868.08 | Step Count: 10822572 | Episode Q0:    46.92
Episode: 6644/7000 | Episode reward:   907.54 | Episode steps: 2500 | Average reward:   886.93 | Step Count: 10825072 | Episode Q0:    46.92
Episode: 6645/7000 | Episode reward:   787.76 | Episode steps: 2500 | Average reward:   886.25 | Step Count: 10827572 | Episode Q0:    46.92
Episode: 6646/7000 | Episode reward:   826.44 | Episode steps: 2500 | Average reward:   855.32 | Step Count: 10830072 | Episode Q0:    46.92
Episode: 6647/7000 | Episode reward:   826.00 | Episode steps: 2500 | Average reward:   845.81 | Step Count: 10832572 | Episode Q0:    46.92
Episode: 6648/7000 | Episode reward:   734.65 | Episode steps: 2500 | Average reward:   830.45 | Step Count: 10835072 | Episode Q0:    46.92
Episode: 6649/7000 | Episode reward:   882.76 | Episode steps: 2500 | Average reward:   834.07 | Step Count: 10837572 | Episode Q0:    46.92
Episode: 6650/7000 | Episode reward:   893.77 | Episode steps: 2500 | Average reward:   837.53 | Step Count: 10840072 | Episode Q0:    46.92
Episode: 6651/7000 | Episode reward:   829.54 | Episode steps: 2500 | Average reward:   839.24 | Step Count: 10842572 | Episode Q0:    46.92
Episode: 6652/7000 | Episode reward:   789.16 | Episode steps: 2500 | Average reward:   833.18 | Step Count: 10845072 | Episode Q0:    46.92
Episode: 6653/7000 | Episode reward:   803.79 | Episode steps: 2500 | Average reward:   828.14 | Step Count: 10847572 | Episode Q0:    46.92
Episode: 6654/7000 | Episode reward:   842.49 | Episode steps: 2500 | Average reward:   821.63 | Step Count: 10850072 | Episode Q0:    46.92
Episode: 6655/7000 | Episode reward:   757.91 | Episode steps: 2500 | Average reward:   818.65 | Step Count: 10852572 | Episode Q0:    46.92
Episode: 6656/7000 | Episode reward:   662.79 | Episode steps: 2500 | Average reward:   802.29 | Step Count: 10855072 | Episode Q0:    46.92
Episode: 6657/7000 | Episode reward:   726.50 | Episode steps: 2500 | Average reward:   792.34 | Step Count: 10857572 | Episode Q0:    46.92
Episode: 6658/7000 | Episode reward:   757.62 | Episode steps: 2500 | Average reward:   794.63 | Step Count: 10860072 | Episode Q0:    46.92
Episode: 6659/7000 | Episode reward:   951.74 | Episode steps: 2500 | Average reward:   801.53 | Step Count: 10862572 | Episode Q0:    46.92
Episode: 6660/7000 | Episode reward:   791.65 | Episode steps: 2500 | Average reward:   791.32 | Step Count: 10865072 | Episode Q0:    47.04
Episode: 6661/7000 | Episode reward:   759.37 | Episode steps: 2500 | Average reward:   784.30 | Step Count: 10867572 | Episode Q0:    47.04
Episode: 6662/7000 | Episode reward:   704.03 | Episode steps: 2500 | Average reward:   775.79 | Step Count: 10870072 | Episode Q0:    47.04
Episode: 6663/7000 | Episode reward:   893.53 | Episode steps: 2500 | Average reward:   784.76 | Step Count: 10872572 | Episode Q0:    47.04
Episode: 6664/7000 | Episode reward:   822.61 | Episode steps: 2500 | Average reward:   782.77 | Step Count: 10875072 | Episode Q0:    47.04
Episode: 6665/7000 | Episode reward:   817.79 | Episode steps: 2500 | Average reward:   788.76 | Step Count: 10877572 | Episode Q0:    47.04
Episode: 6666/7000 | Episode reward:   742.61 | Episode steps: 2500 | Average reward:   796.74 | Step Count: 10880072 | Episode Q0:    47.04
Episode: 6667/7000 | Episode reward:   999.49 | Episode steps: 2500 | Average reward:   824.04 | Step Count: 10882572 | Episode Q0:    47.04
Episode: 6668/7000 | Episode reward:   791.64 | Episode steps: 2500 | Average reward:   827.44 | Step Count: 10885072 | Episode Q0:    47.04
Episode: 6669/7000 | Episode reward:   846.52 | Episode steps: 2500 | Average reward:   816.92 | Step Count: 10887572 | Episode Q0:    47.04
Episode: 6670/7000 | Episode reward:   904.21 | Episode steps: 2500 | Average reward:   828.18 | Step Count: 10890072 | Episode Q0:    47.04
Episode: 6671/7000 | Episode reward:   863.68 | Episode steps: 2500 | Average reward:   838.61 | Step Count: 10892572 | Episode Q0:    47.04
Episode: 6672/7000 | Episode reward:   870.86 | Episode steps: 2500 | Average reward:   855.29 | Step Count: 10895072 | Episode Q0:    47.04
Episode: 6673/7000 | Episode reward:   896.21 | Episode steps: 2500 | Average reward:   855.56 | Step Count: 10897572 | Episode Q0:    47.04
Episode: 6674/7000 | Episode reward:   851.07 | Episode steps: 2500 | Average reward:   858.41 | Step Count: 10900072 | Episode Q0:    47.04
Episode: 6675/7000 | Episode reward:   932.43 | Episode steps: 2500 | Average reward:   869.87 | Step Count: 10902572 | Episode Q0:    47.04
Episode: 6676/7000 | Episode reward:  1000.56 | Episode steps: 2500 | Average reward:   895.67 | Step Count: 10905072 | Episode Q0:    47.04
Episode: 6677/7000 | Episode reward:   992.34 | Episode steps: 2500 | Average reward:   894.95 | Step Count: 10907572 | Episode Q0:    49.56
Episode: 6678/7000 | Episode reward:   892.09 | Episode steps: 2500 | Average reward:   905.00 | Step Count: 10910072 | Episode Q0:    49.56
Episode: 6679/7000 | Episode reward:   783.74 | Episode steps: 2500 | Average reward:   898.72 | Step Count: 10912572 | Episode Q0:    49.56
Episode: 6680/7000 | Episode reward:   925.20 | Episode steps: 2500 | Average reward:   900.82 | Step Count: 10915072 | Episode Q0:    49.56
Episode: 6681/7000 | Episode reward:   880.12 | Episode steps: 2500 | Average reward:   902.46 | Step Count: 10917572 | Episode Q0:    49.56
Episode: 6682/7000 | Episode reward:   975.52 | Episode steps: 2500 | Average reward:   912.93 | Step Count: 10920072 | Episode Q0:    49.56
Episode: 6683/7000 | Episode reward:   792.59 | Episode steps: 2500 | Average reward:   902.57 | Step Count: 10922572 | Episode Q0:    49.56
Episode: 6684/7000 | Episode reward:  1015.00 | Episode steps: 2500 | Average reward:   918.96 | Step Count: 10925072 | Episode Q0:    49.56
Episode: 6685/7000 | Episode reward:   881.12 | Episode steps: 2500 | Average reward:   913.83 | Step Count: 10927572 | Episode Q0:    49.56
Episode: 6686/7000 | Episode reward:  1005.42 | Episode steps: 2500 | Average reward:   914.31 | Step Count: 10930072 | Episode Q0:    49.56
Episode: 6687/7000 | Episode reward:   934.89 | Episode steps: 2500 | Average reward:   908.57 | Step Count: 10932572 | Episode Q0:    49.56
Episode: 6688/7000 | Episode reward:   937.39 | Episode steps: 2500 | Average reward:   913.10 | Step Count: 10935072 | Episode Q0:    49.56
Episode: 6689/7000 | Episode reward:   908.43 | Episode steps: 2500 | Average reward:   925.57 | Step Count: 10937572 | Episode Q0:    49.56
Episode: 6690/7000 | Episode reward:  1037.87 | Episode steps: 2500 | Average reward:   936.84 | Step Count: 10940072 | Episode Q0:    49.56
Episode: 6691/7000 | Episode reward:  1235.44 | Episode steps: 2500 | Average reward:   972.37 | Step Count: 10942572 | Episode Q0:    49.56
Episode: 6692/7000 | Episode reward:   936.10 | Episode steps: 2500 | Average reward:   968.43 | Step Count: 10945072 | Episode Q0:    49.56
Episode: 6693/7000 | Episode reward:   977.34 | Episode steps: 2500 | Average reward:   986.90 | Step Count: 10947572 | Episode Q0:    49.56
Episode: 6694/7000 | Episode reward:   955.59 | Episode steps: 2500 | Average reward:   980.96 | Step Count: 10950072 | Episode Q0:    49.56
Episode: 6695/7000 | Episode reward:  1094.34 | Episode steps: 2500 | Average reward:  1002.28 | Step Count: 10952572 | Episode Q0:    49.56
Episode: 6696/7000 | Episode reward:  1078.95 | Episode steps: 2500 | Average reward:  1009.63 | Step Count: 10955072 | Episode Q0:    49.56
Episode: 6697/7000 | Episode reward:  1081.89 | Episode steps: 2500 | Average reward:  1024.33 | Step Count: 10957572 | Episode Q0:    49.56
Episode: 6698/7000 | Episode reward:   900.89 | Episode steps: 2500 | Average reward:  1020.68 | Step Count: 10960072 | Episode Q0:    49.56
Episode: 6699/7000 | Episode reward:  1201.78 | Episode steps: 2500 | Average reward:  1050.02 | Step Count: 10962572 | Episode Q0:    49.56
Episode: 6700/7000 | Episode reward:   954.83 | Episode steps: 2500 | Average reward:  1041.71 | Step Count: 10965072 | Episode Q0:    49.56
Episode: 6701/7000 | Episode reward:   960.62 | Episode steps: 2500 | Average reward:  1014.23 | Step Count: 10967572 | Episode Q0:    49.56
Episode: 6702/7000 | Episode reward:   956.27 | Episode steps: 2500 | Average reward:  1016.25 | Step Count: 10970072 | Episode Q0:    49.56
Episode: 6703/7000 | Episode reward:   956.25 | Episode steps: 2500 | Average reward:  1014.14 | Step Count: 10972572 | Episode Q0:    49.56
Episode: 6704/7000 | Episode reward:   863.22 | Episode steps: 2500 | Average reward:  1004.90 | Step Count: 10975072 | Episode Q0:    49.33
Episode: 6705/7000 | Episode reward:   733.47 | Episode steps: 2500 | Average reward:   968.82 | Step Count: 10977572 | Episode Q0:    49.33
Episode: 6706/7000 | Episode reward:   798.04 | Episode steps: 2500 | Average reward:   940.73 | Step Count: 10980072 | Episode Q0:    49.33
Episode: 6707/7000 | Episode reward:   734.15 | Episode steps: 2500 | Average reward:   905.95 | Step Count: 10982572 | Episode Q0:    49.33
Episode: 6708/7000 | Episode reward:   854.57 | Episode steps: 2500 | Average reward:   901.32 | Step Count: 10985072 | Episode Q0:    49.33
Episode: 6709/7000 | Episode reward:   626.26 | Episode steps: 2500 | Average reward:   843.77 | Step Count: 10987572 | Episode Q0:    49.33
Episode: 6710/7000 | Episode reward:   669.13 | Episode steps: 2500 | Average reward:   815.20 | Step Count: 10990072 | Episode Q0:    49.33
Episode: 6711/7000 | Episode reward:   585.65 | Episode steps: 2500 | Average reward:   777.70 | Step Count: 10992572 | Episode Q0:    49.33
Episode: 6712/7000 | Episode reward:   834.87 | Episode steps: 2500 | Average reward:   765.56 | Step Count: 10995072 | Episode Q0:    49.33
Episode: 6713/7000 | Episode reward:   578.46 | Episode steps: 2500 | Average reward:   727.78 | Step Count: 10997572 | Episode Q0:    49.33
Episode: 6714/7000 | Episode reward:   862.98 | Episode steps: 2500 | Average reward:   727.76 | Step Count: 11000072 | Episode Q0:    49.33
Episode: 6715/7000 | Episode reward:   689.91 | Episode steps: 2500 | Average reward:   723.40 | Step Count: 11002572 | Episode Q0:    49.33
Episode: 6716/7000 | Episode reward:   787.48 | Episode steps: 2500 | Average reward:   722.35 | Step Count: 11005072 | Episode Q0:    49.33
Episode: 6717/7000 | Episode reward:   861.09 | Episode steps: 2500 | Average reward:   735.04 | Step Count: 11007572 | Episode Q0:    49.33
Episode: 6718/7000 | Episode reward:   915.54 | Episode steps: 2500 | Average reward:   741.14 | Step Count: 11010072 | Episode Q0:    49.33
Episode: 6719/7000 | Episode reward:   722.66 | Episode steps: 2500 | Average reward:   750.78 | Step Count: 11012572 | Episode Q0:    49.33
Episode: 6720/7000 | Episode reward:   663.51 | Episode steps: 2500 | Average reward:   750.22 | Step Count: 11015072 | Episode Q0:    49.33
Episode: 6721/7000 | Episode reward:  1032.88 | Episode steps: 2500 | Average reward:   794.94 | Step Count: 11017572 | Episode Q0:    48.18
Episode: 6722/7000 | Episode reward:   798.98 | Episode steps: 2500 | Average reward:   791.35 | Step Count: 11020072 | Episode Q0:    48.18
Episode: 6723/7000 | Episode reward:   784.61 | Episode steps: 2500 | Average reward:   811.97 | Step Count: 11022572 | Episode Q0:    48.18
Episode: 6724/7000 | Episode reward:   768.05 | Episode steps: 2500 | Average reward:   802.47 | Step Count: 11025072 | Episode Q0:    48.18
Episode: 6725/7000 | Episode reward:   891.03 | Episode steps: 2500 | Average reward:   822.59 | Step Count: 11027572 | Episode Q0:    48.18
Episode: 6726/7000 | Episode reward:   658.80 | Episode steps: 2500 | Average reward:   809.72 | Step Count: 11030072 | Episode Q0:    48.18
Episode: 6727/7000 | Episode reward:   737.07 | Episode steps: 2500 | Average reward:   797.31 | Step Count: 11032572 | Episode Q0:    48.18
Episode: 6728/7000 | Episode reward:   761.39 | Episode steps: 2500 | Average reward:   781.90 | Step Count: 11035072 | Episode Q0:    48.18
Episode: 6729/7000 | Episode reward:   787.93 | Episode steps: 2500 | Average reward:   788.43 | Step Count: 11037572 | Episode Q0:    48.18
Episode: 6730/7000 | Episode reward:   782.98 | Episode steps: 2500 | Average reward:   800.37 | Step Count: 11040072 | Episode Q0:    48.18
Episode: 6731/7000 | Episode reward:   881.75 | Episode steps: 2500 | Average reward:   785.26 | Step Count: 11042572 | Episode Q0:    48.18
Episode: 6732/7000 | Episode reward:   856.35 | Episode steps: 2500 | Average reward:   791.00 | Step Count: 11045072 | Episode Q0:    48.18
Episode: 6733/7000 | Episode reward:   889.74 | Episode steps: 2500 | Average reward:   801.51 | Step Count: 11047572 | Episode Q0:    48.18
Episode: 6734/7000 | Episode reward:   983.44 | Episode steps: 2500 | Average reward:   823.05 | Step Count: 11050072 | Episode Q0:    48.18
Episode: 6735/7000 | Episode reward:   886.46 | Episode steps: 2500 | Average reward:   822.59 | Step Count: 11052572 | Episode Q0:    48.18
Episode: 6736/7000 | Episode reward:   723.39 | Episode steps: 2500 | Average reward:   829.05 | Step Count: 11055072 | Episode Q0:    48.18
Episode: 6737/7000 | Episode reward:   723.47 | Episode steps: 2500 | Average reward:   827.69 | Step Count: 11057572 | Episode Q0:    48.18
Episode: 6738/7000 | Episode reward:   895.64 | Episode steps: 2500 | Average reward:   841.11 | Step Count: 11060072 | Episode Q0:    48.18
Episode: 6739/7000 | Episode reward:   795.03 | Episode steps: 2500 | Average reward:   841.82 | Step Count: 11062572 | Episode Q0:    48.18
Episode: 6740/7000 | Episode reward:   913.15 | Episode steps: 2500 | Average reward:   854.84 | Step Count: 11065072 | Episode Q0:    48.18
Episode: 6741/7000 | Episode reward:   902.51 | Episode steps: 2500 | Average reward:   856.92 | Step Count: 11067572 | Episode Q0:    48.18
Episode: 6742/7000 | Episode reward:   927.15 | Episode steps: 2500 | Average reward:   864.00 | Step Count: 11070072 | Episode Q0:    48.18
Episode: 6743/7000 | Episode reward:   707.95 | Episode steps: 2500 | Average reward:   845.82 | Step Count: 11072572 | Episode Q0:    48.18
Episode: 6744/7000 | Episode reward:   827.83 | Episode steps: 2500 | Average reward:   830.26 | Step Count: 11075072 | Episode Q0:    48.18
Episode: 6745/7000 | Episode reward:   882.29 | Episode steps: 2500 | Average reward:   829.84 | Step Count: 11077572 | Episode Q0:    48.18
Episode: 6746/7000 | Episode reward:   788.54 | Episode steps: 2500 | Average reward:   836.36 | Step Count: 11080072 | Episode Q0:    48.18
Episode: 6747/7000 | Episode reward:   791.68 | Episode steps: 2500 | Average reward:   843.18 | Step Count: 11082572 | Episode Q0:    48.18
Episode: 6748/7000 | Episode reward:   913.40 | Episode steps: 2500 | Average reward:   844.95 | Step Count: 11085072 | Episode Q0:    51.47
Episode: 6749/7000 | Episode reward:   867.34 | Episode steps: 2500 | Average reward:   852.18 | Step Count: 11087572 | Episode Q0:    51.47
Episode: 6750/7000 | Episode reward:   721.72 | Episode steps: 2500 | Average reward:   833.04 | Step Count: 11090072 | Episode Q0:    51.47
Episode: 6751/7000 | Episode reward:   956.55 | Episode steps: 2500 | Average reward:   838.44 | Step Count: 11092572 | Episode Q0:    51.47
Episode: 6752/7000 | Episode reward:   763.85 | Episode steps: 2500 | Average reward:   822.11 | Step Count: 11095072 | Episode Q0:    51.47
Episode: 6753/7000 | Episode reward:   784.55 | Episode steps: 2500 | Average reward:   829.77 | Step Count: 11097572 | Episode Q0:    51.47
Episode: 6754/7000 | Episode reward:   917.59 | Episode steps: 2500 | Average reward:   838.75 | Step Count: 11100072 | Episode Q0:    51.47
Episode: 6755/7000 | Episode reward:   899.78 | Episode steps: 2500 | Average reward:   840.50 | Step Count: 11102572 | Episode Q0:    51.47
Episode: 6756/7000 | Episode reward:   794.83 | Episode steps: 2500 | Average reward:   841.13 | Step Count: 11105072 | Episode Q0:    51.47
Episode: 6757/7000 | Episode reward:   992.71 | Episode steps: 2500 | Average reward:   861.23 | Step Count: 11107572 | Episode Q0:    51.47
Episode: 6758/7000 | Episode reward:   826.99 | Episode steps: 2500 | Average reward:   852.59 | Step Count: 11110072 | Episode Q0:    51.47
Episode: 6759/7000 | Episode reward:   735.07 | Episode steps: 2500 | Average reward:   839.37 | Step Count: 11112572 | Episode Q0:    51.47
Episode: 6760/7000 | Episode reward:   920.59 | Episode steps: 2500 | Average reward:   859.25 | Step Count: 11115072 | Episode Q0:    51.47
Episode: 6761/7000 | Episode reward:   839.74 | Episode steps: 2500 | Average reward:   847.57 | Step Count: 11117572 | Episode Q0:    51.47
Episode: 6762/7000 | Episode reward:   850.31 | Episode steps: 2500 | Average reward:   856.22 | Step Count: 11120072 | Episode Q0:    51.47
Episode: 6763/7000 | Episode reward:   918.99 | Episode steps: 2500 | Average reward:   869.66 | Step Count: 11122572 | Episode Q0:    51.47
Episode: 6764/7000 | Episode reward:   807.49 | Episode steps: 2500 | Average reward:   858.65 | Step Count: 11125072 | Episode Q0:    51.47
Episode: 6765/7000 | Episode reward:   737.06 | Episode steps: 2500 | Average reward:   842.38 | Step Count: 11127572 | Episode Q0:    44.68
Episode: 6766/7000 | Episode reward:   796.84 | Episode steps: 2500 | Average reward:   842.58 | Step Count: 11130072 | Episode Q0:    44.68
Episode: 6767/7000 | Episode reward:   577.25 | Episode steps: 2500 | Average reward:   801.03 | Step Count: 11132572 | Episode Q0:    44.68
Episode: 6768/7000 | Episode reward:   725.46 | Episode steps: 2500 | Average reward:   790.88 | Step Count: 11135072 | Episode Q0:    44.68
Episode: 6769/7000 | Episode reward:   729.83 | Episode steps: 2500 | Average reward:   790.36 | Step Count: 11137572 | Episode Q0:    44.68
Episode: 6770/7000 | Episode reward:   651.93 | Episode steps: 2500 | Average reward:   763.49 | Step Count: 11140072 | Episode Q0:    44.68
Episode: 6771/7000 | Episode reward:   738.92 | Episode steps: 2500 | Average reward:   753.41 | Step Count: 11142572 | Episode Q0:    44.68
Episode: 6772/7000 | Episode reward:   690.82 | Episode steps: 2500 | Average reward:   737.46 | Step Count: 11145072 | Episode Q0:    44.68
Episode: 6773/7000 | Episode reward:   627.21 | Episode steps: 2500 | Average reward:   708.28 | Step Count: 11147572 | Episode Q0:    44.68
Episode: 6774/7000 | Episode reward:   831.15 | Episode steps: 2500 | Average reward:   710.65 | Step Count: 11150072 | Episode Q0:    44.68
Episode: 6775/7000 | Episode reward:   654.41 | Episode steps: 2500 | Average reward:   702.38 | Step Count: 11152572 | Episode Q0:    44.68
Episode: 6776/7000 | Episode reward:   704.71 | Episode steps: 2500 | Average reward:   693.17 | Step Count: 11155072 | Episode Q0:    44.68
Episode: 6777/7000 | Episode reward:   607.20 | Episode steps: 2500 | Average reward:   696.16 | Step Count: 11157572 | Episode Q0:    44.68
Episode: 6778/7000 | Episode reward:   682.46 | Episode steps: 2500 | Average reward:   691.86 | Step Count: 11160072 | Episode Q0:    44.68
Episode: 6779/7000 | Episode reward:   810.10 | Episode steps: 2500 | Average reward:   699.89 | Step Count: 11162572 | Episode Q0:    44.68
Episode: 6780/7000 | Episode reward:   708.03 | Episode steps: 2500 | Average reward:   705.50 | Step Count: 11165072 | Episode Q0:    44.68
Episode: 6781/7000 | Episode reward:   553.30 | Episode steps: 2500 | Average reward:   686.94 | Step Count: 11167572 | Episode Q0:    44.68
Episode: 6782/7000 | Episode reward:   699.35 | Episode steps: 2500 | Average reward:   687.79 | Step Count: 11170072 | Episode Q0:    44.68
Episode: 6783/7000 | Episode reward:   649.22 | Episode steps: 2500 | Average reward:   689.99 | Step Count: 11172572 | Episode Q0:    44.68
Episode: 6784/7000 | Episode reward:   848.66 | Episode steps: 2500 | Average reward:   691.74 | Step Count: 11175072 | Episode Q0:    44.68
Episode: 6785/7000 | Episode reward:   725.49 | Episode steps: 2500 | Average reward:   698.85 | Step Count: 11177572 | Episode Q0:    44.68
Episode: 6786/7000 | Episode reward:   861.71 | Episode steps: 2500 | Average reward:   714.55 | Step Count: 11180072 | Episode Q0:    44.68
Episode: 6787/7000 | Episode reward:   615.83 | Episode steps: 2500 | Average reward:   715.42 | Step Count: 11182572 | Episode Q0:    44.68
Episode: 6788/7000 | Episode reward:   654.63 | Episode steps: 2500 | Average reward:   712.63 | Step Count: 11185072 | Episode Q0:    44.68
Episode: 6789/7000 | Episode reward:   875.32 | Episode steps: 2500 | Average reward:   719.15 | Step Count: 11187572 | Episode Q0:    44.68
Episode: 6790/7000 | Episode reward:   830.50 | Episode steps: 2500 | Average reward:   731.40 | Step Count: 11190072 | Episode Q0:    44.68
Episode: 6791/7000 | Episode reward:   704.32 | Episode steps: 2500 | Average reward:   746.50 | Step Count: 11192572 | Episode Q0:    44.68
Episode: 6792/7000 | Episode reward:   647.65 | Episode steps: 2500 | Average reward:   741.33 | Step Count: 11195072 | Episode Q0:    48.52
Episode: 6793/7000 | Episode reward:   664.69 | Episode steps: 2500 | Average reward:   742.88 | Step Count: 11197572 | Episode Q0:    48.52
Episode: 6794/7000 | Episode reward:   789.63 | Episode steps: 2500 | Average reward:   736.98 | Step Count: 11200072 | Episode Q0:    48.52
Episode: 6795/7000 | Episode reward:   665.46 | Episode steps: 2500 | Average reward:   730.97 | Step Count: 11202572 | Episode Q0:    48.52
Episode: 6796/7000 | Episode reward:   751.96 | Episode steps: 2500 | Average reward:   720.00 | Step Count: 11205072 | Episode Q0:    48.52
Episode: 6797/7000 | Episode reward:   650.09 | Episode steps: 2500 | Average reward:   723.42 | Step Count: 11207572 | Episode Q0:    48.52
Episode: 6798/7000 | Episode reward:   838.34 | Episode steps: 2500 | Average reward:   741.79 | Step Count: 11210072 | Episode Q0:    48.52
Episode: 6799/7000 | Episode reward:   688.51 | Episode steps: 2500 | Average reward:   723.11 | Step Count: 11212572 | Episode Q0:    48.52
Episode: 6800/7000 | Episode reward:   668.82 | Episode steps: 2500 | Average reward:   706.95 | Step Count: 11215072 | Episode Q0:    48.52
Episode: 6801/7000 | Episode reward:   819.03 | Episode steps: 2500 | Average reward:   718.42 | Step Count: 11217572 | Episode Q0:    48.52
Episode: 6802/7000 | Episode reward:  1059.43 | Episode steps: 2500 | Average reward:   759.60 | Step Count: 11220072 | Episode Q0:    48.52
Episode: 6803/7000 | Episode reward:   774.56 | Episode steps: 2500 | Average reward:   770.58 | Step Count: 11222572 | Episode Q0:    48.52
Episode: 6804/7000 | Episode reward:   771.71 | Episode steps: 2500 | Average reward:   768.79 | Step Count: 11225072 | Episode Q0:    48.52
Episode: 6805/7000 | Episode reward:   773.39 | Episode steps: 2500 | Average reward:   779.58 | Step Count: 11227572 | Episode Q0:    48.52
Episode: 6806/7000 | Episode reward:   793.02 | Episode steps: 2500 | Average reward:   783.69 | Step Count: 11230072 | Episode Q0:    48.52
Episode: 6807/7000 | Episode reward:   644.44 | Episode steps: 2500 | Average reward:   783.13 | Step Count: 11232572 | Episode Q0:    48.52
Episode: 6808/7000 | Episode reward:   969.73 | Episode steps: 2500 | Average reward:   796.26 | Step Count: 11235072 | Episode Q0:    48.52
Episode: 6809/7000 | Episode reward:  1091.97 | Episode steps: 2500 | Average reward:   836.61 | Step Count: 11237572 | Episode Q0:    47.68
Episode: 6810/7000 | Episode reward:   964.41 | Episode steps: 2500 | Average reward:   866.17 | Step Count: 11240072 | Episode Q0:    47.68
Episode: 6811/7000 | Episode reward:  1069.69 | Episode steps: 2500 | Average reward:   891.23 | Step Count: 11242572 | Episode Q0:    47.68
Episode: 6812/7000 | Episode reward:   807.96 | Episode steps: 2500 | Average reward:   866.09 | Step Count: 11245072 | Episode Q0:    47.68
Episode: 6813/7000 | Episode reward:   914.37 | Episode steps: 2500 | Average reward:   880.07 | Step Count: 11247572 | Episode Q0:    47.68
Episode: 6814/7000 | Episode reward:   925.61 | Episode steps: 2500 | Average reward:   895.46 | Step Count: 11250072 | Episode Q0:    47.68
Episode: 6815/7000 | Episode reward:  1001.97 | Episode steps: 2500 | Average reward:   918.32 | Step Count: 11252572 | Episode Q0:    47.68
Episode: 6816/7000 | Episode reward:  1059.90 | Episode steps: 2500 | Average reward:   945.00 | Step Count: 11255072 | Episode Q0:    47.68
Episode: 6817/7000 | Episode reward:   892.40 | Episode steps: 2500 | Average reward:   969.80 | Step Count: 11257572 | Episode Q0:    47.68
Episode: 6818/7000 | Episode reward:  1023.85 | Episode steps: 2500 | Average reward:   975.21 | Step Count: 11260072 | Episode Q0:    47.68
Episode: 6819/7000 | Episode reward:  1150.60 | Episode steps: 2500 | Average reward:   981.07 | Step Count: 11262572 | Episode Q0:    47.68
Episode: 6820/7000 | Episode reward:   903.69 | Episode steps: 2500 | Average reward:   975.00 | Step Count: 11265072 | Episode Q0:    47.68
Episode: 6821/7000 | Episode reward:  1058.07 | Episode steps: 2500 | Average reward:   973.84 | Step Count: 11267572 | Episode Q0:    47.68
Episode: 6822/7000 | Episode reward:   837.53 | Episode steps: 2500 | Average reward:   976.80 | Step Count: 11270072 | Episode Q0:    47.68
Episode: 6823/7000 | Episode reward:   849.30 | Episode steps: 2500 | Average reward:   970.29 | Step Count: 11272572 | Episode Q0:    47.68
Episode: 6824/7000 | Episode reward:   917.11 | Episode steps: 2500 | Average reward:   969.44 | Step Count: 11275072 | Episode Q0:    47.68
Episode: 6825/7000 | Episode reward:   825.24 | Episode steps: 2500 | Average reward:   951.77 | Step Count: 11277572 | Episode Q0:    47.68
Episode: 6826/7000 | Episode reward:   823.43 | Episode steps: 2500 | Average reward:   928.12 | Step Count: 11280072 | Episode Q0:    47.68
Episode: 6827/7000 | Episode reward:  1028.19 | Episode steps: 2500 | Average reward:   941.70 | Step Count: 11282572 | Episode Q0:    47.68
Episode: 6828/7000 | Episode reward:   997.74 | Episode steps: 2500 | Average reward:   939.09 | Step Count: 11285072 | Episode Q0:    47.68
Episode: 6829/7000 | Episode reward:  1001.26 | Episode steps: 2500 | Average reward:   924.15 | Step Count: 11287572 | Episode Q0:    47.68
Episode: 6830/7000 | Episode reward:   962.30 | Episode steps: 2500 | Average reward:   930.02 | Step Count: 11290072 | Episode Q0:    47.68
Episode: 6831/7000 | Episode reward:  1045.62 | Episode steps: 2500 | Average reward:   928.77 | Step Count: 11292572 | Episode Q0:    47.68
Episode: 6832/7000 | Episode reward:  1054.07 | Episode steps: 2500 | Average reward:   950.43 | Step Count: 11295072 | Episode Q0:    47.68
Episode: 6833/7000 | Episode reward:   828.07 | Episode steps: 2500 | Average reward:   948.30 | Step Count: 11297572 | Episode Q0:    47.68
Episode: 6834/7000 | Episode reward:   956.17 | Episode steps: 2500 | Average reward:   952.21 | Step Count: 11300072 | Episode Q0:    47.68
Episode: 6835/7000 | Episode reward:  1084.13 | Episode steps: 2500 | Average reward:   978.10 | Step Count: 11302572 | Episode Q0:    47.68
Episode: 6836/7000 | Episode reward:   898.09 | Episode steps: 2500 | Average reward:   985.56 | Step Count: 11305072 | Episode Q0:    43.20
Episode: 6837/7000 | Episode reward:   766.39 | Episode steps: 2500 | Average reward:   959.38 | Step Count: 11307572 | Episode Q0:    43.20
Episode: 6838/7000 | Episode reward:   804.94 | Episode steps: 2500 | Average reward:   940.10 | Step Count: 11310072 | Episode Q0:    43.20
Episode: 6839/7000 | Episode reward:  1104.71 | Episode steps: 2500 | Average reward:   950.45 | Step Count: 11312572 | Episode Q0:    43.20
Episode: 6840/7000 | Episode reward:  1144.07 | Episode steps: 2500 | Average reward:   968.62 | Step Count: 11315072 | Episode Q0:    43.20
Episode: 6841/7000 | Episode reward:   901.38 | Episode steps: 2500 | Average reward:   954.20 | Step Count: 11317572 | Episode Q0:    43.20
Episode: 6842/7000 | Episode reward:   845.24 | Episode steps: 2500 | Average reward:   933.32 | Step Count: 11320072 | Episode Q0:    43.20
Episode: 6843/7000 | Episode reward:   914.36 | Episode steps: 2500 | Average reward:   941.95 | Step Count: 11322572 | Episode Q0:    43.20
Episode: 6844/7000 | Episode reward:  1308.67 | Episode steps: 2500 | Average reward:   977.20 | Step Count: 11325072 | Episode Q0:    43.20
Episode: 6845/7000 | Episode reward:  1050.86 | Episode steps: 2500 | Average reward:   973.87 | Step Count: 11327572 | Episode Q0:    43.20
Episode: 6846/7000 | Episode reward:   904.35 | Episode steps: 2500 | Average reward:   974.50 | Step Count: 11330072 | Episode Q0:    43.20
Episode: 6847/7000 | Episode reward:   986.30 | Episode steps: 2500 | Average reward:   996.49 | Step Count: 11332572 | Episode Q0:    43.20
Episode: 6848/7000 | Episode reward:   672.55 | Episode steps: 2500 | Average reward:   983.25 | Step Count: 11335072 | Episode Q0:    43.20
Episode: 6849/7000 | Episode reward:   793.17 | Episode steps: 2500 | Average reward:   952.09 | Step Count: 11337572 | Episode Q0:    43.20
Episode: 6850/7000 | Episode reward:   859.04 | Episode steps: 2500 | Average reward:   923.59 | Step Count: 11340072 | Episode Q0:    43.20
Episode: 6851/7000 | Episode reward:   949.10 | Episode steps: 2500 | Average reward:   928.36 | Step Count: 11342572 | Episode Q0:    43.20
Episode: 6852/7000 | Episode reward:   959.04 | Episode steps: 2500 | Average reward:   939.74 | Step Count: 11345072 | Episode Q0:    43.20
Episode: 6853/7000 | Episode reward:  1139.63 | Episode steps: 2500 | Average reward:   962.27 | Step Count: 11347572 | Episode Q0:    48.02
Episode: 6854/7000 | Episode reward:  1017.18 | Episode steps: 2500 | Average reward:   933.12 | Step Count: 11350072 | Episode Q0:    48.02
Episode: 6855/7000 | Episode reward:  1004.58 | Episode steps: 2500 | Average reward:   928.49 | Step Count: 11352572 | Episode Q0:    48.02
Episode: 6856/7000 | Episode reward:  1102.16 | Episode steps: 2500 | Average reward:   948.27 | Step Count: 11355072 | Episode Q0:    48.02
Episode: 6857/7000 | Episode reward:  1120.88 | Episode steps: 2500 | Average reward:   961.73 | Step Count: 11357572 | Episode Q0:    48.02
Episode: 6858/7000 | Episode reward:  1217.60 | Episode steps: 2500 | Average reward:  1016.24 | Step Count: 11360072 | Episode Q0:    48.02
Episode: 6859/7000 | Episode reward:   828.41 | Episode steps: 2500 | Average reward:  1019.76 | Step Count: 11362572 | Episode Q0:    48.02
Episode: 6860/7000 | Episode reward:  1393.91 | Episode steps: 2500 | Average reward:  1073.25 | Step Count: 11365072 | Episode Q0:    48.02
Episode: 6861/7000 | Episode reward:  1318.14 | Episode steps: 2500 | Average reward:  1110.15 | Step Count: 11367572 | Episode Q0:    48.02
Episode: 6862/7000 | Episode reward:  1168.25 | Episode steps: 2500 | Average reward:  1131.07 | Step Count: 11370072 | Episode Q0:    48.02
Episode: 6863/7000 | Episode reward:  1104.16 | Episode steps: 2500 | Average reward:  1127.53 | Step Count: 11372572 | Episode Q0:    48.02
Episode: 6864/7000 | Episode reward:  1012.92 | Episode steps: 2500 | Average reward:  1127.10 | Step Count: 11375072 | Episode Q0:    48.02
Episode: 6865/7000 | Episode reward:   777.36 | Episode steps: 2500 | Average reward:  1104.38 | Step Count: 11377572 | Episode Q0:    48.02
Episode: 6866/7000 | Episode reward:  1088.22 | Episode steps: 2500 | Average reward:  1102.98 | Step Count: 11380072 | Episode Q0:    48.02
Episode: 6867/7000 | Episode reward:  1136.64 | Episode steps: 2500 | Average reward:  1104.56 | Step Count: 11382572 | Episode Q0:    48.02
Episode: 6868/7000 | Episode reward:  1292.57 | Episode steps: 2500 | Average reward:  1112.06 | Step Count: 11385072 | Episode Q0:    48.02
Episode: 6869/7000 | Episode reward:  1216.60 | Episode steps: 2500 | Average reward:  1150.88 | Step Count: 11387572 | Episode Q0:    48.02
Episode: 6870/7000 | Episode reward:  1008.27 | Episode steps: 2500 | Average reward:  1112.31 | Step Count: 11390072 | Episode Q0:    48.02
Episode: 6871/7000 | Episode reward:  1144.07 | Episode steps: 2500 | Average reward:  1094.91 | Step Count: 11392572 | Episode Q0:    48.02
Episode: 6872/7000 | Episode reward:  1058.13 | Episode steps: 2500 | Average reward:  1083.89 | Step Count: 11395072 | Episode Q0:    48.02
Episode: 6873/7000 | Episode reward:  1012.18 | Episode steps: 2500 | Average reward:  1074.70 | Step Count: 11397572 | Episode Q0:    48.02
Episode: 6874/7000 | Episode reward:  1096.08 | Episode steps: 2500 | Average reward:  1083.01 | Step Count: 11400072 | Episode Q0:    48.02
Episode: 6875/7000 | Episode reward:  1043.49 | Episode steps: 2500 | Average reward:  1109.63 | Step Count: 11402572 | Episode Q0:    48.02
Episode: 6876/7000 | Episode reward:  1268.00 | Episode steps: 2500 | Average reward:  1127.60 | Step Count: 11405072 | Episode Q0:    48.02
Episode: 6877/7000 | Episode reward:  1230.48 | Episode steps: 2500 | Average reward:  1136.99 | Step Count: 11407572 | Episode Q0:    48.02
Episode: 6878/7000 | Episode reward:  1125.11 | Episode steps: 2500 | Average reward:  1120.24 | Step Count: 11410072 | Episode Q0:    48.02
Episode: 6879/7000 | Episode reward:  1215.84 | Episode steps: 2500 | Average reward:  1120.16 | Step Count: 11412572 | Episode Q0:    48.02
Episode: 6880/7000 | Episode reward:   911.26 | Episode steps: 2500 | Average reward:  1110.46 | Step Count: 11415072 | Episode Q0:    46.93
Episode: 6881/7000 | Episode reward:  1165.29 | Episode steps: 2500 | Average reward:  1112.59 | Step Count: 11417572 | Episode Q0:    46.93
Episode: 6882/7000 | Episode reward:   808.34 | Episode steps: 2500 | Average reward:  1087.61 | Step Count: 11420072 | Episode Q0:    46.93
Episode: 6883/7000 | Episode reward:  1012.52 | Episode steps: 2500 | Average reward:  1087.64 | Step Count: 11422572 | Episode Q0:    46.93
Episode: 6884/7000 | Episode reward:  1011.63 | Episode steps: 2500 | Average reward:  1079.20 | Step Count: 11425072 | Episode Q0:    46.93
Episode: 6885/7000 | Episode reward:   886.65 | Episode steps: 2500 | Average reward:  1063.51 | Step Count: 11427572 | Episode Q0:    46.93
Episode: 6886/7000 | Episode reward:   748.40 | Episode steps: 2500 | Average reward:  1011.55 | Step Count: 11430072 | Episode Q0:    46.93
Episode: 6887/7000 | Episode reward:  1026.85 | Episode steps: 2500 | Average reward:   991.19 | Step Count: 11432572 | Episode Q0:    46.93
Episode: 6888/7000 | Episode reward:  1011.51 | Episode steps: 2500 | Average reward:   979.83 | Step Count: 11435072 | Episode Q0:    46.93
Episode: 6889/7000 | Episode reward:  1025.21 | Episode steps: 2500 | Average reward:   960.77 | Step Count: 11437572 | Episode Q0:    46.93
Episode: 6890/7000 | Episode reward:   879.88 | Episode steps: 2500 | Average reward:   957.63 | Step Count: 11440072 | Episode Q0:    46.93
Episode: 6891/7000 | Episode reward:   998.32 | Episode steps: 2500 | Average reward:   940.93 | Step Count: 11442572 | Episode Q0:    46.93
Episode: 6892/7000 | Episode reward:   905.51 | Episode steps: 2500 | Average reward:   950.65 | Step Count: 11445072 | Episode Q0:    46.93
Episode: 6893/7000 | Episode reward:   888.43 | Episode steps: 2500 | Average reward:   938.24 | Step Count: 11447572 | Episode Q0:    46.93
Episode: 6894/7000 | Episode reward:   900.96 | Episode steps: 2500 | Average reward:   927.17 | Step Count: 11450072 | Episode Q0:    46.93
Episode: 6895/7000 | Episode reward:  1178.67 | Episode steps: 2500 | Average reward:   956.37 | Step Count: 11452572 | Episode Q0:    46.93
Episode: 6896/7000 | Episode reward:   789.27 | Episode steps: 2500 | Average reward:   960.46 | Step Count: 11455072 | Episode Q0:    46.93
Episode: 6897/7000 | Episode reward:   886.48 | Episode steps: 2500 | Average reward:   946.42 | Step Count: 11457572 | Episode Q0:    48.25
Episode: 6898/7000 | Episode reward:   814.18 | Episode steps: 2500 | Average reward:   926.69 | Step Count: 11460072 | Episode Q0:    48.25
Episode: 6899/7000 | Episode reward:   926.65 | Episode steps: 2500 | Average reward:   916.83 | Step Count: 11462572 | Episode Q0:    48.25
Episode: 6900/7000 | Episode reward:   992.93 | Episode steps: 2500 | Average reward:   928.14 | Step Count: 11465072 | Episode Q0:    48.25
Episode: 6901/7000 | Episode reward:   991.58 | Episode steps: 2500 | Average reward:   927.47 | Step Count: 11467572 | Episode Q0:    48.25
Episode: 6902/7000 | Episode reward:   960.46 | Episode steps: 2500 | Average reward:   932.96 | Step Count: 11470072 | Episode Q0:    48.25
Episode: 6903/7000 | Episode reward:  1116.55 | Episode steps: 2500 | Average reward:   955.77 | Step Count: 11472572 | Episode Q0:    48.25
Episode: 6904/7000 | Episode reward:  1017.24 | Episode steps: 2500 | Average reward:   967.40 | Step Count: 11475072 | Episode Q0:    48.25
Episode: 6905/7000 | Episode reward:   954.93 | Episode steps: 2500 | Average reward:   945.03 | Step Count: 11477572 | Episode Q0:    48.25
Episode: 6906/7000 | Episode reward:   911.49 | Episode steps: 2500 | Average reward:   957.25 | Step Count: 11480072 | Episode Q0:    48.25
Episode: 6907/7000 | Episode reward:   803.03 | Episode steps: 2500 | Average reward:   948.90 | Step Count: 11482572 | Episode Q0:    48.25
Episode: 6908/7000 | Episode reward:   854.40 | Episode steps: 2500 | Average reward:   952.92 | Step Count: 11485072 | Episode Q0:    48.25
Episode: 6909/7000 | Episode reward:   905.07 | Episode steps: 2500 | Average reward:   950.77 | Step Count: 11487572 | Episode Q0:    48.25
Episode: 6910/7000 | Episode reward:   935.53 | Episode steps: 2500 | Average reward:   945.03 | Step Count: 11490072 | Episode Q0:    48.25
Episode: 6911/7000 | Episode reward:  1019.39 | Episode steps: 2500 | Average reward:   947.81 | Step Count: 11492572 | Episode Q0:    48.25
Episode: 6912/7000 | Episode reward:   916.07 | Episode steps: 2500 | Average reward:   943.37 | Step Count: 11495072 | Episode Q0:    48.25
Episode: 6913/7000 | Episode reward:  1055.73 | Episode steps: 2500 | Average reward:   937.29 | Step Count: 11497572 | Episode Q0:    48.25
Episode: 6914/7000 | Episode reward:   999.54 | Episode steps: 2500 | Average reward:   935.52 | Step Count: 11500072 | Episode Q0:    48.25
Episode: 6915/7000 | Episode reward:  1037.84 | Episode steps: 2500 | Average reward:   943.81 | Step Count: 11502572 | Episode Q0:    48.25
Episode: 6916/7000 | Episode reward:   949.40 | Episode steps: 2500 | Average reward:   947.60 | Step Count: 11505072 | Episode Q0:    48.25
Episode: 6917/7000 | Episode reward:   988.00 | Episode steps: 2500 | Average reward:   966.10 | Step Count: 11507572 | Episode Q0:    48.25
Episode: 6918/7000 | Episode reward:   963.51 | Episode steps: 2500 | Average reward:   977.01 | Step Count: 11510072 | Episode Q0:    48.25
Episode: 6919/7000 | Episode reward:   924.90 | Episode steps: 2500 | Average reward:   978.99 | Step Count: 11512572 | Episode Q0:    48.25
Episode: 6920/7000 | Episode reward:   878.56 | Episode steps: 2500 | Average reward:   973.29 | Step Count: 11515072 | Episode Q0:    48.25
Episode: 6921/7000 | Episode reward:   892.72 | Episode steps: 2500 | Average reward:   960.63 | Step Count: 11517572 | Episode Q0:    48.25
Episode: 6922/7000 | Episode reward:   928.30 | Episode steps: 2500 | Average reward:   961.85 | Step Count: 11520072 | Episode Q0:    48.25
Episode: 6923/7000 | Episode reward:  1026.54 | Episode steps: 2500 | Average reward:   958.93 | Step Count: 11522572 | Episode Q0:    48.25
Episode: 6924/7000 | Episode reward:  1008.50 | Episode steps: 2500 | Average reward:   959.83 | Step Count: 11525072 | Episode Q0:    49.70
Episode: 6925/7000 | Episode reward:  1239.09 | Episode steps: 2500 | Average reward:   979.95 | Step Count: 11527572 | Episode Q0:    49.70
Episode: 6926/7000 | Episode reward:  1088.92 | Episode steps: 2500 | Average reward:   993.90 | Step Count: 11530072 | Episode Q0:    49.70
Episode: 6927/7000 | Episode reward:  1120.93 | Episode steps: 2500 | Average reward:  1007.20 | Step Count: 11532572 | Episode Q0:    49.70
Episode: 6928/7000 | Episode reward:  1150.07 | Episode steps: 2500 | Average reward:  1025.85 | Step Count: 11535072 | Episode Q0:    49.70
Episode: 6929/7000 | Episode reward:  1128.52 | Episode steps: 2500 | Average reward:  1046.21 | Step Count: 11537572 | Episode Q0:    49.70
Episode: 6930/7000 | Episode reward:  1118.77 | Episode steps: 2500 | Average reward:  1070.24 | Step Count: 11540072 | Episode Q0:    49.70
Episode: 6931/7000 | Episode reward:  1175.16 | Episode steps: 2500 | Average reward:  1098.48 | Step Count: 11542572 | Episode Q0:    49.70
Episode: 6932/7000 | Episode reward:  1236.75 | Episode steps: 2500 | Average reward:  1129.32 | Step Count: 11545072 | Episode Q0:    49.70
Episode: 6933/7000 | Episode reward:  1131.47 | Episode steps: 2500 | Average reward:  1139.82 | Step Count: 11547572 | Episode Q0:    49.70
Episode: 6934/7000 | Episode reward:   904.69 | Episode steps: 2500 | Average reward:  1129.44 | Step Count: 11550072 | Episode Q0:    49.70
Episode: 6935/7000 | Episode reward:  1154.78 | Episode steps: 2500 | Average reward:  1121.01 | Step Count: 11552572 | Episode Q0:    49.70
Episode: 6936/7000 | Episode reward:   874.62 | Episode steps: 2500 | Average reward:  1099.58 | Step Count: 11555072 | Episode Q0:    49.70
Episode: 6937/7000 | Episode reward:  1177.49 | Episode steps: 2500 | Average reward:  1105.23 | Step Count: 11557572 | Episode Q0:    49.70
Episode: 6938/7000 | Episode reward:   928.87 | Episode steps: 2500 | Average reward:  1083.11 | Step Count: 11560072 | Episode Q0:    49.70
Episode: 6939/7000 | Episode reward:  1256.78 | Episode steps: 2500 | Average reward:  1095.94 | Step Count: 11562572 | Episode Q0:    49.70
Episode: 6940/7000 | Episode reward:  1215.41 | Episode steps: 2500 | Average reward:  1105.60 | Step Count: 11565072 | Episode Q0:    49.70
Episode: 6941/7000 | Episode reward:  1188.33 | Episode steps: 2500 | Average reward:  1106.92 | Step Count: 11567572 | Episode Q0:    49.70
Episode: 6942/7000 | Episode reward:  1164.17 | Episode steps: 2500 | Average reward:  1099.66 | Step Count: 11570072 | Episode Q0:    49.70
Episode: 6943/7000 | Episode reward:  1364.16 | Episode steps: 2500 | Average reward:  1122.93 | Step Count: 11572572 | Episode Q0:    49.70
Episode: 6944/7000 | Episode reward:  1156.71 | Episode steps: 2500 | Average reward:  1148.13 | Step Count: 11575072 | Episode Q0:    49.70
Episode: 6945/7000 | Episode reward:  1148.30 | Episode steps: 2500 | Average reward:  1147.48 | Step Count: 11577572 | Episode Q0:    49.70
Episode: 6946/7000 | Episode reward:  1065.59 | Episode steps: 2500 | Average reward:  1166.58 | Step Count: 11580072 | Episode Q0:    49.70
Episode: 6947/7000 | Episode reward:  1177.99 | Episode steps: 2500 | Average reward:  1166.63 | Step Count: 11582572 | Episode Q0:    49.70
Episode: 6948/7000 | Episode reward:  1371.80 | Episode steps: 2500 | Average reward:  1210.92 | Step Count: 11585072 | Episode Q0:    49.70
Episode: 6949/7000 | Episode reward:  1463.50 | Episode steps: 2500 | Average reward:  1231.60 | Step Count: 11587572 | Episode Q0:    49.70
Episode: 6950/7000 | Episode reward:  1258.85 | Episode steps: 2500 | Average reward:  1235.94 | Step Count: 11590072 | Episode Q0:    49.70
Episode: 6951/7000 | Episode reward:  1069.81 | Episode steps: 2500 | Average reward:  1224.09 | Step Count: 11592572 | Episode Q0:    49.70
Episode: 6952/7000 | Episode reward:  1358.57 | Episode steps: 2500 | Average reward:  1243.53 | Step Count: 11595072 | Episode Q0:    49.70
Episode: 6953/7000 | Episode reward:  1180.59 | Episode steps: 2500 | Average reward:  1225.17 | Step Count: 11597572 | Episode Q0:    49.70
Episode: 6954/7000 | Episode reward:  1249.77 | Episode steps: 2500 | Average reward:  1234.48 | Step Count: 11600072 | Episode Q0:    49.70
Episode: 6955/7000 | Episode reward:  1293.13 | Episode steps: 2500 | Average reward:  1248.96 | Step Count: 11602572 | Episode Q0:    49.70
Episode: 6956/7000 | Episode reward:  1282.09 | Episode steps: 2500 | Average reward:  1270.61 | Step Count: 11605072 | Episode Q0:    49.70
Episode: 6957/7000 | Episode reward:  1268.74 | Episode steps: 2500 | Average reward:  1279.68 | Step Count: 11607572 | Episode Q0:    49.70
Episode: 6958/7000 | Episode reward:  1258.41 | Episode steps: 2500 | Average reward:  1268.35 | Step Count: 11610072 | Episode Q0:    49.70
Episode: 6959/7000 | Episode reward:  1213.16 | Episode steps: 2500 | Average reward:  1243.31 | Step Count: 11612572 | Episode Q0:    49.70
Episode: 6960/7000 | Episode reward:  1192.60 | Episode steps: 2500 | Average reward:  1236.69 | Step Count: 11615072 | Episode Q0:    49.70
Episode: 6961/7000 | Episode reward:  1168.45 | Episode steps: 2500 | Average reward:  1246.55 | Step Count: 11617572 | Episode Q0:    49.70
Episode: 6962/7000 | Episode reward:  1157.40 | Episode steps: 2500 | Average reward:  1226.43 | Step Count: 11620072 | Episode Q0:    49.70
Episode: 6963/7000 | Episode reward:  1305.71 | Episode steps: 2500 | Average reward:  1238.95 | Step Count: 11622572 | Episode Q0:    49.70
Episode: 6964/7000 | Episode reward:  1155.21 | Episode steps: 2500 | Average reward:  1229.49 | Step Count: 11625072 | Episode Q0:    49.70
Episode: 6965/7000 | Episode reward:  1150.01 | Episode steps: 2500 | Average reward:  1215.18 | Step Count: 11627572 | Episode Q0:    49.70
Episode: 6966/7000 | Episode reward:  1155.88 | Episode steps: 2500 | Average reward:  1202.56 | Step Count: 11630072 | Episode Q0:    49.70
Episode: 6967/7000 | Episode reward:  1272.11 | Episode steps: 2500 | Average reward:  1202.89 | Step Count: 11632572 | Episode Q0:    49.70
Episode: 6968/7000 | Episode reward:   973.89 | Episode steps: 2500 | Average reward:  1174.44 | Step Count: 11635072 | Episode Q0:    48.99
Episode: 6969/7000 | Episode reward:   974.87 | Episode steps: 2500 | Average reward:  1150.61 | Step Count: 11637572 | Episode Q0:    48.99
Episode: 6970/7000 | Episode reward:  1154.10 | Episode steps: 2500 | Average reward:  1146.76 | Step Count: 11640072 | Episode Q0:    48.99
Episode: 6971/7000 | Episode reward:  1041.96 | Episode steps: 2500 | Average reward:  1134.12 | Step Count: 11642572 | Episode Q0:    48.99
Episode: 6972/7000 | Episode reward:   996.47 | Episode steps: 2500 | Average reward:  1118.02 | Step Count: 11645072 | Episode Q0:    48.99
Episode: 6973/7000 | Episode reward:   882.20 | Episode steps: 2500 | Average reward:  1075.67 | Step Count: 11647572 | Episode Q0:    48.99
Episode: 6974/7000 | Episode reward:   891.53 | Episode steps: 2500 | Average reward:  1049.30 | Step Count: 11650072 | Episode Q0:    48.99
Episode: 6975/7000 | Episode reward:   895.10 | Episode steps: 2500 | Average reward:  1023.81 | Step Count: 11652572 | Episode Q0:    48.99
Episode: 6976/7000 | Episode reward:  1008.80 | Episode steps: 2500 | Average reward:  1009.10 | Step Count: 11655072 | Episode Q0:    48.99
Episode: 6977/7000 | Episode reward:  1094.15 | Episode steps: 2500 | Average reward:   991.31 | Step Count: 11657572 | Episode Q0:    48.99
Episode: 6978/7000 | Episode reward:  1188.61 | Episode steps: 2500 | Average reward:  1012.78 | Step Count: 11660072 | Episode Q0:    48.99
Episode: 6979/7000 | Episode reward:  1004.36 | Episode steps: 2500 | Average reward:  1015.73 | Step Count: 11662572 | Episode Q0:    48.99
Episode: 6980/7000 | Episode reward:  1042.01 | Episode steps: 2500 | Average reward:  1004.52 | Step Count: 11665072 | Episode Q0:    48.99
Episode: 6981/7000 | Episode reward:   847.99 | Episode steps: 2500 | Average reward:   985.12 | Step Count: 11667572 | Episode Q0:    48.99
Episode: 6982/7000 | Episode reward:  1255.18 | Episode steps: 2500 | Average reward:  1010.99 | Step Count: 11670072 | Episode Q0:    48.99
Episode: 6983/7000 | Episode reward:   910.39 | Episode steps: 2500 | Average reward:  1013.81 | Step Count: 11672572 | Episode Q0:    48.99
Episode: 6984/7000 | Episode reward:   941.74 | Episode steps: 2500 | Average reward:  1018.83 | Step Count: 11675072 | Episode Q0:    48.99
Episode: 6985/7000 | Episode reward:  1059.30 | Episode steps: 2500 | Average reward:  1035.25 | Step Count: 11677572 | Episode Q0:    49.10
Episode: 6986/7000 | Episode reward:  1211.79 | Episode steps: 2500 | Average reward:  1055.55 | Step Count: 11680072 | Episode Q0:    49.10
Episode: 6987/7000 | Episode reward:   993.59 | Episode steps: 2500 | Average reward:  1045.49 | Step Count: 11682572 | Episode Q0:    49.10
Episode: 6988/7000 | Episode reward:   903.74 | Episode steps: 2500 | Average reward:  1017.01 | Step Count: 11685072 | Episode Q0:    49.10
Episode: 6989/7000 | Episode reward:   898.92 | Episode steps: 2500 | Average reward:  1006.46 | Step Count: 11687572 | Episode Q0:    49.10
Episode: 6990/7000 | Episode reward:   953.21 | Episode steps: 2500 | Average reward:   997.58 | Step Count: 11690072 | Episode Q0:    49.10
Episode: 6991/7000 | Episode reward:   802.67 | Episode steps: 2500 | Average reward:   993.05 | Step Count: 11692572 | Episode Q0:    49.10
Episode: 6992/7000 | Episode reward:  1169.47 | Episode steps: 2500 | Average reward:   984.48 | Step Count: 11695072 | Episode Q0:    49.10
Episode: 6993/7000 | Episode reward:  1153.46 | Episode steps: 2500 | Average reward:  1008.79 | Step Count: 11697572 | Episode Q0:    49.10
Episode: 6994/7000 | Episode reward:  1054.94 | Episode steps: 2500 | Average reward:  1020.11 | Step Count: 11700072 | Episode Q0:    49.10
Episode: 6995/7000 | Episode reward:  1109.12 | Episode steps: 2500 | Average reward:  1025.09 | Step Count: 11702572 | Episode Q0:    49.10
Episode: 6996/7000 | Episode reward:  1008.05 | Episode steps: 2500 | Average reward:  1004.72 | Step Count: 11705072 | Episode Q0:    49.10
Episode: 6997/7000 | Episode reward:  1131.30 | Episode steps: 2500 | Average reward:  1018.49 | Step Count: 11707572 | Episode Q0:    49.10
Episode: 6998/7000 | Episode reward:   976.91 | Episode steps: 2500 | Average reward:  1025.80 | Step Count: 11710072 | Episode Q0:    49.10
Episode: 6999/7000 | Episode reward:  1026.09 | Episode steps: 2500 | Average reward:  1038.52 | Step Count: 11712572 | Episode Q0:    49.10
Episode: 7000/7000 | Episode reward:  1030.51 | Episode steps: 2500 | Average reward:  1046.25 | Step Count: 11715072 | Episode Q0:    49.10

Running short fixed evaluation (7 cases)...
Finished evaluating case: 4
Finished evaluating case: 6
Finished evaluating case: 3
Finished evaluating case: 5
Finished evaluating case: 1
Finished evaluating case: 7
Finished evaluating case: 2

Running full fixed evaluation (297 cases)...
Finished evaluating case: 4
Finished evaluating case: 8
Finished evaluating case: 10
Finished evaluating case: 9
Finished evaluating case: 3
Finished evaluating case: 7
Finished evaluating case: 5
Finished evaluating case: 18
Finished evaluating case: 1
Finished evaluating case: 19
Finished evaluating case: 21
Finished evaluating case: 20
Finished evaluating case: 11
Finished evaluating case: 12
Finished evaluating case: 2
Finished evaluating case: 16
Finished evaluating case: 14
Finished evaluating case: 6
Finished evaluating case: 13
Finished evaluating case: 17
Finished evaluating case: 22
Finished evaluating case: 15
Finished evaluating case: 46
Finished evaluating case: 40
Finished evaluating case: 70
Finished evaluating case: 76
Finished evaluating case: 82
Finished evaluating case: 64
Finished evaluating case: 52
Finished evaluating case: 28
Finished evaluating case: 130
Finished evaluating case: 136
Finished evaluating case: 94
Finished evaluating case: 148
Finished evaluating case: 34
Finished evaluating case: 88
Finished evaluating case: 118
Finished evaluating case: 106
Finished evaluating case: 142
Finished evaluating case: 58
Finished evaluating case: 100
Finished evaluating case: 124
Finished evaluating case: 154
Finished evaluating case: 112
Finished evaluating case: 45
Finished evaluating case: 39
Finished evaluating case: 69
Finished evaluating case: 75
Finished evaluating case: 81
Finished evaluating case: 63
Finished evaluating case: 51
Finished evaluating case: 27
Finished evaluating case: 135
Finished evaluating case: 93
Finished evaluating case: 147
Finished evaluating case: 129
Finished evaluating case: 87
Finished evaluating case: 117
Finished evaluating case: 141
Finished evaluating case: 105
Finished evaluating case: 33
Finished evaluating case: 99
Finished evaluating case: 57
Finished evaluating case: 153
Finished evaluating case: 123
Finished evaluating case: 111
Finished evaluating case: 44
Finished evaluating case: 68
Finished evaluating case: 74
Finished evaluating case: 38
Finished evaluating case: 80
Finished evaluating case: 62
Finished evaluating case: 50
Finished evaluating case: 92
Finished evaluating case: 26
Finished evaluating case: 134
Finished evaluating case: 146
Finished evaluating case: 86
Finished evaluating case: 128
Finished evaluating case: 116
Finished evaluating case: 98
Finished evaluating case: 140
Finished evaluating case: 104
Finished evaluating case: 152
Finished evaluating case: 32
Finished evaluating case: 56
Finished evaluating case: 122
Finished evaluating case: 110
Finished evaluating case: 43
Finished evaluating case: 67
Finished evaluating case: 79
Finished evaluating case: 37
Finished evaluating case: 73
Finished evaluating case: 61
Finished evaluating case: 49
Finished evaluating case: 91
Finished evaluating case: 133
Finished evaluating case: 25
Finished evaluating case: 145
Finished evaluating case: 127
Finished evaluating case: 85
Finished evaluating case: 97
Finished evaluating case: 103
Finished evaluating case: 115
Finished evaluating case: 139
Finished evaluating case: 55
Finished evaluating case: 151
Finished evaluating case: 31
Finished evaluating case: 121
Finished evaluating case: 109
Finished evaluating case: 42
Finished evaluating case: 66
Finished evaluating case: 78
Finished evaluating case: 36
Finished evaluating case: 72
Finished evaluating case: 60
Finished evaluating case: 48
Finished evaluating case: 132
Finished evaluating case: 90
Finished evaluating case: 24
Finished evaluating case: 84
Finished evaluating case: 144
Finished evaluating case: 126
Finished evaluating case: 96
Finished evaluating case: 102
Finished evaluating case: 54
Finished evaluating case: 114
Finished evaluating case: 138
Finished evaluating case: 150
Finished evaluating case: 30
Finished evaluating case: 120
Finished evaluating case: 108
Finished evaluating case: 41
Finished evaluating case: 77
Finished evaluating case: 65
Finished evaluating case: 35
Finished evaluating case: 71
Finished evaluating case: 59
Finished evaluating case: 47
Finished evaluating case: 131
Finished evaluating case: 89
Finished evaluating case: 125
Finished evaluating case: 23
Finished evaluating case: 143
Finished evaluating case: 83
Finished evaluating case: 95
Finished evaluating case: 53
Finished evaluating case: 137
Finished evaluating case: 101
Finished evaluating case: 149
Finished evaluating case: 113
Finished evaluating case: 29
Finished evaluating case: 119
Finished evaluating case: 107
Finished evaluating case: 157
Finished evaluating case: 160
Finished evaluating case: 163
Finished evaluating case: 169
Finished evaluating case: 172
Finished evaluating case: 166
Finished evaluating case: 175
Finished evaluating case: 196
Finished evaluating case: 184
Finished evaluating case: 178
Finished evaluating case: 181
Finished evaluating case: 187
Finished evaluating case: 193
Finished evaluating case: 211
Finished evaluating case: 208
Finished evaluating case: 217
Finished evaluating case: 190
Finished evaluating case: 205
Finished evaluating case: 199
Finished evaluating case: 202
Finished evaluating case: 214
Finished evaluating case: 220
Finished evaluating case: 156
Finished evaluating case: 159
Finished evaluating case: 162
Finished evaluating case: 168
Finished evaluating case: 171
Finished evaluating case: 165
Finished evaluating case: 174
Finished evaluating case: 195
Finished evaluating case: 183
Finished evaluating case: 177
Finished evaluating case: 180
Finished evaluating case: 192
Finished evaluating case: 186
Finished evaluating case: 210
Finished evaluating case: 189
Finished evaluating case: 216
Finished evaluating case: 207
Finished evaluating case: 198
Finished evaluating case: 204
Finished evaluating case: 201
Finished evaluating case: 219
Finished evaluating case: 213
Finished evaluating case: 155
Finished evaluating case: 158
Finished evaluating case: 167
Finished evaluating case: 161
Finished evaluating case: 170
Finished evaluating case: 164
Finished evaluating case: 173
Finished evaluating case: 182
Finished evaluating case: 194
Finished evaluating case: 179
Finished evaluating case: 176
Finished evaluating case: 185
Finished evaluating case: 191
Finished evaluating case: 209
Finished evaluating case: 188
Finished evaluating case: 215
Finished evaluating case: 206
Finished evaluating case: 197
Finished evaluating case: 203
Finished evaluating case: 200
Finished evaluating case: 218
Finished evaluating case: 212
Finished evaluating case: 222
Finished evaluating case: 224
Finished evaluating case: 226
Finished evaluating case: 228
Finished evaluating case: 232
Finished evaluating case: 230
Finished evaluating case: 234
Finished evaluating case: 236
Finished evaluating case: 238
Finished evaluating case: 242
Finished evaluating case: 240
Finished evaluating case: 246
Finished evaluating case: 244
Finished evaluating case: 256
Finished evaluating case: 248
Finished evaluating case: 252
Finished evaluating case: 250
Finished evaluating case: 254
Finished evaluating case: 260
Finished evaluating case: 258
Finished evaluating case: 264
Finished evaluating case: 262
Finished evaluating case: 221
Finished evaluating case: 223
Finished evaluating case: 225
Finished evaluating case: 227
Finished evaluating case: 231
Finished evaluating case: 229
Finished evaluating case: 233
Finished evaluating case: 237
Finished evaluating case: 235
Finished evaluating case: 241
Finished evaluating case: 239
Finished evaluating case: 243
Finished evaluating case: 245
Finished evaluating case: 255
Finished evaluating case: 247
Finished evaluating case: 249
Finished evaluating case: 251
Finished evaluating case: 253
Finished evaluating case: 259
Finished evaluating case: 263
Finished evaluating case: 257
Finished evaluating case: 261
Finished evaluating case: 265
Finished evaluating case: 268
Finished evaluating case: 266
Finished evaluating case: 267
Finished evaluating case: 269
Finished evaluating case: 270
Finished evaluating case: 271
Finished evaluating case: 273
Finished evaluating case: 272
Finished evaluating case: 275
Finished evaluating case: 274
Finished evaluating case: 276
Finished evaluating case: 280
Finished evaluating case: 277
Finished evaluating case: 278
Finished evaluating case: 281
Finished evaluating case: 279
Finished evaluating case: 283
Finished evaluating case: 282
Finished evaluating case: 285
Finished evaluating case: 284
Finished evaluating case: 286
Finished evaluating case: 287
Finished evaluating case: 288
Finished evaluating case: 289
Finished evaluating case: 290
Finished evaluating case: 291
Finished evaluating case: 292
Finished evaluating case: 293
Finished evaluating case: 294
Finished evaluating case: 295
Finished evaluating case: 296
Finished evaluating case: 297
