Training console diary: C:\Users\abuj\Code\Reinforcement-Learning-Furuta-Inverted-Pendulum\results\TD3\run_20260708_130126_td3_mathworks_style_pi_current_1c_500hz_theta1_offset_warm\training_console.log
Episode:   1/2000 | Episode reward:   300.75 | Episode steps:  500 | Average reward:   300.75 | Step Count:  500 | Episode Q0:    28.33
Episode:   2/2000 | Episode reward:   454.37 | Episode steps:  609 | Average reward:   377.56 | Step Count: 1109 | Episode Q0:    28.33
Episode:   3/2000 | Episode reward:   299.82 | Episode steps:  500 | Average reward:   351.65 | Step Count: 1609 | Episode Q0:    28.33
Episode:   4/2000 | Episode reward:   530.23 | Episode steps:  709 | Average reward:   396.29 | Step Count: 2318 | Episode Q0:    28.33
Episode:   5/2000 | Episode reward:   714.04 | Episode steps: 1007 | Average reward:   459.84 | Step Count: 3325 | Episode Q0:    28.33
Episode:   6/2000 | Episode reward:  1391.05 | Episode steps: 1928 | Average reward:   615.04 | Step Count: 5253 | Episode Q0:    45.40
Episode:   7/2000 | Episode reward:  1741.74 | Episode steps: 2392 | Average reward:   776.00 | Step Count: 7645 | Episode Q0:    45.40
Episode:   8/2000 | Episode reward:  1348.12 | Episode steps: 1817 | Average reward:   847.51 | Step Count: 9462 | Episode Q0:    45.40
Episode:   9/2000 | Episode reward:  1762.28 | Episode steps: 2428 | Average reward:   949.16 | Step Count: 11890 | Episode Q0:    45.40
Episode:  10/2000 | Episode reward:   971.51 | Episode steps: 1349 | Average reward:   951.39 | Step Count: 13239 | Episode Q0:    45.40
Episode:  11/2000 | Episode reward:   859.48 | Episode steps: 1196 | Average reward:  1007.26 | Step Count: 14435 | Episode Q0:    45.40
Episode:  12/2000 | Episode reward:   763.58 | Episode steps: 1041 | Average reward:  1038.18 | Step Count: 15476 | Episode Q0:    45.40
Episode:  13/2000 | Episode reward:   597.06 | Episode steps:  825 | Average reward:  1067.91 | Step Count: 16301 | Episode Q0:    45.40
Episode:  14/2000 | Episode reward:  1827.29 | Episode steps: 2500 | Average reward:  1197.61 | Step Count: 18801 | Episode Q0:    45.40
Episode:  15/2000 | Episode reward:   446.51 | Episode steps:  613 | Average reward:  1170.86 | Step Count: 19414 | Episode Q0:    45.40
Episode:  16/2000 | Episode reward:   524.82 | Episode steps:  715 | Average reward:  1084.24 | Step Count: 20129 | Episode Q0:    45.40
Episode:  17/2000 | Episode reward:   730.39 | Episode steps:  995 | Average reward:   983.10 | Step Count: 21124 | Episode Q0:    45.40
Episode:  18/2000 | Episode reward:  1795.04 | Episode steps: 2500 | Average reward:  1027.80 | Step Count: 23624 | Episode Q0:    45.40
Episode:  19/2000 | Episode reward:   658.14 | Episode steps:  899 | Average reward:   917.38 | Step Count: 24523 | Episode Q0:    45.40
Episode:  20/2000 | Episode reward:   298.16 | Episode steps:  500 | Average reward:   850.05 | Step Count: 25023 | Episode Q0:    45.40
Episode:  21/2000 | Episode reward:  1366.21 | Episode steps: 1840 | Average reward:   900.72 | Step Count: 26863 | Episode Q0:    45.40
Episode:  22/2000 | Episode reward:   592.11 | Episode steps:  819 | Average reward:   883.57 | Step Count: 27682 | Episode Q0:    45.40
Episode:  23/2000 | Episode reward:   551.76 | Episode steps:  754 | Average reward:   879.04 | Step Count: 28436 | Episode Q0:    45.40
Episode:  24/2000 | Episode reward:   402.20 | Episode steps:  542 | Average reward:   736.54 | Step Count: 28978 | Episode Q0:    45.40
Episode:  25/2000 | Episode reward:   903.29 | Episode steps: 1240 | Average reward:   782.21 | Step Count: 30218 | Episode Q0:    45.40
Episode:  26/2000 | Episode reward:   297.87 | Episode steps:  500 | Average reward:   759.52 | Step Count: 30718 | Episode Q0:    45.40
Episode:  27/2000 | Episode reward:   598.61 | Episode steps:  821 | Average reward:   746.34 | Step Count: 31539 | Episode Q0:    45.40
Episode:  28/2000 | Episode reward:   563.44 | Episode steps:  838 | Average reward:   623.18 | Step Count: 32377 | Episode Q0:    45.40
Episode:  29/2000 | Episode reward:   839.56 | Episode steps: 1129 | Average reward:   641.32 | Step Count: 33506 | Episode Q0:    80.21
Episode:  30/2000 | Episode reward:   353.99 | Episode steps:  500 | Average reward:   646.91 | Step Count: 34006 | Episode Q0:    80.21
Episode:  31/2000 | Episode reward:   870.22 | Episode steps: 1189 | Average reward:   597.31 | Step Count: 35195 | Episode Q0:    80.21
Episode:  32/2000 | Episode reward:   779.09 | Episode steps: 1097 | Average reward:   616.00 | Step Count: 36292 | Episode Q0:    80.21
Episode:  33/2000 | Episode reward:   373.32 | Episode steps:  523 | Average reward:   598.16 | Step Count: 36815 | Episode Q0:    80.21
Episode:  34/2000 | Episode reward:   814.38 | Episode steps: 1102 | Average reward:   639.38 | Step Count: 37917 | Episode Q0:    80.21
Episode:  35/2000 | Episode reward:  1730.12 | Episode steps: 2391 | Average reward:   722.06 | Step Count: 40308 | Episode Q0:    80.21
Episode:  36/2000 | Episode reward:   283.00 | Episode steps:  500 | Average reward:   720.57 | Step Count: 40808 | Episode Q0:    80.21
Episode:  37/2000 | Episode reward:   422.12 | Episode steps:  568 | Average reward:   702.93 | Step Count: 41376 | Episode Q0:    80.21
Episode:  38/2000 | Episode reward:  1038.80 | Episode steps: 1418 | Average reward:   750.46 | Step Count: 42794 | Episode Q0:    80.21
Episode:  39/2000 | Episode reward:  1129.79 | Episode steps: 1547 | Average reward:   779.48 | Step Count: 44341 | Episode Q0:    80.21
Episode:  40/2000 | Episode reward:   974.25 | Episode steps: 1352 | Average reward:   841.51 | Step Count: 45693 | Episode Q0:    80.21
Episode:  41/2000 | Episode reward:  1238.29 | Episode steps: 1680 | Average reward:   878.32 | Step Count: 47373 | Episode Q0:    80.21
Episode:  42/2000 | Episode reward:  1843.07 | Episode steps: 2500 | Average reward:   984.71 | Step Count: 49873 | Episode Q0:    80.21
Episode:  43/2000 | Episode reward:   600.47 | Episode steps:  811 | Average reward:  1007.43 | Step Count: 50684 | Episode Q0:    80.21
Episode:  44/2000 | Episode reward:   404.90 | Episode steps:  545 | Average reward:   966.48 | Step Count: 51229 | Episode Q0:    80.21
Episode:  45/2000 | Episode reward:   626.29 | Episode steps:  877 | Average reward:   856.10 | Step Count: 52106 | Episode Q0:    80.21
Episode:  46/2000 | Episode reward:   232.12 | Episode steps:  335 | Average reward:   851.01 | Step Count: 52441 | Episode Q0:    80.21
Episode:  47/2000 | Episode reward:   650.13 | Episode steps:  897 | Average reward:   873.81 | Step Count: 53338 | Episode Q0:    80.21
Episode:  48/2000 | Episode reward:   787.51 | Episode steps: 1065 | Average reward:   848.68 | Step Count: 54403 | Episode Q0:    80.21
Episode:  49/2000 | Episode reward:     4.99 | Episode steps:   36 | Average reward:   736.20 | Step Count: 54439 | Episode Q0:    80.21
Episode:  50/2000 | Episode reward:   261.05 | Episode steps:  373 | Average reward:   664.88 | Step Count: 54812 | Episode Q0:    80.21
Episode:  51/2000 | Episode reward:   317.93 | Episode steps:  539 | Average reward:   572.85 | Step Count: 55351 | Episode Q0:    80.21
Episode:  52/2000 | Episode reward:   279.16 | Episode steps:  500 | Average reward:   416.45 | Step Count: 55851 | Episode Q0:    80.21
Episode:  53/2000 | Episode reward:   123.09 | Episode steps:  194 | Average reward:   368.72 | Step Count: 56045 | Episode Q0:    80.21
Episode:  54/2000 | Episode reward:   262.26 | Episode steps:  472 | Average reward:   354.45 | Step Count: 56517 | Episode Q0:    80.21
Episode:  55/2000 | Episode reward:   286.06 | Episode steps:  500 | Average reward:   320.43 | Step Count: 57017 | Episode Q0:    85.91
Episode:  56/2000 | Episode reward:   249.59 | Episode steps:  440 | Average reward:   322.18 | Step Count: 57457 | Episode Q0:    85.91
Episode:  57/2000 | Episode reward:   282.00 | Episode steps:  491 | Average reward:   285.36 | Step Count: 57948 | Episode Q0:    85.91
Episode:  58/2000 | Episode reward:   286.21 | Episode steps:  500 | Average reward:   235.23 | Step Count: 58448 | Episode Q0:    85.91
Episode:  59/2000 | Episode reward:   299.13 | Episode steps:  500 | Average reward:   264.65 | Step Count: 58948 | Episode Q0:    85.91
Episode:  60/2000 | Episode reward:   296.24 | Episode steps:  500 | Average reward:   268.17 | Step Count: 59448 | Episode Q0:    85.91
Episode:  61/2000 | Episode reward:   245.39 | Episode steps:  431 | Average reward:   260.91 | Step Count: 59879 | Episode Q0:    85.91
Episode:  62/2000 | Episode reward:   291.82 | Episode steps:  500 | Average reward:   262.18 | Step Count: 60379 | Episode Q0:    85.91
Episode:  63/2000 | Episode reward:   245.73 | Episode steps:  437 | Average reward:   274.44 | Step Count: 60816 | Episode Q0:    85.91
Episode:  64/2000 | Episode reward:   286.98 | Episode steps:  500 | Average reward:   276.92 | Step Count: 61316 | Episode Q0:    85.91
Episode:  65/2000 | Episode reward:   222.95 | Episode steps:  411 | Average reward:   270.60 | Step Count: 61727 | Episode Q0:    85.91
Episode:  66/2000 | Episode reward:   238.82 | Episode steps:  473 | Average reward:   269.53 | Step Count: 62200 | Episode Q0:    85.91
Episode:  67/2000 | Episode reward:   254.34 | Episode steps:  452 | Average reward:   266.76 | Step Count: 62652 | Episode Q0:    85.91
Episode:  68/2000 | Episode reward:   352.91 | Episode steps:  596 | Average reward:   273.43 | Step Count: 63248 | Episode Q0:    85.91
Episode:  69/2000 | Episode reward:   271.55 | Episode steps:  479 | Average reward:   270.67 | Step Count: 63727 | Episode Q0:    85.91
Episode:  70/2000 | Episode reward:   259.30 | Episode steps:  461 | Average reward:   266.98 | Step Count: 64188 | Episode Q0:    85.91
Episode:  71/2000 | Episode reward:   263.85 | Episode steps:  473 | Average reward:   268.83 | Step Count: 64661 | Episode Q0:    85.91
Episode:  72/2000 | Episode reward:   274.43 | Episode steps:  500 | Average reward:   267.09 | Step Count: 65161 | Episode Q0:    85.91
Episode:  73/2000 | Episode reward:   174.43 | Episode steps:  398 | Average reward:   259.96 | Step Count: 65559 | Episode Q0:    85.91
Episode:  74/2000 | Episode reward:   194.62 | Episode steps:  433 | Average reward:   250.72 | Step Count: 65992 | Episode Q0:    85.91
Episode:  75/2000 | Episode reward:   260.68 | Episode steps:  500 | Average reward:   254.49 | Step Count: 66492 | Episode Q0:    85.91
Episode:  76/2000 | Episode reward:   224.66 | Episode steps:  468 | Average reward:   253.08 | Step Count: 66960 | Episode Q0:    85.91
Episode:  77/2000 | Episode reward:   149.39 | Episode steps:  253 | Average reward:   242.58 | Step Count: 67213 | Episode Q0:    85.91
Episode:  78/2000 | Episode reward:   181.56 | Episode steps:  420 | Average reward:   225.45 | Step Count: 67633 | Episode Q0:    85.91
Episode:  79/2000 | Episode reward:    92.12 | Episode steps:  185 | Average reward:   207.50 | Step Count: 67818 | Episode Q0:    85.91
Episode:  80/2000 | Episode reward:    73.75 | Episode steps:  142 | Average reward:   188.95 | Step Count: 67960 | Episode Q0:    85.91
Episode:  81/2000 | Episode reward:    97.67 | Episode steps:  187 | Average reward:   172.33 | Step Count: 68147 | Episode Q0:    85.91
Episode:  82/2000 | Episode reward:   116.66 | Episode steps:  194 | Average reward:   156.55 | Step Count: 68341 | Episode Q0:    85.91
Episode:  83/2000 | Episode reward:   394.65 | Episode steps:  685 | Average reward:   178.58 | Step Count: 69026 | Episode Q0:    85.91
Episode:  84/2000 | Episode reward:   158.60 | Episode steps:  410 | Average reward:   174.97 | Step Count: 69436 | Episode Q0:    86.02
Episode:  85/2000 | Episode reward:    66.45 | Episode steps:  141 | Average reward:   155.55 | Step Count: 69577 | Episode Q0:    86.02
Episode:  86/2000 | Episode reward:   151.88 | Episode steps:  378 | Average reward:   148.27 | Step Count: 69955 | Episode Q0:    86.02
Episode:  87/2000 | Episode reward:   212.22 | Episode steps:  452 | Average reward:   154.56 | Step Count: 70407 | Episode Q0:    86.02
Episode:  88/2000 | Episode reward:   102.09 | Episode steps:  188 | Average reward:   146.61 | Step Count: 70595 | Episode Q0:    86.02
Episode:  89/2000 | Episode reward:   192.03 | Episode steps:  433 | Average reward:   156.60 | Step Count: 71028 | Episode Q0:    86.02
Episode:  90/2000 | Episode reward:   135.86 | Episode steps:  230 | Average reward:   162.81 | Step Count: 71258 | Episode Q0:    86.02
Episode:  91/2000 | Episode reward:   220.57 | Episode steps:  471 | Average reward:   175.10 | Step Count: 71729 | Episode Q0:    86.02
Episode:  92/2000 | Episode reward:   253.27 | Episode steps:  500 | Average reward:   188.76 | Step Count: 72229 | Episode Q0:    86.02
Episode:  93/2000 | Episode reward:   134.71 | Episode steps:  229 | Average reward:   162.77 | Step Count: 72458 | Episode Q0:    86.02
Episode:  94/2000 | Episode reward:   276.46 | Episode steps:  500 | Average reward:   174.55 | Step Count: 72958 | Episode Q0:    86.02
Episode:  95/2000 | Episode reward:   256.35 | Episode steps:  500 | Average reward:   193.54 | Step Count: 73458 | Episode Q0:    86.02
Episode:  96/2000 | Episode reward:   171.43 | Episode steps:  392 | Average reward:   195.50 | Step Count: 73850 | Episode Q0:    86.02
Episode:  97/2000 | Episode reward:   240.11 | Episode steps:  385 | Average reward:   198.29 | Step Count: 74235 | Episode Q0:    86.02
Episode:  98/2000 | Episode reward:   236.58 | Episode steps:  495 | Average reward:   211.74 | Step Count: 74730 | Episode Q0:    86.02
Episode:  99/2000 | Episode reward:   137.97 | Episode steps:  254 | Average reward:   206.33 | Step Count: 74984 | Episode Q0:    86.02
Episode: 100/2000 | Episode reward:   143.85 | Episode steps:  310 | Average reward:   207.13 | Step Count: 75294 | Episode Q0:    86.02
Episode: 101/2000 | Episode reward:   113.60 | Episode steps:  270 | Average reward:   196.43 | Step Count: 75564 | Episode Q0:    86.02
Episode: 102/2000 | Episode reward:    74.44 | Episode steps:  177 | Average reward:   178.55 | Step Count: 75741 | Episode Q0:    86.02
Episode: 103/2000 | Episode reward:    96.18 | Episode steps:  240 | Average reward:   174.70 | Step Count: 75981 | Episode Q0:    86.02
Episode: 104/2000 | Episode reward:   213.22 | Episode steps:  397 | Average reward:   168.37 | Step Count: 76378 | Episode Q0:    86.02
Episode: 105/2000 | Episode reward:   114.47 | Episode steps:  262 | Average reward:   154.19 | Step Count: 76640 | Episode Q0:    86.02
Episode: 106/2000 | Episode reward:   102.69 | Episode steps:  230 | Average reward:   147.31 | Step Count: 76870 | Episode Q0:    86.02
Episode: 107/2000 | Episode reward:   188.70 | Episode steps:  490 | Average reward:   142.17 | Step Count: 77360 | Episode Q0:    86.02
Episode: 108/2000 | Episode reward:   264.30 | Episode steps:  500 | Average reward:   144.94 | Step Count: 77860 | Episode Q0:    86.02
Episode: 109/2000 | Episode reward:   109.86 | Episode steps:  242 | Average reward:   142.13 | Step Count: 78102 | Episode Q0:    86.02
Episode: 110/2000 | Episode reward:   114.30 | Episode steps:  194 | Average reward:   139.18 | Step Count: 78296 | Episode Q0:    86.02
Episode: 111/2000 | Episode reward:   187.72 | Episode steps:  365 | Average reward:   146.59 | Step Count: 78661 | Episode Q0:    86.02
Episode: 112/2000 | Episode reward:    81.18 | Episode steps:  179 | Average reward:   147.26 | Step Count: 78840 | Episode Q0:    86.02
Episode: 113/2000 | Episode reward:   110.26 | Episode steps:  245 | Average reward:   148.67 | Step Count: 79085 | Episode Q0:    86.02
Episode: 114/2000 | Episode reward:    86.08 | Episode steps:  194 | Average reward:   135.96 | Step Count: 79279 | Episode Q0:    86.02
Episode: 115/2000 | Episode reward:    84.69 | Episode steps:  224 | Average reward:   132.98 | Step Count: 79503 | Episode Q0:    86.02
Episode: 116/2000 | Episode reward:    73.84 | Episode steps:  167 | Average reward:   130.09 | Step Count: 79670 | Episode Q0:    86.02
Episode: 117/2000 | Episode reward:   144.71 | Episode steps:  273 | Average reward:   125.69 | Step Count: 79943 | Episode Q0:    85.61
Episode: 118/2000 | Episode reward:   230.13 | Episode steps:  500 | Average reward:   122.28 | Step Count: 80443 | Episode Q0:    85.61
Episode: 119/2000 | Episode reward:   242.25 | Episode steps:  435 | Average reward:   135.52 | Step Count: 80878 | Episode Q0:    85.61
Episode: 120/2000 | Episode reward:   140.13 | Episode steps:  264 | Average reward:   138.10 | Step Count: 81142 | Episode Q0:    85.61
Episode: 121/2000 | Episode reward:   210.51 | Episode steps:  396 | Average reward:   140.38 | Step Count: 81538 | Episode Q0:    85.61
Episode: 122/2000 | Episode reward:   124.41 | Episode steps:  267 | Average reward:   144.70 | Step Count: 81805 | Episode Q0:    85.61
Episode: 123/2000 | Episode reward:   199.85 | Episode steps:  500 | Average reward:   153.66 | Step Count: 82305 | Episode Q0:    85.61
Episode: 124/2000 | Episode reward:   171.03 | Episode steps:  311 | Average reward:   162.15 | Step Count: 82616 | Episode Q0:    85.61
Episode: 125/2000 | Episode reward:   171.46 | Episode steps:  317 | Average reward:   170.83 | Step Count: 82933 | Episode Q0:    85.61
Episode: 126/2000 | Episode reward:    83.30 | Episode steps:  175 | Average reward:   171.78 | Step Count: 83108 | Episode Q0:    85.61
Episode: 127/2000 | Episode reward:   124.86 | Episode steps:  281 | Average reward:   169.79 | Step Count: 83389 | Episode Q0:    85.61
Episode: 128/2000 | Episode reward:   315.46 | Episode steps:  553 | Average reward:   178.33 | Step Count: 83942 | Episode Q0:    85.61
Episode: 129/2000 | Episode reward:   224.33 | Episode steps:  353 | Average reward:   176.53 | Step Count: 84295 | Episode Q0:    85.61
Episode: 130/2000 | Episode reward:   325.54 | Episode steps:  567 | Average reward:   195.07 | Step Count: 84862 | Episode Q0:    85.61
Episode: 131/2000 | Episode reward:   513.51 | Episode steps:  803 | Average reward:   225.37 | Step Count: 85665 | Episode Q0:    85.61
Episode: 132/2000 | Episode reward:   537.32 | Episode steps:  870 | Average reward:   266.67 | Step Count: 86535 | Episode Q0:    85.61
Episode: 133/2000 | Episode reward:   249.47 | Episode steps:  466 | Average reward:   271.63 | Step Count: 87001 | Episode Q0:    85.61
Episode: 134/2000 | Episode reward:   320.48 | Episode steps:  500 | Average reward:   286.57 | Step Count: 87501 | Episode Q0:    85.61
Episode: 135/2000 | Episode reward:   464.88 | Episode steps:  665 | Average reward:   315.92 | Step Count: 88166 | Episode Q0:    85.61
Episode: 136/2000 | Episode reward:   491.20 | Episode steps:  727 | Average reward:   356.71 | Step Count: 88893 | Episode Q0:    85.61
Episode: 137/2000 | Episode reward:   187.13 | Episode steps:  295 | Average reward:   362.93 | Step Count: 89188 | Episode Q0:    85.61
Episode: 138/2000 | Episode reward:   281.04 | Episode steps:  500 | Average reward:   359.49 | Step Count: 89688 | Episode Q0:    85.61
Episode: 139/2000 | Episode reward:   338.12 | Episode steps:  500 | Average reward:   370.87 | Step Count: 90188 | Episode Q0:    85.61
Episode: 140/2000 | Episode reward:   261.85 | Episode steps:  500 | Average reward:   364.50 | Step Count: 90688 | Episode Q0:    85.61
Episode: 141/2000 | Episode reward:   261.56 | Episode steps:  500 | Average reward:   339.31 | Step Count: 91188 | Episode Q0:    85.61
Episode: 142/2000 | Episode reward:   254.96 | Episode steps:  473 | Average reward:   311.07 | Step Count: 91661 | Episode Q0:    85.61
Episode: 143/2000 | Episode reward:   278.41 | Episode steps:  500 | Average reward:   313.96 | Step Count: 92161 | Episode Q0:    84.72
Episode: 144/2000 | Episode reward:   604.45 | Episode steps: 1008 | Average reward:   342.36 | Step Count: 93169 | Episode Q0:    84.72
Episode: 145/2000 | Episode reward:   268.99 | Episode steps:  500 | Average reward:   322.77 | Step Count: 93669 | Episode Q0:    84.72
Episode: 146/2000 | Episode reward:   583.58 | Episode steps:  955 | Average reward:   332.01 | Step Count: 94624 | Episode Q0:    84.72
Episode: 147/2000 | Episode reward:   501.11 | Episode steps:  761 | Average reward:   363.41 | Step Count: 95385 | Episode Q0:    84.72
Episode: 148/2000 | Episode reward:   378.22 | Episode steps:  662 | Average reward:   373.12 | Step Count: 96047 | Episode Q0:    84.72
Episode: 149/2000 | Episode reward:   279.79 | Episode steps:  500 | Average reward:   367.29 | Step Count: 96547 | Episode Q0:    84.72
Episode: 150/2000 | Episode reward:   329.38 | Episode steps:  573 | Average reward:   374.04 | Step Count: 97120 | Episode Q0:    84.72
Episode: 151/2000 | Episode reward:   265.46 | Episode steps:  500 | Average reward:   374.43 | Step Count: 97620 | Episode Q0:    84.72
Episode: 152/2000 | Episode reward:   289.64 | Episode steps:  500 | Average reward:   377.90 | Step Count: 98120 | Episode Q0:    84.72
Episode: 153/2000 | Episode reward:   239.18 | Episode steps:  500 | Average reward:   373.98 | Step Count: 98620 | Episode Q0:    84.72
Episode: 154/2000 | Episode reward:   285.76 | Episode steps:  500 | Average reward:   342.11 | Step Count: 99120 | Episode Q0:    84.72
Episode: 155/2000 | Episode reward:   220.56 | Episode steps:  411 | Average reward:   337.27 | Step Count: 99531 | Episode Q0:    84.72
Episode: 156/2000 | Episode reward:   280.68 | Episode steps:  500 | Average reward:   306.98 | Step Count: 100031 | Episode Q0:    84.72
Episode: 157/2000 | Episode reward:   320.93 | Episode steps:  500 | Average reward:   288.96 | Step Count: 100531 | Episode Q0:    84.72
Episode: 158/2000 | Episode reward:   358.67 | Episode steps:  543 | Average reward:   287.01 | Step Count: 101074 | Episode Q0:    84.72
Episode: 159/2000 | Episode reward:   241.56 | Episode steps:  500 | Average reward:   283.18 | Step Count: 101574 | Episode Q0:    84.72
Episode: 160/2000 | Episode reward:   438.47 | Episode steps:  673 | Average reward:   294.09 | Step Count: 102247 | Episode Q0:    84.72
Episode: 161/2000 | Episode reward:   330.79 | Episode steps:  500 | Average reward:   300.63 | Step Count: 102747 | Episode Q0:    84.72
Episode: 162/2000 | Episode reward:   248.25 | Episode steps:  500 | Average reward:   296.49 | Step Count: 103247 | Episode Q0:    84.72
Episode: 163/2000 | Episode reward:   232.76 | Episode steps:  466 | Average reward:   295.84 | Step Count: 103713 | Episode Q0:    84.72
Episode: 164/2000 | Episode reward:   201.02 | Episode steps:  455 | Average reward:   287.37 | Step Count: 104168 | Episode Q0:    84.72
Episode: 165/2000 | Episode reward:   424.83 | Episode steps:  602 | Average reward:   307.80 | Step Count: 104770 | Episode Q0:    84.72
Episode: 166/2000 | Episode reward:   174.62 | Episode steps:  274 | Average reward:   297.19 | Step Count: 105044 | Episode Q0:    84.72
Episode: 167/2000 | Episode reward:   326.00 | Episode steps:  500 | Average reward:   297.70 | Step Count: 105544 | Episode Q0:    84.72
Episode: 168/2000 | Episode reward:   628.90 | Episode steps:  935 | Average reward:   324.72 | Step Count: 106479 | Episode Q0:    84.72
Episode: 169/2000 | Episode reward:   197.71 | Episode steps:  397 | Average reward:   320.34 | Step Count: 106876 | Episode Q0:    84.72
Episode: 170/2000 | Episode reward:   334.03 | Episode steps:  529 | Average reward:   309.89 | Step Count: 107405 | Episode Q0:    84.72
Episode: 171/2000 | Episode reward:   226.62 | Episode steps:  461 | Average reward:   299.47 | Step Count: 107866 | Episode Q0:    84.06
Episode: 172/2000 | Episode reward:   465.08 | Episode steps:  664 | Average reward:   321.16 | Step Count: 108530 | Episode Q0:    84.06
Episode: 173/2000 | Episode reward:   165.11 | Episode steps:  272 | Average reward:   314.39 | Step Count: 108802 | Episode Q0:    84.06
Episode: 174/2000 | Episode reward:   264.04 | Episode steps:  500 | Average reward:   320.69 | Step Count: 109302 | Episode Q0:    84.06
Episode: 175/2000 | Episode reward:   157.07 | Episode steps:  252 | Average reward:   293.92 | Step Count: 109554 | Episode Q0:    84.06
Episode: 176/2000 | Episode reward:   251.28 | Episode steps:  500 | Average reward:   301.58 | Step Count: 110054 | Episode Q0:    84.06
Episode: 177/2000 | Episode reward:   233.77 | Episode steps:  500 | Average reward:   292.36 | Step Count: 110554 | Episode Q0:    84.06
Episode: 178/2000 | Episode reward:   225.10 | Episode steps:  376 | Average reward:   251.98 | Step Count: 110930 | Episode Q0:    84.06
Episode: 179/2000 | Episode reward:   224.31 | Episode steps:  462 | Average reward:   254.64 | Step Count: 111392 | Episode Q0:    84.06
Episode: 180/2000 | Episode reward:   894.11 | Episode steps: 1527 | Average reward:   310.65 | Step Count: 112919 | Episode Q0:    84.06
Episode: 181/2000 | Episode reward:   601.70 | Episode steps:  951 | Average reward:   348.16 | Step Count: 113870 | Episode Q0:    84.06
Episode: 182/2000 | Episode reward:   312.29 | Episode steps:  500 | Average reward:   332.88 | Step Count: 114370 | Episode Q0:    84.06
Episode: 183/2000 | Episode reward:   248.80 | Episode steps:  500 | Average reward:   341.25 | Step Count: 114870 | Episode Q0:    84.06
Episode: 184/2000 | Episode reward:   311.56 | Episode steps:  500 | Average reward:   346.00 | Step Count: 115370 | Episode Q0:    84.06
Episode: 185/2000 | Episode reward:   230.35 | Episode steps:  467 | Average reward:   353.33 | Step Count: 115837 | Episode Q0:    84.06
Episode: 186/2000 | Episode reward:   415.59 | Episode steps:  627 | Average reward:   369.76 | Step Count: 116464 | Episode Q0:    84.06
Episode: 187/2000 | Episode reward:   386.92 | Episode steps:  599 | Average reward:   385.07 | Step Count: 117063 | Episode Q0:    84.06
Episode: 188/2000 | Episode reward:   336.72 | Episode steps:  500 | Average reward:   396.24 | Step Count: 117563 | Episode Q0:    84.06
Episode: 189/2000 | Episode reward:   562.49 | Episode steps:  809 | Average reward:   430.05 | Step Count: 118372 | Episode Q0:    84.06
Episode: 190/2000 | Episode reward:   345.41 | Episode steps:  523 | Average reward:   375.18 | Step Count: 118895 | Episode Q0:    84.06
Episode: 191/2000 | Episode reward:   296.64 | Episode steps:  501 | Average reward:   344.68 | Step Count: 119396 | Episode Q0:    84.06
Episode: 192/2000 | Episode reward:   385.01 | Episode steps:  521 | Average reward:   351.95 | Step Count: 119917 | Episode Q0:    84.06
Episode: 193/2000 | Episode reward:   509.20 | Episode steps:  761 | Average reward:   377.99 | Step Count: 120678 | Episode Q0:    82.58
Episode: 194/2000 | Episode reward:   532.41 | Episode steps:  779 | Average reward:   400.07 | Step Count: 121457 | Episode Q0:    82.58
Episode: 195/2000 | Episode reward:   453.97 | Episode steps:  710 | Average reward:   422.44 | Step Count: 122167 | Episode Q0:    82.58
Episode: 196/2000 | Episode reward:   478.25 | Episode steps:  735 | Average reward:   428.70 | Step Count: 122902 | Episode Q0:    82.58
Episode: 197/2000 | Episode reward:   369.70 | Episode steps:  535 | Average reward:   426.98 | Step Count: 123437 | Episode Q0:    82.58
Episode: 198/2000 | Episode reward:   221.71 | Episode steps:  396 | Average reward:   415.48 | Step Count: 123833 | Episode Q0:    82.58
Episode: 199/2000 | Episode reward:   287.48 | Episode steps:  477 | Average reward:   387.98 | Step Count: 124310 | Episode Q0:    82.58
Episode: 200/2000 | Episode reward:   269.02 | Episode steps:  413 | Average reward:   380.34 | Step Count: 124723 | Episode Q0:    82.58
Episode: 201/2000 | Episode reward:   285.21 | Episode steps:  489 | Average reward:   379.20 | Step Count: 125212 | Episode Q0:    82.58
Episode: 202/2000 | Episode reward:   258.09 | Episode steps:  427 | Average reward:   366.50 | Step Count: 125639 | Episode Q0:    82.58
Episode: 203/2000 | Episode reward:   287.38 | Episode steps:  423 | Average reward:   344.32 | Step Count: 126062 | Episode Q0:    82.58
Episode: 204/2000 | Episode reward:   411.10 | Episode steps:  616 | Average reward:   332.19 | Step Count: 126678 | Episode Q0:    82.58
Episode: 205/2000 | Episode reward:   469.02 | Episode steps:  756 | Average reward:   333.70 | Step Count: 127434 | Episode Q0:    82.58
Episode: 206/2000 | Episode reward:   368.30 | Episode steps:  516 | Average reward:   322.70 | Step Count: 127950 | Episode Q0:    82.58
Episode: 207/2000 | Episode reward:   451.36 | Episode steps:  683 | Average reward:   330.87 | Step Count: 128633 | Episode Q0:    82.58
Episode: 208/2000 | Episode reward:   380.02 | Episode steps:  549 | Average reward:   346.70 | Step Count: 129182 | Episode Q0:    82.58
Episode: 209/2000 | Episode reward:   409.57 | Episode steps:  576 | Average reward:   358.91 | Step Count: 129758 | Episode Q0:    82.58
Episode: 210/2000 | Episode reward:   259.53 | Episode steps:  419 | Average reward:   357.96 | Step Count: 130177 | Episode Q0:    82.58
Episode: 211/2000 | Episode reward:   379.38 | Episode steps:  546 | Average reward:   367.37 | Step Count: 130723 | Episode Q0:    82.58
Episode: 212/2000 | Episode reward:   342.16 | Episode steps:  523 | Average reward:   375.78 | Step Count: 131246 | Episode Q0:    82.58
Episode: 213/2000 | Episode reward:   715.05 | Episode steps: 1098 | Average reward:   418.55 | Step Count: 132344 | Episode Q0:    82.58
Episode: 214/2000 | Episode reward:   356.64 | Episode steps:  514 | Average reward:   413.10 | Step Count: 132858 | Episode Q0:    82.58
Episode: 215/2000 | Episode reward:    48.76 | Episode steps:  238 | Average reward:   371.08 | Step Count: 133096 | Episode Q0:    82.58
Episode: 216/2000 | Episode reward:   209.89 | Episode steps:  508 | Average reward:   355.23 | Step Count: 133604 | Episode Q0:    82.58
Episode: 217/2000 | Episode reward:   419.56 | Episode steps:  593 | Average reward:   352.05 | Step Count: 134197 | Episode Q0:    82.58
Episode: 218/2000 | Episode reward:   334.56 | Episode steps:  503 | Average reward:   347.51 | Step Count: 134700 | Episode Q0:    82.58
Episode: 219/2000 | Episode reward:   335.12 | Episode steps:  526 | Average reward:   340.06 | Step Count: 135226 | Episode Q0:    82.58
Episode: 220/2000 | Episode reward:   108.37 | Episode steps:  355 | Average reward:   324.95 | Step Count: 135581 | Episode Q0:    82.92
Episode: 221/2000 | Episode reward:   389.19 | Episode steps:  559 | Average reward:   325.93 | Step Count: 136140 | Episode Q0:    82.92
Episode: 222/2000 | Episode reward:    51.62 | Episode steps:  253 | Average reward:   296.88 | Step Count: 136393 | Episode Q0:    82.92
Episode: 223/2000 | Episode reward:   367.25 | Episode steps:  524 | Average reward:   262.10 | Step Count: 136917 | Episode Q0:    82.92
Episode: 224/2000 | Episode reward:   390.20 | Episode steps:  573 | Average reward:   265.45 | Step Count: 137490 | Episode Q0:    82.92
Episode: 225/2000 | Episode reward:   240.85 | Episode steps:  383 | Average reward:   284.66 | Step Count: 137873 | Episode Q0:    82.92
Episode: 226/2000 | Episode reward:   352.57 | Episode steps:  511 | Average reward:   298.93 | Step Count: 138384 | Episode Q0:    82.92
Episode: 227/2000 | Episode reward:   217.42 | Episode steps:  500 | Average reward:   278.72 | Step Count: 138884 | Episode Q0:    82.92
Episode: 228/2000 | Episode reward:   321.14 | Episode steps:  523 | Average reward:   277.37 | Step Count: 139407 | Episode Q0:    82.92
Episode: 229/2000 | Episode reward:   650.87 | Episode steps:  954 | Average reward:   308.95 | Step Count: 140361 | Episode Q0:    82.92
Episode: 230/2000 | Episode reward:   799.14 | Episode steps: 1070 | Average reward:   378.03 | Step Count: 141431 | Episode Q0:    82.92
Episode: 231/2000 | Episode reward:   152.98 | Episode steps:  397 | Average reward:   354.40 | Step Count: 141828 | Episode Q0:    82.92
Episode: 232/2000 | Episode reward:   348.76 | Episode steps:  500 | Average reward:   384.12 | Step Count: 142328 | Episode Q0:    82.92
Episode: 233/2000 | Episode reward:   180.52 | Episode steps:  290 | Average reward:   365.45 | Step Count: 142618 | Episode Q0:    82.92
Episode: 234/2000 | Episode reward:   364.21 | Episode steps:  542 | Average reward:   362.85 | Step Count: 143160 | Episode Q0:    82.92
Episode: 235/2000 | Episode reward:   289.20 | Episode steps:  500 | Average reward:   367.68 | Step Count: 143660 | Episode Q0:    82.92
Episode: 236/2000 | Episode reward:   355.79 | Episode steps:  502 | Average reward:   368.00 | Step Count: 144162 | Episode Q0:    82.92
Episode: 237/2000 | Episode reward:   222.02 | Episode steps:  500 | Average reward:   368.46 | Step Count: 144662 | Episode Q0:    82.92
Episode: 238/2000 | Episode reward:   283.83 | Episode steps:  500 | Average reward:   364.73 | Step Count: 145162 | Episode Q0:    82.92
Episode: 239/2000 | Episode reward:   259.06 | Episode steps:  500 | Average reward:   325.55 | Step Count: 145662 | Episode Q0:    82.92
Episode: 240/2000 | Episode reward:   392.54 | Episode steps:  603 | Average reward:   284.89 | Step Count: 146265 | Episode Q0:    82.92
Episode: 241/2000 | Episode reward:   333.93 | Episode steps:  500 | Average reward:   302.99 | Step Count: 146765 | Episode Q0:    82.92
Episode: 242/2000 | Episode reward:   559.04 | Episode steps:  869 | Average reward:   324.02 | Step Count: 147634 | Episode Q0:    82.92
Episode: 243/2000 | Episode reward:   329.29 | Episode steps:  500 | Average reward:   338.89 | Step Count: 148134 | Episode Q0:    82.92
Episode: 244/2000 | Episode reward:   340.47 | Episode steps:  500 | Average reward:   336.52 | Step Count: 148634 | Episode Q0:    82.92
Episode: 245/2000 | Episode reward:   333.43 | Episode steps:  500 | Average reward:   340.94 | Step Count: 149134 | Episode Q0:    81.33
Episode: 246/2000 | Episode reward:   265.81 | Episode steps:  500 | Average reward:   331.94 | Step Count: 149634 | Episode Q0:    81.33
Episode: 247/2000 | Episode reward:   228.10 | Episode steps:  368 | Average reward:   332.55 | Step Count: 150002 | Episode Q0:    81.33
Episode: 248/2000 | Episode reward:   270.69 | Episode steps:  500 | Average reward:   331.24 | Step Count: 150502 | Episode Q0:    81.33
Episode: 249/2000 | Episode reward:   254.67 | Episode steps:  500 | Average reward:   330.80 | Step Count: 151002 | Episode Q0:    81.33
Episode: 250/2000 | Episode reward:   276.24 | Episode steps:  525 | Average reward:   319.17 | Step Count: 151527 | Episode Q0:    81.33
Episode: 251/2000 | Episode reward:   387.29 | Episode steps:  535 | Average reward:   324.50 | Step Count: 152062 | Episode Q0:    81.33
Episode: 252/2000 | Episode reward:   323.84 | Episode steps:  500 | Average reward:   300.98 | Step Count: 152562 | Episode Q0:    81.33
Episode: 253/2000 | Episode reward:   282.72 | Episode steps:  500 | Average reward:   296.33 | Step Count: 153062 | Episode Q0:    81.33
Episode: 254/2000 | Episode reward:   336.04 | Episode steps:  500 | Average reward:   295.88 | Step Count: 153562 | Episode Q0:    81.33
Episode: 255/2000 | Episode reward:   276.42 | Episode steps:  500 | Average reward:   290.18 | Step Count: 154062 | Episode Q0:    81.33
Episode: 256/2000 | Episode reward:   396.52 | Episode steps:  579 | Average reward:   303.25 | Step Count: 154641 | Episode Q0:    81.33
Episode: 257/2000 | Episode reward:   527.67 | Episode steps:  804 | Average reward:   333.21 | Step Count: 155445 | Episode Q0:    81.33
Episode: 258/2000 | Episode reward:   559.66 | Episode steps:  869 | Average reward:   362.11 | Step Count: 156314 | Episode Q0:    81.33
Episode: 259/2000 | Episode reward:   347.57 | Episode steps:  500 | Average reward:   371.40 | Step Count: 156814 | Episode Q0:    81.33
Episode: 260/2000 | Episode reward:   346.78 | Episode steps:  500 | Average reward:   378.45 | Step Count: 157314 | Episode Q0:    81.33
Episode: 261/2000 | Episode reward:   391.32 | Episode steps:  604 | Average reward:   378.85 | Step Count: 157918 | Episode Q0:    81.33
Episode: 262/2000 | Episode reward:   344.41 | Episode steps:  500 | Average reward:   380.91 | Step Count: 158418 | Episode Q0:    81.33
Episode: 263/2000 | Episode reward:   463.98 | Episode steps:  712 | Average reward:   399.04 | Step Count: 159130 | Episode Q0:    81.33
Episode: 264/2000 | Episode reward:   348.25 | Episode steps:  500 | Average reward:   400.26 | Step Count: 159630 | Episode Q0:    81.33
Episode: 265/2000 | Episode reward:   368.92 | Episode steps:  500 | Average reward:   409.51 | Step Count: 160130 | Episode Q0:    81.33
Episode: 266/2000 | Episode reward:   353.77 | Episode steps:  500 | Average reward:   405.23 | Step Count: 160630 | Episode Q0:    81.33
Episode: 267/2000 | Episode reward:   322.76 | Episode steps:  500 | Average reward:   384.74 | Step Count: 161130 | Episode Q0:    81.33
Episode: 268/2000 | Episode reward:   221.41 | Episode steps:  467 | Average reward:   350.92 | Step Count: 161597 | Episode Q0:    81.33
Episode: 269/2000 | Episode reward:   262.21 | Episode steps:  500 | Average reward:   342.38 | Step Count: 162097 | Episode Q0:    81.33
Episode: 270/2000 | Episode reward:   676.97 | Episode steps:  967 | Average reward:   375.40 | Step Count: 163064 | Episode Q0:    81.33
Episode: 271/2000 | Episode reward:   439.57 | Episode steps:  589 | Average reward:   380.22 | Step Count: 163653 | Episode Q0:    80.93
Episode: 272/2000 | Episode reward:   289.21 | Episode steps:  500 | Average reward:   374.71 | Step Count: 164153 | Episode Q0:    80.93
Episode: 273/2000 | Episode reward:   193.27 | Episode steps:  409 | Average reward:   347.63 | Step Count: 164562 | Episode Q0:    80.93
Episode: 274/2000 | Episode reward:   312.98 | Episode steps:  538 | Average reward:   344.11 | Step Count: 165100 | Episode Q0:    80.93
Episode: 275/2000 | Episode reward:   376.17 | Episode steps:  550 | Average reward:   344.83 | Step Count: 165650 | Episode Q0:    80.93
Episode: 276/2000 | Episode reward:   364.80 | Episode steps:  500 | Average reward:   345.93 | Step Count: 166150 | Episode Q0:    80.93
Episode: 277/2000 | Episode reward:  1151.55 | Episode steps: 1580 | Average reward:   428.81 | Step Count: 167730 | Episode Q0:    80.93
Episode: 278/2000 | Episode reward:   293.71 | Episode steps:  501 | Average reward:   436.04 | Step Count: 168231 | Episode Q0:    80.93
Episode: 279/2000 | Episode reward:    84.86 | Episode steps:  257 | Average reward:   418.31 | Step Count: 168488 | Episode Q0:    80.93
Episode: 280/2000 | Episode reward:   799.61 | Episode steps: 1100 | Average reward:   430.57 | Step Count: 169588 | Episode Q0:    80.93
Episode: 281/2000 | Episode reward:   251.75 | Episode steps:  504 | Average reward:   411.79 | Step Count: 170092 | Episode Q0:    80.93
Episode: 282/2000 | Episode reward:   399.75 | Episode steps:  529 | Average reward:   422.84 | Step Count: 170621 | Episode Q0:    80.93
Episode: 283/2000 | Episode reward:   594.26 | Episode steps:  825 | Average reward:   462.94 | Step Count: 171446 | Episode Q0:    80.93
Episode: 284/2000 | Episode reward:   366.84 | Episode steps:  500 | Average reward:   468.33 | Step Count: 171946 | Episode Q0:    80.93
Episode: 285/2000 | Episode reward:   296.24 | Episode steps:  522 | Average reward:   460.34 | Step Count: 172468 | Episode Q0:    80.93
Episode: 286/2000 | Episode reward:   395.97 | Episode steps:  533 | Average reward:   463.45 | Step Count: 173001 | Episode Q0:    80.93
Episode: 287/2000 | Episode reward:   730.31 | Episode steps:  994 | Average reward:   421.33 | Step Count: 173995 | Episode Q0:    80.93
Episode: 288/2000 | Episode reward:   287.55 | Episode steps:  500 | Average reward:   420.71 | Step Count: 174495 | Episode Q0:    80.93
Episode: 289/2000 | Episode reward:   302.16 | Episode steps:  500 | Average reward:   442.44 | Step Count: 174995 | Episode Q0:    80.93
Episode: 290/2000 | Episode reward:   442.81 | Episode steps:  651 | Average reward:   406.76 | Step Count: 175646 | Episode Q0:    80.93
Episode: 291/2000 | Episode reward:   289.23 | Episode steps:  500 | Average reward:   410.51 | Step Count: 176146 | Episode Q0:    80.93
Episode: 292/2000 | Episode reward:   304.69 | Episode steps:  500 | Average reward:   401.00 | Step Count: 176646 | Episode Q0:    80.93
Episode: 293/2000 | Episode reward:   711.84 | Episode steps: 1014 | Average reward:   412.76 | Step Count: 177660 | Episode Q0:    80.93
Episode: 294/2000 | Episode reward:   220.90 | Episode steps:  500 | Average reward:   398.17 | Step Count: 178160 | Episode Q0:    80.93
Episode: 295/2000 | Episode reward:   270.88 | Episode steps:  500 | Average reward:   395.63 | Step Count: 178660 | Episode Q0:    80.93
Episode: 296/2000 | Episode reward:   201.03 | Episode steps:  445 | Average reward:   376.14 | Step Count: 179105 | Episode Q0:    80.35
Episode: 297/2000 | Episode reward:   223.86 | Episode steps:  500 | Average reward:   325.49 | Step Count: 179605 | Episode Q0:    80.35
Episode: 298/2000 | Episode reward:   477.39 | Episode steps:  702 | Average reward:   344.48 | Step Count: 180307 | Episode Q0:    80.35
Episode: 299/2000 | Episode reward:   664.43 | Episode steps:  930 | Average reward:   380.71 | Step Count: 181237 | Episode Q0:    80.35
Episode: 300/2000 | Episode reward:   408.51 | Episode steps:  612 | Average reward:   377.28 | Step Count: 181849 | Episode Q0:    80.35
Episode: 301/2000 | Episode reward:   607.10 | Episode steps:  858 | Average reward:   409.06 | Step Count: 182707 | Episode Q0:    80.35
Episode: 302/2000 | Episode reward:   126.90 | Episode steps:  397 | Average reward:   391.28 | Step Count: 183104 | Episode Q0:    80.35
Episode: 303/2000 | Episode reward:   522.81 | Episode steps:  776 | Average reward:   372.38 | Step Count: 183880 | Episode Q0:    80.35
Episode: 304/2000 | Episode reward:   281.94 | Episode steps:  500 | Average reward:   378.48 | Step Count: 184380 | Episode Q0:    80.35
Episode: 305/2000 | Episode reward:   237.88 | Episode steps:  500 | Average reward:   375.18 | Step Count: 184880 | Episode Q0:    80.35
Episode: 306/2000 | Episode reward:   108.91 | Episode steps:  335 | Average reward:   365.97 | Step Count: 185215 | Episode Q0:    80.35
Episode: 307/2000 | Episode reward:   285.38 | Episode steps:  514 | Average reward:   372.12 | Step Count: 185729 | Episode Q0:    80.35
Episode: 308/2000 | Episode reward:   173.76 | Episode steps:  457 | Average reward:   341.76 | Step Count: 186186 | Episode Q0:    80.35
Episode: 309/2000 | Episode reward:   448.86 | Episode steps:  662 | Average reward:   320.20 | Step Count: 186848 | Episode Q0:    80.35
Episode: 310/2000 | Episode reward:   339.20 | Episode steps:  500 | Average reward:   313.27 | Step Count: 187348 | Episode Q0:    80.35
Episode: 311/2000 | Episode reward:   331.11 | Episode steps:  500 | Average reward:   285.68 | Step Count: 187848 | Episode Q0:    80.35
Episode: 312/2000 | Episode reward:   496.99 | Episode steps:  705 | Average reward:   322.68 | Step Count: 188553 | Episode Q0:    80.35
Episode: 313/2000 | Episode reward:   385.69 | Episode steps:  532 | Average reward:   308.97 | Step Count: 189085 | Episode Q0:    80.35
Episode: 314/2000 | Episode reward:   266.16 | Episode steps:  500 | Average reward:   307.39 | Step Count: 189585 | Episode Q0:    80.35
Episode: 315/2000 | Episode reward:   287.85 | Episode steps:  500 | Average reward:   312.39 | Step Count: 190085 | Episode Q0:    80.35
Episode: 316/2000 | Episode reward:   318.90 | Episode steps:  506 | Average reward:   333.39 | Step Count: 190591 | Episode Q0:    80.35
Episode: 317/2000 | Episode reward:   249.21 | Episode steps:  500 | Average reward:   329.77 | Step Count: 191091 | Episode Q0:    80.35
Episode: 318/2000 | Episode reward:   319.12 | Episode steps:  505 | Average reward:   344.31 | Step Count: 191596 | Episode Q0:    80.35
Episode: 319/2000 | Episode reward:   496.88 | Episode steps:  772 | Average reward:   349.11 | Step Count: 192368 | Episode Q0:    80.35
Episode: 320/2000 | Episode reward:   103.50 | Episode steps:  170 | Average reward:   325.54 | Step Count: 192538 | Episode Q0:    80.35
Episode: 321/2000 | Episode reward:   312.33 | Episode steps:  500 | Average reward:   323.66 | Step Count: 193038 | Episode Q0:    80.35
Episode: 322/2000 | Episode reward:   261.82 | Episode steps:  500 | Average reward:   300.14 | Step Count: 193538 | Episode Q0:    80.91
Episode: 323/2000 | Episode reward:   335.75 | Episode steps:  500 | Average reward:   295.15 | Step Count: 194038 | Episode Q0:    80.91
Episode: 324/2000 | Episode reward:   291.18 | Episode steps:  500 | Average reward:   297.65 | Step Count: 194538 | Episode Q0:    80.91
Episode: 325/2000 | Episode reward:   176.83 | Episode steps:  449 | Average reward:   286.55 | Step Count: 194987 | Episode Q0:    80.91
Episode: 326/2000 | Episode reward:   339.23 | Episode steps:  500 | Average reward:   288.58 | Step Count: 195487 | Episode Q0:    80.91
Episode: 327/2000 | Episode reward:   234.44 | Episode steps:  500 | Average reward:   287.11 | Step Count: 195987 | Episode Q0:    80.91
Episode: 328/2000 | Episode reward:   300.82 | Episode steps:  500 | Average reward:   285.28 | Step Count: 196487 | Episode Q0:    80.91
Episode: 329/2000 | Episode reward:   265.38 | Episode steps:  500 | Average reward:   262.13 | Step Count: 196987 | Episode Q0:    80.91
Episode: 330/2000 | Episode reward:   479.65 | Episode steps:  701 | Average reward:   299.74 | Step Count: 197688 | Episode Q0:    80.91
Episode: 331/2000 | Episode reward:   231.71 | Episode steps:  500 | Average reward:   291.68 | Step Count: 198188 | Episode Q0:    80.91
Episode: 332/2000 | Episode reward:   147.81 | Episode steps:  489 | Average reward:   280.28 | Step Count: 198677 | Episode Q0:    80.91
Episode: 333/2000 | Episode reward:   321.50 | Episode steps:  500 | Average reward:   278.85 | Step Count: 199177 | Episode Q0:    80.91
Episode: 334/2000 | Episode reward:   289.51 | Episode steps:  506 | Average reward:   278.69 | Step Count: 199683 | Episode Q0:    80.91
Episode: 335/2000 | Episode reward:   321.52 | Episode steps:  536 | Average reward:   293.16 | Step Count: 200219 | Episode Q0:    80.91
Episode: 336/2000 | Episode reward:   273.09 | Episode steps:  518 | Average reward:   286.54 | Step Count: 200737 | Episode Q0:    80.91
Episode: 337/2000 | Episode reward:   365.51 | Episode steps:  535 | Average reward:   299.65 | Step Count: 201272 | Episode Q0:    80.91
Episode: 338/2000 | Episode reward:   311.77 | Episode steps:  500 | Average reward:   300.74 | Step Count: 201772 | Episode Q0:    80.91
Episode: 339/2000 | Episode reward:   182.57 | Episode steps:  500 | Average reward:   292.46 | Step Count: 202272 | Episode Q0:    80.91
Episode: 340/2000 | Episode reward:   322.32 | Episode steps:  511 | Average reward:   276.73 | Step Count: 202783 | Episode Q0:    80.91
Episode: 341/2000 | Episode reward:   332.05 | Episode steps:  513 | Average reward:   286.76 | Step Count: 203296 | Episode Q0:    80.91
Episode: 342/2000 | Episode reward:   353.10 | Episode steps:  500 | Average reward:   307.29 | Step Count: 203796 | Episode Q0:    80.91
Episode: 343/2000 | Episode reward:   376.59 | Episode steps:  539 | Average reward:   312.80 | Step Count: 204335 | Episode Q0:    80.91
Episode: 344/2000 | Episode reward:   377.35 | Episode steps:  511 | Average reward:   321.59 | Step Count: 204846 | Episode Q0:    80.91
Episode: 345/2000 | Episode reward:   345.44 | Episode steps:  530 | Average reward:   323.98 | Step Count: 205376 | Episode Q0:    80.91
Episode: 346/2000 | Episode reward:   335.93 | Episode steps:  500 | Average reward:   330.26 | Step Count: 205876 | Episode Q0:    80.91
Episode: 347/2000 | Episode reward:   286.37 | Episode steps:  500 | Average reward:   322.35 | Step Count: 206376 | Episode Q0:    80.83
Episode: 348/2000 | Episode reward:   304.01 | Episode steps:  505 | Average reward:   321.57 | Step Count: 206881 | Episode Q0:    80.83
Episode: 349/2000 | Episode reward:   378.23 | Episode steps:  530 | Average reward:   341.14 | Step Count: 207411 | Episode Q0:    80.83
Episode: 350/2000 | Episode reward:   326.26 | Episode steps:  500 | Average reward:   341.53 | Step Count: 207911 | Episode Q0:    80.83
Episode: 351/2000 | Episode reward:   317.39 | Episode steps:  500 | Average reward:   340.07 | Step Count: 208411 | Episode Q0:    80.83
Episode: 352/2000 | Episode reward:   372.37 | Episode steps:  520 | Average reward:   341.99 | Step Count: 208931 | Episode Q0:    80.83
Episode: 353/2000 | Episode reward:   385.22 | Episode steps:  563 | Average reward:   342.86 | Step Count: 209494 | Episode Q0:    80.83
Episode: 354/2000 | Episode reward:   353.25 | Episode steps:  520 | Average reward:   340.45 | Step Count: 210014 | Episode Q0:    80.83
Episode: 355/2000 | Episode reward:   296.28 | Episode steps:  514 | Average reward:   335.53 | Step Count: 210528 | Episode Q0:    80.83
Episode: 356/2000 | Episode reward:   367.05 | Episode steps:  538 | Average reward:   338.64 | Step Count: 211066 | Episode Q0:    80.83
Episode: 357/2000 | Episode reward:   326.44 | Episode steps:  500 | Average reward:   342.65 | Step Count: 211566 | Episode Q0:    80.83
Episode: 358/2000 | Episode reward:   366.95 | Episode steps:  536 | Average reward:   348.94 | Step Count: 212102 | Episode Q0:    80.83
Episode: 359/2000 | Episode reward:   270.19 | Episode steps:  500 | Average reward:   338.14 | Step Count: 212602 | Episode Q0:    80.83
Episode: 360/2000 | Episode reward:   345.06 | Episode steps:  559 | Average reward:   340.02 | Step Count: 213161 | Episode Q0:    80.83
Episode: 361/2000 | Episode reward:   222.58 | Episode steps:  456 | Average reward:   330.54 | Step Count: 213617 | Episode Q0:    80.83
Episode: 362/2000 | Episode reward:   331.63 | Episode steps:  500 | Average reward:   326.46 | Step Count: 214117 | Episode Q0:    80.83
Episode: 363/2000 | Episode reward:   279.21 | Episode steps:  500 | Average reward:   315.86 | Step Count: 214617 | Episode Q0:    80.83
Episode: 364/2000 | Episode reward:   252.99 | Episode steps:  500 | Average reward:   305.84 | Step Count: 215117 | Episode Q0:    80.83
Episode: 365/2000 | Episode reward:   328.05 | Episode steps:  500 | Average reward:   309.02 | Step Count: 215617 | Episode Q0:    80.83
Episode: 366/2000 | Episode reward:   271.88 | Episode steps:  500 | Average reward:   299.50 | Step Count: 216117 | Episode Q0:    80.83
Episode: 367/2000 | Episode reward:   278.15 | Episode steps:  500 | Average reward:   294.67 | Step Count: 216617 | Episode Q0:    80.83
Episode: 368/2000 | Episode reward:   336.23 | Episode steps:  500 | Average reward:   291.60 | Step Count: 217117 | Episode Q0:    80.83
Episode: 369/2000 | Episode reward:   273.98 | Episode steps:  430 | Average reward:   291.98 | Step Count: 217547 | Episode Q0:    80.83
Episode: 370/2000 | Episode reward:   328.32 | Episode steps:  500 | Average reward:   290.30 | Step Count: 218047 | Episode Q0:    80.83
Episode: 371/2000 | Episode reward:   323.58 | Episode steps:  500 | Average reward:   300.40 | Step Count: 218547 | Episode Q0:    80.83
Episode: 372/2000 | Episode reward:   260.75 | Episode steps:  443 | Average reward:   293.31 | Step Count: 218990 | Episode Q0:    80.83
Episode: 373/2000 | Episode reward:   282.40 | Episode steps:  500 | Average reward:   293.63 | Step Count: 219490 | Episode Q0:    80.83
Episode: 374/2000 | Episode reward:   267.47 | Episode steps:  500 | Average reward:   295.08 | Step Count: 219990 | Episode Q0:    80.61
Episode: 375/2000 | Episode reward:   345.93 | Episode steps:  504 | Average reward:   296.87 | Step Count: 220494 | Episode Q0:    80.61
Episode: 376/2000 | Episode reward:   241.19 | Episode steps:  368 | Average reward:   293.80 | Step Count: 220862 | Episode Q0:    80.61
Episode: 377/2000 | Episode reward:   268.02 | Episode steps:  500 | Average reward:   292.79 | Step Count: 221362 | Episode Q0:    80.61
Episode: 378/2000 | Episode reward:   370.21 | Episode steps:  554 | Average reward:   296.19 | Step Count: 221916 | Episode Q0:    80.61
Episode: 379/2000 | Episode reward:   292.48 | Episode steps:  500 | Average reward:   298.04 | Step Count: 222416 | Episode Q0:    80.61
Episode: 380/2000 | Episode reward:   273.22 | Episode steps:  500 | Average reward:   292.53 | Step Count: 222916 | Episode Q0:    80.61
Episode: 381/2000 | Episode reward:   282.91 | Episode steps:  500 | Average reward:   288.46 | Step Count: 223416 | Episode Q0:    80.61
Episode: 382/2000 | Episode reward:   347.75 | Episode steps:  500 | Average reward:   297.16 | Step Count: 223916 | Episode Q0:    80.61
Episode: 383/2000 | Episode reward:   281.67 | Episode steps:  500 | Average reward:   297.09 | Step Count: 224416 | Episode Q0:    80.61
Episode: 384/2000 | Episode reward:   244.08 | Episode steps:  372 | Average reward:   294.75 | Step Count: 224788 | Episode Q0:    80.61
Episode: 385/2000 | Episode reward:   376.85 | Episode steps:  557 | Average reward:   297.84 | Step Count: 225345 | Episode Q0:    80.61
Episode: 386/2000 | Episode reward:   338.60 | Episode steps:  517 | Average reward:   307.58 | Step Count: 225862 | Episode Q0:    80.61
Episode: 387/2000 | Episode reward:   274.84 | Episode steps:  500 | Average reward:   308.26 | Step Count: 226362 | Episode Q0:    80.61
Episode: 388/2000 | Episode reward:   330.89 | Episode steps:  500 | Average reward:   304.33 | Step Count: 226862 | Episode Q0:    80.61
Episode: 389/2000 | Episode reward:   290.34 | Episode steps:  500 | Average reward:   304.12 | Step Count: 227362 | Episode Q0:    80.61
Episode: 390/2000 | Episode reward:   371.26 | Episode steps:  542 | Average reward:   313.92 | Step Count: 227904 | Episode Q0:    80.61
Episode: 391/2000 | Episode reward:   195.10 | Episode steps:  288 | Average reward:   305.14 | Step Count: 228192 | Episode Q0:    80.61
Episode: 392/2000 | Episode reward:   256.24 | Episode steps:  388 | Average reward:   295.99 | Step Count: 228580 | Episode Q0:    80.61
Episode: 393/2000 | Episode reward:   421.34 | Episode steps:  597 | Average reward:   309.95 | Step Count: 229177 | Episode Q0:    80.61
Episode: 394/2000 | Episode reward:   372.55 | Episode steps:  509 | Average reward:   322.80 | Step Count: 229686 | Episode Q0:    80.61
Episode: 395/2000 | Episode reward:   188.26 | Episode steps:  284 | Average reward:   303.94 | Step Count: 229970 | Episode Q0:    80.61
Episode: 396/2000 | Episode reward:   114.87 | Episode steps:  184 | Average reward:   281.57 | Step Count: 230154 | Episode Q0:    80.61
Episode: 397/2000 | Episode reward:   224.86 | Episode steps:  348 | Average reward:   276.57 | Step Count: 230502 | Episode Q0:    80.61
Episode: 398/2000 | Episode reward:   196.56 | Episode steps:  314 | Average reward:   263.14 | Step Count: 230816 | Episode Q0:    80.61
Episode: 399/2000 | Episode reward:   313.24 | Episode steps:  456 | Average reward:   265.43 | Step Count: 231272 | Episode Q0:    80.61
Episode: 400/2000 | Episode reward:   197.90 | Episode steps:  300 | Average reward:   248.09 | Step Count: 231572 | Episode Q0:    80.61
Episode: 401/2000 | Episode reward:   385.06 | Episode steps:  533 | Average reward:   267.09 | Step Count: 232105 | Episode Q0:    80.61
Episode: 402/2000 | Episode reward:   125.91 | Episode steps:  197 | Average reward:   254.06 | Step Count: 232302 | Episode Q0:    80.61
Episode: 403/2000 | Episode reward:   170.13 | Episode steps:  259 | Average reward:   228.93 | Step Count: 232561 | Episode Q0:    79.91
Episode: 404/2000 | Episode reward:   329.01 | Episode steps:  500 | Average reward:   224.58 | Step Count: 233061 | Episode Q0:    79.91
Episode: 405/2000 | Episode reward:   364.51 | Episode steps:  500 | Average reward:   242.21 | Step Count: 233561 | Episode Q0:    79.91
Episode: 406/2000 | Episode reward:   296.01 | Episode steps:  461 | Average reward:   260.32 | Step Count: 234022 | Episode Q0:    79.91
Episode: 407/2000 | Episode reward:   345.42 | Episode steps:  500 | Average reward:   272.37 | Step Count: 234522 | Episode Q0:    79.91
Episode: 408/2000 | Episode reward:   293.93 | Episode steps:  442 | Average reward:   282.11 | Step Count: 234964 | Episode Q0:    79.91
Episode: 409/2000 | Episode reward:   294.89 | Episode steps:  500 | Average reward:   280.28 | Step Count: 235464 | Episode Q0:    79.91
Episode: 410/2000 | Episode reward:   379.63 | Episode steps:  524 | Average reward:   298.45 | Step Count: 235988 | Episode Q0:    79.91
Episode: 411/2000 | Episode reward:   308.02 | Episode steps:  487 | Average reward:   290.75 | Step Count: 236475 | Episode Q0:    79.91
Episode: 412/2000 | Episode reward:   180.72 | Episode steps:  282 | Average reward:   296.23 | Step Count: 236757 | Episode Q0:    79.91
Episode: 413/2000 | Episode reward:   196.01 | Episode steps:  311 | Average reward:   298.82 | Step Count: 237068 | Episode Q0:    79.91
Episode: 414/2000 | Episode reward:   115.79 | Episode steps:  187 | Average reward:   277.49 | Step Count: 237255 | Episode Q0:    79.91
Episode: 415/2000 | Episode reward:   199.26 | Episode steps:  301 | Average reward:   260.97 | Step Count: 237556 | Episode Q0:    79.91
Episode: 416/2000 | Episode reward:   182.29 | Episode steps:  273 | Average reward:   249.60 | Step Count: 237829 | Episode Q0:    79.91
Episode: 417/2000 | Episode reward:   402.13 | Episode steps:  558 | Average reward:   255.27 | Step Count: 238387 | Episode Q0:    79.91
Episode: 418/2000 | Episode reward:   360.15 | Episode steps:  500 | Average reward:   261.89 | Step Count: 238887 | Episode Q0:    79.91
Episode: 419/2000 | Episode reward:   292.92 | Episode steps:  500 | Average reward:   261.69 | Step Count: 239387 | Episode Q0:    79.91
Episode: 420/2000 | Episode reward:   253.73 | Episode steps:  466 | Average reward:   249.10 | Step Count: 239853 | Episode Q0:    79.91
Episode: 421/2000 | Episode reward:   188.71 | Episode steps:  386 | Average reward:   237.17 | Step Count: 240239 | Episode Q0:    79.91
Episode: 422/2000 | Episode reward:   398.47 | Episode steps:  566 | Average reward:   258.94 | Step Count: 240805 | Episode Q0:    79.91
Episode: 423/2000 | Episode reward:   394.31 | Episode steps:  531 | Average reward:   278.78 | Step Count: 241336 | Episode Q0:    79.91
Episode: 424/2000 | Episode reward:   384.29 | Episode steps:  523 | Average reward:   305.63 | Step Count: 241859 | Episode Q0:    79.91
Episode: 425/2000 | Episode reward:   301.31 | Episode steps:  500 | Average reward:   315.83 | Step Count: 242359 | Episode Q0:    79.91
Episode: 426/2000 | Episode reward:   305.12 | Episode steps:  500 | Average reward:   328.11 | Step Count: 242859 | Episode Q0:    79.91
Episode: 427/2000 | Episode reward:   294.71 | Episode steps:  500 | Average reward:   317.37 | Step Count: 243359 | Episode Q0:    79.91
Episode: 428/2000 | Episode reward:   281.51 | Episode steps:  500 | Average reward:   309.51 | Step Count: 243859 | Episode Q0:    79.91
Episode: 429/2000 | Episode reward:   226.28 | Episode steps:  437 | Average reward:   302.84 | Step Count: 244296 | Episode Q0:    79.21
Episode: 430/2000 | Episode reward:   289.53 | Episode steps:  500 | Average reward:   306.42 | Step Count: 244796 | Episode Q0:    79.21
Episode: 431/2000 | Episode reward:   352.05 | Episode steps:  517 | Average reward:   322.76 | Step Count: 245313 | Episode Q0:    79.21
Episode: 432/2000 | Episode reward:   189.39 | Episode steps:  381 | Average reward:   301.85 | Step Count: 245694 | Episode Q0:    79.21
Episode: 433/2000 | Episode reward:   286.29 | Episode steps:  415 | Average reward:   291.05 | Step Count: 246109 | Episode Q0:    79.21
Episode: 434/2000 | Episode reward:   343.91 | Episode steps:  500 | Average reward:   287.01 | Step Count: 246609 | Episode Q0:    79.21
Episode: 435/2000 | Episode reward:   295.72 | Episode steps:  500 | Average reward:   286.45 | Step Count: 247109 | Episode Q0:    79.21
Episode: 436/2000 | Episode reward:   334.39 | Episode steps:  500 | Average reward:   289.38 | Step Count: 247609 | Episode Q0:    79.21
Episode: 437/2000 | Episode reward:   323.60 | Episode steps:  500 | Average reward:   292.27 | Step Count: 248109 | Episode Q0:    79.21
Episode: 438/2000 | Episode reward:   171.09 | Episode steps:  343 | Average reward:   281.23 | Step Count: 248452 | Episode Q0:    79.21
Episode: 439/2000 | Episode reward:   100.77 | Episode steps:  257 | Average reward:   268.67 | Step Count: 248709 | Episode Q0:    79.21
Episode: 440/2000 | Episode reward:   274.95 | Episode steps:  500 | Average reward:   267.22 | Step Count: 249209 | Episode Q0:    79.21
Episode: 441/2000 | Episode reward:   335.40 | Episode steps:  500 | Average reward:   265.55 | Step Count: 249709 | Episode Q0:    79.21
Episode: 442/2000 | Episode reward:   386.27 | Episode steps:  540 | Average reward:   285.24 | Step Count: 250249 | Episode Q0:    79.21
Episode: 443/2000 | Episode reward:   241.96 | Episode steps:  500 | Average reward:   280.81 | Step Count: 250749 | Episode Q0:    79.21
Episode: 444/2000 | Episode reward:   415.39 | Episode steps:  573 | Average reward:   287.95 | Step Count: 251322 | Episode Q0:    79.21
Episode: 445/2000 | Episode reward:   398.16 | Episode steps:  528 | Average reward:   298.20 | Step Count: 251850 | Episode Q0:    79.21
Episode: 446/2000 | Episode reward:   302.81 | Episode steps:  500 | Average reward:   295.04 | Step Count: 252350 | Episode Q0:    79.21
Episode: 447/2000 | Episode reward:   389.57 | Episode steps:  501 | Average reward:   301.64 | Step Count: 252851 | Episode Q0:    79.21
Episode: 448/2000 | Episode reward:   209.97 | Episode steps:  430 | Average reward:   305.52 | Step Count: 253281 | Episode Q0:    79.21
Episode: 449/2000 | Episode reward:   177.32 | Episode steps:  246 | Average reward:   313.18 | Step Count: 253527 | Episode Q0:    79.21
Episode: 450/2000 | Episode reward:   393.56 | Episode steps:  532 | Average reward:   325.04 | Step Count: 254059 | Episode Q0:    79.21
Episode: 451/2000 | Episode reward:   348.52 | Episode steps:  500 | Average reward:   326.35 | Step Count: 254559 | Episode Q0:    79.21
Episode: 452/2000 | Episode reward:   368.84 | Episode steps:  500 | Average reward:   324.61 | Step Count: 255059 | Episode Q0:    79.21
Episode: 453/2000 | Episode reward:   307.13 | Episode steps:  500 | Average reward:   331.13 | Step Count: 255559 | Episode Q0:    79.21
Episode: 454/2000 | Episode reward:   420.79 | Episode steps:  577 | Average reward:   331.67 | Step Count: 256136 | Episode Q0:    79.21
Episode: 455/2000 | Episode reward:   217.33 | Episode steps:  500 | Average reward:   313.58 | Step Count: 256636 | Episode Q0:    78.68
Episode: 456/2000 | Episode reward:   223.75 | Episode steps:  500 | Average reward:   305.68 | Step Count: 257136 | Episode Q0:    78.68
Episode: 457/2000 | Episode reward:   143.07 | Episode steps:  344 | Average reward:   281.03 | Step Count: 257480 | Episode Q0:    78.68
Episode: 458/2000 | Episode reward:   244.53 | Episode steps:  500 | Average reward:   284.49 | Step Count: 257980 | Episode Q0:    78.68
Episode: 459/2000 | Episode reward:   169.91 | Episode steps:  359 | Average reward:   283.74 | Step Count: 258339 | Episode Q0:    78.68
Episode: 460/2000 | Episode reward:   289.42 | Episode steps:  500 | Average reward:   273.33 | Step Count: 258839 | Episode Q0:    78.68
Episode: 461/2000 | Episode reward:   292.78 | Episode steps:  500 | Average reward:   267.76 | Step Count: 259339 | Episode Q0:    78.68
Episode: 462/2000 | Episode reward:   288.72 | Episode steps:  500 | Average reward:   259.74 | Step Count: 259839 | Episode Q0:    78.68
Episode: 463/2000 | Episode reward:   217.16 | Episode steps:  500 | Average reward:   250.75 | Step Count: 260339 | Episode Q0:    78.68
Episode: 464/2000 | Episode reward:   368.45 | Episode steps:  500 | Average reward:   245.51 | Step Count: 260839 | Episode Q0:    78.68
Episode: 465/2000 | Episode reward:   495.05 | Episode steps:  669 | Average reward:   273.29 | Step Count: 261508 | Episode Q0:    78.68
Episode: 466/2000 | Episode reward:   338.38 | Episode steps:  500 | Average reward:   284.75 | Step Count: 262008 | Episode Q0:    78.68
Episode: 467/2000 | Episode reward:   426.29 | Episode steps:  562 | Average reward:   313.07 | Step Count: 262570 | Episode Q0:    78.68
Episode: 468/2000 | Episode reward:   297.01 | Episode steps:  500 | Average reward:   318.32 | Step Count: 263070 | Episode Q0:    78.68
Episode: 469/2000 | Episode reward:   124.74 | Episode steps:  189 | Average reward:   313.80 | Step Count: 263259 | Episode Q0:    78.68
Episode: 470/2000 | Episode reward:   362.96 | Episode steps:  500 | Average reward:   321.16 | Step Count: 263759 | Episode Q0:    78.68
Episode: 471/2000 | Episode reward:   382.74 | Episode steps:  500 | Average reward:   330.15 | Step Count: 264259 | Episode Q0:    78.68
Episode: 472/2000 | Episode reward:   290.72 | Episode steps:  500 | Average reward:   330.35 | Step Count: 264759 | Episode Q0:    78.68
Episode: 473/2000 | Episode reward:   304.19 | Episode steps:  500 | Average reward:   339.05 | Step Count: 265259 | Episode Q0:    78.68
Episode: 474/2000 | Episode reward:   404.55 | Episode steps:  518 | Average reward:   342.66 | Step Count: 265777 | Episode Q0:    78.68
Episode: 475/2000 | Episode reward:   129.05 | Episode steps:  371 | Average reward:   306.06 | Step Count: 266148 | Episode Q0:    78.68
Episode: 476/2000 | Episode reward:   257.26 | Episode steps:  500 | Average reward:   297.95 | Step Count: 266648 | Episode Q0:    78.68
Episode: 477/2000 | Episode reward:   329.60 | Episode steps:  500 | Average reward:   288.28 | Step Count: 267148 | Episode Q0:    78.68
Episode: 478/2000 | Episode reward:   131.58 | Episode steps:  192 | Average reward:   271.74 | Step Count: 267340 | Episode Q0:    78.68
Episode: 479/2000 | Episode reward:   153.29 | Episode steps:  414 | Average reward:   274.60 | Step Count: 267754 | Episode Q0:    78.68
Episode: 480/2000 | Episode reward:   263.66 | Episode steps:  500 | Average reward:   264.67 | Step Count: 268254 | Episode Q0:    78.68
Episode: 481/2000 | Episode reward:   173.19 | Episode steps:  453 | Average reward:   243.71 | Step Count: 268707 | Episode Q0:    78.48
Episode: 482/2000 | Episode reward:   288.94 | Episode steps:  500 | Average reward:   243.53 | Step Count: 269207 | Episode Q0:    78.48
Episode: 483/2000 | Episode reward:   287.06 | Episode steps:  500 | Average reward:   241.82 | Step Count: 269707 | Episode Q0:    78.48
Episode: 484/2000 | Episode reward:   162.57 | Episode steps:  421 | Average reward:   217.62 | Step Count: 270128 | Episode Q0:    78.48
Episode: 485/2000 | Episode reward:   102.98 | Episode steps:  160 | Average reward:   215.01 | Step Count: 270288 | Episode Q0:    78.48
Episode: 486/2000 | Episode reward:   385.89 | Episode steps:  500 | Average reward:   227.88 | Step Count: 270788 | Episode Q0:    78.48
Episode: 487/2000 | Episode reward:   188.26 | Episode steps:  477 | Average reward:   213.74 | Step Count: 271265 | Episode Q0:    78.48
Episode: 488/2000 | Episode reward:   184.71 | Episode steps:  449 | Average reward:   219.06 | Step Count: 271714 | Episode Q0:    78.48
Episode: 489/2000 | Episode reward:   397.41 | Episode steps:  529 | Average reward:   243.47 | Step Count: 272243 | Episode Q0:    78.48
Episode: 490/2000 | Episode reward:   218.91 | Episode steps:  455 | Average reward:   238.99 | Step Count: 272698 | Episode Q0:    78.48
Episode: 491/2000 | Episode reward:   114.95 | Episode steps:  170 | Average reward:   233.17 | Step Count: 272868 | Episode Q0:    78.48
Episode: 492/2000 | Episode reward:   188.37 | Episode steps:  469 | Average reward:   223.11 | Step Count: 273337 | Episode Q0:    78.48
Episode: 493/2000 | Episode reward:   304.48 | Episode steps:  500 | Average reward:   224.85 | Step Count: 273837 | Episode Q0:    78.48
Episode: 494/2000 | Episode reward:   332.98 | Episode steps:  500 | Average reward:   241.89 | Step Count: 274337 | Episode Q0:    78.48
Episode: 495/2000 | Episode reward:   167.83 | Episode steps:  440 | Average reward:   248.38 | Step Count: 274777 | Episode Q0:    78.48
Episode: 496/2000 | Episode reward:   357.67 | Episode steps:  500 | Average reward:   245.56 | Step Count: 275277 | Episode Q0:    78.48
Episode: 497/2000 | Episode reward:   130.59 | Episode steps:  187 | Average reward:   239.79 | Step Count: 275464 | Episode Q0:    78.48
Episode: 498/2000 | Episode reward:   315.86 | Episode steps:  500 | Average reward:   252.90 | Step Count: 275964 | Episode Q0:    78.48
Episode: 499/2000 | Episode reward:   270.26 | Episode steps:  500 | Average reward:   240.19 | Step Count: 276464 | Episode Q0:    78.48
Episode: 500/2000 | Episode reward:   284.14 | Episode steps:  500 | Average reward:   246.71 | Step Count: 276964 | Episode Q0:    78.48
Episode: 501/2000 | Episode reward:   339.12 | Episode steps:  500 | Average reward:   269.13 | Step Count: 277464 | Episode Q0:    78.48
Episode: 502/2000 | Episode reward:   143.05 | Episode steps:  413 | Average reward:   264.60 | Step Count: 277877 | Episode Q0:    78.48
Episode: 503/2000 | Episode reward:   292.30 | Episode steps:  520 | Average reward:   263.38 | Step Count: 278397 | Episode Q0:    78.48
Episode: 504/2000 | Episode reward:   309.63 | Episode steps:  500 | Average reward:   261.04 | Step Count: 278897 | Episode Q0:    78.48
Episode: 505/2000 | Episode reward:   155.21 | Episode steps:  421 | Average reward:   259.78 | Step Count: 279318 | Episode Q0:    78.48
Episode: 506/2000 | Episode reward:   146.13 | Episode steps:  376 | Average reward:   238.63 | Step Count: 279694 | Episode Q0:    78.48
Episode: 507/2000 | Episode reward:   117.53 | Episode steps:  343 | Average reward:   237.32 | Step Count: 280037 | Episode Q0:    78.48
Episode: 508/2000 | Episode reward:   121.66 | Episode steps:  349 | Average reward:   217.90 | Step Count: 280386 | Episode Q0:    78.48
Episode: 509/2000 | Episode reward:   166.19 | Episode steps:  435 | Average reward:   207.50 | Step Count: 280821 | Episode Q0:    77.81
Episode: 510/2000 | Episode reward:   160.15 | Episode steps:  407 | Average reward:   195.10 | Step Count: 281228 | Episode Q0:    77.81
Episode: 511/2000 | Episode reward:   294.11 | Episode steps:  500 | Average reward:   190.60 | Step Count: 281728 | Episode Q0:    77.81
Episode: 512/2000 | Episode reward:   186.79 | Episode steps:  446 | Average reward:   194.97 | Step Count: 282174 | Episode Q0:    77.81
Episode: 513/2000 | Episode reward:   304.93 | Episode steps:  500 | Average reward:   196.23 | Step Count: 282674 | Episode Q0:    77.81
Episode: 514/2000 | Episode reward:   219.09 | Episode steps:  498 | Average reward:   187.18 | Step Count: 283172 | Episode Q0:    77.81
Episode: 515/2000 | Episode reward:   282.67 | Episode steps:  500 | Average reward:   199.93 | Step Count: 283672 | Episode Q0:    77.81
Episode: 516/2000 | Episode reward:   166.62 | Episode steps:  427 | Average reward:   201.97 | Step Count: 284099 | Episode Q0:    77.81
Episode: 517/2000 | Episode reward:   210.98 | Episode steps:  458 | Average reward:   211.32 | Step Count: 284557 | Episode Q0:    77.81
Episode: 518/2000 | Episode reward:   138.44 | Episode steps:  367 | Average reward:   213.00 | Step Count: 284924 | Episode Q0:    77.81
Episode: 519/2000 | Episode reward:   212.73 | Episode steps:  480 | Average reward:   217.65 | Step Count: 285404 | Episode Q0:    77.81
Episode: 520/2000 | Episode reward:   213.77 | Episode steps:  489 | Average reward:   223.01 | Step Count: 285893 | Episode Q0:    77.81
Episode: 521/2000 | Episode reward:   132.89 | Episode steps:  401 | Average reward:   206.89 | Step Count: 286294 | Episode Q0:    77.81
Episode: 522/2000 | Episode reward:   282.95 | Episode steps:  515 | Average reward:   216.51 | Step Count: 286809 | Episode Q0:    77.81
Episode: 523/2000 | Episode reward:   254.98 | Episode steps:  500 | Average reward:   211.51 | Step Count: 287309 | Episode Q0:    77.81
Episode: 524/2000 | Episode reward:   277.50 | Episode steps:  500 | Average reward:   217.35 | Step Count: 287809 | Episode Q0:    77.81
Episode: 525/2000 | Episode reward:   189.27 | Episode steps:  500 | Average reward:   208.01 | Step Count: 288309 | Episode Q0:    77.81
Episode: 526/2000 | Episode reward:   202.18 | Episode steps:  460 | Average reward:   211.57 | Step Count: 288769 | Episode Q0:    77.81
Episode: 527/2000 | Episode reward:   169.68 | Episode steps:  500 | Average reward:   207.44 | Step Count: 289269 | Episode Q0:    77.81
Episode: 528/2000 | Episode reward:   191.10 | Episode steps:  500 | Average reward:   212.71 | Step Count: 289769 | Episode Q0:    77.81
Episode: 529/2000 | Episode reward:   263.75 | Episode steps:  500 | Average reward:   217.81 | Step Count: 290269 | Episode Q0:    77.81
Episode: 530/2000 | Episode reward:   198.89 | Episode steps:  500 | Average reward:   216.32 | Step Count: 290769 | Episode Q0:    77.81
Episode: 531/2000 | Episode reward:   222.45 | Episode steps:  486 | Average reward:   225.28 | Step Count: 291255 | Episode Q0:    77.81
Episode: 532/2000 | Episode reward:   276.73 | Episode steps:  500 | Average reward:   224.65 | Step Count: 291755 | Episode Q0:    77.81
Episode: 533/2000 | Episode reward:   184.64 | Episode steps:  441 | Average reward:   217.62 | Step Count: 292196 | Episode Q0:    77.81
Episode: 534/2000 | Episode reward:   217.93 | Episode steps:  494 | Average reward:   211.66 | Step Count: 292690 | Episode Q0:    77.81
Episode: 535/2000 | Episode reward:   194.94 | Episode steps:  460 | Average reward:   212.23 | Step Count: 293150 | Episode Q0:    77.81
Episode: 536/2000 | Episode reward:   248.91 | Episode steps:  500 | Average reward:   216.90 | Step Count: 293650 | Episode Q0:    76.94
Episode: 537/2000 | Episode reward:   270.03 | Episode steps:  500 | Average reward:   226.94 | Step Count: 294150 | Episode Q0:    76.94
Episode: 538/2000 | Episode reward:   264.10 | Episode steps:  500 | Average reward:   234.24 | Step Count: 294650 | Episode Q0:    76.94
Episode: 539/2000 | Episode reward:   286.96 | Episode steps:  500 | Average reward:   236.56 | Step Count: 295150 | Episode Q0:    76.94
Episode: 540/2000 | Episode reward:   290.94 | Episode steps:  408 | Average reward:   245.76 | Step Count: 295558 | Episode Q0:    76.94
Episode: 541/2000 | Episode reward:   139.62 | Episode steps:  370 | Average reward:   237.48 | Step Count: 295928 | Episode Q0:    76.94
Episode: 542/2000 | Episode reward:   285.86 | Episode steps:  500 | Average reward:   238.39 | Step Count: 296428 | Episode Q0:    76.94
Episode: 543/2000 | Episode reward:   262.04 | Episode steps:  500 | Average reward:   246.13 | Step Count: 296928 | Episode Q0:    76.94
Episode: 544/2000 | Episode reward:   174.25 | Episode steps:  500 | Average reward:   241.76 | Step Count: 297428 | Episode Q0:    76.94
Episode: 545/2000 | Episode reward:   239.03 | Episode steps:  394 | Average reward:   246.17 | Step Count: 297822 | Episode Q0:    76.94
Episode: 546/2000 | Episode reward:   206.19 | Episode steps:  469 | Average reward:   241.90 | Step Count: 298291 | Episode Q0:    76.94
Episode: 547/2000 | Episode reward:   207.19 | Episode steps:  476 | Average reward:   235.62 | Step Count: 298767 | Episode Q0:    76.94
Episode: 548/2000 | Episode reward:   215.76 | Episode steps:  481 | Average reward:   230.78 | Step Count: 299248 | Episode Q0:    76.94
Episode: 549/2000 | Episode reward:   207.15 | Episode steps:  474 | Average reward:   222.80 | Step Count: 299722 | Episode Q0:    76.94
Episode: 550/2000 | Episode reward:   232.46 | Episode steps:  500 | Average reward:   216.96 | Step Count: 300222 | Episode Q0:    76.94
Episode: 551/2000 | Episode reward:   271.78 | Episode steps:  466 | Average reward:   230.17 | Step Count: 300688 | Episode Q0:    76.94
Episode: 552/2000 | Episode reward:   247.48 | Episode steps:  500 | Average reward:   226.33 | Step Count: 301188 | Episode Q0:    76.94
Episode: 553/2000 | Episode reward:   272.81 | Episode steps:  500 | Average reward:   227.41 | Step Count: 301688 | Episode Q0:    76.94
Episode: 554/2000 | Episode reward:   218.92 | Episode steps:  500 | Average reward:   231.88 | Step Count: 302188 | Episode Q0:    76.94
Episode: 555/2000 | Episode reward:   226.00 | Episode steps:  500 | Average reward:   230.57 | Step Count: 302688 | Episode Q0:    76.94
Episode: 556/2000 | Episode reward:   288.84 | Episode steps:  500 | Average reward:   238.84 | Step Count: 303188 | Episode Q0:    76.94
Episode: 557/2000 | Episode reward:   295.45 | Episode steps:  500 | Average reward:   247.67 | Step Count: 303688 | Episode Q0:    76.94
Episode: 558/2000 | Episode reward:   264.72 | Episode steps:  410 | Average reward:   252.56 | Step Count: 304098 | Episode Q0:    76.94
Episode: 559/2000 | Episode reward:   255.17 | Episode steps:  500 | Average reward:   257.36 | Step Count: 304598 | Episode Q0:    76.94
Episode: 560/2000 | Episode reward:   337.35 | Episode steps:  500 | Average reward:   267.85 | Step Count: 305098 | Episode Q0:    76.94
Episode: 561/2000 | Episode reward:   272.49 | Episode steps:  500 | Average reward:   267.92 | Step Count: 305598 | Episode Q0:    76.94
Episode: 562/2000 | Episode reward:   213.37 | Episode steps:  500 | Average reward:   264.51 | Step Count: 306098 | Episode Q0:    76.94
Episode: 563/2000 | Episode reward:   216.83 | Episode steps:  466 | Average reward:   258.92 | Step Count: 306564 | Episode Q0:    76.94
Episode: 564/2000 | Episode reward:   253.16 | Episode steps:  500 | Average reward:   262.34 | Step Count: 307064 | Episode Q0:    77.09
Episode: 565/2000 | Episode reward:   310.47 | Episode steps:  500 | Average reward:   270.79 | Step Count: 307564 | Episode Q0:    77.09
Episode: 566/2000 | Episode reward:   180.38 | Episode steps:  430 | Average reward:   259.94 | Step Count: 307994 | Episode Q0:    77.09
Episode: 567/2000 | Episode reward:   139.93 | Episode steps:  198 | Average reward:   244.39 | Step Count: 308192 | Episode Q0:    77.09
Episode: 568/2000 | Episode reward:   250.64 | Episode steps:  500 | Average reward:   242.98 | Step Count: 308692 | Episode Q0:    77.09
Episode: 569/2000 | Episode reward:   280.05 | Episode steps:  500 | Average reward:   245.47 | Step Count: 309192 | Episode Q0:    77.09
Episode: 570/2000 | Episode reward:   240.99 | Episode steps:  500 | Average reward:   235.83 | Step Count: 309692 | Episode Q0:    77.09
Episode: 571/2000 | Episode reward:   237.88 | Episode steps:  500 | Average reward:   232.37 | Step Count: 310192 | Episode Q0:    77.09
Episode: 572/2000 | Episode reward:   275.79 | Episode steps:  500 | Average reward:   238.61 | Step Count: 310692 | Episode Q0:    77.09
Episode: 573/2000 | Episode reward:   270.63 | Episode steps:  500 | Average reward:   243.99 | Step Count: 311192 | Episode Q0:    77.09
Episode: 574/2000 | Episode reward:   290.09 | Episode steps:  536 | Average reward:   247.69 | Step Count: 311728 | Episode Q0:    77.09
Episode: 575/2000 | Episode reward:   254.26 | Episode steps:  500 | Average reward:   242.06 | Step Count: 312228 | Episode Q0:    77.09
Episode: 576/2000 | Episode reward:   276.40 | Episode steps:  500 | Average reward:   251.67 | Step Count: 312728 | Episode Q0:    77.09
Episode: 577/2000 | Episode reward:   247.63 | Episode steps:  500 | Average reward:   262.44 | Step Count: 313228 | Episode Q0:    77.09
Episode: 578/2000 | Episode reward:   360.58 | Episode steps:  505 | Average reward:   273.43 | Step Count: 313733 | Episode Q0:    77.09
Episode: 579/2000 | Episode reward:   313.91 | Episode steps:  545 | Average reward:   276.82 | Step Count: 314278 | Episode Q0:    77.09
Episode: 580/2000 | Episode reward:   229.66 | Episode steps:  500 | Average reward:   275.68 | Step Count: 314778 | Episode Q0:    77.09
Episode: 581/2000 | Episode reward:   292.87 | Episode steps:  500 | Average reward:   281.18 | Step Count: 315278 | Episode Q0:    77.09
Episode: 582/2000 | Episode reward:   287.20 | Episode steps:  500 | Average reward:   282.32 | Step Count: 315778 | Episode Q0:    77.09
Episode: 583/2000 | Episode reward:   278.91 | Episode steps:  500 | Average reward:   283.15 | Step Count: 316278 | Episode Q0:    77.09
Episode: 584/2000 | Episode reward:   283.45 | Episode steps:  500 | Average reward:   282.49 | Step Count: 316778 | Episode Q0:    77.09
Episode: 585/2000 | Episode reward:   263.10 | Episode steps:  500 | Average reward:   283.37 | Step Count: 317278 | Episode Q0:    77.09
Episode: 586/2000 | Episode reward:   260.49 | Episode steps:  401 | Average reward:   281.78 | Step Count: 317679 | Episode Q0:    77.09
Episode: 587/2000 | Episode reward:   271.12 | Episode steps:  500 | Average reward:   284.13 | Step Count: 318179 | Episode Q0:    77.09
Episode: 588/2000 | Episode reward:   294.57 | Episode steps:  500 | Average reward:   277.53 | Step Count: 318679 | Episode Q0:    77.09
Episode: 589/2000 | Episode reward:   281.92 | Episode steps:  500 | Average reward:   274.33 | Step Count: 319179 | Episode Q0:    77.09
Episode: 590/2000 | Episode reward:   267.48 | Episode steps:  500 | Average reward:   278.11 | Step Count: 319679 | Episode Q0:    76.05
Episode: 591/2000 | Episode reward:   284.98 | Episode steps:  500 | Average reward:   277.32 | Step Count: 320179 | Episode Q0:    76.05
Episode: 592/2000 | Episode reward:   239.42 | Episode steps:  500 | Average reward:   272.54 | Step Count: 320679 | Episode Q0:    76.05
Episode: 593/2000 | Episode reward:   280.07 | Episode steps:  500 | Average reward:   272.66 | Step Count: 321179 | Episode Q0:    76.05
Episode: 594/2000 | Episode reward:   259.46 | Episode steps:  500 | Average reward:   270.26 | Step Count: 321679 | Episode Q0:    76.05
Episode: 595/2000 | Episode reward:   200.01 | Episode steps:  500 | Average reward:   263.95 | Step Count: 322179 | Episode Q0:    76.05
Episode: 596/2000 | Episode reward:   191.91 | Episode steps:  500 | Average reward:   257.09 | Step Count: 322679 | Episode Q0:    76.05
Episode: 597/2000 | Episode reward:   280.98 | Episode steps:  500 | Average reward:   258.08 | Step Count: 323179 | Episode Q0:    76.05
Episode: 598/2000 | Episode reward:   233.30 | Episode steps:  500 | Average reward:   251.95 | Step Count: 323679 | Episode Q0:    76.05
Episode: 599/2000 | Episode reward:   282.41 | Episode steps:  500 | Average reward:   252.00 | Step Count: 324179 | Episode Q0:    76.05
Episode: 600/2000 | Episode reward:   163.73 | Episode steps:  303 | Average reward:   241.63 | Step Count: 324482 | Episode Q0:    76.05
Episode: 601/2000 | Episode reward:   201.99 | Episode steps:  500 | Average reward:   233.33 | Step Count: 324982 | Episode Q0:    76.05
Episode: 602/2000 | Episode reward:   153.47 | Episode steps:  288 | Average reward:   224.73 | Step Count: 325270 | Episode Q0:    76.05
Episode: 603/2000 | Episode reward:   254.90 | Episode steps:  500 | Average reward:   222.22 | Step Count: 325770 | Episode Q0:    76.05
Episode: 604/2000 | Episode reward:   289.88 | Episode steps:  500 | Average reward:   225.26 | Step Count: 326270 | Episode Q0:    76.05
Episode: 605/2000 | Episode reward:   263.39 | Episode steps:  500 | Average reward:   231.60 | Step Count: 326770 | Episode Q0:    76.05
Episode: 606/2000 | Episode reward:   208.68 | Episode steps:  500 | Average reward:   233.27 | Step Count: 327270 | Episode Q0:    76.05
Episode: 607/2000 | Episode reward:   210.53 | Episode steps:  500 | Average reward:   226.23 | Step Count: 327770 | Episode Q0:    76.05
Episode: 608/2000 | Episode reward:   267.07 | Episode steps:  500 | Average reward:   229.60 | Step Count: 328270 | Episode Q0:    76.05
Episode: 609/2000 | Episode reward:   268.62 | Episode steps:  500 | Average reward:   228.22 | Step Count: 328770 | Episode Q0:    76.05
Episode: 610/2000 | Episode reward:   265.01 | Episode steps:  500 | Average reward:   238.35 | Step Count: 329270 | Episode Q0:    76.05
Episode: 611/2000 | Episode reward:   180.06 | Episode steps:  500 | Average reward:   236.16 | Step Count: 329770 | Episode Q0:    76.05
Episode: 612/2000 | Episode reward:   191.60 | Episode steps:  298 | Average reward:   239.97 | Step Count: 330068 | Episode Q0:    76.05
Episode: 613/2000 | Episode reward:   282.67 | Episode steps:  500 | Average reward:   242.75 | Step Count: 330568 | Episode Q0:    76.05
Episode: 614/2000 | Episode reward:   216.23 | Episode steps:  500 | Average reward:   235.39 | Step Count: 331068 | Episode Q0:    76.05
Episode: 615/2000 | Episode reward:   188.55 | Episode steps:  309 | Average reward:   227.90 | Step Count: 331377 | Episode Q0:    76.05
Episode: 616/2000 | Episode reward:   237.01 | Episode steps:  500 | Average reward:   230.73 | Step Count: 331877 | Episode Q0:    75.52
Episode: 617/2000 | Episode reward:   263.93 | Episode steps:  500 | Average reward:   236.07 | Step Count: 332377 | Episode Q0:    75.52
Episode: 618/2000 | Episode reward:   188.53 | Episode steps:  500 | Average reward:   228.22 | Step Count: 332877 | Episode Q0:    75.52
Episode: 619/2000 | Episode reward:   198.97 | Episode steps:  500 | Average reward:   221.26 | Step Count: 333377 | Episode Q0:    75.52
Episode: 620/2000 | Episode reward:   203.28 | Episode steps:  500 | Average reward:   215.08 | Step Count: 333877 | Episode Q0:    75.52
Episode: 621/2000 | Episode reward:   218.58 | Episode steps:  500 | Average reward:   218.93 | Step Count: 334377 | Episode Q0:    75.52
Episode: 622/2000 | Episode reward:   168.33 | Episode steps:  293 | Average reward:   216.61 | Step Count: 334670 | Episode Q0:    75.52
Episode: 623/2000 | Episode reward:   171.76 | Episode steps:  500 | Average reward:   205.51 | Step Count: 335170 | Episode Q0:    75.52
Episode: 624/2000 | Episode reward:   206.71 | Episode steps:  500 | Average reward:   204.56 | Step Count: 335670 | Episode Q0:    75.52
Episode: 625/2000 | Episode reward:   157.91 | Episode steps:  500 | Average reward:   201.50 | Step Count: 336170 | Episode Q0:    75.52
Episode: 626/2000 | Episode reward:   278.95 | Episode steps:  500 | Average reward:   205.69 | Step Count: 336670 | Episode Q0:    75.52
Episode: 627/2000 | Episode reward:   264.56 | Episode steps:  500 | Average reward:   205.76 | Step Count: 337170 | Episode Q0:    75.52
Episode: 628/2000 | Episode reward:   301.83 | Episode steps:  500 | Average reward:   217.09 | Step Count: 337670 | Episode Q0:    75.52
Episode: 629/2000 | Episode reward:   298.72 | Episode steps:  500 | Average reward:   227.06 | Step Count: 338170 | Episode Q0:    75.52
Episode: 630/2000 | Episode reward:   222.45 | Episode steps:  500 | Average reward:   228.98 | Step Count: 338670 | Episode Q0:    75.52
Episode: 631/2000 | Episode reward:   263.42 | Episode steps:  500 | Average reward:   233.46 | Step Count: 339170 | Episode Q0:    75.52
Episode: 632/2000 | Episode reward:   354.77 | Episode steps:  500 | Average reward:   252.11 | Step Count: 339670 | Episode Q0:    75.52
Episode: 633/2000 | Episode reward:   199.83 | Episode steps:  500 | Average reward:   254.91 | Step Count: 340170 | Episode Q0:    75.52
Episode: 634/2000 | Episode reward:   203.59 | Episode steps:  500 | Average reward:   254.60 | Step Count: 340670 | Episode Q0:    75.52
Episode: 635/2000 | Episode reward:   317.86 | Episode steps:  559 | Average reward:   270.60 | Step Count: 341229 | Episode Q0:    75.52
Episode: 636/2000 | Episode reward:   185.78 | Episode steps:  332 | Average reward:   261.28 | Step Count: 341561 | Episode Q0:    75.52
Episode: 637/2000 | Episode reward:   277.90 | Episode steps:  500 | Average reward:   262.62 | Step Count: 342061 | Episode Q0:    75.52
Episode: 638/2000 | Episode reward:   190.16 | Episode steps:  500 | Average reward:   251.45 | Step Count: 342561 | Episode Q0:    75.52
Episode: 639/2000 | Episode reward:   280.18 | Episode steps:  500 | Average reward:   249.59 | Step Count: 343061 | Episode Q0:    75.52
Episode: 640/2000 | Episode reward:   296.63 | Episode steps:  500 | Average reward:   257.01 | Step Count: 343561 | Episode Q0:    75.52
Episode: 641/2000 | Episode reward:   270.99 | Episode steps:  500 | Average reward:   257.77 | Step Count: 344061 | Episode Q0:    75.52
Episode: 642/2000 | Episode reward:   283.26 | Episode steps:  500 | Average reward:   250.62 | Step Count: 344561 | Episode Q0:    75.52
Episode: 643/2000 | Episode reward:   131.21 | Episode steps:  193 | Average reward:   243.76 | Step Count: 344754 | Episode Q0:    74.49
Episode: 644/2000 | Episode reward:   301.67 | Episode steps:  548 | Average reward:   253.56 | Step Count: 345302 | Episode Q0:    74.49
Episode: 645/2000 | Episode reward:   288.55 | Episode steps:  500 | Average reward:   250.63 | Step Count: 345802 | Episode Q0:    74.49
Episode: 646/2000 | Episode reward:   208.06 | Episode steps:  500 | Average reward:   252.86 | Step Count: 346302 | Episode Q0:    74.49
Episode: 647/2000 | Episode reward:   279.78 | Episode steps:  500 | Average reward:   253.05 | Step Count: 346802 | Episode Q0:    74.49
Episode: 648/2000 | Episode reward:   204.09 | Episode steps:  500 | Average reward:   254.44 | Step Count: 347302 | Episode Q0:    74.49
Episode: 649/2000 | Episode reward:   295.20 | Episode steps:  500 | Average reward:   255.94 | Step Count: 347802 | Episode Q0:    74.49
Episode: 650/2000 | Episode reward:   211.30 | Episode steps:  500 | Average reward:   247.41 | Step Count: 348302 | Episode Q0:    74.49
Episode: 651/2000 | Episode reward:   271.91 | Episode steps:  500 | Average reward:   247.50 | Step Count: 348802 | Episode Q0:    74.49
Episode: 652/2000 | Episode reward:   270.53 | Episode steps:  500 | Average reward:   246.23 | Step Count: 349302 | Episode Q0:    74.49
Episode: 653/2000 | Episode reward:   283.49 | Episode steps:  500 | Average reward:   261.46 | Step Count: 349802 | Episode Q0:    74.49
Episode: 654/2000 | Episode reward:   270.69 | Episode steps:  500 | Average reward:   258.36 | Step Count: 350302 | Episode Q0:    74.49
Episode: 655/2000 | Episode reward:   163.84 | Episode steps:  400 | Average reward:   245.89 | Step Count: 350702 | Episode Q0:    74.49
Episode: 656/2000 | Episode reward:   250.36 | Episode steps:  500 | Average reward:   250.12 | Step Count: 351202 | Episode Q0:    74.49
Episode: 657/2000 | Episode reward:   290.47 | Episode steps:  500 | Average reward:   251.19 | Step Count: 351702 | Episode Q0:    74.49
Episode: 658/2000 | Episode reward:   105.05 | Episode steps:  155 | Average reward:   241.28 | Step Count: 351857 | Episode Q0:    74.49
Episode: 659/2000 | Episode reward:   274.30 | Episode steps:  500 | Average reward:   239.19 | Step Count: 352357 | Episode Q0:    74.49
Episode: 660/2000 | Episode reward:   200.24 | Episode steps:  500 | Average reward:   238.09 | Step Count: 352857 | Episode Q0:    74.49
Episode: 661/2000 | Episode reward:   164.65 | Episode steps:  500 | Average reward:   227.36 | Step Count: 353357 | Episode Q0:    74.49
Episode: 662/2000 | Episode reward:   244.19 | Episode steps:  500 | Average reward:   224.73 | Step Count: 353857 | Episode Q0:    74.49
Episode: 663/2000 | Episode reward:   150.43 | Episode steps:  293 | Average reward:   211.42 | Step Count: 354150 | Episode Q0:    74.49
Episode: 664/2000 | Episode reward:   274.87 | Episode steps:  500 | Average reward:   211.84 | Step Count: 354650 | Episode Q0:    74.49
Episode: 665/2000 | Episode reward:   254.09 | Episode steps:  500 | Average reward:   220.86 | Step Count: 355150 | Episode Q0:    74.49
Episode: 666/2000 | Episode reward:   285.12 | Episode steps:  500 | Average reward:   224.34 | Step Count: 355650 | Episode Q0:    74.49
Episode: 667/2000 | Episode reward:   369.64 | Episode steps:  500 | Average reward:   232.26 | Step Count: 356150 | Episode Q0:    74.49
Episode: 668/2000 | Episode reward:   185.03 | Episode steps:  334 | Average reward:   240.26 | Step Count: 356484 | Episode Q0:    74.49
Episode: 669/2000 | Episode reward:   280.55 | Episode steps:  500 | Average reward:   240.88 | Step Count: 356984 | Episode Q0:    74.49
Episode: 670/2000 | Episode reward:   255.71 | Episode steps:  500 | Average reward:   246.43 | Step Count: 357484 | Episode Q0:    74.54
Episode: 671/2000 | Episode reward:   272.07 | Episode steps:  500 | Average reward:   257.17 | Step Count: 357984 | Episode Q0:    74.54
Episode: 672/2000 | Episode reward:   279.80 | Episode steps:  500 | Average reward:   260.73 | Step Count: 358484 | Episode Q0:    74.54
Episode: 673/2000 | Episode reward:   274.25 | Episode steps:  500 | Average reward:   273.11 | Step Count: 358984 | Episode Q0:    74.54
Episode: 674/2000 | Episode reward:   166.83 | Episode steps:  241 | Average reward:   262.31 | Step Count: 359225 | Episode Q0:    74.54
Episode: 675/2000 | Episode reward:   282.49 | Episode steps:  500 | Average reward:   265.15 | Step Count: 359725 | Episode Q0:    74.54
Episode: 676/2000 | Episode reward:   259.41 | Episode steps:  500 | Average reward:   262.58 | Step Count: 360225 | Episode Q0:    74.54
Episode: 677/2000 | Episode reward:   267.13 | Episode steps:  433 | Average reward:   252.33 | Step Count: 360658 | Episode Q0:    74.54
Episode: 678/2000 | Episode reward:   160.74 | Episode steps:  277 | Average reward:   249.90 | Step Count: 360935 | Episode Q0:    74.54
Episode: 679/2000 | Episode reward:   244.82 | Episode steps:  500 | Average reward:   246.33 | Step Count: 361435 | Episode Q0:    74.54
Episode: 680/2000 | Episode reward:   337.32 | Episode steps:  565 | Average reward:   254.49 | Step Count: 362000 | Episode Q0:    74.54
Episode: 681/2000 | Episode reward:   282.95 | Episode steps:  500 | Average reward:   255.57 | Step Count: 362500 | Episode Q0:    74.54
Episode: 682/2000 | Episode reward:   234.75 | Episode steps:  500 | Average reward:   251.07 | Step Count: 363000 | Episode Q0:    74.54
Episode: 683/2000 | Episode reward:   153.42 | Episode steps:  282 | Average reward:   238.99 | Step Count: 363282 | Episode Q0:    74.54
Episode: 684/2000 | Episode reward:   226.94 | Episode steps:  391 | Average reward:   245.00 | Step Count: 363673 | Episode Q0:    74.54
Episode: 685/2000 | Episode reward:   183.33 | Episode steps:  500 | Average reward:   235.08 | Step Count: 364173 | Episode Q0:    74.54
Episode: 686/2000 | Episode reward:   244.61 | Episode steps:  500 | Average reward:   233.60 | Step Count: 364673 | Episode Q0:    74.54
Episode: 687/2000 | Episode reward:   166.12 | Episode steps:  403 | Average reward:   223.50 | Step Count: 365076 | Episode Q0:    74.54
Episode: 688/2000 | Episode reward:   190.57 | Episode steps:  438 | Average reward:   226.48 | Step Count: 365514 | Episode Q0:    74.54
Episode: 689/2000 | Episode reward:   153.89 | Episode steps:  316 | Average reward:   217.39 | Step Count: 365830 | Episode Q0:    74.54
Episode: 690/2000 | Episode reward:   216.10 | Episode steps:  465 | Average reward:   205.27 | Step Count: 366295 | Episode Q0:    74.54
Episode: 691/2000 | Episode reward:   180.83 | Episode steps:  500 | Average reward:   195.06 | Step Count: 366795 | Episode Q0:    74.54
Episode: 692/2000 | Episode reward:   163.29 | Episode steps:  257 | Average reward:   187.91 | Step Count: 367052 | Episode Q0:    74.54
Episode: 693/2000 | Episode reward:   175.43 | Episode steps:  413 | Average reward:   190.11 | Step Count: 367465 | Episode Q0:    74.54
Episode: 694/2000 | Episode reward:   183.23 | Episode steps:  324 | Average reward:   185.74 | Step Count: 367789 | Episode Q0:    74.54
Episode: 695/2000 | Episode reward:   236.55 | Episode steps:  494 | Average reward:   191.06 | Step Count: 368283 | Episode Q0:    74.54
Episode: 696/2000 | Episode reward:   266.23 | Episode steps:  500 | Average reward:   193.22 | Step Count: 368783 | Episode Q0:    74.21
Episode: 697/2000 | Episode reward:   176.06 | Episode steps:  282 | Average reward:   194.22 | Step Count: 369065 | Episode Q0:    74.21
Episode: 698/2000 | Episode reward:   285.75 | Episode steps:  500 | Average reward:   203.74 | Step Count: 369565 | Episode Q0:    74.21
Episode: 699/2000 | Episode reward:   325.78 | Episode steps:  491 | Average reward:   220.92 | Step Count: 370056 | Episode Q0:    74.21
Episode: 700/2000 | Episode reward:   206.38 | Episode steps:  452 | Average reward:   219.95 | Step Count: 370508 | Episode Q0:    74.21
Episode: 701/2000 | Episode reward:   136.10 | Episode steps:  373 | Average reward:   215.48 | Step Count: 370881 | Episode Q0:    74.21
Episode: 702/2000 | Episode reward:   284.07 | Episode steps:  500 | Average reward:   227.56 | Step Count: 371381 | Episode Q0:    74.21
Episode: 703/2000 | Episode reward:   278.36 | Episode steps:  513 | Average reward:   237.85 | Step Count: 371894 | Episode Q0:    74.21
Episode: 704/2000 | Episode reward:   280.16 | Episode steps:  500 | Average reward:   247.54 | Step Count: 372394 | Episode Q0:    74.21
Episode: 705/2000 | Episode reward:   274.59 | Episode steps:  500 | Average reward:   251.35 | Step Count: 372894 | Episode Q0:    74.21
Episode: 706/2000 | Episode reward:   269.04 | Episode steps:  500 | Average reward:   251.63 | Step Count: 373394 | Episode Q0:    74.21
Episode: 707/2000 | Episode reward:   248.50 | Episode steps:  500 | Average reward:   258.87 | Step Count: 373894 | Episode Q0:    74.21
Episode: 708/2000 | Episode reward:   262.50 | Episode steps:  500 | Average reward:   256.55 | Step Count: 374394 | Episode Q0:    74.21
Episode: 709/2000 | Episode reward:   214.22 | Episode steps:  328 | Average reward:   245.39 | Step Count: 374722 | Episode Q0:    74.21
Episode: 710/2000 | Episode reward:   208.24 | Episode steps:  342 | Average reward:   245.58 | Step Count: 375064 | Episode Q0:    74.21
Episode: 711/2000 | Episode reward:   279.56 | Episode steps:  500 | Average reward:   259.92 | Step Count: 375564 | Episode Q0:    74.21
Episode: 712/2000 | Episode reward:   272.57 | Episode steps:  500 | Average reward:   258.77 | Step Count: 376064 | Episode Q0:    74.21
Episode: 713/2000 | Episode reward:   347.43 | Episode steps:  500 | Average reward:   265.68 | Step Count: 376564 | Episode Q0:    74.21
Episode: 714/2000 | Episode reward:   180.32 | Episode steps:  500 | Average reward:   255.70 | Step Count: 377064 | Episode Q0:    74.21
Episode: 715/2000 | Episode reward:   179.01 | Episode steps:  500 | Average reward:   246.14 | Step Count: 377564 | Episode Q0:    74.21
Episode: 716/2000 | Episode reward:   278.70 | Episode steps:  500 | Average reward:   247.11 | Step Count: 378064 | Episode Q0:    74.21
Episode: 717/2000 | Episode reward:   241.08 | Episode steps:  500 | Average reward:   246.36 | Step Count: 378564 | Episode Q0:    74.21
Episode: 718/2000 | Episode reward:   340.42 | Episode steps:  500 | Average reward:   254.15 | Step Count: 379064 | Episode Q0:    74.21
Episode: 719/2000 | Episode reward:   285.06 | Episode steps:  500 | Average reward:   261.24 | Step Count: 379564 | Episode Q0:    74.21
Episode: 720/2000 | Episode reward:   193.98 | Episode steps:  500 | Average reward:   259.81 | Step Count: 380064 | Episode Q0:    74.37
Episode: 721/2000 | Episode reward:   202.36 | Episode steps:  500 | Average reward:   252.09 | Step Count: 380564 | Episode Q0:    74.37
Episode: 722/2000 | Episode reward:   195.10 | Episode steps:  500 | Average reward:   244.35 | Step Count: 381064 | Episode Q0:    74.37
Episode: 723/2000 | Episode reward:   257.16 | Episode steps:  427 | Average reward:   235.32 | Step Count: 381491 | Episode Q0:    74.37
Episode: 724/2000 | Episode reward:   195.94 | Episode steps:  500 | Average reward:   236.88 | Step Count: 381991 | Episode Q0:    74.37
Episode: 725/2000 | Episode reward:   189.72 | Episode steps:  500 | Average reward:   237.95 | Step Count: 382491 | Episode Q0:    74.37
Episode: 726/2000 | Episode reward:   167.74 | Episode steps:  500 | Average reward:   226.86 | Step Count: 382991 | Episode Q0:    74.37
Episode: 727/2000 | Episode reward:   200.87 | Episode steps:  500 | Average reward:   222.84 | Step Count: 383491 | Episode Q0:    74.37
Episode: 728/2000 | Episode reward:   187.62 | Episode steps:  500 | Average reward:   207.56 | Step Count: 383991 | Episode Q0:    74.37
Episode: 729/2000 | Episode reward:   246.03 | Episode steps:  403 | Average reward:   203.65 | Step Count: 384394 | Episode Q0:    74.37
Episode: 730/2000 | Episode reward:   165.87 | Episode steps:  500 | Average reward:   200.84 | Step Count: 384894 | Episode Q0:    74.37
Episode: 731/2000 | Episode reward:   263.53 | Episode steps:  500 | Average reward:   206.96 | Step Count: 385394 | Episode Q0:    74.37
Episode: 732/2000 | Episode reward:   196.84 | Episode steps:  500 | Average reward:   207.13 | Step Count: 385894 | Episode Q0:    74.37
Episode: 733/2000 | Episode reward:   354.91 | Episode steps:  500 | Average reward:   216.91 | Step Count: 386394 | Episode Q0:    74.37
Episode: 734/2000 | Episode reward:   186.96 | Episode steps:  500 | Average reward:   216.01 | Step Count: 386894 | Episode Q0:    74.37
Episode: 735/2000 | Episode reward:   219.48 | Episode steps:  500 | Average reward:   218.98 | Step Count: 387394 | Episode Q0:    74.37
Episode: 736/2000 | Episode reward:   362.84 | Episode steps:  500 | Average reward:   238.49 | Step Count: 387894 | Episode Q0:    74.37
Episode: 737/2000 | Episode reward:   278.57 | Episode steps:  500 | Average reward:   246.26 | Step Count: 388394 | Episode Q0:    74.37
Episode: 738/2000 | Episode reward:   304.46 | Episode steps:  500 | Average reward:   257.95 | Step Count: 388894 | Episode Q0:    74.37
Episode: 739/2000 | Episode reward:   269.41 | Episode steps:  471 | Average reward:   260.29 | Step Count: 389365 | Episode Q0:    74.37
Episode: 740/2000 | Episode reward:   333.04 | Episode steps:  500 | Average reward:   277.00 | Step Count: 389865 | Episode Q0:    74.37
Episode: 741/2000 | Episode reward:   208.12 | Episode steps:  369 | Average reward:   271.46 | Step Count: 390234 | Episode Q0:    74.37
Episode: 742/2000 | Episode reward:   251.62 | Episode steps:  500 | Average reward:   276.94 | Step Count: 390734 | Episode Q0:    74.37
Episode: 743/2000 | Episode reward:   189.77 | Episode steps:  500 | Average reward:   260.43 | Step Count: 391234 | Episode Q0:    74.37
Episode: 744/2000 | Episode reward:   342.29 | Episode steps:  500 | Average reward:   275.96 | Step Count: 391734 | Episode Q0:    74.37
Episode: 745/2000 | Episode reward:   205.45 | Episode steps:  500 | Average reward:   274.56 | Step Count: 392234 | Episode Q0:    74.37
Episode: 746/2000 | Episode reward:   250.20 | Episode steps:  500 | Average reward:   263.29 | Step Count: 392734 | Episode Q0:    73.14
Episode: 747/2000 | Episode reward:   350.67 | Episode steps:  500 | Average reward:   270.50 | Step Count: 393234 | Episode Q0:    73.14
Episode: 748/2000 | Episode reward:   209.22 | Episode steps:  500 | Average reward:   260.98 | Step Count: 393734 | Episode Q0:    73.14
Episode: 749/2000 | Episode reward:   287.20 | Episode steps:  500 | Average reward:   262.76 | Step Count: 394234 | Episode Q0:    73.14
Episode: 750/2000 | Episode reward:   277.27 | Episode steps:  500 | Average reward:   257.18 | Step Count: 394734 | Episode Q0:    73.14
Episode: 751/2000 | Episode reward:   243.91 | Episode steps:  500 | Average reward:   260.76 | Step Count: 395234 | Episode Q0:    73.14
Episode: 752/2000 | Episode reward:   275.57 | Episode steps:  500 | Average reward:   263.15 | Step Count: 395734 | Episode Q0:    73.14
Episode: 753/2000 | Episode reward:   266.28 | Episode steps:  500 | Average reward:   270.81 | Step Count: 396234 | Episode Q0:    73.14
Episode: 754/2000 | Episode reward:   201.38 | Episode steps:  500 | Average reward:   256.72 | Step Count: 396734 | Episode Q0:    73.14
Episode: 755/2000 | Episode reward:   299.16 | Episode steps:  500 | Average reward:   266.09 | Step Count: 397234 | Episode Q0:    73.14
Episode: 756/2000 | Episode reward:   271.11 | Episode steps:  500 | Average reward:   268.18 | Step Count: 397734 | Episode Q0:    73.14
Episode: 757/2000 | Episode reward:   333.96 | Episode steps:  500 | Average reward:   266.51 | Step Count: 398234 | Episode Q0:    73.14
Episode: 758/2000 | Episode reward:   688.13 | Episode steps: 1013 | Average reward:   314.40 | Step Count: 399247 | Episode Q0:    73.14
Episode: 759/2000 | Episode reward:   296.08 | Episode steps:  500 | Average reward:   315.29 | Step Count: 399747 | Episode Q0:    73.14
Episode: 760/2000 | Episode reward:   285.82 | Episode steps:  500 | Average reward:   316.14 | Step Count: 400247 | Episode Q0:    73.14
Episode: 761/2000 | Episode reward:   270.61 | Episode steps:  500 | Average reward:   318.81 | Step Count: 400747 | Episode Q0:    73.14
Episode: 762/2000 | Episode reward:   182.29 | Episode steps:  313 | Average reward:   309.48 | Step Count: 401060 | Episode Q0:    73.14
Episode: 763/2000 | Episode reward:   257.06 | Episode steps:  500 | Average reward:   308.56 | Step Count: 401560 | Episode Q0:    73.14
Episode: 764/2000 | Episode reward:   164.99 | Episode steps:  405 | Average reward:   304.92 | Step Count: 401965 | Episode Q0:    73.14
Episode: 765/2000 | Episode reward:   353.01 | Episode steps:  500 | Average reward:   310.31 | Step Count: 402465 | Episode Q0:    73.14
Episode: 766/2000 | Episode reward:   215.84 | Episode steps:  500 | Average reward:   304.78 | Step Count: 402965 | Episode Q0:    73.14
Episode: 767/2000 | Episode reward:   254.24 | Episode steps:  500 | Average reward:   296.81 | Step Count: 403465 | Episode Q0:    73.14
Episode: 768/2000 | Episode reward:   249.05 | Episode steps:  500 | Average reward:   252.90 | Step Count: 403965 | Episode Q0:    73.14
Episode: 769/2000 | Episode reward:   240.31 | Episode steps:  500 | Average reward:   247.32 | Step Count: 404465 | Episode Q0:    73.14
Episode: 770/2000 | Episode reward:   239.42 | Episode steps:  500 | Average reward:   242.68 | Step Count: 404965 | Episode Q0:    73.14
Episode: 771/2000 | Episode reward:   372.53 | Episode steps:  500 | Average reward:   252.87 | Step Count: 405465 | Episode Q0:    73.14
Episode: 772/2000 | Episode reward:   290.76 | Episode steps:  500 | Average reward:   263.72 | Step Count: 405965 | Episode Q0:    72.84
Episode: 773/2000 | Episode reward:   214.82 | Episode steps:  500 | Average reward:   259.50 | Step Count: 406465 | Episode Q0:    72.84
Episode: 774/2000 | Episode reward:   236.62 | Episode steps:  500 | Average reward:   266.66 | Step Count: 406965 | Episode Q0:    72.84
Episode: 775/2000 | Episode reward:   277.99 | Episode steps:  500 | Average reward:   259.16 | Step Count: 407465 | Episode Q0:    72.84
Episode: 776/2000 | Episode reward:   269.08 | Episode steps:  500 | Average reward:   264.48 | Step Count: 407965 | Episode Q0:    72.84
Episode: 777/2000 | Episode reward:   371.11 | Episode steps:  542 | Average reward:   276.17 | Step Count: 408507 | Episode Q0:    72.84
Episode: 778/2000 | Episode reward:   282.02 | Episode steps:  500 | Average reward:   279.47 | Step Count: 409007 | Episode Q0:    72.84
Episode: 779/2000 | Episode reward:   159.66 | Episode steps:  435 | Average reward:   271.40 | Step Count: 409442 | Episode Q0:    72.84
Episode: 780/2000 | Episode reward:   213.79 | Episode steps:  500 | Average reward:   268.84 | Step Count: 409942 | Episode Q0:    72.84
Episode: 781/2000 | Episode reward:   273.90 | Episode steps:  500 | Average reward:   258.97 | Step Count: 410442 | Episode Q0:    72.84
Episode: 782/2000 | Episode reward:   329.90 | Episode steps:  500 | Average reward:   262.89 | Step Count: 410942 | Episode Q0:    72.84
Episode: 783/2000 | Episode reward:   252.42 | Episode steps:  500 | Average reward:   266.65 | Step Count: 411442 | Episode Q0:    72.84
Episode: 784/2000 | Episode reward:   269.17 | Episode steps:  500 | Average reward:   269.90 | Step Count: 411942 | Episode Q0:    72.84
Episode: 785/2000 | Episode reward:   272.27 | Episode steps:  500 | Average reward:   269.33 | Step Count: 412442 | Episode Q0:    72.84
Episode: 786/2000 | Episode reward:   280.72 | Episode steps:  500 | Average reward:   270.50 | Step Count: 412942 | Episode Q0:    72.84
Episode: 787/2000 | Episode reward:   245.42 | Episode steps:  500 | Average reward:   257.93 | Step Count: 413442 | Episode Q0:    72.84
Episode: 788/2000 | Episode reward:   274.55 | Episode steps:  500 | Average reward:   257.18 | Step Count: 413942 | Episode Q0:    72.84
Episode: 789/2000 | Episode reward:   196.55 | Episode steps:  500 | Average reward:   260.87 | Step Count: 414442 | Episode Q0:    72.84
Episode: 790/2000 | Episode reward:   372.22 | Episode steps:  531 | Average reward:   276.71 | Step Count: 414973 | Episode Q0:    72.84
Episode: 791/2000 | Episode reward:   266.59 | Episode steps:  500 | Average reward:   275.98 | Step Count: 415473 | Episode Q0:    72.84
Episode: 792/2000 | Episode reward:   229.94 | Episode steps:  500 | Average reward:   265.99 | Step Count: 415973 | Episode Q0:    72.84
Episode: 793/2000 | Episode reward:   211.69 | Episode steps:  500 | Average reward:   261.91 | Step Count: 416473 | Episode Q0:    72.84
Episode: 794/2000 | Episode reward:   255.04 | Episode steps:  500 | Average reward:   260.50 | Step Count: 416973 | Episode Q0:    72.84
Episode: 795/2000 | Episode reward:   341.13 | Episode steps:  500 | Average reward:   267.39 | Step Count: 417473 | Episode Q0:    72.84
Episode: 796/2000 | Episode reward:   250.20 | Episode steps:  500 | Average reward:   264.33 | Step Count: 417973 | Episode Q0:    72.84
Episode: 797/2000 | Episode reward:   338.90 | Episode steps:  500 | Average reward:   273.68 | Step Count: 418473 | Episode Q0:    72.84
Episode: 798/2000 | Episode reward:   331.42 | Episode steps:  500 | Average reward:   279.37 | Step Count: 418973 | Episode Q0:    72.84
Episode: 799/2000 | Episode reward:   410.08 | Episode steps:  622 | Average reward:   300.72 | Step Count: 419595 | Episode Q0:    72.47
Episode: 800/2000 | Episode reward:   171.68 | Episode steps:  500 | Average reward:   280.67 | Step Count: 420095 | Episode Q0:    72.47
Episode: 801/2000 | Episode reward:   284.87 | Episode steps:  500 | Average reward:   282.50 | Step Count: 420595 | Episode Q0:    72.47
Episode: 802/2000 | Episode reward:   278.47 | Episode steps:  500 | Average reward:   287.35 | Step Count: 421095 | Episode Q0:    72.47
Episode: 803/2000 | Episode reward:   273.17 | Episode steps:  500 | Average reward:   293.50 | Step Count: 421595 | Episode Q0:    72.47
Episode: 804/2000 | Episode reward:   139.51 | Episode steps:  271 | Average reward:   281.94 | Step Count: 421866 | Episode Q0:    72.47
Episode: 805/2000 | Episode reward:   202.94 | Episode steps:  500 | Average reward:   268.12 | Step Count: 422366 | Episode Q0:    72.47
Episode: 806/2000 | Episode reward:   267.45 | Episode steps:  500 | Average reward:   269.85 | Step Count: 422866 | Episode Q0:    72.47
Episode: 807/2000 | Episode reward:   268.83 | Episode steps:  500 | Average reward:   262.84 | Step Count: 423366 | Episode Q0:    72.47
Episode: 808/2000 | Episode reward:   224.14 | Episode steps:  500 | Average reward:   252.11 | Step Count: 423866 | Episode Q0:    72.47
Episode: 809/2000 | Episode reward:   213.23 | Episode steps:  500 | Average reward:   232.43 | Step Count: 424366 | Episode Q0:    72.47
Episode: 810/2000 | Episode reward:   313.53 | Episode steps:  500 | Average reward:   246.61 | Step Count: 424866 | Episode Q0:    72.47
Episode: 811/2000 | Episode reward:   262.76 | Episode steps:  500 | Average reward:   244.40 | Step Count: 425366 | Episode Q0:    72.47
Episode: 812/2000 | Episode reward:   187.80 | Episode steps:  500 | Average reward:   235.34 | Step Count: 425866 | Episode Q0:    72.47
Episode: 813/2000 | Episode reward:   158.20 | Episode steps:  250 | Average reward:   223.84 | Step Count: 426116 | Episode Q0:    72.47
Episode: 814/2000 | Episode reward:   236.53 | Episode steps:  500 | Average reward:   233.54 | Step Count: 426616 | Episode Q0:    72.47
Episode: 815/2000 | Episode reward:   258.99 | Episode steps:  500 | Average reward:   239.15 | Step Count: 427116 | Episode Q0:    72.47
Episode: 816/2000 | Episode reward:   343.16 | Episode steps:  500 | Average reward:   246.72 | Step Count: 427616 | Episode Q0:    72.47
Episode: 817/2000 | Episode reward:   217.45 | Episode steps:  500 | Average reward:   241.58 | Step Count: 428116 | Episode Q0:    72.47
Episode: 818/2000 | Episode reward:   278.46 | Episode steps:  500 | Average reward:   247.01 | Step Count: 428616 | Episode Q0:    72.47
Episode: 819/2000 | Episode reward:   200.29 | Episode steps:  500 | Average reward:   245.72 | Step Count: 429116 | Episode Q0:    72.47
Episode: 820/2000 | Episode reward:   263.48 | Episode steps:  500 | Average reward:   240.71 | Step Count: 429616 | Episode Q0:    72.47
Episode: 821/2000 | Episode reward:   253.29 | Episode steps:  500 | Average reward:   239.76 | Step Count: 430116 | Episode Q0:    72.47
Episode: 822/2000 | Episode reward:   200.23 | Episode steps:  500 | Average reward:   241.01 | Step Count: 430616 | Episode Q0:    72.47
Episode: 823/2000 | Episode reward:   131.82 | Episode steps:  500 | Average reward:   238.37 | Step Count: 431116 | Episode Q0:    72.47
Episode: 824/2000 | Episode reward:   268.29 | Episode steps:  500 | Average reward:   241.54 | Step Count: 431616 | Episode Q0:    72.47
Episode: 825/2000 | Episode reward:   273.53 | Episode steps:  500 | Average reward:   243.00 | Step Count: 432116 | Episode Q0:    72.13
Episode: 826/2000 | Episode reward:   187.14 | Episode steps:  500 | Average reward:   227.40 | Step Count: 432616 | Episode Q0:    72.13
Episode: 827/2000 | Episode reward:   271.55 | Episode steps:  500 | Average reward:   232.81 | Step Count: 433116 | Episode Q0:    72.13
Episode: 828/2000 | Episode reward:   278.52 | Episode steps:  500 | Average reward:   232.81 | Step Count: 433616 | Episode Q0:    72.13
Episode: 829/2000 | Episode reward:   316.48 | Episode steps:  500 | Average reward:   244.43 | Step Count: 434116 | Episode Q0:    72.13
Episode: 830/2000 | Episode reward:   355.85 | Episode steps:  501 | Average reward:   253.67 | Step Count: 434617 | Episode Q0:    72.13
Episode: 831/2000 | Episode reward:   223.25 | Episode steps:  500 | Average reward:   250.66 | Step Count: 435117 | Episode Q0:    72.13
Episode: 832/2000 | Episode reward:   278.20 | Episode steps:  500 | Average reward:   258.46 | Step Count: 435617 | Episode Q0:    72.13
Episode: 833/2000 | Episode reward:   312.95 | Episode steps:  500 | Average reward:   276.57 | Step Count: 436117 | Episode Q0:    72.13
Episode: 834/2000 | Episode reward:   225.72 | Episode steps:  500 | Average reward:   272.32 | Step Count: 436617 | Episode Q0:    72.13
Episode: 835/2000 | Episode reward:   262.30 | Episode steps:  500 | Average reward:   271.19 | Step Count: 437117 | Episode Q0:    72.13
Episode: 836/2000 | Episode reward:   250.03 | Episode steps:  500 | Average reward:   277.48 | Step Count: 437617 | Episode Q0:    72.13
Episode: 837/2000 | Episode reward:   275.37 | Episode steps:  500 | Average reward:   277.87 | Step Count: 438117 | Episode Q0:    72.13
Episode: 838/2000 | Episode reward:   268.86 | Episode steps:  500 | Average reward:   276.90 | Step Count: 438617 | Episode Q0:    72.13
Episode: 839/2000 | Episode reward:   265.53 | Episode steps:  500 | Average reward:   271.81 | Step Count: 439117 | Episode Q0:    72.13
Episode: 840/2000 | Episode reward:   233.22 | Episode steps:  500 | Average reward:   259.54 | Step Count: 439617 | Episode Q0:    72.13
Episode: 841/2000 | Episode reward:   287.08 | Episode steps:  500 | Average reward:   265.92 | Step Count: 440117 | Episode Q0:    72.13
Episode: 842/2000 | Episode reward:   189.31 | Episode steps:  500 | Average reward:   257.04 | Step Count: 440617 | Episode Q0:    72.13
Episode: 843/2000 | Episode reward:   320.84 | Episode steps:  500 | Average reward:   257.83 | Step Count: 441117 | Episode Q0:    72.13
Episode: 844/2000 | Episode reward:   255.80 | Episode steps:  500 | Average reward:   260.83 | Step Count: 441617 | Episode Q0:    72.13
Episode: 845/2000 | Episode reward:   252.71 | Episode steps:  500 | Average reward:   259.87 | Step Count: 442117 | Episode Q0:    72.13
Episode: 846/2000 | Episode reward:   207.36 | Episode steps:  500 | Average reward:   255.61 | Step Count: 442617 | Episode Q0:    72.13
Episode: 847/2000 | Episode reward:   233.23 | Episode steps:  500 | Average reward:   251.39 | Step Count: 443117 | Episode Q0:    72.13
Episode: 848/2000 | Episode reward:   263.30 | Episode steps:  500 | Average reward:   250.84 | Step Count: 443617 | Episode Q0:    72.13
Episode: 849/2000 | Episode reward:   242.09 | Episode steps:  500 | Average reward:   248.49 | Step Count: 444117 | Episode Q0:    72.13
Episode: 850/2000 | Episode reward:   286.62 | Episode steps:  500 | Average reward:   253.83 | Step Count: 444617 | Episode Q0:    72.13
Episode: 851/2000 | Episode reward:   223.58 | Episode steps:  500 | Average reward:   247.48 | Step Count: 445117 | Episode Q0:    71.81
Episode: 852/2000 | Episode reward:   258.84 | Episode steps:  500 | Average reward:   254.44 | Step Count: 445617 | Episode Q0:    71.81
Episode: 853/2000 | Episode reward:   271.53 | Episode steps:  500 | Average reward:   249.50 | Step Count: 446117 | Episode Q0:    71.81
Episode: 854/2000 | Episode reward:   241.18 | Episode steps:  500 | Average reward:   248.04 | Step Count: 446617 | Episode Q0:    71.81
Episode: 855/2000 | Episode reward:   273.01 | Episode steps:  500 | Average reward:   250.07 | Step Count: 447117 | Episode Q0:    71.81
Episode: 856/2000 | Episode reward:   271.05 | Episode steps:  500 | Average reward:   256.44 | Step Count: 447617 | Episode Q0:    71.81
Episode: 857/2000 | Episode reward:   331.15 | Episode steps:  500 | Average reward:   266.23 | Step Count: 448117 | Episode Q0:    71.81
Episode: 858/2000 | Episode reward:   242.50 | Episode steps:  500 | Average reward:   264.15 | Step Count: 448617 | Episode Q0:    71.81
Episode: 859/2000 | Episode reward:   275.86 | Episode steps:  500 | Average reward:   267.53 | Step Count: 449117 | Episode Q0:    71.81
Episode: 860/2000 | Episode reward:   282.31 | Episode steps:  500 | Average reward:   267.10 | Step Count: 449617 | Episode Q0:    71.81
Episode: 861/2000 | Episode reward:   268.11 | Episode steps:  500 | Average reward:   271.55 | Step Count: 450117 | Episode Q0:    71.81
Episode: 862/2000 | Episode reward:   271.85 | Episode steps:  500 | Average reward:   272.86 | Step Count: 450617 | Episode Q0:    71.81
Episode: 863/2000 | Episode reward:   195.32 | Episode steps:  500 | Average reward:   265.23 | Step Count: 451117 | Episode Q0:    71.81
Episode: 864/2000 | Episode reward:   277.51 | Episode steps:  500 | Average reward:   268.87 | Step Count: 451617 | Episode Q0:    71.81
Episode: 865/2000 | Episode reward:   228.68 | Episode steps:  500 | Average reward:   264.43 | Step Count: 452117 | Episode Q0:    71.81
Episode: 866/2000 | Episode reward:   235.47 | Episode steps:  500 | Average reward:   260.88 | Step Count: 452617 | Episode Q0:    71.81
Episode: 867/2000 | Episode reward:   260.08 | Episode steps:  500 | Average reward:   253.77 | Step Count: 453117 | Episode Q0:    71.81
Episode: 868/2000 | Episode reward:   281.63 | Episode steps:  500 | Average reward:   257.68 | Step Count: 453617 | Episode Q0:    71.81
Episode: 869/2000 | Episode reward:   290.06 | Episode steps:  500 | Average reward:   259.10 | Step Count: 454117 | Episode Q0:    71.81
Episode: 870/2000 | Episode reward:   334.67 | Episode steps:  500 | Average reward:   264.34 | Step Count: 454617 | Episode Q0:    71.81
Episode: 871/2000 | Episode reward:   244.56 | Episode steps:  500 | Average reward:   261.98 | Step Count: 455117 | Episode Q0:    71.81
Episode: 872/2000 | Episode reward:   255.60 | Episode steps:  500 | Average reward:   260.36 | Step Count: 455617 | Episode Q0:    71.81
Episode: 873/2000 | Episode reward:   215.11 | Episode steps:  500 | Average reward:   262.34 | Step Count: 456117 | Episode Q0:    71.81
Episode: 874/2000 | Episode reward:   280.39 | Episode steps:  500 | Average reward:   262.62 | Step Count: 456617 | Episode Q0:    71.81
Episode: 875/2000 | Episode reward:   232.02 | Episode steps:  500 | Average reward:   262.96 | Step Count: 457117 | Episode Q0:    71.81
Episode: 876/2000 | Episode reward:   229.36 | Episode steps:  500 | Average reward:   262.35 | Step Count: 457617 | Episode Q0:    71.21
Episode: 877/2000 | Episode reward:   211.03 | Episode steps:  500 | Average reward:   257.44 | Step Count: 458117 | Episode Q0:    71.21
Episode: 878/2000 | Episode reward:   283.30 | Episode steps:  500 | Average reward:   257.61 | Step Count: 458617 | Episode Q0:    71.21
Episode: 879/2000 | Episode reward:   290.99 | Episode steps:  500 | Average reward:   257.70 | Step Count: 459117 | Episode Q0:    71.21
Episode: 880/2000 | Episode reward:   221.98 | Episode steps:  500 | Average reward:   246.43 | Step Count: 459617 | Episode Q0:    71.21
Episode: 881/2000 | Episode reward:   270.69 | Episode steps:  500 | Average reward:   249.05 | Step Count: 460117 | Episode Q0:    71.21
Episode: 882/2000 | Episode reward:   267.41 | Episode steps:  500 | Average reward:   250.23 | Step Count: 460617 | Episode Q0:    71.21
Episode: 883/2000 | Episode reward:   241.63 | Episode steps:  500 | Average reward:   252.88 | Step Count: 461117 | Episode Q0:    71.21
Episode: 884/2000 | Episode reward:   351.05 | Episode steps:  500 | Average reward:   259.95 | Step Count: 461617 | Episode Q0:    71.21
Episode: 885/2000 | Episode reward:   283.52 | Episode steps:  500 | Average reward:   265.10 | Step Count: 462117 | Episode Q0:    71.21
Episode: 886/2000 | Episode reward:   365.46 | Episode steps:  521 | Average reward:   278.71 | Step Count: 462638 | Episode Q0:    71.21
Episode: 887/2000 | Episode reward:   354.81 | Episode steps:  500 | Average reward:   293.08 | Step Count: 463138 | Episode Q0:    71.21
Episode: 888/2000 | Episode reward:   262.14 | Episode steps:  500 | Average reward:   290.97 | Step Count: 463638 | Episode Q0:    71.21
Episode: 889/2000 | Episode reward:   264.72 | Episode steps:  500 | Average reward:   288.34 | Step Count: 464138 | Episode Q0:    71.21
Episode: 890/2000 | Episode reward:   288.12 | Episode steps:  500 | Average reward:   294.95 | Step Count: 464638 | Episode Q0:    71.21
Episode: 891/2000 | Episode reward:   271.38 | Episode steps:  500 | Average reward:   295.02 | Step Count: 465138 | Episode Q0:    71.21
Episode: 892/2000 | Episode reward:   285.74 | Episode steps:  500 | Average reward:   296.86 | Step Count: 465638 | Episode Q0:    71.21
Episode: 893/2000 | Episode reward:   284.39 | Episode steps:  500 | Average reward:   301.13 | Step Count: 466138 | Episode Q0:    71.21
Episode: 894/2000 | Episode reward:   227.47 | Episode steps:  500 | Average reward:   288.77 | Step Count: 466638 | Episode Q0:    71.21
Episode: 895/2000 | Episode reward:   287.27 | Episode steps:  500 | Average reward:   289.15 | Step Count: 467138 | Episode Q0:    71.21
Episode: 896/2000 | Episode reward:   247.85 | Episode steps:  500 | Average reward:   277.39 | Step Count: 467638 | Episode Q0:    71.21
Episode: 897/2000 | Episode reward:   272.91 | Episode steps:  500 | Average reward:   269.20 | Step Count: 468138 | Episode Q0:    71.21
Episode: 898/2000 | Episode reward:   230.42 | Episode steps:  500 | Average reward:   266.03 | Step Count: 468638 | Episode Q0:    71.21
Episode: 899/2000 | Episode reward:   247.79 | Episode steps:  500 | Average reward:   264.33 | Step Count: 469138 | Episode Q0:    71.21
Episode: 900/2000 | Episode reward:   289.91 | Episode steps:  500 | Average reward:   264.51 | Step Count: 469638 | Episode Q0:    71.21
Episode: 901/2000 | Episode reward:   216.22 | Episode steps:  500 | Average reward:   259.00 | Step Count: 470138 | Episode Q0:    71.21
Episode: 902/2000 | Episode reward:   264.70 | Episode steps:  500 | Average reward:   256.89 | Step Count: 470638 | Episode Q0:    71.47
Episode: 903/2000 | Episode reward:   215.98 | Episode steps:  500 | Average reward:   250.05 | Step Count: 471138 | Episode Q0:    71.47
Episode: 904/2000 | Episode reward:   261.18 | Episode steps:  500 | Average reward:   253.42 | Step Count: 471638 | Episode Q0:    71.47
Episode: 905/2000 | Episode reward:   242.72 | Episode steps:  500 | Average reward:   248.97 | Step Count: 472138 | Episode Q0:    71.47
Episode: 906/2000 | Episode reward:   210.56 | Episode steps:  500 | Average reward:   245.24 | Step Count: 472638 | Episode Q0:    71.47
Episode: 907/2000 | Episode reward:   336.07 | Episode steps:  500 | Average reward:   251.56 | Step Count: 473138 | Episode Q0:    71.47
Episode: 908/2000 | Episode reward:   270.80 | Episode steps:  500 | Average reward:   255.59 | Step Count: 473638 | Episode Q0:    71.47
Episode: 909/2000 | Episode reward:   278.78 | Episode steps:  500 | Average reward:   258.69 | Step Count: 474138 | Episode Q0:    71.47
Episode: 910/2000 | Episode reward:   265.09 | Episode steps:  500 | Average reward:   256.21 | Step Count: 474638 | Episode Q0:    71.47
Episode: 911/2000 | Episode reward:   192.38 | Episode steps:  500 | Average reward:   253.82 | Step Count: 475138 | Episode Q0:    71.47
Episode: 912/2000 | Episode reward:   192.91 | Episode steps:  500 | Average reward:   246.65 | Step Count: 475638 | Episode Q0:    71.47
Episode: 913/2000 | Episode reward:   337.94 | Episode steps:  500 | Average reward:   258.84 | Step Count: 476138 | Episode Q0:    71.47
Episode: 914/2000 | Episode reward:   270.72 | Episode steps:  500 | Average reward:   259.80 | Step Count: 476638 | Episode Q0:    71.47
Episode: 915/2000 | Episode reward:   198.37 | Episode steps:  500 | Average reward:   255.36 | Step Count: 477138 | Episode Q0:    71.47
Episode: 916/2000 | Episode reward:   278.85 | Episode steps:  500 | Average reward:   262.19 | Step Count: 477638 | Episode Q0:    71.47
Episode: 917/2000 | Episode reward:   249.60 | Episode steps:  500 | Average reward:   253.54 | Step Count: 478138 | Episode Q0:    71.47
Episode: 918/2000 | Episode reward:   250.17 | Episode steps:  500 | Average reward:   251.48 | Step Count: 478638 | Episode Q0:    71.47
Episode: 919/2000 | Episode reward:   246.79 | Episode steps:  500 | Average reward:   248.28 | Step Count: 479138 | Episode Q0:    71.47
Episode: 920/2000 | Episode reward:   386.97 | Episode steps:  544 | Average reward:   260.47 | Step Count: 479682 | Episode Q0:    71.47
Episode: 921/2000 | Episode reward:   255.51 | Episode steps:  500 | Average reward:   266.78 | Step Count: 480182 | Episode Q0:    71.47
Episode: 922/2000 | Episode reward:   288.36 | Episode steps:  500 | Average reward:   276.33 | Step Count: 480682 | Episode Q0:    71.47
Episode: 923/2000 | Episode reward:   284.25 | Episode steps:  500 | Average reward:   270.96 | Step Count: 481182 | Episode Q0:    71.47
Episode: 924/2000 | Episode reward:   253.30 | Episode steps:  500 | Average reward:   269.22 | Step Count: 481682 | Episode Q0:    71.47
Episode: 925/2000 | Episode reward:   276.77 | Episode steps:  500 | Average reward:   277.06 | Step Count: 482182 | Episode Q0:    71.47
Episode: 926/2000 | Episode reward:   224.90 | Episode steps:  500 | Average reward:   271.66 | Step Count: 482682 | Episode Q0:    71.47
Episode: 927/2000 | Episode reward:   264.64 | Episode steps:  500 | Average reward:   273.16 | Step Count: 483182 | Episode Q0:    71.47
Episode: 928/2000 | Episode reward:   200.78 | Episode steps:  500 | Average reward:   268.23 | Step Count: 483682 | Episode Q0:    70.32
Episode: 929/2000 | Episode reward:   241.59 | Episode steps:  500 | Average reward:   267.71 | Step Count: 484182 | Episode Q0:    70.32
Episode: 930/2000 | Episode reward:   230.19 | Episode steps:  500 | Average reward:   252.03 | Step Count: 484682 | Episode Q0:    70.32
Episode: 931/2000 | Episode reward:   232.19 | Episode steps:  500 | Average reward:   249.70 | Step Count: 485182 | Episode Q0:    70.32
Episode: 932/2000 | Episode reward:   199.61 | Episode steps:  500 | Average reward:   240.82 | Step Count: 485682 | Episode Q0:    70.32
Episode: 933/2000 | Episode reward:   282.61 | Episode steps:  500 | Average reward:   240.66 | Step Count: 486182 | Episode Q0:    70.32
Episode: 934/2000 | Episode reward:   270.37 | Episode steps:  500 | Average reward:   242.37 | Step Count: 486682 | Episode Q0:    70.32
Episode: 935/2000 | Episode reward:   175.85 | Episode steps:  500 | Average reward:   232.27 | Step Count: 487182 | Episode Q0:    70.32
Episode: 936/2000 | Episode reward:   267.02 | Episode steps:  500 | Average reward:   236.49 | Step Count: 487682 | Episode Q0:    70.32
Episode: 937/2000 | Episode reward:   207.22 | Episode steps:  500 | Average reward:   230.74 | Step Count: 488182 | Episode Q0:    70.32
Episode: 938/2000 | Episode reward:   277.79 | Episode steps:  500 | Average reward:   238.45 | Step Count: 488682 | Episode Q0:    70.32
Episode: 939/2000 | Episode reward:   154.34 | Episode steps:  500 | Average reward:   229.72 | Step Count: 489182 | Episode Q0:    70.32
Episode: 940/2000 | Episode reward:   215.70 | Episode steps:  500 | Average reward:   228.27 | Step Count: 489682 | Episode Q0:    70.32
Episode: 941/2000 | Episode reward:   199.58 | Episode steps:  500 | Average reward:   225.01 | Step Count: 490182 | Episode Q0:    70.32
Episode: 942/2000 | Episode reward:   239.75 | Episode steps:  500 | Average reward:   229.02 | Step Count: 490682 | Episode Q0:    70.32
Episode: 943/2000 | Episode reward:   207.52 | Episode steps:  500 | Average reward:   221.51 | Step Count: 491182 | Episode Q0:    70.32
Episode: 944/2000 | Episode reward:   231.10 | Episode steps:  500 | Average reward:   217.59 | Step Count: 491682 | Episode Q0:    70.32
Episode: 945/2000 | Episode reward:   214.80 | Episode steps:  500 | Average reward:   221.48 | Step Count: 492182 | Episode Q0:    70.32
Episode: 946/2000 | Episode reward:   348.47 | Episode steps:  500 | Average reward:   229.63 | Step Count: 492682 | Episode Q0:    70.32
Episode: 947/2000 | Episode reward:   250.53 | Episode steps:  500 | Average reward:   233.96 | Step Count: 493182 | Episode Q0:    70.32
Episode: 948/2000 | Episode reward:   242.06 | Episode steps:  500 | Average reward:   230.38 | Step Count: 493682 | Episode Q0:    70.32
Episode: 949/2000 | Episode reward:   247.89 | Episode steps:  500 | Average reward:   239.74 | Step Count: 494182 | Episode Q0:    70.32
Episode: 950/2000 | Episode reward:   218.43 | Episode steps:  500 | Average reward:   240.01 | Step Count: 494682 | Episode Q0:    70.32
Episode: 951/2000 | Episode reward:   273.92 | Episode steps:  500 | Average reward:   247.45 | Step Count: 495182 | Episode Q0:    70.32
Episode: 952/2000 | Episode reward:   339.39 | Episode steps:  500 | Average reward:   257.41 | Step Count: 495682 | Episode Q0:    70.32
Episode: 953/2000 | Episode reward:   262.39 | Episode steps:  500 | Average reward:   262.90 | Step Count: 496182 | Episode Q0:    70.32
Episode: 954/2000 | Episode reward:   263.44 | Episode steps:  500 | Average reward:   266.13 | Step Count: 496682 | Episode Q0:    70.25
Episode: 955/2000 | Episode reward:   245.13 | Episode steps:  500 | Average reward:   269.17 | Step Count: 497182 | Episode Q0:    70.25
Episode: 956/2000 | Episode reward:   306.29 | Episode steps:  500 | Average reward:   264.95 | Step Count: 497682 | Episode Q0:    70.25
Episode: 957/2000 | Episode reward:   227.51 | Episode steps:  500 | Average reward:   262.65 | Step Count: 498182 | Episode Q0:    70.25
Episode: 958/2000 | Episode reward:   258.79 | Episode steps:  500 | Average reward:   264.32 | Step Count: 498682 | Episode Q0:    70.25
Episode: 959/2000 | Episode reward:   205.74 | Episode steps:  500 | Average reward:   260.10 | Step Count: 499182 | Episode Q0:    70.25
Episode: 960/2000 | Episode reward:   185.11 | Episode steps:  500 | Average reward:   256.77 | Step Count: 499682 | Episode Q0:    70.25
Episode: 961/2000 | Episode reward:   195.75 | Episode steps:  500 | Average reward:   248.95 | Step Count: 500182 | Episode Q0:    70.25
Episode: 962/2000 | Episode reward:   373.60 | Episode steps:  554 | Average reward:   252.37 | Step Count: 500736 | Episode Q0:    70.25
Episode: 963/2000 | Episode reward:   245.71 | Episode steps:  500 | Average reward:   250.71 | Step Count: 501236 | Episode Q0:    70.25
Episode: 964/2000 | Episode reward:   276.14 | Episode steps:  500 | Average reward:   251.98 | Step Count: 501736 | Episode Q0:    70.25
Episode: 965/2000 | Episode reward:   263.41 | Episode steps:  500 | Average reward:   253.81 | Step Count: 502236 | Episode Q0:    70.25
Episode: 966/2000 | Episode reward:   364.65 | Episode steps:  500 | Average reward:   259.64 | Step Count: 502736 | Episode Q0:    70.25
Episode: 967/2000 | Episode reward:   388.83 | Episode steps:  551 | Average reward:   275.77 | Step Count: 503287 | Episode Q0:    70.25
Episode: 968/2000 | Episode reward:   199.19 | Episode steps:  500 | Average reward:   269.81 | Step Count: 503787 | Episode Q0:    70.25
Episode: 969/2000 | Episode reward:   347.51 | Episode steps:  522 | Average reward:   283.99 | Step Count: 504309 | Episode Q0:    70.25
Episode: 970/2000 | Episode reward:   205.08 | Episode steps:  500 | Average reward:   285.99 | Step Count: 504809 | Episode Q0:    70.25
Episode: 971/2000 | Episode reward:   266.88 | Episode steps:  500 | Average reward:   293.10 | Step Count: 505309 | Episode Q0:    70.25
Episode: 972/2000 | Episode reward:   265.30 | Episode steps:  500 | Average reward:   282.27 | Step Count: 505809 | Episode Q0:    70.25
Episode: 973/2000 | Episode reward:   299.96 | Episode steps:  500 | Average reward:   287.69 | Step Count: 506309 | Episode Q0:    70.25
Episode: 974/2000 | Episode reward:   254.99 | Episode steps:  500 | Average reward:   285.58 | Step Count: 506809 | Episode Q0:    70.25
Episode: 975/2000 | Episode reward:   337.52 | Episode steps:  507 | Average reward:   292.99 | Step Count: 507316 | Episode Q0:    70.25
Episode: 976/2000 | Episode reward:   338.46 | Episode steps:  505 | Average reward:   290.37 | Step Count: 507821 | Episode Q0:    70.25
Episode: 977/2000 | Episode reward:   234.76 | Episode steps:  500 | Average reward:   274.96 | Step Count: 508321 | Episode Q0:    70.25
Episode: 978/2000 | Episode reward:   290.75 | Episode steps:  500 | Average reward:   284.12 | Step Count: 508821 | Episode Q0:    70.25
Episode: 979/2000 | Episode reward:   261.73 | Episode steps:  500 | Average reward:   275.54 | Step Count: 509321 | Episode Q0:    70.25
Episode: 980/2000 | Episode reward:   247.67 | Episode steps:  500 | Average reward:   279.80 | Step Count: 509821 | Episode Q0:    69.96
Episode: 981/2000 | Episode reward:   265.12 | Episode steps:  500 | Average reward:   279.63 | Step Count: 510321 | Episode Q0:    69.96
Episode: 982/2000 | Episode reward:   190.57 | Episode steps:  500 | Average reward:   272.15 | Step Count: 510821 | Episode Q0:    69.96
Episode: 983/2000 | Episode reward:   182.44 | Episode steps:  500 | Average reward:   260.40 | Step Count: 511321 | Episode Q0:    69.96
Episode: 984/2000 | Episode reward:   262.06 | Episode steps:  500 | Average reward:   261.11 | Step Count: 511821 | Episode Q0:    69.96
Episode: 985/2000 | Episode reward:   280.79 | Episode steps:  500 | Average reward:   255.44 | Step Count: 512321 | Episode Q0:    69.96
Episode: 986/2000 | Episode reward:   228.07 | Episode steps:  500 | Average reward:   244.40 | Step Count: 512821 | Episode Q0:    69.96
Episode: 987/2000 | Episode reward:   262.51 | Episode steps:  500 | Average reward:   247.17 | Step Count: 513321 | Episode Q0:    69.96
Episode: 988/2000 | Episode reward:   248.72 | Episode steps:  500 | Average reward:   242.97 | Step Count: 513821 | Episode Q0:    69.96
Episode: 989/2000 | Episode reward:   267.18 | Episode steps:  413 | Average reward:   243.51 | Step Count: 514234 | Episode Q0:    69.96
Episode: 990/2000 | Episode reward:   269.67 | Episode steps:  500 | Average reward:   245.71 | Step Count: 514734 | Episode Q0:    69.96
Episode: 991/2000 | Episode reward:   199.99 | Episode steps:  359 | Average reward:   239.20 | Step Count: 515093 | Episode Q0:    69.96
Episode: 992/2000 | Episode reward:   287.37 | Episode steps:  436 | Average reward:   248.88 | Step Count: 515529 | Episode Q0:    69.96
Episode: 993/2000 | Episode reward:   220.64 | Episode steps:  500 | Average reward:   252.70 | Step Count: 516029 | Episode Q0:    69.96
Episode: 994/2000 | Episode reward:   269.57 | Episode steps:  500 | Average reward:   253.45 | Step Count: 516529 | Episode Q0:    69.96
Episode: 995/2000 | Episode reward:   260.84 | Episode steps:  500 | Average reward:   251.46 | Step Count: 517029 | Episode Q0:    69.96
Episode: 996/2000 | Episode reward:   265.39 | Episode steps:  500 | Average reward:   255.19 | Step Count: 517529 | Episode Q0:    69.96
Episode: 997/2000 | Episode reward:   154.76 | Episode steps:  271 | Average reward:   244.41 | Step Count: 517800 | Episode Q0:    69.96
Episode: 998/2000 | Episode reward:   246.46 | Episode steps:  500 | Average reward:   244.19 | Step Count: 518300 | Episode Q0:    69.96
Episode: 999/2000 | Episode reward:   255.17 | Episode steps:  500 | Average reward:   242.99 | Step Count: 518800 | Episode Q0:    69.96
Episode: 1000/2000 | Episode reward:   322.89 | Episode steps:  508 | Average reward:   248.31 | Step Count: 519308 | Episode Q0:    69.96
Episode: 1001/2000 | Episode reward:   346.49 | Episode steps:  520 | Average reward:   262.96 | Step Count: 519828 | Episode Q0:    69.96
Episode: 1002/2000 | Episode reward:   287.06 | Episode steps:  461 | Average reward:   262.93 | Step Count: 520289 | Episode Q0:    69.96
Episode: 1003/2000 | Episode reward:   205.95 | Episode steps:  347 | Average reward:   261.46 | Step Count: 520636 | Episode Q0:    69.96
Episode: 1004/2000 | Episode reward:   169.17 | Episode steps:  500 | Average reward:   251.42 | Step Count: 521136 | Episode Q0:    69.50
Episode: 1005/2000 | Episode reward:   273.92 | Episode steps:  500 | Average reward:   252.73 | Step Count: 521636 | Episode Q0:    69.50
Episode: 1006/2000 | Episode reward:   206.81 | Episode steps:  500 | Average reward:   246.87 | Step Count: 522136 | Episode Q0:    69.50
Episode: 1007/2000 | Episode reward:   260.91 | Episode steps:  500 | Average reward:   257.48 | Step Count: 522636 | Episode Q0:    69.50
Episode: 1008/2000 | Episode reward:   256.63 | Episode steps:  500 | Average reward:   258.50 | Step Count: 523136 | Episode Q0:    69.50
Episode: 1009/2000 | Episode reward:   281.37 | Episode steps:  500 | Average reward:   261.12 | Step Count: 523636 | Episode Q0:    69.50
Episode: 1010/2000 | Episode reward:   324.95 | Episode steps:  500 | Average reward:   261.33 | Step Count: 524136 | Episode Q0:    69.50
Episode: 1011/2000 | Episode reward:   322.22 | Episode steps:  500 | Average reward:   258.90 | Step Count: 524636 | Episode Q0:    69.50
Episode: 1012/2000 | Episode reward:   279.62 | Episode steps:  500 | Average reward:   258.16 | Step Count: 525136 | Episode Q0:    69.50
Episode: 1013/2000 | Episode reward:   273.63 | Episode steps:  500 | Average reward:   264.92 | Step Count: 525636 | Episode Q0:    69.50
Episode: 1014/2000 | Episode reward:   251.12 | Episode steps:  500 | Average reward:   273.12 | Step Count: 526136 | Episode Q0:    69.50
Episode: 1015/2000 | Episode reward:   248.54 | Episode steps:  500 | Average reward:   270.58 | Step Count: 526636 | Episode Q0:    69.50
Episode: 1016/2000 | Episode reward:   112.86 | Episode steps:  245 | Average reward:   261.19 | Step Count: 526881 | Episode Q0:    69.50
Episode: 1017/2000 | Episode reward:   253.19 | Episode steps:  500 | Average reward:   260.41 | Step Count: 527381 | Episode Q0:    69.50
Episode: 1018/2000 | Episode reward:   239.74 | Episode steps:  500 | Average reward:   258.73 | Step Count: 527881 | Episode Q0:    69.50
Episode: 1019/2000 | Episode reward:   358.59 | Episode steps:  519 | Average reward:   266.45 | Step Count: 528400 | Episode Q0:    69.50
Episode: 1020/2000 | Episode reward:   226.50 | Episode steps:  500 | Average reward:   256.60 | Step Count: 528900 | Episode Q0:    69.50
Episode: 1021/2000 | Episode reward:   234.23 | Episode steps:  500 | Average reward:   247.80 | Step Count: 529400 | Episode Q0:    69.50
Episode: 1022/2000 | Episode reward:   265.54 | Episode steps:  500 | Average reward:   246.39 | Step Count: 529900 | Episode Q0:    69.50
Episode: 1023/2000 | Episode reward:   205.01 | Episode steps:  500 | Average reward:   239.53 | Step Count: 530400 | Episode Q0:    69.50
Episode: 1024/2000 | Episode reward:   224.28 | Episode steps:  500 | Average reward:   236.85 | Step Count: 530900 | Episode Q0:    69.50
Episode: 1025/2000 | Episode reward:   347.01 | Episode steps:  500 | Average reward:   246.69 | Step Count: 531400 | Episode Q0:    69.50
Episode: 1026/2000 | Episode reward:   222.34 | Episode steps:  500 | Average reward:   257.64 | Step Count: 531900 | Episode Q0:    69.50
Episode: 1027/2000 | Episode reward:   384.17 | Episode steps:  551 | Average reward:   270.74 | Step Count: 532451 | Episode Q0:    69.50
Episode: 1028/2000 | Episode reward:   333.70 | Episode steps:  500 | Average reward:   280.14 | Step Count: 532951 | Episode Q0:    69.43
Episode: 1029/2000 | Episode reward:   351.71 | Episode steps:  500 | Average reward:   279.45 | Step Count: 533451 | Episode Q0:    69.43
Episode: 1030/2000 | Episode reward:   217.93 | Episode steps:  500 | Average reward:   278.59 | Step Count: 533951 | Episode Q0:    69.43
Episode: 1031/2000 | Episode reward:   420.62 | Episode steps:  602 | Average reward:   297.23 | Step Count: 534553 | Episode Q0:    69.43
Episode: 1032/2000 | Episode reward:   209.51 | Episode steps:  500 | Average reward:   291.63 | Step Count: 535053 | Episode Q0:    69.43
Episode: 1033/2000 | Episode reward:   175.62 | Episode steps:  500 | Average reward:   288.69 | Step Count: 535553 | Episode Q0:    69.43
Episode: 1034/2000 | Episode reward:   244.65 | Episode steps:  500 | Average reward:   290.73 | Step Count: 536053 | Episode Q0:    69.43
Episode: 1035/2000 | Episode reward:   274.79 | Episode steps:  500 | Average reward:   283.50 | Step Count: 536553 | Episode Q0:    69.43
Episode: 1036/2000 | Episode reward:   232.05 | Episode steps:  500 | Average reward:   284.47 | Step Count: 537053 | Episode Q0:    69.43
Episode: 1037/2000 | Episode reward:   257.87 | Episode steps:  500 | Average reward:   271.84 | Step Count: 537553 | Episode Q0:    69.43
Episode: 1038/2000 | Episode reward:   203.58 | Episode steps:  500 | Average reward:   258.83 | Step Count: 538053 | Episode Q0:    69.43
Episode: 1039/2000 | Episode reward:   213.88 | Episode steps:  500 | Average reward:   245.05 | Step Count: 538553 | Episode Q0:    69.43
Episode: 1040/2000 | Episode reward:   253.42 | Episode steps:  500 | Average reward:   248.60 | Step Count: 539053 | Episode Q0:    69.43
Episode: 1041/2000 | Episode reward:   322.05 | Episode steps:  500 | Average reward:   238.74 | Step Count: 539553 | Episode Q0:    69.43
Episode: 1042/2000 | Episode reward:   227.12 | Episode steps:  500 | Average reward:   240.50 | Step Count: 540053 | Episode Q0:    69.43
Episode: 1043/2000 | Episode reward:   331.04 | Episode steps:  500 | Average reward:   256.04 | Step Count: 540553 | Episode Q0:    69.43
Episode: 1044/2000 | Episode reward:   258.76 | Episode steps:  500 | Average reward:   257.46 | Step Count: 541053 | Episode Q0:    69.43
Episode: 1045/2000 | Episode reward:   240.09 | Episode steps:  500 | Average reward:   253.99 | Step Count: 541553 | Episode Q0:    69.43
Episode: 1046/2000 | Episode reward:   269.84 | Episode steps:  500 | Average reward:   257.76 | Step Count: 542053 | Episode Q0:    69.43
Episode: 1047/2000 | Episode reward:   134.18 | Episode steps:  208 | Average reward:   245.40 | Step Count: 542261 | Episode Q0:    69.43
Episode: 1048/2000 | Episode reward:   323.46 | Episode steps:  500 | Average reward:   257.38 | Step Count: 542761 | Episode Q0:    69.43
Episode: 1049/2000 | Episode reward:   208.59 | Episode steps:  342 | Average reward:   256.85 | Step Count: 543103 | Episode Q0:    69.43
Episode: 1050/2000 | Episode reward:   209.56 | Episode steps:  330 | Average reward:   252.47 | Step Count: 543433 | Episode Q0:    69.43
Episode: 1051/2000 | Episode reward:   330.46 | Episode steps:  500 | Average reward:   253.31 | Step Count: 543933 | Episode Q0:    69.43
Episode: 1052/2000 | Episode reward:   233.94 | Episode steps:  500 | Average reward:   253.99 | Step Count: 544433 | Episode Q0:    69.43
Episode: 1053/2000 | Episode reward:   372.27 | Episode steps:  522 | Average reward:   258.11 | Step Count: 544955 | Episode Q0:    69.17
Episode: 1054/2000 | Episode reward:   325.95 | Episode steps:  500 | Average reward:   264.83 | Step Count: 545455 | Episode Q0:    69.17
Episode: 1055/2000 | Episode reward:   226.35 | Episode steps:  500 | Average reward:   263.46 | Step Count: 545955 | Episode Q0:    69.17
Episode: 1056/2000 | Episode reward:   302.18 | Episode steps:  446 | Average reward:   266.69 | Step Count: 546401 | Episode Q0:    69.17
Episode: 1057/2000 | Episode reward:   612.73 | Episode steps:  925 | Average reward:   314.55 | Step Count: 547326 | Episode Q0:    69.17
Episode: 1058/2000 | Episode reward:   217.55 | Episode steps:  367 | Average reward:   303.96 | Step Count: 547693 | Episode Q0:    69.17
Episode: 1059/2000 | Episode reward:   239.77 | Episode steps:  500 | Average reward:   307.08 | Step Count: 548193 | Episode Q0:    69.17
Episode: 1060/2000 | Episode reward:   287.67 | Episode steps:  482 | Average reward:   314.89 | Step Count: 548675 | Episode Q0:    69.17
Episode: 1061/2000 | Episode reward:   218.28 | Episode steps:  500 | Average reward:   303.67 | Step Count: 549175 | Episode Q0:    69.17
Episode: 1062/2000 | Episode reward:   276.59 | Episode steps:  418 | Average reward:   307.93 | Step Count: 549593 | Episode Q0:    69.17
Episode: 1063/2000 | Episode reward:   191.06 | Episode steps:  500 | Average reward:   289.81 | Step Count: 550093 | Episode Q0:    69.17
Episode: 1064/2000 | Episode reward:   270.70 | Episode steps:  500 | Average reward:   284.29 | Step Count: 550593 | Episode Q0:    69.17
Episode: 1065/2000 | Episode reward:   377.63 | Episode steps:  522 | Average reward:   299.42 | Step Count: 551115 | Episode Q0:    69.17
Episode: 1066/2000 | Episode reward:   249.64 | Episode steps:  500 | Average reward:   294.16 | Step Count: 551615 | Episode Q0:    69.17
Episode: 1067/2000 | Episode reward:   209.62 | Episode steps:  500 | Average reward:   253.85 | Step Count: 552115 | Episode Q0:    69.17
Episode: 1068/2000 | Episode reward:   375.66 | Episode steps:  541 | Average reward:   269.66 | Step Count: 552656 | Episode Q0:    69.17
Episode: 1069/2000 | Episode reward:   191.42 | Episode steps:  500 | Average reward:   264.83 | Step Count: 553156 | Episode Q0:    69.17
Episode: 1070/2000 | Episode reward:   241.75 | Episode steps:  500 | Average reward:   260.24 | Step Count: 553656 | Episode Q0:    69.17
Episode: 1071/2000 | Episode reward:   359.11 | Episode steps:  509 | Average reward:   274.32 | Step Count: 554165 | Episode Q0:    69.17
Episode: 1072/2000 | Episode reward:   133.87 | Episode steps:  236 | Average reward:   260.05 | Step Count: 554401 | Episode Q0:    69.17
Episode: 1073/2000 | Episode reward:   215.32 | Episode steps:  500 | Average reward:   262.47 | Step Count: 554901 | Episode Q0:    69.17
Episode: 1074/2000 | Episode reward:   185.49 | Episode steps:  330 | Average reward:   253.95 | Step Count: 555231 | Episode Q0:    69.17
Episode: 1075/2000 | Episode reward:   204.23 | Episode steps:  500 | Average reward:   236.61 | Step Count: 555731 | Episode Q0:    69.17
Episode: 1076/2000 | Episode reward:   279.33 | Episode steps:  500 | Average reward:   239.58 | Step Count: 556231 | Episode Q0:    69.17
Episode: 1077/2000 | Episode reward:   240.04 | Episode steps:  500 | Average reward:   242.62 | Step Count: 556731 | Episode Q0:    69.17
Episode: 1078/2000 | Episode reward:   247.79 | Episode steps:  500 | Average reward:   229.84 | Step Count: 557231 | Episode Q0:    69.17
Episode: 1079/2000 | Episode reward:   337.26 | Episode steps:  517 | Average reward:   244.42 | Step Count: 557748 | Episode Q0:    69.17
Episode: 1080/2000 | Episode reward:   176.27 | Episode steps:  500 | Average reward:   237.87 | Step Count: 558248 | Episode Q0:    69.17
