Episode,EpisodeReward,EpisodeSteps,AverageReward,StepCount,EpisodeQ0
1,-12.4878564814397,25,-12.4878564814397,25,-0.0760433301329613
2,-9.66827633388098,18,-11.0780664076603,43,-0.0876922532916069
3,10.7691854813381,28,-3.79564911132752,71,-0.168448746204376
4,-33.6664422797433,15,-11.2633474034315,86,-0.121956959366798
5,-11.619833974386,17,-11.3346447176224,103,-0.0947770178318024
6,1.70211882326102,26,-9.16185079414181,129,-0.0387402027845383
7,1.17350459224694,14,-7.68537145322914,143,-0.0584983713924885
8,1.31571771978509,28,-6.56023530660236,171,-0.0873279348015785
9,-8.2894134447806,12,-6.75236621084438,183,-0.0776659846305847
10,2.52276046651076,14,-5.82485354310887,197,0.0064343623816967
11,-3.6398669882636,10,-4.94005459379126,207,-0.0440325774252415
12,-8.16680222771975,20,-4.78990718317514,227,-0.114424869418144
13,3.15977630598262,23,-5.55084810071069,250,-0.0678954273462296
14,-4.12260889572631,20,-2.59646476230899,270,-0.0733776465058327
15,7.2764705059243,17,-0.706834314277953,287,-0.0487746447324753
16,-3.58100021050564,18,-1.23514621765462,305,-0.160580217838287
17,5.5762628437814,28,-0.794870392501173,333,-0.0761545822024345
18,-22.2004323751046,22,-3.14648540199014,355,-0.136236444115639
19,-2.24333882066025,14,-2.5418779395781,369,-0.0637032985687256
20,-12.4704508032396,24,-4.04119906655314,393,-0.103614076972008
21,-14.194206354447,21,-5.09663300317148,414,-0.0341997072100639
22,-10.2079933308939,24,-5.3007521134889,438,-0.0949809178709984
23,-8.73821858013913,18,-6.49055160210108,456,-0.0754211321473122
24,-4.98227370848645,33,-6.57651808337709,489,-0.116635337471962
25,-3.33618226627245,22,-7.63778336059677,511,0.0474124439060688
26,2.50168293706767,15,-7.02951504583943,526,-0.0996711924672127
27,10.0320046902887,24,-6.58394086118871,550,0.0382626987993717
28,-38.0443101363597,13,-8.16832863731421,563,-0.0562908351421356
29,-17.2854749628245,15,-9.67254225153064,578,-0.0138283297419548
30,-9.57934894811292,24,-9.38343206601797,602,-0.0738620907068253
31,-15.712894030316,22,-9.53530083360486,624,-0.0662975981831551
32,-2.98920632153631,15,-8.8134221326691,639,-0.0506519787013531
33,-2.80860385354102,26,-8.22046066000929,665,-0.115264549851418
34,-9.55783942103794,17,-8.67801723126444,682,-0.0856853127479553
35,-25.2031634435884,19,-10.864715348996,701,-0.074605256319046
36,-7.31936919453683,22,-11.8468205621565,723,-0.0621587373316288
37,-13.1941539118305,23,-14.1694364223684,746,-0.0226110760122538
38,3.86566630497547,15,-9.97843877823489,761,0.019430834800005
39,-9.64338686496475,19,-9.21422996844892,780,-0.135513037443161
40,-3.82127893083333,25,-8.63842296672096,805,-0.0513525642454624
41,-1.31985430298601,26,-7.19911899398797,831,-0.0485249571502209
42,-20.71812584486,20,-8.97201094632034,851,-0.0670770406723022
43,-13.7367232632123,22,-10.0648228872875,873,-0.0813423022627831
44,-9.73149547053942,10,-10.0821884922376,883,0.0488739721477032
45,4.46662889037486,26,-7.11520925884129,909,-0.0809461027383804
46,-20.0932778170045,19,-8.39260012108805,928,-0.0934985801577568
47,-17.1407186495216,39,-8.78725659485716,967,-0.013440515846014
48,2.0940806401196,22,-8.96441516134274,989,-0.143557474017143
49,-11.5942594436667,26,-9.15950241921294,1015,-0.0561814047396183
50,-38.4458428489426,14,-12.6219588110239,1029,-0.086488738656044
51,-35.2450459730475,14,-16.01447797803,1043,-0.0871565118432045
52,6.17091100416339,21,-13.3255742931277,1064,-0.0574853271245956
53,7.88328438184415,27,-11.163573528622,1091,0.0118879564106464
54,-7.21883739023112,19,-10.9123077205912,1110,0.0174036007374525
55,12.9401565025543,30,-10.0649549593732,1140,-0.069213978946209
56,-7.0945853139075,21,-8.76508570906355,1161,-0.0597713813185692
57,-15.6231186821291,15,-8.61332571232431,1176,-0.214860528707504
58,6.00519466192919,19,-8.22221431014335,1195,-0.158381760120392
59,-3.35697327242936,20,-7.39848569301962,1215,-0.262331575155258
60,-31.8985065219263,19,-6.74375206031799,1234,-0.329460829496384
61,1.05059211083095,17,-3.11418825193015,1251,-0.290458738803864
62,-8.03756447201304,20,-4.53503579954779,1271,-0.148948714137077
63,-7.1145640965267,16,-6.03482064738488,1287,-0.0968628823757172
64,5.34666519669611,22,-4.77827038869215,1309,-0.121454000473022
65,5.11101667204863,21,-5.56118437174272,1330,-0.301935166120529
66,-22.4695787541967,41,-7.09868371577164,1371,-0.176914528012276
67,-22.6101347969926,17,-7.79738532725799,1388,-0.0676930248737335
68,-32.716529843537,19,-11.6695577778046,1407,-0.135289460420609
69,-9.00670396058897,20,-12.2345308466206,1427,-0.0162464529275894
70,-12.2664568402241,20,-10.2713258784503,1447,-0.105310499668121
71,-15.9566020744796,10,-11.9720452969814,1457,-0.426997542381287
72,2.33481710682509,21,-10.9348071390976,1478,-0.362440258264542
73,-3.12081490717678,12,-10.5354322201626,1490,-0.431251555681229
74,3.45991109722373,16,-10.7241076301098,1506,-0.622560739517212
75,5.83434359172642,35,-10.6517749381421,1541,-0.38676330447197
76,-12.016411646666,38,-9.60645822738898,1579,-0.111417353153229
77,-6.7276800180805,19,-8.01821274949777,1598,-0.0531615912914276
78,-3.96372763917499,20,-5.14293252906157,1618,-0.262726694345474
79,-4.91754369892586,14,-4.73401650289525,1632,-0.045403279364109
80,2.98813191269882,16,-3.20855762760297,1648,-0.139829859137535
81,-5.27302306181141,13,-2.14019972633615,1661,-0.355246990919113
82,6.39187885091184,16,-1.73449355192747,1677,-0.340833365917206
83,5.89542904163782,18,-0.83286915704601,1695,-0.0817721262574196
84,-2.33733164878359,12,-1.41259343164674,1707,-0.104812413454056
85,-6.88426528457087,10,-2.68445431927647,1717,-0.109040603041649
86,-1.5764258769664,16,-1.64045574230651,1733,-0.114546984434128
87,7.45846012263449,23,-0.221841728235013,1756,-0.23761859536171
88,-19.8307865854056,12,-1.80854762285808,1768,-0.0466046929359436
89,-14.9970055446994,15,-2.81649380743543,1783,-0.101850152015686
90,-10.158277980577,17,-4.13113479676302,1800,-0.168485090136528
91,-4.73637358151207,24,-4.07746984873308,1824,-0.256991893053055
92,1.91335772285317,23,-4.52532196153895,1847,-0.525763332843781
93,13.199166314346,32,-3.79494823426813,1879,-0.0487119294703007
94,-12.9194630686291,22,-4.85316137625268,1901,-0.186851099133492
95,8.72944726286646,32,-3.29179012150895,1933,-0.110237076878548
96,9.1243899703327,21,-2.22170853677904,1954,0.099151037633419
97,-14.390596982428,22,-4.40661424728529,1976,0.0415136963129044
98,-0.514799754113272,19,-2.47501556415606,1995,0.0554590821266174
99,-26.2160566833029,12,-3.59692067801641,2007,-0.17737041413784
100,-19.5190965314775,15,-4.53300253310646,2022,0.157252535223961
101,-3.26842302947513,23,-4.38620747790276,2045,-0.0183578878641129
102,-10.2486582804738,16,-5.60240907823546,2061,-0.0936165004968643
103,-17.8402817127153,11,-8.70635388094159,2072,-0.0701496750116348
104,-5.89260432088576,17,-8.00366800616726,2089,0.00291220843791962
105,-32.0774639263293,19,-12.0843591250868,2108,0.074138805270195
106,-38.0220671547552,13,-16.7990048375956,2121,0.0966368615627289
107,-5.50014892724683,35,-15.9099600320775,2156,0.0821172371506691
108,-35.1112908771798,17,-19.3696091443842,2173,0.0253232270479202
109,7.33985467707192,22,-16.0140180083467,2195,-0.0997648388147354
110,-19.0631786941187,19,-15.9684262246108,2214,0.0989265590906143
111,4.13892879989871,19,-15.2276910416734,2233,0.0766026973724365
112,-17.04288595767,11,-15.907113809393,2244,0.0101375132799149
113,-26.020025713345,22,-16.725088209456,2266,0.169926375150681
114,-8.61192996248169,12,-16.9970207736156,2278,-0.154205977916718
115,-25.0633198443302,16,-16.2956063654157,2294,-0.0978274792432785
116,-11.3637047503464,25,-13.6297701249748,2319,0.0840137004852295
117,-30.5129865915739,15,-16.1310538914075,2334,0.143001347780228
118,3.61053311198882,36,-12.2588714924906,2370,0.017636202275753
119,-8.77259187663699,18,-13.8701161478615,2388,0.0556440614163876
120,-3.53567858179809,15,-12.3173661366295,2403,0.175826251506805
121,-1.06625495628006,15,-12.8378845122473,2418,-0.0847884714603424
122,-0.838127387046837,12,-11.217408655185,2430,0.0161590278148651
123,4.28535306184475,15,-8.18687077766606,2445,-0.0833044052124023
124,-0.0107985786027625,19,-7.32675763927817,2464,0.062979981303215
125,-1.25238650620445,15,-4.9456643054656,2479,-0.0297199040651321
126,-6.81394496483528,22,-4.49068832691449,2501,-0.0292481631040573
127,2.48056369636457,17,-1.19133329812063,2518,-0.0687381327152252
128,-7.66161356518215,21,-2.31854796583773,2539,0.0982780009508133
129,-16.3471550404116,13,-3.07600428221519,2552,0.111033499240875
130,-11.5211485355869,19,-3.87455127759408,2571,0.0143539384007454
131,-25.6610537125535,14,-6.33403115322142,2585,-0.15941347181797
132,-8.67348572901196,19,-7.11756698741793,2604,0.0797013491392136
133,-5.19129610036864,23,-8.06523190363927,2627,0.0388187691569328
134,-14.9639381086019,24,-9.56054585663918,2651,0.495835781097412
135,-33.2791753629445,17,-12.7632247423132,2668,0.562867283821106
136,-5.81046020195329,15,-12.662876266025,2683,0.506210029125214
137,16.7807845702454,71,-11.2328541786369,2754,0.415025651454926
138,0.993962104762201,30,-10.3672966116425,2784,0.357101857662201
139,-35.7287885644886,12,-12.3054599640502,2796,0.495557010173798
140,-7.40954997126514,24,-11.894300107618,2820,0.526545643806458
141,5.39822787992744,25,-8.7883719483699,2845,0.340256214141846
142,-8.93619521661017,18,-8.81464289712972,2863,0.455137819051743
143,-8.44598758739801,23,-9.14011204583266,2886,0.486674636602402
144,-5.15231756501641,29,-8.15894999147411,2915,0.464306056499481
145,-26.7361765273057,19,-7.50465010791023,2934,0.57360851764679
146,-7.98983600230971,76,-7.72258768794587,3010,0.519569575786591
147,8.49036099622609,28,-8.55163004534781,3038,0.302349895238876
148,14.7863713380577,36,-7.17238912201825,3074,0.572019338607788
149,-2.08402037300756,37,-3.80791230287015,3111,0.496639132499695
150,6.9531068144583,22,-2.3716466242978,3133,0.427098870277405
151,-14.4002092665343,44,-4.35149033894397,3177,0.464887320995331
152,-0.303716613115541,13,-3.48824247859451,3190,0.339382737874985
153,-5.76204432645705,16,-3.21984815250042,3206,0.435806810855865
154,-23.2165706133379,16,-5.02627345733257,3222,0.497896462678909
155,1.41195059680243,18,-2.21146074492175,3240,0.40274640917778
156,-5.69175588472415,16,-1.98165273316319,3256,0.396063446998596
157,-24.2350694824569,20,-5.25419578103149,3276,0.41229784488678
158,-3.31951265903324,36,-7.06478418074059,3312,0.447444081306458
159,-11.2474331479439,24,-7.98112545823423,3336,0.606456875801086
160,12.0749840016944,28,-7.46893773951061,3364,0.299177974462509
161,-17.1011302544478,16,-7.73902983830197,3380,0.550967514514923
162,-9.41500411347667,19,-8.65015858833808,3399,0.477995157241821
163,2.65986728513116,35,-7.80796742717926,3434,0.478905200958252
164,-9.07243093817881,10,-6.39355345966335,3444,0.521354734897614
165,3.83423805703029,31,-6.15132471364056,3475,0.473525643348694
166,-28.4269784291469,14,-8.42484696808284,3489,0.443738371133804
167,-32.6983056093809,19,-9.27117058077523,3508,0.560829818248749
168,-4.33193339070722,16,-9.37241265394263,3524,0.277328491210938
169,-0.373203395480719,14,-8.28498967869631,3538,0.626777350902557
170,8.2960665054682,24,-8.66288142831893,3562,0.422205775976181
171,-11.0799048419109,16,-8.06075888706524,3578,0.558952212333679
172,-22.6068511414677,16,-9.37994358986434,3594,0.500299155712128
173,-5.0715990233459,19,-10.153090220712,3613,0.626935422420502
174,-3.32352478508198,17,-9.57819960540237,3630,0.648051500320435
175,-0.846177963426749,15,-10.0462412074481,3645,0.811361074447632
176,-5.72648142079981,17,-7.77619150661336,3662,0.819387257099152
177,-9.0862199054626,24,-5.41498293622153,3686,0.811020016670227
178,8.38248497344466,36,-4.14354109980635,3722,0.661539912223816
179,-0.542494675020102,32,-4.16047022776028,3754,0.846508324146271
180,-13.0098435034767,13,-6.29106122865478,3767,0.753690719604492
181,-4.16851054783305,13,-5.59992179924699,3780,0.868965804576874
182,18.0441055765331,107,-1.53482612744692,3887,0.706040263175964
183,9.15468265849586,32,-0.112197959262742,3919,0.77477240562439
184,18.355681185401,124,2.05572263778555,4043,0.750060141086578
185,1.23407010442458,18,2.26374744457069,4061,0.780598163604736
186,-27.0794165564063,16,0.128453931010033,4077,0.752833724021912
187,-30.4221261416821,21,-2.00513669261192,4098,0.660668849945068
188,-14.3828188801255,21,-4.28166707796894,4119,0.912417054176331
189,-8.94006939324836,18,-5.12142454979176,4137,0.89915806055069
190,0.410945371058985,17,-3.77934566233819,4154,0.854155123233795
191,0.489302009854749,12,-3.31356440656941,4166,0.862152218818665
192,-24.6035193886755,12,-7.57832690309027,4178,0.754140555858612
193,-10.1717165671235,18,-9.51096682565221,4196,0.831877768039703
194,7.68129694847676,103,-10.5784052493446,4299,0.761790752410889
195,26.0175021779437,102,-8.10006204199272,4401,0.676336228847504
196,-22.9831310495401,16,-7.69043349130609,4417,0.819627344608307
197,22.5879509896493,118,-2.38942577817294,4535,0.845977783203125
198,33.197154113328,122,2.36857152117241,4657,0.754839420318604
199,-19.6388257403065,11,1.2986958864666,4668,0.823348820209503
200,-2.77223110546929,25,0.980378238813767,4693,0.532965183258057
201,37.0540449673394,117,4.63685253456224,4810,0.849019885063171
202,4.20993679861087,21,7.51819815329087,4831,0.835751295089722
203,1.4288001581812,19,8.67824982582134,4850,0.605123400688171
204,-5.65341765377101,15,7.34477836559657,4865,0.814329147338867
205,-19.2832577125238,13,2.81470237654982,4878,0.84393835067749
206,19.8961503156412,102,7.10263051306794,4980,0.796905159950256
207,-3.60573623121877,17,4.48326179098113,4997,0.743360340595245
208,-7.3857525629939,27,0.424971123348945,5024,0.88194727897644
209,-11.0500689354376,18,1.28384680383584,5042,0.744845032691956
210,-2.39665981157981,15,1.32140393322479,5057,0.6086146235466
211,-4.0262796947375,22,-2.78662853298291,5079,0.683184206485748
212,-25.1933446878551,16,-5.7269566816295,5095,0.887043178081512
213,15.8768916150722,71,-4.2821475359404,5166,0.85846072435379
214,5.1996381917739,115,-3.19684195138591,5281,0.887213587760925
215,-23.6879981441161,14,-3.63731599454515,5295,0.88972395658493
216,-14.9637288448466,16,-7.12330391059393,5311,1.04292368888855
217,-5.57708502640901,18,-7.32043879011295,5329,0.910829722881317
218,-23.2872577623129,17,-8.91058931004485,5346,0.959964036941528
219,4.15908888714894,22,-7.3896735277862,5368,0.818373441696167
220,-5.19641402572448,16,-7.66964894920066,5384,0.846019625663757
221,-14.1683740780588,10,-8.68385838753279,5394,0.906045079231262
222,-32.7407293079861,16,-9.4385968495459,5410,0.815473675727844
223,-7.22929746888112,29,-11.7492157579412,5439,0.953160047531128
224,5.69870626666862,30,-11.6993089504518,5469,0.809361219406128
225,-7.08658231777714,16,-10.0391673678179,5485,0.817484259605408
226,13.8986655700499,31,-7.1529279263282,5516,0.916622877120972
227,-6.78231715868506,15,-7.27345113955581,5531,1.02019166946411
228,-9.18196261117856,16,-5.86292162444238,5547,0.911811769008636
229,-10.3638848330155,20,-7.31521899645882,5567,0.783837556838989
230,0.373945213767041,16,-6.75818307250967,5583,0.882730782032013
231,-6.2550163109926,12,-5.96684729580306,5595,0.825500309467316
232,-11.8775634508955,11,-3.88053071009399,5606,0.854879975318909
233,-17.0279428195284,18,-4.86039524515872,5624,0.849966645240784
234,-21.7649796696969,12,-7.60676383879527,5636,0.876909792423248
235,-4.33755061388329,13,-7.33186066840588,5649,0.890614151954651
236,-19.7320151346149,12,-10.6949287388724,5661,0.791029810905457
237,-11.4321538282279,9,-11.1599124058267,5670,0.888172924518585
238,-2.11179929956528,25,-10.4528960746653,5695,0.848272502422333
239,-35.8707470979508,15,-13.0035823011588,5710,0.98919016122818
240,-6.33597234478577,19,-13.6745740570141,5729,0.892467737197876
241,6.14168600686492,16,-12.4349038252284,5745,0.894383072853088
242,9.67002398219831,20,-10.280145081919,5765,0.836370825767517
243,-17.1310772336542,21,-10.2904585233316,5786,0.834132313728333
244,8.49876997010672,30,-7.26408355935123,5816,0.862737894058228
245,11.1761998870654,23,-5.71270850925635,5839,0.882071197032928
246,-15.1816960180975,21,-5.25767659760461,5860,0.896462321281433
247,-24.510009016537,19,-6.56546211643552,5879,0.922808587551117
248,-2.20141792112897,12,-6.57442397859189,5891,0.904480218887329
249,-4.50398714475825,28,-3.43774798327264,5919,0.837416410446167
250,-10.6976789390608,14,-3.87391864270014,5933,0.912827134132385
251,-20.3374199025935,11,-6.52182923364598,5944,0.899014055728912
252,-13.3134065080178,15,-8.82017228266759,5959,0.98256903886795
253,-1.24214176560736,16,-7.23127873586291,5975,1.02684545516968
254,-22.4976767568896,13,-10.3309234085625,5988,0.960162460803986
255,-3.52139124543596,23,-11.8006825218127,6011,0.988255143165588
256,-27.6684041647197,15,-13.0493533364749,6026,0.948174059391022
257,-31.7537375680808,14,-13.7737261916293,6040,0.889516353607178
258,4.59343577769122,18,-13.0942408217472,6058,0.916227579116821
259,-21.1205396655345,12,-14.7558960738249,6070,0.915968656539917
260,-9.07514150199253,18,-14.593642330118,6088,0.941757142543793
261,-3.722936001251,16,-12.9321939399838,6104,0.92494797706604
262,-6.38968874677044,17,-12.2398221638591,6121,0.940239667892456
263,5.02209199106879,16,-11.6133987881915,6137,0.993474721908569
264,0.414184090375877,14,-9.3222127034649,6151,1.07776153087616
265,-13.2410952280497,18,-10.2941831017263,6169,0.981510758399963
266,1.45477493022797,15,-7.38186519223151,6184,0.904624938964844
267,-4.23877034988211,20,-4.63036847041164,6204,0.991095066070557
268,-2.83583270466612,19,-5.37329531864738,6223,0.930780291557312
269,-25.5403005430197,11,-5.8152714063959,6234,0.827074825763702
270,0.7568896042325,15,-4.83206829577339,6249,0.906177878379822
271,0.817517177884068,14,-4.37802297785989,6263,0.889961242675781
272,-5.78002763102826,16,-4.31705686628567,6279,1.03800714015961
273,-33.6163707928042,16,-8.18090314467297,6295,0.949777007102966
274,-7.5222689556616,10,-8.97454844927672,6305,0.956402480602264
275,2.16114052419559,13,-7.43432487405219,6318,0.960248291492462
276,-33.9036120711664,15,-10.9701635741916,6333,0.975714862346649
277,-22.332244115518,12,-12.7795109507552,6345,0.834570407867432
278,-8.73262159213158,16,-13.3691898395018,6361,0.962585031986237
279,-5.91477029853245,14,-11.406636815053,6375,1.02832269668579
280,3.20967514259113,14,-11.1613582612172,6389,0.854165971279144
281,-9.34743384788828,20,-12.1778533637944,6409,1.02200293540955
282,-8.09202868612869,21,-12.4090534693044,6430,0.933746337890625
283,-6.49623666585067,16,-9.69704005660909,6446,0.860757350921631
284,-33.5052898527155,16,-12.2953421463145,6462,0.972881376743317
285,8.24146012153966,20,-11.6873101865801,6482,0.952211737632751
286,-20.6382431371307,10,-10.3607732931765,6492,0.939542770385742
287,-8.41267752098912,24,-8.96881663372362,6516,0.989049971103668
288,-29.5826924917086,15,-11.0538237236813,6531,0.96530556678772
289,3.52579469333468,17,-10.1097672244946,6548,0.952631890773773
290,-6.58261046789987,19,-11.0889957855437,6567,1.16953957080841
291,-34.5090139701777,15,-13.6051537977727,6582,1.07250881195068
292,-8.90332046347466,10,-13.6862829755073,6592,0.986599802970886
293,-29.0471033489752,14,-15.9413696438197,6606,1.06726086139679
294,-9.45886444416054,10,-13.5367271029642,6616,1.07742595672607
295,-9.67119545576418,22,-15.3279926606946,6638,1.17715156078339
296,-2.44311720667326,15,-13.5084800676488,6653,0.991466522216797
297,-10.2432646922671,13,-13.6915387847766,6666,1.01888036727905
298,-2.39160374540104,14,-10.9724299101459,6680,1.03673732280731
299,-29.1661793853606,14,-14.2416273180154,6694,0.96858149766922
300,-2.10836297584015,16,-13.7942025688094,6710,1.02110803127289
301,-9.31048317710528,11,-11.2743494895022,6721,1.06090235710144
302,-13.5312416857465,18,-11.7371416117294,6739,0.769700229167938
303,-18.6999223877143,17,-10.7024235156033,6756,0.900519371032715
304,-37.800689221345,14,-13.5366059933217,6770,1.03081488609314
305,-27.0792217541073,15,-15.277408623156,6785,1.01652431488037
306,-18.3585979597432,11,-16.868956698463,6796,0.93988561630249
307,-4.44596047949821,19,-16.2892262771861,6815,1.0987823009491
308,-42.3257834859361,16,-20.2826442512397,6831,0.97779643535614
309,-3.40041771766779,15,-17.7060680844704,6846,1.03807246685028
310,-1.27305340988253,14,-17.6225371278746,6860,0.921227991580963
311,-12.0410202519678,10,-17.8955908353609,6870,1.04137134552002
312,-5.69354068157914,18,-17.1118207349441,6888,1.0922577381134
313,-26.9539165897376,13,-17.9372201551465,6901,0.99213045835495
314,-34.6133627999129,19,-17.6184875130033,6920,1.08266139030457
315,-10.3961214655012,17,-15.9501774841427,6937,1.05609285831451
316,-0.405556076431009,16,-14.1548732958114,6953,1.0996401309967
317,-1.05944492944596,26,-13.8162217408062,6979,1.01041746139526
318,-1.25468515418672,13,-9.70911190763127,6992,0.974276840686798
319,-25.5072832256675,17,-11.9197984584312,7009,1.09726560115814
320,-10.3109788002544,20,-12.8235909974684,7029,1.05503821372986
321,-42.2327057737654,14,-15.8427595496482,7043,1.09499716758728
322,-16.9779394152812,14,-16.9711994230184,7057,1.06348240375519
323,2.82336230219543,16,-13.9934715338251,7073,0.945763111114502
324,-16.8257639782759,17,-12.2147116516614,7090,1.11432838439941
325,-2.29822373461925,12,-11.4049218785732,7102,1.0670280456543
326,-8.27046474259298,18,-12.1914127451894,7120,1.11103367805481
327,-2.52272906532283,18,-12.3377411587771,7138,1.17996335029602
328,-36.4651336894917,17,-15.8587860123076,7155,0.993952333927155
329,-14.6903339355956,18,-14.7770910833004,7173,1.02622699737549
330,-11.2884791774072,24,-14.8748411210157,7197,1.18734383583069
331,2.68016897649875,16,-10.3835536459892,7213,1.09632086753845
332,2.48335837723869,14,-8.43742386673726,7227,0.914434969425201
333,-4.08801999230047,14,-9.12856209618685,7241,1.11584663391113
334,-7.37677793355447,16,-8.18366349171471,7257,0.990710258483887
335,-7.96822394241676,19,-8.75066351249446,7276,1.13020968437195
336,-4.9343222276768,16,-8.41704926100284,7292,1.12772274017334
337,-3.59419046681189,18,-8.52419540115175,7310,1.07010161876678
338,-27.5676419019397,11,-7.63444622239654,7321,1.05768036842346
339,-22.3241220669839,15,-8.39782503553537,7336,0.941572785377502
340,-33.0945308279359,14,-10.5784302005882,7350,1.01765239238739
341,-8.15693898407961,18,-11.6621409966461,7368,0.791653215885162
342,-7.09240805323772,14,-12.6197176396937,7382,1.04594659805298
343,-34.8948385024722,17,-15.7003994907109,7399,1.09550106525421
344,-19.786513327138,12,-16.9413730300692,7411,1.02331805229187
345,-4.92147338027331,16,-16.6366979738549,7427,1.2852908372879
346,-14.1805013756614,10,-17.5613158886534,7437,1.1263701915741
347,-2.74155475371325,20,-17.4760523173435,7457,1.12386536598206
348,-19.0369463984107,12,-16.6229827669906,7469,0.905290246009827
349,-1.5315136278575,17,-14.543721923078,7486,1.07083606719971
350,-23.9529047085803,18,-13.6295593111424,7504,1.10595893859863
351,-9.95330908436645,17,-13.8091963211711,7521,0.818502962589264
352,-4.76034879369898,12,-13.5759903952172,7533,1.11238431930542
353,-10.5851184860897,17,-11.145018393579,7550,1.02265644073486
354,-7.39055595346874,17,-9.90542265621203,7567,1.13554441928864
355,-10.362330139443,16,-10.449508332129,7583,0.997524559497833
356,3.4315070181942,15,-8.68830749274344,7598,1.06562173366547
357,-40.1605000990109,16,-12.4302020272732,7614,1.06791281700134
358,-5.81314547150632,19,-11.1078219345828,7633,1.06987822055817
359,-9.93510026031144,22,-11.9481805978282,7655,1.19801592826843
360,-1.11857171770562,13,-9.66474729874069,7668,1.11528611183167
361,-12.744517904132,20,-9.94386818071724,7688,1.12969172000885
362,-14.3473458431076,18,-10.9025678856581,7706,1.16293811798096
363,-13.7228981469747,20,-11.2163458517466,7726,1.04527616500854
364,-40.2702369927401,14,-14.5043139556737,7740,1.07843828201294
365,-33.5065686437824,14,-16.8187378061077,7754,0.677659451961517
366,-12.4950978977585,22,-18.411398297703,7776,1.11994135379791
367,-34.6227094333934,16,-17.8576192311412,7792,0.991827666759491
368,-33.1337468374109,13,-20.5896793677317,7805,0.943999767303467
369,0.922287341662656,17,-19.5039406075343,7822,1.19478070735931
370,2.5158655554698,14,-19.1404968802167,7836,1.23125660419464
371,-13.3869597684156,10,-19.2047410666451,7846,1.25894641876221
372,-4.00590485165007,15,-18.1705969674993,7861,1.30206573009491
373,-4.1818633464852,13,-17.2164934874504,7874,1.29534578323364
374,-4.99888850296147,19,-13.6893586384725,7893,1.19760870933533
375,-16.9886262759839,10,-12.0375644016927,7903,1.20349216461182
376,-4.21070005593228,12,-11.20912461751,7915,1.26913893222809
377,-0.0501951938228999,15,-7.75187319355299,7930,1.11661458015442
378,-16.6720337601979,16,-6.1057018858317,7946,1.15554821491241
379,1.58286158664868,13,-6.03964446133309,7959,1.37535655498505
380,-17.9140607900331,21,-8.08263709588338,7980,1.34620404243469
381,-7.97074562399991,12,-7.54101568144181,7992,1.16814732551575
382,-11.6678763713816,18,-8.30721283341497,8010,1.04687774181366
383,-25.0477484930275,18,-10.3938013480692,8028,1.13979589939117
384,-1.5957572718096,11,-10.053488224954,8039,1.35187172889709
385,-30.7801415499352,16,-11.4326397523491,8055,0.993104696273804
386,-14.5977464795888,12,-12.4713443947148,8067,1.13491106033325
387,-0.22825582343034,14,-12.4891504576755,8081,1.20043921470642
388,-14.3505742631674,19,-12.2570045079725,8100,0.96389102935791
389,-17.3363597124567,12,-14.148926637883,8112,1.28379881381989
390,-17.2608024063403,13,-14.0836007995137,8125,1.32435286045074
391,-15.1747475308387,9,-14.8040009901976,8134,1.15739142894745
392,-10.547511882416,15,-14.6919645413011,8149,1.20680630207062
393,-3.26015288993765,16,-12.5132049809921,8165,1.39126586914062
394,-6.66523285035601,15,-13.0201525388467,8180,1.13078331947327
395,-12.8318918025256,19,-11.2253275641058,8199,1.31715989112854
396,-4.06833887261013,13,-10.1723868034079,8212,1.22752857208252
397,-11.8503271646116,18,-11.334593937526,8230,1.38960790634155
398,-9.95378934151757,9,-10.894915445361,8239,1.24854207038879
399,-18.1214231771926,17,-10.9734217918346,8256,1.33370065689087
400,-11.8427070115359,11,-10.4316122523542,8267,1.15420150756836
401,-8.79079617818428,19,-9.79321711708874,8286,0.798186421394348
402,-34.5415857492358,13,-12.1926245037707,8299,1.26547074317932
403,-6.88813086300812,19,-12.5554223010778,8318,1.21031200885773
404,-8.05955777161087,21,-12.6948547932032,8339,1.23127901554108
405,-7.3139108497541,19,-12.1430566979261,8358,1.17499649524689
406,-9.81367620354,9,-12.7175904310191,8367,1.14585089683533
407,-10.3065500467933,9,-12.5632127192373,8376,1.28475713729858
408,-11.8554754295415,19,-12.7533813280397,8395,1.22767066955566
409,-13.8067732599833,12,-12.3219163363187,8407,1.24957060813904
410,-10.0416462986467,14,-12.1418102650298,8421,1.13619589805603
411,-8.38552183833542,13,-12.1012828310449,8434,1.14201748371124
412,-23.0101771662169,14,-10.948141972743,8448,1.12452125549316
413,-26.352924859173,18,-12.8946213723595,8466,1.47741556167603
414,-10.4807303837485,19,-13.1367386335733,8485,1.4530508518219
415,-13.7701380433766,23,-13.7823613529355,8508,1.36041498184204
416,-12.8148390192993,19,-14.0824776345114,8527,0.899089276790619
417,-8.03296964872779,17,-13.8551195947049,8544,1.38162279129028
418,-0.179167079347532,11,-12.6874887596855,8555,1.41094303131104
419,-30.3214120496434,13,-14.3389526386515,8568,1.30764603614807
420,-4.12263026415447,20,-13.7470510352023,8588,0.834815621376038
421,-13.6856200386517,8,-14.2770608552339,8596,1.24677765369415
422,-10.606653575641,22,-13.0367084961763,8618,1.25748682022095
423,-14.3378374327431,18,-11.8351997535333,8636,0.999419867992401
424,0.0849478075787504,13,-10.7786319344006,8649,1.23766088485718
425,-13.2623292418813,16,-10.7278510542511,8665,1.33149456977844
426,-2.29197187637932,13,-9.67556433995908,8678,1.34925293922424
427,-28.8466277712771,10,-11.756930152214,8688,0.83764123916626
428,-19.5962168183483,18,-13.6986351261141,8706,1.20549941062927
429,-18.1439403232671,20,-12.4808879534765,8726,1.14627265930176
430,-3.65966735683517,18,-12.4345916627445,8744,1.22721695899963
431,0.964605173957916,14,-10.9695691414836,8758,1.4841411113739
432,-11.5506110603277,20,-11.0639648899522,8778,1.42223918437958
433,-0.874668276323558,11,-9.71764797431029,8789,1.27022612094879
434,-12.5569060415256,9,-10.9818333592207,8798,1.2414402961731
435,-8.73565129015389,18,-10.529165564048,8816,1.3329861164093
436,-18.869204817663,9,-12.1868888581764,8825,1.04000079631805
437,-18.5134902499985,16,-11.1535751060485,8841,1.23700070381165
438,-23.7307320169778,19,-11.5670266259115,8860,1.19751453399658
439,0.523863533751388,18,-9.7002462402096,8878,1.22618365287781
440,-18.022057066962,19,-11.1364852112223,8897,1.28979349136353
441,-39.8798740357984,13,-15.2209331321979,8910,1.33906781673431
442,-43.4600713521416,13,-18.4118791613793,8923,1.02359211444855
443,-2.77338409297715,12,-18.6017507430447,8935,1.04941260814667
444,-31.0091396354704,14,-20.4469741024391,8949,1.11363136768341
445,-18.9641247133616,17,-21.4698214447599,8966,1.30671072006226
446,-9.99409781581375,9,-20.582310744575,8975,1.28593564033508
447,-3.9755212714074,19,-19.1285138467159,8994,1.38323712348938
448,-2.97278857783218,20,-17.0527195028013,9014,1.52134168148041
449,3.64246910388502,14,-16.7408589457879,9028,1.35100221633911
450,-24.195310289694,18,-17.3581842680611,9046,1.59991633892059
451,-19.4529382877677,19,-15.3154906932581,9065,1.58457124233246
452,-24.9282168120863,20,-13.4623052392525,9085,1.47764539718628
453,-2.52346343318678,22,-13.4373131732735,9107,1.47470033168793
454,-14.0459092802663,9,-11.7409901377531,9116,1.40932977199554
455,-11.7949947679754,16,-11.0240771432145,9132,1.2632964849472
456,-12.8180385310459,17,-11.3064712147377,9149,1.51234233379364
457,-20.0916004783879,12,-12.9180791354357,9161,1.36419034004211
458,-12.0235980130894,19,-13.8231600789615,9180,1.43382573127747
459,-5.94647589427661,24,-14.7820545787776,9204,1.48916268348694
460,-17.1358376282326,19,-14.0761073126315,9223,0.825117826461792
461,-2.23226878142221,12,-12.3540403619969,9235,1.27119708061218
462,-11.2156448356727,22,-10.9827831643556,9257,1.55972170829773
463,-23.5832339371318,14,-13.0887602147501,9271,0.75916051864624
464,0.278091227515394,16,-11.6563601639719,9287,1.48542892932892
465,-24.9923997754128,16,-12.9761006647157,9303,1.23920178413391
466,-39.0135751926309,16,-15.5956543308742,9319,0.967960834503174
467,-7.12915725871305,22,-14.2994100089067,9341,1.21906423568726
468,-10.9496598252711,15,-14.1920161901248,9356,1.26345181465149
469,0.584783036589292,14,-13.5388902970383,9370,1.40579438209534
470,-47.6520138907412,15,-16.5905079232891,9385,1.46455633640289
471,-8.03792627167157,14,-17.171073672314,9399,1.33295130729675
472,-2.02292170592503,15,-16.2518013593393,9414,1.31460392475128
473,-10.8433032243618,17,-14.9778082880623,9431,1.28212547302246
474,-10.8005295134078,12,-16.0856703621546,9443,1.35604226589203
475,-8.5463699991069,11,-14.441067384524,9454,1.38605642318726
476,-13.5085661357441,14,-11.8905664788353,9468,1.46253705024719
477,-24.9981870375765,12,-13.6774694567217,9480,1.18105709552765
478,-26.2336071707704,13,-15.2058641912716,9493,1.419278383255
479,-17.3322927631995,17,-16.9975717712505,9510,1.27170395851135
480,-5.21196856075801,13,-12.7535672382522,9523,1.301877617836
481,-12.5693856853217,11,-13.2067131796172,9534,1.45103573799133
482,-10.1988185561425,8,-14.0243028646389,9542,1.37929582595825
483,-1.96608508130305,11,-13.1365810503331,9553,1.20538246631622
484,0.555974765888456,13,-12.0009306224034,9566,1.13937604427338
485,-4.40357508284589,21,-11.5866511307773,9587,1.18512380123138
486,-36.9850938369652,16,-13.9343039008994,9603,1.32582640647888
487,-14.0401107924989,10,-12.8384962763917,9613,1.50831282138824
488,-14.7724095383703,21,-11.6923765131517,9634,1.63170254230499
489,-14.9856657950413,11,-11.4577138163358,9645,1.60885047912598
490,-11.1311531173434,19,-12.0496322719944,9664,1.51479995250702
491,-1.70751220607186,17,-10.9634449240694,9681,1.43607378005981
492,-12.803896618672,8,-11.2239527303223,9689,1.48054659366608
493,-12.8525783848557,19,-12.3126020606776,9708,1.45147180557251
494,-6.00579461479045,14,-12.9687789987455,9722,1.45046091079712
495,-18.3146776829664,13,-14.3598892587575,9735,1.37293374538422
496,-3.78532923660839,10,-11.0399127987219,9745,1.53743755817413
497,-12.5905177807044,17,-10.8949534975424,9762,1.21720969676971
498,4.63761331244085,14,-8.9539512124613,9776,1.44432330131531
499,0.314103646469284,18,-7.42397426831025,9794,1.41361320018768
500,0.545845959801997,13,-6.25627436059571,9807,1.36925458908081
501,-7.79158888203195,18,-6.86468202819172,9825,1.47888469696045
502,-25.4169539614645,15,-8.12598776247097,9840,1.59077632427216
503,-4.56756427473431,17,-7.29748635145883,9857,1.52397310733795
504,-45.2629882154007,13,-11.2232057115198,9870,0.727708101272583
505,-25.5218487289838,12,-11.9439228161216,9882,1.18393528461456
506,-22.673740879064,15,-13.8327639803671,9897,1.44980537891388
507,-32.4404320210385,16,-15.8177554044006,9913,0.98513126373291
508,-6.04423317656442,21,-16.8859400533011,9934,1.30077290534973
509,-6.01916484838234,17,-17.5192669027862,9951,1.37884569168091
510,-7.84247829216452,12,-18.3580993279829,9963,1.46795535087585
511,-12.7993002068004,20,-18.8588704604597,9983,1.67805790901184
512,1.11340201040021,12,-16.2058348632733,9995,1.50118374824524
513,-5.76570962220918,15,-16.3256493980208,10010,1.46273982524872
514,-6.90889633355151,18,-12.4902402098358,10028,1.71130204200745
515,-3.31627634780741,17,-10.2696829717182,10045,1.62911677360535
516,-15.6700994583724,14,-9.56931882964905,10059,1.48148846626282
517,-9.48638000664856,18,-7.27391362821006,10077,1.40643632411957
518,-8.65634080057501,15,-7.53512439061111,10092,0.800550401210785
519,-5.13275495262312,19,-7.44648340103519,10111,1.34257054328918
520,-40.1013989362486,16,-10.6723754654436,10127,0.683521747589111
521,2.50521814426193,15,-9.14192363033737,10142,1.59343922138214
522,-5.53429777347366,15,-9.80669360872476,10157,1.50581645965576
523,-26.3901046470499,14,-11.8691331112088,10171,1.42993021011353
524,-4.45295246226583,18,-11.6235387240803,10189,1.70577549934387
525,-11.2168738550474,20,-12.4135984748043,10209,1.13912379741669
526,-11.6126767161268,9,-12.0078562005797,10218,1.26299715042114
527,-7.05093231142395,18,-11.7643114310572,10236,1.57015442848206
528,-13.1056436774376,21,-12.2092417187435,10257,1.80792117118835
529,-10.1744984162123,10,-12.7134160651024,10267,1.53929686546326
530,0.573294560493641,14,-8.64594671542818,10281,1.53760492801666
531,-36.2040688334155,14,-12.5168754131959,10295,1.57688641548157
532,-2.62003780143074,12,-12.2254494159916,10307,1.64315068721771
533,-12.4994006877263,20,-10.8363790200593,10327,1.73034083843231
534,-7.4772367742869,17,-11.1388074512614,10344,1.60802984237671
535,-31.1444924500643,17,-13.1315693107631,10361,1.63306736946106
536,-6.62581625713803,19,-12.6328832648642,10380,1.52820038795471
537,0.811961345359078,18,-11.8465938991859,10398,1.57336044311523
538,-12.2700551714099,10,-11.7630350485831,10408,0.914656400680542
539,-25.5811688464771,15,-13.3037020916096,10423,1.53659462928772
540,-7.88411478164227,19,-14.1494430258232,10442,1.54241561889648
541,-6.87170815605711,19,-11.2162069580874,10461,1.56134307384491
542,-1.7093826745088,14,-11.1251414453952,10475,1.66272664070129
543,-18.6193451086469,18,-11.7371358874872,10493,1.6975474357605
544,-0.574504055797182,13,-11.0468626156382,10506,1.69964897632599
545,2.39567726830418,14,-7.6928456438014,10520,1.80883455276489
546,-1.99128856048662,20,-7.22939287413626,10540,1.67140531539917
547,-3.39884160129633,16,-7.6504731688018,10556,1.69116997718811
548,-25.8121331859028,13,-9.00468097025109,10569,1.63267111778259
549,-11.1034550050713,25,-7.5569095861105,10594,1.84106481075287
550,-3.53266761255512,17,-7.12176486920179,10611,1.61766171455383
551,-39.4327898754325,14,-10.3778730411393,10625,1.54154241085052
552,-5.23365412385289,19,-10.7303001860737,10644,1.48285615444183
553,-2.25830327200972,17,-9.09419600241003,10661,1.56539177894592
554,-15.1896367359195,12,-10.5557092704223,10673,1.52943778038025
555,-18.3793781057039,15,-12.6332148078231,10688,1.48517596721649
556,-31.4782798902231,14,-15.5819139407967,10702,1.18164348602295
557,2.09385182316286,17,-15.0326445983508,10719,1.55974662303925
558,-18.7696898999086,17,-14.3284002697514,10736,0.850757777690887
559,-7.02177220063124,22,-13.9202319893074,10758,1.75823211669922
560,-3.00728265607329,16,-13.8676934936592,10774,0.915596425533295
561,-10.5300807058143,8,-10.9774225766974,10782,1.49330365657806
562,1.62473704065896,14,-10.2915834602462,10796,1.67674243450165
563,-9.30500959588874,12,-10.9962540926341,10808,1.50610876083374
564,-5.40087459876279,20,-10.0173778789184,10828,1.73185992240906
565,-11.9783267525741,19,-9.37727274360544,10847,1.41111636161804
566,2.90456085672246,17,-5.93898866891088,10864,1.4704577922821
567,-9.43160956787161,7,-7.09153480801433,10871,1.43915677070618
568,-1.3639615812973,13,-5.3509619761532,10884,1.90874850749969
569,0.85292351041775,18,-4.5634924050483,10902,1.72194755077362
570,-32.3045645170705,15,-7.49322059114802,10917,1.7330219745636
571,-6.90038613582518,9,-7.1302511341491,10926,1.79584240913391
572,-7.68315572599091,11,-8.06104041081409,10937,1.08272957801819
573,-7.12035228038177,14,-7.8425746792634,10951,1.30269086360931
574,-9.20418227749988,19,-8.2229054471371,10970,1.28702402114868
575,1.02273755871203,15,-6.92279901600849,10985,1.85538709163666
576,-19.9530000397009,11,-9.20855510565083,10996,0.909018874168396
577,-3.89858118369152,22,-8.65525226723282,11018,1.71950650215149
578,-20.363816044037,16,-10.5552377135068,11034,1.04995262622833
579,-4.82119385290699,18,-11.1226494498393,11052,1.67440187931061
580,-4.50183748723245,15,-8.34237674685545,11067,1.61222434043884
581,-17.7275806877176,19,-9.42509620204469,11086,1.76651430130005
582,-1.29923085448649,16,-8.78670371489425,11102,1.52487015724182
583,-35.0556165673241,17,-11.5802301435885,11119,0.850053012371063
584,2.76641350407824,23,-10.3831705654307,11142,1.67736196517944
585,-4.81750984571472,21,-10.9671953058734,11163,1.81044244766235
586,-15.4891896446335,14,-10.5208142663666,11177,1.66636490821838
587,-31.9503388766212,15,-13.3259900356596,11192,1.70332050323486
588,-18.1868315649536,20,-13.1082915877512,11212,1.680020570755
589,-0.413737693743556,16,-12.6675459718349,11228,1.56978857517242
590,-4.58834203127446,14,-12.6761964262391,11242,1.41616582870483
591,-28.1958578260621,14,-13.7230241400736,11256,1.4294650554657
592,-0.362520486226994,22,-13.6293531032476,11278,1.8591593503952
593,-9.03297874021435,19,-11.0270893205366,11297,1.93487024307251
594,-29.1451438580052,16,-14.218245056745,11313,1.66782212257385
595,-29.5812441243554,16,-16.694618484609,11329,1.32690405845642
596,11.2352341974726,29,-14.0221761003984,11358,1.68979597091675
597,-10.9205063351503,26,-11.9191928462513,11384,1.97485995292664
598,-12.5350375762389,11,-11.3540134473799,11395,1.38262712955475
599,4.47671220683669,15,-10.8649684573218,11410,1.81236958503723
600,-8.12572136958329,18,-11.2187063911527,11428,1.76068031787872
601,0.954415409408744,15,-8.30367906760564,11443,1.8908863067627
602,2.04017908025452,22,-8.06340911095749,11465,1.4752504825592
603,-5.06921259023539,16,-7.66703249595959,11481,1.66653573513031
604,-19.5164416573721,18,-6.70416227589628,11499,0.73373281955719
605,-8.74955149843973,11,-4.62099301330472,11510,1.36764812469482
606,4.63829209624239,17,-5.28068722342774,11527,1.89903664588928
607,-27.4034750453186,19,-6.92898409444456,11546,1.70231151580811
608,-11.6476862817579,15,-6.84024896499646,11561,1.95277404785156
609,-8.88598565789169,19,-8.1765187514693,11580,1.82031738758087
610,-9.95281015480696,12,-8.35922762999167,11592,0.732911288738251
611,32.5806078388191,58,-5.19660838705063,11650,1.85342979431152
612,20.4285569351499,37,-3.35777060156109,11687,1.79753804206848
613,26.1839610263001,39,-0.232453239907544,11726,1.90930879116058
614,40.472857963548,107,5.76647672218447,11833,1.83882689476013
615,41.8540042904403,62,10.8268323010725,11895,1.53848099708557
616,46.4971086901429,114,15.0127139604625,12009,1.97397375106812
617,10.15185262149,30,18.7682467271434,12039,1.90841019153595
618,46.4292369859552,115,24.5759390539147,12154,1.81045722961426
619,90.8026384008244,163,34.5448014597863,12317,1.891850233078
620,44.0611970788027,114,39.9462021831473,12431,1.66449022293091
621,45.337152343938,115,41.2218566336592,12546,1.91708695888519
622,11.2028125042806,27,40.2992821905722,12573,1.96657085418701
623,37.9056574736761,108,41.4714518353098,12681,1.43387365341187
624,77.72788860223,147,45.196954899178,12828,1.37625098228455
625,18.855975523938,37,42.8971520225278,12865,1.80646300315857
626,51.2113527478316,114,43.3685764282967,12979,1.88567709922791
627,29.6778960388065,105,45.3211807700283,13084,1.86220288276672
628,45.4392193281548,116,45.2221790042483,13200,1.06829476356506
629,45.1034371334165,117,40.6522588775075,13317,1.67890357971191
630,28.2386802046893,99,39.0700071900961,13416,1.87861490249634
631,60.0726925664652,122,40.5435612123489,13538,1.65460014343262
632,65.6959300621487,129,45.9928729681357,13667,1.93097066879272
633,27.9113849880864,43,44.9934457195767,13710,1.76983106136322
634,17.0385948017527,43,38.924516339529,13753,1.76057839393616
635,53.7964004754234,120,42.4185588346775,13873,1.43946504592896
636,12.7322265903081,27,38.5706462189252,13900,2.10606980323792
637,28.0574551176217,42,38.4086021268067,13942,1.49302291870117
638,42.1019177384906,61,38.0748719678403,14003,1.49061000347137
639,32.2206693799811,48,36.7865951924967,14051,1.74911797046661
640,58.0522548534982,126,39.7679526573776,14177,1.35706257820129
641,15.1313904987656,50,35.2738224506077,14227,1.93930220603943
642,28.1121279428001,42,31.5154422386728,14269,1.75681662559509
643,57.1210134867369,128,34.4364050885379,14397,1.89291143417358
644,33.4960041631732,56,36.0821460246799,14453,1.92039227485657
645,17.0705072252592,38,32.4095566996635,14491,2.12361621856689
646,17.4933728625349,43,32.8856713268862,14534,2.14291429519653
647,13.1190026832093,38,31.3918260834449,14572,2.04882740974426
648,149.635157710585,356,42.1451500806543,14928,1.71834981441498
649,19.8226722623163,33,40.9053503688878,14961,2.16661047935486
650,26.0548352355839,45,37.7056084070964,15006,2.06515789031982
651,-65.5840626322252,152,29.6340630939973,15158,1.75801038742065
652,16.9761084100951,34,28.5204611407268,15192,2.05345916748047
653,13.0810201376481,23,24.1164618058179,15215,1.43444418907166
654,19.6725377430307,71,22.7341151638037,15286,1.88769221305847
655,9.51594867768762,19,21.9786593090465,15305,2.24098968505859
656,2.21438873425734,134,20.4507608962188,15439,1.93380355834961
657,5.2634652380234,21,19.6652071517002,15460,2.22705364227295
658,45.7172108767502,117,9.27341246831675,15577,1.55998635292053
659,6.94435186899043,35,7.98558042898416,15612,1.63947367668152
660,7.40282234485364,24,6.12037913991113,15636,2.17121887207031
661,57.7142910017248,144,18.4502145033061,15780,1.48670673370361
662,32.6389051871338,54,20.01649418101,15834,1.93502366542816
663,20.5629622351269,77,20.7646883907579,15911,2.12397432327271
664,23.0031471369452,37,21.0977493301493,15948,1.99387311935425
665,22.871809963318,42,22.4333354587124,15990,2.06022477149963
666,18.9806244923788,36,24.1099590345245,16026,1.70109081268311
667,19.7748069064906,37,25.5610932013712,16063,1.96494889259338
668,7.14016109453278,16,21.7033882231495,16079,1.32221674919128
669,22.1674407483486,37,23.2256971110853,16116,1.8998122215271
670,-22.5854515209404,166,20.2268697245059,16282,1.16857814788818
671,18.6119772320466,44,16.3166383475381,16326,2.09002780914307
672,8.38847781908739,47,13.8915956107334,16373,2.33662223815918
673,3.57376021042398,69,12.1926754082632,16442,2.00185990333557
674,7.92269010039647,30,10.6846297046083,16472,2.18868160247803
675,-6.22525033904135,130,7.77492367437235,16602,1.74460291862488
676,15.1798425919878,27,7.39484548433324,16629,2.23754739761353
677,1.35590652496377,47,5.55295544618056,16676,2.17987608909607
678,35.0312021483115,177,8.34205955155843,16853,1.94200420379639
679,12.2092652189199,25,7.34624199861556,16878,2.24691367149353
680,-0.155980775411758,66,9.58918907316842,16944,1.70615363121033
681,52.1714088347394,127,12.9451322334377,17071,0.687239766120911
682,5.80789942003337,33,12.6870743935323,17104,1.15219223499298
683,18.3591151988609,32,14.165609892376,17136,2.27022361755371
684,7.20746033310704,69,14.094086915647,17205,2.09727931022644
685,29.0712407715882,46,17.62373602671,17251,2.32562017440796
686,17.1142548199977,92,17.817177249511,17343,2.28015065193176
687,10.7928621882387,32,18.7608728158385,17375,2.34136343002319
688,16.268346339242,32,16.8845872349315,17407,2.31220102310181
689,52.776950317216,186,20.9413557447612,17593,2.35965061187744
690,9.67912587389881,52,21.9248664096922,17645,1.88467764854431
691,10.7626430477386,40,17.7839898309921,17685,2.25609016418457
692,-2.83154611401531,62,16.9200452775873,17747,2.14984011650085
693,-5.09115139912943,51,14.5750186177882,17798,2.33571934700012
694,6.12954039208826,20,14.4672266236864,17818,2.00234603881836
695,4.6963097798963,25,12.0297335245172,17843,1.89270567893982
696,18.1846223228657,37,12.136770274804,17880,2.34773635864258
697,22.2021607814419,33,13.2777001341243,17913,1.57461225986481
698,12.0633317729827,24,12.8571986774984,17937,1.87598061561584
699,19.0839123755842,37,9.48789488333518,17974,2.09015870094299
700,50.9568098380366,125,13.615663279749,18099,1.96076059341431
701,8.86242441884678,27,13.4256414168598,18126,2.61727333068848
702,13.241237104879,28,15.0329197387492,18154,2.1383945941925
703,5.8621667051698,21,16.1282515491791,18175,1.50584018230438
704,15.1830811322784,72,17.0336056231981,18247,2.43332672119141
705,24.9293911767447,48,19.056913762883,18295,1.88063836097717
706,6.05954737216238,35,17.8444062678126,18330,2.25388288497925
707,1.48209073462798,65,15.7723992631313,18395,1.96219956874847
708,13.1490856429119,96,15.8809746501242,18491,2.20074200630188
709,16.0042254979974,37,15.5730059623655,18528,2.03823566436768
710,9.1013323186609,47,11.3874582104279,18575,1.26373541355133
711,59.6616508069553,188,16.4673808492388,18763,2.27030611038208
712,-13.9682662350892,176,13.746430515242,18939,2.29375624656677
713,31.1368455749452,111,16.2738984022195,19050,2.25494527816772
714,6.24719003599959,52,15.3803092925916,19102,2.08248376846313
715,16.3672128556543,33,14.5240914604826,19135,1.83154165744781
716,16.8825034702892,31,15.6063870702953,19166,1.37843608856201
717,20.4872403416461,85,17.5069020309971,19251,2.19885587692261
718,12.72029392488,29,17.4640228591939,19280,1.66881954669952
719,2.50539575254999,30,16.1141398846491,19310,2.04612255096436
720,-2.27446400512665,34,14.9765602522704,19344,2.06740880012512
721,22.3663836980601,40,11.2470335413809,19384,2.66498136520386
722,12.9161602907827,39,13.9354761939681,19423,2.24283933639526
723,14.6940381711194,37,12.2911954535855,19460,2.47603702545166
724,43.2703654424482,129,15.9935129942304,19589,2.36189746856689
725,16.7699673718433,55,16.0337884458493,19644,2.09202098846436
726,47.4227392489902,62,19.0878120237194,19706,1.58284914493561
727,23.6300073755525,127,19.40208872711,19833,2.3819944858551
728,13.9464880559314,23,19.5247081402151,19856,2.23153376579285
729,26.8856126000634,53,21.9627298249665,19909,2.43299913406372
730,26.8194023201575,136,24.8721164574949,20045,2.47183561325073
731,40.6571828611056,120,26.7011963737994,20165,2.41016554832458
732,6.06051741505812,68,26.015632086227,20233,2.19574809074402
733,44.8822422874505,76,29.0344524978601,20309,2.31207752227783
734,30.6812417393678,120,27.775540127552,20429,2.42850065231323
735,32.0025126032926,55,29.298794650697,20484,2.11773443222046
736,37.2457929372913,175,28.2811000195271,20659,1.57922852039337
737,21.1638508415115,93,28.034484366123,20752,1.78274047374725
738,17.8322706731137,40,28.4230626278412,20792,2.5884575843811
739,23.732243411508,62,28.1077257089856,20854,2.35993528366089
740,38.3199698791295,58,29.2577824648828,20912,2.43160820007324
741,96.8980485510523,341,34.8818690338775,21253,2.53708219528198
742,6.41226790394872,60,34.9170440827666,21313,2.19296145439148
743,32.9717794864346,49,33.725997802665,21362,2.34775304794312
744,2.62802936515101,40,30.9206765652433,21402,2.48678374290466
745,15.4345258366435,96,29.2638778885784,21498,1.47900140285492
746,19.6599790840411,43,27.5052965032534,21541,2.56986093521118
747,21.0460526785403,39,27.4935166869563,21580,2.27438354492188
748,21.5178084359206,49,27.862070463237,21629,2.34651947021484
749,11.5111553564686,49,26.639961657733,21678,2.42544794082642
750,17.2221118885016,36,24.5301758586703,21714,1.42586815357208
751,49.8049962842311,139,19.8208706319881,21853,2.39112615585327
752,41.2973285259014,138,23.3093766941834,21991,2.40568256378174
753,51.2217022253162,175,25.1343689680715,22166,2.42673349380493
754,10.8677553011118,31,25.9583415616676,22197,2.72745752334595
755,34.2465486257745,57,27.8395438405807,22254,2.34402704238892
756,39.5069016374218,165,29.8242360959188,22419,2.31168460845947
757,17.6755457400494,129,29.4871854020697,22548,2.44511222839355
758,27.4589026502211,43,30.0812948234997,22591,2.69937705993652
759,11.0371521535003,36,30.0338945032029,22627,2.81905794143677
760,55.7250479175452,158,33.8841881061073,22785,2.43370246887207
761,20.653458802457,146,30.9690343579299,22931,2.77255630493164
762,31.0266817474348,125,29.9419696800832,23056,2.66501069068909
763,15.0429328095706,44,26.3240927385086,23100,2.91015148162842
764,12.6235619785592,42,26.4996734062534,23142,3.03507685661316
765,21.1134461265682,72,25.1863631563328,23214,2.82011032104492
766,23.9731369489931,72,23.6329866874899,23286,2.2674822807312
767,11.222421535026,120,22.9876742669875,23406,2.54174137115479
768,17.1881479578673,103,21.9605987977522,23509,2.25947713851929
769,35.2508259478313,201,24.3819661771853,23710,2.7155122756958
770,16.9437193484271,84,20.5038333202735,23794,1.94111609458923
771,-5.13820471167381,90,17.9246669688604,23884,2.58715867996216
772,9.1530320025243,25,15.7373019943693,23909,3.02086639404297
773,27.084758684697,49,16.941484581882,23958,2.90357351303101
774,45.2634286454483,114,20.2054712485709,24072,2.33536863327026
775,35.3691320587125,49,21.6310398417853,24121,2.5977783203125
776,58.9272406407939,133,25.1264502109654,24254,1.72876417636871
777,20.1800012958387,42,26.0222081870467,24296,2.79456973075867
778,27.89458413465,62,27.0928518047249,24358,2.80958032608032
779,30.77097562134,143,26.6448667720758,24501,2.62661480903625
780,50.5226070140773,167,30.0027555386408,24668,2.73201084136963
781,24.3927772675296,77,32.9558537365612,24745,2.6831648349762
782,43.3734440900748,160,36.3778949453162,24905,2.5980429649353
783,42.2815100131425,106,37.8975700781608,25011,2.28230261802673
784,20.5060837186082,81,35.4218355854768,25092,2.4482307434082
785,26.5502219572896,145,34.5399445753345,25237,2.72535610198975
786,30.2207850108307,109,31.6692990123382,25346,2.67267084121704
787,26.8598399700535,62,32.3372828797596,25408,2.88845586776733
788,31.0864245245531,48,32.6564669187499,25456,2.79321765899658
789,73.5540968901289,169,36.9347790456288,25625,2.83077764511108
790,39.1594763631172,65,35.7984659805328,25690,2.85743570327759
791,23.3682581552575,137,35.6960140693056,25827,2.71371626853943
792,36.2909026082986,54,34.987759921128,25881,2.37909126281738
793,39.9298997181532,138,34.752598891629,26019,2.53554439544678
794,26.6036470280627,54,35.3623552225745,26073,2.60119390487671
795,11.7295310448998,59,33.8802861313355,26132,2.75005340576172
796,78.5707182859464,168,38.7152794588471,26300,2.46835088729858
797,12.0033526318511,56,37.2296307250269,26356,2.91269636154175
798,24.9861716553884,45,36.6196054381104,26401,3.14746141433716
799,54.9509373505592,172,34.7592894841534,26573,2.99906778335571
800,143.105958786914,305,45.1539377265331,26878,2.94137144088745
801,40.4381057379743,165,46.8609224848048,27043,2.86396718025208
802,24.4041404312701,43,45.6722462671019,27086,3.19201946258545
803,47.7156067154618,114,46.4508169668328,27200,2.47873020172119
804,17.5402847865317,65,45.5444807426797,27265,3.20400142669678
805,19.5542375619482,74,46.3269513943845,27339,2.91246700286865
806,6.98490123754053,41,39.1683696895439,27380,3.52255439758301
807,150.202165892473,480,52.9882510156061,27860,2.49564647674561
808,104.310340324709,249,60.9206678825381,28109,3.19840812683105
809,33.739938892747,67,58.7995680367569,28176,2.52039289474487
810,143.283404205398,378,58.8173125786053,28554,3.14327263832092
811,14.2557163945639,42,56.1990736442643,28596,3.07644605636597
812,6.72446753121851,50,54.4311063542591,28646,3.51675391197205
813,38.6599701453656,70,53.5255426972495,28716,2.7855806350708
814,34.9944470999137,91,55.2709589285877,28807,2.80180954933167
815,29.2299370478237,75,56.2385288771753,28882,2.92082762718201
816,22.9033963088279,47,57.830378384304,28929,2.6842622756958
817,37.2904469901587,94,46.5392064940726,29023,2.90118455886841
818,37.354666010994,94,39.8436390627011,29117,2.95478487014771
819,32.2802655785847,57,39.6976717312849,29174,2.49637317657471
820,117.667552122549,368,37.136086523,29542,2.30572628974915
821,9.69816845423331,57,36.6803317289669,29599,3.04497003555298
822,20.1214000451417,44,38.0200249803592,29643,3.29445648193359
823,13.5273184375594,69,35.5067598095786,29712,3.30936074256897
824,73.5154039163637,188,39.3588554912236,29900,2.84770584106445
825,15.0878698383063,55,37.9446487702719,29955,3.23090004920959
826,66.9966909314177,186,42.3539782325309,30141,2.49144268035889
827,142.581423820339,470,52.8830759155489,30611,2.92340850830078
828,22.632584213844,77,51.4108677358339,30688,2.49036335945129
829,24.0962731014016,54,50.5924684881156,30742,2.52878570556641
830,22.932669314285,57,41.1189802072892,30799,2.63830780982971
831,8.89679652109037,39,41.0388430139749,30838,2.99455809593201
832,43.595952110072,106,43.3862982204679,30944,3.54145860671997
833,10.2015301022643,34,43.0537193869384,30978,3.47523069381714
834,52.7156050267868,223,40.9737394979807,31201,3.08360362052917
835,36.6098237073651,93,43.1259348848866,31294,3.49585628509521
836,15.3882393919755,57,37.9650897309424,31351,3.52227258682251
837,15.913190299408,51,25.2982663788493,31402,3.54406595230103
838,30.552259832339,89,26.0902339406988,31491,3.43921661376953
839,273.670855404341,884,51.0476921709927,32375,3.77970409393311
840,268.352180720914,1000,75.5896433116556,33375,3.61520957946777
841,62.258831795883,236,80.9258468391348,33611,3.71060562133789
842,72.4880929081605,388,83.8150609189437,33999,3.46557331085205
843,121.29415670785,296,94.9243235795023,34295,3.4567723274231
844,247.32296609992,689,114.385059686816,34984,3.49286460876465
845,130.8406976562,405,123.808147081699,35389,3.51343631744385
846,346.139526754755,1000,156.883275817977,36389,3.55299186706543
847,37.9974353706157,98,159.091700325098,36487,3.69472885131836
848,34.7487519432512,213,159.511349536189,36700,4.00851202011108
849,368.326615802144,1000,168.976925575969,37700,3.35915851593018
850,84.8727484129275,210,150.628982345171,37910,3.54057502746582
851,350.227446899127,940,179.425843855495,38850,4.1091833114624
852,393.228435280621,1000,211.499878092741,39850,3.87206673622131
853,335.128539045844,1000,232.883316326541,40850,4.15233850479126
854,194.409003541638,456,227.591920070712,41306,3.65629363059998
855,252.533719439533,1000,239.761222249046,42306,4.40227031707764
856,283.80283526441,1000,233.527553100011,43306,3.29676008224487
857,26.655932624107,88,232.39340282536,43394,4.47306442260742
858,293.225776682378,1000,258.241105299273,44394,3.61032915115356
859,45.7797018079493,197,225.986413899854,44591,4.1931676864624
860,48.984899327682,116,222.397628991329,44707,4.21341323852539
861,156.319207038707,1000,203.006805005287,45707,4.2798113822937
862,382.776079055344,1000,201.961569382759,46707,4.01058673858643
863,183.81460972574,503,186.830176450749,47210,3.99522590637207
864,313.57765492614,735,198.747041589199,47945,4.23085069656372
865,56.4649400724085,196,179.140163652487,48141,4.31259918212891
866,223.948984968546,826,173.1547786229,48967,3.76493978500366
867,60.6690710409902,189,176.556092464589,49156,4.37116622924805
868,64.4971253574657,207,153.683227332097,49363,4.1093544960022
869,361.531055423982,1000,185.258362693701,50363,3.72764849662781
870,385.031623892451,1000,218.863035150178,51363,3.99661684036255
871,372.684674323374,1000,240.499581878644,52363,4.29944705963135
872,366.655990438265,1000,238.887573016936,53363,3.91248679161072
873,38.4365299992441,206,224.349765044287,53569,3.93371748924255
874,161.886068114806,404,209.180606363153,53973,3.56148648262024
875,173.957759177266,1000,220.929888273639,54973,4.37329864501953
876,65.2844174244862,203,205.063431519233,55176,3.8845329284668
877,91.6936203761128,301,208.165886452745,55477,4.33670902252197
878,296.571751909169,739,231.373349107916,56216,3.67472076416016
879,163.301550551556,398,211.550398620673,56614,3.99676966667175
880,101.004648614789,213,183.147701092907,56827,4.24638557434082
881,76.8278644507513,171,153.562020105645,56998,4.06328105926514
882,326.153246591853,1000,149.511745721003,57998,5.20802545547485
883,275.73444548589,1000,173.241537269668,58998,4.26791286468506
884,53.1486451680287,191,162.36779497499,59189,4.91134977340698
885,193.374260407321,653,164.309445097996,59842,4.939377784729
886,21.3710463732174,72,159.918107992869,59914,4.87656116485596
887,367.18111909574,987,187.466857864831,60901,5.33530807495117
888,197.28544330893,512,177.538227004808,61413,5.18029689788818
889,126.934299438536,335,173.901501893506,61748,5.31888294219971
890,62.4847956944149,151,170.049516601468,61899,5.06352233886719
891,390.142215290834,1000,201.380951685476,62899,5.27286148071289
892,88.6181107895525,243,177.627438105246,63142,4.53891658782959
893,217.019580272728,534,171.75595158393,63676,5.44736242294312
894,138.636318013807,315,180.304718868508,63991,4.81040191650391
895,77.0691851906502,210,168.674211346841,64201,5.28133773803711
896,61.5448491495501,120,172.691591624474,64321,5.00604772567749
897,26.8686019518196,89,138.660339910082,64410,5.23718070983887
898,18.114225908761,52,120.743218170065,64462,5.58119583129883
899,45.3512340027999,170,112.584911626492,64632,5.29812240600586
900,6.68771940505232,44,107.005203997555,64676,5.43819236755371
901,16.5644214624051,50,69.6474246147125,64726,5.49718189239502
902,15.8287381314791,65,62.3684873489052,64791,5.42807579040527
903,10.7517190215719,41,41.7417012237896,64832,5.61995077133179
904,92.3763750535632,286,37.1157069277652,65118,4.23096799850464
905,109.29630714177,247,40.3384191228772,65365,4.84212303161621
906,13.9715836474317,65,35.5810925726654,65430,5.58302450180054
907,38.9369968952921,97,36.7879320670127,65527,4.82840061187744
908,15.1196317787051,49,36.4884726540071,65576,5.61185455322266
909,16.410481222088,74,33.5943973759359,65650,5.23673152923584
910,23.2691928818504,77,35.2525447236157,65727,5.35829067230225
911,16.259308436316,51,35.2220334210068,65778,5.50935125350952
912,25.3610710060749,72,36.1752667084664,65850,5.04830026626587
913,131.117376084118,325,48.211832414721,66175,4.93375492095947
914,59.5349232661949,154,44.9276872359842,66329,5.71807241439819
915,23.7418580930665,62,36.3722423311138,66391,5.67078018188477
916,57.1704764470728,151,40.6921316110779,66542,5.78979158401489
917,196.903665991824,418,56.4887985207311,66960,5.88474369049072
918,27.2408446474251,69,57.7009198076031,67029,5.99494791030884
919,29.2959513650177,92,58.989466821896,67121,6.00972366333008
920,26.9782838380871,78,59.3603759175197,67199,5.69690561294556
921,106.7863163827,236,68.4130767121581,67435,6.39285516738892
922,19.9335178998789,51,67.8703214015385,67486,6.32790756225586
923,12.2292659838586,54,55.9815103915125,67540,6.4492073059082
924,17.4220424129264,58,51.7702223061857,67598,6.40535831451416
925,119.01384398377,309,61.297420895256,67907,5.75119972229004
926,44.6879189231497,64,60.0491651428637,67971,5.56013011932373
927,15.9126720479411,66,41.9500657484754,68037,5.97886323928833
928,18.5024813301816,75,41.0762294167511,68112,5.55672931671143
929,14.782076660026,51,39.6248419462519,68163,6.47714471817017
930,77.1926826343531,186,44.6462818258785,68349,6.09592914581299
931,10.4707615856592,51,35.0147263461744,68400,6.50244426727295
932,11.3994821936117,58,34.1613227755477,68458,6.39317750930786
933,17.3058356787679,56,34.6689797450386,68514,6.23639011383057
934,83.9559749185368,276,41.3223729955997,68790,5.53564596176147
935,17.2632718894127,63,31.147315786164,68853,6.54993295669556
936,37.0386670667917,56,30.3823906005282,68909,5.91140079498291
937,13.4528965468402,42,30.1364130504181,68951,5.79809713363647
938,13.5965059741523,41,29.6458155148152,68992,6.44936656951904
939,60.2102303305201,195,34.1886308818646,69187,6.24360752105713
940,25.1557649831739,56,28.9849391167467,69243,5.34069156646729
941,38.7684850437919,97,31.8147114625599,69340,5.76390027999878
942,10.6941890817186,38,31.7441821513706,69378,5.68707895278931
943,18.509962003803,52,31.8645947838741,69430,6.37958431243896
944,99.0629044818117,259,33.3752877402016,69689,5.9131646156311
945,12.7676154837085,59,32.9257220996312,69748,5.54546070098877
946,35.4425978122638,76,32.7661151741784,69824,5.74085521697998
947,19.5063464199701,71,33.3714601614914,69895,6.22949171066284
948,12.1317388470103,53,33.2249834487772,69948,5.77462673187256
949,126.802433693749,297,39.8842037851001,70245,6.32574939727783
950,14.63166977169,71,38.8317942639517,70316,6.07474374771118
951,20.3891576499648,65,36.993861524569,70381,7.00686168670654
952,18.6825430453312,53,37.7926969209303,70434,7.55872821807861
953,65.4732511083351,89,42.4890258313835,70523,6.89384651184082
954,27.0585131734162,50,35.2885867005439,70573,7.19790363311768
955,13.0810548265846,68,35.3199306348316,70641,6.90065908432007
956,15.2408513328164,60,33.2997559868868,70701,7.49380588531494
957,138.339621407736,359,45.1830834856634,71060,6.82296991348267
958,40.2930021491949,99,47.9992098158818,71159,6.6439094543457
959,12.4874342963132,42,36.5677098761382,71201,7.14660167694092
960,11.8506559666957,51,36.2896084956388,71252,7.80270719528198
961,10.8010076083707,35,35.3307934914794,71287,7.74130249023438
962,41.1418687344487,105,37.5767260603911,71392,6.28634119033813
963,51.073730138152,114,36.1367739633728,71506,7.36575841903687
964,26.5639723518414,52,36.0873198812153,71558,7.383629322052
965,66.2701798740358,131,41.4062323859604,71689,7.2077956199646
966,25.8825975158748,50,42.4704070042663,71739,7.46534729003906
967,65.9923745298906,134,35.2356823164818,71873,6.90227270126343
968,13.4261361350019,33,32.5489957150625,71906,7.33160018920898
969,138.713108180422,334,45.1715631034733,72240,6.70681381225586
970,12.2313073837605,54,45.2096282451798,72294,7.2193078994751
971,49.9057321672683,101,49.1201007010696,72395,7.07395458221436
972,166.023407278181,471,61.6082545554428,72866,6.84221458435059
973,87.4390089101162,220,65.2447824326392,73086,7.46046924591064
974,106.944504279934,265,73.2828356254485,73351,7.54569625854492
975,80.2991480191509,110,74.68573243996,73461,6.98972129821777
976,45.2678109193942,130,76.624253780312,73591,6.972975730896
977,12.8729169020057,36,71.3123080175235,73627,7.50997543334961
978,23.0770317239167,75,72.2773975764149,73702,7.60718584060669
979,10.4856865769661,63,59.4546554160694,73765,7.32971429824829
980,66.0611041135703,134,64.8376350890504,73899,7.04333639144897
981,36.8956266466896,94,63.5366245369925,73993,6.93367433547974
982,37.5442643692941,85,50.6887102461038,74078,6.74774265289307
983,137.367779796374,263,55.6815873347296,74341,6.98045253753662
984,21.2796581842469,47,47.1151027251609,74388,6.85049772262573
985,17.7512668857443,42,40.8603146118202,74430,7.54153680801392
986,20.0145296016134,57,38.3349864800421,74487,7.57307529449463
987,74.8798141593742,206,44.535676205779,74693,8.40027141571045
988,13.5028165149283,47,43.5782546848801,74740,8.71937274932861
989,40.9871619034794,107,46.6284022175315,74847,8.86342811584473
990,12.0531825632336,54,41.2276100624978,74901,8.1170711517334
991,113.539026214803,303,48.8919500193092,75204,8.04912662506104
992,11.1316096136349,33,46.2506845437432,75237,8.30195617675781
993,20.5477794283311,71,34.5686845069389,75308,8.70994281768799
994,7.71237249310122,60,33.2119559378243,75368,8.15670585632324
995,19.5267155534689,64,33.3895008045968,75432,9.02277278900146
996,93.0688072414806,227,40.6949285685835,75659,8.09474849700928
997,18.8698477424973,74,35.0939319268958,75733,8.38693523406982
998,20.1693085625918,58,35.7605811316622,75791,8.09170722961426
999,70.7138170000769,197,38.7332466413219,75988,8.10825729370117
1000,92.5464517398524,231,46.7825735589838,76219,8.20464420318604
1001,105.411881269795,251,45.969859064483,76470,8.0234899520874
1002,104.738932936348,286,55.3305913967543,76756,8.77947902679443
1003,12.1485567712948,37,54.4906691310507,76793,7.89284753799438
1004,147.670174921874,380,68.486449373928,77173,7.85384654998779
1005,15.1488839975545,63,68.0486662183365,77236,7.98395395278931
1006,38.6116068775259,99,62.602946181941,77335,8.56453990936279
1007,40.4795403176964,101,64.7639154394609,77436,8.6768741607666
1008,34.3815522975667,87,66.1851398129584,77523,8.61493968963623
1009,11.9274187034139,51,60.3064999832921,77574,7.91444110870361
1010,47.0614237456123,97,55.7579971838681,77671,8.0586462020874
1011,21.1408095823753,84,47.3308900151262,77755,8.25878524780273
1012,41.2377368469261,119,40.980770406184,77874,7.35977792739868
1013,53.2439102010613,158,45.0903057491607,78032,8.85732936859131
1014,167.132508296258,347,47.036539086599,78379,8.1866340637207
1015,17.7685068189528,71,47.2985013687388,78450,9.0487232208252
1016,93.5125128736261,280,52.7885919683489,78730,8.53866958618164
1017,62.8644216944449,203,55.0270801060237,78933,8.08367347717285
1018,28.6383924919696,89,54.452764125464,79022,8.2267017364502
1019,69.2244948384024,143,60.1824717389628,79165,8.54947853088379
1020,96.5549850505235,244,65.131827869454,79409,7.84239149093628
1021,38.4044403359073,98,66.8581909448072,79507,10.4078845977783
1022,26.447833394625,75,65.3792005995771,79582,9.8284797668457
1023,90.964079954295,173,69.1512175749004,79755,9.32767105102539
1024,65.5464370853776,150,58.9926104538124,79905,9.32260894775391
1025,13.1749665642617,64,58.5332564283433,79969,8.7891960144043
1026,51.7684377543887,113,54.3588489164196,80082,9.94132232666016
1027,40.7542494105269,116,52.1478316880278,80198,9.24331188201904
1028,151.526502782685,356,64.4366427170993,80554,10.0473194122314
1029,61.8003842409849,213,63.6942316573576,80767,9.48074626922607
1030,44.9126440844243,110,58.5299975607476,80877,9.72690296173096
1031,68.3441013318187,156,61.5239636603388,81033,9.42954158782959
1032,112.776905990556,345,70.1568709199318,81378,10.1050806045532
1033,13.0292122031764,50,62.36338414482,81428,8.81701564788818
1034,85.8856198837956,229,64.3973024246618,81657,9.63373565673828
1035,82.2292132007337,263,71.302727088309,81920,9.7422046661377
1036,39.8522087762686,107,70.111104190497,82027,9.80400562286377
1037,57.6772844774489,123,71.8034076971892,82150,9.9044885635376
1038,57.7543566116726,162,62.4261930800879,82312,9.44840145111084
1039,126.708678917534,335,68.9170225477429,82647,10.0742511749268
1040,61.4576873257646,138,70.5715268718769,82785,9.59204959869385
1041,13.7360091773603,41,65.1107176564311,82826,8.54542064666748
1042,22.2645794297688,48,56.0594850003524,82874,9.79664516448975
1043,11.7264187696288,64,55.9292056569976,82938,9.28540325164795
1044,49.4331141939366,116,52.2839550880117,83054,9.43341445922852
1045,122.436988979658,334,56.3047326659042,83388,10.0997476577759
1046,62.4058939067234,160,58.5601011789496,83548,10.1732759475708
1047,12.6522480821103,67,54.0575975394158,83615,8.69093990325928
1048,98.0121405193186,219,58.0833759301804,83834,9.62794208526611
1049,79.7873385448805,147,53.391241892915,83981,9.58998203277588
1050,13.6027645950593,73,48.6057496198445,84054,8.46650123596191
1051,14.7845775339983,71,48.7106064555083,84125,9.59347724914551
1052,107.363526538988,329,57.2205011664302,84454,10.0439834594727
1053,70.4278027233269,208,63.0906395618,84662,10.2081928253174
1054,68.1008003581804,235,64.9574081782243,84897,11.1511516571045
1055,110.328015464539,361,63.7465108267125,85258,11.0608243942261
1056,56.7518676644561,167,63.1811082024857,85425,11.141773223877
1057,119.080792906019,296,73.8239626848766,85721,11.0882596969604
1058,17.7527940637896,75,65.7980280393237,85796,11.1864547729492
1059,67.7030362777329,158,64.5895978126089,85954,11.1911211013794
1060,13.3506500384308,66,64.5643863569461,86020,10.1654529571533
1061,33.0014844406687,89,66.3860770476131,86109,10.2876672744751
1062,96.6464836664921,317,65.3143727603636,86426,10.9458646774292
1063,17.2488831694227,73,59.9964808049731,86499,10.8170471191406
1064,30.5560694544495,85,56.2420077146,86584,11.1786451339722
1065,67.536173030243,178,51.9628234711705,86762,11.0313272476196
1066,15.7862833018054,72,47.8662650349054,86834,10.3050603866577
1067,238.120632342868,536,59.7702489785903,87370,10.9146203994751
1068,51.3386288424304,152,63.1288324564544,87522,11.0837640762329
1069,78.5089772573625,222,64.2094265544173,87744,9.54622364044189
1070,101.670563342259,271,73.0414178848002,88015,11.0400629043579
1071,43.5843823307713,117,74.0997076738104,88132,10.1709299087524
1072,117.015506767936,326,76.1366099839548,88458,11.1853895187378
1073,220.054161772872,593,96.4171378442998,89051,10.5008592605591
1074,132.561238963844,347,106.617654795239,89398,11.0069036483765
1075,42.9204975798125,102,104.156087250196,89500,11.2234125137329
1076,16.3636083810326,80,104.213819758119,89580,9.98494815826416
1077,63.0523479768699,170,86.7069913215191,89750,10.0600023269653
1078,38.9102322708023,58,85.4641516643563,89808,10.2755317687988
1079,137.760430842852,288,91.3892970229053,90096,11.0697250366211
1080,120.523772266251,314,93.2746179153045,90410,11.2074890136719
1081,19.7413014322688,78,90.8903098254542,90488,11.37375831604
1082,104.426494937176,279,89.6314086423782,90767,11.132848739624
1083,67.6293120045076,192,74.3889236655417,90959,12.3627986907959
1084,131.836012117327,332,74.3164009808901,91291,12.4288311004639
1085,120.632820816739,294,82.0876333045827,91585,12.8657875061035
1086,113.160765798673,386,91.7673490463467,91971,11.0473117828369
1087,77.0397226579367,205,93.1660865144534,92176,12.5456657409668
1088,128.061545243931,309,102.081217811766,92485,12.4515495300293
1089,46.93663949102,135,92.9988386765831,92620,12.2273254394531
1090,94.8899483560842,173,90.4354562855664,92793,12.4106388092041
1091,10.9868113225853,68,89.560007274598,92861,11.1053981781006
1092,171.047517324826,436,96.2221095133631,93297,12.2192478179932
1093,29.9978352146109,94,92.4589618343734,93391,11.1284217834473
1094,85.9492655300214,197,87.8702871756428,93588,12.5049285888672
1095,63.8180328450404,169,82.1888083784729,93757,12.5056266784668
1096,11.0812959831908,66,71.9808613969247,93823,12.1021480560303
1097,220.353906904726,538,86.3122798216037,94361,12.5399875640869
1098,198.771838049416,546,93.3833091021521,94907,13.234489440918
1099,215.336148340836,595,110.223259987134,95502,12.2776260375977
1100,204.466945629102,756,121.180959714435,96258,12.7279357910156
1101,194.482688329772,572,139.530547415154,96830,12.3341388702393
1102,104.777511797372,228,132.903546862409,97058,12.6416435241699
1103,169.578081576583,507,146.861571498606,97565,12.4221858978271
1104,188.331058362392,600,157.099750781843,98165,11.6224231719971
1105,43.7478528987957,294,155.092732787218,98459,11.1366653442383
1106,333.284779660968,1000,187.313081154996,99459,13.7052154541016
1107,275.642838401072,795,192.841974304631,100254,14.0786228179932
1108,125.420373708669,339,185.506827870556,100593,14.3184213638306
1109,91.0800735075273,312,173.081220387225,100905,13.6349611282349
1110,162.77529794003,490,168.912055618318,101395,13.6263885498047
1111,127.791514670777,351,162.242938252419,101746,14.5872526168823
1112,164.264902425503,486,168.191677315232,102232,14.6479969024658
1113,221.082185647387,636,173.342087722312,102868,12.4935293197632
1114,133.246326928451,500,167.833614578918,103368,13.7742700576782
1115,128.382339778997,395,176.297063266938,103763,11.8856687545776
1116,97.7293259400648,518,152.741517894848,104281,12.6521472930908
1117,271.581709901626,888,152.335405044903,105169,13.0994262695312
1118,251.797422447694,578,164.973109918806,105747,14.7064533233643
1119,44.9270870364511,144,160.357811271698,105891,13.3627843856812
1120,269.096261131869,1000,170.989907590882,106891,12.8641958236694
1121,124.7702867239,425,170.687784796194,107316,13.1163702011108
1122,67.6803796220634,229,161.02933251585,107545,12.6946439743042
1123,173.011770749324,609,156.222291026044,108154,13.1783123016357
1124,147.864031575256,371,157.684061490725,108525,13.3845252990723
1125,183.233072588112,522,163.169134771636,109047,13.9784650802612
1126,159.705975710009,509,169.36679974863,109556,13.3487606048584
1127,98.6822621886142,283,152.076854977329,109839,12.9977359771729
1128,209.009187035954,751,147.798031436155,110590,16.2161235809326
1129,227.110082189245,1000,166.016330951435,111590,14.5297737121582
1130,311.43483956038,1000,170.250188794286,112590,16.257604598999
1131,258.742330503163,1000,183.647393172212,113590,12.9287805557251
1132,386.424771102639,1000,215.52183232027,114590,15.7513265609741
1133,233.618696276577,1000,221.582524872995,115590,14.9959363937378
1134,172.152535720548,552,224.011375287524,116142,12.3856964111328
1135,199.734974858811,1000,225.661565514594,117142,15.9588098526001
1136,126.831582766452,350,222.374126220238,117492,16.4502258300781
1137,249.11005444163,1000,237.41690544554,118492,15.199893951416
1138,147.662167877539,1000,231.282203529698,119492,15.6923160552979
1139,223.198970513909,1000,230.891092362165,120492,16.2930793762207
1140,268.473763174518,1000,226.594984723579,121492,14.7187452316284
1141,113.957872640652,400,212.116538937328,121892,13.6364545822144
1142,251.043042225986,1000,198.578366049662,122892,16.2556266784668
1143,216.756575702376,750,196.892153992242,123642,13.8859310150146
1144,202.865313210626,1000,199.96343174125,124642,13.9805278778076
1145,165.793694069767,529,196.569303662346,125171,15.4425439834595
1146,351.521529411386,1000,219.038298326839,126171,15.8770112991333
1147,307.315598257376,877,224.858852708414,127048,15.7951984405518
1148,280.43467570918,1000,238.136103491578,128048,16.2383518218994
1149,276.782639779361,1000,243.494470418123,129048,15.2230787277222
1150,77.358873862484,151,224.382981486919,129199,15.8827543258667
1151,276.785717951773,1000,240.665766018032,130199,17.2896003723145
1152,243.711805797143,1000,239.932642375147,131199,14.6040363311768
1153,297.936042354495,1000,248.050589040359,132199,17.4701900482178
1154,254.772703624754,1000,253.241328081772,133199,16.5471534729004
1155,307.340743762571,1000,267.396033051052,134199,17.2146492004395
1156,243.20127712611,1000,256.564007822525,135199,14.7624378204346
1157,363.235346514895,1000,262.155982648277,136199,17.2959575653076
1158,374.425311846112,1000,271.55504626197,137199,17.5163059234619
1159,242.325454381374,1000,268.109327722171,138199,17.4467697143555
1160,286.579580921552,1000,289.031398428078,139199,14.3462762832642
1161,214.154083336003,1000,282.768234966501,140199,15.1137781143188
1162,324.695966879855,1000,290.866651074772,141199,17.0624313354492
1163,366.865476376485,1000,297.759594476971,142199,17.5585498809814
1164,246.982973514154,1000,296.980621465911,143199,16.0133018493652
1165,352.940476124377,1000,301.540594702092,144199,17.895191192627
1166,298.744891186739,1000,307.094956108155,145199,17.2213249206543
1167,292.108504822432,1000,299.982271938908,146199,13.7299537658691
1168,262.583717883085,1000,288.798112542606,147199,17.1121578216553
1169,248.491652861922,1000,289.414732390661,148199,14.6576843261719
1170,269.909802478245,1000,287.74775454633,149199,16.7586154937744
1171,310.544749917071,1000,297.386821204437,150199,17.6316547393799
1172,38.5061974069811,53,268.767844257149,150252,15.9974346160889
1173,23.991257702194,53,234.48042238972,150305,15.8050298690796
1174,45.5640871059562,106,214.3385337489,150411,16.4602890014648
1175,410.115091220915,1000,220.055995258554,151411,15.3859081268311
1176,371.16202010422,1000,227.297708150302,152411,13.6200361251831
1177,344.798464999215,1000,232.566704167981,153411,15.5528001785278
1178,264.923518165123,1000,232.800684196184,154411,17.0436229705811
1179,365.854555101568,1000,244.536974420149,155411,13.9261703491211
1180,460.847007131207,1000,263.630694885445,156411,19.3215084075928
1181,318.67760054426,1000,264.443979948164,157411,11.7449426651001
1182,404.106332482707,1000,301.003993455736,158411,17.3558464050293
1183,470.86330284782,1000,345.691197970299,159411,16.3604927062988
1184,414.200305457545,1000,382.554819805458,160411,18.8367500305176
1185,336.045176565966,1000,375.147828339963,161411,14.2242240905762
1186,354.688396823051,1000,373.500466011846,162411,15.6730804443359
1187,375.592520698141,1000,376.579871581739,163411,15.5144128799438
1188,362.08924920861,1000,386.296444686087,164411,15.28955078125
1189,468.528759463097,1000,396.56386512224,165411,15.5105848312378
1190,416.448000678809,1000,392.123964477001,166411,18.043529510498
1191,377.134045891098,1000,397.969609011684,167411,17.694730758667
1192,334.521531032376,1000,391.011128866651,168411,17.905933380127
1193,442.006945485115,1000,388.125493130381,169411,16.638391494751
1194,348.182577236744,1000,381.523720308301,170411,13.9113111495972
1195,420.917208535055,1000,390.01092350521,171411,20.1710968017578
1196,409.300975083407,1000,395.472181331245,172411,19.311803817749
1197,417.555973783441,1000,399.668526639775,173411,14.4011249542236
1198,381.375903560897,1000,401.597192075004,174411,19.4602508544922
1199,394.10383268933,1000,394.154699397627,175411,17.5137062072754
1200,429.098403797866,1000,395.419739709533,176411,17.1312294006348
1201,425.118890445378,1000,400.218224164961,177411,16.8993988037109
1202,392.240700259307,1000,405.990141087654,178411,18.5725364685059
1203,404.305497960206,1000,402.219996335163,179411,17.7740383148193
1204,441.381149088699,1000,411.539853520359,180411,19.3551025390625
1205,459.301290280784,1000,415.378261694932,181411,20.0913219451904
1206,486.396424592841,1000,423.087806645875,182411,18.4743423461914
1207,461.765020318655,1000,427.508711299396,183411,20.9645729064941
1208,378.811854373916,1000,427.252306380698,184411,19.5411911010742
1209,374.879377674267,1000,425.329860879192,185411,16.2731513977051
1210,441.759497466438,1000,426.595970246049,186411,20.8058605194092
1211,378.623036355732,1000,421.946384837085,187411,14.766453742981
1212,489.787277406145,1000,431.701042551768,188411,19.73606300354
1213,81.5329360014312,108,399.423786355891,188519,20.478630065918
1214,441.432040836275,1000,399.428875530649,189519,18.0737953186035
1215,430.228514375922,1000,396.521597940162,190519,18.6010322570801
1216,471.033004313845,1000,394.985255912263,191519,19.358470916748
1217,35.6075610575606,90,352.369509986153,191609,20.4089546203613
1218,399.13728067758,1000,354.40205261652,192609,20.6174182891846
1219,23.5045460432934,79,319.264569453422,192688,19.3020210266113
1220,105.664008256887,141,285.655020532467,192829,20.4477062225342
1221,28.9060879910235,65,250.683325695996,192894,20.5166282653809
1222,34.4074051853838,57,205.14533847392,192951,18.4501113891602
1223,377.023164839285,1000,234.694361357706,193951,21.1177806854248
1224,406.5210434934,1000,231.203261623418,194951,18.6662368774414
1225,326.374502609371,1000,220.817860446763,195951,19.643928527832
1226,288.583197997852,1000,202.572879815164,196951,19.9090099334717
1227,402.637142049256,1000,239.275837914333,197951,20.5460433959961
1228,338.728483834583,1000,233.234958230033,198951,21.4621334075928
1229,446.565051147356,1000,275.54100874044,199951,19.1118602752686
1230,403.174378646573,1000,305.292045779408,200951,22.2683887481689
1231,390.099940904911,1000,341.411431070797,201951,19.992561340332
1232,411.913881032606,1000,379.162078655519,202951,21.5594253540039
1233,398.437454129327,1000,381.303507584523,203951,18.7423152923584
1234,322.092442261886,1000,372.860647461372,204951,20.2976760864258
1235,327.319098217837,1000,372.955107022219,205951,19.7677345275879
1236,223.662363555797,1000,366.463023578013,206951,13.2808542251587
1237,32.095491540978,90,329.408858527185,207041,21.3850364685059
1238,311.560577432301,1000,326.692067886957,208041,16.102596282959
1239,35.2289122792454,59,285.558454000146,208100,22.2995433807373
1240,30.0994416188053,73,248.250960297369,208173,22.442346572876
1241,54.1682669363923,69,214.657792900518,208242,21.6138954162598
1242,7.34873650099777,57,174.201278447357,208299,13.9886407852173
1243,300.172986846461,1000,164.37483171907,209299,21.550853729248
1244,278.395753444311,1000,160.005162837313,210299,13.2473411560059
1245,32.4858421373953,59,130.521837229268,210358,21.8217449188232
1246,220.534932671415,1000,130.20909414083,211358,20.883394241333
1247,199.715517850116,1000,146.971096771744,212358,21.4108276367188
1248,228.460046398494,1000,138.661043668363,213358,20.4201717376709
1249,24.0074863347625,66,137.538901073915,213424,22.8116912841797
1250,245.628570671302,1000,159.091813979165,214424,14.9083604812622
1251,328.327791577922,1000,186.507766443318,215424,24.180685043335
1252,270.400228480794,1000,212.812915641297,216424,15.0685739517212
1253,267.795336103081,1000,209.575150566959,217424,19.3922996520996
1254,256.409968922275,1000,207.376572114756,218424,15.2625770568848
1255,313.981016833399,1000,235.526089584356,219424,23.538516998291
1256,227.412260406641,1000,236.213822357879,220424,20.8128299713135
1257,253.116592124089,1000,241.553929785276,221424,14.7257108688354
1258,285.785059983952,1000,247.286431143822,222424,17.0057029724121
1259,30.7127621340492,72,247.95695872375,222496,23.4979820251465
1260,236.249194411792,1000,247.019021097799,223496,22.5199909210205
1261,262.895176940878,1000,240.475759634095,224496,22.5556735992432
1262,278.99195842197,1000,241.334932628213,225496,23.7271213531494
1263,42.0548785508243,61,218.760886872987,225557,23.9262180328369
1264,10.4270270308371,49,194.162592683843,225606,15.5097770690918
1265,284.92077585072,1000,191.256568585575,226606,20.0683307647705
1266,320.15736909273,1000,200.531079454184,227606,23.4816379547119
1267,74.0020449081374,104,182.619624732589,227710,24.4422073364258
1268,46.43108063867,72,158.684226798061,227782,23.7445201873779
1269,68.5003972882228,112,162.462990313478,227894,23.530725479126
1270,75.5177637550813,99,146.389847247807,227993,23.986780166626
1271,31.028824853718,48,123.203212039091,228041,22.4616775512695
1272,35.4300911193056,56,98.8470253088247,228097,21.7420330047607
1273,46.1284486891822,67,99.2543823226605,228164,21.3853874206543
1274,227.36916431669,1000,120.948596051246,229164,18.0854740142822
1275,263.210536716676,1000,118.777572137841,230164,24.6696891784668
1276,258.471272762221,1000,112.60896250479,231164,23.5717754364014
1277,232.427158709611,1000,128.451473884938,232164,15.004584312439
1278,269.597862916336,1000,150.768152112704,233164,13.2592039108276
1279,204.892486464827,1000,164.407361030365,234164,21.3017616271973
1280,245.393561519463,1000,181.394940806803,235164,13.9350318908691
1281,264.256504147904,1000,204.717708736222,236164,25.5914630889893
1282,231.673329121987,1000,224.34203253649,237164,21.9077816009521
1283,189.760098414651,1000,238.705197509037,238164,15.0290908813477
1284,200.631129519737,1000,236.031394029341,239164,24.2948913574219
1285,248.729473442137,1000,234.583287701887,240164,14.8677749633789
1286,25.800217751435,48,211.316182200809,240212,22.9118576049805
1287,144.897501349559,1000,202.563216464804,241212,14.9868087768555
1288,219.958724997875,1000,197.599302672958,242212,24.4937515258789
1289,44.0564912883777,65,181.515703155313,242277,24.6410293579102
1290,23.1197398571121,40,159.288320989077,242317,20.0424480438232
1291,42.7619001716616,62,137.138860591453,242379,22.7357234954834
1292,317.301139915339,1000,145.701641670788,243379,18.3189754486084
1293,289.675032791429,1000,155.693135108466,244379,22.9879760742188
1294,288.202107645489,1000,164.450232921041,245379,22.4865531921387
1295,45.0507637539224,65,144.08236195222,245444,24.9652118682861
1296,39.7920478420623,64,145.481544961283,245508,23.5791110992432
1297,89.1670695073115,112,139.908501777058,245620,23.8854560852051
1298,230.677522231419,1000,140.980381500412,246620,14.5383815765381
1299,273.353345788847,1000,163.910066950459,247620,15.0448246002197
1300,273.292933815995,1000,188.927386346348,248620,22.9080619812012
1301,263.884922024003,1000,211.039688531582,249620,21.892391204834
1302,279.118907721925,1000,207.22146531224,250620,22.1060180664062
1303,276.77628493447,1000,205.931590526544,251620,25.7919864654541
1304,67.6417767323246,88,183.875557435228,251708,27.6232852935791
1305,65.0718608083171,96,185.877667140667,251804,25.6275367736816
1306,54.7332699693332,71,187.371789353394,251875,27.1009464263916
1307,280.003168492081,1000,206.455399251871,252875,20.8922271728516
1308,224.76518266816,1000,205.864165295546,253875,16.1367568969727
1309,256.517182289161,1000,204.180548945577,254875,16.7630252838135
1310,42.3685716533358,75,181.088112729311,254950,25.5695171356201
1311,255.663706598913,1000,180.265991186802,255950,16.0685615539551
1312,283.387149679219,1000,180.692815382532,256950,17.4633636474609
1313,33.3530445004808,51,156.350491339133,257001,25.0610065460205
1314,280.110554248961,1000,177.597369090796,258001,24.8166217803955
1315,54.7100693693469,82,176.561189946899,258083,26.6464233398438
1316,51.0971293777289,76,176.197575887739,258159,25.9641208648682
1317,251.19239753968,1000,173.316498792499,259159,12.732666015625
1318,37.9000872184132,56,154.629989247524,259215,26.0442657470703
1319,68.8949569550146,90,135.867766714109,259305,24.9732666015625
1320,27.4000919863679,51,134.370918747413,259356,23.7375545501709
1321,102.252394063614,132,119.029787493883,259488,27.1316967010498
1322,53.4782098540115,75,96.0388935113619,259563,25.1338634490967
1323,61.1173011930055,87,98.8153191806144,259650,23.6303577423096
1324,279.460856520183,1000,98.7503494077365,260650,21.2581882476807
1325,261.830437459927,1000,119.462386216795,261650,14.0192260742188
1326,295.296098420244,1000,143.882283121046,262650,16.8696327209473
1327,331.629976256957,1000,151.926040992774,263650,17.8217391967773
1328,310.403924314048,1000,179.176424702337,264650,26.8150653839111
1329,293.587997664567,1000,201.645728773293,265650,17.7409572601318
1330,324.835617241817,1000,231.389281298837,266650,27.4209651947021
1331,308.483865488385,1000,252.012428441315,267650,25.2395248413086
1332,283.169708901169,1000,274.98157834603,268650,19.3456878662109
1333,276.417212941922,1000,296.511569520922,269650,18.5948467254639
1334,308.921264898385,1000,299.457610358742,270650,20.4185028076172
1335,335.635045425057,1000,306.838071155255,271650,27.8418292999268
1336,285.557647304211,1000,305.864226043652,272650,16.5743427276611
1337,308.611142271254,1000,303.562342645082,273650,24.3376789093018
1338,276.689174867324,1000,300.190867700409,274650,14.3172245025635
1339,76.0859267157904,105,278.440660605531,274755,28.0050258636475
1340,315.568557611458,1000,277.513954642496,275755,18.316915512085
1341,281.309643434502,1000,274.796532437107,276755,15.1136856079102
1342,31.5695968925753,68,249.636521236248,276823,27.2937488555908
1343,28.2948852963534,42,224.824288471691,276865,23.7122249603271
1344,43.9850395510589,69,198.330665936958,276934,28.1902542114258
1345,95.2700032828714,179,174.29416172274,277113,25.214412689209
1346,347.819354911679,1000,180.520332483487,278113,19.4714088439941
1347,288.595291098016,1000,178.518747366163,279113,27.5092296600342
1348,367.653958293191,1000,187.61522570875,280113,27.0787162780762
1349,343.547405884731,1000,214.361373625643,281113,9.46175575256348
1350,313.806342777962,1000,214.185152142294,282113,17.7523403167725
1351,319.99936765115,1000,218.054124563959,283113,12.7722463607788
1352,370.130919450884,1000,251.91025681979,284113,27.8558349609375
1353,288.119217282017,1000,277.892690018356,285113,19.9159145355225
1354,290.892278503118,1000,302.583413913562,286113,10.1848182678223
1355,303.05663314768,1000,323.362076900043,287113,17.3902053833008
1356,413.857318305836,1000,329.965873239458,288113,27.6745414733887
1357,316.256211087462,1000,332.731965238403,289113,23.5659294128418
1358,363.004538790037,1000,332.267023288088,290113,27.966739654541
1359,343.962568564698,1000,332.308539556084,291113,26.059907913208
1360,327.194109802115,1000,333.6473162585,292113,17.7044410705566
1361,326.529255685981,1000,334.300305061983,293113,12.9678726196289
1362,349.517440699654,1000,332.23895718686,294113,18.2069549560547
1363,325.549017973925,1000,335.98193725605,295113,20.5649032592773
1364,330.736715683773,1000,339.966380974116,296113,19.3794288635254
1365,28.760215200951,48,312.536739179443,296161,23.1804065704346
1366,280.684103340693,1000,299.219417682929,297161,16.9718112945557
1367,298.909478315372,1000,297.48474440572,298161,15.7189531326294
1368,27.7782302067007,39,263.962113547386,298200,22.1220645904541
1369,432.83244977076,1000,272.849101667992,299200,30.2864837646484
1370,371.186871430165,1000,277.248377830797,300200,19.5204753875732
1371,389.815543722605,1000,283.57700663446,301200,14.194561958313
1372,378.26600874784,1000,286.451863439278,302200,17.1937236785889
1373,391.78494055529,1000,293.075455697415,303200,28.0968627929688
1374,413.719394637016,1000,301.373723592739,304200,26.5462417602539
1375,402.881969361379,1000,338.785899008782,305200,20.0075531005859
1376,420.535163675647,1000,352.771005042278,306200,28.8240242004395
1377,440.09031549276,1000,366.889088760016,307200,28.2466869354248
1378,383.174663309644,1000,402.428732070311,308200,16.210786819458
1379,439.282459205565,1000,403.073733013791,309200,19.1045379638672
1380,404.927494361318,1000,406.447795306906,310200,27.0963973999023
1381,377.867484895422,1000,405.252989424188,311200,27.9799652099609
1382,372.018464573598,1000,404.628235006764,312200,20.2847328186035
1383,415.290700717752,1000,406.97881102301,313200,15.9914875030518
1384,388.79515925262,1000,404.48638748457,314200,22.0778923034668
1385,436.271744692871,1000,407.82536501772,315200,14.2248764038086
1386,32.3925744840414,52,369.011106098559,315252,24.8392753601074
1387,440.97093539775,1000,369.099168089058,316252,25.543888092041
1388,462.849086143195,1000,377.066610372413,317252,29.8838386535645
1389,410.045181430015,1000,374.142882594858,318252,26.2113800048828
1390,514.177334963229,1000,385.067866655049,319252,29.2827014923096
1391,418.471557451137,1000,389.128273910621,320252,22.4467220306396
1392,554.887429329746,1000,407.415170386236,321252,29.7745361328125
1393,421.968809228579,1000,408.082981237318,322252,31.5346164703369
1394,505.731168413646,1000,419.776582153421,323252,29.2251453399658
1395,478.220758546734,1000,423.971483538807,324252,21.2734260559082
1396,423.127018532532,1000,463.044927943656,325252,23.9749984741211
1397,544.227557210017,1000,473.370590124883,326252,29.7261657714844
1398,408.782337088694,1000,467.963915219433,327252,20.0183353424072
1399,352.537286597379,1000,462.213125736169,328252,22.0829410552979
1400,343.419474064862,1000,445.137339646332,329252,17.4098129272461
1401,373.787729451804,1000,440.668956846399,330252,15.9113845825195
1402,373.938467773972,1000,422.574060690822,331252,15.1611709594727
1403,248.978637774256,1000,405.27504354539,332252,17.0025367736816
1404,409.850688424457,1000,395.686995546471,333252,22.7597980499268
1405,347.980272807184,1000,382.662946972516,334252,28.077844619751
1406,200.377160466637,373,360.387961165926,334625,29.1528911590576
1407,487.366715987775,1000,354.701877043702,335625,25.8411293029785
1408,316.161955531365,1000,345.439838887969,336625,24.5490379333496
1409,527.644199107766,1000,362.950530139008,337625,27.480712890625
1410,373.358672075321,1000,365.944449940054,338625,16.7654972076416
1411,508.191155319584,1000,379.384792526832,339625,23.4850463867188
1412,489.111925575512,1000,390.902138306986,340625,29.2878170013428
1413,58.3227089362807,89,371.836545423188,340714,32.403003692627
1414,20.9501951984948,34,332.946496100592,340748,19.5693321228027
1415,476.043248374225,1000,345.752793657296,341748,33.4062118530273
1416,521.732566936235,1000,377.888334304256,342748,15.454927444458
1417,528.457266219422,1000,381.997389327421,343748,27.6301574707031
1418,489.018302394813,1000,399.283024013765,344748,23.925760269165
1419,496.592786087064,1000,396.177882711695,345748,18.5077133178711
1420,511.91816926316,1000,410.033832430479,346748,21.2226638793945
1421,455.800257580728,1000,404.794742656593,347748,19.3892593383789
1422,427.267001471449,1000,398.610250246187,348748,20.0584125518799
1423,513.582895649979,1000,444.136268917557,349748,32.3196105957031
1424,537.280386495903,1000,495.769288047298,350748,16.3187789916992
1425,292.340511503284,1000,477.399014360204,351748,17.8767490386963
1426,522.193683090376,1000,477.445125975618,352748,27.0654201507568
1427,493.597503802255,1000,473.959149733901,353748,10.9716796875
1428,488.892766992332,941,473.946596193653,354689,26.2947845458984
1429,512.81432807821,1000,475.568750392768,355689,11.9688816070557
1430,493.513073557167,1000,473.728240822168,356689,30.4142475128174
1431,503.762936906753,1000,478.524508754771,357689,27.2237300872803
1432,479.913712325977,1000,483.789179840224,358689,19.4566135406494
1433,566.311497109073,1000,489.062039986133,359689,30.7214183807373
1434,440.656831491643,1000,479.399684485707,360689,27.0204277038574
1435,405.71773456187,1000,490.737406791566,361689,32.2682685852051
1436,326.172470953306,1000,471.135285577859,362689,24.5933704376221
1437,361.298075684793,1000,457.905342766112,363689,19.0690727233887
1438,395.926618530495,1000,448.608727919929,364689,31.7289237976074
1439,400.256965135798,1000,437.352991625688,365689,17.5965023040771
1440,366.879521780418,1000,424.689636448013,366689,30.2285499572754
1441,386.870672541723,1000,413.00041001151,367689,30.992546081543
1442,485.843461578061,1000,413.593384936718,368689,21.2428913116455
1443,367.723286432876,1000,393.734563869098,369689,25.8853187561035
1444,437.313375816551,1000,393.400218301589,370689,34.5185508728027
1445,456.78728652091,1000,398.507173497493,371689,14.0553455352783
1446,398.718051316993,1000,405.761731533862,372689,30.3551635742188
1447,408.574631770123,1000,410.489387142395,373689,15.9635343551636
1448,367.553687676023,1000,407.652094056947,374689,25.0992774963379
1449,493.33333989721,1000,416.959731533089,375689,18.9638919830322
1450,313.505307403415,1000,411.622310095389,376689,16.3939189910889
1451,490.440774622249,1000,421.979320303441,377689,29.7493782043457
1452,363.138276740228,1000,409.708801819658,378689,15.7771654129028
1453,478.989615017538,1000,420.835434678124,379689,32.0508422851562
1454,416.473127483419,1000,418.751409844811,380689,17.9216003417969
1455,418.307367304174,1000,414.903417923137,381689,15.0786933898926
1456,400.812233536281,1000,415.112836145066,382689,25.4345645904541
1457,450.984264929934,1000,419.353799461047,383689,24.8919620513916
1458,442.600039162308,1000,426.858434609676,384689,21.3920307159424
1459,351.089226865652,1000,412.63402330652,385689,33.8355674743652
1460,351.779163880699,1000,416.461408954248,386689,32.9446258544922
1461,414.399785559528,1000,408.857310047976,387689,13.9416971206665
1462,526.897086330854,1000,425.233191007039,388689,31.3350067138672
1463,465.623556938409,1000,423.896585199126,389689,32.4969177246094
1464,393.150102004778,1000,421.564282651262,390689,29.1021060943604
1465,395.319911862582,1000,419.265537107103,391689,23.6698246002197
1466,352.970967353247,1000,414.481410488799,392689,36.0943298339844
1467,432.71741552281,1000,412.654725548087,393689,13.1444215774536
1468,326.207823894645,1000,401.01550402132,394689,14.7568435668945
1469,320.868576617634,1000,397.993438996519,395689,22.1341800689697
1470,316.336975467693,1000,394.449220155218,396689,11.3898305892944
1471,314.095494651776,1000,384.418791064443,397689,32.1300430297852
1472,374.123645497551,1000,369.141446981112,398689,29.9541187286377
1473,412.690450723959,1000,363.848136359667,399689,24.9605159759521
1474,315.132267921146,1000,356.046352951304,400689,31.6901760101318
1475,468.155418289712,1000,363.329903594017,401689,31.7701263427734
1476,544.170369874898,1000,382.449843846182,402689,14.7061147689819
1477,310.255288156214,1000,370.203631109523,403689,33.1535949707031
1478,153.958201005346,1000,352.978668820593,404689,31.4953193664551
1479,295.935630932515,1000,350.485374252081,405689,17.9956893920898
1480,220.622290354588,1000,340.91390574077,406689,27.5096969604492
1481,218.83162177158,1000,331.387518452751,407689,35.4730262756348
1482,205.934927999892,1000,314.568646702985,408689,18.9337959289551
1483,305.381362086677,1000,303.837737839257,409689,13.4576177597046
1484,340.704650445404,1000,306.394976091683,410689,11.0597152709961
1485,230.804361089727,1000,282.659870371684,411689,22.3919925689697
1486,197.405702285777,1000,247.983403612772,412689,24.5746192932129
1487,301.994385736062,1000,247.157313370757,413689,32.6992225646973
1488,342.680446747633,1000,266.029537944985,414689,26.7435131072998
1489,222.029633213242,1000,258.638938173058,415689,30.4364948272705
1490,334.354500298725,1000,270.012159167472,416689,15.9822292327881
1491,361.313746203234,1000,284.260371610637,417689,14.0695562362671
1492,256.511142580729,1000,289.317993068721,418689,15.2217826843262
1493,254.129074544708,1000,284.192764314524,419689,17.2169055938721
1494,313.875997675124,1000,281.509899037496,420689,13.0487699508667
1495,256.98150132736,1000,284.12761306126,421689,19.9933757781982
1496,153.827419819017,1000,279.769784814584,422689,23.0408458709717
1497,208.644784519427,1000,270.43482469292,423689,11.0158891677856
1498,247.538712947155,1000,260.920651312872,424689,36.7051467895508
1499,296.712093160896,1000,268.388897307638,425689,20.9889373779297
1500,368.486514250652,1000,271.80209870283,426689,14.9786834716797
1501,289.172667072608,1000,264.587990789768,427689,31.8011627197266
1502,280.614166565323,1000,266.998293188227,428689,13.601767539978
1503,209.831536957389,1000,262.568539429495,429689,15.278881072998
1504,260.875795101729,1000,257.268519172156,430689,28.7423248291016
1505,230.101843261269,1000,254.580553365546,431689,31.4264469146729
1506,270.5062502457,1000,266.248436408215,432689,13.8912878036499
1507,398.651947911345,1000,285.249152747406,433689,19.7108402252197
1508,326.702221286029,1000,293.165503581294,434689,26.2776126861572
1509,346.088013122267,1000,298.103095577431,435689,10.3425731658936
1510,448.319574386416,1000,306.086401591007,436689,35.4030075073242
1511,352.839486092065,1000,312.453083492953,437689,30.7508811950684
1512,400.137740217526,1000,324.405440858173,438689,33.4311332702637
1513,338.324129629037,1000,337.254700125338,439689,19.00950050354
1514,330.728338183026,1000,344.239954433468,440689,33.8803329467773
1515,308.943172104723,1000,352.124087317813,441689,11.931471824646
1516,572.720044600746,1000,382.345466753318,442689,16.4532375335693
1517,309.969708593016,1000,373.477242821485,443689,17.0045127868652
1518,340.771169589681,1000,374.88413765185,444689,29.1125679016113
1519,318.963910871338,1000,372.171727426757,445689,12.2061862945557
1520,304.262901298331,1000,357.766060117949,446689,15.945330619812
1521,307.501965138221,1000,353.232308022564,447689,19.5990543365479
1522,426.476691258182,1000,355.86620312663,448689,24.931640625
1523,575.02930349353,1000,379.536720513079,449689,11.6117134094238
1524,546.346729720297,1000,401.098559666806,450689,29.9842681884766
1525,430.764198946663,1000,413.280662351,451689,26.9684448242188
1526,373.583464165181,1000,393.367004307444,452689,14.9273338317871
1527,530.553171327249,1000,415.425350580867,453689,32.4953117370605
1528,352.464575333787,1000,416.594691155278,454689,35.2721900939941
1529,429.066479255158,1000,427.60494799366,455689,37.1207008361816
1530,539.414780884301,1000,451.120135952257,456689,19.4515647888184
1531,427.66920602821,1000,463.136860041256,457689,24.0730819702148
1532,433.637629718764,1000,463.852953887314,458689,13.2619018554688
1533,480.381512774446,1000,454.388174815406,459689,36.0172004699707
1534,429.177892447709,1000,442.671291088147,460689,14.7873430252075
1535,551.447389749047,1000,454.739610168385,461689,18.0487861633301
1536,442.335647575357,1000,461.614828509403,462689,12.5634412765503
1537,490.569619179428,1000,457.616473294621,463689,36.2807769775391
1538,415.009506114933,1000,463.870966372735,464689,19.005542755127
1539,446.73651961796,1000,465.637970409016,465689,19.4249038696289
1540,505.450491247177,1000,462.241541445303,466689,16.5173225402832
1541,263.463595737798,1000,445.820980416262,467689,27.2671241760254
1542,379.874372571679,1000,440.444654701553,468689,31.0620040893555
1543,532.159444014859,1000,445.622447825595,469689,33.2058334350586
1544,480.233398323314,1000,450.727998413155,470689,37.0474510192871
1545,413.343057938945,1000,436.917565232145,471689,17.6718559265137
1546,538.419192093937,1000,446.525919684003,472689,11.3337059020996
1547,559.107842592549,1000,453.379742025315,473689,32.2067832946777
1548,587.354634369887,1000,470.61425485081,474689,26.0357570648193
1549,508.684168788519,1000,476.809019767866,475689,14.0755758285522
1550,522.68797724757,1000,478.532768367906,476689,24.967658996582
1551,503.820370034999,1000,502.568445797626,477689,32.7822074890137
1552,538.64496127747,1000,518.445504668205,478689,17.5288257598877
1553,551.694273200888,1000,520.398987586808,479689,25.7033386230469
1554,548.119560966243,1000,527.187603851101,480689,22.5435810089111
1555,549.43646691627,1000,540.796944748833,481689,37.1584892272949
1556,583.203243522567,1000,545.275349891696,482689,25.505485534668
1557,553.96263267134,1000,544.760828899575,483689,18.4230842590332
1558,552.375054488834,1000,541.26287091147,484689,15.1644601821899
1559,578.024433103762,1000,548.196897342994,485689,29.3317222595215
1560,610.099660620561,1000,556.938065680293,486689,37.4013328552246
1561,456.032189947885,1000,552.159247671582,487689,31.1039257049561
1562,496.76405790277,1000,547.971157334112,488689,16.4400844573975
1563,510.540941800643,1000,543.855824194087,489689,15.7783060073853
1564,556.342735769102,1000,544.678141674373,490689,16.0299263000488
1565,549.1103417171,1000,544.645529154456,491689,21.9758014678955
1566,553.71447036402,1000,541.696651838602,492689,14.9220809936523
1567,592.729892230378,1000,545.573377794506,493689,28.3981971740723
1568,537.440993702936,1000,544.079971715916,494689,22.0233402252197
1569,555.131093312119,1000,541.790637736751,495689,32.4790420532227
1570,535.29500704429,1000,534.310172379124,496689,31.5118007659912
1571,580.13669691469,1000,546.720623075805,497689,19.1616191864014
1572,587.655473297891,1000,555.809764615317,498689,28.4143009185791
1573,514.327000850635,1000,556.188370520316,499689,15.3851861953735
1574,547.115960929261,1000,555.265693036332,500689,16.4126262664795
1575,550.792467197394,1000,555.433905584361,501689,16.2369327545166
1576,589.155012047886,1000,558.977959752748,502689,20.9062671661377
1577,588.547396578204,1000,558.559710187531,503689,22.9824295043945
1578,566.502379265238,1000,561.465848743761,504689,25.7077541351318
1579,586.531763279074,1000,564.605915740456,505689,33.6782684326172
1580,539.974418672695,1000,565.073856903297,506689,16.3510036468506
1581,593.2756950593,1000,566.387756717758,507689,22.0563449859619
1582,533.7237652625,1000,560.994585914219,508689,21.5127944946289
1583,591.014696065241,1000,568.663355435679,509689,17.4217967987061
1584,585.407162455352,1000,572.492475588288,510689,27.4479713439941
1585,546.713169305009,1000,572.08454579905,511689,27.8558101654053
1586,521.231139583174,1000,565.292158552579,512689,38.3422546386719
1587,586.50339720201,1000,565.087758614959,513689,21.4594688415527
1588,552.199664069173,1000,563.657487095353,514689,14.6463680267334
1589,494.961853395112,1000,554.500496106956,515689,31.0626583099365
1590,534.519088056673,1000,553.954963045354,516689,34.9285354614258
1591,626.768016278383,1000,557.304195167263,517689,41.9132118225098
1592,551.200452556421,1000,559.051863896655,518689,25.7030220031738
1593,556.792317572187,1000,555.629626047349,519689,17.9447746276855
1594,557.49555751521,1000,552.838465553335,520689,30.2532749176025
1595,581.941460805823,1000,556.361294703416,521689,14.0512161254883
1596,576.562440695234,1000,561.894424814622,522689,28.3684864044189
1597,611.671076817442,1000,564.411192776166,523689,33.3377380371094
1598,586.621953190058,1000,567.853421688254,524689,19.6239929199219
1599,629.139923690341,1000,581.271228717777,525689,41.6597557067871
1600,618.517443567575,1000,589.671064268867,526689,33.5539779663086
1601,539.880339009598,1000,580.982296541989,527689,22.1996402740479
1602,584.84590825987,1000,584.346842112334,528689,15.2782554626465
1603,578.913313577415,1000,586.558941712856,529689,36.5712280273438
1604,592.314510782615,1000,590.040837039597,530689,20.0815258026123
1605,586.638376279208,1000,590.510528586936,531689,39.4895133972168
1606,586.27911039968,1000,591.48219555738,532689,16.943531036377
1607,576.265666782839,1000,587.94165455392,533689,30.128381729126
1608,587.158207497392,1000,587.995279984653,534689,32.5693168640137
1609,554.258015252537,1000,580.507089140873,535689,16.3350143432617
1610,621.380448772379,1000,580.793389661353,536689,38.0571060180664
1611,550.072820358435,1000,581.812637796237,537689,19.0662860870361
1612,586.319415504164,1000,581.959988520666,538689,19.0459423065186
1613,584.695613602736,1000,582.538218523199,539689,18.0324459075928
1614,583.855223913558,1000,581.692289836293,540689,34.5550308227539
1615,591.855524743825,1000,582.214004682754,541689,41.6156616210938
1616,568.065006295525,1000,580.392594272339,542689,37.9816589355469
1617,584.832199684387,1000,581.249247562494,543689,17.8993759155273
1618,594.573175205891,1000,581.990744333344,544689,26.4777317047119
1619,590.383579592703,1000,585.60330076736,545689,33.2418594360352
1620,595.15094003058,1000,582.98034989318,546689,35.4822006225586
1621,624.286113480703,1000,590.401679205407,547689,21.9240074157715
1622,623.857339999056,1000,594.155471654896,548689,31.4999084472656
1623,593.99381457191,1000,595.085291751814,549689,27.5702133178711
1624,538.641542796602,1000,590.563923640118,550689,17.2072105407715
1625,553.708506030728,1000,586.749221768809,551689,16.8470554351807
1626,550.282860953673,1000,584.971007234623,552689,35.4969635009766
1627,548.759847354615,1000,581.363772001646,553689,16.6234283447266
1628,592.356511157493,1000,581.142105596806,554689,36.6606674194336
1629,585.376831722376,1000,580.641430809774,555689,23.8916721343994
1630,559.25119326805,1000,577.051456133521,556689,16.461856842041
1631,551.389413722713,1000,569.761786157722,557689,23.9013004302979
1632,638.877708033794,1000,571.263822961195,558689,30.1997528076172
1633,561.752547197004,1000,568.039696223705,559689,18.1129035949707
1634,573.57612317203,1000,571.533154261248,560689,20.0540256500244
1635,616.092581849832,1000,577.771561843158,561689,37.1521072387695
1636,622.165312379906,1000,584.959806985781,562689,38.6313858032227
1637,534.454185837247,1000,583.529240834044,563689,19.3039588928223
1638,581.429092437344,1000,582.43649896203,564689,29.687967300415
1639,585.328501261569,1000,582.431665915949,565689,30.894193649292
1640,619.393108646499,1000,588.445857453794,566689,34.1911468505859
1641,587.768526203554,1000,592.083768701878,567689,16.8150386810303
1642,574.104626993602,1000,585.606460597859,568689,17.8358612060547
1643,562.974905416084,1000,585.728696419767,569689,37.3259811401367
1644,589.905415751146,1000,587.361625677678,570689,42.9155578613281
1645,579.785334240844,1000,583.73090091678,571689,41.713134765625
1646,516.064710193337,1000,573.120840698123,572689,19.9033336639404
1647,580.158738682297,1000,577.691295982628,573689,27.0159168243408
1648,549.548117707012,1000,574.503198509595,574689,35.5483169555664
1649,553.094324324425,1000,571.27978081588,575689,33.5489959716797
1650,511.003541155891,1000,560.440824066819,576689,18.5539321899414
1651,520.753651580512,1000,553.739336604515,577689,15.2067403793335
1652,550.118622382677,1000,551.340736143423,578689,17.8287448883057
1653,548.395474093195,1000,549.882793011134,579689,27.7567939758301
1654,585.229743179213,1000,549.41522575394,580689,22.5029926300049
1655,517.50679601033,1000,543.187371930889,581689,18.6918468475342
1656,554.568689371362,1000,547.037769848691,582689,20.816499710083
1657,629.617793479079,1000,551.983675328369,583689,32.782356262207
1658,514.313396423918,1000,548.46020320006,584689,21.4200000762939
1659,590.721902173443,1000,552.222960984962,585689,20.2551422119141
1660,550.158387476713,1000,556.138445617044,586689,20.1139450073242
1661,549.283169223169,1000,558.99139738131,587689,18.8524360656738
1662,556.178288108972,1000,559.597363953939,588689,19.5253963470459
1663,577.165227094376,1000,562.474339254057,589689,23.1422138214111
1664,514.40443812197,1000,555.391808748333,590689,19.6930904388428
1665,583.441006507721,1000,561.985229798072,591689,20.1683120727539
1666,587.194327175149,1000,565.247793578451,592689,18.2714767456055
1667,583.365780964497,1000,560.622592326993,593689,21.7246513366699
1668,583.586312142608,1000,567.549883898862,594689,37.0961112976074
1669,582.63949609426,1000,566.741643290943,595689,42.3084259033203
1670,583.783692924517,1000,570.104173835724,596689,28.0948944091797
1671,549.249426774012,1000,570.100799590808,597689,26.5609817504883
1672,538.007491643451,1000,568.283719944256,598689,17.001070022583
1673,590.755234162163,1000,569.642720651035,599689,44.2061538696289
1674,577.735476988079,1000,575.975824537646,600689,19.6979579925537
1675,553.968657213282,1000,573.028589608202,601689,21.3701667785645
1676,585.616650962921,1000,572.870821986979,602689,19.773530960083
1677,589.356522209256,1000,573.469896111455,603689,22.7926826477051
1678,559.069259591902,1000,571.018190856384,604689,21.4306468963623
1679,554.538697843301,1000,568.208111031288,605689,28.2352466583252
1680,622.415968837872,1000,572.071338622624,606689,23.24098777771
1681,512.253005673639,1000,568.371696512587,607689,22.9918346405029
1682,545.810026817781,1000,569.15195003002,608689,23.3817443847656
1683,587.186593885214,1000,568.795086002325,609689,36.5707588195801
1684,550.486643083867,1000,566.070202611904,610689,19.8019466400146
1685,558.744540559538,1000,566.547790946529,611689,20.4771404266357
1686,563.601777915166,1000,564.346303641754,612689,19.9131546020508
1687,539.862094770235,1000,559.396860897852,613689,19.1878242492676
1688,582.423802727954,1000,561.732315211457,614689,20.7782554626465
1689,532.644188828044,1000,559.542864309931,615689,22.2141132354736
1690,576.46663737556,1000,554.9479311637,616689,17.3037338256836
1691,567.158234839714,1000,560.438454080307,617689,41.136043548584
1692,552.922579661752,1000,561.149709364705,618689,21.6398983001709
1693,547.965944718945,1000,557.227644448078,619689,25.549352645874
1694,588.690159805208,1000,561.047996120212,620689,31.5902233123779
1695,581.324264329304,1000,563.305968497188,621689,39.4585609436035
1696,565.205324454259,1000,563.466323151097,622689,25.9778175354004
1697,547.33716844882,1000,564.213830518956,623689,20.5656547546387
1698,544.19483402155,1000,560.390933648315,624689,24.0484809875488
1699,563.38170688619,1000,563.46468545413,625689,22.8876609802246
1700,589.979084833303,1000,564.815930199904,626689,34.8383750915527
1701,588.058264760152,1000,566.905933191948,627689,37.7287902832031
1702,541.818906542939,1000,565.795565880067,628689,26.6488971710205
1703,609.62948341528,1000,571.9619197497,629689,44.9540824890137
1704,558.129054284951,1000,568.905809197675,630689,28.7656021118164
1705,512.644425197231,1000,562.037825284468,631689,22.1024761199951
1706,512.434213803157,1000,556.760714219357,632689,19.8565864562988
1707,613.24417347575,1000,563.35141472205,633689,38.4745101928711
1708,610.54936974757,1000,569.986868294652,634689,46.3576240539551
1709,628.120724679662,1000,576.460770074,635689,41.6149291992188
1710,620.15401432061,1000,579.47826302273,636689,41.7955513000488
1711,596.189041521578,1000,580.291340698873,637689,29.59983253479
1712,565.870778836807,1000,582.69652792826,638689,23.7575531005859
1713,615.134601151772,1000,583.247039701909,639689,37.6594276428223
1714,639.432981296511,1000,591.377432403065,640689,37.9230804443359
1715,547.541811305956,1000,594.867171013937,641689,23.9173202514648
1716,580.509054417333,1000,601.674655075355,642689,44.6766967773438
1717,570.840815418646,1000,597.434319269645,643689,26.5748691558838
1718,583.281519925048,1000,594.707534287392,644689,23.5296688079834
1719,531.705716038395,1000,585.066033423266,645689,21.7549419403076
1720,573.625599240741,1000,580.413191915279,646689,25.7195835113525
1721,549.793219562289,1000,575.77360971935,647689,28.3495197296143
1722,583.588359681361,1000,577.545367803805,648689,29.1060752868652
1723,553.045295839156,1000,571.336437272544,649689,22.5235748291016
1724,579.509528160992,1000,565.344091958992,650689,36.599781036377
1725,586.766568988156,1000,569.266567727212,651689,29.7630767822266
1726,550.050331014754,1000,566.220695386954,652689,42.1158828735352
1727,585.811247392136,1000,567.717738584303,653689,41.1944427490234
1728,558.461816031943,1000,565.235768194992,654689,23.296573638916
1729,618.400649412288,1000,573.905261532382,655689,25.4893035888672
1730,653.26759157834,1000,581.869460766141,656689,34.1294326782227
1731,554.112684492944,1000,582.301407259207,657689,23.8744277954102
1732,621.723743988323,1000,586.114945689903,658689,41.945182800293
1733,572.686097216541,1000,588.079025827642,659689,23.8205947875977
1734,554.635118668655,1000,585.591584878408,660689,40.5557250976562
1735,554.541349838882,1000,582.369062963481,661689,25.009937286377
1736,544.125692324215,1000,581.776599094427,662689,36.2531623840332
1737,590.680777250826,1000,582.263552080296,663689,28.2544345855713
1738,610.902774132413,1000,587.507647890343,664689,23.4643516540527
1739,586.907686030967,1000,584.358351552211,665689,40.7594261169434
1740,591.794906235986,1000,578.211083017975,666689,24.2393341064453
1741,550.396548374972,1000,577.839469406178,667689,21.6620140075684
1742,573.251546042467,1000,572.992249611593,668689,22.9955368041992
1743,622.387118906086,1000,577.962351780547,669689,47.1764106750488
1744,550.564132077548,1000,577.555253121436,670689,29.1657180786133
1745,576.226690527902,1000,579.723787190338,671689,26.3183498382568
1746,581.783008479302,1000,583.489518805847,672689,46.736644744873
1747,553.368475762814,1000,579.758288657046,673689,27.7094612121582
1748,556.046092190862,1000,574.272620462891,674689,28.7087535858154
1749,576.651694415673,1000,573.247021301361,675689,37.2207183837891
1750,544.921985083148,1000,568.559729186077,676689,45.9323387145996
1751,547.654687822398,1000,568.28554313082,677689,27.249662399292
1752,535.715838209902,1000,564.531972347563,678689,22.9840602874756
1753,543.634106371452,1000,556.6566710941,679689,37.4842643737793
1754,546.14039549021,1000,556.214297435366,680689,21.0759143829346
1755,578.265986673194,1000,556.418227049896,681689,28.3108692169189
1756,510.858415173897,1000,549.325767719355,682689,23.6507167816162
1757,585.989200200761,1000,552.58784016315,683689,33.5815963745117
1758,575.336386314073,1000,554.516869575471,684689,23.0915203094482
1759,549.313344847047,1000,551.783034618608,685689,42.2476654052734
1760,541.585021231043,1000,551.449338233398,686689,41.3805961608887
1761,543.176187998581,1000,551.001488251016,687689,33.6404457092285
1762,565.574471275218,1000,553.987351557548,688689,28.5859851837158
1763,587.622412479869,1000,558.386182168389,689689,25.5806636810303
1764,544.875634300607,1000,558.259706049429,690689,20.481803894043
1765,537.858835893423,1000,554.218990971452,691689,22.1021099090576
1766,545.619968799252,1000,557.695146333987,692689,27.5887031555176
1767,566.207868239165,1000,555.717013137828,693689,28.9399433135986
1768,547.507210909798,1000,552.9340955974,694689,39.0893402099609
1769,591.00498123965,1000,557.103259236661,695689,25.1858997344971
1770,541.038141205356,1000,557.048571234092,696689,29.5147476196289
1771,548.420550987161,1000,557.57300753295,697689,27.9776477813721
1772,579.208175886115,1000,558.93637799404,698689,22.9828815460205
1773,591.056606294196,1000,559.279797375472,699689,27.1264896392822
1774,584.139961825595,1000,563.206230127971,700689,44.1322784423828
1775,504.751098586277,1000,559.895456397256,701689,27.1968173980713
1776,536.364407835941,1000,558.969900300925,702689,25.1701526641846
1777,566.824164066216,1000,559.031529883631,703689,29.8555240631104
1778,593.628143129153,1000,563.643623105566,704689,25.0870666503906
1779,548.222192678894,1000,559.36534424949,705689,25.9110298156738
1780,656.288980957093,1000,570.890428224664,706689,28.3413505554199
1781,587.557033052253,1000,574.804076431173,707689,25.0955677032471
1782,538.577639752598,1000,570.741022817822,708689,26.6138782501221
1783,547.202415802428,1000,566.355603768645,709689,33.5287551879883
1784,582.32805369529,1000,566.174412955614,710689,45.6209030151367
1785,583.100569930951,1000,574.009360090082,711689,27.0264148712158
1786,559.04670258919,1000,576.277589565407,712689,25.3640823364258
1787,555.406453796794,1000,575.135818538464,713689,24.2249984741211
1788,653.619341675209,1000,581.13493839307,714689,48.4395332336426
1789,619.505824225333,1000,588.263301547714,715689,41.5704116821289
1790,612.840921252848,1000,583.918495577289,716689,47.3776206970215
1791,570.418978241521,1000,582.204690096216,717689,24.7414665222168
1792,558.476099365022,1000,584.194536057459,718689,29.0414047241211
1793,626.52355609806,1000,592.126650087022,719689,40.9725914001465
1794,585.440440160344,1000,592.437888733527,720689,29.4721946716309
1795,576.64675179113,1000,591.792506919545,721689,30.0837364196777
1796,573.698908556995,1000,593.257727516326,722689,29.1621742248535
1797,577.884360358429,1000,595.505518172489,723689,28.2929286956787
1798,576.872595492452,1000,587.830843554213,724689,26.6432361602783
1799,604.414314971475,1000,586.321692628828,725689,25.8996315002441
1800,581.865675445456,1000,583.224168048088,726689,33.4552612304688
1801,587.95854467801,1000,584.978124691737,727689,27.9293193817139
1802,618.166269991905,1000,590.947141754426,728689,40.7999687194824
1803,580.022701441613,1000,586.297056288781,729689,41.5614318847656
1804,573.318824830662,1000,585.084894755812,730689,42.162281036377
1805,594.590478923776,1000,586.879267469077,731689,31.7098979949951
1806,582.407158648124,1000,587.75009247819,732689,26.0687446594238
1807,550.094762079436,1000,584.971132650291,733689,30.4778270721436
1808,613.426229059284,1000,588.626496006974,734689,32.4614143371582
1809,618.286331711848,1000,590.013697681011,735689,42.7326965332031
1810,614.817774032793,1000,593.308907539745,736689,28.3949356079102
1811,542.131869301125,1000,588.726240002057,737689,25.9401779174805
1812,578.78118590768,1000,584.787731593634,738689,28.9501361846924
1813,575.02769797914,1000,584.288231247387,739689,38.6972694396973
1814,540.034373186256,1000,580.959786082946,740689,25.4050216674805
1815,614.94278491748,1000,582.995016682317,741689,29.3721351623535
1816,581.512699203687,1000,582.905570737873,742689,25.9375782012939
1817,614.116630357499,1000,589.307757565679,743689,31.1707973480225
1818,610.136130200689,1000,588.97874767982,744689,34.8939323425293
1819,577.570527079914,1000,584.907167216626,745689,28.1413650512695
1820,617.056121925417,1000,585.131002005889,746689,29.1341571807861
1821,584.634516293895,1000,589.381266705166,747689,29.7824668884277
1822,582.917466864613,1000,589.794894800859,748689,28.8305549621582
1823,549.194021445139,1000,587.211527147459,749689,24.470817565918
1824,614.588537200371,1000,594.66694354887,750689,28.9046516418457
1825,621.059112692319,1000,595.278576326354,751689,25.9202289581299
1826,550.458056477646,1000,592.17311205375,752689,29.4268207550049
1827,617.205597204829,1000,592.482008738483,753689,38.5200157165527
1828,611.762522239998,1000,592.644647942414,754689,27.5834808349609
1829,661.363032461076,1000,601.02389848053,755689,45.3436813354492
1830,644.922701774606,1000,603.810556465449,756689,44.2016448974609
1831,617.563027034123,1000,607.103407539472,757689,27.3194694519043
1832,579.325080578009,1000,606.744168910812,758689,25.3663673400879
1833,572.895669114481,1000,609.114333677746,759689,26.627140045166
1834,579.172731416964,1000,605.572753099405,760689,40.4241790771484
1835,618.340657427157,1000,605.300907572889,761689,27.5184173583984
1836,583.377941130894,1000,608.592896038214,762689,29.1801681518555
1837,584.230394027383,1000,605.295375720469,763689,31.1111831665039
1838,577.80326083775,1000,601.899449580244,764689,27.4134368896484
1839,578.930738862342,1000,593.656220220371,765689,28.3810615539551
1840,574.170796363669,1000,586.581029679277,766689,30.1015625
1841,578.084422881443,1000,582.633169264009,767689,31.6160926818848
1842,621.890317070146,1000,586.889692913223,768689,33.1830024719238
1843,576.725297489469,1000,587.272655750722,769689,38.5082473754883
1844,582.565182481956,1000,587.611900857221,770689,28.663646697998
1845,580.864773381641,1000,583.864312452669,771689,28.9076957702637
1846,609.397590068774,1000,586.466277346457,772689,27.4507789611816
1847,617.32248345044,1000,589.775486288763,773689,44.726634979248
1848,531.57515774997,1000,585.152675979985,774689,25.4262008666992
1849,588.29365649921,1000,586.088967743672,775689,29.240291595459
1850,586.306375879733,1000,587.302525695278,776689,30.7485008239746
1851,568.394052673073,1000,586.333488674441,777689,29.1877517700195
1852,576.932737215567,1000,581.837730688983,778689,28.6229591369629
1853,648.434552518958,1000,589.008656191932,779689,47.0046310424805
1854,607.774484719006,1000,591.529586415637,780689,27.4373588562012
1855,587.816971290783,1000,592.224806206551,781689,29.9858989715576
1856,594.835093623507,1000,590.768556562025,782689,30.1088600158691
1857,615.243350077107,1000,590.560643224692,783689,26.4246711730957
1858,579.143037036474,1000,595.317431153342,784689,30.5697937011719
1859,621.49661704263,1000,598.637727207684,785689,50.3677444458008
1860,618.414123330375,1000,601.848501952748,786689,29.89621925354
1861,615.673950818662,1000,606.576491767307,787689,28.761360168457
1862,641.859951793767,1000,613.069213225127,788689,30.614465713501
1863,642.433316006652,1000,612.469089573896,789689,35.9519500732422
1864,617.108117159802,1000,613.402452817976,790689,28.685697555542
1865,582.670708724486,1000,612.887826561346,791689,29.9097003936768
1866,645.40137045963,1000,617.944454244959,792689,30.8847236633301
1867,622.525931918035,1000,618.672712429051,793689,31.31711769104
1868,615.864896972949,1000,622.344898422699,794689,26.9976425170898
1869,578.616993744689,1000,618.056936092905,795689,25.6665916442871
1870,610.354077896035,1000,617.250931549471,796689,32.154411315918
1871,620.642325680677,1000,617.747769035672,797689,32.1377105712891
1872,620.288477476776,1000,615.590621603973,798689,43.8671531677246
1873,585.867602638459,1000,609.934050267154,799689,26.3922691345215
1874,647.437058401321,1000,612.966944391306,800689,51.5982856750488
1875,613.175076412036,1000,616.017381160061,801689,25.9504642486572
1876,581.956861548875,1000,609.672930268985,802689,27.1385345458984
1877,657.859423655761,1000,613.206279442758,803689,32.6725959777832
1878,651.84663482582,1000,616.804453228045,804689,49.1508369445801
1879,613.810919566353,1000,620.323845810211,805689,29.6518630981445
1880,607.306967184026,1000,620.01913473901,806689,29.8209705352783
1881,618.019016039746,1000,619.756803774917,807689,25.8304462432861
1882,658.317492246065,1000,623.559705251846,808689,30.8967418670654
1883,650.198990891585,1000,629.992844077159,809689,32.6952362060547
1884,622.28345641555,1000,627.477483878582,810689,28.7493171691895
1885,621.516644978674,1000,628.311640735246,811689,29.8783302307129
1886,578.003986667591,1000,627.916353247117,812689,34.205436706543
1887,618.84082263844,1000,624.014493145385,813689,49.1012001037598
1888,579.819460080433,1000,616.811775670846,814689,33.4216461181641
1889,648.561787676415,1000,620.286862481853,815689,36.6190605163574
1890,587.41867366476,1000,618.298033129926,816689,26.2000465393066
1891,621.385836572385,1000,618.63471518319,817689,47.1867256164551
1892,687.966251225158,1000,621.599591081099,818689,50.2013549804688
1893,610.478086470194,1000,617.62750063896,819689,28.9440803527832
1894,570.975565699687,1000,612.496711567374,820689,39.0476760864258
1895,616.754871499031,1000,612.020534219409,821689,36.436279296875
1896,587.758215903512,1000,612.995957143002,822689,34.751522064209
1897,608.256507366504,1000,611.937525615808,823689,41.8260154724121
1898,610.420798835025,1000,614.997659491267,824689,32.3188095092773
1899,609.868019392991,1000,611.128282662925,825689,32.1265716552734
1900,614.300931830356,1000,613.816508479484,826689,30.116813659668
1901,668.139511492688,1000,618.491875971515,827689,39.0570983886719
1902,648.253416798049,1000,614.520592528804,828689,32.9368209838867
1903,576.16350262013,1000,611.089134143797,829689,28.8043212890625
1904,652.52909603931,1000,619.24448717776,830689,32.1365165710449
1905,640.649652730105,1000,621.633965300867,831689,36.514217376709
1906,648.391869892118,1000,627.697330699728,832689,30.9375705718994
1907,610.524728765385,1000,627.924152839616,833689,28.1994552612305
1908,619.327088890922,1000,628.814781845205,834689,27.1667041778564
1909,692.904967004391,1000,637.118476606345,835689,43.9779663085938
1910,651.371985856185,1000,640.825582008928,836689,34.5441551208496
1911,665.814551026042,1000,640.593085962264,837689,31.3616333007812
1912,628.668756444797,1000,638.634619926939,838689,35.1078758239746
1913,574.860253569067,1000,638.504295021832,839689,27.7929744720459
1914,641.661017196343,1000,637.417487137536,840689,29.8119525909424
1915,650.275623818953,1000,638.38008424642,841689,37.8798599243164
1916,618.540135133332,1000,635.394910770542,842689,42.2060279846191
1917,621.027924235424,1000,636.445230317546,843689,27.8477592468262
1918,612.437985234915,1000,635.756319951945,844689,33.9645729064941
1919,644.967619958407,1000,630.962585247347,845689,26.9044094085693
1920,613.594414193478,1000,627.184828081076,846689,28.8438014984131
1921,649.055197723687,1000,625.50889275084,847689,37.7748146057129
1922,616.289338455927,1000,624.270950951953,848689,27.7295398712158
1923,607.191244744866,1000,627.504050069533,849689,26.369800567627
1924,681.702955038865,1000,631.508243853785,850689,50.9854698181152
1925,647.818085865215,1000,631.262490058412,851689,48.2998428344727
1926,610.26271774154,1000,630.434748319232,852689,27.0379753112793
1927,580.532636065318,1000,626.385219502222,853689,27.4536418914795
1928,656.863107723031,1000,630.827731751033,854689,33.3779144287109
1929,610.525190939058,1000,627.383488849099,855689,29.722957611084
1930,660.481165604398,1000,632.072163990191,856689,44.3649673461914
1931,616.573990790357,1000,628.824043296858,857689,32.7602729797363
1932,604.562174003757,1000,627.651326851641,858689,33.6701622009277
1933,630.56563526663,1000,629.988765903817,859689,37.5319290161133
1934,662.021958751426,1000,628.020666275073,860689,29.1030883789062
1935,612.630229169968,1000,624.501880605548,861689,30.5619678497314
1936,620.517263122591,1000,625.527335143653,862689,32.0489273071289
1937,617.848104917408,1000,629.258882028862,863689,30.1730690002441
1938,617.356983604237,1000,625.308269616983,864689,27.2632522583008
1939,620.095163866267,1000,626.265266909704,865689,33.2673187255859
1940,613.405725813239,1000,621.557722930588,866689,29.4613208770752
1941,617.099423973214,1000,621.610266248874,867689,28.0154705047607
1942,620.035764263033,1000,623.157625274801,868689,33.5645027160645
1943,679.874920612867,1000,628.088553809425,869689,47.7602844238281
1944,668.1939433538,1000,628.705752269663,870689,31.4699649810791
1945,640.609110460908,1000,631.503640398757,871689,34.2356719970703
1946,613.101115854241,1000,630.762025671922,872689,31.9021949768066
1947,618.31352346316,1000,630.808567526497,873689,29.8045520782471
1948,604.957157832349,1000,629.568584949308,874689,27.3825168609619
1949,614.062645945477,1000,628.965333157229,875689,39.607364654541
1950,615.699410352246,1000,629.19470161113,876689,36.3738441467285
1951,647.06655803092,1000,632.1914150169,877689,42.0522308349609
1952,646.725334799612,1000,634.860372070558,878689,36.1335487365723
1953,685.527765758987,1000,635.42565658517,879689,51.9262504577637
1954,652.092550450743,1000,633.815517294864,880689,43.9122543334961
1955,656.963481636837,1000,635.450954412457,881689,31.6193904876709
1956,633.673023191711,1000,637.508145146204,882689,44.6287841796875
1957,659.19171492192,1000,641.59596429208,883689,27.5941429138184
1958,614.095435065767,1000,642.509792015422,884689,45.4245223999023
1959,653.842391916111,1000,646.487766612486,885689,28.9262180328369
1960,626.228228938872,1000,647.540648471148,886689,29.3822975158691
1961,608.315707843713,1000,643.665563452427,887689,29.8678417205811
1962,615.778833868645,1000,640.570913359331,888689,31.3099975585938
1963,630.560199615424,1000,635.074156744974,889689,37.2642669677734
1964,573.12573225774,1000,627.177474925674,890689,34.2427749633789
1965,663.361156587111,1000,627.817242420701,891689,28.1386852264404
1966,654.167874187715,1000,629.866727520302,892689,32.8778457641602
1967,651.36730372592,1000,629.084286400702,893689,54.7295608520508
1968,767.950007828346,1000,644.46974367696,894689,35.0768089294434
1969,650.638353448998,1000,644.149339830248,895689,37.076286315918
1970,688.174960909473,1000,650.344013027308,896689,47.3442420959473
1971,653.388088889305,1000,654.851251131868,897689,35.6888961791992
1972,578.553997591992,1000,651.128767504202,898689,31.8052425384521
1973,676.222125043355,1000,655.694960046996,899689,31.0665454864502
1974,617.190302129115,1000,660.101417034133,900689,28.5160427093506
1975,644.988950439404,1000,658.264196419362,901689,33.366813659668
1976,611.430368192393,1000,653.99044581983,902689,32.8425140380859
1977,604.306623661373,1000,649.284377813375,903689,37.5078277587891
1978,679.534657081945,1000,640.442842738735,904689,42.831127166748
1979,688.110330580022,1000,644.190040451838,905689,43.547492980957
1980,649.520753145215,1000,640.324619675412,906689,32.3354110717773
1981,659.285601196717,1000,640.914370906153,907689,39.2345733642578
1982,612.647433750743,1000,644.323714522028,908689,32.8699607849121
1983,632.536811445926,1000,639.955183162285,909689,30.0282592773438
1984,649.804266176259,1000,643.216579567,910689,37.2636642456055
1985,564.544063164843,1000,635.172090839543,911689,29.4121417999268
1986,611.23503912452,1000,635.152557932756,912689,39.1051712036133
1987,658.633613614267,1000,640.585256928046,913689,34.6008911132812
1988,662.048492925411,1000,638.836640512392,914689,33.0492248535156
1989,701.056244632604,1000,640.13123191765,915689,38.4095840454102
1990,642.788515598774,1000,639.458008163006,916689,29.9683074951172
1991,662.530289903995,1000,639.782477033734,917689,37.9448623657227
1992,612.838716371558,1000,639.801605295816,918689,28.5052471160889
1993,714.653528067537,1000,648.013276957977,919689,49.4797286987305
1994,682.422978497423,1000,651.275148190093,920689,41.3398666381836
1995,651.053193302498,1000,659.926061203859,921689,32.0213928222656
1996,678.531660219879,1000,666.655723313394,922689,32.3401641845703
1997,623.499180201532,1000,663.142279972121,923689,32.3703994750977
1998,717.201509097057,1000,668.657581589286,924689,35.6980972290039
1999,684.657982186595,1000,667.017755344685,925689,42.7399368286133
2000,647.383594659032,1000,667.477263250711,926689,46.3999633789062
2001,689.346314603314,1000,670.158865720642,927689,33.4476470947266
2002,612.312078402377,1000,670.106201923724,928689,30.295970916748
2003,615.884185060919,1000,660.229267623062,929689,31.3131198883057
2004,614.481260809804,1000,653.435095854301,930689,31.0319156646729
2005,683.07430251464,1000,656.637206775515,931689,38.2687911987305
2006,685.445415809563,1000,657.328582334483,932689,36.1735229492188
2007,681.09210496621,1000,663.087874810951,933689,45.5275955200195
2008,690.638292557428,1000,660.431553156988,934689,38.0062828063965
2009,683.534418830021,1000,660.319196821331,935689,40.1981201171875
2010,690.783062760205,1000,664.659143631448,936689,32.9548873901367
2011,686.748177950268,1000,664.399329966144,937689,35.1863861083984
2012,662.756139090819,1000,669.443736034988,938689,47.1213760375977
2013,683.482033233172,1000,676.203520852213,939689,37.3221282958984
2014,644.297232808245,1000,679.185118052057,940689,29.2822875976562
2015,731.355475288107,1000,684.013235329404,941689,34.7401847839355
2016,666.492501762626,1000,682.11794392471,942689,33.5621719360352
2017,686.369336422778,1000,682.645667070367,943689,32.7568588256836
2018,644.171920584019,1000,677.999029873026,944689,29.2414474487305
2019,726.138960300219,1000,682.259484020046,945689,32.1932258605957
2020,644.01519757694,1000,677.582697501719,946689,33.5678329467773
2021,632.366104099252,1000,672.144490116618,947689,30.4494457244873
2022,686.789919117637,1000,674.547868119299,948689,31.0438365936279
2023,675.221783878437,1000,673.721843183826,949689,29.412540435791
2024,690.007699960843,1000,678.292889899086,950689,33.4852447509766
2025,682.060768641878,1000,673.363419234463,951689,39.4597473144531
2026,688.563564936137,1000,675.570525551814,952689,36.276180267334
2027,650.046597890281,1000,671.938251698564,953689,35.2309646606445
2028,686.531906195668,1000,676.174250259729,954689,34.6982536315918
2029,681.432592431541,1000,671.703613472861,955689,47.9208183288574
2030,729.17982232143,1000,680.22007594731,956689,34.3894271850586
2031,764.684913161774,1000,693.451956853563,957689,52.0349197387695
2032,642.119958460862,1000,688.984960787885,958689,37.6966552734375
2033,682.300177926551,1000,689.692800192696,959689,38.4931793212891
2034,644.342925053097,1000,685.126322701922,960689,36.4367408752441
2035,649.071692889704,1000,681.827415126705,961689,36.3441162109375
2036,619.740867642024,1000,674.945145397293,962689,39.0772171020508
2037,680.368704993142,1000,677.977356107579,963689,48.3089599609375
2038,717.142538421159,1000,681.038419330128,964689,30.2027778625488
2039,648.308665334371,1000,677.726026620411,965689,33.9948692321777
2040,644.003851596695,1000,669.208429547938,966689,33.0763511657715
2041,645.803329005392,1000,657.3202711323,967689,30.7070693969727
2042,686.809855189244,1000,661.789260805138,968689,35.4476203918457
2043,649.660142010131,1000,658.525257213496,969689,29.7988548278809
2044,717.551475974835,1000,665.84611230567,970689,52.3107833862305
2045,767.315316889138,1000,677.670474705613,971689,52.4278945922852
2046,731.425355031082,1000,688.838923444519,972689,34.7973213195801
2047,680.167334868198,1000,688.818786432024,973689,30.0393905639648
2048,647.514230457936,1000,681.855955635702,974689,31.4177131652832
2049,725.04780059241,1000,689.529869161506,975689,27.1888599395752
2050,652.587024592641,1000,690.388186461101,976689,32.9105186462402
2051,649.045946966461,1000,690.712448257208,977689,37.4456558227539
2052,835.491827112377,1000,705.580645449521,978689,48.6842765808105
2053,721.235553963283,1000,712.738186644836,979689,37.6499519348145
2054,652.116402953543,1000,706.194679342707,980689,32.2465591430664
2055,696.804871360175,1000,699.14363478981,981689,34.5665969848633
2056,700.762798761481,1000,696.07737916285,982689,57.0383949279785
2057,689.895885599238,1000,697.050234235954,983689,30.7904834747314
2058,790.652802287617,1000,711.364091418922,984689,37.2175712585449
2059,650.392047183033,1000,703.898516077985,985689,29.3589477539062
2060,755.512186070645,1000,714.191032225785,986689,37.9771499633789
2061,714.783549315727,1000,720.764792460712,987689,35.5491371154785
2062,686.949294693234,1000,705.910539218798,988689,34.3207778930664
2063,635.388238392314,1000,697.325807661701,989689,30.6245403289795
2064,722.488637952844,1000,704.363031161631,990689,43.6259841918945
2065,683.301776746076,1000,703.012721700221,991689,41.3336372375488
2066,663.389130869925,1000,699.275354911065,992689,31.5092658996582
2067,681.029006845062,1000,698.388667035648,993689,53.674373626709
2068,682.450401818007,1000,687.568426988687,994689,35.7464065551758
2069,681.280471723787,1000,690.657269442762,995689,32.5345649719238
2070,761.921011135425,1000,691.29815194924,996689,24.6382484436035
2071,683.692205804312,1000,688.189017598099,997689,31.1457328796387
2072,757.218143965365,1000,695.215902525312,998689,37.3485221862793
2073,733.160130255689,1000,704.993091711649,999689,37.2735939025879
2074,613.426821364369,1000,694.086910052802,1000689,32.9949417114258
2075,709.582920944088,1000,696.715024472603,1001689,30.5401573181152
2076,716.2805821936,1000,702.004169604971,1002689,50.152904510498
2077,841.249479969097,1000,718.026216917374,1003689,33.7751617431641
2078,811.980169919838,1000,730.979193727557,1004689,37.4311485290527
2079,789.981039630009,1000,741.849250518179,1005689,48.0963592529297
2080,758.077718983126,1000,741.464921302949,1006689,32.6800727844238
2081,797.973832309912,1000,752.893083953509,1007689,34.1388282775879
2082,669.572168573116,1000,744.128486414284,1008689,30.7142868041992
2083,723.43948658161,1000,743.156422046877,1009689,37.3271179199219
2084,726.328522717904,1000,754.44659218223,1010689,31.5887718200684
2085,722.245629768891,1000,755.71286306471,1011689,38.143310546875
2086,805.243572190138,1000,764.609162064364,1012689,40.3996086120605
2087,760.933500036609,1000,756.577564071115,1013689,27.9297828674316
2088,837.844365950858,1000,759.163983674217,1014689,34.4717102050781
2089,753.17008351221,1000,755.482888062437,1015689,29.26584815979
2090,707.9879820108,1000,750.473914365205,1016689,38.0215454101562
2091,643.737383440403,1000,735.050269478254,1017689,27.9534473419189
2092,806.371034983724,1000,748.730156119314,1018689,32.4871253967285
2093,835.207028983206,1000,759.906910359474,1019689,39.1779632568359
2094,859.235685811156,1000,773.197626668799,1020689,46.3928451538086
2095,805.007324223552,1000,781.473796114265,1021689,32.1075744628906
2096,802.093159758686,1000,781.15875487112,1022689,32.0300331115723
2097,808.158940232464,1000,785.881298890706,1023689,36.5783004760742
2098,757.783127210767,1000,777.875175016697,1024689,34.2441902160645
2099,718.421142471333,1000,774.400280912609,1025689,26.3416843414307
2100,869.333708219738,1000,790.534853533503,1026689,60.122875213623
2101,803.546827915646,1000,806.515797981027,1027689,35.5166320800781
2102,843.042356459728,1000,810.182930128628,1028689,44.3708381652832
2103,640.897047716247,1000,790.751932001932,1029689,28.2187023162842
2104,767.191780296642,1000,781.54754145048,1030689,28.9598140716553
2105,802.590832637081,1000,781.305892291833,1031689,30.673189163208
2106,872.263996855424,1000,788.322976001507,1032689,50.7444152832031
2107,803.832300487105,1000,787.890312026971,1033689,34.793701171875
2108,759.1783106394,1000,788.029830369834,1034689,35.7192840576172
2109,800.795246027033,1000,796.267240725404,1035689,32.9795379638672
2110,832.005464685647,1000,792.534416371995,1036689,47.7517509460449
2111,804.904087052754,1000,792.670142285706,1037689,29.7444629669189
2112,872.843769522687,1000,795.650283592002,1038689,52.6635627746582
2113,834.236587503415,1000,814.984237570719,1039689,44.4206352233887
2114,836.825547420049,1000,821.94761428306,1040689,42.5351409912109
2115,765.229208739482,1000,818.2114518933,1041689,36.2247848510742
2116,799.309066209901,1000,810.915958828747,1042689,24.2838687896729
2117,737.63470389173,1000,804.29619916921,1043689,30.2400302886963
2118,807.028647210263,1000,809.081232826296,1044689,27.1075191497803
2119,788.06804568136,1000,807.808512791729,1045689,33.9858589172363
2120,802.266239253025,1000,804.834590248467,1046689,30.332691192627
2121,840.544959181362,1000,808.398677461327,1047689,44.8228759765625
2122,806.83347493123,1000,801.797648002182,1048689,38.9677200317383
2123,766.332444867333,1000,795.007233738574,1049689,29.4376926422119
2124,651.262159188524,1000,776.450894915421,1050689,34.3384971618652
2125,835.857966525549,1000,783.513770694028,1051689,47.0300827026367
2126,842.545757226405,1000,787.837439795678,1052689,35.4058876037598
2127,838.862502756631,1000,797.960219682168,1053689,41.8082389831543
2128,827.449359778775,1000,800.002290939019,1054689,38.8276100158691
2129,796.08014935312,1000,800.803501306196,1055689,29.2457828521729
2130,831.586362075241,1000,803.735513588417,1056689,48.0048179626465
2131,800.019318875704,1000,799.682949557851,1057689,25.7616329193115
2132,870.266753788572,1000,806.026277443586,1058689,57.8058586120605
2133,839.724025720962,1000,813.365435528948,1059689,38.2002639770508
2134,839.89677273869,1000,832.228896883965,1060689,34.2382888793945
2135,870.412755706926,1000,835.684375802103,1061689,51.5674667358398
2136,873.501832018968,1000,838.779983281359,1062689,46.6527671813965
2137,805.666970970831,1000,835.460430102779,1063689,34.840145111084
2138,799.864230332823,1000,832.701917158184,1064689,32.6926307678223
2139,878.280357116651,1000,840.921937934537,1065689,60.3152503967285
2140,808.298679036832,1000,838.593169630696,1066689,28.2059555053711
2141,870.813665034419,1000,845.672604246568,1067689,57.6294403076172
2142,843.957984292752,1000,843.041727296986,1068689,35.2368431091309
2143,801.991665651065,1000,839.268491289996,1069689,30.8341102600098
2144,840.384583684574,1000,839.317272384584,1070689,32.2342567443848
2145,830.304949404113,1000,835.306491754303,1071689,34.6740570068359
2146,834.857568367265,1000,831.442065389133,1072689,38.9784393310547
2147,800.455846589489,1000,830.920952950998,1073689,28.2851543426514
2148,838.748106600772,1000,834.809340577793,1074689,37.6170310974121
2149,803.404390523283,1000,827.321743918457,1075689,29.0802593231201
2150,799.129074644641,1000,826.404783479237,1076689,32.0622138977051
2151,807.444878304058,1000,820.067904806201,1077689,35.077693939209
2152,756.481776237662,1000,811.320284000692,1078689,29.0583057403564
2153,803.43018915372,1000,811.464136350958,1079689,37.0708999633789
2154,831.80405033516,1000,810.606083016017,1080689,36.8157539367676
2155,837.475097424554,1000,811.323097818061,1081689,31.1089000701904
2156,842.833218622057,1000,812.12066284354,1082689,44.9511985778809
2157,804.356164735418,1000,812.510694658133,1083689,34.1773223876953
2158,845.25372289233,1000,813.161256287288,1084689,32.9683113098145
2159,846.58232880354,1000,817.479050115314,1085689,33.5010375976562
2160,826.377599644379,1000,820.203902615288,1086689,42.2579231262207
2161,849.136179305598,1000,824.373032715442,1087689,35.9583320617676
2162,874.017994015047,1000,836.12665449318,1088689,59.401668548584
2163,789.337737715658,1000,834.717409349374,1089689,24.6928844451904
2164,805.414882401389,1000,832.078492555997,1090689,33.486213684082
2165,843.716921776304,1000,832.702674991172,1091689,36.3537254333496
2166,797.014983007928,1000,828.120851429759,1092689,29.7698459625244
2167,844.536371195993,1000,832.138872075817,1093689,36.0513305664062
2168,792.184914138817,1000,826.831991200465,1094689,35.1923751831055
2169,835.635718777195,1000,825.737330197831,1095689,36.8270568847656
2170,830.754463967963,1000,826.175016630189,1096689,37.5331535339355
2171,834.384051943857,1000,824.699803894015,1097689,35.0519638061523
2172,877.428617105908,1000,825.040866203101,1098689,60.964282989502
2173,752.123087726299,1000,821.319401204165,1099689,28.0072593688965
2174,874.366404743957,1000,828.214553438422,1100689,53.4806594848633
2175,808.955052238994,1000,824.738366484691,1101689,31.5371913909912
2176,802.409712327267,1000,825.277839416625,1102689,30.1015644073486
2177,799.093582671189,1000,820.733560564144,1103689,28.5386791229248
2178,874.81359730136,1000,828.996428880399,1104689,43.8472709655762
2179,840.405431696178,1000,829.473400172297,1105689,40.3401145935059
2180,839.206261828449,1000,830.318579958346,1106689,32.5354766845703
2181,838.762453465813,1000,830.756420110541,1107689,37.1825561523438
2182,837.784465429628,1000,826.792004942913,1108689,41.0665245056152
2183,798.094381065302,1000,831.389134276814,1109689,32.7760543823242
2184,838.778923965686,1000,827.830386198987,1110689,39.2643356323242
2185,825.811683067413,1000,829.516049281828,1111689,53.3800888061523
2186,844.126791054565,1000,833.687757154558,1112689,29.9998245239258
2187,832.971989840582,1000,837.075597871498,1113689,35.8073501586914
2188,834.778893195686,1000,833.07212746093,1114689,47.1122207641602
2189,841.063599517688,1000,833.137944243081,1115689,36.2199897766113
2190,832.530033757113,1000,832.470321435947,1116689,37.6042213439941
2191,792.494572686867,1000,827.843533358053,1117689,39.9123954772949
2192,799.015927596233,1000,823.966679574713,1118689,28.4732894897461
2193,844.130296685931,1000,828.570271136776,1119689,36.627872467041
2194,838.256737960096,1000,828.518052536217,1120689,36.9750900268555
2195,835.103810621733,1000,829.447265291649,1121689,37.6029357910156
2196,796.748613436184,1000,824.709447529811,1122689,29.7253341674805
2197,880.170653958727,1000,829.429313941626,1123689,51.2553482055664
2198,847.268913243744,1000,830.678315946432,1124689,34.5589179992676
2199,842.499521324226,1000,830.821908127085,1125689,37.990406036377
2200,832.654948567943,1000,830.834399608168,1126689,45.3125305175781
2201,793.995007801377,1000,830.984443119619,1127689,32.9434089660645
2202,843.90956287804,1000,835.4738066478,1128689,37.7645301818848
2203,839.545358175378,1000,835.015312796745,1129689,36.7495422363281
2204,840.215427256163,1000,835.211181726351,1130689,37.6550064086914
2205,802.866375588049,1000,831.987438222983,1131689,32.1619338989258
2206,833.793824437793,1000,835.691959323144,1132689,38.6210289001465
2207,838.636217441142,1000,831.538515671385,1133689,36.4152183532715
2208,842.867228563609,1000,831.098347203372,1134689,36.1171646118164
2209,837.10177327938,1000,830.558572398888,1135689,41.4267921447754
2210,840.925399949691,1000,831.385617537062,1136689,31.5206298828125
2211,827.10736138107,1000,834.696852895032,1137689,30.6418704986572
2212,838.872203492485,1000,834.193116956476,1138689,41.1949729919434
2213,868.136078497451,1000,837.052188988683,1139689,60.244026184082
2214,839.121343743314,1000,836.942780637398,1140689,37.4885559082031
2215,834.819200583626,1000,840.138063136956,1141689,31.2399368286133
2216,834.769202999281,1000,840.235600993105,1142689,43.4490776062012
2217,849.634505803115,1000,841.335429829302,1143689,36.1229133605957
2218,843.164739121058,1000,841.365180885047,1144689,35.030876159668
2219,877.045753327848,1000,845.359578889894,1145689,50.9349479675293
2220,804.34196422771,1000,841.701235317696,1146689,37.3973579406738
2221,846.433037375875,1000,843.633802917176,1147689,31.0494728088379
2222,865.090166218016,1000,846.255599189729,1148689,53.3727149963379
2223,865.693478634095,1000,846.011339203394,1149689,47.0958099365234
2224,871.420753610524,1000,849.241280190115,1150689,49.5326652526855
2225,830.660957452314,1000,848.825455876984,1151689,52.9565773010254
2226,839.518875711258,1000,849.300423148181,1152689,42.1861152648926
2227,837.479928834649,1000,848.084965451335,1153689,39.4468955993652
2228,844.607557764412,1000,848.22924731567,1154689,37.8472900390625
2229,839.929939436958,1000,844.517665926581,1155689,37.0949020385742
2230,835.629625808791,1000,847.646432084689,1156689,33.9012413024902
2231,803.764849282973,1000,843.379613275399,1157689,28.1420421600342
2232,809.479499102197,1000,837.818546563817,1158689,30.5401344299316
2233,829.804409297439,1000,834.229639630151,1159689,49.7598457336426
2234,844.15594169655,1000,831.503158438754,1160689,37.5232200622559
2235,842.53540416816,1000,832.690603110339,1161689,36.3437156677246
2236,830.429689834131,1000,831.781684522626,1162689,37.5716094970703
2237,797.422818211866,1000,827.775973460348,1163689,31.8960189819336
2238,840.039896959306,1000,827.319207379837,1164689,38.1293525695801
2239,876.835926662219,1000,831.009806102363,1165689,56.5057029724121
2240,843.470781364506,1000,831.793921657935,1166689,36.5810279846191
2241,833.424325993121,1000,834.759869328949,1167689,43.6889343261719
2242,838.730294940104,1000,837.68494891274,1168689,41.8299713134766
2243,801.035080306788,1000,834.808016013675,1169689,32.5669898986816
2244,807.781310297817,1000,831.170552873802,1170689,33.8219337463379
2245,849.568912122298,1000,831.873903669215,1171689,37.5145072937012
2246,868.453656311883,1000,835.676300316991,1172689,57.5085754394531
2247,842.36229645566,1000,840.17024814137,1173689,39.4733390808105
2248,877.382982221471,1000,843.904556667587,1174689,53.3439788818359
2249,842.261419135893,1000,840.447105914954,1175689,31.4926567077637
2250,805.247135393029,1000,836.624741317806,1176689,30.2575550079346
2251,834.116574145326,1000,836.693966133027,1177689,41.7547149658203
2252,873.093694480624,1000,840.130306087079,1178689,59.9119987487793
2253,836.78763103748,1000,843.705561160148,1179689,39.7331809997559
2254,836.643099078907,1000,846.591740038257,1180689,37.6174659729004
2255,837.367295789637,1000,845.371578404991,1181689,38.6815185546875
2256,837.799723741215,1000,842.306185147924,1182689,35.4453086853027
2257,838.757383860311,1000,841.945693888389,1183689,37.25
2258,794.630165737388,1000,833.670412239981,1184689,49.9605407714844
2259,870.056265222069,1000,836.449896848598,1185689,62.7161865234375
2260,802.220598182943,1000,836.14724312759,1186689,24.0734767913818
2261,834.657769504861,1000,836.201362663543,1187689,38.721981048584
2262,841.164021791305,1000,833.008395394612,1188689,41.9076156616211
2263,843.759273357565,1000,833.70555962662,1189689,37.812068939209
2264,846.26820659439,1000,834.668070378169,1190689,43.2983589172363
2265,844.623897106297,1000,835.393730509835,1191689,43.0403137207031
2266,844.672109943262,1000,836.080969130039,1192689,40.3755073547363
2267,839.599695248096,1000,836.165200268818,1193689,35.350772857666
2268,842.065876749087,1000,840.908771369988,1194689,35.2566070556641
2269,839.154660143017,1000,837.818610862082,1195689,33.9982833862305
2270,862.412434617671,1000,843.837794505555,1196689,50.9887504577637
2271,836.312224704006,1000,844.003240025469,1197689,34.3479614257812
2272,805.590699327398,1000,840.445907779079,1198689,35.1033210754395
2273,834.962277643266,1000,839.566208207649,1199689,41.3956184387207
2274,871.555841592554,1000,842.094971707465,1200689,57.5283699035645
2275,847.642475622559,1000,842.396829559092,1201689,32.5004577636719
2276,796.937371106938,1000,837.623355675459,1202689,34.5404090881348
2277,796.327635521641,1000,833.296149702814,1203689,33.6571273803711
2278,837.042014136127,1000,832.793763441518,1204689,39.4140930175781
2279,834.944085978789,1000,832.372706025095,1205689,41.3394317626953
2280,840.032706371613,1000,830.134733200489,1206689,27.4611396789551
2281,843.103906151741,1000,830.813901345263,1207689,32.732063293457
2282,835.197599084841,1000,833.774591321007,1208689,35.8195838928223
2283,842.625267110511,1000,834.540890267731,1209689,39.5581855773926
2284,796.855329901076,1000,827.070839098584,1210689,25.9010734558105
2285,802.778330247012,1000,822.584424561029,1211689,37.1962127685547
2286,870.952056077678,1000,829.985893058103,1212689,62.6263427734375
2287,845.609872789694,1000,834.914116784908,1213689,38.9140281677246
2288,803.6714357842,1000,831.577058949715,1214689,32.9228973388672
2289,838.468883529828,1000,831.929538704819,1215689,40.1013069152832
2290,796.764296281311,1000,827.602697695789,1216689,39.6338424682617
2291,833.656442394376,1000,826.657951320053,1217689,40.2314147949219
2292,838.189837559474,1000,826.957175167516,1218689,40.5784645080566
2293,873.736069535627,1000,830.068255410027,1219689,59.5744476318359
2294,799.436903700454,1000,830.326412789965,1220689,29.9347839355469
2295,834.65099642977,1000,833.513679408241,1221689,37.7826957702637
2296,836.951503813238,1000,830.113624181797,1222689,36.8823013305664
2297,864.727086865505,1000,832.025345589378,1223689,67.546028137207
2298,875.677208765759,1000,839.225922887534,1224689,61.5276107788086
2299,832.824872496749,1000,838.661521784226,1225689,34.3322601318359
2300,835.602369348568,1000,842.545329090952,1226689,33.8628997802734
2301,873.770209669821,1000,846.556705818496,1227689,66.9176635742188
2302,833.837633473985,1000,846.121485409948,1228689,32.4955253601074
2303,877.730250478836,1000,846.520903504268,1229689,51.2675399780273
2304,837.695656619093,1000,850.346778796132,1230689,37.6937789916992
2305,840.618281155787,1000,850.943507268734,1231689,37.2717018127441
2306,839.734586177922,1000,851.221815505203,1232689,38.663703918457
2307,870.17570935218,1000,851.76667775387,1233689,66.7394104003906
2308,867.843795114849,1000,850.983336388779,1234689,60.9753570556641
2309,837.372889437668,1000,851.438138082871,1235689,40.3471450805664
2310,832.082250289685,1000,851.086126176983,1236689,42.1268005371094
2311,836.694936377212,1000,847.378598847722,1237689,35.8309020996094
2312,877.465391066212,1000,851.741374606944,1238689,63.534309387207
2313,831.898686316387,1000,847.158218190699,1239689,37.958667755127
2314,872.215188964467,1000,850.610171425237,1240689,68.6594467163086
2315,839.422179208964,1000,850.490561230555,1241689,38.4282493591309
2316,843.003299620831,1000,850.817432574845,1242689,38.8017082214355
2317,832.208259107355,1000,847.020687550363,1243689,50.8216552734375
2318,827.704031299358,1000,843.006711168814,1244689,37.232593536377
2319,874.99763295293,1000,846.76918552034,1245689,63.682918548584
2320,799.733637031106,1000,843.534324194482,1246689,27.8452587127686
2321,802.064887137793,1000,840.07131927054,1247689,29.1381454467773
2322,841.63131332767,1000,836.487911496686,1248689,39.8663101196289
2323,845.855083975539,1000,837.883551262601,1249689,41.0415000915527
2324,841.857775232104,1000,834.847809889365,1250689,39.1550025939941
2325,794.521242663435,1000,830.357716234812,1251689,31.3241081237793
2326,845.031206592038,1000,830.560506931933,1252689,48.290901184082
2327,876.694008237818,1000,835.009081844979,1253689,59.1937828063965
2328,835.039611622139,1000,835.742639877257,1254689,36.4695281982422
2329,838.0780779484,1000,832.050684376804,1255689,37.5292663574219
2330,880.40145797729,1000,840.117466471423,1256689,60.682258605957
2331,838.233138576521,1000,843.734291615295,1257689,50.1101760864258
2332,833.82947155767,1000,842.954107438295,1258689,41.8488960266113
2333,832.732809371251,1000,841.641879977867,1259689,46.8685836791992
2334,836.663269345813,1000,841.122429389238,1260689,47.2409706115723
2335,841.289165723541,1000,845.799221695248,1261689,35.6695747375488
2336,829.614413953146,1000,844.257542431359,1262689,44.1342277526855
2337,823.294645406616,1000,838.917606148239,1263689,34.7831497192383
2338,838.487490483042,1000,839.262394034329,1264689,41.2952880859375
2339,837.947351206352,1000,839.249321360124,1265689,38.741340637207
2340,839.343666693274,1000,835.143542231723,1266689,39.5237236022949
2341,870.854150174484,1000,838.405643391519,1267689,59.6644630432129
2342,832.025026951651,1000,838.225198930917,1268689,37.2719802856445
2343,832.04439105992,1000,838.156357099784,1269689,44.1511268615723
2344,836.820654780449,1000,838.172095643248,1270689,34.0531158447266
2345,872.627523435148,1000,841.305931414408,1271689,60.3424224853516
2346,834.97154728955,1000,841.841644748049,1272689,40.4357643127441
2347,837.403082310765,1000,843.252488438464,1273689,42.1601448059082
2348,833.314780610116,1000,842.735217451171,1274689,40.1090621948242
2349,833.698054929156,1000,842.310287823451,1275689,25.0783042907715
2350,833.61245932439,1000,841.737167086563,1276689,41.3326721191406
2351,800.932402808465,1000,834.744992349961,1277689,30.6140327453613
2352,841.492608147418,1000,835.691750469538,1278689,39.4287185668945
2353,837.363934616951,1000,836.223704825241,1279689,40.2200469970703
2354,793.723759724244,1000,831.91401531962,1280689,28.7109451293945
2355,834.541277349613,1000,828.105390711067,1281689,38.8718719482422
2356,872.126321756036,1000,831.820868157715,1282689,56.0066337585449
2357,843.164802239376,1000,832.397040150576,1283689,36.5300407409668
2358,871.218948684133,1000,836.187456957978,1284689,54.997875213623
2359,872.148901867419,1000,840.032541651804,1285689,68.5978240966797
2360,830.910606781173,1000,839.762356397483,1286689,36.9557914733887
2361,795.751694987396,1000,839.244285615376,1287689,27.120979309082
2362,835.925980671162,1000,838.68762286775,1288689,35.6384735107422
2363,834.941305624975,1000,838.445359968553,1289689,34.9073715209961
2364,869.973805612856,1000,846.070364557414,1290689,63.5258369445801
2365,831.010627391176,1000,845.71729956157,1291689,32.1460838317871
2366,875.47237177206,1000,846.051904563172,1292689,68.2216949462891
2367,801.979168265792,1000,841.933341165814,1293689,34.7357978820801
2368,868.007437697553,1000,841.612190067156,1294689,57.5571365356445
2369,839.296244878592,1000,838.326924368273,1295689,39.0178413391113
2370,862.966995210557,1000,841.532563211212,1296689,69.4107818603516
2371,872.08048569692,1000,849.165442282164,1297689,65.8329620361328
2372,840.3387313392,1000,849.606717348968,1298689,40.7938766479492
2373,802.189799256621,1000,846.331566712133,1299689,37.0956726074219
2374,871.190882102663,1000,846.453274361113,1300689,67.8825988769531
2375,841.992040321994,1000,847.551415654195,1301689,33.8182373046875
2376,846.267707904157,1000,844.630949267405,1302689,45.1032676696777
2377,827.037917131293,1000,847.136824153955,1303689,38.3763084411621
2378,837.417867678677,1000,844.077867152067,1304689,40.1174659729004
2379,791.850911110149,1000,839.333333775223,1305689,34.7222595214844
2380,832.099273417474,1000,836.246561595915,1306689,39.8655319213867
2381,839.214129338909,1000,832.959925960114,1307689,33.602180480957
2382,836.081941174191,1000,832.534246943613,1308689,43.9072036743164
2383,881.71823594249,1000,840.4870906122,1309689,57.6283798217773
2384,835.119928010716,1000,836.879995203005,1310689,36.029712677002
2385,841.818123672945,1000,836.8626035381,1311689,39.447998046875
2386,834.117972629293,1000,835.647630010614,1312689,45.7178077697754
2387,849.309351062953,1000,837.87477340378,1313689,37.5281639099121
2388,843.571346476652,1000,838.490121283577,1314689,43.1626434326172
2389,842.483051255096,1000,843.553335298072,1315689,37.4342193603516
2390,835.52288425409,1000,843.895696381733,1316689,36.992115020752
2391,837.25903032482,1000,843.700186480325,1317689,35.9229469299316
2392,878.269735151579,1000,847.918965878063,1318689,48.9086952209473
2393,835.426500698602,1000,843.289792353674,1319689,35.9998664855957
2394,835.39187091333,1000,843.316986643936,1320689,36.4009323120117
2395,828.968877847196,1000,842.032062061361,1321689,32.7230567932129
2396,829.780594000905,1000,841.598324198522,1322689,29.5001697540283
2397,874.02637013553,1000,844.07002610578,1323689,71.061767578125
2398,812.62909873501,1000,840.975801331616,1324689,34.16064453125
2399,835.547204010695,1000,840.282216607176,1325689,40.5980834960938
2400,840.083416958752,1000,840.738269877642,1326689,34.2464942932129
2401,876.249786953144,1000,844.637345540474,1327689,52.0234642028809
2402,832.741534352509,1000,840.084525460567,1328689,41.0721435546875
2403,834.220788722506,1000,839.963954262958,1329689,32.8991622924805
2404,833.052307901032,1000,839.729997961728,1330689,36.0991516113281
2405,869.176937329572,1000,843.750803909965,1331689,69.0799865722656
2406,834.39476836401,1000,844.212221346276,1332689,33.9630699157715
2407,835.124525266512,1000,840.322036859374,1333689,39.2557067871094
2408,830.745515257701,1000,842.133678511643,1334689,40.6794700622559
2409,828.954826244177,1000,841.474440734992,1335689,36.0029640197754
2410,832.432813293874,1000,840.709380368504,1336689,33.2424278259277
2411,839.979149068278,1000,837.082316580017,1337689,42.2317276000977
2412,829.152473145517,1000,836.723410459318,1338689,42.9182167053223
2413,796.880245050007,1000,832.989356092068,1339689,32.7125778198242
2414,801.851161347491,1000,829.869241436714,1340689,28.0738430023193
2415,868.891997638916,1000,829.840747467648,1341689,61.7798461914062
2416,833.073428681921,1000,829.708613499439,1342689,36.9405517578125
2417,865.263816455202,1000,832.722542618308,1343689,54.6409492492676
2418,777.292971532687,1000,827.377288245807,1344689,36.5635223388672
2419,834.466442282445,1000,827.928449849634,1345689,39.584545135498
2420,832.428995925722,1000,827.928068112819,1346689,32.2724151611328
2421,873.702954962309,1000,831.300448702222,1347689,58.4934196472168
2422,838.174810239179,1000,832.202682411588,1348689,41.5893287658691
2423,833.051425299921,1000,835.819800436579,1349689,32.8087348937988
2424,835.995714781046,1000,839.234255779935,1350689,36.4422264099121
2425,824.281498560371,1000,834.77320587208,1351689,32.8931922912598
2426,836.121271274314,1000,835.07799013132,1352689,40.0038948059082
2427,832.217684443831,1000,831.773376930182,1353689,34.7617835998535
2428,838.019437586199,1000,837.846023535534,1354689,40.7889938354492
2429,839.155967762799,1000,838.314976083569,1355689,36.7793731689453
2430,869.31281615616,1000,842.003358106613,1356689,71.8885650634766
2431,841.004309765813,1000,838.733493586963,1357689,37.8332214355469
2432,840.182389597731,1000,838.934251522818,1358689,38.9865531921387
2433,829.050780542005,1000,838.534187047027,1359689,44.1032791137695
2434,834.658715830265,1000,838.400487151949,1360689,42.8792343139648
2435,836.142620918582,1000,839.58659938777,1361689,37.0768966674805
2436,867.373473856642,1000,842.711819646003,1362689,70.071044921875
2437,865.494488063767,1000,846.039500007996,1363689,69.7982788085938
2438,834.69505595988,1000,845.707061845364,1364689,38.3009605407715
2439,871.40890393703,1000,848.932355462787,1365689,71.8028030395508
2440,868.833347420367,1000,848.884408589208,1366689,57.9994010925293
2441,832.666067709319,1000,848.050584383559,1367689,41.2150344848633
2442,841.064287517018,1000,848.138774175488,1368689,39.7778358459473
2443,834.504869588044,1000,848.684183080091,1369689,41.0195503234863
2444,800.551822197561,1000,845.273493716821,1370689,29.5634746551514
2445,829.154044862611,1000,844.574636111224,1371689,32.8736991882324
2446,830.784719376563,1000,840.915760663216,1372689,47.4794273376465
2447,876.727559859393,1000,842.039067842779,1373689,70.3320693969727
2448,869.85670042715,1000,845.555232289506,1374689,66.6550598144531
2449,829.847108224391,1000,841.399052718242,1375689,38.5145835876465
2450,830.110676539748,1000,837.52678563018,1376689,36.9344635009766
2451,835.895382340174,1000,837.849717093265,1377689,41.4900550842285
2452,823.883884518157,1000,836.131676793379,1378689,35.0746688842773
2453,825.156873732332,1000,835.196877207808,1379689,38.564338684082
2454,827.54377177584,1000,837.896072165636,1380689,33.0399131774902
2455,855.816273145638,1000,840.562294993939,1381689,70.2885589599609
2456,866.050335749844,1000,844.088856631267,1382689,71.720588684082
2457,832.635391368009,1000,839.679639782128,1383689,33.6250381469727
2458,839.516375475091,1000,836.645607286923,1384689,42.1073799133301
2459,834.664951802942,1000,837.127391644778,1385689,42.7508888244629
2460,827.229976724014,1000,836.839321663204,1386689,39.8805465698242
2461,831.951624414796,1000,836.444945870666,1387689,39.0468978881836
2462,818.34876358566,1000,835.891433777417,1388689,34.255542755127
2463,838.511495652094,1000,837.226895969393,1389689,33.6508331298828
2464,826.678477414253,1000,837.140366533234,1390689,33.6540870666504
2465,858.918444461769,1000,837.450583664847,1391689,49.232666015625
2466,871.812316305183,1000,838.026781720381,1392689,69.3596649169922
2467,864.837314121096,1000,841.24697399569,1393689,62.1663627624512
2468,828.196572610703,1000,840.114993709251,1394689,34.4907073974609
2469,829.831161840092,1000,839.631614712966,1395689,43.7716331481934
2470,829.430694684544,1000,839.851686509019,1396689,35.2738609313965
2471,834.257970538994,1000,840.082321121439,1397689,41.1908721923828
2472,871.333534444903,1000,845.380798207363,1398689,55.7886390686035
2473,868.26362931014,1000,848.356011573168,1399689,68.3862915039062
2474,833.513971485695,1000,849.039560980312,1400689,42.3895530700684
2475,831.414677533697,1000,846.289184287505,1401689,37.3356323242188
2476,834.845741413191,1000,842.592526798305,1402689,38.5407409667969
2477,832.984209330695,1000,839.407216319265,1403689,46.4731597900391
2478,838.340392959896,1000,840.421598354185,1404689,41.172004699707
2479,825.327331455733,1000,839.971215315749,1405689,26.5340976715088
2480,844.262258817558,1000,841.45437172905,1406689,40.9852676391602
2481,837.819224514877,1000,841.810497126638,1407689,40.8863830566406
2482,866.396959063229,1000,841.316839588471,1408689,69.2151336669922
2483,829.055859302735,1000,837.396062587731,1409689,42.2407035827637
2484,870.209636940645,1000,841.065629133226,1410689,71.9909133911133
2485,832.088376429801,1000,841.132999022836,1411689,40.9196357727051
2486,823.809522565447,1000,840.029377138061,1412689,39.9698219299316
2487,835.456939873296,1000,840.276650192322,1413689,47.3045425415039
2488,840.358424293272,1000,840.478453325659,1414689,37.0604362487793
2489,835.495138814586,1000,841.495234061545,1415689,40.8759689331055
2490,831.306451783615,1000,840.19965335815,1416689,32.793342590332
2491,839.003349347262,1000,840.318065841389,1417689,42.4268684387207
2492,838.044021177056,1000,837.482772052772,1418689,42.1940116882324
2493,869.698261671739,1000,841.547012289672,1419689,69.3894577026367
2494,833.819047162135,1000,837.907953311821,1420689,46.3756332397461
2495,828.718300294477,1000,837.570945698288,1421689,34.971923828125
2496,834.932915352282,1000,838.683284976972,1422689,40.6807174682617
2497,834.721511894925,1000,838.609742179135,1423689,40.3115463256836
2498,864.207619782532,1000,840.994661728061,1424689,73.7264633178711
2499,875.283686072307,1000,844.973516453833,1425689,71.9860763549805
2500,824.119234376364,1000,844.254794713108,1426689,35.9847640991211
2501,835.180397659609,1000,843.872499544343,1427689,40.7905044555664
2502,835.912046376215,1000,843.659302064259,1428689,34.3129196166992
2503,835.89229033189,1000,840.278704930274,1429689,41.9950942993164
2504,868.303806649087,1000,843.727180878969,1430689,49.9755897521973
2505,832.666039054369,1000,844.121954754958,1431689,42.0797080993652
2506,833.04423811794,1000,843.933087031524,1432689,34.5274810791016
2507,825.938131521005,1000,843.054748994132,1433689,32.756477355957
2508,839.210880599994,1000,840.555075075878,1434689,34.7594223022461
2509,866.705683691068,1000,839.697274837754,1435689,48.3556938171387
2510,834.388960922943,1000,840.724247492412,1436689,39.9018173217773
2511,859.678726962954,1000,843.174080422746,1437689,44.8705253601074
2512,834.121668590405,1000,842.995042644165,1438689,47.0131530761719
2513,835.618823703182,1000,842.967695981295,1439689,35.0602111816406
2514,856.415421593441,1000,841.77885747573,1440689,52.3393287658691
2515,834.754056163252,1000,841.987659186618,1441689,44.9981651306152
2516,868.483205472101,1000,845.531555922034,1442689,64.0382232666016
2517,828.087518674681,1000,845.746494637402,1443689,45.8578987121582
2518,828.573056701333,1000,844.682712247536,1444689,42.8608665466309
2519,868.241561480455,1000,844.836300026474,1445689,74.2263412475586
2520,834.946524236233,1000,844.892056357803,1446689,40.316577911377
2521,844.303910704254,1000,843.354574731933,1447689,44.4084167480469
2522,833.130160784586,1000,843.255423951352,1448689,43.4565963745117
2523,839.692615135917,1000,843.662803094625,1449689,40.3758163452148
2524,866.354732915363,1000,844.656734226817,1450689,75.1429748535156
2525,832.393343193511,1000,844.420662929843,1451689,36.8018074035645
2526,828.749708950465,1000,840.44731327768,1452689,45.5353126525879
2527,839.043313648473,1000,841.542892775059,1453689,42.0221786499023
2528,863.093316520008,1000,844.994918756926,1454689,74.8681488037109
2529,832.273191903178,1000,841.398081799199,1455689,40.9087409973145
2530,835.65033207752,1000,841.468462583327,1456689,55.8775444030762
2531,834.558489454645,1000,840.493920458366,1457689,40.8697509765625
2532,838.635245777179,1000,841.044428957626,1458689,43.7108268737793
2533,831.42354032856,1000,840.21752147689,1459689,32.8167724609375
2534,829.454438374029,1000,836.527492022757,1460689,44.7566947937012
2535,828.389184434802,1000,836.127076146886,1461689,46.0542335510254
2536,835.616535837396,1000,836.813758835579,1462689,43.0612945556641
2537,862.562904245389,1000,839.165717895271,1463689,67.5488967895508
2538,877.313763713006,1000,840.587762614571,1464689,74.9764404296875
2539,819.635634595468,1000,839.324006883799,1465689,31.4997177124023
2540,835.4708566452,1000,839.306059340567,1466689,36.9061622619629
2541,825.927210158681,1000,838.442931410971,1467689,34.8129844665527
2542,869.46040766198,1000,841.525447599451,1468689,74.6552581787109
2543,831.541649227348,1000,841.53725848933,1469689,37.7118110656738
2544,837.834575328738,1000,842.375272184801,1470689,38.265495300293
2545,799.681411888019,1000,839.504494930122,1471689,42.935546875
2546,831.632473680861,1000,839.106088714469,1472689,41.2384605407715
2547,833.234585244736,1000,836.173256814404,1473689,41.0380439758301
2548,833.172542125097,1000,831.759134655613,1474689,42.4943351745605
2549,870.021165101776,1000,836.797687706244,1475689,72.2136535644531
2550,828.054958954725,1000,836.056097937196,1476689,44.91015625
2551,866.572073403569,1000,840.120584261685,1477689,62.365104675293
2552,775.327721712441,1000,830.707315666731,1478689,31.6976356506348
2553,868.167332282511,1000,834.369883972247,1479689,70.152587890625
2554,833.64612298241,1000,833.951038737614,1480689,42.3673858642578
2555,867.302220648482,1000,840.713119613661,1481689,71.3594818115234
2556,882.893805852581,1000,845.839252830833,1482689,73.7614135742188
2557,813.923803374299,1000,843.908174643789,1483689,32.26904296875
2558,839.794252090277,1000,844.570345640307,1484689,37.2849426269531
2559,835.380683575631,1000,841.106297487693,1485689,34.1896705627441
2560,838.408725861707,1000,842.141674178391,1486689,45.5224990844727
2561,841.776156926922,1000,839.662082530726,1487689,42.5403747558594
2562,829.360962288633,1000,845.065406588345,1488689,39.2974243164062
2563,838.089035975999,1000,842.057576957694,1489689,34.4243507385254
2564,845.616768044148,1000,843.254641463868,1490689,39.3753890991211
2565,833.923763518462,1000,839.916795750866,1491689,31.6958179473877
2566,833.859776597315,1000,835.013392825339,1492689,48.1332397460938
2567,826.348148260595,1000,836.255827313969,1493689,34.5658531188965
2568,830.747231681381,1000,835.351125273079,1494689,37.1133499145508
2569,841.12539418353,1000,835.925596333869,1495689,40.4041595458984
2570,836.570940363416,1000,835.74181778404,1496689,35.4696731567383
2571,830.046164594681,1000,834.568818550816,1497689,44.4711227416992
2572,800.371834907989,1000,831.669905812751,1498689,45.1461791992188
2573,833.76167824638,1000,831.23717003979,1499689,39.283561706543
2574,831.825090153005,1000,829.858002250675,1500689,38.20361328125
2575,838.935833429272,1000,830.359209241756,1501689,30.309534072876
2576,870.246261309197,1000,833.997857712944,1502689,71.9075317382812
2577,823.156467026575,1000,833.678689589542,1503689,43.259635925293
2578,817.609043313799,1000,832.364870752784,1504689,42.679615020752
2579,822.819944848804,1000,830.534325819312,1505689,33.0667915344238
2580,822.931601062241,1000,829.170391889194,1506689,34.6388854980469
2581,816.672386481339,1000,827.83301407786,1507689,35.4403762817383
2582,857.497840579139,1000,833.545614644975,1508689,71.6475219726562
2583,833.157201321488,1000,833.485166952486,1509689,45.1020011901855
2584,822.078535779121,1000,832.510511515098,1510689,37.0388069152832
2585,830.722396115658,1000,831.689167783736,1511689,34.9733848571777
2586,825.935091657286,1000,827.258050818545,1512689,43.3269119262695
2587,816.101450987454,1000,826.552549214633,1513689,56.08447265625
2588,867.985109562193,1000,831.590155839472,1514689,63.4105911254883
2589,818.749105820762,1000,831.183071936668,1515689,44.8488731384277
2590,817.172137748179,1000,830.607125605262,1516689,51.725040435791
2591,833.608785601741,1000,832.300765517302,1517689,41.1092948913574
2592,859.961929718134,1000,832.547174431201,1518689,75.0568542480469
2593,831.349038577045,1000,832.366358156757,1519689,44.8310737609863
2594,821.77552546875,1000,832.33605712572,1520689,40.7380714416504
2595,860.063688573249,1000,835.270186371479,1521689,62.4618873596191
2596,830.751860772024,1000,835.751863282953,1522689,41.7655448913574
2597,864.613659705459,1000,840.603084154753,1523689,64.2275009155273
2598,819.226643617768,1000,835.727237560311,1524689,43.817497253418
2599,825.914729044471,1000,836.443799882682,1525689,42.4946136474609
2600,865.901482015524,1000,841.316734309416,1526689,54.7366180419922
2601,833.180360700395,1000,841.273891819282,1527689,37.7852973937988
2602,814.920499643271,1000,836.769748811796,1528689,50.5578231811523
2603,824.045325836853,1000,836.039377537776,1529689,38.3332405090332
2604,836.933468508023,1000,837.555171841704,1530689,41.3237724304199
2605,827.933892938496,1000,834.342192278228,1531689,38.0761604309082
2606,862.608333076103,1000,837.527839508636,1532689,73.6721572875977
2607,854.38290591499,1000,836.50476412959,1533689,66.1797943115234
2608,870.361514961662,1000,841.618251263979,1534689,76.5707168579102
2609,826.21998976837,1000,841.648777336369,1535689,44.5133514404297
2610,877.677534741708,1000,842.826382608987,1536689,73.8223037719727
2611,863.781968686156,1000,845.886543407563,1537689,66.2061996459961
2612,856.263990333209,1000,850.020892476557,1538689,72.2854690551758
2613,870.55365585451,1000,854.671725478323,1539689,75.4942626953125
2614,830.930114708861,1000,854.071390098406,1540689,45.6654167175293
2615,844.924075439175,1000,855.770408348474,1541689,60.1657600402832
2616,867.832013744719,1000,856.292776415336,1542689,67.7178497314453
2617,835.040103275889,1000,854.358496151426,1543689,47.2912864685059
2618,835.762279764488,1000,850.898572631708,1544689,41.855583190918
2619,851.955437143174,1000,853.472117369189,1545689,56.5141410827637
2620,860.437399800866,1000,851.748103875105,1546689,71.1851654052734
2621,783.47937324786,1000,843.717844331275,1547689,31.7965297698975
2622,838.651882408148,1000,841.956633538769,1548689,44.3147430419922
2623,871.270981128308,1000,842.028366066149,1549689,75.8125305175781
2624,824.475865228103,1000,841.382941118073,1550689,36.2752456665039
2625,832.529251382242,1000,840.14345871238,1551689,38.7428817749023
2626,866.345859558135,1000,839.994843293721,1552689,58.8320045471191
2627,832.736042133764,1000,839.764437179509,1553689,47.5417785644531
2628,841.624240406877,1000,840.350633243748,1554689,40.5141983032227
2629,872.08027631065,1000,842.363117160495,1555689,65.4996337890625
2630,872.84339308339,1000,843.603716488748,1556689,75.0537643432617
2631,830.048521920407,1000,848.260631356002,1557689,35.0289497375488
2632,835.529624766317,1000,847.948405591819,1558689,40.8476448059082
2633,826.933087933201,1000,843.514616272309,1559689,45.6186065673828
2634,834.904581326245,1000,844.557487882123,1560689,44.0513038635254
2635,828.904926768482,1000,844.195055420747,1561689,47.1261253356934
2636,836.254484600402,1000,841.185917924974,1562689,40.4573707580566
2637,879.737646308767,1000,845.886078342474,1563689,74.8297119140625
2638,834.66309241429,1000,845.189963543215,1564689,39.4432525634766
2639,824.278405517278,1000,840.409776463878,1565689,38.4572257995605
2640,793.726112414199,1000,832.498048396959,1566689,37.3689994812012
2641,822.365203159618,1000,831.72971652088,1567689,48.9869041442871
2642,873.779094480027,1000,835.554663492251,1568689,70.3195037841797
2643,827.745024198523,1000,835.635857118783,1569689,45.1641387939453
2644,828.97669455203,1000,835.043068441362,1570689,38.6907157897949
2645,831.038295599768,1000,835.25640532449,1571689,44.1955337524414
2646,843.458848112978,1000,835.976841675748,1572689,46.9179916381836
2647,866.123563762887,1000,834.61543342116,1573689,75.2782211303711
2648,830.73066211725,1000,834.222190391456,1574689,41.2804298400879
2649,835.84933573179,1000,835.379283412907,1575689,46.4860076904297
2650,828.729097530906,1000,838.879581924578,1576689,40.5831718444824
2651,834.086401351557,1000,840.051701743772,1577689,43.5250587463379
2652,835.42239743155,1000,836.216032038924,1578689,42.0013542175293
2653,839.281984293539,1000,837.369728048426,1579689,42.7985458374023
2654,836.253265701673,1000,838.09738516339,1580689,40.9179916381836
2655,872.726063775524,1000,842.266161980966,1581689,67.928955078125
2656,841.426153206557,1000,842.062892490323,1582689,42.0638160705566
2657,836.887742996194,1000,839.139310413654,1583689,38.4706039428711
2658,827.726987919376,1000,838.838942993867,1584689,37.3393745422363
2659,880.608405003368,1000,843.314849921024,1585689,75.9984741210938
2660,869.854210491783,1000,847.427361217112,1586689,72.6132888793945
2661,826.439286558386,1000,846.662649737795,1587689,37.4302253723145
2662,841.958186924315,1000,847.316228687071,1588689,41.1133499145508
2663,868.292837100322,1000,850.21731396775,1589689,75.4735412597656
2664,857.489870098614,1000,852.340974407444,1590689,48.3528060913086
2665,874.937839769646,1000,852.562152006856,1591689,60.869213104248
2666,826.796720188779,1000,851.099208705078,1592689,40.4386825561523
2667,832.132183201437,1000,850.623652725602,1593689,49.1460037231445
2668,828.552976426836,1000,850.706251576348,1594689,39.7186965942383
2669,873.146137707883,1000,849.9600248468,1595689,76.3280944824219
2670,863.570471649019,1000,849.331650962524,1596689,75.9681243896484
2671,828.830995607571,1000,849.570821867442,1597689,38.8513641357422
2672,864.129486413981,1000,851.787951816409,1598689,75.0196990966797
2673,870.114620081408,1000,851.970130114517,1599689,73.6757431030273
2674,836.534903110069,1000,849.874633415663,1600689,46.2204360961914
2675,831.101885740487,1000,845.491038012747,1601689,41.2398452758789
2676,874.045258152427,1000,850.215891809112,1602689,76.5864944458008
2677,821.536953934534,1000,849.156368882421,1603689,37.5326690673828
2678,839.259014088852,1000,850.226972648623,1604689,39.4284591674805
2679,860.644808834463,1000,848.976839761281,1605689,76.5552749633789
2680,832.479950385913,1000,845.867787634971,1606689,43.6279907226562
2681,868.917339641979,1000,849.876422038411,1607689,75.1716079711914
2682,872.025697782372,1000,850.66604317525,1608689,74.7891616821289
2683,839.027138234094,1000,847.557294990519,1609689,43.6363906860352
2684,842.545939343683,1000,848.158398613881,1610689,41.1821365356445
2685,867.758116815117,1000,851.824021721344,1611689,73.008056640625
2686,827.541816577903,1000,847.173677563891,1612689,35.1592025756836
2687,871.478725450847,1000,852.167854715522,1613689,69.6653137207031
2688,870.628155682096,1000,855.304768874847,1614689,69.5494918823242
2689,879.93318727968,1000,857.233606719368,1615689,76.0061874389648
2690,835.012566577765,1000,857.486868338554,1616689,37.5671997070312
2691,846.20167486787,1000,855.215301861143,1617689,48.4700202941895
2692,844.016380873311,1000,852.414370170237,1618689,46.6727981567383
2693,878.965894916719,1000,856.408245838499,1619689,77.6244964599609
2694,822.198853034295,1000,854.37353720756,1620689,32.0484275817871
2695,871.816949623785,1000,854.779420488427,1621689,75.2479248046875
2696,864.464857596871,1000,858.471724590324,1622689,57.246898651123
2697,852.994597227474,1000,856.623311767986,1623689,77.5877456665039
2698,868.204450312109,1000,856.380941230988,1624689,53.4656562805176
2699,841.818230728505,1000,852.56944557587,1625689,40.5649757385254
2700,839.393599526922,1000,853.007548870786,1626689,42.7801818847656
2701,830.988401727504,1000,851.486221556749,1627689,43.2596778869629
2702,835.031417062777,1000,850.587725175696,1628689,45.0675888061523
2703,852.013050813087,1000,847.892440765333,1629689,71.434928894043
2704,839.069245682047,1000,849.579480030108,1630689,43.4883918762207
2705,862.857613034571,1000,848.683546371187,1631689,73.734001159668
2706,831.043977250844,1000,845.341458336584,1632689,33.0003967285156
2707,829.317479760302,1000,842.973746589867,1633689,36.0997734069824
2708,877.132264618164,1000,843.866528020472,1634689,72.0918350219727
2709,870.260838497609,1000,846.710788797383,1635689,64.6105117797852
2710,827.118764402166,1000,845.483305284907,1636689,44.9073219299316
2711,864.662821624844,1000,848.850747274641,1637689,74.1666107177734
2712,830.778250260807,1000,848.425430594444,1638689,38.4145584106445
2713,850.948846315837,1000,848.319010144719,1639689,69.0950469970703
2714,848.460515057148,1000,849.258137082229,1640689,63.6054496765137
2715,827.963363960881,1000,845.76871217486,1641689,46.2328491210938
2716,828.778480089201,1000,845.542162458696,1642689,51.0132446289062
2717,840.398974270504,1000,846.650311909716,1643689,43.4277801513672
2718,832.243185278688,1000,842.161403975769,1644689,37.6680335998535
2719,859.832553515001,1000,841.118575477508,1645689,69.0197906494141
2720,862.481537060212,1000,844.654852743312,1646689,78.673583984375
2721,831.324476253254,1000,841.321018206153,1647689,45.3777923583984
2722,835.676005118578,1000,841.81079369193,1648689,46.7915153503418
2723,831.98108285057,1000,839.914017345404,1649689,39.341365814209
2724,837.420028248419,1000,838.809968664531,1650689,48.0151329040527
2725,835.41919654136,1000,839.555551922579,1651689,40.336254119873
2726,864.620433427137,1000,843.139747256372,1652689,74.2293472290039
2727,866.910030081075,1000,845.790852837429,1653689,78.3960647583008
2728,832.652557525568,1000,845.831790062118,1654689,34.7168159484863
2729,869.605179724447,1000,846.809052683062,1655689,78.1515197753906
2730,832.400865192353,1000,843.800985496276,1656689,57.6857070922852
2731,817.063125275847,1000,842.374850398536,1657689,40.5547485351562
2732,829.406508283699,1000,841.747900715048,1658689,42.4506149291992
2733,827.642823171186,1000,841.314074747109,1659689,48.2454414367676
2734,832.214884403651,1000,840.793560362632,1660689,35.6733779907227
2735,20.7790141796056,32,759.329542126457,1660721,52.7789039611816
2736,833.441122393866,1000,756.21161102313,1661721,41.4289970397949
2737,834.03971118534,1000,752.924579133556,1662721,38.7667541503906
2738,870.465610211599,1000,756.705884402159,1663721,77.5597152709961
2739,830.286073133626,1000,752.773973743077,1664721,36.107364654541
2740,834.772199936426,1000,753.011107217484,1665721,37.0855178833008
2741,845.581987037559,1000,755.862993393656,1666721,45.9783744812012
2742,827.94290662174,1000,755.71663322746,1667721,35.567138671875
2743,864.121661280777,1000,759.364517038419,1668721,75.5578994750977
2744,825.27483723871,1000,758.670512321925,1669721,38.2402153015137
2745,835.676292595415,1000,840.160240163506,1670721,46.173152923584
2746,864.891595642893,1000,843.305287488408,1671721,61.5981941223145
2747,828.361225240712,1000,842.737438893946,1672721,36.0349082946777
2748,821.334049206998,1000,837.824282793486,1673721,47.3428802490234
2749,868.511598275291,1000,841.646835307652,1674721,66.7294387817383
2750,838.094238753071,1000,841.979039189317,1675721,40.6279144287109
2751,868.608855672211,1000,844.281726052782,1676721,75.5031661987305
2752,831.96091078929,1000,844.683526469537,1677721,50.7422866821289
2753,24.4837819656345,37,760.719738538023,1677758,52.1403884887695
2754,865.155647443681,1000,764.70781955852,1678758,70.8590698242188
2755,827.77328778181,1000,763.917519077159,1679758,47.3183288574219
2756,837.024289801848,1000,761.130788493055,1680758,36.7062683105469
2757,842.492824382905,1000,762.543948407274,1681758,38.0707130432129
2758,879.354834522016,1000,768.346026938776,1682758,77.9459457397461
2759,843.712430630551,1000,765.866110174302,1683758,42.1407279968262
2760,802.690022042227,1000,762.325688503217,1684758,33.8622741699219
2761,881.082108593672,1000,763.573013795363,1685758,78.1106185913086
2762,839.212129850379,1000,764.298135701472,1686758,40.9919929504395
2763,840.551558338955,1000,845.904913338804,1687758,37.9941215515137
2764,836.026445090964,1000,842.991993103533,1688758,47.9053916931152
2765,871.55255035846,1000,847.369919361198,1689758,78.6874160766602
2766,876.536165101546,1000,851.321106891167,1690758,78.1591186523438
2767,786.728266022074,1000,845.744651055084,1691758,46.7568702697754
2768,887.185006306048,1000,846.527668233488,1692758,76.9854354858398
2769,841.266439271899,1000,846.283069097623,1693758,39.4584732055664
2770,841.390546304148,1000,850.153121523814,1694758,41.5581283569336
2771,870.570246245403,1000,849.101935288988,1695758,77.0628662109375
2772,870.97817773616,1000,852.278540077566,1696758,77.142219543457
2773,830.976920199585,1000,851.321076263629,1697758,33.580436706543
2774,885.239488702191,1000,856.242380624751,1698758,70.0500946044922
2775,877.618894467549,1000,856.84901503566,1699758,77.416618347168
2776,844.25997078089,1000,853.621395603595,1700758,40.4829711914062
2777,839.809912648099,1000,858.929560266197,1701758,44.6049346923828
2778,836.805955159205,1000,853.891655151513,1702758,40.7910995483398
2779,843.862532144831,1000,854.151264438806,1703758,44.7122383117676
2780,790.923943085584,1000,849.10460411695,1704758,36.5395774841309
2781,867.8646163757,1000,848.834041129979,1705758,77.1494293212891
2782,840.629324294907,1000,845.799155785854,1706758,36.1167793273926
2783,793.557314056053,1000,842.057195171501,1707758,33.8470001220703
2784,830.398061422976,1000,836.573052443579,1708758,39.8905410766602
2785,830.842563975928,1000,831.895419394417,1709758,55.2458877563477
2786,866.155060362961,1000,834.084928352624,1710758,77.099967956543
2787,823.375176952071,1000,832.441454783021,1711758,47.9894180297852
2788,866.905953772606,1000,835.451454644362,1712758,79.7811965942383
2789,871.847442225971,1000,838.249945652476,1713758,63.6119384765625
2790,869.76711420815,1000,846.134262764732,1714758,79.0625381469727
2791,831.458776883192,1000,842.493678815481,1715758,44.9919204711914
2792,829.502863098742,1000,841.381032695865,1716758,34.430477142334
2793,837.210881825316,1000,845.746389472791,1717758,61.4170303344727
2794,57.4885139571537,119,768.455434726209,1717877,40.410041809082
2795,839.981258750439,1000,769.36930420366,1718877,43.0130081176758
2796,880.044050111574,1000,770.758203178522,1719877,79.4165496826172
2797,830.240380544528,1000,771.444723537767,1720877,48.3894271850586
2798,836.641386626529,1000,768.418266823159,1721877,37.0174407958984
2799,832.764117076551,1000,764.509934308218,1722877,39.0020446777344
2800,876.097473295979,1000,765.142970217,1723877,77.8701171875
2801,828.310591184166,1000,764.828151647098,1724877,37.9597549438477
2802,832.689312288774,1000,765.146796566101,1725877,41.55712890625
2803,836.786306601833,1000,765.104339043753,1726877,36.2982215881348
2804,830.461414963669,1000,842.401629144404,1727877,35.8603134155273
2805,833.566874546274,1000,841.760190723988,1728877,46.9117469787598
2806,837.007086676702,1000,837.456494380501,1729877,47.3586387634277
2807,866.576711101561,1000,841.090127436204,1730877,58.2028007507324
2808,871.270738473247,1000,844.553062620875,1731877,77.8273010253906
2809,866.039765844532,1000,847.880627497674,1732877,62.5410079956055
2810,836.292071935001,1000,843.900087361576,1733877,41.8381423950195
2811,824.691508375623,1000,843.538179080722,1734877,41.9380302429199
2812,839.543071949362,1000,844.22355504678,1735877,44.6915702819824
2813,859.528196317735,1000,846.497744018371,1736877,62.7131500244141
2814,836.980316853849,1000,847.149634207388,1737877,47.4802436828613
2815,874.292086329567,1000,851.222155385718,1738877,77.1253356933594
2816,821.283051138677,1000,849.649751831915,1739877,34.9843902587891
2817,822.525222840851,1000,845.244603005844,1740877,47.5339012145996
2818,834.447191609438,1000,841.562248319463,1741877,41.9614944458008
2819,835.262382169303,1000,838.48450995194,1742877,41.9530296325684
2820,834.296399868302,1000,838.284942745271,1743877,38.5081481933594
2821,841.705840097127,1000,839.986375917421,1744877,43.8264465332031
2822,838.872480663942,1000,839.919316788879,1745877,37.6265182495117
2823,831.131542444774,1000,837.079651401583,1746877,37.8591995239258
2824,828.683877558709,1000,836.250007472069,1747877,38.7963638305664
2825,829.01428773791,1000,831.722227612903,1748877,39.5547714233398
2826,835.235946642741,1000,833.11751716331,1749877,42.1565856933594
2827,785.727283703129,1000,829.437723249537,1750877,35.0486488342285
2828,835.600582148713,1000,829.553062303465,1751877,44.968677520752
2829,833.00572242726,1000,829.327396329261,1752877,47.8147506713867
2830,781.451231859897,1000,824.04287952842,1753877,35.7777709960938
2831,852.770066642192,1000,825.149302182927,1754877,74.9490356445312
2832,64.0192810425685,125,747.66398222079,1755002,36.7238121032715
2833,820.408077904822,1000,746.591635766794,1756002,42.015567779541
2834,832.336138299438,1000,746.956861840867,1757002,48.1208648681641
2835,834.664052865918,1000,747.521838353668,1758002,46.0201530456543
2836,824.398398884363,1000,746.43808357783,1759002,43.5799789428711
2837,826.478811105228,1000,750.51323631804,1760002,48.3962364196777
2838,832.222411762136,1000,750.175419279382,1761002,44.1884956359863
2839,840.890841565224,1000,750.963931193179,1762002,37.8368606567383
2840,837.278909348111,1000,756.546698942,1763002,48.8844375610352
2841,862.714497474858,1000,757.541142025267,1764002,78.1903762817383
2842,834.960426681037,1000,834.635256589114,1765002,39.9307975769043
2843,852.476921766748,1000,837.842140975306,1766002,61.8029861450195
2844,859.575345675602,1000,840.566061712923,1767002,69.9020538330078
2845,838.541682522449,1000,840.953824678576,1768002,41.8260841369629
2846,825.17127748195,1000,841.031112538334,1769002,35.7821235656738
2847,836.615196643864,1000,842.044751092198,1770002,43.0432357788086
2848,796.534152946718,1000,838.475925210656,1771002,37.2961235046387
2849,826.697508133454,1000,837.056591867479,1772002,37.7402381896973
2850,838.369860962821,1000,837.16568702895,1773002,41.9354400634766
2851,831.924012522164,1000,834.086638533681,1774002,39.1001815795898
2852,874.980026247548,1000,838.088598490332,1775002,72.2568206787109
2853,855.436147102082,1000,838.384521023865,1776002,61.1416091918945
2854,873.545024695522,1000,839.781488925857,1777002,78.6233215332031
2855,837.036945165964,1000,839.631015190209,1778002,38.1080131530762
2856,840.896052986693,1000,841.203492740683,1779002,40.300106048584
2857,868.461317736487,1000,844.388104849945,1780002,70.6146621704102
2858,866.741508824462,1000,851.40884043772,1781002,73.249870300293
2859,825.025071970638,1000,851.241596821438,1782002,38.5552024841309
2860,832.876435008054,1000,850.692254225961,1783002,49.4716796875
2861,866.994370016362,1000,854.199289975381,1784002,77.9517593383789
2862,837.436125570079,1000,850.444899907634,1785002,47.6449241638184
2863,874.974861378291,1000,852.398771335255,1786002,76.5661697387695
2864,830.86573476952,1000,848.130842342655,1787002,43.4270095825195
2865,839.65539624155,1000,848.392687450214,1788002,47.0607223510742
2866,837.940655200666,1000,848.097147671611,1789002,48.7133979797363
2867,841.866836436422,1000,845.437699541605,1790002,51.1098594665527
2868,848.089324849287,1000,843.572481144087,1791002,46.8519859313965
2869,826.049540683313,1000,843.674928015354,1792002,44.6063423156738
2870,863.611682799182,1000,846.748452794467,1793002,69.4399871826172
2871,857.389743477324,1000,845.787990140563,1794002,68.6657409667969
2872,829.334951169577,1000,844.977872700513,1795002,43.190788269043
2873,861.561468868459,1000,843.63653344953,1796002,78.3015213012695
2874,821.335596654852,1000,842.683519638063,1797002,42.8240547180176
2875,834.631976174124,1000,842.18117763132,1798002,39.4928436279297
2876,855.123294499313,1000,843.899441561185,1799002,79.1920623779297
2877,832.650609541935,1000,842.977818871737,1800002,44.6507911682129
2878,829.136095309811,1000,841.082495917789,1801002,44.4329109191895
2879,831.951372663775,1000,841.672679115835,1802002,46.5442924499512
2880,793.28420716263,1000,834.63993155218,1803002,37.7413139343262
2881,826.847732072022,1000,831.58573041165,1804002,36.6597862243652
2882,823.938992868903,1000,831.046134581582,1805002,42.7259216308594
2883,827.776763090907,1000,827.667664003827,1806002,45.1202201843262
2884,62.0954332471589,125,751.743647663058,1806127,39.2843894958496
2885,51.2344186212428,113,673.40389190777,1806240,40.3180770874023
2886,835.841036275179,1000,671.475666085356,1807240,40.5947303771973
2887,63.8437912937801,127,594.594984260541,1807367,39.4689826965332
2888,795.404223458974,1000,591.221797075457,1808367,38.6908073425293
2889,875.222600262738,1000,595.548919835353,1809367,70.2485504150391
2890,841.275707512227,1000,600.348069870313,1810367,41.6897430419922
2891,55.9853820615948,117,523.26183486927,1810484,39.201343536377
2892,861.633426722003,1000,527.03127825458,1811484,68.2583084106445
2893,840.515290818213,1000,528.305131027311,1812484,44.8100624084473
2894,849.918173119794,1000,607.087405014575,1813484,45.7192726135254
2895,878.190767959765,1000,689.783039948427,1814484,70.1037979125977
2896,842.262123046236,1000,690.425148625533,1815484,38.9043960571289
2897,831.935887811077,1000,767.234358277262,1816484,43.5389862060547
2898,29.7448731333379,43,690.668423244698,1816527,60.5192947387695
2899,841.491140747369,1000,687.295277293162,1817527,39.8841247558594
2900,20.5614788631907,35,605.223854428258,1817562,63.9651260375977
2901,839.527621321536,1000,683.578078354252,1818562,44.0644989013672
2902,841.751528078277,1000,681.58988848988,1819562,45.6503410339355
2903,826.570084421317,1000,680.19536785019,1820562,57.1287384033203
2904,805.312282668516,1000,675.734778805062,1821562,40.1364555358887
2905,840.13630599332,1000,671.929332608418,1822562,49.6253433227539
2906,842.60198195202,1000,671.963318498996,1823562,39.4821624755859
2907,873.499166771662,1000,676.119646395054,1824562,64.3519134521484
2908,841.830041911399,1000,757.328163272861,1825562,47.3365631103516
2909,827.470569465935,1000,755.926106144717,1826562,39.2505836486816
2910,863.274328628376,1000,840.197391121236,1827562,58.6637802124023
2911,833.675449768344,1000,839.612173965917,1828562,45.4863357543945
2912,869.293521720992,1000,842.366373330188,1829562,65.9059524536133
2913,850.134992812189,1000,844.722864169275,1830562,45.3556518554688
2914,833.923636552347,1000,847.583999557659,1831562,38.3173904418945
2915,867.841275899291,1000,850.354496548255,1832562,78.4725036621094
2916,861.742720945786,1000,852.268570447632,1833562,79.7369918823242
2917,790.835792881249,1000,844.002233058591,1834562,38.0334434509277
2918,826.018226840983,1000,842.421051551549,1835562,56.9502487182617
2919,841.847241517039,1000,843.85871875666,1836562,41.6269111633301
2920,859.718374869427,1000,843.503123380765,1837562,71.6280059814453
2921,831.297131378765,1000,843.265291541807,1838562,44.6395149230957
2922,874.482649878141,1000,843.784204357522,1839562,79.9131698608398
2923,7.75697313765817,16,759.546402390069,1839578,46.6435623168945
2924,795.585872973228,1000,755.712626032157,1840578,39.382625579834
2925,870.149197207783,1000,755.943418163006,1841578,64.5548553466797
2926,834.740444237628,1000,753.24319049219,1842578,47.336181640625
2927,829.295727285074,1000,757.089183932573,1843578,40.1988792419434
2928,829.776751690715,1000,757.465036417546,1844578,43.2841262817383
2929,842.896384790385,1000,757.56995074488,1845578,42.4049415588379
2930,842.523031878319,1000,755.850416445769,1846578,37.9481544494629
2931,838.187528207452,1000,756.539456128638,1847578,47.7871742248535
2932,880.617718196696,1000,757.152962960494,1848578,79.0782318115234
2933,865.102588400381,1000,842.887524486766,1849578,77.0837249755859
2934,863.159985490405,1000,849.644935738484,1850578,78.9259414672852
2935,794.22696979223,1000,842.052712996928,1851578,37.572681427002
2936,829.802852821875,1000,841.558953855353,1852578,58.3401908874512
2937,864.919579815323,1000,845.121339108378,1853578,76.819450378418
2938,825.006840664383,1000,844.644348005745,1854578,41.485408782959
2939,831.503504192326,1000,843.505059945939,1855578,46.9025192260742
2940,873.040455753625,1000,846.55680233347,1856578,80.4930419921875
2941,841.314863490118,1000,846.869535861736,1857578,40.6789131164551
2942,844.004725015048,1000,843.208236543572,1858578,45.7548675537109
2943,799.255710470041,1000,836.623548750538,1859578,40.1363182067871
2944,829.819235248672,1000,833.289473726364,1860578,41.2499313354492
2945,12.0859834282611,75,755.075375089967,1860653,54.2856178283691
2946,833.540953416075,1000,755.449185149387,1861653,41.272331237793
2947,882.454943158601,1000,757.202721483715,1862653,80.5767669677734
2948,880.317155845435,1000,762.73375300182,1863653,80.5494842529297
2949,883.970129821286,1000,767.980415564716,1864653,79.9186935424805
2950,834.136196396142,1000,764.089989628968,1865653,40.4244613647461
2951,793.374145610598,1000,759.295917841016,1866653,40.6852264404297
2952,867.42096978646,1000,761.637542318157,1867653,71.8088073730469
2953,783.665797322768,1000,760.07855100343,1868653,46.0265159606934
2954,17.0236066958581,30,678.798988148148,1868683,56.2102737426758
2955,33.480330894775,53,680.9384228948,1868736,67.4647979736328
2956,52.495370230287,114,602.833864576221,1868850,37.9802398681641
2957,840.640806132167,1000,598.652450873578,1869850,42.4299087524414
2958,797.387603005273,1000,590.359495589561,1870850,38.1021614074707
2959,871.019830702177,1000,589.06446567765,1871850,78.9978179931641
2960,792.462489521627,1000,584.897094990199,1872850,38.0061645507812
2961,834.029599969228,1000,588.962640426062,1873850,46.8398094177246
2962,841.891893479149,1000,586.409732795331,1874850,45.8377723693848
2963,860.713499889837,1000,594.114503052038,1875850,79.1157989501953
2964,854.882537385827,1000,677.900396121035,1876850,70.9974136352539
2965,843.760597465577,1000,758.928422778115,1877850,41.3813400268555
2966,861.356306444622,1000,839.814516399548,1878850,80.1549987792969
2967,878.81931415163,1000,843.632367201495,1879850,78.710334777832
2968,869.758684788493,1000,850.869475379817,1880850,78.7515869140625
2969,10.7698989674158,19,764.844482206341,1880869,64.0525131225586
2970,838.801573450071,1000,769.478390599185,1881869,47.105785369873
2971,869.963192138775,1000,773.07174981614,1882869,77.3709487915039
2972,826.835367332756,1000,771.5660972015,1883869,43.1336936950684
2973,793.908928769314,1000,764.885640089448,1884869,38.1279907226562
2974,874.561115236255,1000,766.853497874491,1885869,80.0531921386719
2975,808.863031507174,1000,763.363741278651,1886869,40.6786880493164
2976,798.822816180902,1000,757.110392252279,1887869,39.4303245544434
2977,103.842593406225,216,679.612720177738,1888085,38.4921340942383
2978,869.994185479004,1000,679.636270246789,1889085,80.0346984863281
2979,815.965947973286,1000,760.155875147376,1890085,41.6763496398926
2980,817.090444602818,1000,757.984762262651,1891085,51.6041679382324
2981,855.295014029493,1000,756.517944451723,1892085,78.8439559936523
2982,10.3210653845392,19,674.866514256901,1892104,61.9267349243164
2983,808.492459084664,1000,676.324867288436,1893104,41.7951354980469
2984,827.071692844669,1000,671.575925049277,1894104,44.9824981689453
2985,854.767381991016,1000,676.166360097662,1895104,75.772102355957
2986,777.577584227901,1000,674.041836902361,1896104,38.9373016357422
2987,814.874197144706,1000,745.14499727621,1897104,47.3160934448242
2988,795.213615081876,1000,737.666940236497,1898104,45.0447158813477
2989,829.566243156204,1000,739.026969754789,1899104,46.2328720092773
2990,810.455757287444,1000,738.363501023251,1900104,40.2687759399414
2991,762.883650916926,1000,729.122364711994,1901104,41.1626892089844
2992,802.783212624796,1000,808.36857943602,1902104,42.7883605957031
2993,816.289054014982,1000,809.148238929052,1903104,48.2864151000977
2994,17.3103193148417,27,728.172101576069,1903131,57.1594390869141
2995,821.448774114002,1000,724.840240788368,1904131,52.0032806396484
2996,783.182483110113,1000,725.400730676589,1905131,40.7267227172852
2997,852.008295579576,1000,729.114140520076,1906131,72.5158157348633
2998,856.0129613989,1000,735.194075151779,1907131,76.1494979858398
2999,864.55378728371,1000,738.692829564529,1908131,77.577751159668
3000,827.861279276982,1000,740.433381763483,1909131,42.9308700561523
