Episode,EpisodeReward,EpisodeSteps,AverageReward,StepCount,EpisodeQ0
1,-114.91280003036,15,-114.91280003036,15,-0.0435718819499016
2,-119.224017534177,19,-117.068408782269,34,-0.0477113910019398
3,-113.393298075518,15,-115.843371880019,49,-0.048772294074297
4,-110.288680737756,12,-114.454699094453,61,-0.0482451245188713
5,-110.467407529373,11,-113.657240781437,72,-0.0428354740142822
6,-112.726621564021,14,-113.502137578534,86,-0.0529806911945343
7,-117.520591533857,19,-114.076202429295,105,-0.0545610003173351
8,-110.564915359829,11,-113.637291545611,116,-0.0480471141636372
9,-109.522251957485,12,-113.180064924709,128,-0.0518009550869465
10,-119.195065574328,20,-113.781564989671,148,-0.0523210354149342
11,-118.124816937352,18,-114.176406075823,166,-0.0472491830587387
12,-110.215174398853,11,-113.846303436076,177,-0.049484770745039
13,-110.774683103676,12,-113.610024948968,189,-0.050194788724184
14,-120.831518181407,23,-114.125845894142,212,-0.0420575961470604
15,-133.233054951973,33,-115.399659831331,245,-0.0512930043041706
16,-110.493448015314,11,-115.09302159283,256,-0.0429646633565426
17,-109.84050340121,11,-114.7840499345,267,-0.0525947846472263
18,-117.65956301407,18,-114.943800661142,285,-0.0445010662078857
19,-113.48329821385,14,-114.866932111285,299,-0.0501607023179531
20,-118.432651890517,18,-115.045218100246,317,-0.0436889976263046
21,-109.953589173883,11,-114.797257557423,328,-0.0460015349090099
22,-113.251353993515,15,-114.498624380389,343,-0.0490512773394585
23,-112.465688889265,14,-114.452243921077,357,-0.0504157952964306
24,-120.292614405937,20,-114.952440604486,377,-0.0454257130622864
25,-110.541461490398,13,-114.956143302537,390,-0.0578092895448208
26,-115.359439277054,16,-115.087784188189,406,-0.0526109673082829
27,-111.291958367414,12,-114.776352529867,418,-0.0441398769617081
28,-119.312861990101,19,-115.21374986138,437,-0.0474199131131172
29,-124.917608084262,28,-115.983517667719,465,-0.0402831099927425
30,-121.065272330053,22,-116.077028005505,487,-0.0423155874013901
31,-111.841217422559,12,-115.762848029766,499,-0.0439766049385071
32,-113.729125204909,15,-115.938545570068,514,-0.0476911775767803
33,-122.012537970077,22,-116.500438313388,536,-0.0551386401057243
34,-114.496925820259,16,-116.183708695331,552,-0.0544353276491165
35,-115.091709061275,15,-115.276641400796,567,-0.0427257344126701
36,-114.661940521964,15,-115.485066026129,582,-0.0476604662835598
37,-113.540883445575,14,-115.670085028347,596,-0.047936525195837
38,-112.526543608702,13,-115.413434058078,609,-0.0490827485918999
39,-110.471242260588,11,-115.262831260415,620,-0.046408724039793
40,-119.055630013498,20,-115.293980166564,640,-0.0524148792028427
41,-129.018943247316,31,-116.247247870236,671,-0.0458647646009922
42,-112.326239622437,14,-116.200992151682,685,-0.0564087778329849
43,-114.262494646549,15,-116.290832439546,700,-0.0467013455927372
44,-123.407534918932,39,-116.446578465196,739,-0.0518582165241241
45,-123.240448151729,25,-117.081527798263,764,-0.0473090521991253
46,-109.145792556983,11,-116.770845462259,775,-0.0490220040082932
47,-112.235536987161,13,-116.818024393246,788,-0.0418228805065155
48,-109.325734640751,12,-116.318668025779,800,-0.0537670664489269
49,-112.427336715291,14,-115.69415445733,814,-0.0472411029040813
50,-111.040600969303,11,-115.192920889293,825,-0.0450559929013252
51,-113.269159055193,14,-115.264317970925,839,-0.0508772246539593
52,-111.079770088219,12,-115.13185021509,851,-0.053563266992569
53,-109.038880906885,10,-114.48316736193,861,-0.049680408090353
54,-112.55994224614,14,-114.386318183225,875,-0.0488908179104328
55,-123.048185693667,25,-114.784142014844,900,-0.0489139296114445
56,-120.890012794986,23,-115.095545628495,923,-0.0544230677187443
57,-111.57648293452,13,-114.997325602942,936,-0.0540006868541241
58,-111.355977016158,12,-114.938797273315,948,-0.0459593310952187
59,-119.37968809376,21,-115.384219564974,969,-0.0475403442978859
60,-117.603658497356,19,-115.311620989167,988,-0.0559389553964138
61,-113.976926779014,15,-114.559520165752,1003,-0.0475554242730141
62,-110.885906410941,12,-114.487503505177,1015,-0.544617056846619
63,-109.625430547947,10,-114.255650300247,1025,-1.72938466072083
64,-118.913223441215,20,-114.030934726361,1045,-3.94154691696167
65,-121.300800396106,25,-113.93395233858,1070,-5.50324010848999
66,-125.881918606022,29,-114.770758641032,1099,-4.09908533096313
67,-112.918921376127,14,-114.80492786048,1113,-2.58636212348938
68,-103.24395814797,3,-114.500839035841,1116,-1.53157925605774
69,-108.999395145961,10,-114.329441957375,1126,-1.07694029808044
70,-111.781818105362,13,-114.366502814177,1139,-0.756425976753235
71,-111.064006593716,12,-114.256245191104,1151,-1.00715446472168
72,-109.805220660336,10,-114.19251771971,1161,-1.17428600788116
73,-105.354052658822,5,-114.008276307306,1166,-1.22481346130371
74,-104.276740854871,4,-113.594116237743,1170,-1.56987142562866
75,-105.276812152024,5,-112.705547560661,1175,-1.96083354949951
76,-108.434023920705,10,-112.082748116947,1185,-1.94931280612946
77,-109.508040838436,11,-111.979326012142,1196,-2.16691398620605
78,-108.646721154785,10,-111.843863219074,1206,-2.38908362388611
79,-109.135390017073,10,-111.331648315239,1216,-2.42555260658264
80,-109.204470778838,10,-110.911688929314,1226,-2.58655381202698
81,-108.687760242042,9,-110.647230602465,1235,-2.74367952346802
82,-109.001220944131,11,-110.552996329124,1246,-2.15405917167664
83,-110.517429339948,11,-110.597596268724,1257,-2.29604244232178
84,-121.058755843326,21,-110.70487288883,1278,-2.50974416732788
85,-116.63008123054,21,-110.471336930552,1299,-1.99636566638947
86,-113.579783226571,16,-109.856230161579,1315,-2.5296459197998
87,-111.69076953943,12,-109.794822569744,1327,-1.41693806648254
88,-154.049621559712,56,-112.335105740331,1383,-2.12451887130737
89,-112.05420517355,14,-112.487846241711,1397,-2.14175891876221
90,-126.97999839644,29,-113.247755256265,1426,-1.9874746799469
91,-153.616912701402,46,-115.375400561649,1472,-2.00328350067139
92,-128.865090509075,31,-116.328394054086,1503,-2.30744910240173
93,-115.508179384182,16,-116.836100390354,1519,-1.73526811599731
94,-127.277040594121,27,-117.986115377316,1546,-2.18279933929443
95,-121.674201531095,22,-118.80598484627,1568,-1.32942891120911
96,-135.86993276827,33,-120.177780288648,1601,-2.22599935531616
97,-131.978920775404,32,-121.301324285497,1633,-2.24010229110718
98,-116.313421405167,16,-121.684659298016,1649,-1.80849254131317
99,-116.470606458453,19,-122.051420120085,1668,-1.85635757446289
100,-171.161411133022,60,-125.149267137794,1728,-2.37694787979126
101,-146.26868625267,45,-127.028313438325,1773,-1.49452543258667
102,-112.04591077748,13,-127.180547929993,1786,-2.55183529853821
103,-139.279156193954,39,-128.618634272693,1825,-2.26325178146362
104,-128.680753145241,29,-128.999734137789,1854,-1.26451861858368
105,-179.127218422063,82,-132.124590997365,1936,-2.27509641647339
106,-117.528488390927,20,-132.322026255583,1956,-2.63187646865845
107,-143.512715308597,40,-133.913123544041,1996,-1.27124929428101
108,-124.781521064844,25,-132.449718519298,2021,-2.58031105995178
109,-127.343992384606,34,-133.214207879851,2055,-2.07215905189514
110,-115.217263448148,18,-132.626071132436,2073,-1.65314412117004
111,-125.205270333472,28,-131.20548901404,2101,-2.3017110824585
112,-112.946322302521,14,-130.409550603712,2115,-2.61395692825317
113,-112.702330638455,13,-130.269258166425,2128,-1.41044282913208
114,-119.100145733619,20,-129.8604134234,2148,-3.07801818847656
115,-116.703438159798,17,-129.611875254836,2165,-2.42115116119385
116,-128.941958760163,28,-129.26547655443,2193,-2.21418118476868
117,-119.01506714087,20,-128.617283872704,2213,-2.4163806438446
118,-140.325142357468,37,-129.817869920319,2250,-2.24478268623352
119,-160.765585213364,67,-132.032618858064,2317,-2.66233801841736
120,-127.581847013065,28,-129.853640652066,2345,-2.05282545089722
121,-130.883275210339,32,-129.08437009995,2377,-2.57978463172913
122,-132.438642184958,42,-130.104006670324,2419,-3.26508283615112
123,-178.958671588229,78,-132.087982440037,2497,-2.17892217636108
124,-117.152785172675,18,-131.511584041409,2515,-2.12921547889709
125,-160.121436268772,58,-130.561294933744,2573,-2.94412803649902
126,-146.833361050654,52,-132.026538566731,2625,-2.25177145004272
127,-152.156802857333,58,-132.458742944168,2683,-2.35223817825317
128,-135.041993659769,35,-132.971766573914,2718,-3.37298822402954
129,-145.433432623077,48,-133.876238585837,2766,-2.66280794143677
130,-241.695463414812,143,-140.200148584171,2909,-3.33680391311646
131,-131.299014112883,32,-140.504835773141,2941,-2.66442584991455
132,-123.074216624059,23,-141.011230489218,2964,-2.65924119949341
133,-125.004126960903,26,-141.62632030534,2990,-3.51234483718872
134,-205.821754126134,111,-145.962400724966,3101,-3.73935103416443
135,-113.446650542249,14,-145.799561344089,3115,-3.70604419708252
136,-114.524433859885,16,-145.078685099075,3131,-2.73106956481934
137,-118.489761623782,20,-145.05241982322,3151,-3.3241171836853
138,-157.522392205223,53,-145.912282315608,3204,-2.81229591369629
139,-135.779323448827,36,-144.662969227381,3240,-3.74784398078918
140,-123.512820022587,24,-144.459517877858,3264,-3.24770355224609
141,-130.16410974773,38,-144.423559604727,3302,-3.96574640274048
142,-148.50874751983,71,-145.227064871471,3373,-3.07172894477844
143,-119.566995292364,19,-142.257481056677,3392,-3.30527973175049
144,-171.877328199124,75,-144.993708208,3467,-3.48739981651306
145,-190.077752997985,91,-146.491524044461,3558,-3.67221570014954
146,-129.00268338031,31,-145.599990160943,3589,-2.70009183883667
147,-136.039681242246,33,-144.794134080189,3622,-3.9466028213501
148,-228.587506214861,171,-149.471409707944,3793,-3.22945976257324
149,-135.780308900254,38,-148.988753521802,3831,-3.61229252815247
150,-160.406092377925,61,-144.924284969958,3892,-3.5025806427002
151,-117.060141590313,17,-144.21234134383,3909,-2.93357419967651
152,-115.00660854003,16,-143.808960939628,3925,-4.31490421295166
153,-152.023682094712,64,-145.159938696319,3989,-4.08528804779053
154,-139.950029378721,45,-141.866352458948,4034,-2.85310840606689
155,-181.832230842941,93,-145.285631473983,4127,-3.5191957950592
156,-174.14772469067,79,-148.266796015522,4206,-3.46618723869324
157,-221.533164560633,120,-153.418966162364,4326,-4.70313215255737
158,-204.865411418352,123,-155.786117123021,4449,-3.15617084503174
159,-162.3720966678,108,-157.11575578397,4557,-3.94398021697998
160,-213.31697312586,114,-161.605963439133,4671,-3.7654139995575
161,-316.038928716453,300,-170.899704387569,4971,-3.53241920471191
162,-180.541981219257,91,-172.501366072541,5062,-3.92251205444336
163,-319.188298108211,225,-182.482431213333,5287,-4.22100925445557
164,-392.304115085246,297,-193.503770557639,5584,-3.6282434463501
165,-349.778605803869,260,-201.488813197933,5844,-4.75595092773438
166,-161.813459849549,59,-203.129352021395,5903,-3.38157081604004
167,-159.391959199071,60,-204.296965919236,5963,-4.26061725616455
168,-292.092930828007,215,-207.472237149894,6178,-3.9787392616272
169,-291.884338244698,300,-215.277438617116,6478,-3.55211901664734
170,-299.343896253219,198,-222.224328810881,6676,-3.96098232269287
171,-360.310592163738,265,-234.386851339552,6941,-3.74612712860107
172,-242.558245677048,138,-240.764433196403,7079,-4.87526082992554
173,-296.445851607637,300,-247.985541672049,7379,-3.23618531227112
174,-216.638635946997,121,-251.819972000463,7500,-4.86311483383179
175,-274.696178966903,300,-256.463169406661,7800,-3.88435554504395
176,-263.347724818071,166,-260.923169413031,7966,-3.74085211753845
177,-236.60208015384,141,-261.676615192691,8107,-4.35044002532959
178,-345.284285387524,245,-268.69755889115,8352,-4.02625942230225
179,-301.627088445514,300,-275.660308480036,8652,-4.30835819244385
180,-291.318829150053,300,-279.560401281245,8952,-3.67152261734009
181,-294.127125295906,219,-278.464811110218,9171,-4.72463989257812
182,-241.48525931224,143,-281.511975014867,9314,-3.91089057922363
183,-295.013530969143,300,-280.303236657914,9614,-4.81460618972778
184,-323.051798143106,251,-276.840620810807,9865,-4.44374561309814
185,-279.177502739117,300,-273.310565657569,10165,-3.9437997341156
186,-308.095343372566,300,-280.62465983372,10465,-4.6734938621521
187,-309.294653446202,300,-288.119794546076,10765,-4.51011276245117
188,-315.512097396853,225,-289.290752874519,10990,-4.18581771850586
189,-287.900533598991,300,-289.091562642233,11290,-4.7100248336792
190,-302.303590110006,300,-289.239547335073,11590,-4.39233779907227
191,-309.879983751689,300,-286.71801691447,11890,-4.17370080947876
192,-294.632401899509,300,-289.321724725593,12190,-4.67677879333496
193,-310.961074525446,300,-290.047485871484,12490,-4.34394502639771
194,-302.792838719848,300,-294.355196010126,12790,-4.97687530517578
195,-298.146965264601,300,-295.527735325011,13090,-4.18128252029419
196,-299.033179320299,300,-297.312008050123,13390,-4.38020038604736
197,-279.15590900041,300,-299.439699492451,13690,-4.43958234786987
198,-258.629388102694,300,-295.10695462821,13990,-4.98945426940918
199,-306.688959234939,300,-295.360048167681,14290,-4.01161861419678
200,-290.601737834521,300,-295.324193601904,14590,-5.17522048950195
201,-264.578533014458,300,-293.846763987832,14890,-3.81486225128174
202,-301.103242383173,300,-296.827663141379,15190,-5.48385047912598
203,-289.249688944823,300,-296.539471040163,15490,-4.5274715423584
204,-278.033875169869,300,-294.288574891501,15790,-4.89576053619385
205,-306.131194875977,300,-295.636259498344,16090,-4.70563888549805
206,-314.973775431298,300,-295.98018110128,16390,-4.7261266708374
207,-264.983372139666,300,-293.764617035954,16690,-4.46868371963501
208,-288.17068233492,300,-292.397546282857,16990,-4.6260404586792
209,-301.539796370083,300,-293.079509421412,17290,-4.97203779220581
210,-314.989423258544,300,-293.713801078838,17590,-4.53588390350342
211,-286.445101137941,300,-292.542056948151,17890,-4.48889207839966
212,-301.54849202379,300,-292.887861454365,18190,-5.12310838699341
213,-311.339510927502,300,-292.906783274468,18490,-4.73118829727173
214,-282.579274920265,300,-291.896105084489,18790,-4.69410562515259
215,-279.877769866731,300,-290.982645314595,19090,-5.21193408966064
216,-248.001081037335,300,-288.431040400447,19390,-4.44094181060791
217,-289.021274314936,300,-288.924308666173,19690,-4.84597587585449
218,-271.273361107931,300,-289.556507316435,19990,-5.31322145462036
219,-251.489529514437,300,-286.79653583041,20290,-5.16084861755371
220,-281.464851407881,300,-286.339691509078,20590,-4.70973014831543
221,-305.646680397386,300,-288.393098878224,20890,-4.68551874160767
222,-223.012323476959,300,-284.488552932914,21190,-5.31456995010376
223,-270.699003836696,300,-283.561018677507,21490,-5.285325050354
224,-263.501286662569,300,-282.834389252142,21790,-4.78296518325806
225,-258.838000660776,300,-280.469729541382,22090,-4.72213745117188
226,-294.903864234017,300,-279.466233981518,22390,-5.12677574157715
227,-265.94109901684,300,-279.514120325377,22690,-5.26143074035645
228,-312.751480378096,300,-280.743160227536,22990,-5.00678205490112
229,-284.120657089931,300,-279.872203263528,23290,-5.46639585494995
230,-266.59135870028,300,-277.452300035615,23590,-5.04710388183594
231,-295.345055424001,300,-277.897297749918,23890,-5.61310768127441
232,-235.224124963142,300,-274.581079396886,24190,-5.4705982208252
233,-299.569761335954,300,-273.992591917308,24490,-5.34201765060425
234,-263.934341992458,300,-273.060345270918,24790,-5.34725379943848
235,-256.296271723429,300,-271.881270363753,25090,-5.56746387481689
236,-274.677488083083,206,-273.21509071604,25296,-5.34210395812988
237,-246.106861934348,300,-271.069370097011,25596,-5.60989475250244
238,-242.085992834021,300,-269.610001683315,25896,-4.94177150726318
239,-267.437367436642,300,-270.407393579426,26196,-5.63834857940674
240,-287.690701107357,300,-270.718686064399,26496,-5.793701171875
241,-234.205541868574,300,-267.146629137959,26796,-5.19615840911865
242,-258.765615444129,300,-268.934293736317,27096,-5.44496202468872
243,-295.051971988249,279,-270.151942143895,27375,-5.71516227722168
244,-268.574905980377,300,-270.405623109785,27675,-5.59669399261475
245,-288.5937623021,300,-271.893411191851,27975,-5.42725324630737
246,-218.588943497737,300,-268.077665155037,28275,-5.5826301574707
247,-226.588216599419,300,-266.110021034166,28575,-5.44295930862427
248,-245.859260508094,300,-262.765410040666,28875,-5.6987133026123
249,-305.572815885404,300,-263.83801798044,29175,-6.14564847946167
250,-302.258726749931,300,-265.621386382922,29475,-5.62302732467651
251,-248.11336486217,300,-263.259801854831,29775,-5.44201374053955
252,-286.091025658526,300,-265.8031468896,30075,-6.40839195251465
253,-251.67754194434,300,-263.408535920019,30375,-5.66970634460449
254,-266.687227491285,300,-263.546180194961,30675,-6.30347204208374
255,-285.734824079966,300,-265.018107812788,30975,-5.98451995849609
256,-261.932897552439,300,-264.380878286255,31275,-6.19369697570801
257,-280.874049956622,300,-266.119237687369,31575,-6.02802181243896
258,-257.751841259439,300,-266.90253010864,31875,-5.6968240737915
259,-238.833746529667,300,-265.472349063291,32175,-6.41157627105713
260,-237.026749349318,300,-262.939151475389,32475,-6.56145763397217
261,-230.831917116241,300,-262.770470237773,32775,-6.05382108688354
262,-236.804676176421,300,-261.672423274387,33075,-5.94251680374146
263,-240.241412775747,300,-258.931895313762,33375,-6.71872711181641
264,-205.764634675835,300,-255.791381748535,33675,-5.94815254211426
265,-252.071464660211,300,-253.965266866441,33975,-5.95475101470947
266,-235.033433638123,300,-254.78749137346,34275,-6.60338878631592
267,-288.983116856031,300,-257.90723638629,34575,-6.11254215240479
268,-291.742412429759,300,-260.201393982374,34875,-6.43125820159912
269,-291.309194080478,300,-259.488212892127,35175,-6.65332555770874
270,-302.187466210631,284,-259.484649865162,35459,-6.37541675567627
271,-317.798634839958,281,-262.968913364052,35740,-6.73206281661987
272,-229.846587622627,300,-260.156691462257,36040,-6.40617561340332
273,-242.634488531622,300,-259.704538791621,36340,-6.27935028076172
274,-225.778884699507,300,-257.659121652032,36640,-6.23317432403564
275,-278.66227203758,300,-257.305494049913,36940,-6.87784194946289
276,-266.010935320526,300,-257.509395938317,37240,-6.56366205215454
277,-292.655591151176,300,-258.098472998045,37540,-6.22440433502197
278,-241.067675727449,300,-257.264264721445,37840,-6.75121450424194
279,-211.843963079952,300,-255.91477554896,38140,-6.56192398071289
280,-250.640125230422,300,-256.595444343015,38440,-6.61180067062378
281,-222.881918575731,300,-256.197944415989,38740,-6.58738946914673
282,-261.783774859787,235,-257.446899350158,38975,-6.64332818984985
283,-267.102769323875,300,-258.789967177564,39275,-6.86915874481201
284,-252.551748700905,300,-261.129322878817,39575,-6.83116865158081
285,-271.327705170329,300,-262.092134904323,39875,-6.86539745330811
286,-296.796664164636,240,-265.180296430649,40115,-7.08138036727905
287,-279.934913261234,300,-264.727886250909,40415,-6.66514301300049
288,-255.854237014426,300,-262.933477480142,40715,-6.8346791267395
289,-251.387778603237,300,-260.93740670628,41015,-7.07461309432983
290,-310.146515653103,300,-261.335359178404,41315,-6.74105644226074
291,-259.667125200757,300,-258.428783696444,41615,-6.69666767120361
292,-233.873003328614,300,-258.630104481743,41915,-6.45267677307129
293,-270.872766530526,300,-260.042018381689,42215,-7.00061798095703
294,-275.558113477437,300,-262.530979820585,42515,-6.66148138046265
295,-257.736530108421,300,-261.484692724127,42815,-6.58564805984497
296,-228.329977920322,300,-259.600644854117,43115,-7.37890720367432
297,-269.677821746258,300,-258.451756383871,43415,-7.13302135467529
298,-241.254395504814,300,-258.461092372739,43715,-6.86557483673096
299,-265.029751216799,300,-261.120381779582,44015,-6.89384651184082
300,-278.827439373313,300,-262.529747486726,44315,-7.3708233833313
301,-267.722244478055,300,-264.771763781842,44615,-7.3562216758728
302,-271.145517062386,300,-265.239850891972,44915,-7.18218898773193
303,-230.938579904592,300,-263.431641421008,45215,-7.17496728897095
304,-248.000602307284,300,-263.204084101327,45515,-7.248131275177
305,-260.770528714356,300,-262.676225278528,45815,-7.10786628723145
306,-273.927779368049,300,-261.532781038699,46115,-7.39525985717773
307,-253.303269556938,300,-260.201198853484,46415,-7.86448097229004
308,-251.905872358506,300,-260.003780620688,46715,-7.84320545196533
309,-306.706134754934,300,-262.769698428273,47015,-7.31107425689697
310,-252.90751384102,300,-259.907748337669,47315,-7.2431435585022
311,-317.720950975414,277,-262.810439626402,47592,-7.48941898345947
312,-294.444918267095,300,-265.839035373326,47892,-7.67909908294678
313,-252.71725252744,300,-264.931259673172,48192,-7.59219980239868
314,-238.598572462984,300,-263.083282622449,48492,-7.55451917648315
315,-303.613868058325,300,-265.377149519944,48792,-7.52802848815918
316,-265.959714549793,300,-267.258636351418,49092,-7.70180511474609
317,-299.749691508741,300,-268.762229839542,49392,-7.78788709640503
318,-245.783059944423,300,-268.988663061522,49692,-7.50552940368652
319,-231.274184938135,300,-267.300884747589,49992,-7.39568424224854
320,-251.640232314675,300,-265.941524394657,50292,-7.33495283126831
321,-245.733915219376,300,-264.842107931723,50592,-7.12837409973145
322,-237.675034061022,300,-263.168583781655,50892,-7.77600812911987
323,-227.023678541442,300,-262.972838713498,51192,-7.57554912567139
324,-242.79750967093,300,-262.71268408168,51492,-7.59199953079224
325,-233.930414575538,300,-261.370678374739,51792,-7.7715950012207
326,-276.026254702719,300,-261.475602141473,52092,-7.89206075668335
327,-220.073103136538,300,-259.814093820453,52392,-7.75406455993652
328,-231.457921955906,300,-258.791696300323,52692,-8.21218490600586
329,-231.197450355114,300,-255.016262080332,52992,-8.10504150390625
330,-207.354521835672,300,-252.738612480064,53292,-8.0832986831665
331,-207.921984119182,300,-247.248664137253,53592,-8.10061359405518
332,-249.580115814031,300,-245.005424014599,53892,-7.70963573455811
333,-286.164854080513,300,-246.677804092253,54192,-7.81265640258789
334,-302.032346079951,300,-249.849492773101,54492,-7.655198097229
335,-238.705529425197,300,-246.604075841445,54792,-8.02858257293701
336,-247.934385747429,300,-245.702809401327,55092,-7.88536405563354
337,-255.319557105345,300,-243.481302681157,55392,-8.25717163085938
338,-258.938535194847,300,-244.139076443678,55692,-8.48300647735596
339,-242.74775062789,300,-244.712754728166,55992,-8.18900871276855
340,-222.315307428056,300,-243.246508483835,56292,-7.93357181549072
341,-225.717901452984,300,-242.245707795515,56592,-8.219407081604
342,-248.722480802941,300,-242.798080132611,56892,-7.49494218826294
343,-271.325193122448,300,-245.013155861662,57192,-8.08331966400146
344,-205.188399877697,300,-243.132700372,57492,-8.26422691345215
345,-259.359510388738,300,-244.40415516266,57792,-8.39403247833252
346,-271.971146522715,300,-244.20139975366,58092,-8.4213809967041
347,-223.698170461969,300,-244.382653119931,58392,-8.51412773132324
348,-319.141866895428,269,-248.766850366907,58661,-8.38454437255859
349,-240.382935399155,300,-249.226124619109,58961,-8.12776756286621
350,-210.725462254725,300,-249.394671640062,59261,-8.32781887054443
351,-245.234039323164,300,-251.260274400261,59561,-8.56049251556396
352,-285.935735924643,300,-253.078055405792,59861,-8.5944995880127
353,-243.270722312518,300,-250.933348817392,60161,-8.24359607696533
354,-285.972346334127,300,-250.130348830101,60461,-8.31060028076172
355,-198.490152207097,300,-248.119579969196,60761,-8.4454984664917
356,-247.196256259797,300,-248.082673494814,61061,-8.49253082275391
357,-272.217729481065,300,-248.9275821136,61361,-8.18990802764893
358,-274.108784896473,300,-249.686094598682,61661,-8.50158023834229
359,-263.151564181089,300,-250.706285276341,61961,-8.71333885192871
360,-260.057784880608,300,-252.593409148969,62261,-8.62727928161621
361,-240.017340438461,300,-253.308381098243,62561,-8.46498489379883
362,-278.245586634492,300,-254.784536389821,62861,-8.55808162689209
363,-239.872092785934,300,-253.211881372995,63161,-8.72915172576904
364,-232.797161745467,300,-254.592319466383,63461,-8.82479476928711
365,-250.992622469199,300,-254.173975070406,63761,-8.58136558532715
366,-235.250250743924,300,-252.337930281467,64061,-8.59927558898926
367,-265.937545999448,300,-254.449899058341,64361,-8.58138084411621
368,-202.056986856998,300,-248.595655056419,64661,-8.90898323059082
369,-296.356291999511,300,-251.394322886437,64961,-8.72289180755615
370,-210.069189661799,300,-251.361509256791,65261,-9.00451183319092
371,-239.104035087914,300,-251.055009045028,65561,-8.9033260345459
372,-242.312774965647,300,-248.873860997078,65861,-8.91428661346436
373,-281.606996989352,300,-250.79067473092,66161,-8.4068021774292
374,-253.055825971765,300,-249.144848712802,66461,-8.97530555725098
375,-289.119561492128,300,-253.676319177054,66761,-9.09942626953125
376,-303.662356808898,300,-256.499624204509,67061,-8.84601211547852
377,-276.729597666651,300,-256.725217613788,67361,-9.13804054260254
378,-294.134484214241,300,-257.726502579676,67661,-8.89801120758057
379,-203.74207188525,300,-254.756027964884,67961,-8.85685539245605
380,-309.755650812286,300,-257.240921261468,68261,-8.91066455841064
381,-227.657434208624,300,-256.622925949976,68561,-9.40817928314209
382,-246.901755485908,300,-255.055734392547,68861,-9.10070037841797
383,-283.099281904251,300,-257.217093848463,69161,-8.8858470916748
384,-264.35819088148,300,-258.795145305264,69461,-9.3106107711792
385,-308.63689311184,300,-261.677358837396,69761,-9.46908664703369
386,-202.544113119278,300,-260.042051956164,70061,-8.96240711212158
387,-289.783165147046,300,-261.234332913543,70361,-9.38626194000244
388,-268.728164186149,300,-264.567891780001,70661,-9.64795112609863
389,-232.583051797737,300,-261.379229769912,70961,-9.24429321289062
390,-226.798089913879,300,-262.215674782516,71261,-9.40023994445801
391,-226.877347607273,300,-261.604340408484,71561,-9.7249174118042
392,-206.992417052133,300,-259.838322512809,71861,-9.52319526672363
393,-263.035286244313,300,-258.909736975557,72161,-9.85533332824707
394,-206.841769411798,300,-256.599034147558,72461,-9.36505317687988
395,-290.658536952827,300,-256.675982920593,72761,-9.28214454650879
396,-217.251167132799,300,-252.355423436788,73061,-9.51555442810059
397,-235.574967309513,300,-250.297691918931,73361,-9.59850406646729
398,-238.243774377126,300,-247.503156427076,73661,-9.31769943237305
399,-217.643417746501,300,-248.198223720138,73961,-9.07878398895264
400,-260.908737436547,300,-245.755878051351,74261,-9.31557655334473
401,-220.648208713303,300,-245.405416776585,74561,-9.44281673431396
402,-280.009479701382,300,-247.060802987359,74861,-9.84467124938965
403,-296.031289685313,300,-247.707403376412,75161,-9.53497695922852
404,-208.600385591466,300,-244.919513111911,75461,-9.78145790100098
405,-266.926173941898,300,-242.833977153414,75761,-9.77330875396729
406,-214.50981969721,300,-243.432262482311,76061,-9.40248870849609
407,-197.610551410437,300,-238.82363179548,76361,-9.6454029083252
408,-199.580985002318,300,-235.366272836289,76661,-9.98945236206055
409,-177.83053714383,300,-232.628647103593,76961,-9.87026023864746
410,-188.929700576873,300,-230.735227636743,77261,-10.0275459289551
411,-219.425666757987,300,-230.362643594279,77561,-9.86892795562744
412,-216.5251491329,300,-230.839280198317,77861,-9.70583915710449
413,-222.002279062736,300,-228.787629839238,78161,-10.382134437561
414,-208.98733871521,300,-228.894908304409,78461,-10.0901622772217
415,-192.918520606116,300,-224.007907487073,78761,-9.88389205932617
416,-264.531621861467,300,-226.371930223507,79061,-10.1168251037598
417,-286.066788843645,300,-228.896521300213,79361,-10.1240797042847
418,-203.314687242097,300,-227.150066943462,79661,-10.3571491241455
419,-259.794363822816,300,-229.257614247277,79961,-10.2676582336426
420,-250.048122474908,300,-228.714583499196,80261,-10.050106048584
421,-284.891135273708,300,-231.926729827216,80561,-10.3805465698242
422,-245.315766816057,300,-230.19204418295,80861,-10.158712387085
423,-217.317645199023,300,-226.256361958635,81161,-10.2187004089355
424,-193.171779264394,300,-225.484931642281,81461,-10.2764158248901
425,-201.195719168651,300,-222.198408903619,81761,-10.1691465377808
426,-223.848318435756,300,-222.665333840546,82061,-10.3330373764038
427,-244.351713430096,300,-225.002391941529,82361,-10.3638725280762
428,-247.752378184249,300,-227.410961600626,82661,-10.3608932495117
429,-192.318341283587,300,-228.135351807614,82961,-10.3024387359619
430,-249.875622139446,300,-231.182647885742,83261,-10.3291749954224
431,-210.745740313151,300,-230.748651563501,83561,-10.4052848815918
432,-249.659151738705,300,-232.405351693791,83861,-10.6713581085205
433,-307.858474834394,300,-236.698161482374,84161,-10.5430355072021
434,-209.245434406855,300,-236.711066266956,84461,-10.2771511077881
435,-203.439230992848,300,-237.237101786293,84761,-9.94948959350586
436,-196.637452441138,300,-233.842393315276,85061,-10.6493797302246
437,-257.462706236114,300,-232.4121891849,85361,-10.9699363708496
438,-222.069592037955,300,-233.349934424692,85661,-10.6191101074219
439,-216.564080849579,300,-231.188420276031,85961,-10.4291934967041
440,-194.799418341164,300,-228.425985069343,86261,-10.9019565582275
441,-130.703757635275,300,-220.716616187422,86561,-10.8795680999756
442,-249.760184099304,300,-220.938837051584,86861,-10.6539287567139
443,-239.761233131508,300,-222.061016448208,87161,-10.8827838897705
444,-175.552640045677,300,-221.180059487273,87461,-10.6405963897705
445,-251.5306934373,300,-223.696808200705,87761,-10.6327772140503
446,-187.936185202507,300,-221.901201539043,88061,-10.7055730819702
447,-252.481333791774,300,-222.307682557126,88361,-10.6344709396362
448,-180.008178865093,300,-218.920472591169,88661,-10.824273109436
449,-204.613583285549,300,-219.535234691267,88961,-10.7032585144043
450,-189.371589068436,300,-216.510033037716,89261,-11.0672569274902
451,-190.739581598769,300,-215.509725101997,89561,-10.9614810943604
452,-224.851129805512,300,-214.269324005337,89861,-10.8737926483154
453,-255.440066754041,300,-211.64840360132,90161,-11.5447597503662
454,-266.697586629892,300,-214.521011212472,90461,-11.0961694717407
455,-199.81558402912,300,-214.339828864285,90761,-11.3737058639526
456,-170.527726963504,300,-213.034342590404,91061,-10.3713760375977
457,-182.490134827044,300,-209.28571401995,91361,-10.540548324585
458,-228.44822265193,300,-209.604645550649,91661,-11.1908664703369
459,-186.488585842369,300,-208.100870800288,91961,-11.1280212402344
460,-215.468912370496,300,-209.134345501755,92261,-10.7458305358887
461,-250.362030304962,268,-215.117259135239,92529,-11.2255506515503
462,-272.847185888498,300,-216.271609224699,92829,-10.6230945587158
463,-159.763559099058,300,-212.271725523077,93129,-11.5819721221924
464,-142.233073658572,300,-210.605747203721,93429,-11.2897386550903
465,-182.527136058008,300,-207.155569334757,93729,-11.1975078582764
466,-221.132158573746,300,-208.815368003319,94029,-11.29944896698
467,-133.091428211835,300,-202.845872724322,94329,-11.0949745178223
468,-163.363241130321,300,-202.013625837583,94629,-12.0461502075195
469,-175.405197897836,300,-200.553206568197,94929,-11.748067855835
470,-231.478241595064,300,-202.658539194529,95229,-11.4604368209839
471,-198.551081817577,300,-203.049114205469,95529,-11.3868637084961
472,-149.724186257562,300,-199.292767028072,95829,-12.0682420730591
473,-226.90618283215,288,-197.866072831977,96117,-11.5062313079834
474,-323.102416844141,293,-200.68631434269,96410,-11.4113273620605
475,-141.415236807421,300,-197.766296981605,96710,-11.7404193878174
476,-247.949423401333,300,-201.637381803496,97010,-10.9928092956543
477,-247.086717821394,300,-204.867210953214,97310,-11.8047866821289
478,-250.921662213092,290,-205.990882931272,97600,-11.5256538391113
479,-156.757786758347,300,-204.504342977071,97900,-11.6465511322021
480,-193.358757535442,300,-203.398835235318,98200,-11.6502275466919
481,-245.467008100908,296,-203.154084125115,98496,-11.5615158081055
482,-149.968921555355,300,-197.010170908458,98796,-11.7122440338135
483,-212.170507606254,300,-199.630518333818,99096,-11.3390235900879
484,-265.96881578536,300,-205.817305440157,99396,-11.2796478271484
485,-313.159970541279,289,-212.348947164321,99685,-11.7915992736816
486,-155.845884077613,300,-209.084633439514,99985,-11.6735172271729
487,-203.776160646274,300,-212.618870061236,100285,-11.783052444458
488,-160.133529755092,300,-212.457384492475,100585,-11.5632362365723
489,-230.462566239332,300,-215.210252909549,100885,-11.6444473266602
490,-216.327908158068,300,-214.4527362377,101185,-11.4606313705444
491,-165.45228747649,300,-212.797796520645,101485,-11.826358795166
492,-221.803276263406,300,-216.401751020938,101785,-11.4619855880737
493,-245.258571746671,256,-217.319370466664,102041,-11.7965564727783
494,-177.736631063285,300,-210.051081177621,102341,-11.8739042282104
495,-177.039649391901,300,-211.832301806845,102641,-12.1998195648193
496,-30.2062312777049,292,-200.945142200663,102933,-11.7241411209106
497,-223.179801012047,267,-199.749796360196,103200,-11.877366065979
498,-204.92203027571,300,-197.449814763327,103500,-12.2898731231689
499,-204.033623031203,300,-199.81360657697,103800,-11.7587957382202
500,-207.910017352249,300,-200.54116956781,104100,-11.7115268707275
501,-247.541379039401,300,-200.644888114735,104400,-11.7034063339233
502,-138.237408739179,300,-200.058312473926,104700,-12.2145853042603
503,-171.261534874002,300,-198.012863837313,105000,-12.1581935882568
504,-207.474064004453,300,-195.088126248268,105300,-12.259557723999
505,-197.639514586529,300,-189.312103450531,105600,-12.008415222168
506,-167.709842732357,300,-189.905301383268,105900,-11.9751377105713
507,-249.510546706299,267,-192.192020686269,106167,-11.9311256408691
508,-184.742189477807,300,-193.422453672405,106467,-12.4015417098999
509,-204.646163788126,300,-192.131633549844,106767,-12.2173748016357
510,-169.101647032846,300,-189.770320493583,107067,-12.1856346130371
511,-216.836459475351,300,-192.339529093526,107367,-12.2673635482788
512,-137.809355849225,300,-188.139833072817,107667,-12.2506456375122
513,-212.318332777368,300,-186.492821124352,107967,-12.1806373596191
514,-201.233553893603,300,-187.667667265868,108267,-12.2411251068115
515,-193.912664983212,300,-188.511318045433,108567,-12.4422473907471
516,-220.25492071568,290,-198.013752517332,108857,-12.3138866424561
517,-162.031144640228,300,-194.956319698741,109157,-12.4717712402344
518,-40.5670044747253,246,-186.738568408692,109403,-12.3338537216187
519,-207.573285563752,300,-186.91555153532,109703,-12.3605604171753
520,-56.1565559449651,232,-179.327878464955,109935,-12.5143890380859
521,-152.623138077471,300,-174.581966416859,110235,-12.3657703399658
522,-227.583896036665,300,-179.049290781733,110535,-12.5968170166016
523,-174.046643036708,300,-179.188546189868,110835,-12.6256313323975
524,-114.960053912039,300,-174.562845685248,111135,-12.6685285568237
525,-294.073328006127,300,-179.384536356228,111435,-12.4451141357422
526,-206.084315687852,219,-181.303260004002,111654,-12.4326953887939
527,-189.837162502855,300,-178.31959079383,111954,-12.470160484314
528,-155.941447516791,300,-176.879553695779,112254,-12.4817323684692
529,-157.501810647162,300,-174.522336038731,112554,-12.7407207489014
530,-186.249950398675,300,-175.379751207023,112854,-12.862174987793
531,-206.769363221919,300,-174.876396394351,113154,-12.7954254150391
532,-153.96518979114,300,-175.684188091447,113454,-12.6384449005127
533,-128.908473563653,300,-171.513695130761,113754,-12.7139682769775
534,-236.976091694102,268,-173.300822020786,114022,-12.4844627380371
535,-213.31179539005,300,-174.270778541128,114322,-12.6698484420776
536,-189.425747599511,300,-172.72931988532,114622,-12.7590951919556
537,-280.958185726986,300,-178.675671939657,114922,-12.8115634918213
538,-201.255434296801,300,-186.710093430761,115222,-13.1476793289185
539,-275.926401057218,300,-190.127749205435,115522,-12.5933113098145
540,-45.4806941274699,233,-189.59395611456,115755,-13.0056533813477
541,-166.035701610246,300,-190.264584291199,116055,-13.0308704376221
542,-185.660897557801,300,-188.168434367255,116355,-13.0895862579346
543,-264.218645357825,280,-192.677034483311,116635,-13.0005531311035
544,-179.509552535384,300,-195.904509414478,116935,-13.1077651977539
545,-80.7493324085742,268,-185.238309634601,117203,-12.8763370513916
546,-123.402346293339,300,-181.104211164875,117503,-13.0622396469116
547,-257.108764725223,300,-184.467791275994,117803,-12.4262580871582
548,-36.248950288618,193,-178.483166414585,117996,-13.0891170501709
549,-287.955333147984,300,-185.005842539626,118296,-13.2393417358398
550,-154.292088068152,300,-183.4079494231,118596,-13.1877946853638
551,-244.35974110831,256,-185.287468317419,118852,-13.4704246520996
552,-274.430789599003,272,-191.310748307813,119124,-12.9071292877197
553,-253.184706150519,300,-197.524559937156,119424,-13.3112154006958
554,-176.635382467275,300,-194.507524475815,119724,-13.3391456604004
555,-138.131335812886,300,-190.748501496956,120024,-13.2966632843018
556,-236.719652881206,294,-193.113196761041,120318,-13.1737775802612
557,-199.89811210049,300,-189.060193079716,120618,-13.4494781494141
558,-152.179359374738,300,-186.606389333613,120918,-13.3968324661255
559,-173.79159332847,300,-181.499648947176,121218,-13.4158563613892
560,-244.051830853585,238,-191.428205783482,121456,-13.074291229248
561,-45.006678801018,288,-185.37675464302,121744,-13.5564842224121
562,-250.175103173426,300,-188.602464923801,122044,-13.5573062896729
563,-245.615750122882,239,-187.672320162054,122283,-13.5456209182739
564,-204.875786602299,300,-188.9406318654,122583,-13.4899826049805
565,-184.859068130885,300,-194.146118651515,122883,-13.2944622039795
566,-217.416607497337,300,-198.846831711715,123183,-13.5950345993042
567,-200.326652828779,300,-196.007726116893,123483,-13.4902362823486
568,-252.456247469056,287,-206.818090975915,123770,-13.4389657974243
569,-219.147263665712,300,-203.377687501801,124070,-13.4916534423828
570,-209.39388731019,300,-206.132777463903,124370,-13.3792772293091
571,-247.555286720171,300,-206.292554744496,124670,-13.6185922622681
572,-161.666815314711,300,-200.654356030282,124970,-13.7346534729004
573,-268.423522230356,300,-201.416296834274,125270,-13.7559757232666
574,-50.2640775262053,243,-195.09773158722,125513,-13.2450885772705
575,-177.57500560405,300,-197.069915076778,125813,-13.9115056991577
576,-271.727721252882,300,-198.820318495362,126113,-13.6717538833618
577,-213.603974428433,300,-199.505611611759,126413,-13.6491422653198
578,-264.277392846837,272,-205.110513285364,126685,-13.9750003814697
579,-187.199903786968,300,-205.780928808289,126985,-13.779483795166
580,-206.040623747003,300,-203.88036845296,127285,-14.0854969024658
581,-177.994572562428,300,-210.52976314103,127585,-13.6127405166626
582,-268.41054927446,300,-211.441535446082,127885,-13.6670818328857
583,-179.256513587511,300,-208.123573619314,128185,-13.9512023925781
584,-68.9469027134347,259,-201.32712942487,128444,-14.0675163269043
585,-213.655713404318,300,-202.766961688542,128744,-13.6556072235107
586,-226.13346533869,300,-203.20280458061,129044,-13.8599128723145
587,-214.143818026764,300,-203.893662840509,129344,-13.7749490737915
588,-179.347452772564,300,-200.238223105684,129644,-13.9344263076782
589,-231.916915400954,300,-200.876705692446,129944,-14.3385581970215
590,-288.723764380562,300,-204.843199545965,130244,-13.6918659210205
591,-266.28956720253,285,-205.779913570083,130529,-13.82981300354
592,-225.256241322735,300,-208.959384870484,130829,-14.3593406677246
593,-210.191697154179,300,-206.047793616675,131129,-13.8851890563965
594,-281.03582893884,300,-217.586381187307,131429,-13.8334474563599
595,-244.375105017718,300,-220.926386157991,131729,-14.4976148605347
596,-270.804693889752,300,-220.880234789834,132029,-13.8128452301025
597,-198.07488226457,300,-220.103780181641,132329,-14.2733583450317
598,-209.529602695253,300,-217.366390674062,132629,-13.87428855896
599,-235.499183502822,300,-219.781354659854,132929,-13.8719577789307
600,-282.585713461845,300,-223.608609145597,133229,-13.293890953064
601,-116.981153008414,293,-220.557938167896,133522,-13.8860540390015
602,-254.490332880389,300,-219.861927348192,133822,-14.2071170806885
603,-103.527144292937,294,-216.075458883464,134116,-14.1886930465698
604,-189.909218889849,300,-222.123574692284,134416,-14.4206314086914
605,-310.144042195248,300,-226.947991131831,134716,-14.3017501831055
606,-209.224150163349,300,-226.102525373064,135016,-14.3160181045532
607,-219.122127054968,300,-226.351440824474,135316,-14.1655654907227
608,-244.161435344498,300,-229.592139953071,135616,-13.7613563537598
609,-262.240083929081,300,-231.108298379477,135916,-14.3016662597656
610,-190.229134608152,300,-226.183566890856,136216,-14.8065357208252
611,-251.54875812565,300,-225.446526437012,136516,-14.2426815032959
612,-296.76042630803,300,-229.021735686277,136816,-14.6636714935303
613,-303.595369362746,300,-233.691919296706,137116,-14.814998626709
614,-185.619212097925,300,-228.92108845466,137416,-14.4801063537598
615,-286.063657720859,300,-231.005516089817,137716,-14.7680950164795
616,-235.632211737102,300,-229.246891982184,138016,-14.7166042327881
617,-280.170938544507,300,-233.351694796181,138316,-14.651481628418
618,-298.32661868432,300,-237.791545595634,138616,-14.6635513305664
619,-294.157922560014,300,-240.724482548494,138916,-14.5992279052734
620,-195.180731787656,300,-236.354233464785,139216,-14.7714805603027
621,-246.034920233355,300,-242.806921826032,139516,-14.9440126419067
622,-280.626239601616,300,-244.113717162093,139816,-14.5701637268066
623,-231.817866282608,300,-250.528253261577,140116,-14.6949710845947
624,-288.072877404744,300,-255.436436187321,140416,-14.8995094299316
625,-225.764310830279,300,-251.217449619073,140716,-14.8965873718262
626,-246.659338055341,300,-253.089209013672,141016,-15.0683946609497
627,-264.617938547685,300,-255.363999588308,141316,-15.209981918335
628,-239.842116324624,300,-255.148033637315,141616,-14.5535411834717
629,-210.894256303774,300,-252.580742256049,141916,-14.9203090667725
630,-240.314767415328,300,-255.085023896408,142216,-14.9584846496582
631,-279.281129504424,300,-256.471642465347,142516,-14.8244895935059
632,-277.414824712639,300,-255.504362385577,142816,-14.7522983551025
633,-298.904168870433,300,-255.269802360962,143116,-14.9659261703491
634,-282.807464440102,300,-260.129214978071,143416,-15.6714153289795
635,-187.181374467673,300,-255.185100815411,143716,-14.922155380249
636,-297.335814063926,300,-258.270280931752,144016,-15.1090927124023
637,-306.808786494361,300,-259.602173329245,144316,-15.6351833343506
638,-258.93630996942,300,-257.6326578935,144616,-15.126124382019
639,-272.08156056405,300,-256.528839793702,144916,-15.096718788147
640,-279.697977492524,300,-260.754702078945,145216,-14.9273061752319
641,-266.561261586171,300,-261.781019146586,145516,-15.4321460723877
642,-303.055883236869,300,-262.902501328349,145816,-14.860990524292
643,-276.49820587892,300,-265.136518308165,146116,-15.8719615936279
644,-307.024409298753,300,-266.084094902865,146416,-15.9213123321533
645,-279.508205577168,300,-268.771289640209,146716,-16.2820320129395
646,-297.685513475674,300,-271.322598411226,147016,-15.4350700378418
647,-240.052177628267,300,-270.094310365255,147316,-15.5800590515137
648,-254.574517287854,300,-270.830930413417,147616,-15.2195358276367
649,-304.293594707019,300,-275.500897333579,147916,-15.3286666870117
650,-276.629472373003,300,-277.316632581463,148216,-15.4551429748535
651,-255.715922031004,300,-276.138372207792,148516,-15.3411197662354
652,-289.987459426015,300,-276.76700394346,148816,-15.0375204086304
653,-308.826418230434,300,-277.26311641146,149116,-15.8587169647217
654,-311.419322984156,300,-278.693709338663,149416,-15.3158922195435
655,-281.592837736374,300,-283.414282502098,149716,-15.1946697235107
656,-258.644030833601,300,-281.479693340582,150016,-15.6146259307861
657,-270.317984771649,300,-279.655153254446,150316,-15.4711093902588
658,-307.982312770437,300,-282.107453394497,150616,-16.0223827362061
659,-290.513809640525,300,-283.029065848321,150916,-15.570764541626
660,-289.766808418678,300,-283.532507394629,151216,-15.2891330718994
661,-291.125512490995,300,-284.76071993987,151516,-15.2276420593262
662,-256.892276890209,300,-282.452539622537,151816,-15.7866954803467
663,-270.251791321243,300,-282.140218894653,152116,-15.6283321380615
664,-305.62417587226,300,-282.070207223328,152416,-15.6796932220459
665,-293.372176219964,300,-282.763405755468,152716,-15.7343158721924
666,-298.084570050888,300,-282.783358584229,153016,-15.8779268264771
667,-308.661189460281,300,-286.213809175829,153316,-16.0067558288574
668,-306.634181389326,300,-288.816792380903,153616,-15.649133682251
669,-308.16634691005,300,-289.010429991055,153916,-15.7375583648682
670,-310.694355381902,300,-290.713674141499,154216,-15.735652923584
671,-299.32854402088,300,-292.894305240993,154516,-16.2036209106445
672,-258.014088331225,300,-291.295636686254,154816,-15.5210762023926
673,-298.443758979446,300,-290.776503723704,155116,-15.8792400360107
674,-263.549866191381,300,-288.383030884066,155416,-16.0696640014648
675,-275.979189764146,300,-288.102348485454,155716,-16.0742874145508
676,-296.12301756857,300,-289.976297822203,156016,-15.6063079833984
677,-280.786417814681,300,-290.499719474354,156316,-15.8923168182373
678,-288.549709335214,300,-289.528089302593,156616,-15.8808345794678
679,-299.871238232259,300,-289.99596073218,156916,-16.0744781494141
680,-290.882191674976,300,-290.051729894995,157216,-15.8377132415771
681,-255.583051025777,300,-288.274606821734,157516,-15.8415451049805
682,-234.569750317072,300,-287.158480493077,157816,-16.4012069702148
683,-305.525708413837,300,-288.922176347707,158116,-16.3760223388672
684,-201.331733014098,300,-283.707554204799,158416,-15.6649932861328
685,-280.251763865776,300,-283.051533587089,158716,-15.7468414306641
686,-291.7728375282,300,-282.735946960955,159016,-15.898530960083
687,-304.924042506464,300,-282.549089613264,159316,-16.427906036377
688,-302.673362297007,300,-282.351048658648,159616,-15.6847553253174
689,-275.256683282953,300,-280.705565477293,159916,-16.0794563293457
690,-307.410630150691,300,-280.541379215733,160216,-15.9327201843262
691,-286.080443217651,300,-279.878974175571,160516,-16.1953601837158
692,-290.586224115322,300,-281.507580964776,160816,-16.0140266418457
693,-267.946799875638,300,-279.982733009586,161116,-16.132511138916
694,-283.310417145313,300,-280.970760557282,161416,-16.2134494781494
695,-308.441468816423,300,-282.593874509896,161716,-16.4017124176025
696,-290.245137253641,300,-282.29998049415,162016,-16.2769527435303
697,-279.551513820087,300,-282.23823529442,162316,-16.3015842437744
698,-297.146144874917,300,-282.668057071405,162616,-16.2160110473633
699,-308.247146321389,300,-283.086852475862,162916,-16.2892723083496
700,-262.71472691548,300,-281.678479237887,163216,-16.1290454864502
701,-251.407675519167,300,-281.469710462556,163516,-16.2113857269287
702,-286.990493672122,300,-284.090747630309,163816,-16.4203929901123
703,-308.917813313415,300,-284.260352875288,164116,-16.5916519165039
704,-300.484527763239,300,-289.217992612745,164416,-16.4804611206055
705,-297.913050513526,300,-290.101056945132,164716,-16.508243560791
706,-264.305841546902,300,-288.727707146067,165016,-16.4215469360352
707,-277.142649449146,300,-287.338637493201,165316,-16.5713195800781
708,-293.889585608193,300,-286.899448658761,165616,-16.3569431304932
709,-297.207388751171,300,-287.996983932172,165916,-16.7593841552734
710,-244.287994525025,300,-284.840852150888,166216,-16.5244369506836
711,-303.542073499546,300,-285.713933664983,166516,-16.422399520874
712,-235.656735214504,300,-282.967459219942,166816,-16.919017791748
713,-245.257824338121,300,-281.833010443066,167116,-16.4294319152832
714,-306.254195743753,300,-282.980199372988,167416,-16.7949619293213
715,-240.778755641785,300,-279.597063714257,167716,-16.6776161193848
716,-287.134294375062,300,-279.441521570328,168016,-16.6351127624512
717,-261.998842270105,300,-278.563887992828,168316,-16.6077842712402
718,-302.36568334136,300,-278.824864916151,168616,-16.7704162597656
719,-227.564166615001,300,-274.790715930831,168916,-16.5705223083496
720,-291.08013157819,300,-276.208986163967,169216,-16.8809127807617
721,-299.075414656893,300,-278.592373120853,169516,-16.9257793426514
722,-267.152784672087,300,-277.600487670851,169816,-16.7637214660645
723,-305.882044228652,300,-277.448699216613,170116,-17.1566009521484
724,-299.167383594329,300,-277.382842008168,170416,-16.8444709777832
725,-290.047925595701,300,-276.989585762276,170716,-17.0851993560791
726,-270.65319086895,300,-277.306953228379,171016,-17.037353515625
727,-291.115080188566,300,-278.00557476535,171316,-16.8974208831787
728,-297.894858520368,300,-278.205838410958,171616,-17.0082130432129
729,-307.968649273395,300,-278.74390143707,171916,-17.1865863800049
730,-293.724234048354,300,-281.215713413236,172216,-17.0032062530518
731,-275.689034077769,300,-279.823061442147,172516,-16.8327407836914
732,-264.756698619007,300,-281.278059612372,172816,-17.0053901672363
733,-289.134198503082,300,-283.47187832062,173116,-16.6453800201416
734,-303.432525790137,300,-283.33079482294,173416,-17.1786518096924
735,-294.113686498452,300,-285.997541365773,173716,-17.3789939880371
736,-295.40873848353,300,-286.411263571196,174016,-16.8246002197266
737,-298.661945797409,300,-288.244418747562,174316,-17.1832408905029
738,-302.82622010054,300,-288.267445585521,174616,-17.182954788208
739,-298.8193663288,300,-291.830205571211,174916,-17.0848083496094
740,-283.338502256068,300,-291.443124105104,175216,-17.1326580047607
741,-290.468783882524,300,-291.012792566386,175516,-17.0398693084717
742,-302.548489380119,300,-292.782577801788,175816,-17.3485088348389
743,-302.206127047997,300,-292.598781942755,176116,-17.4781074523926
744,-301.322604063694,300,-292.706542966223,176416,-17.2994804382324
745,-308.878765427023,300,-293.648084957789,176716,-17.2638969421387
746,-308.936002895213,300,-295.562225559102,177016,-17.1552619934082
747,-307.274529480614,300,-296.370198023705,177316,-17.6650657653809
748,-310.389275439813,300,-296.994918869677,177616,-17.3937873840332
749,-303.961535430026,300,-296.794563177509,177916,-17.7260360717773
750,-300.447522926261,300,-297.130727621404,178216,-17.5445327758789
751,-308.27096145948,300,-298.759823990489,178516,-17.2211799621582
752,-298.613824911133,300,-300.452680305096,178816,-17.4003791809082
753,-309.582070085786,300,-301.475073884231,179116,-17.6108951568604
754,-292.821307880181,300,-300.944512988733,179416,-17.4311790466309
755,-300.46442827036,300,-301.262050077329,179716,-17.2649040222168
756,-289.651921750448,300,-300.974209240674,180016,-17.1932373046875
757,-308.684454571889,300,-301.475334679398,180316,-18.235466003418
758,-310.13221290678,300,-301.84063431971,180616,-18.206356048584
759,-305.037314915081,300,-302.151531749024,180916,-18.353214263916
760,-301.726350580594,300,-303.070924165251,181216,-17.8923149108887
761,-311.020347671458,300,-304.098502354697,181516,-17.9009571075439
762,-311.086057914857,300,-304.525380781434,181816,-17.8772964477539
763,-289.199654322668,300,-303.875057145168,182116,-17.4832572937012
764,-304.641439519243,300,-304.040998917945,182416,-17.8213291168213
765,-308.196870364372,300,-304.006904164813,182716,-17.6428146362305
766,-309.252623691554,300,-304.02273520463,183016,-17.4341449737549
767,-296.891068647288,300,-303.503562162964,183316,-17.5577964782715
768,-308.738201161772,300,-303.421008449062,183616,-17.6585807800293
769,-306.155799482539,300,-303.530721651687,183916,-18.4082870483398
770,-306.409861115284,300,-303.828838561138,184216,-17.5895881652832
771,-309.685723347871,300,-303.899576655558,184516,-18.1120376586914
772,-302.599251920488,300,-304.098848006026,184816,-17.8418617248535
773,-307.143865243666,300,-303.97693776392,185116,-17.8310413360596
774,-309.108068846512,300,-304.791275812236,185416,-17.7993564605713
775,-297.782750713488,300,-304.657191934393,185716,-17.9902667999268
776,-273.515794635,300,-303.85038557862,186016,-18.1004428863525
777,-309.543163849507,300,-303.893321042501,186316,-17.9860305786133
778,-298.775934202368,300,-303.325507107281,186616,-18.0332641601562
779,-310.20951170446,300,-303.58411694675,186916,-17.6497993469238
780,-308.131282103289,300,-303.904363522884,187216,-18.1590919494629
781,-296.171329565891,300,-303.161912617606,187516,-17.8648338317871
782,-303.02077258361,300,-302.758648351044,187816,-18.3486137390137
783,-310.683692269946,300,-303.832850248407,188116,-17.5619506835938
784,-306.352741151868,300,-303.918415330039,188416,-18.4331893920898
785,-288.82843807378,300,-302.949993715509,188716,-17.9369087219238
786,-253.123238615211,300,-300.143524461692,189016,-17.9065227508545
787,-307.111183639703,300,-300.654530211313,189316,-18.5109806060791
788,-306.743961081587,300,-300.554818207303,189616,-18.0494842529297
789,-285.215520175117,300,-299.507804241932,189916,-17.9084854125977
790,-305.334136502147,300,-299.454018011275,190216,-18.6842002868652
791,-308.875075087721,300,-299.413485598268,190516,-18.3318023681641
792,-276.584191416539,300,-298.112732573071,190816,-18.1905765533447
793,-309.800723308432,300,-298.245575476309,191116,-18.463041305542
794,-308.240036556415,300,-298.202173861804,191416,-18.4451217651367
795,-302.105458191362,300,-298.418309235698,191716,-18.3338680267334
796,-299.905067069843,300,-299.73777285744,192016,-18.3925189971924
797,-301.597996597154,300,-299.340514494822,192316,-18.1430244445801
798,-299.019267594485,300,-299.352681164428,192616,-18.3447132110596
799,-304.390500721897,300,-299.0617306153,192916,-18.561164855957
800,-295.909496537052,300,-298.450641336988,193216,-18.3632431030273
801,-305.750065782367,300,-298.929578147812,193516,-18.7724189758301
802,-308.436475544048,300,-299.200363295834,193816,-18.5630054473877
803,-305.372370331337,300,-298.934797198903,194116,-18.5974617004395
804,-304.983705012885,300,-298.866345391954,194416,-18.300407409668
805,-308.035992980159,300,-299.826723137273,194716,-18.7440986633301
806,-308.811778901075,300,-302.611150151566,195016,-18.8160915374756
807,-309.320776535489,300,-302.721629796356,195316,-18.3040885925293
808,-297.197828697347,300,-302.244323177143,195616,-18.6737327575684
809,-311.068503830942,300,-303.536972359935,195916,-18.8480911254883
810,-305.696877350268,300,-303.555109402341,196216,-18.7111911773682
811,-300.050305348953,300,-303.113870915402,196516,-18.738208770752
812,-297.251536535934,300,-304.147238171372,196816,-18.7532653808594
813,-303.987825051474,300,-303.856593258524,197116,-18.760124206543
814,-306.079137209933,300,-303.7485482912,197416,-18.6889762878418
815,-303.289603087174,300,-303.807755535991,197716,-18.9992351531982
816,-302.796456859598,300,-303.952325025478,198016,-18.6736679077148
817,-310.386671098524,300,-304.391758750547,198316,-18.9077014923096
818,-303.314816692989,300,-304.606536205472,198616,-19.1750183105469
819,-308.919300803215,300,-304.832976209538,198916,-18.8897304534912
820,-274.004726856539,300,-303.737737725512,199216,-18.210319519043
821,-294.818323291708,300,-303.191150600979,199516,-18.8673076629639
822,-309.294474359422,300,-303.234050541748,199816,-18.8265056610107
823,-285.700036599278,300,-302.250433855145,200116,-18.9262275695801
824,-311.376158119062,300,-302.570056510454,200416,-19.0258388519287
825,-308.779742204724,300,-302.607243971682,200716,-18.8634166717529
826,-311.207765684446,300,-302.727043310851,201016,-19.0989265441895
827,-306.701846480386,300,-302.596096808096,201316,-18.6692428588867
828,-308.202510406354,300,-303.146330893546,201616,-19.2506523132324
829,-309.745550421293,300,-303.080183223064,201916,-19.1804809570312
830,-297.42341008365,300,-302.666509859733,202216,-18.947509765625
831,-295.682150620768,300,-302.448102123324,202516,-19.1120414733887
832,-310.715153785567,300,-303.121282985805,202816,-18.971155166626
833,-305.093766160954,300,-303.176580041279,203116,-19.0831470489502
834,-306.389549360965,300,-303.192100648831,203416,-19.5439376831055
835,-308.137798183177,300,-303.434510403631,203716,-19.583194732666
836,-309.771387238435,300,-303.783256922573,204016,-19.0321769714355
837,-299.932042236099,300,-303.260525479452,204316,-19.3852939605713
838,-278.893097532488,300,-302.039439521427,204616,-19.5383548736572
839,-302.137540380084,300,-301.70035150027,204916,-18.949836730957
840,-307.43709497348,300,-303.371969906117,205216,-19.5432662963867
841,-310.544754844557,300,-304.15829148376,205516,-19.4081478118896
842,-288.844084577167,300,-303.135771994647,205816,-19.3530101776123
843,-307.198127445731,300,-304.210676536969,206116,-19.4174518585205
844,-310.895778837902,300,-304.186657572911,206416,-19.4689311981201
845,-298.342829735702,300,-303.66481194946,206716,-19.2542953491211
846,-300.165281930899,300,-303.112687761783,207016,-19.5241050720215
847,-277.092750699071,300,-301.632232972717,207316,-19.2550182342529
848,-310.172074775134,300,-301.730711191156,207616,-19.3794021606445
849,-304.644809196308,300,-301.475674129907,207916,-19.3665943145752
850,-302.4290921362,300,-301.725958232534,208216,-19.3980674743652
851,-310.381925173431,300,-302.460946960168,208516,-19.3365840911865
852,-304.232207950662,300,-302.136799668422,208816,-19.5507831573486
853,-308.841756130707,300,-302.32419916691,209116,-20.0695037841797
854,-301.357938266531,300,-302.072618612188,209416,-19.4041309356689
855,-308.082522791315,300,-302.069854842595,209716,-19.7354717254639
856,-297.85627767997,300,-301.474099364672,210016,-19.2657203674316
857,-304.44048085864,300,-301.699521295799,210316,-19.7015991210938
858,-303.167348100138,300,-302.913233824181,210616,-19.690258026123
859,-309.464868742221,300,-303.279600242288,210916,-19.5772533416748
860,-310.856900431294,300,-303.450590515179,211216,-19.9137496948242
861,-291.201857349215,300,-302.483445640412,211516,-19.7778434753418
862,-301.696604107905,300,-303.126071616949,211816,-19.7734107971191
863,-305.89227727051,300,-303.060779108188,212116,-19.5547885894775
864,-302.698467562527,300,-302.650913544419,212416,-19.8245677947998
865,-310.870138365484,300,-303.277278975908,212716,-20.2306690216064
866,-256.612630484656,300,-301.099646403596,213016,-20.1043357849121
867,-298.781039241759,300,-302.18406083073,213316,-19.545166015625
868,-310.380995446395,300,-302.194506864293,213616,-19.9354724884033
869,-283.833937874755,300,-301.153963298216,213916,-19.5750312805176
870,-306.095967042694,300,-301.33730704354,214216,-20.2002029418945
871,-309.131436316619,300,-301.2747826007,214516,-20.1492938995361
872,-310.031847786154,300,-301.564764592474,214816,-19.6633567810059
873,-311.271860518589,300,-301.686269811868,215116,-20.0848827362061
874,-303.496118196311,300,-301.793178808358,215416,-20.3270111083984
875,-275.94240986783,300,-300.186173162183,215716,-19.7375431060791
876,-311.563636115517,300,-300.871541083961,216016,-20.0620574951172
877,-302.401342449792,300,-300.769584163518,216316,-20.2333755493164
878,-274.137237719465,300,-299.318078644485,216616,-19.984281539917
879,-289.897166800277,300,-298.339693547387,216916,-20.1057777404785
880,-308.999681608854,300,-298.246832606265,217216,-20.0276508331299
881,-309.72215886132,300,-299.172847681871,217516,-20.0227088928223
882,-311.253615502754,300,-299.650698251613,217816,-20.1074390411377
883,-283.491793946322,300,-298.530674085404,218116,-20.3098640441895
884,-304.358541713406,300,-298.613677792948,218416,-20.363094329834
885,-303.502940242066,300,-298.245317886777,218716,-20.323299407959
886,-309.04573759339,300,-300.866973242213,219016,-20.3409614562988
887,-293.010580430741,300,-300.578450301663,219316,-20.334415435791
888,-305.551521598132,300,-300.336976609249,219616,-19.9707622528076
889,-232.03110549544,300,-297.746834990284,219916,-20.283748626709
890,-281.097132680387,300,-296.496893272168,220216,-20.360876083374
891,-299.45882581286,300,-296.01326274698,220516,-20.2416610717773
892,-301.78666676266,300,-295.601003695806,220816,-20.5094947814941
893,-274.445045923236,300,-293.759662966038,221116,-20.4017524719238
894,-290.266228062843,300,-293.098168459365,221416,-20.7564697265625
895,-278.172429572546,300,-293.2096694446,221716,-20.4068431854248
896,-301.02261403837,300,-292.682618340743,222016,-20.3062229156494
897,-310.647314436855,300,-293.094916940096,222316,-20.8144817352295
898,-286.408308247485,300,-293.708470466497,222616,-20.1997032165527
899,-307.310756752227,300,-294.579149964095,222916,-20.6735210418701
900,-273.794318590131,300,-292.818881813159,223216,-20.6228504180908
901,-291.742546626687,300,-291.919901201427,223516,-20.4613628387451
902,-212.651389705517,300,-286.989789911565,223816,-20.3344306945801
903,-254.957599470907,300,-285.563080187794,224116,-20.9022331237793
904,-310.759690361349,300,-285.883137620191,224416,-20.7794551849365
905,-306.963225232368,300,-286.056151869707,224716,-20.6101512908936
906,-305.18565745521,300,-285.863147862798,225016,-20.6971225738525
907,-308.211314232459,300,-286.623184552883,225316,-20.9133358001709
908,-281.783229303043,300,-285.434769938129,225616,-20.3266181945801
909,-271.761535465468,300,-287.42129143663,225916,-20.5892333984375
910,-295.238117601629,300,-288.128340682692,226216,-21.1249046325684
911,-305.895209439958,300,-288.450159864047,226516,-20.6174945831299
912,-310.493987816576,300,-288.885525916743,226816,-20.6453742980957
913,-309.131816293727,300,-290.619864435268,227116,-21.0679492950439
914,-304.191472745458,300,-291.316126669398,227416,-20.8185577392578
915,-291.564438102552,300,-291.985727095899,227716,-20.7053146362305
916,-302.347975090506,300,-292.051995148506,228016,-21.0036926269531
917,-286.683518974716,300,-290.853805375399,228316,-20.6260414123535
918,-309.972696795298,300,-292.032024802789,228616,-21.0504837036133
919,-301.130399814513,300,-291.723006955904,228916,-21.0366287231445
920,-304.007471001048,300,-293.233664576449,229216,-20.8332843780518
921,-309.681552862019,300,-294.130614888216,229516,-21.0866241455078
922,-306.617483412278,300,-298.828919573554,229816,-21.0707759857178
923,-282.409190847786,300,-300.201499142398,230116,-20.866418838501
924,-310.19539377181,300,-300.173284312921,230416,-20.8735198974609
925,-269.872229454289,300,-298.318734524017,230716,-20.6097202301025
926,-299.349405793748,300,-298.026921940944,231016,-21.3606300354004
927,-298.079956904037,300,-297.520354074523,231316,-20.7878742218018
928,-305.652908561511,300,-298.713838037446,231616,-21.3783626556396
929,-309.325887791293,300,-300.592055653738,231916,-21.1581115722656
930,-304.509867330639,300,-301.055643140188,232216,-20.6461486816406
931,-299.332217956927,300,-300.727493566037,232516,-21.4859733581543
932,-284.223425554839,300,-299.41396545295,232816,-21.3707237243652
933,-297.528054274243,300,-298.833777351976,233116,-20.7791557312012
934,-288.492147088367,300,-298.048811069121,233416,-21.028003692627
935,-299.357340329297,300,-298.438456180458,233716,-21.4433345794678
936,-303.954111985095,300,-298.518763025188,234016,-21.1252212524414
937,-296.5538896315,300,-299.012281558027,234316,-20.9391899108887
938,-307.890738702894,300,-298.908183653407,234616,-21.3052577972412
939,-306.505616708572,300,-299.17694449811,234916,-21.3840236663818
940,-238.14257320162,300,-295.883699608138,235216,-21.1952056884766
941,-306.433372144965,300,-295.721290572286,235516,-21.3560581207275
942,-294.891426186812,300,-295.134987711012,235816,-21.5601234436035
943,-276.998562115858,300,-294.864456274416,236116,-21.4591045379639
944,-305.737613106813,300,-294.641567241166,236416,-21.7866382598877
945,-297.765492591842,300,-296.036230398044,236716,-21.5326271057129
946,-310.527855140255,300,-296.595152865369,237016,-21.406982421875
947,-307.477434515409,300,-297.065026745938,237316,-21.523551940918
948,-252.949716700943,300,-294.429867152909,237616,-21.8023719787598
949,-298.72948821503,300,-293.900047174096,237916,-21.7337818145752
950,-297.815092882986,300,-293.565308451713,238216,-21.7955303192139
951,-298.035011528151,300,-293.500448130275,238516,-21.5238971710205
952,-272.473122029178,300,-292.912932953991,238816,-21.7293472290039
953,-275.146722125926,300,-291.793866346576,239116,-21.7726421356201
954,-305.625503219875,300,-292.650534153151,239416,-22.1056575775146
955,-266.369407023259,300,-291.001137487849,239716,-21.5748023986816
956,-294.831095732135,300,-290.544986675201,240016,-21.5917472839355
957,-285.50181131443,300,-289.992382759348,240316,-21.7802543640137
958,-243.77030577597,300,-286.786361113001,240616,-21.4753799438477
959,-303.849543335319,300,-286.653557444339,240916,-21.7540817260742
960,-238.823028988289,300,-286.687580233672,241216,-21.9754276275635
961,-308.044351372993,300,-286.768129195074,241516,-22.1291217803955
962,-254.366936788304,300,-284.741904725148,241816,-21.3238620758057
963,-270.295962355708,300,-284.406774737141,242116,-21.9932441711426
964,-293.733897729689,300,-283.806588968285,242416,-22.2082138061523
965,-281.576703374703,300,-282.997149507428,242716,-21.673885345459
966,-285.708626934151,300,-281.756188097122,243016,-22.1956062316895
967,-306.377565524236,300,-281.701194647564,243316,-21.800271987915
968,-268.940650897773,300,-282.500741357405,243616,-21.4852027893066
969,-297.793997771926,300,-282.45396683525,243916,-22.4037952423096
970,-309.743619113319,300,-283.050393146767,244216,-22.0513572692871
971,-296.274099715792,300,-282.962347556149,244516,-21.9448051452637
972,-191.876977520089,300,-278.932540330694,244816,-21.3346939086914
973,-248.596233559371,300,-277.605015902367,245116,-21.5810585021973
974,-271.116497362776,300,-275.879565609512,245416,-21.7968215942383
975,-299.539081889523,300,-277.538049352825,245716,-21.9107666015625
976,-269.175523369493,300,-276.255270734693,246016,-22.3263549804688
977,-296.348987043716,300,-276.797629521157,246316,-22.2781028747559
978,-232.111409681224,300,-276.21468471642,246616,-21.8814430236816
979,-311.214672016953,300,-276.582941150501,246916,-22.2577476501465
980,-244.153084605955,300,-276.849443931385,247216,-22.0090789794922
981,-229.658990879668,300,-272.930175906718,247516,-22.2071552276611
982,-163.983651574938,300,-268.41101164605,247816,-21.5390625
983,-245.879358800915,300,-267.190181468311,248116,-22.1792869567871
984,-194.785981332276,300,-262.24278564844,248416,-22.6310596466064
985,-250.966104741972,300,-260.712255716803,248716,-22.4708595275879
986,-266.776421932467,294,-259.765645466719,249010,-22.6963863372803
987,-250.759102987291,300,-256.984722339872,249310,-22.1889743804932
988,-261.054483951562,300,-256.590413992561,249610,-22.486177444458
989,-151.566920652224,300,-249.279060136576,249910,-22.9882373809814
990,-252.468175969958,300,-246.415287979408,250210,-22.0894145965576
991,-293.175139642267,300,-246.260339975732,250510,-22.3704128265381
992,-231.720969146853,300,-248.25253955707,250810,-22.3422966003418
993,-304.66706116169,300,-251.056080937186,251110,-22.4429798126221
994,-302.144153607923,300,-252.607463749443,251410,-22.4899864196777
995,-290.61374753899,300,-252.161197031917,251710,-22.7659778594971
996,-302.319844793542,300,-253.818413103119,252010,-22.6977672576904
997,-248.706921287737,300,-251.43630981532,252310,-22.83909034729
998,-214.669336693816,300,-250.56420616595,252610,-22.1830673217773
999,-281.170022402478,300,-249.061973685226,252910,-22.4270133972168
1000,-289.259706757708,300,-251.317304792814,253210,-22.7546768188477
1001,-288.390237033028,300,-254.253867100482,253510,-22.2951469421387
1002,-288.666837727355,300,-260.488026408103,253810,-23.0183715820312
1003,-207.674559545255,300,-258.57778644532,254110,-22.3206405639648
1004,-303.809191842802,300,-264.028946970846,254410,-23.4575080871582
1005,-289.058190442833,300,-265.933551255889,254710,-22.9583683013916
1006,-258.210992301437,300,-265.505279774337,255010,-22.2450370788574
1007,-240.618351542322,300,-264.998242202089,255310,-22.2927780151367
1008,-310.067237691015,300,-267.448879889062,255610,-23.2764015197754
1009,-309.759839760324,300,-275.358525844467,255910,-22.5925540924072
1010,-250.75142265763,300,-275.27268817885,256210,-22.8294048309326
1011,-279.437699616613,300,-274.585816177567,256510,-22.1778984069824
1012,-296.402820001437,300,-277.819908720297,256810,-23.1381072998047
1013,-269.960156898281,300,-276.084563507126,257110,-22.7200546264648
1014,-306.805806260631,300,-276.317646139762,257410,-22.5511627197266
1015,-245.925371033367,300,-274.08322731448,257710,-23.299036026001
1016,-276.90733530548,300,-272.812601840077,258010,-22.7450942993164
1017,-249.206694065821,300,-272.837590478982,258310,-23.4506492614746
1018,-274.47991188478,300,-275.82811923853,258610,-22.7898330688477
1019,-272.597926667522,300,-275.399514451782,258910,-22.9797401428223
1020,-260.019881502479,300,-273.93752318902,259210,-23.3405799865723
1021,-291.544574386618,300,-274.0952400567,259510,-23.2530937194824
1022,-273.752056309055,300,-273.349500985785,259810,-22.8813705444336
1023,-213.495896824624,300,-273.640567849753,260110,-22.8626174926758
1024,-303.592873766511,300,-273.629751945939,260410,-23.2861862182617
1025,-232.947633107202,300,-270.824224079157,260710,-23.2964744567871
1026,-299.136754480753,276,-272.870512188123,260986,-23.1659030914307
1027,-255.12470251667,263,-273.595829736841,261249,-22.9741706848145
1028,-307.627947313049,300,-273.473865217942,261549,-23.382209777832
1029,-251.994249667443,300,-270.585585713298,261849,-23.6583366394043
1030,-268.201363760839,300,-271.458082768459,262149,-23.4776420593262
1031,-276.910407267471,300,-271.331718151002,262449,-23.4471836090088
1032,-248.157961903273,300,-268.919475246093,262749,-22.9578819274902
1033,-254.878496256648,300,-268.165392214012,263049,-22.5827159881592
1034,-266.715997409,300,-266.16090177143,263349,-23.0669689178467
1035,-298.767659829888,300,-268.803016211256,263649,-23.2951717376709
1036,-265.263421408504,300,-268.220820516408,263949,-23.148624420166
1037,-238.886004631599,300,-267.704786044696,264249,-23.6548938751221
1038,-223.114592082166,300,-265.136520054566,264549,-23.6657733917236
1039,-226.042553950389,300,-262.808751418709,264849,-23.2193202972412
1040,-241.719148876653,300,-261.893714787418,265149,-23.2442359924316
1041,-263.795377810974,300,-260.506254958636,265449,-23.2945766448975
1042,-216.564771080361,300,-257.646890697201,265749,-23.3980693817139
1043,-207.409730918057,300,-257.342582401872,266049,-23.244010925293
1044,-266.50730850291,300,-255.488304138692,266349,-23.4245414733887
1045,-175.056749990516,300,-252.593759982858,266649,-23.6637687683105
1046,-262.89032455278,254,-250.781438486459,266903,-23.3567028045654
1047,-225.708596448523,300,-249.310633183052,267203,-24.4488620758057
1048,-270.993132551529,300,-247.478892444976,267503,-23.4482307434082
1049,-266.719413875769,300,-248.215150655392,267803,-23.9239273071289
1050,-85.9651436378682,271,-239.103339649244,268074,-23.5037231445312
1051,-261.103180003272,300,-238.312978286034,268374,-23.919605255127
1052,-207.604428069129,300,-236.285301594327,268674,-23.7443351745605
1053,-275.149329121685,300,-237.298843237579,268974,-23.9778938293457
1054,-171.755517097151,300,-232.550819221986,269274,-23.9020175933838
1055,-286.709381418092,300,-231.947905301396,269574,-23.9987297058105
1056,-242.036789544208,300,-230.786573708181,269874,-24.0057907104492
1057,-291.541833070918,300,-233.419365130147,270174,-23.2477035522461
1058,-290.444062100648,300,-236.785838631072,270474,-23.6401786804199
1059,-286.338261319019,300,-239.800623999503,270774,-24.215518951416
1060,-301.085557015887,300,-242.768944406465,271074,-24.1257839202881
1061,-275.424735112291,257,-243.350412271531,271331,-23.6277122497559
1062,-181.315172248883,300,-241.587932329957,271631,-23.3343486785889
1063,-240.608410604375,274,-243.247866314273,271905,-23.3013763427734
1064,-280.589712873333,265,-243.951986532794,272170,-23.9095554351807
1065,-271.812440539985,300,-248.789771060267,272470,-24.1330814361572
1066,-223.059405832262,300,-246.798225124241,272770,-23.9482727050781
1067,-255.391243279953,300,-248.282357465813,273070,-24.0225944519043
1068,-258.917471224101,300,-247.678574399442,273370,-24.0817680358887
1069,-275.011136084667,300,-248.093160509886,273670,-24.2979774475098
1070,-287.721288390063,300,-258.180967747496,273970,-23.7468299865723
1071,-261.948455848017,300,-258.223231539733,274270,-24.148250579834
1072,-259.214388075649,300,-260.803729540059,274570,-24.2079391479492
1073,-264.24716153453,299,-260.258621160702,274869,-24.2028064727783
1074,-177.016681647477,300,-260.521679388218,275169,-23.8785877227783
1075,-110.271835275773,289,-251.699802081102,275458,-24.3412990570068
1076,-297.342400355274,260,-254.465082621655,275718,-24.1231422424316
1077,-260.899406108463,300,-252.932961273532,276018,-24.3267707824707
1078,-233.606258717048,300,-250.091071104353,276318,-23.9212894439697
1079,-167.233158544006,300,-244.135815965602,276618,-24.0464859008789
1080,-270.235122464496,300,-242.593294238032,276918,-24.40500831604
1081,-294.751212403704,300,-243.559618102603,277218,-24.1088600158691
1082,-270.82898413808,300,-248.035308697063,277518,-24.2119235992432
1083,-286.076566846682,300,-250.308716509178,277818,-24.2682037353516
1084,-236.05348188387,300,-248.081904959705,278118,-24.3743114471436
1085,-257.546424042164,217,-247.368604134814,278335,-24.581974029541
1086,-179.656931084121,300,-245.198480397407,278635,-23.9828243255615
1087,-258.707566329334,261,-245.364296549876,278896,-24.6949081420898
1088,-266.764945970659,300,-245.756670287204,279196,-24.7344570159912
1089,-84.6654604458402,263,-236.239386505263,279459,-24.3105125427246
1090,-225.689994012001,300,-233.13782178636,279759,-24.5243358612061
1091,-288.795321998244,300,-234.480165093871,280059,-24.3702125549316
1092,-275.390466580595,300,-235.288969019118,280359,-24.7924938201904
1093,-302.265811701321,300,-237.189901527458,280659,-24.2091770172119
1094,-287.719707735219,278,-242.725052831845,280937,-24.4680919647217
1095,-276.011438638261,288,-251.012032999969,281225,-24.461311340332
1096,-206.845635117545,300,-246.487194738083,281525,-24.4885768890381
1097,-237.735438737702,300,-245.328996369545,281825,-24.4488296508789
1098,-248.593144085659,300,-246.078340637975,282125,-24.5653953552246
1099,-228.473789982715,300,-249.140372209911,282425,-24.9868049621582
1100,-217.120320836244,300,-246.484632128498,282725,-24.102668762207
1101,-211.818316898518,300,-242.337987353239,283025,-24.8891716003418
1102,-182.444360592252,300,-237.918756175947,283325,-24.5546627044678
1103,-256.774738449984,300,-236.453664756112,283625,-24.3617362976074
1104,-227.001727721521,272,-236.001077047995,283897,-24.6487579345703
1105,-240.457642437167,288,-235.146637967745,284185,-24.8137702941895
1106,-221.812844433059,300,-237.254433635192,284485,-24.5424785614014
1107,-215.522102804237,300,-235.095160458937,284785,-24.8401336669922
1108,-37.6265155382725,206,-223.638238937318,284991,-24.6209487915039
1109,-216.820548022967,300,-230.245993316174,285291,-24.8757934570312
1110,-259.302133451188,248,-231.926600288134,285539,-24.912784576416
1111,-236.149956352973,257,-229.29433200587,285796,-25.0874481201172
1112,-185.731802088818,300,-224.811398781281,286096,-24.7226982116699
1113,-213.759738427755,300,-220.386095117603,286396,-24.7784652709961
1114,-226.934426972335,194,-217.346831079459,286590,-24.8895626068115
1115,-245.436281341216,272,-215.818073214606,286862,-24.8876647949219
1116,-227.018852810243,300,-216.826734099241,287162,-24.7736473083496
1117,-259.916346141304,266,-217.935779469421,287428,-25.3889389038086
1118,-195.52924923047,181,-215.282584726662,287609,-25.1613655090332
1119,-175.622432637935,300,-212.640016859423,287909,-24.6400203704834
1120,-272.06258094825,249,-215.387129865023,288158,-24.973030090332
1121,-241.074472312944,182,-216.849937635745,288340,-25.1767082214355
1122,-247.324383881096,300,-220.093938800187,288640,-25.2757530212402
1123,-275.100640587563,259,-221.010233907066,288899,-25.0725116729736
1124,-281.245719310485,300,-223.722433486514,289199,-25.1165313720703
1125,-205.019057842579,300,-221.950504256785,289499,-25.2511787414551
1126,-237.406439043099,300,-222.730183987287,289799,-24.8521919250488
1127,-287.929610047037,273,-226.350559349427,290072,-24.7309265136719
1128,-226.25602670813,300,-235.782034907919,290372,-25.7501525878906
1129,-245.464012987624,244,-237.214208156152,290616,-24.8162689208984
1130,-282.220696510958,300,-238.360136309141,290916,-24.8568077087402
1131,-215.36399819455,300,-237.32083840122,291216,-25.1901397705078
1132,-247.772867530598,290,-240.422891673309,291506,-25.2477245330811
1133,-77.2344895729617,257,-233.596629230569,291763,-25.354024887085
1134,-216.162175908737,240,-233.058016677389,292003,-25.2359733581543
1135,-277.872142715379,300,-234.679809746097,292303,-25.672477722168
1136,-295.280705218373,289,-238.092902366504,292592,-25.4905776977539
1137,-233.14542865045,239,-236.754356491961,292831,-25.6291122436523
1138,-300.823899264615,290,-242.019088993668,293121,-24.8828372955322
1139,-281.959889606262,299,-247.335961842085,293420,-24.8640403747559
1140,-249.572136856589,266,-246.211439637501,293686,-25.7673835754395
1141,-268.216953805293,257,-247.568563712119,293943,-25.4095458984375
1142,-201.723677735227,300,-245.288528404826,294243,-25.5278739929199
1143,-219.519153999263,192,-242.50945407541,294435,-25.4759178161621
1144,-208.743971344182,194,-238.884366677095,294629,-25.6591262817383
1145,-215.662006058209,223,-239.416514087877,294852,-25.2503204345703
1146,-196.300732782855,218,-237.361228774865,295070,-25.7723445892334
1147,-146.773907038193,300,-230.303443624422,295370,-25.3458862304688
1148,-242.17104205074,225,-231.099194391553,295595,-25.8961238861084
1149,-207.407775740236,193,-229.196382529184,295788,-25.5302829742432
1150,-244.647216365686,256,-227.31770852192,296044,-25.3594512939453
1151,-278.432017595539,269,-230.471109491969,296313,-25.5060577392578
1152,-56.6906171971438,282,-220.916996975297,296595,-25.9181823730469
1153,-213.805757967182,201,-227.745560395008,296796,-25.4813575744629
1154,-225.1531149212,273,-228.195107345631,297069,-25.576322555542
1155,-209.520356187697,186,-224.777518019247,297255,-25.5564060211182
1156,-206.048838714757,203,-220.315924694066,297458,-25.8258094787598
1157,-213.57944336107,185,-219.337625429597,297643,-25.8539848327637
1158,-254.080451600967,221,-217.000453046415,297864,-25.7752780914307
1159,-203.352532255905,241,-213.070085178897,298105,-25.4902210235596
1160,-194.355671223816,158,-210.309261897258,298263,-25.6101455688477
1161,-215.393350279469,195,-207.668081720967,298458,-25.7680835723877
1162,-168.848253648157,186,-206.024310516613,298644,-25.4846458435059
1163,-243.032023307497,242,-207.199953982025,298886,-25.8799457550049
1164,-254.374893552666,222,-209.481500092449,299108,-25.8807029724121
1165,-246.261771281584,223,-211.011488353618,299331,-26.0448951721191
1166,-196.99690531243,196,-211.046296980097,299527,-25.8554191589355
1167,-276.841830121583,239,-217.549693134266,299766,-25.7696361541748
1168,-260.085289758925,240,-218.445405519675,300006,-26.1419162750244
1169,-12.6599350263087,173,-208.708013483979,300179,-26.0993537902832
1170,-177.600455642005,174,-205.355675447795,300353,-26.0036811828613
1171,-155.474059258697,169,-199.207777530953,300522,-26.1236305236816
1172,-165.39641776988,144,-204.64306755959,300666,-25.8363380432129
1173,-199.771519490795,157,-203.94135563577,300823,-25.9726085662842
1174,-243.828113004619,212,-204.875105539941,301035,-25.9706897735596
1175,-192.788496556562,125,-204.038512558385,301160,-25.9936599731445
1176,-211.390176632804,194,-204.305579454287,301354,-26.2440605163574
1177,-221.592982020636,184,-204.706256387265,301538,-26.2472038269043
1178,26.2741776721366,110,-190.68852492361,301648,-26.1848793029785
1179,-212.315413795814,178,-191.136669000606,301826,-25.8224830627441
1180,-200.853317901586,230,-191.461551334494,302056,-26.1825275421143
1181,-193.01875681563,165,-190.342821661302,302221,-26.3407974243164
1182,-198.737021240925,189,-191.837260040941,302410,-25.9487419128418
1183,-210.365354369998,169,-190.203926594066,302579,-26.6720771789551
1184,-262.394448130345,243,-190.604904322949,302822,-26.1165561676025
1185,-212.917305378712,151,-188.937681027806,302973,-26.1787338256836
1186,-20.3842947772831,174,-180.107050501049,303147,-26.0554122924805
1187,-193.690814427471,169,-175.949499716343,303316,-26.4773139953613
1188,-235.51404377103,252,-174.720937416948,303568,-26.2607002258301
1189,-210.23618801636,183,-184.599750066451,303751,-26.573579788208
1190,-193.424854072007,170,-185.390969987951,303921,-26.2191467285156
1191,-49.9269101373359,201,-180.113612531883,304122,-25.7769432067871
1192,-207.919889390664,186,-182.239786112922,304308,-26.0123443603516
1193,-219.013125216048,188,-183.201866399185,304496,-26.2495727539062
1194,-219.966551865766,191,-182.008788342242,304687,-27.0708541870117
1195,-200.259094739899,161,-182.382318251409,304848,-26.7136192321777
1196,-206.078706329211,165,-182.116744736229,305013,-26.3758659362793
1197,-200.71243784395,155,-181.072717527395,305168,-26.7732772827148
1198,-196.189441319178,177,-192.195898476961,305345,-26.8807144165039
1199,-206.44517049431,165,-191.902386311885,305510,-26.4674072265625
1200,-184.67313881588,178,-191.0933773576,305688,-26.3772277832031
1201,-189.552091043447,160,-190.920044068991,305848,-26.7869892120361
1202,-206.881779830436,192,-191.327281998467,306040,-26.7912788391113
1203,-188.701129289682,168,-190.244070744451,306208,-26.9027099609375
1204,-214.543121044782,197,-187.851504390173,306405,-26.7637825012207
1205,-209.917443514316,202,-187.701511296953,306607,-26.5638236999512
1206,-11.9043791064374,141,-187.27751551341,306748,-27.1496524810791
1207,-187.593565890264,199,-186.97265308655,306947,-27.8591461181641
1208,-201.825685735561,151,-185.288235184777,307098,-26.8892288208008
1209,-188.57806978808,130,-184.205329273363,307228,-26.5328903198242
1210,-211.893068150055,178,-185.128739977265,307406,-26.8935585021973
1211,-201.01212622019,160,-192.683000781408,307566,-26.58154296875
1212,-218.836692933779,173,-193.228840958564,307739,-27.0460796356201
1213,-220.288961531839,178,-193.292632774353,307917,-27.0054092407227
1214,-205.087989284265,123,-192.548704645278,308040,-26.8353404998779
1215,-174.798415906342,150,-191.2756707036,308190,-27.0905914306641
1216,40.4353402705048,133,-178.949968373614,308323,-26.8620338439941
1217,-167.720659571928,132,-177.300379460013,308455,-26.910177230835
1218,-159.679665372096,159,-175.474890662659,308614,-26.6923713684082
1219,-216.532011950432,142,-175.979232735465,308756,-26.2278518676758
1220,-190.962730391384,127,-176.293712314241,308883,-26.1390171051025
1221,-189.401586012006,131,-176.286187062668,309014,-27.089262008667
1222,-165.1248907813,127,-174.198342610212,309141,-27.4190330505371
1223,-175.76409515531,141,-173.551490903493,309282,-26.3799858093262
1224,-220.808705782186,167,-173.864770140363,309449,-27.5611190795898
1225,-185.0868195062,156,-172.623238939957,309605,-26.9500789642334
1226,-159.548303022335,138,-180.005435135752,309743,-27.1840362548828
1227,-210.938661963353,150,-181.172689939407,309893,-27.2974090576172
1228,-186.787865574392,125,-180.420798931348,310018,-27.1772689819336
1229,-188.614570097924,132,-180.422623946841,310150,-27.1935157775879
1230,-178.04939935982,90,-178.730440507329,310240,-26.9718151092529
1231,-172.131244197916,116,-177.286396406215,310356,-27.2998447418213
1232,-173.623155176226,106,-175.025719518337,310462,-27.1291809082031
1233,-144.415987484468,110,-171.232070815969,310572,-27.2663478851318
1234,-195.338481072888,139,-170.7445954054,310711,-27.4259223937988
1235,-153.736235920805,124,-169.691486406123,310835,-26.975959777832
1236,-171.529554511708,114,-180.289731145234,310949,-27.6819744110107
1237,-170.414056072135,130,-180.424400970244,311079,-27.6181583404541
1238,-178.078437682454,107,-181.344339585762,311186,-27.3517398834229
1239,-154.155818070593,107,-178.22552989177,311293,-27.9461288452148
1240,-154.903367626547,69,-176.422561753528,311362,-27.3146533966064
1241,-159.729710154892,129,-174.938967960673,311491,-27.8813552856445
1242,-174.171007487802,129,-175.391273795998,311620,-27.4465751647949
1243,-152.704210196652,103,-174.238279548065,311723,-26.8185539245605
1244,-137.235807070017,148,-170.059634612456,311871,-27.2794761657715
1245,-126.14956034518,178,-167.112771654405,312049,-27.9162578582764
1246,-200.182119253387,134,-169.144462465958,312183,-28.6375846862793
1247,-171.86679536879,93,-167.19086913623,312276,-27.5834159851074
1248,-172.986240962313,86,-166.500787905626,312362,-27.7821311950684
1249,-162.345226932331,103,-165.187320747346,312465,-26.654598236084
1250,-175.034267044822,108,-165.036564131596,312573,-27.1963367462158
1251,-157.346631672395,154,-164.29733350532,312727,-26.9865207672119
1252,-155.649410585193,104,-163.398646275769,312831,-27.6215534210205
1253,-184.620725010094,154,-165.40888315205,312985,-27.6462078094482
1254,-149.077108552076,81,-163.095814526009,313066,-26.6532669067383
1255,-146.904130212795,119,-162.754209240609,313185,-27.0321712493896
1256,-146.908840621924,113,-161.52317354612,313298,-27.3208160400391
1257,49.0233709197453,83,-150.551302196526,313381,-27.0446224212646
1258,-157.478996001788,105,-149.521330112492,313486,-27.9767570495605
1259,-162.533220719474,143,-149.940200244936,313629,-28.388355255127
1260,-191.461529503501,147,-151.768108338784,313776,-27.698429107666
1261,-155.576949168767,145,-151.560470289478,313921,-27.7606582641602
1262,15.8171424252942,129,-142.061062793823,314050,-28.1296539306641
1263,-152.075865111738,106,-142.029645539577,314156,-27.929759979248
1264,-167.252421755822,139,-143.530476273868,314295,-27.887134552002
1265,-156.606018364383,102,-145.053299174828,314397,-26.9860076904297
1266,-150.056567927986,64,-142.547021608558,314461,-27.5356884002686
1267,-146.900956939776,131,-141.298729687107,314592,-27.5841636657715
1268,-140.428186670087,171,-139.670826972496,314763,-27.8328399658203
1269,-187.658870764476,149,-140.936509164103,314912,-27.0090446472168
1270,40.6267817220493,100,-130.153456725759,315012,-27.4753284454346
1271,-164.084426674813,219,-130.49034647588,315231,-28.3467178344727
1272,-64.6091558813987,208,-125.938333740691,315439,-28.8879165649414
1273,-187.150737192954,158,-126.064834349834,315597,-28.8616752624512
1274,-195.666130455025,150,-128.394285444981,315747,-29.116641998291
1275,-185.500698964868,138,-130.324113882585,315885,-28.4249687194824
1276,-203.860971692539,158,-133.171720436115,316043,-27.8185634613037
1277,-160.516998999091,101,-143.648738932057,316144,-27.2720756530762
1278,-159.544354588685,201,-143.752006861402,316345,-28.4846343994141
1279,-163.303848840883,139,-143.790538267473,316484,-28.0638427734375
1280,-155.436609777399,187,-141.989292281167,316671,-28.3500556945801
1281,-166.66726257511,132,-142.543807951485,316803,-28.8610610961914
1282,-160.078048921441,178,-151.338567518821,316981,-28.6120300292969
1283,-92.352120007083,300,-148.352380263589,317281,-27.9944725036621
1284,-168.238460591538,107,-148.401682205374,317388,-28.2524719238281
1285,-151.028922075432,224,-148.122827390927,317612,-27.7447547912598
1286,-155.035921981415,243,-148.371795093598,317855,-28.6172256469727
1287,-125.711242728616,192,-147.31230938304,318047,-27.8815498352051
1288,57.6682758122221,94,-137.407486258925,318141,-28.2624759674072
1289,-154.565092118249,161,-135.752797326613,318302,-29.0137481689453
1290,48.3120148028332,86,-135.368535672574,318388,-29.2362327575684
1291,-157.709789146154,104,-135.049803796141,318492,-28.9062671661377
1292,-155.296098443292,136,-139.584150924236,318628,-29.6483116149902
1293,-183.413947275387,145,-139.397311428358,318773,-28.7685775756836
1294,-157.064615193713,140,-137.467235665292,318913,-28.5412139892578
1295,-44.7195287624567,300,-130.428177155171,319213,-28.2860794067383
1296,-177.148245999724,186,-129.092540870531,319399,-28.9182357788086
1297,-140.022703429241,256,-128.067826092038,319655,-28.9556159973145
1298,-142.024969482238,121,-127.191856836716,319776,-28.899227142334
1299,-171.671176733969,202,-127.61022323137,319978,-28.6505031585693
1300,-145.455311472279,234,-127.111158316114,320212,-28.3313827514648
1301,-165.299840506071,168,-127.042787212662,320380,-28.4783401489258
1302,-184.254830671285,209,-128.251626300154,320589,-28.4419822692871
1303,-150.654813985996,187,-131.1667609991,320776,-28.7156944274902
1304,-178.707895530566,148,-131.690232746051,320924,-28.6252689361572
1305,-81.3461677099334,300,-128.206095027777,321224,-28.8116588592529
1306,-163.690571739334,161,-128.638827515672,321385,-29.2450485229492
1307,-169.306901649617,208,-130.818610461723,321593,-29.3107376098633
1308,-168.948939263735,149,-142.14947121552,321742,-28.7451725006104
1309,-189.4815227167,173,-143.895292745443,321915,-28.7234172821045
1310,-79.6980852452413,300,-150.295797747847,322215,-28.7002620697021
1311,-207.617798449684,235,-152.791198213023,322450,-28.920581817627
1312,-168.345460371756,131,-153.443666309446,322581,-29.5734596252441
1313,-178.790561098661,187,-153.21249700061,322768,-28.6764869689941
1314,-46.8379656682052,300,-147.701164524335,323068,-28.370548248291
1315,-47.07414391078,300,-147.818895281751,323368,-27.9271392822266
1316,-154.694261964313,254,-146.69619607998,323622,-28.8378715515137
1317,-154.920695984257,221,-147.441095707731,323843,-28.017993927002
1318,-146.39770663399,198,-147.659732565319,324041,-28.964168548584
1319,47.8002362794164,224,-136.686161914649,324265,-28.085506439209
1320,-140.654450024626,77,-136.446118842267,324342,-28.98974609375
1321,-30.4101015093276,300,-129.70163189243,324642,-29.3835258483887
1322,-194.410564677066,220,-130.209418592719,324862,-29.4569072723389
1323,-159.328719986319,152,-130.643113892735,325014,-29.0326499938965
1324,-196.755758094631,237,-131.545507020938,325251,-28.8241920471191
1325,-76.3105433357338,300,-131.293725802228,325551,-29.2460327148438
1326,-155.768497761515,170,-130.897622103337,325721,-29.1628360748291
1327,-87.8303748401747,300,-126.823795762865,326021,-29.8683433532715
1328,-145.719260867567,209,-125.662311843057,326230,-30.1875305175781
1329,-177.16160744636,153,-125.04631607954,326383,-29.0950775146484
1330,-141.815672383562,300,-128.152195436456,326683,-29.3155250549316
1331,-158.346637674899,143,-125.688637397716,326826,-29.3717842102051
1332,-97.6089039091569,300,-122.151809574586,327126,-29.0757064819336
1333,-152.861208217393,110,-120.855341930523,327236,-29.6036605834961
1334,-174.965012208548,219,-127.26169425754,327455,-28.9490089416504
1335,-164.343449267523,156,-133.125159525377,327611,-29.3656806945801
1336,-150.182771392101,163,-132.899584996767,327774,-29.7353248596191
1337,46.5442093396977,157,-122.826339730569,327931,-29.6363754272461
1338,-173.806846878384,160,-124.196796742789,328091,-29.3111572265625
1339,-59.0009954366239,300,-129.536858328591,328391,-29.683349609375
1340,-150.750780230399,159,-130.041674838879,328550,-28.7705230712891
1341,-159.227022936716,208,-136.482520910249,328758,-28.4776840209961
1342,-148.553919961093,183,-134.18968867445,328941,-30.0228271484375
1343,-162.547613591457,135,-134.350633354707,329076,-29.6197776794434
1344,-165.15121729358,184,-132.770406314655,329260,-29.2515029907227
1345,-74.8222655556716,300,-132.695992425651,329560,-29.0424575805664
1346,-116.670243727506,120,-130.741079723951,329680,-29.213472366333
1347,-155.961266108737,158,-134.147624287379,329838,-29.26926612854
1348,-151.057430866205,247,-134.414532787311,330085,-29.8486557006836
1349,-165.50582161021,143,-133.831743495503,330228,-29.5373687744141
1350,-101.084759817439,300,-131.795197867197,330528,-29.602653503418
1351,-143.364347233756,125,-131.04608334514,330653,-29.8567314147949
1352,-74.3659599811791,300,-129.883936148741,330953,-29.4954490661621
1353,-159.819340990097,235,-130.231842787376,331188,-30.0209808349609
1354,-142.578435955472,225,-128.612513974723,331413,-29.4934749603271
1355,-131.056291962936,246,-126.948156109493,331659,-28.8607521057129
1356,-162.890159082488,87,-127.583525494013,331746,-30.1850700378418
1357,45.3750730847632,113,-127.641982306759,331859,-29.8096542358398
1358,-135.500310911975,173,-125.726655508439,332032,-29.3499488830566
1359,-134.70317275358,125,-129.511764374287,332157,-29.1902866363525
1360,-139.390477771262,160,-128.94374925133,332317,-30.2802047729492
1361,-142.572341764755,106,-128.111015192732,332423,-29.1159820556641
1362,-141.853833464077,84,-127.776010867881,332507,-30.082986831665
1363,-150.354980805128,103,-127.166379228564,332610,-29.8481826782227
1364,-127.158018278138,151,-125.266719277792,332761,-29.5884628295898
1365,-134.172665496241,181,-128.234239274821,332942,-29.6575622558594
1366,-133.501237520298,146,-129.07578896446,333088,-30.2899398803711
1367,-178.977398127629,152,-130.226595565405,333240,-29.9689064025879
1368,-152.191538288813,109,-130.283300936535,333349,-29.6468753814697
1369,-154.5319081013,116,-129.73460526109,333465,-30.1658210754395
1370,-152.33848267804,208,-132.29729140412,333673,-30.90260887146
1371,-81.556942101911,300,-129.206921147528,333973,-30.5870475769043
1372,-156.869147926461,254,-133.332080544792,334227,-30.3551940917969
1373,-139.889045006725,77,-132.335565745623,334304,-29.6414680480957
1374,-145.86386559555,85,-132.499837227627,334389,-30.0755271911621
1375,-133.662959101898,31,-132.630170584575,334420,-29.4640159606934
1376,-141.947271703802,91,-131.583026215641,334511,-29.9771175384521
1377,-30.6704798855007,300,-135.385303864154,334811,-30.172119140625
1378,-130.706701498364,152,-135.145623393474,334963,-30.2527465820312
1379,-164.983376674588,123,-136.659633589524,335086,-30.26584815979
1380,-160.055135503828,142,-137.692866476152,335228,-29.9261322021484
1381,-169.417128394968,191,-139.035105807663,335419,-30.250020980835
1382,-61.2780670674699,300,-135.006317487833,335719,-29.8536338806152
1383,-174.588743708713,184,-136.218005633012,335903,-30.0329818725586
1384,-162.563667669424,130,-137.988288102576,336033,-29.2284030914307
1385,-145.558197644935,45,-138.557564710011,336078,-29.3840084075928
1386,-124.986282570005,261,-138.131816962496,336339,-29.7622947692871
1387,59.0498427161322,99,-126.230454920308,336438,-30.1224784851074
1388,-141.491525839036,93,-125.695454297819,336531,-29.8618965148926
1389,-85.8217601151519,300,-122.259946898512,336831,-30.1963272094727
1390,-157.812615842189,134,-122.533653556719,336965,-30.1523380279541
1391,53.5636793585106,108,-115.777622483698,337073,-28.8373336791992
1392,-155.792005750278,174,-115.723765374889,337247,-29.9138832092285
1393,-140.969248376374,98,-115.777775543372,337345,-29.1402053833008
1394,-88.2160037504778,300,-112.895382451118,337645,-30.7857856750488
1395,-59.7298210280718,300,-109.198725547427,337945,-30.449535369873
1396,-172.701172078756,129,-110.736420566174,338074,-29.6546020507812
1397,-149.365214466365,122,-116.671157295218,338196,-30.4087295532227
1398,-163.01654531112,90,-118.286649485855,338286,-30.1898975372314
1399,-145.202209551169,254,-117.297591129684,338540,-30.4490966796875
1400,-155.795505263987,252,-117.084609617692,338792,-30.3217582702637
1401,-47.7573658182841,300,-111.001621488858,339092,-30.7893295288086
1402,-106.758869505952,300,-113.275661610782,339392,-30.3697929382324
1403,-157.614102673702,120,-112.426929559032,339512,-30.8289794921875
1404,-139.865195612272,214,-111.292005956174,339726,-31.166654586792
1405,-65.5543979668488,300,-107.29181597227,340026,-30.7144737243652
1406,-177.318729777699,298,-109.908438332655,340324,-30.96901512146
1407,-171.238342987831,127,-121.422847617853,340451,-30.7848472595215
1408,-172.184467468672,157,-122.957494699335,340608,-30.4802360534668
1409,-157.367507510514,139,-126.534782069103,340747,-31.3376560211182
1410,-163.426139849823,205,-126.815458269484,340952,-31.2148323059082
1411,-156.698596714262,109,-137.328572073123,341061,-31.0952110290527
1412,-82.9880497225651,300,-133.688374271737,341361,-31.0890884399414
1413,-154.185926770287,298,-134.349208191433,341659,-30.2737083435059
1414,-150.535340786914,154,-137.465175043255,341813,-30.5052909851074
1415,-182.265853987698,288,-143.591976691236,342101,-30.846435546875
1416,-71.5792143695642,300,-138.535878805777,342401,-30.7399787902832
1417,-64.7903220771005,300,-134.307134186313,342701,-30.2126960754395
1418,-147.976786155413,167,-133.555146228528,342868,-31.4397392272949
1419,-148.732223044227,93,-133.731646903181,342961,-31.0158157348633
1420,-164.789380857577,82,-134.18134068286,343043,-30.8334922790527
1421,-60.1613216835107,300,-134.801538476122,343343,-30.5174522399902
1422,-80.2357829414631,300,-133.475384147897,343643,-30.7517929077148
1423,-153.774936890054,120,-133.283425858715,343763,-31.5679244995117
1424,-149.527386797888,116,-133.766535417996,343879,-30.918872833252
1425,-164.131974648932,235,-138.6954142521,344114,-31.2532005310059
1426,-153.211835259781,203,-137.490069526204,344317,-31.1941146850586
1427,-163.832419601796,113,-137.119773356902,344430,-32.2752571105957
1428,-163.627182815054,177,-136.691909124221,344607,-30.4435043334961
1429,-135.295619735519,76,-135.588314735471,344683,-31.0417404174805
1430,-65.5061344613568,300,-130.692314466048,344983,-31.5262031555176
1431,-167.553161990554,117,-131.235042729863,345100,-31.1786670684814
1432,-150.28381180225,118,-134.599830833847,345218,-31.1266899108887
1433,-141.676302017528,97,-133.974349596209,345315,-31.7691535949707
1434,-150.335219968026,211,-133.964343555265,345526,-31.9115333557129
1435,-161.587974847777,126,-132.930449598269,345652,-31.842752456665
1436,-120.142210864214,21,-135.358599423001,345673,-31.8109703063965
1437,-156.945235874562,92,-139.966345112874,345765,-31.2519989013672
1438,-133.680462431702,95,-139.251528926689,345860,-31.5454368591309
1439,-149.378467337154,119,-139.283841141335,345979,-31.293571472168
1440,-157.754961857361,129,-138.932120191324,346108,-30.1926918029785
1441,-85.5000555427965,300,-140.199056884288,346408,-31.0792751312256
1442,-168.651690123496,89,-144.61985224339,346497,-31.4417762756348
1443,-161.171838001843,150,-144.989697298979,346647,-30.8747596740723
1444,-147.185671081454,108,-144.872611513158,346755,-31.3831825256348
1445,-148.592467388575,150,-144.09563615014,346905,-31.6707572937012
1446,-133.408488537961,114,-143.105468814049,347019,-31.0062370300293
1447,-167.527643127983,129,-143.290229990358,347148,-30.5961933135986
1448,-169.79992596238,123,-143.598867147725,347271,-31.7454299926758
1449,-136.712866287055,72,-143.669729475301,347343,-31.1466865539551
1450,-156.28177512997,87,-148.208511508732,347430,-31.743049621582
1451,-152.616968577491,156,-147.461701838079,347586,-31.9476833343506
1452,-164.206241699799,104,-148.157823332956,347690,-30.4181365966797
1453,-40.7240015979515,300,-143.110208311978,347990,-31.5630722045898
1454,72.5978720491163,70,-131.963553711121,348060,-31.5303611755371
1455,-163.717937416616,148,-132.070051839562,348208,-32.1179695129395
1456,-147.236753275298,178,-133.424778960117,348386,-31.3683433532715
1457,-142.253495264942,103,-132.690191929636,348489,-32.0767822265625
1458,-155.196621220201,94,-133.765999869061,348583,-31.6017074584961
1459,-151.411096562074,112,-133.867631330307,348695,-32.4504051208496
1460,-150.70711259784,96,-133.515238867331,348791,-32.4573516845703
1461,-133.770869224001,120,-135.928779551391,348911,-32.2824401855469
1462,-142.970088029663,204,-134.644699446699,349115,-32.0977783203125
1463,-146.348803258031,141,-133.903547709509,349256,-31.7363548278809
1464,-136.380375258012,92,-133.363282918336,349348,-30.9825382232666
1465,-171.512187003887,204,-134.509268899102,349552,-30.3154907226562
1466,-151.153555948172,83,-135.396522269613,349635,-31.136510848999
1467,-157.178230322427,200,-134.879051629335,349835,-32.7596435546875
1468,-155.989601606471,108,-134.188535411539,349943,-32.3640632629395
1469,-156.535108078483,141,-135.179647501111,350084,-32.0617141723633
1470,-170.389861948252,192,-135.885051842025,350276,-32.3183479309082
1471,-168.588492339343,147,-136.683628030117,350423,-31.87060546875
1472,-159.693993188184,117,-136.458015604537,350540,-32.7380905151367
1473,-144.78451557931,98,-141.661041303605,350638,-31.702938079834
1474,67.9804408477357,76,-141.891912863674,350714,-31.4819488525391
1475,-151.086300803365,246,-141.260331033011,350960,-32.4436492919922
1476,-142.930366899929,208,-141.045011714243,351168,-32.0955619812012
1477,-152.791907783842,136,-141.571932340188,351304,-32.1291198730469
1478,-154.415448077006,140,-141.532873683028,351444,-31.9683647155762
1479,-150.547959661463,117,-141.489716837997,351561,-32.5942459106445
1480,-170.195058252462,118,-142.464114120728,351679,-32.8015556335449
1481,-155.085421648536,146,-143.529841741955,351825,-32.7984466552734
1482,-146.292146044109,80,-143.695944642677,351905,-33.2522048950195
1483,-153.340294954605,157,-144.045519227506,352062,-33.016674041748
1484,-141.110130576703,112,-144.282006993441,352174,-32.604362487793
1485,-134.177605000259,94,-142.415277893259,352268,-33.3836059570312
1486,-157.018505339022,114,-142.708525362802,352382,-33.3872833251953
1487,-135.410791761124,125,-141.620153434737,352507,-32.0805702209473
1488,-144.840320839707,116,-141.062689396398,352623,-31.4115028381348
1489,-157.747997003156,112,-141.123333842632,352735,-32.3603134155273
1490,-158.716872340415,208,-140.53968436224,352943,-32.3036460876465
1491,-119.533306763783,98,-138.086925083462,353041,-31.2620010375977
1492,-123.681039150379,144,-136.286277381572,353185,-32.2543144226074
1493,-60.2955999628948,300,-132.061831600751,353485,-32.0411720275879
1494,-192.364243606016,124,-145.079065823439,353609,-31.271858215332
1495,-141.204972824146,291,-144.584999424478,353900,-32.3020362854004
1496,-83.3057017603689,300,-141.6037661675,354200,-33.288688659668
1497,-128.820725234526,234,-140.405207040034,354434,-32.4377174377441
1498,-168.557880393789,153,-141.112328655873,354587,-32.1444816589355
1499,-170.923465845106,144,-142.131103965055,354731,-32.7897567749023
1500,-128.662633468619,150,-140.054482725863,354881,-33.4453125
1501,-166.613278306289,217,-140.630875558751,355098,-33.0651512145996
1502,-151.038753874914,112,-140.868205950291,355210,-31.7621650695801
1503,-164.637737815805,161,-141.433078093351,355371,-33.3345222473145
1504,-163.346558844987,122,-142.544899506765,355493,-33.3725929260254
1505,-140.812923007883,92,-142.876665407147,355585,-33.492057800293
1506,-145.93586114479,85,-142.322533197435,355670,-33.9571075439453
1507,-160.25729522822,112,-143.56485837079,355782,-32.0607452392578
1508,71.3998447758278,74,-132.752850090013,355856,-33.0841331481934
1509,-65.7342422500075,300,-128.152162352356,356156,-31.5860633850098
1510,-68.320050052464,300,-123.632321237958,356456,-32.9592895507812
1511,-127.063614819581,95,-124.008836640748,356551,-32.340950012207
1512,-151.754985349151,265,-125.412533950687,356816,-32.1017227172852
1513,-132.320622758679,94,-129.013785090476,356910,-32.7657241821289
1514,-54.8548873689553,300,-122.138317278623,357210,-31.4565277099609
1515,-54.8028783786758,300,-117.818212556349,357510,-31.4813919067383
1516,-133.76211561624,88,-120.341033249143,357598,-31.9677085876465
1517,-135.668255933746,84,-120.683409784104,357682,-33.207103729248
1518,-130.953068413893,88,-118.803169185109,357770,-32.0531959533691
1519,-135.669895103224,89,-117.040490648015,357859,-32.9326858520508
1520,-133.291032041669,85,-117.271910576667,357944,-33.3798027038574
1521,-130.013532887311,104,-115.441923305718,358048,-33.5509185791016
1522,63.6690582864512,53,-104.70653269765,358101,-32.8515281677246
1523,-132.797029338049,87,-103.114497273762,358188,-32.3154754638672
1524,-52.774400814665,300,-97.5858893722462,358488,-33.1902389526367
1525,65.3452569925612,57,-87.277980372224,358545,-32.6233291625977
1526,-134.561815061726,87,-86.7092780680709,358632,-32.8356170654297
1527,56.9191905735919,60,-75.8504537779803,358692,-33.6579933166504
1528,59.3732537137628,55,-76.4517833310835,358747,-33.4127464294434
1529,-134.246242123225,113,-79.8773833247444,358860,-32.8520431518555
1530,-144.041041177715,169,-83.663432881007,359029,-32.4020767211914
1531,-157.910578926678,164,-85.2057810863618,359193,-33.0665702819824
1532,-152.880725759724,115,-85.2620681068904,359308,-33.4650840759277
1533,-144.81304081594,150,-85.8866890097535,359458,-32.5947341918945
1534,-147.522992374166,92,-90.520094260014,359550,-33.5299758911133
1535,-142.596053599026,114,-94.9097530210315,359664,-33.2530479431152
1536,-149.94324219735,57,-95.718809350087,359721,-33.5707855224609
1537,-185.087349839817,123,-98.1897640453905,359844,-33.9794120788574
1538,-155.280789528385,75,-99.4061501011152,359919,-33.1421432495117
1539,-135.475041873264,78,-99.3964074396171,359997,-32.9431495666504
1540,-153.676806601584,111,-100.415696167613,360108,-33.124267578125
1541,-154.192737326052,64,-101.62465638955,360172,-33.3107223510742
1542,-120.142761826654,89,-110.815247395205,360261,-33.5832672119141
1543,-160.155876900283,115,-112.183189773317,360376,-33.8634300231934
1544,-164.587128678253,193,-117.773826166496,360569,-33.0548973083496
1545,64.6397551849779,54,-117.809101256875,360623,-33.7874603271484
1546,-153.887079158318,106,-118.775364461705,360729,-32.6835403442383
1547,-157.244884366539,99,-129.483568208712,360828,-33.5984077453613
1548,-149.741934352582,104,-139.939327612029,360932,-33.7961769104004
1549,-152.280454372883,100,-140.841038224512,361032,-33.2034912109375
1550,-163.853838144954,126,-141.831678072874,361158,-33.646110534668
1551,-129.836699047716,96,-140.427984078926,361254,-34.0796661376953
1552,-145.854550950751,91,-140.076675338477,361345,-33.1823348999023
1553,-132.312436140793,85,-139.45164510472,361430,-32.7527694702148
1554,-150.946255394413,102,-139.622808255732,361532,-32.6361961364746
1555,-158.59615633372,95,-140.422813392467,361627,-32.8843841552734
1556,63.754879998214,56,-129.737907282688,361683,-33.1436729431152
1557,-153.633068465305,83,-128.165193213963,361766,-33.5797653198242
1558,-134.172649367641,247,-127.109786205926,362013,-33.2025108337402
1559,-133.100798432816,89,-126.991074033903,362102,-34.0125427246094
1560,-138.701216199759,78,-126.242294513812,362180,-32.9544372558594
1561,61.8868367909611,56,-115.438315807961,362236,-32.6241264343262
1562,-138.18814751474,73,-116.340585092366,362309,-32.7532043457031
1563,-122.732169622593,91,-114.469399728481,362400,-32.4346084594727
1564,56.1168949233358,60,-103.434198548402,362460,-33.3200645446777
1565,-132.978702948462,93,-113.315121455074,362553,-34.0455703735352
1566,-129.101473880738,28,-112.075841191195,362581,-34.4767608642578
1567,-119.028530736832,94,-110.165023509709,362675,-33.9776382446289
1568,49.5387898779947,70,-100.20098729818,362745,-33.958122253418
1569,-150.776889117691,107,-100.125809035421,362852,-34.1535224914551
1570,-134.279620652341,135,-98.6470981607902,362987,-34.4402236938477
1571,-158.313026763925,91,-100.070914546601,363078,-33.4133071899414
1572,-132.037757204636,90,-99.380074859295,363168,-33.4172477722168
1573,-161.628217956411,103,-100.845863950076,363271,-34.7128372192383
1574,-136.134910444981,83,-100.105296702604,363354,-34.1095428466797
1575,-139.840140405562,107,-99.1674959061964,363461,-35.0253829956055
1576,-166.256461642462,110,-110.66806298823,363571,-33.6583404541016
1577,61.8764622461013,58,-99.8925864526599,363629,-36.0297508239746
1578,-132.518406136721,131,-99.8098742911139,363760,-33.3630981445312
1579,-162.888446938299,104,-101.299256716388,363864,-33.6498184204102
1580,-144.71932936194,80,-101.600162374497,363944,-33.9566955566406
1581,42.4638983171504,75,-102.571309298188,364019,-33.7901573181152
1582,-152.048430264977,137,-103.264323435699,364156,-34.3413848876953
1583,-165.687702144853,112,-105.412100061812,364268,-34.8895149230957
1584,-162.692971835701,108,-116.352593399764,364376,-34.123462677002
1585,-157.372516399516,166,-117.572284072317,364542,-34.1443748474121
1586,-155.339079941728,115,-118.884164375367,364657,-33.8632049560547
1587,-123.933264216282,97,-119.129401049339,364754,-33.5946388244629
1588,-142.582101443809,88,-128.735445615429,364842,-34.3590240478516
1589,-148.256354736592,112,-128.609418896374,364954,-34.1021308898926
1590,-134.574529337988,125,-128.624164330657,365079,-33.9338798522949
1591,-163.282163469466,109,-128.872621165934,365188,-33.5602874755859
1592,-148.190729141742,99,-129.680269762789,365287,-33.3673400878906
1593,-159.006963332909,111,-129.549207031614,365398,-35.155948638916
1594,-160.4216322632,109,-130.763543122525,365507,-34.2269248962402
1595,-150.772665555212,84,-131.310169380007,365591,-35.0844573974609
1596,-125.695646011717,115,-129.28212859847,365706,-34.4336853027344
1597,-133.403168102558,121,-139.046110115903,365827,-35.8116264343262
1598,-149.794791853708,112,-139.909929401752,365939,-34.3134231567383
1599,-133.717109694519,87,-138.451362539563,366026,-34.8547630310059
1600,-115.62441849217,129,-136.996616996075,366155,-35.5248756408691
1601,-161.150308183508,113,-147.177327321108,366268,-34.1171875
1602,-166.863016037906,137,-147.918056609754,366405,-34.264102935791
1603,-144.619788832942,109,-146.864660944159,366514,-34.9337348937988
1604,-156.568150935001,113,-146.558419899124,366627,-35.3968200683594
1605,-160.1516966255,111,-146.697378910423,366738,-34.4161109924316
1606,44.3589313476243,76,-136.712478345955,366814,-34.21630859375
1607,-160.007120642026,183,-138.516171167242,366997,-34.4168014526367
1608,-158.816581789623,172,-139.327895184533,367169,-35.6905632019043
1609,-151.5229813845,168,-139.491226516929,367337,-35.2942161560059
1610,-156.15947525322,114,-140.57047381269,367451,-34.0067520141602
1611,-170.638623005436,188,-140.938296789489,367639,-34.3784599304199
1612,-162.44662894557,136,-141.65109177968,367775,-33.4481735229492
1613,-166.435776755292,139,-142.022532450799,367914,-35.028564453125
1614,-176.283363521647,127,-142.815619013722,368041,-34.6951904296875
1615,-174.877089111094,152,-144.020840191516,368193,-34.4351005554199
1616,-174.556559435974,114,-146.463885862729,368307,-33.9522857666016
1617,-169.460719834434,127,-148.266763449322,368434,-34.7839126586914
1618,-155.650478354171,116,-148.559547774345,368550,-33.9945526123047
1619,-152.376543441775,92,-149.492519461708,368642,-37.3824653625488
1620,-155.338993262199,104,-151.47824820021,368746,-34.6836471557617
1621,-170.540248107456,118,-151.947745196407,368864,-35.3138771057129
1622,-175.626299562467,129,-152.385909372635,368993,-35.0718307495117
1623,-176.521091892892,134,-153.980974525633,369127,-35.2181282043457
1624,-164.652488757827,277,-154.385191416774,369404,-34.6203842163086
1625,-161.733093922844,112,-154.464261281641,369516,-34.1422424316406
1626,-149.721089866747,123,-164.16826234236,369639,-36.3935203552246
1627,-156.062489522176,143,-163.971030786367,369782,-34.029182434082
1628,-164.147698300897,120,-164.237586611931,369902,-34.8907279968262
1629,-116.76749959384,147,-162.499812522398,370049,-36.4180870056152
1630,-145.461762121445,115,-161.964926865809,370164,-34.7475433349609
1631,-158.514855121564,113,-161.358738471616,370277,-34.595573425293
1632,-165.114951751244,122,-161.492154611899,370399,-35.2002830505371
1633,-160.528967207521,264,-161.196814134511,370663,-35.2104721069336
1634,-172.828762078698,124,-161.024084062363,370787,-34.9860305786133
1635,33.0881594670172,90,-150.625821633458,370877,-35.9964485168457
1636,-149.029437996613,113,-149.34946556149,370990,-35.2029762268066
1637,-163.090342544925,109,-149.030946697014,371099,-35.6781311035156
1638,-165.540917171965,118,-149.525468637904,371217,-36.2579460144043
1639,-157.105368709857,159,-149.761909901308,371376,-33.7012634277344
1640,-184.699168652759,134,-151.229918670836,371510,-35.0054130554199
1641,-140.558186087929,102,-149.73081556986,371612,-34.856517791748
1642,-156.171464856425,106,-148.758073834558,371718,-34.8222808837891
1643,-155.641588328236,114,-147.714098656325,371832,-34.8226089477539
1644,-163.676243140527,125,-147.66528637546,371957,-35.1887474060059
1645,-156.976527472761,182,-147.427458052956,372139,-35.4813194274902
1646,41.1692583002897,91,-137.882940644604,372230,-33.6528816223145
1647,-161.209428595576,111,-138.140287598274,372341,-34.716007232666
1648,-147.152526079841,109,-137.290528987221,372450,-35.4999008178711
1649,-146.442238422536,134,-138.774265928656,372584,-36.4183883666992
1650,-162.019699738775,116,-139.602162809522,372700,-35.5262069702148
1651,-145.298154211141,105,-138.941327764001,372805,-36.5529670715332
1652,-153.734884435253,111,-138.372324398201,372916,-35.5769271850586
1653,60.1521580206046,58,-127.338268136795,372974,-36.0291786193848
1654,-142.723172059885,128,-125.832988635855,373102,-35.3579330444336
1655,-141.904422018471,93,-134.582617710129,373195,-36.1473503112793
1656,-157.556686969712,120,-135.008980158784,373315,-34.6394882202148
1657,-167.77477031254,126,-135.243201547165,373441,-34.1340408325195
1658,-167.703150859814,136,-135.351313231557,373577,-34.6194381713867
1659,-160.379772760168,107,-135.515033434073,373684,-36.0999336242676
1660,-176.305933279613,116,-135.095371665415,373800,-36.6365623474121
1661,-163.015361274031,115,-136.21823042472,373915,-37.0669479370117
1662,-144.335643038836,121,-135.626439333841,374036,-37.2788772583008
1663,-167.256749564404,128,-136.207197395649,374164,-35.2049255371094
1664,-137.126050070882,100,-134.879687742167,374264,-34.9099655151367
1665,-142.572938681984,82,-134.159508302628,374346,-36.3416442871094
1666,-177.491065818845,119,-145.092524508585,374465,-34.1829605102539
1667,-157.618586571633,112,-144.912982407388,374577,-35.6146507263184
1668,-168.424862452194,113,-145.976599226006,374690,-36.0778961181641
1669,-127.21809408861,101,-145.015392009309,374791,-35.7296295166016
1670,-143.476979747853,81,-144.088256009763,374872,-36.0160751342773
1671,-131.677072810983,110,-143.407201939755,374982,-36.3532218933105
1672,43.5715409665535,124,-133.541880669665,375106,-35.2821807861328
1673,47.5490283182618,70,-134.172037154782,375176,-36.5419845581055
1674,-144.036932878299,140,-134.237725195703,375316,-35.3994827270508
1675,-164.244893976523,115,-135.354748793605,375431,-37.6790428161621
1676,-152.242024123576,170,-135.089015651299,375601,-34.0984725952148
1677,-142.491993499473,82,-133.824876810645,375683,-34.732494354248
1678,-167.177951932106,173,-133.79861686426,375856,-35.7607192993164
1679,-176.206897846513,122,-134.589973118577,375978,-34.6828460693359
1680,49.3944908621442,74,-123.304951911489,376052,-36.3870849609375
1681,-161.063434281788,94,-123.207355561877,376146,-34.9934883117676
1682,42.3642258255499,87,-113.872362118658,376233,-34.7902412414551
1683,63.4744553297742,57,-102.335801873949,376290,-35.8415756225586
1684,-155.31920417243,140,-103.245459579026,376430,-36.6618194580078
1685,-162.328351218933,204,-104.233230205874,376634,-36.7127647399902
1686,-161.425766954297,123,-103.429965262646,376757,-36.0862579345703
1687,63.9586271972086,62,-92.3511045742042,376819,-36.9966659545898
1688,-147.920088762421,128,-91.3258658897155,376947,-37.0269470214844
1689,-149.753148007752,114,-92.4526185856726,377061,-35.9953231811523
1690,-162.65340656269,115,-93.4114399264145,377176,-38.0574836730957
1691,-173.379551245431,147,-95.4965638481369,377323,-37.0371246337891
1692,-131.128497202455,108,-104.231565756587,377431,-36.6025314331055
1693,-131.458425000146,89,-113.181938422508,377520,-36.5932731628418
1694,-150.45634339142,117,-113.502908948164,377637,-36.0946159362793
1695,-158.112843515106,117,-113.196306425093,377754,-37.4587707519531
1696,-154.455157307193,110,-113.306963084274,377864,-36.1763534545898
1697,-149.592234388829,115,-113.661975128742,377979,-35.11181640625
1698,-133.918605483216,156,-111.999007806297,378135,-38.0073013305664
1699,-151.269575337619,108,-110.752141680852,378243,-35.7109298706055
1700,-150.385407973044,112,-120.741136622612,378355,-37.5071487426758
1701,50.6469688476723,97,-110.155616466139,378452,-34.4947814941406
1702,-167.154090464673,139,-120.63153228065,378591,-36.5495300292969
1703,-156.54671547697,220,-131.632590820987,378811,-36.3052825927734
1704,-168.122661315726,118,-132.272763678152,378929,-35.2925262451172
1705,45.3656347085445,77,-121.888064381778,379006,-37.3034286499023
1706,-154.377825117927,171,-121.53566728996,379177,-36.4599304199219
1707,-153.107178407496,118,-132.388957570195,379295,-36.3235321044922
1708,-152.44892287238,119,-132.615399275693,379414,-35.7235107421875
1709,-150.940365842736,105,-132.674760167442,379519,-35.5638580322266
1710,-157.86714019769,121,-132.435446849192,379640,-36.1526565551758
1711,-155.982581127993,124,-131.56559834332,379764,-35.9685592651367
1712,-148.787955790756,119,-132.448571272735,379883,-36.3241119384766
1713,-132.351187309412,123,-132.493209388198,380006,-37.2223930358887
1714,-153.34662687483,117,-132.637723562369,380123,-36.9289016723633
1715,-143.85103668006,120,-131.924633220617,380243,-36.8007507324219
1716,-149.471936964949,132,-131.675472203504,380375,-38.0827178955078
1717,-172.38584136188,157,-132.815152552157,380532,-38.0099945068359
1718,-153.04381856591,131,-133.771413206292,380663,-37.612434387207
1719,-149.134434176695,82,-133.664656148245,380745,-36.8907661437988
1720,-168.503555928595,75,-134.570563546023,380820,-37.1420288085938
1721,-171.22395049511,112,-145.664109513162,380932,-36.7071380615234
1722,-166.667111904272,224,-145.639760585142,381156,-35.757080078125
1723,-137.522330522588,123,-144.688541337423,381279,-37.5414962768555
1724,-145.410619725902,156,-143.552939257932,381435,-36.9988288879395
1725,-150.390102670419,125,-153.34072612688,381560,-37.8407516479492
1726,-142.169514227462,134,-152.730310582357,381694,-37.302619934082
1727,-154.327966262818,187,-152.791349975123,381881,-35.3055191040039
1728,-155.798170898145,144,-152.958812376411,382025,-35.9499359130859
1729,-137.05420810666,164,-152.264504489607,382189,-36.9691352844238
1730,-162.021582027294,113,-152.472226581088,382302,-36.7582550048828
1731,-154.100451956872,127,-152.378120122531,382429,-35.2454223632812
1732,-148.726435208564,162,-152.375044093422,382591,-36.2384834289551
1733,-154.541014428274,158,-153.484535449365,382749,-36.3938293457031
1734,-154.684271028172,214,-153.551417657032,382963,-35.7687759399414
1735,-164.612601446783,285,-154.589495895368,383248,-37.3258056640625
1736,41.594102346371,94,-145.036193929802,383342,-37.48828125
1737,-152.77065552835,124,-144.055434638126,383466,-36.8218688964844
1738,-151.992331179581,131,-144.002860268809,383597,-35.8282928466797
1739,-165.530054826706,164,-144.82264130131,383761,-36.6294441223145
1740,-155.080774713131,125,-144.151502240537,383886,-36.9775466918945
1741,-136.496790816515,160,-142.415144256607,384046,-36.9781227111816
1742,-179.473917253402,207,-143.055484524063,384253,-36.6348648071289
1743,-179.217633014188,260,-145.140249648643,384513,-36.7257308959961
1744,-176.550691510283,194,-146.697253237862,384707,-36.8459091186523
1745,-154.679003803466,147,-146.911698294515,384854,-36.6972503662109
1746,-171.971781352337,239,-148.401811650758,385093,-35.5880699157715
1747,-145.020282538266,150,-147.936427464531,385243,-35.5079574584961
1748,63.0250790127363,56,-136.995264968987,385299,-37.2545471191406
1749,-166.332799661691,122,-138.459194546738,385421,-37.0744094848633
1750,-144.498054916099,120,-137.583018191179,385541,-38.1251678466797
1751,-157.185968297491,112,-137.73729400821,385653,-36.9891166687012
1752,-146.239260388547,169,-137.612935267209,385822,-37.6928672790527
1753,-159.402744879983,108,-137.856021789794,385930,-37.1707534790039
1754,-157.557764486648,115,-137.999696462718,386045,-37.825927734375
1755,-158.453184213343,146,-137.691725601046,386191,-37.5353393554688
1756,-153.252028396674,108,-147.434032138198,386299,-37.3947105407715
1757,-157.986297392458,142,-147.694814231404,386441,-37.3626937866211
1758,-173.015435932561,137,-148.745969469053,386578,-37.1738662719727
1759,-146.083237433071,142,-147.773628599371,386720,-38.3289375305176
1760,-156.033040620907,108,-147.82124189476,386828,-38.4427490234375
1761,-28.0571770113079,300,-142.399261204499,387128,-35.8722610473633
1762,-135.268154235581,115,-140.188973053608,387243,-38.4524002075195
1763,-163.726973825669,110,-139.414440094182,387353,-38.5873413085938
1764,-144.236963183831,228,-137.79875367786,387581,-36.4372749328613
1765,-148.909284944003,112,-137.510267734886,387693,-37.7261543273926
1766,-155.498247947353,111,-136.686591064637,387804,-37.6446304321289
1767,-141.485553935398,105,-136.509854634494,387909,-38.8667755126953
1768,-157.345034126698,104,-147.528360291466,388013,-38.5824737548828
1769,-163.502059645991,184,-147.386823290681,388197,-36.9051551818848
1770,-159.777031564439,105,-148.150772123098,388302,-37.3507461547852
1771,-143.409126608511,116,-147.461930038649,388418,-38.536506652832
1772,-145.422863738362,120,-147.421110206139,388538,-35.8868942260742
1773,-146.518420477834,112,-146.776893986032,388650,-37.1481628417969
1774,-164.224765479602,109,-147.11024403568,388759,-36.1963348388672
1775,-155.011814174408,145,-146.938175533733,388904,-36.4372177124023
1776,41.4391869559534,84,-137.203614766102,388988,-37.224178314209
1777,-148.50567426056,192,-136.729583609507,389180,-36.4628601074219
1778,-153.800749913762,132,-135.768849308567,389312,-38.4057159423828
1779,-130.860158813479,87,-135.007695377587,389399,-37.9173202514648
1780,-128.543407871721,167,-133.633213740128,389566,-37.8766250610352
1781,-40.4968596835615,300,-134.25519787374,389866,-38.2249183654785
1782,-152.498915143989,64,-135.116735919161,389930,-37.0826721191406
1783,-143.640757986678,217,-134.112425127211,390147,-38.0132331848145
1784,37.7080069179332,97,-125.015176622123,390244,-39.3362426757812
1785,-133.266400467713,257,-124.233032398309,390501,-37.6193885803223
1786,-132.765342028198,171,-123.096387102351,390672,-38.1045455932617
1787,-145.34196502449,118,-123.289207656805,390790,-37.6092567443848
1788,-27.3846093708815,300,-116.791186419015,391090,-37.5319366455078
1789,-18.179409245964,300,-109.525053899013,391390,-37.9907760620117
1790,-30.1723289673823,300,-103.04481876916,391690,-38.1791839599609
1791,-67.9345976437544,300,-99.2710923209226,391990,-37.9348945617676
1792,-168.880532593537,259,-100.443975763681,392249,-37.23828125
1793,-186.837518727075,167,-102.459930676143,392416,-37.6696701049805
1794,-42.2950990011868,300,-96.3634473522227,392716,-38.1208572387695
1795,-137.812925240409,212,-95.5035029055227,392928,-36.8169326782227
1796,-153.904861648724,155,-105.270705335757,393083,-35.9917221069336
1797,-133.078394289012,84,-104.499341337179,393167,-36.7925834655762
1798,-159.084969345225,195,-104.763552308752,393362,-37.2581939697266
1799,-177.01472085071,191,-107.071280410614,393553,-37.7906646728516
1800,-153.481664756001,129,-108.318193254828,393682,-36.4907417297363
1801,-145.457813155782,156,-113.566240928439,393838,-37.1916351318359
1802,-8.43525134622448,300,-106.363057738551,394138,-37.0015068054199
1803,-155.603913964669,253,-106.96121553745,394391,-36.6403274536133
1804,-35.0253874147606,300,-110.597885254085,394691,-38.8433303833008
1805,-133.407561812061,194,-110.604943321302,394885,-37.8810882568359
1806,-39.6573118088555,300,-105.949541810335,395185,-38.3969345092773
1807,43.0986223088125,96,-96.5275124436701,395281,-38.7463111877441
1808,-33.4323191469831,300,-96.8298979324752,395581,-38.1895141601562
1809,-43.0896950265401,300,-98.075412221504,395881,-37.6355934143066
1810,-148.448231189727,298,-103.989207332621,396179,-39.2515258789062
1811,-176.550726159566,150,-109.420013758412,396329,-37.6560592651367
1812,-145.500567409862,226,-108.251015499228,396555,-37.8304748535156
1813,-149.727322258585,203,-106.395505675804,396758,-37.9620513916016
1814,-114.489550835593,197,-110.005228267524,396955,-37.444091796875
1815,-138.271528044949,81,-110.028158407751,397036,-38.4823837280273
1816,-23.7044642969369,300,-103.518138540162,397336,-38.8128318786621
1817,-33.1792927666614,300,-98.523183464044,397636,-38.2181510925293
1818,-130.064041322151,151,-97.0721370628903,397787,-38.1387481689453
1819,-4.06976615007628,300,-88.4248893278586,398087,-36.3270111083984
1820,-127.855547977977,83,-87.1435834889574,398170,-37.1755752563477
1821,-55.4702770101829,300,-82.6442066816774,398470,-36.1761131286621
1822,-131.202949366659,85,-88.7825915826991,398555,-38.9942245483398
1823,-131.200338277707,243,-87.562412798351,398798,-38.2658462524414
1824,-155.80892854354,151,-93.6015898547899,398949,-38.5312423706055
1825,-164.098324331942,254,-95.136127980784,399203,-36.6592178344727
1826,-87.3318590699625,300,-97.5198553438394,399503,-38.5219421386719
1827,-139.720346505006,152,-106.66080378453,399655,-39.8716163635254
1828,-135.73867581165,108,-111.776121617764,399763,-39.16455078125
1829,-140.351667123779,103,-116.639220222626,399866,-40.1144256591797
1830,-19.6006352860452,300,-110.196840427442,400166,-38.4692153930664
1831,-140.554606659631,196,-108.397034452445,400362,-40.0667533874512
1832,-167.462223815801,111,-109.495117272742,400473,-40.2439270019531
1833,92.2578962020112,276,-97.3958563497119,400749,-38.6444702148438
1834,-133.665917507111,230,-98.3546746832878,400979,-38.4353904724121
1835,-60.9969270685719,300,-94.490944634469,401279,-37.3650588989258
1836,-138.645206045901,123,-100.237981721917,401402,-37.6469421386719
1837,-79.2798930975702,300,-102.543011738463,401702,-38.9333419799805
1838,-121.994766849716,128,-102.139548014841,401830,-38.3069229125977
1839,65.2249200513477,110,-98.6748137047697,401940,-37.9145355224609
1840,-105.89922648298,250,-97.5769976300198,402190,-39.951099395752
1841,-82.5480844949505,300,-98.9308880042582,402490,-38.3079681396484
1842,-162.440345849542,166,-100.492757828402,402656,-38.3365478515625
1843,-169.159197028269,249,-102.39070076593,402905,-38.0794906616211
1844,-73.7440128618978,300,-98.2874549818484,403205,-37.7980270385742
1845,-159.101774071949,203,-98.0376274688487,403408,-38.1555976867676
1846,-41.5115896787789,300,-95.7466139992896,403708,-38.7234268188477
1847,-153.996193969889,206,-96.4604063725337,403914,-37.2536163330078
1848,-152.102106782673,163,-97.2785779210848,404077,-37.7558822631836
1849,-191.18718934442,198,-99.8203540321169,404275,-39.1991195678711
1850,-102.873038974746,300,-103.983974216552,404575,-38.1859741210938
1851,-155.28551177424,96,-104.720519472282,404671,-39.5053787231445
1852,-174.275480718135,201,-105.061182317399,404872,-40.4648704528809
1853,-63.5306021653903,300,-112.850607235769,405172,-38.5836334228516
1854,-134.270978506934,226,-112.88086028576,405398,-39.5515899658203
1855,-124.600659853177,136,-116.061046924991,405534,-41.2253608703613
1856,-144.609161489832,117,-116.359244697187,405651,-39.0927047729492
1857,-95.0570830255274,300,-117.148104193585,405951,-41.2022361755371
1858,-169.977138473692,269,-119.547222774784,406220,-39.8096313476562
1859,-83.1894983392114,300,-126.967943694312,406520,-36.9321060180664
1860,87.5323853432463,172,-117.296363103,406692,-37.2101821899414
1861,-143.955611147135,187,-120.36673943561,406879,-38.8669776916504
1862,-112.974370552322,239,-117.893440670749,407118,-39.5833129882812
1863,-58.6451866066623,300,-112.367740149668,407418,-40.9676208496094
1864,-68.9942848074443,300,-112.130253746946,407718,-39.6253814697266
1865,-139.827164984418,209,-111.166523292569,407927,-39.2619094848633
1866,-160.154265197894,264,-117.098657068525,408191,-39.2638092041016
1867,-169.644850331092,202,-117.881089886585,408393,-38.9153861999512
1868,-31.7230593313199,300,-111.862137514017,408693,-38.3762359619141
1869,-3.41386770353834,300,-102.473471431973,408993,-39.4104843139648
1870,-30.1701732586608,300,-98.8383281461689,409293,-40.8039169311523
1871,42.2768862542096,131,-88.9602082447464,409424,-38.6871719360352
1872,-162.216322120476,75,-88.3572503148635,409499,-39.108211517334
1873,-135.020596925235,138,-91.9317500528557,409637,-39.2272033691406
1874,-64.6897000871227,300,-88.4526861318651,409937,-39.6391181945801
1875,-14.6372202274102,300,-82.9545141505768,410237,-37.2428359985352
1876,-122.301945466442,174,-81.8391533494073,410411,-41.8987808227539
1877,2.93044942239762,300,-76.939776727011,410711,-40.7809219360352
1878,-157.572019620493,101,-76.3195207843511,410812,-38.6795272827148
1879,-162.746712754922,71,-80.2973815051367,410883,-39.1919898986816
1880,-45.6498447138536,300,-86.9564930079917,411183,-38.920970916748
1881,-7.0734593252035,300,-80.1123854168951,411483,-38.6268005371094
1882,-151.50719013894,112,-82.039026396226,411595,-38.1694564819336
1883,-122.79937245948,181,-85.2467356888669,411776,-38.971565246582
1884,-19.7800140632645,300,-82.7860221516579,412076,-39.6807746887207
1885,-72.9460009980166,300,-79.4419639523379,412376,-38.2916412353516
1886,-163.625337808223,229,-79.6155175828543,412605,-41.1641540527344
1887,-75.6927301186111,300,-74.9179115722303,412905,-40.0589065551758
1888,-144.795004346005,234,-80.5715088229646,413139,-39.8852462768555
1889,-65.1250977593387,300,-83.6570703257546,413439,-41.3113327026367
1890,-40.786658483142,300,-84.1878945869787,413739,-39.7098770141602
1891,-174.019922125422,115,-95.0027350059603,413854,-39.6993179321289
1892,-152.796091989737,125,-94.5317234994233,413979,-38.7738189697266
1893,-156.077508113238,89,-95.5845690588234,414068,-38.6521835327148
1894,-137.554096651225,239,-99.2277888870285,414307,-39.8334197998047
1895,-116.892932379371,279,-104.340574494627,414586,-40.6925201416016
1896,-26.5409472714362,300,-99.5525245848762,414886,-40.1300277709961
1897,-34.0079273168661,300,-101.399443421839,415186,-39.0694236755371
1898,-85.0173363485832,300,-97.7717092582439,415486,-39.1475067138672
1899,-147.751939942055,243,-97.0219706176006,415729,-41.7819976806641
1900,-94.6287052894644,300,-99.4709136463811,416029,-41.6811599731445
1901,14.4193928382663,300,-98.3962710382076,416329,-41.0010681152344
1902,-41.1052725347048,300,-92.8761751579959,416629,-39.3382949829102
1903,-89.3636925151648,300,-91.2043911607801,416929,-38.0881118774414
1904,-1.56344790226803,300,-90.2935628527303,417229,-39.6818733215332
1905,-26.9864885265683,300,-87.9955872291579,417529,-40.3665657043457
1906,-62.3671947269196,300,-82.9326800750927,417829,-40.0292129516602
1907,-52.9026943136693,300,-81.7931782848456,418129,-38.6987228393555
1908,-73.1092318028269,300,-78.2088896576867,418429,-40.3385696411133
1909,-138.753759642896,176,-81.8903227518645,418605,-38.5847625732422
1910,-59.147010350427,300,-82.8083403452288,418905,-39.3443603515625
1911,-146.335641994719,285,-81.4241263386936,419190,-41.8797760009766
1912,-148.079244945284,290,-81.188283986471,419480,-40.2578659057617
1913,-87.7426396845822,300,-77.7715405650382,419780,-40.5005989074707
1914,-149.204742462776,128,-78.3540728556158,419908,-40.7245483398438
1915,-135.485756025383,228,-79.2837140379164,420136,-42.2278175354004
1916,-129.289359587344,145,-84.4211346537118,420281,-39.9274215698242
1917,-8.27449309559167,300,-83.1344629426481,420581,-40.0875549316406
1918,-30.9057563049887,300,-80.4288839404683,420881,-38.8793640136719
1919,-60.6706104963309,300,-76.0748174681821,421181,-39.3714370727539
1920,-108.112062662784,276,-76.7489853368481,421457,-39.5815353393555
1921,-28.9466959894862,300,-78.9172897782357,421757,-39.2544708251953
1922,-17.2285188466694,300,-77.723452093834,422057,-40.2779350280762
1923,-22.8154580396655,300,-74.396040370059,422357,-40.4076919555664
1924,-51.516441100557,300,-76.8936900299734,422657,-38.8055801391602
1925,-161.586510983997,77,-83.6236911528449,422734,-40.0240783691406
1926,-158.290609328177,64,-88.4198618829077,422798,-39.9179077148438
1927,-182.30893132826,155,-94.8901737336372,422953,-39.6686859130859
1928,-65.4463655526454,300,-94.5070304211282,423253,-40.9407386779785
1929,-54.3626109797132,300,-90.287472987969,423553,-41.5549354553223
1930,-143.496929644265,162,-94.5049689526609,423715,-40.2631034851074
1931,-152.097042745746,232,-94.7930389902123,423947,-41.0958213806152
1932,-62.6931278565001,300,-90.5237331357731,424247,-41.3125915527344
1933,-80.0698160340931,300,-90.1400919532486,424547,-39.535343170166
1934,59.5648986073287,101,-79.7016098997434,424648,-40.5228118896484
1935,-140.691916321919,286,-79.9619179145702,424934,-39.6976737976074
1936,-68.5853993587964,300,-76.9267199031428,425234,-39.3238525390625
1937,2.95773963580779,300,-76.3651082665729,425534,-41.4020957946777
1938,-62.6629629829081,300,-77.9529686004688,425834,-41.3388404846191
1939,-174.225958952716,168,-83.6307360232881,426002,-40.1310806274414
1940,-50.633165532285,300,-80.7567911667631,426302,-40.9714622497559
1941,-93.6215802017732,300,-83.9905353773775,426602,-41.9938812255859
1942,-13.8017612429215,300,-83.8191974971901,426902,-42.0536804199219
1943,-72.1363093681462,300,-86.2852400636141,427202,-40.7377891540527
1944,-61.0117915433753,300,-86.760007585755,427502,-40.6318130493164
1945,-93.0614706343315,300,-83.3337555682718,427802,-40.1249465942383
1946,50.1182218840594,92,-72.91331400766,427894,-41.6091079711914
1947,-95.5702833082802,300,-68.576381606661,428194,-41.4712867736816
1948,-133.00263294947,206,-71.9541949765022,428400,-43.6503448486328
1949,-75.2191486298663,300,-72.9970218590099,428700,-41.381649017334
1950,-149.367558271491,187,-73.2905532903712,428887,-40.03369140625
1951,35.3154334143623,134,-63.9199294823657,429021,-39.393798828125
1952,-34.0779603892218,300,-62.4891711090018,429321,-42.644588470459
1953,-59.1674388098456,300,-61.4440522477895,429621,-39.9784812927246
1954,-148.386810727503,157,-71.841637714531,429778,-41.5546188354492
1955,-166.586570600976,216,-73.1363704284838,429994,-42.2511978149414
1956,-81.2337254008288,300,-73.7687867305855,430294,-42.0122909545898
1957,-74.8131817297238,300,-77.657332798862,430594,-40.3918609619141
1958,-110.007168631403,300,-80.0245430812868,430894,-39.6447105407715
1959,-205.414945761837,256,-81.5839924217428,431150,-40.7640151977539
1960,-74.5353593920247,300,-82.7791021147298,431450,-39.8596420288086
1961,-94.9962944950558,300,-82.8478378293939,431750,-40.932731628418
1962,-26.7144299691627,300,-83.493471265706,432050,-40.039909362793
1963,-200.422971585216,300,-89.9078043765595,432350,-40.8026084899902
1964,-171.295865633407,157,-95.4220080810611,432507,-42.3235397338867
1965,-80.9331271637793,300,-94.8155909075334,432807,-42.7437210083008
1966,-225.969031730908,192,-108.619953588282,432999,-42.575756072998
1967,-148.51539321849,264,-111.267209083792,433263,-40.4704933166504
1968,-81.0242556421101,300,-108.668290218424,433563,-40.075927734375
1969,-74.269652421988,300,-108.62081540803,433863,-40.715087890625
1970,-81.7339620024841,300,-105.23913559458,434163,-39.1503753662109
1971,-107.779426234716,300,-112.393878577034,434463,-40.1592407226562
1972,-24.4172914814676,300,-111.910845131646,434763,-39.8452987670898
1973,-115.080060228231,300,-114.706476202566,435063,-42.1703186035156
1974,-95.6503569035102,300,-112.069653511366,435363,-42.5127258300781
1975,-158.426512707087,102,-111.661650616671,435465,-39.6955184936523
1976,-19.1730315136746,300,-108.558615922314,435765,-41.3196029663086
1977,-97.1055752393889,300,-109.673235597797,436065,-40.4398956298828
1978,-153.187015122941,109,-111.832227922374,436174,-40.5595855712891
1979,-104.692036817168,300,-106.79608247514,436474,-41.1419067382812
1980,-47.3416651984737,300,-105.436397765463,436774,-41.2339096069336
1981,-94.801050244303,300,-105.426635552925,437074,-41.7740898132324
1982,-39.7152420178399,300,-106.076676155359,437374,-44.0193519592285
1983,-157.011738132601,112,-103.906114482728,437486,-42.0535659790039
1984,-146.190890674855,224,-102.650865734801,437710,-43.1924018859863
1985,-38.680279405551,300,-100.538223346889,438010,-40.9262924194336
1986,-64.140025858105,300,-92.4467730532492,438310,-41.9885711669922
1987,46.4580893346753,83,-82.698098925591,438393,-40.0289497375488
1988,-57.9190630280553,300,-81.5428392948882,438693,-40.5654983520508
1989,-141.193676290339,132,-84.8890404883058,438825,-40.7463150024414
1990,-46.4369502548119,300,-83.1241899009222,439125,-42.134407043457
1991,-51.6067905162677,300,-80.3155581149998,439425,-43.0813941955566
1992,-51.3845841867877,300,-81.6639227502658,439725,-40.8084945678711
1993,-22.4511844295101,300,-77.0324789603297,440025,-41.4635009765625
1994,-49.1243790691761,300,-74.706180068613,440325,-39.2803001403809
1995,49.2480370764322,87,-64.322452579437,440412,-41.02783203125
1996,-63.3641518940148,300,-66.532008598454,440712,-41.0504531860352
1997,-72.8636169028989,300,-65.3199106816295,441012,-42.209098815918
1998,-84.1387745296308,300,-61.867498651964,441312,-42.2262649536133
1999,-20.5907671500302,300,-57.6624351686072,441612,-43.0212059020996
2000,-85.0473289323626,300,-59.5477183553016,441912,-41.6313896179199
2001,44.0815078383132,87,-52.6035904511708,441999,-44.2527542114258
2002,-146.446192433023,256,-57.9401379719299,442255,-43.5164260864258
2003,-156.515415774182,106,-57.9153218540091,442361,-41.8830871582031
2004,-157.2796525214,139,-58.4697599463363,442500,-41.864128112793
2005,-149.629030594745,187,-64.017197505796,442687,-41.0939788818359
2006,-152.381006202787,231,-68.4292465230301,442918,-42.136100769043
2007,-49.3264366487596,300,-73.2184728222019,443218,-42.1109771728516
2008,-166.222473536526,163,-78.6336433476254,443381,-42.2285690307617
2009,-83.8358465881844,300,-75.7657518625176,443681,-40.3321304321289
2010,-182.123156383309,214,-82.5500621689425,443895,-42.0827255249023
2011,-20.4598419909698,300,-80.9927147426776,444195,-41.2500305175781
2012,-71.0904559165125,300,-81.9780083291638,444495,-43.575569152832
2013,-154.694539617942,113,-88.5901760885854,444608,-41.8789482116699
2014,32.3550639285783,141,-84.5162039386977,444749,-43.7936630249023
2015,3.84083173268473,300,-86.7865642058851,445049,-42.7128562927246
2016,-178.947346937743,121,-92.5657239580715,445170,-41.2763214111328
2017,45.2505238036972,92,-86.6600169227417,445262,-42.3058090209961
2018,-45.3110379215168,300,-84.718630092336,445562,-42.1292610168457
2019,-47.2519868316659,300,-86.0516910764178,445862,-41.9253234863281
2020,-193.77402460317,198,-91.4880258599582,446060,-43.4943237304688
2021,45.4323236097696,89,-91.4204850713853,446149,-42.2988586425781
2022,-47.8138446594381,300,-86.4888676827061,446449,-43.5490913391113
2023,-73.742796675246,300,-82.3502367277593,446749,-44.239387512207
2024,-146.352107677475,263,-81.803859485563,447012,-44.1482391357422
2025,-79.2763152489512,300,-78.2862237182733,447312,-45.0975646972656
2026,-51.8036381776564,300,-73.2573553170168,447612,-41.3738632202148
2027,-157.951068703902,181,-78.6885869197739,447793,-44.8531875610352
2028,-142.918042342008,248,-77.523365360048,448041,-43.9591827392578
2029,43.0754300444774,96,-71.1778015284149,448137,-42.5422134399414
2030,-32.8858046822132,300,-63.7159339433601,448437,-42.1224746704102
2031,-46.4537399959223,300,-65.0156288436077,448737,-42.439697265625
2032,44.3833170623845,95,-59.2419401946629,448832,-42.2283210754395
2033,-74.1781773083053,300,-55.216122079181,449132,-43.0453643798828
2034,53.6402822464151,147,-54.1518611632892,449279,-43.0205917358398
2035,-63.0534606150813,300,-57.4965757806775,449579,-41.8724250793457
2036,-85.7818736152791,300,-52.8383021145543,449879,-40.9276504516602
2037,-144.656892313001,125,-62.3336729203892,450004,-40.3799285888672
2038,-67.6819148222344,300,-63.4522167654251,450304,-42.0661544799805
2039,-73.5239429737348,300,-64.7658145725285,450604,-43.5587005615234
2040,-45.6844821482214,300,-57.3613374497811,450904,-42.542854309082
2041,-144.352687050438,288,-66.8505879827915,451192,-43.4296951293945
2042,-67.8761608037476,300,-67.853703790007,451492,-44.3800926208496
2043,-145.428108949647,234,-71.437969403727,451726,-43.8930587768555
2044,-167.366904460852,243,-72.4887092428959,451969,-43.4356117248535
2045,-92.417518575468,300,-73.1457694092218,452269,-43.2819976806641
2046,-151.144052242572,208,-78.1127901124676,452477,-42.007080078125
2047,-184.082615614391,232,-79.419367457992,452709,-43.9704742431641
2048,-173.775270039657,204,-80.9622288428745,452913,-42.8133277893066
2049,-68.5388385876167,300,-86.5429422744792,453213,-45.7005996704102
2050,-195.930426700942,282,-94.6951733754156,453495,-45.6441841125488
2051,-102.025266463894,300,-97.4737496988142,453795,-45.5041198730469
2052,-75.7700000303674,300,-103.481415553452,454095,-45.6171569824219
2053,-83.3744793367799,300,-103.941230654876,454395,-45.3915939331055
2054,-39.8840755556732,300,-108.61744854498,454695,-43.4030838012695
2055,-73.0497966006145,300,-109.117265344257,454995,-42.6966857910156
2056,45.2342455128534,86,-102.56645938785,455081,-43.0949668884277
2057,-78.7471155975777,300,-99.2709705520788,455381,-43.0241546630859
2058,-45.3254774857673,300,-98.1531486852554,455681,-42.6571731567383
2059,-32.8658740456278,300,-96.1202452388501,455981,-45.9164123535156
2060,-89.306240703076,300,-98.3013331665928,456281,-44.6622543334961
2061,-73.0018466188169,300,-94.7337911450117,456581,-44.6079177856445
2062,-39.4621248437328,300,-93.313089347011,456881,-41.9603538513184
2063,-91.6427539992447,300,-90.6238215994909,457181,-43.9416923522949
2064,-76.8558477757499,300,-86.0982687652357,457481,-43.2950897216797
2065,-57.2386322762364,300,-84.3393244502742,457781,-44.8543510437012
2066,-62.853428922506,300,-79.9247932842708,458081,-44.6659164428711
2067,-84.6084450192595,300,-74.9510847545143,458381,-44.5347137451172
2068,-81.2649394545332,300,-70.3255682252581,458681,-42.4769020080566
2069,-27.3213418307434,300,-68.2646933874144,458981,-43.5738830566406
2070,-110.847630329084,300,-64.0105535688215,459281,-44.093994140625
2071,-84.5661711620488,300,-63.1375988037293,459581,-43.9205932617188
2072,-92.1675700216659,300,-63.9574773032942,459881,-44.4161605834961
2073,-120.312833565211,300,-65.8043950147157,460181,-44.4670257568359
2074,-105.486901039881,300,-69.0845362889261,460481,-45.410213470459
2075,-77.5946764949791,300,-69.3117802836444,460781,-44.8674812316895
2076,-95.8320388165849,300,-76.3650945001163,461081,-44.2026557922363
2077,-58.6974155651813,300,-75.3626094984965,461381,-43.805290222168
2078,-62.48068748938,300,-76.2203699986771,461681,-43.5903587341309
2079,-203.246538222923,250,-84.7394032075419,461931,-44.2370300292969
2080,-149.553914360353,300,-87.7517868904057,462231,-44.426643371582
2081,-120.977364288662,300,-90.150562773898,462531,-43.2816352844238
2082,-60.690650023477,300,-91.2119890328852,462831,-45.3310203552246
2083,-122.72408657632,300,-92.766055661739,463131,-43.9080352783203
2084,-1.60769281966125,203,-89.0036479139345,463334,-42.9344940185547
2085,-37.5011213810373,300,-88.0167723691746,463634,-44.4613571166992
2086,-49.1840938130002,300,-87.3333056136993,463934,-42.8758277893066
2087,-178.609879712957,226,-92.0333773483842,464160,-44.8982849121094
2088,-195.470906758004,178,-97.7436757135577,464338,-44.0673599243164
2089,-185.879369459751,214,-105.671577095008,464552,-42.9898910522461
2090,-73.1939783152761,300,-103.788894494318,464852,-44.0009994506836
2091,-121.115405330066,300,-105.616356202719,465152,-45.3272018432617
2092,-80.7287458324782,300,-105.044414993259,465452,-42.8384819030762
2093,-213.093526532844,242,-109.683449641641,465694,-44.2893447875977
2094,-93.6908885573178,300,-109.093649017513,465994,-43.7155914306641
2095,-182.435543324491,202,-114.335692358988,466196,-44.4364395141602
2096,-24.1405917757011,198,-110.751120006944,466394,-45.8167953491211
2097,-134.452215196925,300,-114.538859988531,466694,-45.8096008300781
2098,-74.0153519223612,300,-115.11559321018,466994,-41.9739151000977
2099,-142.338465757957,300,-112.070189586932,467294,-44.5651016235352
2100,-264.275703404001,300,-117.806279039114,467594,-44.1455230712891
2101,-209.22726620375,256,-122.218774134869,467850,-43.1457824707031
2102,-91.6246651609379,300,-123.765474891742,468150,-43.4589996337891
2103,-84.5969014133492,300,-121.859115633593,468450,-42.4598274230957
2104,-99.8533275280488,300,-126.771397369013,468750,-43.0565528869629
2105,-133.091452525543,300,-131.550913926238,469050,-45.8116912841797
2106,-221.163357676678,209,-140.149877119422,469259,-45.3197479248047
2107,-129.369915609602,300,-137.687878914254,469559,-44.1512908935547
2108,-211.114682585824,282,-138.470067705645,469841,-43.2922134399414
2109,-1.61074429060528,146,-129.256636447188,469987,-43.0221366882324
2110,-204.829841740351,282,-135.838429618442,470269,-44.2697067260742
2111,-181.743265290107,163,-138.869822616444,470432,-44.2955703735352
2112,2.53861583154108,210,-134.706454533243,470642,-45.1385345458984
2113,-175.130598927307,271,-132.808308152966,470913,-46.2564964294434
2114,-128.947136935046,300,-134.571120571852,471213,-44.1748313903809
2115,-128.011395120641,300,-131.84991316166,471513,-44.6914901733398
2116,-231.254016764613,235,-142.205584411105,471748,-44.7378921508789
2117,-69.5060209449624,300,-138.958274698507,472048,-46.2872085571289
2118,-175.408951364048,300,-144.027954670591,472348,-46.4665908813477
2119,-146.483141256245,300,-144.235188445506,472648,-43.8511123657227
2120,-180.475754012512,300,-140.045190975931,472948,-42.0169067382812
2121,-161.036731773831,300,-137.635664254436,473248,-44.697380065918
2122,-6.62334982486544,207,-133.385598487632,473455,-45.7369537353516
2123,-117.221981529972,300,-135.016852493463,473755,-43.4504776000977
2124,-101.315406329428,300,-135.089956433532,474055,-44.0145034790039
2125,-146.804651170942,300,-135.775616365802,474355,-44.9778137207031
2126,-169.229630171782,300,-133.178929990557,474655,-45.195140838623
2127,-258.074792092495,289,-139.614173814702,474944,-44.4457702636719
2128,-163.082648376846,300,-137.212572104253,475244,-44.9833908081055
2129,-49.3420920396664,203,-139.599139491706,475447,-45.0527954101562
2130,-223.516405003672,253,-140.533467654872,475700,-44.1882781982422
2131,5.87775096468864,160,-131.152416842132,475860,-46.0424652099609
2132,-100.093383548417,300,-136.28401681113,476160,-45.0167083740234
2133,-103.59778286502,300,-132.707376008016,476460,-43.458366394043
2134,-106.08232081136,300,-131.564135201831,476760,-46.0370788574219
2135,-124.309463903518,300,-131.379038640975,477060,-46.3710556030273
2136,-48.8961902722731,212,-122.261147316358,477272,-45.7387619018555
2137,-250.309279969537,290,-131.301310267587,477562,-43.9061470031738
2138,7.34197374133576,207,-122.163764012318,477769,-45.0671920776367
2139,-233.546800046726,269,-126.516946951842,478038,-43.1703605651855
2140,-122.327293301765,300,-123.609523916304,478338,-43.3136138916016
2141,-110.965431619343,300,-121.10595890858,478638,-42.3701324462891
2142,-202.28105458461,231,-130.888844146567,478869,-42.4953002929688
2143,-222.048403955699,238,-136.130165267854,479107,-44.0407524108887
2144,-205.048547136325,220,-141.316822308199,479327,-45.4334716796875
2145,-70.8356307866256,300,-137.518371288983,479627,-47.1167640686035
2146,-236.824116192427,249,-140.898095590015,479876,-47.4563293457031
2147,-86.3587815442889,300,-132.312295062605,480176,-48.2032432556152
2148,-77.6728014668658,300,-128.041802717106,480476,-45.758960723877
2149,-168.244461644577,161,-133.986921197351,480637,-45.089485168457
2150,-40.5681025169518,300,-124.839506073015,480937,-43.6192321777344
2151,-73.0500054356582,300,-128.785893893033,481237,-43.6085548400879
2152,-36.8327387660906,300,-125.622861653916,481537,-43.5171928405762
2153,-82.5096764705804,300,-124.568456334194,481837,-44.9402770996094
2154,-83.1652497621212,300,-123.422602781732,482137,-44.9138145446777
2155,-91.3459792138997,300,-121.774428547251,482437,-45.6664199829102
2156,-221.651546431678,221,-130.412196355222,482658,-45.3886566162109
2157,-6.75489513695641,148,-118.234477113593,482806,-44.1807403564453
2158,-228.09075081194,206,-130.006113341256,483012,-45.3141136169434
2159,-82.580354305223,300,-122.457791054181,483312,-45.3080902099609
2160,-94.4050289264275,300,-121.061677835414,483612,-44.9526252746582
2161,-145.531499845915,222,-122.789981246743,483834,-44.4139556884766
2162,-99.1626653412715,300,-117.634061784576,484134,-45.051342010498
2163,-138.618028764808,184,-113.462543025032,484318,-45.0476684570312
2164,-17.7181148457552,300,-104.096021410503,484618,-44.9493942260742
2165,-95.9228731169343,300,-105.350383527019,484918,-45.3529739379883
2166,-72.8244900024842,300,-97.1504022175214,485218,-45.2099189758301
2167,-91.2428070937306,300,-97.3946034949935,485518,-44.5700836181641
2168,52.8889354712127,91,-90.8665166480896,485609,-44.7779159545898
2169,-13.045939221035,300,-83.1065905269125,485909,-45.9296417236328
2170,-145.190765601067,297,-88.3377236811182,486206,-46.1267471313477
2171,-168.78554783609,212,-93.1245008011398,486418,-45.0745277404785
2172,-104.789485023788,300,-96.5223381140247,486718,-46.045051574707
2173,-196.781081850479,222,-102.23590838302,486940,-43.586067199707
2174,-144.835690718213,285,-105.319430430824,487225,-45.53271484375
2175,-66.9544122312814,300,-104.099852081693,487525,-46.015983581543
2176,-166.77743126213,154,-101.356146323216,487679,-43.7866134643555
2177,-139.087390855958,130,-107.972771109166,487809,-45.9432754516602
2178,-141.658066440833,144,-103.651136890611,487953,-43.6085739135742
2179,-27.1951886310994,300,-100.881878606904,488253,-45.3700180053711
2180,-174.823865055665,160,-104.902820413366,488413,-46.061637878418
2181,-142.897245076903,126,-104.771107674916,488539,-44.1312217712402
2182,-35.3466573354878,300,-101.580307274627,488839,-45.1384391784668
2183,-165.887842301643,150,-102.943797951468,488989,-45.6757545471191
2184,-108.374323843852,300,-107.476608401373,489289,-44.6286773681641
2185,46.4535749721527,86,-100.357785996919,489375,-44.1870651245117
2186,-151.893826164032,116,-104.311252804996,489491,-45.7427139282227
2187,43.7862015190082,139,-97.5598023743592,489630,-45.2341766357422
2188,-151.709947613948,110,-107.789746528617,489740,-44.1938934326172
2189,-143.377916048488,123,-114.30634536999,489863,-44.5948448181152
2190,-151.086393399306,162,-114.601126759902,490025,-45.6182708740234
2191,21.8984651589487,121,-105.06692611015,490146,-46.224925994873
2192,-135.994770682345,193,-106.627190393078,490339,-44.1899909973145
2193,-136.69430598101,158,-103.622851599604,490497,-45.8482818603516
2194,-172.392625217001,147,-105.000698324544,490644,-43.9254989624023
2195,-158.801438149967,152,-109.593049620478,490796,-47.2503242492676
2196,45.2958147084408,92,-98.9893873219495,490888,-44.7016258239746
2197,-200.872384637749,184,-102.078637011039,491072,-43.8331451416016
2198,-164.054869406245,208,-103.19847715931,491280,-43.8715972900391
2199,-157.856400719434,114,-109.731537763726,491394,-44.2704772949219
2200,-149.433035791343,120,-108.46199630051,491514,-44.9712448120117
2201,-152.028062992412,148,-108.918537196286,491662,-46.1531219482422
2202,-157.463637058317,112,-115.024386182427,491774,-44.1169281005859
2203,-146.388401828609,166,-114.049414158775,491940,-43.8335800170898
2204,-154.873267564029,109,-116.374361344784,492049,-45.0540733337402
2205,-161.664581374036,114,-126.780269162094,492163,-43.9705657958984
2206,-150.861521857204,188,-126.728653946752,492351,-44.9255027770996
2207,-153.400115691134,112,-136.587969807259,492463,-44.5456581115723
2208,-154.846426253323,110,-136.744793739228,492573,-46.46875
2209,-147.78160415669,148,-136.964978144638,492721,-45.9202880859375
2210,-148.61718133199,157,-136.841517541272,492878,-45.376350402832
2211,-158.649379995546,153,-145.868909798997,493031,-46.164192199707
2212,-92.5310250109415,300,-143.695722515427,493331,-44.6332740783691
2213,-217.58102975332,216,-147.740058704042,493547,-46.0997581481934
2214,-104.734888300858,300,-144.357171858235,493847,-46.071044921875
2215,-66.5451183174293,300,-139.744355866608,494147,-46.2109603881836
2216,-29.3202162690473,300,-143.475157415483,494447,-44.2547607421875
2217,-20.6394780510077,300,-134.463512086146,494747,-46.4967155456543
2218,-128.771972430787,214,-132.699367237373,494961,-44.9742622375488
2219,53.4477620276486,106,-122.134159100019,495067,-45.0537986755371
2220,-148.590951460486,172,-122.092054883476,495239,-46.2722549438477
2221,-122.924824912085,198,-120.636892979459,495437,-47.5724334716797
2222,-145.658975071399,153,-120.046659880114,495590,-44.4875183105469
2223,-27.9404347003329,300,-114.1242615237,495890,-45.6613578796387
2224,-140.916407826125,204,-113.426418536805,496094,-45.2159729003906
2225,-139.736664926934,215,-112.330022714449,496309,-46.203483581543
2226,-135.094580424571,219,-111.541675642818,496528,-47.0397338867188
2227,-41.1893218350715,300,-105.931135950015,496828,-45.4467811584473
2228,-34.4431829820473,300,-99.9109737864508,497128,-46.0743942260742
2229,-36.6895035403099,300,-94.3563687556318,497428,-46.0260772705078
2230,-160.124045511319,243,-94.9317119645983,497671,-46.5493621826172
2231,-22.3441519495787,300,-88.1164505622999,497971,-45.4113159179688
2232,-32.8304346899704,300,-85.1314210462513,498271,-44.5911293029785
2233,-139.718207361872,276,-81.238279926679,498547,-45.4810447692871
2234,48.5092349489201,104,-73.5760737641901,498651,-45.5996627807617
2235,-35.3679695931527,300,-72.0172163279762,498951,-45.8213882446289
2236,-140.56478363503,275,-77.5794446962754,499226,-44.1643600463867
2237,-41.0136476463541,300,-78.5981531760427,499526,-46.3344764709473
2238,-73.469725142725,300,-75.8330408116396,499826,-45.8274078369141
2239,-35.8073771423084,300,-80.2957977701375,500126,-44.4149703979492
2240,-41.6719154154736,300,-74.9498459678868,500426,-46.866024017334
2241,-27.7806399602417,300,-70.1926367202947,500726,-45.1971435546875
2242,-164.487255619593,157,-71.1340507477044,500883,-44.4133148193359
2243,-134.285083900362,242,-76.4512832077059,501125,-46.6661567687988
2244,-136.569577874472,238,-76.2339417101232,501363,-46.2968673706055
2245,-145.401978822696,168,-76.5172074049114,501531,-45.1494140625
2246,-155.805231125255,128,-77.5527399399456,501659,-44.8761367797852
2247,-40.0721882681295,300,-77.4968832615985,501959,-45.8079528808594
2248,-162.923405829978,165,-83.920894403995,502124,-47.0351448059082
2249,-147.063598025052,170,-89.4395991282321,502294,-44.6083335876465
2250,48.5231322059747,102,-79.0072402423674,502396,-45.2005920410156
2251,-46.3082477425589,300,-80.2054450320165,502696,-45.3973922729492
2252,-39.8276276756894,300,-80.5553046813024,502996,-46.9208145141602
2253,-157.493264958473,169,-81.4440575611325,503165,-46.093620300293
2254,-21.4221817396208,300,-84.9406283955595,503465,-45.9045181274414
2255,-148.409579911179,211,-90.5927089114608,503676,-46.117057800293
2256,-32.2106004663748,300,-85.1749997530281,503976,-45.4985198974609
2257,-127.014404028384,279,-89.4750375721296,504255,-44.6086349487305
2258,-44.4282080469741,300,-88.022961717342,504555,-46.9228973388672
2259,-14.1270113761937,300,-86.9389434290363,504855,-45.0803413391113
2260,-35.6187069818666,300,-86.636283007356,505155,-45.9840087890625
2261,-142.810664952382,170,-92.387784256963,505325,-45.6696510314941
2262,-128.872684921805,288,-90.6070557220736,505613,-45.6853713989258
2263,-31.1803186932433,300,-85.4518174617176,505913,-45.977222442627
2264,-35.8891326059021,300,-80.4177951982891,506213,-43.7470741271973
2265,-33.1205148787275,300,-74.8037220010907,506513,-46.7596435546875
2266,44.6758570410102,94,-64.7796675927774,506607,-44.9274635314941
2267,-170.152482629652,205,-71.2836823108535,506812,-47.387939453125
2268,-35.6534417501427,300,-64.9201841068618,507112,-46.7719497680664
2269,45.7899331681481,96,-55.2775075472018,507208,-47.5022850036621
2270,-38.3138787563042,300,-59.6193580953157,507508,-48.6409645080566
2271,25.1193145151968,135,-56.047979982428,507643,-47.4148941040039
2272,-32.3792674544349,300,-55.6755619713652,507943,-48.4503555297852
2273,-37.5426429544681,300,-49.678030871165,508243,-47.1005020141602
2274,-36.9470369644871,300,-50.4542736324083,508543,-46.2430801391602
2275,-41.369210627623,300,-45.1022551682305,508843,-45.0382957458496
2276,-38.0190547746302,300,-45.3926778836433,509143,-44.3782958984375
2277,-123.752357244587,283,-45.2295755444534,509426,-46.3392333984375
2278,-34.0248769667376,300,-44.7094089904416,509726,-45.5227317810059
2279,-17.2972440896733,300,-44.8679206261156,510026,-47.5575904846191
2280,-146.023356402458,175,-50.3881530971452,510201,-47.3749313354492
2281,-37.1013774298986,300,-45.102688721021,510501,-45.2517242431641
2282,-147.573408041101,257,-46.0377248769858,510758,-46.2832565307617
2283,-33.1389104541009,300,-46.1356544650287,511058,-47.1322402954102
2284,-29.9107448390903,300,-45.8367350766881,511358,-46.3241577148438
2285,-35.2666363537367,300,-45.9440411504385,511658,-48.1519622802734
2286,-36.0313788406981,300,-49.979402944524,511958,-45.2793579101562
2287,-35.3606424417966,300,-43.2398109351312,512258,-46.2826156616211
2288,-150.763758576937,177,-48.9953267764709,512435,-44.8720283508301
2289,-38.1943152440394,300,-53.1945391970803,512735,-46.1620140075684
2290,43.524952223142,101,-49.102597648108,512836,-45.2240600585938
2291,-47.6033397348611,300,-52.7387303606109,513136,-46.4072647094727
2292,-145.643593902139,154,-58.4019466829961,513290,-47.561279296875
2293,-133.512147285518,232,-63.2004218995486,513522,-45.7280197143555
2294,-148.659303239435,155,-68.786035213296,513677,-46.6312713623047
2295,-42.3422831331544,300,-68.8346888385726,513977,-46.9272804260254
2296,-35.753939197384,300,-68.7214330597103,514277,-46.5957832336426
2297,-132.184331253813,267,-69.1430317601715,514544,-46.9266128540039
2298,-141.838177634449,192,-74.5336967935571,514736,-46.9616241455078
2299,-149.54683677788,114,-81.1461764279674,514850,-46.5105018615723
2300,-151.925638982482,125,-81.4412905569686,514975,-44.4513244628906
2301,-141.465833235307,160,-86.659513347239,515135,-47.4071159362793
2302,-134.917127547895,224,-86.0266993225787,515359,-46.3544082641602
2303,-42.7705018461471,300,-86.508278892181,515659,-45.6532402038574
2304,-32.901380836068,300,-86.6578106920299,515959,-48.7246704101562
2305,-44.507888238348,300,-87.1198732862605,516259,-45.88818359375
2306,-52.8306787849692,300,-87.959838283474,516559,-45.2491683959961
2307,-35.5317037254587,300,-87.9683913476571,516859,-46.6717796325684
2308,-46.3686012393136,300,-82.748633480776,517159,-44.6710319519043
2309,-43.9919848254963,300,-83.0385169598488,517459,-44.4928131103516
2310,-50.6548624499487,300,-87.7475076935033,517759,-46.7965850830078
2311,-54.7580379700585,300,-88.1052426052632,518059,-45.8917541503906
2312,-42.1940634231238,300,-82.9327660813124,518359,-46.3224716186523
2313,-42.0617592764817,300,-78.3602466808606,518659,-44.1699905395508
2314,-44.6470816948694,300,-73.1596356036323,518959,-48.2892723083496
2315,-35.6484509276997,300,-72.8249439933596,519259,-46.9141006469727
2316,-28.2825584221611,300,-72.4513749545984,519559,-46.2941131591797
2317,46.4217435300875,108,-63.5210712154034,519667,-46.4090805053711
2318,-164.086258584194,203,-64.6334752628907,519870,-47.6688232421875
2319,-13.9196274598982,300,-57.8521147969916,520170,-46.4033012390137
2320,-155.502944304875,167,-58.0309800631113,520337,-47.1295318603516
2321,-27.8483040947333,300,-52.3501036060826,520637,-46.1719360351562
2322,44.2209895688285,104,-43.3931977502464,520741,-45.1367721557617
2323,-24.8026136601137,300,-42.4948033409448,521041,-45.152229309082
2324,-28.5257292964544,300,-42.2760207639641,521341,-45.8795318603516
2325,-46.6974050415284,300,-42.3854966041231,521641,-46.9587173461914
2326,40.774893930407,106,-37.7052179683543,521747,-47.103645324707
2327,-151.172800709451,135,-43.4872728175539,521882,-47.8254165649414
2328,53.5158789118086,106,-38.4930488099978,521988,-47.2831535339355
2329,-165.004380621766,119,-44.5436685998113,522107,-47.8579254150391
2330,-35.0905711799935,300,-43.7654540363135,522407,-46.8671340942383
2331,-39.0425818393193,300,-42.9796812297766,522707,-45.3671646118164
2332,-151.202825397699,130,-48.4301193285053,522837,-46.2974166870117
2333,-35.3966808572862,300,-48.0968654075456,523137,-47.4407958984375
2334,-21.5866563560139,300,-46.9438441406028,523437,-46.0108528137207
2335,-162.085982748224,130,-53.265720731629,523567,-47.7217483520508
2336,-158.84008239994,131,-59.793596930518,523698,-45.7044830322266
2337,-40.1988916561246,300,-64.1246286898286,523998,-48.1220779418945
2338,-172.421564733979,129,-64.5413939973178,524127,-46.194953918457
2339,49.680068505516,104,-61.3614091990471,524231,-46.2577209472656
2340,-47.2043204693659,300,-55.9464780072716,524531,-47.4045562744141
2341,45.6308216877371,102,-52.2725217181481,524633,-45.8432159423828
2342,-42.5062427061381,300,-56.6088833318965,524933,-46.5162315368652
2343,-40.7626822612183,300,-57.4068867619517,525233,-45.9681587219238
2344,-43.7658191907039,300,-58.1688912566642,525533,-46.0695915222168
2345,-39.9083507128162,300,-57.8294385402285,525833,-47.1982269287109
2346,-37.8364157888049,300,-61.7600040261891,526133,-46.9828796386719
2347,-34.7941601240357,300,-55.9410719969184,526433,-44.6034240722656
2348,-39.0497396836266,300,-60.5693529266901,526733,-47.2110061645508
2349,-145.019549472217,165,-59.5701113692127,526898,-45.4794082641602
2350,-36.0058481625344,300,-59.6158752183397,527198,-45.2822799682617
2351,-29.9083705683138,300,-59.1591646547894,527498,-48.1890182495117
2352,-38.3469150261317,300,-53.5163691362111,527798,-47.9184417724609
2353,-47.6367026021587,300,-54.1283702234547,528098,-45.214599609375
2354,-46.1540715005834,300,-55.3567409806832,528398,-48.4943695068359
2355,-39.3318338487927,300,-49.2190335357116,528698,-44.5029296875
2356,-51.853308468141,300,-43.8696948391216,528998,-48.2879257202148
2357,-50.1264831865952,300,-44.3660744156452,529298,-47.922737121582
2358,-142.167472128846,194,-42.8533697853885,529492,-45.9370651245117
2359,-45.9517768295193,300,-47.6349620521403,529792,-47.0480651855469
2360,-59.5238764799708,300,-48.2509398526705,530092,-47.4548225402832
2361,-54.637849999255,300,-53.2643734370201,530392,-47.2819061279297
2362,-48.048722222843,300,-53.5414974128554,530692,-48.0040893554688
2363,-50.8823470352972,300,-54.0474806515593,530992,-46.0337181091309
2364,-134.745776406583,205,-58.5964785123532,531197,-48.6173400878906
2365,-44.9284079456928,300,-58.8474813739971,531497,-47.4364547729492
2366,-43.6089308944213,300,-59.1361071292779,531797,-46.9982757568359
2367,-38.3057004568966,300,-59.3116841459209,532097,-47.6776885986328
2368,-29.2381986387678,300,-58.821107093678,532397,-44.5896530151367
2369,-40.0432471280024,300,-53.5722919764672,532697,-46.4201202392578
2370,-35.1307479997335,300,-53.5285369683272,532997,-48.1543807983398
2371,-41.5075696499083,300,-54.1084969224069,533297,-48.9906539916992
2372,44.9787337871565,105,-49.9422144817425,533402,-48.4427490234375
2373,64.0263710228427,117,-44.3590608004925,533519,-47.5520782470703
2374,-43.6327133009886,300,-44.2329928905127,533819,-47.0682754516602
2375,-42.355695319052,300,-44.3841859640257,534119,-48.5645370483398
2376,-43.2484625592227,300,-43.9539436685798,534419,-47.6300430297852
2377,-53.8267279693359,300,-44.1389559077168,534719,-45.5114517211914
2378,-55.1404489097758,300,-39.7876047467633,535019,-47.0610809326172
2379,-59.8093625836122,300,-40.480484034468,535319,-49.0074081420898
2380,-58.0995868840306,300,-40.4092695546709,535619,-44.7921752929688
2381,-25.8701421761082,300,-38.9708841635136,535919,-45.926155090332
2382,-27.6244367965304,300,-37.949669892198,536219,-47.4309120178223
2383,-33.2012106211874,300,-37.0656130714925,536519,-46.1288375854492
2384,-151.8561656177,197,-37.9211325320484,536716,-46.9245758056641
2385,-23.7211398007875,300,-36.8607691248031,537016,-48.1803588867188
2386,-157.50575687345,143,-42.5556104237546,537159,-47.0023345947266
2387,-26.8573566799843,300,-41.9831932349089,537459,-46.0708465576172
2388,-33.9907833988075,300,-42.2208224729109,537759,-47.5466766357422
2389,54.6653875396578,119,-37.4853907395279,537878,-46.3568153381348
2390,-134.80485323725,32,-42.4690960014037,537910,-47.3737487792969
2391,-136.194216703551,32,-47.2034283540858,537942,-47.7859268188477
2392,-59.6850985776687,300,-52.4366199723271,538242,-46.9236259460449
2393,-37.2604286500102,300,-57.5009599559698,538542,-47.611629486084
2394,-29.4200132640617,300,-56.7903249541234,538842,-46.8892822265625
2395,-45.2283983616488,300,-56.9339601062532,539142,-49.0260124206543
2396,-36.0664916438076,300,-56.5748615604825,539442,-45.818962097168
2397,-34.2445131314347,300,-55.5957508185874,539742,-47.3870162963867
2398,54.469684663595,113,-50.1152441399189,539855,-45.7986221313477
2399,-57.9342710743183,300,-50.0214895644542,540155,-47.7313537597656
2400,-50.1639207337483,300,-49.6247062569401,540455,-44.2164497375488
2401,-54.945285236053,300,-51.0784634099373,540755,-46.9590110778809
2402,-51.381484137987,300,-52.2663157770101,541055,-47.504638671875
2403,-63.4253641321089,300,-53.7775234525562,541355,-47.6887588500977
2404,-47.104725893147,300,-48.5399514663286,541655,-48.0295104980469
2405,-43.2041792790158,300,-49.51410344024,541955,-45.5325546264648
2406,-51.1365929821611,300,-44.1956452456755,542255,-48.8887634277344
2407,-31.912222247312,300,-44.4483885240419,542555,-47.9386596679688
2408,-44.7458106239495,300,-44.986139885299,542855,-46.0876884460449
2409,-54.6668803592121,300,-50.4527532802425,543155,-46.5735244750977
2410,-36.6447974301583,300,-45.5447504898879,543455,-49.6553840637207
2411,-52.3783563643863,300,-41.3539574729297,543755,-45.1349105834961
2412,-48.9880142033942,300,-40.819103254216,544055,-48.2331199645996
2413,-25.5567008593743,300,-40.2339168646842,544355,-49.495849609375
2414,-43.3940166309188,300,-40.932617033027,544655,-48.4094924926758
2415,-36.8242648527801,300,-40.5124103575836,544955,-45.2189636230469
2416,-21.6984871180525,300,-39.7940101312959,545255,-48.9986419677734
2417,63.2523135239013,124,-34.9191687985291,545379,-49.6223602294922
2418,-28.1094638282117,300,-39.0481262231194,545679,-47.6845703125
2419,-34.0415323403653,300,-37.8534892864217,545979,-49.1183395385742
2420,-53.9188496967669,300,-38.0412357345727,546279,-43.8729629516602
2421,-49.5199060135236,300,-37.7699667734462,546579,-48.0250244140625
2422,-33.036039698302,300,-36.852694551462,546879,-46.391227722168
2423,-33.6564695446923,300,-35.3642498220911,547179,-47.1819534301758
2424,-54.7930102939405,300,-35.7486640421308,547479,-49.4759674072266
2425,-32.7976697160677,300,-35.2283385639834,547779,-45.6973457336426
2426,-50.4815870174854,300,-35.1955882657496,548079,-48.569164276123
2427,-37.0727721357264,300,-35.4536157601703,548379,-48.6657180786133
2428,-34.832730277665,300,-34.9579617428561,548679,-44.8789138793945
2429,-32.4506988984085,300,-33.8471526698159,548979,-50.0354995727539
2430,-39.860991364862,300,-34.0079623665511,549279,-48.9596557617188
2431,-40.3391062657768,300,-33.4059998616206,549579,-45.5413665771484
2432,-34.06630626431,300,-32.6599144646664,549879,-42.8053131103516
2433,-52.0606614858317,300,-33.9851124959893,550179,-47.8372955322266
2434,-65.0260579461282,300,-35.0667145617498,550479,-46.1617126464844
2435,-72.1944200785982,300,-36.8352223230407,550779,-48.2344055175781
2436,-47.3921628524608,300,-38.1199061097611,551079,-47.0815277099609
2437,-41.3651926580599,300,-43.3507814188591,551379,-46.3334617614746
2438,-33.6409403513375,300,-43.6273552450154,551679,-45.7427864074707
2439,-59.2233709460097,300,-44.8864471752976,551979,-48.0930480957031
2440,46.8633704930786,123,-39.8473361658054,552102,-48.1205215454102
2441,-141.686817739443,36,-44.4556817521013,552138,-47.1591262817383
2442,-45.0248942269926,300,-45.0551244785359,552438,-49.6128158569336
2443,-43.7619332051776,300,-45.5603976615601,552738,-47.0311088562012
2444,-45.7040771592262,300,-45.1059510048244,553038,-45.9191360473633
2445,-45.123538158201,300,-45.7222444269311,553338,-47.4377670288086
2446,-40.9761774140349,300,-45.2469739467586,553638,-46.9157333374023
2447,-137.444577828152,33,-50.2655642313798,553671,-45.6691131591797
2448,-34.4807557854916,300,-50.2479655067712,553971,-46.0057678222656
2449,-55.0595532589843,300,-51.3784082247999,554271,-47.9881744384766
2450,-33.5392193359166,300,-51.0623196233527,554571,-46.3656005859375
2451,-62.3731807667599,300,-52.1640233484018,554871,-47.8136558532715
2452,-48.4063570963129,300,-52.881025890002,555171,-47.5647735595703
2453,-61.8202750278404,300,-53.3690065671024,555471,-48.8577346801758
2454,-31.5804427205781,300,-51.6967258058249,555771,-48.3208541870117
2455,-32.5460032907953,300,-49.7143049664348,556071,-44.7712173461914
2456,-41.2417782899766,300,-49.4067857383105,556371,-49.3699378967285
2457,-30.5925210022032,300,-48.8681521555177,556671,-47.8548965454102
2458,-43.1014897849104,300,-49.3411796271964,556971,-49.2530975341797
2459,-36.7455120305564,300,-48.2172866814237,557271,-49.0829620361328
2460,-43.9717305369313,300,-52.7590417329242,557571,-48.9937362670898
2461,-44.6644135525453,300,-47.9079215235793,557871,-47.8918151855469
2462,-57.3845669433861,300,-48.525905159399,558171,-47.9025650024414
2463,-65.8122705171954,300,-49.6284220249999,558471,-50.7109413146973
2464,-139.849900116652,36,-54.3357131728712,558507,-47.8031425476074
2465,-136.554457475389,33,-58.9072591387306,558540,-47.5239868164062
2466,-71.1504400281619,300,-60.4159722694369,558840,-46.7682418823242
2467,-50.5252289894849,300,-56.0700048275036,559140,-47.4325675964355
2468,-38.3648078586447,300,-56.2642074311612,559440,-48.3121757507324
2469,-43.9239284695233,300,-55.7074261916882,559740,-47.4616928100586
2470,-58.8961696460498,300,-56.9752737071948,560040,-47.9877166748047
2471,-62.2062957456232,300,-56.966929456138,560340,-48.372932434082
2472,-73.7107686867082,300,-58.2321500356578,560640,-46.0093154907227
2473,-67.7589699026599,300,-58.5290847793988,560940,-47.4313659667969
2474,-65.9454840514268,300,-60.2473368459412,561240,-48.4682235717773
2475,-38.1435947736475,300,-60.5272164200838,561540,-47.2037773132324
2476,-53.3727755508217,300,-61.1337662831261,561840,-47.655158996582
2477,-33.4096341908439,300,-61.2746219425581,562140,-48.4130706787109
2478,-43.081729433465,300,-61.2736339249858,562440,-48.8196563720703
2479,-40.2197230887627,300,-61.4473444778962,562740,-47.3328323364258
2480,-63.4688010630784,300,-62.4221980042035,563040,-47.0717315673828
2481,-48.7589452501437,300,-62.6269245890834,563340,-48.6532897949219
2482,-68.2215485167998,300,-63.1687736677541,563640,-47.0832138061523
2483,-61.111027543052,300,-62.9337115190469,563940,-48.1014099121094
2484,-60.4881937211376,300,-58.9656261992712,564240,-47.4925918579102
2485,-49.0507760710998,300,-54.5904421290567,564540,-48.9584503173828
2486,-139.730992142128,35,-58.019469734755,564575,-47.0107727050781
2487,-139.703587288048,35,-62.4783876496832,564610,-47.168830871582
2488,-45.789870332799,300,-62.8496407733909,564910,-43.9171829223633
2489,-60.8984984905215,300,-63.6983692744408,565210,-46.5636672973633
2490,-60.4369310316822,300,-63.7754073437224,565510,-45.1448745727539
2491,-57.3003084794007,300,-63.5301079804113,565810,-50.0423583984375
2492,-55.7698419414483,300,-62.6330616431483,566110,-47.4514617919922
2493,-43.5965797316083,300,-61.4249421345957,566410,-46.7055740356445
2494,-39.7318097555364,300,-60.1142584198012,566710,-47.94873046875
2495,-137.037453346449,32,-65.0589513484413,566742,-47.714958190918
2496,-61.928126402806,300,-65.4867188910405,567042,-45.4419021606445
2497,-56.8964323175173,300,-66.6610587973742,567342,-46.8229446411133
2498,-41.9698694224912,300,-66.6054657968255,567642,-47.9326477050781
2499,-34.3138049056448,300,-66.3101698876696,567942,-46.7609558105469
2500,-52.5481912844512,300,-65.7641393987382,568242,-46.9984436035156
2501,-33.8899364148509,300,-65.0206889569736,568542,-44.9754180908203
2502,-59.7435951001135,300,-64.5967912861393,568842,-49.878173828125
2503,-58.9757166107213,300,-64.4900257395227,569142,-46.0587310791016
2504,-41.1011955009928,300,-63.5206758285155,569442,-45.8966789245605
2505,-41.5873907880619,300,-63.1475065643636,569742,-46.3631210327148
2506,-48.2116901042804,300,-58.5715414624712,570042,-48.7744674682617
2507,-61.1449885689479,300,-54.6436115265163,570342,-46.7728309631348
2508,-62.9851910861309,300,-55.5033775641829,570642,-45.7594299316406
2509,-46.7257704563131,300,-54.7947411624724,570942,-43.667797088623
2510,-50.1603927574143,300,-54.280914248759,571242,-46.8907852172852
2511,-41.6912912726223,300,-53.5004633884201,571542,-45.7428245544434
2512,-36.4844467771404,300,-52.5361936302047,571842,-45.323974609375
2513,-43.8980565579269,300,-52.5512674715206,572142,-48.9300003051758
2514,-40.0680376867842,300,-52.568078868083,572442,-49.2066650390625
2515,-50.6513399362605,300,-48.2487731975736,572742,-48.379280090332
2516,-44.9506619540109,300,-47.3998999751338,573042,-46.9660034179688
2517,-46.222683797573,300,-46.8662125491366,573342,-43.6973342895508
2518,-40.9721604591637,300,-46.8163271009702,573642,-47.0025749206543
2519,-34.3442174734763,300,-46.8178477293618,573942,-50.0814247131348
2520,-38.0834609434828,300,-46.0946112123134,574242,-47.7207260131836
2521,-55.7002538258702,300,-47.1851270828644,574542,-44.223518371582
2522,-48.7191174678576,300,-46.6339032012516,574842,-47.9573593139648
2523,-44.4566569702599,300,-45.9079502192285,575142,-47.8299865722656
2524,-43.7876257593245,300,-46.0422717321451,575442,-45.1484222412109
2525,-46.6662153285292,300,-46.2962129591685,575742,-44.7258796691895
2526,-19.5072892777186,300,-44.8609929178404,576042,-46.6727676391602
2527,-45.2528346142817,300,-44.0663852201071,576342,-47.0453643798828
2528,-45.0114765116761,300,-43.1676994913843,576642,-45.2370986938477
2529,-139.393469896985,35,-47.8010844634179,576677,-48.639030456543
2530,-54.5436390603387,300,-48.0202467785642,576977,-43.5988502502441
2531,-139.117472993612,34,-52.8915558646137,577011,-46.4795532226562
2532,-147.277374819682,41,-58.4312022667407,577052,-45.6518974304199
2533,-47.55290241143,300,-58.6139445594159,577352,-44.1232147216797
2534,-52.7655467908548,300,-59.2488200146194,577652,-45.606330871582
2535,-39.5779287439564,300,-58.6951494550042,577952,-45.005126953125
2536,-46.1477781538348,300,-58.7550052649954,578252,-43.6194114685059
2537,-41.3430861412046,300,-58.511025382177,578552,-46.2102546691895
2538,-41.3431598561203,300,-58.5295753520248,578852,-48.0579223632812
2539,-41.1318643948202,300,-58.868957698092,579152,-46.1802940368652
2540,-39.4312067851466,300,-58.9363449901752,579452,-47.2979927062988
2541,-42.722491715107,300,-58.287456884637,579752,-44.6967086791992
2542,-37.2875939519891,300,-57.7158807088436,580052,-46.8268737792969
2543,-38.9448220062113,300,-57.4402889606412,580352,-49.544849395752
2544,-37.6832567529631,300,-57.1350705103231,580652,-45.6636199951172
2545,-60.7803613756245,300,-57.8407778126779,580952,-46.4769744873047
2546,-45.3617222133819,300,-59.133499459461,581252,-45.1309928894043
2547,-52.9978686042041,300,-59.5207511589571,581552,-47.2269325256348
2548,-52.3382402554801,300,-59.8870893461473,581852,-45.2463760375977
2549,-37.3818083563686,300,-54.7865062691165,582152,-45.0531463623047
2550,-38.1043796504918,300,-53.9645432986242,582452,-44.5426254272461
2551,-36.1316078865987,300,-48.8152500432735,582752,-45.5302810668945
2552,-49.3604077342184,300,-43.9194016890003,583052,-44.9087104797363
2553,-48.0705690998269,300,-43.9452850234201,583352,-46.7879333496094
2554,-52.53808243725,300,-43.9339118057399,583652,-44.9114379882812
2555,-56.8942703531562,300,-44.7997288861999,583952,-47.3577346801758
2556,-32.8538179242534,300,-44.1350308747208,584252,-42.4319152832031
2557,-49.9697519108356,300,-44.5663641632024,584552,-46.3552627563477
2558,-42.5392983158773,300,-44.6261710861902,584852,-46.9570159912109
2559,-39.3441542077154,300,-44.536785576835,585152,-45.5121078491211
2560,-65.9739163219626,300,-45.8639210536758,585452,-44.6417198181152
2561,-56.281098165029,300,-46.5418513761719,585752,-44.553279876709
2562,-52.7942734684682,300,-47.3171853519959,586052,-47.0993461608887
2563,-44.7480011047305,300,-47.6073443069218,586352,-44.5582389831543
2564,-60.1665305636226,300,-48.7315079974548,586652,-46.7878532409668
2565,-33.3358869529375,300,-47.3592842763204,586952,-44.7185401916504
2566,-37.8268484046684,300,-46.9825405858848,587252,-45.1019592285156
2567,-39.6234269844376,300,-46.3138185048964,587552,-42.0640335083008
2568,-45.2519487221636,300,-45.9595039282306,587852,-45.3678855895996
2569,-16.8989125457685,300,-44.9353591377006,588152,-43.3360824584961
2570,-47.6513816984023,300,-45.4127092400961,588452,-46.8438491821289
2571,-42.847111573364,300,-45.7484844244344,588752,-42.4294891357422
2572,-33.7325873458683,300,-44.9670934050169,589052,-44.0495491027832
2573,-28.1418381641619,300,-43.9706568582336,589352,-42.4120101928711
2574,-38.8980585771598,300,-43.2886556652291,589652,-41.5259284973145
2575,-30.0033817709952,300,-41.9441112361211,589952,-46.3024826049805
2576,-13.9725706713491,300,-41.0000488734759,590252,-42.6655197143555
2577,-42.7229714363485,300,-40.6377098497515,590552,-42.1170196533203
2578,-50.4058976800259,300,-41.0310398179589,590852,-46.3436050415039
2579,-43.4043500641945,300,-41.2340496107829,591152,-43.6250228881836
2580,-70.1153317857176,300,-41.4411203839706,591452,-45.4276428222656
2581,-41.6871347698747,300,-40.7114222142129,591752,-43.2230224609375
2582,-40.0078351819621,300,-40.0721002998876,592052,-44.8048629760742
2583,-42.3135726945546,300,-39.9503788793788,592352,-44.3171768188477
2584,-45.5801801467469,300,-39.221061358535,592652,-46.268440246582
2585,-45.5199138787439,300,-39.8302627048254,592952,-43.4644622802734
2586,-47.8763774896844,300,-40.3327391590762,593252,-42.7436218261719
2587,-40.8665539113633,300,-40.3948955054224,593552,-44.3156356811523
2588,-32.8271926678867,300,-39.7736577027086,593852,-44.5069122314453
2589,-40.2306836997465,300,-40.9402462604075,594152,-44.1233978271484
2590,-42.2908289310817,300,-40.6722186220415,594452,-44.6448211669922
2591,-41.5682228252446,300,-40.6082741846355,594752,-43.8278503417969
2592,-40.1715421764111,300,-40.9302219261626,595052,-43.3014526367188
2593,-35.0309365352121,300,-41.2746768447151,595352,-40.9835586547852
2594,-38.4745807484639,300,-41.2535029532804,595652,-42.3902931213379
2595,-37.976416816816,300,-41.6521547055714,595952,-42.4225807189941
2596,-47.4923298533563,300,-43.3281426646718,596252,-42.4832382202148
2597,-38.5594047747003,300,-43.1199643315893,596552,-41.0090408325195
2598,-32.6050797913019,300,-42.2299234371531,596852,-42.9707069396973
2599,-33.0827103287301,300,-41.7138414503799,597152,-42.6438407897949
2600,-50.1338675199787,300,-40.714768237093,597452,-43.7113876342773
2601,-40.2982535935676,300,-40.6453241782776,597752,-42.4855461120605
2602,-34.4268293501489,300,-40.366273886687,598052,-40.4691429138184
2603,-36.0085411786672,300,-40.0510223108926,598352,-42.4660530090332
2604,-40.3056146761716,300,-39.7872940373638,598652,-42.3375625610352
2605,-54.7177859806635,300,-40.2471876424598,598952,-41.4486389160156
2606,-58.5851046790834,300,-40.7826240019298,599252,-45.565315246582
2607,-54.1483063777683,300,-41.44671162525,599552,-42.4482612609863
2608,-33.6848675277274,300,-41.4895953682421,599852,-43.2199096679688
2609,-53.6692750345853,300,-42.161524934984,600152,-43.663272857666
2610,-32.4806372553423,300,-41.671015351197,600452,-40.8758087158203
2611,-52.4779408046802,300,-42.2165012501688,600752,-41.1278915405273
2612,-53.8227591029698,300,-42.8990620964967,601052,-42.3487968444824
2613,-55.4386533219397,300,-43.9194479358331,601352,-41.5868911743164
2614,-48.8180966549104,300,-44.4366237311554,601652,-41.5294799804688
2615,-49.3365652020695,300,-45.0046311504181,601952,-44.5271339416504
2616,-46.4433940615642,300,-44.9521843608285,602252,-41.4691925048828
2617,-45.6778288011105,300,-45.308105562149,602552,-41.9059181213379
2618,-47.2313991954,300,-46.0394215323539,602852,-42.0094680786133
2619,-10.2716629345574,300,-44.8988691626453,603152,-41.2296371459961
2620,-13.5122955204068,300,-43.0677905626667,603452,-41.2321815490723
2621,-46.0222784531677,300,-43.3539918056467,603752,-41.6773910522461
2622,-43.5555535766468,300,-43.8104280169716,604052,-43.5984382629395
2623,-52.2701565475537,300,-44.6235087854159,604352,-43.2730369567871
2624,-39.901596146678,300,-44.6033078589412,604652,-41.6354522705078
2625,57.1245283607969,113,-39.0111921418682,604765,-42.3766479492188
2626,-43.404870737861,300,-38.2521804448071,605065,-41.9921951293945
2627,-43.2104137524758,300,-37.7052858135425,605365,-43.3997650146484
2628,-65.2930519179817,300,-39.2856950330552,605665,-42.5243530273438
2629,-42.9669959468406,300,-38.750581078668,605965,-40.5710144042969
2630,-42.85356793685,300,-39.2692276127434,606265,-42.1637878417969
2631,-42.2734215503514,300,-38.7590016500269,606565,-41.4496307373047
2632,-36.6319420560853,300,-37.8994607976827,606865,-40.6966819763184
2633,-39.3608455960441,300,-37.0955704113879,607165,-41.1034317016602
2634,-43.6165437703751,300,-36.8354927671611,607465,-40.3824844360352
2635,-35.6066279452193,300,-36.1489959043186,607765,-40.3205261230469
2636,-45.9478134525359,300,-36.1242168738672,608065,-39.6851196289062
2637,-48.1819505121001,300,-36.2494229594167,608365,-43.1517333984375
2638,-46.3025384880039,300,-36.2029799240469,608665,-40.3321914672852
2639,-53.6548459187062,300,-38.3721390732543,608965,-41.9711151123047
2640,-46.4414845247583,300,-40.0185985234719,609265,-42.0303955078125
2641,-42.2987689854217,300,-39.8324230500846,609565,-38.7073783874512
2642,-35.839855132381,300,-39.4466381278713,609865,-41.5302047729492
2643,-54.4552338763938,300,-39.5558919943133,610165,-40.2687530517578
2644,-63.6617710311317,300,-40.743900738536,610465,-44.9516830444336
2645,-37.9124300954257,300,-45.4957486613471,610765,-42.4016647338867
2646,-55.5386324832421,300,-46.1024367486162,611065,-44.0365333557129
2647,-40.5451519812772,300,-45.9691736600563,611365,-43.6537857055664
2648,-42.6919396282835,300,-44.8391180455714,611665,-42.4727630615234
2649,-44.4318834707677,300,-44.9123624217677,611965,-40.7563629150391
2650,-40.0116640548767,300,-44.770267227669,612265,-41.7889747619629
2651,-52.2503944856201,300,-45.2691158744325,612565,-40.1976356506348
2652,-41.5509630905237,300,-45.5150669261544,612865,-42.1652870178223
2653,-37.0208649091479,300,-45.3980678918096,613165,-40.868049621582
2654,-46.9484372674758,300,-45.5646625666646,613465,-40.9397735595703
2655,-40.4077278050311,300,-45.8047175596552,613765,-40.3968048095703
2656,-37.8631105439639,300,-45.4004824142266,614065,-39.4657707214355
2657,-45.6317198614639,300,-45.2729708816948,614365,-40.5102157592773
2658,-11.3061287034836,300,-43.5231503924688,614665,-40.9226150512695
2659,-62.3194210554981,300,-43.9563791493084,614965,-41.3422775268555
2660,-45.0673423699423,300,-43.8876720415676,615265,-41.2673301696777
2661,-55.0655258397848,300,-44.5260098842857,615565,-39.5458717346191
2662,-35.131118278194,300,-44.4905730415764,615865,-38.6535415649414
2663,-6.87599350314725,300,-42.111611022914,616165,-40.7839202880859
2664,-36.5430441513392,300,-40.7556746789244,616465,-38.4727630615234
2665,-42.6278393680362,300,-40.991445142555,616765,-39.4407234191895
2666,-25.691076695548,300,-39.4990673531702,617065,-39.4021072387695
2667,-35.6141862367894,300,-39.2525190659459,617365,-41.6869583129883
2668,-53.3476901109038,300,-39.7853065900769,617665,-40.8056564331055
2669,-39.0996261301428,300,-39.5186937230456,617965,-40.1253509521484
2670,-44.4185723227583,300,-39.7390391364397,618265,-42.2970123291016
2671,-42.7498298703778,300,-39.2640109056776,618565,-40.6453170776367
2672,-50.6879513870256,300,-39.7208603205027,618865,-38.8868675231934
2673,-34.4230853767708,300,-39.5909713438838,619165,-42.1897964477539
2674,-22.6902385914202,300,-38.3780614100811,619465,-36.7343292236328
2675,-33.59631349182,300,-38.0374906944205,619765,-41.1038589477539
2676,-33.4703845144478,300,-37.8178543929447,620065,-40.9236640930176
2677,-28.2830896638752,300,-36.9504228830653,620365,-39.0467872619629
2678,-28.8623062820128,300,-37.8282317619917,620665,-39.2367897033691
2679,-56.4361169130957,300,-37.5340665548716,620965,-40.6659698486328
2680,-28.661137295342,300,-36.7137563011416,621265,-39.2591857910156
2681,-54.0113264039835,300,-36.6610463293515,621565,-39.2950897216797
2682,-33.9763019566136,300,-36.6033055132725,621865,-40.010326385498
2683,-60.2753814927569,300,-39.273274912753,622165,-39.6028709411621
2684,-36.059801862977,300,-39.2491127983349,622465,-39.8893661499023
2685,-29.9313088355685,300,-38.6142862717115,622765,-40.9590072631836
2686,76.2981776484102,261,-33.5148235545136,623026,-41.1078109741211
2687,-49.7564454101047,300,-34.2219365131793,623326,-43.0843086242676
2688,-31.5855285953148,300,-33.1338284373999,623626,-41.9677276611328
2689,-12.1524019338209,300,-31.7864672275838,623926,-42.4532585144043
2690,-21.2142445842191,300,-30.6262508406568,624226,-42.9669036865234
2691,-10.8205807536597,300,-29.0297883848209,624526,-40.3730773925781
2692,-34.1773530211567,300,-28.2042584665275,624826,-40.3083343505859
2693,-58.8544516832871,300,-29.4258267818533,625126,-41.3558044433594
2694,-40.5590628217309,300,-30.3192679933688,625426,-41.8550567626953
2695,-10.0181857974717,300,-29.1403616086514,625726,-40.6409454345703
2696,-34.6868528195153,300,-29.2011850239048,626026,-41.6224365234375
2697,52.9312021389457,113,-25.1404704337637,626139,-43.0194396972656
2698,68.9701705502869,126,-20.2488465921488,626265,-41.4766654968262
2699,89.7175065684752,260,-12.9411654180702,626525,-42.9435539245605
2700,43.5585649823698,164,-9.33018030418463,626689,-41.4805030822754
2701,52.5894707844367,171,-4.00014044476362,626860,-41.3555145263672
2702,89.6415326251139,282,2.18075128432275,627142,-42.3798828125
2703,-148.582285415,208,-2.2345939117894,627350,-39.5417938232422
2704,-149.06791186874,207,-7.88499941207757,627557,-38.2178649902344
2705,-48.3680874467258,300,-8.80683834263543,627857,-37.9370307922363
2706,-65.5037245813268,300,-15.8969334541223,628157,-40.2428321838379
2707,-38.3370368256701,300,-15.3259630249006,628457,-40.6606826782227
2708,-59.1887659760464,300,-16.7061248939371,628757,-39.9565963745117
2709,-59.3557703645116,300,-19.0662933154717,629057,-38.9463424682617
2710,57.6583620290082,168,-15.1226629848103,629225,-38.0436363220215
2711,95.0198873163595,199,-9.83063958130935,629424,-37.9981689453125
2712,46.8784421010673,105,-5.77784982519815,629529,-39.0582275390625
2713,-59.1242288648955,300,-5.79133868427857,629829,-38.1804313659668
2714,-46.6335612813324,300,-6.09506360725865,630129,-38.1792640686035
2715,-45.534217224636,300,-7.87086517861687,630429,-38.353443145752
2716,41.0836209484687,300,-4.08234149021767,630729,-36.2307968139648
2717,4.57194764572127,300,-6.50030421487889,631029,-39.6123275756836
2718,-50.1856184950946,300,-12.458093667148,631329,-39.3515167236328
2719,-51.4774482054222,300,-19.5178414058428,631629,-37.7777557373047
2720,-51.63467870548,300,-24.2775035902353,631929,-39.2242584228516
2721,-58.9375669219578,300,-29.853855475555,632229,-38.8804016113281
2722,-43.9652316408991,300,-36.5341936888557,632529,-41.8176116943359
2723,70.0844151327232,203,-25.6008586614695,632732,-38.94775390625
2724,-59.1680539566357,300,-21.1058657658643,633032,-37.989616394043
2725,62.986841484344,121,-15.5381193193108,633153,-38.7925338745117
2726,57.9716488319846,112,-9.36435064864524,633265,-38.2190437316895
2727,-4.50050350612701,300,-7.67252398266808,633565,-40.6199569702148
2728,-71.7165407156928,300,-8.29891271965041,633865,-39.0979347229004
2729,-66.6151025433466,300,-8.66187932859215,634165,-38.5898017883301
2730,52.7768139715457,108,-8.90595673146528,634273,-40.8629989624023
2731,76.0084384284284,179,-9.85652917586183,634452,-41.2176475524902
2732,-4.59534511068613,300,-12.4302185364495,634752,-39.2858047485352
2733,-12.938637437228,300,-10.1209389650661,635052,-39.2246704101562
2734,-34.5024256709719,300,-9.51438218454811,635352,-38.6069679260254
2735,78.0852427664505,179,-3.33340918499378,635531,-37.1992111206055
2736,4.65746814120474,300,-5.15471682535698,635831,-38.8321533203125
2737,-5.40358035057505,300,-5.6534932251718,636131,-39.4584693908691
2738,-54.4592708042405,300,-5.86717584062909,636431,-40.722713470459
2739,58.3350077759519,113,-0.376553041560386,636544,-40.0762176513672
2740,57.1989634273333,109,5.06512906508028,636653,-37.2765846252441
2741,-39.689769516157,300,6.02751893537032,636953,-38.9352340698242
2742,-55.9843240586414,300,5.42656431448321,637253,-39.085693359375
2743,-49.7716934849135,300,-0.566241116398621,637553,-40.3483695983887
2744,54.3134056687484,107,5.10783186487059,637660,-38.2237854003906
2745,54.1918735457738,108,4.66808346794208,637768,-40.1985359191895
2746,-16.8348559388789,300,0.927758229398901,638068,-38.7186660766602
2747,6.87219064076323,300,1.49639293674341,638368,-37.3223686218262
2748,59.0105043445163,112,8.03274518975387,638480,-40.4326400756836
2749,-64.0547013004015,300,8.16076525190113,638780,-37.7136344909668
2750,37.719983255133,300,7.40792371608049,639080,-37.6455383300781
2751,57.859186472073,113,6.50046111826272,639193,-37.1713180541992
2752,32.0744202004826,300,8.33394938382115,639493,-38.429931640625
2753,-65.9075128255091,300,5.6855056144071,639793,-41.9492607116699
2754,-147.749029644393,152,0.0231754157360442,639945,-39.3140068054199
2755,-79.0483947535598,300,-7.83350646026447,640245,-37.3115310668945
2756,-58.4122510343232,300,-10.9869924190409,640545,-38.3827667236328
2757,-59.7947698891865,300,-13.7065518959714,640845,-40.4681549072266
2758,-20.8858718581944,300,-12.0278819486691,641145,-39.6906661987305
2759,-6.01094365253456,300,-15.2451795200935,641445,-39.9987182617188
2760,68.2423015979424,125,-14.693012611563,641570,-38.4895629882812
2761,-6.94589968182582,300,-13.0558191198464,641870,-36.5718193054199
2762,-61.7173872845003,300,-13.3424722811394,642170,-39.9336471557617
2763,-33.8163918137223,300,-12.5447071975798,642470,-39.4691276550293
2764,4.54636426860684,300,-15.0330592675869,642770,-35.2802047729492
2765,69.0923094587365,119,-14.2880374719388,642889,-39.0694274902344
2766,58.2778753361237,110,-10.5324009081886,642999,-37.8369331359863
2767,-73.8968709798843,300,-14.570853989221,643299,-40.1694564819336
2768,-58.5591031991827,300,-20.449334366406,643599,-39.8082733154297
2769,-77.9520552381723,300,-21.1442020632945,643899,-36.2614440917969
2770,-55.2866918506093,300,-25.7945358185816,644199,-39.1194915771484
2771,-58.9224736903959,300,-31.6336188267051,644499,-39.0621376037598
2772,-4.17359030475921,300,-33.4460193519672,644799,-37.1434326171875
2773,-55.7713084755776,300,-32.9392091344706,645099,-40.316764831543
2774,-44.8345611329915,300,-27.7934857089005,645399,-38.0166091918945
2775,60.8852037052581,117,-20.7968057859596,645516,-38.7716064453125
2776,-16.0128006311611,300,-18.6768332658015,645816,-40.2432060241699
2777,56.7836227049844,108,-12.847913636093,645924,-38.3154563903809
2778,54.879467999612,104,-9.05964664320265,646028,-38.3350982666016
2779,-48.6159061684926,300,-11.1898947690006,646328,-38.1157150268555
2780,-53.3394621043525,300,-17.2689829541153,646628,-39.3886871337891
2781,61.1897516345645,112,-13.8622003882958,646740,-36.8572807312012
2782,-56.220468250518,300,-13.5873544365967,647040,-39.4950485229492
2783,-76.6521494864663,300,-15.7291423202339,647340,-38.564094543457
2784,-78.5343960565191,300,-19.8831803364902,647640,-39.493953704834
2785,-76.8636881433146,300,-27.1809802165927,647940,-36.8861083984375
2786,-14.9286214043465,300,-30.8413050536162,648240,-38.4624519348145
2787,56.3177630824194,108,-24.330573350501,648348,-37.5275917053223
2788,-76.7643713681975,300,-25.2408367589518,648648,-37.8013076782227
2789,-63.4895230270898,300,-24.5177101483977,648948,-37.7176666259766
2790,-18.5950068634285,300,-22.6831258990386,649248,-38.7991981506348
2791,-9.06097823814861,300,-20.1900511264263,649548,-36.8220825195312
2792,-56.9815928187503,300,-22.8304512521258,649848,-38.6507835388184
2793,55.5835390461401,106,-17.2627088760399,649954,-37.6992492675781
2794,93.0891284665707,197,-10.3665243960618,650151,-36.9708938598633
2795,-77.8206388575732,300,-17.3018165242034,650451,-37.1407127380371
2796,-61.9282207809596,300,-19.5975875316933,650751,-37.7406311035156
2797,-70.5137284741004,300,-25.9624550906475,651051,-37.457893371582
2798,-73.773454208767,300,-32.3951012010665,651351,-35.9638595581055
2799,-70.4700596208832,300,-33.487808873686,651651,-35.9187240600586
2800,-159.678833551362,287,-38.8047774460365,651938,-37.703254699707
2801,-71.7720690979074,300,-45.4528684826601,652238,-39.4872131347656
2802,-69.5440176731061,300,-46.1190459537895,652538,-36.1675415039062
2803,-67.8877208862564,300,-45.680824523779,652838,-38.5458984375
2804,-71.136879823697,300,-45.3109487121379,653138,-39.6065444946289
2805,-70.2633867489179,300,-44.9809336424181,653438,-37.7594032287598
2806,-61.9483519924514,300,-47.3319201718233,653738,-35.919246673584
2807,-54.6574713117351,300,-52.880681891531,654038,-39.9908714294434
2808,-74.6298481268727,300,-52.7739557294648,654338,-37.0371131896973
2809,-4.67838501573163,300,-49.8333988288969,654638,-36.7907333374023
2810,-58.7944828069766,300,-51.8433726260743,654938,-38.475341796875
2811,-62.311972177328,300,-54.5059223230333,655238,-35.7681655883789
2812,-53.2686877978146,300,-54.3202770719865,655538,-38.5642547607422
2813,-69.9974189644095,300,-60.599324972514,655838,-37.6161270141602
2814,56.917436511203,105,-62.4079095702824,655943,-35.8300094604492
2815,-76.6367202175002,300,-62.3487136382787,656243,-37.5532150268555
2816,-2.95915349653249,300,-59.4002602740573,656543,-39.7070007324219
2817,-52.7280305774525,300,-58.5109753792249,656843,-38.8119735717773
2818,-73.578082647434,300,-58.5012068011583,657143,-38.288444519043
2819,-54.3403560975507,300,-57.6947216249917,657443,-38.8773040771484
2820,57.8579891631409,111,-46.8178804892665,657554,-39.7683792114258
2821,-53.2535462806405,300,-45.8919543484032,657854,-37.7141036987305
2822,-73.3200217045076,300,-46.0807545499732,658154,-36.4704818725586
2823,-67.2919370137774,300,-46.0509653563493,658454,-39.003475189209
2824,-61.8523953023525,300,-45.5867411302821,658754,-36.1358108520508
2825,-72.1002622011249,300,-45.6785849028924,659054,-36.5856246948242
2826,-75.1091002684708,300,-46.3366223166934,659354,-38.4482421875
2827,-66.4325686954863,300,-46.925377185881,659654,-37.1369781494141
2828,-62.11997128204,300,-46.2998833436393,659954,-36.5562210083008
2829,-77.2107407007981,300,-49.9265011278926,660254,-38.5279541015625
2830,-62.6088205880768,300,-50.1172180169477,660554,-37.1046142578125
2831,-70.5559945241645,300,-50.5294191342895,660854,-39.0898475646973
2832,-77.3837174975068,300,-51.7351706192741,661154,-36.5738525390625
2833,-72.8265698147131,300,-51.8766281617893,661454,-38.1327819824219
2834,66.5211980987193,117,-51.3964400824134,661571,-37.0319519042969
2835,-73.5696557935851,300,-51.2430868612177,661871,-37.152042388916
2836,-79.0204990435459,300,-55.0461541385684,662171,-39.2024879455566
2837,-70.5403587428232,300,-55.9367705468369,662471,-34.4871826171875
2838,-75.8240545412193,300,-56.0490691415262,662771,-38.1872711181641
2839,-72.1453943161691,300,-56.9393210524571,663071,-38.4206886291504
2840,-81.6023097285738,300,-63.9123359970428,663371,-36.5173950195312
2841,-78.3775164376919,300,-65.1685345048954,663671,-36.9144134521484
2842,-72.1980791790134,300,-65.1124373786207,663971,-37.1018447875977
2843,-144.817857998936,214,-68.9887334278786,664185,-37.15673828125
2844,-71.3257913648326,300,-69.4624032310026,664485,-38.1224594116211
2845,-79.3941320963301,300,-69.8270967257629,664785,-37.0989418029785
2846,-76.7676843974389,300,-69.9100259322113,665085,-37.0034484863281
2847,-85.8235874502186,300,-70.8795768699479,665385,-37.2613906860352
2848,-80.5844414550261,300,-71.8028003785972,665685,-37.4000396728516
2849,-53.3582994688749,300,-70.610178317001,665985,-35.9023666381836
2850,-81.3886794714866,300,-71.5491712611715,666285,-35.5013198852539
2851,-79.0479052991924,300,-71.9737667999229,666585,-36.6917419433594
2852,-83.679923916545,300,-72.2885771208748,666885,-38.8212471008301
2853,-73.6375347044696,300,-72.3291253653627,667185,-36.8625411987305
2854,-71.1494864953216,300,-79.2126595950647,667485,-35.8551826477051
2855,-74.4739722530533,300,-79.2578754180381,667785,-36.895133972168
2856,-58.6783323150208,300,-78.2407670816118,668085,-35.7062301635742
2857,-85.3380980269955,300,-78.9806540458205,668385,-35.929931640625
2858,-77.9706645058646,300,-79.0879845440527,668685,-37.4102249145508
2859,-77.3772681560948,300,-79.349578236049,668985,-37.2063217163086
2860,-77.3629865920766,300,-79.1376120792242,669285,-37.1269302368164
2861,-166.403489272806,293,-83.5389107209799,669578,-35.046085357666
2862,-86.0454072138189,300,-84.2312771227201,669878,-36.6517181396484
2863,-75.5610808794496,300,-80.7684382667458,670178,-37.2555465698242
2864,-74.4398570115861,300,-80.9241415490835,670478,-36.7264022827148
2865,-76.7331315544054,300,-80.7910915219873,670778,-37.8824157714844
2866,-147.705400963557,179,-84.3379773502932,670957,-38.5387420654297
2867,-166.856012154283,262,-88.3895985854964,671219,-36.9474182128906
2868,-166.604767994264,195,-92.6906149124583,671414,-36.0544891357422
2869,-77.8704772633672,300,-93.9162238021829,671714,-34.8855972290039
2870,-161.430823080431,207,-97.9183309826301,671921,-35.068115234375
2871,-85.2300419649833,300,-98.2274378159196,672221,-36.8944473266602
2872,-80.6996247596579,300,-98.0784228580753,672521,-37.1503677368164
2873,-74.8621747637974,300,-98.1396548610417,672821,-35.4361457824707
2874,-80.3705137275391,300,-98.6007062226525,673121,-37.9603614807129
2875,-165.663249349721,240,-103.160170077486,673361,-38.2793426513672
2876,-61.7517454369151,300,-103.313840733581,673661,-36.0544891357422
2877,-65.0784433339067,300,-102.300857998926,673961,-32.9316062927246
2878,-71.867794665345,300,-101.9957145069,674261,-36.7283096313477
2879,-163.979431091119,244,-106.325822653651,674505,-34.6060562133789
2880,-65.4273234024928,300,-105.729039494172,674805,-36.2626876831055
2881,-154.611593273862,206,-105.139444694225,675011,-37.2277984619141
2882,-165.772911479732,268,-109.125819907521,675279,-37.1223526000977
2883,-73.7130710206006,300,-109.033419414578,675579,-34.0927276611328
2884,-155.923898722127,279,-113.107621500105,675858,-35.625072479248
2885,-75.5224119854624,300,-113.047085521658,676158,-36.4389839172363
2886,-73.8605068497846,300,-109.354840815969,676458,-38.4064712524414
2887,-175.914837143942,230,-109.807782065452,676688,-37.5110168457031
2888,-80.1202492187551,300,-105.483556126677,676988,-35.5526123046875
2889,-170.457514134298,275,-110.112907970224,677263,-37.4618988037109
2890,-78.7074494199339,300,-105.976739287199,677563,-36.0506629943848
2891,-152.071810967413,175,-109.31882773732,677738,-36.1371726989746
2892,-71.7497797520631,300,-108.87133548694,678038,-36.0632972717285
2893,-97.5458579709321,300,-110.005519647297,678338,-34.7385711669922
2894,-71.9508123972169,300,-109.584534580781,678638,-36.1909103393555
2895,-160.69576072475,238,-109.336160149533,678876,-36.1076583862305
2896,-170.073149487061,270,-114.75223035204,679146,-36.8706436157227
2897,-71.4550087299979,300,-115.071058621844,679446,-36.9393615722656
2898,-170.166251155654,229,-119.98598144636,679675,-37.7542915344238
2899,-75.8815743135614,300,-115.581088607482,679975,-33.0802230834961
2900,-172.900085553865,275,-120.954726715051,680250,-37.2265090942383
2901,-177.188242184949,294,-122.083559160605,680544,-37.4457855224609
2902,-85.2587183093182,300,-118.057849502084,680844,-37.0597229003906
2903,-159.366774437758,200,-122.340534672942,681044,-38.0391464233398
2904,-155.529124861527,274,-122.320795979912,681318,-36.4770393371582
2905,-135.492191010788,221,-125.319284931178,681539,-38.0076293945312
2906,-70.9547250809335,300,-125.173995842736,681839,-35.1043701171875
2907,-67.6491625929715,300,-119.760712115187,682139,-36.8746719360352
2908,-71.5411248236012,300,-119.33175589543,682439,-37.7020301818848
2909,-79.7192242471833,300,-114.794841401074,682739,-37.8702392578125
2910,-71.0696321375205,300,-114.412950536953,683039,-35.0058364868164
2911,-151.185157528518,285,-114.368617865009,683324,-34.6072883605957
2912,-65.5843603912829,300,-114.06034689697,683624,-37.3585319519043
2913,-165.817315571311,295,-117.473919776988,683919,-37.4712600708008
2914,-71.8721962427566,300,-117.469988969265,684219,-35.8225860595703
2915,-69.1493080731458,300,-112.892666336685,684519,-37.583610534668
2916,-77.8345791524395,300,-108.280737819954,684819,-37.8429718017578
2917,-70.0517737484789,300,-108.210576070878,685119,-36.9625091552734
2918,-168.147972970203,282,-108.109662161606,685401,-36.9544982910156
2919,-81.8805130133118,300,-108.409609096593,685701,-35.6630821228027
2920,-74.9866814117191,300,-103.513938889486,686001,-37.0032157897949
2921,-74.1310084859616,300,-98.3610772045364,686301,-35.2088890075684
2922,-80.4126361510774,300,-98.1187730966244,686601,-36.3314819335938
2923,-79.5281901290909,300,-94.1268438811911,686901,-37.1719551086426
2924,-73.9466220840619,300,-90.0477187423178,687201,-32.3575096130371
2925,-79.0103505748477,300,-87.2236267205208,687501,-37.8096389770508
2926,-79.4200163693752,300,-87.6468912849429,687801,-36.3651237487793
2927,-62.221190035138,300,-87.3754926570512,688101,-33.8584213256836
2928,-170.095617152603,229,-92.3032172735013,688330,-36.9981727600098
2929,-69.8738472181087,300,-91.8109484220476,688630,-37.2781753540039
2930,-74.1909944758382,300,-91.9670165389635,688930,-36.4489669799805
2931,-84.2772767925009,300,-88.6216225021626,689230,-34.9188385009766
2932,-85.1974779791484,300,-89.6022783815559,689530,-37.7974166870117
2933,-95.8317737265693,300,-86.1030012893188,689830,-36.4259490966797
2934,-98.0178630188117,300,-87.4102846281216,690130,-36.8655014038086
2935,-93.5176820233496,300,-88.6287033256317,690430,-36.6782989501953
2936,-90.7138723981349,300,-89.2726679879165,690730,-36.9238510131836
2937,-75.3140364342925,300,-89.5357811222072,691030,-38.1733283996582
2938,-72.1761722138454,300,-84.7371910843893,691330,-37.5171546936035
2939,-75.1095553833947,300,-84.3986432028935,691630,-35.8693008422852
2940,-172.330705530632,237,-89.2658444088391,691867,-37.4750328063965
2941,-165.117234336433,202,-93.8151557013627,692069,-37.6974945068359
2942,-76.9350989735243,300,-93.641278842485,692369,-36.0871658325195
2943,-83.3509259076642,300,-93.8324156314137,692669,-38.3512573242188
2944,-169.408725906172,192,-98.6055208225192,692861,-36.868034362793
2945,-88.6565509285681,300,-99.0878308402052,693161,-35.8019638061523
2946,-167.094446590171,231,-103.471552351245,693392,-37.7501449584961
2947,-72.5087522425379,300,-103.985930461615,693692,-35.198169708252
2948,-175.629659783502,267,-104.26263259316,693959,-37.5776138305664
2949,-87.7091189770644,300,-105.154396181108,694259,-36.6759185791016
2950,-67.0150223608414,300,-104.795597575358,694559,-34.7724990844727
2951,-164.095016069034,234,-108.786484539185,694793,-35.2525634765625
2952,-90.6139191834146,300,-109.057306599398,695093,-36.5249176025391
2953,-71.9602343993854,300,-107.863729633039,695393,-35.8802947998047
2954,-70.094908467132,300,-106.467581905455,695693,-36.2261505126953
2955,-70.5000553930322,300,-105.316700573939,695993,-35.0082168579102
2956,-162.899134925658,162,-108.925963700315,696155,-36.2490158081055
2957,-70.0675069001309,300,-108.663637223607,696455,-35.6675262451172
2958,-65.7862545765879,300,-108.344141341744,696755,-34.4113998413086
2959,-171.167518883309,269,-113.14703951674,697024,-36.7639617919922
2960,-88.1419054102781,300,-108.937599510722,697324,-35.6527862548828
2961,-77.7358414777929,300,-104.56852986779,697624,-36.7237319946289
2962,-79.2176728659934,300,-104.682658562413,697924,-35.7780838012695
2963,-160.408485867965,213,-108.535536560428,698137,-34.2786865234375
2964,-74.8877710603905,300,-103.809488818139,698437,-35.1587982177734
2965,-82.6754553957088,300,-103.510434041496,698737,-36.5381164550781
2966,-75.9526055731667,300,-98.9533419906462,699037,-36.1600227355957
2967,-80.3478460965662,300,-99.3452966833476,699337,-34.5177574157715
2968,-155.953007255713,165,-98.3614640569582,699502,-38.4593124389648
2969,-163.037688924128,160,-102.127892554311,699662,-34.9655914306641
2970,-59.1130348218672,300,-101.732793177363,699962,-36.4924011230469
2971,-150.044256233381,173,-101.03025518558,700135,-35.7295303344727
2972,-163.337800467167,204,-104.666449249768,700339,-37.228572845459
2973,-81.4171504781741,300,-105.139295053707,700639,-37.5429916381836
2974,-83.2823084089022,300,-105.798665050796,700939,-36.7368583679199
2975,-73.6078530804341,300,-105.954054935166,701239,-35.9608840942383
2976,-161.56709726033,239,-105.887453051899,701478,-38.0812911987305
2977,-80.0159523872528,300,-106.384875326255,701778,-36.3563804626465
2978,-88.4682924883793,300,-107.518977221845,702078,-35.8696899414062
2979,-161.279443492056,195,-107.024573452282,702273,-36.6285858154297
2980,-168.551790771893,293,-111.045067720363,702566,-36.1927642822266
2981,-165.798141617205,291,-115.448182727334,702857,-34.6075973510742
2982,-175.10864846987,222,-120.242731507527,703079,-37.5348205566406
2983,-89.1137144669663,300,-116.677992937478,703379,-37.4888305664062
2984,-159.675964411207,257,-120.917402605018,703636,-34.5733642578125
2985,-166.225072362055,157,-125.094883453336,703793,-38.0423431396484
2986,-171.113514839743,265,-129.852928916664,704058,-36.7647399902344
2987,-165.824607991652,268,-134.126767011419,704326,-37.2944564819336
2988,-82.6022844421849,300,-130.459230870742,704626,-37.6659774780273
2989,-82.418705490743,300,-126.428281699073,704926,-34.0024032592773
2990,-84.5933611779215,300,-127.702298016876,705226,-37.3335189819336
2991,-74.0120410597768,300,-123.900687258196,705526,-38.1432418823242
2992,-75.6504087133117,300,-119.516317670503,705826,-36.3709030151367
2993,-87.1726642548394,300,-119.804093359336,706126,-36.0060234069824
2994,-166.814558677534,154,-123.980705872768,706280,-35.3373107910156
2995,-90.9860601718533,300,-124.849616227339,706580,-37.2054977416992
2996,-78.0310831540948,300,-120.672815522027,706880,-38.0422325134277
2997,-181.581436669612,298,-125.751089736145,707178,-36.380126953125
2998,-76.9425227696584,300,-125.174801250209,707478,-38.1949310302734
2999,-80.3120497295856,300,-121.126431562085,707778,-36.9121704101562
3000,-176.080118760541,237,-121.502847961518,708015,-37.6227188110352
