Episode,EpisodeReward,EpisodeSteps,AverageReward,StepCount,EpisodeQ0
1,1113.9435062437,1973,1113.9435062437,1973,28.3275909423828
2,1714.25755670455,2500,1414.10053147413,4473,28.3275909423828
3,1720.98451843037,2500,1516.39519379288,6973,28.3275909423828
4,1575.92622591575,2500,1531.2779518236,9473,28.3275909423828
5,1578.21247344914,2500,1540.66485614871,11973,33.7244567871094
6,1716.17404587362,2500,1569.91638776952,14473,33.7244567871094
7,1734.28286701136,2500,1593.3973133755,16973,33.7244567871094
8,1522.57437224489,2500,1584.54444573417,19473,33.7244567871094
9,1492.26260231082,2500,1574.29090757602,21973,33.7244567871094
10,1638.2408500897,2500,1580.68590182739,24473,33.7244567871094
11,1430.25485461165,2500,1612.31703666419,26973,33.7244567871094
12,1646.18164519932,2500,1605.50944551366,29473,33.7244567871094
13,1573.82507158418,2500,1590.79350082904,31973,33.7244567871094
14,1773.02971674052,2500,1610.50384991152,34473,33.7244567871094
15,1506.46205473051,2500,1603.32880803966,36973,33.7244567871094
16,1589.21737206855,2500,1590.63314065915,39473,33.7244567871094
17,1717.94570543894,2500,1588.99942450191,41973,33.7244567871094
18,1352.54284805373,2500,1571.99627208279,44473,33.7244567871094
19,1538.3409353867,2500,1576.60410539038,46973,33.7244567871094
20,1590.92355830253,2500,1571.87237621166,49473,33.7244567871094
21,1544.88951377084,2500,1583.33584212758,51973,33.7244567871094
22,1574.66283087995,2500,1576.18396069565,54473,33.7244567871094
23,1394.27202245776,2500,1558.228655783,56973,33.7244567871094
24,1777.89496125733,2500,1558.71518023468,59473,33.7244567871094
25,1629.58066465503,2500,1571.02704122714,61973,33.7244567871094
26,1441.54405383818,2500,1556.2597094041,64473,33.7244567871094
27,1454.83068635206,2500,1529.94820749541,66973,33.7244567871094
28,1615.17849524834,2500,1556.21177221487,69473,33.7244567871094
29,1635.4752035611,2500,1565.92519903231,71973,42.8614234924316
30,1431.714412978,2500,1550.00428449986,74473,42.8614234924316
31,1348.14065115211,2500,1530.32939823799,76973,42.8614234924316
32,1638.84966911669,2500,1536.74808206166,79473,42.8614234924316
33,1620.12884033556,2500,1559.33376384944,81973,42.8614234924316
34,1783.06174871401,2500,1559.85044259511,84473,42.8614234924316
35,1670.04829257366,2500,1563.89720538697,86973,42.8614234924316
36,1586.10183353063,2500,1578.35298335622,89473,42.8614234924316
37,1491.38273261479,2500,1582.00818798249,91973,42.8614234924316
38,1214.28372652136,2500,1541.91871110979,94473,42.8614234924316
39,1335.34435579043,2500,1511.90562633272,96973,42.8614234924316
40,1764.44643543014,2500,1545.17882857794,99473,42.8614234924316
41,1737.64238278227,2500,1584.12900174095,101973,42.8614234924316
42,1591.78676590374,2500,1579.42271141966,104473,42.8614234924316
43,1064.61629790157,1778,1523.87145717626,106251,42.8614234924316
44,1502.43604225471,2500,1495.80888653033,108751,42.8614234924316
45,1664.96160415115,2500,1495.30021768808,111251,42.8614234924316
46,126.193065166473,370,1349.30934085166,111621,42.8614234924316
47,30.9874257169726,163,1203.26981016188,111784,42.8614234924316
48,127.088811454772,369,1094.55031865522,112153,42.8614234924316
49,300.187721837754,693,991.034655259955,112846,42.8614234924316
50,354.922654611014,749,850.082277178042,113595,42.8614234924316
51,33.5641514931796,111,679.674454049133,113706,42.8614234924316
52,177.397969373462,455,538.235574396105,114161,42.8614234924316
53,214.109273216517,559,453.1848719276,114720,42.8614234924316
54,191.956759739801,601,322.13694367611,115321,42.8614234924316
55,141.311427464428,413,169.771926007437,115734,42.8614234924316
56,253.477804683388,585,182.500399959129,116319,49.1235237121582
57,207.851902297332,507,200.186847617165,116826,49.1235237121582
58,54.7153777222013,176,192.949504243908,117002,49.1235237121582
59,46.1963887972534,182,167.550370939858,117184,49.1235237121582
60,246.641003510642,551,156.72220582982,117735,49.1235237121582
61,104.731813261174,349,163.83897200662,118084,49.1235237121582
62,32.4604837212779,152,149.345223441401,118236,49.1235237121582
63,30.4896163530394,127,130.983257755054,118363,49.1235237121582
64,66.8955929915555,218,118.477141080229,118581,49.1235237121582
65,51.9634510143684,195,109.542343435223,118776,49.1235237121582
66,54.0035320485322,197,89.5949161717376,118973,49.1235237121582
67,23.673403041781,142,71.1770662461825,119115,49.1235237121582
68,26.2672791381027,154,68.3322563877727,119269,49.1235237121582
69,229.990075987451,565,86.7116251067925,119834,49.1235237121582
70,189.632830278341,598,81.0108077835624,120432,49.1235237121582
71,158.654398284392,434,86.4030662858841,120866,49.1235237121582
72,131.432664123778,380,96.3002843261342,121246,49.1235237121582
73,1122.50023316964,2500,205.501346007795,123746,51.791145324707
74,1324.4992838455,2500,331.261715093189,126246,51.791145324707
75,992.463001809694,2500,425.311670172721,128746,51.791145324707
76,1083.23481948843,2500,528.234798916711,131246,51.791145324707
77,1169.43578732197,2041,642.81103734473,133287,51.791145324707
78,815.638123220864,2500,721.748121753006,135787,51.791145324707
79,526.1254003315,1850,751.361654187411,137637,51.791145324707
80,1087.63034916481,2500,841.161406076058,140137,51.791145324707
81,795.721680378365,1326,904.868134285456,141463,51.791145324707
82,1402.60578180969,2500,1031.98544605405,143963,51.791145324707
83,831.009308141524,2500,1002.83635355123,146463,51.791145324707
84,1228.442209627,2500,993.230646129385,148963,51.791145324707
85,529.760772826784,1821,946.960423231094,150784,51.791145324707
86,1015.03197791363,2500,940.140139073613,153284,51.791145324707
87,347.135848336618,1343,857.910145175078,154627,51.791145324707
88,918.989262611602,2500,868.245259114152,157127,51.791145324707
89,786.477564770116,2500,894.280475558014,159627,51.791145324707
90,778.29930864086,2287,863.347371505619,161914,51.791145324707
91,746.341914317242,2500,858.409394899506,164414,51.791145324707
92,605.231091161897,2369,778.671925834727,166783,51.791145324707
93,337.700942885795,693,729.341089309154,167476,51.791145324707
94,1028.9387165687,2500,709.390740003324,169976,51.791145324707
95,1512.4172664351,2500,807.656389364155,172476,51.791145324707
96,1008.12408995324,2500,806.965600568117,174976,51.791145324707
97,1052.79584128581,2500,877.531599863036,177476,51.791145324707
98,1300.94840558507,2050,915.727514160383,179526,51.791145324707
99,1098.61841118546,2500,946.941598801917,182026,51.791145324707
100,30.9285248216985,127,872.204520420001,182153,51.791145324707
101,197.943358318868,471,817.364664820164,182624,51.791145324707
102,1601.6421538688,2500,917.005771090854,185124,48.771915435791
103,811.625506640502,1371,964.398227466325,186495,48.771915435791
104,299.848455731508,665,891.489201382606,187160,48.771915435791
105,69.9959613594595,110,747.247070875042,187270,48.771915435791
106,269.866486898129,389,673.421310569531,187659,48.771915435791
107,1138.96110564897,1881,682.037837005847,189540,48.771915435791
108,649.581439692098,2201,616.90114041655,191741,48.771915435791
109,1603.65995983154,2500,667.405295281158,194241,48.771915435791
110,1088.95045060517,1783,773.207487859505,196024,48.771915435791
111,1415.73427029554,2500,894.986579057172,198524,48.771915435791
112,460.085386147937,946,780.830902285085,199470,48.771915435791
113,906.331045585469,1368,790.301456179582,200838,48.771915435791
114,445.089268446754,1352,804.825537451106,202190,48.771915435791
115,194.880428682946,408,817.313984183455,202598,48.771915435791
116,179.925652112459,370,808.319900704888,202968,48.771915435791
117,126.354885530425,380,707.059278693033,203348,48.771915435791
118,231.658548744495,470,665.266989598273,203818,48.771915435791
119,171.726096803193,363,522.073603295438,204181,48.771915435791
120,116.878852320366,324,424.866443466958,204505,48.771915435791
121,51.1372939130236,189,288.406745828707,204694,48.771915435791
122,94.2734433420586,344,251.825551548119,205038,48.771915435791
123,87.8539431054677,370,169.977841300119,205408,48.771915435791
124,36.133599340834,187,129.082274389527,205595,48.771915435791
125,46.2221854220776,167,114.21645006344,205762,48.771915435791
126,262.297915193742,483,122.453676371568,206245,48.771915435791
127,48.7296630355208,196,114.691154122078,206441,48.771915435791
128,43.402206659737,114,95.865519913602,206555,48.771915435791
129,71.3609499749354,455,85.8290052307762,207010,48.771915435791
130,96.381376504805,378,83.7792576492201,207388,48.771915435791
131,525.148389645074,832,131.180367222425,208220,48.771915435791
132,93.4755279164106,200,131.10057567986,208420,48.771915435791
133,42.2345315971759,208,126.538634529031,208628,49.6990051269531
134,133.164209689792,259,136.241695563927,208887,49.6990051269531
135,36.6788237791445,60,135.287359399634,208947,49.6990051269531
136,48.0442251764957,68,113.861990397909,209015,49.6990051269531
137,103.781847596097,683,119.367208853967,209698,49.6990051269531
138,58.8955071770387,171,120.916538905697,209869,49.6990051269531
139,36.3583742406914,72,117.416281332272,209941,49.6990051269531
140,90.6539414332869,246,116.843537825121,210187,49.6990051269531
141,99.0425965635078,335,74.232958516964,210522,49.6990051269531
142,252.35819592667,458,90.12122531799,210980,49.6990051269531
143,61.2746261429823,105,92.0252347725706,211085,49.6990051269531
144,180.827792356411,827,96.7915930392325,211912,49.6990051269531
145,144.045227491189,513,107.528233410437,212425,49.6990051269531
146,464.474333041523,759,149.17124419694,213184,49.6990051269531
147,40.6376968023959,91,142.85682911757,213275,49.6990051269531
148,47.5699254919046,119,141.724270949056,213394,49.6990051269531
149,27.9191222488229,126,140.880345749869,213520,49.6990051269531
150,43.2436686312855,112,136.139318469669,213632,49.6990051269531
151,71.6782562985619,230,133.402884443175,213862,49.6990051269531
152,56.8763866682352,115,113.854703517331,213977,49.6990051269531
153,33.2384846418359,103,111.051089367216,214080,49.6990051269531
154,104.39316298308,315,103.407626429883,214395,49.6990051269531
155,65.3426302897582,105,95.5373667097403,214500,49.6990051269531
156,28.0442029865026,138,51.8943537042382,214638,49.6990051269531
157,77.1787610707934,100,55.548460131078,214738,49.6990051269531
158,202.786545628788,358,71.0701221447663,215096,49.6990051269531
159,31.1961300705275,128,71.3978229269368,215224,49.6990051269531
160,77.0394213218542,161,74.7773981959937,215385,49.6990051269531
161,92.9178518022658,139,76.9013577463641,215524,49.6990051269531
162,458.304897365002,627,117.044208816041,216151,49.6990051269531
163,77.7256858653348,120,121.492928938391,216271,49.6990051269531
164,67.2738668871719,97,117.7809993288,216368,49.6990051269531
165,37.8584518429296,105,115.032581484117,216473,49.6990051269531
166,664.929169525158,967,178.721078137982,217440,49.6990051269531
167,36.2965807057191,85,174.632860101475,217525,49.8382797241211
168,30.1868164735359,172,157.37288718595,217697,49.8382797241211
169,38.2429263960743,59,158.077566818505,217756,49.8382797241211
170,52.7744755462042,109,155.65107224094,217865,49.8382797241211
171,245.978504966311,424,170.957137557344,218289,49.8382797241211
172,161.001552648623,836,141.226803085706,219125,49.8382797241211
173,58.885642467438,101,139.342798745916,219226,49.8382797241211
174,40.2738170200786,83,136.642793759207,219309,49.8382797241211
175,46.1965440043572,91,137.47660297535,219400,49.8382797241211
176,57.4284345279856,109,76.7265294756326,219509,49.8382797241211
177,35.5496457261335,98,76.6518359776741,219607,49.8382797241211
178,269.067863404102,586,100.539940670731,220193,49.8382797241211
179,34.8364865926257,93,100.199296690386,220286,49.8382797241211
180,71.0112931949782,228,102.022978455263,220514,49.8382797241211
181,104.807112346164,146,87.9058391932485,220660,49.8382797241211
182,118.79558174385,288,83.6852421027713,220948,49.8382797241211
183,384.355653409251,533,116.232243196953,221481,49.8382797241211
184,159.105538033074,339,128.115415298252,221820,49.8382797241211
185,59.1472123738598,85,129.410482135202,221905,49.8382797241211
186,54.4662662799625,148,129.1142653104,222053,49.8382797241211
187,435.243805361537,695,169.08368127394,222748,49.8382797241211
188,147.981949193888,331,156.975089852919,223079,49.8382797241211
189,92.1883615012287,128,162.710277343779,223207,49.8382797241211
190,167.701791560381,221,172.37932718032,223428,49.8382797241211
191,55.5391418820938,129,167.452530133912,223557,49.8382797241211
192,108.56418659086,700,166.429390618613,224257,49.8382797241211
193,1800.13716022547,2500,308.007541300236,226757,50.5615425109863
194,287.458739606914,1547,320.84286145762,228304,50.5615425109863
195,742.896166139223,980,389.217756834156,229284,50.5615425109863
196,1706.39910671695,2242,554.411040877855,231526,50.5615425109863
197,124.353271266444,316,523.321987468346,231842,50.5615425109863
198,131.434136287539,318,521.667206177711,232160,50.5615425109863
199,876.552972230882,1173,600.103667250676,233333,50.5615425109863
200,42.5735624204801,100,587.590844336686,233433,50.5615425109863
201,186.254886889184,1271,600.662418837395,234704,50.5615425109863
202,50.7090576940199,93,594.876905947711,234797,50.5615425109863
203,108.744530996562,277,425.73764302482,235074,50.5615425109863
204,453.474392201212,699,442.33920828425,235773,50.5615425109863
205,32.738882623808,99,371.323479932708,235872,50.5615425109863
206,1640.976173264,2262,364.781186587413,238134,50.5615425109863
207,1258.24711981897,1693,478.170571442665,239827,50.5615425109863
208,59.0049569308705,99,470.927653506998,239926,50.5615425109863
209,67.5404645062785,111,390.026402734538,240037,50.5615425109863
210,100.714230204245,254,395.840469512915,240291,50.5615425109863
211,52.6517030471898,227,382.480151128715,240518,50.5615425109863
212,59.1554002627377,119,383.324785385587,240637,50.5615425109863
213,686.170683094508,1045,441.067400595382,241682,50.5615425109863
214,153.305468398204,327,411.050508215081,242009,50.5615425109863
215,35.8248153900145,92,411.359101491701,242101,50.5615425109863
216,32.1201970016595,118,250.473503865467,242219,50.5615425109863
217,113.870963774469,660,136.035888261018,242879,50.5615425109863
218,212.610335776055,531,151.396426145536,243410,50.5615425109863
219,50.9025966231724,204,149.732639357225,243614,50.5615425109863
220,402.624742826433,2266,179.923690619444,245880,50.6171035766602
221,260.026268799525,1118,200.661147194678,246998,50.6171035766602
222,49.5538777730332,129,199.700994945707,247127,50.6171035766602
223,42.901998516425,211,135.374126487899,247338,50.6171035766602
224,65.5286029589141,93,126.59643994397,247431,50.6171035766602
225,137.017026076541,313,136.715661012623,247744,50.6171035766602
226,62.3578659075512,284,139.739427903212,248028,50.6171035766602
227,131.596872989671,335,141.512018824732,248363,50.6171035766602
228,504.018699521504,926,170.652855199277,249289,50.6171035766602
229,1677.84067403723,2321,333.346662940683,251610,50.6171035766602
230,1374.09203764605,2088,430.493392422645,253698,50.6171035766602
231,326.144749556398,2054,437.105240498332,255752,50.6171035766602
232,100.823544434944,271,442.232207164523,256023,50.6171035766602
233,39.5454855314726,93,441.896555866028,256116,50.6171035766602
234,78.8565778360427,125,443.229353353741,256241,50.6171035766602
235,184.977367211757,1004,448.025387467262,257245,50.6171035766602
236,108.875555723909,272,452.677156448898,257517,50.6171035766602
237,99.6452968608315,511,449.481998836014,258028,50.6171035766602
238,42.3008428449721,121,403.310213168361,258149,50.6171035766602
239,48.6144034582918,199,240.387586110467,258348,50.6171035766602
240,128.071399164714,348,115.785522262333,258696,50.6171035766602
241,22.03583698266,124,85.3746310049594,258820,50.6171035766602
242,528.631952775495,893,128.155471839015,259713,50.6171035766602
243,55.3883113616904,221,129.739754422036,259934,50.6171035766602
244,72.149222130456,105,129.069018851478,260039,50.6171035766602
245,141.5542134942,287,124.726703479722,260326,50.6171035766602
246,93.1010543009522,150,123.149253337426,260476,50.6171035766602
247,170.370645065355,334,130.221788157879,260810,50.6171035766602
248,130.104834199435,332,139.002187293325,261142,50.6171035766602
249,1496.16108296362,2500,283.756855243858,263642,49.5327224731445
250,1396.65610691427,2500,410.615326018813,266142,49.5327224731445
251,61.791100303418,101,414.590852350889,266243,49.5327224731445
252,41.2564121875252,169,365.853298292092,266412,49.5327224731445
253,119.649125460637,329,372.279379701987,266741,49.5327224731445
254,1497.99563513792,2500,514.864021002733,269241,49.5327224731445
255,1250.88958937207,2500,625.79755859052,271741,49.5327224731445
256,1553.17522100542,2500,771.804975260967,274241,49.5327224731445
257,80.0061885420971,504,762.768529608641,274745,49.5327224731445
258,71.3318136313071,119,756.891227551828,274864,49.5327224731445
259,29.8775342462622,144,610.262872680093,275008,49.5327224731445
260,185.997507909786,335,489.197012779644,275343,49.5327224731445
261,43.2127760124263,189,487.339180350545,275532,49.5327224731445
262,53.5495334027742,137,488.56849247207,275669,49.5327224731445
263,492.007458987835,943,525.80432582479,276612,49.5327224731445
264,436.596307105461,1272,419.664393021544,277884,49.8900413513184
265,969.97170245989,2500,391.572604330326,280384,49.8900413513184
266,291.014596166012,995,265.356541846385,281379,49.8900413513184
267,769.09218819302,2500,334.265141811477,283879,49.8900413513184
268,776.828649694505,2500,404.814825417797,286379,49.8900413513184
269,453.993890321549,1051,447.226461025326,287430,49.8900413513184
270,685.893224616838,2210,497.216032696031,289640,49.8900413513184
271,941.8911063946,2500,587.083865734249,292140,49.8900413513184
272,521.880641325233,1632,633.916976526494,293772,49.8900413513184
273,322.350650974909,1057,616.951295725202,294829,49.8900413513184
274,752.273593037196,2310,648.519024318375,297139,49.8900413513184
275,653.315419481824,1812,616.853396020569,298951,49.8900413513184
276,830.02461787023,2500,670.754398190991,301451,49.8900413513184
277,507.22295542893,1659,644.567474914582,303110,49.8900413513184
278,921.333346523481,2500,659.017944597479,305610,49.8900413513184
279,802.905596198249,2500,693.909115185149,308110,49.8900413513184
280,873.761609378814,2500,712.695953661347,310610,49.8900413513184
281,829.984865080873,2500,701.505329529974,313110,49.8900413513184
282,793.120184066925,2449,728.629283804143,315559,49.8900413513184
283,816.277830472745,2500,778.022001753927,318059,49.8900413513184
284,939.832890045235,2382,796.777931454731,320441,49.8900413513184
285,762.73551916094,2500,807.719941422642,322941,49.8900413513184
286,255.135610571368,973,750.231040692756,323914,49.8900413513184
287,319.737487477784,1069,731.482493897641,324983,49.8900413513184
288,420.143938526304,1141,681.363553097924,326124,49.8900413513184
289,838.148164103865,2500,684.887809888485,328624,49.8900413513184
290,825.908562891357,2500,680.10250523974,331124,49.8900413513184
291,839.869137925534,2500,681.090932524206,333624,49.8900413513184
292,839.610387861789,2500,685.739952903692,336124,49.8900413513184
293,934.552429520029,2500,697.56741280842,338624,48.9916534423828
294,893.190055416107,2500,692.903129345508,341124,48.9916534423828
295,813.556465782297,2500,697.985224007644,343624,48.9916534423828
296,1271.77876990182,2500,799.649539940689,346124,48.9916534423828
297,1146.16995268231,2500,882.292786461142,348624,48.9916534423828
298,991.372038416021,2500,939.415596450113,351124,48.9916534423828
299,950.830316077801,2500,950.683811647507,353624,48.9916534423828
300,958.737779344041,2500,963.966733292775,356124,48.9916534423828
301,943.372118242885,2500,974.31703132451,358624,48.9916534423828
302,1518.32566142615,2500,1042.18855868095,361124,48.9916534423828
303,1113.58640204824,2500,1060.09195593377,363624,48.9916534423828
304,929.871142645005,2500,1063.76006465666,366124,48.9916534423828
305,828.395899127656,2500,1065.24400799119,368624,48.9916534423828
306,971.712235897664,2500,1035.23735459078,371124,48.9916534423828
307,929.857038284783,2500,1013.60606315102,373624,48.9916534423828
308,977.829137451002,2500,1012.25177305452,376124,48.4537734985352
309,914.153027906564,2500,1008.5840442374,378624,48.4537734985352
310,1180.35112899189,2500,1030.74537920218,381124,48.4537734985352
311,963.763590604088,2500,1032.7845264383,383624,48.4537734985352
312,847.246705654834,2500,965.676630861172,386124,48.4537734985352
313,1376.64618380782,2500,991.98260903713,388624,48.4537734985352
314,1005.10689980143,2500,999.506184752773,391124,48.4537734985352
315,1244.13156905044,2500,1041.07975174505,393624,48.4537734985352
316,1407.46044727732,2500,1084.65457288302,396124,48.4537734985352
317,1451.65601726804,2500,1136.83447078134,398624,48.4537734985352
318,1085.12604339188,2500,1147.56416137543,401124,48.4537734985352
319,983.424579833492,2500,1154.49131656812,403624,48.4537734985352
320,282.04247857437,552,1064.66045152637,404176,48.4537734985352
321,895.918560508048,2500,1057.87594851677,406676,48.4537734985352
322,1054.10571363041,2500,1078.56184931432,409176,48.4537734985352
323,929.712228351015,2500,1033.86845376864,411676,48.4537734985352
324,1466.22078231667,2500,1079.97984202017,414176,48.4537734985352
325,1115.42942565728,2500,1067.10962768085,416676,48.4537734985352
326,1085.81237145907,2500,1034.94482009903,419176,48.4537734985352
327,955.161738324899,2500,985.295392204713,421676,48.4537734985352
328,1377.9675440229,2500,1014.57954226782,424176,48.4537734985352
329,971.647268387867,2500,1013.40181112325,426676,48.4537734985352
330,1429.68255299342,2500,1128.16581856516,429176,48.4537734985352
331,941.256611856932,2500,1132.69962370005,431676,48.4537734985352
332,1522.1759449772,2500,1179.50664683473,434176,48.4537734985352
333,784.518115779529,2500,1164.98723557758,436676,48.4537734985352
334,1069.0846942761,2500,1125.27362677352,439176,48.4537734985352
335,1393.88855629754,2500,1153.11953983755,441676,48.4537734985352
336,995.039223321586,2500,1144.0422250238,444176,48.4537734985352
337,852.971100737812,2500,1133.82316126509,446676,48.5301933288574
338,1331.6600986325,2500,1129.19241672605,449176,48.5301933288574
339,1499.65318740059,2500,1181.99300862732,451676,48.5301933288574
340,943.153252866088,2500,1133.34007861459,454176,48.5301933288574
341,1455.95257071019,2500,1184.80967449991,456676,48.5301933288574
342,850.278942902041,2500,1117.6199742924,459176,48.5301933288574
343,626.436351852619,2500,1101.81179789971,461676,48.5301933288574
344,1695.49383171058,2500,1164.45271164315,464176,48.5301933288574
345,721.31556147478,2500,1097.19541216088,466676,48.5301933288574
346,940.174650581129,2500,1091.70895488683,469176,48.5301933288574
347,801.279426572653,2500,1086.53978747032,471676,48.5301933288574
348,1105.62328181742,2500,1063.93610578881,474176,48.5301933288574
349,1145.53858292701,2500,1028.52464534145,476676,48.5301933288574
350,802.538573173797,2500,1014.46317737222,479176,48.5301933288574
351,911.458420391715,2500,960.013762340374,481676,48.5301933288574
352,638.118334401985,2500,938.797701490368,484176,46.4463500976562
353,1351.46101568939,2500,1011.30016787404,486676,46.4463500976562
354,1462.52912144877,2500,988.003696847865,489176,46.4463500976562
355,1360.9422043349,2500,1051.96636113388,491676,46.4463500976562
356,808.655591496922,2500,1038.81445522546,494176,46.4463500976562
357,883.060421119979,2500,1046.99255468019,496676,46.4463500976562
358,1301.14962720456,2500,1066.5451892189,499176,46.4463500976562
359,1515.02031588155,2500,1103.49336251436,501676,46.4463500976562
360,964.167564652822,2500,1119.65626166226,504176,46.4463500976562
361,1203.61863853939,2500,1148.87228347703,506676,46.4463500976562
362,687.243742789033,2500,1153.78482431573,509176,46.4463500976562
363,1422.94411215103,2500,1160.9331339619,511676,46.4463500976562
364,1441.71338407979,2500,1158.851560225,514176,46.4463500976562
365,660.385273079432,2500,1088.79586709945,516676,46.4463500976562
366,969.333851630754,2500,1104.86369311283,519176,46.4463500976562
367,624.281864463766,2500,1078.98583744721,521676,46.4463500976562
368,902.795972272635,2500,1039.15047195402,524176,46.4463500976562
369,900.428352156988,2500,977.691275581564,526676,46.4463500976562
370,790.856439686641,2500,960.360163084946,529176,46.4463500976562
371,921.112372572936,2500,932.109536488301,531676,46.4463500976562
372,891.62489588309,2500,952.547651797706,534176,46.4463500976562
373,730.306627235655,2500,883.283903306168,536676,46.4463500976562
374,393.94252191258,2500,778.506817089448,539176,46.4463500976562
375,963.025395473736,2500,808.770829328878,541676,46.4463500976562
376,1502.68702336137,2500,862.10614650194,544176,46.4463500976562
377,987.153759074092,2500,898.393335962972,546676,46.4463500976562
378,761.48912914021,2500,884.26265164973,549176,46.4463500976562
379,1430.57907143055,2500,937.277723577086,551676,46.4463500976562
380,1534.96457165238,2500,1011.68853677366,554176,46.4463500976562
381,1222.1207254577,2500,1041.78937206214,556676,46.4724426269531
382,961.408643222603,2500,1048.76774679609,559176,46.4724426269531
383,1125.08457931263,2500,1088.24554200378,561676,46.4724426269531
384,1335.40104465025,2500,1182.39139427755,564176,46.4724426269531
385,1235.37003572919,2500,1209.6258583031,566676,46.4724426269531
386,883.747303103267,2500,1147.73188627729,569176,46.4724426269531
387,1188.50412473962,2500,1167.86692284384,571676,46.4724426269531
388,999.693145953387,2500,1191.68732452516,574176,46.4724426269531
389,1199.93347672816,2500,1168.62276505492,576676,46.4724426269531
390,966.651045509588,2500,1111.79141244064,579176,46.4724426269531
391,1263.01897435491,2500,1115.88123733036,581676,46.4724426269531
392,954.978104537953,2500,1115.2381834619,584176,46.4724426269531
393,1026.94433673359,2500,1105.42415920399,586676,46.4724426269531
394,1029.44705719908,2500,1074.82876045888,589176,46.4724426269531
395,1224.91676674568,2500,1073.78343356052,591676,46.4724426269531
396,216.288007747504,2500,1007.03750402495,594176,46.3946533203125
397,958.782714627209,2500,984.065363013706,596676,46.3946533203125
398,654.171637759326,2500,949.5132121943,599176,46.3946533203125
399,1371.48541497857,2500,966.668406019341,601676,46.3946533203125
400,980.293495165688,2500,968.032650984951,604176,46.3946533203125
401,406.641873699147,2500,882.394940919375,606676,46.3946533203125
402,695.236130353572,2500,856.420743500937,609176,46.3946533203125
403,719.27048702503,2500,825.653358530081,611676,46.3946533203125
404,550.428448939459,2500,777.751497704118,614176,46.3946533203125
405,1117.56457471246,2500,767.016278500797,616676,46.3946533203125
406,1200.72873327264,2500,865.46035105331,619176,46.3946533203125
407,1301.09930649143,2500,899.692010239733,621676,46.3946533203125
408,475.301398020678,2500,881.804986265868,624176,46.3946533203125
409,428.113414604294,2500,787.46778622844,626676,46.3946533203125
410,1191.81837525024,2500,808.620274236896,629176,46.3946533203125
411,1195.96899717032,2500,887.552986584013,631676,46.3946533203125
412,1215.52142683632,2500,939.581516232288,634176,46.3946533203125
413,1212.54187541834,2500,988.908655071619,636676,46.3946533203125
414,232.251319596631,2500,957.090942137336,639176,46.3946533203125
415,1135.59626581393,2500,958.894111247483,641676,46.3946533203125
416,987.485843895718,2500,937.569822309791,644176,46.3946533203125
417,968.741588658793,2500,904.334050526527,646676,46.3946533203125
418,1063.47325388828,2500,963.151236113287,649176,46.3946533203125
419,1177.79188584272,2500,1038.11908323713,651676,46.3946533203125
420,1113.14510464345,2500,1030.25175617645,654176,46.3946533203125
421,236.440932881216,2500,934.29894974754,656676,46.3946533203125
422,1219.59685784437,2500,934.706492848344,659176,46.3946533203125
423,853.629218194,2500,898.81522712591,661676,46.3946533203125
424,1190.90453775844,2500,994.680548942091,664176,46.3946533203125
425,209.188823160234,2500,902.039804676722,666676,45.2602157592773
426,729.290123141104,2500,876.22023260126,669176,45.2602157592773
427,1360.88467695879,2500,915.43454143126,671676,45.2602157592773
428,926.293090896552,2500,901.716525132088,674176,45.2602157592773
429,1000.83021349776,2500,884.020357897592,676676,45.2602157592773
430,1374.68233181225,2500,910.174080614472,679176,45.2602157592773
431,1026.6578757782,2500,989.19577490417,681676,45.2602157592773
432,881.067165302837,2500,955.342805650017,684176,45.2602157592773
433,1178.29897127867,2500,987.809780958485,686676,45.2602157592773
434,289.706430036836,2500,897.689970186324,689176,45.2602157592773
435,1090.01686216041,2500,985.772774086342,691676,45.2602157592773
436,1270.88234608282,2500,1039.93199638051,694176,45.2602157592773
437,1237.07541638162,2500,1027.5510703228,696676,45.2602157592773
438,1118.44198234611,2500,1046.76595946775,699176,45.2602157592773
439,1269.60960332736,2500,1073.64389845071,701676,45.2602157592773
440,233.151294742456,454,959.490794743732,702130,45.2602157592773
441,135.219281852571,2500,870.346935351169,704630,46.0172653198242
442,584.929140444591,2500,840.733132865345,707130,46.0172653198242
443,968.407898726977,2500,819.744025610175,709630,46.0172653198242
444,1427.57702989322,2500,933.531085595813,712130,46.0172653198242
445,1181.11566068731,2500,942.640965448503,714630,46.0172653198242
446,1207.56686962256,2500,936.309417802476,717130,46.0172653198242
447,343.190531719468,2500,846.920929336261,719630,46.0172653198242
448,18.7757769953049,2500,736.954308801181,722130,46.0172653198242
449,362.700238700674,2500,646.263372338512,724630,46.0172653198242
450,147.847291584396,2500,637.732972022706,727130,46.0172653198242
451,56.4333023792798,2500,629.854374075377,729630,46.0172653198242
452,308.437152998094,2500,602.205175330728,732130,46.0172653198242
453,245.807185139164,2500,529.945103971946,734630,46.0172653198242
454,1392.51454392608,2500,526.438855375233,737130,46.0172653198242
455,223.458167652321,2500,430.673106071734,739630,46.0172653198242
456,415.345970776168,2500,351.451016187095,742130,46.0172653198242
457,1112.78151223758,2500,428.410114238907,744630,46.0172653198242
458,273.672490812673,2500,453.899785620644,747130,46.0172653198242
459,442.153204885209,2500,461.845082239097,749630,46.0172653198242
460,1133.14768408199,2500,560.375121488857,752130,46.0172653198242
461,208.109326935246,2500,575.542723944454,754630,46.0172653198242
462,812.375786309959,2500,625.93658727564,757130,46.0172653198242
463,56.3767623683751,2500,606.993544998561,759630,46.0172653198242
464,1022.56631777053,1901,569.998722383006,761531,46.0172653198242
465,1014.77545830836,2500,649.13045144861,764031,46.0172653198242
466,1426.51333753383,2500,750.247188124375,766531,46.0172653198242
467,1149.49281508706,2500,753.918318409323,769031,46.0172653198242
468,1101.11075883681,2500,836.662145211737,771531,46.0172653198242
469,248.024319498548,2500,817.24925667307,774031,42.3701477050781
470,731.586542332056,2500,777.093142498077,776531,42.3701477050781
471,157.512215285804,934,772.033431333133,777465,42.3701477050781
472,222.323391820166,2500,713.028191884153,779965,42.3701477050781
473,1322.52474710413,2500,839.642990357728,782465,42.3701477050781
474,-60.2714509051301,2500,731.359213490163,784965,42.3701477050781
475,716.22128106739,2500,701.503795766066,787465,42.3701477050781
476,670.93222131735,2500,625.945684144418,789965,42.3701477050781
477,396.193719442274,2500,550.615774579939,792465,42.3701477050781
478,418.939400923554,2500,482.398638788614,794965,42.3701477050781
479,490.974816007919,2500,506.693688439551,797465,42.3701477050781
480,802.873492822197,2500,513.822383488565,799965,42.3701477050781
481,547.045827805603,2500,552.775744740545,802465,42.3701477050781
482,783.300166383483,2500,608.873422196877,804965,42.3701477050781
483,609.076896783694,2500,537.528637164834,807465,42.3701477050781
484,508.013135558244,2500,594.357095811171,809965,42.3701477050781
485,1217.28813414914,2500,644.463781119346,812465,40.779125213623
486,1213.25218790761,2500,698.695777778372,814965,40.779125213623
487,1036.90867119048,2500,762.767272953192,817465,40.779125213623
488,1406.89781647227,2500,861.563114508064,819965,40.779125213623
489,729.605873801194,2500,885.426220287392,822465,40.779125213623
490,1026.21707171096,2500,907.760578176268,824965,40.779125213623
491,1226.14348910604,2500,975.670344306312,827465,40.779125213623
492,416.188196848561,2500,938.95914735282,829965,40.779125213623
493,483.351801673348,2500,926.386637841785,832465,40.779125213623
494,1208.32357266085,2500,996.417681552045,834965,40.779125213623
495,1163.6124356918,2500,991.050111706311,837465,40.779125213623
496,1279.70348463738,2500,997.695241379288,839965,40.779125213623
497,1210.33178995107,2500,1015.03755325535,842465,40.779125213623
498,1224.76454989249,2500,996.824226597368,844965,40.779125213623
499,1166.66528726309,2500,1040.53016794356,847465,40.779125213623
500,1344.06218974858,2500,1072.31467974732,849965,40.779125213623
501,1181.95604598105,2500,1067.89593543482,852465,40.779125213623
502,369.476932538907,2500,1063.22480900385,854965,40.779125213623
503,1275.67532772591,2500,1142.45716160911,857465,40.779125213623
504,1337.12642940541,2500,1155.33744728357,859965,40.779125213623
505,266.938746514225,2500,1065.67007836581,862465,40.779125213623
506,1335.65369497205,2500,1071.26509939928,864965,40.779125213623
507,1117.21752436313,2500,1061.95367284048,867465,40.779125213623
508,1120.56660483147,2500,1051.53387833438,869965,40.779125213623
509,1232.14692874616,2500,1058.08204248269,872465,40.779125213623
510,992.724220671463,2500,1022.94824557498,874965,40.779125213623
511,474.015908060859,2500,952.154231782959,877465,40.779125213623
512,1199.6442784882,2500,1035.17096637789,879965,40.779125213623
513,800.763952434122,2500,987.679828848709,882465,40.2821083068848
514,836.919707805095,2500,937.659156688677,884965,40.2821083068848
515,751.343969990121,2500,986.099679036267,887465,40.2821083068848
516,675.678634536404,2500,920.102172992702,889965,40.2821083068848
517,802.923783178492,2500,888.672798874238,892465,40.2821083068848
518,1201.12390600641,2500,896.728528991731,894965,40.2821083068848
519,826.593654452786,2500,856.173201562394,897465,40.2821083068848
520,927.559751392665,2500,849.656754634514,899965,40.2821083068848
521,1237.14549336171,2500,925.9697131646,902465,40.2821083068848
522,1115.72420800539,2500,917.57770611632,904965,40.2821083068848
523,337.564335723588,2500,871.257744445266,907465,40.2821083068848
524,1120.77417021372,2500,899.643190686129,909965,40.2821083068848
525,933.070515517326,2500,917.81584523885,912465,40.2821083068848
526,966.89556711303,2500,946.937538496512,914965,40.2821083068848
527,1060.82183025541,2500,972.727343204205,917465,40.2821083068848
528,824.5331234823,2500,935.068264951794,919965,40.2821083068848
529,-29.5939404106705,1663,849.449505465448,921628,40.5043640136719
530,-434.855383351658,2500,713.207991991016,924128,40.5043640136719
531,92.9091548200786,2500,598.784358136853,926628,40.5043640136719
532,1248.80065006127,2500,612.09200234244,929128,40.5043640136719
533,958.676702186503,2500,674.203238988732,931628,40.5043640136719
534,878.567352027998,2500,649.982557170159,934128,40.5043640136719
535,106.848042161784,2500,567.360309834605,936628,40.5043640136719
536,-89.2757194892532,2500,461.743181174376,939128,40.5043640136719
537,-924.795245841597,2500,263.181473564675,941628,40.5043640136719
538,-756.95775804395,2500,105.03238541205,944128,40.5043640136719
539,350.011016914699,2500,142.992881144587,946628,40.5043640136719
540,129.06549952147,2500,199.3849694319,949128,40.5043640136719
541,-447.590840243418,2500,145.33496992555,951628,40.5043640136719
542,452.506798136319,2500,65.7055847330555,954128,40.5043640136719
543,190.012474675098,2500,-11.1608380180851,956628,40.5043640136719
544,677.105120956572,2500,-31.3070611252276,959128,40.5043640136719
545,835.063507771658,2500,41.5144854357598,961628,40.5043640136719
546,-114.182511648056,2500,39.0238062198796,964128,40.5043640136719
547,218.07253093694,2500,153.310583897733,966628,40.5043640136719
548,-641.547182173224,2500,164.851641484806,969128,40.5043640136719
549,670.999490654512,2500,196.950488858787,971628,40.5043640136719
550,-257.440126816627,2500,158.299926224977,974128,40.5043640136719
551,-296.876465374199,1806,173.371363711899,975934,40.5043640136719
552,549.792183982911,2500,183.099902296559,978434,40.5043640136719
553,-1071.64106063513,2405,56.934548765536,980839,40.5043640136719
554,805.240967059273,2500,69.7481333758061,983339,40.5043640136719
555,-370.951536890533,2500,-50.8533710904131,985839,40.5043640136719
556,180.078466504846,2285,-21.4272732751229,988124,40.5043640136719
557,834.636673731568,2500,40.2291410043399,990624,39.7385559082031
558,884.406731660267,2500,192.824532387689,993124,39.7385559082031
559,1175.69246290605,2500,243.293829612842,995624,39.7385559082031
560,1202.99645467328,2500,389.337487761833,998124,39.7385559082031
561,1377.54437017214,2500,556.779571316467,1000624,39.7385559082031
562,1321.33528357828,2500,633.933881276003,1003124,39.7385559082031
563,186.14181620628,873,759.712168960144,1003997,39.7385559082031
564,972.522614628455,2500,776.440333717062,1006497,39.7385559082031
565,1179.02809477462,2500,931.438296883578,1008997,39.7385559082031
566,181.548086487877,751,931.585258881881,1009748,39.7385559082031
567,1115.1200099875,2500,959.633592507475,1012248,39.7385559082031
568,1316.39321890985,2500,1002.83224123243,1014748,39.7385559082031
569,859.804301819796,2500,971.243425123809,1017248,39.7385559082031
570,93.3973014057437,458,860.283509797055,1017706,39.7385559082031
571,187.547667801916,688,741.283839560033,1018394,39.7385559082031
572,998.963089622157,2500,709.046620164421,1020894,39.7385559082031
573,499.768203620193,2500,740.409258905812,1023394,39.7238006591797
574,1029.03746434678,2500,746.060743877645,1025894,39.7238006591797
575,955.823484248792,2500,723.740282825061,1028394,39.7238006591797
576,1023.95601049403,2500,807.981075225676,1030894,39.7238006591797
577,978.218869687696,2500,794.290961195695,1033394,39.7238006591797
578,1125.58530772675,2500,775.210170077385,1035894,39.7238006591797
579,1244.04573037629,2500,813.634312933035,1038394,39.7238006591797
580,1023.16395352658,2500,906.610978145118,1040894,39.7238006591797
581,1203.40053533544,2500,1008.19626489847,1043394,39.7238006591797
582,973.046413542559,2500,1005.60459729051,1045894,39.7238006591797
583,976.011535573181,1878,1053.22893048581,1047772,39.7238006591797
584,1046.06300670981,2500,1054.93148472211,1050272,39.7238006591797
585,1229.34410113357,2500,1082.28354641059,1052772,39.7238006591797
586,354.263336693791,2500,1015.31427903057,1055272,39.7238006591797
587,958.739149567195,2500,1013.36630701852,1057772,39.7238006591797
588,546.513573344188,2500,955.459133580262,1060272,39.7238006591797
589,1001.67084472606,2500,931.221645015238,1062772,39.7238006591797
590,1001.92055583069,2500,929.09730524565,1065272,39.7238006591797
591,1001.95253680901,2500,908.952505393007,1067772,39.7238006591797
592,1339.99579495902,2500,945.647443534652,1070272,39.7238006591797
593,1047.49019913009,2500,952.795309890343,1072772,39.7238006591797
594,1036.82128796286,2500,951.871138015648,1075272,39.7238006591797
595,1086.06521761295,2500,937.543249663585,1077772,39.7238006591797
596,1037.06241357044,2500,1005.82315735125,1080272,39.7238006591797
597,996.097469916119,2500,1009.55898938614,1082772,39.7238006591797
598,1088.88012560282,2500,1063.79564461201,1085272,39.7238006591797
599,1271.8601002079,2500,1090.81457016019,1087772,39.7238006591797
600,885.973209570202,2500,1079.21983553414,1090272,39.7238006591797
601,1159.48278247831,2500,1094.97286010107,1092772,39.4003028869629
602,1276.32890282795,2459,1088.60617088797,1095231,39.4003028869629
603,1110.46413238774,2500,1094.90356421373,1097731,39.4003028869629
604,1133.7958166744,2500,1104.60101708489,1100231,39.4003028869629
605,1297.38533776026,2500,1125.73302909962,1102731,39.4003028869629
606,1175.74467140076,2500,1139.60125488265,1105231,39.4003028869629
607,1122.92462295254,2500,1152.28397018629,1107731,39.4003028869629
608,1295.05446720327,2500,1172.90140434633,1110231,39.4003028869629
609,1143.56390234954,2500,1160.0717845605,1112731,39.4003028869629
610,1342.76349568896,2500,1205.75081317237,1115231,39.4003028869629
611,1182.11056018704,2500,1208.01359094325,1117731,39.4003028869629
612,1259.79284363352,2500,1206.3599850238,1120231,39.4003028869629
613,1107.82044384003,2500,1206.09561616903,1122731,39.4003028869629
614,1051.61714125402,2500,1197.87774862699,1125231,39.4003028869629
615,1036.38327737631,2500,1171.7775425886,1127731,39.4003028869629
616,1424.72775710262,2500,1196.67585115879,1130231,39.4003028869629
617,164.993452585858,523,1100.88273412212,1130754,39.4003028869629
618,1259.38214519191,2500,1097.31550192098,1133254,38.6878356933594
619,1286.0367811862,2500,1111.56278980465,1135754,38.6878356933594
620,1127.70489978584,2500,1090.05693021433,1138254,38.6878356933594
621,1167.50362435924,2500,1088.59623663155,1140754,38.6878356933594
622,1188.38114915908,2500,1081.45506718411,1143254,38.6878356933594
623,1324.07471704663,2500,1103.08049450477,1145754,38.6878356933594
624,1315.48898435995,2500,1129.46767881536,1148254,38.6878356933594
625,1157.53152671818,2500,1141.58250374955,1150754,38.6878356933594
626,1192.88520309723,2500,1118.39824834901,1153254,38.6878356933594
627,1276.4179732705,2500,1229.54070041748,1155754,38.6878356933594
628,1258.14731132383,2500,1229.41721703067,1158254,38.6878356933594
629,1230.32879875066,2500,1223.84641878711,1160754,38.6878356933594
630,1108.54644974017,2500,1221.93057378255,1163254,38.6878356933594
631,1168.28046657831,2500,1222.00825800445,1165754,38.6878356933594
632,1074.07782851322,2500,1210.57792593987,1168254,38.6878356933594
633,1278.07448678796,2500,1205.977902914,1170754,38.6878356933594
634,1297.53061310559,2500,1204.18206578857,1173254,38.6878356933594
635,1100.23609081481,2500,1198.45252219823,1175754,38.6878356933594
636,1202.87565797743,2500,1199.45156768625,1178254,38.6878356933594
637,1198.68594890876,2500,1191.67836525007,1180754,38.6878356933594
638,1248.99855330177,2500,1190.76348944787,1183254,38.6878356933594
639,1056.84304515402,2417,1173.4149140882,1185671,38.6878356933594
640,1329.08225662454,2500,1195.46849477664,1188171,38.6878356933594
641,1252.49301228763,2500,1203.88974934757,1190671,38.6878356933594
642,1354.59639258821,2500,1231.94160575507,1193171,38.6878356933594
643,1005.91758565215,2500,1204.72591564149,1195671,38.6878356933594
644,1264.26836989626,2500,1201.39969132056,1198171,38.6878356933594
645,1193.69198146478,2500,1210.74528038555,1200671,38.2076988220215
646,1268.63838056376,2500,1217.32155264419,1203171,38.2076988220215
647,1237.95813297493,2500,1221.24877105081,1205671,38.2076988220215
648,1280.9992565341,2500,1224.44884137404,1208171,38.2076988220215
649,1307.00218060847,2500,1249.46475491948,1210671,38.2076988220215
650,1207.74321774731,2500,1237.33085103176,1213171,38.2076988220215
651,1278.91892377627,2500,1239.97344218063,1215671,38.2076988220215
652,1278.03685613778,2500,1232.31748853558,1218171,38.2076988220215
653,1532.86023591875,2500,1285.01175356224,1220671,38.2076988220215
654,1217.06192035746,2500,1280.29110860836,1223171,38.2076988220215
655,1184.33510341879,2500,1279.35542080376,1225671,38.2076988220215
656,1164.59147636029,2500,1268.95073038342,1228171,38.2076988220215
657,1144.54519716389,2500,1259.60943680231,1230671,38.2076988220215
658,1197.84658377172,2500,1251.29416952607,1233171,38.2076988220215
659,1134.28915345186,2500,1234.02286681041,1235671,38.2076988220215
660,1204.95515782455,2500,1233.74406081814,1238171,38.2076988220215
661,1165.80846160125,2500,1222.43301460063,1240671,38.2076988220215
662,1219.29082572885,2500,1216.55841155974,1243171,39.1700706481934
663,1276.64118810469,2500,1190.93650677833,1245671,39.1700706481934
664,1197.36504975818,2500,1188.96681971841,1248171,39.1700706481934
665,1171.74541592239,2500,1187.70785096877,1250671,39.1700706481934
666,1223.90367425863,2500,1193.6390707586,1253171,39.1700706481934
667,1157.73782345715,2500,1194.95833338793,1255671,39.1700706481934
668,1297.2724512196,2500,1204.90092013272,1258171,39.1700706481934
669,1190.29801714881,2500,1210.50180650241,1260671,39.1700706481934
670,1164.67488452367,2500,1206.47377917232,1263171,39.1700706481934
671,1197.21072042806,2500,1209.614005055,1265671,39.1700706481934
672,1162.3816923016,2500,1203.92309171228,1268171,39.1700706481934
673,1182.00170959511,2500,1194.45914386132,1270671,39.1700706481934
674,1371.78467654999,2500,1211.9011065405,1273171,39.1700706481934
675,1222.8908959813,2500,1217.01565454639,1275671,39.1700706481934
676,1261.01267898842,2500,1220.72655501937,1278171,39.1700706481934
677,1247.48797733373,2500,1229.70157040703,1280671,39.1700706481934
678,1180.24159390058,2500,1217.99848467513,1283171,39.1700706481934
679,1126.11268107204,2500,1211.57995106745,1285671,39.1700706481934
680,1243.98987958694,2500,1219.51145057378,1288171,39.1700706481934
681,1216.27753180023,2500,1221.41813171099,1290671,39.1700706481934
682,1185.42275245465,2500,1223.7222377263,1293171,39.1700706481934
683,1201.51144511626,2500,1225.67321127841,1295671,39.1700706481934
684,1183.75384276853,2500,1206.87012790027,1298171,39.1700706481934
685,1176.73821572712,2500,1202.25485987485,1300671,39.1700706481934
686,1198.07845432451,2500,1195.96143740846,1303171,39.1700706481934
687,1231.69612043897,2500,1194.38225171898,1305671,39.1700706481934
688,1182.17342796561,2500,1194.57543512549,1308171,39.1700706481934
689,1348.93277277303,2500,1216.85744429559,1310671,38.3094940185547
690,1440.2314740993,2500,1236.48160374682,1313171,38.3094940185547
691,1229.58089576051,2500,1237.81194014285,1315671,38.3094940185547
692,1248.64927220055,2500,1244.13459211744,1318171,38.3094940185547
693,1563.2855783701,2500,1280.31200544282,1320671,38.3094940185547
694,1188.11235043659,2500,1280.74785620963,1323171,38.3094940185547
695,1318.05174053102,2500,1294.87920869002,1325671,38.3094940185547
696,1443.87294681838,2500,1319.45865793941,1328171,38.3094940185547
697,1206.32222852848,2500,1316.92126874836,1330671,38.3094940185547
698,1322.17104042725,2500,1330.92102999452,1333171,38.3094940185547
699,1293.17934915319,2500,1325.34568763254,1335671,38.3094940185547
700,1306.59326299312,2500,1311.98186652192,1338171,38.3094940185547
701,1119.72961375706,2500,1300.99673832157,1340671,38.3094940185547
702,1291.1073299863,2500,1305.24254410015,1343171,38.3094940185547
703,1222.22006817053,2500,1271.13599308019,1345671,38.3094940185547
704,1144.20548760036,2500,1266.74530679657,1348171,38.3094940185547
705,1827.36072102199,2500,1317.67620484566,1350671,38.3094940185547
706,1383.84026286062,2500,1311.67293644989,1353171,38.4795227050781
707,1303.28119061843,2500,1321.36883265888,1355671,38.4795227050781
708,1414.29247914538,2500,1330.5809765307,1358171,38.4795227050781
709,1422.52609427501,2500,1343.51565104288,1360671,38.4795227050781
710,1300.45231078686,2500,1342.90155582225,1363171,38.4795227050781
711,1409.79770374533,2500,1371.90836482108,1365671,38.4795227050781
712,1257.64046393352,2500,1368.5616782158,1368171,38.4795227050781
713,1557.17365289361,2500,1402.05703668811,1370671,38.4795227050781
714,1413.83130904215,2500,1429.01961883229,1373171,38.4795227050781
715,1366.48088832954,2500,1382.93163556304,1375671,38.4795227050781
716,1298.99245614307,2500,1374.44685489129,1378171,38.4795227050781
717,1379.63992710728,2500,1382.08272854017,1380671,38.4795227050781
718,1399.20160724769,2500,1380.57364135041,1383171,38.4795227050781
719,1439.81993573594,2500,1382.3030254965,1385671,38.4795227050781
720,1525.98613633786,2500,1404.8564080516,1388171,38.4795227050781
721,1392.35241662531,2500,1403.1118793396,1390671,38.4795227050781
722,1545.32842468492,2500,1431.88067541474,1393171,38.4795227050781
723,1280.36804081169,2500,1404.20011420654,1395671,38.4795227050781
724,1302.00967886288,2500,1393.01795118862,1398171,38.4795227050781
725,1419.8034478575,2500,1398.35020714141,1400671,38.4795227050781
726,1406.99388091054,2500,1409.15034961816,1403171,38.4795227050781
727,1283.30528677909,2500,1399.51688558534,1405671,38.4795227050781
728,1295.50839028289,2500,1389.14756388886,1408171,38.4795227050781
729,1518.01779664736,2500,1396.96734998,1410671,38.4795227050781
730,1399.8356088624,2500,1384.35229723246,1413171,38.4795227050781
731,1342.87847634314,2500,1379.40490320424,1415671,38.4795227050781
732,1306.22457223195,2500,1355.49451795894,1418171,38.4795227050781
733,1366.30983079705,2500,1364.08869695748,1420671,39.1272583007812
734,1094.18432863796,2500,1343.30616193499,1423171,39.1272583007812
735,1183.75384309565,2500,1319.7012014588,1425671,39.1272583007812
736,1291.92654736019,2500,1308.19446810377,1428171,39.1272583007812
737,1413.19987791689,2500,1321.18392721755,1430671,39.1272583007812
738,1423.36807939565,2500,1333.96989612882,1433171,39.1272583007812
739,1297.7992430271,2500,1311.9480407668,1435671,39.1272583007812
740,1311.39538306443,2500,1303.104018187,1438171,39.1272583007812
741,1482.50572440789,2500,1317.06674299348,1440671,39.1272583007812
742,1357.88616969731,2500,1322.23290274001,1443171,39.1272583007812
743,1183.86897038164,2500,1303.98881669847,1445671,39.1272583007812
744,1278.53014348429,2500,1322.42339818311,1448171,39.1272583007812
745,1137.29032042776,2500,1317.77704591632,1450671,39.1272583007812
746,1169.06281369366,2500,1305.49067254966,1453171,39.1272583007812
747,1340.95714076431,2500,1298.26639883441,1455671,39.1272583007812
748,1220.8717324312,2500,1278.01676413796,1458171,39.1272583007812
749,302.635286018727,2500,1178.50036843712,1460671,39.1272583007812
750,419.085007946768,2500,1089.26933092536,1463171,39.1719970703125
751,1530.02953891619,2500,1094.02171237619,1465671,39.1719970703125
752,1499.50642261868,2500,1108.18373766832,1468171,39.1719970703125
753,1509.76850073583,2500,1140.77369070374,1470671,39.1719970703125
754,1287.09965770842,2500,1141.63064212615,1473171,39.1719970703125
755,1580.36544375728,2500,1185.93815445911,1475671,39.1719970703125
756,1597.72071418533,2500,1228.80394450827,1478171,39.1719970703125
757,1342.34050835503,2500,1228.94228126735,1480671,39.1719970703125
758,1021.33817943927,2500,1208.98892596815,1483171,39.1719970703125
759,1535.26820766975,2500,1332.25221813326,1485671,39.1719970703125
760,1772.2545910159,2500,1467.56917644017,1488171,39.1719970703125
761,386.288253108245,2500,1353.19504785937,1490671,39.1719970703125
762,1448.16295957047,2500,1348.06070155455,1493171,39.1719970703125
763,1610.19917707582,2500,1358.10376918855,1495671,39.1719970703125
764,1270.15279465159,2500,1356.40908288287,1498171,39.1719970703125
765,1193.48610242811,2500,1317.72114874995,1500671,39.1719970703125
766,1336.19903857745,2500,1291.56898118916,1503171,39.1719970703125
767,1720.51220812865,2500,1329.38615116653,1505671,39.1719970703125
768,1446.69254154122,2500,1371.92158737672,1508171,39.1719970703125
769,1624.66292679707,2500,1380.86105928945,1510671,39.1719970703125
770,1704.66787782623,2500,1374.10238797049,1513171,39.1719970703125
771,1705.27618525333,2500,1506.001181185,1515671,39.1719970703125
772,1234.67071609619,2500,1484.65195683757,1518171,39.1719970703125
773,1576.63178114366,2500,1481.29521724435,1520671,39.1719970703125
774,1792.46819672224,2500,1533.52675745142,1523171,39.1719970703125
775,1334.90912016714,2500,1547.66905922532,1525671,39.1719970703125
776,1467.27911121333,2500,1560.77706648891,1528171,39.1719970703125
777,1617.34168243543,2500,1550.46001391959,1530671,37.8395614624023
778,1753.61214921058,2500,1581.15197468652,1533171,37.8395614624023
779,1011.51750162249,2500,1519.83743216906,1535671,37.8395614624023
780,1818.51831076895,2500,1531.22247546334,1538171,37.8395614624023
781,1747.62001453998,2500,1535.456858392,1540671,37.8395614624023
782,1789.77757967013,2500,1590.96754474939,1543171,37.8395614624023
783,140.264270291422,2500,1447.33079366417,1545671,37.8395614624023
784,1599.44463624384,2500,1428.02843761633,1548171,37.8395614624023
785,1460.98397082179,2500,1440.6359226818,1550671,37.8395614624023
786,1763.29740101059,2500,1470.23775166152,1553171,37.8395614624023
787,1702.77570517477,2500,1478.78115393545,1555671,37.8395614624023
788,1772.32363298656,2500,1480.65230231305,1558171,37.8395614624023
789,1399.53099731609,2500,1519.45365188241,1560671,37.8395614624023
790,1402.2416448163,2500,1477.82598528715,1563171,37.8395614624023
791,1518.48014250228,2500,1454.91199808338,1565671,37.8395614624023
792,1005.62977426015,2500,1376.49721754238,1568171,37.8395614624023
793,382.582749132911,2500,1400.72906542653,1570671,37.8395614624023
794,1376.11713322339,2500,1378.39631512448,1573171,37.8227424621582
795,1464.67556758462,2500,1378.76547480077,1575671,37.8227424621582
796,1110.33891914519,2500,1313.46962661423,1578171,37.8227424621582
797,1575.14380062959,2500,1300.70643615971,1580671,37.8227424621582
798,1226.51622309543,2500,1246.12569517059,1583171,37.8227424621582
799,1473.59596346498,2500,1253.53219178548,1585671,37.8227424621582
800,1685.05137894902,2500,1281.81316519875,1588171,37.8227424621582
801,1278.15393249093,2500,1257.78054419762,1590671,37.8227424621582
802,1480.28533047363,2500,1305.24609981897,1593171,37.8227424621582
803,1430.66918179744,2500,1410.05474308542,1595671,37.8227424621582
804,1236.42530051495,2500,1396.08555981458,1598171,37.8227424621582
805,1545.06549117658,2500,1404.12455217377,1600671,37.8227424621582
806,1553.41544250575,2500,1448.43220450983,1603171,37.8227424621582
807,1178.73338191583,2500,1408.79116263845,1605671,37.8227424621582
808,1620.147162712,2500,1448.15425660011,1608171,37.8227424621582
809,1491.05519656768,2500,1449.90017991038,1610671,37.8227424621582
810,1366.38836541449,2500,1418.03387855693,1613171,37.8227424621582
811,1506.56550767945,2500,1440.87503607578,1615671,37.8227424621582
812,1554.39357980712,2500,1448.28586100913,1618171,37.8227424621582
813,1407.70041072964,2500,1445.98898390235,1620671,37.8227424621582
814,1679.29167810443,2500,1490.2756216613,1623171,37.8227424621582
815,1615.8974071323,2500,1497.35881325687,1625671,37.8227424621582
816,1346.03033212503,2500,1476.6203022188,1628171,37.8227424621582
817,1651.51519380099,2500,1523.89848340731,1630671,37.8227424621582
818,1414.43107145683,2500,1503.3268742818,1633171,37.8227424621582
819,1422.1881451867,2500,1496.4401691437,1635671,37.8227424621582
820,1378.67213280251,2500,1497.6685458825,1638171,37.8227424621582
821,1770.61074011775,2500,1524.07306912633,1640671,37.4322776794434
822,1423.91450191865,2500,1511.02516133748,1643171,37.4322776794434
823,1597.35186348979,2500,1529.9903066135,1645671,37.4322776794434
824,1107.88919205428,2500,1472.85005800848,1648171,37.4322776794434
825,719.107536579373,2500,1383.17107095319,1650671,37.4322776794434
826,1645.61088699566,2500,1413.12912644025,1653171,37.4322776794434
827,1433.26207099716,2500,1391.30381415987,1655671,37.4322776794434
828,1322.26709054394,2500,1382.08741606858,1658171,37.4322776794434
829,1550.28842635232,2500,1394.89744418514,1660671,37.4322776794434
830,1550.58783036655,2500,1412.08901394155,1663171,37.4322776794434
831,1511.35581298996,2500,1386.16352122877,1665671,37.4322776794434
832,1449.06375422602,2500,1388.67844645951,1668171,37.4322776794434
833,1582.18373129682,2500,1387.16163324021,1670671,37.4322776794434
834,1562.27206107459,2500,1432.59992014224,1673171,37.4322776794434
835,1498.15101297721,2500,1510.50426778202,1675671,37.4322776794434
836,1203.15768313626,2500,1466.25894739608,1678171,37.4322776794434
837,1531.52432667198,2500,1476.08517296357,1680671,37.4322776794434
838,1442.35506601663,2500,1488.09397051083,1683171,36.9882392883301
839,1567.08854236878,2500,1489.77398211248,1685671,36.9882392883301
840,1684.34594343826,2500,1503.14979341965,1688171,36.9882392883301
841,1339.99693701555,2500,1486.01390582221,1690671,36.9882392883301
842,1564.77446897148,2500,1497.58497729676,1693171,36.9882392883301
843,1507.98867779805,2500,1490.16547194688,1695671,36.9882392883301
844,1455.93947452507,2500,1479.53221329193,1698171,36.9882392883301
845,1668.66957422823,2500,1496.58406941703,1700671,36.9882392883301
846,911.252182112066,2500,1467.39351931461,1703171,36.9882392883301
847,1418.24484883001,2500,1456.06557153041,1705671,36.9882392883301
848,1670.59803281313,2500,1478.88986821006,1708171,36.9882392883301
849,1514.28170780549,2500,1473.60918475373,1710671,36.9882392883301
850,1312.7014845897,2500,1436.44473886888,1713171,36.9882392883301
851,1678.85043752411,2500,1470.33008891974,1715671,36.9882392883301
852,1665.8531255196,2500,1480.43795457455,1718171,36.9882392883301
853,1092.41686069536,2500,1438.88077286428,1720671,36.9882392883301
854,1577.80090312528,2500,1451.0669157243,1723171,36.9882392883301
855,1753.53077180749,2500,1459.55303548222,1725671,36.9882392883301
856,1481.91604344172,2500,1516.61942161519,1728171,36.9882392883301
857,1577.18459681144,2500,1532.51339641333,1730671,36.9882392883301
858,1538.20493373637,2500,1519.27408650566,1733171,36.9882392883301
859,1561.25165365092,2500,1523.9710810902,1735671,36.9882392883301
860,1211.22306971108,2500,1513.82323960234,1738171,36.9882392883301
861,1431.44779861899,2500,1489.08297571182,1740671,36.9882392883301
862,1536.04398078015,2500,1476.10206123788,1743171,36.9882392883301
863,1425.78701121879,2500,1509.43907629022,1745671,36.9882392883301
864,1239.85346178844,2500,1475.64433215654,1748171,36.9882392883301
865,1599.25971162353,2500,1460.21722613814,1750671,37.3906860351562
866,1513.51197731501,2500,1463.37681952547,1753171,37.3906860351562
867,1634.40162744638,2500,1469.09852258897,1755671,37.3906860351562
868,1669.3056469821,2500,1482.20859391354,1758171,37.3906860351562
869,1587.79892028974,2500,1484.86332057742,1760671,37.3906860351562
870,1707.17004219675,2500,1534.45801782599,1763171,37.3906860351562
871,1635.89375315337,2500,1554.90261327943,1765671,37.3906860351562
872,1603.62339466003,2500,1561.66055466741,1768171,37.3906860351562
873,641.851933601102,2500,1483.26704690564,1770671,37.3906860351562
874,1564.19311380444,2500,1515.70101210724,1773171,37.3906860351562
875,1546.47963180399,2500,1510.42300412529,1775671,37.3906860351562
876,1328.62633485086,2500,1491.93443987888,1778171,37.3906860351562
877,1656.58848185644,2500,1494.15312531988,1780671,37.3906860351562
878,1755.24954807777,2500,1502.74751542945,1783171,37.3906860351562
879,1475.32249570144,2500,1491.49987297062,1785671,37.3906860351562
880,1450.58382347504,2500,1465.84125109845,1788171,37.3906860351562
881,1588.67943804795,2500,1461.11981958791,1790671,37.3906860351562
882,1288.82980664909,2500,1429.64046078681,1793171,37.1827011108398
883,1062.241684405,2500,1471.6794358672,1795671,37.1827011108398
884,1473.91856253105,2500,1462.65198073986,1798171,37.1827011108398
885,1678.48722478129,2500,1475.85274003759,1800671,37.1827011108398
886,1523.22466613407,2500,1495.31257316592,1803171,37.1827011108398
887,1648.25809780708,2500,1494.47953476098,1805671,37.1827011108398
888,1562.16027831616,2500,1475.17060778482,1808171,37.1827011108398
889,1608.66768100949,2500,1488.50512631562,1810671,37.1827011108398
890,1488.23328162952,2500,1492.27007213107,1813171,37.1827011108398
891,1515.52125196481,2500,1484.95425352276,1815671,37.1827011108398
892,1594.06790199354,2500,1515.4780630572,1818171,37.1827011108398
893,1456.02247108808,2500,1554.85614172551,1820671,37.1827011108398
894,1483.39730906996,2500,1555.8040163794,1823171,37.1827011108398
895,1499.20709405764,2500,1537.87600330703,1825671,37.1827011108398
896,1621.12564331874,2500,1547.6661010255,1828171,37.1827011108398
897,1195.99584482225,2500,1502.43987572702,1830671,37.1827011108398
898,1482.08925476961,2500,1494.43277337236,1833171,37.1827011108398
899,1427.32142489788,2500,1476.2981477612,1835671,37.1827011108398
900,1565.35043788048,2500,1484.0098633863,1838171,37.1827011108398
901,1476.7524233342,2500,1480.13298052324,1840671,37.1827011108398
902,1642.40837799451,2500,1484.96702812333,1843171,37.1827011108398
903,1569.11746508708,2500,1496.27652752323,1845671,37.1827011108398
904,1501.71401189052,2500,1498.10819780529,1848171,37.1827011108398
905,1425.44241827514,2500,1490.73173022704,1850671,37.1827011108398
906,1437.56107292313,2500,1472.37527318748,1853171,37.1827011108398
907,1496.55011428223,2500,1502.43070013348,1855671,37.1827011108398
908,1523.69547413985,2500,1506.5913220705,1858171,37.1827011108398
909,1124.06891523402,2500,1476.26607110412,1860671,37.8271179199219
910,1674.67102453303,2500,1487.19812976937,1863171,37.8271179199219
911,1475.51583218239,2500,1487.07447065419,1865671,37.8271179199219
912,857.916585172038,2500,1408.62529137194,1868171,37.8271179199219
913,812.320151064789,2500,1332.94555996971,1870671,37.8271179199219
914,686.256658527384,2500,1251.3998246334,1873171,37.8271179199219
915,1596.41677544289,2500,1268.49726035018,1875671,37.8271179199219
916,674.262551775996,2500,1192.16740823546,1878171,37.8271179199219
917,1002.38957230869,2500,1142.75135403811,1880671,37.8271179199219
918,1313.17948267135,2500,1121.69975489126,1883171,37.8271179199219
919,676.254554592599,2500,1076.91831882712,1885671,37.8271179199219
920,1329.10836889198,2500,1042.36205326301,1888171,37.8271179199219
921,1040.5920652112,2500,998.869676565892,1890671,37.8271179199219
922,1595.84002506998,2500,1072.66202055569,1893171,37.8271179199219
923,772.857170749538,2500,1068.71572252416,1895671,37.8271179199219
924,687.189091147877,2500,1068.80896578621,1898171,37.8271179199219
925,786.583010619531,2500,987.825589303874,1900671,37.8271179199219
926,1545.83812034853,2500,1074.98314616113,1903171,37.3683242797852
927,780.704713038673,2500,1052.81466023413,1905671,37.3683242797852
928,379.477951851038,2500,959.444507152094,1908171,37.3683242797852
929,1609.79261655917,2500,1052.79831334875,1910671,37.3683242797852
930,1207.93916706533,2500,1040.68139316609,1913171,37.3683242797852
931,1191.88155576145,2500,1055.81034222111,1915671,37.3683242797852
932,752.782529871411,2500,971.504592701254,1918171,37.3683242797852
933,768.109991555251,2500,971.029874781825,1920671,37.3683242797852
934,1504.46449720282,2500,1052.75741538732,1923171,37.3683242797852
935,1549.71386900143,2500,1129.07050122551,1925671,37.3683242797852
936,1662.3979443125,2500,1140.72648362191,1928171,37.3683242797852
937,730.542364346123,2500,1135.71024875265,1930671,37.3683242797852
938,539.43725438402,2500,1151.70617900595,1933171,37.3683242797852
939,1604.72364744325,2500,1151.19928209436,1935671,37.3683242797852
940,1597.61616894873,2500,1190.1669822827,1938171,37.3683242797852
941,552.574139323057,2500,1126.23624063886,1940671,37.3683242797852
942,508.522927317109,2500,1101.81028038343,1943171,37.3683242797852
943,1511.24575005343,2500,1176.12385623325,1945671,37.3683242797852
944,1591.36115869151,2500,1184.81352238211,1948171,37.3683242797852
945,626.513234574692,2500,1092.49345893944,1950671,37.3683242797852
946,1078.88757295736,2500,1034.14242180393,1953171,37.3683242797852
947,433.708489801782,2500,1004.45903434949,1955671,37.3683242797852
948,566.154467503376,2500,1007.13075566143,1958171,37.3683242797852
949,1497.24447162148,2500,996.382838079251,1960671,37.3683242797852
950,718.893420884946,2500,908.510563272873,1963171,37.3683242797852
951,864.797068912649,2500,939.732856231833,1965671,37.3683242797852
952,558.368782404187,2500,944.71744174054,1968171,37.3683242797852
953,1589.09729692382,2500,952.50259642758,1970671,38.439266204834
954,1273.55048138928,2500,920.721528697358,1973171,38.439266204834
955,1576.25312021476,2500,1015.69551726136,1975671,38.439266204834
956,1265.50574450463,2500,1034.35733441609,1978171,38.439266204834
957,1469.48616815746,2500,1137.93510225166,1980671,38.439266204834
958,1605.70085257117,2500,1241.88974075844,1983171,38.439266204834
959,1097.14718618743,2500,1201.88001221503,1985671,38.439266204834
960,1679.70889129614,2500,1297.96155925615,1988171,38.439266204834
961,1254.46614753521,2500,1336.92846711841,1990671,38.439266204834
962,1403.73710254023,2500,1421.46529913201,1993171,38.439266204834
963,882.089239506278,2500,1350.76449339026,1995671,38.439266204834
964,1064.06292901804,2500,1329.81573815313,1998171,38.439266204834
965,918.102976762664,2500,1264.00072380792,2000671,38.439266204834
966,1429.00647166286,2500,1280.35079652375,2003171,38.439266204834
967,930.069350846371,2500,1226.40911479264,2005671,38.439266204834
968,1276.6841069092,2500,1193.50744022644,2008171,38.439266204834
969,685.490749472107,2500,1152.34179655491,2010671,38.439266204834
970,1660.12427246098,2500,1150.38333467139,2013171,37.5542526245117
971,956.909351963739,2454,1120.62765511425,2015625,37.5542526245117
972,1394.94559984136,2500,1119.74850484436,2018125,37.5542526245117
973,666.215084174596,2500,1098.16108931119,2020625,37.5542526245117
974,931.739986670361,2500,1084.92879507642,2023125,37.5542526245117
975,1697.12003831922,2500,1162.83050123208,2025625,37.5542526245117
976,1442.04203476525,2500,1164.13405754232,2028125,37.5542526245117
977,1502.0473947175,2500,1221.33186192943,2030625,37.5542526245117
978,1720.03446361627,2500,1265.66689760014,2033125,37.5542526245117
979,910.088355919625,2500,1288.12665824489,2035625,37.5542526245117
980,1311.29466194961,2500,1253.24369719375,2038125,37.5542526245117
981,1787.87957456555,2500,1336.34071945393,2040625,37.5542526245117
982,1542.39347698081,2500,1351.08550716788,2043125,37.5542526245117
983,1452.78355973749,2500,1429.74235472417,2045625,37.5542526245117
984,795.780337715389,2500,1416.14638982867,2048125,37.5542526245117
985,1566.56768857834,2500,1403.09115485458,2050625,37.5542526245117
986,1038.08464704902,2500,1362.69541608296,2053125,37.5542526245117
987,1380.35398167528,2500,1350.52607477874,2055625,37.5542526245117
988,1236.73095811361,2500,1302.19572422847,2058125,37.5542526245117
989,688.937725283213,2500,1280.08066116483,2060625,37.5542526245117
990,1497.12137028319,2500,1298.66333199819,2063125,37.5542526245117
991,378.979791604042,823,1157.77335370204,2063948,37.5542526245117
992,1054.27458648712,2500,1108.96146465267,2066448,37.5542526245117
993,1313.77901011195,2500,1095.06100969012,2068948,37.5542526245117
994,1683.6191087921,2500,1183.84488679779,2071448,37.5542526245117
995,1327.09851044471,2500,1159.89796898442,2073948,37.5542526245117
996,1667.99464436883,2500,1222.8889687164,2076448,37.5542526245117
997,1238.16699457798,2500,1208.67027000667,2078948,38.4449615478516
998,1567.92686582878,2500,1241.78986077819,2081448,38.4449615478516
999,1479.76150479148,2500,1320.87223872902,2083948,38.4449615478516
1000,655.47509584143,2500,1236.70761128484,2086448,38.4449615478516
1001,1471.68663889128,2500,1345.97829601356,2088948,38.4449615478516
1002,848.304945510607,2500,1325.38133191591,2091448,38.4449615478516
1003,1717.88815396225,2500,1365.79224630094,2093948,38.4449615478516
1004,675.677245098476,2500,1264.99805993158,2096448,38.4449615478516
1005,1464.43378408004,2500,1278.73158729511,2098948,38.4449615478516
1006,1262.60793944958,2500,1238.19291680319,2101448,38.4449615478516
1007,1405.94050183736,2500,1254.97026752913,2103948,38.4449615478516
1008,1389.04185907771,2500,1237.08176685402,2106448,38.4449615478516
1009,1212.12178245375,2500,1210.31779462025,2108948,38.4449615478516
1010,1518.46364478793,2500,1296.6166495149,2111448,38.4449615478516
1011,544.418597364896,2500,1203.88984536226,2113948,38.4449615478516
1012,1624.03643809215,2500,1281.46299462041,2116448,38.4449615478516
1013,1424.11768697479,2500,1252.08594792167,2118948,38.4449615478516
1014,198.515476329413,391,1204.36977104476,2119339,38.4449615478516
1015,326.764400967582,2500,1090.60283273352,2121839,37.3154830932617
1016,1328.63005514518,2500,1097.20504430308,2124339,37.3154830932617
1017,486.490452432685,2500,1005.26003936261,2126839,37.3154830932617
1018,368.144189134197,2500,903.170272368256,2129339,37.3154830932617
1019,1544.35044040694,2500,936.393138163575,2131839,37.3154830932617
1020,1003.60458873955,2500,884.907232558737,2134339,37.3154830932617
1021,666.270030169563,2500,897.092375839203,2136839,37.3154830932617
1022,1647.61933737327,2500,899.450665767316,2139339,37.3154830932617
1023,801.896685462842,2500,837.228565616121,2141839,37.3154830932617
1024,238.339660619454,2500,841.210984045125,2144339,37.3154830932617
1025,428.709135833239,2500,851.405457531691,2146839,37.3154830932617
1026,709.341821116638,2500,789.476634128837,2149339,37.3154830932617
1027,302.087232224072,2500,771.036312107976,2151839,37.3154830932617
1028,1054.79322936566,2500,839.701216131122,2154339,37.3154830932617
1029,424.21826826594,2500,727.687998917023,2156839,37.3154830932617
1030,362.466395966788,2500,663.574179639747,2159339,37.3154830932617
1031,278.666978889997,503,624.81387451179,2159842,37.3154830932617
1032,408.309351897775,2500,500.882875964241,2162342,37.3154830932617
1033,1324.1332213304,2500,553.106529550996,2164842,37.3154830932617
1034,272.645985626549,2500,556.537162051706,2167342,37.3154830932617
1035,611.939058311232,922,574.860154299505,2168264,37.3154830932617
1036,483.595138549456,2500,552.285486042787,2170764,37.3154830932617
1037,932.340492674225,2500,615.310812087802,2173264,37.3154830932617
1038,291.163047059782,578,538.947793857214,2173842,37.3154830932617
1039,251.903513755859,2500,521.716318406206,2176342,37.3154830932617
1040,169.770415169838,2500,502.446720326511,2178842,37.3154830932617
1041,1703.47185679423,2500,644.927208116935,2181342,38.1809616088867
1042,1544.53731638595,2500,758.550004565752,2183842,38.1809616088867
1043,1298.94861072889,2500,756.031543505602,2186342,38.1809616088867
1044,1587.39931027948,2500,887.506875970895,2188842,38.1809616088867
1045,1162.50379275303,2500,942.563349415075,2191342,38.1809616088867
1046,1453.52810736056,2500,1039.55664629619,2193842,38.1809616088867
1047,1322.21928542175,2500,1078.54452557094,2196342,38.1809616088867
1048,1577.96964519675,2500,1207.22518538463,2198842,38.1809616088867
1049,1512.05592573022,2500,1333.24042658207,2201342,38.1809616088867
1050,1335.18922085384,2500,1449.78230715047,2203842,38.1809616088867
1051,1555.90939478923,2500,1435.02606094997,2206342,38.1809616088867
1052,1615.57187163257,2500,1442.12951647463,2208842,38.1809616088867
1053,1447.60045635984,2500,1456.99470103773,2211342,38.1809616088867
1054,1702.10815701766,2500,1468.46558571154,2213842,38.1809616088867
1055,1441.42244159312,2500,1496.35745059555,2216342,38.1809616088867
1056,1093.18926912479,2500,1460.32356677198,2218842,38.1809616088867
1057,833.133661214845,2500,1411.41500435129,2221342,38.1809616088867
1058,1283.37658148315,2500,1381.95569797993,2223842,38.1809616088867
1059,526.858105635895,875,1283.43591597049,2224717,38.1809616088867
1060,240.743795660921,2500,1173.9913734512,2227217,37.2615585327148
1061,911.178967939141,2500,1109.51833076619,2229717,37.2615585327148
1062,834.145960760537,1680,1031.37573967899,2231397,37.2615585327148
1063,1343.48100393818,2500,1020.96379443682,2233897,37.2615585327148
1064,602.991532258631,1522,911.052131960921,2235419,37.2615585327148
1065,228.184094207387,391,789.728297222348,2235810,37.2615585327148
1066,453.254191038279,2500,725.734789413697,2238310,37.2615585327148
1067,317.929851459734,736,674.214408438186,2239046,37.2615585327148
1068,1300.33806306012,2500,675.910556595883,2241546,37.2615585327148
1069,286.283317592831,2500,651.853077791577,2244046,37.2615585327148
1070,374.91079518665,2500,665.26977774415,2246546,37.2615585327148
1071,120.564697392746,2500,586.20835068951,2249046,37.2615585327148
1072,654.631598165816,2500,568.256914430038,2251546,37.2615585327148
1073,1344.00550211947,2500,568.309364248167,2254046,37.2615585327148
1074,877.496241039698,2500,595.759835126274,2256546,37.2615585327148
1075,251.185241554691,555,598.059949861004,2257101,37.2615585327148
1076,1192.61358548469,2500,671.995889305646,2259601,37.2615585327148
1077,619.918175378976,2500,702.19472169757,2262101,37.2615585327148
1078,458.31995222429,919,617.992910613986,2263020,37.2615585327148
1079,455.957030741095,2500,634.960281928813,2265520,37.2615585327148
1080,216.699039378912,2500,619.139106348039,2268020,37.2615585327148
1081,599.394430234468,2500,667.022079632211,2270520,37.2615585327148
1082,806.553987298047,2500,682.214318545434,2273020,37.2615585327148
1083,974.170629226698,2500,645.230831256157,2275520,37.2615585327148
1084,473.551038534421,893,604.836311005629,2276413,37.2615585327148
1085,1278.41386661833,2500,707.559173511993,2278913,37.6136665344238
1086,766.964376844878,1338,664.994252648012,2280251,37.6136665344238
1087,1343.68903653154,2500,737.371338763268,2282751,37.6136665344238
1088,1473.75145852606,2500,838.914489393445,2285251,37.6136665344238
1089,1117.65610322847,2348,905.084396642183,2287599,37.6136665344238
1090,1511.98489442045,2500,1034.61298214634,2290099,37.6136665344238
1091,846.198711462531,1785,1059.29341026914,2291884,37.6136665344238
1092,1280.89927029854,2500,1106.72793856919,2294384,37.6136665344238
1093,1652.62655325027,2500,1174.57353097155,2296884,37.6136665344238
1094,267.438542127084,466,1153.96228133082,2297350,37.6136665344238
1095,1329.44121752172,2500,1159.06501642116,2299850,37.6136665344238
1096,1035.78791901806,2060,1185.94737063847,2301910,37.6136665344238
1097,1110.03166056926,2500,1162.58163304225,2304410,37.6136665344238
1098,1208.08698759943,2500,1136.01518594958,2306910,37.6136665344238
1099,1268.7550049648,2500,1151.12507612322,2309410,37.6136665344238
1100,844.46528996275,1652,1084.37311567745,2311062,37.6136665344238
1101,1352.13534933826,2500,1134.96677946502,2313562,37.6136665344238
1102,1438.35029622262,2500,1150.71188205743,2316062,37.6136665344238
1103,810.70432226727,1850,1066.51965895913,2317912,37.6136665344238
1104,1361.30269976279,2500,1175.9060747227,2320412,37.6232223510742
1105,409.628866572613,864,1083.92483962779,2321276,37.6232223510742
1106,1339.97072919521,2500,1114.3431206455,2323776,37.6232223510742
1107,422.208214684743,815,1045.56077605705,2324591,37.6232223510742
1108,1389.57714073724,2500,1063.70979137083,2327091,37.6232223510742
1109,1399.43935257157,2500,1076.77822613151,2329591,37.6232223510742
1110,1446.54296398586,2500,1136.98599353382,2332091,37.6232223510742
1111,1215.66165042611,2500,1123.3386236426,2334591,37.6232223510742
1112,1146.9894540043,2147,1094.20253942077,2336738,37.6232223510742
1113,969.531883617971,2500,1110.08529555584,2339238,37.6232223510742
1114,1180.63131685288,2500,1092.01815726485,2341738,37.6232223510742
1115,1235.67603759192,2500,1174.62287436678,2344238,37.6232223510742
1116,1196.38196666663,2227,1160.26399811392,2346465,37.6232223510742
1117,1266.3549985705,2500,1244.6786765025,2348965,37.6232223510742
1118,1317.30881367452,2500,1237.45184379623,2351465,37.6232223510742
1119,1009.15028196301,1975,1198.42293673537,2353440,37.6232223510742
1120,1662.75505167656,2500,1220.04414550444,2355940,37.6232223510742
1121,1247.52196283751,2500,1223.23017674558,2358440,37.6232223510742
1122,187.183075336218,372,1127.24953887877,2358812,37.6232223510742
1123,984.628905465205,2230,1128.7592410635,2361042,37.6232223510742
1124,1206.26572591205,2500,1131.32268196941,2363542,37.6232223510742
1125,1334.51682106061,2500,1141.20676031628,2366042,37.6232223510742
1126,1324.70720673805,2500,1154.03928432342,2368542,37.6232223510742
1127,1407.78143296983,2500,1168.18192776336,2371042,37.6232223510742
1128,1116.27641644606,2500,1148.07868804051,2373542,37.6232223510742
1129,1287.75460980061,2500,1175.93912082427,2376042,38.5934638977051
1130,1267.72998920546,2500,1136.43661457716,2378542,38.5934638977051
1131,1294.4359090074,2500,1141.12800919415,2381042,38.5934638977051
1132,1190.83824404667,2500,1241.49352606519,2383542,38.5934638977051
1133,1220.14388226922,2500,1265.0450237456,2386042,38.5934638977051
1134,1272.94332397992,2500,1271.71278355238,2388542,38.5934638977051
1135,1257.31363572523,2500,1263.99246501885,2391042,38.5934638977051
1136,1289.07412045715,2500,1260.42915639076,2393542,38.5934638977051
1137,1298.22308490964,2500,1249.47332158474,2396042,38.5934638977051
1138,1284.34965059537,2500,1266.28064499967,2398542,38.5934638977051
1139,1249.31834935176,2500,1262.43701895478,2401042,38.5934638977051
1140,1299.45208979952,2500,1265.60922901419,2403542,38.5934638977051
1141,1236.91472706437,2500,1259.85711081989,2406042,38.5934638977051
1142,1181.20081055464,2500,1258.89336747068,2408542,38.5934638977051
1143,1257.34307438097,2500,1262.61328668186,2411042,38.5934638977051
1144,465.15263964955,885,1181.83421824882,2411927,38.5934638977051
1145,1216.36175775152,2500,1177.73903045145,2414427,38.5934638977051
1146,1320.48247912178,2500,1180.87986631791,2416927,38.5934638977051
1147,1180.17261665375,2500,1169.07481949232,2419427,38.5934638977051
1148,412.905236781151,807,1081.9303781109,2420234,38.5934638977051
1149,1198.572399988,2500,1076.85578317452,2422734,37.8966293334961
1150,163.429057038446,360,963.253479898417,2423094,37.8966293334961
1151,1216.31726337394,2500,961.193733529374,2425594,37.8966293334961
1152,1184.88294340276,2492,961.561946814187,2428086,37.8966293334961
1153,1170.71871438038,2500,952.899510814128,2430586,37.8966293334961
1154,950.713677005333,1964,1001.45561454971,2432550,37.8966293334961
1155,921.361932022932,1868,971.955631976848,2434418,37.8966293334961
1156,975.338350029273,2059,937.441219067598,2436477,37.8966293334961
1157,1167.81320795668,2500,936.20527819789,2438977,37.8966293334961
1158,725.689770886422,1492,967.483731608417,2440469,37.8966293334961
1159,1189.40578259986,2500,966.567069869604,2442969,37.8966293334961
1160,529.939148300949,1090,1003.21807899585,2444059,37.8966293334961
1161,1256.15674048295,2500,1007.20202670675,2446559,37.8966293334961
1162,1184.12014342324,2500,1007.1257467088,2449059,37.8966293334961
1163,1220.34651834406,2500,1012.08852710517,2451559,37.8966293334961
1164,1047.22487888232,2153,1021.73964729287,2453712,37.8966293334961
1165,155.485458412452,309,945.15199993182,2454021,37.8966293334961
1166,916.2875486403,1829,939.246919792923,2455850,37.8966293334961
1167,865.286618215008,1919,908.994260818756,2457769,37.8966293334961
1168,784.279143812128,1644,914.853198111327,2459413,37.8966293334961
1169,386.627897346255,656,834.575409585966,2460069,37.8966293334961
1170,1221.66181485227,2500,903.747676241098,2462569,37.8966293334961
1171,799.031984569867,1677,858.03520064979,2464246,37.8966293334961
1172,272.801305890248,770,766.90331689649,2465016,37.8966293334961
1173,1221.01319655781,2500,766.969984717865,2467516,37.2978897094727
1174,1125.0453859066,2402,774.752035420294,2469918,37.2978897094727
1175,867.109201733334,1742,845.914409752382,2471660,37.2978897094727
1176,1232.19666268985,2500,877.505321157337,2474160,37.2978897094727
1177,1259.45218450322,2500,916.921877786159,2476660,37.2978897094727
1178,1281.06296240774,2500,966.60025964572,2479160,37.2978897094727
1179,1183.27288630877,2500,1046.26475854197,2481660,37.2978897094727
1180,514.955588793014,1083,975.594135936047,2482743,37.2978897094727
1181,1181.04826535878,2500,1013.79576401494,2485243,37.2978897094727
1182,421.501027247365,879,1028.66573615065,2486122,37.2978897094727
1183,1227.94669852242,2500,1029.35908634711,2488622,37.2978897094727
1184,1220.56751404982,2500,1038.91129916143,2491122,37.2978897094727
1185,1226.18805105926,2500,1074.81918409402,2493622,37.2978897094727
1186,1215.04383131322,2497,1073.10390095636,2496119,37.2978897094727
1187,1211.31484967188,2500,1068.29016747323,2498619,37.2978897094727
1188,1190.41123879928,2500,1059.22499511238,2501119,37.2978897094727
1189,1170.60575684875,2500,1057.95828216638,2503619,37.2978897094727
1190,1245.31138222257,2500,1130.99386150934,2506119,37.2978897094727
1191,1241.45138208053,2500,1137.03417318151,2508619,37.2978897094727
1192,1245.11393808998,2500,1219.39546426577,2511119,37.2978897094727
1193,1207.05290839484,2500,1217.30608525301,2513619,38.0485877990723
1194,1228.55754265165,2500,1218.1050881132,2516119,38.0485877990723
1195,1211.95546501313,2500,1216.68182950858,2518619,38.0485877990723
1196,1229.88055040588,2500,1218.16550141785,2521119,38.0485877990723
1197,1213.61167548893,2500,1218.39518399956,2523619,38.0485877990723
1198,1199.85889110009,2500,1219.33994922964,2526119,38.0485877990723
1199,1212.43904761095,2500,1223.52327830586,2528619,38.0485877990723
1200,1252.40115626532,2500,1224.23225571013,2531119,38.0485877990723
1201,1230.80036861821,2500,1223.1671543639,2533619,38.0485877990723
1202,852.987472311872,1707,1183.95450778609,2535326,38.0485877990723
1203,1203.91024119682,2500,1183.64024106629,2537826,38.0485877990723
1204,1180.82349420347,2500,1178.86683622147,2540326,38.0485877990723
1205,1187.61867141547,2500,1176.4331568617,2542826,38.0485877990723
1206,1178.95135540409,2500,1171.34023736152,2545326,38.0485877990723
1207,1237.5326064724,2500,1173.73233045987,2547826,38.0485877990723
1208,1232.90113862344,2500,1177.0365552122,2550326,38.0485877990723
1209,1206.97265053934,2500,1176.48991550504,2552826,38.0485877990723
1210,1236.65639383875,2500,1174.91543926238,2555326,38.0485877990723
1211,1233.16834969532,2500,1175.1522373701,2557826,38.0485877990723
1212,854.718092271025,1745,1175.32529936601,2559571,38.0485877990723
1213,1246.32987368872,2500,1179.5672626152,2562071,38.0485877990723
1214,1220.18939171327,2500,1183.50385236618,2564571,38.0485877990723
1215,1162.05601560359,2500,1180.94758678499,2567071,38.0485877990723
1216,1244.43045193846,2500,1187.49549643843,2569571,38.0485877990723
1217,778.271097252815,1617,1141.56934551647,2571188,37.7372894287109
1218,442.144803144614,914,1062.49371196859,2572102,37.7372894287109
1219,1021.06199922844,2178,1043.9026468375,2574280,37.7372894287109
1220,1187.0650529987,2500,1038.94351275349,2576780,37.7372894287109
1221,1206.50333028507,2500,1036.27701081247,2579280,37.7372894287109
1222,1164.76778475332,2500,1067.2819800607,2581780,37.7372894287109
1223,831.930228068809,1631,1025.84201549871,2583411,37.7372894287109
1224,1143.49413879117,2500,1018.1724902065,2585911,37.7372894287109
1225,821.517732030409,1798,984.118661849181,2587709,37.7372894287109
1226,305.907782816185,661,890.266394936953,2588370,37.7372894287109
1227,1258.81640131547,2500,938.320925343219,2590870,37.7372894287109
1228,1193.91519115292,2500,1013.49796414405,2593370,37.7372894287109
1229,1238.44283375142,2500,1035.23604759635,2595870,37.7372894287109
1230,739.708607817439,1531,990.500403078222,2597401,37.7372894287109
1231,1173.5732447131,2500,987.207394521025,2599901,37.7372894287109
1232,1242.80219076565,2500,995.010835122258,2602401,37.7372894287109
1233,572.560160434321,1175,969.073828358809,2603576,37.7372894287109
1234,210.195002599593,382,875.743914739652,2603958,37.7372894287109
1235,593.307199810133,1342,852.922861517624,2605300,37.7372894287109
1236,248.150008760413,461,847.147084112047,2605761,37.7372894287109
1237,1158.41195569592,2500,837.106639550091,2608261,36.6047134399414
1238,1153.41835076129,2500,833.056955510928,2610761,36.6047134399414
1239,885.414532982908,1959,797.754125434077,2612720,36.6047134399414
1240,1189.87857299781,2500,842.771121952114,2615220,36.6047134399414
1241,1180.57363638775,2500,843.471161119578,2617720,36.6047134399414
1242,1150.34566817809,2500,834.225508860822,2620220,36.6047134399414
1243,1031.01028122548,2109,880.070520939938,2622329,36.6047134399414
1244,1084.14276835032,2500,967.46529751501,2624829,36.6047134399414
1245,1191.29471741317,2500,1027.26404927531,2627329,36.6047134399414
1246,1189.10206911872,2500,1121.35925531114,2629829,36.6047134399414
1247,1201.62648930992,2500,1125.68070867254,2632329,36.6047134399414
1248,1198.53345314451,2500,1130.19221891087,2634829,36.6047134399414
1249,1101.14941254282,2500,1151.76570686686,2637329,36.6047134399414
1250,1128.24086833615,2500,1145.60193640069,2639829,36.6047134399414
1251,1173.47441591767,2500,1144.89201435368,2642329,36.6047134399414
1252,596.012351495515,1291,1089.45868268543,2643620,36.6047134399414
1253,1156.45057144878,2500,1102.00271170776,2646120,36.6047134399414
1254,302.273313375987,595,1023.81576621032,2646715,36.6047134399414
1255,1177.41130912646,2500,1022.42742538165,2649215,36.6047134399414
1256,375.049609959671,848,941.022179465748,2650063,36.6047134399414
1257,428.921091217761,865,863.751639656532,2650928,36.6047134399414
1258,593.749607683736,1218,803.273255110455,2652146,36.6047134399414
1259,1143.18542681325,2500,807.476856537498,2654646,36.6047134399414
1260,1181.98078437257,2500,812.85084814114,2657146,36.6047134399414
1261,1305.46695143015,2500,826.050101692388,2659646,36.3701286315918
1262,1269.46482053081,2500,893.395348595917,2662146,36.3701286315918
1263,1270.86166494486,2500,904.836457945526,2664646,36.3701286315918
1264,1157.24104837033,2500,990.33323144496,2667146,36.3701286315918
1265,901.859677633458,1785,962.778068295659,2668931,36.3701286315918
1266,1308.8201995738,2500,1056.15512725707,2671431,36.3701286315918
1267,1308.37853852452,2500,1144.10087198775,2673931,36.3701286315918
1268,1246.30857744906,2500,1209.35676896428,2676431,36.3701286315918
1269,1223.76140201318,2500,1217.41436648427,2678931,36.3701286315918
1270,1163.2152821266,2236,1215.53781625968,2681167,36.3701286315918
1271,1206.68104708218,2500,1205.65922582488,2683667,36.3701286315918
1272,1272.46237648372,2500,1205.95898142017,2686167,36.3701286315918
1273,1240.95250289859,2500,1202.96806521554,2688667,36.3701286315918
1274,1272.02149689071,2500,1214.44611006758,2691167,36.3701286315918
1275,596.594253165053,1200,1183.91956762074,2692367,36.3701286315918
1276,1219.1349947594,2500,1174.9510471393,2694867,36.3701286315918
1277,1227.58530144528,2500,1166.87172343138,2697367,36.3701286315918
1278,1254.24859846129,2500,1167.6657255326,2699867,36.3701286315918
1279,1307.23689848689,2500,1176.01327517997,2702367,36.3701286315918
1280,1235.48524726233,2500,1183.24027169355,2704867,36.3701286315918
1281,1232.88629463707,2500,1185.86079644903,2707367,36.8159027099609
1282,1298.70583383371,2500,1188.48514218403,2709867,36.8159027099609
1283,1240.2823794815,2500,1188.41812984232,2712367,36.8159027099609
1284,1271.87857955123,2500,1188.40383810838,2714867,36.8159027099609
1285,1238.68011234694,2500,1252.61242402657,2717367,36.8159027099609
1286,1275.2683554504,2500,1258.22576009566,2719867,36.8159027099609
1287,1237.42404969236,2500,1259.20963492037,2722367,36.8159027099609
1288,1220.68263551058,2500,1255.8530386253,2724867,36.8159027099609
1289,1217.54230676925,2500,1246.88357945354,2727367,36.8159027099609
1290,1242.5074143601,2500,1247.58579616331,2729867,36.8159027099609
1291,1223.560597851,2500,1246.6532264847,2732367,36.8159027099609
1292,1218.39810558005,2500,1238.62245365934,2734867,36.8159027099609
1293,1229.64583718388,2500,1237.55879942958,2737367,36.8159027099609
1294,1243.16505900312,2500,1234.68744737477,2739867,36.8159027099609
1295,1269.82438007483,2500,1237.80187414756,2742367,36.8159027099609
1296,1232.42834176857,2500,1233.51787277937,2744867,36.8159027099609
1297,1249.52066229398,2500,1234.72753403954,2747367,36.8159027099609
1298,1205.87597234908,2500,1233.24686772339,2749867,36.8159027099609
1299,1249.24790751743,2500,1236.4174277982,2752367,36.8159027099609
1300,1269.32143514764,2500,1239.09882987696,2754867,36.8159027099609
1301,1257.57915703273,2500,1242.50068579513,2757367,36.8159027099609
1302,1277.6768927121,2500,1248.42856450834,2759867,36.8159027099609
1303,1332.43090470066,2500,1258.70707126001,2762367,36.8159027099609
1304,1231.0848695295,2500,1257.49905231265,2764867,36.8159027099609
1305,1257.94290545487,2500,1256.31090485066,2767367,37.2263488769531
1306,1275.02233517128,2500,1260.57030419093,2769867,37.2263488769531
1307,1260.21061381959,2500,1261.63929934349,2772367,37.2263488769531
1308,1209.01832027887,2500,1261.95353413647,2774867,37.2263488769531
1309,1260.07263410605,2500,1263.03600679533,2777367,37.2263488769531
1310,1256.83226877698,2500,1261.78709015826,2779867,37.2263488769531
1311,1241.14451844169,2500,1260.14362629916,2782367,37.2263488769531
1312,1278.64703821955,2500,1260.2406408499,2784867,37.2263488769531
1313,1248.63935657118,2500,1251.86148603696,2787367,37.2263488769531
1314,1261.15178297076,2500,1254.86817738108,2789867,37.2263488769531
1315,1247.50335720844,2500,1253.82422255644,2792367,37.2263488769531
1316,1267.84503903836,2500,1253.10649294315,2794867,37.2263488769531
1317,1199.251276123,2500,1247.01055917349,2797367,37.2263488769531
1318,1193.34660861741,2500,1245.44338800734,2799867,37.2263488769531
1319,1210.05932255093,2500,1240.44205685183,2802367,37.2263488769531
1320,997.420065854312,2015,1214.50083655956,2804382,37.2263488769531
1321,561.987986191435,1116,1146.58518333454,2805498,37.2263488769531
1322,1260.60691268612,2500,1144.7811707812,2807998,37.2263488769531
1323,1287.99737027617,2500,1148.71697215169,2810498,37.2263488769531
1324,1244.16021393413,2500,1147.01781524803,2812998,37.2263488769531
1325,1224.9287617653,2500,1144.76035570372,2815498,37.0265464782715
1326,1212.22198942478,2500,1139.19805074236,2817998,37.0265464782715
1327,1294.08363473462,2500,1148.68128660352,2820498,37.0265464782715
1328,1278.29092576617,2500,1157.1757183184,2822998,37.0265464782715
1329,1275.50378101353,2500,1163.72016416466,2825498,37.0265464782715
1330,1210.83810341466,2500,1185.06196792069,2827998,37.0265464782715
1331,1132.06575014285,2500,1242.06974431583,2830498,37.0265464782715
1332,1262.78325808953,2500,1242.28737885618,2832998,37.0265464782715
1333,1254.12461944459,2500,1238.90010377302,2835498,37.0265464782715
1334,1285.00676838122,2500,1242.98475921773,2837998,37.0265464782715
1335,1217.31529964319,2500,1242.22341300551,2840498,37.0265464782715
1336,1244.8853406594,2500,1245.48974812898,2842998,37.0265464782715
1337,1206.02484320036,2500,1236.68386897555,2845498,37.0265464782715
1338,1278.26710986335,2500,1236.68148738527,2847998,37.0265464782715
1339,1200.79534135206,2500,1229.21064341912,2850498,37.0265464782715
1340,1220.89001330559,2500,1230.21583440821,2852998,37.0265464782715
1341,1319.45665109519,2500,1248.95492450345,2855498,37.0265464782715
1342,1047.21202546489,2500,1227.39780124098,2857998,37.0265464782715
1343,1290.20797118679,2500,1231.0061364152,2860498,37.0265464782715
1344,1271.53872284254,2500,1229.65933186133,2862998,37.0265464782715
1345,1285.92017242923,2500,1236.51981913994,2865498,37.0265464782715
1346,1218.11214109737,2500,1233.84249918374,2867998,37.0265464782715
1347,1235.2541289833,2500,1236.76542776203,2870498,37.0265464782715
1348,1265.2038095897,2500,1235.45909773467,2872998,37.0265464782715
1349,1299.74158245922,2500,1245.35372184538,2875498,35.7930755615234
1350,1274.57013238887,2500,1250.72173375371,2877998,35.7930755615234
1351,1130.32783662718,2500,1231.80885230691,2880498,35.7930755615234
1352,1280.65309758092,2500,1255.15295951851,2882998,35.7930755615234
1353,1329.94623072353,2500,1259.12678547219,2885498,35.7930755615234
1354,1280.47736027661,2500,1260.02064921559,2887998,35.7930755615234
1355,1261.11214243244,2500,1257.53984621591,2890498,35.7930755615234
1356,1248.94296888267,2500,1260.62292899444,2892998,35.7930755615234
1357,1252.15040976144,2500,1262.31255707226,2895498,35.7930755615234
1358,1232.7566175666,2500,1259.06783786995,2897998,35.7930755615234
1359,1277.11866959091,2500,1256.80554658312,2900498,35.7930755615234
1360,1196.04301536329,2500,1248.95283488056,2902998,35.7930755615234
1361,1261.691194442,2500,1262.08917066204,2905498,35.7930755615234
1362,1275.50386822589,2500,1261.57424772654,2907998,35.7930755615234
1363,1264.81675180062,2500,1255.06129983425,2910498,35.7930755615234
1364,1234.38667880407,2500,1250.45223168699,2912998,35.7930755615234
1365,1230.02949501699,2500,1247.34396694545,2915498,35.7930755615234
1366,1028.36641822043,2500,1225.28631187922,2917998,35.7930755615234
1367,1104.02470396335,2500,1210.47374129941,2920498,35.7930755615234
1368,1289.61189693323,2500,1216.15926923608,2922998,35.7930755615234
1369,120.93474278699,188,1100.54087655569,2923186,35.7930755615234
1370,1222.13953692801,2500,1103.15052871216,2925686,35.9622230529785
1371,1292.58925120245,2500,1106.2403343882,2928186,35.9622230529785
1372,1221.3112354909,2500,1100.8210711147,2930686,35.9622230529785
1373,1241.90765089033,2500,1098.53016102367,2933186,35.9622230529785
1374,1311.64995999499,2500,1106.25648914277,2935686,35.9622230529785
1375,1251.81148555294,2500,1108.43468819636,2938186,35.9622230529785
1376,1178.75300552355,2500,1123.47334692667,2940686,35.9622230529785
1377,1252.54721667861,2500,1138.3255981982,2943186,35.9622230529785
1378,1209.73496547974,2500,1130.33790505285,2945686,35.9622230529785
1379,1235.76570161357,2500,1241.82100093551,2948186,35.9622230529785
1380,1292.91324719242,2500,1248.89837196195,2950686,35.9622230529785
1381,1210.43519395533,2500,1240.68296623724,2953186,35.9622230529785
1382,1220.22845528846,2500,1240.57468821699,2955686,35.9622230529785
1383,1261.45646601553,2500,1242.52956972951,2958186,35.9622230529785
1384,1252.15779838444,2500,1236.58035356846,2960686,35.9622230529785
1385,1278.43229072003,2500,1239.24243408517,2963186,35.9622230529785
1386,1294.03205685891,2500,1250.7703392187,2965686,35.9622230529785
1387,1289.85788173766,2500,1254.50140572461,2968186,35.9622230529785
1388,1285.6803325823,2500,1262.09594243487,2970686,35.9622230529785
1389,1230.79664411268,2500,1261.59903668478,2973186,35.9622230529785
1390,1202.63305811821,2500,1252.57101777736,2975686,35.9622230529785
1391,1293.70292296342,2500,1260.89779067817,2978186,35.9622230529785
1392,1274.89799041063,2500,1266.36474419038,2980686,35.9622230529785
1393,1193.11878771448,2500,1259.53097636028,2983186,37.6142501831055
1394,1154.13818262839,2500,1249.72901478467,2985686,37.6142501831055
1395,1161.49057948828,2500,1238.0348436615,2988186,37.6142501831055
1396,1178.05930981741,2500,1226.43756895735,2990686,37.6142501831055
1397,1108.91845576072,2500,1208.34362635965,2993186,37.6142501831055
1398,1178.17247893591,2500,1197.59284099501,2995686,37.6142501831055
1399,1188.45053632652,2500,1193.3582302164,2998186,37.6142501831055
1400,1127.97220267018,2500,1185.89214467159,3000686,37.6142501831055
1401,1207.51065320214,2500,1177.27291769546,3003186,37.6142501831055
1402,1117.94084388626,2500,1161.57720304303,3005686,37.6142501831055
1403,1200.4391059402,2500,1162.3092348656,3008186,37.6142501831055
1404,1200.69338378997,2500,1166.96475498176,3010686,37.6142501831055
1405,1173.77714599726,2500,1168.19341163266,3013186,37.6142501831055
1406,1113.71786701298,2500,1161.75926735221,3015686,37.6142501831055
1407,1241.12024464676,2500,1174.97944624082,3018186,37.6142501831055
1408,1167.70136972141,2500,1173.93233531937,3020686,37.6142501831055
1409,1201.9749631206,2500,1175.28477799878,3023186,37.6142501831055
1410,1127.74746759999,2500,1175.26230449176,3025686,37.6142501831055
1411,1065.85683267861,2500,1161.09692243941,3028186,37.6142501831055
1412,1202.29574105497,2500,1169.53241215628,3030686,37.6142501831055
1413,1126.71343337728,2500,1162.15984489998,3033186,37.6142501831055
1414,1114.7513639668,2500,1153.56564291767,3035686,35.99462890625
1415,1108.97449983838,2500,1147.08537830178,3038186,35.99462890625
1416,1065.50861218575,2500,1142.26445281905,3040686,35.99462890625
1417,1104.87347819008,2500,1128.63977617339,3043186,35.99462890625
1418,904.157808907003,2500,1102.28542009195,3045686,35.99462890625
1419,1168.562876895,2500,1098.94421146939,3048186,35.99462890625
1420,1132.11643063126,2500,1099.38110777251,3050686,35.99462890625
1421,1166.1262280132,2500,1109.40804730597,3053186,35.99462890625
1422,1018.75454399886,2500,1091.05392760036,3055686,35.99462890625
1423,1087.10271737396,2500,1087.09285600003,3058186,35.99462890625
1424,1178.81693183239,2500,1093.49941278659,3060686,35.99462890625
1425,1121.13665117215,2500,1094.71562791997,3063186,35.99462890625
1426,1202.68343578329,2500,1108.43311027972,3065686,35.99462890625
1427,1090.34794952225,2500,1106.98055741294,3068186,35.99462890625
1428,1066.66855225651,2500,1123.23163174789,3070686,35.99462890625
1429,1159.26097125486,2500,1122.30144118387,3073186,35.99462890625
1430,1043.65991906866,2500,1113.45579002761,3075686,35.99462890625
1431,1089.27253789369,2500,1105.77042101566,3078186,35.99462890625
1432,1076.52507702763,2500,1111.54747431854,3080686,35.99462890625
1433,1154.46924417834,2500,1118.28412699898,3083186,35.99462890625
1434,1049.82088007671,2500,1105.38452182341,3085686,35.99462890625
1435,1211.57317244924,2500,1114.42817395112,3088186,35.99462890625
1436,1117.2362627606,2500,1105.88345664885,3090686,35.99462890625
1437,1163.01997185917,2500,1113.15065888254,3093186,36.7738151550293
1438,1089.02509769067,2500,1115.38631342596,3095686,36.7738151550293
1439,997.06491450467,2500,1099.16670775094,3098186,36.7738151550293
1440,973.275191800307,2500,1092.1282350241,3100686,36.7738151550293
1441,1133.97032516457,2500,1096.59801375119,3103186,36.7738151550293
1442,1082.97916811497,2500,1097.24342285992,3105686,36.7738151550293
1443,1091.33178980701,2500,1090.92967742279,3108186,36.7738151550293
1444,1085.05646414558,2500,1094.45323582968,3110686,36.7738151550293
1445,562.643353872866,2500,1029.56025397204,3113186,36.7738151550293
1446,1108.73969078109,2500,1028.71059677409,3115686,36.7738151550293
1447,1196.74854238055,2500,1032.08345382623,3118186,36.7738151550293
1448,1205.68870893553,2500,1043.74981495071,3120686,36.7738151550293
1449,996.541352257637,2500,1043.69745872601,3123186,36.7738151550293
1450,997.157312264905,2500,1046.08567077247,3125686,36.7738151550293
1451,502.553807846175,2500,982.94401904063,3128186,36.7738151550293
1452,1123.08128459352,2500,986.954230688485,3130686,36.7738151550293
1453,1030.15033378483,2500,980.836085086268,3133186,36.7738151550293
1454,1038.84724213366,2500,976.215162885076,3135686,36.7738151550293
1455,1085.88566696798,2500,1028.53939419459,3138186,36.7738151550293
1456,1189.92904679593,2500,1036.65832979607,3140686,36.7738151550293
1457,918.314848403201,2500,1008.81496039834,3143186,36.7738151550293
1458,630.76104686817,2500,951.3221941916,3145686,36.592212677002
1459,1061.34416293967,2500,957.802475259803,3148186,36.592212677002
1460,1091.14525527505,2500,967.201269560818,3150686,36.592212677002
1461,745.13974513712,2500,991.459863289912,3153186,36.592212677002
1462,1015.68784255913,2500,980.720519086473,3155686,36.592212677002
1463,971.198167052844,2500,974.825302413274,3158186,36.592212677002
1464,1119.45339582158,2500,982.885917782066,3160686,36.592212677002
1465,1041.05802449124,2500,978.403153534393,3163186,36.592212677002
1466,851.54874354798,2500,944.565123209598,3165686,36.592212677002
1467,972.523634044371,2500,949.986001773715,3168186,36.592212677002
1468,988.39965603835,2500,985.749862690733,3170686,36.592212677002
1469,1051.71231501857,2500,984.786677898623,3173186,36.592212677002
1470,843.94438892542,2500,960.066591263661,3175686,36.592212677002
1471,791.425730479072,2500,964.695189797856,3178186,36.592212677002
1472,1032.20172219564,2500,966.346577761507,3180686,36.592212677002
1473,956.249051543991,2500,964.851666210622,3183186,36.592212677002
1474,538.348306297817,2500,906.741157258246,3185686,36.592212677002
1475,1017.30540854684,2500,904.365895663806,3188186,36.592212677002
1476,1162.90309884952,2500,935.50133119396,3190686,36.592212677002
1477,881.381694138378,2500,926.387137203361,3193186,36.592212677002
1478,812.908173004266,2500,908.837988899953,3195686,36.592212677002
1479,948.327381789429,2500,898.499495577038,3198186,36.592212677002
1480,1090.17222088903,2500,923.122278773399,3200686,36.592212677002
1481,803.870616597266,2500,924.366767385219,3203186,36.3029174804688
1482,783.880874665774,2500,899.534682632232,3205686,36.3029174804688
1483,888.171890544154,2500,892.726966532248,3208186,36.3029174804688
1484,847.048681056719,2500,923.597004008138,3210686,36.3029174804688
1485,622.232891660384,2500,884.089752319492,3213186,36.3029174804688
1486,655.41112059817,2500,833.340554494357,3215686,36.3029174804688
1487,1037.41192833011,2500,848.943577913531,3218186,36.3029174804688
1488,685.659343212784,2500,836.218694934382,3220686,36.3029174804688
1489,862.179255258122,2500,827.603882281252,3223186,36.3029174804688
1490,846.052557103326,2500,803.191915902681,3225686,36.3029174804688
1491,1113.94438222621,2500,834.199292465576,3228186,36.3029174804688
1492,931.355624922735,2500,848.946767491272,3230686,36.3029174804688
1493,433.675613551106,2500,803.497139791967,3233186,36.3029174804688
1494,800.741254386075,2500,798.866397124903,3235686,36.3029174804688
1495,876.294026049505,2500,824.272510563815,3238186,36.3029174804688
1496,747.239632178811,2500,833.455361721879,3240686,36.3029174804688
1497,658.93908453866,2500,795.608077342734,3243186,36.3029174804688
1498,938.891027675841,2500,820.931245789039,3245686,36.3029174804688
1499,935.180998878593,2500,828.231420151086,3248186,36.3029174804688
1500,804.368501714793,2500,824.063014612233,3250686,36.3029174804688
1501,905.636919291047,2500,803.232268318716,3253186,36.3029174804688
1502,703.371019720464,2500,780.43380779849,3255686,34.2544021606445
1503,1086.80422345561,2500,845.74666878894,3258186,34.2544021606445
1504,944.938897449518,2500,860.166433095284,3260686,34.2544021606445
1505,1010.56916249127,2500,873.593946739461,3263186,34.2544021606445
1506,960.426650158932,2500,894.912648537473,3265686,34.2544021606445
1507,566.813534525177,2500,885.700093536124,3268186,34.2544021606445
1508,895.910117183001,2500,881.402002486841,3270686,34.2544021606445
1509,591.98213466894,2500,847.082116065875,3273186,34.2544021606445
1510,830.544313749261,2500,849.699697269322,3275686,34.2544021606445
1511,777.152900141083,2500,836.851295354326,3278186,34.2544021606445
1512,915.823497995258,2500,858.096543181805,3280686,34.2544021606445
1513,951.559808303873,2500,844.572101666632,3283186,34.2544021606445
1514,1107.58496696264,2500,860.836708617943,3285686,34.2544021606445
1515,827.569620830413,2500,842.536754451858,3288186,34.2544021606445
1516,1064.31065826337,2500,852.925155262301,3290686,34.2544021606445
1517,1033.42762485644,2500,899.586564295428,3293186,34.2544021606445
1518,951.041284473565,2500,905.099681024484,3295686,34.2544021606445
1519,1003.06537559617,2500,946.208005117208,3298186,34.2544021606445
1520,934.364166578543,2500,956.589990400136,3300686,34.2544021606445
1521,1031.88747402937,2500,982.063447788964,3303186,34.2544021606445
1522,494.715127658256,2500,939.952610755264,3305686,34.2544021606445
1523,975.88925202966,2500,942.385555127843,3308186,34.2544021606445
1524,1087.08482167173,2500,940.335540598752,3310686,34.2544021606445
1525,823.629064723179,2500,939.941484988028,3313186,35.0929489135742
1526,419.216010888507,2500,875.432020250542,3315686,35.0929489135742
1527,724.313247973985,2500,844.520582562296,3318186,35.0929489135742
1528,890.005872777289,2500,838.417041392668,3320686,35.0929489135742
1529,523.359873099736,2500,790.446491143025,3323186,35.0929489135742
1530,842.026464070791,2500,781.21272089225,3325686,35.0929489135742
1531,615.264457699917,2500,739.550419259305,3328186,35.0929489135742
1532,870.556047608683,2500,777.134511254347,3330686,35.0929489135742
1533,677.11445163539,2500,747.25703121492,3333186,35.0929489135742
1534,334.284745170209,2500,671.977023564769,3335686,35.0929489135742
1535,707.130667338737,2500,660.327183826324,3338186,35.0929489135742
1536,738.25406012924,2500,692.230988750398,3340686,35.0929489135742
1537,705.08766979354,2500,690.308430932353,3343186,35.0929489135742
1538,852.648783704569,2500,686.572722025081,3345686,35.0929489135742
1539,413.118267111236,2500,675.548561426231,3348186,35.0929489135742
1540,506.892569272037,2500,642.035171946356,3350686,35.0929489135742
1541,701.752779291276,2500,650.684004105492,3353186,35.0929489135742
1542,619.022944292527,2500,625.530693773876,3355686,35.0929489135742
1543,490.838412887447,2500,606.903089899082,3358186,35.0929489135742
1544,810.458742817663,2500,654.520489663827,3360686,35.0929489135742
1545,1042.7105598823,2500,688.078478918184,3363186,35.0929489135742
1546,687.255375860739,2500,682.978610491333,3365686,34.3467712402344
1547,325.212039849589,2500,644.991047496938,3368186,34.3467712402344
1548,415.850957132233,2500,601.311264839705,3370686,34.3467712402344
1549,664.979045297967,2500,626.497342658378,3373186,34.3467712402344
1550,619.742169902075,2500,637.782302721381,3375686,34.3467712402344
1551,470.766681329072,2500,614.683692925161,3378186,34.3467712402344
1552,573.822569216845,2500,610.163655417593,3380686,34.3467712402344
1553,552.008555899827,2500,616.280669718831,3383186,34.3467712402344
1554,627.686418925732,2500,598.003437329638,3385686,34.3467712402344
1555,485.834622821338,2500,542.315843623541,3388186,34.3467712402344
1556,779.143764969202,2500,551.504682534388,3390686,34.3467712402344
1557,507.352267734495,2500,569.718705322878,3393186,34.3467712402344
1558,349.511506328802,2500,563.084760242535,3395686,34.3467712402344
1559,596.45181540707,2500,556.232037253446,3398186,34.3467712402344
1560,406.603018784763,2500,534.918122141714,3400686,34.3467712402344
1561,512.9188277616,2500,539.133336784967,3403186,34.3467712402344
1562,855.919668733809,2500,567.343046736664,3405686,34.3467712402344
1563,534.586605840159,2500,565.600851730697,3408186,34.3467712402344
1564,504.182229816492,2500,553.250432819773,3410686,34.3467712402344
1565,689.505616222302,2500,573.617532159869,3413186,34.3467712402344
1566,711.101045729769,2500,566.813260235926,3415686,34.3467712402344
1567,519.806897285205,2500,568.058723190997,3418186,34.3467712402344
1568,612.808824526492,2500,594.388455010766,3420686,34.3467712402344
1569,952.550089763352,2500,629.998282446394,3423186,32.8115005493164
1570,974.800358419662,2500,686.818016409884,3425686,32.8115005493164
1571,849.535422880654,2500,720.47967592179,3428186,32.8115005493164
1572,906.266234319144,2500,725.514332480323,3430686,32.8115005493164
1573,1040.80871330379,2500,776.136543226686,3433186,32.8115005493164
1574,928.080986751399,2500,818.526418920177,3435686,32.8115005493164
1575,851.705249565137,2500,834.74638225446,3438186,32.8115005493164
1576,741.732730465353,2500,837.809550728019,3440686,32.8115005493164
1577,899.210140203673,2500,875.749875019865,3443186,32.8115005493164
1578,1000.25802540828,2500,914.494795108044,3445686,32.8115005493164
1579,967.511898973416,2500,915.990976029051,3448186,32.8115005493164
1580,918.981638443295,2500,910.409104031414,3450686,32.8115005493164
1581,941.863693502816,2500,919.64193109363,3453186,32.8115005493164
1582,962.577040927076,2500,925.273011754423,3455686,32.8115005493164
1583,927.893683275367,2500,913.981508751581,3458186,32.8115005493164
1584,884.139470803682,2500,909.587357156809,3460686,32.8115005493164
1585,899.676558893892,2500,914.384488089685,3463186,32.8115005493164
1586,774.012927490287,2500,917.612507792178,3465686,32.8115005493164
1587,1038.19907914697,2500,931.511401686508,3468186,32.8115005493164
1588,852.323388746413,2500,916.717938020321,3470686,32.8115005493164
1589,876.262843087934,2500,907.593032431773,3473186,32.8115005493164
1590,965.720445360319,2500,912.266913123476,3475686,34.6431579589844
1591,909.303058085903,2500,909.010849581784,3478186,34.6431579589844
1592,995.22333790902,2500,912.275479279979,3480686,34.6431579589844
1593,936.153007924581,2500,913.1014117449,3483186,34.6431579589844
1594,934.759667691471,2500,918.163431433679,3485686,34.6431579589844
1595,877.49597098476,2500,915.945372642766,3488186,34.6431579589844
1596,968.269755819512,2500,935.371055475688,3490686,34.6431579589844
1597,920.065863370613,2500,923.557733898053,3493186,34.6431579589844
1598,998.103050404906,2500,938.135700063902,3495686,34.6431579589844
1599,977.3571518652,2500,948.245130941628,3498186,34.6431579589844
1600,975.917575079474,2500,949.264843913544,3500686,34.6431579589844
1601,887.472644269358,2500,947.081802531889,3503186,34.6431579589844
1602,1016.05097523788,2500,949.164566264775,3505686,34.6431579589844
1603,900.431591289378,2500,945.592424601255,3508186,34.6431579589844
1604,989.111350867737,2500,951.027592918882,3510686,34.6431579589844
1605,945.448057717876,2500,957.822801592193,3513186,34.6431579589844
1606,1010.92860900796,2500,962.088686911038,3515686,34.6431579589844
1607,904.185881999458,2500,960.500688773923,3518186,34.6431579589844
1608,1036.90338171816,2500,964.380721905248,3520686,34.6431579589844
1609,967.807572394281,2500,963.425763958156,3523186,34.6431579589844
1610,925.969756995494,2500,958.430982149758,3525686,34.6431579589844
1611,953.717704658258,2500,965.055488188648,3528186,34.6431579589844
1612,1052.26402281248,2500,968.676792946108,3530686,34.6431579589844
1613,1025.30225999234,2500,981.163859816404,3533186,32.8285179138184
1614,965.036510037519,2500,978.756375733382,3535686,32.8285179138184
1615,843.902910922591,2500,968.601861053854,3538186,32.8285179138184
1616,917.327700496287,2500,959.241770202687,3540686,32.8285179138184
1617,1040.88175710462,2500,972.911357713203,3543186,32.8285179138184
1618,959.611337005996,2500,965.182153241986,3545686,32.8285179138184
1619,878.379179180957,2500,956.239313920654,3548186,32.8285179138184
1620,795.182786379956,2500,943.1606168591,3550686,32.8285179138184
1621,1041.03353195429,2500,951.892199588704,3553186,32.8285179138184
1622,905.954299157298,2500,937.261227223185,3555686,32.8285179138184
1623,968.339704020463,2500,931.564971625998,3558186,32.8285179138184
1624,1083.73972508777,2500,943.435293131023,3560686,32.8285179138184
1625,882.855736443354,2500,947.330575683099,3563186,32.8285179138184
1626,900.282941460556,2500,945.626099779526,3565686,32.8285179138184
1627,943.986028692353,2500,935.9365269383,3568186,32.8285179138184
1628,971.705904754948,2500,937.145983713195,3570686,32.8285179138184
1629,907.244558012338,2500,940.032521596333,3573186,32.8285179138184
1630,937.685237963368,2500,954.282766754674,3575686,32.8285179138184
1631,810.479950490676,2500,931.227408608312,3578186,32.8285179138184
1632,958.525702257742,2500,936.484548918357,3580686,32.8285179138184
1633,1032.02970111966,2500,942.853548628276,3583186,32.8285179138184
1634,875.686402769354,2500,922.048216396435,3585686,32.7817802429199
1635,890.592490702579,2500,922.821891822357,3588186,32.7817802429199
1636,781.042057548793,2500,910.897803431181,3590686,32.7817802429199
1637,782.004777681775,2500,894.699678330123,3593186,32.7817802429199
1638,935.126669530069,2500,891.041754807635,3595686,32.7817802429199
1639,953.905998924201,2500,895.707898898821,3598186,32.7817802429199
1640,804.268514504048,2500,882.366226552889,3600686,32.7817802429199
1641,972.537479683891,2500,898.571979472211,3603186,32.7817802429199
1642,951.475707402273,2500,897.866979986664,3605686,32.7817802429199
1643,1031.80335245821,2500,897.844345120519,3608186,32.7817802429199
1644,1101.55291746973,2500,920.430996590557,3610686,32.7817802429199
1645,902.02393792679,2500,921.574141312978,3613186,32.7817802429199
1646,993.883415988246,2500,942.858277156923,3615686,32.7817802429199
1647,887.939808503409,2500,953.451780239086,3618186,32.7817802429199
1648,937.658935974274,2500,953.705006883507,3620686,32.7817802429199
1649,971.509913761162,2500,955.465398367203,3623186,32.7817802429199
1650,1071.25694657676,2500,982.164241574474,3625686,32.7817802429199
1651,949.638240459218,2500,979.874317652007,3628186,32.7817802429199
1652,927.111561362341,2500,977.437903048013,3630686,32.7817802429199
1653,892.248825779599,2500,963.482450380152,3633186,32.7817802429199
1654,714.465613444141,2500,924.773719977594,3635686,32.7817802429199
1655,1008.29434750067,2500,935.400760934982,3638186,32.7817802429199
1656,1019.43731283382,2500,937.956150619539,3640686,32.7817802429199
1657,912.16541549194,2500,940.378711318392,3643186,32.8678855895996
1658,850.692257300226,2500,931.682043450988,3645686,32.8678855895996
1659,948.142219639823,2500,929.345274038854,3648186,32.8678855895996
1660,884.574080635916,2500,910.676987444769,3650686,32.8678855895996
1661,771.231610527341,2500,892.836324451582,3653186,32.8678855895996
1662,788.6027025149,2500,878.985438566838,3655686,32.8678855895996
1663,717.034386910993,2500,861.463994679977,3658186,32.8678855895996
1664,313.107237577843,2500,821.328157093347,3660686,32.8678855895996
1665,771.079754086448,2500,797.606697751924,3663186,32.8678855895996
1666,590.742340030264,2500,754.73720047157,3665686,32.8678855895996
1667,845.563031214911,2500,748.076962043867,3668186,32.8678855895996
1668,849.297568519195,2500,747.937493165763,3670686,32.8678855895996
1669,722.050228640707,2500,725.328294065852,3673186,32.8678855895996
1670,841.842192293009,2500,721.055105231561,3675686,32.8678855895996
1671,821.129989923692,2500,726.044943171196,3678186,32.8678855895996
1672,303.203871183092,2500,677.505060038015,3680686,32.8678855895996
1673,878.396085682707,2500,693.641229915187,3683186,32.8678855895996
1674,755.837394991308,2500,737.914245656533,3685686,32.8678855895996
1675,776.630667892277,2500,738.469337037116,3688186,32.8678855895996
1676,822.82588840719,2500,761.677691874809,3690686,32.8678855895996
1677,809.085257233978,2500,758.029914476716,3693186,32.8678855895996
1678,889.918310354689,2500,762.091988660265,3695686,31.6997337341309
1679,940.437378057139,2500,783.930703601908,3698186,31.6997337341309
1680,848.647457754782,2500,784.611230148085,3700686,31.6997337341309
1681,962.086410423633,2500,798.70687219808,3703186,31.6997337341309
1682,1078.255351282,2500,876.212020207971,3705686,31.6997337341309
1683,792.5683685915,2500,867.62924849885,3708186,31.6997337341309
1684,1020.12922249927,2500,894.058431249647,3710686,31.6997337341309
1685,632.94523556018,2500,879.689888016437,3713186,31.6997337341309
1686,978.746940342665,2500,895.281993209984,3715686,31.6997337341309
1687,1040.68368984965,2500,918.441836471552,3718186,31.6997337341309
1688,772.860121200822,2500,906.736017556165,3720686,31.6997337341309
1689,528.476581274614,2500,865.539937877913,3723186,31.6997337341309
1690,976.192486116561,2500,878.294440714091,3725686,31.6997337341309
1691,880.544625191148,2500,870.140262190842,3728186,31.6997337341309
1692,967.134729048453,2500,859.028199967487,3730686,31.6997337341309
1693,718.642782732055,2500,851.635641381543,3733186,31.6997337341309
1694,867.571778761302,2500,836.379897007745,3735686,31.6997337341309
1695,891.35337093511,2500,862.220710545238,3738186,31.6997337341309
1696,1033.67971807135,2500,867.713988318107,3740686,31.6997337341309
1697,705.467898879949,2500,834.192409221136,3743186,31.6997337341309
1698,992.244203852108,2500,856.130817486265,3745686,31.6997337341309
1699,480.138443105518,2500,851.297003669355,3748186,31.6997337341309
1700,849.181863711882,2500,838.595941428887,3750686,31.6997337341309
1701,992.111802580743,2500,849.752659167847,3753186,31.1627254486084
1702,1121.46752238301,2500,865.185938501302,3755686,31.1627254486084
1703,1142.73990521875,2500,907.595650749972,3758186,31.1627254486084
1704,1091.33989405267,2500,929.972462279109,3760686,31.1627254486084
1705,991.025342794626,2500,939.939659465061,3763186,31.1627254486084
1706,1230.06896579627,2500,959.578584237553,3765686,31.1627254486084
1707,1107.73673630348,2500,999.805467979906,3768186,31.1627254486084
1708,1121.98543508683,2500,1012.77959110338,3770686,31.1627254486084
1709,1126.66989161668,2500,1077.4327359545,3773186,31.1627254486084
1710,1113.93131748488,2500,1103.9076813318,3775686,31.1627254486084
1711,1133.33447821792,2500,1118.02994889551,3778186,31.1627254486084
1712,1081.02615530612,2500,1113.98581218782,3780686,31.1627254486084
1713,1010.54952585965,2500,1100.76677425191,3783186,31.1627254486084
1714,1116.34150205469,2500,1103.26693505212,3785686,31.1627254486084
1715,1129.29003909832,2500,1117.09340468249,3788186,31.1627254486084
1716,1124.20223201845,2500,1106.5067313047,3790686,31.1627254486084
1717,1112.94768770663,2500,1107.02782644502,3793186,31.1627254486084
1718,1124.11266712275,2500,1107.24054964861,3795686,31.1627254486084
1719,1134.47537118161,2500,1108.0210976051,3798186,31.1627254486084
1720,1109.72616015762,2500,1107.60058187238,3800686,31.1627254486084
1721,1026.30926917855,2500,1096.89806096844,3803186,31.1627254486084
1722,1136.50010620619,2500,1102.44545605845,3805686,31.4807682037354
1723,1005.96877019843,2500,1101.98738049232,3808186,31.4807682037354
1724,1013.47299930827,2500,1091.70053021768,3810686,31.4807682037354
1725,1207.25483888806,2500,1099.49701019666,3813186,31.4807682037354
1726,972.647262147535,2500,1084.34151320956,3815686,31.4807682037354
1727,1175.80819471113,2500,1090.62756391001,3818186,31.4807682037354
1728,1031.37864970581,2500,1081.35416216832,3820686,31.4807682037354
1729,1190.39992937278,2500,1086.94661798744,3823186,31.4807682037354
1730,1119.08151874354,2500,1087.88215384603,3825686,31.4807682037354
1731,1151.8445330557,2500,1100.43568023374,3828186,31.4807682037354
1732,1095.80652966808,2500,1096.36632257993,3830686,31.4807682037354
1733,1057.66595482955,2500,1101.53604104305,3833186,31.4807682037354
1734,1109.31443384986,2500,1111.1201844972,3835686,31.4807682037354
1735,1136.74629432676,2500,1104.06933004107,3838186,31.4807682037354
1736,952.717886719396,2500,1102.07639249826,3840686,31.4807682037354
1737,1004.87047293835,2500,1084.98262032098,3843186,31.4807682037354
1738,1027.69037661117,2500,1084.61379301152,3845686,31.4807682037354
1739,1187.27110333853,2500,1084.30091040809,3848186,31.4807682037354
1740,1128.91243139138,2500,1085.28400167288,3850686,31.4807682037354
1741,979.309949392334,2500,1068.03054330654,3853186,31.4807682037354
1742,1006.27258923494,2500,1059.07714926323,3855686,31.4807682037354
1743,968.899873813289,2500,1050.2005411616,3858186,31.4807682037354
1744,1075.58635348068,2500,1046.82773312468,3860686,31.4807682037354
1745,1013.57757596541,2500,1034.51086128855,3863186,32.3997917175293
1746,913.327118516634,2500,1030.57178446827,3865686,32.3997917175293
1747,1187.55017871168,2500,1048.8397550456,3868186,32.3997917175293
1748,1124.33435804644,2500,1058.50415318913,3870686,32.3997917175293
1749,1226.73723013963,2500,1062.45076586924,3873186,32.3997917175293
1750,1163.01940664071,2500,1065.86146339417,3875686,32.3997917175293
1751,1199.79417545039,2500,1087.90988599998,3878186,32.3997917175293
1752,1191.53245756616,2500,1106.4358728331,3880686,32.3997917175293
1753,1224.29456656956,2500,1131.97534210873,3883186,32.3997917175293
1754,570.894690929925,2500,1081.50617585365,3885686,32.3997917175293
1755,1042.81431873652,2500,1084.42985013076,3888186,32.3997917175293
1756,1112.33438827482,2500,1104.33057710658,3890686,32.3997917175293
1757,1050.30412445413,2500,1090.60597168083,3893186,32.3997917175293
1758,1180.13838117833,2500,1096.18637399402,3895686,32.3997917175293
1759,1147.46332745373,2500,1088.25898372543,3898186,32.3997917175293
1760,1070.95500495129,2500,1079.05254355649,3900686,32.3997917175293
1761,1184.04436341565,2500,1077.47756235301,3903186,32.3997917175293
1762,1187.28230163165,2500,1077.05254675956,3905686,32.3997917175293
1763,1112.77545647704,2500,1065.90063575031,3908186,32.3997917175293
1764,1047.4053094452,2500,1113.55169760184,3910686,32.3997917175293
1765,1140.43456359802,2500,1123.31372208799,3913186,32.3997917175293
1766,1142.14871804685,2500,1126.29515506519,3915686,32.2604446411133
1767,1207.80283866308,2500,1142.04502648609,3918186,32.2604446411133
1768,1153.72096174337,2500,1139.40328454259,3920686,32.2604446411133
1769,1206.53669084877,2500,1145.31062088209,3923186,32.2604446411133
1770,1210.21213811685,2500,1159.23633419865,3925686,32.2604446411133
1771,1241.45372383628,2500,1164.97727024071,3928186,32.2604446411133
1772,1111.48726246416,2500,1157.39776632396,3930686,32.2604446411133
1773,1116.53192975779,2500,1157.77341365204,3933186,32.2604446411133
1774,1123.83484003418,2500,1165.41636671094,3935686,32.2604446411133
1775,1143.58167189138,2500,1165.73107754027,3938186,32.2604446411133
1776,1197.42264578438,2500,1171.25847031402,3940686,32.2604446411133
1777,1147.12801921967,2500,1165.19098836968,3943186,32.2604446411133
1778,1170.21675223087,2500,1166.84056741843,3945686,32.2604446411133
1779,1173.96544322412,2500,1163.58344265597,3948186,32.2604446411133
1780,1216.72826270168,2500,1164.23505511445,3950686,32.2604446411133
1781,1133.32569361949,2500,1153.42225209277,3953186,32.2604446411133
1782,1209.57975440891,2500,1163.23150128725,3955686,32.2604446411133
1783,1184.83169380415,2500,1170.06147769188,3958186,32.2604446411133
1784,1208.03933264179,2500,1178.48192695264,3960686,32.2604446411133
1785,1216.30955452194,2500,1185.7547152157,3963186,32.2604446411133
1786,1131.08365331768,2500,1179.12081596903,3965686,32.2604446411133
1787,1214.55652190267,2500,1185.86366623733,3968186,32.2604446411133
1788,1219.91111949541,2500,1190.83310296378,3970686,32.2604446411133
1789,1188.50701486431,2500,1192.2872601278,3973186,32.1585998535156
1790,1181.61394098282,2500,1188.77582795592,3975686,32.1585998535156
1791,1178.24593512274,2500,1193.26785210624,3978186,32.1585998535156
1792,1181.09716329373,2500,1190.41959299472,3980686,32.1585998535156
1793,1162.52743072977,2500,1188.18916668729,3983186,32.1585998535156
1794,1179.54477629702,2500,1185.33971105281,3985686,32.1585998535156
1795,1171.86401929446,2500,1180.89515753006,3988186,32.1585998535156
1796,1211.41090913478,2500,1188.92788311177,3990686,32.1585998535156
1797,1178.92252553029,2500,1185.36448347453,3993186,32.1585998535156
1798,1188.53805536408,2500,1182.2271770614,3995686,32.1585998535156
1799,1177.22879350288,2500,1181.09935492526,3998186,32.1585998535156
1800,1171.96772383346,2500,1180.13473321032,4000686,32.1585998535156
1801,1161.55931001733,2500,1178.46607069978,4003186,32.1585998535156
1802,1254.28270364226,2500,1185.78462473463,4005686,32.1585998535156
1803,1209.72391858022,2500,1190.50427351968,4008186,32.1585998535156
1804,1187.18414240117,2500,1191.26821013009,4010686,32.1585998535156
1805,1200.86522805253,2500,1194.1683310059,4013186,32.1585998535156
1806,1175.76906425402,2500,1190.60414651782,4015686,32.1585998535156
1807,1187.43888746578,2500,1191.45578271137,4018186,32.1585998535156
1808,1131.31954265743,2500,1185.73393144071,4020686,32.1585998535156
1809,1161.61050465579,2500,1184.172102556,4023186,32.1585998535156
1810,1101.33043052003,2500,1177.10837322465,4025686,32.1076011657715
1811,1168.44317732781,2500,1177.7967599557,4028186,32.1076011657715
1812,1038.62306038011,2500,1156.23079562949,4030686,32.1076011657715
1813,1113.41918267332,2500,1146.6003220388,4033186,32.1076011657715
1814,1072.14072820757,2500,1135.09598061944,4035686,32.1076011657715
1815,1163.49660299422,2500,1131.35911811361,4038186,32.1076011657715
1816,1193.32231545563,2500,1133.11444323377,4040686,32.1076011657715
1817,1108.61228814406,2500,1125.2317833016,4043186,32.1076011657715
1818,1115.89954212438,2500,1123.68978324829,4045686,32.1076011657715
1819,1088.21263891356,2500,1116.34999667407,4048186,32.1076011657715
1820,1056.91598671504,2500,1111.90855229357,4050686,32.1076011657715
1821,1139.1848843817,2500,1108.98272299896,4053186,32.1076011657715
1822,1105.3086824476,2500,1115.65128520571,4055686,32.1076011657715
1823,350.629489458254,752,1039.3723158842,4056438,32.1076011657715
1824,1133.83114808218,2500,1045.54135787166,4058938,32.1076011657715
1825,1117.01085604275,2500,1040.89278317651,4061438,32.1076011657715
1826,1105.89185148112,2500,1032.14973677906,4063938,32.1076011657715
1827,1161.57492365337,2500,1037.44600033,4066438,32.1076011657715
1828,1183.15700559572,2500,1044.17174667713,4068938,32.1076011657715
1829,1117.30378095356,2500,1047.08086088113,4071438,32.1076011657715
1830,1126.89329084051,2500,1054.07859129368,4073938,32.1076011657715
1831,1137.79630100641,2500,1053.93973295615,4076438,32.1076011657715
1832,1043.70803628509,2500,1047.7796683399,4078938,32.1076011657715
1833,1217.47135814544,2500,1134.46385520861,4081438,32.6118202209473
1834,1190.76696039229,2500,1140.15743643963,4083938,32.6118202209473
1835,1274.17366792917,2500,1155.87371762827,4086438,32.6118202209473
1836,1228.2809434304,2500,1168.1126268232,4088938,32.6118202209473
1837,1203.12211884652,2500,1172.26734634251,4091438,32.6118202209473
1838,1229.32034972855,2500,1176.88368075579,4093938,32.6118202209473
1839,1193.5377736976,2500,1184.5070800302,4096438,32.6118202209473
1840,1180.59385523659,2500,1189.87713646981,4098938,32.6118202209473
1841,1215.17684965786,2500,1197.61519133495,4101438,32.6118202209473
1842,1216.00273526014,2500,1214.84466123246,4103938,32.6118202209473
1843,1216.80195422673,2500,1214.77772084058,4106438,32.6118202209473
1844,1217.39090146881,2500,1217.44011494824,4108938,32.6118202209473
1845,1199.50244624941,2500,1209.97299278026,4111438,32.6118202209473
1846,1200.17698862567,2500,1207.16259729979,4113938,32.6118202209473
1847,1272.08320465175,2500,1214.05870588031,4116438,32.6118202209473
1848,1235.54048857134,2500,1214.68071976459,4118938,32.6118202209473
1849,1209.24374377984,2500,1216.25131677281,4121438,32.6118202209473
1850,1273.66459520879,2500,1225.55839077003,4123938,32.6118202209473
1851,1264.28035401449,2500,1230.4687412057,4126438,32.6118202209473
1852,1265.81679570515,2500,1235.4501472502,4128938,32.6118202209473
1853,1219.7768564189,2500,1235.74763746942,4131438,32.6118202209473
1854,1199.43225013747,2500,1233.95177233628,4133938,33.5946846008301
1855,1185.92125065608,2500,1232.59365277695,4136438,33.5946846008301
1856,1188.1859542798,2500,1231.39454934236,4138938,33.5946846008301
1857,1205.4239764753,2500,1224.72862652472,4141438,33.5946846008301
1858,1239.780145566,2500,1225.15259222418,4143938,33.5946846008301
1859,1182.22918084724,2500,1222.45113593092,4146438,33.5946846008301
1860,1201.08621250805,2500,1215.19329766085,4148938,33.5946846008301
1861,1208.8723469781,2500,1209.65249695721,4151438,33.5946846008301
1862,1201.05026015921,2500,1203.17584340261,4153938,33.5946846008301
1863,1198.33069237166,2500,1201.03122699789,4156438,33.5946846008301
1864,1189.29738653681,2500,1200.01774063783,4158938,33.5946846008301
1865,1211.47938921712,2500,1202.57355449393,4161438,33.5946846008301
1866,1194.83534085672,2500,1203.23849315162,4163938,33.5946846008301
1867,1196.77721140237,2500,1202.37381664433,4166438,33.5946846008301
1868,1207.21807354212,2500,1199.11760944194,4168938,33.5946846008301
1869,1165.93551680065,2500,1197.48824303728,4171438,33.5946846008301
1870,1186.73213204561,2500,1196.05283499104,4173938,33.5946846008301
1871,1215.12592003567,2500,1196.67819229679,4176438,33.5946846008301
1872,1200.42887956297,2500,1196.61605423717,4178938,33.5946846008301
1873,1191.04719704065,2500,1195.88770470407,4181438,33.5946846008301
1874,1202.8099976785,2500,1197.23896581824,4183938,33.5946846008301
1875,1211.13855622413,2500,1197.20488251894,4186438,33.5946846008301
1876,1177.48322586414,2500,1195.46967101968,4188938,33.5946846008301
1877,1194.42595201273,2500,1195.23454508072,4191438,32.0853576660156
1878,1194.64888436454,2500,1193.97762616296,4193938,32.0853576660156
1879,1205.68959788334,2500,1197.95303427123,4196438,32.0853576660156
1880,1205.38005766227,2500,1199.8178268329,4198938,32.0853576660156
1881,1219.74087196182,2500,1200.27932202551,4201438,32.0853576660156
1882,1113.52416255637,2500,1191.58885032485,4203938,32.0853576660156
1883,1226.74745067331,2500,1195.15887568812,4206438,32.0853576660156
1884,1216.44582839196,2500,1196.52245875946,4208938,32.0853576660156
1885,1182.59822422401,2500,1193.66842555945,4211438,32.0853576660156
1886,1207.08943396999,2500,1196.62904637003,4213938,32.0853576660156
1887,1199.49429052724,2500,1197.13588022149,4216438,32.0853576660156
1888,1206.85462960765,2500,1198.3564547458,4218938,32.0853576660156
1889,1204.86209586539,2500,1198.273704544,4221438,32.0853576660156
1890,1173.12331596049,2500,1195.04803037382,4223938,32.0853576660156
1891,1176.67191023489,2500,1190.74113420113,4226438,32.0853576660156
1892,1123.58470188006,2500,1191.7471881335,4228938,32.0853576660156
1893,1193.81299904019,2500,1188.45374297019,4231438,32.0853576660156
1894,1184.6772856808,2500,1185.27688869907,4233938,32.0853576660156
1895,1210.43254454143,2500,1188.06032073081,4236438,32.0853576660156
1896,1178.04902005605,2500,1185.15627933942,4238938,32.0853576660156
1897,1210.59672989591,2500,1186.26652327629,4241438,32.0853576660156
1898,1225.1886017711,2500,1188.09992049263,4243938,32.7249908447266
1899,1200.95771707106,2500,1187.7094826132,4246438,32.7249908447266
1900,1250.07465638471,2500,1195.40461665562,4248938,32.7249908447266
1901,1231.8905728884,2500,1200.92648292097,4251438,32.7249908447266
1902,1255.6817764525,2500,1214.13619037822,4253938,32.7249908447266
1903,1271.86843101521,2500,1221.94173357572,4256438,32.7249908447266
1904,1227.42412045553,2500,1226.21641705319,4258938,32.7249908447266
1905,1212.90400929083,2500,1226.46356352813,4261438,32.7249908447266
1906,1206.87571344296,2500,1229.34623286682,4263938,32.7249908447266
1907,1233.3254320601,2500,1231.61910308324,4266438,32.7249908447266
1908,1226.86046697159,2500,1231.78628960329,4268938,32.7249908447266
1909,1273.82305536651,2500,1239.07282343284,4271438,32.7249908447266
1910,1246.75790425546,2500,1238.74114821991,4273938,32.7249908447266
1911,1279.21238118691,2500,1243.47332904976,4276438,32.7249908447266
1912,1210.84956008571,2500,1238.99010741308,4278938,32.7249908447266
1913,1206.59850768951,2500,1232.46311508051,4281438,32.7249908447266
1914,1235.84570261536,2500,1233.30527329649,4283938,32.7249908447266
1915,1261.08492813245,2500,1238.12336518066,4286438,32.7249908447266
1916,1286.084057783,2500,1246.04419961466,4288938,32.7249908447266
1917,1236.33274608762,2500,1246.34493101741,4291438,32.7249908447266
1918,1224.06235276238,2500,1246.06511959649,4293938,32.7249908447266
1919,1283.66317282025,2500,1247.04913134186,4296438,32.7249908447266
1920,1224.72051045009,2500,1244.84539196133,4298938,32.7249908447266
1921,1214.76294209188,2500,1238.40044805183,4301438,32.5689506530762
1922,1230.66531647892,2500,1240.38202369115,4303938,32.5689506530762
1923,1287.36482659171,2500,1248.45865558137,4306438,32.5689506530762
1924,1227.26179959251,2500,1247.60026527908,4308938,32.5689506530762
1925,1229.47798047683,2500,1244.43957051352,4311438,32.5689506530762
1926,1268.00970731022,2500,1242.63213546624,4313938,32.5689506530762
1927,1304.84324604029,2500,1249.48318546151,4316438,32.5689506530762
1928,1233.30782444361,2500,1250.40773262963,4318938,32.5689506530762
1929,1272.28742367014,2500,1249.27015771462,4321438,32.5689506530762
1930,1220.14330969027,2500,1248.81243763864,4323938,32.5689506530762
1931,1248.17977937665,2500,1252.15412136712,4326438,32.5689506530762
1932,1216.9257802445,2500,1250.78016774367,4328938,32.5689506530762
1933,1236.81728220665,2500,1245.72541330517,4331438,32.5689506530762
1934,1224.4313948453,2500,1245.44237283045,4333938,32.5689506530762
1935,1269.28351310456,2500,1249.42292609322,4336438,32.5689506530762
1936,1258.87466582988,2500,1248.50942194519,4338938,32.5689506530762
1937,1265.33271945376,2500,1244.55836928653,4341438,32.5689506530762
1938,1250.81760204654,2500,1246.30934704682,4343938,32.5689506530762
1939,1211.14774393128,2500,1240.19537907294,4346438,32.5689506530762
1940,1215.6323241197,2500,1239.74428051588,4348938,32.5689506530762
1941,1237.12058594489,2500,1238.63836117271,4351438,32.5689506530762
1942,1121.70175618979,2500,1229.11595876724,4353938,33.2877616882324
1943,1190.08170297656,2500,1224.44240084423,4356438,33.2877616882324
1944,1177.84724902877,2500,1219.78398626257,4358938,33.2877616882324
1945,1196.15071122187,2500,1212.47070607431,4361438,33.2877616882324
1946,1167.10930709019,2500,1203.29417020034,4363938,33.2877616882324
1947,1192.21874565341,2500,1195.9827728203,4366438,33.2877616882324
1948,1192.72516834557,2500,1190.1735294502,4368938,33.2877616882324
1949,1106.30260694747,2500,1179.68901575182,4371438,33.2877616882324
1950,1191.40194934857,2500,1177.26597827471,4373938,33.2877616882324
1951,1170.39981584029,2500,1170.59390126425,4376438,33.2877616882324
1952,1129.4198908033,2500,1171.3657147256,4378938,33.2877616882324
1953,1198.29029907167,2500,1172.18657433511,4381438,33.2877616882324
1954,1194.85214407692,2500,1173.88706383993,4383938,33.2877616882324
1955,1222.98299515668,2500,1176.57029223341,4386438,33.2877616882324
1956,1118.33791744098,2500,1171.69315326849,4388938,33.2877616882324
1957,1192.83132439865,2500,1171.75441114301,4391438,33.2877616882324
1958,1205.81348125787,2500,1173.06324243424,4393938,33.2877616882324
1959,1153.02694458722,2500,1177.73567619822,4396438,33.2877616882324
1960,1194.42291134738,2500,1178.0377723981,4398938,33.2877616882324
1961,1177.02444741218,2500,1178.70023555529,4401438,33.2877616882324
1962,1169.79176533935,2500,1182.73742300889,4403938,33.2877616882324
1963,1171.42521452245,2500,1180.05091455397,4406438,33.2877616882324
1964,1181.4871977789,2500,1178.71441992417,4408938,33.2877616882324
1965,1202.92870292446,2500,1176.70899070094,4411438,33.2224082946777
1966,1247.60969614892,2500,1189.63616857174,4413938,33.2224082946777
1967,1207.12101090032,2500,1191.0651372219,4416438,33.2224082946777
1968,1222.04849575607,2500,1192.68863867173,4418938,33.2224082946777
1969,1180.60009881286,2500,1195.44595409429,4421438,33.2224082946777
1970,1198.26413805958,2500,1195.83007676551,4423938,33.2224082946777
1971,1212.18914743641,2500,1199.34654676793,4426438,33.2224082946777
1972,1232.62398055022,2500,1205.62976828902,4428938,33.2224082946777
1973,1207.36223875448,2500,1209.22347071222,4431438,33.2224082946777
1974,1203.69055194026,2500,1211.44380612836,4433938,33.2224082946777
1975,1258.32790116432,2500,1216.98372595234,4436438,33.2224082946777
1976,1205.34971651256,2500,1212.75772798871,4438938,33.2224082946777
1977,1209.12346319073,2500,1212.95797321775,4441438,33.2224082946777
1978,1211.33677515155,2500,1211.8868011573,4443938,33.2224082946777
1979,1202.50162322346,2500,1214.07695359836,4446438,33.2224082946777
1980,1194.73483473387,2500,1213.72402326579,4448938,33.2224082946777
1981,1190.62741474072,2500,1211.56784999622,4451438,33.2224082946777
1982,1188.93603198095,2500,1207.19905513929,4453938,33.2224082946777
1983,1196.9505179903,2500,1206.15788306287,4456438,33.2224082946777
1984,1258.11115092636,2500,1211.59994296148,4458938,33.2224082946777
1985,1247.45314732152,2500,1210.5124675772,4461438,33.2224082946777
1986,1192.36065897999,2500,1209.21356182395,4463938,33.749153137207
1987,1239.94957558898,2500,1212.29617306377,4466438,33.749153137207
1988,1285.60496661897,2500,1219.72299221051,4468938,33.749153137207
1989,1207.64451539504,2500,1220.23728142767,4471438,33.749153137207
1990,1208.88755262625,2500,1221.65255321691,4473938,33.749153137207
1991,1232.02650909373,2500,1225.79246265221,4476438,33.749153137207
1992,1226.20815476574,2500,1229.51967493069,4478938,33.749153137207
1993,1211.26359872035,2500,1230.95098300369,4481438,33.749153137207
1994,1215.42140223173,2500,1226.68200813423,4483938,33.749153137207
1995,1274.80458764859,2500,1229.41715216694,4486438,33.749153137207
1996,1198.88052240122,2500,1230.06913850906,4488938,33.749153137207
1997,1220.05414676996,2500,1228.07959562716,4491438,33.749153137207
1998,1229.52852663112,2500,1222.47195162837,4493938,33.749153137207
1999,1229.72115339551,2500,1224.67961542842,4496438,33.749153137207
2000,1255.50912175553,2500,1229.34177234135,4498938,33.749153137207
2001,1200.41543494359,2500,1226.18066492633,4501438,33.749153137207
2002,1232.96274089353,2500,1226.85612353911,4503938,33.749153137207
2003,1194.90574125448,2500,1225.22033779253,4506438,33.749153137207
2004,1250.60967099857,2500,1228.73916466921,4508938,33.749153137207
2005,1215.13626391366,2500,1222.77233229572,4511438,33.749153137207
2006,1206.06040470754,2500,1223.49032052635,4513938,33.749153137207
2007,1205.04568405643,2500,1221.989474255,4516438,33.749153137207
2008,1230.70873852242,2500,1222.10749544413,4518938,33.749153137207
2009,1217.85200173854,2500,1220.92058027843,4521438,34.0498390197754
2010,1197.34833769118,2500,1215.10450187199,4523938,34.0498390197754
2011,1119.3580341811,2500,1206.99876179575,4526438,34.0498390197754
2012,1250.6709242871,2500,1208.7695801351,4528938,34.0498390197754
2013,1226.68702866195,2500,1211.94770887585,4531438,34.0498390197754
2014,1245.4445699524,2500,1211.43119877123,4533938,34.0498390197754
2015,1238.8902647561,2500,1213.80659885548,4536438,34.0498390197754
2016,1182.13601010296,2500,1211.41415939502,4538938,34.0498390197754
2017,1200.94735650743,2500,1211.00432664012,4541438,34.0498390197754
2018,1223.53521042314,2500,1210.28697383019,4543938,34.0498390197754
2019,1190.93776163576,2500,1207.59554981991,4546438,34.0498390197754
2020,1173.05099195903,2500,1205.1658152467,4548938,34.0498390197754
2021,1194.04895040484,2500,1212.63490686907,4551438,34.0498390197754
2022,1166.06411234563,2500,1204.17422567493,4553938,34.0498390197754
2023,1192.83863657132,2500,1200.78938646586,4556438,34.0498390197754
2024,1210.80737113669,2500,1197.32566658429,4558938,34.0498390197754
2025,1118.87626588542,2500,1185.32426669722,4561438,34.0498390197754
2026,1230.11998870624,2500,1190.12266455755,4563938,34.0498390197754
2027,1021.69873906985,2500,1172.19780281379,4566438,34.0498390197754
2028,1019.50996027536,2500,1151.79527779901,4568938,34.0498390197754
2029,1181.39315234064,2500,1150.8408168695,4571438,34.0498390197754
2030,1204.09344205737,2500,1153.94506187934,4573938,33.5418586730957
2031,1216.70316613321,2500,1156.21048345217,4576438,33.5418586730957
2032,830.222730376917,2500,1122.6263452553,4578938,33.5418586730957
2033,1202.90036917969,2500,1123.63251851614,4581438,33.5418586730957
2034,1191.19281508158,2500,1121.67106291063,4583938,33.5418586730957
2035,984.809867036138,2500,1108.2644230257,4586438,33.5418586730957
2036,1139.67371120074,2500,1099.21979527515,4588938,33.5418586730957
2037,1107.24936158772,2500,1107.77485752694,4591438,33.5418586730957
2038,1234.09928597323,2500,1129.23379009672,4593938,33.5418586730957
2039,1199.86430090066,2500,1131.08090495273,4596438,33.5418586730957
2040,1186.98430209375,2500,1129.36999095636,4598938,33.5418586730957
2041,837.381402711424,2500,1091.43781461419,4601438,33.5418586730957
2042,1122.5538804716,2500,1120.67092962365,4603938,33.5418586730957
2043,1164.15953599414,2500,1116.7968463051,4606438,33.5418586730957
2044,1191.38073905705,2500,1116.81563870265,4608938,33.5418586730957
2045,1101.09906974843,2500,1128.44455897388,4611438,33.5418586730957
2046,1256.00462308337,2500,1140.07765016214,4613938,33.5418586730957
2047,1230.39396233428,2500,1152.39211023679,4616438,33.5418586730957
2048,1112.34832090989,2500,1140.21701373046,4618938,33.5418586730957
2049,1207.59421442471,2500,1140.99000508287,4621438,33.5418586730957
2050,1203.06541748163,2500,1142.59811662165,4623938,33.5418586730957
2051,1189.68256883938,2500,1177.82823323445,4626438,33.5418586730957
2052,1269.57301051498,2500,1192.53014623879,4628938,33.5418586730957
2053,949.88671769405,2500,1171.10286440878,4631438,34.1884651184082
2054,1196.46818808895,2500,1171.61160931197,4633938,34.1884651184082
2055,1107.20750437489,2500,1172.22245277461,4636438,34.1884651184082
2056,1188.05565189529,2500,1165.4275556558,4638938,34.1884651184082
2057,1113.81687838947,2500,1153.76984726132,4641438,34.1884651184082
2058,1109.06837383966,2500,1153.4418525543,4643938,34.1884651184082
2059,1031.43261488257,2500,1135.82569260009,4646438,34.1884651184082
2060,1098.88808127986,2500,1125.40795897991,4648938,34.1884651184082
2061,1196.79655743683,2500,1126.11935783965,4651438,34.1884651184082
2062,1166.93135322947,2500,1115.8551921111,4653938,34.1884651184082
2063,1209.62467368734,2500,1141.82898771043,4656438,34.1884651184082
2064,851.540812183219,2500,1107.33625011986,4658938,34.1884651184082
2065,1081.45453421409,2500,1104.76095310378,4661438,34.1884651184082
2066,849.48585374958,2500,1070.90397328921,4663938,34.1884651184082
2067,1093.84474540522,2500,1068.90675999078,4666438,34.1884651184082
2068,1200.46714611418,2500,1078.04663721824,4668938,34.1884651184082
2069,1106.03903622288,2500,1085.50727935227,4671438,34.1884651184082
2070,1207.92938211901,2500,1096.41140943618,4673938,34.1884651184082
2071,1111.49394156717,2500,1087.88114784922,4676438,34.1884651184082
2072,1142.64165991206,2500,1085.45217851748,4678938,34.1884651184082
2073,1162.54183688461,2500,1080.7438948372,4681438,34.1884651184082
2074,1167.52735181409,2500,1112.34254880029,4683938,34.1068649291992
2075,1165.963923863,2500,1120.79348776518,4686438,34.1068649291992
2076,1192.97028879194,2500,1155.14193126942,4688938,34.1068649291992
2077,1114.44610539407,2500,1157.2020672683,4691438,34.1068649291992
2078,972.304489450664,2500,1134.38580160195,4693938,34.1068649291992
2079,1248.26681280567,2500,1148.60857926023,4696438,34.1068649291992
2080,980.391072850382,2500,1125.85474833337,4698938,34.1068649291992
2081,1185.19060361281,2500,1133.22441453793,4701438,34.1068649291992
2082,966.921373430419,2500,1115.65238588977,4703938,34.1068649291992
2083,1207.34642994139,2500,1120.13284519544,4706438,34.1068649291992
2084,1194.79505866183,2500,1122.85961588022,4708938,34.1068649291992
2085,1184.71153340199,2500,1124.73437683412,4711438,34.1068649291992
2086,1203.04801808164,2500,1125.74214976309,4713938,34.1068649291992
2087,1208.0905186383,2500,1135.10659108751,4716438,34.1068649291992
2088,1220.17063754427,2500,1159.89320589687,4718938,34.1068649291992
2089,1174.83978242915,2500,1152.55050285922,4721438,34.1068649291992
2090,988.603983811405,2500,1153.37179395532,4723938,34.1068649291992
2091,1195.94434569994,2500,1154.44716816403,4726438,34.1068649291992
2092,1196.6730467385,2500,1177.42233549484,4728938,34.1068649291992
2093,1032.53529400518,2500,1159.94122190122,4731438,34.1068649291992
2094,1183.16483097947,2500,1158.77819913299,4733938,34.1068649291992
2095,1177.8182126489,2500,1158.08886705768,4736438,34.1068649291992
2096,1184.18910713288,2500,1156.2029759628,4738938,34.1068649291992
2097,69.5847709063655,121,1042.35240118961,4739059,34.1068649291992
2098,1093.20475349187,2500,1029.65581278437,4741559,33.3201599121094
2099,1118.59608090902,2500,1024.03144263235,4744059,33.3201599121094
2100,1114.69475144398,2500,1036.64051939561,4746559,33.3201599121094
2101,1195.99885925596,2500,1036.64597075121,4749059,33.3201599121094
2102,1211.68575495831,2500,1038.14724157319,4751559,33.3201599121094
2103,1126.92669958689,2500,1047.58638213136,4754059,33.3201599121094
2104,1112.45638379253,2500,1040.51553741267,4756559,33.3201599121094
2105,1097.96800274362,2500,1032.53051642214,4759059,33.3201599121094
2106,1148.45980574799,2500,1028.95758628365,4761559,33.3201599121094
2107,1099.16762133092,2500,1131.91587132611,4764059,33.3201599121094
2108,1167.27019237142,2500,1139.32241521406,4766559,33.3201599121094
2109,1215.05015654717,2500,1148.96782277788,4769059,33.3201599121094
2110,1169.7043961582,2500,1154.4687872493,4771559,33.3201599121094
2111,1083.33633338316,2500,1143.20253466202,4774059,33.3201599121094
2112,1154.36123523973,2500,1137.47008269016,4776559,33.3201599121094
2113,1226.49767802348,2500,1147.42718053382,4779059,33.3201599121094
2114,1220.08576917462,2500,1158.19011907203,4781559,33.3201599121094
2115,1199.9754673929,2500,1168.39086553696,4784059,33.3201599121094
2116,1222.07369426915,2500,1175.75225438908,4786559,33.3201599121094
2117,1117.90215609042,2500,1177.62570786503,4789059,33.3201599121094
2118,1165.07112634485,2500,1177.40580126237,4791559,34.112720489502
2119,1270.58572127244,2500,1182.9593577349,4794059,34.112720489502
2120,1211.61846420444,2500,1187.15076453952,4796559,34.112720489502
2121,1273.53245867304,2500,1206.17037706851,4799059,34.112720489502
2122,1232.08851510512,2500,1213.94310505505,4801559,34.112720489502
2123,1250.93017126127,2500,1216.38635437883,4804059,34.112720489502
2124,1054.09206519519,2500,1199.78698398088,4806559,34.112720489502
2125,1197.88081305207,2500,1199.5775185468,4809059,34.112720489502
2126,1178.92967548437,2500,1195.26311666832,4811559,34.112720489502
2127,1230.8106313417,2500,1206.55396419345,4814059,34.112720489502
2128,1173.7384290386,2500,1207.42069446282,4816559,34.112720489502
2129,1077.28433877793,2500,1188.09055621337,4819059,34.112720489502
2130,1178.77823167825,2500,1184.80653296075,4821559,34.112720489502
2131,1230.94029380273,2500,1180.54731647372,4824059,34.112720489502
2132,1085.81257278783,2500,1165.91972224199,4826559,34.112720489502
2133,1278.99631116783,2500,1168.72633623265,4829059,34.112720489502
2134,1202.62744516711,2500,1183.57987422984,4831559,34.112720489502
2135,1105.6221770133,2500,1174.35401062597,4834059,34.112720489502
2136,1258.33853422953,2500,1182.29489650048,4836559,34.112720489502
2137,1238.48799020851,2500,1183.06263238716,4839059,34.112720489502
2138,1201.28767121731,2500,1185.81755660503,4841559,34.112720489502
2139,1230.78426800073,2500,1201.16754952731,4844059,34.112720489502
2140,1127.09701893299,2500,1195.99942825279,4846559,34.112720489502
2141,1203.16438402084,2500,1193.2218372746,4849059,34.112720489502
2142,1183.25501603233,2500,1202.96608159905,4851559,33.5466346740723
2143,1122.82793739058,2500,1187.34924422132,4854059,33.5466346740723
2144,1227.08061736919,2500,1189.79456144153,4856559,33.5466346740723
2145,1204.83397816801,2500,1199.715741557,4859059,33.5466346740723
2146,934.430939005421,2500,1167.32498203459,4861559,33.5466346740723
2147,1228.63049494523,2500,1166.33923250826,4864059,33.5466346740723
2148,984.609673525482,2500,1144.67143273908,4866559,33.5466346740723
2149,1172.04207326836,2500,1138.79721326585,4869059,33.5466346740723
2150,1198.16557458035,2500,1145.90406883058,4871559,33.5466346740723
2151,1203.88729464175,2500,1145.97635989267,4874059,33.5466346740723
2152,1204.50163768792,2500,1148.10102205823,4876559,33.5466346740723
2153,1049.04824526181,2500,1140.72305284535,4879059,33.5466346740723
2154,1255.7232057304,2500,1143.58731168148,4881559,33.5466346740723
2155,1070.64793941003,2500,1130.16870780568,4884059,33.5466346740723
2156,1185.83002459843,2500,1155.30861636498,4886559,33.5466346740723
2157,1208.21610815617,2500,1153.26717768607,4889059,33.5466346740723
2158,1070.41484712824,2500,1161.84769504635,4891559,33.5466346740723
2159,1205.35839604599,2500,1165.17932732411,4894059,33.5466346740723
2160,1179.77134249443,2500,1163.33990411552,4896559,33.5466346740723
2161,1193.83847300187,2500,1162.33502195153,4899059,33.5466346740723
2162,1213.17707505648,2500,1163.20256568839,4901559,33.3366012573242
2163,1170.57732647272,2500,1175.35547380948,4904059,33.3366012573242
2164,969.087622061727,2500,1146.69191544261,4906559,33.3366012573242
2165,1245.70917799425,2500,1164.19803930103,4909059,33.3366012573242
2166,1131.57311965509,2500,1158.7723488067,4911559,33.3366012573242
2167,1098.37767102592,2500,1147.78850509367,4914059,33.3366012573242
2168,1107.88727972684,2500,1151.53574835353,4916559,33.3366012573242
2169,1078.78392444903,2500,1138.87830119384,4919059,33.3366012573242
2170,1102.6177034152,2500,1131.16293728591,4921559,33.3366012573242
2171,1062.28735892719,2500,1118.00782587845,4924059,33.3366012573242
2172,1133.87755418499,2500,1110.0778737913,4926559,33.3366012573242
2173,1256.23815554779,2500,1118.6439566988,4929059,33.3366012573242
2174,1188.54327463463,2500,1140.58952195609,4931559,33.3366012573242
2175,1157.1795476529,2500,1131.73655892196,4934059,33.3366012573242
2176,1195.2613169586,2500,1138.10537865231,4936559,33.3366012573242
2177,974.473458258386,2500,1125.71495737556,4939059,33.3366012573242
2178,1177.49745843259,2500,1132.67597524613,4941559,33.3366012573242
2179,1068.09112971247,2500,1131.60669577248,4944059,33.3366012573242
2180,1021.28382625084,2500,1123.47330805604,4946559,33.3366012573242
2181,1033.26425621354,2500,1120.57099778467,4949059,33.3366012573242
2182,1194.82944834622,2500,1126.6661872008,4951559,33.3366012573242
2183,1212.3290951999,2500,1122.27528116601,4954059,33.3366012573242
2184,1059.17493304675,2500,1109.33844700722,4956559,33.3366012573242
2185,1125.41014218754,2500,1106.16150646068,4959059,33.3366012573242
2186,1054.07098109989,2500,1092.04247287481,4961559,34.1879501342773
2187,1269.65720021101,2500,1121.56084707008,4964059,34.1879501342773
2188,1144.17325396984,2500,1118.2284266238,4966559,34.1879501342773
2189,1255.27582995546,2500,1136.9468966481,4969059,34.1879501342773
2190,1147.01746436036,2500,1149.52026045905,4971559,34.1879501342773
2191,1291.65164511321,2500,1175.35899934902,4974059,34.1879501342773
2192,1249.61627581822,2500,1180.83768209622,4976559,34.1879501342773
2193,1210.53539337728,2500,1180.65831191395,4979059,34.1879501342773
2194,1206.50567324808,2500,1195.39138593409,4981559,34.1879501342773
2195,1210.57476467725,2500,1203.90784818306,4984059,34.1879501342773
2196,1267.09865946508,2500,1225.21061601958,4986559,34.1879501342773
2197,1152.89195388683,2500,1213.53409138716,4989059,34.1879501342773
2198,1239.22984010764,2500,1223.03975000094,4991559,34.1879501342773
2199,1144.69693815269,2500,1211.98186082066,4994059,34.1879501342773
2200,1274.09519338427,2500,1224.68963372305,4996559,34.1879501342773
2201,1086.5423519161,2500,1204.17870440334,4999059,34.1879501342773
2202,1210.82306009333,2500,1200.29938283085,5001559,34.1879501342773
2203,1202.61991745309,2500,1199.50783523844,5004059,34.1879501342773
2204,1102.61414058025,2500,1189.11868197165,5006559,34.1879501342773
2205,1240.34514959988,2500,1192.09572046392,5009059,34.1879501342773
2206,101.829529985449,249,1075.56880751595,5009308,34.1879501342773
2207,956.035287804487,2500,1055.88314090772,5011808,34.4605827331543
2208,908.763054652968,2500,1022.83646236225,5014308,34.4605827331543
2209,311.188756860839,642,939.485644233066,5014950,34.4605827331543
2210,1002.91531316223,2500,912.367656210862,5017450,34.4605827331543
2211,913.919721020425,2500,895.105393121295,5019950,34.4605827331543
2212,865.249995435096,2500,860.548086655472,5022450,34.4605827331543
2213,884.414404909348,2500,828.727535401097,5024950,34.4605827331543
2214,912.85078850386,2500,809.751200193458,5027450,34.4605827331543
2215,882.301979067951,2500,773.946883140265,5029950,34.4605827331543
2216,909.019296243672,2500,854.665859766087,5032450,34.4605827331543
2217,1194.70541402512,2500,878.532872388151,5034950,34.4605827331543
2218,949.462140317946,2500,882.602780954648,5037450,34.4605827331543
2219,869.229045188204,2500,938.406809787385,5039950,34.4605827331543
2220,1208.47938511882,2500,958.963216983044,5042450,34.4605827331543
2221,840.480335579776,2500,951.619278438979,5044950,34.4605827331543
2222,999.22531798093,2500,965.016810693562,5047450,34.4605827331543
2223,957.194459636699,2500,972.294816166297,5049950,34.4605827331543
2224,1182.0124255976,2500,999.210979875671,5052450,34.4605827331543
2225,1221.42247380653,2500,1033.12302934953,5054950,34.4605827331543
2226,827.466631247698,2500,1024.96776284993,5057450,34.4605827331543
2227,1069.36957447084,2500,1012.4341788945,5059950,34.4605827331543
2228,1071.50941092633,2500,1024.63890595534,5062450,34.4605827331543
2229,1209.65515472884,2500,1058.68151690941,5064950,34.4605827331543
2230,102.255708948499,252,948.059149292374,5065202,34.4605827331543
2231,920.607040836241,2500,956.07181981802,5067702,34.2289428710938
2232,1068.88130513035,2500,963.037418532962,5070202,34.2289428710938
2233,930.098103673008,2500,960.327782936593,5072702,34.2289428710938
2234,1141.25253123227,2500,956.251793500061,5075202,34.2289428710938
2235,1233.06510033866,2500,957.416056153274,5077702,34.2289428710938
2236,1230.56230950271,2500,997.725623978775,5080202,34.2289428710938
2237,1229.61548312563,2500,1013.75021484425,5082702,34.2289428710938
2238,1181.92028618775,2500,1024.7913023704,5085202,34.2289428710938
2239,1191.1892463176,2500,1022.94471152927,5087702,34.2289428710938
2240,1210.60734356221,2500,1133.77987499064,5090202,34.2289428710938
2241,1159.18859599754,2500,1157.63803050677,5092702,34.2289428710938
2242,1252.86892217946,2500,1176.03679221168,5095202,34.2289428710938
2243,1196.5784510055,2500,1202.68482694493,5097702,34.2289428710938
2244,1126.12006812317,2500,1201.17158063402,5100202,34.2289428710938
2245,1206.7113444366,2500,1198.53620504382,5102702,34.2289428710938
2246,1210.11686963029,2500,1196.49166105658,5105202,34.2289428710938
2247,106.426172518237,272,1084.17272999584,5105474,34.2289428710938
2248,917.542967576309,2500,1057.73499813469,5107974,34.2289428710938
2249,1216.37553219347,2500,1060.25362672228,5110474,34.2289428710938
2250,1197.65700672843,2500,1058.9585930389,5112974,34.2289428710938
2251,436.003328500658,909,986.640066289213,5113883,34.2289428710938
2252,1195.10148929232,2500,980.863323000499,5116383,33.225414276123
2253,1171.59537339107,2500,978.365015239056,5118883,33.225414276123
2254,1199.60345452382,2500,985.713353879121,5121383,33.225414276123
2255,105.264533158676,265,875.568672751328,5121648,33.225414276123
2256,756.394758629319,1676,830.19646165123,5123324,33.225414276123
2257,1203.00814525662,2500,939.854658925069,5125824,33.225414276123
2258,1214.56891907695,2500,969.557254075133,5128324,33.225414276123
2259,558.162333826151,1170,903.7359342384,5129494,33.225414276123
2260,992.774670923979,2500,883.247700657956,5131994,33.225414276123
2261,938.189081114631,1948,933.466275919353,5133942,33.225414276123
2262,1197.68202370876,2500,933.724329360997,5136442,33.225414276123
2263,265.902526646164,572,843.155044686506,5137014,33.225414276123
2264,725.451016341217,1575,795.739800868246,5138589,33.225414276123
2265,845.364895509507,2500,869.749837103329,5141089,33.225414276123
2266,1121.5447404066,2306,906.264835281058,5143395,33.225414276123
2267,604.47764461447,1315,846.411785216843,5144710,33.225414276123
2268,1185.45734500866,2500,843.500627810014,5147210,33.225414276123
2269,1213.15857398238,2500,909.000251825637,5149710,33.225414276123
2270,753.04103109186,1692,885.026887842425,5151402,33.225414276123
2271,82.2071312307569,224,799.428692854038,5151626,33.225414276123
2272,77.5895688896289,224,687.419447372124,5151850,33.225414276123
2273,746.021192335011,2500,735.431313941009,5154350,33.225414276123
2274,1130.81568285628,2500,775.967780592516,5156850,33.225414276123
2275,304.33711480511,620,721.865002522076,5157470,33.225414276123
2276,1232.88476535218,2500,732.999005016634,5159970,34.4995346069336
2277,1050.56366330722,2500,777.607606885909,5162470,34.4995346069336
2278,726.799236655493,1575,731.741796050592,5164045,34.4995346069336
2279,1268.21251540114,2500,737.247190192469,5166545,34.4995346069336
2280,1239.06887878172,2500,785.849974961455,5169045,34.4995346069336
2281,75.908574203267,231,785.220119258706,5169276,34.4995346069336
2282,560.336069338504,1306,833.494769303593,5170582,34.4995346069336
2283,1270.10765910636,2500,885.903415980728,5173082,34.4995346069336
2284,1211.87354318952,2500,894.009202014052,5175582,34.4995346069336
2285,871.105509592893,1787,950.686041492831,5177369,34.4995346069336
2286,1245.02236316624,2500,951.899801274237,5179869,34.4995346069336
2287,1247.88848167854,2500,971.632283111368,5182369,34.4995346069336
2288,1227.15659165916,2500,1021.66801861174,5184869,34.4995346069336
2289,1195.51326295722,2500,1014.39809336734,5187369,34.4995346069336
2290,1216.74409377492,2500,1012.16561486666,5189869,34.4995346069336
2291,1262.48868576701,2500,1130.82362602304,5192369,34.4995346069336
2292,632.254254324998,1423,1138.01544452169,5193792,34.4995346069336
2293,97.3042829882911,244,1020.73510690988,5194036,34.4995346069336
2294,1250.58249279403,2500,1024.60600187033,5196536,34.4995346069336
2295,1229.64203856928,2500,1060.45965476797,5199036,34.4995346069336
2296,397.92794503991,821,975.750212955334,5199857,34.4995346069336
2297,186.553853608268,372,869.616750148307,5200229,34.4995346069336
2298,1218.00511316679,2500,868.70160229907,5202729,35.4077072143555
2299,611.211946784117,1325,810.27147068176,5204054,35.4077072143555
2300,377.578177969188,857,726.354879101186,5204911,35.4077072143555
2301,1265.00313935746,2500,726.606324460232,5207411,35.4077072143555
2302,1192.90823607673,2500,782.671722635406,5209911,35.4077072143555
2303,1198.40184202195,2500,892.781478538771,5212411,35.4077072143555
2304,1068.50972253286,2329,874.574201512655,5214740,35.4077072143555
2305,372.088792825539,789,788.818876938281,5215529,35.4077072143555
2306,100.987167758207,265,759.124799210111,5215794,35.4077072143555
2307,344.066113510931,961,774.876025200377,5216755,35.4077072143555
2308,1198.04366936846,2500,772.879880820545,5219255,35.4077072143555
2309,759.96777951987,1561,787.75546409412,5220816,35.4077072143555
2310,1284.12956340625,2500,878.410602637826,5223316,35.4077072143555
2311,205.348813642535,401,772.445170066334,5223717,35.4077072143555
2312,98.4978124959062,253,663.004127708251,5223970,35.4077072143555
2313,1220.07485560268,2500,665.171429066325,5226470,35.4077072143555
2314,622.568167428542,1383,620.577273555893,5227853,35.4077072143555
2315,695.03139511312,1461,652.871533784651,5229314,35.4077072143555
2316,1191.61560027641,2500,761.934377036472,5231814,35.4077072143555
2317,1021.59241544737,2219,829.687007230115,5234033,35.4077072143555
2318,229.972157411377,562,732.879856034407,5234595,35.4077072143555
2319,536.543033218163,1115,710.537381404236,5235710,35.4077072143555
2320,150.407187230963,329,597.165143786707,5236039,35.4077072143555
2321,169.238125168083,425,593.554074939262,5236464,35.4077072143555
2322,286.636725189953,605,612.367966208667,5237069,35.4077072143555
2323,61.5269616853741,233,496.513176816936,5237302,35.4077072143555
2324,73.3563526495035,206,441.591995339032,5237508,35.4077072143555
2325,733.507486145305,1489,445.43960444225,5238997,34.0261154174805
2326,983.982143454656,2019,424.676258760075,5241016,34.0261154174805
2327,555.223535368247,1152,378.039370752162,5242168,34.0261154174805
2328,114.860647189636,268,366.528219729988,5242436,34.0261154174805
2329,752.245167542879,1613,388.09843316246,5244049,34.0261154174805
2330,591.080605170526,1327,432.165774956416,5245376,34.0261154174805
2331,122.539795208367,279,427.495941960445,5245655,34.0261154174805
2332,75.1844815399309,206,406.350717595443,5245861,34.0261154174805
2333,537.214810750052,1158,453.91950250191,5247019,34.0261154174805
2334,299.999346944278,698,476.583801931388,5247717,34.0261154174805
2335,120.292695875591,297,415.262322904416,5248014,34.0261154174805
2336,123.292589190839,292,329.193367478035,5248306,34.0261154174805
2337,1179.76509555195,2500,391.647523496405,5250806,34.0261154174805
2338,333.153716795663,784,413.476830457008,5251590,34.0261154174805
2339,901.994418004573,1898,428.451755503177,5253488,34.0261154174805
2340,601.621265453947,1277,429.505821531519,5254765,34.0261154174805
2341,1225.24538066759,2500,539.776380077442,5257265,34.0261154174805
2342,348.411687080893,811,567.099100631538,5258076,34.0261154174805
2343,1244.94417489521,2500,637.872037046054,5260576,33.9110946655273
2344,887.802964615003,1899,696.652398813126,5262475,33.9110946655273
2345,1230.24058735154,2500,807.647187960721,5264975,33.9110946655273
2346,1202.13323671721,2500,915.531252713358,5267475,33.9110946655273
2347,719.303160610232,1562,869.485059219186,5269037,33.9110946655273
2348,1215.83712017653,2403,957.753399557273,5271440,33.9110946655273
2349,687.920107608464,1512,936.345968517663,5272952,33.9110946655273
2350,406.853428400822,1060,916.86918481235,5274012,33.9110946655273
2351,132.779799028687,310,807.622626648459,5274322,33.9110946655273
2352,592.139683115267,1292,831.995426251897,5275614,33.9110946655273
2353,1281.50981326125,2500,835.6519900885,5278114,33.9110946655273
2354,622.35978987366,1247,809.107672614366,5279361,33.9110946655273
2355,369.712019985766,765,723.054815877789,5280126,33.9110946655273
2356,1063.05403600865,2360,709.146895806933,5282486,33.9110946655273
2357,901.012118612875,1809,727.317791607197,5284295,33.9110946655273
2358,566.165992603617,1236,662.350678849905,5285531,33.9110946655273
2359,1129.91442051998,2455,706.550110141057,5287986,33.9110946655273
2360,1265.94671176931,2500,792.459438477906,5290486,33.9110946655273
2361,803.273821379763,1663,859.508840713013,5292149,33.9110946655273
2362,669.643984357325,1405,867.259270837219,5293554,33.9110946655273
2363,1272.95250729611,2500,866.403540240705,5296054,33.9110946655273
2364,370.694904952255,823,841.237051748565,5296877,33.9110946655273
2365,665.795352399451,1379,870.845384989933,5298256,33.9110946655273
2366,580.487655072149,1349,822.588746896283,5299605,33.9110946655273
2367,234.830388334195,526,755.970573868415,5300131,33.9110946655273
2368,456.590862118399,1021,745.013060819893,5301152,33.9110946655273
2369,368.822008439825,793,668.903819611877,5301945,33.9110946655273
2370,836.113851425528,1740,625.9205335775,5303685,34.2771682739258
2371,477.433079304613,1088,593.336459369985,5304773,34.2771682739258
2372,107.291968105541,277,537.101257744806,5305050,34.2771682739258
2373,688.284857514687,1435,478.634492766664,5306485,34.2771682739258
2374,1167.33523584581,2453,558.29852585602,5308938,34.2771682739258
2375,97.4909261552421,242,501.468083231599,5309180,34.2771682739258
2376,557.157230036478,1156,499.135040728032,5310336,34.2771682739258
2377,910.61097094963,1891,566.713098989575,5312227,34.2771682739258
2378,102.912668182861,157,531.345279596021,5312384,34.2771682739258
2379,119.378945333606,285,506.400973285399,5312669,34.2771682739258
2380,1211.30836403809,2500,543.920424546656,5315169,34.2771682739258
2381,548.706668767406,1131,551.047783492935,5316300,34.2771682739258
2382,935.960913551626,1982,633.914678037543,5318282,34.2771682739258
2383,896.791078858294,1918,654.765300171904,5320200,34.2771682739258
2384,487.255546983804,1127,586.757331285704,5321327,34.2771682739258
2385,94.9107945187801,243,586.499318122058,5321570,34.2771682739258
2386,91.5769035588376,239,539.941285474294,5321809,34.2771682739258
2387,393.160335861362,830,488.196221965467,5322639,34.2771682739258
2388,269.864185074037,570,504.891373654584,5323209,34.2771682739258
2389,1167.0491955965,2500,609.658398680874,5325709,34.3021774291992
2390,1220.42382918728,2500,610.569945195793,5328209,34.3021774291992
2391,1153.56854463567,2500,671.05613278262,5330709,34.3021774291992
2392,169.470273930184,345,594.407068820475,5331054,34.3021774291992
2393,102.90903115556,237,515.018864050202,5331291,34.3021774291992
2394,1256.13651107768,2500,591.90696045959,5333791,34.3021774291992
2395,1159.33419226786,2500,698.349300234498,5336291,34.3021774291992
2396,242.874281652941,510,713.479038043909,5336801,34.3021774291992
2397,1209.54037684274,2500,795.117042142046,5339301,34.3021774291992
2398,1226.22447406536,2500,890.753071041179,5341801,34.3021774291992
2399,1215.50426784051,2500,895.598578265579,5344301,34.3021774291992
2400,354.678940560324,849,809.024089402884,5345150,34.3021774291992
2401,1142.90257874367,2500,807.957492813684,5347650,34.3021774291992
2402,1277.68869693578,2500,918.779335114243,5350150,34.3021774291992
2403,189.460088822053,393,927.434440880892,5350543,34.3021774291992
2404,1198.21305303974,2500,921.642095077097,5353043,34.3021774291992
2405,404.543981670241,860,846.163074017335,5353903,34.3021774291992
2406,146.953517899515,325,836.570997641993,5354228,34.3021774291992
2407,150.091362023339,319,730.626096160053,5354547,34.3021774291992
2408,143.181889437504,323,622.321837697267,5354870,34.3021774291992
2409,626.483413469074,1354,563.419752260124,5356224,34.3021774291992
2410,723.918734056779,1478,600.343731609769,5357702,34.3021774291992
2411,1201.39252686323,2500,606.192726421725,5360202,34.3021774291992
2412,252.317071600454,464,503.655563888193,5360666,34.3021774291992
2413,830.019040531712,1733,567.711459059159,5362399,34.3021774291992
2414,254.123473140085,541,473.302501069194,5362940,34.3021774291992
2415,64.8399554787044,192,439.33209845004,5363132,34.3021774291992
2416,71.9740184856825,201,431.834148508657,5363333,34.3021774291992
2417,1276.10466640503,2500,544.435478946826,5365833,35.5464744567871
2418,1217.91657634059,2500,651.908947637134,5368333,35.5464744567871
2419,1217.0529031094,2500,710.965896601167,5370833,35.5464744567871
2420,1182.9831240579,2500,756.872335601279,5373333,35.5464744567871
2421,417.471843549022,870,678.480267269858,5374203,35.5464744567871
2422,39.1806715343368,163,657.166627263246,5374366,35.5464744567871
2423,522.912513814699,1086,626.455974591545,5375452,35.5464744567871
2424,1168.34983795902,2388,717.878611073438,5377840,35.5464744567871
2425,76.9235943127964,218,719.086974956847,5378058,35.5464744567871
2426,541.721877629261,1119,766.061760871205,5379177,35.5464744567871
2427,278.001128675145,627,666.251407098216,5379804,35.5464744567871
2428,551.673100974358,1166,599.627059561593,5380970,35.5464744567871
2429,218.547791376607,484,499.776548388314,5381454,35.5464744567871
2430,88.4998947171051,228,390.328225454235,5381682,35.5464744567871
2431,433.137285986865,915,391.894769698019,5382597,35.5464744567871
2432,259.949803068114,572,413.971682851397,5383169,35.5464744567871
2433,105.154677928932,245,372.19589926282,5383414,35.5464744567871
2434,135.470010493277,316,268.907916516246,5383730,35.5464744567871
2435,276.757877228839,654,288.89134480785,5384384,35.5464744567871
2436,206.835483765726,509,255.402705421497,5384893,35.5464744567871
2437,1238.09916486747,2500,351.412509040729,5387393,33.4222602844238
2438,495.041519080721,1114,345.749350851365,5388507,33.4222602844238
2439,810.18494034234,1732,404.913065747939,5390239,33.4222602844238
2440,650.311164931676,1307,461.094192769396,5391546,33.4222602844238
2441,728.21632290393,1585,490.602096461102,5393131,33.4222602844238
2442,49.6420020344788,179,469.571316357739,5393310,33.4222602844238
2443,1250.53107752623,2500,584.108956317468,5395810,33.4222602844238
2444,69.8110920512928,202,577.54306447327,5396012,33.4222602844238
2445,224.198469429966,571,572.287123693383,5396583,33.4222602844238
2446,835.300862759456,1745,635.133661592756,5398328,33.4222602844238
2447,415.370235303077,873,552.860768636316,5399201,33.4222602844238
2448,121.924874379194,274,515.549104166164,5399475,33.4222602844238
2449,117.124353462526,281,446.243045478182,5399756,33.4222602844238
2450,867.60871010202,1817,467.972799995217,5401573,33.4222602844238
2451,335.559766022634,689,428.707144307087,5402262,33.4222602844238
2452,261.331233044523,598,449.876067408092,5402860,33.4222602844238
2453,75.0328674695298,208,332.326246402422,5403068,33.4222602844238
2454,126.301964178082,302,337.975333615101,5403370,33.4222602844238
2455,875.898836079406,1918,403.145370280045,5405288,33.4222602844238
2456,1203.52847495091,2331,439.96813149919,5407619,33.4222602844238
2457,1103.44342769941,2283,508.775450738824,5409902,33.4222602844238
2458,525.786970777994,1041,549.161660378704,5410943,33.4222602844238
2459,114.164342672211,291,548.865659299672,5411234,33.4222602844238
2460,170.463311093167,368,479.151119398787,5411602,33.4222602844238
2461,96.6249349593387,232,455.257636292457,5411834,33.4222602844238
2462,210.948283570553,464,450.21934134506,5412298,33.4222602844238
2463,89.712050595789,226,451.687259657686,5412524,33.4222602844238
2464,109.930802859039,273,450.050143525782,5412797,33.4222602844238
2465,468.684712173641,975,409.328731135205,5413772,34.7686462402344
2466,1112.4756715312,2500,400.223450793235,5416272,34.7686462402344
2467,1199.4423494636,2500,409.823342969654,5418772,34.7686462402344
2468,405.983432898127,870,397.842989181667,5419642,34.7686462402344
2469,74.9427816602052,211,393.920833080466,5419853,34.7686462402344
2470,198.845585368963,516,396.759060508046,5420369,34.7686462402344
2471,1202.92901387557,2500,507.389468399669,5422869,34.7686462402344
2472,730.67543107856,1501,559.36218315047,5424370,34.7686462402344
2473,732.644345775956,1521,623.655412668486,5425891,34.7686462402344
2474,62.2832552448521,193,618.890657907068,5426084,34.7686462402344
2475,113.065609715832,250,583.328747661287,5426334,34.7686462402344
2476,56.948188876214,183,477.775999395788,5426517,34.7686462402344
2477,68.7554147599241,204,364.70730592542,5426721,34.7686462402344
2478,56.9958697207522,181,329.808549607683,5426902,34.7686462402344
2479,198.884979053769,393,342.202769347039,5427295,34.7686462402344
2480,571.544200674288,1197,379.472630877572,5428492,34.7686462402344
2481,55.2655676121621,181,264.706286251231,5428673,34.7686462402344
2482,51.9522141080217,179,196.833964554177,5428852,34.7686462402344
2483,97.9015282010156,228,133.359682796683,5429080,34.7686462402344
2484,65.669149783508,196,133.698272250549,5429276,34.7686462402344
2485,101.701576366446,253,132.56186891561,5429529,34.7686462402344
2486,1097.24518733987,2228,236.591568761975,5431757,34.8544578552246
2487,533.81263545761,1124,283.097290831744,5432881,34.8544578552246
2488,723.58384012194,1516,349.756087871863,5434397,34.8544578552246
2489,591.973631140516,1221,389.064953080537,5435618,34.8544578552246
2490,1039.86008849249,2087,435.896541862357,5437705,34.8544578552246
2491,1200.0089962389,2500,550.370884725031,5440205,34.8544578552246
2492,174.929074623892,431,562.668570776618,5440636,34.8544578552246
2493,517.72919817978,1104,604.651337774495,5441740,34.8544578552246
2494,553.80908138169,1173,653.465330934313,5442913,34.8544578552246
2495,262.140634367104,519,669.509236734379,5443432,34.8544578552246
2496,120.503485164917,372,571.835066516884,5443804,34.8544578552246
2497,420.356487089482,928,560.489451680071,5444732,34.8544578552246
2498,73.9087407968842,205,495.521941747566,5444937,34.8544578552246
2499,561.234418793244,1157,492.448020512838,5446094,34.8544578552246
2500,43.5423524683781,171,392.816246910427,5446265,34.8544578552246
2501,395.475993352663,824,312.362946621803,5447089,34.8544578552246
2502,111.060583114642,247,305.976097470878,5447336,34.8544578552246
2503,745.333721297779,1538,328.736549782678,5448874,34.8544578552246
2504,58.2633859011976,183,279.181980234629,5449057,34.8544578552246
2505,262.612364603914,525,279.22915325831,5449582,34.8544578552246
2506,213.105844952968,464,288.489389237115,5450046,34.8544578552246
2507,1061.74371279584,2183,352.628111807751,5452229,34.8544578552246
2508,47.3330765561325,185,349.970545383676,5452414,34.8544578552246
2509,57.8581985178675,189,299.632923356138,5452603,34.8544578552246
2510,79.5329962321579,209,303.231987732516,5452812,34.8544578552246
2511,41.7821066869882,166,267.862599065949,5452978,34.8544578552246
2512,53.8154315128642,183,262.138083905771,5453161,34.8544578552246
2513,229.193775069007,493,210.524089282894,5453654,34.8544578552246
2514,1194.66341000769,2500,324.164091693543,5456154,34.8740310668945
2515,1249.64463457943,2500,422.867318691095,5458654,34.8740310668945
2516,1186.62439522273,2500,520.219173718071,5461154,34.8740310668945
2517,574.988762963263,1167,471.543678734813,5462321,34.8740310668945
2518,1269.08081157175,2500,593.718452236375,5464821,34.8740310668945
2519,509.6705939452,1057,638.899691779108,5465878,34.8740310668945
2520,51.1843926524081,179,636.064831421134,5466057,34.8740310668945
2521,1256.61173464017,2500,757.547794216452,5468557,34.8740310668945
2522,1245.57155528785,2500,876.723406593951,5471057,34.8740310668945
2523,1173.84652687571,2500,971.188681774621,5473557,34.8740310668945
2524,109.553487233009,252,862.677689497153,5473809,34.8740310668945
2525,129.168626131101,271,750.63008865232,5474080,34.8740310668945
2526,90.9744212655776,227,641.065091256604,5474307,34.8740310668945
2527,661.341628426628,1387,649.700377802941,5475694,34.8740310668945
2528,90.8506416354218,225,531.877360809308,5475919,34.8740310668945
2529,1235.49276742821,2500,604.459578157609,5478419,34.8740310668945
2530,68.8069810778256,201,606.221837000151,5478620,34.8740310668945
2531,66.7722900051775,206,487.237892536651,5478826,34.8740310668945
2532,1226.6880471132,2500,485.349541719186,5481326,34.4273300170898
2533,1251.22577326825,2500,493.08746635844,5483826,34.4273300170898
2534,1231.1736957729,2500,605.249487212429,5486326,34.4273300170898
2535,1200.92308940002,2500,712.424933539321,5488826,34.4273300170898
2536,1224.82093367096,2500,825.809584779859,5491326,34.4273300170898
2537,1205.32350322697,2500,880.207772259893,5493826,34.4273300170898
2538,1251.16529645232,2500,996.239237741583,5496326,34.4273300170898
2539,1263.58111536135,2500,999.048072534896,5498826,34.4273300170898
2540,854.70148656039,1844,1077.63752308315,5500670,34.4273300170898
2541,621.710263778987,1319,1133.13132046053,5501989,34.4273300170898
2542,1257.86497535119,2500,1136.24901328433,5504489,34.4273300170898
2543,1209.63513745804,2500,1132.08994970331,5506989,34.4273300170898
2544,595.405237511354,1335,1068.51310387716,5508324,34.4273300170898
2545,1271.88511263687,2500,1075.60930620084,5510824,34.4273300170898
2546,298.801907733536,746,983.0074036071,5511570,34.4273300170898
2547,148.514787670977,311,877.326532051501,5511881,34.4273300170898
2548,1207.28705312035,2500,872.938707718304,5514381,34.4273300170898
2549,1303.23015709958,2500,876.903611892127,5516881,34.4273300170898
2550,429.556010726526,887,834.389064308741,5517768,34.4273300170898
2551,85.5123611351825,217,780.76927404436,5517985,34.4273300170898
2552,1267.96380033482,2500,781.779156542724,5520485,34.4273300170898
2553,78.1780388292817,213,668.633446679849,5520698,34.4273300170898
2554,1185.63778232051,2500,727.656701160764,5523198,34.4273300170898
2555,241.181020447439,509,624.586291941821,5523707,34.4273300170898
2556,1209.33675938191,2500,715.639777106658,5526207,34.4273300170898
2557,638.916477732491,1247,764.67994611281,5527454,34.4273300170898
2558,81.2300233311522,216,652.07424313389,5527670,34.4273300170898
2559,1300.15023967061,2500,651.766251390993,5530170,33.9524879455566
2560,375.698693059888,814,646.380519624329,5530984,33.9524879455566
2561,1291.62176877484,2500,766.991460388295,5533484,33.9524879455566
2562,909.19984404791,1798,731.115064759604,5535282,33.9524879455566
2563,1189.90294493345,2500,842.287555370021,5537782,33.9524879455566
2564,1245.80592112618,2500,848.304369250589,5540282,33.9524879455566
2565,1264.64120937451,2500,950.650388143296,5542782,33.9524879455566
2566,81.8093073392346,229,837.897642939028,5543011,33.9524879455566
2567,1282.07037334485,2500,902.213032500264,5545511,33.9524879455566
2568,1294.50829636739,2500,1023.54085980389,5548011,33.9524879455566
2569,1309.18030324634,2500,1024.44386616146,5550511,33.9524879455566
2570,1280.26327947271,2500,1114.90032480274,5553011,33.9524879455566
2571,1298.49098674331,2500,1115.58724659959,5555511,33.9524879455566
2572,1271.69898413016,2500,1151.83716060781,5558011,33.9524879455566
2573,72.2691821132832,201,1040.0737843258,5558212,33.9524879455566
2574,1322.93738732073,2500,1047.78693094525,5560712,33.9524879455566
2575,1290.94306215018,2500,1050.41711622282,5563212,33.9524879455566
2576,1120.26415237249,2500,1154.26260072614,5565712,34.7145538330078
2577,927.844304618785,2500,1118.83999385354,5568212,34.7145538330078
2578,1166.2862170123,2500,1106.01778591803,5570712,34.7145538330078
2579,1125.01738351794,2500,1087.60149394519,5573212,34.7145538330078
2580,1003.59822174214,2500,1059.93498817213,5575712,34.7145538330078
2581,976.611896023666,2500,1027.74707910017,5578212,34.7145538330078
2582,1121.35670668116,2500,1012.71285135527,5580712,34.7145538330078
2583,1008.64063744667,2500,1106.34999688861,5583212,34.7145538330078
2584,1025.98612343517,2500,1076.65487050005,5585712,34.7145538330078
2585,633.943310584975,1481,1010.95489534353,5587193,34.7145538330078
2586,1052.92487592801,2500,1004.22096769908,5589693,34.7145538330078
2587,1003.21404431896,2500,1011.7579416691,5592193,34.7145538330078
2588,641.200196710174,1621,959.249339638887,5593814,34.7145538330078
2589,725.490713486631,1955,919.296672635755,5595769,34.7145538330078
2590,906.557481315617,2500,909.592598593103,5598269,34.7145538330078
2591,449.630369453989,1075,856.894445936135,5599344,34.7145538330078
2592,1169.21670386262,2500,861.680445654281,5601844,34.7145538330078
2593,1008.44899677184,2500,861.661281586798,5604344,34.7145538330078
2594,283.761305871879,627,787.438799830469,5604971,34.7145538330078
2595,988.915703584775,2326,822.936039130449,5607297,34.7145538330078
2596,844.39125028412,2166,802.08267656606,5609463,34.7145538330078
2597,691.156875165295,1557,770.876959650694,5611020,34.7145538330078
2598,650.475012784755,1461,771.804441258152,5612481,34.7145538330078
2599,1050.81473007538,2500,804.336842917027,5614981,34.7145538330078
2600,327.250337692596,802,746.406128554725,5615783,34.7145538330078
2601,300.862217184005,782,731.529313327726,5616565,34.7145538330078
2602,1044.00495360905,2500,719.00813830237,5619065,34.7145538330078
2603,1231.83630498051,2500,741.346869123237,5621565,34.4638671875
2604,1249.99226117402,2500,837.969964653451,5624065,34.4638671875
2605,730.144704669531,1471,812.092864761927,5625536,34.4638671875
2606,810.621464105274,1653,808.715886144042,5627189,34.4638671875
2607,1218.37701243579,2500,861.437899871092,5629689,34.4638671875
2608,1258.0669126299,2500,922.197089855606,5632189,34.4638671875
2609,1221.72274051199,2500,939.287890899267,5634689,34.4638671875
2610,842.47046141876,1699,990.809903271883,5636388,34.4638671875
2611,1172.23322044495,2500,1077.94700359798,5638888,34.4638671875
2612,812.377459250226,1815,1054.78425416209,5640703,34.4638671875
2613,1231.3385862173,2500,1054.73448228577,5643203,34.4638671875
2614,1193.85889002009,2500,1049.12114517038,5645703,34.4638671875
2615,111.226003857053,254,987.229275089133,5645957,34.4638671875
2616,882.54439903668,2020,994.421568582273,5647977,34.4638671875
2617,1172.79992720826,2500,989.86386005952,5650477,34.4638671875
2618,1177.45434517308,2500,981.802603313839,5652977,34.4638671875
2619,1225.59057995782,2500,982.189387258423,5655477,34.4638671875
2620,689.406173096243,1390,966.882958426171,5656867,35.4363327026367
2621,1222.32805240209,2500,971.892441621885,5659367,35.4363327026367
2622,1248.67853846483,2500,1015.52254954335,5661867,35.4363327026367
2623,1236.27715188511,2500,1016.01640611013,5664367,35.4363327026367
2624,1229.05463388282,2500,1019.5359804964,5666867,35.4363327026367
2625,1151.25964475334,2500,1123.53934458603,5669367,35.4363327026367
2626,1249.75022860407,2500,1160.25992754277,5671867,35.4363327026367
2627,1203.80340189828,2500,1163.36027501177,5674367,35.4363327026367
2628,1253.54860039267,2500,1170.96970053373,5676867,35.4363327026367
2629,1146.89567681001,2500,1163.10021021895,5679367,35.4363327026367
2630,1230.51564753297,2500,1217.21115766262,5681867,35.4363327026367
2631,1253.12878371146,2500,1220.29123079356,5684367,35.4363327026367
2632,1217.23169757059,2500,1217.14654670413,5686867,35.4363327026367
2633,1189.84672382179,2500,1212.5035038978,5689367,35.4363327026367
2634,778.111984906816,1667,1167.4092390002,5691034,35.4363327026367
2635,1236.7852029867,2500,1175.96179482354,5693534,35.4363327026367
2636,1234.3226837604,2500,1174.41904033917,5696034,35.4363327026367
2637,1213.61308537616,2500,1175.40000868696,5698534,35.4363327026367
2638,1239.78362026624,2500,1174.02351067431,5701034,35.4363327026367
2639,1226.94276745271,2500,1182.02821973858,5703534,35.4363327026367
2640,1222.93984615508,2500,1181.27063960079,5706034,35.4363327026367
2641,1209.5686882241,2500,1176.91463005206,5708534,35.4363327026367
2642,965.779755115021,1966,1151.7694358065,5710500,35.4363327026367
2643,1233.77041050384,2500,1156.16180447471,5713000,35.4363327026367
2644,1235.78736585119,2500,1201.92934256914,5715500,35.4363327026367
2645,1216.12432466949,2500,1199.86325473742,5718000,35.4363327026367
2646,1208.56373282665,2500,1197.28735964405,5720500,35.4363327026367
2647,1277.9380422917,2500,1203.7198553356,5723000,34.3429222106934
2648,1171.7774212924,2500,1196.91923543822,5725500,34.3429222106934
2649,1203.17766027337,2500,1194.54272472028,5728000,34.3429222106934
2650,1277.04930628477,2500,1199.95367073325,5730500,34.3429222106934
2651,1283.08224674214,2500,1207.30502658506,5733000,34.3429222106934
2652,1269.32825559532,2500,1237.65987663309,5735500,34.3429222106934
2653,1226.9065520424,2500,1236.97349078694,5738000,34.3429222106934
2654,1303.12765187323,2500,1243.70751938915,5740500,34.3429222106934
2655,1319.07298281486,2500,1254.00238520368,5743000,34.3429222106934
2656,1271.97358726716,2500,1260.34337064773,5745500,34.3429222106934
2657,1197.03722559384,2500,1252.25328897795,5748000,34.3429222106934
2658,1216.41927057198,2500,1256.71747390591,5750500,34.3429222106934
2659,1273.3470910626,2500,1263.73441698483,5753000,34.3429222106934
2660,1296.98728313327,2500,1265.72821466968,5755500,34.3429222106934
2661,1340.91479666148,2500,1271.51146966161,5758000,34.3429222106934
2662,1236.14122576829,2500,1268.19276667891,5760500,34.3429222106934
2663,1289.36655196155,2500,1274.43876667082,5763000,34.3429222106934
2664,1288.65263962697,2500,1272.9912654462,5765500,34.151725769043
2665,1259.57788363887,2500,1267.0417555286,5768000,34.151725769043
2666,1267.9320440715,2500,1266.63760120903,5770500,34.151725769043
2667,1323.37142297931,2500,1279.27102094758,5773000,34.151725769043
2668,1261.30967825453,2500,1283.76006171584,5775500,34.151725769043
2669,1247.16252822467,2500,1281.14160543204,5778000,34.151725769043
2670,1283.85259685378,2500,1279.82813680409,5780500,34.151725769043
2671,1229.5440409315,2500,1268.6910612311,5783000,34.151725769043
2672,1304.4188845033,2500,1275.5188271046,5785500,34.151725769043
2673,1269.71773952576,2500,1273.55394586102,5788000,34.151725769043
2674,1280.28965686535,2500,1272.71764758486,5790500,34.151725769043
2675,1294.07675000022,2500,1276.16753422099,5793000,34.151725769043
2676,1301.67079375364,2500,1279.54140918921,5795500,34.151725769043
2677,1269.20365014212,2500,1274.12463190549,5798000,34.151725769043
2678,1274.5359846176,2500,1275.44726254179,5800500,34.151725769043
2679,1334.86732325362,2500,1284.21774204469,5803000,34.151725769043
2680,1302.36887890969,2500,1286.06937025028,5805500,34.151725769043
2681,1285.88560536862,2500,1291.70352669399,5808000,34.151725769043
2682,1239.11088651435,2500,1285.1727268951,5810500,34.151725769043
2683,1255.67381085703,2500,1283.76833402822,5813000,34.151725769043
2684,1284.94334915855,2500,1284.23370325754,5815500,34.151725769043
2685,1301.88949103977,2500,1285.0149773615,5818000,34.151725769043
2686,1281.23907275379,2500,1282.97180526151,5820500,34.151725769043
2687,1261.09522468276,2500,1282.16096271558,5823000,34.151725769043
2688,1303.66511723885,2500,1285.0738759777,5825500,34.151725769043
2689,1278.79231371432,2500,1279.46637502377,5828000,34.151725769043
2690,1307.17959659796,2500,1279.9474467926,5830500,34.151725769043
2691,1173.99471397089,2500,1268.75835765283,5833000,36.043586730957
2692,1027.20019379436,2500,1247.56728838083,5835500,36.043586730957
2693,1282.92540796313,2500,1250.29244809144,5838000,36.043586730957
2694,1141.12872369719,2500,1235.9109855453,5840500,36.043586730957
2695,1157.45728988014,2500,1221.46776542934,5843000,36.043586730957
2696,1271.41676783659,2500,1220.48553493762,5845500,36.043586730957
2697,1224.97298420147,2500,1216.87331088949,5848000,36.043586730957
2698,1153.09090551552,2500,1201.81588971716,5850500,36.043586730957
2699,1039.01746667274,2500,1177.838405013,5853000,36.043586730957
2700,1237.18221804435,2500,1170.83866715764,5855500,36.043586730957
2701,1306.46938864618,2500,1184.08613462517,5858000,36.043586730957
2702,1037.73038399413,2500,1185.13915364514,5860500,36.043586730957
2703,1026.8065514027,2500,1159.5272679891,5863000,36.043586730957
2704,985.993785042744,2500,1144.01377412366,5865500,36.043586730957
2705,1098.83514449404,2500,1138.15155958505,5868000,36.043586730957
2706,1137.42280027214,2500,1124.7521628286,5870500,36.043586730957
2707,1201.48179949803,2500,1122.40304435826,5873000,36.043586730957
2708,1110.52561679208,2500,1118.14651548591,5875500,36.6333465576172
2709,1086.75621055473,2500,1122.92038987411,5878000,36.6333465576172
2710,1190.705670728,2500,1118.27273514248,5880500,36.6333465576172
2711,1153.65893170674,2500,1102.99168944853,5883000,36.6333465576172
2712,1166.81439095918,2500,1115.90009014504,5885500,36.6333465576172
2713,1282.19041170605,2500,1141.43847617537,5888000,36.6333465576172
2714,1011.72645806758,2500,1144.01174347786,5890500,36.6333465576172
2715,1197.72338611956,2500,1153.90056764041,5893000,36.6333465576172
2716,1123.56799364697,2500,1152.51508697789,5895500,36.6333465576172
2717,1115.30678069222,2500,1143.89758509731,5898000,36.6333465576172
2718,1106.02049577448,2500,1143.44707299555,5900500,36.6333465576172
2719,1146.27188693232,2500,1149.39864063331,5903000,36.6333465576172
2720,1226.56234633406,2500,1152.98430819392,5905500,36.6333465576172
2721,1193.86226129258,2500,1157.0046411525,5908000,36.6333465576172
2722,1065.35968947175,2500,1146.85917100376,5910500,36.6333465576172
2723,1189.0909466971,2500,1137.54922450286,5913000,36.6333465576172
2724,1074.5796103157,2500,1143.83453972767,5915500,36.6333465576172
2725,1048.63294633064,2500,1128.92549574878,5918000,36.6333465576172
2726,1234.88754999091,2500,1140.05745138318,5920500,36.6333465576172
2727,1136.99373146022,2500,1142.22614645997,5923000,36.6333465576172
2728,1182.42646338757,2500,1149.86674322128,5925500,36.6333465576172
2729,1212.45770127166,2500,1156.48532465522,5928000,36.6333465576172
2730,1197.26013989635,2500,1153.55510401145,5930500,36.6333465576172
2731,1261.51534090461,2500,1160.32041197265,5933000,36.6333465576172
2732,1216.75707806164,2500,1175.46015083164,5935500,36.6333465576172
2733,1207.76720417014,2500,1177.32777657895,5938000,36.6333465576172
2734,1060.27834616959,2500,1175.89765016434,5940500,36.6333465576172
2735,1127.98984709763,2500,1183.83334024103,5943000,37.1875152587891
2736,1120.85566907334,2500,1172.43015214928,5945500,37.1875152587891
2737,1125.60680518728,2500,1171.29145952198,5948000,37.1875152587891
2738,1084.9683838516,2500,1161.54565156839,5950500,37.1875152587891
2739,1237.20719043562,2500,1164.02060048478,5953000,37.1875152587891
2740,1161.2461631635,2500,1160.4192028115,5955500,37.1875152587891
2741,1230.93720457015,2500,1157.36138917805,5958000,37.1875152587891
2742,1211.79287950324,2500,1156.86496932221,5960500,37.1875152587891
2743,1256.30607884489,2500,1161.71885678968,5963000,37.1875152587891
2744,1127.92378139802,2500,1168.48340031253,5965500,37.1875152587891
2745,1095.6256249464,2500,1165.2469780974,5968000,37.1875152587891
2746,1073.00826802712,2500,1160.46223799278,5970500,37.1875152587891
2747,1182.0493507336,2500,1166.10649254741,5973000,37.1875152587891
2748,1224.4989547579,2500,1180.05954963804,5975500,37.1875152587891
2749,1121.7415081247,2500,1168.51298140695,5978000,37.1875152587891
2750,1207.27135989909,2500,1173.11550108051,5980500,37.1875152587891
2751,1004.80856505911,2500,1150.50263712941,5983000,37.1875152587891
2752,1077.01769691118,2500,1137.0251188702,5985500,37.4751892089844
2753,955.392875117346,2500,1106.93379849745,5988000,37.4751892089844
2754,967.120457677785,2500,1090.85346612542,5990500,37.4751892089844
2755,1022.29771900655,2500,1083.52067553144,5993000,37.4751892089844
2756,1092.2441153193,2500,1085.44426026065,5995500,37.4751892089844
2757,1113.82290512717,2500,1078.62161570001,5998000,37.4751892089844
2758,946.670068741812,2500,1050.8387270984,6000500,37.4751892089844
2759,1095.45756864609,2500,1048.21033315054,6003000,37.4751892089844
2760,1086.49531952814,2500,1036.13272911345,6005500,37.4751892089844
2761,950.123878888096,2500,1030.66426049635,6008000,37.4751892089844
2762,969.595306711157,2500,1019.92202147634,6010500,37.4751892089844
2763,1085.9522474335,2500,1032.97795870796,6013000,37.4751892089844
2764,1095.42361472119,2500,1045.8082744123,6015500,37.4751892089844
2765,1005.11903634727,2500,1044.09040614637,6018000,37.4751892089844
2766,1054.51272970601,2500,1040.31726758504,6020500,37.4751892089844
2767,1007.81867766746,2500,1029.71684483907,6023000,37.4751892089844
2768,986.953372880913,2500,1033.74517525298,6025500,37.4751892089844
2769,985.364660884617,2500,1022.73588447684,6028000,37.4751892089844
2770,979.50020991131,2500,1012.03637351515,6030500,37.4751892089844
2771,1020.12293131144,2500,1019.03627875749,6033000,37.4751892089844
2772,1108.77679469258,2500,1032.95442755563,6035500,37.4751892089844
2773,991.96585067956,2500,1023.55578788023,6038000,37.4751892089844
2774,970.735674736571,2500,1011.08699388177,6040500,37.4751892089844
2775,968.774686667395,2500,1007.45255891378,6043000,37.4751892089844
2776,978.655209470022,2500,999.866806890186,6045500,37.4751892089844
2777,1129.05534269297,2500,1011.99047339274,6048000,37.4751892089844
2778,958.547411759884,2500,1009.14987728063,6050500,37.4751892089844
2779,1023.20120771584,2500,1012.93353196376,6053000,37.1760482788086
2780,994.030058550475,2500,1014.38651682767,6055500,37.1760482788086
2781,1182.47201387718,2500,1030.62142508425,6058000,37.1760482788086
2782,1002.18364133159,2500,1019.96210974815,6060500,37.1760482788086
2783,1029.44900685637,2500,1023.71042536583,6063000,37.1760482788086
2784,966.445998016434,2500,1023.28145769382,6065500,37.1760482788086
2785,904.783105803757,2500,1016.88229960745,6068000,37.1760482788086
2786,990.799028920783,2500,1018.09668155253,6070500,37.1760482788086
2787,1053.23387874374,2500,1010.51453515761,6073000,37.1760482788086
2788,945.418761132149,2500,1009.20167009483,6075500,37.1760482788086
2789,890.930211052946,2500,995.974570428542,6078000,37.1760482788086
2790,952.586512759272,2500,991.830215849422,6080500,37.1760482788086
2791,1020.76111791002,2500,975.659126252706,6083000,37.1760482788086
2792,905.747860947375,2500,966.015548214284,6085500,37.1760482788086
2793,1012.1701090241,2500,964.287658431057,6088000,37.1760482788086
2794,1066.04084146275,2500,974.247142775689,6090500,37.1760482788086
2795,1002.74122196744,2500,984.042954392057,6093000,37.1760482788086
2796,738.248768425732,2500,958.787928342552,6095500,38.1126518249512
2797,457.533910561017,2500,899.21793152428,6098000,38.1126518249512
2798,604.170099417162,2500,865.093065352781,6100500,38.1126518249512
2799,576.809387543574,2500,833.680983001844,6103000,38.1126518249512
2800,985.478561399771,2500,836.970187865894,6105500,38.1126518249512
2801,458.437077747643,2500,780.737783849656,6108000,38.1126518249512
2802,479.682225486995,2500,738.131220303618,6110500,38.1126518249512
2803,434.471945839554,2500,680.361403985164,6113000,38.1126518249512
2804,626.127442997011,2500,636.37006413859,6115500,38.1126518249512
2805,575.300895465851,2500,593.626031488431,6118000,38.1126518249512
2806,761.839179304977,2500,595.985072576356,6120500,38.1126518249512
2807,450.341837819318,2500,595.265865302186,6123000,38.1126518249512
2808,532.310128106689,2500,588.079868171138,6125500,38.1126518249512
2809,632.15358766122,2500,593.614288182903,6128000,38.1126518249512
2810,629.612776503896,2500,558.027709693316,6130500,38.1126518249512
2811,617.759548406324,2500,573.959956759184,6133000,38.1126518249512
2812,505.909240815897,2500,576.582658292074,6135500,38.1126518249512
2813,623.888876044639,2500,595.524351312582,6138000,38.1126518249512
2814,370.584399808492,2500,569.97004699373,6140500,38.1126518249512
2815,615.706126195109,2500,574.010570066656,6143000,38.1126518249512
2816,600.396582203816,2500,557.86631035654,6145500,38.1126518249512
2817,527.86888820434,2500,565.619015395042,6148000,38.1126518249512
2818,503.911250168383,2500,562.779127601212,6150500,38.1126518249512
2819,512.911244516138,2500,550.854893286703,6153000,38.1126518249512
2820,611.845355714967,2500,549.07815120781,6155500,38.1126518249512
2821,488.636707365689,2500,536.165867103747,6158000,38.1126518249512
2822,438.86144908948,2500,529.461087931105,6160500,38.1126518249512
2823,639.826374903725,2500,531.054837817014,6163000,36.9051933288574
2824,726.700691708873,2500,566.666467007052,6165500,36.9051933288574
2825,465.143150854234,2500,551.610169472964,6168000,36.9051933288574
2826,786.278529777841,2500,570.198364230367,6170500,36.9051933288574
2827,524.222344010313,2500,569.833709810964,6173000,36.9051933288574
2828,963.220627580685,2500,615.764647552195,6175500,36.9051933288574
2829,530.175712866927,2500,617.491094387274,6178000,36.9051933288574
2830,602.213725988962,2500,616.527931414673,6180500,36.9051933288574
2831,635.961302918509,2500,631.260390969955,6183000,36.9051933288574
2832,780.104108191909,2500,665.384656880198,6185500,36.9051933288574
2833,641.549863352065,2500,665.557005725032,6188000,36.9051933288574
2834,672.004203650444,2500,660.087356919189,6190500,36.9051933288574
2835,758.856132405219,2500,689.458655074287,6193000,36.9051933288574
2836,648.967417903253,2500,675.727543886829,6195500,36.9051933288574
2837,747.414104028234,2500,698.046719888621,6198000,36.9051933288574
2838,498.66120829837,2500,651.590777960389,6200500,36.9051933288574
2839,1075.79152475185,2500,706.152359148881,6203000,36.9051933288574
2840,1193.6492569742,2500,765.295912247404,6205500,36.2067489624023
2841,1256.7798224982,2500,827.377764205373,6208000,36.2067489624023
2842,1232.46491624184,2500,872.613845010367,6210500,36.2067489624023
2843,1288.6584233732,2500,937.324701012481,6213000,36.2067489624023
2844,903.318042994074,2500,960.456084946844,6215500,36.2067489624023
2845,1222.03946578718,2500,1006.77441828504,6218000,36.2067489624023
2846,1203.62748006546,2500,1062.24042450126,6220500,36.2067489624023
2847,525.842593823047,2500,1040.08327348074,6223000,36.2067489624023
2848,1236.26364060583,2500,1113.84351671149,6225500,36.2067489624023
2849,1297.82298707622,2500,1136.04666294392,6228000,36.2067489624023
2850,1294.50611892676,2500,1146.13234913918,6230500,36.2067489624023
2851,1213.78638922654,2500,1141.83300581202,6233000,36.2067489624023
2852,1246.31333323745,2500,1143.21784751158,6235500,36.2067489624023
2853,620.298756528471,2500,1076.3818808271,6238000,36.2067489624023
2854,728.322628724667,2500,1058.88233940016,6240500,36.2067489624023
2855,1205.62481589269,2500,1057.24087441071,6243000,36.2067489624023
2856,1235.67157897374,2500,1060.44528430154,6245500,36.2067489624023
2857,1215.80157242135,2500,1129.44118216137,6248000,36.2067489624023
2858,1272.12793510632,2500,1133.02761161142,6250500,36.2067489624023
2859,1275.99539711125,2500,1130.84485261492,6253000,36.2067489624023
2860,1260.4110788374,2500,1127.43534860599,6255500,36.2067489624023
2861,643.25845677355,2500,1070.38255536069,6258000,36.2067489624023
2862,776.3574687755,2500,1023.38696891449,6260500,36.2067489624023
2863,766.168642420295,2500,1037.97395750368,6263000,36.2067489624023
2864,1227.3944577664,2500,1087.88114040785,6265500,36.2067489624023
2865,1205.17936337625,2500,1087.8365951562,6268000,36.2067489624023
2866,1230.42976245169,2500,1087.312413504,6270500,36.2067489624023
2867,1321.71743380768,2500,1097.90399964263,6273000,38.5905380249023
2868,1248.24883689673,2500,1095.51608982167,6275500,38.5905380249023
2869,1301.38883687188,2500,1098.05543379774,6278000,38.5905380249023
2870,1289.84752148855,2500,1100.99907806285,6280500,38.5905380249023
2871,1294.53083543686,2500,1166.12631592918,6283000,38.5905380249023
2872,1301.93180007428,2500,1218.68374905906,6285500,38.5905380249023
2873,1306.6230676028,2500,1272.72919157731,6288000,38.5905380249023
2874,1312.63908385064,2500,1281.25365418574,6290500,38.5905380249023
2875,1209.20162216357,2500,1281.65588006447,6293000,38.5905380249023
2876,1318.62045491843,2500,1290.47494931114,6295500,38.5905380249023
2877,1241.73928632185,2500,1282.47713456256,6298000,38.5905380249023
2878,1320.20973853355,2500,1289.67322472624,6300500,38.5905380249023
2879,1288.55033919045,2500,1288.3893749581,6303000,38.5905380249023
2880,1274.7518692699,2500,1286.87980973623,6305500,38.5905380249023
2881,1246.12451545403,2500,1282.03917773795,6308000,38.5905380249023
2882,1286.96309394357,2500,1280.54230712488,6310500,38.5905380249023
2883,1295.01637599807,2500,1279.38163796441,6313000,38.5905380249023
2884,1258.78748295391,2500,1273.99647787473,6315500,38.7142295837402
2885,1318.86860351342,2500,1284.96317600972,6318000,38.7142295837402
2886,1295.74301535245,2500,1282.67543205312,6320500,38.7142295837402
2887,1223.03005289221,2500,1280.80450871016,6323000,38.7142295837402
2888,1327.84601955582,2500,1281.56813681238,6325500,38.7142295837402
2889,1228.35477362796,2500,1275.54858025613,6328000,38.7142295837402
2890,1257.8027354858,2500,1273.85366687772,6330500,38.7142295837402
2891,1326.78334350697,2500,1281.91954968302,6333000,38.7142295837402
2892,1278.91103671825,2500,1281.11434396049,6335500,38.7142295837402
2893,1277.63072259803,2500,1279.37577862048,6338000,38.7142295837402
2894,1269.67055508314,2500,1280.4640858334,6340500,38.7142295837402
2895,1319.95336003083,2500,1280.57256148514,6343000,38.7142295837402
2896,1291.82611226846,2500,1280.18087117675,6345500,38.7142295837402
2897,1239.77521428473,2500,1281.855387316,6348000,38.7142295837402
2898,1245.64973298669,2500,1273.63575865909,6350500,38.7142295837402
2899,1317.1534233931,2500,1282.5156236356,6353000,38.7142295837402
2900,1237.62461961421,2500,1280.49781204844,6355500,38.7142295837402
2901,1301.2517114725,2500,1277.94464884499,6358000,38.7142295837402
2902,1243.12048394807,2500,1274.36559356798,6360500,38.7142295837402
2903,1300.65844206341,2500,1276.66836551451,6363000,38.7142295837402
2904,1270.68417288111,2500,1276.76972729431,6365500,38.7142295837402
2905,1313.57684420661,2500,1276.13207571189,6368000,38.7142295837402
2906,1251.95722629406,2500,1272.14518711445,6370500,38.7142295837402
2907,1269.90645011933,2500,1275.15831069791,6373000,38.7142295837402
2908,1324.23219159047,2500,1283.01655655829,6375500,38.7142295837402
2909,1260.25598037027,2500,1277.326812256,6378000,38.7142295837402
2910,1253.25880925876,2500,1278.89023122046,6380500,38.7142295837402
2911,1189.62126437841,2500,1267.72718651105,6383000,37.8376121520996
2912,1246.03382772926,2500,1268.01852088917,6385500,37.8376121520996
2913,1254.58716819324,2500,1263.41139350215,6388000,37.8376121520996
2914,1251.61320221745,2500,1261.50429643579,6390500,37.8376121520996
2915,1227.22866566993,2500,1252.86947858212,6393000,37.8376121520996
2916,1246.84083953542,2500,1252.35783990625,6395500,37.8376121520996
2917,1244.61953939436,2500,1249.82914883376,6398000,37.8376121520996
2918,1300.46042054109,2500,1247.45197172882,6400500,37.8376121520996
2919,1248.96956059338,2500,1246.32332975113,6403000,37.8376121520996
2920,1233.05814337748,2500,1244.303263163,6405500,37.8376121520996
2921,1228.55245446246,2500,1248.19638217141,6408000,37.8376121520996
2922,1340.86298900673,2500,1257.67929829915,6410500,37.8376121520996
2923,1268.15776288823,2500,1259.03635776865,6413000,37.8376121520996
2924,1242.81025399485,2500,1258.15606294639,6415500,37.8376121520996
2925,1294.04696428469,2500,1264.83789280787,6418000,37.8376121520996
2926,1288.98603126804,2500,1269.05241198113,6420500,37.8376121520996
2927,1234.18625631899,2500,1268.00908367359,6423000,37.8376121520996
2928,1242.8549627403,2500,1262.24853789352,6425500,38.2012176513672
2929,1223.78530162651,2500,1259.73011199683,6428000,38.2012176513672
2930,1227.15958683842,2500,1259.14025634292,6430500,38.2012176513672
2931,1218.80811159168,2500,1258.16582205584,6433000,38.2012176513672
2932,1214.37833233056,2500,1245.51735638823,6435500,38.2012176513672
2933,1229.27338371876,2500,1241.62891847128,6438000,38.2012176513672
2934,1219.53123443507,2500,1239.3010165153,6440500,38.2012176513672
2935,1244.57569679844,2500,1234.35388976668,6443000,38.2012176513672
2936,1204.54260826903,2500,1225.90954746678,6445500,38.2012176513672
2937,1224.65270638136,2500,1224.95619247301,6448000,38.2012176513672
2938,1221.31365845267,2500,1222.80206204425,6450500,38.2012176513672
2939,1113.52908233281,2500,1211.77644011488,6453000,38.2012176513672
2940,1217.41279308406,2500,1210.80176073944,6455500,38.2012176513672
2941,1243.96297224543,2500,1213.31724680482,6458000,38.2012176513672
2942,1228.85688612966,2500,1214.76510218473,6460500,38.2012176513672
2943,1196.76900517541,2500,1211.51466433039,6463000,38.2012176513672
2944,1281.22217609784,2500,1217.68375849667,6465500,38.2012176513672
2945,1225.25581648397,2500,1215.75177046523,6468000,38.2012176513672
2946,1219.26513847366,2500,1217.22402348569,6470500,38.2012176513672
2947,1220.27788238318,2500,1216.78654108587,6473000,38.2012176513672
2948,1220.59533236584,2500,1216.71470847719,6475500,38.2012176513672
2949,1220.37197664432,2500,1227.39899790834,6478000,38.2012176513672
2950,1213.24728439105,2500,1226.98244703904,6480500,38.2012176513672
2951,1231.43810978747,2500,1225.72996079324,6483000,38.2012176513672
2952,1209.47362269377,2500,1223.79163444965,6485500,38.2012176513672
2953,1265.85809331855,2500,1230.70054326397,6488000,38.2012176513672
2954,1239.28758236195,2500,1226.50708389038,6490500,38.2012176513672
2955,1213.26820238003,2500,1225.30832247998,6493000,38.7588882446289
2956,1118.76233004742,2500,1215.25804163736,6495500,38.7588882446289
2957,1205.12578206873,2500,1213.74283160591,6498000,38.7588882446289
2958,1090.98999932812,2500,1200.78229830214,6500500,38.7588882446289
2959,1096.50859466022,2500,1188.39596010373,6503000,38.7588882446289
2960,1043.48915535649,2500,1171.42014720028,6505500,38.7588882446289
2961,104.541345362626,611,1058.73047075779,6506111,38.7588882446289
2962,1091.38747925415,2500,1046.92185641383,6508611,38.7588882446289
2963,1033.55650701755,2500,1023.69169778373,6511111,38.7588882446289
2964,1127.93945729584,2500,1012.55688527712,6513611,38.7588882446289
2965,1186.9844144136,2500,1009.92850648048,6516111,38.7588882446289
2966,1023.17015883893,2500,1000.36928935963,6518611,38.7588882446289
2967,1195.9178487089,2500,999.448496023643,6521111,38.7588882446289
2968,1156.76944534784,2500,1006.02644062562,6523611,38.7588882446289
2969,1092.42536364989,2500,1005.61811752458,6526111,38.7588882446289
2970,1101.94987732861,2500,1011.46418972179,6528611,38.7588882446289
2971,1121.36759021869,2500,1113.1468142074,6531111,38.7588882446289
2972,1022.06034772644,2500,1106.21410105463,6533611,39.4969329833984
2973,1012.86247898976,2500,1104.14469825185,6536111,39.4969329833984
2974,1054.40370303812,2500,1096.79112282608,6538611,39.4969329833984
2975,1163.34246061373,2500,1094.42692744609,6541111,39.4969329833984
2976,1075.23396428736,2500,1099.63330799094,6543611,39.4969329833984
2977,998.638310776081,2500,1079.90535419765,6546111,39.4969329833984
2978,1084.87220302743,2500,1072.71562996561,6548611,39.4969329833984
2979,854.145697136603,2500,1048.88766331428,6551111,39.4969329833984
2980,1049.24799109704,2500,1043.61747469113,6553611,39.4969329833984
2981,1171.61867404021,2500,1048.64258307328,6556111,39.4969329833984
2982,1147.9069491918,2500,1061.22724321981,6558611,39.4969329833984
2983,1086.25767230882,2500,1068.56676255172,6561111,39.4969329833984
2984,1085.54197567338,2500,1071.68058981525,6563611,39.4969329833984
2985,1171.0309874948,2500,1072.44944250335,6566111,39.4969329833984
2986,1060.64192756706,2500,1070.99023883132,6568611,39.4969329833984
2987,1077.31724382079,2500,1078.85813213579,6571111,39.4969329833984
2988,1065.88722046652,2500,1076.9596338797,6573611,39.4969329833984
2989,1150.12269416923,2500,1106.55733358297,6576111,39.4969329833984
2990,1044.09983380983,2500,1106.04251785424,6578611,39.4969329833984
2991,1113.68321039942,2500,1100.24897149017,6581111,39.4969329833984
2992,1206.14162308109,2500,1106.0724388791,6583611,39.4969329833984
2993,1142.90493207802,2500,1111.73716485602,6586111,39.4969329833984
2994,1185.14186124528,2500,1121.69715341321,6588611,39.4969329833984
2995,1050.19034589455,2500,1109.61308925318,6591111,39.4969329833984
2996,1072.55860761652,2500,1110.80475725813,6593611,39.4969329833984
2997,1083.47354728017,2500,1111.42038760406,6596111,39.4969329833984
2998,1101.86233783264,2500,1115.01789934068,6598611,39.4969329833984
2999,1182.2979268981,2500,1118.23542261356,6601111,39.4638786315918
3000,1160.48582696348,2500,1129.87402192893,6603611,39.4638786315918
3001,1076.80769672571,2500,1126.18647056156,6606111,39.4638786315918
3002,1065.3111642761,2500,1112.10342468106,6608611,39.4638786315918
3003,1056.20105125675,2500,1103.43303659893,6611111,39.4638786315918
3004,1195.42231976973,2500,1104.46108245138,6613611,39.4638786315918
3005,1085.04468874053,2500,1107.94651673597,6616111,39.4638786315918
3006,1210.59775906483,2500,1121.7504318808,6618611,39.4638786315918
3007,1206.29651034513,2500,1134.0327281873,6621111,39.4638786315918
3008,1201.73485389598,2500,1144.01997979364,6623611,39.4638786315918
3009,1142.26381262676,2500,1140.0165683665,6626111,39.4638786315918
3010,1019.05369631999,2500,1125.87335530215,6628611,39.4638786315918
3011,1055.34674096855,2500,1123.72725972644,6631111,39.4638786315918
3012,1037.95571819478,2500,1120.99171511831,6633611,39.4638786315918
3013,956.78593334972,2500,1111.0502033276,6636111,39.4638786315918
3014,1075.71924406433,2500,1099.07989575706,6638611,39.4638786315918
3015,1245.72445042445,2500,1115.14787192545,6641111,39.4638786315918
3016,1202.24074753535,2500,1114.31217077251,6643611,40.6687660217285
3017,1193.66669347303,2500,1113.04918908529,6646111,40.6687660217285
3018,1234.30387465595,2500,1116.30609116129,6648611,40.6687660217285
3019,1211.32014437397,2500,1123.21172433601,6651111,40.6687660217285
3020,1229.87632833426,2500,1144.29398753744,6653611,40.6687660217285
3021,1153.91229236195,2500,1154.15054267678,6656111,40.6687660217285
3022,1103.97356655701,2500,1160.752327513,6658611,40.6687660217285
3023,1112.91413431831,2500,1176.36514760986,6661111,40.6687660217285
3024,1208.71580236815,2500,1189.66480344024,6663611,40.6687660217285
3025,1185.7636571347,2500,1183.66872411127,6666111,40.6687660217285
3026,1187.25212071406,2500,1182.16986142914,6668611,40.6687660217285
3027,1177.38645195431,2500,1180.54183727727,6671111,40.6687660217285
3028,1083.98322949207,2500,1165.50977276088,6673611,40.6687660217285
3029,1212.29795344413,2500,1165.60755366789,6676111,40.6687660217285
3030,1210.70000591262,2500,1163.68992142573,6678611,40.6687660217285
3031,1122.62900232816,2500,1160.56159242235,6681111,40.6687660217285
3032,1136.6340082432,2500,1163.82763659097,6683611,40.6687660217285
3033,1133.26501822379,2500,1165.86272498152,6686111,40.6687660217285
3034,1211.57921534102,2500,1166.1490662788,6688611,40.6687660217285
3035,1130.52706213444,2500,1160.62540677878,6691111,40.6687660217285
3036,1155.37821282482,2500,1157.43801598985,6693611,40.6687660217285
3037,1115.20968359925,2500,1151.22033915435,6696111,40.6687660217285
3038,1226.705707093,2500,1165.49258691444,6698611,40.6687660217285
3039,1218.45215313613,2500,1166.10800688364,6701111,40.6687660217285
3040,1133.60671816439,2500,1158.39867810882,6703611,40.6687660217285
3041,1101.9033862815,2500,1156.32611650415,6706111,40.6687660217285
3042,1207.08575899019,2500,1163.37129157885,6708611,40.6687660217285
3043,1232.12647679745,2500,1173.25743743622,6711111,42.8125305175781
3044,1308.79377581794,2500,1182.97889348391,6713611,42.8125305175781
3045,1231.46701761015,2500,1193.07288903148,6716111,42.8125305175781
3046,1225.71154702998,2500,1200.106222452,6718611,42.8125305175781
3047,1246.04640075337,2500,1213.18989416741,6721111,42.8125305175781
3048,1234.3232975936,2500,1213.95165321747,6723611,42.8125305175781
3049,1224.09374057419,2500,1214.51581196128,6726111,42.8125305175781
3050,1330.06471128636,2500,1234.16161127347,6728611,42.8125305175781
3051,1232.07332895661,2500,1247.17860554098,6731111,42.8125305175781
3052,1227.04222138606,2500,1249.17425178057,6733611,42.8125305175781
3053,1225.27021603317,2500,1248.48862570414,6736111,42.8125305175781
3054,1218.64659448859,2500,1239.47390757121,6738611,42.8125305175781
3055,1294.35315492938,2500,1245.76252130313,6741111,42.8125305175781
3056,1325.88794817551,2500,1255.78016141768,6743611,42.8125305175781
3057,1319.63212685068,2500,1263.13873402741,6746111,42.8125305175781
3058,1224.6474457154,2500,1262.17114883959,6748611,42.8125305175781
3059,1279.15178091694,2500,1267.67695287387,6751111,42.8125305175781
3060,1318.09316952096,2500,1266.47979869733,6753611,43.3597793579102
3061,1290.58603264651,2500,1272.33106906632,6756111,43.3597793579102
3062,1319.84448530395,2500,1281.61129545811,6758611,43.3597793579102
3063,1282.44159309232,2500,1287.32843316402,6761111,43.3597793579102
3064,1306.7859197757,2500,1296.14236569273,6763611,43.3597793579102
3065,1327.33762173113,2500,1299.44081237291,6766111,43.3597793579102
3066,1249.98244000981,2500,1291.85026155634,6768611,43.3597793579102
3067,1309.62931261289,2500,1290.84998013256,6771111,43.3597793579102
3068,1319.68376977876,2500,1300.3536125389,6773611,43.3597793579102
3069,1330.0932888234,2500,1305.44776332954,6776111,43.3597793579102
3070,1320.79436892161,2500,1305.71788326961,6778611,43.3597793579102
3071,1314.71793706963,2500,1308.13107371192,6781111,43.3597793579102
3072,1278.75175703726,2500,1304.02180088525,6783611,43.3597793579102
3073,1304.28499848979,2500,1306.206141425,6786111,43.3597793579102
3074,1332.45695744958,2500,1308.77324519239,6788611,43.3597793579102
3075,1306.19121403214,2500,1306.65860442249,6791111,43.3597793579102
3076,1305.83388192187,2500,1312.24374861369,6793611,43.3597793579102
3077,1290.23326042212,2500,1310.30414339462,6796111,43.3597793579102
3078,1315.64811141362,2500,1309.9005775581,6798611,43.3597793579102
3079,1253.83798713485,2500,1302.27504738925,6801111,43.3597793579102
3080,1312.9234152133,2500,1301.48795201842,6803611,43.3597793579102
3081,1312.91688236549,2500,1301.307846548,6806111,43.3597793579102
3082,1285.6088502059,2500,1301.99355586487,6808611,43.3597793579102
3083,1314.17671049561,2500,1302.98272706545,6811111,43.3597793579102
3084,1313.08240702991,2500,1301.04527202348,6813611,43.3597793579102
3085,1316.16911458924,2500,1302.04306207919,6816111,43.3597793579102
3086,1212.21272989937,2500,1292.68094687694,6818611,43.3597793579102
3087,1166.18439125417,2500,1280.27605996015,6821111,43.7953720092773
3088,1172.45774278431,2500,1265.95702309722,6823611,43.7953720092773
3089,1170.44077360341,2500,1257.61730174407,6826111,43.7953720092773
3090,1137.34579988006,2500,1240.05954021075,6828611,43.7953720092773
3091,1178.17094807722,2500,1226.58494678192,6831111,43.7953720092773
3092,1213.42426287438,2500,1219.36648804877,6833611,43.7953720092773
3093,1229.61266086722,2500,1210.91008308593,6836111,43.7953720092773
3094,1157.67296658433,2500,1195.36913904137,6838611,43.7953720092773
3095,1195.40306056162,2500,1183.29253363861,6841111,43.7953720092773
3096,1189.83635696346,2500,1181.05489634502,6843611,43.7953720092773
3097,1203.51816912922,2500,1184.78827413252,6846111,43.7953720092773
3098,1198.60786549097,2500,1187.40328640319,6848611,43.7953720092773
3099,1208.94100050381,2500,1191.25330909323,6851111,43.7953720092773
3100,1193.52569544891,2500,1196.87129865011,6853611,43.7953720092773
3101,1193.78236591573,2500,1198.43244043397,6856111,43.7953720092773
3102,987.061312467123,2500,1175.79614539324,6858611,43.7953720092773
3103,974.348913038321,2500,1150.26977061035,6861111,43.7953720092773
3104,1204.33001583583,2500,1154.9354755355,6863611,45.1012496948242
3105,1197.61903605462,2500,1155.1570730848,6866111,45.1012496948242
3106,1214.8803444296,2500,1157.66147183142,6868611,45.1012496948242
3107,1186.83149387491,2500,1155.99280430598,6871111,45.1012496948242
3108,1194.77165585714,2500,1155.6091833426,6873611,45.1012496948242
3109,1198.79100311126,2500,1154.59418360335,6876111,45.1012496948242
3110,1181.1394688681,2500,1153.35556094526,6878611,45.1012496948242
3111,1203.87372549128,2500,1154.36469690282,6881111,45.1012496948242
3112,1206.80139108365,2500,1176.33870476447,6883611,45.1012496948242
3113,1186.10400525562,2500,1197.5142139862,6886111,45.1012496948242
3114,1195.73959342548,2500,1196.65517174517,6888611,45.1012496948242
3115,1168.58838099602,2500,1193.75210623931,6891111,45.1012496948242
3116,1159.11285137649,2500,1188.17535693399,6893611,45.1012496948242
3117,1190.23371902509,2500,1188.51557944901,6896111,45.1012496948242
3118,1184.31342477501,2500,1187.4697563408,6898611,45.1012496948242
3119,1187.8239096573,2500,1186.3730469954,6901111,45.1012496948242
3120,1196.4476401579,2500,1187.90386412438,6903611,45.1012496948242
3121,1193.07876515205,2500,1186.82436809046,6906111,45.1012496948242
3122,1201.7815545431,2500,1186.32238443641,6908611,45.1012496948242
3123,1190.27185935585,2500,1186.73916984643,6911111,45.1012496948242
3124,1185.20140567142,2500,1185.68535107102,6913611,45.1012496948242
3125,1201.15854628048,2500,1188.94236759947,6916111,45.1012496948242
3126,1186.50751649751,2500,1191.68183411157,6918611,45.1012496948242
3127,1201.44304873336,2500,1192.8027670824,6921111,45.1012496948242
3128,1210.33481995534,2500,1195.40490660043,6923611,45.1012496948242
3129,1210.46765658247,2500,1197.66928129295,6926111,45.1012496948242
3130,1201.3842374809,2500,1198.16294102525,6928611,45.1012496948242
3131,1225.53987565908,2500,1201.40905207595,6931111,45.3070678710938
3132,1178.02300544819,2500,1199.03319716646,6933611,45.3070678710938
3133,1237.64810301676,2500,1203.77082153255,6936111,45.3070678710938
3134,1210.38805776104,2500,1206.28948674151,6938611,45.3070678710938
3135,1156.38739856979,2500,1201.81237197044,6941111,45.3070678710938
3136,1201.61964404578,2500,1203.32358472527,6943611,45.3070678710938
3137,1230.6212015442,2500,1206.24140000636,6946111,45.3070678710938
3138,1217.31720381399,2500,1206.93963839222,6948611,45.3070678710938
3139,1208.59405493115,2500,1206.75227822709,6951111,45.3070678710938
3140,1198.48189104585,2500,1206.46204358358,6953611,45.3070678710938
3141,1140.05465100604,2500,1197.91352111828,6956111,45.3070678710938
3142,1189.42520591601,2500,1199.05374116506,6958611,45.3070678710938
3143,1208.27326437106,2500,1196.11625730049,6961111,45.3070678710938
3144,1190.207349993,2500,1194.09818652369,6963611,45.3070678710938
3145,1175.24294024208,2500,1195.98374069092,6966111,45.3070678710938
3146,1188.27781401283,2500,1194.64955768762,6968611,45.3070678710938
3147,1221.3013980513,2500,1193.71757733833,6971111,45.3070678710938
3148,1224.70307604675,2500,1194.45616456161,6973611,45.5997047424316
3149,1241.16252635945,2500,1197.71301170444,6976111,45.5997047424316
3150,1226.11882556148,2500,1200.476705156,6978611,45.5997047424316
3151,1231.07023942906,2500,1209.5782639983,6981111,45.5997047424316
3152,1231.11535292468,2500,1213.74727869917,6983611,45.5997047424316
3153,1212.20790831604,2500,1214.14074309367,6986111,45.5997047424316
3154,1226.05199506873,2500,1217.72520760124,6988611,45.5997047424316
3155,1225.91382695488,2500,1222.79229627252,6991111,45.5997047424316
3156,1232.09329167345,2500,1227.17384403858,6993611,45.5997047424316
3157,1216.88080911032,2500,1226.73178514448,6996111,45.5997047424316
3158,1211.15713935108,2500,1225.37719147492,6998611,45.5997047424316
3159,1231.66286363673,2500,1224.42722520264,7001111,45.5997047424316
3160,1218.79867834673,2500,1223.69521048117,7003611,45.5997047424316
3161,1218.72981055806,2500,1222.46116759407,7006111,45.5997047424316
3162,1217.59429446873,2500,1221.10906174847,7008611,45.5997047424316
3163,1225.8438936218,2500,1222.47266027905,7011111,45.5997047424316
3164,1228.8123305542,2500,1222.7486938276,7013611,45.5997047424316
3165,1167.18333753589,2500,1216.8756448857,7016111,45.5997047424316
3166,1197.40084690543,2500,1213.4064004089,7018611,45.5997047424316
3167,1234.50044640233,2500,1215.1683641381,7021111,45.5997047424316
3168,1214.94368392301,2500,1215.54701859529,7023611,45.5997047424316
3169,1234.11118766967,2500,1215.79185099858,7026111,45.5997047424316
3170,1219.3691283351,2500,1215.84889599742,7028611,45.5997047424316
3171,1226.91886328209,2500,1216.66780126983,7031111,45.5997047424316
3172,1214.27061566243,2500,1216.3354333892,7033611,45.5997047424316
3173,1220.2539427905,2500,1215.77643830607,7036111,45.5997047424316
3174,1239.98634447046,2500,1216.89383969769,7038611,45.5997047424316
3175,1217.35365138238,2500,1221.91087108234,7041111,45.6473388671875
3176,1227.43689023471,2500,1224.91447541527,7043611,45.6473388671875
3177,1222.08560338593,2500,1223.67299111363,7046111,45.6473388671875
3178,1202.12592044356,2500,1222.39121476568,7048611,45.6473388671875
3179,1231.71514159753,2500,1222.15161015847,7051111,45.6473388671875
3180,1215.42169626998,2500,1221.75686695196,7053611,45.6473388671875
3181,1222.16496756573,2500,1221.28147738032,7056111,45.6473388671875
3182,1229.37240061342,2500,1222.79165587542,7058611,45.6473388671875
3183,1201.48921690073,2500,1220.91518328644,7061111,45.6473388671875
3184,1212.48889991041,2500,1218.16543883044,7063611,45.6473388671875
3185,1214.06144269145,2500,1217.83621796135,7066111,45.6473388671875
3186,1206.03956290879,2500,1215.69648522875,7068611,45.6473388671875
3187,1245.457225907,2500,1218.03364748086,7071111,45.6473388671875
3188,1212.3627661024,2500,1219.05733204674,7073611,45.6473388671875
3189,1207.3604602912,2500,1216.62186391611,7076111,45.6473388671875
3190,1226.99359801046,2500,1217.77905409016,7078611,45.6473388671875
3191,1208.68727686969,2500,1216.43128502056,7081111,45.6473388671875
3192,-40.8985552555293,90,1089.40418943366,7081201,45.6473388671875
3193,21.5250412178098,189,971.407771865368,7081390,45.6473388671875
3194,1223.93914217756,2500,972.552796092083,7083890,45.7771949768066
3195,1206.78995544151,2500,971.825647367088,7086390,45.7771949768066
3196,1216.5963191273,2500,972.881322988939,7088890,45.7771949768066
3197,1227.2690596316,2500,971.0625063614,7091390,45.7771949768066
3198,1181.64285047886,2500,967.990514799045,7093890,45.7771949768066
3199,1216.45645488812,2500,968.900114258737,7096390,45.7771949768066
3200,1211.51278296207,2500,967.352032753898,7098890,45.7771949768066
3201,1218.88519727721,2500,968.37182479465,7101390,45.7771949768066
3202,1209.09364930249,2500,1093.37104525045,7103890,45.7771949768066
3203,1231.86483138919,2500,1214.40502426759,7106390,45.7771949768066
3204,1213.6687895775,2500,1213.37798900758,7108890,45.7771949768066
3205,1215.19438955874,2500,1214.21843241931,7111390,45.7771949768066
3206,1224.17743020913,2500,1214.97654352749,7113890,45.7771949768066
3207,1177.30338277,2500,1209.97997584133,7116390,45.7771949768066
3208,1215.7855660986,2500,1213.3942474033,7118890,45.7771949768066
3209,1196.66141663611,2500,1211.4147435781,7121390,45.7771949768066
3210,1218.69945622128,2500,1212.13341090403,7123890,45.7771949768066
3211,1143.80927926568,2500,1204.62581910287,7126390,45.7771949768066
3212,1153.14444139417,2500,1199.03089831204,7128890,45.7771949768066
3213,1191.16980874342,2500,1194.96139604746,7131390,45.7771949768066
3214,1121.15881780271,2500,1185.71039886998,7133890,45.7771949768066
3215,1226.34609738293,2500,1186.8255696524,7136390,45.7771949768066
3216,1224.98722153634,2500,1186.90654878512,7138890,45.7771949768066
3217,1190.62344433991,2500,1188.23855494212,7141390,45.7771949768066
3218,1213.04336450737,2500,1187.96433478299,7143890,45.7771949768066
3219,1194.275403157,2500,1187.72573343508,7146390,46.5282783508301
3220,1187.87824634926,2500,1184.64361244788,7148890,46.5282783508301
3221,1214.93676836663,2500,1191.75636135797,7151390,46.5282783508301
3222,1210.25691415715,2500,1197.46760863427,7153890,46.5282783508301
3223,1136.23541436743,2500,1191.97416919667,7156390,46.5282783508301
3224,1215.54468656299,2500,1201.4127560727,7158890,46.5282783508301
3225,1180.26511591881,2500,1196.80465792629,7161390,46.5282783508301
3226,1207.28696674244,2500,1195.0346324469,7163890,46.5282783508301
3227,1175.02811784369,2500,1193.47509979728,7166390,46.5282783508301
3228,1118.68429239696,2500,1184.03919258624,7168890,46.5282783508301
3229,1215.05062819895,2500,1186.11671509043,7171390,46.5282783508301
3230,1197.35506726747,2500,1187.06439718225,7173890,46.5282783508301
3231,1154.0735253319,2500,1180.97807287878,7176390,46.5282783508301
3232,1164.11927278947,2500,1176.36430874201,7178890,46.5282783508301
3233,1098.89910166563,2500,1172.63067747183,7181390,46.5282783508301
3234,1136.76763370086,2500,1164.75297218562,7183890,46.5282783508301
3235,1228.27210533994,2500,1169.55367112773,7186390,46.5282783508301
3236,-12.0157193063761,138,1047.62340252285,7186528,46.5282783508301
3237,1102.46233585843,2500,1040.36682432432,7189028,46.5282783508301
3238,1206.29996058886,2500,1049.12839114351,7191528,46.3293228149414
3239,1238.23540473303,2500,1051.44686879692,7194028,46.3293228149414
3240,1212.40351940859,2500,1052.95171401103,7196528,46.3293228149414
3241,1210.15039536199,2500,1058.55940101404,7199028,46.3293228149414
3242,1203.38654165559,2500,1062.48612790066,7201528,46.3293228149414
3243,1222.87316058484,2500,1074.88353379258,7204028,46.3293228149414
3244,1195.60312961714,2500,1080.76708338421,7206528,46.3293228149414
3245,1218.45728518619,2500,1079.78560136883,7209028,46.3293228149414
3246,1199.7925778478,2500,1200.96643108425,7211528,46.3293228149414
3247,1223.87119877423,2500,1213.10731737583,7214028,46.3293228149414
3248,1234.73254769263,2500,1215.9505760862,7216528,46.3293228149414
3249,1210.84129554918,2500,1213.21116516782,7219028,46.3293228149414
3250,1228.3226842417,2500,1214.80308165113,7221528,46.3293228149414
3251,1186.24569752226,2500,1212.41261186716,7224028,46.3293228149414
3252,1234.55296810455,2500,1215.52925451205,7226528,46.3293228149414
3253,1192.9417833416,2500,1212.53611678773,7229028,46.3293228149414
3254,1222.24644987897,2500,1215.20044881391,7231528,46.3293228149414
3255,1173.44346485281,2500,1210.69906678057,7234028,46.3293228149414
3256,1211.70225439878,2500,1211.89003443567,7236528,46.3293228149414
3257,1216.8412519597,2500,1211.18703975422,7239028,46.3293228149414
3258,1210.39628273215,2500,1208.75341325817,7241528,46.3293228149414
3259,1133.69694160459,2500,1201.03897786371,7244028,46.3293228149414
3260,1237.89763416336,2500,1201.99647285588,7246528,46.3293228149414
3261,1190.91212758686,2500,1202.46311586234,7249028,46.3293228149414
3262,1205.24734741342,2500,1199.53255379322,7251528,46.3293228149414
3263,1222.23911365837,2500,1202.4622868249,7254028,46.0108261108398
3264,1233.38674685275,2500,1203.57631652228,7256528,46.0108261108398
3265,1248.57040518082,2500,1211.08901055508,7259028,46.0108261108398
3266,1227.70306329659,2500,1212.68909144486,7261528,46.0108261108398
3267,1248.89940154659,2500,1215.89490640355,7264028,46.0108261108398
3268,1240.10639261622,2500,1218.86591739196,7266528,46.0108261108398
3269,1252.27555452484,2500,1230.72377868398,7269028,46.0108261108398
3270,1247.75336746258,2500,1231.7093520139,7271528,46.0108261108398
3271,1206.81623299553,2500,1233.29976255477,7274028,46.0108261108398
3272,1233.28293225734,2500,1236.10332103916,7276528,46.0108261108398
3273,1221.14369729671,2500,1235.993779403,7279028,46.0108261108398
3274,1224.83566629277,2500,1235.138671347,7281528,46.0108261108398
3275,1250.20870015372,2500,1235.30250084429,7284028,46.0108261108398
3276,1252.04744286958,2500,1237.73693880159,7286528,46.0108261108398
3277,1230.96825384729,2500,1235.94382403166,7289028,46.0108261108398
3278,1233.24437534332,2500,1235.25762230437,7291528,46.0108261108398
3279,1242.68851001122,2500,1234.29891785301,7294028,46.0108261108398
3280,1239.67584832309,2500,1233.49116593906,7296528,46.0108261108398
3281,1254.57593710609,2500,1238.26713635011,7299028,46.0108261108398
3282,1210.79082057544,2500,1236.01792518192,7301528,45.6948089599609
3283,1169.07128853525,2500,1230.81068430578,7304028,45.6948089599609
3284,1207.4152260133,2500,1229.06864027783,7306528,45.6948089599609
3285,1239.96798490969,2500,1228.04456875343,7309028,45.6948089599609
3286,1219.91120128199,2500,1224.83094459467,7311528,45.6948089599609
3287,1228.08013358282,2500,1224.54213256822,7314028,45.6948089599609
3288,1235.38676487796,2500,1224.75637152169,7316528,45.6948089599609
3289,1217.28342636933,2500,1222.2158631575,7319028,45.6948089599609
3290,1205.24885306952,2500,1218.77316363214,7321528,45.6948089599609
3291,1234.63270786867,2500,1216.7788407084,7324028,45.6948089599609
3292,1210.41341565483,2500,1216.74110021634,7326528,45.6948089599609
3293,1213.59418366124,2500,1221.19338972894,7329028,45.6948089599609
3294,1225.06060975747,2500,1222.95792810335,7331528,45.6948089599609
3295,1266.23274014793,2500,1225.58440362718,7334028,45.6948089599609
3296,1225.72813430503,2500,1226.16609692948,7336528,45.6948089599609
3297,1214.68937353218,2500,1224.82702092442,7339028,45.6948089599609
3298,1212.59677703977,2500,1222.5480221406,7341528,45.6948089599609
3299,1296.27124509394,2500,1230.44680401306,7344028,45.6948089599609
3300,1203.17919512214,2500,1230.23983821832,7346528,45.6948089599609
3301,1203.12438738183,2500,1227.08900616964,7349028,45.6948089599609
3302,1236.05031905595,2500,1229.65269650975,7351528,45.6948089599609
3303,1229.19278113193,2500,1231.21255625682,7354028,45.6948089599609
3304,1233.7426193388,2500,1232.08075721495,7356528,45.6948089599609
3305,1235.85606569,2500,1229.04308976916,7359028,45.6948089599609
3306,1204.81650408423,2500,1226.95192674708,7361528,45.6948089599609
3307,1202.36037943984,2500,1225.71902733784,7364028,46.5929489135742
3308,1227.80378789916,2500,1227.23972842378,7366528,46.5929489135742
3309,1225.39850771932,2500,1220.15245468632,7369028,46.5929489135742
3310,1211.19714874517,2500,1220.95425004862,7371528,46.5929489135742
3311,1225.69695286848,2500,1223.21150659729,7374028,46.5929489135742
3312,1213.56102492899,2500,1220.96257718459,7376528,46.5929489135742
3313,1198.27380865096,2500,1217.87067993649,7379028,46.5929489135742
3314,1225.82877538349,2500,1217.07929554096,7381528,46.5929489135742
3315,1233.24434006117,2500,1216.81812297808,7384028,46.5929489135742
3316,1218.69358855583,2500,1218.20583142524,7386528,46.5929489135742
3317,1232.90442568135,2500,1221.26023604939,7389028,46.5929489135742
3318,1226.99667232451,2500,1221.17952449193,7391528,46.5929489135742
3319,1207.21674585258,2500,1219.36134830525,7394028,46.5929489135742
3320,1181.41655301408,2500,1216.38328873214,7396528,46.5929489135742
3321,1224.5540196039,2500,1216.26899540569,7399028,46.5929489135742
3322,1262.99104460796,2500,1221.21199737358,7401528,46.5929489135742
3323,1229.47674528381,2500,1224.33229103687,7404028,46.5929489135742
3324,1237.08588849228,2500,1225.45800234775,7406528,46.5929489135742
3325,1218.5061533782,2500,1223.98418367945,7409028,46.5929489135742
3326,1204.80529576635,2500,1222.5953544005,7411528,47.0217590332031
3327,1183.50715040812,2500,1217.65562687318,7414028,47.0217590332031
3328,1183.60350694071,2500,1213.3163103348,7416528,47.0217590332031
3329,1184.16997457117,2500,1211.01163320666,7419028,47.0217590332031
3330,1204.78597736983,2500,1213.34857564223,7421528,47.0217590332031
3331,1194.20624792578,2500,1210.31379847442,7424028,47.0217590332031
3332,1189.87239016473,2500,1203.0019330301,7426528,47.0217590332031
3333,1173.7725527916,2500,1197.43151378088,7429028,47.0217590332031
3334,1207.37828083836,2500,1194.46075301548,7431528,47.0217590332031
3335,1181.12813023294,2500,1190.72295070096,7434028,47.0217590332031
3336,1193.22198064365,2500,1189.56461918869,7436528,47.0217590332031
3337,1156.49753486616,2500,1186.86365763449,7439028,47.0217590332031
3338,1213.78026331904,2500,1189.88133327233,7441528,47.0217590332031
3339,1189.98525264096,2500,1190.4628610793,7444028,47.0217590332031
3340,1177.98344759439,2500,1187.78260810176,7446528,47.0217590332031
3341,1162.61045393571,2500,1184.62302870275,7449028,47.0217590332031
3342,1184.05501323003,2500,1184.04129100928,7451528,47.0217590332031
3343,1199.97525064786,2500,1186.66156079491,7454028,47.0217590332031
3344,1204.17391549268,2500,1186.34112426034,7456528,47.0217590332031
3345,1198.54675148788,2500,1188.08298638584,7459028,47.0217590332031
3346,1169.97934845137,2500,1185.75872316661,7461528,47.0217590332031
3347,1183.34047234177,2500,1188.44301691417,7464028,47.0217590332031
3348,1197.11408548367,2500,1186.77639913063,7466528,47.0217590332031
3349,1190.29801111826,2500,1186.80767497836,7469028,47.0217590332031
3350,1176.12459156143,2500,1186.62178937507,7471528,47.0217590332031
3351,1183.91908676315,2500,1188.75265265781,7474028,46.8644256591797
3352,1200.9930098052,2500,1190.44645231533,7476528,46.8644256591797
3353,1199.76209557893,2500,1190.42513680844,7479028,46.8644256591797
3354,1205.52018606045,2500,1190.55976386521,7481528,46.8644256591797
3355,1204.35137465508,2500,1191.14022618193,7484028,46.8644256591797
3356,1207.09819894523,2500,1194.85211123132,7486528,46.8644256591797
3357,1209.34024681345,2500,1197.45208867849,7489028,46.8644256591797
3358,1197.1430155633,2500,1197.45498168645,7491528,46.8644256591797
3359,1222.30354210064,2500,1200.65553478469,7494028,46.8644256591797
3360,1189.20205649086,2500,1201.96328127763,7496528,46.8644256591797
3361,1201.28462509862,2500,1203.69983511118,7499028,46.8644256591797
3362,1183.44284597084,2500,1201.94481872774,7501528,46.8644256591797
3363,1203.90489875554,2500,1202.3590990454,7504028,46.8644256591797
3364,1187.29848597,2500,1200.53692903636,7506528,46.8644256591797
3365,1205.20114923642,2500,1200.62190649449,7509028,46.8644256591797
3366,1200.55039683331,2500,1199.9671262833,7511528,46.8644256591797
3367,1208.92864710447,2500,1199.9259663124,7514028,46.8644256591797
3368,1180.23291137038,2500,1198.23495589311,7516528,46.8644256591797
3369,1209.5413690297,2500,1196.95873858601,7519028,46.8644256591797
3370,1202.97961836597,2500,1198.33649477352,7521528,46.2257766723633
3371,1169.11522742592,2500,1195.11955500625,7524028,46.2257766723633
3372,1223.95823670563,2500,1199.17109407973,7526528,46.2257766723633
3373,1223.47022596792,2500,1201.12762680097,7529028,46.2257766723633
3374,1221.38656772791,2500,1204.53643497676,7531528,46.2257766723633
3375,1215.73971536404,2500,1205.59029158953,7534028,46.2257766723633
3376,1215.89270769142,2500,1207.12452267534,7536528,46.2257766723633
3377,1228.59579461495,2500,1209.09123742638,7539028,46.2257766723633
3378,1202.50777708698,2500,1211.31872399805,7541528,46.2257766723633
3379,1199.73344815962,2500,1210.33793191104,7544028,46.2257766723633
3380,1205.79703087245,2500,1210.61967316168,7546528,46.2257766723633
3381,1207.42159821139,2500,1214.45031024023,7549028,46.2257766723633
3382,1212.39859255798,2500,1213.29434582547,7551528,46.2257766723633
3383,1219.32892204962,2500,1212.88021543364,7554028,46.2257766723633
3384,1201.79868436855,2500,1210.9214270977,7556528,46.2257766723633
3385,1225.97215736664,2500,1211.94467129796,7559028,46.2257766723633
3386,1212.2475367861,2500,1211.58015420743,7561528,46.2257766723633
3387,1207.85504073467,2500,1209.5060788194,7564028,46.2257766723633
3388,1232.47869111449,2500,1212.50317022215,7566528,46.2257766723633
3389,1203.56657628354,2500,1212.88648303454,7569028,46.2257766723633
3390,1211.50771277786,2500,1213.45755122508,7571528,46.2257766723633
3391,1219.2431312204,2500,1214.63970452598,7574028,46.2257766723633
3392,1217.29083281021,2500,1215.12892855121,7576528,46.2257766723633
3393,1228.29418769555,2500,1216.0254551158,7579028,46.2257766723633
3394,1204.29796298084,2500,1216.27538297703,7581528,46.2257766723633
3395,1204.02948891346,2500,1214.08111613171,7584028,47.3850212097168
3396,1196.17616658636,2500,1212.47397911174,7586528,47.3850212097168
3397,1207.55975730747,2500,1212.44445076902,7589028,47.3850212097168
3398,1210.90611645128,2500,1210.2871933027,7591528,47.3850212097168
3399,1190.40481204635,2500,1208.97101687898,7594028,47.3850212097168
3400,1212.71294684278,2500,1209.09154028547,7596528,47.3850212097168
3401,1219.74867539298,2500,1209.14209470273,7599028,47.3850212097168
3402,1208.27508393186,2500,1208.24051981489,7601528,47.3850212097168
3403,1196.58129901894,2500,1205.06923094723,7604028,47.3850212097168
3404,1192.03801375756,2500,1203.8432360249,7606528,47.3850212097168
3405,1215.47139072516,2500,1204.98742620607,7609028,47.3850212097168
3406,1202.81264173616,2500,1205.65107372105,7611528,47.3850212097168
3407,1190.76141757271,2500,1203.97123974758,7614028,47.3850212097168
3408,1231.7037118238,2500,1206.05099928483,7616528,47.3850212097168
3409,1208.84331759897,2500,1207.89484984009,7619028,47.3850212097168
3410,1212.87617162429,2500,1207.91117231824,7621528,47.3850212097168
3411,1213.36947111494,2500,1207.27325189044,7624028,47.3850212097168
3412,1203.47188141032,2500,1206.79293163828,7626528,47.3850212097168
3413,1198.71807982164,2500,1207.00660971855,7629028,47.3850212097168
3414,1248.39877032145,2500,1212.64268537494,7631528,46.4674530029297
3415,1240.01133124438,2500,1215.09667942687,7634028,46.4674530029297
3416,1232.37630023531,2500,1218.05304527678,7636528,46.4674530029297
3417,1242.52325105223,2500,1223.22922862473,7639028,46.4674530029297
3418,1228.56345072816,2500,1222.91520251517,7641528,46.4674530029297
3419,1227.8168601752,2500,1224.81255677279,7644028,46.4674530029297
3420,1234.24634271374,2500,1226.94957388174,7646528,46.4674530029297
3421,1230.30910487925,2500,1228.64353725817,7649028,46.4674530029297
3422,1230.98001621517,2500,1231.39435073865,7651528,46.4674530029297
3423,1230.15285299242,2500,1234.53782805573,7654028,46.4674530029297
3424,1237.03957789958,2500,1233.40190881354,7656528,46.4674530029297
3425,1232.34380620546,2500,1232.63515630965,7659028,46.4674530029297
3426,1229.9091178476,2500,1232.38843807088,7661528,46.4674530029297
3427,1220.06773371125,2500,1230.14288633678,7664028,46.4674530029297
3428,1228.57822660765,2500,1230.14436392473,7666528,46.4674530029297
3429,1233.76150738761,2500,1230.73882864597,7669028,46.4674530029297
3430,1213.20645249739,2500,1228.63483962434,7671528,46.4674530029297
3431,1243.94235017413,2500,1229.99816415382,7674028,46.4674530029297
3432,1230.77524106459,2500,1229.97768663877,7676528,46.4674530029297
3433,1244.60751548026,2500,1231.42315288755,7679028,46.4674530029297
3434,1233.88234557473,2500,1231.10742965507,7681528,46.4674530029297
3435,1242.14769720803,2500,1232.08781875532,7684028,46.4674530029297
3436,1233.20184040033,2500,1232.4170910106,7686528,46.4674530029297
3437,1238.97849417046,2500,1234.30816705652,7689028,46.4674530029297
3438,1240.10871111563,2500,1235.46121550732,7691528,46.4674530029297
3439,1203.71689280905,2500,1232.45675404946,7694028,47.0598220825195
3440,1212.95467079711,2500,1232.43157587943,7696528,47.0598220825195
3441,1197.32101283246,2500,1227.76944214526,7699028,47.0598220825195
3442,1221.06743812994,2500,1226.7986618518,7701528,47.0598220825195
3443,1212.85615250754,2500,1223.62352555453,7704028,47.0598220825195
3444,1181.8718023001,2500,1218.42247122706,7706528,47.0598220825195
3445,1240.91657534263,2500,1218.29935904052,7709028,47.0598220825195
3446,1230.69605782146,2500,1218.04878078264,7711528,47.0598220825195
3447,1212.0921276979,2500,1215.36014413538,7714028,47.0598220825195
3448,1215.51438761332,2500,1212.90071178515,7716528,47.0598220825195
3449,1235.94886285705,2500,1216.12390878995,7719028,47.0598220825195
3450,1219.37573657027,2500,1216.76601536727,7721528,47.0598220825195
3451,1228.0766887052,2500,1219.84158295454,7724028,47.0598220825195
3452,1229.60769217228,2500,1220.69560835878,7726528,47.0598220825195
3453,1203.26602916705,2500,1219.73659602473,7729028,47.0598220825195
3454,1216.21968505957,2500,1223.17138430067,7731528,47.0598220825195
3455,1233.60898512096,2500,1222.44062527851,7734028,47.0598220825195
3456,1213.88837668916,2500,1220.75985716528,7736528,47.0598220825195
3457,1208.04367335778,2500,1220.35501173126,7739028,47.0598220825195
3458,1216.64249140963,2500,1220.46782211089,7741528,46.7219848632812
3459,1221.94164937318,2500,1219.06710076251,7744028,46.7219848632812
3460,1222.26775963656,2500,1219.35630306914,7746528,46.7219848632812
3461,1234.42685157523,2500,1219.99131935614,7749028,46.7219848632812
3462,1235.06135868317,2500,1220.53668600723,7751528,46.7219848632812
3463,1212.63197270853,2500,1221.47328036138,7754028,46.7219848632812
3464,1234.19370221665,2500,1223.27068207708,7756528,46.7219848632812
3465,1223.90693425261,2500,1222.30047699025,7759028,46.7219848632812
3466,1224.58017803887,2500,1223.36965712522,7761528,46.7219848632812
3467,1200.98643859313,2500,1222.66393364876,7764028,46.7219848632812
3468,1232.91206570412,2500,1224.2908910782,7766528,46.7219848632812
3469,1245.79995768867,2500,1226.67672190975,7769028,46.7219848632812
3470,1233.11337955507,2500,1227.7612839016,7771528,46.7219848632812
3471,1227.43508322897,2500,1227.06210706698,7774028,46.7219848632812
3472,1224.25356989884,2500,1225.98132818854,7776528,46.7219848632812
3473,1224.25692247244,2500,1227.14382316494,7779028,46.7219848632812
3474,1216.2295744107,2500,1225.34741038434,7781528,46.7219848632812
3475,1234.51604167016,2500,1226.4083211261,7784028,46.7219848632812
3476,1230.17801090939,2500,1226.96810441315,7786528,46.7219848632812
3477,1260.73059900438,2500,1232.94252045427,7789028,46.7219848632812
3478,1234.33714486512,2500,1233.08502837037,7791528,46.7219848632812
3479,1228.35798617232,2500,1231.34083121874,7794028,46.7219848632812
3480,1215.12501666731,2500,1229.54199492996,7796528,46.7219848632812
3481,1220.55822466697,2500,1228.85430907376,7799028,46.7219848632812
3482,1226.49266566768,2500,1229.07821865065,7801528,46.7219848632812
3483,1216.99810420736,2500,1228.35233682414,7804028,47.0662117004395
3484,1207.07972261224,2500,1227.43735164429,7806528,47.0662117004395
3485,1193.55104021188,2500,1223.34085149846,7809028,47.0662117004395
3486,1195.40356828759,2500,1219.86340723629,7811528,47.0662117004395
3487,1202.6604720548,2500,1214.05639454133,7814028,47.0662117004395
3488,1182.60930183874,2500,1208.88361023869,7816528,47.0662117004395
3489,1193.06179275709,2500,1205.35399089716,7819028,47.0662117004395
3490,1196.45396156461,2500,1203.48688538689,7821528,47.0662117004395
3491,1204.76767480589,2500,1201.90783040079,7824028,47.0662117004395
3492,1208.89065303826,2500,1200.14762913784,7826528,47.0662117004395
3493,1213.45439990071,2500,1199.79325870718,7829028,47.0662117004395
3494,1199.057088541,2500,1198.99099530006,7831528,47.0662117004395
3495,1215.87505154003,2500,1201.22339643287,7834028,47.0662117004395
3496,1197.91421390471,2500,1201.47446099458,7836528,47.0662117004395
3497,1207.94975781869,2500,1202.00338957097,7839028,47.0662117004395
3498,1212.71995847976,2500,1205.01445523507,7841528,47.0662117004395
3499,1203.32392746718,2500,1206.04066870608,7844028,47.0662117004395
3500,1208.98967813062,2500,1207.29424036268,7846528,47.0662117004395
3501,1207.22248352244,2500,1207.53972123434,7849028,47.0662117004395
3502,1195.08500500252,2500,1206.15915643077,7851528,47.4015045166016
3503,1203.21017268591,2500,1205.13473370929,7854028,47.4015045166016
3504,1207.41284906841,2500,1205.97030976203,7856528,47.4015045166016
3505,1210.75352002327,2500,1205.45815661035,7859028,47.4015045166016
3506,1189.68275565382,2500,1204.63501078526,7861528,47.4015045166016
3507,1213.75327729752,2500,1205.21536273315,7864028,47.4015045166016
3508,1197.37959130683,2500,1203.68132601585,7866528,47.4015045166016
3509,1205.97208133719,2500,1203.94614140285,7869028,47.4015045166016
3510,1209.99898261526,2500,1204.04707185132,7871528,47.4015045166016
3511,1228.11023140548,2500,1206.13584663962,7874028,47.4015045166016
3512,1219.76587509263,2500,1208.60393364863,7876528,47.4015045166016
3513,1205.36618205311,2500,1208.81953458535,7879028,47.4015045166016
3514,1204.94875355994,2500,1208.57312503451,7881528,47.4015045166016
3515,1194.60935595331,2500,1206.95870862751,7884028,47.4015045166016
3516,1207.36575137708,2500,1208.72700819984,7886528,47.4015045166016
3517,1204.34168388263,2500,1207.78584885835,7889028,47.4015045166016
3518,1209.30977429972,2500,1208.97886715764,7891528,47.4015045166016
3519,1209.50107716121,2500,1209.33176674004,7894028,47.4015045166016
3520,1216.18350117398,2500,1209.95021859591,7896528,47.4015045166016
3521,1189.82641636664,2500,1206.12183709202,7899028,47.4015045166016
3522,1213.8048646279,2500,1205.52573604555,7901528,47.4015045166016
3523,1206.61775611576,2500,1205.65089345182,7904028,47.4015045166016
3524,1215.01138215048,2500,1206.65715631087,7906528,47.4015045166016
3525,1206.32273759652,2500,1207.82849447519,7909028,47.4015045166016
3526,1217.50010828096,2500,1208.84193016558,7911528,47.4015045166016
3527,1225.15664968224,2500,1210.92342674554,7914028,47.8926124572754
3528,1208.6834005276,2500,1210.86078936833,7916528,47.8926124572754
3529,1231.5502015708,2500,1213.06570180929,7919028,47.8926124572754
3530,1213.18290966919,2500,1212.76564265881,7921528,47.8926124572754
3531,1222.56365938251,2500,1216.0393669604,7924028,47.8926124572754
3532,1213.61532333662,2500,1216.02041283127,7926528,47.8926124572754
3533,1199.09827392296,2500,1215.26846461199,7929028,47.8926124572754
3534,1195.49111999931,2500,1213.31643839687,7931528,47.8926124572754
3535,1263.33487982173,2500,1219.01765261939,7934028,47.8926124572754
3536,1224.54666534281,2500,1219.72230832558,7936528,47.8926124572754
3537,1217.78078795978,2500,1218.98472215333,7939028,47.8926124572754
3538,1237.05405675108,2500,1221.82178777568,7941528,47.8926124572754
3539,1201.34445987066,2500,1218.80121360566,7944028,47.8926124572754
3540,1186.495473458,2500,1216.13246998455,7946528,47.8926124572754
3541,1222.6919632454,2500,1216.14530037083,7949028,47.8926124572754
3542,1208.44348001493,2500,1215.62811603867,7951528,47.8926124572754
3543,1229.98104134074,2500,1218.71639278044,7954028,47.8926124572754
3544,1214.58530918604,2500,1220.62581169912,7956528,47.8926124572754
3545,1197.98665808796,2500,1214.09098952574,7959028,47.8926124572754
3546,1225.3370513438,2500,1214.17002812584,7961528,47.8339653015137
3547,1205.03995961321,2500,1212.89594529118,7964028,47.8339653015137
3548,1253.4139079016,2500,1214.53193040623,7966528,47.8339653015137
3549,1226.07594457305,2500,1217.00507887647,7969028,47.8339653015137
3550,1207.68980475553,2500,1219.12451200623,7971528,47.8339653015137
3551,1287.88525828835,2500,1225.64384151052,7974028,47.8339653015137
3552,1241.19305809323,2500,1228.91879931835,7976528,47.8339653015137
3553,1236.1756298275,2500,1229.53825816703,7979028,47.8339653015137
3554,1232.4986189683,2500,1231.32958914525,7981528,47.8339653015137
3555,1240.50272295274,2500,1235.58119563173,7984028,47.8339653015137
3556,1226.99923775884,2500,1235.74741427323,7986528,47.8339653015137
3557,1296.8143232549,2500,1244.9248506374,7989028,47.8339653015137
3558,1293.54885316168,2500,1248.93834516341,7991528,47.8339653015137
3559,1206.67602275545,2500,1246.99835298165,7994028,47.8339653015137
3560,1238.82618547816,2500,1250.11199105391,7996528,47.8339653015137
3561,1246.1314076137,2500,1245.93660598645,7999028,47.8339653015137
3562,1246.13170007472,2500,1246.4304701846,8001528,47.8339653015137
3563,1232.71682285207,2500,1246.08458948706,8004028,47.8339653015137
3564,1260.69481700549,2500,1248.90420929078,8006528,47.8339653015137
3565,1261.36396925481,2500,1250.99033392098,8009028,47.8339653015137
3566,1262.39898361111,2500,1254.53030850621,8011528,47.8339653015137
3567,1227.46058677658,2500,1247.59493485838,8014028,47.8339653015137
3568,1208.0666664887,2500,1239.04671619108,8016528,47.8339653015137
3569,1219.23945646373,2500,1240.30305956191,8019028,47.8339653015137
3570,1283.05427095583,2500,1244.72586810968,8021528,47.8339653015137
3571,1240.75281844705,2500,1244.18800919301,8024028,47.5295372009277
3572,1255.02075374444,2500,1245.07691455998,8026528,47.5295372009277
3573,1257.75823230689,2500,1247.58105550546,8029028,47.5295372009277
3574,1277.31986687574,2500,1249.24356049249,8031528,47.5295372009277
3575,1265.89020906353,2500,1249.69618447336,8034028,47.5295372009277
3576,1254.0480270112,2500,1248.86108881337,8036528,47.5295372009277
3577,1247.84825766386,2500,1250.8998559021,8039028,47.5295372009277
3578,1254.93900715004,2500,1255.58708996823,8041528,47.5295372009277
3579,1265.61176756318,2500,1260.22432107817,8044028,47.5295372009277
3580,1264.40396585747,2500,1258.35929056834,8046528,47.5295372009277
3581,1261.25049085637,2500,1260.40905780927,8049028,47.5295372009277
3582,1287.47375710555,2500,1263.65435814538,8051528,47.5295372009277
3583,1303.51165085897,2500,1268.22970000059,8054028,47.5295372009277
3584,1259.12423541268,2500,1266.41013685428,8056528,47.5295372009277
3585,1223.05416707351,2500,1262.12653265528,8059028,47.5295372009277
3586,1244.40035727998,2500,1261.16176568216,8061528,47.5295372009277
3587,1245.8071880358,2500,1260.95765871935,8064028,47.5295372009277
3588,1253.3299701001,2500,1260.79675501436,8066528,47.5295372009277
3589,1262.52280531715,2500,1260.48785878976,8069028,47.5295372009277
3590,1237.95025588954,2500,1257.84248779296,8071528,47.2718658447266
3591,1263.44707404083,2500,1258.06214611141,8074028,47.2718658447266
3592,1240.6045284924,2500,1253.3752232501,8076528,47.2718658447266
3593,1260.60754555502,2500,1249.0848127197,8079028,47.2718658447266
3594,1244.81804751129,2500,1247.65419392956,8081528,47.2718658447266
3595,1242.37195448845,2500,1249.58597267106,8084028,47.2718658447266
3596,1237.29597131458,2500,1248.87553407452,8086528,47.2718658447266
3597,1256.50454603586,2500,1249.94526987452,8089028,47.2718658447266
3598,1238.99451157379,2500,1248.51172402189,8091528,47.2718658447266
3599,1248.66012235928,2500,1247.1254557261,8094028,47.2718658447266
3600,1261.69048614604,2500,1249.49947875175,8096528,47.2718658447266
3601,1259.30477372322,2500,1249.08524871999,8099028,47.2718658447266
3602,1253.78386264697,2500,1250.40318213545,8101528,47.2718658447266
3603,1247.86402927649,2500,1249.1288305076,8104028,47.2718658447266
3604,1226.41214541059,2500,1247.28824029753,8106528,47.2718658447266
3605,1261.31799026515,2500,1249.1828438752,8109028,47.2718658447266
3606,1241.70111791452,2500,1249.62335853519,8111528,47.2718658447266
3607,1253.0393718193,2500,1249.27684111354,8114028,47.2718658447266
3608,1229.23592172402,2500,1248.30098212856,8116528,47.2718658447266
3609,1253.15704008075,2500,1248.75067390071,8119028,47.2718658447266
3610,1243.56316562877,2500,1246.93794184898,8121528,47.2718658447266
3611,1254.14131311365,2500,1246.42159578802,8124028,47.2718658447266
3612,1247.69847467136,2500,1245.81305699046,8126528,47.2718658447266
3613,1235.32489554954,2500,1244.55914361776,8129028,47.2718658447266
3614,1256.51882947653,2500,1247.56981202436,8131528,47.2718658447266
3615,1196.60380066636,2500,1241.09839306448,8134028,47.6455688476562
3616,1245.18629375743,2500,1241.44691064877,8136528,47.6455688476562
3617,1219.91288264704,2500,1238.13426173154,8139028,47.6455688476562
3618,1179.76275664982,2500,1233.18694522413,8141528,47.6455688476562
3619,1193.17718300179,2500,1227.18895951623,8144028,47.6455688476562
3620,1205.38743841969,2500,1223.37138679532,8146528,47.6455688476562
3621,1211.53812652318,2500,1219.11106813627,8149028,47.6455688476562
3622,1233.12173393961,2500,1217.6533940631,8151528,47.6455688476562
3623,1232.4238241206,2500,1217.36328692021,8154028,47.6455688476562
3624,1215.74113269487,2500,1213.28551724204,8156528,47.6455688476562
3625,1198.69538688593,2500,1213.494675864,8159028,47.6455688476562
3626,1191.96542445777,2500,1208.17258893403,8161528,47.6455688476562
3627,1236.65184096152,2500,1209.84648476548,8164028,47.6455688476562
3628,1219.05728798249,2500,1213.77593789874,8166528,47.6455688476562
3629,1238.55343391747,2500,1218.31356299031,8169028,47.6455688476562
3630,1204.90792634412,2500,1218.26561178276,8171528,47.6455688476562
3631,1228.70962038977,2500,1219.98276116941,8174028,47.6455688476562
3632,1212.20713752461,2500,1217.89130152791,8176528,47.6455688476562
3633,1195.23353161702,2500,1214.17227227756,8179028,47.6455688476562
3634,1246.16896022642,2500,1217.21505503071,8181528,47.8495483398438
3635,1236.54134158685,2500,1220.9996505008,8184028,47.8495483398438
3636,1262.13368971615,2500,1228.01647702664,8186528,47.8495483398438
3637,1237.5354347467,2500,1228.10483640516,8189028,47.8495483398438
3638,1198.47020190381,2500,1226.04612779729,8191528,47.8495483398438
3639,1250.19588002946,2500,1227.21037240849,8194028,47.8495483398438
3640,1250.80865493659,2500,1231.80044526774,8196528,47.8495483398438
3641,1213.38187028844,2500,1230.26767025761,8199028,47.8495483398438
3642,1233.04118281581,2500,1232.35107478673,8201528,47.8495483398438
3643,1229.85228227855,2500,1235.81294985288,8204028,47.8495483398438
3644,1229.88898883577,2500,1234.18495271381,8206528,47.8495483398438
3645,1249.14950416563,2500,1235.44576897169,8209028,47.8495483398438
3646,1255.37924748003,2500,1234.77032474808,8211528,47.8495483398438
3647,1233.39063569112,2500,1234.35584484252,8214028,47.8495483398438
3648,1275.72966614055,2500,1242.0817912662,8216528,47.8495483398438
3649,1260.35164661484,2500,1243.09736792473,8219028,47.8495483398438
3650,1234.37376783005,2500,1241.45387921408,8221528,47.8495483398438
3651,1211.62671578479,2500,1241.27836376372,8224028,47.8495483398438
3652,1234.16400162855,2500,1241.39064564499,8226528,47.8495483398438
3653,1237.44483258469,2500,1242.1499006756,8229028,47.8495483398438
3654,1246.0329532067,2500,1243.7642971127,8231528,47.8495483398438
3655,1221.81783122105,2500,1241.03112981824,8234028,47.8495483398438
3656,1222.27317262205,2500,1237.72052233244,8236528,47.8495483398438
3657,1238.38441203034,2500,1238.21989996636,8239028,47.8495483398438
3658,1252.52865598275,2500,1235.89979895058,8241528,47.8495483398438
3659,1239.49277110672,2500,1233.81391139977,8244028,47.9573440551758
3660,1221.60470673854,2500,1232.53700529062,8246528,47.9573440551758
3661,1225.2400412083,2500,1233.89833783297,8249028,47.9573440551758
3662,1215.37526906449,2500,1232.01946457656,8251528,47.9573440551758
3663,1222.87787866233,2500,1230.56276918433,8254028,47.9573440551758
3664,1235.47970048747,2500,1229.5074439124,8256528,47.9573440551758
3665,1227.97891424664,2500,1230.12355221496,8259028,47.9573440551758
3666,1204.9889984233,2500,1228.39513479509,8261528,47.9573440551758
3667,1231.39175699775,2500,1227.69586929183,8264028,47.9573440551758
3668,1230.22042408135,2500,1225.46504610169,8266528,47.9573440551758
3669,1205.63970278831,2500,1222.07973926985,8269028,47.9573440551758
3670,1227.67906652874,2500,1222.68717524887,8271528,47.9573440551758
3671,1229.68102117094,2500,1223.13127324513,8274028,47.9573440551758
3672,1212.63491912089,2500,1222.85723825077,8276528,47.9573440551758
3673,1186.51169008618,2500,1219.22061939316,8279028,47.9573440551758
3674,1203.61191284182,2500,1216.03384062859,8281528,47.9573440551758
3675,1199.69629111232,2500,1213.20557831516,8284028,47.9573440551758
3676,1215.46487373498,2500,1214.25316584633,8286528,47.9573440551758
3677,1181.22474362056,2500,1209.23646450861,8289028,47.9573440551758
3678,1205.04550045713,2500,1206.71897214619,8291528,47.4152488708496
3679,1189.76969318792,2500,1205.13197118615,8294028,47.4152488708496
3680,1176.44650411544,2500,1200.00871494482,8296528,47.4152488708496
3681,1086.43400476115,2500,1185.68401330384,8299028,47.4152488708496
3682,1162.66169955779,2500,1180.68669134753,8301528,47.4152488708496
3683,1194.25234687402,2500,1181.46075702631,8304028,47.4152488708496
3684,1208.06322342147,2500,1181.90588808428,8306528,47.4152488708496
3685,1163.88848497138,2500,1178.32510747018,8309028,47.4152488708496
3686,1212.09676266443,2500,1177.98829636313,8311528,47.4152488708496
3687,1119.63761697247,2500,1171.82958369832,8314028,47.4152488708496
3688,1200.8704605343,2500,1171.41207970604,8316528,47.4152488708496
3689,1181.3760807634,2500,1170.57271846359,8319028,47.4152488708496
3690,1128.92131578638,2500,1165.82019963068,8321528,47.4152488708496
3691,1134.03173884453,2500,1170.57997303902,8324028,47.4152488708496
3692,1193.1910076338,2500,1173.63290384662,8326528,47.4152488708496
3693,1160.73928962197,2500,1170.28159812141,8329028,47.4152488708496
3694,1139.03794910811,2500,1163.37907069008,8331528,47.4152488708496
3695,1158.00499297635,2500,1162.79072149057,8334028,47.4152488708496
3696,1054.37805234424,2500,1147.01885045855,8336528,47.4152488708496
3697,1108.91829062144,2500,1145.94691782345,8339028,47.4152488708496
3698,1119.50325061163,2500,1137.81019683118,8341528,47.4152488708496
3699,1109.94728583969,2500,1130.66731733881,8344028,47.4152488708496
3700,1084.50930466257,2500,1126.22611622643,8346528,47.4152488708496
3701,1112.02516841894,2500,1124.02545918387,8349028,47.4152488708496
3702,1149.3366474941,2500,1119.6400231699,8351528,47.4152488708496
3703,1225.24383931731,2500,1126.09047813944,8354028,47.1825065612793
3704,1196.46660318874,2500,1131.8333435475,8356528,47.1825065612793
3705,1184.33545032806,2500,1134.46638928267,8359028,47.1825065612793
3706,1218.99107877557,2500,1150.9276919258,8361528,47.1825065612793
3707,1210.9752496573,2500,1161.13338782939,8364028,47.1825065612793
3708,1159.33113259895,2500,1165.11617602812,8366528,47.1825065612793
3709,1182.4472763691,2500,1172.36617508106,8369028,47.1825065612793
3710,1220.64816995311,2500,1185.98006161012,8371528,47.1825065612793
3711,1225.39344697519,2500,1197.31688946574,8374028,47.1825065612793
3712,1202.84811383862,2500,1202.66803610019,8376528,47.1825065612793
3713,1194.037581207,2500,1199.54741028916,8379028,47.1825065612793
3714,1178.78140268678,2500,1197.77889023897,8381528,47.1825065612793
3715,1212.9993080747,2500,1200.64527601363,8384028,47.1825065612793
3716,1217.43402720152,2500,1200.48957085623,8386528,47.1825065612793
3717,1220.30737957935,2500,1201.42278384843,8389028,47.1825065612793
3718,1230.56892687953,2500,1208.54656327649,8391528,47.1825065612793
3719,1178.04590103617,2500,1208.1064257432,8394028,47.1825065612793
3720,1224.09062838047,2500,1208.45067158593,8396528,47.1825065612793
3721,1187.10239890006,2500,1204.62156677842,8399028,47.1825065612793
3722,362.698730851281,771,1120.60662847969,8399799,47.1825065612793
3723,48.1677223659494,158,1006.01964259558,8399957,47.1825065612793
3724,1287.13512723502,2500,1016.8550150504,8402457,45.6801528930664
3725,739.639775424543,1516,969.519061785389,8403973,45.6801528930664
3726,1254.2129165657,2500,973.196950721808,8406473,45.6801528930664
3727,1277.92998487945,2500,978.959211251817,8408973,45.6801528930664
3728,1273.26393132833,2500,983.228711696697,8411473,45.6801528930664
3729,599.368543685862,1256,925.360975961667,8412729,45.6801528930664
3730,1147.10118453605,2316,917.662031577224,8415045,45.6801528930664
3731,1201.8911088878,2500,919.140902575998,8417545,45.6801528930664
3732,1308.20645264056,2500,1013.69167475493,8420045,45.6801528930664
3733,847.981654117596,1806,1093.67306793009,8421851,45.6801528930664
3734,1285.82730758704,2500,1093.54228596529,8424351,45.6801528930664
3735,1221.89883232412,2500,1141.76819165525,8426851,45.6801528930664
3736,474.651919084636,976,1063.81209190714,8427827,45.6801528930664
3737,35.3908363990819,130,939.558177059108,8427957,45.6801528930664
3738,350.047641407074,799,847.236548066982,8428756,45.6801528930664
3739,1271.60567739048,2500,914.460261437444,8431256,45.6801528930664
3740,1274.51029876413,2500,927.201172860252,8433756,45.6801528930664
3741,928.265861226991,1869,899.838648094172,8435625,45.6801528930664
3742,1212.13295447995,2500,890.23129827811,8438125,45.6801528930664
3743,1292.41528859505,2500,934.674661725856,8440625,45.6801528930664
3744,466.270711372041,977,852.719002104356,8441602,45.6801528930664
3745,1291.22942616935,2500,859.652061488878,8444102,45.6801528930664
3746,1297.22736578654,2500,941.90960615907,8446602,45.6801528930664
3747,1204.29081458158,2500,1058.79960397732,8449102,46.1161460876465
3748,1263.12980661824,2500,1150.10782049844,8451602,46.1161460876465
3749,1110.42768767335,2500,1133.99002152672,8454102,46.1161460876465
3750,1079.23374709463,2500,1114.46236635977,8456602,46.1161460876465
3751,151.878839533259,431,1036.8236641904,8457033,46.1161460876465
3752,1265.81562710326,2500,1042.19193145273,8459533,46.1161460876465
3753,833.327514686088,1851,996.283154061834,8461384,46.1161460876465
3754,1190.52588861912,2500,1068.70867178654,8463884,46.1161460876465
3755,1213.86600000788,2500,1060.97232917039,8466384,46.1161460876465
3756,1096.13334091963,2500,1040.8629266837,8468884,46.1161460876465
3757,147.200452427053,402,935.153890468251,8469286,46.1161460876465
3758,1134.71695602226,2500,922.312605408653,8471786,46.1161460876465
3759,1180.86454367292,2500,929.35629100861,8474286,46.1161460876465
3760,332.34744721642,981,854.667661020789,8475267,46.1161460876465
3761,1120.61485682829,2500,951.541262750293,8477767,46.1161460876465
3762,12.4633540944606,169,826.206035449412,8477936,46.1161460876465
3763,1193.70949655576,2500,862.244233636379,8480436,46.1161460876465
3764,1248.55964167817,2500,868.047608942283,8482936,46.1161460876465
3765,1237.1122221012,2500,870.372231151616,8485436,46.1161460876465
3766,62.7206572857439,191,767.030962788227,8485627,46.1161460876465
3767,1125.35229090409,2500,864.846146635932,8488127,46.1161460876465
3768,1182.29252974378,2500,869.603704008083,8490627,46.2419891357422
3769,1201.17793905043,2500,871.635043545835,8493127,46.2419891357422
3770,1193.27016262085,2500,957.727315086277,8495627,46.2419891357422
3771,1192.02495947704,2500,964.868325351152,8498127,46.2419891357422
3772,1172.85442837171,2500,1080.90743277888,8500627,46.2419891357422
3773,1162.81242108378,2500,1077.81772523168,8503127,46.2419891357422
3774,1226.2582036063,2500,1075.58758142449,8505627,46.2419891357422
3775,1193.80373478228,2500,1071.2567326926,8508127,46.2419891357422
3776,1201.25737010835,2500,1185.11040397486,8510627,46.2419891357422
3777,1163.93786228518,2500,1188.96896111297,8513127,46.2419891357422
3778,1262.30662793701,2500,1196.97037093229,8515627,46.2419891357422
3779,1153.15063110262,2500,1192.16764013751,8518127,46.2419891357422
3780,1200.34785056877,2500,1192.8754089323,8520627,46.2419891357422
3781,1311.48221463067,2500,1204.82113444767,8523127,46.2419891357422
3782,1266.93419625977,2500,1214.22911123647,8525627,46.2419891357422
3783,1158.51187344823,2500,1213.79905647292,8528127,46.2419891357422
3784,1215.75939946807,2500,1212.74917605909,8530627,46.2419891357422
3785,1193.16510037015,2500,1212.68531261788,8533127,46.2419891357422
3786,1167.54291814798,2500,1209.31386742184,8535627,46.2419891357422
3787,1184.49228656659,2500,1211.36930984999,8538127,46.2419891357422
3788,1192.83072532457,2500,1204.42171958874,8540627,46.2419891357422
3789,1209.12375620584,2500,1210.01903209906,8543127,46.2419891357422
3790,1187.86910581144,2500,1208.77115762333,8545627,46.2419891357422
3791,1197.56518823926,2500,1197.37945498419,8548127,46.1372947692871
3792,1284.86365346499,2500,1199.17240070471,8550627,46.1372947692871
3793,1208.45024249058,2500,1204.16623760895,8553127,46.1372947692871
3794,1206.60557485354,2500,1203.25085514749,8555627,46.1372947692871
3795,1242.11907038263,2500,1208.14625214874,8558127,46.1372947692871
3796,1112.18575909051,2500,1202.610536243,8560627,46.1372947692871
3797,1240.65054250895,2500,1208.22636183723,8563127,46.1372947692871
3798,1174.85660833439,2500,1206.42895013821,8565627,46.1372947692871
3799,1194.25829306158,2500,1204.94240382379,8568127,46.1372947692871
3800,708.229130435289,2500,1156.97840628617,8570627,46.1372947692871
3801,1229.48626354116,2500,1160.17051381636,8573127,46.1372947692871
3802,1220.30731636917,2500,1153.71488010678,8575627,46.1372947692871
3803,1195.04837657995,2500,1152.37469351572,8578127,46.1372947692871
3804,1223.5102462455,2500,1154.06516065491,8580627,46.1372947692871
3805,1215.97697907187,2500,1151.45095152384,8583127,46.1372947692871
3806,1231.10110576905,2500,1163.34248619169,8585627,46.1372947692871
3807,1128.11868764034,2500,1152.08930070483,8588127,46.1372947692871
3808,1214.69695782035,2500,1156.07333565343,8590627,46.1372947692871
3809,1212.40773945622,2500,1157.88828029289,8593127,46.1372947692871
3810,1262.73495251429,2500,1213.33886250079,8595627,46.1372947692871
3811,1032.81459375523,2500,1193.6716955222,8598127,46.1372947692871
3812,1200.28846216953,2500,1191.66981010223,8600627,46.1669616699219
3813,1203.60451683926,2500,1192.52542412816,8603127,46.1669616699219
3814,1236.74953141005,2500,1193.84935264462,8605627,46.1669616699219
3815,306.111823453178,2500,1102.86283708275,8608127,46.1669616699219
3816,1176.07003107354,2500,1097.3597296132,8610627,46.1669616699219
3817,1210.18066598162,2500,1105.56592744733,8613127,46.1669616699219
3818,1255.21062580175,2500,1109.61729424547,8615627,46.1669616699219
3819,1222.90389901762,2500,1110.66691020161,8618127,46.1669616699219
3820,1220.7107950718,2500,1106.46449445736,8620627,46.1669616699219
3821,1189.49145096081,2500,1122.13218017792,8623127,46.1669616699219
3822,1244.81994239238,2500,1126.5853282002,8625627,46.1669616699219
3823,1222.67027474265,2500,1128.49190399054,8628127,46.1669616699219
3824,1178.20133013014,2500,1122.63708386255,8630627,46.1669616699219
3825,1230.94249034457,2500,1215.12015055169,8633127,46.1669616699219
3826,1284.66935735252,2500,1225.98008317959,8635627,46.1669616699219
3827,1186.57666495587,2500,1223.61968307701,8638127,46.1669616699219
3828,1276.25313875647,2500,1225.72393437248,8640627,46.1669616699219
3829,1183.05890546258,2500,1221.73943501698,8643127,46.1669616699219
3830,1243.60435527066,2500,1224.02879103687,8645627,46.1669616699219
3831,1165.24372777029,2500,1221.60401871781,8648127,46.1669616699219
3832,1212.47137229903,2500,1218.36916170848,8650627,46.1669616699219
3833,1202.3557698684,2500,1216.33771122105,8653127,46.1669616699219
3834,1197.28197412343,2500,1218.24577562038,8655627,46.1669616699219
3835,1279.22328440306,2500,1223.07385502623,8658127,46.239013671875
3836,559.824016863978,2500,1150.58932097738,8660627,46.239013671875
3837,1278.7503403632,2500,1159.80668851811,8663127,46.239013671875
3838,1257.68997670715,2500,1157.95037231318,8665627,46.239013671875
3839,1230.09406113238,2500,1162.65388788016,8668127,46.239013671875
3840,1330.78675347065,2500,1171.37212770016,8670627,46.239013671875
3841,1224.21213485959,2500,1177.26896840909,8673127,46.239013671875
3842,1256.3873473881,2500,1181.66056591799,8675627,46.239013671875
3843,1262.98408407153,2500,1187.72339733831,8678127,46.239013671875
3844,1207.02548227602,2500,1188.69774815357,8680627,46.239013671875
3845,1216.33496154709,2500,1182.40891586797,8683127,46.239013671875
3846,1228.12557905939,2500,1249.23907208751,8685627,46.239013671875
3847,1209.60999145425,2500,1242.32503719661,8688127,46.239013671875
3848,1229.89608428486,2500,1239.54564795439,8690627,46.239013671875
3849,1272.23412205657,2500,1243.7596540468,8693127,46.239013671875
3850,1236.88004370064,2500,1234.3689830698,8695627,46.239013671875
3851,659.066044567214,2500,1177.85437404057,8698127,46.239013671875
3852,1221.02116578597,2500,1174.31775588035,8700627,46.239013671875
3853,1252.80062956587,2500,1173.29941042979,8703127,46.239013671875
3854,1213.65821056447,2500,1173.96268325863,8705627,46.239013671875
3855,1310.43453945832,2500,1183.37264104975,8708127,46.239013671875
3856,1269.86600773521,2500,1187.54668391734,8710627,45.5483474731445
3857,1256.00128399551,2500,1192.18581317146,8713127,45.5483474731445
3858,1252.2795190755,2500,1194.42415665053,8715627,45.5483474731445
3859,1331.39961570716,2500,1200.34070601559,8718127,45.5483474731445
3860,1249.37640997699,2500,1201.59034264322,8720627,45.5483474731445
3861,1319.96031186284,2500,1267.67976937278,8723127,45.5483474731445
3862,1263.72401020979,2500,1271.95005381517,8725627,45.5483474731445
3863,1343.93320974166,2500,1281.06331183274,8728127,45.5483474731445
3864,1345.47756247609,2500,1294.24524702391,8730627,45.5483474731445
3865,1321.81605963475,2500,1295.38339904155,8733127,45.5483474731445
3866,1344.31710014911,2500,1302.82850828294,8735627,45.5483474731445
3867,1260.63770806223,2500,1303.29215068961,8738127,45.5483474731445
3868,1351.28608953972,2500,1313.19280773603,8740627,45.5483474731445
3869,1256.69156421971,2500,1305.72200258729,8743127,45.5483474731445
3870,1328.46484483077,2500,1313.63084607267,8745627,45.5483474731445
3871,1235.48711573611,2500,1305.18352645999,8748127,45.5483474731445
3872,1368.44578074576,2500,1315.65570351359,8750627,45.5483474731445
3873,1351.47189858292,2500,1316.40957239772,8753127,45.5483474731445
3874,1298.76829170242,2500,1311.73864532035,8755627,45.5483474731445
3875,1347.98191662576,2500,1314.35523101945,8758127,45.5483474731445
3876,1370.07824611295,2500,1316.93134561584,8760627,45.5483474731445
3877,1309.43163521575,2500,1321.81073833119,8763127,45.5483474731445
3878,1300.57400997569,2500,1316.73953037478,8765627,45.5483474731445
3879,1268.21250407431,2500,1317.89162436024,8768127,45.8950958251953
3880,1330.34107189779,2500,1318.07924706695,8770627,45.8950958251953
3881,1306.40579236419,2500,1325.17111472975,8773127,45.8950958251953
3882,1254.84984376401,2500,1313.81152103158,8775627,45.8950958251953
3883,1329.2926778179,2500,1311.59359895508,8778127,45.8950958251953
3884,1359.50321489703,2500,1317.66709127454,8780627,45.8950958251953
3885,1246.12486329943,2500,1307.4813859419,8783127,45.8950958251953
3886,1309.10278355698,2500,1301.38383968631,8785627,45.8950958251953
3887,1331.14201334678,2500,1303.55487749941,8788127,45.8950958251953
3888,1349.13029635857,2500,1308.4105061377,8790627,45.8950958251953
3889,1292.45807849329,2500,1310.8350635796,8793127,45.8950958251953
3890,1360.27136154371,2500,1313.82809254419,8795627,45.8950958251953
3891,1344.04911717385,2500,1317.59242502515,8798127,45.8950958251953
3892,1343.63488192314,2500,1326.47092884107,8800627,45.8950958251953
3893,1243.10153511415,2500,1317.85181457069,8803127,45.8950958251953
3894,1352.90343223339,2500,1317.19183630433,8805627,45.8950958251953
3895,1365.02849732513,2500,1329.0821997069,8808127,45.8950958251953
3896,1294.96460284726,2500,1327.66838163593,8810627,45.8950958251953
3897,1360.62387907453,2500,1330.6165682087,8813127,45.8950958251953
3898,1352.05402098135,2500,1330.90894067098,8815627,45.8950958251953
3899,1258.9337774313,2500,1327.55651056478,8818127,45.8950958251953
3900,1333.36004045365,2500,1324.86537845577,8820627,47.0575294494629
3901,1309.32691424122,2500,1321.39315816251,8823127,47.0575294494629
3902,1375.75288545234,2500,1324.60495851543,8825627,47.0575294494629
3903,1336.00940291934,2500,1333.89574529595,8828127,47.0575294494629
3904,1303.35122456525,2500,1328.94052452914,8830627,47.0575294494629
3905,1350.73461478036,2500,1327.51113627466,8833127,47.0575294494629
3906,1367.37712045477,2500,1334.75238803541,8835627,47.0575294494629
3907,1328.72979441173,2500,1331.56297956913,8838127,47.0575294494629
3908,1382.46921669235,2500,1334.60449914023,8840627,47.0575294494629
3909,1277.29986583966,2500,1336.44110798106,8843127,47.0575294494629
3910,1279.34109274155,2500,1331.03921320986,8845627,47.0575294494629
3911,1322.35761355373,2500,1332.34228314111,8848127,47.0575294494629
3912,1327.67192002436,2500,1327.53418659831,8850627,47.0575294494629
3913,1324.43093130057,2500,1326.37633943643,8853127,47.0575294494629
3914,1377.92750081229,2500,1333.83396706114,8855627,47.0575294494629
3915,1353.45249328784,2500,1334.10575491188,8858127,47.0575294494629
3916,1366.51801934008,2500,1334.01984480042,8860627,47.0575294494629
3917,1361.89202648954,2500,1337.3360680082,8863127,47.0575294494629
3918,1341.99165575625,2500,1333.28831191459,8865627,47.0575294494629
3919,1270.37175402797,2500,1332.59550073342,8868127,47.0575294494629
3920,1349.31970718411,2500,1339.59336217768,8870627,47.0575294494629
3921,1364.77056892139,2500,1343.83465771444,8873127,47.0575294494629
3922,1268.24795897493,2500,1337.8922616095,8875627,47.0575294494629
3923,1350.36834951119,2500,1340.48600343056,8878127,47.3424682617188
3924,1366.32077064237,2500,1339.32533041357,8880627,47.3424682617188
3925,1257.02512743735,2500,1329.68259382852,8883127,47.3424682617188
3926,1342.32637947996,2500,1327.26342984251,8885627,47.3424682617188
3927,1367.4761051003,2500,1327.82183770358,8888127,47.3424682617188
3928,1383.29322165207,2500,1331.95199429316,8890627,47.3424682617188
3929,1365.19036297793,2500,1341.43385518816,8893127,47.3424682617188
3930,1314.90862599673,2500,1337.99274706942,8895627,47.3424682617188
3931,1325.12035620436,2500,1334.02772579772,8898127,47.3424682617188
3932,1348.02281484591,2500,1342.00521138482,8900627,47.3424682617188
3933,1353.03949703897,2500,1342.27232613759,8903127,47.3424682617188
3934,1318.3574582892,2500,1337.47599490228,8905627,47.3424682617188
3935,1366.27171371233,2500,1348.40065352978,8908127,47.3424682617188
3936,1336.19961236065,2500,1347.78797681784,8910627,47.3424682617188
3937,1409.34283082602,2500,1351.97464939042,8913127,47.3424682617188
3938,1348.81585890263,2500,1348.52691311547,8915627,47.3424682617188
3939,1398.82890623204,2500,1351.89076744088,8918127,47.3424682617188
3940,1346.62320874529,2500,1355.06222571574,8920627,47.3424682617188
3941,1351.26755106901,2500,1357.6769452022,8923127,47.3424682617188
3942,1331.05014316049,2500,1355.97967803366,8925627,47.3424682617188
3943,1317.69964759758,2500,1352.44569308952,8928127,47.3424682617188
3944,1358.45974575175,2500,1356.45592183578,8930627,47.5317230224609
3945,1360.73841024681,2500,1355.90259148923,8933127,47.5317230224609
3946,1338.34635457413,2500,1356.11726571057,8935627,47.5317230224609
3947,1375.93864514217,2500,1352.77684714219,8938127,47.5317230224609
3948,1393.60451196754,2500,1357.25571244868,8940627,47.5317230224609
3949,1378.73827012236,2500,1355.24664883771,8943127,47.5317230224609
3950,1363.72981128185,2500,1356.95730909137,8945627,47.5317230224609
3951,1396.82957343426,2500,1361.51351132789,8948127,47.5317230224609
3952,1285.84644820121,2500,1356.99314183197,8950627,47.5317230224609
3953,1347.5204624737,2500,1359.97522331958,8953127,47.5317230224609
3954,1349.20068489036,2500,1359.04931723344,8955627,47.5317230224609
3955,1361.77988025502,2500,1359.15346423426,8958127,47.5317230224609
3956,1350.99638763993,2500,1360.41846754084,8960627,47.5317230224609
3957,1362.89274672109,2500,1359.11387769873,8963127,47.5317230224609
3958,1354.27276013105,2500,1355.18070251508,8965627,47.5317230224609
3959,1352.52423692056,2500,1352.5592991949,8968127,47.5317230224609
3960,1346.45993229118,2500,1350.83231129584,8970627,47.5317230224609
3961,1375.39507637479,2500,1348.68886158989,8973127,47.5317230224609
3962,1359.23422600831,2500,1356.0276393706,8975627,47.5317230224609
3963,1374.16727498704,2500,1358.69232062193,8978127,47.5317230224609
3964,1373.03415975361,2500,1361.07566810826,8980627,47.5317230224609
3965,1356.66938376393,2500,1360.56461845915,8983127,47.5317230224609
3966,1353.12863746766,2500,1360.77784344192,8985627,47.5317230224609
3967,1313.22727027671,2500,1355.81129579748,8988127,47.7184143066406
3968,1302.73279794677,2500,1350.65729957906,8990627,47.7184143066406
3969,1299.75816168421,2500,1345.38069205542,8993127,47.7184143066406
3970,1303.62326287283,2500,1341.09702511359,8995627,47.7184143066406
3971,1335.52416522476,2500,1337.10993399858,8998127,47.7184143066406
3972,1319.72357729877,2500,1333.15886912763,9000627,47.7184143066406
3973,1348.73001091785,2500,1330.61514272071,9003127,47.7184143066406
3974,1414.14239045095,2500,1334.72596579044,9005627,47.7184143066406
3975,1268.01883903493,2500,1325.86091131754,9008127,47.7184143066406
3976,1393.6937660884,2500,1329.91742417962,9010627,47.7184143066406
3977,1364.54318612728,2500,1335.04901576468,9013127,47.7184143066406
3978,1313.56481500032,2500,1336.13221747003,9015627,47.7184143066406
3979,1299.49091581038,2500,1336.10549288265,9018127,47.7184143066406
3980,1267.66490516032,2500,1332.5096571114,9020627,47.7184143066406
3981,1315.30343265726,2500,1330.48758385465,9023127,47.7184143066406
3982,1354.99571669411,2500,1334.01479779418,9025627,47.7184143066406
3983,1296.89970139673,2500,1328.83176684207,9028127,47.7184143066406
3984,1298.55917770641,2500,1317.27344556761,9030627,47.7184143066406
3985,1336.75334229806,2500,1324.14689589393,9033127,47.7184143066406
3986,1339.36977414096,2500,1318.71449669918,9035627,47.7184143066406
3987,1337.69974811771,2500,1316.03015289823,9038127,47.7184143066406
3988,1359.98039585625,2500,1320.67171098382,9040627,47.9022674560547
3989,1363.68408062765,2500,1327.09102746555,9043127,47.9022674560547
3990,1268.65909454353,2500,1327.19044640387,9045627,47.9022674560547
3991,1279.59573360551,2500,1323.61967649869,9048127,47.9022674560547
3992,1341.81349756399,2500,1322.30145458568,9050627,47.9022674560547
3993,1378.07497554196,2500,1330.4189820002,9053127,47.9022674560547
3994,1368.25201609373,2500,1337.38826583893,9055627,47.9022674560547
3995,1282.36266518683,2500,1331.94919812781,9058127,47.9022674560547
3996,1299.7369510092,2500,1327.98591581464,9060627,47.9022674560547
3997,1357.81524212499,2500,1329.99746521536,9063127,47.9022674560547
3998,1310.69291377208,2500,1325.06871700695,9065627,47.9022674560547
3999,1322.88446127969,2500,1320.98875507215,9068127,47.9022674560547
4000,1315.6500038763,2500,1325.68784600543,9070627,47.9022674560547
4001,1291.77602856714,2500,1326.90587550159,9073127,47.9022674560547
4002,1332.96591507516,2500,1326.02111725271,9075627,47.9022674560547
4003,1335.67281953305,2500,1321.78090165182,9078127,47.9022674560547
4004,1291.00051463108,2500,1314.05575150555,9080627,47.9022674560547
4005,1298.54594273903,2500,1315.67407926077,9083127,47.9022674560547
4006,1307.1530547516,2500,1316.41568963501,9085627,47.9022674560547
4007,1328.07927572389,2500,1313.4420929949,9088127,47.9022674560547
4008,1363.38729326116,2500,1318.71153094381,9090627,47.9022674560547
4009,1345.6686160595,2500,1320.98994642179,9093127,47.9022674560547
4010,1353.94616680592,2500,1324.81956271475,9095627,47.9022674560547
4011,1263.83341908362,2500,1322.0253017664,9098127,48.7597694396973
4012,1325.71042598029,2500,1321.29975285691,9100627,48.7597694396973
4013,1371.41894074722,2500,1324.87436497833,9103127,48.7597694396973
4014,1297.07345333285,2500,1325.48165884851,9105627,48.7597694396973
4015,1366.973507402,2500,1332.32441531481,9108127,48.7597694396973
4016,1338.59616756451,2500,1335.4687265961,9110627,48.7597694396973
4017,1344.14480613186,2500,1337.07527963689,9113127,48.7597694396973
4018,1345.14170003871,2500,1335.25072031465,9115627,48.7597694396973
4019,1334.87207952677,2500,1334.17106666138,9118127,48.7597694396973
4020,1353.62142686392,2500,1334.13859266718,9120627,48.7597694396973
4021,1299.31995501911,2500,1337.68724626073,9123127,48.7597694396973
4022,1357.59349567791,2500,1340.87555323049,9125627,48.7597694396973
4023,1351.22527982592,2500,1338.85618713836,9128127,48.7597694396973
4024,1334.28561456857,2500,1342.57740326193,9130627,48.7597694396973
4025,1287.17132493071,2500,1334.5971850148,9133127,48.7597694396973
4026,1354.03510216966,2500,1336.14107847531,9135627,48.7597694396973
4027,1323.74845342873,2500,1334.101443205,9138127,48.7597694396973
4028,1274.1399397897,2500,1327.0012671801,9140627,48.7597694396973
4029,1319.63097582074,2500,1325.4771568095,9143127,48.7597694396973
4030,1343.1069692949,2500,1324.4257110526,9145627,48.7597694396973
4031,1399.25368570266,2500,1334.41908412095,9148127,48.7597694396973
4032,1327.4142420904,2500,1331.4011587622,9150627,48.7052917480469
4033,1282.59615083433,2500,1324.53824586304,9153127,48.7052917480469
4034,1326.13747166223,2500,1323.72343157241,9155627,48.7052917480469
4035,1334.44439532785,2500,1328.45073861212,9158127,48.7052917480469
4036,1288.73206591797,2500,1321.92043498695,9160627,48.7052917480469
4037,1327.88958920102,2500,1322.33454856418,9163127,48.7052917480469
4038,1338.53796111187,2500,1328.7743506964,9165627,48.7052917480469
4039,1337.02625855719,2500,1330.51387897004,9168127,48.7052917480469
4040,1341.77488708173,2500,1330.38067074873,9170627,48.7052917480469
4041,1322.37775399978,2500,1322.69307757844,9173127,48.7052917480469
4042,1241.2617341059,2500,1314.07782677999,9175627,48.7052917480469
4043,1278.52961688432,2500,1313.67117338499,9178127,48.7052917480469
4044,1355.69673233878,2500,1316.62709945264,9180627,48.7052917480469
4045,1211.45439594495,2500,1304.32809951435,9183127,48.7052917480469
4046,1252.85514397756,2500,1300.74040732031,9185627,48.7052917480469
4047,1184.69583154418,2500,1286.42103155463,9188127,48.7052917480469
4048,1289.09390184427,2500,1281.47662562787,9190627,48.7052917480469
4049,1368.71466582509,2500,1284.64546635466,9193127,48.7052917480469
4050,1338.81760606767,2500,1284.34973825325,9195627,48.7052917480469
4051,1284.82325584385,2500,1280.59428843766,9198127,48.7052917480469
4052,1285.79911000931,2500,1285.048026028,9200627,48.7052917480469
4053,1263.35929790833,2500,1283.5309941304,9203127,48.7052917480469
4054,1274.60717359112,2500,1275.42203825563,9205627,48.7052917480469
4055,1000.43563349144,2500,1254.32016201028,9208127,48.7265739440918
4056,1260.51736544023,2500,1255.08638415655,9210627,48.7265739440918
4057,911.579824696222,2500,1227.77478347175,9213127,48.7265739440918
4058,1316.67492470657,2500,1230.53288575798,9215627,48.7265739440918
4059,1289.92235357971,2500,1222.65365453344,9218127,48.7265739440918
4060,1267.80982070572,2500,1215.55287599725,9220627,48.7265739440918
4061,1176.12871763877,2500,1204.68342217674,9223127,48.7265739440918
4062,1349.07627033401,2500,1211.01113820921,9225627,48.7265739440918
4063,1318.9425818522,2500,1216.5694666036,9228127,48.7265739440918
4064,1257.30506611712,2500,1214.8392558562,9230627,48.7265739440918
4065,550.494176485528,2500,1169.84511015561,9233127,48.7265739440918
4066,1258.43712016611,2500,1169.6370856282,9235627,48.7265739440918
4067,1253.30249551144,2500,1203.80935270972,9238127,48.7265739440918
4068,1178.12403409104,2500,1189.95426364817,9240627,48.7265739440918
4069,1237.50220909584,2500,1184.71224919978,9243127,48.7265739440918
4070,1278.34240334147,2500,1185.76550746335,9245627,48.7265739440918
4071,1267.35319645455,2500,1194.88795534493,9248127,48.7265739440918
4072,1307.40839418408,2500,1190.72116772994,9250627,48.7265739440918
4073,1346.38651420474,2500,1193.46556096519,9253127,48.7265739440918
4074,1212.44387215341,2500,1188.97944156882,9255627,48.7265739440918
4075,1171.31609872801,2500,1251.06163379307,9258127,48.7265739440918
4076,315.74164670843,2500,1156.7920864473,9260627,49.4004287719727
4077,1178.15214478405,2500,1149.27705137456,9263127,49.4004287719727
4078,1275.44608825925,2500,1159.00925679138,9265627,49.4004287719727
4079,974.163988569037,2500,1132.6754347387,9268127,49.4004287719727
4080,185.953664583093,2500,1023.43656086286,9270627,49.4004287719727
4081,1184.57937527919,2500,1015.15917874533,9273127,49.4004287719727
4082,1289.19849674882,2500,1013.3381890018,9275627,49.4004287719727
4083,1031.59125913268,2500,981.858663494596,9278127,49.4004287719727
4084,1242.60884181475,2500,984.875160460731,9280627,49.4004287719727
4085,1111.84521679783,2500,978.928072267713,9283127,49.4004287719727
4086,1246.51979574333,2500,1072.0058871712,9285627,49.4004287719727
4087,1240.9120185951,2500,1078.28187455231,9288127,49.4004287719727
4088,986.253708258173,2500,1049.3626365522,9290627,49.4004287719727
4089,1171.00899166796,2500,1069.04713686209,9293127,49.4004287719727
4090,1066.0287422075,2500,1157.05464462453,9295627,49.4004287719727
4091,1263.5418835089,2500,1164.9508954475,9298127,49.4004287719727
4092,1078.32123719713,2500,1143.86316949233,9300627,49.4004287719727
4093,1124.09695670427,2500,1153.11373924949,9303127,49.4004287719727
4094,1177.08457012459,2500,1146.56131208048,9305627,49.4004287719727
4095,97.1114067095415,2500,1045.08793107165,9308127,49.4004287719727
4096,1156.18521244637,2500,1036.05447274195,9310627,49.4004287719727
4097,1260.43197738013,2500,1038.00646862046,9313127,49.4004287719727
4098,1057.92954346408,2500,1045.17405214105,9315627,49.4004287719727
4099,1086.33425862034,2500,1036.70657883629,9318127,48.209098815918
4100,829.54316391974,2500,1013.05802100751,9320627,48.209098815918
4101,917.815635231453,2500,978.485396179764,9323127,48.209098815918
4102,995.068281263257,2500,970.160100586377,9325627,48.209098815918
4103,1190.70972319005,2500,976.821377234956,9328127,48.209098815918
4104,1160.29111442646,2500,975.142031665143,9330627,48.209098815918
4105,1085.37206338045,2500,1073.96809733223,9333127,48.209098815918
4106,1145.2441852888,2500,1072.87399461648,9335627,48.209098815918
4107,1049.98909840394,2500,1051.82970671886,9338127,48.209098815918
4108,953.388904459003,2500,1041.37564281835,9340627,48.209098815918
4109,1037.34424449898,2500,1036.47664140621,9343127,48.209098815918
4110,1010.99115615081,2500,1054.62144062932,9345627,48.209098815918
4111,1002.96164051284,2500,1063.13604115746,9348127,48.209098815918
4112,1157.97619046489,2500,1079.42683207762,9350627,48.209098815918
4113,1245.40068313833,2500,1084.89592807245,9353127,48.209098815918
4114,1078.53178233302,2500,1076.71999486311,9355627,48.209098815918
4115,1201.00030409151,2500,1088.28281893421,9358127,48.209098815918
4116,982.826987058381,2500,1072.04109911117,9360627,48.209098815918
4117,1008.360627001,2500,1067.87825197088,9363127,48.209098815918
4118,1254.26860117239,2500,1097.96622164222,9365627,48.209098815918
4119,1043.97796852185,2500,1098.6295940445,9368127,48.209098815918
4120,1277.09456731679,2500,1125.2399351611,9370627,48.3393592834473
4121,1167.43620612922,2500,1141.68739172274,9373127,48.3393592834473
4122,1263.87958035592,2500,1152.27773071184,9375627,48.3393592834473
4123,1130.73285635803,2500,1140.81094803381,9378127,48.3393592834473
4124,1288.18939767781,2500,1161.77670956829,9380627,48.3393592834473
4125,1144.36336174861,2500,1156.113015334,9383127,48.3393592834473
4126,1249.09333874797,2500,1182.73965050296,9385627,48.3393592834473
4127,1271.53378161798,2500,1209.05696596466,9388127,48.3393592834473
4128,1178.41913338274,2500,1201.47201918569,9390627,48.3393592834473
4129,1207.22911777813,2500,1217.79713411132,9393127,48.3393592834473
4130,1274.40483260138,2500,1217.52816063978,9395627,48.3393592834473
4131,1168.16104412357,2500,1217.60064443922,9398127,48.3393592834473
4132,1137.08826725651,2500,1204.92151312927,9400627,48.3393592834473
4133,1268.14083942641,2500,1218.66231143611,9403127,48.3393592834473
4134,1127.30193340199,2500,1202.57356500853,9405627,48.3393592834473
4135,1161.74488616453,2500,1204.31171745012,9408127,48.3393592834473
4136,1181.89516321966,2500,1197.59189989729,9410627,48.3393592834473
4137,1262.16124420875,2500,1196.65464615637,9413127,48.3393592834473
4138,1166.5371623835,2500,1195.46644905644,9415627,48.3393592834473
4139,1263.1688172372,2500,1201.06041900235,9418127,48.3393592834473
4140,1268.3883423134,2500,1200.45876997355,9420627,48.3393592834473
4141,1177.36158880386,2500,1201.37882444158,9423127,48.3393592834473
4142,1130.64212901587,2500,1200.73421061752,9425627,48.3393592834473
4143,1340.37508998443,2500,1207.95763567332,9428127,48.0435028076172
4144,1350.35455137452,2500,1230.26289747057,9430627,48.0435028076172
4145,1257.20995681769,2500,1239.80940453589,9433127,48.0435028076172
4146,1265.59150995403,2500,1248.17903920932,9435627,48.0435028076172
4147,1354.08394681697,2500,1257.37130947015,9438127,48.0435028076172
4148,1252.34986570983,2500,1265.95257980278,9440627,48.0435028076172
4149,1299.42670825392,2500,1269.57836890445,9443127,48.0435028076172
4150,1367.2848346719,2500,1279.4680181403,9445627,48.0435028076172
4151,1356.19513457082,2500,1297.351372717,9448127,48.0435028076172
4152,1296.81407447688,2500,1313.9685672631,9450627,48.0435028076172
4153,1324.88338438858,2500,1312.41939670351,9453127,48.0435028076172
4154,1352.02558988588,2500,1312.58650055465,9455627,48.0435028076172
4155,1330.22664374672,2500,1319.88816924755,9458127,48.0435028076172
4156,1278.50669871265,2500,1321.17968812342,9460627,48.0435028076172
4157,1359.88941596436,2500,1321.76023503815,9463127,48.0435028076172
4158,1269.0415313063,2500,1323.4294015978,9465627,48.0435028076172
4159,1309.02663287125,2500,1324.38939405954,9468127,48.0435028076172
4160,1343.05039600407,2500,1321.96595019275,9470627,48.0435028076172
4161,1331.24998360975,2500,1319.47143509664,9473127,48.0435028076172
4162,1322.09000772958,2500,1321.99902842192,9475627,48.0435028076172
4163,1348.98430080043,2500,1324.4091200631,9478127,48.0435028076172
4164,1355.16960743237,2500,1324.72352181775,9480627,48.7449378967285
4165,1315.64903994097,2500,1323.26576143718,9483127,48.7449378967285
4166,1258.41542310438,2500,1321.25663387635,9485627,48.7449378967285
4167,1261.90958917283,2500,1311.45865119719,9488127,48.7449378967285
4168,1265.03157024824,2500,1311.05765509139,9490627,48.7449378967285
4169,1295.49229107275,2500,1309.70422091154,9493127,48.7449378967285
4170,1349.53668623135,2500,1310.35284993427,9495627,48.7449378967285
4171,1344.86639303705,2500,1311.714490877,9498127,48.7449378967285
4172,1327.1119870127,2500,1312.21668880531,9500627,48.7449378967285
4173,1339.90539180582,2500,1311.30879790585,9503127,48.7449378967285
4174,1262.98250229877,2500,1302.09008739249,9505627,48.7449378967285
4175,1260.32055654959,2500,1296.55723905335,9508127,48.7449378967285
4176,1345.34558574596,2500,1305.25025531751,9510627,48.7449378967285
4177,1333.44048142578,2500,1312.4033445428,9513127,48.7449378967285
4178,1269.87269448578,2500,1312.88745696656,9515627,48.7449378967285
4179,1338.38213276937,2500,1317.17644113622,9518127,48.7449378967285
4180,1299.18209049767,2500,1312.14098156285,9520627,48.7449378967285
4181,1292.86291544808,2500,1306.94063380395,9523127,48.7449378967285
4182,1328.91589889762,2500,1307.12102499244,9525627,48.7449378967285
4183,1357.16294969773,2500,1308.84678078163,9528127,48.7449378967285
4184,1336.3074927643,2500,1316.17927982819,9530627,48.7449378967285
4185,1322.02182520596,2500,1322.34940669382,9533127,48.7449378967285
4186,1285.1731461425,2500,1316.33216273348,9535627,48.7449378967285
4187,1304.75692325352,2500,1313.46380691625,9538127,48.3992004394531
4188,1265.16670669441,2500,1312.99320813712,9540627,48.3992004394531
4189,1273.69172540661,2500,1306.52416740084,9543127,48.3992004394531
4190,1244.8312667866,2500,1301.08908502973,9545627,48.3992004394531
4191,1344.75613577888,2500,1306.27840706281,9548127,48.3992004394531
4192,1341.55940892599,2500,1307.54275806565,9550627,48.3992004394531
4193,1253.98702205621,2500,1297.2251653015,9553127,48.3992004394531
4194,1247.40519004831,2500,1288.3349350299,9555627,48.3992004394531
4195,1235.79356946543,2500,1279.71210945585,9558127,48.3992004394531
4196,1273.77304589094,2500,1278.57209943069,9560627,48.3992004394531
4197,1349.93326525807,2500,1283.08973363115,9563127,48.3992004394531
4198,1239.11869565414,2500,1280.48493252712,9565627,48.3992004394531
4199,1271.55557344916,2500,1280.27131733137,9568127,48.3992004394531
4200,1325.30593726073,2500,1288.31878437879,9570627,48.3992004394531
4201,1275.0875191498,2500,1281.35192271588,9573127,48.3992004394531
4202,1349.09845949372,2500,1282.10582777265,9575627,48.3992004394531
4203,1286.24417017347,2500,1285.33154258438,9578127,48.3992004394531
4204,1311.10819882854,2500,1291.7018434624,9580627,48.3992004394531
4205,1290.73848728461,2500,1297.19633524432,9583127,48.3992004394531
4206,1324.98089317692,2500,1302.31711997292,9585627,48.3992004394531
4207,1337.46483466612,2500,1301.07027691372,9588127,48.3992004394531
4208,1332.86045755154,2500,1310.44445310346,9590627,48.4931640625
4209,1324.91242878756,2500,1315.7801386373,9593127,48.4931640625
4210,1238.83419435311,2500,1307.13296434654,9595627,48.4931640625
4211,1267.31269444236,2500,1306.3554818758,9598127,48.4931640625
4212,1322.83918082073,2500,1303.7295540085,9600627,48.4931640625
4213,1333.04644338035,2500,1308.40978132919,9603127,48.4931640625
4214,1242.34695503954,2500,1301.53365695029,9605627,48.4931640625
4215,1340.39764179351,2500,1306.49957240118,9608127,48.4931640625
4216,1332.49286132472,2500,1307.25076921596,9610627,48.4931640625
4217,1327.15556605898,2500,1306.21984235524,9613127,48.4931640625
4218,1291.53966769789,2500,1302.08776336988,9615627,48.4931640625
4219,1327.19284884171,2500,1302.31580537529,9618127,48.4931640625
4220,1320.60692202182,2500,1310.49307814216,9620627,48.4931640625
4221,1331.60935248523,2500,1316.92274394645,9623127,48.4931640625
4222,1281.03327685555,2500,1312.74215354993,9625627,48.4931640625
4223,1329.21933549777,2500,1312.35944276167,9628127,48.4931640625
4224,1272.01857955913,2500,1315.32660521363,9630627,48.4931640625
4225,1295.33586151147,2500,1310.82042718543,9633127,48.4931640625
4226,1330.05867536564,2500,1310.57700858952,9635627,48.4931640625
4227,1299.24771293241,2500,1307.78622327686,9638127,48.4931640625
4228,1279.73489020631,2500,1306.6057455277,9640627,48.4931640625
4229,1245.78475623703,2500,1298.46493626724,9643127,48.4931640625
4230,1332.65337112989,2500,1299.66958117804,9645627,48.4931640625
4231,1320.86305223912,2500,1298.59495115343,9648127,48.602897644043
4232,1331.12526487174,2500,1303.60414995505,9650627,48.602897644043
4233,1319.58639185465,2500,1302.64085559074,9653127,48.602897644043
4234,1324.78081942445,2500,1307.91707957727,9655627,48.602897644043
4235,1340.50085235065,2500,1312.43357866119,9658127,48.602897644043
4236,1304.06947206555,2500,1309.83465833118,9660627,48.602897644043
4237,1329.60206333711,2500,1312.87009337165,9663127,48.602897644043
4238,1291.63804024083,2500,1314.0604083751,9665627,48.602897644043
4239,1331.53361036485,2500,1322.63529378788,9668127,48.602897644043
4240,1326.58594334302,2500,1322.0285510092,9670627,48.602897644043
4241,1316.60158917956,2500,1321.60240470324,9673127,48.602897644043
4242,1321.47921256686,2500,1320.63779947275,9675627,48.602897644043
4243,1335.63568500491,2500,1322.24272878778,9678127,48.602897644043
4244,1291.96727627415,2500,1318.96137447275,9680627,48.602897644043
4245,1312.81610660739,2500,1316.19289989842,9683127,48.602897644043
4246,1308.22804739532,2500,1316.6087574314,9685627,48.602897644043
4247,1310.76058991864,2500,1314.72461008955,9688127,48.602897644043
4248,1319.97024249817,2500,1317.55783031529,9690627,48.602897644043
4249,1288.70733440601,2500,1313.2752027194,9693127,48.602897644043
4250,1340.32546347177,2500,1314.64915473228,9695627,48.602897644043
4251,1327.03630374209,2500,1315.69262618853,9698127,48.602897644043
4252,1323.88365171656,2500,1315.9330701035,9700627,49.6785507202148
4253,1248.73734267239,2500,1307.24323587025,9703127,49.6785507202148
4254,1316.96059213577,2500,1309.74256745641,9705627,49.6785507202148
4255,1237.75495462426,2500,1302.2364522581,9708127,49.6785507202148
4256,1249.49522644593,2500,1296.36317016316,9710627,49.6785507202148
4257,1318.04280714997,2500,1297.09139188629,9713127,49.6785507202148
4258,1300.01823262485,2500,1295.09619089896,9715627,49.6785507202148
4259,1256.03084318327,2500,1291.82854177669,9718127,49.6785507202148
4260,1253.44951370142,2500,1283.14094679965,9720627,49.6785507202148
4261,1298.36518213247,2500,1280.27383463869,9723127,49.6785507202148
4262,1345.95339418121,2500,1282.48080888515,9725627,49.6785507202148
4263,1324.3599457751,2500,1290.04306919542,9728127,49.6785507202148
4264,1302.56672954116,2500,1288.60368293596,9730627,49.6785507202148
4265,1312.35360463067,2500,1296.0635479366,9733127,49.6785507202148
4266,1325.10111300385,2500,1303.6241365924,9735627,49.6785507202148
4267,1251.81420380669,2500,1297.00127625807,9738127,49.6785507202148
4268,1249.17195715409,2500,1291.91664871099,9740627,49.6785507202148
4269,1323.21523349026,2500,1298.63508774169,9743127,49.6785507202148
4270,1306.90899620699,2500,1303.98103599225,9745627,49.6785507202148
4271,1313.92970073434,2500,1305.53748785244,9748127,49.6785507202148
4272,1330.10302680108,2500,1303.95245111442,9750627,49.6785507202148
4273,1286.45573393767,2500,1300.16202993068,9753127,49.6785507202148
4274,1332.41424257057,2500,1303.14678123362,9755627,49.6785507202148
4275,1226.48136758659,2500,1294.55955752921,9758127,49.0618858337402
4276,1325.34731068691,2500,1294.58417729752,9760627,49.0618858337402
4277,1248.75876344604,2500,1294.27863326146,9763127,49.0618858337402
4278,1288.22299408406,2500,1298.18373695445,9765627,49.0618858337402
4279,1327.48332891094,2500,1298.61054649652,9768127,49.0618858337402
4280,1292.99316923201,2500,1297.21896379902,9770627,49.0618858337402
4281,1300.82475798941,2500,1295.90846952453,9773127,49.0618858337402
4282,950.905754281726,2500,1257.98874227259,9775627,49.0618858337402
4283,1325.32593019192,2500,1261.87576189802,9778127,49.0618858337402
4284,1288.95406522304,2500,1257.52974416326,9780627,49.0618858337402
4285,1306.59922760301,2500,1265.54153016491,9783127,49.0618858337402
4286,1248.95691821764,2500,1257.90249091798,9785627,49.0618858337402
4287,1290.02982571013,2500,1262.02959714439,9788127,49.0618858337402
4288,1285.88288606159,2500,1261.79558634214,9790627,49.0618858337402
4289,1284.2111277611,2500,1257.46836622716,9793127,49.0618858337402
4290,1270.96239205723,2500,1255.26528850968,9795627,49.0618858337402
4291,1314.6604438432,2500,1256.64885709506,9798127,49.0618858337402
4292,1230.74187087389,2500,1284.63246875427,9800627,49.0618858337402
4293,1264.26161301936,2500,1278.52603703702,9803127,49.0618858337402
4294,1298.42403877459,2500,1279.47303439217,9805627,49.0618858337402
4295,1321.62139579493,2500,1280.97525121137,9808127,49.0618858337402
4296,1310.20912197561,2500,1287.10047158716,9810627,48.6679306030273
4297,1321.01888867732,2500,1290.19937788388,9813127,48.6679306030273
4298,1278.86050837685,2500,1289.49714011541,9815627,48.6679306030273
4299,1297.73853449405,2500,1290.8498807887,9818127,48.6679306030273
4300,1310.73412741546,2500,1294.82705432453,9820627,48.6679306030273
4301,1344.7303029665,2500,1297.83404023686,9823127,48.6679306030273
4302,1292.4465512654,2500,1304.00450827601,9825627,48.6679306030273
4303,1082.01150007648,2500,1285.77949698172,9828127,48.6679306030273
4304,1300.62129755023,2500,1285.99922285928,9830627,48.6679306030273
4305,1158.31046860242,2500,1269.66813014003,9833127,48.6679306030273
4306,1242.00290425784,2500,1262.84750836826,9835627,48.6679306030273
4307,1313.30034753102,2500,1262.07565425363,9838127,48.6679306030273
4308,1288.51501334842,2500,1263.04110475078,9840627,48.6679306030273
4309,1316.49342987869,2500,1264.91659428925,9843127,48.6679306030273
4310,1306.82494056604,2500,1264.5256756043,9845627,48.6679306030273
4311,1316.34846407245,2500,1261.6874917149,9848127,48.6679306030273
4312,1254.80948418869,2500,1257.92378500723,9850627,48.6679306030273
4313,1251.27313384021,2500,1274.8499483836,9853127,48.6679306030273
4314,1315.48476819492,2500,1276.33629544807,9855627,48.6679306030273
4315,1312.71394476508,2500,1291.77664306434,9858127,48.6679306030273
4316,1285.28405840209,2500,1296.10475847876,9860627,48.6679306030273
4317,1267.40763588598,2500,1291.51548731426,9863127,48.6679306030273
4318,1308.60446863658,2500,1293.52443284307,9865627,48.6679306030273
4319,1290.98776749081,2500,1290.97386660429,9868127,48.8236999511719
4320,1308.36384071446,2500,1291.12775661913,9870627,48.8236999511719
4321,1306.51516854417,2500,1290.1444270663,9873127,48.8236999511719
4322,1271.90353302377,2500,1291.85383194981,9875627,48.8236999511719
4323,1327.59293184664,2500,1299.48581175045,9878127,48.8236999511719
4324,1258.35043819792,2500,1293.77237875075,9880627,48.8236999511719
4325,1292.28188726645,2500,1291.72917300089,9883127,48.8236999511719
4326,1304.68738277893,2500,1293.66950543857,9885627,48.8236999511719
4327,1302.13414473755,2500,1297.14215632373,9888127,48.8236999511719
4328,1306.00129479119,2500,1296.88183893919,9890627,48.8236999511719
4329,1314.90314777771,2500,1299.27337696788,9893127,48.8236999511719
4330,1300.67091519067,2500,1298.5040844155,9895627,48.8236999511719
4331,1316.47289889813,2500,1299.4998574509,9898127,48.8236999511719
4332,1322.25808355242,2500,1304.53531250376,9900627,48.8236999511719
4333,1319.61414659246,2500,1303.73743397834,9903127,48.8236999511719
4334,1311.27119098382,2500,1309.02950925693,9905627,48.8236999511719
4335,1300.59092415561,2500,1309.86041294585,9908127,48.8236999511719
4336,1320.12707609175,2500,1311.40438227713,9910627,48.8236999511719
4337,1291.15090440987,2500,1310.30605824436,9913127,48.8236999511719
4338,1326.51653681118,2500,1312.35758244636,9915627,48.8236999511719
4339,1314.16717168361,2500,1312.28398483695,9918127,48.8236999511719
4340,1303.92184397926,2500,1312.60907771581,9920627,49.8410301208496
4341,1324.97842183573,2500,1313.45963000957,9923127,49.8410301208496
4342,1344.5461605903,2500,1315.68843771336,9925627,49.8410301208496
4343,1316.32535320711,2500,1315.35955837482,9928127,49.8410301208496
4344,1322.22576626477,2500,1316.45501590292,9930627,49.8410301208496
4345,1339.43788921623,2500,1320.33971240898,9933127,49.8410301208496
4346,1331.2874685795,2500,1321.45575165776,9935627,49.8410301208496
4347,1307.99659268265,2500,1323.14032048503,9938127,49.8410301208496
4348,1331.97898443593,2500,1323.68656524751,9940627,49.8410301208496
4349,1313.71101907653,2500,1323.6409499868,9943127,49.8410301208496
4350,1230.09359434382,2500,1316.25812502326,9945627,49.8410301208496
4351,1295.94685314005,2500,1313.35496815369,9948127,49.8410301208496
4352,1262.2183913628,2500,1305.12219123094,9950627,49.8410301208496
4353,1241.05635507755,2500,1297.59529141798,9953127,49.8410301208496
4354,1244.33623887713,2500,1289.80633867922,9955627,49.8410301208496
4355,1239.94354646654,2500,1279.85690440425,9958127,49.8410301208496
4356,1243.37954502896,2500,1271.0661120492,9960627,49.8410301208496
4357,1341.55256842896,2500,1274.42170962383,9963127,49.8410301208496
4358,1298.83786860364,2500,1271.1075980406,9965627,49.8410301208496
4359,1252.4219312827,2500,1264.97868926122,9968127,49.8410301208496
4360,1289.43067268132,2500,1270.91239709497,9970627,49.8410301208496
4361,1330.72666800741,2500,1274.3903785817,9973127,49.8410301208496
4362,1268.4416231494,2500,1275.01270176036,9975627,49.8410301208496
4363,1330.52861185546,2500,1283.95992743815,9978127,49.5607452392578
4364,1310.67807256987,2500,1290.59411080743,9980627,49.5607452392578
4365,1321.09092169297,2500,1298.70884833007,9983127,49.5607452392578
4366,1326.17639611504,2500,1306.98853343868,9985627,49.5607452392578
4367,1321.62811670831,2500,1304.99608826661,9988127,49.5607452392578
4368,1330.40572493099,2500,1308.15287389935,9990627,49.5607452392578
4369,1273.95911963909,2500,1310.30659273499,9993127,49.5607452392578
4370,1314.98864921034,2500,1312.86239038789,9995627,49.5607452392578
4371,1332.49814810113,2500,1313.03953839726,9998127,49.5607452392578
4372,1294.05432135957,2500,1315.60080821828,10000627,49.5607452392578
4373,1335.38050395052,2500,1316.08599742778,10003127,49.5607452392578
4374,1334.69947687476,2500,1318.48813785827,10005627,49.5607452392578
4375,1311.50766040785,2500,1317.52981172976,10008127,49.5607452392578
4376,1317.26236374576,2500,1316.63840849283,10010627,49.5607452392578
4377,1332.82777425325,2500,1317.75837424733,10013127,49.5607452392578
4378,1294.87221906906,2500,1314.20502366113,10015627,49.5607452392578
4379,1293.07525716744,2500,1316.11663741397,10018127,49.5607452392578
4380,1326.63531372261,2500,1317.2813038652,10020627,49.5607452392578
4381,1332.86445455931,2500,1317.31793451101,10023127,49.5607452392578
4382,1272.77868964367,2500,1315.19037133942,10025627,49.5607452392578
4383,1223.92232972351,2500,1304.04455391672,10028127,49.5607452392578
4384,1321.94502852165,2500,1302.76910908141,10030627,49.0337028503418
4385,1308.60122243548,2500,1302.47846528417,10033127,49.0337028503418
4386,1248.97079539812,2500,1295.64930844941,10035627,49.0337028503418
4387,1330.69876857964,2500,1295.43640788205,10038127,49.0337028503418
4388,1288.70471164882,2500,1294.81965714003,10040627,49.0337028503418
4389,1325.26907420386,2500,1298.03903884367,10043127,49.0337028503418
4390,1307.03124967192,2500,1296.0786324386,10045627,49.0337028503418
4391,1305.01717768921,2500,1293.29390475159,10048127,49.0337028503418
4392,1293.71230518692,2500,1295.38726630591,10050627,49.0337028503418
4393,1284.55714735735,2500,1301.4507480693,10053127,49.0337028503418
4394,1248.49999175926,2500,1294.10624439306,10055627,49.0337028503418
4395,1321.11515772236,2500,1295.35763792175,10058127,49.0337028503418
4396,1219.12772512154,2500,1292.37333089409,10060627,49.0337028503418
4397,1260.70239484212,2500,1285.37369352033,10063127,49.0337028503418
4398,1322.56108217979,2500,1288.75933057343,10065627,49.0337028503418
4399,1266.32533726922,2500,1282.86495687997,10068127,49.0337028503418
4400,1314.01859053202,2500,1283.56369096598,10070627,49.0337028503418
4401,1235.88512194357,2500,1276.65048539141,10073127,49.0337028503418
4402,1252.23385774814,2500,1272.50264064753,10075627,49.0337028503418
4403,1267.641858774,2500,1270.8111117892,10078127,49.0337028503418
4404,1302.38130063447,2500,1276.19924267672,10080627,49.0337028503418
4405,1345.06536532907,2500,1278.59426343739,10083127,49.0337028503418
4406,1266.40639320158,2500,1283.3221302454,10085627,49.0337028503418
4407,1314.73791442305,2500,1288.72568220349,10088127,49.176441192627
4408,1309.84970305364,2500,1287.45454429088,10090627,49.176441192627
4409,1282.78716788375,2500,1289.10072735233,10093127,49.176441192627
4410,1331.5067856455,2500,1290.84954686368,10095627,49.176441192627
4411,1254.93256672714,2500,1292.75429134203,10098127,49.176441192627
4412,1283.54644180448,2500,1295.88554974767,10100627,49.176441192627
4413,1250.16125247341,2500,1294.13748911761,10103127,49.176441192627
4414,1361.79200304277,2500,1300.07855935844,10105627,49.176441192627
4415,1279.06516246333,2500,1293.47853907186,10108127,49.176441192627
4416,1279.55608036812,2500,1294.79350778852,10110627,49.176441192627
4417,1344.2153793358,2500,1297.74125427979,10113127,49.176441192627
4418,1288.99879998976,2500,1295.6561639734,10115627,49.176441192627
4419,1312.8468951665,2500,1298.66213670168,10118127,49.176441192627
4420,1325.57016049872,2500,1298.068474187,10120627,49.176441192627
4421,1272.85677479602,2500,1299.86089499389,10123127,49.176441192627
4422,1305.83358151909,2500,1302.08960896535,10125627,49.176441192627
4423,1339.57571979173,2500,1311.03105569718,10128127,49.176441192627
4424,1271.60522528702,2500,1302.01237792161,10130627,49.176441192627
4425,1343.35432029499,2500,1308.44129370477,10133127,49.176441192627
4426,1230.02357130894,2500,1303.48804279886,10135627,49.176441192627
4427,1244.29430211182,2500,1293.49593507646,10138127,49.176441192627
4428,1276.53014492238,2500,1292.24906956972,10140627,49.3425788879395
4429,1321.84943474222,2500,1293.14932352729,10143127,49.3425788879395
4430,1301.14196018807,2500,1290.70650349623,10145627,49.3425788879395
4431,1261.54582906764,2500,1289.57540892339,10148127,49.3425788879395
4432,1301.27980268167,2500,1289.12003103965,10150627,49.3425788879395
4433,1324.06236088955,2500,1287.56869514943,10153127,49.3425788879395
4434,1284.26249854295,2500,1288.83442247502,10155627,49.3425788879395
4435,1330.61035808359,2500,1287.56002625388,10158127,49.3425788879395
4436,1242.26281953043,2500,1288.78395107603,10160627,49.3425788879395
4437,1267.71205414729,2500,1291.12572627958,10163127,49.3425788879395
4438,1333.35370189419,2500,1296.80808197676,10165627,49.3425788879395
4439,1252.00564062804,2500,1289.82370256534,10168127,49.3425788879395
4440,1300.2443175594,2500,1289.73393830248,10170627,49.3425788879395
4441,1319.10354365753,2500,1295.48970976147,10173127,49.3425788879395
4442,1270.62185945148,2500,1292.42391543845,10175627,49.3425788879395
4443,1314.18479075223,2500,1291.43615842471,10178127,49.3425788879395
4444,1301.36405442279,2500,1293.1463140127,10180627,49.3425788879395
4445,1256.56826557154,2500,1285.74210476149,10183127,49.3425788879395
4446,1318.57986377322,2500,1293.37380918577,10185627,49.3425788879395
4447,1252.50053221145,2500,1291.85265699219,10188127,49.3425788879395
4448,1329.29242490883,2500,1291.44652929365,10190627,49.3425788879395
4449,1330.81576726542,2500,1299.32754195739,10193127,49.3425788879395
4450,1328.27644271261,2500,1302.13075447271,10195627,49.3425788879395
4451,1360.27136062627,2500,1306.24753616958,10198127,48.8930778503418
4452,1282.89857292056,2500,1307.47520751649,10200627,48.8930778503418
4453,1318.74071998816,2500,1307.93080044008,10203127,48.8930778503418
4454,1293.69453846147,2500,1307.16384884395,10205627,48.8930778503418
4455,1283.71068492425,2500,1309.87809077922,10208127,48.8930778503418
4456,1276.78345982505,2500,1305.69845038441,10210627,48.8930778503418
4457,1281.3016829087,2500,1308.57856545413,10213127,48.8930778503418
4458,1302.1129287003,2500,1305.86061583328,10215627,48.8930778503418
4459,1296.87436060887,2500,1302.46647516762,10218127,48.8930778503418
4460,1301.99557589749,2500,1299.83838848611,10220627,48.8930778503418
4461,1286.06353863942,2500,1292.41760628743,10223127,48.8930778503418
4462,1338.0415146408,2500,1297.93190045945,10225627,48.8930778503418
4463,1276.71341099971,2500,1293.72916956061,10228127,48.8930778503418
4464,1260.79682438908,2500,1290.43939815337,10230627,48.8930778503418
4465,1326.58056440052,2500,1294.72638610099,10233127,48.8930778503418
4466,1263.90591291238,2500,1293.43863140973,10235627,48.8930778503418
4467,1301.2874227229,2500,1295.43720539115,10238127,48.8930778503418
4468,1331.18391951696,2500,1298.34430447281,10240627,48.8930778503418
4469,1262.26367473364,2500,1294.88323588529,10243127,48.8930778503418
4470,1322.06914748969,2500,1296.89059304451,10245627,48.8930778503418
4471,1291.90071746841,2500,1297.47431092741,10248127,48.8930778503418
4472,1285.86616355306,2500,1292.25677581863,10250627,48.455379486084
4473,1234.97781162321,2500,1288.08321588098,10253127,48.455379486084
4474,1249.42067028386,2500,1286.94560047046,10255627,48.455379486084
4475,1235.28421154162,2500,1277.81596518457,10258127,48.455379486084
4476,1271.98812881787,2500,1278.62418677512,10260627,48.455379486084
4477,1339.32765588191,2500,1282.42821009102,10263127,48.455379486084
4478,1324.77043100358,2500,1281.78686123968,10265627,48.455379486084
4479,1346.11357441681,2500,1290.171851208,10268127,48.455379486084
4480,1268.83733220967,2500,1284.84866968,10270627,48.455379486084
4481,1328.98943758164,2500,1288.55754169132,10273127,48.455379486084
4482,1346.09303927131,2500,1294.58022926315,10275627,48.455379486084
4483,1339.30300484498,2500,1305.01274858532,10278127,48.455379486084
4484,1342.12618437258,2500,1314.2832999942,10280627,48.455379486084
4485,1341.6064812474,2500,1324.91552696477,10283127,48.455379486084
4486,1267.6574355028,2500,1324.48245763327,10285627,48.455379486084
4487,1289.36689347516,2500,1319.48638139259,10288127,48.455379486084
4488,1339.47729387041,2500,1320.95706767928,10290627,48.455379486084
4489,1331.00803094971,2500,1319.44651333257,10293127,48.455379486084
4490,1312.10299394944,2500,1323.77307950654,10295627,48.455379486084
4491,1253.58928264428,2500,1316.23306401281,10298127,48.455379486084
4492,1342.95602389365,2500,1315.91936247504,10300627,48.455379486084
4493,1352.00908320833,2500,1317.18997031138,10303127,48.455379486084
4494,1321.51399047604,2500,1315.12875092172,10305627,48.455379486084
4495,1287.51516635682,2500,1309.71961943266,10308127,48.6273384094238
4496,1339.10680144417,2500,1316.8645560268,10310627,48.6273384094238
4497,1280.08141223665,2500,1315.93600790295,10313127,48.6273384094238
4498,1327.57828661064,2500,1314.74610717697,10315627,48.6273384094238
4499,1274.73196299851,2500,1309.11850038185,10318127,48.6273384094238
4500,1286.89440403585,2500,1306.59764139049,10320627,48.6273384094238
4501,1253.45992100408,2500,1306.58470522647,10323127,48.6273384094238
4502,1342.83839847118,2500,1306.57294268423,10325627,48.6273384094238
4503,1267.97616895186,2500,1298.16965125858,10328127,48.6273384094238
4504,1276.46910044011,2500,1293.66516225499,10330627,48.6273384094238
4505,1228.06899391213,2500,1287.72054501052,10333127,48.6273384094238
4506,1325.27001064657,2500,1286.33686593076,10335627,48.6273384094238
4507,1248.59027728062,2500,1283.18775243516,10338127,48.6273384094238
4508,1254.98367443519,2500,1275.92829121761,10340627,48.6273384094238
4509,1258.25728469876,2500,1274.28082338764,10343127,48.6273384094238
4510,1264.20634584443,2500,1272.01201756849,10345627,48.6273384094238
4511,1262.44295308278,2500,1272.91032077636,10348127,48.6273384094238
4512,1298.91544935617,2500,1268.51802586486,10350627,48.6273384094238
4513,1307.11330968477,2500,1272.43173993815,10353127,48.6273384094238
4514,1314.40279185156,2500,1276.2251090793,10355627,48.6273384094238
4515,1263.01873595294,2500,1279.72008328338,10358127,48.6273384094238
4516,1312.66880373132,2500,1278.45996259185,10360627,48.5233764648438
4517,1269.88045924158,2500,1280.58898078795,10363127,48.5233764648438
4518,1303.97578585926,2500,1285.48819193036,10365627,48.5233764648438
4519,1296.15078595377,2500,1289.27754205586,10368127,48.5233764648438
4520,1312.06608737667,2500,1294.06351620908,10370627,48.5233764648438
4521,1323.92793477758,2500,1300.21201437856,10373127,48.5233764648438
4522,1256.17392568703,2500,1295.93786201165,10375627,48.5233764648438
4523,1259.4215978968,2500,1291.16869083285,10378127,48.5233764648438
4524,1253.3014343744,2500,1285.05855508514,10380627,48.5233764648438
4525,1255.57733503247,2500,1284.31441499309,10383127,48.5233764648438
4526,1332.90079252469,2500,1286.33761387243,10385627,48.5233764648438
4527,1260.19181160938,2500,1285.36874910921,10388127,48.5233764648438
4528,1314.60808542046,2500,1286.43197906533,10390627,48.5233764648438
4529,1282.43690276874,2500,1285.06059074682,10393127,48.5233764648438
4530,1252.95059107731,2500,1279.14904111689,10395627,48.5233764648438
4531,1249.06701404838,2500,1271.66294904397,10398127,48.5233764648438
4532,1252.43794389112,2500,1271.28935086438,10400627,48.5233764648438
4533,1279.94492268339,2500,1273.34168334303,10403127,48.5233764648438
4534,1286.28459667727,2500,1276.63999957332,10405627,48.5233764648438
4535,1309.97815632949,2500,1282.08008170302,10408127,48.5233764648438
4536,1311.96928438321,2500,1279.98693088887,10410627,48.5233764648438
4537,1335.79795898361,2500,1287.5475456263,10413127,48.5233764648438
4538,1320.06712117294,2500,1288.09344920155,10415627,48.5233764648438
4539,1308.66065657263,2500,1290.71582458193,10418127,48.7559204101562
4540,1279.8264532063,2500,1293.40341079483,10420627,48.7559204101562
4541,1262.59066815264,2500,1294.75577620526,10423127,48.7559204101562
4542,1267.83305906539,2500,1296.29528772269,10425627,48.7559204101562
4543,1329.42359312085,2500,1301.24315476643,10428127,48.7559204101562
4544,1256.7519458053,2500,1298.28988967924,10430627,48.7559204101562
4545,1305.16646103216,2500,1297.8087201495,10433127,48.7559204101562
4546,1319.51878020182,2500,1298.56366973136,10435627,48.7559204101562
4547,1302.04634971932,2500,1295.18850880493,10438127,48.7559204101562
4548,1295.97433762309,2500,1292.77923044995,10440627,48.7559204101562
4549,1253.65263748921,2500,1287.27842854161,10443127,48.7559204101562
4550,1336.95883390993,2500,1292.99166661197,10445627,48.7559204101562
4551,1292.15070820345,2500,1295.94767061705,10448127,48.7559204101562
4552,1280.31645157927,2500,1297.19600986844,10450627,48.7559204101562
4553,1274.28212688106,2500,1291.68186324446,10453127,48.7559204101562
4554,1266.6894589039,2500,1292.67561455432,10455627,48.7559204101562
4555,1248.33209095193,2500,1286.9921775463,10458127,48.7559204101562
4556,1196.79915047504,2500,1274.72021457362,10460627,48.7559204101562
4557,1338.87219614277,2500,1278.40279921597,10463127,48.7559204101562
4558,1256.62094758974,2500,1274.46746021263,10465627,48.7559204101562
4559,1325.1910192621,2500,1281.62129838992,10468127,48.7559204101562
4560,1296.7716259114,2500,1277.60257759007,10470627,48.1226768493652
4561,1295.56328676246,2500,1277.94383544597,10473127,48.1226768493652
4562,1330.10276361188,2500,1282.92246664923,10475627,48.1226768493652
4563,1271.84328499255,2500,1282.67858246038,10478127,48.1226768493652
4564,1257.34799259674,2500,1281.74443582966,10480627,48.1226768493652
4565,1245.10099676914,2500,1281.42132641138,10483127,48.1226768493652
4566,1281.82189075152,2500,1289.92360043903,10485627,48.1226768493652
4567,1115.39434850646,2500,1267.5758156754,10488127,48.1226768493652
4568,1160.82102488874,2500,1257.9958234053,10490627,48.1226768493652
4569,1283.76881063383,2500,1253.85360254247,10493127,48.1226768493652
4570,1270.1488077951,2500,1251.19132073084,10495627,48.1226768493652
4571,1268.55853007154,2500,1248.49084506175,10498127,48.1226768493652
4572,1261.34765995007,2500,1241.61533469557,10500627,48.1226768493652
4573,1258.7303621322,2500,1240.30404240953,10503127,48.1226768493652
4574,1256.72389290675,2500,1240.24163244053,10505627,48.1226768493652
4575,1204.05603837118,2500,1236.13713660074,10508127,48.1226768493652
4576,1323.06024140737,2500,1240.26097166632,10510627,48.1226768493652
4577,1261.61391623099,2500,1254.88292843878,10513127,48.1226768493652
4578,1296.90712663943,2500,1268.49153861385,10515627,48.1226768493652
4579,1322.80287316049,2500,1272.39494486651,10518127,48.1226768493652
4580,1285.72212168262,2500,1273.95227625526,10520627,48.1226768493652
4581,1251.84470302136,2500,1272.28089355025,10523127,48.1226768493652
4582,1331.7168695909,2500,1279.31781451433,10525627,48.1226768493652
4583,1317.95817353005,2500,1285.24059565411,10528127,48.1363563537598
4584,1324.08167032975,2500,1291.97637339641,10530627,48.1363563537598
4585,1320.19125643446,2500,1303.58989520274,10533127,48.1363563537598
4586,1245.90297176565,2500,1295.87416823857,10535627,48.1363563537598
4587,1274.68623532986,2500,1297.18140014846,10538127,48.1363563537598
4588,1333.02161442843,2500,1300.79284892736,10540627,48.1363563537598
4589,1265.28227155003,2500,1295.04078876631,10543127,48.1363563537598
4590,1309.98021625611,2500,1297.46659822366,10545627,48.1363563537598
4591,1264.86957161877,2500,1298.7690850834,10548127,48.1363563537598
4592,1230.39978401245,2500,1288.63737652556,10550627,48.1363563537598
4593,1295.37544290775,2500,1286.37910346333,10553127,48.1363563537598
4594,1257.97361119207,2500,1279.76829754956,10555627,48.1363563537598
4595,1256.03009412929,2500,1273.35218131904,10558127,48.1363563537598
4596,1270.51357506574,2500,1275.81324164905,10560627,48.1363563537598
4597,1259.41960925558,2500,1274.28657904162,10563127,48.1363563537598
4598,1289.01296662132,2500,1269.88571426091,10565627,48.1363563537598
4599,1338.9308333268,2500,1277.25057043859,10568127,48.1363563537598
4600,1320.48330029134,2500,1278.30087884211,10570627,48.1363563537598
4601,1311.62418099147,2500,1282.97633977938,10573127,48.1363563537598
4602,1263.45122321137,2500,1286.28148369927,10575627,48.1363563537598
4603,1262.17328596175,2500,1282.96126800467,10578127,48.1363563537598
4604,1290.29796309619,2500,1286.19370319508,10580627,49.171199798584
4605,1240.86143530805,2500,1284.67683731296,10583127,49.171199798584
4606,1327.68617324464,2500,1290.39409713085,10585627,49.171199798584
4607,1304.45944994082,2500,1294.89808119938,10588127,49.171199798584
4608,1282.47905170392,2500,1294.24468970763,10590627,49.171199798584
4609,1243.34967449894,2500,1284.68657382485,10593127,49.171199798584
4610,1308.65687674709,2500,1283.50393147042,10595627,49.171199798584
4611,1306.52035634216,2500,1282.99354900549,10598127,49.171199798584
4612,1312.90325544325,2500,1287.93875222868,10600627,49.171199798584
4613,1262.87618102256,2500,1288.00904173476,10603127,49.171199798584
4614,1276.81147888947,2500,1286.66039331409,10605627,49.171199798584
4615,1294.21619556758,2500,1291.99586934004,10608127,49.171199798584
4616,1248.9175316662,2500,1284.1190051822,10610627,49.171199798584
4617,1262.43056433667,2500,1279.91611662178,10613127,49.171199798584
4618,1266.31063587231,2500,1278.29927503862,10615627,49.171199798584
4619,1243.3342124775,2500,1278.29772883648,10618127,49.171199798584
4620,1254.57418310039,2500,1272.88945947181,10620627,49.171199798584
4621,1264.31386856962,2500,1268.66881069456,10623127,49.171199798584
4622,1257.27497086572,2500,1263.1059822368,10625627,49.171199798584
4623,1127.75607000131,2500,1249.59397113468,10628127,49.171199798584
4624,1234.96005819773,2500,1245.4088290655,10630627,49.171199798584
4625,1304.2485912954,2500,1246.41206863828,10633127,49.171199798584
4626,1266.66408696553,2500,1248.18672416822,10635627,49.171199798584
4627,1288.90760346875,2500,1250.83442808143,10638127,48.0052795410156
4628,1278.83883311339,2500,1252.08724780553,10640627,48.0052795410156
4629,1268.4747377169,2500,1254.60130032947,10643127,48.0052795410156
4630,1294.08068395568,2500,1258.551950415,10645627,48.0052795410156
4631,1227.90648473865,2500,1254.91121203191,10648127,48.0052795410156
4632,1241.49688205709,2500,1253.33340315104,10650627,48.0052795410156
4633,1258.95610538714,2500,1266.45340668963,10653127,48.0052795410156
4634,1328.77196538299,2500,1275.83459740815,10655627,48.0052795410156
4635,1268.29811916789,2500,1272.2395501954,10658127,48.0052795410156
4636,1318.46553061478,2500,1277.41969456032,10660627,48.0052795410156
4637,1254.60355139175,2500,1273.98928935263,10663127,48.0052795410156
4638,1278.76944281829,2500,1273.98235032312,10665627,48.0052795410156
4639,1301.05924889507,2500,1277.24080144093,10668127,48.0052795410156
4640,1150.23955135282,2500,1262.85668818065,10670627,48.0052795410156
4641,1276.77488137668,2500,1267.74352784445,10673127,48.0052795410156
4642,1281.15504801099,2500,1271.70934443984,10675627,48.0052795410156
4643,1327.70220171645,2500,1278.58395407277,10678127,48.0052795410156
4644,1293.08639245005,2500,1275.01539677948,10680627,48.0052795410156
4645,1297.39161350514,2500,1277.9247462132,10683127,48.0052795410156
4646,1279.9146741793,2500,1274.06966056966,10685627,48.0052795410156
4647,1093.87079192939,2500,1257.99638462342,10688127,48.0052795410156
4648,1303.57648421828,2500,1260.47708876342,10690627,49.0020561218262
4649,1304.49941448675,2500,1260.82110532259,10693127,49.0020561218262
4650,1320.54714833833,2500,1277.85186502114,10695627,49.0020561218262
4651,1323.09073605676,2500,1282.48345048915,10698127,49.0020561218262
4652,1269.04804491648,2500,1281.27275017969,10700627,49.0020561218262
4653,1277.47850414455,2500,1276.2503804225,10703127,49.0020561218262
4654,1251.04335669349,2500,1272.04607684685,10705627,49.0020561218262
4655,1238.70038593046,2500,1266.17695408938,10708127,49.0020561218262
4656,1156.78874751894,2500,1253.86436142334,10710627,49.0020561218262
4657,1266.11146851061,2500,1271.08842908146,10713127,49.0020561218262
4658,1311.63441601587,2500,1271.89422226122,10715627,49.0020561218262
4659,1259.0745583917,2500,1267.35173665172,10718127,49.0020561218262
4660,1254.77541334471,2500,1260.77456315236,10720627,49.0020561218262
4661,1300.91358699669,2500,1258.55684824635,10723127,49.0020561218262
4662,1303.82157334912,2500,1262.03420108961,10725627,49.0020561218262
4663,1225.41269471189,2500,1256.82762014635,10728127,49.0020561218262
4664,1259.71870996582,2500,1257.69515547358,10730627,49.0020561218262
4665,1257.99137470133,2500,1259.62425435067,10733127,49.0020561218262
4666,1231.55946267778,2500,1267.10132586655,10735627,49.0020561218262
4667,1225.47112362051,2500,1263.03729137754,10738127,49.0020561218262
4668,1259.39205091677,2500,1257.81305486763,10740627,49.0020561218262
4669,1326.30396259644,2500,1264.5359952881,10743127,49.0020561218262
4670,1247.5962177129,2500,1263.81807572492,10745627,49.0020561218262
4671,1269.06255752326,2500,1260.63297277758,10748127,48.835807800293
4672,1084.5158414788,2500,1238.70239959055,10750627,48.835807800293
4673,1217.22051573584,2500,1237.88318169294,10753127,48.835807800293
4674,1326.19809966707,2500,1244.53112066307,10755627,48.835807800293
4675,1315.82616784968,2500,1250.3145999779,10758127,48.835807800293
4676,1251.25513572006,2500,1252.28416728213,10760627,48.835807800293
4677,1307.50005955861,2500,1260.48706087594,10763127,48.835807800293
4678,1285.72116696152,2500,1263.11997248042,10765627,48.835807800293
4679,1304.09204510379,2500,1260.89878073115,10768127,48.835807800293
4680,1328.1833770017,2500,1268.95749666003,10770627,48.835807800293
4681,1318.58894328846,2500,1273.91013523655,10773127,48.835807800293
4682,1277.01888119298,2500,1293.16043920797,10775627,48.835807800293
4683,1236.52959850177,2500,1295.09134748456,10778127,48.835807800293
4684,1238.83371208191,2500,1286.35490872605,10780627,48.835807800293
4685,1312.73586321517,2500,1286.0458782626,10783127,48.835807800293
4686,1312.76812585033,2500,1292.19717727562,10785627,48.835807800293
4687,1241.67651265158,2500,1285.61482258492,10788127,48.835807800293
4688,1251.25109829523,2500,1282.16781571829,10790627,48.835807800293
4689,1266.8099089151,2500,1278.43960209942,10793127,48.835807800293
4690,1308.29448017696,2500,1276.45071241695,10795627,48.835807800293
4691,1295.90124969858,2500,1274.18194305796,10798127,48.835807800293
4692,1277.83701724143,2500,1274.26375666281,10800627,48.7964363098145
4693,1268.9332104491,2500,1277.50411785754,10803127,48.7964363098145
4694,1264.22059995781,2500,1280.04280664513,10805627,48.7964363098145
4695,1285.63941217015,2500,1277.33316154063,10808127,48.7964363098145
4696,1323.54126587688,2500,1278.41047554328,10810627,48.7964363098145
4697,1271.56682729978,2500,1281.3995070081,10813127,48.7964363098145
4698,1187.58407976888,2500,1275.03280515547,10815627,48.7964363098145
4699,1265.92464315999,2500,1274.94427857996,10818127,48.7964363098145
4700,1266.08447499214,2500,1270.72327806147,10820627,48.7964363098145
4701,1268.89749556032,2500,1268.02290264765,10823127,48.7964363098145
4702,1264.914254024,2500,1266.73062632591,10825627,48.7964363098145
4703,1282.06863396376,2500,1268.04416867737,10828127,48.7964363098145
4704,1328.30336363221,2500,1274.45244504481,10830627,48.7964363098145
4705,1313.2440953377,2500,1277.21291336157,10833127,48.7964363098145
4706,1296.41700386247,2500,1274.50048716012,10835627,48.7964363098145
4707,1265.70527025923,2500,1273.91433145607,10838127,48.7964363098145
4708,1318.6560557528,2500,1287.02152905446,10840627,48.7964363098145
4709,1275.35940748486,2500,1287.96500548695,10843127,48.7964363098145
4710,1287.24088611589,2500,1290.08064659932,10845627,48.7964363098145
4711,1288.99119766572,2500,1292.09001680986,10848127,48.7964363098145
4712,1260.24768149543,2500,1291.62335955701,10850627,48.7964363098145
4713,1336.79375602268,2500,1297.0958717629,10853127,48.7964363098145
4714,1253.35006487458,2500,1289.60054188714,10855627,48.7964363098145
4715,1259.82686628573,2500,1284.25881898194,10858127,48.7524299621582
4716,1256.46715325177,2500,1280.26383392087,10860627,48.7524299621582
4717,1279.51450674147,2500,1281.64475756909,10863127,48.7524299621582
4718,1254.4515814415,2500,1275.22431013796,10865627,48.7524299621582
4719,1253.47717690832,2500,1273.03608708031,10868127,48.7524299621582
4720,1253.27252647317,2500,1269.63925111604,10870627,48.7524299621582
4721,1260.71814273134,2500,1266.8119456226,10873127,48.7524299621582
4722,1244.29710107027,2500,1265.21688758008,10875627,48.7524299621582
4723,1272.62237024366,2500,1258.79974900218,10878127,48.7524299621582
4724,1254.17640366372,2500,1258.8823828811,10880627,48.7524299621582
4725,1233.73047162179,2500,1256.2727434147,10883127,48.7524299621582
4726,1268.28410990478,2500,1257.45443908,10885627,48.7524299621582
4727,1298.82762860744,2500,1259.3857512666,10888127,48.7524299621582
4728,1245.71787587215,2500,1258.51238070966,10890627,48.7524299621582
4729,1229.96850437002,2500,1256.16151345583,10893127,48.7524299621582
4730,1312.90118889581,2500,1262.1243796981,10895627,48.7524299621582
4731,1321.54769917998,2500,1268.20733534296,10898127,48.7524299621582
4732,1260.72161121428,2500,1269.84978635736,10900627,48.7524299621582
4733,1258.10514263253,2500,1268.39806359625,10903127,48.7524299621582
4734,1318.88304703529,2500,1274.86872793341,10905627,48.7524299621582
4735,1265.17414895763,2500,1278.01309566699,10908127,48.7524299621582
4736,1275.88930040906,2500,1278.77361471742,10910627,47.8128967285156
4737,1266.13819165148,2500,1275.50467102182,10913127,47.8128967285156
4738,1245.01776866251,2500,1275.43466030086,10915627,47.8128967285156
4739,1271.1098368739,2500,1279.54879355125,10918127,47.8128967285156
4740,1272.71888574958,2500,1275.53056323662,10920627,47.8128967285156
4741,1252.83688687871,2500,1268.6594820065,10923127,47.8128967285156
4742,1237.6015988399,2500,1266.34748076906,10925627,47.8128967285156
4743,1261.24693950574,2500,1266.66166045638,10928127,47.8128967285156
4744,1333.45455211866,2500,1268.11881096472,10930627,47.8128967285156
4745,1265.98327223784,2500,1268.19972329274,10933127,47.8128967285156
4746,1175.43760502936,2500,1258.15455375477,10935627,47.8128967285156
4747,1279.66236139838,2500,1259.50697072946,10938127,47.8128967285156
4748,1319.99841962702,2500,1267.00503582591,10940627,47.8128967285156
4749,1239.68122450509,2500,1263.86217458903,10943127,47.8128967285156
4750,1238.55235158169,2500,1260.44552117224,10945627,47.8128967285156
4751,1276.97930147088,2500,1262.85976263146,10948127,47.8128967285156
4752,1308.88711391024,2500,1269.98831413849,10950627,47.8128967285156
4753,1256.08642710973,2500,1269.47226289889,10953127,47.8128967285156
4754,1328.04773610373,2500,1268.9315812974,10955627,47.8128967285156
4755,1269.33972593106,2500,1269.26722666672,10958127,47.8128967285156
4756,1304.75204124654,2500,1282.19867028843,10960627,47.8128967285156
4757,1255.89201096454,2500,1279.82163524505,10963127,47.8128967285156
4758,1194.1975809189,2500,1267.24155137424,10965627,47.8128967285156
4759,1313.10065005331,2500,1274.58349392906,10968127,48.4519462585449
4760,1274.63284966487,2500,1278.19154373738,10970627,48.4519462585449
4761,1259.8812476638,2500,1276.48173835667,10973127,48.4519462585449
4762,1256.64415071053,2500,1271.2574420367,10975627,48.4519462585449
4763,1223.06711259633,2500,1267.95551058536,10978127,48.4519462585449
4764,1224.86539022779,2500,1257.63727599777,10980627,48.4519462585449
4765,1247.11181931328,2500,1255.41448533599,10983127,48.4519462585449
4766,1266.83982713451,2500,1251.62326392479,10985627,48.4519462585449
4767,1324.09362572048,2500,1258.44342540038,10988127,48.4519462585449
4768,1329.4501064812,2500,1271.96867795661,10990627,48.4519462585449
4769,1254.29907630124,2500,1266.0885205814,10993127,48.4519462585449
4770,1257.11452852695,2500,1264.33668846761,10995627,48.4519462585449
4771,1260.95259512878,2500,1264.44382321411,10998127,48.4519462585449
4772,1278.51137758572,2500,1266.63054590163,11000627,48.4519462585449
4773,1261.08898770257,2500,1270.43273341225,11003127,48.4519462585449
4774,1335.12922758941,2500,1281.45911714841,11005627,48.4519462585449
4775,1281.18823575703,2500,1284.86675879279,11008127,48.4519462585449
4776,1233.39951476792,2500,1281.52272755613,11010627,48.4519462585449
4777,1302.55696509019,2500,1279.3690614931,11013127,48.4519462585449
4778,1272.24052236555,2500,1273.64810308153,11015627,48.4519462585449
4779,1247.51858603226,2500,1272.97005405464,11018127,48.4519462585449
4780,1278.15815612604,2500,1275.07441681454,11020627,48.1973342895508
4781,1243.43915391857,2500,1273.32307269352,11023127,48.1973342895508
4782,1304.87116362951,2500,1275.9590512979,11025627,48.1973342895508
4783,1271.55073079776,2500,1277.00522560742,11028127,48.1973342895508
4784,1145.45150591067,2500,1258.03745343955,11030627,48.1973342895508
4785,1268.28764413066,2500,1256.74739427691,11033127,48.1973342895508
4786,1267.98566965271,2500,1260.20600976539,11035627,48.1973342895508
4787,1261.8999964078,2500,1256.14031289715,11038127,48.1973342895508
4788,1301.41390940786,2500,1259.05765160138,11040627,48.1973342895508
4789,1307.89160442098,2500,1265.09495344026,11043127,48.1973342895508
4790,1266.38509801149,2500,1263.9176476288,11045627,48.1973342895508
4791,1225.7097354547,2500,1262.14470578241,11048127,48.1973342895508
4792,1276.33929181519,2500,1259.29151860098,11050627,48.1973342895508
4793,1261.67418192948,2500,1258.30386371415,11053127,48.1973342895508
4794,1269.42606575498,2500,1270.70131969859,11055627,48.1973342895508
4795,1249.55094744991,2500,1268.82765003051,11058127,48.1973342895508
4796,1343.39840641753,2500,1276.36892370699,11060627,48.1973342895508
4797,984.506277960097,2500,1248.62955186222,11063127,48.1973342895508
4798,1225.90632659685,2500,1241.07879358112,11065627,48.1973342895508
4799,1271.99254619269,2500,1237.48888775829,11068127,48.1973342895508
4800,1295.62554962706,2500,1240.41293291985,11070627,48.1973342895508
4801,1159.929377022,2500,1233.83489707658,11073127,48.1973342895508
4802,1097.73249183651,2500,1215.97421707871,11075627,48.1973342895508
4803,1288.13364881173,2500,1218.62016376694,11078127,48.2390174865723
4804,1270.34254657929,2500,1218.71181184937,11080627,48.2390174865723
4805,1276.51758397378,2500,1221.40847550175,11083127,48.2390174865723
4806,1322.29810835604,2500,1219.2984456956,11085627,48.2390174865723
4807,1270.20383873277,2500,1247.86820177287,11088127,48.2390174865723
4808,1281.53750818431,2500,1253.43131993162,11090627,48.2390174865723
4809,1288.48739497205,2500,1255.08080480955,11093127,48.2390174865723
4810,1266.49370389477,2500,1252.16762023632,11095627,48.2390174865723
4811,1271.26424154783,2500,1263.30110668891,11098127,48.2390174865723
4812,1265.533798773,2500,1280.08123738256,11100627,48.2390174865723
4813,1286.58462631347,2500,1279.92633513273,11103127,48.2390174865723
4814,1238.84643946886,2500,1276.77672442169,11105627,48.2390174865723
4815,1276.5572257777,2500,1276.78068860208,11108127,48.2390174865723
4816,1274.48412192971,2500,1271.99928995945,11110627,48.2390174865723
4817,1259.34435030193,2500,1270.91334111636,11113127,48.2390174865723
4818,1279.50319911427,2500,1270.70991020936,11115627,48.2390174865723
4819,1257.75099035303,2500,1267.63626974746,11118127,48.2390174865723
4820,1340.57006557294,2500,1275.04390591527,11120627,48.2390174865723
4821,1289.0897475421,2500,1276.8264565147,11123127,48.2390174865723
4822,1274.62147093771,2500,1277.73522373117,11125627,48.2390174865723
4823,1255.93844701239,2500,1274.67060580106,11128127,48.2390174865723
4824,1275.26901173286,2500,1278.31286302746,11130627,48.4675827026367
4825,1284.119889605,2500,1279.06912941019,11133127,48.4675827026367
4826,1249.25261114051,2500,1276.54597833127,11135627,48.4675827026367
4827,1229.89071250846,2500,1273.60061455193,11138127,48.4675827026367
4828,1258.32501257955,2500,1271.48279589846,11140627,48.4675827026367
4829,1117.51455834587,2500,1257.45915269774,11143127,48.4675827026367
4830,1286.65128682741,2500,1252.06727482319,11145627,48.4675827026367
4831,1261.76240098284,2500,1249.33454016726,11148127,48.4675827026367
4832,1285.0997379566,2500,1250.38236686915,11150627,48.4675827026367
4833,1220.1417031985,2500,1246.80269248776,11153127,48.4675827026367
4834,1257.51872895265,2500,1245.02766420974,11155627,48.4675827026367
4835,1258.01608227259,2500,1242.4172834765,11158127,48.4675827026367
4836,1208.38862569647,2500,1238.33088493209,11160627,48.4675827026367
4837,1279.44405728513,2500,1243.28621940976,11163127,48.4675827026367
4838,1256.4595233525,2500,1243.09967048705,11165627,48.4675827026367
4839,1265.88157356355,2500,1257.93637200882,11168127,48.4675827026367
4840,1195.13813696595,2500,1248.78505702268,11170627,48.4675827026367
4841,1272.89523761697,2500,1249.89834068609,11173127,48.4675827026367
4842,1284.26004917926,2500,1249.81437180836,11175627,48.4675827026367
4843,991.004878271489,2500,1226.90068931566,11178127,48.4675827026367
4844,1246.47578423789,2500,1225.79639484418,11180627,48.4675827026367
4845,924.497195108324,2500,1192.44450612775,11183127,48.4675827026367
4846,1280.93568369002,2500,1199.69921192711,11185627,48.4675827026367
4847,1174.31046021416,2500,1189.18585222001,11188127,47.0038528442383
4848,1249.691151749,2500,1188.50901505966,11190627,47.0038528442383
4849,1281.73759545552,2500,1190.09461724886,11193127,47.0038528442383
4850,1348.14524668419,2500,1205.39532822068,11195627,47.0038528442383
4851,1286.31604374645,2500,1206.73740883363,11198127,47.0038528442383
4852,1283.63797742467,2500,1206.67520165817,11200627,47.0038528442383
4853,1246.23745303216,2500,1232.19845913424,11203127,47.0038528442383
4854,1280.39474191997,2500,1235.59035490245,11205627,47.0038528442383
4855,1261.17679940845,2500,1269.25831533246,11208127,47.0038528442383
4856,1295.41930430108,2500,1270.70667739357,11210627,47.0038528442383
4857,1278.73287740973,2500,1281.14891911312,11213127,47.0038528442383
4858,1272.50259286031,2500,1283.43006322425,11215627,47.0038528442383
4859,1258.735522176,2500,1281.1298558963,11218127,47.0038528442383
4860,1280.89001737376,2500,1274.40433296526,11220627,47.0038528442383
4861,1300.68754544861,2500,1275.84148313547,11223127,47.0038528442383
4862,1294.75837309046,2500,1276.95352270205,11225627,47.0038528442383
4863,1274.46470663125,2500,1279.77624806196,11228127,47.0038528442383
4864,1276.95118198097,2500,1279.43189206806,11230627,47.0038528442383
4865,1288.23891264365,2500,1282.13810339158,11233127,47.0038528442383
4866,1268.32083874739,2500,1279.42825683621,11235627,47.0038528442383
4867,1317.82271430007,2500,1283.33724052525,11238127,47.0038528442383
4868,1303.29055515377,2500,1286.41603675459,11240627,48.2244186401367
4869,1262.71680938016,2500,1286.81416547501,11243127,48.2244186401367
4870,1269.25651192793,2500,1285.65081493043,11245627,48.2244186401367
4871,1242.70258674731,2500,1279.8523190603,11248127,48.2244186401367
4872,1292.32114445251,2500,1279.6085961965,11250627,48.2244186401367
4873,1299.96703172815,2500,1282.15882870619,11253127,48.2244186401367
4874,1295.56304403106,2500,1284.0200149112,11255627,48.2244186401367
4875,1268.94473338001,2500,1282.09059698484,11258127,48.2244186401367
4876,1280.12493767656,2500,1283.27100687775,11260627,48.2244186401367
4877,1244.4454270994,2500,1275.93327815769,11263127,48.2244186401367
4878,1281.47893920227,2500,1273.75211656254,11265627,48.2244186401367
4879,1280.62620675099,2500,1275.54305629962,11268127,48.2244186401367
4880,1290.97031694787,2500,1277.71443680161,11270627,48.2244186401367
4881,1217.51304344101,2500,1275.19548247098,11273127,48.2244186401367
4882,1283.0997842215,2500,1274.27334644788,11275627,48.2244186401367
4883,1273.5590737107,2500,1271.63255064614,11278127,48.2244186401367
4884,1267.40382011437,2500,1268.81662825447,11280627,48.2244186401367
4885,1291.64774722133,2500,1271.0869296386,11283127,48.2244186401367
4886,1276.62461468315,2500,1270.73689733926,11285627,48.2244186401367
4887,1278.18438105919,2500,1274.11079273524,11288127,48.2244186401367
4888,1289.44760584867,2500,1274.90765939988,11290627,48.2244186401367
4889,1289.78212264768,2500,1275.82325098955,11293127,48.2244186401367
4890,1288.22942715526,2500,1275.54916201029,11295627,48.2244186401367
4891,1280.42008535283,2500,1281.83986620147,11298127,48.020092010498
4892,1300.79776969726,2500,1283.60966474904,11300627,48.020092010498
4893,1302.58895187602,2500,1286.51265256558,11303127,48.020092010498
4894,1298.96137926135,2500,1289.66840848027,11305627,48.020092010498
4895,1291.44593742826,2500,1289.64822750097,11308127,48.020092010498
4896,1272.27170635858,2500,1289.21293666851,11310627,48.020092010498
4897,1255.1115820259,2500,1286.90565676518,11313127,48.020092010498
4898,1262.19555347577,2500,1284.18045152789,11315627,48.020092010498
4899,1282.50824239091,2500,1283.45306350221,11318127,48.020092010498
4900,1284.79001511463,2500,1283.10912229815,11320627,48.020092010498
4901,1291.31570954168,2500,1284.19868471704,11323127,48.020092010498
4902,1278.88334721573,2500,1282.00724246888,11325627,48.020092010498
4903,1283.18160130138,2500,1280.06650741142,11328127,48.020092010498
4904,1294.44048958423,2500,1279.61441844371,11330627,48.020092010498
4905,1289.68832449028,2500,1279.43865714991,11333127,48.020092010498
4906,1258.66303990176,2500,1278.07779050423,11335627,48.020092010498
4907,1291.99867473929,2500,1281.76649977557,11338127,48.020092010498
4908,1231.94198611036,2500,1278.74114303903,11340627,48.020092010498
4909,1264.20464366812,2500,1276.91078316675,11343127,48.020092010498
4910,1291.7554310153,2500,1277.60732475681,11345627,48.020092010498
4911,1286.08772678256,2500,1277.0845264809,11348127,48.020092010498
4912,1253.38557249454,2500,1274.53474900878,11350627,47.6103286743164
4913,1248.74117301199,2500,1271.09070617984,11353127,47.6103286743164
4914,1268.30105312683,2500,1268.4767625341,11355627,47.6103286743164
4915,1250.70140497795,2500,1264.57807058287,11358127,47.6103286743164
4916,1289.88840779366,2500,1267.70060737206,11360627,47.6103286743164
4917,1253.27871177918,2500,1263.82861107605,11363127,47.6103286743164
4918,1248.39797682665,2500,1265.47421014768,11365627,47.6103286743164
4919,1233.88610294005,2500,1262.44235607487,11368127,47.6103286743164
4920,1283.94371728319,2500,1261.66118470166,11370627,47.6103286743164
4921,1276.34664208812,2500,1260.68707623222,11373127,47.6103286743164
4922,1270.94655346294,2500,1262.44317432906,11375627,47.6103286743164
4923,1285.09584116284,2500,1266.07864114414,11378127,47.6103286743164
4924,1251.0464983787,2500,1264.35318566933,11380627,47.6103286743164
4925,1302.50926612452,2500,1269.53397178398,11383127,47.6103286743164
4926,1318.9459039452,2500,1272.43972139914,11385627,47.6103286743164
4927,1252.13453967748,2500,1272.32530418897,11388127,47.6103286743164
4928,1275.53813613159,2500,1275.03932011946,11390627,47.6103286743164
4929,1285.14301631558,2500,1280.16501145702,11393127,47.6103286743164
4930,1275.33692959905,2500,1279.3043326886,11395627,47.6103286743164
4931,1255.28396931741,2500,1277.19806541153,11398127,47.6103286743164
4932,1262.19159874625,2500,1276.32256993986,11400627,47.6103286743164
4933,1270.82308855402,2500,1274.89529467898,11403127,47.6103286743164
4934,1273.95900135822,2500,1277.18654497693,11405627,47.6103286743164
4935,1253.13442620872,2500,1272.24906098535,11408127,47.6150588989258
4936,1269.20985147277,2500,1267.27545573811,11410627,47.6150588989258
4937,1270.78934394842,2500,1269.1409361652,11413127,47.6150588989258
4938,1231.82019852137,2500,1264.76914240418,11415627,47.6150588989258
4939,1241.64318204451,2500,1260.41915897707,11418127,47.6150588989258
4940,1239.70796134812,2500,1256.85626215198,11420627,47.6150588989258
4941,1247.15162683852,2500,1256.04302790409,11423127,47.6150588989258
4942,1255.7555439535,2500,1255.39942242482,11425627,47.6150588989258
4943,1307.17391986486,2500,1259.0345055559,11428127,47.6150588989258
4944,1233.77527260314,2500,1255.01613268039,11430627,47.6150588989258
4945,1281.77383084773,2500,1257.88007314429,11433127,47.6150588989258
4946,1239.54753385595,2500,1254.91384138261,11435627,47.6150588989258
4947,1235.01247269026,2500,1251.3361542568,11438127,47.6150588989258
4948,1253.0216786423,2500,1253.45630226889,11440627,47.6150588989258
4949,1217.73987626834,2500,1251.06597169127,11443127,47.6150588989258
4950,1238.11056703541,2500,1250.90623226,11445627,47.6150588989258
4951,1259.3636467358,2500,1252.12743424973,11448127,47.6150588989258
4952,1255.04655765591,2500,1252.05653561997,11450627,47.6150588989258
4953,1271.71607283698,2500,1248.51075091718,11453127,47.6150588989258
4954,1249.90064526505,2500,1250.12328818337,11455627,47.6150588989258
4955,1286.10047015288,2500,1250.55595211389,11458127,47.6150588989258
4956,1229.13576221059,2500,1249.51477494935,11460627,47.931941986084
4957,1218.55500700759,2500,1247.86902838108,11463127,47.931941986084
4958,1177.2040147675,2500,1240.2872619936,11465627,47.931941986084
4959,1203.09193569086,2500,1238.82246793586,11468127,47.931941986084
4960,1215.54998223226,2500,1236.56640945554,11470627,47.931941986084
4961,1225.01324708481,2500,1233.13136949044,11473127,47.931941986084
4962,1210.41820778398,2500,1228.66853450325,11475627,47.931941986084
4963,1204.09033571565,2500,1221.90596079112,11478127,47.931941986084
4964,1190.6685491794,2500,1215.98275118255,11480627,47.931941986084
4965,1208.57051395021,2500,1208.22975556229,11483127,47.931941986084
4966,1238.50065953084,2500,1209.16624529431,11485627,47.931941986084
4967,1131.06835823113,2500,1200.41758041666,11488127,47.931941986084
4968,1160.20792060949,2500,1198.71797100086,11490627,47.931941986084
4969,1179.94388743131,2500,1196.40316617491,11493127,47.931941986084
4970,1211.86391466526,2500,1196.03455941821,11495627,47.931941986084
4971,1138.94677097474,2500,1187.4279118072,11498127,47.931941986084
4972,1190.66057383766,2500,1185.45214841257,11500627,47.931941986084
4973,1212.39154841032,2500,1186.28226968204,11503127,47.931941986084
4974,1157.80042079556,2500,1182.99545684365,11505627,47.931941986084
4975,1241.71691056257,2500,1186.31009650489,11508127,47.931941986084
4976,1184.84856644273,2500,1180.94488719608,11510627,47.931941986084
4977,1226.73258576974,2500,1190.51130994994,11513127,47.931941986084
4978,1176.60894525603,2500,1192.15141241459,11515627,47.931941986084
4979,1267.83609533707,2500,1200.94063320517,11518127,48.8217620849609
4980,1225.92093906881,2500,1202.34633564552,11520627,48.8217620849609
4981,1202.91158882656,2500,1208.7428174307,11523127,48.8217620849609
4982,1262.22265046096,2500,1215.89902509303,11525627,48.8217620849609
4983,1233.29464192632,2500,1217.98933444463,11528127,48.8217620849609
4984,804.355986014033,1718,1182.64489096648,11529845,48.8217620849609
4985,1260.25302698443,2500,1184.49850260867,11532345,48.8217620849609
4986,1250.27981480845,2500,1191.04162744524,11534845,48.8217620849609
4987,1262.56354270197,2500,1194.62472313846,11537345,48.8217620849609
4988,1223.07075493181,2500,1199.27090410604,11539845,48.8217620849609
4989,1239.54991902633,2500,1196.44228647497,11542345,48.8217620849609
4990,1207.38367658603,2500,1194.58856022669,11544845,48.8217620849609
4991,1205.99402993366,2500,1194.8968043374,11547345,48.8217620849609
4992,1235.64371674297,2500,1192.2389109656,11549845,48.8217620849609
4993,1304.91245723032,2500,1199.400692496,11552345,48.8217620849609
4994,1250.71562201624,2500,1244.03665609622,11554845,48.8217620849609
4995,1272.37518070263,2500,1245.24887146804,11557345,48.8217620849609
4996,1260.11980867177,2500,1246.23287085437,11559845,48.8217620849609
4997,1246.12241433933,2500,1244.58875801811,11562345,48.8217620849609
4998,1275.83905004612,2500,1249.86558752954,11564845,48.8217620849609
4999,1262.11550407247,2500,1252.12214603415,11567345,48.8217620849609
5000,1210.92535061051,2500,1252.4763134366,11569845,48.3723526000977
