Training console diary: C:\Users\abuj\Code\Reinforcement-Learning-Furuta-Inverted-Pendulum\results\TD3\run_20260704_015559_td3_mathworks_style_pi_current_1c_500hz_long_detailed\training_console.log
Episode:   1/5000 | Episode reward:  1113.94 | Episode steps: 1973 | Average reward:  1113.94 | Step Count: 1973 | Episode Q0:    28.33
Episode:   2/5000 | Episode reward:  1714.26 | Episode steps: 2500 | Average reward:  1414.10 | Step Count: 4473 | Episode Q0:    28.33
Episode:   3/5000 | Episode reward:  1720.98 | Episode steps: 2500 | Average reward:  1516.40 | Step Count: 6973 | Episode Q0:    28.33
Episode:   4/5000 | Episode reward:  1575.93 | Episode steps: 2500 | Average reward:  1531.28 | Step Count: 9473 | Episode Q0:    28.33
Episode:   5/5000 | Episode reward:  1578.21 | Episode steps: 2500 | Average reward:  1540.66 | Step Count: 11973 | Episode Q0:    33.72
Episode:   6/5000 | Episode reward:  1716.17 | Episode steps: 2500 | Average reward:  1569.92 | Step Count: 14473 | Episode Q0:    33.72
Episode:   7/5000 | Episode reward:  1734.28 | Episode steps: 2500 | Average reward:  1593.40 | Step Count: 16973 | Episode Q0:    33.72
Episode:   8/5000 | Episode reward:  1522.57 | Episode steps: 2500 | Average reward:  1584.54 | Step Count: 19473 | Episode Q0:    33.72
Episode:   9/5000 | Episode reward:  1492.26 | Episode steps: 2500 | Average reward:  1574.29 | Step Count: 21973 | Episode Q0:    33.72
Episode:  10/5000 | Episode reward:  1638.24 | Episode steps: 2500 | Average reward:  1580.69 | Step Count: 24473 | Episode Q0:    33.72
Episode:  11/5000 | Episode reward:  1430.25 | Episode steps: 2500 | Average reward:  1612.32 | Step Count: 26973 | Episode Q0:    33.72
Episode:  12/5000 | Episode reward:  1646.18 | Episode steps: 2500 | Average reward:  1605.51 | Step Count: 29473 | Episode Q0:    33.72
Episode:  13/5000 | Episode reward:  1573.83 | Episode steps: 2500 | Average reward:  1590.79 | Step Count: 31973 | Episode Q0:    33.72
Episode:  14/5000 | Episode reward:  1773.03 | Episode steps: 2500 | Average reward:  1610.50 | Step Count: 34473 | Episode Q0:    33.72
Episode:  15/5000 | Episode reward:  1506.46 | Episode steps: 2500 | Average reward:  1603.33 | Step Count: 36973 | Episode Q0:    33.72
Episode:  16/5000 | Episode reward:  1589.22 | Episode steps: 2500 | Average reward:  1590.63 | Step Count: 39473 | Episode Q0:    33.72
Episode:  17/5000 | Episode reward:  1717.95 | Episode steps: 2500 | Average reward:  1589.00 | Step Count: 41973 | Episode Q0:    33.72
Episode:  18/5000 | Episode reward:  1352.54 | Episode steps: 2500 | Average reward:  1572.00 | Step Count: 44473 | Episode Q0:    33.72
Episode:  19/5000 | Episode reward:  1538.34 | Episode steps: 2500 | Average reward:  1576.60 | Step Count: 46973 | Episode Q0:    33.72
Episode:  20/5000 | Episode reward:  1590.92 | Episode steps: 2500 | Average reward:  1571.87 | Step Count: 49473 | Episode Q0:    33.72
Episode:  21/5000 | Episode reward:  1544.89 | Episode steps: 2500 | Average reward:  1583.34 | Step Count: 51973 | Episode Q0:    33.72
Episode:  22/5000 | Episode reward:  1574.66 | Episode steps: 2500 | Average reward:  1576.18 | Step Count: 54473 | Episode Q0:    33.72
Episode:  23/5000 | Episode reward:  1394.27 | Episode steps: 2500 | Average reward:  1558.23 | Step Count: 56973 | Episode Q0:    33.72
Episode:  24/5000 | Episode reward:  1777.89 | Episode steps: 2500 | Average reward:  1558.72 | Step Count: 59473 | Episode Q0:    33.72
Episode:  25/5000 | Episode reward:  1629.58 | Episode steps: 2500 | Average reward:  1571.03 | Step Count: 61973 | Episode Q0:    33.72
Episode:  26/5000 | Episode reward:  1441.54 | Episode steps: 2500 | Average reward:  1556.26 | Step Count: 64473 | Episode Q0:    33.72
Episode:  27/5000 | Episode reward:  1454.83 | Episode steps: 2500 | Average reward:  1529.95 | Step Count: 66973 | Episode Q0:    33.72
Episode:  28/5000 | Episode reward:  1615.18 | Episode steps: 2500 | Average reward:  1556.21 | Step Count: 69473 | Episode Q0:    33.72
Episode:  29/5000 | Episode reward:  1635.48 | Episode steps: 2500 | Average reward:  1565.93 | Step Count: 71973 | Episode Q0:    42.86
Episode:  30/5000 | Episode reward:  1431.71 | Episode steps: 2500 | Average reward:  1550.00 | Step Count: 74473 | Episode Q0:    42.86
Episode:  31/5000 | Episode reward:  1348.14 | Episode steps: 2500 | Average reward:  1530.33 | Step Count: 76973 | Episode Q0:    42.86
Episode:  32/5000 | Episode reward:  1638.85 | Episode steps: 2500 | Average reward:  1536.75 | Step Count: 79473 | Episode Q0:    42.86
Episode:  33/5000 | Episode reward:  1620.13 | Episode steps: 2500 | Average reward:  1559.33 | Step Count: 81973 | Episode Q0:    42.86
Episode:  34/5000 | Episode reward:  1783.06 | Episode steps: 2500 | Average reward:  1559.85 | Step Count: 84473 | Episode Q0:    42.86
Episode:  35/5000 | Episode reward:  1670.05 | Episode steps: 2500 | Average reward:  1563.90 | Step Count: 86973 | Episode Q0:    42.86
Episode:  36/5000 | Episode reward:  1586.10 | Episode steps: 2500 | Average reward:  1578.35 | Step Count: 89473 | Episode Q0:    42.86
Episode:  37/5000 | Episode reward:  1491.38 | Episode steps: 2500 | Average reward:  1582.01 | Step Count: 91973 | Episode Q0:    42.86
Episode:  38/5000 | Episode reward:  1214.28 | Episode steps: 2500 | Average reward:  1541.92 | Step Count: 94473 | Episode Q0:    42.86
Episode:  39/5000 | Episode reward:  1335.34 | Episode steps: 2500 | Average reward:  1511.91 | Step Count: 96973 | Episode Q0:    42.86
Episode:  40/5000 | Episode reward:  1764.45 | Episode steps: 2500 | Average reward:  1545.18 | Step Count: 99473 | Episode Q0:    42.86
Episode:  41/5000 | Episode reward:  1737.64 | Episode steps: 2500 | Average reward:  1584.13 | Step Count: 101973 | Episode Q0:    42.86
Episode:  42/5000 | Episode reward:  1591.79 | Episode steps: 2500 | Average reward:  1579.42 | Step Count: 104473 | Episode Q0:    42.86
Episode:  43/5000 | Episode reward:  1064.62 | Episode steps: 1778 | Average reward:  1523.87 | Step Count: 106251 | Episode Q0:    42.86
Episode:  44/5000 | Episode reward:  1502.44 | Episode steps: 2500 | Average reward:  1495.81 | Step Count: 108751 | Episode Q0:    42.86
Episode:  45/5000 | Episode reward:  1664.96 | Episode steps: 2500 | Average reward:  1495.30 | Step Count: 111251 | Episode Q0:    42.86
Episode:  46/5000 | Episode reward:   126.19 | Episode steps:  370 | Average reward:  1349.31 | Step Count: 111621 | Episode Q0:    42.86
Episode:  47/5000 | Episode reward:    30.99 | Episode steps:  163 | Average reward:  1203.27 | Step Count: 111784 | Episode Q0:    42.86
Episode:  48/5000 | Episode reward:   127.09 | Episode steps:  369 | Average reward:  1094.55 | Step Count: 112153 | Episode Q0:    42.86
Episode:  49/5000 | Episode reward:   300.19 | Episode steps:  693 | Average reward:   991.03 | Step Count: 112846 | Episode Q0:    42.86
Episode:  50/5000 | Episode reward:   354.92 | Episode steps:  749 | Average reward:   850.08 | Step Count: 113595 | Episode Q0:    42.86
Episode:  51/5000 | Episode reward:    33.56 | Episode steps:  111 | Average reward:   679.67 | Step Count: 113706 | Episode Q0:    42.86
Episode:  52/5000 | Episode reward:   177.40 | Episode steps:  455 | Average reward:   538.24 | Step Count: 114161 | Episode Q0:    42.86
Episode:  53/5000 | Episode reward:   214.11 | Episode steps:  559 | Average reward:   453.18 | Step Count: 114720 | Episode Q0:    42.86
Episode:  54/5000 | Episode reward:   191.96 | Episode steps:  601 | Average reward:   322.14 | Step Count: 115321 | Episode Q0:    42.86
Episode:  55/5000 | Episode reward:   141.31 | Episode steps:  413 | Average reward:   169.77 | Step Count: 115734 | Episode Q0:    42.86
Episode:  56/5000 | Episode reward:   253.48 | Episode steps:  585 | Average reward:   182.50 | Step Count: 116319 | Episode Q0:    49.12
Episode:  57/5000 | Episode reward:   207.85 | Episode steps:  507 | Average reward:   200.19 | Step Count: 116826 | Episode Q0:    49.12
Episode:  58/5000 | Episode reward:    54.72 | Episode steps:  176 | Average reward:   192.95 | Step Count: 117002 | Episode Q0:    49.12
Episode:  59/5000 | Episode reward:    46.20 | Episode steps:  182 | Average reward:   167.55 | Step Count: 117184 | Episode Q0:    49.12
Episode:  60/5000 | Episode reward:   246.64 | Episode steps:  551 | Average reward:   156.72 | Step Count: 117735 | Episode Q0:    49.12
Episode:  61/5000 | Episode reward:   104.73 | Episode steps:  349 | Average reward:   163.84 | Step Count: 118084 | Episode Q0:    49.12
Episode:  62/5000 | Episode reward:    32.46 | Episode steps:  152 | Average reward:   149.35 | Step Count: 118236 | Episode Q0:    49.12
Episode:  63/5000 | Episode reward:    30.49 | Episode steps:  127 | Average reward:   130.98 | Step Count: 118363 | Episode Q0:    49.12
Episode:  64/5000 | Episode reward:    66.90 | Episode steps:  218 | Average reward:   118.48 | Step Count: 118581 | Episode Q0:    49.12
Episode:  65/5000 | Episode reward:    51.96 | Episode steps:  195 | Average reward:   109.54 | Step Count: 118776 | Episode Q0:    49.12
Episode:  66/5000 | Episode reward:    54.00 | Episode steps:  197 | Average reward:    89.59 | Step Count: 118973 | Episode Q0:    49.12
Episode:  67/5000 | Episode reward:    23.67 | Episode steps:  142 | Average reward:    71.18 | Step Count: 119115 | Episode Q0:    49.12
Episode:  68/5000 | Episode reward:    26.27 | Episode steps:  154 | Average reward:    68.33 | Step Count: 119269 | Episode Q0:    49.12
Episode:  69/5000 | Episode reward:   229.99 | Episode steps:  565 | Average reward:    86.71 | Step Count: 119834 | Episode Q0:    49.12
Episode:  70/5000 | Episode reward:   189.63 | Episode steps:  598 | Average reward:    81.01 | Step Count: 120432 | Episode Q0:    49.12
Episode:  71/5000 | Episode reward:   158.65 | Episode steps:  434 | Average reward:    86.40 | Step Count: 120866 | Episode Q0:    49.12
Episode:  72/5000 | Episode reward:   131.43 | Episode steps:  380 | Average reward:    96.30 | Step Count: 121246 | Episode Q0:    49.12
Episode:  73/5000 | Episode reward:  1122.50 | Episode steps: 2500 | Average reward:   205.50 | Step Count: 123746 | Episode Q0:    51.79
Episode:  74/5000 | Episode reward:  1324.50 | Episode steps: 2500 | Average reward:   331.26 | Step Count: 126246 | Episode Q0:    51.79
Episode:  75/5000 | Episode reward:   992.46 | Episode steps: 2500 | Average reward:   425.31 | Step Count: 128746 | Episode Q0:    51.79
Episode:  76/5000 | Episode reward:  1083.23 | Episode steps: 2500 | Average reward:   528.23 | Step Count: 131246 | Episode Q0:    51.79
Episode:  77/5000 | Episode reward:  1169.44 | Episode steps: 2041 | Average reward:   642.81 | Step Count: 133287 | Episode Q0:    51.79
Episode:  78/5000 | Episode reward:   815.64 | Episode steps: 2500 | Average reward:   721.75 | Step Count: 135787 | Episode Q0:    51.79
Episode:  79/5000 | Episode reward:   526.13 | Episode steps: 1850 | Average reward:   751.36 | Step Count: 137637 | Episode Q0:    51.79
Episode:  80/5000 | Episode reward:  1087.63 | Episode steps: 2500 | Average reward:   841.16 | Step Count: 140137 | Episode Q0:    51.79
Episode:  81/5000 | Episode reward:   795.72 | Episode steps: 1326 | Average reward:   904.87 | Step Count: 141463 | Episode Q0:    51.79
Episode:  82/5000 | Episode reward:  1402.61 | Episode steps: 2500 | Average reward:  1031.99 | Step Count: 143963 | Episode Q0:    51.79
Episode:  83/5000 | Episode reward:   831.01 | Episode steps: 2500 | Average reward:  1002.84 | Step Count: 146463 | Episode Q0:    51.79
Episode:  84/5000 | Episode reward:  1228.44 | Episode steps: 2500 | Average reward:   993.23 | Step Count: 148963 | Episode Q0:    51.79
Episode:  85/5000 | Episode reward:   529.76 | Episode steps: 1821 | Average reward:   946.96 | Step Count: 150784 | Episode Q0:    51.79
Episode:  86/5000 | Episode reward:  1015.03 | Episode steps: 2500 | Average reward:   940.14 | Step Count: 153284 | Episode Q0:    51.79
Episode:  87/5000 | Episode reward:   347.14 | Episode steps: 1343 | Average reward:   857.91 | Step Count: 154627 | Episode Q0:    51.79
Episode:  88/5000 | Episode reward:   918.99 | Episode steps: 2500 | Average reward:   868.25 | Step Count: 157127 | Episode Q0:    51.79
Episode:  89/5000 | Episode reward:   786.48 | Episode steps: 2500 | Average reward:   894.28 | Step Count: 159627 | Episode Q0:    51.79
Episode:  90/5000 | Episode reward:   778.30 | Episode steps: 2287 | Average reward:   863.35 | Step Count: 161914 | Episode Q0:    51.79
Episode:  91/5000 | Episode reward:   746.34 | Episode steps: 2500 | Average reward:   858.41 | Step Count: 164414 | Episode Q0:    51.79
Episode:  92/5000 | Episode reward:   605.23 | Episode steps: 2369 | Average reward:   778.67 | Step Count: 166783 | Episode Q0:    51.79
Episode:  93/5000 | Episode reward:   337.70 | Episode steps:  693 | Average reward:   729.34 | Step Count: 167476 | Episode Q0:    51.79
Episode:  94/5000 | Episode reward:  1028.94 | Episode steps: 2500 | Average reward:   709.39 | Step Count: 169976 | Episode Q0:    51.79
Episode:  95/5000 | Episode reward:  1512.42 | Episode steps: 2500 | Average reward:   807.66 | Step Count: 172476 | Episode Q0:    51.79
Episode:  96/5000 | Episode reward:  1008.12 | Episode steps: 2500 | Average reward:   806.97 | Step Count: 174976 | Episode Q0:    51.79
Episode:  97/5000 | Episode reward:  1052.80 | Episode steps: 2500 | Average reward:   877.53 | Step Count: 177476 | Episode Q0:    51.79
Episode:  98/5000 | Episode reward:  1300.95 | Episode steps: 2050 | Average reward:   915.73 | Step Count: 179526 | Episode Q0:    51.79
Episode:  99/5000 | Episode reward:  1098.62 | Episode steps: 2500 | Average reward:   946.94 | Step Count: 182026 | Episode Q0:    51.79
Episode: 100/5000 | Episode reward:    30.93 | Episode steps:  127 | Average reward:   872.20 | Step Count: 182153 | Episode Q0:    51.79
Episode: 101/5000 | Episode reward:   197.94 | Episode steps:  471 | Average reward:   817.36 | Step Count: 182624 | Episode Q0:    51.79
Episode: 102/5000 | Episode reward:  1601.64 | Episode steps: 2500 | Average reward:   917.01 | Step Count: 185124 | Episode Q0:    48.77
Episode: 103/5000 | Episode reward:   811.63 | Episode steps: 1371 | Average reward:   964.40 | Step Count: 186495 | Episode Q0:    48.77
Episode: 104/5000 | Episode reward:   299.85 | Episode steps:  665 | Average reward:   891.49 | Step Count: 187160 | Episode Q0:    48.77
Episode: 105/5000 | Episode reward:    70.00 | Episode steps:  110 | Average reward:   747.25 | Step Count: 187270 | Episode Q0:    48.77
Episode: 106/5000 | Episode reward:   269.87 | Episode steps:  389 | Average reward:   673.42 | Step Count: 187659 | Episode Q0:    48.77
Episode: 107/5000 | Episode reward:  1138.96 | Episode steps: 1881 | Average reward:   682.04 | Step Count: 189540 | Episode Q0:    48.77
Episode: 108/5000 | Episode reward:   649.58 | Episode steps: 2201 | Average reward:   616.90 | Step Count: 191741 | Episode Q0:    48.77
Episode: 109/5000 | Episode reward:  1603.66 | Episode steps: 2500 | Average reward:   667.41 | Step Count: 194241 | Episode Q0:    48.77
Episode: 110/5000 | Episode reward:  1088.95 | Episode steps: 1783 | Average reward:   773.21 | Step Count: 196024 | Episode Q0:    48.77
Episode: 111/5000 | Episode reward:  1415.73 | Episode steps: 2500 | Average reward:   894.99 | Step Count: 198524 | Episode Q0:    48.77
Episode: 112/5000 | Episode reward:   460.09 | Episode steps:  946 | Average reward:   780.83 | Step Count: 199470 | Episode Q0:    48.77
Episode: 113/5000 | Episode reward:   906.33 | Episode steps: 1368 | Average reward:   790.30 | Step Count: 200838 | Episode Q0:    48.77
Episode: 114/5000 | Episode reward:   445.09 | Episode steps: 1352 | Average reward:   804.83 | Step Count: 202190 | Episode Q0:    48.77
Episode: 115/5000 | Episode reward:   194.88 | Episode steps:  408 | Average reward:   817.31 | Step Count: 202598 | Episode Q0:    48.77
Episode: 116/5000 | Episode reward:   179.93 | Episode steps:  370 | Average reward:   808.32 | Step Count: 202968 | Episode Q0:    48.77
Episode: 117/5000 | Episode reward:   126.35 | Episode steps:  380 | Average reward:   707.06 | Step Count: 203348 | Episode Q0:    48.77
Episode: 118/5000 | Episode reward:   231.66 | Episode steps:  470 | Average reward:   665.27 | Step Count: 203818 | Episode Q0:    48.77
Episode: 119/5000 | Episode reward:   171.73 | Episode steps:  363 | Average reward:   522.07 | Step Count: 204181 | Episode Q0:    48.77
Episode: 120/5000 | Episode reward:   116.88 | Episode steps:  324 | Average reward:   424.87 | Step Count: 204505 | Episode Q0:    48.77
Episode: 121/5000 | Episode reward:    51.14 | Episode steps:  189 | Average reward:   288.41 | Step Count: 204694 | Episode Q0:    48.77
Episode: 122/5000 | Episode reward:    94.27 | Episode steps:  344 | Average reward:   251.83 | Step Count: 205038 | Episode Q0:    48.77
Episode: 123/5000 | Episode reward:    87.85 | Episode steps:  370 | Average reward:   169.98 | Step Count: 205408 | Episode Q0:    48.77
Episode: 124/5000 | Episode reward:    36.13 | Episode steps:  187 | Average reward:   129.08 | Step Count: 205595 | Episode Q0:    48.77
Episode: 125/5000 | Episode reward:    46.22 | Episode steps:  167 | Average reward:   114.22 | Step Count: 205762 | Episode Q0:    48.77
Episode: 126/5000 | Episode reward:   262.30 | Episode steps:  483 | Average reward:   122.45 | Step Count: 206245 | Episode Q0:    48.77
Episode: 127/5000 | Episode reward:    48.73 | Episode steps:  196 | Average reward:   114.69 | Step Count: 206441 | Episode Q0:    48.77
Episode: 128/5000 | Episode reward:    43.40 | Episode steps:  114 | Average reward:    95.87 | Step Count: 206555 | Episode Q0:    48.77
Episode: 129/5000 | Episode reward:    71.36 | Episode steps:  455 | Average reward:    85.83 | Step Count: 207010 | Episode Q0:    48.77
Episode: 130/5000 | Episode reward:    96.38 | Episode steps:  378 | Average reward:    83.78 | Step Count: 207388 | Episode Q0:    48.77
Episode: 131/5000 | Episode reward:   525.15 | Episode steps:  832 | Average reward:   131.18 | Step Count: 208220 | Episode Q0:    48.77
Episode: 132/5000 | Episode reward:    93.48 | Episode steps:  200 | Average reward:   131.10 | Step Count: 208420 | Episode Q0:    48.77
Episode: 133/5000 | Episode reward:    42.23 | Episode steps:  208 | Average reward:   126.54 | Step Count: 208628 | Episode Q0:    49.70
Episode: 134/5000 | Episode reward:   133.16 | Episode steps:  259 | Average reward:   136.24 | Step Count: 208887 | Episode Q0:    49.70
Episode: 135/5000 | Episode reward:    36.68 | Episode steps:   60 | Average reward:   135.29 | Step Count: 208947 | Episode Q0:    49.70
Episode: 136/5000 | Episode reward:    48.04 | Episode steps:   68 | Average reward:   113.86 | Step Count: 209015 | Episode Q0:    49.70
Episode: 137/5000 | Episode reward:   103.78 | Episode steps:  683 | Average reward:   119.37 | Step Count: 209698 | Episode Q0:    49.70
Episode: 138/5000 | Episode reward:    58.90 | Episode steps:  171 | Average reward:   120.92 | Step Count: 209869 | Episode Q0:    49.70
Episode: 139/5000 | Episode reward:    36.36 | Episode steps:   72 | Average reward:   117.42 | Step Count: 209941 | Episode Q0:    49.70
Episode: 140/5000 | Episode reward:    90.65 | Episode steps:  246 | Average reward:   116.84 | Step Count: 210187 | Episode Q0:    49.70
Episode: 141/5000 | Episode reward:    99.04 | Episode steps:  335 | Average reward:    74.23 | Step Count: 210522 | Episode Q0:    49.70
Episode: 142/5000 | Episode reward:   252.36 | Episode steps:  458 | Average reward:    90.12 | Step Count: 210980 | Episode Q0:    49.70
Episode: 143/5000 | Episode reward:    61.27 | Episode steps:  105 | Average reward:    92.03 | Step Count: 211085 | Episode Q0:    49.70
Episode: 144/5000 | Episode reward:   180.83 | Episode steps:  827 | Average reward:    96.79 | Step Count: 211912 | Episode Q0:    49.70
Episode: 145/5000 | Episode reward:   144.05 | Episode steps:  513 | Average reward:   107.53 | Step Count: 212425 | Episode Q0:    49.70
Episode: 146/5000 | Episode reward:   464.47 | Episode steps:  759 | Average reward:   149.17 | Step Count: 213184 | Episode Q0:    49.70
Episode: 147/5000 | Episode reward:    40.64 | Episode steps:   91 | Average reward:   142.86 | Step Count: 213275 | Episode Q0:    49.70
Episode: 148/5000 | Episode reward:    47.57 | Episode steps:  119 | Average reward:   141.72 | Step Count: 213394 | Episode Q0:    49.70
Episode: 149/5000 | Episode reward:    27.92 | Episode steps:  126 | Average reward:   140.88 | Step Count: 213520 | Episode Q0:    49.70
Episode: 150/5000 | Episode reward:    43.24 | Episode steps:  112 | Average reward:   136.14 | Step Count: 213632 | Episode Q0:    49.70
Episode: 151/5000 | Episode reward:    71.68 | Episode steps:  230 | Average reward:   133.40 | Step Count: 213862 | Episode Q0:    49.70
Episode: 152/5000 | Episode reward:    56.88 | Episode steps:  115 | Average reward:   113.85 | Step Count: 213977 | Episode Q0:    49.70
Episode: 153/5000 | Episode reward:    33.24 | Episode steps:  103 | Average reward:   111.05 | Step Count: 214080 | Episode Q0:    49.70
Episode: 154/5000 | Episode reward:   104.39 | Episode steps:  315 | Average reward:   103.41 | Step Count: 214395 | Episode Q0:    49.70
Episode: 155/5000 | Episode reward:    65.34 | Episode steps:  105 | Average reward:    95.54 | Step Count: 214500 | Episode Q0:    49.70
Episode: 156/5000 | Episode reward:    28.04 | Episode steps:  138 | Average reward:    51.89 | Step Count: 214638 | Episode Q0:    49.70
Episode: 157/5000 | Episode reward:    77.18 | Episode steps:  100 | Average reward:    55.55 | Step Count: 214738 | Episode Q0:    49.70
Episode: 158/5000 | Episode reward:   202.79 | Episode steps:  358 | Average reward:    71.07 | Step Count: 215096 | Episode Q0:    49.70
Episode: 159/5000 | Episode reward:    31.20 | Episode steps:  128 | Average reward:    71.40 | Step Count: 215224 | Episode Q0:    49.70
Episode: 160/5000 | Episode reward:    77.04 | Episode steps:  161 | Average reward:    74.78 | Step Count: 215385 | Episode Q0:    49.70
Episode: 161/5000 | Episode reward:    92.92 | Episode steps:  139 | Average reward:    76.90 | Step Count: 215524 | Episode Q0:    49.70
Episode: 162/5000 | Episode reward:   458.30 | Episode steps:  627 | Average reward:   117.04 | Step Count: 216151 | Episode Q0:    49.70
Episode: 163/5000 | Episode reward:    77.73 | Episode steps:  120 | Average reward:   121.49 | Step Count: 216271 | Episode Q0:    49.70
Episode: 164/5000 | Episode reward:    67.27 | Episode steps:   97 | Average reward:   117.78 | Step Count: 216368 | Episode Q0:    49.70
Episode: 165/5000 | Episode reward:    37.86 | Episode steps:  105 | Average reward:   115.03 | Step Count: 216473 | Episode Q0:    49.70
Episode: 166/5000 | Episode reward:   664.93 | Episode steps:  967 | Average reward:   178.72 | Step Count: 217440 | Episode Q0:    49.70
Episode: 167/5000 | Episode reward:    36.30 | Episode steps:   85 | Average reward:   174.63 | Step Count: 217525 | Episode Q0:    49.84
Episode: 168/5000 | Episode reward:    30.19 | Episode steps:  172 | Average reward:   157.37 | Step Count: 217697 | Episode Q0:    49.84
Episode: 169/5000 | Episode reward:    38.24 | Episode steps:   59 | Average reward:   158.08 | Step Count: 217756 | Episode Q0:    49.84
Episode: 170/5000 | Episode reward:    52.77 | Episode steps:  109 | Average reward:   155.65 | Step Count: 217865 | Episode Q0:    49.84
Episode: 171/5000 | Episode reward:   245.98 | Episode steps:  424 | Average reward:   170.96 | Step Count: 218289 | Episode Q0:    49.84
Episode: 172/5000 | Episode reward:   161.00 | Episode steps:  836 | Average reward:   141.23 | Step Count: 219125 | Episode Q0:    49.84
Episode: 173/5000 | Episode reward:    58.89 | Episode steps:  101 | Average reward:   139.34 | Step Count: 219226 | Episode Q0:    49.84
Episode: 174/5000 | Episode reward:    40.27 | Episode steps:   83 | Average reward:   136.64 | Step Count: 219309 | Episode Q0:    49.84
Episode: 175/5000 | Episode reward:    46.20 | Episode steps:   91 | Average reward:   137.48 | Step Count: 219400 | Episode Q0:    49.84
Episode: 176/5000 | Episode reward:    57.43 | Episode steps:  109 | Average reward:    76.73 | Step Count: 219509 | Episode Q0:    49.84
Episode: 177/5000 | Episode reward:    35.55 | Episode steps:   98 | Average reward:    76.65 | Step Count: 219607 | Episode Q0:    49.84
Episode: 178/5000 | Episode reward:   269.07 | Episode steps:  586 | Average reward:   100.54 | Step Count: 220193 | Episode Q0:    49.84
Episode: 179/5000 | Episode reward:    34.84 | Episode steps:   93 | Average reward:   100.20 | Step Count: 220286 | Episode Q0:    49.84
Episode: 180/5000 | Episode reward:    71.01 | Episode steps:  228 | Average reward:   102.02 | Step Count: 220514 | Episode Q0:    49.84
Episode: 181/5000 | Episode reward:   104.81 | Episode steps:  146 | Average reward:    87.91 | Step Count: 220660 | Episode Q0:    49.84
Episode: 182/5000 | Episode reward:   118.80 | Episode steps:  288 | Average reward:    83.69 | Step Count: 220948 | Episode Q0:    49.84
Episode: 183/5000 | Episode reward:   384.36 | Episode steps:  533 | Average reward:   116.23 | Step Count: 221481 | Episode Q0:    49.84
Episode: 184/5000 | Episode reward:   159.11 | Episode steps:  339 | Average reward:   128.12 | Step Count: 221820 | Episode Q0:    49.84
Episode: 185/5000 | Episode reward:    59.15 | Episode steps:   85 | Average reward:   129.41 | Step Count: 221905 | Episode Q0:    49.84
Episode: 186/5000 | Episode reward:    54.47 | Episode steps:  148 | Average reward:   129.11 | Step Count: 222053 | Episode Q0:    49.84
Episode: 187/5000 | Episode reward:   435.24 | Episode steps:  695 | Average reward:   169.08 | Step Count: 222748 | Episode Q0:    49.84
Episode: 188/5000 | Episode reward:   147.98 | Episode steps:  331 | Average reward:   156.98 | Step Count: 223079 | Episode Q0:    49.84
Episode: 189/5000 | Episode reward:    92.19 | Episode steps:  128 | Average reward:   162.71 | Step Count: 223207 | Episode Q0:    49.84
Episode: 190/5000 | Episode reward:   167.70 | Episode steps:  221 | Average reward:   172.38 | Step Count: 223428 | Episode Q0:    49.84
Episode: 191/5000 | Episode reward:    55.54 | Episode steps:  129 | Average reward:   167.45 | Step Count: 223557 | Episode Q0:    49.84
Episode: 192/5000 | Episode reward:   108.56 | Episode steps:  700 | Average reward:   166.43 | Step Count: 224257 | Episode Q0:    49.84
Episode: 193/5000 | Episode reward:  1800.14 | Episode steps: 2500 | Average reward:   308.01 | Step Count: 226757 | Episode Q0:    50.56
Episode: 194/5000 | Episode reward:   287.46 | Episode steps: 1547 | Average reward:   320.84 | Step Count: 228304 | Episode Q0:    50.56
Episode: 195/5000 | Episode reward:   742.90 | Episode steps:  980 | Average reward:   389.22 | Step Count: 229284 | Episode Q0:    50.56
Episode: 196/5000 | Episode reward:  1706.40 | Episode steps: 2242 | Average reward:   554.41 | Step Count: 231526 | Episode Q0:    50.56
Episode: 197/5000 | Episode reward:   124.35 | Episode steps:  316 | Average reward:   523.32 | Step Count: 231842 | Episode Q0:    50.56
Episode: 198/5000 | Episode reward:   131.43 | Episode steps:  318 | Average reward:   521.67 | Step Count: 232160 | Episode Q0:    50.56
Episode: 199/5000 | Episode reward:   876.55 | Episode steps: 1173 | Average reward:   600.10 | Step Count: 233333 | Episode Q0:    50.56
Episode: 200/5000 | Episode reward:    42.57 | Episode steps:  100 | Average reward:   587.59 | Step Count: 233433 | Episode Q0:    50.56
Episode: 201/5000 | Episode reward:   186.25 | Episode steps: 1271 | Average reward:   600.66 | Step Count: 234704 | Episode Q0:    50.56
Episode: 202/5000 | Episode reward:    50.71 | Episode steps:   93 | Average reward:   594.88 | Step Count: 234797 | Episode Q0:    50.56
Episode: 203/5000 | Episode reward:   108.74 | Episode steps:  277 | Average reward:   425.74 | Step Count: 235074 | Episode Q0:    50.56
Episode: 204/5000 | Episode reward:   453.47 | Episode steps:  699 | Average reward:   442.34 | Step Count: 235773 | Episode Q0:    50.56
Episode: 205/5000 | Episode reward:    32.74 | Episode steps:   99 | Average reward:   371.32 | Step Count: 235872 | Episode Q0:    50.56
Episode: 206/5000 | Episode reward:  1640.98 | Episode steps: 2262 | Average reward:   364.78 | Step Count: 238134 | Episode Q0:    50.56
Episode: 207/5000 | Episode reward:  1258.25 | Episode steps: 1693 | Average reward:   478.17 | Step Count: 239827 | Episode Q0:    50.56
Episode: 208/5000 | Episode reward:    59.00 | Episode steps:   99 | Average reward:   470.93 | Step Count: 239926 | Episode Q0:    50.56
Episode: 209/5000 | Episode reward:    67.54 | Episode steps:  111 | Average reward:   390.03 | Step Count: 240037 | Episode Q0:    50.56
Episode: 210/5000 | Episode reward:   100.71 | Episode steps:  254 | Average reward:   395.84 | Step Count: 240291 | Episode Q0:    50.56
Episode: 211/5000 | Episode reward:    52.65 | Episode steps:  227 | Average reward:   382.48 | Step Count: 240518 | Episode Q0:    50.56
Episode: 212/5000 | Episode reward:    59.16 | Episode steps:  119 | Average reward:   383.32 | Step Count: 240637 | Episode Q0:    50.56
Episode: 213/5000 | Episode reward:   686.17 | Episode steps: 1045 | Average reward:   441.07 | Step Count: 241682 | Episode Q0:    50.56
Episode: 214/5000 | Episode reward:   153.31 | Episode steps:  327 | Average reward:   411.05 | Step Count: 242009 | Episode Q0:    50.56
Episode: 215/5000 | Episode reward:    35.82 | Episode steps:   92 | Average reward:   411.36 | Step Count: 242101 | Episode Q0:    50.56
Episode: 216/5000 | Episode reward:    32.12 | Episode steps:  118 | Average reward:   250.47 | Step Count: 242219 | Episode Q0:    50.56
Episode: 217/5000 | Episode reward:   113.87 | Episode steps:  660 | Average reward:   136.04 | Step Count: 242879 | Episode Q0:    50.56
Episode: 218/5000 | Episode reward:   212.61 | Episode steps:  531 | Average reward:   151.40 | Step Count: 243410 | Episode Q0:    50.56
Episode: 219/5000 | Episode reward:    50.90 | Episode steps:  204 | Average reward:   149.73 | Step Count: 243614 | Episode Q0:    50.56
Episode: 220/5000 | Episode reward:   402.62 | Episode steps: 2266 | Average reward:   179.92 | Step Count: 245880 | Episode Q0:    50.62
Episode: 221/5000 | Episode reward:   260.03 | Episode steps: 1118 | Average reward:   200.66 | Step Count: 246998 | Episode Q0:    50.62
Episode: 222/5000 | Episode reward:    49.55 | Episode steps:  129 | Average reward:   199.70 | Step Count: 247127 | Episode Q0:    50.62
Episode: 223/5000 | Episode reward:    42.90 | Episode steps:  211 | Average reward:   135.37 | Step Count: 247338 | Episode Q0:    50.62
Episode: 224/5000 | Episode reward:    65.53 | Episode steps:   93 | Average reward:   126.60 | Step Count: 247431 | Episode Q0:    50.62
Episode: 225/5000 | Episode reward:   137.02 | Episode steps:  313 | Average reward:   136.72 | Step Count: 247744 | Episode Q0:    50.62
Episode: 226/5000 | Episode reward:    62.36 | Episode steps:  284 | Average reward:   139.74 | Step Count: 248028 | Episode Q0:    50.62
Episode: 227/5000 | Episode reward:   131.60 | Episode steps:  335 | Average reward:   141.51 | Step Count: 248363 | Episode Q0:    50.62
Episode: 228/5000 | Episode reward:   504.02 | Episode steps:  926 | Average reward:   170.65 | Step Count: 249289 | Episode Q0:    50.62
Episode: 229/5000 | Episode reward:  1677.84 | Episode steps: 2321 | Average reward:   333.35 | Step Count: 251610 | Episode Q0:    50.62
Episode: 230/5000 | Episode reward:  1374.09 | Episode steps: 2088 | Average reward:   430.49 | Step Count: 253698 | Episode Q0:    50.62
Episode: 231/5000 | Episode reward:   326.14 | Episode steps: 2054 | Average reward:   437.11 | Step Count: 255752 | Episode Q0:    50.62
Episode: 232/5000 | Episode reward:   100.82 | Episode steps:  271 | Average reward:   442.23 | Step Count: 256023 | Episode Q0:    50.62
Episode: 233/5000 | Episode reward:    39.55 | Episode steps:   93 | Average reward:   441.90 | Step Count: 256116 | Episode Q0:    50.62
Episode: 234/5000 | Episode reward:    78.86 | Episode steps:  125 | Average reward:   443.23 | Step Count: 256241 | Episode Q0:    50.62
Episode: 235/5000 | Episode reward:   184.98 | Episode steps: 1004 | Average reward:   448.03 | Step Count: 257245 | Episode Q0:    50.62
Episode: 236/5000 | Episode reward:   108.88 | Episode steps:  272 | Average reward:   452.68 | Step Count: 257517 | Episode Q0:    50.62
Episode: 237/5000 | Episode reward:    99.65 | Episode steps:  511 | Average reward:   449.48 | Step Count: 258028 | Episode Q0:    50.62
Episode: 238/5000 | Episode reward:    42.30 | Episode steps:  121 | Average reward:   403.31 | Step Count: 258149 | Episode Q0:    50.62
Episode: 239/5000 | Episode reward:    48.61 | Episode steps:  199 | Average reward:   240.39 | Step Count: 258348 | Episode Q0:    50.62
Episode: 240/5000 | Episode reward:   128.07 | Episode steps:  348 | Average reward:   115.79 | Step Count: 258696 | Episode Q0:    50.62
Episode: 241/5000 | Episode reward:    22.04 | Episode steps:  124 | Average reward:    85.37 | Step Count: 258820 | Episode Q0:    50.62
Episode: 242/5000 | Episode reward:   528.63 | Episode steps:  893 | Average reward:   128.16 | Step Count: 259713 | Episode Q0:    50.62
Episode: 243/5000 | Episode reward:    55.39 | Episode steps:  221 | Average reward:   129.74 | Step Count: 259934 | Episode Q0:    50.62
Episode: 244/5000 | Episode reward:    72.15 | Episode steps:  105 | Average reward:   129.07 | Step Count: 260039 | Episode Q0:    50.62
Episode: 245/5000 | Episode reward:   141.55 | Episode steps:  287 | Average reward:   124.73 | Step Count: 260326 | Episode Q0:    50.62
Episode: 246/5000 | Episode reward:    93.10 | Episode steps:  150 | Average reward:   123.15 | Step Count: 260476 | Episode Q0:    50.62
Episode: 247/5000 | Episode reward:   170.37 | Episode steps:  334 | Average reward:   130.22 | Step Count: 260810 | Episode Q0:    50.62
Episode: 248/5000 | Episode reward:   130.10 | Episode steps:  332 | Average reward:   139.00 | Step Count: 261142 | Episode Q0:    50.62
Episode: 249/5000 | Episode reward:  1496.16 | Episode steps: 2500 | Average reward:   283.76 | Step Count: 263642 | Episode Q0:    49.53
Episode: 250/5000 | Episode reward:  1396.66 | Episode steps: 2500 | Average reward:   410.62 | Step Count: 266142 | Episode Q0:    49.53
Episode: 251/5000 | Episode reward:    61.79 | Episode steps:  101 | Average reward:   414.59 | Step Count: 266243 | Episode Q0:    49.53
Episode: 252/5000 | Episode reward:    41.26 | Episode steps:  169 | Average reward:   365.85 | Step Count: 266412 | Episode Q0:    49.53
Episode: 253/5000 | Episode reward:   119.65 | Episode steps:  329 | Average reward:   372.28 | Step Count: 266741 | Episode Q0:    49.53
Episode: 254/5000 | Episode reward:  1498.00 | Episode steps: 2500 | Average reward:   514.86 | Step Count: 269241 | Episode Q0:    49.53
Episode: 255/5000 | Episode reward:  1250.89 | Episode steps: 2500 | Average reward:   625.80 | Step Count: 271741 | Episode Q0:    49.53
Episode: 256/5000 | Episode reward:  1553.18 | Episode steps: 2500 | Average reward:   771.80 | Step Count: 274241 | Episode Q0:    49.53
Episode: 257/5000 | Episode reward:    80.01 | Episode steps:  504 | Average reward:   762.77 | Step Count: 274745 | Episode Q0:    49.53
Episode: 258/5000 | Episode reward:    71.33 | Episode steps:  119 | Average reward:   756.89 | Step Count: 274864 | Episode Q0:    49.53
Episode: 259/5000 | Episode reward:    29.88 | Episode steps:  144 | Average reward:   610.26 | Step Count: 275008 | Episode Q0:    49.53
Episode: 260/5000 | Episode reward:   186.00 | Episode steps:  335 | Average reward:   489.20 | Step Count: 275343 | Episode Q0:    49.53
Episode: 261/5000 | Episode reward:    43.21 | Episode steps:  189 | Average reward:   487.34 | Step Count: 275532 | Episode Q0:    49.53
Episode: 262/5000 | Episode reward:    53.55 | Episode steps:  137 | Average reward:   488.57 | Step Count: 275669 | Episode Q0:    49.53
Episode: 263/5000 | Episode reward:   492.01 | Episode steps:  943 | Average reward:   525.80 | Step Count: 276612 | Episode Q0:    49.53
Episode: 264/5000 | Episode reward:   436.60 | Episode steps: 1272 | Average reward:   419.66 | Step Count: 277884 | Episode Q0:    49.89
Episode: 265/5000 | Episode reward:   969.97 | Episode steps: 2500 | Average reward:   391.57 | Step Count: 280384 | Episode Q0:    49.89
Episode: 266/5000 | Episode reward:   291.01 | Episode steps:  995 | Average reward:   265.36 | Step Count: 281379 | Episode Q0:    49.89
Episode: 267/5000 | Episode reward:   769.09 | Episode steps: 2500 | Average reward:   334.27 | Step Count: 283879 | Episode Q0:    49.89
Episode: 268/5000 | Episode reward:   776.83 | Episode steps: 2500 | Average reward:   404.81 | Step Count: 286379 | Episode Q0:    49.89
Episode: 269/5000 | Episode reward:   453.99 | Episode steps: 1051 | Average reward:   447.23 | Step Count: 287430 | Episode Q0:    49.89
Episode: 270/5000 | Episode reward:   685.89 | Episode steps: 2210 | Average reward:   497.22 | Step Count: 289640 | Episode Q0:    49.89
Episode: 271/5000 | Episode reward:   941.89 | Episode steps: 2500 | Average reward:   587.08 | Step Count: 292140 | Episode Q0:    49.89
Episode: 272/5000 | Episode reward:   521.88 | Episode steps: 1632 | Average reward:   633.92 | Step Count: 293772 | Episode Q0:    49.89
Episode: 273/5000 | Episode reward:   322.35 | Episode steps: 1057 | Average reward:   616.95 | Step Count: 294829 | Episode Q0:    49.89
Episode: 274/5000 | Episode reward:   752.27 | Episode steps: 2310 | Average reward:   648.52 | Step Count: 297139 | Episode Q0:    49.89
Episode: 275/5000 | Episode reward:   653.32 | Episode steps: 1812 | Average reward:   616.85 | Step Count: 298951 | Episode Q0:    49.89
Episode: 276/5000 | Episode reward:   830.02 | Episode steps: 2500 | Average reward:   670.75 | Step Count: 301451 | Episode Q0:    49.89
Episode: 277/5000 | Episode reward:   507.22 | Episode steps: 1659 | Average reward:   644.57 | Step Count: 303110 | Episode Q0:    49.89
Episode: 278/5000 | Episode reward:   921.33 | Episode steps: 2500 | Average reward:   659.02 | Step Count: 305610 | Episode Q0:    49.89
Episode: 279/5000 | Episode reward:   802.91 | Episode steps: 2500 | Average reward:   693.91 | Step Count: 308110 | Episode Q0:    49.89
Episode: 280/5000 | Episode reward:   873.76 | Episode steps: 2500 | Average reward:   712.70 | Step Count: 310610 | Episode Q0:    49.89
Episode: 281/5000 | Episode reward:   829.98 | Episode steps: 2500 | Average reward:   701.51 | Step Count: 313110 | Episode Q0:    49.89
Episode: 282/5000 | Episode reward:   793.12 | Episode steps: 2449 | Average reward:   728.63 | Step Count: 315559 | Episode Q0:    49.89
Episode: 283/5000 | Episode reward:   816.28 | Episode steps: 2500 | Average reward:   778.02 | Step Count: 318059 | Episode Q0:    49.89
Episode: 284/5000 | Episode reward:   939.83 | Episode steps: 2382 | Average reward:   796.78 | Step Count: 320441 | Episode Q0:    49.89
Episode: 285/5000 | Episode reward:   762.74 | Episode steps: 2500 | Average reward:   807.72 | Step Count: 322941 | Episode Q0:    49.89
Episode: 286/5000 | Episode reward:   255.14 | Episode steps:  973 | Average reward:   750.23 | Step Count: 323914 | Episode Q0:    49.89
Episode: 287/5000 | Episode reward:   319.74 | Episode steps: 1069 | Average reward:   731.48 | Step Count: 324983 | Episode Q0:    49.89
Episode: 288/5000 | Episode reward:   420.14 | Episode steps: 1141 | Average reward:   681.36 | Step Count: 326124 | Episode Q0:    49.89
Episode: 289/5000 | Episode reward:   838.15 | Episode steps: 2500 | Average reward:   684.89 | Step Count: 328624 | Episode Q0:    49.89
Episode: 290/5000 | Episode reward:   825.91 | Episode steps: 2500 | Average reward:   680.10 | Step Count: 331124 | Episode Q0:    49.89
Episode: 291/5000 | Episode reward:   839.87 | Episode steps: 2500 | Average reward:   681.09 | Step Count: 333624 | Episode Q0:    49.89
Episode: 292/5000 | Episode reward:   839.61 | Episode steps: 2500 | Average reward:   685.74 | Step Count: 336124 | Episode Q0:    49.89
Episode: 293/5000 | Episode reward:   934.55 | Episode steps: 2500 | Average reward:   697.57 | Step Count: 338624 | Episode Q0:    48.99
Episode: 294/5000 | Episode reward:   893.19 | Episode steps: 2500 | Average reward:   692.90 | Step Count: 341124 | Episode Q0:    48.99
Episode: 295/5000 | Episode reward:   813.56 | Episode steps: 2500 | Average reward:   697.99 | Step Count: 343624 | Episode Q0:    48.99
Episode: 296/5000 | Episode reward:  1271.78 | Episode steps: 2500 | Average reward:   799.65 | Step Count: 346124 | Episode Q0:    48.99
Episode: 297/5000 | Episode reward:  1146.17 | Episode steps: 2500 | Average reward:   882.29 | Step Count: 348624 | Episode Q0:    48.99
Episode: 298/5000 | Episode reward:   991.37 | Episode steps: 2500 | Average reward:   939.42 | Step Count: 351124 | Episode Q0:    48.99
Episode: 299/5000 | Episode reward:   950.83 | Episode steps: 2500 | Average reward:   950.68 | Step Count: 353624 | Episode Q0:    48.99
Episode: 300/5000 | Episode reward:   958.74 | Episode steps: 2500 | Average reward:   963.97 | Step Count: 356124 | Episode Q0:    48.99
Episode: 301/5000 | Episode reward:   943.37 | Episode steps: 2500 | Average reward:   974.32 | Step Count: 358624 | Episode Q0:    48.99
Episode: 302/5000 | Episode reward:  1518.33 | Episode steps: 2500 | Average reward:  1042.19 | Step Count: 361124 | Episode Q0:    48.99
Episode: 303/5000 | Episode reward:  1113.59 | Episode steps: 2500 | Average reward:  1060.09 | Step Count: 363624 | Episode Q0:    48.99
Episode: 304/5000 | Episode reward:   929.87 | Episode steps: 2500 | Average reward:  1063.76 | Step Count: 366124 | Episode Q0:    48.99
Episode: 305/5000 | Episode reward:   828.40 | Episode steps: 2500 | Average reward:  1065.24 | Step Count: 368624 | Episode Q0:    48.99
Episode: 306/5000 | Episode reward:   971.71 | Episode steps: 2500 | Average reward:  1035.24 | Step Count: 371124 | Episode Q0:    48.99
Episode: 307/5000 | Episode reward:   929.86 | Episode steps: 2500 | Average reward:  1013.61 | Step Count: 373624 | Episode Q0:    48.99
Episode: 308/5000 | Episode reward:   977.83 | Episode steps: 2500 | Average reward:  1012.25 | Step Count: 376124 | Episode Q0:    48.45
Episode: 309/5000 | Episode reward:   914.15 | Episode steps: 2500 | Average reward:  1008.58 | Step Count: 378624 | Episode Q0:    48.45
Episode: 310/5000 | Episode reward:  1180.35 | Episode steps: 2500 | Average reward:  1030.75 | Step Count: 381124 | Episode Q0:    48.45
Episode: 311/5000 | Episode reward:   963.76 | Episode steps: 2500 | Average reward:  1032.78 | Step Count: 383624 | Episode Q0:    48.45
Episode: 312/5000 | Episode reward:   847.25 | Episode steps: 2500 | Average reward:   965.68 | Step Count: 386124 | Episode Q0:    48.45
Episode: 313/5000 | Episode reward:  1376.65 | Episode steps: 2500 | Average reward:   991.98 | Step Count: 388624 | Episode Q0:    48.45
Episode: 314/5000 | Episode reward:  1005.11 | Episode steps: 2500 | Average reward:   999.51 | Step Count: 391124 | Episode Q0:    48.45
Episode: 315/5000 | Episode reward:  1244.13 | Episode steps: 2500 | Average reward:  1041.08 | Step Count: 393624 | Episode Q0:    48.45
Episode: 316/5000 | Episode reward:  1407.46 | Episode steps: 2500 | Average reward:  1084.65 | Step Count: 396124 | Episode Q0:    48.45
Episode: 317/5000 | Episode reward:  1451.66 | Episode steps: 2500 | Average reward:  1136.83 | Step Count: 398624 | Episode Q0:    48.45
Episode: 318/5000 | Episode reward:  1085.13 | Episode steps: 2500 | Average reward:  1147.56 | Step Count: 401124 | Episode Q0:    48.45
Episode: 319/5000 | Episode reward:   983.42 | Episode steps: 2500 | Average reward:  1154.49 | Step Count: 403624 | Episode Q0:    48.45
Episode: 320/5000 | Episode reward:   282.04 | Episode steps:  552 | Average reward:  1064.66 | Step Count: 404176 | Episode Q0:    48.45
Episode: 321/5000 | Episode reward:   895.92 | Episode steps: 2500 | Average reward:  1057.88 | Step Count: 406676 | Episode Q0:    48.45
Episode: 322/5000 | Episode reward:  1054.11 | Episode steps: 2500 | Average reward:  1078.56 | Step Count: 409176 | Episode Q0:    48.45
Episode: 323/5000 | Episode reward:   929.71 | Episode steps: 2500 | Average reward:  1033.87 | Step Count: 411676 | Episode Q0:    48.45
Episode: 324/5000 | Episode reward:  1466.22 | Episode steps: 2500 | Average reward:  1079.98 | Step Count: 414176 | Episode Q0:    48.45
Episode: 325/5000 | Episode reward:  1115.43 | Episode steps: 2500 | Average reward:  1067.11 | Step Count: 416676 | Episode Q0:    48.45
Episode: 326/5000 | Episode reward:  1085.81 | Episode steps: 2500 | Average reward:  1034.94 | Step Count: 419176 | Episode Q0:    48.45
Episode: 327/5000 | Episode reward:   955.16 | Episode steps: 2500 | Average reward:   985.30 | Step Count: 421676 | Episode Q0:    48.45
Episode: 328/5000 | Episode reward:  1377.97 | Episode steps: 2500 | Average reward:  1014.58 | Step Count: 424176 | Episode Q0:    48.45
Episode: 329/5000 | Episode reward:   971.65 | Episode steps: 2500 | Average reward:  1013.40 | Step Count: 426676 | Episode Q0:    48.45
Episode: 330/5000 | Episode reward:  1429.68 | Episode steps: 2500 | Average reward:  1128.17 | Step Count: 429176 | Episode Q0:    48.45
Episode: 331/5000 | Episode reward:   941.26 | Episode steps: 2500 | Average reward:  1132.70 | Step Count: 431676 | Episode Q0:    48.45
Episode: 332/5000 | Episode reward:  1522.18 | Episode steps: 2500 | Average reward:  1179.51 | Step Count: 434176 | Episode Q0:    48.45
Episode: 333/5000 | Episode reward:   784.52 | Episode steps: 2500 | Average reward:  1164.99 | Step Count: 436676 | Episode Q0:    48.45
Episode: 334/5000 | Episode reward:  1069.08 | Episode steps: 2500 | Average reward:  1125.27 | Step Count: 439176 | Episode Q0:    48.45
Episode: 335/5000 | Episode reward:  1393.89 | Episode steps: 2500 | Average reward:  1153.12 | Step Count: 441676 | Episode Q0:    48.45
Episode: 336/5000 | Episode reward:   995.04 | Episode steps: 2500 | Average reward:  1144.04 | Step Count: 444176 | Episode Q0:    48.45
Episode: 337/5000 | Episode reward:   852.97 | Episode steps: 2500 | Average reward:  1133.82 | Step Count: 446676 | Episode Q0:    48.53
Episode: 338/5000 | Episode reward:  1331.66 | Episode steps: 2500 | Average reward:  1129.19 | Step Count: 449176 | Episode Q0:    48.53
Episode: 339/5000 | Episode reward:  1499.65 | Episode steps: 2500 | Average reward:  1181.99 | Step Count: 451676 | Episode Q0:    48.53
Episode: 340/5000 | Episode reward:   943.15 | Episode steps: 2500 | Average reward:  1133.34 | Step Count: 454176 | Episode Q0:    48.53
Episode: 341/5000 | Episode reward:  1455.95 | Episode steps: 2500 | Average reward:  1184.81 | Step Count: 456676 | Episode Q0:    48.53
Episode: 342/5000 | Episode reward:   850.28 | Episode steps: 2500 | Average reward:  1117.62 | Step Count: 459176 | Episode Q0:    48.53
Episode: 343/5000 | Episode reward:   626.44 | Episode steps: 2500 | Average reward:  1101.81 | Step Count: 461676 | Episode Q0:    48.53
Episode: 344/5000 | Episode reward:  1695.49 | Episode steps: 2500 | Average reward:  1164.45 | Step Count: 464176 | Episode Q0:    48.53
Episode: 345/5000 | Episode reward:   721.32 | Episode steps: 2500 | Average reward:  1097.20 | Step Count: 466676 | Episode Q0:    48.53
Episode: 346/5000 | Episode reward:   940.17 | Episode steps: 2500 | Average reward:  1091.71 | Step Count: 469176 | Episode Q0:    48.53
Episode: 347/5000 | Episode reward:   801.28 | Episode steps: 2500 | Average reward:  1086.54 | Step Count: 471676 | Episode Q0:    48.53
Episode: 348/5000 | Episode reward:  1105.62 | Episode steps: 2500 | Average reward:  1063.94 | Step Count: 474176 | Episode Q0:    48.53
Episode: 349/5000 | Episode reward:  1145.54 | Episode steps: 2500 | Average reward:  1028.52 | Step Count: 476676 | Episode Q0:    48.53
Episode: 350/5000 | Episode reward:   802.54 | Episode steps: 2500 | Average reward:  1014.46 | Step Count: 479176 | Episode Q0:    48.53
Episode: 351/5000 | Episode reward:   911.46 | Episode steps: 2500 | Average reward:   960.01 | Step Count: 481676 | Episode Q0:    48.53
Episode: 352/5000 | Episode reward:   638.12 | Episode steps: 2500 | Average reward:   938.80 | Step Count: 484176 | Episode Q0:    46.45
Episode: 353/5000 | Episode reward:  1351.46 | Episode steps: 2500 | Average reward:  1011.30 | Step Count: 486676 | Episode Q0:    46.45
Episode: 354/5000 | Episode reward:  1462.53 | Episode steps: 2500 | Average reward:   988.00 | Step Count: 489176 | Episode Q0:    46.45
Episode: 355/5000 | Episode reward:  1360.94 | Episode steps: 2500 | Average reward:  1051.97 | Step Count: 491676 | Episode Q0:    46.45
Episode: 356/5000 | Episode reward:   808.66 | Episode steps: 2500 | Average reward:  1038.81 | Step Count: 494176 | Episode Q0:    46.45
Episode: 357/5000 | Episode reward:   883.06 | Episode steps: 2500 | Average reward:  1046.99 | Step Count: 496676 | Episode Q0:    46.45
Episode: 358/5000 | Episode reward:  1301.15 | Episode steps: 2500 | Average reward:  1066.55 | Step Count: 499176 | Episode Q0:    46.45
Episode: 359/5000 | Episode reward:  1515.02 | Episode steps: 2500 | Average reward:  1103.49 | Step Count: 501676 | Episode Q0:    46.45
Episode: 360/5000 | Episode reward:   964.17 | Episode steps: 2500 | Average reward:  1119.66 | Step Count: 504176 | Episode Q0:    46.45
Episode: 361/5000 | Episode reward:  1203.62 | Episode steps: 2500 | Average reward:  1148.87 | Step Count: 506676 | Episode Q0:    46.45
Episode: 362/5000 | Episode reward:   687.24 | Episode steps: 2500 | Average reward:  1153.78 | Step Count: 509176 | Episode Q0:    46.45
Episode: 363/5000 | Episode reward:  1422.94 | Episode steps: 2500 | Average reward:  1160.93 | Step Count: 511676 | Episode Q0:    46.45
Episode: 364/5000 | Episode reward:  1441.71 | Episode steps: 2500 | Average reward:  1158.85 | Step Count: 514176 | Episode Q0:    46.45
Episode: 365/5000 | Episode reward:   660.39 | Episode steps: 2500 | Average reward:  1088.80 | Step Count: 516676 | Episode Q0:    46.45
Episode: 366/5000 | Episode reward:   969.33 | Episode steps: 2500 | Average reward:  1104.86 | Step Count: 519176 | Episode Q0:    46.45
Episode: 367/5000 | Episode reward:   624.28 | Episode steps: 2500 | Average reward:  1078.99 | Step Count: 521676 | Episode Q0:    46.45
Episode: 368/5000 | Episode reward:   902.80 | Episode steps: 2500 | Average reward:  1039.15 | Step Count: 524176 | Episode Q0:    46.45
Episode: 369/5000 | Episode reward:   900.43 | Episode steps: 2500 | Average reward:   977.69 | Step Count: 526676 | Episode Q0:    46.45
Episode: 370/5000 | Episode reward:   790.86 | Episode steps: 2500 | Average reward:   960.36 | Step Count: 529176 | Episode Q0:    46.45
Episode: 371/5000 | Episode reward:   921.11 | Episode steps: 2500 | Average reward:   932.11 | Step Count: 531676 | Episode Q0:    46.45
Episode: 372/5000 | Episode reward:   891.62 | Episode steps: 2500 | Average reward:   952.55 | Step Count: 534176 | Episode Q0:    46.45
Episode: 373/5000 | Episode reward:   730.31 | Episode steps: 2500 | Average reward:   883.28 | Step Count: 536676 | Episode Q0:    46.45
Episode: 374/5000 | Episode reward:   393.94 | Episode steps: 2500 | Average reward:   778.51 | Step Count: 539176 | Episode Q0:    46.45
Episode: 375/5000 | Episode reward:   963.03 | Episode steps: 2500 | Average reward:   808.77 | Step Count: 541676 | Episode Q0:    46.45
Episode: 376/5000 | Episode reward:  1502.69 | Episode steps: 2500 | Average reward:   862.11 | Step Count: 544176 | Episode Q0:    46.45
Episode: 377/5000 | Episode reward:   987.15 | Episode steps: 2500 | Average reward:   898.39 | Step Count: 546676 | Episode Q0:    46.45
Episode: 378/5000 | Episode reward:   761.49 | Episode steps: 2500 | Average reward:   884.26 | Step Count: 549176 | Episode Q0:    46.45
Episode: 379/5000 | Episode reward:  1430.58 | Episode steps: 2500 | Average reward:   937.28 | Step Count: 551676 | Episode Q0:    46.45
Episode: 380/5000 | Episode reward:  1534.96 | Episode steps: 2500 | Average reward:  1011.69 | Step Count: 554176 | Episode Q0:    46.45
Episode: 381/5000 | Episode reward:  1222.12 | Episode steps: 2500 | Average reward:  1041.79 | Step Count: 556676 | Episode Q0:    46.47
Episode: 382/5000 | Episode reward:   961.41 | Episode steps: 2500 | Average reward:  1048.77 | Step Count: 559176 | Episode Q0:    46.47
Episode: 383/5000 | Episode reward:  1125.08 | Episode steps: 2500 | Average reward:  1088.25 | Step Count: 561676 | Episode Q0:    46.47
Episode: 384/5000 | Episode reward:  1335.40 | Episode steps: 2500 | Average reward:  1182.39 | Step Count: 564176 | Episode Q0:    46.47
Episode: 385/5000 | Episode reward:  1235.37 | Episode steps: 2500 | Average reward:  1209.63 | Step Count: 566676 | Episode Q0:    46.47
Episode: 386/5000 | Episode reward:   883.75 | Episode steps: 2500 | Average reward:  1147.73 | Step Count: 569176 | Episode Q0:    46.47
Episode: 387/5000 | Episode reward:  1188.50 | Episode steps: 2500 | Average reward:  1167.87 | Step Count: 571676 | Episode Q0:    46.47
Episode: 388/5000 | Episode reward:   999.69 | Episode steps: 2500 | Average reward:  1191.69 | Step Count: 574176 | Episode Q0:    46.47
Episode: 389/5000 | Episode reward:  1199.93 | Episode steps: 2500 | Average reward:  1168.62 | Step Count: 576676 | Episode Q0:    46.47
Episode: 390/5000 | Episode reward:   966.65 | Episode steps: 2500 | Average reward:  1111.79 | Step Count: 579176 | Episode Q0:    46.47
Episode: 391/5000 | Episode reward:  1263.02 | Episode steps: 2500 | Average reward:  1115.88 | Step Count: 581676 | Episode Q0:    46.47
Episode: 392/5000 | Episode reward:   954.98 | Episode steps: 2500 | Average reward:  1115.24 | Step Count: 584176 | Episode Q0:    46.47
Episode: 393/5000 | Episode reward:  1026.94 | Episode steps: 2500 | Average reward:  1105.42 | Step Count: 586676 | Episode Q0:    46.47
Episode: 394/5000 | Episode reward:  1029.45 | Episode steps: 2500 | Average reward:  1074.83 | Step Count: 589176 | Episode Q0:    46.47
Episode: 395/5000 | Episode reward:  1224.92 | Episode steps: 2500 | Average reward:  1073.78 | Step Count: 591676 | Episode Q0:    46.47
Episode: 396/5000 | Episode reward:   216.29 | Episode steps: 2500 | Average reward:  1007.04 | Step Count: 594176 | Episode Q0:    46.39
Episode: 397/5000 | Episode reward:   958.78 | Episode steps: 2500 | Average reward:   984.07 | Step Count: 596676 | Episode Q0:    46.39
Episode: 398/5000 | Episode reward:   654.17 | Episode steps: 2500 | Average reward:   949.51 | Step Count: 599176 | Episode Q0:    46.39
Episode: 399/5000 | Episode reward:  1371.49 | Episode steps: 2500 | Average reward:   966.67 | Step Count: 601676 | Episode Q0:    46.39
Episode: 400/5000 | Episode reward:   980.29 | Episode steps: 2500 | Average reward:   968.03 | Step Count: 604176 | Episode Q0:    46.39
Episode: 401/5000 | Episode reward:   406.64 | Episode steps: 2500 | Average reward:   882.39 | Step Count: 606676 | Episode Q0:    46.39
Episode: 402/5000 | Episode reward:   695.24 | Episode steps: 2500 | Average reward:   856.42 | Step Count: 609176 | Episode Q0:    46.39
Episode: 403/5000 | Episode reward:   719.27 | Episode steps: 2500 | Average reward:   825.65 | Step Count: 611676 | Episode Q0:    46.39
Episode: 404/5000 | Episode reward:   550.43 | Episode steps: 2500 | Average reward:   777.75 | Step Count: 614176 | Episode Q0:    46.39
Episode: 405/5000 | Episode reward:  1117.56 | Episode steps: 2500 | Average reward:   767.02 | Step Count: 616676 | Episode Q0:    46.39
Episode: 406/5000 | Episode reward:  1200.73 | Episode steps: 2500 | Average reward:   865.46 | Step Count: 619176 | Episode Q0:    46.39
Episode: 407/5000 | Episode reward:  1301.10 | Episode steps: 2500 | Average reward:   899.69 | Step Count: 621676 | Episode Q0:    46.39
Episode: 408/5000 | Episode reward:   475.30 | Episode steps: 2500 | Average reward:   881.80 | Step Count: 624176 | Episode Q0:    46.39
Episode: 409/5000 | Episode reward:   428.11 | Episode steps: 2500 | Average reward:   787.47 | Step Count: 626676 | Episode Q0:    46.39
Episode: 410/5000 | Episode reward:  1191.82 | Episode steps: 2500 | Average reward:   808.62 | Step Count: 629176 | Episode Q0:    46.39
Episode: 411/5000 | Episode reward:  1195.97 | Episode steps: 2500 | Average reward:   887.55 | Step Count: 631676 | Episode Q0:    46.39
Episode: 412/5000 | Episode reward:  1215.52 | Episode steps: 2500 | Average reward:   939.58 | Step Count: 634176 | Episode Q0:    46.39
Episode: 413/5000 | Episode reward:  1212.54 | Episode steps: 2500 | Average reward:   988.91 | Step Count: 636676 | Episode Q0:    46.39
Episode: 414/5000 | Episode reward:   232.25 | Episode steps: 2500 | Average reward:   957.09 | Step Count: 639176 | Episode Q0:    46.39
Episode: 415/5000 | Episode reward:  1135.60 | Episode steps: 2500 | Average reward:   958.89 | Step Count: 641676 | Episode Q0:    46.39
Episode: 416/5000 | Episode reward:   987.49 | Episode steps: 2500 | Average reward:   937.57 | Step Count: 644176 | Episode Q0:    46.39
Episode: 417/5000 | Episode reward:   968.74 | Episode steps: 2500 | Average reward:   904.33 | Step Count: 646676 | Episode Q0:    46.39
Episode: 418/5000 | Episode reward:  1063.47 | Episode steps: 2500 | Average reward:   963.15 | Step Count: 649176 | Episode Q0:    46.39
Episode: 419/5000 | Episode reward:  1177.79 | Episode steps: 2500 | Average reward:  1038.12 | Step Count: 651676 | Episode Q0:    46.39
Episode: 420/5000 | Episode reward:  1113.15 | Episode steps: 2500 | Average reward:  1030.25 | Step Count: 654176 | Episode Q0:    46.39
Episode: 421/5000 | Episode reward:   236.44 | Episode steps: 2500 | Average reward:   934.30 | Step Count: 656676 | Episode Q0:    46.39
Episode: 422/5000 | Episode reward:  1219.60 | Episode steps: 2500 | Average reward:   934.71 | Step Count: 659176 | Episode Q0:    46.39
Episode: 423/5000 | Episode reward:   853.63 | Episode steps: 2500 | Average reward:   898.82 | Step Count: 661676 | Episode Q0:    46.39
Episode: 424/5000 | Episode reward:  1190.90 | Episode steps: 2500 | Average reward:   994.68 | Step Count: 664176 | Episode Q0:    46.39
Episode: 425/5000 | Episode reward:   209.19 | Episode steps: 2500 | Average reward:   902.04 | Step Count: 666676 | Episode Q0:    45.26
Episode: 426/5000 | Episode reward:   729.29 | Episode steps: 2500 | Average reward:   876.22 | Step Count: 669176 | Episode Q0:    45.26
Episode: 427/5000 | Episode reward:  1360.88 | Episode steps: 2500 | Average reward:   915.43 | Step Count: 671676 | Episode Q0:    45.26
Episode: 428/5000 | Episode reward:   926.29 | Episode steps: 2500 | Average reward:   901.72 | Step Count: 674176 | Episode Q0:    45.26
Episode: 429/5000 | Episode reward:  1000.83 | Episode steps: 2500 | Average reward:   884.02 | Step Count: 676676 | Episode Q0:    45.26
Episode: 430/5000 | Episode reward:  1374.68 | Episode steps: 2500 | Average reward:   910.17 | Step Count: 679176 | Episode Q0:    45.26
Episode: 431/5000 | Episode reward:  1026.66 | Episode steps: 2500 | Average reward:   989.20 | Step Count: 681676 | Episode Q0:    45.26
Episode: 432/5000 | Episode reward:   881.07 | Episode steps: 2500 | Average reward:   955.34 | Step Count: 684176 | Episode Q0:    45.26
Episode: 433/5000 | Episode reward:  1178.30 | Episode steps: 2500 | Average reward:   987.81 | Step Count: 686676 | Episode Q0:    45.26
Episode: 434/5000 | Episode reward:   289.71 | Episode steps: 2500 | Average reward:   897.69 | Step Count: 689176 | Episode Q0:    45.26
Episode: 435/5000 | Episode reward:  1090.02 | Episode steps: 2500 | Average reward:   985.77 | Step Count: 691676 | Episode Q0:    45.26
Episode: 436/5000 | Episode reward:  1270.88 | Episode steps: 2500 | Average reward:  1039.93 | Step Count: 694176 | Episode Q0:    45.26
Episode: 437/5000 | Episode reward:  1237.08 | Episode steps: 2500 | Average reward:  1027.55 | Step Count: 696676 | Episode Q0:    45.26
Episode: 438/5000 | Episode reward:  1118.44 | Episode steps: 2500 | Average reward:  1046.77 | Step Count: 699176 | Episode Q0:    45.26
Episode: 439/5000 | Episode reward:  1269.61 | Episode steps: 2500 | Average reward:  1073.64 | Step Count: 701676 | Episode Q0:    45.26
Episode: 440/5000 | Episode reward:   233.15 | Episode steps:  454 | Average reward:   959.49 | Step Count: 702130 | Episode Q0:    45.26
Episode: 441/5000 | Episode reward:   135.22 | Episode steps: 2500 | Average reward:   870.35 | Step Count: 704630 | Episode Q0:    46.02
Episode: 442/5000 | Episode reward:   584.93 | Episode steps: 2500 | Average reward:   840.73 | Step Count: 707130 | Episode Q0:    46.02
Episode: 443/5000 | Episode reward:   968.41 | Episode steps: 2500 | Average reward:   819.74 | Step Count: 709630 | Episode Q0:    46.02
Episode: 444/5000 | Episode reward:  1427.58 | Episode steps: 2500 | Average reward:   933.53 | Step Count: 712130 | Episode Q0:    46.02
Episode: 445/5000 | Episode reward:  1181.12 | Episode steps: 2500 | Average reward:   942.64 | Step Count: 714630 | Episode Q0:    46.02
Episode: 446/5000 | Episode reward:  1207.57 | Episode steps: 2500 | Average reward:   936.31 | Step Count: 717130 | Episode Q0:    46.02
Episode: 447/5000 | Episode reward:   343.19 | Episode steps: 2500 | Average reward:   846.92 | Step Count: 719630 | Episode Q0:    46.02
Episode: 448/5000 | Episode reward:    18.78 | Episode steps: 2500 | Average reward:   736.95 | Step Count: 722130 | Episode Q0:    46.02
Episode: 449/5000 | Episode reward:   362.70 | Episode steps: 2500 | Average reward:   646.26 | Step Count: 724630 | Episode Q0:    46.02
Episode: 450/5000 | Episode reward:   147.85 | Episode steps: 2500 | Average reward:   637.73 | Step Count: 727130 | Episode Q0:    46.02
Episode: 451/5000 | Episode reward:    56.43 | Episode steps: 2500 | Average reward:   629.85 | Step Count: 729630 | Episode Q0:    46.02
Episode: 452/5000 | Episode reward:   308.44 | Episode steps: 2500 | Average reward:   602.21 | Step Count: 732130 | Episode Q0:    46.02
Episode: 453/5000 | Episode reward:   245.81 | Episode steps: 2500 | Average reward:   529.95 | Step Count: 734630 | Episode Q0:    46.02
Episode: 454/5000 | Episode reward:  1392.51 | Episode steps: 2500 | Average reward:   526.44 | Step Count: 737130 | Episode Q0:    46.02
Episode: 455/5000 | Episode reward:   223.46 | Episode steps: 2500 | Average reward:   430.67 | Step Count: 739630 | Episode Q0:    46.02
Episode: 456/5000 | Episode reward:   415.35 | Episode steps: 2500 | Average reward:   351.45 | Step Count: 742130 | Episode Q0:    46.02
Episode: 457/5000 | Episode reward:  1112.78 | Episode steps: 2500 | Average reward:   428.41 | Step Count: 744630 | Episode Q0:    46.02
Episode: 458/5000 | Episode reward:   273.67 | Episode steps: 2500 | Average reward:   453.90 | Step Count: 747130 | Episode Q0:    46.02
Episode: 459/5000 | Episode reward:   442.15 | Episode steps: 2500 | Average reward:   461.85 | Step Count: 749630 | Episode Q0:    46.02
Episode: 460/5000 | Episode reward:  1133.15 | Episode steps: 2500 | Average reward:   560.38 | Step Count: 752130 | Episode Q0:    46.02
Episode: 461/5000 | Episode reward:   208.11 | Episode steps: 2500 | Average reward:   575.54 | Step Count: 754630 | Episode Q0:    46.02
Episode: 462/5000 | Episode reward:   812.38 | Episode steps: 2500 | Average reward:   625.94 | Step Count: 757130 | Episode Q0:    46.02
Episode: 463/5000 | Episode reward:    56.38 | Episode steps: 2500 | Average reward:   606.99 | Step Count: 759630 | Episode Q0:    46.02
Episode: 464/5000 | Episode reward:  1022.57 | Episode steps: 1901 | Average reward:   570.00 | Step Count: 761531 | Episode Q0:    46.02
Episode: 465/5000 | Episode reward:  1014.78 | Episode steps: 2500 | Average reward:   649.13 | Step Count: 764031 | Episode Q0:    46.02
Episode: 466/5000 | Episode reward:  1426.51 | Episode steps: 2500 | Average reward:   750.25 | Step Count: 766531 | Episode Q0:    46.02
Episode: 467/5000 | Episode reward:  1149.49 | Episode steps: 2500 | Average reward:   753.92 | Step Count: 769031 | Episode Q0:    46.02
Episode: 468/5000 | Episode reward:  1101.11 | Episode steps: 2500 | Average reward:   836.66 | Step Count: 771531 | Episode Q0:    46.02
Episode: 469/5000 | Episode reward:   248.02 | Episode steps: 2500 | Average reward:   817.25 | Step Count: 774031 | Episode Q0:    42.37
Episode: 470/5000 | Episode reward:   731.59 | Episode steps: 2500 | Average reward:   777.09 | Step Count: 776531 | Episode Q0:    42.37
Episode: 471/5000 | Episode reward:   157.51 | Episode steps:  934 | Average reward:   772.03 | Step Count: 777465 | Episode Q0:    42.37
Episode: 472/5000 | Episode reward:   222.32 | Episode steps: 2500 | Average reward:   713.03 | Step Count: 779965 | Episode Q0:    42.37
Episode: 473/5000 | Episode reward:  1322.52 | Episode steps: 2500 | Average reward:   839.64 | Step Count: 782465 | Episode Q0:    42.37
Episode: 474/5000 | Episode reward:   -60.27 | Episode steps: 2500 | Average reward:   731.36 | Step Count: 784965 | Episode Q0:    42.37
Episode: 475/5000 | Episode reward:   716.22 | Episode steps: 2500 | Average reward:   701.50 | Step Count: 787465 | Episode Q0:    42.37
Episode: 476/5000 | Episode reward:   670.93 | Episode steps: 2500 | Average reward:   625.95 | Step Count: 789965 | Episode Q0:    42.37
Episode: 477/5000 | Episode reward:   396.19 | Episode steps: 2500 | Average reward:   550.62 | Step Count: 792465 | Episode Q0:    42.37
Episode: 478/5000 | Episode reward:   418.94 | Episode steps: 2500 | Average reward:   482.40 | Step Count: 794965 | Episode Q0:    42.37
Episode: 479/5000 | Episode reward:   490.97 | Episode steps: 2500 | Average reward:   506.69 | Step Count: 797465 | Episode Q0:    42.37
Episode: 480/5000 | Episode reward:   802.87 | Episode steps: 2500 | Average reward:   513.82 | Step Count: 799965 | Episode Q0:    42.37
Episode: 481/5000 | Episode reward:   547.05 | Episode steps: 2500 | Average reward:   552.78 | Step Count: 802465 | Episode Q0:    42.37
Episode: 482/5000 | Episode reward:   783.30 | Episode steps: 2500 | Average reward:   608.87 | Step Count: 804965 | Episode Q0:    42.37
Episode: 483/5000 | Episode reward:   609.08 | Episode steps: 2500 | Average reward:   537.53 | Step Count: 807465 | Episode Q0:    42.37
Episode: 484/5000 | Episode reward:   508.01 | Episode steps: 2500 | Average reward:   594.36 | Step Count: 809965 | Episode Q0:    42.37
Episode: 485/5000 | Episode reward:  1217.29 | Episode steps: 2500 | Average reward:   644.46 | Step Count: 812465 | Episode Q0:    40.78
Episode: 486/5000 | Episode reward:  1213.25 | Episode steps: 2500 | Average reward:   698.70 | Step Count: 814965 | Episode Q0:    40.78
Episode: 487/5000 | Episode reward:  1036.91 | Episode steps: 2500 | Average reward:   762.77 | Step Count: 817465 | Episode Q0:    40.78
Episode: 488/5000 | Episode reward:  1406.90 | Episode steps: 2500 | Average reward:   861.56 | Step Count: 819965 | Episode Q0:    40.78
Episode: 489/5000 | Episode reward:   729.61 | Episode steps: 2500 | Average reward:   885.43 | Step Count: 822465 | Episode Q0:    40.78
Episode: 490/5000 | Episode reward:  1026.22 | Episode steps: 2500 | Average reward:   907.76 | Step Count: 824965 | Episode Q0:    40.78
Episode: 491/5000 | Episode reward:  1226.14 | Episode steps: 2500 | Average reward:   975.67 | Step Count: 827465 | Episode Q0:    40.78
Episode: 492/5000 | Episode reward:   416.19 | Episode steps: 2500 | Average reward:   938.96 | Step Count: 829965 | Episode Q0:    40.78
Episode: 493/5000 | Episode reward:   483.35 | Episode steps: 2500 | Average reward:   926.39 | Step Count: 832465 | Episode Q0:    40.78
Episode: 494/5000 | Episode reward:  1208.32 | Episode steps: 2500 | Average reward:   996.42 | Step Count: 834965 | Episode Q0:    40.78
Episode: 495/5000 | Episode reward:  1163.61 | Episode steps: 2500 | Average reward:   991.05 | Step Count: 837465 | Episode Q0:    40.78
Episode: 496/5000 | Episode reward:  1279.70 | Episode steps: 2500 | Average reward:   997.70 | Step Count: 839965 | Episode Q0:    40.78
Episode: 497/5000 | Episode reward:  1210.33 | Episode steps: 2500 | Average reward:  1015.04 | Step Count: 842465 | Episode Q0:    40.78
Episode: 498/5000 | Episode reward:  1224.76 | Episode steps: 2500 | Average reward:   996.82 | Step Count: 844965 | Episode Q0:    40.78
Episode: 499/5000 | Episode reward:  1166.67 | Episode steps: 2500 | Average reward:  1040.53 | Step Count: 847465 | Episode Q0:    40.78
Episode: 500/5000 | Episode reward:  1344.06 | Episode steps: 2500 | Average reward:  1072.31 | Step Count: 849965 | Episode Q0:    40.78
Episode: 501/5000 | Episode reward:  1181.96 | Episode steps: 2500 | Average reward:  1067.90 | Step Count: 852465 | Episode Q0:    40.78
Episode: 502/5000 | Episode reward:   369.48 | Episode steps: 2500 | Average reward:  1063.22 | Step Count: 854965 | Episode Q0:    40.78
Episode: 503/5000 | Episode reward:  1275.68 | Episode steps: 2500 | Average reward:  1142.46 | Step Count: 857465 | Episode Q0:    40.78
Episode: 504/5000 | Episode reward:  1337.13 | Episode steps: 2500 | Average reward:  1155.34 | Step Count: 859965 | Episode Q0:    40.78
Episode: 505/5000 | Episode reward:   266.94 | Episode steps: 2500 | Average reward:  1065.67 | Step Count: 862465 | Episode Q0:    40.78
Episode: 506/5000 | Episode reward:  1335.65 | Episode steps: 2500 | Average reward:  1071.27 | Step Count: 864965 | Episode Q0:    40.78
Episode: 507/5000 | Episode reward:  1117.22 | Episode steps: 2500 | Average reward:  1061.95 | Step Count: 867465 | Episode Q0:    40.78
Episode: 508/5000 | Episode reward:  1120.57 | Episode steps: 2500 | Average reward:  1051.53 | Step Count: 869965 | Episode Q0:    40.78
Episode: 509/5000 | Episode reward:  1232.15 | Episode steps: 2500 | Average reward:  1058.08 | Step Count: 872465 | Episode Q0:    40.78
Episode: 510/5000 | Episode reward:   992.72 | Episode steps: 2500 | Average reward:  1022.95 | Step Count: 874965 | Episode Q0:    40.78
Episode: 511/5000 | Episode reward:   474.02 | Episode steps: 2500 | Average reward:   952.15 | Step Count: 877465 | Episode Q0:    40.78
Episode: 512/5000 | Episode reward:  1199.64 | Episode steps: 2500 | Average reward:  1035.17 | Step Count: 879965 | Episode Q0:    40.78
Episode: 513/5000 | Episode reward:   800.76 | Episode steps: 2500 | Average reward:   987.68 | Step Count: 882465 | Episode Q0:    40.28
Episode: 514/5000 | Episode reward:   836.92 | Episode steps: 2500 | Average reward:   937.66 | Step Count: 884965 | Episode Q0:    40.28
Episode: 515/5000 | Episode reward:   751.34 | Episode steps: 2500 | Average reward:   986.10 | Step Count: 887465 | Episode Q0:    40.28
Episode: 516/5000 | Episode reward:   675.68 | Episode steps: 2500 | Average reward:   920.10 | Step Count: 889965 | Episode Q0:    40.28
Episode: 517/5000 | Episode reward:   802.92 | Episode steps: 2500 | Average reward:   888.67 | Step Count: 892465 | Episode Q0:    40.28
Episode: 518/5000 | Episode reward:  1201.12 | Episode steps: 2500 | Average reward:   896.73 | Step Count: 894965 | Episode Q0:    40.28
Episode: 519/5000 | Episode reward:   826.59 | Episode steps: 2500 | Average reward:   856.17 | Step Count: 897465 | Episode Q0:    40.28
Episode: 520/5000 | Episode reward:   927.56 | Episode steps: 2500 | Average reward:   849.66 | Step Count: 899965 | Episode Q0:    40.28
Episode: 521/5000 | Episode reward:  1237.15 | Episode steps: 2500 | Average reward:   925.97 | Step Count: 902465 | Episode Q0:    40.28
Episode: 522/5000 | Episode reward:  1115.72 | Episode steps: 2500 | Average reward:   917.58 | Step Count: 904965 | Episode Q0:    40.28
Episode: 523/5000 | Episode reward:   337.56 | Episode steps: 2500 | Average reward:   871.26 | Step Count: 907465 | Episode Q0:    40.28
Episode: 524/5000 | Episode reward:  1120.77 | Episode steps: 2500 | Average reward:   899.64 | Step Count: 909965 | Episode Q0:    40.28
Episode: 525/5000 | Episode reward:   933.07 | Episode steps: 2500 | Average reward:   917.82 | Step Count: 912465 | Episode Q0:    40.28
Episode: 526/5000 | Episode reward:   966.90 | Episode steps: 2500 | Average reward:   946.94 | Step Count: 914965 | Episode Q0:    40.28
Episode: 527/5000 | Episode reward:  1060.82 | Episode steps: 2500 | Average reward:   972.73 | Step Count: 917465 | Episode Q0:    40.28
Episode: 528/5000 | Episode reward:   824.53 | Episode steps: 2500 | Average reward:   935.07 | Step Count: 919965 | Episode Q0:    40.28
Episode: 529/5000 | Episode reward:   -29.59 | Episode steps: 1663 | Average reward:   849.45 | Step Count: 921628 | Episode Q0:    40.50
Episode: 530/5000 | Episode reward:  -434.86 | Episode steps: 2500 | Average reward:   713.21 | Step Count: 924128 | Episode Q0:    40.50
Episode: 531/5000 | Episode reward:    92.91 | Episode steps: 2500 | Average reward:   598.78 | Step Count: 926628 | Episode Q0:    40.50
Episode: 532/5000 | Episode reward:  1248.80 | Episode steps: 2500 | Average reward:   612.09 | Step Count: 929128 | Episode Q0:    40.50
Episode: 533/5000 | Episode reward:   958.68 | Episode steps: 2500 | Average reward:   674.20 | Step Count: 931628 | Episode Q0:    40.50
Episode: 534/5000 | Episode reward:   878.57 | Episode steps: 2500 | Average reward:   649.98 | Step Count: 934128 | Episode Q0:    40.50
Episode: 535/5000 | Episode reward:   106.85 | Episode steps: 2500 | Average reward:   567.36 | Step Count: 936628 | Episode Q0:    40.50
Episode: 536/5000 | Episode reward:   -89.28 | Episode steps: 2500 | Average reward:   461.74 | Step Count: 939128 | Episode Q0:    40.50
Episode: 537/5000 | Episode reward:  -924.80 | Episode steps: 2500 | Average reward:   263.18 | Step Count: 941628 | Episode Q0:    40.50
Episode: 538/5000 | Episode reward:  -756.96 | Episode steps: 2500 | Average reward:   105.03 | Step Count: 944128 | Episode Q0:    40.50
Episode: 539/5000 | Episode reward:   350.01 | Episode steps: 2500 | Average reward:   142.99 | Step Count: 946628 | Episode Q0:    40.50
Episode: 540/5000 | Episode reward:   129.07 | Episode steps: 2500 | Average reward:   199.38 | Step Count: 949128 | Episode Q0:    40.50
Episode: 541/5000 | Episode reward:  -447.59 | Episode steps: 2500 | Average reward:   145.33 | Step Count: 951628 | Episode Q0:    40.50
Episode: 542/5000 | Episode reward:   452.51 | Episode steps: 2500 | Average reward:    65.71 | Step Count: 954128 | Episode Q0:    40.50
Episode: 543/5000 | Episode reward:   190.01 | Episode steps: 2500 | Average reward:   -11.16 | Step Count: 956628 | Episode Q0:    40.50
Episode: 544/5000 | Episode reward:   677.11 | Episode steps: 2500 | Average reward:   -31.31 | Step Count: 959128 | Episode Q0:    40.50
Episode: 545/5000 | Episode reward:   835.06 | Episode steps: 2500 | Average reward:    41.51 | Step Count: 961628 | Episode Q0:    40.50
Episode: 546/5000 | Episode reward:  -114.18 | Episode steps: 2500 | Average reward:    39.02 | Step Count: 964128 | Episode Q0:    40.50
Episode: 547/5000 | Episode reward:   218.07 | Episode steps: 2500 | Average reward:   153.31 | Step Count: 966628 | Episode Q0:    40.50
Episode: 548/5000 | Episode reward:  -641.55 | Episode steps: 2500 | Average reward:   164.85 | Step Count: 969128 | Episode Q0:    40.50
Episode: 549/5000 | Episode reward:   671.00 | Episode steps: 2500 | Average reward:   196.95 | Step Count: 971628 | Episode Q0:    40.50
Episode: 550/5000 | Episode reward:  -257.44 | Episode steps: 2500 | Average reward:   158.30 | Step Count: 974128 | Episode Q0:    40.50
Episode: 551/5000 | Episode reward:  -296.88 | Episode steps: 1806 | Average reward:   173.37 | Step Count: 975934 | Episode Q0:    40.50
Episode: 552/5000 | Episode reward:   549.79 | Episode steps: 2500 | Average reward:   183.10 | Step Count: 978434 | Episode Q0:    40.50
Episode: 553/5000 | Episode reward: -1071.64 | Episode steps: 2405 | Average reward:    56.93 | Step Count: 980839 | Episode Q0:    40.50
Episode: 554/5000 | Episode reward:   805.24 | Episode steps: 2500 | Average reward:    69.75 | Step Count: 983339 | Episode Q0:    40.50
Episode: 555/5000 | Episode reward:  -370.95 | Episode steps: 2500 | Average reward:   -50.85 | Step Count: 985839 | Episode Q0:    40.50
Episode: 556/5000 | Episode reward:   180.08 | Episode steps: 2285 | Average reward:   -21.43 | Step Count: 988124 | Episode Q0:    40.50
Episode: 557/5000 | Episode reward:   834.64 | Episode steps: 2500 | Average reward:    40.23 | Step Count: 990624 | Episode Q0:    39.74
Episode: 558/5000 | Episode reward:   884.41 | Episode steps: 2500 | Average reward:   192.82 | Step Count: 993124 | Episode Q0:    39.74
Episode: 559/5000 | Episode reward:  1175.69 | Episode steps: 2500 | Average reward:   243.29 | Step Count: 995624 | Episode Q0:    39.74
Episode: 560/5000 | Episode reward:  1203.00 | Episode steps: 2500 | Average reward:   389.34 | Step Count: 998124 | Episode Q0:    39.74
Episode: 561/5000 | Episode reward:  1377.54 | Episode steps: 2500 | Average reward:   556.78 | Step Count: 1000624 | Episode Q0:    39.74
Episode: 562/5000 | Episode reward:  1321.34 | Episode steps: 2500 | Average reward:   633.93 | Step Count: 1003124 | Episode Q0:    39.74
Episode: 563/5000 | Episode reward:   186.14 | Episode steps:  873 | Average reward:   759.71 | Step Count: 1003997 | Episode Q0:    39.74
Episode: 564/5000 | Episode reward:   972.52 | Episode steps: 2500 | Average reward:   776.44 | Step Count: 1006497 | Episode Q0:    39.74
Episode: 565/5000 | Episode reward:  1179.03 | Episode steps: 2500 | Average reward:   931.44 | Step Count: 1008997 | Episode Q0:    39.74
Episode: 566/5000 | Episode reward:   181.55 | Episode steps:  751 | Average reward:   931.59 | Step Count: 1009748 | Episode Q0:    39.74
Episode: 567/5000 | Episode reward:  1115.12 | Episode steps: 2500 | Average reward:   959.63 | Step Count: 1012248 | Episode Q0:    39.74
Episode: 568/5000 | Episode reward:  1316.39 | Episode steps: 2500 | Average reward:  1002.83 | Step Count: 1014748 | Episode Q0:    39.74
Episode: 569/5000 | Episode reward:   859.80 | Episode steps: 2500 | Average reward:   971.24 | Step Count: 1017248 | Episode Q0:    39.74
Episode: 570/5000 | Episode reward:    93.40 | Episode steps:  458 | Average reward:   860.28 | Step Count: 1017706 | Episode Q0:    39.74
Episode: 571/5000 | Episode reward:   187.55 | Episode steps:  688 | Average reward:   741.28 | Step Count: 1018394 | Episode Q0:    39.74
Episode: 572/5000 | Episode reward:   998.96 | Episode steps: 2500 | Average reward:   709.05 | Step Count: 1020894 | Episode Q0:    39.74
Episode: 573/5000 | Episode reward:   499.77 | Episode steps: 2500 | Average reward:   740.41 | Step Count: 1023394 | Episode Q0:    39.72
Episode: 574/5000 | Episode reward:  1029.04 | Episode steps: 2500 | Average reward:   746.06 | Step Count: 1025894 | Episode Q0:    39.72
Episode: 575/5000 | Episode reward:   955.82 | Episode steps: 2500 | Average reward:   723.74 | Step Count: 1028394 | Episode Q0:    39.72
Episode: 576/5000 | Episode reward:  1023.96 | Episode steps: 2500 | Average reward:   807.98 | Step Count: 1030894 | Episode Q0:    39.72
Episode: 577/5000 | Episode reward:   978.22 | Episode steps: 2500 | Average reward:   794.29 | Step Count: 1033394 | Episode Q0:    39.72
Episode: 578/5000 | Episode reward:  1125.59 | Episode steps: 2500 | Average reward:   775.21 | Step Count: 1035894 | Episode Q0:    39.72
Episode: 579/5000 | Episode reward:  1244.05 | Episode steps: 2500 | Average reward:   813.63 | Step Count: 1038394 | Episode Q0:    39.72
Episode: 580/5000 | Episode reward:  1023.16 | Episode steps: 2500 | Average reward:   906.61 | Step Count: 1040894 | Episode Q0:    39.72
Episode: 581/5000 | Episode reward:  1203.40 | Episode steps: 2500 | Average reward:  1008.20 | Step Count: 1043394 | Episode Q0:    39.72
Episode: 582/5000 | Episode reward:   973.05 | Episode steps: 2500 | Average reward:  1005.60 | Step Count: 1045894 | Episode Q0:    39.72
Episode: 583/5000 | Episode reward:   976.01 | Episode steps: 1878 | Average reward:  1053.23 | Step Count: 1047772 | Episode Q0:    39.72
Episode: 584/5000 | Episode reward:  1046.06 | Episode steps: 2500 | Average reward:  1054.93 | Step Count: 1050272 | Episode Q0:    39.72
Episode: 585/5000 | Episode reward:  1229.34 | Episode steps: 2500 | Average reward:  1082.28 | Step Count: 1052772 | Episode Q0:    39.72
Episode: 586/5000 | Episode reward:   354.26 | Episode steps: 2500 | Average reward:  1015.31 | Step Count: 1055272 | Episode Q0:    39.72
Episode: 587/5000 | Episode reward:   958.74 | Episode steps: 2500 | Average reward:  1013.37 | Step Count: 1057772 | Episode Q0:    39.72
Episode: 588/5000 | Episode reward:   546.51 | Episode steps: 2500 | Average reward:   955.46 | Step Count: 1060272 | Episode Q0:    39.72
Episode: 589/5000 | Episode reward:  1001.67 | Episode steps: 2500 | Average reward:   931.22 | Step Count: 1062772 | Episode Q0:    39.72
Episode: 590/5000 | Episode reward:  1001.92 | Episode steps: 2500 | Average reward:   929.10 | Step Count: 1065272 | Episode Q0:    39.72
Episode: 591/5000 | Episode reward:  1001.95 | Episode steps: 2500 | Average reward:   908.95 | Step Count: 1067772 | Episode Q0:    39.72
Episode: 592/5000 | Episode reward:  1340.00 | Episode steps: 2500 | Average reward:   945.65 | Step Count: 1070272 | Episode Q0:    39.72
Episode: 593/5000 | Episode reward:  1047.49 | Episode steps: 2500 | Average reward:   952.80 | Step Count: 1072772 | Episode Q0:    39.72
Episode: 594/5000 | Episode reward:  1036.82 | Episode steps: 2500 | Average reward:   951.87 | Step Count: 1075272 | Episode Q0:    39.72
Episode: 595/5000 | Episode reward:  1086.07 | Episode steps: 2500 | Average reward:   937.54 | Step Count: 1077772 | Episode Q0:    39.72
Episode: 596/5000 | Episode reward:  1037.06 | Episode steps: 2500 | Average reward:  1005.82 | Step Count: 1080272 | Episode Q0:    39.72
Episode: 597/5000 | Episode reward:   996.10 | Episode steps: 2500 | Average reward:  1009.56 | Step Count: 1082772 | Episode Q0:    39.72
Episode: 598/5000 | Episode reward:  1088.88 | Episode steps: 2500 | Average reward:  1063.80 | Step Count: 1085272 | Episode Q0:    39.72
Episode: 599/5000 | Episode reward:  1271.86 | Episode steps: 2500 | Average reward:  1090.81 | Step Count: 1087772 | Episode Q0:    39.72
Episode: 600/5000 | Episode reward:   885.97 | Episode steps: 2500 | Average reward:  1079.22 | Step Count: 1090272 | Episode Q0:    39.72
Episode: 601/5000 | Episode reward:  1159.48 | Episode steps: 2500 | Average reward:  1094.97 | Step Count: 1092772 | Episode Q0:    39.40
Episode: 602/5000 | Episode reward:  1276.33 | Episode steps: 2459 | Average reward:  1088.61 | Step Count: 1095231 | Episode Q0:    39.40
Episode: 603/5000 | Episode reward:  1110.46 | Episode steps: 2500 | Average reward:  1094.90 | Step Count: 1097731 | Episode Q0:    39.40
Episode: 604/5000 | Episode reward:  1133.80 | Episode steps: 2500 | Average reward:  1104.60 | Step Count: 1100231 | Episode Q0:    39.40
Episode: 605/5000 | Episode reward:  1297.39 | Episode steps: 2500 | Average reward:  1125.73 | Step Count: 1102731 | Episode Q0:    39.40
Episode: 606/5000 | Episode reward:  1175.74 | Episode steps: 2500 | Average reward:  1139.60 | Step Count: 1105231 | Episode Q0:    39.40
Episode: 607/5000 | Episode reward:  1122.92 | Episode steps: 2500 | Average reward:  1152.28 | Step Count: 1107731 | Episode Q0:    39.40
Episode: 608/5000 | Episode reward:  1295.05 | Episode steps: 2500 | Average reward:  1172.90 | Step Count: 1110231 | Episode Q0:    39.40
Episode: 609/5000 | Episode reward:  1143.56 | Episode steps: 2500 | Average reward:  1160.07 | Step Count: 1112731 | Episode Q0:    39.40
Episode: 610/5000 | Episode reward:  1342.76 | Episode steps: 2500 | Average reward:  1205.75 | Step Count: 1115231 | Episode Q0:    39.40
Episode: 611/5000 | Episode reward:  1182.11 | Episode steps: 2500 | Average reward:  1208.01 | Step Count: 1117731 | Episode Q0:    39.40
Episode: 612/5000 | Episode reward:  1259.79 | Episode steps: 2500 | Average reward:  1206.36 | Step Count: 1120231 | Episode Q0:    39.40
Episode: 613/5000 | Episode reward:  1107.82 | Episode steps: 2500 | Average reward:  1206.10 | Step Count: 1122731 | Episode Q0:    39.40
Episode: 614/5000 | Episode reward:  1051.62 | Episode steps: 2500 | Average reward:  1197.88 | Step Count: 1125231 | Episode Q0:    39.40
Episode: 615/5000 | Episode reward:  1036.38 | Episode steps: 2500 | Average reward:  1171.78 | Step Count: 1127731 | Episode Q0:    39.40
Episode: 616/5000 | Episode reward:  1424.73 | Episode steps: 2500 | Average reward:  1196.68 | Step Count: 1130231 | Episode Q0:    39.40
Episode: 617/5000 | Episode reward:   164.99 | Episode steps:  523 | Average reward:  1100.88 | Step Count: 1130754 | Episode Q0:    39.40
Episode: 618/5000 | Episode reward:  1259.38 | Episode steps: 2500 | Average reward:  1097.32 | Step Count: 1133254 | Episode Q0:    38.69
Episode: 619/5000 | Episode reward:  1286.04 | Episode steps: 2500 | Average reward:  1111.56 | Step Count: 1135754 | Episode Q0:    38.69
Episode: 620/5000 | Episode reward:  1127.70 | Episode steps: 2500 | Average reward:  1090.06 | Step Count: 1138254 | Episode Q0:    38.69
Episode: 621/5000 | Episode reward:  1167.50 | Episode steps: 2500 | Average reward:  1088.60 | Step Count: 1140754 | Episode Q0:    38.69
Episode: 622/5000 | Episode reward:  1188.38 | Episode steps: 2500 | Average reward:  1081.46 | Step Count: 1143254 | Episode Q0:    38.69
Episode: 623/5000 | Episode reward:  1324.07 | Episode steps: 2500 | Average reward:  1103.08 | Step Count: 1145754 | Episode Q0:    38.69
Episode: 624/5000 | Episode reward:  1315.49 | Episode steps: 2500 | Average reward:  1129.47 | Step Count: 1148254 | Episode Q0:    38.69
Episode: 625/5000 | Episode reward:  1157.53 | Episode steps: 2500 | Average reward:  1141.58 | Step Count: 1150754 | Episode Q0:    38.69
Episode: 626/5000 | Episode reward:  1192.89 | Episode steps: 2500 | Average reward:  1118.40 | Step Count: 1153254 | Episode Q0:    38.69
Episode: 627/5000 | Episode reward:  1276.42 | Episode steps: 2500 | Average reward:  1229.54 | Step Count: 1155754 | Episode Q0:    38.69
Episode: 628/5000 | Episode reward:  1258.15 | Episode steps: 2500 | Average reward:  1229.42 | Step Count: 1158254 | Episode Q0:    38.69
Episode: 629/5000 | Episode reward:  1230.33 | Episode steps: 2500 | Average reward:  1223.85 | Step Count: 1160754 | Episode Q0:    38.69
Episode: 630/5000 | Episode reward:  1108.55 | Episode steps: 2500 | Average reward:  1221.93 | Step Count: 1163254 | Episode Q0:    38.69
Episode: 631/5000 | Episode reward:  1168.28 | Episode steps: 2500 | Average reward:  1222.01 | Step Count: 1165754 | Episode Q0:    38.69
Episode: 632/5000 | Episode reward:  1074.08 | Episode steps: 2500 | Average reward:  1210.58 | Step Count: 1168254 | Episode Q0:    38.69
Episode: 633/5000 | Episode reward:  1278.07 | Episode steps: 2500 | Average reward:  1205.98 | Step Count: 1170754 | Episode Q0:    38.69
Episode: 634/5000 | Episode reward:  1297.53 | Episode steps: 2500 | Average reward:  1204.18 | Step Count: 1173254 | Episode Q0:    38.69
Episode: 635/5000 | Episode reward:  1100.24 | Episode steps: 2500 | Average reward:  1198.45 | Step Count: 1175754 | Episode Q0:    38.69
Episode: 636/5000 | Episode reward:  1202.88 | Episode steps: 2500 | Average reward:  1199.45 | Step Count: 1178254 | Episode Q0:    38.69
Episode: 637/5000 | Episode reward:  1198.69 | Episode steps: 2500 | Average reward:  1191.68 | Step Count: 1180754 | Episode Q0:    38.69
Episode: 638/5000 | Episode reward:  1249.00 | Episode steps: 2500 | Average reward:  1190.76 | Step Count: 1183254 | Episode Q0:    38.69
Episode: 639/5000 | Episode reward:  1056.84 | Episode steps: 2417 | Average reward:  1173.41 | Step Count: 1185671 | Episode Q0:    38.69
Episode: 640/5000 | Episode reward:  1329.08 | Episode steps: 2500 | Average reward:  1195.47 | Step Count: 1188171 | Episode Q0:    38.69
Episode: 641/5000 | Episode reward:  1252.49 | Episode steps: 2500 | Average reward:  1203.89 | Step Count: 1190671 | Episode Q0:    38.69
Episode: 642/5000 | Episode reward:  1354.60 | Episode steps: 2500 | Average reward:  1231.94 | Step Count: 1193171 | Episode Q0:    38.69
Episode: 643/5000 | Episode reward:  1005.92 | Episode steps: 2500 | Average reward:  1204.73 | Step Count: 1195671 | Episode Q0:    38.69
Episode: 644/5000 | Episode reward:  1264.27 | Episode steps: 2500 | Average reward:  1201.40 | Step Count: 1198171 | Episode Q0:    38.69
Episode: 645/5000 | Episode reward:  1193.69 | Episode steps: 2500 | Average reward:  1210.75 | Step Count: 1200671 | Episode Q0:    38.21
Episode: 646/5000 | Episode reward:  1268.64 | Episode steps: 2500 | Average reward:  1217.32 | Step Count: 1203171 | Episode Q0:    38.21
Episode: 647/5000 | Episode reward:  1237.96 | Episode steps: 2500 | Average reward:  1221.25 | Step Count: 1205671 | Episode Q0:    38.21
Episode: 648/5000 | Episode reward:  1281.00 | Episode steps: 2500 | Average reward:  1224.45 | Step Count: 1208171 | Episode Q0:    38.21
Episode: 649/5000 | Episode reward:  1307.00 | Episode steps: 2500 | Average reward:  1249.46 | Step Count: 1210671 | Episode Q0:    38.21
Episode: 650/5000 | Episode reward:  1207.74 | Episode steps: 2500 | Average reward:  1237.33 | Step Count: 1213171 | Episode Q0:    38.21
Episode: 651/5000 | Episode reward:  1278.92 | Episode steps: 2500 | Average reward:  1239.97 | Step Count: 1215671 | Episode Q0:    38.21
Episode: 652/5000 | Episode reward:  1278.04 | Episode steps: 2500 | Average reward:  1232.32 | Step Count: 1218171 | Episode Q0:    38.21
Episode: 653/5000 | Episode reward:  1532.86 | Episode steps: 2500 | Average reward:  1285.01 | Step Count: 1220671 | Episode Q0:    38.21
Episode: 654/5000 | Episode reward:  1217.06 | Episode steps: 2500 | Average reward:  1280.29 | Step Count: 1223171 | Episode Q0:    38.21
Episode: 655/5000 | Episode reward:  1184.34 | Episode steps: 2500 | Average reward:  1279.36 | Step Count: 1225671 | Episode Q0:    38.21
Episode: 656/5000 | Episode reward:  1164.59 | Episode steps: 2500 | Average reward:  1268.95 | Step Count: 1228171 | Episode Q0:    38.21
Episode: 657/5000 | Episode reward:  1144.55 | Episode steps: 2500 | Average reward:  1259.61 | Step Count: 1230671 | Episode Q0:    38.21
Episode: 658/5000 | Episode reward:  1197.85 | Episode steps: 2500 | Average reward:  1251.29 | Step Count: 1233171 | Episode Q0:    38.21
Episode: 659/5000 | Episode reward:  1134.29 | Episode steps: 2500 | Average reward:  1234.02 | Step Count: 1235671 | Episode Q0:    38.21
Episode: 660/5000 | Episode reward:  1204.96 | Episode steps: 2500 | Average reward:  1233.74 | Step Count: 1238171 | Episode Q0:    38.21
Episode: 661/5000 | Episode reward:  1165.81 | Episode steps: 2500 | Average reward:  1222.43 | Step Count: 1240671 | Episode Q0:    38.21
Episode: 662/5000 | Episode reward:  1219.29 | Episode steps: 2500 | Average reward:  1216.56 | Step Count: 1243171 | Episode Q0:    39.17
Episode: 663/5000 | Episode reward:  1276.64 | Episode steps: 2500 | Average reward:  1190.94 | Step Count: 1245671 | Episode Q0:    39.17
Episode: 664/5000 | Episode reward:  1197.37 | Episode steps: 2500 | Average reward:  1188.97 | Step Count: 1248171 | Episode Q0:    39.17
Episode: 665/5000 | Episode reward:  1171.75 | Episode steps: 2500 | Average reward:  1187.71 | Step Count: 1250671 | Episode Q0:    39.17
Episode: 666/5000 | Episode reward:  1223.90 | Episode steps: 2500 | Average reward:  1193.64 | Step Count: 1253171 | Episode Q0:    39.17
Episode: 667/5000 | Episode reward:  1157.74 | Episode steps: 2500 | Average reward:  1194.96 | Step Count: 1255671 | Episode Q0:    39.17
Episode: 668/5000 | Episode reward:  1297.27 | Episode steps: 2500 | Average reward:  1204.90 | Step Count: 1258171 | Episode Q0:    39.17
Episode: 669/5000 | Episode reward:  1190.30 | Episode steps: 2500 | Average reward:  1210.50 | Step Count: 1260671 | Episode Q0:    39.17
Episode: 670/5000 | Episode reward:  1164.67 | Episode steps: 2500 | Average reward:  1206.47 | Step Count: 1263171 | Episode Q0:    39.17
Episode: 671/5000 | Episode reward:  1197.21 | Episode steps: 2500 | Average reward:  1209.61 | Step Count: 1265671 | Episode Q0:    39.17
Episode: 672/5000 | Episode reward:  1162.38 | Episode steps: 2500 | Average reward:  1203.92 | Step Count: 1268171 | Episode Q0:    39.17
Episode: 673/5000 | Episode reward:  1182.00 | Episode steps: 2500 | Average reward:  1194.46 | Step Count: 1270671 | Episode Q0:    39.17
Episode: 674/5000 | Episode reward:  1371.78 | Episode steps: 2500 | Average reward:  1211.90 | Step Count: 1273171 | Episode Q0:    39.17
Episode: 675/5000 | Episode reward:  1222.89 | Episode steps: 2500 | Average reward:  1217.02 | Step Count: 1275671 | Episode Q0:    39.17
Episode: 676/5000 | Episode reward:  1261.01 | Episode steps: 2500 | Average reward:  1220.73 | Step Count: 1278171 | Episode Q0:    39.17
Episode: 677/5000 | Episode reward:  1247.49 | Episode steps: 2500 | Average reward:  1229.70 | Step Count: 1280671 | Episode Q0:    39.17
Episode: 678/5000 | Episode reward:  1180.24 | Episode steps: 2500 | Average reward:  1218.00 | Step Count: 1283171 | Episode Q0:    39.17
Episode: 679/5000 | Episode reward:  1126.11 | Episode steps: 2500 | Average reward:  1211.58 | Step Count: 1285671 | Episode Q0:    39.17
Episode: 680/5000 | Episode reward:  1243.99 | Episode steps: 2500 | Average reward:  1219.51 | Step Count: 1288171 | Episode Q0:    39.17
Episode: 681/5000 | Episode reward:  1216.28 | Episode steps: 2500 | Average reward:  1221.42 | Step Count: 1290671 | Episode Q0:    39.17
Episode: 682/5000 | Episode reward:  1185.42 | Episode steps: 2500 | Average reward:  1223.72 | Step Count: 1293171 | Episode Q0:    39.17
Episode: 683/5000 | Episode reward:  1201.51 | Episode steps: 2500 | Average reward:  1225.67 | Step Count: 1295671 | Episode Q0:    39.17
Episode: 684/5000 | Episode reward:  1183.75 | Episode steps: 2500 | Average reward:  1206.87 | Step Count: 1298171 | Episode Q0:    39.17
Episode: 685/5000 | Episode reward:  1176.74 | Episode steps: 2500 | Average reward:  1202.25 | Step Count: 1300671 | Episode Q0:    39.17
Episode: 686/5000 | Episode reward:  1198.08 | Episode steps: 2500 | Average reward:  1195.96 | Step Count: 1303171 | Episode Q0:    39.17
Episode: 687/5000 | Episode reward:  1231.70 | Episode steps: 2500 | Average reward:  1194.38 | Step Count: 1305671 | Episode Q0:    39.17
Episode: 688/5000 | Episode reward:  1182.17 | Episode steps: 2500 | Average reward:  1194.58 | Step Count: 1308171 | Episode Q0:    39.17
Episode: 689/5000 | Episode reward:  1348.93 | Episode steps: 2500 | Average reward:  1216.86 | Step Count: 1310671 | Episode Q0:    38.31
Episode: 690/5000 | Episode reward:  1440.23 | Episode steps: 2500 | Average reward:  1236.48 | Step Count: 1313171 | Episode Q0:    38.31
Episode: 691/5000 | Episode reward:  1229.58 | Episode steps: 2500 | Average reward:  1237.81 | Step Count: 1315671 | Episode Q0:    38.31
Episode: 692/5000 | Episode reward:  1248.65 | Episode steps: 2500 | Average reward:  1244.13 | Step Count: 1318171 | Episode Q0:    38.31
Episode: 693/5000 | Episode reward:  1563.29 | Episode steps: 2500 | Average reward:  1280.31 | Step Count: 1320671 | Episode Q0:    38.31
Episode: 694/5000 | Episode reward:  1188.11 | Episode steps: 2500 | Average reward:  1280.75 | Step Count: 1323171 | Episode Q0:    38.31
Episode: 695/5000 | Episode reward:  1318.05 | Episode steps: 2500 | Average reward:  1294.88 | Step Count: 1325671 | Episode Q0:    38.31
Episode: 696/5000 | Episode reward:  1443.87 | Episode steps: 2500 | Average reward:  1319.46 | Step Count: 1328171 | Episode Q0:    38.31
Episode: 697/5000 | Episode reward:  1206.32 | Episode steps: 2500 | Average reward:  1316.92 | Step Count: 1330671 | Episode Q0:    38.31
Episode: 698/5000 | Episode reward:  1322.17 | Episode steps: 2500 | Average reward:  1330.92 | Step Count: 1333171 | Episode Q0:    38.31
Episode: 699/5000 | Episode reward:  1293.18 | Episode steps: 2500 | Average reward:  1325.35 | Step Count: 1335671 | Episode Q0:    38.31
Episode: 700/5000 | Episode reward:  1306.59 | Episode steps: 2500 | Average reward:  1311.98 | Step Count: 1338171 | Episode Q0:    38.31
Episode: 701/5000 | Episode reward:  1119.73 | Episode steps: 2500 | Average reward:  1301.00 | Step Count: 1340671 | Episode Q0:    38.31
Episode: 702/5000 | Episode reward:  1291.11 | Episode steps: 2500 | Average reward:  1305.24 | Step Count: 1343171 | Episode Q0:    38.31
Episode: 703/5000 | Episode reward:  1222.22 | Episode steps: 2500 | Average reward:  1271.14 | Step Count: 1345671 | Episode Q0:    38.31
Episode: 704/5000 | Episode reward:  1144.21 | Episode steps: 2500 | Average reward:  1266.75 | Step Count: 1348171 | Episode Q0:    38.31
Episode: 705/5000 | Episode reward:  1827.36 | Episode steps: 2500 | Average reward:  1317.68 | Step Count: 1350671 | Episode Q0:    38.31
Episode: 706/5000 | Episode reward:  1383.84 | Episode steps: 2500 | Average reward:  1311.67 | Step Count: 1353171 | Episode Q0:    38.48
Episode: 707/5000 | Episode reward:  1303.28 | Episode steps: 2500 | Average reward:  1321.37 | Step Count: 1355671 | Episode Q0:    38.48
Episode: 708/5000 | Episode reward:  1414.29 | Episode steps: 2500 | Average reward:  1330.58 | Step Count: 1358171 | Episode Q0:    38.48
Episode: 709/5000 | Episode reward:  1422.53 | Episode steps: 2500 | Average reward:  1343.52 | Step Count: 1360671 | Episode Q0:    38.48
Episode: 710/5000 | Episode reward:  1300.45 | Episode steps: 2500 | Average reward:  1342.90 | Step Count: 1363171 | Episode Q0:    38.48
Episode: 711/5000 | Episode reward:  1409.80 | Episode steps: 2500 | Average reward:  1371.91 | Step Count: 1365671 | Episode Q0:    38.48
Episode: 712/5000 | Episode reward:  1257.64 | Episode steps: 2500 | Average reward:  1368.56 | Step Count: 1368171 | Episode Q0:    38.48
Episode: 713/5000 | Episode reward:  1557.17 | Episode steps: 2500 | Average reward:  1402.06 | Step Count: 1370671 | Episode Q0:    38.48
Episode: 714/5000 | Episode reward:  1413.83 | Episode steps: 2500 | Average reward:  1429.02 | Step Count: 1373171 | Episode Q0:    38.48
Episode: 715/5000 | Episode reward:  1366.48 | Episode steps: 2500 | Average reward:  1382.93 | Step Count: 1375671 | Episode Q0:    38.48
Episode: 716/5000 | Episode reward:  1298.99 | Episode steps: 2500 | Average reward:  1374.45 | Step Count: 1378171 | Episode Q0:    38.48
Episode: 717/5000 | Episode reward:  1379.64 | Episode steps: 2500 | Average reward:  1382.08 | Step Count: 1380671 | Episode Q0:    38.48
Episode: 718/5000 | Episode reward:  1399.20 | Episode steps: 2500 | Average reward:  1380.57 | Step Count: 1383171 | Episode Q0:    38.48
Episode: 719/5000 | Episode reward:  1439.82 | Episode steps: 2500 | Average reward:  1382.30 | Step Count: 1385671 | Episode Q0:    38.48
Episode: 720/5000 | Episode reward:  1525.99 | Episode steps: 2500 | Average reward:  1404.86 | Step Count: 1388171 | Episode Q0:    38.48
Episode: 721/5000 | Episode reward:  1392.35 | Episode steps: 2500 | Average reward:  1403.11 | Step Count: 1390671 | Episode Q0:    38.48
Episode: 722/5000 | Episode reward:  1545.33 | Episode steps: 2500 | Average reward:  1431.88 | Step Count: 1393171 | Episode Q0:    38.48
Episode: 723/5000 | Episode reward:  1280.37 | Episode steps: 2500 | Average reward:  1404.20 | Step Count: 1395671 | Episode Q0:    38.48
Episode: 724/5000 | Episode reward:  1302.01 | Episode steps: 2500 | Average reward:  1393.02 | Step Count: 1398171 | Episode Q0:    38.48
Episode: 725/5000 | Episode reward:  1419.80 | Episode steps: 2500 | Average reward:  1398.35 | Step Count: 1400671 | Episode Q0:    38.48
Episode: 726/5000 | Episode reward:  1406.99 | Episode steps: 2500 | Average reward:  1409.15 | Step Count: 1403171 | Episode Q0:    38.48
Episode: 727/5000 | Episode reward:  1283.31 | Episode steps: 2500 | Average reward:  1399.52 | Step Count: 1405671 | Episode Q0:    38.48
Episode: 728/5000 | Episode reward:  1295.51 | Episode steps: 2500 | Average reward:  1389.15 | Step Count: 1408171 | Episode Q0:    38.48
Episode: 729/5000 | Episode reward:  1518.02 | Episode steps: 2500 | Average reward:  1396.97 | Step Count: 1410671 | Episode Q0:    38.48
Episode: 730/5000 | Episode reward:  1399.84 | Episode steps: 2500 | Average reward:  1384.35 | Step Count: 1413171 | Episode Q0:    38.48
Episode: 731/5000 | Episode reward:  1342.88 | Episode steps: 2500 | Average reward:  1379.40 | Step Count: 1415671 | Episode Q0:    38.48
Episode: 732/5000 | Episode reward:  1306.22 | Episode steps: 2500 | Average reward:  1355.49 | Step Count: 1418171 | Episode Q0:    38.48
Episode: 733/5000 | Episode reward:  1366.31 | Episode steps: 2500 | Average reward:  1364.09 | Step Count: 1420671 | Episode Q0:    39.13
Episode: 734/5000 | Episode reward:  1094.18 | Episode steps: 2500 | Average reward:  1343.31 | Step Count: 1423171 | Episode Q0:    39.13
Episode: 735/5000 | Episode reward:  1183.75 | Episode steps: 2500 | Average reward:  1319.70 | Step Count: 1425671 | Episode Q0:    39.13
Episode: 736/5000 | Episode reward:  1291.93 | Episode steps: 2500 | Average reward:  1308.19 | Step Count: 1428171 | Episode Q0:    39.13
Episode: 737/5000 | Episode reward:  1413.20 | Episode steps: 2500 | Average reward:  1321.18 | Step Count: 1430671 | Episode Q0:    39.13
Episode: 738/5000 | Episode reward:  1423.37 | Episode steps: 2500 | Average reward:  1333.97 | Step Count: 1433171 | Episode Q0:    39.13
Episode: 739/5000 | Episode reward:  1297.80 | Episode steps: 2500 | Average reward:  1311.95 | Step Count: 1435671 | Episode Q0:    39.13
Episode: 740/5000 | Episode reward:  1311.40 | Episode steps: 2500 | Average reward:  1303.10 | Step Count: 1438171 | Episode Q0:    39.13
Episode: 741/5000 | Episode reward:  1482.51 | Episode steps: 2500 | Average reward:  1317.07 | Step Count: 1440671 | Episode Q0:    39.13
Episode: 742/5000 | Episode reward:  1357.89 | Episode steps: 2500 | Average reward:  1322.23 | Step Count: 1443171 | Episode Q0:    39.13
Episode: 743/5000 | Episode reward:  1183.87 | Episode steps: 2500 | Average reward:  1303.99 | Step Count: 1445671 | Episode Q0:    39.13
Episode: 744/5000 | Episode reward:  1278.53 | Episode steps: 2500 | Average reward:  1322.42 | Step Count: 1448171 | Episode Q0:    39.13
Episode: 745/5000 | Episode reward:  1137.29 | Episode steps: 2500 | Average reward:  1317.78 | Step Count: 1450671 | Episode Q0:    39.13
Episode: 746/5000 | Episode reward:  1169.06 | Episode steps: 2500 | Average reward:  1305.49 | Step Count: 1453171 | Episode Q0:    39.13
Episode: 747/5000 | Episode reward:  1340.96 | Episode steps: 2500 | Average reward:  1298.27 | Step Count: 1455671 | Episode Q0:    39.13
Episode: 748/5000 | Episode reward:  1220.87 | Episode steps: 2500 | Average reward:  1278.02 | Step Count: 1458171 | Episode Q0:    39.13
Episode: 749/5000 | Episode reward:   302.64 | Episode steps: 2500 | Average reward:  1178.50 | Step Count: 1460671 | Episode Q0:    39.13
Episode: 750/5000 | Episode reward:   419.09 | Episode steps: 2500 | Average reward:  1089.27 | Step Count: 1463171 | Episode Q0:    39.17
Episode: 751/5000 | Episode reward:  1530.03 | Episode steps: 2500 | Average reward:  1094.02 | Step Count: 1465671 | Episode Q0:    39.17
Episode: 752/5000 | Episode reward:  1499.51 | Episode steps: 2500 | Average reward:  1108.18 | Step Count: 1468171 | Episode Q0:    39.17
Episode: 753/5000 | Episode reward:  1509.77 | Episode steps: 2500 | Average reward:  1140.77 | Step Count: 1470671 | Episode Q0:    39.17
Episode: 754/5000 | Episode reward:  1287.10 | Episode steps: 2500 | Average reward:  1141.63 | Step Count: 1473171 | Episode Q0:    39.17
Episode: 755/5000 | Episode reward:  1580.37 | Episode steps: 2500 | Average reward:  1185.94 | Step Count: 1475671 | Episode Q0:    39.17
Episode: 756/5000 | Episode reward:  1597.72 | Episode steps: 2500 | Average reward:  1228.80 | Step Count: 1478171 | Episode Q0:    39.17
Episode: 757/5000 | Episode reward:  1342.34 | Episode steps: 2500 | Average reward:  1228.94 | Step Count: 1480671 | Episode Q0:    39.17
Episode: 758/5000 | Episode reward:  1021.34 | Episode steps: 2500 | Average reward:  1208.99 | Step Count: 1483171 | Episode Q0:    39.17
Episode: 759/5000 | Episode reward:  1535.27 | Episode steps: 2500 | Average reward:  1332.25 | Step Count: 1485671 | Episode Q0:    39.17
Episode: 760/5000 | Episode reward:  1772.25 | Episode steps: 2500 | Average reward:  1467.57 | Step Count: 1488171 | Episode Q0:    39.17
Episode: 761/5000 | Episode reward:   386.29 | Episode steps: 2500 | Average reward:  1353.20 | Step Count: 1490671 | Episode Q0:    39.17
Episode: 762/5000 | Episode reward:  1448.16 | Episode steps: 2500 | Average reward:  1348.06 | Step Count: 1493171 | Episode Q0:    39.17
Episode: 763/5000 | Episode reward:  1610.20 | Episode steps: 2500 | Average reward:  1358.10 | Step Count: 1495671 | Episode Q0:    39.17
Episode: 764/5000 | Episode reward:  1270.15 | Episode steps: 2500 | Average reward:  1356.41 | Step Count: 1498171 | Episode Q0:    39.17
Episode: 765/5000 | Episode reward:  1193.49 | Episode steps: 2500 | Average reward:  1317.72 | Step Count: 1500671 | Episode Q0:    39.17
Episode: 766/5000 | Episode reward:  1336.20 | Episode steps: 2500 | Average reward:  1291.57 | Step Count: 1503171 | Episode Q0:    39.17
Episode: 767/5000 | Episode reward:  1720.51 | Episode steps: 2500 | Average reward:  1329.39 | Step Count: 1505671 | Episode Q0:    39.17
Episode: 768/5000 | Episode reward:  1446.69 | Episode steps: 2500 | Average reward:  1371.92 | Step Count: 1508171 | Episode Q0:    39.17
Episode: 769/5000 | Episode reward:  1624.66 | Episode steps: 2500 | Average reward:  1380.86 | Step Count: 1510671 | Episode Q0:    39.17
Episode: 770/5000 | Episode reward:  1704.67 | Episode steps: 2500 | Average reward:  1374.10 | Step Count: 1513171 | Episode Q0:    39.17
Episode: 771/5000 | Episode reward:  1705.28 | Episode steps: 2500 | Average reward:  1506.00 | Step Count: 1515671 | Episode Q0:    39.17
Episode: 772/5000 | Episode reward:  1234.67 | Episode steps: 2500 | Average reward:  1484.65 | Step Count: 1518171 | Episode Q0:    39.17
Episode: 773/5000 | Episode reward:  1576.63 | Episode steps: 2500 | Average reward:  1481.30 | Step Count: 1520671 | Episode Q0:    39.17
Episode: 774/5000 | Episode reward:  1792.47 | Episode steps: 2500 | Average reward:  1533.53 | Step Count: 1523171 | Episode Q0:    39.17
Episode: 775/5000 | Episode reward:  1334.91 | Episode steps: 2500 | Average reward:  1547.67 | Step Count: 1525671 | Episode Q0:    39.17
Episode: 776/5000 | Episode reward:  1467.28 | Episode steps: 2500 | Average reward:  1560.78 | Step Count: 1528171 | Episode Q0:    39.17
Episode: 777/5000 | Episode reward:  1617.34 | Episode steps: 2500 | Average reward:  1550.46 | Step Count: 1530671 | Episode Q0:    37.84
Episode: 778/5000 | Episode reward:  1753.61 | Episode steps: 2500 | Average reward:  1581.15 | Step Count: 1533171 | Episode Q0:    37.84
Episode: 779/5000 | Episode reward:  1011.52 | Episode steps: 2500 | Average reward:  1519.84 | Step Count: 1535671 | Episode Q0:    37.84
Episode: 780/5000 | Episode reward:  1818.52 | Episode steps: 2500 | Average reward:  1531.22 | Step Count: 1538171 | Episode Q0:    37.84
Episode: 781/5000 | Episode reward:  1747.62 | Episode steps: 2500 | Average reward:  1535.46 | Step Count: 1540671 | Episode Q0:    37.84
Episode: 782/5000 | Episode reward:  1789.78 | Episode steps: 2500 | Average reward:  1590.97 | Step Count: 1543171 | Episode Q0:    37.84
Episode: 783/5000 | Episode reward:   140.26 | Episode steps: 2500 | Average reward:  1447.33 | Step Count: 1545671 | Episode Q0:    37.84
Episode: 784/5000 | Episode reward:  1599.44 | Episode steps: 2500 | Average reward:  1428.03 | Step Count: 1548171 | Episode Q0:    37.84
Episode: 785/5000 | Episode reward:  1460.98 | Episode steps: 2500 | Average reward:  1440.64 | Step Count: 1550671 | Episode Q0:    37.84
Episode: 786/5000 | Episode reward:  1763.30 | Episode steps: 2500 | Average reward:  1470.24 | Step Count: 1553171 | Episode Q0:    37.84
Episode: 787/5000 | Episode reward:  1702.78 | Episode steps: 2500 | Average reward:  1478.78 | Step Count: 1555671 | Episode Q0:    37.84
Episode: 788/5000 | Episode reward:  1772.32 | Episode steps: 2500 | Average reward:  1480.65 | Step Count: 1558171 | Episode Q0:    37.84
Episode: 789/5000 | Episode reward:  1399.53 | Episode steps: 2500 | Average reward:  1519.45 | Step Count: 1560671 | Episode Q0:    37.84
Episode: 790/5000 | Episode reward:  1402.24 | Episode steps: 2500 | Average reward:  1477.83 | Step Count: 1563171 | Episode Q0:    37.84
Episode: 791/5000 | Episode reward:  1518.48 | Episode steps: 2500 | Average reward:  1454.91 | Step Count: 1565671 | Episode Q0:    37.84
Episode: 792/5000 | Episode reward:  1005.63 | Episode steps: 2500 | Average reward:  1376.50 | Step Count: 1568171 | Episode Q0:    37.84
Episode: 793/5000 | Episode reward:   382.58 | Episode steps: 2500 | Average reward:  1400.73 | Step Count: 1570671 | Episode Q0:    37.84
Episode: 794/5000 | Episode reward:  1376.12 | Episode steps: 2500 | Average reward:  1378.40 | Step Count: 1573171 | Episode Q0:    37.82
Episode: 795/5000 | Episode reward:  1464.68 | Episode steps: 2500 | Average reward:  1378.77 | Step Count: 1575671 | Episode Q0:    37.82
Episode: 796/5000 | Episode reward:  1110.34 | Episode steps: 2500 | Average reward:  1313.47 | Step Count: 1578171 | Episode Q0:    37.82
Episode: 797/5000 | Episode reward:  1575.14 | Episode steps: 2500 | Average reward:  1300.71 | Step Count: 1580671 | Episode Q0:    37.82
Episode: 798/5000 | Episode reward:  1226.52 | Episode steps: 2500 | Average reward:  1246.13 | Step Count: 1583171 | Episode Q0:    37.82
Episode: 799/5000 | Episode reward:  1473.60 | Episode steps: 2500 | Average reward:  1253.53 | Step Count: 1585671 | Episode Q0:    37.82
Episode: 800/5000 | Episode reward:  1685.05 | Episode steps: 2500 | Average reward:  1281.81 | Step Count: 1588171 | Episode Q0:    37.82
Episode: 801/5000 | Episode reward:  1278.15 | Episode steps: 2500 | Average reward:  1257.78 | Step Count: 1590671 | Episode Q0:    37.82
Episode: 802/5000 | Episode reward:  1480.29 | Episode steps: 2500 | Average reward:  1305.25 | Step Count: 1593171 | Episode Q0:    37.82
Episode: 803/5000 | Episode reward:  1430.67 | Episode steps: 2500 | Average reward:  1410.05 | Step Count: 1595671 | Episode Q0:    37.82
Episode: 804/5000 | Episode reward:  1236.43 | Episode steps: 2500 | Average reward:  1396.09 | Step Count: 1598171 | Episode Q0:    37.82
Episode: 805/5000 | Episode reward:  1545.07 | Episode steps: 2500 | Average reward:  1404.12 | Step Count: 1600671 | Episode Q0:    37.82
Episode: 806/5000 | Episode reward:  1553.42 | Episode steps: 2500 | Average reward:  1448.43 | Step Count: 1603171 | Episode Q0:    37.82
Episode: 807/5000 | Episode reward:  1178.73 | Episode steps: 2500 | Average reward:  1408.79 | Step Count: 1605671 | Episode Q0:    37.82
Episode: 808/5000 | Episode reward:  1620.15 | Episode steps: 2500 | Average reward:  1448.15 | Step Count: 1608171 | Episode Q0:    37.82
Episode: 809/5000 | Episode reward:  1491.06 | Episode steps: 2500 | Average reward:  1449.90 | Step Count: 1610671 | Episode Q0:    37.82
Episode: 810/5000 | Episode reward:  1366.39 | Episode steps: 2500 | Average reward:  1418.03 | Step Count: 1613171 | Episode Q0:    37.82
Episode: 811/5000 | Episode reward:  1506.57 | Episode steps: 2500 | Average reward:  1440.88 | Step Count: 1615671 | Episode Q0:    37.82
Episode: 812/5000 | Episode reward:  1554.39 | Episode steps: 2500 | Average reward:  1448.29 | Step Count: 1618171 | Episode Q0:    37.82
Episode: 813/5000 | Episode reward:  1407.70 | Episode steps: 2500 | Average reward:  1445.99 | Step Count: 1620671 | Episode Q0:    37.82
Episode: 814/5000 | Episode reward:  1679.29 | Episode steps: 2500 | Average reward:  1490.28 | Step Count: 1623171 | Episode Q0:    37.82
Episode: 815/5000 | Episode reward:  1615.90 | Episode steps: 2500 | Average reward:  1497.36 | Step Count: 1625671 | Episode Q0:    37.82
Episode: 816/5000 | Episode reward:  1346.03 | Episode steps: 2500 | Average reward:  1476.62 | Step Count: 1628171 | Episode Q0:    37.82
Episode: 817/5000 | Episode reward:  1651.52 | Episode steps: 2500 | Average reward:  1523.90 | Step Count: 1630671 | Episode Q0:    37.82
Episode: 818/5000 | Episode reward:  1414.43 | Episode steps: 2500 | Average reward:  1503.33 | Step Count: 1633171 | Episode Q0:    37.82
Episode: 819/5000 | Episode reward:  1422.19 | Episode steps: 2500 | Average reward:  1496.44 | Step Count: 1635671 | Episode Q0:    37.82
Episode: 820/5000 | Episode reward:  1378.67 | Episode steps: 2500 | Average reward:  1497.67 | Step Count: 1638171 | Episode Q0:    37.82
Episode: 821/5000 | Episode reward:  1770.61 | Episode steps: 2500 | Average reward:  1524.07 | Step Count: 1640671 | Episode Q0:    37.43
Episode: 822/5000 | Episode reward:  1423.91 | Episode steps: 2500 | Average reward:  1511.03 | Step Count: 1643171 | Episode Q0:    37.43
Episode: 823/5000 | Episode reward:  1597.35 | Episode steps: 2500 | Average reward:  1529.99 | Step Count: 1645671 | Episode Q0:    37.43
Episode: 824/5000 | Episode reward:  1107.89 | Episode steps: 2500 | Average reward:  1472.85 | Step Count: 1648171 | Episode Q0:    37.43
Episode: 825/5000 | Episode reward:   719.11 | Episode steps: 2500 | Average reward:  1383.17 | Step Count: 1650671 | Episode Q0:    37.43
Episode: 826/5000 | Episode reward:  1645.61 | Episode steps: 2500 | Average reward:  1413.13 | Step Count: 1653171 | Episode Q0:    37.43
Episode: 827/5000 | Episode reward:  1433.26 | Episode steps: 2500 | Average reward:  1391.30 | Step Count: 1655671 | Episode Q0:    37.43
Episode: 828/5000 | Episode reward:  1322.27 | Episode steps: 2500 | Average reward:  1382.09 | Step Count: 1658171 | Episode Q0:    37.43
Episode: 829/5000 | Episode reward:  1550.29 | Episode steps: 2500 | Average reward:  1394.90 | Step Count: 1660671 | Episode Q0:    37.43
Episode: 830/5000 | Episode reward:  1550.59 | Episode steps: 2500 | Average reward:  1412.09 | Step Count: 1663171 | Episode Q0:    37.43
Episode: 831/5000 | Episode reward:  1511.36 | Episode steps: 2500 | Average reward:  1386.16 | Step Count: 1665671 | Episode Q0:    37.43
Episode: 832/5000 | Episode reward:  1449.06 | Episode steps: 2500 | Average reward:  1388.68 | Step Count: 1668171 | Episode Q0:    37.43
Episode: 833/5000 | Episode reward:  1582.18 | Episode steps: 2500 | Average reward:  1387.16 | Step Count: 1670671 | Episode Q0:    37.43
Episode: 834/5000 | Episode reward:  1562.27 | Episode steps: 2500 | Average reward:  1432.60 | Step Count: 1673171 | Episode Q0:    37.43
Episode: 835/5000 | Episode reward:  1498.15 | Episode steps: 2500 | Average reward:  1510.50 | Step Count: 1675671 | Episode Q0:    37.43
Episode: 836/5000 | Episode reward:  1203.16 | Episode steps: 2500 | Average reward:  1466.26 | Step Count: 1678171 | Episode Q0:    37.43
Episode: 837/5000 | Episode reward:  1531.52 | Episode steps: 2500 | Average reward:  1476.09 | Step Count: 1680671 | Episode Q0:    37.43
Episode: 838/5000 | Episode reward:  1442.36 | Episode steps: 2500 | Average reward:  1488.09 | Step Count: 1683171 | Episode Q0:    36.99
Episode: 839/5000 | Episode reward:  1567.09 | Episode steps: 2500 | Average reward:  1489.77 | Step Count: 1685671 | Episode Q0:    36.99
Episode: 840/5000 | Episode reward:  1684.35 | Episode steps: 2500 | Average reward:  1503.15 | Step Count: 1688171 | Episode Q0:    36.99
Episode: 841/5000 | Episode reward:  1340.00 | Episode steps: 2500 | Average reward:  1486.01 | Step Count: 1690671 | Episode Q0:    36.99
Episode: 842/5000 | Episode reward:  1564.77 | Episode steps: 2500 | Average reward:  1497.58 | Step Count: 1693171 | Episode Q0:    36.99
Episode: 843/5000 | Episode reward:  1507.99 | Episode steps: 2500 | Average reward:  1490.17 | Step Count: 1695671 | Episode Q0:    36.99
Episode: 844/5000 | Episode reward:  1455.94 | Episode steps: 2500 | Average reward:  1479.53 | Step Count: 1698171 | Episode Q0:    36.99
Episode: 845/5000 | Episode reward:  1668.67 | Episode steps: 2500 | Average reward:  1496.58 | Step Count: 1700671 | Episode Q0:    36.99
Episode: 846/5000 | Episode reward:   911.25 | Episode steps: 2500 | Average reward:  1467.39 | Step Count: 1703171 | Episode Q0:    36.99
Episode: 847/5000 | Episode reward:  1418.24 | Episode steps: 2500 | Average reward:  1456.07 | Step Count: 1705671 | Episode Q0:    36.99
Episode: 848/5000 | Episode reward:  1670.60 | Episode steps: 2500 | Average reward:  1478.89 | Step Count: 1708171 | Episode Q0:    36.99
Episode: 849/5000 | Episode reward:  1514.28 | Episode steps: 2500 | Average reward:  1473.61 | Step Count: 1710671 | Episode Q0:    36.99
Episode: 850/5000 | Episode reward:  1312.70 | Episode steps: 2500 | Average reward:  1436.44 | Step Count: 1713171 | Episode Q0:    36.99
Episode: 851/5000 | Episode reward:  1678.85 | Episode steps: 2500 | Average reward:  1470.33 | Step Count: 1715671 | Episode Q0:    36.99
Episode: 852/5000 | Episode reward:  1665.85 | Episode steps: 2500 | Average reward:  1480.44 | Step Count: 1718171 | Episode Q0:    36.99
Episode: 853/5000 | Episode reward:  1092.42 | Episode steps: 2500 | Average reward:  1438.88 | Step Count: 1720671 | Episode Q0:    36.99
Episode: 854/5000 | Episode reward:  1577.80 | Episode steps: 2500 | Average reward:  1451.07 | Step Count: 1723171 | Episode Q0:    36.99
Episode: 855/5000 | Episode reward:  1753.53 | Episode steps: 2500 | Average reward:  1459.55 | Step Count: 1725671 | Episode Q0:    36.99
Episode: 856/5000 | Episode reward:  1481.92 | Episode steps: 2500 | Average reward:  1516.62 | Step Count: 1728171 | Episode Q0:    36.99
Episode: 857/5000 | Episode reward:  1577.18 | Episode steps: 2500 | Average reward:  1532.51 | Step Count: 1730671 | Episode Q0:    36.99
Episode: 858/5000 | Episode reward:  1538.20 | Episode steps: 2500 | Average reward:  1519.27 | Step Count: 1733171 | Episode Q0:    36.99
Episode: 859/5000 | Episode reward:  1561.25 | Episode steps: 2500 | Average reward:  1523.97 | Step Count: 1735671 | Episode Q0:    36.99
Episode: 860/5000 | Episode reward:  1211.22 | Episode steps: 2500 | Average reward:  1513.82 | Step Count: 1738171 | Episode Q0:    36.99
Episode: 861/5000 | Episode reward:  1431.45 | Episode steps: 2500 | Average reward:  1489.08 | Step Count: 1740671 | Episode Q0:    36.99
Episode: 862/5000 | Episode reward:  1536.04 | Episode steps: 2500 | Average reward:  1476.10 | Step Count: 1743171 | Episode Q0:    36.99
Episode: 863/5000 | Episode reward:  1425.79 | Episode steps: 2500 | Average reward:  1509.44 | Step Count: 1745671 | Episode Q0:    36.99
Episode: 864/5000 | Episode reward:  1239.85 | Episode steps: 2500 | Average reward:  1475.64 | Step Count: 1748171 | Episode Q0:    36.99
Episode: 865/5000 | Episode reward:  1599.26 | Episode steps: 2500 | Average reward:  1460.22 | Step Count: 1750671 | Episode Q0:    37.39
Episode: 866/5000 | Episode reward:  1513.51 | Episode steps: 2500 | Average reward:  1463.38 | Step Count: 1753171 | Episode Q0:    37.39
Episode: 867/5000 | Episode reward:  1634.40 | Episode steps: 2500 | Average reward:  1469.10 | Step Count: 1755671 | Episode Q0:    37.39
Episode: 868/5000 | Episode reward:  1669.31 | Episode steps: 2500 | Average reward:  1482.21 | Step Count: 1758171 | Episode Q0:    37.39
Episode: 869/5000 | Episode reward:  1587.80 | Episode steps: 2500 | Average reward:  1484.86 | Step Count: 1760671 | Episode Q0:    37.39
Episode: 870/5000 | Episode reward:  1707.17 | Episode steps: 2500 | Average reward:  1534.46 | Step Count: 1763171 | Episode Q0:    37.39
Episode: 871/5000 | Episode reward:  1635.89 | Episode steps: 2500 | Average reward:  1554.90 | Step Count: 1765671 | Episode Q0:    37.39
Episode: 872/5000 | Episode reward:  1603.62 | Episode steps: 2500 | Average reward:  1561.66 | Step Count: 1768171 | Episode Q0:    37.39
Episode: 873/5000 | Episode reward:   641.85 | Episode steps: 2500 | Average reward:  1483.27 | Step Count: 1770671 | Episode Q0:    37.39
Episode: 874/5000 | Episode reward:  1564.19 | Episode steps: 2500 | Average reward:  1515.70 | Step Count: 1773171 | Episode Q0:    37.39
Episode: 875/5000 | Episode reward:  1546.48 | Episode steps: 2500 | Average reward:  1510.42 | Step Count: 1775671 | Episode Q0:    37.39
Episode: 876/5000 | Episode reward:  1328.63 | Episode steps: 2500 | Average reward:  1491.93 | Step Count: 1778171 | Episode Q0:    37.39
Episode: 877/5000 | Episode reward:  1656.59 | Episode steps: 2500 | Average reward:  1494.15 | Step Count: 1780671 | Episode Q0:    37.39
Episode: 878/5000 | Episode reward:  1755.25 | Episode steps: 2500 | Average reward:  1502.75 | Step Count: 1783171 | Episode Q0:    37.39
Episode: 879/5000 | Episode reward:  1475.32 | Episode steps: 2500 | Average reward:  1491.50 | Step Count: 1785671 | Episode Q0:    37.39
Episode: 880/5000 | Episode reward:  1450.58 | Episode steps: 2500 | Average reward:  1465.84 | Step Count: 1788171 | Episode Q0:    37.39
Episode: 881/5000 | Episode reward:  1588.68 | Episode steps: 2500 | Average reward:  1461.12 | Step Count: 1790671 | Episode Q0:    37.39
Episode: 882/5000 | Episode reward:  1288.83 | Episode steps: 2500 | Average reward:  1429.64 | Step Count: 1793171 | Episode Q0:    37.18
Episode: 883/5000 | Episode reward:  1062.24 | Episode steps: 2500 | Average reward:  1471.68 | Step Count: 1795671 | Episode Q0:    37.18
Episode: 884/5000 | Episode reward:  1473.92 | Episode steps: 2500 | Average reward:  1462.65 | Step Count: 1798171 | Episode Q0:    37.18
Episode: 885/5000 | Episode reward:  1678.49 | Episode steps: 2500 | Average reward:  1475.85 | Step Count: 1800671 | Episode Q0:    37.18
Episode: 886/5000 | Episode reward:  1523.22 | Episode steps: 2500 | Average reward:  1495.31 | Step Count: 1803171 | Episode Q0:    37.18
Episode: 887/5000 | Episode reward:  1648.26 | Episode steps: 2500 | Average reward:  1494.48 | Step Count: 1805671 | Episode Q0:    37.18
Episode: 888/5000 | Episode reward:  1562.16 | Episode steps: 2500 | Average reward:  1475.17 | Step Count: 1808171 | Episode Q0:    37.18
Episode: 889/5000 | Episode reward:  1608.67 | Episode steps: 2500 | Average reward:  1488.51 | Step Count: 1810671 | Episode Q0:    37.18
Episode: 890/5000 | Episode reward:  1488.23 | Episode steps: 2500 | Average reward:  1492.27 | Step Count: 1813171 | Episode Q0:    37.18
Episode: 891/5000 | Episode reward:  1515.52 | Episode steps: 2500 | Average reward:  1484.95 | Step Count: 1815671 | Episode Q0:    37.18
Episode: 892/5000 | Episode reward:  1594.07 | Episode steps: 2500 | Average reward:  1515.48 | Step Count: 1818171 | Episode Q0:    37.18
Episode: 893/5000 | Episode reward:  1456.02 | Episode steps: 2500 | Average reward:  1554.86 | Step Count: 1820671 | Episode Q0:    37.18
Episode: 894/5000 | Episode reward:  1483.40 | Episode steps: 2500 | Average reward:  1555.80 | Step Count: 1823171 | Episode Q0:    37.18
Episode: 895/5000 | Episode reward:  1499.21 | Episode steps: 2500 | Average reward:  1537.88 | Step Count: 1825671 | Episode Q0:    37.18
Episode: 896/5000 | Episode reward:  1621.13 | Episode steps: 2500 | Average reward:  1547.67 | Step Count: 1828171 | Episode Q0:    37.18
Episode: 897/5000 | Episode reward:  1196.00 | Episode steps: 2500 | Average reward:  1502.44 | Step Count: 1830671 | Episode Q0:    37.18
Episode: 898/5000 | Episode reward:  1482.09 | Episode steps: 2500 | Average reward:  1494.43 | Step Count: 1833171 | Episode Q0:    37.18
Episode: 899/5000 | Episode reward:  1427.32 | Episode steps: 2500 | Average reward:  1476.30 | Step Count: 1835671 | Episode Q0:    37.18
Episode: 900/5000 | Episode reward:  1565.35 | Episode steps: 2500 | Average reward:  1484.01 | Step Count: 1838171 | Episode Q0:    37.18
Episode: 901/5000 | Episode reward:  1476.75 | Episode steps: 2500 | Average reward:  1480.13 | Step Count: 1840671 | Episode Q0:    37.18
Episode: 902/5000 | Episode reward:  1642.41 | Episode steps: 2500 | Average reward:  1484.97 | Step Count: 1843171 | Episode Q0:    37.18
Episode: 903/5000 | Episode reward:  1569.12 | Episode steps: 2500 | Average reward:  1496.28 | Step Count: 1845671 | Episode Q0:    37.18
Episode: 904/5000 | Episode reward:  1501.71 | Episode steps: 2500 | Average reward:  1498.11 | Step Count: 1848171 | Episode Q0:    37.18
Episode: 905/5000 | Episode reward:  1425.44 | Episode steps: 2500 | Average reward:  1490.73 | Step Count: 1850671 | Episode Q0:    37.18
Episode: 906/5000 | Episode reward:  1437.56 | Episode steps: 2500 | Average reward:  1472.38 | Step Count: 1853171 | Episode Q0:    37.18
Episode: 907/5000 | Episode reward:  1496.55 | Episode steps: 2500 | Average reward:  1502.43 | Step Count: 1855671 | Episode Q0:    37.18
Episode: 908/5000 | Episode reward:  1523.70 | Episode steps: 2500 | Average reward:  1506.59 | Step Count: 1858171 | Episode Q0:    37.18
Episode: 909/5000 | Episode reward:  1124.07 | Episode steps: 2500 | Average reward:  1476.27 | Step Count: 1860671 | Episode Q0:    37.83
Episode: 910/5000 | Episode reward:  1674.67 | Episode steps: 2500 | Average reward:  1487.20 | Step Count: 1863171 | Episode Q0:    37.83
Episode: 911/5000 | Episode reward:  1475.52 | Episode steps: 2500 | Average reward:  1487.07 | Step Count: 1865671 | Episode Q0:    37.83
Episode: 912/5000 | Episode reward:   857.92 | Episode steps: 2500 | Average reward:  1408.63 | Step Count: 1868171 | Episode Q0:    37.83
Episode: 913/5000 | Episode reward:   812.32 | Episode steps: 2500 | Average reward:  1332.95 | Step Count: 1870671 | Episode Q0:    37.83
Episode: 914/5000 | Episode reward:   686.26 | Episode steps: 2500 | Average reward:  1251.40 | Step Count: 1873171 | Episode Q0:    37.83
Episode: 915/5000 | Episode reward:  1596.42 | Episode steps: 2500 | Average reward:  1268.50 | Step Count: 1875671 | Episode Q0:    37.83
Episode: 916/5000 | Episode reward:   674.26 | Episode steps: 2500 | Average reward:  1192.17 | Step Count: 1878171 | Episode Q0:    37.83
Episode: 917/5000 | Episode reward:  1002.39 | Episode steps: 2500 | Average reward:  1142.75 | Step Count: 1880671 | Episode Q0:    37.83
Episode: 918/5000 | Episode reward:  1313.18 | Episode steps: 2500 | Average reward:  1121.70 | Step Count: 1883171 | Episode Q0:    37.83
Episode: 919/5000 | Episode reward:   676.25 | Episode steps: 2500 | Average reward:  1076.92 | Step Count: 1885671 | Episode Q0:    37.83
Episode: 920/5000 | Episode reward:  1329.11 | Episode steps: 2500 | Average reward:  1042.36 | Step Count: 1888171 | Episode Q0:    37.83
Episode: 921/5000 | Episode reward:  1040.59 | Episode steps: 2500 | Average reward:   998.87 | Step Count: 1890671 | Episode Q0:    37.83
Episode: 922/5000 | Episode reward:  1595.84 | Episode steps: 2500 | Average reward:  1072.66 | Step Count: 1893171 | Episode Q0:    37.83
Episode: 923/5000 | Episode reward:   772.86 | Episode steps: 2500 | Average reward:  1068.72 | Step Count: 1895671 | Episode Q0:    37.83
Episode: 924/5000 | Episode reward:   687.19 | Episode steps: 2500 | Average reward:  1068.81 | Step Count: 1898171 | Episode Q0:    37.83
Episode: 925/5000 | Episode reward:   786.58 | Episode steps: 2500 | Average reward:   987.83 | Step Count: 1900671 | Episode Q0:    37.83
Episode: 926/5000 | Episode reward:  1545.84 | Episode steps: 2500 | Average reward:  1074.98 | Step Count: 1903171 | Episode Q0:    37.37
Episode: 927/5000 | Episode reward:   780.70 | Episode steps: 2500 | Average reward:  1052.81 | Step Count: 1905671 | Episode Q0:    37.37
Episode: 928/5000 | Episode reward:   379.48 | Episode steps: 2500 | Average reward:   959.44 | Step Count: 1908171 | Episode Q0:    37.37
Episode: 929/5000 | Episode reward:  1609.79 | Episode steps: 2500 | Average reward:  1052.80 | Step Count: 1910671 | Episode Q0:    37.37
Episode: 930/5000 | Episode reward:  1207.94 | Episode steps: 2500 | Average reward:  1040.68 | Step Count: 1913171 | Episode Q0:    37.37
Episode: 931/5000 | Episode reward:  1191.88 | Episode steps: 2500 | Average reward:  1055.81 | Step Count: 1915671 | Episode Q0:    37.37
Episode: 932/5000 | Episode reward:   752.78 | Episode steps: 2500 | Average reward:   971.50 | Step Count: 1918171 | Episode Q0:    37.37
Episode: 933/5000 | Episode reward:   768.11 | Episode steps: 2500 | Average reward:   971.03 | Step Count: 1920671 | Episode Q0:    37.37
Episode: 934/5000 | Episode reward:  1504.46 | Episode steps: 2500 | Average reward:  1052.76 | Step Count: 1923171 | Episode Q0:    37.37
Episode: 935/5000 | Episode reward:  1549.71 | Episode steps: 2500 | Average reward:  1129.07 | Step Count: 1925671 | Episode Q0:    37.37
Episode: 936/5000 | Episode reward:  1662.40 | Episode steps: 2500 | Average reward:  1140.73 | Step Count: 1928171 | Episode Q0:    37.37
Episode: 937/5000 | Episode reward:   730.54 | Episode steps: 2500 | Average reward:  1135.71 | Step Count: 1930671 | Episode Q0:    37.37
Episode: 938/5000 | Episode reward:   539.44 | Episode steps: 2500 | Average reward:  1151.71 | Step Count: 1933171 | Episode Q0:    37.37
Episode: 939/5000 | Episode reward:  1604.72 | Episode steps: 2500 | Average reward:  1151.20 | Step Count: 1935671 | Episode Q0:    37.37
Episode: 940/5000 | Episode reward:  1597.62 | Episode steps: 2500 | Average reward:  1190.17 | Step Count: 1938171 | Episode Q0:    37.37
Episode: 941/5000 | Episode reward:   552.57 | Episode steps: 2500 | Average reward:  1126.24 | Step Count: 1940671 | Episode Q0:    37.37
Episode: 942/5000 | Episode reward:   508.52 | Episode steps: 2500 | Average reward:  1101.81 | Step Count: 1943171 | Episode Q0:    37.37
Episode: 943/5000 | Episode reward:  1511.25 | Episode steps: 2500 | Average reward:  1176.12 | Step Count: 1945671 | Episode Q0:    37.37
Episode: 944/5000 | Episode reward:  1591.36 | Episode steps: 2500 | Average reward:  1184.81 | Step Count: 1948171 | Episode Q0:    37.37
Episode: 945/5000 | Episode reward:   626.51 | Episode steps: 2500 | Average reward:  1092.49 | Step Count: 1950671 | Episode Q0:    37.37
Episode: 946/5000 | Episode reward:  1078.89 | Episode steps: 2500 | Average reward:  1034.14 | Step Count: 1953171 | Episode Q0:    37.37
Episode: 947/5000 | Episode reward:   433.71 | Episode steps: 2500 | Average reward:  1004.46 | Step Count: 1955671 | Episode Q0:    37.37
Episode: 948/5000 | Episode reward:   566.15 | Episode steps: 2500 | Average reward:  1007.13 | Step Count: 1958171 | Episode Q0:    37.37
Episode: 949/5000 | Episode reward:  1497.24 | Episode steps: 2500 | Average reward:   996.38 | Step Count: 1960671 | Episode Q0:    37.37
Episode: 950/5000 | Episode reward:   718.89 | Episode steps: 2500 | Average reward:   908.51 | Step Count: 1963171 | Episode Q0:    37.37
Episode: 951/5000 | Episode reward:   864.80 | Episode steps: 2500 | Average reward:   939.73 | Step Count: 1965671 | Episode Q0:    37.37
Episode: 952/5000 | Episode reward:   558.37 | Episode steps: 2500 | Average reward:   944.72 | Step Count: 1968171 | Episode Q0:    37.37
Episode: 953/5000 | Episode reward:  1589.10 | Episode steps: 2500 | Average reward:   952.50 | Step Count: 1970671 | Episode Q0:    38.44
Episode: 954/5000 | Episode reward:  1273.55 | Episode steps: 2500 | Average reward:   920.72 | Step Count: 1973171 | Episode Q0:    38.44
Episode: 955/5000 | Episode reward:  1576.25 | Episode steps: 2500 | Average reward:  1015.70 | Step Count: 1975671 | Episode Q0:    38.44
Episode: 956/5000 | Episode reward:  1265.51 | Episode steps: 2500 | Average reward:  1034.36 | Step Count: 1978171 | Episode Q0:    38.44
Episode: 957/5000 | Episode reward:  1469.49 | Episode steps: 2500 | Average reward:  1137.94 | Step Count: 1980671 | Episode Q0:    38.44
Episode: 958/5000 | Episode reward:  1605.70 | Episode steps: 2500 | Average reward:  1241.89 | Step Count: 1983171 | Episode Q0:    38.44
Episode: 959/5000 | Episode reward:  1097.15 | Episode steps: 2500 | Average reward:  1201.88 | Step Count: 1985671 | Episode Q0:    38.44
Episode: 960/5000 | Episode reward:  1679.71 | Episode steps: 2500 | Average reward:  1297.96 | Step Count: 1988171 | Episode Q0:    38.44
Episode: 961/5000 | Episode reward:  1254.47 | Episode steps: 2500 | Average reward:  1336.93 | Step Count: 1990671 | Episode Q0:    38.44
Episode: 962/5000 | Episode reward:  1403.74 | Episode steps: 2500 | Average reward:  1421.47 | Step Count: 1993171 | Episode Q0:    38.44
Episode: 963/5000 | Episode reward:   882.09 | Episode steps: 2500 | Average reward:  1350.76 | Step Count: 1995671 | Episode Q0:    38.44
Episode: 964/5000 | Episode reward:  1064.06 | Episode steps: 2500 | Average reward:  1329.82 | Step Count: 1998171 | Episode Q0:    38.44
Episode: 965/5000 | Episode reward:   918.10 | Episode steps: 2500 | Average reward:  1264.00 | Step Count: 2000671 | Episode Q0:    38.44
Episode: 966/5000 | Episode reward:  1429.01 | Episode steps: 2500 | Average reward:  1280.35 | Step Count: 2003171 | Episode Q0:    38.44
Episode: 967/5000 | Episode reward:   930.07 | Episode steps: 2500 | Average reward:  1226.41 | Step Count: 2005671 | Episode Q0:    38.44
Episode: 968/5000 | Episode reward:  1276.68 | Episode steps: 2500 | Average reward:  1193.51 | Step Count: 2008171 | Episode Q0:    38.44
Episode: 969/5000 | Episode reward:   685.49 | Episode steps: 2500 | Average reward:  1152.34 | Step Count: 2010671 | Episode Q0:    38.44
Episode: 970/5000 | Episode reward:  1660.12 | Episode steps: 2500 | Average reward:  1150.38 | Step Count: 2013171 | Episode Q0:    37.55
Episode: 971/5000 | Episode reward:   956.91 | Episode steps: 2454 | Average reward:  1120.63 | Step Count: 2015625 | Episode Q0:    37.55
Episode: 972/5000 | Episode reward:  1394.95 | Episode steps: 2500 | Average reward:  1119.75 | Step Count: 2018125 | Episode Q0:    37.55
Episode: 973/5000 | Episode reward:   666.22 | Episode steps: 2500 | Average reward:  1098.16 | Step Count: 2020625 | Episode Q0:    37.55
Episode: 974/5000 | Episode reward:   931.74 | Episode steps: 2500 | Average reward:  1084.93 | Step Count: 2023125 | Episode Q0:    37.55
Episode: 975/5000 | Episode reward:  1697.12 | Episode steps: 2500 | Average reward:  1162.83 | Step Count: 2025625 | Episode Q0:    37.55
Episode: 976/5000 | Episode reward:  1442.04 | Episode steps: 2500 | Average reward:  1164.13 | Step Count: 2028125 | Episode Q0:    37.55
Episode: 977/5000 | Episode reward:  1502.05 | Episode steps: 2500 | Average reward:  1221.33 | Step Count: 2030625 | Episode Q0:    37.55
Episode: 978/5000 | Episode reward:  1720.03 | Episode steps: 2500 | Average reward:  1265.67 | Step Count: 2033125 | Episode Q0:    37.55
Episode: 979/5000 | Episode reward:   910.09 | Episode steps: 2500 | Average reward:  1288.13 | Step Count: 2035625 | Episode Q0:    37.55
Episode: 980/5000 | Episode reward:  1311.29 | Episode steps: 2500 | Average reward:  1253.24 | Step Count: 2038125 | Episode Q0:    37.55
Episode: 981/5000 | Episode reward:  1787.88 | Episode steps: 2500 | Average reward:  1336.34 | Step Count: 2040625 | Episode Q0:    37.55
Episode: 982/5000 | Episode reward:  1542.39 | Episode steps: 2500 | Average reward:  1351.09 | Step Count: 2043125 | Episode Q0:    37.55
Episode: 983/5000 | Episode reward:  1452.78 | Episode steps: 2500 | Average reward:  1429.74 | Step Count: 2045625 | Episode Q0:    37.55
Episode: 984/5000 | Episode reward:   795.78 | Episode steps: 2500 | Average reward:  1416.15 | Step Count: 2048125 | Episode Q0:    37.55
Episode: 985/5000 | Episode reward:  1566.57 | Episode steps: 2500 | Average reward:  1403.09 | Step Count: 2050625 | Episode Q0:    37.55
Episode: 986/5000 | Episode reward:  1038.08 | Episode steps: 2500 | Average reward:  1362.70 | Step Count: 2053125 | Episode Q0:    37.55
Episode: 987/5000 | Episode reward:  1380.35 | Episode steps: 2500 | Average reward:  1350.53 | Step Count: 2055625 | Episode Q0:    37.55
Episode: 988/5000 | Episode reward:  1236.73 | Episode steps: 2500 | Average reward:  1302.20 | Step Count: 2058125 | Episode Q0:    37.55
Episode: 989/5000 | Episode reward:   688.94 | Episode steps: 2500 | Average reward:  1280.08 | Step Count: 2060625 | Episode Q0:    37.55
Episode: 990/5000 | Episode reward:  1497.12 | Episode steps: 2500 | Average reward:  1298.66 | Step Count: 2063125 | Episode Q0:    37.55
Episode: 991/5000 | Episode reward:   378.98 | Episode steps:  823 | Average reward:  1157.77 | Step Count: 2063948 | Episode Q0:    37.55
Episode: 992/5000 | Episode reward:  1054.27 | Episode steps: 2500 | Average reward:  1108.96 | Step Count: 2066448 | Episode Q0:    37.55
Episode: 993/5000 | Episode reward:  1313.78 | Episode steps: 2500 | Average reward:  1095.06 | Step Count: 2068948 | Episode Q0:    37.55
Episode: 994/5000 | Episode reward:  1683.62 | Episode steps: 2500 | Average reward:  1183.84 | Step Count: 2071448 | Episode Q0:    37.55
Episode: 995/5000 | Episode reward:  1327.10 | Episode steps: 2500 | Average reward:  1159.90 | Step Count: 2073948 | Episode Q0:    37.55
Episode: 996/5000 | Episode reward:  1667.99 | Episode steps: 2500 | Average reward:  1222.89 | Step Count: 2076448 | Episode Q0:    37.55
Episode: 997/5000 | Episode reward:  1238.17 | Episode steps: 2500 | Average reward:  1208.67 | Step Count: 2078948 | Episode Q0:    38.44
Episode: 998/5000 | Episode reward:  1567.93 | Episode steps: 2500 | Average reward:  1241.79 | Step Count: 2081448 | Episode Q0:    38.44
Episode: 999/5000 | Episode reward:  1479.76 | Episode steps: 2500 | Average reward:  1320.87 | Step Count: 2083948 | Episode Q0:    38.44
Episode: 1000/5000 | Episode reward:   655.48 | Episode steps: 2500 | Average reward:  1236.71 | Step Count: 2086448 | Episode Q0:    38.44
Episode: 1001/5000 | Episode reward:  1471.69 | Episode steps: 2500 | Average reward:  1345.98 | Step Count: 2088948 | Episode Q0:    38.44
Episode: 1002/5000 | Episode reward:   848.30 | Episode steps: 2500 | Average reward:  1325.38 | Step Count: 2091448 | Episode Q0:    38.44
Episode: 1003/5000 | Episode reward:  1717.89 | Episode steps: 2500 | Average reward:  1365.79 | Step Count: 2093948 | Episode Q0:    38.44
Episode: 1004/5000 | Episode reward:   675.68 | Episode steps: 2500 | Average reward:  1265.00 | Step Count: 2096448 | Episode Q0:    38.44
Episode: 1005/5000 | Episode reward:  1464.43 | Episode steps: 2500 | Average reward:  1278.73 | Step Count: 2098948 | Episode Q0:    38.44
Episode: 1006/5000 | Episode reward:  1262.61 | Episode steps: 2500 | Average reward:  1238.19 | Step Count: 2101448 | Episode Q0:    38.44
Episode: 1007/5000 | Episode reward:  1405.94 | Episode steps: 2500 | Average reward:  1254.97 | Step Count: 2103948 | Episode Q0:    38.44
Episode: 1008/5000 | Episode reward:  1389.04 | Episode steps: 2500 | Average reward:  1237.08 | Step Count: 2106448 | Episode Q0:    38.44
Episode: 1009/5000 | Episode reward:  1212.12 | Episode steps: 2500 | Average reward:  1210.32 | Step Count: 2108948 | Episode Q0:    38.44
Episode: 1010/5000 | Episode reward:  1518.46 | Episode steps: 2500 | Average reward:  1296.62 | Step Count: 2111448 | Episode Q0:    38.44
Episode: 1011/5000 | Episode reward:   544.42 | Episode steps: 2500 | Average reward:  1203.89 | Step Count: 2113948 | Episode Q0:    38.44
Episode: 1012/5000 | Episode reward:  1624.04 | Episode steps: 2500 | Average reward:  1281.46 | Step Count: 2116448 | Episode Q0:    38.44
Episode: 1013/5000 | Episode reward:  1424.12 | Episode steps: 2500 | Average reward:  1252.09 | Step Count: 2118948 | Episode Q0:    38.44
Episode: 1014/5000 | Episode reward:   198.52 | Episode steps:  391 | Average reward:  1204.37 | Step Count: 2119339 | Episode Q0:    38.44
Episode: 1015/5000 | Episode reward:   326.76 | Episode steps: 2500 | Average reward:  1090.60 | Step Count: 2121839 | Episode Q0:    37.32
Episode: 1016/5000 | Episode reward:  1328.63 | Episode steps: 2500 | Average reward:  1097.21 | Step Count: 2124339 | Episode Q0:    37.32
Episode: 1017/5000 | Episode reward:   486.49 | Episode steps: 2500 | Average reward:  1005.26 | Step Count: 2126839 | Episode Q0:    37.32
Episode: 1018/5000 | Episode reward:   368.14 | Episode steps: 2500 | Average reward:   903.17 | Step Count: 2129339 | Episode Q0:    37.32
Episode: 1019/5000 | Episode reward:  1544.35 | Episode steps: 2500 | Average reward:   936.39 | Step Count: 2131839 | Episode Q0:    37.32
Episode: 1020/5000 | Episode reward:  1003.60 | Episode steps: 2500 | Average reward:   884.91 | Step Count: 2134339 | Episode Q0:    37.32
Episode: 1021/5000 | Episode reward:   666.27 | Episode steps: 2500 | Average reward:   897.09 | Step Count: 2136839 | Episode Q0:    37.32
Episode: 1022/5000 | Episode reward:  1647.62 | Episode steps: 2500 | Average reward:   899.45 | Step Count: 2139339 | Episode Q0:    37.32
Episode: 1023/5000 | Episode reward:   801.90 | Episode steps: 2500 | Average reward:   837.23 | Step Count: 2141839 | Episode Q0:    37.32
Episode: 1024/5000 | Episode reward:   238.34 | Episode steps: 2500 | Average reward:   841.21 | Step Count: 2144339 | Episode Q0:    37.32
Episode: 1025/5000 | Episode reward:   428.71 | Episode steps: 2500 | Average reward:   851.41 | Step Count: 2146839 | Episode Q0:    37.32
Episode: 1026/5000 | Episode reward:   709.34 | Episode steps: 2500 | Average reward:   789.48 | Step Count: 2149339 | Episode Q0:    37.32
Episode: 1027/5000 | Episode reward:   302.09 | Episode steps: 2500 | Average reward:   771.04 | Step Count: 2151839 | Episode Q0:    37.32
Episode: 1028/5000 | Episode reward:  1054.79 | Episode steps: 2500 | Average reward:   839.70 | Step Count: 2154339 | Episode Q0:    37.32
Episode: 1029/5000 | Episode reward:   424.22 | Episode steps: 2500 | Average reward:   727.69 | Step Count: 2156839 | Episode Q0:    37.32
Episode: 1030/5000 | Episode reward:   362.47 | Episode steps: 2500 | Average reward:   663.57 | Step Count: 2159339 | Episode Q0:    37.32
Episode: 1031/5000 | Episode reward:   278.67 | Episode steps:  503 | Average reward:   624.81 | Step Count: 2159842 | Episode Q0:    37.32
Episode: 1032/5000 | Episode reward:   408.31 | Episode steps: 2500 | Average reward:   500.88 | Step Count: 2162342 | Episode Q0:    37.32
Episode: 1033/5000 | Episode reward:  1324.13 | Episode steps: 2500 | Average reward:   553.11 | Step Count: 2164842 | Episode Q0:    37.32
Episode: 1034/5000 | Episode reward:   272.65 | Episode steps: 2500 | Average reward:   556.54 | Step Count: 2167342 | Episode Q0:    37.32
Episode: 1035/5000 | Episode reward:   611.94 | Episode steps:  922 | Average reward:   574.86 | Step Count: 2168264 | Episode Q0:    37.32
Episode: 1036/5000 | Episode reward:   483.60 | Episode steps: 2500 | Average reward:   552.29 | Step Count: 2170764 | Episode Q0:    37.32
Episode: 1037/5000 | Episode reward:   932.34 | Episode steps: 2500 | Average reward:   615.31 | Step Count: 2173264 | Episode Q0:    37.32
Episode: 1038/5000 | Episode reward:   291.16 | Episode steps:  578 | Average reward:   538.95 | Step Count: 2173842 | Episode Q0:    37.32
Episode: 1039/5000 | Episode reward:   251.90 | Episode steps: 2500 | Average reward:   521.72 | Step Count: 2176342 | Episode Q0:    37.32
Episode: 1040/5000 | Episode reward:   169.77 | Episode steps: 2500 | Average reward:   502.45 | Step Count: 2178842 | Episode Q0:    37.32
Episode: 1041/5000 | Episode reward:  1703.47 | Episode steps: 2500 | Average reward:   644.93 | Step Count: 2181342 | Episode Q0:    38.18
Episode: 1042/5000 | Episode reward:  1544.54 | Episode steps: 2500 | Average reward:   758.55 | Step Count: 2183842 | Episode Q0:    38.18
Episode: 1043/5000 | Episode reward:  1298.95 | Episode steps: 2500 | Average reward:   756.03 | Step Count: 2186342 | Episode Q0:    38.18
Episode: 1044/5000 | Episode reward:  1587.40 | Episode steps: 2500 | Average reward:   887.51 | Step Count: 2188842 | Episode Q0:    38.18
Episode: 1045/5000 | Episode reward:  1162.50 | Episode steps: 2500 | Average reward:   942.56 | Step Count: 2191342 | Episode Q0:    38.18
Episode: 1046/5000 | Episode reward:  1453.53 | Episode steps: 2500 | Average reward:  1039.56 | Step Count: 2193842 | Episode Q0:    38.18
Episode: 1047/5000 | Episode reward:  1322.22 | Episode steps: 2500 | Average reward:  1078.54 | Step Count: 2196342 | Episode Q0:    38.18
Episode: 1048/5000 | Episode reward:  1577.97 | Episode steps: 2500 | Average reward:  1207.23 | Step Count: 2198842 | Episode Q0:    38.18
Episode: 1049/5000 | Episode reward:  1512.06 | Episode steps: 2500 | Average reward:  1333.24 | Step Count: 2201342 | Episode Q0:    38.18
Episode: 1050/5000 | Episode reward:  1335.19 | Episode steps: 2500 | Average reward:  1449.78 | Step Count: 2203842 | Episode Q0:    38.18
Episode: 1051/5000 | Episode reward:  1555.91 | Episode steps: 2500 | Average reward:  1435.03 | Step Count: 2206342 | Episode Q0:    38.18
Episode: 1052/5000 | Episode reward:  1615.57 | Episode steps: 2500 | Average reward:  1442.13 | Step Count: 2208842 | Episode Q0:    38.18
Episode: 1053/5000 | Episode reward:  1447.60 | Episode steps: 2500 | Average reward:  1456.99 | Step Count: 2211342 | Episode Q0:    38.18
Episode: 1054/5000 | Episode reward:  1702.11 | Episode steps: 2500 | Average reward:  1468.47 | Step Count: 2213842 | Episode Q0:    38.18
Episode: 1055/5000 | Episode reward:  1441.42 | Episode steps: 2500 | Average reward:  1496.36 | Step Count: 2216342 | Episode Q0:    38.18
Episode: 1056/5000 | Episode reward:  1093.19 | Episode steps: 2500 | Average reward:  1460.32 | Step Count: 2218842 | Episode Q0:    38.18
Episode: 1057/5000 | Episode reward:   833.13 | Episode steps: 2500 | Average reward:  1411.42 | Step Count: 2221342 | Episode Q0:    38.18
Episode: 1058/5000 | Episode reward:  1283.38 | Episode steps: 2500 | Average reward:  1381.96 | Step Count: 2223842 | Episode Q0:    38.18
Episode: 1059/5000 | Episode reward:   526.86 | Episode steps:  875 | Average reward:  1283.44 | Step Count: 2224717 | Episode Q0:    38.18
Episode: 1060/5000 | Episode reward:   240.74 | Episode steps: 2500 | Average reward:  1173.99 | Step Count: 2227217 | Episode Q0:    37.26
Episode: 1061/5000 | Episode reward:   911.18 | Episode steps: 2500 | Average reward:  1109.52 | Step Count: 2229717 | Episode Q0:    37.26
Episode: 1062/5000 | Episode reward:   834.15 | Episode steps: 1680 | Average reward:  1031.38 | Step Count: 2231397 | Episode Q0:    37.26
Episode: 1063/5000 | Episode reward:  1343.48 | Episode steps: 2500 | Average reward:  1020.96 | Step Count: 2233897 | Episode Q0:    37.26
Episode: 1064/5000 | Episode reward:   602.99 | Episode steps: 1522 | Average reward:   911.05 | Step Count: 2235419 | Episode Q0:    37.26
Episode: 1065/5000 | Episode reward:   228.18 | Episode steps:  391 | Average reward:   789.73 | Step Count: 2235810 | Episode Q0:    37.26
Episode: 1066/5000 | Episode reward:   453.25 | Episode steps: 2500 | Average reward:   725.73 | Step Count: 2238310 | Episode Q0:    37.26
Episode: 1067/5000 | Episode reward:   317.93 | Episode steps:  736 | Average reward:   674.21 | Step Count: 2239046 | Episode Q0:    37.26
Episode: 1068/5000 | Episode reward:  1300.34 | Episode steps: 2500 | Average reward:   675.91 | Step Count: 2241546 | Episode Q0:    37.26
Episode: 1069/5000 | Episode reward:   286.28 | Episode steps: 2500 | Average reward:   651.85 | Step Count: 2244046 | Episode Q0:    37.26
Episode: 1070/5000 | Episode reward:   374.91 | Episode steps: 2500 | Average reward:   665.27 | Step Count: 2246546 | Episode Q0:    37.26
Episode: 1071/5000 | Episode reward:   120.56 | Episode steps: 2500 | Average reward:   586.21 | Step Count: 2249046 | Episode Q0:    37.26
Episode: 1072/5000 | Episode reward:   654.63 | Episode steps: 2500 | Average reward:   568.26 | Step Count: 2251546 | Episode Q0:    37.26
Episode: 1073/5000 | Episode reward:  1344.01 | Episode steps: 2500 | Average reward:   568.31 | Step Count: 2254046 | Episode Q0:    37.26
Episode: 1074/5000 | Episode reward:   877.50 | Episode steps: 2500 | Average reward:   595.76 | Step Count: 2256546 | Episode Q0:    37.26
Episode: 1075/5000 | Episode reward:   251.19 | Episode steps:  555 | Average reward:   598.06 | Step Count: 2257101 | Episode Q0:    37.26
Episode: 1076/5000 | Episode reward:  1192.61 | Episode steps: 2500 | Average reward:   672.00 | Step Count: 2259601 | Episode Q0:    37.26
Episode: 1077/5000 | Episode reward:   619.92 | Episode steps: 2500 | Average reward:   702.19 | Step Count: 2262101 | Episode Q0:    37.26
Episode: 1078/5000 | Episode reward:   458.32 | Episode steps:  919 | Average reward:   617.99 | Step Count: 2263020 | Episode Q0:    37.26
Episode: 1079/5000 | Episode reward:   455.96 | Episode steps: 2500 | Average reward:   634.96 | Step Count: 2265520 | Episode Q0:    37.26
Episode: 1080/5000 | Episode reward:   216.70 | Episode steps: 2500 | Average reward:   619.14 | Step Count: 2268020 | Episode Q0:    37.26
Episode: 1081/5000 | Episode reward:   599.39 | Episode steps: 2500 | Average reward:   667.02 | Step Count: 2270520 | Episode Q0:    37.26
Episode: 1082/5000 | Episode reward:   806.55 | Episode steps: 2500 | Average reward:   682.21 | Step Count: 2273020 | Episode Q0:    37.26
Episode: 1083/5000 | Episode reward:   974.17 | Episode steps: 2500 | Average reward:   645.23 | Step Count: 2275520 | Episode Q0:    37.26
Episode: 1084/5000 | Episode reward:   473.55 | Episode steps:  893 | Average reward:   604.84 | Step Count: 2276413 | Episode Q0:    37.26
Episode: 1085/5000 | Episode reward:  1278.41 | Episode steps: 2500 | Average reward:   707.56 | Step Count: 2278913 | Episode Q0:    37.61
Episode: 1086/5000 | Episode reward:   766.96 | Episode steps: 1338 | Average reward:   664.99 | Step Count: 2280251 | Episode Q0:    37.61
Episode: 1087/5000 | Episode reward:  1343.69 | Episode steps: 2500 | Average reward:   737.37 | Step Count: 2282751 | Episode Q0:    37.61
Episode: 1088/5000 | Episode reward:  1473.75 | Episode steps: 2500 | Average reward:   838.91 | Step Count: 2285251 | Episode Q0:    37.61
Episode: 1089/5000 | Episode reward:  1117.66 | Episode steps: 2348 | Average reward:   905.08 | Step Count: 2287599 | Episode Q0:    37.61
Episode: 1090/5000 | Episode reward:  1511.98 | Episode steps: 2500 | Average reward:  1034.61 | Step Count: 2290099 | Episode Q0:    37.61
Episode: 1091/5000 | Episode reward:   846.20 | Episode steps: 1785 | Average reward:  1059.29 | Step Count: 2291884 | Episode Q0:    37.61
Episode: 1092/5000 | Episode reward:  1280.90 | Episode steps: 2500 | Average reward:  1106.73 | Step Count: 2294384 | Episode Q0:    37.61
Episode: 1093/5000 | Episode reward:  1652.63 | Episode steps: 2500 | Average reward:  1174.57 | Step Count: 2296884 | Episode Q0:    37.61
Episode: 1094/5000 | Episode reward:   267.44 | Episode steps:  466 | Average reward:  1153.96 | Step Count: 2297350 | Episode Q0:    37.61
Episode: 1095/5000 | Episode reward:  1329.44 | Episode steps: 2500 | Average reward:  1159.07 | Step Count: 2299850 | Episode Q0:    37.61
Episode: 1096/5000 | Episode reward:  1035.79 | Episode steps: 2060 | Average reward:  1185.95 | Step Count: 2301910 | Episode Q0:    37.61
Episode: 1097/5000 | Episode reward:  1110.03 | Episode steps: 2500 | Average reward:  1162.58 | Step Count: 2304410 | Episode Q0:    37.61
Episode: 1098/5000 | Episode reward:  1208.09 | Episode steps: 2500 | Average reward:  1136.02 | Step Count: 2306910 | Episode Q0:    37.61
Episode: 1099/5000 | Episode reward:  1268.76 | Episode steps: 2500 | Average reward:  1151.13 | Step Count: 2309410 | Episode Q0:    37.61
Episode: 1100/5000 | Episode reward:   844.47 | Episode steps: 1652 | Average reward:  1084.37 | Step Count: 2311062 | Episode Q0:    37.61
Episode: 1101/5000 | Episode reward:  1352.14 | Episode steps: 2500 | Average reward:  1134.97 | Step Count: 2313562 | Episode Q0:    37.61
Episode: 1102/5000 | Episode reward:  1438.35 | Episode steps: 2500 | Average reward:  1150.71 | Step Count: 2316062 | Episode Q0:    37.61
Episode: 1103/5000 | Episode reward:   810.70 | Episode steps: 1850 | Average reward:  1066.52 | Step Count: 2317912 | Episode Q0:    37.61
Episode: 1104/5000 | Episode reward:  1361.30 | Episode steps: 2500 | Average reward:  1175.91 | Step Count: 2320412 | Episode Q0:    37.62
Episode: 1105/5000 | Episode reward:   409.63 | Episode steps:  864 | Average reward:  1083.92 | Step Count: 2321276 | Episode Q0:    37.62
Episode: 1106/5000 | Episode reward:  1339.97 | Episode steps: 2500 | Average reward:  1114.34 | Step Count: 2323776 | Episode Q0:    37.62
Episode: 1107/5000 | Episode reward:   422.21 | Episode steps:  815 | Average reward:  1045.56 | Step Count: 2324591 | Episode Q0:    37.62
Episode: 1108/5000 | Episode reward:  1389.58 | Episode steps: 2500 | Average reward:  1063.71 | Step Count: 2327091 | Episode Q0:    37.62
Episode: 1109/5000 | Episode reward:  1399.44 | Episode steps: 2500 | Average reward:  1076.78 | Step Count: 2329591 | Episode Q0:    37.62
Episode: 1110/5000 | Episode reward:  1446.54 | Episode steps: 2500 | Average reward:  1136.99 | Step Count: 2332091 | Episode Q0:    37.62
Episode: 1111/5000 | Episode reward:  1215.66 | Episode steps: 2500 | Average reward:  1123.34 | Step Count: 2334591 | Episode Q0:    37.62
Episode: 1112/5000 | Episode reward:  1146.99 | Episode steps: 2147 | Average reward:  1094.20 | Step Count: 2336738 | Episode Q0:    37.62
Episode: 1113/5000 | Episode reward:   969.53 | Episode steps: 2500 | Average reward:  1110.09 | Step Count: 2339238 | Episode Q0:    37.62
Episode: 1114/5000 | Episode reward:  1180.63 | Episode steps: 2500 | Average reward:  1092.02 | Step Count: 2341738 | Episode Q0:    37.62
Episode: 1115/5000 | Episode reward:  1235.68 | Episode steps: 2500 | Average reward:  1174.62 | Step Count: 2344238 | Episode Q0:    37.62
Episode: 1116/5000 | Episode reward:  1196.38 | Episode steps: 2227 | Average reward:  1160.26 | Step Count: 2346465 | Episode Q0:    37.62
Episode: 1117/5000 | Episode reward:  1266.35 | Episode steps: 2500 | Average reward:  1244.68 | Step Count: 2348965 | Episode Q0:    37.62
Episode: 1118/5000 | Episode reward:  1317.31 | Episode steps: 2500 | Average reward:  1237.45 | Step Count: 2351465 | Episode Q0:    37.62
Episode: 1119/5000 | Episode reward:  1009.15 | Episode steps: 1975 | Average reward:  1198.42 | Step Count: 2353440 | Episode Q0:    37.62
Episode: 1120/5000 | Episode reward:  1662.76 | Episode steps: 2500 | Average reward:  1220.04 | Step Count: 2355940 | Episode Q0:    37.62
Episode: 1121/5000 | Episode reward:  1247.52 | Episode steps: 2500 | Average reward:  1223.23 | Step Count: 2358440 | Episode Q0:    37.62
Episode: 1122/5000 | Episode reward:   187.18 | Episode steps:  372 | Average reward:  1127.25 | Step Count: 2358812 | Episode Q0:    37.62
Episode: 1123/5000 | Episode reward:   984.63 | Episode steps: 2230 | Average reward:  1128.76 | Step Count: 2361042 | Episode Q0:    37.62
Episode: 1124/5000 | Episode reward:  1206.27 | Episode steps: 2500 | Average reward:  1131.32 | Step Count: 2363542 | Episode Q0:    37.62
Episode: 1125/5000 | Episode reward:  1334.52 | Episode steps: 2500 | Average reward:  1141.21 | Step Count: 2366042 | Episode Q0:    37.62
Episode: 1126/5000 | Episode reward:  1324.71 | Episode steps: 2500 | Average reward:  1154.04 | Step Count: 2368542 | Episode Q0:    37.62
Episode: 1127/5000 | Episode reward:  1407.78 | Episode steps: 2500 | Average reward:  1168.18 | Step Count: 2371042 | Episode Q0:    37.62
Episode: 1128/5000 | Episode reward:  1116.28 | Episode steps: 2500 | Average reward:  1148.08 | Step Count: 2373542 | Episode Q0:    37.62
Episode: 1129/5000 | Episode reward:  1287.75 | Episode steps: 2500 | Average reward:  1175.94 | Step Count: 2376042 | Episode Q0:    38.59
Episode: 1130/5000 | Episode reward:  1267.73 | Episode steps: 2500 | Average reward:  1136.44 | Step Count: 2378542 | Episode Q0:    38.59
Episode: 1131/5000 | Episode reward:  1294.44 | Episode steps: 2500 | Average reward:  1141.13 | Step Count: 2381042 | Episode Q0:    38.59
Episode: 1132/5000 | Episode reward:  1190.84 | Episode steps: 2500 | Average reward:  1241.49 | Step Count: 2383542 | Episode Q0:    38.59
Episode: 1133/5000 | Episode reward:  1220.14 | Episode steps: 2500 | Average reward:  1265.05 | Step Count: 2386042 | Episode Q0:    38.59
Episode: 1134/5000 | Episode reward:  1272.94 | Episode steps: 2500 | Average reward:  1271.71 | Step Count: 2388542 | Episode Q0:    38.59
Episode: 1135/5000 | Episode reward:  1257.31 | Episode steps: 2500 | Average reward:  1263.99 | Step Count: 2391042 | Episode Q0:    38.59
Episode: 1136/5000 | Episode reward:  1289.07 | Episode steps: 2500 | Average reward:  1260.43 | Step Count: 2393542 | Episode Q0:    38.59
Episode: 1137/5000 | Episode reward:  1298.22 | Episode steps: 2500 | Average reward:  1249.47 | Step Count: 2396042 | Episode Q0:    38.59
Episode: 1138/5000 | Episode reward:  1284.35 | Episode steps: 2500 | Average reward:  1266.28 | Step Count: 2398542 | Episode Q0:    38.59
Episode: 1139/5000 | Episode reward:  1249.32 | Episode steps: 2500 | Average reward:  1262.44 | Step Count: 2401042 | Episode Q0:    38.59
Episode: 1140/5000 | Episode reward:  1299.45 | Episode steps: 2500 | Average reward:  1265.61 | Step Count: 2403542 | Episode Q0:    38.59
Episode: 1141/5000 | Episode reward:  1236.91 | Episode steps: 2500 | Average reward:  1259.86 | Step Count: 2406042 | Episode Q0:    38.59
Episode: 1142/5000 | Episode reward:  1181.20 | Episode steps: 2500 | Average reward:  1258.89 | Step Count: 2408542 | Episode Q0:    38.59
Episode: 1143/5000 | Episode reward:  1257.34 | Episode steps: 2500 | Average reward:  1262.61 | Step Count: 2411042 | Episode Q0:    38.59
Episode: 1144/5000 | Episode reward:   465.15 | Episode steps:  885 | Average reward:  1181.83 | Step Count: 2411927 | Episode Q0:    38.59
Episode: 1145/5000 | Episode reward:  1216.36 | Episode steps: 2500 | Average reward:  1177.74 | Step Count: 2414427 | Episode Q0:    38.59
Episode: 1146/5000 | Episode reward:  1320.48 | Episode steps: 2500 | Average reward:  1180.88 | Step Count: 2416927 | Episode Q0:    38.59
Episode: 1147/5000 | Episode reward:  1180.17 | Episode steps: 2500 | Average reward:  1169.07 | Step Count: 2419427 | Episode Q0:    38.59
Episode: 1148/5000 | Episode reward:   412.91 | Episode steps:  807 | Average reward:  1081.93 | Step Count: 2420234 | Episode Q0:    38.59
Episode: 1149/5000 | Episode reward:  1198.57 | Episode steps: 2500 | Average reward:  1076.86 | Step Count: 2422734 | Episode Q0:    37.90
Episode: 1150/5000 | Episode reward:   163.43 | Episode steps:  360 | Average reward:   963.25 | Step Count: 2423094 | Episode Q0:    37.90
Episode: 1151/5000 | Episode reward:  1216.32 | Episode steps: 2500 | Average reward:   961.19 | Step Count: 2425594 | Episode Q0:    37.90
Episode: 1152/5000 | Episode reward:  1184.88 | Episode steps: 2492 | Average reward:   961.56 | Step Count: 2428086 | Episode Q0:    37.90
Episode: 1153/5000 | Episode reward:  1170.72 | Episode steps: 2500 | Average reward:   952.90 | Step Count: 2430586 | Episode Q0:    37.90
Episode: 1154/5000 | Episode reward:   950.71 | Episode steps: 1964 | Average reward:  1001.46 | Step Count: 2432550 | Episode Q0:    37.90
Episode: 1155/5000 | Episode reward:   921.36 | Episode steps: 1868 | Average reward:   971.96 | Step Count: 2434418 | Episode Q0:    37.90
Episode: 1156/5000 | Episode reward:   975.34 | Episode steps: 2059 | Average reward:   937.44 | Step Count: 2436477 | Episode Q0:    37.90
Episode: 1157/5000 | Episode reward:  1167.81 | Episode steps: 2500 | Average reward:   936.21 | Step Count: 2438977 | Episode Q0:    37.90
Episode: 1158/5000 | Episode reward:   725.69 | Episode steps: 1492 | Average reward:   967.48 | Step Count: 2440469 | Episode Q0:    37.90
Episode: 1159/5000 | Episode reward:  1189.41 | Episode steps: 2500 | Average reward:   966.57 | Step Count: 2442969 | Episode Q0:    37.90
Episode: 1160/5000 | Episode reward:   529.94 | Episode steps: 1090 | Average reward:  1003.22 | Step Count: 2444059 | Episode Q0:    37.90
Episode: 1161/5000 | Episode reward:  1256.16 | Episode steps: 2500 | Average reward:  1007.20 | Step Count: 2446559 | Episode Q0:    37.90
Episode: 1162/5000 | Episode reward:  1184.12 | Episode steps: 2500 | Average reward:  1007.13 | Step Count: 2449059 | Episode Q0:    37.90
Episode: 1163/5000 | Episode reward:  1220.35 | Episode steps: 2500 | Average reward:  1012.09 | Step Count: 2451559 | Episode Q0:    37.90
Episode: 1164/5000 | Episode reward:  1047.22 | Episode steps: 2153 | Average reward:  1021.74 | Step Count: 2453712 | Episode Q0:    37.90
Episode: 1165/5000 | Episode reward:   155.49 | Episode steps:  309 | Average reward:   945.15 | Step Count: 2454021 | Episode Q0:    37.90
Episode: 1166/5000 | Episode reward:   916.29 | Episode steps: 1829 | Average reward:   939.25 | Step Count: 2455850 | Episode Q0:    37.90
Episode: 1167/5000 | Episode reward:   865.29 | Episode steps: 1919 | Average reward:   908.99 | Step Count: 2457769 | Episode Q0:    37.90
Episode: 1168/5000 | Episode reward:   784.28 | Episode steps: 1644 | Average reward:   914.85 | Step Count: 2459413 | Episode Q0:    37.90
Episode: 1169/5000 | Episode reward:   386.63 | Episode steps:  656 | Average reward:   834.58 | Step Count: 2460069 | Episode Q0:    37.90
Episode: 1170/5000 | Episode reward:  1221.66 | Episode steps: 2500 | Average reward:   903.75 | Step Count: 2462569 | Episode Q0:    37.90
Episode: 1171/5000 | Episode reward:   799.03 | Episode steps: 1677 | Average reward:   858.04 | Step Count: 2464246 | Episode Q0:    37.90
Episode: 1172/5000 | Episode reward:   272.80 | Episode steps:  770 | Average reward:   766.90 | Step Count: 2465016 | Episode Q0:    37.90
Episode: 1173/5000 | Episode reward:  1221.01 | Episode steps: 2500 | Average reward:   766.97 | Step Count: 2467516 | Episode Q0:    37.30
Episode: 1174/5000 | Episode reward:  1125.05 | Episode steps: 2402 | Average reward:   774.75 | Step Count: 2469918 | Episode Q0:    37.30
Episode: 1175/5000 | Episode reward:   867.11 | Episode steps: 1742 | Average reward:   845.91 | Step Count: 2471660 | Episode Q0:    37.30
Episode: 1176/5000 | Episode reward:  1232.20 | Episode steps: 2500 | Average reward:   877.51 | Step Count: 2474160 | Episode Q0:    37.30
Episode: 1177/5000 | Episode reward:  1259.45 | Episode steps: 2500 | Average reward:   916.92 | Step Count: 2476660 | Episode Q0:    37.30
Episode: 1178/5000 | Episode reward:  1281.06 | Episode steps: 2500 | Average reward:   966.60 | Step Count: 2479160 | Episode Q0:    37.30
Episode: 1179/5000 | Episode reward:  1183.27 | Episode steps: 2500 | Average reward:  1046.26 | Step Count: 2481660 | Episode Q0:    37.30
Episode: 1180/5000 | Episode reward:   514.96 | Episode steps: 1083 | Average reward:   975.59 | Step Count: 2482743 | Episode Q0:    37.30
Episode: 1181/5000 | Episode reward:  1181.05 | Episode steps: 2500 | Average reward:  1013.80 | Step Count: 2485243 | Episode Q0:    37.30
Episode: 1182/5000 | Episode reward:   421.50 | Episode steps:  879 | Average reward:  1028.67 | Step Count: 2486122 | Episode Q0:    37.30
Episode: 1183/5000 | Episode reward:  1227.95 | Episode steps: 2500 | Average reward:  1029.36 | Step Count: 2488622 | Episode Q0:    37.30
Episode: 1184/5000 | Episode reward:  1220.57 | Episode steps: 2500 | Average reward:  1038.91 | Step Count: 2491122 | Episode Q0:    37.30
Episode: 1185/5000 | Episode reward:  1226.19 | Episode steps: 2500 | Average reward:  1074.82 | Step Count: 2493622 | Episode Q0:    37.30
Episode: 1186/5000 | Episode reward:  1215.04 | Episode steps: 2497 | Average reward:  1073.10 | Step Count: 2496119 | Episode Q0:    37.30
Episode: 1187/5000 | Episode reward:  1211.31 | Episode steps: 2500 | Average reward:  1068.29 | Step Count: 2498619 | Episode Q0:    37.30
Episode: 1188/5000 | Episode reward:  1190.41 | Episode steps: 2500 | Average reward:  1059.22 | Step Count: 2501119 | Episode Q0:    37.30
Episode: 1189/5000 | Episode reward:  1170.61 | Episode steps: 2500 | Average reward:  1057.96 | Step Count: 2503619 | Episode Q0:    37.30
Episode: 1190/5000 | Episode reward:  1245.31 | Episode steps: 2500 | Average reward:  1130.99 | Step Count: 2506119 | Episode Q0:    37.30
Episode: 1191/5000 | Episode reward:  1241.45 | Episode steps: 2500 | Average reward:  1137.03 | Step Count: 2508619 | Episode Q0:    37.30
Episode: 1192/5000 | Episode reward:  1245.11 | Episode steps: 2500 | Average reward:  1219.40 | Step Count: 2511119 | Episode Q0:    37.30
Episode: 1193/5000 | Episode reward:  1207.05 | Episode steps: 2500 | Average reward:  1217.31 | Step Count: 2513619 | Episode Q0:    38.05
Episode: 1194/5000 | Episode reward:  1228.56 | Episode steps: 2500 | Average reward:  1218.11 | Step Count: 2516119 | Episode Q0:    38.05
Episode: 1195/5000 | Episode reward:  1211.96 | Episode steps: 2500 | Average reward:  1216.68 | Step Count: 2518619 | Episode Q0:    38.05
Episode: 1196/5000 | Episode reward:  1229.88 | Episode steps: 2500 | Average reward:  1218.17 | Step Count: 2521119 | Episode Q0:    38.05
Episode: 1197/5000 | Episode reward:  1213.61 | Episode steps: 2500 | Average reward:  1218.40 | Step Count: 2523619 | Episode Q0:    38.05
Episode: 1198/5000 | Episode reward:  1199.86 | Episode steps: 2500 | Average reward:  1219.34 | Step Count: 2526119 | Episode Q0:    38.05
Episode: 1199/5000 | Episode reward:  1212.44 | Episode steps: 2500 | Average reward:  1223.52 | Step Count: 2528619 | Episode Q0:    38.05
Episode: 1200/5000 | Episode reward:  1252.40 | Episode steps: 2500 | Average reward:  1224.23 | Step Count: 2531119 | Episode Q0:    38.05
Episode: 1201/5000 | Episode reward:  1230.80 | Episode steps: 2500 | Average reward:  1223.17 | Step Count: 2533619 | Episode Q0:    38.05
Episode: 1202/5000 | Episode reward:   852.99 | Episode steps: 1707 | Average reward:  1183.95 | Step Count: 2535326 | Episode Q0:    38.05
Episode: 1203/5000 | Episode reward:  1203.91 | Episode steps: 2500 | Average reward:  1183.64 | Step Count: 2537826 | Episode Q0:    38.05
Episode: 1204/5000 | Episode reward:  1180.82 | Episode steps: 2500 | Average reward:  1178.87 | Step Count: 2540326 | Episode Q0:    38.05
Episode: 1205/5000 | Episode reward:  1187.62 | Episode steps: 2500 | Average reward:  1176.43 | Step Count: 2542826 | Episode Q0:    38.05
Episode: 1206/5000 | Episode reward:  1178.95 | Episode steps: 2500 | Average reward:  1171.34 | Step Count: 2545326 | Episode Q0:    38.05
Episode: 1207/5000 | Episode reward:  1237.53 | Episode steps: 2500 | Average reward:  1173.73 | Step Count: 2547826 | Episode Q0:    38.05
Episode: 1208/5000 | Episode reward:  1232.90 | Episode steps: 2500 | Average reward:  1177.04 | Step Count: 2550326 | Episode Q0:    38.05
Episode: 1209/5000 | Episode reward:  1206.97 | Episode steps: 2500 | Average reward:  1176.49 | Step Count: 2552826 | Episode Q0:    38.05
Episode: 1210/5000 | Episode reward:  1236.66 | Episode steps: 2500 | Average reward:  1174.92 | Step Count: 2555326 | Episode Q0:    38.05
Episode: 1211/5000 | Episode reward:  1233.17 | Episode steps: 2500 | Average reward:  1175.15 | Step Count: 2557826 | Episode Q0:    38.05
Episode: 1212/5000 | Episode reward:   854.72 | Episode steps: 1745 | Average reward:  1175.33 | Step Count: 2559571 | Episode Q0:    38.05
Episode: 1213/5000 | Episode reward:  1246.33 | Episode steps: 2500 | Average reward:  1179.57 | Step Count: 2562071 | Episode Q0:    38.05
Episode: 1214/5000 | Episode reward:  1220.19 | Episode steps: 2500 | Average reward:  1183.50 | Step Count: 2564571 | Episode Q0:    38.05
Episode: 1215/5000 | Episode reward:  1162.06 | Episode steps: 2500 | Average reward:  1180.95 | Step Count: 2567071 | Episode Q0:    38.05
Episode: 1216/5000 | Episode reward:  1244.43 | Episode steps: 2500 | Average reward:  1187.50 | Step Count: 2569571 | Episode Q0:    38.05
Episode: 1217/5000 | Episode reward:   778.27 | Episode steps: 1617 | Average reward:  1141.57 | Step Count: 2571188 | Episode Q0:    37.74
Episode: 1218/5000 | Episode reward:   442.14 | Episode steps:  914 | Average reward:  1062.49 | Step Count: 2572102 | Episode Q0:    37.74
Episode: 1219/5000 | Episode reward:  1021.06 | Episode steps: 2178 | Average reward:  1043.90 | Step Count: 2574280 | Episode Q0:    37.74
Episode: 1220/5000 | Episode reward:  1187.07 | Episode steps: 2500 | Average reward:  1038.94 | Step Count: 2576780 | Episode Q0:    37.74
Episode: 1221/5000 | Episode reward:  1206.50 | Episode steps: 2500 | Average reward:  1036.28 | Step Count: 2579280 | Episode Q0:    37.74
Episode: 1222/5000 | Episode reward:  1164.77 | Episode steps: 2500 | Average reward:  1067.28 | Step Count: 2581780 | Episode Q0:    37.74
Episode: 1223/5000 | Episode reward:   831.93 | Episode steps: 1631 | Average reward:  1025.84 | Step Count: 2583411 | Episode Q0:    37.74
Episode: 1224/5000 | Episode reward:  1143.49 | Episode steps: 2500 | Average reward:  1018.17 | Step Count: 2585911 | Episode Q0:    37.74
Episode: 1225/5000 | Episode reward:   821.52 | Episode steps: 1798 | Average reward:   984.12 | Step Count: 2587709 | Episode Q0:    37.74
Episode: 1226/5000 | Episode reward:   305.91 | Episode steps:  661 | Average reward:   890.27 | Step Count: 2588370 | Episode Q0:    37.74
Episode: 1227/5000 | Episode reward:  1258.82 | Episode steps: 2500 | Average reward:   938.32 | Step Count: 2590870 | Episode Q0:    37.74
Episode: 1228/5000 | Episode reward:  1193.92 | Episode steps: 2500 | Average reward:  1013.50 | Step Count: 2593370 | Episode Q0:    37.74
Episode: 1229/5000 | Episode reward:  1238.44 | Episode steps: 2500 | Average reward:  1035.24 | Step Count: 2595870 | Episode Q0:    37.74
Episode: 1230/5000 | Episode reward:   739.71 | Episode steps: 1531 | Average reward:   990.50 | Step Count: 2597401 | Episode Q0:    37.74
Episode: 1231/5000 | Episode reward:  1173.57 | Episode steps: 2500 | Average reward:   987.21 | Step Count: 2599901 | Episode Q0:    37.74
Episode: 1232/5000 | Episode reward:  1242.80 | Episode steps: 2500 | Average reward:   995.01 | Step Count: 2602401 | Episode Q0:    37.74
Episode: 1233/5000 | Episode reward:   572.56 | Episode steps: 1175 | Average reward:   969.07 | Step Count: 2603576 | Episode Q0:    37.74
Episode: 1234/5000 | Episode reward:   210.20 | Episode steps:  382 | Average reward:   875.74 | Step Count: 2603958 | Episode Q0:    37.74
Episode: 1235/5000 | Episode reward:   593.31 | Episode steps: 1342 | Average reward:   852.92 | Step Count: 2605300 | Episode Q0:    37.74
Episode: 1236/5000 | Episode reward:   248.15 | Episode steps:  461 | Average reward:   847.15 | Step Count: 2605761 | Episode Q0:    37.74
Episode: 1237/5000 | Episode reward:  1158.41 | Episode steps: 2500 | Average reward:   837.11 | Step Count: 2608261 | Episode Q0:    36.60
Episode: 1238/5000 | Episode reward:  1153.42 | Episode steps: 2500 | Average reward:   833.06 | Step Count: 2610761 | Episode Q0:    36.60
Episode: 1239/5000 | Episode reward:   885.41 | Episode steps: 1959 | Average reward:   797.75 | Step Count: 2612720 | Episode Q0:    36.60
Episode: 1240/5000 | Episode reward:  1189.88 | Episode steps: 2500 | Average reward:   842.77 | Step Count: 2615220 | Episode Q0:    36.60
Episode: 1241/5000 | Episode reward:  1180.57 | Episode steps: 2500 | Average reward:   843.47 | Step Count: 2617720 | Episode Q0:    36.60
Episode: 1242/5000 | Episode reward:  1150.35 | Episode steps: 2500 | Average reward:   834.23 | Step Count: 2620220 | Episode Q0:    36.60
Episode: 1243/5000 | Episode reward:  1031.01 | Episode steps: 2109 | Average reward:   880.07 | Step Count: 2622329 | Episode Q0:    36.60
Episode: 1244/5000 | Episode reward:  1084.14 | Episode steps: 2500 | Average reward:   967.47 | Step Count: 2624829 | Episode Q0:    36.60
Episode: 1245/5000 | Episode reward:  1191.29 | Episode steps: 2500 | Average reward:  1027.26 | Step Count: 2627329 | Episode Q0:    36.60
Episode: 1246/5000 | Episode reward:  1189.10 | Episode steps: 2500 | Average reward:  1121.36 | Step Count: 2629829 | Episode Q0:    36.60
Episode: 1247/5000 | Episode reward:  1201.63 | Episode steps: 2500 | Average reward:  1125.68 | Step Count: 2632329 | Episode Q0:    36.60
Episode: 1248/5000 | Episode reward:  1198.53 | Episode steps: 2500 | Average reward:  1130.19 | Step Count: 2634829 | Episode Q0:    36.60
Episode: 1249/5000 | Episode reward:  1101.15 | Episode steps: 2500 | Average reward:  1151.77 | Step Count: 2637329 | Episode Q0:    36.60
Episode: 1250/5000 | Episode reward:  1128.24 | Episode steps: 2500 | Average reward:  1145.60 | Step Count: 2639829 | Episode Q0:    36.60
Episode: 1251/5000 | Episode reward:  1173.47 | Episode steps: 2500 | Average reward:  1144.89 | Step Count: 2642329 | Episode Q0:    36.60
Episode: 1252/5000 | Episode reward:   596.01 | Episode steps: 1291 | Average reward:  1089.46 | Step Count: 2643620 | Episode Q0:    36.60
Episode: 1253/5000 | Episode reward:  1156.45 | Episode steps: 2500 | Average reward:  1102.00 | Step Count: 2646120 | Episode Q0:    36.60
Episode: 1254/5000 | Episode reward:   302.27 | Episode steps:  595 | Average reward:  1023.82 | Step Count: 2646715 | Episode Q0:    36.60
Episode: 1255/5000 | Episode reward:  1177.41 | Episode steps: 2500 | Average reward:  1022.43 | Step Count: 2649215 | Episode Q0:    36.60
Episode: 1256/5000 | Episode reward:   375.05 | Episode steps:  848 | Average reward:   941.02 | Step Count: 2650063 | Episode Q0:    36.60
Episode: 1257/5000 | Episode reward:   428.92 | Episode steps:  865 | Average reward:   863.75 | Step Count: 2650928 | Episode Q0:    36.60
Episode: 1258/5000 | Episode reward:   593.75 | Episode steps: 1218 | Average reward:   803.27 | Step Count: 2652146 | Episode Q0:    36.60
Episode: 1259/5000 | Episode reward:  1143.19 | Episode steps: 2500 | Average reward:   807.48 | Step Count: 2654646 | Episode Q0:    36.60
Episode: 1260/5000 | Episode reward:  1181.98 | Episode steps: 2500 | Average reward:   812.85 | Step Count: 2657146 | Episode Q0:    36.60
Episode: 1261/5000 | Episode reward:  1305.47 | Episode steps: 2500 | Average reward:   826.05 | Step Count: 2659646 | Episode Q0:    36.37
Episode: 1262/5000 | Episode reward:  1269.46 | Episode steps: 2500 | Average reward:   893.40 | Step Count: 2662146 | Episode Q0:    36.37
Episode: 1263/5000 | Episode reward:  1270.86 | Episode steps: 2500 | Average reward:   904.84 | Step Count: 2664646 | Episode Q0:    36.37
Episode: 1264/5000 | Episode reward:  1157.24 | Episode steps: 2500 | Average reward:   990.33 | Step Count: 2667146 | Episode Q0:    36.37
Episode: 1265/5000 | Episode reward:   901.86 | Episode steps: 1785 | Average reward:   962.78 | Step Count: 2668931 | Episode Q0:    36.37
Episode: 1266/5000 | Episode reward:  1308.82 | Episode steps: 2500 | Average reward:  1056.16 | Step Count: 2671431 | Episode Q0:    36.37
Episode: 1267/5000 | Episode reward:  1308.38 | Episode steps: 2500 | Average reward:  1144.10 | Step Count: 2673931 | Episode Q0:    36.37
Episode: 1268/5000 | Episode reward:  1246.31 | Episode steps: 2500 | Average reward:  1209.36 | Step Count: 2676431 | Episode Q0:    36.37
Episode: 1269/5000 | Episode reward:  1223.76 | Episode steps: 2500 | Average reward:  1217.41 | Step Count: 2678931 | Episode Q0:    36.37
Episode: 1270/5000 | Episode reward:  1163.22 | Episode steps: 2236 | Average reward:  1215.54 | Step Count: 2681167 | Episode Q0:    36.37
Episode: 1271/5000 | Episode reward:  1206.68 | Episode steps: 2500 | Average reward:  1205.66 | Step Count: 2683667 | Episode Q0:    36.37
Episode: 1272/5000 | Episode reward:  1272.46 | Episode steps: 2500 | Average reward:  1205.96 | Step Count: 2686167 | Episode Q0:    36.37
Episode: 1273/5000 | Episode reward:  1240.95 | Episode steps: 2500 | Average reward:  1202.97 | Step Count: 2688667 | Episode Q0:    36.37
Episode: 1274/5000 | Episode reward:  1272.02 | Episode steps: 2500 | Average reward:  1214.45 | Step Count: 2691167 | Episode Q0:    36.37
Episode: 1275/5000 | Episode reward:   596.59 | Episode steps: 1200 | Average reward:  1183.92 | Step Count: 2692367 | Episode Q0:    36.37
Episode: 1276/5000 | Episode reward:  1219.13 | Episode steps: 2500 | Average reward:  1174.95 | Step Count: 2694867 | Episode Q0:    36.37
Episode: 1277/5000 | Episode reward:  1227.59 | Episode steps: 2500 | Average reward:  1166.87 | Step Count: 2697367 | Episode Q0:    36.37
Episode: 1278/5000 | Episode reward:  1254.25 | Episode steps: 2500 | Average reward:  1167.67 | Step Count: 2699867 | Episode Q0:    36.37
Episode: 1279/5000 | Episode reward:  1307.24 | Episode steps: 2500 | Average reward:  1176.01 | Step Count: 2702367 | Episode Q0:    36.37
Episode: 1280/5000 | Episode reward:  1235.49 | Episode steps: 2500 | Average reward:  1183.24 | Step Count: 2704867 | Episode Q0:    36.37
Episode: 1281/5000 | Episode reward:  1232.89 | Episode steps: 2500 | Average reward:  1185.86 | Step Count: 2707367 | Episode Q0:    36.82
Episode: 1282/5000 | Episode reward:  1298.71 | Episode steps: 2500 | Average reward:  1188.49 | Step Count: 2709867 | Episode Q0:    36.82
Episode: 1283/5000 | Episode reward:  1240.28 | Episode steps: 2500 | Average reward:  1188.42 | Step Count: 2712367 | Episode Q0:    36.82
Episode: 1284/5000 | Episode reward:  1271.88 | Episode steps: 2500 | Average reward:  1188.40 | Step Count: 2714867 | Episode Q0:    36.82
Episode: 1285/5000 | Episode reward:  1238.68 | Episode steps: 2500 | Average reward:  1252.61 | Step Count: 2717367 | Episode Q0:    36.82
Episode: 1286/5000 | Episode reward:  1275.27 | Episode steps: 2500 | Average reward:  1258.23 | Step Count: 2719867 | Episode Q0:    36.82
Episode: 1287/5000 | Episode reward:  1237.42 | Episode steps: 2500 | Average reward:  1259.21 | Step Count: 2722367 | Episode Q0:    36.82
Episode: 1288/5000 | Episode reward:  1220.68 | Episode steps: 2500 | Average reward:  1255.85 | Step Count: 2724867 | Episode Q0:    36.82
Episode: 1289/5000 | Episode reward:  1217.54 | Episode steps: 2500 | Average reward:  1246.88 | Step Count: 2727367 | Episode Q0:    36.82
Episode: 1290/5000 | Episode reward:  1242.51 | Episode steps: 2500 | Average reward:  1247.59 | Step Count: 2729867 | Episode Q0:    36.82
Episode: 1291/5000 | Episode reward:  1223.56 | Episode steps: 2500 | Average reward:  1246.65 | Step Count: 2732367 | Episode Q0:    36.82
Episode: 1292/5000 | Episode reward:  1218.40 | Episode steps: 2500 | Average reward:  1238.62 | Step Count: 2734867 | Episode Q0:    36.82
Episode: 1293/5000 | Episode reward:  1229.65 | Episode steps: 2500 | Average reward:  1237.56 | Step Count: 2737367 | Episode Q0:    36.82
Episode: 1294/5000 | Episode reward:  1243.17 | Episode steps: 2500 | Average reward:  1234.69 | Step Count: 2739867 | Episode Q0:    36.82
Episode: 1295/5000 | Episode reward:  1269.82 | Episode steps: 2500 | Average reward:  1237.80 | Step Count: 2742367 | Episode Q0:    36.82
Episode: 1296/5000 | Episode reward:  1232.43 | Episode steps: 2500 | Average reward:  1233.52 | Step Count: 2744867 | Episode Q0:    36.82
Episode: 1297/5000 | Episode reward:  1249.52 | Episode steps: 2500 | Average reward:  1234.73 | Step Count: 2747367 | Episode Q0:    36.82
Episode: 1298/5000 | Episode reward:  1205.88 | Episode steps: 2500 | Average reward:  1233.25 | Step Count: 2749867 | Episode Q0:    36.82
Episode: 1299/5000 | Episode reward:  1249.25 | Episode steps: 2500 | Average reward:  1236.42 | Step Count: 2752367 | Episode Q0:    36.82
Episode: 1300/5000 | Episode reward:  1269.32 | Episode steps: 2500 | Average reward:  1239.10 | Step Count: 2754867 | Episode Q0:    36.82
Episode: 1301/5000 | Episode reward:  1257.58 | Episode steps: 2500 | Average reward:  1242.50 | Step Count: 2757367 | Episode Q0:    36.82
Episode: 1302/5000 | Episode reward:  1277.68 | Episode steps: 2500 | Average reward:  1248.43 | Step Count: 2759867 | Episode Q0:    36.82
Episode: 1303/5000 | Episode reward:  1332.43 | Episode steps: 2500 | Average reward:  1258.71 | Step Count: 2762367 | Episode Q0:    36.82
Episode: 1304/5000 | Episode reward:  1231.08 | Episode steps: 2500 | Average reward:  1257.50 | Step Count: 2764867 | Episode Q0:    36.82
Episode: 1305/5000 | Episode reward:  1257.94 | Episode steps: 2500 | Average reward:  1256.31 | Step Count: 2767367 | Episode Q0:    37.23
Episode: 1306/5000 | Episode reward:  1275.02 | Episode steps: 2500 | Average reward:  1260.57 | Step Count: 2769867 | Episode Q0:    37.23
Episode: 1307/5000 | Episode reward:  1260.21 | Episode steps: 2500 | Average reward:  1261.64 | Step Count: 2772367 | Episode Q0:    37.23
Episode: 1308/5000 | Episode reward:  1209.02 | Episode steps: 2500 | Average reward:  1261.95 | Step Count: 2774867 | Episode Q0:    37.23
Episode: 1309/5000 | Episode reward:  1260.07 | Episode steps: 2500 | Average reward:  1263.04 | Step Count: 2777367 | Episode Q0:    37.23
Episode: 1310/5000 | Episode reward:  1256.83 | Episode steps: 2500 | Average reward:  1261.79 | Step Count: 2779867 | Episode Q0:    37.23
Episode: 1311/5000 | Episode reward:  1241.14 | Episode steps: 2500 | Average reward:  1260.14 | Step Count: 2782367 | Episode Q0:    37.23
Episode: 1312/5000 | Episode reward:  1278.65 | Episode steps: 2500 | Average reward:  1260.24 | Step Count: 2784867 | Episode Q0:    37.23
Episode: 1313/5000 | Episode reward:  1248.64 | Episode steps: 2500 | Average reward:  1251.86 | Step Count: 2787367 | Episode Q0:    37.23
Episode: 1314/5000 | Episode reward:  1261.15 | Episode steps: 2500 | Average reward:  1254.87 | Step Count: 2789867 | Episode Q0:    37.23
Episode: 1315/5000 | Episode reward:  1247.50 | Episode steps: 2500 | Average reward:  1253.82 | Step Count: 2792367 | Episode Q0:    37.23
Episode: 1316/5000 | Episode reward:  1267.85 | Episode steps: 2500 | Average reward:  1253.11 | Step Count: 2794867 | Episode Q0:    37.23
Episode: 1317/5000 | Episode reward:  1199.25 | Episode steps: 2500 | Average reward:  1247.01 | Step Count: 2797367 | Episode Q0:    37.23
Episode: 1318/5000 | Episode reward:  1193.35 | Episode steps: 2500 | Average reward:  1245.44 | Step Count: 2799867 | Episode Q0:    37.23
Episode: 1319/5000 | Episode reward:  1210.06 | Episode steps: 2500 | Average reward:  1240.44 | Step Count: 2802367 | Episode Q0:    37.23
Episode: 1320/5000 | Episode reward:   997.42 | Episode steps: 2015 | Average reward:  1214.50 | Step Count: 2804382 | Episode Q0:    37.23
Episode: 1321/5000 | Episode reward:   561.99 | Episode steps: 1116 | Average reward:  1146.59 | Step Count: 2805498 | Episode Q0:    37.23
Episode: 1322/5000 | Episode reward:  1260.61 | Episode steps: 2500 | Average reward:  1144.78 | Step Count: 2807998 | Episode Q0:    37.23
Episode: 1323/5000 | Episode reward:  1288.00 | Episode steps: 2500 | Average reward:  1148.72 | Step Count: 2810498 | Episode Q0:    37.23
Episode: 1324/5000 | Episode reward:  1244.16 | Episode steps: 2500 | Average reward:  1147.02 | Step Count: 2812998 | Episode Q0:    37.23
Episode: 1325/5000 | Episode reward:  1224.93 | Episode steps: 2500 | Average reward:  1144.76 | Step Count: 2815498 | Episode Q0:    37.03
Episode: 1326/5000 | Episode reward:  1212.22 | Episode steps: 2500 | Average reward:  1139.20 | Step Count: 2817998 | Episode Q0:    37.03
Episode: 1327/5000 | Episode reward:  1294.08 | Episode steps: 2500 | Average reward:  1148.68 | Step Count: 2820498 | Episode Q0:    37.03
Episode: 1328/5000 | Episode reward:  1278.29 | Episode steps: 2500 | Average reward:  1157.18 | Step Count: 2822998 | Episode Q0:    37.03
Episode: 1329/5000 | Episode reward:  1275.50 | Episode steps: 2500 | Average reward:  1163.72 | Step Count: 2825498 | Episode Q0:    37.03
Episode: 1330/5000 | Episode reward:  1210.84 | Episode steps: 2500 | Average reward:  1185.06 | Step Count: 2827998 | Episode Q0:    37.03
Episode: 1331/5000 | Episode reward:  1132.07 | Episode steps: 2500 | Average reward:  1242.07 | Step Count: 2830498 | Episode Q0:    37.03
Episode: 1332/5000 | Episode reward:  1262.78 | Episode steps: 2500 | Average reward:  1242.29 | Step Count: 2832998 | Episode Q0:    37.03
Episode: 1333/5000 | Episode reward:  1254.12 | Episode steps: 2500 | Average reward:  1238.90 | Step Count: 2835498 | Episode Q0:    37.03
Episode: 1334/5000 | Episode reward:  1285.01 | Episode steps: 2500 | Average reward:  1242.98 | Step Count: 2837998 | Episode Q0:    37.03
Episode: 1335/5000 | Episode reward:  1217.32 | Episode steps: 2500 | Average reward:  1242.22 | Step Count: 2840498 | Episode Q0:    37.03
Episode: 1336/5000 | Episode reward:  1244.89 | Episode steps: 2500 | Average reward:  1245.49 | Step Count: 2842998 | Episode Q0:    37.03
Episode: 1337/5000 | Episode reward:  1206.02 | Episode steps: 2500 | Average reward:  1236.68 | Step Count: 2845498 | Episode Q0:    37.03
Episode: 1338/5000 | Episode reward:  1278.27 | Episode steps: 2500 | Average reward:  1236.68 | Step Count: 2847998 | Episode Q0:    37.03
Episode: 1339/5000 | Episode reward:  1200.80 | Episode steps: 2500 | Average reward:  1229.21 | Step Count: 2850498 | Episode Q0:    37.03
Episode: 1340/5000 | Episode reward:  1220.89 | Episode steps: 2500 | Average reward:  1230.22 | Step Count: 2852998 | Episode Q0:    37.03
Episode: 1341/5000 | Episode reward:  1319.46 | Episode steps: 2500 | Average reward:  1248.95 | Step Count: 2855498 | Episode Q0:    37.03
Episode: 1342/5000 | Episode reward:  1047.21 | Episode steps: 2500 | Average reward:  1227.40 | Step Count: 2857998 | Episode Q0:    37.03
Episode: 1343/5000 | Episode reward:  1290.21 | Episode steps: 2500 | Average reward:  1231.01 | Step Count: 2860498 | Episode Q0:    37.03
Episode: 1344/5000 | Episode reward:  1271.54 | Episode steps: 2500 | Average reward:  1229.66 | Step Count: 2862998 | Episode Q0:    37.03
Episode: 1345/5000 | Episode reward:  1285.92 | Episode steps: 2500 | Average reward:  1236.52 | Step Count: 2865498 | Episode Q0:    37.03
Episode: 1346/5000 | Episode reward:  1218.11 | Episode steps: 2500 | Average reward:  1233.84 | Step Count: 2867998 | Episode Q0:    37.03
Episode: 1347/5000 | Episode reward:  1235.25 | Episode steps: 2500 | Average reward:  1236.77 | Step Count: 2870498 | Episode Q0:    37.03
Episode: 1348/5000 | Episode reward:  1265.20 | Episode steps: 2500 | Average reward:  1235.46 | Step Count: 2872998 | Episode Q0:    37.03
Episode: 1349/5000 | Episode reward:  1299.74 | Episode steps: 2500 | Average reward:  1245.35 | Step Count: 2875498 | Episode Q0:    35.79
Episode: 1350/5000 | Episode reward:  1274.57 | Episode steps: 2500 | Average reward:  1250.72 | Step Count: 2877998 | Episode Q0:    35.79
Episode: 1351/5000 | Episode reward:  1130.33 | Episode steps: 2500 | Average reward:  1231.81 | Step Count: 2880498 | Episode Q0:    35.79
Episode: 1352/5000 | Episode reward:  1280.65 | Episode steps: 2500 | Average reward:  1255.15 | Step Count: 2882998 | Episode Q0:    35.79
Episode: 1353/5000 | Episode reward:  1329.95 | Episode steps: 2500 | Average reward:  1259.13 | Step Count: 2885498 | Episode Q0:    35.79
Episode: 1354/5000 | Episode reward:  1280.48 | Episode steps: 2500 | Average reward:  1260.02 | Step Count: 2887998 | Episode Q0:    35.79
Episode: 1355/5000 | Episode reward:  1261.11 | Episode steps: 2500 | Average reward:  1257.54 | Step Count: 2890498 | Episode Q0:    35.79
Episode: 1356/5000 | Episode reward:  1248.94 | Episode steps: 2500 | Average reward:  1260.62 | Step Count: 2892998 | Episode Q0:    35.79
Episode: 1357/5000 | Episode reward:  1252.15 | Episode steps: 2500 | Average reward:  1262.31 | Step Count: 2895498 | Episode Q0:    35.79
Episode: 1358/5000 | Episode reward:  1232.76 | Episode steps: 2500 | Average reward:  1259.07 | Step Count: 2897998 | Episode Q0:    35.79
Episode: 1359/5000 | Episode reward:  1277.12 | Episode steps: 2500 | Average reward:  1256.81 | Step Count: 2900498 | Episode Q0:    35.79
Episode: 1360/5000 | Episode reward:  1196.04 | Episode steps: 2500 | Average reward:  1248.95 | Step Count: 2902998 | Episode Q0:    35.79
Episode: 1361/5000 | Episode reward:  1261.69 | Episode steps: 2500 | Average reward:  1262.09 | Step Count: 2905498 | Episode Q0:    35.79
Episode: 1362/5000 | Episode reward:  1275.50 | Episode steps: 2500 | Average reward:  1261.57 | Step Count: 2907998 | Episode Q0:    35.79
Episode: 1363/5000 | Episode reward:  1264.82 | Episode steps: 2500 | Average reward:  1255.06 | Step Count: 2910498 | Episode Q0:    35.79
Episode: 1364/5000 | Episode reward:  1234.39 | Episode steps: 2500 | Average reward:  1250.45 | Step Count: 2912998 | Episode Q0:    35.79
Episode: 1365/5000 | Episode reward:  1230.03 | Episode steps: 2500 | Average reward:  1247.34 | Step Count: 2915498 | Episode Q0:    35.79
Episode: 1366/5000 | Episode reward:  1028.37 | Episode steps: 2500 | Average reward:  1225.29 | Step Count: 2917998 | Episode Q0:    35.79
Episode: 1367/5000 | Episode reward:  1104.02 | Episode steps: 2500 | Average reward:  1210.47 | Step Count: 2920498 | Episode Q0:    35.79
Episode: 1368/5000 | Episode reward:  1289.61 | Episode steps: 2500 | Average reward:  1216.16 | Step Count: 2922998 | Episode Q0:    35.79
Episode: 1369/5000 | Episode reward:   120.93 | Episode steps:  188 | Average reward:  1100.54 | Step Count: 2923186 | Episode Q0:    35.79
Episode: 1370/5000 | Episode reward:  1222.14 | Episode steps: 2500 | Average reward:  1103.15 | Step Count: 2925686 | Episode Q0:    35.96
Episode: 1371/5000 | Episode reward:  1292.59 | Episode steps: 2500 | Average reward:  1106.24 | Step Count: 2928186 | Episode Q0:    35.96
Episode: 1372/5000 | Episode reward:  1221.31 | Episode steps: 2500 | Average reward:  1100.82 | Step Count: 2930686 | Episode Q0:    35.96
Episode: 1373/5000 | Episode reward:  1241.91 | Episode steps: 2500 | Average reward:  1098.53 | Step Count: 2933186 | Episode Q0:    35.96
Episode: 1374/5000 | Episode reward:  1311.65 | Episode steps: 2500 | Average reward:  1106.26 | Step Count: 2935686 | Episode Q0:    35.96
Episode: 1375/5000 | Episode reward:  1251.81 | Episode steps: 2500 | Average reward:  1108.43 | Step Count: 2938186 | Episode Q0:    35.96
Episode: 1376/5000 | Episode reward:  1178.75 | Episode steps: 2500 | Average reward:  1123.47 | Step Count: 2940686 | Episode Q0:    35.96
Episode: 1377/5000 | Episode reward:  1252.55 | Episode steps: 2500 | Average reward:  1138.33 | Step Count: 2943186 | Episode Q0:    35.96
Episode: 1378/5000 | Episode reward:  1209.73 | Episode steps: 2500 | Average reward:  1130.34 | Step Count: 2945686 | Episode Q0:    35.96
Episode: 1379/5000 | Episode reward:  1235.77 | Episode steps: 2500 | Average reward:  1241.82 | Step Count: 2948186 | Episode Q0:    35.96
Episode: 1380/5000 | Episode reward:  1292.91 | Episode steps: 2500 | Average reward:  1248.90 | Step Count: 2950686 | Episode Q0:    35.96
Episode: 1381/5000 | Episode reward:  1210.44 | Episode steps: 2500 | Average reward:  1240.68 | Step Count: 2953186 | Episode Q0:    35.96
Episode: 1382/5000 | Episode reward:  1220.23 | Episode steps: 2500 | Average reward:  1240.57 | Step Count: 2955686 | Episode Q0:    35.96
Episode: 1383/5000 | Episode reward:  1261.46 | Episode steps: 2500 | Average reward:  1242.53 | Step Count: 2958186 | Episode Q0:    35.96
Episode: 1384/5000 | Episode reward:  1252.16 | Episode steps: 2500 | Average reward:  1236.58 | Step Count: 2960686 | Episode Q0:    35.96
Episode: 1385/5000 | Episode reward:  1278.43 | Episode steps: 2500 | Average reward:  1239.24 | Step Count: 2963186 | Episode Q0:    35.96
Episode: 1386/5000 | Episode reward:  1294.03 | Episode steps: 2500 | Average reward:  1250.77 | Step Count: 2965686 | Episode Q0:    35.96
Episode: 1387/5000 | Episode reward:  1289.86 | Episode steps: 2500 | Average reward:  1254.50 | Step Count: 2968186 | Episode Q0:    35.96
Episode: 1388/5000 | Episode reward:  1285.68 | Episode steps: 2500 | Average reward:  1262.10 | Step Count: 2970686 | Episode Q0:    35.96
Episode: 1389/5000 | Episode reward:  1230.80 | Episode steps: 2500 | Average reward:  1261.60 | Step Count: 2973186 | Episode Q0:    35.96
Episode: 1390/5000 | Episode reward:  1202.63 | Episode steps: 2500 | Average reward:  1252.57 | Step Count: 2975686 | Episode Q0:    35.96
Episode: 1391/5000 | Episode reward:  1293.70 | Episode steps: 2500 | Average reward:  1260.90 | Step Count: 2978186 | Episode Q0:    35.96
Episode: 1392/5000 | Episode reward:  1274.90 | Episode steps: 2500 | Average reward:  1266.36 | Step Count: 2980686 | Episode Q0:    35.96
Episode: 1393/5000 | Episode reward:  1193.12 | Episode steps: 2500 | Average reward:  1259.53 | Step Count: 2983186 | Episode Q0:    37.61
Episode: 1394/5000 | Episode reward:  1154.14 | Episode steps: 2500 | Average reward:  1249.73 | Step Count: 2985686 | Episode Q0:    37.61
Episode: 1395/5000 | Episode reward:  1161.49 | Episode steps: 2500 | Average reward:  1238.03 | Step Count: 2988186 | Episode Q0:    37.61
Episode: 1396/5000 | Episode reward:  1178.06 | Episode steps: 2500 | Average reward:  1226.44 | Step Count: 2990686 | Episode Q0:    37.61
Episode: 1397/5000 | Episode reward:  1108.92 | Episode steps: 2500 | Average reward:  1208.34 | Step Count: 2993186 | Episode Q0:    37.61
Episode: 1398/5000 | Episode reward:  1178.17 | Episode steps: 2500 | Average reward:  1197.59 | Step Count: 2995686 | Episode Q0:    37.61
Episode: 1399/5000 | Episode reward:  1188.45 | Episode steps: 2500 | Average reward:  1193.36 | Step Count: 2998186 | Episode Q0:    37.61
Episode: 1400/5000 | Episode reward:  1127.97 | Episode steps: 2500 | Average reward:  1185.89 | Step Count: 3000686 | Episode Q0:    37.61
Episode: 1401/5000 | Episode reward:  1207.51 | Episode steps: 2500 | Average reward:  1177.27 | Step Count: 3003186 | Episode Q0:    37.61
Episode: 1402/5000 | Episode reward:  1117.94 | Episode steps: 2500 | Average reward:  1161.58 | Step Count: 3005686 | Episode Q0:    37.61
Episode: 1403/5000 | Episode reward:  1200.44 | Episode steps: 2500 | Average reward:  1162.31 | Step Count: 3008186 | Episode Q0:    37.61
Episode: 1404/5000 | Episode reward:  1200.69 | Episode steps: 2500 | Average reward:  1166.96 | Step Count: 3010686 | Episode Q0:    37.61
Episode: 1405/5000 | Episode reward:  1173.78 | Episode steps: 2500 | Average reward:  1168.19 | Step Count: 3013186 | Episode Q0:    37.61
Episode: 1406/5000 | Episode reward:  1113.72 | Episode steps: 2500 | Average reward:  1161.76 | Step Count: 3015686 | Episode Q0:    37.61
Episode: 1407/5000 | Episode reward:  1241.12 | Episode steps: 2500 | Average reward:  1174.98 | Step Count: 3018186 | Episode Q0:    37.61
Episode: 1408/5000 | Episode reward:  1167.70 | Episode steps: 2500 | Average reward:  1173.93 | Step Count: 3020686 | Episode Q0:    37.61
Episode: 1409/5000 | Episode reward:  1201.97 | Episode steps: 2500 | Average reward:  1175.28 | Step Count: 3023186 | Episode Q0:    37.61
Episode: 1410/5000 | Episode reward:  1127.75 | Episode steps: 2500 | Average reward:  1175.26 | Step Count: 3025686 | Episode Q0:    37.61
Episode: 1411/5000 | Episode reward:  1065.86 | Episode steps: 2500 | Average reward:  1161.10 | Step Count: 3028186 | Episode Q0:    37.61
Episode: 1412/5000 | Episode reward:  1202.30 | Episode steps: 2500 | Average reward:  1169.53 | Step Count: 3030686 | Episode Q0:    37.61
Episode: 1413/5000 | Episode reward:  1126.71 | Episode steps: 2500 | Average reward:  1162.16 | Step Count: 3033186 | Episode Q0:    37.61
Episode: 1414/5000 | Episode reward:  1114.75 | Episode steps: 2500 | Average reward:  1153.57 | Step Count: 3035686 | Episode Q0:    35.99
Episode: 1415/5000 | Episode reward:  1108.97 | Episode steps: 2500 | Average reward:  1147.09 | Step Count: 3038186 | Episode Q0:    35.99
Episode: 1416/5000 | Episode reward:  1065.51 | Episode steps: 2500 | Average reward:  1142.26 | Step Count: 3040686 | Episode Q0:    35.99
Episode: 1417/5000 | Episode reward:  1104.87 | Episode steps: 2500 | Average reward:  1128.64 | Step Count: 3043186 | Episode Q0:    35.99
Episode: 1418/5000 | Episode reward:   904.16 | Episode steps: 2500 | Average reward:  1102.29 | Step Count: 3045686 | Episode Q0:    35.99
Episode: 1419/5000 | Episode reward:  1168.56 | Episode steps: 2500 | Average reward:  1098.94 | Step Count: 3048186 | Episode Q0:    35.99
Episode: 1420/5000 | Episode reward:  1132.12 | Episode steps: 2500 | Average reward:  1099.38 | Step Count: 3050686 | Episode Q0:    35.99
Episode: 1421/5000 | Episode reward:  1166.13 | Episode steps: 2500 | Average reward:  1109.41 | Step Count: 3053186 | Episode Q0:    35.99
Episode: 1422/5000 | Episode reward:  1018.75 | Episode steps: 2500 | Average reward:  1091.05 | Step Count: 3055686 | Episode Q0:    35.99
Episode: 1423/5000 | Episode reward:  1087.10 | Episode steps: 2500 | Average reward:  1087.09 | Step Count: 3058186 | Episode Q0:    35.99
Episode: 1424/5000 | Episode reward:  1178.82 | Episode steps: 2500 | Average reward:  1093.50 | Step Count: 3060686 | Episode Q0:    35.99
Episode: 1425/5000 | Episode reward:  1121.14 | Episode steps: 2500 | Average reward:  1094.72 | Step Count: 3063186 | Episode Q0:    35.99
Episode: 1426/5000 | Episode reward:  1202.68 | Episode steps: 2500 | Average reward:  1108.43 | Step Count: 3065686 | Episode Q0:    35.99
Episode: 1427/5000 | Episode reward:  1090.35 | Episode steps: 2500 | Average reward:  1106.98 | Step Count: 3068186 | Episode Q0:    35.99
Episode: 1428/5000 | Episode reward:  1066.67 | Episode steps: 2500 | Average reward:  1123.23 | Step Count: 3070686 | Episode Q0:    35.99
Episode: 1429/5000 | Episode reward:  1159.26 | Episode steps: 2500 | Average reward:  1122.30 | Step Count: 3073186 | Episode Q0:    35.99
Episode: 1430/5000 | Episode reward:  1043.66 | Episode steps: 2500 | Average reward:  1113.46 | Step Count: 3075686 | Episode Q0:    35.99
Episode: 1431/5000 | Episode reward:  1089.27 | Episode steps: 2500 | Average reward:  1105.77 | Step Count: 3078186 | Episode Q0:    35.99
Episode: 1432/5000 | Episode reward:  1076.53 | Episode steps: 2500 | Average reward:  1111.55 | Step Count: 3080686 | Episode Q0:    35.99
Episode: 1433/5000 | Episode reward:  1154.47 | Episode steps: 2500 | Average reward:  1118.28 | Step Count: 3083186 | Episode Q0:    35.99
Episode: 1434/5000 | Episode reward:  1049.82 | Episode steps: 2500 | Average reward:  1105.38 | Step Count: 3085686 | Episode Q0:    35.99
Episode: 1435/5000 | Episode reward:  1211.57 | Episode steps: 2500 | Average reward:  1114.43 | Step Count: 3088186 | Episode Q0:    35.99
Episode: 1436/5000 | Episode reward:  1117.24 | Episode steps: 2500 | Average reward:  1105.88 | Step Count: 3090686 | Episode Q0:    35.99
Episode: 1437/5000 | Episode reward:  1163.02 | Episode steps: 2500 | Average reward:  1113.15 | Step Count: 3093186 | Episode Q0:    36.77
Episode: 1438/5000 | Episode reward:  1089.03 | Episode steps: 2500 | Average reward:  1115.39 | Step Count: 3095686 | Episode Q0:    36.77
Episode: 1439/5000 | Episode reward:   997.06 | Episode steps: 2500 | Average reward:  1099.17 | Step Count: 3098186 | Episode Q0:    36.77
Episode: 1440/5000 | Episode reward:   973.28 | Episode steps: 2500 | Average reward:  1092.13 | Step Count: 3100686 | Episode Q0:    36.77
Episode: 1441/5000 | Episode reward:  1133.97 | Episode steps: 2500 | Average reward:  1096.60 | Step Count: 3103186 | Episode Q0:    36.77
Episode: 1442/5000 | Episode reward:  1082.98 | Episode steps: 2500 | Average reward:  1097.24 | Step Count: 3105686 | Episode Q0:    36.77
Episode: 1443/5000 | Episode reward:  1091.33 | Episode steps: 2500 | Average reward:  1090.93 | Step Count: 3108186 | Episode Q0:    36.77
Episode: 1444/5000 | Episode reward:  1085.06 | Episode steps: 2500 | Average reward:  1094.45 | Step Count: 3110686 | Episode Q0:    36.77
Episode: 1445/5000 | Episode reward:   562.64 | Episode steps: 2500 | Average reward:  1029.56 | Step Count: 3113186 | Episode Q0:    36.77
Episode: 1446/5000 | Episode reward:  1108.74 | Episode steps: 2500 | Average reward:  1028.71 | Step Count: 3115686 | Episode Q0:    36.77
Episode: 1447/5000 | Episode reward:  1196.75 | Episode steps: 2500 | Average reward:  1032.08 | Step Count: 3118186 | Episode Q0:    36.77
Episode: 1448/5000 | Episode reward:  1205.69 | Episode steps: 2500 | Average reward:  1043.75 | Step Count: 3120686 | Episode Q0:    36.77
Episode: 1449/5000 | Episode reward:   996.54 | Episode steps: 2500 | Average reward:  1043.70 | Step Count: 3123186 | Episode Q0:    36.77
Episode: 1450/5000 | Episode reward:   997.16 | Episode steps: 2500 | Average reward:  1046.09 | Step Count: 3125686 | Episode Q0:    36.77
Episode: 1451/5000 | Episode reward:   502.55 | Episode steps: 2500 | Average reward:   982.94 | Step Count: 3128186 | Episode Q0:    36.77
Episode: 1452/5000 | Episode reward:  1123.08 | Episode steps: 2500 | Average reward:   986.95 | Step Count: 3130686 | Episode Q0:    36.77
Episode: 1453/5000 | Episode reward:  1030.15 | Episode steps: 2500 | Average reward:   980.84 | Step Count: 3133186 | Episode Q0:    36.77
Episode: 1454/5000 | Episode reward:  1038.85 | Episode steps: 2500 | Average reward:   976.22 | Step Count: 3135686 | Episode Q0:    36.77
Episode: 1455/5000 | Episode reward:  1085.89 | Episode steps: 2500 | Average reward:  1028.54 | Step Count: 3138186 | Episode Q0:    36.77
Episode: 1456/5000 | Episode reward:  1189.93 | Episode steps: 2500 | Average reward:  1036.66 | Step Count: 3140686 | Episode Q0:    36.77
Episode: 1457/5000 | Episode reward:   918.31 | Episode steps: 2500 | Average reward:  1008.81 | Step Count: 3143186 | Episode Q0:    36.77
Episode: 1458/5000 | Episode reward:   630.76 | Episode steps: 2500 | Average reward:   951.32 | Step Count: 3145686 | Episode Q0:    36.59
Episode: 1459/5000 | Episode reward:  1061.34 | Episode steps: 2500 | Average reward:   957.80 | Step Count: 3148186 | Episode Q0:    36.59
Episode: 1460/5000 | Episode reward:  1091.15 | Episode steps: 2500 | Average reward:   967.20 | Step Count: 3150686 | Episode Q0:    36.59
Episode: 1461/5000 | Episode reward:   745.14 | Episode steps: 2500 | Average reward:   991.46 | Step Count: 3153186 | Episode Q0:    36.59
Episode: 1462/5000 | Episode reward:  1015.69 | Episode steps: 2500 | Average reward:   980.72 | Step Count: 3155686 | Episode Q0:    36.59
Episode: 1463/5000 | Episode reward:   971.20 | Episode steps: 2500 | Average reward:   974.83 | Step Count: 3158186 | Episode Q0:    36.59
Episode: 1464/5000 | Episode reward:  1119.45 | Episode steps: 2500 | Average reward:   982.89 | Step Count: 3160686 | Episode Q0:    36.59
Episode: 1465/5000 | Episode reward:  1041.06 | Episode steps: 2500 | Average reward:   978.40 | Step Count: 3163186 | Episode Q0:    36.59
Episode: 1466/5000 | Episode reward:   851.55 | Episode steps: 2500 | Average reward:   944.57 | Step Count: 3165686 | Episode Q0:    36.59
Episode: 1467/5000 | Episode reward:   972.52 | Episode steps: 2500 | Average reward:   949.99 | Step Count: 3168186 | Episode Q0:    36.59
Episode: 1468/5000 | Episode reward:   988.40 | Episode steps: 2500 | Average reward:   985.75 | Step Count: 3170686 | Episode Q0:    36.59
Episode: 1469/5000 | Episode reward:  1051.71 | Episode steps: 2500 | Average reward:   984.79 | Step Count: 3173186 | Episode Q0:    36.59
Episode: 1470/5000 | Episode reward:   843.94 | Episode steps: 2500 | Average reward:   960.07 | Step Count: 3175686 | Episode Q0:    36.59
Episode: 1471/5000 | Episode reward:   791.43 | Episode steps: 2500 | Average reward:   964.70 | Step Count: 3178186 | Episode Q0:    36.59
Episode: 1472/5000 | Episode reward:  1032.20 | Episode steps: 2500 | Average reward:   966.35 | Step Count: 3180686 | Episode Q0:    36.59
Episode: 1473/5000 | Episode reward:   956.25 | Episode steps: 2500 | Average reward:   964.85 | Step Count: 3183186 | Episode Q0:    36.59
Episode: 1474/5000 | Episode reward:   538.35 | Episode steps: 2500 | Average reward:   906.74 | Step Count: 3185686 | Episode Q0:    36.59
Episode: 1475/5000 | Episode reward:  1017.31 | Episode steps: 2500 | Average reward:   904.37 | Step Count: 3188186 | Episode Q0:    36.59
Episode: 1476/5000 | Episode reward:  1162.90 | Episode steps: 2500 | Average reward:   935.50 | Step Count: 3190686 | Episode Q0:    36.59
Episode: 1477/5000 | Episode reward:   881.38 | Episode steps: 2500 | Average reward:   926.39 | Step Count: 3193186 | Episode Q0:    36.59
Episode: 1478/5000 | Episode reward:   812.91 | Episode steps: 2500 | Average reward:   908.84 | Step Count: 3195686 | Episode Q0:    36.59
Episode: 1479/5000 | Episode reward:   948.33 | Episode steps: 2500 | Average reward:   898.50 | Step Count: 3198186 | Episode Q0:    36.59
Episode: 1480/5000 | Episode reward:  1090.17 | Episode steps: 2500 | Average reward:   923.12 | Step Count: 3200686 | Episode Q0:    36.59
Episode: 1481/5000 | Episode reward:   803.87 | Episode steps: 2500 | Average reward:   924.37 | Step Count: 3203186 | Episode Q0:    36.30
Episode: 1482/5000 | Episode reward:   783.88 | Episode steps: 2500 | Average reward:   899.53 | Step Count: 3205686 | Episode Q0:    36.30
Episode: 1483/5000 | Episode reward:   888.17 | Episode steps: 2500 | Average reward:   892.73 | Step Count: 3208186 | Episode Q0:    36.30
Episode: 1484/5000 | Episode reward:   847.05 | Episode steps: 2500 | Average reward:   923.60 | Step Count: 3210686 | Episode Q0:    36.30
Episode: 1485/5000 | Episode reward:   622.23 | Episode steps: 2500 | Average reward:   884.09 | Step Count: 3213186 | Episode Q0:    36.30
Episode: 1486/5000 | Episode reward:   655.41 | Episode steps: 2500 | Average reward:   833.34 | Step Count: 3215686 | Episode Q0:    36.30
Episode: 1487/5000 | Episode reward:  1037.41 | Episode steps: 2500 | Average reward:   848.94 | Step Count: 3218186 | Episode Q0:    36.30
Episode: 1488/5000 | Episode reward:   685.66 | Episode steps: 2500 | Average reward:   836.22 | Step Count: 3220686 | Episode Q0:    36.30
Episode: 1489/5000 | Episode reward:   862.18 | Episode steps: 2500 | Average reward:   827.60 | Step Count: 3223186 | Episode Q0:    36.30
Episode: 1490/5000 | Episode reward:   846.05 | Episode steps: 2500 | Average reward:   803.19 | Step Count: 3225686 | Episode Q0:    36.30
Episode: 1491/5000 | Episode reward:  1113.94 | Episode steps: 2500 | Average reward:   834.20 | Step Count: 3228186 | Episode Q0:    36.30
Episode: 1492/5000 | Episode reward:   931.36 | Episode steps: 2500 | Average reward:   848.95 | Step Count: 3230686 | Episode Q0:    36.30
Episode: 1493/5000 | Episode reward:   433.68 | Episode steps: 2500 | Average reward:   803.50 | Step Count: 3233186 | Episode Q0:    36.30
Episode: 1494/5000 | Episode reward:   800.74 | Episode steps: 2500 | Average reward:   798.87 | Step Count: 3235686 | Episode Q0:    36.30
Episode: 1495/5000 | Episode reward:   876.29 | Episode steps: 2500 | Average reward:   824.27 | Step Count: 3238186 | Episode Q0:    36.30
Episode: 1496/5000 | Episode reward:   747.24 | Episode steps: 2500 | Average reward:   833.46 | Step Count: 3240686 | Episode Q0:    36.30
Episode: 1497/5000 | Episode reward:   658.94 | Episode steps: 2500 | Average reward:   795.61 | Step Count: 3243186 | Episode Q0:    36.30
Episode: 1498/5000 | Episode reward:   938.89 | Episode steps: 2500 | Average reward:   820.93 | Step Count: 3245686 | Episode Q0:    36.30
Episode: 1499/5000 | Episode reward:   935.18 | Episode steps: 2500 | Average reward:   828.23 | Step Count: 3248186 | Episode Q0:    36.30
Episode: 1500/5000 | Episode reward:   804.37 | Episode steps: 2500 | Average reward:   824.06 | Step Count: 3250686 | Episode Q0:    36.30
Episode: 1501/5000 | Episode reward:   905.64 | Episode steps: 2500 | Average reward:   803.23 | Step Count: 3253186 | Episode Q0:    36.30
Episode: 1502/5000 | Episode reward:   703.37 | Episode steps: 2500 | Average reward:   780.43 | Step Count: 3255686 | Episode Q0:    34.25
Episode: 1503/5000 | Episode reward:  1086.80 | Episode steps: 2500 | Average reward:   845.75 | Step Count: 3258186 | Episode Q0:    34.25
Episode: 1504/5000 | Episode reward:   944.94 | Episode steps: 2500 | Average reward:   860.17 | Step Count: 3260686 | Episode Q0:    34.25
Episode: 1505/5000 | Episode reward:  1010.57 | Episode steps: 2500 | Average reward:   873.59 | Step Count: 3263186 | Episode Q0:    34.25
Episode: 1506/5000 | Episode reward:   960.43 | Episode steps: 2500 | Average reward:   894.91 | Step Count: 3265686 | Episode Q0:    34.25
Episode: 1507/5000 | Episode reward:   566.81 | Episode steps: 2500 | Average reward:   885.70 | Step Count: 3268186 | Episode Q0:    34.25
Episode: 1508/5000 | Episode reward:   895.91 | Episode steps: 2500 | Average reward:   881.40 | Step Count: 3270686 | Episode Q0:    34.25
Episode: 1509/5000 | Episode reward:   591.98 | Episode steps: 2500 | Average reward:   847.08 | Step Count: 3273186 | Episode Q0:    34.25
Episode: 1510/5000 | Episode reward:   830.54 | Episode steps: 2500 | Average reward:   849.70 | Step Count: 3275686 | Episode Q0:    34.25
Episode: 1511/5000 | Episode reward:   777.15 | Episode steps: 2500 | Average reward:   836.85 | Step Count: 3278186 | Episode Q0:    34.25
Episode: 1512/5000 | Episode reward:   915.82 | Episode steps: 2500 | Average reward:   858.10 | Step Count: 3280686 | Episode Q0:    34.25
Episode: 1513/5000 | Episode reward:   951.56 | Episode steps: 2500 | Average reward:   844.57 | Step Count: 3283186 | Episode Q0:    34.25
Episode: 1514/5000 | Episode reward:  1107.58 | Episode steps: 2500 | Average reward:   860.84 | Step Count: 3285686 | Episode Q0:    34.25
Episode: 1515/5000 | Episode reward:   827.57 | Episode steps: 2500 | Average reward:   842.54 | Step Count: 3288186 | Episode Q0:    34.25
Episode: 1516/5000 | Episode reward:  1064.31 | Episode steps: 2500 | Average reward:   852.93 | Step Count: 3290686 | Episode Q0:    34.25
Episode: 1517/5000 | Episode reward:  1033.43 | Episode steps: 2500 | Average reward:   899.59 | Step Count: 3293186 | Episode Q0:    34.25
Episode: 1518/5000 | Episode reward:   951.04 | Episode steps: 2500 | Average reward:   905.10 | Step Count: 3295686 | Episode Q0:    34.25
Episode: 1519/5000 | Episode reward:  1003.07 | Episode steps: 2500 | Average reward:   946.21 | Step Count: 3298186 | Episode Q0:    34.25
Episode: 1520/5000 | Episode reward:   934.36 | Episode steps: 2500 | Average reward:   956.59 | Step Count: 3300686 | Episode Q0:    34.25
Episode: 1521/5000 | Episode reward:  1031.89 | Episode steps: 2500 | Average reward:   982.06 | Step Count: 3303186 | Episode Q0:    34.25
Episode: 1522/5000 | Episode reward:   494.72 | Episode steps: 2500 | Average reward:   939.95 | Step Count: 3305686 | Episode Q0:    34.25
Episode: 1523/5000 | Episode reward:   975.89 | Episode steps: 2500 | Average reward:   942.39 | Step Count: 3308186 | Episode Q0:    34.25
Episode: 1524/5000 | Episode reward:  1087.08 | Episode steps: 2500 | Average reward:   940.34 | Step Count: 3310686 | Episode Q0:    34.25
Episode: 1525/5000 | Episode reward:   823.63 | Episode steps: 2500 | Average reward:   939.94 | Step Count: 3313186 | Episode Q0:    35.09
Episode: 1526/5000 | Episode reward:   419.22 | Episode steps: 2500 | Average reward:   875.43 | Step Count: 3315686 | Episode Q0:    35.09
Episode: 1527/5000 | Episode reward:   724.31 | Episode steps: 2500 | Average reward:   844.52 | Step Count: 3318186 | Episode Q0:    35.09
Episode: 1528/5000 | Episode reward:   890.01 | Episode steps: 2500 | Average reward:   838.42 | Step Count: 3320686 | Episode Q0:    35.09
Episode: 1529/5000 | Episode reward:   523.36 | Episode steps: 2500 | Average reward:   790.45 | Step Count: 3323186 | Episode Q0:    35.09
Episode: 1530/5000 | Episode reward:   842.03 | Episode steps: 2500 | Average reward:   781.21 | Step Count: 3325686 | Episode Q0:    35.09
Episode: 1531/5000 | Episode reward:   615.26 | Episode steps: 2500 | Average reward:   739.55 | Step Count: 3328186 | Episode Q0:    35.09
Episode: 1532/5000 | Episode reward:   870.56 | Episode steps: 2500 | Average reward:   777.13 | Step Count: 3330686 | Episode Q0:    35.09
Episode: 1533/5000 | Episode reward:   677.11 | Episode steps: 2500 | Average reward:   747.26 | Step Count: 3333186 | Episode Q0:    35.09
Episode: 1534/5000 | Episode reward:   334.28 | Episode steps: 2500 | Average reward:   671.98 | Step Count: 3335686 | Episode Q0:    35.09
Episode: 1535/5000 | Episode reward:   707.13 | Episode steps: 2500 | Average reward:   660.33 | Step Count: 3338186 | Episode Q0:    35.09
Episode: 1536/5000 | Episode reward:   738.25 | Episode steps: 2500 | Average reward:   692.23 | Step Count: 3340686 | Episode Q0:    35.09
Episode: 1537/5000 | Episode reward:   705.09 | Episode steps: 2500 | Average reward:   690.31 | Step Count: 3343186 | Episode Q0:    35.09
Episode: 1538/5000 | Episode reward:   852.65 | Episode steps: 2500 | Average reward:   686.57 | Step Count: 3345686 | Episode Q0:    35.09
Episode: 1539/5000 | Episode reward:   413.12 | Episode steps: 2500 | Average reward:   675.55 | Step Count: 3348186 | Episode Q0:    35.09
Episode: 1540/5000 | Episode reward:   506.89 | Episode steps: 2500 | Average reward:   642.04 | Step Count: 3350686 | Episode Q0:    35.09
Episode: 1541/5000 | Episode reward:   701.75 | Episode steps: 2500 | Average reward:   650.68 | Step Count: 3353186 | Episode Q0:    35.09
Episode: 1542/5000 | Episode reward:   619.02 | Episode steps: 2500 | Average reward:   625.53 | Step Count: 3355686 | Episode Q0:    35.09
Episode: 1543/5000 | Episode reward:   490.84 | Episode steps: 2500 | Average reward:   606.90 | Step Count: 3358186 | Episode Q0:    35.09
Episode: 1544/5000 | Episode reward:   810.46 | Episode steps: 2500 | Average reward:   654.52 | Step Count: 3360686 | Episode Q0:    35.09
Episode: 1545/5000 | Episode reward:  1042.71 | Episode steps: 2500 | Average reward:   688.08 | Step Count: 3363186 | Episode Q0:    35.09
Episode: 1546/5000 | Episode reward:   687.26 | Episode steps: 2500 | Average reward:   682.98 | Step Count: 3365686 | Episode Q0:    34.35
Episode: 1547/5000 | Episode reward:   325.21 | Episode steps: 2500 | Average reward:   644.99 | Step Count: 3368186 | Episode Q0:    34.35
Episode: 1548/5000 | Episode reward:   415.85 | Episode steps: 2500 | Average reward:   601.31 | Step Count: 3370686 | Episode Q0:    34.35
Episode: 1549/5000 | Episode reward:   664.98 | Episode steps: 2500 | Average reward:   626.50 | Step Count: 3373186 | Episode Q0:    34.35
Episode: 1550/5000 | Episode reward:   619.74 | Episode steps: 2500 | Average reward:   637.78 | Step Count: 3375686 | Episode Q0:    34.35
Episode: 1551/5000 | Episode reward:   470.77 | Episode steps: 2500 | Average reward:   614.68 | Step Count: 3378186 | Episode Q0:    34.35
Episode: 1552/5000 | Episode reward:   573.82 | Episode steps: 2500 | Average reward:   610.16 | Step Count: 3380686 | Episode Q0:    34.35
Episode: 1553/5000 | Episode reward:   552.01 | Episode steps: 2500 | Average reward:   616.28 | Step Count: 3383186 | Episode Q0:    34.35
Episode: 1554/5000 | Episode reward:   627.69 | Episode steps: 2500 | Average reward:   598.00 | Step Count: 3385686 | Episode Q0:    34.35
Episode: 1555/5000 | Episode reward:   485.83 | Episode steps: 2500 | Average reward:   542.32 | Step Count: 3388186 | Episode Q0:    34.35
Episode: 1556/5000 | Episode reward:   779.14 | Episode steps: 2500 | Average reward:   551.50 | Step Count: 3390686 | Episode Q0:    34.35
Episode: 1557/5000 | Episode reward:   507.35 | Episode steps: 2500 | Average reward:   569.72 | Step Count: 3393186 | Episode Q0:    34.35
Episode: 1558/5000 | Episode reward:   349.51 | Episode steps: 2500 | Average reward:   563.08 | Step Count: 3395686 | Episode Q0:    34.35
Episode: 1559/5000 | Episode reward:   596.45 | Episode steps: 2500 | Average reward:   556.23 | Step Count: 3398186 | Episode Q0:    34.35
Episode: 1560/5000 | Episode reward:   406.60 | Episode steps: 2500 | Average reward:   534.92 | Step Count: 3400686 | Episode Q0:    34.35
Episode: 1561/5000 | Episode reward:   512.92 | Episode steps: 2500 | Average reward:   539.13 | Step Count: 3403186 | Episode Q0:    34.35
Episode: 1562/5000 | Episode reward:   855.92 | Episode steps: 2500 | Average reward:   567.34 | Step Count: 3405686 | Episode Q0:    34.35
Episode: 1563/5000 | Episode reward:   534.59 | Episode steps: 2500 | Average reward:   565.60 | Step Count: 3408186 | Episode Q0:    34.35
Episode: 1564/5000 | Episode reward:   504.18 | Episode steps: 2500 | Average reward:   553.25 | Step Count: 3410686 | Episode Q0:    34.35
Episode: 1565/5000 | Episode reward:   689.51 | Episode steps: 2500 | Average reward:   573.62 | Step Count: 3413186 | Episode Q0:    34.35
Episode: 1566/5000 | Episode reward:   711.10 | Episode steps: 2500 | Average reward:   566.81 | Step Count: 3415686 | Episode Q0:    34.35
Episode: 1567/5000 | Episode reward:   519.81 | Episode steps: 2500 | Average reward:   568.06 | Step Count: 3418186 | Episode Q0:    34.35
Episode: 1568/5000 | Episode reward:   612.81 | Episode steps: 2500 | Average reward:   594.39 | Step Count: 3420686 | Episode Q0:    34.35
Episode: 1569/5000 | Episode reward:   952.55 | Episode steps: 2500 | Average reward:   630.00 | Step Count: 3423186 | Episode Q0:    32.81
Episode: 1570/5000 | Episode reward:   974.80 | Episode steps: 2500 | Average reward:   686.82 | Step Count: 3425686 | Episode Q0:    32.81
Episode: 1571/5000 | Episode reward:   849.54 | Episode steps: 2500 | Average reward:   720.48 | Step Count: 3428186 | Episode Q0:    32.81
Episode: 1572/5000 | Episode reward:   906.27 | Episode steps: 2500 | Average reward:   725.51 | Step Count: 3430686 | Episode Q0:    32.81
Episode: 1573/5000 | Episode reward:  1040.81 | Episode steps: 2500 | Average reward:   776.14 | Step Count: 3433186 | Episode Q0:    32.81
Episode: 1574/5000 | Episode reward:   928.08 | Episode steps: 2500 | Average reward:   818.53 | Step Count: 3435686 | Episode Q0:    32.81
Episode: 1575/5000 | Episode reward:   851.71 | Episode steps: 2500 | Average reward:   834.75 | Step Count: 3438186 | Episode Q0:    32.81
Episode: 1576/5000 | Episode reward:   741.73 | Episode steps: 2500 | Average reward:   837.81 | Step Count: 3440686 | Episode Q0:    32.81
Episode: 1577/5000 | Episode reward:   899.21 | Episode steps: 2500 | Average reward:   875.75 | Step Count: 3443186 | Episode Q0:    32.81
Episode: 1578/5000 | Episode reward:  1000.26 | Episode steps: 2500 | Average reward:   914.49 | Step Count: 3445686 | Episode Q0:    32.81
Episode: 1579/5000 | Episode reward:   967.51 | Episode steps: 2500 | Average reward:   915.99 | Step Count: 3448186 | Episode Q0:    32.81
Episode: 1580/5000 | Episode reward:   918.98 | Episode steps: 2500 | Average reward:   910.41 | Step Count: 3450686 | Episode Q0:    32.81
Episode: 1581/5000 | Episode reward:   941.86 | Episode steps: 2500 | Average reward:   919.64 | Step Count: 3453186 | Episode Q0:    32.81
Episode: 1582/5000 | Episode reward:   962.58 | Episode steps: 2500 | Average reward:   925.27 | Step Count: 3455686 | Episode Q0:    32.81
Episode: 1583/5000 | Episode reward:   927.89 | Episode steps: 2500 | Average reward:   913.98 | Step Count: 3458186 | Episode Q0:    32.81
Episode: 1584/5000 | Episode reward:   884.14 | Episode steps: 2500 | Average reward:   909.59 | Step Count: 3460686 | Episode Q0:    32.81
Episode: 1585/5000 | Episode reward:   899.68 | Episode steps: 2500 | Average reward:   914.38 | Step Count: 3463186 | Episode Q0:    32.81
Episode: 1586/5000 | Episode reward:   774.01 | Episode steps: 2500 | Average reward:   917.61 | Step Count: 3465686 | Episode Q0:    32.81
Episode: 1587/5000 | Episode reward:  1038.20 | Episode steps: 2500 | Average reward:   931.51 | Step Count: 3468186 | Episode Q0:    32.81
Episode: 1588/5000 | Episode reward:   852.32 | Episode steps: 2500 | Average reward:   916.72 | Step Count: 3470686 | Episode Q0:    32.81
Episode: 1589/5000 | Episode reward:   876.26 | Episode steps: 2500 | Average reward:   907.59 | Step Count: 3473186 | Episode Q0:    32.81
Episode: 1590/5000 | Episode reward:   965.72 | Episode steps: 2500 | Average reward:   912.27 | Step Count: 3475686 | Episode Q0:    34.64
Episode: 1591/5000 | Episode reward:   909.30 | Episode steps: 2500 | Average reward:   909.01 | Step Count: 3478186 | Episode Q0:    34.64
Episode: 1592/5000 | Episode reward:   995.22 | Episode steps: 2500 | Average reward:   912.28 | Step Count: 3480686 | Episode Q0:    34.64
Episode: 1593/5000 | Episode reward:   936.15 | Episode steps: 2500 | Average reward:   913.10 | Step Count: 3483186 | Episode Q0:    34.64
Episode: 1594/5000 | Episode reward:   934.76 | Episode steps: 2500 | Average reward:   918.16 | Step Count: 3485686 | Episode Q0:    34.64
Episode: 1595/5000 | Episode reward:   877.50 | Episode steps: 2500 | Average reward:   915.95 | Step Count: 3488186 | Episode Q0:    34.64
Episode: 1596/5000 | Episode reward:   968.27 | Episode steps: 2500 | Average reward:   935.37 | Step Count: 3490686 | Episode Q0:    34.64
Episode: 1597/5000 | Episode reward:   920.07 | Episode steps: 2500 | Average reward:   923.56 | Step Count: 3493186 | Episode Q0:    34.64
Episode: 1598/5000 | Episode reward:   998.10 | Episode steps: 2500 | Average reward:   938.14 | Step Count: 3495686 | Episode Q0:    34.64
Episode: 1599/5000 | Episode reward:   977.36 | Episode steps: 2500 | Average reward:   948.25 | Step Count: 3498186 | Episode Q0:    34.64
Episode: 1600/5000 | Episode reward:   975.92 | Episode steps: 2500 | Average reward:   949.26 | Step Count: 3500686 | Episode Q0:    34.64
Episode: 1601/5000 | Episode reward:   887.47 | Episode steps: 2500 | Average reward:   947.08 | Step Count: 3503186 | Episode Q0:    34.64
Episode: 1602/5000 | Episode reward:  1016.05 | Episode steps: 2500 | Average reward:   949.16 | Step Count: 3505686 | Episode Q0:    34.64
Episode: 1603/5000 | Episode reward:   900.43 | Episode steps: 2500 | Average reward:   945.59 | Step Count: 3508186 | Episode Q0:    34.64
Episode: 1604/5000 | Episode reward:   989.11 | Episode steps: 2500 | Average reward:   951.03 | Step Count: 3510686 | Episode Q0:    34.64
Episode: 1605/5000 | Episode reward:   945.45 | Episode steps: 2500 | Average reward:   957.82 | Step Count: 3513186 | Episode Q0:    34.64
Episode: 1606/5000 | Episode reward:  1010.93 | Episode steps: 2500 | Average reward:   962.09 | Step Count: 3515686 | Episode Q0:    34.64
Episode: 1607/5000 | Episode reward:   904.19 | Episode steps: 2500 | Average reward:   960.50 | Step Count: 3518186 | Episode Q0:    34.64
Episode: 1608/5000 | Episode reward:  1036.90 | Episode steps: 2500 | Average reward:   964.38 | Step Count: 3520686 | Episode Q0:    34.64
Episode: 1609/5000 | Episode reward:   967.81 | Episode steps: 2500 | Average reward:   963.43 | Step Count: 3523186 | Episode Q0:    34.64
Episode: 1610/5000 | Episode reward:   925.97 | Episode steps: 2500 | Average reward:   958.43 | Step Count: 3525686 | Episode Q0:    34.64
Episode: 1611/5000 | Episode reward:   953.72 | Episode steps: 2500 | Average reward:   965.06 | Step Count: 3528186 | Episode Q0:    34.64
Episode: 1612/5000 | Episode reward:  1052.26 | Episode steps: 2500 | Average reward:   968.68 | Step Count: 3530686 | Episode Q0:    34.64
Episode: 1613/5000 | Episode reward:  1025.30 | Episode steps: 2500 | Average reward:   981.16 | Step Count: 3533186 | Episode Q0:    32.83
Episode: 1614/5000 | Episode reward:   965.04 | Episode steps: 2500 | Average reward:   978.76 | Step Count: 3535686 | Episode Q0:    32.83
Episode: 1615/5000 | Episode reward:   843.90 | Episode steps: 2500 | Average reward:   968.60 | Step Count: 3538186 | Episode Q0:    32.83
Episode: 1616/5000 | Episode reward:   917.33 | Episode steps: 2500 | Average reward:   959.24 | Step Count: 3540686 | Episode Q0:    32.83
Episode: 1617/5000 | Episode reward:  1040.88 | Episode steps: 2500 | Average reward:   972.91 | Step Count: 3543186 | Episode Q0:    32.83
Episode: 1618/5000 | Episode reward:   959.61 | Episode steps: 2500 | Average reward:   965.18 | Step Count: 3545686 | Episode Q0:    32.83
Episode: 1619/5000 | Episode reward:   878.38 | Episode steps: 2500 | Average reward:   956.24 | Step Count: 3548186 | Episode Q0:    32.83
Episode: 1620/5000 | Episode reward:   795.18 | Episode steps: 2500 | Average reward:   943.16 | Step Count: 3550686 | Episode Q0:    32.83
Episode: 1621/5000 | Episode reward:  1041.03 | Episode steps: 2500 | Average reward:   951.89 | Step Count: 3553186 | Episode Q0:    32.83
Episode: 1622/5000 | Episode reward:   905.95 | Episode steps: 2500 | Average reward:   937.26 | Step Count: 3555686 | Episode Q0:    32.83
Episode: 1623/5000 | Episode reward:   968.34 | Episode steps: 2500 | Average reward:   931.56 | Step Count: 3558186 | Episode Q0:    32.83
Episode: 1624/5000 | Episode reward:  1083.74 | Episode steps: 2500 | Average reward:   943.44 | Step Count: 3560686 | Episode Q0:    32.83
Episode: 1625/5000 | Episode reward:   882.86 | Episode steps: 2500 | Average reward:   947.33 | Step Count: 3563186 | Episode Q0:    32.83
Episode: 1626/5000 | Episode reward:   900.28 | Episode steps: 2500 | Average reward:   945.63 | Step Count: 3565686 | Episode Q0:    32.83
Episode: 1627/5000 | Episode reward:   943.99 | Episode steps: 2500 | Average reward:   935.94 | Step Count: 3568186 | Episode Q0:    32.83
Episode: 1628/5000 | Episode reward:   971.71 | Episode steps: 2500 | Average reward:   937.15 | Step Count: 3570686 | Episode Q0:    32.83
Episode: 1629/5000 | Episode reward:   907.24 | Episode steps: 2500 | Average reward:   940.03 | Step Count: 3573186 | Episode Q0:    32.83
Episode: 1630/5000 | Episode reward:   937.69 | Episode steps: 2500 | Average reward:   954.28 | Step Count: 3575686 | Episode Q0:    32.83
Episode: 1631/5000 | Episode reward:   810.48 | Episode steps: 2500 | Average reward:   931.23 | Step Count: 3578186 | Episode Q0:    32.83
Episode: 1632/5000 | Episode reward:   958.53 | Episode steps: 2500 | Average reward:   936.48 | Step Count: 3580686 | Episode Q0:    32.83
Episode: 1633/5000 | Episode reward:  1032.03 | Episode steps: 2500 | Average reward:   942.85 | Step Count: 3583186 | Episode Q0:    32.83
Episode: 1634/5000 | Episode reward:   875.69 | Episode steps: 2500 | Average reward:   922.05 | Step Count: 3585686 | Episode Q0:    32.78
Episode: 1635/5000 | Episode reward:   890.59 | Episode steps: 2500 | Average reward:   922.82 | Step Count: 3588186 | Episode Q0:    32.78
Episode: 1636/5000 | Episode reward:   781.04 | Episode steps: 2500 | Average reward:   910.90 | Step Count: 3590686 | Episode Q0:    32.78
Episode: 1637/5000 | Episode reward:   782.00 | Episode steps: 2500 | Average reward:   894.70 | Step Count: 3593186 | Episode Q0:    32.78
Episode: 1638/5000 | Episode reward:   935.13 | Episode steps: 2500 | Average reward:   891.04 | Step Count: 3595686 | Episode Q0:    32.78
Episode: 1639/5000 | Episode reward:   953.91 | Episode steps: 2500 | Average reward:   895.71 | Step Count: 3598186 | Episode Q0:    32.78
Episode: 1640/5000 | Episode reward:   804.27 | Episode steps: 2500 | Average reward:   882.37 | Step Count: 3600686 | Episode Q0:    32.78
Episode: 1641/5000 | Episode reward:   972.54 | Episode steps: 2500 | Average reward:   898.57 | Step Count: 3603186 | Episode Q0:    32.78
Episode: 1642/5000 | Episode reward:   951.48 | Episode steps: 2500 | Average reward:   897.87 | Step Count: 3605686 | Episode Q0:    32.78
Episode: 1643/5000 | Episode reward:  1031.80 | Episode steps: 2500 | Average reward:   897.84 | Step Count: 3608186 | Episode Q0:    32.78
Episode: 1644/5000 | Episode reward:  1101.55 | Episode steps: 2500 | Average reward:   920.43 | Step Count: 3610686 | Episode Q0:    32.78
Episode: 1645/5000 | Episode reward:   902.02 | Episode steps: 2500 | Average reward:   921.57 | Step Count: 3613186 | Episode Q0:    32.78
Episode: 1646/5000 | Episode reward:   993.88 | Episode steps: 2500 | Average reward:   942.86 | Step Count: 3615686 | Episode Q0:    32.78
Episode: 1647/5000 | Episode reward:   887.94 | Episode steps: 2500 | Average reward:   953.45 | Step Count: 3618186 | Episode Q0:    32.78
Episode: 1648/5000 | Episode reward:   937.66 | Episode steps: 2500 | Average reward:   953.71 | Step Count: 3620686 | Episode Q0:    32.78
Episode: 1649/5000 | Episode reward:   971.51 | Episode steps: 2500 | Average reward:   955.47 | Step Count: 3623186 | Episode Q0:    32.78
Episode: 1650/5000 | Episode reward:  1071.26 | Episode steps: 2500 | Average reward:   982.16 | Step Count: 3625686 | Episode Q0:    32.78
Episode: 1651/5000 | Episode reward:   949.64 | Episode steps: 2500 | Average reward:   979.87 | Step Count: 3628186 | Episode Q0:    32.78
Episode: 1652/5000 | Episode reward:   927.11 | Episode steps: 2500 | Average reward:   977.44 | Step Count: 3630686 | Episode Q0:    32.78
Episode: 1653/5000 | Episode reward:   892.25 | Episode steps: 2500 | Average reward:   963.48 | Step Count: 3633186 | Episode Q0:    32.78
Episode: 1654/5000 | Episode reward:   714.47 | Episode steps: 2500 | Average reward:   924.77 | Step Count: 3635686 | Episode Q0:    32.78
Episode: 1655/5000 | Episode reward:  1008.29 | Episode steps: 2500 | Average reward:   935.40 | Step Count: 3638186 | Episode Q0:    32.78
Episode: 1656/5000 | Episode reward:  1019.44 | Episode steps: 2500 | Average reward:   937.96 | Step Count: 3640686 | Episode Q0:    32.78
Episode: 1657/5000 | Episode reward:   912.17 | Episode steps: 2500 | Average reward:   940.38 | Step Count: 3643186 | Episode Q0:    32.87
Episode: 1658/5000 | Episode reward:   850.69 | Episode steps: 2500 | Average reward:   931.68 | Step Count: 3645686 | Episode Q0:    32.87
Episode: 1659/5000 | Episode reward:   948.14 | Episode steps: 2500 | Average reward:   929.35 | Step Count: 3648186 | Episode Q0:    32.87
Episode: 1660/5000 | Episode reward:   884.57 | Episode steps: 2500 | Average reward:   910.68 | Step Count: 3650686 | Episode Q0:    32.87
Episode: 1661/5000 | Episode reward:   771.23 | Episode steps: 2500 | Average reward:   892.84 | Step Count: 3653186 | Episode Q0:    32.87
Episode: 1662/5000 | Episode reward:   788.60 | Episode steps: 2500 | Average reward:   878.99 | Step Count: 3655686 | Episode Q0:    32.87
Episode: 1663/5000 | Episode reward:   717.03 | Episode steps: 2500 | Average reward:   861.46 | Step Count: 3658186 | Episode Q0:    32.87
Episode: 1664/5000 | Episode reward:   313.11 | Episode steps: 2500 | Average reward:   821.33 | Step Count: 3660686 | Episode Q0:    32.87
Episode: 1665/5000 | Episode reward:   771.08 | Episode steps: 2500 | Average reward:   797.61 | Step Count: 3663186 | Episode Q0:    32.87
Episode: 1666/5000 | Episode reward:   590.74 | Episode steps: 2500 | Average reward:   754.74 | Step Count: 3665686 | Episode Q0:    32.87
Episode: 1667/5000 | Episode reward:   845.56 | Episode steps: 2500 | Average reward:   748.08 | Step Count: 3668186 | Episode Q0:    32.87
Episode: 1668/5000 | Episode reward:   849.30 | Episode steps: 2500 | Average reward:   747.94 | Step Count: 3670686 | Episode Q0:    32.87
Episode: 1669/5000 | Episode reward:   722.05 | Episode steps: 2500 | Average reward:   725.33 | Step Count: 3673186 | Episode Q0:    32.87
Episode: 1670/5000 | Episode reward:   841.84 | Episode steps: 2500 | Average reward:   721.06 | Step Count: 3675686 | Episode Q0:    32.87
Episode: 1671/5000 | Episode reward:   821.13 | Episode steps: 2500 | Average reward:   726.04 | Step Count: 3678186 | Episode Q0:    32.87
Episode: 1672/5000 | Episode reward:   303.20 | Episode steps: 2500 | Average reward:   677.51 | Step Count: 3680686 | Episode Q0:    32.87
Episode: 1673/5000 | Episode reward:   878.40 | Episode steps: 2500 | Average reward:   693.64 | Step Count: 3683186 | Episode Q0:    32.87
Episode: 1674/5000 | Episode reward:   755.84 | Episode steps: 2500 | Average reward:   737.91 | Step Count: 3685686 | Episode Q0:    32.87
Episode: 1675/5000 | Episode reward:   776.63 | Episode steps: 2500 | Average reward:   738.47 | Step Count: 3688186 | Episode Q0:    32.87
Episode: 1676/5000 | Episode reward:   822.83 | Episode steps: 2500 | Average reward:   761.68 | Step Count: 3690686 | Episode Q0:    32.87
Episode: 1677/5000 | Episode reward:   809.09 | Episode steps: 2500 | Average reward:   758.03 | Step Count: 3693186 | Episode Q0:    32.87
Episode: 1678/5000 | Episode reward:   889.92 | Episode steps: 2500 | Average reward:   762.09 | Step Count: 3695686 | Episode Q0:    31.70
Episode: 1679/5000 | Episode reward:   940.44 | Episode steps: 2500 | Average reward:   783.93 | Step Count: 3698186 | Episode Q0:    31.70
Episode: 1680/5000 | Episode reward:   848.65 | Episode steps: 2500 | Average reward:   784.61 | Step Count: 3700686 | Episode Q0:    31.70
Episode: 1681/5000 | Episode reward:   962.09 | Episode steps: 2500 | Average reward:   798.71 | Step Count: 3703186 | Episode Q0:    31.70
Episode: 1682/5000 | Episode reward:  1078.26 | Episode steps: 2500 | Average reward:   876.21 | Step Count: 3705686 | Episode Q0:    31.70
Episode: 1683/5000 | Episode reward:   792.57 | Episode steps: 2500 | Average reward:   867.63 | Step Count: 3708186 | Episode Q0:    31.70
Episode: 1684/5000 | Episode reward:  1020.13 | Episode steps: 2500 | Average reward:   894.06 | Step Count: 3710686 | Episode Q0:    31.70
Episode: 1685/5000 | Episode reward:   632.95 | Episode steps: 2500 | Average reward:   879.69 | Step Count: 3713186 | Episode Q0:    31.70
Episode: 1686/5000 | Episode reward:   978.75 | Episode steps: 2500 | Average reward:   895.28 | Step Count: 3715686 | Episode Q0:    31.70
Episode: 1687/5000 | Episode reward:  1040.68 | Episode steps: 2500 | Average reward:   918.44 | Step Count: 3718186 | Episode Q0:    31.70
Episode: 1688/5000 | Episode reward:   772.86 | Episode steps: 2500 | Average reward:   906.74 | Step Count: 3720686 | Episode Q0:    31.70
Episode: 1689/5000 | Episode reward:   528.48 | Episode steps: 2500 | Average reward:   865.54 | Step Count: 3723186 | Episode Q0:    31.70
Episode: 1690/5000 | Episode reward:   976.19 | Episode steps: 2500 | Average reward:   878.29 | Step Count: 3725686 | Episode Q0:    31.70
Episode: 1691/5000 | Episode reward:   880.54 | Episode steps: 2500 | Average reward:   870.14 | Step Count: 3728186 | Episode Q0:    31.70
Episode: 1692/5000 | Episode reward:   967.13 | Episode steps: 2500 | Average reward:   859.03 | Step Count: 3730686 | Episode Q0:    31.70
Episode: 1693/5000 | Episode reward:   718.64 | Episode steps: 2500 | Average reward:   851.64 | Step Count: 3733186 | Episode Q0:    31.70
Episode: 1694/5000 | Episode reward:   867.57 | Episode steps: 2500 | Average reward:   836.38 | Step Count: 3735686 | Episode Q0:    31.70
Episode: 1695/5000 | Episode reward:   891.35 | Episode steps: 2500 | Average reward:   862.22 | Step Count: 3738186 | Episode Q0:    31.70
Episode: 1696/5000 | Episode reward:  1033.68 | Episode steps: 2500 | Average reward:   867.71 | Step Count: 3740686 | Episode Q0:    31.70
Episode: 1697/5000 | Episode reward:   705.47 | Episode steps: 2500 | Average reward:   834.19 | Step Count: 3743186 | Episode Q0:    31.70
Episode: 1698/5000 | Episode reward:   992.24 | Episode steps: 2500 | Average reward:   856.13 | Step Count: 3745686 | Episode Q0:    31.70
Episode: 1699/5000 | Episode reward:   480.14 | Episode steps: 2500 | Average reward:   851.30 | Step Count: 3748186 | Episode Q0:    31.70
Episode: 1700/5000 | Episode reward:   849.18 | Episode steps: 2500 | Average reward:   838.60 | Step Count: 3750686 | Episode Q0:    31.70
Episode: 1701/5000 | Episode reward:   992.11 | Episode steps: 2500 | Average reward:   849.75 | Step Count: 3753186 | Episode Q0:    31.16
Episode: 1702/5000 | Episode reward:  1121.47 | Episode steps: 2500 | Average reward:   865.19 | Step Count: 3755686 | Episode Q0:    31.16
Episode: 1703/5000 | Episode reward:  1142.74 | Episode steps: 2500 | Average reward:   907.60 | Step Count: 3758186 | Episode Q0:    31.16
Episode: 1704/5000 | Episode reward:  1091.34 | Episode steps: 2500 | Average reward:   929.97 | Step Count: 3760686 | Episode Q0:    31.16
Episode: 1705/5000 | Episode reward:   991.03 | Episode steps: 2500 | Average reward:   939.94 | Step Count: 3763186 | Episode Q0:    31.16
Episode: 1706/5000 | Episode reward:  1230.07 | Episode steps: 2500 | Average reward:   959.58 | Step Count: 3765686 | Episode Q0:    31.16
Episode: 1707/5000 | Episode reward:  1107.74 | Episode steps: 2500 | Average reward:   999.81 | Step Count: 3768186 | Episode Q0:    31.16
Episode: 1708/5000 | Episode reward:  1121.99 | Episode steps: 2500 | Average reward:  1012.78 | Step Count: 3770686 | Episode Q0:    31.16
Episode: 1709/5000 | Episode reward:  1126.67 | Episode steps: 2500 | Average reward:  1077.43 | Step Count: 3773186 | Episode Q0:    31.16
Episode: 1710/5000 | Episode reward:  1113.93 | Episode steps: 2500 | Average reward:  1103.91 | Step Count: 3775686 | Episode Q0:    31.16
Episode: 1711/5000 | Episode reward:  1133.33 | Episode steps: 2500 | Average reward:  1118.03 | Step Count: 3778186 | Episode Q0:    31.16
Episode: 1712/5000 | Episode reward:  1081.03 | Episode steps: 2500 | Average reward:  1113.99 | Step Count: 3780686 | Episode Q0:    31.16
Episode: 1713/5000 | Episode reward:  1010.55 | Episode steps: 2500 | Average reward:  1100.77 | Step Count: 3783186 | Episode Q0:    31.16
Episode: 1714/5000 | Episode reward:  1116.34 | Episode steps: 2500 | Average reward:  1103.27 | Step Count: 3785686 | Episode Q0:    31.16
Episode: 1715/5000 | Episode reward:  1129.29 | Episode steps: 2500 | Average reward:  1117.09 | Step Count: 3788186 | Episode Q0:    31.16
Episode: 1716/5000 | Episode reward:  1124.20 | Episode steps: 2500 | Average reward:  1106.51 | Step Count: 3790686 | Episode Q0:    31.16
Episode: 1717/5000 | Episode reward:  1112.95 | Episode steps: 2500 | Average reward:  1107.03 | Step Count: 3793186 | Episode Q0:    31.16
Episode: 1718/5000 | Episode reward:  1124.11 | Episode steps: 2500 | Average reward:  1107.24 | Step Count: 3795686 | Episode Q0:    31.16
Episode: 1719/5000 | Episode reward:  1134.48 | Episode steps: 2500 | Average reward:  1108.02 | Step Count: 3798186 | Episode Q0:    31.16
Episode: 1720/5000 | Episode reward:  1109.73 | Episode steps: 2500 | Average reward:  1107.60 | Step Count: 3800686 | Episode Q0:    31.16
Episode: 1721/5000 | Episode reward:  1026.31 | Episode steps: 2500 | Average reward:  1096.90 | Step Count: 3803186 | Episode Q0:    31.16
Episode: 1722/5000 | Episode reward:  1136.50 | Episode steps: 2500 | Average reward:  1102.45 | Step Count: 3805686 | Episode Q0:    31.48
Episode: 1723/5000 | Episode reward:  1005.97 | Episode steps: 2500 | Average reward:  1101.99 | Step Count: 3808186 | Episode Q0:    31.48
Episode: 1724/5000 | Episode reward:  1013.47 | Episode steps: 2500 | Average reward:  1091.70 | Step Count: 3810686 | Episode Q0:    31.48
Episode: 1725/5000 | Episode reward:  1207.25 | Episode steps: 2500 | Average reward:  1099.50 | Step Count: 3813186 | Episode Q0:    31.48
Episode: 1726/5000 | Episode reward:   972.65 | Episode steps: 2500 | Average reward:  1084.34 | Step Count: 3815686 | Episode Q0:    31.48
Episode: 1727/5000 | Episode reward:  1175.81 | Episode steps: 2500 | Average reward:  1090.63 | Step Count: 3818186 | Episode Q0:    31.48
Episode: 1728/5000 | Episode reward:  1031.38 | Episode steps: 2500 | Average reward:  1081.35 | Step Count: 3820686 | Episode Q0:    31.48
Episode: 1729/5000 | Episode reward:  1190.40 | Episode steps: 2500 | Average reward:  1086.95 | Step Count: 3823186 | Episode Q0:    31.48
Episode: 1730/5000 | Episode reward:  1119.08 | Episode steps: 2500 | Average reward:  1087.88 | Step Count: 3825686 | Episode Q0:    31.48
Episode: 1731/5000 | Episode reward:  1151.84 | Episode steps: 2500 | Average reward:  1100.44 | Step Count: 3828186 | Episode Q0:    31.48
Episode: 1732/5000 | Episode reward:  1095.81 | Episode steps: 2500 | Average reward:  1096.37 | Step Count: 3830686 | Episode Q0:    31.48
Episode: 1733/5000 | Episode reward:  1057.67 | Episode steps: 2500 | Average reward:  1101.54 | Step Count: 3833186 | Episode Q0:    31.48
Episode: 1734/5000 | Episode reward:  1109.31 | Episode steps: 2500 | Average reward:  1111.12 | Step Count: 3835686 | Episode Q0:    31.48
Episode: 1735/5000 | Episode reward:  1136.75 | Episode steps: 2500 | Average reward:  1104.07 | Step Count: 3838186 | Episode Q0:    31.48
Episode: 1736/5000 | Episode reward:   952.72 | Episode steps: 2500 | Average reward:  1102.08 | Step Count: 3840686 | Episode Q0:    31.48
Episode: 1737/5000 | Episode reward:  1004.87 | Episode steps: 2500 | Average reward:  1084.98 | Step Count: 3843186 | Episode Q0:    31.48
Episode: 1738/5000 | Episode reward:  1027.69 | Episode steps: 2500 | Average reward:  1084.61 | Step Count: 3845686 | Episode Q0:    31.48
Episode: 1739/5000 | Episode reward:  1187.27 | Episode steps: 2500 | Average reward:  1084.30 | Step Count: 3848186 | Episode Q0:    31.48
Episode: 1740/5000 | Episode reward:  1128.91 | Episode steps: 2500 | Average reward:  1085.28 | Step Count: 3850686 | Episode Q0:    31.48
Episode: 1741/5000 | Episode reward:   979.31 | Episode steps: 2500 | Average reward:  1068.03 | Step Count: 3853186 | Episode Q0:    31.48
Episode: 1742/5000 | Episode reward:  1006.27 | Episode steps: 2500 | Average reward:  1059.08 | Step Count: 3855686 | Episode Q0:    31.48
Episode: 1743/5000 | Episode reward:   968.90 | Episode steps: 2500 | Average reward:  1050.20 | Step Count: 3858186 | Episode Q0:    31.48
Episode: 1744/5000 | Episode reward:  1075.59 | Episode steps: 2500 | Average reward:  1046.83 | Step Count: 3860686 | Episode Q0:    31.48
Episode: 1745/5000 | Episode reward:  1013.58 | Episode steps: 2500 | Average reward:  1034.51 | Step Count: 3863186 | Episode Q0:    32.40
Episode: 1746/5000 | Episode reward:   913.33 | Episode steps: 2500 | Average reward:  1030.57 | Step Count: 3865686 | Episode Q0:    32.40
Episode: 1747/5000 | Episode reward:  1187.55 | Episode steps: 2500 | Average reward:  1048.84 | Step Count: 3868186 | Episode Q0:    32.40
Episode: 1748/5000 | Episode reward:  1124.33 | Episode steps: 2500 | Average reward:  1058.50 | Step Count: 3870686 | Episode Q0:    32.40
Episode: 1749/5000 | Episode reward:  1226.74 | Episode steps: 2500 | Average reward:  1062.45 | Step Count: 3873186 | Episode Q0:    32.40
Episode: 1750/5000 | Episode reward:  1163.02 | Episode steps: 2500 | Average reward:  1065.86 | Step Count: 3875686 | Episode Q0:    32.40
Episode: 1751/5000 | Episode reward:  1199.79 | Episode steps: 2500 | Average reward:  1087.91 | Step Count: 3878186 | Episode Q0:    32.40
Episode: 1752/5000 | Episode reward:  1191.53 | Episode steps: 2500 | Average reward:  1106.44 | Step Count: 3880686 | Episode Q0:    32.40
Episode: 1753/5000 | Episode reward:  1224.29 | Episode steps: 2500 | Average reward:  1131.98 | Step Count: 3883186 | Episode Q0:    32.40
Episode: 1754/5000 | Episode reward:   570.89 | Episode steps: 2500 | Average reward:  1081.51 | Step Count: 3885686 | Episode Q0:    32.40
Episode: 1755/5000 | Episode reward:  1042.81 | Episode steps: 2500 | Average reward:  1084.43 | Step Count: 3888186 | Episode Q0:    32.40
Episode: 1756/5000 | Episode reward:  1112.33 | Episode steps: 2500 | Average reward:  1104.33 | Step Count: 3890686 | Episode Q0:    32.40
Episode: 1757/5000 | Episode reward:  1050.30 | Episode steps: 2500 | Average reward:  1090.61 | Step Count: 3893186 | Episode Q0:    32.40
Episode: 1758/5000 | Episode reward:  1180.14 | Episode steps: 2500 | Average reward:  1096.19 | Step Count: 3895686 | Episode Q0:    32.40
Episode: 1759/5000 | Episode reward:  1147.46 | Episode steps: 2500 | Average reward:  1088.26 | Step Count: 3898186 | Episode Q0:    32.40
Episode: 1760/5000 | Episode reward:  1070.96 | Episode steps: 2500 | Average reward:  1079.05 | Step Count: 3900686 | Episode Q0:    32.40
Episode: 1761/5000 | Episode reward:  1184.04 | Episode steps: 2500 | Average reward:  1077.48 | Step Count: 3903186 | Episode Q0:    32.40
Episode: 1762/5000 | Episode reward:  1187.28 | Episode steps: 2500 | Average reward:  1077.05 | Step Count: 3905686 | Episode Q0:    32.40
Episode: 1763/5000 | Episode reward:  1112.78 | Episode steps: 2500 | Average reward:  1065.90 | Step Count: 3908186 | Episode Q0:    32.40
Episode: 1764/5000 | Episode reward:  1047.41 | Episode steps: 2500 | Average reward:  1113.55 | Step Count: 3910686 | Episode Q0:    32.40
Episode: 1765/5000 | Episode reward:  1140.43 | Episode steps: 2500 | Average reward:  1123.31 | Step Count: 3913186 | Episode Q0:    32.40
Episode: 1766/5000 | Episode reward:  1142.15 | Episode steps: 2500 | Average reward:  1126.30 | Step Count: 3915686 | Episode Q0:    32.26
Episode: 1767/5000 | Episode reward:  1207.80 | Episode steps: 2500 | Average reward:  1142.05 | Step Count: 3918186 | Episode Q0:    32.26
Episode: 1768/5000 | Episode reward:  1153.72 | Episode steps: 2500 | Average reward:  1139.40 | Step Count: 3920686 | Episode Q0:    32.26
Episode: 1769/5000 | Episode reward:  1206.54 | Episode steps: 2500 | Average reward:  1145.31 | Step Count: 3923186 | Episode Q0:    32.26
Episode: 1770/5000 | Episode reward:  1210.21 | Episode steps: 2500 | Average reward:  1159.24 | Step Count: 3925686 | Episode Q0:    32.26
Episode: 1771/5000 | Episode reward:  1241.45 | Episode steps: 2500 | Average reward:  1164.98 | Step Count: 3928186 | Episode Q0:    32.26
Episode: 1772/5000 | Episode reward:  1111.49 | Episode steps: 2500 | Average reward:  1157.40 | Step Count: 3930686 | Episode Q0:    32.26
Episode: 1773/5000 | Episode reward:  1116.53 | Episode steps: 2500 | Average reward:  1157.77 | Step Count: 3933186 | Episode Q0:    32.26
Episode: 1774/5000 | Episode reward:  1123.83 | Episode steps: 2500 | Average reward:  1165.42 | Step Count: 3935686 | Episode Q0:    32.26
Episode: 1775/5000 | Episode reward:  1143.58 | Episode steps: 2500 | Average reward:  1165.73 | Step Count: 3938186 | Episode Q0:    32.26
Episode: 1776/5000 | Episode reward:  1197.42 | Episode steps: 2500 | Average reward:  1171.26 | Step Count: 3940686 | Episode Q0:    32.26
Episode: 1777/5000 | Episode reward:  1147.13 | Episode steps: 2500 | Average reward:  1165.19 | Step Count: 3943186 | Episode Q0:    32.26
Episode: 1778/5000 | Episode reward:  1170.22 | Episode steps: 2500 | Average reward:  1166.84 | Step Count: 3945686 | Episode Q0:    32.26
Episode: 1779/5000 | Episode reward:  1173.97 | Episode steps: 2500 | Average reward:  1163.58 | Step Count: 3948186 | Episode Q0:    32.26
Episode: 1780/5000 | Episode reward:  1216.73 | Episode steps: 2500 | Average reward:  1164.24 | Step Count: 3950686 | Episode Q0:    32.26
Episode: 1781/5000 | Episode reward:  1133.33 | Episode steps: 2500 | Average reward:  1153.42 | Step Count: 3953186 | Episode Q0:    32.26
Episode: 1782/5000 | Episode reward:  1209.58 | Episode steps: 2500 | Average reward:  1163.23 | Step Count: 3955686 | Episode Q0:    32.26
Episode: 1783/5000 | Episode reward:  1184.83 | Episode steps: 2500 | Average reward:  1170.06 | Step Count: 3958186 | Episode Q0:    32.26
Episode: 1784/5000 | Episode reward:  1208.04 | Episode steps: 2500 | Average reward:  1178.48 | Step Count: 3960686 | Episode Q0:    32.26
Episode: 1785/5000 | Episode reward:  1216.31 | Episode steps: 2500 | Average reward:  1185.75 | Step Count: 3963186 | Episode Q0:    32.26
Episode: 1786/5000 | Episode reward:  1131.08 | Episode steps: 2500 | Average reward:  1179.12 | Step Count: 3965686 | Episode Q0:    32.26
Episode: 1787/5000 | Episode reward:  1214.56 | Episode steps: 2500 | Average reward:  1185.86 | Step Count: 3968186 | Episode Q0:    32.26
Episode: 1788/5000 | Episode reward:  1219.91 | Episode steps: 2500 | Average reward:  1190.83 | Step Count: 3970686 | Episode Q0:    32.26
Episode: 1789/5000 | Episode reward:  1188.51 | Episode steps: 2500 | Average reward:  1192.29 | Step Count: 3973186 | Episode Q0:    32.16
Episode: 1790/5000 | Episode reward:  1181.61 | Episode steps: 2500 | Average reward:  1188.78 | Step Count: 3975686 | Episode Q0:    32.16
Episode: 1791/5000 | Episode reward:  1178.25 | Episode steps: 2500 | Average reward:  1193.27 | Step Count: 3978186 | Episode Q0:    32.16
Episode: 1792/5000 | Episode reward:  1181.10 | Episode steps: 2500 | Average reward:  1190.42 | Step Count: 3980686 | Episode Q0:    32.16
Episode: 1793/5000 | Episode reward:  1162.53 | Episode steps: 2500 | Average reward:  1188.19 | Step Count: 3983186 | Episode Q0:    32.16
Episode: 1794/5000 | Episode reward:  1179.54 | Episode steps: 2500 | Average reward:  1185.34 | Step Count: 3985686 | Episode Q0:    32.16
Episode: 1795/5000 | Episode reward:  1171.86 | Episode steps: 2500 | Average reward:  1180.90 | Step Count: 3988186 | Episode Q0:    32.16
Episode: 1796/5000 | Episode reward:  1211.41 | Episode steps: 2500 | Average reward:  1188.93 | Step Count: 3990686 | Episode Q0:    32.16
Episode: 1797/5000 | Episode reward:  1178.92 | Episode steps: 2500 | Average reward:  1185.36 | Step Count: 3993186 | Episode Q0:    32.16
Episode: 1798/5000 | Episode reward:  1188.54 | Episode steps: 2500 | Average reward:  1182.23 | Step Count: 3995686 | Episode Q0:    32.16
Episode: 1799/5000 | Episode reward:  1177.23 | Episode steps: 2500 | Average reward:  1181.10 | Step Count: 3998186 | Episode Q0:    32.16
Episode: 1800/5000 | Episode reward:  1171.97 | Episode steps: 2500 | Average reward:  1180.13 | Step Count: 4000686 | Episode Q0:    32.16
Episode: 1801/5000 | Episode reward:  1161.56 | Episode steps: 2500 | Average reward:  1178.47 | Step Count: 4003186 | Episode Q0:    32.16
Episode: 1802/5000 | Episode reward:  1254.28 | Episode steps: 2500 | Average reward:  1185.78 | Step Count: 4005686 | Episode Q0:    32.16
Episode: 1803/5000 | Episode reward:  1209.72 | Episode steps: 2500 | Average reward:  1190.50 | Step Count: 4008186 | Episode Q0:    32.16
Episode: 1804/5000 | Episode reward:  1187.18 | Episode steps: 2500 | Average reward:  1191.27 | Step Count: 4010686 | Episode Q0:    32.16
Episode: 1805/5000 | Episode reward:  1200.87 | Episode steps: 2500 | Average reward:  1194.17 | Step Count: 4013186 | Episode Q0:    32.16
Episode: 1806/5000 | Episode reward:  1175.77 | Episode steps: 2500 | Average reward:  1190.60 | Step Count: 4015686 | Episode Q0:    32.16
Episode: 1807/5000 | Episode reward:  1187.44 | Episode steps: 2500 | Average reward:  1191.46 | Step Count: 4018186 | Episode Q0:    32.16
Episode: 1808/5000 | Episode reward:  1131.32 | Episode steps: 2500 | Average reward:  1185.73 | Step Count: 4020686 | Episode Q0:    32.16
Episode: 1809/5000 | Episode reward:  1161.61 | Episode steps: 2500 | Average reward:  1184.17 | Step Count: 4023186 | Episode Q0:    32.16
Episode: 1810/5000 | Episode reward:  1101.33 | Episode steps: 2500 | Average reward:  1177.11 | Step Count: 4025686 | Episode Q0:    32.11
Episode: 1811/5000 | Episode reward:  1168.44 | Episode steps: 2500 | Average reward:  1177.80 | Step Count: 4028186 | Episode Q0:    32.11
Episode: 1812/5000 | Episode reward:  1038.62 | Episode steps: 2500 | Average reward:  1156.23 | Step Count: 4030686 | Episode Q0:    32.11
Episode: 1813/5000 | Episode reward:  1113.42 | Episode steps: 2500 | Average reward:  1146.60 | Step Count: 4033186 | Episode Q0:    32.11
Episode: 1814/5000 | Episode reward:  1072.14 | Episode steps: 2500 | Average reward:  1135.10 | Step Count: 4035686 | Episode Q0:    32.11
Episode: 1815/5000 | Episode reward:  1163.50 | Episode steps: 2500 | Average reward:  1131.36 | Step Count: 4038186 | Episode Q0:    32.11
Episode: 1816/5000 | Episode reward:  1193.32 | Episode steps: 2500 | Average reward:  1133.11 | Step Count: 4040686 | Episode Q0:    32.11
Episode: 1817/5000 | Episode reward:  1108.61 | Episode steps: 2500 | Average reward:  1125.23 | Step Count: 4043186 | Episode Q0:    32.11
Episode: 1818/5000 | Episode reward:  1115.90 | Episode steps: 2500 | Average reward:  1123.69 | Step Count: 4045686 | Episode Q0:    32.11
Episode: 1819/5000 | Episode reward:  1088.21 | Episode steps: 2500 | Average reward:  1116.35 | Step Count: 4048186 | Episode Q0:    32.11
Episode: 1820/5000 | Episode reward:  1056.92 | Episode steps: 2500 | Average reward:  1111.91 | Step Count: 4050686 | Episode Q0:    32.11
Episode: 1821/5000 | Episode reward:  1139.18 | Episode steps: 2500 | Average reward:  1108.98 | Step Count: 4053186 | Episode Q0:    32.11
Episode: 1822/5000 | Episode reward:  1105.31 | Episode steps: 2500 | Average reward:  1115.65 | Step Count: 4055686 | Episode Q0:    32.11
Episode: 1823/5000 | Episode reward:   350.63 | Episode steps:  752 | Average reward:  1039.37 | Step Count: 4056438 | Episode Q0:    32.11
Episode: 1824/5000 | Episode reward:  1133.83 | Episode steps: 2500 | Average reward:  1045.54 | Step Count: 4058938 | Episode Q0:    32.11
Episode: 1825/5000 | Episode reward:  1117.01 | Episode steps: 2500 | Average reward:  1040.89 | Step Count: 4061438 | Episode Q0:    32.11
Episode: 1826/5000 | Episode reward:  1105.89 | Episode steps: 2500 | Average reward:  1032.15 | Step Count: 4063938 | Episode Q0:    32.11
Episode: 1827/5000 | Episode reward:  1161.57 | Episode steps: 2500 | Average reward:  1037.45 | Step Count: 4066438 | Episode Q0:    32.11
Episode: 1828/5000 | Episode reward:  1183.16 | Episode steps: 2500 | Average reward:  1044.17 | Step Count: 4068938 | Episode Q0:    32.11
Episode: 1829/5000 | Episode reward:  1117.30 | Episode steps: 2500 | Average reward:  1047.08 | Step Count: 4071438 | Episode Q0:    32.11
Episode: 1830/5000 | Episode reward:  1126.89 | Episode steps: 2500 | Average reward:  1054.08 | Step Count: 4073938 | Episode Q0:    32.11
Episode: 1831/5000 | Episode reward:  1137.80 | Episode steps: 2500 | Average reward:  1053.94 | Step Count: 4076438 | Episode Q0:    32.11
Episode: 1832/5000 | Episode reward:  1043.71 | Episode steps: 2500 | Average reward:  1047.78 | Step Count: 4078938 | Episode Q0:    32.11
Episode: 1833/5000 | Episode reward:  1217.47 | Episode steps: 2500 | Average reward:  1134.46 | Step Count: 4081438 | Episode Q0:    32.61
Episode: 1834/5000 | Episode reward:  1190.77 | Episode steps: 2500 | Average reward:  1140.16 | Step Count: 4083938 | Episode Q0:    32.61
Episode: 1835/5000 | Episode reward:  1274.17 | Episode steps: 2500 | Average reward:  1155.87 | Step Count: 4086438 | Episode Q0:    32.61
Episode: 1836/5000 | Episode reward:  1228.28 | Episode steps: 2500 | Average reward:  1168.11 | Step Count: 4088938 | Episode Q0:    32.61
Episode: 1837/5000 | Episode reward:  1203.12 | Episode steps: 2500 | Average reward:  1172.27 | Step Count: 4091438 | Episode Q0:    32.61
Episode: 1838/5000 | Episode reward:  1229.32 | Episode steps: 2500 | Average reward:  1176.88 | Step Count: 4093938 | Episode Q0:    32.61
Episode: 1839/5000 | Episode reward:  1193.54 | Episode steps: 2500 | Average reward:  1184.51 | Step Count: 4096438 | Episode Q0:    32.61
Episode: 1840/5000 | Episode reward:  1180.59 | Episode steps: 2500 | Average reward:  1189.88 | Step Count: 4098938 | Episode Q0:    32.61
Episode: 1841/5000 | Episode reward:  1215.18 | Episode steps: 2500 | Average reward:  1197.62 | Step Count: 4101438 | Episode Q0:    32.61
Episode: 1842/5000 | Episode reward:  1216.00 | Episode steps: 2500 | Average reward:  1214.84 | Step Count: 4103938 | Episode Q0:    32.61
Episode: 1843/5000 | Episode reward:  1216.80 | Episode steps: 2500 | Average reward:  1214.78 | Step Count: 4106438 | Episode Q0:    32.61
Episode: 1844/5000 | Episode reward:  1217.39 | Episode steps: 2500 | Average reward:  1217.44 | Step Count: 4108938 | Episode Q0:    32.61
Episode: 1845/5000 | Episode reward:  1199.50 | Episode steps: 2500 | Average reward:  1209.97 | Step Count: 4111438 | Episode Q0:    32.61
Episode: 1846/5000 | Episode reward:  1200.18 | Episode steps: 2500 | Average reward:  1207.16 | Step Count: 4113938 | Episode Q0:    32.61
Episode: 1847/5000 | Episode reward:  1272.08 | Episode steps: 2500 | Average reward:  1214.06 | Step Count: 4116438 | Episode Q0:    32.61
Episode: 1848/5000 | Episode reward:  1235.54 | Episode steps: 2500 | Average reward:  1214.68 | Step Count: 4118938 | Episode Q0:    32.61
Episode: 1849/5000 | Episode reward:  1209.24 | Episode steps: 2500 | Average reward:  1216.25 | Step Count: 4121438 | Episode Q0:    32.61
Episode: 1850/5000 | Episode reward:  1273.66 | Episode steps: 2500 | Average reward:  1225.56 | Step Count: 4123938 | Episode Q0:    32.61
Episode: 1851/5000 | Episode reward:  1264.28 | Episode steps: 2500 | Average reward:  1230.47 | Step Count: 4126438 | Episode Q0:    32.61
Episode: 1852/5000 | Episode reward:  1265.82 | Episode steps: 2500 | Average reward:  1235.45 | Step Count: 4128938 | Episode Q0:    32.61
Episode: 1853/5000 | Episode reward:  1219.78 | Episode steps: 2500 | Average reward:  1235.75 | Step Count: 4131438 | Episode Q0:    32.61
Episode: 1854/5000 | Episode reward:  1199.43 | Episode steps: 2500 | Average reward:  1233.95 | Step Count: 4133938 | Episode Q0:    33.59
Episode: 1855/5000 | Episode reward:  1185.92 | Episode steps: 2500 | Average reward:  1232.59 | Step Count: 4136438 | Episode Q0:    33.59
Episode: 1856/5000 | Episode reward:  1188.19 | Episode steps: 2500 | Average reward:  1231.39 | Step Count: 4138938 | Episode Q0:    33.59
Episode: 1857/5000 | Episode reward:  1205.42 | Episode steps: 2500 | Average reward:  1224.73 | Step Count: 4141438 | Episode Q0:    33.59
Episode: 1858/5000 | Episode reward:  1239.78 | Episode steps: 2500 | Average reward:  1225.15 | Step Count: 4143938 | Episode Q0:    33.59
Episode: 1859/5000 | Episode reward:  1182.23 | Episode steps: 2500 | Average reward:  1222.45 | Step Count: 4146438 | Episode Q0:    33.59
Episode: 1860/5000 | Episode reward:  1201.09 | Episode steps: 2500 | Average reward:  1215.19 | Step Count: 4148938 | Episode Q0:    33.59
Episode: 1861/5000 | Episode reward:  1208.87 | Episode steps: 2500 | Average reward:  1209.65 | Step Count: 4151438 | Episode Q0:    33.59
Episode: 1862/5000 | Episode reward:  1201.05 | Episode steps: 2500 | Average reward:  1203.18 | Step Count: 4153938 | Episode Q0:    33.59
Episode: 1863/5000 | Episode reward:  1198.33 | Episode steps: 2500 | Average reward:  1201.03 | Step Count: 4156438 | Episode Q0:    33.59
Episode: 1864/5000 | Episode reward:  1189.30 | Episode steps: 2500 | Average reward:  1200.02 | Step Count: 4158938 | Episode Q0:    33.59
Episode: 1865/5000 | Episode reward:  1211.48 | Episode steps: 2500 | Average reward:  1202.57 | Step Count: 4161438 | Episode Q0:    33.59
Episode: 1866/5000 | Episode reward:  1194.84 | Episode steps: 2500 | Average reward:  1203.24 | Step Count: 4163938 | Episode Q0:    33.59
Episode: 1867/5000 | Episode reward:  1196.78 | Episode steps: 2500 | Average reward:  1202.37 | Step Count: 4166438 | Episode Q0:    33.59
Episode: 1868/5000 | Episode reward:  1207.22 | Episode steps: 2500 | Average reward:  1199.12 | Step Count: 4168938 | Episode Q0:    33.59
Episode: 1869/5000 | Episode reward:  1165.94 | Episode steps: 2500 | Average reward:  1197.49 | Step Count: 4171438 | Episode Q0:    33.59
Episode: 1870/5000 | Episode reward:  1186.73 | Episode steps: 2500 | Average reward:  1196.05 | Step Count: 4173938 | Episode Q0:    33.59
Episode: 1871/5000 | Episode reward:  1215.13 | Episode steps: 2500 | Average reward:  1196.68 | Step Count: 4176438 | Episode Q0:    33.59
Episode: 1872/5000 | Episode reward:  1200.43 | Episode steps: 2500 | Average reward:  1196.62 | Step Count: 4178938 | Episode Q0:    33.59
Episode: 1873/5000 | Episode reward:  1191.05 | Episode steps: 2500 | Average reward:  1195.89 | Step Count: 4181438 | Episode Q0:    33.59
Episode: 1874/5000 | Episode reward:  1202.81 | Episode steps: 2500 | Average reward:  1197.24 | Step Count: 4183938 | Episode Q0:    33.59
Episode: 1875/5000 | Episode reward:  1211.14 | Episode steps: 2500 | Average reward:  1197.20 | Step Count: 4186438 | Episode Q0:    33.59
Episode: 1876/5000 | Episode reward:  1177.48 | Episode steps: 2500 | Average reward:  1195.47 | Step Count: 4188938 | Episode Q0:    33.59
Episode: 1877/5000 | Episode reward:  1194.43 | Episode steps: 2500 | Average reward:  1195.23 | Step Count: 4191438 | Episode Q0:    32.09
Episode: 1878/5000 | Episode reward:  1194.65 | Episode steps: 2500 | Average reward:  1193.98 | Step Count: 4193938 | Episode Q0:    32.09
Episode: 1879/5000 | Episode reward:  1205.69 | Episode steps: 2500 | Average reward:  1197.95 | Step Count: 4196438 | Episode Q0:    32.09
Episode: 1880/5000 | Episode reward:  1205.38 | Episode steps: 2500 | Average reward:  1199.82 | Step Count: 4198938 | Episode Q0:    32.09
Episode: 1881/5000 | Episode reward:  1219.74 | Episode steps: 2500 | Average reward:  1200.28 | Step Count: 4201438 | Episode Q0:    32.09
Episode: 1882/5000 | Episode reward:  1113.52 | Episode steps: 2500 | Average reward:  1191.59 | Step Count: 4203938 | Episode Q0:    32.09
Episode: 1883/5000 | Episode reward:  1226.75 | Episode steps: 2500 | Average reward:  1195.16 | Step Count: 4206438 | Episode Q0:    32.09
Episode: 1884/5000 | Episode reward:  1216.45 | Episode steps: 2500 | Average reward:  1196.52 | Step Count: 4208938 | Episode Q0:    32.09
Episode: 1885/5000 | Episode reward:  1182.60 | Episode steps: 2500 | Average reward:  1193.67 | Step Count: 4211438 | Episode Q0:    32.09
Episode: 1886/5000 | Episode reward:  1207.09 | Episode steps: 2500 | Average reward:  1196.63 | Step Count: 4213938 | Episode Q0:    32.09
Episode: 1887/5000 | Episode reward:  1199.49 | Episode steps: 2500 | Average reward:  1197.14 | Step Count: 4216438 | Episode Q0:    32.09
Episode: 1888/5000 | Episode reward:  1206.85 | Episode steps: 2500 | Average reward:  1198.36 | Step Count: 4218938 | Episode Q0:    32.09
Episode: 1889/5000 | Episode reward:  1204.86 | Episode steps: 2500 | Average reward:  1198.27 | Step Count: 4221438 | Episode Q0:    32.09
Episode: 1890/5000 | Episode reward:  1173.12 | Episode steps: 2500 | Average reward:  1195.05 | Step Count: 4223938 | Episode Q0:    32.09
Episode: 1891/5000 | Episode reward:  1176.67 | Episode steps: 2500 | Average reward:  1190.74 | Step Count: 4226438 | Episode Q0:    32.09
Episode: 1892/5000 | Episode reward:  1123.58 | Episode steps: 2500 | Average reward:  1191.75 | Step Count: 4228938 | Episode Q0:    32.09
Episode: 1893/5000 | Episode reward:  1193.81 | Episode steps: 2500 | Average reward:  1188.45 | Step Count: 4231438 | Episode Q0:    32.09
Episode: 1894/5000 | Episode reward:  1184.68 | Episode steps: 2500 | Average reward:  1185.28 | Step Count: 4233938 | Episode Q0:    32.09
Episode: 1895/5000 | Episode reward:  1210.43 | Episode steps: 2500 | Average reward:  1188.06 | Step Count: 4236438 | Episode Q0:    32.09
Episode: 1896/5000 | Episode reward:  1178.05 | Episode steps: 2500 | Average reward:  1185.16 | Step Count: 4238938 | Episode Q0:    32.09
Episode: 1897/5000 | Episode reward:  1210.60 | Episode steps: 2500 | Average reward:  1186.27 | Step Count: 4241438 | Episode Q0:    32.09
Episode: 1898/5000 | Episode reward:  1225.19 | Episode steps: 2500 | Average reward:  1188.10 | Step Count: 4243938 | Episode Q0:    32.72
Episode: 1899/5000 | Episode reward:  1200.96 | Episode steps: 2500 | Average reward:  1187.71 | Step Count: 4246438 | Episode Q0:    32.72
Episode: 1900/5000 | Episode reward:  1250.07 | Episode steps: 2500 | Average reward:  1195.40 | Step Count: 4248938 | Episode Q0:    32.72
Episode: 1901/5000 | Episode reward:  1231.89 | Episode steps: 2500 | Average reward:  1200.93 | Step Count: 4251438 | Episode Q0:    32.72
Episode: 1902/5000 | Episode reward:  1255.68 | Episode steps: 2500 | Average reward:  1214.14 | Step Count: 4253938 | Episode Q0:    32.72
Episode: 1903/5000 | Episode reward:  1271.87 | Episode steps: 2500 | Average reward:  1221.94 | Step Count: 4256438 | Episode Q0:    32.72
Episode: 1904/5000 | Episode reward:  1227.42 | Episode steps: 2500 | Average reward:  1226.22 | Step Count: 4258938 | Episode Q0:    32.72
Episode: 1905/5000 | Episode reward:  1212.90 | Episode steps: 2500 | Average reward:  1226.46 | Step Count: 4261438 | Episode Q0:    32.72
Episode: 1906/5000 | Episode reward:  1206.88 | Episode steps: 2500 | Average reward:  1229.35 | Step Count: 4263938 | Episode Q0:    32.72
Episode: 1907/5000 | Episode reward:  1233.33 | Episode steps: 2500 | Average reward:  1231.62 | Step Count: 4266438 | Episode Q0:    32.72
Episode: 1908/5000 | Episode reward:  1226.86 | Episode steps: 2500 | Average reward:  1231.79 | Step Count: 4268938 | Episode Q0:    32.72
Episode: 1909/5000 | Episode reward:  1273.82 | Episode steps: 2500 | Average reward:  1239.07 | Step Count: 4271438 | Episode Q0:    32.72
Episode: 1910/5000 | Episode reward:  1246.76 | Episode steps: 2500 | Average reward:  1238.74 | Step Count: 4273938 | Episode Q0:    32.72
Episode: 1911/5000 | Episode reward:  1279.21 | Episode steps: 2500 | Average reward:  1243.47 | Step Count: 4276438 | Episode Q0:    32.72
Episode: 1912/5000 | Episode reward:  1210.85 | Episode steps: 2500 | Average reward:  1238.99 | Step Count: 4278938 | Episode Q0:    32.72
Episode: 1913/5000 | Episode reward:  1206.60 | Episode steps: 2500 | Average reward:  1232.46 | Step Count: 4281438 | Episode Q0:    32.72
Episode: 1914/5000 | Episode reward:  1235.85 | Episode steps: 2500 | Average reward:  1233.31 | Step Count: 4283938 | Episode Q0:    32.72
Episode: 1915/5000 | Episode reward:  1261.08 | Episode steps: 2500 | Average reward:  1238.12 | Step Count: 4286438 | Episode Q0:    32.72
Episode: 1916/5000 | Episode reward:  1286.08 | Episode steps: 2500 | Average reward:  1246.04 | Step Count: 4288938 | Episode Q0:    32.72
Episode: 1917/5000 | Episode reward:  1236.33 | Episode steps: 2500 | Average reward:  1246.34 | Step Count: 4291438 | Episode Q0:    32.72
Episode: 1918/5000 | Episode reward:  1224.06 | Episode steps: 2500 | Average reward:  1246.07 | Step Count: 4293938 | Episode Q0:    32.72
Episode: 1919/5000 | Episode reward:  1283.66 | Episode steps: 2500 | Average reward:  1247.05 | Step Count: 4296438 | Episode Q0:    32.72
Episode: 1920/5000 | Episode reward:  1224.72 | Episode steps: 2500 | Average reward:  1244.85 | Step Count: 4298938 | Episode Q0:    32.72
Episode: 1921/5000 | Episode reward:  1214.76 | Episode steps: 2500 | Average reward:  1238.40 | Step Count: 4301438 | Episode Q0:    32.57
Episode: 1922/5000 | Episode reward:  1230.67 | Episode steps: 2500 | Average reward:  1240.38 | Step Count: 4303938 | Episode Q0:    32.57
Episode: 1923/5000 | Episode reward:  1287.36 | Episode steps: 2500 | Average reward:  1248.46 | Step Count: 4306438 | Episode Q0:    32.57
Episode: 1924/5000 | Episode reward:  1227.26 | Episode steps: 2500 | Average reward:  1247.60 | Step Count: 4308938 | Episode Q0:    32.57
Episode: 1925/5000 | Episode reward:  1229.48 | Episode steps: 2500 | Average reward:  1244.44 | Step Count: 4311438 | Episode Q0:    32.57
Episode: 1926/5000 | Episode reward:  1268.01 | Episode steps: 2500 | Average reward:  1242.63 | Step Count: 4313938 | Episode Q0:    32.57
Episode: 1927/5000 | Episode reward:  1304.84 | Episode steps: 2500 | Average reward:  1249.48 | Step Count: 4316438 | Episode Q0:    32.57
Episode: 1928/5000 | Episode reward:  1233.31 | Episode steps: 2500 | Average reward:  1250.41 | Step Count: 4318938 | Episode Q0:    32.57
Episode: 1929/5000 | Episode reward:  1272.29 | Episode steps: 2500 | Average reward:  1249.27 | Step Count: 4321438 | Episode Q0:    32.57
Episode: 1930/5000 | Episode reward:  1220.14 | Episode steps: 2500 | Average reward:  1248.81 | Step Count: 4323938 | Episode Q0:    32.57
Episode: 1931/5000 | Episode reward:  1248.18 | Episode steps: 2500 | Average reward:  1252.15 | Step Count: 4326438 | Episode Q0:    32.57
Episode: 1932/5000 | Episode reward:  1216.93 | Episode steps: 2500 | Average reward:  1250.78 | Step Count: 4328938 | Episode Q0:    32.57
Episode: 1933/5000 | Episode reward:  1236.82 | Episode steps: 2500 | Average reward:  1245.73 | Step Count: 4331438 | Episode Q0:    32.57
Episode: 1934/5000 | Episode reward:  1224.43 | Episode steps: 2500 | Average reward:  1245.44 | Step Count: 4333938 | Episode Q0:    32.57
Episode: 1935/5000 | Episode reward:  1269.28 | Episode steps: 2500 | Average reward:  1249.42 | Step Count: 4336438 | Episode Q0:    32.57
Episode: 1936/5000 | Episode reward:  1258.87 | Episode steps: 2500 | Average reward:  1248.51 | Step Count: 4338938 | Episode Q0:    32.57
Episode: 1937/5000 | Episode reward:  1265.33 | Episode steps: 2500 | Average reward:  1244.56 | Step Count: 4341438 | Episode Q0:    32.57
Episode: 1938/5000 | Episode reward:  1250.82 | Episode steps: 2500 | Average reward:  1246.31 | Step Count: 4343938 | Episode Q0:    32.57
Episode: 1939/5000 | Episode reward:  1211.15 | Episode steps: 2500 | Average reward:  1240.20 | Step Count: 4346438 | Episode Q0:    32.57
Episode: 1940/5000 | Episode reward:  1215.63 | Episode steps: 2500 | Average reward:  1239.74 | Step Count: 4348938 | Episode Q0:    32.57
Episode: 1941/5000 | Episode reward:  1237.12 | Episode steps: 2500 | Average reward:  1238.64 | Step Count: 4351438 | Episode Q0:    32.57
Episode: 1942/5000 | Episode reward:  1121.70 | Episode steps: 2500 | Average reward:  1229.12 | Step Count: 4353938 | Episode Q0:    33.29
Episode: 1943/5000 | Episode reward:  1190.08 | Episode steps: 2500 | Average reward:  1224.44 | Step Count: 4356438 | Episode Q0:    33.29
Episode: 1944/5000 | Episode reward:  1177.85 | Episode steps: 2500 | Average reward:  1219.78 | Step Count: 4358938 | Episode Q0:    33.29
Episode: 1945/5000 | Episode reward:  1196.15 | Episode steps: 2500 | Average reward:  1212.47 | Step Count: 4361438 | Episode Q0:    33.29
Episode: 1946/5000 | Episode reward:  1167.11 | Episode steps: 2500 | Average reward:  1203.29 | Step Count: 4363938 | Episode Q0:    33.29
Episode: 1947/5000 | Episode reward:  1192.22 | Episode steps: 2500 | Average reward:  1195.98 | Step Count: 4366438 | Episode Q0:    33.29
Episode: 1948/5000 | Episode reward:  1192.73 | Episode steps: 2500 | Average reward:  1190.17 | Step Count: 4368938 | Episode Q0:    33.29
Episode: 1949/5000 | Episode reward:  1106.30 | Episode steps: 2500 | Average reward:  1179.69 | Step Count: 4371438 | Episode Q0:    33.29
Episode: 1950/5000 | Episode reward:  1191.40 | Episode steps: 2500 | Average reward:  1177.27 | Step Count: 4373938 | Episode Q0:    33.29
Episode: 1951/5000 | Episode reward:  1170.40 | Episode steps: 2500 | Average reward:  1170.59 | Step Count: 4376438 | Episode Q0:    33.29
Episode: 1952/5000 | Episode reward:  1129.42 | Episode steps: 2500 | Average reward:  1171.37 | Step Count: 4378938 | Episode Q0:    33.29
Episode: 1953/5000 | Episode reward:  1198.29 | Episode steps: 2500 | Average reward:  1172.19 | Step Count: 4381438 | Episode Q0:    33.29
Episode: 1954/5000 | Episode reward:  1194.85 | Episode steps: 2500 | Average reward:  1173.89 | Step Count: 4383938 | Episode Q0:    33.29
Episode: 1955/5000 | Episode reward:  1222.98 | Episode steps: 2500 | Average reward:  1176.57 | Step Count: 4386438 | Episode Q0:    33.29
Episode: 1956/5000 | Episode reward:  1118.34 | Episode steps: 2500 | Average reward:  1171.69 | Step Count: 4388938 | Episode Q0:    33.29
Episode: 1957/5000 | Episode reward:  1192.83 | Episode steps: 2500 | Average reward:  1171.75 | Step Count: 4391438 | Episode Q0:    33.29
Episode: 1958/5000 | Episode reward:  1205.81 | Episode steps: 2500 | Average reward:  1173.06 | Step Count: 4393938 | Episode Q0:    33.29
Episode: 1959/5000 | Episode reward:  1153.03 | Episode steps: 2500 | Average reward:  1177.74 | Step Count: 4396438 | Episode Q0:    33.29
Episode: 1960/5000 | Episode reward:  1194.42 | Episode steps: 2500 | Average reward:  1178.04 | Step Count: 4398938 | Episode Q0:    33.29
Episode: 1961/5000 | Episode reward:  1177.02 | Episode steps: 2500 | Average reward:  1178.70 | Step Count: 4401438 | Episode Q0:    33.29
Episode: 1962/5000 | Episode reward:  1169.79 | Episode steps: 2500 | Average reward:  1182.74 | Step Count: 4403938 | Episode Q0:    33.29
Episode: 1963/5000 | Episode reward:  1171.43 | Episode steps: 2500 | Average reward:  1180.05 | Step Count: 4406438 | Episode Q0:    33.29
Episode: 1964/5000 | Episode reward:  1181.49 | Episode steps: 2500 | Average reward:  1178.71 | Step Count: 4408938 | Episode Q0:    33.29
Episode: 1965/5000 | Episode reward:  1202.93 | Episode steps: 2500 | Average reward:  1176.71 | Step Count: 4411438 | Episode Q0:    33.22
Episode: 1966/5000 | Episode reward:  1247.61 | Episode steps: 2500 | Average reward:  1189.64 | Step Count: 4413938 | Episode Q0:    33.22
Episode: 1967/5000 | Episode reward:  1207.12 | Episode steps: 2500 | Average reward:  1191.07 | Step Count: 4416438 | Episode Q0:    33.22
Episode: 1968/5000 | Episode reward:  1222.05 | Episode steps: 2500 | Average reward:  1192.69 | Step Count: 4418938 | Episode Q0:    33.22
Episode: 1969/5000 | Episode reward:  1180.60 | Episode steps: 2500 | Average reward:  1195.45 | Step Count: 4421438 | Episode Q0:    33.22
Episode: 1970/5000 | Episode reward:  1198.26 | Episode steps: 2500 | Average reward:  1195.83 | Step Count: 4423938 | Episode Q0:    33.22
Episode: 1971/5000 | Episode reward:  1212.19 | Episode steps: 2500 | Average reward:  1199.35 | Step Count: 4426438 | Episode Q0:    33.22
Episode: 1972/5000 | Episode reward:  1232.62 | Episode steps: 2500 | Average reward:  1205.63 | Step Count: 4428938 | Episode Q0:    33.22
Episode: 1973/5000 | Episode reward:  1207.36 | Episode steps: 2500 | Average reward:  1209.22 | Step Count: 4431438 | Episode Q0:    33.22
Episode: 1974/5000 | Episode reward:  1203.69 | Episode steps: 2500 | Average reward:  1211.44 | Step Count: 4433938 | Episode Q0:    33.22
Episode: 1975/5000 | Episode reward:  1258.33 | Episode steps: 2500 | Average reward:  1216.98 | Step Count: 4436438 | Episode Q0:    33.22
Episode: 1976/5000 | Episode reward:  1205.35 | Episode steps: 2500 | Average reward:  1212.76 | Step Count: 4438938 | Episode Q0:    33.22
Episode: 1977/5000 | Episode reward:  1209.12 | Episode steps: 2500 | Average reward:  1212.96 | Step Count: 4441438 | Episode Q0:    33.22
Episode: 1978/5000 | Episode reward:  1211.34 | Episode steps: 2500 | Average reward:  1211.89 | Step Count: 4443938 | Episode Q0:    33.22
Episode: 1979/5000 | Episode reward:  1202.50 | Episode steps: 2500 | Average reward:  1214.08 | Step Count: 4446438 | Episode Q0:    33.22
Episode: 1980/5000 | Episode reward:  1194.73 | Episode steps: 2500 | Average reward:  1213.72 | Step Count: 4448938 | Episode Q0:    33.22
Episode: 1981/5000 | Episode reward:  1190.63 | Episode steps: 2500 | Average reward:  1211.57 | Step Count: 4451438 | Episode Q0:    33.22
Episode: 1982/5000 | Episode reward:  1188.94 | Episode steps: 2500 | Average reward:  1207.20 | Step Count: 4453938 | Episode Q0:    33.22
Episode: 1983/5000 | Episode reward:  1196.95 | Episode steps: 2500 | Average reward:  1206.16 | Step Count: 4456438 | Episode Q0:    33.22
Episode: 1984/5000 | Episode reward:  1258.11 | Episode steps: 2500 | Average reward:  1211.60 | Step Count: 4458938 | Episode Q0:    33.22
Episode: 1985/5000 | Episode reward:  1247.45 | Episode steps: 2500 | Average reward:  1210.51 | Step Count: 4461438 | Episode Q0:    33.22
Episode: 1986/5000 | Episode reward:  1192.36 | Episode steps: 2500 | Average reward:  1209.21 | Step Count: 4463938 | Episode Q0:    33.75
Episode: 1987/5000 | Episode reward:  1239.95 | Episode steps: 2500 | Average reward:  1212.30 | Step Count: 4466438 | Episode Q0:    33.75
Episode: 1988/5000 | Episode reward:  1285.60 | Episode steps: 2500 | Average reward:  1219.72 | Step Count: 4468938 | Episode Q0:    33.75
Episode: 1989/5000 | Episode reward:  1207.64 | Episode steps: 2500 | Average reward:  1220.24 | Step Count: 4471438 | Episode Q0:    33.75
Episode: 1990/5000 | Episode reward:  1208.89 | Episode steps: 2500 | Average reward:  1221.65 | Step Count: 4473938 | Episode Q0:    33.75
Episode: 1991/5000 | Episode reward:  1232.03 | Episode steps: 2500 | Average reward:  1225.79 | Step Count: 4476438 | Episode Q0:    33.75
Episode: 1992/5000 | Episode reward:  1226.21 | Episode steps: 2500 | Average reward:  1229.52 | Step Count: 4478938 | Episode Q0:    33.75
Episode: 1993/5000 | Episode reward:  1211.26 | Episode steps: 2500 | Average reward:  1230.95 | Step Count: 4481438 | Episode Q0:    33.75
Episode: 1994/5000 | Episode reward:  1215.42 | Episode steps: 2500 | Average reward:  1226.68 | Step Count: 4483938 | Episode Q0:    33.75
Episode: 1995/5000 | Episode reward:  1274.80 | Episode steps: 2500 | Average reward:  1229.42 | Step Count: 4486438 | Episode Q0:    33.75
Episode: 1996/5000 | Episode reward:  1198.88 | Episode steps: 2500 | Average reward:  1230.07 | Step Count: 4488938 | Episode Q0:    33.75
Episode: 1997/5000 | Episode reward:  1220.05 | Episode steps: 2500 | Average reward:  1228.08 | Step Count: 4491438 | Episode Q0:    33.75
Episode: 1998/5000 | Episode reward:  1229.53 | Episode steps: 2500 | Average reward:  1222.47 | Step Count: 4493938 | Episode Q0:    33.75
Episode: 1999/5000 | Episode reward:  1229.72 | Episode steps: 2500 | Average reward:  1224.68 | Step Count: 4496438 | Episode Q0:    33.75
Episode: 2000/5000 | Episode reward:  1255.51 | Episode steps: 2500 | Average reward:  1229.34 | Step Count: 4498938 | Episode Q0:    33.75
Episode: 2001/5000 | Episode reward:  1200.42 | Episode steps: 2500 | Average reward:  1226.18 | Step Count: 4501438 | Episode Q0:    33.75
Episode: 2002/5000 | Episode reward:  1232.96 | Episode steps: 2500 | Average reward:  1226.86 | Step Count: 4503938 | Episode Q0:    33.75
Episode: 2003/5000 | Episode reward:  1194.91 | Episode steps: 2500 | Average reward:  1225.22 | Step Count: 4506438 | Episode Q0:    33.75
Episode: 2004/5000 | Episode reward:  1250.61 | Episode steps: 2500 | Average reward:  1228.74 | Step Count: 4508938 | Episode Q0:    33.75
Episode: 2005/5000 | Episode reward:  1215.14 | Episode steps: 2500 | Average reward:  1222.77 | Step Count: 4511438 | Episode Q0:    33.75
Episode: 2006/5000 | Episode reward:  1206.06 | Episode steps: 2500 | Average reward:  1223.49 | Step Count: 4513938 | Episode Q0:    33.75
Episode: 2007/5000 | Episode reward:  1205.05 | Episode steps: 2500 | Average reward:  1221.99 | Step Count: 4516438 | Episode Q0:    33.75
Episode: 2008/5000 | Episode reward:  1230.71 | Episode steps: 2500 | Average reward:  1222.11 | Step Count: 4518938 | Episode Q0:    33.75
Episode: 2009/5000 | Episode reward:  1217.85 | Episode steps: 2500 | Average reward:  1220.92 | Step Count: 4521438 | Episode Q0:    34.05
Episode: 2010/5000 | Episode reward:  1197.35 | Episode steps: 2500 | Average reward:  1215.10 | Step Count: 4523938 | Episode Q0:    34.05
Episode: 2011/5000 | Episode reward:  1119.36 | Episode steps: 2500 | Average reward:  1207.00 | Step Count: 4526438 | Episode Q0:    34.05
Episode: 2012/5000 | Episode reward:  1250.67 | Episode steps: 2500 | Average reward:  1208.77 | Step Count: 4528938 | Episode Q0:    34.05
Episode: 2013/5000 | Episode reward:  1226.69 | Episode steps: 2500 | Average reward:  1211.95 | Step Count: 4531438 | Episode Q0:    34.05
Episode: 2014/5000 | Episode reward:  1245.44 | Episode steps: 2500 | Average reward:  1211.43 | Step Count: 4533938 | Episode Q0:    34.05
Episode: 2015/5000 | Episode reward:  1238.89 | Episode steps: 2500 | Average reward:  1213.81 | Step Count: 4536438 | Episode Q0:    34.05
Episode: 2016/5000 | Episode reward:  1182.14 | Episode steps: 2500 | Average reward:  1211.41 | Step Count: 4538938 | Episode Q0:    34.05
Episode: 2017/5000 | Episode reward:  1200.95 | Episode steps: 2500 | Average reward:  1211.00 | Step Count: 4541438 | Episode Q0:    34.05
Episode: 2018/5000 | Episode reward:  1223.54 | Episode steps: 2500 | Average reward:  1210.29 | Step Count: 4543938 | Episode Q0:    34.05
Episode: 2019/5000 | Episode reward:  1190.94 | Episode steps: 2500 | Average reward:  1207.60 | Step Count: 4546438 | Episode Q0:    34.05
Episode: 2020/5000 | Episode reward:  1173.05 | Episode steps: 2500 | Average reward:  1205.17 | Step Count: 4548938 | Episode Q0:    34.05
Episode: 2021/5000 | Episode reward:  1194.05 | Episode steps: 2500 | Average reward:  1212.63 | Step Count: 4551438 | Episode Q0:    34.05
Episode: 2022/5000 | Episode reward:  1166.06 | Episode steps: 2500 | Average reward:  1204.17 | Step Count: 4553938 | Episode Q0:    34.05
Episode: 2023/5000 | Episode reward:  1192.84 | Episode steps: 2500 | Average reward:  1200.79 | Step Count: 4556438 | Episode Q0:    34.05
Episode: 2024/5000 | Episode reward:  1210.81 | Episode steps: 2500 | Average reward:  1197.33 | Step Count: 4558938 | Episode Q0:    34.05
Episode: 2025/5000 | Episode reward:  1118.88 | Episode steps: 2500 | Average reward:  1185.32 | Step Count: 4561438 | Episode Q0:    34.05
Episode: 2026/5000 | Episode reward:  1230.12 | Episode steps: 2500 | Average reward:  1190.12 | Step Count: 4563938 | Episode Q0:    34.05
Episode: 2027/5000 | Episode reward:  1021.70 | Episode steps: 2500 | Average reward:  1172.20 | Step Count: 4566438 | Episode Q0:    34.05
Episode: 2028/5000 | Episode reward:  1019.51 | Episode steps: 2500 | Average reward:  1151.80 | Step Count: 4568938 | Episode Q0:    34.05
Episode: 2029/5000 | Episode reward:  1181.39 | Episode steps: 2500 | Average reward:  1150.84 | Step Count: 4571438 | Episode Q0:    34.05
Episode: 2030/5000 | Episode reward:  1204.09 | Episode steps: 2500 | Average reward:  1153.95 | Step Count: 4573938 | Episode Q0:    33.54
Episode: 2031/5000 | Episode reward:  1216.70 | Episode steps: 2500 | Average reward:  1156.21 | Step Count: 4576438 | Episode Q0:    33.54
Episode: 2032/5000 | Episode reward:   830.22 | Episode steps: 2500 | Average reward:  1122.63 | Step Count: 4578938 | Episode Q0:    33.54
Episode: 2033/5000 | Episode reward:  1202.90 | Episode steps: 2500 | Average reward:  1123.63 | Step Count: 4581438 | Episode Q0:    33.54
Episode: 2034/5000 | Episode reward:  1191.19 | Episode steps: 2500 | Average reward:  1121.67 | Step Count: 4583938 | Episode Q0:    33.54
Episode: 2035/5000 | Episode reward:   984.81 | Episode steps: 2500 | Average reward:  1108.26 | Step Count: 4586438 | Episode Q0:    33.54
Episode: 2036/5000 | Episode reward:  1139.67 | Episode steps: 2500 | Average reward:  1099.22 | Step Count: 4588938 | Episode Q0:    33.54
Episode: 2037/5000 | Episode reward:  1107.25 | Episode steps: 2500 | Average reward:  1107.77 | Step Count: 4591438 | Episode Q0:    33.54
Episode: 2038/5000 | Episode reward:  1234.10 | Episode steps: 2500 | Average reward:  1129.23 | Step Count: 4593938 | Episode Q0:    33.54
Episode: 2039/5000 | Episode reward:  1199.86 | Episode steps: 2500 | Average reward:  1131.08 | Step Count: 4596438 | Episode Q0:    33.54
Episode: 2040/5000 | Episode reward:  1186.98 | Episode steps: 2500 | Average reward:  1129.37 | Step Count: 4598938 | Episode Q0:    33.54
Episode: 2041/5000 | Episode reward:   837.38 | Episode steps: 2500 | Average reward:  1091.44 | Step Count: 4601438 | Episode Q0:    33.54
Episode: 2042/5000 | Episode reward:  1122.55 | Episode steps: 2500 | Average reward:  1120.67 | Step Count: 4603938 | Episode Q0:    33.54
Episode: 2043/5000 | Episode reward:  1164.16 | Episode steps: 2500 | Average reward:  1116.80 | Step Count: 4606438 | Episode Q0:    33.54
Episode: 2044/5000 | Episode reward:  1191.38 | Episode steps: 2500 | Average reward:  1116.82 | Step Count: 4608938 | Episode Q0:    33.54
Episode: 2045/5000 | Episode reward:  1101.10 | Episode steps: 2500 | Average reward:  1128.44 | Step Count: 4611438 | Episode Q0:    33.54
Episode: 2046/5000 | Episode reward:  1256.00 | Episode steps: 2500 | Average reward:  1140.08 | Step Count: 4613938 | Episode Q0:    33.54
Episode: 2047/5000 | Episode reward:  1230.39 | Episode steps: 2500 | Average reward:  1152.39 | Step Count: 4616438 | Episode Q0:    33.54
Episode: 2048/5000 | Episode reward:  1112.35 | Episode steps: 2500 | Average reward:  1140.22 | Step Count: 4618938 | Episode Q0:    33.54
Episode: 2049/5000 | Episode reward:  1207.59 | Episode steps: 2500 | Average reward:  1140.99 | Step Count: 4621438 | Episode Q0:    33.54
Episode: 2050/5000 | Episode reward:  1203.07 | Episode steps: 2500 | Average reward:  1142.60 | Step Count: 4623938 | Episode Q0:    33.54
Episode: 2051/5000 | Episode reward:  1189.68 | Episode steps: 2500 | Average reward:  1177.83 | Step Count: 4626438 | Episode Q0:    33.54
Episode: 2052/5000 | Episode reward:  1269.57 | Episode steps: 2500 | Average reward:  1192.53 | Step Count: 4628938 | Episode Q0:    33.54
Episode: 2053/5000 | Episode reward:   949.89 | Episode steps: 2500 | Average reward:  1171.10 | Step Count: 4631438 | Episode Q0:    34.19
Episode: 2054/5000 | Episode reward:  1196.47 | Episode steps: 2500 | Average reward:  1171.61 | Step Count: 4633938 | Episode Q0:    34.19
Episode: 2055/5000 | Episode reward:  1107.21 | Episode steps: 2500 | Average reward:  1172.22 | Step Count: 4636438 | Episode Q0:    34.19
Episode: 2056/5000 | Episode reward:  1188.06 | Episode steps: 2500 | Average reward:  1165.43 | Step Count: 4638938 | Episode Q0:    34.19
Episode: 2057/5000 | Episode reward:  1113.82 | Episode steps: 2500 | Average reward:  1153.77 | Step Count: 4641438 | Episode Q0:    34.19
Episode: 2058/5000 | Episode reward:  1109.07 | Episode steps: 2500 | Average reward:  1153.44 | Step Count: 4643938 | Episode Q0:    34.19
Episode: 2059/5000 | Episode reward:  1031.43 | Episode steps: 2500 | Average reward:  1135.83 | Step Count: 4646438 | Episode Q0:    34.19
Episode: 2060/5000 | Episode reward:  1098.89 | Episode steps: 2500 | Average reward:  1125.41 | Step Count: 4648938 | Episode Q0:    34.19
Episode: 2061/5000 | Episode reward:  1196.80 | Episode steps: 2500 | Average reward:  1126.12 | Step Count: 4651438 | Episode Q0:    34.19
Episode: 2062/5000 | Episode reward:  1166.93 | Episode steps: 2500 | Average reward:  1115.86 | Step Count: 4653938 | Episode Q0:    34.19
Episode: 2063/5000 | Episode reward:  1209.62 | Episode steps: 2500 | Average reward:  1141.83 | Step Count: 4656438 | Episode Q0:    34.19
Episode: 2064/5000 | Episode reward:   851.54 | Episode steps: 2500 | Average reward:  1107.34 | Step Count: 4658938 | Episode Q0:    34.19
Episode: 2065/5000 | Episode reward:  1081.45 | Episode steps: 2500 | Average reward:  1104.76 | Step Count: 4661438 | Episode Q0:    34.19
Episode: 2066/5000 | Episode reward:   849.49 | Episode steps: 2500 | Average reward:  1070.90 | Step Count: 4663938 | Episode Q0:    34.19
Episode: 2067/5000 | Episode reward:  1093.84 | Episode steps: 2500 | Average reward:  1068.91 | Step Count: 4666438 | Episode Q0:    34.19
Episode: 2068/5000 | Episode reward:  1200.47 | Episode steps: 2500 | Average reward:  1078.05 | Step Count: 4668938 | Episode Q0:    34.19
Episode: 2069/5000 | Episode reward:  1106.04 | Episode steps: 2500 | Average reward:  1085.51 | Step Count: 4671438 | Episode Q0:    34.19
Episode: 2070/5000 | Episode reward:  1207.93 | Episode steps: 2500 | Average reward:  1096.41 | Step Count: 4673938 | Episode Q0:    34.19
Episode: 2071/5000 | Episode reward:  1111.49 | Episode steps: 2500 | Average reward:  1087.88 | Step Count: 4676438 | Episode Q0:    34.19
Episode: 2072/5000 | Episode reward:  1142.64 | Episode steps: 2500 | Average reward:  1085.45 | Step Count: 4678938 | Episode Q0:    34.19
Episode: 2073/5000 | Episode reward:  1162.54 | Episode steps: 2500 | Average reward:  1080.74 | Step Count: 4681438 | Episode Q0:    34.19
Episode: 2074/5000 | Episode reward:  1167.53 | Episode steps: 2500 | Average reward:  1112.34 | Step Count: 4683938 | Episode Q0:    34.11
Episode: 2075/5000 | Episode reward:  1165.96 | Episode steps: 2500 | Average reward:  1120.79 | Step Count: 4686438 | Episode Q0:    34.11
Episode: 2076/5000 | Episode reward:  1192.97 | Episode steps: 2500 | Average reward:  1155.14 | Step Count: 4688938 | Episode Q0:    34.11
Episode: 2077/5000 | Episode reward:  1114.45 | Episode steps: 2500 | Average reward:  1157.20 | Step Count: 4691438 | Episode Q0:    34.11
Episode: 2078/5000 | Episode reward:   972.30 | Episode steps: 2500 | Average reward:  1134.39 | Step Count: 4693938 | Episode Q0:    34.11
Episode: 2079/5000 | Episode reward:  1248.27 | Episode steps: 2500 | Average reward:  1148.61 | Step Count: 4696438 | Episode Q0:    34.11
Episode: 2080/5000 | Episode reward:   980.39 | Episode steps: 2500 | Average reward:  1125.85 | Step Count: 4698938 | Episode Q0:    34.11
Episode: 2081/5000 | Episode reward:  1185.19 | Episode steps: 2500 | Average reward:  1133.22 | Step Count: 4701438 | Episode Q0:    34.11
Episode: 2082/5000 | Episode reward:   966.92 | Episode steps: 2500 | Average reward:  1115.65 | Step Count: 4703938 | Episode Q0:    34.11
Episode: 2083/5000 | Episode reward:  1207.35 | Episode steps: 2500 | Average reward:  1120.13 | Step Count: 4706438 | Episode Q0:    34.11
Episode: 2084/5000 | Episode reward:  1194.80 | Episode steps: 2500 | Average reward:  1122.86 | Step Count: 4708938 | Episode Q0:    34.11
Episode: 2085/5000 | Episode reward:  1184.71 | Episode steps: 2500 | Average reward:  1124.73 | Step Count: 4711438 | Episode Q0:    34.11
Episode: 2086/5000 | Episode reward:  1203.05 | Episode steps: 2500 | Average reward:  1125.74 | Step Count: 4713938 | Episode Q0:    34.11
Episode: 2087/5000 | Episode reward:  1208.09 | Episode steps: 2500 | Average reward:  1135.11 | Step Count: 4716438 | Episode Q0:    34.11
Episode: 2088/5000 | Episode reward:  1220.17 | Episode steps: 2500 | Average reward:  1159.89 | Step Count: 4718938 | Episode Q0:    34.11
Episode: 2089/5000 | Episode reward:  1174.84 | Episode steps: 2500 | Average reward:  1152.55 | Step Count: 4721438 | Episode Q0:    34.11
Episode: 2090/5000 | Episode reward:   988.60 | Episode steps: 2500 | Average reward:  1153.37 | Step Count: 4723938 | Episode Q0:    34.11
Episode: 2091/5000 | Episode reward:  1195.94 | Episode steps: 2500 | Average reward:  1154.45 | Step Count: 4726438 | Episode Q0:    34.11
Episode: 2092/5000 | Episode reward:  1196.67 | Episode steps: 2500 | Average reward:  1177.42 | Step Count: 4728938 | Episode Q0:    34.11
Episode: 2093/5000 | Episode reward:  1032.54 | Episode steps: 2500 | Average reward:  1159.94 | Step Count: 4731438 | Episode Q0:    34.11
Episode: 2094/5000 | Episode reward:  1183.16 | Episode steps: 2500 | Average reward:  1158.78 | Step Count: 4733938 | Episode Q0:    34.11
Episode: 2095/5000 | Episode reward:  1177.82 | Episode steps: 2500 | Average reward:  1158.09 | Step Count: 4736438 | Episode Q0:    34.11
Episode: 2096/5000 | Episode reward:  1184.19 | Episode steps: 2500 | Average reward:  1156.20 | Step Count: 4738938 | Episode Q0:    34.11
Episode: 2097/5000 | Episode reward:    69.58 | Episode steps:  121 | Average reward:  1042.35 | Step Count: 4739059 | Episode Q0:    34.11
Episode: 2098/5000 | Episode reward:  1093.20 | Episode steps: 2500 | Average reward:  1029.66 | Step Count: 4741559 | Episode Q0:    33.32
Episode: 2099/5000 | Episode reward:  1118.60 | Episode steps: 2500 | Average reward:  1024.03 | Step Count: 4744059 | Episode Q0:    33.32
Episode: 2100/5000 | Episode reward:  1114.69 | Episode steps: 2500 | Average reward:  1036.64 | Step Count: 4746559 | Episode Q0:    33.32
Episode: 2101/5000 | Episode reward:  1196.00 | Episode steps: 2500 | Average reward:  1036.65 | Step Count: 4749059 | Episode Q0:    33.32
Episode: 2102/5000 | Episode reward:  1211.69 | Episode steps: 2500 | Average reward:  1038.15 | Step Count: 4751559 | Episode Q0:    33.32
Episode: 2103/5000 | Episode reward:  1126.93 | Episode steps: 2500 | Average reward:  1047.59 | Step Count: 4754059 | Episode Q0:    33.32
Episode: 2104/5000 | Episode reward:  1112.46 | Episode steps: 2500 | Average reward:  1040.52 | Step Count: 4756559 | Episode Q0:    33.32
Episode: 2105/5000 | Episode reward:  1097.97 | Episode steps: 2500 | Average reward:  1032.53 | Step Count: 4759059 | Episode Q0:    33.32
Episode: 2106/5000 | Episode reward:  1148.46 | Episode steps: 2500 | Average reward:  1028.96 | Step Count: 4761559 | Episode Q0:    33.32
Episode: 2107/5000 | Episode reward:  1099.17 | Episode steps: 2500 | Average reward:  1131.92 | Step Count: 4764059 | Episode Q0:    33.32
Episode: 2108/5000 | Episode reward:  1167.27 | Episode steps: 2500 | Average reward:  1139.32 | Step Count: 4766559 | Episode Q0:    33.32
Episode: 2109/5000 | Episode reward:  1215.05 | Episode steps: 2500 | Average reward:  1148.97 | Step Count: 4769059 | Episode Q0:    33.32
Episode: 2110/5000 | Episode reward:  1169.70 | Episode steps: 2500 | Average reward:  1154.47 | Step Count: 4771559 | Episode Q0:    33.32
Episode: 2111/5000 | Episode reward:  1083.34 | Episode steps: 2500 | Average reward:  1143.20 | Step Count: 4774059 | Episode Q0:    33.32
Episode: 2112/5000 | Episode reward:  1154.36 | Episode steps: 2500 | Average reward:  1137.47 | Step Count: 4776559 | Episode Q0:    33.32
Episode: 2113/5000 | Episode reward:  1226.50 | Episode steps: 2500 | Average reward:  1147.43 | Step Count: 4779059 | Episode Q0:    33.32
Episode: 2114/5000 | Episode reward:  1220.09 | Episode steps: 2500 | Average reward:  1158.19 | Step Count: 4781559 | Episode Q0:    33.32
Episode: 2115/5000 | Episode reward:  1199.98 | Episode steps: 2500 | Average reward:  1168.39 | Step Count: 4784059 | Episode Q0:    33.32
Episode: 2116/5000 | Episode reward:  1222.07 | Episode steps: 2500 | Average reward:  1175.75 | Step Count: 4786559 | Episode Q0:    33.32
Episode: 2117/5000 | Episode reward:  1117.90 | Episode steps: 2500 | Average reward:  1177.63 | Step Count: 4789059 | Episode Q0:    33.32
Episode: 2118/5000 | Episode reward:  1165.07 | Episode steps: 2500 | Average reward:  1177.41 | Step Count: 4791559 | Episode Q0:    34.11
Episode: 2119/5000 | Episode reward:  1270.59 | Episode steps: 2500 | Average reward:  1182.96 | Step Count: 4794059 | Episode Q0:    34.11
Episode: 2120/5000 | Episode reward:  1211.62 | Episode steps: 2500 | Average reward:  1187.15 | Step Count: 4796559 | Episode Q0:    34.11
Episode: 2121/5000 | Episode reward:  1273.53 | Episode steps: 2500 | Average reward:  1206.17 | Step Count: 4799059 | Episode Q0:    34.11
Episode: 2122/5000 | Episode reward:  1232.09 | Episode steps: 2500 | Average reward:  1213.94 | Step Count: 4801559 | Episode Q0:    34.11
Episode: 2123/5000 | Episode reward:  1250.93 | Episode steps: 2500 | Average reward:  1216.39 | Step Count: 4804059 | Episode Q0:    34.11
Episode: 2124/5000 | Episode reward:  1054.09 | Episode steps: 2500 | Average reward:  1199.79 | Step Count: 4806559 | Episode Q0:    34.11
Episode: 2125/5000 | Episode reward:  1197.88 | Episode steps: 2500 | Average reward:  1199.58 | Step Count: 4809059 | Episode Q0:    34.11
Episode: 2126/5000 | Episode reward:  1178.93 | Episode steps: 2500 | Average reward:  1195.26 | Step Count: 4811559 | Episode Q0:    34.11
Episode: 2127/5000 | Episode reward:  1230.81 | Episode steps: 2500 | Average reward:  1206.55 | Step Count: 4814059 | Episode Q0:    34.11
Episode: 2128/5000 | Episode reward:  1173.74 | Episode steps: 2500 | Average reward:  1207.42 | Step Count: 4816559 | Episode Q0:    34.11
Episode: 2129/5000 | Episode reward:  1077.28 | Episode steps: 2500 | Average reward:  1188.09 | Step Count: 4819059 | Episode Q0:    34.11
Episode: 2130/5000 | Episode reward:  1178.78 | Episode steps: 2500 | Average reward:  1184.81 | Step Count: 4821559 | Episode Q0:    34.11
Episode: 2131/5000 | Episode reward:  1230.94 | Episode steps: 2500 | Average reward:  1180.55 | Step Count: 4824059 | Episode Q0:    34.11
Episode: 2132/5000 | Episode reward:  1085.81 | Episode steps: 2500 | Average reward:  1165.92 | Step Count: 4826559 | Episode Q0:    34.11
Episode: 2133/5000 | Episode reward:  1279.00 | Episode steps: 2500 | Average reward:  1168.73 | Step Count: 4829059 | Episode Q0:    34.11
Episode: 2134/5000 | Episode reward:  1202.63 | Episode steps: 2500 | Average reward:  1183.58 | Step Count: 4831559 | Episode Q0:    34.11
Episode: 2135/5000 | Episode reward:  1105.62 | Episode steps: 2500 | Average reward:  1174.35 | Step Count: 4834059 | Episode Q0:    34.11
Episode: 2136/5000 | Episode reward:  1258.34 | Episode steps: 2500 | Average reward:  1182.29 | Step Count: 4836559 | Episode Q0:    34.11
Episode: 2137/5000 | Episode reward:  1238.49 | Episode steps: 2500 | Average reward:  1183.06 | Step Count: 4839059 | Episode Q0:    34.11
Episode: 2138/5000 | Episode reward:  1201.29 | Episode steps: 2500 | Average reward:  1185.82 | Step Count: 4841559 | Episode Q0:    34.11
Episode: 2139/5000 | Episode reward:  1230.78 | Episode steps: 2500 | Average reward:  1201.17 | Step Count: 4844059 | Episode Q0:    34.11
Episode: 2140/5000 | Episode reward:  1127.10 | Episode steps: 2500 | Average reward:  1196.00 | Step Count: 4846559 | Episode Q0:    34.11
Episode: 2141/5000 | Episode reward:  1203.16 | Episode steps: 2500 | Average reward:  1193.22 | Step Count: 4849059 | Episode Q0:    34.11
Episode: 2142/5000 | Episode reward:  1183.26 | Episode steps: 2500 | Average reward:  1202.97 | Step Count: 4851559 | Episode Q0:    33.55
Episode: 2143/5000 | Episode reward:  1122.83 | Episode steps: 2500 | Average reward:  1187.35 | Step Count: 4854059 | Episode Q0:    33.55
Episode: 2144/5000 | Episode reward:  1227.08 | Episode steps: 2500 | Average reward:  1189.79 | Step Count: 4856559 | Episode Q0:    33.55
Episode: 2145/5000 | Episode reward:  1204.83 | Episode steps: 2500 | Average reward:  1199.72 | Step Count: 4859059 | Episode Q0:    33.55
Episode: 2146/5000 | Episode reward:   934.43 | Episode steps: 2500 | Average reward:  1167.32 | Step Count: 4861559 | Episode Q0:    33.55
Episode: 2147/5000 | Episode reward:  1228.63 | Episode steps: 2500 | Average reward:  1166.34 | Step Count: 4864059 | Episode Q0:    33.55
Episode: 2148/5000 | Episode reward:   984.61 | Episode steps: 2500 | Average reward:  1144.67 | Step Count: 4866559 | Episode Q0:    33.55
Episode: 2149/5000 | Episode reward:  1172.04 | Episode steps: 2500 | Average reward:  1138.80 | Step Count: 4869059 | Episode Q0:    33.55
Episode: 2150/5000 | Episode reward:  1198.17 | Episode steps: 2500 | Average reward:  1145.90 | Step Count: 4871559 | Episode Q0:    33.55
Episode: 2151/5000 | Episode reward:  1203.89 | Episode steps: 2500 | Average reward:  1145.98 | Step Count: 4874059 | Episode Q0:    33.55
Episode: 2152/5000 | Episode reward:  1204.50 | Episode steps: 2500 | Average reward:  1148.10 | Step Count: 4876559 | Episode Q0:    33.55
Episode: 2153/5000 | Episode reward:  1049.05 | Episode steps: 2500 | Average reward:  1140.72 | Step Count: 4879059 | Episode Q0:    33.55
Episode: 2154/5000 | Episode reward:  1255.72 | Episode steps: 2500 | Average reward:  1143.59 | Step Count: 4881559 | Episode Q0:    33.55
Episode: 2155/5000 | Episode reward:  1070.65 | Episode steps: 2500 | Average reward:  1130.17 | Step Count: 4884059 | Episode Q0:    33.55
Episode: 2156/5000 | Episode reward:  1185.83 | Episode steps: 2500 | Average reward:  1155.31 | Step Count: 4886559 | Episode Q0:    33.55
Episode: 2157/5000 | Episode reward:  1208.22 | Episode steps: 2500 | Average reward:  1153.27 | Step Count: 4889059 | Episode Q0:    33.55
Episode: 2158/5000 | Episode reward:  1070.41 | Episode steps: 2500 | Average reward:  1161.85 | Step Count: 4891559 | Episode Q0:    33.55
Episode: 2159/5000 | Episode reward:  1205.36 | Episode steps: 2500 | Average reward:  1165.18 | Step Count: 4894059 | Episode Q0:    33.55
Episode: 2160/5000 | Episode reward:  1179.77 | Episode steps: 2500 | Average reward:  1163.34 | Step Count: 4896559 | Episode Q0:    33.55
Episode: 2161/5000 | Episode reward:  1193.84 | Episode steps: 2500 | Average reward:  1162.34 | Step Count: 4899059 | Episode Q0:    33.55
Episode: 2162/5000 | Episode reward:  1213.18 | Episode steps: 2500 | Average reward:  1163.20 | Step Count: 4901559 | Episode Q0:    33.34
Episode: 2163/5000 | Episode reward:  1170.58 | Episode steps: 2500 | Average reward:  1175.36 | Step Count: 4904059 | Episode Q0:    33.34
Episode: 2164/5000 | Episode reward:   969.09 | Episode steps: 2500 | Average reward:  1146.69 | Step Count: 4906559 | Episode Q0:    33.34
Episode: 2165/5000 | Episode reward:  1245.71 | Episode steps: 2500 | Average reward:  1164.20 | Step Count: 4909059 | Episode Q0:    33.34
Episode: 2166/5000 | Episode reward:  1131.57 | Episode steps: 2500 | Average reward:  1158.77 | Step Count: 4911559 | Episode Q0:    33.34
Episode: 2167/5000 | Episode reward:  1098.38 | Episode steps: 2500 | Average reward:  1147.79 | Step Count: 4914059 | Episode Q0:    33.34
Episode: 2168/5000 | Episode reward:  1107.89 | Episode steps: 2500 | Average reward:  1151.54 | Step Count: 4916559 | Episode Q0:    33.34
Episode: 2169/5000 | Episode reward:  1078.78 | Episode steps: 2500 | Average reward:  1138.88 | Step Count: 4919059 | Episode Q0:    33.34
Episode: 2170/5000 | Episode reward:  1102.62 | Episode steps: 2500 | Average reward:  1131.16 | Step Count: 4921559 | Episode Q0:    33.34
Episode: 2171/5000 | Episode reward:  1062.29 | Episode steps: 2500 | Average reward:  1118.01 | Step Count: 4924059 | Episode Q0:    33.34
Episode: 2172/5000 | Episode reward:  1133.88 | Episode steps: 2500 | Average reward:  1110.08 | Step Count: 4926559 | Episode Q0:    33.34
Episode: 2173/5000 | Episode reward:  1256.24 | Episode steps: 2500 | Average reward:  1118.64 | Step Count: 4929059 | Episode Q0:    33.34
Episode: 2174/5000 | Episode reward:  1188.54 | Episode steps: 2500 | Average reward:  1140.59 | Step Count: 4931559 | Episode Q0:    33.34
Episode: 2175/5000 | Episode reward:  1157.18 | Episode steps: 2500 | Average reward:  1131.74 | Step Count: 4934059 | Episode Q0:    33.34
Episode: 2176/5000 | Episode reward:  1195.26 | Episode steps: 2500 | Average reward:  1138.11 | Step Count: 4936559 | Episode Q0:    33.34
Episode: 2177/5000 | Episode reward:   974.47 | Episode steps: 2500 | Average reward:  1125.71 | Step Count: 4939059 | Episode Q0:    33.34
Episode: 2178/5000 | Episode reward:  1177.50 | Episode steps: 2500 | Average reward:  1132.68 | Step Count: 4941559 | Episode Q0:    33.34
Episode: 2179/5000 | Episode reward:  1068.09 | Episode steps: 2500 | Average reward:  1131.61 | Step Count: 4944059 | Episode Q0:    33.34
Episode: 2180/5000 | Episode reward:  1021.28 | Episode steps: 2500 | Average reward:  1123.47 | Step Count: 4946559 | Episode Q0:    33.34
Episode: 2181/5000 | Episode reward:  1033.26 | Episode steps: 2500 | Average reward:  1120.57 | Step Count: 4949059 | Episode Q0:    33.34
Episode: 2182/5000 | Episode reward:  1194.83 | Episode steps: 2500 | Average reward:  1126.67 | Step Count: 4951559 | Episode Q0:    33.34
Episode: 2183/5000 | Episode reward:  1212.33 | Episode steps: 2500 | Average reward:  1122.28 | Step Count: 4954059 | Episode Q0:    33.34
Episode: 2184/5000 | Episode reward:  1059.17 | Episode steps: 2500 | Average reward:  1109.34 | Step Count: 4956559 | Episode Q0:    33.34
Episode: 2185/5000 | Episode reward:  1125.41 | Episode steps: 2500 | Average reward:  1106.16 | Step Count: 4959059 | Episode Q0:    33.34
Episode: 2186/5000 | Episode reward:  1054.07 | Episode steps: 2500 | Average reward:  1092.04 | Step Count: 4961559 | Episode Q0:    34.19
Episode: 2187/5000 | Episode reward:  1269.66 | Episode steps: 2500 | Average reward:  1121.56 | Step Count: 4964059 | Episode Q0:    34.19
Episode: 2188/5000 | Episode reward:  1144.17 | Episode steps: 2500 | Average reward:  1118.23 | Step Count: 4966559 | Episode Q0:    34.19
Episode: 2189/5000 | Episode reward:  1255.28 | Episode steps: 2500 | Average reward:  1136.95 | Step Count: 4969059 | Episode Q0:    34.19
Episode: 2190/5000 | Episode reward:  1147.02 | Episode steps: 2500 | Average reward:  1149.52 | Step Count: 4971559 | Episode Q0:    34.19
Episode: 2191/5000 | Episode reward:  1291.65 | Episode steps: 2500 | Average reward:  1175.36 | Step Count: 4974059 | Episode Q0:    34.19
Episode: 2192/5000 | Episode reward:  1249.62 | Episode steps: 2500 | Average reward:  1180.84 | Step Count: 4976559 | Episode Q0:    34.19
Episode: 2193/5000 | Episode reward:  1210.54 | Episode steps: 2500 | Average reward:  1180.66 | Step Count: 4979059 | Episode Q0:    34.19
Episode: 2194/5000 | Episode reward:  1206.51 | Episode steps: 2500 | Average reward:  1195.39 | Step Count: 4981559 | Episode Q0:    34.19
Episode: 2195/5000 | Episode reward:  1210.57 | Episode steps: 2500 | Average reward:  1203.91 | Step Count: 4984059 | Episode Q0:    34.19
Episode: 2196/5000 | Episode reward:  1267.10 | Episode steps: 2500 | Average reward:  1225.21 | Step Count: 4986559 | Episode Q0:    34.19
Episode: 2197/5000 | Episode reward:  1152.89 | Episode steps: 2500 | Average reward:  1213.53 | Step Count: 4989059 | Episode Q0:    34.19
Episode: 2198/5000 | Episode reward:  1239.23 | Episode steps: 2500 | Average reward:  1223.04 | Step Count: 4991559 | Episode Q0:    34.19
Episode: 2199/5000 | Episode reward:  1144.70 | Episode steps: 2500 | Average reward:  1211.98 | Step Count: 4994059 | Episode Q0:    34.19
Episode: 2200/5000 | Episode reward:  1274.10 | Episode steps: 2500 | Average reward:  1224.69 | Step Count: 4996559 | Episode Q0:    34.19
Episode: 2201/5000 | Episode reward:  1086.54 | Episode steps: 2500 | Average reward:  1204.18 | Step Count: 4999059 | Episode Q0:    34.19
Episode: 2202/5000 | Episode reward:  1210.82 | Episode steps: 2500 | Average reward:  1200.30 | Step Count: 5001559 | Episode Q0:    34.19
Episode: 2203/5000 | Episode reward:  1202.62 | Episode steps: 2500 | Average reward:  1199.51 | Step Count: 5004059 | Episode Q0:    34.19
Episode: 2204/5000 | Episode reward:  1102.61 | Episode steps: 2500 | Average reward:  1189.12 | Step Count: 5006559 | Episode Q0:    34.19
Episode: 2205/5000 | Episode reward:  1240.35 | Episode steps: 2500 | Average reward:  1192.10 | Step Count: 5009059 | Episode Q0:    34.19
Episode: 2206/5000 | Episode reward:   101.83 | Episode steps:  249 | Average reward:  1075.57 | Step Count: 5009308 | Episode Q0:    34.19
Episode: 2207/5000 | Episode reward:   956.04 | Episode steps: 2500 | Average reward:  1055.88 | Step Count: 5011808 | Episode Q0:    34.46
Episode: 2208/5000 | Episode reward:   908.76 | Episode steps: 2500 | Average reward:  1022.84 | Step Count: 5014308 | Episode Q0:    34.46
Episode: 2209/5000 | Episode reward:   311.19 | Episode steps:  642 | Average reward:   939.49 | Step Count: 5014950 | Episode Q0:    34.46
Episode: 2210/5000 | Episode reward:  1002.92 | Episode steps: 2500 | Average reward:   912.37 | Step Count: 5017450 | Episode Q0:    34.46
Episode: 2211/5000 | Episode reward:   913.92 | Episode steps: 2500 | Average reward:   895.11 | Step Count: 5019950 | Episode Q0:    34.46
Episode: 2212/5000 | Episode reward:   865.25 | Episode steps: 2500 | Average reward:   860.55 | Step Count: 5022450 | Episode Q0:    34.46
Episode: 2213/5000 | Episode reward:   884.41 | Episode steps: 2500 | Average reward:   828.73 | Step Count: 5024950 | Episode Q0:    34.46
Episode: 2214/5000 | Episode reward:   912.85 | Episode steps: 2500 | Average reward:   809.75 | Step Count: 5027450 | Episode Q0:    34.46
Episode: 2215/5000 | Episode reward:   882.30 | Episode steps: 2500 | Average reward:   773.95 | Step Count: 5029950 | Episode Q0:    34.46
Episode: 2216/5000 | Episode reward:   909.02 | Episode steps: 2500 | Average reward:   854.67 | Step Count: 5032450 | Episode Q0:    34.46
Episode: 2217/5000 | Episode reward:  1194.71 | Episode steps: 2500 | Average reward:   878.53 | Step Count: 5034950 | Episode Q0:    34.46
Episode: 2218/5000 | Episode reward:   949.46 | Episode steps: 2500 | Average reward:   882.60 | Step Count: 5037450 | Episode Q0:    34.46
Episode: 2219/5000 | Episode reward:   869.23 | Episode steps: 2500 | Average reward:   938.41 | Step Count: 5039950 | Episode Q0:    34.46
Episode: 2220/5000 | Episode reward:  1208.48 | Episode steps: 2500 | Average reward:   958.96 | Step Count: 5042450 | Episode Q0:    34.46
Episode: 2221/5000 | Episode reward:   840.48 | Episode steps: 2500 | Average reward:   951.62 | Step Count: 5044950 | Episode Q0:    34.46
Episode: 2222/5000 | Episode reward:   999.23 | Episode steps: 2500 | Average reward:   965.02 | Step Count: 5047450 | Episode Q0:    34.46
Episode: 2223/5000 | Episode reward:   957.19 | Episode steps: 2500 | Average reward:   972.29 | Step Count: 5049950 | Episode Q0:    34.46
Episode: 2224/5000 | Episode reward:  1182.01 | Episode steps: 2500 | Average reward:   999.21 | Step Count: 5052450 | Episode Q0:    34.46
Episode: 2225/5000 | Episode reward:  1221.42 | Episode steps: 2500 | Average reward:  1033.12 | Step Count: 5054950 | Episode Q0:    34.46
Episode: 2226/5000 | Episode reward:   827.47 | Episode steps: 2500 | Average reward:  1024.97 | Step Count: 5057450 | Episode Q0:    34.46
Episode: 2227/5000 | Episode reward:  1069.37 | Episode steps: 2500 | Average reward:  1012.43 | Step Count: 5059950 | Episode Q0:    34.46
Episode: 2228/5000 | Episode reward:  1071.51 | Episode steps: 2500 | Average reward:  1024.64 | Step Count: 5062450 | Episode Q0:    34.46
Episode: 2229/5000 | Episode reward:  1209.66 | Episode steps: 2500 | Average reward:  1058.68 | Step Count: 5064950 | Episode Q0:    34.46
Episode: 2230/5000 | Episode reward:   102.26 | Episode steps:  252 | Average reward:   948.06 | Step Count: 5065202 | Episode Q0:    34.46
Episode: 2231/5000 | Episode reward:   920.61 | Episode steps: 2500 | Average reward:   956.07 | Step Count: 5067702 | Episode Q0:    34.23
Episode: 2232/5000 | Episode reward:  1068.88 | Episode steps: 2500 | Average reward:   963.04 | Step Count: 5070202 | Episode Q0:    34.23
Episode: 2233/5000 | Episode reward:   930.10 | Episode steps: 2500 | Average reward:   960.33 | Step Count: 5072702 | Episode Q0:    34.23
Episode: 2234/5000 | Episode reward:  1141.25 | Episode steps: 2500 | Average reward:   956.25 | Step Count: 5075202 | Episode Q0:    34.23
Episode: 2235/5000 | Episode reward:  1233.07 | Episode steps: 2500 | Average reward:   957.42 | Step Count: 5077702 | Episode Q0:    34.23
Episode: 2236/5000 | Episode reward:  1230.56 | Episode steps: 2500 | Average reward:   997.73 | Step Count: 5080202 | Episode Q0:    34.23
Episode: 2237/5000 | Episode reward:  1229.62 | Episode steps: 2500 | Average reward:  1013.75 | Step Count: 5082702 | Episode Q0:    34.23
Episode: 2238/5000 | Episode reward:  1181.92 | Episode steps: 2500 | Average reward:  1024.79 | Step Count: 5085202 | Episode Q0:    34.23
Episode: 2239/5000 | Episode reward:  1191.19 | Episode steps: 2500 | Average reward:  1022.94 | Step Count: 5087702 | Episode Q0:    34.23
Episode: 2240/5000 | Episode reward:  1210.61 | Episode steps: 2500 | Average reward:  1133.78 | Step Count: 5090202 | Episode Q0:    34.23
Episode: 2241/5000 | Episode reward:  1159.19 | Episode steps: 2500 | Average reward:  1157.64 | Step Count: 5092702 | Episode Q0:    34.23
Episode: 2242/5000 | Episode reward:  1252.87 | Episode steps: 2500 | Average reward:  1176.04 | Step Count: 5095202 | Episode Q0:    34.23
Episode: 2243/5000 | Episode reward:  1196.58 | Episode steps: 2500 | Average reward:  1202.68 | Step Count: 5097702 | Episode Q0:    34.23
Episode: 2244/5000 | Episode reward:  1126.12 | Episode steps: 2500 | Average reward:  1201.17 | Step Count: 5100202 | Episode Q0:    34.23
Episode: 2245/5000 | Episode reward:  1206.71 | Episode steps: 2500 | Average reward:  1198.54 | Step Count: 5102702 | Episode Q0:    34.23
Episode: 2246/5000 | Episode reward:  1210.12 | Episode steps: 2500 | Average reward:  1196.49 | Step Count: 5105202 | Episode Q0:    34.23
Episode: 2247/5000 | Episode reward:   106.43 | Episode steps:  272 | Average reward:  1084.17 | Step Count: 5105474 | Episode Q0:    34.23
Episode: 2248/5000 | Episode reward:   917.54 | Episode steps: 2500 | Average reward:  1057.73 | Step Count: 5107974 | Episode Q0:    34.23
Episode: 2249/5000 | Episode reward:  1216.38 | Episode steps: 2500 | Average reward:  1060.25 | Step Count: 5110474 | Episode Q0:    34.23
Episode: 2250/5000 | Episode reward:  1197.66 | Episode steps: 2500 | Average reward:  1058.96 | Step Count: 5112974 | Episode Q0:    34.23
Episode: 2251/5000 | Episode reward:   436.00 | Episode steps:  909 | Average reward:   986.64 | Step Count: 5113883 | Episode Q0:    34.23
Episode: 2252/5000 | Episode reward:  1195.10 | Episode steps: 2500 | Average reward:   980.86 | Step Count: 5116383 | Episode Q0:    33.23
Episode: 2253/5000 | Episode reward:  1171.60 | Episode steps: 2500 | Average reward:   978.37 | Step Count: 5118883 | Episode Q0:    33.23
Episode: 2254/5000 | Episode reward:  1199.60 | Episode steps: 2500 | Average reward:   985.71 | Step Count: 5121383 | Episode Q0:    33.23
Episode: 2255/5000 | Episode reward:   105.26 | Episode steps:  265 | Average reward:   875.57 | Step Count: 5121648 | Episode Q0:    33.23
Episode: 2256/5000 | Episode reward:   756.39 | Episode steps: 1676 | Average reward:   830.20 | Step Count: 5123324 | Episode Q0:    33.23
Episode: 2257/5000 | Episode reward:  1203.01 | Episode steps: 2500 | Average reward:   939.85 | Step Count: 5125824 | Episode Q0:    33.23
Episode: 2258/5000 | Episode reward:  1214.57 | Episode steps: 2500 | Average reward:   969.56 | Step Count: 5128324 | Episode Q0:    33.23
Episode: 2259/5000 | Episode reward:   558.16 | Episode steps: 1170 | Average reward:   903.74 | Step Count: 5129494 | Episode Q0:    33.23
Episode: 2260/5000 | Episode reward:   992.77 | Episode steps: 2500 | Average reward:   883.25 | Step Count: 5131994 | Episode Q0:    33.23
Episode: 2261/5000 | Episode reward:   938.19 | Episode steps: 1948 | Average reward:   933.47 | Step Count: 5133942 | Episode Q0:    33.23
Episode: 2262/5000 | Episode reward:  1197.68 | Episode steps: 2500 | Average reward:   933.72 | Step Count: 5136442 | Episode Q0:    33.23
Episode: 2263/5000 | Episode reward:   265.90 | Episode steps:  572 | Average reward:   843.16 | Step Count: 5137014 | Episode Q0:    33.23
Episode: 2264/5000 | Episode reward:   725.45 | Episode steps: 1575 | Average reward:   795.74 | Step Count: 5138589 | Episode Q0:    33.23
Episode: 2265/5000 | Episode reward:   845.36 | Episode steps: 2500 | Average reward:   869.75 | Step Count: 5141089 | Episode Q0:    33.23
Episode: 2266/5000 | Episode reward:  1121.54 | Episode steps: 2306 | Average reward:   906.26 | Step Count: 5143395 | Episode Q0:    33.23
Episode: 2267/5000 | Episode reward:   604.48 | Episode steps: 1315 | Average reward:   846.41 | Step Count: 5144710 | Episode Q0:    33.23
Episode: 2268/5000 | Episode reward:  1185.46 | Episode steps: 2500 | Average reward:   843.50 | Step Count: 5147210 | Episode Q0:    33.23
Episode: 2269/5000 | Episode reward:  1213.16 | Episode steps: 2500 | Average reward:   909.00 | Step Count: 5149710 | Episode Q0:    33.23
Episode: 2270/5000 | Episode reward:   753.04 | Episode steps: 1692 | Average reward:   885.03 | Step Count: 5151402 | Episode Q0:    33.23
Episode: 2271/5000 | Episode reward:    82.21 | Episode steps:  224 | Average reward:   799.43 | Step Count: 5151626 | Episode Q0:    33.23
Episode: 2272/5000 | Episode reward:    77.59 | Episode steps:  224 | Average reward:   687.42 | Step Count: 5151850 | Episode Q0:    33.23
Episode: 2273/5000 | Episode reward:   746.02 | Episode steps: 2500 | Average reward:   735.43 | Step Count: 5154350 | Episode Q0:    33.23
Episode: 2274/5000 | Episode reward:  1130.82 | Episode steps: 2500 | Average reward:   775.97 | Step Count: 5156850 | Episode Q0:    33.23
Episode: 2275/5000 | Episode reward:   304.34 | Episode steps:  620 | Average reward:   721.87 | Step Count: 5157470 | Episode Q0:    33.23
Episode: 2276/5000 | Episode reward:  1232.88 | Episode steps: 2500 | Average reward:   733.00 | Step Count: 5159970 | Episode Q0:    34.50
Episode: 2277/5000 | Episode reward:  1050.56 | Episode steps: 2500 | Average reward:   777.61 | Step Count: 5162470 | Episode Q0:    34.50
Episode: 2278/5000 | Episode reward:   726.80 | Episode steps: 1575 | Average reward:   731.74 | Step Count: 5164045 | Episode Q0:    34.50
Episode: 2279/5000 | Episode reward:  1268.21 | Episode steps: 2500 | Average reward:   737.25 | Step Count: 5166545 | Episode Q0:    34.50
Episode: 2280/5000 | Episode reward:  1239.07 | Episode steps: 2500 | Average reward:   785.85 | Step Count: 5169045 | Episode Q0:    34.50
Episode: 2281/5000 | Episode reward:    75.91 | Episode steps:  231 | Average reward:   785.22 | Step Count: 5169276 | Episode Q0:    34.50
Episode: 2282/5000 | Episode reward:   560.34 | Episode steps: 1306 | Average reward:   833.49 | Step Count: 5170582 | Episode Q0:    34.50
Episode: 2283/5000 | Episode reward:  1270.11 | Episode steps: 2500 | Average reward:   885.90 | Step Count: 5173082 | Episode Q0:    34.50
Episode: 2284/5000 | Episode reward:  1211.87 | Episode steps: 2500 | Average reward:   894.01 | Step Count: 5175582 | Episode Q0:    34.50
Episode: 2285/5000 | Episode reward:   871.11 | Episode steps: 1787 | Average reward:   950.69 | Step Count: 5177369 | Episode Q0:    34.50
Episode: 2286/5000 | Episode reward:  1245.02 | Episode steps: 2500 | Average reward:   951.90 | Step Count: 5179869 | Episode Q0:    34.50
Episode: 2287/5000 | Episode reward:  1247.89 | Episode steps: 2500 | Average reward:   971.63 | Step Count: 5182369 | Episode Q0:    34.50
Episode: 2288/5000 | Episode reward:  1227.16 | Episode steps: 2500 | Average reward:  1021.67 | Step Count: 5184869 | Episode Q0:    34.50
Episode: 2289/5000 | Episode reward:  1195.51 | Episode steps: 2500 | Average reward:  1014.40 | Step Count: 5187369 | Episode Q0:    34.50
Episode: 2290/5000 | Episode reward:  1216.74 | Episode steps: 2500 | Average reward:  1012.17 | Step Count: 5189869 | Episode Q0:    34.50
Episode: 2291/5000 | Episode reward:  1262.49 | Episode steps: 2500 | Average reward:  1130.82 | Step Count: 5192369 | Episode Q0:    34.50
Episode: 2292/5000 | Episode reward:   632.25 | Episode steps: 1423 | Average reward:  1138.02 | Step Count: 5193792 | Episode Q0:    34.50
Episode: 2293/5000 | Episode reward:    97.30 | Episode steps:  244 | Average reward:  1020.74 | Step Count: 5194036 | Episode Q0:    34.50
Episode: 2294/5000 | Episode reward:  1250.58 | Episode steps: 2500 | Average reward:  1024.61 | Step Count: 5196536 | Episode Q0:    34.50
Episode: 2295/5000 | Episode reward:  1229.64 | Episode steps: 2500 | Average reward:  1060.46 | Step Count: 5199036 | Episode Q0:    34.50
Episode: 2296/5000 | Episode reward:   397.93 | Episode steps:  821 | Average reward:   975.75 | Step Count: 5199857 | Episode Q0:    34.50
Episode: 2297/5000 | Episode reward:   186.55 | Episode steps:  372 | Average reward:   869.62 | Step Count: 5200229 | Episode Q0:    34.50
Episode: 2298/5000 | Episode reward:  1218.01 | Episode steps: 2500 | Average reward:   868.70 | Step Count: 5202729 | Episode Q0:    35.41
Episode: 2299/5000 | Episode reward:   611.21 | Episode steps: 1325 | Average reward:   810.27 | Step Count: 5204054 | Episode Q0:    35.41
Episode: 2300/5000 | Episode reward:   377.58 | Episode steps:  857 | Average reward:   726.35 | Step Count: 5204911 | Episode Q0:    35.41
Episode: 2301/5000 | Episode reward:  1265.00 | Episode steps: 2500 | Average reward:   726.61 | Step Count: 5207411 | Episode Q0:    35.41
Episode: 2302/5000 | Episode reward:  1192.91 | Episode steps: 2500 | Average reward:   782.67 | Step Count: 5209911 | Episode Q0:    35.41
Episode: 2303/5000 | Episode reward:  1198.40 | Episode steps: 2500 | Average reward:   892.78 | Step Count: 5212411 | Episode Q0:    35.41
Episode: 2304/5000 | Episode reward:  1068.51 | Episode steps: 2329 | Average reward:   874.57 | Step Count: 5214740 | Episode Q0:    35.41
Episode: 2305/5000 | Episode reward:   372.09 | Episode steps:  789 | Average reward:   788.82 | Step Count: 5215529 | Episode Q0:    35.41
Episode: 2306/5000 | Episode reward:   100.99 | Episode steps:  265 | Average reward:   759.12 | Step Count: 5215794 | Episode Q0:    35.41
Episode: 2307/5000 | Episode reward:   344.07 | Episode steps:  961 | Average reward:   774.88 | Step Count: 5216755 | Episode Q0:    35.41
Episode: 2308/5000 | Episode reward:  1198.04 | Episode steps: 2500 | Average reward:   772.88 | Step Count: 5219255 | Episode Q0:    35.41
Episode: 2309/5000 | Episode reward:   759.97 | Episode steps: 1561 | Average reward:   787.76 | Step Count: 5220816 | Episode Q0:    35.41
Episode: 2310/5000 | Episode reward:  1284.13 | Episode steps: 2500 | Average reward:   878.41 | Step Count: 5223316 | Episode Q0:    35.41
Episode: 2311/5000 | Episode reward:   205.35 | Episode steps:  401 | Average reward:   772.45 | Step Count: 5223717 | Episode Q0:    35.41
Episode: 2312/5000 | Episode reward:    98.50 | Episode steps:  253 | Average reward:   663.00 | Step Count: 5223970 | Episode Q0:    35.41
Episode: 2313/5000 | Episode reward:  1220.07 | Episode steps: 2500 | Average reward:   665.17 | Step Count: 5226470 | Episode Q0:    35.41
Episode: 2314/5000 | Episode reward:   622.57 | Episode steps: 1383 | Average reward:   620.58 | Step Count: 5227853 | Episode Q0:    35.41
Episode: 2315/5000 | Episode reward:   695.03 | Episode steps: 1461 | Average reward:   652.87 | Step Count: 5229314 | Episode Q0:    35.41
Episode: 2316/5000 | Episode reward:  1191.62 | Episode steps: 2500 | Average reward:   761.93 | Step Count: 5231814 | Episode Q0:    35.41
Episode: 2317/5000 | Episode reward:  1021.59 | Episode steps: 2219 | Average reward:   829.69 | Step Count: 5234033 | Episode Q0:    35.41
Episode: 2318/5000 | Episode reward:   229.97 | Episode steps:  562 | Average reward:   732.88 | Step Count: 5234595 | Episode Q0:    35.41
Episode: 2319/5000 | Episode reward:   536.54 | Episode steps: 1115 | Average reward:   710.54 | Step Count: 5235710 | Episode Q0:    35.41
Episode: 2320/5000 | Episode reward:   150.41 | Episode steps:  329 | Average reward:   597.17 | Step Count: 5236039 | Episode Q0:    35.41
Episode: 2321/5000 | Episode reward:   169.24 | Episode steps:  425 | Average reward:   593.55 | Step Count: 5236464 | Episode Q0:    35.41
Episode: 2322/5000 | Episode reward:   286.64 | Episode steps:  605 | Average reward:   612.37 | Step Count: 5237069 | Episode Q0:    35.41
Episode: 2323/5000 | Episode reward:    61.53 | Episode steps:  233 | Average reward:   496.51 | Step Count: 5237302 | Episode Q0:    35.41
Episode: 2324/5000 | Episode reward:    73.36 | Episode steps:  206 | Average reward:   441.59 | Step Count: 5237508 | Episode Q0:    35.41
Episode: 2325/5000 | Episode reward:   733.51 | Episode steps: 1489 | Average reward:   445.44 | Step Count: 5238997 | Episode Q0:    34.03
Episode: 2326/5000 | Episode reward:   983.98 | Episode steps: 2019 | Average reward:   424.68 | Step Count: 5241016 | Episode Q0:    34.03
Episode: 2327/5000 | Episode reward:   555.22 | Episode steps: 1152 | Average reward:   378.04 | Step Count: 5242168 | Episode Q0:    34.03
Episode: 2328/5000 | Episode reward:   114.86 | Episode steps:  268 | Average reward:   366.53 | Step Count: 5242436 | Episode Q0:    34.03
Episode: 2329/5000 | Episode reward:   752.25 | Episode steps: 1613 | Average reward:   388.10 | Step Count: 5244049 | Episode Q0:    34.03
Episode: 2330/5000 | Episode reward:   591.08 | Episode steps: 1327 | Average reward:   432.17 | Step Count: 5245376 | Episode Q0:    34.03
Episode: 2331/5000 | Episode reward:   122.54 | Episode steps:  279 | Average reward:   427.50 | Step Count: 5245655 | Episode Q0:    34.03
Episode: 2332/5000 | Episode reward:    75.18 | Episode steps:  206 | Average reward:   406.35 | Step Count: 5245861 | Episode Q0:    34.03
Episode: 2333/5000 | Episode reward:   537.21 | Episode steps: 1158 | Average reward:   453.92 | Step Count: 5247019 | Episode Q0:    34.03
Episode: 2334/5000 | Episode reward:   300.00 | Episode steps:  698 | Average reward:   476.58 | Step Count: 5247717 | Episode Q0:    34.03
Episode: 2335/5000 | Episode reward:   120.29 | Episode steps:  297 | Average reward:   415.26 | Step Count: 5248014 | Episode Q0:    34.03
Episode: 2336/5000 | Episode reward:   123.29 | Episode steps:  292 | Average reward:   329.19 | Step Count: 5248306 | Episode Q0:    34.03
Episode: 2337/5000 | Episode reward:  1179.77 | Episode steps: 2500 | Average reward:   391.65 | Step Count: 5250806 | Episode Q0:    34.03
Episode: 2338/5000 | Episode reward:   333.15 | Episode steps:  784 | Average reward:   413.48 | Step Count: 5251590 | Episode Q0:    34.03
Episode: 2339/5000 | Episode reward:   901.99 | Episode steps: 1898 | Average reward:   428.45 | Step Count: 5253488 | Episode Q0:    34.03
Episode: 2340/5000 | Episode reward:   601.62 | Episode steps: 1277 | Average reward:   429.51 | Step Count: 5254765 | Episode Q0:    34.03
Episode: 2341/5000 | Episode reward:  1225.25 | Episode steps: 2500 | Average reward:   539.78 | Step Count: 5257265 | Episode Q0:    34.03
Episode: 2342/5000 | Episode reward:   348.41 | Episode steps:  811 | Average reward:   567.10 | Step Count: 5258076 | Episode Q0:    34.03
Episode: 2343/5000 | Episode reward:  1244.94 | Episode steps: 2500 | Average reward:   637.87 | Step Count: 5260576 | Episode Q0:    33.91
Episode: 2344/5000 | Episode reward:   887.80 | Episode steps: 1899 | Average reward:   696.65 | Step Count: 5262475 | Episode Q0:    33.91
Episode: 2345/5000 | Episode reward:  1230.24 | Episode steps: 2500 | Average reward:   807.65 | Step Count: 5264975 | Episode Q0:    33.91
Episode: 2346/5000 | Episode reward:  1202.13 | Episode steps: 2500 | Average reward:   915.53 | Step Count: 5267475 | Episode Q0:    33.91
Episode: 2347/5000 | Episode reward:   719.30 | Episode steps: 1562 | Average reward:   869.49 | Step Count: 5269037 | Episode Q0:    33.91
Episode: 2348/5000 | Episode reward:  1215.84 | Episode steps: 2403 | Average reward:   957.75 | Step Count: 5271440 | Episode Q0:    33.91
Episode: 2349/5000 | Episode reward:   687.92 | Episode steps: 1512 | Average reward:   936.35 | Step Count: 5272952 | Episode Q0:    33.91
Episode: 2350/5000 | Episode reward:   406.85 | Episode steps: 1060 | Average reward:   916.87 | Step Count: 5274012 | Episode Q0:    33.91
Episode: 2351/5000 | Episode reward:   132.78 | Episode steps:  310 | Average reward:   807.62 | Step Count: 5274322 | Episode Q0:    33.91
Episode: 2352/5000 | Episode reward:   592.14 | Episode steps: 1292 | Average reward:   832.00 | Step Count: 5275614 | Episode Q0:    33.91
Episode: 2353/5000 | Episode reward:  1281.51 | Episode steps: 2500 | Average reward:   835.65 | Step Count: 5278114 | Episode Q0:    33.91
Episode: 2354/5000 | Episode reward:   622.36 | Episode steps: 1247 | Average reward:   809.11 | Step Count: 5279361 | Episode Q0:    33.91
Episode: 2355/5000 | Episode reward:   369.71 | Episode steps:  765 | Average reward:   723.05 | Step Count: 5280126 | Episode Q0:    33.91
Episode: 2356/5000 | Episode reward:  1063.05 | Episode steps: 2360 | Average reward:   709.15 | Step Count: 5282486 | Episode Q0:    33.91
Episode: 2357/5000 | Episode reward:   901.01 | Episode steps: 1809 | Average reward:   727.32 | Step Count: 5284295 | Episode Q0:    33.91
Episode: 2358/5000 | Episode reward:   566.17 | Episode steps: 1236 | Average reward:   662.35 | Step Count: 5285531 | Episode Q0:    33.91
Episode: 2359/5000 | Episode reward:  1129.91 | Episode steps: 2455 | Average reward:   706.55 | Step Count: 5287986 | Episode Q0:    33.91
Episode: 2360/5000 | Episode reward:  1265.95 | Episode steps: 2500 | Average reward:   792.46 | Step Count: 5290486 | Episode Q0:    33.91
Episode: 2361/5000 | Episode reward:   803.27 | Episode steps: 1663 | Average reward:   859.51 | Step Count: 5292149 | Episode Q0:    33.91
Episode: 2362/5000 | Episode reward:   669.64 | Episode steps: 1405 | Average reward:   867.26 | Step Count: 5293554 | Episode Q0:    33.91
Episode: 2363/5000 | Episode reward:  1272.95 | Episode steps: 2500 | Average reward:   866.40 | Step Count: 5296054 | Episode Q0:    33.91
Episode: 2364/5000 | Episode reward:   370.69 | Episode steps:  823 | Average reward:   841.24 | Step Count: 5296877 | Episode Q0:    33.91
Episode: 2365/5000 | Episode reward:   665.80 | Episode steps: 1379 | Average reward:   870.85 | Step Count: 5298256 | Episode Q0:    33.91
Episode: 2366/5000 | Episode reward:   580.49 | Episode steps: 1349 | Average reward:   822.59 | Step Count: 5299605 | Episode Q0:    33.91
Episode: 2367/5000 | Episode reward:   234.83 | Episode steps:  526 | Average reward:   755.97 | Step Count: 5300131 | Episode Q0:    33.91
Episode: 2368/5000 | Episode reward:   456.59 | Episode steps: 1021 | Average reward:   745.01 | Step Count: 5301152 | Episode Q0:    33.91
Episode: 2369/5000 | Episode reward:   368.82 | Episode steps:  793 | Average reward:   668.90 | Step Count: 5301945 | Episode Q0:    33.91
Episode: 2370/5000 | Episode reward:   836.11 | Episode steps: 1740 | Average reward:   625.92 | Step Count: 5303685 | Episode Q0:    34.28
Episode: 2371/5000 | Episode reward:   477.43 | Episode steps: 1088 | Average reward:   593.34 | Step Count: 5304773 | Episode Q0:    34.28
Episode: 2372/5000 | Episode reward:   107.29 | Episode steps:  277 | Average reward:   537.10 | Step Count: 5305050 | Episode Q0:    34.28
Episode: 2373/5000 | Episode reward:   688.28 | Episode steps: 1435 | Average reward:   478.63 | Step Count: 5306485 | Episode Q0:    34.28
Episode: 2374/5000 | Episode reward:  1167.34 | Episode steps: 2453 | Average reward:   558.30 | Step Count: 5308938 | Episode Q0:    34.28
Episode: 2375/5000 | Episode reward:    97.49 | Episode steps:  242 | Average reward:   501.47 | Step Count: 5309180 | Episode Q0:    34.28
Episode: 2376/5000 | Episode reward:   557.16 | Episode steps: 1156 | Average reward:   499.14 | Step Count: 5310336 | Episode Q0:    34.28
Episode: 2377/5000 | Episode reward:   910.61 | Episode steps: 1891 | Average reward:   566.71 | Step Count: 5312227 | Episode Q0:    34.28
Episode: 2378/5000 | Episode reward:   102.91 | Episode steps:  157 | Average reward:   531.35 | Step Count: 5312384 | Episode Q0:    34.28
Episode: 2379/5000 | Episode reward:   119.38 | Episode steps:  285 | Average reward:   506.40 | Step Count: 5312669 | Episode Q0:    34.28
Episode: 2380/5000 | Episode reward:  1211.31 | Episode steps: 2500 | Average reward:   543.92 | Step Count: 5315169 | Episode Q0:    34.28
Episode: 2381/5000 | Episode reward:   548.71 | Episode steps: 1131 | Average reward:   551.05 | Step Count: 5316300 | Episode Q0:    34.28
Episode: 2382/5000 | Episode reward:   935.96 | Episode steps: 1982 | Average reward:   633.91 | Step Count: 5318282 | Episode Q0:    34.28
Episode: 2383/5000 | Episode reward:   896.79 | Episode steps: 1918 | Average reward:   654.77 | Step Count: 5320200 | Episode Q0:    34.28
Episode: 2384/5000 | Episode reward:   487.26 | Episode steps: 1127 | Average reward:   586.76 | Step Count: 5321327 | Episode Q0:    34.28
Episode: 2385/5000 | Episode reward:    94.91 | Episode steps:  243 | Average reward:   586.50 | Step Count: 5321570 | Episode Q0:    34.28
Episode: 2386/5000 | Episode reward:    91.58 | Episode steps:  239 | Average reward:   539.94 | Step Count: 5321809 | Episode Q0:    34.28
Episode: 2387/5000 | Episode reward:   393.16 | Episode steps:  830 | Average reward:   488.20 | Step Count: 5322639 | Episode Q0:    34.28
Episode: 2388/5000 | Episode reward:   269.86 | Episode steps:  570 | Average reward:   504.89 | Step Count: 5323209 | Episode Q0:    34.28
Episode: 2389/5000 | Episode reward:  1167.05 | Episode steps: 2500 | Average reward:   609.66 | Step Count: 5325709 | Episode Q0:    34.30
Episode: 2390/5000 | Episode reward:  1220.42 | Episode steps: 2500 | Average reward:   610.57 | Step Count: 5328209 | Episode Q0:    34.30
Episode: 2391/5000 | Episode reward:  1153.57 | Episode steps: 2500 | Average reward:   671.06 | Step Count: 5330709 | Episode Q0:    34.30
Episode: 2392/5000 | Episode reward:   169.47 | Episode steps:  345 | Average reward:   594.41 | Step Count: 5331054 | Episode Q0:    34.30
Episode: 2393/5000 | Episode reward:   102.91 | Episode steps:  237 | Average reward:   515.02 | Step Count: 5331291 | Episode Q0:    34.30
Episode: 2394/5000 | Episode reward:  1256.14 | Episode steps: 2500 | Average reward:   591.91 | Step Count: 5333791 | Episode Q0:    34.30
Episode: 2395/5000 | Episode reward:  1159.33 | Episode steps: 2500 | Average reward:   698.35 | Step Count: 5336291 | Episode Q0:    34.30
Episode: 2396/5000 | Episode reward:   242.87 | Episode steps:  510 | Average reward:   713.48 | Step Count: 5336801 | Episode Q0:    34.30
Episode: 2397/5000 | Episode reward:  1209.54 | Episode steps: 2500 | Average reward:   795.12 | Step Count: 5339301 | Episode Q0:    34.30
Episode: 2398/5000 | Episode reward:  1226.22 | Episode steps: 2500 | Average reward:   890.75 | Step Count: 5341801 | Episode Q0:    34.30
Episode: 2399/5000 | Episode reward:  1215.50 | Episode steps: 2500 | Average reward:   895.60 | Step Count: 5344301 | Episode Q0:    34.30
Episode: 2400/5000 | Episode reward:   354.68 | Episode steps:  849 | Average reward:   809.02 | Step Count: 5345150 | Episode Q0:    34.30
Episode: 2401/5000 | Episode reward:  1142.90 | Episode steps: 2500 | Average reward:   807.96 | Step Count: 5347650 | Episode Q0:    34.30
Episode: 2402/5000 | Episode reward:  1277.69 | Episode steps: 2500 | Average reward:   918.78 | Step Count: 5350150 | Episode Q0:    34.30
Episode: 2403/5000 | Episode reward:   189.46 | Episode steps:  393 | Average reward:   927.43 | Step Count: 5350543 | Episode Q0:    34.30
Episode: 2404/5000 | Episode reward:  1198.21 | Episode steps: 2500 | Average reward:   921.64 | Step Count: 5353043 | Episode Q0:    34.30
Episode: 2405/5000 | Episode reward:   404.54 | Episode steps:  860 | Average reward:   846.16 | Step Count: 5353903 | Episode Q0:    34.30
Episode: 2406/5000 | Episode reward:   146.95 | Episode steps:  325 | Average reward:   836.57 | Step Count: 5354228 | Episode Q0:    34.30
Episode: 2407/5000 | Episode reward:   150.09 | Episode steps:  319 | Average reward:   730.63 | Step Count: 5354547 | Episode Q0:    34.30
Episode: 2408/5000 | Episode reward:   143.18 | Episode steps:  323 | Average reward:   622.32 | Step Count: 5354870 | Episode Q0:    34.30
Episode: 2409/5000 | Episode reward:   626.48 | Episode steps: 1354 | Average reward:   563.42 | Step Count: 5356224 | Episode Q0:    34.30
Episode: 2410/5000 | Episode reward:   723.92 | Episode steps: 1478 | Average reward:   600.34 | Step Count: 5357702 | Episode Q0:    34.30
Episode: 2411/5000 | Episode reward:  1201.39 | Episode steps: 2500 | Average reward:   606.19 | Step Count: 5360202 | Episode Q0:    34.30
Episode: 2412/5000 | Episode reward:   252.32 | Episode steps:  464 | Average reward:   503.66 | Step Count: 5360666 | Episode Q0:    34.30
Episode: 2413/5000 | Episode reward:   830.02 | Episode steps: 1733 | Average reward:   567.71 | Step Count: 5362399 | Episode Q0:    34.30
Episode: 2414/5000 | Episode reward:   254.12 | Episode steps:  541 | Average reward:   473.30 | Step Count: 5362940 | Episode Q0:    34.30
Episode: 2415/5000 | Episode reward:    64.84 | Episode steps:  192 | Average reward:   439.33 | Step Count: 5363132 | Episode Q0:    34.30
Episode: 2416/5000 | Episode reward:    71.97 | Episode steps:  201 | Average reward:   431.83 | Step Count: 5363333 | Episode Q0:    34.30
Episode: 2417/5000 | Episode reward:  1276.10 | Episode steps: 2500 | Average reward:   544.44 | Step Count: 5365833 | Episode Q0:    35.55
Episode: 2418/5000 | Episode reward:  1217.92 | Episode steps: 2500 | Average reward:   651.91 | Step Count: 5368333 | Episode Q0:    35.55
Episode: 2419/5000 | Episode reward:  1217.05 | Episode steps: 2500 | Average reward:   710.97 | Step Count: 5370833 | Episode Q0:    35.55
Episode: 2420/5000 | Episode reward:  1182.98 | Episode steps: 2500 | Average reward:   756.87 | Step Count: 5373333 | Episode Q0:    35.55
Episode: 2421/5000 | Episode reward:   417.47 | Episode steps:  870 | Average reward:   678.48 | Step Count: 5374203 | Episode Q0:    35.55
Episode: 2422/5000 | Episode reward:    39.18 | Episode steps:  163 | Average reward:   657.17 | Step Count: 5374366 | Episode Q0:    35.55
Episode: 2423/5000 | Episode reward:   522.91 | Episode steps: 1086 | Average reward:   626.46 | Step Count: 5375452 | Episode Q0:    35.55
Episode: 2424/5000 | Episode reward:  1168.35 | Episode steps: 2388 | Average reward:   717.88 | Step Count: 5377840 | Episode Q0:    35.55
Episode: 2425/5000 | Episode reward:    76.92 | Episode steps:  218 | Average reward:   719.09 | Step Count: 5378058 | Episode Q0:    35.55
Episode: 2426/5000 | Episode reward:   541.72 | Episode steps: 1119 | Average reward:   766.06 | Step Count: 5379177 | Episode Q0:    35.55
Episode: 2427/5000 | Episode reward:   278.00 | Episode steps:  627 | Average reward:   666.25 | Step Count: 5379804 | Episode Q0:    35.55
Episode: 2428/5000 | Episode reward:   551.67 | Episode steps: 1166 | Average reward:   599.63 | Step Count: 5380970 | Episode Q0:    35.55
Episode: 2429/5000 | Episode reward:   218.55 | Episode steps:  484 | Average reward:   499.78 | Step Count: 5381454 | Episode Q0:    35.55
Episode: 2430/5000 | Episode reward:    88.50 | Episode steps:  228 | Average reward:   390.33 | Step Count: 5381682 | Episode Q0:    35.55
Episode: 2431/5000 | Episode reward:   433.14 | Episode steps:  915 | Average reward:   391.89 | Step Count: 5382597 | Episode Q0:    35.55
Episode: 2432/5000 | Episode reward:   259.95 | Episode steps:  572 | Average reward:   413.97 | Step Count: 5383169 | Episode Q0:    35.55
Episode: 2433/5000 | Episode reward:   105.15 | Episode steps:  245 | Average reward:   372.20 | Step Count: 5383414 | Episode Q0:    35.55
Episode: 2434/5000 | Episode reward:   135.47 | Episode steps:  316 | Average reward:   268.91 | Step Count: 5383730 | Episode Q0:    35.55
Episode: 2435/5000 | Episode reward:   276.76 | Episode steps:  654 | Average reward:   288.89 | Step Count: 5384384 | Episode Q0:    35.55
Episode: 2436/5000 | Episode reward:   206.84 | Episode steps:  509 | Average reward:   255.40 | Step Count: 5384893 | Episode Q0:    35.55
Episode: 2437/5000 | Episode reward:  1238.10 | Episode steps: 2500 | Average reward:   351.41 | Step Count: 5387393 | Episode Q0:    33.42
Episode: 2438/5000 | Episode reward:   495.04 | Episode steps: 1114 | Average reward:   345.75 | Step Count: 5388507 | Episode Q0:    33.42
Episode: 2439/5000 | Episode reward:   810.18 | Episode steps: 1732 | Average reward:   404.91 | Step Count: 5390239 | Episode Q0:    33.42
Episode: 2440/5000 | Episode reward:   650.31 | Episode steps: 1307 | Average reward:   461.09 | Step Count: 5391546 | Episode Q0:    33.42
Episode: 2441/5000 | Episode reward:   728.22 | Episode steps: 1585 | Average reward:   490.60 | Step Count: 5393131 | Episode Q0:    33.42
Episode: 2442/5000 | Episode reward:    49.64 | Episode steps:  179 | Average reward:   469.57 | Step Count: 5393310 | Episode Q0:    33.42
Episode: 2443/5000 | Episode reward:  1250.53 | Episode steps: 2500 | Average reward:   584.11 | Step Count: 5395810 | Episode Q0:    33.42
Episode: 2444/5000 | Episode reward:    69.81 | Episode steps:  202 | Average reward:   577.54 | Step Count: 5396012 | Episode Q0:    33.42
Episode: 2445/5000 | Episode reward:   224.20 | Episode steps:  571 | Average reward:   572.29 | Step Count: 5396583 | Episode Q0:    33.42
Episode: 2446/5000 | Episode reward:   835.30 | Episode steps: 1745 | Average reward:   635.13 | Step Count: 5398328 | Episode Q0:    33.42
Episode: 2447/5000 | Episode reward:   415.37 | Episode steps:  873 | Average reward:   552.86 | Step Count: 5399201 | Episode Q0:    33.42
Episode: 2448/5000 | Episode reward:   121.92 | Episode steps:  274 | Average reward:   515.55 | Step Count: 5399475 | Episode Q0:    33.42
Episode: 2449/5000 | Episode reward:   117.12 | Episode steps:  281 | Average reward:   446.24 | Step Count: 5399756 | Episode Q0:    33.42
Episode: 2450/5000 | Episode reward:   867.61 | Episode steps: 1817 | Average reward:   467.97 | Step Count: 5401573 | Episode Q0:    33.42
Episode: 2451/5000 | Episode reward:   335.56 | Episode steps:  689 | Average reward:   428.71 | Step Count: 5402262 | Episode Q0:    33.42
Episode: 2452/5000 | Episode reward:   261.33 | Episode steps:  598 | Average reward:   449.88 | Step Count: 5402860 | Episode Q0:    33.42
Episode: 2453/5000 | Episode reward:    75.03 | Episode steps:  208 | Average reward:   332.33 | Step Count: 5403068 | Episode Q0:    33.42
Episode: 2454/5000 | Episode reward:   126.30 | Episode steps:  302 | Average reward:   337.98 | Step Count: 5403370 | Episode Q0:    33.42
Episode: 2455/5000 | Episode reward:   875.90 | Episode steps: 1918 | Average reward:   403.15 | Step Count: 5405288 | Episode Q0:    33.42
Episode: 2456/5000 | Episode reward:  1203.53 | Episode steps: 2331 | Average reward:   439.97 | Step Count: 5407619 | Episode Q0:    33.42
Episode: 2457/5000 | Episode reward:  1103.44 | Episode steps: 2283 | Average reward:   508.78 | Step Count: 5409902 | Episode Q0:    33.42
Episode: 2458/5000 | Episode reward:   525.79 | Episode steps: 1041 | Average reward:   549.16 | Step Count: 5410943 | Episode Q0:    33.42
Episode: 2459/5000 | Episode reward:   114.16 | Episode steps:  291 | Average reward:   548.87 | Step Count: 5411234 | Episode Q0:    33.42
Episode: 2460/5000 | Episode reward:   170.46 | Episode steps:  368 | Average reward:   479.15 | Step Count: 5411602 | Episode Q0:    33.42
Episode: 2461/5000 | Episode reward:    96.62 | Episode steps:  232 | Average reward:   455.26 | Step Count: 5411834 | Episode Q0:    33.42
Episode: 2462/5000 | Episode reward:   210.95 | Episode steps:  464 | Average reward:   450.22 | Step Count: 5412298 | Episode Q0:    33.42
Episode: 2463/5000 | Episode reward:    89.71 | Episode steps:  226 | Average reward:   451.69 | Step Count: 5412524 | Episode Q0:    33.42
Episode: 2464/5000 | Episode reward:   109.93 | Episode steps:  273 | Average reward:   450.05 | Step Count: 5412797 | Episode Q0:    33.42
Episode: 2465/5000 | Episode reward:   468.68 | Episode steps:  975 | Average reward:   409.33 | Step Count: 5413772 | Episode Q0:    34.77
Episode: 2466/5000 | Episode reward:  1112.48 | Episode steps: 2500 | Average reward:   400.22 | Step Count: 5416272 | Episode Q0:    34.77
Episode: 2467/5000 | Episode reward:  1199.44 | Episode steps: 2500 | Average reward:   409.82 | Step Count: 5418772 | Episode Q0:    34.77
Episode: 2468/5000 | Episode reward:   405.98 | Episode steps:  870 | Average reward:   397.84 | Step Count: 5419642 | Episode Q0:    34.77
Episode: 2469/5000 | Episode reward:    74.94 | Episode steps:  211 | Average reward:   393.92 | Step Count: 5419853 | Episode Q0:    34.77
Episode: 2470/5000 | Episode reward:   198.85 | Episode steps:  516 | Average reward:   396.76 | Step Count: 5420369 | Episode Q0:    34.77
Episode: 2471/5000 | Episode reward:  1202.93 | Episode steps: 2500 | Average reward:   507.39 | Step Count: 5422869 | Episode Q0:    34.77
Episode: 2472/5000 | Episode reward:   730.68 | Episode steps: 1501 | Average reward:   559.36 | Step Count: 5424370 | Episode Q0:    34.77
Episode: 2473/5000 | Episode reward:   732.64 | Episode steps: 1521 | Average reward:   623.66 | Step Count: 5425891 | Episode Q0:    34.77
Episode: 2474/5000 | Episode reward:    62.28 | Episode steps:  193 | Average reward:   618.89 | Step Count: 5426084 | Episode Q0:    34.77
Episode: 2475/5000 | Episode reward:   113.07 | Episode steps:  250 | Average reward:   583.33 | Step Count: 5426334 | Episode Q0:    34.77
Episode: 2476/5000 | Episode reward:    56.95 | Episode steps:  183 | Average reward:   477.78 | Step Count: 5426517 | Episode Q0:    34.77
Episode: 2477/5000 | Episode reward:    68.76 | Episode steps:  204 | Average reward:   364.71 | Step Count: 5426721 | Episode Q0:    34.77
Episode: 2478/5000 | Episode reward:    57.00 | Episode steps:  181 | Average reward:   329.81 | Step Count: 5426902 | Episode Q0:    34.77
Episode: 2479/5000 | Episode reward:   198.88 | Episode steps:  393 | Average reward:   342.20 | Step Count: 5427295 | Episode Q0:    34.77
Episode: 2480/5000 | Episode reward:   571.54 | Episode steps: 1197 | Average reward:   379.47 | Step Count: 5428492 | Episode Q0:    34.77
Episode: 2481/5000 | Episode reward:    55.27 | Episode steps:  181 | Average reward:   264.71 | Step Count: 5428673 | Episode Q0:    34.77
Episode: 2482/5000 | Episode reward:    51.95 | Episode steps:  179 | Average reward:   196.83 | Step Count: 5428852 | Episode Q0:    34.77
Episode: 2483/5000 | Episode reward:    97.90 | Episode steps:  228 | Average reward:   133.36 | Step Count: 5429080 | Episode Q0:    34.77
Episode: 2484/5000 | Episode reward:    65.67 | Episode steps:  196 | Average reward:   133.70 | Step Count: 5429276 | Episode Q0:    34.77
Episode: 2485/5000 | Episode reward:   101.70 | Episode steps:  253 | Average reward:   132.56 | Step Count: 5429529 | Episode Q0:    34.77
Episode: 2486/5000 | Episode reward:  1097.25 | Episode steps: 2228 | Average reward:   236.59 | Step Count: 5431757 | Episode Q0:    34.85
Episode: 2487/5000 | Episode reward:   533.81 | Episode steps: 1124 | Average reward:   283.10 | Step Count: 5432881 | Episode Q0:    34.85
Episode: 2488/5000 | Episode reward:   723.58 | Episode steps: 1516 | Average reward:   349.76 | Step Count: 5434397 | Episode Q0:    34.85
Episode: 2489/5000 | Episode reward:   591.97 | Episode steps: 1221 | Average reward:   389.06 | Step Count: 5435618 | Episode Q0:    34.85
Episode: 2490/5000 | Episode reward:  1039.86 | Episode steps: 2087 | Average reward:   435.90 | Step Count: 5437705 | Episode Q0:    34.85
Episode: 2491/5000 | Episode reward:  1200.01 | Episode steps: 2500 | Average reward:   550.37 | Step Count: 5440205 | Episode Q0:    34.85
Episode: 2492/5000 | Episode reward:   174.93 | Episode steps:  431 | Average reward:   562.67 | Step Count: 5440636 | Episode Q0:    34.85
Episode: 2493/5000 | Episode reward:   517.73 | Episode steps: 1104 | Average reward:   604.65 | Step Count: 5441740 | Episode Q0:    34.85
Episode: 2494/5000 | Episode reward:   553.81 | Episode steps: 1173 | Average reward:   653.47 | Step Count: 5442913 | Episode Q0:    34.85
Episode: 2495/5000 | Episode reward:   262.14 | Episode steps:  519 | Average reward:   669.51 | Step Count: 5443432 | Episode Q0:    34.85
Episode: 2496/5000 | Episode reward:   120.50 | Episode steps:  372 | Average reward:   571.84 | Step Count: 5443804 | Episode Q0:    34.85
Episode: 2497/5000 | Episode reward:   420.36 | Episode steps:  928 | Average reward:   560.49 | Step Count: 5444732 | Episode Q0:    34.85
Episode: 2498/5000 | Episode reward:    73.91 | Episode steps:  205 | Average reward:   495.52 | Step Count: 5444937 | Episode Q0:    34.85
Episode: 2499/5000 | Episode reward:   561.23 | Episode steps: 1157 | Average reward:   492.45 | Step Count: 5446094 | Episode Q0:    34.85
Episode: 2500/5000 | Episode reward:    43.54 | Episode steps:  171 | Average reward:   392.82 | Step Count: 5446265 | Episode Q0:    34.85
Episode: 2501/5000 | Episode reward:   395.48 | Episode steps:  824 | Average reward:   312.36 | Step Count: 5447089 | Episode Q0:    34.85
Episode: 2502/5000 | Episode reward:   111.06 | Episode steps:  247 | Average reward:   305.98 | Step Count: 5447336 | Episode Q0:    34.85
Episode: 2503/5000 | Episode reward:   745.33 | Episode steps: 1538 | Average reward:   328.74 | Step Count: 5448874 | Episode Q0:    34.85
Episode: 2504/5000 | Episode reward:    58.26 | Episode steps:  183 | Average reward:   279.18 | Step Count: 5449057 | Episode Q0:    34.85
Episode: 2505/5000 | Episode reward:   262.61 | Episode steps:  525 | Average reward:   279.23 | Step Count: 5449582 | Episode Q0:    34.85
Episode: 2506/5000 | Episode reward:   213.11 | Episode steps:  464 | Average reward:   288.49 | Step Count: 5450046 | Episode Q0:    34.85
Episode: 2507/5000 | Episode reward:  1061.74 | Episode steps: 2183 | Average reward:   352.63 | Step Count: 5452229 | Episode Q0:    34.85
Episode: 2508/5000 | Episode reward:    47.33 | Episode steps:  185 | Average reward:   349.97 | Step Count: 5452414 | Episode Q0:    34.85
Episode: 2509/5000 | Episode reward:    57.86 | Episode steps:  189 | Average reward:   299.63 | Step Count: 5452603 | Episode Q0:    34.85
Episode: 2510/5000 | Episode reward:    79.53 | Episode steps:  209 | Average reward:   303.23 | Step Count: 5452812 | Episode Q0:    34.85
Episode: 2511/5000 | Episode reward:    41.78 | Episode steps:  166 | Average reward:   267.86 | Step Count: 5452978 | Episode Q0:    34.85
Episode: 2512/5000 | Episode reward:    53.82 | Episode steps:  183 | Average reward:   262.14 | Step Count: 5453161 | Episode Q0:    34.85
Episode: 2513/5000 | Episode reward:   229.19 | Episode steps:  493 | Average reward:   210.52 | Step Count: 5453654 | Episode Q0:    34.85
Episode: 2514/5000 | Episode reward:  1194.66 | Episode steps: 2500 | Average reward:   324.16 | Step Count: 5456154 | Episode Q0:    34.87
Episode: 2515/5000 | Episode reward:  1249.64 | Episode steps: 2500 | Average reward:   422.87 | Step Count: 5458654 | Episode Q0:    34.87
Episode: 2516/5000 | Episode reward:  1186.62 | Episode steps: 2500 | Average reward:   520.22 | Step Count: 5461154 | Episode Q0:    34.87
Episode: 2517/5000 | Episode reward:   574.99 | Episode steps: 1167 | Average reward:   471.54 | Step Count: 5462321 | Episode Q0:    34.87
Episode: 2518/5000 | Episode reward:  1269.08 | Episode steps: 2500 | Average reward:   593.72 | Step Count: 5464821 | Episode Q0:    34.87
Episode: 2519/5000 | Episode reward:   509.67 | Episode steps: 1057 | Average reward:   638.90 | Step Count: 5465878 | Episode Q0:    34.87
Episode: 2520/5000 | Episode reward:    51.18 | Episode steps:  179 | Average reward:   636.06 | Step Count: 5466057 | Episode Q0:    34.87
Episode: 2521/5000 | Episode reward:  1256.61 | Episode steps: 2500 | Average reward:   757.55 | Step Count: 5468557 | Episode Q0:    34.87
Episode: 2522/5000 | Episode reward:  1245.57 | Episode steps: 2500 | Average reward:   876.72 | Step Count: 5471057 | Episode Q0:    34.87
Episode: 2523/5000 | Episode reward:  1173.85 | Episode steps: 2500 | Average reward:   971.19 | Step Count: 5473557 | Episode Q0:    34.87
Episode: 2524/5000 | Episode reward:   109.55 | Episode steps:  252 | Average reward:   862.68 | Step Count: 5473809 | Episode Q0:    34.87
Episode: 2525/5000 | Episode reward:   129.17 | Episode steps:  271 | Average reward:   750.63 | Step Count: 5474080 | Episode Q0:    34.87
Episode: 2526/5000 | Episode reward:    90.97 | Episode steps:  227 | Average reward:   641.07 | Step Count: 5474307 | Episode Q0:    34.87
Episode: 2527/5000 | Episode reward:   661.34 | Episode steps: 1387 | Average reward:   649.70 | Step Count: 5475694 | Episode Q0:    34.87
Episode: 2528/5000 | Episode reward:    90.85 | Episode steps:  225 | Average reward:   531.88 | Step Count: 5475919 | Episode Q0:    34.87
Episode: 2529/5000 | Episode reward:  1235.49 | Episode steps: 2500 | Average reward:   604.46 | Step Count: 5478419 | Episode Q0:    34.87
Episode: 2530/5000 | Episode reward:    68.81 | Episode steps:  201 | Average reward:   606.22 | Step Count: 5478620 | Episode Q0:    34.87
Episode: 2531/5000 | Episode reward:    66.77 | Episode steps:  206 | Average reward:   487.24 | Step Count: 5478826 | Episode Q0:    34.87
Episode: 2532/5000 | Episode reward:  1226.69 | Episode steps: 2500 | Average reward:   485.35 | Step Count: 5481326 | Episode Q0:    34.43
Episode: 2533/5000 | Episode reward:  1251.23 | Episode steps: 2500 | Average reward:   493.09 | Step Count: 5483826 | Episode Q0:    34.43
Episode: 2534/5000 | Episode reward:  1231.17 | Episode steps: 2500 | Average reward:   605.25 | Step Count: 5486326 | Episode Q0:    34.43
Episode: 2535/5000 | Episode reward:  1200.92 | Episode steps: 2500 | Average reward:   712.42 | Step Count: 5488826 | Episode Q0:    34.43
Episode: 2536/5000 | Episode reward:  1224.82 | Episode steps: 2500 | Average reward:   825.81 | Step Count: 5491326 | Episode Q0:    34.43
Episode: 2537/5000 | Episode reward:  1205.32 | Episode steps: 2500 | Average reward:   880.21 | Step Count: 5493826 | Episode Q0:    34.43
Episode: 2538/5000 | Episode reward:  1251.17 | Episode steps: 2500 | Average reward:   996.24 | Step Count: 5496326 | Episode Q0:    34.43
Episode: 2539/5000 | Episode reward:  1263.58 | Episode steps: 2500 | Average reward:   999.05 | Step Count: 5498826 | Episode Q0:    34.43
Episode: 2540/5000 | Episode reward:   854.70 | Episode steps: 1844 | Average reward:  1077.64 | Step Count: 5500670 | Episode Q0:    34.43
Episode: 2541/5000 | Episode reward:   621.71 | Episode steps: 1319 | Average reward:  1133.13 | Step Count: 5501989 | Episode Q0:    34.43
Episode: 2542/5000 | Episode reward:  1257.86 | Episode steps: 2500 | Average reward:  1136.25 | Step Count: 5504489 | Episode Q0:    34.43
Episode: 2543/5000 | Episode reward:  1209.64 | Episode steps: 2500 | Average reward:  1132.09 | Step Count: 5506989 | Episode Q0:    34.43
Episode: 2544/5000 | Episode reward:   595.41 | Episode steps: 1335 | Average reward:  1068.51 | Step Count: 5508324 | Episode Q0:    34.43
Episode: 2545/5000 | Episode reward:  1271.89 | Episode steps: 2500 | Average reward:  1075.61 | Step Count: 5510824 | Episode Q0:    34.43
Episode: 2546/5000 | Episode reward:   298.80 | Episode steps:  746 | Average reward:   983.01 | Step Count: 5511570 | Episode Q0:    34.43
Episode: 2547/5000 | Episode reward:   148.51 | Episode steps:  311 | Average reward:   877.33 | Step Count: 5511881 | Episode Q0:    34.43
Episode: 2548/5000 | Episode reward:  1207.29 | Episode steps: 2500 | Average reward:   872.94 | Step Count: 5514381 | Episode Q0:    34.43
Episode: 2549/5000 | Episode reward:  1303.23 | Episode steps: 2500 | Average reward:   876.90 | Step Count: 5516881 | Episode Q0:    34.43
Episode: 2550/5000 | Episode reward:   429.56 | Episode steps:  887 | Average reward:   834.39 | Step Count: 5517768 | Episode Q0:    34.43
Episode: 2551/5000 | Episode reward:    85.51 | Episode steps:  217 | Average reward:   780.77 | Step Count: 5517985 | Episode Q0:    34.43
Episode: 2552/5000 | Episode reward:  1267.96 | Episode steps: 2500 | Average reward:   781.78 | Step Count: 5520485 | Episode Q0:    34.43
Episode: 2553/5000 | Episode reward:    78.18 | Episode steps:  213 | Average reward:   668.63 | Step Count: 5520698 | Episode Q0:    34.43
Episode: 2554/5000 | Episode reward:  1185.64 | Episode steps: 2500 | Average reward:   727.66 | Step Count: 5523198 | Episode Q0:    34.43
Episode: 2555/5000 | Episode reward:   241.18 | Episode steps:  509 | Average reward:   624.59 | Step Count: 5523707 | Episode Q0:    34.43
Episode: 2556/5000 | Episode reward:  1209.34 | Episode steps: 2500 | Average reward:   715.64 | Step Count: 5526207 | Episode Q0:    34.43
Episode: 2557/5000 | Episode reward:   638.92 | Episode steps: 1247 | Average reward:   764.68 | Step Count: 5527454 | Episode Q0:    34.43
Episode: 2558/5000 | Episode reward:    81.23 | Episode steps:  216 | Average reward:   652.07 | Step Count: 5527670 | Episode Q0:    34.43
Episode: 2559/5000 | Episode reward:  1300.15 | Episode steps: 2500 | Average reward:   651.77 | Step Count: 5530170 | Episode Q0:    33.95
Episode: 2560/5000 | Episode reward:   375.70 | Episode steps:  814 | Average reward:   646.38 | Step Count: 5530984 | Episode Q0:    33.95
Episode: 2561/5000 | Episode reward:  1291.62 | Episode steps: 2500 | Average reward:   766.99 | Step Count: 5533484 | Episode Q0:    33.95
Episode: 2562/5000 | Episode reward:   909.20 | Episode steps: 1798 | Average reward:   731.12 | Step Count: 5535282 | Episode Q0:    33.95
Episode: 2563/5000 | Episode reward:  1189.90 | Episode steps: 2500 | Average reward:   842.29 | Step Count: 5537782 | Episode Q0:    33.95
Episode: 2564/5000 | Episode reward:  1245.81 | Episode steps: 2500 | Average reward:   848.30 | Step Count: 5540282 | Episode Q0:    33.95
Episode: 2565/5000 | Episode reward:  1264.64 | Episode steps: 2500 | Average reward:   950.65 | Step Count: 5542782 | Episode Q0:    33.95
Episode: 2566/5000 | Episode reward:    81.81 | Episode steps:  229 | Average reward:   837.90 | Step Count: 5543011 | Episode Q0:    33.95
Episode: 2567/5000 | Episode reward:  1282.07 | Episode steps: 2500 | Average reward:   902.21 | Step Count: 5545511 | Episode Q0:    33.95
Episode: 2568/5000 | Episode reward:  1294.51 | Episode steps: 2500 | Average reward:  1023.54 | Step Count: 5548011 | Episode Q0:    33.95
Episode: 2569/5000 | Episode reward:  1309.18 | Episode steps: 2500 | Average reward:  1024.44 | Step Count: 5550511 | Episode Q0:    33.95
Episode: 2570/5000 | Episode reward:  1280.26 | Episode steps: 2500 | Average reward:  1114.90 | Step Count: 5553011 | Episode Q0:    33.95
Episode: 2571/5000 | Episode reward:  1298.49 | Episode steps: 2500 | Average reward:  1115.59 | Step Count: 5555511 | Episode Q0:    33.95
Episode: 2572/5000 | Episode reward:  1271.70 | Episode steps: 2500 | Average reward:  1151.84 | Step Count: 5558011 | Episode Q0:    33.95
Episode: 2573/5000 | Episode reward:    72.27 | Episode steps:  201 | Average reward:  1040.07 | Step Count: 5558212 | Episode Q0:    33.95
Episode: 2574/5000 | Episode reward:  1322.94 | Episode steps: 2500 | Average reward:  1047.79 | Step Count: 5560712 | Episode Q0:    33.95
Episode: 2575/5000 | Episode reward:  1290.94 | Episode steps: 2500 | Average reward:  1050.42 | Step Count: 5563212 | Episode Q0:    33.95
Episode: 2576/5000 | Episode reward:  1120.26 | Episode steps: 2500 | Average reward:  1154.26 | Step Count: 5565712 | Episode Q0:    34.71
Episode: 2577/5000 | Episode reward:   927.84 | Episode steps: 2500 | Average reward:  1118.84 | Step Count: 5568212 | Episode Q0:    34.71
Episode: 2578/5000 | Episode reward:  1166.29 | Episode steps: 2500 | Average reward:  1106.02 | Step Count: 5570712 | Episode Q0:    34.71
Episode: 2579/5000 | Episode reward:  1125.02 | Episode steps: 2500 | Average reward:  1087.60 | Step Count: 5573212 | Episode Q0:    34.71
Episode: 2580/5000 | Episode reward:  1003.60 | Episode steps: 2500 | Average reward:  1059.93 | Step Count: 5575712 | Episode Q0:    34.71
Episode: 2581/5000 | Episode reward:   976.61 | Episode steps: 2500 | Average reward:  1027.75 | Step Count: 5578212 | Episode Q0:    34.71
Episode: 2582/5000 | Episode reward:  1121.36 | Episode steps: 2500 | Average reward:  1012.71 | Step Count: 5580712 | Episode Q0:    34.71
Episode: 2583/5000 | Episode reward:  1008.64 | Episode steps: 2500 | Average reward:  1106.35 | Step Count: 5583212 | Episode Q0:    34.71
Episode: 2584/5000 | Episode reward:  1025.99 | Episode steps: 2500 | Average reward:  1076.65 | Step Count: 5585712 | Episode Q0:    34.71
Episode: 2585/5000 | Episode reward:   633.94 | Episode steps: 1481 | Average reward:  1010.95 | Step Count: 5587193 | Episode Q0:    34.71
Episode: 2586/5000 | Episode reward:  1052.92 | Episode steps: 2500 | Average reward:  1004.22 | Step Count: 5589693 | Episode Q0:    34.71
Episode: 2587/5000 | Episode reward:  1003.21 | Episode steps: 2500 | Average reward:  1011.76 | Step Count: 5592193 | Episode Q0:    34.71
Episode: 2588/5000 | Episode reward:   641.20 | Episode steps: 1621 | Average reward:   959.25 | Step Count: 5593814 | Episode Q0:    34.71
Episode: 2589/5000 | Episode reward:   725.49 | Episode steps: 1955 | Average reward:   919.30 | Step Count: 5595769 | Episode Q0:    34.71
Episode: 2590/5000 | Episode reward:   906.56 | Episode steps: 2500 | Average reward:   909.59 | Step Count: 5598269 | Episode Q0:    34.71
Episode: 2591/5000 | Episode reward:   449.63 | Episode steps: 1075 | Average reward:   856.89 | Step Count: 5599344 | Episode Q0:    34.71
Episode: 2592/5000 | Episode reward:  1169.22 | Episode steps: 2500 | Average reward:   861.68 | Step Count: 5601844 | Episode Q0:    34.71
Episode: 2593/5000 | Episode reward:  1008.45 | Episode steps: 2500 | Average reward:   861.66 | Step Count: 5604344 | Episode Q0:    34.71
Episode: 2594/5000 | Episode reward:   283.76 | Episode steps:  627 | Average reward:   787.44 | Step Count: 5604971 | Episode Q0:    34.71
Episode: 2595/5000 | Episode reward:   988.92 | Episode steps: 2326 | Average reward:   822.94 | Step Count: 5607297 | Episode Q0:    34.71
Episode: 2596/5000 | Episode reward:   844.39 | Episode steps: 2166 | Average reward:   802.08 | Step Count: 5609463 | Episode Q0:    34.71
Episode: 2597/5000 | Episode reward:   691.16 | Episode steps: 1557 | Average reward:   770.88 | Step Count: 5611020 | Episode Q0:    34.71
Episode: 2598/5000 | Episode reward:   650.48 | Episode steps: 1461 | Average reward:   771.80 | Step Count: 5612481 | Episode Q0:    34.71
Episode: 2599/5000 | Episode reward:  1050.81 | Episode steps: 2500 | Average reward:   804.34 | Step Count: 5614981 | Episode Q0:    34.71
Episode: 2600/5000 | Episode reward:   327.25 | Episode steps:  802 | Average reward:   746.41 | Step Count: 5615783 | Episode Q0:    34.71
Episode: 2601/5000 | Episode reward:   300.86 | Episode steps:  782 | Average reward:   731.53 | Step Count: 5616565 | Episode Q0:    34.71
Episode: 2602/5000 | Episode reward:  1044.00 | Episode steps: 2500 | Average reward:   719.01 | Step Count: 5619065 | Episode Q0:    34.71
Episode: 2603/5000 | Episode reward:  1231.84 | Episode steps: 2500 | Average reward:   741.35 | Step Count: 5621565 | Episode Q0:    34.46
Episode: 2604/5000 | Episode reward:  1249.99 | Episode steps: 2500 | Average reward:   837.97 | Step Count: 5624065 | Episode Q0:    34.46
Episode: 2605/5000 | Episode reward:   730.14 | Episode steps: 1471 | Average reward:   812.09 | Step Count: 5625536 | Episode Q0:    34.46
Episode: 2606/5000 | Episode reward:   810.62 | Episode steps: 1653 | Average reward:   808.72 | Step Count: 5627189 | Episode Q0:    34.46
Episode: 2607/5000 | Episode reward:  1218.38 | Episode steps: 2500 | Average reward:   861.44 | Step Count: 5629689 | Episode Q0:    34.46
Episode: 2608/5000 | Episode reward:  1258.07 | Episode steps: 2500 | Average reward:   922.20 | Step Count: 5632189 | Episode Q0:    34.46
Episode: 2609/5000 | Episode reward:  1221.72 | Episode steps: 2500 | Average reward:   939.29 | Step Count: 5634689 | Episode Q0:    34.46
Episode: 2610/5000 | Episode reward:   842.47 | Episode steps: 1699 | Average reward:   990.81 | Step Count: 5636388 | Episode Q0:    34.46
Episode: 2611/5000 | Episode reward:  1172.23 | Episode steps: 2500 | Average reward:  1077.95 | Step Count: 5638888 | Episode Q0:    34.46
Episode: 2612/5000 | Episode reward:   812.38 | Episode steps: 1815 | Average reward:  1054.78 | Step Count: 5640703 | Episode Q0:    34.46
Episode: 2613/5000 | Episode reward:  1231.34 | Episode steps: 2500 | Average reward:  1054.73 | Step Count: 5643203 | Episode Q0:    34.46
Episode: 2614/5000 | Episode reward:  1193.86 | Episode steps: 2500 | Average reward:  1049.12 | Step Count: 5645703 | Episode Q0:    34.46
Episode: 2615/5000 | Episode reward:   111.23 | Episode steps:  254 | Average reward:   987.23 | Step Count: 5645957 | Episode Q0:    34.46
Episode: 2616/5000 | Episode reward:   882.54 | Episode steps: 2020 | Average reward:   994.42 | Step Count: 5647977 | Episode Q0:    34.46
Episode: 2617/5000 | Episode reward:  1172.80 | Episode steps: 2500 | Average reward:   989.86 | Step Count: 5650477 | Episode Q0:    34.46
Episode: 2618/5000 | Episode reward:  1177.45 | Episode steps: 2500 | Average reward:   981.80 | Step Count: 5652977 | Episode Q0:    34.46
Episode: 2619/5000 | Episode reward:  1225.59 | Episode steps: 2500 | Average reward:   982.19 | Step Count: 5655477 | Episode Q0:    34.46
Episode: 2620/5000 | Episode reward:   689.41 | Episode steps: 1390 | Average reward:   966.88 | Step Count: 5656867 | Episode Q0:    35.44
Episode: 2621/5000 | Episode reward:  1222.33 | Episode steps: 2500 | Average reward:   971.89 | Step Count: 5659367 | Episode Q0:    35.44
Episode: 2622/5000 | Episode reward:  1248.68 | Episode steps: 2500 | Average reward:  1015.52 | Step Count: 5661867 | Episode Q0:    35.44
Episode: 2623/5000 | Episode reward:  1236.28 | Episode steps: 2500 | Average reward:  1016.02 | Step Count: 5664367 | Episode Q0:    35.44
Episode: 2624/5000 | Episode reward:  1229.05 | Episode steps: 2500 | Average reward:  1019.54 | Step Count: 5666867 | Episode Q0:    35.44
Episode: 2625/5000 | Episode reward:  1151.26 | Episode steps: 2500 | Average reward:  1123.54 | Step Count: 5669367 | Episode Q0:    35.44
Episode: 2626/5000 | Episode reward:  1249.75 | Episode steps: 2500 | Average reward:  1160.26 | Step Count: 5671867 | Episode Q0:    35.44
Episode: 2627/5000 | Episode reward:  1203.80 | Episode steps: 2500 | Average reward:  1163.36 | Step Count: 5674367 | Episode Q0:    35.44
Episode: 2628/5000 | Episode reward:  1253.55 | Episode steps: 2500 | Average reward:  1170.97 | Step Count: 5676867 | Episode Q0:    35.44
Episode: 2629/5000 | Episode reward:  1146.90 | Episode steps: 2500 | Average reward:  1163.10 | Step Count: 5679367 | Episode Q0:    35.44
Episode: 2630/5000 | Episode reward:  1230.52 | Episode steps: 2500 | Average reward:  1217.21 | Step Count: 5681867 | Episode Q0:    35.44
Episode: 2631/5000 | Episode reward:  1253.13 | Episode steps: 2500 | Average reward:  1220.29 | Step Count: 5684367 | Episode Q0:    35.44
Episode: 2632/5000 | Episode reward:  1217.23 | Episode steps: 2500 | Average reward:  1217.15 | Step Count: 5686867 | Episode Q0:    35.44
Episode: 2633/5000 | Episode reward:  1189.85 | Episode steps: 2500 | Average reward:  1212.50 | Step Count: 5689367 | Episode Q0:    35.44
Episode: 2634/5000 | Episode reward:   778.11 | Episode steps: 1667 | Average reward:  1167.41 | Step Count: 5691034 | Episode Q0:    35.44
Episode: 2635/5000 | Episode reward:  1236.79 | Episode steps: 2500 | Average reward:  1175.96 | Step Count: 5693534 | Episode Q0:    35.44
Episode: 2636/5000 | Episode reward:  1234.32 | Episode steps: 2500 | Average reward:  1174.42 | Step Count: 5696034 | Episode Q0:    35.44
Episode: 2637/5000 | Episode reward:  1213.61 | Episode steps: 2500 | Average reward:  1175.40 | Step Count: 5698534 | Episode Q0:    35.44
Episode: 2638/5000 | Episode reward:  1239.78 | Episode steps: 2500 | Average reward:  1174.02 | Step Count: 5701034 | Episode Q0:    35.44
Episode: 2639/5000 | Episode reward:  1226.94 | Episode steps: 2500 | Average reward:  1182.03 | Step Count: 5703534 | Episode Q0:    35.44
Episode: 2640/5000 | Episode reward:  1222.94 | Episode steps: 2500 | Average reward:  1181.27 | Step Count: 5706034 | Episode Q0:    35.44
Episode: 2641/5000 | Episode reward:  1209.57 | Episode steps: 2500 | Average reward:  1176.91 | Step Count: 5708534 | Episode Q0:    35.44
Episode: 2642/5000 | Episode reward:   965.78 | Episode steps: 1966 | Average reward:  1151.77 | Step Count: 5710500 | Episode Q0:    35.44
Episode: 2643/5000 | Episode reward:  1233.77 | Episode steps: 2500 | Average reward:  1156.16 | Step Count: 5713000 | Episode Q0:    35.44
Episode: 2644/5000 | Episode reward:  1235.79 | Episode steps: 2500 | Average reward:  1201.93 | Step Count: 5715500 | Episode Q0:    35.44
Episode: 2645/5000 | Episode reward:  1216.12 | Episode steps: 2500 | Average reward:  1199.86 | Step Count: 5718000 | Episode Q0:    35.44
Episode: 2646/5000 | Episode reward:  1208.56 | Episode steps: 2500 | Average reward:  1197.29 | Step Count: 5720500 | Episode Q0:    35.44
Episode: 2647/5000 | Episode reward:  1277.94 | Episode steps: 2500 | Average reward:  1203.72 | Step Count: 5723000 | Episode Q0:    34.34
Episode: 2648/5000 | Episode reward:  1171.78 | Episode steps: 2500 | Average reward:  1196.92 | Step Count: 5725500 | Episode Q0:    34.34
Episode: 2649/5000 | Episode reward:  1203.18 | Episode steps: 2500 | Average reward:  1194.54 | Step Count: 5728000 | Episode Q0:    34.34
Episode: 2650/5000 | Episode reward:  1277.05 | Episode steps: 2500 | Average reward:  1199.95 | Step Count: 5730500 | Episode Q0:    34.34
Episode: 2651/5000 | Episode reward:  1283.08 | Episode steps: 2500 | Average reward:  1207.31 | Step Count: 5733000 | Episode Q0:    34.34
Episode: 2652/5000 | Episode reward:  1269.33 | Episode steps: 2500 | Average reward:  1237.66 | Step Count: 5735500 | Episode Q0:    34.34
Episode: 2653/5000 | Episode reward:  1226.91 | Episode steps: 2500 | Average reward:  1236.97 | Step Count: 5738000 | Episode Q0:    34.34
Episode: 2654/5000 | Episode reward:  1303.13 | Episode steps: 2500 | Average reward:  1243.71 | Step Count: 5740500 | Episode Q0:    34.34
Episode: 2655/5000 | Episode reward:  1319.07 | Episode steps: 2500 | Average reward:  1254.00 | Step Count: 5743000 | Episode Q0:    34.34
Episode: 2656/5000 | Episode reward:  1271.97 | Episode steps: 2500 | Average reward:  1260.34 | Step Count: 5745500 | Episode Q0:    34.34
Episode: 2657/5000 | Episode reward:  1197.04 | Episode steps: 2500 | Average reward:  1252.25 | Step Count: 5748000 | Episode Q0:    34.34
Episode: 2658/5000 | Episode reward:  1216.42 | Episode steps: 2500 | Average reward:  1256.72 | Step Count: 5750500 | Episode Q0:    34.34
Episode: 2659/5000 | Episode reward:  1273.35 | Episode steps: 2500 | Average reward:  1263.73 | Step Count: 5753000 | Episode Q0:    34.34
Episode: 2660/5000 | Episode reward:  1296.99 | Episode steps: 2500 | Average reward:  1265.73 | Step Count: 5755500 | Episode Q0:    34.34
Episode: 2661/5000 | Episode reward:  1340.91 | Episode steps: 2500 | Average reward:  1271.51 | Step Count: 5758000 | Episode Q0:    34.34
Episode: 2662/5000 | Episode reward:  1236.14 | Episode steps: 2500 | Average reward:  1268.19 | Step Count: 5760500 | Episode Q0:    34.34
Episode: 2663/5000 | Episode reward:  1289.37 | Episode steps: 2500 | Average reward:  1274.44 | Step Count: 5763000 | Episode Q0:    34.34
Episode: 2664/5000 | Episode reward:  1288.65 | Episode steps: 2500 | Average reward:  1272.99 | Step Count: 5765500 | Episode Q0:    34.15
Episode: 2665/5000 | Episode reward:  1259.58 | Episode steps: 2500 | Average reward:  1267.04 | Step Count: 5768000 | Episode Q0:    34.15
Episode: 2666/5000 | Episode reward:  1267.93 | Episode steps: 2500 | Average reward:  1266.64 | Step Count: 5770500 | Episode Q0:    34.15
Episode: 2667/5000 | Episode reward:  1323.37 | Episode steps: 2500 | Average reward:  1279.27 | Step Count: 5773000 | Episode Q0:    34.15
Episode: 2668/5000 | Episode reward:  1261.31 | Episode steps: 2500 | Average reward:  1283.76 | Step Count: 5775500 | Episode Q0:    34.15
Episode: 2669/5000 | Episode reward:  1247.16 | Episode steps: 2500 | Average reward:  1281.14 | Step Count: 5778000 | Episode Q0:    34.15
Episode: 2670/5000 | Episode reward:  1283.85 | Episode steps: 2500 | Average reward:  1279.83 | Step Count: 5780500 | Episode Q0:    34.15
Episode: 2671/5000 | Episode reward:  1229.54 | Episode steps: 2500 | Average reward:  1268.69 | Step Count: 5783000 | Episode Q0:    34.15
Episode: 2672/5000 | Episode reward:  1304.42 | Episode steps: 2500 | Average reward:  1275.52 | Step Count: 5785500 | Episode Q0:    34.15
Episode: 2673/5000 | Episode reward:  1269.72 | Episode steps: 2500 | Average reward:  1273.55 | Step Count: 5788000 | Episode Q0:    34.15
Episode: 2674/5000 | Episode reward:  1280.29 | Episode steps: 2500 | Average reward:  1272.72 | Step Count: 5790500 | Episode Q0:    34.15
Episode: 2675/5000 | Episode reward:  1294.08 | Episode steps: 2500 | Average reward:  1276.17 | Step Count: 5793000 | Episode Q0:    34.15
Episode: 2676/5000 | Episode reward:  1301.67 | Episode steps: 2500 | Average reward:  1279.54 | Step Count: 5795500 | Episode Q0:    34.15
Episode: 2677/5000 | Episode reward:  1269.20 | Episode steps: 2500 | Average reward:  1274.12 | Step Count: 5798000 | Episode Q0:    34.15
Episode: 2678/5000 | Episode reward:  1274.54 | Episode steps: 2500 | Average reward:  1275.45 | Step Count: 5800500 | Episode Q0:    34.15
Episode: 2679/5000 | Episode reward:  1334.87 | Episode steps: 2500 | Average reward:  1284.22 | Step Count: 5803000 | Episode Q0:    34.15
Episode: 2680/5000 | Episode reward:  1302.37 | Episode steps: 2500 | Average reward:  1286.07 | Step Count: 5805500 | Episode Q0:    34.15
Episode: 2681/5000 | Episode reward:  1285.89 | Episode steps: 2500 | Average reward:  1291.70 | Step Count: 5808000 | Episode Q0:    34.15
Episode: 2682/5000 | Episode reward:  1239.11 | Episode steps: 2500 | Average reward:  1285.17 | Step Count: 5810500 | Episode Q0:    34.15
Episode: 2683/5000 | Episode reward:  1255.67 | Episode steps: 2500 | Average reward:  1283.77 | Step Count: 5813000 | Episode Q0:    34.15
Episode: 2684/5000 | Episode reward:  1284.94 | Episode steps: 2500 | Average reward:  1284.23 | Step Count: 5815500 | Episode Q0:    34.15
Episode: 2685/5000 | Episode reward:  1301.89 | Episode steps: 2500 | Average reward:  1285.01 | Step Count: 5818000 | Episode Q0:    34.15
Episode: 2686/5000 | Episode reward:  1281.24 | Episode steps: 2500 | Average reward:  1282.97 | Step Count: 5820500 | Episode Q0:    34.15
Episode: 2687/5000 | Episode reward:  1261.10 | Episode steps: 2500 | Average reward:  1282.16 | Step Count: 5823000 | Episode Q0:    34.15
Episode: 2688/5000 | Episode reward:  1303.67 | Episode steps: 2500 | Average reward:  1285.07 | Step Count: 5825500 | Episode Q0:    34.15
Episode: 2689/5000 | Episode reward:  1278.79 | Episode steps: 2500 | Average reward:  1279.47 | Step Count: 5828000 | Episode Q0:    34.15
Episode: 2690/5000 | Episode reward:  1307.18 | Episode steps: 2500 | Average reward:  1279.95 | Step Count: 5830500 | Episode Q0:    34.15
Episode: 2691/5000 | Episode reward:  1173.99 | Episode steps: 2500 | Average reward:  1268.76 | Step Count: 5833000 | Episode Q0:    36.04
Episode: 2692/5000 | Episode reward:  1027.20 | Episode steps: 2500 | Average reward:  1247.57 | Step Count: 5835500 | Episode Q0:    36.04
Episode: 2693/5000 | Episode reward:  1282.93 | Episode steps: 2500 | Average reward:  1250.29 | Step Count: 5838000 | Episode Q0:    36.04
Episode: 2694/5000 | Episode reward:  1141.13 | Episode steps: 2500 | Average reward:  1235.91 | Step Count: 5840500 | Episode Q0:    36.04
Episode: 2695/5000 | Episode reward:  1157.46 | Episode steps: 2500 | Average reward:  1221.47 | Step Count: 5843000 | Episode Q0:    36.04
Episode: 2696/5000 | Episode reward:  1271.42 | Episode steps: 2500 | Average reward:  1220.49 | Step Count: 5845500 | Episode Q0:    36.04
Episode: 2697/5000 | Episode reward:  1224.97 | Episode steps: 2500 | Average reward:  1216.87 | Step Count: 5848000 | Episode Q0:    36.04
Episode: 2698/5000 | Episode reward:  1153.09 | Episode steps: 2500 | Average reward:  1201.82 | Step Count: 5850500 | Episode Q0:    36.04
Episode: 2699/5000 | Episode reward:  1039.02 | Episode steps: 2500 | Average reward:  1177.84 | Step Count: 5853000 | Episode Q0:    36.04
Episode: 2700/5000 | Episode reward:  1237.18 | Episode steps: 2500 | Average reward:  1170.84 | Step Count: 5855500 | Episode Q0:    36.04
Episode: 2701/5000 | Episode reward:  1306.47 | Episode steps: 2500 | Average reward:  1184.09 | Step Count: 5858000 | Episode Q0:    36.04
Episode: 2702/5000 | Episode reward:  1037.73 | Episode steps: 2500 | Average reward:  1185.14 | Step Count: 5860500 | Episode Q0:    36.04
Episode: 2703/5000 | Episode reward:  1026.81 | Episode steps: 2500 | Average reward:  1159.53 | Step Count: 5863000 | Episode Q0:    36.04
Episode: 2704/5000 | Episode reward:   985.99 | Episode steps: 2500 | Average reward:  1144.01 | Step Count: 5865500 | Episode Q0:    36.04
Episode: 2705/5000 | Episode reward:  1098.84 | Episode steps: 2500 | Average reward:  1138.15 | Step Count: 5868000 | Episode Q0:    36.04
Episode: 2706/5000 | Episode reward:  1137.42 | Episode steps: 2500 | Average reward:  1124.75 | Step Count: 5870500 | Episode Q0:    36.04
Episode: 2707/5000 | Episode reward:  1201.48 | Episode steps: 2500 | Average reward:  1122.40 | Step Count: 5873000 | Episode Q0:    36.04
Episode: 2708/5000 | Episode reward:  1110.53 | Episode steps: 2500 | Average reward:  1118.15 | Step Count: 5875500 | Episode Q0:    36.63
Episode: 2709/5000 | Episode reward:  1086.76 | Episode steps: 2500 | Average reward:  1122.92 | Step Count: 5878000 | Episode Q0:    36.63
Episode: 2710/5000 | Episode reward:  1190.71 | Episode steps: 2500 | Average reward:  1118.27 | Step Count: 5880500 | Episode Q0:    36.63
Episode: 2711/5000 | Episode reward:  1153.66 | Episode steps: 2500 | Average reward:  1102.99 | Step Count: 5883000 | Episode Q0:    36.63
Episode: 2712/5000 | Episode reward:  1166.81 | Episode steps: 2500 | Average reward:  1115.90 | Step Count: 5885500 | Episode Q0:    36.63
Episode: 2713/5000 | Episode reward:  1282.19 | Episode steps: 2500 | Average reward:  1141.44 | Step Count: 5888000 | Episode Q0:    36.63
Episode: 2714/5000 | Episode reward:  1011.73 | Episode steps: 2500 | Average reward:  1144.01 | Step Count: 5890500 | Episode Q0:    36.63
Episode: 2715/5000 | Episode reward:  1197.72 | Episode steps: 2500 | Average reward:  1153.90 | Step Count: 5893000 | Episode Q0:    36.63
Episode: 2716/5000 | Episode reward:  1123.57 | Episode steps: 2500 | Average reward:  1152.52 | Step Count: 5895500 | Episode Q0:    36.63
Episode: 2717/5000 | Episode reward:  1115.31 | Episode steps: 2500 | Average reward:  1143.90 | Step Count: 5898000 | Episode Q0:    36.63
Episode: 2718/5000 | Episode reward:  1106.02 | Episode steps: 2500 | Average reward:  1143.45 | Step Count: 5900500 | Episode Q0:    36.63
Episode: 2719/5000 | Episode reward:  1146.27 | Episode steps: 2500 | Average reward:  1149.40 | Step Count: 5903000 | Episode Q0:    36.63
Episode: 2720/5000 | Episode reward:  1226.56 | Episode steps: 2500 | Average reward:  1152.98 | Step Count: 5905500 | Episode Q0:    36.63
Episode: 2721/5000 | Episode reward:  1193.86 | Episode steps: 2500 | Average reward:  1157.00 | Step Count: 5908000 | Episode Q0:    36.63
Episode: 2722/5000 | Episode reward:  1065.36 | Episode steps: 2500 | Average reward:  1146.86 | Step Count: 5910500 | Episode Q0:    36.63
Episode: 2723/5000 | Episode reward:  1189.09 | Episode steps: 2500 | Average reward:  1137.55 | Step Count: 5913000 | Episode Q0:    36.63
Episode: 2724/5000 | Episode reward:  1074.58 | Episode steps: 2500 | Average reward:  1143.83 | Step Count: 5915500 | Episode Q0:    36.63
Episode: 2725/5000 | Episode reward:  1048.63 | Episode steps: 2500 | Average reward:  1128.93 | Step Count: 5918000 | Episode Q0:    36.63
Episode: 2726/5000 | Episode reward:  1234.89 | Episode steps: 2500 | Average reward:  1140.06 | Step Count: 5920500 | Episode Q0:    36.63
Episode: 2727/5000 | Episode reward:  1136.99 | Episode steps: 2500 | Average reward:  1142.23 | Step Count: 5923000 | Episode Q0:    36.63
Episode: 2728/5000 | Episode reward:  1182.43 | Episode steps: 2500 | Average reward:  1149.87 | Step Count: 5925500 | Episode Q0:    36.63
Episode: 2729/5000 | Episode reward:  1212.46 | Episode steps: 2500 | Average reward:  1156.49 | Step Count: 5928000 | Episode Q0:    36.63
Episode: 2730/5000 | Episode reward:  1197.26 | Episode steps: 2500 | Average reward:  1153.56 | Step Count: 5930500 | Episode Q0:    36.63
Episode: 2731/5000 | Episode reward:  1261.52 | Episode steps: 2500 | Average reward:  1160.32 | Step Count: 5933000 | Episode Q0:    36.63
Episode: 2732/5000 | Episode reward:  1216.76 | Episode steps: 2500 | Average reward:  1175.46 | Step Count: 5935500 | Episode Q0:    36.63
Episode: 2733/5000 | Episode reward:  1207.77 | Episode steps: 2500 | Average reward:  1177.33 | Step Count: 5938000 | Episode Q0:    36.63
Episode: 2734/5000 | Episode reward:  1060.28 | Episode steps: 2500 | Average reward:  1175.90 | Step Count: 5940500 | Episode Q0:    36.63
Episode: 2735/5000 | Episode reward:  1127.99 | Episode steps: 2500 | Average reward:  1183.83 | Step Count: 5943000 | Episode Q0:    37.19
Episode: 2736/5000 | Episode reward:  1120.86 | Episode steps: 2500 | Average reward:  1172.43 | Step Count: 5945500 | Episode Q0:    37.19
Episode: 2737/5000 | Episode reward:  1125.61 | Episode steps: 2500 | Average reward:  1171.29 | Step Count: 5948000 | Episode Q0:    37.19
Episode: 2738/5000 | Episode reward:  1084.97 | Episode steps: 2500 | Average reward:  1161.55 | Step Count: 5950500 | Episode Q0:    37.19
Episode: 2739/5000 | Episode reward:  1237.21 | Episode steps: 2500 | Average reward:  1164.02 | Step Count: 5953000 | Episode Q0:    37.19
Episode: 2740/5000 | Episode reward:  1161.25 | Episode steps: 2500 | Average reward:  1160.42 | Step Count: 5955500 | Episode Q0:    37.19
Episode: 2741/5000 | Episode reward:  1230.94 | Episode steps: 2500 | Average reward:  1157.36 | Step Count: 5958000 | Episode Q0:    37.19
Episode: 2742/5000 | Episode reward:  1211.79 | Episode steps: 2500 | Average reward:  1156.86 | Step Count: 5960500 | Episode Q0:    37.19
Episode: 2743/5000 | Episode reward:  1256.31 | Episode steps: 2500 | Average reward:  1161.72 | Step Count: 5963000 | Episode Q0:    37.19
Episode: 2744/5000 | Episode reward:  1127.92 | Episode steps: 2500 | Average reward:  1168.48 | Step Count: 5965500 | Episode Q0:    37.19
Episode: 2745/5000 | Episode reward:  1095.63 | Episode steps: 2500 | Average reward:  1165.25 | Step Count: 5968000 | Episode Q0:    37.19
Episode: 2746/5000 | Episode reward:  1073.01 | Episode steps: 2500 | Average reward:  1160.46 | Step Count: 5970500 | Episode Q0:    37.19
Episode: 2747/5000 | Episode reward:  1182.05 | Episode steps: 2500 | Average reward:  1166.11 | Step Count: 5973000 | Episode Q0:    37.19
Episode: 2748/5000 | Episode reward:  1224.50 | Episode steps: 2500 | Average reward:  1180.06 | Step Count: 5975500 | Episode Q0:    37.19
Episode: 2749/5000 | Episode reward:  1121.74 | Episode steps: 2500 | Average reward:  1168.51 | Step Count: 5978000 | Episode Q0:    37.19
Episode: 2750/5000 | Episode reward:  1207.27 | Episode steps: 2500 | Average reward:  1173.12 | Step Count: 5980500 | Episode Q0:    37.19
Episode: 2751/5000 | Episode reward:  1004.81 | Episode steps: 2500 | Average reward:  1150.50 | Step Count: 5983000 | Episode Q0:    37.19
Episode: 2752/5000 | Episode reward:  1077.02 | Episode steps: 2500 | Average reward:  1137.03 | Step Count: 5985500 | Episode Q0:    37.48
Episode: 2753/5000 | Episode reward:   955.39 | Episode steps: 2500 | Average reward:  1106.93 | Step Count: 5988000 | Episode Q0:    37.48
Episode: 2754/5000 | Episode reward:   967.12 | Episode steps: 2500 | Average reward:  1090.85 | Step Count: 5990500 | Episode Q0:    37.48
Episode: 2755/5000 | Episode reward:  1022.30 | Episode steps: 2500 | Average reward:  1083.52 | Step Count: 5993000 | Episode Q0:    37.48
Episode: 2756/5000 | Episode reward:  1092.24 | Episode steps: 2500 | Average reward:  1085.44 | Step Count: 5995500 | Episode Q0:    37.48
Episode: 2757/5000 | Episode reward:  1113.82 | Episode steps: 2500 | Average reward:  1078.62 | Step Count: 5998000 | Episode Q0:    37.48
Episode: 2758/5000 | Episode reward:   946.67 | Episode steps: 2500 | Average reward:  1050.84 | Step Count: 6000500 | Episode Q0:    37.48
Episode: 2759/5000 | Episode reward:  1095.46 | Episode steps: 2500 | Average reward:  1048.21 | Step Count: 6003000 | Episode Q0:    37.48
Episode: 2760/5000 | Episode reward:  1086.50 | Episode steps: 2500 | Average reward:  1036.13 | Step Count: 6005500 | Episode Q0:    37.48
Episode: 2761/5000 | Episode reward:   950.12 | Episode steps: 2500 | Average reward:  1030.66 | Step Count: 6008000 | Episode Q0:    37.48
Episode: 2762/5000 | Episode reward:   969.60 | Episode steps: 2500 | Average reward:  1019.92 | Step Count: 6010500 | Episode Q0:    37.48
Episode: 2763/5000 | Episode reward:  1085.95 | Episode steps: 2500 | Average reward:  1032.98 | Step Count: 6013000 | Episode Q0:    37.48
Episode: 2764/5000 | Episode reward:  1095.42 | Episode steps: 2500 | Average reward:  1045.81 | Step Count: 6015500 | Episode Q0:    37.48
Episode: 2765/5000 | Episode reward:  1005.12 | Episode steps: 2500 | Average reward:  1044.09 | Step Count: 6018000 | Episode Q0:    37.48
Episode: 2766/5000 | Episode reward:  1054.51 | Episode steps: 2500 | Average reward:  1040.32 | Step Count: 6020500 | Episode Q0:    37.48
Episode: 2767/5000 | Episode reward:  1007.82 | Episode steps: 2500 | Average reward:  1029.72 | Step Count: 6023000 | Episode Q0:    37.48
Episode: 2768/5000 | Episode reward:   986.95 | Episode steps: 2500 | Average reward:  1033.75 | Step Count: 6025500 | Episode Q0:    37.48
Episode: 2769/5000 | Episode reward:   985.36 | Episode steps: 2500 | Average reward:  1022.74 | Step Count: 6028000 | Episode Q0:    37.48
Episode: 2770/5000 | Episode reward:   979.50 | Episode steps: 2500 | Average reward:  1012.04 | Step Count: 6030500 | Episode Q0:    37.48
Episode: 2771/5000 | Episode reward:  1020.12 | Episode steps: 2500 | Average reward:  1019.04 | Step Count: 6033000 | Episode Q0:    37.48
Episode: 2772/5000 | Episode reward:  1108.78 | Episode steps: 2500 | Average reward:  1032.95 | Step Count: 6035500 | Episode Q0:    37.48
Episode: 2773/5000 | Episode reward:   991.97 | Episode steps: 2500 | Average reward:  1023.56 | Step Count: 6038000 | Episode Q0:    37.48
Episode: 2774/5000 | Episode reward:   970.74 | Episode steps: 2500 | Average reward:  1011.09 | Step Count: 6040500 | Episode Q0:    37.48
Episode: 2775/5000 | Episode reward:   968.77 | Episode steps: 2500 | Average reward:  1007.45 | Step Count: 6043000 | Episode Q0:    37.48
Episode: 2776/5000 | Episode reward:   978.66 | Episode steps: 2500 | Average reward:   999.87 | Step Count: 6045500 | Episode Q0:    37.48
Episode: 2777/5000 | Episode reward:  1129.06 | Episode steps: 2500 | Average reward:  1011.99 | Step Count: 6048000 | Episode Q0:    37.48
Episode: 2778/5000 | Episode reward:   958.55 | Episode steps: 2500 | Average reward:  1009.15 | Step Count: 6050500 | Episode Q0:    37.48
Episode: 2779/5000 | Episode reward:  1023.20 | Episode steps: 2500 | Average reward:  1012.93 | Step Count: 6053000 | Episode Q0:    37.18
Episode: 2780/5000 | Episode reward:   994.03 | Episode steps: 2500 | Average reward:  1014.39 | Step Count: 6055500 | Episode Q0:    37.18
Episode: 2781/5000 | Episode reward:  1182.47 | Episode steps: 2500 | Average reward:  1030.62 | Step Count: 6058000 | Episode Q0:    37.18
Episode: 2782/5000 | Episode reward:  1002.18 | Episode steps: 2500 | Average reward:  1019.96 | Step Count: 6060500 | Episode Q0:    37.18
Episode: 2783/5000 | Episode reward:  1029.45 | Episode steps: 2500 | Average reward:  1023.71 | Step Count: 6063000 | Episode Q0:    37.18
Episode: 2784/5000 | Episode reward:   966.45 | Episode steps: 2500 | Average reward:  1023.28 | Step Count: 6065500 | Episode Q0:    37.18
Episode: 2785/5000 | Episode reward:   904.78 | Episode steps: 2500 | Average reward:  1016.88 | Step Count: 6068000 | Episode Q0:    37.18
Episode: 2786/5000 | Episode reward:   990.80 | Episode steps: 2500 | Average reward:  1018.10 | Step Count: 6070500 | Episode Q0:    37.18
Episode: 2787/5000 | Episode reward:  1053.23 | Episode steps: 2500 | Average reward:  1010.51 | Step Count: 6073000 | Episode Q0:    37.18
Episode: 2788/5000 | Episode reward:   945.42 | Episode steps: 2500 | Average reward:  1009.20 | Step Count: 6075500 | Episode Q0:    37.18
Episode: 2789/5000 | Episode reward:   890.93 | Episode steps: 2500 | Average reward:   995.97 | Step Count: 6078000 | Episode Q0:    37.18
Episode: 2790/5000 | Episode reward:   952.59 | Episode steps: 2500 | Average reward:   991.83 | Step Count: 6080500 | Episode Q0:    37.18
Episode: 2791/5000 | Episode reward:  1020.76 | Episode steps: 2500 | Average reward:   975.66 | Step Count: 6083000 | Episode Q0:    37.18
Episode: 2792/5000 | Episode reward:   905.75 | Episode steps: 2500 | Average reward:   966.02 | Step Count: 6085500 | Episode Q0:    37.18
Episode: 2793/5000 | Episode reward:  1012.17 | Episode steps: 2500 | Average reward:   964.29 | Step Count: 6088000 | Episode Q0:    37.18
Episode: 2794/5000 | Episode reward:  1066.04 | Episode steps: 2500 | Average reward:   974.25 | Step Count: 6090500 | Episode Q0:    37.18
Episode: 2795/5000 | Episode reward:  1002.74 | Episode steps: 2500 | Average reward:   984.04 | Step Count: 6093000 | Episode Q0:    37.18
Episode: 2796/5000 | Episode reward:   738.25 | Episode steps: 2500 | Average reward:   958.79 | Step Count: 6095500 | Episode Q0:    38.11
Episode: 2797/5000 | Episode reward:   457.53 | Episode steps: 2500 | Average reward:   899.22 | Step Count: 6098000 | Episode Q0:    38.11
Episode: 2798/5000 | Episode reward:   604.17 | Episode steps: 2500 | Average reward:   865.09 | Step Count: 6100500 | Episode Q0:    38.11
Episode: 2799/5000 | Episode reward:   576.81 | Episode steps: 2500 | Average reward:   833.68 | Step Count: 6103000 | Episode Q0:    38.11
Episode: 2800/5000 | Episode reward:   985.48 | Episode steps: 2500 | Average reward:   836.97 | Step Count: 6105500 | Episode Q0:    38.11
Episode: 2801/5000 | Episode reward:   458.44 | Episode steps: 2500 | Average reward:   780.74 | Step Count: 6108000 | Episode Q0:    38.11
Episode: 2802/5000 | Episode reward:   479.68 | Episode steps: 2500 | Average reward:   738.13 | Step Count: 6110500 | Episode Q0:    38.11
Episode: 2803/5000 | Episode reward:   434.47 | Episode steps: 2500 | Average reward:   680.36 | Step Count: 6113000 | Episode Q0:    38.11
Episode: 2804/5000 | Episode reward:   626.13 | Episode steps: 2500 | Average reward:   636.37 | Step Count: 6115500 | Episode Q0:    38.11
Episode: 2805/5000 | Episode reward:   575.30 | Episode steps: 2500 | Average reward:   593.63 | Step Count: 6118000 | Episode Q0:    38.11
Episode: 2806/5000 | Episode reward:   761.84 | Episode steps: 2500 | Average reward:   595.99 | Step Count: 6120500 | Episode Q0:    38.11
Episode: 2807/5000 | Episode reward:   450.34 | Episode steps: 2500 | Average reward:   595.27 | Step Count: 6123000 | Episode Q0:    38.11
Episode: 2808/5000 | Episode reward:   532.31 | Episode steps: 2500 | Average reward:   588.08 | Step Count: 6125500 | Episode Q0:    38.11
Episode: 2809/5000 | Episode reward:   632.15 | Episode steps: 2500 | Average reward:   593.61 | Step Count: 6128000 | Episode Q0:    38.11
Episode: 2810/5000 | Episode reward:   629.61 | Episode steps: 2500 | Average reward:   558.03 | Step Count: 6130500 | Episode Q0:    38.11
Episode: 2811/5000 | Episode reward:   617.76 | Episode steps: 2500 | Average reward:   573.96 | Step Count: 6133000 | Episode Q0:    38.11
Episode: 2812/5000 | Episode reward:   505.91 | Episode steps: 2500 | Average reward:   576.58 | Step Count: 6135500 | Episode Q0:    38.11
Episode: 2813/5000 | Episode reward:   623.89 | Episode steps: 2500 | Average reward:   595.52 | Step Count: 6138000 | Episode Q0:    38.11
Episode: 2814/5000 | Episode reward:   370.58 | Episode steps: 2500 | Average reward:   569.97 | Step Count: 6140500 | Episode Q0:    38.11
Episode: 2815/5000 | Episode reward:   615.71 | Episode steps: 2500 | Average reward:   574.01 | Step Count: 6143000 | Episode Q0:    38.11
Episode: 2816/5000 | Episode reward:   600.40 | Episode steps: 2500 | Average reward:   557.87 | Step Count: 6145500 | Episode Q0:    38.11
Episode: 2817/5000 | Episode reward:   527.87 | Episode steps: 2500 | Average reward:   565.62 | Step Count: 6148000 | Episode Q0:    38.11
Episode: 2818/5000 | Episode reward:   503.91 | Episode steps: 2500 | Average reward:   562.78 | Step Count: 6150500 | Episode Q0:    38.11
Episode: 2819/5000 | Episode reward:   512.91 | Episode steps: 2500 | Average reward:   550.85 | Step Count: 6153000 | Episode Q0:    38.11
Episode: 2820/5000 | Episode reward:   611.85 | Episode steps: 2500 | Average reward:   549.08 | Step Count: 6155500 | Episode Q0:    38.11
Episode: 2821/5000 | Episode reward:   488.64 | Episode steps: 2500 | Average reward:   536.17 | Step Count: 6158000 | Episode Q0:    38.11
Episode: 2822/5000 | Episode reward:   438.86 | Episode steps: 2500 | Average reward:   529.46 | Step Count: 6160500 | Episode Q0:    38.11
Episode: 2823/5000 | Episode reward:   639.83 | Episode steps: 2500 | Average reward:   531.05 | Step Count: 6163000 | Episode Q0:    36.91
Episode: 2824/5000 | Episode reward:   726.70 | Episode steps: 2500 | Average reward:   566.67 | Step Count: 6165500 | Episode Q0:    36.91
Episode: 2825/5000 | Episode reward:   465.14 | Episode steps: 2500 | Average reward:   551.61 | Step Count: 6168000 | Episode Q0:    36.91
Episode: 2826/5000 | Episode reward:   786.28 | Episode steps: 2500 | Average reward:   570.20 | Step Count: 6170500 | Episode Q0:    36.91
Episode: 2827/5000 | Episode reward:   524.22 | Episode steps: 2500 | Average reward:   569.83 | Step Count: 6173000 | Episode Q0:    36.91
Episode: 2828/5000 | Episode reward:   963.22 | Episode steps: 2500 | Average reward:   615.76 | Step Count: 6175500 | Episode Q0:    36.91
Episode: 2829/5000 | Episode reward:   530.18 | Episode steps: 2500 | Average reward:   617.49 | Step Count: 6178000 | Episode Q0:    36.91
Episode: 2830/5000 | Episode reward:   602.21 | Episode steps: 2500 | Average reward:   616.53 | Step Count: 6180500 | Episode Q0:    36.91
Episode: 2831/5000 | Episode reward:   635.96 | Episode steps: 2500 | Average reward:   631.26 | Step Count: 6183000 | Episode Q0:    36.91
Episode: 2832/5000 | Episode reward:   780.10 | Episode steps: 2500 | Average reward:   665.38 | Step Count: 6185500 | Episode Q0:    36.91
Episode: 2833/5000 | Episode reward:   641.55 | Episode steps: 2500 | Average reward:   665.56 | Step Count: 6188000 | Episode Q0:    36.91
Episode: 2834/5000 | Episode reward:   672.00 | Episode steps: 2500 | Average reward:   660.09 | Step Count: 6190500 | Episode Q0:    36.91
Episode: 2835/5000 | Episode reward:   758.86 | Episode steps: 2500 | Average reward:   689.46 | Step Count: 6193000 | Episode Q0:    36.91
Episode: 2836/5000 | Episode reward:   648.97 | Episode steps: 2500 | Average reward:   675.73 | Step Count: 6195500 | Episode Q0:    36.91
Episode: 2837/5000 | Episode reward:   747.41 | Episode steps: 2500 | Average reward:   698.05 | Step Count: 6198000 | Episode Q0:    36.91
Episode: 2838/5000 | Episode reward:   498.66 | Episode steps: 2500 | Average reward:   651.59 | Step Count: 6200500 | Episode Q0:    36.91
Episode: 2839/5000 | Episode reward:  1075.79 | Episode steps: 2500 | Average reward:   706.15 | Step Count: 6203000 | Episode Q0:    36.91
Episode: 2840/5000 | Episode reward:  1193.65 | Episode steps: 2500 | Average reward:   765.30 | Step Count: 6205500 | Episode Q0:    36.21
Episode: 2841/5000 | Episode reward:  1256.78 | Episode steps: 2500 | Average reward:   827.38 | Step Count: 6208000 | Episode Q0:    36.21
Episode: 2842/5000 | Episode reward:  1232.46 | Episode steps: 2500 | Average reward:   872.61 | Step Count: 6210500 | Episode Q0:    36.21
Episode: 2843/5000 | Episode reward:  1288.66 | Episode steps: 2500 | Average reward:   937.32 | Step Count: 6213000 | Episode Q0:    36.21
Episode: 2844/5000 | Episode reward:   903.32 | Episode steps: 2500 | Average reward:   960.46 | Step Count: 6215500 | Episode Q0:    36.21
Episode: 2845/5000 | Episode reward:  1222.04 | Episode steps: 2500 | Average reward:  1006.77 | Step Count: 6218000 | Episode Q0:    36.21
Episode: 2846/5000 | Episode reward:  1203.63 | Episode steps: 2500 | Average reward:  1062.24 | Step Count: 6220500 | Episode Q0:    36.21
Episode: 2847/5000 | Episode reward:   525.84 | Episode steps: 2500 | Average reward:  1040.08 | Step Count: 6223000 | Episode Q0:    36.21
Episode: 2848/5000 | Episode reward:  1236.26 | Episode steps: 2500 | Average reward:  1113.84 | Step Count: 6225500 | Episode Q0:    36.21
Episode: 2849/5000 | Episode reward:  1297.82 | Episode steps: 2500 | Average reward:  1136.05 | Step Count: 6228000 | Episode Q0:    36.21
Episode: 2850/5000 | Episode reward:  1294.51 | Episode steps: 2500 | Average reward:  1146.13 | Step Count: 6230500 | Episode Q0:    36.21
Episode: 2851/5000 | Episode reward:  1213.79 | Episode steps: 2500 | Average reward:  1141.83 | Step Count: 6233000 | Episode Q0:    36.21
Episode: 2852/5000 | Episode reward:  1246.31 | Episode steps: 2500 | Average reward:  1143.22 | Step Count: 6235500 | Episode Q0:    36.21
Episode: 2853/5000 | Episode reward:   620.30 | Episode steps: 2500 | Average reward:  1076.38 | Step Count: 6238000 | Episode Q0:    36.21
Episode: 2854/5000 | Episode reward:   728.32 | Episode steps: 2500 | Average reward:  1058.88 | Step Count: 6240500 | Episode Q0:    36.21
Episode: 2855/5000 | Episode reward:  1205.62 | Episode steps: 2500 | Average reward:  1057.24 | Step Count: 6243000 | Episode Q0:    36.21
Episode: 2856/5000 | Episode reward:  1235.67 | Episode steps: 2500 | Average reward:  1060.45 | Step Count: 6245500 | Episode Q0:    36.21
Episode: 2857/5000 | Episode reward:  1215.80 | Episode steps: 2500 | Average reward:  1129.44 | Step Count: 6248000 | Episode Q0:    36.21
Episode: 2858/5000 | Episode reward:  1272.13 | Episode steps: 2500 | Average reward:  1133.03 | Step Count: 6250500 | Episode Q0:    36.21
Episode: 2859/5000 | Episode reward:  1276.00 | Episode steps: 2500 | Average reward:  1130.84 | Step Count: 6253000 | Episode Q0:    36.21
Episode: 2860/5000 | Episode reward:  1260.41 | Episode steps: 2500 | Average reward:  1127.44 | Step Count: 6255500 | Episode Q0:    36.21
Episode: 2861/5000 | Episode reward:   643.26 | Episode steps: 2500 | Average reward:  1070.38 | Step Count: 6258000 | Episode Q0:    36.21
Episode: 2862/5000 | Episode reward:   776.36 | Episode steps: 2500 | Average reward:  1023.39 | Step Count: 6260500 | Episode Q0:    36.21
Episode: 2863/5000 | Episode reward:   766.17 | Episode steps: 2500 | Average reward:  1037.97 | Step Count: 6263000 | Episode Q0:    36.21
Episode: 2864/5000 | Episode reward:  1227.39 | Episode steps: 2500 | Average reward:  1087.88 | Step Count: 6265500 | Episode Q0:    36.21
Episode: 2865/5000 | Episode reward:  1205.18 | Episode steps: 2500 | Average reward:  1087.84 | Step Count: 6268000 | Episode Q0:    36.21
Episode: 2866/5000 | Episode reward:  1230.43 | Episode steps: 2500 | Average reward:  1087.31 | Step Count: 6270500 | Episode Q0:    36.21
Episode: 2867/5000 | Episode reward:  1321.72 | Episode steps: 2500 | Average reward:  1097.90 | Step Count: 6273000 | Episode Q0:    38.59
Episode: 2868/5000 | Episode reward:  1248.25 | Episode steps: 2500 | Average reward:  1095.52 | Step Count: 6275500 | Episode Q0:    38.59
Episode: 2869/5000 | Episode reward:  1301.39 | Episode steps: 2500 | Average reward:  1098.06 | Step Count: 6278000 | Episode Q0:    38.59
Episode: 2870/5000 | Episode reward:  1289.85 | Episode steps: 2500 | Average reward:  1101.00 | Step Count: 6280500 | Episode Q0:    38.59
Episode: 2871/5000 | Episode reward:  1294.53 | Episode steps: 2500 | Average reward:  1166.13 | Step Count: 6283000 | Episode Q0:    38.59
Episode: 2872/5000 | Episode reward:  1301.93 | Episode steps: 2500 | Average reward:  1218.68 | Step Count: 6285500 | Episode Q0:    38.59
Episode: 2873/5000 | Episode reward:  1306.62 | Episode steps: 2500 | Average reward:  1272.73 | Step Count: 6288000 | Episode Q0:    38.59
Episode: 2874/5000 | Episode reward:  1312.64 | Episode steps: 2500 | Average reward:  1281.25 | Step Count: 6290500 | Episode Q0:    38.59
Episode: 2875/5000 | Episode reward:  1209.20 | Episode steps: 2500 | Average reward:  1281.66 | Step Count: 6293000 | Episode Q0:    38.59
Episode: 2876/5000 | Episode reward:  1318.62 | Episode steps: 2500 | Average reward:  1290.47 | Step Count: 6295500 | Episode Q0:    38.59
Episode: 2877/5000 | Episode reward:  1241.74 | Episode steps: 2500 | Average reward:  1282.48 | Step Count: 6298000 | Episode Q0:    38.59
Episode: 2878/5000 | Episode reward:  1320.21 | Episode steps: 2500 | Average reward:  1289.67 | Step Count: 6300500 | Episode Q0:    38.59
Episode: 2879/5000 | Episode reward:  1288.55 | Episode steps: 2500 | Average reward:  1288.39 | Step Count: 6303000 | Episode Q0:    38.59
Episode: 2880/5000 | Episode reward:  1274.75 | Episode steps: 2500 | Average reward:  1286.88 | Step Count: 6305500 | Episode Q0:    38.59
Episode: 2881/5000 | Episode reward:  1246.12 | Episode steps: 2500 | Average reward:  1282.04 | Step Count: 6308000 | Episode Q0:    38.59
Episode: 2882/5000 | Episode reward:  1286.96 | Episode steps: 2500 | Average reward:  1280.54 | Step Count: 6310500 | Episode Q0:    38.59
Episode: 2883/5000 | Episode reward:  1295.02 | Episode steps: 2500 | Average reward:  1279.38 | Step Count: 6313000 | Episode Q0:    38.59
Episode: 2884/5000 | Episode reward:  1258.79 | Episode steps: 2500 | Average reward:  1274.00 | Step Count: 6315500 | Episode Q0:    38.71
Episode: 2885/5000 | Episode reward:  1318.87 | Episode steps: 2500 | Average reward:  1284.96 | Step Count: 6318000 | Episode Q0:    38.71
Episode: 2886/5000 | Episode reward:  1295.74 | Episode steps: 2500 | Average reward:  1282.68 | Step Count: 6320500 | Episode Q0:    38.71
Episode: 2887/5000 | Episode reward:  1223.03 | Episode steps: 2500 | Average reward:  1280.80 | Step Count: 6323000 | Episode Q0:    38.71
Episode: 2888/5000 | Episode reward:  1327.85 | Episode steps: 2500 | Average reward:  1281.57 | Step Count: 6325500 | Episode Q0:    38.71
Episode: 2889/5000 | Episode reward:  1228.35 | Episode steps: 2500 | Average reward:  1275.55 | Step Count: 6328000 | Episode Q0:    38.71
Episode: 2890/5000 | Episode reward:  1257.80 | Episode steps: 2500 | Average reward:  1273.85 | Step Count: 6330500 | Episode Q0:    38.71
Episode: 2891/5000 | Episode reward:  1326.78 | Episode steps: 2500 | Average reward:  1281.92 | Step Count: 6333000 | Episode Q0:    38.71
Episode: 2892/5000 | Episode reward:  1278.91 | Episode steps: 2500 | Average reward:  1281.11 | Step Count: 6335500 | Episode Q0:    38.71
Episode: 2893/5000 | Episode reward:  1277.63 | Episode steps: 2500 | Average reward:  1279.38 | Step Count: 6338000 | Episode Q0:    38.71
Episode: 2894/5000 | Episode reward:  1269.67 | Episode steps: 2500 | Average reward:  1280.46 | Step Count: 6340500 | Episode Q0:    38.71
Episode: 2895/5000 | Episode reward:  1319.95 | Episode steps: 2500 | Average reward:  1280.57 | Step Count: 6343000 | Episode Q0:    38.71
Episode: 2896/5000 | Episode reward:  1291.83 | Episode steps: 2500 | Average reward:  1280.18 | Step Count: 6345500 | Episode Q0:    38.71
Episode: 2897/5000 | Episode reward:  1239.78 | Episode steps: 2500 | Average reward:  1281.86 | Step Count: 6348000 | Episode Q0:    38.71
Episode: 2898/5000 | Episode reward:  1245.65 | Episode steps: 2500 | Average reward:  1273.64 | Step Count: 6350500 | Episode Q0:    38.71
Episode: 2899/5000 | Episode reward:  1317.15 | Episode steps: 2500 | Average reward:  1282.52 | Step Count: 6353000 | Episode Q0:    38.71
Episode: 2900/5000 | Episode reward:  1237.62 | Episode steps: 2500 | Average reward:  1280.50 | Step Count: 6355500 | Episode Q0:    38.71
Episode: 2901/5000 | Episode reward:  1301.25 | Episode steps: 2500 | Average reward:  1277.94 | Step Count: 6358000 | Episode Q0:    38.71
Episode: 2902/5000 | Episode reward:  1243.12 | Episode steps: 2500 | Average reward:  1274.37 | Step Count: 6360500 | Episode Q0:    38.71
Episode: 2903/5000 | Episode reward:  1300.66 | Episode steps: 2500 | Average reward:  1276.67 | Step Count: 6363000 | Episode Q0:    38.71
Episode: 2904/5000 | Episode reward:  1270.68 | Episode steps: 2500 | Average reward:  1276.77 | Step Count: 6365500 | Episode Q0:    38.71
Episode: 2905/5000 | Episode reward:  1313.58 | Episode steps: 2500 | Average reward:  1276.13 | Step Count: 6368000 | Episode Q0:    38.71
Episode: 2906/5000 | Episode reward:  1251.96 | Episode steps: 2500 | Average reward:  1272.15 | Step Count: 6370500 | Episode Q0:    38.71
Episode: 2907/5000 | Episode reward:  1269.91 | Episode steps: 2500 | Average reward:  1275.16 | Step Count: 6373000 | Episode Q0:    38.71
Episode: 2908/5000 | Episode reward:  1324.23 | Episode steps: 2500 | Average reward:  1283.02 | Step Count: 6375500 | Episode Q0:    38.71
Episode: 2909/5000 | Episode reward:  1260.26 | Episode steps: 2500 | Average reward:  1277.33 | Step Count: 6378000 | Episode Q0:    38.71
Episode: 2910/5000 | Episode reward:  1253.26 | Episode steps: 2500 | Average reward:  1278.89 | Step Count: 6380500 | Episode Q0:    38.71
Episode: 2911/5000 | Episode reward:  1189.62 | Episode steps: 2500 | Average reward:  1267.73 | Step Count: 6383000 | Episode Q0:    37.84
Episode: 2912/5000 | Episode reward:  1246.03 | Episode steps: 2500 | Average reward:  1268.02 | Step Count: 6385500 | Episode Q0:    37.84
Episode: 2913/5000 | Episode reward:  1254.59 | Episode steps: 2500 | Average reward:  1263.41 | Step Count: 6388000 | Episode Q0:    37.84
Episode: 2914/5000 | Episode reward:  1251.61 | Episode steps: 2500 | Average reward:  1261.50 | Step Count: 6390500 | Episode Q0:    37.84
Episode: 2915/5000 | Episode reward:  1227.23 | Episode steps: 2500 | Average reward:  1252.87 | Step Count: 6393000 | Episode Q0:    37.84
Episode: 2916/5000 | Episode reward:  1246.84 | Episode steps: 2500 | Average reward:  1252.36 | Step Count: 6395500 | Episode Q0:    37.84
Episode: 2917/5000 | Episode reward:  1244.62 | Episode steps: 2500 | Average reward:  1249.83 | Step Count: 6398000 | Episode Q0:    37.84
Episode: 2918/5000 | Episode reward:  1300.46 | Episode steps: 2500 | Average reward:  1247.45 | Step Count: 6400500 | Episode Q0:    37.84
Episode: 2919/5000 | Episode reward:  1248.97 | Episode steps: 2500 | Average reward:  1246.32 | Step Count: 6403000 | Episode Q0:    37.84
Episode: 2920/5000 | Episode reward:  1233.06 | Episode steps: 2500 | Average reward:  1244.30 | Step Count: 6405500 | Episode Q0:    37.84
Episode: 2921/5000 | Episode reward:  1228.55 | Episode steps: 2500 | Average reward:  1248.20 | Step Count: 6408000 | Episode Q0:    37.84
Episode: 2922/5000 | Episode reward:  1340.86 | Episode steps: 2500 | Average reward:  1257.68 | Step Count: 6410500 | Episode Q0:    37.84
Episode: 2923/5000 | Episode reward:  1268.16 | Episode steps: 2500 | Average reward:  1259.04 | Step Count: 6413000 | Episode Q0:    37.84
Episode: 2924/5000 | Episode reward:  1242.81 | Episode steps: 2500 | Average reward:  1258.16 | Step Count: 6415500 | Episode Q0:    37.84
Episode: 2925/5000 | Episode reward:  1294.05 | Episode steps: 2500 | Average reward:  1264.84 | Step Count: 6418000 | Episode Q0:    37.84
Episode: 2926/5000 | Episode reward:  1288.99 | Episode steps: 2500 | Average reward:  1269.05 | Step Count: 6420500 | Episode Q0:    37.84
Episode: 2927/5000 | Episode reward:  1234.19 | Episode steps: 2500 | Average reward:  1268.01 | Step Count: 6423000 | Episode Q0:    37.84
Episode: 2928/5000 | Episode reward:  1242.85 | Episode steps: 2500 | Average reward:  1262.25 | Step Count: 6425500 | Episode Q0:    38.20
Episode: 2929/5000 | Episode reward:  1223.79 | Episode steps: 2500 | Average reward:  1259.73 | Step Count: 6428000 | Episode Q0:    38.20
Episode: 2930/5000 | Episode reward:  1227.16 | Episode steps: 2500 | Average reward:  1259.14 | Step Count: 6430500 | Episode Q0:    38.20
Episode: 2931/5000 | Episode reward:  1218.81 | Episode steps: 2500 | Average reward:  1258.17 | Step Count: 6433000 | Episode Q0:    38.20
Episode: 2932/5000 | Episode reward:  1214.38 | Episode steps: 2500 | Average reward:  1245.52 | Step Count: 6435500 | Episode Q0:    38.20
Episode: 2933/5000 | Episode reward:  1229.27 | Episode steps: 2500 | Average reward:  1241.63 | Step Count: 6438000 | Episode Q0:    38.20
Episode: 2934/5000 | Episode reward:  1219.53 | Episode steps: 2500 | Average reward:  1239.30 | Step Count: 6440500 | Episode Q0:    38.20
Episode: 2935/5000 | Episode reward:  1244.58 | Episode steps: 2500 | Average reward:  1234.35 | Step Count: 6443000 | Episode Q0:    38.20
Episode: 2936/5000 | Episode reward:  1204.54 | Episode steps: 2500 | Average reward:  1225.91 | Step Count: 6445500 | Episode Q0:    38.20
Episode: 2937/5000 | Episode reward:  1224.65 | Episode steps: 2500 | Average reward:  1224.96 | Step Count: 6448000 | Episode Q0:    38.20
Episode: 2938/5000 | Episode reward:  1221.31 | Episode steps: 2500 | Average reward:  1222.80 | Step Count: 6450500 | Episode Q0:    38.20
Episode: 2939/5000 | Episode reward:  1113.53 | Episode steps: 2500 | Average reward:  1211.78 | Step Count: 6453000 | Episode Q0:    38.20
Episode: 2940/5000 | Episode reward:  1217.41 | Episode steps: 2500 | Average reward:  1210.80 | Step Count: 6455500 | Episode Q0:    38.20
Episode: 2941/5000 | Episode reward:  1243.96 | Episode steps: 2500 | Average reward:  1213.32 | Step Count: 6458000 | Episode Q0:    38.20
Episode: 2942/5000 | Episode reward:  1228.86 | Episode steps: 2500 | Average reward:  1214.77 | Step Count: 6460500 | Episode Q0:    38.20
Episode: 2943/5000 | Episode reward:  1196.77 | Episode steps: 2500 | Average reward:  1211.51 | Step Count: 6463000 | Episode Q0:    38.20
Episode: 2944/5000 | Episode reward:  1281.22 | Episode steps: 2500 | Average reward:  1217.68 | Step Count: 6465500 | Episode Q0:    38.20
Episode: 2945/5000 | Episode reward:  1225.26 | Episode steps: 2500 | Average reward:  1215.75 | Step Count: 6468000 | Episode Q0:    38.20
Episode: 2946/5000 | Episode reward:  1219.27 | Episode steps: 2500 | Average reward:  1217.22 | Step Count: 6470500 | Episode Q0:    38.20
Episode: 2947/5000 | Episode reward:  1220.28 | Episode steps: 2500 | Average reward:  1216.79 | Step Count: 6473000 | Episode Q0:    38.20
Episode: 2948/5000 | Episode reward:  1220.60 | Episode steps: 2500 | Average reward:  1216.71 | Step Count: 6475500 | Episode Q0:    38.20
Episode: 2949/5000 | Episode reward:  1220.37 | Episode steps: 2500 | Average reward:  1227.40 | Step Count: 6478000 | Episode Q0:    38.20
Episode: 2950/5000 | Episode reward:  1213.25 | Episode steps: 2500 | Average reward:  1226.98 | Step Count: 6480500 | Episode Q0:    38.20
Episode: 2951/5000 | Episode reward:  1231.44 | Episode steps: 2500 | Average reward:  1225.73 | Step Count: 6483000 | Episode Q0:    38.20
Episode: 2952/5000 | Episode reward:  1209.47 | Episode steps: 2500 | Average reward:  1223.79 | Step Count: 6485500 | Episode Q0:    38.20
Episode: 2953/5000 | Episode reward:  1265.86 | Episode steps: 2500 | Average reward:  1230.70 | Step Count: 6488000 | Episode Q0:    38.20
Episode: 2954/5000 | Episode reward:  1239.29 | Episode steps: 2500 | Average reward:  1226.51 | Step Count: 6490500 | Episode Q0:    38.20
Episode: 2955/5000 | Episode reward:  1213.27 | Episode steps: 2500 | Average reward:  1225.31 | Step Count: 6493000 | Episode Q0:    38.76
Episode: 2956/5000 | Episode reward:  1118.76 | Episode steps: 2500 | Average reward:  1215.26 | Step Count: 6495500 | Episode Q0:    38.76
Episode: 2957/5000 | Episode reward:  1205.13 | Episode steps: 2500 | Average reward:  1213.74 | Step Count: 6498000 | Episode Q0:    38.76
Episode: 2958/5000 | Episode reward:  1090.99 | Episode steps: 2500 | Average reward:  1200.78 | Step Count: 6500500 | Episode Q0:    38.76
Episode: 2959/5000 | Episode reward:  1096.51 | Episode steps: 2500 | Average reward:  1188.40 | Step Count: 6503000 | Episode Q0:    38.76
Episode: 2960/5000 | Episode reward:  1043.49 | Episode steps: 2500 | Average reward:  1171.42 | Step Count: 6505500 | Episode Q0:    38.76
Episode: 2961/5000 | Episode reward:   104.54 | Episode steps:  611 | Average reward:  1058.73 | Step Count: 6506111 | Episode Q0:    38.76
Episode: 2962/5000 | Episode reward:  1091.39 | Episode steps: 2500 | Average reward:  1046.92 | Step Count: 6508611 | Episode Q0:    38.76
Episode: 2963/5000 | Episode reward:  1033.56 | Episode steps: 2500 | Average reward:  1023.69 | Step Count: 6511111 | Episode Q0:    38.76
Episode: 2964/5000 | Episode reward:  1127.94 | Episode steps: 2500 | Average reward:  1012.56 | Step Count: 6513611 | Episode Q0:    38.76
Episode: 2965/5000 | Episode reward:  1186.98 | Episode steps: 2500 | Average reward:  1009.93 | Step Count: 6516111 | Episode Q0:    38.76
Episode: 2966/5000 | Episode reward:  1023.17 | Episode steps: 2500 | Average reward:  1000.37 | Step Count: 6518611 | Episode Q0:    38.76
Episode: 2967/5000 | Episode reward:  1195.92 | Episode steps: 2500 | Average reward:   999.45 | Step Count: 6521111 | Episode Q0:    38.76
Episode: 2968/5000 | Episode reward:  1156.77 | Episode steps: 2500 | Average reward:  1006.03 | Step Count: 6523611 | Episode Q0:    38.76
Episode: 2969/5000 | Episode reward:  1092.43 | Episode steps: 2500 | Average reward:  1005.62 | Step Count: 6526111 | Episode Q0:    38.76
Episode: 2970/5000 | Episode reward:  1101.95 | Episode steps: 2500 | Average reward:  1011.46 | Step Count: 6528611 | Episode Q0:    38.76
Episode: 2971/5000 | Episode reward:  1121.37 | Episode steps: 2500 | Average reward:  1113.15 | Step Count: 6531111 | Episode Q0:    38.76
Episode: 2972/5000 | Episode reward:  1022.06 | Episode steps: 2500 | Average reward:  1106.21 | Step Count: 6533611 | Episode Q0:    39.50
Episode: 2973/5000 | Episode reward:  1012.86 | Episode steps: 2500 | Average reward:  1104.14 | Step Count: 6536111 | Episode Q0:    39.50
Episode: 2974/5000 | Episode reward:  1054.40 | Episode steps: 2500 | Average reward:  1096.79 | Step Count: 6538611 | Episode Q0:    39.50
Episode: 2975/5000 | Episode reward:  1163.34 | Episode steps: 2500 | Average reward:  1094.43 | Step Count: 6541111 | Episode Q0:    39.50
Episode: 2976/5000 | Episode reward:  1075.23 | Episode steps: 2500 | Average reward:  1099.63 | Step Count: 6543611 | Episode Q0:    39.50
Episode: 2977/5000 | Episode reward:   998.64 | Episode steps: 2500 | Average reward:  1079.91 | Step Count: 6546111 | Episode Q0:    39.50
Episode: 2978/5000 | Episode reward:  1084.87 | Episode steps: 2500 | Average reward:  1072.72 | Step Count: 6548611 | Episode Q0:    39.50
Episode: 2979/5000 | Episode reward:   854.15 | Episode steps: 2500 | Average reward:  1048.89 | Step Count: 6551111 | Episode Q0:    39.50
Episode: 2980/5000 | Episode reward:  1049.25 | Episode steps: 2500 | Average reward:  1043.62 | Step Count: 6553611 | Episode Q0:    39.50
Episode: 2981/5000 | Episode reward:  1171.62 | Episode steps: 2500 | Average reward:  1048.64 | Step Count: 6556111 | Episode Q0:    39.50
Episode: 2982/5000 | Episode reward:  1147.91 | Episode steps: 2500 | Average reward:  1061.23 | Step Count: 6558611 | Episode Q0:    39.50
Episode: 2983/5000 | Episode reward:  1086.26 | Episode steps: 2500 | Average reward:  1068.57 | Step Count: 6561111 | Episode Q0:    39.50
Episode: 2984/5000 | Episode reward:  1085.54 | Episode steps: 2500 | Average reward:  1071.68 | Step Count: 6563611 | Episode Q0:    39.50
Episode: 2985/5000 | Episode reward:  1171.03 | Episode steps: 2500 | Average reward:  1072.45 | Step Count: 6566111 | Episode Q0:    39.50
Episode: 2986/5000 | Episode reward:  1060.64 | Episode steps: 2500 | Average reward:  1070.99 | Step Count: 6568611 | Episode Q0:    39.50
Episode: 2987/5000 | Episode reward:  1077.32 | Episode steps: 2500 | Average reward:  1078.86 | Step Count: 6571111 | Episode Q0:    39.50
Episode: 2988/5000 | Episode reward:  1065.89 | Episode steps: 2500 | Average reward:  1076.96 | Step Count: 6573611 | Episode Q0:    39.50
Episode: 2989/5000 | Episode reward:  1150.12 | Episode steps: 2500 | Average reward:  1106.56 | Step Count: 6576111 | Episode Q0:    39.50
Episode: 2990/5000 | Episode reward:  1044.10 | Episode steps: 2500 | Average reward:  1106.04 | Step Count: 6578611 | Episode Q0:    39.50
Episode: 2991/5000 | Episode reward:  1113.68 | Episode steps: 2500 | Average reward:  1100.25 | Step Count: 6581111 | Episode Q0:    39.50
Episode: 2992/5000 | Episode reward:  1206.14 | Episode steps: 2500 | Average reward:  1106.07 | Step Count: 6583611 | Episode Q0:    39.50
Episode: 2993/5000 | Episode reward:  1142.90 | Episode steps: 2500 | Average reward:  1111.74 | Step Count: 6586111 | Episode Q0:    39.50
Episode: 2994/5000 | Episode reward:  1185.14 | Episode steps: 2500 | Average reward:  1121.70 | Step Count: 6588611 | Episode Q0:    39.50
Episode: 2995/5000 | Episode reward:  1050.19 | Episode steps: 2500 | Average reward:  1109.61 | Step Count: 6591111 | Episode Q0:    39.50
Episode: 2996/5000 | Episode reward:  1072.56 | Episode steps: 2500 | Average reward:  1110.80 | Step Count: 6593611 | Episode Q0:    39.50
Episode: 2997/5000 | Episode reward:  1083.47 | Episode steps: 2500 | Average reward:  1111.42 | Step Count: 6596111 | Episode Q0:    39.50
Episode: 2998/5000 | Episode reward:  1101.86 | Episode steps: 2500 | Average reward:  1115.02 | Step Count: 6598611 | Episode Q0:    39.50
Episode: 2999/5000 | Episode reward:  1182.30 | Episode steps: 2500 | Average reward:  1118.24 | Step Count: 6601111 | Episode Q0:    39.46
Episode: 3000/5000 | Episode reward:  1160.49 | Episode steps: 2500 | Average reward:  1129.87 | Step Count: 6603611 | Episode Q0:    39.46
Episode: 3001/5000 | Episode reward:  1076.81 | Episode steps: 2500 | Average reward:  1126.19 | Step Count: 6606111 | Episode Q0:    39.46
Episode: 3002/5000 | Episode reward:  1065.31 | Episode steps: 2500 | Average reward:  1112.10 | Step Count: 6608611 | Episode Q0:    39.46
Episode: 3003/5000 | Episode reward:  1056.20 | Episode steps: 2500 | Average reward:  1103.43 | Step Count: 6611111 | Episode Q0:    39.46
Episode: 3004/5000 | Episode reward:  1195.42 | Episode steps: 2500 | Average reward:  1104.46 | Step Count: 6613611 | Episode Q0:    39.46
Episode: 3005/5000 | Episode reward:  1085.04 | Episode steps: 2500 | Average reward:  1107.95 | Step Count: 6616111 | Episode Q0:    39.46
Episode: 3006/5000 | Episode reward:  1210.60 | Episode steps: 2500 | Average reward:  1121.75 | Step Count: 6618611 | Episode Q0:    39.46
Episode: 3007/5000 | Episode reward:  1206.30 | Episode steps: 2500 | Average reward:  1134.03 | Step Count: 6621111 | Episode Q0:    39.46
Episode: 3008/5000 | Episode reward:  1201.73 | Episode steps: 2500 | Average reward:  1144.02 | Step Count: 6623611 | Episode Q0:    39.46
Episode: 3009/5000 | Episode reward:  1142.26 | Episode steps: 2500 | Average reward:  1140.02 | Step Count: 6626111 | Episode Q0:    39.46
Episode: 3010/5000 | Episode reward:  1019.05 | Episode steps: 2500 | Average reward:  1125.87 | Step Count: 6628611 | Episode Q0:    39.46
Episode: 3011/5000 | Episode reward:  1055.35 | Episode steps: 2500 | Average reward:  1123.73 | Step Count: 6631111 | Episode Q0:    39.46
Episode: 3012/5000 | Episode reward:  1037.96 | Episode steps: 2500 | Average reward:  1120.99 | Step Count: 6633611 | Episode Q0:    39.46
Episode: 3013/5000 | Episode reward:   956.79 | Episode steps: 2500 | Average reward:  1111.05 | Step Count: 6636111 | Episode Q0:    39.46
Episode: 3014/5000 | Episode reward:  1075.72 | Episode steps: 2500 | Average reward:  1099.08 | Step Count: 6638611 | Episode Q0:    39.46
Episode: 3015/5000 | Episode reward:  1245.72 | Episode steps: 2500 | Average reward:  1115.15 | Step Count: 6641111 | Episode Q0:    39.46
Episode: 3016/5000 | Episode reward:  1202.24 | Episode steps: 2500 | Average reward:  1114.31 | Step Count: 6643611 | Episode Q0:    40.67
Episode: 3017/5000 | Episode reward:  1193.67 | Episode steps: 2500 | Average reward:  1113.05 | Step Count: 6646111 | Episode Q0:    40.67
Episode: 3018/5000 | Episode reward:  1234.30 | Episode steps: 2500 | Average reward:  1116.31 | Step Count: 6648611 | Episode Q0:    40.67
Episode: 3019/5000 | Episode reward:  1211.32 | Episode steps: 2500 | Average reward:  1123.21 | Step Count: 6651111 | Episode Q0:    40.67
Episode: 3020/5000 | Episode reward:  1229.88 | Episode steps: 2500 | Average reward:  1144.29 | Step Count: 6653611 | Episode Q0:    40.67
Episode: 3021/5000 | Episode reward:  1153.91 | Episode steps: 2500 | Average reward:  1154.15 | Step Count: 6656111 | Episode Q0:    40.67
Episode: 3022/5000 | Episode reward:  1103.97 | Episode steps: 2500 | Average reward:  1160.75 | Step Count: 6658611 | Episode Q0:    40.67
Episode: 3023/5000 | Episode reward:  1112.91 | Episode steps: 2500 | Average reward:  1176.37 | Step Count: 6661111 | Episode Q0:    40.67
Episode: 3024/5000 | Episode reward:  1208.72 | Episode steps: 2500 | Average reward:  1189.66 | Step Count: 6663611 | Episode Q0:    40.67
Episode: 3025/5000 | Episode reward:  1185.76 | Episode steps: 2500 | Average reward:  1183.67 | Step Count: 6666111 | Episode Q0:    40.67
Episode: 3026/5000 | Episode reward:  1187.25 | Episode steps: 2500 | Average reward:  1182.17 | Step Count: 6668611 | Episode Q0:    40.67
Episode: 3027/5000 | Episode reward:  1177.39 | Episode steps: 2500 | Average reward:  1180.54 | Step Count: 6671111 | Episode Q0:    40.67
Episode: 3028/5000 | Episode reward:  1083.98 | Episode steps: 2500 | Average reward:  1165.51 | Step Count: 6673611 | Episode Q0:    40.67
Episode: 3029/5000 | Episode reward:  1212.30 | Episode steps: 2500 | Average reward:  1165.61 | Step Count: 6676111 | Episode Q0:    40.67
Episode: 3030/5000 | Episode reward:  1210.70 | Episode steps: 2500 | Average reward:  1163.69 | Step Count: 6678611 | Episode Q0:    40.67
Episode: 3031/5000 | Episode reward:  1122.63 | Episode steps: 2500 | Average reward:  1160.56 | Step Count: 6681111 | Episode Q0:    40.67
Episode: 3032/5000 | Episode reward:  1136.63 | Episode steps: 2500 | Average reward:  1163.83 | Step Count: 6683611 | Episode Q0:    40.67
Episode: 3033/5000 | Episode reward:  1133.27 | Episode steps: 2500 | Average reward:  1165.86 | Step Count: 6686111 | Episode Q0:    40.67
Episode: 3034/5000 | Episode reward:  1211.58 | Episode steps: 2500 | Average reward:  1166.15 | Step Count: 6688611 | Episode Q0:    40.67
Episode: 3035/5000 | Episode reward:  1130.53 | Episode steps: 2500 | Average reward:  1160.63 | Step Count: 6691111 | Episode Q0:    40.67
Episode: 3036/5000 | Episode reward:  1155.38 | Episode steps: 2500 | Average reward:  1157.44 | Step Count: 6693611 | Episode Q0:    40.67
Episode: 3037/5000 | Episode reward:  1115.21 | Episode steps: 2500 | Average reward:  1151.22 | Step Count: 6696111 | Episode Q0:    40.67
Episode: 3038/5000 | Episode reward:  1226.71 | Episode steps: 2500 | Average reward:  1165.49 | Step Count: 6698611 | Episode Q0:    40.67
Episode: 3039/5000 | Episode reward:  1218.45 | Episode steps: 2500 | Average reward:  1166.11 | Step Count: 6701111 | Episode Q0:    40.67
Episode: 3040/5000 | Episode reward:  1133.61 | Episode steps: 2500 | Average reward:  1158.40 | Step Count: 6703611 | Episode Q0:    40.67
Episode: 3041/5000 | Episode reward:  1101.90 | Episode steps: 2500 | Average reward:  1156.33 | Step Count: 6706111 | Episode Q0:    40.67
Episode: 3042/5000 | Episode reward:  1207.09 | Episode steps: 2500 | Average reward:  1163.37 | Step Count: 6708611 | Episode Q0:    40.67
Episode: 3043/5000 | Episode reward:  1232.13 | Episode steps: 2500 | Average reward:  1173.26 | Step Count: 6711111 | Episode Q0:    42.81
Episode: 3044/5000 | Episode reward:  1308.79 | Episode steps: 2500 | Average reward:  1182.98 | Step Count: 6713611 | Episode Q0:    42.81
Episode: 3045/5000 | Episode reward:  1231.47 | Episode steps: 2500 | Average reward:  1193.07 | Step Count: 6716111 | Episode Q0:    42.81
Episode: 3046/5000 | Episode reward:  1225.71 | Episode steps: 2500 | Average reward:  1200.11 | Step Count: 6718611 | Episode Q0:    42.81
Episode: 3047/5000 | Episode reward:  1246.05 | Episode steps: 2500 | Average reward:  1213.19 | Step Count: 6721111 | Episode Q0:    42.81
Episode: 3048/5000 | Episode reward:  1234.32 | Episode steps: 2500 | Average reward:  1213.95 | Step Count: 6723611 | Episode Q0:    42.81
Episode: 3049/5000 | Episode reward:  1224.09 | Episode steps: 2500 | Average reward:  1214.52 | Step Count: 6726111 | Episode Q0:    42.81
Episode: 3050/5000 | Episode reward:  1330.06 | Episode steps: 2500 | Average reward:  1234.16 | Step Count: 6728611 | Episode Q0:    42.81
Episode: 3051/5000 | Episode reward:  1232.07 | Episode steps: 2500 | Average reward:  1247.18 | Step Count: 6731111 | Episode Q0:    42.81
Episode: 3052/5000 | Episode reward:  1227.04 | Episode steps: 2500 | Average reward:  1249.17 | Step Count: 6733611 | Episode Q0:    42.81
Episode: 3053/5000 | Episode reward:  1225.27 | Episode steps: 2500 | Average reward:  1248.49 | Step Count: 6736111 | Episode Q0:    42.81
Episode: 3054/5000 | Episode reward:  1218.65 | Episode steps: 2500 | Average reward:  1239.47 | Step Count: 6738611 | Episode Q0:    42.81
Episode: 3055/5000 | Episode reward:  1294.35 | Episode steps: 2500 | Average reward:  1245.76 | Step Count: 6741111 | Episode Q0:    42.81
Episode: 3056/5000 | Episode reward:  1325.89 | Episode steps: 2500 | Average reward:  1255.78 | Step Count: 6743611 | Episode Q0:    42.81
Episode: 3057/5000 | Episode reward:  1319.63 | Episode steps: 2500 | Average reward:  1263.14 | Step Count: 6746111 | Episode Q0:    42.81
Episode: 3058/5000 | Episode reward:  1224.65 | Episode steps: 2500 | Average reward:  1262.17 | Step Count: 6748611 | Episode Q0:    42.81
Episode: 3059/5000 | Episode reward:  1279.15 | Episode steps: 2500 | Average reward:  1267.68 | Step Count: 6751111 | Episode Q0:    42.81
Episode: 3060/5000 | Episode reward:  1318.09 | Episode steps: 2500 | Average reward:  1266.48 | Step Count: 6753611 | Episode Q0:    43.36
Episode: 3061/5000 | Episode reward:  1290.59 | Episode steps: 2500 | Average reward:  1272.33 | Step Count: 6756111 | Episode Q0:    43.36
Episode: 3062/5000 | Episode reward:  1319.84 | Episode steps: 2500 | Average reward:  1281.61 | Step Count: 6758611 | Episode Q0:    43.36
Episode: 3063/5000 | Episode reward:  1282.44 | Episode steps: 2500 | Average reward:  1287.33 | Step Count: 6761111 | Episode Q0:    43.36
Episode: 3064/5000 | Episode reward:  1306.79 | Episode steps: 2500 | Average reward:  1296.14 | Step Count: 6763611 | Episode Q0:    43.36
Episode: 3065/5000 | Episode reward:  1327.34 | Episode steps: 2500 | Average reward:  1299.44 | Step Count: 6766111 | Episode Q0:    43.36
Episode: 3066/5000 | Episode reward:  1249.98 | Episode steps: 2500 | Average reward:  1291.85 | Step Count: 6768611 | Episode Q0:    43.36
Episode: 3067/5000 | Episode reward:  1309.63 | Episode steps: 2500 | Average reward:  1290.85 | Step Count: 6771111 | Episode Q0:    43.36
Episode: 3068/5000 | Episode reward:  1319.68 | Episode steps: 2500 | Average reward:  1300.35 | Step Count: 6773611 | Episode Q0:    43.36
Episode: 3069/5000 | Episode reward:  1330.09 | Episode steps: 2500 | Average reward:  1305.45 | Step Count: 6776111 | Episode Q0:    43.36
Episode: 3070/5000 | Episode reward:  1320.79 | Episode steps: 2500 | Average reward:  1305.72 | Step Count: 6778611 | Episode Q0:    43.36
Episode: 3071/5000 | Episode reward:  1314.72 | Episode steps: 2500 | Average reward:  1308.13 | Step Count: 6781111 | Episode Q0:    43.36
Episode: 3072/5000 | Episode reward:  1278.75 | Episode steps: 2500 | Average reward:  1304.02 | Step Count: 6783611 | Episode Q0:    43.36
Episode: 3073/5000 | Episode reward:  1304.28 | Episode steps: 2500 | Average reward:  1306.21 | Step Count: 6786111 | Episode Q0:    43.36
Episode: 3074/5000 | Episode reward:  1332.46 | Episode steps: 2500 | Average reward:  1308.77 | Step Count: 6788611 | Episode Q0:    43.36
Episode: 3075/5000 | Episode reward:  1306.19 | Episode steps: 2500 | Average reward:  1306.66 | Step Count: 6791111 | Episode Q0:    43.36
Episode: 3076/5000 | Episode reward:  1305.83 | Episode steps: 2500 | Average reward:  1312.24 | Step Count: 6793611 | Episode Q0:    43.36
Episode: 3077/5000 | Episode reward:  1290.23 | Episode steps: 2500 | Average reward:  1310.30 | Step Count: 6796111 | Episode Q0:    43.36
Episode: 3078/5000 | Episode reward:  1315.65 | Episode steps: 2500 | Average reward:  1309.90 | Step Count: 6798611 | Episode Q0:    43.36
Episode: 3079/5000 | Episode reward:  1253.84 | Episode steps: 2500 | Average reward:  1302.28 | Step Count: 6801111 | Episode Q0:    43.36
Episode: 3080/5000 | Episode reward:  1312.92 | Episode steps: 2500 | Average reward:  1301.49 | Step Count: 6803611 | Episode Q0:    43.36
Episode: 3081/5000 | Episode reward:  1312.92 | Episode steps: 2500 | Average reward:  1301.31 | Step Count: 6806111 | Episode Q0:    43.36
Episode: 3082/5000 | Episode reward:  1285.61 | Episode steps: 2500 | Average reward:  1301.99 | Step Count: 6808611 | Episode Q0:    43.36
Episode: 3083/5000 | Episode reward:  1314.18 | Episode steps: 2500 | Average reward:  1302.98 | Step Count: 6811111 | Episode Q0:    43.36
Episode: 3084/5000 | Episode reward:  1313.08 | Episode steps: 2500 | Average reward:  1301.05 | Step Count: 6813611 | Episode Q0:    43.36
Episode: 3085/5000 | Episode reward:  1316.17 | Episode steps: 2500 | Average reward:  1302.04 | Step Count: 6816111 | Episode Q0:    43.36
Episode: 3086/5000 | Episode reward:  1212.21 | Episode steps: 2500 | Average reward:  1292.68 | Step Count: 6818611 | Episode Q0:    43.36
Episode: 3087/5000 | Episode reward:  1166.18 | Episode steps: 2500 | Average reward:  1280.28 | Step Count: 6821111 | Episode Q0:    43.80
Episode: 3088/5000 | Episode reward:  1172.46 | Episode steps: 2500 | Average reward:  1265.96 | Step Count: 6823611 | Episode Q0:    43.80
Episode: 3089/5000 | Episode reward:  1170.44 | Episode steps: 2500 | Average reward:  1257.62 | Step Count: 6826111 | Episode Q0:    43.80
Episode: 3090/5000 | Episode reward:  1137.35 | Episode steps: 2500 | Average reward:  1240.06 | Step Count: 6828611 | Episode Q0:    43.80
Episode: 3091/5000 | Episode reward:  1178.17 | Episode steps: 2500 | Average reward:  1226.58 | Step Count: 6831111 | Episode Q0:    43.80
Episode: 3092/5000 | Episode reward:  1213.42 | Episode steps: 2500 | Average reward:  1219.37 | Step Count: 6833611 | Episode Q0:    43.80
Episode: 3093/5000 | Episode reward:  1229.61 | Episode steps: 2500 | Average reward:  1210.91 | Step Count: 6836111 | Episode Q0:    43.80
Episode: 3094/5000 | Episode reward:  1157.67 | Episode steps: 2500 | Average reward:  1195.37 | Step Count: 6838611 | Episode Q0:    43.80
Episode: 3095/5000 | Episode reward:  1195.40 | Episode steps: 2500 | Average reward:  1183.29 | Step Count: 6841111 | Episode Q0:    43.80
Episode: 3096/5000 | Episode reward:  1189.84 | Episode steps: 2500 | Average reward:  1181.05 | Step Count: 6843611 | Episode Q0:    43.80
Episode: 3097/5000 | Episode reward:  1203.52 | Episode steps: 2500 | Average reward:  1184.79 | Step Count: 6846111 | Episode Q0:    43.80
Episode: 3098/5000 | Episode reward:  1198.61 | Episode steps: 2500 | Average reward:  1187.40 | Step Count: 6848611 | Episode Q0:    43.80
Episode: 3099/5000 | Episode reward:  1208.94 | Episode steps: 2500 | Average reward:  1191.25 | Step Count: 6851111 | Episode Q0:    43.80
Episode: 3100/5000 | Episode reward:  1193.53 | Episode steps: 2500 | Average reward:  1196.87 | Step Count: 6853611 | Episode Q0:    43.80
Episode: 3101/5000 | Episode reward:  1193.78 | Episode steps: 2500 | Average reward:  1198.43 | Step Count: 6856111 | Episode Q0:    43.80
Episode: 3102/5000 | Episode reward:   987.06 | Episode steps: 2500 | Average reward:  1175.80 | Step Count: 6858611 | Episode Q0:    43.80
Episode: 3103/5000 | Episode reward:   974.35 | Episode steps: 2500 | Average reward:  1150.27 | Step Count: 6861111 | Episode Q0:    43.80
Episode: 3104/5000 | Episode reward:  1204.33 | Episode steps: 2500 | Average reward:  1154.94 | Step Count: 6863611 | Episode Q0:    45.10
Episode: 3105/5000 | Episode reward:  1197.62 | Episode steps: 2500 | Average reward:  1155.16 | Step Count: 6866111 | Episode Q0:    45.10
Episode: 3106/5000 | Episode reward:  1214.88 | Episode steps: 2500 | Average reward:  1157.66 | Step Count: 6868611 | Episode Q0:    45.10
Episode: 3107/5000 | Episode reward:  1186.83 | Episode steps: 2500 | Average reward:  1155.99 | Step Count: 6871111 | Episode Q0:    45.10
Episode: 3108/5000 | Episode reward:  1194.77 | Episode steps: 2500 | Average reward:  1155.61 | Step Count: 6873611 | Episode Q0:    45.10
Episode: 3109/5000 | Episode reward:  1198.79 | Episode steps: 2500 | Average reward:  1154.59 | Step Count: 6876111 | Episode Q0:    45.10
Episode: 3110/5000 | Episode reward:  1181.14 | Episode steps: 2500 | Average reward:  1153.36 | Step Count: 6878611 | Episode Q0:    45.10
Episode: 3111/5000 | Episode reward:  1203.87 | Episode steps: 2500 | Average reward:  1154.36 | Step Count: 6881111 | Episode Q0:    45.10
Episode: 3112/5000 | Episode reward:  1206.80 | Episode steps: 2500 | Average reward:  1176.34 | Step Count: 6883611 | Episode Q0:    45.10
Episode: 3113/5000 | Episode reward:  1186.10 | Episode steps: 2500 | Average reward:  1197.51 | Step Count: 6886111 | Episode Q0:    45.10
Episode: 3114/5000 | Episode reward:  1195.74 | Episode steps: 2500 | Average reward:  1196.66 | Step Count: 6888611 | Episode Q0:    45.10
Episode: 3115/5000 | Episode reward:  1168.59 | Episode steps: 2500 | Average reward:  1193.75 | Step Count: 6891111 | Episode Q0:    45.10
Episode: 3116/5000 | Episode reward:  1159.11 | Episode steps: 2500 | Average reward:  1188.18 | Step Count: 6893611 | Episode Q0:    45.10
Episode: 3117/5000 | Episode reward:  1190.23 | Episode steps: 2500 | Average reward:  1188.52 | Step Count: 6896111 | Episode Q0:    45.10
Episode: 3118/5000 | Episode reward:  1184.31 | Episode steps: 2500 | Average reward:  1187.47 | Step Count: 6898611 | Episode Q0:    45.10
Episode: 3119/5000 | Episode reward:  1187.82 | Episode steps: 2500 | Average reward:  1186.37 | Step Count: 6901111 | Episode Q0:    45.10
Episode: 3120/5000 | Episode reward:  1196.45 | Episode steps: 2500 | Average reward:  1187.90 | Step Count: 6903611 | Episode Q0:    45.10
Episode: 3121/5000 | Episode reward:  1193.08 | Episode steps: 2500 | Average reward:  1186.82 | Step Count: 6906111 | Episode Q0:    45.10
Episode: 3122/5000 | Episode reward:  1201.78 | Episode steps: 2500 | Average reward:  1186.32 | Step Count: 6908611 | Episode Q0:    45.10
Episode: 3123/5000 | Episode reward:  1190.27 | Episode steps: 2500 | Average reward:  1186.74 | Step Count: 6911111 | Episode Q0:    45.10
Episode: 3124/5000 | Episode reward:  1185.20 | Episode steps: 2500 | Average reward:  1185.69 | Step Count: 6913611 | Episode Q0:    45.10
Episode: 3125/5000 | Episode reward:  1201.16 | Episode steps: 2500 | Average reward:  1188.94 | Step Count: 6916111 | Episode Q0:    45.10
Episode: 3126/5000 | Episode reward:  1186.51 | Episode steps: 2500 | Average reward:  1191.68 | Step Count: 6918611 | Episode Q0:    45.10
Episode: 3127/5000 | Episode reward:  1201.44 | Episode steps: 2500 | Average reward:  1192.80 | Step Count: 6921111 | Episode Q0:    45.10
Episode: 3128/5000 | Episode reward:  1210.33 | Episode steps: 2500 | Average reward:  1195.40 | Step Count: 6923611 | Episode Q0:    45.10
Episode: 3129/5000 | Episode reward:  1210.47 | Episode steps: 2500 | Average reward:  1197.67 | Step Count: 6926111 | Episode Q0:    45.10
Episode: 3130/5000 | Episode reward:  1201.38 | Episode steps: 2500 | Average reward:  1198.16 | Step Count: 6928611 | Episode Q0:    45.10
Episode: 3131/5000 | Episode reward:  1225.54 | Episode steps: 2500 | Average reward:  1201.41 | Step Count: 6931111 | Episode Q0:    45.31
Episode: 3132/5000 | Episode reward:  1178.02 | Episode steps: 2500 | Average reward:  1199.03 | Step Count: 6933611 | Episode Q0:    45.31
Episode: 3133/5000 | Episode reward:  1237.65 | Episode steps: 2500 | Average reward:  1203.77 | Step Count: 6936111 | Episode Q0:    45.31
Episode: 3134/5000 | Episode reward:  1210.39 | Episode steps: 2500 | Average reward:  1206.29 | Step Count: 6938611 | Episode Q0:    45.31
Episode: 3135/5000 | Episode reward:  1156.39 | Episode steps: 2500 | Average reward:  1201.81 | Step Count: 6941111 | Episode Q0:    45.31
Episode: 3136/5000 | Episode reward:  1201.62 | Episode steps: 2500 | Average reward:  1203.32 | Step Count: 6943611 | Episode Q0:    45.31
Episode: 3137/5000 | Episode reward:  1230.62 | Episode steps: 2500 | Average reward:  1206.24 | Step Count: 6946111 | Episode Q0:    45.31
Episode: 3138/5000 | Episode reward:  1217.32 | Episode steps: 2500 | Average reward:  1206.94 | Step Count: 6948611 | Episode Q0:    45.31
Episode: 3139/5000 | Episode reward:  1208.59 | Episode steps: 2500 | Average reward:  1206.75 | Step Count: 6951111 | Episode Q0:    45.31
Episode: 3140/5000 | Episode reward:  1198.48 | Episode steps: 2500 | Average reward:  1206.46 | Step Count: 6953611 | Episode Q0:    45.31
Episode: 3141/5000 | Episode reward:  1140.05 | Episode steps: 2500 | Average reward:  1197.91 | Step Count: 6956111 | Episode Q0:    45.31
Episode: 3142/5000 | Episode reward:  1189.43 | Episode steps: 2500 | Average reward:  1199.05 | Step Count: 6958611 | Episode Q0:    45.31
Episode: 3143/5000 | Episode reward:  1208.27 | Episode steps: 2500 | Average reward:  1196.12 | Step Count: 6961111 | Episode Q0:    45.31
Episode: 3144/5000 | Episode reward:  1190.21 | Episode steps: 2500 | Average reward:  1194.10 | Step Count: 6963611 | Episode Q0:    45.31
Episode: 3145/5000 | Episode reward:  1175.24 | Episode steps: 2500 | Average reward:  1195.98 | Step Count: 6966111 | Episode Q0:    45.31
Episode: 3146/5000 | Episode reward:  1188.28 | Episode steps: 2500 | Average reward:  1194.65 | Step Count: 6968611 | Episode Q0:    45.31
Episode: 3147/5000 | Episode reward:  1221.30 | Episode steps: 2500 | Average reward:  1193.72 | Step Count: 6971111 | Episode Q0:    45.31
Episode: 3148/5000 | Episode reward:  1224.70 | Episode steps: 2500 | Average reward:  1194.46 | Step Count: 6973611 | Episode Q0:    45.60
Episode: 3149/5000 | Episode reward:  1241.16 | Episode steps: 2500 | Average reward:  1197.71 | Step Count: 6976111 | Episode Q0:    45.60
Episode: 3150/5000 | Episode reward:  1226.12 | Episode steps: 2500 | Average reward:  1200.48 | Step Count: 6978611 | Episode Q0:    45.60
Episode: 3151/5000 | Episode reward:  1231.07 | Episode steps: 2500 | Average reward:  1209.58 | Step Count: 6981111 | Episode Q0:    45.60
Episode: 3152/5000 | Episode reward:  1231.12 | Episode steps: 2500 | Average reward:  1213.75 | Step Count: 6983611 | Episode Q0:    45.60
Episode: 3153/5000 | Episode reward:  1212.21 | Episode steps: 2500 | Average reward:  1214.14 | Step Count: 6986111 | Episode Q0:    45.60
Episode: 3154/5000 | Episode reward:  1226.05 | Episode steps: 2500 | Average reward:  1217.73 | Step Count: 6988611 | Episode Q0:    45.60
Episode: 3155/5000 | Episode reward:  1225.91 | Episode steps: 2500 | Average reward:  1222.79 | Step Count: 6991111 | Episode Q0:    45.60
Episode: 3156/5000 | Episode reward:  1232.09 | Episode steps: 2500 | Average reward:  1227.17 | Step Count: 6993611 | Episode Q0:    45.60
Episode: 3157/5000 | Episode reward:  1216.88 | Episode steps: 2500 | Average reward:  1226.73 | Step Count: 6996111 | Episode Q0:    45.60
Episode: 3158/5000 | Episode reward:  1211.16 | Episode steps: 2500 | Average reward:  1225.38 | Step Count: 6998611 | Episode Q0:    45.60
Episode: 3159/5000 | Episode reward:  1231.66 | Episode steps: 2500 | Average reward:  1224.43 | Step Count: 7001111 | Episode Q0:    45.60
Episode: 3160/5000 | Episode reward:  1218.80 | Episode steps: 2500 | Average reward:  1223.70 | Step Count: 7003611 | Episode Q0:    45.60
Episode: 3161/5000 | Episode reward:  1218.73 | Episode steps: 2500 | Average reward:  1222.46 | Step Count: 7006111 | Episode Q0:    45.60
Episode: 3162/5000 | Episode reward:  1217.59 | Episode steps: 2500 | Average reward:  1221.11 | Step Count: 7008611 | Episode Q0:    45.60
Episode: 3163/5000 | Episode reward:  1225.84 | Episode steps: 2500 | Average reward:  1222.47 | Step Count: 7011111 | Episode Q0:    45.60
Episode: 3164/5000 | Episode reward:  1228.81 | Episode steps: 2500 | Average reward:  1222.75 | Step Count: 7013611 | Episode Q0:    45.60
Episode: 3165/5000 | Episode reward:  1167.18 | Episode steps: 2500 | Average reward:  1216.88 | Step Count: 7016111 | Episode Q0:    45.60
Episode: 3166/5000 | Episode reward:  1197.40 | Episode steps: 2500 | Average reward:  1213.41 | Step Count: 7018611 | Episode Q0:    45.60
Episode: 3167/5000 | Episode reward:  1234.50 | Episode steps: 2500 | Average reward:  1215.17 | Step Count: 7021111 | Episode Q0:    45.60
Episode: 3168/5000 | Episode reward:  1214.94 | Episode steps: 2500 | Average reward:  1215.55 | Step Count: 7023611 | Episode Q0:    45.60
Episode: 3169/5000 | Episode reward:  1234.11 | Episode steps: 2500 | Average reward:  1215.79 | Step Count: 7026111 | Episode Q0:    45.60
Episode: 3170/5000 | Episode reward:  1219.37 | Episode steps: 2500 | Average reward:  1215.85 | Step Count: 7028611 | Episode Q0:    45.60
Episode: 3171/5000 | Episode reward:  1226.92 | Episode steps: 2500 | Average reward:  1216.67 | Step Count: 7031111 | Episode Q0:    45.60
Episode: 3172/5000 | Episode reward:  1214.27 | Episode steps: 2500 | Average reward:  1216.34 | Step Count: 7033611 | Episode Q0:    45.60
Episode: 3173/5000 | Episode reward:  1220.25 | Episode steps: 2500 | Average reward:  1215.78 | Step Count: 7036111 | Episode Q0:    45.60
Episode: 3174/5000 | Episode reward:  1239.99 | Episode steps: 2500 | Average reward:  1216.89 | Step Count: 7038611 | Episode Q0:    45.60
Episode: 3175/5000 | Episode reward:  1217.35 | Episode steps: 2500 | Average reward:  1221.91 | Step Count: 7041111 | Episode Q0:    45.65
Episode: 3176/5000 | Episode reward:  1227.44 | Episode steps: 2500 | Average reward:  1224.91 | Step Count: 7043611 | Episode Q0:    45.65
Episode: 3177/5000 | Episode reward:  1222.09 | Episode steps: 2500 | Average reward:  1223.67 | Step Count: 7046111 | Episode Q0:    45.65
Episode: 3178/5000 | Episode reward:  1202.13 | Episode steps: 2500 | Average reward:  1222.39 | Step Count: 7048611 | Episode Q0:    45.65
Episode: 3179/5000 | Episode reward:  1231.72 | Episode steps: 2500 | Average reward:  1222.15 | Step Count: 7051111 | Episode Q0:    45.65
Episode: 3180/5000 | Episode reward:  1215.42 | Episode steps: 2500 | Average reward:  1221.76 | Step Count: 7053611 | Episode Q0:    45.65
Episode: 3181/5000 | Episode reward:  1222.16 | Episode steps: 2500 | Average reward:  1221.28 | Step Count: 7056111 | Episode Q0:    45.65
Episode: 3182/5000 | Episode reward:  1229.37 | Episode steps: 2500 | Average reward:  1222.79 | Step Count: 7058611 | Episode Q0:    45.65
Episode: 3183/5000 | Episode reward:  1201.49 | Episode steps: 2500 | Average reward:  1220.92 | Step Count: 7061111 | Episode Q0:    45.65
Episode: 3184/5000 | Episode reward:  1212.49 | Episode steps: 2500 | Average reward:  1218.17 | Step Count: 7063611 | Episode Q0:    45.65
Episode: 3185/5000 | Episode reward:  1214.06 | Episode steps: 2500 | Average reward:  1217.84 | Step Count: 7066111 | Episode Q0:    45.65
Episode: 3186/5000 | Episode reward:  1206.04 | Episode steps: 2500 | Average reward:  1215.70 | Step Count: 7068611 | Episode Q0:    45.65
Episode: 3187/5000 | Episode reward:  1245.46 | Episode steps: 2500 | Average reward:  1218.03 | Step Count: 7071111 | Episode Q0:    45.65
Episode: 3188/5000 | Episode reward:  1212.36 | Episode steps: 2500 | Average reward:  1219.06 | Step Count: 7073611 | Episode Q0:    45.65
Episode: 3189/5000 | Episode reward:  1207.36 | Episode steps: 2500 | Average reward:  1216.62 | Step Count: 7076111 | Episode Q0:    45.65
Episode: 3190/5000 | Episode reward:  1226.99 | Episode steps: 2500 | Average reward:  1217.78 | Step Count: 7078611 | Episode Q0:    45.65
Episode: 3191/5000 | Episode reward:  1208.69 | Episode steps: 2500 | Average reward:  1216.43 | Step Count: 7081111 | Episode Q0:    45.65
Episode: 3192/5000 | Episode reward:   -40.90 | Episode steps:   90 | Average reward:  1089.40 | Step Count: 7081201 | Episode Q0:    45.65
Episode: 3193/5000 | Episode reward:    21.53 | Episode steps:  189 | Average reward:   971.41 | Step Count: 7081390 | Episode Q0:    45.65
Episode: 3194/5000 | Episode reward:  1223.94 | Episode steps: 2500 | Average reward:   972.55 | Step Count: 7083890 | Episode Q0:    45.78
Episode: 3195/5000 | Episode reward:  1206.79 | Episode steps: 2500 | Average reward:   971.83 | Step Count: 7086390 | Episode Q0:    45.78
Episode: 3196/5000 | Episode reward:  1216.60 | Episode steps: 2500 | Average reward:   972.88 | Step Count: 7088890 | Episode Q0:    45.78
Episode: 3197/5000 | Episode reward:  1227.27 | Episode steps: 2500 | Average reward:   971.06 | Step Count: 7091390 | Episode Q0:    45.78
Episode: 3198/5000 | Episode reward:  1181.64 | Episode steps: 2500 | Average reward:   967.99 | Step Count: 7093890 | Episode Q0:    45.78
Episode: 3199/5000 | Episode reward:  1216.46 | Episode steps: 2500 | Average reward:   968.90 | Step Count: 7096390 | Episode Q0:    45.78
Episode: 3200/5000 | Episode reward:  1211.51 | Episode steps: 2500 | Average reward:   967.35 | Step Count: 7098890 | Episode Q0:    45.78
Episode: 3201/5000 | Episode reward:  1218.89 | Episode steps: 2500 | Average reward:   968.37 | Step Count: 7101390 | Episode Q0:    45.78
Episode: 3202/5000 | Episode reward:  1209.09 | Episode steps: 2500 | Average reward:  1093.37 | Step Count: 7103890 | Episode Q0:    45.78
Episode: 3203/5000 | Episode reward:  1231.86 | Episode steps: 2500 | Average reward:  1214.41 | Step Count: 7106390 | Episode Q0:    45.78
Episode: 3204/5000 | Episode reward:  1213.67 | Episode steps: 2500 | Average reward:  1213.38 | Step Count: 7108890 | Episode Q0:    45.78
Episode: 3205/5000 | Episode reward:  1215.19 | Episode steps: 2500 | Average reward:  1214.22 | Step Count: 7111390 | Episode Q0:    45.78
Episode: 3206/5000 | Episode reward:  1224.18 | Episode steps: 2500 | Average reward:  1214.98 | Step Count: 7113890 | Episode Q0:    45.78
Episode: 3207/5000 | Episode reward:  1177.30 | Episode steps: 2500 | Average reward:  1209.98 | Step Count: 7116390 | Episode Q0:    45.78
Episode: 3208/5000 | Episode reward:  1215.79 | Episode steps: 2500 | Average reward:  1213.39 | Step Count: 7118890 | Episode Q0:    45.78
Episode: 3209/5000 | Episode reward:  1196.66 | Episode steps: 2500 | Average reward:  1211.41 | Step Count: 7121390 | Episode Q0:    45.78
Episode: 3210/5000 | Episode reward:  1218.70 | Episode steps: 2500 | Average reward:  1212.13 | Step Count: 7123890 | Episode Q0:    45.78
Episode: 3211/5000 | Episode reward:  1143.81 | Episode steps: 2500 | Average reward:  1204.63 | Step Count: 7126390 | Episode Q0:    45.78
Episode: 3212/5000 | Episode reward:  1153.14 | Episode steps: 2500 | Average reward:  1199.03 | Step Count: 7128890 | Episode Q0:    45.78
Episode: 3213/5000 | Episode reward:  1191.17 | Episode steps: 2500 | Average reward:  1194.96 | Step Count: 7131390 | Episode Q0:    45.78
Episode: 3214/5000 | Episode reward:  1121.16 | Episode steps: 2500 | Average reward:  1185.71 | Step Count: 7133890 | Episode Q0:    45.78
Episode: 3215/5000 | Episode reward:  1226.35 | Episode steps: 2500 | Average reward:  1186.83 | Step Count: 7136390 | Episode Q0:    45.78
Episode: 3216/5000 | Episode reward:  1224.99 | Episode steps: 2500 | Average reward:  1186.91 | Step Count: 7138890 | Episode Q0:    45.78
Episode: 3217/5000 | Episode reward:  1190.62 | Episode steps: 2500 | Average reward:  1188.24 | Step Count: 7141390 | Episode Q0:    45.78
Episode: 3218/5000 | Episode reward:  1213.04 | Episode steps: 2500 | Average reward:  1187.96 | Step Count: 7143890 | Episode Q0:    45.78
Episode: 3219/5000 | Episode reward:  1194.28 | Episode steps: 2500 | Average reward:  1187.73 | Step Count: 7146390 | Episode Q0:    46.53
Episode: 3220/5000 | Episode reward:  1187.88 | Episode steps: 2500 | Average reward:  1184.64 | Step Count: 7148890 | Episode Q0:    46.53
Episode: 3221/5000 | Episode reward:  1214.94 | Episode steps: 2500 | Average reward:  1191.76 | Step Count: 7151390 | Episode Q0:    46.53
Episode: 3222/5000 | Episode reward:  1210.26 | Episode steps: 2500 | Average reward:  1197.47 | Step Count: 7153890 | Episode Q0:    46.53
Episode: 3223/5000 | Episode reward:  1136.24 | Episode steps: 2500 | Average reward:  1191.97 | Step Count: 7156390 | Episode Q0:    46.53
Episode: 3224/5000 | Episode reward:  1215.54 | Episode steps: 2500 | Average reward:  1201.41 | Step Count: 7158890 | Episode Q0:    46.53
Episode: 3225/5000 | Episode reward:  1180.27 | Episode steps: 2500 | Average reward:  1196.80 | Step Count: 7161390 | Episode Q0:    46.53
Episode: 3226/5000 | Episode reward:  1207.29 | Episode steps: 2500 | Average reward:  1195.03 | Step Count: 7163890 | Episode Q0:    46.53
Episode: 3227/5000 | Episode reward:  1175.03 | Episode steps: 2500 | Average reward:  1193.48 | Step Count: 7166390 | Episode Q0:    46.53
Episode: 3228/5000 | Episode reward:  1118.68 | Episode steps: 2500 | Average reward:  1184.04 | Step Count: 7168890 | Episode Q0:    46.53
Episode: 3229/5000 | Episode reward:  1215.05 | Episode steps: 2500 | Average reward:  1186.12 | Step Count: 7171390 | Episode Q0:    46.53
Episode: 3230/5000 | Episode reward:  1197.36 | Episode steps: 2500 | Average reward:  1187.06 | Step Count: 7173890 | Episode Q0:    46.53
Episode: 3231/5000 | Episode reward:  1154.07 | Episode steps: 2500 | Average reward:  1180.98 | Step Count: 7176390 | Episode Q0:    46.53
Episode: 3232/5000 | Episode reward:  1164.12 | Episode steps: 2500 | Average reward:  1176.36 | Step Count: 7178890 | Episode Q0:    46.53
Episode: 3233/5000 | Episode reward:  1098.90 | Episode steps: 2500 | Average reward:  1172.63 | Step Count: 7181390 | Episode Q0:    46.53
Episode: 3234/5000 | Episode reward:  1136.77 | Episode steps: 2500 | Average reward:  1164.75 | Step Count: 7183890 | Episode Q0:    46.53
Episode: 3235/5000 | Episode reward:  1228.27 | Episode steps: 2500 | Average reward:  1169.55 | Step Count: 7186390 | Episode Q0:    46.53
Episode: 3236/5000 | Episode reward:   -12.02 | Episode steps:  138 | Average reward:  1047.62 | Step Count: 7186528 | Episode Q0:    46.53
Episode: 3237/5000 | Episode reward:  1102.46 | Episode steps: 2500 | Average reward:  1040.37 | Step Count: 7189028 | Episode Q0:    46.53
Episode: 3238/5000 | Episode reward:  1206.30 | Episode steps: 2500 | Average reward:  1049.13 | Step Count: 7191528 | Episode Q0:    46.33
Episode: 3239/5000 | Episode reward:  1238.24 | Episode steps: 2500 | Average reward:  1051.45 | Step Count: 7194028 | Episode Q0:    46.33
Episode: 3240/5000 | Episode reward:  1212.40 | Episode steps: 2500 | Average reward:  1052.95 | Step Count: 7196528 | Episode Q0:    46.33
Episode: 3241/5000 | Episode reward:  1210.15 | Episode steps: 2500 | Average reward:  1058.56 | Step Count: 7199028 | Episode Q0:    46.33
Episode: 3242/5000 | Episode reward:  1203.39 | Episode steps: 2500 | Average reward:  1062.49 | Step Count: 7201528 | Episode Q0:    46.33
Episode: 3243/5000 | Episode reward:  1222.87 | Episode steps: 2500 | Average reward:  1074.88 | Step Count: 7204028 | Episode Q0:    46.33
Episode: 3244/5000 | Episode reward:  1195.60 | Episode steps: 2500 | Average reward:  1080.77 | Step Count: 7206528 | Episode Q0:    46.33
Episode: 3245/5000 | Episode reward:  1218.46 | Episode steps: 2500 | Average reward:  1079.79 | Step Count: 7209028 | Episode Q0:    46.33
Episode: 3246/5000 | Episode reward:  1199.79 | Episode steps: 2500 | Average reward:  1200.97 | Step Count: 7211528 | Episode Q0:    46.33
Episode: 3247/5000 | Episode reward:  1223.87 | Episode steps: 2500 | Average reward:  1213.11 | Step Count: 7214028 | Episode Q0:    46.33
Episode: 3248/5000 | Episode reward:  1234.73 | Episode steps: 2500 | Average reward:  1215.95 | Step Count: 7216528 | Episode Q0:    46.33
Episode: 3249/5000 | Episode reward:  1210.84 | Episode steps: 2500 | Average reward:  1213.21 | Step Count: 7219028 | Episode Q0:    46.33
Episode: 3250/5000 | Episode reward:  1228.32 | Episode steps: 2500 | Average reward:  1214.80 | Step Count: 7221528 | Episode Q0:    46.33
Episode: 3251/5000 | Episode reward:  1186.25 | Episode steps: 2500 | Average reward:  1212.41 | Step Count: 7224028 | Episode Q0:    46.33
Episode: 3252/5000 | Episode reward:  1234.55 | Episode steps: 2500 | Average reward:  1215.53 | Step Count: 7226528 | Episode Q0:    46.33
Episode: 3253/5000 | Episode reward:  1192.94 | Episode steps: 2500 | Average reward:  1212.54 | Step Count: 7229028 | Episode Q0:    46.33
Episode: 3254/5000 | Episode reward:  1222.25 | Episode steps: 2500 | Average reward:  1215.20 | Step Count: 7231528 | Episode Q0:    46.33
Episode: 3255/5000 | Episode reward:  1173.44 | Episode steps: 2500 | Average reward:  1210.70 | Step Count: 7234028 | Episode Q0:    46.33
Episode: 3256/5000 | Episode reward:  1211.70 | Episode steps: 2500 | Average reward:  1211.89 | Step Count: 7236528 | Episode Q0:    46.33
Episode: 3257/5000 | Episode reward:  1216.84 | Episode steps: 2500 | Average reward:  1211.19 | Step Count: 7239028 | Episode Q0:    46.33
Episode: 3258/5000 | Episode reward:  1210.40 | Episode steps: 2500 | Average reward:  1208.75 | Step Count: 7241528 | Episode Q0:    46.33
Episode: 3259/5000 | Episode reward:  1133.70 | Episode steps: 2500 | Average reward:  1201.04 | Step Count: 7244028 | Episode Q0:    46.33
Episode: 3260/5000 | Episode reward:  1237.90 | Episode steps: 2500 | Average reward:  1202.00 | Step Count: 7246528 | Episode Q0:    46.33
Episode: 3261/5000 | Episode reward:  1190.91 | Episode steps: 2500 | Average reward:  1202.46 | Step Count: 7249028 | Episode Q0:    46.33
Episode: 3262/5000 | Episode reward:  1205.25 | Episode steps: 2500 | Average reward:  1199.53 | Step Count: 7251528 | Episode Q0:    46.33
Episode: 3263/5000 | Episode reward:  1222.24 | Episode steps: 2500 | Average reward:  1202.46 | Step Count: 7254028 | Episode Q0:    46.01
Episode: 3264/5000 | Episode reward:  1233.39 | Episode steps: 2500 | Average reward:  1203.58 | Step Count: 7256528 | Episode Q0:    46.01
Episode: 3265/5000 | Episode reward:  1248.57 | Episode steps: 2500 | Average reward:  1211.09 | Step Count: 7259028 | Episode Q0:    46.01
Episode: 3266/5000 | Episode reward:  1227.70 | Episode steps: 2500 | Average reward:  1212.69 | Step Count: 7261528 | Episode Q0:    46.01
Episode: 3267/5000 | Episode reward:  1248.90 | Episode steps: 2500 | Average reward:  1215.89 | Step Count: 7264028 | Episode Q0:    46.01
Episode: 3268/5000 | Episode reward:  1240.11 | Episode steps: 2500 | Average reward:  1218.87 | Step Count: 7266528 | Episode Q0:    46.01
Episode: 3269/5000 | Episode reward:  1252.28 | Episode steps: 2500 | Average reward:  1230.72 | Step Count: 7269028 | Episode Q0:    46.01
Episode: 3270/5000 | Episode reward:  1247.75 | Episode steps: 2500 | Average reward:  1231.71 | Step Count: 7271528 | Episode Q0:    46.01
Episode: 3271/5000 | Episode reward:  1206.82 | Episode steps: 2500 | Average reward:  1233.30 | Step Count: 7274028 | Episode Q0:    46.01
Episode: 3272/5000 | Episode reward:  1233.28 | Episode steps: 2500 | Average reward:  1236.10 | Step Count: 7276528 | Episode Q0:    46.01
Episode: 3273/5000 | Episode reward:  1221.14 | Episode steps: 2500 | Average reward:  1235.99 | Step Count: 7279028 | Episode Q0:    46.01
Episode: 3274/5000 | Episode reward:  1224.84 | Episode steps: 2500 | Average reward:  1235.14 | Step Count: 7281528 | Episode Q0:    46.01
Episode: 3275/5000 | Episode reward:  1250.21 | Episode steps: 2500 | Average reward:  1235.30 | Step Count: 7284028 | Episode Q0:    46.01
Episode: 3276/5000 | Episode reward:  1252.05 | Episode steps: 2500 | Average reward:  1237.74 | Step Count: 7286528 | Episode Q0:    46.01
Episode: 3277/5000 | Episode reward:  1230.97 | Episode steps: 2500 | Average reward:  1235.94 | Step Count: 7289028 | Episode Q0:    46.01
Episode: 3278/5000 | Episode reward:  1233.24 | Episode steps: 2500 | Average reward:  1235.26 | Step Count: 7291528 | Episode Q0:    46.01
Episode: 3279/5000 | Episode reward:  1242.69 | Episode steps: 2500 | Average reward:  1234.30 | Step Count: 7294028 | Episode Q0:    46.01
Episode: 3280/5000 | Episode reward:  1239.68 | Episode steps: 2500 | Average reward:  1233.49 | Step Count: 7296528 | Episode Q0:    46.01
Episode: 3281/5000 | Episode reward:  1254.58 | Episode steps: 2500 | Average reward:  1238.27 | Step Count: 7299028 | Episode Q0:    46.01
Episode: 3282/5000 | Episode reward:  1210.79 | Episode steps: 2500 | Average reward:  1236.02 | Step Count: 7301528 | Episode Q0:    45.69
Episode: 3283/5000 | Episode reward:  1169.07 | Episode steps: 2500 | Average reward:  1230.81 | Step Count: 7304028 | Episode Q0:    45.69
Episode: 3284/5000 | Episode reward:  1207.42 | Episode steps: 2500 | Average reward:  1229.07 | Step Count: 7306528 | Episode Q0:    45.69
Episode: 3285/5000 | Episode reward:  1239.97 | Episode steps: 2500 | Average reward:  1228.04 | Step Count: 7309028 | Episode Q0:    45.69
Episode: 3286/5000 | Episode reward:  1219.91 | Episode steps: 2500 | Average reward:  1224.83 | Step Count: 7311528 | Episode Q0:    45.69
Episode: 3287/5000 | Episode reward:  1228.08 | Episode steps: 2500 | Average reward:  1224.54 | Step Count: 7314028 | Episode Q0:    45.69
Episode: 3288/5000 | Episode reward:  1235.39 | Episode steps: 2500 | Average reward:  1224.76 | Step Count: 7316528 | Episode Q0:    45.69
Episode: 3289/5000 | Episode reward:  1217.28 | Episode steps: 2500 | Average reward:  1222.22 | Step Count: 7319028 | Episode Q0:    45.69
Episode: 3290/5000 | Episode reward:  1205.25 | Episode steps: 2500 | Average reward:  1218.77 | Step Count: 7321528 | Episode Q0:    45.69
Episode: 3291/5000 | Episode reward:  1234.63 | Episode steps: 2500 | Average reward:  1216.78 | Step Count: 7324028 | Episode Q0:    45.69
Episode: 3292/5000 | Episode reward:  1210.41 | Episode steps: 2500 | Average reward:  1216.74 | Step Count: 7326528 | Episode Q0:    45.69
Episode: 3293/5000 | Episode reward:  1213.59 | Episode steps: 2500 | Average reward:  1221.19 | Step Count: 7329028 | Episode Q0:    45.69
Episode: 3294/5000 | Episode reward:  1225.06 | Episode steps: 2500 | Average reward:  1222.96 | Step Count: 7331528 | Episode Q0:    45.69
Episode: 3295/5000 | Episode reward:  1266.23 | Episode steps: 2500 | Average reward:  1225.58 | Step Count: 7334028 | Episode Q0:    45.69
Episode: 3296/5000 | Episode reward:  1225.73 | Episode steps: 2500 | Average reward:  1226.17 | Step Count: 7336528 | Episode Q0:    45.69
Episode: 3297/5000 | Episode reward:  1214.69 | Episode steps: 2500 | Average reward:  1224.83 | Step Count: 7339028 | Episode Q0:    45.69
Episode: 3298/5000 | Episode reward:  1212.60 | Episode steps: 2500 | Average reward:  1222.55 | Step Count: 7341528 | Episode Q0:    45.69
Episode: 3299/5000 | Episode reward:  1296.27 | Episode steps: 2500 | Average reward:  1230.45 | Step Count: 7344028 | Episode Q0:    45.69
Episode: 3300/5000 | Episode reward:  1203.18 | Episode steps: 2500 | Average reward:  1230.24 | Step Count: 7346528 | Episode Q0:    45.69
Episode: 3301/5000 | Episode reward:  1203.12 | Episode steps: 2500 | Average reward:  1227.09 | Step Count: 7349028 | Episode Q0:    45.69
Episode: 3302/5000 | Episode reward:  1236.05 | Episode steps: 2500 | Average reward:  1229.65 | Step Count: 7351528 | Episode Q0:    45.69
Episode: 3303/5000 | Episode reward:  1229.19 | Episode steps: 2500 | Average reward:  1231.21 | Step Count: 7354028 | Episode Q0:    45.69
Episode: 3304/5000 | Episode reward:  1233.74 | Episode steps: 2500 | Average reward:  1232.08 | Step Count: 7356528 | Episode Q0:    45.69
Episode: 3305/5000 | Episode reward:  1235.86 | Episode steps: 2500 | Average reward:  1229.04 | Step Count: 7359028 | Episode Q0:    45.69
Episode: 3306/5000 | Episode reward:  1204.82 | Episode steps: 2500 | Average reward:  1226.95 | Step Count: 7361528 | Episode Q0:    45.69
Episode: 3307/5000 | Episode reward:  1202.36 | Episode steps: 2500 | Average reward:  1225.72 | Step Count: 7364028 | Episode Q0:    46.59
Episode: 3308/5000 | Episode reward:  1227.80 | Episode steps: 2500 | Average reward:  1227.24 | Step Count: 7366528 | Episode Q0:    46.59
Episode: 3309/5000 | Episode reward:  1225.40 | Episode steps: 2500 | Average reward:  1220.15 | Step Count: 7369028 | Episode Q0:    46.59
Episode: 3310/5000 | Episode reward:  1211.20 | Episode steps: 2500 | Average reward:  1220.95 | Step Count: 7371528 | Episode Q0:    46.59
Episode: 3311/5000 | Episode reward:  1225.70 | Episode steps: 2500 | Average reward:  1223.21 | Step Count: 7374028 | Episode Q0:    46.59
Episode: 3312/5000 | Episode reward:  1213.56 | Episode steps: 2500 | Average reward:  1220.96 | Step Count: 7376528 | Episode Q0:    46.59
Episode: 3313/5000 | Episode reward:  1198.27 | Episode steps: 2500 | Average reward:  1217.87 | Step Count: 7379028 | Episode Q0:    46.59
Episode: 3314/5000 | Episode reward:  1225.83 | Episode steps: 2500 | Average reward:  1217.08 | Step Count: 7381528 | Episode Q0:    46.59
Episode: 3315/5000 | Episode reward:  1233.24 | Episode steps: 2500 | Average reward:  1216.82 | Step Count: 7384028 | Episode Q0:    46.59
Episode: 3316/5000 | Episode reward:  1218.69 | Episode steps: 2500 | Average reward:  1218.21 | Step Count: 7386528 | Episode Q0:    46.59
Episode: 3317/5000 | Episode reward:  1232.90 | Episode steps: 2500 | Average reward:  1221.26 | Step Count: 7389028 | Episode Q0:    46.59
Episode: 3318/5000 | Episode reward:  1227.00 | Episode steps: 2500 | Average reward:  1221.18 | Step Count: 7391528 | Episode Q0:    46.59
Episode: 3319/5000 | Episode reward:  1207.22 | Episode steps: 2500 | Average reward:  1219.36 | Step Count: 7394028 | Episode Q0:    46.59
Episode: 3320/5000 | Episode reward:  1181.42 | Episode steps: 2500 | Average reward:  1216.38 | Step Count: 7396528 | Episode Q0:    46.59
Episode: 3321/5000 | Episode reward:  1224.55 | Episode steps: 2500 | Average reward:  1216.27 | Step Count: 7399028 | Episode Q0:    46.59
Episode: 3322/5000 | Episode reward:  1262.99 | Episode steps: 2500 | Average reward:  1221.21 | Step Count: 7401528 | Episode Q0:    46.59
Episode: 3323/5000 | Episode reward:  1229.48 | Episode steps: 2500 | Average reward:  1224.33 | Step Count: 7404028 | Episode Q0:    46.59
Episode: 3324/5000 | Episode reward:  1237.09 | Episode steps: 2500 | Average reward:  1225.46 | Step Count: 7406528 | Episode Q0:    46.59
Episode: 3325/5000 | Episode reward:  1218.51 | Episode steps: 2500 | Average reward:  1223.98 | Step Count: 7409028 | Episode Q0:    46.59
Episode: 3326/5000 | Episode reward:  1204.81 | Episode steps: 2500 | Average reward:  1222.60 | Step Count: 7411528 | Episode Q0:    47.02
Episode: 3327/5000 | Episode reward:  1183.51 | Episode steps: 2500 | Average reward:  1217.66 | Step Count: 7414028 | Episode Q0:    47.02
Episode: 3328/5000 | Episode reward:  1183.60 | Episode steps: 2500 | Average reward:  1213.32 | Step Count: 7416528 | Episode Q0:    47.02
Episode: 3329/5000 | Episode reward:  1184.17 | Episode steps: 2500 | Average reward:  1211.01 | Step Count: 7419028 | Episode Q0:    47.02
Episode: 3330/5000 | Episode reward:  1204.79 | Episode steps: 2500 | Average reward:  1213.35 | Step Count: 7421528 | Episode Q0:    47.02
Episode: 3331/5000 | Episode reward:  1194.21 | Episode steps: 2500 | Average reward:  1210.31 | Step Count: 7424028 | Episode Q0:    47.02
Episode: 3332/5000 | Episode reward:  1189.87 | Episode steps: 2500 | Average reward:  1203.00 | Step Count: 7426528 | Episode Q0:    47.02
Episode: 3333/5000 | Episode reward:  1173.77 | Episode steps: 2500 | Average reward:  1197.43 | Step Count: 7429028 | Episode Q0:    47.02
Episode: 3334/5000 | Episode reward:  1207.38 | Episode steps: 2500 | Average reward:  1194.46 | Step Count: 7431528 | Episode Q0:    47.02
Episode: 3335/5000 | Episode reward:  1181.13 | Episode steps: 2500 | Average reward:  1190.72 | Step Count: 7434028 | Episode Q0:    47.02
Episode: 3336/5000 | Episode reward:  1193.22 | Episode steps: 2500 | Average reward:  1189.56 | Step Count: 7436528 | Episode Q0:    47.02
Episode: 3337/5000 | Episode reward:  1156.50 | Episode steps: 2500 | Average reward:  1186.86 | Step Count: 7439028 | Episode Q0:    47.02
Episode: 3338/5000 | Episode reward:  1213.78 | Episode steps: 2500 | Average reward:  1189.88 | Step Count: 7441528 | Episode Q0:    47.02
Episode: 3339/5000 | Episode reward:  1189.99 | Episode steps: 2500 | Average reward:  1190.46 | Step Count: 7444028 | Episode Q0:    47.02
Episode: 3340/5000 | Episode reward:  1177.98 | Episode steps: 2500 | Average reward:  1187.78 | Step Count: 7446528 | Episode Q0:    47.02
Episode: 3341/5000 | Episode reward:  1162.61 | Episode steps: 2500 | Average reward:  1184.62 | Step Count: 7449028 | Episode Q0:    47.02
Episode: 3342/5000 | Episode reward:  1184.06 | Episode steps: 2500 | Average reward:  1184.04 | Step Count: 7451528 | Episode Q0:    47.02
Episode: 3343/5000 | Episode reward:  1199.98 | Episode steps: 2500 | Average reward:  1186.66 | Step Count: 7454028 | Episode Q0:    47.02
Episode: 3344/5000 | Episode reward:  1204.17 | Episode steps: 2500 | Average reward:  1186.34 | Step Count: 7456528 | Episode Q0:    47.02
Episode: 3345/5000 | Episode reward:  1198.55 | Episode steps: 2500 | Average reward:  1188.08 | Step Count: 7459028 | Episode Q0:    47.02
Episode: 3346/5000 | Episode reward:  1169.98 | Episode steps: 2500 | Average reward:  1185.76 | Step Count: 7461528 | Episode Q0:    47.02
Episode: 3347/5000 | Episode reward:  1183.34 | Episode steps: 2500 | Average reward:  1188.44 | Step Count: 7464028 | Episode Q0:    47.02
Episode: 3348/5000 | Episode reward:  1197.11 | Episode steps: 2500 | Average reward:  1186.78 | Step Count: 7466528 | Episode Q0:    47.02
Episode: 3349/5000 | Episode reward:  1190.30 | Episode steps: 2500 | Average reward:  1186.81 | Step Count: 7469028 | Episode Q0:    47.02
Episode: 3350/5000 | Episode reward:  1176.12 | Episode steps: 2500 | Average reward:  1186.62 | Step Count: 7471528 | Episode Q0:    47.02
Episode: 3351/5000 | Episode reward:  1183.92 | Episode steps: 2500 | Average reward:  1188.75 | Step Count: 7474028 | Episode Q0:    46.86
Episode: 3352/5000 | Episode reward:  1200.99 | Episode steps: 2500 | Average reward:  1190.45 | Step Count: 7476528 | Episode Q0:    46.86
Episode: 3353/5000 | Episode reward:  1199.76 | Episode steps: 2500 | Average reward:  1190.43 | Step Count: 7479028 | Episode Q0:    46.86
Episode: 3354/5000 | Episode reward:  1205.52 | Episode steps: 2500 | Average reward:  1190.56 | Step Count: 7481528 | Episode Q0:    46.86
Episode: 3355/5000 | Episode reward:  1204.35 | Episode steps: 2500 | Average reward:  1191.14 | Step Count: 7484028 | Episode Q0:    46.86
Episode: 3356/5000 | Episode reward:  1207.10 | Episode steps: 2500 | Average reward:  1194.85 | Step Count: 7486528 | Episode Q0:    46.86
Episode: 3357/5000 | Episode reward:  1209.34 | Episode steps: 2500 | Average reward:  1197.45 | Step Count: 7489028 | Episode Q0:    46.86
Episode: 3358/5000 | Episode reward:  1197.14 | Episode steps: 2500 | Average reward:  1197.45 | Step Count: 7491528 | Episode Q0:    46.86
Episode: 3359/5000 | Episode reward:  1222.30 | Episode steps: 2500 | Average reward:  1200.66 | Step Count: 7494028 | Episode Q0:    46.86
Episode: 3360/5000 | Episode reward:  1189.20 | Episode steps: 2500 | Average reward:  1201.96 | Step Count: 7496528 | Episode Q0:    46.86
Episode: 3361/5000 | Episode reward:  1201.28 | Episode steps: 2500 | Average reward:  1203.70 | Step Count: 7499028 | Episode Q0:    46.86
Episode: 3362/5000 | Episode reward:  1183.44 | Episode steps: 2500 | Average reward:  1201.94 | Step Count: 7501528 | Episode Q0:    46.86
Episode: 3363/5000 | Episode reward:  1203.90 | Episode steps: 2500 | Average reward:  1202.36 | Step Count: 7504028 | Episode Q0:    46.86
Episode: 3364/5000 | Episode reward:  1187.30 | Episode steps: 2500 | Average reward:  1200.54 | Step Count: 7506528 | Episode Q0:    46.86
Episode: 3365/5000 | Episode reward:  1205.20 | Episode steps: 2500 | Average reward:  1200.62 | Step Count: 7509028 | Episode Q0:    46.86
Episode: 3366/5000 | Episode reward:  1200.55 | Episode steps: 2500 | Average reward:  1199.97 | Step Count: 7511528 | Episode Q0:    46.86
Episode: 3367/5000 | Episode reward:  1208.93 | Episode steps: 2500 | Average reward:  1199.93 | Step Count: 7514028 | Episode Q0:    46.86
Episode: 3368/5000 | Episode reward:  1180.23 | Episode steps: 2500 | Average reward:  1198.23 | Step Count: 7516528 | Episode Q0:    46.86
Episode: 3369/5000 | Episode reward:  1209.54 | Episode steps: 2500 | Average reward:  1196.96 | Step Count: 7519028 | Episode Q0:    46.86
Episode: 3370/5000 | Episode reward:  1202.98 | Episode steps: 2500 | Average reward:  1198.34 | Step Count: 7521528 | Episode Q0:    46.23
Episode: 3371/5000 | Episode reward:  1169.12 | Episode steps: 2500 | Average reward:  1195.12 | Step Count: 7524028 | Episode Q0:    46.23
Episode: 3372/5000 | Episode reward:  1223.96 | Episode steps: 2500 | Average reward:  1199.17 | Step Count: 7526528 | Episode Q0:    46.23
Episode: 3373/5000 | Episode reward:  1223.47 | Episode steps: 2500 | Average reward:  1201.13 | Step Count: 7529028 | Episode Q0:    46.23
Episode: 3374/5000 | Episode reward:  1221.39 | Episode steps: 2500 | Average reward:  1204.54 | Step Count: 7531528 | Episode Q0:    46.23
Episode: 3375/5000 | Episode reward:  1215.74 | Episode steps: 2500 | Average reward:  1205.59 | Step Count: 7534028 | Episode Q0:    46.23
Episode: 3376/5000 | Episode reward:  1215.89 | Episode steps: 2500 | Average reward:  1207.12 | Step Count: 7536528 | Episode Q0:    46.23
Episode: 3377/5000 | Episode reward:  1228.60 | Episode steps: 2500 | Average reward:  1209.09 | Step Count: 7539028 | Episode Q0:    46.23
Episode: 3378/5000 | Episode reward:  1202.51 | Episode steps: 2500 | Average reward:  1211.32 | Step Count: 7541528 | Episode Q0:    46.23
Episode: 3379/5000 | Episode reward:  1199.73 | Episode steps: 2500 | Average reward:  1210.34 | Step Count: 7544028 | Episode Q0:    46.23
Episode: 3380/5000 | Episode reward:  1205.80 | Episode steps: 2500 | Average reward:  1210.62 | Step Count: 7546528 | Episode Q0:    46.23
Episode: 3381/5000 | Episode reward:  1207.42 | Episode steps: 2500 | Average reward:  1214.45 | Step Count: 7549028 | Episode Q0:    46.23
Episode: 3382/5000 | Episode reward:  1212.40 | Episode steps: 2500 | Average reward:  1213.29 | Step Count: 7551528 | Episode Q0:    46.23
Episode: 3383/5000 | Episode reward:  1219.33 | Episode steps: 2500 | Average reward:  1212.88 | Step Count: 7554028 | Episode Q0:    46.23
Episode: 3384/5000 | Episode reward:  1201.80 | Episode steps: 2500 | Average reward:  1210.92 | Step Count: 7556528 | Episode Q0:    46.23
Episode: 3385/5000 | Episode reward:  1225.97 | Episode steps: 2500 | Average reward:  1211.94 | Step Count: 7559028 | Episode Q0:    46.23
Episode: 3386/5000 | Episode reward:  1212.25 | Episode steps: 2500 | Average reward:  1211.58 | Step Count: 7561528 | Episode Q0:    46.23
Episode: 3387/5000 | Episode reward:  1207.86 | Episode steps: 2500 | Average reward:  1209.51 | Step Count: 7564028 | Episode Q0:    46.23
Episode: 3388/5000 | Episode reward:  1232.48 | Episode steps: 2500 | Average reward:  1212.50 | Step Count: 7566528 | Episode Q0:    46.23
Episode: 3389/5000 | Episode reward:  1203.57 | Episode steps: 2500 | Average reward:  1212.89 | Step Count: 7569028 | Episode Q0:    46.23
Episode: 3390/5000 | Episode reward:  1211.51 | Episode steps: 2500 | Average reward:  1213.46 | Step Count: 7571528 | Episode Q0:    46.23
Episode: 3391/5000 | Episode reward:  1219.24 | Episode steps: 2500 | Average reward:  1214.64 | Step Count: 7574028 | Episode Q0:    46.23
Episode: 3392/5000 | Episode reward:  1217.29 | Episode steps: 2500 | Average reward:  1215.13 | Step Count: 7576528 | Episode Q0:    46.23
Episode: 3393/5000 | Episode reward:  1228.29 | Episode steps: 2500 | Average reward:  1216.03 | Step Count: 7579028 | Episode Q0:    46.23
Episode: 3394/5000 | Episode reward:  1204.30 | Episode steps: 2500 | Average reward:  1216.28 | Step Count: 7581528 | Episode Q0:    46.23
Episode: 3395/5000 | Episode reward:  1204.03 | Episode steps: 2500 | Average reward:  1214.08 | Step Count: 7584028 | Episode Q0:    47.39
Episode: 3396/5000 | Episode reward:  1196.18 | Episode steps: 2500 | Average reward:  1212.47 | Step Count: 7586528 | Episode Q0:    47.39
Episode: 3397/5000 | Episode reward:  1207.56 | Episode steps: 2500 | Average reward:  1212.44 | Step Count: 7589028 | Episode Q0:    47.39
Episode: 3398/5000 | Episode reward:  1210.91 | Episode steps: 2500 | Average reward:  1210.29 | Step Count: 7591528 | Episode Q0:    47.39
Episode: 3399/5000 | Episode reward:  1190.40 | Episode steps: 2500 | Average reward:  1208.97 | Step Count: 7594028 | Episode Q0:    47.39
Episode: 3400/5000 | Episode reward:  1212.71 | Episode steps: 2500 | Average reward:  1209.09 | Step Count: 7596528 | Episode Q0:    47.39
Episode: 3401/5000 | Episode reward:  1219.75 | Episode steps: 2500 | Average reward:  1209.14 | Step Count: 7599028 | Episode Q0:    47.39
Episode: 3402/5000 | Episode reward:  1208.28 | Episode steps: 2500 | Average reward:  1208.24 | Step Count: 7601528 | Episode Q0:    47.39
Episode: 3403/5000 | Episode reward:  1196.58 | Episode steps: 2500 | Average reward:  1205.07 | Step Count: 7604028 | Episode Q0:    47.39
Episode: 3404/5000 | Episode reward:  1192.04 | Episode steps: 2500 | Average reward:  1203.84 | Step Count: 7606528 | Episode Q0:    47.39
Episode: 3405/5000 | Episode reward:  1215.47 | Episode steps: 2500 | Average reward:  1204.99 | Step Count: 7609028 | Episode Q0:    47.39
Episode: 3406/5000 | Episode reward:  1202.81 | Episode steps: 2500 | Average reward:  1205.65 | Step Count: 7611528 | Episode Q0:    47.39
Episode: 3407/5000 | Episode reward:  1190.76 | Episode steps: 2500 | Average reward:  1203.97 | Step Count: 7614028 | Episode Q0:    47.39
Episode: 3408/5000 | Episode reward:  1231.70 | Episode steps: 2500 | Average reward:  1206.05 | Step Count: 7616528 | Episode Q0:    47.39
Episode: 3409/5000 | Episode reward:  1208.84 | Episode steps: 2500 | Average reward:  1207.89 | Step Count: 7619028 | Episode Q0:    47.39
Episode: 3410/5000 | Episode reward:  1212.88 | Episode steps: 2500 | Average reward:  1207.91 | Step Count: 7621528 | Episode Q0:    47.39
Episode: 3411/5000 | Episode reward:  1213.37 | Episode steps: 2500 | Average reward:  1207.27 | Step Count: 7624028 | Episode Q0:    47.39
Episode: 3412/5000 | Episode reward:  1203.47 | Episode steps: 2500 | Average reward:  1206.79 | Step Count: 7626528 | Episode Q0:    47.39
Episode: 3413/5000 | Episode reward:  1198.72 | Episode steps: 2500 | Average reward:  1207.01 | Step Count: 7629028 | Episode Q0:    47.39
Episode: 3414/5000 | Episode reward:  1248.40 | Episode steps: 2500 | Average reward:  1212.64 | Step Count: 7631528 | Episode Q0:    46.47
Episode: 3415/5000 | Episode reward:  1240.01 | Episode steps: 2500 | Average reward:  1215.10 | Step Count: 7634028 | Episode Q0:    46.47
Episode: 3416/5000 | Episode reward:  1232.38 | Episode steps: 2500 | Average reward:  1218.05 | Step Count: 7636528 | Episode Q0:    46.47
Episode: 3417/5000 | Episode reward:  1242.52 | Episode steps: 2500 | Average reward:  1223.23 | Step Count: 7639028 | Episode Q0:    46.47
Episode: 3418/5000 | Episode reward:  1228.56 | Episode steps: 2500 | Average reward:  1222.92 | Step Count: 7641528 | Episode Q0:    46.47
Episode: 3419/5000 | Episode reward:  1227.82 | Episode steps: 2500 | Average reward:  1224.81 | Step Count: 7644028 | Episode Q0:    46.47
Episode: 3420/5000 | Episode reward:  1234.25 | Episode steps: 2500 | Average reward:  1226.95 | Step Count: 7646528 | Episode Q0:    46.47
Episode: 3421/5000 | Episode reward:  1230.31 | Episode steps: 2500 | Average reward:  1228.64 | Step Count: 7649028 | Episode Q0:    46.47
Episode: 3422/5000 | Episode reward:  1230.98 | Episode steps: 2500 | Average reward:  1231.39 | Step Count: 7651528 | Episode Q0:    46.47
Episode: 3423/5000 | Episode reward:  1230.15 | Episode steps: 2500 | Average reward:  1234.54 | Step Count: 7654028 | Episode Q0:    46.47
Episode: 3424/5000 | Episode reward:  1237.04 | Episode steps: 2500 | Average reward:  1233.40 | Step Count: 7656528 | Episode Q0:    46.47
Episode: 3425/5000 | Episode reward:  1232.34 | Episode steps: 2500 | Average reward:  1232.64 | Step Count: 7659028 | Episode Q0:    46.47
Episode: 3426/5000 | Episode reward:  1229.91 | Episode steps: 2500 | Average reward:  1232.39 | Step Count: 7661528 | Episode Q0:    46.47
Episode: 3427/5000 | Episode reward:  1220.07 | Episode steps: 2500 | Average reward:  1230.14 | Step Count: 7664028 | Episode Q0:    46.47
Episode: 3428/5000 | Episode reward:  1228.58 | Episode steps: 2500 | Average reward:  1230.14 | Step Count: 7666528 | Episode Q0:    46.47
Episode: 3429/5000 | Episode reward:  1233.76 | Episode steps: 2500 | Average reward:  1230.74 | Step Count: 7669028 | Episode Q0:    46.47
Episode: 3430/5000 | Episode reward:  1213.21 | Episode steps: 2500 | Average reward:  1228.63 | Step Count: 7671528 | Episode Q0:    46.47
Episode: 3431/5000 | Episode reward:  1243.94 | Episode steps: 2500 | Average reward:  1230.00 | Step Count: 7674028 | Episode Q0:    46.47
Episode: 3432/5000 | Episode reward:  1230.78 | Episode steps: 2500 | Average reward:  1229.98 | Step Count: 7676528 | Episode Q0:    46.47
Episode: 3433/5000 | Episode reward:  1244.61 | Episode steps: 2500 | Average reward:  1231.42 | Step Count: 7679028 | Episode Q0:    46.47
Episode: 3434/5000 | Episode reward:  1233.88 | Episode steps: 2500 | Average reward:  1231.11 | Step Count: 7681528 | Episode Q0:    46.47
Episode: 3435/5000 | Episode reward:  1242.15 | Episode steps: 2500 | Average reward:  1232.09 | Step Count: 7684028 | Episode Q0:    46.47
Episode: 3436/5000 | Episode reward:  1233.20 | Episode steps: 2500 | Average reward:  1232.42 | Step Count: 7686528 | Episode Q0:    46.47
Episode: 3437/5000 | Episode reward:  1238.98 | Episode steps: 2500 | Average reward:  1234.31 | Step Count: 7689028 | Episode Q0:    46.47
Episode: 3438/5000 | Episode reward:  1240.11 | Episode steps: 2500 | Average reward:  1235.46 | Step Count: 7691528 | Episode Q0:    46.47
Episode: 3439/5000 | Episode reward:  1203.72 | Episode steps: 2500 | Average reward:  1232.46 | Step Count: 7694028 | Episode Q0:    47.06
Episode: 3440/5000 | Episode reward:  1212.95 | Episode steps: 2500 | Average reward:  1232.43 | Step Count: 7696528 | Episode Q0:    47.06
Episode: 3441/5000 | Episode reward:  1197.32 | Episode steps: 2500 | Average reward:  1227.77 | Step Count: 7699028 | Episode Q0:    47.06
Episode: 3442/5000 | Episode reward:  1221.07 | Episode steps: 2500 | Average reward:  1226.80 | Step Count: 7701528 | Episode Q0:    47.06
Episode: 3443/5000 | Episode reward:  1212.86 | Episode steps: 2500 | Average reward:  1223.62 | Step Count: 7704028 | Episode Q0:    47.06
Episode: 3444/5000 | Episode reward:  1181.87 | Episode steps: 2500 | Average reward:  1218.42 | Step Count: 7706528 | Episode Q0:    47.06
Episode: 3445/5000 | Episode reward:  1240.92 | Episode steps: 2500 | Average reward:  1218.30 | Step Count: 7709028 | Episode Q0:    47.06
Episode: 3446/5000 | Episode reward:  1230.70 | Episode steps: 2500 | Average reward:  1218.05 | Step Count: 7711528 | Episode Q0:    47.06
Episode: 3447/5000 | Episode reward:  1212.09 | Episode steps: 2500 | Average reward:  1215.36 | Step Count: 7714028 | Episode Q0:    47.06
Episode: 3448/5000 | Episode reward:  1215.51 | Episode steps: 2500 | Average reward:  1212.90 | Step Count: 7716528 | Episode Q0:    47.06
Episode: 3449/5000 | Episode reward:  1235.95 | Episode steps: 2500 | Average reward:  1216.12 | Step Count: 7719028 | Episode Q0:    47.06
Episode: 3450/5000 | Episode reward:  1219.38 | Episode steps: 2500 | Average reward:  1216.77 | Step Count: 7721528 | Episode Q0:    47.06
Episode: 3451/5000 | Episode reward:  1228.08 | Episode steps: 2500 | Average reward:  1219.84 | Step Count: 7724028 | Episode Q0:    47.06
Episode: 3452/5000 | Episode reward:  1229.61 | Episode steps: 2500 | Average reward:  1220.70 | Step Count: 7726528 | Episode Q0:    47.06
Episode: 3453/5000 | Episode reward:  1203.27 | Episode steps: 2500 | Average reward:  1219.74 | Step Count: 7729028 | Episode Q0:    47.06
Episode: 3454/5000 | Episode reward:  1216.22 | Episode steps: 2500 | Average reward:  1223.17 | Step Count: 7731528 | Episode Q0:    47.06
Episode: 3455/5000 | Episode reward:  1233.61 | Episode steps: 2500 | Average reward:  1222.44 | Step Count: 7734028 | Episode Q0:    47.06
Episode: 3456/5000 | Episode reward:  1213.89 | Episode steps: 2500 | Average reward:  1220.76 | Step Count: 7736528 | Episode Q0:    47.06
Episode: 3457/5000 | Episode reward:  1208.04 | Episode steps: 2500 | Average reward:  1220.36 | Step Count: 7739028 | Episode Q0:    47.06
Episode: 3458/5000 | Episode reward:  1216.64 | Episode steps: 2500 | Average reward:  1220.47 | Step Count: 7741528 | Episode Q0:    46.72
Episode: 3459/5000 | Episode reward:  1221.94 | Episode steps: 2500 | Average reward:  1219.07 | Step Count: 7744028 | Episode Q0:    46.72
Episode: 3460/5000 | Episode reward:  1222.27 | Episode steps: 2500 | Average reward:  1219.36 | Step Count: 7746528 | Episode Q0:    46.72
Episode: 3461/5000 | Episode reward:  1234.43 | Episode steps: 2500 | Average reward:  1219.99 | Step Count: 7749028 | Episode Q0:    46.72
Episode: 3462/5000 | Episode reward:  1235.06 | Episode steps: 2500 | Average reward:  1220.54 | Step Count: 7751528 | Episode Q0:    46.72
Episode: 3463/5000 | Episode reward:  1212.63 | Episode steps: 2500 | Average reward:  1221.47 | Step Count: 7754028 | Episode Q0:    46.72
Episode: 3464/5000 | Episode reward:  1234.19 | Episode steps: 2500 | Average reward:  1223.27 | Step Count: 7756528 | Episode Q0:    46.72
Episode: 3465/5000 | Episode reward:  1223.91 | Episode steps: 2500 | Average reward:  1222.30 | Step Count: 7759028 | Episode Q0:    46.72
Episode: 3466/5000 | Episode reward:  1224.58 | Episode steps: 2500 | Average reward:  1223.37 | Step Count: 7761528 | Episode Q0:    46.72
Episode: 3467/5000 | Episode reward:  1200.99 | Episode steps: 2500 | Average reward:  1222.66 | Step Count: 7764028 | Episode Q0:    46.72
Episode: 3468/5000 | Episode reward:  1232.91 | Episode steps: 2500 | Average reward:  1224.29 | Step Count: 7766528 | Episode Q0:    46.72
Episode: 3469/5000 | Episode reward:  1245.80 | Episode steps: 2500 | Average reward:  1226.68 | Step Count: 7769028 | Episode Q0:    46.72
Episode: 3470/5000 | Episode reward:  1233.11 | Episode steps: 2500 | Average reward:  1227.76 | Step Count: 7771528 | Episode Q0:    46.72
Episode: 3471/5000 | Episode reward:  1227.44 | Episode steps: 2500 | Average reward:  1227.06 | Step Count: 7774028 | Episode Q0:    46.72
Episode: 3472/5000 | Episode reward:  1224.25 | Episode steps: 2500 | Average reward:  1225.98 | Step Count: 7776528 | Episode Q0:    46.72
Episode: 3473/5000 | Episode reward:  1224.26 | Episode steps: 2500 | Average reward:  1227.14 | Step Count: 7779028 | Episode Q0:    46.72
Episode: 3474/5000 | Episode reward:  1216.23 | Episode steps: 2500 | Average reward:  1225.35 | Step Count: 7781528 | Episode Q0:    46.72
Episode: 3475/5000 | Episode reward:  1234.52 | Episode steps: 2500 | Average reward:  1226.41 | Step Count: 7784028 | Episode Q0:    46.72
Episode: 3476/5000 | Episode reward:  1230.18 | Episode steps: 2500 | Average reward:  1226.97 | Step Count: 7786528 | Episode Q0:    46.72
Episode: 3477/5000 | Episode reward:  1260.73 | Episode steps: 2500 | Average reward:  1232.94 | Step Count: 7789028 | Episode Q0:    46.72
Episode: 3478/5000 | Episode reward:  1234.34 | Episode steps: 2500 | Average reward:  1233.09 | Step Count: 7791528 | Episode Q0:    46.72
Episode: 3479/5000 | Episode reward:  1228.36 | Episode steps: 2500 | Average reward:  1231.34 | Step Count: 7794028 | Episode Q0:    46.72
Episode: 3480/5000 | Episode reward:  1215.13 | Episode steps: 2500 | Average reward:  1229.54 | Step Count: 7796528 | Episode Q0:    46.72
Episode: 3481/5000 | Episode reward:  1220.56 | Episode steps: 2500 | Average reward:  1228.85 | Step Count: 7799028 | Episode Q0:    46.72
Episode: 3482/5000 | Episode reward:  1226.49 | Episode steps: 2500 | Average reward:  1229.08 | Step Count: 7801528 | Episode Q0:    46.72
Episode: 3483/5000 | Episode reward:  1217.00 | Episode steps: 2500 | Average reward:  1228.35 | Step Count: 7804028 | Episode Q0:    47.07
Episode: 3484/5000 | Episode reward:  1207.08 | Episode steps: 2500 | Average reward:  1227.44 | Step Count: 7806528 | Episode Q0:    47.07
Episode: 3485/5000 | Episode reward:  1193.55 | Episode steps: 2500 | Average reward:  1223.34 | Step Count: 7809028 | Episode Q0:    47.07
Episode: 3486/5000 | Episode reward:  1195.40 | Episode steps: 2500 | Average reward:  1219.86 | Step Count: 7811528 | Episode Q0:    47.07
Episode: 3487/5000 | Episode reward:  1202.66 | Episode steps: 2500 | Average reward:  1214.06 | Step Count: 7814028 | Episode Q0:    47.07
Episode: 3488/5000 | Episode reward:  1182.61 | Episode steps: 2500 | Average reward:  1208.88 | Step Count: 7816528 | Episode Q0:    47.07
Episode: 3489/5000 | Episode reward:  1193.06 | Episode steps: 2500 | Average reward:  1205.35 | Step Count: 7819028 | Episode Q0:    47.07
Episode: 3490/5000 | Episode reward:  1196.45 | Episode steps: 2500 | Average reward:  1203.49 | Step Count: 7821528 | Episode Q0:    47.07
Episode: 3491/5000 | Episode reward:  1204.77 | Episode steps: 2500 | Average reward:  1201.91 | Step Count: 7824028 | Episode Q0:    47.07
Episode: 3492/5000 | Episode reward:  1208.89 | Episode steps: 2500 | Average reward:  1200.15 | Step Count: 7826528 | Episode Q0:    47.07
Episode: 3493/5000 | Episode reward:  1213.45 | Episode steps: 2500 | Average reward:  1199.79 | Step Count: 7829028 | Episode Q0:    47.07
Episode: 3494/5000 | Episode reward:  1199.06 | Episode steps: 2500 | Average reward:  1198.99 | Step Count: 7831528 | Episode Q0:    47.07
Episode: 3495/5000 | Episode reward:  1215.88 | Episode steps: 2500 | Average reward:  1201.22 | Step Count: 7834028 | Episode Q0:    47.07
Episode: 3496/5000 | Episode reward:  1197.91 | Episode steps: 2500 | Average reward:  1201.47 | Step Count: 7836528 | Episode Q0:    47.07
Episode: 3497/5000 | Episode reward:  1207.95 | Episode steps: 2500 | Average reward:  1202.00 | Step Count: 7839028 | Episode Q0:    47.07
Episode: 3498/5000 | Episode reward:  1212.72 | Episode steps: 2500 | Average reward:  1205.01 | Step Count: 7841528 | Episode Q0:    47.07
Episode: 3499/5000 | Episode reward:  1203.32 | Episode steps: 2500 | Average reward:  1206.04 | Step Count: 7844028 | Episode Q0:    47.07
Episode: 3500/5000 | Episode reward:  1208.99 | Episode steps: 2500 | Average reward:  1207.29 | Step Count: 7846528 | Episode Q0:    47.07
Episode: 3501/5000 | Episode reward:  1207.22 | Episode steps: 2500 | Average reward:  1207.54 | Step Count: 7849028 | Episode Q0:    47.07
Episode: 3502/5000 | Episode reward:  1195.09 | Episode steps: 2500 | Average reward:  1206.16 | Step Count: 7851528 | Episode Q0:    47.40
Episode: 3503/5000 | Episode reward:  1203.21 | Episode steps: 2500 | Average reward:  1205.13 | Step Count: 7854028 | Episode Q0:    47.40
Episode: 3504/5000 | Episode reward:  1207.41 | Episode steps: 2500 | Average reward:  1205.97 | Step Count: 7856528 | Episode Q0:    47.40
Episode: 3505/5000 | Episode reward:  1210.75 | Episode steps: 2500 | Average reward:  1205.46 | Step Count: 7859028 | Episode Q0:    47.40
Episode: 3506/5000 | Episode reward:  1189.68 | Episode steps: 2500 | Average reward:  1204.64 | Step Count: 7861528 | Episode Q0:    47.40
Episode: 3507/5000 | Episode reward:  1213.75 | Episode steps: 2500 | Average reward:  1205.22 | Step Count: 7864028 | Episode Q0:    47.40
Episode: 3508/5000 | Episode reward:  1197.38 | Episode steps: 2500 | Average reward:  1203.68 | Step Count: 7866528 | Episode Q0:    47.40
Episode: 3509/5000 | Episode reward:  1205.97 | Episode steps: 2500 | Average reward:  1203.95 | Step Count: 7869028 | Episode Q0:    47.40
Episode: 3510/5000 | Episode reward:  1210.00 | Episode steps: 2500 | Average reward:  1204.05 | Step Count: 7871528 | Episode Q0:    47.40
Episode: 3511/5000 | Episode reward:  1228.11 | Episode steps: 2500 | Average reward:  1206.14 | Step Count: 7874028 | Episode Q0:    47.40
Episode: 3512/5000 | Episode reward:  1219.77 | Episode steps: 2500 | Average reward:  1208.60 | Step Count: 7876528 | Episode Q0:    47.40
Episode: 3513/5000 | Episode reward:  1205.37 | Episode steps: 2500 | Average reward:  1208.82 | Step Count: 7879028 | Episode Q0:    47.40
Episode: 3514/5000 | Episode reward:  1204.95 | Episode steps: 2500 | Average reward:  1208.57 | Step Count: 7881528 | Episode Q0:    47.40
Episode: 3515/5000 | Episode reward:  1194.61 | Episode steps: 2500 | Average reward:  1206.96 | Step Count: 7884028 | Episode Q0:    47.40
Episode: 3516/5000 | Episode reward:  1207.37 | Episode steps: 2500 | Average reward:  1208.73 | Step Count: 7886528 | Episode Q0:    47.40
Episode: 3517/5000 | Episode reward:  1204.34 | Episode steps: 2500 | Average reward:  1207.79 | Step Count: 7889028 | Episode Q0:    47.40
Episode: 3518/5000 | Episode reward:  1209.31 | Episode steps: 2500 | Average reward:  1208.98 | Step Count: 7891528 | Episode Q0:    47.40
Episode: 3519/5000 | Episode reward:  1209.50 | Episode steps: 2500 | Average reward:  1209.33 | Step Count: 7894028 | Episode Q0:    47.40
Episode: 3520/5000 | Episode reward:  1216.18 | Episode steps: 2500 | Average reward:  1209.95 | Step Count: 7896528 | Episode Q0:    47.40
Episode: 3521/5000 | Episode reward:  1189.83 | Episode steps: 2500 | Average reward:  1206.12 | Step Count: 7899028 | Episode Q0:    47.40
Episode: 3522/5000 | Episode reward:  1213.80 | Episode steps: 2500 | Average reward:  1205.53 | Step Count: 7901528 | Episode Q0:    47.40
Episode: 3523/5000 | Episode reward:  1206.62 | Episode steps: 2500 | Average reward:  1205.65 | Step Count: 7904028 | Episode Q0:    47.40
Episode: 3524/5000 | Episode reward:  1215.01 | Episode steps: 2500 | Average reward:  1206.66 | Step Count: 7906528 | Episode Q0:    47.40
Episode: 3525/5000 | Episode reward:  1206.32 | Episode steps: 2500 | Average reward:  1207.83 | Step Count: 7909028 | Episode Q0:    47.40
Episode: 3526/5000 | Episode reward:  1217.50 | Episode steps: 2500 | Average reward:  1208.84 | Step Count: 7911528 | Episode Q0:    47.40
Episode: 3527/5000 | Episode reward:  1225.16 | Episode steps: 2500 | Average reward:  1210.92 | Step Count: 7914028 | Episode Q0:    47.89
Episode: 3528/5000 | Episode reward:  1208.68 | Episode steps: 2500 | Average reward:  1210.86 | Step Count: 7916528 | Episode Q0:    47.89
Episode: 3529/5000 | Episode reward:  1231.55 | Episode steps: 2500 | Average reward:  1213.07 | Step Count: 7919028 | Episode Q0:    47.89
Episode: 3530/5000 | Episode reward:  1213.18 | Episode steps: 2500 | Average reward:  1212.77 | Step Count: 7921528 | Episode Q0:    47.89
Episode: 3531/5000 | Episode reward:  1222.56 | Episode steps: 2500 | Average reward:  1216.04 | Step Count: 7924028 | Episode Q0:    47.89
Episode: 3532/5000 | Episode reward:  1213.62 | Episode steps: 2500 | Average reward:  1216.02 | Step Count: 7926528 | Episode Q0:    47.89
Episode: 3533/5000 | Episode reward:  1199.10 | Episode steps: 2500 | Average reward:  1215.27 | Step Count: 7929028 | Episode Q0:    47.89
Episode: 3534/5000 | Episode reward:  1195.49 | Episode steps: 2500 | Average reward:  1213.32 | Step Count: 7931528 | Episode Q0:    47.89
Episode: 3535/5000 | Episode reward:  1263.33 | Episode steps: 2500 | Average reward:  1219.02 | Step Count: 7934028 | Episode Q0:    47.89
Episode: 3536/5000 | Episode reward:  1224.55 | Episode steps: 2500 | Average reward:  1219.72 | Step Count: 7936528 | Episode Q0:    47.89
Episode: 3537/5000 | Episode reward:  1217.78 | Episode steps: 2500 | Average reward:  1218.98 | Step Count: 7939028 | Episode Q0:    47.89
Episode: 3538/5000 | Episode reward:  1237.05 | Episode steps: 2500 | Average reward:  1221.82 | Step Count: 7941528 | Episode Q0:    47.89
Episode: 3539/5000 | Episode reward:  1201.34 | Episode steps: 2500 | Average reward:  1218.80 | Step Count: 7944028 | Episode Q0:    47.89
Episode: 3540/5000 | Episode reward:  1186.50 | Episode steps: 2500 | Average reward:  1216.13 | Step Count: 7946528 | Episode Q0:    47.89
Episode: 3541/5000 | Episode reward:  1222.69 | Episode steps: 2500 | Average reward:  1216.15 | Step Count: 7949028 | Episode Q0:    47.89
Episode: 3542/5000 | Episode reward:  1208.44 | Episode steps: 2500 | Average reward:  1215.63 | Step Count: 7951528 | Episode Q0:    47.89
Episode: 3543/5000 | Episode reward:  1229.98 | Episode steps: 2500 | Average reward:  1218.72 | Step Count: 7954028 | Episode Q0:    47.89
Episode: 3544/5000 | Episode reward:  1214.59 | Episode steps: 2500 | Average reward:  1220.63 | Step Count: 7956528 | Episode Q0:    47.89
Episode: 3545/5000 | Episode reward:  1197.99 | Episode steps: 2500 | Average reward:  1214.09 | Step Count: 7959028 | Episode Q0:    47.89
Episode: 3546/5000 | Episode reward:  1225.34 | Episode steps: 2500 | Average reward:  1214.17 | Step Count: 7961528 | Episode Q0:    47.83
Episode: 3547/5000 | Episode reward:  1205.04 | Episode steps: 2500 | Average reward:  1212.90 | Step Count: 7964028 | Episode Q0:    47.83
Episode: 3548/5000 | Episode reward:  1253.41 | Episode steps: 2500 | Average reward:  1214.53 | Step Count: 7966528 | Episode Q0:    47.83
Episode: 3549/5000 | Episode reward:  1226.08 | Episode steps: 2500 | Average reward:  1217.01 | Step Count: 7969028 | Episode Q0:    47.83
Episode: 3550/5000 | Episode reward:  1207.69 | Episode steps: 2500 | Average reward:  1219.12 | Step Count: 7971528 | Episode Q0:    47.83
Episode: 3551/5000 | Episode reward:  1287.89 | Episode steps: 2500 | Average reward:  1225.64 | Step Count: 7974028 | Episode Q0:    47.83
Episode: 3552/5000 | Episode reward:  1241.19 | Episode steps: 2500 | Average reward:  1228.92 | Step Count: 7976528 | Episode Q0:    47.83
Episode: 3553/5000 | Episode reward:  1236.18 | Episode steps: 2500 | Average reward:  1229.54 | Step Count: 7979028 | Episode Q0:    47.83
Episode: 3554/5000 | Episode reward:  1232.50 | Episode steps: 2500 | Average reward:  1231.33 | Step Count: 7981528 | Episode Q0:    47.83
Episode: 3555/5000 | Episode reward:  1240.50 | Episode steps: 2500 | Average reward:  1235.58 | Step Count: 7984028 | Episode Q0:    47.83
Episode: 3556/5000 | Episode reward:  1227.00 | Episode steps: 2500 | Average reward:  1235.75 | Step Count: 7986528 | Episode Q0:    47.83
Episode: 3557/5000 | Episode reward:  1296.81 | Episode steps: 2500 | Average reward:  1244.92 | Step Count: 7989028 | Episode Q0:    47.83
Episode: 3558/5000 | Episode reward:  1293.55 | Episode steps: 2500 | Average reward:  1248.94 | Step Count: 7991528 | Episode Q0:    47.83
Episode: 3559/5000 | Episode reward:  1206.68 | Episode steps: 2500 | Average reward:  1247.00 | Step Count: 7994028 | Episode Q0:    47.83
Episode: 3560/5000 | Episode reward:  1238.83 | Episode steps: 2500 | Average reward:  1250.11 | Step Count: 7996528 | Episode Q0:    47.83
Episode: 3561/5000 | Episode reward:  1246.13 | Episode steps: 2500 | Average reward:  1245.94 | Step Count: 7999028 | Episode Q0:    47.83
Episode: 3562/5000 | Episode reward:  1246.13 | Episode steps: 2500 | Average reward:  1246.43 | Step Count: 8001528 | Episode Q0:    47.83
Episode: 3563/5000 | Episode reward:  1232.72 | Episode steps: 2500 | Average reward:  1246.08 | Step Count: 8004028 | Episode Q0:    47.83
Episode: 3564/5000 | Episode reward:  1260.69 | Episode steps: 2500 | Average reward:  1248.90 | Step Count: 8006528 | Episode Q0:    47.83
Episode: 3565/5000 | Episode reward:  1261.36 | Episode steps: 2500 | Average reward:  1250.99 | Step Count: 8009028 | Episode Q0:    47.83
Episode: 3566/5000 | Episode reward:  1262.40 | Episode steps: 2500 | Average reward:  1254.53 | Step Count: 8011528 | Episode Q0:    47.83
Episode: 3567/5000 | Episode reward:  1227.46 | Episode steps: 2500 | Average reward:  1247.59 | Step Count: 8014028 | Episode Q0:    47.83
Episode: 3568/5000 | Episode reward:  1208.07 | Episode steps: 2500 | Average reward:  1239.05 | Step Count: 8016528 | Episode Q0:    47.83
Episode: 3569/5000 | Episode reward:  1219.24 | Episode steps: 2500 | Average reward:  1240.30 | Step Count: 8019028 | Episode Q0:    47.83
Episode: 3570/5000 | Episode reward:  1283.05 | Episode steps: 2500 | Average reward:  1244.73 | Step Count: 8021528 | Episode Q0:    47.83
Episode: 3571/5000 | Episode reward:  1240.75 | Episode steps: 2500 | Average reward:  1244.19 | Step Count: 8024028 | Episode Q0:    47.53
Episode: 3572/5000 | Episode reward:  1255.02 | Episode steps: 2500 | Average reward:  1245.08 | Step Count: 8026528 | Episode Q0:    47.53
Episode: 3573/5000 | Episode reward:  1257.76 | Episode steps: 2500 | Average reward:  1247.58 | Step Count: 8029028 | Episode Q0:    47.53
Episode: 3574/5000 | Episode reward:  1277.32 | Episode steps: 2500 | Average reward:  1249.24 | Step Count: 8031528 | Episode Q0:    47.53
Episode: 3575/5000 | Episode reward:  1265.89 | Episode steps: 2500 | Average reward:  1249.70 | Step Count: 8034028 | Episode Q0:    47.53
Episode: 3576/5000 | Episode reward:  1254.05 | Episode steps: 2500 | Average reward:  1248.86 | Step Count: 8036528 | Episode Q0:    47.53
Episode: 3577/5000 | Episode reward:  1247.85 | Episode steps: 2500 | Average reward:  1250.90 | Step Count: 8039028 | Episode Q0:    47.53
Episode: 3578/5000 | Episode reward:  1254.94 | Episode steps: 2500 | Average reward:  1255.59 | Step Count: 8041528 | Episode Q0:    47.53
Episode: 3579/5000 | Episode reward:  1265.61 | Episode steps: 2500 | Average reward:  1260.22 | Step Count: 8044028 | Episode Q0:    47.53
Episode: 3580/5000 | Episode reward:  1264.40 | Episode steps: 2500 | Average reward:  1258.36 | Step Count: 8046528 | Episode Q0:    47.53
Episode: 3581/5000 | Episode reward:  1261.25 | Episode steps: 2500 | Average reward:  1260.41 | Step Count: 8049028 | Episode Q0:    47.53
Episode: 3582/5000 | Episode reward:  1287.47 | Episode steps: 2500 | Average reward:  1263.65 | Step Count: 8051528 | Episode Q0:    47.53
Episode: 3583/5000 | Episode reward:  1303.51 | Episode steps: 2500 | Average reward:  1268.23 | Step Count: 8054028 | Episode Q0:    47.53
Episode: 3584/5000 | Episode reward:  1259.12 | Episode steps: 2500 | Average reward:  1266.41 | Step Count: 8056528 | Episode Q0:    47.53
Episode: 3585/5000 | Episode reward:  1223.05 | Episode steps: 2500 | Average reward:  1262.13 | Step Count: 8059028 | Episode Q0:    47.53
Episode: 3586/5000 | Episode reward:  1244.40 | Episode steps: 2500 | Average reward:  1261.16 | Step Count: 8061528 | Episode Q0:    47.53
Episode: 3587/5000 | Episode reward:  1245.81 | Episode steps: 2500 | Average reward:  1260.96 | Step Count: 8064028 | Episode Q0:    47.53
Episode: 3588/5000 | Episode reward:  1253.33 | Episode steps: 2500 | Average reward:  1260.80 | Step Count: 8066528 | Episode Q0:    47.53
Episode: 3589/5000 | Episode reward:  1262.52 | Episode steps: 2500 | Average reward:  1260.49 | Step Count: 8069028 | Episode Q0:    47.53
Episode: 3590/5000 | Episode reward:  1237.95 | Episode steps: 2500 | Average reward:  1257.84 | Step Count: 8071528 | Episode Q0:    47.27
Episode: 3591/5000 | Episode reward:  1263.45 | Episode steps: 2500 | Average reward:  1258.06 | Step Count: 8074028 | Episode Q0:    47.27
Episode: 3592/5000 | Episode reward:  1240.60 | Episode steps: 2500 | Average reward:  1253.38 | Step Count: 8076528 | Episode Q0:    47.27
Episode: 3593/5000 | Episode reward:  1260.61 | Episode steps: 2500 | Average reward:  1249.08 | Step Count: 8079028 | Episode Q0:    47.27
Episode: 3594/5000 | Episode reward:  1244.82 | Episode steps: 2500 | Average reward:  1247.65 | Step Count: 8081528 | Episode Q0:    47.27
Episode: 3595/5000 | Episode reward:  1242.37 | Episode steps: 2500 | Average reward:  1249.59 | Step Count: 8084028 | Episode Q0:    47.27
Episode: 3596/5000 | Episode reward:  1237.30 | Episode steps: 2500 | Average reward:  1248.88 | Step Count: 8086528 | Episode Q0:    47.27
Episode: 3597/5000 | Episode reward:  1256.50 | Episode steps: 2500 | Average reward:  1249.95 | Step Count: 8089028 | Episode Q0:    47.27
Episode: 3598/5000 | Episode reward:  1238.99 | Episode steps: 2500 | Average reward:  1248.51 | Step Count: 8091528 | Episode Q0:    47.27
Episode: 3599/5000 | Episode reward:  1248.66 | Episode steps: 2500 | Average reward:  1247.13 | Step Count: 8094028 | Episode Q0:    47.27
Episode: 3600/5000 | Episode reward:  1261.69 | Episode steps: 2500 | Average reward:  1249.50 | Step Count: 8096528 | Episode Q0:    47.27
Episode: 3601/5000 | Episode reward:  1259.30 | Episode steps: 2500 | Average reward:  1249.09 | Step Count: 8099028 | Episode Q0:    47.27
Episode: 3602/5000 | Episode reward:  1253.78 | Episode steps: 2500 | Average reward:  1250.40 | Step Count: 8101528 | Episode Q0:    47.27
Episode: 3603/5000 | Episode reward:  1247.86 | Episode steps: 2500 | Average reward:  1249.13 | Step Count: 8104028 | Episode Q0:    47.27
Episode: 3604/5000 | Episode reward:  1226.41 | Episode steps: 2500 | Average reward:  1247.29 | Step Count: 8106528 | Episode Q0:    47.27
Episode: 3605/5000 | Episode reward:  1261.32 | Episode steps: 2500 | Average reward:  1249.18 | Step Count: 8109028 | Episode Q0:    47.27
Episode: 3606/5000 | Episode reward:  1241.70 | Episode steps: 2500 | Average reward:  1249.62 | Step Count: 8111528 | Episode Q0:    47.27
Episode: 3607/5000 | Episode reward:  1253.04 | Episode steps: 2500 | Average reward:  1249.28 | Step Count: 8114028 | Episode Q0:    47.27
Episode: 3608/5000 | Episode reward:  1229.24 | Episode steps: 2500 | Average reward:  1248.30 | Step Count: 8116528 | Episode Q0:    47.27
Episode: 3609/5000 | Episode reward:  1253.16 | Episode steps: 2500 | Average reward:  1248.75 | Step Count: 8119028 | Episode Q0:    47.27
Episode: 3610/5000 | Episode reward:  1243.56 | Episode steps: 2500 | Average reward:  1246.94 | Step Count: 8121528 | Episode Q0:    47.27
Episode: 3611/5000 | Episode reward:  1254.14 | Episode steps: 2500 | Average reward:  1246.42 | Step Count: 8124028 | Episode Q0:    47.27
Episode: 3612/5000 | Episode reward:  1247.70 | Episode steps: 2500 | Average reward:  1245.81 | Step Count: 8126528 | Episode Q0:    47.27
Episode: 3613/5000 | Episode reward:  1235.32 | Episode steps: 2500 | Average reward:  1244.56 | Step Count: 8129028 | Episode Q0:    47.27
Episode: 3614/5000 | Episode reward:  1256.52 | Episode steps: 2500 | Average reward:  1247.57 | Step Count: 8131528 | Episode Q0:    47.27
Episode: 3615/5000 | Episode reward:  1196.60 | Episode steps: 2500 | Average reward:  1241.10 | Step Count: 8134028 | Episode Q0:    47.65
Episode: 3616/5000 | Episode reward:  1245.19 | Episode steps: 2500 | Average reward:  1241.45 | Step Count: 8136528 | Episode Q0:    47.65
Episode: 3617/5000 | Episode reward:  1219.91 | Episode steps: 2500 | Average reward:  1238.13 | Step Count: 8139028 | Episode Q0:    47.65
Episode: 3618/5000 | Episode reward:  1179.76 | Episode steps: 2500 | Average reward:  1233.19 | Step Count: 8141528 | Episode Q0:    47.65
Episode: 3619/5000 | Episode reward:  1193.18 | Episode steps: 2500 | Average reward:  1227.19 | Step Count: 8144028 | Episode Q0:    47.65
Episode: 3620/5000 | Episode reward:  1205.39 | Episode steps: 2500 | Average reward:  1223.37 | Step Count: 8146528 | Episode Q0:    47.65
Episode: 3621/5000 | Episode reward:  1211.54 | Episode steps: 2500 | Average reward:  1219.11 | Step Count: 8149028 | Episode Q0:    47.65
Episode: 3622/5000 | Episode reward:  1233.12 | Episode steps: 2500 | Average reward:  1217.65 | Step Count: 8151528 | Episode Q0:    47.65
Episode: 3623/5000 | Episode reward:  1232.42 | Episode steps: 2500 | Average reward:  1217.36 | Step Count: 8154028 | Episode Q0:    47.65
Episode: 3624/5000 | Episode reward:  1215.74 | Episode steps: 2500 | Average reward:  1213.29 | Step Count: 8156528 | Episode Q0:    47.65
Episode: 3625/5000 | Episode reward:  1198.70 | Episode steps: 2500 | Average reward:  1213.49 | Step Count: 8159028 | Episode Q0:    47.65
Episode: 3626/5000 | Episode reward:  1191.97 | Episode steps: 2500 | Average reward:  1208.17 | Step Count: 8161528 | Episode Q0:    47.65
Episode: 3627/5000 | Episode reward:  1236.65 | Episode steps: 2500 | Average reward:  1209.85 | Step Count: 8164028 | Episode Q0:    47.65
Episode: 3628/5000 | Episode reward:  1219.06 | Episode steps: 2500 | Average reward:  1213.78 | Step Count: 8166528 | Episode Q0:    47.65
Episode: 3629/5000 | Episode reward:  1238.55 | Episode steps: 2500 | Average reward:  1218.31 | Step Count: 8169028 | Episode Q0:    47.65
Episode: 3630/5000 | Episode reward:  1204.91 | Episode steps: 2500 | Average reward:  1218.27 | Step Count: 8171528 | Episode Q0:    47.65
Episode: 3631/5000 | Episode reward:  1228.71 | Episode steps: 2500 | Average reward:  1219.98 | Step Count: 8174028 | Episode Q0:    47.65
Episode: 3632/5000 | Episode reward:  1212.21 | Episode steps: 2500 | Average reward:  1217.89 | Step Count: 8176528 | Episode Q0:    47.65
Episode: 3633/5000 | Episode reward:  1195.23 | Episode steps: 2500 | Average reward:  1214.17 | Step Count: 8179028 | Episode Q0:    47.65
Episode: 3634/5000 | Episode reward:  1246.17 | Episode steps: 2500 | Average reward:  1217.22 | Step Count: 8181528 | Episode Q0:    47.85
Episode: 3635/5000 | Episode reward:  1236.54 | Episode steps: 2500 | Average reward:  1221.00 | Step Count: 8184028 | Episode Q0:    47.85
Episode: 3636/5000 | Episode reward:  1262.13 | Episode steps: 2500 | Average reward:  1228.02 | Step Count: 8186528 | Episode Q0:    47.85
Episode: 3637/5000 | Episode reward:  1237.54 | Episode steps: 2500 | Average reward:  1228.10 | Step Count: 8189028 | Episode Q0:    47.85
Episode: 3638/5000 | Episode reward:  1198.47 | Episode steps: 2500 | Average reward:  1226.05 | Step Count: 8191528 | Episode Q0:    47.85
Episode: 3639/5000 | Episode reward:  1250.20 | Episode steps: 2500 | Average reward:  1227.21 | Step Count: 8194028 | Episode Q0:    47.85
Episode: 3640/5000 | Episode reward:  1250.81 | Episode steps: 2500 | Average reward:  1231.80 | Step Count: 8196528 | Episode Q0:    47.85
Episode: 3641/5000 | Episode reward:  1213.38 | Episode steps: 2500 | Average reward:  1230.27 | Step Count: 8199028 | Episode Q0:    47.85
Episode: 3642/5000 | Episode reward:  1233.04 | Episode steps: 2500 | Average reward:  1232.35 | Step Count: 8201528 | Episode Q0:    47.85
Episode: 3643/5000 | Episode reward:  1229.85 | Episode steps: 2500 | Average reward:  1235.81 | Step Count: 8204028 | Episode Q0:    47.85
Episode: 3644/5000 | Episode reward:  1229.89 | Episode steps: 2500 | Average reward:  1234.18 | Step Count: 8206528 | Episode Q0:    47.85
Episode: 3645/5000 | Episode reward:  1249.15 | Episode steps: 2500 | Average reward:  1235.45 | Step Count: 8209028 | Episode Q0:    47.85
Episode: 3646/5000 | Episode reward:  1255.38 | Episode steps: 2500 | Average reward:  1234.77 | Step Count: 8211528 | Episode Q0:    47.85
Episode: 3647/5000 | Episode reward:  1233.39 | Episode steps: 2500 | Average reward:  1234.36 | Step Count: 8214028 | Episode Q0:    47.85
Episode: 3648/5000 | Episode reward:  1275.73 | Episode steps: 2500 | Average reward:  1242.08 | Step Count: 8216528 | Episode Q0:    47.85
Episode: 3649/5000 | Episode reward:  1260.35 | Episode steps: 2500 | Average reward:  1243.10 | Step Count: 8219028 | Episode Q0:    47.85
Episode: 3650/5000 | Episode reward:  1234.37 | Episode steps: 2500 | Average reward:  1241.45 | Step Count: 8221528 | Episode Q0:    47.85
Episode: 3651/5000 | Episode reward:  1211.63 | Episode steps: 2500 | Average reward:  1241.28 | Step Count: 8224028 | Episode Q0:    47.85
Episode: 3652/5000 | Episode reward:  1234.16 | Episode steps: 2500 | Average reward:  1241.39 | Step Count: 8226528 | Episode Q0:    47.85
Episode: 3653/5000 | Episode reward:  1237.44 | Episode steps: 2500 | Average reward:  1242.15 | Step Count: 8229028 | Episode Q0:    47.85
Episode: 3654/5000 | Episode reward:  1246.03 | Episode steps: 2500 | Average reward:  1243.76 | Step Count: 8231528 | Episode Q0:    47.85
Episode: 3655/5000 | Episode reward:  1221.82 | Episode steps: 2500 | Average reward:  1241.03 | Step Count: 8234028 | Episode Q0:    47.85
Episode: 3656/5000 | Episode reward:  1222.27 | Episode steps: 2500 | Average reward:  1237.72 | Step Count: 8236528 | Episode Q0:    47.85
Episode: 3657/5000 | Episode reward:  1238.38 | Episode steps: 2500 | Average reward:  1238.22 | Step Count: 8239028 | Episode Q0:    47.85
Episode: 3658/5000 | Episode reward:  1252.53 | Episode steps: 2500 | Average reward:  1235.90 | Step Count: 8241528 | Episode Q0:    47.85
Episode: 3659/5000 | Episode reward:  1239.49 | Episode steps: 2500 | Average reward:  1233.81 | Step Count: 8244028 | Episode Q0:    47.96
Episode: 3660/5000 | Episode reward:  1221.60 | Episode steps: 2500 | Average reward:  1232.54 | Step Count: 8246528 | Episode Q0:    47.96
Episode: 3661/5000 | Episode reward:  1225.24 | Episode steps: 2500 | Average reward:  1233.90 | Step Count: 8249028 | Episode Q0:    47.96
Episode: 3662/5000 | Episode reward:  1215.38 | Episode steps: 2500 | Average reward:  1232.02 | Step Count: 8251528 | Episode Q0:    47.96
Episode: 3663/5000 | Episode reward:  1222.88 | Episode steps: 2500 | Average reward:  1230.56 | Step Count: 8254028 | Episode Q0:    47.96
Episode: 3664/5000 | Episode reward:  1235.48 | Episode steps: 2500 | Average reward:  1229.51 | Step Count: 8256528 | Episode Q0:    47.96
Episode: 3665/5000 | Episode reward:  1227.98 | Episode steps: 2500 | Average reward:  1230.12 | Step Count: 8259028 | Episode Q0:    47.96
Episode: 3666/5000 | Episode reward:  1204.99 | Episode steps: 2500 | Average reward:  1228.40 | Step Count: 8261528 | Episode Q0:    47.96
Episode: 3667/5000 | Episode reward:  1231.39 | Episode steps: 2500 | Average reward:  1227.70 | Step Count: 8264028 | Episode Q0:    47.96
Episode: 3668/5000 | Episode reward:  1230.22 | Episode steps: 2500 | Average reward:  1225.47 | Step Count: 8266528 | Episode Q0:    47.96
Episode: 3669/5000 | Episode reward:  1205.64 | Episode steps: 2500 | Average reward:  1222.08 | Step Count: 8269028 | Episode Q0:    47.96
Episode: 3670/5000 | Episode reward:  1227.68 | Episode steps: 2500 | Average reward:  1222.69 | Step Count: 8271528 | Episode Q0:    47.96
Episode: 3671/5000 | Episode reward:  1229.68 | Episode steps: 2500 | Average reward:  1223.13 | Step Count: 8274028 | Episode Q0:    47.96
Episode: 3672/5000 | Episode reward:  1212.63 | Episode steps: 2500 | Average reward:  1222.86 | Step Count: 8276528 | Episode Q0:    47.96
Episode: 3673/5000 | Episode reward:  1186.51 | Episode steps: 2500 | Average reward:  1219.22 | Step Count: 8279028 | Episode Q0:    47.96
Episode: 3674/5000 | Episode reward:  1203.61 | Episode steps: 2500 | Average reward:  1216.03 | Step Count: 8281528 | Episode Q0:    47.96
Episode: 3675/5000 | Episode reward:  1199.70 | Episode steps: 2500 | Average reward:  1213.21 | Step Count: 8284028 | Episode Q0:    47.96
Episode: 3676/5000 | Episode reward:  1215.46 | Episode steps: 2500 | Average reward:  1214.25 | Step Count: 8286528 | Episode Q0:    47.96
Episode: 3677/5000 | Episode reward:  1181.22 | Episode steps: 2500 | Average reward:  1209.24 | Step Count: 8289028 | Episode Q0:    47.96
Episode: 3678/5000 | Episode reward:  1205.05 | Episode steps: 2500 | Average reward:  1206.72 | Step Count: 8291528 | Episode Q0:    47.42
Episode: 3679/5000 | Episode reward:  1189.77 | Episode steps: 2500 | Average reward:  1205.13 | Step Count: 8294028 | Episode Q0:    47.42
Episode: 3680/5000 | Episode reward:  1176.45 | Episode steps: 2500 | Average reward:  1200.01 | Step Count: 8296528 | Episode Q0:    47.42
Episode: 3681/5000 | Episode reward:  1086.43 | Episode steps: 2500 | Average reward:  1185.68 | Step Count: 8299028 | Episode Q0:    47.42
Episode: 3682/5000 | Episode reward:  1162.66 | Episode steps: 2500 | Average reward:  1180.69 | Step Count: 8301528 | Episode Q0:    47.42
Episode: 3683/5000 | Episode reward:  1194.25 | Episode steps: 2500 | Average reward:  1181.46 | Step Count: 8304028 | Episode Q0:    47.42
Episode: 3684/5000 | Episode reward:  1208.06 | Episode steps: 2500 | Average reward:  1181.91 | Step Count: 8306528 | Episode Q0:    47.42
Episode: 3685/5000 | Episode reward:  1163.89 | Episode steps: 2500 | Average reward:  1178.33 | Step Count: 8309028 | Episode Q0:    47.42
Episode: 3686/5000 | Episode reward:  1212.10 | Episode steps: 2500 | Average reward:  1177.99 | Step Count: 8311528 | Episode Q0:    47.42
Episode: 3687/5000 | Episode reward:  1119.64 | Episode steps: 2500 | Average reward:  1171.83 | Step Count: 8314028 | Episode Q0:    47.42
Episode: 3688/5000 | Episode reward:  1200.87 | Episode steps: 2500 | Average reward:  1171.41 | Step Count: 8316528 | Episode Q0:    47.42
Episode: 3689/5000 | Episode reward:  1181.38 | Episode steps: 2500 | Average reward:  1170.57 | Step Count: 8319028 | Episode Q0:    47.42
Episode: 3690/5000 | Episode reward:  1128.92 | Episode steps: 2500 | Average reward:  1165.82 | Step Count: 8321528 | Episode Q0:    47.42
Episode: 3691/5000 | Episode reward:  1134.03 | Episode steps: 2500 | Average reward:  1170.58 | Step Count: 8324028 | Episode Q0:    47.42
Episode: 3692/5000 | Episode reward:  1193.19 | Episode steps: 2500 | Average reward:  1173.63 | Step Count: 8326528 | Episode Q0:    47.42
Episode: 3693/5000 | Episode reward:  1160.74 | Episode steps: 2500 | Average reward:  1170.28 | Step Count: 8329028 | Episode Q0:    47.42
Episode: 3694/5000 | Episode reward:  1139.04 | Episode steps: 2500 | Average reward:  1163.38 | Step Count: 8331528 | Episode Q0:    47.42
Episode: 3695/5000 | Episode reward:  1158.00 | Episode steps: 2500 | Average reward:  1162.79 | Step Count: 8334028 | Episode Q0:    47.42
Episode: 3696/5000 | Episode reward:  1054.38 | Episode steps: 2500 | Average reward:  1147.02 | Step Count: 8336528 | Episode Q0:    47.42
Episode: 3697/5000 | Episode reward:  1108.92 | Episode steps: 2500 | Average reward:  1145.95 | Step Count: 8339028 | Episode Q0:    47.42
Episode: 3698/5000 | Episode reward:  1119.50 | Episode steps: 2500 | Average reward:  1137.81 | Step Count: 8341528 | Episode Q0:    47.42
Episode: 3699/5000 | Episode reward:  1109.95 | Episode steps: 2500 | Average reward:  1130.67 | Step Count: 8344028 | Episode Q0:    47.42
Episode: 3700/5000 | Episode reward:  1084.51 | Episode steps: 2500 | Average reward:  1126.23 | Step Count: 8346528 | Episode Q0:    47.42
Episode: 3701/5000 | Episode reward:  1112.03 | Episode steps: 2500 | Average reward:  1124.03 | Step Count: 8349028 | Episode Q0:    47.42
Episode: 3702/5000 | Episode reward:  1149.34 | Episode steps: 2500 | Average reward:  1119.64 | Step Count: 8351528 | Episode Q0:    47.42
Episode: 3703/5000 | Episode reward:  1225.24 | Episode steps: 2500 | Average reward:  1126.09 | Step Count: 8354028 | Episode Q0:    47.18
Episode: 3704/5000 | Episode reward:  1196.47 | Episode steps: 2500 | Average reward:  1131.83 | Step Count: 8356528 | Episode Q0:    47.18
Episode: 3705/5000 | Episode reward:  1184.34 | Episode steps: 2500 | Average reward:  1134.47 | Step Count: 8359028 | Episode Q0:    47.18
Episode: 3706/5000 | Episode reward:  1218.99 | Episode steps: 2500 | Average reward:  1150.93 | Step Count: 8361528 | Episode Q0:    47.18
Episode: 3707/5000 | Episode reward:  1210.98 | Episode steps: 2500 | Average reward:  1161.13 | Step Count: 8364028 | Episode Q0:    47.18
Episode: 3708/5000 | Episode reward:  1159.33 | Episode steps: 2500 | Average reward:  1165.12 | Step Count: 8366528 | Episode Q0:    47.18
Episode: 3709/5000 | Episode reward:  1182.45 | Episode steps: 2500 | Average reward:  1172.37 | Step Count: 8369028 | Episode Q0:    47.18
Episode: 3710/5000 | Episode reward:  1220.65 | Episode steps: 2500 | Average reward:  1185.98 | Step Count: 8371528 | Episode Q0:    47.18
Episode: 3711/5000 | Episode reward:  1225.39 | Episode steps: 2500 | Average reward:  1197.32 | Step Count: 8374028 | Episode Q0:    47.18
Episode: 3712/5000 | Episode reward:  1202.85 | Episode steps: 2500 | Average reward:  1202.67 | Step Count: 8376528 | Episode Q0:    47.18
Episode: 3713/5000 | Episode reward:  1194.04 | Episode steps: 2500 | Average reward:  1199.55 | Step Count: 8379028 | Episode Q0:    47.18
Episode: 3714/5000 | Episode reward:  1178.78 | Episode steps: 2500 | Average reward:  1197.78 | Step Count: 8381528 | Episode Q0:    47.18
Episode: 3715/5000 | Episode reward:  1213.00 | Episode steps: 2500 | Average reward:  1200.65 | Step Count: 8384028 | Episode Q0:    47.18
Episode: 3716/5000 | Episode reward:  1217.43 | Episode steps: 2500 | Average reward:  1200.49 | Step Count: 8386528 | Episode Q0:    47.18
Episode: 3717/5000 | Episode reward:  1220.31 | Episode steps: 2500 | Average reward:  1201.42 | Step Count: 8389028 | Episode Q0:    47.18
Episode: 3718/5000 | Episode reward:  1230.57 | Episode steps: 2500 | Average reward:  1208.55 | Step Count: 8391528 | Episode Q0:    47.18
Episode: 3719/5000 | Episode reward:  1178.05 | Episode steps: 2500 | Average reward:  1208.11 | Step Count: 8394028 | Episode Q0:    47.18
Episode: 3720/5000 | Episode reward:  1224.09 | Episode steps: 2500 | Average reward:  1208.45 | Step Count: 8396528 | Episode Q0:    47.18
Episode: 3721/5000 | Episode reward:  1187.10 | Episode steps: 2500 | Average reward:  1204.62 | Step Count: 8399028 | Episode Q0:    47.18
Episode: 3722/5000 | Episode reward:   362.70 | Episode steps:  771 | Average reward:  1120.61 | Step Count: 8399799 | Episode Q0:    47.18
Episode: 3723/5000 | Episode reward:    48.17 | Episode steps:  158 | Average reward:  1006.02 | Step Count: 8399957 | Episode Q0:    47.18
Episode: 3724/5000 | Episode reward:  1287.14 | Episode steps: 2500 | Average reward:  1016.86 | Step Count: 8402457 | Episode Q0:    45.68
Episode: 3725/5000 | Episode reward:   739.64 | Episode steps: 1516 | Average reward:   969.52 | Step Count: 8403973 | Episode Q0:    45.68
Episode: 3726/5000 | Episode reward:  1254.21 | Episode steps: 2500 | Average reward:   973.20 | Step Count: 8406473 | Episode Q0:    45.68
Episode: 3727/5000 | Episode reward:  1277.93 | Episode steps: 2500 | Average reward:   978.96 | Step Count: 8408973 | Episode Q0:    45.68
Episode: 3728/5000 | Episode reward:  1273.26 | Episode steps: 2500 | Average reward:   983.23 | Step Count: 8411473 | Episode Q0:    45.68
Episode: 3729/5000 | Episode reward:   599.37 | Episode steps: 1256 | Average reward:   925.36 | Step Count: 8412729 | Episode Q0:    45.68
Episode: 3730/5000 | Episode reward:  1147.10 | Episode steps: 2316 | Average reward:   917.66 | Step Count: 8415045 | Episode Q0:    45.68
Episode: 3731/5000 | Episode reward:  1201.89 | Episode steps: 2500 | Average reward:   919.14 | Step Count: 8417545 | Episode Q0:    45.68
Episode: 3732/5000 | Episode reward:  1308.21 | Episode steps: 2500 | Average reward:  1013.69 | Step Count: 8420045 | Episode Q0:    45.68
Episode: 3733/5000 | Episode reward:   847.98 | Episode steps: 1806 | Average reward:  1093.67 | Step Count: 8421851 | Episode Q0:    45.68
Episode: 3734/5000 | Episode reward:  1285.83 | Episode steps: 2500 | Average reward:  1093.54 | Step Count: 8424351 | Episode Q0:    45.68
Episode: 3735/5000 | Episode reward:  1221.90 | Episode steps: 2500 | Average reward:  1141.77 | Step Count: 8426851 | Episode Q0:    45.68
Episode: 3736/5000 | Episode reward:   474.65 | Episode steps:  976 | Average reward:  1063.81 | Step Count: 8427827 | Episode Q0:    45.68
Episode: 3737/5000 | Episode reward:    35.39 | Episode steps:  130 | Average reward:   939.56 | Step Count: 8427957 | Episode Q0:    45.68
Episode: 3738/5000 | Episode reward:   350.05 | Episode steps:  799 | Average reward:   847.24 | Step Count: 8428756 | Episode Q0:    45.68
Episode: 3739/5000 | Episode reward:  1271.61 | Episode steps: 2500 | Average reward:   914.46 | Step Count: 8431256 | Episode Q0:    45.68
Episode: 3740/5000 | Episode reward:  1274.51 | Episode steps: 2500 | Average reward:   927.20 | Step Count: 8433756 | Episode Q0:    45.68
Episode: 3741/5000 | Episode reward:   928.27 | Episode steps: 1869 | Average reward:   899.84 | Step Count: 8435625 | Episode Q0:    45.68
Episode: 3742/5000 | Episode reward:  1212.13 | Episode steps: 2500 | Average reward:   890.23 | Step Count: 8438125 | Episode Q0:    45.68
Episode: 3743/5000 | Episode reward:  1292.42 | Episode steps: 2500 | Average reward:   934.67 | Step Count: 8440625 | Episode Q0:    45.68
Episode: 3744/5000 | Episode reward:   466.27 | Episode steps:  977 | Average reward:   852.72 | Step Count: 8441602 | Episode Q0:    45.68
Episode: 3745/5000 | Episode reward:  1291.23 | Episode steps: 2500 | Average reward:   859.65 | Step Count: 8444102 | Episode Q0:    45.68
Episode: 3746/5000 | Episode reward:  1297.23 | Episode steps: 2500 | Average reward:   941.91 | Step Count: 8446602 | Episode Q0:    45.68
Episode: 3747/5000 | Episode reward:  1204.29 | Episode steps: 2500 | Average reward:  1058.80 | Step Count: 8449102 | Episode Q0:    46.12
Episode: 3748/5000 | Episode reward:  1263.13 | Episode steps: 2500 | Average reward:  1150.11 | Step Count: 8451602 | Episode Q0:    46.12
Episode: 3749/5000 | Episode reward:  1110.43 | Episode steps: 2500 | Average reward:  1133.99 | Step Count: 8454102 | Episode Q0:    46.12
Episode: 3750/5000 | Episode reward:  1079.23 | Episode steps: 2500 | Average reward:  1114.46 | Step Count: 8456602 | Episode Q0:    46.12
Episode: 3751/5000 | Episode reward:   151.88 | Episode steps:  431 | Average reward:  1036.82 | Step Count: 8457033 | Episode Q0:    46.12
Episode: 3752/5000 | Episode reward:  1265.82 | Episode steps: 2500 | Average reward:  1042.19 | Step Count: 8459533 | Episode Q0:    46.12
Episode: 3753/5000 | Episode reward:   833.33 | Episode steps: 1851 | Average reward:   996.28 | Step Count: 8461384 | Episode Q0:    46.12
Episode: 3754/5000 | Episode reward:  1190.53 | Episode steps: 2500 | Average reward:  1068.71 | Step Count: 8463884 | Episode Q0:    46.12
Episode: 3755/5000 | Episode reward:  1213.87 | Episode steps: 2500 | Average reward:  1060.97 | Step Count: 8466384 | Episode Q0:    46.12
Episode: 3756/5000 | Episode reward:  1096.13 | Episode steps: 2500 | Average reward:  1040.86 | Step Count: 8468884 | Episode Q0:    46.12
Episode: 3757/5000 | Episode reward:   147.20 | Episode steps:  402 | Average reward:   935.15 | Step Count: 8469286 | Episode Q0:    46.12
Episode: 3758/5000 | Episode reward:  1134.72 | Episode steps: 2500 | Average reward:   922.31 | Step Count: 8471786 | Episode Q0:    46.12
Episode: 3759/5000 | Episode reward:  1180.86 | Episode steps: 2500 | Average reward:   929.36 | Step Count: 8474286 | Episode Q0:    46.12
Episode: 3760/5000 | Episode reward:   332.35 | Episode steps:  981 | Average reward:   854.67 | Step Count: 8475267 | Episode Q0:    46.12
Episode: 3761/5000 | Episode reward:  1120.61 | Episode steps: 2500 | Average reward:   951.54 | Step Count: 8477767 | Episode Q0:    46.12
Episode: 3762/5000 | Episode reward:    12.46 | Episode steps:  169 | Average reward:   826.21 | Step Count: 8477936 | Episode Q0:    46.12
Episode: 3763/5000 | Episode reward:  1193.71 | Episode steps: 2500 | Average reward:   862.24 | Step Count: 8480436 | Episode Q0:    46.12
Episode: 3764/5000 | Episode reward:  1248.56 | Episode steps: 2500 | Average reward:   868.05 | Step Count: 8482936 | Episode Q0:    46.12
Episode: 3765/5000 | Episode reward:  1237.11 | Episode steps: 2500 | Average reward:   870.37 | Step Count: 8485436 | Episode Q0:    46.12
Episode: 3766/5000 | Episode reward:    62.72 | Episode steps:  191 | Average reward:   767.03 | Step Count: 8485627 | Episode Q0:    46.12
Episode: 3767/5000 | Episode reward:  1125.35 | Episode steps: 2500 | Average reward:   864.85 | Step Count: 8488127 | Episode Q0:    46.12
Episode: 3768/5000 | Episode reward:  1182.29 | Episode steps: 2500 | Average reward:   869.60 | Step Count: 8490627 | Episode Q0:    46.24
Episode: 3769/5000 | Episode reward:  1201.18 | Episode steps: 2500 | Average reward:   871.64 | Step Count: 8493127 | Episode Q0:    46.24
Episode: 3770/5000 | Episode reward:  1193.27 | Episode steps: 2500 | Average reward:   957.73 | Step Count: 8495627 | Episode Q0:    46.24
Episode: 3771/5000 | Episode reward:  1192.02 | Episode steps: 2500 | Average reward:   964.87 | Step Count: 8498127 | Episode Q0:    46.24
Episode: 3772/5000 | Episode reward:  1172.85 | Episode steps: 2500 | Average reward:  1080.91 | Step Count: 8500627 | Episode Q0:    46.24
Episode: 3773/5000 | Episode reward:  1162.81 | Episode steps: 2500 | Average reward:  1077.82 | Step Count: 8503127 | Episode Q0:    46.24
Episode: 3774/5000 | Episode reward:  1226.26 | Episode steps: 2500 | Average reward:  1075.59 | Step Count: 8505627 | Episode Q0:    46.24
Episode: 3775/5000 | Episode reward:  1193.80 | Episode steps: 2500 | Average reward:  1071.26 | Step Count: 8508127 | Episode Q0:    46.24
Episode: 3776/5000 | Episode reward:  1201.26 | Episode steps: 2500 | Average reward:  1185.11 | Step Count: 8510627 | Episode Q0:    46.24
Episode: 3777/5000 | Episode reward:  1163.94 | Episode steps: 2500 | Average reward:  1188.97 | Step Count: 8513127 | Episode Q0:    46.24
Episode: 3778/5000 | Episode reward:  1262.31 | Episode steps: 2500 | Average reward:  1196.97 | Step Count: 8515627 | Episode Q0:    46.24
Episode: 3779/5000 | Episode reward:  1153.15 | Episode steps: 2500 | Average reward:  1192.17 | Step Count: 8518127 | Episode Q0:    46.24
Episode: 3780/5000 | Episode reward:  1200.35 | Episode steps: 2500 | Average reward:  1192.88 | Step Count: 8520627 | Episode Q0:    46.24
Episode: 3781/5000 | Episode reward:  1311.48 | Episode steps: 2500 | Average reward:  1204.82 | Step Count: 8523127 | Episode Q0:    46.24
Episode: 3782/5000 | Episode reward:  1266.93 | Episode steps: 2500 | Average reward:  1214.23 | Step Count: 8525627 | Episode Q0:    46.24
Episode: 3783/5000 | Episode reward:  1158.51 | Episode steps: 2500 | Average reward:  1213.80 | Step Count: 8528127 | Episode Q0:    46.24
Episode: 3784/5000 | Episode reward:  1215.76 | Episode steps: 2500 | Average reward:  1212.75 | Step Count: 8530627 | Episode Q0:    46.24
Episode: 3785/5000 | Episode reward:  1193.17 | Episode steps: 2500 | Average reward:  1212.69 | Step Count: 8533127 | Episode Q0:    46.24
Episode: 3786/5000 | Episode reward:  1167.54 | Episode steps: 2500 | Average reward:  1209.31 | Step Count: 8535627 | Episode Q0:    46.24
Episode: 3787/5000 | Episode reward:  1184.49 | Episode steps: 2500 | Average reward:  1211.37 | Step Count: 8538127 | Episode Q0:    46.24
Episode: 3788/5000 | Episode reward:  1192.83 | Episode steps: 2500 | Average reward:  1204.42 | Step Count: 8540627 | Episode Q0:    46.24
Episode: 3789/5000 | Episode reward:  1209.12 | Episode steps: 2500 | Average reward:  1210.02 | Step Count: 8543127 | Episode Q0:    46.24
Episode: 3790/5000 | Episode reward:  1187.87 | Episode steps: 2500 | Average reward:  1208.77 | Step Count: 8545627 | Episode Q0:    46.24
Episode: 3791/5000 | Episode reward:  1197.57 | Episode steps: 2500 | Average reward:  1197.38 | Step Count: 8548127 | Episode Q0:    46.14
Episode: 3792/5000 | Episode reward:  1284.86 | Episode steps: 2500 | Average reward:  1199.17 | Step Count: 8550627 | Episode Q0:    46.14
Episode: 3793/5000 | Episode reward:  1208.45 | Episode steps: 2500 | Average reward:  1204.17 | Step Count: 8553127 | Episode Q0:    46.14
Episode: 3794/5000 | Episode reward:  1206.61 | Episode steps: 2500 | Average reward:  1203.25 | Step Count: 8555627 | Episode Q0:    46.14
Episode: 3795/5000 | Episode reward:  1242.12 | Episode steps: 2500 | Average reward:  1208.15 | Step Count: 8558127 | Episode Q0:    46.14
Episode: 3796/5000 | Episode reward:  1112.19 | Episode steps: 2500 | Average reward:  1202.61 | Step Count: 8560627 | Episode Q0:    46.14
Episode: 3797/5000 | Episode reward:  1240.65 | Episode steps: 2500 | Average reward:  1208.23 | Step Count: 8563127 | Episode Q0:    46.14
Episode: 3798/5000 | Episode reward:  1174.86 | Episode steps: 2500 | Average reward:  1206.43 | Step Count: 8565627 | Episode Q0:    46.14
Episode: 3799/5000 | Episode reward:  1194.26 | Episode steps: 2500 | Average reward:  1204.94 | Step Count: 8568127 | Episode Q0:    46.14
Episode: 3800/5000 | Episode reward:   708.23 | Episode steps: 2500 | Average reward:  1156.98 | Step Count: 8570627 | Episode Q0:    46.14
Episode: 3801/5000 | Episode reward:  1229.49 | Episode steps: 2500 | Average reward:  1160.17 | Step Count: 8573127 | Episode Q0:    46.14
Episode: 3802/5000 | Episode reward:  1220.31 | Episode steps: 2500 | Average reward:  1153.71 | Step Count: 8575627 | Episode Q0:    46.14
Episode: 3803/5000 | Episode reward:  1195.05 | Episode steps: 2500 | Average reward:  1152.37 | Step Count: 8578127 | Episode Q0:    46.14
Episode: 3804/5000 | Episode reward:  1223.51 | Episode steps: 2500 | Average reward:  1154.07 | Step Count: 8580627 | Episode Q0:    46.14
Episode: 3805/5000 | Episode reward:  1215.98 | Episode steps: 2500 | Average reward:  1151.45 | Step Count: 8583127 | Episode Q0:    46.14
Episode: 3806/5000 | Episode reward:  1231.10 | Episode steps: 2500 | Average reward:  1163.34 | Step Count: 8585627 | Episode Q0:    46.14
Episode: 3807/5000 | Episode reward:  1128.12 | Episode steps: 2500 | Average reward:  1152.09 | Step Count: 8588127 | Episode Q0:    46.14
Episode: 3808/5000 | Episode reward:  1214.70 | Episode steps: 2500 | Average reward:  1156.07 | Step Count: 8590627 | Episode Q0:    46.14
Episode: 3809/5000 | Episode reward:  1212.41 | Episode steps: 2500 | Average reward:  1157.89 | Step Count: 8593127 | Episode Q0:    46.14
Episode: 3810/5000 | Episode reward:  1262.73 | Episode steps: 2500 | Average reward:  1213.34 | Step Count: 8595627 | Episode Q0:    46.14
Episode: 3811/5000 | Episode reward:  1032.81 | Episode steps: 2500 | Average reward:  1193.67 | Step Count: 8598127 | Episode Q0:    46.14
Episode: 3812/5000 | Episode reward:  1200.29 | Episode steps: 2500 | Average reward:  1191.67 | Step Count: 8600627 | Episode Q0:    46.17
Episode: 3813/5000 | Episode reward:  1203.60 | Episode steps: 2500 | Average reward:  1192.53 | Step Count: 8603127 | Episode Q0:    46.17
Episode: 3814/5000 | Episode reward:  1236.75 | Episode steps: 2500 | Average reward:  1193.85 | Step Count: 8605627 | Episode Q0:    46.17
Episode: 3815/5000 | Episode reward:   306.11 | Episode steps: 2500 | Average reward:  1102.86 | Step Count: 8608127 | Episode Q0:    46.17
Episode: 3816/5000 | Episode reward:  1176.07 | Episode steps: 2500 | Average reward:  1097.36 | Step Count: 8610627 | Episode Q0:    46.17
Episode: 3817/5000 | Episode reward:  1210.18 | Episode steps: 2500 | Average reward:  1105.57 | Step Count: 8613127 | Episode Q0:    46.17
Episode: 3818/5000 | Episode reward:  1255.21 | Episode steps: 2500 | Average reward:  1109.62 | Step Count: 8615627 | Episode Q0:    46.17
Episode: 3819/5000 | Episode reward:  1222.90 | Episode steps: 2500 | Average reward:  1110.67 | Step Count: 8618127 | Episode Q0:    46.17
Episode: 3820/5000 | Episode reward:  1220.71 | Episode steps: 2500 | Average reward:  1106.46 | Step Count: 8620627 | Episode Q0:    46.17
Episode: 3821/5000 | Episode reward:  1189.49 | Episode steps: 2500 | Average reward:  1122.13 | Step Count: 8623127 | Episode Q0:    46.17
Episode: 3822/5000 | Episode reward:  1244.82 | Episode steps: 2500 | Average reward:  1126.59 | Step Count: 8625627 | Episode Q0:    46.17
Episode: 3823/5000 | Episode reward:  1222.67 | Episode steps: 2500 | Average reward:  1128.49 | Step Count: 8628127 | Episode Q0:    46.17
Episode: 3824/5000 | Episode reward:  1178.20 | Episode steps: 2500 | Average reward:  1122.64 | Step Count: 8630627 | Episode Q0:    46.17
Episode: 3825/5000 | Episode reward:  1230.94 | Episode steps: 2500 | Average reward:  1215.12 | Step Count: 8633127 | Episode Q0:    46.17
Episode: 3826/5000 | Episode reward:  1284.67 | Episode steps: 2500 | Average reward:  1225.98 | Step Count: 8635627 | Episode Q0:    46.17
Episode: 3827/5000 | Episode reward:  1186.58 | Episode steps: 2500 | Average reward:  1223.62 | Step Count: 8638127 | Episode Q0:    46.17
Episode: 3828/5000 | Episode reward:  1276.25 | Episode steps: 2500 | Average reward:  1225.72 | Step Count: 8640627 | Episode Q0:    46.17
Episode: 3829/5000 | Episode reward:  1183.06 | Episode steps: 2500 | Average reward:  1221.74 | Step Count: 8643127 | Episode Q0:    46.17
Episode: 3830/5000 | Episode reward:  1243.60 | Episode steps: 2500 | Average reward:  1224.03 | Step Count: 8645627 | Episode Q0:    46.17
Episode: 3831/5000 | Episode reward:  1165.24 | Episode steps: 2500 | Average reward:  1221.60 | Step Count: 8648127 | Episode Q0:    46.17
Episode: 3832/5000 | Episode reward:  1212.47 | Episode steps: 2500 | Average reward:  1218.37 | Step Count: 8650627 | Episode Q0:    46.17
Episode: 3833/5000 | Episode reward:  1202.36 | Episode steps: 2500 | Average reward:  1216.34 | Step Count: 8653127 | Episode Q0:    46.17
Episode: 3834/5000 | Episode reward:  1197.28 | Episode steps: 2500 | Average reward:  1218.25 | Step Count: 8655627 | Episode Q0:    46.17
Episode: 3835/5000 | Episode reward:  1279.22 | Episode steps: 2500 | Average reward:  1223.07 | Step Count: 8658127 | Episode Q0:    46.24
Episode: 3836/5000 | Episode reward:   559.82 | Episode steps: 2500 | Average reward:  1150.59 | Step Count: 8660627 | Episode Q0:    46.24
Episode: 3837/5000 | Episode reward:  1278.75 | Episode steps: 2500 | Average reward:  1159.81 | Step Count: 8663127 | Episode Q0:    46.24
Episode: 3838/5000 | Episode reward:  1257.69 | Episode steps: 2500 | Average reward:  1157.95 | Step Count: 8665627 | Episode Q0:    46.24
Episode: 3839/5000 | Episode reward:  1230.09 | Episode steps: 2500 | Average reward:  1162.65 | Step Count: 8668127 | Episode Q0:    46.24
Episode: 3840/5000 | Episode reward:  1330.79 | Episode steps: 2500 | Average reward:  1171.37 | Step Count: 8670627 | Episode Q0:    46.24
Episode: 3841/5000 | Episode reward:  1224.21 | Episode steps: 2500 | Average reward:  1177.27 | Step Count: 8673127 | Episode Q0:    46.24
Episode: 3842/5000 | Episode reward:  1256.39 | Episode steps: 2500 | Average reward:  1181.66 | Step Count: 8675627 | Episode Q0:    46.24
Episode: 3843/5000 | Episode reward:  1262.98 | Episode steps: 2500 | Average reward:  1187.72 | Step Count: 8678127 | Episode Q0:    46.24
Episode: 3844/5000 | Episode reward:  1207.03 | Episode steps: 2500 | Average reward:  1188.70 | Step Count: 8680627 | Episode Q0:    46.24
Episode: 3845/5000 | Episode reward:  1216.33 | Episode steps: 2500 | Average reward:  1182.41 | Step Count: 8683127 | Episode Q0:    46.24
Episode: 3846/5000 | Episode reward:  1228.13 | Episode steps: 2500 | Average reward:  1249.24 | Step Count: 8685627 | Episode Q0:    46.24
Episode: 3847/5000 | Episode reward:  1209.61 | Episode steps: 2500 | Average reward:  1242.33 | Step Count: 8688127 | Episode Q0:    46.24
Episode: 3848/5000 | Episode reward:  1229.90 | Episode steps: 2500 | Average reward:  1239.55 | Step Count: 8690627 | Episode Q0:    46.24
Episode: 3849/5000 | Episode reward:  1272.23 | Episode steps: 2500 | Average reward:  1243.76 | Step Count: 8693127 | Episode Q0:    46.24
Episode: 3850/5000 | Episode reward:  1236.88 | Episode steps: 2500 | Average reward:  1234.37 | Step Count: 8695627 | Episode Q0:    46.24
Episode: 3851/5000 | Episode reward:   659.07 | Episode steps: 2500 | Average reward:  1177.85 | Step Count: 8698127 | Episode Q0:    46.24
Episode: 3852/5000 | Episode reward:  1221.02 | Episode steps: 2500 | Average reward:  1174.32 | Step Count: 8700627 | Episode Q0:    46.24
Episode: 3853/5000 | Episode reward:  1252.80 | Episode steps: 2500 | Average reward:  1173.30 | Step Count: 8703127 | Episode Q0:    46.24
Episode: 3854/5000 | Episode reward:  1213.66 | Episode steps: 2500 | Average reward:  1173.96 | Step Count: 8705627 | Episode Q0:    46.24
Episode: 3855/5000 | Episode reward:  1310.43 | Episode steps: 2500 | Average reward:  1183.37 | Step Count: 8708127 | Episode Q0:    46.24
Episode: 3856/5000 | Episode reward:  1269.87 | Episode steps: 2500 | Average reward:  1187.55 | Step Count: 8710627 | Episode Q0:    45.55
Episode: 3857/5000 | Episode reward:  1256.00 | Episode steps: 2500 | Average reward:  1192.19 | Step Count: 8713127 | Episode Q0:    45.55
Episode: 3858/5000 | Episode reward:  1252.28 | Episode steps: 2500 | Average reward:  1194.42 | Step Count: 8715627 | Episode Q0:    45.55
Episode: 3859/5000 | Episode reward:  1331.40 | Episode steps: 2500 | Average reward:  1200.34 | Step Count: 8718127 | Episode Q0:    45.55
Episode: 3860/5000 | Episode reward:  1249.38 | Episode steps: 2500 | Average reward:  1201.59 | Step Count: 8720627 | Episode Q0:    45.55
Episode: 3861/5000 | Episode reward:  1319.96 | Episode steps: 2500 | Average reward:  1267.68 | Step Count: 8723127 | Episode Q0:    45.55
Episode: 3862/5000 | Episode reward:  1263.72 | Episode steps: 2500 | Average reward:  1271.95 | Step Count: 8725627 | Episode Q0:    45.55
Episode: 3863/5000 | Episode reward:  1343.93 | Episode steps: 2500 | Average reward:  1281.06 | Step Count: 8728127 | Episode Q0:    45.55
Episode: 3864/5000 | Episode reward:  1345.48 | Episode steps: 2500 | Average reward:  1294.25 | Step Count: 8730627 | Episode Q0:    45.55
Episode: 3865/5000 | Episode reward:  1321.82 | Episode steps: 2500 | Average reward:  1295.38 | Step Count: 8733127 | Episode Q0:    45.55
Episode: 3866/5000 | Episode reward:  1344.32 | Episode steps: 2500 | Average reward:  1302.83 | Step Count: 8735627 | Episode Q0:    45.55
Episode: 3867/5000 | Episode reward:  1260.64 | Episode steps: 2500 | Average reward:  1303.29 | Step Count: 8738127 | Episode Q0:    45.55
Episode: 3868/5000 | Episode reward:  1351.29 | Episode steps: 2500 | Average reward:  1313.19 | Step Count: 8740627 | Episode Q0:    45.55
Episode: 3869/5000 | Episode reward:  1256.69 | Episode steps: 2500 | Average reward:  1305.72 | Step Count: 8743127 | Episode Q0:    45.55
Episode: 3870/5000 | Episode reward:  1328.46 | Episode steps: 2500 | Average reward:  1313.63 | Step Count: 8745627 | Episode Q0:    45.55
Episode: 3871/5000 | Episode reward:  1235.49 | Episode steps: 2500 | Average reward:  1305.18 | Step Count: 8748127 | Episode Q0:    45.55
Episode: 3872/5000 | Episode reward:  1368.45 | Episode steps: 2500 | Average reward:  1315.66 | Step Count: 8750627 | Episode Q0:    45.55
Episode: 3873/5000 | Episode reward:  1351.47 | Episode steps: 2500 | Average reward:  1316.41 | Step Count: 8753127 | Episode Q0:    45.55
Episode: 3874/5000 | Episode reward:  1298.77 | Episode steps: 2500 | Average reward:  1311.74 | Step Count: 8755627 | Episode Q0:    45.55
Episode: 3875/5000 | Episode reward:  1347.98 | Episode steps: 2500 | Average reward:  1314.36 | Step Count: 8758127 | Episode Q0:    45.55
Episode: 3876/5000 | Episode reward:  1370.08 | Episode steps: 2500 | Average reward:  1316.93 | Step Count: 8760627 | Episode Q0:    45.55
Episode: 3877/5000 | Episode reward:  1309.43 | Episode steps: 2500 | Average reward:  1321.81 | Step Count: 8763127 | Episode Q0:    45.55
Episode: 3878/5000 | Episode reward:  1300.57 | Episode steps: 2500 | Average reward:  1316.74 | Step Count: 8765627 | Episode Q0:    45.55
Episode: 3879/5000 | Episode reward:  1268.21 | Episode steps: 2500 | Average reward:  1317.89 | Step Count: 8768127 | Episode Q0:    45.90
Episode: 3880/5000 | Episode reward:  1330.34 | Episode steps: 2500 | Average reward:  1318.08 | Step Count: 8770627 | Episode Q0:    45.90
Episode: 3881/5000 | Episode reward:  1306.41 | Episode steps: 2500 | Average reward:  1325.17 | Step Count: 8773127 | Episode Q0:    45.90
Episode: 3882/5000 | Episode reward:  1254.85 | Episode steps: 2500 | Average reward:  1313.81 | Step Count: 8775627 | Episode Q0:    45.90
Episode: 3883/5000 | Episode reward:  1329.29 | Episode steps: 2500 | Average reward:  1311.59 | Step Count: 8778127 | Episode Q0:    45.90
Episode: 3884/5000 | Episode reward:  1359.50 | Episode steps: 2500 | Average reward:  1317.67 | Step Count: 8780627 | Episode Q0:    45.90
Episode: 3885/5000 | Episode reward:  1246.12 | Episode steps: 2500 | Average reward:  1307.48 | Step Count: 8783127 | Episode Q0:    45.90
Episode: 3886/5000 | Episode reward:  1309.10 | Episode steps: 2500 | Average reward:  1301.38 | Step Count: 8785627 | Episode Q0:    45.90
Episode: 3887/5000 | Episode reward:  1331.14 | Episode steps: 2500 | Average reward:  1303.55 | Step Count: 8788127 | Episode Q0:    45.90
Episode: 3888/5000 | Episode reward:  1349.13 | Episode steps: 2500 | Average reward:  1308.41 | Step Count: 8790627 | Episode Q0:    45.90
Episode: 3889/5000 | Episode reward:  1292.46 | Episode steps: 2500 | Average reward:  1310.84 | Step Count: 8793127 | Episode Q0:    45.90
Episode: 3890/5000 | Episode reward:  1360.27 | Episode steps: 2500 | Average reward:  1313.83 | Step Count: 8795627 | Episode Q0:    45.90
Episode: 3891/5000 | Episode reward:  1344.05 | Episode steps: 2500 | Average reward:  1317.59 | Step Count: 8798127 | Episode Q0:    45.90
Episode: 3892/5000 | Episode reward:  1343.63 | Episode steps: 2500 | Average reward:  1326.47 | Step Count: 8800627 | Episode Q0:    45.90
Episode: 3893/5000 | Episode reward:  1243.10 | Episode steps: 2500 | Average reward:  1317.85 | Step Count: 8803127 | Episode Q0:    45.90
Episode: 3894/5000 | Episode reward:  1352.90 | Episode steps: 2500 | Average reward:  1317.19 | Step Count: 8805627 | Episode Q0:    45.90
Episode: 3895/5000 | Episode reward:  1365.03 | Episode steps: 2500 | Average reward:  1329.08 | Step Count: 8808127 | Episode Q0:    45.90
Episode: 3896/5000 | Episode reward:  1294.96 | Episode steps: 2500 | Average reward:  1327.67 | Step Count: 8810627 | Episode Q0:    45.90
Episode: 3897/5000 | Episode reward:  1360.62 | Episode steps: 2500 | Average reward:  1330.62 | Step Count: 8813127 | Episode Q0:    45.90
Episode: 3898/5000 | Episode reward:  1352.05 | Episode steps: 2500 | Average reward:  1330.91 | Step Count: 8815627 | Episode Q0:    45.90
Episode: 3899/5000 | Episode reward:  1258.93 | Episode steps: 2500 | Average reward:  1327.56 | Step Count: 8818127 | Episode Q0:    45.90
Episode: 3900/5000 | Episode reward:  1333.36 | Episode steps: 2500 | Average reward:  1324.87 | Step Count: 8820627 | Episode Q0:    47.06
Episode: 3901/5000 | Episode reward:  1309.33 | Episode steps: 2500 | Average reward:  1321.39 | Step Count: 8823127 | Episode Q0:    47.06
Episode: 3902/5000 | Episode reward:  1375.75 | Episode steps: 2500 | Average reward:  1324.60 | Step Count: 8825627 | Episode Q0:    47.06
Episode: 3903/5000 | Episode reward:  1336.01 | Episode steps: 2500 | Average reward:  1333.90 | Step Count: 8828127 | Episode Q0:    47.06
Episode: 3904/5000 | Episode reward:  1303.35 | Episode steps: 2500 | Average reward:  1328.94 | Step Count: 8830627 | Episode Q0:    47.06
Episode: 3905/5000 | Episode reward:  1350.73 | Episode steps: 2500 | Average reward:  1327.51 | Step Count: 8833127 | Episode Q0:    47.06
Episode: 3906/5000 | Episode reward:  1367.38 | Episode steps: 2500 | Average reward:  1334.75 | Step Count: 8835627 | Episode Q0:    47.06
Episode: 3907/5000 | Episode reward:  1328.73 | Episode steps: 2500 | Average reward:  1331.56 | Step Count: 8838127 | Episode Q0:    47.06
Episode: 3908/5000 | Episode reward:  1382.47 | Episode steps: 2500 | Average reward:  1334.60 | Step Count: 8840627 | Episode Q0:    47.06
Episode: 3909/5000 | Episode reward:  1277.30 | Episode steps: 2500 | Average reward:  1336.44 | Step Count: 8843127 | Episode Q0:    47.06
Episode: 3910/5000 | Episode reward:  1279.34 | Episode steps: 2500 | Average reward:  1331.04 | Step Count: 8845627 | Episode Q0:    47.06
Episode: 3911/5000 | Episode reward:  1322.36 | Episode steps: 2500 | Average reward:  1332.34 | Step Count: 8848127 | Episode Q0:    47.06
Episode: 3912/5000 | Episode reward:  1327.67 | Episode steps: 2500 | Average reward:  1327.53 | Step Count: 8850627 | Episode Q0:    47.06
Episode: 3913/5000 | Episode reward:  1324.43 | Episode steps: 2500 | Average reward:  1326.38 | Step Count: 8853127 | Episode Q0:    47.06
Episode: 3914/5000 | Episode reward:  1377.93 | Episode steps: 2500 | Average reward:  1333.83 | Step Count: 8855627 | Episode Q0:    47.06
Episode: 3915/5000 | Episode reward:  1353.45 | Episode steps: 2500 | Average reward:  1334.11 | Step Count: 8858127 | Episode Q0:    47.06
Episode: 3916/5000 | Episode reward:  1366.52 | Episode steps: 2500 | Average reward:  1334.02 | Step Count: 8860627 | Episode Q0:    47.06
Episode: 3917/5000 | Episode reward:  1361.89 | Episode steps: 2500 | Average reward:  1337.34 | Step Count: 8863127 | Episode Q0:    47.06
Episode: 3918/5000 | Episode reward:  1341.99 | Episode steps: 2500 | Average reward:  1333.29 | Step Count: 8865627 | Episode Q0:    47.06
Episode: 3919/5000 | Episode reward:  1270.37 | Episode steps: 2500 | Average reward:  1332.60 | Step Count: 8868127 | Episode Q0:    47.06
Episode: 3920/5000 | Episode reward:  1349.32 | Episode steps: 2500 | Average reward:  1339.59 | Step Count: 8870627 | Episode Q0:    47.06
Episode: 3921/5000 | Episode reward:  1364.77 | Episode steps: 2500 | Average reward:  1343.83 | Step Count: 8873127 | Episode Q0:    47.06
Episode: 3922/5000 | Episode reward:  1268.25 | Episode steps: 2500 | Average reward:  1337.89 | Step Count: 8875627 | Episode Q0:    47.06
Episode: 3923/5000 | Episode reward:  1350.37 | Episode steps: 2500 | Average reward:  1340.49 | Step Count: 8878127 | Episode Q0:    47.34
Episode: 3924/5000 | Episode reward:  1366.32 | Episode steps: 2500 | Average reward:  1339.33 | Step Count: 8880627 | Episode Q0:    47.34
Episode: 3925/5000 | Episode reward:  1257.03 | Episode steps: 2500 | Average reward:  1329.68 | Step Count: 8883127 | Episode Q0:    47.34
Episode: 3926/5000 | Episode reward:  1342.33 | Episode steps: 2500 | Average reward:  1327.26 | Step Count: 8885627 | Episode Q0:    47.34
Episode: 3927/5000 | Episode reward:  1367.48 | Episode steps: 2500 | Average reward:  1327.82 | Step Count: 8888127 | Episode Q0:    47.34
Episode: 3928/5000 | Episode reward:  1383.29 | Episode steps: 2500 | Average reward:  1331.95 | Step Count: 8890627 | Episode Q0:    47.34
Episode: 3929/5000 | Episode reward:  1365.19 | Episode steps: 2500 | Average reward:  1341.43 | Step Count: 8893127 | Episode Q0:    47.34
Episode: 3930/5000 | Episode reward:  1314.91 | Episode steps: 2500 | Average reward:  1337.99 | Step Count: 8895627 | Episode Q0:    47.34
Episode: 3931/5000 | Episode reward:  1325.12 | Episode steps: 2500 | Average reward:  1334.03 | Step Count: 8898127 | Episode Q0:    47.34
Episode: 3932/5000 | Episode reward:  1348.02 | Episode steps: 2500 | Average reward:  1342.01 | Step Count: 8900627 | Episode Q0:    47.34
Episode: 3933/5000 | Episode reward:  1353.04 | Episode steps: 2500 | Average reward:  1342.27 | Step Count: 8903127 | Episode Q0:    47.34
Episode: 3934/5000 | Episode reward:  1318.36 | Episode steps: 2500 | Average reward:  1337.48 | Step Count: 8905627 | Episode Q0:    47.34
Episode: 3935/5000 | Episode reward:  1366.27 | Episode steps: 2500 | Average reward:  1348.40 | Step Count: 8908127 | Episode Q0:    47.34
Episode: 3936/5000 | Episode reward:  1336.20 | Episode steps: 2500 | Average reward:  1347.79 | Step Count: 8910627 | Episode Q0:    47.34
Episode: 3937/5000 | Episode reward:  1409.34 | Episode steps: 2500 | Average reward:  1351.97 | Step Count: 8913127 | Episode Q0:    47.34
Episode: 3938/5000 | Episode reward:  1348.82 | Episode steps: 2500 | Average reward:  1348.53 | Step Count: 8915627 | Episode Q0:    47.34
Episode: 3939/5000 | Episode reward:  1398.83 | Episode steps: 2500 | Average reward:  1351.89 | Step Count: 8918127 | Episode Q0:    47.34
Episode: 3940/5000 | Episode reward:  1346.62 | Episode steps: 2500 | Average reward:  1355.06 | Step Count: 8920627 | Episode Q0:    47.34
Episode: 3941/5000 | Episode reward:  1351.27 | Episode steps: 2500 | Average reward:  1357.68 | Step Count: 8923127 | Episode Q0:    47.34
Episode: 3942/5000 | Episode reward:  1331.05 | Episode steps: 2500 | Average reward:  1355.98 | Step Count: 8925627 | Episode Q0:    47.34
Episode: 3943/5000 | Episode reward:  1317.70 | Episode steps: 2500 | Average reward:  1352.45 | Step Count: 8928127 | Episode Q0:    47.34
Episode: 3944/5000 | Episode reward:  1358.46 | Episode steps: 2500 | Average reward:  1356.46 | Step Count: 8930627 | Episode Q0:    47.53
Episode: 3945/5000 | Episode reward:  1360.74 | Episode steps: 2500 | Average reward:  1355.90 | Step Count: 8933127 | Episode Q0:    47.53
Episode: 3946/5000 | Episode reward:  1338.35 | Episode steps: 2500 | Average reward:  1356.12 | Step Count: 8935627 | Episode Q0:    47.53
Episode: 3947/5000 | Episode reward:  1375.94 | Episode steps: 2500 | Average reward:  1352.78 | Step Count: 8938127 | Episode Q0:    47.53
Episode: 3948/5000 | Episode reward:  1393.60 | Episode steps: 2500 | Average reward:  1357.26 | Step Count: 8940627 | Episode Q0:    47.53
Episode: 3949/5000 | Episode reward:  1378.74 | Episode steps: 2500 | Average reward:  1355.25 | Step Count: 8943127 | Episode Q0:    47.53
Episode: 3950/5000 | Episode reward:  1363.73 | Episode steps: 2500 | Average reward:  1356.96 | Step Count: 8945627 | Episode Q0:    47.53
Episode: 3951/5000 | Episode reward:  1396.83 | Episode steps: 2500 | Average reward:  1361.51 | Step Count: 8948127 | Episode Q0:    47.53
Episode: 3952/5000 | Episode reward:  1285.85 | Episode steps: 2500 | Average reward:  1356.99 | Step Count: 8950627 | Episode Q0:    47.53
Episode: 3953/5000 | Episode reward:  1347.52 | Episode steps: 2500 | Average reward:  1359.98 | Step Count: 8953127 | Episode Q0:    47.53
Episode: 3954/5000 | Episode reward:  1349.20 | Episode steps: 2500 | Average reward:  1359.05 | Step Count: 8955627 | Episode Q0:    47.53
Episode: 3955/5000 | Episode reward:  1361.78 | Episode steps: 2500 | Average reward:  1359.15 | Step Count: 8958127 | Episode Q0:    47.53
Episode: 3956/5000 | Episode reward:  1351.00 | Episode steps: 2500 | Average reward:  1360.42 | Step Count: 8960627 | Episode Q0:    47.53
Episode: 3957/5000 | Episode reward:  1362.89 | Episode steps: 2500 | Average reward:  1359.11 | Step Count: 8963127 | Episode Q0:    47.53
Episode: 3958/5000 | Episode reward:  1354.27 | Episode steps: 2500 | Average reward:  1355.18 | Step Count: 8965627 | Episode Q0:    47.53
Episode: 3959/5000 | Episode reward:  1352.52 | Episode steps: 2500 | Average reward:  1352.56 | Step Count: 8968127 | Episode Q0:    47.53
Episode: 3960/5000 | Episode reward:  1346.46 | Episode steps: 2500 | Average reward:  1350.83 | Step Count: 8970627 | Episode Q0:    47.53
Episode: 3961/5000 | Episode reward:  1375.40 | Episode steps: 2500 | Average reward:  1348.69 | Step Count: 8973127 | Episode Q0:    47.53
Episode: 3962/5000 | Episode reward:  1359.23 | Episode steps: 2500 | Average reward:  1356.03 | Step Count: 8975627 | Episode Q0:    47.53
Episode: 3963/5000 | Episode reward:  1374.17 | Episode steps: 2500 | Average reward:  1358.69 | Step Count: 8978127 | Episode Q0:    47.53
Episode: 3964/5000 | Episode reward:  1373.03 | Episode steps: 2500 | Average reward:  1361.08 | Step Count: 8980627 | Episode Q0:    47.53
Episode: 3965/5000 | Episode reward:  1356.67 | Episode steps: 2500 | Average reward:  1360.56 | Step Count: 8983127 | Episode Q0:    47.53
Episode: 3966/5000 | Episode reward:  1353.13 | Episode steps: 2500 | Average reward:  1360.78 | Step Count: 8985627 | Episode Q0:    47.53
Episode: 3967/5000 | Episode reward:  1313.23 | Episode steps: 2500 | Average reward:  1355.81 | Step Count: 8988127 | Episode Q0:    47.72
Episode: 3968/5000 | Episode reward:  1302.73 | Episode steps: 2500 | Average reward:  1350.66 | Step Count: 8990627 | Episode Q0:    47.72
Episode: 3969/5000 | Episode reward:  1299.76 | Episode steps: 2500 | Average reward:  1345.38 | Step Count: 8993127 | Episode Q0:    47.72
Episode: 3970/5000 | Episode reward:  1303.62 | Episode steps: 2500 | Average reward:  1341.10 | Step Count: 8995627 | Episode Q0:    47.72
Episode: 3971/5000 | Episode reward:  1335.52 | Episode steps: 2500 | Average reward:  1337.11 | Step Count: 8998127 | Episode Q0:    47.72
Episode: 3972/5000 | Episode reward:  1319.72 | Episode steps: 2500 | Average reward:  1333.16 | Step Count: 9000627 | Episode Q0:    47.72
Episode: 3973/5000 | Episode reward:  1348.73 | Episode steps: 2500 | Average reward:  1330.62 | Step Count: 9003127 | Episode Q0:    47.72
Episode: 3974/5000 | Episode reward:  1414.14 | Episode steps: 2500 | Average reward:  1334.73 | Step Count: 9005627 | Episode Q0:    47.72
Episode: 3975/5000 | Episode reward:  1268.02 | Episode steps: 2500 | Average reward:  1325.86 | Step Count: 9008127 | Episode Q0:    47.72
Episode: 3976/5000 | Episode reward:  1393.69 | Episode steps: 2500 | Average reward:  1329.92 | Step Count: 9010627 | Episode Q0:    47.72
Episode: 3977/5000 | Episode reward:  1364.54 | Episode steps: 2500 | Average reward:  1335.05 | Step Count: 9013127 | Episode Q0:    47.72
Episode: 3978/5000 | Episode reward:  1313.56 | Episode steps: 2500 | Average reward:  1336.13 | Step Count: 9015627 | Episode Q0:    47.72
Episode: 3979/5000 | Episode reward:  1299.49 | Episode steps: 2500 | Average reward:  1336.11 | Step Count: 9018127 | Episode Q0:    47.72
Episode: 3980/5000 | Episode reward:  1267.66 | Episode steps: 2500 | Average reward:  1332.51 | Step Count: 9020627 | Episode Q0:    47.72
Episode: 3981/5000 | Episode reward:  1315.30 | Episode steps: 2500 | Average reward:  1330.49 | Step Count: 9023127 | Episode Q0:    47.72
Episode: 3982/5000 | Episode reward:  1355.00 | Episode steps: 2500 | Average reward:  1334.01 | Step Count: 9025627 | Episode Q0:    47.72
Episode: 3983/5000 | Episode reward:  1296.90 | Episode steps: 2500 | Average reward:  1328.83 | Step Count: 9028127 | Episode Q0:    47.72
Episode: 3984/5000 | Episode reward:  1298.56 | Episode steps: 2500 | Average reward:  1317.27 | Step Count: 9030627 | Episode Q0:    47.72
Episode: 3985/5000 | Episode reward:  1336.75 | Episode steps: 2500 | Average reward:  1324.15 | Step Count: 9033127 | Episode Q0:    47.72
Episode: 3986/5000 | Episode reward:  1339.37 | Episode steps: 2500 | Average reward:  1318.71 | Step Count: 9035627 | Episode Q0:    47.72
Episode: 3987/5000 | Episode reward:  1337.70 | Episode steps: 2500 | Average reward:  1316.03 | Step Count: 9038127 | Episode Q0:    47.72
Episode: 3988/5000 | Episode reward:  1359.98 | Episode steps: 2500 | Average reward:  1320.67 | Step Count: 9040627 | Episode Q0:    47.90
Episode: 3989/5000 | Episode reward:  1363.68 | Episode steps: 2500 | Average reward:  1327.09 | Step Count: 9043127 | Episode Q0:    47.90
Episode: 3990/5000 | Episode reward:  1268.66 | Episode steps: 2500 | Average reward:  1327.19 | Step Count: 9045627 | Episode Q0:    47.90
Episode: 3991/5000 | Episode reward:  1279.60 | Episode steps: 2500 | Average reward:  1323.62 | Step Count: 9048127 | Episode Q0:    47.90
Episode: 3992/5000 | Episode reward:  1341.81 | Episode steps: 2500 | Average reward:  1322.30 | Step Count: 9050627 | Episode Q0:    47.90
Episode: 3993/5000 | Episode reward:  1378.07 | Episode steps: 2500 | Average reward:  1330.42 | Step Count: 9053127 | Episode Q0:    47.90
Episode: 3994/5000 | Episode reward:  1368.25 | Episode steps: 2500 | Average reward:  1337.39 | Step Count: 9055627 | Episode Q0:    47.90
Episode: 3995/5000 | Episode reward:  1282.36 | Episode steps: 2500 | Average reward:  1331.95 | Step Count: 9058127 | Episode Q0:    47.90
Episode: 3996/5000 | Episode reward:  1299.74 | Episode steps: 2500 | Average reward:  1327.99 | Step Count: 9060627 | Episode Q0:    47.90
Episode: 3997/5000 | Episode reward:  1357.82 | Episode steps: 2500 | Average reward:  1330.00 | Step Count: 9063127 | Episode Q0:    47.90
Episode: 3998/5000 | Episode reward:  1310.69 | Episode steps: 2500 | Average reward:  1325.07 | Step Count: 9065627 | Episode Q0:    47.90
Episode: 3999/5000 | Episode reward:  1322.88 | Episode steps: 2500 | Average reward:  1320.99 | Step Count: 9068127 | Episode Q0:    47.90
Episode: 4000/5000 | Episode reward:  1315.65 | Episode steps: 2500 | Average reward:  1325.69 | Step Count: 9070627 | Episode Q0:    47.90
Episode: 4001/5000 | Episode reward:  1291.78 | Episode steps: 2500 | Average reward:  1326.91 | Step Count: 9073127 | Episode Q0:    47.90
Episode: 4002/5000 | Episode reward:  1332.97 | Episode steps: 2500 | Average reward:  1326.02 | Step Count: 9075627 | Episode Q0:    47.90
Episode: 4003/5000 | Episode reward:  1335.67 | Episode steps: 2500 | Average reward:  1321.78 | Step Count: 9078127 | Episode Q0:    47.90
Episode: 4004/5000 | Episode reward:  1291.00 | Episode steps: 2500 | Average reward:  1314.06 | Step Count: 9080627 | Episode Q0:    47.90
Episode: 4005/5000 | Episode reward:  1298.55 | Episode steps: 2500 | Average reward:  1315.67 | Step Count: 9083127 | Episode Q0:    47.90
Episode: 4006/5000 | Episode reward:  1307.15 | Episode steps: 2500 | Average reward:  1316.42 | Step Count: 9085627 | Episode Q0:    47.90
Episode: 4007/5000 | Episode reward:  1328.08 | Episode steps: 2500 | Average reward:  1313.44 | Step Count: 9088127 | Episode Q0:    47.90
Episode: 4008/5000 | Episode reward:  1363.39 | Episode steps: 2500 | Average reward:  1318.71 | Step Count: 9090627 | Episode Q0:    47.90
Episode: 4009/5000 | Episode reward:  1345.67 | Episode steps: 2500 | Average reward:  1320.99 | Step Count: 9093127 | Episode Q0:    47.90
Episode: 4010/5000 | Episode reward:  1353.95 | Episode steps: 2500 | Average reward:  1324.82 | Step Count: 9095627 | Episode Q0:    47.90
Episode: 4011/5000 | Episode reward:  1263.83 | Episode steps: 2500 | Average reward:  1322.03 | Step Count: 9098127 | Episode Q0:    48.76
Episode: 4012/5000 | Episode reward:  1325.71 | Episode steps: 2500 | Average reward:  1321.30 | Step Count: 9100627 | Episode Q0:    48.76
Episode: 4013/5000 | Episode reward:  1371.42 | Episode steps: 2500 | Average reward:  1324.87 | Step Count: 9103127 | Episode Q0:    48.76
Episode: 4014/5000 | Episode reward:  1297.07 | Episode steps: 2500 | Average reward:  1325.48 | Step Count: 9105627 | Episode Q0:    48.76
Episode: 4015/5000 | Episode reward:  1366.97 | Episode steps: 2500 | Average reward:  1332.32 | Step Count: 9108127 | Episode Q0:    48.76
Episode: 4016/5000 | Episode reward:  1338.60 | Episode steps: 2500 | Average reward:  1335.47 | Step Count: 9110627 | Episode Q0:    48.76
Episode: 4017/5000 | Episode reward:  1344.14 | Episode steps: 2500 | Average reward:  1337.08 | Step Count: 9113127 | Episode Q0:    48.76
Episode: 4018/5000 | Episode reward:  1345.14 | Episode steps: 2500 | Average reward:  1335.25 | Step Count: 9115627 | Episode Q0:    48.76
Episode: 4019/5000 | Episode reward:  1334.87 | Episode steps: 2500 | Average reward:  1334.17 | Step Count: 9118127 | Episode Q0:    48.76
Episode: 4020/5000 | Episode reward:  1353.62 | Episode steps: 2500 | Average reward:  1334.14 | Step Count: 9120627 | Episode Q0:    48.76
Episode: 4021/5000 | Episode reward:  1299.32 | Episode steps: 2500 | Average reward:  1337.69 | Step Count: 9123127 | Episode Q0:    48.76
Episode: 4022/5000 | Episode reward:  1357.59 | Episode steps: 2500 | Average reward:  1340.88 | Step Count: 9125627 | Episode Q0:    48.76
Episode: 4023/5000 | Episode reward:  1351.23 | Episode steps: 2500 | Average reward:  1338.86 | Step Count: 9128127 | Episode Q0:    48.76
Episode: 4024/5000 | Episode reward:  1334.29 | Episode steps: 2500 | Average reward:  1342.58 | Step Count: 9130627 | Episode Q0:    48.76
Episode: 4025/5000 | Episode reward:  1287.17 | Episode steps: 2500 | Average reward:  1334.60 | Step Count: 9133127 | Episode Q0:    48.76
Episode: 4026/5000 | Episode reward:  1354.04 | Episode steps: 2500 | Average reward:  1336.14 | Step Count: 9135627 | Episode Q0:    48.76
Episode: 4027/5000 | Episode reward:  1323.75 | Episode steps: 2500 | Average reward:  1334.10 | Step Count: 9138127 | Episode Q0:    48.76
Episode: 4028/5000 | Episode reward:  1274.14 | Episode steps: 2500 | Average reward:  1327.00 | Step Count: 9140627 | Episode Q0:    48.76
Episode: 4029/5000 | Episode reward:  1319.63 | Episode steps: 2500 | Average reward:  1325.48 | Step Count: 9143127 | Episode Q0:    48.76
Episode: 4030/5000 | Episode reward:  1343.11 | Episode steps: 2500 | Average reward:  1324.43 | Step Count: 9145627 | Episode Q0:    48.76
Episode: 4031/5000 | Episode reward:  1399.25 | Episode steps: 2500 | Average reward:  1334.42 | Step Count: 9148127 | Episode Q0:    48.76
Episode: 4032/5000 | Episode reward:  1327.41 | Episode steps: 2500 | Average reward:  1331.40 | Step Count: 9150627 | Episode Q0:    48.71
Episode: 4033/5000 | Episode reward:  1282.60 | Episode steps: 2500 | Average reward:  1324.54 | Step Count: 9153127 | Episode Q0:    48.71
Episode: 4034/5000 | Episode reward:  1326.14 | Episode steps: 2500 | Average reward:  1323.72 | Step Count: 9155627 | Episode Q0:    48.71
Episode: 4035/5000 | Episode reward:  1334.44 | Episode steps: 2500 | Average reward:  1328.45 | Step Count: 9158127 | Episode Q0:    48.71
Episode: 4036/5000 | Episode reward:  1288.73 | Episode steps: 2500 | Average reward:  1321.92 | Step Count: 9160627 | Episode Q0:    48.71
Episode: 4037/5000 | Episode reward:  1327.89 | Episode steps: 2500 | Average reward:  1322.33 | Step Count: 9163127 | Episode Q0:    48.71
Episode: 4038/5000 | Episode reward:  1338.54 | Episode steps: 2500 | Average reward:  1328.77 | Step Count: 9165627 | Episode Q0:    48.71
Episode: 4039/5000 | Episode reward:  1337.03 | Episode steps: 2500 | Average reward:  1330.51 | Step Count: 9168127 | Episode Q0:    48.71
Episode: 4040/5000 | Episode reward:  1341.77 | Episode steps: 2500 | Average reward:  1330.38 | Step Count: 9170627 | Episode Q0:    48.71
Episode: 4041/5000 | Episode reward:  1322.38 | Episode steps: 2500 | Average reward:  1322.69 | Step Count: 9173127 | Episode Q0:    48.71
Episode: 4042/5000 | Episode reward:  1241.26 | Episode steps: 2500 | Average reward:  1314.08 | Step Count: 9175627 | Episode Q0:    48.71
Episode: 4043/5000 | Episode reward:  1278.53 | Episode steps: 2500 | Average reward:  1313.67 | Step Count: 9178127 | Episode Q0:    48.71
Episode: 4044/5000 | Episode reward:  1355.70 | Episode steps: 2500 | Average reward:  1316.63 | Step Count: 9180627 | Episode Q0:    48.71
Episode: 4045/5000 | Episode reward:  1211.45 | Episode steps: 2500 | Average reward:  1304.33 | Step Count: 9183127 | Episode Q0:    48.71
Episode: 4046/5000 | Episode reward:  1252.86 | Episode steps: 2500 | Average reward:  1300.74 | Step Count: 9185627 | Episode Q0:    48.71
Episode: 4047/5000 | Episode reward:  1184.70 | Episode steps: 2500 | Average reward:  1286.42 | Step Count: 9188127 | Episode Q0:    48.71
Episode: 4048/5000 | Episode reward:  1289.09 | Episode steps: 2500 | Average reward:  1281.48 | Step Count: 9190627 | Episode Q0:    48.71
Episode: 4049/5000 | Episode reward:  1368.71 | Episode steps: 2500 | Average reward:  1284.65 | Step Count: 9193127 | Episode Q0:    48.71
Episode: 4050/5000 | Episode reward:  1338.82 | Episode steps: 2500 | Average reward:  1284.35 | Step Count: 9195627 | Episode Q0:    48.71
Episode: 4051/5000 | Episode reward:  1284.82 | Episode steps: 2500 | Average reward:  1280.59 | Step Count: 9198127 | Episode Q0:    48.71
Episode: 4052/5000 | Episode reward:  1285.80 | Episode steps: 2500 | Average reward:  1285.05 | Step Count: 9200627 | Episode Q0:    48.71
Episode: 4053/5000 | Episode reward:  1263.36 | Episode steps: 2500 | Average reward:  1283.53 | Step Count: 9203127 | Episode Q0:    48.71
Episode: 4054/5000 | Episode reward:  1274.61 | Episode steps: 2500 | Average reward:  1275.42 | Step Count: 9205627 | Episode Q0:    48.71
Episode: 4055/5000 | Episode reward:  1000.44 | Episode steps: 2500 | Average reward:  1254.32 | Step Count: 9208127 | Episode Q0:    48.73
Episode: 4056/5000 | Episode reward:  1260.52 | Episode steps: 2500 | Average reward:  1255.09 | Step Count: 9210627 | Episode Q0:    48.73
Episode: 4057/5000 | Episode reward:   911.58 | Episode steps: 2500 | Average reward:  1227.77 | Step Count: 9213127 | Episode Q0:    48.73
Episode: 4058/5000 | Episode reward:  1316.67 | Episode steps: 2500 | Average reward:  1230.53 | Step Count: 9215627 | Episode Q0:    48.73
Episode: 4059/5000 | Episode reward:  1289.92 | Episode steps: 2500 | Average reward:  1222.65 | Step Count: 9218127 | Episode Q0:    48.73
Episode: 4060/5000 | Episode reward:  1267.81 | Episode steps: 2500 | Average reward:  1215.55 | Step Count: 9220627 | Episode Q0:    48.73
Episode: 4061/5000 | Episode reward:  1176.13 | Episode steps: 2500 | Average reward:  1204.68 | Step Count: 9223127 | Episode Q0:    48.73
Episode: 4062/5000 | Episode reward:  1349.08 | Episode steps: 2500 | Average reward:  1211.01 | Step Count: 9225627 | Episode Q0:    48.73
Episode: 4063/5000 | Episode reward:  1318.94 | Episode steps: 2500 | Average reward:  1216.57 | Step Count: 9228127 | Episode Q0:    48.73
Episode: 4064/5000 | Episode reward:  1257.31 | Episode steps: 2500 | Average reward:  1214.84 | Step Count: 9230627 | Episode Q0:    48.73
Episode: 4065/5000 | Episode reward:   550.49 | Episode steps: 2500 | Average reward:  1169.85 | Step Count: 9233127 | Episode Q0:    48.73
Episode: 4066/5000 | Episode reward:  1258.44 | Episode steps: 2500 | Average reward:  1169.64 | Step Count: 9235627 | Episode Q0:    48.73
Episode: 4067/5000 | Episode reward:  1253.30 | Episode steps: 2500 | Average reward:  1203.81 | Step Count: 9238127 | Episode Q0:    48.73
Episode: 4068/5000 | Episode reward:  1178.12 | Episode steps: 2500 | Average reward:  1189.95 | Step Count: 9240627 | Episode Q0:    48.73
Episode: 4069/5000 | Episode reward:  1237.50 | Episode steps: 2500 | Average reward:  1184.71 | Step Count: 9243127 | Episode Q0:    48.73
Episode: 4070/5000 | Episode reward:  1278.34 | Episode steps: 2500 | Average reward:  1185.77 | Step Count: 9245627 | Episode Q0:    48.73
Episode: 4071/5000 | Episode reward:  1267.35 | Episode steps: 2500 | Average reward:  1194.89 | Step Count: 9248127 | Episode Q0:    48.73
Episode: 4072/5000 | Episode reward:  1307.41 | Episode steps: 2500 | Average reward:  1190.72 | Step Count: 9250627 | Episode Q0:    48.73
Episode: 4073/5000 | Episode reward:  1346.39 | Episode steps: 2500 | Average reward:  1193.47 | Step Count: 9253127 | Episode Q0:    48.73
Episode: 4074/5000 | Episode reward:  1212.44 | Episode steps: 2500 | Average reward:  1188.98 | Step Count: 9255627 | Episode Q0:    48.73
Episode: 4075/5000 | Episode reward:  1171.32 | Episode steps: 2500 | Average reward:  1251.06 | Step Count: 9258127 | Episode Q0:    48.73
Episode: 4076/5000 | Episode reward:   315.74 | Episode steps: 2500 | Average reward:  1156.79 | Step Count: 9260627 | Episode Q0:    49.40
Episode: 4077/5000 | Episode reward:  1178.15 | Episode steps: 2500 | Average reward:  1149.28 | Step Count: 9263127 | Episode Q0:    49.40
Episode: 4078/5000 | Episode reward:  1275.45 | Episode steps: 2500 | Average reward:  1159.01 | Step Count: 9265627 | Episode Q0:    49.40
Episode: 4079/5000 | Episode reward:   974.16 | Episode steps: 2500 | Average reward:  1132.68 | Step Count: 9268127 | Episode Q0:    49.40
Episode: 4080/5000 | Episode reward:   185.95 | Episode steps: 2500 | Average reward:  1023.44 | Step Count: 9270627 | Episode Q0:    49.40
Episode: 4081/5000 | Episode reward:  1184.58 | Episode steps: 2500 | Average reward:  1015.16 | Step Count: 9273127 | Episode Q0:    49.40
Episode: 4082/5000 | Episode reward:  1289.20 | Episode steps: 2500 | Average reward:  1013.34 | Step Count: 9275627 | Episode Q0:    49.40
Episode: 4083/5000 | Episode reward:  1031.59 | Episode steps: 2500 | Average reward:   981.86 | Step Count: 9278127 | Episode Q0:    49.40
Episode: 4084/5000 | Episode reward:  1242.61 | Episode steps: 2500 | Average reward:   984.88 | Step Count: 9280627 | Episode Q0:    49.40
Episode: 4085/5000 | Episode reward:  1111.85 | Episode steps: 2500 | Average reward:   978.93 | Step Count: 9283127 | Episode Q0:    49.40
Episode: 4086/5000 | Episode reward:  1246.52 | Episode steps: 2500 | Average reward:  1072.01 | Step Count: 9285627 | Episode Q0:    49.40
Episode: 4087/5000 | Episode reward:  1240.91 | Episode steps: 2500 | Average reward:  1078.28 | Step Count: 9288127 | Episode Q0:    49.40
Episode: 4088/5000 | Episode reward:   986.25 | Episode steps: 2500 | Average reward:  1049.36 | Step Count: 9290627 | Episode Q0:    49.40
Episode: 4089/5000 | Episode reward:  1171.01 | Episode steps: 2500 | Average reward:  1069.05 | Step Count: 9293127 | Episode Q0:    49.40
Episode: 4090/5000 | Episode reward:  1066.03 | Episode steps: 2500 | Average reward:  1157.05 | Step Count: 9295627 | Episode Q0:    49.40
Episode: 4091/5000 | Episode reward:  1263.54 | Episode steps: 2500 | Average reward:  1164.95 | Step Count: 9298127 | Episode Q0:    49.40
Episode: 4092/5000 | Episode reward:  1078.32 | Episode steps: 2500 | Average reward:  1143.86 | Step Count: 9300627 | Episode Q0:    49.40
Episode: 4093/5000 | Episode reward:  1124.10 | Episode steps: 2500 | Average reward:  1153.11 | Step Count: 9303127 | Episode Q0:    49.40
Episode: 4094/5000 | Episode reward:  1177.08 | Episode steps: 2500 | Average reward:  1146.56 | Step Count: 9305627 | Episode Q0:    49.40
Episode: 4095/5000 | Episode reward:    97.11 | Episode steps: 2500 | Average reward:  1045.09 | Step Count: 9308127 | Episode Q0:    49.40
Episode: 4096/5000 | Episode reward:  1156.19 | Episode steps: 2500 | Average reward:  1036.05 | Step Count: 9310627 | Episode Q0:    49.40
Episode: 4097/5000 | Episode reward:  1260.43 | Episode steps: 2500 | Average reward:  1038.01 | Step Count: 9313127 | Episode Q0:    49.40
Episode: 4098/5000 | Episode reward:  1057.93 | Episode steps: 2500 | Average reward:  1045.17 | Step Count: 9315627 | Episode Q0:    49.40
Episode: 4099/5000 | Episode reward:  1086.33 | Episode steps: 2500 | Average reward:  1036.71 | Step Count: 9318127 | Episode Q0:    48.21
Episode: 4100/5000 | Episode reward:   829.54 | Episode steps: 2500 | Average reward:  1013.06 | Step Count: 9320627 | Episode Q0:    48.21
Episode: 4101/5000 | Episode reward:   917.82 | Episode steps: 2500 | Average reward:   978.49 | Step Count: 9323127 | Episode Q0:    48.21
Episode: 4102/5000 | Episode reward:   995.07 | Episode steps: 2500 | Average reward:   970.16 | Step Count: 9325627 | Episode Q0:    48.21
Episode: 4103/5000 | Episode reward:  1190.71 | Episode steps: 2500 | Average reward:   976.82 | Step Count: 9328127 | Episode Q0:    48.21
Episode: 4104/5000 | Episode reward:  1160.29 | Episode steps: 2500 | Average reward:   975.14 | Step Count: 9330627 | Episode Q0:    48.21
Episode: 4105/5000 | Episode reward:  1085.37 | Episode steps: 2500 | Average reward:  1073.97 | Step Count: 9333127 | Episode Q0:    48.21
Episode: 4106/5000 | Episode reward:  1145.24 | Episode steps: 2500 | Average reward:  1072.87 | Step Count: 9335627 | Episode Q0:    48.21
Episode: 4107/5000 | Episode reward:  1049.99 | Episode steps: 2500 | Average reward:  1051.83 | Step Count: 9338127 | Episode Q0:    48.21
Episode: 4108/5000 | Episode reward:   953.39 | Episode steps: 2500 | Average reward:  1041.38 | Step Count: 9340627 | Episode Q0:    48.21
Episode: 4109/5000 | Episode reward:  1037.34 | Episode steps: 2500 | Average reward:  1036.48 | Step Count: 9343127 | Episode Q0:    48.21
Episode: 4110/5000 | Episode reward:  1010.99 | Episode steps: 2500 | Average reward:  1054.62 | Step Count: 9345627 | Episode Q0:    48.21
Episode: 4111/5000 | Episode reward:  1002.96 | Episode steps: 2500 | Average reward:  1063.14 | Step Count: 9348127 | Episode Q0:    48.21
Episode: 4112/5000 | Episode reward:  1157.98 | Episode steps: 2500 | Average reward:  1079.43 | Step Count: 9350627 | Episode Q0:    48.21
Episode: 4113/5000 | Episode reward:  1245.40 | Episode steps: 2500 | Average reward:  1084.90 | Step Count: 9353127 | Episode Q0:    48.21
Episode: 4114/5000 | Episode reward:  1078.53 | Episode steps: 2500 | Average reward:  1076.72 | Step Count: 9355627 | Episode Q0:    48.21
Episode: 4115/5000 | Episode reward:  1201.00 | Episode steps: 2500 | Average reward:  1088.28 | Step Count: 9358127 | Episode Q0:    48.21
Episode: 4116/5000 | Episode reward:   982.83 | Episode steps: 2500 | Average reward:  1072.04 | Step Count: 9360627 | Episode Q0:    48.21
Episode: 4117/5000 | Episode reward:  1008.36 | Episode steps: 2500 | Average reward:  1067.88 | Step Count: 9363127 | Episode Q0:    48.21
Episode: 4118/5000 | Episode reward:  1254.27 | Episode steps: 2500 | Average reward:  1097.97 | Step Count: 9365627 | Episode Q0:    48.21
Episode: 4119/5000 | Episode reward:  1043.98 | Episode steps: 2500 | Average reward:  1098.63 | Step Count: 9368127 | Episode Q0:    48.21
Episode: 4120/5000 | Episode reward:  1277.09 | Episode steps: 2500 | Average reward:  1125.24 | Step Count: 9370627 | Episode Q0:    48.34
Episode: 4121/5000 | Episode reward:  1167.44 | Episode steps: 2500 | Average reward:  1141.69 | Step Count: 9373127 | Episode Q0:    48.34
Episode: 4122/5000 | Episode reward:  1263.88 | Episode steps: 2500 | Average reward:  1152.28 | Step Count: 9375627 | Episode Q0:    48.34
Episode: 4123/5000 | Episode reward:  1130.73 | Episode steps: 2500 | Average reward:  1140.81 | Step Count: 9378127 | Episode Q0:    48.34
Episode: 4124/5000 | Episode reward:  1288.19 | Episode steps: 2500 | Average reward:  1161.78 | Step Count: 9380627 | Episode Q0:    48.34
Episode: 4125/5000 | Episode reward:  1144.36 | Episode steps: 2500 | Average reward:  1156.11 | Step Count: 9383127 | Episode Q0:    48.34
Episode: 4126/5000 | Episode reward:  1249.09 | Episode steps: 2500 | Average reward:  1182.74 | Step Count: 9385627 | Episode Q0:    48.34
Episode: 4127/5000 | Episode reward:  1271.53 | Episode steps: 2500 | Average reward:  1209.06 | Step Count: 9388127 | Episode Q0:    48.34
Episode: 4128/5000 | Episode reward:  1178.42 | Episode steps: 2500 | Average reward:  1201.47 | Step Count: 9390627 | Episode Q0:    48.34
Episode: 4129/5000 | Episode reward:  1207.23 | Episode steps: 2500 | Average reward:  1217.80 | Step Count: 9393127 | Episode Q0:    48.34
Episode: 4130/5000 | Episode reward:  1274.40 | Episode steps: 2500 | Average reward:  1217.53 | Step Count: 9395627 | Episode Q0:    48.34
Episode: 4131/5000 | Episode reward:  1168.16 | Episode steps: 2500 | Average reward:  1217.60 | Step Count: 9398127 | Episode Q0:    48.34
Episode: 4132/5000 | Episode reward:  1137.09 | Episode steps: 2500 | Average reward:  1204.92 | Step Count: 9400627 | Episode Q0:    48.34
Episode: 4133/5000 | Episode reward:  1268.14 | Episode steps: 2500 | Average reward:  1218.66 | Step Count: 9403127 | Episode Q0:    48.34
Episode: 4134/5000 | Episode reward:  1127.30 | Episode steps: 2500 | Average reward:  1202.57 | Step Count: 9405627 | Episode Q0:    48.34
Episode: 4135/5000 | Episode reward:  1161.74 | Episode steps: 2500 | Average reward:  1204.31 | Step Count: 9408127 | Episode Q0:    48.34
Episode: 4136/5000 | Episode reward:  1181.90 | Episode steps: 2500 | Average reward:  1197.59 | Step Count: 9410627 | Episode Q0:    48.34
Episode: 4137/5000 | Episode reward:  1262.16 | Episode steps: 2500 | Average reward:  1196.65 | Step Count: 9413127 | Episode Q0:    48.34
Episode: 4138/5000 | Episode reward:  1166.54 | Episode steps: 2500 | Average reward:  1195.47 | Step Count: 9415627 | Episode Q0:    48.34
Episode: 4139/5000 | Episode reward:  1263.17 | Episode steps: 2500 | Average reward:  1201.06 | Step Count: 9418127 | Episode Q0:    48.34
Episode: 4140/5000 | Episode reward:  1268.39 | Episode steps: 2500 | Average reward:  1200.46 | Step Count: 9420627 | Episode Q0:    48.34
Episode: 4141/5000 | Episode reward:  1177.36 | Episode steps: 2500 | Average reward:  1201.38 | Step Count: 9423127 | Episode Q0:    48.34
Episode: 4142/5000 | Episode reward:  1130.64 | Episode steps: 2500 | Average reward:  1200.73 | Step Count: 9425627 | Episode Q0:    48.34
Episode: 4143/5000 | Episode reward:  1340.38 | Episode steps: 2500 | Average reward:  1207.96 | Step Count: 9428127 | Episode Q0:    48.04
Episode: 4144/5000 | Episode reward:  1350.35 | Episode steps: 2500 | Average reward:  1230.26 | Step Count: 9430627 | Episode Q0:    48.04
Episode: 4145/5000 | Episode reward:  1257.21 | Episode steps: 2500 | Average reward:  1239.81 | Step Count: 9433127 | Episode Q0:    48.04
Episode: 4146/5000 | Episode reward:  1265.59 | Episode steps: 2500 | Average reward:  1248.18 | Step Count: 9435627 | Episode Q0:    48.04
Episode: 4147/5000 | Episode reward:  1354.08 | Episode steps: 2500 | Average reward:  1257.37 | Step Count: 9438127 | Episode Q0:    48.04
Episode: 4148/5000 | Episode reward:  1252.35 | Episode steps: 2500 | Average reward:  1265.95 | Step Count: 9440627 | Episode Q0:    48.04
Episode: 4149/5000 | Episode reward:  1299.43 | Episode steps: 2500 | Average reward:  1269.58 | Step Count: 9443127 | Episode Q0:    48.04
Episode: 4150/5000 | Episode reward:  1367.28 | Episode steps: 2500 | Average reward:  1279.47 | Step Count: 9445627 | Episode Q0:    48.04
Episode: 4151/5000 | Episode reward:  1356.20 | Episode steps: 2500 | Average reward:  1297.35 | Step Count: 9448127 | Episode Q0:    48.04
Episode: 4152/5000 | Episode reward:  1296.81 | Episode steps: 2500 | Average reward:  1313.97 | Step Count: 9450627 | Episode Q0:    48.04
Episode: 4153/5000 | Episode reward:  1324.88 | Episode steps: 2500 | Average reward:  1312.42 | Step Count: 9453127 | Episode Q0:    48.04
Episode: 4154/5000 | Episode reward:  1352.03 | Episode steps: 2500 | Average reward:  1312.59 | Step Count: 9455627 | Episode Q0:    48.04
Episode: 4155/5000 | Episode reward:  1330.23 | Episode steps: 2500 | Average reward:  1319.89 | Step Count: 9458127 | Episode Q0:    48.04
Episode: 4156/5000 | Episode reward:  1278.51 | Episode steps: 2500 | Average reward:  1321.18 | Step Count: 9460627 | Episode Q0:    48.04
Episode: 4157/5000 | Episode reward:  1359.89 | Episode steps: 2500 | Average reward:  1321.76 | Step Count: 9463127 | Episode Q0:    48.04
Episode: 4158/5000 | Episode reward:  1269.04 | Episode steps: 2500 | Average reward:  1323.43 | Step Count: 9465627 | Episode Q0:    48.04
Episode: 4159/5000 | Episode reward:  1309.03 | Episode steps: 2500 | Average reward:  1324.39 | Step Count: 9468127 | Episode Q0:    48.04
Episode: 4160/5000 | Episode reward:  1343.05 | Episode steps: 2500 | Average reward:  1321.97 | Step Count: 9470627 | Episode Q0:    48.04
Episode: 4161/5000 | Episode reward:  1331.25 | Episode steps: 2500 | Average reward:  1319.47 | Step Count: 9473127 | Episode Q0:    48.04
Episode: 4162/5000 | Episode reward:  1322.09 | Episode steps: 2500 | Average reward:  1322.00 | Step Count: 9475627 | Episode Q0:    48.04
Episode: 4163/5000 | Episode reward:  1348.98 | Episode steps: 2500 | Average reward:  1324.41 | Step Count: 9478127 | Episode Q0:    48.04
Episode: 4164/5000 | Episode reward:  1355.17 | Episode steps: 2500 | Average reward:  1324.72 | Step Count: 9480627 | Episode Q0:    48.74
Episode: 4165/5000 | Episode reward:  1315.65 | Episode steps: 2500 | Average reward:  1323.27 | Step Count: 9483127 | Episode Q0:    48.74
Episode: 4166/5000 | Episode reward:  1258.42 | Episode steps: 2500 | Average reward:  1321.26 | Step Count: 9485627 | Episode Q0:    48.74
Episode: 4167/5000 | Episode reward:  1261.91 | Episode steps: 2500 | Average reward:  1311.46 | Step Count: 9488127 | Episode Q0:    48.74
Episode: 4168/5000 | Episode reward:  1265.03 | Episode steps: 2500 | Average reward:  1311.06 | Step Count: 9490627 | Episode Q0:    48.74
Episode: 4169/5000 | Episode reward:  1295.49 | Episode steps: 2500 | Average reward:  1309.70 | Step Count: 9493127 | Episode Q0:    48.74
Episode: 4170/5000 | Episode reward:  1349.54 | Episode steps: 2500 | Average reward:  1310.35 | Step Count: 9495627 | Episode Q0:    48.74
Episode: 4171/5000 | Episode reward:  1344.87 | Episode steps: 2500 | Average reward:  1311.71 | Step Count: 9498127 | Episode Q0:    48.74
Episode: 4172/5000 | Episode reward:  1327.11 | Episode steps: 2500 | Average reward:  1312.22 | Step Count: 9500627 | Episode Q0:    48.74
Episode: 4173/5000 | Episode reward:  1339.91 | Episode steps: 2500 | Average reward:  1311.31 | Step Count: 9503127 | Episode Q0:    48.74
Episode: 4174/5000 | Episode reward:  1262.98 | Episode steps: 2500 | Average reward:  1302.09 | Step Count: 9505627 | Episode Q0:    48.74
Episode: 4175/5000 | Episode reward:  1260.32 | Episode steps: 2500 | Average reward:  1296.56 | Step Count: 9508127 | Episode Q0:    48.74
Episode: 4176/5000 | Episode reward:  1345.35 | Episode steps: 2500 | Average reward:  1305.25 | Step Count: 9510627 | Episode Q0:    48.74
Episode: 4177/5000 | Episode reward:  1333.44 | Episode steps: 2500 | Average reward:  1312.40 | Step Count: 9513127 | Episode Q0:    48.74
Episode: 4178/5000 | Episode reward:  1269.87 | Episode steps: 2500 | Average reward:  1312.89 | Step Count: 9515627 | Episode Q0:    48.74
Episode: 4179/5000 | Episode reward:  1338.38 | Episode steps: 2500 | Average reward:  1317.18 | Step Count: 9518127 | Episode Q0:    48.74
Episode: 4180/5000 | Episode reward:  1299.18 | Episode steps: 2500 | Average reward:  1312.14 | Step Count: 9520627 | Episode Q0:    48.74
Episode: 4181/5000 | Episode reward:  1292.86 | Episode steps: 2500 | Average reward:  1306.94 | Step Count: 9523127 | Episode Q0:    48.74
Episode: 4182/5000 | Episode reward:  1328.92 | Episode steps: 2500 | Average reward:  1307.12 | Step Count: 9525627 | Episode Q0:    48.74
Episode: 4183/5000 | Episode reward:  1357.16 | Episode steps: 2500 | Average reward:  1308.85 | Step Count: 9528127 | Episode Q0:    48.74
Episode: 4184/5000 | Episode reward:  1336.31 | Episode steps: 2500 | Average reward:  1316.18 | Step Count: 9530627 | Episode Q0:    48.74
Episode: 4185/5000 | Episode reward:  1322.02 | Episode steps: 2500 | Average reward:  1322.35 | Step Count: 9533127 | Episode Q0:    48.74
Episode: 4186/5000 | Episode reward:  1285.17 | Episode steps: 2500 | Average reward:  1316.33 | Step Count: 9535627 | Episode Q0:    48.74
Episode: 4187/5000 | Episode reward:  1304.76 | Episode steps: 2500 | Average reward:  1313.46 | Step Count: 9538127 | Episode Q0:    48.40
Episode: 4188/5000 | Episode reward:  1265.17 | Episode steps: 2500 | Average reward:  1312.99 | Step Count: 9540627 | Episode Q0:    48.40
Episode: 4189/5000 | Episode reward:  1273.69 | Episode steps: 2500 | Average reward:  1306.52 | Step Count: 9543127 | Episode Q0:    48.40
Episode: 4190/5000 | Episode reward:  1244.83 | Episode steps: 2500 | Average reward:  1301.09 | Step Count: 9545627 | Episode Q0:    48.40
Episode: 4191/5000 | Episode reward:  1344.76 | Episode steps: 2500 | Average reward:  1306.28 | Step Count: 9548127 | Episode Q0:    48.40
Episode: 4192/5000 | Episode reward:  1341.56 | Episode steps: 2500 | Average reward:  1307.54 | Step Count: 9550627 | Episode Q0:    48.40
Episode: 4193/5000 | Episode reward:  1253.99 | Episode steps: 2500 | Average reward:  1297.23 | Step Count: 9553127 | Episode Q0:    48.40
Episode: 4194/5000 | Episode reward:  1247.41 | Episode steps: 2500 | Average reward:  1288.33 | Step Count: 9555627 | Episode Q0:    48.40
Episode: 4195/5000 | Episode reward:  1235.79 | Episode steps: 2500 | Average reward:  1279.71 | Step Count: 9558127 | Episode Q0:    48.40
Episode: 4196/5000 | Episode reward:  1273.77 | Episode steps: 2500 | Average reward:  1278.57 | Step Count: 9560627 | Episode Q0:    48.40
Episode: 4197/5000 | Episode reward:  1349.93 | Episode steps: 2500 | Average reward:  1283.09 | Step Count: 9563127 | Episode Q0:    48.40
Episode: 4198/5000 | Episode reward:  1239.12 | Episode steps: 2500 | Average reward:  1280.48 | Step Count: 9565627 | Episode Q0:    48.40
Episode: 4199/5000 | Episode reward:  1271.56 | Episode steps: 2500 | Average reward:  1280.27 | Step Count: 9568127 | Episode Q0:    48.40
Episode: 4200/5000 | Episode reward:  1325.31 | Episode steps: 2500 | Average reward:  1288.32 | Step Count: 9570627 | Episode Q0:    48.40
Episode: 4201/5000 | Episode reward:  1275.09 | Episode steps: 2500 | Average reward:  1281.35 | Step Count: 9573127 | Episode Q0:    48.40
Episode: 4202/5000 | Episode reward:  1349.10 | Episode steps: 2500 | Average reward:  1282.11 | Step Count: 9575627 | Episode Q0:    48.40
Episode: 4203/5000 | Episode reward:  1286.24 | Episode steps: 2500 | Average reward:  1285.33 | Step Count: 9578127 | Episode Q0:    48.40
Episode: 4204/5000 | Episode reward:  1311.11 | Episode steps: 2500 | Average reward:  1291.70 | Step Count: 9580627 | Episode Q0:    48.40
Episode: 4205/5000 | Episode reward:  1290.74 | Episode steps: 2500 | Average reward:  1297.20 | Step Count: 9583127 | Episode Q0:    48.40
Episode: 4206/5000 | Episode reward:  1324.98 | Episode steps: 2500 | Average reward:  1302.32 | Step Count: 9585627 | Episode Q0:    48.40
Episode: 4207/5000 | Episode reward:  1337.46 | Episode steps: 2500 | Average reward:  1301.07 | Step Count: 9588127 | Episode Q0:    48.40
Episode: 4208/5000 | Episode reward:  1332.86 | Episode steps: 2500 | Average reward:  1310.44 | Step Count: 9590627 | Episode Q0:    48.49
Episode: 4209/5000 | Episode reward:  1324.91 | Episode steps: 2500 | Average reward:  1315.78 | Step Count: 9593127 | Episode Q0:    48.49
Episode: 4210/5000 | Episode reward:  1238.83 | Episode steps: 2500 | Average reward:  1307.13 | Step Count: 9595627 | Episode Q0:    48.49
Episode: 4211/5000 | Episode reward:  1267.31 | Episode steps: 2500 | Average reward:  1306.36 | Step Count: 9598127 | Episode Q0:    48.49
Episode: 4212/5000 | Episode reward:  1322.84 | Episode steps: 2500 | Average reward:  1303.73 | Step Count: 9600627 | Episode Q0:    48.49
Episode: 4213/5000 | Episode reward:  1333.05 | Episode steps: 2500 | Average reward:  1308.41 | Step Count: 9603127 | Episode Q0:    48.49
Episode: 4214/5000 | Episode reward:  1242.35 | Episode steps: 2500 | Average reward:  1301.53 | Step Count: 9605627 | Episode Q0:    48.49
Episode: 4215/5000 | Episode reward:  1340.40 | Episode steps: 2500 | Average reward:  1306.50 | Step Count: 9608127 | Episode Q0:    48.49
Episode: 4216/5000 | Episode reward:  1332.49 | Episode steps: 2500 | Average reward:  1307.25 | Step Count: 9610627 | Episode Q0:    48.49
Episode: 4217/5000 | Episode reward:  1327.16 | Episode steps: 2500 | Average reward:  1306.22 | Step Count: 9613127 | Episode Q0:    48.49
Episode: 4218/5000 | Episode reward:  1291.54 | Episode steps: 2500 | Average reward:  1302.09 | Step Count: 9615627 | Episode Q0:    48.49
Episode: 4219/5000 | Episode reward:  1327.19 | Episode steps: 2500 | Average reward:  1302.32 | Step Count: 9618127 | Episode Q0:    48.49
Episode: 4220/5000 | Episode reward:  1320.61 | Episode steps: 2500 | Average reward:  1310.49 | Step Count: 9620627 | Episode Q0:    48.49
Episode: 4221/5000 | Episode reward:  1331.61 | Episode steps: 2500 | Average reward:  1316.92 | Step Count: 9623127 | Episode Q0:    48.49
Episode: 4222/5000 | Episode reward:  1281.03 | Episode steps: 2500 | Average reward:  1312.74 | Step Count: 9625627 | Episode Q0:    48.49
Episode: 4223/5000 | Episode reward:  1329.22 | Episode steps: 2500 | Average reward:  1312.36 | Step Count: 9628127 | Episode Q0:    48.49
Episode: 4224/5000 | Episode reward:  1272.02 | Episode steps: 2500 | Average reward:  1315.33 | Step Count: 9630627 | Episode Q0:    48.49
Episode: 4225/5000 | Episode reward:  1295.34 | Episode steps: 2500 | Average reward:  1310.82 | Step Count: 9633127 | Episode Q0:    48.49
Episode: 4226/5000 | Episode reward:  1330.06 | Episode steps: 2500 | Average reward:  1310.58 | Step Count: 9635627 | Episode Q0:    48.49
Episode: 4227/5000 | Episode reward:  1299.25 | Episode steps: 2500 | Average reward:  1307.79 | Step Count: 9638127 | Episode Q0:    48.49
Episode: 4228/5000 | Episode reward:  1279.73 | Episode steps: 2500 | Average reward:  1306.61 | Step Count: 9640627 | Episode Q0:    48.49
Episode: 4229/5000 | Episode reward:  1245.78 | Episode steps: 2500 | Average reward:  1298.46 | Step Count: 9643127 | Episode Q0:    48.49
Episode: 4230/5000 | Episode reward:  1332.65 | Episode steps: 2500 | Average reward:  1299.67 | Step Count: 9645627 | Episode Q0:    48.49
Episode: 4231/5000 | Episode reward:  1320.86 | Episode steps: 2500 | Average reward:  1298.59 | Step Count: 9648127 | Episode Q0:    48.60
Episode: 4232/5000 | Episode reward:  1331.13 | Episode steps: 2500 | Average reward:  1303.60 | Step Count: 9650627 | Episode Q0:    48.60
Episode: 4233/5000 | Episode reward:  1319.59 | Episode steps: 2500 | Average reward:  1302.64 | Step Count: 9653127 | Episode Q0:    48.60
Episode: 4234/5000 | Episode reward:  1324.78 | Episode steps: 2500 | Average reward:  1307.92 | Step Count: 9655627 | Episode Q0:    48.60
Episode: 4235/5000 | Episode reward:  1340.50 | Episode steps: 2500 | Average reward:  1312.43 | Step Count: 9658127 | Episode Q0:    48.60
Episode: 4236/5000 | Episode reward:  1304.07 | Episode steps: 2500 | Average reward:  1309.83 | Step Count: 9660627 | Episode Q0:    48.60
Episode: 4237/5000 | Episode reward:  1329.60 | Episode steps: 2500 | Average reward:  1312.87 | Step Count: 9663127 | Episode Q0:    48.60
Episode: 4238/5000 | Episode reward:  1291.64 | Episode steps: 2500 | Average reward:  1314.06 | Step Count: 9665627 | Episode Q0:    48.60
Episode: 4239/5000 | Episode reward:  1331.53 | Episode steps: 2500 | Average reward:  1322.64 | Step Count: 9668127 | Episode Q0:    48.60
Episode: 4240/5000 | Episode reward:  1326.59 | Episode steps: 2500 | Average reward:  1322.03 | Step Count: 9670627 | Episode Q0:    48.60
Episode: 4241/5000 | Episode reward:  1316.60 | Episode steps: 2500 | Average reward:  1321.60 | Step Count: 9673127 | Episode Q0:    48.60
Episode: 4242/5000 | Episode reward:  1321.48 | Episode steps: 2500 | Average reward:  1320.64 | Step Count: 9675627 | Episode Q0:    48.60
Episode: 4243/5000 | Episode reward:  1335.64 | Episode steps: 2500 | Average reward:  1322.24 | Step Count: 9678127 | Episode Q0:    48.60
Episode: 4244/5000 | Episode reward:  1291.97 | Episode steps: 2500 | Average reward:  1318.96 | Step Count: 9680627 | Episode Q0:    48.60
Episode: 4245/5000 | Episode reward:  1312.82 | Episode steps: 2500 | Average reward:  1316.19 | Step Count: 9683127 | Episode Q0:    48.60
Episode: 4246/5000 | Episode reward:  1308.23 | Episode steps: 2500 | Average reward:  1316.61 | Step Count: 9685627 | Episode Q0:    48.60
Episode: 4247/5000 | Episode reward:  1310.76 | Episode steps: 2500 | Average reward:  1314.72 | Step Count: 9688127 | Episode Q0:    48.60
Episode: 4248/5000 | Episode reward:  1319.97 | Episode steps: 2500 | Average reward:  1317.56 | Step Count: 9690627 | Episode Q0:    48.60
Episode: 4249/5000 | Episode reward:  1288.71 | Episode steps: 2500 | Average reward:  1313.28 | Step Count: 9693127 | Episode Q0:    48.60
Episode: 4250/5000 | Episode reward:  1340.33 | Episode steps: 2500 | Average reward:  1314.65 | Step Count: 9695627 | Episode Q0:    48.60
Episode: 4251/5000 | Episode reward:  1327.04 | Episode steps: 2500 | Average reward:  1315.69 | Step Count: 9698127 | Episode Q0:    48.60
Episode: 4252/5000 | Episode reward:  1323.88 | Episode steps: 2500 | Average reward:  1315.93 | Step Count: 9700627 | Episode Q0:    49.68
Episode: 4253/5000 | Episode reward:  1248.74 | Episode steps: 2500 | Average reward:  1307.24 | Step Count: 9703127 | Episode Q0:    49.68
Episode: 4254/5000 | Episode reward:  1316.96 | Episode steps: 2500 | Average reward:  1309.74 | Step Count: 9705627 | Episode Q0:    49.68
Episode: 4255/5000 | Episode reward:  1237.75 | Episode steps: 2500 | Average reward:  1302.24 | Step Count: 9708127 | Episode Q0:    49.68
Episode: 4256/5000 | Episode reward:  1249.50 | Episode steps: 2500 | Average reward:  1296.36 | Step Count: 9710627 | Episode Q0:    49.68
Episode: 4257/5000 | Episode reward:  1318.04 | Episode steps: 2500 | Average reward:  1297.09 | Step Count: 9713127 | Episode Q0:    49.68
Episode: 4258/5000 | Episode reward:  1300.02 | Episode steps: 2500 | Average reward:  1295.10 | Step Count: 9715627 | Episode Q0:    49.68
Episode: 4259/5000 | Episode reward:  1256.03 | Episode steps: 2500 | Average reward:  1291.83 | Step Count: 9718127 | Episode Q0:    49.68
Episode: 4260/5000 | Episode reward:  1253.45 | Episode steps: 2500 | Average reward:  1283.14 | Step Count: 9720627 | Episode Q0:    49.68
Episode: 4261/5000 | Episode reward:  1298.37 | Episode steps: 2500 | Average reward:  1280.27 | Step Count: 9723127 | Episode Q0:    49.68
Episode: 4262/5000 | Episode reward:  1345.95 | Episode steps: 2500 | Average reward:  1282.48 | Step Count: 9725627 | Episode Q0:    49.68
Episode: 4263/5000 | Episode reward:  1324.36 | Episode steps: 2500 | Average reward:  1290.04 | Step Count: 9728127 | Episode Q0:    49.68
Episode: 4264/5000 | Episode reward:  1302.57 | Episode steps: 2500 | Average reward:  1288.60 | Step Count: 9730627 | Episode Q0:    49.68
Episode: 4265/5000 | Episode reward:  1312.35 | Episode steps: 2500 | Average reward:  1296.06 | Step Count: 9733127 | Episode Q0:    49.68
Episode: 4266/5000 | Episode reward:  1325.10 | Episode steps: 2500 | Average reward:  1303.62 | Step Count: 9735627 | Episode Q0:    49.68
Episode: 4267/5000 | Episode reward:  1251.81 | Episode steps: 2500 | Average reward:  1297.00 | Step Count: 9738127 | Episode Q0:    49.68
Episode: 4268/5000 | Episode reward:  1249.17 | Episode steps: 2500 | Average reward:  1291.92 | Step Count: 9740627 | Episode Q0:    49.68
Episode: 4269/5000 | Episode reward:  1323.22 | Episode steps: 2500 | Average reward:  1298.64 | Step Count: 9743127 | Episode Q0:    49.68
Episode: 4270/5000 | Episode reward:  1306.91 | Episode steps: 2500 | Average reward:  1303.98 | Step Count: 9745627 | Episode Q0:    49.68
Episode: 4271/5000 | Episode reward:  1313.93 | Episode steps: 2500 | Average reward:  1305.54 | Step Count: 9748127 | Episode Q0:    49.68
Episode: 4272/5000 | Episode reward:  1330.10 | Episode steps: 2500 | Average reward:  1303.95 | Step Count: 9750627 | Episode Q0:    49.68
Episode: 4273/5000 | Episode reward:  1286.46 | Episode steps: 2500 | Average reward:  1300.16 | Step Count: 9753127 | Episode Q0:    49.68
Episode: 4274/5000 | Episode reward:  1332.41 | Episode steps: 2500 | Average reward:  1303.15 | Step Count: 9755627 | Episode Q0:    49.68
Episode: 4275/5000 | Episode reward:  1226.48 | Episode steps: 2500 | Average reward:  1294.56 | Step Count: 9758127 | Episode Q0:    49.06
Episode: 4276/5000 | Episode reward:  1325.35 | Episode steps: 2500 | Average reward:  1294.58 | Step Count: 9760627 | Episode Q0:    49.06
Episode: 4277/5000 | Episode reward:  1248.76 | Episode steps: 2500 | Average reward:  1294.28 | Step Count: 9763127 | Episode Q0:    49.06
Episode: 4278/5000 | Episode reward:  1288.22 | Episode steps: 2500 | Average reward:  1298.18 | Step Count: 9765627 | Episode Q0:    49.06
Episode: 4279/5000 | Episode reward:  1327.48 | Episode steps: 2500 | Average reward:  1298.61 | Step Count: 9768127 | Episode Q0:    49.06
Episode: 4280/5000 | Episode reward:  1292.99 | Episode steps: 2500 | Average reward:  1297.22 | Step Count: 9770627 | Episode Q0:    49.06
Episode: 4281/5000 | Episode reward:  1300.82 | Episode steps: 2500 | Average reward:  1295.91 | Step Count: 9773127 | Episode Q0:    49.06
Episode: 4282/5000 | Episode reward:   950.91 | Episode steps: 2500 | Average reward:  1257.99 | Step Count: 9775627 | Episode Q0:    49.06
Episode: 4283/5000 | Episode reward:  1325.33 | Episode steps: 2500 | Average reward:  1261.88 | Step Count: 9778127 | Episode Q0:    49.06
Episode: 4284/5000 | Episode reward:  1288.95 | Episode steps: 2500 | Average reward:  1257.53 | Step Count: 9780627 | Episode Q0:    49.06
Episode: 4285/5000 | Episode reward:  1306.60 | Episode steps: 2500 | Average reward:  1265.54 | Step Count: 9783127 | Episode Q0:    49.06
Episode: 4286/5000 | Episode reward:  1248.96 | Episode steps: 2500 | Average reward:  1257.90 | Step Count: 9785627 | Episode Q0:    49.06
Episode: 4287/5000 | Episode reward:  1290.03 | Episode steps: 2500 | Average reward:  1262.03 | Step Count: 9788127 | Episode Q0:    49.06
Episode: 4288/5000 | Episode reward:  1285.88 | Episode steps: 2500 | Average reward:  1261.80 | Step Count: 9790627 | Episode Q0:    49.06
Episode: 4289/5000 | Episode reward:  1284.21 | Episode steps: 2500 | Average reward:  1257.47 | Step Count: 9793127 | Episode Q0:    49.06
Episode: 4290/5000 | Episode reward:  1270.96 | Episode steps: 2500 | Average reward:  1255.27 | Step Count: 9795627 | Episode Q0:    49.06
Episode: 4291/5000 | Episode reward:  1314.66 | Episode steps: 2500 | Average reward:  1256.65 | Step Count: 9798127 | Episode Q0:    49.06
Episode: 4292/5000 | Episode reward:  1230.74 | Episode steps: 2500 | Average reward:  1284.63 | Step Count: 9800627 | Episode Q0:    49.06
Episode: 4293/5000 | Episode reward:  1264.26 | Episode steps: 2500 | Average reward:  1278.53 | Step Count: 9803127 | Episode Q0:    49.06
Episode: 4294/5000 | Episode reward:  1298.42 | Episode steps: 2500 | Average reward:  1279.47 | Step Count: 9805627 | Episode Q0:    49.06
Episode: 4295/5000 | Episode reward:  1321.62 | Episode steps: 2500 | Average reward:  1280.98 | Step Count: 9808127 | Episode Q0:    49.06
Episode: 4296/5000 | Episode reward:  1310.21 | Episode steps: 2500 | Average reward:  1287.10 | Step Count: 9810627 | Episode Q0:    48.67
Episode: 4297/5000 | Episode reward:  1321.02 | Episode steps: 2500 | Average reward:  1290.20 | Step Count: 9813127 | Episode Q0:    48.67
Episode: 4298/5000 | Episode reward:  1278.86 | Episode steps: 2500 | Average reward:  1289.50 | Step Count: 9815627 | Episode Q0:    48.67
Episode: 4299/5000 | Episode reward:  1297.74 | Episode steps: 2500 | Average reward:  1290.85 | Step Count: 9818127 | Episode Q0:    48.67
Episode: 4300/5000 | Episode reward:  1310.73 | Episode steps: 2500 | Average reward:  1294.83 | Step Count: 9820627 | Episode Q0:    48.67
Episode: 4301/5000 | Episode reward:  1344.73 | Episode steps: 2500 | Average reward:  1297.83 | Step Count: 9823127 | Episode Q0:    48.67
Episode: 4302/5000 | Episode reward:  1292.45 | Episode steps: 2500 | Average reward:  1304.00 | Step Count: 9825627 | Episode Q0:    48.67
Episode: 4303/5000 | Episode reward:  1082.01 | Episode steps: 2500 | Average reward:  1285.78 | Step Count: 9828127 | Episode Q0:    48.67
Episode: 4304/5000 | Episode reward:  1300.62 | Episode steps: 2500 | Average reward:  1286.00 | Step Count: 9830627 | Episode Q0:    48.67
Episode: 4305/5000 | Episode reward:  1158.31 | Episode steps: 2500 | Average reward:  1269.67 | Step Count: 9833127 | Episode Q0:    48.67
Episode: 4306/5000 | Episode reward:  1242.00 | Episode steps: 2500 | Average reward:  1262.85 | Step Count: 9835627 | Episode Q0:    48.67
Episode: 4307/5000 | Episode reward:  1313.30 | Episode steps: 2500 | Average reward:  1262.08 | Step Count: 9838127 | Episode Q0:    48.67
Episode: 4308/5000 | Episode reward:  1288.52 | Episode steps: 2500 | Average reward:  1263.04 | Step Count: 9840627 | Episode Q0:    48.67
Episode: 4309/5000 | Episode reward:  1316.49 | Episode steps: 2500 | Average reward:  1264.92 | Step Count: 9843127 | Episode Q0:    48.67
Episode: 4310/5000 | Episode reward:  1306.82 | Episode steps: 2500 | Average reward:  1264.53 | Step Count: 9845627 | Episode Q0:    48.67
Episode: 4311/5000 | Episode reward:  1316.35 | Episode steps: 2500 | Average reward:  1261.69 | Step Count: 9848127 | Episode Q0:    48.67
Episode: 4312/5000 | Episode reward:  1254.81 | Episode steps: 2500 | Average reward:  1257.92 | Step Count: 9850627 | Episode Q0:    48.67
Episode: 4313/5000 | Episode reward:  1251.27 | Episode steps: 2500 | Average reward:  1274.85 | Step Count: 9853127 | Episode Q0:    48.67
Episode: 4314/5000 | Episode reward:  1315.48 | Episode steps: 2500 | Average reward:  1276.34 | Step Count: 9855627 | Episode Q0:    48.67
Episode: 4315/5000 | Episode reward:  1312.71 | Episode steps: 2500 | Average reward:  1291.78 | Step Count: 9858127 | Episode Q0:    48.67
Episode: 4316/5000 | Episode reward:  1285.28 | Episode steps: 2500 | Average reward:  1296.10 | Step Count: 9860627 | Episode Q0:    48.67
Episode: 4317/5000 | Episode reward:  1267.41 | Episode steps: 2500 | Average reward:  1291.52 | Step Count: 9863127 | Episode Q0:    48.67
Episode: 4318/5000 | Episode reward:  1308.60 | Episode steps: 2500 | Average reward:  1293.52 | Step Count: 9865627 | Episode Q0:    48.67
Episode: 4319/5000 | Episode reward:  1290.99 | Episode steps: 2500 | Average reward:  1290.97 | Step Count: 9868127 | Episode Q0:    48.82
Episode: 4320/5000 | Episode reward:  1308.36 | Episode steps: 2500 | Average reward:  1291.13 | Step Count: 9870627 | Episode Q0:    48.82
Episode: 4321/5000 | Episode reward:  1306.52 | Episode steps: 2500 | Average reward:  1290.14 | Step Count: 9873127 | Episode Q0:    48.82
Episode: 4322/5000 | Episode reward:  1271.90 | Episode steps: 2500 | Average reward:  1291.85 | Step Count: 9875627 | Episode Q0:    48.82
Episode: 4323/5000 | Episode reward:  1327.59 | Episode steps: 2500 | Average reward:  1299.49 | Step Count: 9878127 | Episode Q0:    48.82
Episode: 4324/5000 | Episode reward:  1258.35 | Episode steps: 2500 | Average reward:  1293.77 | Step Count: 9880627 | Episode Q0:    48.82
Episode: 4325/5000 | Episode reward:  1292.28 | Episode steps: 2500 | Average reward:  1291.73 | Step Count: 9883127 | Episode Q0:    48.82
Episode: 4326/5000 | Episode reward:  1304.69 | Episode steps: 2500 | Average reward:  1293.67 | Step Count: 9885627 | Episode Q0:    48.82
Episode: 4327/5000 | Episode reward:  1302.13 | Episode steps: 2500 | Average reward:  1297.14 | Step Count: 9888127 | Episode Q0:    48.82
Episode: 4328/5000 | Episode reward:  1306.00 | Episode steps: 2500 | Average reward:  1296.88 | Step Count: 9890627 | Episode Q0:    48.82
Episode: 4329/5000 | Episode reward:  1314.90 | Episode steps: 2500 | Average reward:  1299.27 | Step Count: 9893127 | Episode Q0:    48.82
Episode: 4330/5000 | Episode reward:  1300.67 | Episode steps: 2500 | Average reward:  1298.50 | Step Count: 9895627 | Episode Q0:    48.82
Episode: 4331/5000 | Episode reward:  1316.47 | Episode steps: 2500 | Average reward:  1299.50 | Step Count: 9898127 | Episode Q0:    48.82
Episode: 4332/5000 | Episode reward:  1322.26 | Episode steps: 2500 | Average reward:  1304.54 | Step Count: 9900627 | Episode Q0:    48.82
Episode: 4333/5000 | Episode reward:  1319.61 | Episode steps: 2500 | Average reward:  1303.74 | Step Count: 9903127 | Episode Q0:    48.82
Episode: 4334/5000 | Episode reward:  1311.27 | Episode steps: 2500 | Average reward:  1309.03 | Step Count: 9905627 | Episode Q0:    48.82
Episode: 4335/5000 | Episode reward:  1300.59 | Episode steps: 2500 | Average reward:  1309.86 | Step Count: 9908127 | Episode Q0:    48.82
Episode: 4336/5000 | Episode reward:  1320.13 | Episode steps: 2500 | Average reward:  1311.40 | Step Count: 9910627 | Episode Q0:    48.82
Episode: 4337/5000 | Episode reward:  1291.15 | Episode steps: 2500 | Average reward:  1310.31 | Step Count: 9913127 | Episode Q0:    48.82
Episode: 4338/5000 | Episode reward:  1326.52 | Episode steps: 2500 | Average reward:  1312.36 | Step Count: 9915627 | Episode Q0:    48.82
Episode: 4339/5000 | Episode reward:  1314.17 | Episode steps: 2500 | Average reward:  1312.28 | Step Count: 9918127 | Episode Q0:    48.82
Episode: 4340/5000 | Episode reward:  1303.92 | Episode steps: 2500 | Average reward:  1312.61 | Step Count: 9920627 | Episode Q0:    49.84
Episode: 4341/5000 | Episode reward:  1324.98 | Episode steps: 2500 | Average reward:  1313.46 | Step Count: 9923127 | Episode Q0:    49.84
Episode: 4342/5000 | Episode reward:  1344.55 | Episode steps: 2500 | Average reward:  1315.69 | Step Count: 9925627 | Episode Q0:    49.84
Episode: 4343/5000 | Episode reward:  1316.33 | Episode steps: 2500 | Average reward:  1315.36 | Step Count: 9928127 | Episode Q0:    49.84
Episode: 4344/5000 | Episode reward:  1322.23 | Episode steps: 2500 | Average reward:  1316.46 | Step Count: 9930627 | Episode Q0:    49.84
Episode: 4345/5000 | Episode reward:  1339.44 | Episode steps: 2500 | Average reward:  1320.34 | Step Count: 9933127 | Episode Q0:    49.84
Episode: 4346/5000 | Episode reward:  1331.29 | Episode steps: 2500 | Average reward:  1321.46 | Step Count: 9935627 | Episode Q0:    49.84
Episode: 4347/5000 | Episode reward:  1308.00 | Episode steps: 2500 | Average reward:  1323.14 | Step Count: 9938127 | Episode Q0:    49.84
Episode: 4348/5000 | Episode reward:  1331.98 | Episode steps: 2500 | Average reward:  1323.69 | Step Count: 9940627 | Episode Q0:    49.84
Episode: 4349/5000 | Episode reward:  1313.71 | Episode steps: 2500 | Average reward:  1323.64 | Step Count: 9943127 | Episode Q0:    49.84
Episode: 4350/5000 | Episode reward:  1230.09 | Episode steps: 2500 | Average reward:  1316.26 | Step Count: 9945627 | Episode Q0:    49.84
Episode: 4351/5000 | Episode reward:  1295.95 | Episode steps: 2500 | Average reward:  1313.35 | Step Count: 9948127 | Episode Q0:    49.84
Episode: 4352/5000 | Episode reward:  1262.22 | Episode steps: 2500 | Average reward:  1305.12 | Step Count: 9950627 | Episode Q0:    49.84
Episode: 4353/5000 | Episode reward:  1241.06 | Episode steps: 2500 | Average reward:  1297.60 | Step Count: 9953127 | Episode Q0:    49.84
Episode: 4354/5000 | Episode reward:  1244.34 | Episode steps: 2500 | Average reward:  1289.81 | Step Count: 9955627 | Episode Q0:    49.84
Episode: 4355/5000 | Episode reward:  1239.94 | Episode steps: 2500 | Average reward:  1279.86 | Step Count: 9958127 | Episode Q0:    49.84
Episode: 4356/5000 | Episode reward:  1243.38 | Episode steps: 2500 | Average reward:  1271.07 | Step Count: 9960627 | Episode Q0:    49.84
Episode: 4357/5000 | Episode reward:  1341.55 | Episode steps: 2500 | Average reward:  1274.42 | Step Count: 9963127 | Episode Q0:    49.84
Episode: 4358/5000 | Episode reward:  1298.84 | Episode steps: 2500 | Average reward:  1271.11 | Step Count: 9965627 | Episode Q0:    49.84
Episode: 4359/5000 | Episode reward:  1252.42 | Episode steps: 2500 | Average reward:  1264.98 | Step Count: 9968127 | Episode Q0:    49.84
Episode: 4360/5000 | Episode reward:  1289.43 | Episode steps: 2500 | Average reward:  1270.91 | Step Count: 9970627 | Episode Q0:    49.84
Episode: 4361/5000 | Episode reward:  1330.73 | Episode steps: 2500 | Average reward:  1274.39 | Step Count: 9973127 | Episode Q0:    49.84
Episode: 4362/5000 | Episode reward:  1268.44 | Episode steps: 2500 | Average reward:  1275.01 | Step Count: 9975627 | Episode Q0:    49.84
Episode: 4363/5000 | Episode reward:  1330.53 | Episode steps: 2500 | Average reward:  1283.96 | Step Count: 9978127 | Episode Q0:    49.56
Episode: 4364/5000 | Episode reward:  1310.68 | Episode steps: 2500 | Average reward:  1290.59 | Step Count: 9980627 | Episode Q0:    49.56
Episode: 4365/5000 | Episode reward:  1321.09 | Episode steps: 2500 | Average reward:  1298.71 | Step Count: 9983127 | Episode Q0:    49.56
Episode: 4366/5000 | Episode reward:  1326.18 | Episode steps: 2500 | Average reward:  1306.99 | Step Count: 9985627 | Episode Q0:    49.56
Episode: 4367/5000 | Episode reward:  1321.63 | Episode steps: 2500 | Average reward:  1305.00 | Step Count: 9988127 | Episode Q0:    49.56
Episode: 4368/5000 | Episode reward:  1330.41 | Episode steps: 2500 | Average reward:  1308.15 | Step Count: 9990627 | Episode Q0:    49.56
Episode: 4369/5000 | Episode reward:  1273.96 | Episode steps: 2500 | Average reward:  1310.31 | Step Count: 9993127 | Episode Q0:    49.56
Episode: 4370/5000 | Episode reward:  1314.99 | Episode steps: 2500 | Average reward:  1312.86 | Step Count: 9995627 | Episode Q0:    49.56
Episode: 4371/5000 | Episode reward:  1332.50 | Episode steps: 2500 | Average reward:  1313.04 | Step Count: 9998127 | Episode Q0:    49.56
Episode: 4372/5000 | Episode reward:  1294.05 | Episode steps: 2500 | Average reward:  1315.60 | Step Count: 10000627 | Episode Q0:    49.56
Episode: 4373/5000 | Episode reward:  1335.38 | Episode steps: 2500 | Average reward:  1316.09 | Step Count: 10003127 | Episode Q0:    49.56
Episode: 4374/5000 | Episode reward:  1334.70 | Episode steps: 2500 | Average reward:  1318.49 | Step Count: 10005627 | Episode Q0:    49.56
Episode: 4375/5000 | Episode reward:  1311.51 | Episode steps: 2500 | Average reward:  1317.53 | Step Count: 10008127 | Episode Q0:    49.56
Episode: 4376/5000 | Episode reward:  1317.26 | Episode steps: 2500 | Average reward:  1316.64 | Step Count: 10010627 | Episode Q0:    49.56
Episode: 4377/5000 | Episode reward:  1332.83 | Episode steps: 2500 | Average reward:  1317.76 | Step Count: 10013127 | Episode Q0:    49.56
Episode: 4378/5000 | Episode reward:  1294.87 | Episode steps: 2500 | Average reward:  1314.21 | Step Count: 10015627 | Episode Q0:    49.56
Episode: 4379/5000 | Episode reward:  1293.08 | Episode steps: 2500 | Average reward:  1316.12 | Step Count: 10018127 | Episode Q0:    49.56
Episode: 4380/5000 | Episode reward:  1326.64 | Episode steps: 2500 | Average reward:  1317.28 | Step Count: 10020627 | Episode Q0:    49.56
Episode: 4381/5000 | Episode reward:  1332.86 | Episode steps: 2500 | Average reward:  1317.32 | Step Count: 10023127 | Episode Q0:    49.56
Episode: 4382/5000 | Episode reward:  1272.78 | Episode steps: 2500 | Average reward:  1315.19 | Step Count: 10025627 | Episode Q0:    49.56
Episode: 4383/5000 | Episode reward:  1223.92 | Episode steps: 2500 | Average reward:  1304.04 | Step Count: 10028127 | Episode Q0:    49.56
Episode: 4384/5000 | Episode reward:  1321.95 | Episode steps: 2500 | Average reward:  1302.77 | Step Count: 10030627 | Episode Q0:    49.03
Episode: 4385/5000 | Episode reward:  1308.60 | Episode steps: 2500 | Average reward:  1302.48 | Step Count: 10033127 | Episode Q0:    49.03
Episode: 4386/5000 | Episode reward:  1248.97 | Episode steps: 2500 | Average reward:  1295.65 | Step Count: 10035627 | Episode Q0:    49.03
Episode: 4387/5000 | Episode reward:  1330.70 | Episode steps: 2500 | Average reward:  1295.44 | Step Count: 10038127 | Episode Q0:    49.03
Episode: 4388/5000 | Episode reward:  1288.70 | Episode steps: 2500 | Average reward:  1294.82 | Step Count: 10040627 | Episode Q0:    49.03
Episode: 4389/5000 | Episode reward:  1325.27 | Episode steps: 2500 | Average reward:  1298.04 | Step Count: 10043127 | Episode Q0:    49.03
Episode: 4390/5000 | Episode reward:  1307.03 | Episode steps: 2500 | Average reward:  1296.08 | Step Count: 10045627 | Episode Q0:    49.03
Episode: 4391/5000 | Episode reward:  1305.02 | Episode steps: 2500 | Average reward:  1293.29 | Step Count: 10048127 | Episode Q0:    49.03
Episode: 4392/5000 | Episode reward:  1293.71 | Episode steps: 2500 | Average reward:  1295.39 | Step Count: 10050627 | Episode Q0:    49.03
Episode: 4393/5000 | Episode reward:  1284.56 | Episode steps: 2500 | Average reward:  1301.45 | Step Count: 10053127 | Episode Q0:    49.03
Episode: 4394/5000 | Episode reward:  1248.50 | Episode steps: 2500 | Average reward:  1294.11 | Step Count: 10055627 | Episode Q0:    49.03
Episode: 4395/5000 | Episode reward:  1321.12 | Episode steps: 2500 | Average reward:  1295.36 | Step Count: 10058127 | Episode Q0:    49.03
Episode: 4396/5000 | Episode reward:  1219.13 | Episode steps: 2500 | Average reward:  1292.37 | Step Count: 10060627 | Episode Q0:    49.03
Episode: 4397/5000 | Episode reward:  1260.70 | Episode steps: 2500 | Average reward:  1285.37 | Step Count: 10063127 | Episode Q0:    49.03
Episode: 4398/5000 | Episode reward:  1322.56 | Episode steps: 2500 | Average reward:  1288.76 | Step Count: 10065627 | Episode Q0:    49.03
Episode: 4399/5000 | Episode reward:  1266.33 | Episode steps: 2500 | Average reward:  1282.86 | Step Count: 10068127 | Episode Q0:    49.03
Episode: 4400/5000 | Episode reward:  1314.02 | Episode steps: 2500 | Average reward:  1283.56 | Step Count: 10070627 | Episode Q0:    49.03
Episode: 4401/5000 | Episode reward:  1235.89 | Episode steps: 2500 | Average reward:  1276.65 | Step Count: 10073127 | Episode Q0:    49.03
Episode: 4402/5000 | Episode reward:  1252.23 | Episode steps: 2500 | Average reward:  1272.50 | Step Count: 10075627 | Episode Q0:    49.03
Episode: 4403/5000 | Episode reward:  1267.64 | Episode steps: 2500 | Average reward:  1270.81 | Step Count: 10078127 | Episode Q0:    49.03
Episode: 4404/5000 | Episode reward:  1302.38 | Episode steps: 2500 | Average reward:  1276.20 | Step Count: 10080627 | Episode Q0:    49.03
Episode: 4405/5000 | Episode reward:  1345.07 | Episode steps: 2500 | Average reward:  1278.59 | Step Count: 10083127 | Episode Q0:    49.03
Episode: 4406/5000 | Episode reward:  1266.41 | Episode steps: 2500 | Average reward:  1283.32 | Step Count: 10085627 | Episode Q0:    49.03
Episode: 4407/5000 | Episode reward:  1314.74 | Episode steps: 2500 | Average reward:  1288.73 | Step Count: 10088127 | Episode Q0:    49.18
Episode: 4408/5000 | Episode reward:  1309.85 | Episode steps: 2500 | Average reward:  1287.45 | Step Count: 10090627 | Episode Q0:    49.18
Episode: 4409/5000 | Episode reward:  1282.79 | Episode steps: 2500 | Average reward:  1289.10 | Step Count: 10093127 | Episode Q0:    49.18
Episode: 4410/5000 | Episode reward:  1331.51 | Episode steps: 2500 | Average reward:  1290.85 | Step Count: 10095627 | Episode Q0:    49.18
Episode: 4411/5000 | Episode reward:  1254.93 | Episode steps: 2500 | Average reward:  1292.75 | Step Count: 10098127 | Episode Q0:    49.18
Episode: 4412/5000 | Episode reward:  1283.55 | Episode steps: 2500 | Average reward:  1295.89 | Step Count: 10100627 | Episode Q0:    49.18
Episode: 4413/5000 | Episode reward:  1250.16 | Episode steps: 2500 | Average reward:  1294.14 | Step Count: 10103127 | Episode Q0:    49.18
Episode: 4414/5000 | Episode reward:  1361.79 | Episode steps: 2500 | Average reward:  1300.08 | Step Count: 10105627 | Episode Q0:    49.18
Episode: 4415/5000 | Episode reward:  1279.07 | Episode steps: 2500 | Average reward:  1293.48 | Step Count: 10108127 | Episode Q0:    49.18
Episode: 4416/5000 | Episode reward:  1279.56 | Episode steps: 2500 | Average reward:  1294.79 | Step Count: 10110627 | Episode Q0:    49.18
Episode: 4417/5000 | Episode reward:  1344.22 | Episode steps: 2500 | Average reward:  1297.74 | Step Count: 10113127 | Episode Q0:    49.18
Episode: 4418/5000 | Episode reward:  1289.00 | Episode steps: 2500 | Average reward:  1295.66 | Step Count: 10115627 | Episode Q0:    49.18
Episode: 4419/5000 | Episode reward:  1312.85 | Episode steps: 2500 | Average reward:  1298.66 | Step Count: 10118127 | Episode Q0:    49.18
Episode: 4420/5000 | Episode reward:  1325.57 | Episode steps: 2500 | Average reward:  1298.07 | Step Count: 10120627 | Episode Q0:    49.18
Episode: 4421/5000 | Episode reward:  1272.86 | Episode steps: 2500 | Average reward:  1299.86 | Step Count: 10123127 | Episode Q0:    49.18
Episode: 4422/5000 | Episode reward:  1305.83 | Episode steps: 2500 | Average reward:  1302.09 | Step Count: 10125627 | Episode Q0:    49.18
Episode: 4423/5000 | Episode reward:  1339.58 | Episode steps: 2500 | Average reward:  1311.03 | Step Count: 10128127 | Episode Q0:    49.18
Episode: 4424/5000 | Episode reward:  1271.61 | Episode steps: 2500 | Average reward:  1302.01 | Step Count: 10130627 | Episode Q0:    49.18
Episode: 4425/5000 | Episode reward:  1343.35 | Episode steps: 2500 | Average reward:  1308.44 | Step Count: 10133127 | Episode Q0:    49.18
Episode: 4426/5000 | Episode reward:  1230.02 | Episode steps: 2500 | Average reward:  1303.49 | Step Count: 10135627 | Episode Q0:    49.18
Episode: 4427/5000 | Episode reward:  1244.29 | Episode steps: 2500 | Average reward:  1293.50 | Step Count: 10138127 | Episode Q0:    49.18
Episode: 4428/5000 | Episode reward:  1276.53 | Episode steps: 2500 | Average reward:  1292.25 | Step Count: 10140627 | Episode Q0:    49.34
Episode: 4429/5000 | Episode reward:  1321.85 | Episode steps: 2500 | Average reward:  1293.15 | Step Count: 10143127 | Episode Q0:    49.34
Episode: 4430/5000 | Episode reward:  1301.14 | Episode steps: 2500 | Average reward:  1290.71 | Step Count: 10145627 | Episode Q0:    49.34
Episode: 4431/5000 | Episode reward:  1261.55 | Episode steps: 2500 | Average reward:  1289.58 | Step Count: 10148127 | Episode Q0:    49.34
Episode: 4432/5000 | Episode reward:  1301.28 | Episode steps: 2500 | Average reward:  1289.12 | Step Count: 10150627 | Episode Q0:    49.34
Episode: 4433/5000 | Episode reward:  1324.06 | Episode steps: 2500 | Average reward:  1287.57 | Step Count: 10153127 | Episode Q0:    49.34
Episode: 4434/5000 | Episode reward:  1284.26 | Episode steps: 2500 | Average reward:  1288.83 | Step Count: 10155627 | Episode Q0:    49.34
Episode: 4435/5000 | Episode reward:  1330.61 | Episode steps: 2500 | Average reward:  1287.56 | Step Count: 10158127 | Episode Q0:    49.34
Episode: 4436/5000 | Episode reward:  1242.26 | Episode steps: 2500 | Average reward:  1288.78 | Step Count: 10160627 | Episode Q0:    49.34
Episode: 4437/5000 | Episode reward:  1267.71 | Episode steps: 2500 | Average reward:  1291.13 | Step Count: 10163127 | Episode Q0:    49.34
Episode: 4438/5000 | Episode reward:  1333.35 | Episode steps: 2500 | Average reward:  1296.81 | Step Count: 10165627 | Episode Q0:    49.34
Episode: 4439/5000 | Episode reward:  1252.01 | Episode steps: 2500 | Average reward:  1289.82 | Step Count: 10168127 | Episode Q0:    49.34
Episode: 4440/5000 | Episode reward:  1300.24 | Episode steps: 2500 | Average reward:  1289.73 | Step Count: 10170627 | Episode Q0:    49.34
Episode: 4441/5000 | Episode reward:  1319.10 | Episode steps: 2500 | Average reward:  1295.49 | Step Count: 10173127 | Episode Q0:    49.34
Episode: 4442/5000 | Episode reward:  1270.62 | Episode steps: 2500 | Average reward:  1292.42 | Step Count: 10175627 | Episode Q0:    49.34
Episode: 4443/5000 | Episode reward:  1314.18 | Episode steps: 2500 | Average reward:  1291.44 | Step Count: 10178127 | Episode Q0:    49.34
Episode: 4444/5000 | Episode reward:  1301.36 | Episode steps: 2500 | Average reward:  1293.15 | Step Count: 10180627 | Episode Q0:    49.34
Episode: 4445/5000 | Episode reward:  1256.57 | Episode steps: 2500 | Average reward:  1285.74 | Step Count: 10183127 | Episode Q0:    49.34
Episode: 4446/5000 | Episode reward:  1318.58 | Episode steps: 2500 | Average reward:  1293.37 | Step Count: 10185627 | Episode Q0:    49.34
Episode: 4447/5000 | Episode reward:  1252.50 | Episode steps: 2500 | Average reward:  1291.85 | Step Count: 10188127 | Episode Q0:    49.34
Episode: 4448/5000 | Episode reward:  1329.29 | Episode steps: 2500 | Average reward:  1291.45 | Step Count: 10190627 | Episode Q0:    49.34
Episode: 4449/5000 | Episode reward:  1330.82 | Episode steps: 2500 | Average reward:  1299.33 | Step Count: 10193127 | Episode Q0:    49.34
Episode: 4450/5000 | Episode reward:  1328.28 | Episode steps: 2500 | Average reward:  1302.13 | Step Count: 10195627 | Episode Q0:    49.34
Episode: 4451/5000 | Episode reward:  1360.27 | Episode steps: 2500 | Average reward:  1306.25 | Step Count: 10198127 | Episode Q0:    48.89
Episode: 4452/5000 | Episode reward:  1282.90 | Episode steps: 2500 | Average reward:  1307.48 | Step Count: 10200627 | Episode Q0:    48.89
Episode: 4453/5000 | Episode reward:  1318.74 | Episode steps: 2500 | Average reward:  1307.93 | Step Count: 10203127 | Episode Q0:    48.89
Episode: 4454/5000 | Episode reward:  1293.69 | Episode steps: 2500 | Average reward:  1307.16 | Step Count: 10205627 | Episode Q0:    48.89
Episode: 4455/5000 | Episode reward:  1283.71 | Episode steps: 2500 | Average reward:  1309.88 | Step Count: 10208127 | Episode Q0:    48.89
Episode: 4456/5000 | Episode reward:  1276.78 | Episode steps: 2500 | Average reward:  1305.70 | Step Count: 10210627 | Episode Q0:    48.89
Episode: 4457/5000 | Episode reward:  1281.30 | Episode steps: 2500 | Average reward:  1308.58 | Step Count: 10213127 | Episode Q0:    48.89
Episode: 4458/5000 | Episode reward:  1302.11 | Episode steps: 2500 | Average reward:  1305.86 | Step Count: 10215627 | Episode Q0:    48.89
Episode: 4459/5000 | Episode reward:  1296.87 | Episode steps: 2500 | Average reward:  1302.47 | Step Count: 10218127 | Episode Q0:    48.89
Episode: 4460/5000 | Episode reward:  1302.00 | Episode steps: 2500 | Average reward:  1299.84 | Step Count: 10220627 | Episode Q0:    48.89
Episode: 4461/5000 | Episode reward:  1286.06 | Episode steps: 2500 | Average reward:  1292.42 | Step Count: 10223127 | Episode Q0:    48.89
Episode: 4462/5000 | Episode reward:  1338.04 | Episode steps: 2500 | Average reward:  1297.93 | Step Count: 10225627 | Episode Q0:    48.89
Episode: 4463/5000 | Episode reward:  1276.71 | Episode steps: 2500 | Average reward:  1293.73 | Step Count: 10228127 | Episode Q0:    48.89
Episode: 4464/5000 | Episode reward:  1260.80 | Episode steps: 2500 | Average reward:  1290.44 | Step Count: 10230627 | Episode Q0:    48.89
Episode: 4465/5000 | Episode reward:  1326.58 | Episode steps: 2500 | Average reward:  1294.73 | Step Count: 10233127 | Episode Q0:    48.89
Episode: 4466/5000 | Episode reward:  1263.91 | Episode steps: 2500 | Average reward:  1293.44 | Step Count: 10235627 | Episode Q0:    48.89
Episode: 4467/5000 | Episode reward:  1301.29 | Episode steps: 2500 | Average reward:  1295.44 | Step Count: 10238127 | Episode Q0:    48.89
Episode: 4468/5000 | Episode reward:  1331.18 | Episode steps: 2500 | Average reward:  1298.34 | Step Count: 10240627 | Episode Q0:    48.89
Episode: 4469/5000 | Episode reward:  1262.26 | Episode steps: 2500 | Average reward:  1294.88 | Step Count: 10243127 | Episode Q0:    48.89
Episode: 4470/5000 | Episode reward:  1322.07 | Episode steps: 2500 | Average reward:  1296.89 | Step Count: 10245627 | Episode Q0:    48.89
Episode: 4471/5000 | Episode reward:  1291.90 | Episode steps: 2500 | Average reward:  1297.47 | Step Count: 10248127 | Episode Q0:    48.89
Episode: 4472/5000 | Episode reward:  1285.87 | Episode steps: 2500 | Average reward:  1292.26 | Step Count: 10250627 | Episode Q0:    48.46
Episode: 4473/5000 | Episode reward:  1234.98 | Episode steps: 2500 | Average reward:  1288.08 | Step Count: 10253127 | Episode Q0:    48.46
Episode: 4474/5000 | Episode reward:  1249.42 | Episode steps: 2500 | Average reward:  1286.95 | Step Count: 10255627 | Episode Q0:    48.46
Episode: 4475/5000 | Episode reward:  1235.28 | Episode steps: 2500 | Average reward:  1277.82 | Step Count: 10258127 | Episode Q0:    48.46
Episode: 4476/5000 | Episode reward:  1271.99 | Episode steps: 2500 | Average reward:  1278.62 | Step Count: 10260627 | Episode Q0:    48.46
Episode: 4477/5000 | Episode reward:  1339.33 | Episode steps: 2500 | Average reward:  1282.43 | Step Count: 10263127 | Episode Q0:    48.46
Episode: 4478/5000 | Episode reward:  1324.77 | Episode steps: 2500 | Average reward:  1281.79 | Step Count: 10265627 | Episode Q0:    48.46
Episode: 4479/5000 | Episode reward:  1346.11 | Episode steps: 2500 | Average reward:  1290.17 | Step Count: 10268127 | Episode Q0:    48.46
Episode: 4480/5000 | Episode reward:  1268.84 | Episode steps: 2500 | Average reward:  1284.85 | Step Count: 10270627 | Episode Q0:    48.46
Episode: 4481/5000 | Episode reward:  1328.99 | Episode steps: 2500 | Average reward:  1288.56 | Step Count: 10273127 | Episode Q0:    48.46
Episode: 4482/5000 | Episode reward:  1346.09 | Episode steps: 2500 | Average reward:  1294.58 | Step Count: 10275627 | Episode Q0:    48.46
Episode: 4483/5000 | Episode reward:  1339.30 | Episode steps: 2500 | Average reward:  1305.01 | Step Count: 10278127 | Episode Q0:    48.46
Episode: 4484/5000 | Episode reward:  1342.13 | Episode steps: 2500 | Average reward:  1314.28 | Step Count: 10280627 | Episode Q0:    48.46
Episode: 4485/5000 | Episode reward:  1341.61 | Episode steps: 2500 | Average reward:  1324.92 | Step Count: 10283127 | Episode Q0:    48.46
Episode: 4486/5000 | Episode reward:  1267.66 | Episode steps: 2500 | Average reward:  1324.48 | Step Count: 10285627 | Episode Q0:    48.46
Episode: 4487/5000 | Episode reward:  1289.37 | Episode steps: 2500 | Average reward:  1319.49 | Step Count: 10288127 | Episode Q0:    48.46
Episode: 4488/5000 | Episode reward:  1339.48 | Episode steps: 2500 | Average reward:  1320.96 | Step Count: 10290627 | Episode Q0:    48.46
Episode: 4489/5000 | Episode reward:  1331.01 | Episode steps: 2500 | Average reward:  1319.45 | Step Count: 10293127 | Episode Q0:    48.46
Episode: 4490/5000 | Episode reward:  1312.10 | Episode steps: 2500 | Average reward:  1323.77 | Step Count: 10295627 | Episode Q0:    48.46
Episode: 4491/5000 | Episode reward:  1253.59 | Episode steps: 2500 | Average reward:  1316.23 | Step Count: 10298127 | Episode Q0:    48.46
Episode: 4492/5000 | Episode reward:  1342.96 | Episode steps: 2500 | Average reward:  1315.92 | Step Count: 10300627 | Episode Q0:    48.46
Episode: 4493/5000 | Episode reward:  1352.01 | Episode steps: 2500 | Average reward:  1317.19 | Step Count: 10303127 | Episode Q0:    48.46
Episode: 4494/5000 | Episode reward:  1321.51 | Episode steps: 2500 | Average reward:  1315.13 | Step Count: 10305627 | Episode Q0:    48.46
Episode: 4495/5000 | Episode reward:  1287.52 | Episode steps: 2500 | Average reward:  1309.72 | Step Count: 10308127 | Episode Q0:    48.63
Episode: 4496/5000 | Episode reward:  1339.11 | Episode steps: 2500 | Average reward:  1316.86 | Step Count: 10310627 | Episode Q0:    48.63
Episode: 4497/5000 | Episode reward:  1280.08 | Episode steps: 2500 | Average reward:  1315.94 | Step Count: 10313127 | Episode Q0:    48.63
Episode: 4498/5000 | Episode reward:  1327.58 | Episode steps: 2500 | Average reward:  1314.75 | Step Count: 10315627 | Episode Q0:    48.63
Episode: 4499/5000 | Episode reward:  1274.73 | Episode steps: 2500 | Average reward:  1309.12 | Step Count: 10318127 | Episode Q0:    48.63
Episode: 4500/5000 | Episode reward:  1286.89 | Episode steps: 2500 | Average reward:  1306.60 | Step Count: 10320627 | Episode Q0:    48.63
Episode: 4501/5000 | Episode reward:  1253.46 | Episode steps: 2500 | Average reward:  1306.58 | Step Count: 10323127 | Episode Q0:    48.63
Episode: 4502/5000 | Episode reward:  1342.84 | Episode steps: 2500 | Average reward:  1306.57 | Step Count: 10325627 | Episode Q0:    48.63
Episode: 4503/5000 | Episode reward:  1267.98 | Episode steps: 2500 | Average reward:  1298.17 | Step Count: 10328127 | Episode Q0:    48.63
Episode: 4504/5000 | Episode reward:  1276.47 | Episode steps: 2500 | Average reward:  1293.67 | Step Count: 10330627 | Episode Q0:    48.63
Episode: 4505/5000 | Episode reward:  1228.07 | Episode steps: 2500 | Average reward:  1287.72 | Step Count: 10333127 | Episode Q0:    48.63
Episode: 4506/5000 | Episode reward:  1325.27 | Episode steps: 2500 | Average reward:  1286.34 | Step Count: 10335627 | Episode Q0:    48.63
Episode: 4507/5000 | Episode reward:  1248.59 | Episode steps: 2500 | Average reward:  1283.19 | Step Count: 10338127 | Episode Q0:    48.63
Episode: 4508/5000 | Episode reward:  1254.98 | Episode steps: 2500 | Average reward:  1275.93 | Step Count: 10340627 | Episode Q0:    48.63
Episode: 4509/5000 | Episode reward:  1258.26 | Episode steps: 2500 | Average reward:  1274.28 | Step Count: 10343127 | Episode Q0:    48.63
Episode: 4510/5000 | Episode reward:  1264.21 | Episode steps: 2500 | Average reward:  1272.01 | Step Count: 10345627 | Episode Q0:    48.63
Episode: 4511/5000 | Episode reward:  1262.44 | Episode steps: 2500 | Average reward:  1272.91 | Step Count: 10348127 | Episode Q0:    48.63
Episode: 4512/5000 | Episode reward:  1298.92 | Episode steps: 2500 | Average reward:  1268.52 | Step Count: 10350627 | Episode Q0:    48.63
Episode: 4513/5000 | Episode reward:  1307.11 | Episode steps: 2500 | Average reward:  1272.43 | Step Count: 10353127 | Episode Q0:    48.63
Episode: 4514/5000 | Episode reward:  1314.40 | Episode steps: 2500 | Average reward:  1276.23 | Step Count: 10355627 | Episode Q0:    48.63
Episode: 4515/5000 | Episode reward:  1263.02 | Episode steps: 2500 | Average reward:  1279.72 | Step Count: 10358127 | Episode Q0:    48.63
Episode: 4516/5000 | Episode reward:  1312.67 | Episode steps: 2500 | Average reward:  1278.46 | Step Count: 10360627 | Episode Q0:    48.52
Episode: 4517/5000 | Episode reward:  1269.88 | Episode steps: 2500 | Average reward:  1280.59 | Step Count: 10363127 | Episode Q0:    48.52
Episode: 4518/5000 | Episode reward:  1303.98 | Episode steps: 2500 | Average reward:  1285.49 | Step Count: 10365627 | Episode Q0:    48.52
Episode: 4519/5000 | Episode reward:  1296.15 | Episode steps: 2500 | Average reward:  1289.28 | Step Count: 10368127 | Episode Q0:    48.52
Episode: 4520/5000 | Episode reward:  1312.07 | Episode steps: 2500 | Average reward:  1294.06 | Step Count: 10370627 | Episode Q0:    48.52
Episode: 4521/5000 | Episode reward:  1323.93 | Episode steps: 2500 | Average reward:  1300.21 | Step Count: 10373127 | Episode Q0:    48.52
Episode: 4522/5000 | Episode reward:  1256.17 | Episode steps: 2500 | Average reward:  1295.94 | Step Count: 10375627 | Episode Q0:    48.52
Episode: 4523/5000 | Episode reward:  1259.42 | Episode steps: 2500 | Average reward:  1291.17 | Step Count: 10378127 | Episode Q0:    48.52
Episode: 4524/5000 | Episode reward:  1253.30 | Episode steps: 2500 | Average reward:  1285.06 | Step Count: 10380627 | Episode Q0:    48.52
Episode: 4525/5000 | Episode reward:  1255.58 | Episode steps: 2500 | Average reward:  1284.31 | Step Count: 10383127 | Episode Q0:    48.52
Episode: 4526/5000 | Episode reward:  1332.90 | Episode steps: 2500 | Average reward:  1286.34 | Step Count: 10385627 | Episode Q0:    48.52
Episode: 4527/5000 | Episode reward:  1260.19 | Episode steps: 2500 | Average reward:  1285.37 | Step Count: 10388127 | Episode Q0:    48.52
Episode: 4528/5000 | Episode reward:  1314.61 | Episode steps: 2500 | Average reward:  1286.43 | Step Count: 10390627 | Episode Q0:    48.52
Episode: 4529/5000 | Episode reward:  1282.44 | Episode steps: 2500 | Average reward:  1285.06 | Step Count: 10393127 | Episode Q0:    48.52
Episode: 4530/5000 | Episode reward:  1252.95 | Episode steps: 2500 | Average reward:  1279.15 | Step Count: 10395627 | Episode Q0:    48.52
Episode: 4531/5000 | Episode reward:  1249.07 | Episode steps: 2500 | Average reward:  1271.66 | Step Count: 10398127 | Episode Q0:    48.52
Episode: 4532/5000 | Episode reward:  1252.44 | Episode steps: 2500 | Average reward:  1271.29 | Step Count: 10400627 | Episode Q0:    48.52
Episode: 4533/5000 | Episode reward:  1279.94 | Episode steps: 2500 | Average reward:  1273.34 | Step Count: 10403127 | Episode Q0:    48.52
Episode: 4534/5000 | Episode reward:  1286.28 | Episode steps: 2500 | Average reward:  1276.64 | Step Count: 10405627 | Episode Q0:    48.52
Episode: 4535/5000 | Episode reward:  1309.98 | Episode steps: 2500 | Average reward:  1282.08 | Step Count: 10408127 | Episode Q0:    48.52
Episode: 4536/5000 | Episode reward:  1311.97 | Episode steps: 2500 | Average reward:  1279.99 | Step Count: 10410627 | Episode Q0:    48.52
Episode: 4537/5000 | Episode reward:  1335.80 | Episode steps: 2500 | Average reward:  1287.55 | Step Count: 10413127 | Episode Q0:    48.52
Episode: 4538/5000 | Episode reward:  1320.07 | Episode steps: 2500 | Average reward:  1288.09 | Step Count: 10415627 | Episode Q0:    48.52
Episode: 4539/5000 | Episode reward:  1308.66 | Episode steps: 2500 | Average reward:  1290.72 | Step Count: 10418127 | Episode Q0:    48.76
Episode: 4540/5000 | Episode reward:  1279.83 | Episode steps: 2500 | Average reward:  1293.40 | Step Count: 10420627 | Episode Q0:    48.76
Episode: 4541/5000 | Episode reward:  1262.59 | Episode steps: 2500 | Average reward:  1294.76 | Step Count: 10423127 | Episode Q0:    48.76
Episode: 4542/5000 | Episode reward:  1267.83 | Episode steps: 2500 | Average reward:  1296.30 | Step Count: 10425627 | Episode Q0:    48.76
Episode: 4543/5000 | Episode reward:  1329.42 | Episode steps: 2500 | Average reward:  1301.24 | Step Count: 10428127 | Episode Q0:    48.76
Episode: 4544/5000 | Episode reward:  1256.75 | Episode steps: 2500 | Average reward:  1298.29 | Step Count: 10430627 | Episode Q0:    48.76
Episode: 4545/5000 | Episode reward:  1305.17 | Episode steps: 2500 | Average reward:  1297.81 | Step Count: 10433127 | Episode Q0:    48.76
Episode: 4546/5000 | Episode reward:  1319.52 | Episode steps: 2500 | Average reward:  1298.56 | Step Count: 10435627 | Episode Q0:    48.76
Episode: 4547/5000 | Episode reward:  1302.05 | Episode steps: 2500 | Average reward:  1295.19 | Step Count: 10438127 | Episode Q0:    48.76
Episode: 4548/5000 | Episode reward:  1295.97 | Episode steps: 2500 | Average reward:  1292.78 | Step Count: 10440627 | Episode Q0:    48.76
Episode: 4549/5000 | Episode reward:  1253.65 | Episode steps: 2500 | Average reward:  1287.28 | Step Count: 10443127 | Episode Q0:    48.76
Episode: 4550/5000 | Episode reward:  1336.96 | Episode steps: 2500 | Average reward:  1292.99 | Step Count: 10445627 | Episode Q0:    48.76
Episode: 4551/5000 | Episode reward:  1292.15 | Episode steps: 2500 | Average reward:  1295.95 | Step Count: 10448127 | Episode Q0:    48.76
Episode: 4552/5000 | Episode reward:  1280.32 | Episode steps: 2500 | Average reward:  1297.20 | Step Count: 10450627 | Episode Q0:    48.76
Episode: 4553/5000 | Episode reward:  1274.28 | Episode steps: 2500 | Average reward:  1291.68 | Step Count: 10453127 | Episode Q0:    48.76
Episode: 4554/5000 | Episode reward:  1266.69 | Episode steps: 2500 | Average reward:  1292.68 | Step Count: 10455627 | Episode Q0:    48.76
Episode: 4555/5000 | Episode reward:  1248.33 | Episode steps: 2500 | Average reward:  1286.99 | Step Count: 10458127 | Episode Q0:    48.76
Episode: 4556/5000 | Episode reward:  1196.80 | Episode steps: 2500 | Average reward:  1274.72 | Step Count: 10460627 | Episode Q0:    48.76
Episode: 4557/5000 | Episode reward:  1338.87 | Episode steps: 2500 | Average reward:  1278.40 | Step Count: 10463127 | Episode Q0:    48.76
Episode: 4558/5000 | Episode reward:  1256.62 | Episode steps: 2500 | Average reward:  1274.47 | Step Count: 10465627 | Episode Q0:    48.76
Episode: 4559/5000 | Episode reward:  1325.19 | Episode steps: 2500 | Average reward:  1281.62 | Step Count: 10468127 | Episode Q0:    48.76
Episode: 4560/5000 | Episode reward:  1296.77 | Episode steps: 2500 | Average reward:  1277.60 | Step Count: 10470627 | Episode Q0:    48.12
Episode: 4561/5000 | Episode reward:  1295.56 | Episode steps: 2500 | Average reward:  1277.94 | Step Count: 10473127 | Episode Q0:    48.12
Episode: 4562/5000 | Episode reward:  1330.10 | Episode steps: 2500 | Average reward:  1282.92 | Step Count: 10475627 | Episode Q0:    48.12
Episode: 4563/5000 | Episode reward:  1271.84 | Episode steps: 2500 | Average reward:  1282.68 | Step Count: 10478127 | Episode Q0:    48.12
Episode: 4564/5000 | Episode reward:  1257.35 | Episode steps: 2500 | Average reward:  1281.74 | Step Count: 10480627 | Episode Q0:    48.12
Episode: 4565/5000 | Episode reward:  1245.10 | Episode steps: 2500 | Average reward:  1281.42 | Step Count: 10483127 | Episode Q0:    48.12
Episode: 4566/5000 | Episode reward:  1281.82 | Episode steps: 2500 | Average reward:  1289.92 | Step Count: 10485627 | Episode Q0:    48.12
Episode: 4567/5000 | Episode reward:  1115.39 | Episode steps: 2500 | Average reward:  1267.58 | Step Count: 10488127 | Episode Q0:    48.12
Episode: 4568/5000 | Episode reward:  1160.82 | Episode steps: 2500 | Average reward:  1258.00 | Step Count: 10490627 | Episode Q0:    48.12
Episode: 4569/5000 | Episode reward:  1283.77 | Episode steps: 2500 | Average reward:  1253.85 | Step Count: 10493127 | Episode Q0:    48.12
Episode: 4570/5000 | Episode reward:  1270.15 | Episode steps: 2500 | Average reward:  1251.19 | Step Count: 10495627 | Episode Q0:    48.12
Episode: 4571/5000 | Episode reward:  1268.56 | Episode steps: 2500 | Average reward:  1248.49 | Step Count: 10498127 | Episode Q0:    48.12
Episode: 4572/5000 | Episode reward:  1261.35 | Episode steps: 2500 | Average reward:  1241.62 | Step Count: 10500627 | Episode Q0:    48.12
Episode: 4573/5000 | Episode reward:  1258.73 | Episode steps: 2500 | Average reward:  1240.30 | Step Count: 10503127 | Episode Q0:    48.12
Episode: 4574/5000 | Episode reward:  1256.72 | Episode steps: 2500 | Average reward:  1240.24 | Step Count: 10505627 | Episode Q0:    48.12
Episode: 4575/5000 | Episode reward:  1204.06 | Episode steps: 2500 | Average reward:  1236.14 | Step Count: 10508127 | Episode Q0:    48.12
Episode: 4576/5000 | Episode reward:  1323.06 | Episode steps: 2500 | Average reward:  1240.26 | Step Count: 10510627 | Episode Q0:    48.12
Episode: 4577/5000 | Episode reward:  1261.61 | Episode steps: 2500 | Average reward:  1254.88 | Step Count: 10513127 | Episode Q0:    48.12
Episode: 4578/5000 | Episode reward:  1296.91 | Episode steps: 2500 | Average reward:  1268.49 | Step Count: 10515627 | Episode Q0:    48.12
Episode: 4579/5000 | Episode reward:  1322.80 | Episode steps: 2500 | Average reward:  1272.39 | Step Count: 10518127 | Episode Q0:    48.12
Episode: 4580/5000 | Episode reward:  1285.72 | Episode steps: 2500 | Average reward:  1273.95 | Step Count: 10520627 | Episode Q0:    48.12
Episode: 4581/5000 | Episode reward:  1251.84 | Episode steps: 2500 | Average reward:  1272.28 | Step Count: 10523127 | Episode Q0:    48.12
Episode: 4582/5000 | Episode reward:  1331.72 | Episode steps: 2500 | Average reward:  1279.32 | Step Count: 10525627 | Episode Q0:    48.12
Episode: 4583/5000 | Episode reward:  1317.96 | Episode steps: 2500 | Average reward:  1285.24 | Step Count: 10528127 | Episode Q0:    48.14
Episode: 4584/5000 | Episode reward:  1324.08 | Episode steps: 2500 | Average reward:  1291.98 | Step Count: 10530627 | Episode Q0:    48.14
Episode: 4585/5000 | Episode reward:  1320.19 | Episode steps: 2500 | Average reward:  1303.59 | Step Count: 10533127 | Episode Q0:    48.14
Episode: 4586/5000 | Episode reward:  1245.90 | Episode steps: 2500 | Average reward:  1295.87 | Step Count: 10535627 | Episode Q0:    48.14
Episode: 4587/5000 | Episode reward:  1274.69 | Episode steps: 2500 | Average reward:  1297.18 | Step Count: 10538127 | Episode Q0:    48.14
Episode: 4588/5000 | Episode reward:  1333.02 | Episode steps: 2500 | Average reward:  1300.79 | Step Count: 10540627 | Episode Q0:    48.14
Episode: 4589/5000 | Episode reward:  1265.28 | Episode steps: 2500 | Average reward:  1295.04 | Step Count: 10543127 | Episode Q0:    48.14
Episode: 4590/5000 | Episode reward:  1309.98 | Episode steps: 2500 | Average reward:  1297.47 | Step Count: 10545627 | Episode Q0:    48.14
Episode: 4591/5000 | Episode reward:  1264.87 | Episode steps: 2500 | Average reward:  1298.77 | Step Count: 10548127 | Episode Q0:    48.14
Episode: 4592/5000 | Episode reward:  1230.40 | Episode steps: 2500 | Average reward:  1288.64 | Step Count: 10550627 | Episode Q0:    48.14
Episode: 4593/5000 | Episode reward:  1295.38 | Episode steps: 2500 | Average reward:  1286.38 | Step Count: 10553127 | Episode Q0:    48.14
Episode: 4594/5000 | Episode reward:  1257.97 | Episode steps: 2500 | Average reward:  1279.77 | Step Count: 10555627 | Episode Q0:    48.14
Episode: 4595/5000 | Episode reward:  1256.03 | Episode steps: 2500 | Average reward:  1273.35 | Step Count: 10558127 | Episode Q0:    48.14
Episode: 4596/5000 | Episode reward:  1270.51 | Episode steps: 2500 | Average reward:  1275.81 | Step Count: 10560627 | Episode Q0:    48.14
Episode: 4597/5000 | Episode reward:  1259.42 | Episode steps: 2500 | Average reward:  1274.29 | Step Count: 10563127 | Episode Q0:    48.14
Episode: 4598/5000 | Episode reward:  1289.01 | Episode steps: 2500 | Average reward:  1269.89 | Step Count: 10565627 | Episode Q0:    48.14
Episode: 4599/5000 | Episode reward:  1338.93 | Episode steps: 2500 | Average reward:  1277.25 | Step Count: 10568127 | Episode Q0:    48.14
Episode: 4600/5000 | Episode reward:  1320.48 | Episode steps: 2500 | Average reward:  1278.30 | Step Count: 10570627 | Episode Q0:    48.14
Episode: 4601/5000 | Episode reward:  1311.62 | Episode steps: 2500 | Average reward:  1282.98 | Step Count: 10573127 | Episode Q0:    48.14
Episode: 4602/5000 | Episode reward:  1263.45 | Episode steps: 2500 | Average reward:  1286.28 | Step Count: 10575627 | Episode Q0:    48.14
Episode: 4603/5000 | Episode reward:  1262.17 | Episode steps: 2500 | Average reward:  1282.96 | Step Count: 10578127 | Episode Q0:    48.14
Episode: 4604/5000 | Episode reward:  1290.30 | Episode steps: 2500 | Average reward:  1286.19 | Step Count: 10580627 | Episode Q0:    49.17
Episode: 4605/5000 | Episode reward:  1240.86 | Episode steps: 2500 | Average reward:  1284.68 | Step Count: 10583127 | Episode Q0:    49.17
Episode: 4606/5000 | Episode reward:  1327.69 | Episode steps: 2500 | Average reward:  1290.39 | Step Count: 10585627 | Episode Q0:    49.17
Episode: 4607/5000 | Episode reward:  1304.46 | Episode steps: 2500 | Average reward:  1294.90 | Step Count: 10588127 | Episode Q0:    49.17
Episode: 4608/5000 | Episode reward:  1282.48 | Episode steps: 2500 | Average reward:  1294.24 | Step Count: 10590627 | Episode Q0:    49.17
Episode: 4609/5000 | Episode reward:  1243.35 | Episode steps: 2500 | Average reward:  1284.69 | Step Count: 10593127 | Episode Q0:    49.17
Episode: 4610/5000 | Episode reward:  1308.66 | Episode steps: 2500 | Average reward:  1283.50 | Step Count: 10595627 | Episode Q0:    49.17
Episode: 4611/5000 | Episode reward:  1306.52 | Episode steps: 2500 | Average reward:  1282.99 | Step Count: 10598127 | Episode Q0:    49.17
Episode: 4612/5000 | Episode reward:  1312.90 | Episode steps: 2500 | Average reward:  1287.94 | Step Count: 10600627 | Episode Q0:    49.17
Episode: 4613/5000 | Episode reward:  1262.88 | Episode steps: 2500 | Average reward:  1288.01 | Step Count: 10603127 | Episode Q0:    49.17
Episode: 4614/5000 | Episode reward:  1276.81 | Episode steps: 2500 | Average reward:  1286.66 | Step Count: 10605627 | Episode Q0:    49.17
Episode: 4615/5000 | Episode reward:  1294.22 | Episode steps: 2500 | Average reward:  1292.00 | Step Count: 10608127 | Episode Q0:    49.17
Episode: 4616/5000 | Episode reward:  1248.92 | Episode steps: 2500 | Average reward:  1284.12 | Step Count: 10610627 | Episode Q0:    49.17
Episode: 4617/5000 | Episode reward:  1262.43 | Episode steps: 2500 | Average reward:  1279.92 | Step Count: 10613127 | Episode Q0:    49.17
Episode: 4618/5000 | Episode reward:  1266.31 | Episode steps: 2500 | Average reward:  1278.30 | Step Count: 10615627 | Episode Q0:    49.17
Episode: 4619/5000 | Episode reward:  1243.33 | Episode steps: 2500 | Average reward:  1278.30 | Step Count: 10618127 | Episode Q0:    49.17
Episode: 4620/5000 | Episode reward:  1254.57 | Episode steps: 2500 | Average reward:  1272.89 | Step Count: 10620627 | Episode Q0:    49.17
Episode: 4621/5000 | Episode reward:  1264.31 | Episode steps: 2500 | Average reward:  1268.67 | Step Count: 10623127 | Episode Q0:    49.17
Episode: 4622/5000 | Episode reward:  1257.27 | Episode steps: 2500 | Average reward:  1263.11 | Step Count: 10625627 | Episode Q0:    49.17
Episode: 4623/5000 | Episode reward:  1127.76 | Episode steps: 2500 | Average reward:  1249.59 | Step Count: 10628127 | Episode Q0:    49.17
Episode: 4624/5000 | Episode reward:  1234.96 | Episode steps: 2500 | Average reward:  1245.41 | Step Count: 10630627 | Episode Q0:    49.17
Episode: 4625/5000 | Episode reward:  1304.25 | Episode steps: 2500 | Average reward:  1246.41 | Step Count: 10633127 | Episode Q0:    49.17
Episode: 4626/5000 | Episode reward:  1266.66 | Episode steps: 2500 | Average reward:  1248.19 | Step Count: 10635627 | Episode Q0:    49.17
Episode: 4627/5000 | Episode reward:  1288.91 | Episode steps: 2500 | Average reward:  1250.83 | Step Count: 10638127 | Episode Q0:    48.01
Episode: 4628/5000 | Episode reward:  1278.84 | Episode steps: 2500 | Average reward:  1252.09 | Step Count: 10640627 | Episode Q0:    48.01
Episode: 4629/5000 | Episode reward:  1268.47 | Episode steps: 2500 | Average reward:  1254.60 | Step Count: 10643127 | Episode Q0:    48.01
Episode: 4630/5000 | Episode reward:  1294.08 | Episode steps: 2500 | Average reward:  1258.55 | Step Count: 10645627 | Episode Q0:    48.01
Episode: 4631/5000 | Episode reward:  1227.91 | Episode steps: 2500 | Average reward:  1254.91 | Step Count: 10648127 | Episode Q0:    48.01
Episode: 4632/5000 | Episode reward:  1241.50 | Episode steps: 2500 | Average reward:  1253.33 | Step Count: 10650627 | Episode Q0:    48.01
Episode: 4633/5000 | Episode reward:  1258.96 | Episode steps: 2500 | Average reward:  1266.45 | Step Count: 10653127 | Episode Q0:    48.01
Episode: 4634/5000 | Episode reward:  1328.77 | Episode steps: 2500 | Average reward:  1275.83 | Step Count: 10655627 | Episode Q0:    48.01
Episode: 4635/5000 | Episode reward:  1268.30 | Episode steps: 2500 | Average reward:  1272.24 | Step Count: 10658127 | Episode Q0:    48.01
Episode: 4636/5000 | Episode reward:  1318.47 | Episode steps: 2500 | Average reward:  1277.42 | Step Count: 10660627 | Episode Q0:    48.01
Episode: 4637/5000 | Episode reward:  1254.60 | Episode steps: 2500 | Average reward:  1273.99 | Step Count: 10663127 | Episode Q0:    48.01
Episode: 4638/5000 | Episode reward:  1278.77 | Episode steps: 2500 | Average reward:  1273.98 | Step Count: 10665627 | Episode Q0:    48.01
Episode: 4639/5000 | Episode reward:  1301.06 | Episode steps: 2500 | Average reward:  1277.24 | Step Count: 10668127 | Episode Q0:    48.01
Episode: 4640/5000 | Episode reward:  1150.24 | Episode steps: 2500 | Average reward:  1262.86 | Step Count: 10670627 | Episode Q0:    48.01
Episode: 4641/5000 | Episode reward:  1276.77 | Episode steps: 2500 | Average reward:  1267.74 | Step Count: 10673127 | Episode Q0:    48.01
Episode: 4642/5000 | Episode reward:  1281.16 | Episode steps: 2500 | Average reward:  1271.71 | Step Count: 10675627 | Episode Q0:    48.01
Episode: 4643/5000 | Episode reward:  1327.70 | Episode steps: 2500 | Average reward:  1278.58 | Step Count: 10678127 | Episode Q0:    48.01
Episode: 4644/5000 | Episode reward:  1293.09 | Episode steps: 2500 | Average reward:  1275.02 | Step Count: 10680627 | Episode Q0:    48.01
Episode: 4645/5000 | Episode reward:  1297.39 | Episode steps: 2500 | Average reward:  1277.92 | Step Count: 10683127 | Episode Q0:    48.01
Episode: 4646/5000 | Episode reward:  1279.91 | Episode steps: 2500 | Average reward:  1274.07 | Step Count: 10685627 | Episode Q0:    48.01
Episode: 4647/5000 | Episode reward:  1093.87 | Episode steps: 2500 | Average reward:  1258.00 | Step Count: 10688127 | Episode Q0:    48.01
Episode: 4648/5000 | Episode reward:  1303.58 | Episode steps: 2500 | Average reward:  1260.48 | Step Count: 10690627 | Episode Q0:    49.00
Episode: 4649/5000 | Episode reward:  1304.50 | Episode steps: 2500 | Average reward:  1260.82 | Step Count: 10693127 | Episode Q0:    49.00
Episode: 4650/5000 | Episode reward:  1320.55 | Episode steps: 2500 | Average reward:  1277.85 | Step Count: 10695627 | Episode Q0:    49.00
Episode: 4651/5000 | Episode reward:  1323.09 | Episode steps: 2500 | Average reward:  1282.48 | Step Count: 10698127 | Episode Q0:    49.00
Episode: 4652/5000 | Episode reward:  1269.05 | Episode steps: 2500 | Average reward:  1281.27 | Step Count: 10700627 | Episode Q0:    49.00
Episode: 4653/5000 | Episode reward:  1277.48 | Episode steps: 2500 | Average reward:  1276.25 | Step Count: 10703127 | Episode Q0:    49.00
Episode: 4654/5000 | Episode reward:  1251.04 | Episode steps: 2500 | Average reward:  1272.05 | Step Count: 10705627 | Episode Q0:    49.00
Episode: 4655/5000 | Episode reward:  1238.70 | Episode steps: 2500 | Average reward:  1266.18 | Step Count: 10708127 | Episode Q0:    49.00
Episode: 4656/5000 | Episode reward:  1156.79 | Episode steps: 2500 | Average reward:  1253.86 | Step Count: 10710627 | Episode Q0:    49.00
Episode: 4657/5000 | Episode reward:  1266.11 | Episode steps: 2500 | Average reward:  1271.09 | Step Count: 10713127 | Episode Q0:    49.00
Episode: 4658/5000 | Episode reward:  1311.63 | Episode steps: 2500 | Average reward:  1271.89 | Step Count: 10715627 | Episode Q0:    49.00
Episode: 4659/5000 | Episode reward:  1259.07 | Episode steps: 2500 | Average reward:  1267.35 | Step Count: 10718127 | Episode Q0:    49.00
Episode: 4660/5000 | Episode reward:  1254.78 | Episode steps: 2500 | Average reward:  1260.77 | Step Count: 10720627 | Episode Q0:    49.00
Episode: 4661/5000 | Episode reward:  1300.91 | Episode steps: 2500 | Average reward:  1258.56 | Step Count: 10723127 | Episode Q0:    49.00
Episode: 4662/5000 | Episode reward:  1303.82 | Episode steps: 2500 | Average reward:  1262.03 | Step Count: 10725627 | Episode Q0:    49.00
Episode: 4663/5000 | Episode reward:  1225.41 | Episode steps: 2500 | Average reward:  1256.83 | Step Count: 10728127 | Episode Q0:    49.00
Episode: 4664/5000 | Episode reward:  1259.72 | Episode steps: 2500 | Average reward:  1257.70 | Step Count: 10730627 | Episode Q0:    49.00
Episode: 4665/5000 | Episode reward:  1257.99 | Episode steps: 2500 | Average reward:  1259.62 | Step Count: 10733127 | Episode Q0:    49.00
Episode: 4666/5000 | Episode reward:  1231.56 | Episode steps: 2500 | Average reward:  1267.10 | Step Count: 10735627 | Episode Q0:    49.00
Episode: 4667/5000 | Episode reward:  1225.47 | Episode steps: 2500 | Average reward:  1263.04 | Step Count: 10738127 | Episode Q0:    49.00
Episode: 4668/5000 | Episode reward:  1259.39 | Episode steps: 2500 | Average reward:  1257.81 | Step Count: 10740627 | Episode Q0:    49.00
Episode: 4669/5000 | Episode reward:  1326.30 | Episode steps: 2500 | Average reward:  1264.54 | Step Count: 10743127 | Episode Q0:    49.00
Episode: 4670/5000 | Episode reward:  1247.60 | Episode steps: 2500 | Average reward:  1263.82 | Step Count: 10745627 | Episode Q0:    49.00
Episode: 4671/5000 | Episode reward:  1269.06 | Episode steps: 2500 | Average reward:  1260.63 | Step Count: 10748127 | Episode Q0:    48.84
Episode: 4672/5000 | Episode reward:  1084.52 | Episode steps: 2500 | Average reward:  1238.70 | Step Count: 10750627 | Episode Q0:    48.84
Episode: 4673/5000 | Episode reward:  1217.22 | Episode steps: 2500 | Average reward:  1237.88 | Step Count: 10753127 | Episode Q0:    48.84
Episode: 4674/5000 | Episode reward:  1326.20 | Episode steps: 2500 | Average reward:  1244.53 | Step Count: 10755627 | Episode Q0:    48.84
Episode: 4675/5000 | Episode reward:  1315.83 | Episode steps: 2500 | Average reward:  1250.31 | Step Count: 10758127 | Episode Q0:    48.84
Episode: 4676/5000 | Episode reward:  1251.26 | Episode steps: 2500 | Average reward:  1252.28 | Step Count: 10760627 | Episode Q0:    48.84
Episode: 4677/5000 | Episode reward:  1307.50 | Episode steps: 2500 | Average reward:  1260.49 | Step Count: 10763127 | Episode Q0:    48.84
Episode: 4678/5000 | Episode reward:  1285.72 | Episode steps: 2500 | Average reward:  1263.12 | Step Count: 10765627 | Episode Q0:    48.84
Episode: 4679/5000 | Episode reward:  1304.09 | Episode steps: 2500 | Average reward:  1260.90 | Step Count: 10768127 | Episode Q0:    48.84
Episode: 4680/5000 | Episode reward:  1328.18 | Episode steps: 2500 | Average reward:  1268.96 | Step Count: 10770627 | Episode Q0:    48.84
Episode: 4681/5000 | Episode reward:  1318.59 | Episode steps: 2500 | Average reward:  1273.91 | Step Count: 10773127 | Episode Q0:    48.84
Episode: 4682/5000 | Episode reward:  1277.02 | Episode steps: 2500 | Average reward:  1293.16 | Step Count: 10775627 | Episode Q0:    48.84
Episode: 4683/5000 | Episode reward:  1236.53 | Episode steps: 2500 | Average reward:  1295.09 | Step Count: 10778127 | Episode Q0:    48.84
Episode: 4684/5000 | Episode reward:  1238.83 | Episode steps: 2500 | Average reward:  1286.35 | Step Count: 10780627 | Episode Q0:    48.84
Episode: 4685/5000 | Episode reward:  1312.74 | Episode steps: 2500 | Average reward:  1286.05 | Step Count: 10783127 | Episode Q0:    48.84
Episode: 4686/5000 | Episode reward:  1312.77 | Episode steps: 2500 | Average reward:  1292.20 | Step Count: 10785627 | Episode Q0:    48.84
Episode: 4687/5000 | Episode reward:  1241.68 | Episode steps: 2500 | Average reward:  1285.61 | Step Count: 10788127 | Episode Q0:    48.84
Episode: 4688/5000 | Episode reward:  1251.25 | Episode steps: 2500 | Average reward:  1282.17 | Step Count: 10790627 | Episode Q0:    48.84
Episode: 4689/5000 | Episode reward:  1266.81 | Episode steps: 2500 | Average reward:  1278.44 | Step Count: 10793127 | Episode Q0:    48.84
Episode: 4690/5000 | Episode reward:  1308.29 | Episode steps: 2500 | Average reward:  1276.45 | Step Count: 10795627 | Episode Q0:    48.84
Episode: 4691/5000 | Episode reward:  1295.90 | Episode steps: 2500 | Average reward:  1274.18 | Step Count: 10798127 | Episode Q0:    48.84
Episode: 4692/5000 | Episode reward:  1277.84 | Episode steps: 2500 | Average reward:  1274.26 | Step Count: 10800627 | Episode Q0:    48.80
Episode: 4693/5000 | Episode reward:  1268.93 | Episode steps: 2500 | Average reward:  1277.50 | Step Count: 10803127 | Episode Q0:    48.80
Episode: 4694/5000 | Episode reward:  1264.22 | Episode steps: 2500 | Average reward:  1280.04 | Step Count: 10805627 | Episode Q0:    48.80
Episode: 4695/5000 | Episode reward:  1285.64 | Episode steps: 2500 | Average reward:  1277.33 | Step Count: 10808127 | Episode Q0:    48.80
Episode: 4696/5000 | Episode reward:  1323.54 | Episode steps: 2500 | Average reward:  1278.41 | Step Count: 10810627 | Episode Q0:    48.80
Episode: 4697/5000 | Episode reward:  1271.57 | Episode steps: 2500 | Average reward:  1281.40 | Step Count: 10813127 | Episode Q0:    48.80
Episode: 4698/5000 | Episode reward:  1187.58 | Episode steps: 2500 | Average reward:  1275.03 | Step Count: 10815627 | Episode Q0:    48.80
Episode: 4699/5000 | Episode reward:  1265.92 | Episode steps: 2500 | Average reward:  1274.94 | Step Count: 10818127 | Episode Q0:    48.80
Episode: 4700/5000 | Episode reward:  1266.08 | Episode steps: 2500 | Average reward:  1270.72 | Step Count: 10820627 | Episode Q0:    48.80
Episode: 4701/5000 | Episode reward:  1268.90 | Episode steps: 2500 | Average reward:  1268.02 | Step Count: 10823127 | Episode Q0:    48.80
Episode: 4702/5000 | Episode reward:  1264.91 | Episode steps: 2500 | Average reward:  1266.73 | Step Count: 10825627 | Episode Q0:    48.80
Episode: 4703/5000 | Episode reward:  1282.07 | Episode steps: 2500 | Average reward:  1268.04 | Step Count: 10828127 | Episode Q0:    48.80
Episode: 4704/5000 | Episode reward:  1328.30 | Episode steps: 2500 | Average reward:  1274.45 | Step Count: 10830627 | Episode Q0:    48.80
Episode: 4705/5000 | Episode reward:  1313.24 | Episode steps: 2500 | Average reward:  1277.21 | Step Count: 10833127 | Episode Q0:    48.80
Episode: 4706/5000 | Episode reward:  1296.42 | Episode steps: 2500 | Average reward:  1274.50 | Step Count: 10835627 | Episode Q0:    48.80
Episode: 4707/5000 | Episode reward:  1265.71 | Episode steps: 2500 | Average reward:  1273.91 | Step Count: 10838127 | Episode Q0:    48.80
Episode: 4708/5000 | Episode reward:  1318.66 | Episode steps: 2500 | Average reward:  1287.02 | Step Count: 10840627 | Episode Q0:    48.80
Episode: 4709/5000 | Episode reward:  1275.36 | Episode steps: 2500 | Average reward:  1287.97 | Step Count: 10843127 | Episode Q0:    48.80
Episode: 4710/5000 | Episode reward:  1287.24 | Episode steps: 2500 | Average reward:  1290.08 | Step Count: 10845627 | Episode Q0:    48.80
Episode: 4711/5000 | Episode reward:  1288.99 | Episode steps: 2500 | Average reward:  1292.09 | Step Count: 10848127 | Episode Q0:    48.80
Episode: 4712/5000 | Episode reward:  1260.25 | Episode steps: 2500 | Average reward:  1291.62 | Step Count: 10850627 | Episode Q0:    48.80
Episode: 4713/5000 | Episode reward:  1336.79 | Episode steps: 2500 | Average reward:  1297.10 | Step Count: 10853127 | Episode Q0:    48.80
Episode: 4714/5000 | Episode reward:  1253.35 | Episode steps: 2500 | Average reward:  1289.60 | Step Count: 10855627 | Episode Q0:    48.80
Episode: 4715/5000 | Episode reward:  1259.83 | Episode steps: 2500 | Average reward:  1284.26 | Step Count: 10858127 | Episode Q0:    48.75
Episode: 4716/5000 | Episode reward:  1256.47 | Episode steps: 2500 | Average reward:  1280.26 | Step Count: 10860627 | Episode Q0:    48.75
Episode: 4717/5000 | Episode reward:  1279.51 | Episode steps: 2500 | Average reward:  1281.64 | Step Count: 10863127 | Episode Q0:    48.75
Episode: 4718/5000 | Episode reward:  1254.45 | Episode steps: 2500 | Average reward:  1275.22 | Step Count: 10865627 | Episode Q0:    48.75
Episode: 4719/5000 | Episode reward:  1253.48 | Episode steps: 2500 | Average reward:  1273.04 | Step Count: 10868127 | Episode Q0:    48.75
Episode: 4720/5000 | Episode reward:  1253.27 | Episode steps: 2500 | Average reward:  1269.64 | Step Count: 10870627 | Episode Q0:    48.75
Episode: 4721/5000 | Episode reward:  1260.72 | Episode steps: 2500 | Average reward:  1266.81 | Step Count: 10873127 | Episode Q0:    48.75
Episode: 4722/5000 | Episode reward:  1244.30 | Episode steps: 2500 | Average reward:  1265.22 | Step Count: 10875627 | Episode Q0:    48.75
Episode: 4723/5000 | Episode reward:  1272.62 | Episode steps: 2500 | Average reward:  1258.80 | Step Count: 10878127 | Episode Q0:    48.75
Episode: 4724/5000 | Episode reward:  1254.18 | Episode steps: 2500 | Average reward:  1258.88 | Step Count: 10880627 | Episode Q0:    48.75
Episode: 4725/5000 | Episode reward:  1233.73 | Episode steps: 2500 | Average reward:  1256.27 | Step Count: 10883127 | Episode Q0:    48.75
Episode: 4726/5000 | Episode reward:  1268.28 | Episode steps: 2500 | Average reward:  1257.45 | Step Count: 10885627 | Episode Q0:    48.75
Episode: 4727/5000 | Episode reward:  1298.83 | Episode steps: 2500 | Average reward:  1259.39 | Step Count: 10888127 | Episode Q0:    48.75
Episode: 4728/5000 | Episode reward:  1245.72 | Episode steps: 2500 | Average reward:  1258.51 | Step Count: 10890627 | Episode Q0:    48.75
Episode: 4729/5000 | Episode reward:  1229.97 | Episode steps: 2500 | Average reward:  1256.16 | Step Count: 10893127 | Episode Q0:    48.75
Episode: 4730/5000 | Episode reward:  1312.90 | Episode steps: 2500 | Average reward:  1262.12 | Step Count: 10895627 | Episode Q0:    48.75
Episode: 4731/5000 | Episode reward:  1321.55 | Episode steps: 2500 | Average reward:  1268.21 | Step Count: 10898127 | Episode Q0:    48.75
Episode: 4732/5000 | Episode reward:  1260.72 | Episode steps: 2500 | Average reward:  1269.85 | Step Count: 10900627 | Episode Q0:    48.75
Episode: 4733/5000 | Episode reward:  1258.11 | Episode steps: 2500 | Average reward:  1268.40 | Step Count: 10903127 | Episode Q0:    48.75
Episode: 4734/5000 | Episode reward:  1318.88 | Episode steps: 2500 | Average reward:  1274.87 | Step Count: 10905627 | Episode Q0:    48.75
Episode: 4735/5000 | Episode reward:  1265.17 | Episode steps: 2500 | Average reward:  1278.01 | Step Count: 10908127 | Episode Q0:    48.75
Episode: 4736/5000 | Episode reward:  1275.89 | Episode steps: 2500 | Average reward:  1278.77 | Step Count: 10910627 | Episode Q0:    47.81
Episode: 4737/5000 | Episode reward:  1266.14 | Episode steps: 2500 | Average reward:  1275.50 | Step Count: 10913127 | Episode Q0:    47.81
Episode: 4738/5000 | Episode reward:  1245.02 | Episode steps: 2500 | Average reward:  1275.43 | Step Count: 10915627 | Episode Q0:    47.81
Episode: 4739/5000 | Episode reward:  1271.11 | Episode steps: 2500 | Average reward:  1279.55 | Step Count: 10918127 | Episode Q0:    47.81
Episode: 4740/5000 | Episode reward:  1272.72 | Episode steps: 2500 | Average reward:  1275.53 | Step Count: 10920627 | Episode Q0:    47.81
Episode: 4741/5000 | Episode reward:  1252.84 | Episode steps: 2500 | Average reward:  1268.66 | Step Count: 10923127 | Episode Q0:    47.81
Episode: 4742/5000 | Episode reward:  1237.60 | Episode steps: 2500 | Average reward:  1266.35 | Step Count: 10925627 | Episode Q0:    47.81
Episode: 4743/5000 | Episode reward:  1261.25 | Episode steps: 2500 | Average reward:  1266.66 | Step Count: 10928127 | Episode Q0:    47.81
Episode: 4744/5000 | Episode reward:  1333.45 | Episode steps: 2500 | Average reward:  1268.12 | Step Count: 10930627 | Episode Q0:    47.81
Episode: 4745/5000 | Episode reward:  1265.98 | Episode steps: 2500 | Average reward:  1268.20 | Step Count: 10933127 | Episode Q0:    47.81
Episode: 4746/5000 | Episode reward:  1175.44 | Episode steps: 2500 | Average reward:  1258.15 | Step Count: 10935627 | Episode Q0:    47.81
Episode: 4747/5000 | Episode reward:  1279.66 | Episode steps: 2500 | Average reward:  1259.51 | Step Count: 10938127 | Episode Q0:    47.81
Episode: 4748/5000 | Episode reward:  1320.00 | Episode steps: 2500 | Average reward:  1267.01 | Step Count: 10940627 | Episode Q0:    47.81
Episode: 4749/5000 | Episode reward:  1239.68 | Episode steps: 2500 | Average reward:  1263.86 | Step Count: 10943127 | Episode Q0:    47.81
Episode: 4750/5000 | Episode reward:  1238.55 | Episode steps: 2500 | Average reward:  1260.45 | Step Count: 10945627 | Episode Q0:    47.81
Episode: 4751/5000 | Episode reward:  1276.98 | Episode steps: 2500 | Average reward:  1262.86 | Step Count: 10948127 | Episode Q0:    47.81
Episode: 4752/5000 | Episode reward:  1308.89 | Episode steps: 2500 | Average reward:  1269.99 | Step Count: 10950627 | Episode Q0:    47.81
Episode: 4753/5000 | Episode reward:  1256.09 | Episode steps: 2500 | Average reward:  1269.47 | Step Count: 10953127 | Episode Q0:    47.81
Episode: 4754/5000 | Episode reward:  1328.05 | Episode steps: 2500 | Average reward:  1268.93 | Step Count: 10955627 | Episode Q0:    47.81
Episode: 4755/5000 | Episode reward:  1269.34 | Episode steps: 2500 | Average reward:  1269.27 | Step Count: 10958127 | Episode Q0:    47.81
Episode: 4756/5000 | Episode reward:  1304.75 | Episode steps: 2500 | Average reward:  1282.20 | Step Count: 10960627 | Episode Q0:    47.81
Episode: 4757/5000 | Episode reward:  1255.89 | Episode steps: 2500 | Average reward:  1279.82 | Step Count: 10963127 | Episode Q0:    47.81
Episode: 4758/5000 | Episode reward:  1194.20 | Episode steps: 2500 | Average reward:  1267.24 | Step Count: 10965627 | Episode Q0:    47.81
Episode: 4759/5000 | Episode reward:  1313.10 | Episode steps: 2500 | Average reward:  1274.58 | Step Count: 10968127 | Episode Q0:    48.45
Episode: 4760/5000 | Episode reward:  1274.63 | Episode steps: 2500 | Average reward:  1278.19 | Step Count: 10970627 | Episode Q0:    48.45
Episode: 4761/5000 | Episode reward:  1259.88 | Episode steps: 2500 | Average reward:  1276.48 | Step Count: 10973127 | Episode Q0:    48.45
Episode: 4762/5000 | Episode reward:  1256.64 | Episode steps: 2500 | Average reward:  1271.26 | Step Count: 10975627 | Episode Q0:    48.45
Episode: 4763/5000 | Episode reward:  1223.07 | Episode steps: 2500 | Average reward:  1267.96 | Step Count: 10978127 | Episode Q0:    48.45
Episode: 4764/5000 | Episode reward:  1224.87 | Episode steps: 2500 | Average reward:  1257.64 | Step Count: 10980627 | Episode Q0:    48.45
Episode: 4765/5000 | Episode reward:  1247.11 | Episode steps: 2500 | Average reward:  1255.41 | Step Count: 10983127 | Episode Q0:    48.45
Episode: 4766/5000 | Episode reward:  1266.84 | Episode steps: 2500 | Average reward:  1251.62 | Step Count: 10985627 | Episode Q0:    48.45
Episode: 4767/5000 | Episode reward:  1324.09 | Episode steps: 2500 | Average reward:  1258.44 | Step Count: 10988127 | Episode Q0:    48.45
Episode: 4768/5000 | Episode reward:  1329.45 | Episode steps: 2500 | Average reward:  1271.97 | Step Count: 10990627 | Episode Q0:    48.45
Episode: 4769/5000 | Episode reward:  1254.30 | Episode steps: 2500 | Average reward:  1266.09 | Step Count: 10993127 | Episode Q0:    48.45
Episode: 4770/5000 | Episode reward:  1257.11 | Episode steps: 2500 | Average reward:  1264.34 | Step Count: 10995627 | Episode Q0:    48.45
Episode: 4771/5000 | Episode reward:  1260.95 | Episode steps: 2500 | Average reward:  1264.44 | Step Count: 10998127 | Episode Q0:    48.45
Episode: 4772/5000 | Episode reward:  1278.51 | Episode steps: 2500 | Average reward:  1266.63 | Step Count: 11000627 | Episode Q0:    48.45
Episode: 4773/5000 | Episode reward:  1261.09 | Episode steps: 2500 | Average reward:  1270.43 | Step Count: 11003127 | Episode Q0:    48.45
Episode: 4774/5000 | Episode reward:  1335.13 | Episode steps: 2500 | Average reward:  1281.46 | Step Count: 11005627 | Episode Q0:    48.45
Episode: 4775/5000 | Episode reward:  1281.19 | Episode steps: 2500 | Average reward:  1284.87 | Step Count: 11008127 | Episode Q0:    48.45
Episode: 4776/5000 | Episode reward:  1233.40 | Episode steps: 2500 | Average reward:  1281.52 | Step Count: 11010627 | Episode Q0:    48.45
Episode: 4777/5000 | Episode reward:  1302.56 | Episode steps: 2500 | Average reward:  1279.37 | Step Count: 11013127 | Episode Q0:    48.45
Episode: 4778/5000 | Episode reward:  1272.24 | Episode steps: 2500 | Average reward:  1273.65 | Step Count: 11015627 | Episode Q0:    48.45
Episode: 4779/5000 | Episode reward:  1247.52 | Episode steps: 2500 | Average reward:  1272.97 | Step Count: 11018127 | Episode Q0:    48.45
Episode: 4780/5000 | Episode reward:  1278.16 | Episode steps: 2500 | Average reward:  1275.07 | Step Count: 11020627 | Episode Q0:    48.20
Episode: 4781/5000 | Episode reward:  1243.44 | Episode steps: 2500 | Average reward:  1273.32 | Step Count: 11023127 | Episode Q0:    48.20
Episode: 4782/5000 | Episode reward:  1304.87 | Episode steps: 2500 | Average reward:  1275.96 | Step Count: 11025627 | Episode Q0:    48.20
Episode: 4783/5000 | Episode reward:  1271.55 | Episode steps: 2500 | Average reward:  1277.01 | Step Count: 11028127 | Episode Q0:    48.20
Episode: 4784/5000 | Episode reward:  1145.45 | Episode steps: 2500 | Average reward:  1258.04 | Step Count: 11030627 | Episode Q0:    48.20
Episode: 4785/5000 | Episode reward:  1268.29 | Episode steps: 2500 | Average reward:  1256.75 | Step Count: 11033127 | Episode Q0:    48.20
Episode: 4786/5000 | Episode reward:  1267.99 | Episode steps: 2500 | Average reward:  1260.21 | Step Count: 11035627 | Episode Q0:    48.20
Episode: 4787/5000 | Episode reward:  1261.90 | Episode steps: 2500 | Average reward:  1256.14 | Step Count: 11038127 | Episode Q0:    48.20
Episode: 4788/5000 | Episode reward:  1301.41 | Episode steps: 2500 | Average reward:  1259.06 | Step Count: 11040627 | Episode Q0:    48.20
Episode: 4789/5000 | Episode reward:  1307.89 | Episode steps: 2500 | Average reward:  1265.09 | Step Count: 11043127 | Episode Q0:    48.20
Episode: 4790/5000 | Episode reward:  1266.39 | Episode steps: 2500 | Average reward:  1263.92 | Step Count: 11045627 | Episode Q0:    48.20
Episode: 4791/5000 | Episode reward:  1225.71 | Episode steps: 2500 | Average reward:  1262.14 | Step Count: 11048127 | Episode Q0:    48.20
Episode: 4792/5000 | Episode reward:  1276.34 | Episode steps: 2500 | Average reward:  1259.29 | Step Count: 11050627 | Episode Q0:    48.20
Episode: 4793/5000 | Episode reward:  1261.67 | Episode steps: 2500 | Average reward:  1258.30 | Step Count: 11053127 | Episode Q0:    48.20
Episode: 4794/5000 | Episode reward:  1269.43 | Episode steps: 2500 | Average reward:  1270.70 | Step Count: 11055627 | Episode Q0:    48.20
Episode: 4795/5000 | Episode reward:  1249.55 | Episode steps: 2500 | Average reward:  1268.83 | Step Count: 11058127 | Episode Q0:    48.20
Episode: 4796/5000 | Episode reward:  1343.40 | Episode steps: 2500 | Average reward:  1276.37 | Step Count: 11060627 | Episode Q0:    48.20
Episode: 4797/5000 | Episode reward:   984.51 | Episode steps: 2500 | Average reward:  1248.63 | Step Count: 11063127 | Episode Q0:    48.20
Episode: 4798/5000 | Episode reward:  1225.91 | Episode steps: 2500 | Average reward:  1241.08 | Step Count: 11065627 | Episode Q0:    48.20
Episode: 4799/5000 | Episode reward:  1271.99 | Episode steps: 2500 | Average reward:  1237.49 | Step Count: 11068127 | Episode Q0:    48.20
Episode: 4800/5000 | Episode reward:  1295.63 | Episode steps: 2500 | Average reward:  1240.41 | Step Count: 11070627 | Episode Q0:    48.20
Episode: 4801/5000 | Episode reward:  1159.93 | Episode steps: 2500 | Average reward:  1233.83 | Step Count: 11073127 | Episode Q0:    48.20
Episode: 4802/5000 | Episode reward:  1097.73 | Episode steps: 2500 | Average reward:  1215.97 | Step Count: 11075627 | Episode Q0:    48.20
Episode: 4803/5000 | Episode reward:  1288.13 | Episode steps: 2500 | Average reward:  1218.62 | Step Count: 11078127 | Episode Q0:    48.24
Episode: 4804/5000 | Episode reward:  1270.34 | Episode steps: 2500 | Average reward:  1218.71 | Step Count: 11080627 | Episode Q0:    48.24
Episode: 4805/5000 | Episode reward:  1276.52 | Episode steps: 2500 | Average reward:  1221.41 | Step Count: 11083127 | Episode Q0:    48.24
Episode: 4806/5000 | Episode reward:  1322.30 | Episode steps: 2500 | Average reward:  1219.30 | Step Count: 11085627 | Episode Q0:    48.24
Episode: 4807/5000 | Episode reward:  1270.20 | Episode steps: 2500 | Average reward:  1247.87 | Step Count: 11088127 | Episode Q0:    48.24
Episode: 4808/5000 | Episode reward:  1281.54 | Episode steps: 2500 | Average reward:  1253.43 | Step Count: 11090627 | Episode Q0:    48.24
Episode: 4809/5000 | Episode reward:  1288.49 | Episode steps: 2500 | Average reward:  1255.08 | Step Count: 11093127 | Episode Q0:    48.24
Episode: 4810/5000 | Episode reward:  1266.49 | Episode steps: 2500 | Average reward:  1252.17 | Step Count: 11095627 | Episode Q0:    48.24
Episode: 4811/5000 | Episode reward:  1271.26 | Episode steps: 2500 | Average reward:  1263.30 | Step Count: 11098127 | Episode Q0:    48.24
Episode: 4812/5000 | Episode reward:  1265.53 | Episode steps: 2500 | Average reward:  1280.08 | Step Count: 11100627 | Episode Q0:    48.24
Episode: 4813/5000 | Episode reward:  1286.58 | Episode steps: 2500 | Average reward:  1279.93 | Step Count: 11103127 | Episode Q0:    48.24
Episode: 4814/5000 | Episode reward:  1238.85 | Episode steps: 2500 | Average reward:  1276.78 | Step Count: 11105627 | Episode Q0:    48.24
Episode: 4815/5000 | Episode reward:  1276.56 | Episode steps: 2500 | Average reward:  1276.78 | Step Count: 11108127 | Episode Q0:    48.24
Episode: 4816/5000 | Episode reward:  1274.48 | Episode steps: 2500 | Average reward:  1272.00 | Step Count: 11110627 | Episode Q0:    48.24
Episode: 4817/5000 | Episode reward:  1259.34 | Episode steps: 2500 | Average reward:  1270.91 | Step Count: 11113127 | Episode Q0:    48.24
Episode: 4818/5000 | Episode reward:  1279.50 | Episode steps: 2500 | Average reward:  1270.71 | Step Count: 11115627 | Episode Q0:    48.24
Episode: 4819/5000 | Episode reward:  1257.75 | Episode steps: 2500 | Average reward:  1267.64 | Step Count: 11118127 | Episode Q0:    48.24
Episode: 4820/5000 | Episode reward:  1340.57 | Episode steps: 2500 | Average reward:  1275.04 | Step Count: 11120627 | Episode Q0:    48.24
Episode: 4821/5000 | Episode reward:  1289.09 | Episode steps: 2500 | Average reward:  1276.83 | Step Count: 11123127 | Episode Q0:    48.24
Episode: 4822/5000 | Episode reward:  1274.62 | Episode steps: 2500 | Average reward:  1277.74 | Step Count: 11125627 | Episode Q0:    48.24
Episode: 4823/5000 | Episode reward:  1255.94 | Episode steps: 2500 | Average reward:  1274.67 | Step Count: 11128127 | Episode Q0:    48.24
Episode: 4824/5000 | Episode reward:  1275.27 | Episode steps: 2500 | Average reward:  1278.31 | Step Count: 11130627 | Episode Q0:    48.47
Episode: 4825/5000 | Episode reward:  1284.12 | Episode steps: 2500 | Average reward:  1279.07 | Step Count: 11133127 | Episode Q0:    48.47
Episode: 4826/5000 | Episode reward:  1249.25 | Episode steps: 2500 | Average reward:  1276.55 | Step Count: 11135627 | Episode Q0:    48.47
Episode: 4827/5000 | Episode reward:  1229.89 | Episode steps: 2500 | Average reward:  1273.60 | Step Count: 11138127 | Episode Q0:    48.47
Episode: 4828/5000 | Episode reward:  1258.33 | Episode steps: 2500 | Average reward:  1271.48 | Step Count: 11140627 | Episode Q0:    48.47
Episode: 4829/5000 | Episode reward:  1117.51 | Episode steps: 2500 | Average reward:  1257.46 | Step Count: 11143127 | Episode Q0:    48.47
Episode: 4830/5000 | Episode reward:  1286.65 | Episode steps: 2500 | Average reward:  1252.07 | Step Count: 11145627 | Episode Q0:    48.47
Episode: 4831/5000 | Episode reward:  1261.76 | Episode steps: 2500 | Average reward:  1249.33 | Step Count: 11148127 | Episode Q0:    48.47
Episode: 4832/5000 | Episode reward:  1285.10 | Episode steps: 2500 | Average reward:  1250.38 | Step Count: 11150627 | Episode Q0:    48.47
Episode: 4833/5000 | Episode reward:  1220.14 | Episode steps: 2500 | Average reward:  1246.80 | Step Count: 11153127 | Episode Q0:    48.47
Episode: 4834/5000 | Episode reward:  1257.52 | Episode steps: 2500 | Average reward:  1245.03 | Step Count: 11155627 | Episode Q0:    48.47
Episode: 4835/5000 | Episode reward:  1258.02 | Episode steps: 2500 | Average reward:  1242.42 | Step Count: 11158127 | Episode Q0:    48.47
Episode: 4836/5000 | Episode reward:  1208.39 | Episode steps: 2500 | Average reward:  1238.33 | Step Count: 11160627 | Episode Q0:    48.47
Episode: 4837/5000 | Episode reward:  1279.44 | Episode steps: 2500 | Average reward:  1243.29 | Step Count: 11163127 | Episode Q0:    48.47
Episode: 4838/5000 | Episode reward:  1256.46 | Episode steps: 2500 | Average reward:  1243.10 | Step Count: 11165627 | Episode Q0:    48.47
Episode: 4839/5000 | Episode reward:  1265.88 | Episode steps: 2500 | Average reward:  1257.94 | Step Count: 11168127 | Episode Q0:    48.47
Episode: 4840/5000 | Episode reward:  1195.14 | Episode steps: 2500 | Average reward:  1248.79 | Step Count: 11170627 | Episode Q0:    48.47
Episode: 4841/5000 | Episode reward:  1272.90 | Episode steps: 2500 | Average reward:  1249.90 | Step Count: 11173127 | Episode Q0:    48.47
Episode: 4842/5000 | Episode reward:  1284.26 | Episode steps: 2500 | Average reward:  1249.81 | Step Count: 11175627 | Episode Q0:    48.47
Episode: 4843/5000 | Episode reward:   991.00 | Episode steps: 2500 | Average reward:  1226.90 | Step Count: 11178127 | Episode Q0:    48.47
Episode: 4844/5000 | Episode reward:  1246.48 | Episode steps: 2500 | Average reward:  1225.80 | Step Count: 11180627 | Episode Q0:    48.47
Episode: 4845/5000 | Episode reward:   924.50 | Episode steps: 2500 | Average reward:  1192.44 | Step Count: 11183127 | Episode Q0:    48.47
Episode: 4846/5000 | Episode reward:  1280.94 | Episode steps: 2500 | Average reward:  1199.70 | Step Count: 11185627 | Episode Q0:    48.47
Episode: 4847/5000 | Episode reward:  1174.31 | Episode steps: 2500 | Average reward:  1189.19 | Step Count: 11188127 | Episode Q0:    47.00
Episode: 4848/5000 | Episode reward:  1249.69 | Episode steps: 2500 | Average reward:  1188.51 | Step Count: 11190627 | Episode Q0:    47.00
Episode: 4849/5000 | Episode reward:  1281.74 | Episode steps: 2500 | Average reward:  1190.09 | Step Count: 11193127 | Episode Q0:    47.00
Episode: 4850/5000 | Episode reward:  1348.15 | Episode steps: 2500 | Average reward:  1205.40 | Step Count: 11195627 | Episode Q0:    47.00
Episode: 4851/5000 | Episode reward:  1286.32 | Episode steps: 2500 | Average reward:  1206.74 | Step Count: 11198127 | Episode Q0:    47.00
Episode: 4852/5000 | Episode reward:  1283.64 | Episode steps: 2500 | Average reward:  1206.68 | Step Count: 11200627 | Episode Q0:    47.00
Episode: 4853/5000 | Episode reward:  1246.24 | Episode steps: 2500 | Average reward:  1232.20 | Step Count: 11203127 | Episode Q0:    47.00
Episode: 4854/5000 | Episode reward:  1280.39 | Episode steps: 2500 | Average reward:  1235.59 | Step Count: 11205627 | Episode Q0:    47.00
Episode: 4855/5000 | Episode reward:  1261.18 | Episode steps: 2500 | Average reward:  1269.26 | Step Count: 11208127 | Episode Q0:    47.00
Episode: 4856/5000 | Episode reward:  1295.42 | Episode steps: 2500 | Average reward:  1270.71 | Step Count: 11210627 | Episode Q0:    47.00
Episode: 4857/5000 | Episode reward:  1278.73 | Episode steps: 2500 | Average reward:  1281.15 | Step Count: 11213127 | Episode Q0:    47.00
Episode: 4858/5000 | Episode reward:  1272.50 | Episode steps: 2500 | Average reward:  1283.43 | Step Count: 11215627 | Episode Q0:    47.00
Episode: 4859/5000 | Episode reward:  1258.74 | Episode steps: 2500 | Average reward:  1281.13 | Step Count: 11218127 | Episode Q0:    47.00
Episode: 4860/5000 | Episode reward:  1280.89 | Episode steps: 2500 | Average reward:  1274.40 | Step Count: 11220627 | Episode Q0:    47.00
Episode: 4861/5000 | Episode reward:  1300.69 | Episode steps: 2500 | Average reward:  1275.84 | Step Count: 11223127 | Episode Q0:    47.00
Episode: 4862/5000 | Episode reward:  1294.76 | Episode steps: 2500 | Average reward:  1276.95 | Step Count: 11225627 | Episode Q0:    47.00
Episode: 4863/5000 | Episode reward:  1274.46 | Episode steps: 2500 | Average reward:  1279.78 | Step Count: 11228127 | Episode Q0:    47.00
Episode: 4864/5000 | Episode reward:  1276.95 | Episode steps: 2500 | Average reward:  1279.43 | Step Count: 11230627 | Episode Q0:    47.00
Episode: 4865/5000 | Episode reward:  1288.24 | Episode steps: 2500 | Average reward:  1282.14 | Step Count: 11233127 | Episode Q0:    47.00
Episode: 4866/5000 | Episode reward:  1268.32 | Episode steps: 2500 | Average reward:  1279.43 | Step Count: 11235627 | Episode Q0:    47.00
Episode: 4867/5000 | Episode reward:  1317.82 | Episode steps: 2500 | Average reward:  1283.34 | Step Count: 11238127 | Episode Q0:    47.00
Episode: 4868/5000 | Episode reward:  1303.29 | Episode steps: 2500 | Average reward:  1286.42 | Step Count: 11240627 | Episode Q0:    48.22
Episode: 4869/5000 | Episode reward:  1262.72 | Episode steps: 2500 | Average reward:  1286.81 | Step Count: 11243127 | Episode Q0:    48.22
Episode: 4870/5000 | Episode reward:  1269.26 | Episode steps: 2500 | Average reward:  1285.65 | Step Count: 11245627 | Episode Q0:    48.22
Episode: 4871/5000 | Episode reward:  1242.70 | Episode steps: 2500 | Average reward:  1279.85 | Step Count: 11248127 | Episode Q0:    48.22
Episode: 4872/5000 | Episode reward:  1292.32 | Episode steps: 2500 | Average reward:  1279.61 | Step Count: 11250627 | Episode Q0:    48.22
Episode: 4873/5000 | Episode reward:  1299.97 | Episode steps: 2500 | Average reward:  1282.16 | Step Count: 11253127 | Episode Q0:    48.22
Episode: 4874/5000 | Episode reward:  1295.56 | Episode steps: 2500 | Average reward:  1284.02 | Step Count: 11255627 | Episode Q0:    48.22
Episode: 4875/5000 | Episode reward:  1268.94 | Episode steps: 2500 | Average reward:  1282.09 | Step Count: 11258127 | Episode Q0:    48.22
Episode: 4876/5000 | Episode reward:  1280.12 | Episode steps: 2500 | Average reward:  1283.27 | Step Count: 11260627 | Episode Q0:    48.22
Episode: 4877/5000 | Episode reward:  1244.45 | Episode steps: 2500 | Average reward:  1275.93 | Step Count: 11263127 | Episode Q0:    48.22
Episode: 4878/5000 | Episode reward:  1281.48 | Episode steps: 2500 | Average reward:  1273.75 | Step Count: 11265627 | Episode Q0:    48.22
Episode: 4879/5000 | Episode reward:  1280.63 | Episode steps: 2500 | Average reward:  1275.54 | Step Count: 11268127 | Episode Q0:    48.22
Episode: 4880/5000 | Episode reward:  1290.97 | Episode steps: 2500 | Average reward:  1277.71 | Step Count: 11270627 | Episode Q0:    48.22
Episode: 4881/5000 | Episode reward:  1217.51 | Episode steps: 2500 | Average reward:  1275.20 | Step Count: 11273127 | Episode Q0:    48.22
Episode: 4882/5000 | Episode reward:  1283.10 | Episode steps: 2500 | Average reward:  1274.27 | Step Count: 11275627 | Episode Q0:    48.22
Episode: 4883/5000 | Episode reward:  1273.56 | Episode steps: 2500 | Average reward:  1271.63 | Step Count: 11278127 | Episode Q0:    48.22
Episode: 4884/5000 | Episode reward:  1267.40 | Episode steps: 2500 | Average reward:  1268.82 | Step Count: 11280627 | Episode Q0:    48.22
Episode: 4885/5000 | Episode reward:  1291.65 | Episode steps: 2500 | Average reward:  1271.09 | Step Count: 11283127 | Episode Q0:    48.22
Episode: 4886/5000 | Episode reward:  1276.62 | Episode steps: 2500 | Average reward:  1270.74 | Step Count: 11285627 | Episode Q0:    48.22
Episode: 4887/5000 | Episode reward:  1278.18 | Episode steps: 2500 | Average reward:  1274.11 | Step Count: 11288127 | Episode Q0:    48.22
Episode: 4888/5000 | Episode reward:  1289.45 | Episode steps: 2500 | Average reward:  1274.91 | Step Count: 11290627 | Episode Q0:    48.22
Episode: 4889/5000 | Episode reward:  1289.78 | Episode steps: 2500 | Average reward:  1275.82 | Step Count: 11293127 | Episode Q0:    48.22
Episode: 4890/5000 | Episode reward:  1288.23 | Episode steps: 2500 | Average reward:  1275.55 | Step Count: 11295627 | Episode Q0:    48.22
Episode: 4891/5000 | Episode reward:  1280.42 | Episode steps: 2500 | Average reward:  1281.84 | Step Count: 11298127 | Episode Q0:    48.02
Episode: 4892/5000 | Episode reward:  1300.80 | Episode steps: 2500 | Average reward:  1283.61 | Step Count: 11300627 | Episode Q0:    48.02
Episode: 4893/5000 | Episode reward:  1302.59 | Episode steps: 2500 | Average reward:  1286.51 | Step Count: 11303127 | Episode Q0:    48.02
Episode: 4894/5000 | Episode reward:  1298.96 | Episode steps: 2500 | Average reward:  1289.67 | Step Count: 11305627 | Episode Q0:    48.02
Episode: 4895/5000 | Episode reward:  1291.45 | Episode steps: 2500 | Average reward:  1289.65 | Step Count: 11308127 | Episode Q0:    48.02
Episode: 4896/5000 | Episode reward:  1272.27 | Episode steps: 2500 | Average reward:  1289.21 | Step Count: 11310627 | Episode Q0:    48.02
Episode: 4897/5000 | Episode reward:  1255.11 | Episode steps: 2500 | Average reward:  1286.91 | Step Count: 11313127 | Episode Q0:    48.02
Episode: 4898/5000 | Episode reward:  1262.20 | Episode steps: 2500 | Average reward:  1284.18 | Step Count: 11315627 | Episode Q0:    48.02
Episode: 4899/5000 | Episode reward:  1282.51 | Episode steps: 2500 | Average reward:  1283.45 | Step Count: 11318127 | Episode Q0:    48.02
Episode: 4900/5000 | Episode reward:  1284.79 | Episode steps: 2500 | Average reward:  1283.11 | Step Count: 11320627 | Episode Q0:    48.02
Episode: 4901/5000 | Episode reward:  1291.32 | Episode steps: 2500 | Average reward:  1284.20 | Step Count: 11323127 | Episode Q0:    48.02
Episode: 4902/5000 | Episode reward:  1278.88 | Episode steps: 2500 | Average reward:  1282.01 | Step Count: 11325627 | Episode Q0:    48.02
Episode: 4903/5000 | Episode reward:  1283.18 | Episode steps: 2500 | Average reward:  1280.07 | Step Count: 11328127 | Episode Q0:    48.02
Episode: 4904/5000 | Episode reward:  1294.44 | Episode steps: 2500 | Average reward:  1279.61 | Step Count: 11330627 | Episode Q0:    48.02
Episode: 4905/5000 | Episode reward:  1289.69 | Episode steps: 2500 | Average reward:  1279.44 | Step Count: 11333127 | Episode Q0:    48.02
Episode: 4906/5000 | Episode reward:  1258.66 | Episode steps: 2500 | Average reward:  1278.08 | Step Count: 11335627 | Episode Q0:    48.02
Episode: 4907/5000 | Episode reward:  1292.00 | Episode steps: 2500 | Average reward:  1281.77 | Step Count: 11338127 | Episode Q0:    48.02
Episode: 4908/5000 | Episode reward:  1231.94 | Episode steps: 2500 | Average reward:  1278.74 | Step Count: 11340627 | Episode Q0:    48.02
Episode: 4909/5000 | Episode reward:  1264.20 | Episode steps: 2500 | Average reward:  1276.91 | Step Count: 11343127 | Episode Q0:    48.02
Episode: 4910/5000 | Episode reward:  1291.76 | Episode steps: 2500 | Average reward:  1277.61 | Step Count: 11345627 | Episode Q0:    48.02
Episode: 4911/5000 | Episode reward:  1286.09 | Episode steps: 2500 | Average reward:  1277.08 | Step Count: 11348127 | Episode Q0:    48.02
Episode: 4912/5000 | Episode reward:  1253.39 | Episode steps: 2500 | Average reward:  1274.53 | Step Count: 11350627 | Episode Q0:    47.61
Episode: 4913/5000 | Episode reward:  1248.74 | Episode steps: 2500 | Average reward:  1271.09 | Step Count: 11353127 | Episode Q0:    47.61
Episode: 4914/5000 | Episode reward:  1268.30 | Episode steps: 2500 | Average reward:  1268.48 | Step Count: 11355627 | Episode Q0:    47.61
Episode: 4915/5000 | Episode reward:  1250.70 | Episode steps: 2500 | Average reward:  1264.58 | Step Count: 11358127 | Episode Q0:    47.61
Episode: 4916/5000 | Episode reward:  1289.89 | Episode steps: 2500 | Average reward:  1267.70 | Step Count: 11360627 | Episode Q0:    47.61
Episode: 4917/5000 | Episode reward:  1253.28 | Episode steps: 2500 | Average reward:  1263.83 | Step Count: 11363127 | Episode Q0:    47.61
Episode: 4918/5000 | Episode reward:  1248.40 | Episode steps: 2500 | Average reward:  1265.47 | Step Count: 11365627 | Episode Q0:    47.61
Episode: 4919/5000 | Episode reward:  1233.89 | Episode steps: 2500 | Average reward:  1262.44 | Step Count: 11368127 | Episode Q0:    47.61
Episode: 4920/5000 | Episode reward:  1283.94 | Episode steps: 2500 | Average reward:  1261.66 | Step Count: 11370627 | Episode Q0:    47.61
Episode: 4921/5000 | Episode reward:  1276.35 | Episode steps: 2500 | Average reward:  1260.69 | Step Count: 11373127 | Episode Q0:    47.61
Episode: 4922/5000 | Episode reward:  1270.95 | Episode steps: 2500 | Average reward:  1262.44 | Step Count: 11375627 | Episode Q0:    47.61
Episode: 4923/5000 | Episode reward:  1285.10 | Episode steps: 2500 | Average reward:  1266.08 | Step Count: 11378127 | Episode Q0:    47.61
Episode: 4924/5000 | Episode reward:  1251.05 | Episode steps: 2500 | Average reward:  1264.35 | Step Count: 11380627 | Episode Q0:    47.61
Episode: 4925/5000 | Episode reward:  1302.51 | Episode steps: 2500 | Average reward:  1269.53 | Step Count: 11383127 | Episode Q0:    47.61
Episode: 4926/5000 | Episode reward:  1318.95 | Episode steps: 2500 | Average reward:  1272.44 | Step Count: 11385627 | Episode Q0:    47.61
Episode: 4927/5000 | Episode reward:  1252.13 | Episode steps: 2500 | Average reward:  1272.33 | Step Count: 11388127 | Episode Q0:    47.61
Episode: 4928/5000 | Episode reward:  1275.54 | Episode steps: 2500 | Average reward:  1275.04 | Step Count: 11390627 | Episode Q0:    47.61
Episode: 4929/5000 | Episode reward:  1285.14 | Episode steps: 2500 | Average reward:  1280.17 | Step Count: 11393127 | Episode Q0:    47.61
Episode: 4930/5000 | Episode reward:  1275.34 | Episode steps: 2500 | Average reward:  1279.30 | Step Count: 11395627 | Episode Q0:    47.61
Episode: 4931/5000 | Episode reward:  1255.28 | Episode steps: 2500 | Average reward:  1277.20 | Step Count: 11398127 | Episode Q0:    47.61
Episode: 4932/5000 | Episode reward:  1262.19 | Episode steps: 2500 | Average reward:  1276.32 | Step Count: 11400627 | Episode Q0:    47.61
Episode: 4933/5000 | Episode reward:  1270.82 | Episode steps: 2500 | Average reward:  1274.90 | Step Count: 11403127 | Episode Q0:    47.61
Episode: 4934/5000 | Episode reward:  1273.96 | Episode steps: 2500 | Average reward:  1277.19 | Step Count: 11405627 | Episode Q0:    47.61
Episode: 4935/5000 | Episode reward:  1253.13 | Episode steps: 2500 | Average reward:  1272.25 | Step Count: 11408127 | Episode Q0:    47.62
Episode: 4936/5000 | Episode reward:  1269.21 | Episode steps: 2500 | Average reward:  1267.28 | Step Count: 11410627 | Episode Q0:    47.62
Episode: 4937/5000 | Episode reward:  1270.79 | Episode steps: 2500 | Average reward:  1269.14 | Step Count: 11413127 | Episode Q0:    47.62
Episode: 4938/5000 | Episode reward:  1231.82 | Episode steps: 2500 | Average reward:  1264.77 | Step Count: 11415627 | Episode Q0:    47.62
Episode: 4939/5000 | Episode reward:  1241.64 | Episode steps: 2500 | Average reward:  1260.42 | Step Count: 11418127 | Episode Q0:    47.62
Episode: 4940/5000 | Episode reward:  1239.71 | Episode steps: 2500 | Average reward:  1256.86 | Step Count: 11420627 | Episode Q0:    47.62
Episode: 4941/5000 | Episode reward:  1247.15 | Episode steps: 2500 | Average reward:  1256.04 | Step Count: 11423127 | Episode Q0:    47.62
Episode: 4942/5000 | Episode reward:  1255.76 | Episode steps: 2500 | Average reward:  1255.40 | Step Count: 11425627 | Episode Q0:    47.62
Episode: 4943/5000 | Episode reward:  1307.17 | Episode steps: 2500 | Average reward:  1259.03 | Step Count: 11428127 | Episode Q0:    47.62
Episode: 4944/5000 | Episode reward:  1233.78 | Episode steps: 2500 | Average reward:  1255.02 | Step Count: 11430627 | Episode Q0:    47.62
Episode: 4945/5000 | Episode reward:  1281.77 | Episode steps: 2500 | Average reward:  1257.88 | Step Count: 11433127 | Episode Q0:    47.62
Episode: 4946/5000 | Episode reward:  1239.55 | Episode steps: 2500 | Average reward:  1254.91 | Step Count: 11435627 | Episode Q0:    47.62
Episode: 4947/5000 | Episode reward:  1235.01 | Episode steps: 2500 | Average reward:  1251.34 | Step Count: 11438127 | Episode Q0:    47.62
Episode: 4948/5000 | Episode reward:  1253.02 | Episode steps: 2500 | Average reward:  1253.46 | Step Count: 11440627 | Episode Q0:    47.62
Episode: 4949/5000 | Episode reward:  1217.74 | Episode steps: 2500 | Average reward:  1251.07 | Step Count: 11443127 | Episode Q0:    47.62
Episode: 4950/5000 | Episode reward:  1238.11 | Episode steps: 2500 | Average reward:  1250.91 | Step Count: 11445627 | Episode Q0:    47.62
Episode: 4951/5000 | Episode reward:  1259.36 | Episode steps: 2500 | Average reward:  1252.13 | Step Count: 11448127 | Episode Q0:    47.62
Episode: 4952/5000 | Episode reward:  1255.05 | Episode steps: 2500 | Average reward:  1252.06 | Step Count: 11450627 | Episode Q0:    47.62
Episode: 4953/5000 | Episode reward:  1271.72 | Episode steps: 2500 | Average reward:  1248.51 | Step Count: 11453127 | Episode Q0:    47.62
Episode: 4954/5000 | Episode reward:  1249.90 | Episode steps: 2500 | Average reward:  1250.12 | Step Count: 11455627 | Episode Q0:    47.62
Episode: 4955/5000 | Episode reward:  1286.10 | Episode steps: 2500 | Average reward:  1250.56 | Step Count: 11458127 | Episode Q0:    47.62
Episode: 4956/5000 | Episode reward:  1229.14 | Episode steps: 2500 | Average reward:  1249.51 | Step Count: 11460627 | Episode Q0:    47.93
Episode: 4957/5000 | Episode reward:  1218.56 | Episode steps: 2500 | Average reward:  1247.87 | Step Count: 11463127 | Episode Q0:    47.93
Episode: 4958/5000 | Episode reward:  1177.20 | Episode steps: 2500 | Average reward:  1240.29 | Step Count: 11465627 | Episode Q0:    47.93
Episode: 4959/5000 | Episode reward:  1203.09 | Episode steps: 2500 | Average reward:  1238.82 | Step Count: 11468127 | Episode Q0:    47.93
Episode: 4960/5000 | Episode reward:  1215.55 | Episode steps: 2500 | Average reward:  1236.57 | Step Count: 11470627 | Episode Q0:    47.93
Episode: 4961/5000 | Episode reward:  1225.01 | Episode steps: 2500 | Average reward:  1233.13 | Step Count: 11473127 | Episode Q0:    47.93
Episode: 4962/5000 | Episode reward:  1210.42 | Episode steps: 2500 | Average reward:  1228.67 | Step Count: 11475627 | Episode Q0:    47.93
Episode: 4963/5000 | Episode reward:  1204.09 | Episode steps: 2500 | Average reward:  1221.91 | Step Count: 11478127 | Episode Q0:    47.93
Episode: 4964/5000 | Episode reward:  1190.67 | Episode steps: 2500 | Average reward:  1215.98 | Step Count: 11480627 | Episode Q0:    47.93
Episode: 4965/5000 | Episode reward:  1208.57 | Episode steps: 2500 | Average reward:  1208.23 | Step Count: 11483127 | Episode Q0:    47.93
Episode: 4966/5000 | Episode reward:  1238.50 | Episode steps: 2500 | Average reward:  1209.17 | Step Count: 11485627 | Episode Q0:    47.93
Episode: 4967/5000 | Episode reward:  1131.07 | Episode steps: 2500 | Average reward:  1200.42 | Step Count: 11488127 | Episode Q0:    47.93
Episode: 4968/5000 | Episode reward:  1160.21 | Episode steps: 2500 | Average reward:  1198.72 | Step Count: 11490627 | Episode Q0:    47.93
Episode: 4969/5000 | Episode reward:  1179.94 | Episode steps: 2500 | Average reward:  1196.40 | Step Count: 11493127 | Episode Q0:    47.93
Episode: 4970/5000 | Episode reward:  1211.86 | Episode steps: 2500 | Average reward:  1196.03 | Step Count: 11495627 | Episode Q0:    47.93
Episode: 4971/5000 | Episode reward:  1138.95 | Episode steps: 2500 | Average reward:  1187.43 | Step Count: 11498127 | Episode Q0:    47.93
Episode: 4972/5000 | Episode reward:  1190.66 | Episode steps: 2500 | Average reward:  1185.45 | Step Count: 11500627 | Episode Q0:    47.93
Episode: 4973/5000 | Episode reward:  1212.39 | Episode steps: 2500 | Average reward:  1186.28 | Step Count: 11503127 | Episode Q0:    47.93
Episode: 4974/5000 | Episode reward:  1157.80 | Episode steps: 2500 | Average reward:  1183.00 | Step Count: 11505627 | Episode Q0:    47.93
Episode: 4975/5000 | Episode reward:  1241.72 | Episode steps: 2500 | Average reward:  1186.31 | Step Count: 11508127 | Episode Q0:    47.93
Episode: 4976/5000 | Episode reward:  1184.85 | Episode steps: 2500 | Average reward:  1180.94 | Step Count: 11510627 | Episode Q0:    47.93
Episode: 4977/5000 | Episode reward:  1226.73 | Episode steps: 2500 | Average reward:  1190.51 | Step Count: 11513127 | Episode Q0:    47.93
Episode: 4978/5000 | Episode reward:  1176.61 | Episode steps: 2500 | Average reward:  1192.15 | Step Count: 11515627 | Episode Q0:    47.93
Episode: 4979/5000 | Episode reward:  1267.84 | Episode steps: 2500 | Average reward:  1200.94 | Step Count: 11518127 | Episode Q0:    48.82
Episode: 4980/5000 | Episode reward:  1225.92 | Episode steps: 2500 | Average reward:  1202.35 | Step Count: 11520627 | Episode Q0:    48.82
Episode: 4981/5000 | Episode reward:  1202.91 | Episode steps: 2500 | Average reward:  1208.74 | Step Count: 11523127 | Episode Q0:    48.82
Episode: 4982/5000 | Episode reward:  1262.22 | Episode steps: 2500 | Average reward:  1215.90 | Step Count: 11525627 | Episode Q0:    48.82
Episode: 4983/5000 | Episode reward:  1233.29 | Episode steps: 2500 | Average reward:  1217.99 | Step Count: 11528127 | Episode Q0:    48.82
Episode: 4984/5000 | Episode reward:   804.36 | Episode steps: 1718 | Average reward:  1182.64 | Step Count: 11529845 | Episode Q0:    48.82
Episode: 4985/5000 | Episode reward:  1260.25 | Episode steps: 2500 | Average reward:  1184.50 | Step Count: 11532345 | Episode Q0:    48.82
Episode: 4986/5000 | Episode reward:  1250.28 | Episode steps: 2500 | Average reward:  1191.04 | Step Count: 11534845 | Episode Q0:    48.82
Episode: 4987/5000 | Episode reward:  1262.56 | Episode steps: 2500 | Average reward:  1194.62 | Step Count: 11537345 | Episode Q0:    48.82
Episode: 4988/5000 | Episode reward:  1223.07 | Episode steps: 2500 | Average reward:  1199.27 | Step Count: 11539845 | Episode Q0:    48.82
Episode: 4989/5000 | Episode reward:  1239.55 | Episode steps: 2500 | Average reward:  1196.44 | Step Count: 11542345 | Episode Q0:    48.82
Episode: 4990/5000 | Episode reward:  1207.38 | Episode steps: 2500 | Average reward:  1194.59 | Step Count: 11544845 | Episode Q0:    48.82
Episode: 4991/5000 | Episode reward:  1205.99 | Episode steps: 2500 | Average reward:  1194.90 | Step Count: 11547345 | Episode Q0:    48.82
Episode: 4992/5000 | Episode reward:  1235.64 | Episode steps: 2500 | Average reward:  1192.24 | Step Count: 11549845 | Episode Q0:    48.82
Episode: 4993/5000 | Episode reward:  1304.91 | Episode steps: 2500 | Average reward:  1199.40 | Step Count: 11552345 | Episode Q0:    48.82
Episode: 4994/5000 | Episode reward:  1250.72 | Episode steps: 2500 | Average reward:  1244.04 | Step Count: 11554845 | Episode Q0:    48.82
Episode: 4995/5000 | Episode reward:  1272.38 | Episode steps: 2500 | Average reward:  1245.25 | Step Count: 11557345 | Episode Q0:    48.82
Episode: 4996/5000 | Episode reward:  1260.12 | Episode steps: 2500 | Average reward:  1246.23 | Step Count: 11559845 | Episode Q0:    48.82
Episode: 4997/5000 | Episode reward:  1246.12 | Episode steps: 2500 | Average reward:  1244.59 | Step Count: 11562345 | Episode Q0:    48.82
Episode: 4998/5000 | Episode reward:  1275.84 | Episode steps: 2500 | Average reward:  1249.87 | Step Count: 11564845 | Episode Q0:    48.82
Episode: 4999/5000 | Episode reward:  1262.12 | Episode steps: 2500 | Average reward:  1252.12 | Step Count: 11567345 | Episode Q0:    48.82
Episode: 5000/5000 | Episode reward:  1210.93 | Episode steps: 2500 | Average reward:  1252.48 | Step Count: 11569845 | Episode Q0:    48.37

Running short fixed evaluation (7 cases)...
Finished evaluating case: 3
Finished evaluating case: 2
Finished evaluating case: 4
Finished evaluating case: 5
Finished evaluating case: 1
Finished evaluating case: 6
Finished evaluating case: 7

Running full fixed evaluation (297 cases)...
Finished evaluating case: 2
Finished evaluating case: 8
Finished evaluating case: 4
Finished evaluating case: 10
Finished evaluating case: 1
Finished evaluating case: 7
Finished evaluating case: 6
Finished evaluating case: 3
Finished evaluating case: 9
Finished evaluating case: 16
Finished evaluating case: 12
Finished evaluating case: 18
Finished evaluating case: 17
Finished evaluating case: 5
Finished evaluating case: 20
Finished evaluating case: 22
Finished evaluating case: 19
Finished evaluating case: 14
Finished evaluating case: 13
Finished evaluating case: 15
Finished evaluating case: 21
Finished evaluating case: 11
Finished evaluating case: 82
Finished evaluating case: 70
Finished evaluating case: 46
Finished evaluating case: 64
Finished evaluating case: 34
Finished evaluating case: 58
Finished evaluating case: 28
Finished evaluating case: 40
Finished evaluating case: 76
Finished evaluating case: 130
Finished evaluating case: 94
Finished evaluating case: 142
Finished evaluating case: 52
Finished evaluating case: 118
Finished evaluating case: 148
Finished evaluating case: 112
Finished evaluating case: 154
Finished evaluating case: 124
Finished evaluating case: 100
Finished evaluating case: 106
Finished evaluating case: 136
Finished evaluating case: 88
Finished evaluating case: 81
Finished evaluating case: 45
Finished evaluating case: 69
Finished evaluating case: 33
Finished evaluating case: 63
Finished evaluating case: 57
Finished evaluating case: 27
Finished evaluating case: 39
Finished evaluating case: 129
Finished evaluating case: 93
Finished evaluating case: 75
Finished evaluating case: 117
Finished evaluating case: 99
Finished evaluating case: 105
Finished evaluating case: 51
Finished evaluating case: 147
Finished evaluating case: 135
Finished evaluating case: 141
Finished evaluating case: 123
Finished evaluating case: 153
Finished evaluating case: 111
Finished evaluating case: 87
Finished evaluating case: 44
Finished evaluating case: 80
Finished evaluating case: 68
Finished evaluating case: 62
Finished evaluating case: 32
Finished evaluating case: 56
Finished evaluating case: 26
Finished evaluating case: 128
Finished evaluating case: 38
Finished evaluating case: 74
Finished evaluating case: 98
Finished evaluating case: 104
Finished evaluating case: 92
Finished evaluating case: 50
Finished evaluating case: 146
Finished evaluating case: 122
Finished evaluating case: 86
Finished evaluating case: 116
Finished evaluating case: 140
Finished evaluating case: 152
Finished evaluating case: 134
Finished evaluating case: 110
Finished evaluating case: 43
Finished evaluating case: 79
Finished evaluating case: 67
Finished evaluating case: 31
Finished evaluating case: 55
Finished evaluating case: 61
Finished evaluating case: 25
Finished evaluating case: 73
Finished evaluating case: 127
Finished evaluating case: 97
Finished evaluating case: 91
Finished evaluating case: 103
Finished evaluating case: 37
Finished evaluating case: 85
Finished evaluating case: 145
Finished evaluating case: 139
Finished evaluating case: 49
Finished evaluating case: 121
Finished evaluating case: 133
Finished evaluating case: 115
Finished evaluating case: 151
Finished evaluating case: 109
Finished evaluating case: 78
Finished evaluating case: 42
Finished evaluating case: 66
Finished evaluating case: 54
Finished evaluating case: 60
Finished evaluating case: 30
Finished evaluating case: 24
Finished evaluating case: 72
Finished evaluating case: 96
Finished evaluating case: 126
Finished evaluating case: 102
Finished evaluating case: 90
Finished evaluating case: 84
Finished evaluating case: 36
Finished evaluating case: 48
Finished evaluating case: 120
Finished evaluating case: 138
Finished evaluating case: 132
Finished evaluating case: 144
Finished evaluating case: 150
Finished evaluating case: 114
Finished evaluating case: 108
Finished evaluating case: 77
Finished evaluating case: 41
Finished evaluating case: 65
Finished evaluating case: 53
Finished evaluating case: 29
Finished evaluating case: 59
Finished evaluating case: 23
Finished evaluating case: 71
Finished evaluating case: 95
Finished evaluating case: 89
Finished evaluating case: 125
Finished evaluating case: 101
Finished evaluating case: 83
Finished evaluating case: 35
Finished evaluating case: 119
Finished evaluating case: 131
Finished evaluating case: 137
Finished evaluating case: 47
Finished evaluating case: 143
Finished evaluating case: 107
Finished evaluating case: 149
Finished evaluating case: 113
Finished evaluating case: 166
Finished evaluating case: 160
Finished evaluating case: 163
Finished evaluating case: 175
Finished evaluating case: 157
Finished evaluating case: 172
Finished evaluating case: 169
Finished evaluating case: 181
Finished evaluating case: 211
Finished evaluating case: 190
Finished evaluating case: 187
Finished evaluating case: 208
Finished evaluating case: 205
Finished evaluating case: 193
Finished evaluating case: 220
Finished evaluating case: 178
Finished evaluating case: 196
Finished evaluating case: 217
Finished evaluating case: 199
Finished evaluating case: 214
Finished evaluating case: 202
Finished evaluating case: 184
Finished evaluating case: 165
Finished evaluating case: 174
Finished evaluating case: 159
Finished evaluating case: 162
Finished evaluating case: 156
Finished evaluating case: 171
Finished evaluating case: 168
Finished evaluating case: 180
Finished evaluating case: 189
Finished evaluating case: 210
Finished evaluating case: 207
Finished evaluating case: 204
Finished evaluating case: 186
Finished evaluating case: 198
Finished evaluating case: 177
Finished evaluating case: 192
Finished evaluating case: 195
Finished evaluating case: 219
Finished evaluating case: 216
Finished evaluating case: 213
Finished evaluating case: 183
Finished evaluating case: 201
Finished evaluating case: 164
Finished evaluating case: 173
Finished evaluating case: 158
Finished evaluating case: 161
Finished evaluating case: 170
Finished evaluating case: 155
Finished evaluating case: 167
Finished evaluating case: 179
Finished evaluating case: 188
Finished evaluating case: 209
Finished evaluating case: 206
Finished evaluating case: 185
Finished evaluating case: 191
Finished evaluating case: 203
Finished evaluating case: 194
Finished evaluating case: 197
Finished evaluating case: 218
Finished evaluating case: 215
Finished evaluating case: 212
Finished evaluating case: 176
Finished evaluating case: 200
Finished evaluating case: 182
Finished evaluating case: 222
Finished evaluating case: 226
Finished evaluating case: 230
Finished evaluating case: 232
Finished evaluating case: 228
Finished evaluating case: 224
Finished evaluating case: 234
Finished evaluating case: 236
Finished evaluating case: 242
Finished evaluating case: 238
Finished evaluating case: 252
Finished evaluating case: 244
Finished evaluating case: 250
Finished evaluating case: 240
Finished evaluating case: 256
Finished evaluating case: 246
Finished evaluating case: 258
Finished evaluating case: 254
Finished evaluating case: 260
Finished evaluating case: 248
Finished evaluating case: 262
Finished evaluating case: 264
Finished evaluating case: 221
Finished evaluating case: 229
Finished evaluating case: 225
Finished evaluating case: 231
Finished evaluating case: 227
Finished evaluating case: 223
Finished evaluating case: 233
Finished evaluating case: 235
Finished evaluating case: 241
Finished evaluating case: 237
Finished evaluating case: 251
Finished evaluating case: 249
Finished evaluating case: 243
Finished evaluating case: 239
Finished evaluating case: 255
Finished evaluating case: 253
Finished evaluating case: 245
Finished evaluating case: 257
Finished evaluating case: 247
Finished evaluating case: 261
Finished evaluating case: 263
Finished evaluating case: 259
Finished evaluating case: 265
Finished evaluating case: 267
Finished evaluating case: 270
Finished evaluating case: 266
Finished evaluating case: 268
Finished evaluating case: 269
Finished evaluating case: 271
Finished evaluating case: 272
Finished evaluating case: 273
Finished evaluating case: 274
Finished evaluating case: 277
Finished evaluating case: 275
Finished evaluating case: 280
Finished evaluating case: 276
Finished evaluating case: 281
Finished evaluating case: 278
Finished evaluating case: 279
Finished evaluating case: 284
Finished evaluating case: 282
Finished evaluating case: 283
Finished evaluating case: 285
Finished evaluating case: 286
Finished evaluating case: 287
Finished evaluating case: 289
Finished evaluating case: 288
Finished evaluating case: 291
Finished evaluating case: 290
Finished evaluating case: 292
Finished evaluating case: 293
Finished evaluating case: 294
Finished evaluating case: 295
Finished evaluating case: 296
Finished evaluating case: 297
