Episode,EpisodeReward,EpisodeSteps,AverageReward,StepCount,EpisodeQ0
1,-57.7617705240924,44,-57.7617705240924,44,-0.1489038169384
2,-60.0100775706838,58,-58.8859240473881,102,-0.1489038169384
3,31.9292307091395,65,-28.6142057952122,167,-0.1489038169384
4,6.40286134277141,38,-19.8599390107163,205,-0.1489038169384
5,4.01314269482221,35,-15.0853226696086,240,-0.1489038169384
6,-10.4647896810104,47,-14.3152338381756,287,-0.1489038169384
7,-3.88651103313849,56,-12.8254162945988,343,-0.1489038169384
8,5.01624908076005,62,-10.595208122679,405,-0.1489038169384
9,-17.9181554353103,47,-11.4088689351936,452,-0.1489038169384
10,35.3327589400315,85,-6.73470614767106,537,-0.1489038169384
11,-58.7747520790518,56,-6.83600430316701,593,-0.1489038169384
12,-17.0305524457533,65,-2.53805179067396,658,-0.1489038169384
13,2.33908321930088,27,-5.49706653965782,685,-0.1489038169384
14,14.6549561499921,40,-4.67185705893575,725,-0.1489038169384
15,3.94344010620391,89,-4.67882731779758,814,-0.1489038169384
16,-22.5148584092856,54,-5.8838341906251,868,-0.1489038169384
17,15.5960286489979,42,-3.93558022241146,910,-0.1489038169384
18,-5.43906176610458,57,-4.98111130709793,967,-0.1489038169384
19,44.2257247822149,91,1.23327671465459,1058,-0.1489038169384
20,16.04762869102,72,-0.695236310246558,1130,-0.1489038169384
21,-16.806172998633,63,3.50162159779532,1193,-0.1489038169384
22,0.613848640709192,53,5.26606170644157,1246,-0.1489038169384
23,15.5420670897395,46,6.58636009348543,1292,-0.1489038169384
24,29.456472337909,92,8.06651171227712,1384,-0.1489038169384
25,-19.0036821877261,62,5.77179948288412,1446,-0.1489038169384
26,24.9691738215973,51,10.5202027059724,1497,-0.1489038169384
27,10.667687717645,57,10.0273686128371,1554,-0.1489038169384
28,16.7047484087707,46,12.2417496303246,1600,-0.1489038169384
29,10.3562691151033,45,8.85480406361349,1645,-0.1489038169384
30,-18.9517175974179,58,5.3548694347697,1703,-0.1489038169384
31,-13.5207349034878,94,5.68341324428422,1797,-0.1489038169384
32,-44.44410543611,35,1.1776178366023,1832,-0.1489038169384
33,22.1016062338585,54,1.8335717510142,1886,-0.1489038169384
34,-69.8468195387582,49,-8.09675743665252,1935,-0.1489038169384
35,-4.22439479278489,59,-6.6188286971584,1994,-0.1489038169384
36,11.3307934331664,68,-7.98266673600149,2062,-0.1489038169384
37,-26.4131250274147,48,-11.6907480105075,2110,-0.1489038169384
38,19.7258924463396,64,-11.3886336067506,2174,-0.1489038169384
39,22.5260968690388,51,-10.171650831357,2225,-0.1489038169384
40,-53.7410791146111,35,-13.6505869830763,2260,-0.1489038169384
41,-2.54142453574602,80,-12.5526559463022,2340,-0.1489038169384
42,14.6389598896938,45,-6.64434941372179,2385,-0.1489038169384
43,17.0647548222114,44,-7.1480345548865,2429,-0.1489038169384
44,-5.93335299175432,61,-0.756687900186106,2490,-0.1489038169384
45,-3.49052928794556,44,-0.683301349702173,2534,-0.1489038169384
46,33.9110322789383,175,1.57472253487501,2709,-0.1489038169384
47,13.3379429073295,43,5.54982932834944,2752,-0.1489038169384
48,-32.0510631128251,49,0.372133772432964,2801,-0.1489038169384
49,-21.0921149111385,45,-3.98968740558476,2846,-0.1489038169384
50,-5.87804416018439,60,0.796616089857911,2906,-0.1489038169384
51,15.5381799335811,41,2.60457653679063,2947,-0.1489038169384
52,19.6485203564283,73,3.10553258346408,3020,-0.1489038169384
53,13.2133715270098,49,2.72039425394393,3069,-0.1489038169384
54,34.0378431918228,81,6.71751387230164,3150,0.0900191217660904
55,-22.8297203675182,30,4.78359476434438,3180,0.0900191217660904
56,-15.6827036427256,55,-0.175778827822013,3235,0.0900191217660904
57,-77.4037609149525,54,-9.24994921005022,3289,0.0900191217660904
58,4.87302274837151,71,-5.55754062393055,3360,0.0900191217660904
59,25.2837848390171,57,-0.919950648914998,3417,0.0900191217660904
60,-40.3312323176395,42,-4.36526946466051,3459,0.0900191217660904
61,10.0576991593312,34,-4.91331754208551,3493,0.0900191217660904
62,10.0336914833757,62,-5.87480042939077,3555,0.0900191217660904
63,0.359695133575414,49,-7.16016806873421,3604,0.0900191217660904
64,-77.4244369951243,40,-18.3063960874289,3644,0.0900191217660904
65,-4.28704992718882,57,-16.452129043396,3701,0.0900191217660904
66,-51.4058445264193,46,-20.0244431317654,3747,0.0900191217660904
67,-33.8356428400358,50,-15.6676313242737,3797,0.0900191217660904
68,-5.42530285773301,68,-16.6974638848841,3865,0.0900191217660904
69,-3.00877639594127,53,-19.52672000838,3918,0.0900191217660904
70,-41.4225429618546,33,-19.6358510728015,3951,0.0900191217660904
71,31.2044329086802,74,-17.5211776978666,4025,0.0900191217660904
72,-27.7067935191123,32,-21.2952261981154,4057,0.0900191217660904
73,-64.3861329411167,40,-27.7698090055846,4097,0.0900191217660904
74,-11.9201466260151,48,-21.2193799686737,4145,0.0900191217660904
75,23.7466066647189,59,-18.4160143094829,4204,0.0900191217660904
76,12.1596248080989,49,-12.0594673760311,4253,0.0900191217660904
77,17.3294722489713,63,-6.94295586713036,4316,0.0900191217660904
78,-21.4358616476238,40,-8.54401174611945,4356,0.0900191217660904
79,-49.6986324578123,60,-13.2129973523065,4416,0.0900191217660904
80,32.6059677560072,56,-5.81014628052037,4472,0.0900191217660904
81,3.89352877973878,51,-8.54123669341451,4523,0.0900191217660904
82,-44.6583533132785,40,-10.2363926728311,4563,0.0900191217660904
83,-35.2856076659504,41,-7.3263401453145,4604,0.0900191217660904
84,-16.9394483122102,45,-7.82827031393401,4649,0.0900191217660904
85,9.57992317179076,41,-9.24493866322682,4690,0.0900191217660904
86,-3.52649613295578,72,-10.8135507573323,4762,0.0900191217660904
87,-6.24843830598757,33,-13.1713418128282,4795,0.0900191217660904
88,11.7735174353295,68,-9.85040390453284,4863,0.0900191217660904
89,9.43777420321475,41,-3.93676323843014,4904,0.0900191217660904
90,-57.7032608185852,39,-12.9676860958894,4943,0.0900191217660904
91,-5.79980940149571,27,-13.9370199140128,4970,0.0900191217660904
92,4.65425841992913,61,-9.00575874069208,5031,0.79148405790329
93,-69.4278405144982,43,-12.4199820255469,5074,0.79148405790329
94,19.5698681210197,66,-8.76905038222387,5140,0.79148405790329
95,2.59629969840172,39,-9.46741272956277,5179,0.79148405790329
96,-3.23312826022921,62,-9.43807594229012,5241,0.79148405790329
97,-40.3623212323323,44,-12.8494642349246,5285,0.79148405790329
98,-8.56487080713385,55,-14.8833030591709,5340,0.79148405790329
99,13.636511233307,81,-14.4634293561617,5421,0.79148405790329
100,-88.5292575722555,44,-17.5460290315287,5465,0.79148405790329
101,21.7076488998677,45,-14.7952832013924,5510,0.79148405790329
102,-26.0852020043946,34,-17.8692292438248,5544,0.79148405790329
103,0.247969572436474,40,-10.9016482351313,5584,0.79148405790329
104,21.6407649932745,49,-10.6945585479058,5633,0.79148405790329
105,13.5117610795521,52,-9.60301240979076,5685,0.79148405790329
106,18.7182252888171,68,-7.40787705488613,5753,0.79148405790329
107,-17.0950499462976,33,-5.08114992628267,5786,0.79148405790329
108,-59.8476229681918,53,-10.2094251423885,5839,0.79148405790329
109,7.56330635272096,46,-10.8167456304471,5885,0.79148405790329
110,12.9170393104729,42,-0.672115942174234,5927,0.79148405790329
111,-6.54791041428123,72,-3.49767187358913,5999,0.79148405790329
112,3.00554189759947,83,-0.588597483389718,6082,0.79148405790329
113,-10.1109346117676,69,-1.62448790181013,6151,0.79148405790329
114,10.9869291096018,58,-2.6898714901774,6209,0.79148405790329
115,-28.8591451026432,47,-6.92696210839693,6256,0.79148405790329
116,-0.0263615812353231,43,-8.80142079540217,6299,0.79148405790329
117,0.40266988205567,28,-7.05164881256684,6327,0.79148405790329
118,21.033030413913,45,1.03641652564364,6372,0.79148405790329
119,18.9601231505903,54,2.17609820543058,6426,0.79148405790329
120,11.6166615621858,34,2.04606043060187,6460,0.79148405790329
121,20.0684124089818,75,4.70769271292817,6535,0.79148405790329
122,20.6997969260749,52,6.47711821577572,6587,0.79148405790329
123,-17.2332107663162,57,5.76489060032086,6644,0.79148405790329
124,20.0293317905579,58,6.66913086841647,6702,0.79148405790329
125,19.0153660094103,51,11.4565819796218,6753,0.79148405790329
126,6.32243095635438,49,12.0914612333808,6802,0.79148405790329
127,-62.2615799697281,38,5.82503624820241,6840,0.79148405790329
128,-70.2063055104666,40,-3.29889734423555,6880,0.79148405790329
129,-7.2767497075152,44,-5.9225846300461,6924,0.79148405790329
130,-3.4737536756305,53,-7.43162615382773,6977,0.887885928153992
131,-44.7646726033714,47,-13.9149346550631,7024,0.887885928153992
132,-31.5908725348916,49,-19.1440016011597,7073,0.887885928153992
133,-1.85980785211743,34,-17.6066613097398,7107,0.887885928153992
134,0.434569501317271,63,-19.5661375386639,7170,0.887885928153992
135,5.86768883552798,56,-20.8809052560521,7226,0.887885928153992
136,-32.6654499719156,31,-24.7796933488791,7257,0.887885928153992
137,-8.75417657890996,62,-19.4289530097973,7319,0.887885928153992
138,5.86062814085257,35,-11.8222596446654,7354,0.887885928153992
139,-21.6947348979632,38,-13.2640581637102,7392,0.887885928153992
140,10.979341140295,64,-11.8187486821176,7456,0.887885928153992
141,-83.2383456420248,47,-15.666115985983,7503,0.887885928153992
142,-49.9111351541747,41,-17.4981422479113,7544,0.887885928153992
143,-24.2363352165314,54,-19.7357949843527,7598,0.887885928153992
144,-29.5508337514633,40,-22.7343353096308,7638,0.887885928153992
145,-52.6694571286558,36,-28.5880499060491,7674,0.887885928153992
146,-20.6711019693214,31,-27.3886151057897,7705,0.887885928153992
147,-37.9447735381349,38,-30.3076748017122,7743,0.887885928153992
148,-30.0374637532168,50,-33.8974839911192,7793,0.887885928153992
149,-17.5924982220067,54,-33.4872603235235,7847,0.887885928153992
150,11.5537865270456,67,-33.4298157848485,7914,0.887885928153992
151,-11.1300449891388,54,-26.2189857195598,7968,0.887885928153992
152,-13.903673183282,53,-22.6182395224706,8021,0.887885928153992
153,-33.6950292618946,42,-23.5641089270069,8063,0.887885928153992
154,-9.48851916945006,45,-21.5578774688056,8108,0.887885928153992
155,-37.6574235162699,49,-20.056674107567,8157,0.887885928153992
156,-39.4888865713308,31,-21.9384525677679,8188,0.887885928153992
157,-16.6416301574828,55,-19.8081382297027,8243,0.887885928153992
158,8.09390353825979,34,-15.995001500555,8277,0.887885928153992
159,18.2164086268641,48,-12.414110815668,8325,0.887885928153992
160,-14.374674543474,59,-15.0069569227199,8384,0.887885928153992
161,20.5340436169844,48,-11.8405480621076,8432,0.887885928153992
162,-54.4834884013389,48,-15.8985295839133,8480,0.887885928153992
163,-1.71664023001919,42,-12.7006906807257,8522,0.887885928153992
164,6.30252371884827,39,-11.1215863918959,8561,0.887885928153992
165,21.8446864141535,50,-5.17137539885356,8611,0.887885928153992
166,-8.4648112319961,57,-2.06896786492009,8668,0.887885928153992
167,25.3225533833287,63,2.12745048916106,8731,0.887885928153992
168,-1.87523934976393,43,1.13053620035869,8774,1.05356359481812
169,-0.961429431682756,52,-0.787247605495995,8826,1.05356359481812
170,-34.7406144598699,48,-2.82384159713559,8874,1.05356359481812
171,-15.3482536293409,53,-6.41207132176812,8927,1.05356359481812
172,-45.6896136522615,32,-5.53268384686038,8959,1.05356359481812
173,-41.2825356521156,39,-9.48927338907003,8998,1.05356359481812
174,-2.08362947817153,54,-10.327888708772,9052,1.05356359481812
175,-43.2570678998129,45,-16.8380641401686,9097,1.05356359481812
176,-16.7199040646425,45,-17.6635734234333,9142,1.05356359481812
177,-5.46646152532371,47,-20.7424749142985,9189,1.05356359481812
178,-34.4016819705942,40,-23.9951191763815,9229,1.05356359481812
179,-29.7927762018582,46,-26.8782538533991,9275,1.05356359481812
180,3.7684034346967,37,-23.0273520639424,9312,1.05356359481812
181,-22.5127896602338,53,-23.7438056670317,9365,1.05356359481812
182,-30.2550087090737,36,-22.2003451727129,9401,1.05356359481812
183,26.6034577813141,68,-15.41174582937,9469,1.05356359481812
184,13.8406399656197,36,-13.8193188849908,9505,1.05356359481812
185,-27.3533049271207,47,-12.2289425877216,9552,1.05356359481812
186,-14.5586483556718,30,-12.0128170168246,9582,1.05356359481812
187,7.08173460853432,37,-10.7579974034388,9619,1.05356359481812
188,-10.7508895074573,43,-8.39291815712507,9662,1.05356359481812
189,-25.8786383369974,24,-8.00150437063898,9686,1.05356359481812
190,-12.4274519032675,61,-9.6210899044354,9747,1.05356359481812
191,-9.27343642784839,54,-8.29715458119686,9801,1.05356359481812
192,-20.1470760274724,52,-7.28636131303673,9853,1.05356359481812
193,-16.3682612196038,28,-11.5835332131285,9881,1.05356359481812
194,-32.6328030608642,45,-16.2308775157769,9926,1.05356359481812
195,1.04337541567686,43,-13.3912094814971,9969,1.05356359481812
196,-10.8177334857454,30,-13.0171179945045,9999,1.05356359481812
197,-77.2601363646878,46,-21.4513050918267,10045,1.05356359481812
198,-2.04124315127727,62,-20.5803404562087,10107,1.05356359481812
199,3.66838261420422,52,-17.6256383610886,10159,1.05356359481812
200,-32.4911499396108,41,-19.6320081647229,10200,1.05356359481812
201,-6.64866741663677,44,-19.3695312636017,10244,1.05356359481812
202,-1.19755124466699,48,-17.4745787853212,10292,1.05356359481812
203,-2.54842168482189,44,-16.092594831843,10336,1.05356359481812
204,-49.954057738078,36,-17.8247202995644,10372,1.05356359481812
205,23.7769475980857,43,-15.5513630813235,10415,1.05356359481812
206,-12.6474438795417,54,-15.7343341207031,10469,1.23379349708557
207,16.9109268293338,43,-6.31722780130097,10512,1.23379349708557
208,-44.8370498874612,45,-10.5968084749194,10557,1.23379349708557
209,20.5321344314434,55,-8.91043329319544,10612,1.23379349708557
210,-82.377914803158,43,-13.8991097795502,10655,1.23379349708557
211,-17.1920898968641,61,-14.9534520275729,10716,1.23379349708557
212,-27.4335962449494,49,-17.5770565276011,10765,1.23379349708557
213,-29.6160552763663,33,-20.2838198867556,10798,1.23379349708557
214,15.662936307245,44,-13.7221204822233,10842,1.23379349708557
215,-41.6657175628595,35,-20.2663869983178,10877,1.23379349708557
216,-7.62989344652975,29,-19.7646319550166,10906,1.23379349708557
217,-2.32826025105584,40,-21.6885506630556,10946,1.23379349708557
218,-19.1844375499677,35,-19.1232894293062,10981,1.23379349708557
219,-28.6376920915392,32,-24.0402720816045,11013,1.23379349708557
220,-26.3840455514449,51,-18.4408851564332,11064,1.23379349708557
221,-59.6281910588335,30,-22.6844952726301,11094,1.23379349708557
222,-1.7152574357313,46,-20.1126613917083,11140,1.23379349708557
223,-15.2435416456103,49,-18.6754100286327,11189,1.23379349708557
224,3.1173048201442,41,-19.9299731773428,11230,1.23379349708557
225,2.76696832010303,44,-15.4867045890465,11274,1.23379349708557
226,13.4018006930153,38,-13.383535175092,11312,1.23379349708557
227,-11.4037651981277,34,-14.2910856697992,11346,1.23379349708557
228,-14.0058856593425,55,-13.7732304807367,11401,1.23379349708557
229,-7.02632546541787,29,-11.6120938181245,11430,1.23379349708557
230,8.56057251081068,65,-8.11763201189899,11495,1.23379349708557
231,-20.95727173046,55,-4.25054007906164,11550,1.23379349708557
232,-42.7926641379131,36,-8.35828074927982,11586,1.23379349708557
233,-20.5882067851486,51,-8.89274726323365,11637,1.23379349708557
234,-61.3196661396301,49,-15.3364443592111,11686,1.23379349708557
235,2.49673257579861,51,-15.3634679336415,11737,1.23379349708557
236,-29.3373279145356,31,-19.6373807943966,11768,1.23379349708557
237,-39.2127292414341,30,-22.4182771987272,11798,1.23379349708557
238,-6.64748429778209,41,-21.6824370625712,11839,1.23379349708557
239,-22.9689275341331,59,-23.2766972694427,11898,1.23379349708557
240,2.57768160961801,66,-23.874986359562,11964,1.23379349708557
241,-23.1866554222593,23,-24.0979247287419,11987,1.23379349708557
242,6.93720508407544,33,-19.1249378065431,12020,1.23379349708557
243,-40.5914878671714,48,-21.1252659147454,12068,1.23379349708557
244,13.6740891575485,38,-13.6258903850275,12106,1.4516065120697
245,-23.3654411234484,53,-16.2121077549522,12159,1.4516065120697
246,-12.0219521448786,33,-14.4805701779865,12192,1.4516065120697
247,9.17482181796857,42,-9.64181507204623,12234,1.4516065120697
248,7.6576032662078,49,-8.21130631564724,12283,1.4516065120697
249,-38.3848380871949,47,-9.75289737095342,12330,1.4516065120697
250,-52.6821069247982,34,-15.278876224395,12364,1.4516065120697
251,-19.7399010861902,49,-14.9342007907881,12413,1.4516065120697
252,1.68351510486065,43,-15.4595697887096,12456,1.4516065120697
253,-50.3618923732438,40,-16.4366102393169,12496,1.4516065120697
254,-8.29212337693664,50,-18.6332314927654,12546,1.4516065120697
255,-7.0501505030036,25,-17.0017024307209,12571,1.4516065120697
256,-9.83309271789566,68,-16.7828164880226,12639,1.4516065120697
257,-11.9932125204507,49,-18.8996199218645,12688,1.4516065120697
258,-38.4554123571086,46,-23.5109214841962,12734,1.4516065120697
259,-22.8459913247861,43,-21.9570368079553,12777,1.4516065120697
260,-17.6301792100619,52,-18.4518440364817,12829,1.4516065120697
261,-20.2402877304535,24,-18.501882700908,12853,1.4516065120697
262,-29.4989481237573,40,-21.6201290237698,12893,1.4516065120697
263,5.26252002929872,51,-16.0576877835155,12944,1.4516065120697
264,10.0403272121572,32,-14.2244427246061,12976,1.4516065120697
265,16.2587848050917,42,-11.8935491937966,13018,1.4516065120697
266,-21.9014734661415,43,-13.1003872686212,13061,1.4516065120697
267,-35.330743867314,42,-15.4341404033075,13103,1.4516065120697
268,-31.1781636100335,56,-14.7064155286,13159,1.4516065120697
269,-11.4091826967594,54,-13.5627346657974,13213,1.4516065120697
270,-24.6762618830374,58,-14.2673429330949,13271,1.4516065120697
271,-25.6713197181581,50,-14.8104461318654,13321,1.4516065120697
272,-12.4131568130118,46,-13.1018670007908,13367,1.4516065120697
273,9.77319624168813,46,-12.6507993795519,13413,1.4516065120697
274,-27.3446191282089,48,-16.3892940135885,13461,1.4516065120697
275,-14.7329971024744,47,-19.4884722043451,13508,1.4516065120697
276,-44.5434049156034,46,-21.7526653492913,13554,1.4516065120697
277,-10.7451991296519,47,-19.2941108755251,13601,1.4516065120697
278,-29.7945272619416,27,-19.1557472407159,13628,1.4516065120697
279,-9.13114933272275,50,-18.9279439043122,13678,1.4516065120697
280,6.12053875034291,37,-15.8482638409742,13715,1.4516065120697
281,-21.8085807624348,66,-15.4619899454019,13781,1.4516065120697
282,-30.2125471613248,51,-17.2419289802332,13832,1.73497223854065
283,-64.6320793839289,46,-24.6824565427949,13878,1.73497223854065
284,-6.94701702212547,36,-22.6426963321865,13914,1.73497223854065
285,-18.980066666285,48,-23.0674032885676,13962,1.73497223854065
286,-20.8843144737831,46,-20.7014942443855,14008,1.73497223854065
287,-16.7322236557895,60,-21.3001966969993,14068,1.73497223854065
288,10.0095329870655,37,-17.3197906720986,14105,1.73497223854065
289,-16.8719285900391,46,-18.0938685978302,14151,1.73497223854065
290,3.45409122924595,27,-18.3605133499399,14178,1.73497223854065
291,-2.83325590727751,40,-16.4629808644242,14218,1.73497223854065
292,8.78802698657686,51,-12.562923449634,14269,1.73497223854065
293,-62.6511616449415,43,-12.3648316757353,14312,1.73497223854065
294,4.70008683845395,34,-11.2001212896773,14346,1.73497223854065
295,15.7748216765011,60,-7.72463245539873,14406,1.73497223854065
296,8.04257613457152,39,-4.83194339456327,14445,1.73497223854065
297,-13.2356885941909,50,-4.48228988840342,14495,1.73497223854065
298,-17.624541471796,47,-7.24569733428957,14542,1.73497223854065
299,-38.2182503992127,52,-9.38032951520693,14594,1.73497223854065
300,-8.95523786304029,42,-10.6212624244356,14636,1.73497223854065
301,8.16940453852225,34,-9.52099637985558,14670,1.73497223854065
302,7.04216828275922,38,-9.69558225023734,14708,1.73497223854065
303,-84.3549624750395,38,-11.8659623332471,14746,1.73497223854065
304,-75.0036788939458,44,-19.8363389064871,14790,1.73497223854065
305,-5.24033790336088,59,-21.9378548644733,14849,1.73497223854065
306,-13.1869030292273,36,-24.0608027808532,14885,1.73497223854065
307,-23.6808865940707,23,-25.1053225808412,14908,1.73497223854065
308,-23.8809255350433,50,-25.7309609871659,14958,1.73497223854065
309,-48.5788887673371,48,-26.7670248239783,15006,1.73497223854065
310,6.48797771330906,51,-25.2227032663434,15057,1.73497223854065
311,6.54441437439484,45,-25.3852022827561,15102,1.73497223854065
312,8.18551837861123,38,-25.2708672731709,15140,1.73497223854065
313,-17.4582632175864,55,-18.5811973474256,15195,1.73497223854065
314,-66.2228349777108,32,-17.7031129558021,15227,1.73497223854065
315,-8.83853191007817,44,-18.0629323564739,15271,1.73497223854065
316,-15.3785033037522,31,-18.2820923839263,15302,1.73497223854065
317,-25.0405083289941,43,-18.4180545574187,15345,1.73497223854065
318,-13.5827841224449,52,-17.3882404161589,15397,1.73497223854065
319,-18.648019176356,38,-14.3951534570607,15435,1.73497223854065
320,-10.8882151440358,45,-16.1327727427952,15480,2.00043106079102
321,8.15675644017563,55,-15.9715385362172,15535,2.00043106079102
322,-26.2135992173167,44,-19.4114502958099,15579,2.00043106079102
323,3.69620003556866,31,-17.2960039704944,15610,2.00043106079102
324,-19.8414451135644,25,-12.6578649840798,15635,2.00043106079102
325,16.2720188110268,38,-10.1468099119693,15673,2.00043106079102
326,-26.3688618830925,50,-11.2458457699033,15723,2.00043106079102
327,0.0985891034846005,38,-8.73193602665546,15761,2.00043106079102
328,-65.5075048216165,31,-13.9244080965726,15792,2.00043106079102
329,-2.55265611313439,50,-12.3148717902505,15842,2.00043106079102
330,2.18576066685735,50,-11.0074742091611,15892,2.00043106079102
331,-19.6433306122944,25,-13.7874829144081,15917,2.00043106079102
332,-27.0948580810952,29,-13.875608800786,15946,2.00043106079102
333,-28.14918185692,37,-17.0601469900349,15983,2.00043106079102
334,-28.2986117290499,26,-17.9058636515834,16009,2.00043106079102
335,-6.04583896268409,33,-20.1376494289545,16042,2.00043106079102
336,-0.24027053914527,29,-17.5247902945598,16071,2.00043106079102
337,-57.6343817413847,32,-23.2980873790467,16103,2.00043106079102
338,-4.85472499038398,43,-17.2328093959235,16146,2.00043106079102
339,-50.0738646399627,44,-21.9849302486063,16190,2.00043106079102
340,-60.069628750729,37,-28.2104691903649,16227,2.00043106079102
341,32.398903887666,64,-23.0062457403689,16291,2.00043106079102
342,7.66334724774286,44,-19.5304252074851,16335,2.00043106079102
343,-11.8561751615473,40,-17.9011245379478,16375,2.00043106079102
344,-12.2939270607088,45,-16.3006560711137,16420,2.00043106079102
345,-29.986052543505,52,-18.6946774291958,16472,2.00043106079102
346,-19.529260602063,51,-20.6235764354876,16523,2.00043106079102
347,-9.96566234439337,47,-15.8567044957884,16570,2.00043106079102
348,-16.0046886119994,56,-16.97170085795,16626,2.00043106079102
349,10.4667227275916,35,-10.9176421211945,16661,2.00043106079102
350,-54.3773959987746,46,-10.3484188459991,16707,2.00043106079102
351,-37.2257818419829,31,-17.310887418964,16738,2.00043106079102
352,-2.37728021412963,41,-18.3149501651512,16779,2.00043106079102
353,6.09801158399937,32,-16.5195314905966,16811,2.00043106079102
354,-44.0924145838861,45,-19.6993802429143,16856,2.00043106079102
355,-15.1695328112975,76,-18.2177282696936,16932,2.00043106079102
356,2.92069745790877,34,-15.9727324636964,16966,2.00043106079102
357,-13.4397846976201,62,-16.3201446990191,17028,2.00043106079102
358,1.48028212819914,34,-14.5716476249992,17062,2.00043106079102
359,-13.4944299426456,53,-16.9677628920229,17115,2.27065896987915
360,-11.5957319121837,21,-12.6895964833638,17136,2.27065896987915
361,10.0077349151809,32,-7.96624480764744,17168,2.27065896987915
362,-2.35368329559732,47,-7.96388511579421,17215,2.27065896987915
363,-3.91697254877595,26,-8.96538352907174,17241,2.27065896987915
364,2.79852024706021,30,-4.27629004597711,17271,2.27065896987915
365,12.0099670874787,49,-1.5583400560995,17320,2.27065896987915
366,-50.6451842722277,28,-6.91492822911314,17348,2.27065896987915
367,-21.2168900159457,43,-7.6926387609457,17391,2.27065896987915
368,-31.9672285702479,49,-11.0373898307904,17440,2.27065896987915
369,-58.238027117394,41,-15.5117495482652,17481,2.27065896987915
370,4.27468618023306,28,-13.9247077390236,17509,2.27065896987915
371,-71.2890808157729,33,-22.054389312119,17542,2.27065896987915
372,-14.9895309295112,50,-23.3179740755103,17592,2.27065896987915
373,-83.09333427455,43,-31.2356102480878,17635,2.27065896987915
374,3.88617060000195,55,-31.1268452127936,17690,2.27065896987915
375,9.92234049515828,56,-31.3356078720256,17746,2.27065896987915
376,8.3914364266582,30,-25.431945802137,17776,2.27065896987915
377,-19.0684783377389,27,-25.2171046343164,17803,2.27065896987915
378,-30.4291990321051,42,-25.0633016805021,17845,2.27065896987915
379,-50.3512176325576,32,-24.2746207320184,17877,2.27065896987915
380,5.41906134034641,31,-24.1601832160071,17908,2.27065896987915
381,-6.5020535689143,31,-17.6814804913212,17939,2.27065896987915
382,-65.6090410847325,37,-22.7434315068434,17976,2.27065896987915
383,3.24614418839128,30,-14.1094836605492,18006,2.27065896987915
384,-8.45406525207613,43,-15.343507245757,18049,2.27065896987915
385,-31.8705132982875,44,-19.5227926251016,18093,2.27065896987915
386,-64.4750794994094,30,-26.8094442177084,18123,2.27065896987915
387,-4.74847321760629,28,-25.3774437056951,18151,2.27065896987915
388,-5.57909530412119,44,-22.8924333328967,18195,2.27065896987915
389,-23.9257907153539,40,-20.2498906411763,18235,2.27065896987915
390,-57.0456596233304,56,-26.496362737544,18291,2.27065896987915
391,-29.0869530027765,41,-28.7548526809302,18332,2.27065896987915
392,-46.8375752641385,51,-26.8777060988709,18383,2.27065896987915
393,13.0936930021879,46,-25.8929512174912,18429,2.27065896987915
394,-5.26018178099537,48,-25.5735628703831,18477,2.27065896987915
395,-75.7144476128166,46,-29.957956301836,18523,2.27065896987915
396,-0.706077590503775,38,-23.5810561109455,18561,2.27065896987915
397,-39.4495501580449,29,-27.0511638049893,18590,2.27065896987915
398,-48.5212701448367,29,-31.3453812890609,18619,2.62639188766479
399,-27.3856689168113,39,-31.6913691092066,18658,2.62639188766479
400,-4.83369860692647,26,-26.4701730075662,18684,2.62639188766479
401,-53.3851273352623,40,-28.8999904408148,18724,2.62639188766479
402,-9.7378813040304,27,-25.190021044804,18751,2.62639188766479
403,-51.8250457309165,46,-31.6818949181144,18797,2.62639188766479
404,-62.3137431932499,29,-37.3872510593399,18826,2.62639188766479
405,-32.7498824681061,32,-33.0907945448688,18858,2.62639188766479
406,-49.1219803725656,34,-37.932384823075,18892,2.62639188766479
407,-8.66981050060287,37,-34.8544108573308,18929,2.62639188766479
408,-12.7734345132195,42,-31.2796272941691,18971,2.62639188766479
409,-56.2167750791288,28,-34.1627379104008,18999,2.62639188766479
410,1.21649274012289,41,-33.5577187756959,19040,2.62639188766479
411,-6.35240415689636,37,-28.8544464578593,19077,2.62639188766479
412,-51.5952763877196,40,-33.0401859662282,19117,2.62639188766479
413,-31.7572975933016,33,-31.0334111524668,19150,2.62639188766479
414,-7.72566600182038,50,-25.5746034333238,19200,2.62639188766479
415,9.12218726736458,40,-21.3873964597767,19240,2.62639188766479
416,-13.0521671273876,32,-17.7804151352589,19272,2.62639188766479
417,-33.0246999113023,30,-20.2159040763289,19302,2.62639188766479
418,-14.9643716326074,49,-20.4349977882677,19351,2.62639188766479
419,-15.0369432153882,47,-16.3170146018936,19398,2.62639188766479
420,-22.7496169800428,43,-18.7136255739102,19441,2.62639188766479
421,-33.0410148985783,51,-21.3824866480784,19492,2.62639188766479
422,-24.1839100102286,57,-18.6413500103293,19549,2.62639188766479
423,0.849602972938076,33,-15.3806599537053,19582,2.62639188766479
424,-49.5584900680233,39,-19.5639423603256,19621,2.62639188766479
425,-30.4677221958163,46,-23.5229333066437,19667,2.62639188766479
426,0.485848770771596,27,-22.1691317168277,19694,2.62639188766479
427,11.6049847984064,47,-17.7061632458569,19741,2.62639188766479
428,-1.15124288903815,42,-16.3248503714999,19783,2.62639188766479
429,-31.9202149714739,48,-18.0131775471085,19831,2.62639188766479
430,-7.07294627587584,40,-16.4455104766918,19871,2.62639188766479
431,-11.0635066772987,51,-14.2477596545639,19922,2.62639188766479
432,5.01026311429554,38,-11.3283423421115,19960,2.62639188766479
433,-15.0088740512122,39,-12.9141900445265,19999,2.62639188766479
434,-13.5532058183729,41,-9.31366161956144,20040,2.62639188766479
435,-8.04035065107403,50,-7.07092446508722,20090,2.62639188766479
436,-36.7279588999659,29,-10.792305232161,20119,2.62639188766479
437,0.133363945722722,47,-11.9394673174293,20166,3.01274633407593
438,-30.5746657101556,29,-14.8818095995411,20195,3.01274633407593
439,-25.1226615739082,36,-14.2020542597845,20231,3.01274633407593
440,-32.087265897851,36,-16.703486221982,20267,3.01274633407593
441,0.450451841568177,31,-15.5520903700953,20298,3.01274633407593
442,-26.581675782379,38,-18.7112842597628,20336,3.01274633407593
443,-32.1655358183874,47,-20.4269504364803,20383,3.01274633407593
444,-13.1368169641916,49,-20.3853115510622,20432,3.01274633407593
445,0.516173912631365,29,-19.5296590946917,20461,3.01274633407593
446,-10.6488940550897,38,-16.921752610204,20499,3.01274633407593
447,17.2626716024334,59,-15.208821844533,20558,3.01274633407593
448,-13.2536870823494,37,-13.4767239817523,20595,3.01274633407593
449,-28.9574997076143,48,-13.8602077951229,20643,3.01274633407593
450,-9.78670615637237,29,-11.6301518209751,20672,3.01274633407593
451,-5.15704836564074,34,-12.190901841696,20706,3.01274633407593
452,-24.2211308019797,50,-11.954847343656,20756,3.01274633407593
453,-8.32051847469034,50,-9.57034560928634,20806,3.01274633407593
454,-3.44484045019408,51,-8.60114795788658,20857,3.01274633407593
455,1.2655892989054,39,-8.52620641925918,20896,3.01274633407593
456,-40.9338498523772,35,-11.5547019989879,20931,3.01274633407593
457,-14.489762663394,43,-14.7299454255707,20974,3.01274633407593
458,2.3550665623077,45,-13.169070061105,21019,3.01274633407593
459,-35.0454184803598,37,-13.7778619383795,21056,3.01274633407593
460,-16.5048525857612,44,-14.4496765813184,21100,3.01274633407593
461,-72.430542681223,45,-21.1770260128766,21145,3.01274633407593
462,6.52746708312464,39,-18.1021662243662,21184,3.01274633407593
463,-61.5598624045986,48,-23.426100617357,21232,3.01274633407593
464,0.671170963259163,50,-23.0144994760117,21282,3.01274633407593
465,7.1284918817765,40,-22.4282092177246,21322,3.01274633407593
466,2.53403841351922,46,-18.0814203911349,21368,3.01274633407593
467,11.639956191799,43,-15.4684485056156,21411,3.01274633407593
468,6.65755789150581,39,-15.0381993726958,21450,3.01274633407593
469,-4.30480469557296,40,-11.9641379942171,21490,3.01274633407593
470,-3.67992584067684,34,-10.6816453197087,21524,3.01274633407593
471,-21.2435669090688,47,-5.56294774249329,21571,3.01274633407593
472,-8.22638018293959,38,-7.03833246909972,21609,3.01274633407593
473,-72.7505150003565,38,-8.1573977286755,21647,3.01274633407593
474,25.2959968698434,60,-5.69491513801708,21707,3.01274633407593
475,-15.4740179084266,55,-7.95516611703738,21762,3.34255957603455
476,-51.4942845766228,44,-13.3579984160516,21806,3.34255957603455
477,-17.0509229468255,50,-16.227086329914,21856,3.34255957603455
478,6.27563864901188,42,-16.2652782541634,21898,3.34255957603455
479,-16.6616242523786,37,-17.500960209844,21935,3.34255957603455
480,-49.3382249042744,46,-22.0667901162037,21981,3.34255957603455
481,-17.8275887492744,45,-21.7251923002243,22026,3.34255957603455
482,12.06159905688,39,-19.6963943762423,22065,3.34255957603455
483,-0.686652658216954,56,-12.4900081420284,22121,3.34255957603455
484,-65.0091699321083,31,-21.5205248222236,22152,3.34255957603455
485,-22.0990868802139,46,-22.1830317194023,22198,3.34255957603455
486,-41.5393048430243,35,-21.1875337460425,22233,3.34255957603455
487,-69.0699990256902,50,-26.3894413539289,22283,3.34255957603455
488,-3.1163008062299,50,-27.3286352994531,22333,3.34255957603455
489,-30.3223095153639,31,-28.6947038257516,22364,3.34255957603455
490,-4.25645852213765,29,-24.186527187538,22393,3.34255957603455
491,-25.0779187374768,33,-24.9115601863582,22426,3.34255957603455
492,-14.0996049980759,21,-27.5276805918538,22447,3.34255957603455
493,0.486548554881165,46,-27.410360470544,22493,3.34255957603455
494,-59.5385119420876,43,-26.8632946715419,22536,3.34255957603455
495,-87.759045514497,37,-33.4292905349702,22573,3.34255957603455
496,-79.3295101246966,42,-37.2083110631375,22615,3.34255957603455
497,-5.69999285529719,27,-30.8713104460982,22642,3.34255957603455
498,16.9438095884006,61,-28.8652994066351,22703,3.34255957603455
499,7.76837676848882,36,-25.0562307782498,22739,3.34255957603455
500,2.958339158919,35,-24.3347510101442,22774,3.34255957603455
501,-28.9155274206646,44,-24.7185118784629,22818,3.34255957603455
502,-30.6011388119487,52,-26.3686652598502,22870,3.34255957603455
503,-4.53359134625553,54,-26.8706792499639,22924,3.34255957603455
504,-20.6251615193343,50,-22.9793442076886,22974,3.34255957603455
505,-22.8482772188885,48,-16.4882673781277,23022,3.34255957603455
506,-3.34597034428395,59,-8.88991340008645,23081,3.34255957603455
507,-1.69255254833556,42,-8.48916936939028,23123,3.34255957603455
508,-14.7927197213282,23,-11.6628223003632,23146,3.34255957603455
509,-18.0254979894686,46,-14.2422097761589,23192,3.34255957603455
510,-12.1130969634101,22,-15.7493533883918,23214,3.34255957603455
511,-33.6851819081102,33,-16.2263188371364,23247,3.34255957603455
512,-45.3499540756687,31,-17.7012003635084,23278,3.34255957603455
513,-26.2796820980852,49,-19.8758094386913,23327,3.75403261184692
514,-9.09712130068762,58,-18.7230054168267,23385,3.75403261184692
515,-43.9105505324169,39,-20.8292327481795,23424,3.75403261184692
516,-6.24930753299717,38,-21.1195664670508,23462,3.75403261184692
517,-15.852559603975,46,-22.5355671726148,23508,3.75403261184692
518,-19.5814234347618,41,-23.0144375439581,23549,3.75403261184692
519,-17.6928816745565,51,-22.9811759124669,23600,3.75403261184692
520,-1.51979986964775,58,-21.9218462030907,23658,3.75403261184692
521,-34.4836469114336,34,-22.001692703423,23692,3.75403261184692
522,-18.3867096416906,35,-19.3053682600252,23727,3.75403261184692
523,-40.8936158169821,46,-20.7667616319149,23773,3.75403261184692
524,-4.10409479335973,47,-20.2674589811821,23820,3.75403261184692
525,-19.0698359275366,53,-17.7833875206941,23873,3.75403261184692
526,-12.1797708072548,31,-18.3764338481198,23904,3.75403261184692
527,-35.5818142063481,45,-20.3493593083572,23949,3.75403261184692
528,-24.0634549920697,42,-20.7975624640879,23991,3.75403261184692
529,-23.7075567187912,26,-21.3990299685114,24017,3.75403261184692
530,-15.2466635753419,44,-22.7717163390808,24061,3.75403261184692
531,-4.27539021832604,32,-19.7508906697701,24093,3.75403261184692
532,-12.2906144625584,56,-19.1412811518569,24149,3.75403261184692
533,10.1494142104774,35,-14.0369781491109,24184,3.75403261184692
534,-12.3515619143076,45,-14.8617248612057,24229,3.75403261184692
535,-43.834858495266,37,-17.3382271179786,24266,3.75403261184692
536,9.35457782455304,37,-15.1847922547979,24303,3.75403261184692
537,-4.46322582496411,76,-12.0729334166594,24379,3.75403261184692
538,-18.5262424590596,47,-11.5192121633584,24426,3.75403261184692
539,2.62177852871777,57,-8.88627863860754,24483,3.75403261184692
540,-17.1481964702563,44,-9.07643192809898,24527,3.75403261184692
541,-19.1153134878085,56,-10.5604242550472,24583,3.75403261184692
542,-2.86543390527734,44,-9.61790619931912,24627,3.75403261184692
543,-17.683847076587,44,-12.4012323280256,24671,3.75403261184692
544,5.77704586362615,38,-10.5883715502322,24709,3.75403261184692
545,4.24393707697044,44,-5.78049199300855,24753,3.75403261184692
546,-11.1751499050913,49,-7.83346476597298,24802,3.75403261184692
547,-12.8083970926588,44,-8.66798189274246,24846,3.75403261184692
548,-39.3166756035949,24,-10.747025207196,24870,3.75403261184692
549,-2.93006020358836,50,-11.3022090804266,24920,3.75403261184692
550,-71.2927878631912,45,-16.7166682197201,24965,3.75403261184692
551,-10.2221701568212,25,-15.8273538866214,24990,3.75403261184692
552,-34.4950013380866,35,-18.9903106299023,25025,4.16323041915894
553,-13.3411535166912,52,-18.5560412739127,25077,4.16323041915894
554,-35.5078241541712,48,-22.6845282756924,25125,4.16323041915894
555,8.04339661746093,38,-22.3045823216434,25163,4.16323041915894
556,8.7935636069678,36,-20.3077109704375,25199,4.16323041915894
557,-37.043701197155,36,-22.7312413808871,25235,4.16323041915894
558,-89.5250488129794,39,-27.7520787018255,25274,4.16323041915894
559,-16.2546858445992,47,-29.0845412659266,25321,4.16323041915894
560,-20.9657522913906,52,-24.0518377087466,25373,4.16323041915894
561,-0.349527350284858,58,-23.0645734280929,25431,4.16323041915894
562,-9.15733154854528,39,-20.5308064491388,25470,4.16323041915894
563,-43.8705162128444,33,-23.5837427187541,25503,4.16323041915894
564,7.57760144208711,34,-19.2752001591283,25537,4.16323041915894
565,5.73713490349376,33,-19.505826330525,25570,4.16323041915894
566,-71.5891865581215,48,-27.5441013470339,25618,4.16323041915894
567,-25.3016401813768,42,-26.3698952454561,25660,4.16323041915894
568,-18.707384771532,45,-19.2881288413114,25705,4.16323041915894
569,8.03375196621292,40,-16.8592850602302,25745,4.16323041915894
570,-18.0110811863983,53,-16.5638179497309,25798,4.16323041915894
571,-23.400440212778,53,-18.8689092359803,25851,4.16323041915894
572,-4.07439435336195,25,-18.3606155164619,25876,4.16323041915894
573,26.7188932529028,61,-11.3016745698872,25937,4.16323041915894
574,-25.3329148626468,46,-14.5927262003606,25983,4.16323041915894
575,-15.5920203683097,52,-16.7256417275409,26035,4.16323041915894
576,-37.8083296549117,48,-13.34755603722,26083,4.16323041915894
577,7.41962113888822,30,-10.0754299051935,26113,4.16323041915894
578,-26.4466604823023,54,-10.8493574762705,26167,4.16323041915894
579,-26.755772390859,36,-14.3283099119777,26203,4.16323041915894
580,11.8994082869925,52,-11.3372609646386,26255,4.16323041915894
581,9.65120292416826,45,-8.03209665094397,26300,4.16323041915894
582,-61.2054554357875,58,-13.7452027591865,26358,4.16323041915894
583,-21.7707941091945,52,-18.5941714953963,26410,4.16323041915894
584,-12.9580883344566,57,-17.3566888425772,26467,4.16323041915894
585,18.1791934594223,41,-13.9795674598041,26508,4.16323041915894
586,10.0199962996181,40,-9.19673486435107,26548,4.16323041915894
587,2.83627876736587,46,-9.65506910150331,26594,4.16323041915894
588,-7.64903724765017,46,-7.77530677803809,26640,4.16323041915894
589,-22.400198344198,53,-7.33974937337198,26693,4.16323041915894
590,-28.8765393834463,55,-11.4173441404159,26748,4.61147212982178
591,-3.36303614030961,48,-12.7187680468636,26796,4.61147212982178
592,-13.6426948077733,46,-7.96249198406224,26842,4.61147212982178
593,-31.243855946747,48,-8.90979816781748,26890,4.61147212982178
594,12.2243249896643,35,-6.39155683540538,26925,4.61147212982178
595,-25.0374794867847,27,-10.7132241300261,26952,4.61147212982178
596,-30.2538331575814,35,-14.740607075746,26987,4.61147212982178
597,26.1712024993634,59,-12.4071147025463,27046,4.61147212982178
598,-64.4818778468993,38,-18.0903987624712,27084,4.61147212982178
599,-23.7961660069423,63,-18.2299955287456,27147,4.61147212982178
600,-23.17657944276,34,-17.659999534677,27181,4.61147212982178
601,8.65693216924826,69,-16.4580027037212,27250,4.61147212982178
602,-61.2655314024841,43,-21.2202863631923,27293,4.61147212982178
603,29.2169812749962,64,-15.174202641018,27357,4.61147212982178
604,0.280258023971239,32,-16.3686093375873,27389,4.61147212982178
605,-21.9908595661685,55,-16.0639473455257,27444,4.61147212982178
606,-30.097890029432,44,-16.0483530327107,27488,4.61147212982178
607,16.399038875496,45,-17.0255693950975,27533,4.61147212982178
608,-13.4917669175821,28,-11.9265583021657,27561,4.61147212982178
609,14.1559986761619,84,-8.13134183385532,27645,4.61147212982178
610,0.451152781073321,49,-5.76856861147198,27694,4.61147212982178
611,7.97834316173976,43,-5.83642751222283,27737,4.61147212982178
612,29.6029651504997,58,3.25042214307555,27795,4.61147212982178
613,7.80347168296742,41,1.10907118387267,27836,4.61147212982178
614,9.2279389917573,39,2.00383928065128,27875,4.61147212982178
615,6.09109944778015,49,4.81203518204615,27924,4.61147212982178
616,-20.2588770413576,46,5.79593648085359,27970,4.61147212982178
617,-15.5516694710699,64,2.60086564619699,28034,4.61147212982178
618,-26.5058415153777,33,1.29945818641743,28067,4.61147212982178
619,3.31936336892924,29,0.215794655694168,28096,4.61147212982178
620,-45.5379505192682,45,-4.38311567433998,28141,4.61147212982178
621,16.1742975119237,58,-3.56352023932159,28199,4.61147212982178
622,-83.7380415789546,41,-14.897620912267,28240,4.61147212982178
623,-46.4140574325397,49,-20.3193738238177,28289,4.61147212982178
624,22.1596604447381,83,-19.0262016785197,28372,4.61147212982178
625,25.3976688762273,73,-17.0955447356749,28445,4.61147212982178
626,-9.6293603460929,31,-16.0325930661485,28476,4.61147212982178
627,-12.4691794818155,44,-15.724344067223,28520,4.61147212982178
628,-0.873359782300759,47,-13.1610958939153,28567,4.91993045806885
629,18.9420765966311,61,-11.5988245711451,28628,4.91993045806885
630,-78.705890686272,44,-14.9156185878455,28672,4.91993045806885
631,6.03801522971956,37,-15.9292468160659,28709,4.91993045806885
632,15.4574114375151,58,-6.00970151441897,28767,4.91993045806885
633,23.6175095215954,55,0.993455180994536,28822,4.91993045806885
634,1.11889121532203,73,-1.11062174194707,28895,4.91993045806885
635,46.0294829125525,191,0.952559661685452,29086,4.91993045806885
636,184.838958992537,528,20.3993915955484,29614,4.91993045806885
637,91.0634475353574,130,30.7526542972657,29744,4.91993045806885
638,34.7683042607956,146,34.3168207015753,29890,4.91993045806885
639,49.4429995498931,104,37.3669129969015,29994,4.91993045806885
640,73.2319776675251,204,52.5606998322813,30198,4.91993045806885
641,12.0429244488979,122,53.1611907541991,30320,4.91993045806885
642,34.5115719745511,57,55.0666068079027,30377,4.91993045806885
643,-19.804397735804,76,50.7244160821628,30453,4.91993045806885
644,-40.9227904362349,250,46.5202479170071,30703,4.91993045806885
645,35.5987328902778,99,45.4771729147796,30802,4.91993045806885
646,71.9904365867761,224,34.1923206742035,31026,4.91993045806885
647,5.99097060491846,60,25.6850729811596,31086,4.91993045806885
648,50.7611965230386,190,27.2843622073839,31276,4.91993045806885
649,38.5568914658492,158,26.1957513989795,31434,4.91993045806885
650,52.9785289437098,147,24.170406526598,31581,4.91993045806885
651,39.1133880746768,193,26.8774528891759,31774,4.91993045806885
652,30.2454893261927,137,26.4508446243401,31911,4.91993045806885
653,41.6865674492082,119,32.5999411428413,32030,4.91993045806885
654,36.4584403822118,153,40.338064224686,32183,4.91993045806885
655,20.8560751696541,115,38.8637984526236,32298,4.91993045806885
656,116.512651601273,269,43.3160199540732,32567,4.91993045806885
657,88.6517705586762,247,51.582099949449,32814,4.91993045806885
658,22.0011031389865,125,48.7060906110438,32939,4.91993045806885
659,15.4429004815231,45,46.3946915126112,32984,4.91993045806885
660,29.2138919696652,166,44.0182278152067,33150,4.91993045806885
661,34.236509258666,252,43.5305399336056,33402,4.91993045806885
662,42.4005345515246,147,44.7460444561388,33549,4.91993045806885
663,-24.5458109578059,87,38.1228066154374,33636,5.3217945098877
664,45.682841779404,160,39.0452467551566,33796,5.3217945098877
665,21.4991676978924,136,39.1095560079805,33932,5.3217945098877
666,13.6924307995516,86,28.8275339278084,34018,5.3217945098877
667,60.1710387127652,194,25.9794607432173,34212,5.3217945098877
668,9.98545574114642,71,24.7778960034333,34283,5.3217945098877
669,32.2855193313229,124,26.4621578884132,34407,5.3217945098877
670,-10.0111342734215,65,22.5396552641046,34472,5.3217945098877
671,29.9887206075564,140,22.1148763989936,34612,5.3217945098877
672,156.266285409878,658,33.5014514848289,35270,5.3217945098877
673,31.4971644841657,301,39.1057490290261,35571,5.3217945098877
674,216.815043945004,544,56.2189692455861,36115,5.3217945098877
675,204.412039746763,506,74.5102564504731,36621,5.3217945098877
676,109.936266566909,508,84.1346400272089,37129,5.3217945098877
677,46.8046449511799,184,82.7980006510504,37313,5.3217945098877
678,10.9254932759217,53,82.8920044045279,37366,5.3217945098877
679,77.8148992141225,105,87.4449423928078,37471,5.3217945098877
680,43.2278081290952,199,92.7688366330595,37670,5.3217945098877
681,42.8701618532846,169,94.0569807576323,37839,5.3217945098877
682,130.562110676861,318,91.4865632843306,38157,5.3217945098877
683,160.600868578157,380,104.39693369373,38537,5.3217945098877
684,46.8247443664054,135,87.3979037358699,38672,5.3217945098877
685,143.600370148282,366,81.3167367760219,39038,5.3217945098877
686,68.9445345682334,124,77.2175635761543,39162,5.3217945098877
687,68.5186283553424,197,79.3889619165705,39359,5.3217945098877
688,173.418657035351,524,95.6382782925135,39883,5.3217945098877
689,59.2579227626423,168,93.7825806473655,40051,5.3217945098877
690,70.9011591620459,243,96.5499157506605,40294,5.3217945098877
691,75.7879045781549,269,99.8416900231476,40563,5.3217945098877
692,84.7514685343778,126,95.2606258088993,40689,5.3217945098877
693,48.0193373532528,178,84.0024726864089,40867,5.3217945098877
694,178.934851619593,392,97.2134834117277,41259,6.04604148864746
695,43.040664010728,195,87.1575127979722,41454,6.04604148864746
696,37.4529074057023,119,84.0083500817191,41573,6.04604148864746
697,29.2004263388986,64,80.0765298800747,41637,6.04604148864746
698,108.205858698085,352,73.5552500463481,41989,6.04604148864746
699,150.654345779193,555,82.6948923480031,42544,6.04604148864746
700,86.589158538908,237,84.2636922856893,42781,6.04604148864746
701,55.7494540933895,231,82.2598472372128,43012,6.04604148864746
702,62.029134574771,205,79.9876138412521,43217,6.04604148864746
703,164.848905556995,360,91.6705706616263,43577,6.04604148864746
704,61.2705746777156,206,79.9041429674386,43783,6.04604148864746
705,36.4235600438941,64,79.2424325707552,43847,6.04604148864746
706,127.478482185168,312,88.2449900487017,44159,6.04604148864746
707,66.3544680419862,209,91.9603942190105,44368,6.04604148864746
708,145.421409491057,992,95.6819492983077,45360,6.04604148864746
709,101.063422871775,611,90.7228570075659,45971,6.04604148864746
710,93.5865111512747,167,91.4225922688025,46138,6.04604148864746
711,227.711507234022,1080,108.618797582866,47218,6.04604148864746
712,38.9656735053418,123,106.312451475923,47341,6.04604148864746
713,53.7366383807178,176,95.2012247582951,47517,6.04604148864746
714,47.4870062567912,98,93.8228679162026,47615,6.04604148864746
715,60.2288420274513,121,96.2033961145584,47736,6.04604148864746
716,74.0596205002679,281,90.8615099460684,48017,6.04604148864746
717,81.583542502626,230,92.3844173921324,48247,6.04604148864746
718,79.7984885964906,170,85.8221253026758,48417,6.04604148864746
719,162.880126701731,1099,92.0037956856715,49516,6.04604148864746
720,49.7477663385998,128,87.619921204404,49644,6.04604148864746
721,89.0230188707243,148,73.7510723680742,49792,6.04604148864746
722,98.0579785200781,681,79.6603028695478,50473,6.04604148864746
723,35.609102004841,219,77.8475492319602,50692,6.29459524154663
724,74.9972734873885,133,80.5985759550199,50825,6.29459524154663
725,120.273646319297,166,86.6030563842045,50991,6.29459524154663
726,31.4946022828159,90,82.3465545624593,51081,6.29459524154663
727,79.1695638112799,243,82.1051566933247,51324,6.29459524154663
728,123.669059239577,439,86.4922137576333,51763,6.29459524154663
729,76.5669817204069,122,77.8608992595008,51885,6.29459524154663
730,77.9161867420939,673,80.6777412998503,52558,6.29459524154663
731,148.229956348711,550,86.598435047649,53108,6.29459524154663
732,62.1344593841228,131,83.0060831340535,53239,6.29459524154663
733,242.007759466338,912,103.645948880203,54151,6.29459524154663
734,505.623434919942,2106,146.708565023459,56257,6.29459524154663
735,45.5383480624619,116,139.235035197775,56373,6.29459524154663
736,94.3931133521509,148,145.524886304708,56521,6.29459524154663
737,149.891365733631,786,152.597066496944,57307,6.29459524154663
738,189.205795691082,449,159.150740142094,57756,6.29459524154663
739,58.2510381151639,607,157.31914578157,58363,6.29459524154663
740,49.5171001445596,169,154.479237121816,58532,6.29459524154663
741,54.6634492483572,226,145.122586411781,58758,6.29459524154663
742,21.3778821140081,125,141.04692868477,58883,6.29459524154663
743,83.9099062078199,136,125.237143358918,59019,6.29459524154663
744,245.672583108812,756,99.2420581778047,59775,6.29459524154663
745,22.7693570675436,105,96.9651590783128,59880,6.29459524154663
746,132.61548214501,674,100.787395957599,60554,6.29459524154663
747,114.33107014242,2500,97.2313663984776,63054,6.78185701370239
748,91.9391996011347,2500,87.5047067894828,65554,6.78185701370239
749,174.286229081723,2500,99.1082258861388,68054,6.78185701370239
750,193.088118010466,2500,113.465327672729,70554,6.78185701370239
751,155.126887628416,2500,123.511671510735,73054,6.78185701370239
752,190.622483019532,2500,140.436131601288,75554,6.78185701370239
753,195.402010532348,465,151.58534203374,76019,6.78185701370239
754,245.508018272424,746,151.568885550102,76765,6.78185701370239
755,163.688144275336,222,165.660764270881,76987,6.78185701370239
756,78.4625118716569,165,160.245467243546,77152,6.78185701370239
757,165.590168708143,756,165.371377100118,77908,6.78185701370239
758,43.5011521153095,115,160.527572351535,78023,6.78185701370239
759,253.723368184366,2500,168.4712862618,80523,6.78185701370239
760,185.621218509322,743,167.724596311685,81266,6.78185701370239
761,68.3281400383178,268,159.044721552675,81534,6.78185701370239
762,106.244740163001,1733,150.606947267022,83267,6.78185701370239
763,76.3337770361026,219,138.700123917398,83486,6.78185701370239
764,99.8873279718659,2500,124.138054887342,85986,6.78185701370239
765,90.3119389239555,234,116.800434352204,86220,6.78185701370239
766,29.3049019666645,134,111.884673361705,86354,6.78185701370239
767,66.1416008815211,150,101.939816579043,86504,6.78185701370239
768,77.0906987178186,139,105.298771239293,86643,6.78185701370239
769,57.9321210713097,107,85.7196465279879,86750,6.78185701370239
770,105.343510219056,177,77.6918756989613,86927,6.78185701370239
771,34.2890851630935,134,74.2879702114388,87061,6.78185701370239
772,56.3828892455704,106,69.3017851196958,87167,6.78185701370239
773,88.4641109966483,153,70.5148185157504,87320,6.78185701370239
774,272.597424227522,2500,87.785828141316,89820,7.01320886611938
775,274.521666827616,2500,106.206800931682,92320,7.01320886611938
776,138.49344709075,2500,117.125655444091,94820,7.01320886611938
777,75.5260603662469,2500,118.064101392563,97320,7.01320886611938
778,233.152803637854,2500,133.670311884567,99820,7.01320886611938
779,26.6436298915856,2500,130.541462766594,102320,7.01320886611938
780,150.275310935249,2500,135.034642838214,104820,7.01320886611938
781,86.0148598071839,2500,140.207220302623,107320,7.01320886611938
782,121.157057662421,2500,146.684637144308,109820,7.01320886611938
783,69.3070961232665,137,144.768935656969,109957,7.01320886611938
784,173.766214707447,2500,134.885814704962,112457,7.01320886611938
785,78.1433370649073,136,115.247981728691,112593,7.01320886611938
786,-20.7752720915269,2500,99.3211098104634,115093,7.01320886611938
787,159.131346342894,2500,107.681638408128,117593,7.01320886611938
788,170.959167970388,2500,101.462274841382,120093,7.01320886611938
789,257.507465116048,2500,124.548658363828,122593,7.01320886611938
790,87.3193444506819,157,118.253061715371,122750,7.01320886611938
791,93.7768898901754,178,119.02926472367,122928,7.01320886611938
792,177.673074542134,327,124.680866411641,123255,7.01320886611938
793,37.9841971354659,524,121.548576512861,123779,7.01320886611938
794,37.5718921287106,108,107.929144254988,123887,7.01320886611938
795,21.4309109500053,177,102.257901643498,124064,7.01320886611938
796,98.3744817835232,177,114.172877031003,124241,7.01320886611938
797,108.318284480346,209,109.091570844748,124450,7.01320886611938
798,129.856627313278,190,104.981316779037,124640,7.01320886611938
799,28.9323087661033,164,82.1238011440423,124804,7.01320886611938
800,145.840149288149,1550,87.9758816277891,126354,7.1887059211731
801,-39.7077778617597,2500,74.6274148525956,128854,7.1887059211731
802,16.7327682767454,2500,58.5333842260568,131354,7.1887059211731
803,194.67422457265,2500,74.2023869697751,133854,7.1887059211731
804,99.9131858388516,2500,80.4365163407892,136354,7.1887059211731
805,131.600268397769,2500,91.4534520855656,138854,7.1887059211731
806,58.7958890942199,2500,87.4955928166353,141354,7.1887059211731
807,135.236637183124,2500,90.1874280869131,143854,7.1887059211731
808,39.2301186168986,124,81.1247772172752,143978,7.1887059211731
809,67.726222108706,197,85.0041685515354,144175,7.1887059211731
810,-63.0066945978303,2297,64.1194841629374,146472,7.1887059211731
811,185.05456318661,2500,86.5957182677744,148972,7.1887059211731
812,-13.6194617368069,2500,83.5604952664192,151472,7.1887059211731
813,123.601986148032,2500,76.4532714239574,153972,7.1887059211731
814,125.730435575402,171,79.0349963976125,154143,7.1887059211731
815,61.8416826554472,478,72.0591378233803,154621,7.1887059211731
816,88.5014976023026,525,75.0296986741886,155146,7.1887059211731
817,73.3134335513196,142,68.8373783110081,155288,7.1887059211731
818,318.59448817349,1938,96.7738152666672,157226,7.54521512985229
819,182.554410083349,1360,108.256634064132,158586,7.54521512985229
820,153.203940948954,2353,129.87769761881,160939,7.54521512985229
821,364.890551547819,2108,147.861296454931,163047,7.54521512985229
822,477.746961267226,2114,196.997938755334,165161,7.54521512985229
823,399.535710632454,2500,224.591311203776,167661,7.54521512985229
824,519.845002315577,2500,264.002767877794,170161,7.54521512985229
825,116.65584405723,1979,269.484184017972,172140,7.54521512985229
826,549.169979131647,2500,315.551032170906,174640,7.54521512985229
827,233.406464877743,1812,331.560335303549,176452,7.54521512985229
828,333.047476815836,2499,333.005634167784,178951,7.54521512985229
829,361.437856384518,2500,350.8939787979,181451,7.54521512985229
830,246.42941474313,627,360.216526177318,182078,7.54521512985229
831,266.317016327159,1655,350.359172655252,183733,7.54521512985229
832,469.11816359701,2423,349.496292888231,186156,7.54521512985229
833,396.424892246589,1678,349.185211049644,187834,7.54521512985229
834,127.603190639395,1766,309.961029882026,189600,7.54521512985229
835,173.658955690533,1929,315.661341045356,191529,7.54521512985229
836,286.644921506412,1682,289.408835282833,193211,7.54521512985229
837,487.592345827441,2500,314.827423377802,195711,7.54521512985229
838,523.500303766319,2500,333.872706072851,198211,7.54521512985229
839,362.832489682636,2142,334.012169402662,200353,7.54521512985229
840,69.6359573514415,215,316.332823663494,200568,7.54521512985229
841,354.387560237829,2500,325.13987805456,203068,7.54521512985229
842,622.901551704229,2500,340.518216865282,205568,7.54521512985229
843,574.605706888443,2500,358.336298329468,208068,7.54521512985229
844,367.312348963693,1539,382.307214161898,209607,7.92623424530029
845,834.793424274419,2032,448.420661020286,211639,7.92623424530029
846,690.438971046228,2500,488.800065974268,214139,7.92623424530029
847,334.024105953305,2340,473.443241986854,216479,7.92623424530029
848,398.455106030245,1001,460.938722213247,217480,7.92623424530029
849,292.077120586566,683,453.86318530364,218163,7.92623424530029
850,654.312752283531,2500,512.330864796849,220663,7.92623424530029
851,333.874766687059,1032,510.279585441772,221695,7.92623424530029
852,478.902642817071,2500,495.879694553056,224195,7.92623424530029
853,325.047507160093,807,470.923874580221,225002,7.92623424530029
854,373.15574394728,1153,471.50821407858,226155,7.92623424530029
855,453.438735638111,1247,433.372745214949,227402,7.92623424530029
856,387.198411069032,1004,403.048689217229,228406,7.92623424530029
857,291.813536522814,791,398.82763227418,229197,7.92623424530029
858,444.233561251592,1070,403.405477796315,230267,7.92623424530029
859,634.184674069976,2500,437.616233144656,232767,7.92623424530029
860,362.970646149458,976,408.482022531249,233743,7.92623424530029
861,509.899723459075,2463,426.08451820845,236206,7.92623424530029
862,321.94972700806,942,410.389226627549,237148,7.92623424530029
863,23.6367616065643,147,380.248152072196,237295,7.92623424530029
864,645.74127507933,2500,407.506705185401,239795,8.44931221008301
865,719.638096565378,2500,434.126641278128,242295,8.44931221008301
866,484.285723732405,1307,443.835372544465,243602,8.44931221008301
867,792.861326546284,1942,493.940151546812,245544,8.44931221008301
868,418.809256543945,1039,491.397721076048,246583,8.44931221008301
869,184.351932813486,432,446.414446950398,247015,8.44931221008301
870,256.123410632694,615,435.729723398722,247630,8.44931221008301
871,142.989960719221,550,399.038747124737,248180,8.44931221008301
872,528.54838796368,1499,419.698613220299,249679,8.44931221008301
873,633.999327385914,1940,480.734869798234,251619,8.44931221008301
874,324.333264184184,962,448.594068708719,252581,8.44931221008301
875,226.284395738136,619,399.258698625995,253200,8.44931221008301
876,757.399883816638,1761,426.570114634418,254961,8.44931221008301
877,725.163512223839,2500,419.800333202174,257461,8.44931221008301
878,337.262373037039,849,411.645644851483,258310,8.44931221008301
879,159.231001057218,495,409.133551675856,258805,8.44931221008301
880,860.150142288241,2500,469.536224841411,261305,8.44931221008301
881,241.661539347762,772,479.403382704265,262077,8.44931221008301
882,348.628418139098,972,461.411385721807,263049,8.44931221008301
883,430.588892950907,1604,441.070342278306,264653,8.44931221008301
884,313.152994334968,991,439.952315293385,265644,8.44931221008301
885,407.009691113059,1088,458.024844830877,266732,8.44931221008301
886,442.301203488065,1095,426.51497679802,267827,8.44931221008301
887,443.554190167013,1687,398.354044592337,269514,8.44931221008301
888,66.5116097715659,196,371.27896826579,269710,8.44931221008301
889,162.401301013691,371,371.595998261437,270081,8.44931221008301
890,67.2083286526522,198,292.301816897878,270279,8.44931221008301
891,610.175889932623,1380,329.153251956364,271659,9.11404991149902
892,581.820765543324,1554,352.472486696787,273213,9.11404991149902
893,208.060137312712,477,330.219611132967,273690,9.11404991149902
894,241.579572221134,505,323.062268921584,274195,9.11404991149902
895,911.11768615592,2500,373.47306842587,276695,9.11404991149902
896,470.905938267009,1013,376.333541903765,277708,9.11404991149902
897,241.114368347441,617,356.089559721807,278325,9.11404991149902
898,212.279329833569,603,370.666331728008,278928,9.11404991149902
899,393.129263083921,854,393.739127935031,279782,9.11404991149902
900,195.820381473976,519,406.600333217163,280301,9.11404991149902
901,578.427649727919,1427,403.425509196692,281728,9.11404991149902
902,173.393826759203,411,362.58281531828,282139,9.11404991149902
903,636.270124650645,2500,405.403814052074,284639,9.11404991149902
904,400.819755589772,863,421.327832388938,285502,9.11404991149902
905,490.788487745249,1119,379.29491254787,286621,9.11404991149902
906,200.686174229626,548,352.272936144132,287169,9.11404991149902
907,213.046284079707,525,349.466127717359,287694,9.11404991149902
908,210.348296440795,561,349.273024378081,288255,9.11404991149902
909,43.6351965329126,166,314.32361772298,288421,9.11404991149902
910,200.770213157365,590,314.818600891319,289011,9.11404991149902
911,334.936237525987,667,290.469459671126,289678,9.11404991149902
912,97.510237883543,336,282.88110078356,290014,9.11404991149902
913,105.511148649775,361,229.805203183473,290375,9.11404991149902
914,84.8413695751598,213,198.207364582012,290588,9.11404991149902
915,826.147216434387,2132,231.743237450926,292720,9.62920093536377
916,602.228407721414,1348,271.897460800105,294068,9.62920093536377
917,1006.81679462329,2180,351.274511854462,296248,9.62920093536377
918,885.321820361206,2316,418.771864246504,298564,9.62920093536377
919,72.7714430852974,124,421.685488901742,298688,9.62920093536377
920,882.860707640482,2109,489.894538350054,300797,9.62920093536377
921,359.978257524006,955,492.398740349856,301752,9.62920093536377
922,752.915376347604,1738,557.939254196262,303490,9.62920093536377
923,806.706696612084,1666,628.058808992493,305156,9.62920093536377
924,348.869112703828,695,654.461583305359,305851,9.62920093536377
925,594.832262936496,1638,631.33008795557,307489,9.62920093536377
926,192.769659301421,633,590.384213113571,308122,9.62920093536377
927,653.873186926915,1699,555.089852343934,309821,9.62920093536377
928,303.191832986677,778,496.876853606481,310599,9.62920093536377
929,426.695414845331,949,532.269250782484,311548,9.62920093536377
930,167.054206335219,584,460.688600651958,312132,9.62920093536377
931,157.385846122304,413,440.429359511788,312545,9.62920093536377
932,486.707797847237,1083,413.808601661751,313628,9.62920093536377
933,170.967931326223,489,350.234725133165,314117,9.62920093536377
934,1008.80764061755,2500,416.228577924537,316617,9.62920093536377
935,321.542788302327,793,388.89963046112,317410,9.62920093536377
936,221.330284053381,657,391.755692936316,318067,9.62920093536377
937,210.855081003536,515,347.453882343978,318582,9.62920093536377
938,156.823604317523,413,332.817059477063,318995,9.62920093536377
939,93.5496038821681,203,299.502478380746,319198,9.62920093536377
940,204.096428955593,506,303.206700642784,319704,10.4270858764648
941,29.3746897117303,143,290.405585001727,319847,10.4270858764648
942,629.834193689851,1240,304.718224585988,321087,10.4270858764648
943,289.684351288554,589,316.589866582221,321676,10.4270858764648
944,204.343022944606,397,236.143404814927,322073,10.4270858764648
945,242.388831878601,552,228.228009172554,322625,10.4270858764648
946,381.304067520916,897,244.225387519308,323522,10.4270858764648
947,98.198561115579,232,232.959735530512,323754,10.4270858764648
948,324.753431420859,716,249.752718240846,324470,10.4270858764648
949,727.186343791931,1549,313.116392231822,326019,10.4270858764648
950,542.530323381078,1250,346.959781674371,327269,10.4270858764648
951,506.28502646728,1037,394.650815349925,328306,10.4270858764648
952,403.292863225383,962,371.996682303479,329268,10.4270858764648
953,261.423335314902,680,369.170580706114,329948,10.4270858764648
954,485.911660607107,1262,397.327444472364,331210,10.4270858764648
955,283.420801646266,864,401.43064144913,332074,10.4270858764648
956,241.480432103059,626,387.448277907345,332700,10.4270858764648
957,33.6326089782908,91,380.991682693616,332791,10.4270858764648
958,367.637883948433,712,385.280127946373,333503,10.4270858764648
959,33.7475942069502,127,315.936252987875,333630,10.4270858764648
960,28.7246743132182,161,264.555688081089,333791,10.4270858764648
961,204.02285268917,477,234.329470703278,334268,10.4270858764648
962,125.688713955121,351,206.569055776252,334619,10.4270858764648
963,30.4107789540551,112,183.467800140167,334731,10.4270858764648
964,117.79772184208,243,146.656406263664,334974,10.4270858764648
965,112.965202195286,410,129.610846318566,335384,10.4270858764648
966,32.7423205209724,81,108.737035160358,335465,10.4270858764648
967,301.951049347291,723,135.568879197258,336188,10.4270858764648
968,41.2888723678681,84,102.933978039201,336272,10.4270858764648
969,93.333111650326,247,108.892529783539,336519,10.4270858764648
970,32.8306905145919,134,109.303131403676,336653,10.4270858764648
971,127.301683497918,297,101.631014484551,336950,11.320273399353
972,30.6485681172853,101,92.1269999007673,337051,11.320273399353
973,208.572319773251,598,109.943153982687,337649,11.320273399353
974,259.503254359628,535,124.113707234442,338184,11.320273399353
975,123.535140671029,342,125.170701082016,338526,11.320273399353
976,89.0629439658601,139,130.802763426505,338665,11.320273399353
977,124.386098828243,292,113.0462683746,338957,11.320273399353
978,132.873354132007,393,122.204716551014,339350,11.320273399353
979,208.525449127264,633,133.723950298708,339983,11.320273399353
980,36.8399696452716,154,134.124878211776,340137,11.320273399353
981,251.219678373783,554,146.516677699362,340691,11.320273399353
982,296.839289332857,713,173.135749820919,341404,11.320273399353
983,195.264102652782,527,171.804928108872,341931,11.320273399353
984,61.8901332859352,147,152.043616001503,342078,11.320273399353
985,38.9419237567247,124,143.584294310073,342202,11.320273399353
986,91.1173007865708,158,143.789729992144,342360,11.320273399353
987,149.778677898242,344,146.328987899144,342704,11.320273399353
988,63.3218323559567,168,139.373835721539,342872,11.320273399353
989,34.8119754646378,161,122.002488355276,343033,11.320273399353
990,101.30608097569,324,128.449099488318,343357,11.320273399353
991,253.211157402226,576,128.648247391162,343933,11.320273399353
992,30.6574370438717,154,102.030062162264,344087,11.320273399353
993,155.503100153692,461,98.0539619123546,344548,11.320273399353
994,331.076082988346,817,124.972556882596,345365,11.320273399353
995,450.042792602549,1135,166.082643767178,346500,11.320273399353
996,122.03573604865,369,169.174487293386,346869,11.320273399353
997,28.4396234691639,116,157.040581850478,346985,11.320273399353
998,863.896392723049,1743,237.098037887188,348728,12.1375246047974
999,520.181174178783,1117,285.634957758602,349845,12.1375246047974
1000,29.1323049440963,177,278.417580155443,350022,12.1375246047974
1001,227.466964876921,769,275.843160902912,350791,12.1375246047974
1002,512.707779480392,1115,324.048195146564,351906,12.1375246047974
1003,336.124184271331,976,342.110303558328,352882,12.1375246047974
1004,57.8307895871969,193,314.785774218213,353075,12.1375246047974
1005,161.23955185615,478,285.905450143573,353553,12.1375246047974
1006,117.174141517372,284,285.419290690446,353837,12.1375246047974
1007,156.798917382858,487,298.255220081815,354324,12.1375246047974
1008,25.8008771654597,83,214.445668526056,354407,12.1375246047974
1009,60.2837119042133,113,168.455922298599,354520,12.1375246047974
1010,96.352345826694,255,175.177926386859,354775,12.1375246047974
1011,136.025431540044,444,166.033773053171,355219,12.1375246047974
1012,66.0880886814814,222,121.37180397328,355441,12.1375246047974
1013,137.345178855769,301,101.493903431724,355742,12.1375246047974
1014,20.8176897454421,128,97.7925934475485,355870,12.1375246047974
1015,48.2472021316276,137,86.4933584750962,356007,12.1375246047974
1016,46.7408506451661,117,79.4500293878756,356124,12.1375246047974
1017,62.9654086281651,149,70.0666785124063,356273,12.1375246047974
1018,104.773969210986,259,77.9639877169589,356532,12.1375246047974
1019,26.9994891644106,166,74.6355654429786,356698,12.1375246047974
1020,74.2599744505533,120,72.4263283053646,356818,12.1375246047974
1021,238.539463729769,536,82.677731524337,357354,12.1375246047974
1022,412.266753964782,973,117.295598052667,358327,12.1375246047974
1023,231.042456289444,536,126.665325796035,358863,12.1375246047974
1024,247.24685749197,647,149.308242570687,359510,12.1375246047974
1025,61.2299306954113,143,150.606515427066,359653,12.9614448547363
1026,293.59881295147,612,175.292311657696,360265,12.9614448547363
1027,207.416006758388,503,189.737371470718,360768,12.9614448547363
1028,141.227954415336,394,193.382769991153,361162,12.9614448547363
1029,17.1429317419239,134,192.397114248905,361296,12.9614448547363
1030,86.0703190942706,250,193.578148713277,361546,12.9614448547363
1031,70.2985915406625,218,176.754061494366,361764,12.9614448547363
1032,119.026671530724,317,147.43005325096,362081,12.9614448547363
1033,270.721318299358,690,151.397939451952,362771,12.9614448547363
1034,38.7849201572283,105,130.551745718477,362876,12.9614448547363
1035,228.497375672088,509,147.278490216145,363385,12.9614448547363
1036,122.836261714989,403,130.202235092497,363788,12.9614448547363
1037,123.719646102603,298,121.832599026919,364086,12.9614448547363
1038,253.585874444356,625,133.06839102982,364711,12.9614448547363
1039,53.0222471494057,202,136.656322570569,364913,12.9614448547363
1040,48.3495161221938,170,132.884242273361,365083,12.9614448547363
1041,237.902385438883,660,149.644621663183,365743,12.9614448547363
1042,203.082214013768,477,158.050175911487,366220,12.9614448547363
1043,153.504307904166,301,146.328474871968,366521,12.9614448547363
1044,196.138737641122,428,162.063856620358,366949,12.9614448547363
1045,130.885810149994,268,152.302700068148,367217,12.9614448547363
1046,101.873248964494,371,150.206398793099,367588,12.9614448547363
1047,144.577339074011,294,152.292168090239,367882,12.9614448547363
1048,170.911298295145,462,144.024710475318,368344,12.9614448547363
1049,79.6269620286286,217,146.685181963241,368561,12.9614448547363
1050,306.491763655456,612,172.499406716567,369173,12.9614448547363
1051,70.4088041483319,193,155.750048587512,369366,12.9614448547363
1052,92.0425751711122,362,144.646084703246,369728,12.9614448547363
1053,195.5396439938,459,148.84961831221,370187,12.9614448547363
1054,77.9410626893869,223,137.029850817036,370410,14.0339870452881
1055,206.048536623966,476,144.546123464433,370886,14.0339870452881
1056,23.5886389860475,133,136.717662466589,371019,14.0339870452881
1057,222.994274691429,621,144.55935602833,371640,14.0339870452881
1058,140.521020090499,318,141.520328207866,371958,14.0339870452881
1059,148.999350787051,406,148.457567083708,372364,14.0339870452881
1060,135.543026497135,294,131.362693367876,372658,14.0339870452881
1061,191.437690617745,473,143.465582014817,373131,14.0339870452881
1062,28.8665903551745,137,137.147983533223,373268,14.0339870452881
1063,333.350375410512,745,150.929056674895,374013,14.0339870452881
1064,170.209897471204,462,160.155940153076,374475,14.0339870452881
1065,89.7736781701041,248,148.52845430769,374723,14.0339870452881
1066,48.1815518108572,168,150.987745590171,374891,14.0339870452881
1067,238.796871267552,515,152.568005247783,375406,14.0339870452881
1068,176.779937024212,451,156.193896941155,375857,14.0339870452881
1069,177.933085454099,369,159.087270407859,376226,14.0339870452881
1070,162.999824942846,442,161.832950252431,376668,14.0339870452881
1071,28.1326264807782,151,145.502443838734,376819,14.0339870452881
1072,47.1133053473264,160,147.327115337949,376979,14.0339870452881
1073,21.9035520881418,126,116.182433005712,377105,14.0339870452881
1074,220.221446936362,426,121.183587952228,377531,14.0339870452881
1075,275.919341141327,1038,139.79815424935,378569,14.0339870452881
1076,119.081365532515,312,146.888135621516,378881,14.0339870452881
1077,47.891908630668,147,127.797639357828,379028,14.0339870452881
1078,180.174202526266,373,128.137065908033,379401,14.0339870452881
1079,134.049409042896,339,123.748698266913,379740,14.0339870452881
1080,218.852036670027,548,129.333919439631,380288,14.0339870452881
1081,121.262451914073,300,138.64690198296,380588,14.0339870452881
1082,193.455756485703,711,153.281147096798,381299,14.0339870452881
1083,197.268025857331,511,170.817594473717,381810,14.8132743835449
1084,37.1416662994606,177,152.509616410027,381987,14.8132743835449
1085,176.133534747249,365,142.531035770619,382352,14.8132743835449
1086,135.605059987302,367,144.183405216098,382719,14.8132743835449
1087,54.5679123488576,150,144.851005587917,382869,14.8132743835449
1088,48.3577194891859,155,131.669357284209,383024,14.8132743835449
1089,49.6561521158818,172,123.230031591507,383196,14.8132743835449
1090,139.651806934295,431,115.310008617934,383627,14.8132743835449
1091,312.532682385339,954,134.43703166506,384581,14.8132743835449
1092,248.879617767624,568,139.979417793252,385149,14.8132743835449
1093,32.2898273000778,160,123.481597937527,385309,14.8132743835449
1094,58.0486513471629,200,125.572296442297,385509,14.8132743835449
1095,165.847815279212,343,124.543724495494,385852,14.8132743835449
1096,89.2563390845875,197,119.908852405222,386049,14.8132743835449
1097,150.782646192255,330,129.530325789562,386379,14.8132743835449
1098,203.209295503985,480,145.015483391042,386859,14.8132743835449
1099,127.510488830197,290,152.800917062473,387149,14.8132743835449
1100,170.926182278109,364,155.928354596855,387513,14.8132743835449
1101,180.666536917546,520,142.741740050076,388033,14.8132743835449
1102,64.3692790678722,153,124.2907061801,388186,14.8132743835449
1103,220.44528940992,610,143.106252391085,388796,14.8132743835449
1104,26.8344102233137,139,139.9848282787,388935,14.8132743835449
1105,147.315465226359,382,138.131593273414,389317,14.8132743835449
1106,320.919280532131,768,161.297887418169,390085,14.8132743835449
1107,42.6380923680258,153,150.483432035746,390238,14.8132743835449
1108,278.236267202393,626,157.986129205587,390864,14.8132743835449
1109,79.715453801256,242,153.206625702692,391106,14.8132743835449
1110,73.9430616709606,146,143.508313641978,391252,14.8132743835449
1111,81.5892921666519,233,133.600589166888,391485,16.2948055267334
1112,257.681274811808,657,152.931788741282,392142,16.2948055267334
1113,76.6396779075235,233,138.551227591042,392375,16.2948055267334
1114,164.327734673538,423,152.300560036065,392798,16.2948055267334
1115,350.894960949202,897,172.658509608349,393695,16.2948055267334
1116,204.749602252246,455,161.04154178036,394150,16.2948055267334
1117,140.853572101514,412,170.863089753709,394562,16.2948055267334
1118,89.1398285061491,243,151.953445884085,394805,16.2948055267334
1119,177.125659710372,384,161.694466474997,395189,16.2948055267334
1120,240.983111758748,537,178.398471483775,395726,16.2948055267334
1121,92.8579837445921,368,179.525340641569,396094,16.2948055267334
1122,184.150603503223,385,172.172273510711,396479,16.2948055267334
1123,131.249016053631,329,177.633207325322,396808,16.2948055267334
1124,77.0233133305359,243,168.902765191021,397051,16.2948055267334
1125,61.1431030994584,208,139.927579406047,397259,16.2948055267334
1126,127.202943416878,317,132.17291352251,397576,16.2948055267334
1127,68.2483471476691,185,124.912391027126,397761,16.2948055267334
1128,138.57802143092,316,129.856210319603,398077,16.2948055267334
1129,319.046279070811,793,144.048272255647,398870,16.2948055267334
1130,130.588121221679,427,133.00877320194,399297,16.2948055267334
1131,51.0675055562144,186,128.829725383102,399483,16.2948055267334
1132,159.640417259336,451,126.378706758713,399934,16.2948055267334
1133,196.331187761867,557,132.886923929537,400491,16.2948055267334
1134,308.607971641786,659,156.045389760662,401150,16.2948055267334
1135,181.269356089439,393,168.05801505966,401543,16.2948055267334
1136,488.706139990752,1121,204.208334717047,402664,17.2457790374756
1137,163.642381103325,341,213.747738112613,403005,17.2457790374756
1138,166.657708724884,457,216.555706842009,403462,17.2457790374756
1139,406.655565559533,952,225.316635490882,404414,17.2457790374756
1140,479.475108599976,965,260.205334228711,405379,17.2457790374756
1141,122.385857351399,384,267.33716940823,405763,17.2457790374756
1142,44.6064264746247,182,255.833770329759,405945,17.2457790374756
1143,642.79882681104,1388,300.480534234676,407333,17.2457790374756
1144,205.430593042689,815,290.162796374766,408148,17.2457790374756
1145,129.680721790711,407,285.003932944894,408555,17.2457790374756
1146,124.214942129442,314,248.554813158762,408869,17.2457790374756
1147,234.832253020863,529,255.673800350516,409398,17.2457790374756
1148,28.1867297753307,135,241.826702455561,409533,17.2457790374756
1149,30.6287452813459,114,204.224020427742,409647,17.2457790374756
1150,283.825975889128,592,184.659107156657,410239,17.2457790374756
1151,168.20894167254,441,189.241415588771,410680,17.2457790374756
1152,248.524925111995,533,209.633265452508,411213,17.2457790374756
1153,79.184205231743,253,153.271803294579,411466,17.2457790374756
1154,156.780689424009,366,148.406812932711,411832,17.2457790374756
1155,284.752271518977,759,163.913967905537,412591,17.2457790374756
1156,231.608499529244,584,174.653323645517,413175,17.2457790374756
1157,24.6988498275801,155,153.639983326189,413330,17.2457790374756
1158,53.4582480209165,155,156.167135150748,413485,17.2457790374756
1159,215.532226772062,633,174.657483299819,414118,17.2457790374756
1160,47.649229632078,175,151.039808674114,414293,17.2457790374756
1161,237.631172509466,560,157.982031757807,414853,17.2457790374756
1162,593.455280007809,1324,192.475067247388,416177,18.9883193969727
1163,373.759627609947,872,221.932609485209,417049,18.9883193969727
1164,412.785666981186,954,247.533107240926,418003,18.9883193969727
1165,96.3973028568691,251,228.697610374716,418254,18.9883193969727
1166,26.4135088491169,109,208.178111306703,418363,18.9883193969727
1167,37.2798330685989,164,209.436209630805,418527,18.9883193969727
1168,282.00179335133,942,232.290564163846,419469,18.9883193969727
1169,118.944307564668,396,222.631772243107,419865,18.9883193969727
1170,226.428364716566,502,240.509685751556,420367,18.9883193969727
1171,303.505662958824,1733,247.097134796492,422100,18.9883193969727
1172,134.814922464849,414,201.233099042196,422514,18.9883193969727
1173,22.4655941869773,152,166.103695699899,422666,18.9883193969727
1174,443.233517788206,926,169.148480780601,423592,18.9883193969727
1175,26.760380273937,180,162.184788522307,423772,18.9883193969727
1176,23.6107967163529,119,161.904517309031,423891,18.9883193969727
1177,140.630565257276,346,172.239590527899,424237,18.9883193969727
1178,60.9516078194256,190,150.134571974708,424427,18.9883193969727
1179,96.4156988267302,277,147.881711100914,424704,18.9883193969727
1180,226.32401763138,528,147.871276392396,425232,18.9883193969727
1181,136.679218630485,384,131.188631959562,425616,18.9883193969727
1182,94.2104663525705,250,127.128186348334,425866,18.9883193969727
1183,93.8802818362677,357,134.269655113263,426223,18.9883193969727
1184,106.593986592595,268,100.605701993702,426491,18.9883193969727
1185,259.805745515966,710,123.910238517905,427201,18.9883193969727
1186,37.820169821222,206,125.331175828392,427407,19.861629486084
1187,316.638767222992,762,142.931996024963,428169,19.861629486084
1188,873.923030771308,1820,224.229138320152,429989,19.861629486084
1189,463.700381593814,936,260.95760659686,430925,19.861629486084
1190,171.936786645987,478,255.518883498321,431403,19.861629486084
1191,206.298261913674,428,262.48078782664,431831,19.861629486084
1192,349.665452705602,817,288.026286461943,432648,19.861629486084
1193,91.1714725537743,344,287.755405533693,432992,19.861629486084
1194,215.996089310427,537,298.695615805477,433529,19.861629486084
1195,128.503097670695,370,285.56535102095,433899,19.861629486084
1196,326.478607327101,795,314.431194771537,434694,19.861629486084
1197,181.854710686795,437,300.952789117918,435131,19.861629486084
1198,206.324656683311,456,234.192951709118,435587,19.861629486084
1199,297.263531127686,608,217.549266662505,436195,19.861629486084
1200,124.928979264578,299,212.848485924364,436494,19.861629486084
1201,184.35904889742,453,210.654564622739,436947,19.861629486084
1202,377.03508434076,849,213.391527786255,437796,19.861629486084
1203,274.046069751019,633,231.678987505979,438429,19.861629486084
1204,247.366060629915,984,234.815984637928,439413,19.861629486084
1205,249.399212360154,564,246.905596106874,439977,19.861629486084
1206,381.920698537732,815,252.449805227937,440792,19.861629486084
1207,368.938344636983,829,271.158168622956,441621,19.861629486084
1208,303.629686168763,744,280.888671571501,442365,19.861629486084
1209,174.143329900994,428,268.576651448832,442793,19.861629486084
1210,325.394269111816,723,288.623180433556,443516,21.5546684265137
1211,69.6144220108317,214,277.148717744897,443730,21.5546684265137
1212,552.040986467766,1496,294.649307957597,445226,21.5546684265137
1213,593.440854117273,1422,326.588786394223,446648,21.5546684265137
1214,394.240369636204,942,341.276217294852,447590,21.5546684265137
1215,51.5258792334,195,321.488883982176,447785,21.5546684265137
1216,70.8728908606067,236,290.384103214464,448021,21.5546684265137
1217,88.1358562324428,331,262.30385437401,448352,21.5546684265137
1218,684.124654638374,1728,300.353351220971,450080,21.5546684265137
1219,98.0869172741926,236,292.747709958291,450316,21.5546684265137
1220,103.961877158013,272,270.60447076291,450588,21.5546684265137
1221,185.600404886461,464,282.203069050473,451052,21.5546684265137
1222,98.489491101366,253,236.847919513833,451305,21.5546684265137
1223,206.816011808584,511,198.185435282964,451816,21.5546684265137
1224,323.902063905288,801,191.151604709873,452617,21.5546684265137
1225,70.966736558772,222,193.09569044241,452839,21.5546684265137
1226,531.47294274996,1139,239.155695631345,453978,21.5546684265137
1227,428.452499039403,934,273.187359912041,454912,21.5546684265137
1228,315.914838792996,604,236.366378327504,455516,21.5546684265137
1229,53.8200072171938,205,231.939687321804,455721,21.5546684265137
1230,153.082705363356,421,236.851770142338,456142,21.5546684265137
1231,110.514897848955,385,229.343219438587,456527,21.5546684265137
1232,159.329468483251,382,235.427217176776,456909,21.5546684265137
1233,42.6571985211242,163,219.01133584803,457072,21.5546684265137
1234,164.56616242033,441,203.077745699534,457513,21.5546684265137
1235,195.078453424855,447,215.488917386142,457960,21.5546684265137
1236,287.959096889976,574,191.137532800144,458534,21.5546684265137
1237,122.796924259424,264,160.571975322146,458798,21.5546684265137
1238,75.0921124273577,244,136.489702685582,459042,21.5546684265137
1239,991.733810394039,2281,230.281083003267,461323,21.4825687408447
1240,56.5993623380998,193,220.632748700741,461516,21.4825687408447
1241,771.752252845771,1710,286.756484200423,463226,21.4825687408447
1242,58.7974465303922,195,276.703282005137,463421,21.4825687408447
1243,92.1445360205127,339,281.652015755076,463760,21.4825687408447
1244,42.3486289129518,181,269.430262404338,463941,21.4825687408447
1245,317.56787104861,722,281.679204166713,464663,21.4825687408447
1246,209.176827165264,486,273.800977194242,465149,21.4825687408447
1247,144.73348840505,416,275.994633608805,465565,21.4825687408447
1248,175.928482879611,336,286.07827065403,465901,21.4825687408447
1249,17.2276598066127,142,188.627655595288,466043,21.4825687408447
1250,184.627067454058,479,201.430426106883,466522,21.4825687408447
1251,184.088847082851,488,142.664085530591,467010,21.4825687408447
1252,115.704934138378,258,148.35483429139,467268,21.4825687408447
1253,322.551031688654,735,171.395483858204,468003,21.4825687408447
1254,192.369837985526,472,186.397604765461,468475,21.4825687408447
1255,429.326375636187,1007,197.573455224219,469482,21.4825687408447
1256,387.170543311138,891,215.372826838807,470373,21.4825687408447
1257,87.4578995911546,236,209.645267957417,470609,21.4825687408447
1258,42.5044005010197,183,196.302859719558,470792,21.4825687408447
1259,380.135996978981,1051,232.593693436795,471843,21.4825687408447
1260,497.22268729476,1050,263.853255420865,472893,22.7815837860107
1261,847.493871135057,2044,330.193757826086,474937,22.7815837860107
1262,338.036549169398,760,352.426919329188,475697,22.7815837860107
1263,309.892835116859,877,351.161099672008,476574,22.7815837860107
1264,128.659888235613,204,344.790104697017,476778,22.7815837860107
1265,278.117277323525,687,329.669194865751,477465,22.7815837860107
1266,280.041827575886,761,318.956323292225,478226,22.7815837860107
1267,302.108714903269,843,340.421404823437,479069,22.7815837860107
1268,80.227145547637,221,344.193679328098,479290,22.7815837860107
1269,108.421667743253,169,317.022246404526,479459,22.7815837860107
1270,182.563404696987,468,285.556318144748,479927,22.7815837860107
1271,146.468435465529,308,215.453774577796,480235,22.7815837860107
1272,222.61509303243,732,203.911628964099,480967,22.7815837860107
1273,115.073747695712,262,184.429720221984,481229,22.7815837860107
1274,1197.84342891165,2500,291.348074289587,483729,22.7815837860107
1275,88.4819988127654,347,272.384546438511,484076,22.7815837860107
1276,177.391886476797,400,262.119552328603,484476,22.7815837860107
1277,253.940691178708,537,257.302749956146,485013,22.7815837860107
1278,132.509082869992,378,262.530943688382,485391,22.7815837860107
1279,94.3940365684698,350,261.128180570904,485741,22.7815837860107
1280,118.464795845704,261,254.718319685775,486002,22.7815837860107
1281,81.1552168278705,222,248.18699782201,486224,22.7815837860107
1282,1100.40894461269,2230,335.966382980035,488454,22.7815837860107
1283,47.5114908295452,174,329.210157293419,488628,22.7815837860107
1284,65.673538176511,155,215.993168219905,488783,22.7815837860107
1285,32.1251088847213,125,210.357479227101,488908,22.7815837860107
1286,321.954961782096,866,224.813786757631,489774,22.7815837860107
1287,129.608485262963,354,212.380566166056,490128,24.1870498657227
1288,292.730234170399,536,228.402681296097,490664,24.1870498657227
1289,515.139203113109,1477,270.477197950561,492141,24.1870498657227
1290,141.662904536877,370,272.797008819678,492511,24.1870498657227
1291,593.905939873575,1858,324.072081124248,494369,24.1870498657227
1292,988.636062887509,2500,312.89479295173,496869,24.1870498657227
1293,596.861848745417,1790,367.829828743318,498659,24.1870498657227
1294,191.176399408876,929,380.380114866554,499588,24.1870498657227
1295,532.746879119262,1449,430.442291890008,501037,24.1870498657227
1296,60.5773494607365,185,404.304530657872,501222,24.1870498657227
1297,348.429014984419,860,426.186583630018,502082,24.1870498657227
1298,176.247323865938,359,414.538292599572,502441,24.1870498657227
1299,230.657666114102,776,386.090138899671,503217,24.1870498657227
1300,187.747416916009,483,390.698590137584,503700,24.1870498657227
1301,193.504543419622,460,350.658450492189,504160,24.1870498657227
1302,87.9480128041024,792,260.589645483848,504952,24.1870498657227
1303,69.7996678681109,288,207.883427396118,505240,24.1870498657227
1304,136.661020693407,298,202.431889524571,505538,24.1870498657227
1305,291.146882354501,845,178.271889848095,506383,24.1870498657227
1306,107.628368260234,255,182.976991728045,506638,24.1870498657227
1307,411.611071593231,956,189.295197388926,507594,24.1870498657227
1308,263.065016463238,667,197.976966648656,508261,24.1870498657227
1309,67.8656684060478,215,181.69776687785,508476,24.1870498657227
1310,691.850035386068,1537,232.108028724856,510013,24.8346481323242
1311,44.411180196536,183,217.198692402548,510196,24.8346481323242
1312,63.5339704758107,196,214.757288169718,510392,24.8346481323242
1313,859.338389212651,1835,293.711160304172,512227,24.8346481323242
1314,59.9366083366292,156,286.038719068495,512383,24.8346481323242
1315,369.872938938958,888,293.91132472694,513271,24.8346481323242
1316,761.918240460134,1711,359.34031194693,514982,24.8346481323242
1317,394.308452394057,820,357.610050027013,515802,24.8346481323242
1318,512.330369246935,1065,382.536585305383,516867,24.8346481323242
1319,213.789933350418,524,397.12901179982,517391,24.8346481323242
1320,87.3659301978483,228,336.680601280998,517619,24.8346481323242
1321,221.922792272622,531,354.431762488606,518150,24.8346481323242
1322,349.408771180828,932,383.019242559108,519082,24.8346481323242
1323,102.641792488962,246,307.349582886739,519328,24.8346481323242
1324,296.057691327984,713,330.961691185875,520041,24.8346481323242
1325,837.293774365638,1767,377.703774728543,521808,24.8346481323242
1326,270.360741437877,739,328.548024826317,522547,24.8346481323242
1327,328.849137100776,842,322.002093296989,523389,24.8346481323242
1328,502.812121929278,1189,321.050268565223,524578,24.8346481323242
1329,442.055397722842,971,343.876815002466,525549,24.8346481323242
1330,402.981651407948,1090,375.438387123476,526639,24.8346481323242
1331,41.568916007201,198,357.402999496933,526837,24.8346481323242
1332,365.95122509395,1450,359.057244888246,528287,25.7275733947754
1333,548.141228707263,1690,403.607188510076,529977,25.7275733947754
1334,871.539576027087,2500,461.155376979986,532477,25.7275733947754
1335,229.593316721146,975,400.385331215537,533452,25.7275733947754
1336,503.325505761972,1702,423.681807647946,535154,25.7275733947754
1337,464.321479921229,1920,437.229041929992,537074,25.7275733947754
1338,250.651971466229,1123,412.013026883687,538197,25.7275733947754
1339,453.288925053346,1567,413.136379616737,539764,25.7275733947754
1340,635.082858628836,2296,436.346500338826,542060,25.7275733947754
1341,961.586660449233,2500,528.348274783029,544560,25.7275733947754
1342,284.905131315125,1256,520.243665405147,545816,25.7275733947754
1343,370.514448094416,1271,502.480987343862,547087,25.7275733947754
1344,690.586803377213,2322,484.385710078875,549409,25.7275733947754
1345,306.519758498061,1029,492.078354256566,550438,25.7275733947754
1346,936.108855712162,2500,535.356689251585,552938,25.7275733947754
1347,891.514060631773,2500,578.07594732264,555438,25.7275733947754
1348,522.083032519711,1751,605.219053427988,557189,25.7275733947754
1349,614.657673963528,1918,621.355928319006,559107,25.7275733947754
1350,713.287725748691,1787,629.176415030991,560894,25.7275733947754
1351,325.783263963579,1304,565.596075382426,562198,25.7275733947754
1352,574.474567006997,1934,594.553018951613,564132,25.7275733947754
1353,923.482397020062,2500,649.849813844178,566632,25.7275733947754
1354,138.066575999063,553,594.597791106363,567185,25.7275733947754
1355,246.44838557368,602,588.590653813925,567787,25.7275733947754
1356,324.293126561309,1014,527.409080898839,568801,26.3452892303467
1357,85.1216396812046,225,446.769838803782,569026,26.3452892303467
1358,402.275753319112,1064,434.789110883723,570090,26.3452892303467
1359,464.395470687942,1288,419.762890556164,571378,26.3452892303467
1360,316.973517411399,1120,380.131469722435,572498,26.3452892303467
1361,377.926816955294,1101,385.345825021606,573599,26.3452892303467
1362,337.264072277852,1124,361.624775548692,574723,26.3452892303467
1363,58.9641988652279,173,275.172955733208,574896,26.3452892303467
1364,626.163401933827,1875,323.982638326685,576771,26.3452892303467
1365,200.242605927669,747,319.362060362084,577518,26.3452892303467
1366,236.075621740435,796,310.540309879996,578314,26.3452892303467
1367,374.718466441322,1069,339.499992556008,579383,26.3452892303467
1368,387.623387615675,1172,338.034755985664,580555,26.3452892303467
1369,57.328600114323,197,297.328068928302,580752,26.3452892303467
1370,328.011780832759,1147,298.431895270438,581899,26.3452892303467
1371,231.881054905877,775,283.827319065497,582674,26.3452892303467
1372,655.207101618592,1756,315.621621999571,584430,26.3452892303467
1373,423.438252029987,1234,352.069027316047,585664,26.3452892303467
1374,87.6335636179354,170,298.216043484457,585834,26.3452892303467
1375,195.315453947859,789,297.723328286476,586623,26.3452892303467
1376,193.563966133664,914,293.472162725799,587537,26.3452892303467
1377,233.526897396231,1075,279.35300582129,588612,27.1653118133545
1378,248.029272263629,664,265.393594286086,589276,27.1653118133545
1379,219.390494139165,971,281.59978368857,590247,27.1653118133545
1380,266.279281548254,1128,275.426533760119,591375,27.1653118133545
1381,242.835209551407,985,276.521949224672,592360,27.1653118133545
1382,341.466915551359,1385,245.147930617949,593745,27.1653118133545
1383,265.804660341572,1410,229.384571449108,595155,27.1653118133545
1384,183.939508436221,488,239.015165930936,595643,27.1653118133545
1385,373.888986493752,1531,256.872519185525,597174,27.1653118133545
1386,142.986499061833,305,251.814772478342,597479,27.1653118133545
1387,34.9856895423746,165,231.960651692957,597644,27.1653118133545
1388,342.857278210657,1343,241.44345228766,598987,27.1653118133545
1389,281.404371325214,1032,247.644840006264,600019,27.1653118133545
1390,381.515085074311,1392,259.16842035887,601411,27.1653118133545
1391,68.773447389032,698,241.762244142633,602109,27.1653118133545
1392,197.104316223773,897,227.325984209874,603006,27.1653118133545
1393,71.3802942315267,138,207.88354759887,603144,27.1653118133545
1394,384.77968279984,1379,227.967565035231,604523,27.1653118133545
1395,452.107950800246,1572,235.789461465881,606095,27.1653118133545
1396,412.06076730399,1375,262.696888290096,607470,27.1653118133545
1397,96.2153965475124,251,268.81985899061,607721,27.1653118133545
1398,143.978833873801,321,248.932014556925,608042,27.1653118133545
1399,287.768558459846,1154,249.568433270388,609196,27.1653118133545
1400,67.7725955576391,182,218.194184318721,609378,27.1653118133545
1401,271.323958930636,1039,238.449235472881,610417,27.8151245117188
1402,93.9556834229765,625,228.134372192801,611042,27.8151245117188
1403,185.874854952495,1141,239.583828264898,612183,27.8151245117188
1404,267.241848029088,1474,227.830044787823,613657,27.8151245117188
1405,84.9258341339261,1041,191.111833121191,614698,27.8151245117188
1406,258.074823500178,1003,175.71323874081,615701,27.8151245117188
1407,326.85034535435,1387,198.776733621493,617088,27.8151245117188
1408,208.879540454893,1370,205.266804279603,618458,27.8151245117188
1409,310.761260701226,1037,207.566074503741,619495,27.8151245117188
1410,195.614700350284,1033,220.350284983005,620528,27.8151245117188
1411,445.842584900205,1752,237.802147579962,622280,27.8151245117188
1412,52.4640140500182,189,233.652980642666,622469,27.8151245117188
1413,286.417139415696,1504,243.707209088986,623973,27.8151245117188
1414,233.907256268285,999,240.373749912906,624972,27.8151245117188
1415,171.83664313213,960,249.064830812726,625932,27.8151245117188
1416,83.0102627877764,238,231.558374741486,626170,27.8151245117188
1417,151.038510144053,1181,213.977191220457,627351,27.8151245117188
1418,84.5961797524161,243,201.548855150209,627594,27.8151245117188
1419,156.011046354582,738,186.073833715545,628332,27.8151245117188
1420,114.358221016928,279,177.948185782209,628611,27.8151245117188
1421,133.923702665114,556,146.7562975587,629167,27.8151245117188
1422,137.161045286592,309,155.226000682357,629476,27.8151245117188
1423,349.138424147655,1183,161.498129155553,630659,28.3623790740967
1424,76.2709833685133,220,145.734501865576,630879,28.3623790740967
1425,272.972696363925,1127,155.848107188755,632006,28.3623790740967
1426,309.287540351207,1119,178.475834945099,633125,28.3623790740967
1427,282.391251744399,1107,191.611109105133,634232,28.3623790740967
1428,349.444036143499,1199,218.095894744241,635431,28.3623790740967
1429,315.156787162481,1154,234.010468825031,636585,28.3623790740967
1430,212.143934742208,740,243.789040197559,637325,28.3623790740967
1431,241.903558541893,936,254.587025785237,638261,28.3623790740967
1432,195.087253405488,731,260.379646597127,638992,28.3623790740967
1433,429.603747113464,1248,268.426178893708,640240,28.3623790740967
1434,420.376636025987,1526,302.836744159455,641766,28.3623790740967
1435,316.013824781354,1179,307.140857001198,642945,28.3623790740967
1436,43.8775784120501,186,280.599860807282,643131,28.3623790740967
1437,369.049715260557,1215,289.265707158898,644346,28.3623790740967
1438,384.718863002158,1204,292.793189844764,645550,28.3623790740967
1439,388.563741587206,1483,300.133885287236,647033,28.3623790740967
1440,33.851769486588,167,282.304668761675,647200,28.3623790740967
1441,287.926646050387,1113,286.906977512524,648313,28.3623790740967
1442,156.892045122799,321,283.087456684255,648634,28.3623790740967
1443,429.81345191379,1262,283.108427164288,649896,28.3623790740967
1444,481.429346856218,1212,289.213698247311,651108,28.3623790740967
1445,141.952451694675,302,271.807560938643,651410,28.3623790740967
1446,489.828468611398,2214,316.402649958578,653624,28.4851875305176
1447,623.911092063744,2500,341.888787638896,656124,28.4851875305176
1448,261.486925818654,1452,329.565593920546,657576,28.4851875305176
1449,431.062384330669,2500,333.815458194892,660076,28.4851875305176
1450,269.294436781046,1645,357.359724924338,661721,28.4851875305176
1451,351.137641611012,1496,363.680824480401,663217,28.4851875305176
1452,584.381038624313,2500,406.429723830552,665717,28.4851875305176
1453,233.881979242288,1640,386.836576563402,667357,28.4851875305176
1454,437.064200724832,1878,382.400061950263,669235,28.4851875305176
1455,162.888950548958,1327,384.493711835691,670562,28.4851875305176
1456,411.975059089664,1869,376.708370883518,672431,28.4851875305176
1457,135.092046567901,1878,327.826466333934,674309,28.4851875305176
1458,491.626839461485,1638,350.840457698217,675947,28.4851875305176
1459,60.5509538721263,187,313.789314652362,676134,28.4851875305176
1460,457.00518315519,1561,332.560389289777,677695,28.4851875305176
1461,652.487897476287,2500,362.695414876304,680195,28.4851875305176
1462,54.1894798154415,190,309.676258995417,680385,28.4851875305176
1463,276.247162194321,1620,313.912777290621,682005,28.4851875305176
1464,627.666500070996,2500,332.973007225237,684505,28.4851875305176
1465,464.88913859534,1599,363.173026029875,686104,28.4851875305176
1466,373.392922753747,1655,359.314812396283,687759,28.4851875305176
1467,237.149589938278,1213,369.520566733321,688972,28.5530548095703
1468,323.244568198924,1923,352.682339607065,690895,28.5530548095703
1469,306.673425648663,1163,377.294586784719,692058,28.5530548095703
1470,393.457536653885,1736,370.939822134588,693794,28.5530548095703
1471,219.747845369077,1365,327.665816923867,695159,28.5530548095703
1472,313.393082973153,1627,353.586177239638,696786,28.5530548095703
1473,198.764028383003,1113,345.837863858506,697899,28.5530548095703
1474,241.334514460676,1120,307.204665297474,699019,28.5530548095703
1475,453.78294267255,2197,306.094045705195,701216,28.5530548095703
1476,258.918662290122,1721,294.646619658833,702937,28.5530548095703
1477,454.566747026985,1917,316.388335367704,704854,28.5530548095703
1478,217.823099897685,1505,305.84618853758,706359,28.5530548095703
1479,381.008474586239,1384,313.279693431338,707743,28.5530548095703
1480,302.580545825557,1494,304.191994348505,709237,28.5530548095703
1481,364.674286027237,1608,318.684638414321,710845,28.5530548095703
1482,478.698310242373,2460,335.215161141243,713305,28.5530548095703
1483,298.135044583365,2154,345.152262761279,715459,28.5530548095703
1484,290.950612884999,1355,350.113872603711,716814,28.5530548095703
1485,325.433925036025,1524,337.278970840059,718338,28.5530548095703
1486,550.104236647646,2500,366.397528275811,720838,28.5530548095703
1487,411.447914932761,1801,362.085645066389,722639,28.5530548095703
1488,401.281793344905,1979,380.431514411111,724618,28.5530548095703
1489,35.9383234929764,154,345.924499301784,724772,28.5530548095703
1490,36.7530642355127,173,319.34175114278,724945,28.5530548095703
1491,80.008041806365,215,290.875126720693,725160,28.5530548095703
1492,450.675773667656,1647,288.072873063221,726807,29.9789390563965
1493,500.148820139597,2304,308.274250618844,729111,29.9789390563965
1494,481.591622443313,2500,327.338351574676,731611,29.9789390563965
1495,218.982099513248,1977,316.693169022398,733588,29.9789390563965
1496,606.134528992475,2011,322.296198256881,735599,29.9789390563965
1497,105.261022729957,1860,291.677509036601,737459,29.9789390563965
1498,533.395326955083,2172,304.888862397618,739631,29.9789390563965
1499,430.27261107131,2071,344.322291155452,741702,29.9789390563965
1500,357.026919331514,1489,376.349676665052,743191,29.9789390563965
1501,731.036165901791,2413,441.452489074594,745604,29.9789390563965
1502,293.782101692563,2364,425.763121877085,747968,29.9789390563965
1503,381.24637328386,1706,413.872877191511,749674,29.9789390563965
1504,168.21562396509,383,382.535277343689,750057,29.9789390563965
1505,491.263570116487,2400,409.763424404013,752457,29.9789390563965
1506,77.1686830633545,221,356.866839811101,752678,29.9789390563965
1507,483.923570341144,2291,394.73309457222,754969,29.9789390563965
1508,52.8180974463768,164,346.675371621349,755133,29.9789390563965
1509,279.838368309807,1337,331.631947345199,756470,29.9789390563965
1510,479.002321781978,2142,343.829487590245,758612,29.9789390563965
1511,32.059013647629,169,273.931772364829,758781,29.9789390563965
1512,129.525829078185,302,257.506145103391,759083,29.9789390563965
1513,313.487949830761,2500,250.730302758081,761583,30.0459403991699
1514,69.9315511824302,2500,240.901895479815,764083,30.0459403991699
1515,487.604575821659,2500,240.535996050332,766583,30.0459403991699
1516,365.372641140393,2500,269.356391858036,769083,30.0459403991699
1517,246.102838235674,2500,245.574318647489,771583,30.0459403991699
1518,244.318601167502,2500,264.724369019602,774083,30.0459403991699
1519,422.915554064691,2500,279.03208759509,776583,30.0459403991699
1520,260.498009382265,2500,257.181656355119,779083,30.0459403991699
1521,588.561589260336,2500,312.83191391639,781583,30.0459403991699
1522,484.133076528551,2500,348.292638661426,784083,30.0459403991699
1523,246.320468709321,2500,341.575890549282,786583,30.0459403991699
1524,260.969108835314,2500,360.679646314571,789083,30.0459403991699
1525,198.833592385185,2500,331.802547970923,791583,30.0459403991699
1526,339.509288806949,2500,329.216212737579,794083,30.0459403991699
1527,314.606578638271,2500,336.066586777839,796583,30.0459403991699
1528,381.59790067297,2500,349.794516728385,799083,30.0459403991699
1529,251.494150129301,2500,332.652376334846,801583,30.0459403991699
1530,587.478495063413,2500,365.350424902961,804083,30.0459403991699
1531,212.59335522584,2500,327.753601499511,806583,30.0459403991699
1532,403.683027000636,2500,319.70859654672,809083,30.0459403991699
1533,342.032144901767,2500,329.279764165965,811583,30.0459403991699
1534,328.209587072393,2500,336.003811989672,814083,30.0459403991699
1535,363.459327451264,2500,352.46638549628,816583,30.0459403991699
1536,358.849860690526,2500,354.400442684638,819083,29.222620010376
1537,638.422508570062,2500,386.782035677817,821583,29.222620010376
1538,614.27008420836,2500,410.049254031356,824083,29.222620010376
1539,410.411012609186,2500,425.940940279345,826583,29.222620010376
1540,460.341761944785,2500,413.227266967482,829083,29.222620010376
1541,471.580472285184,2500,439.125978673416,831583,29.222620010376
1542,479.020394663618,2500,446.659715439715,834083,29.222620010376
1543,450.442063447683,2500,457.500707294306,836583,29.222620010376
1544,633.728486360812,2500,488.052597223148,839083,29.222620010376
1545,596.822597569652,2500,511.388924234987,841583,29.222620010376
1546,615.161401603705,2500,537.020078326305,844083,29.222620010376
1547,381.704146296707,2500,511.348242098969,846583,29.222620010376
1548,378.374405042936,2500,487.758674182427,849083,29.222620010376
1549,593.443028950564,2500,506.061875816565,851583,29.222620010376
1550,520.978379962656,2500,512.125537618352,854083,29.222620010376
1551,335.046089536371,2500,498.472099343471,856583,29.222620010376
1552,443.552884208532,2500,494.925348297962,859083,29.222620010376
1553,636.860653121206,2500,513.567207265314,861583,29.222620010376
1554,508.801956568446,2500,501.074554286078,864083,29.222620010376
1555,499.6837130193,2500,491.360665831042,866583,29.222620010376
1556,620.362550860032,2500,491.880780756675,869083,29.222620010376
1557,487.506246741348,2500,502.460990801139,871583,28.8904666900635
1558,615.211529328063,2500,526.144703229652,874083,28.8904666900635
1559,755.840315831369,2500,542.384431917732,876583,28.8904666900635
1560,695.682340134474,2500,559.854827934914,879083,28.8904666900635
1561,674.943832941914,2500,593.844602275469,881583,28.8904666900635
1562,726.332271405539,2500,622.122540995169,884083,28.8904666900635
1563,815.20487321774,2500,639.956963004823,886583,28.8904666900635
1564,273.974879424624,2500,616.47425529044,889083,28.8904666900635
1565,493.554149639162,2500,615.861298952427,891583,28.8904666900635
1566,686.540823493248,2500,622.479126215748,894083,28.8904666900635
1567,423.385312797232,2500,616.067032821337,896583,28.8904666900635
1568,424.97824478091,2500,597.043704366621,899083,28.8904666900635
1569,788.037595793426,2500,600.263432362827,901583,28.8904666900635
1570,533.572031023573,2500,584.052401451737,904083,28.8904666900635
1571,535.089916586642,2500,570.06700981621,906583,28.8904666900635
1572,267.563368904468,2500,524.190119566102,909083,28.8904666900635
1573,817.47309593042,2500,524.41694183737,911583,28.8904666900635
1574,361.023671360383,2500,533.121821030946,914083,28.8904666900635
1575,589.232173289137,2500,542.689623395944,916583,28.8904666900635
1576,648.656275508202,2500,538.901168597439,919083,28.8904666900635
1577,527.645556401227,2500,549.327192957839,921583,28.8904666900635
1578,741.756910884002,2500,581.005059568148,924083,28.8904666900635
1579,599.828356987366,2500,562.184135687542,926583,28.8904666900635
1580,654.667425240978,2500,574.293675109282,929083,30.0949878692627
1581,584.022009596455,2500,579.186884410264,931583,30.0949878692627
1582,795.751034992501,2500,632.005651019067,934083,30.0949878692627
1583,764.259497992669,2500,626.684291225292,936583,30.0949878692627
1584,681.93766622668,2500,658.775690711922,939083,30.0949878692627
1585,448.703213435042,2500,644.722794726512,941583,30.0949878692627
1586,700.228837549346,2500,649.880050930627,944083,30.0949878692627
1587,622.517693926155,2500,659.367264683119,946583,30.0949878692627
1588,626.154308667177,2500,647.807004461437,949083,30.0949878692627
1589,892.528543550993,2500,677.0770231178,951583,30.0949878692627
1590,375.669843393783,2500,649.17726493308,954083,30.0949878692627
1591,701.709739775987,2500,660.946037951033,956583,30.0949878692627
1592,755.931410587881,2500,656.964075510571,959083,30.0949878692627
1593,595.352981544023,2500,640.073423865707,961583,30.0949878692627
1594,637.569618891223,2500,635.636619132161,964083,30.0949878692627
1595,470.891614856831,2500,637.85545927434,966583,30.0949878692627
1596,1050.81757783904,2500,672.91433330331,969083,30.0949878692627
1597,827.795109038309,2500,693.442074814525,971583,30.0949878692627
1598,805.155210275776,2500,711.342164975385,974083,30.0949878692627
1599,796.92965703102,2500,701.782276323387,976583,30.0949878692627
1600,563.710240165391,2500,720.586316000548,979083,30.0949878692627
1601,803.561092314602,2500,730.77145125441,981583,29.8069248199463
1602,800.312520205988,2500,735.20956221622,984083,29.8069248199463
1603,710.792244499503,2500,746.753488511768,986583,29.8069248199463
1604,799.355866801267,2500,762.932113302773,989083,29.8069248199463
1605,442.641818319554,2500,760.107133649045,991583,29.8069248199463
1606,802.716033355976,2500,735.296979200739,994083,29.8069248199463
1607,661.842487490744,2500,718.701717045982,996583,29.8069248199463
1608,826.422662521846,2500,720.828462270589,999083,29.8069248199463
1609,938.376189113251,2500,734.973115478812,1001583,29.8069248199463
1610,769.904948735864,2500,755.59258633586,1004083,29.8069248199463
1611,804.074722714801,2500,755.64394937588,1006583,29.8069248199463
1612,473.617712194499,2500,722.974468574731,1009083,29.8069248199463
1613,392.705668701233,2500,691.165810994904,1011583,29.8069248199463
1614,470.514393028284,2500,658.281663617605,1014083,29.8069248199463
1615,692.078100988598,2500,683.22529188451,1016583,29.8069248199463
1616,851.105716583561,2500,688.064260207268,1019083,29.8069248199463
1617,638.542130777288,2500,685.734224535923,1021583,29.8069248199463
1618,264.60699337645,2500,629.552657621383,1024083,29.8069248199463
1619,672.131462462764,2500,602.928184956334,1026583,29.8069248199463
1620,834.247622221669,2500,609.362452304915,1029083,29.8069248199463
1621,745.200100578255,2500,603.47499009126,1031583,29.8069248199463
1622,710.659999010693,2500,627.17921877288,1034083,29.8069248199463
1623,749.824650217311,2500,662.891116924488,1036583,29.8069248199463
1624,848.651018648326,2500,700.704779486492,1039083,29.3767642974854
1625,428.230468326215,2500,674.320016220253,1041583,29.3767642974854
1626,763.878450481007,2500,665.597289609998,1044083,29.3767642974854
1627,676.962499358434,2500,669.439326468112,1046583,29.3767642974854
1628,555.908219936097,2500,698.569449124077,1049083,29.3767642974854
1629,797.663806857496,2500,711.12268356355,1051583,29.3767642974854
1630,861.233491710804,2500,713.821270512464,1054083,29.3767642974854
1631,548.210287041776,2500,694.122289158816,1056583,29.3767642974854
1632,155.279409701018,377,638.584230227848,1056960,29.3767642974854
1633,571.752218214466,2500,620.776987027564,1059460,29.3767642974854
1634,511.461596247526,2500,587.058044787484,1061960,29.3767642974854
1635,871.96595375642,2500,631.431593330504,1064460,29.3767642974854
1636,529.082336795831,2500,607.951981961987,1066960,29.3767642974854
1637,819.46338819025,2500,622.202070845168,1069460,29.3767642974854
1638,783.10630164401,2500,644.92187901596,1071960,29.3767642974854
1639,634.014393587862,2500,628.556937688996,1074460,29.3767642974854
1640,769.641260960442,2500,619.39771461396,1076960,29.3767642974854
1641,648.771339724837,2500,629.453819882266,1079460,29.3767642974854
1642,977.084597589094,2500,711.634338671074,1081960,29.3767642974854
1643,617.571717180378,2500,716.216288567665,1084460,29.3767642974854
1644,726.623033578104,2500,737.732432300723,1086960,29.3767642974854
1645,729.785304847337,2500,723.514367409815,1089460,29.0023403167725
1646,701.660829825902,2500,740.772216712822,1091960,29.0023403167725
1647,622.507370337684,2500,721.076614927565,1094460,29.0023403167725
1648,808.772844020004,2500,723.643269165164,1096960,29.0023403167725
1649,662.500815278492,2500,726.491911334227,1099460,29.0023403167725
1650,838.135843050506,2500,733.341369543234,1101960,29.0023403167725
1651,915.413483151759,2500,760.005583885926,1104460,29.0023403167725
1652,954.113960208495,2500,757.708520147866,1106960,29.0023403167725
1653,572.030679997002,2500,753.154416429529,1109460,29.0023403167725
1654,626.543225363644,2500,743.146435608083,1111960,29.0023403167725
1655,755.902462369243,2500,745.758151360273,1114460,29.0023403167725
1656,655.609813217107,2500,741.153049699394,1116960,29.0023403167725
1657,585.949794751849,2500,737.49729214081,1119460,29.0023403167725
1658,782.476642574242,2500,734.867671996234,1121960,29.0023403167725
1659,831.455069969822,2500,751.763097465367,1124460,29.0023403167725
1660,641.327640310465,2500,732.082277191363,1126960,29.0023403167725
1661,668.070007636543,2500,707.347929639841,1129460,29.0023403167725
1662,719.659209883671,2500,683.902454607359,1131960,29.0023403167725
1663,316.550311613762,2500,658.354417769035,1134460,29.0023403167725
1664,855.860887340235,2500,681.286183966694,1136960,29.0023403167725
1665,896.215533828183,2500,695.317491112588,1139460,29.0023403167725
1666,586.330705240561,2500,688.389580314933,1141960,29.0023403167725
1667,483.388041416182,2500,678.133404981367,1144460,29.0023403167725
1668,694.881173773339,2500,669.373858101276,1146960,29.0161056518555
1669,602.934232258998,2500,646.521774330194,1149460,29.0161056518555
1670,708.495610842047,2500,653.238571383352,1151960,29.0161056518555
1671,855.268134781005,2500,671.958384097798,1154460,29.0161056518555
1672,708.989917945593,2500,670.89145490399,1156960,29.0161056518555
1673,842.713336583233,2500,723.507757400937,1159460,29.0161056518555
1674,784.995149960074,2500,716.421183662921,1161960,29.0161056518555
1675,722.303013803438,2500,699.029931660447,1164460,29.0161056518555
1676,783.044006697275,2500,718.701261806118,1166960,29.0161056518555
1677,792.581768004725,2500,749.620634464972,1169460,29.0161056518555
1678,579.412707351828,2500,738.073787822821,1171960,29.0161056518555
1679,950.244645416353,2500,772.804829138557,1174460,29.0161056518555
1680,803.110403039582,2500,782.266308358311,1176960,29.0161056518555
1681,785.995719093878,2500,775.339066789598,1179460,29.0161056518555
1682,846.586356909344,2500,789.098710685973,1181960,29.0161056518555
1683,690.188552044114,2500,773.846232232061,1184460,29.0161056518555
1684,864.992202682041,2500,781.845937504258,1186960,29.0161056518555
1685,832.086228270007,2500,792.824258950915,1189460,29.0161056518555
1686,689.664844821323,2500,783.48634276332,1191960,29.0161056518555
1687,599.09693766983,2500,764.13785972983,1194460,29.0161056518555
1688,817.434375113778,2500,787.940026506025,1196960,29.0161056518555
1689,656.412142738497,2500,758.556776238239,1199460,30.5949211120605
1690,804.714044655894,2500,758.717140399871,1201960,30.5949211120605
1691,993.358265797263,2500,779.453395070209,1204460,30.5949211120605
1692,984.430497032469,2500,793.237809082522,1206960,30.5949211120605
1693,866.487323081897,2500,810.8676861863,1209460,30.5949211120605
1694,857.299637896371,2500,810.098429707733,1211960,30.5949211120605
1695,873.636218500444,2500,814.253428730777,1214460,30.5949211120605
1696,1046.04973281353,2500,849.891917529998,1216960,30.5949211120605
1697,1054.82224998937,2500,895.464448761952,1219460,30.5949211120605
1698,700.416450672411,2500,883.762656317815,1221960,30.5949211120605
1699,1093.41780830586,2500,927.463222874552,1224460,30.5949211120605
1700,830.556268634743,2500,930.047445272437,1226960,30.5949211120605
1701,884.342210943072,2500,919.145839787017,1229460,30.5949211120605
1702,940.281210067557,2500,914.730911090526,1231960,30.5949211120605
1703,916.859635530036,2500,919.76814233534,1234460,30.5949211120605
1704,917.971639530226,2500,925.835342498726,1236960,30.5949211120605
1705,799.782596158654,2500,918.449980264547,1239460,30.5949211120605
1706,814.309317860156,2500,895.275938769209,1241960,30.5949211120605
1707,799.89102686956,2500,869.782816457228,1244460,30.5949211120605
1708,811.268694297316,2500,880.868040819718,1246960,30.5949211120605
1709,970.911642450387,2500,868.617424234171,1249460,30.5949211120605
1710,835.593174532222,2500,869.121114823919,1251960,30.5949211120605
1711,1097.92472478573,2500,890.479366208184,1254460,30.5949211120605
1712,926.348874100874,2500,889.086132611516,1256960,29.4091014862061
1713,878.834307744987,2500,885.283599833011,1259460,29.4091014862061
1714,921.857748596857,2500,885.672210739674,1261960,29.4091014862061
1715,904.739841799941,2500,896.167935303803,1264460,29.4091014862061
1716,958.617676891988,2500,910.598771206986,1266960,29.4091014862061
1717,964.293548953146,2500,927.039023415344,1269460,29.4091014862061
1718,1091.13914024751,2500,955.026068010364,1271960,29.4091014862061
1719,654.193559845769,2500,923.354259749902,1274460,29.4091014862061
1720,679.591244395987,2500,907.754066736279,1276960,29.4091014862061
1721,974.767917466034,2500,895.43838600431,1279460,29.4091014862061
1722,913.414125876759,2500,894.144911181898,1281960,29.4091014862061
1723,917.984933191675,2500,898.059973726567,1284460,29.4091014862061
1724,764.023303054741,2500,882.276529172355,1286960,29.4091014862061
1725,894.054492571707,2500,881.207994249532,1289460,29.4091014862061
1726,827.974955920673,2500,868.143722152401,1291960,29.4091014862061
1727,1018.26488636299,2500,873.540855893385,1294460,29.4091014862061
1728,850.178756851315,2500,849.444817553765,1296960,29.4091014862061
1729,786.280751175297,2500,862.653536686718,1299460,29.4091014862061
1730,867.208486999309,2500,881.41526094705,1301960,29.4091014862061
1731,656.703573468741,2500,849.608826547321,1304460,29.4091014862061
1732,973.554546524672,2500,855.622868612112,1306960,29.4091014862061
1733,930.740241847603,2500,856.898399477705,1309460,29.3921966552734
1734,475.639164265581,2500,828.059985598789,1311960,29.3921966552734
1735,717.541778008336,2500,810.408714142452,1314460,29.3921966552734
1736,991.618765390454,2500,826.77309508943,1316960,29.3921966552734
1737,909.999381444143,2500,815.946544597545,1319460,29.3921966552734
1738,584.044686526238,2500,789.333137565038,1321960,29.3921966552734
1739,734.526203754906,2500,784.157682822998,1324460,29.3921966552734
1740,459.976063386705,2500,743.434440461738,1326960,29.3921966552734
1741,831.847433472029,2500,760.948826462067,1329460,29.3921966552734
1742,763.600889677666,2500,739.953460777366,1331960,29.3921966552734
1743,671.811489046734,2500,714.060585497279,1334460,29.3921966552734
1744,638.278649413612,2500,730.324534012082,1336960,29.3921966552734
1745,1080.78017094122,2500,766.648373305371,1339460,29.3921966552734
1746,984.534010814398,2500,765.939897847765,1341960,29.3921966552734
1747,1028.48660909443,2500,777.788620612794,1344460,29.3921966552734
1748,764.652051027866,2500,795.849357062957,1346960,29.3921966552734
1749,814.376727078204,2500,803.834409395286,1349460,29.3921966552734
1750,921.112291420427,2500,849.948032198659,1351960,29.3921966552734
1751,982.397551122218,2500,865.003043963678,1354460,29.3921966552734
1752,636.62629373881,2500,852.305584369792,1356960,29.3921966552734
1753,513.95145688955,2500,836.519581154074,1359460,29.3921966552734
1754,929.842523299895,2500,865.675968542702,1361960,29.3921966552734
1755,767.652658333354,2500,834.363217281915,1364460,29.3921966552734
1756,1225.25813094219,2500,858.435629294695,1366960,29.9557933807373
1757,1151.60734370934,2500,870.747702756186,1369460,29.9557933807373
1758,806.476042785154,2500,874.930101931915,1371960,29.9557933807373
1759,930.373017682826,2500,886.529730992377,1374460,29.9557933807373
1760,1137.56781676997,2500,908.175283527331,1376960,29.9557933807373
1761,1229.43782290798,2500,932.879310705907,1379460,29.9557933807373
1762,974.663102293929,2500,966.682991561419,1381960,29.9557933807373
1763,1128.19156212922,2500,1028.10700208539,1384460,29.9557933807373
1764,1173.42302472012,2500,1052.46505222741,1386960,29.9557933807373
1765,991.462306585626,2500,1074.84601705263,1389460,29.9557933807373
1766,898.660898481067,2500,1042.18629380652,1391960,29.9557933807373
1767,1013.73891962663,2500,1028.39945139825,1394460,29.9557933807373
1768,1222.94530945233,2500,1070.04637806497,1396960,29.9557933807373
1769,766.02750864169,2500,1053.61182716086,1399460,29.9557933807373
1770,1120.25180751209,2500,1051.88022623507,1401960,29.9557933807373
1771,1232.61964379034,2500,1052.1984083233,1404460,29.9557933807373
1772,1157.43506624872,2500,1070.47560471878,1406960,29.9557933807373
1773,1232.83851650416,2500,1080.94030015628,1409460,29.9557933807373
1774,868.277509344856,2500,1050.42574861875,1411960,29.9557933807373
1775,1121.30382317025,2500,1063.40990027721,1414460,29.9557933807373
1776,1246.52301777572,2500,1098.19611220668,1416960,29.9557933807373
1777,475.910667476,2500,1044.41328699161,1419460,30.3124027252197
1778,1125.84309328762,2500,1034.70306537514,1421960,30.3124027252197
1779,608.522645054669,2500,1018.95257901644,1424460,30.3124027252197
1780,1121.74514510497,2500,1019.10191277573,1426960,30.3124027252197
1781,769.166844451586,2500,972.756632841855,1429460,30.3124027252197
1782,480.367801279477,2500,905.049906344931,1431960,30.3124027252197
1783,922.505366255315,2500,874.016591320046,1434460,30.3124027252197
1784,1149.47418426642,2500,902.136258812203,1436960,30.3124027252197
1785,884.135635450467,2500,878.419440040224,1439460,30.3124027252197
1786,1305.02356717875,2500,884.269494980527,1441960,30.3124027252197
1787,1012.92544405379,2500,937.970972638307,1444460,30.3124027252197
1788,851.235983757661,2500,910.510261685311,1446960,30.3124027252197
1789,1138.83891075942,2500,963.541888255786,1449460,30.3124027252197
1790,1200.16943260447,2500,971.384317005736,1451960,30.3124027252197
1791,1126.26770995867,2500,1007.09440355644,1454460,30.3124027252197
1792,530.641156448346,2500,1012.12173907333,1456960,30.3124027252197
1793,1150.39573216996,2500,1034.9107756648,1459460,30.3124027252197
1794,1233.30910639041,2500,1043.29426787719,1461960,30.3124027252197
1795,1186.34716470443,2500,1073.51542080259,1464460,30.3124027252197
1796,864.132642230348,2500,1029.42632830775,1466960,30.3124027252197
1797,1165.93940008089,2500,1044.72772391046,1469460,30.3124027252197
1798,1268.94963974121,2500,1086.49908950882,1471960,30.3124027252197
1799,1288.71332497876,2500,1101.48653093075,1474460,30.3124027252197
1800,1044.86006205389,2500,1085.95559387569,1476960,29.7833652496338
1801,915.941185428213,2500,1064.92294142265,1479460,29.7833652496338
1802,386.20156910446,2500,1050.47898268826,1481960,29.7833652496338
1803,538.158475093644,2500,989.255256980626,1484460,29.7833652496338
1804,727.491016688589,2500,938.673448010445,1486960,29.7833652496338
1805,844.247165063827,2500,904.463448046384,1489460,29.7833652496338
1806,959.959059271007,2500,914.04608975045,1491960,29.7833652496338
1807,523.800376762245,2500,849.832187418585,1494460,29.7833652496338
1808,981.023958261938,2500,821.039619270658,1496960,29.7833652496338
1809,1141.48183929896,2500,806.316470702678,1499460,29.7833652496338
1810,1044.71176983857,2500,806.301641481145,1501960,29.7833652496338
1811,1255.08031135645,2500,840.215554073968,1504460,29.7833652496338
1812,775.548607707918,2500,879.150257934314,1506960,29.7833652496338
1813,742.543165915153,2500,899.588727016465,1509460,29.7833652496338
1814,753.944781941852,2500,902.234103541791,1511960,29.7833652496338
1815,922.628260739289,2500,910.072213109338,1514460,29.7833652496338
1816,742.040170477885,2500,888.280324230025,1516960,29.7833652496338
1817,1126.13690043144,2500,948.513976596945,1519460,29.7833652496338
1818,798.234893197611,2500,930.235070090512,1521960,29.7833652496338
1819,1066.91535532926,2500,922.778421693542,1524460,29.7833652496338
1820,729.360351001693,2500,891.243279809855,1526960,29.7833652496338
1821,548.706094742529,2500,820.605858148463,1529460,30.3403129577637
1822,265.01907086677,2500,769.552904464348,1531960,30.3403129577637
1823,89.5372370334405,2500,704.252311576177,1534460,30.3403129577637
1824,673.574834368901,2500,696.215316818882,1536960,30.3403129577637
1825,1163.84844045146,2500,720.337334790099,1539460,30.3403129577637
1826,875.586466918128,2500,733.691964434123,1541960,30.3403129577637
1827,192.411775863574,2500,640.319451977337,1544460,30.3403129577637
1828,1228.01936836619,2500,683.297899494194,1546960,30.3403129577637
1829,281.748962742465,2500,604.781260235515,1549460,30.3403129577637
1830,63.2123341086523,2500,538.16645854621,1551960,30.3403129577637
1831,330.674718663539,2500,516.363320938311,1554460,30.3403129577637
1832,946.381423745245,2500,584.499556226159,1556960,30.3403129577637
1833,644.205224680124,2500,639.966354990827,1559460,30.3403129577637
1834,256.439954829972,2500,598.252867036934,1561960,30.3403129577637
1835,890.358242996837,2500,570.903847291472,1564460,30.3403129577637
1836,992.495785159699,2500,582.59477911563,1566960,30.3403129577637
1837,1276.08759105518,2500,690.96236063479,1569460,30.3403129577637
1838,287.88253497467,2500,596.948677295638,1571960,30.3403129577637
1839,1224.64315321735,2500,691.238096343127,1574460,30.3403129577637
1840,348.454152998044,2500,719.762278232066,1576960,30.3403129577637
1841,538.044013047533,2500,740.499207670466,1579460,30.3403129577637
1842,918.183618817871,2500,737.679427177728,1581960,30.3403129577637
1843,334.882507200028,2500,706.747155429719,1584460,30.3403129577637
1844,-36.339449603146,2500,677.469214986407,1586960,30.2551498413086
1845,-552.029797053381,2500,533.230410981385,1589460,30.2551498413086
1846,-120.938482410091,2500,421.886984224406,1591960,30.2551498413086
1847,607.535133685546,2500,355.031738487443,1594460,30.2551498413086
1848,-398.562158443678,2500,286.387269145608,1596960,30.2551498413086
1849,50.8367723241832,2500,169.006631056291,1599460,30.2551498413086
1850,-540.320591396146,2500,80.129156616872,1601960,30.2551498413086
1851,132.032809819966,2500,39.5280362941152,1604460,30.2551498413086
1852,-556.066438405863,2500,-107.896969428258,1606960,30.2551498413086
1853,188.284550059406,2500,-122.55676514232,1609460,30.2551498413086
1854,-199.667852100713,2500,-138.889605392077,1611960,30.2551498413086
1855,-91.857896821543,2500,-92.8724153688933,1614460,30.2551498413086
1856,162.685252591106,2500,-64.5100418687735,1616960,30.2551498413086
1857,441.721806584745,2500,-81.0913745788537,1619460,30.2551498413086
1858,64.8547260174522,2500,-34.7496861327406,1621960,30.2551498413086
1859,-189.376074873879,2500,-58.7709708525469,1624460,30.2551498413086
1860,309.344441184057,2500,26.1955324054734,1626960,30.2551498413086
1861,-62.0908415762695,2500,6.78316726584989,1629460,30.2551498413086
1862,-288.408137696136,2500,33.5489973368226,1631960,30.2551498413086
1863,229.746316440582,2500,37.6951739749402,1634460,30.2551498413086
1864,-417.09116515803,2500,15.9528426692085,1636960,30.2551498413086
1865,-10.2272443194828,2500,24.1159079194145,1639460,30.0890426635742
1866,-67.3683569770346,2500,1.1105469626004,1641960,30.0890426635742
1867,546.914362628219,2500,11.6298025669477,1644460,30.0890426635742
1868,29.4161713107124,2500,8.08594709627376,1646960,30.0890426635742
1869,780.945191865139,2500,105.118073770176,1649460,30.0890426635742
1870,3.19416949190169,2500,74.5030466009601,1651960,30.0890426635742
1871,-111.1852140893,2500,69.593609349657,1654460,30.0890426635742
1872,1005.76119047157,2500,199.010542166427,1656960,30.0890426635742
1873,1066.92666084028,2500,282.728576606397,1659460,30.0890426635742
1874,233.749224752332,2500,347.812615597433,1661960,30.0890426635742
1875,-450.431999830989,2500,303.792140046283,1664460,30.0890426635742
1876,-112.10305278302,2500,299.318670465684,1666960,30.0890426635742
1877,855.293694996225,2500,330.156603702485,1669460,30.0890426635742
1878,465.470555012927,2500,373.762042072706,1671960,30.0890426635742
1879,538.38941151427,2500,349.506464037619,1674460,30.0890426635742
1880,950.724636716622,2500,444.259510760091,1676960,30.0890426635742
1881,536.173397756486,2500,508.99537194467,1679460,30.0890426635742
1882,332.533510278789,2500,441.672603925392,1681960,30.0890426635742
1883,1034.32960522781,2500,438.412898364145,1684460,30.0890426635742
1884,-182.015252599614,2500,396.836450628951,1686960,30.0890426635742
1885,251.466382333592,2500,467.026288845409,1689460,30.0890426635742
1886,-14.4826398438981,2500,476.788330139321,1691960,30.0890426635742
1887,398.133965709841,2500,431.072357210682,1694460,30.0890426635742
1888,-265.732842028057,1624,357.952017506584,1696084,31.7137603759766
1889,116.384095259615,2500,315.751485881118,1698584,31.7137603759766
1890,-1090.76096066158,2500,111.602926143298,1701084,31.7137603759766
1891,17.4088400877065,661,59.7264703764201,1701745,31.7137603759766
1892,-509.009498611275,2500,-24.4278305125863,1704245,31.7137603759766
1893,-1187.21523876129,2500,-246.582314911496,1706745,31.7137603759766
1894,-351.013672268995,2500,-263.482156878434,1709245,31.7137603759766
1895,-870.212265513973,2500,-375.650021663191,1711745,31.7137603759766
1896,-827.646153929007,2500,-456.966373071702,1714245,31.7137603759766
1897,-723.582664602947,2500,-569.138036102981,1716745,31.7137603759766
1898,165.933087362451,348,-525.97144316393,1717093,31.7137603759766
1899,-1084.13562050668,2500,-646.023414740559,1719593,31.7137603759766
1900,-856.892449589107,2500,-622.636563633312,1722093,31.7137603759766
1901,-887.6050200315,2500,-713.137949645232,1724593,31.7137603759766
1902,-979.856117634757,2500,-760.22261154758,1727093,31.7137603759766
1903,-359.198604927129,2500,-677.420948164164,1729593,31.7137603759766
1904,-868.121567919049,2500,-729.131737729169,1732093,31.7137603759766
1905,-877.042000687272,2500,-729.814711246499,1734593,31.7137603759766
1906,161.748880779156,783,-630.875207775683,1735376,31.7137603759766
1907,-817.820588082312,2500,-640.29900012362,1737876,31.7137603759766
1908,-335.760875831965,2500,-690.468396443061,1740376,31.7137603759766
1909,-651.403271196599,2500,-647.195161512053,1742876,29.1560001373291
1910,-666.446894665783,2500,-628.150606019721,1745376,29.1560001373291
1911,-804.429954329322,2500,-619.833099449503,1747876,29.1560001373291
1912,-351.443752370878,2500,-556.991862923115,1750376,29.1560001373291
1913,-565.898013880889,2500,-577.661803818491,1752876,29.1560001373291
1914,-660.435673255814,2500,-556.893214352168,1755376,29.1560001373291
1915,-776.536123070721,2500,-546.842626590513,1757876,29.1560001373291
1916,-512.040029451501,2500,-614.221517613579,1760376,29.1560001373291
1917,-554.616265595623,2500,-587.90108536491,1762876,29.1560001373291
1918,-550.081494633732,2500,-609.333147245086,1765376,29.1560001373291
1919,60.58643216418,2500,-538.134176909008,1767876,29.1560001373291
1920,-128.317171641581,2500,-484.321204606588,1770376,29.1560001373291
1921,-859.186673231148,2500,-489.796876496771,1772876,29.1560001373291
1922,-86.2441511677362,2500,-463.276916376456,1775376,29.1560001373291
1923,-617.835160056582,2500,-468.470630994026,1777876,29.1560001373291
1924,-578.652818809985,2500,-460.292345549443,1780376,29.1560001373291
1925,-853.1457533531,2500,-467.953308577681,1782876,29.1560001373291
1926,-479.000358742671,2500,-464.649341506798,1785376,29.1560001373291
1927,-743.375977385269,2500,-483.525312685762,1787876,29.1560001373291
1928,134.823365071414,2500,-415.034826715248,1790376,29.1560001373291
1929,-546.885519659951,2500,-475.782021897661,1792876,29.1560001373291
1930,-524.924745614703,2500,-515.442779294973,1795376,29.1560001373291
1931,-511.749879106599,2500,-480.699099882518,1797876,29.1560001373291
1932,-792.328304058558,2500,-551.3075151716,1800376,30.3763561248779
1933,-336.333325238264,2500,-523.157331689769,1802876,30.3763561248779
1934,-213.86654824857,2500,-486.678704633627,1805376,30.3763561248779
1935,-702.165431706548,2500,-471.580672468972,1807876,30.3763561248779
1936,-487.068143349322,2500,-472.387450929637,1810376,30.3763561248779
1937,-472.025092227928,2500,-445.252362413903,1812876,30.3763561248779
1938,-434.451009542317,2500,-502.179799875276,1815376,30.3763561248779
1939,-673.874180074767,2500,-514.878665916758,1817876,30.3763561248779
1940,-721.124237936496,2500,-534.498615148937,1820376,30.3763561248779
1941,-751.554886399736,2500,-558.479115878251,1822876,30.3763561248779
1942,-505.080127140985,2500,-529.754298186493,1825376,30.3763561248779
1943,-485.598190831726,2500,-544.680784745839,1827876,30.3763561248779
1944,-131.839559819504,2500,-536.478085902933,1830376,30.3763561248779
1945,-666.385724755287,2500,-532.900115207807,1832876,30.3763561248779
1946,-582.596523047901,2500,-542.452953177665,1835376,30.3763561248779
1947,249.281639431315,2500,-470.32228001174,1837876,30.3763561248779
1948,-491.924072913974,2500,-476.069586348906,1840376,30.3763561248779
1949,-727.907684622662,2500,-481.472936803695,1842876,30.3763561248779
1950,-666.432177118889,2500,-476.003730721935,1845376,30.3763561248779
1951,-746.49369643744,2500,-475.497611725705,1847876,30.3763561248779
1952,-689.132996769617,2500,-493.902898688568,1850376,30.3763561248779
1953,187.435335542315,2500,-426.599546051164,1852876,30.5163345336914
1954,-548.404229124209,2500,-468.256012981635,1855376,30.5163345336914
1955,-693.475977734916,2500,-470.965038279598,1857876,30.5163345336914
1956,103.599374422574,2500,-402.34544853255,1860376,30.5163345336914
1957,-359.705799574835,2500,-463.244192433165,1862876,30.5163345336914
1958,-64.2796138821549,2500,-420.479746529983,1865376,30.5163345336914
1959,-424.922238886161,2500,-390.181201956333,1867876,30.5163345336914
1960,301.630045223197,2500,-293.374979722125,1870376,30.5163345336914
1961,-439.250743552154,2500,-262.650684433596,1872876,30.5163345336914
1962,-497.238342960917,2500,-243.461219052726,1875376,30.5163345336914
1963,-532.287576290367,2500,-315.433510235994,1877876,30.5163345336914
1964,-196.436854302038,2500,-280.236772753777,1880376,30.5163345336914
1965,-670.354826512582,2500,-277.924657631544,1882876,30.5163345336914
1966,-363.87225234773,2500,-324.671820308574,1885376,30.5163345336914
1967,-60.6489801930254,2500,-294.766138370393,1887876,30.5163345336914
1968,-406.344236445866,2500,-328.972600626764,1890376,30.5163345336914
1969,-354.185615166722,2500,-321.898938254821,1892876,30.5163345336914
1970,-534.14577004175,2500,-405.476519781315,1895376,30.5163345336914
1971,-674.618436379413,2500,-429.013289064041,1897876,30.5163345336914
1972,-604.723031400368,2500,-439.761757907986,1900376,30.5163345336914
1973,142.19698165869,2500,-372.313302113081,1902876,30.5163345336914
1974,-696.04272385003,2500,-422.27388906788,1905376,30.5163345336914
1975,-408.038865790152,2500,-396.042292995637,1907876,30.5163345336914
1976,-431.643390993327,2500,-402.819406860197,1910376,29.2780075073242
1977,-480.755943881736,2500,-444.830103229068,1912876,29.2780075073242
1978,-343.502067953705,2500,-438.545886379851,1915376,29.2780075073242
1979,-388.746826937305,2500,-442.00200755691,1917876,29.2780075073242
1980,-505.04974499174,2500,-439.092405051909,1920376,29.2780075073242
1981,243.982728746498,2500,-347.232288539317,1922876,29.2780075073242
1982,378.412685965866,2500,-248.918716802694,1925376,29.2780075073242
1983,-655.413484560882,2500,-328.679763424651,1927876,29.2780075073242
1984,-572.435658014942,2500,-316.319056841142,1930376,29.2780075073242
1985,-591.868943158083,2500,-334.702064577936,1932876,29.2780075073242
1986,-508.597120687584,2500,-342.397437547361,1935376,29.2780075073242
1987,-470.573711255613,2500,-341.379214284749,1937876,29.2780075073242
1988,-580.20237154742,2500,-365.04924464412,1940376,29.2780075073242
1989,-392.969565762178,2500,-365.471518526608,1942876,29.2780075073242
1990,-228.94503147345,2500,-337.861047174779,1945376,29.2780075073242
1991,-341.53421195722,2500,-396.412741245151,1947876,29.2780075073242
1992,-528.202893861814,2500,-487.074299227919,1950376,29.2780075073242
1993,-565.241766040783,2500,-478.057127375909,1952876,29.2780075073242
1994,-196.848848028562,2500,-440.498446377271,1955376,29.2780075073242
1995,147.197527975097,2500,-366.591799263953,1957876,29.2780075073242
1996,-347.368021212627,2500,-350.468889316457,1960376,29.2780075073242
1997,24.1926172554743,2500,-300.992256465348,1962876,29.3356037139893
1998,258.918050313332,2500,-217.080214279273,1965376,29.3356037139893
1999,60.4365447667388,2500,-171.739603226381,1967876,29.3356037139893
2000,-103.118810905728,2500,-159.156981169609,1970376,29.3356037139893
2001,186.189301327524,2500,-106.384629841135,1972876,29.3356037139893
2002,125.981304879231,2500,-40.9662099670304,1975376,29.3356037139893
2003,-112.601797808717,2500,4.29778685617623,1977876,29.3356037139893
2004,628.746365810114,2500,86.8573082400439,1980376,29.3356037139893
2005,171.381039274831,2500,89.2756593700173,1982876,29.3356037139893
2006,28.6350564394877,2500,126.875967135229,1985376,29.3356037139893
2007,-172.432732954613,2500,107.21343211422,1987876,29.3356037139893
2008,197.85232977223,2500,101.10686006011,1990376,29.3356037139893
2009,-19.2693125807431,2500,93.1362743253616,1992876,29.3356037139893
2010,-108.669240346356,2500,92.5812313812988,1995376,29.3356037139893
2011,-136.079665608591,2500,60.3543346876874,1997876,29.3356037139893
2012,154.271798495064,2500,63.1833840492707,2000376,29.3356037139893
2013,53.5497826577052,2500,79.7985420959129,2002876,29.3356037139893
2014,-38.3192922026541,2500,13.0919762946361,2005376,29.3356037139893
2015,-105.725801591568,2500,-14.6187077920037,2007876,29.3356037139893
2016,651.870147140743,2500,47.7048012781218,2010376,29.3356037139893
2017,-7.11729918911539,2500,64.2363446546715,2012876,29.3356037139893
2018,-12.6839444526025,2500,43.1827172321883,2015376,29.3356037139893
2019,461.291614548724,2500,91.238809945135,2017876,29.3356037139893
2020,-26.6687550182112,2500,99.4388584779494,2020376,29.4318656921387
2021,230.400196925635,2500,136.086844731372,2022876,29.4318656921387
2022,289.940450859263,2500,149.653709967792,2025376,29.4318656921387
2023,386.00149279815,2500,182.898880981836,2027876,29.4318656921387
2024,373.604112709536,2500,224.091221473055,2030376,29.4318656921387
2025,282.354916783802,2500,262.899293310592,2032876,29.4318656921387
2026,60.8726851301104,2500,203.799547109529,2035376,29.4318656921387
2027,239.337521176169,2500,228.445029146058,2037876,29.4318656921387
2028,401.908744229842,2500,269.904298014302,2040376,29.4318656921387
2029,442.215765696114,2500,267.996713129041,2042876,29.4318656921387
2030,249.514921625702,2500,295.615080793432,2045376,29.4318656921387
2031,338.175308306181,2500,306.392591931487,2047876,29.4318656921387
2032,78.5962268111207,2500,285.258169526673,2050376,29.4318656921387
2033,422.203076056507,2500,288.878327852508,2052876,29.4318656921387
2034,455.662892734111,2500,297.084205854966,2055376,29.4318656921387
2035,89.6776580828494,2500,277.816479984871,2057876,29.4318656921387
2036,262.476921123078,2500,297.976903584167,2060376,29.4318656921387
2037,275.031836465379,2500,301.546335113088,2062876,29.4318656921387
2038,661.347363347691,2500,327.490197024873,2065376,29.4318656921387
2039,224.572450024125,2500,305.725865457675,2067876,29.4318656921387
2040,317.210728741074,2500,312.495446169212,2070376,29.4318656921387
2041,931.052483706495,2500,371.783163709243,2072876,29.9696846008301
2042,538.855176767774,2500,417.809058704909,2075376,29.9696846008301
2043,380.787205825809,2500,413.667471681839,2077876,29.9696846008301
2044,381.581032145265,2500,406.259285622954,2080376,29.9696846008301
2045,1006.15714402459,2500,497.907234217129,2082876,29.9696846008301
2046,1027.3890310046,2500,574.398445205281,2085376,29.9696846008301
2047,543.207517185162,2500,601.216013277259,2087876,29.9696846008301
2048,512.527048243589,2500,586.333981766849,2090376,29.9696846008301
2049,337.526731336687,2500,597.629409898105,2092876,29.9696846008301
2050,535.236406002625,2500,619.43197762426,2095376,29.9696846008301
2051,364.516547674213,2500,562.778384021032,2097876,29.9696846008301
2052,315.924678190149,2500,540.48533416327,2100376,29.9696846008301
2053,368.305931910327,2500,539.237206771722,2102876,29.9696846008301
2054,194.752733726231,2500,520.554376929818,2105376,29.9696846008301
2055,199.00250789446,2500,439.838913316805,2107876,29.9696846008301
2056,930.350437254028,2500,430.135053941747,2110376,29.9696846008301
2057,922.939244086497,2500,468.108226631881,2112876,29.9696846008301
2058,222.51431893609,2500,439.106953701131,2115376,29.9696846008301
2059,388.467501955797,2500,444.201030763042,2117876,29.9696846008301
2060,878.960623923945,2500,478.573452555174,2120376,29.9696846008301
2061,217.177002673466,2500,463.839498055099,2122876,29.9696846008301
2062,118.238567232747,2500,444.070886959359,2125376,29.9696846008301
2063,347.347814027242,2500,441.97507517105,2127876,29.9696846008301
2064,776.26754807549,2500,500.126556605976,2130376,29.3168716430664
2065,562.872327008297,2500,536.51353851736,2132876,29.3168716430664
2066,724.88621131833,2500,515.96711592379,2135376,29.3168716430664
2067,565.205885267323,2500,480.193780041873,2137876,29.3168716430664
2068,616.598931588298,2500,519.602241307093,2140376,29.3168716430664
2069,726.46949811059,2500,553.402440922573,2142876,29.3168716430664
2070,678.963001456951,2500,533.402678675873,2145376,29.3168716430664
2071,904.536759587502,2500,602.138654367277,2147876,29.3168716430664
2072,756.030210991395,2500,665.917818743142,2150376,29.3168716430664
2073,1234.57201751321,2500,754.640239091738,2152876,29.3168716430664
2074,635.164024087202,2500,740.529886692909,2155376,29.3168716430664
2075,760.179292570632,2500,760.260583249143,2157876,29.3168716430664
2076,750.091803455981,2500,762.781142462908,2160376,29.3168716430664
2077,524.275185267018,2500,758.688072462878,2162876,29.3168716430664
2078,950.543825794026,2500,792.08256188345,2165376,29.3168716430664
2079,323.482159030544,646,751.783827975446,2166022,29.3168716430664
2080,635.793756020722,2500,747.466903431823,2168522,29.3168716430664
2081,595.558775476549,2500,716.569105020728,2171022,29.3168716430664
2082,456.84308000655,2500,686.650391922243,2173522,29.3168716430664
2083,705.402888531487,2500,633.733479024071,2176022,29.3168716430664
2084,726.29140523003,2500,642.846217138354,2178522,29.3168716430664
2085,460.075258027024,1634,612.835813683993,2180156,28.8080406188965
2086,1132.90340848162,2500,651.116974186557,2182656,28.8080406188965
2087,527.529560249713,1661,651.442411684826,2184317,28.8080406188965
2088,697.868381093331,2146,626.174867214757,2186463,28.8080406188965
2089,991.138692548126,2339,692.940520566515,2188802,28.8080406188965
2090,1075.35970091963,2500,736.897115056405,2191302,28.8080406188965
2091,1024.8912937102,2500,779.830366879771,2193802,28.8080406188965
2092,1025.61401183068,2500,836.707460062184,2196302,28.8080406188965
2093,1041.86169218592,2500,870.353340427627,2198802,28.8080406188965
2094,1027.74227022707,2500,900.498426927331,2201302,28.8080406188965
2095,1042.96701020173,2500,958.787602144801,2203802,28.8080406188965
2096,665.489319806236,2500,912.046193277263,2206302,28.8080406188965
2097,1089.30393542293,2500,968.223630794585,2208802,28.8080406188965
2098,1084.04572688045,2500,1006.8413653733,2211302,28.8080406188965
2099,802.533936567143,2500,987.980889775199,2213802,28.8080406188965
2100,1051.77841775804,2500,985.62276145904,2216302,28.8080406188965
2101,710.657276379774,2313,954.199359725997,2218615,28.8080406188965
2102,763.018873820674,2500,927.939845924997,2221115,28.8080406188965
2103,795.639682125386,2500,903.317644918943,2223615,28.8080406188965
2104,791.562988375193,2500,879.699716733756,2226115,28.8080406188965
2105,1159.48871170826,2500,891.351886884409,2228615,28.8080406188965
2106,1208.03465235429,2500,945.606420139214,2231115,28.8080406188965
2107,798.644594302127,2500,916.540486027133,2233615,28.8080406188965
2108,954.65094556392,2500,903.60100789548,2236115,29.9671459197998
2109,495.519524700812,2500,872.899566708847,2238615,29.9671459197998
2110,593.550182605606,2500,827.076743193604,2241115,29.9671459197998
2111,501.002167331053,2500,806.111232288732,2243615,29.9671459197998
2112,1189.42425885502,2500,848.751770792166,2246115,29.9671459197998
2113,924.2910386097,2500,861.616906440598,2248615,29.9671459197998
2114,526.890543727696,2500,835.149661975848,2251115,29.9671459197998
2115,1239.14892543327,2500,843.11568334835,2253615,29.9671459197998
2116,1052.40069694495,2500,827.552287807416,2256115,29.9671459197998
2117,451.301938571995,2500,792.818022234403,2258615,29.9671459197998
2118,820.5500178939,2500,779.407929467401,2261115,29.9671459197998
2119,1205.25945689301,2500,850.381922686621,2263615,29.9671459197998
2120,391.013312226163,2500,830.128235648677,2266115,29.9671459197998
2121,1031.42513832552,2500,883.170532748123,2268615,29.9671459197998
2122,997.384192350063,2500,863.966526097627,2271115,29.9671459197998
2123,625.935751910203,2500,834.130997427678,2273615,29.9671459197998
2124,689.869423967414,2500,850.428885451649,2276115,29.9671459197998
2125,387.000332551195,940,765.214026163442,2277055,29.9671459197998
2126,1070.42955887516,2500,767.016912356462,2279555,29.9671459197998
2127,462.132016418397,2500,768.099920141102,2282055,29.9671459197998
2128,1069.30386468923,2500,792.975304820635,2284555,29.9671459197998
2129,705.41253106746,2500,742.99061223808,2287055,30.2603492736816
2130,1000.45826903853,2500,803.935107919317,2289555,30.2603492736816
2131,738.993394724101,2500,774.691933559175,2292055,30.2603492736816
2132,1269.80100705982,2500,801.933615030151,2294555,30.2603492736816
2133,677.736080356723,2500,807.113647874803,2297055,30.2603492736816
2134,1275.04739721008,2500,865.63144519907,2299555,30.2603492736816
2135,827.483089188967,2500,909.679720862847,2302055,30.2603492736816
2136,1285.69103264472,2500,931.205868239804,2304555,30.2603492736816
2137,415.868280121602,1122,926.579494610124,2305677,30.2603492736816
2138,557.884941308494,2500,875.437602272051,2308177,30.2603492736816
2139,1046.91748172113,2500,909.588097337417,2310677,30.2603492736816
2140,1175.82054571948,2500,927.124325005512,2313177,30.2603492736816
2141,504.923218170644,2500,903.717307350166,2315677,30.2603492736816
2142,890.053676794389,2500,865.742574323623,2318177,30.2603492736816
2143,602.637364364498,2500,858.2327027244,2320677,30.2603492736816
2144,472.218215331081,2500,777.9497845365,2323177,30.2603492736816
2145,311.683714811043,2500,726.369847098708,2325677,30.2603492736816
2146,618.003586262313,1270,659.601102460467,2326947,30.2603492736816
2147,1177.90355557157,2500,735.804630005464,2329447,30.2603492736816
2148,744.635964719902,2500,754.479732346605,2331947,30.2603492736816
2149,578.622280697602,2500,707.650212244252,2334447,30.2603492736816
2150,372.017802064287,2500,627.269937878733,2336947,30.2603492736816
2151,786.578062713975,2500,655.435422333066,2339447,30.2603492736816
2152,152.92084186194,1194,581.722138839821,2340641,29.4222640991211
2153,36.4909623247062,1559,525.107498635842,2342200,29.4222640991211
2154,61.2146233746765,995,484.007139440202,2343195,29.4222640991211
2155,-75.6705537874814,1026,445.271712580349,2344221,29.4222640991211
2156,254.08070360388,1607,408.879424314506,2345828,29.4222640991211
2157,45.3040463551677,1533,295.619473392865,2347361,29.4222640991211
2158,47.4162823460042,1040,225.897505155476,2348401,29.4222640991211
2159,194.942751359968,1055,187.529552221712,2349456,29.4222640991211
2160,766.272402199492,1942,226.955012235233,2351398,29.4222640991211
2161,-30.9325394206277,804,145.203952021773,2352202,29.4222640991211
2162,527.303318454361,2500,182.642199681015,2354702,29.4222640991211
2163,3.83162225753454,1228,179.376265674297,2355930,29.4222640991211
2164,-69.3405611701634,1497,166.320747219813,2357427,29.4222640991211
2165,61.5374084161017,1192,180.041543440172,2358619,29.4222640991211
2166,713.967142379577,2500,226.030187317742,2361119,29.4222640991211
2167,209.235920090193,1263,242.423374691244,2362382,29.4222640991211
2168,11.1850742367676,1457,238.80025388032,2363839,29.4222640991211
2169,388.675958038445,2321,258.173574548168,2366160,29.4222640991211
2170,120.126425757768,1238,193.558976903996,2367398,29.4222640991211
2171,39.158053534587,990,200.568036199517,2368388,29.4222640991211
2172,-84.7008894664181,1222,139.367615407439,2369610,29.4222640991211
2173,1097.61359154781,2500,248.745812336466,2372110,31.9486427307129
2174,854.995876230598,2500,341.179456076543,2374610,31.9486427307129
2175,719.645749405321,2500,406.990290175464,2377110,31.9486427307129
2176,405.527805330886,2500,376.146356470595,2379610,31.9486427307129
2177,843.206522539317,2500,439.543416715508,2382110,31.9486427307129
2178,757.014957433668,2500,514.126405035198,2384610,31.9486427307129
2179,604.734021872559,2500,535.732211418609,2387110,31.9486427307129
2180,762.30009113989,2500,599.949577956821,2389610,31.9486427307129
2181,441.674858560643,2500,640.201258459427,2392110,31.9486427307129
2182,239.681086116478,577,672.639456017717,2392687,31.9486427307129
2183,747.660731591661,1611,637.644170022102,2394298,31.9486427307129
2184,833.302648159791,2500,635.474847215021,2396798,31.9486427307129
2185,160.80209734215,369,579.590482008704,2397167,31.9486427307129
2186,272.629083746179,648,566.300609850234,2397815,31.9486427307129
2187,503.631467712755,1107,532.343104367577,2398922,31.9486427307129
2188,598.602666958163,2500,516.501875320027,2401422,31.9486427307129
2189,626.057453555724,1523,518.634218488343,2402945,31.9486427307129
2190,546.75893948054,2500,497.080103322408,2405445,31.9486427307129
2191,470.759306043004,2500,499.988548070644,2407945,31.9486427307129
2192,1237.722021098,2500,599.792641568797,2410445,31.9486427307129
2193,867.704193492432,2500,611.796987758874,2412945,31.9486427307129
2194,397.130693776811,925,568.179792320576,2413870,31.9486427307129
2195,446.987728041251,2500,596.798355390486,2416370,31.9486427307129
2196,409.976967512413,864,610.533143767109,2417234,30.257511138916
2197,216.653204919526,513,581.835317487786,2417747,30.257511138916
2198,181.842394240153,451,540.159290215985,2418198,30.257511138916
2199,521.200644778021,1081,529.673609338215,2419279,30.257511138916
2200,757.189112154022,1617,550.716626605564,2420896,30.257511138916
2201,178.431765336362,472,521.483872534899,2421368,30.257511138916
2202,663.102236581167,1502,464.021894083216,2422870,30.257511138916
2203,278.610795505368,572,405.11255428451,2423442,30.257511138916
2204,526.914136239796,1086,418.090898530808,2424528,30.257511138916
2205,273.253635659733,606,400.717489292656,2425134,30.257511138916
2206,1184.54648388761,2500,478.174440930176,2427634,30.257511138916
2207,297.94174312243,600,486.303294750466,2428234,30.257511138916
2208,71.0650276742926,209,475.22555809388,2428443,30.257511138916
2209,91.3775874394367,226,432.243252360022,2428669,30.257511138916
2210,207.587096689743,480,377.283050813594,2429149,30.257511138916
2211,160.186832736249,442,375.458557553582,2429591,30.257511138916
2212,165.489856648262,486,325.697319560292,2430077,30.257511138916
2213,115.647111830574,372,309.400951192812,2430449,30.257511138916
2214,90.1417218781262,287,265.723709756645,2430736,30.257511138916
2215,390.272717671176,834,277.42561795779,2431570,30.257511138916
2216,63.0089789574856,193,165.271867464778,2431763,30.257511138916
2217,680.04601278169,1972,203.482294430703,2433735,30.2751045227051
2218,240.626079333976,651,220.438399596672,2434386,30.2751045227051
2219,290.739953181888,822,240.374636170917,2435208,30.2751045227051
2220,687.472948904152,1856,288.363221392358,2437064,30.2751045227051
2221,1017.50194071217,2500,374.09473218995,2439564,30.2751045227051
2222,1046.39937431187,2500,462.185683956311,2442064,30.2751045227051
2223,91.579949129841,493,459.778967686237,2442557,30.2751045227051
2224,258.448804784491,803,476.609675976874,2443360,30.2751045227051
2225,352.106682854466,1029,472.793072495203,2444389,30.2751045227051
2226,340.22610590228,920,500.514785189682,2445309,30.2751045227051
2227,686.814047555036,1698,501.191588667017,2447007,30.2751045227051
2228,281.97061530665,860,505.326042264284,2447867,30.2751045227051
2229,351.219601837316,917,511.374007129827,2448784,30.2751045227051
2230,161.267692349233,630,458.753481474335,2449414,30.2751045227051
2231,1025.56277083921,2500,459.559564487039,2451914,30.2751045227051
2232,1011.55764692457,2500,456.07539174831,2454414,30.2751045227051
2233,91.5266693429897,406,456.070063769625,2454820,30.2751045227051
2234,950.141637440538,2500,525.23934703523,2457320,30.2751045227051
2235,968.509510690302,2500,586.879629818813,2459820,30.2751045227051
2236,1129.77619674947,2500,665.834638903532,2462320,30.2751045227051
2237,1065.0416986607,2500,703.657404014099,2464820,30.2751045227051
2238,352.393867939368,1010,710.69972927737,2465830,30.2751045227051
2239,998.002329422905,2500,775.378002035929,2468330,30.2751045227051
2240,220.54216903019,509,781.305449704025,2468839,29.9134788513184
2241,201.39106148148,469,698.888278768252,2469308,29.9134788513184
2242,183.205832652794,464,616.053097341074,2469772,29.9134788513184
2243,1080.83807626422,2500,714.984238033197,2472272,29.9134788513184
2244,759.504242261265,1765,695.92049851527,2474037,29.9134788513184
2245,1085.8803563923,2500,707.65758308547,2476537,29.9134788513184
2246,223.89438037046,497,617.069401447569,2477034,29.9134788513184
2247,150.39011869037,408,525.604243450536,2477442,29.9134788513184
2248,198.927040734945,466,510.257560730094,2477908,29.9134788513184
2249,110.303786986631,259,421.487706486466,2478167,29.9134788513184
2250,1013.24331543063,2500,500.757821126511,2480667,29.9134788513184
2251,139.108130245479,402,494.52952800291,2481069,29.9134788513184
2252,1197.49943171539,2500,595.95888790917,2483569,29.9134788513184
2253,1158.36857755052,2500,603.7119380378,2486069,29.9134788513184
2254,101.661824503604,243,537.927696262033,2486312,29.9134788513184
2255,1035.07354015538,2078,532.847014638341,2488390,29.9134788513184
2256,209.423280689184,477,531.399904670214,2488867,29.9134788513184
2257,194.475291849225,443,535.808421986099,2489310,29.9134788513184
2258,572.618754089984,1163,573.177593321603,2490473,29.9134788513184
2259,414.696803657879,982,603.616894988728,2491455,29.9134788513184
2260,898.225106792311,1910,592.115074124896,2493365,29.9134788513184
2261,353.047585608217,758,613.50901966117,2494123,29.9134788513184
2262,182.670533032746,455,512.026129792905,2494578,29.9134788513184
2263,541.21924947341,1103,450.311196985194,2495681,29.9134788513184
2264,106.215208090501,276,450.766535343884,2495957,29.9134788513184
2265,115.096203930018,322,358.768801721348,2496279,29.2526664733887
2266,174.92873811243,372,355.319347463672,2496651,29.2526664733887
2267,244.161300577231,588,360.287948336473,2497239,29.2526664733887
2268,428.879357936074,931,345.914008721082,2498170,29.2526664733887
2269,671.479267757153,1299,371.592255131009,2499469,29.2526664733887
2270,80.8371094773024,332,289.853455399508,2499801,29.2526664733887
2271,132.546037943133,360,267.803300633,2500161,29.2526664733887
2272,315.861670859646,810,281.12241441569,2500971,29.2526664733887
2273,276.774486044137,672,254.677938072762,2501643,29.2526664733887
2274,295.223861861768,595,273.578803449889,2502238,29.2526664733887
2275,1167.45717818007,2438,378.814900874895,2504676,29.2526664733887
2276,277.666354117407,776,389.088662475392,2505452,29.2526664733887
2277,362.848405003479,873,400.957372918017,2506325,29.2526664733887
2278,372.004246475973,900,395.269861772007,2507225,29.2526664733887
2279,117.252115840559,359,339.847146580348,2507584,29.2526664733887
2280,257.00429274093,622,357.46386490671,2508206,29.2526664733887
2281,321.916376147798,723,376.400898727177,2508929,29.2526664733887
2282,311.202896287171,686,375.93502126993,2509615,29.2526664733887
2283,869.974788715842,1810,435.2550515371,2511425,29.2526664733887
2284,301.704182917743,843,435.903083642698,2512268,30.319263458252
2285,471.554283902668,1142,366.312794214957,2513410,30.319263458252
2286,475.037308579906,1160,386.049889661207,2514570,30.319263458252
2287,436.776977684586,980,393.442746929318,2515550,30.319263458252
2288,240.964206183622,738,380.338742900082,2516288,30.319263458252
2289,360.414396100352,925,404.654970926062,2517213,30.319263458252
2290,266.109073537192,655,405.565449005688,2517868,30.319263458252
2291,324.535626626324,883,405.827374053541,2518751,30.319263458252
2292,160.076964743719,549,390.714780899195,2519300,30.319263458252
2293,370.456215057135,911,340.762923533325,2520211,30.319263458252
2294,236.030687353535,746,334.195573976904,2520957,30.319263458252
2295,292.858943456777,833,316.326039932315,2521790,30.319263458252
2296,358.875967670826,1017,304.709905841407,2522807,30.319263458252
2297,556.756602230031,1347,316.707868295951,2524154,30.319263458252
2298,293.497037405309,746,321.96115141812,2524900,30.319263458252
2299,459.143881532635,1067,331.834099961348,2525967,30.319263458252
2300,383.465139202946,1027,343.569706527924,2526994,30.319263458252
2301,322.866415802893,748,343.402785445581,2527742,30.319263458252
2302,696.147848202526,1613,397.009873791461,2529355,30.319263458252
2303,247.765724165793,698,384.740824702327,2530053,30.319263458252
2304,373.3493887026,931,398.472694837234,2530984,30.319263458252
2305,319.760226109582,766,401.162823102514,2531750,30.319263458252
2306,261.209740407382,692,391.39620037617,2532442,30.319263458252
2307,251.724822619599,646,360.893022415126,2533088,30.319263458252
2308,247.779551230859,646,356.321273797681,2533734,30.319263458252
2309,743.565632451042,1746,384.763448889522,2535480,30.061674118042
2310,519.515939823052,1301,398.368528951533,2536781,30.061674118042
2311,828.065925811885,1693,448.888479952432,2538474,30.061674118042
2312,629.768346028528,1510,442.250529735032,2539984,30.061674118042
2313,657.638694589594,1605,483.237826777412,2541589,30.061674118042
2314,193.339200352359,548,465.236807942388,2542137,30.061674118042
2315,328.073411031833,860,466.068126434613,2542997,30.061674118042
2316,204.674218496349,620,460.41457424351,2543617,30.061674118042
2317,1016.40427445982,2214,536.882519427533,2545831,30.061674118042
2318,249.154334811663,647,537.019997785613,2546478,30.061674118042
2319,390.107980084652,1031,501.674232548974,2547509,30.061674118042
2320,321.689123320148,813,481.891550898684,2548322,30.061674118042
2321,296.27884715579,753,428.712843033074,2549075,30.061674118042
2322,1247.98894241133,2500,490.534902671355,2551575,30.061674118042
2323,340.53094199422,990,458.824127411817,2552565,30.061674118042
2324,450.6146040681,1003,484.551667783391,2553568,30.061674118042
2325,305.805852293924,838,482.324911909601,2554406,30.061674118042
2326,418.666757174299,1078,503.724165777396,2555484,30.061674118042
2327,404.772300055949,950,442.560968337008,2556434,30.061674118042
2328,292.778670079745,987,446.923401863816,2557421,31.2179489135742
2329,303.698267707842,1133,438.282430626135,2558554,31.2179489135742
2330,297.264506220278,996,435.839968916148,2559550,31.2179489135742
2331,646.570774090833,2129,470.869161609652,2561679,31.2179489135742
2332,510.487361403755,1580,397.119003508895,2563259,31.2179489135742
2333,299.660083926043,1267,393.031917702077,2564526,31.2179489135742
2334,859.45070005698,2289,433.915527300965,2566815,31.2179489135742
2335,237.298465909027,1069,427.064788662475,2567884,31.2179489135742
2336,307.265622052757,1390,415.924675150321,2569274,31.2179489135742
2337,636.048526249767,1639,439.052297769703,2570913,31.2179489135742
2338,790.683177408232,2309,488.842748502551,2573222,31.2179489135742
2339,291.379328679695,1107,487.610854599737,2574329,31.2179489135742
2340,637.145369821518,1576,521.598940959861,2575905,31.2179489135742
2341,347.805117908039,1049,491.722375341581,2576954,31.2179489135742
2342,199.346447462249,766,460.608283947431,2577720,31.2179489135742
2343,342.842498730968,1438,464.926525427923,2579158,31.2179489135742
2344,361.342655004912,1351,415.115720922716,2580509,31.2179489135742
2345,180.789131197466,747,409.46478745156,2581256,31.2179489135742
2346,501.298312839579,1486,428.868056530243,2582742,31.2179489135742
2347,759.519607397273,2069,441.215164644993,2584811,31.2179489135742
2348,557.998740972315,1588,417.946721001401,2586399,31.2179489135742
2349,928.372559649577,2430,481.64604409839,2588829,31.2179489135742
2350,377.19543667373,1455,455.651050783611,2590284,31.2179489135742
2351,808.538669905342,2137,501.724405983341,2592421,31.2179489135742
2352,1097.62998038441,2500,591.552759275557,2594921,31.2179489135742
2353,424.967381501761,1395,599.765247552636,2596316,31.0928535461426
2354,381.267429502216,1320,601.757725002366,2597636,31.0928535461426
2355,258.257312916653,967,609.504543174285,2598603,31.0928535461426
2356,717.241117462317,1904,631.098823636559,2600507,31.0928535461426
2357,194.678122663509,1284,574.614675163183,2601791,31.0928535461426
2358,413.838078568911,1216,560.198608922842,2603007,31.0928535461426
2359,400.178067654659,1330,507.37915972335,2604337,31.0928535461426
2360,148.698345649328,584,484.52945062091,2604921,31.0928535461426
2361,388.179802646378,1610,442.493563895014,2606531,31.0928535461426
2362,476.131027122235,1575,380.343668568797,2608106,31.0928535461426
2363,218.279686119818,761,359.674899030602,2608867,31.0928535461426
2364,856.345510072593,2142,407.18270708764,2611009,31.0928535461426
2365,610.526542183995,1739,442.409630014374,2612748,31.0928535461426
2366,567.27771570827,2054,427.413289838969,2614802,31.0928535461426
2367,212.361530932874,908,429.181630665906,2615710,31.0928535461426
2368,334.446203488331,1157,421.242443157848,2616867,31.0928535461426
2369,419.680987237656,1370,423.192735116148,2618237,31.0928535461426
2370,398.247182000636,1410,448.147618751279,2619647,31.0928535461426
2371,293.136734671069,1240,438.643311953748,2620887,31.0928535461426
2372,431.486268499209,1537,434.178836091445,2622424,29.8294315338135
2373,480.88787234388,1323,460.439654713851,2623747,29.8294315338135
2374,273.362934238417,1107,402.141397130434,2624854,29.8294315338135
2375,298.080965587436,1014,370.896839470778,2625868,29.8294315338135
2376,92.1120972703357,1089,323.380277626984,2626957,29.8294315338135
2377,509.633098051658,1481,353.107434338863,2628438,29.8294315338135
2378,16.3303488751941,1016,321.295848877549,2629454,29.8294315338135
2379,579.814948901834,1961,337.309245043967,2631415,29.8294315338135
2380,228.066498690285,912,320.291176712932,2632327,29.8294315338135
2381,155.621402039337,848,306.539643449759,2633175,29.8294315338135
2382,382.181768935271,1473,301.609193493365,2634648,29.8294315338135
2383,360.156514343702,906,289.536057693347,2635554,29.8294315338135
2384,769.632709209535,2151,339.163035190459,2637705,29.8294315338135
2385,309.435619269637,1291,340.298500558679,2638996,29.8294315338135
2386,967.72151320631,2500,427.859442152276,2641496,29.8294315338135
2387,587.157462875265,1974,435.611878634637,2643470,29.8294315338135
2388,1177.5384629747,2500,551.732690044588,2645970,29.8294315338135
2389,258.109786956117,1534,519.562173850016,2647504,29.8294315338135
2390,455.658877883577,1534,542.321411769345,2649038,29.8294315338135
2391,468.892083238214,1433,573.648479889233,2650471,29.8294315338135
2392,751.019814042595,2371,610.532284399965,2652842,29.8294315338135
2393,602.441779053503,1608,634.760810870945,2654450,29.8294315338135
2394,956.649716804409,2230,653.462511630433,2656680,29.8294315338135
2395,251.789349028133,947,647.697884606282,2657627,29.8294315338135
2396,493.788436305573,1794,600.304576916209,2659421,29.8294315338135
2397,152.84340317569,754,556.873170946251,2660175,29.0959243774414
2398,296.576138511451,597,468.776938499926,2660772,29.0959243774414
2399,477.128806242767,1053,490.678840428591,2661825,29.0959243774414
2400,466.532569381326,1459,491.766209578366,2663284,29.0959243774414
2401,277.75715363773,832,472.652716618318,2664116,29.0959243774414
2402,270.828873496792,704,424.633622563737,2664820,29.0959243774414
2403,629.49467876674,1489,427.338912535061,2666309,29.0959243774414
2404,451.205093081338,1166,376.794450162754,2667475,29.0959243774414
2405,472.493384365534,1182,398.864853696494,2668657,29.0959243774414
2406,151.394555054628,446,364.6254655714,2669103,29.0959243774414
2407,665.374373830721,1644,415.878562636903,2670747,29.0959243774414
2408,462.276240323506,1143,432.448572818108,2671890,29.0959243774414
2409,807.945144004848,1811,465.530206594316,2673701,29.0959243774414
2410,430.404575395598,988,461.917407195743,2674689,29.0959243774414
2411,301.607015168136,744,464.302393348784,2675433,29.0959243774414
2412,532.878755754007,1426,490.507381574506,2676859,29.0959243774414
2413,270.101367507807,686,454.568050448612,2677545,29.0959243774414
2414,313.435525559213,1025,440.7910936964,2678570,29.0959243774414
2415,731.967092280429,1608,466.738464487889,2680178,29.0959243774414
2416,819.556650023821,2500,533.554673984809,2682678,30.3139991760254
2417,915.14245745338,2500,558.531482347075,2685178,30.3139991760254
2418,748.497044151884,2500,587.153562729912,2687678,30.3139991760254
2419,1022.5914708853,2500,608.618195417957,2690178,30.3139991760254
2420,403.254822073071,2500,605.903220085705,2692678,30.3139991760254
2421,343.940719145281,2500,610.136590483419,2695178,30.3139991760254
2422,678.618362291111,2500,624.71055113713,2697678,30.3139991760254
2423,389.545657226217,2500,636.65498010897,2700178,30.3139991760254
2424,637.969798848398,2500,669.108407437889,2702678,30.3139991760254
2425,458.99338753366,2500,641.811036963212,2705178,30.3139991760254
2426,849.734469481819,2500,644.828818909012,2707678,30.3139991760254
2427,691.234157170618,2500,622.437988880736,2710178,30.3139991760254
2428,497.641413125696,2500,597.352425778117,2712678,30.3139991760254
2429,330.7322699943,2500,528.166505689017,2715178,30.3139991760254
2430,446.476103644277,2500,532.488633846138,2717678,30.3139991760254
2431,729.702699869953,2500,571.064831918605,2720178,30.3139991760254
2432,640.785517004656,2500,567.281547389959,2722678,30.3139991760254
2433,360.283549579767,2500,564.355336625314,2725178,30.3139991760254
2434,758.182393833926,2500,576.376596123867,2727678,30.3139991760254
2435,615.839441426522,2500,592.061201513153,2730178,30.3139991760254
2436,746.5510744665,2500,581.742862011621,2732678,30.3139991760254
2437,1038.84262045376,2500,616.503708339936,2735178,30.3139991760254
2438,490.618676736401,2500,615.801434701007,2737678,30.3139991760254
2439,717.171128042527,2500,654.445320505829,2740178,30.3139991760254
2440,662.1881703356,2500,676.016527174961,2742678,30.3139991760254
2441,204.477082223177,2500,623.493965410284,2745178,31.3788909912109
2442,275.934953344595,2500,587.008909044278,2747678,31.3788909912109
2443,895.665074057536,2500,640.547061492055,2750178,31.3788909912109
2444,373.516132225496,2500,602.080435331212,2752678,31.3788909912109
2445,600.619405379819,2500,600.558431726541,2755178,31.3788909912109
2446,58.6932258148895,2500,531.77264686138,2757678,31.3788909912109
2447,-61.6282497058595,2500,421.725559845418,2760178,31.3788909912109
2448,788.359073533298,2500,451.499599525108,2762678,31.3788909912109
2449,670.746472065467,2500,446.857133927402,2765178,31.3788909912109
2450,442.365286979795,2500,424.874845591821,2767678,31.3788909912109
2451,2.00710066893385,2500,404.627847436397,2770178,31.3788909912109
2452,208.007965137459,2500,397.835148615683,2772678,31.3788909912109
2453,546.368741808829,2500,362.905515390813,2775178,31.3788909912109
2454,255.715510550341,2500,351.125453223297,2777678,31.3788909912109
2455,623.896313497969,2500,353.453144035112,2780178,31.3788909912109
2456,302.094150912631,2500,377.793236544886,2782678,31.3788909912109
2457,551.641797999497,2500,439.120241315422,2785178,31.3788909912109
2458,784.69079036985,2500,438.753412999077,2787678,31.3788909912109
2459,462.86351749266,2500,417.965117541796,2790178,31.3788909912109
2460,-262.716982322143,2500,347.456890611603,2792678,31.8696689605713
2461,-62.8269879112774,2500,340.973481753582,2795178,31.8696689605713
2462,-125.570978131319,2500,307.615587426704,2797678,31.8696689605713
2463,32.8482904692828,2500,256.263542292749,2800178,31.8696689605713
2464,-62.110556973661,2500,224.480935540349,2802678,31.8696689605713
2465,251.841794910603,2500,187.275483681612,2805178,31.8696689605713
2466,-211.048166426586,2500,135.961251947691,2807678,31.8696689605713
2467,-166.488505482532,2500,64.1482215994877,2810178,31.8696689605713
2468,-98.8981196597784,2500,-24.2106694034751,2812678,31.8696689605713
2469,-120.254093602216,2500,-82.5224305129627,2815178,31.8696689605713
2470,-52.0670640580587,2500,-61.4574386865543,2817678,31.8696689605713
2471,-92.6491539058414,2500,-64.4396552860107,2820178,31.8696689605713
2472,210.103231799496,2500,-30.8722342929292,2822678,31.8696689605713
2473,344.741966121499,2500,0.317133272292358,2825178,31.8696689605713
2474,-38.1101703322767,2500,2.7171719364308,2827678,31.8696689605713
2475,129.321762725913,2500,-9.53483128203824,2830178,31.8696689605713
2476,-101.208603109789,2500,1.44912504964143,2832678,31.8696689605713
2477,-60.4424687147409,2500,12.0537287264205,2835178,31.8696689605713
2478,-117.276985573672,2500,10.2158421350312,2837678,31.8696689605713
2479,-97.9762474361748,2500,12.4436267516353,2840178,31.8696689605713
2480,31.2727794798912,2500,20.7776111054303,2842678,31.8696689605713
2481,36.0452030370182,2500,33.6470467997163,2845178,31.8696689605713
2482,357.289406524156,2500,48.3656642721823,2847678,31.8696689605713
2483,30.8609871244062,2500,16.9775663724731,2850178,31.8696689605713
2484,-99.3936947051279,2500,10.849213935188,2852678,31.8696689605713
2485,692.997257817383,2500,67.216763444335,2855178,30.749044418335
2486,775.051258419513,2500,154.842749597265,2857678,30.749044418335
2487,740.498249724287,2500,234.936821441168,2860178,30.749044418335
2488,435.625968489835,2500,290.227116847519,2862678,30.749044418335
2489,619.514256789196,2500,361.976167270056,2865178,30.749044418335
2490,523.036585825452,2500,411.152547904612,2867678,30.749044418335
2491,970.875912499537,2500,504.635618850864,2870178,30.749044418335
2492,1263.45751323875,2500,595.252429522323,2872678,30.749044418335
2493,741.976286618119,2500,666.363959471695,2875178,30.749044418335
2494,516.469260440934,2500,727.950254986301,2877678,30.749044418335
2495,370.386846948782,2500,695.689213899441,2880178,30.749044418335
2496,595.53578149357,2500,677.737666206846,2882678,30.749044418335
2497,820.934368233105,2500,685.781278057728,2885178,30.749044418335
2498,887.033449309762,2500,730.922026139721,2887678,30.749044418335
2499,410.808849305885,2500,710.05148539139,2890178,30.749044418335
2500,493.620825384477,2500,707.109909347292,2892678,30.749044418335
2501,1001.93851774922,2500,710.216169872261,2895178,30.749044418335
2502,458.868839427899,2500,629.757302491175,2897678,30.749044418335
2503,826.989607600169,2500,638.25863458938,2900178,30.749044418335
2504,663.662329876671,2500,652.977941532954,2902678,30.119945526123
2505,668.409393245273,2500,682.780196162603,2905178,30.119945526123
2506,702.69362542131,2500,693.495980555377,2907678,30.119945526123
2507,790.005867310153,2500,690.403130463082,2910178,30.119945526123
2508,784.707381663701,2500,680.170523698476,2912678,30.119945526123
2509,787.705184035253,2500,717.860157171413,2915178,30.119945526123
2510,804.153540994065,2500,748.913428732371,2917678,30.119945526123
2511,803.583649458845,2500,729.077941903334,2920178,30.119945526123
2512,769.664988744217,2500,760.157556834966,2922678,30.119945526123
2513,747.141903034412,2312,752.17278637839,2924990,30.119945526123
2514,695.872648823772,2500,755.3938182731,2927490,30.119945526123
2515,837.079836406921,2500,772.260862589265,2929990,30.119945526123
2516,705.259834455468,2500,772.517483492681,2932490,30.119945526123
2517,696.07170747584,2500,763.12406750925,2934990,30.119945526123
2518,855.994596368429,2500,770.252788979722,2937490,30.119945526123
2519,816.397608913407,2500,773.122031467538,2939990,30.119945526123
2520,791.268454458302,2500,771.833522813961,2942490,30.119945526123
2521,710.530916690952,2500,762.528249537172,2944990,30.119945526123
2522,813.401495264482,2500,766.901900189198,2947490,30.119945526123
2523,870.507085179309,2500,779.238418403688,2949990,30.119945526123
2524,1025.72592729052,2500,812.223746250362,2952490,30.119945526123
2525,811.258600297311,2500,809.641622639401,2954990,30.119945526123
2526,853.277998905087,2500,824.443439084363,2957490,30.119945526123
2527,754.206060712351,2500,830.256874408014,2959990,30.119945526123
2528,846.944149830585,2500,829.35182975423,2962490,30.119945526123
2529,1026.53487104859,2500,850.365555967749,2964990,30.7091369628906
2530,746.503809284356,2500,845.889091450354,2967490,30.7091369628906
2531,682.043361204305,2500,843.04033590169,2969990,30.7091369628906
2532,491.236626902115,2500,810.823849065453,2972490,30.7091369628906
2533,756.757908393694,2500,799.448931386891,2974990,30.7091369628906
2534,775.415818856066,2500,774.417920543446,2977490,30.7091369628906
2535,749.100413089976,2500,768.202101822713,2979990,30.7091369628906
2536,876.453972638214,2500,770.519699196026,2982490,30.7091369628906
2537,684.614544793939,2500,763.560547604184,2984990,30.7091369628906
2538,836.094166775556,2500,762.475549298681,2987490,30.7091369628906
2539,988.330536354178,2500,758.65511582924,2989990,30.7091369628906
2540,1042.89723831627,2500,788.294458732431,2992490,30.7091369628906
2541,831.960783668116,2500,803.286200978812,2994990,30.7091369628906
2542,1092.04588673955,2500,863.367126962556,2997490,30.7091369628906
2543,984.120558638103,2500,886.103391986997,2999990,30.7091369628906
2544,849.232751776939,2500,893.485085279084,3002490,30.7091369628906
2545,839.653692112204,2500,902.540413181307,3004990,30.7091369628906
2546,765.935123248452,2500,891.488528242331,3007490,30.7091369628906
2547,729.484373546376,2500,895.975511117575,3009990,30.7091369628906
2548,1081.33682863034,2500,920.499777303052,3012490,29.4911136627197
2549,1081.76208770828,2500,929.842932438462,3014990,29.4911136627197
2550,985.39319770536,2500,924.092528377371,3017490,29.4911136627197
2551,859.622529603314,2500,926.858702970891,3019990,29.4911136627197
2552,1054.82118436266,2500,923.136232733202,3022490,29.4911136627197
2553,959.072223772025,2500,920.631399246594,3024990,29.4911136627197
2554,909.18649137127,2500,926.626773206027,3027490,29.4911136627197
2555,1060.48361002232,2500,948.709764997039,3029990,29.4911136627197
2556,852.799056824171,2500,957.396158354611,3032490,29.4911136627197
2557,880.024117650545,2500,972.450132765027,3034990,29.4911136627197
2558,849.574605406834,2500,949.273910442677,3037490,29.4911136627197
2559,994.893129356643,2500,940.587014607514,3039990,29.4911136627197
2560,871.747281640504,2500,929.222423001028,3042490,29.4911136627197
2561,894.817094673201,2500,932.741879508017,3044990,29.4911136627197
2562,1105.91429739324,2500,937.851190811075,3047490,29.4911136627197
2563,987.387126503835,2500,940.682681084256,3049990,29.4911136627197
2564,1059.82183592614,2500,955.746215539743,3052490,29.4911136627197
2565,877.368562156414,2500,937.434710753153,3054990,29.4911136627197
2566,876.802244990719,2500,939.835029569808,3057490,29.4911136627197
2567,906.26830835215,2500,942.459448639968,3059990,29.4911136627197
2568,990.028472523153,2500,956.5048353516,3062490,29.4911136627197
2569,878.252562485132,2500,944.840778664449,3064990,29.4911136627197
2570,1114.38364535218,2500,969.104415035617,3067490,29.4911136627197
2571,1049.45254310837,2500,984.567959879134,3069990,29.4911136627197
2572,1094.63531196083,2500,983.440061335893,3072490,29.4911136627197
2573,940.684608832833,2500,978.769809568793,3074990,29.8539218902588
2574,948.852279627565,2500,967.672853938935,3077490,29.8539218902588
2575,1126.47645955098,2500,992.583643678392,3079990,29.8539218902588
2576,1121.8880947643,2500,1017.09222865575,3082490,29.8539218902588
2577,1195.45605469297,2500,1046.01100328983,3084990,29.8539218902588
2578,1050.426438206,2500,1052.05079985812,3087490,29.8539218902588
2579,1039.70126835737,2500,1068.19567044534,3089990,29.8539218902588
2580,1063.04149144528,2500,1063.06145505465,3092490,29.8539218902588
2581,1197.0007465747,2500,1077.81627540128,3094990,29.8539218902588
2582,1041.69435410235,2500,1072.52217961544,3097490,29.8539218902588
2583,938.501214774266,2500,1072.30384020958,3099990,29.8539218902588
2584,911.667977124617,2500,1068.58540995928,3102490,29.8539218902588
2585,946.215854204926,2500,1050.55934942468,3104990,29.8539218902588
2586,882.341947026859,2500,1026.60473465093,3107490,29.8539218902588
2587,977.735520032119,2500,1004.83268118485,3109990,29.8539218902588
2588,1094.85232592818,2500,1009.27526995707,3112490,29.8539218902588
2589,971.432907044207,2500,1002.44843382575,3114990,29.8539218902588
2590,980.065160815384,2500,994.15080076276,3117490,29.8539218902588
2591,845.174640777895,2500,958.96819018308,3119990,29.8539218902588
2592,1237.58475616657,2500,978.557230389502,3122490,30.4165306091309
2593,1125.49036912357,2500,997.256145824432,3124990,30.4165306091309
2594,1196.72755119717,2500,1025.76210323169,3127490,30.4165306091309
2595,1233.23254973981,2500,1054.46377278518,3129990,30.4165306091309
2596,1203.20878059482,2500,1086.55045614197,3132490,30.4165306091309
2597,1128.07915516255,2500,1101.58481965501,3134990,30.4165306091309
2598,1314.57689275154,2500,1123.55727633735,3137490,30.4165306091309
2599,1304.96072238833,2500,1156.91005787176,3139990,30.4165306091309
2600,1129.16312513431,2500,1171.81985430366,3142490,30.4165306091309
2601,1280.56925744655,2500,1215.35931597052,3144990,30.4165306091309
2602,1292.6342429333,2500,1220.86426464719,3147490,30.4165306091309
2603,1244.34107060281,2500,1232.74933479512,3149990,30.4165306091309
2604,1324.04418408455,2500,1245.48099808386,3152490,30.4165306091309
2605,1134.38048869233,2500,1235.59579197911,3154990,30.4165306091309
2606,1213.3102416768,2500,1236.60593808731,3157490,30.4165306091309
2607,1192.76560373638,2500,1243.07458294469,3159990,30.4165306091309
2608,1249.48466206061,2500,1236.5653598756,3162490,30.4165306091309
2609,1218.82366055552,2500,1227.95165369232,3164990,30.4165306091309
2610,1251.58166925345,2500,1240.19350810423,3167490,30.4165306091309
2611,1158.93712144293,2500,1228.03029450387,3169990,30.4165306091309
2612,1300.5035880974,2500,1228.81722902028,3172490,30.4165306091309
2613,1234.72135620155,2500,1227.85525758015,3174990,30.4165306091309
2614,1206.86386606308,2500,1216.137225778,3177490,30.4165306091309
2615,1176.27952487511,2500,1220.32712939628,3179990,30.4165306091309
2616,1292.64803267325,2500,1228.26090849593,3182490,30.4165306091309
2617,1174.74949162656,2500,1226.45929728495,3184990,32.1179656982422
2618,1187.0262432371,2500,1220.21345540259,3187490,32.1179656982422
2619,1228.10427388017,2500,1221.14151673506,3189990,32.1179656982422
2620,1231.80040839748,2500,1219.16339064946,3192490,32.1179656982422
2621,1049.57133287344,2500,1208.22681179251,3194990,32.1179656982422
2622,1180.29903298392,2500,1196.20635628116,3197490,32.1179656982422
2623,1090.25833657035,2500,1181.76005431805,3199990,32.1179656982422
2624,1266.82439938438,2500,1187.75610765018,3202490,32.1179656982422
2625,1081.21693203355,2500,1178.24984836602,3204990,32.1179656982422
2626,1291.21635870237,2500,1178.10668096893,3207490,32.1179656982422
2627,1222.92743009925,2500,1182.9244748162,3209990,32.1179656982422
2628,1159.44622941523,2500,1180.16647343401,3212490,32.1179656982422
2629,1220.05045293462,2500,1179.36109133946,3214990,32.1179656982422
2630,1185.92682560896,2500,1174.77373306061,3217490,32.1179656982422
2631,1276.58245561469,2500,1197.47484533473,3219990,32.1179656982422
2632,1079.25076695073,2500,1187.37001873141,3222490,32.1179656982422
2633,1282.61483689268,2500,1206.60566876365,3224990,32.1179656982422
2634,1074.18796900793,2500,1187.342025726,3227490,32.1179656982422
2635,1203.50834846925,2500,1199.57116736957,3229990,32.1179656982422
2636,1091.30579372551,2500,1179.58011087188,3232490,32.3342971801758
2637,1245.70413849891,2500,1181.85778171185,3234990,32.3342971801758
2638,1209.41173446329,2500,1186.85433221666,3237490,32.3342971801758
2639,1071.55416368225,2500,1172.00470329142,3239990,32.3342971801758
2640,1174.10227548274,2500,1170.8222482788,3242490,32.3342971801758
2641,1220.27823078454,2500,1165.19182579578,3244990,32.3342971801758
2642,1187.22789780368,2500,1175.98953888108,3247490,32.3342971801758
2643,1261.76636728314,2500,1173.90469192012,3249990,32.3342971801758
2644,1214.78068448758,2500,1187.96396346809,3252490,32.3342971801758
2645,1239.78727510706,2500,1191.59185613187,3254990,32.3342971801758
2646,1284.10160486668,2500,1210.87143724599,3257490,32.3342971801758
2647,1230.17140473665,2500,1209.31816386976,3259990,32.3342971801758
2648,1128.0777042074,2500,1201.18476084417,3262490,32.3342971801758
2649,1210.83060201848,2500,1215.1124046778,3264990,32.3342971801758
2650,1133.03988691924,2500,1211.00616582145,3267490,32.3342971801758
2651,1238.58574199701,2500,1212.83691694269,3269990,32.3342971801758
2652,1228.11787726442,2500,1216.92591488877,3272490,32.3342971801758
2653,1078.32184314543,2500,1198.581462475,3274990,32.3342971801758
2654,1232.086327011,2500,1200.31202672734,3277490,32.3342971801758
2655,1124.59362601989,2500,1188.79266181862,3279990,32.3342971801758
2656,1219.98605333067,2500,1182.38110666502,3282490,32.3342971801758
2657,1272.08752177083,2500,1186.57271836844,3284990,32.3342971801758
2658,1132.26913290293,2500,1186.99186123799,3287490,32.3342971801758
2659,1298.04427507133,2500,1195.71322854327,3289990,32.3342971801758
2660,1221.95116001859,2500,1204.60435585321,3292490,32.3342971801758
2661,1243.58215439562,2500,1205.10399709307,3294990,31.4667987823486
2662,1247.01205403941,2500,1206.99341477057,3297490,31.4667987823486
2663,1311.45381727222,2500,1230.30661218325,3299990,31.4667987823486
2664,1298.56935648425,2500,1236.95491513057,3302490,31.4667987823486
2665,1265.17100627467,2500,1251.01265315605,3304990,31.4667987823486
2666,1213.01058493118,2500,1250.3151063161,3307490,31.4667987823486
2667,1262.66656814534,2500,1249.37301095355,3309990,31.4667987823486
2668,1259.12251277143,2500,1262.0583489404,3312490,31.4667987823486
2669,1280.8354125107,2500,1260.33746268434,3314990,31.4667987823486
2670,1263.71579833289,2500,1264.51392651577,3317490,31.4667987823486
2671,1327.21931464135,2500,1272.87764254034,3319990,31.4667987823486
2672,1255.69892036668,2500,1273.74632917307,3322490,31.4667987823486
2673,1325.76390164306,2500,1275.17733761016,3324990,31.4667987823486
2674,1275.68017809408,2500,1272.88841977114,3327490,31.4667987823486
2675,1314.57415624367,2500,1277.82873476804,3329990,31.4667987823486
2676,1280.37322055708,2500,1284.56499833063,3332490,31.4667987823486
2677,1196.70161886224,2500,1277.96850340232,3334990,31.4667987823486
2678,1289.26834542207,2500,1280.98308666738,3337490,31.4667987823486
2679,1264.62716943031,2500,1279.36226235934,3339990,31.4667987823486
2680,1266.43288820137,2500,1279.63397134619,3342490,30.4217796325684
2681,1272.21897777349,2500,1274.13393765941,3344990,30.4217796325684
2682,1236.00837892305,2500,1272.16488351504,3347490,30.4217796325684
2683,1265.02438444917,2500,1266.09093179565,3349990,30.4217796325684
2684,1189.55501747038,2500,1257.47841573328,3352490,30.4217796325684
2685,1270.16236149526,2500,1253.03723625844,3354990,30.4217796325684
2686,1246.30414417316,2500,1249.63032862005,3357490,30.4217796325684
2687,1320.37476398117,2500,1261.99764313194,3359990,30.4217796325684
2688,1166.75732120302,2500,1249.74654071004,3362490,30.4217796325684
2689,1271.06454500275,2500,1250.39027826728,3364990,30.4217796325684
2690,1252.4078607529,2500,1248.98777552244,3367490,30.4217796325684
2691,1186.88670666061,2500,1240.45454841115,3369990,30.4217796325684
2692,1246.13888301563,2500,1241.4675988204,3372490,30.4217796325684
2693,1227.25755049923,2500,1237.69091542541,3374990,30.4217796325684
2694,1260.23884500822,2500,1244.75929817919,3377490,30.4217796325684
2695,1269.68014023458,2500,1244.71107605313,3379990,30.4217796325684
2696,1247.58885052772,2500,1244.83954668858,3382490,30.4217796325684
2697,1303.0924711603,2500,1243.1113174065,3384990,30.4217796325684
2698,1290.38460144789,2500,1255.47404543098,3387490,30.4217796325684
2699,1240.18798682024,2500,1252.38638961273,3389990,30.4217796325684
2700,1278.08058797259,2500,1254.9536623347,3392490,30.4217796325684
2701,1233.931268533,2500,1259.65811852194,3394990,30.4217796325684
2702,1260.8494913131,2500,1261.12917935169,3397490,30.4217796325684
2703,1284.9514332821,2500,1266.89856762997,3399990,30.4217796325684
2704,1227.11727797644,2500,1263.5864109268,3402490,30.4217796325684
2705,1278.15632604918,2500,1264.43402950826,3404990,32.7858695983887
2706,1209.85059290673,2500,1260.66020374616,3407490,32.7858695983887
2707,1263.9290611801,2500,1256.74386274814,3409990,32.7858695983887
2708,1274.07299882723,2500,1255.11270248607,3412490,32.7858695983887
2709,1261.08697473654,2500,1257.2026012777,3414990,32.7858695983887
2710,1270.65216939263,2500,1256.4597594197,3417490,32.7858695983887
2711,1275.56377009012,2500,1260.62300957542,3419990,32.7858695983887
2712,1297.69144846551,2500,1264.30720529066,3422490,32.7858695983887
2713,1269.36242782029,2500,1262.74830474448,3424990,32.7858695983887
2714,1318.96008797441,2500,1271.93258574427,3427490,32.7858695983887
2715,1234.33570201261,2500,1267.55052334062,3429990,32.7858695983887
2716,1283.78929743156,2500,1274.9443937931,3432490,32.7858695983887
2717,1275.88634084864,2500,1276.14012175995,3434990,32.7858695983887
2718,1258.85095254081,2500,1274.61791713131,3437490,32.7858695983887
2719,1243.24513005651,2500,1272.83373266331,3439990,32.7858695983887
2720,1269.42268344519,2500,1272.71078406857,3442490,32.7858695983887
2721,1274.03354619188,2500,1272.55776167874,3444990,32.7858695983887
2722,1274.59159337947,2500,1270.24777617014,3447490,32.7858695983887
2723,1278.14015822267,2500,1271.12554921038,3449990,32.7858695983887
2724,1248.27807681566,2500,1264.0573480945,3452490,31.0993137359619
2725,1213.91102720444,2500,1262.01488061368,3454990,31.0993137359619
2726,1181.16079591516,2500,1251.75203046204,3457490,31.0993137359619
2727,1241.79760582453,2500,1248.34315695963,3459990,31.0993137359619
2728,1228.25802146005,2500,1245.28386385156,3462490,31.0993137359619
2729,1186.48889075903,2500,1239.60823992181,3464990,31.0993137359619
2730,1245.29374119146,2500,1237.19534569643,3467490,31.0993137359619
2731,1185.22329346945,2500,1228.31432042419,3469990,31.0993137359619
2732,1238.75766492433,2500,1224.73092757868,3472490,31.0993137359619
2733,1195.76910280949,2500,1216.49382203736,3474990,31.0993137359619
2734,1194.72517100343,2500,1211.13853145614,3477490,31.0993137359619
2735,1202.16384165565,2500,1209.96381290126,3479990,31.0993137359619
2736,1272.09125954223,2500,1219.05685926396,3482490,31.0993137359619
2737,1193.21353099472,2500,1214.19845178098,3484990,31.0993137359619
2738,1189.04077274735,2500,1210.27672690971,3487490,31.0993137359619
2739,1168.51253934101,2500,1208.47909176791,3489990,31.0993137359619
2740,1255.15525076583,2500,1209.46524272535,3492490,31.0993137359619
2741,1196.34091159782,2500,1210.57700453819,3494990,31.0993137359619
2742,1190.99186144565,2500,1205.80042419032,3497490,31.0993137359619
2743,1243.63154029322,2500,1210.58666793869,3499990,31.0993137359619
2744,1140.23411501384,2500,1205.13756233973,3502490,31.0993137359619
2745,1250.0009225928,2500,1209.92127043345,3504990,31.0993137359619
2746,1211.80086440166,2500,1203.89223091939,3507490,31.0993137359619
2747,1179.03714163966,2500,1202.47459198388,3509990,31.0993137359619
2748,1280.13568014197,2500,1211.58408272335,3512490,31.0993137359619
2749,1266.74388868421,2500,1221.40721765767,3514990,31.3104133605957
2750,1270.6999086491,2500,1222.96168344599,3517490,31.3104133605957
2751,1245.24872953242,2500,1227.85246523945,3519990,31.3104133605957
2752,1281.8429177421,2500,1236.9375708691,3522490,31.3104133605957
2753,1283.76164602111,2500,1240.95058144189,3524990,31.3104133605957
2754,1302.17405149466,2500,1257.14457508997,3527490,31.3104133605957
2755,1241.72156314028,2500,1256.31663914472,3529990,31.3104133605957
2756,1266.04032862443,2500,1261.74058556699,3532490,31.3104133605957
2757,1306.72739612469,2500,1274.5096110155,3534990,31.3104133605957
2758,1229.2697609497,2500,1269.42301909627,3537490,31.3104133605957
2759,1302.49399904657,2500,1272.99803013251,3539990,31.3104133605957
2760,1306.26483360966,2500,1276.55452262856,3542490,31.3104133605957
2761,1289.13539985899,2500,1280.94318966122,3544990,31.3104133605957
2762,1321.02069292092,2500,1284.8609671791,3547490,31.3104133605957
2763,1285.61491751986,2500,1285.04629432898,3549990,31.3104133605957
2764,1264.10589991433,2500,1281.23947917094,3552490,31.3104133605957
2765,1306.59268670055,2500,1287.72659152697,3554990,31.3104133605957
2766,1225.31518902531,2500,1283.65407756706,3557490,31.3104133605957
2767,1247.6095139682,2500,1277.74228935141,3559990,31.3104133605957
2768,1244.77328153007,2500,1279.29264140945,3562490,33.2431030273438
2769,1248.5109250331,2500,1273.8943340081,3564990,33.2431030273438
2770,1238.34223287323,2500,1267.10207393446,3567490,33.2431030273438
2771,1279.18434262994,2500,1266.10696821155,3569990,33.2431030273438
2772,1242.40296732588,2500,1258.24519565205,3572490,33.2431030273438
2773,1231.6273696654,2500,1252.8464408666,3574990,33.2431030273438
2774,1246.46904430887,2500,1251.08275530606,3577490,33.2431030273438
2775,1225.54665547115,2500,1242.97815218311,3579990,33.2431030273438
2776,1261.02560994974,2500,1246.54919427556,3582490,33.2431030273438
2777,1265.86400531812,2500,1248.37464341055,3584990,33.2431030273438
2778,1228.22026742585,2500,1246.71934200013,3587490,33.2431030273438
2779,1229.1201247202,2500,1244.78026196884,3589990,33.2431030273438
2780,1291.09765048544,2500,1250.05580373006,3592490,33.2431030273438
2781,1218.55532873301,2500,1243.99290234037,3594990,33.2431030273438
2782,1230.97746764787,2500,1242.85035237256,3597490,33.2431030273438
2783,1232.01815601543,2500,1242.88943100757,3599990,33.2431030273438
2784,1214.47879210408,2500,1239.69040578709,3602490,33.2431030273438
2785,1131.89394619203,2500,1230.32513485918,3604990,33.2431030273438
2786,1208.00659731558,2500,1225.02323359576,3607490,33.2431030273438
2787,1230.07072024621,2500,1221.44390508857,3609990,33.2431030273438
2788,1165.70774821627,2500,1215.19265316761,3612490,33.2431030273438
2789,1243.85509995727,2500,1216.66615069132,3614990,33.2431030273438
2790,1298.35629774296,2500,1217.39201541707,3617490,33.2431030273438
2791,1301.2022227783,2500,1225.6567048216,3619990,33.2431030273438
2792,1280.33435299875,2500,1230.59239335669,3622490,33.2431030273438
2793,1252.86929153718,2500,1232.67750690886,3624990,32.4605865478516
2794,1220.97151436159,2500,1233.32677913461,3627490,32.4605865478516
2795,1300.06323699644,2500,1250.14370821505,3629990,32.4605865478516
2796,1235.82227143918,2500,1252.92527562741,3632490,32.4605865478516
2797,1235.97050375621,2500,1253.51525397841,3634990,32.4605865478516
2798,1252.0681138425,2500,1262.15129054104,3637490,32.4605865478516
2799,1224.28243708794,2500,1260.1940242541,3639990,32.4605865478516
2800,1216.17969423406,2500,1251.97636390321,3642490,32.4605865478516
2801,1240.39177154868,2500,1245.89531878025,3644990,32.4605865478516
2802,1255.66145254642,2500,1243.42802873502,3647490,32.4605865478516
2803,1215.64268014783,2500,1239.70536759608,3649990,32.4605865478516
2804,1225.68224729937,2500,1240.17644088986,3652490,32.4605865478516
2805,1152.41031402274,2500,1225.41114859249,3654990,32.4605865478516
2806,1188.19252133202,2500,1220.64817358177,3657490,32.4605865478516
2807,1234.2890960144,2500,1220.48003280759,3659990,32.4605865478516
2808,1231.76213082929,2500,1218.44943450627,3662490,32.4605865478516
2809,1230.98634870319,2500,1219.1198256678,3664990,32.4605865478516
2810,1238.31101087785,2500,1221.33295733218,3667490,32.4605865478516
2811,1226.16265691297,2500,1219.91004586861,3669990,32.4605865478516
2812,1243.58791123606,2500,1218.70269173757,3672490,33.9616088867188
2813,1181.41198637912,2500,1215.2796223607,3674990,33.9616088867188
2814,1126.11137007063,2500,1205.32253463783,3677490,33.9616088867188
2815,1191.46263723588,2500,1209.22776695914,3679990,33.9616088867188
2816,1091.78131973583,2500,1199.58664679952,3682490,33.9616088867188
2817,1203.39828005565,2500,1196.49756520365,3684990,33.9616088867188
2818,1144.52958480374,2500,1187.77431060109,3687490,33.9616088867188
2819,1174.94765156146,2500,1182.17044088692,3689990,33.9616088867188
2820,1185.65505149395,2500,1176.90484494853,3692490,33.9616088867188
2821,1207.37369562487,2500,1175.02594881972,3694990,33.9616088867188
2822,1186.26602212116,2500,1169.29375990823,3697490,33.9616088867188
2823,1211.41259091346,2500,1172.29382036166,3699990,33.9616088867188
2824,1190.36354613064,2500,1178.71903796766,3702490,33.9616088867188
2825,1195.62964884527,2500,1179.1357391286,3704990,33.9616088867188
2826,1189.04109274746,2500,1188.86171642977,3707490,33.9616088867188
2827,1175.64480250899,2500,1186.0863686751,3709990,33.9616088867188
2828,1182.29393899187,2500,1189.86280409391,3712490,33.9616088867188
2829,1158.11459460847,2500,1188.17949839861,3714990,33.9616088867188
2830,1127.05961734235,2500,1182.31995498345,3717490,33.9616088867188
2831,1257.64337932417,2500,1187.34692335339,3719990,33.9616088867188
2832,1187.74318145855,2500,1187.49463928712,3722490,33.9616088867188
2833,1196.8114078725,2500,1186.03452098303,3724990,33.9616088867188
2834,1196.37585782992,2500,1186.63575215296,3727490,33.9616088867188
2835,1160.75710210588,2500,1183.14849747902,3729990,33.9616088867188
2836,1171.34908743999,2500,1181.37929694827,3732490,33.9616088867188
2837,1222.7621423416,2500,1186.09103093153,3734990,34.9658966064453
2838,1151.79379540409,2500,1183.04101657275,3737490,34.9658966064453
2839,1109.25130071939,2500,1178.15468718384,3739990,34.9658966064453
2840,1224.92559230097,2500,1187.9412846797,3742490,34.9658966064453
2841,1204.55862249205,2500,1182.63280899649,3744990,34.9658966064453
2842,1198.23303540396,2500,1183.68179439103,3747490,34.9658966064453
2843,1233.13868236087,2500,1187.31452183987,3749990,34.9658966064453
2844,1208.37672795711,2500,1188.51460885259,3752490,34.9658966064453
2845,1197.7201696945,2500,1192.21091561145,3754990,34.9658966064453
2846,1168.0215450552,2500,1191.87816137297,3757490,34.9658966064453
2847,1191.13162937586,2500,1188.7151100764,3759990,34.9658966064453
2848,1128.11746235952,2500,1186.34747677194,3762490,34.9658966064453
2849,1237.03132095273,2500,1199.12547879528,3764990,34.9658966064453
2850,1202.31357689423,2500,1196.8642772546,3767490,34.9658966064453
2851,1173.78926932298,2500,1193.7873419377,3769990,34.9658966064453
2852,1165.85250616874,2500,1190.54928901417,3772490,34.9658966064453
2853,1192.98959326028,2500,1186.53438010412,3774990,34.9658966064453
2854,1207.63782979745,2500,1186.46049028815,3777490,34.9658966064453
2855,1118.55336307804,2500,1178.5438096265,3779990,34.9658966064453
2856,1123.27811429743,2500,1174.06946655073,3782490,34.0551528930664
2857,1203.00279718652,2500,1175.25658333179,3784990,34.0551528930664
2858,1090.0210116535,2500,1171.44693826119,3787490,34.0551528930664
2859,1136.50451214323,2500,1161.39425738024,3789990,34.0551528930664
2860,1194.72845640759,2500,1160.63574533158,3792490,34.0551528930664
2861,1199.32214030533,2500,1163.18903242981,3794990,34.0551528930664
2862,1099.66030544355,2500,1156.56981235729,3797490,34.0551528930664
2863,1088.91691439724,2500,1146.16254447099,3799990,34.0551528930664
2864,1163.85657877915,2500,1141.78441936916,3802490,34.0551528930664
2865,1140.29944753156,2500,1143.95902781451,3804990,34.0551528930664
2866,1128.0503567888,2500,1144.43625206365,3807490,34.0551528930664
2867,1180.5996454377,2500,1142.19593688877,3809990,34.0551528930664
2868,1160.0247574065,2500,1149.19631146407,3812490,34.0551528930664
2869,1177.02046137043,2500,1153.24790638679,3814990,34.0551528930664
2870,1222.06483159149,2500,1155.98154390517,3817490,34.0551528930664
2871,1205.21476587321,2500,1156.57080646196,3819990,34.0551528930664
2872,1163.04867619337,2500,1162.90964353694,3822490,34.0551528930664
2873,1144.0122057373,2500,1168.41917267095,3824990,34.0551528930664
2874,1112.12408529748,2500,1163.24592332278,3827490,34.0551528930664
2875,1140.75762949703,2500,1163.29174151933,3829990,34.0551528930664
2876,1103.59869488057,2500,1160.84657532851,3832490,34.0551528930664
2877,1197.08811970332,2500,1162.49542275507,3834990,34.0551528930664
2878,1212.53032164709,2500,1167.74597917913,3837490,34.0551528930664
2879,1120.9463164122,2500,1162.13856468331,3839990,34.0551528930664
2880,1148.64909509341,2500,1154.7969910335,3842490,34.0551528930664
2881,1209.03229232655,2500,1155.17874367883,3844990,33.5562934875488
2882,1120.578987751,2500,1150.9317748346,3847490,33.5562934875488
2883,1100.77211028422,2500,1146.60776528929,3849990,33.5562934875488
2884,1183.70090885174,2500,1153.76544764471,3852490,33.5562934875488
2885,1230.74293267529,2500,1162.76397796254,3854990,33.5562934875488
2886,1105.67050688353,2500,1162.97115916284,3857490,33.5562934875488
2887,1156.30560004784,2500,1158.89290719729,3859990,33.5562934875488
2888,1188.23407889276,2500,1156.46328292186,3862490,33.5562934875488
2889,1164.75771660157,2500,1160.84442294079,3864990,33.5562934875488
2890,1110.82862456412,2500,1157.06237588786,3867490,33.5562934875488
2891,1116.7498358338,2500,1147.83413023859,3869990,33.5562934875488
2892,1205.88474381562,2500,1156.36470584505,3872490,33.5562934875488
2893,1131.22659697491,2500,1159.41015451412,3874990,33.5562934875488
2894,1086.8934485803,2500,1149.72940848697,3877490,33.5562934875488
2895,1146.3561066323,2500,1141.29072588267,3879990,33.5562934875488
2896,1151.27633381323,2500,1145.85130857564,3882490,33.5562934875488
2897,1084.35834350325,2500,1138.65658292119,3884990,33.5562934875488
2898,1137.750539533,2500,1133.60822898521,3887490,33.5562934875488
2899,1190.66102565171,2500,1136.19855989022,3889990,33.5562934875488
2900,1072.91508983632,2500,1132.40720641744,3892490,35.2653045654297
2901,1126.01409362084,2500,1133.33363219615,3894990,35.2653045654297
2902,1159.94526162313,2500,1128.7396839769,3897490,35.2653045654297
2903,1095.98955037772,2500,1125.21597931718,3899990,35.2653045654297
2904,1117.74342430771,2500,1128.30097688992,3902490,35.2653045654297
2905,1205.99002956427,2500,1134.26436918312,3904990,35.2653045654297
2906,1153.33315402567,2500,1134.47005120436,3907490,35.2653045654297
2907,1170.358206785,2500,1143.07003753254,3909990,35.2653045654297
2908,1094.1934361411,2500,1138.71432719335,3912490,35.2653045654297
2909,1096.1958419595,2500,1129.26780882413,3914990,35.2653045654297
2910,1149.05845453345,2500,1136.88214529384,3917490,35.2653045654297
2911,1112.92017827127,2500,1135.57275375888,3919990,35.2653045654297
2912,1066.30033207515,2500,1126.20826080408,3922490,35.2653045654297
2913,1189.95254131632,2500,1135.60455989794,3924990,35.2653045654297
2914,1039.70118014016,2500,1127.80033548119,3927490,35.2653045654297
2915,1061.08869374796,2500,1113.31020189956,3929990,35.2653045654297
2916,1198.01523554736,2500,1117.77841005173,3932490,35.2653045654297
2917,1127.88152134472,2500,1113.5307415077,3934990,35.2653045654297
2918,1062.82608827095,2500,1110.39400672068,3937490,35.2653045654297
2919,1183.88632266844,2500,1119.16305479158,3939990,35.2653045654297
2920,1138.80936195981,2500,1118.13814553421,3942490,35.2653045654297
2921,1200.59666522617,2500,1126.9057942297,3944990,35.2653045654297
2922,1188.57106655045,2500,1139.13286767723,3947490,35.2653045654297
2923,1099.40185630767,2500,1130.07779917637,3949990,35.2653045654297
2924,1105.76104850488,2500,1136.68378601284,3952490,35.2653045654297
2925,1051.38838915667,2500,1135.71375555371,3954990,33.7450675964355
2926,1096.53439344819,2500,1125.56567134379,3957490,33.7450675964355
2927,1100.23758002683,2500,1122.801277212,3959990,33.7450675964355
2928,1110.81721151914,2500,1127.60038953682,3962490,33.7450675964355
2929,1096.79415789279,2500,1118.89117305926,3964990,33.7450675964355
2930,989.225849064353,2500,1103.93282176971,3967490,33.7450675964355
2931,1060.48794559208,2500,1089.9219498063,3969990,33.7450675964355
2932,1060.36859415882,2500,1077.10170256714,3972490,33.7450675964355
2933,1024.25686204264,2500,1069.58720314064,3974990,33.7450675964355
2934,1085.10072412677,2500,1067.52117070283,3977490,33.7450675964355
2935,1151.02179379807,2500,1077.48451116697,3979990,33.7450675964355
2936,1067.41970080847,2500,1074.57304190299,3982490,33.7450675964355
2937,1073.15617806361,2500,1071.86490170667,3984990,33.7450675964355
2938,1124.42629767354,2500,1073.22581032211,3987490,33.7450675964355
2939,1091.11142361075,2500,1072.65753689391,3989990,33.7450675964355
2940,1089.11364068328,2500,1082.6463160558,3992490,33.7450675964355
2941,1159.77107188705,2500,1092.5746286853,3994990,33.7450675964355
2942,1031.49909893722,2500,1089.68767916314,3997490,33.7450675964355
2943,1085.19489657645,2500,1095.78148261652,3999990,33.7450675964355
2944,954.3255531271,2500,1082.70396551655,4002490,37.7883567810059
2945,945.498600427903,2500,1062.15164617954,4004990,37.7883567810059
2946,1016.04670086036,2500,1057.01434618473,4007490,37.7883567810059
2947,993.362878556219,2500,1049.03501623399,4009990,37.7883567810059
2948,1047.01552624264,2500,1041.2939390909,4012490,37.7883567810059
2949,1110.30917678329,2500,1043.21371440815,4014990,37.7883567810059
2950,1039.88624736471,2500,1038.29097507629,4017490,37.7883567810059
2951,968.197951487468,2500,1019.13366303634,4019990,37.7883567810059
2952,1029.65420939151,2500,1018.94917408177,4022490,37.7883567810059
2953,1080.04405002215,2500,1018.43408942634,4024990,37.7883567810059
2954,1124.34529658858,2500,1035.43606377248,4027490,37.7883567810059
2955,1055.36308610311,2500,1046.42251234,4029990,37.7883567810059
2956,1037.74956161094,2500,1048.59279841506,4032490,37.7883567810059
2957,1046.86532876167,2500,1053.94304343561,4034990,37.7883567810059
2958,1068.92414767799,2500,1056.13390557914,4037490,37.7883567810059
2959,960.520040707941,2500,1041.15499197161,4039990,37.7883567810059
2960,1011.84827875695,2500,1038.35119511083,4042490,37.7883567810059
2961,1040.01518539086,2500,1045.53291850117,4044990,37.7883567810059
2962,1081.26447621202,2500,1050.69394518322,4047490,37.7883567810059
2963,1021.2629190601,2500,1044.81583208702,4049990,37.7883567810059
2964,1034.72805816226,2500,1035.85410824438,4052490,37.7883567810059
2965,932.28448355377,2500,1023.54624798945,4054990,37.7883567810059
2966,1043.71206053752,2500,1024.14249788211,4057490,37.7883567810059
2967,1030.72125736816,2500,1022.52809074276,4059990,37.7883567810059
2968,1050.89268856911,2500,1020.72494483187,4062490,37.7883567810059
2969,1080.15172333075,2500,1032.68811309415,4064990,35.0880966186523
2970,939.314417518916,2500,1025.43472697035,4067490,35.0880966186523
2971,995.169069137452,2500,1020.95011534501,4069990,35.0880966186523
2972,968.315781164348,2500,1009.65524584024,4072490,35.0880966186523
2973,960.834667259404,2500,1003.61242066017,4074990,35.0880966186523
2974,1045.87781656043,2500,1004.72739649999,4077490,35.0880966186523
2975,968.802286521683,2500,1008.37917679678,4079990,35.0880966186523
2976,970.051293046304,2500,1001.01310004766,4082490,35.0880966186523
2977,989.17314446505,2500,996.858288757345,4084990,35.0880966186523
2978,1010.72536691477,2500,992.841556591911,4087490,35.0880966186523
2979,1079.73188516538,2500,992.799572775374,4089990,35.0880966186523
2980,1071.10240129904,2500,1005.97837115339,4092490,35.0880966186523
2981,1050.1735963051,2500,1011.47882387015,4094990,35.0880966186523
2982,972.674713736125,2500,1011.91471712733,4097490,35.0880966186523
2983,993.247782968262,2500,1015.15602869821,4099990,35.0880966186523
2984,1075.42275189334,2500,1018.11052223151,4102490,35.0880966186523
2985,1073.15226897057,2500,1028.54552047639,4104990,35.0880966186523
2986,981.655495868457,2500,1029.70594075861,4107490,35.0880966186523
2987,938.599494386328,2500,1024.64857575074,4109990,35.0880966186523
2988,898.073551789268,2500,1013.38339423819,4112490,34.5650367736816
2989,879.921818310705,2500,993.40238755272,4114990,34.5650367736816
2990,980.92529764609,2500,984.384677187425,4117490,34.5650367736816
2991,1013.92217700995,2500,980.75953525791,4119990,34.5650367736816
2992,1049.92524946946,2500,988.484588831244,4122490,34.5650367736816
2993,923.358195696611,2500,981.495630104079,4124990,34.5650367736816
2994,1008.86028853291,2500,974.839383768035,4127490,34.5650367736816
2995,892.966676353586,2500,956.820824506337,4129990,34.5650367736816
2996,864.621902973812,2500,945.117465216872,4132490,34.5650367736816
2997,898.491997160073,2500,941.106715494247,4134990,34.5650367736816
2998,908.22237117139,2500,942.121597432459,4137490,34.5650367736816
2999,921.648246759321,2500,946.294240277321,4139990,34.5650367736816
3000,945.213922508442,2500,942.723102763556,4142490,34.5650367736816
3001,1044.88594595791,2500,945.819479658351,4144990,34.5650367736816
3002,1026.97207266368,2500,943.524161977773,4147490,34.5650367736816
3003,888.792428717867,2500,940.067585279899,4149990,34.5650367736816
3004,934.283979307809,2500,932.609954357389,4152490,34.5650367736816
3005,893.405796037844,2500,932.653866325815,4154990,34.5650367736816
3006,998.557596363876,2500,946.047435664821,4157490,34.5650367736816
3007,923.715969455436,2500,948.569832894357,4159990,34.5650367736816
3008,903.456311190188,2500,948.093226896237,4162490,34.5650367736816
3009,896.901120390208,2500,945.618514259326,4164990,34.5650367736816
3010,895.329296012531,2500,940.630051609735,4167490,34.5650367736816
3011,910.79479739867,2500,927.220936753811,4169990,34.5650367736816
3012,894.643652400823,2500,913.988094727525,4172490,34.5650367736816
3013,1106.78728210503,2500,935.787580066242,4174990,34.5533447265625
3014,951.486214972638,2500,937.507803632725,4177490,34.5533447265625
3015,1008.23910468058,2500,948.991134496998,4179990,34.5533447265625
3016,989.222106885012,2500,948.057585549112,4182490,34.5533447265625
3017,996.53506034844,2500,955.339494638412,4184990,34.5533447265625
3018,919.592572728373,2500,956.95312079223,4187490,34.5533447265625
3019,1092.41205531576,2500,976.504214284786,4189990,34.5533447265625
3020,1097.26716848796,2500,996.698001532329,4192490,34.5533447265625
3021,1019.40013680275,2500,1007.55853547274,4194990,34.5533447265625
3022,981.620767289234,2500,1016.25624696158,4197490,34.5533447265625
3023,1080.68386855627,2500,1013.6459056067,4199990,34.5533447265625
3024,1016.38796024763,2500,1020.1360801342,4202490,34.5533447265625
3025,1043.50023825636,2500,1023.66219349178,4204990,34.5533447265625
3026,1047.57458886168,2500,1029.49744168945,4207490,34.5533447265625
3027,1052.35269755281,2500,1035.07920540988,4209990,34.5533447265625
3028,982.164447209203,2500,1041.33639285797,4212490,34.5533447265625
3029,263.45826852131,782,958.441014178521,4213272,34.5533447265625
3030,457.149525173678,1224,894.429249847093,4214496,34.5533447265625
3031,984.060134114312,2500,890.895249578249,4216996,34.5533447265625
3032,229.691237302229,742,815.702296579549,4217738,36.5965576171875
3033,1078.44341977206,2500,815.478251701128,4220238,36.5965576171875
3034,1043.71671082516,2500,818.21112675888,4222738,36.5965576171875
3035,1090.31675922077,2500,822.892778855321,4225238,36.5965576171875
3036,1089.55211158928,2500,827.090531128081,4227738,36.5965576171875
3037,1063.96204732625,2500,828.251466105425,4230238,36.5965576171875
3038,1063.53361569826,2500,836.388382954331,4232738,36.5965576171875
3039,1008.74402130706,2500,910.916958232907,4235238,36.5965576171875
3040,1010.60441572471,2500,966.26244728801,4237738,36.5965576171875
3041,1075.80539248383,2500,975.436973124961,4240238,36.5965576171875
3042,1093.15862589926,2500,1061.78371198466,4242738,36.5965576171875
3043,1027.4392085451,2500,1056.68329086197,4245238,36.5965576171875
3044,1035.05812792611,2500,1055.81743257206,4247738,36.5965576171875
3045,1099.05019979941,2500,1056.69077662993,4250238,36.5965576171875
3046,1013.09301436389,2500,1049.04486690739,4252738,36.5965576171875
3047,974.376768954568,2500,1040.08633907022,4255238,36.5965576171875
3048,1051.58650420352,2500,1038.89162792075,4257738,36.5965576171875
3049,1086.29247384293,2500,1046.64647317433,4260238,36.5965576171875
3050,1063.1167184284,2500,1051.8977034447,4262738,36.5965576171875
3051,1080.87316809002,2500,1052.40448100532,4265238,36.5965576171875
3052,1057.36181843345,2500,1048.82480025874,4267738,36.5965576171875
3053,994.021623040185,2500,1045.48304170825,4270238,36.5965576171875
3054,990.754255870606,2500,1041.0526545027,4272738,36.5965576171875
3055,1019.78221098794,2500,1033.12585562155,4275238,36.5965576171875
3056,1066.0088981929,2500,1038.41744400445,4277738,36.5965576171875
3057,940.399523475053,2500,1035.0197194565,4280238,37.1100540161133
3058,826.223162151176,2500,1012.48338525127,4282738,37.1100540161133
3059,911.090789137968,2500,994.96321678077,4285238,37.1100540161133
3060,901.916356712586,2500,978.843180609189,4287738,37.1100540161133
3061,963.874569006065,2500,967.143320700793,4290238,37.1100540161133
3062,892.747907693586,2500,950.681929626807,4292738,37.1100540161133
3063,865.233246233561,2500,937.803091946144,4295238,37.1100540161133
3064,931.563461447959,2500,931.884012503879,4297738,37.1100540161133
3065,941.059761166716,2500,924.011767521757,4300238,37.1100540161133
3066,991.864715474866,2500,916.597349249954,4302738,37.1100540161133
3067,868.353657095397,2500,909.392762611988,4305238,37.1100540161133
3068,924.136255827445,2500,919.184071979615,4307738,37.1100540161133
3069,818.637499812905,2500,909.938743047109,4310238,37.1100540161133
3070,793.146301890168,2500,899.061737564867,4312738,37.1100540161133
3071,939.554019458777,2500,896.629682610138,4315238,37.1100540161133
3072,833.589700768962,2500,890.713861917676,4317738,37.1100540161133
3073,955.678583634068,2500,899.758395657726,4320238,37.1100540161133
3074,924.482230977583,2500,899.050272610689,4322738,37.1100540161133
3075,965.00285598847,2500,901.444582092864,4325238,37.1100540161133
3076,920.874639647887,2500,894.345574510166,4327738,37.1279716491699
3077,936.994352617402,2500,901.209644062367,4330238,37.1279716491699
3078,904.975814476487,2500,899.293599927271,4332738,37.1279716491699
3079,947.99453919395,2500,912.229303865375,4335238,37.1279716491699
3080,904.3694100987,2500,923.351614686229,4337738,37.1279716491699
3081,960.102287495312,2500,925.406441489882,4340238,37.1279716491699
3082,823.460576812537,2500,924.39352909424,4342738,37.1279716491699
3083,933.361514189949,2500,922.161822149828,4345238,37.1279716491699
3084,922.339868068897,2500,921.947585858959,4347738,37.1279716491699
3085,903.197724753719,2500,915.767072735484,4350238,37.1279716491699
3086,897.91197912833,2500,913.470806683528,4352738,37.1279716491699
3087,807.962096348058,2500,900.567581056594,4355238,37.1279716491699
3088,890.836919448658,2500,899.153691553811,4357738,37.1279716491699
3089,937.042684947098,2500,898.058506129126,4360238,37.1279716491699
3090,928.676449206516,2500,900.489210039907,4362738,37.1279716491699
3091,947.047455059836,2500,899.18372679636,4365238,37.1279716491699
3092,825.055615275685,2500,899.343230642675,4367738,37.1279716491699
3093,828.071807550059,2500,888.814259978686,4370238,37.1279716491699
3094,850.179762564073,2500,881.598249428203,4372738,37.1279716491699
3095,884.339515966792,2500,879.71242854951,4375238,37.1279716491699
3096,933.58445877266,2500,883.279676513943,4377738,37.1279716491699
3097,885.042843965913,2500,890.987751275729,4380238,37.1279716491699
3098,841.09669375147,2500,886.01372870601,4382738,37.1279716491699
3099,939.673634787964,2500,886.276823690097,4385238,37.1279716491699
3100,949.595123545269,2500,888.368691123972,4387738,37.1279716491699
3101,970.347853826997,2500,890.698731000688,4390238,34.3650245666504
3102,941.941642664706,2500,902.38733373959,4392738,34.3650245666504
3103,944.483613329333,2500,914.028514317518,4395238,34.3650245666504
3104,912.564952424518,2500,920.267033303562,4397738,34.3650245666504
3105,925.581448397932,2500,924.391226546676,4400238,34.3650245666504
3106,939.096952501306,2500,924.942475919541,4402738,34.3650245666504
3107,984.805560658357,2500,934.918747588785,4405238,34.3650245666504
3108,981.021072489074,2500,948.911185462546,4407738,34.3650245666504
3109,955.423532164965,2500,950.486175200246,4410238,34.3650245666504
3110,965.145187913013,2500,952.04118163702,4412738,34.3650245666504
3111,998.729307301901,2500,954.87932698451,4415238,34.3650245666504
3112,971.83901395241,2500,957.869064113281,4417738,34.3650245666504
3113,960.435587032369,2500,959.464261483584,4420238,34.3650245666504
3114,967.955629160218,2500,965.003329157154,4422738,34.3650245666504
3115,989.629005356894,2500,971.408084853051,4425238,34.3650245666504
3116,926.193881529835,2500,970.117777755903,4427738,34.3650245666504
3117,852.080228122479,2500,956.845244502316,4430238,34.3650245666504
3118,907.861627934549,2500,949.529300046863,4432738,34.3650245666504
3119,1049.76299991741,2500,958.963246822108,4435238,34.3650245666504
3120,723.209211439658,2500,934.769649174772,4437738,36.236743927002
3121,859.790564669989,2500,920.875774911581,4440238,36.236743927002
3122,801.48051774229,2500,903.839925290569,4442738,36.236743927002
3123,801.438574824663,2500,887.940224069799,4445238,36.236743927002
3124,845.320188384746,2500,875.676679992251,4447738,36.236743927002
3125,651.791433082859,2500,841.892922764848,4450238,36.236743927002
3126,744.628501554343,2500,823.736384767299,4452738,36.236743927002
3127,693.958662699136,2500,807.924228224964,4455238,36.236743927002
3128,752.148605377988,2500,792.352925969308,4457738,36.236743927002
3129,806.993360152822,2500,768.075961992849,4460238,36.236743927002
3130,791.23529866715,2500,774.878570715598,4462738,36.236743927002
3131,770.660566067322,2500,765.965570855332,4465238,36.236743927002
3132,785.119385775387,2500,764.329457658642,4467738,36.236743927002
3133,766.056228334853,2500,760.791223009661,4470238,36.236743927002
3134,727.270300372781,2500,748.986234208464,4472738,36.236743927002
3135,749.539807317711,2500,758.761071631949,4475238,36.236743927002
3136,803.28427254634,2500,764.626648731149,4477738,36.236743927002
3137,789.783244525473,2500,774.209106913783,4480238,36.236743927002
3138,839.099275917251,2500,782.904173967709,4482738,36.236743927002
3139,857.100965529536,2500,787.91493450538,4485238,36.236743927002
3140,866.413609689512,2500,795.432765607617,4487738,36.236743927002
3141,735.14255298192,2500,791.880964299076,4490238,36.236743927002
3142,771.286423604264,2500,790.497668081964,4492738,36.236743927002
3143,737.548111501728,2500,787.646856398652,4495238,36.236743927002
3144,786.835962323376,2500,793.603422593711,4497738,36.236743927002
3145,824.418440456933,2500,801.091285907633,4500238,35.6735954284668
3146,886.781923868787,2500,809.441051039878,4502738,35.6735954284668
3147,436.495630985157,1294,774.112289685846,4504032,35.6735954284668
3148,822.234382890582,2500,772.42580038318,4506532,35.6735954284668
3149,775.94126918576,2500,764.309830748802,4509032,35.6735954284668
3150,774.797764170969,2500,755.148246196948,4511532,35.6735954284668
3151,786.523002591515,2500,760.286291157907,4514032,35.6735954284668
3152,874.460087621725,2500,770.603657559653,4516532,35.6735954284668
3153,685.244374357405,2500,765.373283845221,4519032,35.6735954284668
3154,829.710661868782,2500,769.660753799762,4521532,35.6735954284668
3155,767.64111777503,2500,763.983021531571,4524032,35.6735954284668
3156,676.802635688226,2219,742.985092713515,4526251,35.6735954284668
3157,745.255562130595,2500,773.861085828059,4528751,35.6735954284668
3158,808.178096066328,2500,772.455457145633,4531251,35.6735954284668
3159,756.097646035337,2500,770.471094830591,4533751,35.6735954284668
3160,755.579873566244,2500,768.549305770119,4536251,35.6735954284668
3161,731.644910060867,2327,763.061496517054,4538578,35.6735954284668
3162,823.878889802231,2500,758.003376735105,4541078,35.6735954284668
3163,767.386968361872,2500,766.217636135551,4543578,35.6735954284668
3164,215.800186698282,905,704.826588618501,4544483,35.6735954284668
3165,803.079339375934,2500,708.370410778591,4546983,35.659610748291
3166,770.12941907446,2500,717.703089117215,4549483,35.659610748291
3167,600.305579957407,2008,703.208090899896,4551491,35.659610748291
3168,480.852920867211,1615,670.475573379984,4553106,35.659610748291
3169,88.2078525610071,351,603.686594032551,4553457,35.659610748291
3170,216.408254753533,854,549.76943215128,4554311,35.659610748291
3171,716.299971242294,2500,548.234938269423,4556811,35.659610748291
3172,749.03491774702,2500,540.750541063902,4559311,35.659610748291
3173,283.623372097375,909,492.374181437452,4560220,35.659610748291
3174,371.306472346523,1327,507.924810002276,4561547,35.659610748291
3175,506.747521720772,1507,478.29162823676,4563054,35.659610748291
3176,751.684192988006,2373,476.447105628115,4565427,35.659610748291
3177,823.655391799639,2500,498.782086812338,4567927,35.659610748291
3178,720.58554890057,2500,522.755349615674,4570427,35.659610748291
3179,752.948157087056,2500,589.229380068279,4572927,35.659610748291
3180,500.842458482158,1524,617.672800441141,4574451,35.659610748291
3181,876.111422767262,2500,633.653945593638,4576951,35.659610748291
3182,364.806427389504,1153,595.231096557886,4578104,35.659610748291
3183,328.871136116289,1080,599.755872959778,4579184,35.659610748291
3184,350.719935184528,1096,597.697219243578,4580280,35.659610748291
3185,792.576451435548,2500,626.280112215056,4582780,35.659610748291
3186,294.502595641599,1022,580.561952480415,4583802,35.659610748291
3187,805.249038680549,2500,578.721317168506,4586302,35.659610748291
3188,774.114427482617,2500,584.074205026711,4588802,35.659610748291
3189,84.0703431039393,2097,517.186423628399,4590899,35.6233787536621
3190,450.540845393572,1627,512.156262319541,4592526,35.6233787536621
3191,535.494106069376,2046,478.094530649752,4594572,35.6233787536621
3192,411.735569156126,1644,482.787444826414,4596216,35.6233787536621
3193,341.386415449877,1127,484.038972759773,4597343,35.6233787536621
3194,306.986178989215,931,479.665597140242,4598274,35.6233787536621
3195,301.335447156715,1054,430.541496712359,4599328,35.6233787536621
3196,677.10556599212,2500,468.801793747411,4601828,35.6233787536621
3197,124.386250245535,622,400.715514903909,4602450,35.6233787536621
3198,760.53128957272,2500,399.35720111292,4604950,35.6233787536621
3199,175.804146013094,2423,408.530581403835,4607373,35.6233787536621
3200,170.833878524544,903,380.559884716932,4608276,35.6233787536621
3201,112.709268114477,620,338.281400921442,4608896,35.6233787536621
3202,334.630324620439,967,330.570876467874,4609863,35.6233787536621
3203,204.40757333706,1858,316.872992256592,4611721,35.6233787536621
3204,677.147129664002,2500,353.889087324071,4614221,35.6233787536621
3205,207.38736866147,1930,344.494279474546,4616151,35.6233787536621
3206,735.269902534547,2500,350.310713128789,4618651,35.6233787536621
3207,563.178004693129,1774,394.189888573548,4620425,35.6233787536621
3208,590.159892418834,2346,377.15274885816,4622771,35.6233787536621
3209,227.682001677484,2500,382.340534424599,4625271,36.8199501037598
3210,568.9273032715,2500,422.149876899294,4627771,36.8199501037598
3211,210.355303219864,1780,431.914480409833,4629551,36.8199501037598
3212,524.214215544753,2500,450.872869502264,4632051,36.8199501037598
3213,559.388548869232,2500,486.370967055481,4634551,36.8199501037598
3214,166.503258954296,889,435.306579984511,4635440,36.8199501037598
3215,651.983977652857,2500,479.766240883649,4637940,36.8199501037598
3216,146.896832163227,868,420.928933846517,4638808,36.8199501037598
3217,411.804107780639,2500,405.791544155269,4641308,36.8199501037598
3218,498.048132943735,2263,396.580368207759,4643571,36.8199501037598
3219,44.0645375939651,475,378.218621799407,4644046,36.8199501037598
3220,210.454166905621,1414,342.371308162819,4645460,36.8199501037598
3221,344.424675863197,2500,355.778245427152,4647960,36.8199501037598
3222,174.059240445203,898,320.762747917197,4648858,36.8199501037598
3223,73.7767648671629,512,272.20156951699,4649370,36.8199501037598
3224,200.728174803072,1090,275.624061101868,4650460,36.8199501037598
3225,245.496142272175,1653,234.9752775638,4652113,36.8199501037598
3226,399.165813158563,2500,260.202175663333,4654613,36.8199501037598
3227,320.56728860691,1287,251.07849374596,4655900,36.8199501037598
3228,333.500602631001,2500,234.623740714687,4658400,36.8199501037598
3229,514.110724161653,2500,281.628359371456,4660900,36.8199501037598
3230,285.830517262908,2500,289.165994407185,4663400,36.8199501037598
3231,145.871553961537,1229,269.310682217019,4664629,36.8199501037598
3232,520.678377708543,2500,303.972595943352,4667129,36.8199501037598
3233,232.125410416476,2500,319.807460498284,4669629,38.4649543762207
3234,374.792469746072,2500,337.213889992584,4672129,38.4649543762207
3235,433.74752735377,2500,356.039028500743,4674629,38.4649543762207
3236,557.420116711812,2500,371.864458856068,4677129,38.4649543762207
3237,261.933078773726,2500,366.00103787275,4679629,38.4649543762207
3238,301.634822697338,2500,362.814459879384,4682129,38.4649543762207
3239,141.31892126708,1352,325.535279589926,4683481,38.4649543762207
3240,404.120267501967,2500,337.364254613832,4685981,38.4649543762207
3241,337.276701220168,2500,356.504769339695,4688481,38.4649543762207
3242,461.357319876676,2500,350.572663556509,4690981,38.4649543762207
3243,345.978242243367,1832,361.957946739198,4692813,38.4649543762207
3244,205.013852394173,2488,344.980085004008,4695301,38.4649543762207
3245,405.211585386981,2500,342.126490807329,4697801,38.4649543762207
3246,273.349505596675,1969,313.719429695815,4699770,38.4649543762207
3247,224.421436021378,2500,309.96826542058,4702270,38.4649543762207
3248,409.586702970815,2500,320.763453447928,4704770,38.4649543762207
3249,244.307674278984,2500,331.062328749119,4707270,38.4649543762207
3250,453.221924769946,2192,335.972494475917,4709462,38.4649543762207
3251,312.347286748171,2500,333.479553028717,4711962,38.4649543762207
3252,222.522961612242,2500,309.596117202273,4714462,38.4649543762207
3253,232.30347156703,2500,298.22864013464,4716962,34.8085098266602
3254,3.10585880303987,2500,278.037840775526,4719462,34.8085098266602
3255,112.091989799973,2500,248.725881216826,4721962,34.8085098266602
3256,321.908976134317,2500,253.58182827059,4724462,34.8085098266602
3257,399.078585679068,2500,271.047543236359,4726962,34.8085098266602
3258,216.566590710887,2500,251.745532010366,4729462,34.8085098266602
3259,145.699718812277,2500,241.884736463695,4731962,34.8085098266602
3260,96.8645592355751,2500,206.248999910258,4734462,34.8085098266602
3261,332.269746869131,2500,208.241245922354,4736962,34.8085098266602
3262,168.619600854155,2500,202.850909846545,4739462,34.8085098266602
3263,228.023899875889,2500,202.422952677431,4741962,34.8085098266602
3264,197.702870215507,2500,221.882653818678,4744462,34.8085098266602
3265,183.119275861198,2500,228.9853824248,4746962,34.8085098266602
3266,181.661102327425,2500,214.960595044111,4749462,34.8085098266602
3267,206.008093997707,2500,195.653545875975,4751962,34.8085098266602
3268,250.726499579026,2500,199.069536762789,4754462,34.8085098266602
3269,232.274708139302,2500,207.727035695491,4756962,34.8085098266602
3270,285.333129444063,2500,226.57389271634,4759462,34.8085098266602
3271,177.548304254818,2500,211.101748454909,4761962,34.8085098266602
3272,94.2460696139577,2500,203.664395330889,4764462,34.8085098266602
3273,175.519343039706,2500,198.413939647271,4766962,34.8085098266602
3274,269.295265858068,2500,205.573179211527,4769462,34.8085098266602
3275,168.438294314759,2500,204.105081056883,4771962,34.8085098266602
3276,289.14299298371,2500,214.853270122512,4774462,34.8085098266602
3277,84.3546859757646,2500,202.687929320317,4776962,35.3906097412109
3278,174.255284582456,2500,195.04080782066,4779462,35.3906097412109
3279,409.613905715397,2500,212.77472757827,4781962,35.3906097412109
3280,247.414313822766,2500,208.98284601614,4784462,35.3906097412109
3281,290.262316535691,2500,220.254247244228,4786962,35.3906097412109
3282,157.717762261216,2500,226.601416508953,4789462,35.3906097412109
3283,165.039586888647,2500,225.553440893847,4791962,35.3906097412109
3284,294.760844650095,2500,228.09999877305,4794462,35.3906097412109
3285,157.968362405314,2500,227.053005582106,4796962,35.3906097412109
3286,79.103515370193,2500,206.049057820754,4799462,35.3906097412109
3287,86.525772324837,2500,206.266166455661,4801962,35.3906097412109
3288,332.215618183408,2500,222.062199815756,4804462,35.3906097412109
3289,237.840247754479,2500,204.884834019665,4806962,35.3906097412109
3290,220.81579586493,2500,202.224982223881,4809462,35.3906097412109
3291,289.336961954525,2500,202.132446765764,4811962,35.3906097412109
3292,261.507057198296,2500,212.511376259472,4814462,35.3906097412109
3293,290.70391065326,2500,225.077808635934,4816962,35.3906097412109
3294,161.131760786184,2500,211.714900249543,4819462,35.3906097412109
3295,261.230872860963,2500,222.041151295108,4821962,35.3906097412109
3296,308.441736217448,2500,244.974973379833,4824462,35.3906097412109
3297,443.467491526322,2500,280.669145299982,4826962,32.2047691345215
3298,271.764545654999,2500,274.624038047141,4829462,32.2047691345215
3299,345.421526295069,2500,285.3821659012,4831962,32.2047691345215
3300,225.599199493114,2500,285.860506264018,4834462,32.2047691345215
3301,363.561027883812,2500,293.282912856947,4836962,32.2047691345215
3302,372.872778155166,2500,304.419484952634,4839462,32.2047691345215
3303,292.03443427775,2500,304.552537315083,4841962,32.2047691345215
3304,237.339112270024,2500,312.173272463467,4844462,32.2047691345215
3305,112.316157948369,2500,297.281800972207,4846962,32.2047691345215
3306,229.201311054916,2500,289.357758455954,4849462,32.2047691345215
3307,433.956804040752,2500,288.406689707397,4851962,32.2047691345215
3308,392.962376489196,2500,300.526472790817,4854462,32.2047691345215
3309,443.340548255538,2500,310.318374986864,4856962,32.2047691345215
3310,453.956239017049,2500,333.154078939257,4859462,32.2047691345215
3311,432.827620148389,2500,340.080738165715,4861962,32.2047691345215
3312,412.070181638508,2500,344.000478514049,4864462,32.2047691345215
3313,327.235327971371,2500,347.520567883411,4866962,32.2047691345215
3314,308.876483361864,2500,354.674304992595,4869462,32.2047691345215
3315,205.890877395134,2500,364.031776937272,4871962,32.2047691345215
3316,451.73726956001,2500,386.285372787781,4874462,32.2047691345215
3317,412.610958432871,2500,384.150788226993,4876962,32.2047691345215
3318,285.720288570779,2500,373.426579435151,4879462,32.2047691345215
3319,315.617392952812,2500,360.654263904879,4881962,32.2047691345215
3320,258.189002845641,2500,341.077540287738,4884462,32.2047691345215
3321,356.080013875005,2500,333.402779660399,4886962,34.0726661682129
3322,98.8162380803599,2500,302.077385304585,4889462,34.0726661682129
3323,303.399890446156,2500,299.693841552063,4891962,34.0726661682129
3324,169.612752059675,2500,285.767468421844,4894462,34.0726661682129
3325,284.788168122317,2500,293.657197494563,4896962,34.0726661682129
3326,224.982147560693,2500,270.981685294631,4899462,34.0726661682129
3327,413.835578335804,2500,271.104147284924,4901962,34.0726661682129
3328,193.524225105198,2500,261.884540938366,4904462,34.0726661682129
3329,309.261621865405,2500,261.248963829625,4906962,34.0726661682129
3330,303.557087425233,2500,265.785772287585,4909462,34.0726661682129
3331,408.624956401231,2500,271.040266540207,4911962,34.0726661682129
3332,378.803191928883,2500,299.038961925059,4914462,34.0726661682129
3333,244.04598447992,2500,293.103571328436,4916962,34.0726661682129
3334,222.242085806662,2500,298.366504703135,4919462,34.0726661682129
3335,281.805599203335,2500,298.068247811236,4921962,34.0726661682129
3336,257.3246949857,2500,301.302502553737,4924462,34.0726661682129
3337,219.998597346063,2500,281.918804454763,4926962,34.0726661682129
3338,116.293109415056,2500,274.195692885749,4929462,34.0726661682129
3339,210.623366470766,2500,264.331867346285,4931962,34.0726661682129
3340,142.699079410915,2500,248.246066544853,4934462,34.0726661682129
3341,1087.60294171,2500,316.14386507573,4936962,31.3480472564697
3342,930.169427769267,2500,371.280488659769,4939462,31.3480472564697
3343,1048.45777663107,2500,451.721667874884,4941962,31.3480472564697
3344,1003.82613634656,2500,529.880072928873,4944462,31.3480472564697
3345,1045.86366967584,2500,606.285879976124,4946962,31.3480472564697
3346,960.599965838153,2500,676.613407061369,4949462,31.3480472564697
3347,917.612421035952,2500,746.374789430358,4951962,31.3480472564697
3348,866.707861172202,2500,821.416264606073,4954462,31.3480472564697
3349,877.562768618301,2500,888.110204820826,4956962,31.3480472564697
3350,944.576237373676,2500,968.297920617102,4959462,31.3480472564697
3351,844.120562672649,2500,943.949682713367,4961962,31.3480472564697
3352,799.043447656084,2500,930.837084702049,4964462,31.3480472564697
3353,918.716229503873,2500,917.862929989329,4966962,31.3480472564697
3354,532.883673584389,2500,870.768683713112,4969462,31.3480472564697
3355,962.294490771679,2500,862.411765822696,4971962,31.3480472564697
3356,731.719211088003,2500,839.523690347681,4974462,31.3480472564697
3357,948.922532415973,2500,842.654701485683,4976962,31.3480472564697
3358,807.542515258391,2500,836.738166894302,4979462,31.3480472564697
3359,718.60018563894,2500,820.841908596366,4981962,31.3480472564697
3360,1074.96612859122,2500,833.88089771812,4984462,31.3480472564697
3361,709.932545417674,2500,820.462095992623,4986962,31.3480472564697
3362,894.739126101774,2500,830.031663837192,4989462,31.3480472564697
3363,1083.70700884469,2500,846.530741771274,4991962,31.3480472564697
3364,956.997741231939,2500,888.942148536029,4994462,31.3480472564697
3365,1173.16635962014,2500,910.029335420875,4996962,32.399341583252
3366,1144.60722304044,2500,951.318136616118,4999462,32.399341583252
3367,1160.14055540848,2500,972.439938915369,5001962,32.399341583252
3368,1119.27794722315,2500,1003.61348211184,5004462,32.399341583252
3369,1227.19123489128,2500,1054.47258703708,5006962,32.399341583252
3370,1195.71283408984,2500,1066.54725758694,5009462,32.399341583252
3371,1233.09556705698,2500,1118.86355975087,5011962,32.399341583252
3372,1173.38701836451,2500,1146.72834897715,5014462,32.399341583252
3373,1143.9534077117,2500,1152.75298886385,5016962,32.399341583252
3374,1129.20846173302,2500,1169.97406091395,5019462,32.399341583252
3375,1142.09021960746,2500,1166.86644691269,5021962,32.399341583252
3376,1157.40179545946,2500,1168.14590415459,5024462,32.399341583252
3377,1224.64347256706,2500,1174.59619587045,5026962,32.399341583252
3378,1177.26201473801,2500,1180.39460262193,5029462,32.399341583252
3379,1202.42310110285,2500,1177.91778924309,5031962,32.399341583252
3380,1212.39695311864,2500,1179.58620114597,5034462,32.399341583252
3381,1205.63690150976,2500,1176.84033459125,5036962,32.399341583252
3382,1204.22550921029,2500,1179.92418367583,5039462,32.399341583252
3383,1163.76104263358,2500,1181.90494716801,5041962,32.399341583252
3384,1199.03560478986,2500,1188.8876614737,5044462,32.399341583252
3385,1239.88502285836,2500,1198.66714179879,5046962,32.3967208862305
3386,1161.00639780186,2500,1199.02760203303,5049462,32.3967208862305
3387,1241.03145744609,2500,1200.66640052093,5051962,32.3967208862305
3388,1206.78506100212,2500,1203.61870514734,5054462,32.3967208862305
3389,1238.83069232658,2500,1207.25946426971,5056962,32.3967208862305
3390,1235.92024764876,2500,1209.61179372273,5059462,32.3967208862305
3391,1206.47751670737,2500,1209.69585524249,5061962,32.3967208862305
3392,1248.49765731185,2500,1214.12307005264,5064462,32.3967208862305
3393,1251.26460557982,2500,1222.87342634727,5066962,32.3967208862305
3394,1252.36712197103,2500,1228.20657806538,5069462,32.3967208862305
3395,1272.12726167449,2500,1231.430801947,5071962,32.3967208862305
3396,1141.35115112429,2500,1229.46527727924,5074462,32.3967208862305
3397,1146.5691476032,2500,1220.01904629495,5076962,32.3967208862305
3398,1250.68531625646,2500,1224.40907182038,5079462,32.3967208862305
3399,1259.25262620566,2500,1226.45126520829,5081962,32.3967208862305
3400,1246.20386453128,2500,1227.47962689655,5084462,32.3967208862305
3401,1251.98731804247,2500,1232.03060703006,5086962,32.3967208862305
3402,1251.9013258673,2500,1232.3709738856,5089462,32.3967208862305
3403,1249.34717007764,2500,1232.17923033538,5091962,32.3967208862305
3404,1225.4118633158,2500,1229.48370446986,5094462,32.3967208862305
3405,1255.19015201906,2500,1227.78999350432,5096962,32.3967208862305
3406,1248.16061048359,2500,1238.47093944024,5099462,32.3967208862305
3407,1227.78792022189,2500,1246.59281670211,5101962,32.3967208862305
3408,1230.5903016783,2500,1244.5833152443,5104462,32.3967208862305
3409,1285.46462477716,2500,1247.20451510145,5106962,30.8902435302734
3410,1168.42983617887,2500,1239.42711226621,5109462,30.8902435302734
3411,898.273143980962,2500,1204.05569486006,5111962,30.8902435302734
3412,1037.63004811955,2500,1182.62856708528,5114462,30.8902435302734
3413,1174.28467831341,2500,1175.12231790886,5116962,30.8902435302734
3414,1127.17165811465,2500,1165.29829738874,5119462,30.8902435302734
3415,1101.50648700253,2500,1149.92993088709,5121962,30.8902435302734
3416,1075.2548987484,2500,1132.63935971357,5124462,30.8902435302734
3417,1290.70387034386,2500,1138.93095472577,5126962,30.8902435302734
3418,1171.11541931909,2500,1132.98346648985,5129462,30.8902435302734
3419,1183.6295697542,2500,1122.79996098755,5131962,30.8902435302734
3420,1196.67828589792,2500,1125.62480595946,5134462,30.8902435302734
3421,1230.64388664212,2500,1158.86188022557,5136962,30.8902435302734
3422,1259.21192663533,2500,1181.02006807715,5139462,30.8902435302734
3423,1201.7790549997,2500,1183.76950574578,5141962,30.8902435302734
3424,1159.31729989963,2500,1186.98406992428,5144462,30.8902435302734
3425,1232.17130658799,2500,1200.05055188282,5146962,30.8902435302734
3426,1041.62316829538,2500,1196.68737883752,5149462,30.8902435302734
3427,1212.5305064803,2500,1188.87004245117,5151962,30.8902435302734
3428,1197.78271316434,2500,1191.53677183569,5154462,30.8902435302734
3429,899.388233682665,2500,1163.11263822854,5156962,34.1578559875488
3430,995.822224317872,2500,1143.02703207053,5159462,34.1578559875488
3431,1262.94426382594,2500,1146.25706978891,5161962,34.1578559875488
3432,962.670371168805,2500,1116.60291424226,5164462,34.1578559875488
3433,1131.1174321836,2500,1109.53675196065,5166962,34.1578559875488
3434,943.689132122872,2500,1087.97393518298,5169462,34.1578559875488
3435,862.855968267653,2500,1051.04240135094,5171962,34.1578559875488
3436,1129.46313555073,2500,1059.82639807648,5174462,34.1578559875488
3437,1051.41147744401,2500,1043.71449517285,5176962,34.1578559875488
3438,834.560874663121,2500,1007.39231132273,5179462,34.1578559875488
3439,1259.75504641056,2500,1043.42899259552,5181962,34.1578559875488
3440,1003.58586910554,2500,1044.20535707428,5184462,34.1578559875488
3441,1299.45571041316,2500,1047.85650173301,5186962,34.1578559875488
3442,839.157153557857,2500,1035.50517997191,5189462,34.1578559875488
3443,1234.69024993501,2500,1045.86246174705,5191962,34.1578559875488
3444,1001.95740855001,2500,1051.68928938977,5194462,34.1578559875488
3445,1283.34201237884,2500,1093.73789380088,5196962,34.1578559875488
3446,1283.08709154487,2500,1109.1002894003,5199462,34.1578559875488
3447,961.103817578258,2500,1100.06952341372,5201962,34.1578559875488
3448,1158.58246989141,2500,1132.47168293655,5204462,34.1578559875488
3449,1218.78548833607,2500,1128.3747271291,5206962,34.1578559875488
3450,1328.4485485435,2500,1160.8609950729,5209462,34.1578559875488
3451,1243.44026447433,2500,1155.25945047902,5211962,34.1578559875488
3452,1213.99179375216,2500,1192.74291449845,5214462,34.1578559875488
3453,903.81402997426,2500,1159.65529250237,5216962,33.5402069091797
3454,1028.82432806083,2500,1162.34198445345,5219462,33.5402069091797
3455,951.101766671801,2500,1129.11795988275,5221962,33.5402069091797
3456,977.003118702233,2500,1098.50956259848,5224462,33.5402069091797
3457,1038.35994547333,2500,1106.23517538799,5226962,33.5402069091797
3458,927.022522930697,2500,1083.07918069192,5229462,33.5402069091797
3459,1151.54451595205,2500,1076.35508345352,5231962,33.5402069091797
3460,1299.61272196401,2500,1073.47150079557,5234462,33.5402069091797
3461,998.31365376686,2500,1048.95883972482,5236962,33.5402069091797
3462,1289.11641286667,2500,1056.47130163627,5239462,33.5402069091797
3463,928.370953005331,2500,1058.92699393938,5241962,33.5402069091797
3464,979.505968486347,2500,1053.99515798193,5244462,33.5402069091797
3465,955.17085487826,2500,1054.40206680258,5246962,33.5402069091797
3466,1040.12956986536,2500,1060.71471191889,5249462,33.5402069091797
3467,1005.60553996633,2500,1057.43927136819,5251962,33.5402069091797
3468,842.020677991585,2500,1048.93908687428,5254462,33.5402069091797
3469,872.146328040132,2500,1020.99926808309,5256962,33.5402069091797
3470,926.680019673178,2500,983.705997854004,5259462,33.5402069091797
3471,918.112879410377,2500,975.685920418356,5261962,33.5402069091797
3472,942.30967831288,2500,941.005246962977,5264462,33.5402069091797
3473,943.918119361659,2500,942.55996359861,5266962,33.2083129882812
3474,1027.60037051238,2500,947.369403801213,5269462,33.2083129882812
3475,834.408015317926,2500,935.29311984518,5271962,33.2083129882812
3476,1011.93401097107,2500,932.473563955752,5274462,33.2083129882812
3477,1165.40224365401,2500,948.45323432452,5276962,33.2083129882812
3478,923.886439423301,2500,956.639810467691,5279462,33.2083129882812
3479,835.279812408757,2500,952.953158904554,5281962,33.2083129882812
3480,981.996782070563,2500,958.484835144292,5284462,33.2083129882812
3481,790.175661144034,2500,945.691113317658,5286962,33.2083129882812
3482,986.725766895409,2500,950.132722175911,5289462,33.2083129882812
3483,1080.67031655656,2500,963.807941895401,5291962,33.2083129882812
3484,864.333061804883,2500,947.481211024651,5294462,33.2083129882812
3485,834.570784553261,2500,947.497487948185,5296962,33.2083129882812
3486,831.275122770053,2500,929.431599128083,5299462,33.2083129882812
3487,989.80691921092,2500,911.872066683774,5301962,33.2083129882812
3488,997.724531641108,2500,919.255875905555,5304462,33.2083129882812
3489,902.613160382279,2500,925.989210702907,5306962,33.2083129882812
3490,1007.47180391601,2500,928.536712887451,5309462,33.2083129882812
3491,942.525507923774,2500,943.771697565425,5311962,33.2083129882812
3492,918.900117784183,2500,936.989132654303,5314462,33.2083129882812
3493,920.387117001135,2500,920.96081269876,5316962,33.2083129882812
3494,1139.85075128196,2500,948.512581646468,5319462,33.2083129882812
3495,888.760703359418,2500,953.931573527084,5321962,33.2083129882812
3496,1016.77728015853,2500,972.481789265931,5324462,33.2083129882812
3497,1254.86544857587,2500,998.987642202427,5326962,31.5944385528564
3498,1174.36601319884,2500,1016.6517903582,5329462,31.5944385528564
3499,671.919968489591,1495,993.582471168931,5330957,31.5944385528564
3500,305.807834641182,890,923.416074241448,5331847,31.5944385528564
3501,255.132143682411,681,854.676737817312,5332528,31.5944385528564
3502,1150.79531323709,2500,877.866257362603,5335028,31.5944385528564
3503,1107.2488371242,2500,896.552429374909,5337528,31.5944385528564
3504,1172.81962617229,2500,899.849316863942,5340028,31.5944385528564
3505,1109.67829193119,2500,921.94107572112,5342528,31.5944385528564
3506,428.506584131657,985,863.114006118433,5343513,31.5944385528564
3507,297.24805213111,732,767.352266473956,5344245,31.5944385528564
3508,567.22822753607,1298,706.638487907679,5345543,31.5944385528564
3509,465.631960644652,1143,686.009687123186,5346686,31.5944385528564
3510,674.368140057348,1673,722.865717664802,5348359,31.5944385528564
3511,1275.15064643789,2500,824.86756794035,5350859,31.5944385528564
3512,821.196748526251,1841,791.907711469266,5352700,31.5944385528564
3513,436.099021842431,1010,724.792729941089,5353710,31.5944385528564
3514,1063.52198242068,2500,713.862965565928,5356210,31.5944385528564
3515,1115.39856000563,2500,714.434992373373,5358710,31.5944385528564
3516,774.219544145745,1708,749.006288374781,5360418,31.5944385528564
3517,965.335577306922,2500,815.815040892363,5362918,36.8816223144531
3518,876.250522134377,2500,846.717270352193,5365418,36.8816223144531
3519,949.019085109386,2500,895.055982798667,5367918,36.8816223144531
3520,1120.50671929467,2500,939.669840722399,5370418,36.8816223144531
3521,837.446061493274,2500,895.899382227937,5372918,36.8816223144531
3522,850.959050890375,2500,898.87561246435,5375418,36.8816223144531
3523,1059.90733497693,2500,961.256443777799,5377918,36.8816223144531
3524,968.016245977353,2500,951.705870133466,5380418,36.8816223144531
3525,779.982163125254,2500,918.164230445428,5382918,36.8816223144531
3526,839.485175100054,2500,924.690793540859,5385418,36.8816223144531
3527,994.481377397301,2500,927.605373549897,5387918,36.8816223144531
3528,814.763115294012,2500,921.456632865861,5390418,36.8816223144531
3529,871.668399947553,2500,913.721564349677,5392918,36.8816223144531
3530,1034.22404878973,2500,905.093297299183,5395418,36.8816223144531
3531,1279.620720838,2500,949.310763233656,5397918,36.8816223144531
3532,1002.75624003337,2500,964.490482147955,5400418,36.8816223144531
3533,1123.10590475522,2500,970.810339125785,5402918,36.8816223144531
3534,844.643849601381,2500,958.473099488187,5405418,36.8816223144531
3535,787.560913565239,2500,959.230974532186,5407918,36.8816223144531
3536,1014.05697648777,2500,976.688154670958,5410418,36.8816223144531
3537,785.698526176029,2500,955.809869548831,5412918,36.8816223144531
3538,1121.21933050887,2500,986.455491070316,5415418,36.8816223144531
3539,838.682999366202,2500,983.156951012181,5417918,36.8816223144531
3540,795.223290866385,2500,959.256875219847,5420418,36.8816223144531
3541,1046.41737453133,2500,935.93654058918,5422918,34.5839614868164
3542,799.114284892143,2500,915.572345075057,5425418,34.5839614868164
3543,798.135200588628,2500,883.075274658397,5427918,34.5839614868164
3544,733.392758947538,2500,871.950165593013,5430418,34.5839614868164
3545,837.546551101164,2500,876.948729346606,5432918,34.5839614868164
3546,1026.85133297799,2500,878.228164995627,5435418,34.5839614868164
3547,704.776471282201,2500,870.135959506244,5437918,34.5839614868164
3548,1123.38348639522,2500,870.352375094879,5440418,34.5839614868164
3549,862.023532272118,2500,872.686428385471,5442918,34.5839614868164
3550,1016.90451949392,2500,894.854551248225,5445418,34.5839614868164
3551,1006.71701213453,2500,890.884515008545,5447918,34.5839614868164
3552,656.72759272018,2500,876.645845791349,5450418,34.5839614868164
3553,733.85622940982,2500,870.217948673468,5452918,34.5839614868164
3554,897.972551050616,2500,886.675927883776,5455418,34.5839614868164
3555,872.611733841097,2500,890.182446157769,5457918,34.5839614868164
3556,764.566432625484,2500,863.953956122519,5460418,34.5839614868164
3557,742.959864946119,2500,867.772295488911,5462918,34.5839614868164
3558,1269.28324149647,2500,882.362270999036,5465418,34.5839614868164
3559,995.058101689094,2500,895.665727940734,5467918,34.5839614868164
3560,703.661018120605,2500,864.341377803402,5470418,34.5839614868164
3561,923.946521089918,2500,856.06432869894,5472918,34.9109878540039
3562,809.694155688816,2500,871.360984995804,5475418,34.9109878540039
3563,803.70574529482,2500,878.345936584304,5477918,34.9109878540039
3564,1140.00366711485,2500,902.549048190728,5480418,34.9109878540039
3565,1184.11431973697,2500,933.699306780315,5482918,34.9109878540039
3566,850.955846432653,2500,942.338248161032,5485418,34.9109878540039
3567,832.393819237084,2500,951.281643590129,5487918,34.9109878540039
3568,1102.7821268412,2500,934.631532124601,5490418,34.9109878540039
3569,732.494954067928,2500,908.375217362485,5492918,34.9109878540039
3570,964.665150083037,2500,934.475630558728,5495418,34.9109878540039
3571,745.875695743952,2500,916.668548024131,5497918,34.9109878540039
3572,748.257185267256,2500,910.524850981975,5500418,34.9109878540039
3573,742.101314868723,2500,904.364407939365,5502918,34.9109878540039
3574,913.096993925847,2500,881.673740620465,5505418,34.9109878540039
3575,1107.07294192784,2500,873.969602839552,5507918,34.9109878540039
3576,1028.13872197839,2500,891.687890394125,5510418,34.9109878540039
3577,701.262881534007,2500,878.574796623817,5512918,34.9109878540039
3578,701.271204593747,2500,838.423704399072,5515418,34.9109878540039
3579,997.658049861499,2500,864.940013978429,5517918,34.9109878540039
3580,918.853810097183,2500,860.358879979844,5520418,34.9109878540039
3581,943.627578614213,2500,880.13406826687,5522918,34.9109878540039
3582,1211.3361548092,2500,926.441965221065,5525418,34.9109878540039
3583,717.412550127893,2500,923.973088746982,5527918,34.9109878540039
3584,974.961222269024,2500,930.1595115813,5530418,34.9109878540039
3585,1141.37264175627,2500,933.589481564142,5532918,33.5294723510742
3586,525.618791067973,1338,883.337488473101,5534256,33.5294723510742
3587,1090.47241945485,2500,922.258442265186,5536756,33.5294723510742
3588,1268.23246259257,2500,978.954568065068,5539256,33.5294723510742
3589,1297.03764537927,2500,1008.89252761685,5541756,33.5294723510742
3590,1065.84649135535,2500,1023.59179574266,5544256,33.5294723510742
3591,1299.08208744394,2500,1059.13724662563,5546756,33.5294723510742
3592,924.423580940092,2500,1030.44598923872,5549256,33.5294723510742
3593,975.304297211002,2500,1056.23516394703,5551756,33.5294723510742
3594,1311.11160484582,2500,1089.85020220471,5554256,33.5294723510742
3595,1296.8996055125,2500,1105.40289858034,5556756,33.5294723510742
3596,1259.1820914972,2500,1178.75922862326,5559256,33.5294723510742
3597,1104.66301238396,2500,1180.17828791617,5561756,33.5294723510742
3598,1308.34228774008,2500,1184.18927043092,5564256,33.5294723510742
3599,732.266123411311,2500,1127.71211823413,5566756,33.5294723510742
3600,1324.87593580028,2500,1153.61506267862,5569256,33.5294723510742
3601,1347.29986422758,2500,1158.43684035698,5571756,33.5294723510742
3602,1248.17225019556,2500,1190.81170728253,5574256,33.5294723510742
3603,1352.79647803686,2500,1228.56092536512,5576756,33.5294723510742
3604,1262.07950160063,2500,1223.6577150406,5579256,33.5294723510742
3605,1224.22938890356,2500,1216.3906933797,5581756,37.548469543457
3606,1084.92227995112,2500,1198.96471222509,5584256,37.548469543457
3607,1168.55960494295,2500,1205.35437148099,5586756,37.548469543457
3608,1295.57257055485,2500,1204.07739976247,5589256,37.548469543457
3609,1253.39310837613,2500,1256.19009825895,5591756,37.548469543457
3610,1232.13039459883,2500,1246.91554413881,5594256,37.548469543457
3611,1300.58792448027,2500,1242.24435016408,5596756,37.548469543457
3612,1251.52320165452,2500,1242.57944530997,5599256,37.548469543457
3613,1276.9325161609,2500,1234.99304912238,5601756,37.548469543457
3614,1050.52151676129,2500,1213.83725063844,5604256,37.548469543457
3615,981.391984674633,2500,1189.55351021555,5606756,37.548469543457
3616,1253.08550182727,2500,1206.36983240317,5609256,37.548469543457
3617,1267.63171318547,2500,1216.27704322742,5611756,37.548469543457
3618,1099.56995009731,2500,1196.67678118166,5614256,37.548469543457
3619,1162.07348534976,2500,1187.54481887903,5616756,37.548469543457
3620,1066.93560194888,2500,1171.02533961403,5619256,37.548469543457
3621,1293.44804872036,2500,1170.31135203804,5621756,37.548469543457
3622,1238.82989792228,2500,1169.04202166482,5624256,37.548469543457
3623,1130.76441426994,2500,1154.42521147572,5626756,37.548469543457
3624,1072.91188862162,2500,1156.66424866175,5629256,37.548469543457
3625,1296.92705633427,2500,1188.21775582772,5631756,37.548469543457
3626,1266.51147197226,2500,1189.56035284222,5634256,37.548469543457
3627,1202.70893408297,2500,1183.06807493197,5636756,37.548469543457
3628,1310.71889681288,2500,1204.18296960352,5639256,37.548469543457
3629,1057.31416514057,2500,1193.7070375826,5641756,37.6586837768555
3630,1322.70983424679,2500,1219.2844608124,5644256,37.6586837768555
3631,1261.60732019375,2500,1216.10038795973,5646756,37.6586837768555
3632,1319.18951246776,2500,1224.13634941428,5649256,37.6586837768555
3633,1271.85581487562,2500,1238.24548947485,5651756,37.6586837768555
3634,1227.46885989607,2500,1253.70118660229,5654256,37.6586837768555
3635,1116.1126735928,2500,1235.61974832815,5656756,37.6586837768555
3636,1077.72668392448,2500,1216.74126952337,5659256,37.6586837768555
3637,1268.0824799315,2500,1223.27862410822,5661756,37.6586837768555
3638,1258.28497571294,2500,1218.03523199823,5664256,37.6586837768555
3639,1312.01443105771,2500,1243.50525858994,5666756,37.6586837768555
3640,1067.86489234212,2500,1218.02076439948,5669256,37.6586837768555
3641,1071.11970508586,2500,1198.97200288869,5671756,37.6586837768555
3642,1246.55481617952,2500,1191.70853325986,5674256,37.6586837768555
3643,1269.5695929797,2500,1191.47991107027,5676756,37.6586837768555
3644,1192.21726516149,2500,1187.95475159681,5679256,37.6586837768555
3645,1285.77365227919,2500,1204.92084946545,5681756,37.6586837768555
3646,1032.66147624152,2500,1200.41432869715,5684256,37.6586837768555
3647,1097.11000017833,2500,1183.31708072184,5686756,37.6586837768555
3648,964.500271950648,2500,1153.93861034561,5689256,37.6586837768555
3649,1257.73646723524,2500,1148.51081396336,5691756,35.8158569335938
3650,1147.94262835784,2500,1156.51858756493,5694256,35.8158569335938
3651,1282.03132257588,2500,1177.60974931394,5696756,35.8158569335938
3652,1263.64130273647,2500,1179.31839796963,5699256,35.8158569335938
3653,1288.38895943625,2500,1181.20033461529,5701756,35.8158569335938
3654,1262.46275213512,2500,1188.22488331265,5704256,35.8158569335938
3655,1271.57237396836,2500,1186.80475548157,5706756,35.8158569335938
3656,1266.17300683321,2500,1210.15590854074,5709256,35.8158569335938
3657,1254.62186013766,2500,1225.90709453667,5711756,35.8158569335938
3658,1275.7267229629,2500,1257.02973963789,5714256,35.8158569335938
3659,1168.51882559773,2500,1248.10797547414,5716756,35.8158569335938
3660,1209.00711454926,2500,1254.21442409329,5719256,35.8158569335938
3661,1185.94828258122,2500,1244.60612009382,5721756,35.8158569335938
3662,1253.91690753747,2500,1243.63368057392,5724256,35.8158569335938
3663,1301.88221829177,2500,1244.98300645947,5726756,35.8158569335938
3664,1311.24888450595,2500,1249.86161969655,5729256,35.8158569335938
3665,1269.96012448635,2500,1249.70039474835,5731756,35.8158569335938
3666,1247.79565480504,2500,1247.86265954553,5734256,35.8158569335938
3667,1168.37220313839,2500,1239.23769384561,5736756,35.8158569335938
3668,1286.19793486226,2500,1240.28481503554,5739256,35.8158569335938
3669,1163.17653926565,2500,1239.75058640234,5741756,35.8158569335938
3670,1266.31054452226,2500,1245.48092939964,5744256,35.8158569335938
3671,1254.97227642765,2500,1252.38332878428,5746756,35.8158569335938
3672,1185.4678588401,2500,1245.53842391454,5749256,35.8158569335938
3673,372.667322248553,815,1152.61693431022,5750071,35.8158569335938
3674,1239.0848156174,2500,1145.40052742136,5752571,38.3166885375977
3675,215.218397568421,410,1039.92635472957,5752981,38.3166885375977
3676,223.049339097385,524,937.451723158806,5753505,38.3166885375977
3677,1257.30042056387,2500,946.344544901354,5756005,38.3166885375977
3678,1292.56693942018,2500,946.981445357146,5758505,38.3166885375977
3679,787.279730606727,1636,909.391764491254,5760141,38.3166885375977
3680,749.332468663825,1529,857.69395690541,5761670,38.3166885375977
3681,1177.83500110162,2500,849.980229372807,5764170,38.3166885375977
3682,922.483654262793,1886,823.681808915077,5766056,38.3166885375977
3683,636.810167319617,1333,850.096093422183,5767389,38.3166885375977
3684,546.178321872007,1170,780.805444047644,5768559,38.3166885375977
3685,288.957511026299,641,788.179355393432,5769200,38.3166885375977
3686,619.763599248959,1276,827.850781408589,5770476,38.3166885375977
3687,1157.34511625832,2500,817.855250978034,5772976,38.3166885375977
3688,285.318432775051,611,717.130400313522,5773587,38.3166885375977
3689,292.58805562442,622,667.661232815291,5774209,38.3166885375977
3690,1096.17426310954,2201,702.345412259863,5776410,38.3166885375977
3691,218.067955536133,535,606.368707703314,5776945,38.3166885375977
3692,421.173434128158,918,556.237685689851,5777863,38.3166885375977
3693,1185.37954994928,2500,611.094623952817,5780363,39.0486068725586
3694,1105.23417320259,2500,667.000209085875,5782863,39.0486068725586
3695,1233.33228028966,2500,761.437686012211,5785363,39.0486068725586
3696,1154.73008299717,2500,814.934334387032,5787863,39.0486068725586
3697,1260.50480162923,2500,825.250302924123,5790363,39.0486068725586
3698,1205.28707868921,2500,917.247167515539,5792863,39.0486068725586
3699,1070.75960704197,2500,995.064322657294,5795363,39.0486068725586
3700,571.520719623449,1253,942.598968308684,5796616,39.0486068725586
3701,1305.78218165944,2500,1051.37039092101,5799116,39.0486068725586
3702,1141.05674547476,2500,1123.35872205568,5801616,39.0486068725586
3703,1250.11845272418,2500,1129.83261233317,5804116,39.0486068725586
3704,274.281212815201,650,1046.73731629443,5804766,39.0486068725586
3705,234.641905791133,566,946.868278844574,5805332,39.0486068725586
3706,173.017338465805,354,848.697004391438,5805686,39.0486068725586
3707,507.893200348348,1046,773.435844263349,5806732,39.0486068725586
3708,1095.07566470821,2500,762.414702865249,5809232,39.0486068725586
3709,519.701847492967,1117,707.308926910349,5810349,39.0486068725586
3710,689.853528460636,1532,719.142207794068,5811881,39.0486068725586
3711,456.451711306531,1064,634.209160758777,5812945,39.0486068725586
3712,1160.0665241374,2500,636.11013862504,5815445,39.0486068725586
3713,206.40694283551,533,531.738987636173,5815978,39.0486068725586
3714,1220.94151209453,2500,626.405017564106,5818478,39.0486068725586
3715,1225.21021551727,2500,725.461848536719,5820978,39.0486068725586
3716,1143.97750576108,2500,822.557865266247,5823478,39.0486068725586
3717,1192.9604398581,2500,891.064589217222,5825978,39.0486068725586
3718,1313.7697685117,2500,912.933999597571,5828478,37.0543594360352
3719,1159.17545963625,2500,976.8813608119,5830978,37.0543594360352
3720,1222.46649229723,2500,1030.14265719556,5833478,37.0543594360352
3721,1233.90189487359,2500,1107.88767555226,5835978,37.0543594360352
3722,1238.87234807366,2500,1115.76825794589,5838478,37.0543594360352
3723,1207.67730676042,2500,1215.89529433838,5840978,37.0543594360352
3724,1261.68046981996,2500,1219.96919011093,5843478,37.0543594360352
3725,1263.39866563489,2500,1223.78803512269,5845978,37.0543594360352
3726,1275.93501700128,2500,1236.98378624671,5848478,37.0543594360352
3727,641.124928591461,1359,1181.80023512004,5849837,37.0543594360352
3728,1185.93674918461,2500,1169.01693318734,5852337,37.0543594360352
3729,1118.76995143371,2500,1164.97638236708,5854837,37.0543594360352
3730,620.255107884547,1268,1104.75524392581,5856105,37.0543594360352
3731,1225.32726242767,2500,1103.89778068122,5858605,37.0543594360352
3732,1223.64120007304,2500,1102.37466588116,5861105,37.0543594360352
3733,1234.20222717173,2500,1105.02715792229,5863605,37.0543594360352
3734,1262.85202611967,2500,1105.14431355226,5866105,37.0543594360352
3735,1275.76197959542,2500,1106.38064494831,5868605,37.0543594360352
3736,1320.23182500214,2500,1110.8103257484,5871105,37.0543594360352
3737,1098.92760098162,2500,1156.59059298742,5873605,33.101734161377
3738,1249.98250009081,2500,1162.99516807804,5876105,33.101734161377
3739,1199.75689235196,2500,1171.09386216986,5878605,33.101734161377
3740,845.476760995732,1859,1193.61602748098,5880464,33.101734161377
3741,1246.35514995563,2500,1195.71881623378,5882964,33.101734161377
3742,1284.79807101238,2500,1201.83450332771,5885464,33.101734161377
3743,1201.25731739805,2500,1198.54001235034,5887964,33.101734161377
3744,905.794963748954,1901,1162.83430611327,5889865,33.101734161377
3745,1220.46938209402,2500,1157.30504636313,5892365,33.101734161377
3746,1241.421136523,2500,1149.42397751522,5894865,33.101734161377
3747,1258.05848784074,2500,1165.33706620113,5897365,33.101734161377
3748,1196.6433987842,2500,1160.00315607047,5899865,33.101734161377
3749,1278.46069109054,2500,1167.87353594432,5902365,33.101734161377
3750,1015.50662625948,2261,1184.8765224707,5904626,33.101734161377
3751,588.455939916086,1330,1119.08660146674,5905956,33.101734161377
3752,1241.85766598768,2500,1114.79256096427,5908456,33.101734161377
3753,1274.28247815657,2500,1122.09507704013,5910956,33.101734161377
3754,932.406100001627,2113,1124.75619066539,5913069,33.101734161377
3755,1200.25516136516,2500,1122.73476859251,5915569,33.101734161377
3756,1295.38074525754,2500,1128.13072946596,5918069,33.101734161377
3757,1269.13831522644,2500,1129.23871220453,5920569,33.101734161377
3758,1312.13870796551,2500,1140.78824312266,5923069,33.101734161377
3759,1200.97190102469,2500,1133.03936411608,5925569,33.101734161377
3760,1193.83112490813,2500,1150.87181398094,5928069,33.101734161377
3761,759.225879904521,1530,1167.94880797979,5929599,33.101734161377
3762,1205.53863247471,2500,1164.31690462849,5932099,38.3832626342773
3763,1294.19358712066,2500,1166.3080155249,5934599,38.3832626342773
3764,1312.99071128409,2500,1204.36647665315,5937099,38.3832626342773
3765,1305.67798810141,2500,1214.90875932677,5939599,38.3832626342773
3766,1304.40989778113,2500,1215.81167457913,5942099,38.3832626342773
3767,1287.07487957711,2500,1217.6053310142,5944599,38.3832626342773
3768,1251.01948948462,2500,1211.49340916611,5947099,38.3832626342773
3769,1302.57387720511,2500,1221.65360678415,5949599,38.3832626342773
3770,1314.29108529241,2500,1233.69960282258,5952099,38.3832626342773
3771,1235.63408262149,2500,1281.34042309427,5954599,38.3832626342773
3772,1331.08224271351,2500,1293.89478411815,5957099,38.3832626342773
3773,1316.78135272082,2500,1296.15356067817,5959599,38.3832626342773
3774,1340.28244195108,2500,1298.88273374487,5962099,38.3832626342773
3775,1298.69076785602,2500,1298.18401172033,5964599,38.3832626342773
3776,1307.94028097845,2500,1298.53705004006,5967099,38.3832626342773
3777,1316.66885401134,2500,1301.49644748348,5969599,38.3832626342773
3778,1244.41182500637,2500,1300.83568103566,5972099,38.3832626342773
3779,1283.65290661462,2500,1298.94358397661,5974599,38.3832626342773
3780,1328.03839392389,2500,1300.31831483976,5977099,38.3832626342773
3781,1322.06043307473,2500,1308.96094988508,5979599,38.607536315918
3782,1285.32610474339,2500,1304.38533608807,5982099,38.607536315918
3783,1311.56760870766,2500,1303.86396168675,5984599,38.607536315918
3784,1258.10855945756,2500,1295.6465734374,5987099,38.607536315918
3785,1261.10932008968,2500,1291.88842866077,5989599,38.607536315918
3786,1321.59365560927,2500,1293.25376612385,5992099,38.607536315918
3787,1263.02452408522,2500,1287.88933313124,5994599,38.607536315918
3788,1317.06334410529,2500,1295.15448504113,5997099,38.607536315918
3789,1320.16236927285,2500,1298.80543130695,5999599,38.607536315918
3790,1281.1077095318,2500,1294.11236286775,6002099,38.607536315918
3791,1312.70805755251,2500,1293.17712531552,6004599,38.607536315918
3792,1285.25937307373,2500,1293.17045214856,6007099,38.607536315918
3793,1280.73186341518,2500,1290.08687761931,6009599,38.607536315918
3794,1316.61953647816,2500,1295.93797532137,6012099,38.607536315918
3795,1296.74745166929,2500,1299.50178847933,6014599,38.607536315918
3796,1332.70520372302,2500,1300.61294329071,6017099,38.607536315918
3797,1279.03823338485,2500,1302.21431422067,6019599,38.607536315918
3798,1322.30478383484,2500,1302.73845819362,6022099,38.607536315918
3799,1266.67341918418,2500,1297.38956318476,6024599,38.607536315918
3800,1245.41035321687,2500,1293.81982755326,6027099,38.607536315918
3801,1253.92612519991,2500,1287.941634318,6029599,38.607536315918
3802,1337.45878682206,2500,1293.16157569284,6032099,38.607536315918
3803,1268.32221249564,2500,1291.92061060088,6034599,38.607536315918
3804,1299.53305143511,2500,1290.21196209658,6037099,38.607536315918
3805,1243.55693495289,2500,1284.89291042494,6039599,38.607536315918
3806,1213.57007645103,2500,1272.97939769774,6042099,37.2882843017578
3807,1261.55280472426,2500,1271.23085483168,6044599,37.2882843017578
3808,1333.66886712311,2500,1272.36726316051,6047099,37.2882843017578
3809,1241.51378166486,2500,1269.85129940857,6049599,37.2882843017578
3810,1236.69789884184,2500,1268.98005397107,6052099,37.2882843017578
3811,1261.20751988777,2500,1269.70819343986,6054599,37.2882843017578
3812,1358.53123617713,2500,1271.81543837536,6057099,37.2882843017578
3813,1125.3112433377,2500,1257.51434145957,6059599,37.2882843017578
3814,1154.91383805865,2500,1243.05242012192,6062099,37.2882843017578
3815,1255.15953647191,2500,1244.21268027383,6064599,37.2882843017578
3816,1288.94726433541,2500,1251.75039906227,6067099,37.2882843017578
3817,1264.96530180784,2500,1252.09164877062,6069599,37.2882843017578
3818,1244.84563220565,2500,1243.20932527888,6072099,37.2882843017578
3819,1293.50782854282,2500,1248.40872996667,6074599,37.2882843017578
3820,1195.78733286726,2500,1244.31767336922,6077099,37.2882843017578
3821,1250.67351252119,2500,1243.26427263256,6079599,37.2882843017578
3822,1266.48404669792,2500,1234.05955368464,6082099,37.2882843017578
3823,1298.37408850071,2500,1251.36583820094,6084599,37.2882843017578
3824,1304.93296168041,2500,1266.36775056311,6087099,37.2882843017578
3825,1250.87724608905,2500,1265.93952152483,6089599,34.9612617492676
3826,1324.45182839039,2500,1269.48997793033,6092099,34.9612617492676
3827,1248.36464562111,2500,1267.82991231165,6094599,34.9612617492676
3828,1230.27204912309,2500,1266.3725540034,6097099,34.9612617492676
3829,1203.7513124346,2500,1257.39690239257,6099599,34.9612617492676
3830,1326.94897575309,2500,1270.51306668116,6102099,34.9612617492676
3831,1281.84309255217,2500,1273.63002468425,6104599,34.9612617492676
3832,1294.91790827015,2500,1276.47341084148,6107099,34.9612617492676
3833,1283.09861721482,2500,1274.94586371289,6109599,34.9612617492676
3834,1261.13251008114,2500,1270.56581855296,6112099,34.9612617492676
3835,1281.07186320853,2500,1273.58528026491,6114599,34.9612617492676
3836,1228.75606212512,2500,1264.01570363838,6117099,34.9612617492676
3837,1203.58379941299,2500,1259.53761901757,6119599,34.9612617492676
3838,1058.50403371367,2500,1242.36081747663,6122099,34.9612617492676
3839,1228.29150629754,2500,1244.81483686292,6124599,34.9612617492676
3840,1244.04428054521,2500,1236.52436734213,6127099,34.9612617492676
3841,989.138955483251,2500,1207.25395363524,6129599,34.9612617492676
3842,1257.51504127514,2500,1203.51366693574,6132099,34.9612617492676
3843,1235.58286673442,2500,1198.7620918877,6134599,34.9612617492676
3844,1321.16249942899,2500,1204.76509082249,6137099,34.9612617492676
3845,1286.47003084216,2500,1205.30490758585,6139599,34.9612617492676
3846,1253.14770111006,2500,1207.74407148434,6142099,34.9612617492676
3847,1208.76706843573,2500,1208.26239838662,6144599,34.9612617492676
3848,1240.02063045246,2500,1226.4140580605,6147099,34.9612617492676
3849,1222.74514379394,2500,1225.85942181014,6149599,34.9612617492676
3850,1314.91528409378,2500,1232.94652216499,6152099,38.393253326416
3851,1246.76611326886,2500,1258.70923794355,6154599,38.393253326416
3852,1258.45023998413,2500,1258.80275781445,6157099,38.393253326416
3853,1204.83266160969,2500,1255.72773730198,6159599,38.393253326416
3854,1228.07747162731,2500,1246.41923452181,6162099,38.393253326416
3855,1266.23868113289,2500,1244.39609955089,6164599,38.393253326416
3856,1224.14062811159,2500,1241.49539225104,6167099,38.393253326416
3857,1312.47901970345,2500,1251.86658737781,6169599,38.393253326416
3858,1234.58918569578,2500,1251.32344290214,6172099,38.393253326416
3859,1292.88017322614,2500,1258.33694584536,6174599,38.393253326416
3860,1323.2188956319,2500,1259.16730699918,6177099,38.393253326416
3861,1298.67432779773,2500,1264.35812845206,6179599,38.393253326416
3862,1316.80799515379,2500,1270.19390396903,6182099,38.393253326416
3863,1225.62434574022,2500,1272.27307238208,6184599,38.393253326416
3864,1260.0014968838,2500,1275.46547490773,6187099,38.393253326416
3865,1224.45026526196,2500,1271.28663332064,6189599,38.393253326416
3866,1301.77927130637,2500,1279.05049764012,6192099,38.393253326416
3867,1324.06068590889,2500,1280.20866426066,6194599,38.393253326416
3868,1245.60590186139,2500,1281.31033587722,6197099,38.393253326416
3869,1274.73489920613,2500,1279.49580847522,6199599,37.2638893127441
3870,1234.79879722474,2500,1270.6537986345,6202099,37.2638893127441
3871,1236.99360305745,2500,1264.48572616048,6204599,37.2638893127441
3872,1329.26014061529,2500,1265.73094070663,6207099,37.2638893127441
3873,1263.90548915965,2500,1269.55905504857,6209599,37.2638893127441
3874,1205.91784265152,2500,1264.15068962534,6212099,37.2638893127441
3875,1281.79610611689,2500,1269.88527371083,6214599,37.2638893127441
3876,1292.13162168472,2500,1268.92050874867,6217099,37.2638893127441
3877,1288.08560244907,2500,1265.32300040268,6219599,37.2638893127441
3878,1297.2965216561,2500,1270.49206238215,6222099,37.2638893127441
3879,1282.18260242086,2500,1271.23683270363,6224599,37.2638893127441
3880,1237.38657349678,2500,1271.49561033083,6227099,37.2638893127441
3881,1240.30212927505,2500,1271.82646295259,6229599,37.2638893127441
3882,1276.60748462757,2500,1266.56119735382,6232099,37.2638893127441
3883,1286.46872598997,2500,1268.81752103685,6234599,37.2638893127441
3884,1240.42030803178,2500,1272.26776757488,6237099,37.2638893127441
3885,1142.61770223457,2500,1258.34992718665,6239599,37.2638893127441
3886,1272.5002850698,2500,1256.38679352515,6242099,37.2638893127441
3887,1140.86151490314,2500,1241.66438477056,6244599,37.2638893127441
3888,1282.00726855406,2500,1240.13545946036,6247099,37.2638893127441
3889,1263.48997077268,2500,1238.26619629554,6249599,37.2638893127441
3890,1197.70072158247,2500,1234.29761110411,6252099,37.2638893127441
3891,1135.13762586079,2500,1223.78116076268,6254599,37.2638893127441
3892,1258.64270693836,2500,1221.98468299376,6257099,37.2638893127441
3893,1212.75261924139,2500,1214.6130723189,6259599,37.2638893127441
3894,1255.18360732128,2500,1216.08940224785,6262099,37.5036544799805
3895,1243.28041419008,2500,1226.1556734434,6264599,37.5036544799805
3896,1309.3823610154,2500,1229.84388103796,6267099,37.5036544799805
3897,1263.63551709143,2500,1242.12128125679,6269599,37.5036544799805
3898,1310.710074324,2500,1244.99156183379,6272099,37.5036544799805
3899,1274.09763182525,2500,1246.05232793904,6274599,37.5036544799805
3900,1250.59094091129,2500,1251.34134987193,6277099,37.5036544799805
3901,1281.28268598248,2500,1265.9558558841,6279599,37.5036544799805
3902,1317.84621547298,2500,1271.87620673756,6282099,37.5036544799805
3903,1274.52414574921,2500,1278.05335938834,6284599,37.5036544799805
3904,1300.54126838508,2500,1282.58912549472,6287099,37.5036544799805
3905,1302.48625167229,2500,1288.50970924294,6289599,37.5036544799805
3906,1286.95786834868,2500,1286.26725997627,6292099,37.5036544799805
3907,1246.61736616303,2500,1284.56544488343,6294599,37.5036544799805
3908,1293.91347611828,2500,1282.88578506286,6297099,37.5036544799805
3909,1295.57160944648,2500,1285.03318282498,6299599,37.5036544799805
3910,1271.49100949641,2500,1287.12318968349,6302099,37.5036544799805
3911,1325.91597046045,2500,1291.58651813129,6304599,37.5036544799805
3912,1309.95613794231,2500,1290.79751037822,6307099,37.5036544799805
3913,1291.66091295029,2500,1292.51118709833,6309599,39.5568542480469
3914,1266.46987955308,2500,1289.10404821513,6312099,39.5568542480469
3915,1262.02808863057,2500,1285.05823191096,6314599,39.5568542480469
3916,1258.73292399937,2500,1282.23573747603,6317099,39.5568542480469
3917,1251.07342885793,2500,1282.68134374552,6319599,39.5568542480469
3918,1260.77424890628,2500,1279.36742102432,6322099,39.5568542480469
3919,1259.35256920423,2500,1275.74551700009,6324599,39.5568542480469
3920,1255.64085322589,2500,1274.16050137304,6327099,39.5568542480469
3921,1260.66613250284,2500,1267.63551757728,6329599,39.5568542480469
3922,1283.27281984421,2500,1264.96718576747,6332099,39.5568542480469
3923,1250.13220534096,2500,1260.81431500654,6334599,39.5568542480469
3924,1327.08575928889,2500,1266.87590298012,6337099,39.5568542480469
3925,1264.92354589829,2500,1267.16544870689,6339599,39.5568542480469
3926,1324.65914360957,2500,1273.75807066791,6342099,39.5568542480469
3927,1238.76059299043,2500,1272.52678708116,6344599,39.5568542480469
3928,1260.02686602121,2500,1272.45204879265,6347099,39.5568542480469
3929,1270.82288580537,2500,1273.59908045277,6349599,39.5568542480469
3930,1276.80651912753,2500,1275.71564704293,6352099,39.5568542480469
3931,1259.69178534511,2500,1275.61821232716,6354599,39.5568542480469
3932,1335.11132896911,2500,1280.80206323965,6357099,39.5568542480469
3933,1316.18963207251,2500,1287.4078059128,6359599,39.5568542480469
3934,1261.09804077548,2500,1280.80903406146,6362099,39.5568542480469
3935,1326.77081691872,2500,1286.9937611635,6364599,39.5568542480469
3936,1255.59091530355,2500,1280.0869383329,6367099,39.5568542480469
3937,1262.4627847735,2500,1282.45715751121,6369599,39.5568542480469
3938,1259.64665665426,2500,1282.41913657452,6372099,37.6576766967773
3939,1265.57976289426,2500,1281.8948242834,6374599,37.6576766967773
3940,1250.79553369017,2500,1279.29372573967,6377099,37.6576766967773
3941,1266.13153053613,2500,1279.93770025877,6379599,37.6576766967773
3942,1257.1932709251,2500,1272.14589445437,6382099,37.6576766967773
3943,1262.17902679422,2500,1266.74483392654,6384599,37.6576766967773
3944,1254.1574783076,2500,1266.05077767975,6387099,37.6576766967773
3945,1267.2755724046,2500,1260.10125322834,6389599,37.6576766967773
3946,1266.61581021645,2500,1261.20374271963,6392099,37.6576766967773
3947,1272.36232814836,2500,1262.19369705712,6394599,37.6576766967773
3948,1250.88672307196,2500,1261.31770369889,6397099,37.6576766967773
3949,1239.82780187583,2500,1258.74250759704,6399599,37.6576766967773
3950,1253.24240112305,2500,1258.98719434033,6402099,37.6576766967773
3951,1263.97245529313,2500,1258.77128681603,6404599,37.6576766967773
3952,1259.90191425306,2500,1259.04215114883,6407099,37.6576766967773
3953,1268.26231413878,2500,1259.65047988328,6409599,37.6576766967773
3954,1243.96559872423,2500,1258.63129192495,6412099,37.6576766967773
3955,1258.0889303002,2500,1257.71262771451,6414599,37.6576766967773
3956,1212.25388981208,2500,1252.27643567407,6417099,37.6576766967773
3957,1207.82733376054,2500,1245.82293623529,6419599,39.1546669006348
3958,1265.58278973007,2500,1247.2925429011,6422099,39.1546669006348
3959,1243.19579257173,2500,1247.62934197069,6424599,39.1546669006348
3960,1266.02151500898,2500,1248.90725335928,6427099,39.1546669006348
3961,1256.15767771087,2500,1248.12577560106,6429599,39.1546669006348
3962,1280.25491604789,2500,1250.16107578054,6432099,39.1546669006348
3963,1270.24167273823,2500,1250.35901164048,6434599,39.1546669006348
3964,1262.07408562267,2500,1252.16986033033,6437099,39.1546669006348
3965,1256.35750923865,2500,1251.99671822417,6439599,39.1546669006348
3966,1259.65265495671,2500,1256.73659473863,6442099,39.1546669006348
3967,1264.72911458776,2500,1262.42677282136,6444599,39.1546669006348
3968,1244.93915842599,2500,1260.36240969095,6447099,39.1546669006348
3969,1267.20756838933,2500,1262.76358727271,6449599,39.1546669006348
3970,1265.91404511211,2500,1262.75284028302,6452099,39.1546669006348
3971,1244.90227028409,2500,1261.62729954034,6454599,39.1546669006348
3972,1246.76738588291,2500,1258.27854652385,6457099,39.1546669006348
3973,1256.92033627112,2500,1256.94641287713,6459599,39.1546669006348
3974,1253.57838800337,2500,1256.0968431152,6462099,39.1546669006348
3975,1257.88296457017,2500,1256.24938864836,6464599,39.1546669006348
3976,1227.46745888456,2500,1253.03086904114,6467099,39.1546669006348
3977,1241.91104231134,2500,1250.7490618135,6469599,39.1546669006348
3978,1268.5364924252,2500,1253.10879521342,6472099,39.1546669006348
3979,1263.05716784751,2500,1252.69375515924,6474599,39.1546669006348
3980,1270.30134995053,2500,1253.13248564308,6477099,39.1546669006348
3981,1260.91844921086,2500,1254.73410353576,6479599,39.1546669006348
3982,1255.38782775166,2500,1255.59614772263,6482099,39.8882522583008
3983,1271.44298822005,2500,1257.04841291752,6484599,39.8882522583008
3984,1271.7559994414,2500,1258.86617406133,6487099,39.8882522583008
3985,1253.61597231495,2500,1258.43947483581,6489599,39.8882522583008
3986,1258.8839795914,2500,1261.58112690649,6492099,39.8882522583008
3987,1254.30761265915,2500,1262.82078394127,6494599,39.8882522583008
3988,1243.07984877012,2500,1260.27511957576,6497099,39.8882522583008
3989,1261.24581014285,2500,1260.0939838053,6499599,39.8882522583008
3990,1248.11692695899,2500,1257.87554150614,6502099,39.8882522583008
3991,1271.79524150741,2500,1258.9632207358,6504599,39.8882522583008
3992,1249.24257558073,2500,1258.3486955187,6507099,39.8882522583008
3993,1252.63900044586,2500,1256.46829674129,6509599,39.8882522583008
3994,1153.93297580178,2500,1244.68599437732,6512099,39.8882522583008
3995,1266.20042548961,2500,1245.94443969479,6514599,39.8882522583008
3996,1267.59595534357,2500,1246.81563727001,6517099,39.8882522583008
3997,1188.34105043398,2500,1240.21898104749,6519599,39.8882522583008
3998,1268.86264041674,2500,1242.79726021215,6522099,39.8882522583008
3999,1255.40757974265,2500,1242.21343717213,6524599,39.8882522583008
4000,1245.901876074,2500,1241.99193208363,6527099,39.8882522583008
4001,1245.51120477818,2500,1239.36352841071,6529599,39.1537322998047
4002,1173.36059224033,2500,1231.77533007667,6532099,39.1537322998047
4003,1236.6300791128,2500,1230.17443794336,6534599,39.1537322998047
4004,1229.16725782481,2500,1237.69786614567,6537099,39.1537322998047
4005,1151.41817359571,2500,1226.21964095628,6539599,39.1537322998047
4006,1257.87357326078,2500,1225.247402748,6542099,39.1537322998047
4007,1150.97802031558,2500,1221.51109973616,6544599,39.1537322998047
4008,1230.22610786345,2500,1217.64744648083,6547099,39.1537322998047
4009,1183.25806716153,2500,1210.43249522272,6549599,39.1537322998047
4010,1260.26775972501,2500,1211.86908358782,6552099,39.1537322998047
4011,1244.14156265166,2500,1211.73211937516,6554599,39.1537322998047
4012,1259.08432281444,2500,1220.30449243258,6557099,39.1537322998047
4013,1249.67298727064,2500,1221.60878324836,6559599,39.1537322998047
4014,1263.81714232615,2500,1225.07377169849,6562099,39.1537322998047
4015,1275.99673741345,2500,1237.53162808027,6564599,39.1537322998047
4016,1221.55021580819,2500,1233.89929233501,6567099,39.1537322998047
4017,1174.21304562709,2500,1236.22279486616,6569599,39.1537322998047
4018,1244.89164665872,2500,1237.68934874569,6572099,39.1537322998047
4019,1263.70203758311,2500,1245.73374578785,6574599,39.1537322998047
4020,1272.75961775846,2500,1246.98293159119,6577099,39.1537322998047
4021,1249.99590539143,2500,1247.56836586517,6579599,39.1537322998047
4022,1161.29604578807,2500,1237.78953816253,6582099,39.1537322998047
4023,1263.4245444328,2500,1239.16469387875,6584599,39.1537322998047
4024,1239.11007472083,2500,1236.69398711822,6587099,39.1537322998047
4025,1251.96360825614,2500,1234.29067420248,6589599,39.1537322998047
4026,1256.82653743442,2500,1237.81830636511,6592099,41.2886428833008
4027,1231.52859194271,2500,1243.54986099667,6594599,41.2886428833008
4028,1232.88025747916,2500,1242.34872207871,6597099,41.2886428833008
4029,1245.86816008356,2500,1240.56533432876,6599599,41.2886428833008
4030,1243.72699958691,2500,1237.6620725116,6602099,41.2886428833008
4031,1231.91530418286,2500,1235.85401239075,6604599,41.2886428833008
4032,1248.43990277978,2500,1244.56839808992,6607099,41.2886428833008
4033,1249.08105407496,2500,1243.13404905413,6609599,41.2886428833008
4034,1242.59160778212,2500,1243.48220236026,6612099,41.2886428833008
4035,1242.91828374376,2500,1242.57766990902,6614599,41.2886428833008
4036,1239.43312850224,2500,1240.83832901581,6617099,41.2886428833008
4037,1228.29606975384,2500,1240.51507679692,6619599,41.2886428833008
4038,1239.52142440934,2500,1241.17919348994,6622099,41.2886428833008
4039,1239.62491059118,2500,1240.5548685407,6624599,41.2886428833008
4040,1234.15434815711,2500,1239.59760339772,6627099,41.2886428833008
4041,1223.63814358055,2500,1238.76988733749,6629599,41.2886428833008
4042,1237.50717806529,2500,1237.67661486604,6632099,41.2886428833008
4043,1242.10978733183,2500,1236.97948819173,6634599,41.2886428833008
4044,1238.56144876354,2500,1236.57647228987,6637099,41.2886428833008
4045,1154.49304209494,2500,1227.73394812499,6639599,40.8728866577148
4046,1166.60455988875,2500,1220.45109126364,6642099,40.8728866577148
4047,1241.40006425561,2500,1221.76149071381,6644599,40.8728866577148
4048,1242.92346959514,2500,1222.10169523239,6647099,40.8728866577148
4049,1243.29468663826,2500,1222.4686728371,6649599,40.8728866577148
4050,1266.74955842901,2500,1225.72819386429,6652099,40.8728866577148
4051,1154.01216139125,2500,1218.76559564536,6654599,40.8728866577148
4052,1193.55970891062,2500,1214.3708487299,6657099,40.8728866577148
4053,1154.47943031417,2500,1205.60781302813,6659599,40.8728866577148
4054,1152.64371655607,2500,1197.01603980738,6662099,40.8728866577148
4055,1178.4840750796,2500,1199.41514310585,6664599,40.8728866577148
4056,1250.31280892675,2500,1207.78596800965,6667099,40.8728866577148
4057,1254.27548837161,2500,1209.07351042125,6669599,40.8728866577148
4058,1239.86967576231,2500,1208.76813103797,6672099,40.8728866577148
4059,1194.54354255189,2500,1203.89301662933,6674599,40.8728866577148
4060,1246.50364981185,2500,1201.86842576761,6677099,40.8728866577148
4061,1236.61220890998,2500,1210.12843051949,6679599,40.8728866577148
4062,1190.62622012987,2500,1209.83508164141,6682099,40.8728866577148
4063,1243.05747833274,2500,1218.69288644327,6684599,40.8728866577148
4064,1261.85161904488,2500,1229.61367669215,6687099,40.8728866577148
4065,1245.73404088115,2500,1236.3386732723,6689599,40.8728866577148
4066,1185.33621731941,2500,1229.84101411157,6692099,40.8728866577148
4067,1243.65206299949,2500,1228.77867157436,6694599,40.8728866577148
4068,1237.04136322877,2500,1228.495840321,6697099,40.8728866577148
4069,1251.41120493033,2500,1234.18260655885,6699599,40.8728866577148
4070,1261.96368338326,2500,1235.72860991599,6702099,42.7067832946777
4071,1255.4194463173,2500,1237.60933365672,6704599,42.7067832946777
4072,1250.73771535519,2500,1243.62048317925,6707099,42.7067832946777
4073,1257.77862921535,2500,1245.09259826751,6709599,42.7067832946777
4074,1187.19207813783,2500,1237.62664417681,6712099,42.7067832946777
4075,1257.41105462598,2500,1238.79434555129,6714599,42.7067832946777
4076,1165.02070393362,2500,1236.76279421271,6717099,42.7067832946777
4077,1165.40788940856,2500,1228.93837685362,6719599,42.7067832946777
4078,1163.74899767864,2500,1221.60914029861,6722099,42.7067832946777
4079,1224.47126413004,2500,1218.91514621858,6724599,42.7067832946777
4080,1197.37180120152,2500,1212.4559580004,6727099,42.7067832946777
4081,1192.87480030122,2500,1206.20149339879,6729599,42.7067832946777
4082,1162.11234928097,2500,1197.33895679137,6732099,42.7067832946777
4083,1228.10987483788,2500,1194.37208135362,6734599,42.7067832946777
4084,1215.61031337974,2500,1197.21390487781,6737099,42.7067832946777
4085,1174.27713583285,2500,1188.9005129985,6739599,42.7067832946777
4086,1201.33216678598,2500,1192.53165928374,6742099,42.7067832946777
4087,1218.93107111739,2500,1197.88397745462,6744599,42.7067832946777
4088,1259.15979132383,2500,1207.42505681914,6747099,42.7067832946777
4089,1239.17961413284,2500,1208.89589181942,6749599,40.6433219909668
4090,1266.89637947829,2500,1215.8483496471,6752099,40.6433219909668
4091,1248.34711776539,2500,1221.39558139352,6754599,40.6433219909668
4092,1257.1716793363,2500,1230.90151439905,6757099,40.6433219909668
4093,1254.20930813002,2500,1233.51145772826,6759599,40.6433219909668
4094,1179.65133562382,2500,1229.91555995267,6762099,40.6433219909668
4095,1163.3602215253,2500,1228.82386852192,6764599,40.6433219909668
4096,1210.29716294409,2500,1229.72036813773,6767099,40.6433219909668
4097,1258.58942978498,2500,1233.68620400449,6769599,40.6433219909668
4098,1207.65427211734,2500,1228.53565208384,6772099,40.6433219909668
4099,1251.94760233371,2500,1229.81245090392,6774599,40.6433219909668
4100,1261.86283370271,2500,1229.30909632637,6777099,40.6433219909668
4101,1154.5386663646,2500,1219.92825118629,6779599,40.6433219909668
4102,1252.20065332901,2500,1219.43114858556,6782099,40.6433219909668
4103,1257.9880899553,2500,1219.80902676809,6784599,40.6433219909668
4104,1186.21024608918,2500,1220.46491781462,6787099,40.6433219909668
4105,1184.33933783757,2500,1222.56282944585,6789599,40.6433219909668
4106,1253.74158774908,2500,1226.90727192635,6792099,40.6433219909668
4107,1161.76080889555,2500,1217.22440983741,6794599,40.6433219909668
4108,1177.75710604812,2500,1214.23469323048,6797099,40.6433219909668
4109,1258.64221518567,2500,1214.90415451568,6799599,40.6433219909668
4110,1180.06585486691,2500,1206.7244566321,6802099,40.6433219909668
4111,1260.33749667574,2500,1217.30433966321,6804599,40.6433219909668
4112,1245.66228605346,2500,1216.65050293566,6807099,40.6433219909668
4113,1256.15113700505,2500,1216.46680764063,6809599,40.6433219909668
4114,1242.0613947082,2500,1222.05192250254,6812099,38.6008377075195
4115,1158.72055612922,2500,1219.4900443317,6814599,38.6008377075195
4116,1237.956280521,2500,1217.91151360889,6817099,38.6008377075195
4117,1246.4176943218,2500,1226.37720215152,6819599,38.6008377075195
4118,1245.74681235691,2500,1233.1761727824,6822099,38.6008377075195
4119,1241.52600737917,2500,1231.46455200175,6824599,38.6008377075195
4120,1214.92340805216,2500,1234.95030732027,6827099,38.6008377075195
4121,1254.46538774643,2500,1234.36309642734,6829599,38.6008377075195
4122,1178.06173243181,2500,1227.60304106517,6832099,38.6008377075195
4123,1225.44796521313,2500,1224.53272388598,6834599,38.6008377075195
4124,1207.13081214552,2500,1221.03966562971,6837099,38.6008377075195
4125,1242.36365640795,2500,1229.40397565759,6839599,38.6008377075195
4126,1259.65513468052,2500,1231.57386107354,6842099,38.6008377075195
4127,1260.72758905494,2500,1233.00485054685,6844599,38.6008377075195
4128,1211.49926003716,2500,1229.58009531488,6847099,38.6008377075195
4129,1177.30411304999,2500,1223.15790588196,6849599,38.6008377075195
4130,1251.36157364449,2500,1226.80172244119,6852099,38.6008377075195
4131,1242.77157686047,2500,1225.6323413526,6854599,38.6008377075195
4132,1224.7010573881,2500,1230.29627384823,6857099,38.6008377075195
4133,1161.24922598712,2500,1223.87639992563,6859599,37.781379699707
4134,1175.1205603063,2500,1220.6753747417,6862099,37.781379699707
4135,1230.47861435978,2500,1219.48687053689,6864599,37.781379699707
4136,1237.96999508326,2500,1217.31835657716,6867099,37.781379699707
4137,1177.690720832,2500,1209.01466975487,6869599,37.781379699707
4138,1210.44034620479,2500,1208.90877837163,6872099,37.781379699707
4139,1212.26081652472,2500,1212.4044487191,6874599,37.781379699707
4140,1201.3080194518,2500,1207.39909329984,6877099,37.781379699707
4141,1238.34533458583,2500,1206.95646907237,6879599,37.781379699707
4142,1216.8774914936,2500,1206.17411248292,6882099,37.781379699707
4143,1230.98040983681,2500,1213.14723086789,6884599,37.781379699707
4144,1151.77161480912,2500,1210.81233631817,6887099,37.781379699707
4145,1244.89280073491,2500,1212.25375495569,6889599,37.781379699707
4146,1230.06692095919,2500,1211.46344754328,6892099,37.781379699707
4147,1231.86294866757,2500,1216.88067032683,6894599,37.781379699707
4148,1220.19645816561,2500,1217.85628152292,6897099,37.781379699707
4149,1166.10299445767,2500,1213.24049931621,6899599,37.781379699707
4150,1217.52974656656,2500,1214.86267202769,6902099,37.781379699707
4151,1242.5858042398,2500,1215.28671899308,6904599,37.781379699707
4152,1241.19329227776,2500,1217.7182990715,6907099,37.781379699707
4153,1231.56412316227,2500,1217.77667040405,6909599,37.781379699707
4154,1154.24818404831,2500,1218.02432732797,6912099,37.781379699707
4155,1244.60486316435,2500,1217.99553357091,6914599,37.781379699707
4156,1174.37110672248,2500,1212.42595214724,6917099,37.781379699707
4157,1241.84941533461,2500,1213.42459881394,6919599,37.781379699707
4158,1234.2542278419,2500,1214.83037578157,6922099,39.411434173584
4159,1204.00547924119,2500,1218.62062425992,6924599,39.411434173584
4160,1248.90679516653,2500,1221.75832911992,6927099,39.411434173584
4161,1221.29974120156,2500,1219.6297228161,6929599,39.411434173584
4162,1234.4835284732,2500,1218.95874643564,6932099,39.411434173584
4163,1263.71774071583,2500,1222.174108191,6934599,39.411434173584
4164,1240.4551905244,2500,1230.79480883861,6937099,39.411434173584
4165,1239.04369718784,2500,1230.23869224095,6939599,39.411434173584
4166,1240.17411249242,2500,1236.81899281795,6942099,39.411434173584
4167,1220.84996732309,2500,1234.7190480168,6944599,39.411434173584
4168,1168.77420137639,2500,1228.17104537024,6947099,39.411434173584
4169,1251.01269743107,2500,1232.87176718923,6949599,39.411434173584
4170,1215.76755441661,2500,1229.55784311424,6952099,39.411434173584
4171,1224.27039607717,2500,1229.8549086018,6954599,39.411434173584
4172,1220.09871172906,2500,1228.41642692739,6957099,39.411434173584
4173,1231.3600680368,2500,1225.18065965948,6959599,39.411434173584
4174,1239.36112227889,2500,1225.07125283493,6962099,39.411434173584
4175,1166.13298944681,2500,1217.78018206083,6964599,39.411434173584
4176,1240.30566129283,2500,1217.79333694087,6967099,39.411434173584
4177,1239.62724947247,2500,1219.67106515581,6969599,39.2615966796875
4178,1124.39553780505,2500,1215.23319879868,6972099,39.2615966796875
4179,1218.19757188264,2500,1211.95168624383,6974599,39.2615966796875
4180,1150.77685931039,2500,1205.45261673321,6977099,39.2615966796875
4181,1191.37064765438,2500,1202.16264189093,6979599,39.2615966796875
4182,1222.77575934717,2500,1202.43034665274,6982099,39.2615966796875
4183,1156.60307142757,2500,1194.95464699182,6984599,39.2615966796875
4184,1128.01604386907,2500,1183.82013915084,6987099,39.2615966796875
4185,1202.74814557877,2500,1187.48165476403,6989599,39.2615966796875
4186,1118.76214897331,2500,1175.32730353208,6992099,39.2615966796875
4187,1237.465610814,2500,1175.11113966623,6994599,39.2615966796875
4188,1122.93496010039,2500,1174.96508189577,6997099,39.2615966796875
4189,1160.20740018177,2500,1169.16606472568,6999599,39.2615966796875
4190,1101.63878299307,2500,1164.25225709395,7002099,39.2615966796875
4191,1135.17789847369,2500,1158.63298217588,7004599,39.2615966796875
4192,1150.61790038709,2500,1151.41719627987,7007099,39.2615966796875
4193,1093.26485276191,2500,1145.08337441331,7009599,39.2615966796875
4194,1145.18639510993,2500,1146.80040953739,7012099,39.2615966796875
4195,1109.95222174538,2500,1137.52081715405,7014599,39.2615966796875
4196,1145.61255979718,2500,1140.20585823644,7017099,39.2615966796875
4197,1247.9594672871,2500,1141.25524388375,7019599,39.2615966796875
4198,1119.19792016809,2500,1140.88153989052,7022099,39.2615966796875
4199,1176.28275578486,2500,1142.48907545083,7024599,39.2615966796875
4200,1210.30717211475,2500,1153.355914363,7027099,39.2615966796875
4201,1218.1043527566,2500,1161.64855979129,7029599,39.2615966796875
4202,1167.54434771324,2500,1163.3412045239,7032099,41.8067817687988
4203,1159.80538369316,2500,1169.99525761703,7034599,41.8067817687988
4204,1233.80113917936,2500,1178.85673202397,7037099,41.8067817687988
4205,1117.21082099894,2500,1179.58259194933,7039599,41.8067817687988
4206,1226.55433930711,2500,1187.67676990032,7042099,41.8067817687988
4207,1113.30906651581,2500,1174.21172982319,7044599,41.8067817687988
4208,1118.01151287829,2500,1174.09308909421,7047099,41.8067817687988
4209,1187.18177443746,2500,1175.18299095947,7049599,41.8067817687988
4210,1091.07563135159,2500,1163.25983688316,7052099,41.8067817687988
4211,1132.33166993778,2500,1154.68256860127,7054599,41.8067817687988
4212,1207.9746413613,2500,1158.72559796608,7057099,41.8067817687988
4213,1188.21098391423,2500,1161.56615798819,7059599,41.8067817687988
4214,1160.19394866576,2500,1154.20543893683,7062099,41.8067817687988
4215,1220.90362594042,2500,1164.57471943097,7064599,41.8067817687988
4216,1127.88321558578,2500,1154.70760705884,7067099,41.8067817687988
4217,1181.03020277412,2500,1161.47972068467,7069599,41.8067817687988
4218,1158.65916573265,2500,1165.54448597011,7072099,41.8067817687988
4219,1134.69256318693,2500,1160.29556484506,7074599,41.8067817687988
4220,1155.43977108957,2500,1166.73197881885,7077099,41.8067817687988
4221,1208.71433220469,2500,1174.37024504555,7079599,42.4977493286133
4222,1129.68830708776,2500,1166.54161161819,7082099,42.4977493286133
4223,1210.67931288472,2500,1168.78844451524,7084599,42.4977493286133
4224,1180.47121233253,2500,1170.81617088192,7087099,42.4977493286133
4225,1127.82931136788,2500,1161.50873942466,7089599,42.4977493286133
4226,1206.79553773263,2500,1169.39997163935,7092099,42.4977493286133
4227,1130.07478142194,2500,1164.30442950413,7094599,42.4977493286133
4228,1099.917108075,2500,1158.43022373837,7097099,42.4977493286133
4229,1168.86960989644,2500,1161.84792840932,7099599,42.4977493286133
4230,1151.95627537531,2500,1161.49957883789,7102099,42.4977493286133
4231,1229.01265075749,2500,1163.52941069317,7104599,42.4977493286133
4232,1216.26598542471,2500,1172.18717852686,7107099,42.4977493286133
4233,1232.14507101734,2500,1174.33375434013,7109599,42.4977493286133
4234,1119.51488650169,2500,1168.23812175704,7112099,42.4977493286133
4235,1107.14701635795,2500,1166.16989225605,7114599,42.4977493286133
4236,1208.84587486081,2500,1166.37492596887,7117099,42.4977493286133
4237,1170.37170605957,2500,1170.40461843263,7119599,42.4977493286133
4238,1177.37868079029,2500,1178.15077570416,7122099,42.4977493286133
4239,1146.1247498216,2500,1175.87628969668,7124599,42.4977493286133
4240,1164.46003988592,2500,1177.12666614774,7127099,42.4977493286133
4241,1227.93086045365,2500,1177.01848711736,7129599,42.4977493286133
4242,1216.91453150481,2500,1177.08334172536,7132099,42.4977493286133
4243,1106.22241721224,2500,1164.49107634485,7134599,42.4977493286133
4244,1130.29340755425,2500,1165.56892845011,7137099,42.4977493286133
4245,1177.99692372782,2500,1172.6539191871,7139599,42.4977493286133
4246,1145.8083478384,2500,1166.35016648486,7142099,36.260196685791
4247,1144.70089843647,2500,1163.78308572255,7144599,36.260196685791
4248,1154.95084413147,2500,1161.54030205666,7147099,36.260196685791
4249,1149.58538021885,2500,1161.88636509639,7149599,36.260196685791
4250,1215.33521774914,2500,1166.97388288271,7152099,36.260196685791
4251,1144.29317153873,2500,1158.61011399122,7154599,36.260196685791
4252,1155.44093890265,2500,1152.462754731,7157099,36.260196685791
4253,1128.2207113908,2500,1154.66258414886,7159599,36.260196685791
4254,1209.78180328494,2500,1162.61142372193,7162099,36.260196685791
4255,1151.10631281018,2500,1159.92236263016,7164599,36.260196685791
4256,1190.61901313607,2500,1164.40342915993,7167099,36.260196685791
4257,1154.15546716501,2500,1165.34888603278,7169599,36.260196685791
4258,1205.74045976716,2500,1170.42784759635,7172099,36.260196685791
4259,1143.26135865916,2500,1169.79544544038,7174599,36.260196685791
4260,1105.64305394164,2500,1158.82622905963,7177099,36.260196685791
4261,1134.0764931785,2500,1157.80456122361,7179599,36.260196685791
4262,1160.15648281809,2500,1158.27611561516,7182099,36.260196685791
4263,1215.17072027238,2500,1166.97111650331,7184599,36.260196685791
4264,1143.98445587506,2500,1160.39138176233,7187099,36.260196685791
4265,1149.42119207131,2500,1160.22286968844,7189599,40.3913345336914
4266,1161.87271033418,2500,1157.34823940825,7192099,40.3913345336914
4267,1140.17928562606,2500,1155.95062125435,7194599,40.3913345336914
4268,1088.50701174483,2500,1144.22727645212,7197099,40.3913345336914
4269,1141.79550651504,2500,1144.08069123771,7199599,40.3913345336914
4270,1183.26032057626,2500,1151.84241790117,7202099,40.3913345336914
4271,1134.24465507357,2500,1151.85923409068,7204599,40.3913345336914
4272,1211.06027165305,2500,1156.94961297417,7207099,40.3913345336914
4273,1201.99753764704,2500,1155.63229471164,7209599,40.3913345336914
4274,1107.08689895391,2500,1151.94253901952,7212099,40.3913345336914
4275,1175.72931456995,2500,1154.57335126939,7214599,40.3913345336914
4276,1218.73637942171,2500,1160.25971817814,7217099,40.3913345336914
4277,1139.87244810707,2500,1160.22903442624,7219599,40.3913345336914
4278,1218.31700854009,2500,1173.21003410577,7222099,40.3913345336914
4279,1132.01505296248,2500,1172.23198875051,7224599,40.3913345336914
4280,1122.44835690773,2500,1166.15079238366,7227099,40.3913345336914
4281,1229.18979747101,2500,1175.6453066234,7229599,40.3913345336914
4282,1122.77686830968,2500,1166.81696628907,7232099,40.3913345336914
4283,1146.18017957808,2500,1161.23523048217,7234599,40.3913345336914
4284,1243.38834066573,2500,1174.86537465335,7237099,40.3913345336914
4285,1227.53024397506,2500,1180.04546759386,7239599,40.3913345336914
4286,1236.19373715289,2500,1181.79120336698,7242099,40.3913345336914
4287,1169.34688167767,2500,1184.73864672404,7244599,40.3913345336914
4288,1117.81156121115,2500,1174.68810199115,7247099,40.3913345336914
4289,1182.92462720123,2500,1179.77905941502,7249599,40.3913345336914
4290,1238.11517677143,2500,1191.34574140139,7252099,40.2174949645996
4291,1194.69561809313,2500,1187.8963234636,7254599,40.2174949645996
4292,1237.78598686637,2500,1199.39723531927,7257099,40.2174949645996
4293,1159.02043843036,2500,1200.6812612045,7259599,40.2174949645996
4294,1226.36958717002,2500,1198.97938585493,7262099,40.2174949645996
4295,1117.88630945541,2500,1188.01499240297,7264599,40.2174949645996
4296,1205.74055316086,2500,1184.96967400376,7267099,40.2174949645996
4297,1232.86416981327,2500,1191.32140281732,7269599,40.2174949645996
4298,1214.32639971838,2500,1200.97288666805,7272099,40.2174949645996
4299,1228.8208852042,2500,1205.56251246834,7274599,40.2174949645996
4300,1216.20074474785,2500,1203.37106926599,7277099,40.2174949645996
4301,1067.78319029818,2500,1190.67982648649,7279599,40.2174949645996
4302,1182.95991499316,2500,1185.19721929917,7282099,40.2174949645996
4303,1233.94123095187,2500,1192.68929855132,7284599,40.2174949645996
4304,1179.61938415366,2500,1188.01427824968,7287099,40.2174949645996
4305,1192.12735111578,2500,1195.43838241572,7289599,40.2174949645996
4306,1225.68135353614,2500,1197.43246245325,7292099,40.2174949645996
4307,1151.85204152014,2500,1189.33124962394,7294599,40.2174949645996
4308,1152.59585969413,2500,1183.15819562151,7297099,40.2174949645996
4309,1134.58795879921,2500,1173.73490298101,7299599,41.4299583435059
4310,1145.07283173344,2500,1166.62211167957,7302099,41.4299583435059
4311,1125.51904420441,2500,1172.39569707019,7304599,41.4299583435059
4312,1122.24661005985,2500,1166.32436657686,7307099,41.4299583435059
4313,1124.63606849685,2500,1155.39385033136,7309599,41.4299583435059
4314,1112.25598130974,2500,1148.65751004697,7312099,41.4299583435059
4315,1117.46780158208,2500,1141.1915550936,7314599,41.4299583435059
4316,1128.69998880074,2500,1131.49341862006,7317099,41.4299583435059
4317,1118.74977189279,2500,1128.18319165732,7319599,41.4299583435059
4318,1163.70088088485,2500,1129.2936937764,7322099,41.4299583435059
4319,1140.44871545653,2500,1129.87976944213,7324599,41.4299583435059
4320,1118.8853281338,2500,1127.26101908216,7327099,41.4299583435059
4321,1097.27007006493,2500,1124.43612166822,7329599,41.4299583435059
4322,1123.20976274518,2500,1124.53243693675,7332099,41.4299583435059
4323,1009.69568085912,2500,1113.03839817298,7334599,41.4299583435059
4324,1121.86692616833,2500,1113.99949265884,7337099,41.4299583435059
4325,1125.34091916742,2500,1114.78680441737,7339599,41.4299583435059
4326,1063.02157382438,2500,1108.21896291973,7342099,41.4299583435059
4327,1176.79527010967,2500,1114.02351274142,7344599,41.4299583435059
4328,1126.65167112193,2500,1110.31859176513,7347099,41.4299583435059
4329,1130.79956395447,2500,1109.35367661492,7349599,41.4299583435059
4330,1165.03775731456,2500,1113.968919533,7352099,41.4299583435059
4331,1123.41699457224,2500,1116.58361198373,7354599,41.4299583435059
4332,1087.1409427202,2500,1112.97672998123,7357099,41.4299583435059
4333,1132.8832696129,2500,1125.29548885661,7359599,41.4299583435059
4334,1160.78124703435,2500,1129.18692094321,7362099,39.0276870727539
4335,1162.65935348503,2500,1132.91876437497,7364599,39.0276870727539
4336,1105.0289360572,2500,1137.11950059825,7367099,39.0276870727539
4337,1147.70789286147,2500,1134.21076287343,7369599,39.0276870727539
4338,1191.69711721216,2500,1140.71530748246,7372099,39.0276870727539
4339,1075.53257484083,2500,1135.18860857109,7374599,39.0276870727539
4340,1225.51629312534,2500,1141.23646215217,7377099,39.0276870727539
4341,1073.69133191678,2500,1136.26389588663,7379599,39.0276870727539
4342,1143.32809253451,2500,1141.88261086806,7382099,39.0276870727539
4343,1147.46220161915,2500,1143.34050406868,7384599,39.0276870727539
4344,1099.67782153174,2500,1137.23016151842,7387099,39.0276870727539
4345,1142.35754288258,2500,1135.19998045818,7389599,39.0276870727539
4346,1144.35682194847,2500,1139.1327690473,7392099,39.0276870727539
4347,1245.27633850796,2500,1148.88961361195,7394599,39.0276870727539
4348,1205.22615814879,2500,1150.24251770562,7397099,39.0276870727539
4349,1153.91933503602,2500,1158.08119372514,7399599,39.0276870727539
4350,1197.33414740439,2500,1155.26297915304,7402099,39.0276870727539
4351,1156.84144854046,2500,1163.57799081541,7404599,39.0276870727539
4352,1145.11038861306,2500,1163.75622042326,7407099,39.0276870727539
4353,1157.55045635916,2500,1164.76504589726,7409599,41.0076370239258
4354,1152.85406383268,2500,1170.08267012736,7412099,41.0076370239258
4355,1174.78910629071,2500,1173.32582646817,7414599,41.0076370239258
4356,1126.8128103987,2500,1171.57142531319,7417099,41.0076370239258
4357,1143.6121601247,2500,1161.40500747487,7419599,41.0076370239258
4358,1219.19932076453,2500,1162.80232373644,7422099,41.0076370239258
4359,1168.29403208743,2500,1164.23979344158,7424599,41.0076370239258
4360,1154.09792271516,2500,1159.91617097266,7427099,41.0076370239258
4361,1222.79049533037,2500,1166.51107565165,7429599,41.0076370239258
4362,1092.11562659551,2500,1161.2115994499,7432099,41.0076370239258
4363,1131.59568539466,2500,1158.61612235345,7434599,41.0076370239258
4364,1142.71826070046,2500,1157.60254204022,7437099,41.0076370239258
4365,1153.7312291193,2500,1155.49675432308,7439599,41.0076370239258
4366,1144.05219503551,2500,1157.22069278676,7442099,41.0076370239258
4367,1155.10120345238,2500,1158.36959711953,7444599,41.0076370239258
4368,1256.75894472987,2500,1162.12555951606,7447099,41.0076370239258
4369,1161.81305799862,2500,1161.47746210718,7449599,41.0076370239258
4370,1138.67763387948,2500,1159.93543322362,7452099,41.0076370239258
4371,1141.2925983448,2500,1151.78564352506,7454599,41.0076370239258
4372,1134.5392986116,2500,1156.02801072667,7457099,41.0076370239258
4373,1203.69557311766,2500,1163.23799949897,7459599,41.0076370239258
4374,1164.7048050801,2500,1165.43665393693,7462099,41.0076370239258
4375,1143.75671296548,2500,1164.43920232155,7464599,41.0076370239258
4376,1172.55628119764,2500,1167.28961093776,7467099,41.0076370239258
4377,1146.99976326943,2500,1166.47946691947,7469599,41.0076370239258
4378,1158.05379785626,2500,1156.60895223211,7472099,41.9251976013184
4379,1154.32999040187,2500,1155.86064547243,7474599,41.9251976013184
4380,1143.05452819052,2500,1156.29833490354,7477099,41.9251976013184
4381,1153.39047097522,2500,1157.50812216658,7479599,41.9251976013184
4382,1173.5674878958,2500,1161.410941095,7482099,41.9251976013184
4383,1159.5290343801,2500,1156.99428722124,7484599,41.9251976013184
4384,1147.72402016455,2500,1155.29620872969,7487099,41.9251976013184
4385,1162.87794235981,2500,1157.20833166912,7489599,41.9251976013184
4386,1153.90912467578,2500,1155.34361601693,7492099,41.9251976013184
4387,1146.99662981364,2500,1155.34330267135,7494599,41.9251976013184
4388,1081.77259433071,2500,1147.7151823188,7497099,41.9251976013184
4389,1146.16445091702,2500,1146.89862837031,7499599,41.9251976013184
4390,1139.370615131,2500,1146.53023706436,7502099,41.9251976013184
4391,1126.38507880351,2500,1143.82969784719,7504599,41.9251976013184
4392,1165.60258712414,2500,1143.03320777003,7507099,41.9251976013184
4393,1166.46069084615,2500,1143.72637341663,7509599,41.9251976013184
4394,1152.40102379438,2500,1144.19407377961,7512099,41.9251976013184
4395,1143.11564150361,2500,1142.21784369399,7514599,41.9251976013184
4396,1124.11457491322,2500,1139.23838871774,7517099,41.9251976013184
4397,1179.7177816001,2500,1142.51050389638,7519599,38.4836158752441
4398,1191.76458643794,2500,1153.50970310711,7522099,38.4836158752441
4399,1164.22780923513,2500,1155.31603893892,7524599,38.4836158752441
4400,1163.34654907659,2500,1157.71363233347,7527099,38.4836158752441
4401,1165.07418195061,2500,1161.58254264818,7529599,38.4836158752441
4402,1183.76706483542,2500,1163.39899041931,7532099,38.4836158752441
4403,1145.82129975492,2500,1161.33505131019,7534599,38.4836158752441
4404,1172.4267901271,2500,1163.33762794346,7537099,38.4836158752441
4405,1190.87092120777,2500,1168.11315591388,7539599,38.4836158752441
4406,1167.54234866913,2500,1172.45593328947,7542099,38.4836158752441
4407,1170.54844623976,2500,1171.53899975344,7544599,38.4836158752441
4408,1192.79029613716,2500,1171.64157072336,7547099,38.4836158752441
4409,1185.55333618619,2500,1173.77412341846,7549599,38.4836158752441
4410,1255.05740955731,2500,1182.94520946654,7552099,38.4836158752441
4411,1147.83992123886,2500,1181.22178339536,7554599,38.4836158752441
4412,1182.32488735344,2500,1181.07756564716,7557099,38.4836158752441
4413,1171.78292102089,2500,1183.67372777376,7559599,38.4836158752441
4414,1167.43115596324,2500,1183.17416435738,7562099,38.4836158752441
4415,1172.86391758841,2500,1181.37346399544,7564599,38.4836158752441
4416,1189.13011215651,2500,1183.53224034418,7567099,38.4836158752441
4417,1229.437068692,2500,1189.4211025894,7569599,38.4836158752441
4418,1184.18166902258,2500,1188.56023987794,7572099,38.4836158752441
4419,1165.64580661407,2500,1186.56948692073,7574599,38.4836158752441
4420,1169.07771029802,2500,1177.9715169948,7577099,38.4836158752441
4421,1170.5702889266,2500,1180.24455376358,7579599,38.4836158752441
4422,1140.72800165214,2500,1176.08486519345,7582099,41.4865531921387
4423,1137.46622342599,2500,1172.65319543396,7584599,41.4865531921387
4424,1062.22326381146,2500,1162.13240621878,7587099,41.4865531921387
4425,1073.42953399603,2500,1152.18896785954,7589599,41.4865531921387
4426,1141.061301638,2500,1147.38208680769,7592099,41.4865531921387
4427,1128.61984954196,2500,1137.30036489269,7594599,41.4865531921387
4428,1117.66811613264,2500,1130.64900960369,7597099,41.4865531921387
4429,1168.83501862792,2500,1130.96793080508,7599599,41.4865531921387
4430,1155.50753235031,2500,1129.61091301031,7602099,41.4865531921387
4431,1171.63117390115,2500,1129.71700150776,7604599,41.4865531921387
4432,1134.59030329045,2500,1129.10323167159,7607099,41.4865531921387
4433,1180.85089388512,2500,1133.4416987175,7609599,41.4865531921387
4434,1109.38993878747,2500,1138.15836621511,7612099,41.4865531921387
4435,1097.31070116292,2500,1140.54648293179,7614599,41.4865531921387
4436,1147.40985676672,2500,1141.18133844467,7617099,41.4865531921387
4437,1051.49485658959,2500,1133.46883914943,7619599,41.4865531921387
4438,1131.30834313652,2500,1134.83286184982,7622099,41.4865531921387
4439,1162.12816108773,2500,1134.1621760958,7624599,41.4865531921387
4440,1130.2590733496,2500,1131.63733019573,7627099,41.4865531921387
4441,1177.00482610382,2500,1132.17469541599,7629599,42.3644332885742
4442,1229.94350804149,2500,1141.7100158911,7632099,42.3644332885742
4443,1182.50911548832,2500,1141.87583805142,7634599,42.3644332885742
4444,1176.83454447997,2500,1148.62029862067,7637099,42.3644332885742
4445,1173.74866788646,2500,1156.26409529302,7639599,42.3644332885742
4446,1237.31650896612,2500,1165.25476051296,7642099,42.3644332885742
4447,1142.70900560208,2500,1174.37617541421,7644599,42.3644332885742
4448,1180.52212819529,2500,1179.29755392009,7647099,42.3644332885742
4449,1143.79165308699,2500,1177.46390312001,7649599,42.3644332885742
4450,1172.38838871124,2500,1181.67683465618,7652099,42.3644332885742
4451,1166.16254430108,2500,1180.5926064759,7654599,42.3644332885742
4452,1178.97723647588,2500,1175.49597931934,7657099,42.3644332885742
4453,1180.78036352826,2500,1175.32310412334,7659599,42.3644332885742
4454,1180.86599149629,2500,1175.72624882497,7662099,42.3644332885742
4455,1175.03077405817,2500,1175.85445944214,7664599,42.3644332885742
4456,1169.86750778909,2500,1169.10955932444,7667099,42.3644332885742
4457,1181.12482214998,2500,1172.95114097923,7669599,42.3644332885742
4458,1183.2091496147,2500,1173.21984312117,7672099,42.3644332885742
4459,1158.05104441747,2500,1174.64578225422,7674599,42.3644332885742
4460,1167.39077239275,2500,1174.14602062237,7677099,42.3644332885742
4461,1161.9662119097,2500,1173.72638738323,7679599,42.3644332885742
4462,1177.46199047395,2500,1173.57486278304,7682099,42.3644332885742
4463,1155.64540739395,2500,1171.06136716961,7684599,42.3644332885742
4464,1170.28517384186,2500,1170.00328540416,7687099,42.3644332885742
4465,1159.70295984263,2500,1168.47050398261,7689599,42.3644332885742
4466,1070.48395442077,2500,1158.53214864578,7692099,41.0918464660645
4467,1142.16578124981,2500,1154.63624455576,7694599,41.0918464660645
4468,1179.79266197384,2500,1154.29459579167,7697099,41.0918464660645
4469,1139.08168070654,2500,1152.39765942058,7699599,41.0918464660645
4470,1173.51771322994,2500,1153.0103535043,7702099,41.0918464660645
4471,1167.52198813977,2500,1153.56593112731,7704599,41.0918464660645
4472,1137.78197493757,2500,1149.59792957367,7707099,41.0918464660645
4473,1204.04246025964,2500,1154.43763486024,7709599,41.0918464660645
4474,1145.18259085471,2500,1151.92737656152,7712099,41.0918464660645
4475,1139.33914532186,2500,1149.89099510945,7714599,41.0918464660645
4476,1178.98026814436,2500,1160.74062648181,7717099,41.0918464660645
4477,1146.63794921149,2500,1161.18784327797,7719599,41.0918464660645
4478,1194.15402172998,2500,1162.62397925359,7722099,41.0918464660645
4479,1167.26351933791,2500,1165.44216311672,7724599,41.0918464660645
4480,1131.02955152869,2500,1161.1933469466,7727099,41.0918464660645
4481,1152.21027456329,2500,1159.66217558895,7729599,41.0918464660645
4482,1173.96284855885,2500,1163.28026295108,7732099,41.0918464660645
4483,1155.23066414084,2500,1158.3990833392,7734599,41.0918464660645
4484,1172.97686255532,2500,1161.17851050926,7737099,41.0918464660645
4485,1177.32971111324,2500,1164.9775670884,7739599,40.7118339538574
4486,1192.94248478979,2500,1166.37378875294,7742099,40.7118339538574
4487,1163.21231703107,2500,1168.0312255349,7744599,40.7118339538574
4488,1164.27452195198,2500,1165.0432755571,7747099,40.7118339538574
4489,1168.7537901695,2500,1165.19230264026,7749599,40.7118339538574
4490,1194.25563843093,2500,1171.51491133048,7752099,40.7118339538574
4491,1182.64393037941,2500,1174.55827691209,7754599,40.7118339538574
4492,1172.11800502452,2500,1174.37379255866,7757099,40.7118339538574
4493,1183.29538194619,2500,1177.1802643392,7759599,40.7118339538574
4494,1169.63170038945,2500,1176.84574812261,7762099,40.7118339538574
4495,1192.63060228986,2500,1178.37583724027,7764599,40.7118339538574
4496,1168.28562194589,2500,1175.91015095588,7767099,40.7118339538574
4497,1167.87804132344,2500,1176.37672338512,7769599,40.7118339538574
4498,1195.03241129673,2500,1179.45251231959,7772099,40.7118339538574
4499,1165.34998286821,2500,1179.11213158946,7774599,40.7118339538574
4500,1127.08283344552,2500,1172.39485109092,7777099,40.7118339538574
4501,1178.79482922426,2500,1172.00994097541,7779599,40.7118339538574
4502,1254.20285716289,2500,1180.21842618924,7782099,40.7118339538574
4503,1190.71825507665,2500,1180.96071350229,7784599,40.7118339538574
4504,1203.06584593851,2500,1184.3041280572,7787099,40.7118339538574
4505,1158.99896568955,2500,1180.94096439716,7789599,40.7118339538574
4506,1171.03318109869,2500,1181.21572031244,7792099,40.7118339538574
4507,1185.09161643846,2500,1182.93707782395,7794599,40.7118339538574
4508,1181.61589790961,2500,1181.59542648523,7797099,40.7118339538574
4509,1160.54886972952,2500,1181.11531517137,7799599,40.7118339538574
4510,1165.8436266503,2500,1184.99139449184,7802099,42.5290412902832
4511,1186.76192808331,2500,1185.78810437775,7804599,42.5290412902832
4512,1167.23231187204,2500,1177.09104984866,7807099,42.5290412902832
4513,1178.27006337598,2500,1175.8462306786,7809599,42.5290412902832
4514,1173.49543932534,2500,1172.88919001728,7812099,42.5290412902832
4515,1161.4530648357,2500,1173.1345999319,7814599,42.5290412902832
4516,1159.31050199726,2500,1171.96233202175,7817099,42.5290412902832
4517,1180.747103042,2500,1171.52788068211,7819599,42.5290412902832
4518,1177.72356868029,2500,1171.13864775918,7822099,42.5290412902832
4519,1168.12153724502,2500,1171.89591451072,7824599,42.5290412902832
4520,1188.42628426546,2500,1174.15418027224,7827099,42.5290412902832
4521,1173.47891004078,2500,1172.82587846799,7829599,42.5290412902832
4522,1173.89197052914,2500,1173.4918443337,7832099,42.5290412902832
4523,1177.82155153265,2500,1173.44699314936,7834599,42.5290412902832
4524,1161.34714273581,2500,1172.23216349041,7837099,42.5290412902832
4525,1192.34754074593,2500,1175.32161108143,7839599,42.5290412902832
4526,1163.40694828551,2500,1175.73125571026,7842099,42.5290412902832
4527,1181.71484179119,2500,1175.82802958518,7844599,42.5290412902832
4528,1164.53840219053,2500,1174.5095129362,7847099,42.5290412902832
4529,1159.05964739397,2500,1173.6033239511,7849599,44.5987510681152
4530,1247.89985432911,2500,1179.55068095746,7852099,44.5987510681152
4531,1247.37966034015,2500,1186.9407559874,7854599,44.5987510681152
4532,1222.81019860312,2500,1191.8325787948,7857099,44.5987510681152
4533,1200.68192626686,2500,1194.11861626822,7859599,44.5987510681152
4534,1205.62797456519,2500,1198.54669945115,7862099,44.5987510681152
4535,1191.94970081347,2500,1198.50691545791,7864599,44.5987510681152
4536,1227.76827732736,2500,1204.94304836209,7867099,44.5987510681152
4537,1243.4942295727,2500,1211.12098714024,7869599,44.5987510681152
4538,1208.04617161234,2500,1215.47176408242,7872099,44.5987510681152
4539,1181.76743644306,2500,1217.74254298733,7874599,44.5987510681152
4540,1174.98102088417,2500,1210.45065964284,7877099,44.5987510681152
4541,1199.12040358161,2500,1205.62473396699,7879599,44.5987510681152
4542,1182.2779586098,2500,1201.57150996765,7882099,44.5987510681152
4543,1173.26890813559,2500,1198.83020815453,7884599,44.5987510681152
4544,1261.16874676307,2500,1204.38428537432,7887099,44.5987510681152
4545,1232.32088272256,2500,1208.42140356523,7889599,44.5987510681152
4546,1251.31198459245,2500,1210.77577429173,7892099,44.5987510681152
4547,1254.44028825981,2500,1211.87038016045,7894599,44.5987510681152
4548,1187.30235459594,2500,1209.79599845881,7897099,44.5987510681152
4549,1182.29667816474,2500,1209.84892263097,7899599,44.5987510681152
4550,1185.36001301951,2500,1210.88682184451,7902099,44.5987510681152
4551,1190.19949664194,2500,1209.99473115054,7904599,44.5987510681152
4552,1156.46566859864,2500,1207.41350214943,7907099,44.5987510681152
4553,1236.14105243295,2500,1213.70071657916,7909599,44.5987510681152
4554,1166.60308223783,2500,1204.24415012664,7912099,44.5686225891113
4555,1166.49078935166,2500,1197.66114078955,7914599,44.5686225891113
4556,1144.31608485836,2500,1186.96155081614,7917099,44.5686225891113
4557,1197.66698184394,2500,1181.28422017455,7919599,44.5686225891113
4558,1177.05009405253,2500,1180.25899412021,7922099,44.5686225891113
4559,1172.0084965059,2500,1179.23017595433,7924599,44.5686225891113
4560,1257.9493085882,2500,1186.4891055112,7927099,44.5686225891113
4561,1157.78234564514,2500,1183.24739041152,7929599,44.5686225891113
4562,1130.34759997491,2500,1180.63558354914,7932099,44.5686225891113
4563,1179.65635905207,2500,1174.98711421105,7934599,44.5686225891113
4564,1160.7037228985,2500,1174.39717827712,7937099,44.5686225891113
4565,1163.16495305731,2500,1174.06459464769,7939599,44.5686225891113
4566,1191.57997046222,2500,1178.79098320807,7942099,44.5686225891113
4567,1157.29579477863,2500,1174.75386450154,7944599,44.5686225891113
4568,1145.75145073517,2500,1171.62400016981,7947099,44.5686225891113
4569,1113.65564927476,2500,1165.78871544669,7949599,44.5686225891113
4570,1166.70435837707,2500,1156.66422042558,7952099,44.5686225891113
4571,1190.38085096891,2500,1159.92407095796,7954599,44.5686225891113
4572,1183.21983777745,2500,1165.21129473821,7957099,44.5686225891113
4573,1237.86057631988,2500,1171.03171646499,7959599,42.9590263366699
4574,1200.03598884079,2500,1174.96494305922,7962099,42.9590263366699
4575,1239.63895744076,2500,1182.61234349756,7964599,42.9590263366699
4576,1232.13101956861,2500,1186.6674484082,7967099,42.9590263366699
4577,1263.36643996305,2500,1197.27451292665,7969599,42.9590263366699
4578,1234.17356721849,2500,1206.11672457498,7972099,42.9590263366699
4579,1229.18186292458,2500,1217.66934593996,7974599,42.9590263366699
4580,1252.33549132414,2500,1226.23245923467,7977099,42.9590263366699
4581,1173.54735633697,2500,1224.54910977147,7979599,42.9590263366699
4582,1248.01051211641,2500,1231.02817720537,7982099,42.9590263366699
4583,1216.01369253696,2500,1228.84348882708,7984599,42.9590263366699
4584,1236.98165138073,2500,1232.53805508107,7987099,42.9590263366699
4585,1257.22316019585,2500,1234.29647535658,7989599,42.9590263366699
4586,1185.97476432531,2500,1229.68084983225,7992099,42.9590263366699
4587,1249.27673920853,2500,1228.2718797568,7994599,42.9590263366699
4588,1218.71889042318,2500,1226.72641207727,7997099,42.9590263366699
4589,1236.01330750751,2500,1227.40955653556,7999599,42.9590263366699
4590,1177.36933882902,2500,1219.91294128605,8002099,42.9590263366699
4591,1232.19016309837,2500,1225.77722196219,8004599,42.9590263366699
4592,1245.00273970785,2500,1225.47644472133,8007099,42.9590263366699
4593,1238.83922798232,2500,1227.75899826587,8009599,42.9590263366699
4594,1236.9749485468,2500,1227.75832798247,8012099,42.9590263366699
4595,1253.4650871649,2500,1227.38252067938,8014599,42.9590263366699
4596,1236.63992991987,2500,1232.44903723883,8017099,42.9590263366699
4597,1241.01036107706,2500,1231.62239942569,8019599,42.9590263366699
4598,1263.71300703818,2500,1236.12181108719,8022099,42.6176261901855
4599,1261.74833064212,2500,1238.69531340065,8024599,42.6176261901855
4600,1271.43491964505,2500,1248.10187148225,8027099,42.6176261901855
4601,1258.98955797,2500,1250.78181096941,8029599,42.6176261901855
4602,1243.9480300067,2500,1250.6763399993,8032099,42.6176261901855
4603,1263.10282829494,2500,1253.10270003056,8034599,42.6176261901855
4604,1256.27042171121,2500,1255.032247347,8037099,42.6176261901855
4605,1262.50111028446,2500,1255.93584965896,8039599,42.6176261901855
4606,1250.13253260566,2500,1257.28510992754,8042099,42.6176261901855
4607,1183.31993519086,2500,1251.51606733892,8044599,42.6176261901855
4608,1277.20670716668,2500,1252.86543735177,8047099,42.6176261901855
4609,1266.87827593601,2500,1253.37843188116,8049599,42.6176261901855
4610,1276.12857123906,2500,1253.84779704056,8052099,42.6176261901855
4611,1262.28496438988,2500,1254.17733768255,8054599,42.6176261901855
4612,1264.30341321204,2500,1256.21287600308,8057099,42.6176261901855
4613,1265.04716156994,2500,1256.40730933058,8059599,42.6176261901855
4614,1213.00057323124,2500,1252.08032448258,8062099,42.6176261901855
4615,1256.4501798082,2500,1251.47523143496,8064599,42.6176261901855
4616,1243.92351720919,2500,1250.85432989531,8067099,42.6176261901855
4617,1134.57009245021,2500,1245.97934562124,8069599,41.3751029968262
4618,1243.67975473509,2500,1242.62665037808,8072099,41.3751029968262
4619,1115.20819766722,2500,1227.45964255121,8074599,41.3751029968262
4620,1169.12058180262,2500,1216.75884360756,8077099,41.3751029968262
4621,1260.29091370693,2500,1216.55943853927,8079599,41.3751029968262
4622,1148.68550301606,2500,1204.99764751967,8082099,41.3751029968262
4623,1251.86496565815,2500,1203.67942792849,8084599,41.3751029968262
4624,1169.22561749416,2500,1199.30193235478,8087099,41.3751029968262
4625,1138.55430472925,2500,1187.51234484689,8089599,41.3751029968262
4626,1242.27646733904,2500,1187.34763985987,8092099,41.3751029968262
4627,1265.44410273768,2500,1200.43504088862,8094599,41.3751029968262
4628,1224.18211389772,2500,1198.48527680488,8097099,41.3751029968262
4629,1150.96930789076,2500,1202.06138782724,8099599,41.3751029968262
4630,1255.94646424883,2500,1210.74397607186,8102099,41.3751029968262
4631,1207.38272342115,2500,1205.45315704328,8104599,41.3751029968262
4632,1269.57450357995,2500,1217.54205709967,8107099,41.3751029968262
4633,1256.48274462619,2500,1218.00383499647,8109599,41.3751029968262
4634,1145.23435920789,2500,1215.60470916785,8112099,41.3751029968262
4635,1176.43934902853,2500,1219.39321359778,8114599,41.3751029968262
4636,1238.95064757363,2500,1219.06063162123,8117099,41.3751029968262
4637,1153.23335912359,2500,1207.83955725982,8119599,41.3751029968262
4638,1066.87993799233,2500,1192.10933966929,8122099,41.3751029968262
4639,1190.35688325268,2500,1196.04809720548,8124599,41.3751029968262
4640,1101.44558620572,2500,1180.59800940117,8127099,41.3751029968262
4641,1145.83117317038,2500,1174.44285437609,8129599,41.3751029968262
4642,1265.3853611274,2500,1174.02394013083,8132099,41.7295608520508
4643,1203.55790177299,2500,1168.73145584551,8134599,41.7295608520508
4644,1150.13550336086,2500,1169.22157026081,8137099,41.7295608520508
4645,1148.17804448195,2500,1166.39543980615,8139599,41.7295608520508
4646,1206.0496227391,2500,1163.1053373227,8142099,41.7295608520508
4647,1264.53040301637,2500,1174.23504171198,8144599,41.7295608520508
4648,1257.18113732085,2500,1193.26516164483,8147099,41.7295608520508
4649,1257.14590220403,2500,1199.94406353997,8149599,41.7295608520508
4650,1241.69024298047,2500,1213.96852921744,8152099,41.7295608520508
4651,1252.42968031194,2500,1224.6283799316,8154599,41.7295608520508
4652,1262.90772303518,2500,1224.38061612237,8157099,41.7295608520508
4653,1145.68909932173,2500,1218.59373587725,8159599,41.7295608520508
4654,1266.25072943751,2500,1230.20525848491,8162099,41.7295608520508
4655,1251.18381129572,2500,1240.50583516629,8164599,41.7295608520508
4656,1070.21392876382,2500,1226.92226576876,8167099,41.7295608520508
4657,1256.54585362248,2500,1226.12381082937,8169599,41.7295608520508
4658,1169.8210083314,2500,1217.38779793043,8172099,41.7295608520508
4659,1226.62301763536,2500,1214.33550947356,8174599,41.7295608520508
4660,1252.81864253823,2500,1215.44834942934,8177099,41.7295608520508
4661,1339.04283926662,2500,1224.10966532481,8179599,42.4538269042969
4662,1259.44001689931,2500,1223.76289471122,8182099,42.4538269042969
4663,1328.50578099387,2500,1242.04456287843,8184599,42.4538269042969
4664,1289.48326850452,2500,1244.36781678513,8187099,42.4538269042969
4665,1264.17983952642,2500,1245.6674196082,8189599,42.4538269042969
4666,1243.07000529625,2500,1262.95302726145,8192099,42.4538269042969
4667,1305.16529687175,2500,1267.81497158637,8194599,42.4538269042969
4668,1264.67485622712,2500,1277.30035637594,8197099,42.4538269042969
4669,1284.60888653856,2500,1283.09894326626,8199599,42.4538269042969
4670,1284.32283167936,2500,1286.24936218038,8202099,42.4538269042969
4671,1259.66585643675,2500,1278.31166389739,8204599,42.4538269042969
4672,1289.29626643544,2500,1281.297288851,8207099,42.4538269042969
4673,1279.71103847777,2500,1276.41781459939,8209599,42.4538269042969
4674,1275.23642348895,2500,1274.99313009784,8212099,42.4538269042969
4675,1260.4380794402,2500,1274.61895408921,8214599,42.4538269042969
4676,1268.73978111212,2500,1277.1859316708,8217099,42.4538269042969
4677,1273.09437178615,2500,1273.97883916224,8219599,42.4538269042969
4678,1276.59049285941,2500,1275.17040282547,8222099,42.4538269042969
4679,1249.85796584348,2500,1271.69531075596,8224599,42.4538269042969
4680,1264.65624223234,2500,1269.72865181126,8227099,42.4538269042969
4681,1273.38422053929,2500,1271.10048822152,8229599,42.4538269042969
4682,1270.50133584867,2500,1269.22099516284,8232099,42.4538269042969
4683,1261.55336442829,2500,1267.40522775789,8234599,42.4538269042969
4684,1290.07971337852,2500,1268.88955674685,8237099,42.4538269042969
4685,1270.05010895145,2500,1269.85075969797,8239599,42.4538269042969
4686,1262.27909813049,2500,1269.20469139981,8242099,41.9262237548828
4687,1266.62061646952,2500,1268.55731586815,8244599,41.9262237548828
4688,1328.84166120969,2500,1273.78243270317,8247099,41.9262237548828
4689,1237.22038455392,2500,1272.51867457422,8249599,41.9262237548828
4690,1264.23028437943,2500,1272.47607878893,8252099,41.9262237548828
4691,1250.76947477197,2500,1270.21460421219,8254599,41.9262237548828
4692,1267.51448529691,2500,1269.91591915702,8257099,41.9262237548828
4693,1252.87054314796,2500,1269.04763702899,8259599,41.9262237548828
4694,1286.41658206646,2500,1268.68132389778,8262099,41.9262237548828
4695,1252.53621580201,2500,1266.92993458284,8264599,41.9262237548828
4696,1265.79238592485,2500,1267.28126336227,8267099,41.9262237548828
4697,1311.04720137923,2500,1271.72392185324,8269599,41.9262237548828
4698,1251.96815827901,2500,1264.03657156018,8272099,41.9262237548828
4699,1271.51934265452,2500,1267.46646737024,8274599,41.9262237548828
4700,1266.69252959927,2500,1267.71269189222,8277099,41.9262237548828
4701,1266.96938974028,2500,1269.33268338905,8279599,41.9262237548828
4702,1250.74127095345,2500,1267.6553619547,8282099,41.9262237548828
4703,1254.87613265462,2500,1267.85592090537,8284599,41.9262237548828
4704,1137.21000074449,2500,1252.93526277317,8287099,41.9262237548828
4705,1159.97090517557,2500,1243.67873171053,8289599,40.8893432617188
4706,1142.77045956524,2500,1231.37653907457,8292099,40.8893432617188
4707,1117.40372844449,2500,1212.01219178109,8294599,40.8893432617188
4708,1228.30146406568,2500,1209.64552235976,8297099,40.8893432617188
4709,1227.97013085448,2500,1205.29060117976,8299599,40.8893432617188
4710,1095.68174641081,2500,1188.18952286091,8302099,40.8893432617188
4711,1105.22173414623,2500,1172.0147573015,8304599,40.8893432617188
4712,1224.9045510407,2500,1169.43108531023,8307099,40.8893432617188
4713,1037.86559991224,2500,1147.73003203599,8309599,40.8893432617188
4714,1194.74242901074,2500,1153.48327486262,8312099,40.8893432617188
4715,1102.21154216711,2500,1147.70733856177,8314599,40.8893432617188
4716,1124.60656060215,2500,1145.89094866546,8317099,40.8893432617188
4717,1184.61793158507,2500,1152.61236897952,8319599,40.8893432617188
4718,1046.21616354297,2500,1134.40383892725,8322099,40.8893432617188
4719,1103.10767469621,2500,1121.91759331142,8324599,40.8893432617188
4720,1220.50720436423,2500,1134.40013910676,8327099,40.8893432617188
4721,1086.81784428951,2500,1132.55975012109,8329599,40.8893432617188
4722,1191.70521855825,2500,1129.23981687285,8332099,40.8893432617188
4723,1080.54190814586,2500,1133.50744769621,8334599,40.8893432617188
4724,1184.9756685998,2500,1132.53077165512,8337099,40.8893432617188
4725,1198.8897711162,2500,1142.19859455002,8339599,40.8893432617188
4726,1099.81046324408,2500,1139.71898481422,8342099,40.8893432617188
4727,1219.44657585377,2500,1143.20184924109,8344599,40.8893432617188
4728,1093.9479253504,2500,1147.97502542183,8347099,40.8893432617188
4729,1107.34753454494,2500,1148.3990114067,8349599,40.8893432617188
4730,1255.62762137122,2500,1151.9110531074,8352099,43.4991683959961
4731,1269.88079116613,2500,1170.21734779507,8354599,43.4991683959961
4732,1270.52929169614,2500,1178.09975510885,8357099,43.4991683959961
4733,1244.4682033097,2500,1194.49238462524,8359599,43.4991683959961
4734,1334.17363656553,2500,1209.41218142181,8362099,43.4991683959961
4735,1248.93509223468,2500,1214.41671353366,8364599,43.4991683959961
4736,1304.49555739378,2500,1234.88522294863,8367099,43.4991683959961
4737,1332.62694450475,2500,1246.20325981373,8369599,43.4991683959961
4738,1271.44205173866,2500,1263.95267245255,8372099,43.4991683959961
4739,1262.32231759243,2500,1279.4501507573,8374599,43.4991683959961
4740,1335.31202308733,2500,1287.41859092891,8377099,43.4991683959961
4741,1313.91207065409,2500,1291.82171887771,8379599,43.4991683959961
4742,1277.56442773591,2500,1292.52523248168,8382099,43.4991683959961
4743,1308.18249343247,2500,1298.89666149396,8384599,43.4991683959961
4744,1286.19140835729,2500,1294.09843867314,8387099,43.4991683959961
4745,1283.5860996834,2500,1297.56353941801,8389599,43.4991683959961
4746,1333.38028473992,2500,1300.45201215262,8392099,43.4991683959961
4747,1312.74895493732,2500,1298.46421319588,8394599,43.4991683959961
4748,1355.36488601394,2500,1306.85649662341,8397099,43.4991683959961
4749,1270.27023104972,2500,1307.65128796914,8399599,40.2835083007812
4750,1321.12972386177,2500,1306.23305804658,8402099,40.2835083007812
4751,1281.01066619939,2500,1302.94291760111,8404599,40.2835083007812
4752,1260.58527821632,2500,1301.24500264915,8407099,40.2835083007812
4753,1276.8485384468,2500,1298.11160715059,8409599,40.2835083007812
4754,1264.19123667587,2500,1295.91158998244,8412099,40.2835083007812
4755,1284.8832692101,2500,1296.04130693511,8414599,40.2835083007812
4756,1283.88126760986,2500,1291.09140522211,8417099,40.2835083007812
4757,1278.75516408056,2500,1287.69202613643,8419599,40.2835083007812
4758,1278.97585689365,2500,1280.0531232244,8422099,40.2835083007812
4759,1289.88316771583,2500,1282.01441689101,8424599,40.2835083007812
4760,1277.29164110454,2500,1277.63060861529,8427099,40.2835083007812
4761,1298.28105121743,2500,1279.3576471171,8429599,40.2835083007812
4762,1265.01238918085,2500,1279.80035821355,8432099,40.2835083007812
4763,1286.25009959848,2500,1280.74051432872,8434599,40.2835083007812
4764,1261.27509511652,2500,1280.44890017278,8437099,40.2835083007812
4765,1306.31892637393,2500,1282.59246588917,8439599,40.2835083007812
4766,1284.67473775829,2500,1282.67181290401,8442099,40.2835083007812
4767,1279.19041262205,2500,1282.71533775816,8444599,40.2835083007812
4768,1269.85245965391,2500,1281.80299803418,8447099,40.2835083007812
4769,1281.91560226985,2500,1281.00624148958,8449599,40.2835083007812
4770,1274.01530175003,2500,1280.67860755413,8452099,40.2835083007812
4771,1282.12114542362,2500,1279.06261697475,8454599,40.2835083007812
4772,1255.27271668035,2500,1278.0886497247,8457099,40.2835083007812
4773,1253.20722570734,2500,1274.78436233559,8459599,40.2835083007812
4774,1292.2866803699,2500,1277.88552086093,8462099,42.8974418640137
4775,1246.60390837219,2500,1271.91401906075,8464599,42.8974418640137
4776,1250.40141025949,2500,1268.48668631087,8467099,42.8974418640137
4777,1246.78139955725,2500,1265.24578500439,8469599,42.8974418640137
4778,1240.86829922368,2500,1262.34736896137,8472099,42.8974418640137
4779,1243.80252060442,2500,1258.53606079483,8474599,42.8974418640137
4780,1240.48441594057,2500,1255.18297221388,8477099,42.8974418640137
4781,1234.59470523816,2500,1250.43032819533,8479599,42.8974418640137
4782,1227.59114441044,2500,1247.66217096834,8482099,42.8974418640137
4783,1223.87619468972,2500,1244.72906786658,8484599,42.8974418640137
4784,1230.92307620635,2500,1238.59270745023,8487099,42.8974418640137
4785,1237.66043076896,2500,1237.6983596899,8489599,42.8974418640137
4786,1231.05906067729,2500,1235.76412473168,8492099,42.8974418640137
4787,1237.15266677905,2500,1234.80125145386,8494599,42.8974418640137
4788,1212.38619733937,2500,1231.95304126543,8497099,42.8974418640137
4789,1220.88453560068,2500,1229.66124276506,8499599,42.8974418640137
4790,1271.16903720131,2500,1232.72970489113,8502099,42.8974418640137
4791,1244.83281967351,2500,1233.75351633467,8504599,42.8974418640137
4792,1257.97496392433,2500,1236.79189828606,8507099,42.8974418640137
4793,1232.30084659478,2500,1237.63436347657,8509599,44.5132713317871
4794,1283.05579329885,2500,1242.84763518581,8512099,44.5132713317871
4795,1299.26261110939,2500,1249.00785321986,8514599,44.5132713317871
4796,1258.04307767488,2500,1251.70625491962,8517099,44.5132713317871
4797,1264.59679592319,2500,1254.45066783403,8519599,44.5132713317871
4798,1234.72021958448,2500,1256.68407005854,8522099,44.5132713317871
4799,1326.32992889563,2500,1267.22860938804,8524599,44.5132713317871
4800,1233.84934386603,2500,1263.49664005451,8527099,44.5132713317871
4801,1277.46692755919,2500,1266.76005084307,8529599,44.5132713317871
4802,1328.87774907793,2500,1273.85032935843,8532099,44.5132713317871
4803,1283.67279960525,2500,1278.98752465948,8534599,44.5132713317871
4804,1283.8091190071,2500,1279.06285723031,8537099,44.5132713317871
4805,1310.00785383399,2500,1280.13738150277,8539599,44.5132713317871
4806,1332.74465736534,2500,1287.60753947181,8542099,44.5132713317871
4807,1239.70432753326,2500,1285.11829263282,8544599,44.5132713317871
4808,1309.15525542369,2500,1292.56179621674,8547099,44.5132713317871
4809,1311.43963907377,2500,1291.07276723455,8549599,44.5132713317871
4810,1232.14559735977,2500,1290.90239258393,8552099,44.5132713317871
4811,1321.22963299923,2500,1295.27866312793,8554599,44.5132713317871
4812,1314.13183407873,2500,1293.80407162801,8557099,44.5132713317871
4813,1231.76280609186,2500,1288.61307227667,8559599,44.5132713317871
4814,1279.22805966465,2500,1288.15496634243,8562099,44.5132713317871
4815,1275.98015811194,2500,1284.75219677022,8564599,44.5132713317871
4816,1349.42012437153,2500,1286.41974347084,8567099,44.5132713317871
4817,1272.80165249547,2500,1289.72947596706,8569599,44.5132713317871
4818,1291.68500314253,2500,1287.98245073895,8572099,43.8068313598633
4819,1293.29245041082,2500,1286.16773187265,8574599,43.8068313598633
4820,1288.67782987573,2500,1291.82095512425,8577099,43.8068313598633
4821,786.49702437794,1753,1238.34769426212,8578852,43.8068313598633
4822,1288.48523171253,2500,1235.7830340255,8581352,43.8068313598633
4823,1293.9574262733,2500,1242.00249604364,8583852,43.8068313598633
4824,1300.88856486612,2500,1244.16854656379,8586352,43.8068313598633
4825,1282.26384103337,2500,1244.79691485593,8588852,43.8068313598633
4826,1292.21062247046,2500,1239.07596466583,8591352,43.8068313598633
4827,1294.58688801374,2500,1241.25448821765,8593852,43.8068313598633
4828,1318.92021378564,2500,1243.97800928196,8596352,43.8068313598633
4829,1291.99834513597,2500,1243.84859875448,8598852,43.8068313598633
4830,1269.61549338884,2500,1241.94236510579,8601352,43.8068313598633
4831,1271.45085357235,2500,1290.43774802523,8603852,43.8068313598633
4832,1310.76994322171,2500,1292.66621917615,8606352,43.8068313598633
4833,1292.98658542083,2500,1292.5691350909,8608852,43.8068313598633
4834,1234.08189300222,2500,1285.88846790451,8611352,43.8068313598633
4835,1300.68333163671,2500,1287.73041696485,8613852,43.8068313598633
4836,1307.3861011915,2500,1289.24796483695,8616352,43.8068313598633
4837,1190.94916204242,2500,1278.88419223982,8618852,41.5243988037109
4838,1302.8849328939,2500,1277.28066415064,8621352,41.5243988037109
4839,1251.67488772491,2500,1273.24831840954,8623852,41.5243988037109
4840,1273.92142639768,2500,1273.67891171042,8626352,41.5243988037109
4841,1290.64411702293,2500,1275.59823805548,8628852,41.5243988037109
4842,1260.96271353964,2500,1270.61751508727,8631352,41.5243988037109
4843,1295.34300730937,2500,1270.85315727613,8633852,41.5243988037109
4844,1258.35441458714,2500,1273.28040943462,8636352,41.5243988037109
4845,1279.59340427846,2500,1271.17141669879,8638852,41.5243988037109
4846,1213.05159958874,2500,1261.73796653852,8641352,41.5243988037109
4847,1271.41241079453,2500,1269.78429141373,8643852,41.5243988037109
4848,1276.78062107781,2500,1267.17386023212,8646352,41.5243988037109
4849,1304.46364909288,2500,1272.45273636892,8648852,41.5243988037109
4850,1294.79862466768,2500,1274.54045619592,8651352,41.5243988037109
4851,1218.18494887238,2500,1267.29453938086,8653852,41.5243988037109
4852,1265.7621385456,2500,1267.77448188146,8656352,41.5243988037109
4853,1262.10762925011,2500,1264.45094407553,8658852,41.5243988037109
4854,167.344559439712,332,1155.34995856079,8659184,41.5243988037109
4855,1199.39085130895,2500,1147.32970326384,8661684,41.5243988037109
4856,1277.64978546618,2500,1153.78952185158,8664184,41.5243988037109
4857,1287.41780545372,2500,1155.3900613175,8666684,41.5243988037109
4858,1275.06011869961,2500,1155.21801107968,8669184,41.5243988037109
4859,1234.32596848637,2500,1148.20424301903,8671684,41.5243988037109
4860,1270.41306445216,2500,1145.76568699748,8674184,41.5243988037109
4861,1243.41954965579,2500,1148.28914707582,8676684,41.5243988037109
4862,1275.86726481351,2500,1149.29965970261,8679184,41.4163665771484
4863,1285.92136659911,2500,1151.68103343751,8681684,41.4163665771484
4864,1234.73627244007,2500,1258.42020473755,8684184,41.4163665771484
4865,1210.46779471824,2500,1259.52789907848,8686684,41.4163665771484
4866,1306.27059360874,2500,1262.38997989273,8689184,41.4163665771484
4867,1293.4914184445,2500,1262.99734119181,8691684,41.4163665771484
4868,1285.21805802019,2500,1264.01313512387,8694184,41.4163665771484
4869,1325.5674701355,2500,1273.13728528878,8696684,41.4163665771484
4870,1192.54124642799,2500,1265.35010348636,8699184,41.4163665771484
4871,1282.2647160028,2500,1269.23462012107,8701684,41.4163665771484
4872,1342.03933543704,2500,1275.85182718342,8704184,41.4163665771484
4873,1347.36175559551,2500,1281.99586608306,8706684,41.4163665771484
4874,1261.53826190978,2500,1284.67606503003,8709184,41.4163665771484
4875,1285.47495340667,2500,1292.17678089887,8711684,41.4163665771484
4876,1257.39613383939,2500,1287.28933492194,8714184,41.4163665771484
4877,1260.28481788336,2500,1283.96867486582,8716684,41.4163665771484
4878,1271.89935033557,2500,1282.63680409736,8719184,41.4163665771484
4879,1255.01152734161,2500,1275.58120981797,8721684,41.4163665771484
4880,1284.82628814864,2500,1284.80971399004,8724184,41.4163665771484
4881,1243.2323494473,2500,1280.90647733449,8726684,43.1174659729004
4882,1246.82789080947,2500,1271.38533287173,8729184,43.1174659729004
4883,1347.48945532377,2500,1271.39810284456,8731684,43.1174659729004
4884,1282.35591921305,2500,1273.47986857488,8734184,43.1174659729004
4885,1225.94641236377,2500,1267.52701447059,8736684,43.1174659729004
4886,1296.2918319428,2500,1271.41658428093,8739184,43.1174659729004
4887,1270.0326873088,2500,1272.39137122348,8741684,43.1174659729004
4888,1354.42516869305,2500,1280.64395305923,8744184,43.1174659729004
4889,1268.06531180167,2500,1281.94933150523,8746684,43.1174659729004
4890,1231.05850168372,2500,1276.57255285874,8749184,43.1174659729004
4891,1276.35533364209,2500,1279.88485127822,8751684,43.1174659729004
4892,1330.73631783741,2500,1288.27569398101,8754184,43.1174659729004
4893,1274.97838951838,2500,1281.02458740047,8756684,43.1174659729004
4894,1288.06539866024,2500,1281.59553534519,8759184,43.1174659729004
4895,1217.17207489278,2500,1280.71810159809,8761684,43.1174659729004
4896,1246.30677364662,2500,1275.71959576848,8764184,43.1174659729004
4897,1246.30703211737,2500,1273.34703024933,8766684,43.1174659729004
4898,1261.27093161965,2500,1264.03160654199,8769184,43.1174659729004
4899,1216.62971681414,2500,1258.88804704324,8771684,43.1174659729004
4900,1359.29346431117,2500,1271.71154330599,8774184,43.1174659729004
4901,1264.59394599789,2500,1270.53540454157,8776684,43.1174659729004
4902,1330.75006526095,2500,1270.53677928392,8779184,43.1174659729004
4903,1274.94762240325,2500,1270.53370257241,8781684,43.1174659729004
4904,1274.35814119687,2500,1269.16297682607,8784184,43.1174659729004
4905,1231.62025986301,2500,1270.60779532309,8786684,43.1174659729004
4906,1329.76611338401,2500,1278.95372929683,8789184,44.4468116760254
4907,1340.30253038217,2500,1288.35327912331,8791684,44.4468116760254
4908,1324.21039693399,2500,1294.64722565475,8794184,44.4468116760254
4909,1342.59919628932,2500,1307.24417360226,8796684,44.4468116760254
4910,1347.93715398673,2500,1306.10854256982,8799184,44.4468116760254
4911,1330.51964612016,2500,1312.70111258205,8801684,44.4468116760254
4912,1358.23080886453,2500,1315.44918694241,8804184,44.4468116760254
4913,1323.2508369939,2500,1320.27950840147,8806684,44.4468116760254
4914,1356.75953178016,2500,1328.5196474598,8809184,44.4468116760254
4915,1284.18375190165,2500,1333.77599666366,8811684,44.4468116760254
4916,1348.62771867592,2500,1335.66215719285,8814184,44.4468116760254
4917,1326.15674964851,2500,1334.24757911949,8816684,44.4468116760254
4918,1354.41147304216,2500,1337.2676867303,8819184,44.4468116760254
4919,1283.698624544,2500,1331.37762955577,8821684,44.4468116760254
4920,1327.45835523997,2500,1329.3297496811,8824184,44.4468116760254
4921,1339.85976951026,2500,1330.26376202011,8826684,44.4468116760254
4922,1342.5341573095,2500,1328.6940968646,8829184,44.4468116760254
4923,1351.15204668247,2500,1331.48421783346,8831684,44.4468116760254
4924,1357.13897910111,2500,1331.52216256556,8834184,44.4468116760254
4925,1108.60452790617,2500,1313.96424016601,8836684,41.9352264404297
4926,982.73899237522,2500,1277.37536753594,8839184,41.9352264404297
4927,1095.31837432367,2500,1254.29153000345,8841684,41.9352264404297
4928,1118.96323402202,2500,1230.74670610144,8844184,41.9352264404297
4929,1192.65360761197,2500,1221.64220440824,8846684,41.9352264404297
4930,1207.50429259696,2500,1209.64679814394,8849184,41.9352264404297
4931,1055.43287882879,2500,1181.20410907579,8851684,41.9352264404297
4932,1198.65248436634,2500,1166.81594178147,8854184,41.9352264404297
4933,1087.75141067681,2500,1140.47587818091,8856684,41.9352264404297
4934,1084.75556880654,2500,1113.23753715145,8859184,41.9352264404297
4935,1070.11772842663,2500,1109.38885720349,8861684,41.9352264404297
4936,1055.61476491222,2500,1116.67643445719,8864184,41.9352264404297
4937,1109.63903440939,2500,1118.10850046577,8866684,41.9352264404297
4938,1042.39963719195,2500,1110.45214078276,8869184,41.9352264404297
4939,1114.77533452576,2500,1102.66431347414,8871684,41.9352264404297
4940,1062.23651958288,2500,1088.13753617273,8874184,41.9352264404297
4941,1035.73592481353,2500,1086.1678407712,8876684,41.9352264404297
4942,1148.15657886105,2500,1081.11825022067,8879184,41.9352264404297
4943,1242.0167236581,2500,1096.5447815188,8881684,41.9352264404297
4944,1065.72553627365,2500,1094.64177826551,8884184,41.9352264404297
4945,1082.44748671367,2500,1095.87475409422,8886684,41.9352264404297
4946,1059.56410026988,2500,1096.26968762998,8889184,41.9352264404297
4947,1077.89776856224,2500,1093.09556104527,8891684,41.9352264404297
4948,1104.8877540951,2500,1099.34437273558,8894184,41.9352264404297
4949,1108.36924007539,2500,1098.70376329055,8896684,41.9352264404297
4950,1264.04203385875,2500,1118.88431471813,8899184,44.9928970336914
4951,1275.63191986054,2500,1142.87391422284,8901684,44.9928970336914
4952,1300.07355174493,2500,1158.06561151122,8904184,44.9928970336914
4953,1263.65471101703,2500,1160.22941024712,8906684,44.9928970336914
4954,1249.03887768857,2500,1178.56074438861,8909184,44.9928970336914
4955,1289.70801148338,2500,1199.28679686558,8911684,44.9928970336914
4956,1342.06765327491,2500,1227.53715216608,8914184,44.9928970336914
4957,1343.97270911168,2500,1254.14464622103,8916684,44.9928970336914
4958,1244.40060500954,2500,1268.09593131247,8919184,44.9928970336914
4959,1351.68012991106,2500,1292.42702029604,8921684,44.9928970336914
4960,1220.24647902013,2500,1288.04746481218,8924184,44.9928970336914
4961,1347.72829276031,2500,1295.25710210215,8926684,44.9928970336914
4962,1286.15766896362,2500,1293.86551382402,8929184,44.9928970336914
4963,1353.97669470523,2500,1302.89771219284,8931684,44.9928970336914
4964,1303.75229175726,2500,1308.36905359971,8934184,44.9928970336914
4965,1329.03851708889,2500,1312.30210416026,8936684,44.9928970336914
4966,1364.7312357839,2500,1314.56846241116,8939184,44.9928970336914
4967,1237.67643145929,2500,1303.93883464592,8941684,44.9928970336914
4968,1289.3884032965,2500,1308.43761447462,8944184,44.9928970336914
4969,1374.05023727487,2500,1310.674625211,8946684,41.8157005310059
4970,1323.96744429238,2500,1321.04672173823,8949184,41.8157005310059
4971,1347.04144912453,2500,1320.97803737465,8951684,41.8157005310059
4972,1292.61714126124,2500,1321.62398460441,8954184,41.8157005310059
4973,1361.4512973995,2500,1322.37144487384,8956684,41.8157005310059
4974,1356.58886286057,2500,1327.65510198417,8959184,41.8157005310059
4975,1375.98618296307,2500,1332.34986857159,8961684,41.8157005310059
4976,1359.63673248914,2500,1331.84041824211,8964184,41.8157005310059
4977,1304.97266775778,2500,1338.57004187196,8966684,41.8157005310059
4978,1347.6046311293,2500,1344.39166465524,8969184,41.8157005310059
4979,1356.35696852661,2500,1342.62233778041,8971684,41.8157005310059
4980,1401.69364664334,2500,1350.39495801551,8974184,41.8157005310059
4981,1353.95573444836,2500,1351.08638654789,8976684,41.8157005310059
4982,1354.81417864806,2500,1357.30609028657,8979184,41.8157005310059
4983,1272.7718159962,2500,1348.43814214624,8981684,41.8157005310059
4984,1272.66895929113,2500,1340.0461517893,8984184,41.8157005310059
4985,1358.13995999256,2500,1338.26152949225,8986684,41.8157005310059
4986,1359.4758137491,2500,1338.24543761824,8989184,41.8157005310059
4987,1295.01412255388,2500,1337.24958309785,8991684,41.8157005310059
4988,1331.85894335988,2500,1335.67501432091,8994184,41.8157005310059
4989,1363.98050743581,2500,1336.43736821183,8996684,41.8157005310059
4990,1262.26522015253,2500,1322.49452556275,8999184,41.8157005310059
4991,1321.35261666,2500,1319.23421378391,9001684,41.8157005310059
4992,1367.40803006816,2500,1320.49359892592,9004184,41.8157005310059
4993,1263.27829680593,2500,1319.5442470069,9006684,41.8157005310059
4994,1264.87446656997,2500,1318.76479773478,9009184,44.6394004821777
4995,1254.9779324021,2500,1308.44859497574,9011684,44.6394004821777
4996,1301.71165538369,2500,1302.6721791392,9014184,44.6394004821777
4997,1258.13421526112,2500,1298.98418840992,9016684,44.6394004821777
4998,1247.67081990763,2500,1290.5653760647,9019184,44.6394004821777
4999,1259.39256673724,2500,1280.10658199484,9021684,44.6394004821777
5000,1250.56897126391,2500,1278.93695710598,9024184,44.6394004821777
