Training console diary: C:\Users\abuj\Code\Reinforcement-Learning-Furuta-Inverted-Pendulum\results\TD3\run_20260703_230817_td3_mathworks_style_pi_current_1c_500hz_long_detailed\training_console.log
Episode:   1/5000 | Episode reward:   -57.76 | Episode steps:   44 | Average reward:   -57.76 | Step Count:   44 | Episode Q0:    -0.15
Episode:   2/5000 | Episode reward:   -60.01 | Episode steps:   58 | Average reward:   -58.89 | Step Count:  102 | Episode Q0:    -0.15
Episode:   3/5000 | Episode reward:    31.93 | Episode steps:   65 | Average reward:   -28.61 | Step Count:  167 | Episode Q0:    -0.15
Episode:   4/5000 | Episode reward:     6.40 | Episode steps:   38 | Average reward:   -19.86 | Step Count:  205 | Episode Q0:    -0.15
Episode:   5/5000 | Episode reward:     4.01 | Episode steps:   35 | Average reward:   -15.09 | Step Count:  240 | Episode Q0:    -0.15
Episode:   6/5000 | Episode reward:   -10.46 | Episode steps:   47 | Average reward:   -14.32 | Step Count:  287 | Episode Q0:    -0.15
Episode:   7/5000 | Episode reward:    -3.89 | Episode steps:   56 | Average reward:   -12.83 | Step Count:  343 | Episode Q0:    -0.15
Episode:   8/5000 | Episode reward:     5.02 | Episode steps:   62 | Average reward:   -10.60 | Step Count:  405 | Episode Q0:    -0.15
Episode:   9/5000 | Episode reward:   -17.92 | Episode steps:   47 | Average reward:   -11.41 | Step Count:  452 | Episode Q0:    -0.15
Episode:  10/5000 | Episode reward:    35.33 | Episode steps:   85 | Average reward:    -6.73 | Step Count:  537 | Episode Q0:    -0.15
Episode:  11/5000 | Episode reward:   -58.77 | Episode steps:   56 | Average reward:    -6.84 | Step Count:  593 | Episode Q0:    -0.15
Episode:  12/5000 | Episode reward:   -17.03 | Episode steps:   65 | Average reward:    -2.54 | Step Count:  658 | Episode Q0:    -0.15
Episode:  13/5000 | Episode reward:     2.34 | Episode steps:   27 | Average reward:    -5.50 | Step Count:  685 | Episode Q0:    -0.15
Episode:  14/5000 | Episode reward:    14.65 | Episode steps:   40 | Average reward:    -4.67 | Step Count:  725 | Episode Q0:    -0.15
Episode:  15/5000 | Episode reward:     3.94 | Episode steps:   89 | Average reward:    -4.68 | Step Count:  814 | Episode Q0:    -0.15
Episode:  16/5000 | Episode reward:   -22.51 | Episode steps:   54 | Average reward:    -5.88 | Step Count:  868 | Episode Q0:    -0.15
Episode:  17/5000 | Episode reward:    15.60 | Episode steps:   42 | Average reward:    -3.94 | Step Count:  910 | Episode Q0:    -0.15
Episode:  18/5000 | Episode reward:    -5.44 | Episode steps:   57 | Average reward:    -4.98 | Step Count:  967 | Episode Q0:    -0.15
Episode:  19/5000 | Episode reward:    44.23 | Episode steps:   91 | Average reward:     1.23 | Step Count: 1058 | Episode Q0:    -0.15
Episode:  20/5000 | Episode reward:    16.05 | Episode steps:   72 | Average reward:    -0.70 | Step Count: 1130 | Episode Q0:    -0.15
Episode:  21/5000 | Episode reward:   -16.81 | Episode steps:   63 | Average reward:     3.50 | Step Count: 1193 | Episode Q0:    -0.15
Episode:  22/5000 | Episode reward:     0.61 | Episode steps:   53 | Average reward:     5.27 | Step Count: 1246 | Episode Q0:    -0.15
Episode:  23/5000 | Episode reward:    15.54 | Episode steps:   46 | Average reward:     6.59 | Step Count: 1292 | Episode Q0:    -0.15
Episode:  24/5000 | Episode reward:    29.46 | Episode steps:   92 | Average reward:     8.07 | Step Count: 1384 | Episode Q0:    -0.15
Episode:  25/5000 | Episode reward:   -19.00 | Episode steps:   62 | Average reward:     5.77 | Step Count: 1446 | Episode Q0:    -0.15
Episode:  26/5000 | Episode reward:    24.97 | Episode steps:   51 | Average reward:    10.52 | Step Count: 1497 | Episode Q0:    -0.15
Episode:  27/5000 | Episode reward:    10.67 | Episode steps:   57 | Average reward:    10.03 | Step Count: 1554 | Episode Q0:    -0.15
Episode:  28/5000 | Episode reward:    16.70 | Episode steps:   46 | Average reward:    12.24 | Step Count: 1600 | Episode Q0:    -0.15
Episode:  29/5000 | Episode reward:    10.36 | Episode steps:   45 | Average reward:     8.85 | Step Count: 1645 | Episode Q0:    -0.15
Episode:  30/5000 | Episode reward:   -18.95 | Episode steps:   58 | Average reward:     5.35 | Step Count: 1703 | Episode Q0:    -0.15
Episode:  31/5000 | Episode reward:   -13.52 | Episode steps:   94 | Average reward:     5.68 | Step Count: 1797 | Episode Q0:    -0.15
Episode:  32/5000 | Episode reward:   -44.44 | Episode steps:   35 | Average reward:     1.18 | Step Count: 1832 | Episode Q0:    -0.15
Episode:  33/5000 | Episode reward:    22.10 | Episode steps:   54 | Average reward:     1.83 | Step Count: 1886 | Episode Q0:    -0.15
Episode:  34/5000 | Episode reward:   -69.85 | Episode steps:   49 | Average reward:    -8.10 | Step Count: 1935 | Episode Q0:    -0.15
Episode:  35/5000 | Episode reward:    -4.22 | Episode steps:   59 | Average reward:    -6.62 | Step Count: 1994 | Episode Q0:    -0.15
Episode:  36/5000 | Episode reward:    11.33 | Episode steps:   68 | Average reward:    -7.98 | Step Count: 2062 | Episode Q0:    -0.15
Episode:  37/5000 | Episode reward:   -26.41 | Episode steps:   48 | Average reward:   -11.69 | Step Count: 2110 | Episode Q0:    -0.15
Episode:  38/5000 | Episode reward:    19.73 | Episode steps:   64 | Average reward:   -11.39 | Step Count: 2174 | Episode Q0:    -0.15
Episode:  39/5000 | Episode reward:    22.53 | Episode steps:   51 | Average reward:   -10.17 | Step Count: 2225 | Episode Q0:    -0.15
Episode:  40/5000 | Episode reward:   -53.74 | Episode steps:   35 | Average reward:   -13.65 | Step Count: 2260 | Episode Q0:    -0.15
Episode:  41/5000 | Episode reward:    -2.54 | Episode steps:   80 | Average reward:   -12.55 | Step Count: 2340 | Episode Q0:    -0.15
Episode:  42/5000 | Episode reward:    14.64 | Episode steps:   45 | Average reward:    -6.64 | Step Count: 2385 | Episode Q0:    -0.15
Episode:  43/5000 | Episode reward:    17.06 | Episode steps:   44 | Average reward:    -7.15 | Step Count: 2429 | Episode Q0:    -0.15
Episode:  44/5000 | Episode reward:    -5.93 | Episode steps:   61 | Average reward:    -0.76 | Step Count: 2490 | Episode Q0:    -0.15
Episode:  45/5000 | Episode reward:    -3.49 | Episode steps:   44 | Average reward:    -0.68 | Step Count: 2534 | Episode Q0:    -0.15
Episode:  46/5000 | Episode reward:    33.91 | Episode steps:  175 | Average reward:     1.57 | Step Count: 2709 | Episode Q0:    -0.15
Episode:  47/5000 | Episode reward:    13.34 | Episode steps:   43 | Average reward:     5.55 | Step Count: 2752 | Episode Q0:    -0.15
Episode:  48/5000 | Episode reward:   -32.05 | Episode steps:   49 | Average reward:     0.37 | Step Count: 2801 | Episode Q0:    -0.15
Episode:  49/5000 | Episode reward:   -21.09 | Episode steps:   45 | Average reward:    -3.99 | Step Count: 2846 | Episode Q0:    -0.15
Episode:  50/5000 | Episode reward:    -5.88 | Episode steps:   60 | Average reward:     0.80 | Step Count: 2906 | Episode Q0:    -0.15
Episode:  51/5000 | Episode reward:    15.54 | Episode steps:   41 | Average reward:     2.60 | Step Count: 2947 | Episode Q0:    -0.15
Episode:  52/5000 | Episode reward:    19.65 | Episode steps:   73 | Average reward:     3.11 | Step Count: 3020 | Episode Q0:    -0.15
Episode:  53/5000 | Episode reward:    13.21 | Episode steps:   49 | Average reward:     2.72 | Step Count: 3069 | Episode Q0:    -0.15
Episode:  54/5000 | Episode reward:    34.04 | Episode steps:   81 | Average reward:     6.72 | Step Count: 3150 | Episode Q0:     0.09
Episode:  55/5000 | Episode reward:   -22.83 | Episode steps:   30 | Average reward:     4.78 | Step Count: 3180 | Episode Q0:     0.09
Episode:  56/5000 | Episode reward:   -15.68 | Episode steps:   55 | Average reward:    -0.18 | Step Count: 3235 | Episode Q0:     0.09
Episode:  57/5000 | Episode reward:   -77.40 | Episode steps:   54 | Average reward:    -9.25 | Step Count: 3289 | Episode Q0:     0.09
Episode:  58/5000 | Episode reward:     4.87 | Episode steps:   71 | Average reward:    -5.56 | Step Count: 3360 | Episode Q0:     0.09
Episode:  59/5000 | Episode reward:    25.28 | Episode steps:   57 | Average reward:    -0.92 | Step Count: 3417 | Episode Q0:     0.09
Episode:  60/5000 | Episode reward:   -40.33 | Episode steps:   42 | Average reward:    -4.37 | Step Count: 3459 | Episode Q0:     0.09
Episode:  61/5000 | Episode reward:    10.06 | Episode steps:   34 | Average reward:    -4.91 | Step Count: 3493 | Episode Q0:     0.09
Episode:  62/5000 | Episode reward:    10.03 | Episode steps:   62 | Average reward:    -5.87 | Step Count: 3555 | Episode Q0:     0.09
Episode:  63/5000 | Episode reward:     0.36 | Episode steps:   49 | Average reward:    -7.16 | Step Count: 3604 | Episode Q0:     0.09
Episode:  64/5000 | Episode reward:   -77.42 | Episode steps:   40 | Average reward:   -18.31 | Step Count: 3644 | Episode Q0:     0.09
Episode:  65/5000 | Episode reward:    -4.29 | Episode steps:   57 | Average reward:   -16.45 | Step Count: 3701 | Episode Q0:     0.09
Episode:  66/5000 | Episode reward:   -51.41 | Episode steps:   46 | Average reward:   -20.02 | Step Count: 3747 | Episode Q0:     0.09
Episode:  67/5000 | Episode reward:   -33.84 | Episode steps:   50 | Average reward:   -15.67 | Step Count: 3797 | Episode Q0:     0.09
Episode:  68/5000 | Episode reward:    -5.43 | Episode steps:   68 | Average reward:   -16.70 | Step Count: 3865 | Episode Q0:     0.09
Episode:  69/5000 | Episode reward:    -3.01 | Episode steps:   53 | Average reward:   -19.53 | Step Count: 3918 | Episode Q0:     0.09
Episode:  70/5000 | Episode reward:   -41.42 | Episode steps:   33 | Average reward:   -19.64 | Step Count: 3951 | Episode Q0:     0.09
Episode:  71/5000 | Episode reward:    31.20 | Episode steps:   74 | Average reward:   -17.52 | Step Count: 4025 | Episode Q0:     0.09
Episode:  72/5000 | Episode reward:   -27.71 | Episode steps:   32 | Average reward:   -21.30 | Step Count: 4057 | Episode Q0:     0.09
Episode:  73/5000 | Episode reward:   -64.39 | Episode steps:   40 | Average reward:   -27.77 | Step Count: 4097 | Episode Q0:     0.09
Episode:  74/5000 | Episode reward:   -11.92 | Episode steps:   48 | Average reward:   -21.22 | Step Count: 4145 | Episode Q0:     0.09
Episode:  75/5000 | Episode reward:    23.75 | Episode steps:   59 | Average reward:   -18.42 | Step Count: 4204 | Episode Q0:     0.09
Episode:  76/5000 | Episode reward:    12.16 | Episode steps:   49 | Average reward:   -12.06 | Step Count: 4253 | Episode Q0:     0.09
Episode:  77/5000 | Episode reward:    17.33 | Episode steps:   63 | Average reward:    -6.94 | Step Count: 4316 | Episode Q0:     0.09
Episode:  78/5000 | Episode reward:   -21.44 | Episode steps:   40 | Average reward:    -8.54 | Step Count: 4356 | Episode Q0:     0.09
Episode:  79/5000 | Episode reward:   -49.70 | Episode steps:   60 | Average reward:   -13.21 | Step Count: 4416 | Episode Q0:     0.09
Episode:  80/5000 | Episode reward:    32.61 | Episode steps:   56 | Average reward:    -5.81 | Step Count: 4472 | Episode Q0:     0.09
Episode:  81/5000 | Episode reward:     3.89 | Episode steps:   51 | Average reward:    -8.54 | Step Count: 4523 | Episode Q0:     0.09
Episode:  82/5000 | Episode reward:   -44.66 | Episode steps:   40 | Average reward:   -10.24 | Step Count: 4563 | Episode Q0:     0.09
Episode:  83/5000 | Episode reward:   -35.29 | Episode steps:   41 | Average reward:    -7.33 | Step Count: 4604 | Episode Q0:     0.09
Episode:  84/5000 | Episode reward:   -16.94 | Episode steps:   45 | Average reward:    -7.83 | Step Count: 4649 | Episode Q0:     0.09
Episode:  85/5000 | Episode reward:     9.58 | Episode steps:   41 | Average reward:    -9.24 | Step Count: 4690 | Episode Q0:     0.09
Episode:  86/5000 | Episode reward:    -3.53 | Episode steps:   72 | Average reward:   -10.81 | Step Count: 4762 | Episode Q0:     0.09
Episode:  87/5000 | Episode reward:    -6.25 | Episode steps:   33 | Average reward:   -13.17 | Step Count: 4795 | Episode Q0:     0.09
Episode:  88/5000 | Episode reward:    11.77 | Episode steps:   68 | Average reward:    -9.85 | Step Count: 4863 | Episode Q0:     0.09
Episode:  89/5000 | Episode reward:     9.44 | Episode steps:   41 | Average reward:    -3.94 | Step Count: 4904 | Episode Q0:     0.09
Episode:  90/5000 | Episode reward:   -57.70 | Episode steps:   39 | Average reward:   -12.97 | Step Count: 4943 | Episode Q0:     0.09
Episode:  91/5000 | Episode reward:    -5.80 | Episode steps:   27 | Average reward:   -13.94 | Step Count: 4970 | Episode Q0:     0.09
Episode:  92/5000 | Episode reward:     4.65 | Episode steps:   61 | Average reward:    -9.01 | Step Count: 5031 | Episode Q0:     0.79
Episode:  93/5000 | Episode reward:   -69.43 | Episode steps:   43 | Average reward:   -12.42 | Step Count: 5074 | Episode Q0:     0.79
Episode:  94/5000 | Episode reward:    19.57 | Episode steps:   66 | Average reward:    -8.77 | Step Count: 5140 | Episode Q0:     0.79
Episode:  95/5000 | Episode reward:     2.60 | Episode steps:   39 | Average reward:    -9.47 | Step Count: 5179 | Episode Q0:     0.79
Episode:  96/5000 | Episode reward:    -3.23 | Episode steps:   62 | Average reward:    -9.44 | Step Count: 5241 | Episode Q0:     0.79
Episode:  97/5000 | Episode reward:   -40.36 | Episode steps:   44 | Average reward:   -12.85 | Step Count: 5285 | Episode Q0:     0.79
Episode:  98/5000 | Episode reward:    -8.56 | Episode steps:   55 | Average reward:   -14.88 | Step Count: 5340 | Episode Q0:     0.79
Episode:  99/5000 | Episode reward:    13.64 | Episode steps:   81 | Average reward:   -14.46 | Step Count: 5421 | Episode Q0:     0.79
Episode: 100/5000 | Episode reward:   -88.53 | Episode steps:   44 | Average reward:   -17.55 | Step Count: 5465 | Episode Q0:     0.79
Episode: 101/5000 | Episode reward:    21.71 | Episode steps:   45 | Average reward:   -14.80 | Step Count: 5510 | Episode Q0:     0.79
Episode: 102/5000 | Episode reward:   -26.09 | Episode steps:   34 | Average reward:   -17.87 | Step Count: 5544 | Episode Q0:     0.79
Episode: 103/5000 | Episode reward:     0.25 | Episode steps:   40 | Average reward:   -10.90 | Step Count: 5584 | Episode Q0:     0.79
Episode: 104/5000 | Episode reward:    21.64 | Episode steps:   49 | Average reward:   -10.69 | Step Count: 5633 | Episode Q0:     0.79
Episode: 105/5000 | Episode reward:    13.51 | Episode steps:   52 | Average reward:    -9.60 | Step Count: 5685 | Episode Q0:     0.79
Episode: 106/5000 | Episode reward:    18.72 | Episode steps:   68 | Average reward:    -7.41 | Step Count: 5753 | Episode Q0:     0.79
Episode: 107/5000 | Episode reward:   -17.10 | Episode steps:   33 | Average reward:    -5.08 | Step Count: 5786 | Episode Q0:     0.79
Episode: 108/5000 | Episode reward:   -59.85 | Episode steps:   53 | Average reward:   -10.21 | Step Count: 5839 | Episode Q0:     0.79
Episode: 109/5000 | Episode reward:     7.56 | Episode steps:   46 | Average reward:   -10.82 | Step Count: 5885 | Episode Q0:     0.79
Episode: 110/5000 | Episode reward:    12.92 | Episode steps:   42 | Average reward:    -0.67 | Step Count: 5927 | Episode Q0:     0.79
Episode: 111/5000 | Episode reward:    -6.55 | Episode steps:   72 | Average reward:    -3.50 | Step Count: 5999 | Episode Q0:     0.79
Episode: 112/5000 | Episode reward:     3.01 | Episode steps:   83 | Average reward:    -0.59 | Step Count: 6082 | Episode Q0:     0.79
Episode: 113/5000 | Episode reward:   -10.11 | Episode steps:   69 | Average reward:    -1.62 | Step Count: 6151 | Episode Q0:     0.79
Episode: 114/5000 | Episode reward:    10.99 | Episode steps:   58 | Average reward:    -2.69 | Step Count: 6209 | Episode Q0:     0.79
Episode: 115/5000 | Episode reward:   -28.86 | Episode steps:   47 | Average reward:    -6.93 | Step Count: 6256 | Episode Q0:     0.79
Episode: 116/5000 | Episode reward:    -0.03 | Episode steps:   43 | Average reward:    -8.80 | Step Count: 6299 | Episode Q0:     0.79
Episode: 117/5000 | Episode reward:     0.40 | Episode steps:   28 | Average reward:    -7.05 | Step Count: 6327 | Episode Q0:     0.79
Episode: 118/5000 | Episode reward:    21.03 | Episode steps:   45 | Average reward:     1.04 | Step Count: 6372 | Episode Q0:     0.79
Episode: 119/5000 | Episode reward:    18.96 | Episode steps:   54 | Average reward:     2.18 | Step Count: 6426 | Episode Q0:     0.79
Episode: 120/5000 | Episode reward:    11.62 | Episode steps:   34 | Average reward:     2.05 | Step Count: 6460 | Episode Q0:     0.79
Episode: 121/5000 | Episode reward:    20.07 | Episode steps:   75 | Average reward:     4.71 | Step Count: 6535 | Episode Q0:     0.79
Episode: 122/5000 | Episode reward:    20.70 | Episode steps:   52 | Average reward:     6.48 | Step Count: 6587 | Episode Q0:     0.79
Episode: 123/5000 | Episode reward:   -17.23 | Episode steps:   57 | Average reward:     5.76 | Step Count: 6644 | Episode Q0:     0.79
Episode: 124/5000 | Episode reward:    20.03 | Episode steps:   58 | Average reward:     6.67 | Step Count: 6702 | Episode Q0:     0.79
Episode: 125/5000 | Episode reward:    19.02 | Episode steps:   51 | Average reward:    11.46 | Step Count: 6753 | Episode Q0:     0.79
Episode: 126/5000 | Episode reward:     6.32 | Episode steps:   49 | Average reward:    12.09 | Step Count: 6802 | Episode Q0:     0.79
Episode: 127/5000 | Episode reward:   -62.26 | Episode steps:   38 | Average reward:     5.83 | Step Count: 6840 | Episode Q0:     0.79
Episode: 128/5000 | Episode reward:   -70.21 | Episode steps:   40 | Average reward:    -3.30 | Step Count: 6880 | Episode Q0:     0.79
Episode: 129/5000 | Episode reward:    -7.28 | Episode steps:   44 | Average reward:    -5.92 | Step Count: 6924 | Episode Q0:     0.79
Episode: 130/5000 | Episode reward:    -3.47 | Episode steps:   53 | Average reward:    -7.43 | Step Count: 6977 | Episode Q0:     0.89
Episode: 131/5000 | Episode reward:   -44.76 | Episode steps:   47 | Average reward:   -13.91 | Step Count: 7024 | Episode Q0:     0.89
Episode: 132/5000 | Episode reward:   -31.59 | Episode steps:   49 | Average reward:   -19.14 | Step Count: 7073 | Episode Q0:     0.89
Episode: 133/5000 | Episode reward:    -1.86 | Episode steps:   34 | Average reward:   -17.61 | Step Count: 7107 | Episode Q0:     0.89
Episode: 134/5000 | Episode reward:     0.43 | Episode steps:   63 | Average reward:   -19.57 | Step Count: 7170 | Episode Q0:     0.89
Episode: 135/5000 | Episode reward:     5.87 | Episode steps:   56 | Average reward:   -20.88 | Step Count: 7226 | Episode Q0:     0.89
Episode: 136/5000 | Episode reward:   -32.67 | Episode steps:   31 | Average reward:   -24.78 | Step Count: 7257 | Episode Q0:     0.89
Episode: 137/5000 | Episode reward:    -8.75 | Episode steps:   62 | Average reward:   -19.43 | Step Count: 7319 | Episode Q0:     0.89
Episode: 138/5000 | Episode reward:     5.86 | Episode steps:   35 | Average reward:   -11.82 | Step Count: 7354 | Episode Q0:     0.89
Episode: 139/5000 | Episode reward:   -21.69 | Episode steps:   38 | Average reward:   -13.26 | Step Count: 7392 | Episode Q0:     0.89
Episode: 140/5000 | Episode reward:    10.98 | Episode steps:   64 | Average reward:   -11.82 | Step Count: 7456 | Episode Q0:     0.89
Episode: 141/5000 | Episode reward:   -83.24 | Episode steps:   47 | Average reward:   -15.67 | Step Count: 7503 | Episode Q0:     0.89
Episode: 142/5000 | Episode reward:   -49.91 | Episode steps:   41 | Average reward:   -17.50 | Step Count: 7544 | Episode Q0:     0.89
Episode: 143/5000 | Episode reward:   -24.24 | Episode steps:   54 | Average reward:   -19.74 | Step Count: 7598 | Episode Q0:     0.89
Episode: 144/5000 | Episode reward:   -29.55 | Episode steps:   40 | Average reward:   -22.73 | Step Count: 7638 | Episode Q0:     0.89
Episode: 145/5000 | Episode reward:   -52.67 | Episode steps:   36 | Average reward:   -28.59 | Step Count: 7674 | Episode Q0:     0.89
Episode: 146/5000 | Episode reward:   -20.67 | Episode steps:   31 | Average reward:   -27.39 | Step Count: 7705 | Episode Q0:     0.89
Episode: 147/5000 | Episode reward:   -37.94 | Episode steps:   38 | Average reward:   -30.31 | Step Count: 7743 | Episode Q0:     0.89
Episode: 148/5000 | Episode reward:   -30.04 | Episode steps:   50 | Average reward:   -33.90 | Step Count: 7793 | Episode Q0:     0.89
Episode: 149/5000 | Episode reward:   -17.59 | Episode steps:   54 | Average reward:   -33.49 | Step Count: 7847 | Episode Q0:     0.89
Episode: 150/5000 | Episode reward:    11.55 | Episode steps:   67 | Average reward:   -33.43 | Step Count: 7914 | Episode Q0:     0.89
Episode: 151/5000 | Episode reward:   -11.13 | Episode steps:   54 | Average reward:   -26.22 | Step Count: 7968 | Episode Q0:     0.89
Episode: 152/5000 | Episode reward:   -13.90 | Episode steps:   53 | Average reward:   -22.62 | Step Count: 8021 | Episode Q0:     0.89
Episode: 153/5000 | Episode reward:   -33.70 | Episode steps:   42 | Average reward:   -23.56 | Step Count: 8063 | Episode Q0:     0.89
Episode: 154/5000 | Episode reward:    -9.49 | Episode steps:   45 | Average reward:   -21.56 | Step Count: 8108 | Episode Q0:     0.89
Episode: 155/5000 | Episode reward:   -37.66 | Episode steps:   49 | Average reward:   -20.06 | Step Count: 8157 | Episode Q0:     0.89
Episode: 156/5000 | Episode reward:   -39.49 | Episode steps:   31 | Average reward:   -21.94 | Step Count: 8188 | Episode Q0:     0.89
Episode: 157/5000 | Episode reward:   -16.64 | Episode steps:   55 | Average reward:   -19.81 | Step Count: 8243 | Episode Q0:     0.89
Episode: 158/5000 | Episode reward:     8.09 | Episode steps:   34 | Average reward:   -16.00 | Step Count: 8277 | Episode Q0:     0.89
Episode: 159/5000 | Episode reward:    18.22 | Episode steps:   48 | Average reward:   -12.41 | Step Count: 8325 | Episode Q0:     0.89
Episode: 160/5000 | Episode reward:   -14.37 | Episode steps:   59 | Average reward:   -15.01 | Step Count: 8384 | Episode Q0:     0.89
Episode: 161/5000 | Episode reward:    20.53 | Episode steps:   48 | Average reward:   -11.84 | Step Count: 8432 | Episode Q0:     0.89
Episode: 162/5000 | Episode reward:   -54.48 | Episode steps:   48 | Average reward:   -15.90 | Step Count: 8480 | Episode Q0:     0.89
Episode: 163/5000 | Episode reward:    -1.72 | Episode steps:   42 | Average reward:   -12.70 | Step Count: 8522 | Episode Q0:     0.89
Episode: 164/5000 | Episode reward:     6.30 | Episode steps:   39 | Average reward:   -11.12 | Step Count: 8561 | Episode Q0:     0.89
Episode: 165/5000 | Episode reward:    21.84 | Episode steps:   50 | Average reward:    -5.17 | Step Count: 8611 | Episode Q0:     0.89
Episode: 166/5000 | Episode reward:    -8.46 | Episode steps:   57 | Average reward:    -2.07 | Step Count: 8668 | Episode Q0:     0.89
Episode: 167/5000 | Episode reward:    25.32 | Episode steps:   63 | Average reward:     2.13 | Step Count: 8731 | Episode Q0:     0.89
Episode: 168/5000 | Episode reward:    -1.88 | Episode steps:   43 | Average reward:     1.13 | Step Count: 8774 | Episode Q0:     1.05
Episode: 169/5000 | Episode reward:    -0.96 | Episode steps:   52 | Average reward:    -0.79 | Step Count: 8826 | Episode Q0:     1.05
Episode: 170/5000 | Episode reward:   -34.74 | Episode steps:   48 | Average reward:    -2.82 | Step Count: 8874 | Episode Q0:     1.05
Episode: 171/5000 | Episode reward:   -15.35 | Episode steps:   53 | Average reward:    -6.41 | Step Count: 8927 | Episode Q0:     1.05
Episode: 172/5000 | Episode reward:   -45.69 | Episode steps:   32 | Average reward:    -5.53 | Step Count: 8959 | Episode Q0:     1.05
Episode: 173/5000 | Episode reward:   -41.28 | Episode steps:   39 | Average reward:    -9.49 | Step Count: 8998 | Episode Q0:     1.05
Episode: 174/5000 | Episode reward:    -2.08 | Episode steps:   54 | Average reward:   -10.33 | Step Count: 9052 | Episode Q0:     1.05
Episode: 175/5000 | Episode reward:   -43.26 | Episode steps:   45 | Average reward:   -16.84 | Step Count: 9097 | Episode Q0:     1.05
Episode: 176/5000 | Episode reward:   -16.72 | Episode steps:   45 | Average reward:   -17.66 | Step Count: 9142 | Episode Q0:     1.05
Episode: 177/5000 | Episode reward:    -5.47 | Episode steps:   47 | Average reward:   -20.74 | Step Count: 9189 | Episode Q0:     1.05
Episode: 178/5000 | Episode reward:   -34.40 | Episode steps:   40 | Average reward:   -24.00 | Step Count: 9229 | Episode Q0:     1.05
Episode: 179/5000 | Episode reward:   -29.79 | Episode steps:   46 | Average reward:   -26.88 | Step Count: 9275 | Episode Q0:     1.05
Episode: 180/5000 | Episode reward:     3.77 | Episode steps:   37 | Average reward:   -23.03 | Step Count: 9312 | Episode Q0:     1.05
Episode: 181/5000 | Episode reward:   -22.51 | Episode steps:   53 | Average reward:   -23.74 | Step Count: 9365 | Episode Q0:     1.05
Episode: 182/5000 | Episode reward:   -30.26 | Episode steps:   36 | Average reward:   -22.20 | Step Count: 9401 | Episode Q0:     1.05
Episode: 183/5000 | Episode reward:    26.60 | Episode steps:   68 | Average reward:   -15.41 | Step Count: 9469 | Episode Q0:     1.05
Episode: 184/5000 | Episode reward:    13.84 | Episode steps:   36 | Average reward:   -13.82 | Step Count: 9505 | Episode Q0:     1.05
Episode: 185/5000 | Episode reward:   -27.35 | Episode steps:   47 | Average reward:   -12.23 | Step Count: 9552 | Episode Q0:     1.05
Episode: 186/5000 | Episode reward:   -14.56 | Episode steps:   30 | Average reward:   -12.01 | Step Count: 9582 | Episode Q0:     1.05
Episode: 187/5000 | Episode reward:     7.08 | Episode steps:   37 | Average reward:   -10.76 | Step Count: 9619 | Episode Q0:     1.05
Episode: 188/5000 | Episode reward:   -10.75 | Episode steps:   43 | Average reward:    -8.39 | Step Count: 9662 | Episode Q0:     1.05
Episode: 189/5000 | Episode reward:   -25.88 | Episode steps:   24 | Average reward:    -8.00 | Step Count: 9686 | Episode Q0:     1.05
Episode: 190/5000 | Episode reward:   -12.43 | Episode steps:   61 | Average reward:    -9.62 | Step Count: 9747 | Episode Q0:     1.05
Episode: 191/5000 | Episode reward:    -9.27 | Episode steps:   54 | Average reward:    -8.30 | Step Count: 9801 | Episode Q0:     1.05
Episode: 192/5000 | Episode reward:   -20.15 | Episode steps:   52 | Average reward:    -7.29 | Step Count: 9853 | Episode Q0:     1.05
Episode: 193/5000 | Episode reward:   -16.37 | Episode steps:   28 | Average reward:   -11.58 | Step Count: 9881 | Episode Q0:     1.05
Episode: 194/5000 | Episode reward:   -32.63 | Episode steps:   45 | Average reward:   -16.23 | Step Count: 9926 | Episode Q0:     1.05
Episode: 195/5000 | Episode reward:     1.04 | Episode steps:   43 | Average reward:   -13.39 | Step Count: 9969 | Episode Q0:     1.05
Episode: 196/5000 | Episode reward:   -10.82 | Episode steps:   30 | Average reward:   -13.02 | Step Count: 9999 | Episode Q0:     1.05
Episode: 197/5000 | Episode reward:   -77.26 | Episode steps:   46 | Average reward:   -21.45 | Step Count: 10045 | Episode Q0:     1.05
Episode: 198/5000 | Episode reward:    -2.04 | Episode steps:   62 | Average reward:   -20.58 | Step Count: 10107 | Episode Q0:     1.05
Episode: 199/5000 | Episode reward:     3.67 | Episode steps:   52 | Average reward:   -17.63 | Step Count: 10159 | Episode Q0:     1.05
Episode: 200/5000 | Episode reward:   -32.49 | Episode steps:   41 | Average reward:   -19.63 | Step Count: 10200 | Episode Q0:     1.05
Episode: 201/5000 | Episode reward:    -6.65 | Episode steps:   44 | Average reward:   -19.37 | Step Count: 10244 | Episode Q0:     1.05
Episode: 202/5000 | Episode reward:    -1.20 | Episode steps:   48 | Average reward:   -17.47 | Step Count: 10292 | Episode Q0:     1.05
Episode: 203/5000 | Episode reward:    -2.55 | Episode steps:   44 | Average reward:   -16.09 | Step Count: 10336 | Episode Q0:     1.05
Episode: 204/5000 | Episode reward:   -49.95 | Episode steps:   36 | Average reward:   -17.82 | Step Count: 10372 | Episode Q0:     1.05
Episode: 205/5000 | Episode reward:    23.78 | Episode steps:   43 | Average reward:   -15.55 | Step Count: 10415 | Episode Q0:     1.05
Episode: 206/5000 | Episode reward:   -12.65 | Episode steps:   54 | Average reward:   -15.73 | Step Count: 10469 | Episode Q0:     1.23
Episode: 207/5000 | Episode reward:    16.91 | Episode steps:   43 | Average reward:    -6.32 | Step Count: 10512 | Episode Q0:     1.23
Episode: 208/5000 | Episode reward:   -44.84 | Episode steps:   45 | Average reward:   -10.60 | Step Count: 10557 | Episode Q0:     1.23
Episode: 209/5000 | Episode reward:    20.53 | Episode steps:   55 | Average reward:    -8.91 | Step Count: 10612 | Episode Q0:     1.23
Episode: 210/5000 | Episode reward:   -82.38 | Episode steps:   43 | Average reward:   -13.90 | Step Count: 10655 | Episode Q0:     1.23
Episode: 211/5000 | Episode reward:   -17.19 | Episode steps:   61 | Average reward:   -14.95 | Step Count: 10716 | Episode Q0:     1.23
Episode: 212/5000 | Episode reward:   -27.43 | Episode steps:   49 | Average reward:   -17.58 | Step Count: 10765 | Episode Q0:     1.23
Episode: 213/5000 | Episode reward:   -29.62 | Episode steps:   33 | Average reward:   -20.28 | Step Count: 10798 | Episode Q0:     1.23
Episode: 214/5000 | Episode reward:    15.66 | Episode steps:   44 | Average reward:   -13.72 | Step Count: 10842 | Episode Q0:     1.23
Episode: 215/5000 | Episode reward:   -41.67 | Episode steps:   35 | Average reward:   -20.27 | Step Count: 10877 | Episode Q0:     1.23
Episode: 216/5000 | Episode reward:    -7.63 | Episode steps:   29 | Average reward:   -19.76 | Step Count: 10906 | Episode Q0:     1.23
Episode: 217/5000 | Episode reward:    -2.33 | Episode steps:   40 | Average reward:   -21.69 | Step Count: 10946 | Episode Q0:     1.23
Episode: 218/5000 | Episode reward:   -19.18 | Episode steps:   35 | Average reward:   -19.12 | Step Count: 10981 | Episode Q0:     1.23
Episode: 219/5000 | Episode reward:   -28.64 | Episode steps:   32 | Average reward:   -24.04 | Step Count: 11013 | Episode Q0:     1.23
Episode: 220/5000 | Episode reward:   -26.38 | Episode steps:   51 | Average reward:   -18.44 | Step Count: 11064 | Episode Q0:     1.23
Episode: 221/5000 | Episode reward:   -59.63 | Episode steps:   30 | Average reward:   -22.68 | Step Count: 11094 | Episode Q0:     1.23
Episode: 222/5000 | Episode reward:    -1.72 | Episode steps:   46 | Average reward:   -20.11 | Step Count: 11140 | Episode Q0:     1.23
Episode: 223/5000 | Episode reward:   -15.24 | Episode steps:   49 | Average reward:   -18.68 | Step Count: 11189 | Episode Q0:     1.23
Episode: 224/5000 | Episode reward:     3.12 | Episode steps:   41 | Average reward:   -19.93 | Step Count: 11230 | Episode Q0:     1.23
Episode: 225/5000 | Episode reward:     2.77 | Episode steps:   44 | Average reward:   -15.49 | Step Count: 11274 | Episode Q0:     1.23
Episode: 226/5000 | Episode reward:    13.40 | Episode steps:   38 | Average reward:   -13.38 | Step Count: 11312 | Episode Q0:     1.23
Episode: 227/5000 | Episode reward:   -11.40 | Episode steps:   34 | Average reward:   -14.29 | Step Count: 11346 | Episode Q0:     1.23
Episode: 228/5000 | Episode reward:   -14.01 | Episode steps:   55 | Average reward:   -13.77 | Step Count: 11401 | Episode Q0:     1.23
Episode: 229/5000 | Episode reward:    -7.03 | Episode steps:   29 | Average reward:   -11.61 | Step Count: 11430 | Episode Q0:     1.23
Episode: 230/5000 | Episode reward:     8.56 | Episode steps:   65 | Average reward:    -8.12 | Step Count: 11495 | Episode Q0:     1.23
Episode: 231/5000 | Episode reward:   -20.96 | Episode steps:   55 | Average reward:    -4.25 | Step Count: 11550 | Episode Q0:     1.23
Episode: 232/5000 | Episode reward:   -42.79 | Episode steps:   36 | Average reward:    -8.36 | Step Count: 11586 | Episode Q0:     1.23
Episode: 233/5000 | Episode reward:   -20.59 | Episode steps:   51 | Average reward:    -8.89 | Step Count: 11637 | Episode Q0:     1.23
Episode: 234/5000 | Episode reward:   -61.32 | Episode steps:   49 | Average reward:   -15.34 | Step Count: 11686 | Episode Q0:     1.23
Episode: 235/5000 | Episode reward:     2.50 | Episode steps:   51 | Average reward:   -15.36 | Step Count: 11737 | Episode Q0:     1.23
Episode: 236/5000 | Episode reward:   -29.34 | Episode steps:   31 | Average reward:   -19.64 | Step Count: 11768 | Episode Q0:     1.23
Episode: 237/5000 | Episode reward:   -39.21 | Episode steps:   30 | Average reward:   -22.42 | Step Count: 11798 | Episode Q0:     1.23
Episode: 238/5000 | Episode reward:    -6.65 | Episode steps:   41 | Average reward:   -21.68 | Step Count: 11839 | Episode Q0:     1.23
Episode: 239/5000 | Episode reward:   -22.97 | Episode steps:   59 | Average reward:   -23.28 | Step Count: 11898 | Episode Q0:     1.23
Episode: 240/5000 | Episode reward:     2.58 | Episode steps:   66 | Average reward:   -23.87 | Step Count: 11964 | Episode Q0:     1.23
Episode: 241/5000 | Episode reward:   -23.19 | Episode steps:   23 | Average reward:   -24.10 | Step Count: 11987 | Episode Q0:     1.23
Episode: 242/5000 | Episode reward:     6.94 | Episode steps:   33 | Average reward:   -19.12 | Step Count: 12020 | Episode Q0:     1.23
Episode: 243/5000 | Episode reward:   -40.59 | Episode steps:   48 | Average reward:   -21.13 | Step Count: 12068 | Episode Q0:     1.23
Episode: 244/5000 | Episode reward:    13.67 | Episode steps:   38 | Average reward:   -13.63 | Step Count: 12106 | Episode Q0:     1.45
Episode: 245/5000 | Episode reward:   -23.37 | Episode steps:   53 | Average reward:   -16.21 | Step Count: 12159 | Episode Q0:     1.45
Episode: 246/5000 | Episode reward:   -12.02 | Episode steps:   33 | Average reward:   -14.48 | Step Count: 12192 | Episode Q0:     1.45
Episode: 247/5000 | Episode reward:     9.17 | Episode steps:   42 | Average reward:    -9.64 | Step Count: 12234 | Episode Q0:     1.45
Episode: 248/5000 | Episode reward:     7.66 | Episode steps:   49 | Average reward:    -8.21 | Step Count: 12283 | Episode Q0:     1.45
Episode: 249/5000 | Episode reward:   -38.38 | Episode steps:   47 | Average reward:    -9.75 | Step Count: 12330 | Episode Q0:     1.45
Episode: 250/5000 | Episode reward:   -52.68 | Episode steps:   34 | Average reward:   -15.28 | Step Count: 12364 | Episode Q0:     1.45
Episode: 251/5000 | Episode reward:   -19.74 | Episode steps:   49 | Average reward:   -14.93 | Step Count: 12413 | Episode Q0:     1.45
Episode: 252/5000 | Episode reward:     1.68 | Episode steps:   43 | Average reward:   -15.46 | Step Count: 12456 | Episode Q0:     1.45
Episode: 253/5000 | Episode reward:   -50.36 | Episode steps:   40 | Average reward:   -16.44 | Step Count: 12496 | Episode Q0:     1.45
Episode: 254/5000 | Episode reward:    -8.29 | Episode steps:   50 | Average reward:   -18.63 | Step Count: 12546 | Episode Q0:     1.45
Episode: 255/5000 | Episode reward:    -7.05 | Episode steps:   25 | Average reward:   -17.00 | Step Count: 12571 | Episode Q0:     1.45
Episode: 256/5000 | Episode reward:    -9.83 | Episode steps:   68 | Average reward:   -16.78 | Step Count: 12639 | Episode Q0:     1.45
Episode: 257/5000 | Episode reward:   -11.99 | Episode steps:   49 | Average reward:   -18.90 | Step Count: 12688 | Episode Q0:     1.45
Episode: 258/5000 | Episode reward:   -38.46 | Episode steps:   46 | Average reward:   -23.51 | Step Count: 12734 | Episode Q0:     1.45
Episode: 259/5000 | Episode reward:   -22.85 | Episode steps:   43 | Average reward:   -21.96 | Step Count: 12777 | Episode Q0:     1.45
Episode: 260/5000 | Episode reward:   -17.63 | Episode steps:   52 | Average reward:   -18.45 | Step Count: 12829 | Episode Q0:     1.45
Episode: 261/5000 | Episode reward:   -20.24 | Episode steps:   24 | Average reward:   -18.50 | Step Count: 12853 | Episode Q0:     1.45
Episode: 262/5000 | Episode reward:   -29.50 | Episode steps:   40 | Average reward:   -21.62 | Step Count: 12893 | Episode Q0:     1.45
Episode: 263/5000 | Episode reward:     5.26 | Episode steps:   51 | Average reward:   -16.06 | Step Count: 12944 | Episode Q0:     1.45
Episode: 264/5000 | Episode reward:    10.04 | Episode steps:   32 | Average reward:   -14.22 | Step Count: 12976 | Episode Q0:     1.45
Episode: 265/5000 | Episode reward:    16.26 | Episode steps:   42 | Average reward:   -11.89 | Step Count: 13018 | Episode Q0:     1.45
Episode: 266/5000 | Episode reward:   -21.90 | Episode steps:   43 | Average reward:   -13.10 | Step Count: 13061 | Episode Q0:     1.45
Episode: 267/5000 | Episode reward:   -35.33 | Episode steps:   42 | Average reward:   -15.43 | Step Count: 13103 | Episode Q0:     1.45
Episode: 268/5000 | Episode reward:   -31.18 | Episode steps:   56 | Average reward:   -14.71 | Step Count: 13159 | Episode Q0:     1.45
Episode: 269/5000 | Episode reward:   -11.41 | Episode steps:   54 | Average reward:   -13.56 | Step Count: 13213 | Episode Q0:     1.45
Episode: 270/5000 | Episode reward:   -24.68 | Episode steps:   58 | Average reward:   -14.27 | Step Count: 13271 | Episode Q0:     1.45
Episode: 271/5000 | Episode reward:   -25.67 | Episode steps:   50 | Average reward:   -14.81 | Step Count: 13321 | Episode Q0:     1.45
Episode: 272/5000 | Episode reward:   -12.41 | Episode steps:   46 | Average reward:   -13.10 | Step Count: 13367 | Episode Q0:     1.45
Episode: 273/5000 | Episode reward:     9.77 | Episode steps:   46 | Average reward:   -12.65 | Step Count: 13413 | Episode Q0:     1.45
Episode: 274/5000 | Episode reward:   -27.34 | Episode steps:   48 | Average reward:   -16.39 | Step Count: 13461 | Episode Q0:     1.45
Episode: 275/5000 | Episode reward:   -14.73 | Episode steps:   47 | Average reward:   -19.49 | Step Count: 13508 | Episode Q0:     1.45
Episode: 276/5000 | Episode reward:   -44.54 | Episode steps:   46 | Average reward:   -21.75 | Step Count: 13554 | Episode Q0:     1.45
Episode: 277/5000 | Episode reward:   -10.75 | Episode steps:   47 | Average reward:   -19.29 | Step Count: 13601 | Episode Q0:     1.45
Episode: 278/5000 | Episode reward:   -29.79 | Episode steps:   27 | Average reward:   -19.16 | Step Count: 13628 | Episode Q0:     1.45
Episode: 279/5000 | Episode reward:    -9.13 | Episode steps:   50 | Average reward:   -18.93 | Step Count: 13678 | Episode Q0:     1.45
Episode: 280/5000 | Episode reward:     6.12 | Episode steps:   37 | Average reward:   -15.85 | Step Count: 13715 | Episode Q0:     1.45
Episode: 281/5000 | Episode reward:   -21.81 | Episode steps:   66 | Average reward:   -15.46 | Step Count: 13781 | Episode Q0:     1.45
Episode: 282/5000 | Episode reward:   -30.21 | Episode steps:   51 | Average reward:   -17.24 | Step Count: 13832 | Episode Q0:     1.73
Episode: 283/5000 | Episode reward:   -64.63 | Episode steps:   46 | Average reward:   -24.68 | Step Count: 13878 | Episode Q0:     1.73
Episode: 284/5000 | Episode reward:    -6.95 | Episode steps:   36 | Average reward:   -22.64 | Step Count: 13914 | Episode Q0:     1.73
Episode: 285/5000 | Episode reward:   -18.98 | Episode steps:   48 | Average reward:   -23.07 | Step Count: 13962 | Episode Q0:     1.73
Episode: 286/5000 | Episode reward:   -20.88 | Episode steps:   46 | Average reward:   -20.70 | Step Count: 14008 | Episode Q0:     1.73
Episode: 287/5000 | Episode reward:   -16.73 | Episode steps:   60 | Average reward:   -21.30 | Step Count: 14068 | Episode Q0:     1.73
Episode: 288/5000 | Episode reward:    10.01 | Episode steps:   37 | Average reward:   -17.32 | Step Count: 14105 | Episode Q0:     1.73
Episode: 289/5000 | Episode reward:   -16.87 | Episode steps:   46 | Average reward:   -18.09 | Step Count: 14151 | Episode Q0:     1.73
Episode: 290/5000 | Episode reward:     3.45 | Episode steps:   27 | Average reward:   -18.36 | Step Count: 14178 | Episode Q0:     1.73
Episode: 291/5000 | Episode reward:    -2.83 | Episode steps:   40 | Average reward:   -16.46 | Step Count: 14218 | Episode Q0:     1.73
Episode: 292/5000 | Episode reward:     8.79 | Episode steps:   51 | Average reward:   -12.56 | Step Count: 14269 | Episode Q0:     1.73
Episode: 293/5000 | Episode reward:   -62.65 | Episode steps:   43 | Average reward:   -12.36 | Step Count: 14312 | Episode Q0:     1.73
Episode: 294/5000 | Episode reward:     4.70 | Episode steps:   34 | Average reward:   -11.20 | Step Count: 14346 | Episode Q0:     1.73
Episode: 295/5000 | Episode reward:    15.77 | Episode steps:   60 | Average reward:    -7.72 | Step Count: 14406 | Episode Q0:     1.73
Episode: 296/5000 | Episode reward:     8.04 | Episode steps:   39 | Average reward:    -4.83 | Step Count: 14445 | Episode Q0:     1.73
Episode: 297/5000 | Episode reward:   -13.24 | Episode steps:   50 | Average reward:    -4.48 | Step Count: 14495 | Episode Q0:     1.73
Episode: 298/5000 | Episode reward:   -17.62 | Episode steps:   47 | Average reward:    -7.25 | Step Count: 14542 | Episode Q0:     1.73
Episode: 299/5000 | Episode reward:   -38.22 | Episode steps:   52 | Average reward:    -9.38 | Step Count: 14594 | Episode Q0:     1.73
Episode: 300/5000 | Episode reward:    -8.96 | Episode steps:   42 | Average reward:   -10.62 | Step Count: 14636 | Episode Q0:     1.73
Episode: 301/5000 | Episode reward:     8.17 | Episode steps:   34 | Average reward:    -9.52 | Step Count: 14670 | Episode Q0:     1.73
Episode: 302/5000 | Episode reward:     7.04 | Episode steps:   38 | Average reward:    -9.70 | Step Count: 14708 | Episode Q0:     1.73
Episode: 303/5000 | Episode reward:   -84.35 | Episode steps:   38 | Average reward:   -11.87 | Step Count: 14746 | Episode Q0:     1.73
Episode: 304/5000 | Episode reward:   -75.00 | Episode steps:   44 | Average reward:   -19.84 | Step Count: 14790 | Episode Q0:     1.73
Episode: 305/5000 | Episode reward:    -5.24 | Episode steps:   59 | Average reward:   -21.94 | Step Count: 14849 | Episode Q0:     1.73
Episode: 306/5000 | Episode reward:   -13.19 | Episode steps:   36 | Average reward:   -24.06 | Step Count: 14885 | Episode Q0:     1.73
Episode: 307/5000 | Episode reward:   -23.68 | Episode steps:   23 | Average reward:   -25.11 | Step Count: 14908 | Episode Q0:     1.73
Episode: 308/5000 | Episode reward:   -23.88 | Episode steps:   50 | Average reward:   -25.73 | Step Count: 14958 | Episode Q0:     1.73
Episode: 309/5000 | Episode reward:   -48.58 | Episode steps:   48 | Average reward:   -26.77 | Step Count: 15006 | Episode Q0:     1.73
Episode: 310/5000 | Episode reward:     6.49 | Episode steps:   51 | Average reward:   -25.22 | Step Count: 15057 | Episode Q0:     1.73
Episode: 311/5000 | Episode reward:     6.54 | Episode steps:   45 | Average reward:   -25.39 | Step Count: 15102 | Episode Q0:     1.73
Episode: 312/5000 | Episode reward:     8.19 | Episode steps:   38 | Average reward:   -25.27 | Step Count: 15140 | Episode Q0:     1.73
Episode: 313/5000 | Episode reward:   -17.46 | Episode steps:   55 | Average reward:   -18.58 | Step Count: 15195 | Episode Q0:     1.73
Episode: 314/5000 | Episode reward:   -66.22 | Episode steps:   32 | Average reward:   -17.70 | Step Count: 15227 | Episode Q0:     1.73
Episode: 315/5000 | Episode reward:    -8.84 | Episode steps:   44 | Average reward:   -18.06 | Step Count: 15271 | Episode Q0:     1.73
Episode: 316/5000 | Episode reward:   -15.38 | Episode steps:   31 | Average reward:   -18.28 | Step Count: 15302 | Episode Q0:     1.73
Episode: 317/5000 | Episode reward:   -25.04 | Episode steps:   43 | Average reward:   -18.42 | Step Count: 15345 | Episode Q0:     1.73
Episode: 318/5000 | Episode reward:   -13.58 | Episode steps:   52 | Average reward:   -17.39 | Step Count: 15397 | Episode Q0:     1.73
Episode: 319/5000 | Episode reward:   -18.65 | Episode steps:   38 | Average reward:   -14.40 | Step Count: 15435 | Episode Q0:     1.73
Episode: 320/5000 | Episode reward:   -10.89 | Episode steps:   45 | Average reward:   -16.13 | Step Count: 15480 | Episode Q0:     2.00
Episode: 321/5000 | Episode reward:     8.16 | Episode steps:   55 | Average reward:   -15.97 | Step Count: 15535 | Episode Q0:     2.00
Episode: 322/5000 | Episode reward:   -26.21 | Episode steps:   44 | Average reward:   -19.41 | Step Count: 15579 | Episode Q0:     2.00
Episode: 323/5000 | Episode reward:     3.70 | Episode steps:   31 | Average reward:   -17.30 | Step Count: 15610 | Episode Q0:     2.00
Episode: 324/5000 | Episode reward:   -19.84 | Episode steps:   25 | Average reward:   -12.66 | Step Count: 15635 | Episode Q0:     2.00
Episode: 325/5000 | Episode reward:    16.27 | Episode steps:   38 | Average reward:   -10.15 | Step Count: 15673 | Episode Q0:     2.00
Episode: 326/5000 | Episode reward:   -26.37 | Episode steps:   50 | Average reward:   -11.25 | Step Count: 15723 | Episode Q0:     2.00
Episode: 327/5000 | Episode reward:     0.10 | Episode steps:   38 | Average reward:    -8.73 | Step Count: 15761 | Episode Q0:     2.00
Episode: 328/5000 | Episode reward:   -65.51 | Episode steps:   31 | Average reward:   -13.92 | Step Count: 15792 | Episode Q0:     2.00
Episode: 329/5000 | Episode reward:    -2.55 | Episode steps:   50 | Average reward:   -12.31 | Step Count: 15842 | Episode Q0:     2.00
Episode: 330/5000 | Episode reward:     2.19 | Episode steps:   50 | Average reward:   -11.01 | Step Count: 15892 | Episode Q0:     2.00
Episode: 331/5000 | Episode reward:   -19.64 | Episode steps:   25 | Average reward:   -13.79 | Step Count: 15917 | Episode Q0:     2.00
Episode: 332/5000 | Episode reward:   -27.09 | Episode steps:   29 | Average reward:   -13.88 | Step Count: 15946 | Episode Q0:     2.00
Episode: 333/5000 | Episode reward:   -28.15 | Episode steps:   37 | Average reward:   -17.06 | Step Count: 15983 | Episode Q0:     2.00
Episode: 334/5000 | Episode reward:   -28.30 | Episode steps:   26 | Average reward:   -17.91 | Step Count: 16009 | Episode Q0:     2.00
Episode: 335/5000 | Episode reward:    -6.05 | Episode steps:   33 | Average reward:   -20.14 | Step Count: 16042 | Episode Q0:     2.00
Episode: 336/5000 | Episode reward:    -0.24 | Episode steps:   29 | Average reward:   -17.52 | Step Count: 16071 | Episode Q0:     2.00
Episode: 337/5000 | Episode reward:   -57.63 | Episode steps:   32 | Average reward:   -23.30 | Step Count: 16103 | Episode Q0:     2.00
Episode: 338/5000 | Episode reward:    -4.85 | Episode steps:   43 | Average reward:   -17.23 | Step Count: 16146 | Episode Q0:     2.00
Episode: 339/5000 | Episode reward:   -50.07 | Episode steps:   44 | Average reward:   -21.98 | Step Count: 16190 | Episode Q0:     2.00
Episode: 340/5000 | Episode reward:   -60.07 | Episode steps:   37 | Average reward:   -28.21 | Step Count: 16227 | Episode Q0:     2.00
Episode: 341/5000 | Episode reward:    32.40 | Episode steps:   64 | Average reward:   -23.01 | Step Count: 16291 | Episode Q0:     2.00
Episode: 342/5000 | Episode reward:     7.66 | Episode steps:   44 | Average reward:   -19.53 | Step Count: 16335 | Episode Q0:     2.00
Episode: 343/5000 | Episode reward:   -11.86 | Episode steps:   40 | Average reward:   -17.90 | Step Count: 16375 | Episode Q0:     2.00
Episode: 344/5000 | Episode reward:   -12.29 | Episode steps:   45 | Average reward:   -16.30 | Step Count: 16420 | Episode Q0:     2.00
Episode: 345/5000 | Episode reward:   -29.99 | Episode steps:   52 | Average reward:   -18.69 | Step Count: 16472 | Episode Q0:     2.00
Episode: 346/5000 | Episode reward:   -19.53 | Episode steps:   51 | Average reward:   -20.62 | Step Count: 16523 | Episode Q0:     2.00
Episode: 347/5000 | Episode reward:    -9.97 | Episode steps:   47 | Average reward:   -15.86 | Step Count: 16570 | Episode Q0:     2.00
Episode: 348/5000 | Episode reward:   -16.00 | Episode steps:   56 | Average reward:   -16.97 | Step Count: 16626 | Episode Q0:     2.00
Episode: 349/5000 | Episode reward:    10.47 | Episode steps:   35 | Average reward:   -10.92 | Step Count: 16661 | Episode Q0:     2.00
Episode: 350/5000 | Episode reward:   -54.38 | Episode steps:   46 | Average reward:   -10.35 | Step Count: 16707 | Episode Q0:     2.00
Episode: 351/5000 | Episode reward:   -37.23 | Episode steps:   31 | Average reward:   -17.31 | Step Count: 16738 | Episode Q0:     2.00
Episode: 352/5000 | Episode reward:    -2.38 | Episode steps:   41 | Average reward:   -18.31 | Step Count: 16779 | Episode Q0:     2.00
Episode: 353/5000 | Episode reward:     6.10 | Episode steps:   32 | Average reward:   -16.52 | Step Count: 16811 | Episode Q0:     2.00
Episode: 354/5000 | Episode reward:   -44.09 | Episode steps:   45 | Average reward:   -19.70 | Step Count: 16856 | Episode Q0:     2.00
Episode: 355/5000 | Episode reward:   -15.17 | Episode steps:   76 | Average reward:   -18.22 | Step Count: 16932 | Episode Q0:     2.00
Episode: 356/5000 | Episode reward:     2.92 | Episode steps:   34 | Average reward:   -15.97 | Step Count: 16966 | Episode Q0:     2.00
Episode: 357/5000 | Episode reward:   -13.44 | Episode steps:   62 | Average reward:   -16.32 | Step Count: 17028 | Episode Q0:     2.00
Episode: 358/5000 | Episode reward:     1.48 | Episode steps:   34 | Average reward:   -14.57 | Step Count: 17062 | Episode Q0:     2.00
Episode: 359/5000 | Episode reward:   -13.49 | Episode steps:   53 | Average reward:   -16.97 | Step Count: 17115 | Episode Q0:     2.27
Episode: 360/5000 | Episode reward:   -11.60 | Episode steps:   21 | Average reward:   -12.69 | Step Count: 17136 | Episode Q0:     2.27
Episode: 361/5000 | Episode reward:    10.01 | Episode steps:   32 | Average reward:    -7.97 | Step Count: 17168 | Episode Q0:     2.27
Episode: 362/5000 | Episode reward:    -2.35 | Episode steps:   47 | Average reward:    -7.96 | Step Count: 17215 | Episode Q0:     2.27
Episode: 363/5000 | Episode reward:    -3.92 | Episode steps:   26 | Average reward:    -8.97 | Step Count: 17241 | Episode Q0:     2.27
Episode: 364/5000 | Episode reward:     2.80 | Episode steps:   30 | Average reward:    -4.28 | Step Count: 17271 | Episode Q0:     2.27
Episode: 365/5000 | Episode reward:    12.01 | Episode steps:   49 | Average reward:    -1.56 | Step Count: 17320 | Episode Q0:     2.27
Episode: 366/5000 | Episode reward:   -50.65 | Episode steps:   28 | Average reward:    -6.91 | Step Count: 17348 | Episode Q0:     2.27
Episode: 367/5000 | Episode reward:   -21.22 | Episode steps:   43 | Average reward:    -7.69 | Step Count: 17391 | Episode Q0:     2.27
Episode: 368/5000 | Episode reward:   -31.97 | Episode steps:   49 | Average reward:   -11.04 | Step Count: 17440 | Episode Q0:     2.27
Episode: 369/5000 | Episode reward:   -58.24 | Episode steps:   41 | Average reward:   -15.51 | Step Count: 17481 | Episode Q0:     2.27
Episode: 370/5000 | Episode reward:     4.27 | Episode steps:   28 | Average reward:   -13.92 | Step Count: 17509 | Episode Q0:     2.27
Episode: 371/5000 | Episode reward:   -71.29 | Episode steps:   33 | Average reward:   -22.05 | Step Count: 17542 | Episode Q0:     2.27
Episode: 372/5000 | Episode reward:   -14.99 | Episode steps:   50 | Average reward:   -23.32 | Step Count: 17592 | Episode Q0:     2.27
Episode: 373/5000 | Episode reward:   -83.09 | Episode steps:   43 | Average reward:   -31.24 | Step Count: 17635 | Episode Q0:     2.27
Episode: 374/5000 | Episode reward:     3.89 | Episode steps:   55 | Average reward:   -31.13 | Step Count: 17690 | Episode Q0:     2.27
Episode: 375/5000 | Episode reward:     9.92 | Episode steps:   56 | Average reward:   -31.34 | Step Count: 17746 | Episode Q0:     2.27
Episode: 376/5000 | Episode reward:     8.39 | Episode steps:   30 | Average reward:   -25.43 | Step Count: 17776 | Episode Q0:     2.27
Episode: 377/5000 | Episode reward:   -19.07 | Episode steps:   27 | Average reward:   -25.22 | Step Count: 17803 | Episode Q0:     2.27
Episode: 378/5000 | Episode reward:   -30.43 | Episode steps:   42 | Average reward:   -25.06 | Step Count: 17845 | Episode Q0:     2.27
Episode: 379/5000 | Episode reward:   -50.35 | Episode steps:   32 | Average reward:   -24.27 | Step Count: 17877 | Episode Q0:     2.27
Episode: 380/5000 | Episode reward:     5.42 | Episode steps:   31 | Average reward:   -24.16 | Step Count: 17908 | Episode Q0:     2.27
Episode: 381/5000 | Episode reward:    -6.50 | Episode steps:   31 | Average reward:   -17.68 | Step Count: 17939 | Episode Q0:     2.27
Episode: 382/5000 | Episode reward:   -65.61 | Episode steps:   37 | Average reward:   -22.74 | Step Count: 17976 | Episode Q0:     2.27
Episode: 383/5000 | Episode reward:     3.25 | Episode steps:   30 | Average reward:   -14.11 | Step Count: 18006 | Episode Q0:     2.27
Episode: 384/5000 | Episode reward:    -8.45 | Episode steps:   43 | Average reward:   -15.34 | Step Count: 18049 | Episode Q0:     2.27
Episode: 385/5000 | Episode reward:   -31.87 | Episode steps:   44 | Average reward:   -19.52 | Step Count: 18093 | Episode Q0:     2.27
Episode: 386/5000 | Episode reward:   -64.48 | Episode steps:   30 | Average reward:   -26.81 | Step Count: 18123 | Episode Q0:     2.27
Episode: 387/5000 | Episode reward:    -4.75 | Episode steps:   28 | Average reward:   -25.38 | Step Count: 18151 | Episode Q0:     2.27
Episode: 388/5000 | Episode reward:    -5.58 | Episode steps:   44 | Average reward:   -22.89 | Step Count: 18195 | Episode Q0:     2.27
Episode: 389/5000 | Episode reward:   -23.93 | Episode steps:   40 | Average reward:   -20.25 | Step Count: 18235 | Episode Q0:     2.27
Episode: 390/5000 | Episode reward:   -57.05 | Episode steps:   56 | Average reward:   -26.50 | Step Count: 18291 | Episode Q0:     2.27
Episode: 391/5000 | Episode reward:   -29.09 | Episode steps:   41 | Average reward:   -28.75 | Step Count: 18332 | Episode Q0:     2.27
Episode: 392/5000 | Episode reward:   -46.84 | Episode steps:   51 | Average reward:   -26.88 | Step Count: 18383 | Episode Q0:     2.27
Episode: 393/5000 | Episode reward:    13.09 | Episode steps:   46 | Average reward:   -25.89 | Step Count: 18429 | Episode Q0:     2.27
Episode: 394/5000 | Episode reward:    -5.26 | Episode steps:   48 | Average reward:   -25.57 | Step Count: 18477 | Episode Q0:     2.27
Episode: 395/5000 | Episode reward:   -75.71 | Episode steps:   46 | Average reward:   -29.96 | Step Count: 18523 | Episode Q0:     2.27
Episode: 396/5000 | Episode reward:    -0.71 | Episode steps:   38 | Average reward:   -23.58 | Step Count: 18561 | Episode Q0:     2.27
Episode: 397/5000 | Episode reward:   -39.45 | Episode steps:   29 | Average reward:   -27.05 | Step Count: 18590 | Episode Q0:     2.27
Episode: 398/5000 | Episode reward:   -48.52 | Episode steps:   29 | Average reward:   -31.35 | Step Count: 18619 | Episode Q0:     2.63
Episode: 399/5000 | Episode reward:   -27.39 | Episode steps:   39 | Average reward:   -31.69 | Step Count: 18658 | Episode Q0:     2.63
Episode: 400/5000 | Episode reward:    -4.83 | Episode steps:   26 | Average reward:   -26.47 | Step Count: 18684 | Episode Q0:     2.63
Episode: 401/5000 | Episode reward:   -53.39 | Episode steps:   40 | Average reward:   -28.90 | Step Count: 18724 | Episode Q0:     2.63
Episode: 402/5000 | Episode reward:    -9.74 | Episode steps:   27 | Average reward:   -25.19 | Step Count: 18751 | Episode Q0:     2.63
Episode: 403/5000 | Episode reward:   -51.83 | Episode steps:   46 | Average reward:   -31.68 | Step Count: 18797 | Episode Q0:     2.63
Episode: 404/5000 | Episode reward:   -62.31 | Episode steps:   29 | Average reward:   -37.39 | Step Count: 18826 | Episode Q0:     2.63
Episode: 405/5000 | Episode reward:   -32.75 | Episode steps:   32 | Average reward:   -33.09 | Step Count: 18858 | Episode Q0:     2.63
Episode: 406/5000 | Episode reward:   -49.12 | Episode steps:   34 | Average reward:   -37.93 | Step Count: 18892 | Episode Q0:     2.63
Episode: 407/5000 | Episode reward:    -8.67 | Episode steps:   37 | Average reward:   -34.85 | Step Count: 18929 | Episode Q0:     2.63
Episode: 408/5000 | Episode reward:   -12.77 | Episode steps:   42 | Average reward:   -31.28 | Step Count: 18971 | Episode Q0:     2.63
Episode: 409/5000 | Episode reward:   -56.22 | Episode steps:   28 | Average reward:   -34.16 | Step Count: 18999 | Episode Q0:     2.63
Episode: 410/5000 | Episode reward:     1.22 | Episode steps:   41 | Average reward:   -33.56 | Step Count: 19040 | Episode Q0:     2.63
Episode: 411/5000 | Episode reward:    -6.35 | Episode steps:   37 | Average reward:   -28.85 | Step Count: 19077 | Episode Q0:     2.63
Episode: 412/5000 | Episode reward:   -51.60 | Episode steps:   40 | Average reward:   -33.04 | Step Count: 19117 | Episode Q0:     2.63
Episode: 413/5000 | Episode reward:   -31.76 | Episode steps:   33 | Average reward:   -31.03 | Step Count: 19150 | Episode Q0:     2.63
Episode: 414/5000 | Episode reward:    -7.73 | Episode steps:   50 | Average reward:   -25.57 | Step Count: 19200 | Episode Q0:     2.63
Episode: 415/5000 | Episode reward:     9.12 | Episode steps:   40 | Average reward:   -21.39 | Step Count: 19240 | Episode Q0:     2.63
Episode: 416/5000 | Episode reward:   -13.05 | Episode steps:   32 | Average reward:   -17.78 | Step Count: 19272 | Episode Q0:     2.63
Episode: 417/5000 | Episode reward:   -33.02 | Episode steps:   30 | Average reward:   -20.22 | Step Count: 19302 | Episode Q0:     2.63
Episode: 418/5000 | Episode reward:   -14.96 | Episode steps:   49 | Average reward:   -20.43 | Step Count: 19351 | Episode Q0:     2.63
Episode: 419/5000 | Episode reward:   -15.04 | Episode steps:   47 | Average reward:   -16.32 | Step Count: 19398 | Episode Q0:     2.63
Episode: 420/5000 | Episode reward:   -22.75 | Episode steps:   43 | Average reward:   -18.71 | Step Count: 19441 | Episode Q0:     2.63
Episode: 421/5000 | Episode reward:   -33.04 | Episode steps:   51 | Average reward:   -21.38 | Step Count: 19492 | Episode Q0:     2.63
Episode: 422/5000 | Episode reward:   -24.18 | Episode steps:   57 | Average reward:   -18.64 | Step Count: 19549 | Episode Q0:     2.63
Episode: 423/5000 | Episode reward:     0.85 | Episode steps:   33 | Average reward:   -15.38 | Step Count: 19582 | Episode Q0:     2.63
Episode: 424/5000 | Episode reward:   -49.56 | Episode steps:   39 | Average reward:   -19.56 | Step Count: 19621 | Episode Q0:     2.63
Episode: 425/5000 | Episode reward:   -30.47 | Episode steps:   46 | Average reward:   -23.52 | Step Count: 19667 | Episode Q0:     2.63
Episode: 426/5000 | Episode reward:     0.49 | Episode steps:   27 | Average reward:   -22.17 | Step Count: 19694 | Episode Q0:     2.63
Episode: 427/5000 | Episode reward:    11.60 | Episode steps:   47 | Average reward:   -17.71 | Step Count: 19741 | Episode Q0:     2.63
Episode: 428/5000 | Episode reward:    -1.15 | Episode steps:   42 | Average reward:   -16.32 | Step Count: 19783 | Episode Q0:     2.63
Episode: 429/5000 | Episode reward:   -31.92 | Episode steps:   48 | Average reward:   -18.01 | Step Count: 19831 | Episode Q0:     2.63
Episode: 430/5000 | Episode reward:    -7.07 | Episode steps:   40 | Average reward:   -16.45 | Step Count: 19871 | Episode Q0:     2.63
Episode: 431/5000 | Episode reward:   -11.06 | Episode steps:   51 | Average reward:   -14.25 | Step Count: 19922 | Episode Q0:     2.63
Episode: 432/5000 | Episode reward:     5.01 | Episode steps:   38 | Average reward:   -11.33 | Step Count: 19960 | Episode Q0:     2.63
Episode: 433/5000 | Episode reward:   -15.01 | Episode steps:   39 | Average reward:   -12.91 | Step Count: 19999 | Episode Q0:     2.63
Episode: 434/5000 | Episode reward:   -13.55 | Episode steps:   41 | Average reward:    -9.31 | Step Count: 20040 | Episode Q0:     2.63
Episode: 435/5000 | Episode reward:    -8.04 | Episode steps:   50 | Average reward:    -7.07 | Step Count: 20090 | Episode Q0:     2.63
Episode: 436/5000 | Episode reward:   -36.73 | Episode steps:   29 | Average reward:   -10.79 | Step Count: 20119 | Episode Q0:     2.63
Episode: 437/5000 | Episode reward:     0.13 | Episode steps:   47 | Average reward:   -11.94 | Step Count: 20166 | Episode Q0:     3.01
Episode: 438/5000 | Episode reward:   -30.57 | Episode steps:   29 | Average reward:   -14.88 | Step Count: 20195 | Episode Q0:     3.01
Episode: 439/5000 | Episode reward:   -25.12 | Episode steps:   36 | Average reward:   -14.20 | Step Count: 20231 | Episode Q0:     3.01
Episode: 440/5000 | Episode reward:   -32.09 | Episode steps:   36 | Average reward:   -16.70 | Step Count: 20267 | Episode Q0:     3.01
Episode: 441/5000 | Episode reward:     0.45 | Episode steps:   31 | Average reward:   -15.55 | Step Count: 20298 | Episode Q0:     3.01
Episode: 442/5000 | Episode reward:   -26.58 | Episode steps:   38 | Average reward:   -18.71 | Step Count: 20336 | Episode Q0:     3.01
Episode: 443/5000 | Episode reward:   -32.17 | Episode steps:   47 | Average reward:   -20.43 | Step Count: 20383 | Episode Q0:     3.01
Episode: 444/5000 | Episode reward:   -13.14 | Episode steps:   49 | Average reward:   -20.39 | Step Count: 20432 | Episode Q0:     3.01
Episode: 445/5000 | Episode reward:     0.52 | Episode steps:   29 | Average reward:   -19.53 | Step Count: 20461 | Episode Q0:     3.01
Episode: 446/5000 | Episode reward:   -10.65 | Episode steps:   38 | Average reward:   -16.92 | Step Count: 20499 | Episode Q0:     3.01
Episode: 447/5000 | Episode reward:    17.26 | Episode steps:   59 | Average reward:   -15.21 | Step Count: 20558 | Episode Q0:     3.01
Episode: 448/5000 | Episode reward:   -13.25 | Episode steps:   37 | Average reward:   -13.48 | Step Count: 20595 | Episode Q0:     3.01
Episode: 449/5000 | Episode reward:   -28.96 | Episode steps:   48 | Average reward:   -13.86 | Step Count: 20643 | Episode Q0:     3.01
Episode: 450/5000 | Episode reward:    -9.79 | Episode steps:   29 | Average reward:   -11.63 | Step Count: 20672 | Episode Q0:     3.01
Episode: 451/5000 | Episode reward:    -5.16 | Episode steps:   34 | Average reward:   -12.19 | Step Count: 20706 | Episode Q0:     3.01
Episode: 452/5000 | Episode reward:   -24.22 | Episode steps:   50 | Average reward:   -11.95 | Step Count: 20756 | Episode Q0:     3.01
Episode: 453/5000 | Episode reward:    -8.32 | Episode steps:   50 | Average reward:    -9.57 | Step Count: 20806 | Episode Q0:     3.01
Episode: 454/5000 | Episode reward:    -3.44 | Episode steps:   51 | Average reward:    -8.60 | Step Count: 20857 | Episode Q0:     3.01
Episode: 455/5000 | Episode reward:     1.27 | Episode steps:   39 | Average reward:    -8.53 | Step Count: 20896 | Episode Q0:     3.01
Episode: 456/5000 | Episode reward:   -40.93 | Episode steps:   35 | Average reward:   -11.55 | Step Count: 20931 | Episode Q0:     3.01
Episode: 457/5000 | Episode reward:   -14.49 | Episode steps:   43 | Average reward:   -14.73 | Step Count: 20974 | Episode Q0:     3.01
Episode: 458/5000 | Episode reward:     2.36 | Episode steps:   45 | Average reward:   -13.17 | Step Count: 21019 | Episode Q0:     3.01
Episode: 459/5000 | Episode reward:   -35.05 | Episode steps:   37 | Average reward:   -13.78 | Step Count: 21056 | Episode Q0:     3.01
Episode: 460/5000 | Episode reward:   -16.50 | Episode steps:   44 | Average reward:   -14.45 | Step Count: 21100 | Episode Q0:     3.01
Episode: 461/5000 | Episode reward:   -72.43 | Episode steps:   45 | Average reward:   -21.18 | Step Count: 21145 | Episode Q0:     3.01
Episode: 462/5000 | Episode reward:     6.53 | Episode steps:   39 | Average reward:   -18.10 | Step Count: 21184 | Episode Q0:     3.01
Episode: 463/5000 | Episode reward:   -61.56 | Episode steps:   48 | Average reward:   -23.43 | Step Count: 21232 | Episode Q0:     3.01
Episode: 464/5000 | Episode reward:     0.67 | Episode steps:   50 | Average reward:   -23.01 | Step Count: 21282 | Episode Q0:     3.01
Episode: 465/5000 | Episode reward:     7.13 | Episode steps:   40 | Average reward:   -22.43 | Step Count: 21322 | Episode Q0:     3.01
Episode: 466/5000 | Episode reward:     2.53 | Episode steps:   46 | Average reward:   -18.08 | Step Count: 21368 | Episode Q0:     3.01
Episode: 467/5000 | Episode reward:    11.64 | Episode steps:   43 | Average reward:   -15.47 | Step Count: 21411 | Episode Q0:     3.01
Episode: 468/5000 | Episode reward:     6.66 | Episode steps:   39 | Average reward:   -15.04 | Step Count: 21450 | Episode Q0:     3.01
Episode: 469/5000 | Episode reward:    -4.30 | Episode steps:   40 | Average reward:   -11.96 | Step Count: 21490 | Episode Q0:     3.01
Episode: 470/5000 | Episode reward:    -3.68 | Episode steps:   34 | Average reward:   -10.68 | Step Count: 21524 | Episode Q0:     3.01
Episode: 471/5000 | Episode reward:   -21.24 | Episode steps:   47 | Average reward:    -5.56 | Step Count: 21571 | Episode Q0:     3.01
Episode: 472/5000 | Episode reward:    -8.23 | Episode steps:   38 | Average reward:    -7.04 | Step Count: 21609 | Episode Q0:     3.01
Episode: 473/5000 | Episode reward:   -72.75 | Episode steps:   38 | Average reward:    -8.16 | Step Count: 21647 | Episode Q0:     3.01
Episode: 474/5000 | Episode reward:    25.30 | Episode steps:   60 | Average reward:    -5.69 | Step Count: 21707 | Episode Q0:     3.01
Episode: 475/5000 | Episode reward:   -15.47 | Episode steps:   55 | Average reward:    -7.96 | Step Count: 21762 | Episode Q0:     3.34
Episode: 476/5000 | Episode reward:   -51.49 | Episode steps:   44 | Average reward:   -13.36 | Step Count: 21806 | Episode Q0:     3.34
Episode: 477/5000 | Episode reward:   -17.05 | Episode steps:   50 | Average reward:   -16.23 | Step Count: 21856 | Episode Q0:     3.34
Episode: 478/5000 | Episode reward:     6.28 | Episode steps:   42 | Average reward:   -16.27 | Step Count: 21898 | Episode Q0:     3.34
Episode: 479/5000 | Episode reward:   -16.66 | Episode steps:   37 | Average reward:   -17.50 | Step Count: 21935 | Episode Q0:     3.34
Episode: 480/5000 | Episode reward:   -49.34 | Episode steps:   46 | Average reward:   -22.07 | Step Count: 21981 | Episode Q0:     3.34
Episode: 481/5000 | Episode reward:   -17.83 | Episode steps:   45 | Average reward:   -21.73 | Step Count: 22026 | Episode Q0:     3.34
Episode: 482/5000 | Episode reward:    12.06 | Episode steps:   39 | Average reward:   -19.70 | Step Count: 22065 | Episode Q0:     3.34
Episode: 483/5000 | Episode reward:    -0.69 | Episode steps:   56 | Average reward:   -12.49 | Step Count: 22121 | Episode Q0:     3.34
Episode: 484/5000 | Episode reward:   -65.01 | Episode steps:   31 | Average reward:   -21.52 | Step Count: 22152 | Episode Q0:     3.34
Episode: 485/5000 | Episode reward:   -22.10 | Episode steps:   46 | Average reward:   -22.18 | Step Count: 22198 | Episode Q0:     3.34
Episode: 486/5000 | Episode reward:   -41.54 | Episode steps:   35 | Average reward:   -21.19 | Step Count: 22233 | Episode Q0:     3.34
Episode: 487/5000 | Episode reward:   -69.07 | Episode steps:   50 | Average reward:   -26.39 | Step Count: 22283 | Episode Q0:     3.34
Episode: 488/5000 | Episode reward:    -3.12 | Episode steps:   50 | Average reward:   -27.33 | Step Count: 22333 | Episode Q0:     3.34
Episode: 489/5000 | Episode reward:   -30.32 | Episode steps:   31 | Average reward:   -28.69 | Step Count: 22364 | Episode Q0:     3.34
Episode: 490/5000 | Episode reward:    -4.26 | Episode steps:   29 | Average reward:   -24.19 | Step Count: 22393 | Episode Q0:     3.34
Episode: 491/5000 | Episode reward:   -25.08 | Episode steps:   33 | Average reward:   -24.91 | Step Count: 22426 | Episode Q0:     3.34
Episode: 492/5000 | Episode reward:   -14.10 | Episode steps:   21 | Average reward:   -27.53 | Step Count: 22447 | Episode Q0:     3.34
Episode: 493/5000 | Episode reward:     0.49 | Episode steps:   46 | Average reward:   -27.41 | Step Count: 22493 | Episode Q0:     3.34
Episode: 494/5000 | Episode reward:   -59.54 | Episode steps:   43 | Average reward:   -26.86 | Step Count: 22536 | Episode Q0:     3.34
Episode: 495/5000 | Episode reward:   -87.76 | Episode steps:   37 | Average reward:   -33.43 | Step Count: 22573 | Episode Q0:     3.34
Episode: 496/5000 | Episode reward:   -79.33 | Episode steps:   42 | Average reward:   -37.21 | Step Count: 22615 | Episode Q0:     3.34
Episode: 497/5000 | Episode reward:    -5.70 | Episode steps:   27 | Average reward:   -30.87 | Step Count: 22642 | Episode Q0:     3.34
Episode: 498/5000 | Episode reward:    16.94 | Episode steps:   61 | Average reward:   -28.87 | Step Count: 22703 | Episode Q0:     3.34
Episode: 499/5000 | Episode reward:     7.77 | Episode steps:   36 | Average reward:   -25.06 | Step Count: 22739 | Episode Q0:     3.34
Episode: 500/5000 | Episode reward:     2.96 | Episode steps:   35 | Average reward:   -24.33 | Step Count: 22774 | Episode Q0:     3.34
Episode: 501/5000 | Episode reward:   -28.92 | Episode steps:   44 | Average reward:   -24.72 | Step Count: 22818 | Episode Q0:     3.34
Episode: 502/5000 | Episode reward:   -30.60 | Episode steps:   52 | Average reward:   -26.37 | Step Count: 22870 | Episode Q0:     3.34
Episode: 503/5000 | Episode reward:    -4.53 | Episode steps:   54 | Average reward:   -26.87 | Step Count: 22924 | Episode Q0:     3.34
Episode: 504/5000 | Episode reward:   -20.63 | Episode steps:   50 | Average reward:   -22.98 | Step Count: 22974 | Episode Q0:     3.34
Episode: 505/5000 | Episode reward:   -22.85 | Episode steps:   48 | Average reward:   -16.49 | Step Count: 23022 | Episode Q0:     3.34
Episode: 506/5000 | Episode reward:    -3.35 | Episode steps:   59 | Average reward:    -8.89 | Step Count: 23081 | Episode Q0:     3.34
Episode: 507/5000 | Episode reward:    -1.69 | Episode steps:   42 | Average reward:    -8.49 | Step Count: 23123 | Episode Q0:     3.34
Episode: 508/5000 | Episode reward:   -14.79 | Episode steps:   23 | Average reward:   -11.66 | Step Count: 23146 | Episode Q0:     3.34
Episode: 509/5000 | Episode reward:   -18.03 | Episode steps:   46 | Average reward:   -14.24 | Step Count: 23192 | Episode Q0:     3.34
Episode: 510/5000 | Episode reward:   -12.11 | Episode steps:   22 | Average reward:   -15.75 | Step Count: 23214 | Episode Q0:     3.34
Episode: 511/5000 | Episode reward:   -33.69 | Episode steps:   33 | Average reward:   -16.23 | Step Count: 23247 | Episode Q0:     3.34
Episode: 512/5000 | Episode reward:   -45.35 | Episode steps:   31 | Average reward:   -17.70 | Step Count: 23278 | Episode Q0:     3.34
Episode: 513/5000 | Episode reward:   -26.28 | Episode steps:   49 | Average reward:   -19.88 | Step Count: 23327 | Episode Q0:     3.75
Episode: 514/5000 | Episode reward:    -9.10 | Episode steps:   58 | Average reward:   -18.72 | Step Count: 23385 | Episode Q0:     3.75
Episode: 515/5000 | Episode reward:   -43.91 | Episode steps:   39 | Average reward:   -20.83 | Step Count: 23424 | Episode Q0:     3.75
Episode: 516/5000 | Episode reward:    -6.25 | Episode steps:   38 | Average reward:   -21.12 | Step Count: 23462 | Episode Q0:     3.75
Episode: 517/5000 | Episode reward:   -15.85 | Episode steps:   46 | Average reward:   -22.54 | Step Count: 23508 | Episode Q0:     3.75
Episode: 518/5000 | Episode reward:   -19.58 | Episode steps:   41 | Average reward:   -23.01 | Step Count: 23549 | Episode Q0:     3.75
Episode: 519/5000 | Episode reward:   -17.69 | Episode steps:   51 | Average reward:   -22.98 | Step Count: 23600 | Episode Q0:     3.75
Episode: 520/5000 | Episode reward:    -1.52 | Episode steps:   58 | Average reward:   -21.92 | Step Count: 23658 | Episode Q0:     3.75
Episode: 521/5000 | Episode reward:   -34.48 | Episode steps:   34 | Average reward:   -22.00 | Step Count: 23692 | Episode Q0:     3.75
Episode: 522/5000 | Episode reward:   -18.39 | Episode steps:   35 | Average reward:   -19.31 | Step Count: 23727 | Episode Q0:     3.75
Episode: 523/5000 | Episode reward:   -40.89 | Episode steps:   46 | Average reward:   -20.77 | Step Count: 23773 | Episode Q0:     3.75
Episode: 524/5000 | Episode reward:    -4.10 | Episode steps:   47 | Average reward:   -20.27 | Step Count: 23820 | Episode Q0:     3.75
Episode: 525/5000 | Episode reward:   -19.07 | Episode steps:   53 | Average reward:   -17.78 | Step Count: 23873 | Episode Q0:     3.75
Episode: 526/5000 | Episode reward:   -12.18 | Episode steps:   31 | Average reward:   -18.38 | Step Count: 23904 | Episode Q0:     3.75
Episode: 527/5000 | Episode reward:   -35.58 | Episode steps:   45 | Average reward:   -20.35 | Step Count: 23949 | Episode Q0:     3.75
Episode: 528/5000 | Episode reward:   -24.06 | Episode steps:   42 | Average reward:   -20.80 | Step Count: 23991 | Episode Q0:     3.75
Episode: 529/5000 | Episode reward:   -23.71 | Episode steps:   26 | Average reward:   -21.40 | Step Count: 24017 | Episode Q0:     3.75
Episode: 530/5000 | Episode reward:   -15.25 | Episode steps:   44 | Average reward:   -22.77 | Step Count: 24061 | Episode Q0:     3.75
Episode: 531/5000 | Episode reward:    -4.28 | Episode steps:   32 | Average reward:   -19.75 | Step Count: 24093 | Episode Q0:     3.75
Episode: 532/5000 | Episode reward:   -12.29 | Episode steps:   56 | Average reward:   -19.14 | Step Count: 24149 | Episode Q0:     3.75
Episode: 533/5000 | Episode reward:    10.15 | Episode steps:   35 | Average reward:   -14.04 | Step Count: 24184 | Episode Q0:     3.75
Episode: 534/5000 | Episode reward:   -12.35 | Episode steps:   45 | Average reward:   -14.86 | Step Count: 24229 | Episode Q0:     3.75
Episode: 535/5000 | Episode reward:   -43.83 | Episode steps:   37 | Average reward:   -17.34 | Step Count: 24266 | Episode Q0:     3.75
Episode: 536/5000 | Episode reward:     9.35 | Episode steps:   37 | Average reward:   -15.18 | Step Count: 24303 | Episode Q0:     3.75
Episode: 537/5000 | Episode reward:    -4.46 | Episode steps:   76 | Average reward:   -12.07 | Step Count: 24379 | Episode Q0:     3.75
Episode: 538/5000 | Episode reward:   -18.53 | Episode steps:   47 | Average reward:   -11.52 | Step Count: 24426 | Episode Q0:     3.75
Episode: 539/5000 | Episode reward:     2.62 | Episode steps:   57 | Average reward:    -8.89 | Step Count: 24483 | Episode Q0:     3.75
Episode: 540/5000 | Episode reward:   -17.15 | Episode steps:   44 | Average reward:    -9.08 | Step Count: 24527 | Episode Q0:     3.75
Episode: 541/5000 | Episode reward:   -19.12 | Episode steps:   56 | Average reward:   -10.56 | Step Count: 24583 | Episode Q0:     3.75
Episode: 542/5000 | Episode reward:    -2.87 | Episode steps:   44 | Average reward:    -9.62 | Step Count: 24627 | Episode Q0:     3.75
Episode: 543/5000 | Episode reward:   -17.68 | Episode steps:   44 | Average reward:   -12.40 | Step Count: 24671 | Episode Q0:     3.75
Episode: 544/5000 | Episode reward:     5.78 | Episode steps:   38 | Average reward:   -10.59 | Step Count: 24709 | Episode Q0:     3.75
Episode: 545/5000 | Episode reward:     4.24 | Episode steps:   44 | Average reward:    -5.78 | Step Count: 24753 | Episode Q0:     3.75
Episode: 546/5000 | Episode reward:   -11.18 | Episode steps:   49 | Average reward:    -7.83 | Step Count: 24802 | Episode Q0:     3.75
Episode: 547/5000 | Episode reward:   -12.81 | Episode steps:   44 | Average reward:    -8.67 | Step Count: 24846 | Episode Q0:     3.75
Episode: 548/5000 | Episode reward:   -39.32 | Episode steps:   24 | Average reward:   -10.75 | Step Count: 24870 | Episode Q0:     3.75
Episode: 549/5000 | Episode reward:    -2.93 | Episode steps:   50 | Average reward:   -11.30 | Step Count: 24920 | Episode Q0:     3.75
Episode: 550/5000 | Episode reward:   -71.29 | Episode steps:   45 | Average reward:   -16.72 | Step Count: 24965 | Episode Q0:     3.75
Episode: 551/5000 | Episode reward:   -10.22 | Episode steps:   25 | Average reward:   -15.83 | Step Count: 24990 | Episode Q0:     3.75
Episode: 552/5000 | Episode reward:   -34.50 | Episode steps:   35 | Average reward:   -18.99 | Step Count: 25025 | Episode Q0:     4.16
Episode: 553/5000 | Episode reward:   -13.34 | Episode steps:   52 | Average reward:   -18.56 | Step Count: 25077 | Episode Q0:     4.16
Episode: 554/5000 | Episode reward:   -35.51 | Episode steps:   48 | Average reward:   -22.68 | Step Count: 25125 | Episode Q0:     4.16
Episode: 555/5000 | Episode reward:     8.04 | Episode steps:   38 | Average reward:   -22.30 | Step Count: 25163 | Episode Q0:     4.16
Episode: 556/5000 | Episode reward:     8.79 | Episode steps:   36 | Average reward:   -20.31 | Step Count: 25199 | Episode Q0:     4.16
Episode: 557/5000 | Episode reward:   -37.04 | Episode steps:   36 | Average reward:   -22.73 | Step Count: 25235 | Episode Q0:     4.16
Episode: 558/5000 | Episode reward:   -89.53 | Episode steps:   39 | Average reward:   -27.75 | Step Count: 25274 | Episode Q0:     4.16
Episode: 559/5000 | Episode reward:   -16.25 | Episode steps:   47 | Average reward:   -29.08 | Step Count: 25321 | Episode Q0:     4.16
Episode: 560/5000 | Episode reward:   -20.97 | Episode steps:   52 | Average reward:   -24.05 | Step Count: 25373 | Episode Q0:     4.16
Episode: 561/5000 | Episode reward:    -0.35 | Episode steps:   58 | Average reward:   -23.06 | Step Count: 25431 | Episode Q0:     4.16
Episode: 562/5000 | Episode reward:    -9.16 | Episode steps:   39 | Average reward:   -20.53 | Step Count: 25470 | Episode Q0:     4.16
Episode: 563/5000 | Episode reward:   -43.87 | Episode steps:   33 | Average reward:   -23.58 | Step Count: 25503 | Episode Q0:     4.16
Episode: 564/5000 | Episode reward:     7.58 | Episode steps:   34 | Average reward:   -19.28 | Step Count: 25537 | Episode Q0:     4.16
Episode: 565/5000 | Episode reward:     5.74 | Episode steps:   33 | Average reward:   -19.51 | Step Count: 25570 | Episode Q0:     4.16
Episode: 566/5000 | Episode reward:   -71.59 | Episode steps:   48 | Average reward:   -27.54 | Step Count: 25618 | Episode Q0:     4.16
Episode: 567/5000 | Episode reward:   -25.30 | Episode steps:   42 | Average reward:   -26.37 | Step Count: 25660 | Episode Q0:     4.16
Episode: 568/5000 | Episode reward:   -18.71 | Episode steps:   45 | Average reward:   -19.29 | Step Count: 25705 | Episode Q0:     4.16
Episode: 569/5000 | Episode reward:     8.03 | Episode steps:   40 | Average reward:   -16.86 | Step Count: 25745 | Episode Q0:     4.16
Episode: 570/5000 | Episode reward:   -18.01 | Episode steps:   53 | Average reward:   -16.56 | Step Count: 25798 | Episode Q0:     4.16
Episode: 571/5000 | Episode reward:   -23.40 | Episode steps:   53 | Average reward:   -18.87 | Step Count: 25851 | Episode Q0:     4.16
Episode: 572/5000 | Episode reward:    -4.07 | Episode steps:   25 | Average reward:   -18.36 | Step Count: 25876 | Episode Q0:     4.16
Episode: 573/5000 | Episode reward:    26.72 | Episode steps:   61 | Average reward:   -11.30 | Step Count: 25937 | Episode Q0:     4.16
Episode: 574/5000 | Episode reward:   -25.33 | Episode steps:   46 | Average reward:   -14.59 | Step Count: 25983 | Episode Q0:     4.16
Episode: 575/5000 | Episode reward:   -15.59 | Episode steps:   52 | Average reward:   -16.73 | Step Count: 26035 | Episode Q0:     4.16
Episode: 576/5000 | Episode reward:   -37.81 | Episode steps:   48 | Average reward:   -13.35 | Step Count: 26083 | Episode Q0:     4.16
Episode: 577/5000 | Episode reward:     7.42 | Episode steps:   30 | Average reward:   -10.08 | Step Count: 26113 | Episode Q0:     4.16
Episode: 578/5000 | Episode reward:   -26.45 | Episode steps:   54 | Average reward:   -10.85 | Step Count: 26167 | Episode Q0:     4.16
Episode: 579/5000 | Episode reward:   -26.76 | Episode steps:   36 | Average reward:   -14.33 | Step Count: 26203 | Episode Q0:     4.16
Episode: 580/5000 | Episode reward:    11.90 | Episode steps:   52 | Average reward:   -11.34 | Step Count: 26255 | Episode Q0:     4.16
Episode: 581/5000 | Episode reward:     9.65 | Episode steps:   45 | Average reward:    -8.03 | Step Count: 26300 | Episode Q0:     4.16
Episode: 582/5000 | Episode reward:   -61.21 | Episode steps:   58 | Average reward:   -13.75 | Step Count: 26358 | Episode Q0:     4.16
Episode: 583/5000 | Episode reward:   -21.77 | Episode steps:   52 | Average reward:   -18.59 | Step Count: 26410 | Episode Q0:     4.16
Episode: 584/5000 | Episode reward:   -12.96 | Episode steps:   57 | Average reward:   -17.36 | Step Count: 26467 | Episode Q0:     4.16
Episode: 585/5000 | Episode reward:    18.18 | Episode steps:   41 | Average reward:   -13.98 | Step Count: 26508 | Episode Q0:     4.16
Episode: 586/5000 | Episode reward:    10.02 | Episode steps:   40 | Average reward:    -9.20 | Step Count: 26548 | Episode Q0:     4.16
Episode: 587/5000 | Episode reward:     2.84 | Episode steps:   46 | Average reward:    -9.66 | Step Count: 26594 | Episode Q0:     4.16
Episode: 588/5000 | Episode reward:    -7.65 | Episode steps:   46 | Average reward:    -7.78 | Step Count: 26640 | Episode Q0:     4.16
Episode: 589/5000 | Episode reward:   -22.40 | Episode steps:   53 | Average reward:    -7.34 | Step Count: 26693 | Episode Q0:     4.16
Episode: 590/5000 | Episode reward:   -28.88 | Episode steps:   55 | Average reward:   -11.42 | Step Count: 26748 | Episode Q0:     4.61
Episode: 591/5000 | Episode reward:    -3.36 | Episode steps:   48 | Average reward:   -12.72 | Step Count: 26796 | Episode Q0:     4.61
Episode: 592/5000 | Episode reward:   -13.64 | Episode steps:   46 | Average reward:    -7.96 | Step Count: 26842 | Episode Q0:     4.61
Episode: 593/5000 | Episode reward:   -31.24 | Episode steps:   48 | Average reward:    -8.91 | Step Count: 26890 | Episode Q0:     4.61
Episode: 594/5000 | Episode reward:    12.22 | Episode steps:   35 | Average reward:    -6.39 | Step Count: 26925 | Episode Q0:     4.61
Episode: 595/5000 | Episode reward:   -25.04 | Episode steps:   27 | Average reward:   -10.71 | Step Count: 26952 | Episode Q0:     4.61
Episode: 596/5000 | Episode reward:   -30.25 | Episode steps:   35 | Average reward:   -14.74 | Step Count: 26987 | Episode Q0:     4.61
Episode: 597/5000 | Episode reward:    26.17 | Episode steps:   59 | Average reward:   -12.41 | Step Count: 27046 | Episode Q0:     4.61
Episode: 598/5000 | Episode reward:   -64.48 | Episode steps:   38 | Average reward:   -18.09 | Step Count: 27084 | Episode Q0:     4.61
Episode: 599/5000 | Episode reward:   -23.80 | Episode steps:   63 | Average reward:   -18.23 | Step Count: 27147 | Episode Q0:     4.61
Episode: 600/5000 | Episode reward:   -23.18 | Episode steps:   34 | Average reward:   -17.66 | Step Count: 27181 | Episode Q0:     4.61
Episode: 601/5000 | Episode reward:     8.66 | Episode steps:   69 | Average reward:   -16.46 | Step Count: 27250 | Episode Q0:     4.61
Episode: 602/5000 | Episode reward:   -61.27 | Episode steps:   43 | Average reward:   -21.22 | Step Count: 27293 | Episode Q0:     4.61
Episode: 603/5000 | Episode reward:    29.22 | Episode steps:   64 | Average reward:   -15.17 | Step Count: 27357 | Episode Q0:     4.61
Episode: 604/5000 | Episode reward:     0.28 | Episode steps:   32 | Average reward:   -16.37 | Step Count: 27389 | Episode Q0:     4.61
Episode: 605/5000 | Episode reward:   -21.99 | Episode steps:   55 | Average reward:   -16.06 | Step Count: 27444 | Episode Q0:     4.61
Episode: 606/5000 | Episode reward:   -30.10 | Episode steps:   44 | Average reward:   -16.05 | Step Count: 27488 | Episode Q0:     4.61
Episode: 607/5000 | Episode reward:    16.40 | Episode steps:   45 | Average reward:   -17.03 | Step Count: 27533 | Episode Q0:     4.61
Episode: 608/5000 | Episode reward:   -13.49 | Episode steps:   28 | Average reward:   -11.93 | Step Count: 27561 | Episode Q0:     4.61
Episode: 609/5000 | Episode reward:    14.16 | Episode steps:   84 | Average reward:    -8.13 | Step Count: 27645 | Episode Q0:     4.61
Episode: 610/5000 | Episode reward:     0.45 | Episode steps:   49 | Average reward:    -5.77 | Step Count: 27694 | Episode Q0:     4.61
Episode: 611/5000 | Episode reward:     7.98 | Episode steps:   43 | Average reward:    -5.84 | Step Count: 27737 | Episode Q0:     4.61
Episode: 612/5000 | Episode reward:    29.60 | Episode steps:   58 | Average reward:     3.25 | Step Count: 27795 | Episode Q0:     4.61
Episode: 613/5000 | Episode reward:     7.80 | Episode steps:   41 | Average reward:     1.11 | Step Count: 27836 | Episode Q0:     4.61
Episode: 614/5000 | Episode reward:     9.23 | Episode steps:   39 | Average reward:     2.00 | Step Count: 27875 | Episode Q0:     4.61
Episode: 615/5000 | Episode reward:     6.09 | Episode steps:   49 | Average reward:     4.81 | Step Count: 27924 | Episode Q0:     4.61
Episode: 616/5000 | Episode reward:   -20.26 | Episode steps:   46 | Average reward:     5.80 | Step Count: 27970 | Episode Q0:     4.61
Episode: 617/5000 | Episode reward:   -15.55 | Episode steps:   64 | Average reward:     2.60 | Step Count: 28034 | Episode Q0:     4.61
Episode: 618/5000 | Episode reward:   -26.51 | Episode steps:   33 | Average reward:     1.30 | Step Count: 28067 | Episode Q0:     4.61
Episode: 619/5000 | Episode reward:     3.32 | Episode steps:   29 | Average reward:     0.22 | Step Count: 28096 | Episode Q0:     4.61
Episode: 620/5000 | Episode reward:   -45.54 | Episode steps:   45 | Average reward:    -4.38 | Step Count: 28141 | Episode Q0:     4.61
Episode: 621/5000 | Episode reward:    16.17 | Episode steps:   58 | Average reward:    -3.56 | Step Count: 28199 | Episode Q0:     4.61
Episode: 622/5000 | Episode reward:   -83.74 | Episode steps:   41 | Average reward:   -14.90 | Step Count: 28240 | Episode Q0:     4.61
Episode: 623/5000 | Episode reward:   -46.41 | Episode steps:   49 | Average reward:   -20.32 | Step Count: 28289 | Episode Q0:     4.61
Episode: 624/5000 | Episode reward:    22.16 | Episode steps:   83 | Average reward:   -19.03 | Step Count: 28372 | Episode Q0:     4.61
Episode: 625/5000 | Episode reward:    25.40 | Episode steps:   73 | Average reward:   -17.10 | Step Count: 28445 | Episode Q0:     4.61
Episode: 626/5000 | Episode reward:    -9.63 | Episode steps:   31 | Average reward:   -16.03 | Step Count: 28476 | Episode Q0:     4.61
Episode: 627/5000 | Episode reward:   -12.47 | Episode steps:   44 | Average reward:   -15.72 | Step Count: 28520 | Episode Q0:     4.61
Episode: 628/5000 | Episode reward:    -0.87 | Episode steps:   47 | Average reward:   -13.16 | Step Count: 28567 | Episode Q0:     4.92
Episode: 629/5000 | Episode reward:    18.94 | Episode steps:   61 | Average reward:   -11.60 | Step Count: 28628 | Episode Q0:     4.92
Episode: 630/5000 | Episode reward:   -78.71 | Episode steps:   44 | Average reward:   -14.92 | Step Count: 28672 | Episode Q0:     4.92
Episode: 631/5000 | Episode reward:     6.04 | Episode steps:   37 | Average reward:   -15.93 | Step Count: 28709 | Episode Q0:     4.92
Episode: 632/5000 | Episode reward:    15.46 | Episode steps:   58 | Average reward:    -6.01 | Step Count: 28767 | Episode Q0:     4.92
Episode: 633/5000 | Episode reward:    23.62 | Episode steps:   55 | Average reward:     0.99 | Step Count: 28822 | Episode Q0:     4.92
Episode: 634/5000 | Episode reward:     1.12 | Episode steps:   73 | Average reward:    -1.11 | Step Count: 28895 | Episode Q0:     4.92
Episode: 635/5000 | Episode reward:    46.03 | Episode steps:  191 | Average reward:     0.95 | Step Count: 29086 | Episode Q0:     4.92
Episode: 636/5000 | Episode reward:   184.84 | Episode steps:  528 | Average reward:    20.40 | Step Count: 29614 | Episode Q0:     4.92
Episode: 637/5000 | Episode reward:    91.06 | Episode steps:  130 | Average reward:    30.75 | Step Count: 29744 | Episode Q0:     4.92
Episode: 638/5000 | Episode reward:    34.77 | Episode steps:  146 | Average reward:    34.32 | Step Count: 29890 | Episode Q0:     4.92
Episode: 639/5000 | Episode reward:    49.44 | Episode steps:  104 | Average reward:    37.37 | Step Count: 29994 | Episode Q0:     4.92
Episode: 640/5000 | Episode reward:    73.23 | Episode steps:  204 | Average reward:    52.56 | Step Count: 30198 | Episode Q0:     4.92
Episode: 641/5000 | Episode reward:    12.04 | Episode steps:  122 | Average reward:    53.16 | Step Count: 30320 | Episode Q0:     4.92
Episode: 642/5000 | Episode reward:    34.51 | Episode steps:   57 | Average reward:    55.07 | Step Count: 30377 | Episode Q0:     4.92
Episode: 643/5000 | Episode reward:   -19.80 | Episode steps:   76 | Average reward:    50.72 | Step Count: 30453 | Episode Q0:     4.92
Episode: 644/5000 | Episode reward:   -40.92 | Episode steps:  250 | Average reward:    46.52 | Step Count: 30703 | Episode Q0:     4.92
Episode: 645/5000 | Episode reward:    35.60 | Episode steps:   99 | Average reward:    45.48 | Step Count: 30802 | Episode Q0:     4.92
Episode: 646/5000 | Episode reward:    71.99 | Episode steps:  224 | Average reward:    34.19 | Step Count: 31026 | Episode Q0:     4.92
Episode: 647/5000 | Episode reward:     5.99 | Episode steps:   60 | Average reward:    25.69 | Step Count: 31086 | Episode Q0:     4.92
Episode: 648/5000 | Episode reward:    50.76 | Episode steps:  190 | Average reward:    27.28 | Step Count: 31276 | Episode Q0:     4.92
Episode: 649/5000 | Episode reward:    38.56 | Episode steps:  158 | Average reward:    26.20 | Step Count: 31434 | Episode Q0:     4.92
Episode: 650/5000 | Episode reward:    52.98 | Episode steps:  147 | Average reward:    24.17 | Step Count: 31581 | Episode Q0:     4.92
Episode: 651/5000 | Episode reward:    39.11 | Episode steps:  193 | Average reward:    26.88 | Step Count: 31774 | Episode Q0:     4.92
Episode: 652/5000 | Episode reward:    30.25 | Episode steps:  137 | Average reward:    26.45 | Step Count: 31911 | Episode Q0:     4.92
Episode: 653/5000 | Episode reward:    41.69 | Episode steps:  119 | Average reward:    32.60 | Step Count: 32030 | Episode Q0:     4.92
Episode: 654/5000 | Episode reward:    36.46 | Episode steps:  153 | Average reward:    40.34 | Step Count: 32183 | Episode Q0:     4.92
Episode: 655/5000 | Episode reward:    20.86 | Episode steps:  115 | Average reward:    38.86 | Step Count: 32298 | Episode Q0:     4.92
Episode: 656/5000 | Episode reward:   116.51 | Episode steps:  269 | Average reward:    43.32 | Step Count: 32567 | Episode Q0:     4.92
Episode: 657/5000 | Episode reward:    88.65 | Episode steps:  247 | Average reward:    51.58 | Step Count: 32814 | Episode Q0:     4.92
Episode: 658/5000 | Episode reward:    22.00 | Episode steps:  125 | Average reward:    48.71 | Step Count: 32939 | Episode Q0:     4.92
Episode: 659/5000 | Episode reward:    15.44 | Episode steps:   45 | Average reward:    46.39 | Step Count: 32984 | Episode Q0:     4.92
Episode: 660/5000 | Episode reward:    29.21 | Episode steps:  166 | Average reward:    44.02 | Step Count: 33150 | Episode Q0:     4.92
Episode: 661/5000 | Episode reward:    34.24 | Episode steps:  252 | Average reward:    43.53 | Step Count: 33402 | Episode Q0:     4.92
Episode: 662/5000 | Episode reward:    42.40 | Episode steps:  147 | Average reward:    44.75 | Step Count: 33549 | Episode Q0:     4.92
Episode: 663/5000 | Episode reward:   -24.55 | Episode steps:   87 | Average reward:    38.12 | Step Count: 33636 | Episode Q0:     5.32
Episode: 664/5000 | Episode reward:    45.68 | Episode steps:  160 | Average reward:    39.05 | Step Count: 33796 | Episode Q0:     5.32
Episode: 665/5000 | Episode reward:    21.50 | Episode steps:  136 | Average reward:    39.11 | Step Count: 33932 | Episode Q0:     5.32
Episode: 666/5000 | Episode reward:    13.69 | Episode steps:   86 | Average reward:    28.83 | Step Count: 34018 | Episode Q0:     5.32
Episode: 667/5000 | Episode reward:    60.17 | Episode steps:  194 | Average reward:    25.98 | Step Count: 34212 | Episode Q0:     5.32
Episode: 668/5000 | Episode reward:     9.99 | Episode steps:   71 | Average reward:    24.78 | Step Count: 34283 | Episode Q0:     5.32
Episode: 669/5000 | Episode reward:    32.29 | Episode steps:  124 | Average reward:    26.46 | Step Count: 34407 | Episode Q0:     5.32
Episode: 670/5000 | Episode reward:   -10.01 | Episode steps:   65 | Average reward:    22.54 | Step Count: 34472 | Episode Q0:     5.32
Episode: 671/5000 | Episode reward:    29.99 | Episode steps:  140 | Average reward:    22.11 | Step Count: 34612 | Episode Q0:     5.32
Episode: 672/5000 | Episode reward:   156.27 | Episode steps:  658 | Average reward:    33.50 | Step Count: 35270 | Episode Q0:     5.32
Episode: 673/5000 | Episode reward:    31.50 | Episode steps:  301 | Average reward:    39.11 | Step Count: 35571 | Episode Q0:     5.32
Episode: 674/5000 | Episode reward:   216.82 | Episode steps:  544 | Average reward:    56.22 | Step Count: 36115 | Episode Q0:     5.32
Episode: 675/5000 | Episode reward:   204.41 | Episode steps:  506 | Average reward:    74.51 | Step Count: 36621 | Episode Q0:     5.32
Episode: 676/5000 | Episode reward:   109.94 | Episode steps:  508 | Average reward:    84.13 | Step Count: 37129 | Episode Q0:     5.32
Episode: 677/5000 | Episode reward:    46.80 | Episode steps:  184 | Average reward:    82.80 | Step Count: 37313 | Episode Q0:     5.32
Episode: 678/5000 | Episode reward:    10.93 | Episode steps:   53 | Average reward:    82.89 | Step Count: 37366 | Episode Q0:     5.32
Episode: 679/5000 | Episode reward:    77.81 | Episode steps:  105 | Average reward:    87.44 | Step Count: 37471 | Episode Q0:     5.32
Episode: 680/5000 | Episode reward:    43.23 | Episode steps:  199 | Average reward:    92.77 | Step Count: 37670 | Episode Q0:     5.32
Episode: 681/5000 | Episode reward:    42.87 | Episode steps:  169 | Average reward:    94.06 | Step Count: 37839 | Episode Q0:     5.32
Episode: 682/5000 | Episode reward:   130.56 | Episode steps:  318 | Average reward:    91.49 | Step Count: 38157 | Episode Q0:     5.32
Episode: 683/5000 | Episode reward:   160.60 | Episode steps:  380 | Average reward:   104.40 | Step Count: 38537 | Episode Q0:     5.32
Episode: 684/5000 | Episode reward:    46.82 | Episode steps:  135 | Average reward:    87.40 | Step Count: 38672 | Episode Q0:     5.32
Episode: 685/5000 | Episode reward:   143.60 | Episode steps:  366 | Average reward:    81.32 | Step Count: 39038 | Episode Q0:     5.32
Episode: 686/5000 | Episode reward:    68.94 | Episode steps:  124 | Average reward:    77.22 | Step Count: 39162 | Episode Q0:     5.32
Episode: 687/5000 | Episode reward:    68.52 | Episode steps:  197 | Average reward:    79.39 | Step Count: 39359 | Episode Q0:     5.32
Episode: 688/5000 | Episode reward:   173.42 | Episode steps:  524 | Average reward:    95.64 | Step Count: 39883 | Episode Q0:     5.32
Episode: 689/5000 | Episode reward:    59.26 | Episode steps:  168 | Average reward:    93.78 | Step Count: 40051 | Episode Q0:     5.32
Episode: 690/5000 | Episode reward:    70.90 | Episode steps:  243 | Average reward:    96.55 | Step Count: 40294 | Episode Q0:     5.32
Episode: 691/5000 | Episode reward:    75.79 | Episode steps:  269 | Average reward:    99.84 | Step Count: 40563 | Episode Q0:     5.32
Episode: 692/5000 | Episode reward:    84.75 | Episode steps:  126 | Average reward:    95.26 | Step Count: 40689 | Episode Q0:     5.32
Episode: 693/5000 | Episode reward:    48.02 | Episode steps:  178 | Average reward:    84.00 | Step Count: 40867 | Episode Q0:     5.32
Episode: 694/5000 | Episode reward:   178.93 | Episode steps:  392 | Average reward:    97.21 | Step Count: 41259 | Episode Q0:     6.05
Episode: 695/5000 | Episode reward:    43.04 | Episode steps:  195 | Average reward:    87.16 | Step Count: 41454 | Episode Q0:     6.05
Episode: 696/5000 | Episode reward:    37.45 | Episode steps:  119 | Average reward:    84.01 | Step Count: 41573 | Episode Q0:     6.05
Episode: 697/5000 | Episode reward:    29.20 | Episode steps:   64 | Average reward:    80.08 | Step Count: 41637 | Episode Q0:     6.05
Episode: 698/5000 | Episode reward:   108.21 | Episode steps:  352 | Average reward:    73.56 | Step Count: 41989 | Episode Q0:     6.05
Episode: 699/5000 | Episode reward:   150.65 | Episode steps:  555 | Average reward:    82.69 | Step Count: 42544 | Episode Q0:     6.05
Episode: 700/5000 | Episode reward:    86.59 | Episode steps:  237 | Average reward:    84.26 | Step Count: 42781 | Episode Q0:     6.05
Episode: 701/5000 | Episode reward:    55.75 | Episode steps:  231 | Average reward:    82.26 | Step Count: 43012 | Episode Q0:     6.05
Episode: 702/5000 | Episode reward:    62.03 | Episode steps:  205 | Average reward:    79.99 | Step Count: 43217 | Episode Q0:     6.05
Episode: 703/5000 | Episode reward:   164.85 | Episode steps:  360 | Average reward:    91.67 | Step Count: 43577 | Episode Q0:     6.05
Episode: 704/5000 | Episode reward:    61.27 | Episode steps:  206 | Average reward:    79.90 | Step Count: 43783 | Episode Q0:     6.05
Episode: 705/5000 | Episode reward:    36.42 | Episode steps:   64 | Average reward:    79.24 | Step Count: 43847 | Episode Q0:     6.05
Episode: 706/5000 | Episode reward:   127.48 | Episode steps:  312 | Average reward:    88.24 | Step Count: 44159 | Episode Q0:     6.05
Episode: 707/5000 | Episode reward:    66.35 | Episode steps:  209 | Average reward:    91.96 | Step Count: 44368 | Episode Q0:     6.05
Episode: 708/5000 | Episode reward:   145.42 | Episode steps:  992 | Average reward:    95.68 | Step Count: 45360 | Episode Q0:     6.05
Episode: 709/5000 | Episode reward:   101.06 | Episode steps:  611 | Average reward:    90.72 | Step Count: 45971 | Episode Q0:     6.05
Episode: 710/5000 | Episode reward:    93.59 | Episode steps:  167 | Average reward:    91.42 | Step Count: 46138 | Episode Q0:     6.05
Episode: 711/5000 | Episode reward:   227.71 | Episode steps: 1080 | Average reward:   108.62 | Step Count: 47218 | Episode Q0:     6.05
Episode: 712/5000 | Episode reward:    38.97 | Episode steps:  123 | Average reward:   106.31 | Step Count: 47341 | Episode Q0:     6.05
Episode: 713/5000 | Episode reward:    53.74 | Episode steps:  176 | Average reward:    95.20 | Step Count: 47517 | Episode Q0:     6.05
Episode: 714/5000 | Episode reward:    47.49 | Episode steps:   98 | Average reward:    93.82 | Step Count: 47615 | Episode Q0:     6.05
Episode: 715/5000 | Episode reward:    60.23 | Episode steps:  121 | Average reward:    96.20 | Step Count: 47736 | Episode Q0:     6.05
Episode: 716/5000 | Episode reward:    74.06 | Episode steps:  281 | Average reward:    90.86 | Step Count: 48017 | Episode Q0:     6.05
Episode: 717/5000 | Episode reward:    81.58 | Episode steps:  230 | Average reward:    92.38 | Step Count: 48247 | Episode Q0:     6.05
Episode: 718/5000 | Episode reward:    79.80 | Episode steps:  170 | Average reward:    85.82 | Step Count: 48417 | Episode Q0:     6.05
Episode: 719/5000 | Episode reward:   162.88 | Episode steps: 1099 | Average reward:    92.00 | Step Count: 49516 | Episode Q0:     6.05
Episode: 720/5000 | Episode reward:    49.75 | Episode steps:  128 | Average reward:    87.62 | Step Count: 49644 | Episode Q0:     6.05
Episode: 721/5000 | Episode reward:    89.02 | Episode steps:  148 | Average reward:    73.75 | Step Count: 49792 | Episode Q0:     6.05
Episode: 722/5000 | Episode reward:    98.06 | Episode steps:  681 | Average reward:    79.66 | Step Count: 50473 | Episode Q0:     6.05
Episode: 723/5000 | Episode reward:    35.61 | Episode steps:  219 | Average reward:    77.85 | Step Count: 50692 | Episode Q0:     6.29
Episode: 724/5000 | Episode reward:    75.00 | Episode steps:  133 | Average reward:    80.60 | Step Count: 50825 | Episode Q0:     6.29
Episode: 725/5000 | Episode reward:   120.27 | Episode steps:  166 | Average reward:    86.60 | Step Count: 50991 | Episode Q0:     6.29
Episode: 726/5000 | Episode reward:    31.49 | Episode steps:   90 | Average reward:    82.35 | Step Count: 51081 | Episode Q0:     6.29
Episode: 727/5000 | Episode reward:    79.17 | Episode steps:  243 | Average reward:    82.11 | Step Count: 51324 | Episode Q0:     6.29
Episode: 728/5000 | Episode reward:   123.67 | Episode steps:  439 | Average reward:    86.49 | Step Count: 51763 | Episode Q0:     6.29
Episode: 729/5000 | Episode reward:    76.57 | Episode steps:  122 | Average reward:    77.86 | Step Count: 51885 | Episode Q0:     6.29
Episode: 730/5000 | Episode reward:    77.92 | Episode steps:  673 | Average reward:    80.68 | Step Count: 52558 | Episode Q0:     6.29
Episode: 731/5000 | Episode reward:   148.23 | Episode steps:  550 | Average reward:    86.60 | Step Count: 53108 | Episode Q0:     6.29
Episode: 732/5000 | Episode reward:    62.13 | Episode steps:  131 | Average reward:    83.01 | Step Count: 53239 | Episode Q0:     6.29
Episode: 733/5000 | Episode reward:   242.01 | Episode steps:  912 | Average reward:   103.65 | Step Count: 54151 | Episode Q0:     6.29
Episode: 734/5000 | Episode reward:   505.62 | Episode steps: 2106 | Average reward:   146.71 | Step Count: 56257 | Episode Q0:     6.29
Episode: 735/5000 | Episode reward:    45.54 | Episode steps:  116 | Average reward:   139.24 | Step Count: 56373 | Episode Q0:     6.29
Episode: 736/5000 | Episode reward:    94.39 | Episode steps:  148 | Average reward:   145.52 | Step Count: 56521 | Episode Q0:     6.29
Episode: 737/5000 | Episode reward:   149.89 | Episode steps:  786 | Average reward:   152.60 | Step Count: 57307 | Episode Q0:     6.29
Episode: 738/5000 | Episode reward:   189.21 | Episode steps:  449 | Average reward:   159.15 | Step Count: 57756 | Episode Q0:     6.29
Episode: 739/5000 | Episode reward:    58.25 | Episode steps:  607 | Average reward:   157.32 | Step Count: 58363 | Episode Q0:     6.29
Episode: 740/5000 | Episode reward:    49.52 | Episode steps:  169 | Average reward:   154.48 | Step Count: 58532 | Episode Q0:     6.29
Episode: 741/5000 | Episode reward:    54.66 | Episode steps:  226 | Average reward:   145.12 | Step Count: 58758 | Episode Q0:     6.29
Episode: 742/5000 | Episode reward:    21.38 | Episode steps:  125 | Average reward:   141.05 | Step Count: 58883 | Episode Q0:     6.29
Episode: 743/5000 | Episode reward:    83.91 | Episode steps:  136 | Average reward:   125.24 | Step Count: 59019 | Episode Q0:     6.29
Episode: 744/5000 | Episode reward:   245.67 | Episode steps:  756 | Average reward:    99.24 | Step Count: 59775 | Episode Q0:     6.29
Episode: 745/5000 | Episode reward:    22.77 | Episode steps:  105 | Average reward:    96.97 | Step Count: 59880 | Episode Q0:     6.29
Episode: 746/5000 | Episode reward:   132.62 | Episode steps:  674 | Average reward:   100.79 | Step Count: 60554 | Episode Q0:     6.29
Episode: 747/5000 | Episode reward:   114.33 | Episode steps: 2500 | Average reward:    97.23 | Step Count: 63054 | Episode Q0:     6.78
Episode: 748/5000 | Episode reward:    91.94 | Episode steps: 2500 | Average reward:    87.50 | Step Count: 65554 | Episode Q0:     6.78
Episode: 749/5000 | Episode reward:   174.29 | Episode steps: 2500 | Average reward:    99.11 | Step Count: 68054 | Episode Q0:     6.78
Episode: 750/5000 | Episode reward:   193.09 | Episode steps: 2500 | Average reward:   113.47 | Step Count: 70554 | Episode Q0:     6.78
Episode: 751/5000 | Episode reward:   155.13 | Episode steps: 2500 | Average reward:   123.51 | Step Count: 73054 | Episode Q0:     6.78
Episode: 752/5000 | Episode reward:   190.62 | Episode steps: 2500 | Average reward:   140.44 | Step Count: 75554 | Episode Q0:     6.78
Episode: 753/5000 | Episode reward:   195.40 | Episode steps:  465 | Average reward:   151.59 | Step Count: 76019 | Episode Q0:     6.78
Episode: 754/5000 | Episode reward:   245.51 | Episode steps:  746 | Average reward:   151.57 | Step Count: 76765 | Episode Q0:     6.78
Episode: 755/5000 | Episode reward:   163.69 | Episode steps:  222 | Average reward:   165.66 | Step Count: 76987 | Episode Q0:     6.78
Episode: 756/5000 | Episode reward:    78.46 | Episode steps:  165 | Average reward:   160.25 | Step Count: 77152 | Episode Q0:     6.78
Episode: 757/5000 | Episode reward:   165.59 | Episode steps:  756 | Average reward:   165.37 | Step Count: 77908 | Episode Q0:     6.78
Episode: 758/5000 | Episode reward:    43.50 | Episode steps:  115 | Average reward:   160.53 | Step Count: 78023 | Episode Q0:     6.78
Episode: 759/5000 | Episode reward:   253.72 | Episode steps: 2500 | Average reward:   168.47 | Step Count: 80523 | Episode Q0:     6.78
Episode: 760/5000 | Episode reward:   185.62 | Episode steps:  743 | Average reward:   167.72 | Step Count: 81266 | Episode Q0:     6.78
Episode: 761/5000 | Episode reward:    68.33 | Episode steps:  268 | Average reward:   159.04 | Step Count: 81534 | Episode Q0:     6.78
Episode: 762/5000 | Episode reward:   106.24 | Episode steps: 1733 | Average reward:   150.61 | Step Count: 83267 | Episode Q0:     6.78
Episode: 763/5000 | Episode reward:    76.33 | Episode steps:  219 | Average reward:   138.70 | Step Count: 83486 | Episode Q0:     6.78
Episode: 764/5000 | Episode reward:    99.89 | Episode steps: 2500 | Average reward:   124.14 | Step Count: 85986 | Episode Q0:     6.78
Episode: 765/5000 | Episode reward:    90.31 | Episode steps:  234 | Average reward:   116.80 | Step Count: 86220 | Episode Q0:     6.78
Episode: 766/5000 | Episode reward:    29.30 | Episode steps:  134 | Average reward:   111.88 | Step Count: 86354 | Episode Q0:     6.78
Episode: 767/5000 | Episode reward:    66.14 | Episode steps:  150 | Average reward:   101.94 | Step Count: 86504 | Episode Q0:     6.78
Episode: 768/5000 | Episode reward:    77.09 | Episode steps:  139 | Average reward:   105.30 | Step Count: 86643 | Episode Q0:     6.78
Episode: 769/5000 | Episode reward:    57.93 | Episode steps:  107 | Average reward:    85.72 | Step Count: 86750 | Episode Q0:     6.78
Episode: 770/5000 | Episode reward:   105.34 | Episode steps:  177 | Average reward:    77.69 | Step Count: 86927 | Episode Q0:     6.78
Episode: 771/5000 | Episode reward:    34.29 | Episode steps:  134 | Average reward:    74.29 | Step Count: 87061 | Episode Q0:     6.78
Episode: 772/5000 | Episode reward:    56.38 | Episode steps:  106 | Average reward:    69.30 | Step Count: 87167 | Episode Q0:     6.78
Episode: 773/5000 | Episode reward:    88.46 | Episode steps:  153 | Average reward:    70.51 | Step Count: 87320 | Episode Q0:     6.78
Episode: 774/5000 | Episode reward:   272.60 | Episode steps: 2500 | Average reward:    87.79 | Step Count: 89820 | Episode Q0:     7.01
Episode: 775/5000 | Episode reward:   274.52 | Episode steps: 2500 | Average reward:   106.21 | Step Count: 92320 | Episode Q0:     7.01
Episode: 776/5000 | Episode reward:   138.49 | Episode steps: 2500 | Average reward:   117.13 | Step Count: 94820 | Episode Q0:     7.01
Episode: 777/5000 | Episode reward:    75.53 | Episode steps: 2500 | Average reward:   118.06 | Step Count: 97320 | Episode Q0:     7.01
Episode: 778/5000 | Episode reward:   233.15 | Episode steps: 2500 | Average reward:   133.67 | Step Count: 99820 | Episode Q0:     7.01
Episode: 779/5000 | Episode reward:    26.64 | Episode steps: 2500 | Average reward:   130.54 | Step Count: 102320 | Episode Q0:     7.01
Episode: 780/5000 | Episode reward:   150.28 | Episode steps: 2500 | Average reward:   135.03 | Step Count: 104820 | Episode Q0:     7.01
Episode: 781/5000 | Episode reward:    86.01 | Episode steps: 2500 | Average reward:   140.21 | Step Count: 107320 | Episode Q0:     7.01
Episode: 782/5000 | Episode reward:   121.16 | Episode steps: 2500 | Average reward:   146.68 | Step Count: 109820 | Episode Q0:     7.01
Episode: 783/5000 | Episode reward:    69.31 | Episode steps:  137 | Average reward:   144.77 | Step Count: 109957 | Episode Q0:     7.01
Episode: 784/5000 | Episode reward:   173.77 | Episode steps: 2500 | Average reward:   134.89 | Step Count: 112457 | Episode Q0:     7.01
Episode: 785/5000 | Episode reward:    78.14 | Episode steps:  136 | Average reward:   115.25 | Step Count: 112593 | Episode Q0:     7.01
Episode: 786/5000 | Episode reward:   -20.78 | Episode steps: 2500 | Average reward:    99.32 | Step Count: 115093 | Episode Q0:     7.01
Episode: 787/5000 | Episode reward:   159.13 | Episode steps: 2500 | Average reward:   107.68 | Step Count: 117593 | Episode Q0:     7.01
Episode: 788/5000 | Episode reward:   170.96 | Episode steps: 2500 | Average reward:   101.46 | Step Count: 120093 | Episode Q0:     7.01
Episode: 789/5000 | Episode reward:   257.51 | Episode steps: 2500 | Average reward:   124.55 | Step Count: 122593 | Episode Q0:     7.01
Episode: 790/5000 | Episode reward:    87.32 | Episode steps:  157 | Average reward:   118.25 | Step Count: 122750 | Episode Q0:     7.01
Episode: 791/5000 | Episode reward:    93.78 | Episode steps:  178 | Average reward:   119.03 | Step Count: 122928 | Episode Q0:     7.01
Episode: 792/5000 | Episode reward:   177.67 | Episode steps:  327 | Average reward:   124.68 | Step Count: 123255 | Episode Q0:     7.01
Episode: 793/5000 | Episode reward:    37.98 | Episode steps:  524 | Average reward:   121.55 | Step Count: 123779 | Episode Q0:     7.01
Episode: 794/5000 | Episode reward:    37.57 | Episode steps:  108 | Average reward:   107.93 | Step Count: 123887 | Episode Q0:     7.01
Episode: 795/5000 | Episode reward:    21.43 | Episode steps:  177 | Average reward:   102.26 | Step Count: 124064 | Episode Q0:     7.01
Episode: 796/5000 | Episode reward:    98.37 | Episode steps:  177 | Average reward:   114.17 | Step Count: 124241 | Episode Q0:     7.01
Episode: 797/5000 | Episode reward:   108.32 | Episode steps:  209 | Average reward:   109.09 | Step Count: 124450 | Episode Q0:     7.01
Episode: 798/5000 | Episode reward:   129.86 | Episode steps:  190 | Average reward:   104.98 | Step Count: 124640 | Episode Q0:     7.01
Episode: 799/5000 | Episode reward:    28.93 | Episode steps:  164 | Average reward:    82.12 | Step Count: 124804 | Episode Q0:     7.01
Episode: 800/5000 | Episode reward:   145.84 | Episode steps: 1550 | Average reward:    87.98 | Step Count: 126354 | Episode Q0:     7.19
Episode: 801/5000 | Episode reward:   -39.71 | Episode steps: 2500 | Average reward:    74.63 | Step Count: 128854 | Episode Q0:     7.19
Episode: 802/5000 | Episode reward:    16.73 | Episode steps: 2500 | Average reward:    58.53 | Step Count: 131354 | Episode Q0:     7.19
Episode: 803/5000 | Episode reward:   194.67 | Episode steps: 2500 | Average reward:    74.20 | Step Count: 133854 | Episode Q0:     7.19
Episode: 804/5000 | Episode reward:    99.91 | Episode steps: 2500 | Average reward:    80.44 | Step Count: 136354 | Episode Q0:     7.19
Episode: 805/5000 | Episode reward:   131.60 | Episode steps: 2500 | Average reward:    91.45 | Step Count: 138854 | Episode Q0:     7.19
Episode: 806/5000 | Episode reward:    58.80 | Episode steps: 2500 | Average reward:    87.50 | Step Count: 141354 | Episode Q0:     7.19
Episode: 807/5000 | Episode reward:   135.24 | Episode steps: 2500 | Average reward:    90.19 | Step Count: 143854 | Episode Q0:     7.19
Episode: 808/5000 | Episode reward:    39.23 | Episode steps:  124 | Average reward:    81.12 | Step Count: 143978 | Episode Q0:     7.19
Episode: 809/5000 | Episode reward:    67.73 | Episode steps:  197 | Average reward:    85.00 | Step Count: 144175 | Episode Q0:     7.19
Episode: 810/5000 | Episode reward:   -63.01 | Episode steps: 2297 | Average reward:    64.12 | Step Count: 146472 | Episode Q0:     7.19
Episode: 811/5000 | Episode reward:   185.05 | Episode steps: 2500 | Average reward:    86.60 | Step Count: 148972 | Episode Q0:     7.19
Episode: 812/5000 | Episode reward:   -13.62 | Episode steps: 2500 | Average reward:    83.56 | Step Count: 151472 | Episode Q0:     7.19
Episode: 813/5000 | Episode reward:   123.60 | Episode steps: 2500 | Average reward:    76.45 | Step Count: 153972 | Episode Q0:     7.19
Episode: 814/5000 | Episode reward:   125.73 | Episode steps:  171 | Average reward:    79.03 | Step Count: 154143 | Episode Q0:     7.19
Episode: 815/5000 | Episode reward:    61.84 | Episode steps:  478 | Average reward:    72.06 | Step Count: 154621 | Episode Q0:     7.19
Episode: 816/5000 | Episode reward:    88.50 | Episode steps:  525 | Average reward:    75.03 | Step Count: 155146 | Episode Q0:     7.19
Episode: 817/5000 | Episode reward:    73.31 | Episode steps:  142 | Average reward:    68.84 | Step Count: 155288 | Episode Q0:     7.19
Episode: 818/5000 | Episode reward:   318.59 | Episode steps: 1938 | Average reward:    96.77 | Step Count: 157226 | Episode Q0:     7.55
Episode: 819/5000 | Episode reward:   182.55 | Episode steps: 1360 | Average reward:   108.26 | Step Count: 158586 | Episode Q0:     7.55
Episode: 820/5000 | Episode reward:   153.20 | Episode steps: 2353 | Average reward:   129.88 | Step Count: 160939 | Episode Q0:     7.55
Episode: 821/5000 | Episode reward:   364.89 | Episode steps: 2108 | Average reward:   147.86 | Step Count: 163047 | Episode Q0:     7.55
Episode: 822/5000 | Episode reward:   477.75 | Episode steps: 2114 | Average reward:   197.00 | Step Count: 165161 | Episode Q0:     7.55
Episode: 823/5000 | Episode reward:   399.54 | Episode steps: 2500 | Average reward:   224.59 | Step Count: 167661 | Episode Q0:     7.55
Episode: 824/5000 | Episode reward:   519.85 | Episode steps: 2500 | Average reward:   264.00 | Step Count: 170161 | Episode Q0:     7.55
Episode: 825/5000 | Episode reward:   116.66 | Episode steps: 1979 | Average reward:   269.48 | Step Count: 172140 | Episode Q0:     7.55
Episode: 826/5000 | Episode reward:   549.17 | Episode steps: 2500 | Average reward:   315.55 | Step Count: 174640 | Episode Q0:     7.55
Episode: 827/5000 | Episode reward:   233.41 | Episode steps: 1812 | Average reward:   331.56 | Step Count: 176452 | Episode Q0:     7.55
Episode: 828/5000 | Episode reward:   333.05 | Episode steps: 2499 | Average reward:   333.01 | Step Count: 178951 | Episode Q0:     7.55
Episode: 829/5000 | Episode reward:   361.44 | Episode steps: 2500 | Average reward:   350.89 | Step Count: 181451 | Episode Q0:     7.55
Episode: 830/5000 | Episode reward:   246.43 | Episode steps:  627 | Average reward:   360.22 | Step Count: 182078 | Episode Q0:     7.55
Episode: 831/5000 | Episode reward:   266.32 | Episode steps: 1655 | Average reward:   350.36 | Step Count: 183733 | Episode Q0:     7.55
Episode: 832/5000 | Episode reward:   469.12 | Episode steps: 2423 | Average reward:   349.50 | Step Count: 186156 | Episode Q0:     7.55
Episode: 833/5000 | Episode reward:   396.42 | Episode steps: 1678 | Average reward:   349.19 | Step Count: 187834 | Episode Q0:     7.55
Episode: 834/5000 | Episode reward:   127.60 | Episode steps: 1766 | Average reward:   309.96 | Step Count: 189600 | Episode Q0:     7.55
Episode: 835/5000 | Episode reward:   173.66 | Episode steps: 1929 | Average reward:   315.66 | Step Count: 191529 | Episode Q0:     7.55
Episode: 836/5000 | Episode reward:   286.64 | Episode steps: 1682 | Average reward:   289.41 | Step Count: 193211 | Episode Q0:     7.55
Episode: 837/5000 | Episode reward:   487.59 | Episode steps: 2500 | Average reward:   314.83 | Step Count: 195711 | Episode Q0:     7.55
Episode: 838/5000 | Episode reward:   523.50 | Episode steps: 2500 | Average reward:   333.87 | Step Count: 198211 | Episode Q0:     7.55
Episode: 839/5000 | Episode reward:   362.83 | Episode steps: 2142 | Average reward:   334.01 | Step Count: 200353 | Episode Q0:     7.55
Episode: 840/5000 | Episode reward:    69.64 | Episode steps:  215 | Average reward:   316.33 | Step Count: 200568 | Episode Q0:     7.55
Episode: 841/5000 | Episode reward:   354.39 | Episode steps: 2500 | Average reward:   325.14 | Step Count: 203068 | Episode Q0:     7.55
Episode: 842/5000 | Episode reward:   622.90 | Episode steps: 2500 | Average reward:   340.52 | Step Count: 205568 | Episode Q0:     7.55
Episode: 843/5000 | Episode reward:   574.61 | Episode steps: 2500 | Average reward:   358.34 | Step Count: 208068 | Episode Q0:     7.55
Episode: 844/5000 | Episode reward:   367.31 | Episode steps: 1539 | Average reward:   382.31 | Step Count: 209607 | Episode Q0:     7.93
Episode: 845/5000 | Episode reward:   834.79 | Episode steps: 2032 | Average reward:   448.42 | Step Count: 211639 | Episode Q0:     7.93
Episode: 846/5000 | Episode reward:   690.44 | Episode steps: 2500 | Average reward:   488.80 | Step Count: 214139 | Episode Q0:     7.93
Episode: 847/5000 | Episode reward:   334.02 | Episode steps: 2340 | Average reward:   473.44 | Step Count: 216479 | Episode Q0:     7.93
Episode: 848/5000 | Episode reward:   398.46 | Episode steps: 1001 | Average reward:   460.94 | Step Count: 217480 | Episode Q0:     7.93
Episode: 849/5000 | Episode reward:   292.08 | Episode steps:  683 | Average reward:   453.86 | Step Count: 218163 | Episode Q0:     7.93
Episode: 850/5000 | Episode reward:   654.31 | Episode steps: 2500 | Average reward:   512.33 | Step Count: 220663 | Episode Q0:     7.93
Episode: 851/5000 | Episode reward:   333.87 | Episode steps: 1032 | Average reward:   510.28 | Step Count: 221695 | Episode Q0:     7.93
Episode: 852/5000 | Episode reward:   478.90 | Episode steps: 2500 | Average reward:   495.88 | Step Count: 224195 | Episode Q0:     7.93
Episode: 853/5000 | Episode reward:   325.05 | Episode steps:  807 | Average reward:   470.92 | Step Count: 225002 | Episode Q0:     7.93
Episode: 854/5000 | Episode reward:   373.16 | Episode steps: 1153 | Average reward:   471.51 | Step Count: 226155 | Episode Q0:     7.93
Episode: 855/5000 | Episode reward:   453.44 | Episode steps: 1247 | Average reward:   433.37 | Step Count: 227402 | Episode Q0:     7.93
Episode: 856/5000 | Episode reward:   387.20 | Episode steps: 1004 | Average reward:   403.05 | Step Count: 228406 | Episode Q0:     7.93
Episode: 857/5000 | Episode reward:   291.81 | Episode steps:  791 | Average reward:   398.83 | Step Count: 229197 | Episode Q0:     7.93
Episode: 858/5000 | Episode reward:   444.23 | Episode steps: 1070 | Average reward:   403.41 | Step Count: 230267 | Episode Q0:     7.93
Episode: 859/5000 | Episode reward:   634.18 | Episode steps: 2500 | Average reward:   437.62 | Step Count: 232767 | Episode Q0:     7.93
Episode: 860/5000 | Episode reward:   362.97 | Episode steps:  976 | Average reward:   408.48 | Step Count: 233743 | Episode Q0:     7.93
Episode: 861/5000 | Episode reward:   509.90 | Episode steps: 2463 | Average reward:   426.08 | Step Count: 236206 | Episode Q0:     7.93
Episode: 862/5000 | Episode reward:   321.95 | Episode steps:  942 | Average reward:   410.39 | Step Count: 237148 | Episode Q0:     7.93
Episode: 863/5000 | Episode reward:    23.64 | Episode steps:  147 | Average reward:   380.25 | Step Count: 237295 | Episode Q0:     7.93
Episode: 864/5000 | Episode reward:   645.74 | Episode steps: 2500 | Average reward:   407.51 | Step Count: 239795 | Episode Q0:     8.45
Episode: 865/5000 | Episode reward:   719.64 | Episode steps: 2500 | Average reward:   434.13 | Step Count: 242295 | Episode Q0:     8.45
Episode: 866/5000 | Episode reward:   484.29 | Episode steps: 1307 | Average reward:   443.84 | Step Count: 243602 | Episode Q0:     8.45
Episode: 867/5000 | Episode reward:   792.86 | Episode steps: 1942 | Average reward:   493.94 | Step Count: 245544 | Episode Q0:     8.45
Episode: 868/5000 | Episode reward:   418.81 | Episode steps: 1039 | Average reward:   491.40 | Step Count: 246583 | Episode Q0:     8.45
Episode: 869/5000 | Episode reward:   184.35 | Episode steps:  432 | Average reward:   446.41 | Step Count: 247015 | Episode Q0:     8.45
Episode: 870/5000 | Episode reward:   256.12 | Episode steps:  615 | Average reward:   435.73 | Step Count: 247630 | Episode Q0:     8.45
Episode: 871/5000 | Episode reward:   142.99 | Episode steps:  550 | Average reward:   399.04 | Step Count: 248180 | Episode Q0:     8.45
Episode: 872/5000 | Episode reward:   528.55 | Episode steps: 1499 | Average reward:   419.70 | Step Count: 249679 | Episode Q0:     8.45
Episode: 873/5000 | Episode reward:   634.00 | Episode steps: 1940 | Average reward:   480.73 | Step Count: 251619 | Episode Q0:     8.45
Episode: 874/5000 | Episode reward:   324.33 | Episode steps:  962 | Average reward:   448.59 | Step Count: 252581 | Episode Q0:     8.45
Episode: 875/5000 | Episode reward:   226.28 | Episode steps:  619 | Average reward:   399.26 | Step Count: 253200 | Episode Q0:     8.45
Episode: 876/5000 | Episode reward:   757.40 | Episode steps: 1761 | Average reward:   426.57 | Step Count: 254961 | Episode Q0:     8.45
Episode: 877/5000 | Episode reward:   725.16 | Episode steps: 2500 | Average reward:   419.80 | Step Count: 257461 | Episode Q0:     8.45
Episode: 878/5000 | Episode reward:   337.26 | Episode steps:  849 | Average reward:   411.65 | Step Count: 258310 | Episode Q0:     8.45
Episode: 879/5000 | Episode reward:   159.23 | Episode steps:  495 | Average reward:   409.13 | Step Count: 258805 | Episode Q0:     8.45
Episode: 880/5000 | Episode reward:   860.15 | Episode steps: 2500 | Average reward:   469.54 | Step Count: 261305 | Episode Q0:     8.45
Episode: 881/5000 | Episode reward:   241.66 | Episode steps:  772 | Average reward:   479.40 | Step Count: 262077 | Episode Q0:     8.45
Episode: 882/5000 | Episode reward:   348.63 | Episode steps:  972 | Average reward:   461.41 | Step Count: 263049 | Episode Q0:     8.45
Episode: 883/5000 | Episode reward:   430.59 | Episode steps: 1604 | Average reward:   441.07 | Step Count: 264653 | Episode Q0:     8.45
Episode: 884/5000 | Episode reward:   313.15 | Episode steps:  991 | Average reward:   439.95 | Step Count: 265644 | Episode Q0:     8.45
Episode: 885/5000 | Episode reward:   407.01 | Episode steps: 1088 | Average reward:   458.02 | Step Count: 266732 | Episode Q0:     8.45
Episode: 886/5000 | Episode reward:   442.30 | Episode steps: 1095 | Average reward:   426.51 | Step Count: 267827 | Episode Q0:     8.45
Episode: 887/5000 | Episode reward:   443.55 | Episode steps: 1687 | Average reward:   398.35 | Step Count: 269514 | Episode Q0:     8.45
Episode: 888/5000 | Episode reward:    66.51 | Episode steps:  196 | Average reward:   371.28 | Step Count: 269710 | Episode Q0:     8.45
Episode: 889/5000 | Episode reward:   162.40 | Episode steps:  371 | Average reward:   371.60 | Step Count: 270081 | Episode Q0:     8.45
Episode: 890/5000 | Episode reward:    67.21 | Episode steps:  198 | Average reward:   292.30 | Step Count: 270279 | Episode Q0:     8.45
Episode: 891/5000 | Episode reward:   610.18 | Episode steps: 1380 | Average reward:   329.15 | Step Count: 271659 | Episode Q0:     9.11
Episode: 892/5000 | Episode reward:   581.82 | Episode steps: 1554 | Average reward:   352.47 | Step Count: 273213 | Episode Q0:     9.11
Episode: 893/5000 | Episode reward:   208.06 | Episode steps:  477 | Average reward:   330.22 | Step Count: 273690 | Episode Q0:     9.11
Episode: 894/5000 | Episode reward:   241.58 | Episode steps:  505 | Average reward:   323.06 | Step Count: 274195 | Episode Q0:     9.11
Episode: 895/5000 | Episode reward:   911.12 | Episode steps: 2500 | Average reward:   373.47 | Step Count: 276695 | Episode Q0:     9.11
Episode: 896/5000 | Episode reward:   470.91 | Episode steps: 1013 | Average reward:   376.33 | Step Count: 277708 | Episode Q0:     9.11
Episode: 897/5000 | Episode reward:   241.11 | Episode steps:  617 | Average reward:   356.09 | Step Count: 278325 | Episode Q0:     9.11
Episode: 898/5000 | Episode reward:   212.28 | Episode steps:  603 | Average reward:   370.67 | Step Count: 278928 | Episode Q0:     9.11
Episode: 899/5000 | Episode reward:   393.13 | Episode steps:  854 | Average reward:   393.74 | Step Count: 279782 | Episode Q0:     9.11
Episode: 900/5000 | Episode reward:   195.82 | Episode steps:  519 | Average reward:   406.60 | Step Count: 280301 | Episode Q0:     9.11
Episode: 901/5000 | Episode reward:   578.43 | Episode steps: 1427 | Average reward:   403.43 | Step Count: 281728 | Episode Q0:     9.11
Episode: 902/5000 | Episode reward:   173.39 | Episode steps:  411 | Average reward:   362.58 | Step Count: 282139 | Episode Q0:     9.11
Episode: 903/5000 | Episode reward:   636.27 | Episode steps: 2500 | Average reward:   405.40 | Step Count: 284639 | Episode Q0:     9.11
Episode: 904/5000 | Episode reward:   400.82 | Episode steps:  863 | Average reward:   421.33 | Step Count: 285502 | Episode Q0:     9.11
Episode: 905/5000 | Episode reward:   490.79 | Episode steps: 1119 | Average reward:   379.29 | Step Count: 286621 | Episode Q0:     9.11
Episode: 906/5000 | Episode reward:   200.69 | Episode steps:  548 | Average reward:   352.27 | Step Count: 287169 | Episode Q0:     9.11
Episode: 907/5000 | Episode reward:   213.05 | Episode steps:  525 | Average reward:   349.47 | Step Count: 287694 | Episode Q0:     9.11
Episode: 908/5000 | Episode reward:   210.35 | Episode steps:  561 | Average reward:   349.27 | Step Count: 288255 | Episode Q0:     9.11
Episode: 909/5000 | Episode reward:    43.64 | Episode steps:  166 | Average reward:   314.32 | Step Count: 288421 | Episode Q0:     9.11
Episode: 910/5000 | Episode reward:   200.77 | Episode steps:  590 | Average reward:   314.82 | Step Count: 289011 | Episode Q0:     9.11
Episode: 911/5000 | Episode reward:   334.94 | Episode steps:  667 | Average reward:   290.47 | Step Count: 289678 | Episode Q0:     9.11
Episode: 912/5000 | Episode reward:    97.51 | Episode steps:  336 | Average reward:   282.88 | Step Count: 290014 | Episode Q0:     9.11
Episode: 913/5000 | Episode reward:   105.51 | Episode steps:  361 | Average reward:   229.81 | Step Count: 290375 | Episode Q0:     9.11
Episode: 914/5000 | Episode reward:    84.84 | Episode steps:  213 | Average reward:   198.21 | Step Count: 290588 | Episode Q0:     9.11
Episode: 915/5000 | Episode reward:   826.15 | Episode steps: 2132 | Average reward:   231.74 | Step Count: 292720 | Episode Q0:     9.63
Episode: 916/5000 | Episode reward:   602.23 | Episode steps: 1348 | Average reward:   271.90 | Step Count: 294068 | Episode Q0:     9.63
Episode: 917/5000 | Episode reward:  1006.82 | Episode steps: 2180 | Average reward:   351.27 | Step Count: 296248 | Episode Q0:     9.63
Episode: 918/5000 | Episode reward:   885.32 | Episode steps: 2316 | Average reward:   418.77 | Step Count: 298564 | Episode Q0:     9.63
Episode: 919/5000 | Episode reward:    72.77 | Episode steps:  124 | Average reward:   421.69 | Step Count: 298688 | Episode Q0:     9.63
Episode: 920/5000 | Episode reward:   882.86 | Episode steps: 2109 | Average reward:   489.89 | Step Count: 300797 | Episode Q0:     9.63
Episode: 921/5000 | Episode reward:   359.98 | Episode steps:  955 | Average reward:   492.40 | Step Count: 301752 | Episode Q0:     9.63
Episode: 922/5000 | Episode reward:   752.92 | Episode steps: 1738 | Average reward:   557.94 | Step Count: 303490 | Episode Q0:     9.63
Episode: 923/5000 | Episode reward:   806.71 | Episode steps: 1666 | Average reward:   628.06 | Step Count: 305156 | Episode Q0:     9.63
Episode: 924/5000 | Episode reward:   348.87 | Episode steps:  695 | Average reward:   654.46 | Step Count: 305851 | Episode Q0:     9.63
Episode: 925/5000 | Episode reward:   594.83 | Episode steps: 1638 | Average reward:   631.33 | Step Count: 307489 | Episode Q0:     9.63
Episode: 926/5000 | Episode reward:   192.77 | Episode steps:  633 | Average reward:   590.38 | Step Count: 308122 | Episode Q0:     9.63
Episode: 927/5000 | Episode reward:   653.87 | Episode steps: 1699 | Average reward:   555.09 | Step Count: 309821 | Episode Q0:     9.63
Episode: 928/5000 | Episode reward:   303.19 | Episode steps:  778 | Average reward:   496.88 | Step Count: 310599 | Episode Q0:     9.63
Episode: 929/5000 | Episode reward:   426.70 | Episode steps:  949 | Average reward:   532.27 | Step Count: 311548 | Episode Q0:     9.63
Episode: 930/5000 | Episode reward:   167.05 | Episode steps:  584 | Average reward:   460.69 | Step Count: 312132 | Episode Q0:     9.63
Episode: 931/5000 | Episode reward:   157.39 | Episode steps:  413 | Average reward:   440.43 | Step Count: 312545 | Episode Q0:     9.63
Episode: 932/5000 | Episode reward:   486.71 | Episode steps: 1083 | Average reward:   413.81 | Step Count: 313628 | Episode Q0:     9.63
Episode: 933/5000 | Episode reward:   170.97 | Episode steps:  489 | Average reward:   350.23 | Step Count: 314117 | Episode Q0:     9.63
Episode: 934/5000 | Episode reward:  1008.81 | Episode steps: 2500 | Average reward:   416.23 | Step Count: 316617 | Episode Q0:     9.63
Episode: 935/5000 | Episode reward:   321.54 | Episode steps:  793 | Average reward:   388.90 | Step Count: 317410 | Episode Q0:     9.63
Episode: 936/5000 | Episode reward:   221.33 | Episode steps:  657 | Average reward:   391.76 | Step Count: 318067 | Episode Q0:     9.63
Episode: 937/5000 | Episode reward:   210.86 | Episode steps:  515 | Average reward:   347.45 | Step Count: 318582 | Episode Q0:     9.63
Episode: 938/5000 | Episode reward:   156.82 | Episode steps:  413 | Average reward:   332.82 | Step Count: 318995 | Episode Q0:     9.63
Episode: 939/5000 | Episode reward:    93.55 | Episode steps:  203 | Average reward:   299.50 | Step Count: 319198 | Episode Q0:     9.63
Episode: 940/5000 | Episode reward:   204.10 | Episode steps:  506 | Average reward:   303.21 | Step Count: 319704 | Episode Q0:    10.43
Episode: 941/5000 | Episode reward:    29.37 | Episode steps:  143 | Average reward:   290.41 | Step Count: 319847 | Episode Q0:    10.43
Episode: 942/5000 | Episode reward:   629.83 | Episode steps: 1240 | Average reward:   304.72 | Step Count: 321087 | Episode Q0:    10.43
Episode: 943/5000 | Episode reward:   289.68 | Episode steps:  589 | Average reward:   316.59 | Step Count: 321676 | Episode Q0:    10.43
Episode: 944/5000 | Episode reward:   204.34 | Episode steps:  397 | Average reward:   236.14 | Step Count: 322073 | Episode Q0:    10.43
Episode: 945/5000 | Episode reward:   242.39 | Episode steps:  552 | Average reward:   228.23 | Step Count: 322625 | Episode Q0:    10.43
Episode: 946/5000 | Episode reward:   381.30 | Episode steps:  897 | Average reward:   244.23 | Step Count: 323522 | Episode Q0:    10.43
Episode: 947/5000 | Episode reward:    98.20 | Episode steps:  232 | Average reward:   232.96 | Step Count: 323754 | Episode Q0:    10.43
Episode: 948/5000 | Episode reward:   324.75 | Episode steps:  716 | Average reward:   249.75 | Step Count: 324470 | Episode Q0:    10.43
Episode: 949/5000 | Episode reward:   727.19 | Episode steps: 1549 | Average reward:   313.12 | Step Count: 326019 | Episode Q0:    10.43
Episode: 950/5000 | Episode reward:   542.53 | Episode steps: 1250 | Average reward:   346.96 | Step Count: 327269 | Episode Q0:    10.43
Episode: 951/5000 | Episode reward:   506.29 | Episode steps: 1037 | Average reward:   394.65 | Step Count: 328306 | Episode Q0:    10.43
Episode: 952/5000 | Episode reward:   403.29 | Episode steps:  962 | Average reward:   372.00 | Step Count: 329268 | Episode Q0:    10.43
Episode: 953/5000 | Episode reward:   261.42 | Episode steps:  680 | Average reward:   369.17 | Step Count: 329948 | Episode Q0:    10.43
Episode: 954/5000 | Episode reward:   485.91 | Episode steps: 1262 | Average reward:   397.33 | Step Count: 331210 | Episode Q0:    10.43
Episode: 955/5000 | Episode reward:   283.42 | Episode steps:  864 | Average reward:   401.43 | Step Count: 332074 | Episode Q0:    10.43
Episode: 956/5000 | Episode reward:   241.48 | Episode steps:  626 | Average reward:   387.45 | Step Count: 332700 | Episode Q0:    10.43
Episode: 957/5000 | Episode reward:    33.63 | Episode steps:   91 | Average reward:   380.99 | Step Count: 332791 | Episode Q0:    10.43
Episode: 958/5000 | Episode reward:   367.64 | Episode steps:  712 | Average reward:   385.28 | Step Count: 333503 | Episode Q0:    10.43
Episode: 959/5000 | Episode reward:    33.75 | Episode steps:  127 | Average reward:   315.94 | Step Count: 333630 | Episode Q0:    10.43
Episode: 960/5000 | Episode reward:    28.72 | Episode steps:  161 | Average reward:   264.56 | Step Count: 333791 | Episode Q0:    10.43
Episode: 961/5000 | Episode reward:   204.02 | Episode steps:  477 | Average reward:   234.33 | Step Count: 334268 | Episode Q0:    10.43
Episode: 962/5000 | Episode reward:   125.69 | Episode steps:  351 | Average reward:   206.57 | Step Count: 334619 | Episode Q0:    10.43
Episode: 963/5000 | Episode reward:    30.41 | Episode steps:  112 | Average reward:   183.47 | Step Count: 334731 | Episode Q0:    10.43
Episode: 964/5000 | Episode reward:   117.80 | Episode steps:  243 | Average reward:   146.66 | Step Count: 334974 | Episode Q0:    10.43
Episode: 965/5000 | Episode reward:   112.97 | Episode steps:  410 | Average reward:   129.61 | Step Count: 335384 | Episode Q0:    10.43
Episode: 966/5000 | Episode reward:    32.74 | Episode steps:   81 | Average reward:   108.74 | Step Count: 335465 | Episode Q0:    10.43
Episode: 967/5000 | Episode reward:   301.95 | Episode steps:  723 | Average reward:   135.57 | Step Count: 336188 | Episode Q0:    10.43
Episode: 968/5000 | Episode reward:    41.29 | Episode steps:   84 | Average reward:   102.93 | Step Count: 336272 | Episode Q0:    10.43
Episode: 969/5000 | Episode reward:    93.33 | Episode steps:  247 | Average reward:   108.89 | Step Count: 336519 | Episode Q0:    10.43
Episode: 970/5000 | Episode reward:    32.83 | Episode steps:  134 | Average reward:   109.30 | Step Count: 336653 | Episode Q0:    10.43
Episode: 971/5000 | Episode reward:   127.30 | Episode steps:  297 | Average reward:   101.63 | Step Count: 336950 | Episode Q0:    11.32
Episode: 972/5000 | Episode reward:    30.65 | Episode steps:  101 | Average reward:    92.13 | Step Count: 337051 | Episode Q0:    11.32
Episode: 973/5000 | Episode reward:   208.57 | Episode steps:  598 | Average reward:   109.94 | Step Count: 337649 | Episode Q0:    11.32
Episode: 974/5000 | Episode reward:   259.50 | Episode steps:  535 | Average reward:   124.11 | Step Count: 338184 | Episode Q0:    11.32
Episode: 975/5000 | Episode reward:   123.54 | Episode steps:  342 | Average reward:   125.17 | Step Count: 338526 | Episode Q0:    11.32
Episode: 976/5000 | Episode reward:    89.06 | Episode steps:  139 | Average reward:   130.80 | Step Count: 338665 | Episode Q0:    11.32
Episode: 977/5000 | Episode reward:   124.39 | Episode steps:  292 | Average reward:   113.05 | Step Count: 338957 | Episode Q0:    11.32
Episode: 978/5000 | Episode reward:   132.87 | Episode steps:  393 | Average reward:   122.20 | Step Count: 339350 | Episode Q0:    11.32
Episode: 979/5000 | Episode reward:   208.53 | Episode steps:  633 | Average reward:   133.72 | Step Count: 339983 | Episode Q0:    11.32
Episode: 980/5000 | Episode reward:    36.84 | Episode steps:  154 | Average reward:   134.12 | Step Count: 340137 | Episode Q0:    11.32
Episode: 981/5000 | Episode reward:   251.22 | Episode steps:  554 | Average reward:   146.52 | Step Count: 340691 | Episode Q0:    11.32
Episode: 982/5000 | Episode reward:   296.84 | Episode steps:  713 | Average reward:   173.14 | Step Count: 341404 | Episode Q0:    11.32
Episode: 983/5000 | Episode reward:   195.26 | Episode steps:  527 | Average reward:   171.80 | Step Count: 341931 | Episode Q0:    11.32
Episode: 984/5000 | Episode reward:    61.89 | Episode steps:  147 | Average reward:   152.04 | Step Count: 342078 | Episode Q0:    11.32
Episode: 985/5000 | Episode reward:    38.94 | Episode steps:  124 | Average reward:   143.58 | Step Count: 342202 | Episode Q0:    11.32
Episode: 986/5000 | Episode reward:    91.12 | Episode steps:  158 | Average reward:   143.79 | Step Count: 342360 | Episode Q0:    11.32
Episode: 987/5000 | Episode reward:   149.78 | Episode steps:  344 | Average reward:   146.33 | Step Count: 342704 | Episode Q0:    11.32
Episode: 988/5000 | Episode reward:    63.32 | Episode steps:  168 | Average reward:   139.37 | Step Count: 342872 | Episode Q0:    11.32
Episode: 989/5000 | Episode reward:    34.81 | Episode steps:  161 | Average reward:   122.00 | Step Count: 343033 | Episode Q0:    11.32
Episode: 990/5000 | Episode reward:   101.31 | Episode steps:  324 | Average reward:   128.45 | Step Count: 343357 | Episode Q0:    11.32
Episode: 991/5000 | Episode reward:   253.21 | Episode steps:  576 | Average reward:   128.65 | Step Count: 343933 | Episode Q0:    11.32
Episode: 992/5000 | Episode reward:    30.66 | Episode steps:  154 | Average reward:   102.03 | Step Count: 344087 | Episode Q0:    11.32
Episode: 993/5000 | Episode reward:   155.50 | Episode steps:  461 | Average reward:    98.05 | Step Count: 344548 | Episode Q0:    11.32
Episode: 994/5000 | Episode reward:   331.08 | Episode steps:  817 | Average reward:   124.97 | Step Count: 345365 | Episode Q0:    11.32
Episode: 995/5000 | Episode reward:   450.04 | Episode steps: 1135 | Average reward:   166.08 | Step Count: 346500 | Episode Q0:    11.32
Episode: 996/5000 | Episode reward:   122.04 | Episode steps:  369 | Average reward:   169.17 | Step Count: 346869 | Episode Q0:    11.32
Episode: 997/5000 | Episode reward:    28.44 | Episode steps:  116 | Average reward:   157.04 | Step Count: 346985 | Episode Q0:    11.32
Episode: 998/5000 | Episode reward:   863.90 | Episode steps: 1743 | Average reward:   237.10 | Step Count: 348728 | Episode Q0:    12.14
Episode: 999/5000 | Episode reward:   520.18 | Episode steps: 1117 | Average reward:   285.63 | Step Count: 349845 | Episode Q0:    12.14
Episode: 1000/5000 | Episode reward:    29.13 | Episode steps:  177 | Average reward:   278.42 | Step Count: 350022 | Episode Q0:    12.14
Episode: 1001/5000 | Episode reward:   227.47 | Episode steps:  769 | Average reward:   275.84 | Step Count: 350791 | Episode Q0:    12.14
Episode: 1002/5000 | Episode reward:   512.71 | Episode steps: 1115 | Average reward:   324.05 | Step Count: 351906 | Episode Q0:    12.14
Episode: 1003/5000 | Episode reward:   336.12 | Episode steps:  976 | Average reward:   342.11 | Step Count: 352882 | Episode Q0:    12.14
Episode: 1004/5000 | Episode reward:    57.83 | Episode steps:  193 | Average reward:   314.79 | Step Count: 353075 | Episode Q0:    12.14
Episode: 1005/5000 | Episode reward:   161.24 | Episode steps:  478 | Average reward:   285.91 | Step Count: 353553 | Episode Q0:    12.14
Episode: 1006/5000 | Episode reward:   117.17 | Episode steps:  284 | Average reward:   285.42 | Step Count: 353837 | Episode Q0:    12.14
Episode: 1007/5000 | Episode reward:   156.80 | Episode steps:  487 | Average reward:   298.26 | Step Count: 354324 | Episode Q0:    12.14
Episode: 1008/5000 | Episode reward:    25.80 | Episode steps:   83 | Average reward:   214.45 | Step Count: 354407 | Episode Q0:    12.14
Episode: 1009/5000 | Episode reward:    60.28 | Episode steps:  113 | Average reward:   168.46 | Step Count: 354520 | Episode Q0:    12.14
Episode: 1010/5000 | Episode reward:    96.35 | Episode steps:  255 | Average reward:   175.18 | Step Count: 354775 | Episode Q0:    12.14
Episode: 1011/5000 | Episode reward:   136.03 | Episode steps:  444 | Average reward:   166.03 | Step Count: 355219 | Episode Q0:    12.14
Episode: 1012/5000 | Episode reward:    66.09 | Episode steps:  222 | Average reward:   121.37 | Step Count: 355441 | Episode Q0:    12.14
Episode: 1013/5000 | Episode reward:   137.35 | Episode steps:  301 | Average reward:   101.49 | Step Count: 355742 | Episode Q0:    12.14
Episode: 1014/5000 | Episode reward:    20.82 | Episode steps:  128 | Average reward:    97.79 | Step Count: 355870 | Episode Q0:    12.14
Episode: 1015/5000 | Episode reward:    48.25 | Episode steps:  137 | Average reward:    86.49 | Step Count: 356007 | Episode Q0:    12.14
Episode: 1016/5000 | Episode reward:    46.74 | Episode steps:  117 | Average reward:    79.45 | Step Count: 356124 | Episode Q0:    12.14
Episode: 1017/5000 | Episode reward:    62.97 | Episode steps:  149 | Average reward:    70.07 | Step Count: 356273 | Episode Q0:    12.14
Episode: 1018/5000 | Episode reward:   104.77 | Episode steps:  259 | Average reward:    77.96 | Step Count: 356532 | Episode Q0:    12.14
Episode: 1019/5000 | Episode reward:    27.00 | Episode steps:  166 | Average reward:    74.64 | Step Count: 356698 | Episode Q0:    12.14
Episode: 1020/5000 | Episode reward:    74.26 | Episode steps:  120 | Average reward:    72.43 | Step Count: 356818 | Episode Q0:    12.14
Episode: 1021/5000 | Episode reward:   238.54 | Episode steps:  536 | Average reward:    82.68 | Step Count: 357354 | Episode Q0:    12.14
Episode: 1022/5000 | Episode reward:   412.27 | Episode steps:  973 | Average reward:   117.30 | Step Count: 358327 | Episode Q0:    12.14
Episode: 1023/5000 | Episode reward:   231.04 | Episode steps:  536 | Average reward:   126.67 | Step Count: 358863 | Episode Q0:    12.14
Episode: 1024/5000 | Episode reward:   247.25 | Episode steps:  647 | Average reward:   149.31 | Step Count: 359510 | Episode Q0:    12.14
Episode: 1025/5000 | Episode reward:    61.23 | Episode steps:  143 | Average reward:   150.61 | Step Count: 359653 | Episode Q0:    12.96
Episode: 1026/5000 | Episode reward:   293.60 | Episode steps:  612 | Average reward:   175.29 | Step Count: 360265 | Episode Q0:    12.96
Episode: 1027/5000 | Episode reward:   207.42 | Episode steps:  503 | Average reward:   189.74 | Step Count: 360768 | Episode Q0:    12.96
Episode: 1028/5000 | Episode reward:   141.23 | Episode steps:  394 | Average reward:   193.38 | Step Count: 361162 | Episode Q0:    12.96
Episode: 1029/5000 | Episode reward:    17.14 | Episode steps:  134 | Average reward:   192.40 | Step Count: 361296 | Episode Q0:    12.96
Episode: 1030/5000 | Episode reward:    86.07 | Episode steps:  250 | Average reward:   193.58 | Step Count: 361546 | Episode Q0:    12.96
Episode: 1031/5000 | Episode reward:    70.30 | Episode steps:  218 | Average reward:   176.75 | Step Count: 361764 | Episode Q0:    12.96
Episode: 1032/5000 | Episode reward:   119.03 | Episode steps:  317 | Average reward:   147.43 | Step Count: 362081 | Episode Q0:    12.96
Episode: 1033/5000 | Episode reward:   270.72 | Episode steps:  690 | Average reward:   151.40 | Step Count: 362771 | Episode Q0:    12.96
Episode: 1034/5000 | Episode reward:    38.78 | Episode steps:  105 | Average reward:   130.55 | Step Count: 362876 | Episode Q0:    12.96
Episode: 1035/5000 | Episode reward:   228.50 | Episode steps:  509 | Average reward:   147.28 | Step Count: 363385 | Episode Q0:    12.96
Episode: 1036/5000 | Episode reward:   122.84 | Episode steps:  403 | Average reward:   130.20 | Step Count: 363788 | Episode Q0:    12.96
Episode: 1037/5000 | Episode reward:   123.72 | Episode steps:  298 | Average reward:   121.83 | Step Count: 364086 | Episode Q0:    12.96
Episode: 1038/5000 | Episode reward:   253.59 | Episode steps:  625 | Average reward:   133.07 | Step Count: 364711 | Episode Q0:    12.96
Episode: 1039/5000 | Episode reward:    53.02 | Episode steps:  202 | Average reward:   136.66 | Step Count: 364913 | Episode Q0:    12.96
Episode: 1040/5000 | Episode reward:    48.35 | Episode steps:  170 | Average reward:   132.88 | Step Count: 365083 | Episode Q0:    12.96
Episode: 1041/5000 | Episode reward:   237.90 | Episode steps:  660 | Average reward:   149.64 | Step Count: 365743 | Episode Q0:    12.96
Episode: 1042/5000 | Episode reward:   203.08 | Episode steps:  477 | Average reward:   158.05 | Step Count: 366220 | Episode Q0:    12.96
Episode: 1043/5000 | Episode reward:   153.50 | Episode steps:  301 | Average reward:   146.33 | Step Count: 366521 | Episode Q0:    12.96
Episode: 1044/5000 | Episode reward:   196.14 | Episode steps:  428 | Average reward:   162.06 | Step Count: 366949 | Episode Q0:    12.96
Episode: 1045/5000 | Episode reward:   130.89 | Episode steps:  268 | Average reward:   152.30 | Step Count: 367217 | Episode Q0:    12.96
Episode: 1046/5000 | Episode reward:   101.87 | Episode steps:  371 | Average reward:   150.21 | Step Count: 367588 | Episode Q0:    12.96
Episode: 1047/5000 | Episode reward:   144.58 | Episode steps:  294 | Average reward:   152.29 | Step Count: 367882 | Episode Q0:    12.96
Episode: 1048/5000 | Episode reward:   170.91 | Episode steps:  462 | Average reward:   144.02 | Step Count: 368344 | Episode Q0:    12.96
Episode: 1049/5000 | Episode reward:    79.63 | Episode steps:  217 | Average reward:   146.69 | Step Count: 368561 | Episode Q0:    12.96
Episode: 1050/5000 | Episode reward:   306.49 | Episode steps:  612 | Average reward:   172.50 | Step Count: 369173 | Episode Q0:    12.96
Episode: 1051/5000 | Episode reward:    70.41 | Episode steps:  193 | Average reward:   155.75 | Step Count: 369366 | Episode Q0:    12.96
Episode: 1052/5000 | Episode reward:    92.04 | Episode steps:  362 | Average reward:   144.65 | Step Count: 369728 | Episode Q0:    12.96
Episode: 1053/5000 | Episode reward:   195.54 | Episode steps:  459 | Average reward:   148.85 | Step Count: 370187 | Episode Q0:    12.96
Episode: 1054/5000 | Episode reward:    77.94 | Episode steps:  223 | Average reward:   137.03 | Step Count: 370410 | Episode Q0:    14.03
Episode: 1055/5000 | Episode reward:   206.05 | Episode steps:  476 | Average reward:   144.55 | Step Count: 370886 | Episode Q0:    14.03
Episode: 1056/5000 | Episode reward:    23.59 | Episode steps:  133 | Average reward:   136.72 | Step Count: 371019 | Episode Q0:    14.03
Episode: 1057/5000 | Episode reward:   222.99 | Episode steps:  621 | Average reward:   144.56 | Step Count: 371640 | Episode Q0:    14.03
Episode: 1058/5000 | Episode reward:   140.52 | Episode steps:  318 | Average reward:   141.52 | Step Count: 371958 | Episode Q0:    14.03
Episode: 1059/5000 | Episode reward:   149.00 | Episode steps:  406 | Average reward:   148.46 | Step Count: 372364 | Episode Q0:    14.03
Episode: 1060/5000 | Episode reward:   135.54 | Episode steps:  294 | Average reward:   131.36 | Step Count: 372658 | Episode Q0:    14.03
Episode: 1061/5000 | Episode reward:   191.44 | Episode steps:  473 | Average reward:   143.47 | Step Count: 373131 | Episode Q0:    14.03
Episode: 1062/5000 | Episode reward:    28.87 | Episode steps:  137 | Average reward:   137.15 | Step Count: 373268 | Episode Q0:    14.03
Episode: 1063/5000 | Episode reward:   333.35 | Episode steps:  745 | Average reward:   150.93 | Step Count: 374013 | Episode Q0:    14.03
Episode: 1064/5000 | Episode reward:   170.21 | Episode steps:  462 | Average reward:   160.16 | Step Count: 374475 | Episode Q0:    14.03
Episode: 1065/5000 | Episode reward:    89.77 | Episode steps:  248 | Average reward:   148.53 | Step Count: 374723 | Episode Q0:    14.03
Episode: 1066/5000 | Episode reward:    48.18 | Episode steps:  168 | Average reward:   150.99 | Step Count: 374891 | Episode Q0:    14.03
Episode: 1067/5000 | Episode reward:   238.80 | Episode steps:  515 | Average reward:   152.57 | Step Count: 375406 | Episode Q0:    14.03
Episode: 1068/5000 | Episode reward:   176.78 | Episode steps:  451 | Average reward:   156.19 | Step Count: 375857 | Episode Q0:    14.03
Episode: 1069/5000 | Episode reward:   177.93 | Episode steps:  369 | Average reward:   159.09 | Step Count: 376226 | Episode Q0:    14.03
Episode: 1070/5000 | Episode reward:   163.00 | Episode steps:  442 | Average reward:   161.83 | Step Count: 376668 | Episode Q0:    14.03
Episode: 1071/5000 | Episode reward:    28.13 | Episode steps:  151 | Average reward:   145.50 | Step Count: 376819 | Episode Q0:    14.03
Episode: 1072/5000 | Episode reward:    47.11 | Episode steps:  160 | Average reward:   147.33 | Step Count: 376979 | Episode Q0:    14.03
Episode: 1073/5000 | Episode reward:    21.90 | Episode steps:  126 | Average reward:   116.18 | Step Count: 377105 | Episode Q0:    14.03
Episode: 1074/5000 | Episode reward:   220.22 | Episode steps:  426 | Average reward:   121.18 | Step Count: 377531 | Episode Q0:    14.03
Episode: 1075/5000 | Episode reward:   275.92 | Episode steps: 1038 | Average reward:   139.80 | Step Count: 378569 | Episode Q0:    14.03
Episode: 1076/5000 | Episode reward:   119.08 | Episode steps:  312 | Average reward:   146.89 | Step Count: 378881 | Episode Q0:    14.03
Episode: 1077/5000 | Episode reward:    47.89 | Episode steps:  147 | Average reward:   127.80 | Step Count: 379028 | Episode Q0:    14.03
Episode: 1078/5000 | Episode reward:   180.17 | Episode steps:  373 | Average reward:   128.14 | Step Count: 379401 | Episode Q0:    14.03
Episode: 1079/5000 | Episode reward:   134.05 | Episode steps:  339 | Average reward:   123.75 | Step Count: 379740 | Episode Q0:    14.03
Episode: 1080/5000 | Episode reward:   218.85 | Episode steps:  548 | Average reward:   129.33 | Step Count: 380288 | Episode Q0:    14.03
Episode: 1081/5000 | Episode reward:   121.26 | Episode steps:  300 | Average reward:   138.65 | Step Count: 380588 | Episode Q0:    14.03
Episode: 1082/5000 | Episode reward:   193.46 | Episode steps:  711 | Average reward:   153.28 | Step Count: 381299 | Episode Q0:    14.03
Episode: 1083/5000 | Episode reward:   197.27 | Episode steps:  511 | Average reward:   170.82 | Step Count: 381810 | Episode Q0:    14.81
Episode: 1084/5000 | Episode reward:    37.14 | Episode steps:  177 | Average reward:   152.51 | Step Count: 381987 | Episode Q0:    14.81
Episode: 1085/5000 | Episode reward:   176.13 | Episode steps:  365 | Average reward:   142.53 | Step Count: 382352 | Episode Q0:    14.81
Episode: 1086/5000 | Episode reward:   135.61 | Episode steps:  367 | Average reward:   144.18 | Step Count: 382719 | Episode Q0:    14.81
Episode: 1087/5000 | Episode reward:    54.57 | Episode steps:  150 | Average reward:   144.85 | Step Count: 382869 | Episode Q0:    14.81
Episode: 1088/5000 | Episode reward:    48.36 | Episode steps:  155 | Average reward:   131.67 | Step Count: 383024 | Episode Q0:    14.81
Episode: 1089/5000 | Episode reward:    49.66 | Episode steps:  172 | Average reward:   123.23 | Step Count: 383196 | Episode Q0:    14.81
Episode: 1090/5000 | Episode reward:   139.65 | Episode steps:  431 | Average reward:   115.31 | Step Count: 383627 | Episode Q0:    14.81
Episode: 1091/5000 | Episode reward:   312.53 | Episode steps:  954 | Average reward:   134.44 | Step Count: 384581 | Episode Q0:    14.81
Episode: 1092/5000 | Episode reward:   248.88 | Episode steps:  568 | Average reward:   139.98 | Step Count: 385149 | Episode Q0:    14.81
Episode: 1093/5000 | Episode reward:    32.29 | Episode steps:  160 | Average reward:   123.48 | Step Count: 385309 | Episode Q0:    14.81
Episode: 1094/5000 | Episode reward:    58.05 | Episode steps:  200 | Average reward:   125.57 | Step Count: 385509 | Episode Q0:    14.81
Episode: 1095/5000 | Episode reward:   165.85 | Episode steps:  343 | Average reward:   124.54 | Step Count: 385852 | Episode Q0:    14.81
Episode: 1096/5000 | Episode reward:    89.26 | Episode steps:  197 | Average reward:   119.91 | Step Count: 386049 | Episode Q0:    14.81
Episode: 1097/5000 | Episode reward:   150.78 | Episode steps:  330 | Average reward:   129.53 | Step Count: 386379 | Episode Q0:    14.81
Episode: 1098/5000 | Episode reward:   203.21 | Episode steps:  480 | Average reward:   145.02 | Step Count: 386859 | Episode Q0:    14.81
Episode: 1099/5000 | Episode reward:   127.51 | Episode steps:  290 | Average reward:   152.80 | Step Count: 387149 | Episode Q0:    14.81
Episode: 1100/5000 | Episode reward:   170.93 | Episode steps:  364 | Average reward:   155.93 | Step Count: 387513 | Episode Q0:    14.81
Episode: 1101/5000 | Episode reward:   180.67 | Episode steps:  520 | Average reward:   142.74 | Step Count: 388033 | Episode Q0:    14.81
Episode: 1102/5000 | Episode reward:    64.37 | Episode steps:  153 | Average reward:   124.29 | Step Count: 388186 | Episode Q0:    14.81
Episode: 1103/5000 | Episode reward:   220.45 | Episode steps:  610 | Average reward:   143.11 | Step Count: 388796 | Episode Q0:    14.81
Episode: 1104/5000 | Episode reward:    26.83 | Episode steps:  139 | Average reward:   139.98 | Step Count: 388935 | Episode Q0:    14.81
Episode: 1105/5000 | Episode reward:   147.32 | Episode steps:  382 | Average reward:   138.13 | Step Count: 389317 | Episode Q0:    14.81
Episode: 1106/5000 | Episode reward:   320.92 | Episode steps:  768 | Average reward:   161.30 | Step Count: 390085 | Episode Q0:    14.81
Episode: 1107/5000 | Episode reward:    42.64 | Episode steps:  153 | Average reward:   150.48 | Step Count: 390238 | Episode Q0:    14.81
Episode: 1108/5000 | Episode reward:   278.24 | Episode steps:  626 | Average reward:   157.99 | Step Count: 390864 | Episode Q0:    14.81
Episode: 1109/5000 | Episode reward:    79.72 | Episode steps:  242 | Average reward:   153.21 | Step Count: 391106 | Episode Q0:    14.81
Episode: 1110/5000 | Episode reward:    73.94 | Episode steps:  146 | Average reward:   143.51 | Step Count: 391252 | Episode Q0:    14.81
Episode: 1111/5000 | Episode reward:    81.59 | Episode steps:  233 | Average reward:   133.60 | Step Count: 391485 | Episode Q0:    16.29
Episode: 1112/5000 | Episode reward:   257.68 | Episode steps:  657 | Average reward:   152.93 | Step Count: 392142 | Episode Q0:    16.29
Episode: 1113/5000 | Episode reward:    76.64 | Episode steps:  233 | Average reward:   138.55 | Step Count: 392375 | Episode Q0:    16.29
Episode: 1114/5000 | Episode reward:   164.33 | Episode steps:  423 | Average reward:   152.30 | Step Count: 392798 | Episode Q0:    16.29
Episode: 1115/5000 | Episode reward:   350.89 | Episode steps:  897 | Average reward:   172.66 | Step Count: 393695 | Episode Q0:    16.29
Episode: 1116/5000 | Episode reward:   204.75 | Episode steps:  455 | Average reward:   161.04 | Step Count: 394150 | Episode Q0:    16.29
Episode: 1117/5000 | Episode reward:   140.85 | Episode steps:  412 | Average reward:   170.86 | Step Count: 394562 | Episode Q0:    16.29
Episode: 1118/5000 | Episode reward:    89.14 | Episode steps:  243 | Average reward:   151.95 | Step Count: 394805 | Episode Q0:    16.29
Episode: 1119/5000 | Episode reward:   177.13 | Episode steps:  384 | Average reward:   161.69 | Step Count: 395189 | Episode Q0:    16.29
Episode: 1120/5000 | Episode reward:   240.98 | Episode steps:  537 | Average reward:   178.40 | Step Count: 395726 | Episode Q0:    16.29
Episode: 1121/5000 | Episode reward:    92.86 | Episode steps:  368 | Average reward:   179.53 | Step Count: 396094 | Episode Q0:    16.29
Episode: 1122/5000 | Episode reward:   184.15 | Episode steps:  385 | Average reward:   172.17 | Step Count: 396479 | Episode Q0:    16.29
Episode: 1123/5000 | Episode reward:   131.25 | Episode steps:  329 | Average reward:   177.63 | Step Count: 396808 | Episode Q0:    16.29
Episode: 1124/5000 | Episode reward:    77.02 | Episode steps:  243 | Average reward:   168.90 | Step Count: 397051 | Episode Q0:    16.29
Episode: 1125/5000 | Episode reward:    61.14 | Episode steps:  208 | Average reward:   139.93 | Step Count: 397259 | Episode Q0:    16.29
Episode: 1126/5000 | Episode reward:   127.20 | Episode steps:  317 | Average reward:   132.17 | Step Count: 397576 | Episode Q0:    16.29
Episode: 1127/5000 | Episode reward:    68.25 | Episode steps:  185 | Average reward:   124.91 | Step Count: 397761 | Episode Q0:    16.29
Episode: 1128/5000 | Episode reward:   138.58 | Episode steps:  316 | Average reward:   129.86 | Step Count: 398077 | Episode Q0:    16.29
Episode: 1129/5000 | Episode reward:   319.05 | Episode steps:  793 | Average reward:   144.05 | Step Count: 398870 | Episode Q0:    16.29
Episode: 1130/5000 | Episode reward:   130.59 | Episode steps:  427 | Average reward:   133.01 | Step Count: 399297 | Episode Q0:    16.29
Episode: 1131/5000 | Episode reward:    51.07 | Episode steps:  186 | Average reward:   128.83 | Step Count: 399483 | Episode Q0:    16.29
Episode: 1132/5000 | Episode reward:   159.64 | Episode steps:  451 | Average reward:   126.38 | Step Count: 399934 | Episode Q0:    16.29
Episode: 1133/5000 | Episode reward:   196.33 | Episode steps:  557 | Average reward:   132.89 | Step Count: 400491 | Episode Q0:    16.29
Episode: 1134/5000 | Episode reward:   308.61 | Episode steps:  659 | Average reward:   156.05 | Step Count: 401150 | Episode Q0:    16.29
Episode: 1135/5000 | Episode reward:   181.27 | Episode steps:  393 | Average reward:   168.06 | Step Count: 401543 | Episode Q0:    16.29
Episode: 1136/5000 | Episode reward:   488.71 | Episode steps: 1121 | Average reward:   204.21 | Step Count: 402664 | Episode Q0:    17.25
Episode: 1137/5000 | Episode reward:   163.64 | Episode steps:  341 | Average reward:   213.75 | Step Count: 403005 | Episode Q0:    17.25
Episode: 1138/5000 | Episode reward:   166.66 | Episode steps:  457 | Average reward:   216.56 | Step Count: 403462 | Episode Q0:    17.25
Episode: 1139/5000 | Episode reward:   406.66 | Episode steps:  952 | Average reward:   225.32 | Step Count: 404414 | Episode Q0:    17.25
Episode: 1140/5000 | Episode reward:   479.48 | Episode steps:  965 | Average reward:   260.21 | Step Count: 405379 | Episode Q0:    17.25
Episode: 1141/5000 | Episode reward:   122.39 | Episode steps:  384 | Average reward:   267.34 | Step Count: 405763 | Episode Q0:    17.25
Episode: 1142/5000 | Episode reward:    44.61 | Episode steps:  182 | Average reward:   255.83 | Step Count: 405945 | Episode Q0:    17.25
Episode: 1143/5000 | Episode reward:   642.80 | Episode steps: 1388 | Average reward:   300.48 | Step Count: 407333 | Episode Q0:    17.25
Episode: 1144/5000 | Episode reward:   205.43 | Episode steps:  815 | Average reward:   290.16 | Step Count: 408148 | Episode Q0:    17.25
Episode: 1145/5000 | Episode reward:   129.68 | Episode steps:  407 | Average reward:   285.00 | Step Count: 408555 | Episode Q0:    17.25
Episode: 1146/5000 | Episode reward:   124.21 | Episode steps:  314 | Average reward:   248.55 | Step Count: 408869 | Episode Q0:    17.25
Episode: 1147/5000 | Episode reward:   234.83 | Episode steps:  529 | Average reward:   255.67 | Step Count: 409398 | Episode Q0:    17.25
Episode: 1148/5000 | Episode reward:    28.19 | Episode steps:  135 | Average reward:   241.83 | Step Count: 409533 | Episode Q0:    17.25
Episode: 1149/5000 | Episode reward:    30.63 | Episode steps:  114 | Average reward:   204.22 | Step Count: 409647 | Episode Q0:    17.25
Episode: 1150/5000 | Episode reward:   283.83 | Episode steps:  592 | Average reward:   184.66 | Step Count: 410239 | Episode Q0:    17.25
Episode: 1151/5000 | Episode reward:   168.21 | Episode steps:  441 | Average reward:   189.24 | Step Count: 410680 | Episode Q0:    17.25
Episode: 1152/5000 | Episode reward:   248.52 | Episode steps:  533 | Average reward:   209.63 | Step Count: 411213 | Episode Q0:    17.25
Episode: 1153/5000 | Episode reward:    79.18 | Episode steps:  253 | Average reward:   153.27 | Step Count: 411466 | Episode Q0:    17.25
Episode: 1154/5000 | Episode reward:   156.78 | Episode steps:  366 | Average reward:   148.41 | Step Count: 411832 | Episode Q0:    17.25
Episode: 1155/5000 | Episode reward:   284.75 | Episode steps:  759 | Average reward:   163.91 | Step Count: 412591 | Episode Q0:    17.25
Episode: 1156/5000 | Episode reward:   231.61 | Episode steps:  584 | Average reward:   174.65 | Step Count: 413175 | Episode Q0:    17.25
Episode: 1157/5000 | Episode reward:    24.70 | Episode steps:  155 | Average reward:   153.64 | Step Count: 413330 | Episode Q0:    17.25
Episode: 1158/5000 | Episode reward:    53.46 | Episode steps:  155 | Average reward:   156.17 | Step Count: 413485 | Episode Q0:    17.25
Episode: 1159/5000 | Episode reward:   215.53 | Episode steps:  633 | Average reward:   174.66 | Step Count: 414118 | Episode Q0:    17.25
Episode: 1160/5000 | Episode reward:    47.65 | Episode steps:  175 | Average reward:   151.04 | Step Count: 414293 | Episode Q0:    17.25
Episode: 1161/5000 | Episode reward:   237.63 | Episode steps:  560 | Average reward:   157.98 | Step Count: 414853 | Episode Q0:    17.25
Episode: 1162/5000 | Episode reward:   593.46 | Episode steps: 1324 | Average reward:   192.48 | Step Count: 416177 | Episode Q0:    18.99
Episode: 1163/5000 | Episode reward:   373.76 | Episode steps:  872 | Average reward:   221.93 | Step Count: 417049 | Episode Q0:    18.99
Episode: 1164/5000 | Episode reward:   412.79 | Episode steps:  954 | Average reward:   247.53 | Step Count: 418003 | Episode Q0:    18.99
Episode: 1165/5000 | Episode reward:    96.40 | Episode steps:  251 | Average reward:   228.70 | Step Count: 418254 | Episode Q0:    18.99
Episode: 1166/5000 | Episode reward:    26.41 | Episode steps:  109 | Average reward:   208.18 | Step Count: 418363 | Episode Q0:    18.99
Episode: 1167/5000 | Episode reward:    37.28 | Episode steps:  164 | Average reward:   209.44 | Step Count: 418527 | Episode Q0:    18.99
Episode: 1168/5000 | Episode reward:   282.00 | Episode steps:  942 | Average reward:   232.29 | Step Count: 419469 | Episode Q0:    18.99
Episode: 1169/5000 | Episode reward:   118.94 | Episode steps:  396 | Average reward:   222.63 | Step Count: 419865 | Episode Q0:    18.99
Episode: 1170/5000 | Episode reward:   226.43 | Episode steps:  502 | Average reward:   240.51 | Step Count: 420367 | Episode Q0:    18.99
Episode: 1171/5000 | Episode reward:   303.51 | Episode steps: 1733 | Average reward:   247.10 | Step Count: 422100 | Episode Q0:    18.99
Episode: 1172/5000 | Episode reward:   134.81 | Episode steps:  414 | Average reward:   201.23 | Step Count: 422514 | Episode Q0:    18.99
Episode: 1173/5000 | Episode reward:    22.47 | Episode steps:  152 | Average reward:   166.10 | Step Count: 422666 | Episode Q0:    18.99
Episode: 1174/5000 | Episode reward:   443.23 | Episode steps:  926 | Average reward:   169.15 | Step Count: 423592 | Episode Q0:    18.99
Episode: 1175/5000 | Episode reward:    26.76 | Episode steps:  180 | Average reward:   162.18 | Step Count: 423772 | Episode Q0:    18.99
Episode: 1176/5000 | Episode reward:    23.61 | Episode steps:  119 | Average reward:   161.90 | Step Count: 423891 | Episode Q0:    18.99
Episode: 1177/5000 | Episode reward:   140.63 | Episode steps:  346 | Average reward:   172.24 | Step Count: 424237 | Episode Q0:    18.99
Episode: 1178/5000 | Episode reward:    60.95 | Episode steps:  190 | Average reward:   150.13 | Step Count: 424427 | Episode Q0:    18.99
Episode: 1179/5000 | Episode reward:    96.42 | Episode steps:  277 | Average reward:   147.88 | Step Count: 424704 | Episode Q0:    18.99
Episode: 1180/5000 | Episode reward:   226.32 | Episode steps:  528 | Average reward:   147.87 | Step Count: 425232 | Episode Q0:    18.99
Episode: 1181/5000 | Episode reward:   136.68 | Episode steps:  384 | Average reward:   131.19 | Step Count: 425616 | Episode Q0:    18.99
Episode: 1182/5000 | Episode reward:    94.21 | Episode steps:  250 | Average reward:   127.13 | Step Count: 425866 | Episode Q0:    18.99
Episode: 1183/5000 | Episode reward:    93.88 | Episode steps:  357 | Average reward:   134.27 | Step Count: 426223 | Episode Q0:    18.99
Episode: 1184/5000 | Episode reward:   106.59 | Episode steps:  268 | Average reward:   100.61 | Step Count: 426491 | Episode Q0:    18.99
Episode: 1185/5000 | Episode reward:   259.81 | Episode steps:  710 | Average reward:   123.91 | Step Count: 427201 | Episode Q0:    18.99
Episode: 1186/5000 | Episode reward:    37.82 | Episode steps:  206 | Average reward:   125.33 | Step Count: 427407 | Episode Q0:    19.86
Episode: 1187/5000 | Episode reward:   316.64 | Episode steps:  762 | Average reward:   142.93 | Step Count: 428169 | Episode Q0:    19.86
Episode: 1188/5000 | Episode reward:   873.92 | Episode steps: 1820 | Average reward:   224.23 | Step Count: 429989 | Episode Q0:    19.86
Episode: 1189/5000 | Episode reward:   463.70 | Episode steps:  936 | Average reward:   260.96 | Step Count: 430925 | Episode Q0:    19.86
Episode: 1190/5000 | Episode reward:   171.94 | Episode steps:  478 | Average reward:   255.52 | Step Count: 431403 | Episode Q0:    19.86
Episode: 1191/5000 | Episode reward:   206.30 | Episode steps:  428 | Average reward:   262.48 | Step Count: 431831 | Episode Q0:    19.86
Episode: 1192/5000 | Episode reward:   349.67 | Episode steps:  817 | Average reward:   288.03 | Step Count: 432648 | Episode Q0:    19.86
Episode: 1193/5000 | Episode reward:    91.17 | Episode steps:  344 | Average reward:   287.76 | Step Count: 432992 | Episode Q0:    19.86
Episode: 1194/5000 | Episode reward:   216.00 | Episode steps:  537 | Average reward:   298.70 | Step Count: 433529 | Episode Q0:    19.86
Episode: 1195/5000 | Episode reward:   128.50 | Episode steps:  370 | Average reward:   285.57 | Step Count: 433899 | Episode Q0:    19.86
Episode: 1196/5000 | Episode reward:   326.48 | Episode steps:  795 | Average reward:   314.43 | Step Count: 434694 | Episode Q0:    19.86
Episode: 1197/5000 | Episode reward:   181.85 | Episode steps:  437 | Average reward:   300.95 | Step Count: 435131 | Episode Q0:    19.86
Episode: 1198/5000 | Episode reward:   206.32 | Episode steps:  456 | Average reward:   234.19 | Step Count: 435587 | Episode Q0:    19.86
Episode: 1199/5000 | Episode reward:   297.26 | Episode steps:  608 | Average reward:   217.55 | Step Count: 436195 | Episode Q0:    19.86
Episode: 1200/5000 | Episode reward:   124.93 | Episode steps:  299 | Average reward:   212.85 | Step Count: 436494 | Episode Q0:    19.86
Episode: 1201/5000 | Episode reward:   184.36 | Episode steps:  453 | Average reward:   210.65 | Step Count: 436947 | Episode Q0:    19.86
Episode: 1202/5000 | Episode reward:   377.04 | Episode steps:  849 | Average reward:   213.39 | Step Count: 437796 | Episode Q0:    19.86
Episode: 1203/5000 | Episode reward:   274.05 | Episode steps:  633 | Average reward:   231.68 | Step Count: 438429 | Episode Q0:    19.86
Episode: 1204/5000 | Episode reward:   247.37 | Episode steps:  984 | Average reward:   234.82 | Step Count: 439413 | Episode Q0:    19.86
Episode: 1205/5000 | Episode reward:   249.40 | Episode steps:  564 | Average reward:   246.91 | Step Count: 439977 | Episode Q0:    19.86
Episode: 1206/5000 | Episode reward:   381.92 | Episode steps:  815 | Average reward:   252.45 | Step Count: 440792 | Episode Q0:    19.86
Episode: 1207/5000 | Episode reward:   368.94 | Episode steps:  829 | Average reward:   271.16 | Step Count: 441621 | Episode Q0:    19.86
Episode: 1208/5000 | Episode reward:   303.63 | Episode steps:  744 | Average reward:   280.89 | Step Count: 442365 | Episode Q0:    19.86
Episode: 1209/5000 | Episode reward:   174.14 | Episode steps:  428 | Average reward:   268.58 | Step Count: 442793 | Episode Q0:    19.86
Episode: 1210/5000 | Episode reward:   325.39 | Episode steps:  723 | Average reward:   288.62 | Step Count: 443516 | Episode Q0:    21.55
Episode: 1211/5000 | Episode reward:    69.61 | Episode steps:  214 | Average reward:   277.15 | Step Count: 443730 | Episode Q0:    21.55
Episode: 1212/5000 | Episode reward:   552.04 | Episode steps: 1496 | Average reward:   294.65 | Step Count: 445226 | Episode Q0:    21.55
Episode: 1213/5000 | Episode reward:   593.44 | Episode steps: 1422 | Average reward:   326.59 | Step Count: 446648 | Episode Q0:    21.55
Episode: 1214/5000 | Episode reward:   394.24 | Episode steps:  942 | Average reward:   341.28 | Step Count: 447590 | Episode Q0:    21.55
Episode: 1215/5000 | Episode reward:    51.53 | Episode steps:  195 | Average reward:   321.49 | Step Count: 447785 | Episode Q0:    21.55
Episode: 1216/5000 | Episode reward:    70.87 | Episode steps:  236 | Average reward:   290.38 | Step Count: 448021 | Episode Q0:    21.55
Episode: 1217/5000 | Episode reward:    88.14 | Episode steps:  331 | Average reward:   262.30 | Step Count: 448352 | Episode Q0:    21.55
Episode: 1218/5000 | Episode reward:   684.12 | Episode steps: 1728 | Average reward:   300.35 | Step Count: 450080 | Episode Q0:    21.55
Episode: 1219/5000 | Episode reward:    98.09 | Episode steps:  236 | Average reward:   292.75 | Step Count: 450316 | Episode Q0:    21.55
Episode: 1220/5000 | Episode reward:   103.96 | Episode steps:  272 | Average reward:   270.60 | Step Count: 450588 | Episode Q0:    21.55
Episode: 1221/5000 | Episode reward:   185.60 | Episode steps:  464 | Average reward:   282.20 | Step Count: 451052 | Episode Q0:    21.55
Episode: 1222/5000 | Episode reward:    98.49 | Episode steps:  253 | Average reward:   236.85 | Step Count: 451305 | Episode Q0:    21.55
Episode: 1223/5000 | Episode reward:   206.82 | Episode steps:  511 | Average reward:   198.19 | Step Count: 451816 | Episode Q0:    21.55
Episode: 1224/5000 | Episode reward:   323.90 | Episode steps:  801 | Average reward:   191.15 | Step Count: 452617 | Episode Q0:    21.55
Episode: 1225/5000 | Episode reward:    70.97 | Episode steps:  222 | Average reward:   193.10 | Step Count: 452839 | Episode Q0:    21.55
Episode: 1226/5000 | Episode reward:   531.47 | Episode steps: 1139 | Average reward:   239.16 | Step Count: 453978 | Episode Q0:    21.55
Episode: 1227/5000 | Episode reward:   428.45 | Episode steps:  934 | Average reward:   273.19 | Step Count: 454912 | Episode Q0:    21.55
Episode: 1228/5000 | Episode reward:   315.91 | Episode steps:  604 | Average reward:   236.37 | Step Count: 455516 | Episode Q0:    21.55
Episode: 1229/5000 | Episode reward:    53.82 | Episode steps:  205 | Average reward:   231.94 | Step Count: 455721 | Episode Q0:    21.55
Episode: 1230/5000 | Episode reward:   153.08 | Episode steps:  421 | Average reward:   236.85 | Step Count: 456142 | Episode Q0:    21.55
Episode: 1231/5000 | Episode reward:   110.51 | Episode steps:  385 | Average reward:   229.34 | Step Count: 456527 | Episode Q0:    21.55
Episode: 1232/5000 | Episode reward:   159.33 | Episode steps:  382 | Average reward:   235.43 | Step Count: 456909 | Episode Q0:    21.55
Episode: 1233/5000 | Episode reward:    42.66 | Episode steps:  163 | Average reward:   219.01 | Step Count: 457072 | Episode Q0:    21.55
Episode: 1234/5000 | Episode reward:   164.57 | Episode steps:  441 | Average reward:   203.08 | Step Count: 457513 | Episode Q0:    21.55
Episode: 1235/5000 | Episode reward:   195.08 | Episode steps:  447 | Average reward:   215.49 | Step Count: 457960 | Episode Q0:    21.55
Episode: 1236/5000 | Episode reward:   287.96 | Episode steps:  574 | Average reward:   191.14 | Step Count: 458534 | Episode Q0:    21.55
Episode: 1237/5000 | Episode reward:   122.80 | Episode steps:  264 | Average reward:   160.57 | Step Count: 458798 | Episode Q0:    21.55
Episode: 1238/5000 | Episode reward:    75.09 | Episode steps:  244 | Average reward:   136.49 | Step Count: 459042 | Episode Q0:    21.55
Episode: 1239/5000 | Episode reward:   991.73 | Episode steps: 2281 | Average reward:   230.28 | Step Count: 461323 | Episode Q0:    21.48
Episode: 1240/5000 | Episode reward:    56.60 | Episode steps:  193 | Average reward:   220.63 | Step Count: 461516 | Episode Q0:    21.48
Episode: 1241/5000 | Episode reward:   771.75 | Episode steps: 1710 | Average reward:   286.76 | Step Count: 463226 | Episode Q0:    21.48
Episode: 1242/5000 | Episode reward:    58.80 | Episode steps:  195 | Average reward:   276.70 | Step Count: 463421 | Episode Q0:    21.48
Episode: 1243/5000 | Episode reward:    92.14 | Episode steps:  339 | Average reward:   281.65 | Step Count: 463760 | Episode Q0:    21.48
Episode: 1244/5000 | Episode reward:    42.35 | Episode steps:  181 | Average reward:   269.43 | Step Count: 463941 | Episode Q0:    21.48
Episode: 1245/5000 | Episode reward:   317.57 | Episode steps:  722 | Average reward:   281.68 | Step Count: 464663 | Episode Q0:    21.48
Episode: 1246/5000 | Episode reward:   209.18 | Episode steps:  486 | Average reward:   273.80 | Step Count: 465149 | Episode Q0:    21.48
Episode: 1247/5000 | Episode reward:   144.73 | Episode steps:  416 | Average reward:   275.99 | Step Count: 465565 | Episode Q0:    21.48
Episode: 1248/5000 | Episode reward:   175.93 | Episode steps:  336 | Average reward:   286.08 | Step Count: 465901 | Episode Q0:    21.48
Episode: 1249/5000 | Episode reward:    17.23 | Episode steps:  142 | Average reward:   188.63 | Step Count: 466043 | Episode Q0:    21.48
Episode: 1250/5000 | Episode reward:   184.63 | Episode steps:  479 | Average reward:   201.43 | Step Count: 466522 | Episode Q0:    21.48
Episode: 1251/5000 | Episode reward:   184.09 | Episode steps:  488 | Average reward:   142.66 | Step Count: 467010 | Episode Q0:    21.48
Episode: 1252/5000 | Episode reward:   115.70 | Episode steps:  258 | Average reward:   148.35 | Step Count: 467268 | Episode Q0:    21.48
Episode: 1253/5000 | Episode reward:   322.55 | Episode steps:  735 | Average reward:   171.40 | Step Count: 468003 | Episode Q0:    21.48
Episode: 1254/5000 | Episode reward:   192.37 | Episode steps:  472 | Average reward:   186.40 | Step Count: 468475 | Episode Q0:    21.48
Episode: 1255/5000 | Episode reward:   429.33 | Episode steps: 1007 | Average reward:   197.57 | Step Count: 469482 | Episode Q0:    21.48
Episode: 1256/5000 | Episode reward:   387.17 | Episode steps:  891 | Average reward:   215.37 | Step Count: 470373 | Episode Q0:    21.48
Episode: 1257/5000 | Episode reward:    87.46 | Episode steps:  236 | Average reward:   209.65 | Step Count: 470609 | Episode Q0:    21.48
Episode: 1258/5000 | Episode reward:    42.50 | Episode steps:  183 | Average reward:   196.30 | Step Count: 470792 | Episode Q0:    21.48
Episode: 1259/5000 | Episode reward:   380.14 | Episode steps: 1051 | Average reward:   232.59 | Step Count: 471843 | Episode Q0:    21.48
Episode: 1260/5000 | Episode reward:   497.22 | Episode steps: 1050 | Average reward:   263.85 | Step Count: 472893 | Episode Q0:    22.78
Episode: 1261/5000 | Episode reward:   847.49 | Episode steps: 2044 | Average reward:   330.19 | Step Count: 474937 | Episode Q0:    22.78
Episode: 1262/5000 | Episode reward:   338.04 | Episode steps:  760 | Average reward:   352.43 | Step Count: 475697 | Episode Q0:    22.78
Episode: 1263/5000 | Episode reward:   309.89 | Episode steps:  877 | Average reward:   351.16 | Step Count: 476574 | Episode Q0:    22.78
Episode: 1264/5000 | Episode reward:   128.66 | Episode steps:  204 | Average reward:   344.79 | Step Count: 476778 | Episode Q0:    22.78
Episode: 1265/5000 | Episode reward:   278.12 | Episode steps:  687 | Average reward:   329.67 | Step Count: 477465 | Episode Q0:    22.78
Episode: 1266/5000 | Episode reward:   280.04 | Episode steps:  761 | Average reward:   318.96 | Step Count: 478226 | Episode Q0:    22.78
Episode: 1267/5000 | Episode reward:   302.11 | Episode steps:  843 | Average reward:   340.42 | Step Count: 479069 | Episode Q0:    22.78
Episode: 1268/5000 | Episode reward:    80.23 | Episode steps:  221 | Average reward:   344.19 | Step Count: 479290 | Episode Q0:    22.78
Episode: 1269/5000 | Episode reward:   108.42 | Episode steps:  169 | Average reward:   317.02 | Step Count: 479459 | Episode Q0:    22.78
Episode: 1270/5000 | Episode reward:   182.56 | Episode steps:  468 | Average reward:   285.56 | Step Count: 479927 | Episode Q0:    22.78
Episode: 1271/5000 | Episode reward:   146.47 | Episode steps:  308 | Average reward:   215.45 | Step Count: 480235 | Episode Q0:    22.78
Episode: 1272/5000 | Episode reward:   222.62 | Episode steps:  732 | Average reward:   203.91 | Step Count: 480967 | Episode Q0:    22.78
Episode: 1273/5000 | Episode reward:   115.07 | Episode steps:  262 | Average reward:   184.43 | Step Count: 481229 | Episode Q0:    22.78
Episode: 1274/5000 | Episode reward:  1197.84 | Episode steps: 2500 | Average reward:   291.35 | Step Count: 483729 | Episode Q0:    22.78
Episode: 1275/5000 | Episode reward:    88.48 | Episode steps:  347 | Average reward:   272.38 | Step Count: 484076 | Episode Q0:    22.78
Episode: 1276/5000 | Episode reward:   177.39 | Episode steps:  400 | Average reward:   262.12 | Step Count: 484476 | Episode Q0:    22.78
Episode: 1277/5000 | Episode reward:   253.94 | Episode steps:  537 | Average reward:   257.30 | Step Count: 485013 | Episode Q0:    22.78
Episode: 1278/5000 | Episode reward:   132.51 | Episode steps:  378 | Average reward:   262.53 | Step Count: 485391 | Episode Q0:    22.78
Episode: 1279/5000 | Episode reward:    94.39 | Episode steps:  350 | Average reward:   261.13 | Step Count: 485741 | Episode Q0:    22.78
Episode: 1280/5000 | Episode reward:   118.46 | Episode steps:  261 | Average reward:   254.72 | Step Count: 486002 | Episode Q0:    22.78
Episode: 1281/5000 | Episode reward:    81.16 | Episode steps:  222 | Average reward:   248.19 | Step Count: 486224 | Episode Q0:    22.78
Episode: 1282/5000 | Episode reward:  1100.41 | Episode steps: 2230 | Average reward:   335.97 | Step Count: 488454 | Episode Q0:    22.78
Episode: 1283/5000 | Episode reward:    47.51 | Episode steps:  174 | Average reward:   329.21 | Step Count: 488628 | Episode Q0:    22.78
Episode: 1284/5000 | Episode reward:    65.67 | Episode steps:  155 | Average reward:   215.99 | Step Count: 488783 | Episode Q0:    22.78
Episode: 1285/5000 | Episode reward:    32.13 | Episode steps:  125 | Average reward:   210.36 | Step Count: 488908 | Episode Q0:    22.78
Episode: 1286/5000 | Episode reward:   321.95 | Episode steps:  866 | Average reward:   224.81 | Step Count: 489774 | Episode Q0:    22.78
Episode: 1287/5000 | Episode reward:   129.61 | Episode steps:  354 | Average reward:   212.38 | Step Count: 490128 | Episode Q0:    24.19
Episode: 1288/5000 | Episode reward:   292.73 | Episode steps:  536 | Average reward:   228.40 | Step Count: 490664 | Episode Q0:    24.19
Episode: 1289/5000 | Episode reward:   515.14 | Episode steps: 1477 | Average reward:   270.48 | Step Count: 492141 | Episode Q0:    24.19
Episode: 1290/5000 | Episode reward:   141.66 | Episode steps:  370 | Average reward:   272.80 | Step Count: 492511 | Episode Q0:    24.19
Episode: 1291/5000 | Episode reward:   593.91 | Episode steps: 1858 | Average reward:   324.07 | Step Count: 494369 | Episode Q0:    24.19
Episode: 1292/5000 | Episode reward:   988.64 | Episode steps: 2500 | Average reward:   312.89 | Step Count: 496869 | Episode Q0:    24.19
Episode: 1293/5000 | Episode reward:   596.86 | Episode steps: 1790 | Average reward:   367.83 | Step Count: 498659 | Episode Q0:    24.19
Episode: 1294/5000 | Episode reward:   191.18 | Episode steps:  929 | Average reward:   380.38 | Step Count: 499588 | Episode Q0:    24.19
Episode: 1295/5000 | Episode reward:   532.75 | Episode steps: 1449 | Average reward:   430.44 | Step Count: 501037 | Episode Q0:    24.19
Episode: 1296/5000 | Episode reward:    60.58 | Episode steps:  185 | Average reward:   404.30 | Step Count: 501222 | Episode Q0:    24.19
Episode: 1297/5000 | Episode reward:   348.43 | Episode steps:  860 | Average reward:   426.19 | Step Count: 502082 | Episode Q0:    24.19
Episode: 1298/5000 | Episode reward:   176.25 | Episode steps:  359 | Average reward:   414.54 | Step Count: 502441 | Episode Q0:    24.19
Episode: 1299/5000 | Episode reward:   230.66 | Episode steps:  776 | Average reward:   386.09 | Step Count: 503217 | Episode Q0:    24.19
Episode: 1300/5000 | Episode reward:   187.75 | Episode steps:  483 | Average reward:   390.70 | Step Count: 503700 | Episode Q0:    24.19
Episode: 1301/5000 | Episode reward:   193.50 | Episode steps:  460 | Average reward:   350.66 | Step Count: 504160 | Episode Q0:    24.19
Episode: 1302/5000 | Episode reward:    87.95 | Episode steps:  792 | Average reward:   260.59 | Step Count: 504952 | Episode Q0:    24.19
Episode: 1303/5000 | Episode reward:    69.80 | Episode steps:  288 | Average reward:   207.88 | Step Count: 505240 | Episode Q0:    24.19
Episode: 1304/5000 | Episode reward:   136.66 | Episode steps:  298 | Average reward:   202.43 | Step Count: 505538 | Episode Q0:    24.19
Episode: 1305/5000 | Episode reward:   291.15 | Episode steps:  845 | Average reward:   178.27 | Step Count: 506383 | Episode Q0:    24.19
Episode: 1306/5000 | Episode reward:   107.63 | Episode steps:  255 | Average reward:   182.98 | Step Count: 506638 | Episode Q0:    24.19
Episode: 1307/5000 | Episode reward:   411.61 | Episode steps:  956 | Average reward:   189.30 | Step Count: 507594 | Episode Q0:    24.19
Episode: 1308/5000 | Episode reward:   263.07 | Episode steps:  667 | Average reward:   197.98 | Step Count: 508261 | Episode Q0:    24.19
Episode: 1309/5000 | Episode reward:    67.87 | Episode steps:  215 | Average reward:   181.70 | Step Count: 508476 | Episode Q0:    24.19
Episode: 1310/5000 | Episode reward:   691.85 | Episode steps: 1537 | Average reward:   232.11 | Step Count: 510013 | Episode Q0:    24.83
Episode: 1311/5000 | Episode reward:    44.41 | Episode steps:  183 | Average reward:   217.20 | Step Count: 510196 | Episode Q0:    24.83
Episode: 1312/5000 | Episode reward:    63.53 | Episode steps:  196 | Average reward:   214.76 | Step Count: 510392 | Episode Q0:    24.83
Episode: 1313/5000 | Episode reward:   859.34 | Episode steps: 1835 | Average reward:   293.71 | Step Count: 512227 | Episode Q0:    24.83
Episode: 1314/5000 | Episode reward:    59.94 | Episode steps:  156 | Average reward:   286.04 | Step Count: 512383 | Episode Q0:    24.83
Episode: 1315/5000 | Episode reward:   369.87 | Episode steps:  888 | Average reward:   293.91 | Step Count: 513271 | Episode Q0:    24.83
Episode: 1316/5000 | Episode reward:   761.92 | Episode steps: 1711 | Average reward:   359.34 | Step Count: 514982 | Episode Q0:    24.83
Episode: 1317/5000 | Episode reward:   394.31 | Episode steps:  820 | Average reward:   357.61 | Step Count: 515802 | Episode Q0:    24.83
Episode: 1318/5000 | Episode reward:   512.33 | Episode steps: 1065 | Average reward:   382.54 | Step Count: 516867 | Episode Q0:    24.83
Episode: 1319/5000 | Episode reward:   213.79 | Episode steps:  524 | Average reward:   397.13 | Step Count: 517391 | Episode Q0:    24.83
Episode: 1320/5000 | Episode reward:    87.37 | Episode steps:  228 | Average reward:   336.68 | Step Count: 517619 | Episode Q0:    24.83
Episode: 1321/5000 | Episode reward:   221.92 | Episode steps:  531 | Average reward:   354.43 | Step Count: 518150 | Episode Q0:    24.83
Episode: 1322/5000 | Episode reward:   349.41 | Episode steps:  932 | Average reward:   383.02 | Step Count: 519082 | Episode Q0:    24.83
Episode: 1323/5000 | Episode reward:   102.64 | Episode steps:  246 | Average reward:   307.35 | Step Count: 519328 | Episode Q0:    24.83
Episode: 1324/5000 | Episode reward:   296.06 | Episode steps:  713 | Average reward:   330.96 | Step Count: 520041 | Episode Q0:    24.83
Episode: 1325/5000 | Episode reward:   837.29 | Episode steps: 1767 | Average reward:   377.70 | Step Count: 521808 | Episode Q0:    24.83
Episode: 1326/5000 | Episode reward:   270.36 | Episode steps:  739 | Average reward:   328.55 | Step Count: 522547 | Episode Q0:    24.83
Episode: 1327/5000 | Episode reward:   328.85 | Episode steps:  842 | Average reward:   322.00 | Step Count: 523389 | Episode Q0:    24.83
Episode: 1328/5000 | Episode reward:   502.81 | Episode steps: 1189 | Average reward:   321.05 | Step Count: 524578 | Episode Q0:    24.83
Episode: 1329/5000 | Episode reward:   442.06 | Episode steps:  971 | Average reward:   343.88 | Step Count: 525549 | Episode Q0:    24.83
Episode: 1330/5000 | Episode reward:   402.98 | Episode steps: 1090 | Average reward:   375.44 | Step Count: 526639 | Episode Q0:    24.83
Episode: 1331/5000 | Episode reward:    41.57 | Episode steps:  198 | Average reward:   357.40 | Step Count: 526837 | Episode Q0:    24.83
Episode: 1332/5000 | Episode reward:   365.95 | Episode steps: 1450 | Average reward:   359.06 | Step Count: 528287 | Episode Q0:    25.73
Episode: 1333/5000 | Episode reward:   548.14 | Episode steps: 1690 | Average reward:   403.61 | Step Count: 529977 | Episode Q0:    25.73
Episode: 1334/5000 | Episode reward:   871.54 | Episode steps: 2500 | Average reward:   461.16 | Step Count: 532477 | Episode Q0:    25.73
Episode: 1335/5000 | Episode reward:   229.59 | Episode steps:  975 | Average reward:   400.39 | Step Count: 533452 | Episode Q0:    25.73
Episode: 1336/5000 | Episode reward:   503.33 | Episode steps: 1702 | Average reward:   423.68 | Step Count: 535154 | Episode Q0:    25.73
Episode: 1337/5000 | Episode reward:   464.32 | Episode steps: 1920 | Average reward:   437.23 | Step Count: 537074 | Episode Q0:    25.73
Episode: 1338/5000 | Episode reward:   250.65 | Episode steps: 1123 | Average reward:   412.01 | Step Count: 538197 | Episode Q0:    25.73
Episode: 1339/5000 | Episode reward:   453.29 | Episode steps: 1567 | Average reward:   413.14 | Step Count: 539764 | Episode Q0:    25.73
Episode: 1340/5000 | Episode reward:   635.08 | Episode steps: 2296 | Average reward:   436.35 | Step Count: 542060 | Episode Q0:    25.73
Episode: 1341/5000 | Episode reward:   961.59 | Episode steps: 2500 | Average reward:   528.35 | Step Count: 544560 | Episode Q0:    25.73
Episode: 1342/5000 | Episode reward:   284.91 | Episode steps: 1256 | Average reward:   520.24 | Step Count: 545816 | Episode Q0:    25.73
Episode: 1343/5000 | Episode reward:   370.51 | Episode steps: 1271 | Average reward:   502.48 | Step Count: 547087 | Episode Q0:    25.73
Episode: 1344/5000 | Episode reward:   690.59 | Episode steps: 2322 | Average reward:   484.39 | Step Count: 549409 | Episode Q0:    25.73
Episode: 1345/5000 | Episode reward:   306.52 | Episode steps: 1029 | Average reward:   492.08 | Step Count: 550438 | Episode Q0:    25.73
Episode: 1346/5000 | Episode reward:   936.11 | Episode steps: 2500 | Average reward:   535.36 | Step Count: 552938 | Episode Q0:    25.73
Episode: 1347/5000 | Episode reward:   891.51 | Episode steps: 2500 | Average reward:   578.08 | Step Count: 555438 | Episode Q0:    25.73
Episode: 1348/5000 | Episode reward:   522.08 | Episode steps: 1751 | Average reward:   605.22 | Step Count: 557189 | Episode Q0:    25.73
Episode: 1349/5000 | Episode reward:   614.66 | Episode steps: 1918 | Average reward:   621.36 | Step Count: 559107 | Episode Q0:    25.73
Episode: 1350/5000 | Episode reward:   713.29 | Episode steps: 1787 | Average reward:   629.18 | Step Count: 560894 | Episode Q0:    25.73
Episode: 1351/5000 | Episode reward:   325.78 | Episode steps: 1304 | Average reward:   565.60 | Step Count: 562198 | Episode Q0:    25.73
Episode: 1352/5000 | Episode reward:   574.47 | Episode steps: 1934 | Average reward:   594.55 | Step Count: 564132 | Episode Q0:    25.73
Episode: 1353/5000 | Episode reward:   923.48 | Episode steps: 2500 | Average reward:   649.85 | Step Count: 566632 | Episode Q0:    25.73
Episode: 1354/5000 | Episode reward:   138.07 | Episode steps:  553 | Average reward:   594.60 | Step Count: 567185 | Episode Q0:    25.73
Episode: 1355/5000 | Episode reward:   246.45 | Episode steps:  602 | Average reward:   588.59 | Step Count: 567787 | Episode Q0:    25.73
Episode: 1356/5000 | Episode reward:   324.29 | Episode steps: 1014 | Average reward:   527.41 | Step Count: 568801 | Episode Q0:    26.35
Episode: 1357/5000 | Episode reward:    85.12 | Episode steps:  225 | Average reward:   446.77 | Step Count: 569026 | Episode Q0:    26.35
Episode: 1358/5000 | Episode reward:   402.28 | Episode steps: 1064 | Average reward:   434.79 | Step Count: 570090 | Episode Q0:    26.35
Episode: 1359/5000 | Episode reward:   464.40 | Episode steps: 1288 | Average reward:   419.76 | Step Count: 571378 | Episode Q0:    26.35
Episode: 1360/5000 | Episode reward:   316.97 | Episode steps: 1120 | Average reward:   380.13 | Step Count: 572498 | Episode Q0:    26.35
Episode: 1361/5000 | Episode reward:   377.93 | Episode steps: 1101 | Average reward:   385.35 | Step Count: 573599 | Episode Q0:    26.35
Episode: 1362/5000 | Episode reward:   337.26 | Episode steps: 1124 | Average reward:   361.62 | Step Count: 574723 | Episode Q0:    26.35
Episode: 1363/5000 | Episode reward:    58.96 | Episode steps:  173 | Average reward:   275.17 | Step Count: 574896 | Episode Q0:    26.35
Episode: 1364/5000 | Episode reward:   626.16 | Episode steps: 1875 | Average reward:   323.98 | Step Count: 576771 | Episode Q0:    26.35
Episode: 1365/5000 | Episode reward:   200.24 | Episode steps:  747 | Average reward:   319.36 | Step Count: 577518 | Episode Q0:    26.35
Episode: 1366/5000 | Episode reward:   236.08 | Episode steps:  796 | Average reward:   310.54 | Step Count: 578314 | Episode Q0:    26.35
Episode: 1367/5000 | Episode reward:   374.72 | Episode steps: 1069 | Average reward:   339.50 | Step Count: 579383 | Episode Q0:    26.35
Episode: 1368/5000 | Episode reward:   387.62 | Episode steps: 1172 | Average reward:   338.03 | Step Count: 580555 | Episode Q0:    26.35
Episode: 1369/5000 | Episode reward:    57.33 | Episode steps:  197 | Average reward:   297.33 | Step Count: 580752 | Episode Q0:    26.35
Episode: 1370/5000 | Episode reward:   328.01 | Episode steps: 1147 | Average reward:   298.43 | Step Count: 581899 | Episode Q0:    26.35
Episode: 1371/5000 | Episode reward:   231.88 | Episode steps:  775 | Average reward:   283.83 | Step Count: 582674 | Episode Q0:    26.35
Episode: 1372/5000 | Episode reward:   655.21 | Episode steps: 1756 | Average reward:   315.62 | Step Count: 584430 | Episode Q0:    26.35
Episode: 1373/5000 | Episode reward:   423.44 | Episode steps: 1234 | Average reward:   352.07 | Step Count: 585664 | Episode Q0:    26.35
Episode: 1374/5000 | Episode reward:    87.63 | Episode steps:  170 | Average reward:   298.22 | Step Count: 585834 | Episode Q0:    26.35
Episode: 1375/5000 | Episode reward:   195.32 | Episode steps:  789 | Average reward:   297.72 | Step Count: 586623 | Episode Q0:    26.35
Episode: 1376/5000 | Episode reward:   193.56 | Episode steps:  914 | Average reward:   293.47 | Step Count: 587537 | Episode Q0:    26.35
Episode: 1377/5000 | Episode reward:   233.53 | Episode steps: 1075 | Average reward:   279.35 | Step Count: 588612 | Episode Q0:    27.17
Episode: 1378/5000 | Episode reward:   248.03 | Episode steps:  664 | Average reward:   265.39 | Step Count: 589276 | Episode Q0:    27.17
Episode: 1379/5000 | Episode reward:   219.39 | Episode steps:  971 | Average reward:   281.60 | Step Count: 590247 | Episode Q0:    27.17
Episode: 1380/5000 | Episode reward:   266.28 | Episode steps: 1128 | Average reward:   275.43 | Step Count: 591375 | Episode Q0:    27.17
Episode: 1381/5000 | Episode reward:   242.84 | Episode steps:  985 | Average reward:   276.52 | Step Count: 592360 | Episode Q0:    27.17
Episode: 1382/5000 | Episode reward:   341.47 | Episode steps: 1385 | Average reward:   245.15 | Step Count: 593745 | Episode Q0:    27.17
Episode: 1383/5000 | Episode reward:   265.80 | Episode steps: 1410 | Average reward:   229.38 | Step Count: 595155 | Episode Q0:    27.17
Episode: 1384/5000 | Episode reward:   183.94 | Episode steps:  488 | Average reward:   239.02 | Step Count: 595643 | Episode Q0:    27.17
Episode: 1385/5000 | Episode reward:   373.89 | Episode steps: 1531 | Average reward:   256.87 | Step Count: 597174 | Episode Q0:    27.17
Episode: 1386/5000 | Episode reward:   142.99 | Episode steps:  305 | Average reward:   251.81 | Step Count: 597479 | Episode Q0:    27.17
Episode: 1387/5000 | Episode reward:    34.99 | Episode steps:  165 | Average reward:   231.96 | Step Count: 597644 | Episode Q0:    27.17
Episode: 1388/5000 | Episode reward:   342.86 | Episode steps: 1343 | Average reward:   241.44 | Step Count: 598987 | Episode Q0:    27.17
Episode: 1389/5000 | Episode reward:   281.40 | Episode steps: 1032 | Average reward:   247.64 | Step Count: 600019 | Episode Q0:    27.17
Episode: 1390/5000 | Episode reward:   381.52 | Episode steps: 1392 | Average reward:   259.17 | Step Count: 601411 | Episode Q0:    27.17
Episode: 1391/5000 | Episode reward:    68.77 | Episode steps:  698 | Average reward:   241.76 | Step Count: 602109 | Episode Q0:    27.17
Episode: 1392/5000 | Episode reward:   197.10 | Episode steps:  897 | Average reward:   227.33 | Step Count: 603006 | Episode Q0:    27.17
Episode: 1393/5000 | Episode reward:    71.38 | Episode steps:  138 | Average reward:   207.88 | Step Count: 603144 | Episode Q0:    27.17
Episode: 1394/5000 | Episode reward:   384.78 | Episode steps: 1379 | Average reward:   227.97 | Step Count: 604523 | Episode Q0:    27.17
Episode: 1395/5000 | Episode reward:   452.11 | Episode steps: 1572 | Average reward:   235.79 | Step Count: 606095 | Episode Q0:    27.17
Episode: 1396/5000 | Episode reward:   412.06 | Episode steps: 1375 | Average reward:   262.70 | Step Count: 607470 | Episode Q0:    27.17
Episode: 1397/5000 | Episode reward:    96.22 | Episode steps:  251 | Average reward:   268.82 | Step Count: 607721 | Episode Q0:    27.17
Episode: 1398/5000 | Episode reward:   143.98 | Episode steps:  321 | Average reward:   248.93 | Step Count: 608042 | Episode Q0:    27.17
Episode: 1399/5000 | Episode reward:   287.77 | Episode steps: 1154 | Average reward:   249.57 | Step Count: 609196 | Episode Q0:    27.17
Episode: 1400/5000 | Episode reward:    67.77 | Episode steps:  182 | Average reward:   218.19 | Step Count: 609378 | Episode Q0:    27.17
Episode: 1401/5000 | Episode reward:   271.32 | Episode steps: 1039 | Average reward:   238.45 | Step Count: 610417 | Episode Q0:    27.82
Episode: 1402/5000 | Episode reward:    93.96 | Episode steps:  625 | Average reward:   228.13 | Step Count: 611042 | Episode Q0:    27.82
Episode: 1403/5000 | Episode reward:   185.87 | Episode steps: 1141 | Average reward:   239.58 | Step Count: 612183 | Episode Q0:    27.82
Episode: 1404/5000 | Episode reward:   267.24 | Episode steps: 1474 | Average reward:   227.83 | Step Count: 613657 | Episode Q0:    27.82
Episode: 1405/5000 | Episode reward:    84.93 | Episode steps: 1041 | Average reward:   191.11 | Step Count: 614698 | Episode Q0:    27.82
Episode: 1406/5000 | Episode reward:   258.07 | Episode steps: 1003 | Average reward:   175.71 | Step Count: 615701 | Episode Q0:    27.82
Episode: 1407/5000 | Episode reward:   326.85 | Episode steps: 1387 | Average reward:   198.78 | Step Count: 617088 | Episode Q0:    27.82
Episode: 1408/5000 | Episode reward:   208.88 | Episode steps: 1370 | Average reward:   205.27 | Step Count: 618458 | Episode Q0:    27.82
Episode: 1409/5000 | Episode reward:   310.76 | Episode steps: 1037 | Average reward:   207.57 | Step Count: 619495 | Episode Q0:    27.82
Episode: 1410/5000 | Episode reward:   195.61 | Episode steps: 1033 | Average reward:   220.35 | Step Count: 620528 | Episode Q0:    27.82
Episode: 1411/5000 | Episode reward:   445.84 | Episode steps: 1752 | Average reward:   237.80 | Step Count: 622280 | Episode Q0:    27.82
Episode: 1412/5000 | Episode reward:    52.46 | Episode steps:  189 | Average reward:   233.65 | Step Count: 622469 | Episode Q0:    27.82
Episode: 1413/5000 | Episode reward:   286.42 | Episode steps: 1504 | Average reward:   243.71 | Step Count: 623973 | Episode Q0:    27.82
Episode: 1414/5000 | Episode reward:   233.91 | Episode steps:  999 | Average reward:   240.37 | Step Count: 624972 | Episode Q0:    27.82
Episode: 1415/5000 | Episode reward:   171.84 | Episode steps:  960 | Average reward:   249.06 | Step Count: 625932 | Episode Q0:    27.82
Episode: 1416/5000 | Episode reward:    83.01 | Episode steps:  238 | Average reward:   231.56 | Step Count: 626170 | Episode Q0:    27.82
Episode: 1417/5000 | Episode reward:   151.04 | Episode steps: 1181 | Average reward:   213.98 | Step Count: 627351 | Episode Q0:    27.82
Episode: 1418/5000 | Episode reward:    84.60 | Episode steps:  243 | Average reward:   201.55 | Step Count: 627594 | Episode Q0:    27.82
Episode: 1419/5000 | Episode reward:   156.01 | Episode steps:  738 | Average reward:   186.07 | Step Count: 628332 | Episode Q0:    27.82
Episode: 1420/5000 | Episode reward:   114.36 | Episode steps:  279 | Average reward:   177.95 | Step Count: 628611 | Episode Q0:    27.82
Episode: 1421/5000 | Episode reward:   133.92 | Episode steps:  556 | Average reward:   146.76 | Step Count: 629167 | Episode Q0:    27.82
Episode: 1422/5000 | Episode reward:   137.16 | Episode steps:  309 | Average reward:   155.23 | Step Count: 629476 | Episode Q0:    27.82
Episode: 1423/5000 | Episode reward:   349.14 | Episode steps: 1183 | Average reward:   161.50 | Step Count: 630659 | Episode Q0:    28.36
Episode: 1424/5000 | Episode reward:    76.27 | Episode steps:  220 | Average reward:   145.73 | Step Count: 630879 | Episode Q0:    28.36
Episode: 1425/5000 | Episode reward:   272.97 | Episode steps: 1127 | Average reward:   155.85 | Step Count: 632006 | Episode Q0:    28.36
Episode: 1426/5000 | Episode reward:   309.29 | Episode steps: 1119 | Average reward:   178.48 | Step Count: 633125 | Episode Q0:    28.36
Episode: 1427/5000 | Episode reward:   282.39 | Episode steps: 1107 | Average reward:   191.61 | Step Count: 634232 | Episode Q0:    28.36
Episode: 1428/5000 | Episode reward:   349.44 | Episode steps: 1199 | Average reward:   218.10 | Step Count: 635431 | Episode Q0:    28.36
Episode: 1429/5000 | Episode reward:   315.16 | Episode steps: 1154 | Average reward:   234.01 | Step Count: 636585 | Episode Q0:    28.36
Episode: 1430/5000 | Episode reward:   212.14 | Episode steps:  740 | Average reward:   243.79 | Step Count: 637325 | Episode Q0:    28.36
Episode: 1431/5000 | Episode reward:   241.90 | Episode steps:  936 | Average reward:   254.59 | Step Count: 638261 | Episode Q0:    28.36
Episode: 1432/5000 | Episode reward:   195.09 | Episode steps:  731 | Average reward:   260.38 | Step Count: 638992 | Episode Q0:    28.36
Episode: 1433/5000 | Episode reward:   429.60 | Episode steps: 1248 | Average reward:   268.43 | Step Count: 640240 | Episode Q0:    28.36
Episode: 1434/5000 | Episode reward:   420.38 | Episode steps: 1526 | Average reward:   302.84 | Step Count: 641766 | Episode Q0:    28.36
Episode: 1435/5000 | Episode reward:   316.01 | Episode steps: 1179 | Average reward:   307.14 | Step Count: 642945 | Episode Q0:    28.36
Episode: 1436/5000 | Episode reward:    43.88 | Episode steps:  186 | Average reward:   280.60 | Step Count: 643131 | Episode Q0:    28.36
Episode: 1437/5000 | Episode reward:   369.05 | Episode steps: 1215 | Average reward:   289.27 | Step Count: 644346 | Episode Q0:    28.36
Episode: 1438/5000 | Episode reward:   384.72 | Episode steps: 1204 | Average reward:   292.79 | Step Count: 645550 | Episode Q0:    28.36
Episode: 1439/5000 | Episode reward:   388.56 | Episode steps: 1483 | Average reward:   300.13 | Step Count: 647033 | Episode Q0:    28.36
Episode: 1440/5000 | Episode reward:    33.85 | Episode steps:  167 | Average reward:   282.30 | Step Count: 647200 | Episode Q0:    28.36
Episode: 1441/5000 | Episode reward:   287.93 | Episode steps: 1113 | Average reward:   286.91 | Step Count: 648313 | Episode Q0:    28.36
Episode: 1442/5000 | Episode reward:   156.89 | Episode steps:  321 | Average reward:   283.09 | Step Count: 648634 | Episode Q0:    28.36
Episode: 1443/5000 | Episode reward:   429.81 | Episode steps: 1262 | Average reward:   283.11 | Step Count: 649896 | Episode Q0:    28.36
Episode: 1444/5000 | Episode reward:   481.43 | Episode steps: 1212 | Average reward:   289.21 | Step Count: 651108 | Episode Q0:    28.36
Episode: 1445/5000 | Episode reward:   141.95 | Episode steps:  302 | Average reward:   271.81 | Step Count: 651410 | Episode Q0:    28.36
Episode: 1446/5000 | Episode reward:   489.83 | Episode steps: 2214 | Average reward:   316.40 | Step Count: 653624 | Episode Q0:    28.49
Episode: 1447/5000 | Episode reward:   623.91 | Episode steps: 2500 | Average reward:   341.89 | Step Count: 656124 | Episode Q0:    28.49
Episode: 1448/5000 | Episode reward:   261.49 | Episode steps: 1452 | Average reward:   329.57 | Step Count: 657576 | Episode Q0:    28.49
Episode: 1449/5000 | Episode reward:   431.06 | Episode steps: 2500 | Average reward:   333.82 | Step Count: 660076 | Episode Q0:    28.49
Episode: 1450/5000 | Episode reward:   269.29 | Episode steps: 1645 | Average reward:   357.36 | Step Count: 661721 | Episode Q0:    28.49
Episode: 1451/5000 | Episode reward:   351.14 | Episode steps: 1496 | Average reward:   363.68 | Step Count: 663217 | Episode Q0:    28.49
Episode: 1452/5000 | Episode reward:   584.38 | Episode steps: 2500 | Average reward:   406.43 | Step Count: 665717 | Episode Q0:    28.49
Episode: 1453/5000 | Episode reward:   233.88 | Episode steps: 1640 | Average reward:   386.84 | Step Count: 667357 | Episode Q0:    28.49
Episode: 1454/5000 | Episode reward:   437.06 | Episode steps: 1878 | Average reward:   382.40 | Step Count: 669235 | Episode Q0:    28.49
Episode: 1455/5000 | Episode reward:   162.89 | Episode steps: 1327 | Average reward:   384.49 | Step Count: 670562 | Episode Q0:    28.49
Episode: 1456/5000 | Episode reward:   411.98 | Episode steps: 1869 | Average reward:   376.71 | Step Count: 672431 | Episode Q0:    28.49
Episode: 1457/5000 | Episode reward:   135.09 | Episode steps: 1878 | Average reward:   327.83 | Step Count: 674309 | Episode Q0:    28.49
Episode: 1458/5000 | Episode reward:   491.63 | Episode steps: 1638 | Average reward:   350.84 | Step Count: 675947 | Episode Q0:    28.49
Episode: 1459/5000 | Episode reward:    60.55 | Episode steps:  187 | Average reward:   313.79 | Step Count: 676134 | Episode Q0:    28.49
Episode: 1460/5000 | Episode reward:   457.01 | Episode steps: 1561 | Average reward:   332.56 | Step Count: 677695 | Episode Q0:    28.49
Episode: 1461/5000 | Episode reward:   652.49 | Episode steps: 2500 | Average reward:   362.70 | Step Count: 680195 | Episode Q0:    28.49
Episode: 1462/5000 | Episode reward:    54.19 | Episode steps:  190 | Average reward:   309.68 | Step Count: 680385 | Episode Q0:    28.49
Episode: 1463/5000 | Episode reward:   276.25 | Episode steps: 1620 | Average reward:   313.91 | Step Count: 682005 | Episode Q0:    28.49
Episode: 1464/5000 | Episode reward:   627.67 | Episode steps: 2500 | Average reward:   332.97 | Step Count: 684505 | Episode Q0:    28.49
Episode: 1465/5000 | Episode reward:   464.89 | Episode steps: 1599 | Average reward:   363.17 | Step Count: 686104 | Episode Q0:    28.49
Episode: 1466/5000 | Episode reward:   373.39 | Episode steps: 1655 | Average reward:   359.31 | Step Count: 687759 | Episode Q0:    28.49
Episode: 1467/5000 | Episode reward:   237.15 | Episode steps: 1213 | Average reward:   369.52 | Step Count: 688972 | Episode Q0:    28.55
Episode: 1468/5000 | Episode reward:   323.24 | Episode steps: 1923 | Average reward:   352.68 | Step Count: 690895 | Episode Q0:    28.55
Episode: 1469/5000 | Episode reward:   306.67 | Episode steps: 1163 | Average reward:   377.29 | Step Count: 692058 | Episode Q0:    28.55
Episode: 1470/5000 | Episode reward:   393.46 | Episode steps: 1736 | Average reward:   370.94 | Step Count: 693794 | Episode Q0:    28.55
Episode: 1471/5000 | Episode reward:   219.75 | Episode steps: 1365 | Average reward:   327.67 | Step Count: 695159 | Episode Q0:    28.55
Episode: 1472/5000 | Episode reward:   313.39 | Episode steps: 1627 | Average reward:   353.59 | Step Count: 696786 | Episode Q0:    28.55
Episode: 1473/5000 | Episode reward:   198.76 | Episode steps: 1113 | Average reward:   345.84 | Step Count: 697899 | Episode Q0:    28.55
Episode: 1474/5000 | Episode reward:   241.33 | Episode steps: 1120 | Average reward:   307.20 | Step Count: 699019 | Episode Q0:    28.55
Episode: 1475/5000 | Episode reward:   453.78 | Episode steps: 2197 | Average reward:   306.09 | Step Count: 701216 | Episode Q0:    28.55
Episode: 1476/5000 | Episode reward:   258.92 | Episode steps: 1721 | Average reward:   294.65 | Step Count: 702937 | Episode Q0:    28.55
Episode: 1477/5000 | Episode reward:   454.57 | Episode steps: 1917 | Average reward:   316.39 | Step Count: 704854 | Episode Q0:    28.55
Episode: 1478/5000 | Episode reward:   217.82 | Episode steps: 1505 | Average reward:   305.85 | Step Count: 706359 | Episode Q0:    28.55
Episode: 1479/5000 | Episode reward:   381.01 | Episode steps: 1384 | Average reward:   313.28 | Step Count: 707743 | Episode Q0:    28.55
Episode: 1480/5000 | Episode reward:   302.58 | Episode steps: 1494 | Average reward:   304.19 | Step Count: 709237 | Episode Q0:    28.55
Episode: 1481/5000 | Episode reward:   364.67 | Episode steps: 1608 | Average reward:   318.68 | Step Count: 710845 | Episode Q0:    28.55
Episode: 1482/5000 | Episode reward:   478.70 | Episode steps: 2460 | Average reward:   335.22 | Step Count: 713305 | Episode Q0:    28.55
Episode: 1483/5000 | Episode reward:   298.14 | Episode steps: 2154 | Average reward:   345.15 | Step Count: 715459 | Episode Q0:    28.55
Episode: 1484/5000 | Episode reward:   290.95 | Episode steps: 1355 | Average reward:   350.11 | Step Count: 716814 | Episode Q0:    28.55
Episode: 1485/5000 | Episode reward:   325.43 | Episode steps: 1524 | Average reward:   337.28 | Step Count: 718338 | Episode Q0:    28.55
Episode: 1486/5000 | Episode reward:   550.10 | Episode steps: 2500 | Average reward:   366.40 | Step Count: 720838 | Episode Q0:    28.55
Episode: 1487/5000 | Episode reward:   411.45 | Episode steps: 1801 | Average reward:   362.09 | Step Count: 722639 | Episode Q0:    28.55
Episode: 1488/5000 | Episode reward:   401.28 | Episode steps: 1979 | Average reward:   380.43 | Step Count: 724618 | Episode Q0:    28.55
Episode: 1489/5000 | Episode reward:    35.94 | Episode steps:  154 | Average reward:   345.92 | Step Count: 724772 | Episode Q0:    28.55
Episode: 1490/5000 | Episode reward:    36.75 | Episode steps:  173 | Average reward:   319.34 | Step Count: 724945 | Episode Q0:    28.55
Episode: 1491/5000 | Episode reward:    80.01 | Episode steps:  215 | Average reward:   290.88 | Step Count: 725160 | Episode Q0:    28.55
Episode: 1492/5000 | Episode reward:   450.68 | Episode steps: 1647 | Average reward:   288.07 | Step Count: 726807 | Episode Q0:    29.98
Episode: 1493/5000 | Episode reward:   500.15 | Episode steps: 2304 | Average reward:   308.27 | Step Count: 729111 | Episode Q0:    29.98
Episode: 1494/5000 | Episode reward:   481.59 | Episode steps: 2500 | Average reward:   327.34 | Step Count: 731611 | Episode Q0:    29.98
Episode: 1495/5000 | Episode reward:   218.98 | Episode steps: 1977 | Average reward:   316.69 | Step Count: 733588 | Episode Q0:    29.98
Episode: 1496/5000 | Episode reward:   606.13 | Episode steps: 2011 | Average reward:   322.30 | Step Count: 735599 | Episode Q0:    29.98
Episode: 1497/5000 | Episode reward:   105.26 | Episode steps: 1860 | Average reward:   291.68 | Step Count: 737459 | Episode Q0:    29.98
Episode: 1498/5000 | Episode reward:   533.40 | Episode steps: 2172 | Average reward:   304.89 | Step Count: 739631 | Episode Q0:    29.98
Episode: 1499/5000 | Episode reward:   430.27 | Episode steps: 2071 | Average reward:   344.32 | Step Count: 741702 | Episode Q0:    29.98
Episode: 1500/5000 | Episode reward:   357.03 | Episode steps: 1489 | Average reward:   376.35 | Step Count: 743191 | Episode Q0:    29.98
Episode: 1501/5000 | Episode reward:   731.04 | Episode steps: 2413 | Average reward:   441.45 | Step Count: 745604 | Episode Q0:    29.98
Episode: 1502/5000 | Episode reward:   293.78 | Episode steps: 2364 | Average reward:   425.76 | Step Count: 747968 | Episode Q0:    29.98
Episode: 1503/5000 | Episode reward:   381.25 | Episode steps: 1706 | Average reward:   413.87 | Step Count: 749674 | Episode Q0:    29.98
Episode: 1504/5000 | Episode reward:   168.22 | Episode steps:  383 | Average reward:   382.54 | Step Count: 750057 | Episode Q0:    29.98
Episode: 1505/5000 | Episode reward:   491.26 | Episode steps: 2400 | Average reward:   409.76 | Step Count: 752457 | Episode Q0:    29.98
Episode: 1506/5000 | Episode reward:    77.17 | Episode steps:  221 | Average reward:   356.87 | Step Count: 752678 | Episode Q0:    29.98
Episode: 1507/5000 | Episode reward:   483.92 | Episode steps: 2291 | Average reward:   394.73 | Step Count: 754969 | Episode Q0:    29.98
Episode: 1508/5000 | Episode reward:    52.82 | Episode steps:  164 | Average reward:   346.68 | Step Count: 755133 | Episode Q0:    29.98
Episode: 1509/5000 | Episode reward:   279.84 | Episode steps: 1337 | Average reward:   331.63 | Step Count: 756470 | Episode Q0:    29.98
Episode: 1510/5000 | Episode reward:   479.00 | Episode steps: 2142 | Average reward:   343.83 | Step Count: 758612 | Episode Q0:    29.98
Episode: 1511/5000 | Episode reward:    32.06 | Episode steps:  169 | Average reward:   273.93 | Step Count: 758781 | Episode Q0:    29.98
Episode: 1512/5000 | Episode reward:   129.53 | Episode steps:  302 | Average reward:   257.51 | Step Count: 759083 | Episode Q0:    29.98
Episode: 1513/5000 | Episode reward:   313.49 | Episode steps: 2500 | Average reward:   250.73 | Step Count: 761583 | Episode Q0:    30.05
Episode: 1514/5000 | Episode reward:    69.93 | Episode steps: 2500 | Average reward:   240.90 | Step Count: 764083 | Episode Q0:    30.05
Episode: 1515/5000 | Episode reward:   487.60 | Episode steps: 2500 | Average reward:   240.54 | Step Count: 766583 | Episode Q0:    30.05
Episode: 1516/5000 | Episode reward:   365.37 | Episode steps: 2500 | Average reward:   269.36 | Step Count: 769083 | Episode Q0:    30.05
Episode: 1517/5000 | Episode reward:   246.10 | Episode steps: 2500 | Average reward:   245.57 | Step Count: 771583 | Episode Q0:    30.05
Episode: 1518/5000 | Episode reward:   244.32 | Episode steps: 2500 | Average reward:   264.72 | Step Count: 774083 | Episode Q0:    30.05
Episode: 1519/5000 | Episode reward:   422.92 | Episode steps: 2500 | Average reward:   279.03 | Step Count: 776583 | Episode Q0:    30.05
Episode: 1520/5000 | Episode reward:   260.50 | Episode steps: 2500 | Average reward:   257.18 | Step Count: 779083 | Episode Q0:    30.05
Episode: 1521/5000 | Episode reward:   588.56 | Episode steps: 2500 | Average reward:   312.83 | Step Count: 781583 | Episode Q0:    30.05
Episode: 1522/5000 | Episode reward:   484.13 | Episode steps: 2500 | Average reward:   348.29 | Step Count: 784083 | Episode Q0:    30.05
Episode: 1523/5000 | Episode reward:   246.32 | Episode steps: 2500 | Average reward:   341.58 | Step Count: 786583 | Episode Q0:    30.05
Episode: 1524/5000 | Episode reward:   260.97 | Episode steps: 2500 | Average reward:   360.68 | Step Count: 789083 | Episode Q0:    30.05
Episode: 1525/5000 | Episode reward:   198.83 | Episode steps: 2500 | Average reward:   331.80 | Step Count: 791583 | Episode Q0:    30.05
Episode: 1526/5000 | Episode reward:   339.51 | Episode steps: 2500 | Average reward:   329.22 | Step Count: 794083 | Episode Q0:    30.05
Episode: 1527/5000 | Episode reward:   314.61 | Episode steps: 2500 | Average reward:   336.07 | Step Count: 796583 | Episode Q0:    30.05
Episode: 1528/5000 | Episode reward:   381.60 | Episode steps: 2500 | Average reward:   349.79 | Step Count: 799083 | Episode Q0:    30.05
Episode: 1529/5000 | Episode reward:   251.49 | Episode steps: 2500 | Average reward:   332.65 | Step Count: 801583 | Episode Q0:    30.05
Episode: 1530/5000 | Episode reward:   587.48 | Episode steps: 2500 | Average reward:   365.35 | Step Count: 804083 | Episode Q0:    30.05
Episode: 1531/5000 | Episode reward:   212.59 | Episode steps: 2500 | Average reward:   327.75 | Step Count: 806583 | Episode Q0:    30.05
Episode: 1532/5000 | Episode reward:   403.68 | Episode steps: 2500 | Average reward:   319.71 | Step Count: 809083 | Episode Q0:    30.05
Episode: 1533/5000 | Episode reward:   342.03 | Episode steps: 2500 | Average reward:   329.28 | Step Count: 811583 | Episode Q0:    30.05
Episode: 1534/5000 | Episode reward:   328.21 | Episode steps: 2500 | Average reward:   336.00 | Step Count: 814083 | Episode Q0:    30.05
Episode: 1535/5000 | Episode reward:   363.46 | Episode steps: 2500 | Average reward:   352.47 | Step Count: 816583 | Episode Q0:    30.05
Episode: 1536/5000 | Episode reward:   358.85 | Episode steps: 2500 | Average reward:   354.40 | Step Count: 819083 | Episode Q0:    29.22
Episode: 1537/5000 | Episode reward:   638.42 | Episode steps: 2500 | Average reward:   386.78 | Step Count: 821583 | Episode Q0:    29.22
Episode: 1538/5000 | Episode reward:   614.27 | Episode steps: 2500 | Average reward:   410.05 | Step Count: 824083 | Episode Q0:    29.22
Episode: 1539/5000 | Episode reward:   410.41 | Episode steps: 2500 | Average reward:   425.94 | Step Count: 826583 | Episode Q0:    29.22
Episode: 1540/5000 | Episode reward:   460.34 | Episode steps: 2500 | Average reward:   413.23 | Step Count: 829083 | Episode Q0:    29.22
Episode: 1541/5000 | Episode reward:   471.58 | Episode steps: 2500 | Average reward:   439.13 | Step Count: 831583 | Episode Q0:    29.22
Episode: 1542/5000 | Episode reward:   479.02 | Episode steps: 2500 | Average reward:   446.66 | Step Count: 834083 | Episode Q0:    29.22
Episode: 1543/5000 | Episode reward:   450.44 | Episode steps: 2500 | Average reward:   457.50 | Step Count: 836583 | Episode Q0:    29.22
Episode: 1544/5000 | Episode reward:   633.73 | Episode steps: 2500 | Average reward:   488.05 | Step Count: 839083 | Episode Q0:    29.22
Episode: 1545/5000 | Episode reward:   596.82 | Episode steps: 2500 | Average reward:   511.39 | Step Count: 841583 | Episode Q0:    29.22
Episode: 1546/5000 | Episode reward:   615.16 | Episode steps: 2500 | Average reward:   537.02 | Step Count: 844083 | Episode Q0:    29.22
Episode: 1547/5000 | Episode reward:   381.70 | Episode steps: 2500 | Average reward:   511.35 | Step Count: 846583 | Episode Q0:    29.22
Episode: 1548/5000 | Episode reward:   378.37 | Episode steps: 2500 | Average reward:   487.76 | Step Count: 849083 | Episode Q0:    29.22
Episode: 1549/5000 | Episode reward:   593.44 | Episode steps: 2500 | Average reward:   506.06 | Step Count: 851583 | Episode Q0:    29.22
Episode: 1550/5000 | Episode reward:   520.98 | Episode steps: 2500 | Average reward:   512.13 | Step Count: 854083 | Episode Q0:    29.22
Episode: 1551/5000 | Episode reward:   335.05 | Episode steps: 2500 | Average reward:   498.47 | Step Count: 856583 | Episode Q0:    29.22
Episode: 1552/5000 | Episode reward:   443.55 | Episode steps: 2500 | Average reward:   494.93 | Step Count: 859083 | Episode Q0:    29.22
Episode: 1553/5000 | Episode reward:   636.86 | Episode steps: 2500 | Average reward:   513.57 | Step Count: 861583 | Episode Q0:    29.22
Episode: 1554/5000 | Episode reward:   508.80 | Episode steps: 2500 | Average reward:   501.07 | Step Count: 864083 | Episode Q0:    29.22
Episode: 1555/5000 | Episode reward:   499.68 | Episode steps: 2500 | Average reward:   491.36 | Step Count: 866583 | Episode Q0:    29.22
Episode: 1556/5000 | Episode reward:   620.36 | Episode steps: 2500 | Average reward:   491.88 | Step Count: 869083 | Episode Q0:    29.22
Episode: 1557/5000 | Episode reward:   487.51 | Episode steps: 2500 | Average reward:   502.46 | Step Count: 871583 | Episode Q0:    28.89
Episode: 1558/5000 | Episode reward:   615.21 | Episode steps: 2500 | Average reward:   526.14 | Step Count: 874083 | Episode Q0:    28.89
Episode: 1559/5000 | Episode reward:   755.84 | Episode steps: 2500 | Average reward:   542.38 | Step Count: 876583 | Episode Q0:    28.89
Episode: 1560/5000 | Episode reward:   695.68 | Episode steps: 2500 | Average reward:   559.85 | Step Count: 879083 | Episode Q0:    28.89
Episode: 1561/5000 | Episode reward:   674.94 | Episode steps: 2500 | Average reward:   593.84 | Step Count: 881583 | Episode Q0:    28.89
Episode: 1562/5000 | Episode reward:   726.33 | Episode steps: 2500 | Average reward:   622.12 | Step Count: 884083 | Episode Q0:    28.89
Episode: 1563/5000 | Episode reward:   815.20 | Episode steps: 2500 | Average reward:   639.96 | Step Count: 886583 | Episode Q0:    28.89
Episode: 1564/5000 | Episode reward:   273.97 | Episode steps: 2500 | Average reward:   616.47 | Step Count: 889083 | Episode Q0:    28.89
Episode: 1565/5000 | Episode reward:   493.55 | Episode steps: 2500 | Average reward:   615.86 | Step Count: 891583 | Episode Q0:    28.89
Episode: 1566/5000 | Episode reward:   686.54 | Episode steps: 2500 | Average reward:   622.48 | Step Count: 894083 | Episode Q0:    28.89
Episode: 1567/5000 | Episode reward:   423.39 | Episode steps: 2500 | Average reward:   616.07 | Step Count: 896583 | Episode Q0:    28.89
Episode: 1568/5000 | Episode reward:   424.98 | Episode steps: 2500 | Average reward:   597.04 | Step Count: 899083 | Episode Q0:    28.89
Episode: 1569/5000 | Episode reward:   788.04 | Episode steps: 2500 | Average reward:   600.26 | Step Count: 901583 | Episode Q0:    28.89
Episode: 1570/5000 | Episode reward:   533.57 | Episode steps: 2500 | Average reward:   584.05 | Step Count: 904083 | Episode Q0:    28.89
Episode: 1571/5000 | Episode reward:   535.09 | Episode steps: 2500 | Average reward:   570.07 | Step Count: 906583 | Episode Q0:    28.89
Episode: 1572/5000 | Episode reward:   267.56 | Episode steps: 2500 | Average reward:   524.19 | Step Count: 909083 | Episode Q0:    28.89
Episode: 1573/5000 | Episode reward:   817.47 | Episode steps: 2500 | Average reward:   524.42 | Step Count: 911583 | Episode Q0:    28.89
Episode: 1574/5000 | Episode reward:   361.02 | Episode steps: 2500 | Average reward:   533.12 | Step Count: 914083 | Episode Q0:    28.89
Episode: 1575/5000 | Episode reward:   589.23 | Episode steps: 2500 | Average reward:   542.69 | Step Count: 916583 | Episode Q0:    28.89
Episode: 1576/5000 | Episode reward:   648.66 | Episode steps: 2500 | Average reward:   538.90 | Step Count: 919083 | Episode Q0:    28.89
Episode: 1577/5000 | Episode reward:   527.65 | Episode steps: 2500 | Average reward:   549.33 | Step Count: 921583 | Episode Q0:    28.89
Episode: 1578/5000 | Episode reward:   741.76 | Episode steps: 2500 | Average reward:   581.01 | Step Count: 924083 | Episode Q0:    28.89
Episode: 1579/5000 | Episode reward:   599.83 | Episode steps: 2500 | Average reward:   562.18 | Step Count: 926583 | Episode Q0:    28.89
Episode: 1580/5000 | Episode reward:   654.67 | Episode steps: 2500 | Average reward:   574.29 | Step Count: 929083 | Episode Q0:    30.09
Episode: 1581/5000 | Episode reward:   584.02 | Episode steps: 2500 | Average reward:   579.19 | Step Count: 931583 | Episode Q0:    30.09
Episode: 1582/5000 | Episode reward:   795.75 | Episode steps: 2500 | Average reward:   632.01 | Step Count: 934083 | Episode Q0:    30.09
Episode: 1583/5000 | Episode reward:   764.26 | Episode steps: 2500 | Average reward:   626.68 | Step Count: 936583 | Episode Q0:    30.09
Episode: 1584/5000 | Episode reward:   681.94 | Episode steps: 2500 | Average reward:   658.78 | Step Count: 939083 | Episode Q0:    30.09
Episode: 1585/5000 | Episode reward:   448.70 | Episode steps: 2500 | Average reward:   644.72 | Step Count: 941583 | Episode Q0:    30.09
Episode: 1586/5000 | Episode reward:   700.23 | Episode steps: 2500 | Average reward:   649.88 | Step Count: 944083 | Episode Q0:    30.09
Episode: 1587/5000 | Episode reward:   622.52 | Episode steps: 2500 | Average reward:   659.37 | Step Count: 946583 | Episode Q0:    30.09
Episode: 1588/5000 | Episode reward:   626.15 | Episode steps: 2500 | Average reward:   647.81 | Step Count: 949083 | Episode Q0:    30.09
Episode: 1589/5000 | Episode reward:   892.53 | Episode steps: 2500 | Average reward:   677.08 | Step Count: 951583 | Episode Q0:    30.09
Episode: 1590/5000 | Episode reward:   375.67 | Episode steps: 2500 | Average reward:   649.18 | Step Count: 954083 | Episode Q0:    30.09
Episode: 1591/5000 | Episode reward:   701.71 | Episode steps: 2500 | Average reward:   660.95 | Step Count: 956583 | Episode Q0:    30.09
Episode: 1592/5000 | Episode reward:   755.93 | Episode steps: 2500 | Average reward:   656.96 | Step Count: 959083 | Episode Q0:    30.09
Episode: 1593/5000 | Episode reward:   595.35 | Episode steps: 2500 | Average reward:   640.07 | Step Count: 961583 | Episode Q0:    30.09
Episode: 1594/5000 | Episode reward:   637.57 | Episode steps: 2500 | Average reward:   635.64 | Step Count: 964083 | Episode Q0:    30.09
Episode: 1595/5000 | Episode reward:   470.89 | Episode steps: 2500 | Average reward:   637.86 | Step Count: 966583 | Episode Q0:    30.09
Episode: 1596/5000 | Episode reward:  1050.82 | Episode steps: 2500 | Average reward:   672.91 | Step Count: 969083 | Episode Q0:    30.09
Episode: 1597/5000 | Episode reward:   827.80 | Episode steps: 2500 | Average reward:   693.44 | Step Count: 971583 | Episode Q0:    30.09
Episode: 1598/5000 | Episode reward:   805.16 | Episode steps: 2500 | Average reward:   711.34 | Step Count: 974083 | Episode Q0:    30.09
Episode: 1599/5000 | Episode reward:   796.93 | Episode steps: 2500 | Average reward:   701.78 | Step Count: 976583 | Episode Q0:    30.09
Episode: 1600/5000 | Episode reward:   563.71 | Episode steps: 2500 | Average reward:   720.59 | Step Count: 979083 | Episode Q0:    30.09
Episode: 1601/5000 | Episode reward:   803.56 | Episode steps: 2500 | Average reward:   730.77 | Step Count: 981583 | Episode Q0:    29.81
Episode: 1602/5000 | Episode reward:   800.31 | Episode steps: 2500 | Average reward:   735.21 | Step Count: 984083 | Episode Q0:    29.81
Episode: 1603/5000 | Episode reward:   710.79 | Episode steps: 2500 | Average reward:   746.75 | Step Count: 986583 | Episode Q0:    29.81
Episode: 1604/5000 | Episode reward:   799.36 | Episode steps: 2500 | Average reward:   762.93 | Step Count: 989083 | Episode Q0:    29.81
Episode: 1605/5000 | Episode reward:   442.64 | Episode steps: 2500 | Average reward:   760.11 | Step Count: 991583 | Episode Q0:    29.81
Episode: 1606/5000 | Episode reward:   802.72 | Episode steps: 2500 | Average reward:   735.30 | Step Count: 994083 | Episode Q0:    29.81
Episode: 1607/5000 | Episode reward:   661.84 | Episode steps: 2500 | Average reward:   718.70 | Step Count: 996583 | Episode Q0:    29.81
Episode: 1608/5000 | Episode reward:   826.42 | Episode steps: 2500 | Average reward:   720.83 | Step Count: 999083 | Episode Q0:    29.81
Episode: 1609/5000 | Episode reward:   938.38 | Episode steps: 2500 | Average reward:   734.97 | Step Count: 1001583 | Episode Q0:    29.81
Episode: 1610/5000 | Episode reward:   769.90 | Episode steps: 2500 | Average reward:   755.59 | Step Count: 1004083 | Episode Q0:    29.81
Episode: 1611/5000 | Episode reward:   804.07 | Episode steps: 2500 | Average reward:   755.64 | Step Count: 1006583 | Episode Q0:    29.81
Episode: 1612/5000 | Episode reward:   473.62 | Episode steps: 2500 | Average reward:   722.97 | Step Count: 1009083 | Episode Q0:    29.81
Episode: 1613/5000 | Episode reward:   392.71 | Episode steps: 2500 | Average reward:   691.17 | Step Count: 1011583 | Episode Q0:    29.81
Episode: 1614/5000 | Episode reward:   470.51 | Episode steps: 2500 | Average reward:   658.28 | Step Count: 1014083 | Episode Q0:    29.81
Episode: 1615/5000 | Episode reward:   692.08 | Episode steps: 2500 | Average reward:   683.23 | Step Count: 1016583 | Episode Q0:    29.81
Episode: 1616/5000 | Episode reward:   851.11 | Episode steps: 2500 | Average reward:   688.06 | Step Count: 1019083 | Episode Q0:    29.81
Episode: 1617/5000 | Episode reward:   638.54 | Episode steps: 2500 | Average reward:   685.73 | Step Count: 1021583 | Episode Q0:    29.81
Episode: 1618/5000 | Episode reward:   264.61 | Episode steps: 2500 | Average reward:   629.55 | Step Count: 1024083 | Episode Q0:    29.81
Episode: 1619/5000 | Episode reward:   672.13 | Episode steps: 2500 | Average reward:   602.93 | Step Count: 1026583 | Episode Q0:    29.81
Episode: 1620/5000 | Episode reward:   834.25 | Episode steps: 2500 | Average reward:   609.36 | Step Count: 1029083 | Episode Q0:    29.81
Episode: 1621/5000 | Episode reward:   745.20 | Episode steps: 2500 | Average reward:   603.47 | Step Count: 1031583 | Episode Q0:    29.81
Episode: 1622/5000 | Episode reward:   710.66 | Episode steps: 2500 | Average reward:   627.18 | Step Count: 1034083 | Episode Q0:    29.81
Episode: 1623/5000 | Episode reward:   749.82 | Episode steps: 2500 | Average reward:   662.89 | Step Count: 1036583 | Episode Q0:    29.81
Episode: 1624/5000 | Episode reward:   848.65 | Episode steps: 2500 | Average reward:   700.70 | Step Count: 1039083 | Episode Q0:    29.38
Episode: 1625/5000 | Episode reward:   428.23 | Episode steps: 2500 | Average reward:   674.32 | Step Count: 1041583 | Episode Q0:    29.38
Episode: 1626/5000 | Episode reward:   763.88 | Episode steps: 2500 | Average reward:   665.60 | Step Count: 1044083 | Episode Q0:    29.38
Episode: 1627/5000 | Episode reward:   676.96 | Episode steps: 2500 | Average reward:   669.44 | Step Count: 1046583 | Episode Q0:    29.38
Episode: 1628/5000 | Episode reward:   555.91 | Episode steps: 2500 | Average reward:   698.57 | Step Count: 1049083 | Episode Q0:    29.38
Episode: 1629/5000 | Episode reward:   797.66 | Episode steps: 2500 | Average reward:   711.12 | Step Count: 1051583 | Episode Q0:    29.38
Episode: 1630/5000 | Episode reward:   861.23 | Episode steps: 2500 | Average reward:   713.82 | Step Count: 1054083 | Episode Q0:    29.38
Episode: 1631/5000 | Episode reward:   548.21 | Episode steps: 2500 | Average reward:   694.12 | Step Count: 1056583 | Episode Q0:    29.38
Episode: 1632/5000 | Episode reward:   155.28 | Episode steps:  377 | Average reward:   638.58 | Step Count: 1056960 | Episode Q0:    29.38
Episode: 1633/5000 | Episode reward:   571.75 | Episode steps: 2500 | Average reward:   620.78 | Step Count: 1059460 | Episode Q0:    29.38
Episode: 1634/5000 | Episode reward:   511.46 | Episode steps: 2500 | Average reward:   587.06 | Step Count: 1061960 | Episode Q0:    29.38
Episode: 1635/5000 | Episode reward:   871.97 | Episode steps: 2500 | Average reward:   631.43 | Step Count: 1064460 | Episode Q0:    29.38
Episode: 1636/5000 | Episode reward:   529.08 | Episode steps: 2500 | Average reward:   607.95 | Step Count: 1066960 | Episode Q0:    29.38
Episode: 1637/5000 | Episode reward:   819.46 | Episode steps: 2500 | Average reward:   622.20 | Step Count: 1069460 | Episode Q0:    29.38
Episode: 1638/5000 | Episode reward:   783.11 | Episode steps: 2500 | Average reward:   644.92 | Step Count: 1071960 | Episode Q0:    29.38
Episode: 1639/5000 | Episode reward:   634.01 | Episode steps: 2500 | Average reward:   628.56 | Step Count: 1074460 | Episode Q0:    29.38
Episode: 1640/5000 | Episode reward:   769.64 | Episode steps: 2500 | Average reward:   619.40 | Step Count: 1076960 | Episode Q0:    29.38
Episode: 1641/5000 | Episode reward:   648.77 | Episode steps: 2500 | Average reward:   629.45 | Step Count: 1079460 | Episode Q0:    29.38
Episode: 1642/5000 | Episode reward:   977.08 | Episode steps: 2500 | Average reward:   711.63 | Step Count: 1081960 | Episode Q0:    29.38
Episode: 1643/5000 | Episode reward:   617.57 | Episode steps: 2500 | Average reward:   716.22 | Step Count: 1084460 | Episode Q0:    29.38
Episode: 1644/5000 | Episode reward:   726.62 | Episode steps: 2500 | Average reward:   737.73 | Step Count: 1086960 | Episode Q0:    29.38
Episode: 1645/5000 | Episode reward:   729.79 | Episode steps: 2500 | Average reward:   723.51 | Step Count: 1089460 | Episode Q0:    29.00
Episode: 1646/5000 | Episode reward:   701.66 | Episode steps: 2500 | Average reward:   740.77 | Step Count: 1091960 | Episode Q0:    29.00
Episode: 1647/5000 | Episode reward:   622.51 | Episode steps: 2500 | Average reward:   721.08 | Step Count: 1094460 | Episode Q0:    29.00
Episode: 1648/5000 | Episode reward:   808.77 | Episode steps: 2500 | Average reward:   723.64 | Step Count: 1096960 | Episode Q0:    29.00
Episode: 1649/5000 | Episode reward:   662.50 | Episode steps: 2500 | Average reward:   726.49 | Step Count: 1099460 | Episode Q0:    29.00
Episode: 1650/5000 | Episode reward:   838.14 | Episode steps: 2500 | Average reward:   733.34 | Step Count: 1101960 | Episode Q0:    29.00
Episode: 1651/5000 | Episode reward:   915.41 | Episode steps: 2500 | Average reward:   760.01 | Step Count: 1104460 | Episode Q0:    29.00
Episode: 1652/5000 | Episode reward:   954.11 | Episode steps: 2500 | Average reward:   757.71 | Step Count: 1106960 | Episode Q0:    29.00
Episode: 1653/5000 | Episode reward:   572.03 | Episode steps: 2500 | Average reward:   753.15 | Step Count: 1109460 | Episode Q0:    29.00
Episode: 1654/5000 | Episode reward:   626.54 | Episode steps: 2500 | Average reward:   743.15 | Step Count: 1111960 | Episode Q0:    29.00
Episode: 1655/5000 | Episode reward:   755.90 | Episode steps: 2500 | Average reward:   745.76 | Step Count: 1114460 | Episode Q0:    29.00
Episode: 1656/5000 | Episode reward:   655.61 | Episode steps: 2500 | Average reward:   741.15 | Step Count: 1116960 | Episode Q0:    29.00
Episode: 1657/5000 | Episode reward:   585.95 | Episode steps: 2500 | Average reward:   737.50 | Step Count: 1119460 | Episode Q0:    29.00
Episode: 1658/5000 | Episode reward:   782.48 | Episode steps: 2500 | Average reward:   734.87 | Step Count: 1121960 | Episode Q0:    29.00
Episode: 1659/5000 | Episode reward:   831.46 | Episode steps: 2500 | Average reward:   751.76 | Step Count: 1124460 | Episode Q0:    29.00
Episode: 1660/5000 | Episode reward:   641.33 | Episode steps: 2500 | Average reward:   732.08 | Step Count: 1126960 | Episode Q0:    29.00
Episode: 1661/5000 | Episode reward:   668.07 | Episode steps: 2500 | Average reward:   707.35 | Step Count: 1129460 | Episode Q0:    29.00
Episode: 1662/5000 | Episode reward:   719.66 | Episode steps: 2500 | Average reward:   683.90 | Step Count: 1131960 | Episode Q0:    29.00
Episode: 1663/5000 | Episode reward:   316.55 | Episode steps: 2500 | Average reward:   658.35 | Step Count: 1134460 | Episode Q0:    29.00
Episode: 1664/5000 | Episode reward:   855.86 | Episode steps: 2500 | Average reward:   681.29 | Step Count: 1136960 | Episode Q0:    29.00
Episode: 1665/5000 | Episode reward:   896.22 | Episode steps: 2500 | Average reward:   695.32 | Step Count: 1139460 | Episode Q0:    29.00
Episode: 1666/5000 | Episode reward:   586.33 | Episode steps: 2500 | Average reward:   688.39 | Step Count: 1141960 | Episode Q0:    29.00
Episode: 1667/5000 | Episode reward:   483.39 | Episode steps: 2500 | Average reward:   678.13 | Step Count: 1144460 | Episode Q0:    29.00
Episode: 1668/5000 | Episode reward:   694.88 | Episode steps: 2500 | Average reward:   669.37 | Step Count: 1146960 | Episode Q0:    29.02
Episode: 1669/5000 | Episode reward:   602.93 | Episode steps: 2500 | Average reward:   646.52 | Step Count: 1149460 | Episode Q0:    29.02
Episode: 1670/5000 | Episode reward:   708.50 | Episode steps: 2500 | Average reward:   653.24 | Step Count: 1151960 | Episode Q0:    29.02
Episode: 1671/5000 | Episode reward:   855.27 | Episode steps: 2500 | Average reward:   671.96 | Step Count: 1154460 | Episode Q0:    29.02
Episode: 1672/5000 | Episode reward:   708.99 | Episode steps: 2500 | Average reward:   670.89 | Step Count: 1156960 | Episode Q0:    29.02
Episode: 1673/5000 | Episode reward:   842.71 | Episode steps: 2500 | Average reward:   723.51 | Step Count: 1159460 | Episode Q0:    29.02
Episode: 1674/5000 | Episode reward:   785.00 | Episode steps: 2500 | Average reward:   716.42 | Step Count: 1161960 | Episode Q0:    29.02
Episode: 1675/5000 | Episode reward:   722.30 | Episode steps: 2500 | Average reward:   699.03 | Step Count: 1164460 | Episode Q0:    29.02
Episode: 1676/5000 | Episode reward:   783.04 | Episode steps: 2500 | Average reward:   718.70 | Step Count: 1166960 | Episode Q0:    29.02
Episode: 1677/5000 | Episode reward:   792.58 | Episode steps: 2500 | Average reward:   749.62 | Step Count: 1169460 | Episode Q0:    29.02
Episode: 1678/5000 | Episode reward:   579.41 | Episode steps: 2500 | Average reward:   738.07 | Step Count: 1171960 | Episode Q0:    29.02
Episode: 1679/5000 | Episode reward:   950.24 | Episode steps: 2500 | Average reward:   772.80 | Step Count: 1174460 | Episode Q0:    29.02
Episode: 1680/5000 | Episode reward:   803.11 | Episode steps: 2500 | Average reward:   782.27 | Step Count: 1176960 | Episode Q0:    29.02
Episode: 1681/5000 | Episode reward:   786.00 | Episode steps: 2500 | Average reward:   775.34 | Step Count: 1179460 | Episode Q0:    29.02
Episode: 1682/5000 | Episode reward:   846.59 | Episode steps: 2500 | Average reward:   789.10 | Step Count: 1181960 | Episode Q0:    29.02
Episode: 1683/5000 | Episode reward:   690.19 | Episode steps: 2500 | Average reward:   773.85 | Step Count: 1184460 | Episode Q0:    29.02
Episode: 1684/5000 | Episode reward:   864.99 | Episode steps: 2500 | Average reward:   781.85 | Step Count: 1186960 | Episode Q0:    29.02
Episode: 1685/5000 | Episode reward:   832.09 | Episode steps: 2500 | Average reward:   792.82 | Step Count: 1189460 | Episode Q0:    29.02
Episode: 1686/5000 | Episode reward:   689.66 | Episode steps: 2500 | Average reward:   783.49 | Step Count: 1191960 | Episode Q0:    29.02
Episode: 1687/5000 | Episode reward:   599.10 | Episode steps: 2500 | Average reward:   764.14 | Step Count: 1194460 | Episode Q0:    29.02
Episode: 1688/5000 | Episode reward:   817.43 | Episode steps: 2500 | Average reward:   787.94 | Step Count: 1196960 | Episode Q0:    29.02
Episode: 1689/5000 | Episode reward:   656.41 | Episode steps: 2500 | Average reward:   758.56 | Step Count: 1199460 | Episode Q0:    30.59
Episode: 1690/5000 | Episode reward:   804.71 | Episode steps: 2500 | Average reward:   758.72 | Step Count: 1201960 | Episode Q0:    30.59
Episode: 1691/5000 | Episode reward:   993.36 | Episode steps: 2500 | Average reward:   779.45 | Step Count: 1204460 | Episode Q0:    30.59
Episode: 1692/5000 | Episode reward:   984.43 | Episode steps: 2500 | Average reward:   793.24 | Step Count: 1206960 | Episode Q0:    30.59
Episode: 1693/5000 | Episode reward:   866.49 | Episode steps: 2500 | Average reward:   810.87 | Step Count: 1209460 | Episode Q0:    30.59
Episode: 1694/5000 | Episode reward:   857.30 | Episode steps: 2500 | Average reward:   810.10 | Step Count: 1211960 | Episode Q0:    30.59
Episode: 1695/5000 | Episode reward:   873.64 | Episode steps: 2500 | Average reward:   814.25 | Step Count: 1214460 | Episode Q0:    30.59
Episode: 1696/5000 | Episode reward:  1046.05 | Episode steps: 2500 | Average reward:   849.89 | Step Count: 1216960 | Episode Q0:    30.59
Episode: 1697/5000 | Episode reward:  1054.82 | Episode steps: 2500 | Average reward:   895.46 | Step Count: 1219460 | Episode Q0:    30.59
Episode: 1698/5000 | Episode reward:   700.42 | Episode steps: 2500 | Average reward:   883.76 | Step Count: 1221960 | Episode Q0:    30.59
Episode: 1699/5000 | Episode reward:  1093.42 | Episode steps: 2500 | Average reward:   927.46 | Step Count: 1224460 | Episode Q0:    30.59
Episode: 1700/5000 | Episode reward:   830.56 | Episode steps: 2500 | Average reward:   930.05 | Step Count: 1226960 | Episode Q0:    30.59
Episode: 1701/5000 | Episode reward:   884.34 | Episode steps: 2500 | Average reward:   919.15 | Step Count: 1229460 | Episode Q0:    30.59
Episode: 1702/5000 | Episode reward:   940.28 | Episode steps: 2500 | Average reward:   914.73 | Step Count: 1231960 | Episode Q0:    30.59
Episode: 1703/5000 | Episode reward:   916.86 | Episode steps: 2500 | Average reward:   919.77 | Step Count: 1234460 | Episode Q0:    30.59
Episode: 1704/5000 | Episode reward:   917.97 | Episode steps: 2500 | Average reward:   925.84 | Step Count: 1236960 | Episode Q0:    30.59
Episode: 1705/5000 | Episode reward:   799.78 | Episode steps: 2500 | Average reward:   918.45 | Step Count: 1239460 | Episode Q0:    30.59
Episode: 1706/5000 | Episode reward:   814.31 | Episode steps: 2500 | Average reward:   895.28 | Step Count: 1241960 | Episode Q0:    30.59
Episode: 1707/5000 | Episode reward:   799.89 | Episode steps: 2500 | Average reward:   869.78 | Step Count: 1244460 | Episode Q0:    30.59
Episode: 1708/5000 | Episode reward:   811.27 | Episode steps: 2500 | Average reward:   880.87 | Step Count: 1246960 | Episode Q0:    30.59
Episode: 1709/5000 | Episode reward:   970.91 | Episode steps: 2500 | Average reward:   868.62 | Step Count: 1249460 | Episode Q0:    30.59
Episode: 1710/5000 | Episode reward:   835.59 | Episode steps: 2500 | Average reward:   869.12 | Step Count: 1251960 | Episode Q0:    30.59
Episode: 1711/5000 | Episode reward:  1097.92 | Episode steps: 2500 | Average reward:   890.48 | Step Count: 1254460 | Episode Q0:    30.59
Episode: 1712/5000 | Episode reward:   926.35 | Episode steps: 2500 | Average reward:   889.09 | Step Count: 1256960 | Episode Q0:    29.41
Episode: 1713/5000 | Episode reward:   878.83 | Episode steps: 2500 | Average reward:   885.28 | Step Count: 1259460 | Episode Q0:    29.41
Episode: 1714/5000 | Episode reward:   921.86 | Episode steps: 2500 | Average reward:   885.67 | Step Count: 1261960 | Episode Q0:    29.41
Episode: 1715/5000 | Episode reward:   904.74 | Episode steps: 2500 | Average reward:   896.17 | Step Count: 1264460 | Episode Q0:    29.41
Episode: 1716/5000 | Episode reward:   958.62 | Episode steps: 2500 | Average reward:   910.60 | Step Count: 1266960 | Episode Q0:    29.41
Episode: 1717/5000 | Episode reward:   964.29 | Episode steps: 2500 | Average reward:   927.04 | Step Count: 1269460 | Episode Q0:    29.41
Episode: 1718/5000 | Episode reward:  1091.14 | Episode steps: 2500 | Average reward:   955.03 | Step Count: 1271960 | Episode Q0:    29.41
Episode: 1719/5000 | Episode reward:   654.19 | Episode steps: 2500 | Average reward:   923.35 | Step Count: 1274460 | Episode Q0:    29.41
Episode: 1720/5000 | Episode reward:   679.59 | Episode steps: 2500 | Average reward:   907.75 | Step Count: 1276960 | Episode Q0:    29.41
Episode: 1721/5000 | Episode reward:   974.77 | Episode steps: 2500 | Average reward:   895.44 | Step Count: 1279460 | Episode Q0:    29.41
Episode: 1722/5000 | Episode reward:   913.41 | Episode steps: 2500 | Average reward:   894.14 | Step Count: 1281960 | Episode Q0:    29.41
Episode: 1723/5000 | Episode reward:   917.98 | Episode steps: 2500 | Average reward:   898.06 | Step Count: 1284460 | Episode Q0:    29.41
Episode: 1724/5000 | Episode reward:   764.02 | Episode steps: 2500 | Average reward:   882.28 | Step Count: 1286960 | Episode Q0:    29.41
Episode: 1725/5000 | Episode reward:   894.05 | Episode steps: 2500 | Average reward:   881.21 | Step Count: 1289460 | Episode Q0:    29.41
Episode: 1726/5000 | Episode reward:   827.97 | Episode steps: 2500 | Average reward:   868.14 | Step Count: 1291960 | Episode Q0:    29.41
Episode: 1727/5000 | Episode reward:  1018.26 | Episode steps: 2500 | Average reward:   873.54 | Step Count: 1294460 | Episode Q0:    29.41
Episode: 1728/5000 | Episode reward:   850.18 | Episode steps: 2500 | Average reward:   849.44 | Step Count: 1296960 | Episode Q0:    29.41
Episode: 1729/5000 | Episode reward:   786.28 | Episode steps: 2500 | Average reward:   862.65 | Step Count: 1299460 | Episode Q0:    29.41
Episode: 1730/5000 | Episode reward:   867.21 | Episode steps: 2500 | Average reward:   881.42 | Step Count: 1301960 | Episode Q0:    29.41
Episode: 1731/5000 | Episode reward:   656.70 | Episode steps: 2500 | Average reward:   849.61 | Step Count: 1304460 | Episode Q0:    29.41
Episode: 1732/5000 | Episode reward:   973.55 | Episode steps: 2500 | Average reward:   855.62 | Step Count: 1306960 | Episode Q0:    29.41
Episode: 1733/5000 | Episode reward:   930.74 | Episode steps: 2500 | Average reward:   856.90 | Step Count: 1309460 | Episode Q0:    29.39
Episode: 1734/5000 | Episode reward:   475.64 | Episode steps: 2500 | Average reward:   828.06 | Step Count: 1311960 | Episode Q0:    29.39
Episode: 1735/5000 | Episode reward:   717.54 | Episode steps: 2500 | Average reward:   810.41 | Step Count: 1314460 | Episode Q0:    29.39
Episode: 1736/5000 | Episode reward:   991.62 | Episode steps: 2500 | Average reward:   826.77 | Step Count: 1316960 | Episode Q0:    29.39
Episode: 1737/5000 | Episode reward:   910.00 | Episode steps: 2500 | Average reward:   815.95 | Step Count: 1319460 | Episode Q0:    29.39
Episode: 1738/5000 | Episode reward:   584.04 | Episode steps: 2500 | Average reward:   789.33 | Step Count: 1321960 | Episode Q0:    29.39
Episode: 1739/5000 | Episode reward:   734.53 | Episode steps: 2500 | Average reward:   784.16 | Step Count: 1324460 | Episode Q0:    29.39
Episode: 1740/5000 | Episode reward:   459.98 | Episode steps: 2500 | Average reward:   743.43 | Step Count: 1326960 | Episode Q0:    29.39
Episode: 1741/5000 | Episode reward:   831.85 | Episode steps: 2500 | Average reward:   760.95 | Step Count: 1329460 | Episode Q0:    29.39
Episode: 1742/5000 | Episode reward:   763.60 | Episode steps: 2500 | Average reward:   739.95 | Step Count: 1331960 | Episode Q0:    29.39
Episode: 1743/5000 | Episode reward:   671.81 | Episode steps: 2500 | Average reward:   714.06 | Step Count: 1334460 | Episode Q0:    29.39
Episode: 1744/5000 | Episode reward:   638.28 | Episode steps: 2500 | Average reward:   730.32 | Step Count: 1336960 | Episode Q0:    29.39
Episode: 1745/5000 | Episode reward:  1080.78 | Episode steps: 2500 | Average reward:   766.65 | Step Count: 1339460 | Episode Q0:    29.39
Episode: 1746/5000 | Episode reward:   984.53 | Episode steps: 2500 | Average reward:   765.94 | Step Count: 1341960 | Episode Q0:    29.39
Episode: 1747/5000 | Episode reward:  1028.49 | Episode steps: 2500 | Average reward:   777.79 | Step Count: 1344460 | Episode Q0:    29.39
Episode: 1748/5000 | Episode reward:   764.65 | Episode steps: 2500 | Average reward:   795.85 | Step Count: 1346960 | Episode Q0:    29.39
Episode: 1749/5000 | Episode reward:   814.38 | Episode steps: 2500 | Average reward:   803.83 | Step Count: 1349460 | Episode Q0:    29.39
Episode: 1750/5000 | Episode reward:   921.11 | Episode steps: 2500 | Average reward:   849.95 | Step Count: 1351960 | Episode Q0:    29.39
Episode: 1751/5000 | Episode reward:   982.40 | Episode steps: 2500 | Average reward:   865.00 | Step Count: 1354460 | Episode Q0:    29.39
Episode: 1752/5000 | Episode reward:   636.63 | Episode steps: 2500 | Average reward:   852.31 | Step Count: 1356960 | Episode Q0:    29.39
Episode: 1753/5000 | Episode reward:   513.95 | Episode steps: 2500 | Average reward:   836.52 | Step Count: 1359460 | Episode Q0:    29.39
Episode: 1754/5000 | Episode reward:   929.84 | Episode steps: 2500 | Average reward:   865.68 | Step Count: 1361960 | Episode Q0:    29.39
Episode: 1755/5000 | Episode reward:   767.65 | Episode steps: 2500 | Average reward:   834.36 | Step Count: 1364460 | Episode Q0:    29.39
Episode: 1756/5000 | Episode reward:  1225.26 | Episode steps: 2500 | Average reward:   858.44 | Step Count: 1366960 | Episode Q0:    29.96
Episode: 1757/5000 | Episode reward:  1151.61 | Episode steps: 2500 | Average reward:   870.75 | Step Count: 1369460 | Episode Q0:    29.96
Episode: 1758/5000 | Episode reward:   806.48 | Episode steps: 2500 | Average reward:   874.93 | Step Count: 1371960 | Episode Q0:    29.96
Episode: 1759/5000 | Episode reward:   930.37 | Episode steps: 2500 | Average reward:   886.53 | Step Count: 1374460 | Episode Q0:    29.96
Episode: 1760/5000 | Episode reward:  1137.57 | Episode steps: 2500 | Average reward:   908.18 | Step Count: 1376960 | Episode Q0:    29.96
Episode: 1761/5000 | Episode reward:  1229.44 | Episode steps: 2500 | Average reward:   932.88 | Step Count: 1379460 | Episode Q0:    29.96
Episode: 1762/5000 | Episode reward:   974.66 | Episode steps: 2500 | Average reward:   966.68 | Step Count: 1381960 | Episode Q0:    29.96
Episode: 1763/5000 | Episode reward:  1128.19 | Episode steps: 2500 | Average reward:  1028.11 | Step Count: 1384460 | Episode Q0:    29.96
Episode: 1764/5000 | Episode reward:  1173.42 | Episode steps: 2500 | Average reward:  1052.47 | Step Count: 1386960 | Episode Q0:    29.96
Episode: 1765/5000 | Episode reward:   991.46 | Episode steps: 2500 | Average reward:  1074.85 | Step Count: 1389460 | Episode Q0:    29.96
Episode: 1766/5000 | Episode reward:   898.66 | Episode steps: 2500 | Average reward:  1042.19 | Step Count: 1391960 | Episode Q0:    29.96
Episode: 1767/5000 | Episode reward:  1013.74 | Episode steps: 2500 | Average reward:  1028.40 | Step Count: 1394460 | Episode Q0:    29.96
Episode: 1768/5000 | Episode reward:  1222.95 | Episode steps: 2500 | Average reward:  1070.05 | Step Count: 1396960 | Episode Q0:    29.96
Episode: 1769/5000 | Episode reward:   766.03 | Episode steps: 2500 | Average reward:  1053.61 | Step Count: 1399460 | Episode Q0:    29.96
Episode: 1770/5000 | Episode reward:  1120.25 | Episode steps: 2500 | Average reward:  1051.88 | Step Count: 1401960 | Episode Q0:    29.96
Episode: 1771/5000 | Episode reward:  1232.62 | Episode steps: 2500 | Average reward:  1052.20 | Step Count: 1404460 | Episode Q0:    29.96
Episode: 1772/5000 | Episode reward:  1157.44 | Episode steps: 2500 | Average reward:  1070.48 | Step Count: 1406960 | Episode Q0:    29.96
Episode: 1773/5000 | Episode reward:  1232.84 | Episode steps: 2500 | Average reward:  1080.94 | Step Count: 1409460 | Episode Q0:    29.96
Episode: 1774/5000 | Episode reward:   868.28 | Episode steps: 2500 | Average reward:  1050.43 | Step Count: 1411960 | Episode Q0:    29.96
Episode: 1775/5000 | Episode reward:  1121.30 | Episode steps: 2500 | Average reward:  1063.41 | Step Count: 1414460 | Episode Q0:    29.96
Episode: 1776/5000 | Episode reward:  1246.52 | Episode steps: 2500 | Average reward:  1098.20 | Step Count: 1416960 | Episode Q0:    29.96
Episode: 1777/5000 | Episode reward:   475.91 | Episode steps: 2500 | Average reward:  1044.41 | Step Count: 1419460 | Episode Q0:    30.31
Episode: 1778/5000 | Episode reward:  1125.84 | Episode steps: 2500 | Average reward:  1034.70 | Step Count: 1421960 | Episode Q0:    30.31
Episode: 1779/5000 | Episode reward:   608.52 | Episode steps: 2500 | Average reward:  1018.95 | Step Count: 1424460 | Episode Q0:    30.31
Episode: 1780/5000 | Episode reward:  1121.75 | Episode steps: 2500 | Average reward:  1019.10 | Step Count: 1426960 | Episode Q0:    30.31
Episode: 1781/5000 | Episode reward:   769.17 | Episode steps: 2500 | Average reward:   972.76 | Step Count: 1429460 | Episode Q0:    30.31
Episode: 1782/5000 | Episode reward:   480.37 | Episode steps: 2500 | Average reward:   905.05 | Step Count: 1431960 | Episode Q0:    30.31
Episode: 1783/5000 | Episode reward:   922.51 | Episode steps: 2500 | Average reward:   874.02 | Step Count: 1434460 | Episode Q0:    30.31
Episode: 1784/5000 | Episode reward:  1149.47 | Episode steps: 2500 | Average reward:   902.14 | Step Count: 1436960 | Episode Q0:    30.31
Episode: 1785/5000 | Episode reward:   884.14 | Episode steps: 2500 | Average reward:   878.42 | Step Count: 1439460 | Episode Q0:    30.31
Episode: 1786/5000 | Episode reward:  1305.02 | Episode steps: 2500 | Average reward:   884.27 | Step Count: 1441960 | Episode Q0:    30.31
Episode: 1787/5000 | Episode reward:  1012.93 | Episode steps: 2500 | Average reward:   937.97 | Step Count: 1444460 | Episode Q0:    30.31
Episode: 1788/5000 | Episode reward:   851.24 | Episode steps: 2500 | Average reward:   910.51 | Step Count: 1446960 | Episode Q0:    30.31
Episode: 1789/5000 | Episode reward:  1138.84 | Episode steps: 2500 | Average reward:   963.54 | Step Count: 1449460 | Episode Q0:    30.31
Episode: 1790/5000 | Episode reward:  1200.17 | Episode steps: 2500 | Average reward:   971.38 | Step Count: 1451960 | Episode Q0:    30.31
Episode: 1791/5000 | Episode reward:  1126.27 | Episode steps: 2500 | Average reward:  1007.09 | Step Count: 1454460 | Episode Q0:    30.31
Episode: 1792/5000 | Episode reward:   530.64 | Episode steps: 2500 | Average reward:  1012.12 | Step Count: 1456960 | Episode Q0:    30.31
Episode: 1793/5000 | Episode reward:  1150.40 | Episode steps: 2500 | Average reward:  1034.91 | Step Count: 1459460 | Episode Q0:    30.31
Episode: 1794/5000 | Episode reward:  1233.31 | Episode steps: 2500 | Average reward:  1043.29 | Step Count: 1461960 | Episode Q0:    30.31
Episode: 1795/5000 | Episode reward:  1186.35 | Episode steps: 2500 | Average reward:  1073.52 | Step Count: 1464460 | Episode Q0:    30.31
Episode: 1796/5000 | Episode reward:   864.13 | Episode steps: 2500 | Average reward:  1029.43 | Step Count: 1466960 | Episode Q0:    30.31
Episode: 1797/5000 | Episode reward:  1165.94 | Episode steps: 2500 | Average reward:  1044.73 | Step Count: 1469460 | Episode Q0:    30.31
Episode: 1798/5000 | Episode reward:  1268.95 | Episode steps: 2500 | Average reward:  1086.50 | Step Count: 1471960 | Episode Q0:    30.31
Episode: 1799/5000 | Episode reward:  1288.71 | Episode steps: 2500 | Average reward:  1101.49 | Step Count: 1474460 | Episode Q0:    30.31
Episode: 1800/5000 | Episode reward:  1044.86 | Episode steps: 2500 | Average reward:  1085.96 | Step Count: 1476960 | Episode Q0:    29.78
Episode: 1801/5000 | Episode reward:   915.94 | Episode steps: 2500 | Average reward:  1064.92 | Step Count: 1479460 | Episode Q0:    29.78
Episode: 1802/5000 | Episode reward:   386.20 | Episode steps: 2500 | Average reward:  1050.48 | Step Count: 1481960 | Episode Q0:    29.78
Episode: 1803/5000 | Episode reward:   538.16 | Episode steps: 2500 | Average reward:   989.26 | Step Count: 1484460 | Episode Q0:    29.78
Episode: 1804/5000 | Episode reward:   727.49 | Episode steps: 2500 | Average reward:   938.67 | Step Count: 1486960 | Episode Q0:    29.78
Episode: 1805/5000 | Episode reward:   844.25 | Episode steps: 2500 | Average reward:   904.46 | Step Count: 1489460 | Episode Q0:    29.78
Episode: 1806/5000 | Episode reward:   959.96 | Episode steps: 2500 | Average reward:   914.05 | Step Count: 1491960 | Episode Q0:    29.78
Episode: 1807/5000 | Episode reward:   523.80 | Episode steps: 2500 | Average reward:   849.83 | Step Count: 1494460 | Episode Q0:    29.78
Episode: 1808/5000 | Episode reward:   981.02 | Episode steps: 2500 | Average reward:   821.04 | Step Count: 1496960 | Episode Q0:    29.78
Episode: 1809/5000 | Episode reward:  1141.48 | Episode steps: 2500 | Average reward:   806.32 | Step Count: 1499460 | Episode Q0:    29.78
Episode: 1810/5000 | Episode reward:  1044.71 | Episode steps: 2500 | Average reward:   806.30 | Step Count: 1501960 | Episode Q0:    29.78
Episode: 1811/5000 | Episode reward:  1255.08 | Episode steps: 2500 | Average reward:   840.22 | Step Count: 1504460 | Episode Q0:    29.78
Episode: 1812/5000 | Episode reward:   775.55 | Episode steps: 2500 | Average reward:   879.15 | Step Count: 1506960 | Episode Q0:    29.78
Episode: 1813/5000 | Episode reward:   742.54 | Episode steps: 2500 | Average reward:   899.59 | Step Count: 1509460 | Episode Q0:    29.78
Episode: 1814/5000 | Episode reward:   753.94 | Episode steps: 2500 | Average reward:   902.23 | Step Count: 1511960 | Episode Q0:    29.78
Episode: 1815/5000 | Episode reward:   922.63 | Episode steps: 2500 | Average reward:   910.07 | Step Count: 1514460 | Episode Q0:    29.78
Episode: 1816/5000 | Episode reward:   742.04 | Episode steps: 2500 | Average reward:   888.28 | Step Count: 1516960 | Episode Q0:    29.78
Episode: 1817/5000 | Episode reward:  1126.14 | Episode steps: 2500 | Average reward:   948.51 | Step Count: 1519460 | Episode Q0:    29.78
Episode: 1818/5000 | Episode reward:   798.23 | Episode steps: 2500 | Average reward:   930.24 | Step Count: 1521960 | Episode Q0:    29.78
Episode: 1819/5000 | Episode reward:  1066.92 | Episode steps: 2500 | Average reward:   922.78 | Step Count: 1524460 | Episode Q0:    29.78
Episode: 1820/5000 | Episode reward:   729.36 | Episode steps: 2500 | Average reward:   891.24 | Step Count: 1526960 | Episode Q0:    29.78
Episode: 1821/5000 | Episode reward:   548.71 | Episode steps: 2500 | Average reward:   820.61 | Step Count: 1529460 | Episode Q0:    30.34
Episode: 1822/5000 | Episode reward:   265.02 | Episode steps: 2500 | Average reward:   769.55 | Step Count: 1531960 | Episode Q0:    30.34
Episode: 1823/5000 | Episode reward:    89.54 | Episode steps: 2500 | Average reward:   704.25 | Step Count: 1534460 | Episode Q0:    30.34
Episode: 1824/5000 | Episode reward:   673.57 | Episode steps: 2500 | Average reward:   696.22 | Step Count: 1536960 | Episode Q0:    30.34
Episode: 1825/5000 | Episode reward:  1163.85 | Episode steps: 2500 | Average reward:   720.34 | Step Count: 1539460 | Episode Q0:    30.34
Episode: 1826/5000 | Episode reward:   875.59 | Episode steps: 2500 | Average reward:   733.69 | Step Count: 1541960 | Episode Q0:    30.34
Episode: 1827/5000 | Episode reward:   192.41 | Episode steps: 2500 | Average reward:   640.32 | Step Count: 1544460 | Episode Q0:    30.34
Episode: 1828/5000 | Episode reward:  1228.02 | Episode steps: 2500 | Average reward:   683.30 | Step Count: 1546960 | Episode Q0:    30.34
Episode: 1829/5000 | Episode reward:   281.75 | Episode steps: 2500 | Average reward:   604.78 | Step Count: 1549460 | Episode Q0:    30.34
Episode: 1830/5000 | Episode reward:    63.21 | Episode steps: 2500 | Average reward:   538.17 | Step Count: 1551960 | Episode Q0:    30.34
Episode: 1831/5000 | Episode reward:   330.67 | Episode steps: 2500 | Average reward:   516.36 | Step Count: 1554460 | Episode Q0:    30.34
Episode: 1832/5000 | Episode reward:   946.38 | Episode steps: 2500 | Average reward:   584.50 | Step Count: 1556960 | Episode Q0:    30.34
Episode: 1833/5000 | Episode reward:   644.21 | Episode steps: 2500 | Average reward:   639.97 | Step Count: 1559460 | Episode Q0:    30.34
Episode: 1834/5000 | Episode reward:   256.44 | Episode steps: 2500 | Average reward:   598.25 | Step Count: 1561960 | Episode Q0:    30.34
Episode: 1835/5000 | Episode reward:   890.36 | Episode steps: 2500 | Average reward:   570.90 | Step Count: 1564460 | Episode Q0:    30.34
Episode: 1836/5000 | Episode reward:   992.50 | Episode steps: 2500 | Average reward:   582.59 | Step Count: 1566960 | Episode Q0:    30.34
Episode: 1837/5000 | Episode reward:  1276.09 | Episode steps: 2500 | Average reward:   690.96 | Step Count: 1569460 | Episode Q0:    30.34
Episode: 1838/5000 | Episode reward:   287.88 | Episode steps: 2500 | Average reward:   596.95 | Step Count: 1571960 | Episode Q0:    30.34
Episode: 1839/5000 | Episode reward:  1224.64 | Episode steps: 2500 | Average reward:   691.24 | Step Count: 1574460 | Episode Q0:    30.34
Episode: 1840/5000 | Episode reward:   348.45 | Episode steps: 2500 | Average reward:   719.76 | Step Count: 1576960 | Episode Q0:    30.34
Episode: 1841/5000 | Episode reward:   538.04 | Episode steps: 2500 | Average reward:   740.50 | Step Count: 1579460 | Episode Q0:    30.34
Episode: 1842/5000 | Episode reward:   918.18 | Episode steps: 2500 | Average reward:   737.68 | Step Count: 1581960 | Episode Q0:    30.34
Episode: 1843/5000 | Episode reward:   334.88 | Episode steps: 2500 | Average reward:   706.75 | Step Count: 1584460 | Episode Q0:    30.34
Episode: 1844/5000 | Episode reward:   -36.34 | Episode steps: 2500 | Average reward:   677.47 | Step Count: 1586960 | Episode Q0:    30.26
Episode: 1845/5000 | Episode reward:  -552.03 | Episode steps: 2500 | Average reward:   533.23 | Step Count: 1589460 | Episode Q0:    30.26
Episode: 1846/5000 | Episode reward:  -120.94 | Episode steps: 2500 | Average reward:   421.89 | Step Count: 1591960 | Episode Q0:    30.26
Episode: 1847/5000 | Episode reward:   607.54 | Episode steps: 2500 | Average reward:   355.03 | Step Count: 1594460 | Episode Q0:    30.26
Episode: 1848/5000 | Episode reward:  -398.56 | Episode steps: 2500 | Average reward:   286.39 | Step Count: 1596960 | Episode Q0:    30.26
Episode: 1849/5000 | Episode reward:    50.84 | Episode steps: 2500 | Average reward:   169.01 | Step Count: 1599460 | Episode Q0:    30.26
Episode: 1850/5000 | Episode reward:  -540.32 | Episode steps: 2500 | Average reward:    80.13 | Step Count: 1601960 | Episode Q0:    30.26
Episode: 1851/5000 | Episode reward:   132.03 | Episode steps: 2500 | Average reward:    39.53 | Step Count: 1604460 | Episode Q0:    30.26
Episode: 1852/5000 | Episode reward:  -556.07 | Episode steps: 2500 | Average reward:  -107.90 | Step Count: 1606960 | Episode Q0:    30.26
Episode: 1853/5000 | Episode reward:   188.28 | Episode steps: 2500 | Average reward:  -122.56 | Step Count: 1609460 | Episode Q0:    30.26
Episode: 1854/5000 | Episode reward:  -199.67 | Episode steps: 2500 | Average reward:  -138.89 | Step Count: 1611960 | Episode Q0:    30.26
Episode: 1855/5000 | Episode reward:   -91.86 | Episode steps: 2500 | Average reward:   -92.87 | Step Count: 1614460 | Episode Q0:    30.26
Episode: 1856/5000 | Episode reward:   162.69 | Episode steps: 2500 | Average reward:   -64.51 | Step Count: 1616960 | Episode Q0:    30.26
Episode: 1857/5000 | Episode reward:   441.72 | Episode steps: 2500 | Average reward:   -81.09 | Step Count: 1619460 | Episode Q0:    30.26
Episode: 1858/5000 | Episode reward:    64.85 | Episode steps: 2500 | Average reward:   -34.75 | Step Count: 1621960 | Episode Q0:    30.26
Episode: 1859/5000 | Episode reward:  -189.38 | Episode steps: 2500 | Average reward:   -58.77 | Step Count: 1624460 | Episode Q0:    30.26
Episode: 1860/5000 | Episode reward:   309.34 | Episode steps: 2500 | Average reward:    26.20 | Step Count: 1626960 | Episode Q0:    30.26
Episode: 1861/5000 | Episode reward:   -62.09 | Episode steps: 2500 | Average reward:     6.78 | Step Count: 1629460 | Episode Q0:    30.26
Episode: 1862/5000 | Episode reward:  -288.41 | Episode steps: 2500 | Average reward:    33.55 | Step Count: 1631960 | Episode Q0:    30.26
Episode: 1863/5000 | Episode reward:   229.75 | Episode steps: 2500 | Average reward:    37.70 | Step Count: 1634460 | Episode Q0:    30.26
Episode: 1864/5000 | Episode reward:  -417.09 | Episode steps: 2500 | Average reward:    15.95 | Step Count: 1636960 | Episode Q0:    30.26
Episode: 1865/5000 | Episode reward:   -10.23 | Episode steps: 2500 | Average reward:    24.12 | Step Count: 1639460 | Episode Q0:    30.09
Episode: 1866/5000 | Episode reward:   -67.37 | Episode steps: 2500 | Average reward:     1.11 | Step Count: 1641960 | Episode Q0:    30.09
Episode: 1867/5000 | Episode reward:   546.91 | Episode steps: 2500 | Average reward:    11.63 | Step Count: 1644460 | Episode Q0:    30.09
Episode: 1868/5000 | Episode reward:    29.42 | Episode steps: 2500 | Average reward:     8.09 | Step Count: 1646960 | Episode Q0:    30.09
Episode: 1869/5000 | Episode reward:   780.95 | Episode steps: 2500 | Average reward:   105.12 | Step Count: 1649460 | Episode Q0:    30.09
Episode: 1870/5000 | Episode reward:     3.19 | Episode steps: 2500 | Average reward:    74.50 | Step Count: 1651960 | Episode Q0:    30.09
Episode: 1871/5000 | Episode reward:  -111.19 | Episode steps: 2500 | Average reward:    69.59 | Step Count: 1654460 | Episode Q0:    30.09
Episode: 1872/5000 | Episode reward:  1005.76 | Episode steps: 2500 | Average reward:   199.01 | Step Count: 1656960 | Episode Q0:    30.09
Episode: 1873/5000 | Episode reward:  1066.93 | Episode steps: 2500 | Average reward:   282.73 | Step Count: 1659460 | Episode Q0:    30.09
Episode: 1874/5000 | Episode reward:   233.75 | Episode steps: 2500 | Average reward:   347.81 | Step Count: 1661960 | Episode Q0:    30.09
Episode: 1875/5000 | Episode reward:  -450.43 | Episode steps: 2500 | Average reward:   303.79 | Step Count: 1664460 | Episode Q0:    30.09
Episode: 1876/5000 | Episode reward:  -112.10 | Episode steps: 2500 | Average reward:   299.32 | Step Count: 1666960 | Episode Q0:    30.09
Episode: 1877/5000 | Episode reward:   855.29 | Episode steps: 2500 | Average reward:   330.16 | Step Count: 1669460 | Episode Q0:    30.09
Episode: 1878/5000 | Episode reward:   465.47 | Episode steps: 2500 | Average reward:   373.76 | Step Count: 1671960 | Episode Q0:    30.09
Episode: 1879/5000 | Episode reward:   538.39 | Episode steps: 2500 | Average reward:   349.51 | Step Count: 1674460 | Episode Q0:    30.09
Episode: 1880/5000 | Episode reward:   950.72 | Episode steps: 2500 | Average reward:   444.26 | Step Count: 1676960 | Episode Q0:    30.09
Episode: 1881/5000 | Episode reward:   536.17 | Episode steps: 2500 | Average reward:   509.00 | Step Count: 1679460 | Episode Q0:    30.09
Episode: 1882/5000 | Episode reward:   332.53 | Episode steps: 2500 | Average reward:   441.67 | Step Count: 1681960 | Episode Q0:    30.09
Episode: 1883/5000 | Episode reward:  1034.33 | Episode steps: 2500 | Average reward:   438.41 | Step Count: 1684460 | Episode Q0:    30.09
Episode: 1884/5000 | Episode reward:  -182.02 | Episode steps: 2500 | Average reward:   396.84 | Step Count: 1686960 | Episode Q0:    30.09
Episode: 1885/5000 | Episode reward:   251.47 | Episode steps: 2500 | Average reward:   467.03 | Step Count: 1689460 | Episode Q0:    30.09
Episode: 1886/5000 | Episode reward:   -14.48 | Episode steps: 2500 | Average reward:   476.79 | Step Count: 1691960 | Episode Q0:    30.09
Episode: 1887/5000 | Episode reward:   398.13 | Episode steps: 2500 | Average reward:   431.07 | Step Count: 1694460 | Episode Q0:    30.09
Episode: 1888/5000 | Episode reward:  -265.73 | Episode steps: 1624 | Average reward:   357.95 | Step Count: 1696084 | Episode Q0:    31.71
Episode: 1889/5000 | Episode reward:   116.38 | Episode steps: 2500 | Average reward:   315.75 | Step Count: 1698584 | Episode Q0:    31.71
Episode: 1890/5000 | Episode reward: -1090.76 | Episode steps: 2500 | Average reward:   111.60 | Step Count: 1701084 | Episode Q0:    31.71
Episode: 1891/5000 | Episode reward:    17.41 | Episode steps:  661 | Average reward:    59.73 | Step Count: 1701745 | Episode Q0:    31.71
Episode: 1892/5000 | Episode reward:  -509.01 | Episode steps: 2500 | Average reward:   -24.43 | Step Count: 1704245 | Episode Q0:    31.71
Episode: 1893/5000 | Episode reward: -1187.22 | Episode steps: 2500 | Average reward:  -246.58 | Step Count: 1706745 | Episode Q0:    31.71
Episode: 1894/5000 | Episode reward:  -351.01 | Episode steps: 2500 | Average reward:  -263.48 | Step Count: 1709245 | Episode Q0:    31.71
Episode: 1895/5000 | Episode reward:  -870.21 | Episode steps: 2500 | Average reward:  -375.65 | Step Count: 1711745 | Episode Q0:    31.71
Episode: 1896/5000 | Episode reward:  -827.65 | Episode steps: 2500 | Average reward:  -456.97 | Step Count: 1714245 | Episode Q0:    31.71
Episode: 1897/5000 | Episode reward:  -723.58 | Episode steps: 2500 | Average reward:  -569.14 | Step Count: 1716745 | Episode Q0:    31.71
Episode: 1898/5000 | Episode reward:   165.93 | Episode steps:  348 | Average reward:  -525.97 | Step Count: 1717093 | Episode Q0:    31.71
Episode: 1899/5000 | Episode reward: -1084.14 | Episode steps: 2500 | Average reward:  -646.02 | Step Count: 1719593 | Episode Q0:    31.71
Episode: 1900/5000 | Episode reward:  -856.89 | Episode steps: 2500 | Average reward:  -622.64 | Step Count: 1722093 | Episode Q0:    31.71
Episode: 1901/5000 | Episode reward:  -887.61 | Episode steps: 2500 | Average reward:  -713.14 | Step Count: 1724593 | Episode Q0:    31.71
Episode: 1902/5000 | Episode reward:  -979.86 | Episode steps: 2500 | Average reward:  -760.22 | Step Count: 1727093 | Episode Q0:    31.71
Episode: 1903/5000 | Episode reward:  -359.20 | Episode steps: 2500 | Average reward:  -677.42 | Step Count: 1729593 | Episode Q0:    31.71
Episode: 1904/5000 | Episode reward:  -868.12 | Episode steps: 2500 | Average reward:  -729.13 | Step Count: 1732093 | Episode Q0:    31.71
Episode: 1905/5000 | Episode reward:  -877.04 | Episode steps: 2500 | Average reward:  -729.81 | Step Count: 1734593 | Episode Q0:    31.71
Episode: 1906/5000 | Episode reward:   161.75 | Episode steps:  783 | Average reward:  -630.88 | Step Count: 1735376 | Episode Q0:    31.71
Episode: 1907/5000 | Episode reward:  -817.82 | Episode steps: 2500 | Average reward:  -640.30 | Step Count: 1737876 | Episode Q0:    31.71
Episode: 1908/5000 | Episode reward:  -335.76 | Episode steps: 2500 | Average reward:  -690.47 | Step Count: 1740376 | Episode Q0:    31.71
Episode: 1909/5000 | Episode reward:  -651.40 | Episode steps: 2500 | Average reward:  -647.20 | Step Count: 1742876 | Episode Q0:    29.16
Episode: 1910/5000 | Episode reward:  -666.45 | Episode steps: 2500 | Average reward:  -628.15 | Step Count: 1745376 | Episode Q0:    29.16
Episode: 1911/5000 | Episode reward:  -804.43 | Episode steps: 2500 | Average reward:  -619.83 | Step Count: 1747876 | Episode Q0:    29.16
Episode: 1912/5000 | Episode reward:  -351.44 | Episode steps: 2500 | Average reward:  -556.99 | Step Count: 1750376 | Episode Q0:    29.16
Episode: 1913/5000 | Episode reward:  -565.90 | Episode steps: 2500 | Average reward:  -577.66 | Step Count: 1752876 | Episode Q0:    29.16
Episode: 1914/5000 | Episode reward:  -660.44 | Episode steps: 2500 | Average reward:  -556.89 | Step Count: 1755376 | Episode Q0:    29.16
Episode: 1915/5000 | Episode reward:  -776.54 | Episode steps: 2500 | Average reward:  -546.84 | Step Count: 1757876 | Episode Q0:    29.16
Episode: 1916/5000 | Episode reward:  -512.04 | Episode steps: 2500 | Average reward:  -614.22 | Step Count: 1760376 | Episode Q0:    29.16
Episode: 1917/5000 | Episode reward:  -554.62 | Episode steps: 2500 | Average reward:  -587.90 | Step Count: 1762876 | Episode Q0:    29.16
Episode: 1918/5000 | Episode reward:  -550.08 | Episode steps: 2500 | Average reward:  -609.33 | Step Count: 1765376 | Episode Q0:    29.16
Episode: 1919/5000 | Episode reward:    60.59 | Episode steps: 2500 | Average reward:  -538.13 | Step Count: 1767876 | Episode Q0:    29.16
Episode: 1920/5000 | Episode reward:  -128.32 | Episode steps: 2500 | Average reward:  -484.32 | Step Count: 1770376 | Episode Q0:    29.16
Episode: 1921/5000 | Episode reward:  -859.19 | Episode steps: 2500 | Average reward:  -489.80 | Step Count: 1772876 | Episode Q0:    29.16
Episode: 1922/5000 | Episode reward:   -86.24 | Episode steps: 2500 | Average reward:  -463.28 | Step Count: 1775376 | Episode Q0:    29.16
Episode: 1923/5000 | Episode reward:  -617.84 | Episode steps: 2500 | Average reward:  -468.47 | Step Count: 1777876 | Episode Q0:    29.16
Episode: 1924/5000 | Episode reward:  -578.65 | Episode steps: 2500 | Average reward:  -460.29 | Step Count: 1780376 | Episode Q0:    29.16
Episode: 1925/5000 | Episode reward:  -853.15 | Episode steps: 2500 | Average reward:  -467.95 | Step Count: 1782876 | Episode Q0:    29.16
Episode: 1926/5000 | Episode reward:  -479.00 | Episode steps: 2500 | Average reward:  -464.65 | Step Count: 1785376 | Episode Q0:    29.16
Episode: 1927/5000 | Episode reward:  -743.38 | Episode steps: 2500 | Average reward:  -483.53 | Step Count: 1787876 | Episode Q0:    29.16
Episode: 1928/5000 | Episode reward:   134.82 | Episode steps: 2500 | Average reward:  -415.03 | Step Count: 1790376 | Episode Q0:    29.16
Episode: 1929/5000 | Episode reward:  -546.89 | Episode steps: 2500 | Average reward:  -475.78 | Step Count: 1792876 | Episode Q0:    29.16
Episode: 1930/5000 | Episode reward:  -524.92 | Episode steps: 2500 | Average reward:  -515.44 | Step Count: 1795376 | Episode Q0:    29.16
Episode: 1931/5000 | Episode reward:  -511.75 | Episode steps: 2500 | Average reward:  -480.70 | Step Count: 1797876 | Episode Q0:    29.16
Episode: 1932/5000 | Episode reward:  -792.33 | Episode steps: 2500 | Average reward:  -551.31 | Step Count: 1800376 | Episode Q0:    30.38
Episode: 1933/5000 | Episode reward:  -336.33 | Episode steps: 2500 | Average reward:  -523.16 | Step Count: 1802876 | Episode Q0:    30.38
Episode: 1934/5000 | Episode reward:  -213.87 | Episode steps: 2500 | Average reward:  -486.68 | Step Count: 1805376 | Episode Q0:    30.38
Episode: 1935/5000 | Episode reward:  -702.17 | Episode steps: 2500 | Average reward:  -471.58 | Step Count: 1807876 | Episode Q0:    30.38
Episode: 1936/5000 | Episode reward:  -487.07 | Episode steps: 2500 | Average reward:  -472.39 | Step Count: 1810376 | Episode Q0:    30.38
Episode: 1937/5000 | Episode reward:  -472.03 | Episode steps: 2500 | Average reward:  -445.25 | Step Count: 1812876 | Episode Q0:    30.38
Episode: 1938/5000 | Episode reward:  -434.45 | Episode steps: 2500 | Average reward:  -502.18 | Step Count: 1815376 | Episode Q0:    30.38
Episode: 1939/5000 | Episode reward:  -673.87 | Episode steps: 2500 | Average reward:  -514.88 | Step Count: 1817876 | Episode Q0:    30.38
Episode: 1940/5000 | Episode reward:  -721.12 | Episode steps: 2500 | Average reward:  -534.50 | Step Count: 1820376 | Episode Q0:    30.38
Episode: 1941/5000 | Episode reward:  -751.55 | Episode steps: 2500 | Average reward:  -558.48 | Step Count: 1822876 | Episode Q0:    30.38
Episode: 1942/5000 | Episode reward:  -505.08 | Episode steps: 2500 | Average reward:  -529.75 | Step Count: 1825376 | Episode Q0:    30.38
Episode: 1943/5000 | Episode reward:  -485.60 | Episode steps: 2500 | Average reward:  -544.68 | Step Count: 1827876 | Episode Q0:    30.38
Episode: 1944/5000 | Episode reward:  -131.84 | Episode steps: 2500 | Average reward:  -536.48 | Step Count: 1830376 | Episode Q0:    30.38
Episode: 1945/5000 | Episode reward:  -666.39 | Episode steps: 2500 | Average reward:  -532.90 | Step Count: 1832876 | Episode Q0:    30.38
Episode: 1946/5000 | Episode reward:  -582.60 | Episode steps: 2500 | Average reward:  -542.45 | Step Count: 1835376 | Episode Q0:    30.38
Episode: 1947/5000 | Episode reward:   249.28 | Episode steps: 2500 | Average reward:  -470.32 | Step Count: 1837876 | Episode Q0:    30.38
Episode: 1948/5000 | Episode reward:  -491.92 | Episode steps: 2500 | Average reward:  -476.07 | Step Count: 1840376 | Episode Q0:    30.38
Episode: 1949/5000 | Episode reward:  -727.91 | Episode steps: 2500 | Average reward:  -481.47 | Step Count: 1842876 | Episode Q0:    30.38
Episode: 1950/5000 | Episode reward:  -666.43 | Episode steps: 2500 | Average reward:  -476.00 | Step Count: 1845376 | Episode Q0:    30.38
Episode: 1951/5000 | Episode reward:  -746.49 | Episode steps: 2500 | Average reward:  -475.50 | Step Count: 1847876 | Episode Q0:    30.38
Episode: 1952/5000 | Episode reward:  -689.13 | Episode steps: 2500 | Average reward:  -493.90 | Step Count: 1850376 | Episode Q0:    30.38
Episode: 1953/5000 | Episode reward:   187.44 | Episode steps: 2500 | Average reward:  -426.60 | Step Count: 1852876 | Episode Q0:    30.52
Episode: 1954/5000 | Episode reward:  -548.40 | Episode steps: 2500 | Average reward:  -468.26 | Step Count: 1855376 | Episode Q0:    30.52
Episode: 1955/5000 | Episode reward:  -693.48 | Episode steps: 2500 | Average reward:  -470.97 | Step Count: 1857876 | Episode Q0:    30.52
Episode: 1956/5000 | Episode reward:   103.60 | Episode steps: 2500 | Average reward:  -402.35 | Step Count: 1860376 | Episode Q0:    30.52
Episode: 1957/5000 | Episode reward:  -359.71 | Episode steps: 2500 | Average reward:  -463.24 | Step Count: 1862876 | Episode Q0:    30.52
Episode: 1958/5000 | Episode reward:   -64.28 | Episode steps: 2500 | Average reward:  -420.48 | Step Count: 1865376 | Episode Q0:    30.52
Episode: 1959/5000 | Episode reward:  -424.92 | Episode steps: 2500 | Average reward:  -390.18 | Step Count: 1867876 | Episode Q0:    30.52
Episode: 1960/5000 | Episode reward:   301.63 | Episode steps: 2500 | Average reward:  -293.37 | Step Count: 1870376 | Episode Q0:    30.52
Episode: 1961/5000 | Episode reward:  -439.25 | Episode steps: 2500 | Average reward:  -262.65 | Step Count: 1872876 | Episode Q0:    30.52
Episode: 1962/5000 | Episode reward:  -497.24 | Episode steps: 2500 | Average reward:  -243.46 | Step Count: 1875376 | Episode Q0:    30.52
Episode: 1963/5000 | Episode reward:  -532.29 | Episode steps: 2500 | Average reward:  -315.43 | Step Count: 1877876 | Episode Q0:    30.52
Episode: 1964/5000 | Episode reward:  -196.44 | Episode steps: 2500 | Average reward:  -280.24 | Step Count: 1880376 | Episode Q0:    30.52
Episode: 1965/5000 | Episode reward:  -670.35 | Episode steps: 2500 | Average reward:  -277.92 | Step Count: 1882876 | Episode Q0:    30.52
Episode: 1966/5000 | Episode reward:  -363.87 | Episode steps: 2500 | Average reward:  -324.67 | Step Count: 1885376 | Episode Q0:    30.52
Episode: 1967/5000 | Episode reward:   -60.65 | Episode steps: 2500 | Average reward:  -294.77 | Step Count: 1887876 | Episode Q0:    30.52
Episode: 1968/5000 | Episode reward:  -406.34 | Episode steps: 2500 | Average reward:  -328.97 | Step Count: 1890376 | Episode Q0:    30.52
Episode: 1969/5000 | Episode reward:  -354.19 | Episode steps: 2500 | Average reward:  -321.90 | Step Count: 1892876 | Episode Q0:    30.52
Episode: 1970/5000 | Episode reward:  -534.15 | Episode steps: 2500 | Average reward:  -405.48 | Step Count: 1895376 | Episode Q0:    30.52
Episode: 1971/5000 | Episode reward:  -674.62 | Episode steps: 2500 | Average reward:  -429.01 | Step Count: 1897876 | Episode Q0:    30.52
Episode: 1972/5000 | Episode reward:  -604.72 | Episode steps: 2500 | Average reward:  -439.76 | Step Count: 1900376 | Episode Q0:    30.52
Episode: 1973/5000 | Episode reward:   142.20 | Episode steps: 2500 | Average reward:  -372.31 | Step Count: 1902876 | Episode Q0:    30.52
Episode: 1974/5000 | Episode reward:  -696.04 | Episode steps: 2500 | Average reward:  -422.27 | Step Count: 1905376 | Episode Q0:    30.52
Episode: 1975/5000 | Episode reward:  -408.04 | Episode steps: 2500 | Average reward:  -396.04 | Step Count: 1907876 | Episode Q0:    30.52
Episode: 1976/5000 | Episode reward:  -431.64 | Episode steps: 2500 | Average reward:  -402.82 | Step Count: 1910376 | Episode Q0:    29.28
Episode: 1977/5000 | Episode reward:  -480.76 | Episode steps: 2500 | Average reward:  -444.83 | Step Count: 1912876 | Episode Q0:    29.28
Episode: 1978/5000 | Episode reward:  -343.50 | Episode steps: 2500 | Average reward:  -438.55 | Step Count: 1915376 | Episode Q0:    29.28
Episode: 1979/5000 | Episode reward:  -388.75 | Episode steps: 2500 | Average reward:  -442.00 | Step Count: 1917876 | Episode Q0:    29.28
Episode: 1980/5000 | Episode reward:  -505.05 | Episode steps: 2500 | Average reward:  -439.09 | Step Count: 1920376 | Episode Q0:    29.28
Episode: 1981/5000 | Episode reward:   243.98 | Episode steps: 2500 | Average reward:  -347.23 | Step Count: 1922876 | Episode Q0:    29.28
Episode: 1982/5000 | Episode reward:   378.41 | Episode steps: 2500 | Average reward:  -248.92 | Step Count: 1925376 | Episode Q0:    29.28
Episode: 1983/5000 | Episode reward:  -655.41 | Episode steps: 2500 | Average reward:  -328.68 | Step Count: 1927876 | Episode Q0:    29.28
Episode: 1984/5000 | Episode reward:  -572.44 | Episode steps: 2500 | Average reward:  -316.32 | Step Count: 1930376 | Episode Q0:    29.28
Episode: 1985/5000 | Episode reward:  -591.87 | Episode steps: 2500 | Average reward:  -334.70 | Step Count: 1932876 | Episode Q0:    29.28
Episode: 1986/5000 | Episode reward:  -508.60 | Episode steps: 2500 | Average reward:  -342.40 | Step Count: 1935376 | Episode Q0:    29.28
Episode: 1987/5000 | Episode reward:  -470.57 | Episode steps: 2500 | Average reward:  -341.38 | Step Count: 1937876 | Episode Q0:    29.28
Episode: 1988/5000 | Episode reward:  -580.20 | Episode steps: 2500 | Average reward:  -365.05 | Step Count: 1940376 | Episode Q0:    29.28
Episode: 1989/5000 | Episode reward:  -392.97 | Episode steps: 2500 | Average reward:  -365.47 | Step Count: 1942876 | Episode Q0:    29.28
Episode: 1990/5000 | Episode reward:  -228.95 | Episode steps: 2500 | Average reward:  -337.86 | Step Count: 1945376 | Episode Q0:    29.28
Episode: 1991/5000 | Episode reward:  -341.53 | Episode steps: 2500 | Average reward:  -396.41 | Step Count: 1947876 | Episode Q0:    29.28
Episode: 1992/5000 | Episode reward:  -528.20 | Episode steps: 2500 | Average reward:  -487.07 | Step Count: 1950376 | Episode Q0:    29.28
Episode: 1993/5000 | Episode reward:  -565.24 | Episode steps: 2500 | Average reward:  -478.06 | Step Count: 1952876 | Episode Q0:    29.28
Episode: 1994/5000 | Episode reward:  -196.85 | Episode steps: 2500 | Average reward:  -440.50 | Step Count: 1955376 | Episode Q0:    29.28
Episode: 1995/5000 | Episode reward:   147.20 | Episode steps: 2500 | Average reward:  -366.59 | Step Count: 1957876 | Episode Q0:    29.28
Episode: 1996/5000 | Episode reward:  -347.37 | Episode steps: 2500 | Average reward:  -350.47 | Step Count: 1960376 | Episode Q0:    29.28
Episode: 1997/5000 | Episode reward:    24.19 | Episode steps: 2500 | Average reward:  -300.99 | Step Count: 1962876 | Episode Q0:    29.34
Episode: 1998/5000 | Episode reward:   258.92 | Episode steps: 2500 | Average reward:  -217.08 | Step Count: 1965376 | Episode Q0:    29.34
Episode: 1999/5000 | Episode reward:    60.44 | Episode steps: 2500 | Average reward:  -171.74 | Step Count: 1967876 | Episode Q0:    29.34
Episode: 2000/5000 | Episode reward:  -103.12 | Episode steps: 2500 | Average reward:  -159.16 | Step Count: 1970376 | Episode Q0:    29.34
Episode: 2001/5000 | Episode reward:   186.19 | Episode steps: 2500 | Average reward:  -106.38 | Step Count: 1972876 | Episode Q0:    29.34
Episode: 2002/5000 | Episode reward:   125.98 | Episode steps: 2500 | Average reward:   -40.97 | Step Count: 1975376 | Episode Q0:    29.34
Episode: 2003/5000 | Episode reward:  -112.60 | Episode steps: 2500 | Average reward:     4.30 | Step Count: 1977876 | Episode Q0:    29.34
Episode: 2004/5000 | Episode reward:   628.75 | Episode steps: 2500 | Average reward:    86.86 | Step Count: 1980376 | Episode Q0:    29.34
Episode: 2005/5000 | Episode reward:   171.38 | Episode steps: 2500 | Average reward:    89.28 | Step Count: 1982876 | Episode Q0:    29.34
Episode: 2006/5000 | Episode reward:    28.64 | Episode steps: 2500 | Average reward:   126.88 | Step Count: 1985376 | Episode Q0:    29.34
Episode: 2007/5000 | Episode reward:  -172.43 | Episode steps: 2500 | Average reward:   107.21 | Step Count: 1987876 | Episode Q0:    29.34
Episode: 2008/5000 | Episode reward:   197.85 | Episode steps: 2500 | Average reward:   101.11 | Step Count: 1990376 | Episode Q0:    29.34
Episode: 2009/5000 | Episode reward:   -19.27 | Episode steps: 2500 | Average reward:    93.14 | Step Count: 1992876 | Episode Q0:    29.34
Episode: 2010/5000 | Episode reward:  -108.67 | Episode steps: 2500 | Average reward:    92.58 | Step Count: 1995376 | Episode Q0:    29.34
Episode: 2011/5000 | Episode reward:  -136.08 | Episode steps: 2500 | Average reward:    60.35 | Step Count: 1997876 | Episode Q0:    29.34
Episode: 2012/5000 | Episode reward:   154.27 | Episode steps: 2500 | Average reward:    63.18 | Step Count: 2000376 | Episode Q0:    29.34
Episode: 2013/5000 | Episode reward:    53.55 | Episode steps: 2500 | Average reward:    79.80 | Step Count: 2002876 | Episode Q0:    29.34
Episode: 2014/5000 | Episode reward:   -38.32 | Episode steps: 2500 | Average reward:    13.09 | Step Count: 2005376 | Episode Q0:    29.34
Episode: 2015/5000 | Episode reward:  -105.73 | Episode steps: 2500 | Average reward:   -14.62 | Step Count: 2007876 | Episode Q0:    29.34
Episode: 2016/5000 | Episode reward:   651.87 | Episode steps: 2500 | Average reward:    47.70 | Step Count: 2010376 | Episode Q0:    29.34
Episode: 2017/5000 | Episode reward:    -7.12 | Episode steps: 2500 | Average reward:    64.24 | Step Count: 2012876 | Episode Q0:    29.34
Episode: 2018/5000 | Episode reward:   -12.68 | Episode steps: 2500 | Average reward:    43.18 | Step Count: 2015376 | Episode Q0:    29.34
Episode: 2019/5000 | Episode reward:   461.29 | Episode steps: 2500 | Average reward:    91.24 | Step Count: 2017876 | Episode Q0:    29.34
Episode: 2020/5000 | Episode reward:   -26.67 | Episode steps: 2500 | Average reward:    99.44 | Step Count: 2020376 | Episode Q0:    29.43
Episode: 2021/5000 | Episode reward:   230.40 | Episode steps: 2500 | Average reward:   136.09 | Step Count: 2022876 | Episode Q0:    29.43
Episode: 2022/5000 | Episode reward:   289.94 | Episode steps: 2500 | Average reward:   149.65 | Step Count: 2025376 | Episode Q0:    29.43
Episode: 2023/5000 | Episode reward:   386.00 | Episode steps: 2500 | Average reward:   182.90 | Step Count: 2027876 | Episode Q0:    29.43
Episode: 2024/5000 | Episode reward:   373.60 | Episode steps: 2500 | Average reward:   224.09 | Step Count: 2030376 | Episode Q0:    29.43
Episode: 2025/5000 | Episode reward:   282.35 | Episode steps: 2500 | Average reward:   262.90 | Step Count: 2032876 | Episode Q0:    29.43
Episode: 2026/5000 | Episode reward:    60.87 | Episode steps: 2500 | Average reward:   203.80 | Step Count: 2035376 | Episode Q0:    29.43
Episode: 2027/5000 | Episode reward:   239.34 | Episode steps: 2500 | Average reward:   228.45 | Step Count: 2037876 | Episode Q0:    29.43
Episode: 2028/5000 | Episode reward:   401.91 | Episode steps: 2500 | Average reward:   269.90 | Step Count: 2040376 | Episode Q0:    29.43
Episode: 2029/5000 | Episode reward:   442.22 | Episode steps: 2500 | Average reward:   268.00 | Step Count: 2042876 | Episode Q0:    29.43
Episode: 2030/5000 | Episode reward:   249.51 | Episode steps: 2500 | Average reward:   295.62 | Step Count: 2045376 | Episode Q0:    29.43
Episode: 2031/5000 | Episode reward:   338.18 | Episode steps: 2500 | Average reward:   306.39 | Step Count: 2047876 | Episode Q0:    29.43
Episode: 2032/5000 | Episode reward:    78.60 | Episode steps: 2500 | Average reward:   285.26 | Step Count: 2050376 | Episode Q0:    29.43
Episode: 2033/5000 | Episode reward:   422.20 | Episode steps: 2500 | Average reward:   288.88 | Step Count: 2052876 | Episode Q0:    29.43
Episode: 2034/5000 | Episode reward:   455.66 | Episode steps: 2500 | Average reward:   297.08 | Step Count: 2055376 | Episode Q0:    29.43
Episode: 2035/5000 | Episode reward:    89.68 | Episode steps: 2500 | Average reward:   277.82 | Step Count: 2057876 | Episode Q0:    29.43
Episode: 2036/5000 | Episode reward:   262.48 | Episode steps: 2500 | Average reward:   297.98 | Step Count: 2060376 | Episode Q0:    29.43
Episode: 2037/5000 | Episode reward:   275.03 | Episode steps: 2500 | Average reward:   301.55 | Step Count: 2062876 | Episode Q0:    29.43
Episode: 2038/5000 | Episode reward:   661.35 | Episode steps: 2500 | Average reward:   327.49 | Step Count: 2065376 | Episode Q0:    29.43
Episode: 2039/5000 | Episode reward:   224.57 | Episode steps: 2500 | Average reward:   305.73 | Step Count: 2067876 | Episode Q0:    29.43
Episode: 2040/5000 | Episode reward:   317.21 | Episode steps: 2500 | Average reward:   312.50 | Step Count: 2070376 | Episode Q0:    29.43
Episode: 2041/5000 | Episode reward:   931.05 | Episode steps: 2500 | Average reward:   371.78 | Step Count: 2072876 | Episode Q0:    29.97
Episode: 2042/5000 | Episode reward:   538.86 | Episode steps: 2500 | Average reward:   417.81 | Step Count: 2075376 | Episode Q0:    29.97
Episode: 2043/5000 | Episode reward:   380.79 | Episode steps: 2500 | Average reward:   413.67 | Step Count: 2077876 | Episode Q0:    29.97
Episode: 2044/5000 | Episode reward:   381.58 | Episode steps: 2500 | Average reward:   406.26 | Step Count: 2080376 | Episode Q0:    29.97
Episode: 2045/5000 | Episode reward:  1006.16 | Episode steps: 2500 | Average reward:   497.91 | Step Count: 2082876 | Episode Q0:    29.97
Episode: 2046/5000 | Episode reward:  1027.39 | Episode steps: 2500 | Average reward:   574.40 | Step Count: 2085376 | Episode Q0:    29.97
Episode: 2047/5000 | Episode reward:   543.21 | Episode steps: 2500 | Average reward:   601.22 | Step Count: 2087876 | Episode Q0:    29.97
Episode: 2048/5000 | Episode reward:   512.53 | Episode steps: 2500 | Average reward:   586.33 | Step Count: 2090376 | Episode Q0:    29.97
Episode: 2049/5000 | Episode reward:   337.53 | Episode steps: 2500 | Average reward:   597.63 | Step Count: 2092876 | Episode Q0:    29.97
Episode: 2050/5000 | Episode reward:   535.24 | Episode steps: 2500 | Average reward:   619.43 | Step Count: 2095376 | Episode Q0:    29.97
Episode: 2051/5000 | Episode reward:   364.52 | Episode steps: 2500 | Average reward:   562.78 | Step Count: 2097876 | Episode Q0:    29.97
Episode: 2052/5000 | Episode reward:   315.92 | Episode steps: 2500 | Average reward:   540.49 | Step Count: 2100376 | Episode Q0:    29.97
Episode: 2053/5000 | Episode reward:   368.31 | Episode steps: 2500 | Average reward:   539.24 | Step Count: 2102876 | Episode Q0:    29.97
Episode: 2054/5000 | Episode reward:   194.75 | Episode steps: 2500 | Average reward:   520.55 | Step Count: 2105376 | Episode Q0:    29.97
Episode: 2055/5000 | Episode reward:   199.00 | Episode steps: 2500 | Average reward:   439.84 | Step Count: 2107876 | Episode Q0:    29.97
Episode: 2056/5000 | Episode reward:   930.35 | Episode steps: 2500 | Average reward:   430.14 | Step Count: 2110376 | Episode Q0:    29.97
Episode: 2057/5000 | Episode reward:   922.94 | Episode steps: 2500 | Average reward:   468.11 | Step Count: 2112876 | Episode Q0:    29.97
Episode: 2058/5000 | Episode reward:   222.51 | Episode steps: 2500 | Average reward:   439.11 | Step Count: 2115376 | Episode Q0:    29.97
Episode: 2059/5000 | Episode reward:   388.47 | Episode steps: 2500 | Average reward:   444.20 | Step Count: 2117876 | Episode Q0:    29.97
Episode: 2060/5000 | Episode reward:   878.96 | Episode steps: 2500 | Average reward:   478.57 | Step Count: 2120376 | Episode Q0:    29.97
Episode: 2061/5000 | Episode reward:   217.18 | Episode steps: 2500 | Average reward:   463.84 | Step Count: 2122876 | Episode Q0:    29.97
Episode: 2062/5000 | Episode reward:   118.24 | Episode steps: 2500 | Average reward:   444.07 | Step Count: 2125376 | Episode Q0:    29.97
Episode: 2063/5000 | Episode reward:   347.35 | Episode steps: 2500 | Average reward:   441.98 | Step Count: 2127876 | Episode Q0:    29.97
Episode: 2064/5000 | Episode reward:   776.27 | Episode steps: 2500 | Average reward:   500.13 | Step Count: 2130376 | Episode Q0:    29.32
Episode: 2065/5000 | Episode reward:   562.87 | Episode steps: 2500 | Average reward:   536.51 | Step Count: 2132876 | Episode Q0:    29.32
Episode: 2066/5000 | Episode reward:   724.89 | Episode steps: 2500 | Average reward:   515.97 | Step Count: 2135376 | Episode Q0:    29.32
Episode: 2067/5000 | Episode reward:   565.21 | Episode steps: 2500 | Average reward:   480.19 | Step Count: 2137876 | Episode Q0:    29.32
Episode: 2068/5000 | Episode reward:   616.60 | Episode steps: 2500 | Average reward:   519.60 | Step Count: 2140376 | Episode Q0:    29.32
Episode: 2069/5000 | Episode reward:   726.47 | Episode steps: 2500 | Average reward:   553.40 | Step Count: 2142876 | Episode Q0:    29.32
Episode: 2070/5000 | Episode reward:   678.96 | Episode steps: 2500 | Average reward:   533.40 | Step Count: 2145376 | Episode Q0:    29.32
Episode: 2071/5000 | Episode reward:   904.54 | Episode steps: 2500 | Average reward:   602.14 | Step Count: 2147876 | Episode Q0:    29.32
Episode: 2072/5000 | Episode reward:   756.03 | Episode steps: 2500 | Average reward:   665.92 | Step Count: 2150376 | Episode Q0:    29.32
Episode: 2073/5000 | Episode reward:  1234.57 | Episode steps: 2500 | Average reward:   754.64 | Step Count: 2152876 | Episode Q0:    29.32
Episode: 2074/5000 | Episode reward:   635.16 | Episode steps: 2500 | Average reward:   740.53 | Step Count: 2155376 | Episode Q0:    29.32
Episode: 2075/5000 | Episode reward:   760.18 | Episode steps: 2500 | Average reward:   760.26 | Step Count: 2157876 | Episode Q0:    29.32
Episode: 2076/5000 | Episode reward:   750.09 | Episode steps: 2500 | Average reward:   762.78 | Step Count: 2160376 | Episode Q0:    29.32
Episode: 2077/5000 | Episode reward:   524.28 | Episode steps: 2500 | Average reward:   758.69 | Step Count: 2162876 | Episode Q0:    29.32
Episode: 2078/5000 | Episode reward:   950.54 | Episode steps: 2500 | Average reward:   792.08 | Step Count: 2165376 | Episode Q0:    29.32
Episode: 2079/5000 | Episode reward:   323.48 | Episode steps:  646 | Average reward:   751.78 | Step Count: 2166022 | Episode Q0:    29.32
Episode: 2080/5000 | Episode reward:   635.79 | Episode steps: 2500 | Average reward:   747.47 | Step Count: 2168522 | Episode Q0:    29.32
Episode: 2081/5000 | Episode reward:   595.56 | Episode steps: 2500 | Average reward:   716.57 | Step Count: 2171022 | Episode Q0:    29.32
Episode: 2082/5000 | Episode reward:   456.84 | Episode steps: 2500 | Average reward:   686.65 | Step Count: 2173522 | Episode Q0:    29.32
Episode: 2083/5000 | Episode reward:   705.40 | Episode steps: 2500 | Average reward:   633.73 | Step Count: 2176022 | Episode Q0:    29.32
Episode: 2084/5000 | Episode reward:   726.29 | Episode steps: 2500 | Average reward:   642.85 | Step Count: 2178522 | Episode Q0:    29.32
Episode: 2085/5000 | Episode reward:   460.08 | Episode steps: 1634 | Average reward:   612.84 | Step Count: 2180156 | Episode Q0:    28.81
Episode: 2086/5000 | Episode reward:  1132.90 | Episode steps: 2500 | Average reward:   651.12 | Step Count: 2182656 | Episode Q0:    28.81
Episode: 2087/5000 | Episode reward:   527.53 | Episode steps: 1661 | Average reward:   651.44 | Step Count: 2184317 | Episode Q0:    28.81
Episode: 2088/5000 | Episode reward:   697.87 | Episode steps: 2146 | Average reward:   626.17 | Step Count: 2186463 | Episode Q0:    28.81
Episode: 2089/5000 | Episode reward:   991.14 | Episode steps: 2339 | Average reward:   692.94 | Step Count: 2188802 | Episode Q0:    28.81
Episode: 2090/5000 | Episode reward:  1075.36 | Episode steps: 2500 | Average reward:   736.90 | Step Count: 2191302 | Episode Q0:    28.81
Episode: 2091/5000 | Episode reward:  1024.89 | Episode steps: 2500 | Average reward:   779.83 | Step Count: 2193802 | Episode Q0:    28.81
Episode: 2092/5000 | Episode reward:  1025.61 | Episode steps: 2500 | Average reward:   836.71 | Step Count: 2196302 | Episode Q0:    28.81
Episode: 2093/5000 | Episode reward:  1041.86 | Episode steps: 2500 | Average reward:   870.35 | Step Count: 2198802 | Episode Q0:    28.81
Episode: 2094/5000 | Episode reward:  1027.74 | Episode steps: 2500 | Average reward:   900.50 | Step Count: 2201302 | Episode Q0:    28.81
Episode: 2095/5000 | Episode reward:  1042.97 | Episode steps: 2500 | Average reward:   958.79 | Step Count: 2203802 | Episode Q0:    28.81
Episode: 2096/5000 | Episode reward:   665.49 | Episode steps: 2500 | Average reward:   912.05 | Step Count: 2206302 | Episode Q0:    28.81
Episode: 2097/5000 | Episode reward:  1089.30 | Episode steps: 2500 | Average reward:   968.22 | Step Count: 2208802 | Episode Q0:    28.81
Episode: 2098/5000 | Episode reward:  1084.05 | Episode steps: 2500 | Average reward:  1006.84 | Step Count: 2211302 | Episode Q0:    28.81
Episode: 2099/5000 | Episode reward:   802.53 | Episode steps: 2500 | Average reward:   987.98 | Step Count: 2213802 | Episode Q0:    28.81
Episode: 2100/5000 | Episode reward:  1051.78 | Episode steps: 2500 | Average reward:   985.62 | Step Count: 2216302 | Episode Q0:    28.81
Episode: 2101/5000 | Episode reward:   710.66 | Episode steps: 2313 | Average reward:   954.20 | Step Count: 2218615 | Episode Q0:    28.81
Episode: 2102/5000 | Episode reward:   763.02 | Episode steps: 2500 | Average reward:   927.94 | Step Count: 2221115 | Episode Q0:    28.81
Episode: 2103/5000 | Episode reward:   795.64 | Episode steps: 2500 | Average reward:   903.32 | Step Count: 2223615 | Episode Q0:    28.81
Episode: 2104/5000 | Episode reward:   791.56 | Episode steps: 2500 | Average reward:   879.70 | Step Count: 2226115 | Episode Q0:    28.81
Episode: 2105/5000 | Episode reward:  1159.49 | Episode steps: 2500 | Average reward:   891.35 | Step Count: 2228615 | Episode Q0:    28.81
Episode: 2106/5000 | Episode reward:  1208.03 | Episode steps: 2500 | Average reward:   945.61 | Step Count: 2231115 | Episode Q0:    28.81
Episode: 2107/5000 | Episode reward:   798.64 | Episode steps: 2500 | Average reward:   916.54 | Step Count: 2233615 | Episode Q0:    28.81
Episode: 2108/5000 | Episode reward:   954.65 | Episode steps: 2500 | Average reward:   903.60 | Step Count: 2236115 | Episode Q0:    29.97
Episode: 2109/5000 | Episode reward:   495.52 | Episode steps: 2500 | Average reward:   872.90 | Step Count: 2238615 | Episode Q0:    29.97
Episode: 2110/5000 | Episode reward:   593.55 | Episode steps: 2500 | Average reward:   827.08 | Step Count: 2241115 | Episode Q0:    29.97
Episode: 2111/5000 | Episode reward:   501.00 | Episode steps: 2500 | Average reward:   806.11 | Step Count: 2243615 | Episode Q0:    29.97
Episode: 2112/5000 | Episode reward:  1189.42 | Episode steps: 2500 | Average reward:   848.75 | Step Count: 2246115 | Episode Q0:    29.97
Episode: 2113/5000 | Episode reward:   924.29 | Episode steps: 2500 | Average reward:   861.62 | Step Count: 2248615 | Episode Q0:    29.97
Episode: 2114/5000 | Episode reward:   526.89 | Episode steps: 2500 | Average reward:   835.15 | Step Count: 2251115 | Episode Q0:    29.97
Episode: 2115/5000 | Episode reward:  1239.15 | Episode steps: 2500 | Average reward:   843.12 | Step Count: 2253615 | Episode Q0:    29.97
Episode: 2116/5000 | Episode reward:  1052.40 | Episode steps: 2500 | Average reward:   827.55 | Step Count: 2256115 | Episode Q0:    29.97
Episode: 2117/5000 | Episode reward:   451.30 | Episode steps: 2500 | Average reward:   792.82 | Step Count: 2258615 | Episode Q0:    29.97
Episode: 2118/5000 | Episode reward:   820.55 | Episode steps: 2500 | Average reward:   779.41 | Step Count: 2261115 | Episode Q0:    29.97
Episode: 2119/5000 | Episode reward:  1205.26 | Episode steps: 2500 | Average reward:   850.38 | Step Count: 2263615 | Episode Q0:    29.97
Episode: 2120/5000 | Episode reward:   391.01 | Episode steps: 2500 | Average reward:   830.13 | Step Count: 2266115 | Episode Q0:    29.97
Episode: 2121/5000 | Episode reward:  1031.43 | Episode steps: 2500 | Average reward:   883.17 | Step Count: 2268615 | Episode Q0:    29.97
Episode: 2122/5000 | Episode reward:   997.38 | Episode steps: 2500 | Average reward:   863.97 | Step Count: 2271115 | Episode Q0:    29.97
Episode: 2123/5000 | Episode reward:   625.94 | Episode steps: 2500 | Average reward:   834.13 | Step Count: 2273615 | Episode Q0:    29.97
Episode: 2124/5000 | Episode reward:   689.87 | Episode steps: 2500 | Average reward:   850.43 | Step Count: 2276115 | Episode Q0:    29.97
Episode: 2125/5000 | Episode reward:   387.00 | Episode steps:  940 | Average reward:   765.21 | Step Count: 2277055 | Episode Q0:    29.97
Episode: 2126/5000 | Episode reward:  1070.43 | Episode steps: 2500 | Average reward:   767.02 | Step Count: 2279555 | Episode Q0:    29.97
Episode: 2127/5000 | Episode reward:   462.13 | Episode steps: 2500 | Average reward:   768.10 | Step Count: 2282055 | Episode Q0:    29.97
Episode: 2128/5000 | Episode reward:  1069.30 | Episode steps: 2500 | Average reward:   792.98 | Step Count: 2284555 | Episode Q0:    29.97
Episode: 2129/5000 | Episode reward:   705.41 | Episode steps: 2500 | Average reward:   742.99 | Step Count: 2287055 | Episode Q0:    30.26
Episode: 2130/5000 | Episode reward:  1000.46 | Episode steps: 2500 | Average reward:   803.94 | Step Count: 2289555 | Episode Q0:    30.26
Episode: 2131/5000 | Episode reward:   738.99 | Episode steps: 2500 | Average reward:   774.69 | Step Count: 2292055 | Episode Q0:    30.26
Episode: 2132/5000 | Episode reward:  1269.80 | Episode steps: 2500 | Average reward:   801.93 | Step Count: 2294555 | Episode Q0:    30.26
Episode: 2133/5000 | Episode reward:   677.74 | Episode steps: 2500 | Average reward:   807.11 | Step Count: 2297055 | Episode Q0:    30.26
Episode: 2134/5000 | Episode reward:  1275.05 | Episode steps: 2500 | Average reward:   865.63 | Step Count: 2299555 | Episode Q0:    30.26
Episode: 2135/5000 | Episode reward:   827.48 | Episode steps: 2500 | Average reward:   909.68 | Step Count: 2302055 | Episode Q0:    30.26
Episode: 2136/5000 | Episode reward:  1285.69 | Episode steps: 2500 | Average reward:   931.21 | Step Count: 2304555 | Episode Q0:    30.26
Episode: 2137/5000 | Episode reward:   415.87 | Episode steps: 1122 | Average reward:   926.58 | Step Count: 2305677 | Episode Q0:    30.26
Episode: 2138/5000 | Episode reward:   557.88 | Episode steps: 2500 | Average reward:   875.44 | Step Count: 2308177 | Episode Q0:    30.26
Episode: 2139/5000 | Episode reward:  1046.92 | Episode steps: 2500 | Average reward:   909.59 | Step Count: 2310677 | Episode Q0:    30.26
Episode: 2140/5000 | Episode reward:  1175.82 | Episode steps: 2500 | Average reward:   927.12 | Step Count: 2313177 | Episode Q0:    30.26
Episode: 2141/5000 | Episode reward:   504.92 | Episode steps: 2500 | Average reward:   903.72 | Step Count: 2315677 | Episode Q0:    30.26
Episode: 2142/5000 | Episode reward:   890.05 | Episode steps: 2500 | Average reward:   865.74 | Step Count: 2318177 | Episode Q0:    30.26
Episode: 2143/5000 | Episode reward:   602.64 | Episode steps: 2500 | Average reward:   858.23 | Step Count: 2320677 | Episode Q0:    30.26
Episode: 2144/5000 | Episode reward:   472.22 | Episode steps: 2500 | Average reward:   777.95 | Step Count: 2323177 | Episode Q0:    30.26
Episode: 2145/5000 | Episode reward:   311.68 | Episode steps: 2500 | Average reward:   726.37 | Step Count: 2325677 | Episode Q0:    30.26
Episode: 2146/5000 | Episode reward:   618.00 | Episode steps: 1270 | Average reward:   659.60 | Step Count: 2326947 | Episode Q0:    30.26
Episode: 2147/5000 | Episode reward:  1177.90 | Episode steps: 2500 | Average reward:   735.80 | Step Count: 2329447 | Episode Q0:    30.26
Episode: 2148/5000 | Episode reward:   744.64 | Episode steps: 2500 | Average reward:   754.48 | Step Count: 2331947 | Episode Q0:    30.26
Episode: 2149/5000 | Episode reward:   578.62 | Episode steps: 2500 | Average reward:   707.65 | Step Count: 2334447 | Episode Q0:    30.26
Episode: 2150/5000 | Episode reward:   372.02 | Episode steps: 2500 | Average reward:   627.27 | Step Count: 2336947 | Episode Q0:    30.26
Episode: 2151/5000 | Episode reward:   786.58 | Episode steps: 2500 | Average reward:   655.44 | Step Count: 2339447 | Episode Q0:    30.26
Episode: 2152/5000 | Episode reward:   152.92 | Episode steps: 1194 | Average reward:   581.72 | Step Count: 2340641 | Episode Q0:    29.42
Episode: 2153/5000 | Episode reward:    36.49 | Episode steps: 1559 | Average reward:   525.11 | Step Count: 2342200 | Episode Q0:    29.42
Episode: 2154/5000 | Episode reward:    61.21 | Episode steps:  995 | Average reward:   484.01 | Step Count: 2343195 | Episode Q0:    29.42
Episode: 2155/5000 | Episode reward:   -75.67 | Episode steps: 1026 | Average reward:   445.27 | Step Count: 2344221 | Episode Q0:    29.42
Episode: 2156/5000 | Episode reward:   254.08 | Episode steps: 1607 | Average reward:   408.88 | Step Count: 2345828 | Episode Q0:    29.42
Episode: 2157/5000 | Episode reward:    45.30 | Episode steps: 1533 | Average reward:   295.62 | Step Count: 2347361 | Episode Q0:    29.42
Episode: 2158/5000 | Episode reward:    47.42 | Episode steps: 1040 | Average reward:   225.90 | Step Count: 2348401 | Episode Q0:    29.42
Episode: 2159/5000 | Episode reward:   194.94 | Episode steps: 1055 | Average reward:   187.53 | Step Count: 2349456 | Episode Q0:    29.42
Episode: 2160/5000 | Episode reward:   766.27 | Episode steps: 1942 | Average reward:   226.96 | Step Count: 2351398 | Episode Q0:    29.42
Episode: 2161/5000 | Episode reward:   -30.93 | Episode steps:  804 | Average reward:   145.20 | Step Count: 2352202 | Episode Q0:    29.42
Episode: 2162/5000 | Episode reward:   527.30 | Episode steps: 2500 | Average reward:   182.64 | Step Count: 2354702 | Episode Q0:    29.42
Episode: 2163/5000 | Episode reward:     3.83 | Episode steps: 1228 | Average reward:   179.38 | Step Count: 2355930 | Episode Q0:    29.42
Episode: 2164/5000 | Episode reward:   -69.34 | Episode steps: 1497 | Average reward:   166.32 | Step Count: 2357427 | Episode Q0:    29.42
Episode: 2165/5000 | Episode reward:    61.54 | Episode steps: 1192 | Average reward:   180.04 | Step Count: 2358619 | Episode Q0:    29.42
Episode: 2166/5000 | Episode reward:   713.97 | Episode steps: 2500 | Average reward:   226.03 | Step Count: 2361119 | Episode Q0:    29.42
Episode: 2167/5000 | Episode reward:   209.24 | Episode steps: 1263 | Average reward:   242.42 | Step Count: 2362382 | Episode Q0:    29.42
Episode: 2168/5000 | Episode reward:    11.19 | Episode steps: 1457 | Average reward:   238.80 | Step Count: 2363839 | Episode Q0:    29.42
Episode: 2169/5000 | Episode reward:   388.68 | Episode steps: 2321 | Average reward:   258.17 | Step Count: 2366160 | Episode Q0:    29.42
Episode: 2170/5000 | Episode reward:   120.13 | Episode steps: 1238 | Average reward:   193.56 | Step Count: 2367398 | Episode Q0:    29.42
Episode: 2171/5000 | Episode reward:    39.16 | Episode steps:  990 | Average reward:   200.57 | Step Count: 2368388 | Episode Q0:    29.42
Episode: 2172/5000 | Episode reward:   -84.70 | Episode steps: 1222 | Average reward:   139.37 | Step Count: 2369610 | Episode Q0:    29.42
Episode: 2173/5000 | Episode reward:  1097.61 | Episode steps: 2500 | Average reward:   248.75 | Step Count: 2372110 | Episode Q0:    31.95
Episode: 2174/5000 | Episode reward:   855.00 | Episode steps: 2500 | Average reward:   341.18 | Step Count: 2374610 | Episode Q0:    31.95
Episode: 2175/5000 | Episode reward:   719.65 | Episode steps: 2500 | Average reward:   406.99 | Step Count: 2377110 | Episode Q0:    31.95
Episode: 2176/5000 | Episode reward:   405.53 | Episode steps: 2500 | Average reward:   376.15 | Step Count: 2379610 | Episode Q0:    31.95
Episode: 2177/5000 | Episode reward:   843.21 | Episode steps: 2500 | Average reward:   439.54 | Step Count: 2382110 | Episode Q0:    31.95
Episode: 2178/5000 | Episode reward:   757.01 | Episode steps: 2500 | Average reward:   514.13 | Step Count: 2384610 | Episode Q0:    31.95
Episode: 2179/5000 | Episode reward:   604.73 | Episode steps: 2500 | Average reward:   535.73 | Step Count: 2387110 | Episode Q0:    31.95
Episode: 2180/5000 | Episode reward:   762.30 | Episode steps: 2500 | Average reward:   599.95 | Step Count: 2389610 | Episode Q0:    31.95
Episode: 2181/5000 | Episode reward:   441.67 | Episode steps: 2500 | Average reward:   640.20 | Step Count: 2392110 | Episode Q0:    31.95
Episode: 2182/5000 | Episode reward:   239.68 | Episode steps:  577 | Average reward:   672.64 | Step Count: 2392687 | Episode Q0:    31.95
Episode: 2183/5000 | Episode reward:   747.66 | Episode steps: 1611 | Average reward:   637.64 | Step Count: 2394298 | Episode Q0:    31.95
Episode: 2184/5000 | Episode reward:   833.30 | Episode steps: 2500 | Average reward:   635.47 | Step Count: 2396798 | Episode Q0:    31.95
Episode: 2185/5000 | Episode reward:   160.80 | Episode steps:  369 | Average reward:   579.59 | Step Count: 2397167 | Episode Q0:    31.95
Episode: 2186/5000 | Episode reward:   272.63 | Episode steps:  648 | Average reward:   566.30 | Step Count: 2397815 | Episode Q0:    31.95
Episode: 2187/5000 | Episode reward:   503.63 | Episode steps: 1107 | Average reward:   532.34 | Step Count: 2398922 | Episode Q0:    31.95
Episode: 2188/5000 | Episode reward:   598.60 | Episode steps: 2500 | Average reward:   516.50 | Step Count: 2401422 | Episode Q0:    31.95
Episode: 2189/5000 | Episode reward:   626.06 | Episode steps: 1523 | Average reward:   518.63 | Step Count: 2402945 | Episode Q0:    31.95
Episode: 2190/5000 | Episode reward:   546.76 | Episode steps: 2500 | Average reward:   497.08 | Step Count: 2405445 | Episode Q0:    31.95
Episode: 2191/5000 | Episode reward:   470.76 | Episode steps: 2500 | Average reward:   499.99 | Step Count: 2407945 | Episode Q0:    31.95
Episode: 2192/5000 | Episode reward:  1237.72 | Episode steps: 2500 | Average reward:   599.79 | Step Count: 2410445 | Episode Q0:    31.95
Episode: 2193/5000 | Episode reward:   867.70 | Episode steps: 2500 | Average reward:   611.80 | Step Count: 2412945 | Episode Q0:    31.95
Episode: 2194/5000 | Episode reward:   397.13 | Episode steps:  925 | Average reward:   568.18 | Step Count: 2413870 | Episode Q0:    31.95
Episode: 2195/5000 | Episode reward:   446.99 | Episode steps: 2500 | Average reward:   596.80 | Step Count: 2416370 | Episode Q0:    31.95
Episode: 2196/5000 | Episode reward:   409.98 | Episode steps:  864 | Average reward:   610.53 | Step Count: 2417234 | Episode Q0:    30.26
Episode: 2197/5000 | Episode reward:   216.65 | Episode steps:  513 | Average reward:   581.84 | Step Count: 2417747 | Episode Q0:    30.26
Episode: 2198/5000 | Episode reward:   181.84 | Episode steps:  451 | Average reward:   540.16 | Step Count: 2418198 | Episode Q0:    30.26
Episode: 2199/5000 | Episode reward:   521.20 | Episode steps: 1081 | Average reward:   529.67 | Step Count: 2419279 | Episode Q0:    30.26
Episode: 2200/5000 | Episode reward:   757.19 | Episode steps: 1617 | Average reward:   550.72 | Step Count: 2420896 | Episode Q0:    30.26
Episode: 2201/5000 | Episode reward:   178.43 | Episode steps:  472 | Average reward:   521.48 | Step Count: 2421368 | Episode Q0:    30.26
Episode: 2202/5000 | Episode reward:   663.10 | Episode steps: 1502 | Average reward:   464.02 | Step Count: 2422870 | Episode Q0:    30.26
Episode: 2203/5000 | Episode reward:   278.61 | Episode steps:  572 | Average reward:   405.11 | Step Count: 2423442 | Episode Q0:    30.26
Episode: 2204/5000 | Episode reward:   526.91 | Episode steps: 1086 | Average reward:   418.09 | Step Count: 2424528 | Episode Q0:    30.26
Episode: 2205/5000 | Episode reward:   273.25 | Episode steps:  606 | Average reward:   400.72 | Step Count: 2425134 | Episode Q0:    30.26
Episode: 2206/5000 | Episode reward:  1184.55 | Episode steps: 2500 | Average reward:   478.17 | Step Count: 2427634 | Episode Q0:    30.26
Episode: 2207/5000 | Episode reward:   297.94 | Episode steps:  600 | Average reward:   486.30 | Step Count: 2428234 | Episode Q0:    30.26
Episode: 2208/5000 | Episode reward:    71.07 | Episode steps:  209 | Average reward:   475.23 | Step Count: 2428443 | Episode Q0:    30.26
Episode: 2209/5000 | Episode reward:    91.38 | Episode steps:  226 | Average reward:   432.24 | Step Count: 2428669 | Episode Q0:    30.26
Episode: 2210/5000 | Episode reward:   207.59 | Episode steps:  480 | Average reward:   377.28 | Step Count: 2429149 | Episode Q0:    30.26
Episode: 2211/5000 | Episode reward:   160.19 | Episode steps:  442 | Average reward:   375.46 | Step Count: 2429591 | Episode Q0:    30.26
Episode: 2212/5000 | Episode reward:   165.49 | Episode steps:  486 | Average reward:   325.70 | Step Count: 2430077 | Episode Q0:    30.26
Episode: 2213/5000 | Episode reward:   115.65 | Episode steps:  372 | Average reward:   309.40 | Step Count: 2430449 | Episode Q0:    30.26
Episode: 2214/5000 | Episode reward:    90.14 | Episode steps:  287 | Average reward:   265.72 | Step Count: 2430736 | Episode Q0:    30.26
Episode: 2215/5000 | Episode reward:   390.27 | Episode steps:  834 | Average reward:   277.43 | Step Count: 2431570 | Episode Q0:    30.26
Episode: 2216/5000 | Episode reward:    63.01 | Episode steps:  193 | Average reward:   165.27 | Step Count: 2431763 | Episode Q0:    30.26
Episode: 2217/5000 | Episode reward:   680.05 | Episode steps: 1972 | Average reward:   203.48 | Step Count: 2433735 | Episode Q0:    30.28
Episode: 2218/5000 | Episode reward:   240.63 | Episode steps:  651 | Average reward:   220.44 | Step Count: 2434386 | Episode Q0:    30.28
Episode: 2219/5000 | Episode reward:   290.74 | Episode steps:  822 | Average reward:   240.37 | Step Count: 2435208 | Episode Q0:    30.28
Episode: 2220/5000 | Episode reward:   687.47 | Episode steps: 1856 | Average reward:   288.36 | Step Count: 2437064 | Episode Q0:    30.28
Episode: 2221/5000 | Episode reward:  1017.50 | Episode steps: 2500 | Average reward:   374.09 | Step Count: 2439564 | Episode Q0:    30.28
Episode: 2222/5000 | Episode reward:  1046.40 | Episode steps: 2500 | Average reward:   462.19 | Step Count: 2442064 | Episode Q0:    30.28
Episode: 2223/5000 | Episode reward:    91.58 | Episode steps:  493 | Average reward:   459.78 | Step Count: 2442557 | Episode Q0:    30.28
Episode: 2224/5000 | Episode reward:   258.45 | Episode steps:  803 | Average reward:   476.61 | Step Count: 2443360 | Episode Q0:    30.28
Episode: 2225/5000 | Episode reward:   352.11 | Episode steps: 1029 | Average reward:   472.79 | Step Count: 2444389 | Episode Q0:    30.28
Episode: 2226/5000 | Episode reward:   340.23 | Episode steps:  920 | Average reward:   500.51 | Step Count: 2445309 | Episode Q0:    30.28
Episode: 2227/5000 | Episode reward:   686.81 | Episode steps: 1698 | Average reward:   501.19 | Step Count: 2447007 | Episode Q0:    30.28
Episode: 2228/5000 | Episode reward:   281.97 | Episode steps:  860 | Average reward:   505.33 | Step Count: 2447867 | Episode Q0:    30.28
Episode: 2229/5000 | Episode reward:   351.22 | Episode steps:  917 | Average reward:   511.37 | Step Count: 2448784 | Episode Q0:    30.28
Episode: 2230/5000 | Episode reward:   161.27 | Episode steps:  630 | Average reward:   458.75 | Step Count: 2449414 | Episode Q0:    30.28
Episode: 2231/5000 | Episode reward:  1025.56 | Episode steps: 2500 | Average reward:   459.56 | Step Count: 2451914 | Episode Q0:    30.28
Episode: 2232/5000 | Episode reward:  1011.56 | Episode steps: 2500 | Average reward:   456.08 | Step Count: 2454414 | Episode Q0:    30.28
Episode: 2233/5000 | Episode reward:    91.53 | Episode steps:  406 | Average reward:   456.07 | Step Count: 2454820 | Episode Q0:    30.28
Episode: 2234/5000 | Episode reward:   950.14 | Episode steps: 2500 | Average reward:   525.24 | Step Count: 2457320 | Episode Q0:    30.28
Episode: 2235/5000 | Episode reward:   968.51 | Episode steps: 2500 | Average reward:   586.88 | Step Count: 2459820 | Episode Q0:    30.28
Episode: 2236/5000 | Episode reward:  1129.78 | Episode steps: 2500 | Average reward:   665.83 | Step Count: 2462320 | Episode Q0:    30.28
Episode: 2237/5000 | Episode reward:  1065.04 | Episode steps: 2500 | Average reward:   703.66 | Step Count: 2464820 | Episode Q0:    30.28
Episode: 2238/5000 | Episode reward:   352.39 | Episode steps: 1010 | Average reward:   710.70 | Step Count: 2465830 | Episode Q0:    30.28
Episode: 2239/5000 | Episode reward:   998.00 | Episode steps: 2500 | Average reward:   775.38 | Step Count: 2468330 | Episode Q0:    30.28
Episode: 2240/5000 | Episode reward:   220.54 | Episode steps:  509 | Average reward:   781.31 | Step Count: 2468839 | Episode Q0:    29.91
Episode: 2241/5000 | Episode reward:   201.39 | Episode steps:  469 | Average reward:   698.89 | Step Count: 2469308 | Episode Q0:    29.91
Episode: 2242/5000 | Episode reward:   183.21 | Episode steps:  464 | Average reward:   616.05 | Step Count: 2469772 | Episode Q0:    29.91
Episode: 2243/5000 | Episode reward:  1080.84 | Episode steps: 2500 | Average reward:   714.98 | Step Count: 2472272 | Episode Q0:    29.91
Episode: 2244/5000 | Episode reward:   759.50 | Episode steps: 1765 | Average reward:   695.92 | Step Count: 2474037 | Episode Q0:    29.91
Episode: 2245/5000 | Episode reward:  1085.88 | Episode steps: 2500 | Average reward:   707.66 | Step Count: 2476537 | Episode Q0:    29.91
Episode: 2246/5000 | Episode reward:   223.89 | Episode steps:  497 | Average reward:   617.07 | Step Count: 2477034 | Episode Q0:    29.91
Episode: 2247/5000 | Episode reward:   150.39 | Episode steps:  408 | Average reward:   525.60 | Step Count: 2477442 | Episode Q0:    29.91
Episode: 2248/5000 | Episode reward:   198.93 | Episode steps:  466 | Average reward:   510.26 | Step Count: 2477908 | Episode Q0:    29.91
Episode: 2249/5000 | Episode reward:   110.30 | Episode steps:  259 | Average reward:   421.49 | Step Count: 2478167 | Episode Q0:    29.91
Episode: 2250/5000 | Episode reward:  1013.24 | Episode steps: 2500 | Average reward:   500.76 | Step Count: 2480667 | Episode Q0:    29.91
Episode: 2251/5000 | Episode reward:   139.11 | Episode steps:  402 | Average reward:   494.53 | Step Count: 2481069 | Episode Q0:    29.91
Episode: 2252/5000 | Episode reward:  1197.50 | Episode steps: 2500 | Average reward:   595.96 | Step Count: 2483569 | Episode Q0:    29.91
Episode: 2253/5000 | Episode reward:  1158.37 | Episode steps: 2500 | Average reward:   603.71 | Step Count: 2486069 | Episode Q0:    29.91
Episode: 2254/5000 | Episode reward:   101.66 | Episode steps:  243 | Average reward:   537.93 | Step Count: 2486312 | Episode Q0:    29.91
Episode: 2255/5000 | Episode reward:  1035.07 | Episode steps: 2078 | Average reward:   532.85 | Step Count: 2488390 | Episode Q0:    29.91
Episode: 2256/5000 | Episode reward:   209.42 | Episode steps:  477 | Average reward:   531.40 | Step Count: 2488867 | Episode Q0:    29.91
Episode: 2257/5000 | Episode reward:   194.48 | Episode steps:  443 | Average reward:   535.81 | Step Count: 2489310 | Episode Q0:    29.91
Episode: 2258/5000 | Episode reward:   572.62 | Episode steps: 1163 | Average reward:   573.18 | Step Count: 2490473 | Episode Q0:    29.91
Episode: 2259/5000 | Episode reward:   414.70 | Episode steps:  982 | Average reward:   603.62 | Step Count: 2491455 | Episode Q0:    29.91
Episode: 2260/5000 | Episode reward:   898.23 | Episode steps: 1910 | Average reward:   592.12 | Step Count: 2493365 | Episode Q0:    29.91
Episode: 2261/5000 | Episode reward:   353.05 | Episode steps:  758 | Average reward:   613.51 | Step Count: 2494123 | Episode Q0:    29.91
Episode: 2262/5000 | Episode reward:   182.67 | Episode steps:  455 | Average reward:   512.03 | Step Count: 2494578 | Episode Q0:    29.91
Episode: 2263/5000 | Episode reward:   541.22 | Episode steps: 1103 | Average reward:   450.31 | Step Count: 2495681 | Episode Q0:    29.91
Episode: 2264/5000 | Episode reward:   106.22 | Episode steps:  276 | Average reward:   450.77 | Step Count: 2495957 | Episode Q0:    29.91
Episode: 2265/5000 | Episode reward:   115.10 | Episode steps:  322 | Average reward:   358.77 | Step Count: 2496279 | Episode Q0:    29.25
Episode: 2266/5000 | Episode reward:   174.93 | Episode steps:  372 | Average reward:   355.32 | Step Count: 2496651 | Episode Q0:    29.25
Episode: 2267/5000 | Episode reward:   244.16 | Episode steps:  588 | Average reward:   360.29 | Step Count: 2497239 | Episode Q0:    29.25
Episode: 2268/5000 | Episode reward:   428.88 | Episode steps:  931 | Average reward:   345.91 | Step Count: 2498170 | Episode Q0:    29.25
Episode: 2269/5000 | Episode reward:   671.48 | Episode steps: 1299 | Average reward:   371.59 | Step Count: 2499469 | Episode Q0:    29.25
Episode: 2270/5000 | Episode reward:    80.84 | Episode steps:  332 | Average reward:   289.85 | Step Count: 2499801 | Episode Q0:    29.25
Episode: 2271/5000 | Episode reward:   132.55 | Episode steps:  360 | Average reward:   267.80 | Step Count: 2500161 | Episode Q0:    29.25
Episode: 2272/5000 | Episode reward:   315.86 | Episode steps:  810 | Average reward:   281.12 | Step Count: 2500971 | Episode Q0:    29.25
Episode: 2273/5000 | Episode reward:   276.77 | Episode steps:  672 | Average reward:   254.68 | Step Count: 2501643 | Episode Q0:    29.25
Episode: 2274/5000 | Episode reward:   295.22 | Episode steps:  595 | Average reward:   273.58 | Step Count: 2502238 | Episode Q0:    29.25
Episode: 2275/5000 | Episode reward:  1167.46 | Episode steps: 2438 | Average reward:   378.81 | Step Count: 2504676 | Episode Q0:    29.25
Episode: 2276/5000 | Episode reward:   277.67 | Episode steps:  776 | Average reward:   389.09 | Step Count: 2505452 | Episode Q0:    29.25
Episode: 2277/5000 | Episode reward:   362.85 | Episode steps:  873 | Average reward:   400.96 | Step Count: 2506325 | Episode Q0:    29.25
Episode: 2278/5000 | Episode reward:   372.00 | Episode steps:  900 | Average reward:   395.27 | Step Count: 2507225 | Episode Q0:    29.25
Episode: 2279/5000 | Episode reward:   117.25 | Episode steps:  359 | Average reward:   339.85 | Step Count: 2507584 | Episode Q0:    29.25
Episode: 2280/5000 | Episode reward:   257.00 | Episode steps:  622 | Average reward:   357.46 | Step Count: 2508206 | Episode Q0:    29.25
Episode: 2281/5000 | Episode reward:   321.92 | Episode steps:  723 | Average reward:   376.40 | Step Count: 2508929 | Episode Q0:    29.25
Episode: 2282/5000 | Episode reward:   311.20 | Episode steps:  686 | Average reward:   375.94 | Step Count: 2509615 | Episode Q0:    29.25
Episode: 2283/5000 | Episode reward:   869.97 | Episode steps: 1810 | Average reward:   435.26 | Step Count: 2511425 | Episode Q0:    29.25
Episode: 2284/5000 | Episode reward:   301.70 | Episode steps:  843 | Average reward:   435.90 | Step Count: 2512268 | Episode Q0:    30.32
Episode: 2285/5000 | Episode reward:   471.55 | Episode steps: 1142 | Average reward:   366.31 | Step Count: 2513410 | Episode Q0:    30.32
Episode: 2286/5000 | Episode reward:   475.04 | Episode steps: 1160 | Average reward:   386.05 | Step Count: 2514570 | Episode Q0:    30.32
Episode: 2287/5000 | Episode reward:   436.78 | Episode steps:  980 | Average reward:   393.44 | Step Count: 2515550 | Episode Q0:    30.32
Episode: 2288/5000 | Episode reward:   240.96 | Episode steps:  738 | Average reward:   380.34 | Step Count: 2516288 | Episode Q0:    30.32
Episode: 2289/5000 | Episode reward:   360.41 | Episode steps:  925 | Average reward:   404.65 | Step Count: 2517213 | Episode Q0:    30.32
Episode: 2290/5000 | Episode reward:   266.11 | Episode steps:  655 | Average reward:   405.57 | Step Count: 2517868 | Episode Q0:    30.32
Episode: 2291/5000 | Episode reward:   324.54 | Episode steps:  883 | Average reward:   405.83 | Step Count: 2518751 | Episode Q0:    30.32
Episode: 2292/5000 | Episode reward:   160.08 | Episode steps:  549 | Average reward:   390.71 | Step Count: 2519300 | Episode Q0:    30.32
Episode: 2293/5000 | Episode reward:   370.46 | Episode steps:  911 | Average reward:   340.76 | Step Count: 2520211 | Episode Q0:    30.32
Episode: 2294/5000 | Episode reward:   236.03 | Episode steps:  746 | Average reward:   334.20 | Step Count: 2520957 | Episode Q0:    30.32
Episode: 2295/5000 | Episode reward:   292.86 | Episode steps:  833 | Average reward:   316.33 | Step Count: 2521790 | Episode Q0:    30.32
Episode: 2296/5000 | Episode reward:   358.88 | Episode steps: 1017 | Average reward:   304.71 | Step Count: 2522807 | Episode Q0:    30.32
Episode: 2297/5000 | Episode reward:   556.76 | Episode steps: 1347 | Average reward:   316.71 | Step Count: 2524154 | Episode Q0:    30.32
Episode: 2298/5000 | Episode reward:   293.50 | Episode steps:  746 | Average reward:   321.96 | Step Count: 2524900 | Episode Q0:    30.32
Episode: 2299/5000 | Episode reward:   459.14 | Episode steps: 1067 | Average reward:   331.83 | Step Count: 2525967 | Episode Q0:    30.32
Episode: 2300/5000 | Episode reward:   383.47 | Episode steps: 1027 | Average reward:   343.57 | Step Count: 2526994 | Episode Q0:    30.32
Episode: 2301/5000 | Episode reward:   322.87 | Episode steps:  748 | Average reward:   343.40 | Step Count: 2527742 | Episode Q0:    30.32
Episode: 2302/5000 | Episode reward:   696.15 | Episode steps: 1613 | Average reward:   397.01 | Step Count: 2529355 | Episode Q0:    30.32
Episode: 2303/5000 | Episode reward:   247.77 | Episode steps:  698 | Average reward:   384.74 | Step Count: 2530053 | Episode Q0:    30.32
Episode: 2304/5000 | Episode reward:   373.35 | Episode steps:  931 | Average reward:   398.47 | Step Count: 2530984 | Episode Q0:    30.32
Episode: 2305/5000 | Episode reward:   319.76 | Episode steps:  766 | Average reward:   401.16 | Step Count: 2531750 | Episode Q0:    30.32
Episode: 2306/5000 | Episode reward:   261.21 | Episode steps:  692 | Average reward:   391.40 | Step Count: 2532442 | Episode Q0:    30.32
Episode: 2307/5000 | Episode reward:   251.72 | Episode steps:  646 | Average reward:   360.89 | Step Count: 2533088 | Episode Q0:    30.32
Episode: 2308/5000 | Episode reward:   247.78 | Episode steps:  646 | Average reward:   356.32 | Step Count: 2533734 | Episode Q0:    30.32
Episode: 2309/5000 | Episode reward:   743.57 | Episode steps: 1746 | Average reward:   384.76 | Step Count: 2535480 | Episode Q0:    30.06
Episode: 2310/5000 | Episode reward:   519.52 | Episode steps: 1301 | Average reward:   398.37 | Step Count: 2536781 | Episode Q0:    30.06
Episode: 2311/5000 | Episode reward:   828.07 | Episode steps: 1693 | Average reward:   448.89 | Step Count: 2538474 | Episode Q0:    30.06
Episode: 2312/5000 | Episode reward:   629.77 | Episode steps: 1510 | Average reward:   442.25 | Step Count: 2539984 | Episode Q0:    30.06
Episode: 2313/5000 | Episode reward:   657.64 | Episode steps: 1605 | Average reward:   483.24 | Step Count: 2541589 | Episode Q0:    30.06
Episode: 2314/5000 | Episode reward:   193.34 | Episode steps:  548 | Average reward:   465.24 | Step Count: 2542137 | Episode Q0:    30.06
Episode: 2315/5000 | Episode reward:   328.07 | Episode steps:  860 | Average reward:   466.07 | Step Count: 2542997 | Episode Q0:    30.06
Episode: 2316/5000 | Episode reward:   204.67 | Episode steps:  620 | Average reward:   460.41 | Step Count: 2543617 | Episode Q0:    30.06
Episode: 2317/5000 | Episode reward:  1016.40 | Episode steps: 2214 | Average reward:   536.88 | Step Count: 2545831 | Episode Q0:    30.06
Episode: 2318/5000 | Episode reward:   249.15 | Episode steps:  647 | Average reward:   537.02 | Step Count: 2546478 | Episode Q0:    30.06
Episode: 2319/5000 | Episode reward:   390.11 | Episode steps: 1031 | Average reward:   501.67 | Step Count: 2547509 | Episode Q0:    30.06
Episode: 2320/5000 | Episode reward:   321.69 | Episode steps:  813 | Average reward:   481.89 | Step Count: 2548322 | Episode Q0:    30.06
Episode: 2321/5000 | Episode reward:   296.28 | Episode steps:  753 | Average reward:   428.71 | Step Count: 2549075 | Episode Q0:    30.06
Episode: 2322/5000 | Episode reward:  1247.99 | Episode steps: 2500 | Average reward:   490.53 | Step Count: 2551575 | Episode Q0:    30.06
Episode: 2323/5000 | Episode reward:   340.53 | Episode steps:  990 | Average reward:   458.82 | Step Count: 2552565 | Episode Q0:    30.06
Episode: 2324/5000 | Episode reward:   450.61 | Episode steps: 1003 | Average reward:   484.55 | Step Count: 2553568 | Episode Q0:    30.06
Episode: 2325/5000 | Episode reward:   305.81 | Episode steps:  838 | Average reward:   482.32 | Step Count: 2554406 | Episode Q0:    30.06
Episode: 2326/5000 | Episode reward:   418.67 | Episode steps: 1078 | Average reward:   503.72 | Step Count: 2555484 | Episode Q0:    30.06
Episode: 2327/5000 | Episode reward:   404.77 | Episode steps:  950 | Average reward:   442.56 | Step Count: 2556434 | Episode Q0:    30.06
Episode: 2328/5000 | Episode reward:   292.78 | Episode steps:  987 | Average reward:   446.92 | Step Count: 2557421 | Episode Q0:    31.22
Episode: 2329/5000 | Episode reward:   303.70 | Episode steps: 1133 | Average reward:   438.28 | Step Count: 2558554 | Episode Q0:    31.22
Episode: 2330/5000 | Episode reward:   297.26 | Episode steps:  996 | Average reward:   435.84 | Step Count: 2559550 | Episode Q0:    31.22
Episode: 2331/5000 | Episode reward:   646.57 | Episode steps: 2129 | Average reward:   470.87 | Step Count: 2561679 | Episode Q0:    31.22
Episode: 2332/5000 | Episode reward:   510.49 | Episode steps: 1580 | Average reward:   397.12 | Step Count: 2563259 | Episode Q0:    31.22
Episode: 2333/5000 | Episode reward:   299.66 | Episode steps: 1267 | Average reward:   393.03 | Step Count: 2564526 | Episode Q0:    31.22
Episode: 2334/5000 | Episode reward:   859.45 | Episode steps: 2289 | Average reward:   433.92 | Step Count: 2566815 | Episode Q0:    31.22
Episode: 2335/5000 | Episode reward:   237.30 | Episode steps: 1069 | Average reward:   427.06 | Step Count: 2567884 | Episode Q0:    31.22
Episode: 2336/5000 | Episode reward:   307.27 | Episode steps: 1390 | Average reward:   415.92 | Step Count: 2569274 | Episode Q0:    31.22
Episode: 2337/5000 | Episode reward:   636.05 | Episode steps: 1639 | Average reward:   439.05 | Step Count: 2570913 | Episode Q0:    31.22
Episode: 2338/5000 | Episode reward:   790.68 | Episode steps: 2309 | Average reward:   488.84 | Step Count: 2573222 | Episode Q0:    31.22
Episode: 2339/5000 | Episode reward:   291.38 | Episode steps: 1107 | Average reward:   487.61 | Step Count: 2574329 | Episode Q0:    31.22
Episode: 2340/5000 | Episode reward:   637.15 | Episode steps: 1576 | Average reward:   521.60 | Step Count: 2575905 | Episode Q0:    31.22
Episode: 2341/5000 | Episode reward:   347.81 | Episode steps: 1049 | Average reward:   491.72 | Step Count: 2576954 | Episode Q0:    31.22
Episode: 2342/5000 | Episode reward:   199.35 | Episode steps:  766 | Average reward:   460.61 | Step Count: 2577720 | Episode Q0:    31.22
Episode: 2343/5000 | Episode reward:   342.84 | Episode steps: 1438 | Average reward:   464.93 | Step Count: 2579158 | Episode Q0:    31.22
Episode: 2344/5000 | Episode reward:   361.34 | Episode steps: 1351 | Average reward:   415.12 | Step Count: 2580509 | Episode Q0:    31.22
Episode: 2345/5000 | Episode reward:   180.79 | Episode steps:  747 | Average reward:   409.46 | Step Count: 2581256 | Episode Q0:    31.22
Episode: 2346/5000 | Episode reward:   501.30 | Episode steps: 1486 | Average reward:   428.87 | Step Count: 2582742 | Episode Q0:    31.22
Episode: 2347/5000 | Episode reward:   759.52 | Episode steps: 2069 | Average reward:   441.22 | Step Count: 2584811 | Episode Q0:    31.22
Episode: 2348/5000 | Episode reward:   558.00 | Episode steps: 1588 | Average reward:   417.95 | Step Count: 2586399 | Episode Q0:    31.22
Episode: 2349/5000 | Episode reward:   928.37 | Episode steps: 2430 | Average reward:   481.65 | Step Count: 2588829 | Episode Q0:    31.22
Episode: 2350/5000 | Episode reward:   377.20 | Episode steps: 1455 | Average reward:   455.65 | Step Count: 2590284 | Episode Q0:    31.22
Episode: 2351/5000 | Episode reward:   808.54 | Episode steps: 2137 | Average reward:   501.72 | Step Count: 2592421 | Episode Q0:    31.22
Episode: 2352/5000 | Episode reward:  1097.63 | Episode steps: 2500 | Average reward:   591.55 | Step Count: 2594921 | Episode Q0:    31.22
Episode: 2353/5000 | Episode reward:   424.97 | Episode steps: 1395 | Average reward:   599.77 | Step Count: 2596316 | Episode Q0:    31.09
Episode: 2354/5000 | Episode reward:   381.27 | Episode steps: 1320 | Average reward:   601.76 | Step Count: 2597636 | Episode Q0:    31.09
Episode: 2355/5000 | Episode reward:   258.26 | Episode steps:  967 | Average reward:   609.50 | Step Count: 2598603 | Episode Q0:    31.09
Episode: 2356/5000 | Episode reward:   717.24 | Episode steps: 1904 | Average reward:   631.10 | Step Count: 2600507 | Episode Q0:    31.09
Episode: 2357/5000 | Episode reward:   194.68 | Episode steps: 1284 | Average reward:   574.61 | Step Count: 2601791 | Episode Q0:    31.09
Episode: 2358/5000 | Episode reward:   413.84 | Episode steps: 1216 | Average reward:   560.20 | Step Count: 2603007 | Episode Q0:    31.09
Episode: 2359/5000 | Episode reward:   400.18 | Episode steps: 1330 | Average reward:   507.38 | Step Count: 2604337 | Episode Q0:    31.09
Episode: 2360/5000 | Episode reward:   148.70 | Episode steps:  584 | Average reward:   484.53 | Step Count: 2604921 | Episode Q0:    31.09
Episode: 2361/5000 | Episode reward:   388.18 | Episode steps: 1610 | Average reward:   442.49 | Step Count: 2606531 | Episode Q0:    31.09
Episode: 2362/5000 | Episode reward:   476.13 | Episode steps: 1575 | Average reward:   380.34 | Step Count: 2608106 | Episode Q0:    31.09
Episode: 2363/5000 | Episode reward:   218.28 | Episode steps:  761 | Average reward:   359.67 | Step Count: 2608867 | Episode Q0:    31.09
Episode: 2364/5000 | Episode reward:   856.35 | Episode steps: 2142 | Average reward:   407.18 | Step Count: 2611009 | Episode Q0:    31.09
Episode: 2365/5000 | Episode reward:   610.53 | Episode steps: 1739 | Average reward:   442.41 | Step Count: 2612748 | Episode Q0:    31.09
Episode: 2366/5000 | Episode reward:   567.28 | Episode steps: 2054 | Average reward:   427.41 | Step Count: 2614802 | Episode Q0:    31.09
Episode: 2367/5000 | Episode reward:   212.36 | Episode steps:  908 | Average reward:   429.18 | Step Count: 2615710 | Episode Q0:    31.09
Episode: 2368/5000 | Episode reward:   334.45 | Episode steps: 1157 | Average reward:   421.24 | Step Count: 2616867 | Episode Q0:    31.09
Episode: 2369/5000 | Episode reward:   419.68 | Episode steps: 1370 | Average reward:   423.19 | Step Count: 2618237 | Episode Q0:    31.09
Episode: 2370/5000 | Episode reward:   398.25 | Episode steps: 1410 | Average reward:   448.15 | Step Count: 2619647 | Episode Q0:    31.09
Episode: 2371/5000 | Episode reward:   293.14 | Episode steps: 1240 | Average reward:   438.64 | Step Count: 2620887 | Episode Q0:    31.09
Episode: 2372/5000 | Episode reward:   431.49 | Episode steps: 1537 | Average reward:   434.18 | Step Count: 2622424 | Episode Q0:    29.83
Episode: 2373/5000 | Episode reward:   480.89 | Episode steps: 1323 | Average reward:   460.44 | Step Count: 2623747 | Episode Q0:    29.83
Episode: 2374/5000 | Episode reward:   273.36 | Episode steps: 1107 | Average reward:   402.14 | Step Count: 2624854 | Episode Q0:    29.83
Episode: 2375/5000 | Episode reward:   298.08 | Episode steps: 1014 | Average reward:   370.90 | Step Count: 2625868 | Episode Q0:    29.83
Episode: 2376/5000 | Episode reward:    92.11 | Episode steps: 1089 | Average reward:   323.38 | Step Count: 2626957 | Episode Q0:    29.83
Episode: 2377/5000 | Episode reward:   509.63 | Episode steps: 1481 | Average reward:   353.11 | Step Count: 2628438 | Episode Q0:    29.83
Episode: 2378/5000 | Episode reward:    16.33 | Episode steps: 1016 | Average reward:   321.30 | Step Count: 2629454 | Episode Q0:    29.83
Episode: 2379/5000 | Episode reward:   579.81 | Episode steps: 1961 | Average reward:   337.31 | Step Count: 2631415 | Episode Q0:    29.83
Episode: 2380/5000 | Episode reward:   228.07 | Episode steps:  912 | Average reward:   320.29 | Step Count: 2632327 | Episode Q0:    29.83
Episode: 2381/5000 | Episode reward:   155.62 | Episode steps:  848 | Average reward:   306.54 | Step Count: 2633175 | Episode Q0:    29.83
Episode: 2382/5000 | Episode reward:   382.18 | Episode steps: 1473 | Average reward:   301.61 | Step Count: 2634648 | Episode Q0:    29.83
Episode: 2383/5000 | Episode reward:   360.16 | Episode steps:  906 | Average reward:   289.54 | Step Count: 2635554 | Episode Q0:    29.83
Episode: 2384/5000 | Episode reward:   769.63 | Episode steps: 2151 | Average reward:   339.16 | Step Count: 2637705 | Episode Q0:    29.83
Episode: 2385/5000 | Episode reward:   309.44 | Episode steps: 1291 | Average reward:   340.30 | Step Count: 2638996 | Episode Q0:    29.83
Episode: 2386/5000 | Episode reward:   967.72 | Episode steps: 2500 | Average reward:   427.86 | Step Count: 2641496 | Episode Q0:    29.83
Episode: 2387/5000 | Episode reward:   587.16 | Episode steps: 1974 | Average reward:   435.61 | Step Count: 2643470 | Episode Q0:    29.83
Episode: 2388/5000 | Episode reward:  1177.54 | Episode steps: 2500 | Average reward:   551.73 | Step Count: 2645970 | Episode Q0:    29.83
Episode: 2389/5000 | Episode reward:   258.11 | Episode steps: 1534 | Average reward:   519.56 | Step Count: 2647504 | Episode Q0:    29.83
Episode: 2390/5000 | Episode reward:   455.66 | Episode steps: 1534 | Average reward:   542.32 | Step Count: 2649038 | Episode Q0:    29.83
Episode: 2391/5000 | Episode reward:   468.89 | Episode steps: 1433 | Average reward:   573.65 | Step Count: 2650471 | Episode Q0:    29.83
Episode: 2392/5000 | Episode reward:   751.02 | Episode steps: 2371 | Average reward:   610.53 | Step Count: 2652842 | Episode Q0:    29.83
Episode: 2393/5000 | Episode reward:   602.44 | Episode steps: 1608 | Average reward:   634.76 | Step Count: 2654450 | Episode Q0:    29.83
Episode: 2394/5000 | Episode reward:   956.65 | Episode steps: 2230 | Average reward:   653.46 | Step Count: 2656680 | Episode Q0:    29.83
Episode: 2395/5000 | Episode reward:   251.79 | Episode steps:  947 | Average reward:   647.70 | Step Count: 2657627 | Episode Q0:    29.83
Episode: 2396/5000 | Episode reward:   493.79 | Episode steps: 1794 | Average reward:   600.30 | Step Count: 2659421 | Episode Q0:    29.83
Episode: 2397/5000 | Episode reward:   152.84 | Episode steps:  754 | Average reward:   556.87 | Step Count: 2660175 | Episode Q0:    29.10
Episode: 2398/5000 | Episode reward:   296.58 | Episode steps:  597 | Average reward:   468.78 | Step Count: 2660772 | Episode Q0:    29.10
Episode: 2399/5000 | Episode reward:   477.13 | Episode steps: 1053 | Average reward:   490.68 | Step Count: 2661825 | Episode Q0:    29.10
Episode: 2400/5000 | Episode reward:   466.53 | Episode steps: 1459 | Average reward:   491.77 | Step Count: 2663284 | Episode Q0:    29.10
Episode: 2401/5000 | Episode reward:   277.76 | Episode steps:  832 | Average reward:   472.65 | Step Count: 2664116 | Episode Q0:    29.10
Episode: 2402/5000 | Episode reward:   270.83 | Episode steps:  704 | Average reward:   424.63 | Step Count: 2664820 | Episode Q0:    29.10
Episode: 2403/5000 | Episode reward:   629.49 | Episode steps: 1489 | Average reward:   427.34 | Step Count: 2666309 | Episode Q0:    29.10
Episode: 2404/5000 | Episode reward:   451.21 | Episode steps: 1166 | Average reward:   376.79 | Step Count: 2667475 | Episode Q0:    29.10
Episode: 2405/5000 | Episode reward:   472.49 | Episode steps: 1182 | Average reward:   398.86 | Step Count: 2668657 | Episode Q0:    29.10
Episode: 2406/5000 | Episode reward:   151.39 | Episode steps:  446 | Average reward:   364.63 | Step Count: 2669103 | Episode Q0:    29.10
Episode: 2407/5000 | Episode reward:   665.37 | Episode steps: 1644 | Average reward:   415.88 | Step Count: 2670747 | Episode Q0:    29.10
Episode: 2408/5000 | Episode reward:   462.28 | Episode steps: 1143 | Average reward:   432.45 | Step Count: 2671890 | Episode Q0:    29.10
Episode: 2409/5000 | Episode reward:   807.95 | Episode steps: 1811 | Average reward:   465.53 | Step Count: 2673701 | Episode Q0:    29.10
Episode: 2410/5000 | Episode reward:   430.40 | Episode steps:  988 | Average reward:   461.92 | Step Count: 2674689 | Episode Q0:    29.10
Episode: 2411/5000 | Episode reward:   301.61 | Episode steps:  744 | Average reward:   464.30 | Step Count: 2675433 | Episode Q0:    29.10
Episode: 2412/5000 | Episode reward:   532.88 | Episode steps: 1426 | Average reward:   490.51 | Step Count: 2676859 | Episode Q0:    29.10
Episode: 2413/5000 | Episode reward:   270.10 | Episode steps:  686 | Average reward:   454.57 | Step Count: 2677545 | Episode Q0:    29.10
Episode: 2414/5000 | Episode reward:   313.44 | Episode steps: 1025 | Average reward:   440.79 | Step Count: 2678570 | Episode Q0:    29.10
Episode: 2415/5000 | Episode reward:   731.97 | Episode steps: 1608 | Average reward:   466.74 | Step Count: 2680178 | Episode Q0:    29.10
Episode: 2416/5000 | Episode reward:   819.56 | Episode steps: 2500 | Average reward:   533.55 | Step Count: 2682678 | Episode Q0:    30.31
Episode: 2417/5000 | Episode reward:   915.14 | Episode steps: 2500 | Average reward:   558.53 | Step Count: 2685178 | Episode Q0:    30.31
Episode: 2418/5000 | Episode reward:   748.50 | Episode steps: 2500 | Average reward:   587.15 | Step Count: 2687678 | Episode Q0:    30.31
Episode: 2419/5000 | Episode reward:  1022.59 | Episode steps: 2500 | Average reward:   608.62 | Step Count: 2690178 | Episode Q0:    30.31
Episode: 2420/5000 | Episode reward:   403.25 | Episode steps: 2500 | Average reward:   605.90 | Step Count: 2692678 | Episode Q0:    30.31
Episode: 2421/5000 | Episode reward:   343.94 | Episode steps: 2500 | Average reward:   610.14 | Step Count: 2695178 | Episode Q0:    30.31
Episode: 2422/5000 | Episode reward:   678.62 | Episode steps: 2500 | Average reward:   624.71 | Step Count: 2697678 | Episode Q0:    30.31
Episode: 2423/5000 | Episode reward:   389.55 | Episode steps: 2500 | Average reward:   636.65 | Step Count: 2700178 | Episode Q0:    30.31
Episode: 2424/5000 | Episode reward:   637.97 | Episode steps: 2500 | Average reward:   669.11 | Step Count: 2702678 | Episode Q0:    30.31
Episode: 2425/5000 | Episode reward:   458.99 | Episode steps: 2500 | Average reward:   641.81 | Step Count: 2705178 | Episode Q0:    30.31
Episode: 2426/5000 | Episode reward:   849.73 | Episode steps: 2500 | Average reward:   644.83 | Step Count: 2707678 | Episode Q0:    30.31
Episode: 2427/5000 | Episode reward:   691.23 | Episode steps: 2500 | Average reward:   622.44 | Step Count: 2710178 | Episode Q0:    30.31
Episode: 2428/5000 | Episode reward:   497.64 | Episode steps: 2500 | Average reward:   597.35 | Step Count: 2712678 | Episode Q0:    30.31
Episode: 2429/5000 | Episode reward:   330.73 | Episode steps: 2500 | Average reward:   528.17 | Step Count: 2715178 | Episode Q0:    30.31
Episode: 2430/5000 | Episode reward:   446.48 | Episode steps: 2500 | Average reward:   532.49 | Step Count: 2717678 | Episode Q0:    30.31
Episode: 2431/5000 | Episode reward:   729.70 | Episode steps: 2500 | Average reward:   571.06 | Step Count: 2720178 | Episode Q0:    30.31
Episode: 2432/5000 | Episode reward:   640.79 | Episode steps: 2500 | Average reward:   567.28 | Step Count: 2722678 | Episode Q0:    30.31
Episode: 2433/5000 | Episode reward:   360.28 | Episode steps: 2500 | Average reward:   564.36 | Step Count: 2725178 | Episode Q0:    30.31
Episode: 2434/5000 | Episode reward:   758.18 | Episode steps: 2500 | Average reward:   576.38 | Step Count: 2727678 | Episode Q0:    30.31
Episode: 2435/5000 | Episode reward:   615.84 | Episode steps: 2500 | Average reward:   592.06 | Step Count: 2730178 | Episode Q0:    30.31
Episode: 2436/5000 | Episode reward:   746.55 | Episode steps: 2500 | Average reward:   581.74 | Step Count: 2732678 | Episode Q0:    30.31
Episode: 2437/5000 | Episode reward:  1038.84 | Episode steps: 2500 | Average reward:   616.50 | Step Count: 2735178 | Episode Q0:    30.31
Episode: 2438/5000 | Episode reward:   490.62 | Episode steps: 2500 | Average reward:   615.80 | Step Count: 2737678 | Episode Q0:    30.31
Episode: 2439/5000 | Episode reward:   717.17 | Episode steps: 2500 | Average reward:   654.45 | Step Count: 2740178 | Episode Q0:    30.31
Episode: 2440/5000 | Episode reward:   662.19 | Episode steps: 2500 | Average reward:   676.02 | Step Count: 2742678 | Episode Q0:    30.31
Episode: 2441/5000 | Episode reward:   204.48 | Episode steps: 2500 | Average reward:   623.49 | Step Count: 2745178 | Episode Q0:    31.38
Episode: 2442/5000 | Episode reward:   275.93 | Episode steps: 2500 | Average reward:   587.01 | Step Count: 2747678 | Episode Q0:    31.38
Episode: 2443/5000 | Episode reward:   895.67 | Episode steps: 2500 | Average reward:   640.55 | Step Count: 2750178 | Episode Q0:    31.38
Episode: 2444/5000 | Episode reward:   373.52 | Episode steps: 2500 | Average reward:   602.08 | Step Count: 2752678 | Episode Q0:    31.38
Episode: 2445/5000 | Episode reward:   600.62 | Episode steps: 2500 | Average reward:   600.56 | Step Count: 2755178 | Episode Q0:    31.38
Episode: 2446/5000 | Episode reward:    58.69 | Episode steps: 2500 | Average reward:   531.77 | Step Count: 2757678 | Episode Q0:    31.38
Episode: 2447/5000 | Episode reward:   -61.63 | Episode steps: 2500 | Average reward:   421.73 | Step Count: 2760178 | Episode Q0:    31.38
Episode: 2448/5000 | Episode reward:   788.36 | Episode steps: 2500 | Average reward:   451.50 | Step Count: 2762678 | Episode Q0:    31.38
Episode: 2449/5000 | Episode reward:   670.75 | Episode steps: 2500 | Average reward:   446.86 | Step Count: 2765178 | Episode Q0:    31.38
Episode: 2450/5000 | Episode reward:   442.37 | Episode steps: 2500 | Average reward:   424.87 | Step Count: 2767678 | Episode Q0:    31.38
Episode: 2451/5000 | Episode reward:     2.01 | Episode steps: 2500 | Average reward:   404.63 | Step Count: 2770178 | Episode Q0:    31.38
Episode: 2452/5000 | Episode reward:   208.01 | Episode steps: 2500 | Average reward:   397.84 | Step Count: 2772678 | Episode Q0:    31.38
Episode: 2453/5000 | Episode reward:   546.37 | Episode steps: 2500 | Average reward:   362.91 | Step Count: 2775178 | Episode Q0:    31.38
Episode: 2454/5000 | Episode reward:   255.72 | Episode steps: 2500 | Average reward:   351.13 | Step Count: 2777678 | Episode Q0:    31.38
Episode: 2455/5000 | Episode reward:   623.90 | Episode steps: 2500 | Average reward:   353.45 | Step Count: 2780178 | Episode Q0:    31.38
Episode: 2456/5000 | Episode reward:   302.09 | Episode steps: 2500 | Average reward:   377.79 | Step Count: 2782678 | Episode Q0:    31.38
Episode: 2457/5000 | Episode reward:   551.64 | Episode steps: 2500 | Average reward:   439.12 | Step Count: 2785178 | Episode Q0:    31.38
Episode: 2458/5000 | Episode reward:   784.69 | Episode steps: 2500 | Average reward:   438.75 | Step Count: 2787678 | Episode Q0:    31.38
Episode: 2459/5000 | Episode reward:   462.86 | Episode steps: 2500 | Average reward:   417.97 | Step Count: 2790178 | Episode Q0:    31.38
Episode: 2460/5000 | Episode reward:  -262.72 | Episode steps: 2500 | Average reward:   347.46 | Step Count: 2792678 | Episode Q0:    31.87
Episode: 2461/5000 | Episode reward:   -62.83 | Episode steps: 2500 | Average reward:   340.97 | Step Count: 2795178 | Episode Q0:    31.87
Episode: 2462/5000 | Episode reward:  -125.57 | Episode steps: 2500 | Average reward:   307.62 | Step Count: 2797678 | Episode Q0:    31.87
Episode: 2463/5000 | Episode reward:    32.85 | Episode steps: 2500 | Average reward:   256.26 | Step Count: 2800178 | Episode Q0:    31.87
Episode: 2464/5000 | Episode reward:   -62.11 | Episode steps: 2500 | Average reward:   224.48 | Step Count: 2802678 | Episode Q0:    31.87
Episode: 2465/5000 | Episode reward:   251.84 | Episode steps: 2500 | Average reward:   187.28 | Step Count: 2805178 | Episode Q0:    31.87
Episode: 2466/5000 | Episode reward:  -211.05 | Episode steps: 2500 | Average reward:   135.96 | Step Count: 2807678 | Episode Q0:    31.87
Episode: 2467/5000 | Episode reward:  -166.49 | Episode steps: 2500 | Average reward:    64.15 | Step Count: 2810178 | Episode Q0:    31.87
Episode: 2468/5000 | Episode reward:   -98.90 | Episode steps: 2500 | Average reward:   -24.21 | Step Count: 2812678 | Episode Q0:    31.87
Episode: 2469/5000 | Episode reward:  -120.25 | Episode steps: 2500 | Average reward:   -82.52 | Step Count: 2815178 | Episode Q0:    31.87
Episode: 2470/5000 | Episode reward:   -52.07 | Episode steps: 2500 | Average reward:   -61.46 | Step Count: 2817678 | Episode Q0:    31.87
Episode: 2471/5000 | Episode reward:   -92.65 | Episode steps: 2500 | Average reward:   -64.44 | Step Count: 2820178 | Episode Q0:    31.87
Episode: 2472/5000 | Episode reward:   210.10 | Episode steps: 2500 | Average reward:   -30.87 | Step Count: 2822678 | Episode Q0:    31.87
Episode: 2473/5000 | Episode reward:   344.74 | Episode steps: 2500 | Average reward:     0.32 | Step Count: 2825178 | Episode Q0:    31.87
Episode: 2474/5000 | Episode reward:   -38.11 | Episode steps: 2500 | Average reward:     2.72 | Step Count: 2827678 | Episode Q0:    31.87
Episode: 2475/5000 | Episode reward:   129.32 | Episode steps: 2500 | Average reward:    -9.53 | Step Count: 2830178 | Episode Q0:    31.87
Episode: 2476/5000 | Episode reward:  -101.21 | Episode steps: 2500 | Average reward:     1.45 | Step Count: 2832678 | Episode Q0:    31.87
Episode: 2477/5000 | Episode reward:   -60.44 | Episode steps: 2500 | Average reward:    12.05 | Step Count: 2835178 | Episode Q0:    31.87
Episode: 2478/5000 | Episode reward:  -117.28 | Episode steps: 2500 | Average reward:    10.22 | Step Count: 2837678 | Episode Q0:    31.87
Episode: 2479/5000 | Episode reward:   -97.98 | Episode steps: 2500 | Average reward:    12.44 | Step Count: 2840178 | Episode Q0:    31.87
Episode: 2480/5000 | Episode reward:    31.27 | Episode steps: 2500 | Average reward:    20.78 | Step Count: 2842678 | Episode Q0:    31.87
Episode: 2481/5000 | Episode reward:    36.05 | Episode steps: 2500 | Average reward:    33.65 | Step Count: 2845178 | Episode Q0:    31.87
Episode: 2482/5000 | Episode reward:   357.29 | Episode steps: 2500 | Average reward:    48.37 | Step Count: 2847678 | Episode Q0:    31.87
Episode: 2483/5000 | Episode reward:    30.86 | Episode steps: 2500 | Average reward:    16.98 | Step Count: 2850178 | Episode Q0:    31.87
Episode: 2484/5000 | Episode reward:   -99.39 | Episode steps: 2500 | Average reward:    10.85 | Step Count: 2852678 | Episode Q0:    31.87
Episode: 2485/5000 | Episode reward:   693.00 | Episode steps: 2500 | Average reward:    67.22 | Step Count: 2855178 | Episode Q0:    30.75
Episode: 2486/5000 | Episode reward:   775.05 | Episode steps: 2500 | Average reward:   154.84 | Step Count: 2857678 | Episode Q0:    30.75
Episode: 2487/5000 | Episode reward:   740.50 | Episode steps: 2500 | Average reward:   234.94 | Step Count: 2860178 | Episode Q0:    30.75
Episode: 2488/5000 | Episode reward:   435.63 | Episode steps: 2500 | Average reward:   290.23 | Step Count: 2862678 | Episode Q0:    30.75
Episode: 2489/5000 | Episode reward:   619.51 | Episode steps: 2500 | Average reward:   361.98 | Step Count: 2865178 | Episode Q0:    30.75
Episode: 2490/5000 | Episode reward:   523.04 | Episode steps: 2500 | Average reward:   411.15 | Step Count: 2867678 | Episode Q0:    30.75
Episode: 2491/5000 | Episode reward:   970.88 | Episode steps: 2500 | Average reward:   504.64 | Step Count: 2870178 | Episode Q0:    30.75
Episode: 2492/5000 | Episode reward:  1263.46 | Episode steps: 2500 | Average reward:   595.25 | Step Count: 2872678 | Episode Q0:    30.75
Episode: 2493/5000 | Episode reward:   741.98 | Episode steps: 2500 | Average reward:   666.36 | Step Count: 2875178 | Episode Q0:    30.75
Episode: 2494/5000 | Episode reward:   516.47 | Episode steps: 2500 | Average reward:   727.95 | Step Count: 2877678 | Episode Q0:    30.75
Episode: 2495/5000 | Episode reward:   370.39 | Episode steps: 2500 | Average reward:   695.69 | Step Count: 2880178 | Episode Q0:    30.75
Episode: 2496/5000 | Episode reward:   595.54 | Episode steps: 2500 | Average reward:   677.74 | Step Count: 2882678 | Episode Q0:    30.75
Episode: 2497/5000 | Episode reward:   820.93 | Episode steps: 2500 | Average reward:   685.78 | Step Count: 2885178 | Episode Q0:    30.75
Episode: 2498/5000 | Episode reward:   887.03 | Episode steps: 2500 | Average reward:   730.92 | Step Count: 2887678 | Episode Q0:    30.75
Episode: 2499/5000 | Episode reward:   410.81 | Episode steps: 2500 | Average reward:   710.05 | Step Count: 2890178 | Episode Q0:    30.75
Episode: 2500/5000 | Episode reward:   493.62 | Episode steps: 2500 | Average reward:   707.11 | Step Count: 2892678 | Episode Q0:    30.75
Episode: 2501/5000 | Episode reward:  1001.94 | Episode steps: 2500 | Average reward:   710.22 | Step Count: 2895178 | Episode Q0:    30.75
Episode: 2502/5000 | Episode reward:   458.87 | Episode steps: 2500 | Average reward:   629.76 | Step Count: 2897678 | Episode Q0:    30.75
Episode: 2503/5000 | Episode reward:   826.99 | Episode steps: 2500 | Average reward:   638.26 | Step Count: 2900178 | Episode Q0:    30.75
Episode: 2504/5000 | Episode reward:   663.66 | Episode steps: 2500 | Average reward:   652.98 | Step Count: 2902678 | Episode Q0:    30.12
Episode: 2505/5000 | Episode reward:   668.41 | Episode steps: 2500 | Average reward:   682.78 | Step Count: 2905178 | Episode Q0:    30.12
Episode: 2506/5000 | Episode reward:   702.69 | Episode steps: 2500 | Average reward:   693.50 | Step Count: 2907678 | Episode Q0:    30.12
Episode: 2507/5000 | Episode reward:   790.01 | Episode steps: 2500 | Average reward:   690.40 | Step Count: 2910178 | Episode Q0:    30.12
Episode: 2508/5000 | Episode reward:   784.71 | Episode steps: 2500 | Average reward:   680.17 | Step Count: 2912678 | Episode Q0:    30.12
Episode: 2509/5000 | Episode reward:   787.71 | Episode steps: 2500 | Average reward:   717.86 | Step Count: 2915178 | Episode Q0:    30.12
Episode: 2510/5000 | Episode reward:   804.15 | Episode steps: 2500 | Average reward:   748.91 | Step Count: 2917678 | Episode Q0:    30.12
Episode: 2511/5000 | Episode reward:   803.58 | Episode steps: 2500 | Average reward:   729.08 | Step Count: 2920178 | Episode Q0:    30.12
Episode: 2512/5000 | Episode reward:   769.66 | Episode steps: 2500 | Average reward:   760.16 | Step Count: 2922678 | Episode Q0:    30.12
Episode: 2513/5000 | Episode reward:   747.14 | Episode steps: 2312 | Average reward:   752.17 | Step Count: 2924990 | Episode Q0:    30.12
Episode: 2514/5000 | Episode reward:   695.87 | Episode steps: 2500 | Average reward:   755.39 | Step Count: 2927490 | Episode Q0:    30.12
Episode: 2515/5000 | Episode reward:   837.08 | Episode steps: 2500 | Average reward:   772.26 | Step Count: 2929990 | Episode Q0:    30.12
Episode: 2516/5000 | Episode reward:   705.26 | Episode steps: 2500 | Average reward:   772.52 | Step Count: 2932490 | Episode Q0:    30.12
Episode: 2517/5000 | Episode reward:   696.07 | Episode steps: 2500 | Average reward:   763.12 | Step Count: 2934990 | Episode Q0:    30.12
Episode: 2518/5000 | Episode reward:   855.99 | Episode steps: 2500 | Average reward:   770.25 | Step Count: 2937490 | Episode Q0:    30.12
Episode: 2519/5000 | Episode reward:   816.40 | Episode steps: 2500 | Average reward:   773.12 | Step Count: 2939990 | Episode Q0:    30.12
Episode: 2520/5000 | Episode reward:   791.27 | Episode steps: 2500 | Average reward:   771.83 | Step Count: 2942490 | Episode Q0:    30.12
Episode: 2521/5000 | Episode reward:   710.53 | Episode steps: 2500 | Average reward:   762.53 | Step Count: 2944990 | Episode Q0:    30.12
Episode: 2522/5000 | Episode reward:   813.40 | Episode steps: 2500 | Average reward:   766.90 | Step Count: 2947490 | Episode Q0:    30.12
Episode: 2523/5000 | Episode reward:   870.51 | Episode steps: 2500 | Average reward:   779.24 | Step Count: 2949990 | Episode Q0:    30.12
Episode: 2524/5000 | Episode reward:  1025.73 | Episode steps: 2500 | Average reward:   812.22 | Step Count: 2952490 | Episode Q0:    30.12
Episode: 2525/5000 | Episode reward:   811.26 | Episode steps: 2500 | Average reward:   809.64 | Step Count: 2954990 | Episode Q0:    30.12
Episode: 2526/5000 | Episode reward:   853.28 | Episode steps: 2500 | Average reward:   824.44 | Step Count: 2957490 | Episode Q0:    30.12
Episode: 2527/5000 | Episode reward:   754.21 | Episode steps: 2500 | Average reward:   830.26 | Step Count: 2959990 | Episode Q0:    30.12
Episode: 2528/5000 | Episode reward:   846.94 | Episode steps: 2500 | Average reward:   829.35 | Step Count: 2962490 | Episode Q0:    30.12
Episode: 2529/5000 | Episode reward:  1026.53 | Episode steps: 2500 | Average reward:   850.37 | Step Count: 2964990 | Episode Q0:    30.71
Episode: 2530/5000 | Episode reward:   746.50 | Episode steps: 2500 | Average reward:   845.89 | Step Count: 2967490 | Episode Q0:    30.71
Episode: 2531/5000 | Episode reward:   682.04 | Episode steps: 2500 | Average reward:   843.04 | Step Count: 2969990 | Episode Q0:    30.71
Episode: 2532/5000 | Episode reward:   491.24 | Episode steps: 2500 | Average reward:   810.82 | Step Count: 2972490 | Episode Q0:    30.71
Episode: 2533/5000 | Episode reward:   756.76 | Episode steps: 2500 | Average reward:   799.45 | Step Count: 2974990 | Episode Q0:    30.71
Episode: 2534/5000 | Episode reward:   775.42 | Episode steps: 2500 | Average reward:   774.42 | Step Count: 2977490 | Episode Q0:    30.71
Episode: 2535/5000 | Episode reward:   749.10 | Episode steps: 2500 | Average reward:   768.20 | Step Count: 2979990 | Episode Q0:    30.71
Episode: 2536/5000 | Episode reward:   876.45 | Episode steps: 2500 | Average reward:   770.52 | Step Count: 2982490 | Episode Q0:    30.71
Episode: 2537/5000 | Episode reward:   684.61 | Episode steps: 2500 | Average reward:   763.56 | Step Count: 2984990 | Episode Q0:    30.71
Episode: 2538/5000 | Episode reward:   836.09 | Episode steps: 2500 | Average reward:   762.48 | Step Count: 2987490 | Episode Q0:    30.71
Episode: 2539/5000 | Episode reward:   988.33 | Episode steps: 2500 | Average reward:   758.66 | Step Count: 2989990 | Episode Q0:    30.71
Episode: 2540/5000 | Episode reward:  1042.90 | Episode steps: 2500 | Average reward:   788.29 | Step Count: 2992490 | Episode Q0:    30.71
Episode: 2541/5000 | Episode reward:   831.96 | Episode steps: 2500 | Average reward:   803.29 | Step Count: 2994990 | Episode Q0:    30.71
Episode: 2542/5000 | Episode reward:  1092.05 | Episode steps: 2500 | Average reward:   863.37 | Step Count: 2997490 | Episode Q0:    30.71
Episode: 2543/5000 | Episode reward:   984.12 | Episode steps: 2500 | Average reward:   886.10 | Step Count: 2999990 | Episode Q0:    30.71
Episode: 2544/5000 | Episode reward:   849.23 | Episode steps: 2500 | Average reward:   893.49 | Step Count: 3002490 | Episode Q0:    30.71
Episode: 2545/5000 | Episode reward:   839.65 | Episode steps: 2500 | Average reward:   902.54 | Step Count: 3004990 | Episode Q0:    30.71
Episode: 2546/5000 | Episode reward:   765.94 | Episode steps: 2500 | Average reward:   891.49 | Step Count: 3007490 | Episode Q0:    30.71
Episode: 2547/5000 | Episode reward:   729.48 | Episode steps: 2500 | Average reward:   895.98 | Step Count: 3009990 | Episode Q0:    30.71
Episode: 2548/5000 | Episode reward:  1081.34 | Episode steps: 2500 | Average reward:   920.50 | Step Count: 3012490 | Episode Q0:    29.49
Episode: 2549/5000 | Episode reward:  1081.76 | Episode steps: 2500 | Average reward:   929.84 | Step Count: 3014990 | Episode Q0:    29.49
Episode: 2550/5000 | Episode reward:   985.39 | Episode steps: 2500 | Average reward:   924.09 | Step Count: 3017490 | Episode Q0:    29.49
Episode: 2551/5000 | Episode reward:   859.62 | Episode steps: 2500 | Average reward:   926.86 | Step Count: 3019990 | Episode Q0:    29.49
Episode: 2552/5000 | Episode reward:  1054.82 | Episode steps: 2500 | Average reward:   923.14 | Step Count: 3022490 | Episode Q0:    29.49
Episode: 2553/5000 | Episode reward:   959.07 | Episode steps: 2500 | Average reward:   920.63 | Step Count: 3024990 | Episode Q0:    29.49
Episode: 2554/5000 | Episode reward:   909.19 | Episode steps: 2500 | Average reward:   926.63 | Step Count: 3027490 | Episode Q0:    29.49
Episode: 2555/5000 | Episode reward:  1060.48 | Episode steps: 2500 | Average reward:   948.71 | Step Count: 3029990 | Episode Q0:    29.49
Episode: 2556/5000 | Episode reward:   852.80 | Episode steps: 2500 | Average reward:   957.40 | Step Count: 3032490 | Episode Q0:    29.49
Episode: 2557/5000 | Episode reward:   880.02 | Episode steps: 2500 | Average reward:   972.45 | Step Count: 3034990 | Episode Q0:    29.49
Episode: 2558/5000 | Episode reward:   849.57 | Episode steps: 2500 | Average reward:   949.27 | Step Count: 3037490 | Episode Q0:    29.49
Episode: 2559/5000 | Episode reward:   994.89 | Episode steps: 2500 | Average reward:   940.59 | Step Count: 3039990 | Episode Q0:    29.49
Episode: 2560/5000 | Episode reward:   871.75 | Episode steps: 2500 | Average reward:   929.22 | Step Count: 3042490 | Episode Q0:    29.49
Episode: 2561/5000 | Episode reward:   894.82 | Episode steps: 2500 | Average reward:   932.74 | Step Count: 3044990 | Episode Q0:    29.49
Episode: 2562/5000 | Episode reward:  1105.91 | Episode steps: 2500 | Average reward:   937.85 | Step Count: 3047490 | Episode Q0:    29.49
Episode: 2563/5000 | Episode reward:   987.39 | Episode steps: 2500 | Average reward:   940.68 | Step Count: 3049990 | Episode Q0:    29.49
Episode: 2564/5000 | Episode reward:  1059.82 | Episode steps: 2500 | Average reward:   955.75 | Step Count: 3052490 | Episode Q0:    29.49
Episode: 2565/5000 | Episode reward:   877.37 | Episode steps: 2500 | Average reward:   937.43 | Step Count: 3054990 | Episode Q0:    29.49
Episode: 2566/5000 | Episode reward:   876.80 | Episode steps: 2500 | Average reward:   939.84 | Step Count: 3057490 | Episode Q0:    29.49
Episode: 2567/5000 | Episode reward:   906.27 | Episode steps: 2500 | Average reward:   942.46 | Step Count: 3059990 | Episode Q0:    29.49
Episode: 2568/5000 | Episode reward:   990.03 | Episode steps: 2500 | Average reward:   956.50 | Step Count: 3062490 | Episode Q0:    29.49
Episode: 2569/5000 | Episode reward:   878.25 | Episode steps: 2500 | Average reward:   944.84 | Step Count: 3064990 | Episode Q0:    29.49
Episode: 2570/5000 | Episode reward:  1114.38 | Episode steps: 2500 | Average reward:   969.10 | Step Count: 3067490 | Episode Q0:    29.49
Episode: 2571/5000 | Episode reward:  1049.45 | Episode steps: 2500 | Average reward:   984.57 | Step Count: 3069990 | Episode Q0:    29.49
Episode: 2572/5000 | Episode reward:  1094.64 | Episode steps: 2500 | Average reward:   983.44 | Step Count: 3072490 | Episode Q0:    29.49
Episode: 2573/5000 | Episode reward:   940.68 | Episode steps: 2500 | Average reward:   978.77 | Step Count: 3074990 | Episode Q0:    29.85
Episode: 2574/5000 | Episode reward:   948.85 | Episode steps: 2500 | Average reward:   967.67 | Step Count: 3077490 | Episode Q0:    29.85
Episode: 2575/5000 | Episode reward:  1126.48 | Episode steps: 2500 | Average reward:   992.58 | Step Count: 3079990 | Episode Q0:    29.85
Episode: 2576/5000 | Episode reward:  1121.89 | Episode steps: 2500 | Average reward:  1017.09 | Step Count: 3082490 | Episode Q0:    29.85
Episode: 2577/5000 | Episode reward:  1195.46 | Episode steps: 2500 | Average reward:  1046.01 | Step Count: 3084990 | Episode Q0:    29.85
Episode: 2578/5000 | Episode reward:  1050.43 | Episode steps: 2500 | Average reward:  1052.05 | Step Count: 3087490 | Episode Q0:    29.85
Episode: 2579/5000 | Episode reward:  1039.70 | Episode steps: 2500 | Average reward:  1068.20 | Step Count: 3089990 | Episode Q0:    29.85
Episode: 2580/5000 | Episode reward:  1063.04 | Episode steps: 2500 | Average reward:  1063.06 | Step Count: 3092490 | Episode Q0:    29.85
Episode: 2581/5000 | Episode reward:  1197.00 | Episode steps: 2500 | Average reward:  1077.82 | Step Count: 3094990 | Episode Q0:    29.85
Episode: 2582/5000 | Episode reward:  1041.69 | Episode steps: 2500 | Average reward:  1072.52 | Step Count: 3097490 | Episode Q0:    29.85
Episode: 2583/5000 | Episode reward:   938.50 | Episode steps: 2500 | Average reward:  1072.30 | Step Count: 3099990 | Episode Q0:    29.85
Episode: 2584/5000 | Episode reward:   911.67 | Episode steps: 2500 | Average reward:  1068.59 | Step Count: 3102490 | Episode Q0:    29.85
Episode: 2585/5000 | Episode reward:   946.22 | Episode steps: 2500 | Average reward:  1050.56 | Step Count: 3104990 | Episode Q0:    29.85
Episode: 2586/5000 | Episode reward:   882.34 | Episode steps: 2500 | Average reward:  1026.60 | Step Count: 3107490 | Episode Q0:    29.85
Episode: 2587/5000 | Episode reward:   977.74 | Episode steps: 2500 | Average reward:  1004.83 | Step Count: 3109990 | Episode Q0:    29.85
Episode: 2588/5000 | Episode reward:  1094.85 | Episode steps: 2500 | Average reward:  1009.28 | Step Count: 3112490 | Episode Q0:    29.85
Episode: 2589/5000 | Episode reward:   971.43 | Episode steps: 2500 | Average reward:  1002.45 | Step Count: 3114990 | Episode Q0:    29.85
Episode: 2590/5000 | Episode reward:   980.07 | Episode steps: 2500 | Average reward:   994.15 | Step Count: 3117490 | Episode Q0:    29.85
Episode: 2591/5000 | Episode reward:   845.17 | Episode steps: 2500 | Average reward:   958.97 | Step Count: 3119990 | Episode Q0:    29.85
Episode: 2592/5000 | Episode reward:  1237.58 | Episode steps: 2500 | Average reward:   978.56 | Step Count: 3122490 | Episode Q0:    30.42
Episode: 2593/5000 | Episode reward:  1125.49 | Episode steps: 2500 | Average reward:   997.26 | Step Count: 3124990 | Episode Q0:    30.42
Episode: 2594/5000 | Episode reward:  1196.73 | Episode steps: 2500 | Average reward:  1025.76 | Step Count: 3127490 | Episode Q0:    30.42
Episode: 2595/5000 | Episode reward:  1233.23 | Episode steps: 2500 | Average reward:  1054.46 | Step Count: 3129990 | Episode Q0:    30.42
Episode: 2596/5000 | Episode reward:  1203.21 | Episode steps: 2500 | Average reward:  1086.55 | Step Count: 3132490 | Episode Q0:    30.42
Episode: 2597/5000 | Episode reward:  1128.08 | Episode steps: 2500 | Average reward:  1101.58 | Step Count: 3134990 | Episode Q0:    30.42
Episode: 2598/5000 | Episode reward:  1314.58 | Episode steps: 2500 | Average reward:  1123.56 | Step Count: 3137490 | Episode Q0:    30.42
Episode: 2599/5000 | Episode reward:  1304.96 | Episode steps: 2500 | Average reward:  1156.91 | Step Count: 3139990 | Episode Q0:    30.42
Episode: 2600/5000 | Episode reward:  1129.16 | Episode steps: 2500 | Average reward:  1171.82 | Step Count: 3142490 | Episode Q0:    30.42
Episode: 2601/5000 | Episode reward:  1280.57 | Episode steps: 2500 | Average reward:  1215.36 | Step Count: 3144990 | Episode Q0:    30.42
Episode: 2602/5000 | Episode reward:  1292.63 | Episode steps: 2500 | Average reward:  1220.86 | Step Count: 3147490 | Episode Q0:    30.42
Episode: 2603/5000 | Episode reward:  1244.34 | Episode steps: 2500 | Average reward:  1232.75 | Step Count: 3149990 | Episode Q0:    30.42
Episode: 2604/5000 | Episode reward:  1324.04 | Episode steps: 2500 | Average reward:  1245.48 | Step Count: 3152490 | Episode Q0:    30.42
Episode: 2605/5000 | Episode reward:  1134.38 | Episode steps: 2500 | Average reward:  1235.60 | Step Count: 3154990 | Episode Q0:    30.42
Episode: 2606/5000 | Episode reward:  1213.31 | Episode steps: 2500 | Average reward:  1236.61 | Step Count: 3157490 | Episode Q0:    30.42
Episode: 2607/5000 | Episode reward:  1192.77 | Episode steps: 2500 | Average reward:  1243.07 | Step Count: 3159990 | Episode Q0:    30.42
Episode: 2608/5000 | Episode reward:  1249.48 | Episode steps: 2500 | Average reward:  1236.57 | Step Count: 3162490 | Episode Q0:    30.42
Episode: 2609/5000 | Episode reward:  1218.82 | Episode steps: 2500 | Average reward:  1227.95 | Step Count: 3164990 | Episode Q0:    30.42
Episode: 2610/5000 | Episode reward:  1251.58 | Episode steps: 2500 | Average reward:  1240.19 | Step Count: 3167490 | Episode Q0:    30.42
Episode: 2611/5000 | Episode reward:  1158.94 | Episode steps: 2500 | Average reward:  1228.03 | Step Count: 3169990 | Episode Q0:    30.42
Episode: 2612/5000 | Episode reward:  1300.50 | Episode steps: 2500 | Average reward:  1228.82 | Step Count: 3172490 | Episode Q0:    30.42
Episode: 2613/5000 | Episode reward:  1234.72 | Episode steps: 2500 | Average reward:  1227.86 | Step Count: 3174990 | Episode Q0:    30.42
Episode: 2614/5000 | Episode reward:  1206.86 | Episode steps: 2500 | Average reward:  1216.14 | Step Count: 3177490 | Episode Q0:    30.42
Episode: 2615/5000 | Episode reward:  1176.28 | Episode steps: 2500 | Average reward:  1220.33 | Step Count: 3179990 | Episode Q0:    30.42
Episode: 2616/5000 | Episode reward:  1292.65 | Episode steps: 2500 | Average reward:  1228.26 | Step Count: 3182490 | Episode Q0:    30.42
Episode: 2617/5000 | Episode reward:  1174.75 | Episode steps: 2500 | Average reward:  1226.46 | Step Count: 3184990 | Episode Q0:    32.12
Episode: 2618/5000 | Episode reward:  1187.03 | Episode steps: 2500 | Average reward:  1220.21 | Step Count: 3187490 | Episode Q0:    32.12
Episode: 2619/5000 | Episode reward:  1228.10 | Episode steps: 2500 | Average reward:  1221.14 | Step Count: 3189990 | Episode Q0:    32.12
Episode: 2620/5000 | Episode reward:  1231.80 | Episode steps: 2500 | Average reward:  1219.16 | Step Count: 3192490 | Episode Q0:    32.12
Episode: 2621/5000 | Episode reward:  1049.57 | Episode steps: 2500 | Average reward:  1208.23 | Step Count: 3194990 | Episode Q0:    32.12
Episode: 2622/5000 | Episode reward:  1180.30 | Episode steps: 2500 | Average reward:  1196.21 | Step Count: 3197490 | Episode Q0:    32.12
Episode: 2623/5000 | Episode reward:  1090.26 | Episode steps: 2500 | Average reward:  1181.76 | Step Count: 3199990 | Episode Q0:    32.12
Episode: 2624/5000 | Episode reward:  1266.82 | Episode steps: 2500 | Average reward:  1187.76 | Step Count: 3202490 | Episode Q0:    32.12
Episode: 2625/5000 | Episode reward:  1081.22 | Episode steps: 2500 | Average reward:  1178.25 | Step Count: 3204990 | Episode Q0:    32.12
Episode: 2626/5000 | Episode reward:  1291.22 | Episode steps: 2500 | Average reward:  1178.11 | Step Count: 3207490 | Episode Q0:    32.12
Episode: 2627/5000 | Episode reward:  1222.93 | Episode steps: 2500 | Average reward:  1182.92 | Step Count: 3209990 | Episode Q0:    32.12
Episode: 2628/5000 | Episode reward:  1159.45 | Episode steps: 2500 | Average reward:  1180.17 | Step Count: 3212490 | Episode Q0:    32.12
Episode: 2629/5000 | Episode reward:  1220.05 | Episode steps: 2500 | Average reward:  1179.36 | Step Count: 3214990 | Episode Q0:    32.12
Episode: 2630/5000 | Episode reward:  1185.93 | Episode steps: 2500 | Average reward:  1174.77 | Step Count: 3217490 | Episode Q0:    32.12
Episode: 2631/5000 | Episode reward:  1276.58 | Episode steps: 2500 | Average reward:  1197.47 | Step Count: 3219990 | Episode Q0:    32.12
Episode: 2632/5000 | Episode reward:  1079.25 | Episode steps: 2500 | Average reward:  1187.37 | Step Count: 3222490 | Episode Q0:    32.12
Episode: 2633/5000 | Episode reward:  1282.61 | Episode steps: 2500 | Average reward:  1206.61 | Step Count: 3224990 | Episode Q0:    32.12
Episode: 2634/5000 | Episode reward:  1074.19 | Episode steps: 2500 | Average reward:  1187.34 | Step Count: 3227490 | Episode Q0:    32.12
Episode: 2635/5000 | Episode reward:  1203.51 | Episode steps: 2500 | Average reward:  1199.57 | Step Count: 3229990 | Episode Q0:    32.12
Episode: 2636/5000 | Episode reward:  1091.31 | Episode steps: 2500 | Average reward:  1179.58 | Step Count: 3232490 | Episode Q0:    32.33
Episode: 2637/5000 | Episode reward:  1245.70 | Episode steps: 2500 | Average reward:  1181.86 | Step Count: 3234990 | Episode Q0:    32.33
Episode: 2638/5000 | Episode reward:  1209.41 | Episode steps: 2500 | Average reward:  1186.85 | Step Count: 3237490 | Episode Q0:    32.33
Episode: 2639/5000 | Episode reward:  1071.55 | Episode steps: 2500 | Average reward:  1172.00 | Step Count: 3239990 | Episode Q0:    32.33
Episode: 2640/5000 | Episode reward:  1174.10 | Episode steps: 2500 | Average reward:  1170.82 | Step Count: 3242490 | Episode Q0:    32.33
Episode: 2641/5000 | Episode reward:  1220.28 | Episode steps: 2500 | Average reward:  1165.19 | Step Count: 3244990 | Episode Q0:    32.33
Episode: 2642/5000 | Episode reward:  1187.23 | Episode steps: 2500 | Average reward:  1175.99 | Step Count: 3247490 | Episode Q0:    32.33
Episode: 2643/5000 | Episode reward:  1261.77 | Episode steps: 2500 | Average reward:  1173.90 | Step Count: 3249990 | Episode Q0:    32.33
Episode: 2644/5000 | Episode reward:  1214.78 | Episode steps: 2500 | Average reward:  1187.96 | Step Count: 3252490 | Episode Q0:    32.33
Episode: 2645/5000 | Episode reward:  1239.79 | Episode steps: 2500 | Average reward:  1191.59 | Step Count: 3254990 | Episode Q0:    32.33
Episode: 2646/5000 | Episode reward:  1284.10 | Episode steps: 2500 | Average reward:  1210.87 | Step Count: 3257490 | Episode Q0:    32.33
Episode: 2647/5000 | Episode reward:  1230.17 | Episode steps: 2500 | Average reward:  1209.32 | Step Count: 3259990 | Episode Q0:    32.33
Episode: 2648/5000 | Episode reward:  1128.08 | Episode steps: 2500 | Average reward:  1201.18 | Step Count: 3262490 | Episode Q0:    32.33
Episode: 2649/5000 | Episode reward:  1210.83 | Episode steps: 2500 | Average reward:  1215.11 | Step Count: 3264990 | Episode Q0:    32.33
Episode: 2650/5000 | Episode reward:  1133.04 | Episode steps: 2500 | Average reward:  1211.01 | Step Count: 3267490 | Episode Q0:    32.33
Episode: 2651/5000 | Episode reward:  1238.59 | Episode steps: 2500 | Average reward:  1212.84 | Step Count: 3269990 | Episode Q0:    32.33
Episode: 2652/5000 | Episode reward:  1228.12 | Episode steps: 2500 | Average reward:  1216.93 | Step Count: 3272490 | Episode Q0:    32.33
Episode: 2653/5000 | Episode reward:  1078.32 | Episode steps: 2500 | Average reward:  1198.58 | Step Count: 3274990 | Episode Q0:    32.33
Episode: 2654/5000 | Episode reward:  1232.09 | Episode steps: 2500 | Average reward:  1200.31 | Step Count: 3277490 | Episode Q0:    32.33
Episode: 2655/5000 | Episode reward:  1124.59 | Episode steps: 2500 | Average reward:  1188.79 | Step Count: 3279990 | Episode Q0:    32.33
Episode: 2656/5000 | Episode reward:  1219.99 | Episode steps: 2500 | Average reward:  1182.38 | Step Count: 3282490 | Episode Q0:    32.33
Episode: 2657/5000 | Episode reward:  1272.09 | Episode steps: 2500 | Average reward:  1186.57 | Step Count: 3284990 | Episode Q0:    32.33
Episode: 2658/5000 | Episode reward:  1132.27 | Episode steps: 2500 | Average reward:  1186.99 | Step Count: 3287490 | Episode Q0:    32.33
Episode: 2659/5000 | Episode reward:  1298.04 | Episode steps: 2500 | Average reward:  1195.71 | Step Count: 3289990 | Episode Q0:    32.33
Episode: 2660/5000 | Episode reward:  1221.95 | Episode steps: 2500 | Average reward:  1204.60 | Step Count: 3292490 | Episode Q0:    32.33
Episode: 2661/5000 | Episode reward:  1243.58 | Episode steps: 2500 | Average reward:  1205.10 | Step Count: 3294990 | Episode Q0:    31.47
Episode: 2662/5000 | Episode reward:  1247.01 | Episode steps: 2500 | Average reward:  1206.99 | Step Count: 3297490 | Episode Q0:    31.47
Episode: 2663/5000 | Episode reward:  1311.45 | Episode steps: 2500 | Average reward:  1230.31 | Step Count: 3299990 | Episode Q0:    31.47
Episode: 2664/5000 | Episode reward:  1298.57 | Episode steps: 2500 | Average reward:  1236.95 | Step Count: 3302490 | Episode Q0:    31.47
Episode: 2665/5000 | Episode reward:  1265.17 | Episode steps: 2500 | Average reward:  1251.01 | Step Count: 3304990 | Episode Q0:    31.47
Episode: 2666/5000 | Episode reward:  1213.01 | Episode steps: 2500 | Average reward:  1250.32 | Step Count: 3307490 | Episode Q0:    31.47
Episode: 2667/5000 | Episode reward:  1262.67 | Episode steps: 2500 | Average reward:  1249.37 | Step Count: 3309990 | Episode Q0:    31.47
Episode: 2668/5000 | Episode reward:  1259.12 | Episode steps: 2500 | Average reward:  1262.06 | Step Count: 3312490 | Episode Q0:    31.47
Episode: 2669/5000 | Episode reward:  1280.84 | Episode steps: 2500 | Average reward:  1260.34 | Step Count: 3314990 | Episode Q0:    31.47
Episode: 2670/5000 | Episode reward:  1263.72 | Episode steps: 2500 | Average reward:  1264.51 | Step Count: 3317490 | Episode Q0:    31.47
Episode: 2671/5000 | Episode reward:  1327.22 | Episode steps: 2500 | Average reward:  1272.88 | Step Count: 3319990 | Episode Q0:    31.47
Episode: 2672/5000 | Episode reward:  1255.70 | Episode steps: 2500 | Average reward:  1273.75 | Step Count: 3322490 | Episode Q0:    31.47
Episode: 2673/5000 | Episode reward:  1325.76 | Episode steps: 2500 | Average reward:  1275.18 | Step Count: 3324990 | Episode Q0:    31.47
Episode: 2674/5000 | Episode reward:  1275.68 | Episode steps: 2500 | Average reward:  1272.89 | Step Count: 3327490 | Episode Q0:    31.47
Episode: 2675/5000 | Episode reward:  1314.57 | Episode steps: 2500 | Average reward:  1277.83 | Step Count: 3329990 | Episode Q0:    31.47
Episode: 2676/5000 | Episode reward:  1280.37 | Episode steps: 2500 | Average reward:  1284.56 | Step Count: 3332490 | Episode Q0:    31.47
Episode: 2677/5000 | Episode reward:  1196.70 | Episode steps: 2500 | Average reward:  1277.97 | Step Count: 3334990 | Episode Q0:    31.47
Episode: 2678/5000 | Episode reward:  1289.27 | Episode steps: 2500 | Average reward:  1280.98 | Step Count: 3337490 | Episode Q0:    31.47
Episode: 2679/5000 | Episode reward:  1264.63 | Episode steps: 2500 | Average reward:  1279.36 | Step Count: 3339990 | Episode Q0:    31.47
Episode: 2680/5000 | Episode reward:  1266.43 | Episode steps: 2500 | Average reward:  1279.63 | Step Count: 3342490 | Episode Q0:    30.42
Episode: 2681/5000 | Episode reward:  1272.22 | Episode steps: 2500 | Average reward:  1274.13 | Step Count: 3344990 | Episode Q0:    30.42
Episode: 2682/5000 | Episode reward:  1236.01 | Episode steps: 2500 | Average reward:  1272.16 | Step Count: 3347490 | Episode Q0:    30.42
Episode: 2683/5000 | Episode reward:  1265.02 | Episode steps: 2500 | Average reward:  1266.09 | Step Count: 3349990 | Episode Q0:    30.42
Episode: 2684/5000 | Episode reward:  1189.56 | Episode steps: 2500 | Average reward:  1257.48 | Step Count: 3352490 | Episode Q0:    30.42
Episode: 2685/5000 | Episode reward:  1270.16 | Episode steps: 2500 | Average reward:  1253.04 | Step Count: 3354990 | Episode Q0:    30.42
Episode: 2686/5000 | Episode reward:  1246.30 | Episode steps: 2500 | Average reward:  1249.63 | Step Count: 3357490 | Episode Q0:    30.42
Episode: 2687/5000 | Episode reward:  1320.37 | Episode steps: 2500 | Average reward:  1262.00 | Step Count: 3359990 | Episode Q0:    30.42
Episode: 2688/5000 | Episode reward:  1166.76 | Episode steps: 2500 | Average reward:  1249.75 | Step Count: 3362490 | Episode Q0:    30.42
Episode: 2689/5000 | Episode reward:  1271.06 | Episode steps: 2500 | Average reward:  1250.39 | Step Count: 3364990 | Episode Q0:    30.42
Episode: 2690/5000 | Episode reward:  1252.41 | Episode steps: 2500 | Average reward:  1248.99 | Step Count: 3367490 | Episode Q0:    30.42
Episode: 2691/5000 | Episode reward:  1186.89 | Episode steps: 2500 | Average reward:  1240.45 | Step Count: 3369990 | Episode Q0:    30.42
Episode: 2692/5000 | Episode reward:  1246.14 | Episode steps: 2500 | Average reward:  1241.47 | Step Count: 3372490 | Episode Q0:    30.42
Episode: 2693/5000 | Episode reward:  1227.26 | Episode steps: 2500 | Average reward:  1237.69 | Step Count: 3374990 | Episode Q0:    30.42
Episode: 2694/5000 | Episode reward:  1260.24 | Episode steps: 2500 | Average reward:  1244.76 | Step Count: 3377490 | Episode Q0:    30.42
Episode: 2695/5000 | Episode reward:  1269.68 | Episode steps: 2500 | Average reward:  1244.71 | Step Count: 3379990 | Episode Q0:    30.42
Episode: 2696/5000 | Episode reward:  1247.59 | Episode steps: 2500 | Average reward:  1244.84 | Step Count: 3382490 | Episode Q0:    30.42
Episode: 2697/5000 | Episode reward:  1303.09 | Episode steps: 2500 | Average reward:  1243.11 | Step Count: 3384990 | Episode Q0:    30.42
Episode: 2698/5000 | Episode reward:  1290.38 | Episode steps: 2500 | Average reward:  1255.47 | Step Count: 3387490 | Episode Q0:    30.42
Episode: 2699/5000 | Episode reward:  1240.19 | Episode steps: 2500 | Average reward:  1252.39 | Step Count: 3389990 | Episode Q0:    30.42
Episode: 2700/5000 | Episode reward:  1278.08 | Episode steps: 2500 | Average reward:  1254.95 | Step Count: 3392490 | Episode Q0:    30.42
Episode: 2701/5000 | Episode reward:  1233.93 | Episode steps: 2500 | Average reward:  1259.66 | Step Count: 3394990 | Episode Q0:    30.42
Episode: 2702/5000 | Episode reward:  1260.85 | Episode steps: 2500 | Average reward:  1261.13 | Step Count: 3397490 | Episode Q0:    30.42
Episode: 2703/5000 | Episode reward:  1284.95 | Episode steps: 2500 | Average reward:  1266.90 | Step Count: 3399990 | Episode Q0:    30.42
Episode: 2704/5000 | Episode reward:  1227.12 | Episode steps: 2500 | Average reward:  1263.59 | Step Count: 3402490 | Episode Q0:    30.42
Episode: 2705/5000 | Episode reward:  1278.16 | Episode steps: 2500 | Average reward:  1264.43 | Step Count: 3404990 | Episode Q0:    32.79
Episode: 2706/5000 | Episode reward:  1209.85 | Episode steps: 2500 | Average reward:  1260.66 | Step Count: 3407490 | Episode Q0:    32.79
Episode: 2707/5000 | Episode reward:  1263.93 | Episode steps: 2500 | Average reward:  1256.74 | Step Count: 3409990 | Episode Q0:    32.79
Episode: 2708/5000 | Episode reward:  1274.07 | Episode steps: 2500 | Average reward:  1255.11 | Step Count: 3412490 | Episode Q0:    32.79
Episode: 2709/5000 | Episode reward:  1261.09 | Episode steps: 2500 | Average reward:  1257.20 | Step Count: 3414990 | Episode Q0:    32.79
Episode: 2710/5000 | Episode reward:  1270.65 | Episode steps: 2500 | Average reward:  1256.46 | Step Count: 3417490 | Episode Q0:    32.79
Episode: 2711/5000 | Episode reward:  1275.56 | Episode steps: 2500 | Average reward:  1260.62 | Step Count: 3419990 | Episode Q0:    32.79
Episode: 2712/5000 | Episode reward:  1297.69 | Episode steps: 2500 | Average reward:  1264.31 | Step Count: 3422490 | Episode Q0:    32.79
Episode: 2713/5000 | Episode reward:  1269.36 | Episode steps: 2500 | Average reward:  1262.75 | Step Count: 3424990 | Episode Q0:    32.79
Episode: 2714/5000 | Episode reward:  1318.96 | Episode steps: 2500 | Average reward:  1271.93 | Step Count: 3427490 | Episode Q0:    32.79
Episode: 2715/5000 | Episode reward:  1234.34 | Episode steps: 2500 | Average reward:  1267.55 | Step Count: 3429990 | Episode Q0:    32.79
Episode: 2716/5000 | Episode reward:  1283.79 | Episode steps: 2500 | Average reward:  1274.94 | Step Count: 3432490 | Episode Q0:    32.79
Episode: 2717/5000 | Episode reward:  1275.89 | Episode steps: 2500 | Average reward:  1276.14 | Step Count: 3434990 | Episode Q0:    32.79
Episode: 2718/5000 | Episode reward:  1258.85 | Episode steps: 2500 | Average reward:  1274.62 | Step Count: 3437490 | Episode Q0:    32.79
Episode: 2719/5000 | Episode reward:  1243.25 | Episode steps: 2500 | Average reward:  1272.83 | Step Count: 3439990 | Episode Q0:    32.79
Episode: 2720/5000 | Episode reward:  1269.42 | Episode steps: 2500 | Average reward:  1272.71 | Step Count: 3442490 | Episode Q0:    32.79
Episode: 2721/5000 | Episode reward:  1274.03 | Episode steps: 2500 | Average reward:  1272.56 | Step Count: 3444990 | Episode Q0:    32.79
Episode: 2722/5000 | Episode reward:  1274.59 | Episode steps: 2500 | Average reward:  1270.25 | Step Count: 3447490 | Episode Q0:    32.79
Episode: 2723/5000 | Episode reward:  1278.14 | Episode steps: 2500 | Average reward:  1271.13 | Step Count: 3449990 | Episode Q0:    32.79
Episode: 2724/5000 | Episode reward:  1248.28 | Episode steps: 2500 | Average reward:  1264.06 | Step Count: 3452490 | Episode Q0:    31.10
Episode: 2725/5000 | Episode reward:  1213.91 | Episode steps: 2500 | Average reward:  1262.01 | Step Count: 3454990 | Episode Q0:    31.10
Episode: 2726/5000 | Episode reward:  1181.16 | Episode steps: 2500 | Average reward:  1251.75 | Step Count: 3457490 | Episode Q0:    31.10
Episode: 2727/5000 | Episode reward:  1241.80 | Episode steps: 2500 | Average reward:  1248.34 | Step Count: 3459990 | Episode Q0:    31.10
Episode: 2728/5000 | Episode reward:  1228.26 | Episode steps: 2500 | Average reward:  1245.28 | Step Count: 3462490 | Episode Q0:    31.10
Episode: 2729/5000 | Episode reward:  1186.49 | Episode steps: 2500 | Average reward:  1239.61 | Step Count: 3464990 | Episode Q0:    31.10
Episode: 2730/5000 | Episode reward:  1245.29 | Episode steps: 2500 | Average reward:  1237.20 | Step Count: 3467490 | Episode Q0:    31.10
Episode: 2731/5000 | Episode reward:  1185.22 | Episode steps: 2500 | Average reward:  1228.31 | Step Count: 3469990 | Episode Q0:    31.10
Episode: 2732/5000 | Episode reward:  1238.76 | Episode steps: 2500 | Average reward:  1224.73 | Step Count: 3472490 | Episode Q0:    31.10
Episode: 2733/5000 | Episode reward:  1195.77 | Episode steps: 2500 | Average reward:  1216.49 | Step Count: 3474990 | Episode Q0:    31.10
Episode: 2734/5000 | Episode reward:  1194.73 | Episode steps: 2500 | Average reward:  1211.14 | Step Count: 3477490 | Episode Q0:    31.10
Episode: 2735/5000 | Episode reward:  1202.16 | Episode steps: 2500 | Average reward:  1209.96 | Step Count: 3479990 | Episode Q0:    31.10
Episode: 2736/5000 | Episode reward:  1272.09 | Episode steps: 2500 | Average reward:  1219.06 | Step Count: 3482490 | Episode Q0:    31.10
Episode: 2737/5000 | Episode reward:  1193.21 | Episode steps: 2500 | Average reward:  1214.20 | Step Count: 3484990 | Episode Q0:    31.10
Episode: 2738/5000 | Episode reward:  1189.04 | Episode steps: 2500 | Average reward:  1210.28 | Step Count: 3487490 | Episode Q0:    31.10
Episode: 2739/5000 | Episode reward:  1168.51 | Episode steps: 2500 | Average reward:  1208.48 | Step Count: 3489990 | Episode Q0:    31.10
Episode: 2740/5000 | Episode reward:  1255.16 | Episode steps: 2500 | Average reward:  1209.47 | Step Count: 3492490 | Episode Q0:    31.10
Episode: 2741/5000 | Episode reward:  1196.34 | Episode steps: 2500 | Average reward:  1210.58 | Step Count: 3494990 | Episode Q0:    31.10
Episode: 2742/5000 | Episode reward:  1190.99 | Episode steps: 2500 | Average reward:  1205.80 | Step Count: 3497490 | Episode Q0:    31.10
Episode: 2743/5000 | Episode reward:  1243.63 | Episode steps: 2500 | Average reward:  1210.59 | Step Count: 3499990 | Episode Q0:    31.10
Episode: 2744/5000 | Episode reward:  1140.23 | Episode steps: 2500 | Average reward:  1205.14 | Step Count: 3502490 | Episode Q0:    31.10
Episode: 2745/5000 | Episode reward:  1250.00 | Episode steps: 2500 | Average reward:  1209.92 | Step Count: 3504990 | Episode Q0:    31.10
Episode: 2746/5000 | Episode reward:  1211.80 | Episode steps: 2500 | Average reward:  1203.89 | Step Count: 3507490 | Episode Q0:    31.10
Episode: 2747/5000 | Episode reward:  1179.04 | Episode steps: 2500 | Average reward:  1202.47 | Step Count: 3509990 | Episode Q0:    31.10
Episode: 2748/5000 | Episode reward:  1280.14 | Episode steps: 2500 | Average reward:  1211.58 | Step Count: 3512490 | Episode Q0:    31.10
Episode: 2749/5000 | Episode reward:  1266.74 | Episode steps: 2500 | Average reward:  1221.41 | Step Count: 3514990 | Episode Q0:    31.31
Episode: 2750/5000 | Episode reward:  1270.70 | Episode steps: 2500 | Average reward:  1222.96 | Step Count: 3517490 | Episode Q0:    31.31
Episode: 2751/5000 | Episode reward:  1245.25 | Episode steps: 2500 | Average reward:  1227.85 | Step Count: 3519990 | Episode Q0:    31.31
Episode: 2752/5000 | Episode reward:  1281.84 | Episode steps: 2500 | Average reward:  1236.94 | Step Count: 3522490 | Episode Q0:    31.31
Episode: 2753/5000 | Episode reward:  1283.76 | Episode steps: 2500 | Average reward:  1240.95 | Step Count: 3524990 | Episode Q0:    31.31
Episode: 2754/5000 | Episode reward:  1302.17 | Episode steps: 2500 | Average reward:  1257.14 | Step Count: 3527490 | Episode Q0:    31.31
Episode: 2755/5000 | Episode reward:  1241.72 | Episode steps: 2500 | Average reward:  1256.32 | Step Count: 3529990 | Episode Q0:    31.31
Episode: 2756/5000 | Episode reward:  1266.04 | Episode steps: 2500 | Average reward:  1261.74 | Step Count: 3532490 | Episode Q0:    31.31
Episode: 2757/5000 | Episode reward:  1306.73 | Episode steps: 2500 | Average reward:  1274.51 | Step Count: 3534990 | Episode Q0:    31.31
Episode: 2758/5000 | Episode reward:  1229.27 | Episode steps: 2500 | Average reward:  1269.42 | Step Count: 3537490 | Episode Q0:    31.31
Episode: 2759/5000 | Episode reward:  1302.49 | Episode steps: 2500 | Average reward:  1273.00 | Step Count: 3539990 | Episode Q0:    31.31
Episode: 2760/5000 | Episode reward:  1306.26 | Episode steps: 2500 | Average reward:  1276.55 | Step Count: 3542490 | Episode Q0:    31.31
Episode: 2761/5000 | Episode reward:  1289.14 | Episode steps: 2500 | Average reward:  1280.94 | Step Count: 3544990 | Episode Q0:    31.31
Episode: 2762/5000 | Episode reward:  1321.02 | Episode steps: 2500 | Average reward:  1284.86 | Step Count: 3547490 | Episode Q0:    31.31
Episode: 2763/5000 | Episode reward:  1285.61 | Episode steps: 2500 | Average reward:  1285.05 | Step Count: 3549990 | Episode Q0:    31.31
Episode: 2764/5000 | Episode reward:  1264.11 | Episode steps: 2500 | Average reward:  1281.24 | Step Count: 3552490 | Episode Q0:    31.31
Episode: 2765/5000 | Episode reward:  1306.59 | Episode steps: 2500 | Average reward:  1287.73 | Step Count: 3554990 | Episode Q0:    31.31
Episode: 2766/5000 | Episode reward:  1225.32 | Episode steps: 2500 | Average reward:  1283.65 | Step Count: 3557490 | Episode Q0:    31.31
Episode: 2767/5000 | Episode reward:  1247.61 | Episode steps: 2500 | Average reward:  1277.74 | Step Count: 3559990 | Episode Q0:    31.31
Episode: 2768/5000 | Episode reward:  1244.77 | Episode steps: 2500 | Average reward:  1279.29 | Step Count: 3562490 | Episode Q0:    33.24
Episode: 2769/5000 | Episode reward:  1248.51 | Episode steps: 2500 | Average reward:  1273.89 | Step Count: 3564990 | Episode Q0:    33.24
Episode: 2770/5000 | Episode reward:  1238.34 | Episode steps: 2500 | Average reward:  1267.10 | Step Count: 3567490 | Episode Q0:    33.24
Episode: 2771/5000 | Episode reward:  1279.18 | Episode steps: 2500 | Average reward:  1266.11 | Step Count: 3569990 | Episode Q0:    33.24
Episode: 2772/5000 | Episode reward:  1242.40 | Episode steps: 2500 | Average reward:  1258.25 | Step Count: 3572490 | Episode Q0:    33.24
Episode: 2773/5000 | Episode reward:  1231.63 | Episode steps: 2500 | Average reward:  1252.85 | Step Count: 3574990 | Episode Q0:    33.24
Episode: 2774/5000 | Episode reward:  1246.47 | Episode steps: 2500 | Average reward:  1251.08 | Step Count: 3577490 | Episode Q0:    33.24
Episode: 2775/5000 | Episode reward:  1225.55 | Episode steps: 2500 | Average reward:  1242.98 | Step Count: 3579990 | Episode Q0:    33.24
Episode: 2776/5000 | Episode reward:  1261.03 | Episode steps: 2500 | Average reward:  1246.55 | Step Count: 3582490 | Episode Q0:    33.24
Episode: 2777/5000 | Episode reward:  1265.86 | Episode steps: 2500 | Average reward:  1248.37 | Step Count: 3584990 | Episode Q0:    33.24
Episode: 2778/5000 | Episode reward:  1228.22 | Episode steps: 2500 | Average reward:  1246.72 | Step Count: 3587490 | Episode Q0:    33.24
Episode: 2779/5000 | Episode reward:  1229.12 | Episode steps: 2500 | Average reward:  1244.78 | Step Count: 3589990 | Episode Q0:    33.24
Episode: 2780/5000 | Episode reward:  1291.10 | Episode steps: 2500 | Average reward:  1250.06 | Step Count: 3592490 | Episode Q0:    33.24
Episode: 2781/5000 | Episode reward:  1218.56 | Episode steps: 2500 | Average reward:  1243.99 | Step Count: 3594990 | Episode Q0:    33.24
Episode: 2782/5000 | Episode reward:  1230.98 | Episode steps: 2500 | Average reward:  1242.85 | Step Count: 3597490 | Episode Q0:    33.24
Episode: 2783/5000 | Episode reward:  1232.02 | Episode steps: 2500 | Average reward:  1242.89 | Step Count: 3599990 | Episode Q0:    33.24
Episode: 2784/5000 | Episode reward:  1214.48 | Episode steps: 2500 | Average reward:  1239.69 | Step Count: 3602490 | Episode Q0:    33.24
Episode: 2785/5000 | Episode reward:  1131.89 | Episode steps: 2500 | Average reward:  1230.33 | Step Count: 3604990 | Episode Q0:    33.24
Episode: 2786/5000 | Episode reward:  1208.01 | Episode steps: 2500 | Average reward:  1225.02 | Step Count: 3607490 | Episode Q0:    33.24
Episode: 2787/5000 | Episode reward:  1230.07 | Episode steps: 2500 | Average reward:  1221.44 | Step Count: 3609990 | Episode Q0:    33.24
Episode: 2788/5000 | Episode reward:  1165.71 | Episode steps: 2500 | Average reward:  1215.19 | Step Count: 3612490 | Episode Q0:    33.24
Episode: 2789/5000 | Episode reward:  1243.86 | Episode steps: 2500 | Average reward:  1216.67 | Step Count: 3614990 | Episode Q0:    33.24
Episode: 2790/5000 | Episode reward:  1298.36 | Episode steps: 2500 | Average reward:  1217.39 | Step Count: 3617490 | Episode Q0:    33.24
Episode: 2791/5000 | Episode reward:  1301.20 | Episode steps: 2500 | Average reward:  1225.66 | Step Count: 3619990 | Episode Q0:    33.24
Episode: 2792/5000 | Episode reward:  1280.33 | Episode steps: 2500 | Average reward:  1230.59 | Step Count: 3622490 | Episode Q0:    33.24
Episode: 2793/5000 | Episode reward:  1252.87 | Episode steps: 2500 | Average reward:  1232.68 | Step Count: 3624990 | Episode Q0:    32.46
Episode: 2794/5000 | Episode reward:  1220.97 | Episode steps: 2500 | Average reward:  1233.33 | Step Count: 3627490 | Episode Q0:    32.46
Episode: 2795/5000 | Episode reward:  1300.06 | Episode steps: 2500 | Average reward:  1250.14 | Step Count: 3629990 | Episode Q0:    32.46
Episode: 2796/5000 | Episode reward:  1235.82 | Episode steps: 2500 | Average reward:  1252.93 | Step Count: 3632490 | Episode Q0:    32.46
Episode: 2797/5000 | Episode reward:  1235.97 | Episode steps: 2500 | Average reward:  1253.52 | Step Count: 3634990 | Episode Q0:    32.46
Episode: 2798/5000 | Episode reward:  1252.07 | Episode steps: 2500 | Average reward:  1262.15 | Step Count: 3637490 | Episode Q0:    32.46
Episode: 2799/5000 | Episode reward:  1224.28 | Episode steps: 2500 | Average reward:  1260.19 | Step Count: 3639990 | Episode Q0:    32.46
Episode: 2800/5000 | Episode reward:  1216.18 | Episode steps: 2500 | Average reward:  1251.98 | Step Count: 3642490 | Episode Q0:    32.46
Episode: 2801/5000 | Episode reward:  1240.39 | Episode steps: 2500 | Average reward:  1245.90 | Step Count: 3644990 | Episode Q0:    32.46
Episode: 2802/5000 | Episode reward:  1255.66 | Episode steps: 2500 | Average reward:  1243.43 | Step Count: 3647490 | Episode Q0:    32.46
Episode: 2803/5000 | Episode reward:  1215.64 | Episode steps: 2500 | Average reward:  1239.71 | Step Count: 3649990 | Episode Q0:    32.46
Episode: 2804/5000 | Episode reward:  1225.68 | Episode steps: 2500 | Average reward:  1240.18 | Step Count: 3652490 | Episode Q0:    32.46
Episode: 2805/5000 | Episode reward:  1152.41 | Episode steps: 2500 | Average reward:  1225.41 | Step Count: 3654990 | Episode Q0:    32.46
Episode: 2806/5000 | Episode reward:  1188.19 | Episode steps: 2500 | Average reward:  1220.65 | Step Count: 3657490 | Episode Q0:    32.46
Episode: 2807/5000 | Episode reward:  1234.29 | Episode steps: 2500 | Average reward:  1220.48 | Step Count: 3659990 | Episode Q0:    32.46
Episode: 2808/5000 | Episode reward:  1231.76 | Episode steps: 2500 | Average reward:  1218.45 | Step Count: 3662490 | Episode Q0:    32.46
Episode: 2809/5000 | Episode reward:  1230.99 | Episode steps: 2500 | Average reward:  1219.12 | Step Count: 3664990 | Episode Q0:    32.46
Episode: 2810/5000 | Episode reward:  1238.31 | Episode steps: 2500 | Average reward:  1221.33 | Step Count: 3667490 | Episode Q0:    32.46
Episode: 2811/5000 | Episode reward:  1226.16 | Episode steps: 2500 | Average reward:  1219.91 | Step Count: 3669990 | Episode Q0:    32.46
Episode: 2812/5000 | Episode reward:  1243.59 | Episode steps: 2500 | Average reward:  1218.70 | Step Count: 3672490 | Episode Q0:    33.96
Episode: 2813/5000 | Episode reward:  1181.41 | Episode steps: 2500 | Average reward:  1215.28 | Step Count: 3674990 | Episode Q0:    33.96
Episode: 2814/5000 | Episode reward:  1126.11 | Episode steps: 2500 | Average reward:  1205.32 | Step Count: 3677490 | Episode Q0:    33.96
Episode: 2815/5000 | Episode reward:  1191.46 | Episode steps: 2500 | Average reward:  1209.23 | Step Count: 3679990 | Episode Q0:    33.96
Episode: 2816/5000 | Episode reward:  1091.78 | Episode steps: 2500 | Average reward:  1199.59 | Step Count: 3682490 | Episode Q0:    33.96
Episode: 2817/5000 | Episode reward:  1203.40 | Episode steps: 2500 | Average reward:  1196.50 | Step Count: 3684990 | Episode Q0:    33.96
Episode: 2818/5000 | Episode reward:  1144.53 | Episode steps: 2500 | Average reward:  1187.77 | Step Count: 3687490 | Episode Q0:    33.96
Episode: 2819/5000 | Episode reward:  1174.95 | Episode steps: 2500 | Average reward:  1182.17 | Step Count: 3689990 | Episode Q0:    33.96
Episode: 2820/5000 | Episode reward:  1185.66 | Episode steps: 2500 | Average reward:  1176.90 | Step Count: 3692490 | Episode Q0:    33.96
Episode: 2821/5000 | Episode reward:  1207.37 | Episode steps: 2500 | Average reward:  1175.03 | Step Count: 3694990 | Episode Q0:    33.96
Episode: 2822/5000 | Episode reward:  1186.27 | Episode steps: 2500 | Average reward:  1169.29 | Step Count: 3697490 | Episode Q0:    33.96
Episode: 2823/5000 | Episode reward:  1211.41 | Episode steps: 2500 | Average reward:  1172.29 | Step Count: 3699990 | Episode Q0:    33.96
Episode: 2824/5000 | Episode reward:  1190.36 | Episode steps: 2500 | Average reward:  1178.72 | Step Count: 3702490 | Episode Q0:    33.96
Episode: 2825/5000 | Episode reward:  1195.63 | Episode steps: 2500 | Average reward:  1179.14 | Step Count: 3704990 | Episode Q0:    33.96
Episode: 2826/5000 | Episode reward:  1189.04 | Episode steps: 2500 | Average reward:  1188.86 | Step Count: 3707490 | Episode Q0:    33.96
Episode: 2827/5000 | Episode reward:  1175.64 | Episode steps: 2500 | Average reward:  1186.09 | Step Count: 3709990 | Episode Q0:    33.96
Episode: 2828/5000 | Episode reward:  1182.29 | Episode steps: 2500 | Average reward:  1189.86 | Step Count: 3712490 | Episode Q0:    33.96
Episode: 2829/5000 | Episode reward:  1158.11 | Episode steps: 2500 | Average reward:  1188.18 | Step Count: 3714990 | Episode Q0:    33.96
Episode: 2830/5000 | Episode reward:  1127.06 | Episode steps: 2500 | Average reward:  1182.32 | Step Count: 3717490 | Episode Q0:    33.96
Episode: 2831/5000 | Episode reward:  1257.64 | Episode steps: 2500 | Average reward:  1187.35 | Step Count: 3719990 | Episode Q0:    33.96
Episode: 2832/5000 | Episode reward:  1187.74 | Episode steps: 2500 | Average reward:  1187.49 | Step Count: 3722490 | Episode Q0:    33.96
Episode: 2833/5000 | Episode reward:  1196.81 | Episode steps: 2500 | Average reward:  1186.03 | Step Count: 3724990 | Episode Q0:    33.96
Episode: 2834/5000 | Episode reward:  1196.38 | Episode steps: 2500 | Average reward:  1186.64 | Step Count: 3727490 | Episode Q0:    33.96
Episode: 2835/5000 | Episode reward:  1160.76 | Episode steps: 2500 | Average reward:  1183.15 | Step Count: 3729990 | Episode Q0:    33.96
Episode: 2836/5000 | Episode reward:  1171.35 | Episode steps: 2500 | Average reward:  1181.38 | Step Count: 3732490 | Episode Q0:    33.96
Episode: 2837/5000 | Episode reward:  1222.76 | Episode steps: 2500 | Average reward:  1186.09 | Step Count: 3734990 | Episode Q0:    34.97
Episode: 2838/5000 | Episode reward:  1151.79 | Episode steps: 2500 | Average reward:  1183.04 | Step Count: 3737490 | Episode Q0:    34.97
Episode: 2839/5000 | Episode reward:  1109.25 | Episode steps: 2500 | Average reward:  1178.15 | Step Count: 3739990 | Episode Q0:    34.97
Episode: 2840/5000 | Episode reward:  1224.93 | Episode steps: 2500 | Average reward:  1187.94 | Step Count: 3742490 | Episode Q0:    34.97
Episode: 2841/5000 | Episode reward:  1204.56 | Episode steps: 2500 | Average reward:  1182.63 | Step Count: 3744990 | Episode Q0:    34.97
Episode: 2842/5000 | Episode reward:  1198.23 | Episode steps: 2500 | Average reward:  1183.68 | Step Count: 3747490 | Episode Q0:    34.97
Episode: 2843/5000 | Episode reward:  1233.14 | Episode steps: 2500 | Average reward:  1187.31 | Step Count: 3749990 | Episode Q0:    34.97
Episode: 2844/5000 | Episode reward:  1208.38 | Episode steps: 2500 | Average reward:  1188.51 | Step Count: 3752490 | Episode Q0:    34.97
Episode: 2845/5000 | Episode reward:  1197.72 | Episode steps: 2500 | Average reward:  1192.21 | Step Count: 3754990 | Episode Q0:    34.97
Episode: 2846/5000 | Episode reward:  1168.02 | Episode steps: 2500 | Average reward:  1191.88 | Step Count: 3757490 | Episode Q0:    34.97
Episode: 2847/5000 | Episode reward:  1191.13 | Episode steps: 2500 | Average reward:  1188.72 | Step Count: 3759990 | Episode Q0:    34.97
Episode: 2848/5000 | Episode reward:  1128.12 | Episode steps: 2500 | Average reward:  1186.35 | Step Count: 3762490 | Episode Q0:    34.97
Episode: 2849/5000 | Episode reward:  1237.03 | Episode steps: 2500 | Average reward:  1199.13 | Step Count: 3764990 | Episode Q0:    34.97
Episode: 2850/5000 | Episode reward:  1202.31 | Episode steps: 2500 | Average reward:  1196.86 | Step Count: 3767490 | Episode Q0:    34.97
Episode: 2851/5000 | Episode reward:  1173.79 | Episode steps: 2500 | Average reward:  1193.79 | Step Count: 3769990 | Episode Q0:    34.97
Episode: 2852/5000 | Episode reward:  1165.85 | Episode steps: 2500 | Average reward:  1190.55 | Step Count: 3772490 | Episode Q0:    34.97
Episode: 2853/5000 | Episode reward:  1192.99 | Episode steps: 2500 | Average reward:  1186.53 | Step Count: 3774990 | Episode Q0:    34.97
Episode: 2854/5000 | Episode reward:  1207.64 | Episode steps: 2500 | Average reward:  1186.46 | Step Count: 3777490 | Episode Q0:    34.97
Episode: 2855/5000 | Episode reward:  1118.55 | Episode steps: 2500 | Average reward:  1178.54 | Step Count: 3779990 | Episode Q0:    34.97
Episode: 2856/5000 | Episode reward:  1123.28 | Episode steps: 2500 | Average reward:  1174.07 | Step Count: 3782490 | Episode Q0:    34.06
Episode: 2857/5000 | Episode reward:  1203.00 | Episode steps: 2500 | Average reward:  1175.26 | Step Count: 3784990 | Episode Q0:    34.06
Episode: 2858/5000 | Episode reward:  1090.02 | Episode steps: 2500 | Average reward:  1171.45 | Step Count: 3787490 | Episode Q0:    34.06
Episode: 2859/5000 | Episode reward:  1136.50 | Episode steps: 2500 | Average reward:  1161.39 | Step Count: 3789990 | Episode Q0:    34.06
Episode: 2860/5000 | Episode reward:  1194.73 | Episode steps: 2500 | Average reward:  1160.64 | Step Count: 3792490 | Episode Q0:    34.06
Episode: 2861/5000 | Episode reward:  1199.32 | Episode steps: 2500 | Average reward:  1163.19 | Step Count: 3794990 | Episode Q0:    34.06
Episode: 2862/5000 | Episode reward:  1099.66 | Episode steps: 2500 | Average reward:  1156.57 | Step Count: 3797490 | Episode Q0:    34.06
Episode: 2863/5000 | Episode reward:  1088.92 | Episode steps: 2500 | Average reward:  1146.16 | Step Count: 3799990 | Episode Q0:    34.06
Episode: 2864/5000 | Episode reward:  1163.86 | Episode steps: 2500 | Average reward:  1141.78 | Step Count: 3802490 | Episode Q0:    34.06
Episode: 2865/5000 | Episode reward:  1140.30 | Episode steps: 2500 | Average reward:  1143.96 | Step Count: 3804990 | Episode Q0:    34.06
Episode: 2866/5000 | Episode reward:  1128.05 | Episode steps: 2500 | Average reward:  1144.44 | Step Count: 3807490 | Episode Q0:    34.06
Episode: 2867/5000 | Episode reward:  1180.60 | Episode steps: 2500 | Average reward:  1142.20 | Step Count: 3809990 | Episode Q0:    34.06
Episode: 2868/5000 | Episode reward:  1160.02 | Episode steps: 2500 | Average reward:  1149.20 | Step Count: 3812490 | Episode Q0:    34.06
Episode: 2869/5000 | Episode reward:  1177.02 | Episode steps: 2500 | Average reward:  1153.25 | Step Count: 3814990 | Episode Q0:    34.06
Episode: 2870/5000 | Episode reward:  1222.06 | Episode steps: 2500 | Average reward:  1155.98 | Step Count: 3817490 | Episode Q0:    34.06
Episode: 2871/5000 | Episode reward:  1205.21 | Episode steps: 2500 | Average reward:  1156.57 | Step Count: 3819990 | Episode Q0:    34.06
Episode: 2872/5000 | Episode reward:  1163.05 | Episode steps: 2500 | Average reward:  1162.91 | Step Count: 3822490 | Episode Q0:    34.06
Episode: 2873/5000 | Episode reward:  1144.01 | Episode steps: 2500 | Average reward:  1168.42 | Step Count: 3824990 | Episode Q0:    34.06
Episode: 2874/5000 | Episode reward:  1112.12 | Episode steps: 2500 | Average reward:  1163.25 | Step Count: 3827490 | Episode Q0:    34.06
Episode: 2875/5000 | Episode reward:  1140.76 | Episode steps: 2500 | Average reward:  1163.29 | Step Count: 3829990 | Episode Q0:    34.06
Episode: 2876/5000 | Episode reward:  1103.60 | Episode steps: 2500 | Average reward:  1160.85 | Step Count: 3832490 | Episode Q0:    34.06
Episode: 2877/5000 | Episode reward:  1197.09 | Episode steps: 2500 | Average reward:  1162.50 | Step Count: 3834990 | Episode Q0:    34.06
Episode: 2878/5000 | Episode reward:  1212.53 | Episode steps: 2500 | Average reward:  1167.75 | Step Count: 3837490 | Episode Q0:    34.06
Episode: 2879/5000 | Episode reward:  1120.95 | Episode steps: 2500 | Average reward:  1162.14 | Step Count: 3839990 | Episode Q0:    34.06
Episode: 2880/5000 | Episode reward:  1148.65 | Episode steps: 2500 | Average reward:  1154.80 | Step Count: 3842490 | Episode Q0:    34.06
Episode: 2881/5000 | Episode reward:  1209.03 | Episode steps: 2500 | Average reward:  1155.18 | Step Count: 3844990 | Episode Q0:    33.56
Episode: 2882/5000 | Episode reward:  1120.58 | Episode steps: 2500 | Average reward:  1150.93 | Step Count: 3847490 | Episode Q0:    33.56
Episode: 2883/5000 | Episode reward:  1100.77 | Episode steps: 2500 | Average reward:  1146.61 | Step Count: 3849990 | Episode Q0:    33.56
Episode: 2884/5000 | Episode reward:  1183.70 | Episode steps: 2500 | Average reward:  1153.77 | Step Count: 3852490 | Episode Q0:    33.56
Episode: 2885/5000 | Episode reward:  1230.74 | Episode steps: 2500 | Average reward:  1162.76 | Step Count: 3854990 | Episode Q0:    33.56
Episode: 2886/5000 | Episode reward:  1105.67 | Episode steps: 2500 | Average reward:  1162.97 | Step Count: 3857490 | Episode Q0:    33.56
Episode: 2887/5000 | Episode reward:  1156.31 | Episode steps: 2500 | Average reward:  1158.89 | Step Count: 3859990 | Episode Q0:    33.56
Episode: 2888/5000 | Episode reward:  1188.23 | Episode steps: 2500 | Average reward:  1156.46 | Step Count: 3862490 | Episode Q0:    33.56
Episode: 2889/5000 | Episode reward:  1164.76 | Episode steps: 2500 | Average reward:  1160.84 | Step Count: 3864990 | Episode Q0:    33.56
Episode: 2890/5000 | Episode reward:  1110.83 | Episode steps: 2500 | Average reward:  1157.06 | Step Count: 3867490 | Episode Q0:    33.56
Episode: 2891/5000 | Episode reward:  1116.75 | Episode steps: 2500 | Average reward:  1147.83 | Step Count: 3869990 | Episode Q0:    33.56
Episode: 2892/5000 | Episode reward:  1205.88 | Episode steps: 2500 | Average reward:  1156.36 | Step Count: 3872490 | Episode Q0:    33.56
Episode: 2893/5000 | Episode reward:  1131.23 | Episode steps: 2500 | Average reward:  1159.41 | Step Count: 3874990 | Episode Q0:    33.56
Episode: 2894/5000 | Episode reward:  1086.89 | Episode steps: 2500 | Average reward:  1149.73 | Step Count: 3877490 | Episode Q0:    33.56
Episode: 2895/5000 | Episode reward:  1146.36 | Episode steps: 2500 | Average reward:  1141.29 | Step Count: 3879990 | Episode Q0:    33.56
Episode: 2896/5000 | Episode reward:  1151.28 | Episode steps: 2500 | Average reward:  1145.85 | Step Count: 3882490 | Episode Q0:    33.56
Episode: 2897/5000 | Episode reward:  1084.36 | Episode steps: 2500 | Average reward:  1138.66 | Step Count: 3884990 | Episode Q0:    33.56
Episode: 2898/5000 | Episode reward:  1137.75 | Episode steps: 2500 | Average reward:  1133.61 | Step Count: 3887490 | Episode Q0:    33.56
Episode: 2899/5000 | Episode reward:  1190.66 | Episode steps: 2500 | Average reward:  1136.20 | Step Count: 3889990 | Episode Q0:    33.56
Episode: 2900/5000 | Episode reward:  1072.92 | Episode steps: 2500 | Average reward:  1132.41 | Step Count: 3892490 | Episode Q0:    35.27
Episode: 2901/5000 | Episode reward:  1126.01 | Episode steps: 2500 | Average reward:  1133.33 | Step Count: 3894990 | Episode Q0:    35.27
Episode: 2902/5000 | Episode reward:  1159.95 | Episode steps: 2500 | Average reward:  1128.74 | Step Count: 3897490 | Episode Q0:    35.27
Episode: 2903/5000 | Episode reward:  1095.99 | Episode steps: 2500 | Average reward:  1125.22 | Step Count: 3899990 | Episode Q0:    35.27
Episode: 2904/5000 | Episode reward:  1117.74 | Episode steps: 2500 | Average reward:  1128.30 | Step Count: 3902490 | Episode Q0:    35.27
Episode: 2905/5000 | Episode reward:  1205.99 | Episode steps: 2500 | Average reward:  1134.26 | Step Count: 3904990 | Episode Q0:    35.27
Episode: 2906/5000 | Episode reward:  1153.33 | Episode steps: 2500 | Average reward:  1134.47 | Step Count: 3907490 | Episode Q0:    35.27
Episode: 2907/5000 | Episode reward:  1170.36 | Episode steps: 2500 | Average reward:  1143.07 | Step Count: 3909990 | Episode Q0:    35.27
Episode: 2908/5000 | Episode reward:  1094.19 | Episode steps: 2500 | Average reward:  1138.71 | Step Count: 3912490 | Episode Q0:    35.27
Episode: 2909/5000 | Episode reward:  1096.20 | Episode steps: 2500 | Average reward:  1129.27 | Step Count: 3914990 | Episode Q0:    35.27
Episode: 2910/5000 | Episode reward:  1149.06 | Episode steps: 2500 | Average reward:  1136.88 | Step Count: 3917490 | Episode Q0:    35.27
Episode: 2911/5000 | Episode reward:  1112.92 | Episode steps: 2500 | Average reward:  1135.57 | Step Count: 3919990 | Episode Q0:    35.27
Episode: 2912/5000 | Episode reward:  1066.30 | Episode steps: 2500 | Average reward:  1126.21 | Step Count: 3922490 | Episode Q0:    35.27
Episode: 2913/5000 | Episode reward:  1189.95 | Episode steps: 2500 | Average reward:  1135.60 | Step Count: 3924990 | Episode Q0:    35.27
Episode: 2914/5000 | Episode reward:  1039.70 | Episode steps: 2500 | Average reward:  1127.80 | Step Count: 3927490 | Episode Q0:    35.27
Episode: 2915/5000 | Episode reward:  1061.09 | Episode steps: 2500 | Average reward:  1113.31 | Step Count: 3929990 | Episode Q0:    35.27
Episode: 2916/5000 | Episode reward:  1198.02 | Episode steps: 2500 | Average reward:  1117.78 | Step Count: 3932490 | Episode Q0:    35.27
Episode: 2917/5000 | Episode reward:  1127.88 | Episode steps: 2500 | Average reward:  1113.53 | Step Count: 3934990 | Episode Q0:    35.27
Episode: 2918/5000 | Episode reward:  1062.83 | Episode steps: 2500 | Average reward:  1110.39 | Step Count: 3937490 | Episode Q0:    35.27
Episode: 2919/5000 | Episode reward:  1183.89 | Episode steps: 2500 | Average reward:  1119.16 | Step Count: 3939990 | Episode Q0:    35.27
Episode: 2920/5000 | Episode reward:  1138.81 | Episode steps: 2500 | Average reward:  1118.14 | Step Count: 3942490 | Episode Q0:    35.27
Episode: 2921/5000 | Episode reward:  1200.60 | Episode steps: 2500 | Average reward:  1126.91 | Step Count: 3944990 | Episode Q0:    35.27
Episode: 2922/5000 | Episode reward:  1188.57 | Episode steps: 2500 | Average reward:  1139.13 | Step Count: 3947490 | Episode Q0:    35.27
Episode: 2923/5000 | Episode reward:  1099.40 | Episode steps: 2500 | Average reward:  1130.08 | Step Count: 3949990 | Episode Q0:    35.27
Episode: 2924/5000 | Episode reward:  1105.76 | Episode steps: 2500 | Average reward:  1136.68 | Step Count: 3952490 | Episode Q0:    35.27
Episode: 2925/5000 | Episode reward:  1051.39 | Episode steps: 2500 | Average reward:  1135.71 | Step Count: 3954990 | Episode Q0:    33.75
Episode: 2926/5000 | Episode reward:  1096.53 | Episode steps: 2500 | Average reward:  1125.57 | Step Count: 3957490 | Episode Q0:    33.75
Episode: 2927/5000 | Episode reward:  1100.24 | Episode steps: 2500 | Average reward:  1122.80 | Step Count: 3959990 | Episode Q0:    33.75
Episode: 2928/5000 | Episode reward:  1110.82 | Episode steps: 2500 | Average reward:  1127.60 | Step Count: 3962490 | Episode Q0:    33.75
Episode: 2929/5000 | Episode reward:  1096.79 | Episode steps: 2500 | Average reward:  1118.89 | Step Count: 3964990 | Episode Q0:    33.75
Episode: 2930/5000 | Episode reward:   989.23 | Episode steps: 2500 | Average reward:  1103.93 | Step Count: 3967490 | Episode Q0:    33.75
Episode: 2931/5000 | Episode reward:  1060.49 | Episode steps: 2500 | Average reward:  1089.92 | Step Count: 3969990 | Episode Q0:    33.75
Episode: 2932/5000 | Episode reward:  1060.37 | Episode steps: 2500 | Average reward:  1077.10 | Step Count: 3972490 | Episode Q0:    33.75
Episode: 2933/5000 | Episode reward:  1024.26 | Episode steps: 2500 | Average reward:  1069.59 | Step Count: 3974990 | Episode Q0:    33.75
Episode: 2934/5000 | Episode reward:  1085.10 | Episode steps: 2500 | Average reward:  1067.52 | Step Count: 3977490 | Episode Q0:    33.75
Episode: 2935/5000 | Episode reward:  1151.02 | Episode steps: 2500 | Average reward:  1077.48 | Step Count: 3979990 | Episode Q0:    33.75
Episode: 2936/5000 | Episode reward:  1067.42 | Episode steps: 2500 | Average reward:  1074.57 | Step Count: 3982490 | Episode Q0:    33.75
Episode: 2937/5000 | Episode reward:  1073.16 | Episode steps: 2500 | Average reward:  1071.86 | Step Count: 3984990 | Episode Q0:    33.75
Episode: 2938/5000 | Episode reward:  1124.43 | Episode steps: 2500 | Average reward:  1073.23 | Step Count: 3987490 | Episode Q0:    33.75
Episode: 2939/5000 | Episode reward:  1091.11 | Episode steps: 2500 | Average reward:  1072.66 | Step Count: 3989990 | Episode Q0:    33.75
Episode: 2940/5000 | Episode reward:  1089.11 | Episode steps: 2500 | Average reward:  1082.65 | Step Count: 3992490 | Episode Q0:    33.75
Episode: 2941/5000 | Episode reward:  1159.77 | Episode steps: 2500 | Average reward:  1092.57 | Step Count: 3994990 | Episode Q0:    33.75
Episode: 2942/5000 | Episode reward:  1031.50 | Episode steps: 2500 | Average reward:  1089.69 | Step Count: 3997490 | Episode Q0:    33.75
Episode: 2943/5000 | Episode reward:  1085.19 | Episode steps: 2500 | Average reward:  1095.78 | Step Count: 3999990 | Episode Q0:    33.75
Episode: 2944/5000 | Episode reward:   954.33 | Episode steps: 2500 | Average reward:  1082.70 | Step Count: 4002490 | Episode Q0:    37.79
Episode: 2945/5000 | Episode reward:   945.50 | Episode steps: 2500 | Average reward:  1062.15 | Step Count: 4004990 | Episode Q0:    37.79
Episode: 2946/5000 | Episode reward:  1016.05 | Episode steps: 2500 | Average reward:  1057.01 | Step Count: 4007490 | Episode Q0:    37.79
Episode: 2947/5000 | Episode reward:   993.36 | Episode steps: 2500 | Average reward:  1049.04 | Step Count: 4009990 | Episode Q0:    37.79
Episode: 2948/5000 | Episode reward:  1047.02 | Episode steps: 2500 | Average reward:  1041.29 | Step Count: 4012490 | Episode Q0:    37.79
Episode: 2949/5000 | Episode reward:  1110.31 | Episode steps: 2500 | Average reward:  1043.21 | Step Count: 4014990 | Episode Q0:    37.79
Episode: 2950/5000 | Episode reward:  1039.89 | Episode steps: 2500 | Average reward:  1038.29 | Step Count: 4017490 | Episode Q0:    37.79
Episode: 2951/5000 | Episode reward:   968.20 | Episode steps: 2500 | Average reward:  1019.13 | Step Count: 4019990 | Episode Q0:    37.79
Episode: 2952/5000 | Episode reward:  1029.65 | Episode steps: 2500 | Average reward:  1018.95 | Step Count: 4022490 | Episode Q0:    37.79
Episode: 2953/5000 | Episode reward:  1080.04 | Episode steps: 2500 | Average reward:  1018.43 | Step Count: 4024990 | Episode Q0:    37.79
Episode: 2954/5000 | Episode reward:  1124.35 | Episode steps: 2500 | Average reward:  1035.44 | Step Count: 4027490 | Episode Q0:    37.79
Episode: 2955/5000 | Episode reward:  1055.36 | Episode steps: 2500 | Average reward:  1046.42 | Step Count: 4029990 | Episode Q0:    37.79
Episode: 2956/5000 | Episode reward:  1037.75 | Episode steps: 2500 | Average reward:  1048.59 | Step Count: 4032490 | Episode Q0:    37.79
Episode: 2957/5000 | Episode reward:  1046.87 | Episode steps: 2500 | Average reward:  1053.94 | Step Count: 4034990 | Episode Q0:    37.79
Episode: 2958/5000 | Episode reward:  1068.92 | Episode steps: 2500 | Average reward:  1056.13 | Step Count: 4037490 | Episode Q0:    37.79
Episode: 2959/5000 | Episode reward:   960.52 | Episode steps: 2500 | Average reward:  1041.15 | Step Count: 4039990 | Episode Q0:    37.79
Episode: 2960/5000 | Episode reward:  1011.85 | Episode steps: 2500 | Average reward:  1038.35 | Step Count: 4042490 | Episode Q0:    37.79
Episode: 2961/5000 | Episode reward:  1040.02 | Episode steps: 2500 | Average reward:  1045.53 | Step Count: 4044990 | Episode Q0:    37.79
Episode: 2962/5000 | Episode reward:  1081.26 | Episode steps: 2500 | Average reward:  1050.69 | Step Count: 4047490 | Episode Q0:    37.79
Episode: 2963/5000 | Episode reward:  1021.26 | Episode steps: 2500 | Average reward:  1044.82 | Step Count: 4049990 | Episode Q0:    37.79
Episode: 2964/5000 | Episode reward:  1034.73 | Episode steps: 2500 | Average reward:  1035.85 | Step Count: 4052490 | Episode Q0:    37.79
Episode: 2965/5000 | Episode reward:   932.28 | Episode steps: 2500 | Average reward:  1023.55 | Step Count: 4054990 | Episode Q0:    37.79
Episode: 2966/5000 | Episode reward:  1043.71 | Episode steps: 2500 | Average reward:  1024.14 | Step Count: 4057490 | Episode Q0:    37.79
Episode: 2967/5000 | Episode reward:  1030.72 | Episode steps: 2500 | Average reward:  1022.53 | Step Count: 4059990 | Episode Q0:    37.79
Episode: 2968/5000 | Episode reward:  1050.89 | Episode steps: 2500 | Average reward:  1020.72 | Step Count: 4062490 | Episode Q0:    37.79
Episode: 2969/5000 | Episode reward:  1080.15 | Episode steps: 2500 | Average reward:  1032.69 | Step Count: 4064990 | Episode Q0:    35.09
Episode: 2970/5000 | Episode reward:   939.31 | Episode steps: 2500 | Average reward:  1025.43 | Step Count: 4067490 | Episode Q0:    35.09
Episode: 2971/5000 | Episode reward:   995.17 | Episode steps: 2500 | Average reward:  1020.95 | Step Count: 4069990 | Episode Q0:    35.09
Episode: 2972/5000 | Episode reward:   968.32 | Episode steps: 2500 | Average reward:  1009.66 | Step Count: 4072490 | Episode Q0:    35.09
Episode: 2973/5000 | Episode reward:   960.83 | Episode steps: 2500 | Average reward:  1003.61 | Step Count: 4074990 | Episode Q0:    35.09
Episode: 2974/5000 | Episode reward:  1045.88 | Episode steps: 2500 | Average reward:  1004.73 | Step Count: 4077490 | Episode Q0:    35.09
Episode: 2975/5000 | Episode reward:   968.80 | Episode steps: 2500 | Average reward:  1008.38 | Step Count: 4079990 | Episode Q0:    35.09
Episode: 2976/5000 | Episode reward:   970.05 | Episode steps: 2500 | Average reward:  1001.01 | Step Count: 4082490 | Episode Q0:    35.09
Episode: 2977/5000 | Episode reward:   989.17 | Episode steps: 2500 | Average reward:   996.86 | Step Count: 4084990 | Episode Q0:    35.09
Episode: 2978/5000 | Episode reward:  1010.73 | Episode steps: 2500 | Average reward:   992.84 | Step Count: 4087490 | Episode Q0:    35.09
Episode: 2979/5000 | Episode reward:  1079.73 | Episode steps: 2500 | Average reward:   992.80 | Step Count: 4089990 | Episode Q0:    35.09
Episode: 2980/5000 | Episode reward:  1071.10 | Episode steps: 2500 | Average reward:  1005.98 | Step Count: 4092490 | Episode Q0:    35.09
Episode: 2981/5000 | Episode reward:  1050.17 | Episode steps: 2500 | Average reward:  1011.48 | Step Count: 4094990 | Episode Q0:    35.09
Episode: 2982/5000 | Episode reward:   972.67 | Episode steps: 2500 | Average reward:  1011.91 | Step Count: 4097490 | Episode Q0:    35.09
Episode: 2983/5000 | Episode reward:   993.25 | Episode steps: 2500 | Average reward:  1015.16 | Step Count: 4099990 | Episode Q0:    35.09
Episode: 2984/5000 | Episode reward:  1075.42 | Episode steps: 2500 | Average reward:  1018.11 | Step Count: 4102490 | Episode Q0:    35.09
Episode: 2985/5000 | Episode reward:  1073.15 | Episode steps: 2500 | Average reward:  1028.55 | Step Count: 4104990 | Episode Q0:    35.09
Episode: 2986/5000 | Episode reward:   981.66 | Episode steps: 2500 | Average reward:  1029.71 | Step Count: 4107490 | Episode Q0:    35.09
Episode: 2987/5000 | Episode reward:   938.60 | Episode steps: 2500 | Average reward:  1024.65 | Step Count: 4109990 | Episode Q0:    35.09
Episode: 2988/5000 | Episode reward:   898.07 | Episode steps: 2500 | Average reward:  1013.38 | Step Count: 4112490 | Episode Q0:    34.57
Episode: 2989/5000 | Episode reward:   879.92 | Episode steps: 2500 | Average reward:   993.40 | Step Count: 4114990 | Episode Q0:    34.57
Episode: 2990/5000 | Episode reward:   980.93 | Episode steps: 2500 | Average reward:   984.38 | Step Count: 4117490 | Episode Q0:    34.57
Episode: 2991/5000 | Episode reward:  1013.92 | Episode steps: 2500 | Average reward:   980.76 | Step Count: 4119990 | Episode Q0:    34.57
Episode: 2992/5000 | Episode reward:  1049.93 | Episode steps: 2500 | Average reward:   988.48 | Step Count: 4122490 | Episode Q0:    34.57
Episode: 2993/5000 | Episode reward:   923.36 | Episode steps: 2500 | Average reward:   981.50 | Step Count: 4124990 | Episode Q0:    34.57
Episode: 2994/5000 | Episode reward:  1008.86 | Episode steps: 2500 | Average reward:   974.84 | Step Count: 4127490 | Episode Q0:    34.57
Episode: 2995/5000 | Episode reward:   892.97 | Episode steps: 2500 | Average reward:   956.82 | Step Count: 4129990 | Episode Q0:    34.57
Episode: 2996/5000 | Episode reward:   864.62 | Episode steps: 2500 | Average reward:   945.12 | Step Count: 4132490 | Episode Q0:    34.57
Episode: 2997/5000 | Episode reward:   898.49 | Episode steps: 2500 | Average reward:   941.11 | Step Count: 4134990 | Episode Q0:    34.57
Episode: 2998/5000 | Episode reward:   908.22 | Episode steps: 2500 | Average reward:   942.12 | Step Count: 4137490 | Episode Q0:    34.57
Episode: 2999/5000 | Episode reward:   921.65 | Episode steps: 2500 | Average reward:   946.29 | Step Count: 4139990 | Episode Q0:    34.57
Episode: 3000/5000 | Episode reward:   945.21 | Episode steps: 2500 | Average reward:   942.72 | Step Count: 4142490 | Episode Q0:    34.57
Episode: 3001/5000 | Episode reward:  1044.89 | Episode steps: 2500 | Average reward:   945.82 | Step Count: 4144990 | Episode Q0:    34.57
Episode: 3002/5000 | Episode reward:  1026.97 | Episode steps: 2500 | Average reward:   943.52 | Step Count: 4147490 | Episode Q0:    34.57
Episode: 3003/5000 | Episode reward:   888.79 | Episode steps: 2500 | Average reward:   940.07 | Step Count: 4149990 | Episode Q0:    34.57
Episode: 3004/5000 | Episode reward:   934.28 | Episode steps: 2500 | Average reward:   932.61 | Step Count: 4152490 | Episode Q0:    34.57
Episode: 3005/5000 | Episode reward:   893.41 | Episode steps: 2500 | Average reward:   932.65 | Step Count: 4154990 | Episode Q0:    34.57
Episode: 3006/5000 | Episode reward:   998.56 | Episode steps: 2500 | Average reward:   946.05 | Step Count: 4157490 | Episode Q0:    34.57
Episode: 3007/5000 | Episode reward:   923.72 | Episode steps: 2500 | Average reward:   948.57 | Step Count: 4159990 | Episode Q0:    34.57
Episode: 3008/5000 | Episode reward:   903.46 | Episode steps: 2500 | Average reward:   948.09 | Step Count: 4162490 | Episode Q0:    34.57
Episode: 3009/5000 | Episode reward:   896.90 | Episode steps: 2500 | Average reward:   945.62 | Step Count: 4164990 | Episode Q0:    34.57
Episode: 3010/5000 | Episode reward:   895.33 | Episode steps: 2500 | Average reward:   940.63 | Step Count: 4167490 | Episode Q0:    34.57
Episode: 3011/5000 | Episode reward:   910.79 | Episode steps: 2500 | Average reward:   927.22 | Step Count: 4169990 | Episode Q0:    34.57
Episode: 3012/5000 | Episode reward:   894.64 | Episode steps: 2500 | Average reward:   913.99 | Step Count: 4172490 | Episode Q0:    34.57
Episode: 3013/5000 | Episode reward:  1106.79 | Episode steps: 2500 | Average reward:   935.79 | Step Count: 4174990 | Episode Q0:    34.55
Episode: 3014/5000 | Episode reward:   951.49 | Episode steps: 2500 | Average reward:   937.51 | Step Count: 4177490 | Episode Q0:    34.55
Episode: 3015/5000 | Episode reward:  1008.24 | Episode steps: 2500 | Average reward:   948.99 | Step Count: 4179990 | Episode Q0:    34.55
Episode: 3016/5000 | Episode reward:   989.22 | Episode steps: 2500 | Average reward:   948.06 | Step Count: 4182490 | Episode Q0:    34.55
Episode: 3017/5000 | Episode reward:   996.54 | Episode steps: 2500 | Average reward:   955.34 | Step Count: 4184990 | Episode Q0:    34.55
Episode: 3018/5000 | Episode reward:   919.59 | Episode steps: 2500 | Average reward:   956.95 | Step Count: 4187490 | Episode Q0:    34.55
Episode: 3019/5000 | Episode reward:  1092.41 | Episode steps: 2500 | Average reward:   976.50 | Step Count: 4189990 | Episode Q0:    34.55
Episode: 3020/5000 | Episode reward:  1097.27 | Episode steps: 2500 | Average reward:   996.70 | Step Count: 4192490 | Episode Q0:    34.55
Episode: 3021/5000 | Episode reward:  1019.40 | Episode steps: 2500 | Average reward:  1007.56 | Step Count: 4194990 | Episode Q0:    34.55
Episode: 3022/5000 | Episode reward:   981.62 | Episode steps: 2500 | Average reward:  1016.26 | Step Count: 4197490 | Episode Q0:    34.55
Episode: 3023/5000 | Episode reward:  1080.68 | Episode steps: 2500 | Average reward:  1013.65 | Step Count: 4199990 | Episode Q0:    34.55
Episode: 3024/5000 | Episode reward:  1016.39 | Episode steps: 2500 | Average reward:  1020.14 | Step Count: 4202490 | Episode Q0:    34.55
Episode: 3025/5000 | Episode reward:  1043.50 | Episode steps: 2500 | Average reward:  1023.66 | Step Count: 4204990 | Episode Q0:    34.55
Episode: 3026/5000 | Episode reward:  1047.57 | Episode steps: 2500 | Average reward:  1029.50 | Step Count: 4207490 | Episode Q0:    34.55
Episode: 3027/5000 | Episode reward:  1052.35 | Episode steps: 2500 | Average reward:  1035.08 | Step Count: 4209990 | Episode Q0:    34.55
Episode: 3028/5000 | Episode reward:   982.16 | Episode steps: 2500 | Average reward:  1041.34 | Step Count: 4212490 | Episode Q0:    34.55
Episode: 3029/5000 | Episode reward:   263.46 | Episode steps:  782 | Average reward:   958.44 | Step Count: 4213272 | Episode Q0:    34.55
Episode: 3030/5000 | Episode reward:   457.15 | Episode steps: 1224 | Average reward:   894.43 | Step Count: 4214496 | Episode Q0:    34.55
Episode: 3031/5000 | Episode reward:   984.06 | Episode steps: 2500 | Average reward:   890.90 | Step Count: 4216996 | Episode Q0:    34.55
Episode: 3032/5000 | Episode reward:   229.69 | Episode steps:  742 | Average reward:   815.70 | Step Count: 4217738 | Episode Q0:    36.60
Episode: 3033/5000 | Episode reward:  1078.44 | Episode steps: 2500 | Average reward:   815.48 | Step Count: 4220238 | Episode Q0:    36.60
Episode: 3034/5000 | Episode reward:  1043.72 | Episode steps: 2500 | Average reward:   818.21 | Step Count: 4222738 | Episode Q0:    36.60
Episode: 3035/5000 | Episode reward:  1090.32 | Episode steps: 2500 | Average reward:   822.89 | Step Count: 4225238 | Episode Q0:    36.60
Episode: 3036/5000 | Episode reward:  1089.55 | Episode steps: 2500 | Average reward:   827.09 | Step Count: 4227738 | Episode Q0:    36.60
Episode: 3037/5000 | Episode reward:  1063.96 | Episode steps: 2500 | Average reward:   828.25 | Step Count: 4230238 | Episode Q0:    36.60
Episode: 3038/5000 | Episode reward:  1063.53 | Episode steps: 2500 | Average reward:   836.39 | Step Count: 4232738 | Episode Q0:    36.60
Episode: 3039/5000 | Episode reward:  1008.74 | Episode steps: 2500 | Average reward:   910.92 | Step Count: 4235238 | Episode Q0:    36.60
Episode: 3040/5000 | Episode reward:  1010.60 | Episode steps: 2500 | Average reward:   966.26 | Step Count: 4237738 | Episode Q0:    36.60
Episode: 3041/5000 | Episode reward:  1075.81 | Episode steps: 2500 | Average reward:   975.44 | Step Count: 4240238 | Episode Q0:    36.60
Episode: 3042/5000 | Episode reward:  1093.16 | Episode steps: 2500 | Average reward:  1061.78 | Step Count: 4242738 | Episode Q0:    36.60
Episode: 3043/5000 | Episode reward:  1027.44 | Episode steps: 2500 | Average reward:  1056.68 | Step Count: 4245238 | Episode Q0:    36.60
Episode: 3044/5000 | Episode reward:  1035.06 | Episode steps: 2500 | Average reward:  1055.82 | Step Count: 4247738 | Episode Q0:    36.60
Episode: 3045/5000 | Episode reward:  1099.05 | Episode steps: 2500 | Average reward:  1056.69 | Step Count: 4250238 | Episode Q0:    36.60
Episode: 3046/5000 | Episode reward:  1013.09 | Episode steps: 2500 | Average reward:  1049.04 | Step Count: 4252738 | Episode Q0:    36.60
Episode: 3047/5000 | Episode reward:   974.38 | Episode steps: 2500 | Average reward:  1040.09 | Step Count: 4255238 | Episode Q0:    36.60
Episode: 3048/5000 | Episode reward:  1051.59 | Episode steps: 2500 | Average reward:  1038.89 | Step Count: 4257738 | Episode Q0:    36.60
Episode: 3049/5000 | Episode reward:  1086.29 | Episode steps: 2500 | Average reward:  1046.65 | Step Count: 4260238 | Episode Q0:    36.60
Episode: 3050/5000 | Episode reward:  1063.12 | Episode steps: 2500 | Average reward:  1051.90 | Step Count: 4262738 | Episode Q0:    36.60
Episode: 3051/5000 | Episode reward:  1080.87 | Episode steps: 2500 | Average reward:  1052.40 | Step Count: 4265238 | Episode Q0:    36.60
Episode: 3052/5000 | Episode reward:  1057.36 | Episode steps: 2500 | Average reward:  1048.82 | Step Count: 4267738 | Episode Q0:    36.60
Episode: 3053/5000 | Episode reward:   994.02 | Episode steps: 2500 | Average reward:  1045.48 | Step Count: 4270238 | Episode Q0:    36.60
Episode: 3054/5000 | Episode reward:   990.75 | Episode steps: 2500 | Average reward:  1041.05 | Step Count: 4272738 | Episode Q0:    36.60
Episode: 3055/5000 | Episode reward:  1019.78 | Episode steps: 2500 | Average reward:  1033.13 | Step Count: 4275238 | Episode Q0:    36.60
Episode: 3056/5000 | Episode reward:  1066.01 | Episode steps: 2500 | Average reward:  1038.42 | Step Count: 4277738 | Episode Q0:    36.60
Episode: 3057/5000 | Episode reward:   940.40 | Episode steps: 2500 | Average reward:  1035.02 | Step Count: 4280238 | Episode Q0:    37.11
Episode: 3058/5000 | Episode reward:   826.22 | Episode steps: 2500 | Average reward:  1012.48 | Step Count: 4282738 | Episode Q0:    37.11
Episode: 3059/5000 | Episode reward:   911.09 | Episode steps: 2500 | Average reward:   994.96 | Step Count: 4285238 | Episode Q0:    37.11
Episode: 3060/5000 | Episode reward:   901.92 | Episode steps: 2500 | Average reward:   978.84 | Step Count: 4287738 | Episode Q0:    37.11
Episode: 3061/5000 | Episode reward:   963.87 | Episode steps: 2500 | Average reward:   967.14 | Step Count: 4290238 | Episode Q0:    37.11
Episode: 3062/5000 | Episode reward:   892.75 | Episode steps: 2500 | Average reward:   950.68 | Step Count: 4292738 | Episode Q0:    37.11
Episode: 3063/5000 | Episode reward:   865.23 | Episode steps: 2500 | Average reward:   937.80 | Step Count: 4295238 | Episode Q0:    37.11
Episode: 3064/5000 | Episode reward:   931.56 | Episode steps: 2500 | Average reward:   931.88 | Step Count: 4297738 | Episode Q0:    37.11
Episode: 3065/5000 | Episode reward:   941.06 | Episode steps: 2500 | Average reward:   924.01 | Step Count: 4300238 | Episode Q0:    37.11
Episode: 3066/5000 | Episode reward:   991.86 | Episode steps: 2500 | Average reward:   916.60 | Step Count: 4302738 | Episode Q0:    37.11
Episode: 3067/5000 | Episode reward:   868.35 | Episode steps: 2500 | Average reward:   909.39 | Step Count: 4305238 | Episode Q0:    37.11
Episode: 3068/5000 | Episode reward:   924.14 | Episode steps: 2500 | Average reward:   919.18 | Step Count: 4307738 | Episode Q0:    37.11
Episode: 3069/5000 | Episode reward:   818.64 | Episode steps: 2500 | Average reward:   909.94 | Step Count: 4310238 | Episode Q0:    37.11
Episode: 3070/5000 | Episode reward:   793.15 | Episode steps: 2500 | Average reward:   899.06 | Step Count: 4312738 | Episode Q0:    37.11
Episode: 3071/5000 | Episode reward:   939.55 | Episode steps: 2500 | Average reward:   896.63 | Step Count: 4315238 | Episode Q0:    37.11
Episode: 3072/5000 | Episode reward:   833.59 | Episode steps: 2500 | Average reward:   890.71 | Step Count: 4317738 | Episode Q0:    37.11
Episode: 3073/5000 | Episode reward:   955.68 | Episode steps: 2500 | Average reward:   899.76 | Step Count: 4320238 | Episode Q0:    37.11
Episode: 3074/5000 | Episode reward:   924.48 | Episode steps: 2500 | Average reward:   899.05 | Step Count: 4322738 | Episode Q0:    37.11
Episode: 3075/5000 | Episode reward:   965.00 | Episode steps: 2500 | Average reward:   901.44 | Step Count: 4325238 | Episode Q0:    37.11
Episode: 3076/5000 | Episode reward:   920.87 | Episode steps: 2500 | Average reward:   894.35 | Step Count: 4327738 | Episode Q0:    37.13
Episode: 3077/5000 | Episode reward:   936.99 | Episode steps: 2500 | Average reward:   901.21 | Step Count: 4330238 | Episode Q0:    37.13
Episode: 3078/5000 | Episode reward:   904.98 | Episode steps: 2500 | Average reward:   899.29 | Step Count: 4332738 | Episode Q0:    37.13
Episode: 3079/5000 | Episode reward:   947.99 | Episode steps: 2500 | Average reward:   912.23 | Step Count: 4335238 | Episode Q0:    37.13
Episode: 3080/5000 | Episode reward:   904.37 | Episode steps: 2500 | Average reward:   923.35 | Step Count: 4337738 | Episode Q0:    37.13
Episode: 3081/5000 | Episode reward:   960.10 | Episode steps: 2500 | Average reward:   925.41 | Step Count: 4340238 | Episode Q0:    37.13
Episode: 3082/5000 | Episode reward:   823.46 | Episode steps: 2500 | Average reward:   924.39 | Step Count: 4342738 | Episode Q0:    37.13
Episode: 3083/5000 | Episode reward:   933.36 | Episode steps: 2500 | Average reward:   922.16 | Step Count: 4345238 | Episode Q0:    37.13
Episode: 3084/5000 | Episode reward:   922.34 | Episode steps: 2500 | Average reward:   921.95 | Step Count: 4347738 | Episode Q0:    37.13
Episode: 3085/5000 | Episode reward:   903.20 | Episode steps: 2500 | Average reward:   915.77 | Step Count: 4350238 | Episode Q0:    37.13
Episode: 3086/5000 | Episode reward:   897.91 | Episode steps: 2500 | Average reward:   913.47 | Step Count: 4352738 | Episode Q0:    37.13
Episode: 3087/5000 | Episode reward:   807.96 | Episode steps: 2500 | Average reward:   900.57 | Step Count: 4355238 | Episode Q0:    37.13
Episode: 3088/5000 | Episode reward:   890.84 | Episode steps: 2500 | Average reward:   899.15 | Step Count: 4357738 | Episode Q0:    37.13
Episode: 3089/5000 | Episode reward:   937.04 | Episode steps: 2500 | Average reward:   898.06 | Step Count: 4360238 | Episode Q0:    37.13
Episode: 3090/5000 | Episode reward:   928.68 | Episode steps: 2500 | Average reward:   900.49 | Step Count: 4362738 | Episode Q0:    37.13
Episode: 3091/5000 | Episode reward:   947.05 | Episode steps: 2500 | Average reward:   899.18 | Step Count: 4365238 | Episode Q0:    37.13
Episode: 3092/5000 | Episode reward:   825.06 | Episode steps: 2500 | Average reward:   899.34 | Step Count: 4367738 | Episode Q0:    37.13
Episode: 3093/5000 | Episode reward:   828.07 | Episode steps: 2500 | Average reward:   888.81 | Step Count: 4370238 | Episode Q0:    37.13
Episode: 3094/5000 | Episode reward:   850.18 | Episode steps: 2500 | Average reward:   881.60 | Step Count: 4372738 | Episode Q0:    37.13
Episode: 3095/5000 | Episode reward:   884.34 | Episode steps: 2500 | Average reward:   879.71 | Step Count: 4375238 | Episode Q0:    37.13
Episode: 3096/5000 | Episode reward:   933.58 | Episode steps: 2500 | Average reward:   883.28 | Step Count: 4377738 | Episode Q0:    37.13
Episode: 3097/5000 | Episode reward:   885.04 | Episode steps: 2500 | Average reward:   890.99 | Step Count: 4380238 | Episode Q0:    37.13
Episode: 3098/5000 | Episode reward:   841.10 | Episode steps: 2500 | Average reward:   886.01 | Step Count: 4382738 | Episode Q0:    37.13
Episode: 3099/5000 | Episode reward:   939.67 | Episode steps: 2500 | Average reward:   886.28 | Step Count: 4385238 | Episode Q0:    37.13
Episode: 3100/5000 | Episode reward:   949.60 | Episode steps: 2500 | Average reward:   888.37 | Step Count: 4387738 | Episode Q0:    37.13
Episode: 3101/5000 | Episode reward:   970.35 | Episode steps: 2500 | Average reward:   890.70 | Step Count: 4390238 | Episode Q0:    34.37
Episode: 3102/5000 | Episode reward:   941.94 | Episode steps: 2500 | Average reward:   902.39 | Step Count: 4392738 | Episode Q0:    34.37
Episode: 3103/5000 | Episode reward:   944.48 | Episode steps: 2500 | Average reward:   914.03 | Step Count: 4395238 | Episode Q0:    34.37
Episode: 3104/5000 | Episode reward:   912.56 | Episode steps: 2500 | Average reward:   920.27 | Step Count: 4397738 | Episode Q0:    34.37
Episode: 3105/5000 | Episode reward:   925.58 | Episode steps: 2500 | Average reward:   924.39 | Step Count: 4400238 | Episode Q0:    34.37
Episode: 3106/5000 | Episode reward:   939.10 | Episode steps: 2500 | Average reward:   924.94 | Step Count: 4402738 | Episode Q0:    34.37
Episode: 3107/5000 | Episode reward:   984.81 | Episode steps: 2500 | Average reward:   934.92 | Step Count: 4405238 | Episode Q0:    34.37
Episode: 3108/5000 | Episode reward:   981.02 | Episode steps: 2500 | Average reward:   948.91 | Step Count: 4407738 | Episode Q0:    34.37
Episode: 3109/5000 | Episode reward:   955.42 | Episode steps: 2500 | Average reward:   950.49 | Step Count: 4410238 | Episode Q0:    34.37
Episode: 3110/5000 | Episode reward:   965.15 | Episode steps: 2500 | Average reward:   952.04 | Step Count: 4412738 | Episode Q0:    34.37
Episode: 3111/5000 | Episode reward:   998.73 | Episode steps: 2500 | Average reward:   954.88 | Step Count: 4415238 | Episode Q0:    34.37
Episode: 3112/5000 | Episode reward:   971.84 | Episode steps: 2500 | Average reward:   957.87 | Step Count: 4417738 | Episode Q0:    34.37
Episode: 3113/5000 | Episode reward:   960.44 | Episode steps: 2500 | Average reward:   959.46 | Step Count: 4420238 | Episode Q0:    34.37
Episode: 3114/5000 | Episode reward:   967.96 | Episode steps: 2500 | Average reward:   965.00 | Step Count: 4422738 | Episode Q0:    34.37
Episode: 3115/5000 | Episode reward:   989.63 | Episode steps: 2500 | Average reward:   971.41 | Step Count: 4425238 | Episode Q0:    34.37
Episode: 3116/5000 | Episode reward:   926.19 | Episode steps: 2500 | Average reward:   970.12 | Step Count: 4427738 | Episode Q0:    34.37
Episode: 3117/5000 | Episode reward:   852.08 | Episode steps: 2500 | Average reward:   956.85 | Step Count: 4430238 | Episode Q0:    34.37
Episode: 3118/5000 | Episode reward:   907.86 | Episode steps: 2500 | Average reward:   949.53 | Step Count: 4432738 | Episode Q0:    34.37
Episode: 3119/5000 | Episode reward:  1049.76 | Episode steps: 2500 | Average reward:   958.96 | Step Count: 4435238 | Episode Q0:    34.37
Episode: 3120/5000 | Episode reward:   723.21 | Episode steps: 2500 | Average reward:   934.77 | Step Count: 4437738 | Episode Q0:    36.24
Episode: 3121/5000 | Episode reward:   859.79 | Episode steps: 2500 | Average reward:   920.88 | Step Count: 4440238 | Episode Q0:    36.24
Episode: 3122/5000 | Episode reward:   801.48 | Episode steps: 2500 | Average reward:   903.84 | Step Count: 4442738 | Episode Q0:    36.24
Episode: 3123/5000 | Episode reward:   801.44 | Episode steps: 2500 | Average reward:   887.94 | Step Count: 4445238 | Episode Q0:    36.24
Episode: 3124/5000 | Episode reward:   845.32 | Episode steps: 2500 | Average reward:   875.68 | Step Count: 4447738 | Episode Q0:    36.24
Episode: 3125/5000 | Episode reward:   651.79 | Episode steps: 2500 | Average reward:   841.89 | Step Count: 4450238 | Episode Q0:    36.24
Episode: 3126/5000 | Episode reward:   744.63 | Episode steps: 2500 | Average reward:   823.74 | Step Count: 4452738 | Episode Q0:    36.24
Episode: 3127/5000 | Episode reward:   693.96 | Episode steps: 2500 | Average reward:   807.92 | Step Count: 4455238 | Episode Q0:    36.24
Episode: 3128/5000 | Episode reward:   752.15 | Episode steps: 2500 | Average reward:   792.35 | Step Count: 4457738 | Episode Q0:    36.24
Episode: 3129/5000 | Episode reward:   806.99 | Episode steps: 2500 | Average reward:   768.08 | Step Count: 4460238 | Episode Q0:    36.24
Episode: 3130/5000 | Episode reward:   791.24 | Episode steps: 2500 | Average reward:   774.88 | Step Count: 4462738 | Episode Q0:    36.24
Episode: 3131/5000 | Episode reward:   770.66 | Episode steps: 2500 | Average reward:   765.97 | Step Count: 4465238 | Episode Q0:    36.24
Episode: 3132/5000 | Episode reward:   785.12 | Episode steps: 2500 | Average reward:   764.33 | Step Count: 4467738 | Episode Q0:    36.24
Episode: 3133/5000 | Episode reward:   766.06 | Episode steps: 2500 | Average reward:   760.79 | Step Count: 4470238 | Episode Q0:    36.24
Episode: 3134/5000 | Episode reward:   727.27 | Episode steps: 2500 | Average reward:   748.99 | Step Count: 4472738 | Episode Q0:    36.24
Episode: 3135/5000 | Episode reward:   749.54 | Episode steps: 2500 | Average reward:   758.76 | Step Count: 4475238 | Episode Q0:    36.24
Episode: 3136/5000 | Episode reward:   803.28 | Episode steps: 2500 | Average reward:   764.63 | Step Count: 4477738 | Episode Q0:    36.24
Episode: 3137/5000 | Episode reward:   789.78 | Episode steps: 2500 | Average reward:   774.21 | Step Count: 4480238 | Episode Q0:    36.24
Episode: 3138/5000 | Episode reward:   839.10 | Episode steps: 2500 | Average reward:   782.90 | Step Count: 4482738 | Episode Q0:    36.24
Episode: 3139/5000 | Episode reward:   857.10 | Episode steps: 2500 | Average reward:   787.91 | Step Count: 4485238 | Episode Q0:    36.24
Episode: 3140/5000 | Episode reward:   866.41 | Episode steps: 2500 | Average reward:   795.43 | Step Count: 4487738 | Episode Q0:    36.24
Episode: 3141/5000 | Episode reward:   735.14 | Episode steps: 2500 | Average reward:   791.88 | Step Count: 4490238 | Episode Q0:    36.24
Episode: 3142/5000 | Episode reward:   771.29 | Episode steps: 2500 | Average reward:   790.50 | Step Count: 4492738 | Episode Q0:    36.24
Episode: 3143/5000 | Episode reward:   737.55 | Episode steps: 2500 | Average reward:   787.65 | Step Count: 4495238 | Episode Q0:    36.24
Episode: 3144/5000 | Episode reward:   786.84 | Episode steps: 2500 | Average reward:   793.60 | Step Count: 4497738 | Episode Q0:    36.24
Episode: 3145/5000 | Episode reward:   824.42 | Episode steps: 2500 | Average reward:   801.09 | Step Count: 4500238 | Episode Q0:    35.67
Episode: 3146/5000 | Episode reward:   886.78 | Episode steps: 2500 | Average reward:   809.44 | Step Count: 4502738 | Episode Q0:    35.67
Episode: 3147/5000 | Episode reward:   436.50 | Episode steps: 1294 | Average reward:   774.11 | Step Count: 4504032 | Episode Q0:    35.67
Episode: 3148/5000 | Episode reward:   822.23 | Episode steps: 2500 | Average reward:   772.43 | Step Count: 4506532 | Episode Q0:    35.67
Episode: 3149/5000 | Episode reward:   775.94 | Episode steps: 2500 | Average reward:   764.31 | Step Count: 4509032 | Episode Q0:    35.67
Episode: 3150/5000 | Episode reward:   774.80 | Episode steps: 2500 | Average reward:   755.15 | Step Count: 4511532 | Episode Q0:    35.67
Episode: 3151/5000 | Episode reward:   786.52 | Episode steps: 2500 | Average reward:   760.29 | Step Count: 4514032 | Episode Q0:    35.67
Episode: 3152/5000 | Episode reward:   874.46 | Episode steps: 2500 | Average reward:   770.60 | Step Count: 4516532 | Episode Q0:    35.67
Episode: 3153/5000 | Episode reward:   685.24 | Episode steps: 2500 | Average reward:   765.37 | Step Count: 4519032 | Episode Q0:    35.67
Episode: 3154/5000 | Episode reward:   829.71 | Episode steps: 2500 | Average reward:   769.66 | Step Count: 4521532 | Episode Q0:    35.67
Episode: 3155/5000 | Episode reward:   767.64 | Episode steps: 2500 | Average reward:   763.98 | Step Count: 4524032 | Episode Q0:    35.67
Episode: 3156/5000 | Episode reward:   676.80 | Episode steps: 2219 | Average reward:   742.99 | Step Count: 4526251 | Episode Q0:    35.67
Episode: 3157/5000 | Episode reward:   745.26 | Episode steps: 2500 | Average reward:   773.86 | Step Count: 4528751 | Episode Q0:    35.67
Episode: 3158/5000 | Episode reward:   808.18 | Episode steps: 2500 | Average reward:   772.46 | Step Count: 4531251 | Episode Q0:    35.67
Episode: 3159/5000 | Episode reward:   756.10 | Episode steps: 2500 | Average reward:   770.47 | Step Count: 4533751 | Episode Q0:    35.67
Episode: 3160/5000 | Episode reward:   755.58 | Episode steps: 2500 | Average reward:   768.55 | Step Count: 4536251 | Episode Q0:    35.67
Episode: 3161/5000 | Episode reward:   731.64 | Episode steps: 2327 | Average reward:   763.06 | Step Count: 4538578 | Episode Q0:    35.67
Episode: 3162/5000 | Episode reward:   823.88 | Episode steps: 2500 | Average reward:   758.00 | Step Count: 4541078 | Episode Q0:    35.67
Episode: 3163/5000 | Episode reward:   767.39 | Episode steps: 2500 | Average reward:   766.22 | Step Count: 4543578 | Episode Q0:    35.67
Episode: 3164/5000 | Episode reward:   215.80 | Episode steps:  905 | Average reward:   704.83 | Step Count: 4544483 | Episode Q0:    35.67
Episode: 3165/5000 | Episode reward:   803.08 | Episode steps: 2500 | Average reward:   708.37 | Step Count: 4546983 | Episode Q0:    35.66
Episode: 3166/5000 | Episode reward:   770.13 | Episode steps: 2500 | Average reward:   717.70 | Step Count: 4549483 | Episode Q0:    35.66
Episode: 3167/5000 | Episode reward:   600.31 | Episode steps: 2008 | Average reward:   703.21 | Step Count: 4551491 | Episode Q0:    35.66
Episode: 3168/5000 | Episode reward:   480.85 | Episode steps: 1615 | Average reward:   670.48 | Step Count: 4553106 | Episode Q0:    35.66
Episode: 3169/5000 | Episode reward:    88.21 | Episode steps:  351 | Average reward:   603.69 | Step Count: 4553457 | Episode Q0:    35.66
Episode: 3170/5000 | Episode reward:   216.41 | Episode steps:  854 | Average reward:   549.77 | Step Count: 4554311 | Episode Q0:    35.66
Episode: 3171/5000 | Episode reward:   716.30 | Episode steps: 2500 | Average reward:   548.23 | Step Count: 4556811 | Episode Q0:    35.66
Episode: 3172/5000 | Episode reward:   749.03 | Episode steps: 2500 | Average reward:   540.75 | Step Count: 4559311 | Episode Q0:    35.66
Episode: 3173/5000 | Episode reward:   283.62 | Episode steps:  909 | Average reward:   492.37 | Step Count: 4560220 | Episode Q0:    35.66
Episode: 3174/5000 | Episode reward:   371.31 | Episode steps: 1327 | Average reward:   507.92 | Step Count: 4561547 | Episode Q0:    35.66
Episode: 3175/5000 | Episode reward:   506.75 | Episode steps: 1507 | Average reward:   478.29 | Step Count: 4563054 | Episode Q0:    35.66
Episode: 3176/5000 | Episode reward:   751.68 | Episode steps: 2373 | Average reward:   476.45 | Step Count: 4565427 | Episode Q0:    35.66
Episode: 3177/5000 | Episode reward:   823.66 | Episode steps: 2500 | Average reward:   498.78 | Step Count: 4567927 | Episode Q0:    35.66
Episode: 3178/5000 | Episode reward:   720.59 | Episode steps: 2500 | Average reward:   522.76 | Step Count: 4570427 | Episode Q0:    35.66
Episode: 3179/5000 | Episode reward:   752.95 | Episode steps: 2500 | Average reward:   589.23 | Step Count: 4572927 | Episode Q0:    35.66
Episode: 3180/5000 | Episode reward:   500.84 | Episode steps: 1524 | Average reward:   617.67 | Step Count: 4574451 | Episode Q0:    35.66
Episode: 3181/5000 | Episode reward:   876.11 | Episode steps: 2500 | Average reward:   633.65 | Step Count: 4576951 | Episode Q0:    35.66
Episode: 3182/5000 | Episode reward:   364.81 | Episode steps: 1153 | Average reward:   595.23 | Step Count: 4578104 | Episode Q0:    35.66
Episode: 3183/5000 | Episode reward:   328.87 | Episode steps: 1080 | Average reward:   599.76 | Step Count: 4579184 | Episode Q0:    35.66
Episode: 3184/5000 | Episode reward:   350.72 | Episode steps: 1096 | Average reward:   597.70 | Step Count: 4580280 | Episode Q0:    35.66
Episode: 3185/5000 | Episode reward:   792.58 | Episode steps: 2500 | Average reward:   626.28 | Step Count: 4582780 | Episode Q0:    35.66
Episode: 3186/5000 | Episode reward:   294.50 | Episode steps: 1022 | Average reward:   580.56 | Step Count: 4583802 | Episode Q0:    35.66
Episode: 3187/5000 | Episode reward:   805.25 | Episode steps: 2500 | Average reward:   578.72 | Step Count: 4586302 | Episode Q0:    35.66
Episode: 3188/5000 | Episode reward:   774.11 | Episode steps: 2500 | Average reward:   584.07 | Step Count: 4588802 | Episode Q0:    35.66
Episode: 3189/5000 | Episode reward:    84.07 | Episode steps: 2097 | Average reward:   517.19 | Step Count: 4590899 | Episode Q0:    35.62
Episode: 3190/5000 | Episode reward:   450.54 | Episode steps: 1627 | Average reward:   512.16 | Step Count: 4592526 | Episode Q0:    35.62
Episode: 3191/5000 | Episode reward:   535.49 | Episode steps: 2046 | Average reward:   478.09 | Step Count: 4594572 | Episode Q0:    35.62
Episode: 3192/5000 | Episode reward:   411.74 | Episode steps: 1644 | Average reward:   482.79 | Step Count: 4596216 | Episode Q0:    35.62
Episode: 3193/5000 | Episode reward:   341.39 | Episode steps: 1127 | Average reward:   484.04 | Step Count: 4597343 | Episode Q0:    35.62
Episode: 3194/5000 | Episode reward:   306.99 | Episode steps:  931 | Average reward:   479.67 | Step Count: 4598274 | Episode Q0:    35.62
Episode: 3195/5000 | Episode reward:   301.34 | Episode steps: 1054 | Average reward:   430.54 | Step Count: 4599328 | Episode Q0:    35.62
Episode: 3196/5000 | Episode reward:   677.11 | Episode steps: 2500 | Average reward:   468.80 | Step Count: 4601828 | Episode Q0:    35.62
Episode: 3197/5000 | Episode reward:   124.39 | Episode steps:  622 | Average reward:   400.72 | Step Count: 4602450 | Episode Q0:    35.62
Episode: 3198/5000 | Episode reward:   760.53 | Episode steps: 2500 | Average reward:   399.36 | Step Count: 4604950 | Episode Q0:    35.62
Episode: 3199/5000 | Episode reward:   175.80 | Episode steps: 2423 | Average reward:   408.53 | Step Count: 4607373 | Episode Q0:    35.62
Episode: 3200/5000 | Episode reward:   170.83 | Episode steps:  903 | Average reward:   380.56 | Step Count: 4608276 | Episode Q0:    35.62
Episode: 3201/5000 | Episode reward:   112.71 | Episode steps:  620 | Average reward:   338.28 | Step Count: 4608896 | Episode Q0:    35.62
Episode: 3202/5000 | Episode reward:   334.63 | Episode steps:  967 | Average reward:   330.57 | Step Count: 4609863 | Episode Q0:    35.62
Episode: 3203/5000 | Episode reward:   204.41 | Episode steps: 1858 | Average reward:   316.87 | Step Count: 4611721 | Episode Q0:    35.62
Episode: 3204/5000 | Episode reward:   677.15 | Episode steps: 2500 | Average reward:   353.89 | Step Count: 4614221 | Episode Q0:    35.62
Episode: 3205/5000 | Episode reward:   207.39 | Episode steps: 1930 | Average reward:   344.49 | Step Count: 4616151 | Episode Q0:    35.62
Episode: 3206/5000 | Episode reward:   735.27 | Episode steps: 2500 | Average reward:   350.31 | Step Count: 4618651 | Episode Q0:    35.62
Episode: 3207/5000 | Episode reward:   563.18 | Episode steps: 1774 | Average reward:   394.19 | Step Count: 4620425 | Episode Q0:    35.62
Episode: 3208/5000 | Episode reward:   590.16 | Episode steps: 2346 | Average reward:   377.15 | Step Count: 4622771 | Episode Q0:    35.62
Episode: 3209/5000 | Episode reward:   227.68 | Episode steps: 2500 | Average reward:   382.34 | Step Count: 4625271 | Episode Q0:    36.82
Episode: 3210/5000 | Episode reward:   568.93 | Episode steps: 2500 | Average reward:   422.15 | Step Count: 4627771 | Episode Q0:    36.82
Episode: 3211/5000 | Episode reward:   210.36 | Episode steps: 1780 | Average reward:   431.91 | Step Count: 4629551 | Episode Q0:    36.82
Episode: 3212/5000 | Episode reward:   524.21 | Episode steps: 2500 | Average reward:   450.87 | Step Count: 4632051 | Episode Q0:    36.82
Episode: 3213/5000 | Episode reward:   559.39 | Episode steps: 2500 | Average reward:   486.37 | Step Count: 4634551 | Episode Q0:    36.82
Episode: 3214/5000 | Episode reward:   166.50 | Episode steps:  889 | Average reward:   435.31 | Step Count: 4635440 | Episode Q0:    36.82
Episode: 3215/5000 | Episode reward:   651.98 | Episode steps: 2500 | Average reward:   479.77 | Step Count: 4637940 | Episode Q0:    36.82
Episode: 3216/5000 | Episode reward:   146.90 | Episode steps:  868 | Average reward:   420.93 | Step Count: 4638808 | Episode Q0:    36.82
Episode: 3217/5000 | Episode reward:   411.80 | Episode steps: 2500 | Average reward:   405.79 | Step Count: 4641308 | Episode Q0:    36.82
Episode: 3218/5000 | Episode reward:   498.05 | Episode steps: 2263 | Average reward:   396.58 | Step Count: 4643571 | Episode Q0:    36.82
Episode: 3219/5000 | Episode reward:    44.06 | Episode steps:  475 | Average reward:   378.22 | Step Count: 4644046 | Episode Q0:    36.82
Episode: 3220/5000 | Episode reward:   210.45 | Episode steps: 1414 | Average reward:   342.37 | Step Count: 4645460 | Episode Q0:    36.82
Episode: 3221/5000 | Episode reward:   344.42 | Episode steps: 2500 | Average reward:   355.78 | Step Count: 4647960 | Episode Q0:    36.82
Episode: 3222/5000 | Episode reward:   174.06 | Episode steps:  898 | Average reward:   320.76 | Step Count: 4648858 | Episode Q0:    36.82
Episode: 3223/5000 | Episode reward:    73.78 | Episode steps:  512 | Average reward:   272.20 | Step Count: 4649370 | Episode Q0:    36.82
Episode: 3224/5000 | Episode reward:   200.73 | Episode steps: 1090 | Average reward:   275.62 | Step Count: 4650460 | Episode Q0:    36.82
Episode: 3225/5000 | Episode reward:   245.50 | Episode steps: 1653 | Average reward:   234.98 | Step Count: 4652113 | Episode Q0:    36.82
Episode: 3226/5000 | Episode reward:   399.17 | Episode steps: 2500 | Average reward:   260.20 | Step Count: 4654613 | Episode Q0:    36.82
Episode: 3227/5000 | Episode reward:   320.57 | Episode steps: 1287 | Average reward:   251.08 | Step Count: 4655900 | Episode Q0:    36.82
Episode: 3228/5000 | Episode reward:   333.50 | Episode steps: 2500 | Average reward:   234.62 | Step Count: 4658400 | Episode Q0:    36.82
Episode: 3229/5000 | Episode reward:   514.11 | Episode steps: 2500 | Average reward:   281.63 | Step Count: 4660900 | Episode Q0:    36.82
Episode: 3230/5000 | Episode reward:   285.83 | Episode steps: 2500 | Average reward:   289.17 | Step Count: 4663400 | Episode Q0:    36.82
Episode: 3231/5000 | Episode reward:   145.87 | Episode steps: 1229 | Average reward:   269.31 | Step Count: 4664629 | Episode Q0:    36.82
Episode: 3232/5000 | Episode reward:   520.68 | Episode steps: 2500 | Average reward:   303.97 | Step Count: 4667129 | Episode Q0:    36.82
Episode: 3233/5000 | Episode reward:   232.13 | Episode steps: 2500 | Average reward:   319.81 | Step Count: 4669629 | Episode Q0:    38.46
Episode: 3234/5000 | Episode reward:   374.79 | Episode steps: 2500 | Average reward:   337.21 | Step Count: 4672129 | Episode Q0:    38.46
Episode: 3235/5000 | Episode reward:   433.75 | Episode steps: 2500 | Average reward:   356.04 | Step Count: 4674629 | Episode Q0:    38.46
Episode: 3236/5000 | Episode reward:   557.42 | Episode steps: 2500 | Average reward:   371.86 | Step Count: 4677129 | Episode Q0:    38.46
Episode: 3237/5000 | Episode reward:   261.93 | Episode steps: 2500 | Average reward:   366.00 | Step Count: 4679629 | Episode Q0:    38.46
Episode: 3238/5000 | Episode reward:   301.63 | Episode steps: 2500 | Average reward:   362.81 | Step Count: 4682129 | Episode Q0:    38.46
Episode: 3239/5000 | Episode reward:   141.32 | Episode steps: 1352 | Average reward:   325.54 | Step Count: 4683481 | Episode Q0:    38.46
Episode: 3240/5000 | Episode reward:   404.12 | Episode steps: 2500 | Average reward:   337.36 | Step Count: 4685981 | Episode Q0:    38.46
Episode: 3241/5000 | Episode reward:   337.28 | Episode steps: 2500 | Average reward:   356.50 | Step Count: 4688481 | Episode Q0:    38.46
Episode: 3242/5000 | Episode reward:   461.36 | Episode steps: 2500 | Average reward:   350.57 | Step Count: 4690981 | Episode Q0:    38.46
Episode: 3243/5000 | Episode reward:   345.98 | Episode steps: 1832 | Average reward:   361.96 | Step Count: 4692813 | Episode Q0:    38.46
Episode: 3244/5000 | Episode reward:   205.01 | Episode steps: 2488 | Average reward:   344.98 | Step Count: 4695301 | Episode Q0:    38.46
Episode: 3245/5000 | Episode reward:   405.21 | Episode steps: 2500 | Average reward:   342.13 | Step Count: 4697801 | Episode Q0:    38.46
Episode: 3246/5000 | Episode reward:   273.35 | Episode steps: 1969 | Average reward:   313.72 | Step Count: 4699770 | Episode Q0:    38.46
Episode: 3247/5000 | Episode reward:   224.42 | Episode steps: 2500 | Average reward:   309.97 | Step Count: 4702270 | Episode Q0:    38.46
Episode: 3248/5000 | Episode reward:   409.59 | Episode steps: 2500 | Average reward:   320.76 | Step Count: 4704770 | Episode Q0:    38.46
Episode: 3249/5000 | Episode reward:   244.31 | Episode steps: 2500 | Average reward:   331.06 | Step Count: 4707270 | Episode Q0:    38.46
Episode: 3250/5000 | Episode reward:   453.22 | Episode steps: 2192 | Average reward:   335.97 | Step Count: 4709462 | Episode Q0:    38.46
Episode: 3251/5000 | Episode reward:   312.35 | Episode steps: 2500 | Average reward:   333.48 | Step Count: 4711962 | Episode Q0:    38.46
Episode: 3252/5000 | Episode reward:   222.52 | Episode steps: 2500 | Average reward:   309.60 | Step Count: 4714462 | Episode Q0:    38.46
Episode: 3253/5000 | Episode reward:   232.30 | Episode steps: 2500 | Average reward:   298.23 | Step Count: 4716962 | Episode Q0:    34.81
Episode: 3254/5000 | Episode reward:     3.11 | Episode steps: 2500 | Average reward:   278.04 | Step Count: 4719462 | Episode Q0:    34.81
Episode: 3255/5000 | Episode reward:   112.09 | Episode steps: 2500 | Average reward:   248.73 | Step Count: 4721962 | Episode Q0:    34.81
Episode: 3256/5000 | Episode reward:   321.91 | Episode steps: 2500 | Average reward:   253.58 | Step Count: 4724462 | Episode Q0:    34.81
Episode: 3257/5000 | Episode reward:   399.08 | Episode steps: 2500 | Average reward:   271.05 | Step Count: 4726962 | Episode Q0:    34.81
Episode: 3258/5000 | Episode reward:   216.57 | Episode steps: 2500 | Average reward:   251.75 | Step Count: 4729462 | Episode Q0:    34.81
Episode: 3259/5000 | Episode reward:   145.70 | Episode steps: 2500 | Average reward:   241.88 | Step Count: 4731962 | Episode Q0:    34.81
Episode: 3260/5000 | Episode reward:    96.86 | Episode steps: 2500 | Average reward:   206.25 | Step Count: 4734462 | Episode Q0:    34.81
Episode: 3261/5000 | Episode reward:   332.27 | Episode steps: 2500 | Average reward:   208.24 | Step Count: 4736962 | Episode Q0:    34.81
Episode: 3262/5000 | Episode reward:   168.62 | Episode steps: 2500 | Average reward:   202.85 | Step Count: 4739462 | Episode Q0:    34.81
Episode: 3263/5000 | Episode reward:   228.02 | Episode steps: 2500 | Average reward:   202.42 | Step Count: 4741962 | Episode Q0:    34.81
Episode: 3264/5000 | Episode reward:   197.70 | Episode steps: 2500 | Average reward:   221.88 | Step Count: 4744462 | Episode Q0:    34.81
Episode: 3265/5000 | Episode reward:   183.12 | Episode steps: 2500 | Average reward:   228.99 | Step Count: 4746962 | Episode Q0:    34.81
Episode: 3266/5000 | Episode reward:   181.66 | Episode steps: 2500 | Average reward:   214.96 | Step Count: 4749462 | Episode Q0:    34.81
Episode: 3267/5000 | Episode reward:   206.01 | Episode steps: 2500 | Average reward:   195.65 | Step Count: 4751962 | Episode Q0:    34.81
Episode: 3268/5000 | Episode reward:   250.73 | Episode steps: 2500 | Average reward:   199.07 | Step Count: 4754462 | Episode Q0:    34.81
Episode: 3269/5000 | Episode reward:   232.27 | Episode steps: 2500 | Average reward:   207.73 | Step Count: 4756962 | Episode Q0:    34.81
Episode: 3270/5000 | Episode reward:   285.33 | Episode steps: 2500 | Average reward:   226.57 | Step Count: 4759462 | Episode Q0:    34.81
Episode: 3271/5000 | Episode reward:   177.55 | Episode steps: 2500 | Average reward:   211.10 | Step Count: 4761962 | Episode Q0:    34.81
Episode: 3272/5000 | Episode reward:    94.25 | Episode steps: 2500 | Average reward:   203.66 | Step Count: 4764462 | Episode Q0:    34.81
Episode: 3273/5000 | Episode reward:   175.52 | Episode steps: 2500 | Average reward:   198.41 | Step Count: 4766962 | Episode Q0:    34.81
Episode: 3274/5000 | Episode reward:   269.30 | Episode steps: 2500 | Average reward:   205.57 | Step Count: 4769462 | Episode Q0:    34.81
Episode: 3275/5000 | Episode reward:   168.44 | Episode steps: 2500 | Average reward:   204.11 | Step Count: 4771962 | Episode Q0:    34.81
Episode: 3276/5000 | Episode reward:   289.14 | Episode steps: 2500 | Average reward:   214.85 | Step Count: 4774462 | Episode Q0:    34.81
Episode: 3277/5000 | Episode reward:    84.35 | Episode steps: 2500 | Average reward:   202.69 | Step Count: 4776962 | Episode Q0:    35.39
Episode: 3278/5000 | Episode reward:   174.26 | Episode steps: 2500 | Average reward:   195.04 | Step Count: 4779462 | Episode Q0:    35.39
Episode: 3279/5000 | Episode reward:   409.61 | Episode steps: 2500 | Average reward:   212.77 | Step Count: 4781962 | Episode Q0:    35.39
Episode: 3280/5000 | Episode reward:   247.41 | Episode steps: 2500 | Average reward:   208.98 | Step Count: 4784462 | Episode Q0:    35.39
Episode: 3281/5000 | Episode reward:   290.26 | Episode steps: 2500 | Average reward:   220.25 | Step Count: 4786962 | Episode Q0:    35.39
Episode: 3282/5000 | Episode reward:   157.72 | Episode steps: 2500 | Average reward:   226.60 | Step Count: 4789462 | Episode Q0:    35.39
Episode: 3283/5000 | Episode reward:   165.04 | Episode steps: 2500 | Average reward:   225.55 | Step Count: 4791962 | Episode Q0:    35.39
Episode: 3284/5000 | Episode reward:   294.76 | Episode steps: 2500 | Average reward:   228.10 | Step Count: 4794462 | Episode Q0:    35.39
Episode: 3285/5000 | Episode reward:   157.97 | Episode steps: 2500 | Average reward:   227.05 | Step Count: 4796962 | Episode Q0:    35.39
Episode: 3286/5000 | Episode reward:    79.10 | Episode steps: 2500 | Average reward:   206.05 | Step Count: 4799462 | Episode Q0:    35.39
Episode: 3287/5000 | Episode reward:    86.53 | Episode steps: 2500 | Average reward:   206.27 | Step Count: 4801962 | Episode Q0:    35.39
Episode: 3288/5000 | Episode reward:   332.22 | Episode steps: 2500 | Average reward:   222.06 | Step Count: 4804462 | Episode Q0:    35.39
Episode: 3289/5000 | Episode reward:   237.84 | Episode steps: 2500 | Average reward:   204.88 | Step Count: 4806962 | Episode Q0:    35.39
Episode: 3290/5000 | Episode reward:   220.82 | Episode steps: 2500 | Average reward:   202.22 | Step Count: 4809462 | Episode Q0:    35.39
Episode: 3291/5000 | Episode reward:   289.34 | Episode steps: 2500 | Average reward:   202.13 | Step Count: 4811962 | Episode Q0:    35.39
Episode: 3292/5000 | Episode reward:   261.51 | Episode steps: 2500 | Average reward:   212.51 | Step Count: 4814462 | Episode Q0:    35.39
Episode: 3293/5000 | Episode reward:   290.70 | Episode steps: 2500 | Average reward:   225.08 | Step Count: 4816962 | Episode Q0:    35.39
Episode: 3294/5000 | Episode reward:   161.13 | Episode steps: 2500 | Average reward:   211.71 | Step Count: 4819462 | Episode Q0:    35.39
Episode: 3295/5000 | Episode reward:   261.23 | Episode steps: 2500 | Average reward:   222.04 | Step Count: 4821962 | Episode Q0:    35.39
Episode: 3296/5000 | Episode reward:   308.44 | Episode steps: 2500 | Average reward:   244.97 | Step Count: 4824462 | Episode Q0:    35.39
Episode: 3297/5000 | Episode reward:   443.47 | Episode steps: 2500 | Average reward:   280.67 | Step Count: 4826962 | Episode Q0:    32.20
Episode: 3298/5000 | Episode reward:   271.76 | Episode steps: 2500 | Average reward:   274.62 | Step Count: 4829462 | Episode Q0:    32.20
Episode: 3299/5000 | Episode reward:   345.42 | Episode steps: 2500 | Average reward:   285.38 | Step Count: 4831962 | Episode Q0:    32.20
Episode: 3300/5000 | Episode reward:   225.60 | Episode steps: 2500 | Average reward:   285.86 | Step Count: 4834462 | Episode Q0:    32.20
Episode: 3301/5000 | Episode reward:   363.56 | Episode steps: 2500 | Average reward:   293.28 | Step Count: 4836962 | Episode Q0:    32.20
Episode: 3302/5000 | Episode reward:   372.87 | Episode steps: 2500 | Average reward:   304.42 | Step Count: 4839462 | Episode Q0:    32.20
Episode: 3303/5000 | Episode reward:   292.03 | Episode steps: 2500 | Average reward:   304.55 | Step Count: 4841962 | Episode Q0:    32.20
Episode: 3304/5000 | Episode reward:   237.34 | Episode steps: 2500 | Average reward:   312.17 | Step Count: 4844462 | Episode Q0:    32.20
Episode: 3305/5000 | Episode reward:   112.32 | Episode steps: 2500 | Average reward:   297.28 | Step Count: 4846962 | Episode Q0:    32.20
Episode: 3306/5000 | Episode reward:   229.20 | Episode steps: 2500 | Average reward:   289.36 | Step Count: 4849462 | Episode Q0:    32.20
Episode: 3307/5000 | Episode reward:   433.96 | Episode steps: 2500 | Average reward:   288.41 | Step Count: 4851962 | Episode Q0:    32.20
Episode: 3308/5000 | Episode reward:   392.96 | Episode steps: 2500 | Average reward:   300.53 | Step Count: 4854462 | Episode Q0:    32.20
Episode: 3309/5000 | Episode reward:   443.34 | Episode steps: 2500 | Average reward:   310.32 | Step Count: 4856962 | Episode Q0:    32.20
Episode: 3310/5000 | Episode reward:   453.96 | Episode steps: 2500 | Average reward:   333.15 | Step Count: 4859462 | Episode Q0:    32.20
Episode: 3311/5000 | Episode reward:   432.83 | Episode steps: 2500 | Average reward:   340.08 | Step Count: 4861962 | Episode Q0:    32.20
Episode: 3312/5000 | Episode reward:   412.07 | Episode steps: 2500 | Average reward:   344.00 | Step Count: 4864462 | Episode Q0:    32.20
Episode: 3313/5000 | Episode reward:   327.24 | Episode steps: 2500 | Average reward:   347.52 | Step Count: 4866962 | Episode Q0:    32.20
Episode: 3314/5000 | Episode reward:   308.88 | Episode steps: 2500 | Average reward:   354.67 | Step Count: 4869462 | Episode Q0:    32.20
Episode: 3315/5000 | Episode reward:   205.89 | Episode steps: 2500 | Average reward:   364.03 | Step Count: 4871962 | Episode Q0:    32.20
Episode: 3316/5000 | Episode reward:   451.74 | Episode steps: 2500 | Average reward:   386.29 | Step Count: 4874462 | Episode Q0:    32.20
Episode: 3317/5000 | Episode reward:   412.61 | Episode steps: 2500 | Average reward:   384.15 | Step Count: 4876962 | Episode Q0:    32.20
Episode: 3318/5000 | Episode reward:   285.72 | Episode steps: 2500 | Average reward:   373.43 | Step Count: 4879462 | Episode Q0:    32.20
Episode: 3319/5000 | Episode reward:   315.62 | Episode steps: 2500 | Average reward:   360.65 | Step Count: 4881962 | Episode Q0:    32.20
Episode: 3320/5000 | Episode reward:   258.19 | Episode steps: 2500 | Average reward:   341.08 | Step Count: 4884462 | Episode Q0:    32.20
Episode: 3321/5000 | Episode reward:   356.08 | Episode steps: 2500 | Average reward:   333.40 | Step Count: 4886962 | Episode Q0:    34.07
Episode: 3322/5000 | Episode reward:    98.82 | Episode steps: 2500 | Average reward:   302.08 | Step Count: 4889462 | Episode Q0:    34.07
Episode: 3323/5000 | Episode reward:   303.40 | Episode steps: 2500 | Average reward:   299.69 | Step Count: 4891962 | Episode Q0:    34.07
Episode: 3324/5000 | Episode reward:   169.61 | Episode steps: 2500 | Average reward:   285.77 | Step Count: 4894462 | Episode Q0:    34.07
Episode: 3325/5000 | Episode reward:   284.79 | Episode steps: 2500 | Average reward:   293.66 | Step Count: 4896962 | Episode Q0:    34.07
Episode: 3326/5000 | Episode reward:   224.98 | Episode steps: 2500 | Average reward:   270.98 | Step Count: 4899462 | Episode Q0:    34.07
Episode: 3327/5000 | Episode reward:   413.84 | Episode steps: 2500 | Average reward:   271.10 | Step Count: 4901962 | Episode Q0:    34.07
Episode: 3328/5000 | Episode reward:   193.52 | Episode steps: 2500 | Average reward:   261.88 | Step Count: 4904462 | Episode Q0:    34.07
Episode: 3329/5000 | Episode reward:   309.26 | Episode steps: 2500 | Average reward:   261.25 | Step Count: 4906962 | Episode Q0:    34.07
Episode: 3330/5000 | Episode reward:   303.56 | Episode steps: 2500 | Average reward:   265.79 | Step Count: 4909462 | Episode Q0:    34.07
Episode: 3331/5000 | Episode reward:   408.62 | Episode steps: 2500 | Average reward:   271.04 | Step Count: 4911962 | Episode Q0:    34.07
Episode: 3332/5000 | Episode reward:   378.80 | Episode steps: 2500 | Average reward:   299.04 | Step Count: 4914462 | Episode Q0:    34.07
Episode: 3333/5000 | Episode reward:   244.05 | Episode steps: 2500 | Average reward:   293.10 | Step Count: 4916962 | Episode Q0:    34.07
Episode: 3334/5000 | Episode reward:   222.24 | Episode steps: 2500 | Average reward:   298.37 | Step Count: 4919462 | Episode Q0:    34.07
Episode: 3335/5000 | Episode reward:   281.81 | Episode steps: 2500 | Average reward:   298.07 | Step Count: 4921962 | Episode Q0:    34.07
Episode: 3336/5000 | Episode reward:   257.32 | Episode steps: 2500 | Average reward:   301.30 | Step Count: 4924462 | Episode Q0:    34.07
Episode: 3337/5000 | Episode reward:   220.00 | Episode steps: 2500 | Average reward:   281.92 | Step Count: 4926962 | Episode Q0:    34.07
Episode: 3338/5000 | Episode reward:   116.29 | Episode steps: 2500 | Average reward:   274.20 | Step Count: 4929462 | Episode Q0:    34.07
Episode: 3339/5000 | Episode reward:   210.62 | Episode steps: 2500 | Average reward:   264.33 | Step Count: 4931962 | Episode Q0:    34.07
Episode: 3340/5000 | Episode reward:   142.70 | Episode steps: 2500 | Average reward:   248.25 | Step Count: 4934462 | Episode Q0:    34.07
Episode: 3341/5000 | Episode reward:  1087.60 | Episode steps: 2500 | Average reward:   316.14 | Step Count: 4936962 | Episode Q0:    31.35
Episode: 3342/5000 | Episode reward:   930.17 | Episode steps: 2500 | Average reward:   371.28 | Step Count: 4939462 | Episode Q0:    31.35
Episode: 3343/5000 | Episode reward:  1048.46 | Episode steps: 2500 | Average reward:   451.72 | Step Count: 4941962 | Episode Q0:    31.35
Episode: 3344/5000 | Episode reward:  1003.83 | Episode steps: 2500 | Average reward:   529.88 | Step Count: 4944462 | Episode Q0:    31.35
Episode: 3345/5000 | Episode reward:  1045.86 | Episode steps: 2500 | Average reward:   606.29 | Step Count: 4946962 | Episode Q0:    31.35
Episode: 3346/5000 | Episode reward:   960.60 | Episode steps: 2500 | Average reward:   676.61 | Step Count: 4949462 | Episode Q0:    31.35
Episode: 3347/5000 | Episode reward:   917.61 | Episode steps: 2500 | Average reward:   746.37 | Step Count: 4951962 | Episode Q0:    31.35
Episode: 3348/5000 | Episode reward:   866.71 | Episode steps: 2500 | Average reward:   821.42 | Step Count: 4954462 | Episode Q0:    31.35
Episode: 3349/5000 | Episode reward:   877.56 | Episode steps: 2500 | Average reward:   888.11 | Step Count: 4956962 | Episode Q0:    31.35
Episode: 3350/5000 | Episode reward:   944.58 | Episode steps: 2500 | Average reward:   968.30 | Step Count: 4959462 | Episode Q0:    31.35
Episode: 3351/5000 | Episode reward:   844.12 | Episode steps: 2500 | Average reward:   943.95 | Step Count: 4961962 | Episode Q0:    31.35
Episode: 3352/5000 | Episode reward:   799.04 | Episode steps: 2500 | Average reward:   930.84 | Step Count: 4964462 | Episode Q0:    31.35
Episode: 3353/5000 | Episode reward:   918.72 | Episode steps: 2500 | Average reward:   917.86 | Step Count: 4966962 | Episode Q0:    31.35
Episode: 3354/5000 | Episode reward:   532.88 | Episode steps: 2500 | Average reward:   870.77 | Step Count: 4969462 | Episode Q0:    31.35
Episode: 3355/5000 | Episode reward:   962.29 | Episode steps: 2500 | Average reward:   862.41 | Step Count: 4971962 | Episode Q0:    31.35
Episode: 3356/5000 | Episode reward:   731.72 | Episode steps: 2500 | Average reward:   839.52 | Step Count: 4974462 | Episode Q0:    31.35
Episode: 3357/5000 | Episode reward:   948.92 | Episode steps: 2500 | Average reward:   842.65 | Step Count: 4976962 | Episode Q0:    31.35
Episode: 3358/5000 | Episode reward:   807.54 | Episode steps: 2500 | Average reward:   836.74 | Step Count: 4979462 | Episode Q0:    31.35
Episode: 3359/5000 | Episode reward:   718.60 | Episode steps: 2500 | Average reward:   820.84 | Step Count: 4981962 | Episode Q0:    31.35
Episode: 3360/5000 | Episode reward:  1074.97 | Episode steps: 2500 | Average reward:   833.88 | Step Count: 4984462 | Episode Q0:    31.35
Episode: 3361/5000 | Episode reward:   709.93 | Episode steps: 2500 | Average reward:   820.46 | Step Count: 4986962 | Episode Q0:    31.35
Episode: 3362/5000 | Episode reward:   894.74 | Episode steps: 2500 | Average reward:   830.03 | Step Count: 4989462 | Episode Q0:    31.35
Episode: 3363/5000 | Episode reward:  1083.71 | Episode steps: 2500 | Average reward:   846.53 | Step Count: 4991962 | Episode Q0:    31.35
Episode: 3364/5000 | Episode reward:   957.00 | Episode steps: 2500 | Average reward:   888.94 | Step Count: 4994462 | Episode Q0:    31.35
Episode: 3365/5000 | Episode reward:  1173.17 | Episode steps: 2500 | Average reward:   910.03 | Step Count: 4996962 | Episode Q0:    32.40
Episode: 3366/5000 | Episode reward:  1144.61 | Episode steps: 2500 | Average reward:   951.32 | Step Count: 4999462 | Episode Q0:    32.40
Episode: 3367/5000 | Episode reward:  1160.14 | Episode steps: 2500 | Average reward:   972.44 | Step Count: 5001962 | Episode Q0:    32.40
Episode: 3368/5000 | Episode reward:  1119.28 | Episode steps: 2500 | Average reward:  1003.61 | Step Count: 5004462 | Episode Q0:    32.40
Episode: 3369/5000 | Episode reward:  1227.19 | Episode steps: 2500 | Average reward:  1054.47 | Step Count: 5006962 | Episode Q0:    32.40
Episode: 3370/5000 | Episode reward:  1195.71 | Episode steps: 2500 | Average reward:  1066.55 | Step Count: 5009462 | Episode Q0:    32.40
Episode: 3371/5000 | Episode reward:  1233.10 | Episode steps: 2500 | Average reward:  1118.86 | Step Count: 5011962 | Episode Q0:    32.40
Episode: 3372/5000 | Episode reward:  1173.39 | Episode steps: 2500 | Average reward:  1146.73 | Step Count: 5014462 | Episode Q0:    32.40
Episode: 3373/5000 | Episode reward:  1143.95 | Episode steps: 2500 | Average reward:  1152.75 | Step Count: 5016962 | Episode Q0:    32.40
Episode: 3374/5000 | Episode reward:  1129.21 | Episode steps: 2500 | Average reward:  1169.97 | Step Count: 5019462 | Episode Q0:    32.40
Episode: 3375/5000 | Episode reward:  1142.09 | Episode steps: 2500 | Average reward:  1166.87 | Step Count: 5021962 | Episode Q0:    32.40
Episode: 3376/5000 | Episode reward:  1157.40 | Episode steps: 2500 | Average reward:  1168.15 | Step Count: 5024462 | Episode Q0:    32.40
Episode: 3377/5000 | Episode reward:  1224.64 | Episode steps: 2500 | Average reward:  1174.60 | Step Count: 5026962 | Episode Q0:    32.40
Episode: 3378/5000 | Episode reward:  1177.26 | Episode steps: 2500 | Average reward:  1180.39 | Step Count: 5029462 | Episode Q0:    32.40
Episode: 3379/5000 | Episode reward:  1202.42 | Episode steps: 2500 | Average reward:  1177.92 | Step Count: 5031962 | Episode Q0:    32.40
Episode: 3380/5000 | Episode reward:  1212.40 | Episode steps: 2500 | Average reward:  1179.59 | Step Count: 5034462 | Episode Q0:    32.40
Episode: 3381/5000 | Episode reward:  1205.64 | Episode steps: 2500 | Average reward:  1176.84 | Step Count: 5036962 | Episode Q0:    32.40
Episode: 3382/5000 | Episode reward:  1204.23 | Episode steps: 2500 | Average reward:  1179.92 | Step Count: 5039462 | Episode Q0:    32.40
Episode: 3383/5000 | Episode reward:  1163.76 | Episode steps: 2500 | Average reward:  1181.90 | Step Count: 5041962 | Episode Q0:    32.40
Episode: 3384/5000 | Episode reward:  1199.04 | Episode steps: 2500 | Average reward:  1188.89 | Step Count: 5044462 | Episode Q0:    32.40
Episode: 3385/5000 | Episode reward:  1239.89 | Episode steps: 2500 | Average reward:  1198.67 | Step Count: 5046962 | Episode Q0:    32.40
Episode: 3386/5000 | Episode reward:  1161.01 | Episode steps: 2500 | Average reward:  1199.03 | Step Count: 5049462 | Episode Q0:    32.40
Episode: 3387/5000 | Episode reward:  1241.03 | Episode steps: 2500 | Average reward:  1200.67 | Step Count: 5051962 | Episode Q0:    32.40
Episode: 3388/5000 | Episode reward:  1206.79 | Episode steps: 2500 | Average reward:  1203.62 | Step Count: 5054462 | Episode Q0:    32.40
Episode: 3389/5000 | Episode reward:  1238.83 | Episode steps: 2500 | Average reward:  1207.26 | Step Count: 5056962 | Episode Q0:    32.40
Episode: 3390/5000 | Episode reward:  1235.92 | Episode steps: 2500 | Average reward:  1209.61 | Step Count: 5059462 | Episode Q0:    32.40
Episode: 3391/5000 | Episode reward:  1206.48 | Episode steps: 2500 | Average reward:  1209.70 | Step Count: 5061962 | Episode Q0:    32.40
Episode: 3392/5000 | Episode reward:  1248.50 | Episode steps: 2500 | Average reward:  1214.12 | Step Count: 5064462 | Episode Q0:    32.40
Episode: 3393/5000 | Episode reward:  1251.26 | Episode steps: 2500 | Average reward:  1222.87 | Step Count: 5066962 | Episode Q0:    32.40
Episode: 3394/5000 | Episode reward:  1252.37 | Episode steps: 2500 | Average reward:  1228.21 | Step Count: 5069462 | Episode Q0:    32.40
Episode: 3395/5000 | Episode reward:  1272.13 | Episode steps: 2500 | Average reward:  1231.43 | Step Count: 5071962 | Episode Q0:    32.40
Episode: 3396/5000 | Episode reward:  1141.35 | Episode steps: 2500 | Average reward:  1229.47 | Step Count: 5074462 | Episode Q0:    32.40
Episode: 3397/5000 | Episode reward:  1146.57 | Episode steps: 2500 | Average reward:  1220.02 | Step Count: 5076962 | Episode Q0:    32.40
Episode: 3398/5000 | Episode reward:  1250.69 | Episode steps: 2500 | Average reward:  1224.41 | Step Count: 5079462 | Episode Q0:    32.40
Episode: 3399/5000 | Episode reward:  1259.25 | Episode steps: 2500 | Average reward:  1226.45 | Step Count: 5081962 | Episode Q0:    32.40
Episode: 3400/5000 | Episode reward:  1246.20 | Episode steps: 2500 | Average reward:  1227.48 | Step Count: 5084462 | Episode Q0:    32.40
Episode: 3401/5000 | Episode reward:  1251.99 | Episode steps: 2500 | Average reward:  1232.03 | Step Count: 5086962 | Episode Q0:    32.40
Episode: 3402/5000 | Episode reward:  1251.90 | Episode steps: 2500 | Average reward:  1232.37 | Step Count: 5089462 | Episode Q0:    32.40
Episode: 3403/5000 | Episode reward:  1249.35 | Episode steps: 2500 | Average reward:  1232.18 | Step Count: 5091962 | Episode Q0:    32.40
Episode: 3404/5000 | Episode reward:  1225.41 | Episode steps: 2500 | Average reward:  1229.48 | Step Count: 5094462 | Episode Q0:    32.40
Episode: 3405/5000 | Episode reward:  1255.19 | Episode steps: 2500 | Average reward:  1227.79 | Step Count: 5096962 | Episode Q0:    32.40
Episode: 3406/5000 | Episode reward:  1248.16 | Episode steps: 2500 | Average reward:  1238.47 | Step Count: 5099462 | Episode Q0:    32.40
Episode: 3407/5000 | Episode reward:  1227.79 | Episode steps: 2500 | Average reward:  1246.59 | Step Count: 5101962 | Episode Q0:    32.40
Episode: 3408/5000 | Episode reward:  1230.59 | Episode steps: 2500 | Average reward:  1244.58 | Step Count: 5104462 | Episode Q0:    32.40
Episode: 3409/5000 | Episode reward:  1285.46 | Episode steps: 2500 | Average reward:  1247.20 | Step Count: 5106962 | Episode Q0:    30.89
Episode: 3410/5000 | Episode reward:  1168.43 | Episode steps: 2500 | Average reward:  1239.43 | Step Count: 5109462 | Episode Q0:    30.89
Episode: 3411/5000 | Episode reward:   898.27 | Episode steps: 2500 | Average reward:  1204.06 | Step Count: 5111962 | Episode Q0:    30.89
Episode: 3412/5000 | Episode reward:  1037.63 | Episode steps: 2500 | Average reward:  1182.63 | Step Count: 5114462 | Episode Q0:    30.89
Episode: 3413/5000 | Episode reward:  1174.28 | Episode steps: 2500 | Average reward:  1175.12 | Step Count: 5116962 | Episode Q0:    30.89
Episode: 3414/5000 | Episode reward:  1127.17 | Episode steps: 2500 | Average reward:  1165.30 | Step Count: 5119462 | Episode Q0:    30.89
Episode: 3415/5000 | Episode reward:  1101.51 | Episode steps: 2500 | Average reward:  1149.93 | Step Count: 5121962 | Episode Q0:    30.89
Episode: 3416/5000 | Episode reward:  1075.25 | Episode steps: 2500 | Average reward:  1132.64 | Step Count: 5124462 | Episode Q0:    30.89
Episode: 3417/5000 | Episode reward:  1290.70 | Episode steps: 2500 | Average reward:  1138.93 | Step Count: 5126962 | Episode Q0:    30.89
Episode: 3418/5000 | Episode reward:  1171.12 | Episode steps: 2500 | Average reward:  1132.98 | Step Count: 5129462 | Episode Q0:    30.89
Episode: 3419/5000 | Episode reward:  1183.63 | Episode steps: 2500 | Average reward:  1122.80 | Step Count: 5131962 | Episode Q0:    30.89
Episode: 3420/5000 | Episode reward:  1196.68 | Episode steps: 2500 | Average reward:  1125.62 | Step Count: 5134462 | Episode Q0:    30.89
Episode: 3421/5000 | Episode reward:  1230.64 | Episode steps: 2500 | Average reward:  1158.86 | Step Count: 5136962 | Episode Q0:    30.89
Episode: 3422/5000 | Episode reward:  1259.21 | Episode steps: 2500 | Average reward:  1181.02 | Step Count: 5139462 | Episode Q0:    30.89
Episode: 3423/5000 | Episode reward:  1201.78 | Episode steps: 2500 | Average reward:  1183.77 | Step Count: 5141962 | Episode Q0:    30.89
Episode: 3424/5000 | Episode reward:  1159.32 | Episode steps: 2500 | Average reward:  1186.98 | Step Count: 5144462 | Episode Q0:    30.89
Episode: 3425/5000 | Episode reward:  1232.17 | Episode steps: 2500 | Average reward:  1200.05 | Step Count: 5146962 | Episode Q0:    30.89
Episode: 3426/5000 | Episode reward:  1041.62 | Episode steps: 2500 | Average reward:  1196.69 | Step Count: 5149462 | Episode Q0:    30.89
Episode: 3427/5000 | Episode reward:  1212.53 | Episode steps: 2500 | Average reward:  1188.87 | Step Count: 5151962 | Episode Q0:    30.89
Episode: 3428/5000 | Episode reward:  1197.78 | Episode steps: 2500 | Average reward:  1191.54 | Step Count: 5154462 | Episode Q0:    30.89
Episode: 3429/5000 | Episode reward:   899.39 | Episode steps: 2500 | Average reward:  1163.11 | Step Count: 5156962 | Episode Q0:    34.16
Episode: 3430/5000 | Episode reward:   995.82 | Episode steps: 2500 | Average reward:  1143.03 | Step Count: 5159462 | Episode Q0:    34.16
Episode: 3431/5000 | Episode reward:  1262.94 | Episode steps: 2500 | Average reward:  1146.26 | Step Count: 5161962 | Episode Q0:    34.16
Episode: 3432/5000 | Episode reward:   962.67 | Episode steps: 2500 | Average reward:  1116.60 | Step Count: 5164462 | Episode Q0:    34.16
Episode: 3433/5000 | Episode reward:  1131.12 | Episode steps: 2500 | Average reward:  1109.54 | Step Count: 5166962 | Episode Q0:    34.16
Episode: 3434/5000 | Episode reward:   943.69 | Episode steps: 2500 | Average reward:  1087.97 | Step Count: 5169462 | Episode Q0:    34.16
Episode: 3435/5000 | Episode reward:   862.86 | Episode steps: 2500 | Average reward:  1051.04 | Step Count: 5171962 | Episode Q0:    34.16
Episode: 3436/5000 | Episode reward:  1129.46 | Episode steps: 2500 | Average reward:  1059.83 | Step Count: 5174462 | Episode Q0:    34.16
Episode: 3437/5000 | Episode reward:  1051.41 | Episode steps: 2500 | Average reward:  1043.71 | Step Count: 5176962 | Episode Q0:    34.16
Episode: 3438/5000 | Episode reward:   834.56 | Episode steps: 2500 | Average reward:  1007.39 | Step Count: 5179462 | Episode Q0:    34.16
Episode: 3439/5000 | Episode reward:  1259.76 | Episode steps: 2500 | Average reward:  1043.43 | Step Count: 5181962 | Episode Q0:    34.16
Episode: 3440/5000 | Episode reward:  1003.59 | Episode steps: 2500 | Average reward:  1044.21 | Step Count: 5184462 | Episode Q0:    34.16
Episode: 3441/5000 | Episode reward:  1299.46 | Episode steps: 2500 | Average reward:  1047.86 | Step Count: 5186962 | Episode Q0:    34.16
Episode: 3442/5000 | Episode reward:   839.16 | Episode steps: 2500 | Average reward:  1035.51 | Step Count: 5189462 | Episode Q0:    34.16
Episode: 3443/5000 | Episode reward:  1234.69 | Episode steps: 2500 | Average reward:  1045.86 | Step Count: 5191962 | Episode Q0:    34.16
Episode: 3444/5000 | Episode reward:  1001.96 | Episode steps: 2500 | Average reward:  1051.69 | Step Count: 5194462 | Episode Q0:    34.16
Episode: 3445/5000 | Episode reward:  1283.34 | Episode steps: 2500 | Average reward:  1093.74 | Step Count: 5196962 | Episode Q0:    34.16
Episode: 3446/5000 | Episode reward:  1283.09 | Episode steps: 2500 | Average reward:  1109.10 | Step Count: 5199462 | Episode Q0:    34.16
Episode: 3447/5000 | Episode reward:   961.10 | Episode steps: 2500 | Average reward:  1100.07 | Step Count: 5201962 | Episode Q0:    34.16
Episode: 3448/5000 | Episode reward:  1158.58 | Episode steps: 2500 | Average reward:  1132.47 | Step Count: 5204462 | Episode Q0:    34.16
Episode: 3449/5000 | Episode reward:  1218.79 | Episode steps: 2500 | Average reward:  1128.37 | Step Count: 5206962 | Episode Q0:    34.16
Episode: 3450/5000 | Episode reward:  1328.45 | Episode steps: 2500 | Average reward:  1160.86 | Step Count: 5209462 | Episode Q0:    34.16
Episode: 3451/5000 | Episode reward:  1243.44 | Episode steps: 2500 | Average reward:  1155.26 | Step Count: 5211962 | Episode Q0:    34.16
Episode: 3452/5000 | Episode reward:  1213.99 | Episode steps: 2500 | Average reward:  1192.74 | Step Count: 5214462 | Episode Q0:    34.16
Episode: 3453/5000 | Episode reward:   903.81 | Episode steps: 2500 | Average reward:  1159.66 | Step Count: 5216962 | Episode Q0:    33.54
Episode: 3454/5000 | Episode reward:  1028.82 | Episode steps: 2500 | Average reward:  1162.34 | Step Count: 5219462 | Episode Q0:    33.54
Episode: 3455/5000 | Episode reward:   951.10 | Episode steps: 2500 | Average reward:  1129.12 | Step Count: 5221962 | Episode Q0:    33.54
Episode: 3456/5000 | Episode reward:   977.00 | Episode steps: 2500 | Average reward:  1098.51 | Step Count: 5224462 | Episode Q0:    33.54
Episode: 3457/5000 | Episode reward:  1038.36 | Episode steps: 2500 | Average reward:  1106.24 | Step Count: 5226962 | Episode Q0:    33.54
Episode: 3458/5000 | Episode reward:   927.02 | Episode steps: 2500 | Average reward:  1083.08 | Step Count: 5229462 | Episode Q0:    33.54
Episode: 3459/5000 | Episode reward:  1151.54 | Episode steps: 2500 | Average reward:  1076.36 | Step Count: 5231962 | Episode Q0:    33.54
Episode: 3460/5000 | Episode reward:  1299.61 | Episode steps: 2500 | Average reward:  1073.47 | Step Count: 5234462 | Episode Q0:    33.54
Episode: 3461/5000 | Episode reward:   998.31 | Episode steps: 2500 | Average reward:  1048.96 | Step Count: 5236962 | Episode Q0:    33.54
Episode: 3462/5000 | Episode reward:  1289.12 | Episode steps: 2500 | Average reward:  1056.47 | Step Count: 5239462 | Episode Q0:    33.54
Episode: 3463/5000 | Episode reward:   928.37 | Episode steps: 2500 | Average reward:  1058.93 | Step Count: 5241962 | Episode Q0:    33.54
Episode: 3464/5000 | Episode reward:   979.51 | Episode steps: 2500 | Average reward:  1054.00 | Step Count: 5244462 | Episode Q0:    33.54
Episode: 3465/5000 | Episode reward:   955.17 | Episode steps: 2500 | Average reward:  1054.40 | Step Count: 5246962 | Episode Q0:    33.54
Episode: 3466/5000 | Episode reward:  1040.13 | Episode steps: 2500 | Average reward:  1060.71 | Step Count: 5249462 | Episode Q0:    33.54
Episode: 3467/5000 | Episode reward:  1005.61 | Episode steps: 2500 | Average reward:  1057.44 | Step Count: 5251962 | Episode Q0:    33.54
Episode: 3468/5000 | Episode reward:   842.02 | Episode steps: 2500 | Average reward:  1048.94 | Step Count: 5254462 | Episode Q0:    33.54
Episode: 3469/5000 | Episode reward:   872.15 | Episode steps: 2500 | Average reward:  1021.00 | Step Count: 5256962 | Episode Q0:    33.54
Episode: 3470/5000 | Episode reward:   926.68 | Episode steps: 2500 | Average reward:   983.71 | Step Count: 5259462 | Episode Q0:    33.54
Episode: 3471/5000 | Episode reward:   918.11 | Episode steps: 2500 | Average reward:   975.69 | Step Count: 5261962 | Episode Q0:    33.54
Episode: 3472/5000 | Episode reward:   942.31 | Episode steps: 2500 | Average reward:   941.01 | Step Count: 5264462 | Episode Q0:    33.54
Episode: 3473/5000 | Episode reward:   943.92 | Episode steps: 2500 | Average reward:   942.56 | Step Count: 5266962 | Episode Q0:    33.21
Episode: 3474/5000 | Episode reward:  1027.60 | Episode steps: 2500 | Average reward:   947.37 | Step Count: 5269462 | Episode Q0:    33.21
Episode: 3475/5000 | Episode reward:   834.41 | Episode steps: 2500 | Average reward:   935.29 | Step Count: 5271962 | Episode Q0:    33.21
Episode: 3476/5000 | Episode reward:  1011.93 | Episode steps: 2500 | Average reward:   932.47 | Step Count: 5274462 | Episode Q0:    33.21
Episode: 3477/5000 | Episode reward:  1165.40 | Episode steps: 2500 | Average reward:   948.45 | Step Count: 5276962 | Episode Q0:    33.21
Episode: 3478/5000 | Episode reward:   923.89 | Episode steps: 2500 | Average reward:   956.64 | Step Count: 5279462 | Episode Q0:    33.21
Episode: 3479/5000 | Episode reward:   835.28 | Episode steps: 2500 | Average reward:   952.95 | Step Count: 5281962 | Episode Q0:    33.21
Episode: 3480/5000 | Episode reward:   982.00 | Episode steps: 2500 | Average reward:   958.48 | Step Count: 5284462 | Episode Q0:    33.21
Episode: 3481/5000 | Episode reward:   790.18 | Episode steps: 2500 | Average reward:   945.69 | Step Count: 5286962 | Episode Q0:    33.21
Episode: 3482/5000 | Episode reward:   986.73 | Episode steps: 2500 | Average reward:   950.13 | Step Count: 5289462 | Episode Q0:    33.21
Episode: 3483/5000 | Episode reward:  1080.67 | Episode steps: 2500 | Average reward:   963.81 | Step Count: 5291962 | Episode Q0:    33.21
Episode: 3484/5000 | Episode reward:   864.33 | Episode steps: 2500 | Average reward:   947.48 | Step Count: 5294462 | Episode Q0:    33.21
Episode: 3485/5000 | Episode reward:   834.57 | Episode steps: 2500 | Average reward:   947.50 | Step Count: 5296962 | Episode Q0:    33.21
Episode: 3486/5000 | Episode reward:   831.28 | Episode steps: 2500 | Average reward:   929.43 | Step Count: 5299462 | Episode Q0:    33.21
Episode: 3487/5000 | Episode reward:   989.81 | Episode steps: 2500 | Average reward:   911.87 | Step Count: 5301962 | Episode Q0:    33.21
Episode: 3488/5000 | Episode reward:   997.72 | Episode steps: 2500 | Average reward:   919.26 | Step Count: 5304462 | Episode Q0:    33.21
Episode: 3489/5000 | Episode reward:   902.61 | Episode steps: 2500 | Average reward:   925.99 | Step Count: 5306962 | Episode Q0:    33.21
Episode: 3490/5000 | Episode reward:  1007.47 | Episode steps: 2500 | Average reward:   928.54 | Step Count: 5309462 | Episode Q0:    33.21
Episode: 3491/5000 | Episode reward:   942.53 | Episode steps: 2500 | Average reward:   943.77 | Step Count: 5311962 | Episode Q0:    33.21
Episode: 3492/5000 | Episode reward:   918.90 | Episode steps: 2500 | Average reward:   936.99 | Step Count: 5314462 | Episode Q0:    33.21
Episode: 3493/5000 | Episode reward:   920.39 | Episode steps: 2500 | Average reward:   920.96 | Step Count: 5316962 | Episode Q0:    33.21
Episode: 3494/5000 | Episode reward:  1139.85 | Episode steps: 2500 | Average reward:   948.51 | Step Count: 5319462 | Episode Q0:    33.21
Episode: 3495/5000 | Episode reward:   888.76 | Episode steps: 2500 | Average reward:   953.93 | Step Count: 5321962 | Episode Q0:    33.21
Episode: 3496/5000 | Episode reward:  1016.78 | Episode steps: 2500 | Average reward:   972.48 | Step Count: 5324462 | Episode Q0:    33.21
Episode: 3497/5000 | Episode reward:  1254.87 | Episode steps: 2500 | Average reward:   998.99 | Step Count: 5326962 | Episode Q0:    31.59
Episode: 3498/5000 | Episode reward:  1174.37 | Episode steps: 2500 | Average reward:  1016.65 | Step Count: 5329462 | Episode Q0:    31.59
Episode: 3499/5000 | Episode reward:   671.92 | Episode steps: 1495 | Average reward:   993.58 | Step Count: 5330957 | Episode Q0:    31.59
Episode: 3500/5000 | Episode reward:   305.81 | Episode steps:  890 | Average reward:   923.42 | Step Count: 5331847 | Episode Q0:    31.59
Episode: 3501/5000 | Episode reward:   255.13 | Episode steps:  681 | Average reward:   854.68 | Step Count: 5332528 | Episode Q0:    31.59
Episode: 3502/5000 | Episode reward:  1150.80 | Episode steps: 2500 | Average reward:   877.87 | Step Count: 5335028 | Episode Q0:    31.59
Episode: 3503/5000 | Episode reward:  1107.25 | Episode steps: 2500 | Average reward:   896.55 | Step Count: 5337528 | Episode Q0:    31.59
Episode: 3504/5000 | Episode reward:  1172.82 | Episode steps: 2500 | Average reward:   899.85 | Step Count: 5340028 | Episode Q0:    31.59
Episode: 3505/5000 | Episode reward:  1109.68 | Episode steps: 2500 | Average reward:   921.94 | Step Count: 5342528 | Episode Q0:    31.59
Episode: 3506/5000 | Episode reward:   428.51 | Episode steps:  985 | Average reward:   863.11 | Step Count: 5343513 | Episode Q0:    31.59
Episode: 3507/5000 | Episode reward:   297.25 | Episode steps:  732 | Average reward:   767.35 | Step Count: 5344245 | Episode Q0:    31.59
Episode: 3508/5000 | Episode reward:   567.23 | Episode steps: 1298 | Average reward:   706.64 | Step Count: 5345543 | Episode Q0:    31.59
Episode: 3509/5000 | Episode reward:   465.63 | Episode steps: 1143 | Average reward:   686.01 | Step Count: 5346686 | Episode Q0:    31.59
Episode: 3510/5000 | Episode reward:   674.37 | Episode steps: 1673 | Average reward:   722.87 | Step Count: 5348359 | Episode Q0:    31.59
Episode: 3511/5000 | Episode reward:  1275.15 | Episode steps: 2500 | Average reward:   824.87 | Step Count: 5350859 | Episode Q0:    31.59
Episode: 3512/5000 | Episode reward:   821.20 | Episode steps: 1841 | Average reward:   791.91 | Step Count: 5352700 | Episode Q0:    31.59
Episode: 3513/5000 | Episode reward:   436.10 | Episode steps: 1010 | Average reward:   724.79 | Step Count: 5353710 | Episode Q0:    31.59
Episode: 3514/5000 | Episode reward:  1063.52 | Episode steps: 2500 | Average reward:   713.86 | Step Count: 5356210 | Episode Q0:    31.59
Episode: 3515/5000 | Episode reward:  1115.40 | Episode steps: 2500 | Average reward:   714.43 | Step Count: 5358710 | Episode Q0:    31.59
Episode: 3516/5000 | Episode reward:   774.22 | Episode steps: 1708 | Average reward:   749.01 | Step Count: 5360418 | Episode Q0:    31.59
Episode: 3517/5000 | Episode reward:   965.34 | Episode steps: 2500 | Average reward:   815.82 | Step Count: 5362918 | Episode Q0:    36.88
Episode: 3518/5000 | Episode reward:   876.25 | Episode steps: 2500 | Average reward:   846.72 | Step Count: 5365418 | Episode Q0:    36.88
Episode: 3519/5000 | Episode reward:   949.02 | Episode steps: 2500 | Average reward:   895.06 | Step Count: 5367918 | Episode Q0:    36.88
Episode: 3520/5000 | Episode reward:  1120.51 | Episode steps: 2500 | Average reward:   939.67 | Step Count: 5370418 | Episode Q0:    36.88
Episode: 3521/5000 | Episode reward:   837.45 | Episode steps: 2500 | Average reward:   895.90 | Step Count: 5372918 | Episode Q0:    36.88
Episode: 3522/5000 | Episode reward:   850.96 | Episode steps: 2500 | Average reward:   898.88 | Step Count: 5375418 | Episode Q0:    36.88
Episode: 3523/5000 | Episode reward:  1059.91 | Episode steps: 2500 | Average reward:   961.26 | Step Count: 5377918 | Episode Q0:    36.88
Episode: 3524/5000 | Episode reward:   968.02 | Episode steps: 2500 | Average reward:   951.71 | Step Count: 5380418 | Episode Q0:    36.88
Episode: 3525/5000 | Episode reward:   779.98 | Episode steps: 2500 | Average reward:   918.16 | Step Count: 5382918 | Episode Q0:    36.88
Episode: 3526/5000 | Episode reward:   839.49 | Episode steps: 2500 | Average reward:   924.69 | Step Count: 5385418 | Episode Q0:    36.88
Episode: 3527/5000 | Episode reward:   994.48 | Episode steps: 2500 | Average reward:   927.61 | Step Count: 5387918 | Episode Q0:    36.88
Episode: 3528/5000 | Episode reward:   814.76 | Episode steps: 2500 | Average reward:   921.46 | Step Count: 5390418 | Episode Q0:    36.88
Episode: 3529/5000 | Episode reward:   871.67 | Episode steps: 2500 | Average reward:   913.72 | Step Count: 5392918 | Episode Q0:    36.88
Episode: 3530/5000 | Episode reward:  1034.22 | Episode steps: 2500 | Average reward:   905.09 | Step Count: 5395418 | Episode Q0:    36.88
Episode: 3531/5000 | Episode reward:  1279.62 | Episode steps: 2500 | Average reward:   949.31 | Step Count: 5397918 | Episode Q0:    36.88
Episode: 3532/5000 | Episode reward:  1002.76 | Episode steps: 2500 | Average reward:   964.49 | Step Count: 5400418 | Episode Q0:    36.88
Episode: 3533/5000 | Episode reward:  1123.11 | Episode steps: 2500 | Average reward:   970.81 | Step Count: 5402918 | Episode Q0:    36.88
Episode: 3534/5000 | Episode reward:   844.64 | Episode steps: 2500 | Average reward:   958.47 | Step Count: 5405418 | Episode Q0:    36.88
Episode: 3535/5000 | Episode reward:   787.56 | Episode steps: 2500 | Average reward:   959.23 | Step Count: 5407918 | Episode Q0:    36.88
Episode: 3536/5000 | Episode reward:  1014.06 | Episode steps: 2500 | Average reward:   976.69 | Step Count: 5410418 | Episode Q0:    36.88
Episode: 3537/5000 | Episode reward:   785.70 | Episode steps: 2500 | Average reward:   955.81 | Step Count: 5412918 | Episode Q0:    36.88
Episode: 3538/5000 | Episode reward:  1121.22 | Episode steps: 2500 | Average reward:   986.46 | Step Count: 5415418 | Episode Q0:    36.88
Episode: 3539/5000 | Episode reward:   838.68 | Episode steps: 2500 | Average reward:   983.16 | Step Count: 5417918 | Episode Q0:    36.88
Episode: 3540/5000 | Episode reward:   795.22 | Episode steps: 2500 | Average reward:   959.26 | Step Count: 5420418 | Episode Q0:    36.88
Episode: 3541/5000 | Episode reward:  1046.42 | Episode steps: 2500 | Average reward:   935.94 | Step Count: 5422918 | Episode Q0:    34.58
Episode: 3542/5000 | Episode reward:   799.11 | Episode steps: 2500 | Average reward:   915.57 | Step Count: 5425418 | Episode Q0:    34.58
Episode: 3543/5000 | Episode reward:   798.14 | Episode steps: 2500 | Average reward:   883.08 | Step Count: 5427918 | Episode Q0:    34.58
Episode: 3544/5000 | Episode reward:   733.39 | Episode steps: 2500 | Average reward:   871.95 | Step Count: 5430418 | Episode Q0:    34.58
Episode: 3545/5000 | Episode reward:   837.55 | Episode steps: 2500 | Average reward:   876.95 | Step Count: 5432918 | Episode Q0:    34.58
Episode: 3546/5000 | Episode reward:  1026.85 | Episode steps: 2500 | Average reward:   878.23 | Step Count: 5435418 | Episode Q0:    34.58
Episode: 3547/5000 | Episode reward:   704.78 | Episode steps: 2500 | Average reward:   870.14 | Step Count: 5437918 | Episode Q0:    34.58
Episode: 3548/5000 | Episode reward:  1123.38 | Episode steps: 2500 | Average reward:   870.35 | Step Count: 5440418 | Episode Q0:    34.58
Episode: 3549/5000 | Episode reward:   862.02 | Episode steps: 2500 | Average reward:   872.69 | Step Count: 5442918 | Episode Q0:    34.58
Episode: 3550/5000 | Episode reward:  1016.90 | Episode steps: 2500 | Average reward:   894.85 | Step Count: 5445418 | Episode Q0:    34.58
Episode: 3551/5000 | Episode reward:  1006.72 | Episode steps: 2500 | Average reward:   890.88 | Step Count: 5447918 | Episode Q0:    34.58
Episode: 3552/5000 | Episode reward:   656.73 | Episode steps: 2500 | Average reward:   876.65 | Step Count: 5450418 | Episode Q0:    34.58
Episode: 3553/5000 | Episode reward:   733.86 | Episode steps: 2500 | Average reward:   870.22 | Step Count: 5452918 | Episode Q0:    34.58
Episode: 3554/5000 | Episode reward:   897.97 | Episode steps: 2500 | Average reward:   886.68 | Step Count: 5455418 | Episode Q0:    34.58
Episode: 3555/5000 | Episode reward:   872.61 | Episode steps: 2500 | Average reward:   890.18 | Step Count: 5457918 | Episode Q0:    34.58
Episode: 3556/5000 | Episode reward:   764.57 | Episode steps: 2500 | Average reward:   863.95 | Step Count: 5460418 | Episode Q0:    34.58
Episode: 3557/5000 | Episode reward:   742.96 | Episode steps: 2500 | Average reward:   867.77 | Step Count: 5462918 | Episode Q0:    34.58
Episode: 3558/5000 | Episode reward:  1269.28 | Episode steps: 2500 | Average reward:   882.36 | Step Count: 5465418 | Episode Q0:    34.58
Episode: 3559/5000 | Episode reward:   995.06 | Episode steps: 2500 | Average reward:   895.67 | Step Count: 5467918 | Episode Q0:    34.58
Episode: 3560/5000 | Episode reward:   703.66 | Episode steps: 2500 | Average reward:   864.34 | Step Count: 5470418 | Episode Q0:    34.58
Episode: 3561/5000 | Episode reward:   923.95 | Episode steps: 2500 | Average reward:   856.06 | Step Count: 5472918 | Episode Q0:    34.91
Episode: 3562/5000 | Episode reward:   809.69 | Episode steps: 2500 | Average reward:   871.36 | Step Count: 5475418 | Episode Q0:    34.91
Episode: 3563/5000 | Episode reward:   803.71 | Episode steps: 2500 | Average reward:   878.35 | Step Count: 5477918 | Episode Q0:    34.91
Episode: 3564/5000 | Episode reward:  1140.00 | Episode steps: 2500 | Average reward:   902.55 | Step Count: 5480418 | Episode Q0:    34.91
Episode: 3565/5000 | Episode reward:  1184.11 | Episode steps: 2500 | Average reward:   933.70 | Step Count: 5482918 | Episode Q0:    34.91
Episode: 3566/5000 | Episode reward:   850.96 | Episode steps: 2500 | Average reward:   942.34 | Step Count: 5485418 | Episode Q0:    34.91
Episode: 3567/5000 | Episode reward:   832.39 | Episode steps: 2500 | Average reward:   951.28 | Step Count: 5487918 | Episode Q0:    34.91
Episode: 3568/5000 | Episode reward:  1102.78 | Episode steps: 2500 | Average reward:   934.63 | Step Count: 5490418 | Episode Q0:    34.91
Episode: 3569/5000 | Episode reward:   732.49 | Episode steps: 2500 | Average reward:   908.38 | Step Count: 5492918 | Episode Q0:    34.91
Episode: 3570/5000 | Episode reward:   964.67 | Episode steps: 2500 | Average reward:   934.48 | Step Count: 5495418 | Episode Q0:    34.91
Episode: 3571/5000 | Episode reward:   745.88 | Episode steps: 2500 | Average reward:   916.67 | Step Count: 5497918 | Episode Q0:    34.91
Episode: 3572/5000 | Episode reward:   748.26 | Episode steps: 2500 | Average reward:   910.52 | Step Count: 5500418 | Episode Q0:    34.91
Episode: 3573/5000 | Episode reward:   742.10 | Episode steps: 2500 | Average reward:   904.36 | Step Count: 5502918 | Episode Q0:    34.91
Episode: 3574/5000 | Episode reward:   913.10 | Episode steps: 2500 | Average reward:   881.67 | Step Count: 5505418 | Episode Q0:    34.91
Episode: 3575/5000 | Episode reward:  1107.07 | Episode steps: 2500 | Average reward:   873.97 | Step Count: 5507918 | Episode Q0:    34.91
Episode: 3576/5000 | Episode reward:  1028.14 | Episode steps: 2500 | Average reward:   891.69 | Step Count: 5510418 | Episode Q0:    34.91
Episode: 3577/5000 | Episode reward:   701.26 | Episode steps: 2500 | Average reward:   878.57 | Step Count: 5512918 | Episode Q0:    34.91
Episode: 3578/5000 | Episode reward:   701.27 | Episode steps: 2500 | Average reward:   838.42 | Step Count: 5515418 | Episode Q0:    34.91
Episode: 3579/5000 | Episode reward:   997.66 | Episode steps: 2500 | Average reward:   864.94 | Step Count: 5517918 | Episode Q0:    34.91
Episode: 3580/5000 | Episode reward:   918.85 | Episode steps: 2500 | Average reward:   860.36 | Step Count: 5520418 | Episode Q0:    34.91
Episode: 3581/5000 | Episode reward:   943.63 | Episode steps: 2500 | Average reward:   880.13 | Step Count: 5522918 | Episode Q0:    34.91
Episode: 3582/5000 | Episode reward:  1211.34 | Episode steps: 2500 | Average reward:   926.44 | Step Count: 5525418 | Episode Q0:    34.91
Episode: 3583/5000 | Episode reward:   717.41 | Episode steps: 2500 | Average reward:   923.97 | Step Count: 5527918 | Episode Q0:    34.91
Episode: 3584/5000 | Episode reward:   974.96 | Episode steps: 2500 | Average reward:   930.16 | Step Count: 5530418 | Episode Q0:    34.91
Episode: 3585/5000 | Episode reward:  1141.37 | Episode steps: 2500 | Average reward:   933.59 | Step Count: 5532918 | Episode Q0:    33.53
Episode: 3586/5000 | Episode reward:   525.62 | Episode steps: 1338 | Average reward:   883.34 | Step Count: 5534256 | Episode Q0:    33.53
Episode: 3587/5000 | Episode reward:  1090.47 | Episode steps: 2500 | Average reward:   922.26 | Step Count: 5536756 | Episode Q0:    33.53
Episode: 3588/5000 | Episode reward:  1268.23 | Episode steps: 2500 | Average reward:   978.95 | Step Count: 5539256 | Episode Q0:    33.53
Episode: 3589/5000 | Episode reward:  1297.04 | Episode steps: 2500 | Average reward:  1008.89 | Step Count: 5541756 | Episode Q0:    33.53
Episode: 3590/5000 | Episode reward:  1065.85 | Episode steps: 2500 | Average reward:  1023.59 | Step Count: 5544256 | Episode Q0:    33.53
Episode: 3591/5000 | Episode reward:  1299.08 | Episode steps: 2500 | Average reward:  1059.14 | Step Count: 5546756 | Episode Q0:    33.53
Episode: 3592/5000 | Episode reward:   924.42 | Episode steps: 2500 | Average reward:  1030.45 | Step Count: 5549256 | Episode Q0:    33.53
Episode: 3593/5000 | Episode reward:   975.30 | Episode steps: 2500 | Average reward:  1056.24 | Step Count: 5551756 | Episode Q0:    33.53
Episode: 3594/5000 | Episode reward:  1311.11 | Episode steps: 2500 | Average reward:  1089.85 | Step Count: 5554256 | Episode Q0:    33.53
Episode: 3595/5000 | Episode reward:  1296.90 | Episode steps: 2500 | Average reward:  1105.40 | Step Count: 5556756 | Episode Q0:    33.53
Episode: 3596/5000 | Episode reward:  1259.18 | Episode steps: 2500 | Average reward:  1178.76 | Step Count: 5559256 | Episode Q0:    33.53
Episode: 3597/5000 | Episode reward:  1104.66 | Episode steps: 2500 | Average reward:  1180.18 | Step Count: 5561756 | Episode Q0:    33.53
Episode: 3598/5000 | Episode reward:  1308.34 | Episode steps: 2500 | Average reward:  1184.19 | Step Count: 5564256 | Episode Q0:    33.53
Episode: 3599/5000 | Episode reward:   732.27 | Episode steps: 2500 | Average reward:  1127.71 | Step Count: 5566756 | Episode Q0:    33.53
Episode: 3600/5000 | Episode reward:  1324.88 | Episode steps: 2500 | Average reward:  1153.62 | Step Count: 5569256 | Episode Q0:    33.53
Episode: 3601/5000 | Episode reward:  1347.30 | Episode steps: 2500 | Average reward:  1158.44 | Step Count: 5571756 | Episode Q0:    33.53
Episode: 3602/5000 | Episode reward:  1248.17 | Episode steps: 2500 | Average reward:  1190.81 | Step Count: 5574256 | Episode Q0:    33.53
Episode: 3603/5000 | Episode reward:  1352.80 | Episode steps: 2500 | Average reward:  1228.56 | Step Count: 5576756 | Episode Q0:    33.53
Episode: 3604/5000 | Episode reward:  1262.08 | Episode steps: 2500 | Average reward:  1223.66 | Step Count: 5579256 | Episode Q0:    33.53
Episode: 3605/5000 | Episode reward:  1224.23 | Episode steps: 2500 | Average reward:  1216.39 | Step Count: 5581756 | Episode Q0:    37.55
Episode: 3606/5000 | Episode reward:  1084.92 | Episode steps: 2500 | Average reward:  1198.96 | Step Count: 5584256 | Episode Q0:    37.55
Episode: 3607/5000 | Episode reward:  1168.56 | Episode steps: 2500 | Average reward:  1205.35 | Step Count: 5586756 | Episode Q0:    37.55
Episode: 3608/5000 | Episode reward:  1295.57 | Episode steps: 2500 | Average reward:  1204.08 | Step Count: 5589256 | Episode Q0:    37.55
Episode: 3609/5000 | Episode reward:  1253.39 | Episode steps: 2500 | Average reward:  1256.19 | Step Count: 5591756 | Episode Q0:    37.55
Episode: 3610/5000 | Episode reward:  1232.13 | Episode steps: 2500 | Average reward:  1246.92 | Step Count: 5594256 | Episode Q0:    37.55
Episode: 3611/5000 | Episode reward:  1300.59 | Episode steps: 2500 | Average reward:  1242.24 | Step Count: 5596756 | Episode Q0:    37.55
Episode: 3612/5000 | Episode reward:  1251.52 | Episode steps: 2500 | Average reward:  1242.58 | Step Count: 5599256 | Episode Q0:    37.55
Episode: 3613/5000 | Episode reward:  1276.93 | Episode steps: 2500 | Average reward:  1234.99 | Step Count: 5601756 | Episode Q0:    37.55
Episode: 3614/5000 | Episode reward:  1050.52 | Episode steps: 2500 | Average reward:  1213.84 | Step Count: 5604256 | Episode Q0:    37.55
Episode: 3615/5000 | Episode reward:   981.39 | Episode steps: 2500 | Average reward:  1189.55 | Step Count: 5606756 | Episode Q0:    37.55
Episode: 3616/5000 | Episode reward:  1253.09 | Episode steps: 2500 | Average reward:  1206.37 | Step Count: 5609256 | Episode Q0:    37.55
Episode: 3617/5000 | Episode reward:  1267.63 | Episode steps: 2500 | Average reward:  1216.28 | Step Count: 5611756 | Episode Q0:    37.55
Episode: 3618/5000 | Episode reward:  1099.57 | Episode steps: 2500 | Average reward:  1196.68 | Step Count: 5614256 | Episode Q0:    37.55
Episode: 3619/5000 | Episode reward:  1162.07 | Episode steps: 2500 | Average reward:  1187.54 | Step Count: 5616756 | Episode Q0:    37.55
Episode: 3620/5000 | Episode reward:  1066.94 | Episode steps: 2500 | Average reward:  1171.03 | Step Count: 5619256 | Episode Q0:    37.55
Episode: 3621/5000 | Episode reward:  1293.45 | Episode steps: 2500 | Average reward:  1170.31 | Step Count: 5621756 | Episode Q0:    37.55
Episode: 3622/5000 | Episode reward:  1238.83 | Episode steps: 2500 | Average reward:  1169.04 | Step Count: 5624256 | Episode Q0:    37.55
Episode: 3623/5000 | Episode reward:  1130.76 | Episode steps: 2500 | Average reward:  1154.43 | Step Count: 5626756 | Episode Q0:    37.55
Episode: 3624/5000 | Episode reward:  1072.91 | Episode steps: 2500 | Average reward:  1156.66 | Step Count: 5629256 | Episode Q0:    37.55
Episode: 3625/5000 | Episode reward:  1296.93 | Episode steps: 2500 | Average reward:  1188.22 | Step Count: 5631756 | Episode Q0:    37.55
Episode: 3626/5000 | Episode reward:  1266.51 | Episode steps: 2500 | Average reward:  1189.56 | Step Count: 5634256 | Episode Q0:    37.55
Episode: 3627/5000 | Episode reward:  1202.71 | Episode steps: 2500 | Average reward:  1183.07 | Step Count: 5636756 | Episode Q0:    37.55
Episode: 3628/5000 | Episode reward:  1310.72 | Episode steps: 2500 | Average reward:  1204.18 | Step Count: 5639256 | Episode Q0:    37.55
Episode: 3629/5000 | Episode reward:  1057.31 | Episode steps: 2500 | Average reward:  1193.71 | Step Count: 5641756 | Episode Q0:    37.66
Episode: 3630/5000 | Episode reward:  1322.71 | Episode steps: 2500 | Average reward:  1219.28 | Step Count: 5644256 | Episode Q0:    37.66
Episode: 3631/5000 | Episode reward:  1261.61 | Episode steps: 2500 | Average reward:  1216.10 | Step Count: 5646756 | Episode Q0:    37.66
Episode: 3632/5000 | Episode reward:  1319.19 | Episode steps: 2500 | Average reward:  1224.14 | Step Count: 5649256 | Episode Q0:    37.66
Episode: 3633/5000 | Episode reward:  1271.86 | Episode steps: 2500 | Average reward:  1238.25 | Step Count: 5651756 | Episode Q0:    37.66
Episode: 3634/5000 | Episode reward:  1227.47 | Episode steps: 2500 | Average reward:  1253.70 | Step Count: 5654256 | Episode Q0:    37.66
Episode: 3635/5000 | Episode reward:  1116.11 | Episode steps: 2500 | Average reward:  1235.62 | Step Count: 5656756 | Episode Q0:    37.66
Episode: 3636/5000 | Episode reward:  1077.73 | Episode steps: 2500 | Average reward:  1216.74 | Step Count: 5659256 | Episode Q0:    37.66
Episode: 3637/5000 | Episode reward:  1268.08 | Episode steps: 2500 | Average reward:  1223.28 | Step Count: 5661756 | Episode Q0:    37.66
Episode: 3638/5000 | Episode reward:  1258.28 | Episode steps: 2500 | Average reward:  1218.04 | Step Count: 5664256 | Episode Q0:    37.66
Episode: 3639/5000 | Episode reward:  1312.01 | Episode steps: 2500 | Average reward:  1243.51 | Step Count: 5666756 | Episode Q0:    37.66
Episode: 3640/5000 | Episode reward:  1067.86 | Episode steps: 2500 | Average reward:  1218.02 | Step Count: 5669256 | Episode Q0:    37.66
Episode: 3641/5000 | Episode reward:  1071.12 | Episode steps: 2500 | Average reward:  1198.97 | Step Count: 5671756 | Episode Q0:    37.66
Episode: 3642/5000 | Episode reward:  1246.55 | Episode steps: 2500 | Average reward:  1191.71 | Step Count: 5674256 | Episode Q0:    37.66
Episode: 3643/5000 | Episode reward:  1269.57 | Episode steps: 2500 | Average reward:  1191.48 | Step Count: 5676756 | Episode Q0:    37.66
Episode: 3644/5000 | Episode reward:  1192.22 | Episode steps: 2500 | Average reward:  1187.95 | Step Count: 5679256 | Episode Q0:    37.66
Episode: 3645/5000 | Episode reward:  1285.77 | Episode steps: 2500 | Average reward:  1204.92 | Step Count: 5681756 | Episode Q0:    37.66
Episode: 3646/5000 | Episode reward:  1032.66 | Episode steps: 2500 | Average reward:  1200.41 | Step Count: 5684256 | Episode Q0:    37.66
Episode: 3647/5000 | Episode reward:  1097.11 | Episode steps: 2500 | Average reward:  1183.32 | Step Count: 5686756 | Episode Q0:    37.66
Episode: 3648/5000 | Episode reward:   964.50 | Episode steps: 2500 | Average reward:  1153.94 | Step Count: 5689256 | Episode Q0:    37.66
Episode: 3649/5000 | Episode reward:  1257.74 | Episode steps: 2500 | Average reward:  1148.51 | Step Count: 5691756 | Episode Q0:    35.82
Episode: 3650/5000 | Episode reward:  1147.94 | Episode steps: 2500 | Average reward:  1156.52 | Step Count: 5694256 | Episode Q0:    35.82
Episode: 3651/5000 | Episode reward:  1282.03 | Episode steps: 2500 | Average reward:  1177.61 | Step Count: 5696756 | Episode Q0:    35.82
Episode: 3652/5000 | Episode reward:  1263.64 | Episode steps: 2500 | Average reward:  1179.32 | Step Count: 5699256 | Episode Q0:    35.82
Episode: 3653/5000 | Episode reward:  1288.39 | Episode steps: 2500 | Average reward:  1181.20 | Step Count: 5701756 | Episode Q0:    35.82
Episode: 3654/5000 | Episode reward:  1262.46 | Episode steps: 2500 | Average reward:  1188.22 | Step Count: 5704256 | Episode Q0:    35.82
Episode: 3655/5000 | Episode reward:  1271.57 | Episode steps: 2500 | Average reward:  1186.80 | Step Count: 5706756 | Episode Q0:    35.82
Episode: 3656/5000 | Episode reward:  1266.17 | Episode steps: 2500 | Average reward:  1210.16 | Step Count: 5709256 | Episode Q0:    35.82
Episode: 3657/5000 | Episode reward:  1254.62 | Episode steps: 2500 | Average reward:  1225.91 | Step Count: 5711756 | Episode Q0:    35.82
Episode: 3658/5000 | Episode reward:  1275.73 | Episode steps: 2500 | Average reward:  1257.03 | Step Count: 5714256 | Episode Q0:    35.82
Episode: 3659/5000 | Episode reward:  1168.52 | Episode steps: 2500 | Average reward:  1248.11 | Step Count: 5716756 | Episode Q0:    35.82
Episode: 3660/5000 | Episode reward:  1209.01 | Episode steps: 2500 | Average reward:  1254.21 | Step Count: 5719256 | Episode Q0:    35.82
Episode: 3661/5000 | Episode reward:  1185.95 | Episode steps: 2500 | Average reward:  1244.61 | Step Count: 5721756 | Episode Q0:    35.82
Episode: 3662/5000 | Episode reward:  1253.92 | Episode steps: 2500 | Average reward:  1243.63 | Step Count: 5724256 | Episode Q0:    35.82
Episode: 3663/5000 | Episode reward:  1301.88 | Episode steps: 2500 | Average reward:  1244.98 | Step Count: 5726756 | Episode Q0:    35.82
Episode: 3664/5000 | Episode reward:  1311.25 | Episode steps: 2500 | Average reward:  1249.86 | Step Count: 5729256 | Episode Q0:    35.82
Episode: 3665/5000 | Episode reward:  1269.96 | Episode steps: 2500 | Average reward:  1249.70 | Step Count: 5731756 | Episode Q0:    35.82
Episode: 3666/5000 | Episode reward:  1247.80 | Episode steps: 2500 | Average reward:  1247.86 | Step Count: 5734256 | Episode Q0:    35.82
Episode: 3667/5000 | Episode reward:  1168.37 | Episode steps: 2500 | Average reward:  1239.24 | Step Count: 5736756 | Episode Q0:    35.82
Episode: 3668/5000 | Episode reward:  1286.20 | Episode steps: 2500 | Average reward:  1240.28 | Step Count: 5739256 | Episode Q0:    35.82
Episode: 3669/5000 | Episode reward:  1163.18 | Episode steps: 2500 | Average reward:  1239.75 | Step Count: 5741756 | Episode Q0:    35.82
Episode: 3670/5000 | Episode reward:  1266.31 | Episode steps: 2500 | Average reward:  1245.48 | Step Count: 5744256 | Episode Q0:    35.82
Episode: 3671/5000 | Episode reward:  1254.97 | Episode steps: 2500 | Average reward:  1252.38 | Step Count: 5746756 | Episode Q0:    35.82
Episode: 3672/5000 | Episode reward:  1185.47 | Episode steps: 2500 | Average reward:  1245.54 | Step Count: 5749256 | Episode Q0:    35.82
Episode: 3673/5000 | Episode reward:   372.67 | Episode steps:  815 | Average reward:  1152.62 | Step Count: 5750071 | Episode Q0:    35.82
Episode: 3674/5000 | Episode reward:  1239.08 | Episode steps: 2500 | Average reward:  1145.40 | Step Count: 5752571 | Episode Q0:    38.32
Episode: 3675/5000 | Episode reward:   215.22 | Episode steps:  410 | Average reward:  1039.93 | Step Count: 5752981 | Episode Q0:    38.32
Episode: 3676/5000 | Episode reward:   223.05 | Episode steps:  524 | Average reward:   937.45 | Step Count: 5753505 | Episode Q0:    38.32
Episode: 3677/5000 | Episode reward:  1257.30 | Episode steps: 2500 | Average reward:   946.34 | Step Count: 5756005 | Episode Q0:    38.32
Episode: 3678/5000 | Episode reward:  1292.57 | Episode steps: 2500 | Average reward:   946.98 | Step Count: 5758505 | Episode Q0:    38.32
Episode: 3679/5000 | Episode reward:   787.28 | Episode steps: 1636 | Average reward:   909.39 | Step Count: 5760141 | Episode Q0:    38.32
Episode: 3680/5000 | Episode reward:   749.33 | Episode steps: 1529 | Average reward:   857.69 | Step Count: 5761670 | Episode Q0:    38.32
Episode: 3681/5000 | Episode reward:  1177.84 | Episode steps: 2500 | Average reward:   849.98 | Step Count: 5764170 | Episode Q0:    38.32
Episode: 3682/5000 | Episode reward:   922.48 | Episode steps: 1886 | Average reward:   823.68 | Step Count: 5766056 | Episode Q0:    38.32
Episode: 3683/5000 | Episode reward:   636.81 | Episode steps: 1333 | Average reward:   850.10 | Step Count: 5767389 | Episode Q0:    38.32
Episode: 3684/5000 | Episode reward:   546.18 | Episode steps: 1170 | Average reward:   780.81 | Step Count: 5768559 | Episode Q0:    38.32
Episode: 3685/5000 | Episode reward:   288.96 | Episode steps:  641 | Average reward:   788.18 | Step Count: 5769200 | Episode Q0:    38.32
Episode: 3686/5000 | Episode reward:   619.76 | Episode steps: 1276 | Average reward:   827.85 | Step Count: 5770476 | Episode Q0:    38.32
Episode: 3687/5000 | Episode reward:  1157.35 | Episode steps: 2500 | Average reward:   817.86 | Step Count: 5772976 | Episode Q0:    38.32
Episode: 3688/5000 | Episode reward:   285.32 | Episode steps:  611 | Average reward:   717.13 | Step Count: 5773587 | Episode Q0:    38.32
Episode: 3689/5000 | Episode reward:   292.59 | Episode steps:  622 | Average reward:   667.66 | Step Count: 5774209 | Episode Q0:    38.32
Episode: 3690/5000 | Episode reward:  1096.17 | Episode steps: 2201 | Average reward:   702.35 | Step Count: 5776410 | Episode Q0:    38.32
Episode: 3691/5000 | Episode reward:   218.07 | Episode steps:  535 | Average reward:   606.37 | Step Count: 5776945 | Episode Q0:    38.32
Episode: 3692/5000 | Episode reward:   421.17 | Episode steps:  918 | Average reward:   556.24 | Step Count: 5777863 | Episode Q0:    38.32
Episode: 3693/5000 | Episode reward:  1185.38 | Episode steps: 2500 | Average reward:   611.09 | Step Count: 5780363 | Episode Q0:    39.05
Episode: 3694/5000 | Episode reward:  1105.23 | Episode steps: 2500 | Average reward:   667.00 | Step Count: 5782863 | Episode Q0:    39.05
Episode: 3695/5000 | Episode reward:  1233.33 | Episode steps: 2500 | Average reward:   761.44 | Step Count: 5785363 | Episode Q0:    39.05
Episode: 3696/5000 | Episode reward:  1154.73 | Episode steps: 2500 | Average reward:   814.93 | Step Count: 5787863 | Episode Q0:    39.05
Episode: 3697/5000 | Episode reward:  1260.50 | Episode steps: 2500 | Average reward:   825.25 | Step Count: 5790363 | Episode Q0:    39.05
Episode: 3698/5000 | Episode reward:  1205.29 | Episode steps: 2500 | Average reward:   917.25 | Step Count: 5792863 | Episode Q0:    39.05
Episode: 3699/5000 | Episode reward:  1070.76 | Episode steps: 2500 | Average reward:   995.06 | Step Count: 5795363 | Episode Q0:    39.05
Episode: 3700/5000 | Episode reward:   571.52 | Episode steps: 1253 | Average reward:   942.60 | Step Count: 5796616 | Episode Q0:    39.05
Episode: 3701/5000 | Episode reward:  1305.78 | Episode steps: 2500 | Average reward:  1051.37 | Step Count: 5799116 | Episode Q0:    39.05
Episode: 3702/5000 | Episode reward:  1141.06 | Episode steps: 2500 | Average reward:  1123.36 | Step Count: 5801616 | Episode Q0:    39.05
Episode: 3703/5000 | Episode reward:  1250.12 | Episode steps: 2500 | Average reward:  1129.83 | Step Count: 5804116 | Episode Q0:    39.05
Episode: 3704/5000 | Episode reward:   274.28 | Episode steps:  650 | Average reward:  1046.74 | Step Count: 5804766 | Episode Q0:    39.05
Episode: 3705/5000 | Episode reward:   234.64 | Episode steps:  566 | Average reward:   946.87 | Step Count: 5805332 | Episode Q0:    39.05
Episode: 3706/5000 | Episode reward:   173.02 | Episode steps:  354 | Average reward:   848.70 | Step Count: 5805686 | Episode Q0:    39.05
Episode: 3707/5000 | Episode reward:   507.89 | Episode steps: 1046 | Average reward:   773.44 | Step Count: 5806732 | Episode Q0:    39.05
Episode: 3708/5000 | Episode reward:  1095.08 | Episode steps: 2500 | Average reward:   762.41 | Step Count: 5809232 | Episode Q0:    39.05
Episode: 3709/5000 | Episode reward:   519.70 | Episode steps: 1117 | Average reward:   707.31 | Step Count: 5810349 | Episode Q0:    39.05
Episode: 3710/5000 | Episode reward:   689.85 | Episode steps: 1532 | Average reward:   719.14 | Step Count: 5811881 | Episode Q0:    39.05
Episode: 3711/5000 | Episode reward:   456.45 | Episode steps: 1064 | Average reward:   634.21 | Step Count: 5812945 | Episode Q0:    39.05
Episode: 3712/5000 | Episode reward:  1160.07 | Episode steps: 2500 | Average reward:   636.11 | Step Count: 5815445 | Episode Q0:    39.05
Episode: 3713/5000 | Episode reward:   206.41 | Episode steps:  533 | Average reward:   531.74 | Step Count: 5815978 | Episode Q0:    39.05
Episode: 3714/5000 | Episode reward:  1220.94 | Episode steps: 2500 | Average reward:   626.41 | Step Count: 5818478 | Episode Q0:    39.05
Episode: 3715/5000 | Episode reward:  1225.21 | Episode steps: 2500 | Average reward:   725.46 | Step Count: 5820978 | Episode Q0:    39.05
Episode: 3716/5000 | Episode reward:  1143.98 | Episode steps: 2500 | Average reward:   822.56 | Step Count: 5823478 | Episode Q0:    39.05
Episode: 3717/5000 | Episode reward:  1192.96 | Episode steps: 2500 | Average reward:   891.06 | Step Count: 5825978 | Episode Q0:    39.05
Episode: 3718/5000 | Episode reward:  1313.77 | Episode steps: 2500 | Average reward:   912.93 | Step Count: 5828478 | Episode Q0:    37.05
Episode: 3719/5000 | Episode reward:  1159.18 | Episode steps: 2500 | Average reward:   976.88 | Step Count: 5830978 | Episode Q0:    37.05
Episode: 3720/5000 | Episode reward:  1222.47 | Episode steps: 2500 | Average reward:  1030.14 | Step Count: 5833478 | Episode Q0:    37.05
Episode: 3721/5000 | Episode reward:  1233.90 | Episode steps: 2500 | Average reward:  1107.89 | Step Count: 5835978 | Episode Q0:    37.05
Episode: 3722/5000 | Episode reward:  1238.87 | Episode steps: 2500 | Average reward:  1115.77 | Step Count: 5838478 | Episode Q0:    37.05
Episode: 3723/5000 | Episode reward:  1207.68 | Episode steps: 2500 | Average reward:  1215.90 | Step Count: 5840978 | Episode Q0:    37.05
Episode: 3724/5000 | Episode reward:  1261.68 | Episode steps: 2500 | Average reward:  1219.97 | Step Count: 5843478 | Episode Q0:    37.05
Episode: 3725/5000 | Episode reward:  1263.40 | Episode steps: 2500 | Average reward:  1223.79 | Step Count: 5845978 | Episode Q0:    37.05
Episode: 3726/5000 | Episode reward:  1275.94 | Episode steps: 2500 | Average reward:  1236.98 | Step Count: 5848478 | Episode Q0:    37.05
Episode: 3727/5000 | Episode reward:   641.12 | Episode steps: 1359 | Average reward:  1181.80 | Step Count: 5849837 | Episode Q0:    37.05
Episode: 3728/5000 | Episode reward:  1185.94 | Episode steps: 2500 | Average reward:  1169.02 | Step Count: 5852337 | Episode Q0:    37.05
Episode: 3729/5000 | Episode reward:  1118.77 | Episode steps: 2500 | Average reward:  1164.98 | Step Count: 5854837 | Episode Q0:    37.05
Episode: 3730/5000 | Episode reward:   620.26 | Episode steps: 1268 | Average reward:  1104.76 | Step Count: 5856105 | Episode Q0:    37.05
Episode: 3731/5000 | Episode reward:  1225.33 | Episode steps: 2500 | Average reward:  1103.90 | Step Count: 5858605 | Episode Q0:    37.05
Episode: 3732/5000 | Episode reward:  1223.64 | Episode steps: 2500 | Average reward:  1102.37 | Step Count: 5861105 | Episode Q0:    37.05
Episode: 3733/5000 | Episode reward:  1234.20 | Episode steps: 2500 | Average reward:  1105.03 | Step Count: 5863605 | Episode Q0:    37.05
Episode: 3734/5000 | Episode reward:  1262.85 | Episode steps: 2500 | Average reward:  1105.14 | Step Count: 5866105 | Episode Q0:    37.05
Episode: 3735/5000 | Episode reward:  1275.76 | Episode steps: 2500 | Average reward:  1106.38 | Step Count: 5868605 | Episode Q0:    37.05
Episode: 3736/5000 | Episode reward:  1320.23 | Episode steps: 2500 | Average reward:  1110.81 | Step Count: 5871105 | Episode Q0:    37.05
Episode: 3737/5000 | Episode reward:  1098.93 | Episode steps: 2500 | Average reward:  1156.59 | Step Count: 5873605 | Episode Q0:    33.10
Episode: 3738/5000 | Episode reward:  1249.98 | Episode steps: 2500 | Average reward:  1163.00 | Step Count: 5876105 | Episode Q0:    33.10
Episode: 3739/5000 | Episode reward:  1199.76 | Episode steps: 2500 | Average reward:  1171.09 | Step Count: 5878605 | Episode Q0:    33.10
Episode: 3740/5000 | Episode reward:   845.48 | Episode steps: 1859 | Average reward:  1193.62 | Step Count: 5880464 | Episode Q0:    33.10
Episode: 3741/5000 | Episode reward:  1246.36 | Episode steps: 2500 | Average reward:  1195.72 | Step Count: 5882964 | Episode Q0:    33.10
Episode: 3742/5000 | Episode reward:  1284.80 | Episode steps: 2500 | Average reward:  1201.83 | Step Count: 5885464 | Episode Q0:    33.10
Episode: 3743/5000 | Episode reward:  1201.26 | Episode steps: 2500 | Average reward:  1198.54 | Step Count: 5887964 | Episode Q0:    33.10
Episode: 3744/5000 | Episode reward:   905.79 | Episode steps: 1901 | Average reward:  1162.83 | Step Count: 5889865 | Episode Q0:    33.10
Episode: 3745/5000 | Episode reward:  1220.47 | Episode steps: 2500 | Average reward:  1157.31 | Step Count: 5892365 | Episode Q0:    33.10
Episode: 3746/5000 | Episode reward:  1241.42 | Episode steps: 2500 | Average reward:  1149.42 | Step Count: 5894865 | Episode Q0:    33.10
Episode: 3747/5000 | Episode reward:  1258.06 | Episode steps: 2500 | Average reward:  1165.34 | Step Count: 5897365 | Episode Q0:    33.10
Episode: 3748/5000 | Episode reward:  1196.64 | Episode steps: 2500 | Average reward:  1160.00 | Step Count: 5899865 | Episode Q0:    33.10
Episode: 3749/5000 | Episode reward:  1278.46 | Episode steps: 2500 | Average reward:  1167.87 | Step Count: 5902365 | Episode Q0:    33.10
Episode: 3750/5000 | Episode reward:  1015.51 | Episode steps: 2261 | Average reward:  1184.88 | Step Count: 5904626 | Episode Q0:    33.10
Episode: 3751/5000 | Episode reward:   588.46 | Episode steps: 1330 | Average reward:  1119.09 | Step Count: 5905956 | Episode Q0:    33.10
Episode: 3752/5000 | Episode reward:  1241.86 | Episode steps: 2500 | Average reward:  1114.79 | Step Count: 5908456 | Episode Q0:    33.10
Episode: 3753/5000 | Episode reward:  1274.28 | Episode steps: 2500 | Average reward:  1122.10 | Step Count: 5910956 | Episode Q0:    33.10
Episode: 3754/5000 | Episode reward:   932.41 | Episode steps: 2113 | Average reward:  1124.76 | Step Count: 5913069 | Episode Q0:    33.10
Episode: 3755/5000 | Episode reward:  1200.26 | Episode steps: 2500 | Average reward:  1122.73 | Step Count: 5915569 | Episode Q0:    33.10
Episode: 3756/5000 | Episode reward:  1295.38 | Episode steps: 2500 | Average reward:  1128.13 | Step Count: 5918069 | Episode Q0:    33.10
Episode: 3757/5000 | Episode reward:  1269.14 | Episode steps: 2500 | Average reward:  1129.24 | Step Count: 5920569 | Episode Q0:    33.10
Episode: 3758/5000 | Episode reward:  1312.14 | Episode steps: 2500 | Average reward:  1140.79 | Step Count: 5923069 | Episode Q0:    33.10
Episode: 3759/5000 | Episode reward:  1200.97 | Episode steps: 2500 | Average reward:  1133.04 | Step Count: 5925569 | Episode Q0:    33.10
Episode: 3760/5000 | Episode reward:  1193.83 | Episode steps: 2500 | Average reward:  1150.87 | Step Count: 5928069 | Episode Q0:    33.10
Episode: 3761/5000 | Episode reward:   759.23 | Episode steps: 1530 | Average reward:  1167.95 | Step Count: 5929599 | Episode Q0:    33.10
Episode: 3762/5000 | Episode reward:  1205.54 | Episode steps: 2500 | Average reward:  1164.32 | Step Count: 5932099 | Episode Q0:    38.38
Episode: 3763/5000 | Episode reward:  1294.19 | Episode steps: 2500 | Average reward:  1166.31 | Step Count: 5934599 | Episode Q0:    38.38
Episode: 3764/5000 | Episode reward:  1312.99 | Episode steps: 2500 | Average reward:  1204.37 | Step Count: 5937099 | Episode Q0:    38.38
Episode: 3765/5000 | Episode reward:  1305.68 | Episode steps: 2500 | Average reward:  1214.91 | Step Count: 5939599 | Episode Q0:    38.38
Episode: 3766/5000 | Episode reward:  1304.41 | Episode steps: 2500 | Average reward:  1215.81 | Step Count: 5942099 | Episode Q0:    38.38
Episode: 3767/5000 | Episode reward:  1287.07 | Episode steps: 2500 | Average reward:  1217.61 | Step Count: 5944599 | Episode Q0:    38.38
Episode: 3768/5000 | Episode reward:  1251.02 | Episode steps: 2500 | Average reward:  1211.49 | Step Count: 5947099 | Episode Q0:    38.38
Episode: 3769/5000 | Episode reward:  1302.57 | Episode steps: 2500 | Average reward:  1221.65 | Step Count: 5949599 | Episode Q0:    38.38
Episode: 3770/5000 | Episode reward:  1314.29 | Episode steps: 2500 | Average reward:  1233.70 | Step Count: 5952099 | Episode Q0:    38.38
Episode: 3771/5000 | Episode reward:  1235.63 | Episode steps: 2500 | Average reward:  1281.34 | Step Count: 5954599 | Episode Q0:    38.38
Episode: 3772/5000 | Episode reward:  1331.08 | Episode steps: 2500 | Average reward:  1293.89 | Step Count: 5957099 | Episode Q0:    38.38
Episode: 3773/5000 | Episode reward:  1316.78 | Episode steps: 2500 | Average reward:  1296.15 | Step Count: 5959599 | Episode Q0:    38.38
Episode: 3774/5000 | Episode reward:  1340.28 | Episode steps: 2500 | Average reward:  1298.88 | Step Count: 5962099 | Episode Q0:    38.38
Episode: 3775/5000 | Episode reward:  1298.69 | Episode steps: 2500 | Average reward:  1298.18 | Step Count: 5964599 | Episode Q0:    38.38
Episode: 3776/5000 | Episode reward:  1307.94 | Episode steps: 2500 | Average reward:  1298.54 | Step Count: 5967099 | Episode Q0:    38.38
Episode: 3777/5000 | Episode reward:  1316.67 | Episode steps: 2500 | Average reward:  1301.50 | Step Count: 5969599 | Episode Q0:    38.38
Episode: 3778/5000 | Episode reward:  1244.41 | Episode steps: 2500 | Average reward:  1300.84 | Step Count: 5972099 | Episode Q0:    38.38
Episode: 3779/5000 | Episode reward:  1283.65 | Episode steps: 2500 | Average reward:  1298.94 | Step Count: 5974599 | Episode Q0:    38.38
Episode: 3780/5000 | Episode reward:  1328.04 | Episode steps: 2500 | Average reward:  1300.32 | Step Count: 5977099 | Episode Q0:    38.38
Episode: 3781/5000 | Episode reward:  1322.06 | Episode steps: 2500 | Average reward:  1308.96 | Step Count: 5979599 | Episode Q0:    38.61
Episode: 3782/5000 | Episode reward:  1285.33 | Episode steps: 2500 | Average reward:  1304.39 | Step Count: 5982099 | Episode Q0:    38.61
Episode: 3783/5000 | Episode reward:  1311.57 | Episode steps: 2500 | Average reward:  1303.86 | Step Count: 5984599 | Episode Q0:    38.61
Episode: 3784/5000 | Episode reward:  1258.11 | Episode steps: 2500 | Average reward:  1295.65 | Step Count: 5987099 | Episode Q0:    38.61
Episode: 3785/5000 | Episode reward:  1261.11 | Episode steps: 2500 | Average reward:  1291.89 | Step Count: 5989599 | Episode Q0:    38.61
Episode: 3786/5000 | Episode reward:  1321.59 | Episode steps: 2500 | Average reward:  1293.25 | Step Count: 5992099 | Episode Q0:    38.61
Episode: 3787/5000 | Episode reward:  1263.02 | Episode steps: 2500 | Average reward:  1287.89 | Step Count: 5994599 | Episode Q0:    38.61
Episode: 3788/5000 | Episode reward:  1317.06 | Episode steps: 2500 | Average reward:  1295.15 | Step Count: 5997099 | Episode Q0:    38.61
Episode: 3789/5000 | Episode reward:  1320.16 | Episode steps: 2500 | Average reward:  1298.81 | Step Count: 5999599 | Episode Q0:    38.61
Episode: 3790/5000 | Episode reward:  1281.11 | Episode steps: 2500 | Average reward:  1294.11 | Step Count: 6002099 | Episode Q0:    38.61
Episode: 3791/5000 | Episode reward:  1312.71 | Episode steps: 2500 | Average reward:  1293.18 | Step Count: 6004599 | Episode Q0:    38.61
Episode: 3792/5000 | Episode reward:  1285.26 | Episode steps: 2500 | Average reward:  1293.17 | Step Count: 6007099 | Episode Q0:    38.61
Episode: 3793/5000 | Episode reward:  1280.73 | Episode steps: 2500 | Average reward:  1290.09 | Step Count: 6009599 | Episode Q0:    38.61
Episode: 3794/5000 | Episode reward:  1316.62 | Episode steps: 2500 | Average reward:  1295.94 | Step Count: 6012099 | Episode Q0:    38.61
Episode: 3795/5000 | Episode reward:  1296.75 | Episode steps: 2500 | Average reward:  1299.50 | Step Count: 6014599 | Episode Q0:    38.61
Episode: 3796/5000 | Episode reward:  1332.71 | Episode steps: 2500 | Average reward:  1300.61 | Step Count: 6017099 | Episode Q0:    38.61
Episode: 3797/5000 | Episode reward:  1279.04 | Episode steps: 2500 | Average reward:  1302.21 | Step Count: 6019599 | Episode Q0:    38.61
Episode: 3798/5000 | Episode reward:  1322.30 | Episode steps: 2500 | Average reward:  1302.74 | Step Count: 6022099 | Episode Q0:    38.61
Episode: 3799/5000 | Episode reward:  1266.67 | Episode steps: 2500 | Average reward:  1297.39 | Step Count: 6024599 | Episode Q0:    38.61
Episode: 3800/5000 | Episode reward:  1245.41 | Episode steps: 2500 | Average reward:  1293.82 | Step Count: 6027099 | Episode Q0:    38.61
Episode: 3801/5000 | Episode reward:  1253.93 | Episode steps: 2500 | Average reward:  1287.94 | Step Count: 6029599 | Episode Q0:    38.61
Episode: 3802/5000 | Episode reward:  1337.46 | Episode steps: 2500 | Average reward:  1293.16 | Step Count: 6032099 | Episode Q0:    38.61
Episode: 3803/5000 | Episode reward:  1268.32 | Episode steps: 2500 | Average reward:  1291.92 | Step Count: 6034599 | Episode Q0:    38.61
Episode: 3804/5000 | Episode reward:  1299.53 | Episode steps: 2500 | Average reward:  1290.21 | Step Count: 6037099 | Episode Q0:    38.61
Episode: 3805/5000 | Episode reward:  1243.56 | Episode steps: 2500 | Average reward:  1284.89 | Step Count: 6039599 | Episode Q0:    38.61
Episode: 3806/5000 | Episode reward:  1213.57 | Episode steps: 2500 | Average reward:  1272.98 | Step Count: 6042099 | Episode Q0:    37.29
Episode: 3807/5000 | Episode reward:  1261.55 | Episode steps: 2500 | Average reward:  1271.23 | Step Count: 6044599 | Episode Q0:    37.29
Episode: 3808/5000 | Episode reward:  1333.67 | Episode steps: 2500 | Average reward:  1272.37 | Step Count: 6047099 | Episode Q0:    37.29
Episode: 3809/5000 | Episode reward:  1241.51 | Episode steps: 2500 | Average reward:  1269.85 | Step Count: 6049599 | Episode Q0:    37.29
Episode: 3810/5000 | Episode reward:  1236.70 | Episode steps: 2500 | Average reward:  1268.98 | Step Count: 6052099 | Episode Q0:    37.29
Episode: 3811/5000 | Episode reward:  1261.21 | Episode steps: 2500 | Average reward:  1269.71 | Step Count: 6054599 | Episode Q0:    37.29
Episode: 3812/5000 | Episode reward:  1358.53 | Episode steps: 2500 | Average reward:  1271.82 | Step Count: 6057099 | Episode Q0:    37.29
Episode: 3813/5000 | Episode reward:  1125.31 | Episode steps: 2500 | Average reward:  1257.51 | Step Count: 6059599 | Episode Q0:    37.29
Episode: 3814/5000 | Episode reward:  1154.91 | Episode steps: 2500 | Average reward:  1243.05 | Step Count: 6062099 | Episode Q0:    37.29
Episode: 3815/5000 | Episode reward:  1255.16 | Episode steps: 2500 | Average reward:  1244.21 | Step Count: 6064599 | Episode Q0:    37.29
Episode: 3816/5000 | Episode reward:  1288.95 | Episode steps: 2500 | Average reward:  1251.75 | Step Count: 6067099 | Episode Q0:    37.29
Episode: 3817/5000 | Episode reward:  1264.97 | Episode steps: 2500 | Average reward:  1252.09 | Step Count: 6069599 | Episode Q0:    37.29
Episode: 3818/5000 | Episode reward:  1244.85 | Episode steps: 2500 | Average reward:  1243.21 | Step Count: 6072099 | Episode Q0:    37.29
Episode: 3819/5000 | Episode reward:  1293.51 | Episode steps: 2500 | Average reward:  1248.41 | Step Count: 6074599 | Episode Q0:    37.29
Episode: 3820/5000 | Episode reward:  1195.79 | Episode steps: 2500 | Average reward:  1244.32 | Step Count: 6077099 | Episode Q0:    37.29
Episode: 3821/5000 | Episode reward:  1250.67 | Episode steps: 2500 | Average reward:  1243.26 | Step Count: 6079599 | Episode Q0:    37.29
Episode: 3822/5000 | Episode reward:  1266.48 | Episode steps: 2500 | Average reward:  1234.06 | Step Count: 6082099 | Episode Q0:    37.29
Episode: 3823/5000 | Episode reward:  1298.37 | Episode steps: 2500 | Average reward:  1251.37 | Step Count: 6084599 | Episode Q0:    37.29
Episode: 3824/5000 | Episode reward:  1304.93 | Episode steps: 2500 | Average reward:  1266.37 | Step Count: 6087099 | Episode Q0:    37.29
Episode: 3825/5000 | Episode reward:  1250.88 | Episode steps: 2500 | Average reward:  1265.94 | Step Count: 6089599 | Episode Q0:    34.96
Episode: 3826/5000 | Episode reward:  1324.45 | Episode steps: 2500 | Average reward:  1269.49 | Step Count: 6092099 | Episode Q0:    34.96
Episode: 3827/5000 | Episode reward:  1248.36 | Episode steps: 2500 | Average reward:  1267.83 | Step Count: 6094599 | Episode Q0:    34.96
Episode: 3828/5000 | Episode reward:  1230.27 | Episode steps: 2500 | Average reward:  1266.37 | Step Count: 6097099 | Episode Q0:    34.96
Episode: 3829/5000 | Episode reward:  1203.75 | Episode steps: 2500 | Average reward:  1257.40 | Step Count: 6099599 | Episode Q0:    34.96
Episode: 3830/5000 | Episode reward:  1326.95 | Episode steps: 2500 | Average reward:  1270.51 | Step Count: 6102099 | Episode Q0:    34.96
Episode: 3831/5000 | Episode reward:  1281.84 | Episode steps: 2500 | Average reward:  1273.63 | Step Count: 6104599 | Episode Q0:    34.96
Episode: 3832/5000 | Episode reward:  1294.92 | Episode steps: 2500 | Average reward:  1276.47 | Step Count: 6107099 | Episode Q0:    34.96
Episode: 3833/5000 | Episode reward:  1283.10 | Episode steps: 2500 | Average reward:  1274.95 | Step Count: 6109599 | Episode Q0:    34.96
Episode: 3834/5000 | Episode reward:  1261.13 | Episode steps: 2500 | Average reward:  1270.57 | Step Count: 6112099 | Episode Q0:    34.96
Episode: 3835/5000 | Episode reward:  1281.07 | Episode steps: 2500 | Average reward:  1273.59 | Step Count: 6114599 | Episode Q0:    34.96
Episode: 3836/5000 | Episode reward:  1228.76 | Episode steps: 2500 | Average reward:  1264.02 | Step Count: 6117099 | Episode Q0:    34.96
Episode: 3837/5000 | Episode reward:  1203.58 | Episode steps: 2500 | Average reward:  1259.54 | Step Count: 6119599 | Episode Q0:    34.96
Episode: 3838/5000 | Episode reward:  1058.50 | Episode steps: 2500 | Average reward:  1242.36 | Step Count: 6122099 | Episode Q0:    34.96
Episode: 3839/5000 | Episode reward:  1228.29 | Episode steps: 2500 | Average reward:  1244.81 | Step Count: 6124599 | Episode Q0:    34.96
Episode: 3840/5000 | Episode reward:  1244.04 | Episode steps: 2500 | Average reward:  1236.52 | Step Count: 6127099 | Episode Q0:    34.96
Episode: 3841/5000 | Episode reward:   989.14 | Episode steps: 2500 | Average reward:  1207.25 | Step Count: 6129599 | Episode Q0:    34.96
Episode: 3842/5000 | Episode reward:  1257.52 | Episode steps: 2500 | Average reward:  1203.51 | Step Count: 6132099 | Episode Q0:    34.96
Episode: 3843/5000 | Episode reward:  1235.58 | Episode steps: 2500 | Average reward:  1198.76 | Step Count: 6134599 | Episode Q0:    34.96
Episode: 3844/5000 | Episode reward:  1321.16 | Episode steps: 2500 | Average reward:  1204.77 | Step Count: 6137099 | Episode Q0:    34.96
Episode: 3845/5000 | Episode reward:  1286.47 | Episode steps: 2500 | Average reward:  1205.30 | Step Count: 6139599 | Episode Q0:    34.96
Episode: 3846/5000 | Episode reward:  1253.15 | Episode steps: 2500 | Average reward:  1207.74 | Step Count: 6142099 | Episode Q0:    34.96
Episode: 3847/5000 | Episode reward:  1208.77 | Episode steps: 2500 | Average reward:  1208.26 | Step Count: 6144599 | Episode Q0:    34.96
Episode: 3848/5000 | Episode reward:  1240.02 | Episode steps: 2500 | Average reward:  1226.41 | Step Count: 6147099 | Episode Q0:    34.96
Episode: 3849/5000 | Episode reward:  1222.75 | Episode steps: 2500 | Average reward:  1225.86 | Step Count: 6149599 | Episode Q0:    34.96
Episode: 3850/5000 | Episode reward:  1314.92 | Episode steps: 2500 | Average reward:  1232.95 | Step Count: 6152099 | Episode Q0:    38.39
Episode: 3851/5000 | Episode reward:  1246.77 | Episode steps: 2500 | Average reward:  1258.71 | Step Count: 6154599 | Episode Q0:    38.39
Episode: 3852/5000 | Episode reward:  1258.45 | Episode steps: 2500 | Average reward:  1258.80 | Step Count: 6157099 | Episode Q0:    38.39
Episode: 3853/5000 | Episode reward:  1204.83 | Episode steps: 2500 | Average reward:  1255.73 | Step Count: 6159599 | Episode Q0:    38.39
Episode: 3854/5000 | Episode reward:  1228.08 | Episode steps: 2500 | Average reward:  1246.42 | Step Count: 6162099 | Episode Q0:    38.39
Episode: 3855/5000 | Episode reward:  1266.24 | Episode steps: 2500 | Average reward:  1244.40 | Step Count: 6164599 | Episode Q0:    38.39
Episode: 3856/5000 | Episode reward:  1224.14 | Episode steps: 2500 | Average reward:  1241.50 | Step Count: 6167099 | Episode Q0:    38.39
Episode: 3857/5000 | Episode reward:  1312.48 | Episode steps: 2500 | Average reward:  1251.87 | Step Count: 6169599 | Episode Q0:    38.39
Episode: 3858/5000 | Episode reward:  1234.59 | Episode steps: 2500 | Average reward:  1251.32 | Step Count: 6172099 | Episode Q0:    38.39
Episode: 3859/5000 | Episode reward:  1292.88 | Episode steps: 2500 | Average reward:  1258.34 | Step Count: 6174599 | Episode Q0:    38.39
Episode: 3860/5000 | Episode reward:  1323.22 | Episode steps: 2500 | Average reward:  1259.17 | Step Count: 6177099 | Episode Q0:    38.39
Episode: 3861/5000 | Episode reward:  1298.67 | Episode steps: 2500 | Average reward:  1264.36 | Step Count: 6179599 | Episode Q0:    38.39
Episode: 3862/5000 | Episode reward:  1316.81 | Episode steps: 2500 | Average reward:  1270.19 | Step Count: 6182099 | Episode Q0:    38.39
Episode: 3863/5000 | Episode reward:  1225.62 | Episode steps: 2500 | Average reward:  1272.27 | Step Count: 6184599 | Episode Q0:    38.39
Episode: 3864/5000 | Episode reward:  1260.00 | Episode steps: 2500 | Average reward:  1275.47 | Step Count: 6187099 | Episode Q0:    38.39
Episode: 3865/5000 | Episode reward:  1224.45 | Episode steps: 2500 | Average reward:  1271.29 | Step Count: 6189599 | Episode Q0:    38.39
Episode: 3866/5000 | Episode reward:  1301.78 | Episode steps: 2500 | Average reward:  1279.05 | Step Count: 6192099 | Episode Q0:    38.39
Episode: 3867/5000 | Episode reward:  1324.06 | Episode steps: 2500 | Average reward:  1280.21 | Step Count: 6194599 | Episode Q0:    38.39
Episode: 3868/5000 | Episode reward:  1245.61 | Episode steps: 2500 | Average reward:  1281.31 | Step Count: 6197099 | Episode Q0:    38.39
Episode: 3869/5000 | Episode reward:  1274.73 | Episode steps: 2500 | Average reward:  1279.50 | Step Count: 6199599 | Episode Q0:    37.26
Episode: 3870/5000 | Episode reward:  1234.80 | Episode steps: 2500 | Average reward:  1270.65 | Step Count: 6202099 | Episode Q0:    37.26
Episode: 3871/5000 | Episode reward:  1236.99 | Episode steps: 2500 | Average reward:  1264.49 | Step Count: 6204599 | Episode Q0:    37.26
Episode: 3872/5000 | Episode reward:  1329.26 | Episode steps: 2500 | Average reward:  1265.73 | Step Count: 6207099 | Episode Q0:    37.26
Episode: 3873/5000 | Episode reward:  1263.91 | Episode steps: 2500 | Average reward:  1269.56 | Step Count: 6209599 | Episode Q0:    37.26
Episode: 3874/5000 | Episode reward:  1205.92 | Episode steps: 2500 | Average reward:  1264.15 | Step Count: 6212099 | Episode Q0:    37.26
Episode: 3875/5000 | Episode reward:  1281.80 | Episode steps: 2500 | Average reward:  1269.89 | Step Count: 6214599 | Episode Q0:    37.26
Episode: 3876/5000 | Episode reward:  1292.13 | Episode steps: 2500 | Average reward:  1268.92 | Step Count: 6217099 | Episode Q0:    37.26
Episode: 3877/5000 | Episode reward:  1288.09 | Episode steps: 2500 | Average reward:  1265.32 | Step Count: 6219599 | Episode Q0:    37.26
Episode: 3878/5000 | Episode reward:  1297.30 | Episode steps: 2500 | Average reward:  1270.49 | Step Count: 6222099 | Episode Q0:    37.26
Episode: 3879/5000 | Episode reward:  1282.18 | Episode steps: 2500 | Average reward:  1271.24 | Step Count: 6224599 | Episode Q0:    37.26
Episode: 3880/5000 | Episode reward:  1237.39 | Episode steps: 2500 | Average reward:  1271.50 | Step Count: 6227099 | Episode Q0:    37.26
Episode: 3881/5000 | Episode reward:  1240.30 | Episode steps: 2500 | Average reward:  1271.83 | Step Count: 6229599 | Episode Q0:    37.26
Episode: 3882/5000 | Episode reward:  1276.61 | Episode steps: 2500 | Average reward:  1266.56 | Step Count: 6232099 | Episode Q0:    37.26
Episode: 3883/5000 | Episode reward:  1286.47 | Episode steps: 2500 | Average reward:  1268.82 | Step Count: 6234599 | Episode Q0:    37.26
Episode: 3884/5000 | Episode reward:  1240.42 | Episode steps: 2500 | Average reward:  1272.27 | Step Count: 6237099 | Episode Q0:    37.26
Episode: 3885/5000 | Episode reward:  1142.62 | Episode steps: 2500 | Average reward:  1258.35 | Step Count: 6239599 | Episode Q0:    37.26
Episode: 3886/5000 | Episode reward:  1272.50 | Episode steps: 2500 | Average reward:  1256.39 | Step Count: 6242099 | Episode Q0:    37.26
Episode: 3887/5000 | Episode reward:  1140.86 | Episode steps: 2500 | Average reward:  1241.66 | Step Count: 6244599 | Episode Q0:    37.26
Episode: 3888/5000 | Episode reward:  1282.01 | Episode steps: 2500 | Average reward:  1240.14 | Step Count: 6247099 | Episode Q0:    37.26
Episode: 3889/5000 | Episode reward:  1263.49 | Episode steps: 2500 | Average reward:  1238.27 | Step Count: 6249599 | Episode Q0:    37.26
Episode: 3890/5000 | Episode reward:  1197.70 | Episode steps: 2500 | Average reward:  1234.30 | Step Count: 6252099 | Episode Q0:    37.26
Episode: 3891/5000 | Episode reward:  1135.14 | Episode steps: 2500 | Average reward:  1223.78 | Step Count: 6254599 | Episode Q0:    37.26
Episode: 3892/5000 | Episode reward:  1258.64 | Episode steps: 2500 | Average reward:  1221.98 | Step Count: 6257099 | Episode Q0:    37.26
Episode: 3893/5000 | Episode reward:  1212.75 | Episode steps: 2500 | Average reward:  1214.61 | Step Count: 6259599 | Episode Q0:    37.26
Episode: 3894/5000 | Episode reward:  1255.18 | Episode steps: 2500 | Average reward:  1216.09 | Step Count: 6262099 | Episode Q0:    37.50
Episode: 3895/5000 | Episode reward:  1243.28 | Episode steps: 2500 | Average reward:  1226.16 | Step Count: 6264599 | Episode Q0:    37.50
Episode: 3896/5000 | Episode reward:  1309.38 | Episode steps: 2500 | Average reward:  1229.84 | Step Count: 6267099 | Episode Q0:    37.50
Episode: 3897/5000 | Episode reward:  1263.64 | Episode steps: 2500 | Average reward:  1242.12 | Step Count: 6269599 | Episode Q0:    37.50
Episode: 3898/5000 | Episode reward:  1310.71 | Episode steps: 2500 | Average reward:  1244.99 | Step Count: 6272099 | Episode Q0:    37.50
Episode: 3899/5000 | Episode reward:  1274.10 | Episode steps: 2500 | Average reward:  1246.05 | Step Count: 6274599 | Episode Q0:    37.50
Episode: 3900/5000 | Episode reward:  1250.59 | Episode steps: 2500 | Average reward:  1251.34 | Step Count: 6277099 | Episode Q0:    37.50
Episode: 3901/5000 | Episode reward:  1281.28 | Episode steps: 2500 | Average reward:  1265.96 | Step Count: 6279599 | Episode Q0:    37.50
Episode: 3902/5000 | Episode reward:  1317.85 | Episode steps: 2500 | Average reward:  1271.88 | Step Count: 6282099 | Episode Q0:    37.50
Episode: 3903/5000 | Episode reward:  1274.52 | Episode steps: 2500 | Average reward:  1278.05 | Step Count: 6284599 | Episode Q0:    37.50
Episode: 3904/5000 | Episode reward:  1300.54 | Episode steps: 2500 | Average reward:  1282.59 | Step Count: 6287099 | Episode Q0:    37.50
Episode: 3905/5000 | Episode reward:  1302.49 | Episode steps: 2500 | Average reward:  1288.51 | Step Count: 6289599 | Episode Q0:    37.50
Episode: 3906/5000 | Episode reward:  1286.96 | Episode steps: 2500 | Average reward:  1286.27 | Step Count: 6292099 | Episode Q0:    37.50
Episode: 3907/5000 | Episode reward:  1246.62 | Episode steps: 2500 | Average reward:  1284.57 | Step Count: 6294599 | Episode Q0:    37.50
Episode: 3908/5000 | Episode reward:  1293.91 | Episode steps: 2500 | Average reward:  1282.89 | Step Count: 6297099 | Episode Q0:    37.50
Episode: 3909/5000 | Episode reward:  1295.57 | Episode steps: 2500 | Average reward:  1285.03 | Step Count: 6299599 | Episode Q0:    37.50
Episode: 3910/5000 | Episode reward:  1271.49 | Episode steps: 2500 | Average reward:  1287.12 | Step Count: 6302099 | Episode Q0:    37.50
Episode: 3911/5000 | Episode reward:  1325.92 | Episode steps: 2500 | Average reward:  1291.59 | Step Count: 6304599 | Episode Q0:    37.50
Episode: 3912/5000 | Episode reward:  1309.96 | Episode steps: 2500 | Average reward:  1290.80 | Step Count: 6307099 | Episode Q0:    37.50
Episode: 3913/5000 | Episode reward:  1291.66 | Episode steps: 2500 | Average reward:  1292.51 | Step Count: 6309599 | Episode Q0:    39.56
Episode: 3914/5000 | Episode reward:  1266.47 | Episode steps: 2500 | Average reward:  1289.10 | Step Count: 6312099 | Episode Q0:    39.56
Episode: 3915/5000 | Episode reward:  1262.03 | Episode steps: 2500 | Average reward:  1285.06 | Step Count: 6314599 | Episode Q0:    39.56
Episode: 3916/5000 | Episode reward:  1258.73 | Episode steps: 2500 | Average reward:  1282.24 | Step Count: 6317099 | Episode Q0:    39.56
Episode: 3917/5000 | Episode reward:  1251.07 | Episode steps: 2500 | Average reward:  1282.68 | Step Count: 6319599 | Episode Q0:    39.56
Episode: 3918/5000 | Episode reward:  1260.77 | Episode steps: 2500 | Average reward:  1279.37 | Step Count: 6322099 | Episode Q0:    39.56
Episode: 3919/5000 | Episode reward:  1259.35 | Episode steps: 2500 | Average reward:  1275.75 | Step Count: 6324599 | Episode Q0:    39.56
Episode: 3920/5000 | Episode reward:  1255.64 | Episode steps: 2500 | Average reward:  1274.16 | Step Count: 6327099 | Episode Q0:    39.56
Episode: 3921/5000 | Episode reward:  1260.67 | Episode steps: 2500 | Average reward:  1267.64 | Step Count: 6329599 | Episode Q0:    39.56
Episode: 3922/5000 | Episode reward:  1283.27 | Episode steps: 2500 | Average reward:  1264.97 | Step Count: 6332099 | Episode Q0:    39.56
Episode: 3923/5000 | Episode reward:  1250.13 | Episode steps: 2500 | Average reward:  1260.81 | Step Count: 6334599 | Episode Q0:    39.56
Episode: 3924/5000 | Episode reward:  1327.09 | Episode steps: 2500 | Average reward:  1266.88 | Step Count: 6337099 | Episode Q0:    39.56
Episode: 3925/5000 | Episode reward:  1264.92 | Episode steps: 2500 | Average reward:  1267.17 | Step Count: 6339599 | Episode Q0:    39.56
Episode: 3926/5000 | Episode reward:  1324.66 | Episode steps: 2500 | Average reward:  1273.76 | Step Count: 6342099 | Episode Q0:    39.56
Episode: 3927/5000 | Episode reward:  1238.76 | Episode steps: 2500 | Average reward:  1272.53 | Step Count: 6344599 | Episode Q0:    39.56
Episode: 3928/5000 | Episode reward:  1260.03 | Episode steps: 2500 | Average reward:  1272.45 | Step Count: 6347099 | Episode Q0:    39.56
Episode: 3929/5000 | Episode reward:  1270.82 | Episode steps: 2500 | Average reward:  1273.60 | Step Count: 6349599 | Episode Q0:    39.56
Episode: 3930/5000 | Episode reward:  1276.81 | Episode steps: 2500 | Average reward:  1275.72 | Step Count: 6352099 | Episode Q0:    39.56
Episode: 3931/5000 | Episode reward:  1259.69 | Episode steps: 2500 | Average reward:  1275.62 | Step Count: 6354599 | Episode Q0:    39.56
Episode: 3932/5000 | Episode reward:  1335.11 | Episode steps: 2500 | Average reward:  1280.80 | Step Count: 6357099 | Episode Q0:    39.56
Episode: 3933/5000 | Episode reward:  1316.19 | Episode steps: 2500 | Average reward:  1287.41 | Step Count: 6359599 | Episode Q0:    39.56
Episode: 3934/5000 | Episode reward:  1261.10 | Episode steps: 2500 | Average reward:  1280.81 | Step Count: 6362099 | Episode Q0:    39.56
Episode: 3935/5000 | Episode reward:  1326.77 | Episode steps: 2500 | Average reward:  1286.99 | Step Count: 6364599 | Episode Q0:    39.56
Episode: 3936/5000 | Episode reward:  1255.59 | Episode steps: 2500 | Average reward:  1280.09 | Step Count: 6367099 | Episode Q0:    39.56
Episode: 3937/5000 | Episode reward:  1262.46 | Episode steps: 2500 | Average reward:  1282.46 | Step Count: 6369599 | Episode Q0:    39.56
Episode: 3938/5000 | Episode reward:  1259.65 | Episode steps: 2500 | Average reward:  1282.42 | Step Count: 6372099 | Episode Q0:    37.66
Episode: 3939/5000 | Episode reward:  1265.58 | Episode steps: 2500 | Average reward:  1281.89 | Step Count: 6374599 | Episode Q0:    37.66
Episode: 3940/5000 | Episode reward:  1250.80 | Episode steps: 2500 | Average reward:  1279.29 | Step Count: 6377099 | Episode Q0:    37.66
Episode: 3941/5000 | Episode reward:  1266.13 | Episode steps: 2500 | Average reward:  1279.94 | Step Count: 6379599 | Episode Q0:    37.66
Episode: 3942/5000 | Episode reward:  1257.19 | Episode steps: 2500 | Average reward:  1272.15 | Step Count: 6382099 | Episode Q0:    37.66
Episode: 3943/5000 | Episode reward:  1262.18 | Episode steps: 2500 | Average reward:  1266.74 | Step Count: 6384599 | Episode Q0:    37.66
Episode: 3944/5000 | Episode reward:  1254.16 | Episode steps: 2500 | Average reward:  1266.05 | Step Count: 6387099 | Episode Q0:    37.66
Episode: 3945/5000 | Episode reward:  1267.28 | Episode steps: 2500 | Average reward:  1260.10 | Step Count: 6389599 | Episode Q0:    37.66
Episode: 3946/5000 | Episode reward:  1266.62 | Episode steps: 2500 | Average reward:  1261.20 | Step Count: 6392099 | Episode Q0:    37.66
Episode: 3947/5000 | Episode reward:  1272.36 | Episode steps: 2500 | Average reward:  1262.19 | Step Count: 6394599 | Episode Q0:    37.66
Episode: 3948/5000 | Episode reward:  1250.89 | Episode steps: 2500 | Average reward:  1261.32 | Step Count: 6397099 | Episode Q0:    37.66
Episode: 3949/5000 | Episode reward:  1239.83 | Episode steps: 2500 | Average reward:  1258.74 | Step Count: 6399599 | Episode Q0:    37.66
Episode: 3950/5000 | Episode reward:  1253.24 | Episode steps: 2500 | Average reward:  1258.99 | Step Count: 6402099 | Episode Q0:    37.66
Episode: 3951/5000 | Episode reward:  1263.97 | Episode steps: 2500 | Average reward:  1258.77 | Step Count: 6404599 | Episode Q0:    37.66
Episode: 3952/5000 | Episode reward:  1259.90 | Episode steps: 2500 | Average reward:  1259.04 | Step Count: 6407099 | Episode Q0:    37.66
Episode: 3953/5000 | Episode reward:  1268.26 | Episode steps: 2500 | Average reward:  1259.65 | Step Count: 6409599 | Episode Q0:    37.66
Episode: 3954/5000 | Episode reward:  1243.97 | Episode steps: 2500 | Average reward:  1258.63 | Step Count: 6412099 | Episode Q0:    37.66
Episode: 3955/5000 | Episode reward:  1258.09 | Episode steps: 2500 | Average reward:  1257.71 | Step Count: 6414599 | Episode Q0:    37.66
Episode: 3956/5000 | Episode reward:  1212.25 | Episode steps: 2500 | Average reward:  1252.28 | Step Count: 6417099 | Episode Q0:    37.66
Episode: 3957/5000 | Episode reward:  1207.83 | Episode steps: 2500 | Average reward:  1245.82 | Step Count: 6419599 | Episode Q0:    39.15
Episode: 3958/5000 | Episode reward:  1265.58 | Episode steps: 2500 | Average reward:  1247.29 | Step Count: 6422099 | Episode Q0:    39.15
Episode: 3959/5000 | Episode reward:  1243.20 | Episode steps: 2500 | Average reward:  1247.63 | Step Count: 6424599 | Episode Q0:    39.15
Episode: 3960/5000 | Episode reward:  1266.02 | Episode steps: 2500 | Average reward:  1248.91 | Step Count: 6427099 | Episode Q0:    39.15
Episode: 3961/5000 | Episode reward:  1256.16 | Episode steps: 2500 | Average reward:  1248.13 | Step Count: 6429599 | Episode Q0:    39.15
Episode: 3962/5000 | Episode reward:  1280.25 | Episode steps: 2500 | Average reward:  1250.16 | Step Count: 6432099 | Episode Q0:    39.15
Episode: 3963/5000 | Episode reward:  1270.24 | Episode steps: 2500 | Average reward:  1250.36 | Step Count: 6434599 | Episode Q0:    39.15
Episode: 3964/5000 | Episode reward:  1262.07 | Episode steps: 2500 | Average reward:  1252.17 | Step Count: 6437099 | Episode Q0:    39.15
Episode: 3965/5000 | Episode reward:  1256.36 | Episode steps: 2500 | Average reward:  1252.00 | Step Count: 6439599 | Episode Q0:    39.15
Episode: 3966/5000 | Episode reward:  1259.65 | Episode steps: 2500 | Average reward:  1256.74 | Step Count: 6442099 | Episode Q0:    39.15
Episode: 3967/5000 | Episode reward:  1264.73 | Episode steps: 2500 | Average reward:  1262.43 | Step Count: 6444599 | Episode Q0:    39.15
Episode: 3968/5000 | Episode reward:  1244.94 | Episode steps: 2500 | Average reward:  1260.36 | Step Count: 6447099 | Episode Q0:    39.15
Episode: 3969/5000 | Episode reward:  1267.21 | Episode steps: 2500 | Average reward:  1262.76 | Step Count: 6449599 | Episode Q0:    39.15
Episode: 3970/5000 | Episode reward:  1265.91 | Episode steps: 2500 | Average reward:  1262.75 | Step Count: 6452099 | Episode Q0:    39.15
Episode: 3971/5000 | Episode reward:  1244.90 | Episode steps: 2500 | Average reward:  1261.63 | Step Count: 6454599 | Episode Q0:    39.15
Episode: 3972/5000 | Episode reward:  1246.77 | Episode steps: 2500 | Average reward:  1258.28 | Step Count: 6457099 | Episode Q0:    39.15
Episode: 3973/5000 | Episode reward:  1256.92 | Episode steps: 2500 | Average reward:  1256.95 | Step Count: 6459599 | Episode Q0:    39.15
Episode: 3974/5000 | Episode reward:  1253.58 | Episode steps: 2500 | Average reward:  1256.10 | Step Count: 6462099 | Episode Q0:    39.15
Episode: 3975/5000 | Episode reward:  1257.88 | Episode steps: 2500 | Average reward:  1256.25 | Step Count: 6464599 | Episode Q0:    39.15
Episode: 3976/5000 | Episode reward:  1227.47 | Episode steps: 2500 | Average reward:  1253.03 | Step Count: 6467099 | Episode Q0:    39.15
Episode: 3977/5000 | Episode reward:  1241.91 | Episode steps: 2500 | Average reward:  1250.75 | Step Count: 6469599 | Episode Q0:    39.15
Episode: 3978/5000 | Episode reward:  1268.54 | Episode steps: 2500 | Average reward:  1253.11 | Step Count: 6472099 | Episode Q0:    39.15
Episode: 3979/5000 | Episode reward:  1263.06 | Episode steps: 2500 | Average reward:  1252.69 | Step Count: 6474599 | Episode Q0:    39.15
Episode: 3980/5000 | Episode reward:  1270.30 | Episode steps: 2500 | Average reward:  1253.13 | Step Count: 6477099 | Episode Q0:    39.15
Episode: 3981/5000 | Episode reward:  1260.92 | Episode steps: 2500 | Average reward:  1254.73 | Step Count: 6479599 | Episode Q0:    39.15
Episode: 3982/5000 | Episode reward:  1255.39 | Episode steps: 2500 | Average reward:  1255.60 | Step Count: 6482099 | Episode Q0:    39.89
Episode: 3983/5000 | Episode reward:  1271.44 | Episode steps: 2500 | Average reward:  1257.05 | Step Count: 6484599 | Episode Q0:    39.89
Episode: 3984/5000 | Episode reward:  1271.76 | Episode steps: 2500 | Average reward:  1258.87 | Step Count: 6487099 | Episode Q0:    39.89
Episode: 3985/5000 | Episode reward:  1253.62 | Episode steps: 2500 | Average reward:  1258.44 | Step Count: 6489599 | Episode Q0:    39.89
Episode: 3986/5000 | Episode reward:  1258.88 | Episode steps: 2500 | Average reward:  1261.58 | Step Count: 6492099 | Episode Q0:    39.89
Episode: 3987/5000 | Episode reward:  1254.31 | Episode steps: 2500 | Average reward:  1262.82 | Step Count: 6494599 | Episode Q0:    39.89
Episode: 3988/5000 | Episode reward:  1243.08 | Episode steps: 2500 | Average reward:  1260.28 | Step Count: 6497099 | Episode Q0:    39.89
Episode: 3989/5000 | Episode reward:  1261.25 | Episode steps: 2500 | Average reward:  1260.09 | Step Count: 6499599 | Episode Q0:    39.89
Episode: 3990/5000 | Episode reward:  1248.12 | Episode steps: 2500 | Average reward:  1257.88 | Step Count: 6502099 | Episode Q0:    39.89
Episode: 3991/5000 | Episode reward:  1271.80 | Episode steps: 2500 | Average reward:  1258.96 | Step Count: 6504599 | Episode Q0:    39.89
Episode: 3992/5000 | Episode reward:  1249.24 | Episode steps: 2500 | Average reward:  1258.35 | Step Count: 6507099 | Episode Q0:    39.89
Episode: 3993/5000 | Episode reward:  1252.64 | Episode steps: 2500 | Average reward:  1256.47 | Step Count: 6509599 | Episode Q0:    39.89
Episode: 3994/5000 | Episode reward:  1153.93 | Episode steps: 2500 | Average reward:  1244.69 | Step Count: 6512099 | Episode Q0:    39.89
Episode: 3995/5000 | Episode reward:  1266.20 | Episode steps: 2500 | Average reward:  1245.94 | Step Count: 6514599 | Episode Q0:    39.89
Episode: 3996/5000 | Episode reward:  1267.60 | Episode steps: 2500 | Average reward:  1246.82 | Step Count: 6517099 | Episode Q0:    39.89
Episode: 3997/5000 | Episode reward:  1188.34 | Episode steps: 2500 | Average reward:  1240.22 | Step Count: 6519599 | Episode Q0:    39.89
Episode: 3998/5000 | Episode reward:  1268.86 | Episode steps: 2500 | Average reward:  1242.80 | Step Count: 6522099 | Episode Q0:    39.89
Episode: 3999/5000 | Episode reward:  1255.41 | Episode steps: 2500 | Average reward:  1242.21 | Step Count: 6524599 | Episode Q0:    39.89
Episode: 4000/5000 | Episode reward:  1245.90 | Episode steps: 2500 | Average reward:  1241.99 | Step Count: 6527099 | Episode Q0:    39.89
Episode: 4001/5000 | Episode reward:  1245.51 | Episode steps: 2500 | Average reward:  1239.36 | Step Count: 6529599 | Episode Q0:    39.15
Episode: 4002/5000 | Episode reward:  1173.36 | Episode steps: 2500 | Average reward:  1231.78 | Step Count: 6532099 | Episode Q0:    39.15
Episode: 4003/5000 | Episode reward:  1236.63 | Episode steps: 2500 | Average reward:  1230.17 | Step Count: 6534599 | Episode Q0:    39.15
Episode: 4004/5000 | Episode reward:  1229.17 | Episode steps: 2500 | Average reward:  1237.70 | Step Count: 6537099 | Episode Q0:    39.15
Episode: 4005/5000 | Episode reward:  1151.42 | Episode steps: 2500 | Average reward:  1226.22 | Step Count: 6539599 | Episode Q0:    39.15
Episode: 4006/5000 | Episode reward:  1257.87 | Episode steps: 2500 | Average reward:  1225.25 | Step Count: 6542099 | Episode Q0:    39.15
Episode: 4007/5000 | Episode reward:  1150.98 | Episode steps: 2500 | Average reward:  1221.51 | Step Count: 6544599 | Episode Q0:    39.15
Episode: 4008/5000 | Episode reward:  1230.23 | Episode steps: 2500 | Average reward:  1217.65 | Step Count: 6547099 | Episode Q0:    39.15
Episode: 4009/5000 | Episode reward:  1183.26 | Episode steps: 2500 | Average reward:  1210.43 | Step Count: 6549599 | Episode Q0:    39.15
Episode: 4010/5000 | Episode reward:  1260.27 | Episode steps: 2500 | Average reward:  1211.87 | Step Count: 6552099 | Episode Q0:    39.15
Episode: 4011/5000 | Episode reward:  1244.14 | Episode steps: 2500 | Average reward:  1211.73 | Step Count: 6554599 | Episode Q0:    39.15
Episode: 4012/5000 | Episode reward:  1259.08 | Episode steps: 2500 | Average reward:  1220.30 | Step Count: 6557099 | Episode Q0:    39.15
Episode: 4013/5000 | Episode reward:  1249.67 | Episode steps: 2500 | Average reward:  1221.61 | Step Count: 6559599 | Episode Q0:    39.15
Episode: 4014/5000 | Episode reward:  1263.82 | Episode steps: 2500 | Average reward:  1225.07 | Step Count: 6562099 | Episode Q0:    39.15
Episode: 4015/5000 | Episode reward:  1276.00 | Episode steps: 2500 | Average reward:  1237.53 | Step Count: 6564599 | Episode Q0:    39.15
Episode: 4016/5000 | Episode reward:  1221.55 | Episode steps: 2500 | Average reward:  1233.90 | Step Count: 6567099 | Episode Q0:    39.15
Episode: 4017/5000 | Episode reward:  1174.21 | Episode steps: 2500 | Average reward:  1236.22 | Step Count: 6569599 | Episode Q0:    39.15
Episode: 4018/5000 | Episode reward:  1244.89 | Episode steps: 2500 | Average reward:  1237.69 | Step Count: 6572099 | Episode Q0:    39.15
Episode: 4019/5000 | Episode reward:  1263.70 | Episode steps: 2500 | Average reward:  1245.73 | Step Count: 6574599 | Episode Q0:    39.15
Episode: 4020/5000 | Episode reward:  1272.76 | Episode steps: 2500 | Average reward:  1246.98 | Step Count: 6577099 | Episode Q0:    39.15
Episode: 4021/5000 | Episode reward:  1250.00 | Episode steps: 2500 | Average reward:  1247.57 | Step Count: 6579599 | Episode Q0:    39.15
Episode: 4022/5000 | Episode reward:  1161.30 | Episode steps: 2500 | Average reward:  1237.79 | Step Count: 6582099 | Episode Q0:    39.15
Episode: 4023/5000 | Episode reward:  1263.42 | Episode steps: 2500 | Average reward:  1239.16 | Step Count: 6584599 | Episode Q0:    39.15
Episode: 4024/5000 | Episode reward:  1239.11 | Episode steps: 2500 | Average reward:  1236.69 | Step Count: 6587099 | Episode Q0:    39.15
Episode: 4025/5000 | Episode reward:  1251.96 | Episode steps: 2500 | Average reward:  1234.29 | Step Count: 6589599 | Episode Q0:    39.15
Episode: 4026/5000 | Episode reward:  1256.83 | Episode steps: 2500 | Average reward:  1237.82 | Step Count: 6592099 | Episode Q0:    41.29
Episode: 4027/5000 | Episode reward:  1231.53 | Episode steps: 2500 | Average reward:  1243.55 | Step Count: 6594599 | Episode Q0:    41.29
Episode: 4028/5000 | Episode reward:  1232.88 | Episode steps: 2500 | Average reward:  1242.35 | Step Count: 6597099 | Episode Q0:    41.29
Episode: 4029/5000 | Episode reward:  1245.87 | Episode steps: 2500 | Average reward:  1240.57 | Step Count: 6599599 | Episode Q0:    41.29
Episode: 4030/5000 | Episode reward:  1243.73 | Episode steps: 2500 | Average reward:  1237.66 | Step Count: 6602099 | Episode Q0:    41.29
Episode: 4031/5000 | Episode reward:  1231.92 | Episode steps: 2500 | Average reward:  1235.85 | Step Count: 6604599 | Episode Q0:    41.29
Episode: 4032/5000 | Episode reward:  1248.44 | Episode steps: 2500 | Average reward:  1244.57 | Step Count: 6607099 | Episode Q0:    41.29
Episode: 4033/5000 | Episode reward:  1249.08 | Episode steps: 2500 | Average reward:  1243.13 | Step Count: 6609599 | Episode Q0:    41.29
Episode: 4034/5000 | Episode reward:  1242.59 | Episode steps: 2500 | Average reward:  1243.48 | Step Count: 6612099 | Episode Q0:    41.29
Episode: 4035/5000 | Episode reward:  1242.92 | Episode steps: 2500 | Average reward:  1242.58 | Step Count: 6614599 | Episode Q0:    41.29
Episode: 4036/5000 | Episode reward:  1239.43 | Episode steps: 2500 | Average reward:  1240.84 | Step Count: 6617099 | Episode Q0:    41.29
Episode: 4037/5000 | Episode reward:  1228.30 | Episode steps: 2500 | Average reward:  1240.52 | Step Count: 6619599 | Episode Q0:    41.29
Episode: 4038/5000 | Episode reward:  1239.52 | Episode steps: 2500 | Average reward:  1241.18 | Step Count: 6622099 | Episode Q0:    41.29
Episode: 4039/5000 | Episode reward:  1239.62 | Episode steps: 2500 | Average reward:  1240.55 | Step Count: 6624599 | Episode Q0:    41.29
Episode: 4040/5000 | Episode reward:  1234.15 | Episode steps: 2500 | Average reward:  1239.60 | Step Count: 6627099 | Episode Q0:    41.29
Episode: 4041/5000 | Episode reward:  1223.64 | Episode steps: 2500 | Average reward:  1238.77 | Step Count: 6629599 | Episode Q0:    41.29
Episode: 4042/5000 | Episode reward:  1237.51 | Episode steps: 2500 | Average reward:  1237.68 | Step Count: 6632099 | Episode Q0:    41.29
Episode: 4043/5000 | Episode reward:  1242.11 | Episode steps: 2500 | Average reward:  1236.98 | Step Count: 6634599 | Episode Q0:    41.29
Episode: 4044/5000 | Episode reward:  1238.56 | Episode steps: 2500 | Average reward:  1236.58 | Step Count: 6637099 | Episode Q0:    41.29
Episode: 4045/5000 | Episode reward:  1154.49 | Episode steps: 2500 | Average reward:  1227.73 | Step Count: 6639599 | Episode Q0:    40.87
Episode: 4046/5000 | Episode reward:  1166.60 | Episode steps: 2500 | Average reward:  1220.45 | Step Count: 6642099 | Episode Q0:    40.87
Episode: 4047/5000 | Episode reward:  1241.40 | Episode steps: 2500 | Average reward:  1221.76 | Step Count: 6644599 | Episode Q0:    40.87
Episode: 4048/5000 | Episode reward:  1242.92 | Episode steps: 2500 | Average reward:  1222.10 | Step Count: 6647099 | Episode Q0:    40.87
Episode: 4049/5000 | Episode reward:  1243.29 | Episode steps: 2500 | Average reward:  1222.47 | Step Count: 6649599 | Episode Q0:    40.87
Episode: 4050/5000 | Episode reward:  1266.75 | Episode steps: 2500 | Average reward:  1225.73 | Step Count: 6652099 | Episode Q0:    40.87
Episode: 4051/5000 | Episode reward:  1154.01 | Episode steps: 2500 | Average reward:  1218.77 | Step Count: 6654599 | Episode Q0:    40.87
Episode: 4052/5000 | Episode reward:  1193.56 | Episode steps: 2500 | Average reward:  1214.37 | Step Count: 6657099 | Episode Q0:    40.87
Episode: 4053/5000 | Episode reward:  1154.48 | Episode steps: 2500 | Average reward:  1205.61 | Step Count: 6659599 | Episode Q0:    40.87
Episode: 4054/5000 | Episode reward:  1152.64 | Episode steps: 2500 | Average reward:  1197.02 | Step Count: 6662099 | Episode Q0:    40.87
Episode: 4055/5000 | Episode reward:  1178.48 | Episode steps: 2500 | Average reward:  1199.42 | Step Count: 6664599 | Episode Q0:    40.87
Episode: 4056/5000 | Episode reward:  1250.31 | Episode steps: 2500 | Average reward:  1207.79 | Step Count: 6667099 | Episode Q0:    40.87
Episode: 4057/5000 | Episode reward:  1254.28 | Episode steps: 2500 | Average reward:  1209.07 | Step Count: 6669599 | Episode Q0:    40.87
Episode: 4058/5000 | Episode reward:  1239.87 | Episode steps: 2500 | Average reward:  1208.77 | Step Count: 6672099 | Episode Q0:    40.87
Episode: 4059/5000 | Episode reward:  1194.54 | Episode steps: 2500 | Average reward:  1203.89 | Step Count: 6674599 | Episode Q0:    40.87
Episode: 4060/5000 | Episode reward:  1246.50 | Episode steps: 2500 | Average reward:  1201.87 | Step Count: 6677099 | Episode Q0:    40.87
Episode: 4061/5000 | Episode reward:  1236.61 | Episode steps: 2500 | Average reward:  1210.13 | Step Count: 6679599 | Episode Q0:    40.87
Episode: 4062/5000 | Episode reward:  1190.63 | Episode steps: 2500 | Average reward:  1209.84 | Step Count: 6682099 | Episode Q0:    40.87
Episode: 4063/5000 | Episode reward:  1243.06 | Episode steps: 2500 | Average reward:  1218.69 | Step Count: 6684599 | Episode Q0:    40.87
Episode: 4064/5000 | Episode reward:  1261.85 | Episode steps: 2500 | Average reward:  1229.61 | Step Count: 6687099 | Episode Q0:    40.87
Episode: 4065/5000 | Episode reward:  1245.73 | Episode steps: 2500 | Average reward:  1236.34 | Step Count: 6689599 | Episode Q0:    40.87
Episode: 4066/5000 | Episode reward:  1185.34 | Episode steps: 2500 | Average reward:  1229.84 | Step Count: 6692099 | Episode Q0:    40.87
Episode: 4067/5000 | Episode reward:  1243.65 | Episode steps: 2500 | Average reward:  1228.78 | Step Count: 6694599 | Episode Q0:    40.87
Episode: 4068/5000 | Episode reward:  1237.04 | Episode steps: 2500 | Average reward:  1228.50 | Step Count: 6697099 | Episode Q0:    40.87
Episode: 4069/5000 | Episode reward:  1251.41 | Episode steps: 2500 | Average reward:  1234.18 | Step Count: 6699599 | Episode Q0:    40.87
Episode: 4070/5000 | Episode reward:  1261.96 | Episode steps: 2500 | Average reward:  1235.73 | Step Count: 6702099 | Episode Q0:    42.71
Episode: 4071/5000 | Episode reward:  1255.42 | Episode steps: 2500 | Average reward:  1237.61 | Step Count: 6704599 | Episode Q0:    42.71
Episode: 4072/5000 | Episode reward:  1250.74 | Episode steps: 2500 | Average reward:  1243.62 | Step Count: 6707099 | Episode Q0:    42.71
Episode: 4073/5000 | Episode reward:  1257.78 | Episode steps: 2500 | Average reward:  1245.09 | Step Count: 6709599 | Episode Q0:    42.71
Episode: 4074/5000 | Episode reward:  1187.19 | Episode steps: 2500 | Average reward:  1237.63 | Step Count: 6712099 | Episode Q0:    42.71
Episode: 4075/5000 | Episode reward:  1257.41 | Episode steps: 2500 | Average reward:  1238.79 | Step Count: 6714599 | Episode Q0:    42.71
Episode: 4076/5000 | Episode reward:  1165.02 | Episode steps: 2500 | Average reward:  1236.76 | Step Count: 6717099 | Episode Q0:    42.71
Episode: 4077/5000 | Episode reward:  1165.41 | Episode steps: 2500 | Average reward:  1228.94 | Step Count: 6719599 | Episode Q0:    42.71
Episode: 4078/5000 | Episode reward:  1163.75 | Episode steps: 2500 | Average reward:  1221.61 | Step Count: 6722099 | Episode Q0:    42.71
Episode: 4079/5000 | Episode reward:  1224.47 | Episode steps: 2500 | Average reward:  1218.92 | Step Count: 6724599 | Episode Q0:    42.71
Episode: 4080/5000 | Episode reward:  1197.37 | Episode steps: 2500 | Average reward:  1212.46 | Step Count: 6727099 | Episode Q0:    42.71
Episode: 4081/5000 | Episode reward:  1192.87 | Episode steps: 2500 | Average reward:  1206.20 | Step Count: 6729599 | Episode Q0:    42.71
Episode: 4082/5000 | Episode reward:  1162.11 | Episode steps: 2500 | Average reward:  1197.34 | Step Count: 6732099 | Episode Q0:    42.71
Episode: 4083/5000 | Episode reward:  1228.11 | Episode steps: 2500 | Average reward:  1194.37 | Step Count: 6734599 | Episode Q0:    42.71
Episode: 4084/5000 | Episode reward:  1215.61 | Episode steps: 2500 | Average reward:  1197.21 | Step Count: 6737099 | Episode Q0:    42.71
Episode: 4085/5000 | Episode reward:  1174.28 | Episode steps: 2500 | Average reward:  1188.90 | Step Count: 6739599 | Episode Q0:    42.71
Episode: 4086/5000 | Episode reward:  1201.33 | Episode steps: 2500 | Average reward:  1192.53 | Step Count: 6742099 | Episode Q0:    42.71
Episode: 4087/5000 | Episode reward:  1218.93 | Episode steps: 2500 | Average reward:  1197.88 | Step Count: 6744599 | Episode Q0:    42.71
Episode: 4088/5000 | Episode reward:  1259.16 | Episode steps: 2500 | Average reward:  1207.43 | Step Count: 6747099 | Episode Q0:    42.71
Episode: 4089/5000 | Episode reward:  1239.18 | Episode steps: 2500 | Average reward:  1208.90 | Step Count: 6749599 | Episode Q0:    40.64
Episode: 4090/5000 | Episode reward:  1266.90 | Episode steps: 2500 | Average reward:  1215.85 | Step Count: 6752099 | Episode Q0:    40.64
Episode: 4091/5000 | Episode reward:  1248.35 | Episode steps: 2500 | Average reward:  1221.40 | Step Count: 6754599 | Episode Q0:    40.64
Episode: 4092/5000 | Episode reward:  1257.17 | Episode steps: 2500 | Average reward:  1230.90 | Step Count: 6757099 | Episode Q0:    40.64
Episode: 4093/5000 | Episode reward:  1254.21 | Episode steps: 2500 | Average reward:  1233.51 | Step Count: 6759599 | Episode Q0:    40.64
Episode: 4094/5000 | Episode reward:  1179.65 | Episode steps: 2500 | Average reward:  1229.92 | Step Count: 6762099 | Episode Q0:    40.64
Episode: 4095/5000 | Episode reward:  1163.36 | Episode steps: 2500 | Average reward:  1228.82 | Step Count: 6764599 | Episode Q0:    40.64
Episode: 4096/5000 | Episode reward:  1210.30 | Episode steps: 2500 | Average reward:  1229.72 | Step Count: 6767099 | Episode Q0:    40.64
Episode: 4097/5000 | Episode reward:  1258.59 | Episode steps: 2500 | Average reward:  1233.69 | Step Count: 6769599 | Episode Q0:    40.64
Episode: 4098/5000 | Episode reward:  1207.65 | Episode steps: 2500 | Average reward:  1228.54 | Step Count: 6772099 | Episode Q0:    40.64
Episode: 4099/5000 | Episode reward:  1251.95 | Episode steps: 2500 | Average reward:  1229.81 | Step Count: 6774599 | Episode Q0:    40.64
Episode: 4100/5000 | Episode reward:  1261.86 | Episode steps: 2500 | Average reward:  1229.31 | Step Count: 6777099 | Episode Q0:    40.64
Episode: 4101/5000 | Episode reward:  1154.54 | Episode steps: 2500 | Average reward:  1219.93 | Step Count: 6779599 | Episode Q0:    40.64
Episode: 4102/5000 | Episode reward:  1252.20 | Episode steps: 2500 | Average reward:  1219.43 | Step Count: 6782099 | Episode Q0:    40.64
Episode: 4103/5000 | Episode reward:  1257.99 | Episode steps: 2500 | Average reward:  1219.81 | Step Count: 6784599 | Episode Q0:    40.64
Episode: 4104/5000 | Episode reward:  1186.21 | Episode steps: 2500 | Average reward:  1220.46 | Step Count: 6787099 | Episode Q0:    40.64
Episode: 4105/5000 | Episode reward:  1184.34 | Episode steps: 2500 | Average reward:  1222.56 | Step Count: 6789599 | Episode Q0:    40.64
Episode: 4106/5000 | Episode reward:  1253.74 | Episode steps: 2500 | Average reward:  1226.91 | Step Count: 6792099 | Episode Q0:    40.64
Episode: 4107/5000 | Episode reward:  1161.76 | Episode steps: 2500 | Average reward:  1217.22 | Step Count: 6794599 | Episode Q0:    40.64
Episode: 4108/5000 | Episode reward:  1177.76 | Episode steps: 2500 | Average reward:  1214.23 | Step Count: 6797099 | Episode Q0:    40.64
Episode: 4109/5000 | Episode reward:  1258.64 | Episode steps: 2500 | Average reward:  1214.90 | Step Count: 6799599 | Episode Q0:    40.64
Episode: 4110/5000 | Episode reward:  1180.07 | Episode steps: 2500 | Average reward:  1206.72 | Step Count: 6802099 | Episode Q0:    40.64
Episode: 4111/5000 | Episode reward:  1260.34 | Episode steps: 2500 | Average reward:  1217.30 | Step Count: 6804599 | Episode Q0:    40.64
Episode: 4112/5000 | Episode reward:  1245.66 | Episode steps: 2500 | Average reward:  1216.65 | Step Count: 6807099 | Episode Q0:    40.64
Episode: 4113/5000 | Episode reward:  1256.15 | Episode steps: 2500 | Average reward:  1216.47 | Step Count: 6809599 | Episode Q0:    40.64
Episode: 4114/5000 | Episode reward:  1242.06 | Episode steps: 2500 | Average reward:  1222.05 | Step Count: 6812099 | Episode Q0:    38.60
Episode: 4115/5000 | Episode reward:  1158.72 | Episode steps: 2500 | Average reward:  1219.49 | Step Count: 6814599 | Episode Q0:    38.60
Episode: 4116/5000 | Episode reward:  1237.96 | Episode steps: 2500 | Average reward:  1217.91 | Step Count: 6817099 | Episode Q0:    38.60
Episode: 4117/5000 | Episode reward:  1246.42 | Episode steps: 2500 | Average reward:  1226.38 | Step Count: 6819599 | Episode Q0:    38.60
Episode: 4118/5000 | Episode reward:  1245.75 | Episode steps: 2500 | Average reward:  1233.18 | Step Count: 6822099 | Episode Q0:    38.60
Episode: 4119/5000 | Episode reward:  1241.53 | Episode steps: 2500 | Average reward:  1231.46 | Step Count: 6824599 | Episode Q0:    38.60
Episode: 4120/5000 | Episode reward:  1214.92 | Episode steps: 2500 | Average reward:  1234.95 | Step Count: 6827099 | Episode Q0:    38.60
Episode: 4121/5000 | Episode reward:  1254.47 | Episode steps: 2500 | Average reward:  1234.36 | Step Count: 6829599 | Episode Q0:    38.60
Episode: 4122/5000 | Episode reward:  1178.06 | Episode steps: 2500 | Average reward:  1227.60 | Step Count: 6832099 | Episode Q0:    38.60
Episode: 4123/5000 | Episode reward:  1225.45 | Episode steps: 2500 | Average reward:  1224.53 | Step Count: 6834599 | Episode Q0:    38.60
Episode: 4124/5000 | Episode reward:  1207.13 | Episode steps: 2500 | Average reward:  1221.04 | Step Count: 6837099 | Episode Q0:    38.60
Episode: 4125/5000 | Episode reward:  1242.36 | Episode steps: 2500 | Average reward:  1229.40 | Step Count: 6839599 | Episode Q0:    38.60
Episode: 4126/5000 | Episode reward:  1259.66 | Episode steps: 2500 | Average reward:  1231.57 | Step Count: 6842099 | Episode Q0:    38.60
Episode: 4127/5000 | Episode reward:  1260.73 | Episode steps: 2500 | Average reward:  1233.00 | Step Count: 6844599 | Episode Q0:    38.60
Episode: 4128/5000 | Episode reward:  1211.50 | Episode steps: 2500 | Average reward:  1229.58 | Step Count: 6847099 | Episode Q0:    38.60
Episode: 4129/5000 | Episode reward:  1177.30 | Episode steps: 2500 | Average reward:  1223.16 | Step Count: 6849599 | Episode Q0:    38.60
Episode: 4130/5000 | Episode reward:  1251.36 | Episode steps: 2500 | Average reward:  1226.80 | Step Count: 6852099 | Episode Q0:    38.60
Episode: 4131/5000 | Episode reward:  1242.77 | Episode steps: 2500 | Average reward:  1225.63 | Step Count: 6854599 | Episode Q0:    38.60
Episode: 4132/5000 | Episode reward:  1224.70 | Episode steps: 2500 | Average reward:  1230.30 | Step Count: 6857099 | Episode Q0:    38.60
Episode: 4133/5000 | Episode reward:  1161.25 | Episode steps: 2500 | Average reward:  1223.88 | Step Count: 6859599 | Episode Q0:    37.78
Episode: 4134/5000 | Episode reward:  1175.12 | Episode steps: 2500 | Average reward:  1220.68 | Step Count: 6862099 | Episode Q0:    37.78
Episode: 4135/5000 | Episode reward:  1230.48 | Episode steps: 2500 | Average reward:  1219.49 | Step Count: 6864599 | Episode Q0:    37.78
Episode: 4136/5000 | Episode reward:  1237.97 | Episode steps: 2500 | Average reward:  1217.32 | Step Count: 6867099 | Episode Q0:    37.78
Episode: 4137/5000 | Episode reward:  1177.69 | Episode steps: 2500 | Average reward:  1209.01 | Step Count: 6869599 | Episode Q0:    37.78
Episode: 4138/5000 | Episode reward:  1210.44 | Episode steps: 2500 | Average reward:  1208.91 | Step Count: 6872099 | Episode Q0:    37.78
Episode: 4139/5000 | Episode reward:  1212.26 | Episode steps: 2500 | Average reward:  1212.40 | Step Count: 6874599 | Episode Q0:    37.78
Episode: 4140/5000 | Episode reward:  1201.31 | Episode steps: 2500 | Average reward:  1207.40 | Step Count: 6877099 | Episode Q0:    37.78
Episode: 4141/5000 | Episode reward:  1238.35 | Episode steps: 2500 | Average reward:  1206.96 | Step Count: 6879599 | Episode Q0:    37.78
Episode: 4142/5000 | Episode reward:  1216.88 | Episode steps: 2500 | Average reward:  1206.17 | Step Count: 6882099 | Episode Q0:    37.78
Episode: 4143/5000 | Episode reward:  1230.98 | Episode steps: 2500 | Average reward:  1213.15 | Step Count: 6884599 | Episode Q0:    37.78
Episode: 4144/5000 | Episode reward:  1151.77 | Episode steps: 2500 | Average reward:  1210.81 | Step Count: 6887099 | Episode Q0:    37.78
Episode: 4145/5000 | Episode reward:  1244.89 | Episode steps: 2500 | Average reward:  1212.25 | Step Count: 6889599 | Episode Q0:    37.78
Episode: 4146/5000 | Episode reward:  1230.07 | Episode steps: 2500 | Average reward:  1211.46 | Step Count: 6892099 | Episode Q0:    37.78
Episode: 4147/5000 | Episode reward:  1231.86 | Episode steps: 2500 | Average reward:  1216.88 | Step Count: 6894599 | Episode Q0:    37.78
Episode: 4148/5000 | Episode reward:  1220.20 | Episode steps: 2500 | Average reward:  1217.86 | Step Count: 6897099 | Episode Q0:    37.78
Episode: 4149/5000 | Episode reward:  1166.10 | Episode steps: 2500 | Average reward:  1213.24 | Step Count: 6899599 | Episode Q0:    37.78
Episode: 4150/5000 | Episode reward:  1217.53 | Episode steps: 2500 | Average reward:  1214.86 | Step Count: 6902099 | Episode Q0:    37.78
Episode: 4151/5000 | Episode reward:  1242.59 | Episode steps: 2500 | Average reward:  1215.29 | Step Count: 6904599 | Episode Q0:    37.78
Episode: 4152/5000 | Episode reward:  1241.19 | Episode steps: 2500 | Average reward:  1217.72 | Step Count: 6907099 | Episode Q0:    37.78
Episode: 4153/5000 | Episode reward:  1231.56 | Episode steps: 2500 | Average reward:  1217.78 | Step Count: 6909599 | Episode Q0:    37.78
Episode: 4154/5000 | Episode reward:  1154.25 | Episode steps: 2500 | Average reward:  1218.02 | Step Count: 6912099 | Episode Q0:    37.78
Episode: 4155/5000 | Episode reward:  1244.60 | Episode steps: 2500 | Average reward:  1218.00 | Step Count: 6914599 | Episode Q0:    37.78
Episode: 4156/5000 | Episode reward:  1174.37 | Episode steps: 2500 | Average reward:  1212.43 | Step Count: 6917099 | Episode Q0:    37.78
Episode: 4157/5000 | Episode reward:  1241.85 | Episode steps: 2500 | Average reward:  1213.42 | Step Count: 6919599 | Episode Q0:    37.78
Episode: 4158/5000 | Episode reward:  1234.25 | Episode steps: 2500 | Average reward:  1214.83 | Step Count: 6922099 | Episode Q0:    39.41
Episode: 4159/5000 | Episode reward:  1204.01 | Episode steps: 2500 | Average reward:  1218.62 | Step Count: 6924599 | Episode Q0:    39.41
Episode: 4160/5000 | Episode reward:  1248.91 | Episode steps: 2500 | Average reward:  1221.76 | Step Count: 6927099 | Episode Q0:    39.41
Episode: 4161/5000 | Episode reward:  1221.30 | Episode steps: 2500 | Average reward:  1219.63 | Step Count: 6929599 | Episode Q0:    39.41
Episode: 4162/5000 | Episode reward:  1234.48 | Episode steps: 2500 | Average reward:  1218.96 | Step Count: 6932099 | Episode Q0:    39.41
Episode: 4163/5000 | Episode reward:  1263.72 | Episode steps: 2500 | Average reward:  1222.17 | Step Count: 6934599 | Episode Q0:    39.41
Episode: 4164/5000 | Episode reward:  1240.46 | Episode steps: 2500 | Average reward:  1230.79 | Step Count: 6937099 | Episode Q0:    39.41
Episode: 4165/5000 | Episode reward:  1239.04 | Episode steps: 2500 | Average reward:  1230.24 | Step Count: 6939599 | Episode Q0:    39.41
Episode: 4166/5000 | Episode reward:  1240.17 | Episode steps: 2500 | Average reward:  1236.82 | Step Count: 6942099 | Episode Q0:    39.41
Episode: 4167/5000 | Episode reward:  1220.85 | Episode steps: 2500 | Average reward:  1234.72 | Step Count: 6944599 | Episode Q0:    39.41
Episode: 4168/5000 | Episode reward:  1168.77 | Episode steps: 2500 | Average reward:  1228.17 | Step Count: 6947099 | Episode Q0:    39.41
Episode: 4169/5000 | Episode reward:  1251.01 | Episode steps: 2500 | Average reward:  1232.87 | Step Count: 6949599 | Episode Q0:    39.41
Episode: 4170/5000 | Episode reward:  1215.77 | Episode steps: 2500 | Average reward:  1229.56 | Step Count: 6952099 | Episode Q0:    39.41
Episode: 4171/5000 | Episode reward:  1224.27 | Episode steps: 2500 | Average reward:  1229.85 | Step Count: 6954599 | Episode Q0:    39.41
Episode: 4172/5000 | Episode reward:  1220.10 | Episode steps: 2500 | Average reward:  1228.42 | Step Count: 6957099 | Episode Q0:    39.41
Episode: 4173/5000 | Episode reward:  1231.36 | Episode steps: 2500 | Average reward:  1225.18 | Step Count: 6959599 | Episode Q0:    39.41
Episode: 4174/5000 | Episode reward:  1239.36 | Episode steps: 2500 | Average reward:  1225.07 | Step Count: 6962099 | Episode Q0:    39.41
Episode: 4175/5000 | Episode reward:  1166.13 | Episode steps: 2500 | Average reward:  1217.78 | Step Count: 6964599 | Episode Q0:    39.41
Episode: 4176/5000 | Episode reward:  1240.31 | Episode steps: 2500 | Average reward:  1217.79 | Step Count: 6967099 | Episode Q0:    39.41
Episode: 4177/5000 | Episode reward:  1239.63 | Episode steps: 2500 | Average reward:  1219.67 | Step Count: 6969599 | Episode Q0:    39.26
Episode: 4178/5000 | Episode reward:  1124.40 | Episode steps: 2500 | Average reward:  1215.23 | Step Count: 6972099 | Episode Q0:    39.26
Episode: 4179/5000 | Episode reward:  1218.20 | Episode steps: 2500 | Average reward:  1211.95 | Step Count: 6974599 | Episode Q0:    39.26
Episode: 4180/5000 | Episode reward:  1150.78 | Episode steps: 2500 | Average reward:  1205.45 | Step Count: 6977099 | Episode Q0:    39.26
Episode: 4181/5000 | Episode reward:  1191.37 | Episode steps: 2500 | Average reward:  1202.16 | Step Count: 6979599 | Episode Q0:    39.26
Episode: 4182/5000 | Episode reward:  1222.78 | Episode steps: 2500 | Average reward:  1202.43 | Step Count: 6982099 | Episode Q0:    39.26
Episode: 4183/5000 | Episode reward:  1156.60 | Episode steps: 2500 | Average reward:  1194.95 | Step Count: 6984599 | Episode Q0:    39.26
Episode: 4184/5000 | Episode reward:  1128.02 | Episode steps: 2500 | Average reward:  1183.82 | Step Count: 6987099 | Episode Q0:    39.26
Episode: 4185/5000 | Episode reward:  1202.75 | Episode steps: 2500 | Average reward:  1187.48 | Step Count: 6989599 | Episode Q0:    39.26
Episode: 4186/5000 | Episode reward:  1118.76 | Episode steps: 2500 | Average reward:  1175.33 | Step Count: 6992099 | Episode Q0:    39.26
Episode: 4187/5000 | Episode reward:  1237.47 | Episode steps: 2500 | Average reward:  1175.11 | Step Count: 6994599 | Episode Q0:    39.26
Episode: 4188/5000 | Episode reward:  1122.93 | Episode steps: 2500 | Average reward:  1174.97 | Step Count: 6997099 | Episode Q0:    39.26
Episode: 4189/5000 | Episode reward:  1160.21 | Episode steps: 2500 | Average reward:  1169.17 | Step Count: 6999599 | Episode Q0:    39.26
Episode: 4190/5000 | Episode reward:  1101.64 | Episode steps: 2500 | Average reward:  1164.25 | Step Count: 7002099 | Episode Q0:    39.26
Episode: 4191/5000 | Episode reward:  1135.18 | Episode steps: 2500 | Average reward:  1158.63 | Step Count: 7004599 | Episode Q0:    39.26
Episode: 4192/5000 | Episode reward:  1150.62 | Episode steps: 2500 | Average reward:  1151.42 | Step Count: 7007099 | Episode Q0:    39.26
Episode: 4193/5000 | Episode reward:  1093.26 | Episode steps: 2500 | Average reward:  1145.08 | Step Count: 7009599 | Episode Q0:    39.26
Episode: 4194/5000 | Episode reward:  1145.19 | Episode steps: 2500 | Average reward:  1146.80 | Step Count: 7012099 | Episode Q0:    39.26
Episode: 4195/5000 | Episode reward:  1109.95 | Episode steps: 2500 | Average reward:  1137.52 | Step Count: 7014599 | Episode Q0:    39.26
Episode: 4196/5000 | Episode reward:  1145.61 | Episode steps: 2500 | Average reward:  1140.21 | Step Count: 7017099 | Episode Q0:    39.26
Episode: 4197/5000 | Episode reward:  1247.96 | Episode steps: 2500 | Average reward:  1141.26 | Step Count: 7019599 | Episode Q0:    39.26
Episode: 4198/5000 | Episode reward:  1119.20 | Episode steps: 2500 | Average reward:  1140.88 | Step Count: 7022099 | Episode Q0:    39.26
Episode: 4199/5000 | Episode reward:  1176.28 | Episode steps: 2500 | Average reward:  1142.49 | Step Count: 7024599 | Episode Q0:    39.26
Episode: 4200/5000 | Episode reward:  1210.31 | Episode steps: 2500 | Average reward:  1153.36 | Step Count: 7027099 | Episode Q0:    39.26
Episode: 4201/5000 | Episode reward:  1218.10 | Episode steps: 2500 | Average reward:  1161.65 | Step Count: 7029599 | Episode Q0:    39.26
Episode: 4202/5000 | Episode reward:  1167.54 | Episode steps: 2500 | Average reward:  1163.34 | Step Count: 7032099 | Episode Q0:    41.81
Episode: 4203/5000 | Episode reward:  1159.81 | Episode steps: 2500 | Average reward:  1170.00 | Step Count: 7034599 | Episode Q0:    41.81
Episode: 4204/5000 | Episode reward:  1233.80 | Episode steps: 2500 | Average reward:  1178.86 | Step Count: 7037099 | Episode Q0:    41.81
Episode: 4205/5000 | Episode reward:  1117.21 | Episode steps: 2500 | Average reward:  1179.58 | Step Count: 7039599 | Episode Q0:    41.81
Episode: 4206/5000 | Episode reward:  1226.55 | Episode steps: 2500 | Average reward:  1187.68 | Step Count: 7042099 | Episode Q0:    41.81
Episode: 4207/5000 | Episode reward:  1113.31 | Episode steps: 2500 | Average reward:  1174.21 | Step Count: 7044599 | Episode Q0:    41.81
Episode: 4208/5000 | Episode reward:  1118.01 | Episode steps: 2500 | Average reward:  1174.09 | Step Count: 7047099 | Episode Q0:    41.81
Episode: 4209/5000 | Episode reward:  1187.18 | Episode steps: 2500 | Average reward:  1175.18 | Step Count: 7049599 | Episode Q0:    41.81
Episode: 4210/5000 | Episode reward:  1091.08 | Episode steps: 2500 | Average reward:  1163.26 | Step Count: 7052099 | Episode Q0:    41.81
Episode: 4211/5000 | Episode reward:  1132.33 | Episode steps: 2500 | Average reward:  1154.68 | Step Count: 7054599 | Episode Q0:    41.81
Episode: 4212/5000 | Episode reward:  1207.97 | Episode steps: 2500 | Average reward:  1158.73 | Step Count: 7057099 | Episode Q0:    41.81
Episode: 4213/5000 | Episode reward:  1188.21 | Episode steps: 2500 | Average reward:  1161.57 | Step Count: 7059599 | Episode Q0:    41.81
Episode: 4214/5000 | Episode reward:  1160.19 | Episode steps: 2500 | Average reward:  1154.21 | Step Count: 7062099 | Episode Q0:    41.81
Episode: 4215/5000 | Episode reward:  1220.90 | Episode steps: 2500 | Average reward:  1164.57 | Step Count: 7064599 | Episode Q0:    41.81
Episode: 4216/5000 | Episode reward:  1127.88 | Episode steps: 2500 | Average reward:  1154.71 | Step Count: 7067099 | Episode Q0:    41.81
Episode: 4217/5000 | Episode reward:  1181.03 | Episode steps: 2500 | Average reward:  1161.48 | Step Count: 7069599 | Episode Q0:    41.81
Episode: 4218/5000 | Episode reward:  1158.66 | Episode steps: 2500 | Average reward:  1165.54 | Step Count: 7072099 | Episode Q0:    41.81
Episode: 4219/5000 | Episode reward:  1134.69 | Episode steps: 2500 | Average reward:  1160.30 | Step Count: 7074599 | Episode Q0:    41.81
Episode: 4220/5000 | Episode reward:  1155.44 | Episode steps: 2500 | Average reward:  1166.73 | Step Count: 7077099 | Episode Q0:    41.81
Episode: 4221/5000 | Episode reward:  1208.71 | Episode steps: 2500 | Average reward:  1174.37 | Step Count: 7079599 | Episode Q0:    42.50
Episode: 4222/5000 | Episode reward:  1129.69 | Episode steps: 2500 | Average reward:  1166.54 | Step Count: 7082099 | Episode Q0:    42.50
Episode: 4223/5000 | Episode reward:  1210.68 | Episode steps: 2500 | Average reward:  1168.79 | Step Count: 7084599 | Episode Q0:    42.50
Episode: 4224/5000 | Episode reward:  1180.47 | Episode steps: 2500 | Average reward:  1170.82 | Step Count: 7087099 | Episode Q0:    42.50
Episode: 4225/5000 | Episode reward:  1127.83 | Episode steps: 2500 | Average reward:  1161.51 | Step Count: 7089599 | Episode Q0:    42.50
Episode: 4226/5000 | Episode reward:  1206.80 | Episode steps: 2500 | Average reward:  1169.40 | Step Count: 7092099 | Episode Q0:    42.50
Episode: 4227/5000 | Episode reward:  1130.07 | Episode steps: 2500 | Average reward:  1164.30 | Step Count: 7094599 | Episode Q0:    42.50
Episode: 4228/5000 | Episode reward:  1099.92 | Episode steps: 2500 | Average reward:  1158.43 | Step Count: 7097099 | Episode Q0:    42.50
Episode: 4229/5000 | Episode reward:  1168.87 | Episode steps: 2500 | Average reward:  1161.85 | Step Count: 7099599 | Episode Q0:    42.50
Episode: 4230/5000 | Episode reward:  1151.96 | Episode steps: 2500 | Average reward:  1161.50 | Step Count: 7102099 | Episode Q0:    42.50
Episode: 4231/5000 | Episode reward:  1229.01 | Episode steps: 2500 | Average reward:  1163.53 | Step Count: 7104599 | Episode Q0:    42.50
Episode: 4232/5000 | Episode reward:  1216.27 | Episode steps: 2500 | Average reward:  1172.19 | Step Count: 7107099 | Episode Q0:    42.50
Episode: 4233/5000 | Episode reward:  1232.15 | Episode steps: 2500 | Average reward:  1174.33 | Step Count: 7109599 | Episode Q0:    42.50
Episode: 4234/5000 | Episode reward:  1119.51 | Episode steps: 2500 | Average reward:  1168.24 | Step Count: 7112099 | Episode Q0:    42.50
Episode: 4235/5000 | Episode reward:  1107.15 | Episode steps: 2500 | Average reward:  1166.17 | Step Count: 7114599 | Episode Q0:    42.50
Episode: 4236/5000 | Episode reward:  1208.85 | Episode steps: 2500 | Average reward:  1166.37 | Step Count: 7117099 | Episode Q0:    42.50
Episode: 4237/5000 | Episode reward:  1170.37 | Episode steps: 2500 | Average reward:  1170.40 | Step Count: 7119599 | Episode Q0:    42.50
Episode: 4238/5000 | Episode reward:  1177.38 | Episode steps: 2500 | Average reward:  1178.15 | Step Count: 7122099 | Episode Q0:    42.50
Episode: 4239/5000 | Episode reward:  1146.12 | Episode steps: 2500 | Average reward:  1175.88 | Step Count: 7124599 | Episode Q0:    42.50
Episode: 4240/5000 | Episode reward:  1164.46 | Episode steps: 2500 | Average reward:  1177.13 | Step Count: 7127099 | Episode Q0:    42.50
Episode: 4241/5000 | Episode reward:  1227.93 | Episode steps: 2500 | Average reward:  1177.02 | Step Count: 7129599 | Episode Q0:    42.50
Episode: 4242/5000 | Episode reward:  1216.91 | Episode steps: 2500 | Average reward:  1177.08 | Step Count: 7132099 | Episode Q0:    42.50
Episode: 4243/5000 | Episode reward:  1106.22 | Episode steps: 2500 | Average reward:  1164.49 | Step Count: 7134599 | Episode Q0:    42.50
Episode: 4244/5000 | Episode reward:  1130.29 | Episode steps: 2500 | Average reward:  1165.57 | Step Count: 7137099 | Episode Q0:    42.50
Episode: 4245/5000 | Episode reward:  1178.00 | Episode steps: 2500 | Average reward:  1172.65 | Step Count: 7139599 | Episode Q0:    42.50
Episode: 4246/5000 | Episode reward:  1145.81 | Episode steps: 2500 | Average reward:  1166.35 | Step Count: 7142099 | Episode Q0:    36.26
Episode: 4247/5000 | Episode reward:  1144.70 | Episode steps: 2500 | Average reward:  1163.78 | Step Count: 7144599 | Episode Q0:    36.26
Episode: 4248/5000 | Episode reward:  1154.95 | Episode steps: 2500 | Average reward:  1161.54 | Step Count: 7147099 | Episode Q0:    36.26
Episode: 4249/5000 | Episode reward:  1149.59 | Episode steps: 2500 | Average reward:  1161.89 | Step Count: 7149599 | Episode Q0:    36.26
Episode: 4250/5000 | Episode reward:  1215.34 | Episode steps: 2500 | Average reward:  1166.97 | Step Count: 7152099 | Episode Q0:    36.26
Episode: 4251/5000 | Episode reward:  1144.29 | Episode steps: 2500 | Average reward:  1158.61 | Step Count: 7154599 | Episode Q0:    36.26
Episode: 4252/5000 | Episode reward:  1155.44 | Episode steps: 2500 | Average reward:  1152.46 | Step Count: 7157099 | Episode Q0:    36.26
Episode: 4253/5000 | Episode reward:  1128.22 | Episode steps: 2500 | Average reward:  1154.66 | Step Count: 7159599 | Episode Q0:    36.26
Episode: 4254/5000 | Episode reward:  1209.78 | Episode steps: 2500 | Average reward:  1162.61 | Step Count: 7162099 | Episode Q0:    36.26
Episode: 4255/5000 | Episode reward:  1151.11 | Episode steps: 2500 | Average reward:  1159.92 | Step Count: 7164599 | Episode Q0:    36.26
Episode: 4256/5000 | Episode reward:  1190.62 | Episode steps: 2500 | Average reward:  1164.40 | Step Count: 7167099 | Episode Q0:    36.26
Episode: 4257/5000 | Episode reward:  1154.16 | Episode steps: 2500 | Average reward:  1165.35 | Step Count: 7169599 | Episode Q0:    36.26
Episode: 4258/5000 | Episode reward:  1205.74 | Episode steps: 2500 | Average reward:  1170.43 | Step Count: 7172099 | Episode Q0:    36.26
Episode: 4259/5000 | Episode reward:  1143.26 | Episode steps: 2500 | Average reward:  1169.80 | Step Count: 7174599 | Episode Q0:    36.26
Episode: 4260/5000 | Episode reward:  1105.64 | Episode steps: 2500 | Average reward:  1158.83 | Step Count: 7177099 | Episode Q0:    36.26
Episode: 4261/5000 | Episode reward:  1134.08 | Episode steps: 2500 | Average reward:  1157.80 | Step Count: 7179599 | Episode Q0:    36.26
Episode: 4262/5000 | Episode reward:  1160.16 | Episode steps: 2500 | Average reward:  1158.28 | Step Count: 7182099 | Episode Q0:    36.26
Episode: 4263/5000 | Episode reward:  1215.17 | Episode steps: 2500 | Average reward:  1166.97 | Step Count: 7184599 | Episode Q0:    36.26
Episode: 4264/5000 | Episode reward:  1143.98 | Episode steps: 2500 | Average reward:  1160.39 | Step Count: 7187099 | Episode Q0:    36.26
Episode: 4265/5000 | Episode reward:  1149.42 | Episode steps: 2500 | Average reward:  1160.22 | Step Count: 7189599 | Episode Q0:    40.39
Episode: 4266/5000 | Episode reward:  1161.87 | Episode steps: 2500 | Average reward:  1157.35 | Step Count: 7192099 | Episode Q0:    40.39
Episode: 4267/5000 | Episode reward:  1140.18 | Episode steps: 2500 | Average reward:  1155.95 | Step Count: 7194599 | Episode Q0:    40.39
Episode: 4268/5000 | Episode reward:  1088.51 | Episode steps: 2500 | Average reward:  1144.23 | Step Count: 7197099 | Episode Q0:    40.39
Episode: 4269/5000 | Episode reward:  1141.80 | Episode steps: 2500 | Average reward:  1144.08 | Step Count: 7199599 | Episode Q0:    40.39
Episode: 4270/5000 | Episode reward:  1183.26 | Episode steps: 2500 | Average reward:  1151.84 | Step Count: 7202099 | Episode Q0:    40.39
Episode: 4271/5000 | Episode reward:  1134.24 | Episode steps: 2500 | Average reward:  1151.86 | Step Count: 7204599 | Episode Q0:    40.39
Episode: 4272/5000 | Episode reward:  1211.06 | Episode steps: 2500 | Average reward:  1156.95 | Step Count: 7207099 | Episode Q0:    40.39
Episode: 4273/5000 | Episode reward:  1202.00 | Episode steps: 2500 | Average reward:  1155.63 | Step Count: 7209599 | Episode Q0:    40.39
Episode: 4274/5000 | Episode reward:  1107.09 | Episode steps: 2500 | Average reward:  1151.94 | Step Count: 7212099 | Episode Q0:    40.39
Episode: 4275/5000 | Episode reward:  1175.73 | Episode steps: 2500 | Average reward:  1154.57 | Step Count: 7214599 | Episode Q0:    40.39
Episode: 4276/5000 | Episode reward:  1218.74 | Episode steps: 2500 | Average reward:  1160.26 | Step Count: 7217099 | Episode Q0:    40.39
Episode: 4277/5000 | Episode reward:  1139.87 | Episode steps: 2500 | Average reward:  1160.23 | Step Count: 7219599 | Episode Q0:    40.39
Episode: 4278/5000 | Episode reward:  1218.32 | Episode steps: 2500 | Average reward:  1173.21 | Step Count: 7222099 | Episode Q0:    40.39
Episode: 4279/5000 | Episode reward:  1132.02 | Episode steps: 2500 | Average reward:  1172.23 | Step Count: 7224599 | Episode Q0:    40.39
Episode: 4280/5000 | Episode reward:  1122.45 | Episode steps: 2500 | Average reward:  1166.15 | Step Count: 7227099 | Episode Q0:    40.39
Episode: 4281/5000 | Episode reward:  1229.19 | Episode steps: 2500 | Average reward:  1175.65 | Step Count: 7229599 | Episode Q0:    40.39
Episode: 4282/5000 | Episode reward:  1122.78 | Episode steps: 2500 | Average reward:  1166.82 | Step Count: 7232099 | Episode Q0:    40.39
Episode: 4283/5000 | Episode reward:  1146.18 | Episode steps: 2500 | Average reward:  1161.24 | Step Count: 7234599 | Episode Q0:    40.39
Episode: 4284/5000 | Episode reward:  1243.39 | Episode steps: 2500 | Average reward:  1174.87 | Step Count: 7237099 | Episode Q0:    40.39
Episode: 4285/5000 | Episode reward:  1227.53 | Episode steps: 2500 | Average reward:  1180.05 | Step Count: 7239599 | Episode Q0:    40.39
Episode: 4286/5000 | Episode reward:  1236.19 | Episode steps: 2500 | Average reward:  1181.79 | Step Count: 7242099 | Episode Q0:    40.39
Episode: 4287/5000 | Episode reward:  1169.35 | Episode steps: 2500 | Average reward:  1184.74 | Step Count: 7244599 | Episode Q0:    40.39
Episode: 4288/5000 | Episode reward:  1117.81 | Episode steps: 2500 | Average reward:  1174.69 | Step Count: 7247099 | Episode Q0:    40.39
Episode: 4289/5000 | Episode reward:  1182.92 | Episode steps: 2500 | Average reward:  1179.78 | Step Count: 7249599 | Episode Q0:    40.39
Episode: 4290/5000 | Episode reward:  1238.12 | Episode steps: 2500 | Average reward:  1191.35 | Step Count: 7252099 | Episode Q0:    40.22
Episode: 4291/5000 | Episode reward:  1194.70 | Episode steps: 2500 | Average reward:  1187.90 | Step Count: 7254599 | Episode Q0:    40.22
Episode: 4292/5000 | Episode reward:  1237.79 | Episode steps: 2500 | Average reward:  1199.40 | Step Count: 7257099 | Episode Q0:    40.22
Episode: 4293/5000 | Episode reward:  1159.02 | Episode steps: 2500 | Average reward:  1200.68 | Step Count: 7259599 | Episode Q0:    40.22
Episode: 4294/5000 | Episode reward:  1226.37 | Episode steps: 2500 | Average reward:  1198.98 | Step Count: 7262099 | Episode Q0:    40.22
Episode: 4295/5000 | Episode reward:  1117.89 | Episode steps: 2500 | Average reward:  1188.01 | Step Count: 7264599 | Episode Q0:    40.22
Episode: 4296/5000 | Episode reward:  1205.74 | Episode steps: 2500 | Average reward:  1184.97 | Step Count: 7267099 | Episode Q0:    40.22
Episode: 4297/5000 | Episode reward:  1232.86 | Episode steps: 2500 | Average reward:  1191.32 | Step Count: 7269599 | Episode Q0:    40.22
Episode: 4298/5000 | Episode reward:  1214.33 | Episode steps: 2500 | Average reward:  1200.97 | Step Count: 7272099 | Episode Q0:    40.22
Episode: 4299/5000 | Episode reward:  1228.82 | Episode steps: 2500 | Average reward:  1205.56 | Step Count: 7274599 | Episode Q0:    40.22
Episode: 4300/5000 | Episode reward:  1216.20 | Episode steps: 2500 | Average reward:  1203.37 | Step Count: 7277099 | Episode Q0:    40.22
Episode: 4301/5000 | Episode reward:  1067.78 | Episode steps: 2500 | Average reward:  1190.68 | Step Count: 7279599 | Episode Q0:    40.22
Episode: 4302/5000 | Episode reward:  1182.96 | Episode steps: 2500 | Average reward:  1185.20 | Step Count: 7282099 | Episode Q0:    40.22
Episode: 4303/5000 | Episode reward:  1233.94 | Episode steps: 2500 | Average reward:  1192.69 | Step Count: 7284599 | Episode Q0:    40.22
Episode: 4304/5000 | Episode reward:  1179.62 | Episode steps: 2500 | Average reward:  1188.01 | Step Count: 7287099 | Episode Q0:    40.22
Episode: 4305/5000 | Episode reward:  1192.13 | Episode steps: 2500 | Average reward:  1195.44 | Step Count: 7289599 | Episode Q0:    40.22
Episode: 4306/5000 | Episode reward:  1225.68 | Episode steps: 2500 | Average reward:  1197.43 | Step Count: 7292099 | Episode Q0:    40.22
Episode: 4307/5000 | Episode reward:  1151.85 | Episode steps: 2500 | Average reward:  1189.33 | Step Count: 7294599 | Episode Q0:    40.22
Episode: 4308/5000 | Episode reward:  1152.60 | Episode steps: 2500 | Average reward:  1183.16 | Step Count: 7297099 | Episode Q0:    40.22
Episode: 4309/5000 | Episode reward:  1134.59 | Episode steps: 2500 | Average reward:  1173.73 | Step Count: 7299599 | Episode Q0:    41.43
Episode: 4310/5000 | Episode reward:  1145.07 | Episode steps: 2500 | Average reward:  1166.62 | Step Count: 7302099 | Episode Q0:    41.43
Episode: 4311/5000 | Episode reward:  1125.52 | Episode steps: 2500 | Average reward:  1172.40 | Step Count: 7304599 | Episode Q0:    41.43
Episode: 4312/5000 | Episode reward:  1122.25 | Episode steps: 2500 | Average reward:  1166.32 | Step Count: 7307099 | Episode Q0:    41.43
Episode: 4313/5000 | Episode reward:  1124.64 | Episode steps: 2500 | Average reward:  1155.39 | Step Count: 7309599 | Episode Q0:    41.43
Episode: 4314/5000 | Episode reward:  1112.26 | Episode steps: 2500 | Average reward:  1148.66 | Step Count: 7312099 | Episode Q0:    41.43
Episode: 4315/5000 | Episode reward:  1117.47 | Episode steps: 2500 | Average reward:  1141.19 | Step Count: 7314599 | Episode Q0:    41.43
Episode: 4316/5000 | Episode reward:  1128.70 | Episode steps: 2500 | Average reward:  1131.49 | Step Count: 7317099 | Episode Q0:    41.43
Episode: 4317/5000 | Episode reward:  1118.75 | Episode steps: 2500 | Average reward:  1128.18 | Step Count: 7319599 | Episode Q0:    41.43
Episode: 4318/5000 | Episode reward:  1163.70 | Episode steps: 2500 | Average reward:  1129.29 | Step Count: 7322099 | Episode Q0:    41.43
Episode: 4319/5000 | Episode reward:  1140.45 | Episode steps: 2500 | Average reward:  1129.88 | Step Count: 7324599 | Episode Q0:    41.43
Episode: 4320/5000 | Episode reward:  1118.89 | Episode steps: 2500 | Average reward:  1127.26 | Step Count: 7327099 | Episode Q0:    41.43
Episode: 4321/5000 | Episode reward:  1097.27 | Episode steps: 2500 | Average reward:  1124.44 | Step Count: 7329599 | Episode Q0:    41.43
Episode: 4322/5000 | Episode reward:  1123.21 | Episode steps: 2500 | Average reward:  1124.53 | Step Count: 7332099 | Episode Q0:    41.43
Episode: 4323/5000 | Episode reward:  1009.70 | Episode steps: 2500 | Average reward:  1113.04 | Step Count: 7334599 | Episode Q0:    41.43
Episode: 4324/5000 | Episode reward:  1121.87 | Episode steps: 2500 | Average reward:  1114.00 | Step Count: 7337099 | Episode Q0:    41.43
Episode: 4325/5000 | Episode reward:  1125.34 | Episode steps: 2500 | Average reward:  1114.79 | Step Count: 7339599 | Episode Q0:    41.43
Episode: 4326/5000 | Episode reward:  1063.02 | Episode steps: 2500 | Average reward:  1108.22 | Step Count: 7342099 | Episode Q0:    41.43
Episode: 4327/5000 | Episode reward:  1176.80 | Episode steps: 2500 | Average reward:  1114.02 | Step Count: 7344599 | Episode Q0:    41.43
Episode: 4328/5000 | Episode reward:  1126.65 | Episode steps: 2500 | Average reward:  1110.32 | Step Count: 7347099 | Episode Q0:    41.43
Episode: 4329/5000 | Episode reward:  1130.80 | Episode steps: 2500 | Average reward:  1109.35 | Step Count: 7349599 | Episode Q0:    41.43
Episode: 4330/5000 | Episode reward:  1165.04 | Episode steps: 2500 | Average reward:  1113.97 | Step Count: 7352099 | Episode Q0:    41.43
Episode: 4331/5000 | Episode reward:  1123.42 | Episode steps: 2500 | Average reward:  1116.58 | Step Count: 7354599 | Episode Q0:    41.43
Episode: 4332/5000 | Episode reward:  1087.14 | Episode steps: 2500 | Average reward:  1112.98 | Step Count: 7357099 | Episode Q0:    41.43
Episode: 4333/5000 | Episode reward:  1132.88 | Episode steps: 2500 | Average reward:  1125.30 | Step Count: 7359599 | Episode Q0:    41.43
Episode: 4334/5000 | Episode reward:  1160.78 | Episode steps: 2500 | Average reward:  1129.19 | Step Count: 7362099 | Episode Q0:    39.03
Episode: 4335/5000 | Episode reward:  1162.66 | Episode steps: 2500 | Average reward:  1132.92 | Step Count: 7364599 | Episode Q0:    39.03
Episode: 4336/5000 | Episode reward:  1105.03 | Episode steps: 2500 | Average reward:  1137.12 | Step Count: 7367099 | Episode Q0:    39.03
Episode: 4337/5000 | Episode reward:  1147.71 | Episode steps: 2500 | Average reward:  1134.21 | Step Count: 7369599 | Episode Q0:    39.03
Episode: 4338/5000 | Episode reward:  1191.70 | Episode steps: 2500 | Average reward:  1140.72 | Step Count: 7372099 | Episode Q0:    39.03
Episode: 4339/5000 | Episode reward:  1075.53 | Episode steps: 2500 | Average reward:  1135.19 | Step Count: 7374599 | Episode Q0:    39.03
Episode: 4340/5000 | Episode reward:  1225.52 | Episode steps: 2500 | Average reward:  1141.24 | Step Count: 7377099 | Episode Q0:    39.03
Episode: 4341/5000 | Episode reward:  1073.69 | Episode steps: 2500 | Average reward:  1136.26 | Step Count: 7379599 | Episode Q0:    39.03
Episode: 4342/5000 | Episode reward:  1143.33 | Episode steps: 2500 | Average reward:  1141.88 | Step Count: 7382099 | Episode Q0:    39.03
Episode: 4343/5000 | Episode reward:  1147.46 | Episode steps: 2500 | Average reward:  1143.34 | Step Count: 7384599 | Episode Q0:    39.03
Episode: 4344/5000 | Episode reward:  1099.68 | Episode steps: 2500 | Average reward:  1137.23 | Step Count: 7387099 | Episode Q0:    39.03
Episode: 4345/5000 | Episode reward:  1142.36 | Episode steps: 2500 | Average reward:  1135.20 | Step Count: 7389599 | Episode Q0:    39.03
Episode: 4346/5000 | Episode reward:  1144.36 | Episode steps: 2500 | Average reward:  1139.13 | Step Count: 7392099 | Episode Q0:    39.03
Episode: 4347/5000 | Episode reward:  1245.28 | Episode steps: 2500 | Average reward:  1148.89 | Step Count: 7394599 | Episode Q0:    39.03
Episode: 4348/5000 | Episode reward:  1205.23 | Episode steps: 2500 | Average reward:  1150.24 | Step Count: 7397099 | Episode Q0:    39.03
Episode: 4349/5000 | Episode reward:  1153.92 | Episode steps: 2500 | Average reward:  1158.08 | Step Count: 7399599 | Episode Q0:    39.03
Episode: 4350/5000 | Episode reward:  1197.33 | Episode steps: 2500 | Average reward:  1155.26 | Step Count: 7402099 | Episode Q0:    39.03
Episode: 4351/5000 | Episode reward:  1156.84 | Episode steps: 2500 | Average reward:  1163.58 | Step Count: 7404599 | Episode Q0:    39.03
Episode: 4352/5000 | Episode reward:  1145.11 | Episode steps: 2500 | Average reward:  1163.76 | Step Count: 7407099 | Episode Q0:    39.03
Episode: 4353/5000 | Episode reward:  1157.55 | Episode steps: 2500 | Average reward:  1164.77 | Step Count: 7409599 | Episode Q0:    41.01
Episode: 4354/5000 | Episode reward:  1152.85 | Episode steps: 2500 | Average reward:  1170.08 | Step Count: 7412099 | Episode Q0:    41.01
Episode: 4355/5000 | Episode reward:  1174.79 | Episode steps: 2500 | Average reward:  1173.33 | Step Count: 7414599 | Episode Q0:    41.01
Episode: 4356/5000 | Episode reward:  1126.81 | Episode steps: 2500 | Average reward:  1171.57 | Step Count: 7417099 | Episode Q0:    41.01
Episode: 4357/5000 | Episode reward:  1143.61 | Episode steps: 2500 | Average reward:  1161.41 | Step Count: 7419599 | Episode Q0:    41.01
Episode: 4358/5000 | Episode reward:  1219.20 | Episode steps: 2500 | Average reward:  1162.80 | Step Count: 7422099 | Episode Q0:    41.01
Episode: 4359/5000 | Episode reward:  1168.29 | Episode steps: 2500 | Average reward:  1164.24 | Step Count: 7424599 | Episode Q0:    41.01
Episode: 4360/5000 | Episode reward:  1154.10 | Episode steps: 2500 | Average reward:  1159.92 | Step Count: 7427099 | Episode Q0:    41.01
Episode: 4361/5000 | Episode reward:  1222.79 | Episode steps: 2500 | Average reward:  1166.51 | Step Count: 7429599 | Episode Q0:    41.01
Episode: 4362/5000 | Episode reward:  1092.12 | Episode steps: 2500 | Average reward:  1161.21 | Step Count: 7432099 | Episode Q0:    41.01
Episode: 4363/5000 | Episode reward:  1131.60 | Episode steps: 2500 | Average reward:  1158.62 | Step Count: 7434599 | Episode Q0:    41.01
Episode: 4364/5000 | Episode reward:  1142.72 | Episode steps: 2500 | Average reward:  1157.60 | Step Count: 7437099 | Episode Q0:    41.01
Episode: 4365/5000 | Episode reward:  1153.73 | Episode steps: 2500 | Average reward:  1155.50 | Step Count: 7439599 | Episode Q0:    41.01
Episode: 4366/5000 | Episode reward:  1144.05 | Episode steps: 2500 | Average reward:  1157.22 | Step Count: 7442099 | Episode Q0:    41.01
Episode: 4367/5000 | Episode reward:  1155.10 | Episode steps: 2500 | Average reward:  1158.37 | Step Count: 7444599 | Episode Q0:    41.01
Episode: 4368/5000 | Episode reward:  1256.76 | Episode steps: 2500 | Average reward:  1162.13 | Step Count: 7447099 | Episode Q0:    41.01
Episode: 4369/5000 | Episode reward:  1161.81 | Episode steps: 2500 | Average reward:  1161.48 | Step Count: 7449599 | Episode Q0:    41.01
Episode: 4370/5000 | Episode reward:  1138.68 | Episode steps: 2500 | Average reward:  1159.94 | Step Count: 7452099 | Episode Q0:    41.01
Episode: 4371/5000 | Episode reward:  1141.29 | Episode steps: 2500 | Average reward:  1151.79 | Step Count: 7454599 | Episode Q0:    41.01
Episode: 4372/5000 | Episode reward:  1134.54 | Episode steps: 2500 | Average reward:  1156.03 | Step Count: 7457099 | Episode Q0:    41.01
Episode: 4373/5000 | Episode reward:  1203.70 | Episode steps: 2500 | Average reward:  1163.24 | Step Count: 7459599 | Episode Q0:    41.01
Episode: 4374/5000 | Episode reward:  1164.70 | Episode steps: 2500 | Average reward:  1165.44 | Step Count: 7462099 | Episode Q0:    41.01
Episode: 4375/5000 | Episode reward:  1143.76 | Episode steps: 2500 | Average reward:  1164.44 | Step Count: 7464599 | Episode Q0:    41.01
Episode: 4376/5000 | Episode reward:  1172.56 | Episode steps: 2500 | Average reward:  1167.29 | Step Count: 7467099 | Episode Q0:    41.01
Episode: 4377/5000 | Episode reward:  1147.00 | Episode steps: 2500 | Average reward:  1166.48 | Step Count: 7469599 | Episode Q0:    41.01
Episode: 4378/5000 | Episode reward:  1158.05 | Episode steps: 2500 | Average reward:  1156.61 | Step Count: 7472099 | Episode Q0:    41.93
Episode: 4379/5000 | Episode reward:  1154.33 | Episode steps: 2500 | Average reward:  1155.86 | Step Count: 7474599 | Episode Q0:    41.93
Episode: 4380/5000 | Episode reward:  1143.05 | Episode steps: 2500 | Average reward:  1156.30 | Step Count: 7477099 | Episode Q0:    41.93
Episode: 4381/5000 | Episode reward:  1153.39 | Episode steps: 2500 | Average reward:  1157.51 | Step Count: 7479599 | Episode Q0:    41.93
Episode: 4382/5000 | Episode reward:  1173.57 | Episode steps: 2500 | Average reward:  1161.41 | Step Count: 7482099 | Episode Q0:    41.93
Episode: 4383/5000 | Episode reward:  1159.53 | Episode steps: 2500 | Average reward:  1156.99 | Step Count: 7484599 | Episode Q0:    41.93
Episode: 4384/5000 | Episode reward:  1147.72 | Episode steps: 2500 | Average reward:  1155.30 | Step Count: 7487099 | Episode Q0:    41.93
Episode: 4385/5000 | Episode reward:  1162.88 | Episode steps: 2500 | Average reward:  1157.21 | Step Count: 7489599 | Episode Q0:    41.93
Episode: 4386/5000 | Episode reward:  1153.91 | Episode steps: 2500 | Average reward:  1155.34 | Step Count: 7492099 | Episode Q0:    41.93
Episode: 4387/5000 | Episode reward:  1147.00 | Episode steps: 2500 | Average reward:  1155.34 | Step Count: 7494599 | Episode Q0:    41.93
Episode: 4388/5000 | Episode reward:  1081.77 | Episode steps: 2500 | Average reward:  1147.72 | Step Count: 7497099 | Episode Q0:    41.93
Episode: 4389/5000 | Episode reward:  1146.16 | Episode steps: 2500 | Average reward:  1146.90 | Step Count: 7499599 | Episode Q0:    41.93
Episode: 4390/5000 | Episode reward:  1139.37 | Episode steps: 2500 | Average reward:  1146.53 | Step Count: 7502099 | Episode Q0:    41.93
Episode: 4391/5000 | Episode reward:  1126.39 | Episode steps: 2500 | Average reward:  1143.83 | Step Count: 7504599 | Episode Q0:    41.93
Episode: 4392/5000 | Episode reward:  1165.60 | Episode steps: 2500 | Average reward:  1143.03 | Step Count: 7507099 | Episode Q0:    41.93
Episode: 4393/5000 | Episode reward:  1166.46 | Episode steps: 2500 | Average reward:  1143.73 | Step Count: 7509599 | Episode Q0:    41.93
Episode: 4394/5000 | Episode reward:  1152.40 | Episode steps: 2500 | Average reward:  1144.19 | Step Count: 7512099 | Episode Q0:    41.93
Episode: 4395/5000 | Episode reward:  1143.12 | Episode steps: 2500 | Average reward:  1142.22 | Step Count: 7514599 | Episode Q0:    41.93
Episode: 4396/5000 | Episode reward:  1124.11 | Episode steps: 2500 | Average reward:  1139.24 | Step Count: 7517099 | Episode Q0:    41.93
Episode: 4397/5000 | Episode reward:  1179.72 | Episode steps: 2500 | Average reward:  1142.51 | Step Count: 7519599 | Episode Q0:    38.48
Episode: 4398/5000 | Episode reward:  1191.76 | Episode steps: 2500 | Average reward:  1153.51 | Step Count: 7522099 | Episode Q0:    38.48
Episode: 4399/5000 | Episode reward:  1164.23 | Episode steps: 2500 | Average reward:  1155.32 | Step Count: 7524599 | Episode Q0:    38.48
Episode: 4400/5000 | Episode reward:  1163.35 | Episode steps: 2500 | Average reward:  1157.71 | Step Count: 7527099 | Episode Q0:    38.48
Episode: 4401/5000 | Episode reward:  1165.07 | Episode steps: 2500 | Average reward:  1161.58 | Step Count: 7529599 | Episode Q0:    38.48
Episode: 4402/5000 | Episode reward:  1183.77 | Episode steps: 2500 | Average reward:  1163.40 | Step Count: 7532099 | Episode Q0:    38.48
Episode: 4403/5000 | Episode reward:  1145.82 | Episode steps: 2500 | Average reward:  1161.34 | Step Count: 7534599 | Episode Q0:    38.48
Episode: 4404/5000 | Episode reward:  1172.43 | Episode steps: 2500 | Average reward:  1163.34 | Step Count: 7537099 | Episode Q0:    38.48
Episode: 4405/5000 | Episode reward:  1190.87 | Episode steps: 2500 | Average reward:  1168.11 | Step Count: 7539599 | Episode Q0:    38.48
Episode: 4406/5000 | Episode reward:  1167.54 | Episode steps: 2500 | Average reward:  1172.46 | Step Count: 7542099 | Episode Q0:    38.48
Episode: 4407/5000 | Episode reward:  1170.55 | Episode steps: 2500 | Average reward:  1171.54 | Step Count: 7544599 | Episode Q0:    38.48
Episode: 4408/5000 | Episode reward:  1192.79 | Episode steps: 2500 | Average reward:  1171.64 | Step Count: 7547099 | Episode Q0:    38.48
Episode: 4409/5000 | Episode reward:  1185.55 | Episode steps: 2500 | Average reward:  1173.77 | Step Count: 7549599 | Episode Q0:    38.48
Episode: 4410/5000 | Episode reward:  1255.06 | Episode steps: 2500 | Average reward:  1182.95 | Step Count: 7552099 | Episode Q0:    38.48
Episode: 4411/5000 | Episode reward:  1147.84 | Episode steps: 2500 | Average reward:  1181.22 | Step Count: 7554599 | Episode Q0:    38.48
Episode: 4412/5000 | Episode reward:  1182.32 | Episode steps: 2500 | Average reward:  1181.08 | Step Count: 7557099 | Episode Q0:    38.48
Episode: 4413/5000 | Episode reward:  1171.78 | Episode steps: 2500 | Average reward:  1183.67 | Step Count: 7559599 | Episode Q0:    38.48
Episode: 4414/5000 | Episode reward:  1167.43 | Episode steps: 2500 | Average reward:  1183.17 | Step Count: 7562099 | Episode Q0:    38.48
Episode: 4415/5000 | Episode reward:  1172.86 | Episode steps: 2500 | Average reward:  1181.37 | Step Count: 7564599 | Episode Q0:    38.48
Episode: 4416/5000 | Episode reward:  1189.13 | Episode steps: 2500 | Average reward:  1183.53 | Step Count: 7567099 | Episode Q0:    38.48
Episode: 4417/5000 | Episode reward:  1229.44 | Episode steps: 2500 | Average reward:  1189.42 | Step Count: 7569599 | Episode Q0:    38.48
Episode: 4418/5000 | Episode reward:  1184.18 | Episode steps: 2500 | Average reward:  1188.56 | Step Count: 7572099 | Episode Q0:    38.48
Episode: 4419/5000 | Episode reward:  1165.65 | Episode steps: 2500 | Average reward:  1186.57 | Step Count: 7574599 | Episode Q0:    38.48
Episode: 4420/5000 | Episode reward:  1169.08 | Episode steps: 2500 | Average reward:  1177.97 | Step Count: 7577099 | Episode Q0:    38.48
Episode: 4421/5000 | Episode reward:  1170.57 | Episode steps: 2500 | Average reward:  1180.24 | Step Count: 7579599 | Episode Q0:    38.48
Episode: 4422/5000 | Episode reward:  1140.73 | Episode steps: 2500 | Average reward:  1176.08 | Step Count: 7582099 | Episode Q0:    41.49
Episode: 4423/5000 | Episode reward:  1137.47 | Episode steps: 2500 | Average reward:  1172.65 | Step Count: 7584599 | Episode Q0:    41.49
Episode: 4424/5000 | Episode reward:  1062.22 | Episode steps: 2500 | Average reward:  1162.13 | Step Count: 7587099 | Episode Q0:    41.49
Episode: 4425/5000 | Episode reward:  1073.43 | Episode steps: 2500 | Average reward:  1152.19 | Step Count: 7589599 | Episode Q0:    41.49
Episode: 4426/5000 | Episode reward:  1141.06 | Episode steps: 2500 | Average reward:  1147.38 | Step Count: 7592099 | Episode Q0:    41.49
Episode: 4427/5000 | Episode reward:  1128.62 | Episode steps: 2500 | Average reward:  1137.30 | Step Count: 7594599 | Episode Q0:    41.49
Episode: 4428/5000 | Episode reward:  1117.67 | Episode steps: 2500 | Average reward:  1130.65 | Step Count: 7597099 | Episode Q0:    41.49
Episode: 4429/5000 | Episode reward:  1168.84 | Episode steps: 2500 | Average reward:  1130.97 | Step Count: 7599599 | Episode Q0:    41.49
Episode: 4430/5000 | Episode reward:  1155.51 | Episode steps: 2500 | Average reward:  1129.61 | Step Count: 7602099 | Episode Q0:    41.49
Episode: 4431/5000 | Episode reward:  1171.63 | Episode steps: 2500 | Average reward:  1129.72 | Step Count: 7604599 | Episode Q0:    41.49
Episode: 4432/5000 | Episode reward:  1134.59 | Episode steps: 2500 | Average reward:  1129.10 | Step Count: 7607099 | Episode Q0:    41.49
Episode: 4433/5000 | Episode reward:  1180.85 | Episode steps: 2500 | Average reward:  1133.44 | Step Count: 7609599 | Episode Q0:    41.49
Episode: 4434/5000 | Episode reward:  1109.39 | Episode steps: 2500 | Average reward:  1138.16 | Step Count: 7612099 | Episode Q0:    41.49
Episode: 4435/5000 | Episode reward:  1097.31 | Episode steps: 2500 | Average reward:  1140.55 | Step Count: 7614599 | Episode Q0:    41.49
Episode: 4436/5000 | Episode reward:  1147.41 | Episode steps: 2500 | Average reward:  1141.18 | Step Count: 7617099 | Episode Q0:    41.49
Episode: 4437/5000 | Episode reward:  1051.49 | Episode steps: 2500 | Average reward:  1133.47 | Step Count: 7619599 | Episode Q0:    41.49
Episode: 4438/5000 | Episode reward:  1131.31 | Episode steps: 2500 | Average reward:  1134.83 | Step Count: 7622099 | Episode Q0:    41.49
Episode: 4439/5000 | Episode reward:  1162.13 | Episode steps: 2500 | Average reward:  1134.16 | Step Count: 7624599 | Episode Q0:    41.49
Episode: 4440/5000 | Episode reward:  1130.26 | Episode steps: 2500 | Average reward:  1131.64 | Step Count: 7627099 | Episode Q0:    41.49
Episode: 4441/5000 | Episode reward:  1177.00 | Episode steps: 2500 | Average reward:  1132.17 | Step Count: 7629599 | Episode Q0:    42.36
Episode: 4442/5000 | Episode reward:  1229.94 | Episode steps: 2500 | Average reward:  1141.71 | Step Count: 7632099 | Episode Q0:    42.36
Episode: 4443/5000 | Episode reward:  1182.51 | Episode steps: 2500 | Average reward:  1141.88 | Step Count: 7634599 | Episode Q0:    42.36
Episode: 4444/5000 | Episode reward:  1176.83 | Episode steps: 2500 | Average reward:  1148.62 | Step Count: 7637099 | Episode Q0:    42.36
Episode: 4445/5000 | Episode reward:  1173.75 | Episode steps: 2500 | Average reward:  1156.26 | Step Count: 7639599 | Episode Q0:    42.36
Episode: 4446/5000 | Episode reward:  1237.32 | Episode steps: 2500 | Average reward:  1165.25 | Step Count: 7642099 | Episode Q0:    42.36
Episode: 4447/5000 | Episode reward:  1142.71 | Episode steps: 2500 | Average reward:  1174.38 | Step Count: 7644599 | Episode Q0:    42.36
Episode: 4448/5000 | Episode reward:  1180.52 | Episode steps: 2500 | Average reward:  1179.30 | Step Count: 7647099 | Episode Q0:    42.36
Episode: 4449/5000 | Episode reward:  1143.79 | Episode steps: 2500 | Average reward:  1177.46 | Step Count: 7649599 | Episode Q0:    42.36
Episode: 4450/5000 | Episode reward:  1172.39 | Episode steps: 2500 | Average reward:  1181.68 | Step Count: 7652099 | Episode Q0:    42.36
Episode: 4451/5000 | Episode reward:  1166.16 | Episode steps: 2500 | Average reward:  1180.59 | Step Count: 7654599 | Episode Q0:    42.36
Episode: 4452/5000 | Episode reward:  1178.98 | Episode steps: 2500 | Average reward:  1175.50 | Step Count: 7657099 | Episode Q0:    42.36
Episode: 4453/5000 | Episode reward:  1180.78 | Episode steps: 2500 | Average reward:  1175.32 | Step Count: 7659599 | Episode Q0:    42.36
Episode: 4454/5000 | Episode reward:  1180.87 | Episode steps: 2500 | Average reward:  1175.73 | Step Count: 7662099 | Episode Q0:    42.36
Episode: 4455/5000 | Episode reward:  1175.03 | Episode steps: 2500 | Average reward:  1175.85 | Step Count: 7664599 | Episode Q0:    42.36
Episode: 4456/5000 | Episode reward:  1169.87 | Episode steps: 2500 | Average reward:  1169.11 | Step Count: 7667099 | Episode Q0:    42.36
Episode: 4457/5000 | Episode reward:  1181.12 | Episode steps: 2500 | Average reward:  1172.95 | Step Count: 7669599 | Episode Q0:    42.36
Episode: 4458/5000 | Episode reward:  1183.21 | Episode steps: 2500 | Average reward:  1173.22 | Step Count: 7672099 | Episode Q0:    42.36
Episode: 4459/5000 | Episode reward:  1158.05 | Episode steps: 2500 | Average reward:  1174.65 | Step Count: 7674599 | Episode Q0:    42.36
Episode: 4460/5000 | Episode reward:  1167.39 | Episode steps: 2500 | Average reward:  1174.15 | Step Count: 7677099 | Episode Q0:    42.36
Episode: 4461/5000 | Episode reward:  1161.97 | Episode steps: 2500 | Average reward:  1173.73 | Step Count: 7679599 | Episode Q0:    42.36
Episode: 4462/5000 | Episode reward:  1177.46 | Episode steps: 2500 | Average reward:  1173.57 | Step Count: 7682099 | Episode Q0:    42.36
Episode: 4463/5000 | Episode reward:  1155.65 | Episode steps: 2500 | Average reward:  1171.06 | Step Count: 7684599 | Episode Q0:    42.36
Episode: 4464/5000 | Episode reward:  1170.29 | Episode steps: 2500 | Average reward:  1170.00 | Step Count: 7687099 | Episode Q0:    42.36
Episode: 4465/5000 | Episode reward:  1159.70 | Episode steps: 2500 | Average reward:  1168.47 | Step Count: 7689599 | Episode Q0:    42.36
Episode: 4466/5000 | Episode reward:  1070.48 | Episode steps: 2500 | Average reward:  1158.53 | Step Count: 7692099 | Episode Q0:    41.09
Episode: 4467/5000 | Episode reward:  1142.17 | Episode steps: 2500 | Average reward:  1154.64 | Step Count: 7694599 | Episode Q0:    41.09
Episode: 4468/5000 | Episode reward:  1179.79 | Episode steps: 2500 | Average reward:  1154.29 | Step Count: 7697099 | Episode Q0:    41.09
Episode: 4469/5000 | Episode reward:  1139.08 | Episode steps: 2500 | Average reward:  1152.40 | Step Count: 7699599 | Episode Q0:    41.09
Episode: 4470/5000 | Episode reward:  1173.52 | Episode steps: 2500 | Average reward:  1153.01 | Step Count: 7702099 | Episode Q0:    41.09
Episode: 4471/5000 | Episode reward:  1167.52 | Episode steps: 2500 | Average reward:  1153.57 | Step Count: 7704599 | Episode Q0:    41.09
Episode: 4472/5000 | Episode reward:  1137.78 | Episode steps: 2500 | Average reward:  1149.60 | Step Count: 7707099 | Episode Q0:    41.09
Episode: 4473/5000 | Episode reward:  1204.04 | Episode steps: 2500 | Average reward:  1154.44 | Step Count: 7709599 | Episode Q0:    41.09
Episode: 4474/5000 | Episode reward:  1145.18 | Episode steps: 2500 | Average reward:  1151.93 | Step Count: 7712099 | Episode Q0:    41.09
Episode: 4475/5000 | Episode reward:  1139.34 | Episode steps: 2500 | Average reward:  1149.89 | Step Count: 7714599 | Episode Q0:    41.09
Episode: 4476/5000 | Episode reward:  1178.98 | Episode steps: 2500 | Average reward:  1160.74 | Step Count: 7717099 | Episode Q0:    41.09
Episode: 4477/5000 | Episode reward:  1146.64 | Episode steps: 2500 | Average reward:  1161.19 | Step Count: 7719599 | Episode Q0:    41.09
Episode: 4478/5000 | Episode reward:  1194.15 | Episode steps: 2500 | Average reward:  1162.62 | Step Count: 7722099 | Episode Q0:    41.09
Episode: 4479/5000 | Episode reward:  1167.26 | Episode steps: 2500 | Average reward:  1165.44 | Step Count: 7724599 | Episode Q0:    41.09
Episode: 4480/5000 | Episode reward:  1131.03 | Episode steps: 2500 | Average reward:  1161.19 | Step Count: 7727099 | Episode Q0:    41.09
Episode: 4481/5000 | Episode reward:  1152.21 | Episode steps: 2500 | Average reward:  1159.66 | Step Count: 7729599 | Episode Q0:    41.09
Episode: 4482/5000 | Episode reward:  1173.96 | Episode steps: 2500 | Average reward:  1163.28 | Step Count: 7732099 | Episode Q0:    41.09
Episode: 4483/5000 | Episode reward:  1155.23 | Episode steps: 2500 | Average reward:  1158.40 | Step Count: 7734599 | Episode Q0:    41.09
Episode: 4484/5000 | Episode reward:  1172.98 | Episode steps: 2500 | Average reward:  1161.18 | Step Count: 7737099 | Episode Q0:    41.09
Episode: 4485/5000 | Episode reward:  1177.33 | Episode steps: 2500 | Average reward:  1164.98 | Step Count: 7739599 | Episode Q0:    40.71
Episode: 4486/5000 | Episode reward:  1192.94 | Episode steps: 2500 | Average reward:  1166.37 | Step Count: 7742099 | Episode Q0:    40.71
Episode: 4487/5000 | Episode reward:  1163.21 | Episode steps: 2500 | Average reward:  1168.03 | Step Count: 7744599 | Episode Q0:    40.71
Episode: 4488/5000 | Episode reward:  1164.27 | Episode steps: 2500 | Average reward:  1165.04 | Step Count: 7747099 | Episode Q0:    40.71
Episode: 4489/5000 | Episode reward:  1168.75 | Episode steps: 2500 | Average reward:  1165.19 | Step Count: 7749599 | Episode Q0:    40.71
Episode: 4490/5000 | Episode reward:  1194.26 | Episode steps: 2500 | Average reward:  1171.51 | Step Count: 7752099 | Episode Q0:    40.71
Episode: 4491/5000 | Episode reward:  1182.64 | Episode steps: 2500 | Average reward:  1174.56 | Step Count: 7754599 | Episode Q0:    40.71
Episode: 4492/5000 | Episode reward:  1172.12 | Episode steps: 2500 | Average reward:  1174.37 | Step Count: 7757099 | Episode Q0:    40.71
Episode: 4493/5000 | Episode reward:  1183.30 | Episode steps: 2500 | Average reward:  1177.18 | Step Count: 7759599 | Episode Q0:    40.71
Episode: 4494/5000 | Episode reward:  1169.63 | Episode steps: 2500 | Average reward:  1176.85 | Step Count: 7762099 | Episode Q0:    40.71
Episode: 4495/5000 | Episode reward:  1192.63 | Episode steps: 2500 | Average reward:  1178.38 | Step Count: 7764599 | Episode Q0:    40.71
Episode: 4496/5000 | Episode reward:  1168.29 | Episode steps: 2500 | Average reward:  1175.91 | Step Count: 7767099 | Episode Q0:    40.71
Episode: 4497/5000 | Episode reward:  1167.88 | Episode steps: 2500 | Average reward:  1176.38 | Step Count: 7769599 | Episode Q0:    40.71
Episode: 4498/5000 | Episode reward:  1195.03 | Episode steps: 2500 | Average reward:  1179.45 | Step Count: 7772099 | Episode Q0:    40.71
Episode: 4499/5000 | Episode reward:  1165.35 | Episode steps: 2500 | Average reward:  1179.11 | Step Count: 7774599 | Episode Q0:    40.71
Episode: 4500/5000 | Episode reward:  1127.08 | Episode steps: 2500 | Average reward:  1172.39 | Step Count: 7777099 | Episode Q0:    40.71
Episode: 4501/5000 | Episode reward:  1178.79 | Episode steps: 2500 | Average reward:  1172.01 | Step Count: 7779599 | Episode Q0:    40.71
Episode: 4502/5000 | Episode reward:  1254.20 | Episode steps: 2500 | Average reward:  1180.22 | Step Count: 7782099 | Episode Q0:    40.71
Episode: 4503/5000 | Episode reward:  1190.72 | Episode steps: 2500 | Average reward:  1180.96 | Step Count: 7784599 | Episode Q0:    40.71
Episode: 4504/5000 | Episode reward:  1203.07 | Episode steps: 2500 | Average reward:  1184.30 | Step Count: 7787099 | Episode Q0:    40.71
Episode: 4505/5000 | Episode reward:  1159.00 | Episode steps: 2500 | Average reward:  1180.94 | Step Count: 7789599 | Episode Q0:    40.71
Episode: 4506/5000 | Episode reward:  1171.03 | Episode steps: 2500 | Average reward:  1181.22 | Step Count: 7792099 | Episode Q0:    40.71
Episode: 4507/5000 | Episode reward:  1185.09 | Episode steps: 2500 | Average reward:  1182.94 | Step Count: 7794599 | Episode Q0:    40.71
Episode: 4508/5000 | Episode reward:  1181.62 | Episode steps: 2500 | Average reward:  1181.60 | Step Count: 7797099 | Episode Q0:    40.71
Episode: 4509/5000 | Episode reward:  1160.55 | Episode steps: 2500 | Average reward:  1181.12 | Step Count: 7799599 | Episode Q0:    40.71
Episode: 4510/5000 | Episode reward:  1165.84 | Episode steps: 2500 | Average reward:  1184.99 | Step Count: 7802099 | Episode Q0:    42.53
Episode: 4511/5000 | Episode reward:  1186.76 | Episode steps: 2500 | Average reward:  1185.79 | Step Count: 7804599 | Episode Q0:    42.53
Episode: 4512/5000 | Episode reward:  1167.23 | Episode steps: 2500 | Average reward:  1177.09 | Step Count: 7807099 | Episode Q0:    42.53
Episode: 4513/5000 | Episode reward:  1178.27 | Episode steps: 2500 | Average reward:  1175.85 | Step Count: 7809599 | Episode Q0:    42.53
Episode: 4514/5000 | Episode reward:  1173.50 | Episode steps: 2500 | Average reward:  1172.89 | Step Count: 7812099 | Episode Q0:    42.53
Episode: 4515/5000 | Episode reward:  1161.45 | Episode steps: 2500 | Average reward:  1173.13 | Step Count: 7814599 | Episode Q0:    42.53
Episode: 4516/5000 | Episode reward:  1159.31 | Episode steps: 2500 | Average reward:  1171.96 | Step Count: 7817099 | Episode Q0:    42.53
Episode: 4517/5000 | Episode reward:  1180.75 | Episode steps: 2500 | Average reward:  1171.53 | Step Count: 7819599 | Episode Q0:    42.53
Episode: 4518/5000 | Episode reward:  1177.72 | Episode steps: 2500 | Average reward:  1171.14 | Step Count: 7822099 | Episode Q0:    42.53
Episode: 4519/5000 | Episode reward:  1168.12 | Episode steps: 2500 | Average reward:  1171.90 | Step Count: 7824599 | Episode Q0:    42.53
Episode: 4520/5000 | Episode reward:  1188.43 | Episode steps: 2500 | Average reward:  1174.15 | Step Count: 7827099 | Episode Q0:    42.53
Episode: 4521/5000 | Episode reward:  1173.48 | Episode steps: 2500 | Average reward:  1172.83 | Step Count: 7829599 | Episode Q0:    42.53
Episode: 4522/5000 | Episode reward:  1173.89 | Episode steps: 2500 | Average reward:  1173.49 | Step Count: 7832099 | Episode Q0:    42.53
Episode: 4523/5000 | Episode reward:  1177.82 | Episode steps: 2500 | Average reward:  1173.45 | Step Count: 7834599 | Episode Q0:    42.53
Episode: 4524/5000 | Episode reward:  1161.35 | Episode steps: 2500 | Average reward:  1172.23 | Step Count: 7837099 | Episode Q0:    42.53
Episode: 4525/5000 | Episode reward:  1192.35 | Episode steps: 2500 | Average reward:  1175.32 | Step Count: 7839599 | Episode Q0:    42.53
Episode: 4526/5000 | Episode reward:  1163.41 | Episode steps: 2500 | Average reward:  1175.73 | Step Count: 7842099 | Episode Q0:    42.53
Episode: 4527/5000 | Episode reward:  1181.71 | Episode steps: 2500 | Average reward:  1175.83 | Step Count: 7844599 | Episode Q0:    42.53
Episode: 4528/5000 | Episode reward:  1164.54 | Episode steps: 2500 | Average reward:  1174.51 | Step Count: 7847099 | Episode Q0:    42.53
Episode: 4529/5000 | Episode reward:  1159.06 | Episode steps: 2500 | Average reward:  1173.60 | Step Count: 7849599 | Episode Q0:    44.60
Episode: 4530/5000 | Episode reward:  1247.90 | Episode steps: 2500 | Average reward:  1179.55 | Step Count: 7852099 | Episode Q0:    44.60
Episode: 4531/5000 | Episode reward:  1247.38 | Episode steps: 2500 | Average reward:  1186.94 | Step Count: 7854599 | Episode Q0:    44.60
Episode: 4532/5000 | Episode reward:  1222.81 | Episode steps: 2500 | Average reward:  1191.83 | Step Count: 7857099 | Episode Q0:    44.60
Episode: 4533/5000 | Episode reward:  1200.68 | Episode steps: 2500 | Average reward:  1194.12 | Step Count: 7859599 | Episode Q0:    44.60
Episode: 4534/5000 | Episode reward:  1205.63 | Episode steps: 2500 | Average reward:  1198.55 | Step Count: 7862099 | Episode Q0:    44.60
Episode: 4535/5000 | Episode reward:  1191.95 | Episode steps: 2500 | Average reward:  1198.51 | Step Count: 7864599 | Episode Q0:    44.60
Episode: 4536/5000 | Episode reward:  1227.77 | Episode steps: 2500 | Average reward:  1204.94 | Step Count: 7867099 | Episode Q0:    44.60
Episode: 4537/5000 | Episode reward:  1243.49 | Episode steps: 2500 | Average reward:  1211.12 | Step Count: 7869599 | Episode Q0:    44.60
Episode: 4538/5000 | Episode reward:  1208.05 | Episode steps: 2500 | Average reward:  1215.47 | Step Count: 7872099 | Episode Q0:    44.60
Episode: 4539/5000 | Episode reward:  1181.77 | Episode steps: 2500 | Average reward:  1217.74 | Step Count: 7874599 | Episode Q0:    44.60
Episode: 4540/5000 | Episode reward:  1174.98 | Episode steps: 2500 | Average reward:  1210.45 | Step Count: 7877099 | Episode Q0:    44.60
Episode: 4541/5000 | Episode reward:  1199.12 | Episode steps: 2500 | Average reward:  1205.62 | Step Count: 7879599 | Episode Q0:    44.60
Episode: 4542/5000 | Episode reward:  1182.28 | Episode steps: 2500 | Average reward:  1201.57 | Step Count: 7882099 | Episode Q0:    44.60
Episode: 4543/5000 | Episode reward:  1173.27 | Episode steps: 2500 | Average reward:  1198.83 | Step Count: 7884599 | Episode Q0:    44.60
Episode: 4544/5000 | Episode reward:  1261.17 | Episode steps: 2500 | Average reward:  1204.38 | Step Count: 7887099 | Episode Q0:    44.60
Episode: 4545/5000 | Episode reward:  1232.32 | Episode steps: 2500 | Average reward:  1208.42 | Step Count: 7889599 | Episode Q0:    44.60
Episode: 4546/5000 | Episode reward:  1251.31 | Episode steps: 2500 | Average reward:  1210.78 | Step Count: 7892099 | Episode Q0:    44.60
Episode: 4547/5000 | Episode reward:  1254.44 | Episode steps: 2500 | Average reward:  1211.87 | Step Count: 7894599 | Episode Q0:    44.60
Episode: 4548/5000 | Episode reward:  1187.30 | Episode steps: 2500 | Average reward:  1209.80 | Step Count: 7897099 | Episode Q0:    44.60
Episode: 4549/5000 | Episode reward:  1182.30 | Episode steps: 2500 | Average reward:  1209.85 | Step Count: 7899599 | Episode Q0:    44.60
Episode: 4550/5000 | Episode reward:  1185.36 | Episode steps: 2500 | Average reward:  1210.89 | Step Count: 7902099 | Episode Q0:    44.60
Episode: 4551/5000 | Episode reward:  1190.20 | Episode steps: 2500 | Average reward:  1209.99 | Step Count: 7904599 | Episode Q0:    44.60
Episode: 4552/5000 | Episode reward:  1156.47 | Episode steps: 2500 | Average reward:  1207.41 | Step Count: 7907099 | Episode Q0:    44.60
Episode: 4553/5000 | Episode reward:  1236.14 | Episode steps: 2500 | Average reward:  1213.70 | Step Count: 7909599 | Episode Q0:    44.60
Episode: 4554/5000 | Episode reward:  1166.60 | Episode steps: 2500 | Average reward:  1204.24 | Step Count: 7912099 | Episode Q0:    44.57
Episode: 4555/5000 | Episode reward:  1166.49 | Episode steps: 2500 | Average reward:  1197.66 | Step Count: 7914599 | Episode Q0:    44.57
Episode: 4556/5000 | Episode reward:  1144.32 | Episode steps: 2500 | Average reward:  1186.96 | Step Count: 7917099 | Episode Q0:    44.57
Episode: 4557/5000 | Episode reward:  1197.67 | Episode steps: 2500 | Average reward:  1181.28 | Step Count: 7919599 | Episode Q0:    44.57
Episode: 4558/5000 | Episode reward:  1177.05 | Episode steps: 2500 | Average reward:  1180.26 | Step Count: 7922099 | Episode Q0:    44.57
Episode: 4559/5000 | Episode reward:  1172.01 | Episode steps: 2500 | Average reward:  1179.23 | Step Count: 7924599 | Episode Q0:    44.57
Episode: 4560/5000 | Episode reward:  1257.95 | Episode steps: 2500 | Average reward:  1186.49 | Step Count: 7927099 | Episode Q0:    44.57
Episode: 4561/5000 | Episode reward:  1157.78 | Episode steps: 2500 | Average reward:  1183.25 | Step Count: 7929599 | Episode Q0:    44.57
Episode: 4562/5000 | Episode reward:  1130.35 | Episode steps: 2500 | Average reward:  1180.64 | Step Count: 7932099 | Episode Q0:    44.57
Episode: 4563/5000 | Episode reward:  1179.66 | Episode steps: 2500 | Average reward:  1174.99 | Step Count: 7934599 | Episode Q0:    44.57
Episode: 4564/5000 | Episode reward:  1160.70 | Episode steps: 2500 | Average reward:  1174.40 | Step Count: 7937099 | Episode Q0:    44.57
Episode: 4565/5000 | Episode reward:  1163.16 | Episode steps: 2500 | Average reward:  1174.06 | Step Count: 7939599 | Episode Q0:    44.57
Episode: 4566/5000 | Episode reward:  1191.58 | Episode steps: 2500 | Average reward:  1178.79 | Step Count: 7942099 | Episode Q0:    44.57
Episode: 4567/5000 | Episode reward:  1157.30 | Episode steps: 2500 | Average reward:  1174.75 | Step Count: 7944599 | Episode Q0:    44.57
Episode: 4568/5000 | Episode reward:  1145.75 | Episode steps: 2500 | Average reward:  1171.62 | Step Count: 7947099 | Episode Q0:    44.57
Episode: 4569/5000 | Episode reward:  1113.66 | Episode steps: 2500 | Average reward:  1165.79 | Step Count: 7949599 | Episode Q0:    44.57
Episode: 4570/5000 | Episode reward:  1166.70 | Episode steps: 2500 | Average reward:  1156.66 | Step Count: 7952099 | Episode Q0:    44.57
Episode: 4571/5000 | Episode reward:  1190.38 | Episode steps: 2500 | Average reward:  1159.92 | Step Count: 7954599 | Episode Q0:    44.57
Episode: 4572/5000 | Episode reward:  1183.22 | Episode steps: 2500 | Average reward:  1165.21 | Step Count: 7957099 | Episode Q0:    44.57
Episode: 4573/5000 | Episode reward:  1237.86 | Episode steps: 2500 | Average reward:  1171.03 | Step Count: 7959599 | Episode Q0:    42.96
Episode: 4574/5000 | Episode reward:  1200.04 | Episode steps: 2500 | Average reward:  1174.96 | Step Count: 7962099 | Episode Q0:    42.96
Episode: 4575/5000 | Episode reward:  1239.64 | Episode steps: 2500 | Average reward:  1182.61 | Step Count: 7964599 | Episode Q0:    42.96
Episode: 4576/5000 | Episode reward:  1232.13 | Episode steps: 2500 | Average reward:  1186.67 | Step Count: 7967099 | Episode Q0:    42.96
Episode: 4577/5000 | Episode reward:  1263.37 | Episode steps: 2500 | Average reward:  1197.27 | Step Count: 7969599 | Episode Q0:    42.96
Episode: 4578/5000 | Episode reward:  1234.17 | Episode steps: 2500 | Average reward:  1206.12 | Step Count: 7972099 | Episode Q0:    42.96
Episode: 4579/5000 | Episode reward:  1229.18 | Episode steps: 2500 | Average reward:  1217.67 | Step Count: 7974599 | Episode Q0:    42.96
Episode: 4580/5000 | Episode reward:  1252.34 | Episode steps: 2500 | Average reward:  1226.23 | Step Count: 7977099 | Episode Q0:    42.96
Episode: 4581/5000 | Episode reward:  1173.55 | Episode steps: 2500 | Average reward:  1224.55 | Step Count: 7979599 | Episode Q0:    42.96
Episode: 4582/5000 | Episode reward:  1248.01 | Episode steps: 2500 | Average reward:  1231.03 | Step Count: 7982099 | Episode Q0:    42.96
Episode: 4583/5000 | Episode reward:  1216.01 | Episode steps: 2500 | Average reward:  1228.84 | Step Count: 7984599 | Episode Q0:    42.96
Episode: 4584/5000 | Episode reward:  1236.98 | Episode steps: 2500 | Average reward:  1232.54 | Step Count: 7987099 | Episode Q0:    42.96
Episode: 4585/5000 | Episode reward:  1257.22 | Episode steps: 2500 | Average reward:  1234.30 | Step Count: 7989599 | Episode Q0:    42.96
Episode: 4586/5000 | Episode reward:  1185.97 | Episode steps: 2500 | Average reward:  1229.68 | Step Count: 7992099 | Episode Q0:    42.96
Episode: 4587/5000 | Episode reward:  1249.28 | Episode steps: 2500 | Average reward:  1228.27 | Step Count: 7994599 | Episode Q0:    42.96
Episode: 4588/5000 | Episode reward:  1218.72 | Episode steps: 2500 | Average reward:  1226.73 | Step Count: 7997099 | Episode Q0:    42.96
Episode: 4589/5000 | Episode reward:  1236.01 | Episode steps: 2500 | Average reward:  1227.41 | Step Count: 7999599 | Episode Q0:    42.96
Episode: 4590/5000 | Episode reward:  1177.37 | Episode steps: 2500 | Average reward:  1219.91 | Step Count: 8002099 | Episode Q0:    42.96
Episode: 4591/5000 | Episode reward:  1232.19 | Episode steps: 2500 | Average reward:  1225.78 | Step Count: 8004599 | Episode Q0:    42.96
Episode: 4592/5000 | Episode reward:  1245.00 | Episode steps: 2500 | Average reward:  1225.48 | Step Count: 8007099 | Episode Q0:    42.96
Episode: 4593/5000 | Episode reward:  1238.84 | Episode steps: 2500 | Average reward:  1227.76 | Step Count: 8009599 | Episode Q0:    42.96
Episode: 4594/5000 | Episode reward:  1236.97 | Episode steps: 2500 | Average reward:  1227.76 | Step Count: 8012099 | Episode Q0:    42.96
Episode: 4595/5000 | Episode reward:  1253.47 | Episode steps: 2500 | Average reward:  1227.38 | Step Count: 8014599 | Episode Q0:    42.96
Episode: 4596/5000 | Episode reward:  1236.64 | Episode steps: 2500 | Average reward:  1232.45 | Step Count: 8017099 | Episode Q0:    42.96
Episode: 4597/5000 | Episode reward:  1241.01 | Episode steps: 2500 | Average reward:  1231.62 | Step Count: 8019599 | Episode Q0:    42.96
Episode: 4598/5000 | Episode reward:  1263.71 | Episode steps: 2500 | Average reward:  1236.12 | Step Count: 8022099 | Episode Q0:    42.62
Episode: 4599/5000 | Episode reward:  1261.75 | Episode steps: 2500 | Average reward:  1238.70 | Step Count: 8024599 | Episode Q0:    42.62
Episode: 4600/5000 | Episode reward:  1271.43 | Episode steps: 2500 | Average reward:  1248.10 | Step Count: 8027099 | Episode Q0:    42.62
Episode: 4601/5000 | Episode reward:  1258.99 | Episode steps: 2500 | Average reward:  1250.78 | Step Count: 8029599 | Episode Q0:    42.62
Episode: 4602/5000 | Episode reward:  1243.95 | Episode steps: 2500 | Average reward:  1250.68 | Step Count: 8032099 | Episode Q0:    42.62
Episode: 4603/5000 | Episode reward:  1263.10 | Episode steps: 2500 | Average reward:  1253.10 | Step Count: 8034599 | Episode Q0:    42.62
Episode: 4604/5000 | Episode reward:  1256.27 | Episode steps: 2500 | Average reward:  1255.03 | Step Count: 8037099 | Episode Q0:    42.62
Episode: 4605/5000 | Episode reward:  1262.50 | Episode steps: 2500 | Average reward:  1255.94 | Step Count: 8039599 | Episode Q0:    42.62
Episode: 4606/5000 | Episode reward:  1250.13 | Episode steps: 2500 | Average reward:  1257.29 | Step Count: 8042099 | Episode Q0:    42.62
Episode: 4607/5000 | Episode reward:  1183.32 | Episode steps: 2500 | Average reward:  1251.52 | Step Count: 8044599 | Episode Q0:    42.62
Episode: 4608/5000 | Episode reward:  1277.21 | Episode steps: 2500 | Average reward:  1252.87 | Step Count: 8047099 | Episode Q0:    42.62
Episode: 4609/5000 | Episode reward:  1266.88 | Episode steps: 2500 | Average reward:  1253.38 | Step Count: 8049599 | Episode Q0:    42.62
Episode: 4610/5000 | Episode reward:  1276.13 | Episode steps: 2500 | Average reward:  1253.85 | Step Count: 8052099 | Episode Q0:    42.62
Episode: 4611/5000 | Episode reward:  1262.28 | Episode steps: 2500 | Average reward:  1254.18 | Step Count: 8054599 | Episode Q0:    42.62
Episode: 4612/5000 | Episode reward:  1264.30 | Episode steps: 2500 | Average reward:  1256.21 | Step Count: 8057099 | Episode Q0:    42.62
Episode: 4613/5000 | Episode reward:  1265.05 | Episode steps: 2500 | Average reward:  1256.41 | Step Count: 8059599 | Episode Q0:    42.62
Episode: 4614/5000 | Episode reward:  1213.00 | Episode steps: 2500 | Average reward:  1252.08 | Step Count: 8062099 | Episode Q0:    42.62
Episode: 4615/5000 | Episode reward:  1256.45 | Episode steps: 2500 | Average reward:  1251.48 | Step Count: 8064599 | Episode Q0:    42.62
Episode: 4616/5000 | Episode reward:  1243.92 | Episode steps: 2500 | Average reward:  1250.85 | Step Count: 8067099 | Episode Q0:    42.62
Episode: 4617/5000 | Episode reward:  1134.57 | Episode steps: 2500 | Average reward:  1245.98 | Step Count: 8069599 | Episode Q0:    41.38
Episode: 4618/5000 | Episode reward:  1243.68 | Episode steps: 2500 | Average reward:  1242.63 | Step Count: 8072099 | Episode Q0:    41.38
Episode: 4619/5000 | Episode reward:  1115.21 | Episode steps: 2500 | Average reward:  1227.46 | Step Count: 8074599 | Episode Q0:    41.38
Episode: 4620/5000 | Episode reward:  1169.12 | Episode steps: 2500 | Average reward:  1216.76 | Step Count: 8077099 | Episode Q0:    41.38
Episode: 4621/5000 | Episode reward:  1260.29 | Episode steps: 2500 | Average reward:  1216.56 | Step Count: 8079599 | Episode Q0:    41.38
Episode: 4622/5000 | Episode reward:  1148.69 | Episode steps: 2500 | Average reward:  1205.00 | Step Count: 8082099 | Episode Q0:    41.38
Episode: 4623/5000 | Episode reward:  1251.86 | Episode steps: 2500 | Average reward:  1203.68 | Step Count: 8084599 | Episode Q0:    41.38
Episode: 4624/5000 | Episode reward:  1169.23 | Episode steps: 2500 | Average reward:  1199.30 | Step Count: 8087099 | Episode Q0:    41.38
Episode: 4625/5000 | Episode reward:  1138.55 | Episode steps: 2500 | Average reward:  1187.51 | Step Count: 8089599 | Episode Q0:    41.38
Episode: 4626/5000 | Episode reward:  1242.28 | Episode steps: 2500 | Average reward:  1187.35 | Step Count: 8092099 | Episode Q0:    41.38
Episode: 4627/5000 | Episode reward:  1265.44 | Episode steps: 2500 | Average reward:  1200.44 | Step Count: 8094599 | Episode Q0:    41.38
Episode: 4628/5000 | Episode reward:  1224.18 | Episode steps: 2500 | Average reward:  1198.49 | Step Count: 8097099 | Episode Q0:    41.38
Episode: 4629/5000 | Episode reward:  1150.97 | Episode steps: 2500 | Average reward:  1202.06 | Step Count: 8099599 | Episode Q0:    41.38
Episode: 4630/5000 | Episode reward:  1255.95 | Episode steps: 2500 | Average reward:  1210.74 | Step Count: 8102099 | Episode Q0:    41.38
Episode: 4631/5000 | Episode reward:  1207.38 | Episode steps: 2500 | Average reward:  1205.45 | Step Count: 8104599 | Episode Q0:    41.38
Episode: 4632/5000 | Episode reward:  1269.57 | Episode steps: 2500 | Average reward:  1217.54 | Step Count: 8107099 | Episode Q0:    41.38
Episode: 4633/5000 | Episode reward:  1256.48 | Episode steps: 2500 | Average reward:  1218.00 | Step Count: 8109599 | Episode Q0:    41.38
Episode: 4634/5000 | Episode reward:  1145.23 | Episode steps: 2500 | Average reward:  1215.60 | Step Count: 8112099 | Episode Q0:    41.38
Episode: 4635/5000 | Episode reward:  1176.44 | Episode steps: 2500 | Average reward:  1219.39 | Step Count: 8114599 | Episode Q0:    41.38
Episode: 4636/5000 | Episode reward:  1238.95 | Episode steps: 2500 | Average reward:  1219.06 | Step Count: 8117099 | Episode Q0:    41.38
Episode: 4637/5000 | Episode reward:  1153.23 | Episode steps: 2500 | Average reward:  1207.84 | Step Count: 8119599 | Episode Q0:    41.38
Episode: 4638/5000 | Episode reward:  1066.88 | Episode steps: 2500 | Average reward:  1192.11 | Step Count: 8122099 | Episode Q0:    41.38
Episode: 4639/5000 | Episode reward:  1190.36 | Episode steps: 2500 | Average reward:  1196.05 | Step Count: 8124599 | Episode Q0:    41.38
Episode: 4640/5000 | Episode reward:  1101.45 | Episode steps: 2500 | Average reward:  1180.60 | Step Count: 8127099 | Episode Q0:    41.38
Episode: 4641/5000 | Episode reward:  1145.83 | Episode steps: 2500 | Average reward:  1174.44 | Step Count: 8129599 | Episode Q0:    41.38
Episode: 4642/5000 | Episode reward:  1265.39 | Episode steps: 2500 | Average reward:  1174.02 | Step Count: 8132099 | Episode Q0:    41.73
Episode: 4643/5000 | Episode reward:  1203.56 | Episode steps: 2500 | Average reward:  1168.73 | Step Count: 8134599 | Episode Q0:    41.73
Episode: 4644/5000 | Episode reward:  1150.14 | Episode steps: 2500 | Average reward:  1169.22 | Step Count: 8137099 | Episode Q0:    41.73
Episode: 4645/5000 | Episode reward:  1148.18 | Episode steps: 2500 | Average reward:  1166.40 | Step Count: 8139599 | Episode Q0:    41.73
Episode: 4646/5000 | Episode reward:  1206.05 | Episode steps: 2500 | Average reward:  1163.11 | Step Count: 8142099 | Episode Q0:    41.73
Episode: 4647/5000 | Episode reward:  1264.53 | Episode steps: 2500 | Average reward:  1174.24 | Step Count: 8144599 | Episode Q0:    41.73
Episode: 4648/5000 | Episode reward:  1257.18 | Episode steps: 2500 | Average reward:  1193.27 | Step Count: 8147099 | Episode Q0:    41.73
Episode: 4649/5000 | Episode reward:  1257.15 | Episode steps: 2500 | Average reward:  1199.94 | Step Count: 8149599 | Episode Q0:    41.73
Episode: 4650/5000 | Episode reward:  1241.69 | Episode steps: 2500 | Average reward:  1213.97 | Step Count: 8152099 | Episode Q0:    41.73
Episode: 4651/5000 | Episode reward:  1252.43 | Episode steps: 2500 | Average reward:  1224.63 | Step Count: 8154599 | Episode Q0:    41.73
Episode: 4652/5000 | Episode reward:  1262.91 | Episode steps: 2500 | Average reward:  1224.38 | Step Count: 8157099 | Episode Q0:    41.73
Episode: 4653/5000 | Episode reward:  1145.69 | Episode steps: 2500 | Average reward:  1218.59 | Step Count: 8159599 | Episode Q0:    41.73
Episode: 4654/5000 | Episode reward:  1266.25 | Episode steps: 2500 | Average reward:  1230.21 | Step Count: 8162099 | Episode Q0:    41.73
Episode: 4655/5000 | Episode reward:  1251.18 | Episode steps: 2500 | Average reward:  1240.51 | Step Count: 8164599 | Episode Q0:    41.73
Episode: 4656/5000 | Episode reward:  1070.21 | Episode steps: 2500 | Average reward:  1226.92 | Step Count: 8167099 | Episode Q0:    41.73
Episode: 4657/5000 | Episode reward:  1256.55 | Episode steps: 2500 | Average reward:  1226.12 | Step Count: 8169599 | Episode Q0:    41.73
Episode: 4658/5000 | Episode reward:  1169.82 | Episode steps: 2500 | Average reward:  1217.39 | Step Count: 8172099 | Episode Q0:    41.73
Episode: 4659/5000 | Episode reward:  1226.62 | Episode steps: 2500 | Average reward:  1214.34 | Step Count: 8174599 | Episode Q0:    41.73
Episode: 4660/5000 | Episode reward:  1252.82 | Episode steps: 2500 | Average reward:  1215.45 | Step Count: 8177099 | Episode Q0:    41.73
Episode: 4661/5000 | Episode reward:  1339.04 | Episode steps: 2500 | Average reward:  1224.11 | Step Count: 8179599 | Episode Q0:    42.45
Episode: 4662/5000 | Episode reward:  1259.44 | Episode steps: 2500 | Average reward:  1223.76 | Step Count: 8182099 | Episode Q0:    42.45
Episode: 4663/5000 | Episode reward:  1328.51 | Episode steps: 2500 | Average reward:  1242.04 | Step Count: 8184599 | Episode Q0:    42.45
Episode: 4664/5000 | Episode reward:  1289.48 | Episode steps: 2500 | Average reward:  1244.37 | Step Count: 8187099 | Episode Q0:    42.45
Episode: 4665/5000 | Episode reward:  1264.18 | Episode steps: 2500 | Average reward:  1245.67 | Step Count: 8189599 | Episode Q0:    42.45
Episode: 4666/5000 | Episode reward:  1243.07 | Episode steps: 2500 | Average reward:  1262.95 | Step Count: 8192099 | Episode Q0:    42.45
Episode: 4667/5000 | Episode reward:  1305.17 | Episode steps: 2500 | Average reward:  1267.81 | Step Count: 8194599 | Episode Q0:    42.45
Episode: 4668/5000 | Episode reward:  1264.67 | Episode steps: 2500 | Average reward:  1277.30 | Step Count: 8197099 | Episode Q0:    42.45
Episode: 4669/5000 | Episode reward:  1284.61 | Episode steps: 2500 | Average reward:  1283.10 | Step Count: 8199599 | Episode Q0:    42.45
Episode: 4670/5000 | Episode reward:  1284.32 | Episode steps: 2500 | Average reward:  1286.25 | Step Count: 8202099 | Episode Q0:    42.45
Episode: 4671/5000 | Episode reward:  1259.67 | Episode steps: 2500 | Average reward:  1278.31 | Step Count: 8204599 | Episode Q0:    42.45
Episode: 4672/5000 | Episode reward:  1289.30 | Episode steps: 2500 | Average reward:  1281.30 | Step Count: 8207099 | Episode Q0:    42.45
Episode: 4673/5000 | Episode reward:  1279.71 | Episode steps: 2500 | Average reward:  1276.42 | Step Count: 8209599 | Episode Q0:    42.45
Episode: 4674/5000 | Episode reward:  1275.24 | Episode steps: 2500 | Average reward:  1274.99 | Step Count: 8212099 | Episode Q0:    42.45
Episode: 4675/5000 | Episode reward:  1260.44 | Episode steps: 2500 | Average reward:  1274.62 | Step Count: 8214599 | Episode Q0:    42.45
Episode: 4676/5000 | Episode reward:  1268.74 | Episode steps: 2500 | Average reward:  1277.19 | Step Count: 8217099 | Episode Q0:    42.45
Episode: 4677/5000 | Episode reward:  1273.09 | Episode steps: 2500 | Average reward:  1273.98 | Step Count: 8219599 | Episode Q0:    42.45
Episode: 4678/5000 | Episode reward:  1276.59 | Episode steps: 2500 | Average reward:  1275.17 | Step Count: 8222099 | Episode Q0:    42.45
Episode: 4679/5000 | Episode reward:  1249.86 | Episode steps: 2500 | Average reward:  1271.70 | Step Count: 8224599 | Episode Q0:    42.45
Episode: 4680/5000 | Episode reward:  1264.66 | Episode steps: 2500 | Average reward:  1269.73 | Step Count: 8227099 | Episode Q0:    42.45
Episode: 4681/5000 | Episode reward:  1273.38 | Episode steps: 2500 | Average reward:  1271.10 | Step Count: 8229599 | Episode Q0:    42.45
Episode: 4682/5000 | Episode reward:  1270.50 | Episode steps: 2500 | Average reward:  1269.22 | Step Count: 8232099 | Episode Q0:    42.45
Episode: 4683/5000 | Episode reward:  1261.55 | Episode steps: 2500 | Average reward:  1267.41 | Step Count: 8234599 | Episode Q0:    42.45
Episode: 4684/5000 | Episode reward:  1290.08 | Episode steps: 2500 | Average reward:  1268.89 | Step Count: 8237099 | Episode Q0:    42.45
Episode: 4685/5000 | Episode reward:  1270.05 | Episode steps: 2500 | Average reward:  1269.85 | Step Count: 8239599 | Episode Q0:    42.45
Episode: 4686/5000 | Episode reward:  1262.28 | Episode steps: 2500 | Average reward:  1269.20 | Step Count: 8242099 | Episode Q0:    41.93
Episode: 4687/5000 | Episode reward:  1266.62 | Episode steps: 2500 | Average reward:  1268.56 | Step Count: 8244599 | Episode Q0:    41.93
Episode: 4688/5000 | Episode reward:  1328.84 | Episode steps: 2500 | Average reward:  1273.78 | Step Count: 8247099 | Episode Q0:    41.93
Episode: 4689/5000 | Episode reward:  1237.22 | Episode steps: 2500 | Average reward:  1272.52 | Step Count: 8249599 | Episode Q0:    41.93
Episode: 4690/5000 | Episode reward:  1264.23 | Episode steps: 2500 | Average reward:  1272.48 | Step Count: 8252099 | Episode Q0:    41.93
Episode: 4691/5000 | Episode reward:  1250.77 | Episode steps: 2500 | Average reward:  1270.21 | Step Count: 8254599 | Episode Q0:    41.93
Episode: 4692/5000 | Episode reward:  1267.51 | Episode steps: 2500 | Average reward:  1269.92 | Step Count: 8257099 | Episode Q0:    41.93
Episode: 4693/5000 | Episode reward:  1252.87 | Episode steps: 2500 | Average reward:  1269.05 | Step Count: 8259599 | Episode Q0:    41.93
Episode: 4694/5000 | Episode reward:  1286.42 | Episode steps: 2500 | Average reward:  1268.68 | Step Count: 8262099 | Episode Q0:    41.93
Episode: 4695/5000 | Episode reward:  1252.54 | Episode steps: 2500 | Average reward:  1266.93 | Step Count: 8264599 | Episode Q0:    41.93
Episode: 4696/5000 | Episode reward:  1265.79 | Episode steps: 2500 | Average reward:  1267.28 | Step Count: 8267099 | Episode Q0:    41.93
Episode: 4697/5000 | Episode reward:  1311.05 | Episode steps: 2500 | Average reward:  1271.72 | Step Count: 8269599 | Episode Q0:    41.93
Episode: 4698/5000 | Episode reward:  1251.97 | Episode steps: 2500 | Average reward:  1264.04 | Step Count: 8272099 | Episode Q0:    41.93
Episode: 4699/5000 | Episode reward:  1271.52 | Episode steps: 2500 | Average reward:  1267.47 | Step Count: 8274599 | Episode Q0:    41.93
Episode: 4700/5000 | Episode reward:  1266.69 | Episode steps: 2500 | Average reward:  1267.71 | Step Count: 8277099 | Episode Q0:    41.93
Episode: 4701/5000 | Episode reward:  1266.97 | Episode steps: 2500 | Average reward:  1269.33 | Step Count: 8279599 | Episode Q0:    41.93
Episode: 4702/5000 | Episode reward:  1250.74 | Episode steps: 2500 | Average reward:  1267.66 | Step Count: 8282099 | Episode Q0:    41.93
Episode: 4703/5000 | Episode reward:  1254.88 | Episode steps: 2500 | Average reward:  1267.86 | Step Count: 8284599 | Episode Q0:    41.93
Episode: 4704/5000 | Episode reward:  1137.21 | Episode steps: 2500 | Average reward:  1252.94 | Step Count: 8287099 | Episode Q0:    41.93
Episode: 4705/5000 | Episode reward:  1159.97 | Episode steps: 2500 | Average reward:  1243.68 | Step Count: 8289599 | Episode Q0:    40.89
Episode: 4706/5000 | Episode reward:  1142.77 | Episode steps: 2500 | Average reward:  1231.38 | Step Count: 8292099 | Episode Q0:    40.89
Episode: 4707/5000 | Episode reward:  1117.40 | Episode steps: 2500 | Average reward:  1212.01 | Step Count: 8294599 | Episode Q0:    40.89
Episode: 4708/5000 | Episode reward:  1228.30 | Episode steps: 2500 | Average reward:  1209.65 | Step Count: 8297099 | Episode Q0:    40.89
Episode: 4709/5000 | Episode reward:  1227.97 | Episode steps: 2500 | Average reward:  1205.29 | Step Count: 8299599 | Episode Q0:    40.89
Episode: 4710/5000 | Episode reward:  1095.68 | Episode steps: 2500 | Average reward:  1188.19 | Step Count: 8302099 | Episode Q0:    40.89
Episode: 4711/5000 | Episode reward:  1105.22 | Episode steps: 2500 | Average reward:  1172.01 | Step Count: 8304599 | Episode Q0:    40.89
Episode: 4712/5000 | Episode reward:  1224.90 | Episode steps: 2500 | Average reward:  1169.43 | Step Count: 8307099 | Episode Q0:    40.89
Episode: 4713/5000 | Episode reward:  1037.87 | Episode steps: 2500 | Average reward:  1147.73 | Step Count: 8309599 | Episode Q0:    40.89
Episode: 4714/5000 | Episode reward:  1194.74 | Episode steps: 2500 | Average reward:  1153.48 | Step Count: 8312099 | Episode Q0:    40.89
Episode: 4715/5000 | Episode reward:  1102.21 | Episode steps: 2500 | Average reward:  1147.71 | Step Count: 8314599 | Episode Q0:    40.89
Episode: 4716/5000 | Episode reward:  1124.61 | Episode steps: 2500 | Average reward:  1145.89 | Step Count: 8317099 | Episode Q0:    40.89
Episode: 4717/5000 | Episode reward:  1184.62 | Episode steps: 2500 | Average reward:  1152.61 | Step Count: 8319599 | Episode Q0:    40.89
Episode: 4718/5000 | Episode reward:  1046.22 | Episode steps: 2500 | Average reward:  1134.40 | Step Count: 8322099 | Episode Q0:    40.89
Episode: 4719/5000 | Episode reward:  1103.11 | Episode steps: 2500 | Average reward:  1121.92 | Step Count: 8324599 | Episode Q0:    40.89
Episode: 4720/5000 | Episode reward:  1220.51 | Episode steps: 2500 | Average reward:  1134.40 | Step Count: 8327099 | Episode Q0:    40.89
Episode: 4721/5000 | Episode reward:  1086.82 | Episode steps: 2500 | Average reward:  1132.56 | Step Count: 8329599 | Episode Q0:    40.89
Episode: 4722/5000 | Episode reward:  1191.71 | Episode steps: 2500 | Average reward:  1129.24 | Step Count: 8332099 | Episode Q0:    40.89
Episode: 4723/5000 | Episode reward:  1080.54 | Episode steps: 2500 | Average reward:  1133.51 | Step Count: 8334599 | Episode Q0:    40.89
Episode: 4724/5000 | Episode reward:  1184.98 | Episode steps: 2500 | Average reward:  1132.53 | Step Count: 8337099 | Episode Q0:    40.89
Episode: 4725/5000 | Episode reward:  1198.89 | Episode steps: 2500 | Average reward:  1142.20 | Step Count: 8339599 | Episode Q0:    40.89
Episode: 4726/5000 | Episode reward:  1099.81 | Episode steps: 2500 | Average reward:  1139.72 | Step Count: 8342099 | Episode Q0:    40.89
Episode: 4727/5000 | Episode reward:  1219.45 | Episode steps: 2500 | Average reward:  1143.20 | Step Count: 8344599 | Episode Q0:    40.89
Episode: 4728/5000 | Episode reward:  1093.95 | Episode steps: 2500 | Average reward:  1147.98 | Step Count: 8347099 | Episode Q0:    40.89
Episode: 4729/5000 | Episode reward:  1107.35 | Episode steps: 2500 | Average reward:  1148.40 | Step Count: 8349599 | Episode Q0:    40.89
Episode: 4730/5000 | Episode reward:  1255.63 | Episode steps: 2500 | Average reward:  1151.91 | Step Count: 8352099 | Episode Q0:    43.50
Episode: 4731/5000 | Episode reward:  1269.88 | Episode steps: 2500 | Average reward:  1170.22 | Step Count: 8354599 | Episode Q0:    43.50
Episode: 4732/5000 | Episode reward:  1270.53 | Episode steps: 2500 | Average reward:  1178.10 | Step Count: 8357099 | Episode Q0:    43.50
Episode: 4733/5000 | Episode reward:  1244.47 | Episode steps: 2500 | Average reward:  1194.49 | Step Count: 8359599 | Episode Q0:    43.50
Episode: 4734/5000 | Episode reward:  1334.17 | Episode steps: 2500 | Average reward:  1209.41 | Step Count: 8362099 | Episode Q0:    43.50
Episode: 4735/5000 | Episode reward:  1248.94 | Episode steps: 2500 | Average reward:  1214.42 | Step Count: 8364599 | Episode Q0:    43.50
Episode: 4736/5000 | Episode reward:  1304.50 | Episode steps: 2500 | Average reward:  1234.89 | Step Count: 8367099 | Episode Q0:    43.50
Episode: 4737/5000 | Episode reward:  1332.63 | Episode steps: 2500 | Average reward:  1246.20 | Step Count: 8369599 | Episode Q0:    43.50
Episode: 4738/5000 | Episode reward:  1271.44 | Episode steps: 2500 | Average reward:  1263.95 | Step Count: 8372099 | Episode Q0:    43.50
Episode: 4739/5000 | Episode reward:  1262.32 | Episode steps: 2500 | Average reward:  1279.45 | Step Count: 8374599 | Episode Q0:    43.50
Episode: 4740/5000 | Episode reward:  1335.31 | Episode steps: 2500 | Average reward:  1287.42 | Step Count: 8377099 | Episode Q0:    43.50
Episode: 4741/5000 | Episode reward:  1313.91 | Episode steps: 2500 | Average reward:  1291.82 | Step Count: 8379599 | Episode Q0:    43.50
Episode: 4742/5000 | Episode reward:  1277.56 | Episode steps: 2500 | Average reward:  1292.53 | Step Count: 8382099 | Episode Q0:    43.50
Episode: 4743/5000 | Episode reward:  1308.18 | Episode steps: 2500 | Average reward:  1298.90 | Step Count: 8384599 | Episode Q0:    43.50
Episode: 4744/5000 | Episode reward:  1286.19 | Episode steps: 2500 | Average reward:  1294.10 | Step Count: 8387099 | Episode Q0:    43.50
Episode: 4745/5000 | Episode reward:  1283.59 | Episode steps: 2500 | Average reward:  1297.56 | Step Count: 8389599 | Episode Q0:    43.50
Episode: 4746/5000 | Episode reward:  1333.38 | Episode steps: 2500 | Average reward:  1300.45 | Step Count: 8392099 | Episode Q0:    43.50
Episode: 4747/5000 | Episode reward:  1312.75 | Episode steps: 2500 | Average reward:  1298.46 | Step Count: 8394599 | Episode Q0:    43.50
Episode: 4748/5000 | Episode reward:  1355.36 | Episode steps: 2500 | Average reward:  1306.86 | Step Count: 8397099 | Episode Q0:    43.50
Episode: 4749/5000 | Episode reward:  1270.27 | Episode steps: 2500 | Average reward:  1307.65 | Step Count: 8399599 | Episode Q0:    40.28
Episode: 4750/5000 | Episode reward:  1321.13 | Episode steps: 2500 | Average reward:  1306.23 | Step Count: 8402099 | Episode Q0:    40.28
Episode: 4751/5000 | Episode reward:  1281.01 | Episode steps: 2500 | Average reward:  1302.94 | Step Count: 8404599 | Episode Q0:    40.28
Episode: 4752/5000 | Episode reward:  1260.59 | Episode steps: 2500 | Average reward:  1301.25 | Step Count: 8407099 | Episode Q0:    40.28
Episode: 4753/5000 | Episode reward:  1276.85 | Episode steps: 2500 | Average reward:  1298.11 | Step Count: 8409599 | Episode Q0:    40.28
Episode: 4754/5000 | Episode reward:  1264.19 | Episode steps: 2500 | Average reward:  1295.91 | Step Count: 8412099 | Episode Q0:    40.28
Episode: 4755/5000 | Episode reward:  1284.88 | Episode steps: 2500 | Average reward:  1296.04 | Step Count: 8414599 | Episode Q0:    40.28
Episode: 4756/5000 | Episode reward:  1283.88 | Episode steps: 2500 | Average reward:  1291.09 | Step Count: 8417099 | Episode Q0:    40.28
Episode: 4757/5000 | Episode reward:  1278.76 | Episode steps: 2500 | Average reward:  1287.69 | Step Count: 8419599 | Episode Q0:    40.28
Episode: 4758/5000 | Episode reward:  1278.98 | Episode steps: 2500 | Average reward:  1280.05 | Step Count: 8422099 | Episode Q0:    40.28
Episode: 4759/5000 | Episode reward:  1289.88 | Episode steps: 2500 | Average reward:  1282.01 | Step Count: 8424599 | Episode Q0:    40.28
Episode: 4760/5000 | Episode reward:  1277.29 | Episode steps: 2500 | Average reward:  1277.63 | Step Count: 8427099 | Episode Q0:    40.28
Episode: 4761/5000 | Episode reward:  1298.28 | Episode steps: 2500 | Average reward:  1279.36 | Step Count: 8429599 | Episode Q0:    40.28
Episode: 4762/5000 | Episode reward:  1265.01 | Episode steps: 2500 | Average reward:  1279.80 | Step Count: 8432099 | Episode Q0:    40.28
Episode: 4763/5000 | Episode reward:  1286.25 | Episode steps: 2500 | Average reward:  1280.74 | Step Count: 8434599 | Episode Q0:    40.28
Episode: 4764/5000 | Episode reward:  1261.28 | Episode steps: 2500 | Average reward:  1280.45 | Step Count: 8437099 | Episode Q0:    40.28
Episode: 4765/5000 | Episode reward:  1306.32 | Episode steps: 2500 | Average reward:  1282.59 | Step Count: 8439599 | Episode Q0:    40.28
Episode: 4766/5000 | Episode reward:  1284.67 | Episode steps: 2500 | Average reward:  1282.67 | Step Count: 8442099 | Episode Q0:    40.28
Episode: 4767/5000 | Episode reward:  1279.19 | Episode steps: 2500 | Average reward:  1282.72 | Step Count: 8444599 | Episode Q0:    40.28
Episode: 4768/5000 | Episode reward:  1269.85 | Episode steps: 2500 | Average reward:  1281.80 | Step Count: 8447099 | Episode Q0:    40.28
Episode: 4769/5000 | Episode reward:  1281.92 | Episode steps: 2500 | Average reward:  1281.01 | Step Count: 8449599 | Episode Q0:    40.28
Episode: 4770/5000 | Episode reward:  1274.02 | Episode steps: 2500 | Average reward:  1280.68 | Step Count: 8452099 | Episode Q0:    40.28
Episode: 4771/5000 | Episode reward:  1282.12 | Episode steps: 2500 | Average reward:  1279.06 | Step Count: 8454599 | Episode Q0:    40.28
Episode: 4772/5000 | Episode reward:  1255.27 | Episode steps: 2500 | Average reward:  1278.09 | Step Count: 8457099 | Episode Q0:    40.28
Episode: 4773/5000 | Episode reward:  1253.21 | Episode steps: 2500 | Average reward:  1274.78 | Step Count: 8459599 | Episode Q0:    40.28
Episode: 4774/5000 | Episode reward:  1292.29 | Episode steps: 2500 | Average reward:  1277.89 | Step Count: 8462099 | Episode Q0:    42.90
Episode: 4775/5000 | Episode reward:  1246.60 | Episode steps: 2500 | Average reward:  1271.91 | Step Count: 8464599 | Episode Q0:    42.90
Episode: 4776/5000 | Episode reward:  1250.40 | Episode steps: 2500 | Average reward:  1268.49 | Step Count: 8467099 | Episode Q0:    42.90
Episode: 4777/5000 | Episode reward:  1246.78 | Episode steps: 2500 | Average reward:  1265.25 | Step Count: 8469599 | Episode Q0:    42.90
Episode: 4778/5000 | Episode reward:  1240.87 | Episode steps: 2500 | Average reward:  1262.35 | Step Count: 8472099 | Episode Q0:    42.90
Episode: 4779/5000 | Episode reward:  1243.80 | Episode steps: 2500 | Average reward:  1258.54 | Step Count: 8474599 | Episode Q0:    42.90
Episode: 4780/5000 | Episode reward:  1240.48 | Episode steps: 2500 | Average reward:  1255.18 | Step Count: 8477099 | Episode Q0:    42.90
Episode: 4781/5000 | Episode reward:  1234.59 | Episode steps: 2500 | Average reward:  1250.43 | Step Count: 8479599 | Episode Q0:    42.90
Episode: 4782/5000 | Episode reward:  1227.59 | Episode steps: 2500 | Average reward:  1247.66 | Step Count: 8482099 | Episode Q0:    42.90
Episode: 4783/5000 | Episode reward:  1223.88 | Episode steps: 2500 | Average reward:  1244.73 | Step Count: 8484599 | Episode Q0:    42.90
Episode: 4784/5000 | Episode reward:  1230.92 | Episode steps: 2500 | Average reward:  1238.59 | Step Count: 8487099 | Episode Q0:    42.90
Episode: 4785/5000 | Episode reward:  1237.66 | Episode steps: 2500 | Average reward:  1237.70 | Step Count: 8489599 | Episode Q0:    42.90
Episode: 4786/5000 | Episode reward:  1231.06 | Episode steps: 2500 | Average reward:  1235.76 | Step Count: 8492099 | Episode Q0:    42.90
Episode: 4787/5000 | Episode reward:  1237.15 | Episode steps: 2500 | Average reward:  1234.80 | Step Count: 8494599 | Episode Q0:    42.90
Episode: 4788/5000 | Episode reward:  1212.39 | Episode steps: 2500 | Average reward:  1231.95 | Step Count: 8497099 | Episode Q0:    42.90
Episode: 4789/5000 | Episode reward:  1220.88 | Episode steps: 2500 | Average reward:  1229.66 | Step Count: 8499599 | Episode Q0:    42.90
Episode: 4790/5000 | Episode reward:  1271.17 | Episode steps: 2500 | Average reward:  1232.73 | Step Count: 8502099 | Episode Q0:    42.90
Episode: 4791/5000 | Episode reward:  1244.83 | Episode steps: 2500 | Average reward:  1233.75 | Step Count: 8504599 | Episode Q0:    42.90
Episode: 4792/5000 | Episode reward:  1257.97 | Episode steps: 2500 | Average reward:  1236.79 | Step Count: 8507099 | Episode Q0:    42.90
Episode: 4793/5000 | Episode reward:  1232.30 | Episode steps: 2500 | Average reward:  1237.63 | Step Count: 8509599 | Episode Q0:    44.51
Episode: 4794/5000 | Episode reward:  1283.06 | Episode steps: 2500 | Average reward:  1242.85 | Step Count: 8512099 | Episode Q0:    44.51
Episode: 4795/5000 | Episode reward:  1299.26 | Episode steps: 2500 | Average reward:  1249.01 | Step Count: 8514599 | Episode Q0:    44.51
Episode: 4796/5000 | Episode reward:  1258.04 | Episode steps: 2500 | Average reward:  1251.71 | Step Count: 8517099 | Episode Q0:    44.51
Episode: 4797/5000 | Episode reward:  1264.60 | Episode steps: 2500 | Average reward:  1254.45 | Step Count: 8519599 | Episode Q0:    44.51
Episode: 4798/5000 | Episode reward:  1234.72 | Episode steps: 2500 | Average reward:  1256.68 | Step Count: 8522099 | Episode Q0:    44.51
Episode: 4799/5000 | Episode reward:  1326.33 | Episode steps: 2500 | Average reward:  1267.23 | Step Count: 8524599 | Episode Q0:    44.51
Episode: 4800/5000 | Episode reward:  1233.85 | Episode steps: 2500 | Average reward:  1263.50 | Step Count: 8527099 | Episode Q0:    44.51
Episode: 4801/5000 | Episode reward:  1277.47 | Episode steps: 2500 | Average reward:  1266.76 | Step Count: 8529599 | Episode Q0:    44.51
Episode: 4802/5000 | Episode reward:  1328.88 | Episode steps: 2500 | Average reward:  1273.85 | Step Count: 8532099 | Episode Q0:    44.51
Episode: 4803/5000 | Episode reward:  1283.67 | Episode steps: 2500 | Average reward:  1278.99 | Step Count: 8534599 | Episode Q0:    44.51
Episode: 4804/5000 | Episode reward:  1283.81 | Episode steps: 2500 | Average reward:  1279.06 | Step Count: 8537099 | Episode Q0:    44.51
Episode: 4805/5000 | Episode reward:  1310.01 | Episode steps: 2500 | Average reward:  1280.14 | Step Count: 8539599 | Episode Q0:    44.51
Episode: 4806/5000 | Episode reward:  1332.74 | Episode steps: 2500 | Average reward:  1287.61 | Step Count: 8542099 | Episode Q0:    44.51
Episode: 4807/5000 | Episode reward:  1239.70 | Episode steps: 2500 | Average reward:  1285.12 | Step Count: 8544599 | Episode Q0:    44.51
Episode: 4808/5000 | Episode reward:  1309.16 | Episode steps: 2500 | Average reward:  1292.56 | Step Count: 8547099 | Episode Q0:    44.51
Episode: 4809/5000 | Episode reward:  1311.44 | Episode steps: 2500 | Average reward:  1291.07 | Step Count: 8549599 | Episode Q0:    44.51
Episode: 4810/5000 | Episode reward:  1232.15 | Episode steps: 2500 | Average reward:  1290.90 | Step Count: 8552099 | Episode Q0:    44.51
Episode: 4811/5000 | Episode reward:  1321.23 | Episode steps: 2500 | Average reward:  1295.28 | Step Count: 8554599 | Episode Q0:    44.51
Episode: 4812/5000 | Episode reward:  1314.13 | Episode steps: 2500 | Average reward:  1293.80 | Step Count: 8557099 | Episode Q0:    44.51
Episode: 4813/5000 | Episode reward:  1231.76 | Episode steps: 2500 | Average reward:  1288.61 | Step Count: 8559599 | Episode Q0:    44.51
Episode: 4814/5000 | Episode reward:  1279.23 | Episode steps: 2500 | Average reward:  1288.15 | Step Count: 8562099 | Episode Q0:    44.51
Episode: 4815/5000 | Episode reward:  1275.98 | Episode steps: 2500 | Average reward:  1284.75 | Step Count: 8564599 | Episode Q0:    44.51
Episode: 4816/5000 | Episode reward:  1349.42 | Episode steps: 2500 | Average reward:  1286.42 | Step Count: 8567099 | Episode Q0:    44.51
Episode: 4817/5000 | Episode reward:  1272.80 | Episode steps: 2500 | Average reward:  1289.73 | Step Count: 8569599 | Episode Q0:    44.51
Episode: 4818/5000 | Episode reward:  1291.69 | Episode steps: 2500 | Average reward:  1287.98 | Step Count: 8572099 | Episode Q0:    43.81
Episode: 4819/5000 | Episode reward:  1293.29 | Episode steps: 2500 | Average reward:  1286.17 | Step Count: 8574599 | Episode Q0:    43.81
Episode: 4820/5000 | Episode reward:  1288.68 | Episode steps: 2500 | Average reward:  1291.82 | Step Count: 8577099 | Episode Q0:    43.81
Episode: 4821/5000 | Episode reward:   786.50 | Episode steps: 1753 | Average reward:  1238.35 | Step Count: 8578852 | Episode Q0:    43.81
Episode: 4822/5000 | Episode reward:  1288.49 | Episode steps: 2500 | Average reward:  1235.78 | Step Count: 8581352 | Episode Q0:    43.81
Episode: 4823/5000 | Episode reward:  1293.96 | Episode steps: 2500 | Average reward:  1242.00 | Step Count: 8583852 | Episode Q0:    43.81
Episode: 4824/5000 | Episode reward:  1300.89 | Episode steps: 2500 | Average reward:  1244.17 | Step Count: 8586352 | Episode Q0:    43.81
Episode: 4825/5000 | Episode reward:  1282.26 | Episode steps: 2500 | Average reward:  1244.80 | Step Count: 8588852 | Episode Q0:    43.81
Episode: 4826/5000 | Episode reward:  1292.21 | Episode steps: 2500 | Average reward:  1239.08 | Step Count: 8591352 | Episode Q0:    43.81
Episode: 4827/5000 | Episode reward:  1294.59 | Episode steps: 2500 | Average reward:  1241.25 | Step Count: 8593852 | Episode Q0:    43.81
Episode: 4828/5000 | Episode reward:  1318.92 | Episode steps: 2500 | Average reward:  1243.98 | Step Count: 8596352 | Episode Q0:    43.81
Episode: 4829/5000 | Episode reward:  1292.00 | Episode steps: 2500 | Average reward:  1243.85 | Step Count: 8598852 | Episode Q0:    43.81
Episode: 4830/5000 | Episode reward:  1269.62 | Episode steps: 2500 | Average reward:  1241.94 | Step Count: 8601352 | Episode Q0:    43.81
Episode: 4831/5000 | Episode reward:  1271.45 | Episode steps: 2500 | Average reward:  1290.44 | Step Count: 8603852 | Episode Q0:    43.81
Episode: 4832/5000 | Episode reward:  1310.77 | Episode steps: 2500 | Average reward:  1292.67 | Step Count: 8606352 | Episode Q0:    43.81
Episode: 4833/5000 | Episode reward:  1292.99 | Episode steps: 2500 | Average reward:  1292.57 | Step Count: 8608852 | Episode Q0:    43.81
Episode: 4834/5000 | Episode reward:  1234.08 | Episode steps: 2500 | Average reward:  1285.89 | Step Count: 8611352 | Episode Q0:    43.81
Episode: 4835/5000 | Episode reward:  1300.68 | Episode steps: 2500 | Average reward:  1287.73 | Step Count: 8613852 | Episode Q0:    43.81
Episode: 4836/5000 | Episode reward:  1307.39 | Episode steps: 2500 | Average reward:  1289.25 | Step Count: 8616352 | Episode Q0:    43.81
Episode: 4837/5000 | Episode reward:  1190.95 | Episode steps: 2500 | Average reward:  1278.88 | Step Count: 8618852 | Episode Q0:    41.52
Episode: 4838/5000 | Episode reward:  1302.88 | Episode steps: 2500 | Average reward:  1277.28 | Step Count: 8621352 | Episode Q0:    41.52
Episode: 4839/5000 | Episode reward:  1251.67 | Episode steps: 2500 | Average reward:  1273.25 | Step Count: 8623852 | Episode Q0:    41.52
Episode: 4840/5000 | Episode reward:  1273.92 | Episode steps: 2500 | Average reward:  1273.68 | Step Count: 8626352 | Episode Q0:    41.52
Episode: 4841/5000 | Episode reward:  1290.64 | Episode steps: 2500 | Average reward:  1275.60 | Step Count: 8628852 | Episode Q0:    41.52
Episode: 4842/5000 | Episode reward:  1260.96 | Episode steps: 2500 | Average reward:  1270.62 | Step Count: 8631352 | Episode Q0:    41.52
Episode: 4843/5000 | Episode reward:  1295.34 | Episode steps: 2500 | Average reward:  1270.85 | Step Count: 8633852 | Episode Q0:    41.52
Episode: 4844/5000 | Episode reward:  1258.35 | Episode steps: 2500 | Average reward:  1273.28 | Step Count: 8636352 | Episode Q0:    41.52
Episode: 4845/5000 | Episode reward:  1279.59 | Episode steps: 2500 | Average reward:  1271.17 | Step Count: 8638852 | Episode Q0:    41.52
Episode: 4846/5000 | Episode reward:  1213.05 | Episode steps: 2500 | Average reward:  1261.74 | Step Count: 8641352 | Episode Q0:    41.52
Episode: 4847/5000 | Episode reward:  1271.41 | Episode steps: 2500 | Average reward:  1269.78 | Step Count: 8643852 | Episode Q0:    41.52
Episode: 4848/5000 | Episode reward:  1276.78 | Episode steps: 2500 | Average reward:  1267.17 | Step Count: 8646352 | Episode Q0:    41.52
Episode: 4849/5000 | Episode reward:  1304.46 | Episode steps: 2500 | Average reward:  1272.45 | Step Count: 8648852 | Episode Q0:    41.52
Episode: 4850/5000 | Episode reward:  1294.80 | Episode steps: 2500 | Average reward:  1274.54 | Step Count: 8651352 | Episode Q0:    41.52
Episode: 4851/5000 | Episode reward:  1218.18 | Episode steps: 2500 | Average reward:  1267.29 | Step Count: 8653852 | Episode Q0:    41.52
Episode: 4852/5000 | Episode reward:  1265.76 | Episode steps: 2500 | Average reward:  1267.77 | Step Count: 8656352 | Episode Q0:    41.52
Episode: 4853/5000 | Episode reward:  1262.11 | Episode steps: 2500 | Average reward:  1264.45 | Step Count: 8658852 | Episode Q0:    41.52
Episode: 4854/5000 | Episode reward:   167.34 | Episode steps:  332 | Average reward:  1155.35 | Step Count: 8659184 | Episode Q0:    41.52
Episode: 4855/5000 | Episode reward:  1199.39 | Episode steps: 2500 | Average reward:  1147.33 | Step Count: 8661684 | Episode Q0:    41.52
Episode: 4856/5000 | Episode reward:  1277.65 | Episode steps: 2500 | Average reward:  1153.79 | Step Count: 8664184 | Episode Q0:    41.52
Episode: 4857/5000 | Episode reward:  1287.42 | Episode steps: 2500 | Average reward:  1155.39 | Step Count: 8666684 | Episode Q0:    41.52
Episode: 4858/5000 | Episode reward:  1275.06 | Episode steps: 2500 | Average reward:  1155.22 | Step Count: 8669184 | Episode Q0:    41.52
Episode: 4859/5000 | Episode reward:  1234.33 | Episode steps: 2500 | Average reward:  1148.20 | Step Count: 8671684 | Episode Q0:    41.52
Episode: 4860/5000 | Episode reward:  1270.41 | Episode steps: 2500 | Average reward:  1145.77 | Step Count: 8674184 | Episode Q0:    41.52
Episode: 4861/5000 | Episode reward:  1243.42 | Episode steps: 2500 | Average reward:  1148.29 | Step Count: 8676684 | Episode Q0:    41.52
Episode: 4862/5000 | Episode reward:  1275.87 | Episode steps: 2500 | Average reward:  1149.30 | Step Count: 8679184 | Episode Q0:    41.42
Episode: 4863/5000 | Episode reward:  1285.92 | Episode steps: 2500 | Average reward:  1151.68 | Step Count: 8681684 | Episode Q0:    41.42
Episode: 4864/5000 | Episode reward:  1234.74 | Episode steps: 2500 | Average reward:  1258.42 | Step Count: 8684184 | Episode Q0:    41.42
Episode: 4865/5000 | Episode reward:  1210.47 | Episode steps: 2500 | Average reward:  1259.53 | Step Count: 8686684 | Episode Q0:    41.42
Episode: 4866/5000 | Episode reward:  1306.27 | Episode steps: 2500 | Average reward:  1262.39 | Step Count: 8689184 | Episode Q0:    41.42
Episode: 4867/5000 | Episode reward:  1293.49 | Episode steps: 2500 | Average reward:  1263.00 | Step Count: 8691684 | Episode Q0:    41.42
Episode: 4868/5000 | Episode reward:  1285.22 | Episode steps: 2500 | Average reward:  1264.01 | Step Count: 8694184 | Episode Q0:    41.42
Episode: 4869/5000 | Episode reward:  1325.57 | Episode steps: 2500 | Average reward:  1273.14 | Step Count: 8696684 | Episode Q0:    41.42
Episode: 4870/5000 | Episode reward:  1192.54 | Episode steps: 2500 | Average reward:  1265.35 | Step Count: 8699184 | Episode Q0:    41.42
Episode: 4871/5000 | Episode reward:  1282.26 | Episode steps: 2500 | Average reward:  1269.23 | Step Count: 8701684 | Episode Q0:    41.42
Episode: 4872/5000 | Episode reward:  1342.04 | Episode steps: 2500 | Average reward:  1275.85 | Step Count: 8704184 | Episode Q0:    41.42
Episode: 4873/5000 | Episode reward:  1347.36 | Episode steps: 2500 | Average reward:  1282.00 | Step Count: 8706684 | Episode Q0:    41.42
Episode: 4874/5000 | Episode reward:  1261.54 | Episode steps: 2500 | Average reward:  1284.68 | Step Count: 8709184 | Episode Q0:    41.42
Episode: 4875/5000 | Episode reward:  1285.47 | Episode steps: 2500 | Average reward:  1292.18 | Step Count: 8711684 | Episode Q0:    41.42
Episode: 4876/5000 | Episode reward:  1257.40 | Episode steps: 2500 | Average reward:  1287.29 | Step Count: 8714184 | Episode Q0:    41.42
Episode: 4877/5000 | Episode reward:  1260.28 | Episode steps: 2500 | Average reward:  1283.97 | Step Count: 8716684 | Episode Q0:    41.42
Episode: 4878/5000 | Episode reward:  1271.90 | Episode steps: 2500 | Average reward:  1282.64 | Step Count: 8719184 | Episode Q0:    41.42
Episode: 4879/5000 | Episode reward:  1255.01 | Episode steps: 2500 | Average reward:  1275.58 | Step Count: 8721684 | Episode Q0:    41.42
Episode: 4880/5000 | Episode reward:  1284.83 | Episode steps: 2500 | Average reward:  1284.81 | Step Count: 8724184 | Episode Q0:    41.42
Episode: 4881/5000 | Episode reward:  1243.23 | Episode steps: 2500 | Average reward:  1280.91 | Step Count: 8726684 | Episode Q0:    43.12
Episode: 4882/5000 | Episode reward:  1246.83 | Episode steps: 2500 | Average reward:  1271.39 | Step Count: 8729184 | Episode Q0:    43.12
Episode: 4883/5000 | Episode reward:  1347.49 | Episode steps: 2500 | Average reward:  1271.40 | Step Count: 8731684 | Episode Q0:    43.12
Episode: 4884/5000 | Episode reward:  1282.36 | Episode steps: 2500 | Average reward:  1273.48 | Step Count: 8734184 | Episode Q0:    43.12
Episode: 4885/5000 | Episode reward:  1225.95 | Episode steps: 2500 | Average reward:  1267.53 | Step Count: 8736684 | Episode Q0:    43.12
Episode: 4886/5000 | Episode reward:  1296.29 | Episode steps: 2500 | Average reward:  1271.42 | Step Count: 8739184 | Episode Q0:    43.12
Episode: 4887/5000 | Episode reward:  1270.03 | Episode steps: 2500 | Average reward:  1272.39 | Step Count: 8741684 | Episode Q0:    43.12
Episode: 4888/5000 | Episode reward:  1354.43 | Episode steps: 2500 | Average reward:  1280.64 | Step Count: 8744184 | Episode Q0:    43.12
Episode: 4889/5000 | Episode reward:  1268.07 | Episode steps: 2500 | Average reward:  1281.95 | Step Count: 8746684 | Episode Q0:    43.12
Episode: 4890/5000 | Episode reward:  1231.06 | Episode steps: 2500 | Average reward:  1276.57 | Step Count: 8749184 | Episode Q0:    43.12
Episode: 4891/5000 | Episode reward:  1276.36 | Episode steps: 2500 | Average reward:  1279.88 | Step Count: 8751684 | Episode Q0:    43.12
Episode: 4892/5000 | Episode reward:  1330.74 | Episode steps: 2500 | Average reward:  1288.28 | Step Count: 8754184 | Episode Q0:    43.12
Episode: 4893/5000 | Episode reward:  1274.98 | Episode steps: 2500 | Average reward:  1281.02 | Step Count: 8756684 | Episode Q0:    43.12
Episode: 4894/5000 | Episode reward:  1288.07 | Episode steps: 2500 | Average reward:  1281.60 | Step Count: 8759184 | Episode Q0:    43.12
Episode: 4895/5000 | Episode reward:  1217.17 | Episode steps: 2500 | Average reward:  1280.72 | Step Count: 8761684 | Episode Q0:    43.12
Episode: 4896/5000 | Episode reward:  1246.31 | Episode steps: 2500 | Average reward:  1275.72 | Step Count: 8764184 | Episode Q0:    43.12
Episode: 4897/5000 | Episode reward:  1246.31 | Episode steps: 2500 | Average reward:  1273.35 | Step Count: 8766684 | Episode Q0:    43.12
Episode: 4898/5000 | Episode reward:  1261.27 | Episode steps: 2500 | Average reward:  1264.03 | Step Count: 8769184 | Episode Q0:    43.12
Episode: 4899/5000 | Episode reward:  1216.63 | Episode steps: 2500 | Average reward:  1258.89 | Step Count: 8771684 | Episode Q0:    43.12
Episode: 4900/5000 | Episode reward:  1359.29 | Episode steps: 2500 | Average reward:  1271.71 | Step Count: 8774184 | Episode Q0:    43.12
Episode: 4901/5000 | Episode reward:  1264.59 | Episode steps: 2500 | Average reward:  1270.54 | Step Count: 8776684 | Episode Q0:    43.12
Episode: 4902/5000 | Episode reward:  1330.75 | Episode steps: 2500 | Average reward:  1270.54 | Step Count: 8779184 | Episode Q0:    43.12
Episode: 4903/5000 | Episode reward:  1274.95 | Episode steps: 2500 | Average reward:  1270.53 | Step Count: 8781684 | Episode Q0:    43.12
Episode: 4904/5000 | Episode reward:  1274.36 | Episode steps: 2500 | Average reward:  1269.16 | Step Count: 8784184 | Episode Q0:    43.12
Episode: 4905/5000 | Episode reward:  1231.62 | Episode steps: 2500 | Average reward:  1270.61 | Step Count: 8786684 | Episode Q0:    43.12
Episode: 4906/5000 | Episode reward:  1329.77 | Episode steps: 2500 | Average reward:  1278.95 | Step Count: 8789184 | Episode Q0:    44.45
Episode: 4907/5000 | Episode reward:  1340.30 | Episode steps: 2500 | Average reward:  1288.35 | Step Count: 8791684 | Episode Q0:    44.45
Episode: 4908/5000 | Episode reward:  1324.21 | Episode steps: 2500 | Average reward:  1294.65 | Step Count: 8794184 | Episode Q0:    44.45
Episode: 4909/5000 | Episode reward:  1342.60 | Episode steps: 2500 | Average reward:  1307.24 | Step Count: 8796684 | Episode Q0:    44.45
Episode: 4910/5000 | Episode reward:  1347.94 | Episode steps: 2500 | Average reward:  1306.11 | Step Count: 8799184 | Episode Q0:    44.45
Episode: 4911/5000 | Episode reward:  1330.52 | Episode steps: 2500 | Average reward:  1312.70 | Step Count: 8801684 | Episode Q0:    44.45
Episode: 4912/5000 | Episode reward:  1358.23 | Episode steps: 2500 | Average reward:  1315.45 | Step Count: 8804184 | Episode Q0:    44.45
Episode: 4913/5000 | Episode reward:  1323.25 | Episode steps: 2500 | Average reward:  1320.28 | Step Count: 8806684 | Episode Q0:    44.45
Episode: 4914/5000 | Episode reward:  1356.76 | Episode steps: 2500 | Average reward:  1328.52 | Step Count: 8809184 | Episode Q0:    44.45
Episode: 4915/5000 | Episode reward:  1284.18 | Episode steps: 2500 | Average reward:  1333.78 | Step Count: 8811684 | Episode Q0:    44.45
Episode: 4916/5000 | Episode reward:  1348.63 | Episode steps: 2500 | Average reward:  1335.66 | Step Count: 8814184 | Episode Q0:    44.45
Episode: 4917/5000 | Episode reward:  1326.16 | Episode steps: 2500 | Average reward:  1334.25 | Step Count: 8816684 | Episode Q0:    44.45
Episode: 4918/5000 | Episode reward:  1354.41 | Episode steps: 2500 | Average reward:  1337.27 | Step Count: 8819184 | Episode Q0:    44.45
Episode: 4919/5000 | Episode reward:  1283.70 | Episode steps: 2500 | Average reward:  1331.38 | Step Count: 8821684 | Episode Q0:    44.45
Episode: 4920/5000 | Episode reward:  1327.46 | Episode steps: 2500 | Average reward:  1329.33 | Step Count: 8824184 | Episode Q0:    44.45
Episode: 4921/5000 | Episode reward:  1339.86 | Episode steps: 2500 | Average reward:  1330.26 | Step Count: 8826684 | Episode Q0:    44.45
Episode: 4922/5000 | Episode reward:  1342.53 | Episode steps: 2500 | Average reward:  1328.69 | Step Count: 8829184 | Episode Q0:    44.45
Episode: 4923/5000 | Episode reward:  1351.15 | Episode steps: 2500 | Average reward:  1331.48 | Step Count: 8831684 | Episode Q0:    44.45
Episode: 4924/5000 | Episode reward:  1357.14 | Episode steps: 2500 | Average reward:  1331.52 | Step Count: 8834184 | Episode Q0:    44.45
Episode: 4925/5000 | Episode reward:  1108.60 | Episode steps: 2500 | Average reward:  1313.96 | Step Count: 8836684 | Episode Q0:    41.94
Episode: 4926/5000 | Episode reward:   982.74 | Episode steps: 2500 | Average reward:  1277.38 | Step Count: 8839184 | Episode Q0:    41.94
Episode: 4927/5000 | Episode reward:  1095.32 | Episode steps: 2500 | Average reward:  1254.29 | Step Count: 8841684 | Episode Q0:    41.94
Episode: 4928/5000 | Episode reward:  1118.96 | Episode steps: 2500 | Average reward:  1230.75 | Step Count: 8844184 | Episode Q0:    41.94
Episode: 4929/5000 | Episode reward:  1192.65 | Episode steps: 2500 | Average reward:  1221.64 | Step Count: 8846684 | Episode Q0:    41.94
Episode: 4930/5000 | Episode reward:  1207.50 | Episode steps: 2500 | Average reward:  1209.65 | Step Count: 8849184 | Episode Q0:    41.94
Episode: 4931/5000 | Episode reward:  1055.43 | Episode steps: 2500 | Average reward:  1181.20 | Step Count: 8851684 | Episode Q0:    41.94
Episode: 4932/5000 | Episode reward:  1198.65 | Episode steps: 2500 | Average reward:  1166.82 | Step Count: 8854184 | Episode Q0:    41.94
Episode: 4933/5000 | Episode reward:  1087.75 | Episode steps: 2500 | Average reward:  1140.48 | Step Count: 8856684 | Episode Q0:    41.94
Episode: 4934/5000 | Episode reward:  1084.76 | Episode steps: 2500 | Average reward:  1113.24 | Step Count: 8859184 | Episode Q0:    41.94
Episode: 4935/5000 | Episode reward:  1070.12 | Episode steps: 2500 | Average reward:  1109.39 | Step Count: 8861684 | Episode Q0:    41.94
Episode: 4936/5000 | Episode reward:  1055.61 | Episode steps: 2500 | Average reward:  1116.68 | Step Count: 8864184 | Episode Q0:    41.94
Episode: 4937/5000 | Episode reward:  1109.64 | Episode steps: 2500 | Average reward:  1118.11 | Step Count: 8866684 | Episode Q0:    41.94
Episode: 4938/5000 | Episode reward:  1042.40 | Episode steps: 2500 | Average reward:  1110.45 | Step Count: 8869184 | Episode Q0:    41.94
Episode: 4939/5000 | Episode reward:  1114.78 | Episode steps: 2500 | Average reward:  1102.66 | Step Count: 8871684 | Episode Q0:    41.94
Episode: 4940/5000 | Episode reward:  1062.24 | Episode steps: 2500 | Average reward:  1088.14 | Step Count: 8874184 | Episode Q0:    41.94
Episode: 4941/5000 | Episode reward:  1035.74 | Episode steps: 2500 | Average reward:  1086.17 | Step Count: 8876684 | Episode Q0:    41.94
Episode: 4942/5000 | Episode reward:  1148.16 | Episode steps: 2500 | Average reward:  1081.12 | Step Count: 8879184 | Episode Q0:    41.94
Episode: 4943/5000 | Episode reward:  1242.02 | Episode steps: 2500 | Average reward:  1096.54 | Step Count: 8881684 | Episode Q0:    41.94
Episode: 4944/5000 | Episode reward:  1065.73 | Episode steps: 2500 | Average reward:  1094.64 | Step Count: 8884184 | Episode Q0:    41.94
Episode: 4945/5000 | Episode reward:  1082.45 | Episode steps: 2500 | Average reward:  1095.87 | Step Count: 8886684 | Episode Q0:    41.94
Episode: 4946/5000 | Episode reward:  1059.56 | Episode steps: 2500 | Average reward:  1096.27 | Step Count: 8889184 | Episode Q0:    41.94
Episode: 4947/5000 | Episode reward:  1077.90 | Episode steps: 2500 | Average reward:  1093.10 | Step Count: 8891684 | Episode Q0:    41.94
Episode: 4948/5000 | Episode reward:  1104.89 | Episode steps: 2500 | Average reward:  1099.34 | Step Count: 8894184 | Episode Q0:    41.94
Episode: 4949/5000 | Episode reward:  1108.37 | Episode steps: 2500 | Average reward:  1098.70 | Step Count: 8896684 | Episode Q0:    41.94
Episode: 4950/5000 | Episode reward:  1264.04 | Episode steps: 2500 | Average reward:  1118.88 | Step Count: 8899184 | Episode Q0:    44.99
Episode: 4951/5000 | Episode reward:  1275.63 | Episode steps: 2500 | Average reward:  1142.87 | Step Count: 8901684 | Episode Q0:    44.99
Episode: 4952/5000 | Episode reward:  1300.07 | Episode steps: 2500 | Average reward:  1158.07 | Step Count: 8904184 | Episode Q0:    44.99
Episode: 4953/5000 | Episode reward:  1263.65 | Episode steps: 2500 | Average reward:  1160.23 | Step Count: 8906684 | Episode Q0:    44.99
Episode: 4954/5000 | Episode reward:  1249.04 | Episode steps: 2500 | Average reward:  1178.56 | Step Count: 8909184 | Episode Q0:    44.99
Episode: 4955/5000 | Episode reward:  1289.71 | Episode steps: 2500 | Average reward:  1199.29 | Step Count: 8911684 | Episode Q0:    44.99
Episode: 4956/5000 | Episode reward:  1342.07 | Episode steps: 2500 | Average reward:  1227.54 | Step Count: 8914184 | Episode Q0:    44.99
Episode: 4957/5000 | Episode reward:  1343.97 | Episode steps: 2500 | Average reward:  1254.14 | Step Count: 8916684 | Episode Q0:    44.99
Episode: 4958/5000 | Episode reward:  1244.40 | Episode steps: 2500 | Average reward:  1268.10 | Step Count: 8919184 | Episode Q0:    44.99
Episode: 4959/5000 | Episode reward:  1351.68 | Episode steps: 2500 | Average reward:  1292.43 | Step Count: 8921684 | Episode Q0:    44.99
Episode: 4960/5000 | Episode reward:  1220.25 | Episode steps: 2500 | Average reward:  1288.05 | Step Count: 8924184 | Episode Q0:    44.99
Episode: 4961/5000 | Episode reward:  1347.73 | Episode steps: 2500 | Average reward:  1295.26 | Step Count: 8926684 | Episode Q0:    44.99
Episode: 4962/5000 | Episode reward:  1286.16 | Episode steps: 2500 | Average reward:  1293.87 | Step Count: 8929184 | Episode Q0:    44.99
Episode: 4963/5000 | Episode reward:  1353.98 | Episode steps: 2500 | Average reward:  1302.90 | Step Count: 8931684 | Episode Q0:    44.99
Episode: 4964/5000 | Episode reward:  1303.75 | Episode steps: 2500 | Average reward:  1308.37 | Step Count: 8934184 | Episode Q0:    44.99
Episode: 4965/5000 | Episode reward:  1329.04 | Episode steps: 2500 | Average reward:  1312.30 | Step Count: 8936684 | Episode Q0:    44.99
Episode: 4966/5000 | Episode reward:  1364.73 | Episode steps: 2500 | Average reward:  1314.57 | Step Count: 8939184 | Episode Q0:    44.99
Episode: 4967/5000 | Episode reward:  1237.68 | Episode steps: 2500 | Average reward:  1303.94 | Step Count: 8941684 | Episode Q0:    44.99
Episode: 4968/5000 | Episode reward:  1289.39 | Episode steps: 2500 | Average reward:  1308.44 | Step Count: 8944184 | Episode Q0:    44.99
Episode: 4969/5000 | Episode reward:  1374.05 | Episode steps: 2500 | Average reward:  1310.67 | Step Count: 8946684 | Episode Q0:    41.82
Episode: 4970/5000 | Episode reward:  1323.97 | Episode steps: 2500 | Average reward:  1321.05 | Step Count: 8949184 | Episode Q0:    41.82
Episode: 4971/5000 | Episode reward:  1347.04 | Episode steps: 2500 | Average reward:  1320.98 | Step Count: 8951684 | Episode Q0:    41.82
Episode: 4972/5000 | Episode reward:  1292.62 | Episode steps: 2500 | Average reward:  1321.62 | Step Count: 8954184 | Episode Q0:    41.82
Episode: 4973/5000 | Episode reward:  1361.45 | Episode steps: 2500 | Average reward:  1322.37 | Step Count: 8956684 | Episode Q0:    41.82
Episode: 4974/5000 | Episode reward:  1356.59 | Episode steps: 2500 | Average reward:  1327.66 | Step Count: 8959184 | Episode Q0:    41.82
Episode: 4975/5000 | Episode reward:  1375.99 | Episode steps: 2500 | Average reward:  1332.35 | Step Count: 8961684 | Episode Q0:    41.82
Episode: 4976/5000 | Episode reward:  1359.64 | Episode steps: 2500 | Average reward:  1331.84 | Step Count: 8964184 | Episode Q0:    41.82
Episode: 4977/5000 | Episode reward:  1304.97 | Episode steps: 2500 | Average reward:  1338.57 | Step Count: 8966684 | Episode Q0:    41.82
Episode: 4978/5000 | Episode reward:  1347.60 | Episode steps: 2500 | Average reward:  1344.39 | Step Count: 8969184 | Episode Q0:    41.82
Episode: 4979/5000 | Episode reward:  1356.36 | Episode steps: 2500 | Average reward:  1342.62 | Step Count: 8971684 | Episode Q0:    41.82
Episode: 4980/5000 | Episode reward:  1401.69 | Episode steps: 2500 | Average reward:  1350.39 | Step Count: 8974184 | Episode Q0:    41.82
Episode: 4981/5000 | Episode reward:  1353.96 | Episode steps: 2500 | Average reward:  1351.09 | Step Count: 8976684 | Episode Q0:    41.82
Episode: 4982/5000 | Episode reward:  1354.81 | Episode steps: 2500 | Average reward:  1357.31 | Step Count: 8979184 | Episode Q0:    41.82
Episode: 4983/5000 | Episode reward:  1272.77 | Episode steps: 2500 | Average reward:  1348.44 | Step Count: 8981684 | Episode Q0:    41.82
Episode: 4984/5000 | Episode reward:  1272.67 | Episode steps: 2500 | Average reward:  1340.05 | Step Count: 8984184 | Episode Q0:    41.82
Episode: 4985/5000 | Episode reward:  1358.14 | Episode steps: 2500 | Average reward:  1338.26 | Step Count: 8986684 | Episode Q0:    41.82
Episode: 4986/5000 | Episode reward:  1359.48 | Episode steps: 2500 | Average reward:  1338.25 | Step Count: 8989184 | Episode Q0:    41.82
Episode: 4987/5000 | Episode reward:  1295.01 | Episode steps: 2500 | Average reward:  1337.25 | Step Count: 8991684 | Episode Q0:    41.82
Episode: 4988/5000 | Episode reward:  1331.86 | Episode steps: 2500 | Average reward:  1335.68 | Step Count: 8994184 | Episode Q0:    41.82
Episode: 4989/5000 | Episode reward:  1363.98 | Episode steps: 2500 | Average reward:  1336.44 | Step Count: 8996684 | Episode Q0:    41.82
Episode: 4990/5000 | Episode reward:  1262.27 | Episode steps: 2500 | Average reward:  1322.49 | Step Count: 8999184 | Episode Q0:    41.82
Episode: 4991/5000 | Episode reward:  1321.35 | Episode steps: 2500 | Average reward:  1319.23 | Step Count: 9001684 | Episode Q0:    41.82
Episode: 4992/5000 | Episode reward:  1367.41 | Episode steps: 2500 | Average reward:  1320.49 | Step Count: 9004184 | Episode Q0:    41.82
Episode: 4993/5000 | Episode reward:  1263.28 | Episode steps: 2500 | Average reward:  1319.54 | Step Count: 9006684 | Episode Q0:    41.82
Episode: 4994/5000 | Episode reward:  1264.87 | Episode steps: 2500 | Average reward:  1318.76 | Step Count: 9009184 | Episode Q0:    44.64
Episode: 4995/5000 | Episode reward:  1254.98 | Episode steps: 2500 | Average reward:  1308.45 | Step Count: 9011684 | Episode Q0:    44.64
Episode: 4996/5000 | Episode reward:  1301.71 | Episode steps: 2500 | Average reward:  1302.67 | Step Count: 9014184 | Episode Q0:    44.64
Episode: 4997/5000 | Episode reward:  1258.13 | Episode steps: 2500 | Average reward:  1298.98 | Step Count: 9016684 | Episode Q0:    44.64
Episode: 4998/5000 | Episode reward:  1247.67 | Episode steps: 2500 | Average reward:  1290.57 | Step Count: 9019184 | Episode Q0:    44.64
Episode: 4999/5000 | Episode reward:  1259.39 | Episode steps: 2500 | Average reward:  1280.11 | Step Count: 9021684 | Episode Q0:    44.64
Episode: 5000/5000 | Episode reward:  1250.57 | Episode steps: 2500 | Average reward:  1278.94 | Step Count: 9024184 | Episode Q0:    44.64

Running short fixed evaluation (7 cases)...
Finished evaluating case: 3
Finished evaluating case: 5
Finished evaluating case: 2
Finished evaluating case: 4
Finished evaluating case: 1
Finished evaluating case: 6
Finished evaluating case: 7

Running full fixed evaluation (297 cases)...
Finished evaluating case: 8
Finished evaluating case: 2
Finished evaluating case: 4
Finished evaluating case: 7
Finished evaluating case: 1
Finished evaluating case: 6
Finished evaluating case: 10
Finished evaluating case: 11
Finished evaluating case: 19
Finished evaluating case: 14
Finished evaluating case: 22
Finished evaluating case: 21
Finished evaluating case: 12
Finished evaluating case: 18
Finished evaluating case: 3
Finished evaluating case: 16
Finished evaluating case: 13
Finished evaluating case: 15
Finished evaluating case: 20
Finished evaluating case: 9
Finished evaluating case: 5
Finished evaluating case: 17
Finished evaluating case: 70
Finished evaluating case: 64
Finished evaluating case: 46
Finished evaluating case: 34
Finished evaluating case: 28
Finished evaluating case: 58
Finished evaluating case: 82
Finished evaluating case: 136
Finished evaluating case: 88
Finished evaluating case: 148
Finished evaluating case: 154
Finished evaluating case: 106
Finished evaluating case: 94
Finished evaluating case: 100
Finished evaluating case: 118
Finished evaluating case: 40
Finished evaluating case: 130
Finished evaluating case: 112
Finished evaluating case: 76
Finished evaluating case: 142
Finished evaluating case: 124
Finished evaluating case: 52
Finished evaluating case: 63
Finished evaluating case: 45
Finished evaluating case: 69
Finished evaluating case: 33
Finished evaluating case: 57
Finished evaluating case: 27
Finished evaluating case: 81
Finished evaluating case: 147
Finished evaluating case: 135
Finished evaluating case: 87
Finished evaluating case: 153
Finished evaluating case: 105
Finished evaluating case: 117
Finished evaluating case: 93
Finished evaluating case: 39
Finished evaluating case: 111
Finished evaluating case: 75
Finished evaluating case: 99
Finished evaluating case: 141
Finished evaluating case: 129
Finished evaluating case: 123
Finished evaluating case: 51
Finished evaluating case: 68
Finished evaluating case: 62
Finished evaluating case: 44
Finished evaluating case: 26
Finished evaluating case: 32
Finished evaluating case: 56
Finished evaluating case: 80
Finished evaluating case: 146
Finished evaluating case: 104
Finished evaluating case: 92
Finished evaluating case: 86
Finished evaluating case: 134
Finished evaluating case: 152
Finished evaluating case: 116
Finished evaluating case: 38
Finished evaluating case: 110
Finished evaluating case: 140
Finished evaluating case: 98
Finished evaluating case: 128
Finished evaluating case: 74
Finished evaluating case: 122
Finished evaluating case: 50
Finished evaluating case: 67
Finished evaluating case: 61
Finished evaluating case: 43
Finished evaluating case: 25
Finished evaluating case: 55
Finished evaluating case: 79
Finished evaluating case: 31
Finished evaluating case: 145
Finished evaluating case: 151
Finished evaluating case: 85
Finished evaluating case: 103
Finished evaluating case: 91
Finished evaluating case: 133
Finished evaluating case: 109
Finished evaluating case: 127
Finished evaluating case: 37
Finished evaluating case: 73
Finished evaluating case: 139
Finished evaluating case: 115
Finished evaluating case: 97
Finished evaluating case: 121
Finished evaluating case: 49
Finished evaluating case: 66
Finished evaluating case: 60
Finished evaluating case: 24
Finished evaluating case: 42
Finished evaluating case: 54
Finished evaluating case: 78
Finished evaluating case: 30
Finished evaluating case: 144
Finished evaluating case: 150
Finished evaluating case: 102
Finished evaluating case: 108
Finished evaluating case: 132
Finished evaluating case: 84
Finished evaluating case: 138
Finished evaluating case: 90
Finished evaluating case: 72
Finished evaluating case: 36
Finished evaluating case: 126
Finished evaluating case: 114
Finished evaluating case: 120
Finished evaluating case: 96
Finished evaluating case: 48
Finished evaluating case: 65
Finished evaluating case: 59
Finished evaluating case: 41
Finished evaluating case: 23
Finished evaluating case: 77
Finished evaluating case: 29
Finished evaluating case: 53
Finished evaluating case: 143
Finished evaluating case: 101
Finished evaluating case: 107
Finished evaluating case: 71
Finished evaluating case: 149
Finished evaluating case: 137
Finished evaluating case: 131
Finished evaluating case: 35
Finished evaluating case: 125
Finished evaluating case: 83
Finished evaluating case: 89
Finished evaluating case: 113
Finished evaluating case: 119
Finished evaluating case: 95
Finished evaluating case: 47
Finished evaluating case: 214
Finished evaluating case: 157
Finished evaluating case: 166
Finished evaluating case: 163
Finished evaluating case: 169
Finished evaluating case: 175
Finished evaluating case: 160
Finished evaluating case: 172
Finished evaluating case: 190
Finished evaluating case: 184
Finished evaluating case: 211
Finished evaluating case: 208
Finished evaluating case: 187
Finished evaluating case: 199
Finished evaluating case: 193
Finished evaluating case: 178
Finished evaluating case: 196
Finished evaluating case: 181
Finished evaluating case: 220
Finished evaluating case: 202
Finished evaluating case: 205
Finished evaluating case: 217
Finished evaluating case: 213
Finished evaluating case: 156
Finished evaluating case: 165
Finished evaluating case: 162
Finished evaluating case: 174
Finished evaluating case: 168
Finished evaluating case: 159
Finished evaluating case: 171
Finished evaluating case: 189
Finished evaluating case: 183
Finished evaluating case: 186
Finished evaluating case: 207
Finished evaluating case: 192
Finished evaluating case: 195
Finished evaluating case: 210
Finished evaluating case: 177
Finished evaluating case: 219
Finished evaluating case: 198
Finished evaluating case: 180
Finished evaluating case: 201
Finished evaluating case: 204
Finished evaluating case: 216
Finished evaluating case: 212
Finished evaluating case: 209
Finished evaluating case: 155
Finished evaluating case: 164
Finished evaluating case: 173
Finished evaluating case: 161
Finished evaluating case: 158
Finished evaluating case: 167
Finished evaluating case: 170
Finished evaluating case: 188
Finished evaluating case: 182
Finished evaluating case: 185
Finished evaluating case: 194
Finished evaluating case: 206
Finished evaluating case: 191
Finished evaluating case: 218
Finished evaluating case: 176
Finished evaluating case: 179
Finished evaluating case: 197
Finished evaluating case: 203
Finished evaluating case: 200
Finished evaluating case: 215
Finished evaluating case: 242
Finished evaluating case: 246
Finished evaluating case: 222
Finished evaluating case: 224
Finished evaluating case: 230
Finished evaluating case: 226
Finished evaluating case: 232
Finished evaluating case: 228
Finished evaluating case: 234
Finished evaluating case: 236
Finished evaluating case: 238
Finished evaluating case: 244
Finished evaluating case: 240
Finished evaluating case: 260
Finished evaluating case: 252
Finished evaluating case: 254
Finished evaluating case: 256
Finished evaluating case: 248
Finished evaluating case: 250
Finished evaluating case: 258
Finished evaluating case: 262
Finished evaluating case: 264
Finished evaluating case: 241
Finished evaluating case: 245
Finished evaluating case: 221
Finished evaluating case: 223
Finished evaluating case: 229
Finished evaluating case: 225
Finished evaluating case: 231
Finished evaluating case: 227
Finished evaluating case: 233
Finished evaluating case: 235
Finished evaluating case: 237
Finished evaluating case: 243
Finished evaluating case: 259
Finished evaluating case: 239
Finished evaluating case: 251
Finished evaluating case: 253
Finished evaluating case: 255
Finished evaluating case: 247
Finished evaluating case: 249
Finished evaluating case: 261
Finished evaluating case: 257
Finished evaluating case: 263
Finished evaluating case: 286
Finished evaluating case: 265
Finished evaluating case: 266
Finished evaluating case: 267
Finished evaluating case: 269
Finished evaluating case: 268
Finished evaluating case: 270
Finished evaluating case: 271
Finished evaluating case: 272
Finished evaluating case: 273
Finished evaluating case: 274
Finished evaluating case: 275
Finished evaluating case: 276
Finished evaluating case: 280
Finished evaluating case: 277
Finished evaluating case: 278
Finished evaluating case: 279
Finished evaluating case: 282
Finished evaluating case: 283
Finished evaluating case: 281
Finished evaluating case: 284
Finished evaluating case: 285
Finished evaluating case: 287
Finished evaluating case: 288
Finished evaluating case: 289
Finished evaluating case: 291
Finished evaluating case: 293
Finished evaluating case: 294
Finished evaluating case: 290
Finished evaluating case: 292
Finished evaluating case: 295
Finished evaluating case: 296
Finished evaluating case: 297
