Training console diary: C:\Users\abuj\Code\Reinforcement-Learning-Furuta-Inverted-Pendulum\results\TD3\run_20260708_204037_td3_mathworks_style_pi_current_1c_500hz_long_detailed_scratch7000\training_console.log
Starting parallel pool (parpool) using the 'Processes' profile ...
Preserving jobs with IDs: 1 8 because they contain crash dump files.
You can use 'delete(myCluster.Jobs)' to remove all jobs created with profile Processes. To create 'myCluster' use 'myCluster = parcluster('Processes')'.
Connected to parallel pool with 22 workers.
Episode:   1/7000 | Episode reward:    19.82 | Episode steps:   94 | Average reward:    19.82 | Step Count:   94 | Episode Q0:    -0.15
Episode:   2/7000 | Episode reward:    19.27 | Episode steps:   82 | Average reward:    19.55 | Step Count:  176 | Episode Q0:    -0.15
Episode:   3/7000 | Episode reward:    29.79 | Episode steps:   58 | Average reward:    22.96 | Step Count:  234 | Episode Q0:    -0.15
Episode:   4/7000 | Episode reward:    37.99 | Episode steps:   64 | Average reward:    26.72 | Step Count:  298 | Episode Q0:    -0.15
Episode:   5/7000 | Episode reward:    24.65 | Episode steps:   58 | Average reward:    26.31 | Step Count:  356 | Episode Q0:    -0.15
Episode:   6/7000 | Episode reward:    23.98 | Episode steps:   70 | Average reward:    25.92 | Step Count:  426 | Episode Q0:    -0.15
Episode:   7/7000 | Episode reward:    48.36 | Episode steps:  101 | Average reward:    29.12 | Step Count:  527 | Episode Q0:    -0.15
Episode:   8/7000 | Episode reward:    36.03 | Episode steps:   86 | Average reward:    29.99 | Step Count:  613 | Episode Q0:    -0.15
Episode:   9/7000 | Episode reward:    16.93 | Episode steps:  101 | Average reward:    28.54 | Step Count:  714 | Episode Q0:    -0.15
Episode:  10/7000 | Episode reward:    65.28 | Episode steps:  327 | Average reward:    32.21 | Step Count: 1041 | Episode Q0:    -0.15
Episode:  11/7000 | Episode reward:    81.33 | Episode steps:  126 | Average reward:    38.36 | Step Count: 1167 | Episode Q0:    -0.15
Episode:  12/7000 | Episode reward:    28.39 | Episode steps:  102 | Average reward:    39.27 | Step Count: 1269 | Episode Q0:    -0.15
Episode:  13/7000 | Episode reward:    30.49 | Episode steps:   96 | Average reward:    39.34 | Step Count: 1365 | Episode Q0:    -0.15
Episode:  14/7000 | Episode reward:    -7.50 | Episode steps:   85 | Average reward:    34.79 | Step Count: 1450 | Episode Q0:    -0.15
Episode:  15/7000 | Episode reward:    19.51 | Episode steps:  100 | Average reward:    34.28 | Step Count: 1550 | Episode Q0:    -0.15
Episode:  16/7000 | Episode reward:    23.09 | Episode steps:   72 | Average reward:    34.19 | Step Count: 1622 | Episode Q0:    -0.15
Episode:  17/7000 | Episode reward:    27.76 | Episode steps:   63 | Average reward:    32.13 | Step Count: 1685 | Episode Q0:    -0.15
Episode:  18/7000 | Episode reward:    45.15 | Episode steps:  113 | Average reward:    33.05 | Step Count: 1798 | Episode Q0:    -0.15
Episode:  19/7000 | Episode reward:    81.12 | Episode steps:  299 | Average reward:    39.46 | Step Count: 2097 | Episode Q0:    -0.15
Episode:  20/7000 | Episode reward:    33.75 | Episode steps:   87 | Average reward:    36.31 | Step Count: 2184 | Episode Q0:    -0.15
Episode:  21/7000 | Episode reward:  -128.12 | Episode steps:  271 | Average reward:    15.37 | Step Count: 2455 | Episode Q0:    -0.15
Episode:  22/7000 | Episode reward:    16.42 | Episode steps:   38 | Average reward:    14.17 | Step Count: 2493 | Episode Q0:    -0.15
Episode:  23/7000 | Episode reward:    44.23 | Episode steps:   79 | Average reward:    15.54 | Step Count: 2572 | Episode Q0:    -0.15
Episode:  24/7000 | Episode reward:    36.82 | Episode steps:   99 | Average reward:    19.98 | Step Count: 2671 | Episode Q0:    -0.15
Episode:  25/7000 | Episode reward:    35.70 | Episode steps:   77 | Average reward:    21.59 | Step Count: 2748 | Episode Q0:    -0.15
Episode:  26/7000 | Episode reward:    51.53 | Episode steps:   76 | Average reward:    24.44 | Step Count: 2824 | Episode Q0:    -0.15
Episode:  27/7000 | Episode reward:    13.35 | Episode steps:   82 | Average reward:    23.00 | Step Count: 2906 | Episode Q0:     0.09
Episode:  28/7000 | Episode reward:    39.66 | Episode steps:  101 | Average reward:    22.45 | Step Count: 3007 | Episode Q0:     0.09
Episode:  29/7000 | Episode reward:    39.59 | Episode steps:  110 | Average reward:    18.29 | Step Count: 3117 | Episode Q0:     0.09
Episode:  30/7000 | Episode reward:    -6.11 | Episode steps:   64 | Average reward:    14.31 | Step Count: 3181 | Episode Q0:     0.09
Episode:  31/7000 | Episode reward:    31.69 | Episode steps:  101 | Average reward:    30.29 | Step Count: 3282 | Episode Q0:     0.09
Episode:  32/7000 | Episode reward:    21.64 | Episode steps:   42 | Average reward:    30.81 | Step Count: 3324 | Episode Q0:     0.09
Episode:  33/7000 | Episode reward:    35.24 | Episode steps:   94 | Average reward:    29.91 | Step Count: 3418 | Episode Q0:     0.09
Episode:  34/7000 | Episode reward:    24.44 | Episode steps:   84 | Average reward:    28.67 | Step Count: 3502 | Episode Q0:     0.09
Episode:  35/7000 | Episode reward:    11.17 | Episode steps:  122 | Average reward:    26.22 | Step Count: 3624 | Episode Q0:     0.09
Episode:  36/7000 | Episode reward:    17.03 | Episode steps:   40 | Average reward:    22.77 | Step Count: 3664 | Episode Q0:     0.09
Episode:  37/7000 | Episode reward:   102.87 | Episode steps:  298 | Average reward:    31.72 | Step Count: 3962 | Episode Q0:     0.09
Episode:  38/7000 | Episode reward:    67.96 | Episode steps:  121 | Average reward:    34.55 | Step Count: 4083 | Episode Q0:     0.09
Episode:  39/7000 | Episode reward:    36.23 | Episode steps:   90 | Average reward:    34.22 | Step Count: 4173 | Episode Q0:     0.09
Episode:  40/7000 | Episode reward:    36.60 | Episode steps:   91 | Average reward:    38.49 | Step Count: 4264 | Episode Q0:     0.09
Episode:  41/7000 | Episode reward:   -23.00 | Episode steps:   96 | Average reward:    33.02 | Step Count: 4360 | Episode Q0:     0.09
Episode:  42/7000 | Episode reward:    30.44 | Episode steps:   89 | Average reward:    33.90 | Step Count: 4449 | Episode Q0:     0.09
Episode:  43/7000 | Episode reward:    49.47 | Episode steps:  223 | Average reward:    35.32 | Step Count: 4672 | Episode Q0:     0.09
Episode:  44/7000 | Episode reward:    43.55 | Episode steps:  111 | Average reward:    37.23 | Step Count: 4783 | Episode Q0:     0.09
Episode:  45/7000 | Episode reward:    46.31 | Episode steps:  108 | Average reward:    40.75 | Step Count: 4891 | Episode Q0:     0.09
Episode:  46/7000 | Episode reward:    13.00 | Episode steps:   84 | Average reward:    40.34 | Step Count: 4975 | Episode Q0:     0.09
Episode:  47/7000 | Episode reward:    20.61 | Episode steps:   80 | Average reward:    32.12 | Step Count: 5055 | Episode Q0:     0.09
Episode:  48/7000 | Episode reward:    -4.43 | Episode steps:   97 | Average reward:    24.88 | Step Count: 5152 | Episode Q0:     0.09
Episode:  49/7000 | Episode reward:    16.32 | Episode steps:   65 | Average reward:    22.89 | Step Count: 5217 | Episode Q0:     0.09
Episode:  50/7000 | Episode reward:    20.04 | Episode steps:   87 | Average reward:    21.23 | Step Count: 5304 | Episode Q0:     0.09
Episode:  51/7000 | Episode reward:    33.47 | Episode steps:   88 | Average reward:    26.88 | Step Count: 5392 | Episode Q0:     0.09
Episode:  52/7000 | Episode reward:    93.71 | Episode steps:  238 | Average reward:    33.20 | Step Count: 5630 | Episode Q0:     0.09
Episode:  53/7000 | Episode reward:     2.82 | Episode steps:   74 | Average reward:    28.54 | Step Count: 5704 | Episode Q0:     0.09
Episode:  54/7000 | Episode reward:    33.49 | Episode steps:   69 | Average reward:    27.53 | Step Count: 5773 | Episode Q0:     0.09
Episode:  55/7000 | Episode reward:    38.08 | Episode steps:   94 | Average reward:    26.71 | Step Count: 5867 | Episode Q0:     0.09
Episode:  56/7000 | Episode reward:    48.90 | Episode steps:   94 | Average reward:    30.30 | Step Count: 5961 | Episode Q0:     0.09
Episode:  57/7000 | Episode reward:    32.39 | Episode steps:   73 | Average reward:    31.48 | Step Count: 6034 | Episode Q0:     0.09
Episode:  58/7000 | Episode reward:    34.12 | Episode steps:   99 | Average reward:    35.33 | Step Count: 6133 | Episode Q0:     0.09
Episode:  59/7000 | Episode reward:    39.23 | Episode steps:   85 | Average reward:    37.62 | Step Count: 6218 | Episode Q0:     0.09
Episode:  60/7000 | Episode reward:    15.56 | Episode steps:   83 | Average reward:    37.18 | Step Count: 6301 | Episode Q0:     0.60
Episode:  61/7000 | Episode reward:    32.49 | Episode steps:  104 | Average reward:    37.08 | Step Count: 6405 | Episode Q0:     0.60
Episode:  62/7000 | Episode reward:     8.30 | Episode steps:   32 | Average reward:    28.54 | Step Count: 6437 | Episode Q0:     0.60
Episode:  63/7000 | Episode reward:    14.50 | Episode steps:   74 | Average reward:    29.71 | Step Count: 6511 | Episode Q0:     0.60
Episode:  64/7000 | Episode reward:    59.98 | Episode steps:  148 | Average reward:    32.36 | Step Count: 6659 | Episode Q0:     0.60
Episode:  65/7000 | Episode reward:    31.46 | Episode steps:   88 | Average reward:    31.69 | Step Count: 6747 | Episode Q0:     0.60
Episode:  66/7000 | Episode reward:    37.20 | Episode steps:  106 | Average reward:    30.52 | Step Count: 6853 | Episode Q0:     0.60
Episode:  67/7000 | Episode reward:    17.86 | Episode steps:  104 | Average reward:    29.07 | Step Count: 6957 | Episode Q0:     0.60
Episode:  68/7000 | Episode reward:    34.75 | Episode steps:   67 | Average reward:    29.13 | Step Count: 7024 | Episode Q0:     0.60
Episode:  69/7000 | Episode reward:    35.65 | Episode steps:  173 | Average reward:    28.78 | Step Count: 7197 | Episode Q0:     0.60
Episode:  70/7000 | Episode reward:     8.92 | Episode steps:   65 | Average reward:    28.11 | Step Count: 7262 | Episode Q0:     0.60
Episode:  71/7000 | Episode reward:    61.21 | Episode steps:  188 | Average reward:    30.98 | Step Count: 7450 | Episode Q0:     0.60
Episode:  72/7000 | Episode reward:    64.79 | Episode steps:  216 | Average reward:    36.63 | Step Count: 7666 | Episode Q0:     0.60
Episode:  73/7000 | Episode reward:    24.62 | Episode steps:   84 | Average reward:    37.64 | Step Count: 7750 | Episode Q0:     0.60
Episode:  74/7000 | Episode reward:   108.56 | Episode steps:  266 | Average reward:    42.50 | Step Count: 8016 | Episode Q0:     0.60
Episode:  75/7000 | Episode reward:    -4.07 | Episode steps:   50 | Average reward:    38.95 | Step Count: 8066 | Episode Q0:     0.60
Episode:  76/7000 | Episode reward:   110.40 | Episode steps:  263 | Average reward:    46.27 | Step Count: 8329 | Episode Q0:     0.60
Episode:  77/7000 | Episode reward:    23.47 | Episode steps:   73 | Average reward:    46.83 | Step Count: 8402 | Episode Q0:     0.60
Episode:  78/7000 | Episode reward:    20.93 | Episode steps:   74 | Average reward:    45.45 | Step Count: 8476 | Episode Q0:     0.60
Episode:  79/7000 | Episode reward:    11.54 | Episode steps:   68 | Average reward:    43.04 | Step Count: 8544 | Episode Q0:     0.60
Episode:  80/7000 | Episode reward:    94.47 | Episode steps:  216 | Average reward:    51.59 | Step Count: 8760 | Episode Q0:     0.60
Episode:  81/7000 | Episode reward:    14.87 | Episode steps:   55 | Average reward:    46.96 | Step Count: 8815 | Episode Q0:     0.60
Episode:  82/7000 | Episode reward:    81.54 | Episode steps:  245 | Average reward:    48.63 | Step Count: 9060 | Episode Q0:     0.60
Episode:  83/7000 | Episode reward:    88.65 | Episode steps:  256 | Average reward:    55.04 | Step Count: 9316 | Episode Q0:     0.60
Episode:  84/7000 | Episode reward:    14.73 | Episode steps:   81 | Average reward:    45.65 | Step Count: 9397 | Episode Q0:     0.60
Episode:  85/7000 | Episode reward:    27.75 | Episode steps:   75 | Average reward:    48.83 | Step Count: 9472 | Episode Q0:     0.60
Episode:  86/7000 | Episode reward:    39.19 | Episode steps:   58 | Average reward:    41.71 | Step Count: 9530 | Episode Q0:     0.60
Episode:  87/7000 | Episode reward:    90.20 | Episode steps:  254 | Average reward:    48.39 | Step Count: 9784 | Episode Q0:     0.60
Episode:  88/7000 | Episode reward:    29.76 | Episode steps:   61 | Average reward:    49.27 | Step Count: 9845 | Episode Q0:     0.60
Episode:  89/7000 | Episode reward:     5.76 | Episode steps:   56 | Average reward:    48.69 | Step Count: 9901 | Episode Q0:     0.60
Episode:  90/7000 | Episode reward:    18.24 | Episode steps:   63 | Average reward:    41.07 | Step Count: 9964 | Episode Q0:     0.60
Episode:  91/7000 | Episode reward:    10.01 | Episode steps:   76 | Average reward:    40.58 | Step Count: 10040 | Episode Q0:     0.60
Episode:  92/7000 | Episode reward:    31.84 | Episode steps:   89 | Average reward:    35.61 | Step Count: 10129 | Episode Q0:     0.60
Episode:  93/7000 | Episode reward:    10.29 | Episode steps:   74 | Average reward:    27.78 | Step Count: 10203 | Episode Q0:     0.60
Episode:  94/7000 | Episode reward:    18.84 | Episode steps:   43 | Average reward:    28.19 | Step Count: 10246 | Episode Q0:     0.60
Episode:  95/7000 | Episode reward:    15.61 | Episode steps:   52 | Average reward:    26.97 | Step Count: 10298 | Episode Q0:     0.60
Episode:  96/7000 | Episode reward:     5.02 | Episode steps:   53 | Average reward:    23.56 | Step Count: 10351 | Episode Q0:     0.78
Episode:  97/7000 | Episode reward:    61.70 | Episode steps:  195 | Average reward:    20.71 | Step Count: 10546 | Episode Q0:     0.78
Episode:  98/7000 | Episode reward:    16.90 | Episode steps:   68 | Average reward:    19.42 | Step Count: 10614 | Episode Q0:     0.78
Episode:  99/7000 | Episode reward:    12.54 | Episode steps:   50 | Average reward:    20.10 | Step Count: 10664 | Episode Q0:     0.78
Episode: 100/7000 | Episode reward:    30.94 | Episode steps:   80 | Average reward:    21.37 | Step Count: 10744 | Episode Q0:     0.78
Episode: 101/7000 | Episode reward:     7.72 | Episode steps:   63 | Average reward:    21.14 | Step Count: 10807 | Episode Q0:     0.78
Episode: 102/7000 | Episode reward:    -4.29 | Episode steps:   51 | Average reward:    17.53 | Step Count: 10858 | Episode Q0:     0.78
Episode: 103/7000 | Episode reward:    79.29 | Episode steps:  257 | Average reward:    24.43 | Step Count: 11115 | Episode Q0:     0.78
Episode: 104/7000 | Episode reward:    13.73 | Episode steps:   55 | Average reward:    23.92 | Step Count: 11170 | Episode Q0:     0.78
Episode: 105/7000 | Episode reward:    24.99 | Episode steps:   74 | Average reward:    24.85 | Step Count: 11244 | Episode Q0:     0.78
Episode: 106/7000 | Episode reward:    31.73 | Episode steps:   53 | Average reward:    27.53 | Step Count: 11297 | Episode Q0:     0.78
Episode: 107/7000 | Episode reward:    27.62 | Episode steps:   67 | Average reward:    24.12 | Step Count: 11364 | Episode Q0:     0.78
Episode: 108/7000 | Episode reward:    25.09 | Episode steps:   58 | Average reward:    24.94 | Step Count: 11422 | Episode Q0:     0.78
Episode: 109/7000 | Episode reward:    -0.75 | Episode steps:   56 | Average reward:    23.61 | Step Count: 11478 | Episode Q0:     0.78
Episode: 110/7000 | Episode reward:    15.29 | Episode steps:   41 | Average reward:    22.04 | Step Count: 11519 | Episode Q0:     0.78
Episode: 111/7000 | Episode reward:    -6.01 | Episode steps:   47 | Average reward:    20.67 | Step Count: 11566 | Episode Q0:     0.78
Episode: 112/7000 | Episode reward:     2.49 | Episode steps:   41 | Average reward:    21.35 | Step Count: 11607 | Episode Q0:     0.78
Episode: 113/7000 | Episode reward:    39.28 | Episode steps:   63 | Average reward:    17.34 | Step Count: 11670 | Episode Q0:     0.78
Episode: 114/7000 | Episode reward:    22.89 | Episode steps:   47 | Average reward:    18.26 | Step Count: 11717 | Episode Q0:     0.78
Episode: 115/7000 | Episode reward:   -27.61 | Episode steps:   57 | Average reward:    13.00 | Step Count: 11774 | Episode Q0:     0.78
Episode: 116/7000 | Episode reward:    33.26 | Episode steps:   62 | Average reward:    13.15 | Step Count: 11836 | Episode Q0:     0.78
Episode: 117/7000 | Episode reward:     8.08 | Episode steps:   56 | Average reward:    11.20 | Step Count: 11892 | Episode Q0:     0.78
Episode: 118/7000 | Episode reward:    24.86 | Episode steps:   61 | Average reward:    11.18 | Step Count: 11953 | Episode Q0:     0.78
Episode: 119/7000 | Episode reward:     1.98 | Episode steps:   66 | Average reward:    11.45 | Step Count: 12019 | Episode Q0:     0.78
Episode: 120/7000 | Episode reward:    21.63 | Episode steps:   53 | Average reward:    12.09 | Step Count: 12072 | Episode Q0:     0.78
Episode: 121/7000 | Episode reward:    37.47 | Episode steps:   78 | Average reward:    16.43 | Step Count: 12150 | Episode Q0:     0.78
Episode: 122/7000 | Episode reward:    37.55 | Episode steps:   71 | Average reward:    19.94 | Step Count: 12221 | Episode Q0:     0.78
Episode: 123/7000 | Episode reward:    39.46 | Episode steps:   67 | Average reward:    19.96 | Step Count: 12288 | Episode Q0:     0.78
Episode: 124/7000 | Episode reward:     5.69 | Episode steps:   31 | Average reward:    18.24 | Step Count: 12319 | Episode Q0:     0.78
Episode: 125/7000 | Episode reward:    32.08 | Episode steps:   51 | Average reward:    24.21 | Step Count: 12370 | Episode Q0:     0.78
Episode: 126/7000 | Episode reward:    48.50 | Episode steps:   77 | Average reward:    25.73 | Step Count: 12447 | Episode Q0:     0.78
Episode: 127/7000 | Episode reward:    25.62 | Episode steps:   47 | Average reward:    27.48 | Step Count: 12494 | Episode Q0:     0.78
Episode: 128/7000 | Episode reward:    14.71 | Episode steps:   63 | Average reward:    26.47 | Step Count: 12557 | Episode Q0:     0.78
Episode: 129/7000 | Episode reward:   -20.58 | Episode steps:   52 | Average reward:    24.21 | Step Count: 12609 | Episode Q0:     0.78
Episode: 130/7000 | Episode reward:    22.66 | Episode steps:   59 | Average reward:    24.32 | Step Count: 12668 | Episode Q0:     0.78
Episode: 131/7000 | Episode reward:    40.25 | Episode steps:   82 | Average reward:    24.59 | Step Count: 12750 | Episode Q0:     0.78
Episode: 132/7000 | Episode reward:    19.45 | Episode steps:   59 | Average reward:    22.78 | Step Count: 12809 | Episode Q0:     0.78
Episode: 133/7000 | Episode reward:    12.71 | Episode steps:   51 | Average reward:    20.11 | Step Count: 12860 | Episode Q0:     0.78
Episode: 134/7000 | Episode reward:   -14.62 | Episode steps:   57 | Average reward:    18.08 | Step Count: 12917 | Episode Q0:     1.00
Episode: 135/7000 | Episode reward:    -5.30 | Episode steps:   62 | Average reward:    14.34 | Step Count: 12979 | Episode Q0:     1.00
Episode: 136/7000 | Episode reward:    26.86 | Episode steps:   73 | Average reward:    12.18 | Step Count: 13052 | Episode Q0:     1.00
Episode: 137/7000 | Episode reward:    21.63 | Episode steps:   59 | Average reward:    11.78 | Step Count: 13111 | Episode Q0:     1.00
Episode: 138/7000 | Episode reward:    28.43 | Episode steps:   49 | Average reward:    13.15 | Step Count: 13160 | Episode Q0:     1.00
Episode: 139/7000 | Episode reward:    23.60 | Episode steps:   48 | Average reward:    17.57 | Step Count: 13208 | Episode Q0:     1.00
Episode: 140/7000 | Episode reward:    -4.05 | Episode steps:   71 | Average reward:    14.90 | Step Count: 13279 | Episode Q0:     1.00
Episode: 141/7000 | Episode reward:    12.96 | Episode steps:   72 | Average reward:    12.17 | Step Count: 13351 | Episode Q0:     1.00
Episode: 142/7000 | Episode reward:    10.10 | Episode steps:   59 | Average reward:    11.23 | Step Count: 13410 | Episode Q0:     1.00
Episode: 143/7000 | Episode reward:    33.84 | Episode steps:   64 | Average reward:    13.34 | Step Count: 13474 | Episode Q0:     1.00
Episode: 144/7000 | Episode reward:    29.18 | Episode steps:   88 | Average reward:    17.72 | Step Count: 13562 | Episode Q0:     1.00
Episode: 145/7000 | Episode reward:   -17.19 | Episode steps:   57 | Average reward:    16.54 | Step Count: 13619 | Episode Q0:     1.00
Episode: 146/7000 | Episode reward:    16.46 | Episode steps:   51 | Average reward:    15.50 | Step Count: 13670 | Episode Q0:     1.00
Episode: 147/7000 | Episode reward:    20.51 | Episode steps:   59 | Average reward:    15.38 | Step Count: 13729 | Episode Q0:     1.00
Episode: 148/7000 | Episode reward:    21.44 | Episode steps:   51 | Average reward:    14.68 | Step Count: 13780 | Episode Q0:     1.00
Episode: 149/7000 | Episode reward:    13.99 | Episode steps:   55 | Average reward:    13.72 | Step Count: 13835 | Episode Q0:     1.00
Episode: 150/7000 | Episode reward:    23.17 | Episode steps:   73 | Average reward:    16.45 | Step Count: 13908 | Episode Q0:     1.00
Episode: 151/7000 | Episode reward:    -5.02 | Episode steps:   65 | Average reward:    14.65 | Step Count: 13973 | Episode Q0:     1.00
Episode: 152/7000 | Episode reward:    31.90 | Episode steps:   55 | Average reward:    16.83 | Step Count: 14028 | Episode Q0:     1.00
Episode: 153/7000 | Episode reward:    20.16 | Episode steps:   61 | Average reward:    15.46 | Step Count: 14089 | Episode Q0:     1.00
Episode: 154/7000 | Episode reward:    11.85 | Episode steps:   68 | Average reward:    13.73 | Step Count: 14157 | Episode Q0:     1.00
Episode: 155/7000 | Episode reward:     2.74 | Episode steps:   42 | Average reward:    15.72 | Step Count: 14199 | Episode Q0:     1.00
Episode: 156/7000 | Episode reward:    12.52 | Episode steps:   47 | Average reward:    15.33 | Step Count: 14246 | Episode Q0:     1.00
Episode: 157/7000 | Episode reward:    34.49 | Episode steps:   66 | Average reward:    16.72 | Step Count: 14312 | Episode Q0:     1.00
Episode: 158/7000 | Episode reward:    17.84 | Episode steps:   69 | Average reward:    16.36 | Step Count: 14381 | Episode Q0:     1.00
Episode: 159/7000 | Episode reward:     6.39 | Episode steps:   54 | Average reward:    15.60 | Step Count: 14435 | Episode Q0:     1.00
Episode: 160/7000 | Episode reward:    23.12 | Episode steps:   72 | Average reward:    15.60 | Step Count: 14507 | Episode Q0:     1.00
Episode: 161/7000 | Episode reward:    20.53 | Episode steps:   56 | Average reward:    18.16 | Step Count: 14563 | Episode Q0:     1.00
Episode: 162/7000 | Episode reward:    13.26 | Episode steps:   36 | Average reward:    16.29 | Step Count: 14599 | Episode Q0:     1.00
Episode: 163/7000 | Episode reward:    23.04 | Episode steps:   66 | Average reward:    16.58 | Step Count: 14665 | Episode Q0:     1.00
Episode: 164/7000 | Episode reward:    17.00 | Episode steps:   73 | Average reward:    17.09 | Step Count: 14738 | Episode Q0:     1.00
Episode: 165/7000 | Episode reward:     9.52 | Episode steps:   36 | Average reward:    17.77 | Step Count: 14774 | Episode Q0:     1.00
Episode: 166/7000 | Episode reward:    21.81 | Episode steps:   60 | Average reward:    18.70 | Step Count: 14834 | Episode Q0:     1.00
Episode: 167/7000 | Episode reward:    -6.30 | Episode steps:   59 | Average reward:    14.62 | Step Count: 14893 | Episode Q0:     1.00
Episode: 168/7000 | Episode reward:    11.54 | Episode steps:   43 | Average reward:    13.99 | Step Count: 14936 | Episode Q0:     1.00
Episode: 169/7000 | Episode reward:     0.33 | Episode steps:   60 | Average reward:    13.38 | Step Count: 14996 | Episode Q0:     1.00
Episode: 170/7000 | Episode reward:    22.30 | Episode steps:   60 | Average reward:    13.30 | Step Count: 15056 | Episode Q0:     1.00
Episode: 171/7000 | Episode reward:     2.61 | Episode steps:   46 | Average reward:    11.51 | Step Count: 15102 | Episode Q0:     1.00
Episode: 172/7000 | Episode reward:   -13.62 | Episode steps:   51 | Average reward:     8.82 | Step Count: 15153 | Episode Q0:     1.00
Episode: 173/7000 | Episode reward:    13.39 | Episode steps:   63 | Average reward:     7.86 | Step Count: 15216 | Episode Q0:     1.27
Episode: 174/7000 | Episode reward:   -12.98 | Episode steps:   53 | Average reward:     4.86 | Step Count: 15269 | Episode Q0:     1.27
Episode: 175/7000 | Episode reward:    32.73 | Episode steps:   77 | Average reward:     7.18 | Step Count: 15346 | Episode Q0:     1.27
Episode: 176/7000 | Episode reward:    17.05 | Episode steps:   47 | Average reward:     6.70 | Step Count: 15393 | Episode Q0:     1.27
Episode: 177/7000 | Episode reward:   -19.57 | Episode steps:   58 | Average reward:     5.38 | Step Count: 15451 | Episode Q0:     1.27
Episode: 178/7000 | Episode reward:    14.57 | Episode steps:   35 | Average reward:     5.68 | Step Count: 15486 | Episode Q0:     1.27
Episode: 179/7000 | Episode reward:    23.07 | Episode steps:   63 | Average reward:     7.95 | Step Count: 15549 | Episode Q0:     1.27
Episode: 180/7000 | Episode reward:    17.65 | Episode steps:   49 | Average reward:     7.49 | Step Count: 15598 | Episode Q0:     1.27
Episode: 181/7000 | Episode reward:     7.94 | Episode steps:   75 | Average reward:     8.02 | Step Count: 15673 | Episode Q0:     1.27
Episode: 182/7000 | Episode reward:    37.96 | Episode steps:   82 | Average reward:    13.18 | Step Count: 15755 | Episode Q0:     1.27
Episode: 183/7000 | Episode reward:    -0.41 | Episode steps:   47 | Average reward:    11.80 | Step Count: 15802 | Episode Q0:     1.27
Episode: 184/7000 | Episode reward:    24.07 | Episode steps:   56 | Average reward:    15.51 | Step Count: 15858 | Episode Q0:     1.27
Episode: 185/7000 | Episode reward:     7.96 | Episode steps:   36 | Average reward:    13.03 | Step Count: 15894 | Episode Q0:     1.27
Episode: 186/7000 | Episode reward:    21.15 | Episode steps:   51 | Average reward:    13.44 | Step Count: 15945 | Episode Q0:     1.27
Episode: 187/7000 | Episode reward:   -23.03 | Episode steps:   59 | Average reward:    13.09 | Step Count: 16004 | Episode Q0:     1.27
Episode: 188/7000 | Episode reward:    12.31 | Episode steps:   62 | Average reward:    12.87 | Step Count: 16066 | Episode Q0:     1.27
Episode: 189/7000 | Episode reward:    22.48 | Episode steps:   67 | Average reward:    12.81 | Step Count: 16133 | Episode Q0:     1.27
Episode: 190/7000 | Episode reward:    27.21 | Episode steps:   65 | Average reward:    13.76 | Step Count: 16198 | Episode Q0:     1.27
Episode: 191/7000 | Episode reward:    -6.42 | Episode steps:   63 | Average reward:    12.33 | Step Count: 16261 | Episode Q0:     1.27
Episode: 192/7000 | Episode reward:     1.78 | Episode steps:   38 | Average reward:     8.71 | Step Count: 16299 | Episode Q0:     1.27
Episode: 193/7000 | Episode reward:    24.97 | Episode steps:   75 | Average reward:    11.25 | Step Count: 16374 | Episode Q0:     1.27
Episode: 194/7000 | Episode reward:    23.96 | Episode steps:   84 | Average reward:    11.24 | Step Count: 16458 | Episode Q0:     1.27
Episode: 195/7000 | Episode reward:    33.00 | Episode steps:   69 | Average reward:    13.74 | Step Count: 16527 | Episode Q0:     1.27
Episode: 196/7000 | Episode reward:   -27.47 | Episode steps:   57 | Average reward:     8.88 | Step Count: 16584 | Episode Q0:     1.27
Episode: 197/7000 | Episode reward:    22.20 | Episode steps:   69 | Average reward:    13.40 | Step Count: 16653 | Episode Q0:     1.27
Episode: 198/7000 | Episode reward:    24.02 | Episode steps:   73 | Average reward:    14.57 | Step Count: 16726 | Episode Q0:     1.27
Episode: 199/7000 | Episode reward:   -10.43 | Episode steps:   63 | Average reward:    11.28 | Step Count: 16789 | Episode Q0:     1.27
Episode: 200/7000 | Episode reward:    22.33 | Episode steps:   53 | Average reward:    10.79 | Step Count: 16842 | Episode Q0:     1.27
Episode: 201/7000 | Episode reward:    16.88 | Episode steps:   56 | Average reward:    13.12 | Step Count: 16898 | Episode Q0:     1.27
Episode: 202/7000 | Episode reward:    20.25 | Episode steps:   59 | Average reward:    14.97 | Step Count: 16957 | Episode Q0:     1.27
Episode: 203/7000 | Episode reward:    19.88 | Episode steps:   50 | Average reward:    14.46 | Step Count: 17007 | Episode Q0:     1.27
Episode: 204/7000 | Episode reward:    10.83 | Episode steps:   72 | Average reward:    13.15 | Step Count: 17079 | Episode Q0:     1.27
Episode: 205/7000 | Episode reward:    19.58 | Episode steps:   64 | Average reward:    11.81 | Step Count: 17143 | Episode Q0:     1.27
Episode: 206/7000 | Episode reward:    33.19 | Episode steps:   67 | Average reward:    17.87 | Step Count: 17210 | Episode Q0:     1.27
Episode: 207/7000 | Episode reward:    27.69 | Episode steps:   46 | Average reward:    18.42 | Step Count: 17256 | Episode Q0:     1.27
Episode: 208/7000 | Episode reward:    29.72 | Episode steps:   52 | Average reward:    18.99 | Step Count: 17308 | Episode Q0:     1.27
Episode: 209/7000 | Episode reward:    21.93 | Episode steps:   67 | Average reward:    22.23 | Step Count: 17375 | Episode Q0:     1.55
Episode: 210/7000 | Episode reward:    12.83 | Episode steps:   42 | Average reward:    21.28 | Step Count: 17417 | Episode Q0:     1.55
Episode: 211/7000 | Episode reward:    32.29 | Episode steps:   64 | Average reward:    22.82 | Step Count: 17481 | Episode Q0:     1.55
Episode: 212/7000 | Episode reward:     1.36 | Episode steps:   71 | Average reward:    20.93 | Step Count: 17552 | Episode Q0:     1.55
Episode: 213/7000 | Episode reward:    23.64 | Episode steps:   67 | Average reward:    21.31 | Step Count: 17619 | Episode Q0:     1.55
Episode: 214/7000 | Episode reward:    18.49 | Episode steps:   69 | Average reward:    22.07 | Step Count: 17688 | Episode Q0:     1.55
Episode: 215/7000 | Episode reward:     6.65 | Episode steps:   64 | Average reward:    20.78 | Step Count: 17752 | Episode Q0:     1.55
Episode: 216/7000 | Episode reward:     8.37 | Episode steps:   39 | Average reward:    18.30 | Step Count: 17791 | Episode Q0:     1.55
Episode: 217/7000 | Episode reward:    35.06 | Episode steps:   82 | Average reward:    19.04 | Step Count: 17873 | Episode Q0:     1.55
Episode: 218/7000 | Episode reward:     9.01 | Episode steps:   77 | Average reward:    16.96 | Step Count: 17950 | Episode Q0:     1.55
Episode: 219/7000 | Episode reward:    17.64 | Episode steps:   42 | Average reward:    16.53 | Step Count: 17992 | Episode Q0:     1.55
Episode: 220/7000 | Episode reward:    -4.35 | Episode steps:   56 | Average reward:    14.82 | Step Count: 18048 | Episode Q0:     1.55
Episode: 221/7000 | Episode reward:    30.04 | Episode steps:   58 | Average reward:    14.59 | Step Count: 18106 | Episode Q0:     1.55
Episode: 222/7000 | Episode reward:    17.21 | Episode steps:   47 | Average reward:    16.18 | Step Count: 18153 | Episode Q0:     1.55
Episode: 223/7000 | Episode reward:    -6.80 | Episode steps:   44 | Average reward:    13.13 | Step Count: 18197 | Episode Q0:     1.55
Episode: 224/7000 | Episode reward:    11.98 | Episode steps:   63 | Average reward:    12.48 | Step Count: 18260 | Episode Q0:     1.55
Episode: 225/7000 | Episode reward:    16.59 | Episode steps:   80 | Average reward:    13.47 | Step Count: 18340 | Episode Q0:     1.55
Episode: 226/7000 | Episode reward:     6.20 | Episode steps:   57 | Average reward:    13.26 | Step Count: 18397 | Episode Q0:     1.55
Episode: 227/7000 | Episode reward:    23.90 | Episode steps:   70 | Average reward:    12.14 | Step Count: 18467 | Episode Q0:     1.55
Episode: 228/7000 | Episode reward:    13.87 | Episode steps:   70 | Average reward:    12.63 | Step Count: 18537 | Episode Q0:     1.55
Episode: 229/7000 | Episode reward:    20.38 | Episode steps:   63 | Average reward:    12.90 | Step Count: 18600 | Episode Q0:     1.55
Episode: 230/7000 | Episode reward:    19.22 | Episode steps:   73 | Average reward:    15.26 | Step Count: 18673 | Episode Q0:     1.55
Episode: 231/7000 | Episode reward:   -22.70 | Episode steps:   51 | Average reward:     9.98 | Step Count: 18724 | Episode Q0:     1.55
Episode: 232/7000 | Episode reward:     7.68 | Episode steps:   47 | Average reward:     9.03 | Step Count: 18771 | Episode Q0:     1.55
Episode: 233/7000 | Episode reward:    16.57 | Episode steps:   56 | Average reward:    11.37 | Step Count: 18827 | Episode Q0:     1.55
Episode: 234/7000 | Episode reward:    31.63 | Episode steps:   75 | Average reward:    13.33 | Step Count: 18902 | Episode Q0:     1.55
Episode: 235/7000 | Episode reward:   -13.24 | Episode steps:   66 | Average reward:    10.35 | Step Count: 18968 | Episode Q0:     1.55
Episode: 236/7000 | Episode reward:    12.78 | Episode steps:   75 | Average reward:    11.01 | Step Count: 19043 | Episode Q0:     1.55
Episode: 237/7000 | Episode reward:     8.58 | Episode steps:   69 | Average reward:     9.48 | Step Count: 19112 | Episode Q0:     1.55
Episode: 238/7000 | Episode reward:    16.97 | Episode steps:   82 | Average reward:     9.79 | Step Count: 19194 | Episode Q0:     1.55
Episode: 239/7000 | Episode reward:    32.83 | Episode steps:   55 | Average reward:    11.03 | Step Count: 19249 | Episode Q0:     1.55
Episode: 240/7000 | Episode reward:   -27.11 | Episode steps:   48 | Average reward:     6.40 | Step Count: 19297 | Episode Q0:     1.55
Episode: 241/7000 | Episode reward:    28.63 | Episode steps:   60 | Average reward:    11.53 | Step Count: 19357 | Episode Q0:     1.55
Episode: 242/7000 | Episode reward:     6.75 | Episode steps:   50 | Average reward:    11.44 | Step Count: 19407 | Episode Q0:     1.55
Episode: 243/7000 | Episode reward:    20.61 | Episode steps:   57 | Average reward:    11.84 | Step Count: 19464 | Episode Q0:     1.55
Episode: 244/7000 | Episode reward:    28.18 | Episode steps:   70 | Average reward:    11.50 | Step Count: 19534 | Episode Q0:     1.55
Episode: 245/7000 | Episode reward:    35.94 | Episode steps:   58 | Average reward:    16.42 | Step Count: 19592 | Episode Q0:     1.55
Episode: 246/7000 | Episode reward:    12.55 | Episode steps:   77 | Average reward:    16.39 | Step Count: 19669 | Episode Q0:     1.55
Episode: 247/7000 | Episode reward:    22.05 | Episode steps:   55 | Average reward:    17.74 | Step Count: 19724 | Episode Q0:     1.55
Episode: 248/7000 | Episode reward:     9.22 | Episode steps:   74 | Average reward:    16.97 | Step Count: 19798 | Episode Q0:     1.89
Episode: 249/7000 | Episode reward:     6.52 | Episode steps:   35 | Average reward:    14.34 | Step Count: 19833 | Episode Q0:     1.89
Episode: 250/7000 | Episode reward:     0.99 | Episode steps:   49 | Average reward:    17.14 | Step Count: 19882 | Episode Q0:     1.89
Episode: 251/7000 | Episode reward:    32.13 | Episode steps:   94 | Average reward:    17.49 | Step Count: 19976 | Episode Q0:     1.89
Episode: 252/7000 | Episode reward:    20.70 | Episode steps:   67 | Average reward:    18.89 | Step Count: 20043 | Episode Q0:     1.89
Episode: 253/7000 | Episode reward:    -3.51 | Episode steps:   64 | Average reward:    16.48 | Step Count: 20107 | Episode Q0:     1.89
Episode: 254/7000 | Episode reward:     9.32 | Episode steps:   41 | Average reward:    14.59 | Step Count: 20148 | Episode Q0:     1.89
Episode: 255/7000 | Episode reward:    26.08 | Episode steps:   68 | Average reward:    13.61 | Step Count: 20216 | Episode Q0:     1.89
Episode: 256/7000 | Episode reward:    22.01 | Episode steps:   67 | Average reward:    14.55 | Step Count: 20283 | Episode Q0:     1.89
Episode: 257/7000 | Episode reward:    27.29 | Episode steps:   67 | Average reward:    15.08 | Step Count: 20350 | Episode Q0:     1.89
Episode: 258/7000 | Episode reward:    29.28 | Episode steps:   55 | Average reward:    17.08 | Step Count: 20405 | Episode Q0:     1.89
Episode: 259/7000 | Episode reward:    27.04 | Episode steps:   69 | Average reward:    19.13 | Step Count: 20474 | Episode Q0:     1.89
Episode: 260/7000 | Episode reward:    -1.22 | Episode steps:   44 | Average reward:    18.91 | Step Count: 20518 | Episode Q0:     1.89
Episode: 261/7000 | Episode reward:   -13.30 | Episode steps:   43 | Average reward:    14.37 | Step Count: 20561 | Episode Q0:     1.89
Episode: 262/7000 | Episode reward:    -6.26 | Episode steps:   38 | Average reward:    11.67 | Step Count: 20599 | Episode Q0:     1.89
Episode: 263/7000 | Episode reward:    17.49 | Episode steps:   49 | Average reward:    13.77 | Step Count: 20648 | Episode Q0:     1.89
Episode: 264/7000 | Episode reward:   -10.83 | Episode steps:   41 | Average reward:    11.76 | Step Count: 20689 | Episode Q0:     1.89
Episode: 265/7000 | Episode reward:     5.35 | Episode steps:   75 | Average reward:     9.69 | Step Count: 20764 | Episode Q0:     1.89
Episode: 266/7000 | Episode reward:    18.39 | Episode steps:   46 | Average reward:     9.32 | Step Count: 20810 | Episode Q0:     1.89
Episode: 267/7000 | Episode reward:    20.04 | Episode steps:   66 | Average reward:     8.60 | Step Count: 20876 | Episode Q0:     1.89
Episode: 268/7000 | Episode reward:    10.39 | Episode steps:   35 | Average reward:     6.71 | Step Count: 20911 | Episode Q0:     1.89
Episode: 269/7000 | Episode reward:    29.48 | Episode steps:   62 | Average reward:     6.95 | Step Count: 20973 | Episode Q0:     1.89
Episode: 270/7000 | Episode reward:    20.32 | Episode steps:   48 | Average reward:     9.11 | Step Count: 21021 | Episode Q0:     1.89
Episode: 271/7000 | Episode reward:    24.17 | Episode steps:   71 | Average reward:    12.85 | Step Count: 21092 | Episode Q0:     1.89
Episode: 272/7000 | Episode reward:    16.67 | Episode steps:   66 | Average reward:    15.15 | Step Count: 21158 | Episode Q0:     1.89
Episode: 273/7000 | Episode reward:    14.55 | Episode steps:   67 | Average reward:    14.85 | Step Count: 21225 | Episode Q0:     1.89
Episode: 274/7000 | Episode reward:    32.88 | Episode steps:   59 | Average reward:    19.22 | Step Count: 21284 | Episode Q0:     1.89
Episode: 275/7000 | Episode reward:     9.89 | Episode steps:   77 | Average reward:    19.68 | Step Count: 21361 | Episode Q0:     1.89
Episode: 276/7000 | Episode reward:     9.07 | Episode steps:   37 | Average reward:    18.75 | Step Count: 21398 | Episode Q0:     1.89
Episode: 277/7000 | Episode reward:    25.30 | Episode steps:   67 | Average reward:    19.27 | Step Count: 21465 | Episode Q0:     1.89
Episode: 278/7000 | Episode reward:   -12.77 | Episode steps:   66 | Average reward:    16.96 | Step Count: 21531 | Episode Q0:     1.89
Episode: 279/7000 | Episode reward:    14.89 | Episode steps:   38 | Average reward:    15.50 | Step Count: 21569 | Episode Q0:     1.89
Episode: 280/7000 | Episode reward:    14.70 | Episode steps:   65 | Average reward:    14.94 | Step Count: 21634 | Episode Q0:     1.89
Episode: 281/7000 | Episode reward:    13.39 | Episode steps:   80 | Average reward:    13.86 | Step Count: 21714 | Episode Q0:     1.89
Episode: 282/7000 | Episode reward:     6.60 | Episode steps:   65 | Average reward:    12.85 | Step Count: 21779 | Episode Q0:     1.89
Episode: 283/7000 | Episode reward:    32.39 | Episode steps:   72 | Average reward:    14.63 | Step Count: 21851 | Episode Q0:     1.89
Episode: 284/7000 | Episode reward:    15.76 | Episode steps:   40 | Average reward:    12.92 | Step Count: 21891 | Episode Q0:     1.89
Episode: 285/7000 | Episode reward:   -14.10 | Episode steps:   62 | Average reward:    10.52 | Step Count: 21953 | Episode Q0:     1.89
Episode: 286/7000 | Episode reward:    -5.38 | Episode steps:   58 | Average reward:     9.08 | Step Count: 22011 | Episode Q0:     2.25
Episode: 287/7000 | Episode reward:     8.18 | Episode steps:   29 | Average reward:     7.37 | Step Count: 22040 | Episode Q0:     2.25
Episode: 288/7000 | Episode reward:    17.30 | Episode steps:   41 | Average reward:    10.37 | Step Count: 22081 | Episode Q0:     2.25
Episode: 289/7000 | Episode reward:    10.19 | Episode steps:   31 | Average reward:     9.90 | Step Count: 22112 | Episode Q0:     2.25
Episode: 290/7000 | Episode reward:     5.70 | Episode steps:   52 | Average reward:     9.00 | Step Count: 22164 | Episode Q0:     2.25
Episode: 291/7000 | Episode reward:    36.93 | Episode steps:   71 | Average reward:    11.36 | Step Count: 22235 | Episode Q0:     2.25
Episode: 292/7000 | Episode reward:    27.40 | Episode steps:   62 | Average reward:    13.44 | Step Count: 22297 | Episode Q0:     2.25
Episode: 293/7000 | Episode reward:    14.35 | Episode steps:   82 | Average reward:    11.63 | Step Count: 22379 | Episode Q0:     2.25
Episode: 294/7000 | Episode reward:    -4.34 | Episode steps:   69 | Average reward:     9.62 | Step Count: 22448 | Episode Q0:     2.25
Episode: 295/7000 | Episode reward:    -1.94 | Episode steps:   51 | Average reward:    10.84 | Step Count: 22499 | Episode Q0:     2.25
Episode: 296/7000 | Episode reward:    25.46 | Episode steps:   68 | Average reward:    13.92 | Step Count: 22567 | Episode Q0:     2.25
Episode: 297/7000 | Episode reward:    26.25 | Episode steps:   59 | Average reward:    15.73 | Step Count: 22626 | Episode Q0:     2.25
Episode: 298/7000 | Episode reward:     1.77 | Episode steps:   72 | Average reward:    14.18 | Step Count: 22698 | Episode Q0:     2.25
Episode: 299/7000 | Episode reward:    21.49 | Episode steps:   70 | Average reward:    15.31 | Step Count: 22768 | Episode Q0:     2.25
Episode: 300/7000 | Episode reward:    23.24 | Episode steps:   69 | Average reward:    17.06 | Step Count: 22837 | Episode Q0:     2.25
Episode: 301/7000 | Episode reward:    11.94 | Episode steps:   39 | Average reward:    14.56 | Step Count: 22876 | Episode Q0:     2.25
Episode: 302/7000 | Episode reward:    19.82 | Episode steps:   56 | Average reward:    13.80 | Step Count: 22932 | Episode Q0:     2.25
Episode: 303/7000 | Episode reward:    19.60 | Episode steps:   59 | Average reward:    14.33 | Step Count: 22991 | Episode Q0:     2.25
Episode: 304/7000 | Episode reward:    19.04 | Episode steps:   75 | Average reward:    16.67 | Step Count: 23066 | Episode Q0:     2.25
Episode: 305/7000 | Episode reward:     9.13 | Episode steps:   70 | Average reward:    17.77 | Step Count: 23136 | Episode Q0:     2.25
Episode: 306/7000 | Episode reward:    28.83 | Episode steps:   52 | Average reward:    18.11 | Step Count: 23188 | Episode Q0:     2.25
Episode: 307/7000 | Episode reward:    21.89 | Episode steps:   73 | Average reward:    17.68 | Step Count: 23261 | Episode Q0:     2.25
Episode: 308/7000 | Episode reward:    33.31 | Episode steps:   64 | Average reward:    20.83 | Step Count: 23325 | Episode Q0:     2.25
Episode: 309/7000 | Episode reward:    17.95 | Episode steps:   35 | Average reward:    20.48 | Step Count: 23360 | Episode Q0:     2.25
Episode: 310/7000 | Episode reward:    18.45 | Episode steps:   48 | Average reward:    20.00 | Step Count: 23408 | Episode Q0:     2.25
Episode: 311/7000 | Episode reward:    32.43 | Episode steps:   76 | Average reward:    22.05 | Step Count: 23484 | Episode Q0:     2.25
Episode: 312/7000 | Episode reward:    31.70 | Episode steps:   58 | Average reward:    23.23 | Step Count: 23542 | Episode Q0:     2.25
Episode: 313/7000 | Episode reward:    27.44 | Episode steps:   49 | Average reward:    24.02 | Step Count: 23591 | Episode Q0:     2.25
Episode: 314/7000 | Episode reward:    18.67 | Episode steps:   53 | Average reward:    23.98 | Step Count: 23644 | Episode Q0:     2.25
Episode: 315/7000 | Episode reward:    -5.43 | Episode steps:   75 | Average reward:    22.52 | Step Count: 23719 | Episode Q0:     2.25
Episode: 316/7000 | Episode reward:     9.97 | Episode steps:   74 | Average reward:    20.64 | Step Count: 23793 | Episode Q0:     2.25
Episode: 317/7000 | Episode reward:     3.76 | Episode steps:   68 | Average reward:    18.82 | Step Count: 23861 | Episode Q0:     2.25
Episode: 318/7000 | Episode reward:    -5.81 | Episode steps:   45 | Average reward:    14.91 | Step Count: 23906 | Episode Q0:     2.25
Episode: 319/7000 | Episode reward:    16.27 | Episode steps:   50 | Average reward:    14.74 | Step Count: 23956 | Episode Q0:     2.25
Episode: 320/7000 | Episode reward:    -8.76 | Episode steps:   62 | Average reward:    12.02 | Step Count: 24018 | Episode Q0:     2.25
Episode: 321/7000 | Episode reward:    10.84 | Episode steps:   65 | Average reward:     9.86 | Step Count: 24083 | Episode Q0:     2.25
Episode: 322/7000 | Episode reward:    24.01 | Episode steps:   66 | Average reward:     9.10 | Step Count: 24149 | Episode Q0:     2.25
Episode: 323/7000 | Episode reward:    29.94 | Episode steps:   75 | Average reward:     9.35 | Step Count: 24224 | Episode Q0:     2.25
Episode: 324/7000 | Episode reward:    28.61 | Episode steps:   49 | Average reward:    10.34 | Step Count: 24273 | Episode Q0:     2.25
Episode: 325/7000 | Episode reward:    16.81 | Episode steps:   41 | Average reward:    12.56 | Step Count: 24314 | Episode Q0:     2.70
Episode: 326/7000 | Episode reward:     5.42 | Episode steps:   54 | Average reward:    12.11 | Step Count: 24368 | Episode Q0:     2.70
Episode: 327/7000 | Episode reward:    14.94 | Episode steps:   76 | Average reward:    13.23 | Step Count: 24444 | Episode Q0:     2.70
Episode: 328/7000 | Episode reward:    20.00 | Episode steps:   69 | Average reward:    15.81 | Step Count: 24513 | Episode Q0:     2.70
Episode: 329/7000 | Episode reward:     0.92 | Episode steps:   30 | Average reward:    14.27 | Step Count: 24543 | Episode Q0:     2.70
Episode: 330/7000 | Episode reward:    29.91 | Episode steps:   58 | Average reward:    18.14 | Step Count: 24601 | Episode Q0:     2.70
Episode: 331/7000 | Episode reward:    15.09 | Episode steps:   39 | Average reward:    18.57 | Step Count: 24640 | Episode Q0:     2.70
Episode: 332/7000 | Episode reward:    -4.97 | Episode steps:   45 | Average reward:    15.67 | Step Count: 24685 | Episode Q0:     2.70
Episode: 333/7000 | Episode reward:    30.23 | Episode steps:   62 | Average reward:    15.70 | Step Count: 24747 | Episode Q0:     2.70
Episode: 334/7000 | Episode reward:    -7.16 | Episode steps:   68 | Average reward:    12.12 | Step Count: 24815 | Episode Q0:     2.70
Episode: 335/7000 | Episode reward:    34.35 | Episode steps:   81 | Average reward:    13.87 | Step Count: 24896 | Episode Q0:     2.70
Episode: 336/7000 | Episode reward:     2.27 | Episode steps:   44 | Average reward:    13.56 | Step Count: 24940 | Episode Q0:     2.70
Episode: 337/7000 | Episode reward:    23.77 | Episode steps:   56 | Average reward:    14.44 | Step Count: 24996 | Episode Q0:     2.70
Episode: 338/7000 | Episode reward:    -1.71 | Episode steps:   64 | Average reward:    12.27 | Step Count: 25060 | Episode Q0:     2.70
Episode: 339/7000 | Episode reward:    16.47 | Episode steps:   53 | Average reward:    13.82 | Step Count: 25113 | Episode Q0:     2.70
Episode: 340/7000 | Episode reward:     2.35 | Episode steps:   42 | Average reward:    11.07 | Step Count: 25155 | Episode Q0:     2.70
Episode: 341/7000 | Episode reward:     9.65 | Episode steps:   67 | Average reward:    10.53 | Step Count: 25222 | Episode Q0:     2.70
Episode: 342/7000 | Episode reward:   -12.99 | Episode steps:   56 | Average reward:     9.72 | Step Count: 25278 | Episode Q0:     2.70
Episode: 343/7000 | Episode reward:    33.40 | Episode steps:   71 | Average reward:    10.04 | Step Count: 25349 | Episode Q0:     2.70
Episode: 344/7000 | Episode reward:   -21.22 | Episode steps:   51 | Average reward:     8.63 | Step Count: 25400 | Episode Q0:     2.70
Episode: 345/7000 | Episode reward:    22.03 | Episode steps:   62 | Average reward:     7.40 | Step Count: 25462 | Episode Q0:     2.70
Episode: 346/7000 | Episode reward:    -2.77 | Episode steps:   58 | Average reward:     6.90 | Step Count: 25520 | Episode Q0:     2.70
Episode: 347/7000 | Episode reward:    10.84 | Episode steps:   75 | Average reward:     5.61 | Step Count: 25595 | Episode Q0:     2.70
Episode: 348/7000 | Episode reward:    12.99 | Episode steps:   63 | Average reward:     7.08 | Step Count: 25658 | Episode Q0:     2.70
Episode: 349/7000 | Episode reward:    33.50 | Episode steps:   79 | Average reward:     8.78 | Step Count: 25737 | Episode Q0:     2.70
Episode: 350/7000 | Episode reward:    21.80 | Episode steps:   53 | Average reward:    10.72 | Step Count: 25790 | Episode Q0:     2.70
Episode: 351/7000 | Episode reward:    21.48 | Episode steps:   54 | Average reward:    11.91 | Step Count: 25844 | Episode Q0:     2.70
Episode: 352/7000 | Episode reward:   -12.43 | Episode steps:   44 | Average reward:    11.96 | Step Count: 25888 | Episode Q0:     2.70
Episode: 353/7000 | Episode reward:     7.99 | Episode steps:   40 | Average reward:     9.42 | Step Count: 25928 | Episode Q0:     2.70
Episode: 354/7000 | Episode reward:    23.04 | Episode steps:   42 | Average reward:    13.85 | Step Count: 25970 | Episode Q0:     2.70
Episode: 355/7000 | Episode reward:    20.87 | Episode steps:   45 | Average reward:    13.73 | Step Count: 26015 | Episode Q0:     2.70
Episode: 356/7000 | Episode reward:    10.13 | Episode steps:   50 | Average reward:    15.02 | Step Count: 26065 | Episode Q0:     2.70
Episode: 357/7000 | Episode reward:     8.13 | Episode steps:   39 | Average reward:    14.75 | Step Count: 26104 | Episode Q0:     2.70
Episode: 358/7000 | Episode reward:    -9.60 | Episode steps:   41 | Average reward:    12.49 | Step Count: 26145 | Episode Q0:     2.70
Episode: 359/7000 | Episode reward:    24.76 | Episode steps:   57 | Average reward:    11.62 | Step Count: 26202 | Episode Q0:     2.70
Episode: 360/7000 | Episode reward:     3.70 | Episode steps:   65 | Average reward:     9.81 | Step Count: 26267 | Episode Q0:     2.70
Episode: 361/7000 | Episode reward:    10.75 | Episode steps:   72 | Average reward:     8.73 | Step Count: 26339 | Episode Q0:     2.70
Episode: 362/7000 | Episode reward:    10.06 | Episode steps:   43 | Average reward:    10.98 | Step Count: 26382 | Episode Q0:     2.70
Episode: 363/7000 | Episode reward:   -13.45 | Episode steps:   52 | Average reward:     8.84 | Step Count: 26434 | Episode Q0:     2.70
Episode: 364/7000 | Episode reward:    15.26 | Episode steps:   57 | Average reward:     8.06 | Step Count: 26491 | Episode Q0:     3.13
Episode: 365/7000 | Episode reward:    10.72 | Episode steps:   45 | Average reward:     7.05 | Step Count: 26536 | Episode Q0:     3.13
Episode: 366/7000 | Episode reward:    28.53 | Episode steps:   62 | Average reward:     8.89 | Step Count: 26598 | Episode Q0:     3.13
Episode: 367/7000 | Episode reward:    19.83 | Episode steps:   68 | Average reward:    10.06 | Step Count: 26666 | Episode Q0:     3.13
Episode: 368/7000 | Episode reward:    18.61 | Episode steps:   63 | Average reward:    12.88 | Step Count: 26729 | Episode Q0:     3.13
Episode: 369/7000 | Episode reward:   -13.17 | Episode steps:   44 | Average reward:     9.08 | Step Count: 26773 | Episode Q0:     3.13
Episode: 370/7000 | Episode reward:    14.38 | Episode steps:   34 | Average reward:    10.15 | Step Count: 26807 | Episode Q0:     3.13
Episode: 371/7000 | Episode reward:    30.36 | Episode steps:   67 | Average reward:    12.11 | Step Count: 26874 | Episode Q0:     3.13
Episode: 372/7000 | Episode reward:    -5.00 | Episode steps:   43 | Average reward:    10.61 | Step Count: 26917 | Episode Q0:     3.13
Episode: 373/7000 | Episode reward:    14.33 | Episode steps:   73 | Average reward:    13.39 | Step Count: 26990 | Episode Q0:     3.13
Episode: 374/7000 | Episode reward:    29.70 | Episode steps:   61 | Average reward:    14.83 | Step Count: 27051 | Episode Q0:     3.13
Episode: 375/7000 | Episode reward:    10.04 | Episode steps:   38 | Average reward:    14.76 | Step Count: 27089 | Episode Q0:     3.13
Episode: 376/7000 | Episode reward:     3.59 | Episode steps:   52 | Average reward:    12.27 | Step Count: 27141 | Episode Q0:     3.13
Episode: 377/7000 | Episode reward:    24.15 | Episode steps:   76 | Average reward:    12.70 | Step Count: 27217 | Episode Q0:     3.13
Episode: 378/7000 | Episode reward:    -1.96 | Episode steps:   57 | Average reward:    10.64 | Step Count: 27274 | Episode Q0:     3.13
Episode: 379/7000 | Episode reward:    22.65 | Episode steps:   49 | Average reward:    14.22 | Step Count: 27323 | Episode Q0:     3.13
Episode: 380/7000 | Episode reward:    24.00 | Episode steps:   64 | Average reward:    15.19 | Step Count: 27387 | Episode Q0:     3.13
Episode: 381/7000 | Episode reward:    -5.91 | Episode steps:   62 | Average reward:    11.56 | Step Count: 27449 | Episode Q0:     3.13
Episode: 382/7000 | Episode reward:    29.95 | Episode steps:   73 | Average reward:    15.05 | Step Count: 27522 | Episode Q0:     3.13
Episode: 383/7000 | Episode reward:   -13.14 | Episode steps:   43 | Average reward:    12.31 | Step Count: 27565 | Episode Q0:     3.13
Episode: 384/7000 | Episode reward:     9.12 | Episode steps:   79 | Average reward:    10.25 | Step Count: 27644 | Episode Q0:     3.13
Episode: 385/7000 | Episode reward:    20.20 | Episode steps:   51 | Average reward:    11.26 | Step Count: 27695 | Episode Q0:     3.13
Episode: 386/7000 | Episode reward:    19.97 | Episode steps:   69 | Average reward:    12.90 | Step Count: 27764 | Episode Q0:     3.13
Episode: 387/7000 | Episode reward:    11.37 | Episode steps:   41 | Average reward:    11.63 | Step Count: 27805 | Episode Q0:     3.13
Episode: 388/7000 | Episode reward:    -3.70 | Episode steps:   77 | Average reward:    11.45 | Step Count: 27882 | Episode Q0:     3.13
Episode: 389/7000 | Episode reward:    21.50 | Episode steps:   84 | Average reward:    11.34 | Step Count: 27966 | Episode Q0:     3.13
Episode: 390/7000 | Episode reward:    30.34 | Episode steps:   55 | Average reward:    11.97 | Step Count: 28021 | Episode Q0:     3.13
Episode: 391/7000 | Episode reward:    14.83 | Episode steps:   79 | Average reward:    14.04 | Step Count: 28100 | Episode Q0:     3.13
Episode: 392/7000 | Episode reward:   -27.65 | Episode steps:   55 | Average reward:     8.28 | Step Count: 28155 | Episode Q0:     3.13
Episode: 393/7000 | Episode reward:    20.49 | Episode steps:   61 | Average reward:    11.65 | Step Count: 28216 | Episode Q0:     3.13
Episode: 394/7000 | Episode reward:     1.26 | Episode steps:   73 | Average reward:    10.86 | Step Count: 28289 | Episode Q0:     3.13
Episode: 395/7000 | Episode reward:    12.94 | Episode steps:   64 | Average reward:    10.14 | Step Count: 28353 | Episode Q0:     3.13
Episode: 396/7000 | Episode reward:    20.17 | Episode steps:   56 | Average reward:    10.16 | Step Count: 28409 | Episode Q0:     3.13
Episode: 397/7000 | Episode reward:    33.73 | Episode steps:   79 | Average reward:    12.39 | Step Count: 28488 | Episode Q0:     3.13
Episode: 398/7000 | Episode reward:    25.93 | Episode steps:   76 | Average reward:    15.35 | Step Count: 28564 | Episode Q0:     3.13
Episode: 399/7000 | Episode reward:    25.28 | Episode steps:   74 | Average reward:    15.73 | Step Count: 28638 | Episode Q0:     3.13
Episode: 400/7000 | Episode reward:     6.78 | Episode steps:   79 | Average reward:    13.38 | Step Count: 28717 | Episode Q0:     3.13
Episode: 401/7000 | Episode reward:    -2.92 | Episode steps:   72 | Average reward:    11.60 | Step Count: 28789 | Episode Q0:     3.13
Episode: 402/7000 | Episode reward:    24.54 | Episode steps:   77 | Average reward:    16.82 | Step Count: 28866 | Episode Q0:     3.60
Episode: 403/7000 | Episode reward:    20.65 | Episode steps:   63 | Average reward:    16.84 | Step Count: 28929 | Episode Q0:     3.60
Episode: 404/7000 | Episode reward:    25.88 | Episode steps:   46 | Average reward:    19.30 | Step Count: 28975 | Episode Q0:     3.60
Episode: 405/7000 | Episode reward:    -1.13 | Episode steps:   71 | Average reward:    17.89 | Step Count: 29046 | Episode Q0:     3.60
Episode: 406/7000 | Episode reward:    39.38 | Episode steps:   75 | Average reward:    19.81 | Step Count: 29121 | Episode Q0:     3.60
Episode: 407/7000 | Episode reward:    18.13 | Episode steps:   42 | Average reward:    18.25 | Step Count: 29163 | Episode Q0:     3.60
Episode: 408/7000 | Episode reward:     4.86 | Episode steps:   62 | Average reward:    16.14 | Step Count: 29225 | Episode Q0:     3.60
Episode: 409/7000 | Episode reward:    33.36 | Episode steps:   56 | Average reward:    16.95 | Step Count: 29281 | Episode Q0:     3.60
Episode: 410/7000 | Episode reward:   -14.89 | Episode steps:   62 | Average reward:    14.79 | Step Count: 29343 | Episode Q0:     3.60
Episode: 411/7000 | Episode reward:    31.01 | Episode steps:   75 | Average reward:    18.18 | Step Count: 29418 | Episode Q0:     3.60
Episode: 412/7000 | Episode reward:    34.51 | Episode steps:   79 | Average reward:    19.18 | Step Count: 29497 | Episode Q0:     3.60
Episode: 413/7000 | Episode reward:    37.92 | Episode steps:   81 | Average reward:    20.90 | Step Count: 29578 | Episode Q0:     3.60
Episode: 414/7000 | Episode reward:    14.38 | Episode steps:   44 | Average reward:    19.75 | Step Count: 29622 | Episode Q0:     3.60
Episode: 415/7000 | Episode reward:    16.58 | Episode steps:   77 | Average reward:    21.53 | Step Count: 29699 | Episode Q0:     3.60
Episode: 416/7000 | Episode reward:    29.58 | Episode steps:   65 | Average reward:    20.55 | Step Count: 29764 | Episode Q0:     3.60
Episode: 417/7000 | Episode reward:    22.72 | Episode steps:   56 | Average reward:    21.00 | Step Count: 29820 | Episode Q0:     3.60
Episode: 418/7000 | Episode reward:    35.24 | Episode steps:   65 | Average reward:    24.04 | Step Count: 29885 | Episode Q0:     3.60
Episode: 419/7000 | Episode reward:    20.80 | Episode steps:   61 | Average reward:    22.79 | Step Count: 29946 | Episode Q0:     3.60
Episode: 420/7000 | Episode reward:    27.34 | Episode steps:   65 | Average reward:    27.01 | Step Count: 30011 | Episode Q0:     3.60
Episode: 421/7000 | Episode reward:    25.39 | Episode steps:   83 | Average reward:    26.45 | Step Count: 30094 | Episode Q0:     3.60
Episode: 422/7000 | Episode reward:    30.85 | Episode steps:   81 | Average reward:    26.08 | Step Count: 30175 | Episode Q0:     3.60
Episode: 423/7000 | Episode reward:    11.26 | Episode steps:   79 | Average reward:    23.41 | Step Count: 30254 | Episode Q0:     3.60
Episode: 424/7000 | Episode reward:    28.44 | Episode steps:   63 | Average reward:    24.82 | Step Count: 30317 | Episode Q0:     3.60
Episode: 425/7000 | Episode reward:    15.83 | Episode steps:   83 | Average reward:    24.75 | Step Count: 30400 | Episode Q0:     3.60
Episode: 426/7000 | Episode reward:    46.91 | Episode steps:   72 | Average reward:    26.48 | Step Count: 30472 | Episode Q0:     3.60
Episode: 427/7000 | Episode reward:     2.12 | Episode steps:   46 | Average reward:    24.42 | Step Count: 30518 | Episode Q0:     3.60
Episode: 428/7000 | Episode reward:    24.79 | Episode steps:   68 | Average reward:    23.37 | Step Count: 30586 | Episode Q0:     3.60
Episode: 429/7000 | Episode reward:    11.76 | Episode steps:   55 | Average reward:    22.47 | Step Count: 30641 | Episode Q0:     3.60
Episode: 430/7000 | Episode reward:    -5.60 | Episode steps:   45 | Average reward:    19.18 | Step Count: 30686 | Episode Q0:     3.60
Episode: 431/7000 | Episode reward:     9.91 | Episode steps:   68 | Average reward:    17.63 | Step Count: 30754 | Episode Q0:     3.60
Episode: 432/7000 | Episode reward:    -1.24 | Episode steps:   44 | Average reward:    14.42 | Step Count: 30798 | Episode Q0:     3.60
Episode: 433/7000 | Episode reward:    21.92 | Episode steps:   58 | Average reward:    15.48 | Step Count: 30856 | Episode Q0:     3.60
Episode: 434/7000 | Episode reward:    28.04 | Episode steps:   49 | Average reward:    15.44 | Step Count: 30905 | Episode Q0:     3.60
Episode: 435/7000 | Episode reward:    24.32 | Episode steps:   62 | Average reward:    16.29 | Step Count: 30967 | Episode Q0:     3.60
Episode: 436/7000 | Episode reward:    36.74 | Episode steps:   57 | Average reward:    15.28 | Step Count: 31024 | Episode Q0:     3.60
Episode: 437/7000 | Episode reward:     9.43 | Episode steps:   54 | Average reward:    16.01 | Step Count: 31078 | Episode Q0:     3.60
Episode: 438/7000 | Episode reward:    14.30 | Episode steps:   43 | Average reward:    14.96 | Step Count: 31121 | Episode Q0:     3.60
Episode: 439/7000 | Episode reward:    20.42 | Episode steps:   48 | Average reward:    15.82 | Step Count: 31169 | Episode Q0:     3.60
Episode: 440/7000 | Episode reward:    -0.89 | Episode steps:   87 | Average reward:    16.29 | Step Count: 31256 | Episode Q0:     4.19
Episode: 441/7000 | Episode reward:    24.53 | Episode steps:   75 | Average reward:    17.76 | Step Count: 31331 | Episode Q0:     4.19
Episode: 442/7000 | Episode reward:    56.13 | Episode steps:   89 | Average reward:    23.49 | Step Count: 31420 | Episode Q0:     4.19
Episode: 443/7000 | Episode reward:    27.79 | Episode steps:   72 | Average reward:    24.08 | Step Count: 31492 | Episode Q0:     4.19
Episode: 444/7000 | Episode reward:   -10.50 | Episode steps:   67 | Average reward:    20.23 | Step Count: 31559 | Episode Q0:     4.19
Episode: 445/7000 | Episode reward:    36.19 | Episode steps:   75 | Average reward:    21.41 | Step Count: 31634 | Episode Q0:     4.19
Episode: 446/7000 | Episode reward:    16.96 | Episode steps:   97 | Average reward:    19.44 | Step Count: 31731 | Episode Q0:     4.19
Episode: 447/7000 | Episode reward:    50.52 | Episode steps:  104 | Average reward:    23.54 | Step Count: 31835 | Episode Q0:     4.19
Episode: 448/7000 | Episode reward:    84.60 | Episode steps:  132 | Average reward:    30.57 | Step Count: 31967 | Episode Q0:     4.19
Episode: 449/7000 | Episode reward:    31.04 | Episode steps:  141 | Average reward:    31.64 | Step Count: 32108 | Episode Q0:     4.19
Episode: 450/7000 | Episode reward:    33.02 | Episode steps:   70 | Average reward:    35.03 | Step Count: 32178 | Episode Q0:     4.19
Episode: 451/7000 | Episode reward:    33.39 | Episode steps:  115 | Average reward:    35.91 | Step Count: 32293 | Episode Q0:     4.19
Episode: 452/7000 | Episode reward:    30.92 | Episode steps:   87 | Average reward:    33.39 | Step Count: 32380 | Episode Q0:     4.19
Episode: 453/7000 | Episode reward:    42.54 | Episode steps:  105 | Average reward:    34.87 | Step Count: 32485 | Episode Q0:     4.19
Episode: 454/7000 | Episode reward:    25.70 | Episode steps:  118 | Average reward:    38.49 | Step Count: 32603 | Episode Q0:     4.19
Episode: 455/7000 | Episode reward:    23.08 | Episode steps:   90 | Average reward:    37.18 | Step Count: 32693 | Episode Q0:     4.19
Episode: 456/7000 | Episode reward:    17.74 | Episode steps:   90 | Average reward:    37.25 | Step Count: 32783 | Episode Q0:     4.19
Episode: 457/7000 | Episode reward:    22.48 | Episode steps:  111 | Average reward:    34.45 | Step Count: 32894 | Episode Q0:     4.19
Episode: 458/7000 | Episode reward:    -1.30 | Episode steps:   72 | Average reward:    25.86 | Step Count: 32966 | Episode Q0:     4.19
Episode: 459/7000 | Episode reward:    24.25 | Episode steps:   88 | Average reward:    25.18 | Step Count: 33054 | Episode Q0:     4.19
Episode: 460/7000 | Episode reward:    18.40 | Episode steps:   42 | Average reward:    23.72 | Step Count: 33096 | Episode Q0:     4.19
Episode: 461/7000 | Episode reward:    30.92 | Episode steps:   51 | Average reward:    23.47 | Step Count: 33147 | Episode Q0:     4.19
Episode: 462/7000 | Episode reward:    33.14 | Episode steps:   81 | Average reward:    23.69 | Step Count: 33228 | Episode Q0:     4.19
Episode: 463/7000 | Episode reward:    20.67 | Episode steps:   66 | Average reward:    21.51 | Step Count: 33294 | Episode Q0:     4.19
Episode: 464/7000 | Episode reward:    20.60 | Episode steps:   77 | Average reward:    21.00 | Step Count: 33371 | Episode Q0:     4.19
Episode: 465/7000 | Episode reward:    33.98 | Episode steps:   81 | Average reward:    22.09 | Step Count: 33452 | Episode Q0:     4.19
Episode: 466/7000 | Episode reward:     1.11 | Episode steps:   61 | Average reward:    20.43 | Step Count: 33513 | Episode Q0:     4.19
Episode: 467/7000 | Episode reward:    49.71 | Episode steps:  102 | Average reward:    23.15 | Step Count: 33615 | Episode Q0:     4.19
Episode: 468/7000 | Episode reward:    35.10 | Episode steps:  108 | Average reward:    26.79 | Step Count: 33723 | Episode Q0:     4.19
Episode: 469/7000 | Episode reward:    16.27 | Episode steps:   84 | Average reward:    25.99 | Step Count: 33807 | Episode Q0:     4.19
Episode: 470/7000 | Episode reward:    43.20 | Episode steps:  103 | Average reward:    28.47 | Step Count: 33910 | Episode Q0:     4.19
Episode: 471/7000 | Episode reward:    23.56 | Episode steps:   56 | Average reward:    27.73 | Step Count: 33966 | Episode Q0:     4.19
Episode: 472/7000 | Episode reward:    11.90 | Episode steps:   44 | Average reward:    25.61 | Step Count: 34010 | Episode Q0:     4.19
Episode: 473/7000 | Episode reward:    25.69 | Episode steps:   91 | Average reward:    26.11 | Step Count: 34101 | Episode Q0:     4.19
Episode: 474/7000 | Episode reward:    49.68 | Episode steps:  105 | Average reward:    29.02 | Step Count: 34206 | Episode Q0:     4.19
Episode: 475/7000 | Episode reward:    14.63 | Episode steps:   67 | Average reward:    27.08 | Step Count: 34273 | Episode Q0:     4.19
Episode: 476/7000 | Episode reward:    33.15 | Episode steps:   69 | Average reward:    30.29 | Step Count: 34342 | Episode Q0:     4.19
Episode: 477/7000 | Episode reward:    37.81 | Episode steps:   92 | Average reward:    29.10 | Step Count: 34434 | Episode Q0:     4.19
Episode: 478/7000 | Episode reward:    14.50 | Episode steps:   44 | Average reward:    27.04 | Step Count: 34478 | Episode Q0:     4.19
Episode: 479/7000 | Episode reward:     7.82 | Episode steps:   40 | Average reward:    26.19 | Step Count: 34518 | Episode Q0:     4.78
Episode: 480/7000 | Episode reward:    36.95 | Episode steps:   77 | Average reward:    25.57 | Step Count: 34595 | Episode Q0:     4.78
Episode: 481/7000 | Episode reward:    18.70 | Episode steps:   90 | Average reward:    25.08 | Step Count: 34685 | Episode Q0:     4.78
Episode: 482/7000 | Episode reward:    28.78 | Episode steps:   52 | Average reward:    26.77 | Step Count: 34737 | Episode Q0:     4.78
Episode: 483/7000 | Episode reward:    21.76 | Episode steps:  120 | Average reward:    26.38 | Step Count: 34857 | Episode Q0:     4.78
Episode: 484/7000 | Episode reward:    82.16 | Episode steps:  134 | Average reward:    29.63 | Step Count: 34991 | Episode Q0:     4.78
Episode: 485/7000 | Episode reward:   117.99 | Episode steps:  251 | Average reward:    39.96 | Step Count: 35242 | Episode Q0:     4.78
Episode: 486/7000 | Episode reward:   173.53 | Episode steps:  341 | Average reward:    54.00 | Step Count: 35583 | Episode Q0:     4.78
Episode: 487/7000 | Episode reward:    70.12 | Episode steps:  119 | Average reward:    57.23 | Step Count: 35702 | Episode Q0:     4.78
Episode: 488/7000 | Episode reward:   125.46 | Episode steps:  258 | Average reward:    68.33 | Step Count: 35960 | Episode Q0:     4.78
Episode: 489/7000 | Episode reward:   108.75 | Episode steps:  311 | Average reward:    78.42 | Step Count: 36271 | Episode Q0:     4.78
Episode: 490/7000 | Episode reward:   144.46 | Episode steps:  326 | Average reward:    89.17 | Step Count: 36597 | Episode Q0:     4.78
Episode: 491/7000 | Episode reward:    34.52 | Episode steps:  115 | Average reward:    90.75 | Step Count: 36712 | Episode Q0:     4.78
Episode: 492/7000 | Episode reward:   137.12 | Episode steps:  387 | Average reward:   101.59 | Step Count: 37099 | Episode Q0:     4.78
Episode: 493/7000 | Episode reward:   161.49 | Episode steps:  301 | Average reward:   115.56 | Step Count: 37400 | Episode Q0:     4.78
Episode: 494/7000 | Episode reward:    39.80 | Episode steps:   99 | Average reward:   111.32 | Step Count: 37499 | Episode Q0:     4.78
Episode: 495/7000 | Episode reward:    96.78 | Episode steps:  304 | Average reward:   109.20 | Step Count: 37803 | Episode Q0:     4.78
Episode: 496/7000 | Episode reward:    58.83 | Episode steps:  206 | Average reward:    97.73 | Step Count: 38009 | Episode Q0:     4.78
Episode: 497/7000 | Episode reward:    32.66 | Episode steps:   59 | Average reward:    93.99 | Step Count: 38068 | Episode Q0:     4.78
Episode: 498/7000 | Episode reward:   181.92 | Episode steps:  244 | Average reward:    99.63 | Step Count: 38312 | Episode Q0:     4.78
Episode: 499/7000 | Episode reward:   114.01 | Episode steps:  263 | Average reward:   100.16 | Step Count: 38575 | Episode Q0:     4.78
Episode: 500/7000 | Episode reward:    81.59 | Episode steps:  146 | Average reward:    93.87 | Step Count: 38721 | Episode Q0:     4.78
Episode: 501/7000 | Episode reward:   141.00 | Episode steps:  392 | Average reward:   104.52 | Step Count: 39113 | Episode Q0:     4.78
Episode: 502/7000 | Episode reward:   218.44 | Episode steps:  422 | Average reward:   112.65 | Step Count: 39535 | Episode Q0:     4.78
Episode: 503/7000 | Episode reward:   122.73 | Episode steps:  297 | Average reward:   108.77 | Step Count: 39832 | Episode Q0:     4.78
Episode: 504/7000 | Episode reward:    69.18 | Episode steps:  113 | Average reward:   111.71 | Step Count: 39945 | Episode Q0:     4.78
Episode: 505/7000 | Episode reward:    82.06 | Episode steps:  133 | Average reward:   110.24 | Step Count: 40078 | Episode Q0:     4.78
Episode: 506/7000 | Episode reward:    78.25 | Episode steps:  131 | Average reward:   112.18 | Step Count: 40209 | Episode Q0:     4.78
Episode: 507/7000 | Episode reward:    78.51 | Episode steps:  220 | Average reward:   116.77 | Step Count: 40429 | Episode Q0:     4.78
Episode: 508/7000 | Episode reward:   121.50 | Episode steps:  375 | Average reward:   110.73 | Step Count: 40804 | Episode Q0:     4.78
Episode: 509/7000 | Episode reward:   373.57 | Episode steps:  922 | Average reward:   136.68 | Step Count: 41726 | Episode Q0:     4.78
Episode: 510/7000 | Episode reward:   121.78 | Episode steps:  171 | Average reward:   140.70 | Step Count: 41897 | Episode Q0:     4.78
Episode: 511/7000 | Episode reward:   359.45 | Episode steps:  781 | Average reward:   162.55 | Step Count: 42678 | Episode Q0:     5.52
Episode: 512/7000 | Episode reward:   177.99 | Episode steps:  383 | Average reward:   158.50 | Step Count: 43061 | Episode Q0:     5.52
Episode: 513/7000 | Episode reward:   122.88 | Episode steps:  255 | Average reward:   158.52 | Step Count: 43316 | Episode Q0:     5.52
Episode: 514/7000 | Episode reward:    45.47 | Episode steps:   85 | Average reward:   156.15 | Step Count: 43401 | Episode Q0:     5.52
Episode: 515/7000 | Episode reward:   192.59 | Episode steps:  384 | Average reward:   167.20 | Step Count: 43785 | Episode Q0:     5.52
Episode: 516/7000 | Episode reward:    53.76 | Episode steps:  101 | Average reward:   164.75 | Step Count: 43886 | Episode Q0:     5.52
Episode: 517/7000 | Episode reward:    35.09 | Episode steps:  168 | Average reward:   160.41 | Step Count: 44054 | Episode Q0:     5.52
Episode: 518/7000 | Episode reward:    67.00 | Episode steps:  104 | Average reward:   154.96 | Step Count: 44158 | Episode Q0:     5.52
Episode: 519/7000 | Episode reward:   112.58 | Episode steps:  272 | Average reward:   128.86 | Step Count: 44430 | Episode Q0:     5.52
Episode: 520/7000 | Episode reward:    28.65 | Episode steps:   95 | Average reward:   119.55 | Step Count: 44525 | Episode Q0:     5.52
Episode: 521/7000 | Episode reward:   101.65 | Episode steps:  151 | Average reward:    93.77 | Step Count: 44676 | Episode Q0:     5.52
Episode: 522/7000 | Episode reward:   144.24 | Episode steps:  365 | Average reward:    90.39 | Step Count: 45041 | Episode Q0:     5.52
Episode: 523/7000 | Episode reward:   294.88 | Episode steps:  661 | Average reward:   107.59 | Step Count: 45702 | Episode Q0:     5.52
Episode: 524/7000 | Episode reward:   188.83 | Episode steps:  575 | Average reward:   121.93 | Step Count: 46277 | Episode Q0:     5.52
Episode: 525/7000 | Episode reward:    43.23 | Episode steps:  168 | Average reward:   106.99 | Step Count: 46445 | Episode Q0:     5.52
Episode: 526/7000 | Episode reward:    54.75 | Episode steps:   90 | Average reward:   107.09 | Step Count: 46535 | Episode Q0:     5.52
Episode: 527/7000 | Episode reward:    49.41 | Episode steps:  170 | Average reward:   108.52 | Step Count: 46705 | Episode Q0:     5.52
Episode: 528/7000 | Episode reward:   117.93 | Episode steps:  269 | Average reward:   113.61 | Step Count: 46974 | Episode Q0:     5.52
Episode: 529/7000 | Episode reward:   123.32 | Episode steps:  389 | Average reward:   114.69 | Step Count: 47363 | Episode Q0:     5.52
Episode: 530/7000 | Episode reward:    91.50 | Episode steps:  127 | Average reward:   120.97 | Step Count: 47490 | Episode Q0:     5.52
Episode: 531/7000 | Episode reward:    70.93 | Episode steps:  100 | Average reward:   117.90 | Step Count: 47590 | Episode Q0:     5.52
Episode: 532/7000 | Episode reward:    22.24 | Episode steps:  131 | Average reward:   105.70 | Step Count: 47721 | Episode Q0:     5.52
Episode: 533/7000 | Episode reward:    61.31 | Episode steps:  106 | Average reward:    82.34 | Step Count: 47827 | Episode Q0:     5.52
Episode: 534/7000 | Episode reward:    53.18 | Episode steps:   89 | Average reward:    68.78 | Step Count: 47916 | Episode Q0:     5.52
Episode: 535/7000 | Episode reward:    66.42 | Episode steps:  418 | Average reward:    71.10 | Step Count: 48334 | Episode Q0:     5.52
Episode: 536/7000 | Episode reward:    24.65 | Episode steps:   81 | Average reward:    68.09 | Step Count: 48415 | Episode Q0:     5.52
Episode: 537/7000 | Episode reward:   141.12 | Episode steps:  304 | Average reward:    77.26 | Step Count: 48719 | Episode Q0:     5.52
Episode: 538/7000 | Episode reward:    55.57 | Episode steps:  172 | Average reward:    71.02 | Step Count: 48891 | Episode Q0:     5.52
Episode: 539/7000 | Episode reward:    66.34 | Episode steps:  207 | Average reward:    65.33 | Step Count: 49098 | Episode Q0:     5.52
Episode: 540/7000 | Episode reward:    24.07 | Episode steps:  123 | Average reward:    58.58 | Step Count: 49221 | Episode Q0:     5.52
Episode: 541/7000 | Episode reward:   127.21 | Episode steps:  162 | Average reward:    64.21 | Step Count: 49383 | Episode Q0:     5.52
Episode: 542/7000 | Episode reward:    30.15 | Episode steps:  127 | Average reward:    65.00 | Step Count: 49510 | Episode Q0:     5.52
Episode: 543/7000 | Episode reward:   124.94 | Episode steps:  170 | Average reward:    71.36 | Step Count: 49680 | Episode Q0:     5.52
Episode: 544/7000 | Episode reward:    38.75 | Episode steps:  152 | Average reward:    69.92 | Step Count: 49832 | Episode Q0:     5.52
Episode: 545/7000 | Episode reward:    33.34 | Episode steps:   92 | Average reward:    66.61 | Step Count: 49924 | Episode Q0:     5.52
Episode: 546/7000 | Episode reward:    89.60 | Episode steps:  114 | Average reward:    73.11 | Step Count: 50038 | Episode Q0:     5.52
Episode: 547/7000 | Episode reward:    54.93 | Episode steps:   94 | Average reward:    64.49 | Step Count: 50132 | Episode Q0:     5.52
Episode: 548/7000 | Episode reward:    20.52 | Episode steps:  125 | Average reward:    60.98 | Step Count: 50257 | Episode Q0:     6.38
Episode: 549/7000 | Episode reward:   130.00 | Episode steps:  405 | Average reward:    67.35 | Step Count: 50662 | Episode Q0:     6.38
Episode: 550/7000 | Episode reward:    43.58 | Episode steps:  190 | Average reward:    69.30 | Step Count: 50852 | Episode Q0:     6.38
Episode: 551/7000 | Episode reward:   146.99 | Episode steps:  284 | Average reward:    71.28 | Step Count: 51136 | Episode Q0:     6.38
Episode: 552/7000 | Episode reward:    50.59 | Episode steps:  173 | Average reward:    73.32 | Step Count: 51309 | Episode Q0:     6.38
Episode: 553/7000 | Episode reward:    45.63 | Episode steps:  128 | Average reward:    65.39 | Step Count: 51437 | Episode Q0:     6.38
Episode: 554/7000 | Episode reward:   -20.12 | Episode steps:  216 | Average reward:    59.50 | Step Count: 51653 | Episode Q0:     6.38
Episode: 555/7000 | Episode reward:   177.39 | Episode steps:  320 | Average reward:    73.91 | Step Count: 51973 | Episode Q0:     6.38
Episode: 556/7000 | Episode reward:   106.99 | Episode steps:  269 | Average reward:    75.65 | Step Count: 52242 | Episode Q0:     6.38
Episode: 557/7000 | Episode reward:   104.69 | Episode steps:  331 | Average reward:    80.63 | Step Count: 52573 | Episode Q0:     6.38
Episode: 558/7000 | Episode reward:   200.23 | Episode steps:  338 | Average reward:    98.60 | Step Count: 52911 | Episode Q0:     6.38
Episode: 559/7000 | Episode reward:    19.74 | Episode steps:  117 | Average reward:    87.57 | Step Count: 53028 | Episode Q0:     6.38
Episode: 560/7000 | Episode reward:   192.93 | Episode steps:  345 | Average reward:   102.51 | Step Count: 53373 | Episode Q0:     6.38
Episode: 561/7000 | Episode reward:   140.37 | Episode steps:  183 | Average reward:   101.84 | Step Count: 53556 | Episode Q0:     6.38
Episode: 562/7000 | Episode reward:   208.32 | Episode steps:  507 | Average reward:   117.62 | Step Count: 54063 | Episode Q0:     6.38
Episode: 563/7000 | Episode reward:    49.63 | Episode steps:   83 | Average reward:   118.02 | Step Count: 54146 | Episode Q0:     6.38
Episode: 564/7000 | Episode reward:   215.75 | Episode steps:  532 | Average reward:   141.60 | Step Count: 54678 | Episode Q0:     6.38
Episode: 565/7000 | Episode reward:   201.37 | Episode steps:  444 | Average reward:   144.00 | Step Count: 55122 | Episode Q0:     6.38
Episode: 566/7000 | Episode reward:    24.06 | Episode steps:  113 | Average reward:   135.71 | Step Count: 55235 | Episode Q0:     6.38
Episode: 567/7000 | Episode reward:   115.56 | Episode steps:  271 | Average reward:   136.80 | Step Count: 55506 | Episode Q0:     6.38
Episode: 568/7000 | Episode reward:    54.23 | Episode steps:  154 | Average reward:   122.20 | Step Count: 55660 | Episode Q0:     6.38
Episode: 569/7000 | Episode reward:   358.85 | Episode steps:  777 | Average reward:   156.11 | Step Count: 56437 | Episode Q0:     6.38
Episode: 570/7000 | Episode reward:   121.19 | Episode steps:  301 | Average reward:   148.93 | Step Count: 56738 | Episode Q0:     6.38
Episode: 571/7000 | Episode reward:    37.84 | Episode steps:   98 | Average reward:   138.68 | Step Count: 56836 | Episode Q0:     6.38
Episode: 572/7000 | Episode reward:   103.73 | Episode steps:  267 | Average reward:   128.22 | Step Count: 57103 | Episode Q0:     6.38
Episode: 573/7000 | Episode reward:    92.35 | Episode steps:  251 | Average reward:   132.49 | Step Count: 57354 | Episode Q0:     6.38
Episode: 574/7000 | Episode reward:    56.60 | Episode steps:  116 | Average reward:   116.58 | Step Count: 57470 | Episode Q0:     6.38
Episode: 575/7000 | Episode reward:    97.82 | Episode steps:  273 | Average reward:   106.22 | Step Count: 57743 | Episode Q0:     6.38
Episode: 576/7000 | Episode reward:    57.40 | Episode steps:  111 | Average reward:   109.56 | Step Count: 57854 | Episode Q0:     6.38
Episode: 577/7000 | Episode reward:    94.12 | Episode steps:  138 | Average reward:   107.41 | Step Count: 57992 | Episode Q0:     6.38
Episode: 578/7000 | Episode reward:    69.88 | Episode steps:  205 | Average reward:   108.98 | Step Count: 58197 | Episode Q0:     7.28
Episode: 579/7000 | Episode reward:    83.13 | Episode steps:  288 | Average reward:    81.41 | Step Count: 58485 | Episode Q0:     7.28
Episode: 580/7000 | Episode reward:    67.23 | Episode steps:   97 | Average reward:    76.01 | Step Count: 58582 | Episode Q0:     7.28
Episode: 581/7000 | Episode reward:   241.73 | Episode steps:  421 | Average reward:    96.40 | Step Count: 59003 | Episode Q0:     7.28
Episode: 582/7000 | Episode reward:    76.04 | Episode steps:  219 | Average reward:    93.63 | Step Count: 59222 | Episode Q0:     7.28
Episode: 583/7000 | Episode reward:    42.69 | Episode steps:   89 | Average reward:    88.66 | Step Count: 59311 | Episode Q0:     7.28
Episode: 584/7000 | Episode reward:   171.90 | Episode steps:  339 | Average reward:   100.19 | Step Count: 59650 | Episode Q0:     7.28
Episode: 585/7000 | Episode reward:   172.47 | Episode steps:  339 | Average reward:   107.66 | Step Count: 59989 | Episode Q0:     7.28
Episode: 586/7000 | Episode reward:   249.13 | Episode steps:  398 | Average reward:   126.83 | Step Count: 60387 | Episode Q0:     7.28
Episode: 587/7000 | Episode reward:    72.68 | Episode steps:  116 | Average reward:   124.69 | Step Count: 60503 | Episode Q0:     7.28
Episode: 588/7000 | Episode reward:    22.62 | Episode steps:  126 | Average reward:   119.96 | Step Count: 60629 | Episode Q0:     7.28
Episode: 589/7000 | Episode reward:   120.31 | Episode steps:  277 | Average reward:   123.68 | Step Count: 60906 | Episode Q0:     7.28
Episode: 590/7000 | Episode reward:    54.19 | Episode steps:  102 | Average reward:   122.38 | Step Count: 61008 | Episode Q0:     7.28
Episode: 591/7000 | Episode reward:    84.58 | Episode steps:  116 | Average reward:   106.66 | Step Count: 61124 | Episode Q0:     7.28
Episode: 592/7000 | Episode reward:    31.95 | Episode steps:  103 | Average reward:   102.25 | Step Count: 61227 | Episode Q0:     7.28
Episode: 593/7000 | Episode reward:   394.70 | Episode steps:  802 | Average reward:   137.45 | Step Count: 62029 | Episode Q0:     7.28
Episode: 594/7000 | Episode reward:    17.55 | Episode steps:   85 | Average reward:   122.02 | Step Count: 62114 | Episode Q0:     7.28
Episode: 595/7000 | Episode reward:    90.60 | Episode steps:  279 | Average reward:   113.83 | Step Count: 62393 | Episode Q0:     7.28
Episode: 596/7000 | Episode reward:   153.30 | Episode steps:  330 | Average reward:   104.25 | Step Count: 62723 | Episode Q0:     7.28
Episode: 597/7000 | Episode reward:    90.96 | Episode steps:  124 | Average reward:   106.08 | Step Count: 62847 | Episode Q0:     7.28
Episode: 598/7000 | Episode reward:    76.54 | Episode steps:  115 | Average reward:   111.47 | Step Count: 62962 | Episode Q0:     7.28
Episode: 599/7000 | Episode reward:    94.13 | Episode steps:  130 | Average reward:   108.85 | Step Count: 63092 | Episode Q0:     7.28
Episode: 600/7000 | Episode reward:   100.02 | Episode steps:  287 | Average reward:   113.43 | Step Count: 63379 | Episode Q0:     7.28
Episode: 601/7000 | Episode reward:    70.54 | Episode steps:  257 | Average reward:   112.03 | Step Count: 63636 | Episode Q0:     7.28
Episode: 602/7000 | Episode reward:   284.22 | Episode steps:  608 | Average reward:   137.26 | Step Count: 64244 | Episode Q0:     7.28
Episode: 603/7000 | Episode reward:   107.77 | Episode steps:  338 | Average reward:   108.56 | Step Count: 64582 | Episode Q0:     7.28
Episode: 604/7000 | Episode reward:   122.81 | Episode steps:  317 | Average reward:   119.09 | Step Count: 64899 | Episode Q0:     7.28
Episode: 605/7000 | Episode reward:   170.12 | Episode steps:  430 | Average reward:   127.04 | Step Count: 65329 | Episode Q0:     7.28
Episode: 606/7000 | Episode reward:   178.43 | Episode steps:  342 | Average reward:   129.56 | Step Count: 65671 | Episode Q0:     7.28
Episode: 607/7000 | Episode reward:   214.31 | Episode steps:  380 | Average reward:   141.89 | Step Count: 66051 | Episode Q0:     7.28
Episode: 608/7000 | Episode reward:    32.97 | Episode steps:   87 | Average reward:   137.53 | Step Count: 66138 | Episode Q0:     8.47
Episode: 609/7000 | Episode reward:   177.67 | Episode steps:  359 | Average reward:   145.89 | Step Count: 66497 | Episode Q0:     8.47
Episode: 610/7000 | Episode reward:    34.72 | Episode steps:  119 | Average reward:   139.36 | Step Count: 66616 | Episode Q0:     8.47
Episode: 611/7000 | Episode reward:    28.69 | Episode steps:   44 | Average reward:   135.17 | Step Count: 66660 | Episode Q0:     8.47
Episode: 612/7000 | Episode reward:   237.20 | Episode steps:  279 | Average reward:   130.47 | Step Count: 66939 | Episode Q0:     8.47
Episode: 613/7000 | Episode reward:   208.13 | Episode steps:  490 | Average reward:   140.50 | Step Count: 67429 | Episode Q0:     8.47
Episode: 614/7000 | Episode reward:   259.40 | Episode steps:  603 | Average reward:   154.16 | Step Count: 68032 | Episode Q0:     8.47
Episode: 615/7000 | Episode reward:   205.74 | Episode steps:  452 | Average reward:   157.73 | Step Count: 68484 | Episode Q0:     8.47
Episode: 616/7000 | Episode reward:    89.57 | Episode steps:  135 | Average reward:   148.84 | Step Count: 68619 | Episode Q0:     8.47
Episode: 617/7000 | Episode reward:   152.29 | Episode steps:  401 | Average reward:   142.64 | Step Count: 69020 | Episode Q0:     8.47
Episode: 618/7000 | Episode reward:   195.63 | Episode steps:  354 | Average reward:   158.91 | Step Count: 69374 | Episode Q0:     8.47
Episode: 619/7000 | Episode reward:    34.37 | Episode steps:  122 | Average reward:   144.58 | Step Count: 69496 | Episode Q0:     8.47
Episode: 620/7000 | Episode reward:    52.27 | Episode steps:  137 | Average reward:   146.33 | Step Count: 69633 | Episode Q0:     8.47
Episode: 621/7000 | Episode reward:   114.49 | Episode steps:  305 | Average reward:   154.91 | Step Count: 69938 | Episode Q0:     8.47
Episode: 622/7000 | Episode reward:    48.18 | Episode steps:  282 | Average reward:   136.01 | Step Count: 70220 | Episode Q0:     8.47
Episode: 623/7000 | Episode reward:    90.86 | Episode steps:  160 | Average reward:   124.28 | Step Count: 70380 | Episode Q0:     8.47
Episode: 624/7000 | Episode reward:    85.73 | Episode steps:  130 | Average reward:   106.91 | Step Count: 70510 | Episode Q0:     8.47
Episode: 625/7000 | Episode reward:    92.29 | Episode steps:  236 | Average reward:    95.57 | Step Count: 70746 | Episode Q0:     8.47
Episode: 626/7000 | Episode reward:    14.88 | Episode steps:  160 | Average reward:    88.10 | Step Count: 70906 | Episode Q0:     8.47
Episode: 627/7000 | Episode reward:    19.82 | Episode steps:   94 | Average reward:    74.85 | Step Count: 71000 | Episode Q0:     8.47
Episode: 628/7000 | Episode reward:    44.55 | Episode steps:  136 | Average reward:    59.74 | Step Count: 71136 | Episode Q0:     8.47
Episode: 629/7000 | Episode reward:    77.39 | Episode steps:  200 | Average reward:    64.05 | Step Count: 71336 | Episode Q0:     8.47
Episode: 630/7000 | Episode reward:    18.64 | Episode steps:   92 | Average reward:    60.68 | Step Count: 71428 | Episode Q0:     8.47
Episode: 631/7000 | Episode reward:   192.14 | Episode steps:  361 | Average reward:    68.45 | Step Count: 71789 | Episode Q0:     8.47
Episode: 632/7000 | Episode reward:    43.70 | Episode steps:  120 | Average reward:    68.00 | Step Count: 71909 | Episode Q0:     8.47
Episode: 633/7000 | Episode reward:    85.53 | Episode steps:  255 | Average reward:    67.47 | Step Count: 72164 | Episode Q0:     8.47
Episode: 634/7000 | Episode reward:    54.34 | Episode steps:  124 | Average reward:    64.33 | Step Count: 72288 | Episode Q0:     8.47
Episode: 635/7000 | Episode reward:    63.74 | Episode steps:  154 | Average reward:    61.47 | Step Count: 72442 | Episode Q0:     8.47
Episode: 636/7000 | Episode reward:    97.57 | Episode steps:  296 | Average reward:    69.74 | Step Count: 72738 | Episode Q0:     8.47
Episode: 637/7000 | Episode reward:   112.62 | Episode steps:  143 | Average reward:    79.02 | Step Count: 72881 | Episode Q0:     8.47
Episode: 638/7000 | Episode reward:    37.15 | Episode steps:   68 | Average reward:    78.28 | Step Count: 72949 | Episode Q0:     8.47
Episode: 639/7000 | Episode reward:    88.33 | Episode steps:  163 | Average reward:    79.38 | Step Count: 73112 | Episode Q0:     8.47
Episode: 640/7000 | Episode reward:   106.08 | Episode steps:  240 | Average reward:    88.12 | Step Count: 73352 | Episode Q0:     8.47
Episode: 641/7000 | Episode reward:    18.51 | Episode steps:   95 | Average reward:    70.76 | Step Count: 73447 | Episode Q0:     8.47
Episode: 642/7000 | Episode reward:    45.12 | Episode steps:  119 | Average reward:    70.90 | Step Count: 73566 | Episode Q0:     8.47
Episode: 643/7000 | Episode reward:    79.55 | Episode steps:  152 | Average reward:    70.30 | Step Count: 73718 | Episode Q0:     8.47
Episode: 644/7000 | Episode reward:    53.76 | Episode steps:  126 | Average reward:    70.24 | Step Count: 73844 | Episode Q0:     8.47
Episode: 645/7000 | Episode reward:    90.41 | Episode steps:  251 | Average reward:    72.91 | Step Count: 74095 | Episode Q0:     9.73
Episode: 646/7000 | Episode reward:    48.24 | Episode steps:   99 | Average reward:    67.98 | Step Count: 74194 | Episode Q0:     9.73
Episode: 647/7000 | Episode reward:    81.01 | Episode steps:  157 | Average reward:    64.82 | Step Count: 74351 | Episode Q0:     9.73
Episode: 648/7000 | Episode reward:   255.84 | Episode steps:  666 | Average reward:    86.69 | Step Count: 75017 | Episode Q0:     9.73
Episode: 649/7000 | Episode reward:   102.56 | Episode steps:  149 | Average reward:    88.11 | Step Count: 75166 | Episode Q0:     9.73
Episode: 650/7000 | Episode reward:    47.74 | Episode steps:  120 | Average reward:    82.28 | Step Count: 75286 | Episode Q0:     9.73
Episode: 651/7000 | Episode reward:    98.39 | Episode steps:  223 | Average reward:    90.26 | Step Count: 75509 | Episode Q0:     9.73
Episode: 652/7000 | Episode reward:    81.35 | Episode steps:  276 | Average reward:    93.89 | Step Count: 75785 | Episode Q0:     9.73
Episode: 653/7000 | Episode reward:    80.87 | Episode steps:  116 | Average reward:    94.02 | Step Count: 75901 | Episode Q0:     9.73
Episode: 654/7000 | Episode reward:    26.51 | Episode steps:  124 | Average reward:    91.29 | Step Count: 76025 | Episode Q0:     9.73
Episode: 655/7000 | Episode reward:    48.25 | Episode steps:  148 | Average reward:    87.08 | Step Count: 76173 | Episode Q0:     9.73
Episode: 656/7000 | Episode reward:    13.73 | Episode steps:  120 | Average reward:    83.63 | Step Count: 76293 | Episode Q0:     9.73
Episode: 657/7000 | Episode reward:    32.68 | Episode steps:  124 | Average reward:    78.79 | Step Count: 76417 | Episode Q0:     9.73
Episode: 658/7000 | Episode reward:    39.37 | Episode steps:  149 | Average reward:    57.15 | Step Count: 76566 | Episode Q0:     9.73
Episode: 659/7000 | Episode reward:    77.93 | Episode steps:  139 | Average reward:    54.68 | Step Count: 76705 | Episode Q0:     9.73
Episode: 660/7000 | Episode reward:    74.62 | Episode steps:  175 | Average reward:    57.37 | Step Count: 76880 | Episode Q0:     9.73
Episode: 661/7000 | Episode reward:    25.88 | Episode steps:   98 | Average reward:    50.12 | Step Count: 76978 | Episode Q0:     9.73
Episode: 662/7000 | Episode reward:   128.01 | Episode steps:  399 | Average reward:    54.78 | Step Count: 77377 | Episode Q0:     9.73
Episode: 663/7000 | Episode reward:    45.20 | Episode steps:  148 | Average reward:    51.22 | Step Count: 77525 | Episode Q0:     9.73
Episode: 664/7000 | Episode reward:   199.79 | Episode steps:  363 | Average reward:    68.55 | Step Count: 77888 | Episode Q0:     9.73
Episode: 665/7000 | Episode reward:    71.02 | Episode steps:  268 | Average reward:    70.82 | Step Count: 78156 | Episode Q0:     9.73
Episode: 666/7000 | Episode reward:    61.46 | Episode steps:  327 | Average reward:    75.60 | Step Count: 78483 | Episode Q0:     9.73
Episode: 667/7000 | Episode reward:    45.35 | Episode steps:   86 | Average reward:    76.86 | Step Count: 78569 | Episode Q0:     9.73
Episode: 668/7000 | Episode reward:   104.36 | Episode steps:  176 | Average reward:    83.36 | Step Count: 78745 | Episode Q0:     9.73
Episode: 669/7000 | Episode reward:    84.24 | Episode steps:  126 | Average reward:    83.99 | Step Count: 78871 | Episode Q0:     9.73
Episode: 670/7000 | Episode reward:   125.51 | Episode steps:  310 | Average reward:    89.08 | Step Count: 79181 | Episode Q0:     9.73
Episode: 671/7000 | Episode reward:    55.12 | Episode steps:  184 | Average reward:    92.01 | Step Count: 79365 | Episode Q0:     9.73
Episode: 672/7000 | Episode reward:    55.10 | Episode steps:  167 | Average reward:    84.72 | Step Count: 79532 | Episode Q0:     9.73
Episode: 673/7000 | Episode reward:   202.25 | Episode steps:  370 | Average reward:   100.42 | Step Count: 79902 | Episode Q0:     9.73
Episode: 674/7000 | Episode reward:   221.26 | Episode steps:  689 | Average reward:   102.57 | Step Count: 80591 | Episode Q0:     9.73
Episode: 675/7000 | Episode reward:    37.98 | Episode steps:   82 | Average reward:    99.26 | Step Count: 80673 | Episode Q0:     9.73
Episode: 676/7000 | Episode reward:    21.60 | Episode steps:  124 | Average reward:    95.28 | Step Count: 80797 | Episode Q0:     9.73
Episode: 677/7000 | Episode reward:   164.80 | Episode steps:  284 | Average reward:   107.22 | Step Count: 81081 | Episode Q0:     9.73
Episode: 678/7000 | Episode reward:   115.52 | Episode steps:  157 | Average reward:   108.34 | Step Count: 81238 | Episode Q0:     9.73
Episode: 679/7000 | Episode reward:    42.14 | Episode steps:   89 | Average reward:   104.13 | Step Count: 81327 | Episode Q0:     9.73
Episode: 680/7000 | Episode reward:    69.78 | Episode steps:  123 | Average reward:    98.56 | Step Count: 81450 | Episode Q0:    11.06
Episode: 681/7000 | Episode reward:   168.56 | Episode steps:  327 | Average reward:   109.90 | Step Count: 81777 | Episode Q0:    11.06
Episode: 682/7000 | Episode reward:    30.28 | Episode steps:   79 | Average reward:   107.42 | Step Count: 81856 | Episode Q0:    11.06
Episode: 683/7000 | Episode reward:   133.75 | Episode steps:  281 | Average reward:   100.57 | Step Count: 82137 | Episode Q0:    11.06
Episode: 684/7000 | Episode reward:    57.31 | Episode steps:  304 | Average reward:    84.17 | Step Count: 82441 | Episode Q0:    11.06
Episode: 685/7000 | Episode reward:    27.22 | Episode steps:  112 | Average reward:    83.10 | Step Count: 82553 | Episode Q0:    11.06
Episode: 686/7000 | Episode reward:    12.95 | Episode steps:  101 | Average reward:    82.23 | Step Count: 82654 | Episode Q0:    11.06
Episode: 687/7000 | Episode reward:    21.10 | Episode steps:  105 | Average reward:    67.86 | Step Count: 82759 | Episode Q0:    11.06
Episode: 688/7000 | Episode reward:   101.22 | Episode steps:  159 | Average reward:    66.43 | Step Count: 82918 | Episode Q0:    11.06
Episode: 689/7000 | Episode reward:    34.11 | Episode steps:  133 | Average reward:    65.63 | Step Count: 83051 | Episode Q0:    11.06
Episode: 690/7000 | Episode reward:    45.88 | Episode steps:  196 | Average reward:    63.24 | Step Count: 83247 | Episode Q0:    11.06
Episode: 691/7000 | Episode reward:    49.22 | Episode steps:  102 | Average reward:    51.30 | Step Count: 83349 | Episode Q0:    11.06
Episode: 692/7000 | Episode reward:    57.90 | Episode steps:  166 | Average reward:    54.07 | Step Count: 83515 | Episode Q0:    11.06
Episode: 693/7000 | Episode reward:   132.93 | Episode steps:  291 | Average reward:    53.98 | Step Count: 83806 | Episode Q0:    11.06
Episode: 694/7000 | Episode reward:    12.47 | Episode steps:  150 | Average reward:    49.50 | Step Count: 83956 | Episode Q0:    11.06
Episode: 695/7000 | Episode reward:    63.46 | Episode steps:  192 | Average reward:    53.12 | Step Count: 84148 | Episode Q0:    11.06
Episode: 696/7000 | Episode reward:    -3.52 | Episode steps:  141 | Average reward:    51.48 | Step Count: 84289 | Episode Q0:    11.06
Episode: 697/7000 | Episode reward:    42.30 | Episode steps:  175 | Average reward:    53.60 | Step Count: 84464 | Episode Q0:    11.06
Episode: 698/7000 | Episode reward:    55.34 | Episode steps:  119 | Average reward:    49.01 | Step Count: 84583 | Episode Q0:    11.06
Episode: 699/7000 | Episode reward:    37.44 | Episode steps:  165 | Average reward:    49.34 | Step Count: 84748 | Episode Q0:    11.06
Episode: 700/7000 | Episode reward:    36.56 | Episode steps:  120 | Average reward:    48.41 | Step Count: 84868 | Episode Q0:    11.06
Episode: 701/7000 | Episode reward:    44.67 | Episode steps:  190 | Average reward:    47.95 | Step Count: 85058 | Episode Q0:    11.06
Episode: 702/7000 | Episode reward:    41.98 | Episode steps:  185 | Average reward:    46.36 | Step Count: 85243 | Episode Q0:    11.06
Episode: 703/7000 | Episode reward:    30.94 | Episode steps:  139 | Average reward:    36.16 | Step Count: 85382 | Episode Q0:    11.06
Episode: 704/7000 | Episode reward:    23.54 | Episode steps:  139 | Average reward:    37.27 | Step Count: 85521 | Episode Q0:    11.06
Episode: 705/7000 | Episode reward:    73.64 | Episode steps:  170 | Average reward:    38.29 | Step Count: 85691 | Episode Q0:    11.06
Episode: 706/7000 | Episode reward:   157.39 | Episode steps:  271 | Average reward:    54.38 | Step Count: 85962 | Episode Q0:    11.06
Episode: 707/7000 | Episode reward:    45.52 | Episode steps:  206 | Average reward:    54.70 | Step Count: 86168 | Episode Q0:    11.06
Episode: 708/7000 | Episode reward:    38.64 | Episode steps:  174 | Average reward:    53.03 | Step Count: 86342 | Episode Q0:    11.06
Episode: 709/7000 | Episode reward:    71.83 | Episode steps:  134 | Average reward:    56.47 | Step Count: 86476 | Episode Q0:    11.06
Episode: 710/7000 | Episode reward:    74.47 | Episode steps:  118 | Average reward:    60.26 | Step Count: 86594 | Episode Q0:    11.06
Episode: 711/7000 | Episode reward:    36.55 | Episode steps:  161 | Average reward:    59.45 | Step Count: 86755 | Episode Q0:    11.06
Episode: 712/7000 | Episode reward:    53.97 | Episode steps:  114 | Average reward:    60.65 | Step Count: 86869 | Episode Q0:    11.06
Episode: 713/7000 | Episode reward:   118.01 | Episode steps:  264 | Average reward:    69.36 | Step Count: 87133 | Episode Q0:    11.06
Episode: 714/7000 | Episode reward:   137.26 | Episode steps:  189 | Average reward:    80.73 | Step Count: 87322 | Episode Q0:    11.06
Episode: 715/7000 | Episode reward:    57.47 | Episode steps:  100 | Average reward:    79.11 | Step Count: 87422 | Episode Q0:    12.39
Episode: 716/7000 | Episode reward:    13.73 | Episode steps:  108 | Average reward:    64.75 | Step Count: 87530 | Episode Q0:    12.39
Episode: 717/7000 | Episode reward:    73.18 | Episode steps:  202 | Average reward:    67.51 | Step Count: 87732 | Episode Q0:    12.39
Episode: 718/7000 | Episode reward:    43.94 | Episode steps:  157 | Average reward:    68.04 | Step Count: 87889 | Episode Q0:    12.39
Episode: 719/7000 | Episode reward:    72.78 | Episode steps:  178 | Average reward:    68.14 | Step Count: 88067 | Episode Q0:    12.39
Episode: 720/7000 | Episode reward:   139.73 | Episode steps:  224 | Average reward:    74.66 | Step Count: 88291 | Episode Q0:    12.39
Episode: 721/7000 | Episode reward:   137.71 | Episode steps:  261 | Average reward:    84.78 | Step Count: 88552 | Episode Q0:    12.39
Episode: 722/7000 | Episode reward:    77.21 | Episode steps:  110 | Average reward:    87.10 | Step Count: 88662 | Episode Q0:    12.39
Episode: 723/7000 | Episode reward:    74.65 | Episode steps:  205 | Average reward:    82.77 | Step Count: 88867 | Episode Q0:    12.39
Episode: 724/7000 | Episode reward:     1.29 | Episode steps:  122 | Average reward:    69.17 | Step Count: 88989 | Episode Q0:    12.39
Episode: 725/7000 | Episode reward:    90.40 | Episode steps:  117 | Average reward:    72.46 | Step Count: 89106 | Episode Q0:    12.39
Episode: 726/7000 | Episode reward:    43.06 | Episode steps:  162 | Average reward:    75.40 | Step Count: 89268 | Episode Q0:    12.39
Episode: 727/7000 | Episode reward:    69.23 | Episode steps:  108 | Average reward:    75.00 | Step Count: 89376 | Episode Q0:    12.39
Episode: 728/7000 | Episode reward:    29.25 | Episode steps:  166 | Average reward:    73.53 | Step Count: 89542 | Episode Q0:    12.39
Episode: 729/7000 | Episode reward:    63.05 | Episode steps:  147 | Average reward:    72.56 | Step Count: 89689 | Episode Q0:    12.39
Episode: 730/7000 | Episode reward:   173.97 | Episode steps:  482 | Average reward:    75.98 | Step Count: 90171 | Episode Q0:    12.39
Episode: 731/7000 | Episode reward:    25.11 | Episode steps:   95 | Average reward:    64.72 | Step Count: 90266 | Episode Q0:    12.39
Episode: 732/7000 | Episode reward:   115.57 | Episode steps:  167 | Average reward:    68.56 | Step Count: 90433 | Episode Q0:    12.39
Episode: 733/7000 | Episode reward:    30.85 | Episode steps:   82 | Average reward:    64.18 | Step Count: 90515 | Episode Q0:    12.39
Episode: 734/7000 | Episode reward:    40.85 | Episode steps:  121 | Average reward:    68.14 | Step Count: 90636 | Episode Q0:    12.39
Episode: 735/7000 | Episode reward:    46.41 | Episode steps:  312 | Average reward:    63.74 | Step Count: 90948 | Episode Q0:    12.39
Episode: 736/7000 | Episode reward:    27.82 | Episode steps:  126 | Average reward:    62.21 | Step Count: 91074 | Episode Q0:    12.39
Episode: 737/7000 | Episode reward:    38.11 | Episode steps:  116 | Average reward:    59.10 | Step Count: 91190 | Episode Q0:    12.39
Episode: 738/7000 | Episode reward:    32.10 | Episode steps:  119 | Average reward:    59.38 | Step Count: 91309 | Episode Q0:    12.39
Episode: 739/7000 | Episode reward:    97.28 | Episode steps:  144 | Average reward:    62.81 | Step Count: 91453 | Episode Q0:    12.39
Episode: 740/7000 | Episode reward:   110.83 | Episode steps:  213 | Average reward:    56.49 | Step Count: 91666 | Episode Q0:    12.39
Episode: 741/7000 | Episode reward:    41.99 | Episode steps:  101 | Average reward:    58.18 | Step Count: 91767 | Episode Q0:    12.39
Episode: 742/7000 | Episode reward:    33.20 | Episode steps:  143 | Average reward:    49.94 | Step Count: 91910 | Episode Q0:    12.39
Episode: 743/7000 | Episode reward:    23.75 | Episode steps:   88 | Average reward:    49.23 | Step Count: 91998 | Episode Q0:    12.39
Episode: 744/7000 | Episode reward:    42.35 | Episode steps:  133 | Average reward:    49.38 | Step Count: 92131 | Episode Q0:    12.39
Episode: 745/7000 | Episode reward:   142.45 | Episode steps:  205 | Average reward:    58.99 | Step Count: 92336 | Episode Q0:    12.39
Episode: 746/7000 | Episode reward:    61.42 | Episode steps:  115 | Average reward:    62.35 | Step Count: 92451 | Episode Q0:    12.39
Episode: 747/7000 | Episode reward:    60.54 | Episode steps:  125 | Average reward:    64.59 | Step Count: 92576 | Episode Q0:    12.39
Episode: 748/7000 | Episode reward:    29.53 | Episode steps:  179 | Average reward:    64.33 | Step Count: 92755 | Episode Q0:    12.39
Episode: 749/7000 | Episode reward:   195.91 | Episode steps:  358 | Average reward:    74.20 | Step Count: 93113 | Episode Q0:    12.39
Episode: 750/7000 | Episode reward:    -2.42 | Episode steps:  131 | Average reward:    62.87 | Step Count: 93244 | Episode Q0:    12.39
Episode: 751/7000 | Episode reward:    33.59 | Episode steps:   99 | Average reward:    62.03 | Step Count: 93343 | Episode Q0:    13.93
Episode: 752/7000 | Episode reward:    61.33 | Episode steps:  243 | Average reward:    64.84 | Step Count: 93586 | Episode Q0:    13.93
Episode: 753/7000 | Episode reward:    61.69 | Episode steps:  172 | Average reward:    68.64 | Step Count: 93758 | Episode Q0:    13.93
Episode: 754/7000 | Episode reward:     4.67 | Episode steps:  142 | Average reward:    64.87 | Step Count: 93900 | Episode Q0:    13.93
Episode: 755/7000 | Episode reward:   121.48 | Episode steps:  168 | Average reward:    62.77 | Step Count: 94068 | Episode Q0:    13.93
Episode: 756/7000 | Episode reward:    57.94 | Episode steps:  113 | Average reward:    62.42 | Step Count: 94181 | Episode Q0:    13.93
Episode: 757/7000 | Episode reward:     2.71 | Episode steps:  155 | Average reward:    56.64 | Step Count: 94336 | Episode Q0:    13.93
Episode: 758/7000 | Episode reward:   240.19 | Episode steps:  279 | Average reward:    77.71 | Step Count: 94615 | Episode Q0:    13.93
Episode: 759/7000 | Episode reward:   116.80 | Episode steps:  192 | Average reward:    69.80 | Step Count: 94807 | Episode Q0:    13.93
Episode: 760/7000 | Episode reward:   169.00 | Episode steps:  363 | Average reward:    86.94 | Step Count: 95170 | Episode Q0:    13.93
Episode: 761/7000 | Episode reward:    59.04 | Episode steps:  101 | Average reward:    89.48 | Step Count: 95271 | Episode Q0:    13.93
Episode: 762/7000 | Episode reward:   105.43 | Episode steps:  277 | Average reward:    93.89 | Step Count: 95548 | Episode Q0:    13.93
Episode: 763/7000 | Episode reward:   122.48 | Episode steps:  352 | Average reward:    99.97 | Step Count: 95900 | Episode Q0:    13.93
Episode: 764/7000 | Episode reward:   113.12 | Episode steps:  319 | Average reward:   110.82 | Step Count: 96219 | Episode Q0:    13.93
Episode: 765/7000 | Episode reward:    47.34 | Episode steps:  180 | Average reward:   103.40 | Step Count: 96399 | Episode Q0:    13.93
Episode: 766/7000 | Episode reward:    61.22 | Episode steps:  125 | Average reward:   103.73 | Step Count: 96524 | Episode Q0:    13.93
Episode: 767/7000 | Episode reward:    16.87 | Episode steps:   88 | Average reward:   105.15 | Step Count: 96612 | Episode Q0:    13.93
Episode: 768/7000 | Episode reward:   124.28 | Episode steps:  297 | Average reward:    93.56 | Step Count: 96909 | Episode Q0:    13.93
Episode: 769/7000 | Episode reward:   201.75 | Episode steps:  385 | Average reward:   102.05 | Step Count: 97294 | Episode Q0:    13.93
Episode: 770/7000 | Episode reward:   119.85 | Episode steps:  149 | Average reward:    97.14 | Step Count: 97443 | Episode Q0:    13.93
Episode: 771/7000 | Episode reward:    76.69 | Episode steps:  112 | Average reward:    98.90 | Step Count: 97555 | Episode Q0:    13.93
Episode: 772/7000 | Episode reward:    39.68 | Episode steps:   91 | Average reward:    92.33 | Step Count: 97646 | Episode Q0:    13.93
Episode: 773/7000 | Episode reward:    49.59 | Episode steps:  162 | Average reward:    85.04 | Step Count: 97808 | Episode Q0:    13.93
Episode: 774/7000 | Episode reward:    23.09 | Episode steps:   91 | Average reward:    76.04 | Step Count: 97899 | Episode Q0:    13.93
Episode: 775/7000 | Episode reward:   222.58 | Episode steps:  385 | Average reward:    93.56 | Step Count: 98284 | Episode Q0:    13.93
Episode: 776/7000 | Episode reward:   178.93 | Episode steps:  611 | Average reward:   105.33 | Step Count: 98895 | Episode Q0:    13.93
Episode: 777/7000 | Episode reward:    60.30 | Episode steps:  313 | Average reward:   109.67 | Step Count: 99208 | Episode Q0:    13.93
Episode: 778/7000 | Episode reward:    61.66 | Episode steps:  103 | Average reward:   103.41 | Step Count: 99311 | Episode Q0:    13.93
Episode: 779/7000 | Episode reward:   139.24 | Episode steps:  170 | Average reward:    97.16 | Step Count: 99481 | Episode Q0:    13.93
Episode: 780/7000 | Episode reward:   119.21 | Episode steps:  186 | Average reward:    97.10 | Step Count: 99667 | Episode Q0:    13.93
Episode: 781/7000 | Episode reward:   109.38 | Episode steps:  293 | Average reward:   100.37 | Step Count: 99960 | Episode Q0:    15.33
Episode: 782/7000 | Episode reward:   193.02 | Episode steps:  665 | Average reward:   115.70 | Step Count: 100625 | Episode Q0:    15.33
Episode: 783/7000 | Episode reward:   138.88 | Episode steps:  366 | Average reward:   124.63 | Step Count: 100991 | Episode Q0:    15.33
Episode: 784/7000 | Episode reward:   141.42 | Episode steps:  362 | Average reward:   136.46 | Step Count: 101353 | Episode Q0:    15.33
Episode: 785/7000 | Episode reward:   144.72 | Episode steps:  335 | Average reward:   128.68 | Step Count: 101688 | Episode Q0:    15.33
Episode: 786/7000 | Episode reward:   102.31 | Episode steps:  214 | Average reward:   121.02 | Step Count: 101902 | Episode Q0:    15.33
Episode: 787/7000 | Episode reward:    99.01 | Episode steps:  273 | Average reward:   124.89 | Step Count: 102175 | Episode Q0:    15.33
Episode: 788/7000 | Episode reward:    76.78 | Episode steps:  200 | Average reward:   126.40 | Step Count: 102375 | Episode Q0:    15.33
Episode: 789/7000 | Episode reward:   186.98 | Episode steps:  216 | Average reward:   131.17 | Step Count: 102591 | Episode Q0:    15.33
Episode: 790/7000 | Episode reward:   100.49 | Episode steps:  231 | Average reward:   129.30 | Step Count: 102822 | Episode Q0:    15.33
Episode: 791/7000 | Episode reward:    35.73 | Episode steps:  121 | Average reward:   121.94 | Step Count: 102943 | Episode Q0:    15.33
Episode: 792/7000 | Episode reward:    47.57 | Episode steps:  109 | Average reward:   107.39 | Step Count: 103052 | Episode Q0:    15.33
Episode: 793/7000 | Episode reward:    28.61 | Episode steps:  132 | Average reward:    96.36 | Step Count: 103184 | Episode Q0:    15.33
Episode: 794/7000 | Episode reward:   208.49 | Episode steps:  320 | Average reward:   103.07 | Step Count: 103504 | Episode Q0:    15.33
Episode: 795/7000 | Episode reward:    81.70 | Episode steps:  201 | Average reward:    96.77 | Step Count: 103705 | Episode Q0:    15.33
Episode: 796/7000 | Episode reward:   147.52 | Episode steps:  322 | Average reward:   101.29 | Step Count: 104027 | Episode Q0:    15.33
Episode: 797/7000 | Episode reward:    32.24 | Episode steps:   91 | Average reward:    94.61 | Step Count: 104118 | Episode Q0:    15.33
Episode: 798/7000 | Episode reward:   107.72 | Episode steps:  180 | Average reward:    97.71 | Step Count: 104298 | Episode Q0:    15.33
Episode: 799/7000 | Episode reward:   112.65 | Episode steps:  317 | Average reward:    90.27 | Step Count: 104615 | Episode Q0:    15.33
Episode: 800/7000 | Episode reward:   282.67 | Episode steps:  440 | Average reward:   108.49 | Step Count: 105055 | Episode Q0:    15.33
Episode: 801/7000 | Episode reward:    69.92 | Episode steps:  404 | Average reward:   111.91 | Step Count: 105459 | Episode Q0:    15.33
Episode: 802/7000 | Episode reward:   125.42 | Episode steps:  314 | Average reward:   119.69 | Step Count: 105773 | Episode Q0:    15.33
Episode: 803/7000 | Episode reward:   114.67 | Episode steps:  286 | Average reward:   128.30 | Step Count: 106059 | Episode Q0:    15.33
Episode: 804/7000 | Episode reward:   123.03 | Episode steps:  160 | Average reward:   119.75 | Step Count: 106219 | Episode Q0:    15.33
Episode: 805/7000 | Episode reward:   155.45 | Episode steps:  193 | Average reward:   127.13 | Step Count: 106412 | Episode Q0:    15.33
Episode: 806/7000 | Episode reward:   106.63 | Episode steps:  240 | Average reward:   123.04 | Step Count: 106652 | Episode Q0:    15.33
Episode: 807/7000 | Episode reward:   130.00 | Episode steps:  288 | Average reward:   132.81 | Step Count: 106940 | Episode Q0:    15.33
Episode: 808/7000 | Episode reward:   113.20 | Episode steps:  255 | Average reward:   133.36 | Step Count: 107195 | Episode Q0:    15.33
Episode: 809/7000 | Episode reward:   184.35 | Episode steps:  377 | Average reward:   140.53 | Step Count: 107572 | Episode Q0:    15.33
Episode: 810/7000 | Episode reward:   125.20 | Episode steps:  318 | Average reward:   124.79 | Step Count: 107890 | Episode Q0:    15.33
Episode: 811/7000 | Episode reward:   100.47 | Episode steps:  171 | Average reward:   127.84 | Step Count: 108061 | Episode Q0:    15.33
Episode: 812/7000 | Episode reward:    38.22 | Episode steps:  154 | Average reward:   119.12 | Step Count: 108215 | Episode Q0:    15.33
Episode: 813/7000 | Episode reward:    48.84 | Episode steps:  155 | Average reward:   112.54 | Step Count: 108370 | Episode Q0:    15.33
Episode: 814/7000 | Episode reward:    48.24 | Episode steps:   96 | Average reward:   105.06 | Step Count: 108466 | Episode Q0:    15.33
Episode: 815/7000 | Episode reward:    28.69 | Episode steps:   90 | Average reward:    92.38 | Step Count: 108556 | Episode Q0:    15.33
Episode: 816/7000 | Episode reward:   140.27 | Episode steps:  305 | Average reward:    95.75 | Step Count: 108861 | Episode Q0:    16.86
Episode: 817/7000 | Episode reward:    48.16 | Episode steps:  289 | Average reward:    87.56 | Step Count: 109150 | Episode Q0:    16.86
Episode: 818/7000 | Episode reward:    95.95 | Episode steps:  320 | Average reward:    85.84 | Step Count: 109470 | Episode Q0:    16.86
Episode: 819/7000 | Episode reward:    37.74 | Episode steps:   97 | Average reward:    71.18 | Step Count: 109567 | Episode Q0:    16.86
Episode: 820/7000 | Episode reward:    90.47 | Episode steps:  250 | Average reward:    67.71 | Step Count: 109817 | Episode Q0:    16.86
Episode: 821/7000 | Episode reward:    90.10 | Episode steps:  130 | Average reward:    66.67 | Step Count: 109947 | Episode Q0:    16.86
Episode: 822/7000 | Episode reward:    68.80 | Episode steps:  123 | Average reward:    69.73 | Step Count: 110070 | Episode Q0:    16.86
Episode: 823/7000 | Episode reward:    96.84 | Episode steps:  141 | Average reward:    74.53 | Step Count: 110211 | Episode Q0:    16.86
Episode: 824/7000 | Episode reward:   159.52 | Episode steps:  267 | Average reward:    85.65 | Step Count: 110478 | Episode Q0:    16.86
Episode: 825/7000 | Episode reward:   150.33 | Episode steps:  591 | Average reward:    97.82 | Step Count: 111069 | Episode Q0:    16.86
Episode: 826/7000 | Episode reward:    65.27 | Episode steps:  261 | Average reward:    90.32 | Step Count: 111330 | Episode Q0:    16.86
Episode: 827/7000 | Episode reward:   150.42 | Episode steps:  551 | Average reward:   100.54 | Step Count: 111881 | Episode Q0:    16.86
Episode: 828/7000 | Episode reward:   117.64 | Episode steps:  276 | Average reward:   102.71 | Step Count: 112157 | Episode Q0:    16.86
Episode: 829/7000 | Episode reward:   144.64 | Episode steps:  533 | Average reward:   113.40 | Step Count: 112690 | Episode Q0:    16.86
Episode: 830/7000 | Episode reward:   201.07 | Episode steps:  366 | Average reward:   124.46 | Step Count: 113056 | Episode Q0:    16.86
Episode: 831/7000 | Episode reward:   299.74 | Episode steps:  555 | Average reward:   145.43 | Step Count: 113611 | Episode Q0:    16.86
Episode: 832/7000 | Episode reward:   142.60 | Episode steps:  202 | Average reward:   152.81 | Step Count: 113813 | Episode Q0:    16.86
Episode: 833/7000 | Episode reward:   119.27 | Episode steps:  251 | Average reward:   155.05 | Step Count: 114064 | Episode Q0:    16.86
Episode: 834/7000 | Episode reward:   111.49 | Episode steps:  261 | Average reward:   150.25 | Step Count: 114325 | Episode Q0:    16.86
Episode: 835/7000 | Episode reward:   126.39 | Episode steps:  450 | Average reward:   147.85 | Step Count: 114775 | Episode Q0:    16.86
Episode: 836/7000 | Episode reward:   124.21 | Episode steps:  163 | Average reward:   153.75 | Step Count: 114938 | Episode Q0:    16.86
Episode: 837/7000 | Episode reward:    60.57 | Episode steps:  368 | Average reward:   144.76 | Step Count: 115306 | Episode Q0:    16.86
Episode: 838/7000 | Episode reward:   130.28 | Episode steps:  396 | Average reward:   146.03 | Step Count: 115702 | Episode Q0:    16.86
Episode: 839/7000 | Episode reward:    27.97 | Episode steps:  141 | Average reward:   134.36 | Step Count: 115843 | Episode Q0:    16.86
Episode: 840/7000 | Episode reward:    43.91 | Episode steps:  367 | Average reward:   118.64 | Step Count: 116210 | Episode Q0:    16.86
Episode: 841/7000 | Episode reward:   104.92 | Episode steps:  255 | Average reward:    99.16 | Step Count: 116465 | Episode Q0:    16.86
Episode: 842/7000 | Episode reward:   148.23 | Episode steps:  706 | Average reward:    99.72 | Step Count: 117171 | Episode Q0:    16.86
Episode: 843/7000 | Episode reward:   108.15 | Episode steps:  519 | Average reward:    98.61 | Step Count: 117690 | Episode Q0:    16.86
Episode: 844/7000 | Episode reward:   149.81 | Episode steps:  696 | Average reward:   102.45 | Step Count: 118386 | Episode Q0:    18.05
Episode: 845/7000 | Episode reward:    54.36 | Episode steps:  328 | Average reward:    95.24 | Step Count: 118714 | Episode Q0:    18.05
Episode: 846/7000 | Episode reward:   166.80 | Episode steps:  836 | Average reward:    99.50 | Step Count: 119550 | Episode Q0:    18.05
Episode: 847/7000 | Episode reward:   263.57 | Episode steps:  601 | Average reward:   119.80 | Step Count: 120151 | Episode Q0:    18.05
Episode: 848/7000 | Episode reward:    43.69 | Episode steps:   92 | Average reward:   111.14 | Step Count: 120243 | Episode Q0:    18.05
Episode: 849/7000 | Episode reward:    86.83 | Episode steps:  331 | Average reward:   117.03 | Step Count: 120574 | Episode Q0:    18.05
Episode: 850/7000 | Episode reward:    96.11 | Episode steps:  229 | Average reward:   122.25 | Step Count: 120803 | Episode Q0:    18.05
Episode: 851/7000 | Episode reward:    61.55 | Episode steps:  371 | Average reward:   117.91 | Step Count: 121174 | Episode Q0:    18.05
Episode: 852/7000 | Episode reward:   148.23 | Episode steps:  674 | Average reward:   117.91 | Step Count: 121848 | Episode Q0:    18.05
Episode: 853/7000 | Episode reward:    72.72 | Episode steps:  212 | Average reward:   114.37 | Step Count: 122060 | Episode Q0:    18.05
Episode: 854/7000 | Episode reward:   141.37 | Episode steps:  296 | Average reward:   113.52 | Step Count: 122356 | Episode Q0:    18.05
Episode: 855/7000 | Episode reward:    71.63 | Episode steps:  157 | Average reward:   115.25 | Step Count: 122513 | Episode Q0:    18.05
Episode: 856/7000 | Episode reward:   161.44 | Episode steps:  218 | Average reward:   114.71 | Step Count: 122731 | Episode Q0:    18.05
Episode: 857/7000 | Episode reward:    71.06 | Episode steps:  238 | Average reward:    95.46 | Step Count: 122969 | Episode Q0:    18.05
Episode: 858/7000 | Episode reward:   149.42 | Episode steps:  324 | Average reward:   106.03 | Step Count: 123293 | Episode Q0:    18.05
Episode: 859/7000 | Episode reward:   203.32 | Episode steps:  686 | Average reward:   117.68 | Step Count: 123979 | Episode Q0:    18.05
Episode: 860/7000 | Episode reward:   133.44 | Episode steps:  420 | Average reward:   121.42 | Step Count: 124399 | Episode Q0:    18.05
Episode: 861/7000 | Episode reward:   103.73 | Episode steps:  272 | Average reward:   125.64 | Step Count: 124671 | Episode Q0:    18.05
Episode: 862/7000 | Episode reward:   104.40 | Episode steps:  316 | Average reward:   121.25 | Step Count: 124987 | Episode Q0:    18.05
Episode: 863/7000 | Episode reward:    81.37 | Episode steps:  288 | Average reward:   122.12 | Step Count: 125275 | Episode Q0:    18.05
Episode: 864/7000 | Episode reward:    79.18 | Episode steps:  124 | Average reward:   115.90 | Step Count: 125399 | Episode Q0:    18.05
Episode: 865/7000 | Episode reward:   195.46 | Episode steps:  563 | Average reward:   128.28 | Step Count: 125962 | Episode Q0:    18.05
Episode: 866/7000 | Episode reward:   133.75 | Episode steps:  424 | Average reward:   125.51 | Step Count: 126386 | Episode Q0:    18.05
Episode: 867/7000 | Episode reward:   118.91 | Episode steps:  472 | Average reward:   130.30 | Step Count: 126858 | Episode Q0:    18.05
Episode: 868/7000 | Episode reward:    81.47 | Episode steps:  133 | Average reward:   123.50 | Step Count: 126991 | Episode Q0:    18.05
Episode: 869/7000 | Episode reward:   139.39 | Episode steps:  279 | Average reward:   117.11 | Step Count: 127270 | Episode Q0:    18.05
Episode: 870/7000 | Episode reward:    84.37 | Episode steps:  131 | Average reward:   112.20 | Step Count: 127401 | Episode Q0:    18.05
Episode: 871/7000 | Episode reward:   143.24 | Episode steps:  309 | Average reward:   116.15 | Step Count: 127710 | Episode Q0:    18.05
Episode: 872/7000 | Episode reward:   158.74 | Episode steps:  323 | Average reward:   121.59 | Step Count: 128033 | Episode Q0:    18.05
Episode: 873/7000 | Episode reward:    63.12 | Episode steps:  339 | Average reward:   119.76 | Step Count: 128372 | Episode Q0:    18.05
Episode: 874/7000 | Episode reward:   118.45 | Episode steps:  487 | Average reward:   123.69 | Step Count: 128859 | Episode Q0:    18.05
Episode: 875/7000 | Episode reward:   108.45 | Episode steps:  144 | Average reward:   114.99 | Step Count: 129003 | Episode Q0:    18.05
Episode: 876/7000 | Episode reward:    52.63 | Episode steps:  175 | Average reward:   106.88 | Step Count: 129178 | Episode Q0:    18.05
Episode: 877/7000 | Episode reward:    79.47 | Episode steps:  222 | Average reward:   102.93 | Step Count: 129400 | Episode Q0:    18.05
Episode: 878/7000 | Episode reward:   238.19 | Episode steps:  423 | Average reward:   118.61 | Step Count: 129823 | Episode Q0:    19.47
Episode: 879/7000 | Episode reward:    87.01 | Episode steps:  146 | Average reward:   113.37 | Step Count: 129969 | Episode Q0:    19.47
Episode: 880/7000 | Episode reward:   140.72 | Episode steps:  640 | Average reward:   119.00 | Step Count: 130609 | Episode Q0:    19.47
Episode: 881/7000 | Episode reward:   184.78 | Episode steps:  345 | Average reward:   123.16 | Step Count: 130954 | Episode Q0:    19.47
Episode: 882/7000 | Episode reward:   220.69 | Episode steps:  649 | Average reward:   129.35 | Step Count: 131603 | Episode Q0:    19.47
Episode: 883/7000 | Episode reward:   101.77 | Episode steps:  432 | Average reward:   133.21 | Step Count: 132035 | Episode Q0:    19.47
Episode: 884/7000 | Episode reward:   155.22 | Episode steps:  598 | Average reward:   136.89 | Step Count: 132633 | Episode Q0:    19.47
Episode: 885/7000 | Episode reward:   129.53 | Episode steps:  532 | Average reward:   139.00 | Step Count: 133165 | Episode Q0:    19.47
Episode: 886/7000 | Episode reward:   116.26 | Episode steps:  154 | Average reward:   145.36 | Step Count: 133319 | Episode Q0:    19.47
Episode: 887/7000 | Episode reward:   156.58 | Episode steps:  283 | Average reward:   153.07 | Step Count: 133602 | Episode Q0:    19.47
Episode: 888/7000 | Episode reward:   247.67 | Episode steps:  429 | Average reward:   154.02 | Step Count: 134031 | Episode Q0:    19.47
Episode: 889/7000 | Episode reward:   110.49 | Episode steps:  269 | Average reward:   156.37 | Step Count: 134300 | Episode Q0:    19.47
Episode: 890/7000 | Episode reward:   151.07 | Episode steps:  610 | Average reward:   157.41 | Step Count: 134910 | Episode Q0:    19.47
Episode: 891/7000 | Episode reward:   237.70 | Episode steps:  634 | Average reward:   162.70 | Step Count: 135544 | Episode Q0:    19.47
Episode: 892/7000 | Episode reward:   256.77 | Episode steps: 1059 | Average reward:   166.31 | Step Count: 136603 | Episode Q0:    19.47
Episode: 893/7000 | Episode reward:   267.35 | Episode steps:  440 | Average reward:   182.86 | Step Count: 137043 | Episode Q0:    19.47
Episode: 894/7000 | Episode reward:   181.99 | Episode steps:  215 | Average reward:   185.54 | Step Count: 137258 | Episode Q0:    19.47
Episode: 895/7000 | Episode reward:   184.29 | Episode steps:  646 | Average reward:   191.02 | Step Count: 137904 | Episode Q0:    19.47
Episode: 896/7000 | Episode reward:   127.04 | Episode steps: 1004 | Average reward:   192.09 | Step Count: 138908 | Episode Q0:    19.47
Episode: 897/7000 | Episode reward:   133.97 | Episode steps:  174 | Average reward:   189.83 | Step Count: 139082 | Episode Q0:    19.47
Episode: 898/7000 | Episode reward:   134.45 | Episode steps:  281 | Average reward:   178.51 | Step Count: 139363 | Episode Q0:    19.47
Episode: 899/7000 | Episode reward:   139.19 | Episode steps:  315 | Average reward:   181.38 | Step Count: 139678 | Episode Q0:    19.47
Episode: 900/7000 | Episode reward:   220.10 | Episode steps: 2500 | Average reward:   188.28 | Step Count: 142178 | Episode Q0:    20.69
Episode: 901/7000 | Episode reward:   353.78 | Episode steps: 2500 | Average reward:   199.89 | Step Count: 144678 | Episode Q0:    20.69
Episode: 902/7000 | Episode reward:   110.28 | Episode steps:  140 | Average reward:   185.24 | Step Count: 144818 | Episode Q0:    20.69
Episode: 903/7000 | Episode reward:   174.04 | Episode steps: 2500 | Average reward:   175.91 | Step Count: 147318 | Episode Q0:    20.69
Episode: 904/7000 | Episode reward:   185.86 | Episode steps:  630 | Average reward:   176.30 | Step Count: 147948 | Episode Q0:    20.69
Episode: 905/7000 | Episode reward:   175.55 | Episode steps:  723 | Average reward:   175.42 | Step Count: 148671 | Episode Q0:    20.69
Episode: 906/7000 | Episode reward:   194.14 | Episode steps: 2500 | Average reward:   182.13 | Step Count: 151171 | Episode Q0:    20.69
Episode: 907/7000 | Episode reward:   176.19 | Episode steps:  365 | Average reward:   186.36 | Step Count: 151536 | Episode Q0:    20.69
Episode: 908/7000 | Episode reward:    62.81 | Episode steps:  112 | Average reward:   179.19 | Step Count: 151648 | Episode Q0:    20.69
Episode: 909/7000 | Episode reward:   375.45 | Episode steps: 2500 | Average reward:   202.82 | Step Count: 154148 | Episode Q0:    20.69
Episode: 910/7000 | Episode reward:   185.90 | Episode steps:  358 | Average reward:   199.40 | Step Count: 154506 | Episode Q0:    20.69
Episode: 911/7000 | Episode reward:    83.61 | Episode steps:  406 | Average reward:   172.38 | Step Count: 154912 | Episode Q0:    20.69
Episode: 912/7000 | Episode reward:   264.26 | Episode steps: 2500 | Average reward:   187.78 | Step Count: 157412 | Episode Q0:    20.69
Episode: 913/7000 | Episode reward:    79.11 | Episode steps:  383 | Average reward:   178.29 | Step Count: 157795 | Episode Q0:    20.69
Episode: 914/7000 | Episode reward:   135.88 | Episode steps:  408 | Average reward:   173.29 | Step Count: 158203 | Episode Q0:    20.69
Episode: 915/7000 | Episode reward:   212.79 | Episode steps: 2500 | Average reward:   177.01 | Step Count: 160703 | Episode Q0:    20.69
Episode: 916/7000 | Episode reward:   201.84 | Episode steps:  343 | Average reward:   177.78 | Step Count: 161046 | Episode Q0:    20.69
Episode: 917/7000 | Episode reward:    62.25 | Episode steps:  115 | Average reward:   166.39 | Step Count: 161161 | Episode Q0:    20.69
Episode: 918/7000 | Episode reward:   196.44 | Episode steps:  661 | Average reward:   179.75 | Step Count: 161822 | Episode Q0:    20.69
Episode: 919/7000 | Episode reward:    67.86 | Episode steps:  211 | Average reward:   148.99 | Step Count: 162033 | Episode Q0:    20.69
Episode: 920/7000 | Episode reward:   322.29 | Episode steps:  714 | Average reward:   162.63 | Step Count: 162747 | Episode Q0:    20.69
Episode: 921/7000 | Episode reward:    97.65 | Episode steps: 1638 | Average reward:   164.04 | Step Count: 164385 | Episode Q0:    20.69
Episode: 922/7000 | Episode reward:    53.45 | Episode steps:  110 | Average reward:   142.96 | Step Count: 164495 | Episode Q0:    20.69
Episode: 923/7000 | Episode reward:   106.48 | Episode steps:  161 | Average reward:   145.69 | Step Count: 164656 | Episode Q0:    20.69
Episode: 924/7000 | Episode reward:    57.27 | Episode steps:  179 | Average reward:   137.83 | Step Count: 164835 | Episode Q0:    20.69
Episode: 925/7000 | Episode reward:   125.93 | Episode steps:  299 | Average reward:   129.14 | Step Count: 165134 | Episode Q0:    20.69
Episode: 926/7000 | Episode reward:   105.19 | Episode steps:  134 | Average reward:   119.48 | Step Count: 165268 | Episode Q0:    20.69
Episode: 927/7000 | Episode reward:    96.03 | Episode steps:  227 | Average reward:   122.86 | Step Count: 165495 | Episode Q0:    20.69
Episode: 928/7000 | Episode reward:   136.93 | Episode steps:  306 | Average reward:   116.91 | Step Count: 165801 | Episode Q0:    20.69
Episode: 929/7000 | Episode reward:   233.81 | Episode steps:  927 | Average reward:   133.50 | Step Count: 166728 | Episode Q0:    20.69
Episode: 930/7000 | Episode reward:    96.99 | Episode steps:  259 | Average reward:   110.97 | Step Count: 166987 | Episode Q0:    20.69
Episode: 931/7000 | Episode reward:    57.04 | Episode steps:  113 | Average reward:   106.91 | Step Count: 167100 | Episode Q0:    20.69
Episode: 932/7000 | Episode reward:    87.24 | Episode steps:  215 | Average reward:   110.29 | Step Count: 167315 | Episode Q0:    20.81
Episode: 933/7000 | Episode reward:   206.03 | Episode steps:  576 | Average reward:   120.25 | Step Count: 167891 | Episode Q0:    20.81
Episode: 934/7000 | Episode reward:    75.87 | Episode steps:  245 | Average reward:   122.11 | Step Count: 168136 | Episode Q0:    20.81
Episode: 935/7000 | Episode reward:    70.26 | Episode steps:  199 | Average reward:   116.54 | Step Count: 168335 | Episode Q0:    20.81
Episode: 936/7000 | Episode reward:   107.66 | Episode steps:  169 | Average reward:   116.79 | Step Count: 168504 | Episode Q0:    20.81
Episode: 937/7000 | Episode reward:    82.49 | Episode steps:  277 | Average reward:   115.43 | Step Count: 168781 | Episode Q0:    20.81
Episode: 938/7000 | Episode reward:   129.63 | Episode steps:  543 | Average reward:   114.70 | Step Count: 169324 | Episode Q0:    20.81
Episode: 939/7000 | Episode reward:   185.57 | Episode steps: 2500 | Average reward:   109.88 | Step Count: 171824 | Episode Q0:    20.81
Episode: 940/7000 | Episode reward:   144.92 | Episode steps:  295 | Average reward:   114.67 | Step Count: 172119 | Episode Q0:    20.81
Episode: 941/7000 | Episode reward:    95.66 | Episode steps:  298 | Average reward:   118.53 | Step Count: 172417 | Episode Q0:    20.81
Episode: 942/7000 | Episode reward:   265.18 | Episode steps: 2500 | Average reward:   136.33 | Step Count: 174917 | Episode Q0:    20.81
Episode: 943/7000 | Episode reward:   178.47 | Episode steps: 2500 | Average reward:   133.57 | Step Count: 177417 | Episode Q0:    20.81
Episode: 944/7000 | Episode reward:   136.07 | Episode steps:  561 | Average reward:   139.59 | Step Count: 177978 | Episode Q0:    20.81
Episode: 945/7000 | Episode reward:   149.34 | Episode steps:  415 | Average reward:   147.50 | Step Count: 178393 | Episode Q0:    20.81
Episode: 946/7000 | Episode reward:   170.85 | Episode steps:  629 | Average reward:   153.82 | Step Count: 179022 | Episode Q0:    20.81
Episode: 947/7000 | Episode reward:   101.58 | Episode steps:  272 | Average reward:   155.73 | Step Count: 179294 | Episode Q0:    20.81
Episode: 948/7000 | Episode reward:   191.28 | Episode steps:  665 | Average reward:   161.89 | Step Count: 179959 | Episode Q0:    20.81
Episode: 949/7000 | Episode reward:   111.72 | Episode steps:  298 | Average reward:   154.51 | Step Count: 180257 | Episode Q0:    20.81
Episode: 950/7000 | Episode reward:   245.83 | Episode steps:  435 | Average reward:   164.60 | Step Count: 180692 | Episode Q0:    20.81
Episode: 951/7000 | Episode reward:   258.49 | Episode steps:  461 | Average reward:   180.88 | Step Count: 181153 | Episode Q0:    20.81
Episode: 952/7000 | Episode reward:   243.02 | Episode steps:  395 | Average reward:   178.66 | Step Count: 181548 | Episode Q0:    20.81
Episode: 953/7000 | Episode reward:   161.27 | Episode steps: 2500 | Average reward:   176.94 | Step Count: 184048 | Episode Q0:    21.51
Episode: 954/7000 | Episode reward:   351.33 | Episode steps: 2500 | Average reward:   198.47 | Step Count: 186548 | Episode Q0:    21.51
Episode: 955/7000 | Episode reward:   487.70 | Episode steps: 2500 | Average reward:   232.31 | Step Count: 189048 | Episode Q0:    21.51
Episode: 956/7000 | Episode reward:   440.99 | Episode steps: 2444 | Average reward:   259.32 | Step Count: 191492 | Episode Q0:    21.51
Episode: 957/7000 | Episode reward:   400.09 | Episode steps: 2500 | Average reward:   289.17 | Step Count: 193992 | Episode Q0:    21.51
Episode: 958/7000 | Episode reward:   178.69 | Episode steps: 2166 | Average reward:   287.91 | Step Count: 196158 | Episode Q0:    21.51
Episode: 959/7000 | Episode reward:    75.35 | Episode steps:  442 | Average reward:   284.28 | Step Count: 196600 | Episode Q0:    21.51
Episode: 960/7000 | Episode reward:   228.44 | Episode steps:  624 | Average reward:   282.54 | Step Count: 197224 | Episode Q0:    21.51
Episode: 961/7000 | Episode reward:   459.82 | Episode steps: 2304 | Average reward:   302.67 | Step Count: 199528 | Episode Q0:    21.51
Episode: 962/7000 | Episode reward:    82.28 | Episode steps:  421 | Average reward:   286.60 | Step Count: 199949 | Episode Q0:    21.51
Episode: 963/7000 | Episode reward:   258.00 | Episode steps: 2500 | Average reward:   296.27 | Step Count: 202449 | Episode Q0:    21.51
Episode: 964/7000 | Episode reward:   163.15 | Episode steps:  342 | Average reward:   277.45 | Step Count: 202791 | Episode Q0:    21.51
Episode: 965/7000 | Episode reward:   263.32 | Episode steps:  702 | Average reward:   255.01 | Step Count: 203493 | Episode Q0:    21.51
Episode: 966/7000 | Episode reward:   228.59 | Episode steps:  614 | Average reward:   233.77 | Step Count: 204107 | Episode Q0:    21.51
Episode: 967/7000 | Episode reward:   267.73 | Episode steps: 1084 | Average reward:   220.54 | Step Count: 205191 | Episode Q0:    21.51
Episode: 968/7000 | Episode reward:   311.86 | Episode steps: 2500 | Average reward:   233.85 | Step Count: 207691 | Episode Q0:    21.51
Episode: 969/7000 | Episode reward:   370.40 | Episode steps: 2500 | Average reward:   263.36 | Step Count: 210191 | Episode Q0:    21.51
Episode: 970/7000 | Episode reward:    73.27 | Episode steps:  333 | Average reward:   247.84 | Step Count: 210524 | Episode Q0:    21.51
Episode: 971/7000 | Episode reward:   236.34 | Episode steps: 2500 | Average reward:   225.49 | Step Count: 213024 | Episode Q0:    21.51
Episode: 972/7000 | Episode reward:   152.97 | Episode steps:  557 | Average reward:   232.56 | Step Count: 213581 | Episode Q0:    21.51
Episode: 973/7000 | Episode reward:   412.70 | Episode steps: 2500 | Average reward:   248.03 | Step Count: 216081 | Episode Q0:    21.51
Episode: 974/7000 | Episode reward:   104.41 | Episode steps:  230 | Average reward:   242.16 | Step Count: 216311 | Episode Q0:    21.51
Episode: 975/7000 | Episode reward:   316.39 | Episode steps: 2500 | Average reward:   247.47 | Step Count: 218811 | Episode Q0:    21.51
Episode: 976/7000 | Episode reward:    87.37 | Episode steps:  327 | Average reward:   233.34 | Step Count: 219138 | Episode Q0:    21.51
Episode: 977/7000 | Episode reward:   158.47 | Episode steps:  286 | Average reward:   222.42 | Step Count: 219424 | Episode Q0:    21.51
Episode: 978/7000 | Episode reward:   124.76 | Episode steps:  453 | Average reward:   203.71 | Step Count: 219877 | Episode Q0:    21.51
Episode: 979/7000 | Episode reward:    29.96 | Episode steps:  153 | Average reward:   169.66 | Step Count: 220030 | Episode Q0:    21.51
Episode: 980/7000 | Episode reward:    80.41 | Episode steps:  256 | Average reward:   170.38 | Step Count: 220286 | Episode Q0:    21.51
Episode: 981/7000 | Episode reward:   173.17 | Episode steps:  260 | Average reward:   164.06 | Step Count: 220546 | Episode Q0:    21.51
Episode: 982/7000 | Episode reward:   135.02 | Episode steps:  433 | Average reward:   162.27 | Step Count: 220979 | Episode Q0:    21.51
Episode: 983/7000 | Episode reward:    47.41 | Episode steps:  123 | Average reward:   125.74 | Step Count: 221102 | Episode Q0:    21.51
Episode: 984/7000 | Episode reward:    82.85 | Episode steps:  229 | Average reward:   123.58 | Step Count: 221331 | Episode Q0:    21.51
Episode: 985/7000 | Episode reward:   138.22 | Episode steps:  529 | Average reward:   105.76 | Step Count: 221860 | Episode Q0:    21.74
Episode: 986/7000 | Episode reward:    73.99 | Episode steps:  188 | Average reward:   104.43 | Step Count: 222048 | Episode Q0:    21.74
Episode: 987/7000 | Episode reward:    73.21 | Episode steps:  281 | Average reward:    95.90 | Step Count: 222329 | Episode Q0:    21.74
Episode: 988/7000 | Episode reward:   167.11 | Episode steps:  357 | Average reward:   100.13 | Step Count: 222686 | Episode Q0:    21.74
Episode: 989/7000 | Episode reward:   167.59 | Episode steps:  534 | Average reward:   113.90 | Step Count: 223220 | Episode Q0:    21.74
Episode: 990/7000 | Episode reward:   142.40 | Episode steps:  305 | Average reward:   120.10 | Step Count: 223525 | Episode Q0:    21.74
Episode: 991/7000 | Episode reward:    58.89 | Episode steps:  262 | Average reward:   108.67 | Step Count: 223787 | Episode Q0:    21.74
Episode: 992/7000 | Episode reward:   184.54 | Episode steps:  524 | Average reward:   113.62 | Step Count: 224311 | Episode Q0:    21.74
Episode: 993/7000 | Episode reward:    83.76 | Episode steps:  114 | Average reward:   117.26 | Step Count: 224425 | Episode Q0:    21.74
Episode: 994/7000 | Episode reward:    70.14 | Episode steps:  116 | Average reward:   115.98 | Step Count: 224541 | Episode Q0:    21.74
Episode: 995/7000 | Episode reward:    28.25 | Episode steps:  140 | Average reward:   104.99 | Step Count: 224681 | Episode Q0:    21.74
Episode: 996/7000 | Episode reward:    93.70 | Episode steps:  158 | Average reward:   106.96 | Step Count: 224839 | Episode Q0:    21.74
Episode: 997/7000 | Episode reward:    90.18 | Episode steps:  246 | Average reward:   108.66 | Step Count: 225085 | Episode Q0:    21.74
Episode: 998/7000 | Episode reward:    70.10 | Episode steps:  142 | Average reward:    98.95 | Step Count: 225227 | Episode Q0:    21.74
Episode: 999/7000 | Episode reward:   125.49 | Episode steps:  246 | Average reward:    94.74 | Step Count: 225473 | Episode Q0:    21.74
Episode: 1000/7000 | Episode reward:   145.07 | Episode steps:  357 | Average reward:    95.01 | Step Count: 225830 | Episode Q0:    21.74
Episode: 1001/7000 | Episode reward:    61.65 | Episode steps:  172 | Average reward:    95.29 | Step Count: 226002 | Episode Q0:    21.74
Episode: 1002/7000 | Episode reward:   140.41 | Episode steps:  393 | Average reward:    90.87 | Step Count: 226395 | Episode Q0:    21.74
Episode: 1003/7000 | Episode reward:    86.89 | Episode steps:  351 | Average reward:    91.19 | Step Count: 226746 | Episode Q0:    21.74
Episode: 1004/7000 | Episode reward:    92.75 | Episode steps:  335 | Average reward:    93.45 | Step Count: 227081 | Episode Q0:    21.74
Episode: 1005/7000 | Episode reward:   200.90 | Episode steps:  363 | Average reward:   110.71 | Step Count: 227444 | Episode Q0:    21.74
Episode: 1006/7000 | Episode reward:   178.42 | Episode steps:  348 | Average reward:   119.19 | Step Count: 227792 | Episode Q0:    21.74
Episode: 1007/7000 | Episode reward:   123.48 | Episode steps:  265 | Average reward:   122.52 | Step Count: 228057 | Episode Q0:    21.74
Episode: 1008/7000 | Episode reward:   120.79 | Episode steps:  229 | Average reward:   127.59 | Step Count: 228286 | Episode Q0:    21.74
Episode: 1009/7000 | Episode reward:   102.83 | Episode steps:  354 | Average reward:   125.32 | Step Count: 228640 | Episode Q0:    21.74
Episode: 1010/7000 | Episode reward:   109.54 | Episode steps:  167 | Average reward:   121.77 | Step Count: 228807 | Episode Q0:    21.74
Episode: 1011/7000 | Episode reward:   216.11 | Episode steps:  698 | Average reward:   137.21 | Step Count: 229505 | Episode Q0:    21.74
Episode: 1012/7000 | Episode reward:   102.41 | Episode steps:  254 | Average reward:   133.41 | Step Count: 229759 | Episode Q0:    21.74
Episode: 1013/7000 | Episode reward:    93.56 | Episode steps:  333 | Average reward:   134.08 | Step Count: 230092 | Episode Q0:    21.74
Episode: 1014/7000 | Episode reward:    66.67 | Episode steps:  209 | Average reward:   131.47 | Step Count: 230301 | Episode Q0:    21.74
Episode: 1015/7000 | Episode reward:    68.61 | Episode steps:  283 | Average reward:   118.24 | Step Count: 230584 | Episode Q0:    22.42
Episode: 1016/7000 | Episode reward:    98.40 | Episode steps:  328 | Average reward:   110.24 | Step Count: 230912 | Episode Q0:    22.42
Episode: 1017/7000 | Episode reward:   130.75 | Episode steps:  366 | Average reward:   110.97 | Step Count: 231278 | Episode Q0:    22.42
Episode: 1018/7000 | Episode reward:    60.11 | Episode steps:  271 | Average reward:   104.90 | Step Count: 231549 | Episode Q0:    22.42
Episode: 1019/7000 | Episode reward:   125.94 | Episode steps:  339 | Average reward:   107.21 | Step Count: 231888 | Episode Q0:    22.42
Episode: 1020/7000 | Episode reward:   217.64 | Episode steps:  398 | Average reward:   118.02 | Step Count: 232286 | Episode Q0:    22.42
Episode: 1021/7000 | Episode reward:   143.68 | Episode steps:  358 | Average reward:   110.78 | Step Count: 232644 | Episode Q0:    22.42
Episode: 1022/7000 | Episode reward:    85.22 | Episode steps:  186 | Average reward:   109.06 | Step Count: 232830 | Episode Q0:    22.42
Episode: 1023/7000 | Episode reward:    50.80 | Episode steps:  164 | Average reward:   104.78 | Step Count: 232994 | Episode Q0:    22.42
Episode: 1024/7000 | Episode reward:   128.66 | Episode steps:  392 | Average reward:   110.98 | Step Count: 233386 | Episode Q0:    22.42
Episode: 1025/7000 | Episode reward:    76.61 | Episode steps:  211 | Average reward:   111.78 | Step Count: 233597 | Episode Q0:    22.42
Episode: 1026/7000 | Episode reward:    72.67 | Episode steps:  120 | Average reward:   109.21 | Step Count: 233717 | Episode Q0:    22.42
Episode: 1027/7000 | Episode reward:    94.32 | Episode steps:  249 | Average reward:   105.56 | Step Count: 233966 | Episode Q0:    22.42
Episode: 1028/7000 | Episode reward:   107.98 | Episode steps:  235 | Average reward:   110.35 | Step Count: 234201 | Episode Q0:    22.42
Episode: 1029/7000 | Episode reward:   234.48 | Episode steps:  298 | Average reward:   121.21 | Step Count: 234499 | Episode Q0:    22.42
Episode: 1030/7000 | Episode reward:    34.09 | Episode steps:  151 | Average reward:   102.85 | Step Count: 234650 | Episode Q0:    22.42
Episode: 1031/7000 | Episode reward:    31.91 | Episode steps:  121 | Average reward:    91.68 | Step Count: 234771 | Episode Q0:    22.42
Episode: 1032/7000 | Episode reward:   131.84 | Episode steps:  451 | Average reward:    96.34 | Step Count: 235222 | Episode Q0:    22.42
Episode: 1033/7000 | Episode reward:   143.99 | Episode steps:  279 | Average reward:   105.66 | Step Count: 235501 | Episode Q0:    22.42
Episode: 1034/7000 | Episode reward:   141.24 | Episode steps:  196 | Average reward:   106.91 | Step Count: 235697 | Episode Q0:    22.42
Episode: 1035/7000 | Episode reward:    46.49 | Episode steps:  167 | Average reward:   103.90 | Step Count: 235864 | Episode Q0:    22.42
Episode: 1036/7000 | Episode reward:   110.26 | Episode steps:  205 | Average reward:   107.66 | Step Count: 236069 | Episode Q0:    22.42
Episode: 1037/7000 | Episode reward:   109.50 | Episode steps:  232 | Average reward:   109.18 | Step Count: 236301 | Episode Q0:    22.42
Episode: 1038/7000 | Episode reward:    75.82 | Episode steps:  269 | Average reward:   105.96 | Step Count: 236570 | Episode Q0:    22.42
Episode: 1039/7000 | Episode reward:    57.19 | Episode steps:  168 | Average reward:    88.23 | Step Count: 236738 | Episode Q0:    22.42
Episode: 1040/7000 | Episode reward:    95.91 | Episode steps:  264 | Average reward:    94.42 | Step Count: 237002 | Episode Q0:    22.42
Episode: 1041/7000 | Episode reward:    94.00 | Episode steps:  270 | Average reward:   100.62 | Step Count: 237272 | Episode Q0:    22.42
Episode: 1042/7000 | Episode reward:    62.73 | Episode steps:  118 | Average reward:    93.71 | Step Count: 237390 | Episode Q0:    22.42
Episode: 1043/7000 | Episode reward:   121.62 | Episode steps:  325 | Average reward:    91.47 | Step Count: 237715 | Episode Q0:    22.42
Episode: 1044/7000 | Episode reward:   115.29 | Episode steps:  214 | Average reward:    88.88 | Step Count: 237929 | Episode Q0:    22.42
Episode: 1045/7000 | Episode reward:   107.54 | Episode steps:  217 | Average reward:    94.98 | Step Count: 238146 | Episode Q0:    22.42
Episode: 1046/7000 | Episode reward:    50.46 | Episode steps:   96 | Average reward:    89.01 | Step Count: 238242 | Episode Q0:    22.42
Episode: 1047/7000 | Episode reward:    53.72 | Episode steps:  183 | Average reward:    83.43 | Step Count: 238425 | Episode Q0:    22.42
Episode: 1048/7000 | Episode reward:   138.15 | Episode steps:  284 | Average reward:    89.66 | Step Count: 238709 | Episode Q0:    22.42
Episode: 1049/7000 | Episode reward:    69.46 | Episode steps:  113 | Average reward:    90.89 | Step Count: 238822 | Episode Q0:    23.54
Episode: 1050/7000 | Episode reward:    87.63 | Episode steps:  208 | Average reward:    90.06 | Step Count: 239030 | Episode Q0:    23.54
Episode: 1051/7000 | Episode reward:    43.01 | Episode steps:  135 | Average reward:    84.96 | Step Count: 239165 | Episode Q0:    23.54
Episode: 1052/7000 | Episode reward:   165.46 | Episode steps:  202 | Average reward:    95.23 | Step Count: 239367 | Episode Q0:    23.54
Episode: 1053/7000 | Episode reward:    90.75 | Episode steps:  142 | Average reward:    92.15 | Step Count: 239509 | Episode Q0:    23.54
Episode: 1054/7000 | Episode reward:    97.98 | Episode steps:  174 | Average reward:    90.41 | Step Count: 239683 | Episode Q0:    23.54
Episode: 1055/7000 | Episode reward:   110.27 | Episode steps:  288 | Average reward:    90.69 | Step Count: 239971 | Episode Q0:    23.54
Episode: 1056/7000 | Episode reward:    91.92 | Episode steps:  322 | Average reward:    94.83 | Step Count: 240293 | Episode Q0:    23.54
Episode: 1057/7000 | Episode reward:   184.55 | Episode steps:  297 | Average reward:   107.92 | Step Count: 240590 | Episode Q0:    23.54
Episode: 1058/7000 | Episode reward:   174.55 | Episode steps:  254 | Average reward:   111.56 | Step Count: 240844 | Episode Q0:    23.54
Episode: 1059/7000 | Episode reward:    56.91 | Episode steps:  284 | Average reward:   110.30 | Step Count: 241128 | Episode Q0:    23.54
Episode: 1060/7000 | Episode reward:   117.68 | Episode steps:  260 | Average reward:   113.31 | Step Count: 241388 | Episode Q0:    23.54
Episode: 1061/7000 | Episode reward:   131.80 | Episode steps:  289 | Average reward:   122.19 | Step Count: 241677 | Episode Q0:    23.54
Episode: 1062/7000 | Episode reward:   132.70 | Episode steps:  456 | Average reward:   118.91 | Step Count: 242133 | Episode Q0:    23.54
Episode: 1063/7000 | Episode reward:   188.24 | Episode steps:  379 | Average reward:   128.66 | Step Count: 242512 | Episode Q0:    23.54
Episode: 1064/7000 | Episode reward:   102.18 | Episode steps:  295 | Average reward:   129.08 | Step Count: 242807 | Episode Q0:    23.54
Episode: 1065/7000 | Episode reward:   174.67 | Episode steps:  557 | Average reward:   135.52 | Step Count: 243364 | Episode Q0:    23.54
Episode: 1066/7000 | Episode reward:   134.26 | Episode steps:  249 | Average reward:   139.75 | Step Count: 243613 | Episode Q0:    23.54
Episode: 1067/7000 | Episode reward:   141.12 | Episode steps:  183 | Average reward:   135.41 | Step Count: 243796 | Episode Q0:    23.54
Episode: 1068/7000 | Episode reward:    67.08 | Episode steps:  337 | Average reward:   124.66 | Step Count: 244133 | Episode Q0:    23.54
Episode: 1069/7000 | Episode reward:   185.36 | Episode steps:  488 | Average reward:   137.51 | Step Count: 244621 | Episode Q0:    23.54
Episode: 1070/7000 | Episode reward:    47.92 | Episode steps:  104 | Average reward:   130.53 | Step Count: 244725 | Episode Q0:    23.54
Episode: 1071/7000 | Episode reward:   108.03 | Episode steps:  286 | Average reward:   128.16 | Step Count: 245011 | Episode Q0:    23.54
Episode: 1072/7000 | Episode reward:    81.78 | Episode steps:  306 | Average reward:   123.06 | Step Count: 245317 | Episode Q0:    23.54
Episode: 1073/7000 | Episode reward:    93.64 | Episode steps:  335 | Average reward:   113.60 | Step Count: 245652 | Episode Q0:    23.54
Episode: 1074/7000 | Episode reward:   153.04 | Episode steps:  339 | Average reward:   118.69 | Step Count: 245991 | Episode Q0:    23.54
Episode: 1075/7000 | Episode reward:   159.06 | Episode steps:  477 | Average reward:   117.13 | Step Count: 246468 | Episode Q0:    23.54
Episode: 1076/7000 | Episode reward:   188.89 | Episode steps:  374 | Average reward:   122.59 | Step Count: 246842 | Episode Q0:    23.54
Episode: 1077/7000 | Episode reward:   108.09 | Episode steps:  395 | Average reward:   119.29 | Step Count: 247237 | Episode Q0:    23.54
Episode: 1078/7000 | Episode reward:    94.54 | Episode steps:  355 | Average reward:   122.03 | Step Count: 247592 | Episode Q0:    24.48
Episode: 1079/7000 | Episode reward:   260.14 | Episode steps:  561 | Average reward:   129.51 | Step Count: 248153 | Episode Q0:    24.48
Episode: 1080/7000 | Episode reward:    78.67 | Episode steps:  234 | Average reward:   132.59 | Step Count: 248387 | Episode Q0:    24.48
Episode: 1081/7000 | Episode reward:   213.61 | Episode steps:  659 | Average reward:   143.15 | Step Count: 249046 | Episode Q0:    24.48
Episode: 1082/7000 | Episode reward:   156.07 | Episode steps:  589 | Average reward:   150.57 | Step Count: 249635 | Episode Q0:    24.48
Episode: 1083/7000 | Episode reward:   149.57 | Episode steps:  531 | Average reward:   156.17 | Step Count: 250166 | Episode Q0:    24.48
Episode: 1084/7000 | Episode reward:    42.18 | Episode steps:  108 | Average reward:   145.08 | Step Count: 250274 | Episode Q0:    24.48
Episode: 1085/7000 | Episode reward:   129.43 | Episode steps:  255 | Average reward:   142.12 | Step Count: 250529 | Episode Q0:    24.48
Episode: 1086/7000 | Episode reward:    96.25 | Episode steps:  272 | Average reward:   132.85 | Step Count: 250801 | Episode Q0:    24.48
Episode: 1087/7000 | Episode reward:    89.42 | Episode steps:  219 | Average reward:   130.99 | Step Count: 251020 | Episode Q0:    24.48
Episode: 1088/7000 | Episode reward:   165.38 | Episode steps:  490 | Average reward:   138.07 | Step Count: 251510 | Episode Q0:    24.48
Episode: 1089/7000 | Episode reward:   132.99 | Episode steps:  283 | Average reward:   125.36 | Step Count: 251793 | Episode Q0:    24.48
Episode: 1090/7000 | Episode reward:    58.33 | Episode steps:  280 | Average reward:   123.32 | Step Count: 252073 | Episode Q0:    24.48
Episode: 1091/7000 | Episode reward:    75.31 | Episode steps:  204 | Average reward:   109.49 | Step Count: 252277 | Episode Q0:    24.48
Episode: 1092/7000 | Episode reward:    96.23 | Episode steps:  361 | Average reward:   103.51 | Step Count: 252638 | Episode Q0:    24.48
Episode: 1093/7000 | Episode reward:    81.27 | Episode steps:  263 | Average reward:    96.68 | Step Count: 252901 | Episode Q0:    24.48
Episode: 1094/7000 | Episode reward:   138.72 | Episode steps:  316 | Average reward:   106.33 | Step Count: 253217 | Episode Q0:    24.48
Episode: 1095/7000 | Episode reward:   113.68 | Episode steps:  157 | Average reward:   104.76 | Step Count: 253374 | Episode Q0:    24.48
Episode: 1096/7000 | Episode reward:    29.88 | Episode steps:  153 | Average reward:    98.12 | Step Count: 253527 | Episode Q0:    24.48
Episode: 1097/7000 | Episode reward:   260.29 | Episode steps:  596 | Average reward:   115.21 | Step Count: 254123 | Episode Q0:    24.48
Episode: 1098/7000 | Episode reward:    97.04 | Episode steps:  226 | Average reward:   108.37 | Step Count: 254349 | Episode Q0:    24.48
Episode: 1099/7000 | Episode reward:    62.18 | Episode steps:  295 | Average reward:   101.29 | Step Count: 254644 | Episode Q0:    24.48
Episode: 1100/7000 | Episode reward:   195.68 | Episode steps:  544 | Average reward:   115.03 | Step Count: 255188 | Episode Q0:    24.48
Episode: 1101/7000 | Episode reward:   124.56 | Episode steps:  289 | Average reward:   119.95 | Step Count: 255477 | Episode Q0:    24.48
Episode: 1102/7000 | Episode reward:   179.24 | Episode steps:  610 | Average reward:   128.25 | Step Count: 256087 | Episode Q0:    24.48
Episode: 1103/7000 | Episode reward:   212.18 | Episode steps:  651 | Average reward:   141.35 | Step Count: 256738 | Episode Q0:    24.48
Episode: 1104/7000 | Episode reward:   145.16 | Episode steps:  236 | Average reward:   141.99 | Step Count: 256974 | Episode Q0:    24.48
Episode: 1105/7000 | Episode reward:   102.89 | Episode steps:  267 | Average reward:   140.91 | Step Count: 257241 | Episode Q0:    25.52
Episode: 1106/7000 | Episode reward:   230.62 | Episode steps:  510 | Average reward:   160.99 | Step Count: 257751 | Episode Q0:    25.52
Episode: 1107/7000 | Episode reward:    77.60 | Episode steps:  311 | Average reward:   142.72 | Step Count: 258062 | Episode Q0:    25.52
Episode: 1108/7000 | Episode reward:   251.91 | Episode steps:  430 | Average reward:   158.20 | Step Count: 258492 | Episode Q0:    25.52
Episode: 1109/7000 | Episode reward:   277.90 | Episode steps:  450 | Average reward:   179.78 | Step Count: 258942 | Episode Q0:    25.52
Episode: 1110/7000 | Episode reward:    27.95 | Episode steps:  128 | Average reward:   163.00 | Step Count: 259070 | Episode Q0:    25.52
Episode: 1111/7000 | Episode reward:   201.56 | Episode steps:  522 | Average reward:   170.70 | Step Count: 259592 | Episode Q0:    25.52
Episode: 1112/7000 | Episode reward:    70.88 | Episode steps:  343 | Average reward:   159.86 | Step Count: 259935 | Episode Q0:    25.52
Episode: 1113/7000 | Episode reward:    77.94 | Episode steps:  364 | Average reward:   146.44 | Step Count: 260299 | Episode Q0:    25.52
Episode: 1114/7000 | Episode reward:   219.25 | Episode steps:  590 | Average reward:   153.85 | Step Count: 260889 | Episode Q0:    25.52
Episode: 1115/7000 | Episode reward:    87.86 | Episode steps:  209 | Average reward:   152.35 | Step Count: 261098 | Episode Q0:    25.52
Episode: 1116/7000 | Episode reward:   318.84 | Episode steps:  781 | Average reward:   161.17 | Step Count: 261879 | Episode Q0:    25.52
Episode: 1117/7000 | Episode reward:   235.53 | Episode steps:  670 | Average reward:   176.96 | Step Count: 262549 | Episode Q0:    25.52
Episode: 1118/7000 | Episode reward:    82.14 | Episode steps:  311 | Average reward:   159.98 | Step Count: 262860 | Episode Q0:    25.52
Episode: 1119/7000 | Episode reward:   313.04 | Episode steps:  899 | Average reward:   163.50 | Step Count: 263759 | Episode Q0:    25.52
Episode: 1120/7000 | Episode reward:    83.58 | Episode steps:  273 | Average reward:   169.06 | Step Count: 264032 | Episode Q0:    25.52
Episode: 1121/7000 | Episode reward:    82.52 | Episode steps:  341 | Average reward:   157.16 | Step Count: 264373 | Episode Q0:    25.52
Episode: 1122/7000 | Episode reward:    68.56 | Episode steps:  286 | Average reward:   156.93 | Step Count: 264659 | Episode Q0:    25.52
Episode: 1123/7000 | Episode reward:   146.36 | Episode steps:  476 | Average reward:   163.77 | Step Count: 265135 | Episode Q0:    25.52
Episode: 1124/7000 | Episode reward:   104.30 | Episode steps:  147 | Average reward:   152.27 | Step Count: 265282 | Episode Q0:    25.52
Episode: 1125/7000 | Episode reward:   133.49 | Episode steps:  317 | Average reward:   156.84 | Step Count: 265599 | Episode Q0:    25.52
Episode: 1126/7000 | Episode reward:   101.30 | Episode steps:  146 | Average reward:   135.08 | Step Count: 265745 | Episode Q0:    25.52
Episode: 1127/7000 | Episode reward:    90.47 | Episode steps:  149 | Average reward:   120.58 | Step Count: 265894 | Episode Q0:    25.52
Episode: 1128/7000 | Episode reward:   174.55 | Episode steps:  290 | Average reward:   129.82 | Step Count: 266184 | Episode Q0:    25.52
Episode: 1129/7000 | Episode reward:   101.04 | Episode steps:  154 | Average reward:   108.62 | Step Count: 266338 | Episode Q0:    25.52
Episode: 1130/7000 | Episode reward:   164.02 | Episode steps:  523 | Average reward:   116.66 | Step Count: 266861 | Episode Q0:    25.52
Episode: 1131/7000 | Episode reward:   117.20 | Episode steps:  372 | Average reward:   120.13 | Step Count: 267233 | Episode Q0:    25.52
Episode: 1132/7000 | Episode reward:   164.55 | Episode steps:  327 | Average reward:   129.73 | Step Count: 267560 | Episode Q0:    25.52
Episode: 1133/7000 | Episode reward:    85.71 | Episode steps:  147 | Average reward:   123.66 | Step Count: 267707 | Episode Q0:    25.52
Episode: 1134/7000 | Episode reward:    71.78 | Episode steps:  344 | Average reward:   120.41 | Step Count: 268051 | Episode Q0:    25.52
Episode: 1135/7000 | Episode reward:   200.05 | Episode steps:  365 | Average reward:   127.07 | Step Count: 268416 | Episode Q0:    25.52
Episode: 1136/7000 | Episode reward:   110.59 | Episode steps:  303 | Average reward:   128.00 | Step Count: 268719 | Episode Q0:    25.52
Episode: 1137/7000 | Episode reward:    59.28 | Episode steps:  113 | Average reward:   124.88 | Step Count: 268832 | Episode Q0:    25.52
Episode: 1138/7000 | Episode reward:    48.69 | Episode steps:  171 | Average reward:   112.29 | Step Count: 269003 | Episode Q0:    26.05
Episode: 1139/7000 | Episode reward:   127.86 | Episode steps:  310 | Average reward:   114.97 | Step Count: 269313 | Episode Q0:    26.05
Episode: 1140/7000 | Episode reward:   205.18 | Episode steps:  359 | Average reward:   119.09 | Step Count: 269672 | Episode Q0:    26.05
Episode: 1141/7000 | Episode reward:    61.27 | Episode steps:  105 | Average reward:   113.50 | Step Count: 269777 | Episode Q0:    26.05
Episode: 1142/7000 | Episode reward:   126.14 | Episode steps:  292 | Average reward:   109.66 | Step Count: 270069 | Episode Q0:    26.05
Episode: 1143/7000 | Episode reward:   138.88 | Episode steps:  416 | Average reward:   114.97 | Step Count: 270485 | Episode Q0:    26.05
Episode: 1144/7000 | Episode reward:    74.75 | Episode steps:  130 | Average reward:   115.27 | Step Count: 270615 | Episode Q0:    26.05
Episode: 1145/7000 | Episode reward:    91.94 | Episode steps:  286 | Average reward:   104.46 | Step Count: 270901 | Episode Q0:    26.05
Episode: 1146/7000 | Episode reward:   106.61 | Episode steps:  182 | Average reward:   104.06 | Step Count: 271083 | Episode Q0:    26.05
Episode: 1147/7000 | Episode reward:   116.05 | Episode steps:  295 | Average reward:   109.74 | Step Count: 271378 | Episode Q0:    26.05
Episode: 1148/7000 | Episode reward:   170.30 | Episode steps:  224 | Average reward:   121.90 | Step Count: 271602 | Episode Q0:    26.05
Episode: 1149/7000 | Episode reward:   127.00 | Episode steps:  351 | Average reward:   121.81 | Step Count: 271953 | Episode Q0:    26.05
Episode: 1150/7000 | Episode reward:   240.99 | Episode steps:  772 | Average reward:   125.39 | Step Count: 272725 | Episode Q0:    26.05
Episode: 1151/7000 | Episode reward:   225.95 | Episode steps:  555 | Average reward:   141.86 | Step Count: 273280 | Episode Q0:    26.05
Episode: 1152/7000 | Episode reward:   168.44 | Episode steps:  460 | Average reward:   146.09 | Step Count: 273740 | Episode Q0:    26.05
Episode: 1153/7000 | Episode reward:    91.67 | Episode steps:  258 | Average reward:   141.37 | Step Count: 273998 | Episode Q0:    26.05
Episode: 1154/7000 | Episode reward:   208.96 | Episode steps:  548 | Average reward:   154.79 | Step Count: 274546 | Episode Q0:    26.05
Episode: 1155/7000 | Episode reward:   177.51 | Episode steps:  468 | Average reward:   163.35 | Step Count: 275014 | Episode Q0:    26.05
Episode: 1156/7000 | Episode reward:   213.54 | Episode steps:  378 | Average reward:   174.04 | Step Count: 275392 | Episode Q0:    26.05
Episode: 1157/7000 | Episode reward:   227.88 | Episode steps:  518 | Average reward:   185.22 | Step Count: 275910 | Episode Q0:    26.05
Episode: 1158/7000 | Episode reward:   184.13 | Episode steps:  661 | Average reward:   186.61 | Step Count: 276571 | Episode Q0:    26.05
Episode: 1159/7000 | Episode reward:   255.67 | Episode steps:  935 | Average reward:   199.47 | Step Count: 277506 | Episode Q0:    26.05
Episode: 1160/7000 | Episode reward:   178.43 | Episode steps:  305 | Average reward:   193.22 | Step Count: 277811 | Episode Q0:    26.05
Episode: 1161/7000 | Episode reward:   324.61 | Episode steps:  643 | Average reward:   203.08 | Step Count: 278454 | Episode Q0:    26.05
Episode: 1162/7000 | Episode reward:   198.88 | Episode steps:  790 | Average reward:   206.13 | Step Count: 279244 | Episode Q0:    27.12
Episode: 1163/7000 | Episode reward:   223.61 | Episode steps:  838 | Average reward:   219.32 | Step Count: 280082 | Episode Q0:    27.12
Episode: 1164/7000 | Episode reward:   176.25 | Episode steps:  547 | Average reward:   216.05 | Step Count: 280629 | Episode Q0:    27.12
Episode: 1165/7000 | Episode reward:    65.75 | Episode steps:  271 | Average reward:   204.87 | Step Count: 280900 | Episode Q0:    27.12
Episode: 1166/7000 | Episode reward:   148.44 | Episode steps:  437 | Average reward:   198.36 | Step Count: 281337 | Episode Q0:    27.12
Episode: 1167/7000 | Episode reward:   135.27 | Episode steps:  335 | Average reward:   189.10 | Step Count: 281672 | Episode Q0:    27.12
Episode: 1168/7000 | Episode reward:   206.12 | Episode steps:  784 | Average reward:   191.30 | Step Count: 282456 | Episode Q0:    27.12
Episode: 1169/7000 | Episode reward:   128.30 | Episode steps:  308 | Average reward:   178.57 | Step Count: 282764 | Episode Q0:    27.12
Episode: 1170/7000 | Episode reward:   114.54 | Episode steps:  431 | Average reward:   172.18 | Step Count: 283195 | Episode Q0:    27.12
Episode: 1171/7000 | Episode reward:   127.80 | Episode steps:  444 | Average reward:   152.50 | Step Count: 283639 | Episode Q0:    27.12
Episode: 1172/7000 | Episode reward:   116.64 | Episode steps:  423 | Average reward:   144.27 | Step Count: 284062 | Episode Q0:    27.12
Episode: 1173/7000 | Episode reward:   161.77 | Episode steps:  526 | Average reward:   138.09 | Step Count: 284588 | Episode Q0:    27.12
Episode: 1174/7000 | Episode reward:   259.86 | Episode steps:  839 | Average reward:   146.45 | Step Count: 285427 | Episode Q0:    27.12
Episode: 1175/7000 | Episode reward:   222.93 | Episode steps:  648 | Average reward:   162.17 | Step Count: 286075 | Episode Q0:    27.12
Episode: 1176/7000 | Episode reward:   191.66 | Episode steps:  510 | Average reward:   166.49 | Step Count: 286585 | Episode Q0:    27.12
Episode: 1177/7000 | Episode reward:   192.30 | Episode steps:  536 | Average reward:   172.19 | Step Count: 287121 | Episode Q0:    27.12
Episode: 1178/7000 | Episode reward:   169.26 | Episode steps:  590 | Average reward:   168.51 | Step Count: 287711 | Episode Q0:    27.12
Episode: 1179/7000 | Episode reward:   125.88 | Episode steps:  266 | Average reward:   168.26 | Step Count: 287977 | Episode Q0:    27.12
Episode: 1180/7000 | Episode reward:   253.05 | Episode steps:  881 | Average reward:   182.12 | Step Count: 288858 | Episode Q0:    27.12
Episode: 1181/7000 | Episode reward:   192.79 | Episode steps:  789 | Average reward:   188.61 | Step Count: 289647 | Episode Q0:    27.12
Episode: 1182/7000 | Episode reward:   159.29 | Episode steps:  214 | Average reward:   192.88 | Step Count: 289861 | Episode Q0:    27.12
Episode: 1183/7000 | Episode reward:    94.91 | Episode steps:  493 | Average reward:   186.19 | Step Count: 290354 | Episode Q0:    27.12
Episode: 1184/7000 | Episode reward:    97.01 | Episode steps:  325 | Average reward:   169.91 | Step Count: 290679 | Episode Q0:    27.12
Episode: 1185/7000 | Episode reward:   134.37 | Episode steps:  410 | Average reward:   161.05 | Step Count: 291089 | Episode Q0:    27.12
Episode: 1186/7000 | Episode reward:   183.03 | Episode steps:  456 | Average reward:   160.19 | Step Count: 291545 | Episode Q0:    27.12
Episode: 1187/7000 | Episode reward:   108.31 | Episode steps:  248 | Average reward:   151.79 | Step Count: 291793 | Episode Q0:    27.12
Episode: 1188/7000 | Episode reward:   132.38 | Episode steps:  464 | Average reward:   148.10 | Step Count: 292257 | Episode Q0:    27.12
Episode: 1189/7000 | Episode reward:    96.70 | Episode steps:  477 | Average reward:   145.18 | Step Count: 292734 | Episode Q0:    27.12
Episode: 1190/7000 | Episode reward:   139.90 | Episode steps:  489 | Average reward:   133.87 | Step Count: 293223 | Episode Q0:    27.12
Episode: 1191/7000 | Episode reward:   100.85 | Episode steps:  130 | Average reward:   124.68 | Step Count: 293353 | Episode Q0:    28.24
Episode: 1192/7000 | Episode reward:   112.93 | Episode steps:  142 | Average reward:   120.04 | Step Count: 293495 | Episode Q0:    28.24
Episode: 1193/7000 | Episode reward:   243.22 | Episode steps:  667 | Average reward:   134.87 | Step Count: 294162 | Episode Q0:    28.24
Episode: 1194/7000 | Episode reward:   266.19 | Episode steps:  451 | Average reward:   151.79 | Step Count: 294613 | Episode Q0:    28.24
Episode: 1195/7000 | Episode reward:   114.02 | Episode steps:  244 | Average reward:   149.75 | Step Count: 294857 | Episode Q0:    28.24
Episode: 1196/7000 | Episode reward:   182.81 | Episode steps:  361 | Average reward:   149.73 | Step Count: 295218 | Episode Q0:    28.24
Episode: 1197/7000 | Episode reward:    65.43 | Episode steps:  226 | Average reward:   145.44 | Step Count: 295444 | Episode Q0:    28.24
Episode: 1198/7000 | Episode reward:   119.06 | Episode steps:  270 | Average reward:   144.11 | Step Count: 295714 | Episode Q0:    28.24
Episode: 1199/7000 | Episode reward:    51.23 | Episode steps:  104 | Average reward:   139.56 | Step Count: 295818 | Episode Q0:    28.24
Episode: 1200/7000 | Episode reward:   147.95 | Episode steps:  474 | Average reward:   140.37 | Step Count: 296292 | Episode Q0:    28.24
Episode: 1201/7000 | Episode reward:   103.96 | Episode steps:  284 | Average reward:   140.68 | Step Count: 296576 | Episode Q0:    28.24
Episode: 1202/7000 | Episode reward:   120.58 | Episode steps:  177 | Average reward:   141.44 | Step Count: 296753 | Episode Q0:    28.24
Episode: 1203/7000 | Episode reward:   108.20 | Episode steps:  370 | Average reward:   127.94 | Step Count: 297123 | Episode Q0:    28.24
Episode: 1204/7000 | Episode reward:   111.48 | Episode steps:  434 | Average reward:   112.47 | Step Count: 297557 | Episode Q0:    28.24
Episode: 1205/7000 | Episode reward:   150.26 | Episode steps:  491 | Average reward:   116.09 | Step Count: 298048 | Episode Q0:    28.24
Episode: 1206/7000 | Episode reward:   100.97 | Episode steps:  314 | Average reward:   107.91 | Step Count: 298362 | Episode Q0:    28.24
Episode: 1207/7000 | Episode reward:   117.21 | Episode steps:  335 | Average reward:   113.09 | Step Count: 298697 | Episode Q0:    28.24
Episode: 1208/7000 | Episode reward:    91.01 | Episode steps:  346 | Average reward:   110.28 | Step Count: 299043 | Episode Q0:    28.24
Episode: 1209/7000 | Episode reward:   114.01 | Episode steps:  168 | Average reward:   116.56 | Step Count: 299211 | Episode Q0:    28.24
Episode: 1210/7000 | Episode reward:   158.01 | Episode steps:  421 | Average reward:   117.57 | Step Count: 299632 | Episode Q0:    28.24
Episode: 1211/7000 | Episode reward:   170.14 | Episode steps:  342 | Average reward:   124.19 | Step Count: 299974 | Episode Q0:    28.24
Episode: 1212/7000 | Episode reward:   237.14 | Episode steps:  562 | Average reward:   135.84 | Step Count: 300536 | Episode Q0:    28.24
Episode: 1213/7000 | Episode reward:   106.54 | Episode steps:  328 | Average reward:   135.68 | Step Count: 300864 | Episode Q0:    28.24
Episode: 1214/7000 | Episode reward:   127.49 | Episode steps:  300 | Average reward:   137.28 | Step Count: 301164 | Episode Q0:    28.24
Episode: 1215/7000 | Episode reward:   177.82 | Episode steps:  369 | Average reward:   140.03 | Step Count: 301533 | Episode Q0:    28.24
Episode: 1216/7000 | Episode reward:   101.14 | Episode steps:  134 | Average reward:   140.05 | Step Count: 301667 | Episode Q0:    28.24
Episode: 1217/7000 | Episode reward:   160.83 | Episode steps:  553 | Average reward:   144.41 | Step Count: 302220 | Episode Q0:    28.24
Episode: 1218/7000 | Episode reward:   110.10 | Episode steps:  356 | Average reward:   146.32 | Step Count: 302576 | Episode Q0:    28.24
Episode: 1219/7000 | Episode reward:   128.32 | Episode steps:  466 | Average reward:   147.75 | Step Count: 303042 | Episode Q0:    28.24
Episode: 1220/7000 | Episode reward:   174.78 | Episode steps:  362 | Average reward:   149.43 | Step Count: 303404 | Episode Q0:    28.24
Episode: 1221/7000 | Episode reward:   179.57 | Episode steps:  513 | Average reward:   150.37 | Step Count: 303917 | Episode Q0:    28.24
Episode: 1222/7000 | Episode reward:    94.74 | Episode steps:  249 | Average reward:   136.13 | Step Count: 304166 | Episode Q0:    28.68
Episode: 1223/7000 | Episode reward:    77.79 | Episode steps:  113 | Average reward:   133.26 | Step Count: 304279 | Episode Q0:    28.68
Episode: 1224/7000 | Episode reward:    49.81 | Episode steps:  209 | Average reward:   125.49 | Step Count: 304488 | Episode Q0:    28.68
Episode: 1225/7000 | Episode reward:   136.66 | Episode steps:  299 | Average reward:   121.37 | Step Count: 304787 | Episode Q0:    28.68
Episode: 1226/7000 | Episode reward:   246.50 | Episode steps:  572 | Average reward:   135.91 | Step Count: 305359 | Episode Q0:    28.68
Episode: 1227/7000 | Episode reward:    69.28 | Episode steps:  129 | Average reward:   126.75 | Step Count: 305488 | Episode Q0:    28.68
Episode: 1228/7000 | Episode reward:   270.08 | Episode steps:  444 | Average reward:   142.75 | Step Count: 305932 | Episode Q0:    28.68
Episode: 1229/7000 | Episode reward:   109.90 | Episode steps:  247 | Average reward:   140.91 | Step Count: 306179 | Episode Q0:    28.68
Episode: 1230/7000 | Episode reward:   129.37 | Episode steps:  300 | Average reward:   136.37 | Step Count: 306479 | Episode Q0:    28.68
Episode: 1231/7000 | Episode reward:   238.11 | Episode steps:  419 | Average reward:   142.22 | Step Count: 306898 | Episode Q0:    28.68
Episode: 1232/7000 | Episode reward:   133.62 | Episode steps:  464 | Average reward:   146.11 | Step Count: 307362 | Episode Q0:    28.68
Episode: 1233/7000 | Episode reward:   205.24 | Episode steps:  740 | Average reward:   158.86 | Step Count: 308102 | Episode Q0:    28.68
Episode: 1234/7000 | Episode reward:   177.66 | Episode steps:  613 | Average reward:   171.64 | Step Count: 308715 | Episode Q0:    28.68
Episode: 1235/7000 | Episode reward:   169.41 | Episode steps:  341 | Average reward:   174.92 | Step Count: 309056 | Episode Q0:    28.68
Episode: 1236/7000 | Episode reward:    51.00 | Episode steps:  105 | Average reward:   155.37 | Step Count: 309161 | Episode Q0:    28.68
Episode: 1237/7000 | Episode reward:   217.10 | Episode steps:  511 | Average reward:   170.15 | Step Count: 309672 | Episode Q0:    28.68
Episode: 1238/7000 | Episode reward:   164.56 | Episode steps:  369 | Average reward:   159.60 | Step Count: 310041 | Episode Q0:    28.68
Episode: 1239/7000 | Episode reward:    81.33 | Episode steps:  231 | Average reward:   156.74 | Step Count: 310272 | Episode Q0:    28.68
Episode: 1240/7000 | Episode reward:    99.74 | Episode steps:  395 | Average reward:   153.78 | Step Count: 310667 | Episode Q0:    28.68
Episode: 1241/7000 | Episode reward:   198.45 | Episode steps:  461 | Average reward:   149.81 | Step Count: 311128 | Episode Q0:    28.68
Episode: 1242/7000 | Episode reward:   237.23 | Episode steps:  404 | Average reward:   160.17 | Step Count: 311532 | Episode Q0:    28.68
Episode: 1243/7000 | Episode reward:   126.32 | Episode steps:  388 | Average reward:   152.28 | Step Count: 311920 | Episode Q0:    28.68
Episode: 1244/7000 | Episode reward:    91.55 | Episode steps:  217 | Average reward:   143.67 | Step Count: 312137 | Episode Q0:    28.68
Episode: 1245/7000 | Episode reward:    82.76 | Episode steps:  318 | Average reward:   135.01 | Step Count: 312455 | Episode Q0:    28.68
Episode: 1246/7000 | Episode reward:   190.09 | Episode steps:  377 | Average reward:   148.91 | Step Count: 312832 | Episode Q0:    28.68
Episode: 1247/7000 | Episode reward:   226.23 | Episode steps:  482 | Average reward:   149.83 | Step Count: 313314 | Episode Q0:    28.68
Episode: 1248/7000 | Episode reward:    81.66 | Episode steps:  348 | Average reward:   141.54 | Step Count: 313662 | Episode Q0:    28.68
Episode: 1249/7000 | Episode reward:   120.82 | Episode steps:  308 | Average reward:   145.49 | Step Count: 313970 | Episode Q0:    28.68
Episode: 1250/7000 | Episode reward:   255.02 | Episode steps:  546 | Average reward:   161.01 | Step Count: 314516 | Episode Q0:    29.72
Episode: 1251/7000 | Episode reward:   128.88 | Episode steps:  300 | Average reward:   154.06 | Step Count: 314816 | Episode Q0:    29.72
Episode: 1252/7000 | Episode reward:   247.84 | Episode steps:  704 | Average reward:   155.12 | Step Count: 315520 | Episode Q0:    29.72
Episode: 1253/7000 | Episode reward:   256.68 | Episode steps:  584 | Average reward:   168.15 | Step Count: 316104 | Episode Q0:    29.72
Episode: 1254/7000 | Episode reward:   175.68 | Episode steps:  499 | Average reward:   176.57 | Step Count: 316603 | Episode Q0:    29.72
Episode: 1255/7000 | Episode reward:   183.76 | Episode steps:  566 | Average reward:   186.67 | Step Count: 317169 | Episode Q0:    29.72
Episode: 1256/7000 | Episode reward:   116.68 | Episode steps:  409 | Average reward:   179.32 | Step Count: 317578 | Episode Q0:    29.72
Episode: 1257/7000 | Episode reward:   127.83 | Episode steps:  238 | Average reward:   169.48 | Step Count: 317816 | Episode Q0:    29.72
Episode: 1258/7000 | Episode reward:   201.39 | Episode steps:  481 | Average reward:   181.46 | Step Count: 318297 | Episode Q0:    29.72
Episode: 1259/7000 | Episode reward:   167.61 | Episode steps:  347 | Average reward:   186.14 | Step Count: 318644 | Episode Q0:    29.72
Episode: 1260/7000 | Episode reward:   209.54 | Episode steps:  555 | Average reward:   181.59 | Step Count: 319199 | Episode Q0:    29.72
Episode: 1261/7000 | Episode reward:    70.19 | Episode steps:  165 | Average reward:   175.72 | Step Count: 319364 | Episode Q0:    29.72
Episode: 1262/7000 | Episode reward:   135.41 | Episode steps:  437 | Average reward:   164.48 | Step Count: 319801 | Episode Q0:    29.72
Episode: 1263/7000 | Episode reward:   173.02 | Episode steps:  575 | Average reward:   156.11 | Step Count: 320376 | Episode Q0:    29.72
Episode: 1264/7000 | Episode reward:   218.75 | Episode steps:  465 | Average reward:   160.42 | Step Count: 320841 | Episode Q0:    29.72
Episode: 1265/7000 | Episode reward:   172.57 | Episode steps:  337 | Average reward:   159.30 | Step Count: 321178 | Episode Q0:    29.72
Episode: 1266/7000 | Episode reward:   325.10 | Episode steps:  856 | Average reward:   180.14 | Step Count: 322034 | Episode Q0:    29.72
Episode: 1267/7000 | Episode reward:   256.77 | Episode steps:  773 | Average reward:   193.04 | Step Count: 322807 | Episode Q0:    29.72
Episode: 1268/7000 | Episode reward:   244.29 | Episode steps:  437 | Average reward:   197.33 | Step Count: 323244 | Episode Q0:    29.72
Episode: 1269/7000 | Episode reward:   199.94 | Episode steps:  619 | Average reward:   200.56 | Step Count: 323863 | Episode Q0:    29.72
Episode: 1270/7000 | Episode reward:   189.31 | Episode steps:  368 | Average reward:   198.54 | Step Count: 324231 | Episode Q0:    29.72
Episode: 1271/7000 | Episode reward:   313.37 | Episode steps:  760 | Average reward:   222.85 | Step Count: 324991 | Episode Q0:    29.72
Episode: 1272/7000 | Episode reward:   400.60 | Episode steps: 1189 | Average reward:   249.37 | Step Count: 326180 | Episode Q0:    29.72
Episode: 1273/7000 | Episode reward:   172.34 | Episode steps:  494 | Average reward:   249.31 | Step Count: 326674 | Episode Q0:    29.72
Episode: 1274/7000 | Episode reward:    84.96 | Episode steps:  266 | Average reward:   235.93 | Step Count: 326940 | Episode Q0:    29.72
Episode: 1275/7000 | Episode reward:   123.22 | Episode steps:  384 | Average reward:   230.99 | Step Count: 327324 | Episode Q0:    30.42
Episode: 1276/7000 | Episode reward:   115.41 | Episode steps:  158 | Average reward:   210.02 | Step Count: 327482 | Episode Q0:    30.42
Episode: 1277/7000 | Episode reward:   190.95 | Episode steps:  373 | Average reward:   203.44 | Step Count: 327855 | Episode Q0:    30.42
Episode: 1278/7000 | Episode reward:   171.38 | Episode steps:  562 | Average reward:   196.15 | Step Count: 328417 | Episode Q0:    30.42
Episode: 1279/7000 | Episode reward:   343.66 | Episode steps:  798 | Average reward:   210.52 | Step Count: 329215 | Episode Q0:    30.42
Episode: 1280/7000 | Episode reward:   117.93 | Episode steps:  392 | Average reward:   203.38 | Step Count: 329607 | Episode Q0:    30.42
Episode: 1281/7000 | Episode reward:    43.62 | Episode steps:  195 | Average reward:   176.41 | Step Count: 329802 | Episode Q0:    30.42
Episode: 1282/7000 | Episode reward:   344.62 | Episode steps: 1121 | Average reward:   170.81 | Step Count: 330923 | Episode Q0:    30.42
Episode: 1283/7000 | Episode reward:   305.54 | Episode steps:  618 | Average reward:   184.13 | Step Count: 331541 | Episode Q0:    30.42
Episode: 1284/7000 | Episode reward:   320.36 | Episode steps:  739 | Average reward:   207.67 | Step Count: 332280 | Episode Q0:    30.42
Episode: 1285/7000 | Episode reward:   304.74 | Episode steps:  812 | Average reward:   225.82 | Step Count: 333092 | Episode Q0:    30.42
Episode: 1286/7000 | Episode reward:   267.69 | Episode steps:  706 | Average reward:   241.05 | Step Count: 333798 | Episode Q0:    30.42
Episode: 1287/7000 | Episode reward:   131.41 | Episode steps:  409 | Average reward:   235.09 | Step Count: 334207 | Episode Q0:    30.42
Episode: 1288/7000 | Episode reward:   260.79 | Episode steps:  679 | Average reward:   244.04 | Step Count: 334886 | Episode Q0:    30.42
Episode: 1289/7000 | Episode reward:    68.80 | Episode steps:  329 | Average reward:   216.55 | Step Count: 335215 | Episode Q0:    30.42
Episode: 1290/7000 | Episode reward:   152.88 | Episode steps:  465 | Average reward:   220.05 | Step Count: 335680 | Episode Q0:    30.42
Episode: 1291/7000 | Episode reward:   355.22 | Episode steps:  786 | Average reward:   251.21 | Step Count: 336466 | Episode Q0:    30.42
Episode: 1292/7000 | Episode reward:   274.20 | Episode steps:  982 | Average reward:   244.16 | Step Count: 337448 | Episode Q0:    30.42
Episode: 1293/7000 | Episode reward:    71.51 | Episode steps:  266 | Average reward:   220.76 | Step Count: 337714 | Episode Q0:    30.42
Episode: 1294/7000 | Episode reward:   266.20 | Episode steps:  422 | Average reward:   215.34 | Step Count: 338136 | Episode Q0:    30.42
Episode: 1295/7000 | Episode reward:   276.11 | Episode steps:  827 | Average reward:   212.48 | Step Count: 338963 | Episode Q0:    30.42
Episode: 1296/7000 | Episode reward:   311.98 | Episode steps:  740 | Average reward:   216.91 | Step Count: 339703 | Episode Q0:    30.42
Episode: 1297/7000 | Episode reward:   291.45 | Episode steps:  740 | Average reward:   232.91 | Step Count: 340443 | Episode Q0:    30.42
Episode: 1298/7000 | Episode reward:   103.27 | Episode steps:  134 | Average reward:   217.16 | Step Count: 340577 | Episode Q0:    30.42
Episode: 1299/7000 | Episode reward:   153.32 | Episode steps:  242 | Average reward:   225.61 | Step Count: 340819 | Episode Q0:    30.42
Episode: 1300/7000 | Episode reward:    63.76 | Episode steps:  112 | Average reward:   216.70 | Step Count: 340931 | Episode Q0:    30.42
Episode: 1301/7000 | Episode reward:   231.45 | Episode steps:  467 | Average reward:   204.32 | Step Count: 341398 | Episode Q0:    30.42
Episode: 1302/7000 | Episode reward:   150.64 | Episode steps:  187 | Average reward:   191.97 | Step Count: 341585 | Episode Q0:    31.11
Episode: 1303/7000 | Episode reward:    90.68 | Episode steps:  258 | Average reward:   193.88 | Step Count: 341843 | Episode Q0:    31.11
Episode: 1304/7000 | Episode reward:    97.12 | Episode steps:  319 | Average reward:   176.98 | Step Count: 342162 | Episode Q0:    31.11
Episode: 1305/7000 | Episode reward:   176.22 | Episode steps:  346 | Average reward:   166.99 | Step Count: 342508 | Episode Q0:    31.11
Episode: 1306/7000 | Episode reward:   236.45 | Episode steps:  555 | Average reward:   159.43 | Step Count: 343063 | Episode Q0:    31.11
Episode: 1307/7000 | Episode reward:   127.64 | Episode steps:  381 | Average reward:   143.05 | Step Count: 343444 | Episode Q0:    31.11
Episode: 1308/7000 | Episode reward:   242.54 | Episode steps:  756 | Average reward:   156.98 | Step Count: 344200 | Episode Q0:    31.11
Episode: 1309/7000 | Episode reward:   281.54 | Episode steps:  461 | Average reward:   169.80 | Step Count: 344661 | Episode Q0:    31.11
Episode: 1310/7000 | Episode reward:   150.30 | Episode steps:  450 | Average reward:   178.46 | Step Count: 345111 | Episode Q0:    31.11
Episode: 1311/7000 | Episode reward:    83.63 | Episode steps:  275 | Average reward:   163.68 | Step Count: 345386 | Episode Q0:    31.11
Episode: 1312/7000 | Episode reward:   107.59 | Episode steps:  149 | Average reward:   159.37 | Step Count: 345535 | Episode Q0:    31.11
Episode: 1313/7000 | Episode reward:   232.97 | Episode steps:  682 | Average reward:   173.60 | Step Count: 346217 | Episode Q0:    31.11
Episode: 1314/7000 | Episode reward:   251.00 | Episode steps:  771 | Average reward:   188.99 | Step Count: 346988 | Episode Q0:    31.11
Episode: 1315/7000 | Episode reward:   173.48 | Episode steps:  503 | Average reward:   188.71 | Step Count: 347491 | Episode Q0:    31.11
Episode: 1316/7000 | Episode reward:   247.79 | Episode steps:  681 | Average reward:   189.85 | Step Count: 348172 | Episode Q0:    31.11
Episode: 1317/7000 | Episode reward:    66.20 | Episode steps:  220 | Average reward:   183.70 | Step Count: 348392 | Episode Q0:    31.11
Episode: 1318/7000 | Episode reward:   247.39 | Episode steps:  778 | Average reward:   184.19 | Step Count: 349170 | Episode Q0:    31.11
Episode: 1319/7000 | Episode reward:   184.26 | Episode steps:  355 | Average reward:   174.46 | Step Count: 349525 | Episode Q0:    31.11
Episode: 1320/7000 | Episode reward:   252.79 | Episode steps:  414 | Average reward:   184.71 | Step Count: 349939 | Episode Q0:    31.11
Episode: 1321/7000 | Episode reward:   156.76 | Episode steps:  535 | Average reward:   192.02 | Step Count: 350474 | Episode Q0:    31.11
Episode: 1322/7000 | Episode reward:   211.90 | Episode steps:  393 | Average reward:   202.45 | Step Count: 350867 | Episode Q0:    31.11
Episode: 1323/7000 | Episode reward:   125.79 | Episode steps:  281 | Average reward:   191.74 | Step Count: 351148 | Episode Q0:    31.11
Episode: 1324/7000 | Episode reward:   212.24 | Episode steps:  411 | Average reward:   187.86 | Step Count: 351559 | Episode Q0:    31.11
Episode: 1325/7000 | Episode reward:    97.95 | Episode steps:  249 | Average reward:   180.31 | Step Count: 351808 | Episode Q0:    31.11
Episode: 1326/7000 | Episode reward:   228.78 | Episode steps:  659 | Average reward:   178.41 | Step Count: 352467 | Episode Q0:    31.11
Episode: 1327/7000 | Episode reward:    79.49 | Episode steps:  314 | Average reward:   179.74 | Step Count: 352781 | Episode Q0:    31.11
Episode: 1328/7000 | Episode reward:   114.26 | Episode steps:  248 | Average reward:   166.42 | Step Count: 353029 | Episode Q0:    31.11
Episode: 1329/7000 | Episode reward:   174.24 | Episode steps:  621 | Average reward:   165.42 | Step Count: 353650 | Episode Q0:    31.11
Episode: 1330/7000 | Episode reward:   153.24 | Episode steps:  473 | Average reward:   155.47 | Step Count: 354123 | Episode Q0:    31.11
Episode: 1331/7000 | Episode reward:   154.24 | Episode steps:  194 | Average reward:   155.21 | Step Count: 354317 | Episode Q0:    31.11
Episode: 1332/7000 | Episode reward:   165.59 | Episode steps:  402 | Average reward:   150.58 | Step Count: 354719 | Episode Q0:    31.73
Episode: 1333/7000 | Episode reward:    79.50 | Episode steps:  210 | Average reward:   145.95 | Step Count: 354929 | Episode Q0:    31.73
Episode: 1334/7000 | Episode reward:   191.30 | Episode steps:  437 | Average reward:   143.86 | Step Count: 355366 | Episode Q0:    31.73
Episode: 1335/7000 | Episode reward:    77.03 | Episode steps:  132 | Average reward:   141.77 | Step Count: 355498 | Episode Q0:    31.73
Episode: 1336/7000 | Episode reward:    67.51 | Episode steps:  197 | Average reward:   125.64 | Step Count: 355695 | Episode Q0:    31.73
Episode: 1337/7000 | Episode reward:    53.24 | Episode steps:  198 | Average reward:   123.02 | Step Count: 355893 | Episode Q0:    31.73
Episode: 1338/7000 | Episode reward:    56.60 | Episode steps:  226 | Average reward:   117.25 | Step Count: 356119 | Episode Q0:    31.73
Episode: 1339/7000 | Episode reward:   149.89 | Episode steps:  315 | Average reward:   114.82 | Step Count: 356434 | Episode Q0:    31.73
Episode: 1340/7000 | Episode reward:   163.73 | Episode steps:  477 | Average reward:   115.86 | Step Count: 356911 | Episode Q0:    31.73
Episode: 1341/7000 | Episode reward:   100.17 | Episode steps:  300 | Average reward:   110.46 | Step Count: 357211 | Episode Q0:    31.73
Episode: 1342/7000 | Episode reward:    65.89 | Episode steps:  232 | Average reward:   100.49 | Step Count: 357443 | Episode Q0:    31.73
Episode: 1343/7000 | Episode reward:   148.44 | Episode steps:  395 | Average reward:   107.38 | Step Count: 357838 | Episode Q0:    31.73
Episode: 1344/7000 | Episode reward:   164.03 | Episode steps:  460 | Average reward:   104.65 | Step Count: 358298 | Episode Q0:    31.73
Episode: 1345/7000 | Episode reward:   241.77 | Episode steps:  491 | Average reward:   121.13 | Step Count: 358789 | Episode Q0:    31.73
Episode: 1346/7000 | Episode reward:   240.79 | Episode steps:  416 | Average reward:   138.45 | Step Count: 359205 | Episode Q0:    31.73
Episode: 1347/7000 | Episode reward:   198.33 | Episode steps:  378 | Average reward:   152.96 | Step Count: 359583 | Episode Q0:    31.73
Episode: 1348/7000 | Episode reward:   200.74 | Episode steps:  601 | Average reward:   167.38 | Step Count: 360184 | Episode Q0:    31.73
Episode: 1349/7000 | Episode reward:   120.92 | Episode steps:  251 | Average reward:   164.48 | Step Count: 360435 | Episode Q0:    31.73
Episode: 1350/7000 | Episode reward:   220.87 | Episode steps:  650 | Average reward:   170.19 | Step Count: 361085 | Episode Q0:    31.73
Episode: 1351/7000 | Episode reward:   166.43 | Episode steps:  355 | Average reward:   176.82 | Step Count: 361440 | Episode Q0:    31.73
Episode: 1352/7000 | Episode reward:   253.87 | Episode steps:  455 | Average reward:   195.62 | Step Count: 361895 | Episode Q0:    31.73
Episode: 1353/7000 | Episode reward:   218.19 | Episode steps:  506 | Average reward:   202.59 | Step Count: 362401 | Episode Q0:    31.73
Episode: 1354/7000 | Episode reward:   198.91 | Episode steps:  454 | Average reward:   206.08 | Step Count: 362855 | Episode Q0:    31.73
Episode: 1355/7000 | Episode reward:   265.75 | Episode steps:  816 | Average reward:   208.48 | Step Count: 363671 | Episode Q0:    31.73
Episode: 1356/7000 | Episode reward:   236.51 | Episode steps:  697 | Average reward:   208.05 | Step Count: 364368 | Episode Q0:    31.73
Episode: 1357/7000 | Episode reward:   139.29 | Episode steps:  174 | Average reward:   202.15 | Step Count: 364542 | Episode Q0:    31.73
Episode: 1358/7000 | Episode reward:   327.80 | Episode steps: 1030 | Average reward:   214.85 | Step Count: 365572 | Episode Q0:    31.73
Episode: 1359/7000 | Episode reward:   133.62 | Episode steps:  326 | Average reward:   216.12 | Step Count: 365898 | Episode Q0:    31.73
Episode: 1360/7000 | Episode reward:    70.50 | Episode steps:  286 | Average reward:   201.09 | Step Count: 366184 | Episode Q0:    31.73
Episode: 1361/7000 | Episode reward:    44.99 | Episode steps:  119 | Average reward:   188.94 | Step Count: 366303 | Episode Q0:    31.73
Episode: 1362/7000 | Episode reward:    91.70 | Episode steps:  156 | Average reward:   172.72 | Step Count: 366459 | Episode Q0:    32.16
Episode: 1363/7000 | Episode reward:   142.40 | Episode steps:  454 | Average reward:   165.14 | Step Count: 366913 | Episode Q0:    32.16
Episode: 1364/7000 | Episode reward:    83.58 | Episode steps:  222 | Average reward:   153.61 | Step Count: 367135 | Episode Q0:    32.16
Episode: 1365/7000 | Episode reward:   273.58 | Episode steps:  772 | Average reward:   154.39 | Step Count: 367907 | Episode Q0:    32.16
Episode: 1366/7000 | Episode reward:    88.02 | Episode steps:  151 | Average reward:   139.55 | Step Count: 368058 | Episode Q0:    32.16
Episode: 1367/7000 | Episode reward:   350.99 | Episode steps:  635 | Average reward:   160.72 | Step Count: 368693 | Episode Q0:    32.16
Episode: 1368/7000 | Episode reward:   293.88 | Episode steps:  802 | Average reward:   157.32 | Step Count: 369495 | Episode Q0:    32.16
Episode: 1369/7000 | Episode reward:    84.10 | Episode steps:  157 | Average reward:   152.37 | Step Count: 369652 | Episode Q0:    32.16
Episode: 1370/7000 | Episode reward:   161.48 | Episode steps:  360 | Average reward:   161.47 | Step Count: 370012 | Episode Q0:    32.16
Episode: 1371/7000 | Episode reward:    40.99 | Episode steps:  184 | Average reward:   161.07 | Step Count: 370196 | Episode Q0:    32.16
Episode: 1372/7000 | Episode reward:   131.85 | Episode steps:  174 | Average reward:   165.09 | Step Count: 370370 | Episode Q0:    32.16
Episode: 1373/7000 | Episode reward:   110.40 | Episode steps:  359 | Average reward:   161.89 | Step Count: 370729 | Episode Q0:    32.16
Episode: 1374/7000 | Episode reward:   255.89 | Episode steps:  836 | Average reward:   179.12 | Step Count: 371565 | Episode Q0:    32.16
Episode: 1375/7000 | Episode reward:   252.86 | Episode steps:  690 | Average reward:   177.05 | Step Count: 372255 | Episode Q0:    32.16
Episode: 1376/7000 | Episode reward:    79.26 | Episode steps:  243 | Average reward:   176.17 | Step Count: 372498 | Episode Q0:    32.16
Episode: 1377/7000 | Episode reward:   213.36 | Episode steps:  379 | Average reward:   162.41 | Step Count: 372877 | Episode Q0:    32.16
Episode: 1378/7000 | Episode reward:   267.53 | Episode steps:  692 | Average reward:   159.77 | Step Count: 373569 | Episode Q0:    32.16
Episode: 1379/7000 | Episode reward:   255.28 | Episode steps:  507 | Average reward:   176.89 | Step Count: 374076 | Episode Q0:    32.16
Episode: 1380/7000 | Episode reward:   212.29 | Episode steps:  655 | Average reward:   181.97 | Step Count: 374731 | Episode Q0:    32.16
Episode: 1381/7000 | Episode reward:   319.50 | Episode steps: 1009 | Average reward:   209.82 | Step Count: 375740 | Episode Q0:    32.16
Episode: 1382/7000 | Episode reward:    91.79 | Episode steps:  128 | Average reward:   205.82 | Step Count: 375868 | Episode Q0:    32.16
Episode: 1383/7000 | Episode reward:   188.34 | Episode steps:  384 | Average reward:   213.61 | Step Count: 376252 | Episode Q0:    32.16
Episode: 1384/7000 | Episode reward:   200.18 | Episode steps:  645 | Average reward:   208.04 | Step Count: 376897 | Episode Q0:    32.16
Episode: 1385/7000 | Episode reward:   115.33 | Episode steps:  439 | Average reward:   194.29 | Step Count: 377336 | Episode Q0:    32.16
Episode: 1386/7000 | Episode reward:   217.95 | Episode steps:  410 | Average reward:   208.15 | Step Count: 377746 | Episode Q0:    32.16
Episode: 1387/7000 | Episode reward:   122.55 | Episode steps:  169 | Average reward:   199.07 | Step Count: 377915 | Episode Q0:    32.16
Episode: 1388/7000 | Episode reward:   286.22 | Episode steps:  828 | Average reward:   200.94 | Step Count: 378743 | Episode Q0:    33.20
Episode: 1389/7000 | Episode reward:    75.99 | Episode steps:  145 | Average reward:   183.01 | Step Count: 378888 | Episode Q0:    33.20
Episode: 1390/7000 | Episode reward:   340.90 | Episode steps:  786 | Average reward:   195.88 | Step Count: 379674 | Episode Q0:    33.20
Episode: 1391/7000 | Episode reward:   395.58 | Episode steps:  597 | Average reward:   203.48 | Step Count: 380271 | Episode Q0:    33.20
Episode: 1392/7000 | Episode reward:    78.96 | Episode steps:  204 | Average reward:   202.20 | Step Count: 380475 | Episode Q0:    33.20
Episode: 1393/7000 | Episode reward:   142.44 | Episode steps:  458 | Average reward:   197.61 | Step Count: 380933 | Episode Q0:    33.20
Episode: 1394/7000 | Episode reward:   159.48 | Episode steps:  517 | Average reward:   193.54 | Step Count: 381450 | Episode Q0:    33.20
Episode: 1395/7000 | Episode reward:   169.87 | Episode steps:  501 | Average reward:   199.00 | Step Count: 381951 | Episode Q0:    33.20
Episode: 1396/7000 | Episode reward:   310.23 | Episode steps:  742 | Average reward:   208.22 | Step Count: 382693 | Episode Q0:    33.20
Episode: 1397/7000 | Episode reward:   230.97 | Episode steps:  407 | Average reward:   219.06 | Step Count: 383100 | Episode Q0:    33.20
Episode: 1398/7000 | Episode reward:   144.63 | Episode steps:  348 | Average reward:   204.91 | Step Count: 383448 | Episode Q0:    33.20
Episode: 1399/7000 | Episode reward:   114.93 | Episode steps:  178 | Average reward:   208.80 | Step Count: 383626 | Episode Q0:    33.20
Episode: 1400/7000 | Episode reward:   214.68 | Episode steps:  658 | Average reward:   196.18 | Step Count: 384284 | Episode Q0:    33.20
Episode: 1401/7000 | Episode reward:   279.83 | Episode steps:  724 | Average reward:   184.60 | Step Count: 385008 | Episode Q0:    33.20
Episode: 1402/7000 | Episode reward:    72.56 | Episode steps:  211 | Average reward:   183.96 | Step Count: 385219 | Episode Q0:    33.20
Episode: 1403/7000 | Episode reward:    84.88 | Episode steps:  228 | Average reward:   178.21 | Step Count: 385447 | Episode Q0:    33.20
Episode: 1404/7000 | Episode reward:    53.71 | Episode steps:  199 | Average reward:   167.63 | Step Count: 385646 | Episode Q0:    33.20
Episode: 1405/7000 | Episode reward:   218.64 | Episode steps:  378 | Average reward:   172.51 | Step Count: 386024 | Episode Q0:    33.20
Episode: 1406/7000 | Episode reward:   103.48 | Episode steps:  433 | Average reward:   151.83 | Step Count: 386457 | Episode Q0:    33.20
Episode: 1407/7000 | Episode reward:   258.26 | Episode steps:  443 | Average reward:   154.56 | Step Count: 386900 | Episode Q0:    33.20
Episode: 1408/7000 | Episode reward:   129.58 | Episode steps:  384 | Average reward:   153.05 | Step Count: 387284 | Episode Q0:    33.20
Episode: 1409/7000 | Episode reward:   147.77 | Episode steps:  184 | Average reward:   156.34 | Step Count: 387468 | Episode Q0:    33.20
Episode: 1410/7000 | Episode reward:   158.46 | Episode steps:  389 | Average reward:   150.72 | Step Count: 387857 | Episode Q0:    33.20
Episode: 1411/7000 | Episode reward:   157.29 | Episode steps:  494 | Average reward:   138.46 | Step Count: 388351 | Episode Q0:    33.20
Episode: 1412/7000 | Episode reward:    78.55 | Episode steps:  146 | Average reward:   139.06 | Step Count: 388497 | Episode Q0:    33.20
Episode: 1413/7000 | Episode reward:   181.44 | Episode steps:  347 | Average reward:   148.72 | Step Count: 388844 | Episode Q0:    33.20
Episode: 1414/7000 | Episode reward:   290.24 | Episode steps:  460 | Average reward:   172.37 | Step Count: 389304 | Episode Q0:    33.20
Episode: 1415/7000 | Episode reward:   186.66 | Episode steps:  499 | Average reward:   169.17 | Step Count: 389803 | Episode Q0:    33.20
Episode: 1416/7000 | Episode reward:   249.56 | Episode steps:  893 | Average reward:   183.78 | Step Count: 390696 | Episode Q0:    33.20
Episode: 1417/7000 | Episode reward:    72.26 | Episode steps:  217 | Average reward:   165.18 | Step Count: 390913 | Episode Q0:    33.81
Episode: 1418/7000 | Episode reward:   178.60 | Episode steps:  509 | Average reward:   170.08 | Step Count: 391422 | Episode Q0:    33.81
Episode: 1419/7000 | Episode reward:   289.28 | Episode steps:  492 | Average reward:   184.23 | Step Count: 391914 | Episode Q0:    33.81
Episode: 1420/7000 | Episode reward:   272.53 | Episode steps:  698 | Average reward:   195.64 | Step Count: 392612 | Episode Q0:    33.81
Episode: 1421/7000 | Episode reward:    77.31 | Episode steps:  121 | Average reward:   187.64 | Step Count: 392733 | Episode Q0:    33.81
Episode: 1422/7000 | Episode reward:   118.47 | Episode steps:  329 | Average reward:   191.63 | Step Count: 393062 | Episode Q0:    33.81
Episode: 1423/7000 | Episode reward:   106.58 | Episode steps:  292 | Average reward:   184.15 | Step Count: 393354 | Episode Q0:    33.81
Episode: 1424/7000 | Episode reward:   203.38 | Episode steps:  619 | Average reward:   175.46 | Step Count: 393973 | Episode Q0:    33.81
Episode: 1425/7000 | Episode reward:    70.80 | Episode steps:  293 | Average reward:   163.88 | Step Count: 394266 | Episode Q0:    33.81
Episode: 1426/7000 | Episode reward:   154.52 | Episode steps:  478 | Average reward:   154.37 | Step Count: 394744 | Episode Q0:    33.81
Episode: 1427/7000 | Episode reward:   128.33 | Episode steps:  311 | Average reward:   159.98 | Step Count: 395055 | Episode Q0:    33.81
Episode: 1428/7000 | Episode reward:   202.39 | Episode steps:  528 | Average reward:   162.36 | Step Count: 395583 | Episode Q0:    33.81
Episode: 1429/7000 | Episode reward:   277.36 | Episode steps:  726 | Average reward:   161.17 | Step Count: 396309 | Episode Q0:    33.81
Episode: 1430/7000 | Episode reward:   215.90 | Episode steps:  666 | Average reward:   155.50 | Step Count: 396975 | Episode Q0:    33.81
Episode: 1431/7000 | Episode reward:   145.40 | Episode steps:  403 | Average reward:   162.31 | Step Count: 397378 | Episode Q0:    33.81
Episode: 1432/7000 | Episode reward:   145.82 | Episode steps:  337 | Average reward:   165.05 | Step Count: 397715 | Episode Q0:    33.81
Episode: 1433/7000 | Episode reward:    61.20 | Episode steps:  188 | Average reward:   160.51 | Step Count: 397903 | Episode Q0:    33.81
Episode: 1434/7000 | Episode reward:    42.74 | Episode steps:  114 | Average reward:   144.45 | Step Count: 398017 | Episode Q0:    33.81
Episode: 1435/7000 | Episode reward:   177.52 | Episode steps:  236 | Average reward:   155.12 | Step Count: 398253 | Episode Q0:    33.81
Episode: 1436/7000 | Episode reward:   111.05 | Episode steps:  139 | Average reward:   150.77 | Step Count: 398392 | Episode Q0:    33.81
Episode: 1437/7000 | Episode reward:   149.00 | Episode steps:  292 | Average reward:   152.84 | Step Count: 398684 | Episode Q0:    33.81
Episode: 1438/7000 | Episode reward:    82.35 | Episode steps:  122 | Average reward:   140.83 | Step Count: 398806 | Episode Q0:    33.81
Episode: 1439/7000 | Episode reward:    38.30 | Episode steps:  100 | Average reward:   116.93 | Step Count: 398906 | Episode Q0:    33.81
Episode: 1440/7000 | Episode reward:   137.03 | Episode steps:  289 | Average reward:   109.04 | Step Count: 399195 | Episode Q0:    33.81
Episode: 1441/7000 | Episode reward:    21.70 | Episode steps:   99 | Average reward:    96.67 | Step Count: 399294 | Episode Q0:    33.81
Episode: 1442/7000 | Episode reward:   141.25 | Episode steps:  184 | Average reward:    96.21 | Step Count: 399478 | Episode Q0:    33.81
Episode: 1443/7000 | Episode reward:    67.62 | Episode steps:  319 | Average reward:    96.86 | Step Count: 399797 | Episode Q0:    33.81
Episode: 1444/7000 | Episode reward:    35.64 | Episode steps:  147 | Average reward:    96.15 | Step Count: 399944 | Episode Q0:    33.81
Episode: 1445/7000 | Episode reward:   131.37 | Episode steps:  349 | Average reward:    91.53 | Step Count: 400293 | Episode Q0:    33.81
Episode: 1446/7000 | Episode reward:   125.35 | Episode steps:  264 | Average reward:    92.96 | Step Count: 400557 | Episode Q0:    33.81
Episode: 1447/7000 | Episode reward:   160.61 | Episode steps:  394 | Average reward:    94.12 | Step Count: 400951 | Episode Q0:    33.81
Episode: 1448/7000 | Episode reward:   116.01 | Episode steps:  272 | Average reward:    97.49 | Step Count: 401223 | Episode Q0:    33.75
Episode: 1449/7000 | Episode reward:   197.47 | Episode steps:  353 | Average reward:   113.41 | Step Count: 401576 | Episode Q0:    33.75
Episode: 1450/7000 | Episode reward:   156.75 | Episode steps:  364 | Average reward:   115.38 | Step Count: 401940 | Episode Q0:    33.75
Episode: 1451/7000 | Episode reward:    59.42 | Episode steps:  182 | Average reward:   119.15 | Step Count: 402122 | Episode Q0:    33.75
Episode: 1452/7000 | Episode reward:   123.33 | Episode steps:  331 | Average reward:   117.36 | Step Count: 402453 | Episode Q0:    33.75
Episode: 1453/7000 | Episode reward:   168.34 | Episode steps:  349 | Average reward:   127.43 | Step Count: 402802 | Episode Q0:    33.75
Episode: 1454/7000 | Episode reward:   109.43 | Episode steps:  197 | Average reward:   134.81 | Step Count: 402999 | Episode Q0:    33.75
Episode: 1455/7000 | Episode reward:   118.73 | Episode steps:  288 | Average reward:   133.54 | Step Count: 403287 | Episode Q0:    33.75
Episode: 1456/7000 | Episode reward:   113.71 | Episode steps:  259 | Average reward:   132.38 | Step Count: 403546 | Episode Q0:    33.75
Episode: 1457/7000 | Episode reward:   145.44 | Episode steps:  302 | Average reward:   130.86 | Step Count: 403848 | Episode Q0:    33.75
Episode: 1458/7000 | Episode reward:    37.67 | Episode steps:  130 | Average reward:   123.03 | Step Count: 403978 | Episode Q0:    33.75
Episode: 1459/7000 | Episode reward:    95.18 | Episode steps:  264 | Average reward:   112.80 | Step Count: 404242 | Episode Q0:    33.75
Episode: 1460/7000 | Episode reward:    53.54 | Episode steps:  169 | Average reward:   102.48 | Step Count: 404411 | Episode Q0:    33.75
Episode: 1461/7000 | Episode reward:   163.90 | Episode steps:  205 | Average reward:   112.93 | Step Count: 404616 | Episode Q0:    33.75
Episode: 1462/7000 | Episode reward:    68.54 | Episode steps:  127 | Average reward:   107.45 | Step Count: 404743 | Episode Q0:    33.75
Episode: 1463/7000 | Episode reward:   138.17 | Episode steps:  360 | Average reward:   104.43 | Step Count: 405103 | Episode Q0:    33.75
Episode: 1464/7000 | Episode reward:    28.72 | Episode steps:  162 | Average reward:    96.36 | Step Count: 405265 | Episode Q0:    33.75
Episode: 1465/7000 | Episode reward:   189.38 | Episode steps:  508 | Average reward:   103.42 | Step Count: 405773 | Episode Q0:    33.75
Episode: 1466/7000 | Episode reward:   438.33 | Episode steps:  930 | Average reward:   135.89 | Step Count: 406703 | Episode Q0:    33.75
Episode: 1467/7000 | Episode reward:   262.07 | Episode steps:  702 | Average reward:   147.55 | Step Count: 407405 | Episode Q0:    33.75
Episode: 1468/7000 | Episode reward:   111.26 | Episode steps:  145 | Average reward:   154.91 | Step Count: 407550 | Episode Q0:    33.75
Episode: 1469/7000 | Episode reward:    32.00 | Episode steps:  156 | Average reward:   148.59 | Step Count: 407706 | Episode Q0:    33.75
Episode: 1470/7000 | Episode reward:   242.10 | Episode steps:  845 | Average reward:   167.45 | Step Count: 408551 | Episode Q0:    33.75
Episode: 1471/7000 | Episode reward:   135.88 | Episode steps:  182 | Average reward:   164.64 | Step Count: 408733 | Episode Q0:    33.75
Episode: 1472/7000 | Episode reward:   100.33 | Episode steps:  378 | Average reward:   167.82 | Step Count: 409111 | Episode Q0:    33.75
Episode: 1473/7000 | Episode reward:   400.23 | Episode steps: 1068 | Average reward:   194.03 | Step Count: 410179 | Episode Q0:    34.26
Episode: 1474/7000 | Episode reward:   272.43 | Episode steps:  768 | Average reward:   218.40 | Step Count: 410947 | Episode Q0:    34.26
Episode: 1475/7000 | Episode reward:   202.19 | Episode steps:  468 | Average reward:   219.68 | Step Count: 411415 | Episode Q0:    34.26
Episode: 1476/7000 | Episode reward:   166.88 | Episode steps:  226 | Average reward:   192.54 | Step Count: 411641 | Episode Q0:    34.26
Episode: 1477/7000 | Episode reward:   243.99 | Episode steps:  696 | Average reward:   190.73 | Step Count: 412337 | Episode Q0:    34.26
Episode: 1478/7000 | Episode reward:   189.45 | Episode steps:  571 | Average reward:   198.55 | Step Count: 412908 | Episode Q0:    34.26
Episode: 1479/7000 | Episode reward:    91.99 | Episode steps:  134 | Average reward:   204.55 | Step Count: 413042 | Episode Q0:    34.26
Episode: 1480/7000 | Episode reward:    40.23 | Episode steps:  183 | Average reward:   184.36 | Step Count: 413225 | Episode Q0:    34.26
Episode: 1481/7000 | Episode reward:   139.66 | Episode steps:  401 | Average reward:   184.74 | Step Count: 413626 | Episode Q0:    34.26
Episode: 1482/7000 | Episode reward:   172.16 | Episode steps:  337 | Average reward:   191.92 | Step Count: 413963 | Episode Q0:    34.26
Episode: 1483/7000 | Episode reward:    90.49 | Episode steps:  241 | Average reward:   160.95 | Step Count: 414204 | Episode Q0:    34.26
Episode: 1484/7000 | Episode reward:   295.95 | Episode steps:  583 | Average reward:   163.30 | Step Count: 414787 | Episode Q0:    34.26
Episode: 1485/7000 | Episode reward:   170.63 | Episode steps:  299 | Average reward:   160.14 | Step Count: 415086 | Episode Q0:    34.26
Episode: 1486/7000 | Episode reward:    82.99 | Episode steps:  208 | Average reward:   151.76 | Step Count: 415294 | Episode Q0:    34.26
Episode: 1487/7000 | Episode reward:   124.55 | Episode steps:  307 | Average reward:   139.81 | Step Count: 415601 | Episode Q0:    34.26
Episode: 1488/7000 | Episode reward:   292.31 | Episode steps:  726 | Average reward:   150.10 | Step Count: 416327 | Episode Q0:    34.26
Episode: 1489/7000 | Episode reward:   231.06 | Episode steps:  412 | Average reward:   164.01 | Step Count: 416739 | Episode Q0:    34.26
Episode: 1490/7000 | Episode reward:   151.43 | Episode steps:  211 | Average reward:   175.13 | Step Count: 416950 | Episode Q0:    34.26
Episode: 1491/7000 | Episode reward:   388.67 | Episode steps: 1063 | Average reward:   200.03 | Step Count: 418013 | Episode Q0:    34.26
Episode: 1492/7000 | Episode reward:    32.09 | Episode steps:  101 | Average reward:   186.02 | Step Count: 418114 | Episode Q0:    34.26
Episode: 1493/7000 | Episode reward:    46.24 | Episode steps:  112 | Average reward:   181.59 | Step Count: 418226 | Episode Q0:    34.26
Episode: 1494/7000 | Episode reward:   209.78 | Episode steps:  596 | Average reward:   172.98 | Step Count: 418822 | Episode Q0:    34.26
Episode: 1495/7000 | Episode reward:   116.70 | Episode steps:  362 | Average reward:   167.58 | Step Count: 419184 | Episode Q0:    34.26
Episode: 1496/7000 | Episode reward:    70.36 | Episode steps:  174 | Average reward:   166.32 | Step Count: 419358 | Episode Q0:    34.26
Episode: 1497/7000 | Episode reward:    95.26 | Episode steps:  283 | Average reward:   163.39 | Step Count: 419641 | Episode Q0:    34.26
Episode: 1498/7000 | Episode reward:   204.76 | Episode steps:  369 | Average reward:   154.64 | Step Count: 420010 | Episode Q0:    34.26
Episode: 1499/7000 | Episode reward:   246.66 | Episode steps:  693 | Average reward:   156.20 | Step Count: 420703 | Episode Q0:    34.26
Episode: 1500/7000 | Episode reward:   113.45 | Episode steps:  290 | Average reward:   152.40 | Step Count: 420993 | Episode Q0:    34.26
Episode: 1501/7000 | Episode reward:   172.21 | Episode steps:  340 | Average reward:   130.75 | Step Count: 421333 | Episode Q0:    34.26
Episode: 1502/7000 | Episode reward:   365.81 | Episode steps:  806 | Average reward:   164.12 | Step Count: 422139 | Episode Q0:    34.79
Episode: 1503/7000 | Episode reward:   244.76 | Episode steps:  664 | Average reward:   183.97 | Step Count: 422803 | Episode Q0:    34.79
Episode: 1504/7000 | Episode reward:   131.71 | Episode steps:  275 | Average reward:   176.17 | Step Count: 423078 | Episode Q0:    34.79
Episode: 1505/7000 | Episode reward:   221.28 | Episode steps:  439 | Average reward:   186.63 | Step Count: 423517 | Episode Q0:    34.79
Episode: 1506/7000 | Episode reward:   231.44 | Episode steps:  685 | Average reward:   202.73 | Step Count: 424202 | Episode Q0:    34.79
Episode: 1507/7000 | Episode reward:    92.66 | Episode steps:  297 | Average reward:   202.47 | Step Count: 424499 | Episode Q0:    34.79
Episode: 1508/7000 | Episode reward:    40.25 | Episode steps:  167 | Average reward:   186.02 | Step Count: 424666 | Episode Q0:    34.79
Episode: 1509/7000 | Episode reward:   143.27 | Episode steps:  402 | Average reward:   175.68 | Step Count: 425068 | Episode Q0:    34.79
Episode: 1510/7000 | Episode reward:   131.04 | Episode steps:  313 | Average reward:   177.44 | Step Count: 425381 | Episode Q0:    34.79
Episode: 1511/7000 | Episode reward:   169.40 | Episode steps:  478 | Average reward:   177.16 | Step Count: 425859 | Episode Q0:    34.79
Episode: 1512/7000 | Episode reward:   140.94 | Episode steps:  302 | Average reward:   154.67 | Step Count: 426161 | Episode Q0:    34.79
Episode: 1513/7000 | Episode reward:    67.10 | Episode steps:  108 | Average reward:   136.91 | Step Count: 426269 | Episode Q0:    34.79
Episode: 1514/7000 | Episode reward:   152.70 | Episode steps:  327 | Average reward:   139.01 | Step Count: 426596 | Episode Q0:    34.79
Episode: 1515/7000 | Episode reward:    60.20 | Episode steps:  236 | Average reward:   122.90 | Step Count: 426832 | Episode Q0:    34.79
Episode: 1516/7000 | Episode reward:   209.91 | Episode steps:  376 | Average reward:   120.75 | Step Count: 427208 | Episode Q0:    34.79
Episode: 1517/7000 | Episode reward:   188.03 | Episode steps:  374 | Average reward:   130.28 | Step Count: 427582 | Episode Q0:    34.79
Episode: 1518/7000 | Episode reward:   232.30 | Episode steps:  402 | Average reward:   149.49 | Step Count: 427984 | Episode Q0:    34.79
Episode: 1519/7000 | Episode reward:    60.01 | Episode steps:  133 | Average reward:   141.16 | Step Count: 428117 | Episode Q0:    34.79
Episode: 1520/7000 | Episode reward:   182.67 | Episode steps:  548 | Average reward:   146.33 | Step Count: 428665 | Episode Q0:    34.79
Episode: 1521/7000 | Episode reward:   128.26 | Episode steps:  318 | Average reward:   142.21 | Step Count: 428983 | Episode Q0:    34.79
Episode: 1522/7000 | Episode reward:   280.04 | Episode steps:  643 | Average reward:   156.12 | Step Count: 429626 | Episode Q0:    34.79
Episode: 1523/7000 | Episode reward:    54.87 | Episode steps:  114 | Average reward:   154.90 | Step Count: 429740 | Episode Q0:    34.79
Episode: 1524/7000 | Episode reward:    89.06 | Episode steps:  143 | Average reward:   148.53 | Step Count: 429883 | Episode Q0:    34.79
Episode: 1525/7000 | Episode reward:   174.18 | Episode steps:  218 | Average reward:   159.93 | Step Count: 430101 | Episode Q0:    34.79
Episode: 1526/7000 | Episode reward:   257.77 | Episode steps:  684 | Average reward:   164.72 | Step Count: 430785 | Episode Q0:    34.79
Episode: 1527/7000 | Episode reward:   356.81 | Episode steps:  768 | Average reward:   181.60 | Step Count: 431553 | Episode Q0:    34.79
Episode: 1528/7000 | Episode reward:   129.62 | Episode steps:  437 | Average reward:   171.33 | Step Count: 431990 | Episode Q0:    34.79
Episode: 1529/7000 | Episode reward:   158.65 | Episode steps:  463 | Average reward:   181.19 | Step Count: 432453 | Episode Q0:    34.79
Episode: 1530/7000 | Episode reward:    92.07 | Episode steps:  332 | Average reward:   172.13 | Step Count: 432785 | Episode Q0:    35.03
Episode: 1531/7000 | Episode reward:    40.04 | Episode steps:  150 | Average reward:   163.31 | Step Count: 432935 | Episode Q0:    35.03
Episode: 1532/7000 | Episode reward:   239.96 | Episode steps:  713 | Average reward:   159.30 | Step Count: 433648 | Episode Q0:    35.03
Episode: 1533/7000 | Episode reward:    78.66 | Episode steps:  206 | Average reward:   161.68 | Step Count: 433854 | Episode Q0:    35.03
Episode: 1534/7000 | Episode reward:   261.16 | Episode steps:  496 | Average reward:   178.89 | Step Count: 434350 | Episode Q0:    35.03
Episode: 1535/7000 | Episode reward:   336.36 | Episode steps: 1001 | Average reward:   195.11 | Step Count: 435351 | Episode Q0:    35.03
Episode: 1536/7000 | Episode reward:   211.78 | Episode steps:  523 | Average reward:   190.51 | Step Count: 435874 | Episode Q0:    35.03
Episode: 1537/7000 | Episode reward:   162.31 | Episode steps:  472 | Average reward:   171.06 | Step Count: 436346 | Episode Q0:    35.03
Episode: 1538/7000 | Episode reward:   179.43 | Episode steps:  393 | Average reward:   176.04 | Step Count: 436739 | Episode Q0:    35.03
Episode: 1539/7000 | Episode reward:   105.66 | Episode steps:  145 | Average reward:   170.74 | Step Count: 436884 | Episode Q0:    35.03
Episode: 1540/7000 | Episode reward:   265.51 | Episode steps:  628 | Average reward:   188.09 | Step Count: 437512 | Episode Q0:    35.03
Episode: 1541/7000 | Episode reward:   248.31 | Episode steps:  741 | Average reward:   208.91 | Step Count: 438253 | Episode Q0:    35.03
Episode: 1542/7000 | Episode reward:    90.95 | Episode steps:  331 | Average reward:   194.01 | Step Count: 438584 | Episode Q0:    35.03
Episode: 1543/7000 | Episode reward:   307.02 | Episode steps:  992 | Average reward:   216.85 | Step Count: 439576 | Episode Q0:    35.03
Episode: 1544/7000 | Episode reward:   223.88 | Episode steps:  403 | Average reward:   213.12 | Step Count: 439979 | Episode Q0:    35.03
Episode: 1545/7000 | Episode reward:   173.43 | Episode steps:  354 | Average reward:   196.83 | Step Count: 440333 | Episode Q0:    35.03
Episode: 1546/7000 | Episode reward:   224.95 | Episode steps:  539 | Average reward:   198.14 | Step Count: 440872 | Episode Q0:    35.03
Episode: 1547/7000 | Episode reward:    52.17 | Episode steps:  185 | Average reward:   187.13 | Step Count: 441057 | Episode Q0:    35.03
Episode: 1548/7000 | Episode reward:   137.74 | Episode steps:  391 | Average reward:   182.96 | Step Count: 441448 | Episode Q0:    35.03
Episode: 1549/7000 | Episode reward:   189.96 | Episode steps:  364 | Average reward:   191.39 | Step Count: 441812 | Episode Q0:    35.03
Episode: 1550/7000 | Episode reward:   378.87 | Episode steps: 1066 | Average reward:   202.73 | Step Count: 442878 | Episode Q0:    35.03
Episode: 1551/7000 | Episode reward:   130.18 | Episode steps:  386 | Average reward:   190.91 | Step Count: 443264 | Episode Q0:    35.03
Episode: 1552/7000 | Episode reward:   141.19 | Episode steps:  184 | Average reward:   195.94 | Step Count: 443448 | Episode Q0:    35.03
Episode: 1553/7000 | Episode reward:   237.65 | Episode steps:  424 | Average reward:   189.00 | Step Count: 443872 | Episode Q0:    35.03
Episode: 1554/7000 | Episode reward:   322.00 | Episode steps:  762 | Average reward:   198.81 | Step Count: 444634 | Episode Q0:    35.03
Episode: 1555/7000 | Episode reward:    97.81 | Episode steps:  261 | Average reward:   191.25 | Step Count: 444895 | Episode Q0:    35.03
Episode: 1556/7000 | Episode reward:   257.88 | Episode steps:  523 | Average reward:   194.55 | Step Count: 445418 | Episode Q0:    35.03
Episode: 1557/7000 | Episode reward:   247.10 | Episode steps:  426 | Average reward:   214.04 | Step Count: 445844 | Episode Q0:    35.03
Episode: 1558/7000 | Episode reward:   146.05 | Episode steps:  468 | Average reward:   214.87 | Step Count: 446312 | Episode Q0:    35.10
Episode: 1559/7000 | Episode reward:   105.23 | Episode steps:  355 | Average reward:   206.40 | Step Count: 446667 | Episode Q0:    35.10
Episode: 1560/7000 | Episode reward:   308.99 | Episode steps:  625 | Average reward:   199.41 | Step Count: 447292 | Episode Q0:    35.10
Episode: 1561/7000 | Episode reward:    71.78 | Episode steps:  207 | Average reward:   193.57 | Step Count: 447499 | Episode Q0:    35.10
Episode: 1562/7000 | Episode reward:   231.45 | Episode steps:  588 | Average reward:   202.59 | Step Count: 448087 | Episode Q0:    35.10
Episode: 1563/7000 | Episode reward:    40.56 | Episode steps:  153 | Average reward:   182.89 | Step Count: 448240 | Episode Q0:    35.10
Episode: 1564/7000 | Episode reward:   187.28 | Episode steps:  367 | Average reward:   169.41 | Step Count: 448607 | Episode Q0:    35.10
Episode: 1565/7000 | Episode reward:   115.04 | Episode steps:  191 | Average reward:   171.14 | Step Count: 448798 | Episode Q0:    35.10
Episode: 1566/7000 | Episode reward:   392.03 | Episode steps: 1109 | Average reward:   184.55 | Step Count: 449907 | Episode Q0:    35.10
Episode: 1567/7000 | Episode reward:   212.88 | Episode steps:  624 | Average reward:   181.13 | Step Count: 450531 | Episode Q0:    35.10
Episode: 1568/7000 | Episode reward:   319.03 | Episode steps:  753 | Average reward:   198.43 | Step Count: 451284 | Episode Q0:    35.10
Episode: 1569/7000 | Episode reward:   204.81 | Episode steps:  571 | Average reward:   208.39 | Step Count: 451855 | Episode Q0:    35.10
Episode: 1570/7000 | Episode reward:   108.67 | Episode steps:  188 | Average reward:   188.35 | Step Count: 452043 | Episode Q0:    35.10
Episode: 1571/7000 | Episode reward:    59.77 | Episode steps:  176 | Average reward:   187.15 | Step Count: 452219 | Episode Q0:    35.10
Episode: 1572/7000 | Episode reward:   108.11 | Episode steps:  292 | Average reward:   174.82 | Step Count: 452511 | Episode Q0:    35.10
Episode: 1573/7000 | Episode reward:   104.04 | Episode steps:  142 | Average reward:   181.17 | Step Count: 452653 | Episode Q0:    35.10
Episode: 1574/7000 | Episode reward:   378.53 | Episode steps:  815 | Average reward:   200.29 | Step Count: 453468 | Episode Q0:    35.10
Episode: 1575/7000 | Episode reward:   159.50 | Episode steps:  327 | Average reward:   204.74 | Step Count: 453795 | Episode Q0:    35.10
Episode: 1576/7000 | Episode reward:   209.24 | Episode steps:  516 | Average reward:   186.46 | Step Count: 454311 | Episode Q0:    35.10
Episode: 1577/7000 | Episode reward:   159.71 | Episode steps:  223 | Average reward:   181.14 | Step Count: 454534 | Episode Q0:    35.10
Episode: 1578/7000 | Episode reward:   139.60 | Episode steps:  338 | Average reward:   163.20 | Step Count: 454872 | Episode Q0:    35.10
Episode: 1579/7000 | Episode reward:   125.18 | Episode steps:  161 | Average reward:   155.24 | Step Count: 455033 | Episode Q0:    35.10
Episode: 1580/7000 | Episode reward:    55.59 | Episode steps:  136 | Average reward:   149.93 | Step Count: 455169 | Episode Q0:    35.10
Episode: 1581/7000 | Episode reward:   199.56 | Episode steps:  510 | Average reward:   163.91 | Step Count: 455679 | Episode Q0:    35.10
Episode: 1582/7000 | Episode reward:   137.22 | Episode steps:  362 | Average reward:   166.82 | Step Count: 456041 | Episode Q0:    35.10
Episode: 1583/7000 | Episode reward:   169.11 | Episode steps:  209 | Average reward:   173.32 | Step Count: 456250 | Episode Q0:    35.10
Episode: 1584/7000 | Episode reward:   131.04 | Episode steps:  229 | Average reward:   148.58 | Step Count: 456479 | Episode Q0:    35.10
Episode: 1585/7000 | Episode reward:   110.71 | Episode steps:  156 | Average reward:   143.70 | Step Count: 456635 | Episode Q0:    35.10
Episode: 1586/7000 | Episode reward:    72.31 | Episode steps:  208 | Average reward:   130.00 | Step Count: 456843 | Episode Q0:    35.10
Episode: 1587/7000 | Episode reward:   227.91 | Episode steps:  648 | Average reward:   136.82 | Step Count: 457491 | Episode Q0:    35.10
Episode: 1588/7000 | Episode reward:   419.39 | Episode steps: 1106 | Average reward:   164.80 | Step Count: 458597 | Episode Q0:    35.72
Episode: 1589/7000 | Episode reward:    67.58 | Episode steps:  202 | Average reward:   159.04 | Step Count: 458799 | Episode Q0:    35.72
Episode: 1590/7000 | Episode reward:   202.03 | Episode steps:  259 | Average reward:   173.69 | Step Count: 459058 | Episode Q0:    35.72
Episode: 1591/7000 | Episode reward:   135.98 | Episode steps:  247 | Average reward:   167.33 | Step Count: 459305 | Episode Q0:    35.72
Episode: 1592/7000 | Episode reward:    98.78 | Episode steps:  341 | Average reward:   163.48 | Step Count: 459646 | Episode Q0:    35.72
Episode: 1593/7000 | Episode reward:    50.98 | Episode steps:  163 | Average reward:   151.67 | Step Count: 459809 | Episode Q0:    35.72
Episode: 1594/7000 | Episode reward:   291.69 | Episode steps:  561 | Average reward:   167.74 | Step Count: 460370 | Episode Q0:    35.72
Episode: 1595/7000 | Episode reward:    36.19 | Episode steps:  157 | Average reward:   160.28 | Step Count: 460527 | Episode Q0:    35.72
Episode: 1596/7000 | Episode reward:   144.24 | Episode steps:  510 | Average reward:   167.48 | Step Count: 461037 | Episode Q0:    35.72
Episode: 1597/7000 | Episode reward:   288.95 | Episode steps:  860 | Average reward:   173.58 | Step Count: 461897 | Episode Q0:    35.72
Episode: 1598/7000 | Episode reward:   176.25 | Episode steps:  614 | Average reward:   149.27 | Step Count: 462511 | Episode Q0:    35.72
Episode: 1599/7000 | Episode reward:   201.48 | Episode steps:  571 | Average reward:   162.66 | Step Count: 463082 | Episode Q0:    35.72
Episode: 1600/7000 | Episode reward:   186.16 | Episode steps:  501 | Average reward:   161.07 | Step Count: 463583 | Episode Q0:    35.72
Episode: 1601/7000 | Episode reward:    98.53 | Episode steps:  429 | Average reward:   157.32 | Step Count: 464012 | Episode Q0:    35.72
Episode: 1602/7000 | Episode reward:   142.03 | Episode steps:  310 | Average reward:   161.65 | Step Count: 464322 | Episode Q0:    35.72
Episode: 1603/7000 | Episode reward:   105.89 | Episode steps:  138 | Average reward:   167.14 | Step Count: 464460 | Episode Q0:    35.72
Episode: 1604/7000 | Episode reward:   178.30 | Episode steps:  523 | Average reward:   155.80 | Step Count: 464983 | Episode Q0:    35.72
Episode: 1605/7000 | Episode reward:   195.67 | Episode steps:  369 | Average reward:   171.75 | Step Count: 465352 | Episode Q0:    35.72
Episode: 1606/7000 | Episode reward:   150.76 | Episode steps:  462 | Average reward:   172.40 | Step Count: 465814 | Episode Q0:    35.72
Episode: 1607/7000 | Episode reward:   124.11 | Episode steps:  446 | Average reward:   155.92 | Step Count: 466260 | Episode Q0:    35.72
Episode: 1608/7000 | Episode reward:    36.48 | Episode steps:   96 | Average reward:   141.94 | Step Count: 466356 | Episode Q0:    35.72
Episode: 1609/7000 | Episode reward:    62.04 | Episode steps:  217 | Average reward:   128.00 | Step Count: 466573 | Episode Q0:    35.72
Episode: 1610/7000 | Episode reward:   169.07 | Episode steps:  377 | Average reward:   126.29 | Step Count: 466950 | Episode Q0:    35.72
Episode: 1611/7000 | Episode reward:   160.17 | Episode steps:  493 | Average reward:   132.45 | Step Count: 467443 | Episode Q0:    35.72
Episode: 1612/7000 | Episode reward:   126.10 | Episode steps:  312 | Average reward:   130.86 | Step Count: 467755 | Episode Q0:    35.72
Episode: 1613/7000 | Episode reward:    68.34 | Episode steps:  171 | Average reward:   127.10 | Step Count: 467926 | Episode Q0:    35.72
Episode: 1614/7000 | Episode reward:   202.75 | Episode steps:  636 | Average reward:   129.55 | Step Count: 468562 | Episode Q0:    35.72
Episode: 1615/7000 | Episode reward:   283.24 | Episode steps:  693 | Average reward:   138.31 | Step Count: 469255 | Episode Q0:    35.72
Episode: 1616/7000 | Episode reward:    62.75 | Episode steps:  202 | Average reward:   129.51 | Step Count: 469457 | Episode Q0:    35.03
Episode: 1617/7000 | Episode reward:   159.95 | Episode steps:  481 | Average reward:   133.09 | Step Count: 469938 | Episode Q0:    35.03
Episode: 1618/7000 | Episode reward:   262.38 | Episode steps:  517 | Average reward:   155.68 | Step Count: 470455 | Episode Q0:    35.03
Episode: 1619/7000 | Episode reward:    98.88 | Episode steps:  161 | Average reward:   159.36 | Step Count: 470616 | Episode Q0:    35.03
Episode: 1620/7000 | Episode reward:   273.29 | Episode steps:  717 | Average reward:   169.78 | Step Count: 471333 | Episode Q0:    35.03
Episode: 1621/7000 | Episode reward:   144.89 | Episode steps:  504 | Average reward:   168.26 | Step Count: 471837 | Episode Q0:    35.03
Episode: 1622/7000 | Episode reward:   197.13 | Episode steps:  372 | Average reward:   175.36 | Step Count: 472209 | Episode Q0:    35.03
Episode: 1623/7000 | Episode reward:   118.97 | Episode steps:  305 | Average reward:   180.42 | Step Count: 472514 | Episode Q0:    35.03
Episode: 1624/7000 | Episode reward:    24.56 | Episode steps:  143 | Average reward:   162.60 | Step Count: 472657 | Episode Q0:    35.03
Episode: 1625/7000 | Episode reward:   142.08 | Episode steps:  457 | Average reward:   148.49 | Step Count: 473114 | Episode Q0:    35.03
Episode: 1626/7000 | Episode reward:   335.79 | Episode steps:  823 | Average reward:   175.79 | Step Count: 473937 | Episode Q0:    35.03
Episode: 1627/7000 | Episode reward:   327.24 | Episode steps:  755 | Average reward:   192.52 | Step Count: 474692 | Episode Q0:    35.03
Episode: 1628/7000 | Episode reward:   400.05 | Episode steps: 1070 | Average reward:   206.29 | Step Count: 475762 | Episode Q0:    35.03
Episode: 1629/7000 | Episode reward:    71.97 | Episode steps:  150 | Average reward:   203.60 | Step Count: 475912 | Episode Q0:    35.03
Episode: 1630/7000 | Episode reward:   236.79 | Episode steps:  407 | Average reward:   199.95 | Step Count: 476319 | Episode Q0:    35.03
Episode: 1631/7000 | Episode reward:   200.67 | Episode steps:  575 | Average reward:   205.52 | Step Count: 476894 | Episode Q0:    35.03
Episode: 1632/7000 | Episode reward:   189.56 | Episode steps:  434 | Average reward:   204.77 | Step Count: 477328 | Episode Q0:    35.03
Episode: 1633/7000 | Episode reward:   152.34 | Episode steps:  324 | Average reward:   208.10 | Step Count: 477652 | Episode Q0:    35.03
Episode: 1634/7000 | Episode reward:   332.58 | Episode steps:  626 | Average reward:   238.91 | Step Count: 478278 | Episode Q0:    35.03
Episode: 1635/7000 | Episode reward:   321.47 | Episode steps:  511 | Average reward:   256.84 | Step Count: 478789 | Episode Q0:    35.03
Episode: 1636/7000 | Episode reward:   136.10 | Episode steps:  273 | Average reward:   236.88 | Step Count: 479062 | Episode Q0:    35.03
Episode: 1637/7000 | Episode reward:   175.28 | Episode steps:  478 | Average reward:   221.68 | Step Count: 479540 | Episode Q0:    35.03
Episode: 1638/7000 | Episode reward:    99.32 | Episode steps:  313 | Average reward:   191.61 | Step Count: 479853 | Episode Q0:    35.03
Episode: 1639/7000 | Episode reward:    85.06 | Episode steps:  133 | Average reward:   192.92 | Step Count: 479986 | Episode Q0:    35.03
Episode: 1640/7000 | Episode reward:   156.19 | Episode steps:  324 | Average reward:   184.86 | Step Count: 480310 | Episode Q0:    35.03
Episode: 1641/7000 | Episode reward:   243.66 | Episode steps:  421 | Average reward:   189.16 | Step Count: 480731 | Episode Q0:    35.03
Episode: 1642/7000 | Episode reward:   324.28 | Episode steps:  505 | Average reward:   202.63 | Step Count: 481236 | Episode Q0:    35.03
Episode: 1643/7000 | Episode reward:    94.34 | Episode steps:  280 | Average reward:   196.83 | Step Count: 481516 | Episode Q0:    35.03
Episode: 1644/7000 | Episode reward:   136.31 | Episode steps:  205 | Average reward:   177.20 | Step Count: 481721 | Episode Q0:    35.07
Episode: 1645/7000 | Episode reward:   225.89 | Episode steps:  643 | Average reward:   167.64 | Step Count: 482364 | Episode Q0:    35.07
Episode: 1646/7000 | Episode reward:   168.53 | Episode steps:  332 | Average reward:   170.89 | Step Count: 482696 | Episode Q0:    35.07
Episode: 1647/7000 | Episode reward:   175.22 | Episode steps:  440 | Average reward:   170.88 | Step Count: 483136 | Episode Q0:    35.07
Episode: 1648/7000 | Episode reward:   210.03 | Episode steps:  501 | Average reward:   181.95 | Step Count: 483637 | Episode Q0:    35.07
Episode: 1649/7000 | Episode reward:   220.52 | Episode steps:  574 | Average reward:   195.50 | Step Count: 484211 | Episode Q0:    35.07
Episode: 1650/7000 | Episode reward:   258.97 | Episode steps:  841 | Average reward:   205.78 | Step Count: 485052 | Episode Q0:    35.07
Episode: 1651/7000 | Episode reward:    87.02 | Episode steps:  248 | Average reward:   190.11 | Step Count: 485300 | Episode Q0:    35.07
Episode: 1652/7000 | Episode reward:   335.44 | Episode steps: 1057 | Average reward:   191.23 | Step Count: 486357 | Episode Q0:    35.07
Episode: 1653/7000 | Episode reward:    76.95 | Episode steps:  126 | Average reward:   189.49 | Step Count: 486483 | Episode Q0:    35.07
Episode: 1654/7000 | Episode reward:   315.21 | Episode steps:  761 | Average reward:   207.38 | Step Count: 487244 | Episode Q0:    35.07
Episode: 1655/7000 | Episode reward:   368.58 | Episode steps:  795 | Average reward:   221.65 | Step Count: 488039 | Episode Q0:    35.07
Episode: 1656/7000 | Episode reward:    84.09 | Episode steps:  221 | Average reward:   213.20 | Step Count: 488260 | Episode Q0:    35.07
Episode: 1657/7000 | Episode reward:    26.17 | Episode steps:  138 | Average reward:   198.30 | Step Count: 488398 | Episode Q0:    35.07
Episode: 1658/7000 | Episode reward:   293.54 | Episode steps:  712 | Average reward:   206.65 | Step Count: 489110 | Episode Q0:    35.07
Episode: 1659/7000 | Episode reward:   266.44 | Episode steps:  726 | Average reward:   211.24 | Step Count: 489836 | Episode Q0:    35.07
Episode: 1660/7000 | Episode reward:   278.65 | Episode steps:  741 | Average reward:   213.21 | Step Count: 490577 | Episode Q0:    35.07
Episode: 1661/7000 | Episode reward:    92.06 | Episode steps:  169 | Average reward:   213.71 | Step Count: 490746 | Episode Q0:    35.07
Episode: 1662/7000 | Episode reward:   174.52 | Episode steps:  624 | Average reward:   197.62 | Step Count: 491370 | Episode Q0:    35.07
Episode: 1663/7000 | Episode reward:    90.41 | Episode steps:  171 | Average reward:   198.97 | Step Count: 491541 | Episode Q0:    35.07
Episode: 1664/7000 | Episode reward:   251.97 | Episode steps:  724 | Average reward:   192.64 | Step Count: 492265 | Episode Q0:    35.07
Episode: 1665/7000 | Episode reward:   158.80 | Episode steps:  473 | Average reward:   171.67 | Step Count: 492738 | Episode Q0:    35.07
Episode: 1666/7000 | Episode reward:   201.58 | Episode steps:  520 | Average reward:   183.42 | Step Count: 493258 | Episode Q0:    35.07
Episode: 1667/7000 | Episode reward:   199.03 | Episode steps:  509 | Average reward:   200.70 | Step Count: 493767 | Episode Q0:    35.07
Episode: 1668/7000 | Episode reward:   308.21 | Episode steps:  846 | Average reward:   202.17 | Step Count: 494613 | Episode Q0:    35.07
Episode: 1669/7000 | Episode reward:   334.61 | Episode steps:  840 | Average reward:   208.99 | Step Count: 495453 | Episode Q0:    36.27
Episode: 1670/7000 | Episode reward:   311.12 | Episode steps:  566 | Average reward:   212.23 | Step Count: 496019 | Episode Q0:    36.27
Episode: 1671/7000 | Episode reward:   160.76 | Episode steps:  480 | Average reward:   219.10 | Step Count: 496499 | Episode Q0:    36.27
Episode: 1672/7000 | Episode reward:   360.56 | Episode steps:  805 | Average reward:   237.71 | Step Count: 497304 | Episode Q0:    36.27
Episode: 1673/7000 | Episode reward:   194.34 | Episode steps:  363 | Average reward:   248.10 | Step Count: 497667 | Episode Q0:    36.27
Episode: 1674/7000 | Episode reward:    91.36 | Episode steps:  131 | Average reward:   232.04 | Step Count: 497798 | Episode Q0:    36.27
Episode: 1675/7000 | Episode reward:    96.49 | Episode steps:  129 | Average reward:   225.81 | Step Count: 497927 | Episode Q0:    36.27
Episode: 1676/7000 | Episode reward:   121.79 | Episode steps:  444 | Average reward:   217.83 | Step Count: 498371 | Episode Q0:    36.27
Episode: 1677/7000 | Episode reward:   288.46 | Episode steps:  904 | Average reward:   226.77 | Step Count: 499275 | Episode Q0:    36.27
Episode: 1678/7000 | Episode reward:   129.87 | Episode steps:  162 | Average reward:   208.94 | Step Count: 499437 | Episode Q0:    36.27
Episode: 1679/7000 | Episode reward:   105.05 | Episode steps:  234 | Average reward:   185.98 | Step Count: 499671 | Episode Q0:    36.27
Episode: 1680/7000 | Episode reward:   124.58 | Episode steps:  379 | Average reward:   167.32 | Step Count: 500050 | Episode Q0:    36.27
Episode: 1681/7000 | Episode reward:    89.72 | Episode steps:  155 | Average reward:   160.22 | Step Count: 500205 | Episode Q0:    36.27
Episode: 1682/7000 | Episode reward:    83.36 | Episode steps:  138 | Average reward:   132.50 | Step Count: 500343 | Episode Q0:    36.27
Episode: 1683/7000 | Episode reward:   282.34 | Episode steps:  514 | Average reward:   141.30 | Step Count: 500857 | Episode Q0:    36.27
Episode: 1684/7000 | Episode reward:   240.10 | Episode steps:  560 | Average reward:   156.17 | Step Count: 501417 | Episode Q0:    36.27
Episode: 1685/7000 | Episode reward:   305.85 | Episode steps:  490 | Average reward:   177.11 | Step Count: 501907 | Episode Q0:    36.27
Episode: 1686/7000 | Episode reward:    91.77 | Episode steps:  122 | Average reward:   174.11 | Step Count: 502029 | Episode Q0:    36.27
Episode: 1687/7000 | Episode reward:   118.68 | Episode steps:  183 | Average reward:   157.13 | Step Count: 502212 | Episode Q0:    36.27
Episode: 1688/7000 | Episode reward:   276.74 | Episode steps:  838 | Average reward:   171.82 | Step Count: 503050 | Episode Q0:    36.27
Episode: 1689/7000 | Episode reward:   170.27 | Episode steps:  531 | Average reward:   178.34 | Step Count: 503581 | Episode Q0:    36.27
Episode: 1690/7000 | Episode reward:   279.22 | Episode steps:  554 | Average reward:   193.81 | Step Count: 504135 | Episode Q0:    36.27
Episode: 1691/7000 | Episode reward:   271.72 | Episode steps:  753 | Average reward:   212.01 | Step Count: 504888 | Episode Q0:    36.27
Episode: 1692/7000 | Episode reward:   157.38 | Episode steps:  416 | Average reward:   219.41 | Step Count: 505304 | Episode Q0:    36.27
Episode: 1693/7000 | Episode reward:   178.26 | Episode steps:  536 | Average reward:   209.00 | Step Count: 505840 | Episode Q0:    36.58
Episode: 1694/7000 | Episode reward:   394.35 | Episode steps: 1079 | Average reward:   224.43 | Step Count: 506919 | Episode Q0:    36.58
Episode: 1695/7000 | Episode reward:   457.18 | Episode steps: 1141 | Average reward:   239.56 | Step Count: 508060 | Episode Q0:    36.58
Episode: 1696/7000 | Episode reward:   180.51 | Episode steps:  563 | Average reward:   248.43 | Step Count: 508623 | Episode Q0:    36.58
Episode: 1697/7000 | Episode reward:   159.89 | Episode steps:  599 | Average reward:   252.55 | Step Count: 509222 | Episode Q0:    36.58
Episode: 1698/7000 | Episode reward:   361.92 | Episode steps:  562 | Average reward:   261.07 | Step Count: 509784 | Episode Q0:    36.58
Episode: 1699/7000 | Episode reward:   804.49 | Episode steps: 2264 | Average reward:   324.49 | Step Count: 512048 | Episode Q0:    36.58
Episode: 1700/7000 | Episode reward:   342.69 | Episode steps:  631 | Average reward:   330.84 | Step Count: 512679 | Episode Q0:    36.58
Episode: 1701/7000 | Episode reward:   125.28 | Episode steps:  398 | Average reward:   316.20 | Step Count: 513077 | Episode Q0:    36.58
Episode: 1702/7000 | Episode reward:   160.09 | Episode steps:  465 | Average reward:   316.47 | Step Count: 513542 | Episode Q0:    36.58
Episode: 1703/7000 | Episode reward:   112.99 | Episode steps:  145 | Average reward:   309.94 | Step Count: 513687 | Episode Q0:    36.58
Episode: 1704/7000 | Episode reward:   469.21 | Episode steps: 1422 | Average reward:   317.43 | Step Count: 515109 | Episode Q0:    36.58
Episode: 1705/7000 | Episode reward:   257.96 | Episode steps:  553 | Average reward:   297.50 | Step Count: 515662 | Episode Q0:    36.58
Episode: 1706/7000 | Episode reward:   134.86 | Episode steps:  445 | Average reward:   292.94 | Step Count: 516107 | Episode Q0:    36.58
Episode: 1707/7000 | Episode reward:   266.77 | Episode steps:  711 | Average reward:   303.63 | Step Count: 516818 | Episode Q0:    36.58
Episode: 1708/7000 | Episode reward:   353.22 | Episode steps:  855 | Average reward:   302.76 | Step Count: 517673 | Episode Q0:    36.58
Episode: 1709/7000 | Episode reward:   383.77 | Episode steps:  818 | Average reward:   260.68 | Step Count: 518491 | Episode Q0:    36.58
Episode: 1710/7000 | Episode reward:    32.81 | Episode steps:  144 | Average reward:   229.70 | Step Count: 518635 | Episode Q0:    36.58
Episode: 1711/7000 | Episode reward:   331.14 | Episode steps:  522 | Average reward:   250.28 | Step Count: 519157 | Episode Q0:    36.58
Episode: 1712/7000 | Episode reward:   217.99 | Episode steps:  615 | Average reward:   256.07 | Step Count: 519772 | Episode Q0:    36.58
Episode: 1713/7000 | Episode reward:    41.42 | Episode steps:  145 | Average reward:   248.91 | Step Count: 519917 | Episode Q0:    36.58
Episode: 1714/7000 | Episode reward:   204.18 | Episode steps:  506 | Average reward:   222.41 | Step Count: 520423 | Episode Q0:    36.58
Episode: 1715/7000 | Episode reward:   375.20 | Episode steps:  843 | Average reward:   234.13 | Step Count: 521266 | Episode Q0:    36.58
Episode: 1716/7000 | Episode reward:    28.91 | Episode steps:   98 | Average reward:   223.54 | Step Count: 521364 | Episode Q0:    36.58
Episode: 1717/7000 | Episode reward:   104.85 | Episode steps:  140 | Average reward:   207.35 | Step Count: 521504 | Episode Q0:    36.58
Episode: 1718/7000 | Episode reward:   305.71 | Episode steps: 1020 | Average reward:   202.60 | Step Count: 522524 | Episode Q0:    36.58
Episode: 1719/7000 | Episode reward:   228.57 | Episode steps:  406 | Average reward:   187.08 | Step Count: 522930 | Episode Q0:    36.58
Episode: 1720/7000 | Episode reward:   206.47 | Episode steps:  513 | Average reward:   204.44 | Step Count: 523443 | Episode Q0:    36.58
Episode: 1721/7000 | Episode reward:   106.47 | Episode steps:  339 | Average reward:   181.98 | Step Count: 523782 | Episode Q0:    36.58
Episode: 1722/7000 | Episode reward:   371.16 | Episode steps:  815 | Average reward:   197.29 | Step Count: 524597 | Episode Q0:    36.28
Episode: 1723/7000 | Episode reward:    66.22 | Episode steps:  114 | Average reward:   199.77 | Step Count: 524711 | Episode Q0:    36.28
Episode: 1724/7000 | Episode reward:   177.11 | Episode steps:  416 | Average reward:   197.07 | Step Count: 525127 | Episode Q0:    36.28
Episode: 1725/7000 | Episode reward:   192.84 | Episode steps:  493 | Average reward:   178.83 | Step Count: 525620 | Episode Q0:    36.28
Episode: 1726/7000 | Episode reward:    50.01 | Episode steps:   96 | Average reward:   180.94 | Step Count: 525716 | Episode Q0:    36.28
Episode: 1727/7000 | Episode reward:    46.08 | Episode steps:  105 | Average reward:   175.06 | Step Count: 525821 | Episode Q0:    36.28
Episode: 1728/7000 | Episode reward:   192.11 | Episode steps:  519 | Average reward:   163.70 | Step Count: 526340 | Episode Q0:    36.28
Episode: 1729/7000 | Episode reward:   176.22 | Episode steps:  362 | Average reward:   158.47 | Step Count: 526702 | Episode Q0:    36.28
Episode: 1730/7000 | Episode reward:   162.01 | Episode steps:  413 | Average reward:   154.02 | Step Count: 527115 | Episode Q0:    36.28
Episode: 1731/7000 | Episode reward:   373.32 | Episode steps: 1075 | Average reward:   180.71 | Step Count: 528190 | Episode Q0:    36.28
Episode: 1732/7000 | Episode reward:   320.22 | Episode steps:  732 | Average reward:   175.61 | Step Count: 528922 | Episode Q0:    36.28
Episode: 1733/7000 | Episode reward:   257.05 | Episode steps:  683 | Average reward:   194.70 | Step Count: 529605 | Episode Q0:    36.28
Episode: 1734/7000 | Episode reward:   187.70 | Episode steps:  656 | Average reward:   195.76 | Step Count: 530261 | Episode Q0:    36.28
Episode: 1735/7000 | Episode reward:   316.01 | Episode steps:  753 | Average reward:   208.07 | Step Count: 531014 | Episode Q0:    36.28
Episode: 1736/7000 | Episode reward:   195.66 | Episode steps:  240 | Average reward:   222.64 | Step Count: 531254 | Episode Q0:    36.28
Episode: 1737/7000 | Episode reward:   232.17 | Episode steps:  481 | Average reward:   241.25 | Step Count: 531735 | Episode Q0:    36.28
Episode: 1738/7000 | Episode reward:    58.35 | Episode steps:  136 | Average reward:   227.87 | Step Count: 531871 | Episode Q0:    36.28
Episode: 1739/7000 | Episode reward:   322.83 | Episode steps:  983 | Average reward:   242.53 | Step Count: 532854 | Episode Q0:    36.28
Episode: 1740/7000 | Episode reward:   198.31 | Episode steps:  578 | Average reward:   246.16 | Step Count: 533432 | Episode Q0:    36.28
Episode: 1741/7000 | Episode reward:    38.01 | Episode steps:  155 | Average reward:   212.63 | Step Count: 533587 | Episode Q0:    36.28
Episode: 1742/7000 | Episode reward:   219.73 | Episode steps:  506 | Average reward:   202.58 | Step Count: 534093 | Episode Q0:    36.28
Episode: 1743/7000 | Episode reward:   160.76 | Episode steps:  197 | Average reward:   192.95 | Step Count: 534290 | Episode Q0:    36.28
Episode: 1744/7000 | Episode reward:   155.44 | Episode steps:  209 | Average reward:   189.73 | Step Count: 534499 | Episode Q0:    36.28
Episode: 1745/7000 | Episode reward:    91.87 | Episode steps:  141 | Average reward:   167.31 | Step Count: 534640 | Episode Q0:    36.28
Episode: 1746/7000 | Episode reward:   113.77 | Episode steps:  164 | Average reward:   159.12 | Step Count: 534804 | Episode Q0:    36.28
Episode: 1747/7000 | Episode reward:   213.73 | Episode steps:  398 | Average reward:   157.28 | Step Count: 535202 | Episode Q0:    36.28
Episode: 1748/7000 | Episode reward:    45.31 | Episode steps:  182 | Average reward:   155.98 | Step Count: 535384 | Episode Q0:    36.28
Episode: 1749/7000 | Episode reward:   234.29 | Episode steps:  498 | Average reward:   147.12 | Step Count: 535882 | Episode Q0:    36.28
Episode: 1750/7000 | Episode reward:    66.10 | Episode steps:  112 | Average reward:   133.90 | Step Count: 535994 | Episode Q0:    36.28
Episode: 1751/7000 | Episode reward:   112.49 | Episode steps:  160 | Average reward:   141.35 | Step Count: 536154 | Episode Q0:    36.93
Episode: 1752/7000 | Episode reward:   224.11 | Episode steps:  396 | Average reward:   141.79 | Step Count: 536550 | Episode Q0:    36.93
Episode: 1753/7000 | Episode reward:    64.87 | Episode steps:  116 | Average reward:   132.20 | Step Count: 536666 | Episode Q0:    36.93
Episode: 1754/7000 | Episode reward:   147.52 | Episode steps:  527 | Average reward:   131.41 | Step Count: 537193 | Episode Q0:    36.93
Episode: 1755/7000 | Episode reward:   250.80 | Episode steps:  639 | Average reward:   147.30 | Step Count: 537832 | Episode Q0:    36.93
Episode: 1756/7000 | Episode reward:   264.19 | Episode steps:  709 | Average reward:   162.34 | Step Count: 538541 | Episode Q0:    36.93
Episode: 1757/7000 | Episode reward:   148.91 | Episode steps:  513 | Average reward:   155.86 | Step Count: 539054 | Episode Q0:    36.93
Episode: 1758/7000 | Episode reward:   235.77 | Episode steps:  686 | Average reward:   174.91 | Step Count: 539740 | Episode Q0:    36.93
Episode: 1759/7000 | Episode reward:   222.38 | Episode steps:  466 | Average reward:   173.71 | Step Count: 540206 | Episode Q0:    36.93
Episode: 1760/7000 | Episode reward:   261.08 | Episode steps:  711 | Average reward:   193.21 | Step Count: 540917 | Episode Q0:    36.93
Episode: 1761/7000 | Episode reward:   139.40 | Episode steps:  307 | Average reward:   195.90 | Step Count: 541224 | Episode Q0:    36.93
Episode: 1762/7000 | Episode reward:   225.72 | Episode steps:  855 | Average reward:   196.06 | Step Count: 542079 | Episode Q0:    36.93
Episode: 1763/7000 | Episode reward:   240.82 | Episode steps:  422 | Average reward:   213.66 | Step Count: 542501 | Episode Q0:    36.93
Episode: 1764/7000 | Episode reward:   246.18 | Episode steps:  703 | Average reward:   223.53 | Step Count: 543204 | Episode Q0:    36.93
Episode: 1765/7000 | Episode reward:   258.30 | Episode steps:  789 | Average reward:   224.28 | Step Count: 543993 | Episode Q0:    36.93
Episode: 1766/7000 | Episode reward:    84.56 | Episode steps:  230 | Average reward:   206.31 | Step Count: 544223 | Episode Q0:    36.93
Episode: 1767/7000 | Episode reward:   152.06 | Episode steps:  406 | Average reward:   206.63 | Step Count: 544629 | Episode Q0:    36.93
Episode: 1768/7000 | Episode reward:    38.10 | Episode steps:  182 | Average reward:   186.86 | Step Count: 544811 | Episode Q0:    36.93
Episode: 1769/7000 | Episode reward:   350.58 | Episode steps:  807 | Average reward:   199.68 | Step Count: 545618 | Episode Q0:    36.93
Episode: 1770/7000 | Episode reward:   451.38 | Episode steps:  977 | Average reward:   218.71 | Step Count: 546595 | Episode Q0:    36.93
Episode: 1771/7000 | Episode reward:   193.28 | Episode steps:  499 | Average reward:   224.10 | Step Count: 547094 | Episode Q0:    36.93
Episode: 1772/7000 | Episode reward:   301.37 | Episode steps:  882 | Average reward:   231.66 | Step Count: 547976 | Episode Q0:    36.93
Episode: 1773/7000 | Episode reward:   473.56 | Episode steps:  920 | Average reward:   254.94 | Step Count: 548896 | Episode Q0:    36.93
Episode: 1774/7000 | Episode reward:   110.85 | Episode steps:  457 | Average reward:   241.40 | Step Count: 549353 | Episode Q0:    36.93
Episode: 1775/7000 | Episode reward:   554.92 | Episode steps: 1012 | Average reward:   271.07 | Step Count: 550365 | Episode Q0:    36.86
Episode: 1776/7000 | Episode reward:   355.13 | Episode steps: 1022 | Average reward:   298.12 | Step Count: 551387 | Episode Q0:    36.86
Episode: 1777/7000 | Episode reward:   250.54 | Episode steps:  428 | Average reward:   307.97 | Step Count: 551815 | Episode Q0:    36.86
Episode: 1778/7000 | Episode reward:   357.66 | Episode steps: 1072 | Average reward:   339.93 | Step Count: 552887 | Episode Q0:    36.86
Episode: 1779/7000 | Episode reward:   236.39 | Episode steps:  694 | Average reward:   328.51 | Step Count: 553581 | Episode Q0:    36.86
Episode: 1780/7000 | Episode reward:   297.55 | Episode steps:  495 | Average reward:   313.12 | Step Count: 554076 | Episode Q0:    36.86
Episode: 1781/7000 | Episode reward:    77.80 | Episode steps:  153 | Average reward:   301.58 | Step Count: 554229 | Episode Q0:    36.86
Episode: 1782/7000 | Episode reward:    69.37 | Episode steps:  166 | Average reward:   278.38 | Step Count: 554395 | Episode Q0:    36.86
Episode: 1783/7000 | Episode reward:   352.08 | Episode steps:  781 | Average reward:   266.23 | Step Count: 555176 | Episode Q0:    36.86
Episode: 1784/7000 | Episode reward:   257.77 | Episode steps:  704 | Average reward:   280.92 | Step Count: 555880 | Episode Q0:    36.86
Episode: 1785/7000 | Episode reward:    41.64 | Episode steps:  183 | Average reward:   229.59 | Step Count: 556063 | Episode Q0:    36.86
Episode: 1786/7000 | Episode reward:   130.40 | Episode steps:  447 | Average reward:   207.12 | Step Count: 556510 | Episode Q0:    36.86
Episode: 1787/7000 | Episode reward:   102.79 | Episode steps:  439 | Average reward:   192.34 | Step Count: 556949 | Episode Q0:    36.86
Episode: 1788/7000 | Episode reward:   331.99 | Episode steps:  758 | Average reward:   189.78 | Step Count: 557707 | Episode Q0:    36.86
Episode: 1789/7000 | Episode reward:   592.33 | Episode steps: 1649 | Average reward:   225.37 | Step Count: 559356 | Episode Q0:    36.86
Episode: 1790/7000 | Episode reward:   258.88 | Episode steps:  596 | Average reward:   221.51 | Step Count: 559952 | Episode Q0:    36.86
Episode: 1791/7000 | Episode reward:   167.64 | Episode steps:  491 | Average reward:   230.49 | Step Count: 560443 | Episode Q0:    36.86
Episode: 1792/7000 | Episode reward:   227.82 | Episode steps:  473 | Average reward:   246.33 | Step Count: 560916 | Episode Q0:    36.86
Episode: 1793/7000 | Episode reward:   169.25 | Episode steps:  488 | Average reward:   228.05 | Step Count: 561404 | Episode Q0:    36.86
Episode: 1794/7000 | Episode reward:   298.86 | Episode steps:  757 | Average reward:   232.16 | Step Count: 562161 | Episode Q0:    36.86
Episode: 1795/7000 | Episode reward:    60.13 | Episode steps:  194 | Average reward:   234.01 | Step Count: 562355 | Episode Q0:    36.86
Episode: 1796/7000 | Episode reward:   133.17 | Episode steps:  204 | Average reward:   234.29 | Step Count: 562559 | Episode Q0:    36.86
Episode: 1797/7000 | Episode reward:   194.41 | Episode steps:  363 | Average reward:   243.45 | Step Count: 562922 | Episode Q0:    36.86
Episode: 1798/7000 | Episode reward:    90.78 | Episode steps:  170 | Average reward:   219.33 | Step Count: 563092 | Episode Q0:    36.86
Episode: 1799/7000 | Episode reward:   147.80 | Episode steps:  577 | Average reward:   174.87 | Step Count: 563669 | Episode Q0:    36.86
Episode: 1800/7000 | Episode reward:    84.67 | Episode steps:  195 | Average reward:   157.45 | Step Count: 563864 | Episode Q0:    36.86
Episode: 1801/7000 | Episode reward:   190.23 | Episode steps:  430 | Average reward:   159.71 | Step Count: 564294 | Episode Q0:    36.86
Episode: 1802/7000 | Episode reward:   210.23 | Episode steps:  632 | Average reward:   157.95 | Step Count: 564926 | Episode Q0:    36.86
Episode: 1803/7000 | Episode reward:   188.03 | Episode steps:  388 | Average reward:   159.83 | Step Count: 565314 | Episode Q0:    36.86
Episode: 1804/7000 | Episode reward:    75.27 | Episode steps:  207 | Average reward:   137.47 | Step Count: 565521 | Episode Q0:    36.86
Episode: 1805/7000 | Episode reward:    41.27 | Episode steps:  102 | Average reward:   135.59 | Step Count: 565623 | Episode Q0:    36.86
Episode: 1806/7000 | Episode reward:    37.28 | Episode steps:  110 | Average reward:   126.00 | Step Count: 565733 | Episode Q0:    36.86
Episode: 1807/7000 | Episode reward:    94.86 | Episode steps:  185 | Average reward:   116.04 | Step Count: 565918 | Episode Q0:    36.84
Episode: 1808/7000 | Episode reward:   175.08 | Episode steps:  627 | Average reward:   124.47 | Step Count: 566545 | Episode Q0:    36.84
Episode: 1809/7000 | Episode reward:    50.34 | Episode steps:  156 | Average reward:   114.73 | Step Count: 566701 | Episode Q0:    36.84
Episode: 1810/7000 | Episode reward:   156.51 | Episode steps:  193 | Average reward:   121.91 | Step Count: 566894 | Episode Q0:    36.84
Episode: 1811/7000 | Episode reward:   180.32 | Episode steps:  419 | Average reward:   120.92 | Step Count: 567313 | Episode Q0:    36.84
Episode: 1812/7000 | Episode reward:   240.09 | Episode steps:  664 | Average reward:   123.90 | Step Count: 567977 | Episode Q0:    36.84
Episode: 1813/7000 | Episode reward:   212.98 | Episode steps:  710 | Average reward:   126.40 | Step Count: 568687 | Episode Q0:    36.84
Episode: 1814/7000 | Episode reward:   192.86 | Episode steps:  655 | Average reward:   138.16 | Step Count: 569342 | Episode Q0:    36.84
Episode: 1815/7000 | Episode reward:   213.64 | Episode steps:  381 | Average reward:   155.40 | Step Count: 569723 | Episode Q0:    36.84
Episode: 1816/7000 | Episode reward:   132.42 | Episode steps:  191 | Average reward:   164.91 | Step Count: 569914 | Episode Q0:    36.84
Episode: 1817/7000 | Episode reward:    73.01 | Episode steps:  202 | Average reward:   162.72 | Step Count: 570116 | Episode Q0:    36.84
Episode: 1818/7000 | Episode reward:   205.45 | Episode steps:  378 | Average reward:   165.76 | Step Count: 570494 | Episode Q0:    36.84
Episode: 1819/7000 | Episode reward:   413.18 | Episode steps: 1109 | Average reward:   202.05 | Step Count: 571603 | Episode Q0:    36.84
Episode: 1820/7000 | Episode reward:   344.70 | Episode steps:  764 | Average reward:   220.87 | Step Count: 572367 | Episode Q0:    36.84
Episode: 1821/7000 | Episode reward:   289.83 | Episode steps:  809 | Average reward:   231.82 | Step Count: 573176 | Episode Q0:    36.84
Episode: 1822/7000 | Episode reward:   227.70 | Episode steps:  691 | Average reward:   230.58 | Step Count: 573867 | Episode Q0:    36.84
Episode: 1823/7000 | Episode reward:   305.81 | Episode steps:  557 | Average reward:   239.86 | Step Count: 574424 | Episode Q0:    36.84
Episode: 1824/7000 | Episode reward:   198.45 | Episode steps:  561 | Average reward:   240.42 | Step Count: 574985 | Episode Q0:    36.84
Episode: 1825/7000 | Episode reward:   171.40 | Episode steps:  487 | Average reward:   236.20 | Step Count: 575472 | Episode Q0:    36.84
Episode: 1826/7000 | Episode reward:   290.20 | Episode steps:  351 | Average reward:   251.97 | Step Count: 575823 | Episode Q0:    36.84
Episode: 1827/7000 | Episode reward:   165.97 | Episode steps:  491 | Average reward:   261.27 | Step Count: 576314 | Episode Q0:    36.84
Episode: 1828/7000 | Episode reward:   101.94 | Episode steps:  170 | Average reward:   250.92 | Step Count: 576484 | Episode Q0:    36.84
Episode: 1829/7000 | Episode reward:   336.66 | Episode steps:  761 | Average reward:   243.27 | Step Count: 577245 | Episode Q0:    36.84
Episode: 1830/7000 | Episode reward:   341.69 | Episode steps: 1048 | Average reward:   242.96 | Step Count: 578293 | Episode Q0:    36.84
Episode: 1831/7000 | Episode reward:    98.08 | Episode steps:  465 | Average reward:   223.79 | Step Count: 578758 | Episode Q0:    36.84
[Warning: Attempting to automatically delete runs due to low available disk space or excessive disk usage.
Suggested Actions:
    • Turn off automatic run deletion - <a href="matlab:Simulink.sdi.setDeleteRunsOnLowSpace(false);">Fix</a>
    • Open Simulation Data Inspector preferences and change Storage options
] 
[> In <a href="matlab:matlab.lang.internal.introspective.errorDocCallback('rl.internal.train.OffPolicyTrainer.run_internal_/nestedLearn', 'C:\Program Files\MATLAB\R2025b\toolbox\rl\rl\+rl\+internal\+train\OffPolicyTrainer.m', 234)" style="font-weight:bold">rl.internal.train.OffPolicyTrainer.run_internal_/nestedLearn</a> (<a href="matlab: opentoline('C:\Program Files\MATLAB\R2025b\toolbox\rl\rl\+rl\+internal\+train\OffPolicyTrainer.m',234,0)">line 234</a>)
In <a href="matlab:matlab.lang.internal.introspective.errorDocCallback('rl.internal.train/OffPolicyTrainer/run_internal_', 'C:\Program Files\MATLAB\R2025b\toolbox\rl\rl\+rl\+internal\+train\OffPolicyTrainer.m', 417)" style="font-weight:bold">rl.internal.train/OffPolicyTrainer/run_internal_</a> (<a href="matlab: opentoline('C:\Program Files\MATLAB\R2025b\toolbox\rl\rl\+rl\+internal\+train\OffPolicyTrainer.m',417,0)">line 417</a>)
In <a href="matlab:matlab.lang.internal.introspective.errorDocCallback('rl.internal.train/OffPolicyTrainer/run_', 'C:\Program Files\MATLAB\R2025b\toolbox\rl\rl\+rl\+internal\+train\OffPolicyTrainer.m', 39)" style="font-weight:bold">rl.internal.train/OffPolicyTrainer/run_</a> (<a href="matlab: opentoline('C:\Program Files\MATLAB\R2025b\toolbox\rl\rl\+rl\+internal\+train\OffPolicyTrainer.m',39,0)">line 39</a>)
In <a href="matlab:matlab.lang.internal.introspective.errorDocCallback('rl.internal.train/Trainer/run', 'C:\Program Files\MATLAB\R2025b\toolbox\rl\rl\+rl\+internal\+train\Trainer.m', 8)" style="font-weight:bold">rl.internal.train/Trainer/run</a> (<a href="matlab: opentoline('C:\Program Files\MATLAB\R2025b\toolbox\rl\rl\+rl\+internal\+train\Trainer.m',8,0)">line 8</a>)
In <a href="matlab:matlab.lang.internal.introspective.errorDocCallback('rl.internal.trainmgr/OnlineTrainingManager/run_', 'C:\Program Files\MATLAB\R2025b\toolbox\rl\rl\+rl\+internal\+trainmgr\OnlineTrainingManager.m', 135)" style="font-weight:bold">rl.internal.trainmgr/OnlineTrainingManager/run_</a> (<a href="matlab: opentoline('C:\Program Files\MATLAB\R2025b\toolbox\rl\rl\+rl\+internal\+trainmgr\OnlineTrainingManager.m',135,0)">line 135</a>)
In <a href="matlab:matlab.lang.internal.introspective.errorDocCallback('rl.internal.trainmgr/TrainingManager/run', 'C:\Program Files\MATLAB\R2025b\toolbox\rl\rl\+rl\+internal\+trainmgr\TrainingManager.m', 4)" style="font-weight:bold">rl.internal.trainmgr/TrainingManager/run</a> (<a href="matlab: opentoline('C:\Program Files\MATLAB\R2025b\toolbox\rl\rl\+rl\+internal\+trainmgr\TrainingManager.m',4,0)">line 4</a>)
In <a href="matlab:matlab.lang.internal.introspective.errorDocCallback('rl.agent.AbstractAgent/train', 'C:\Program Files\MATLAB\R2025b\toolbox\rl\rl\+rl\+agent\@AbstractAgent\train.m', 86)" style="font-weight:bold">rl.agent.AbstractAgent/train</a> (<a href="matlab: opentoline('C:\Program Files\MATLAB\R2025b\toolbox\rl\rl\+rl\+agent\@AbstractAgent\train.m',86,0)">line 86</a>)
In <a href="matlab:matlab.lang.internal.introspective.errorDocCallback('trainFurutaDirectTD3WithConfig', 'C:\Users\abuj\Code\Reinforcement-Learning-Furuta-Inverted-Pendulum\scripts\trainFurutaDirectTD3WithConfig.m', 64)" style="font-weight:bold">trainFurutaDirectTD3WithConfig</a> (<a href="matlab: opentoline('C:\Users\abuj\Code\Reinforcement-Learning-Furuta-Inverted-Pendulum\scripts\trainFurutaDirectTD3WithConfig.m',64,0)">line 64</a>)
In <a href="matlab:matlab.lang.internal.introspective.errorDocCallback('trainFurutaDetailed1c500HzLongScratch7000', 'C:\Users\abuj\Code\Reinforcement-Learning-Furuta-Inverted-Pendulum\scripts\trainFurutaDetailed1c500HzLongScratch7000.m', 6)" style="font-weight:bold">trainFurutaDetailed1c500HzLongScratch7000</a> (<a href="matlab: opentoline('C:\Users\abuj\Code\Reinforcement-Learning-Furuta-Inverted-Pendulum\scripts\trainFurutaDetailed1c500HzLongScratch7000.m',6,0)">line 6</a>)] 
[Warning: Due to low available disk space or excessive disk usage, turning off recording of all data.
Suggested Actions:
    • Open Simulation Data Inspector preferences and change Storage options
] 
[> In <a href="matlab:matlab.lang.internal.introspective.errorDocCallback('rl.internal.train.OffPolicyTrainer.run_internal_/nestedLearn', 'C:\Program Files\MATLAB\R2025b\toolbox\rl\rl\+rl\+internal\+train\OffPolicyTrainer.m', 234)" style="font-weight:bold">rl.internal.train.OffPolicyTrainer.run_internal_/nestedLearn</a> (<a href="matlab: opentoline('C:\Program Files\MATLAB\R2025b\toolbox\rl\rl\+rl\+internal\+train\OffPolicyTrainer.m',234,0)">line 234</a>)
In <a href="matlab:matlab.lang.internal.introspective.errorDocCallback('rl.internal.train/OffPolicyTrainer/run_internal_', 'C:\Program Files\MATLAB\R2025b\toolbox\rl\rl\+rl\+internal\+train\OffPolicyTrainer.m', 417)" style="font-weight:bold">rl.internal.train/OffPolicyTrainer/run_internal_</a> (<a href="matlab: opentoline('C:\Program Files\MATLAB\R2025b\toolbox\rl\rl\+rl\+internal\+train\OffPolicyTrainer.m',417,0)">line 417</a>)
In <a href="matlab:matlab.lang.internal.introspective.errorDocCallback('rl.internal.train/OffPolicyTrainer/run_', 'C:\Program Files\MATLAB\R2025b\toolbox\rl\rl\+rl\+internal\+train\OffPolicyTrainer.m', 39)" style="font-weight:bold">rl.internal.train/OffPolicyTrainer/run_</a> (<a href="matlab: opentoline('C:\Program Files\MATLAB\R2025b\toolbox\rl\rl\+rl\+internal\+train\OffPolicyTrainer.m',39,0)">line 39</a>)
In <a href="matlab:matlab.lang.internal.introspective.errorDocCallback('rl.internal.train/Trainer/run', 'C:\Program Files\MATLAB\R2025b\toolbox\rl\rl\+rl\+internal\+train\Trainer.m', 8)" style="font-weight:bold">rl.internal.train/Trainer/run</a> (<a href="matlab: opentoline('C:\Program Files\MATLAB\R2025b\toolbox\rl\rl\+rl\+internal\+train\Trainer.m',8,0)">line 8</a>)
In <a href="matlab:matlab.lang.internal.introspective.errorDocCallback('rl.internal.trainmgr/OnlineTrainingManager/run_', 'C:\Program Files\MATLAB\R2025b\toolbox\rl\rl\+rl\+internal\+trainmgr\OnlineTrainingManager.m', 135)" style="font-weight:bold">rl.internal.trainmgr/OnlineTrainingManager/run_</a> (<a href="matlab: opentoline('C:\Program Files\MATLAB\R2025b\toolbox\rl\rl\+rl\+internal\+trainmgr\OnlineTrainingManager.m',135,0)">line 135</a>)
In <a href="matlab:matlab.lang.internal.introspective.errorDocCallback('rl.internal.trainmgr/TrainingManager/run', 'C:\Program Files\MATLAB\R2025b\toolbox\rl\rl\+rl\+internal\+trainmgr\TrainingManager.m', 4)" style="font-weight:bold">rl.internal.trainmgr/TrainingManager/run</a> (<a href="matlab: opentoline('C:\Program Files\MATLAB\R2025b\toolbox\rl\rl\+rl\+internal\+trainmgr\TrainingManager.m',4,0)">line 4</a>)
In <a href="matlab:matlab.lang.internal.introspective.errorDocCallback('rl.agent.AbstractAgent/train', 'C:\Program Files\MATLAB\R2025b\toolbox\rl\rl\+rl\+agent\@AbstractAgent\train.m', 86)" style="font-weight:bold">rl.agent.AbstractAgent/train</a> (<a href="matlab: opentoline('C:\Program Files\MATLAB\R2025b\toolbox\rl\rl\+rl\+agent\@AbstractAgent\train.m',86,0)">line 86</a>)
In <a href="matlab:matlab.lang.internal.introspective.errorDocCallback('trainFurutaDirectTD3WithConfig', 'C:\Users\abuj\Code\Reinforcement-Learning-Furuta-Inverted-Pendulum\scripts\trainFurutaDirectTD3WithConfig.m', 64)" style="font-weight:bold">trainFurutaDirectTD3WithConfig</a> (<a href="matlab: opentoline('C:\Users\abuj\Code\Reinforcement-Learning-Furuta-Inverted-Pendulum\scripts\trainFurutaDirectTD3WithConfig.m',64,0)">line 64</a>)
In <a href="matlab:matlab.lang.internal.introspective.errorDocCallback('trainFurutaDetailed1c500HzLongScratch7000', 'C:\Users\abuj\Code\Reinforcement-Learning-Furuta-Inverted-Pendulum\scripts\trainFurutaDetailed1c500HzLongScratch7000.m', 6)" style="font-weight:bold">trainFurutaDetailed1c500HzLongScratch7000</a> (<a href="matlab: opentoline('C:\Users\abuj\Code\Reinforcement-Learning-Furuta-Inverted-Pendulum\scripts\trainFurutaDetailed1c500HzLongScratch7000.m',6,0)">line 6</a>)] 
Episode: 1832/7000 | Episode reward:   450.46 | Episode steps:  908 | Average reward:   246.07 | Step Count: 579666 | Episode Q0:    36.51
Episode: 1833/7000 | Episode reward:    91.99 | Episode steps:  234 | Average reward:   224.68 | Step Count: 579900 | Episode Q0:    36.51
Episode: 1834/7000 | Episode reward:   146.49 | Episode steps:  463 | Average reward:   219.49 | Step Count: 580363 | Episode Q0:    36.51
Episode: 1835/7000 | Episode reward:   140.87 | Episode steps:  329 | Average reward:   216.43 | Step Count: 580692 | Episode Q0:    36.51
Episode: 1836/7000 | Episode reward:   398.94 | Episode steps: 1122 | Average reward:   227.31 | Step Count: 581814 | Episode Q0:    36.51
Episode: 1837/7000 | Episode reward:   254.41 | Episode steps:  818 | Average reward:   236.15 | Step Count: 582632 | Episode Q0:    36.51
Episode: 1838/7000 | Episode reward:   246.01 | Episode steps:  670 | Average reward:   250.56 | Step Count: 583302 | Episode Q0:    36.51
Episode: 1839/7000 | Episode reward:   408.99 | Episode steps: 1085 | Average reward:   257.79 | Step Count: 584387 | Episode Q0:    36.51
Episode: 1840/7000 | Episode reward:   125.50 | Episode steps:  181 | Average reward:   236.17 | Step Count: 584568 | Episode Q0:    36.51
Episode: 1841/7000 | Episode reward:   299.99 | Episode steps:  770 | Average reward:   256.37 | Step Count: 585338 | Episode Q0:    36.51
Episode: 1842/7000 | Episode reward:   390.33 | Episode steps: 1110 | Average reward:   250.35 | Step Count: 586448 | Episode Q0:    36.51
Episode: 1843/7000 | Episode reward:   366.06 | Episode steps: 1052 | Average reward:   277.76 | Step Count: 587500 | Episode Q0:    36.51
Episode: 1844/7000 | Episode reward:   150.84 | Episode steps:  350 | Average reward:   278.19 | Step Count: 587850 | Episode Q0:    36.51
Episode: 1845/7000 | Episode reward:   230.64 | Episode steps:  666 | Average reward:   287.17 | Step Count: 588516 | Episode Q0:    36.51
Episode: 1846/7000 | Episode reward:   219.96 | Episode steps:  271 | Average reward:   269.27 | Step Count: 588787 | Episode Q0:    36.51
Episode: 1847/7000 | Episode reward:   112.47 | Episode steps:  434 | Average reward:   255.08 | Step Count: 589221 | Episode Q0:    36.51
Episode: 1848/7000 | Episode reward:   208.98 | Episode steps:  830 | Average reward:   251.38 | Step Count: 590051 | Episode Q0:    36.51
Episode: 1849/7000 | Episode reward:   298.55 | Episode steps:  737 | Average reward:   240.33 | Step Count: 590788 | Episode Q0:    36.51
Episode: 1850/7000 | Episode reward:   348.19 | Episode steps:  824 | Average reward:   262.60 | Step Count: 591612 | Episode Q0:    36.51
Episode: 1851/7000 | Episode reward:   180.30 | Episode steps:  789 | Average reward:   250.63 | Step Count: 592401 | Episode Q0:    36.51
Episode: 1852/7000 | Episode reward:   169.67 | Episode steps:  213 | Average reward:   228.57 | Step Count: 592614 | Episode Q0:    36.51
Episode: 1853/7000 | Episode reward:   281.56 | Episode steps:  767 | Average reward:   220.12 | Step Count: 593381 | Episode Q0:    36.51
Episode: 1854/7000 | Episode reward:   289.11 | Episode steps:  763 | Average reward:   233.94 | Step Count: 594144 | Episode Q0:    36.51
Episode: 1855/7000 | Episode reward:    47.22 | Episode steps:  156 | Average reward:   215.60 | Step Count: 594300 | Episode Q0:    36.92
Episode: 1856/7000 | Episode reward:   198.64 | Episode steps:  516 | Average reward:   213.47 | Step Count: 594816 | Episode Q0:    36.92
Episode: 1857/7000 | Episode reward:   338.71 | Episode steps: 1046 | Average reward:   236.09 | Step Count: 595862 | Episode Q0:    36.92
Episode: 1858/7000 | Episode reward:   232.98 | Episode steps:  658 | Average reward:   238.49 | Step Count: 596520 | Episode Q0:    36.92
Episode: 1859/7000 | Episode reward:   313.74 | Episode steps:  755 | Average reward:   240.01 | Step Count: 597275 | Episode Q0:    36.92
Episode: 1860/7000 | Episode reward:   162.08 | Episode steps:  435 | Average reward:   221.40 | Step Count: 597710 | Episode Q0:    36.92
Episode: 1861/7000 | Episode reward:    82.04 | Episode steps:  296 | Average reward:   211.58 | Step Count: 598006 | Episode Q0:    36.92
Episode: 1862/7000 | Episode reward:   123.78 | Episode steps:  299 | Average reward:   206.99 | Step Count: 598305 | Episode Q0:    36.92
Episode: 1863/7000 | Episode reward:   212.70 | Episode steps:  393 | Average reward:   200.10 | Step Count: 598698 | Episode Q0:    36.92
Episode: 1864/7000 | Episode reward:    99.41 | Episode steps:  176 | Average reward:   181.13 | Step Count: 598874 | Episode Q0:    36.92
Episode: 1865/7000 | Episode reward:   136.59 | Episode steps:  244 | Average reward:   190.07 | Step Count: 599118 | Episode Q0:    36.92
Episode: 1866/7000 | Episode reward:   142.89 | Episode steps:  341 | Average reward:   184.49 | Step Count: 599459 | Episode Q0:    36.92
Episode: 1867/7000 | Episode reward:    76.63 | Episode steps:  118 | Average reward:   158.28 | Step Count: 599577 | Episode Q0:    36.92
Episode: 1868/7000 | Episode reward:   103.25 | Episode steps:  149 | Average reward:   145.31 | Step Count: 599726 | Episode Q0:    36.92
Episode: 1869/7000 | Episode reward:   322.33 | Episode steps:  835 | Average reward:   146.17 | Step Count: 600561 | Episode Q0:    36.92
Episode: 1870/7000 | Episode reward:    74.75 | Episode steps:  193 | Average reward:   137.44 | Step Count: 600754 | Episode Q0:    36.92
Episode: 1871/7000 | Episode reward:    61.04 | Episode steps:  112 | Average reward:   135.34 | Step Count: 600866 | Episode Q0:    36.92
Episode: 1872/7000 | Episode reward:   238.64 | Episode steps:  407 | Average reward:   146.82 | Step Count: 601273 | Episode Q0:    36.92
Episode: 1873/7000 | Episode reward:   156.00 | Episode steps:  488 | Average reward:   141.15 | Step Count: 601761 | Episode Q0:    36.92
Episode: 1874/7000 | Episode reward:    34.20 | Episode steps:   95 | Average reward:   134.63 | Step Count: 601856 | Episode Q0:    36.92
Episode: 1875/7000 | Episode reward:   104.75 | Episode steps:  170 | Average reward:   131.45 | Step Count: 602026 | Episode Q0:    36.92
Episode: 1876/7000 | Episode reward:   205.59 | Episode steps:  844 | Average reward:   137.72 | Step Count: 602870 | Episode Q0:    36.92
Episode: 1877/7000 | Episode reward:    33.65 | Episode steps:   97 | Average reward:   133.42 | Step Count: 602967 | Episode Q0:    36.92
Episode: 1878/7000 | Episode reward:   112.18 | Episode steps:  245 | Average reward:   134.31 | Step Count: 603212 | Episode Q0:    36.92
Episode: 1879/7000 | Episode reward:    49.50 | Episode steps:  117 | Average reward:   107.03 | Step Count: 603329 | Episode Q0:    36.92
Episode: 1880/7000 | Episode reward:   168.30 | Episode steps:  570 | Average reward:   116.39 | Step Count: 603899 | Episode Q0:    36.92
Episode: 1881/7000 | Episode reward:   154.65 | Episode steps:  352 | Average reward:   125.75 | Step Count: 604251 | Episode Q0:    36.92
Episode: 1882/7000 | Episode reward:   192.59 | Episode steps:  233 | Average reward:   121.14 | Step Count: 604484 | Episode Q0:    36.92
Episode: 1883/7000 | Episode reward:   129.23 | Episode steps:  324 | Average reward:   118.46 | Step Count: 604808 | Episode Q0:    36.36
Episode: 1884/7000 | Episode reward:   262.72 | Episode steps:  704 | Average reward:   141.32 | Step Count: 605512 | Episode Q0:    36.36
Episode: 1885/7000 | Episode reward:    76.79 | Episode steps:  127 | Average reward:   138.52 | Step Count: 605639 | Episode Q0:    36.36
Episode: 1886/7000 | Episode reward:   297.87 | Episode steps:  735 | Average reward:   147.75 | Step Count: 606374 | Episode Q0:    36.36
Episode: 1887/7000 | Episode reward:    90.92 | Episode steps:  425 | Average reward:   153.48 | Step Count: 606799 | Episode Q0:    36.36
Episode: 1888/7000 | Episode reward:   240.11 | Episode steps:  417 | Average reward:   166.27 | Step Count: 607216 | Episode Q0:    36.36
Episode: 1889/7000 | Episode reward:   277.93 | Episode steps:  507 | Average reward:   189.11 | Step Count: 607723 | Episode Q0:    36.36
Episode: 1890/7000 | Episode reward:   212.24 | Episode steps:  273 | Average reward:   193.51 | Step Count: 607996 | Episode Q0:    36.36
Episode: 1891/7000 | Episode reward:   299.25 | Episode steps:  521 | Average reward:   207.97 | Step Count: 608517 | Episode Q0:    36.36
Episode: 1892/7000 | Episode reward:   239.46 | Episode steps:  789 | Average reward:   212.65 | Step Count: 609306 | Episode Q0:    36.36
Episode: 1893/7000 | Episode reward:   137.87 | Episode steps:  181 | Average reward:   213.52 | Step Count: 609487 | Episode Q0:    36.36
Episode: 1894/7000 | Episode reward:   117.02 | Episode steps:  456 | Average reward:   198.95 | Step Count: 609943 | Episode Q0:    36.36
Episode: 1895/7000 | Episode reward:   219.02 | Episode steps:  649 | Average reward:   213.17 | Step Count: 610592 | Episode Q0:    36.36
Episode: 1896/7000 | Episode reward:   232.36 | Episode steps:  404 | Average reward:   206.62 | Step Count: 610996 | Episode Q0:    36.36
Episode: 1897/7000 | Episode reward:   121.76 | Episode steps:  492 | Average reward:   209.70 | Step Count: 611488 | Episode Q0:    36.36
Episode: 1898/7000 | Episode reward:   156.64 | Episode steps:  395 | Average reward:   201.36 | Step Count: 611883 | Episode Q0:    36.36
Episode: 1899/7000 | Episode reward:    34.46 | Episode steps:  157 | Average reward:   177.01 | Step Count: 612040 | Episode Q0:    36.36
Episode: 1900/7000 | Episode reward:   118.28 | Episode steps:  157 | Average reward:   167.61 | Step Count: 612197 | Episode Q0:    36.36
Episode: 1901/7000 | Episode reward:   268.96 | Episode steps:  703 | Average reward:   164.58 | Step Count: 612900 | Episode Q0:    36.36
Episode: 1902/7000 | Episode reward:   159.48 | Episode steps:  197 | Average reward:   156.59 | Step Count: 613097 | Episode Q0:    36.36
Episode: 1903/7000 | Episode reward:   204.44 | Episode steps:  599 | Average reward:   163.24 | Step Count: 613696 | Episode Q0:    36.36
Episode: 1904/7000 | Episode reward:   158.14 | Episode steps:  379 | Average reward:   167.35 | Step Count: 614075 | Episode Q0:    36.36
Episode: 1905/7000 | Episode reward:   149.73 | Episode steps:  372 | Average reward:   160.43 | Step Count: 614447 | Episode Q0:    36.36
Episode: 1906/7000 | Episode reward:    79.59 | Episode steps:  143 | Average reward:   145.15 | Step Count: 614590 | Episode Q0:    36.36
Episode: 1907/7000 | Episode reward:   110.08 | Episode steps:  411 | Average reward:   143.98 | Step Count: 615001 | Episode Q0:    36.36
Episode: 1908/7000 | Episode reward:   104.05 | Episode steps:  208 | Average reward:   138.72 | Step Count: 615209 | Episode Q0:    36.36
Episode: 1909/7000 | Episode reward:    47.83 | Episode steps:  117 | Average reward:   140.06 | Step Count: 615326 | Episode Q0:    36.36
Episode: 1910/7000 | Episode reward:   236.71 | Episode steps:  408 | Average reward:   151.90 | Step Count: 615734 | Episode Q0:    36.36
Episode: 1911/7000 | Episode reward:    58.64 | Episode steps:  114 | Average reward:   130.87 | Step Count: 615848 | Episode Q0:    36.36
Episode: 1912/7000 | Episode reward:   266.31 | Episode steps:  446 | Average reward:   141.55 | Step Count: 616294 | Episode Q0:    36.36
Episode: 1913/7000 | Episode reward:    67.69 | Episode steps:  171 | Average reward:   127.88 | Step Count: 616465 | Episode Q0:    36.36
Episode: 1914/7000 | Episode reward:   311.75 | Episode steps:  755 | Average reward:   143.24 | Step Count: 617220 | Episode Q0:    38.13
Episode: 1915/7000 | Episode reward:   215.88 | Episode steps:  437 | Average reward:   149.85 | Step Count: 617657 | Episode Q0:    38.13
Episode: 1916/7000 | Episode reward:    66.96 | Episode steps:  194 | Average reward:   148.59 | Step Count: 617851 | Episode Q0:    38.13
Episode: 1917/7000 | Episode reward:   253.21 | Episode steps:  731 | Average reward:   162.90 | Step Count: 618582 | Episode Q0:    38.13
Episode: 1918/7000 | Episode reward:   155.86 | Episode steps:  504 | Average reward:   168.08 | Step Count: 619086 | Episode Q0:    38.13
Episode: 1919/7000 | Episode reward:   257.58 | Episode steps:  517 | Average reward:   189.06 | Step Count: 619603 | Episode Q0:    38.13
Episode: 1920/7000 | Episode reward:    25.15 | Episode steps:  107 | Average reward:   167.90 | Step Count: 619710 | Episode Q0:    38.13
Episode: 1921/7000 | Episode reward:   281.51 | Episode steps:  716 | Average reward:   190.19 | Step Count: 620426 | Episode Q0:    38.13
Episode: 1922/7000 | Episode reward:    87.89 | Episode steps:  212 | Average reward:   172.35 | Step Count: 620638 | Episode Q0:    38.13
Episode: 1923/7000 | Episode reward:   308.12 | Episode steps:  813 | Average reward:   196.39 | Step Count: 621451 | Episode Q0:    38.13
Episode: 1924/7000 | Episode reward:   263.46 | Episode steps:  510 | Average reward:   191.56 | Step Count: 621961 | Episode Q0:    38.13
Episode: 1925/7000 | Episode reward:   282.12 | Episode steps:  747 | Average reward:   198.19 | Step Count: 622708 | Episode Q0:    38.13
Episode: 1926/7000 | Episode reward:   241.18 | Episode steps:  436 | Average reward:   215.61 | Step Count: 623144 | Episode Q0:    38.13
Episode: 1927/7000 | Episode reward:   332.92 | Episode steps:  533 | Average reward:   223.58 | Step Count: 623677 | Episode Q0:    38.13
Episode: 1928/7000 | Episode reward:   175.83 | Episode steps:  791 | Average reward:   225.58 | Step Count: 624468 | Episode Q0:    38.13
Episode: 1929/7000 | Episode reward:   129.05 | Episode steps:  464 | Average reward:   212.72 | Step Count: 624932 | Episode Q0:    38.13
Episode: 1930/7000 | Episode reward:   287.28 | Episode steps:  700 | Average reward:   238.93 | Step Count: 625632 | Episode Q0:    38.13
Episode: 1931/7000 | Episode reward:    81.43 | Episode steps:  150 | Average reward:   218.93 | Step Count: 625782 | Episode Q0:    38.13
Episode: 1932/7000 | Episode reward:   281.72 | Episode steps:  710 | Average reward:   238.31 | Step Count: 626492 | Episode Q0:    38.13
Episode: 1933/7000 | Episode reward:    62.76 | Episode steps:  118 | Average reward:   213.77 | Step Count: 626610 | Episode Q0:    38.13
Episode: 1934/7000 | Episode reward:   120.47 | Episode steps:  395 | Average reward:   199.48 | Step Count: 627005 | Episode Q0:    38.13
Episode: 1935/7000 | Episode reward:    95.37 | Episode steps:  144 | Average reward:   180.80 | Step Count: 627149 | Episode Q0:    38.13
Episode: 1936/7000 | Episode reward:   155.19 | Episode steps:  378 | Average reward:   172.20 | Step Count: 627527 | Episode Q0:    38.13
Episode: 1937/7000 | Episode reward:   140.69 | Episode steps:  637 | Average reward:   152.98 | Step Count: 628164 | Episode Q0:    38.13
Episode: 1938/7000 | Episode reward:   161.71 | Episode steps:  560 | Average reward:   151.57 | Step Count: 628724 | Episode Q0:    38.13
Episode: 1939/7000 | Episode reward:   211.44 | Episode steps:  504 | Average reward:   159.81 | Step Count: 629228 | Episode Q0:    38.13
Episode: 1940/7000 | Episode reward:    78.09 | Episode steps:  403 | Average reward:   138.89 | Step Count: 629631 | Episode Q0:    38.13
Episode: 1941/7000 | Episode reward:    97.31 | Episode steps:  402 | Average reward:   140.48 | Step Count: 630033 | Episode Q0:    38.13
Episode: 1942/7000 | Episode reward:   144.82 | Episode steps:  370 | Average reward:   126.79 | Step Count: 630403 | Episode Q0:    39.13
Episode: 1943/7000 | Episode reward:   277.32 | Episode steps:  710 | Average reward:   148.24 | Step Count: 631113 | Episode Q0:    39.13
Episode: 1944/7000 | Episode reward:    67.75 | Episode steps:  117 | Average reward:   142.97 | Step Count: 631230 | Episode Q0:    39.13
Episode: 1945/7000 | Episode reward:   229.92 | Episode steps:  676 | Average reward:   156.42 | Step Count: 631906 | Episode Q0:    39.13
Episode: 1946/7000 | Episode reward:   265.07 | Episode steps:  452 | Average reward:   167.41 | Step Count: 632358 | Episode Q0:    39.13
Episode: 1947/7000 | Episode reward:   235.34 | Episode steps:  838 | Average reward:   176.88 | Step Count: 633196 | Episode Q0:    39.13
Episode: 1948/7000 | Episode reward:   314.90 | Episode steps:  742 | Average reward:   192.20 | Step Count: 633938 | Episode Q0:    39.13
Episode: 1949/7000 | Episode reward:    58.30 | Episode steps:  123 | Average reward:   176.88 | Step Count: 634061 | Episode Q0:    39.13
Episode: 1950/7000 | Episode reward:   276.58 | Episode steps:  726 | Average reward:   196.73 | Step Count: 634787 | Episode Q0:    39.13
Episode: 1951/7000 | Episode reward:   191.57 | Episode steps:  522 | Average reward:   206.16 | Step Count: 635309 | Episode Q0:    39.13
Episode: 1952/7000 | Episode reward:   141.62 | Episode steps:  452 | Average reward:   205.84 | Step Count: 635761 | Episode Q0:    39.13
Episode: 1953/7000 | Episode reward:   222.43 | Episode steps:  681 | Average reward:   200.35 | Step Count: 636442 | Episode Q0:    39.13
Episode: 1954/7000 | Episode reward:   181.51 | Episode steps:  498 | Average reward:   211.72 | Step Count: 636940 | Episode Q0:    39.13
Episode: 1955/7000 | Episode reward:   198.05 | Episode steps:  550 | Average reward:   208.54 | Step Count: 637490 | Episode Q0:    39.13
Episode: 1956/7000 | Episode reward:   104.54 | Episode steps:  156 | Average reward:   192.48 | Step Count: 637646 | Episode Q0:    39.13
Episode: 1957/7000 | Episode reward:   207.84 | Episode steps:  248 | Average reward:   189.73 | Step Count: 637894 | Episode Q0:    39.13
Episode: 1958/7000 | Episode reward:   438.51 | Episode steps:  832 | Average reward:   202.10 | Step Count: 638726 | Episode Q0:    39.13
Episode: 1959/7000 | Episode reward:   128.00 | Episode steps:  191 | Average reward:   209.07 | Step Count: 638917 | Episode Q0:    39.13
Episode: 1960/7000 | Episode reward:   192.25 | Episode steps:  415 | Average reward:   200.63 | Step Count: 639332 | Episode Q0:    39.13
Episode: 1961/7000 | Episode reward:   740.74 | Episode steps: 2500 | Average reward:   255.55 | Step Count: 641832 | Episode Q0:    37.44
Episode: 1962/7000 | Episode reward:   814.19 | Episode steps: 2500 | Average reward:   322.81 | Step Count: 644332 | Episode Q0:    37.44
Episode: 1963/7000 | Episode reward:   768.24 | Episode steps: 2500 | Average reward:   377.39 | Step Count: 646832 | Episode Q0:    37.44
Episode: 1964/7000 | Episode reward:   324.64 | Episode steps:  678 | Average reward:   391.70 | Step Count: 647510 | Episode Q0:    37.44
Episode: 1965/7000 | Episode reward:   931.54 | Episode steps: 2500 | Average reward:   465.05 | Step Count: 650010 | Episode Q0:    37.44
Episode: 1966/7000 | Episode reward:   876.05 | Episode steps: 2500 | Average reward:   542.20 | Step Count: 652510 | Episode Q0:    37.44
Episode: 1967/7000 | Episode reward:   985.33 | Episode steps: 2500 | Average reward:   619.95 | Step Count: 655010 | Episode Q0:    37.44
Episode: 1968/7000 | Episode reward:   182.13 | Episode steps:  372 | Average reward:   594.31 | Step Count: 655382 | Episode Q0:    37.44
Episode: 1969/7000 | Episode reward:   875.99 | Episode steps: 2500 | Average reward:   669.11 | Step Count: 657882 | Episode Q0:    37.44
Episode: 1970/7000 | Episode reward:   974.22 | Episode steps: 2500 | Average reward:   747.31 | Step Count: 660382 | Episode Q0:    37.44
Episode: 1971/7000 | Episode reward:  1011.53 | Episode steps: 2500 | Average reward:   774.39 | Step Count: 662882 | Episode Q0:    37.44
Episode: 1972/7000 | Episode reward:  1012.74 | Episode steps: 2500 | Average reward:   794.24 | Step Count: 665382 | Episode Q0:    37.44
Episode: 1973/7000 | Episode reward:  1126.12 | Episode steps: 2500 | Average reward:   830.03 | Step Count: 667882 | Episode Q0:    37.44
Episode: 1974/7000 | Episode reward:   227.58 | Episode steps:  479 | Average reward:   820.32 | Step Count: 668361 | Episode Q0:    37.44
Episode: 1975/7000 | Episode reward:   966.76 | Episode steps: 2500 | Average reward:   823.84 | Step Count: 670861 | Episode Q0:    37.44
Episode: 1976/7000 | Episode reward:   904.81 | Episode steps: 2500 | Average reward:   826.72 | Step Count: 673361 | Episode Q0:    37.44
Episode: 1977/7000 | Episode reward:   831.03 | Episode steps: 2500 | Average reward:   811.29 | Step Count: 675861 | Episode Q0:    37.44
Episode: 1978/7000 | Episode reward:    88.59 | Episode steps:  191 | Average reward:   801.94 | Step Count: 676052 | Episode Q0:    37.44
Episode: 1979/7000 | Episode reward:   695.32 | Episode steps: 2500 | Average reward:   783.87 | Step Count: 678552 | Episode Q0:    37.44
Episode: 1980/7000 | Episode reward:   326.73 | Episode steps:  642 | Average reward:   719.12 | Step Count: 679194 | Episode Q0:    37.44
Episode: 1981/7000 | Episode reward:   183.35 | Episode steps:  395 | Average reward:   636.30 | Step Count: 679589 | Episode Q0:    37.44
Episode: 1982/7000 | Episode reward:   229.53 | Episode steps:  491 | Average reward:   557.98 | Step Count: 680080 | Episode Q0:    37.44
Episode: 1983/7000 | Episode reward:   813.57 | Episode steps: 2500 | Average reward:   526.73 | Step Count: 682580 | Episode Q0:    37.44
Episode: 1984/7000 | Episode reward:   110.26 | Episode steps:  173 | Average reward:   514.99 | Step Count: 682753 | Episode Q0:    37.44
Episode: 1985/7000 | Episode reward:   864.75 | Episode steps: 2500 | Average reward:   504.79 | Step Count: 685253 | Episode Q0:    37.44
Episode: 1986/7000 | Episode reward:   133.95 | Episode steps:  169 | Average reward:   427.71 | Step Count: 685422 | Episode Q0:    37.44
Episode: 1987/7000 | Episode reward:   186.00 | Episode steps:  360 | Average reward:   363.20 | Step Count: 685782 | Episode Q0:    37.44
Episode: 1988/7000 | Episode reward:   263.07 | Episode steps:  691 | Average reward:   380.65 | Step Count: 686473 | Episode Q0:    37.44
Episode: 1989/7000 | Episode reward:   226.28 | Episode steps:  536 | Average reward:   333.75 | Step Count: 687009 | Episode Q0:    38.93
Episode: 1990/7000 | Episode reward:   323.59 | Episode steps: 1665 | Average reward:   333.44 | Step Count: 688674 | Episode Q0:    38.93
Episode: 1991/7000 | Episode reward:   140.36 | Episode steps:  329 | Average reward:   329.14 | Step Count: 689003 | Episode Q0:    38.93
Episode: 1992/7000 | Episode reward:   251.56 | Episode steps:  708 | Average reward:   331.34 | Step Count: 689711 | Episode Q0:    38.93
Episode: 1993/7000 | Episode reward:   143.07 | Episode steps:  339 | Average reward:   264.29 | Step Count: 690050 | Episode Q0:    38.93
Episode: 1994/7000 | Episode reward:    78.22 | Episode steps:  399 | Average reward:   261.09 | Step Count: 690449 | Episode Q0:    38.93
Episode: 1995/7000 | Episode reward:   246.22 | Episode steps:  423 | Average reward:   199.23 | Step Count: 690872 | Episode Q0:    38.93
Episode: 1996/7000 | Episode reward:   180.70 | Episode steps:  627 | Average reward:   203.91 | Step Count: 691499 | Episode Q0:    38.93
Episode: 1997/7000 | Episode reward:   287.47 | Episode steps:  668 | Average reward:   214.06 | Step Count: 692167 | Episode Q0:    38.93
Episode: 1998/7000 | Episode reward:    91.16 | Episode steps:  141 | Average reward:   196.86 | Step Count: 692308 | Episode Q0:    38.93
Episode: 1999/7000 | Episode reward:   228.48 | Episode steps:  476 | Average reward:   197.08 | Step Count: 692784 | Episode Q0:    38.93
Episode: 2000/7000 | Episode reward:   280.61 | Episode steps:  486 | Average reward:   192.78 | Step Count: 693270 | Episode Q0:    38.93
Episode: 2001/7000 | Episode reward:   144.19 | Episode steps:  462 | Average reward:   193.17 | Step Count: 693732 | Episode Q0:    38.93
Episode: 2002/7000 | Episode reward:   421.51 | Episode steps:  845 | Average reward:   210.16 | Step Count: 694577 | Episode Q0:    38.93
Episode: 2003/7000 | Episode reward:   150.65 | Episode steps:  600 | Average reward:   210.92 | Step Count: 695177 | Episode Q0:    38.93
Episode: 2004/7000 | Episode reward:   140.84 | Episode steps:  188 | Average reward:   217.18 | Step Count: 695365 | Episode Q0:    38.93
Episode: 2005/7000 | Episode reward:   244.70 | Episode steps:  723 | Average reward:   217.03 | Step Count: 696088 | Episode Q0:    38.93
Episode: 2006/7000 | Episode reward:    69.06 | Episode steps:  167 | Average reward:   205.87 | Step Count: 696255 | Episode Q0:    38.93
Episode: 2007/7000 | Episode reward:    58.31 | Episode steps:  126 | Average reward:   182.95 | Step Count: 696381 | Episode Q0:    38.93
Episode: 2008/7000 | Episode reward:   384.62 | Episode steps:  833 | Average reward:   212.30 | Step Count: 697214 | Episode Q0:    38.93
Episode: 2009/7000 | Episode reward:   207.22 | Episode steps:  548 | Average reward:   210.17 | Step Count: 697762 | Episode Q0:    38.93
Episode: 2010/7000 | Episode reward:   108.70 | Episode steps:  232 | Average reward:   192.98 | Step Count: 697994 | Episode Q0:    38.93
Episode: 2011/7000 | Episode reward:   160.32 | Episode steps:  488 | Average reward:   194.59 | Step Count: 698482 | Episode Q0:    38.93
Episode: 2012/7000 | Episode reward:   245.41 | Episode steps:  477 | Average reward:   176.98 | Step Count: 698959 | Episode Q0:    38.93
Episode: 2013/7000 | Episode reward:   182.09 | Episode steps:  497 | Average reward:   180.13 | Step Count: 699456 | Episode Q0:    38.93
Episode: 2014/7000 | Episode reward:   342.14 | Episode steps:  786 | Average reward:   200.26 | Step Count: 700242 | Episode Q0:    38.93
Episode: 2015/7000 | Episode reward:   109.78 | Episode steps:  326 | Average reward:   186.76 | Step Count: 700568 | Episode Q0:    38.93
Episode: 2016/7000 | Episode reward:   262.98 | Episode steps:  693 | Average reward:   206.16 | Step Count: 701261 | Episode Q0:    38.93
Episode: 2017/7000 | Episode reward:   298.21 | Episode steps:  759 | Average reward:   230.15 | Step Count: 702020 | Episode Q0:    36.04
Episode: 2018/7000 | Episode reward:   144.24 | Episode steps:  534 | Average reward:   206.11 | Step Count: 702554 | Episode Q0:    36.04
Episode: 2019/7000 | Episode reward:   121.51 | Episode steps:  152 | Average reward:   197.54 | Step Count: 702706 | Episode Q0:    36.04
Episode: 2020/7000 | Episode reward:    41.35 | Episode steps:  128 | Average reward:   190.80 | Step Count: 702834 | Episode Q0:    36.04
Episode: 2021/7000 | Episode reward:   133.09 | Episode steps:  324 | Average reward:   188.08 | Step Count: 703158 | Episode Q0:    36.04
Episode: 2022/7000 | Episode reward:   389.11 | Episode steps:  838 | Average reward:   202.45 | Step Count: 703996 | Episode Q0:    36.04
Episode: 2023/7000 | Episode reward:   307.62 | Episode steps: 1011 | Average reward:   215.00 | Step Count: 705007 | Episode Q0:    36.04
Episode: 2024/7000 | Episode reward:    86.13 | Episode steps:  137 | Average reward:   189.40 | Step Count: 705144 | Episode Q0:    36.04
Episode: 2025/7000 | Episode reward:   243.64 | Episode steps:  435 | Average reward:   202.79 | Step Count: 705579 | Episode Q0:    36.04
Episode: 2026/7000 | Episode reward:   116.45 | Episode steps:  429 | Average reward:   188.13 | Step Count: 706008 | Episode Q0:    36.04
Episode: 2027/7000 | Episode reward:   230.66 | Episode steps:  893 | Average reward:   181.38 | Step Count: 706901 | Episode Q0:    36.04
Episode: 2028/7000 | Episode reward:   283.75 | Episode steps:  715 | Average reward:   195.33 | Step Count: 707616 | Episode Q0:    36.04
Episode: 2029/7000 | Episode reward:   342.83 | Episode steps:  784 | Average reward:   217.46 | Step Count: 708400 | Episode Q0:    36.04
Episode: 2030/7000 | Episode reward:   186.96 | Episode steps:  666 | Average reward:   232.02 | Step Count: 709066 | Episode Q0:    36.04
Episode: 2031/7000 | Episode reward:   347.65 | Episode steps: 1047 | Average reward:   253.48 | Step Count: 710113 | Episode Q0:    36.04
Episode: 2032/7000 | Episode reward:   381.04 | Episode steps: 1170 | Average reward:   252.67 | Step Count: 711283 | Episode Q0:    36.04
Episode: 2033/7000 | Episode reward:   255.15 | Episode steps:  724 | Average reward:   247.43 | Step Count: 712007 | Episode Q0:    36.04
Episode: 2034/7000 | Episode reward:   127.40 | Episode steps:  494 | Average reward:   251.55 | Step Count: 712501 | Episode Q0:    36.04
Episode: 2035/7000 | Episode reward:   404.86 | Episode steps:  882 | Average reward:   267.67 | Step Count: 713383 | Episode Q0:    36.04
Episode: 2036/7000 | Episode reward:    95.56 | Episode steps:  461 | Average reward:   265.59 | Step Count: 713844 | Episode Q0:    36.04
Episode: 2037/7000 | Episode reward:   293.16 | Episode steps:  759 | Average reward:   271.84 | Step Count: 714603 | Episode Q0:    36.04
Episode: 2038/7000 | Episode reward:   355.54 | Episode steps: 1075 | Average reward:   279.02 | Step Count: 715678 | Episode Q0:    36.73
Episode: 2039/7000 | Episode reward:   419.45 | Episode steps: 2185 | Average reward:   286.68 | Step Count: 717863 | Episode Q0:    36.73
Episode: 2040/7000 | Episode reward:   145.12 | Episode steps:  729 | Average reward:   282.49 | Step Count: 718592 | Episode Q0:    36.73
Episode: 2041/7000 | Episode reward:    78.20 | Episode steps:  128 | Average reward:   255.55 | Step Count: 718720 | Episode Q0:    36.73
Episode: 2042/7000 | Episode reward:   238.30 | Episode steps:  684 | Average reward:   241.27 | Step Count: 719404 | Episode Q0:    36.73
Episode: 2043/7000 | Episode reward:   243.09 | Episode steps:  692 | Average reward:   240.07 | Step Count: 720096 | Episode Q0:    36.73
Episode: 2044/7000 | Episode reward:   232.96 | Episode steps:  770 | Average reward:   250.63 | Step Count: 720866 | Episode Q0:    36.73
Episode: 2045/7000 | Episode reward:   263.09 | Episode steps:  857 | Average reward:   236.45 | Step Count: 721723 | Episode Q0:    36.73
Episode: 2046/7000 | Episode reward:   410.99 | Episode steps: 1735 | Average reward:   267.99 | Step Count: 723458 | Episode Q0:    36.73
Episode: 2047/7000 | Episode reward:   221.45 | Episode steps:  418 | Average reward:   260.82 | Step Count: 723876 | Episode Q0:    36.73
Episode: 2048/7000 | Episode reward:   338.04 | Episode steps:  773 | Average reward:   259.07 | Step Count: 724649 | Episode Q0:    36.73
Episode: 2049/7000 | Episode reward:   415.40 | Episode steps: 1140 | Average reward:   258.67 | Step Count: 725789 | Episode Q0:    36.73
Episode: 2050/7000 | Episode reward:   195.69 | Episode steps:  520 | Average reward:   263.72 | Step Count: 726309 | Episode Q0:    36.73
Episode: 2051/7000 | Episode reward:    77.51 | Episode steps:  139 | Average reward:   263.65 | Step Count: 726448 | Episode Q0:    36.73
Episode: 2052/7000 | Episode reward:   211.31 | Episode steps:  548 | Average reward:   260.95 | Step Count: 726996 | Episode Q0:    36.73
Episode: 2053/7000 | Episode reward:   122.14 | Episode steps:  162 | Average reward:   248.86 | Step Count: 727158 | Episode Q0:    36.73
Episode: 2054/7000 | Episode reward:   526.09 | Episode steps: 1294 | Average reward:   278.17 | Step Count: 728452 | Episode Q0:    36.73
Episode: 2055/7000 | Episode reward:   464.78 | Episode steps: 2500 | Average reward:   298.34 | Step Count: 730952 | Episode Q0:    36.73
Episode: 2056/7000 | Episode reward:   342.06 | Episode steps: 1704 | Average reward:   291.45 | Step Count: 732656 | Episode Q0:    36.73
Episode: 2057/7000 | Episode reward:   534.71 | Episode steps: 2500 | Average reward:   322.77 | Step Count: 735156 | Episode Q0:    36.73
Episode: 2058/7000 | Episode reward:   345.34 | Episode steps: 1098 | Average reward:   323.50 | Step Count: 736254 | Episode Q0:    36.73
Episode: 2059/7000 | Episode reward:   104.15 | Episode steps:  147 | Average reward:   292.38 | Step Count: 736401 | Episode Q0:    36.73
Episode: 2060/7000 | Episode reward:   135.14 | Episode steps:  170 | Average reward:   286.32 | Step Count: 736571 | Episode Q0:    36.73
Episode: 2061/7000 | Episode reward:   384.57 | Episode steps: 1079 | Average reward:   317.03 | Step Count: 737650 | Episode Q0:    36.73
Episode: 2062/7000 | Episode reward:   101.32 | Episode steps:  245 | Average reward:   306.03 | Step Count: 737895 | Episode Q0:    36.73
Episode: 2063/7000 | Episode reward:   259.34 | Episode steps:  699 | Average reward:   319.75 | Step Count: 738594 | Episode Q0:    36.73
Episode: 2064/7000 | Episode reward:   190.83 | Episode steps:  342 | Average reward:   286.22 | Step Count: 738936 | Episode Q0:    36.73
Episode: 2065/7000 | Episode reward:   230.61 | Episode steps:  273 | Average reward:   262.81 | Step Count: 739209 | Episode Q0:    36.73
Episode: 2066/7000 | Episode reward:   610.26 | Episode steps: 2500 | Average reward:   289.63 | Step Count: 741709 | Episode Q0:    37.53
Episode: 2067/7000 | Episode reward:   409.26 | Episode steps: 1479 | Average reward:   277.08 | Step Count: 743188 | Episode Q0:    37.53
Episode: 2068/7000 | Episode reward:   168.02 | Episode steps:  868 | Average reward:   259.35 | Step Count: 744056 | Episode Q0:    37.53
Episode: 2069/7000 | Episode reward:   127.28 | Episode steps:  182 | Average reward:   261.66 | Step Count: 744238 | Episode Q0:    37.53
Episode: 2070/7000 | Episode reward:   106.10 | Episode steps:  166 | Average reward:   258.76 | Step Count: 744404 | Episode Q0:    37.53
Episode: 2071/7000 | Episode reward:   301.59 | Episode steps:  972 | Average reward:   250.46 | Step Count: 745376 | Episode Q0:    37.53
Episode: 2072/7000 | Episode reward:   700.70 | Episode steps: 2500 | Average reward:   310.40 | Step Count: 747876 | Episode Q0:    37.53
Episode: 2073/7000 | Episode reward:   554.92 | Episode steps: 2500 | Average reward:   339.96 | Step Count: 750376 | Episode Q0:    37.53
Episode: 2074/7000 | Episode reward:   301.43 | Episode steps:  736 | Average reward:   351.02 | Step Count: 751112 | Episode Q0:    37.53
Episode: 2075/7000 | Episode reward:   403.57 | Episode steps:  921 | Average reward:   368.31 | Step Count: 752033 | Episode Q0:    37.53
Episode: 2076/7000 | Episode reward:   506.68 | Episode steps: 1394 | Average reward:   357.96 | Step Count: 753427 | Episode Q0:    37.53
Episode: 2077/7000 | Episode reward:   326.26 | Episode steps:  756 | Average reward:   349.65 | Step Count: 754183 | Episode Q0:    37.53
Episode: 2078/7000 | Episode reward:   776.34 | Episode steps: 2500 | Average reward:   410.49 | Step Count: 756683 | Episode Q0:    37.53
Episode: 2079/7000 | Episode reward:   406.78 | Episode steps: 1118 | Average reward:   438.44 | Step Count: 757801 | Episode Q0:    37.53
Episode: 2080/7000 | Episode reward:   188.30 | Episode steps:  450 | Average reward:   446.66 | Step Count: 758251 | Episode Q0:    37.53
Episode: 2081/7000 | Episode reward:   451.80 | Episode steps: 2500 | Average reward:   461.68 | Step Count: 760751 | Episode Q0:    37.53
Episode: 2082/7000 | Episode reward:   244.01 | Episode steps:  444 | Average reward:   416.01 | Step Count: 761195 | Episode Q0:    37.53
Episode: 2083/7000 | Episode reward:    28.67 | Episode steps:  120 | Average reward:   363.38 | Step Count: 761315 | Episode Q0:    37.53
Episode: 2084/7000 | Episode reward:   314.95 | Episode steps:  560 | Average reward:   364.74 | Step Count: 761875 | Episode Q0:    37.53
Episode: 2085/7000 | Episode reward:   111.04 | Episode steps:  244 | Average reward:   335.48 | Step Count: 762119 | Episode Q0:    37.53
Episode: 2086/7000 | Episode reward:   278.69 | Episode steps:  470 | Average reward:   312.68 | Step Count: 762589 | Episode Q0:    37.53
Episode: 2087/7000 | Episode reward:   221.69 | Episode steps:  853 | Average reward:   302.23 | Step Count: 763442 | Episode Q0:    37.53
Episode: 2088/7000 | Episode reward:   212.03 | Episode steps:  465 | Average reward:   245.80 | Step Count: 763907 | Episode Q0:    37.53
Episode: 2089/7000 | Episode reward:   141.98 | Episode steps:  485 | Average reward:   219.32 | Step Count: 764392 | Episode Q0:    37.53
Episode: 2090/7000 | Episode reward:   357.49 | Episode steps:  794 | Average reward:   236.24 | Step Count: 765186 | Episode Q0:    37.53
Episode: 2091/7000 | Episode reward:   466.38 | Episode steps: 1474 | Average reward:   237.69 | Step Count: 766660 | Episode Q0:    39.50
Episode: 2092/7000 | Episode reward:   538.88 | Episode steps: 2500 | Average reward:   267.18 | Step Count: 769160 | Episode Q0:    39.50
Episode: 2093/7000 | Episode reward:   369.10 | Episode steps: 1064 | Average reward:   301.22 | Step Count: 770224 | Episode Q0:    39.50
Episode: 2094/7000 | Episode reward:   534.23 | Episode steps: 1011 | Average reward:   323.15 | Step Count: 771235 | Episode Q0:    39.50
Episode: 2095/7000 | Episode reward:   279.25 | Episode steps:  722 | Average reward:   339.97 | Step Count: 771957 | Episode Q0:    39.50
Episode: 2096/7000 | Episode reward:   251.61 | Episode steps:  680 | Average reward:   337.26 | Step Count: 772637 | Episode Q0:    39.50
Episode: 2097/7000 | Episode reward:    87.88 | Episode steps:  134 | Average reward:   323.88 | Step Count: 772771 | Episode Q0:    39.50
Episode: 2098/7000 | Episode reward:   112.08 | Episode steps:  374 | Average reward:   313.89 | Step Count: 773145 | Episode Q0:    39.50
Episode: 2099/7000 | Episode reward:   153.66 | Episode steps:  290 | Average reward:   315.06 | Step Count: 773435 | Episode Q0:    39.50
Episode: 2100/7000 | Episode reward:   139.97 | Episode steps:  192 | Average reward:   293.30 | Step Count: 773627 | Episode Q0:    39.50
Episode: 2101/7000 | Episode reward:   142.80 | Episode steps:  185 | Average reward:   260.95 | Step Count: 773812 | Episode Q0:    39.50
Episode: 2102/7000 | Episode reward:   388.02 | Episode steps: 1449 | Average reward:   245.86 | Step Count: 775261 | Episode Q0:    39.50
Episode: 2103/7000 | Episode reward:   314.05 | Episode steps:  772 | Average reward:   240.35 | Step Count: 776033 | Episode Q0:    39.50
Episode: 2104/7000 | Episode reward:   216.32 | Episode steps:  598 | Average reward:   208.56 | Step Count: 776631 | Episode Q0:    39.50
Episode: 2105/7000 | Episode reward:   195.48 | Episode steps:  530 | Average reward:   200.19 | Step Count: 777161 | Episode Q0:    39.50
Episode: 2106/7000 | Episode reward:    82.83 | Episode steps:  375 | Average reward:   183.31 | Step Count: 777536 | Episode Q0:    39.50
Episode: 2107/7000 | Episode reward:   231.75 | Episode steps:  502 | Average reward:   197.70 | Step Count: 778038 | Episode Q0:    39.50
Episode: 2108/7000 | Episode reward:   184.95 | Episode steps:  507 | Average reward:   204.98 | Step Count: 778545 | Episode Q0:    39.50
Episode: 2109/7000 | Episode reward:   122.48 | Episode steps:  167 | Average reward:   201.87 | Step Count: 778712 | Episode Q0:    39.50
Episode: 2110/7000 | Episode reward:   173.98 | Episode steps:  787 | Average reward:   205.27 | Step Count: 779499 | Episode Q0:    39.50
Episode: 2111/7000 | Episode reward:   278.40 | Episode steps: 1047 | Average reward:   218.83 | Step Count: 780546 | Episode Q0:    39.50
Episode: 2112/7000 | Episode reward:    40.84 | Episode steps:  114 | Average reward:   184.11 | Step Count: 780660 | Episode Q0:    39.50
Episode: 2113/7000 | Episode reward:   213.38 | Episode steps:  536 | Average reward:   174.04 | Step Count: 781196 | Episode Q0:    39.50
Episode: 2114/7000 | Episode reward:   353.37 | Episode steps: 1395 | Average reward:   187.75 | Step Count: 782591 | Episode Q0:    38.11
Episode: 2115/7000 | Episode reward:   234.38 | Episode steps:  718 | Average reward:   191.64 | Step Count: 783309 | Episode Q0:    38.11
Episode: 2116/7000 | Episode reward:   252.41 | Episode steps:  860 | Average reward:   208.59 | Step Count: 784169 | Episode Q0:    38.11
Episode: 2117/7000 | Episode reward:    81.80 | Episode steps:  222 | Average reward:   193.60 | Step Count: 784391 | Episode Q0:    38.11
Episode: 2118/7000 | Episode reward:   194.63 | Episode steps:  679 | Average reward:   194.57 | Step Count: 785070 | Episode Q0:    38.11
Episode: 2119/7000 | Episode reward:   193.08 | Episode steps:  541 | Average reward:   201.63 | Step Count: 785611 | Episode Q0:    38.11
Episode: 2120/7000 | Episode reward:   146.28 | Episode steps:  376 | Average reward:   198.86 | Step Count: 785987 | Episode Q0:    38.11
Episode: 2121/7000 | Episode reward:   182.67 | Episode steps:  505 | Average reward:   189.28 | Step Count: 786492 | Episode Q0:    38.11
Episode: 2122/7000 | Episode reward:   481.72 | Episode steps: 2500 | Average reward:   233.37 | Step Count: 788992 | Episode Q0:    38.11
Episode: 2123/7000 | Episode reward:   267.75 | Episode steps:  891 | Average reward:   238.81 | Step Count: 789883 | Episode Q0:    38.11
Episode: 2124/7000 | Episode reward:   249.17 | Episode steps:  870 | Average reward:   228.39 | Step Count: 790753 | Episode Q0:    38.11
Episode: 2125/7000 | Episode reward:    99.85 | Episode steps:  150 | Average reward:   214.94 | Step Count: 790903 | Episode Q0:    38.11
Episode: 2126/7000 | Episode reward:   177.15 | Episode steps:  635 | Average reward:   207.41 | Step Count: 791538 | Episode Q0:    38.11
Episode: 2127/7000 | Episode reward:   489.71 | Episode steps: 2500 | Average reward:   248.20 | Step Count: 794038 | Episode Q0:    38.11
Episode: 2128/7000 | Episode reward:   245.44 | Episode steps:  838 | Average reward:   253.28 | Step Count: 794876 | Episode Q0:    38.11
Episode: 2129/7000 | Episode reward:   165.24 | Episode steps:  489 | Average reward:   250.50 | Step Count: 795365 | Episode Q0:    38.11
Episode: 2130/7000 | Episode reward:   261.43 | Episode steps:  727 | Average reward:   262.01 | Step Count: 796092 | Episode Q0:    38.11
Episode: 2131/7000 | Episode reward:   203.65 | Episode steps:  647 | Average reward:   264.11 | Step Count: 796739 | Episode Q0:    38.11
Episode: 2132/7000 | Episode reward:   251.69 | Episode steps:  567 | Average reward:   241.11 | Step Count: 797306 | Episode Q0:    38.11
Episode: 2133/7000 | Episode reward:   230.70 | Episode steps:  756 | Average reward:   237.40 | Step Count: 798062 | Episode Q0:    38.11
Episode: 2134/7000 | Episode reward:    82.16 | Episode steps:  143 | Average reward:   220.70 | Step Count: 798205 | Episode Q0:    38.11
Episode: 2135/7000 | Episode reward:   140.92 | Episode steps:  192 | Average reward:   224.81 | Step Count: 798397 | Episode Q0:    38.11
Episode: 2136/7000 | Episode reward:   673.96 | Episode steps: 2500 | Average reward:   274.49 | Step Count: 800897 | Episode Q0:    38.00
Episode: 2137/7000 | Episode reward:   770.64 | Episode steps: 2500 | Average reward:   302.58 | Step Count: 803397 | Episode Q0:    38.00
Episode: 2138/7000 | Episode reward:   744.60 | Episode steps: 2500 | Average reward:   352.50 | Step Count: 805897 | Episode Q0:    38.00
Episode: 2139/7000 | Episode reward:   694.04 | Episode steps: 2500 | Average reward:   405.38 | Step Count: 808397 | Episode Q0:    38.00
Episode: 2140/7000 | Episode reward:   652.84 | Episode steps: 2500 | Average reward:   444.52 | Step Count: 810897 | Episode Q0:    38.00
Episode: 2141/7000 | Episode reward:   738.83 | Episode steps: 2500 | Average reward:   498.04 | Step Count: 813397 | Episode Q0:    38.00
Episode: 2142/7000 | Episode reward:   744.59 | Episode steps: 2500 | Average reward:   547.33 | Step Count: 815897 | Episode Q0:    38.00
Episode: 2143/7000 | Episode reward:   577.06 | Episode steps: 2500 | Average reward:   581.97 | Step Count: 818397 | Episode Q0:    38.00
Episode: 2144/7000 | Episode reward:   744.01 | Episode steps: 2500 | Average reward:   648.15 | Step Count: 820897 | Episode Q0:    38.00
Episode: 2145/7000 | Episode reward:   623.22 | Episode steps: 2500 | Average reward:   696.38 | Step Count: 823397 | Episode Q0:    38.00
Episode: 2146/7000 | Episode reward:   611.84 | Episode steps: 2500 | Average reward:   690.17 | Step Count: 825897 | Episode Q0:    38.00
Episode: 2147/7000 | Episode reward:   731.60 | Episode steps: 2500 | Average reward:   686.27 | Step Count: 828397 | Episode Q0:    38.00
Episode: 2148/7000 | Episode reward:   632.13 | Episode steps: 2500 | Average reward:   675.02 | Step Count: 830897 | Episode Q0:    38.00
Episode: 2149/7000 | Episode reward:   681.16 | Episode steps: 2500 | Average reward:   673.73 | Step Count: 833397 | Episode Q0:    38.00
Episode: 2150/7000 | Episode reward:    75.50 | Episode steps:  143 | Average reward:   616.00 | Step Count: 833540 | Episode Q0:    38.00
Episode: 2151/7000 | Episode reward:   190.25 | Episode steps:  521 | Average reward:   561.14 | Step Count: 834061 | Episode Q0:    38.00
Episode: 2152/7000 | Episode reward:   784.81 | Episode steps: 2500 | Average reward:   565.16 | Step Count: 836561 | Episode Q0:    38.00
Episode: 2153/7000 | Episode reward:   649.70 | Episode steps: 2500 | Average reward:   572.42 | Step Count: 839061 | Episode Q0:    38.00
Episode: 2154/7000 | Episode reward:   724.01 | Episode steps: 2500 | Average reward:   570.42 | Step Count: 841561 | Episode Q0:    38.00
Episode: 2155/7000 | Episode reward:   471.17 | Episode steps:  922 | Average reward:   555.22 | Step Count: 842483 | Episode Q0:    38.00
Episode: 2156/7000 | Episode reward:   711.40 | Episode steps: 2500 | Average reward:   565.17 | Step Count: 844983 | Episode Q0:    38.00
Episode: 2157/7000 | Episode reward:   740.10 | Episode steps: 2500 | Average reward:   566.02 | Step Count: 847483 | Episode Q0:    38.00
Episode: 2158/7000 | Episode reward:    39.40 | Episode steps:  161 | Average reward:   506.75 | Step Count: 847644 | Episode Q0:    38.00
Episode: 2159/7000 | Episode reward:   203.07 | Episode steps:  527 | Average reward:   458.94 | Step Count: 848171 | Episode Q0:    38.00
Episode: 2160/7000 | Episode reward:   271.66 | Episode steps:  323 | Average reward:   478.56 | Step Count: 848494 | Episode Q0:    38.00
Episode: 2161/7000 | Episode reward:   645.25 | Episode steps: 2500 | Average reward:   524.06 | Step Count: 850994 | Episode Q0:    37.41
Episode: 2162/7000 | Episode reward:   610.67 | Episode steps: 2500 | Average reward:   506.64 | Step Count: 853494 | Episode Q0:    37.41
Episode: 2163/7000 | Episode reward:   576.79 | Episode steps: 2500 | Average reward:   499.35 | Step Count: 855994 | Episode Q0:    37.41
Episode: 2164/7000 | Episode reward:   589.99 | Episode steps: 2500 | Average reward:   485.95 | Step Count: 858494 | Episode Q0:    37.41
Episode: 2165/7000 | Episode reward:   515.88 | Episode steps: 2500 | Average reward:   490.42 | Step Count: 860994 | Episode Q0:    37.41
Episode: 2166/7000 | Episode reward:   540.38 | Episode steps: 2500 | Average reward:   473.32 | Step Count: 863494 | Episode Q0:    37.41
Episode: 2167/7000 | Episode reward:   489.29 | Episode steps: 2500 | Average reward:   448.24 | Step Count: 865994 | Episode Q0:    37.41
Episode: 2168/7000 | Episode reward:   571.60 | Episode steps: 2500 | Average reward:   501.46 | Step Count: 868494 | Episode Q0:    37.41
Episode: 2169/7000 | Episode reward:   281.46 | Episode steps:  775 | Average reward:   509.30 | Step Count: 869269 | Episode Q0:    37.41
Episode: 2170/7000 | Episode reward:   633.43 | Episode steps: 2500 | Average reward:   545.48 | Step Count: 871769 | Episode Q0:    37.41
Episode: 2171/7000 | Episode reward:    77.70 | Episode steps:  124 | Average reward:   488.72 | Step Count: 871893 | Episode Q0:    37.41
Episode: 2172/7000 | Episode reward:   614.51 | Episode steps: 2500 | Average reward:   489.10 | Step Count: 874393 | Episode Q0:    37.41
Episode: 2173/7000 | Episode reward:   665.74 | Episode steps: 2500 | Average reward:   498.00 | Step Count: 876893 | Episode Q0:    37.41
Episode: 2174/7000 | Episode reward:   202.83 | Episode steps:  263 | Average reward:   459.28 | Step Count: 877156 | Episode Q0:    37.41
Episode: 2175/7000 | Episode reward:   491.01 | Episode steps: 1224 | Average reward:   456.80 | Step Count: 878380 | Episode Q0:    37.41
Episode: 2176/7000 | Episode reward:   184.73 | Episode steps:  520 | Average reward:   421.23 | Step Count: 878900 | Episode Q0:    37.41
Episode: 2177/7000 | Episode reward:   234.24 | Episode steps:  437 | Average reward:   395.73 | Step Count: 879337 | Episode Q0:    37.41
Episode: 2178/7000 | Episode reward:   534.88 | Episode steps: 2500 | Average reward:   392.05 | Step Count: 881837 | Episode Q0:    37.41
Episode: 2179/7000 | Episode reward:   751.87 | Episode steps: 2500 | Average reward:   439.09 | Step Count: 884337 | Episode Q0:    37.41
Episode: 2180/7000 | Episode reward:   154.73 | Episode steps:  474 | Average reward:   391.22 | Step Count: 884811 | Episode Q0:    37.41
Episode: 2181/7000 | Episode reward:    76.28 | Episode steps:  132 | Average reward:   391.08 | Step Count: 884943 | Episode Q0:    37.41
Episode: 2182/7000 | Episode reward:   156.60 | Episode steps:  245 | Average reward:   345.29 | Step Count: 885188 | Episode Q0:    37.41
Episode: 2183/7000 | Episode reward:   276.42 | Episode steps:  745 | Average reward:   306.36 | Step Count: 885933 | Episode Q0:    37.41
Episode: 2184/7000 | Episode reward:   554.39 | Episode steps: 2500 | Average reward:   341.52 | Step Count: 888433 | Episode Q0:    39.63
Episode: 2185/7000 | Episode reward:   472.03 | Episode steps: 2500 | Average reward:   339.62 | Step Count: 890933 | Episode Q0:    39.63
Episode: 2186/7000 | Episode reward:   245.45 | Episode steps:  467 | Average reward:   345.69 | Step Count: 891400 | Episode Q0:    39.63
Episode: 2187/7000 | Episode reward:   493.37 | Episode steps: 2500 | Average reward:   371.60 | Step Count: 893900 | Episode Q0:    39.63
Episode: 2188/7000 | Episode reward:   303.09 | Episode steps:  790 | Average reward:   348.42 | Step Count: 894690 | Episode Q0:    39.63
Episode: 2189/7000 | Episode reward:   358.00 | Episode steps:  564 | Average reward:   309.04 | Step Count: 895254 | Episode Q0:    39.63
Episode: 2190/7000 | Episode reward:   103.16 | Episode steps:  447 | Average reward:   303.88 | Step Count: 895701 | Episode Q0:    39.63
Episode: 2191/7000 | Episode reward:   179.63 | Episode steps:  361 | Average reward:   314.21 | Step Count: 896062 | Episode Q0:    39.63
Episode: 2192/7000 | Episode reward:   456.29 | Episode steps: 2500 | Average reward:   344.18 | Step Count: 898562 | Episode Q0:    39.63
Episode: 2193/7000 | Episode reward:   313.59 | Episode steps:  752 | Average reward:   347.90 | Step Count: 899314 | Episode Q0:    39.63
Episode: 2194/7000 | Episode reward:   442.42 | Episode steps: 2500 | Average reward:   336.70 | Step Count: 901814 | Episode Q0:    39.63
Episode: 2195/7000 | Episode reward:   318.21 | Episode steps:  768 | Average reward:   321.32 | Step Count: 902582 | Episode Q0:    39.63
Episode: 2196/7000 | Episode reward:   178.88 | Episode steps:  349 | Average reward:   314.66 | Step Count: 902931 | Episode Q0:    39.63
Episode: 2197/7000 | Episode reward:   434.21 | Episode steps: 2500 | Average reward:   308.75 | Step Count: 905431 | Episode Q0:    39.63
Episode: 2198/7000 | Episode reward:   263.76 | Episode steps:  743 | Average reward:   304.82 | Step Count: 906174 | Episode Q0:    39.63
Episode: 2199/7000 | Episode reward:   130.10 | Episode steps:  442 | Average reward:   282.02 | Step Count: 906616 | Episode Q0:    39.63
Episode: 2200/7000 | Episode reward:   162.20 | Episode steps:  294 | Average reward:   287.93 | Step Count: 906910 | Episode Q0:    39.63
Episode: 2201/7000 | Episode reward:   221.99 | Episode steps:  469 | Average reward:   292.17 | Step Count: 907379 | Episode Q0:    39.63
Episode: 2202/7000 | Episode reward:   132.44 | Episode steps:  165 | Average reward:   259.78 | Step Count: 907544 | Episode Q0:    39.63
Episode: 2203/7000 | Episode reward:   183.75 | Episode steps:  374 | Average reward:   246.80 | Step Count: 907918 | Episode Q0:    39.63
Episode: 2204/7000 | Episode reward:    95.82 | Episode steps:  144 | Average reward:   212.14 | Step Count: 908062 | Episode Q0:    39.63
Episode: 2205/7000 | Episode reward:   112.49 | Episode steps:  173 | Average reward:   191.56 | Step Count: 908235 | Episode Q0:    39.63
Episode: 2206/7000 | Episode reward:   477.33 | Episode steps:  923 | Average reward:   221.41 | Step Count: 909158 | Episode Q0:    39.63
Episode: 2207/7000 | Episode reward:   143.82 | Episode steps:  225 | Average reward:   192.37 | Step Count: 909383 | Episode Q0:    39.63
Episode: 2208/7000 | Episode reward:   733.27 | Episode steps: 2500 | Average reward:   239.32 | Step Count: 911883 | Episode Q0:    39.17
Episode: 2209/7000 | Episode reward:   666.08 | Episode steps: 2500 | Average reward:   292.92 | Step Count: 914383 | Episode Q0:    39.17
Episode: 2210/7000 | Episode reward:   760.78 | Episode steps: 2500 | Average reward:   352.78 | Step Count: 916883 | Episode Q0:    39.17
Episode: 2211/7000 | Episode reward:   824.49 | Episode steps: 2500 | Average reward:   413.03 | Step Count: 919383 | Episode Q0:    39.17
Episode: 2212/7000 | Episode reward:   783.23 | Episode steps: 2500 | Average reward:   478.11 | Step Count: 921883 | Episode Q0:    39.17
Episode: 2213/7000 | Episode reward:   603.74 | Episode steps: 2500 | Average reward:   520.10 | Step Count: 924383 | Episode Q0:    39.17
Episode: 2214/7000 | Episode reward:   794.27 | Episode steps: 2500 | Average reward:   589.95 | Step Count: 926883 | Episode Q0:    39.17
Episode: 2215/7000 | Episode reward:   697.58 | Episode steps: 2500 | Average reward:   648.46 | Step Count: 929383 | Episode Q0:    39.17
Episode: 2216/7000 | Episode reward:   727.08 | Episode steps: 2500 | Average reward:   673.43 | Step Count: 931883 | Episode Q0:    39.17
Episode: 2217/7000 | Episode reward:    92.41 | Episode steps:  148 | Average reward:   668.29 | Step Count: 932031 | Episode Q0:    39.17
Episode: 2218/7000 | Episode reward:   613.84 | Episode steps: 2500 | Average reward:   656.35 | Step Count: 934531 | Episode Q0:    39.17
Episode: 2219/7000 | Episode reward:   746.96 | Episode steps: 2500 | Average reward:   664.44 | Step Count: 937031 | Episode Q0:    39.17
Episode: 2220/7000 | Episode reward:   861.76 | Episode steps: 2500 | Average reward:   674.54 | Step Count: 939531 | Episode Q0:    39.17
Episode: 2221/7000 | Episode reward:   850.10 | Episode steps: 2500 | Average reward:   677.10 | Step Count: 942031 | Episode Q0:    39.17
Episode: 2222/7000 | Episode reward:   667.69 | Episode steps: 2500 | Average reward:   665.54 | Step Count: 944531 | Episode Q0:    39.17
Episode: 2223/7000 | Episode reward:   669.82 | Episode steps: 2500 | Average reward:   672.15 | Step Count: 947031 | Episode Q0:    39.17
Episode: 2224/7000 | Episode reward:   632.16 | Episode steps: 2500 | Average reward:   655.94 | Step Count: 949531 | Episode Q0:    39.17
Episode: 2225/7000 | Episode reward:   731.16 | Episode steps: 2500 | Average reward:   659.30 | Step Count: 952031 | Episode Q0:    39.17
Episode: 2226/7000 | Episode reward:   803.89 | Episode steps: 2500 | Average reward:   666.98 | Step Count: 954531 | Episode Q0:    39.17
Episode: 2227/7000 | Episode reward:   767.40 | Episode steps: 2500 | Average reward:   734.48 | Step Count: 957031 | Episode Q0:    39.17
Episode: 2228/7000 | Episode reward:   822.69 | Episode steps: 2500 | Average reward:   755.36 | Step Count: 959531 | Episode Q0:    37.98
Episode: 2229/7000 | Episode reward:   906.54 | Episode steps: 2500 | Average reward:   771.32 | Step Count: 962031 | Episode Q0:    37.98
Episode: 2230/7000 | Episode reward:   866.74 | Episode steps: 2500 | Average reward:   771.82 | Step Count: 964531 | Episode Q0:    37.98
Episode: 2231/7000 | Episode reward:   653.28 | Episode steps: 2500 | Average reward:   752.14 | Step Count: 967031 | Episode Q0:    37.98
Episode: 2232/7000 | Episode reward:   790.02 | Episode steps: 2500 | Average reward:   764.37 | Step Count: 969531 | Episode Q0:    37.98
Episode: 2233/7000 | Episode reward:   621.16 | Episode steps: 2500 | Average reward:   759.50 | Step Count: 972031 | Episode Q0:    37.98
Episode: 2234/7000 | Episode reward:   760.65 | Episode steps: 2500 | Average reward:   772.35 | Step Count: 974531 | Episode Q0:    37.98
Episode: 2235/7000 | Episode reward:   861.44 | Episode steps: 2500 | Average reward:   785.38 | Step Count: 977031 | Episode Q0:    37.98
Episode: 2236/7000 | Episode reward:   662.97 | Episode steps: 2500 | Average reward:   771.29 | Step Count: 979531 | Episode Q0:    37.98
Episode: 2237/7000 | Episode reward:   811.28 | Episode steps: 2500 | Average reward:   775.68 | Step Count: 982031 | Episode Q0:    37.98
Episode: 2238/7000 | Episode reward:   846.33 | Episode steps: 2500 | Average reward:   778.04 | Step Count: 984531 | Episode Q0:    37.98
Episode: 2239/7000 | Episode reward:   826.08 | Episode steps: 2500 | Average reward:   769.99 | Step Count: 987031 | Episode Q0:    37.98
Episode: 2240/7000 | Episode reward:   708.91 | Episode steps: 2500 | Average reward:   754.21 | Step Count: 989531 | Episode Q0:    37.98
Episode: 2241/7000 | Episode reward:   805.44 | Episode steps: 1562 | Average reward:   769.43 | Step Count: 991093 | Episode Q0:    37.98
Episode: 2242/7000 | Episode reward:   839.83 | Episode steps: 2500 | Average reward:   774.41 | Step Count: 993593 | Episode Q0:    37.98
Episode: 2243/7000 | Episode reward:   702.73 | Episode steps: 2500 | Average reward:   782.57 | Step Count: 996093 | Episode Q0:    37.98
Episode: 2244/7000 | Episode reward:   683.34 | Episode steps: 2500 | Average reward:   774.83 | Step Count: 998593 | Episode Q0:    37.98
Episode: 2245/7000 | Episode reward:   759.35 | Episode steps: 2500 | Average reward:   764.63 | Step Count: 1001093 | Episode Q0:    37.98
Episode: 2246/7000 | Episode reward:   735.11 | Episode steps: 2500 | Average reward:   771.84 | Step Count: 1003593 | Episode Q0:    37.98
Episode: 2247/7000 | Episode reward:   755.58 | Episode steps: 2500 | Average reward:   766.27 | Step Count: 1006093 | Episode Q0:    37.98
Episode: 2248/7000 | Episode reward:   725.29 | Episode steps: 2500 | Average reward:   754.17 | Step Count: 1008593 | Episode Q0:    37.98
Episode: 2249/7000 | Episode reward:   909.70 | Episode steps: 2500 | Average reward:   762.53 | Step Count: 1011093 | Episode Q0:    37.98
Episode: 2250/7000 | Episode reward:   688.96 | Episode steps: 2500 | Average reward:   760.53 | Step Count: 1013593 | Episode Q0:    37.98
Episode: 2251/7000 | Episode reward:   971.51 | Episode steps: 2500 | Average reward:   777.14 | Step Count: 1016093 | Episode Q0:    37.98
Episode: 2252/7000 | Episode reward:   263.15 | Episode steps:  709 | Average reward:   719.47 | Step Count: 1016802 | Episode Q0:    39.61
Episode: 2253/7000 | Episode reward:   327.10 | Episode steps: 1128 | Average reward:   681.91 | Step Count: 1017930 | Episode Q0:    39.61
Episode: 2254/7000 | Episode reward:   378.32 | Episode steps: 1266 | Average reward:   651.41 | Step Count: 1019196 | Episode Q0:    39.61
Episode: 2255/7000 | Episode reward:   650.68 | Episode steps: 2500 | Average reward:   640.54 | Step Count: 1021696 | Episode Q0:    39.61
Episode: 2256/7000 | Episode reward:   216.17 | Episode steps:  545 | Average reward:   588.65 | Step Count: 1022241 | Episode Q0:    39.61
Episode: 2257/7000 | Episode reward:   225.35 | Episode steps:  560 | Average reward:   535.62 | Step Count: 1022801 | Episode Q0:    39.61
Episode: 2258/7000 | Episode reward:   419.80 | Episode steps:  881 | Average reward:   505.07 | Step Count: 1023682 | Episode Q0:    39.61
Episode: 2259/7000 | Episode reward:   341.07 | Episode steps:  846 | Average reward:   448.21 | Step Count: 1024528 | Episode Q0:    39.61
Episode: 2260/7000 | Episode reward:   277.45 | Episode steps:  952 | Average reward:   407.06 | Step Count: 1025480 | Episode Q0:    39.61
Episode: 2261/7000 | Episode reward:   250.40 | Episode steps:  716 | Average reward:   334.95 | Step Count: 1026196 | Episode Q0:    39.61
Episode: 2262/7000 | Episode reward:   134.30 | Episode steps:  480 | Average reward:   322.06 | Step Count: 1026676 | Episode Q0:    39.61
Episode: 2263/7000 | Episode reward:   174.95 | Episode steps:  501 | Average reward:   306.85 | Step Count: 1027177 | Episode Q0:    39.61
Episode: 2264/7000 | Episode reward:   118.57 | Episode steps:  189 | Average reward:   280.87 | Step Count: 1027366 | Episode Q0:    39.61
Episode: 2265/7000 | Episode reward:    37.29 | Episode steps:  105 | Average reward:   219.53 | Step Count: 1027471 | Episode Q0:    39.61
Episode: 2266/7000 | Episode reward:   509.98 | Episode steps: 2500 | Average reward:   248.91 | Step Count: 1029971 | Episode Q0:    39.61
Episode: 2267/7000 | Episode reward:    53.64 | Episode steps:  172 | Average reward:   231.74 | Step Count: 1030143 | Episode Q0:    39.61
Episode: 2268/7000 | Episode reward:   554.06 | Episode steps: 2500 | Average reward:   245.17 | Step Count: 1032643 | Episode Q0:    39.61
Episode: 2269/7000 | Episode reward:   210.78 | Episode steps:  443 | Average reward:   232.14 | Step Count: 1033086 | Episode Q0:    39.61
Episode: 2270/7000 | Episode reward:   411.03 | Episode steps:  867 | Average reward:   245.50 | Step Count: 1033953 | Episode Q0:    39.61
Episode: 2271/7000 | Episode reward:    58.06 | Episode steps:  161 | Average reward:   226.27 | Step Count: 1034114 | Episode Q0:    39.61
Episode: 2272/7000 | Episode reward:   225.01 | Episode steps:  373 | Average reward:   235.34 | Step Count: 1034487 | Episode Q0:    39.61
Episode: 2273/7000 | Episode reward:   788.41 | Episode steps: 2500 | Average reward:   296.68 | Step Count: 1036987 | Episode Q0:    37.91
Episode: 2274/7000 | Episode reward:   682.55 | Episode steps: 2500 | Average reward:   353.08 | Step Count: 1039487 | Episode Q0:    37.91
Episode: 2275/7000 | Episode reward:   842.17 | Episode steps: 2500 | Average reward:   433.57 | Step Count: 1041987 | Episode Q0:    37.91
Episode: 2276/7000 | Episode reward:   849.93 | Episode steps: 2500 | Average reward:   467.56 | Step Count: 1044487 | Episode Q0:    37.91
Episode: 2277/7000 | Episode reward:   983.46 | Episode steps: 2500 | Average reward:   560.55 | Step Count: 1046987 | Episode Q0:    37.91
Episode: 2278/7000 | Episode reward:   798.41 | Episode steps: 2500 | Average reward:   584.98 | Step Count: 1049487 | Episode Q0:    37.91
Episode: 2279/7000 | Episode reward:   928.65 | Episode steps: 2500 | Average reward:   656.77 | Step Count: 1051987 | Episode Q0:    37.91
Episode: 2280/7000 | Episode reward:   916.55 | Episode steps: 2500 | Average reward:   707.32 | Step Count: 1054487 | Episode Q0:    37.91
Episode: 2281/7000 | Episode reward:   927.22 | Episode steps: 2500 | Average reward:   794.23 | Step Count: 1056987 | Episode Q0:    37.91
Episode: 2282/7000 | Episode reward:   877.00 | Episode steps: 2500 | Average reward:   859.43 | Step Count: 1059487 | Episode Q0:    37.91
Episode: 2283/7000 | Episode reward:   749.02 | Episode steps: 2500 | Average reward:   855.50 | Step Count: 1061987 | Episode Q0:    37.91
Episode: 2284/7000 | Episode reward:   738.96 | Episode steps: 2500 | Average reward:   861.14 | Step Count: 1064487 | Episode Q0:    37.91
Episode: 2285/7000 | Episode reward:   676.76 | Episode steps: 2500 | Average reward:   844.60 | Step Count: 1066987 | Episode Q0:    37.91
Episode: 2286/7000 | Episode reward:   900.27 | Episode steps: 2500 | Average reward:   849.63 | Step Count: 1069487 | Episode Q0:    37.91
Episode: 2287/7000 | Episode reward:   818.45 | Episode steps: 2500 | Average reward:   833.13 | Step Count: 1071987 | Episode Q0:    37.91
Episode: 2288/7000 | Episode reward:   838.95 | Episode steps: 2500 | Average reward:   837.18 | Step Count: 1074487 | Episode Q0:    37.91
Episode: 2289/7000 | Episode reward:   999.73 | Episode steps: 2500 | Average reward:   844.29 | Step Count: 1076987 | Episode Q0:    37.91
Episode: 2290/7000 | Episode reward:   755.58 | Episode steps: 2500 | Average reward:   828.19 | Step Count: 1079487 | Episode Q0:    37.91
Episode: 2291/7000 | Episode reward:   822.77 | Episode steps: 2500 | Average reward:   817.75 | Step Count: 1081987 | Episode Q0:    37.91
Episode: 2292/7000 | Episode reward:   794.95 | Episode steps: 2500 | Average reward:   809.54 | Step Count: 1084487 | Episode Q0:    37.91
Episode: 2293/7000 | Episode reward:   895.44 | Episode steps: 2500 | Average reward:   824.18 | Step Count: 1086987 | Episode Q0:    37.91
Episode: 2294/7000 | Episode reward:   775.38 | Episode steps: 2500 | Average reward:   827.83 | Step Count: 1089487 | Episode Q0:    37.91
Episode: 2295/7000 | Episode reward:   148.18 | Episode steps:  197 | Average reward:   774.97 | Step Count: 1089684 | Episode Q0:    37.91
Episode: 2296/7000 | Episode reward:   145.58 | Episode steps:  230 | Average reward:   699.50 | Step Count: 1089914 | Episode Q0:    37.91
Episode: 2297/7000 | Episode reward:   242.00 | Episode steps:  512 | Average reward:   641.86 | Step Count: 1090426 | Episode Q0:    37.91
Episode: 2298/7000 | Episode reward:    73.48 | Episode steps:  227 | Average reward:   565.31 | Step Count: 1090653 | Episode Q0:    37.91
Episode: 2299/7000 | Episode reward:   643.62 | Episode steps: 2500 | Average reward:   529.70 | Step Count: 1093153 | Episode Q0:    38.41
Episode: 2300/7000 | Episode reward:   513.41 | Episode steps: 2500 | Average reward:   505.48 | Step Count: 1095653 | Episode Q0:    38.41
Episode: 2301/7000 | Episode reward:   590.15 | Episode steps: 2500 | Average reward:   482.22 | Step Count: 1098153 | Episode Q0:    38.41
Episode: 2302/7000 | Episode reward:   686.08 | Episode steps: 2500 | Average reward:   471.33 | Step Count: 1100653 | Episode Q0:    38.41
Episode: 2303/7000 | Episode reward:   661.02 | Episode steps: 2500 | Average reward:   447.89 | Step Count: 1103153 | Episode Q0:    38.41
Episode: 2304/7000 | Episode reward:   644.47 | Episode steps: 2500 | Average reward:   434.80 | Step Count: 1105653 | Episode Q0:    38.41
Episode: 2305/7000 | Episode reward:   636.46 | Episode steps: 2500 | Average reward:   483.63 | Step Count: 1108153 | Episode Q0:    38.41
Episode: 2306/7000 | Episode reward:   432.87 | Episode steps:  938 | Average reward:   512.35 | Step Count: 1109091 | Episode Q0:    38.41
Episode: 2307/7000 | Episode reward:   119.82 | Episode steps:  170 | Average reward:   500.14 | Step Count: 1109261 | Episode Q0:    38.41
Episode: 2308/7000 | Episode reward:   596.26 | Episode steps: 2500 | Average reward:   552.42 | Step Count: 1111761 | Episode Q0:    38.41
Episode: 2309/7000 | Episode reward:   658.18 | Episode steps: 2500 | Average reward:   553.87 | Step Count: 1114261 | Episode Q0:    38.41
Episode: 2310/7000 | Episode reward:   537.07 | Episode steps: 2500 | Average reward:   556.24 | Step Count: 1116761 | Episode Q0:    38.41
Episode: 2311/7000 | Episode reward:   517.45 | Episode steps: 2500 | Average reward:   548.97 | Step Count: 1119261 | Episode Q0:    38.41
Episode: 2312/7000 | Episode reward:   453.34 | Episode steps: 2500 | Average reward:   525.69 | Step Count: 1121761 | Episode Q0:    38.41
Episode: 2313/7000 | Episode reward:    51.10 | Episode steps:  170 | Average reward:   464.70 | Step Count: 1121931 | Episode Q0:    38.41
Episode: 2314/7000 | Episode reward:   785.73 | Episode steps: 2500 | Average reward:   478.83 | Step Count: 1124431 | Episode Q0:    38.41
Episode: 2315/7000 | Episode reward:   200.39 | Episode steps:  549 | Average reward:   435.22 | Step Count: 1124980 | Episode Q0:    38.41
Episode: 2316/7000 | Episode reward:   665.21 | Episode steps: 2500 | Average reward:   458.45 | Step Count: 1127480 | Episode Q0:    38.41
Episode: 2317/7000 | Episode reward:   260.99 | Episode steps:  516 | Average reward:   472.57 | Step Count: 1127996 | Episode Q0:    38.41
Episode: 2318/7000 | Episode reward:   234.17 | Episode steps:  282 | Average reward:   436.36 | Step Count: 1128278 | Episode Q0:    38.41
Episode: 2319/7000 | Episode reward:   286.06 | Episode steps:  743 | Average reward:   399.15 | Step Count: 1129021 | Episode Q0:    38.41
Episode: 2320/7000 | Episode reward:   334.85 | Episode steps:  561 | Average reward:   378.93 | Step Count: 1129582 | Episode Q0:    38.41
Episode: 2321/7000 | Episode reward:   122.47 | Episode steps:  201 | Average reward:   339.43 | Step Count: 1129783 | Episode Q0:    38.41
Episode: 2322/7000 | Episode reward:   354.55 | Episode steps:  804 | Average reward:   329.55 | Step Count: 1130587 | Episode Q0:    38.41
Episode: 2323/7000 | Episode reward:   579.17 | Episode steps: 2500 | Average reward:   382.36 | Step Count: 1133087 | Episode Q0:    38.43
Episode: 2324/7000 | Episode reward:   509.39 | Episode steps: 2500 | Average reward:   354.73 | Step Count: 1135587 | Episode Q0:    38.43
Episode: 2325/7000 | Episode reward:   337.72 | Episode steps:  803 | Average reward:   368.46 | Step Count: 1136390 | Episode Q0:    38.43
Episode: 2326/7000 | Episode reward:   461.15 | Episode steps: 2500 | Average reward:   348.05 | Step Count: 1138890 | Episode Q0:    38.43
Episode: 2327/7000 | Episode reward:    82.43 | Episode steps:  133 | Average reward:   330.20 | Step Count: 1139023 | Episode Q0:    38.43
Episode: 2328/7000 | Episode reward:    96.44 | Episode steps:  159 | Average reward:   316.42 | Step Count: 1139182 | Episode Q0:    38.43
Episode: 2329/7000 | Episode reward:   198.45 | Episode steps:  649 | Average reward:   307.66 | Step Count: 1139831 | Episode Q0:    38.43
Episode: 2330/7000 | Episode reward:   421.10 | Episode steps: 1183 | Average reward:   316.29 | Step Count: 1141014 | Episode Q0:    38.43
Episode: 2331/7000 | Episode reward:   430.60 | Episode steps: 2500 | Average reward:   347.10 | Step Count: 1143514 | Episode Q0:    38.43
Episode: 2332/7000 | Episode reward:   270.16 | Episode steps:  526 | Average reward:   338.66 | Step Count: 1144040 | Episode Q0:    38.43
Episode: 2333/7000 | Episode reward:   338.68 | Episode steps:  800 | Average reward:   314.61 | Step Count: 1144840 | Episode Q0:    38.43
Episode: 2334/7000 | Episode reward:   677.52 | Episode steps: 2500 | Average reward:   331.42 | Step Count: 1147340 | Episode Q0:    38.43
Episode: 2335/7000 | Episode reward:    43.69 | Episode steps:  139 | Average reward:   302.02 | Step Count: 1147479 | Episode Q0:    38.43
Episode: 2336/7000 | Episode reward:   507.07 | Episode steps:  963 | Average reward:   306.61 | Step Count: 1148442 | Episode Q0:    38.43
Episode: 2337/7000 | Episode reward:   169.34 | Episode steps:  620 | Average reward:   315.30 | Step Count: 1149062 | Episode Q0:    38.43
Episode: 2338/7000 | Episode reward:   129.59 | Episode steps:  365 | Average reward:   318.62 | Step Count: 1149427 | Episode Q0:    38.43
Episode: 2339/7000 | Episode reward:   474.16 | Episode steps: 2500 | Average reward:   346.19 | Step Count: 1151927 | Episode Q0:    38.43
Episode: 2340/7000 | Episode reward:    81.74 | Episode steps:  136 | Average reward:   312.26 | Step Count: 1152063 | Episode Q0:    38.43
Episode: 2341/7000 | Episode reward:   450.44 | Episode steps: 2500 | Average reward:   314.24 | Step Count: 1154563 | Episode Q0:    38.43
Episode: 2342/7000 | Episode reward:   493.50 | Episode steps: 2500 | Average reward:   336.57 | Step Count: 1157063 | Episode Q0:    38.43
Episode: 2343/7000 | Episode reward:   296.44 | Episode steps:  871 | Average reward:   332.35 | Step Count: 1157934 | Episode Q0:    38.43
Episode: 2344/7000 | Episode reward:   493.14 | Episode steps:  971 | Average reward:   313.91 | Step Count: 1158905 | Episode Q0:    38.43
Episode: 2345/7000 | Episode reward:   379.70 | Episode steps:  839 | Average reward:   347.51 | Step Count: 1159744 | Episode Q0:    38.43
Episode: 2346/7000 | Episode reward:   470.71 | Episode steps: 1231 | Average reward:   343.88 | Step Count: 1160975 | Episode Q0:    38.73
Episode: 2347/7000 | Episode reward:   109.87 | Episode steps:  542 | Average reward:   337.93 | Step Count: 1161517 | Episode Q0:    38.73
Episode: 2348/7000 | Episode reward:   333.36 | Episode steps: 1052 | Average reward:   358.31 | Step Count: 1162569 | Episode Q0:    38.73
Episode: 2349/7000 | Episode reward:   478.33 | Episode steps: 1780 | Average reward:   358.72 | Step Count: 1164349 | Episode Q0:    38.73
Episode: 2350/7000 | Episode reward:    84.03 | Episode steps:  135 | Average reward:   358.95 | Step Count: 1164484 | Episode Q0:    38.73
Episode: 2351/7000 | Episode reward:   134.57 | Episode steps:  279 | Average reward:   327.37 | Step Count: 1164763 | Episode Q0:    38.73
Episode: 2352/7000 | Episode reward:   352.58 | Episode steps: 1112 | Average reward:   313.27 | Step Count: 1165875 | Episode Q0:    38.73
Episode: 2353/7000 | Episode reward:   402.58 | Episode steps:  894 | Average reward:   323.89 | Step Count: 1166769 | Episode Q0:    38.73
Episode: 2354/7000 | Episode reward:   142.21 | Episode steps:  225 | Average reward:   288.79 | Step Count: 1166994 | Episode Q0:    38.73
Episode: 2355/7000 | Episode reward:   484.45 | Episode steps: 1741 | Average reward:   299.27 | Step Count: 1168735 | Episode Q0:    38.73
Episode: 2356/7000 | Episode reward:   244.35 | Episode steps:  594 | Average reward:   276.63 | Step Count: 1169329 | Episode Q0:    38.73
Episode: 2357/7000 | Episode reward:   191.64 | Episode steps:  644 | Average reward:   284.81 | Step Count: 1169973 | Episode Q0:    38.73
Episode: 2358/7000 | Episode reward:   292.51 | Episode steps:  787 | Average reward:   280.72 | Step Count: 1170760 | Episode Q0:    38.73
Episode: 2359/7000 | Episode reward:   218.90 | Episode steps:  554 | Average reward:   254.78 | Step Count: 1171314 | Episode Q0:    38.73
Episode: 2360/7000 | Episode reward:   441.69 | Episode steps: 1139 | Average reward:   290.55 | Step Count: 1172453 | Episode Q0:    38.73
Episode: 2361/7000 | Episode reward:   384.45 | Episode steps:  882 | Average reward:   315.54 | Step Count: 1173335 | Episode Q0:    38.73
Episode: 2362/7000 | Episode reward:   398.77 | Episode steps: 1116 | Average reward:   320.15 | Step Count: 1174451 | Episode Q0:    38.73
Episode: 2363/7000 | Episode reward:   411.14 | Episode steps:  873 | Average reward:   321.01 | Step Count: 1175324 | Episode Q0:    38.73
Episode: 2364/7000 | Episode reward:    80.33 | Episode steps:  223 | Average reward:   314.82 | Step Count: 1175547 | Episode Q0:    38.73
Episode: 2365/7000 | Episode reward:   474.95 | Episode steps: 1846 | Average reward:   313.87 | Step Count: 1177393 | Episode Q0:    38.73
Episode: 2366/7000 | Episode reward:   368.57 | Episode steps: 1580 | Average reward:   326.29 | Step Count: 1178973 | Episode Q0:    38.73
Episode: 2367/7000 | Episode reward:   186.15 | Episode steps:  249 | Average reward:   325.75 | Step Count: 1179222 | Episode Q0:    38.73
Episode: 2368/7000 | Episode reward:    72.83 | Episode steps:  214 | Average reward:   303.78 | Step Count: 1179436 | Episode Q0:    38.73
Episode: 2369/7000 | Episode reward:   516.82 | Episode steps: 2500 | Average reward:   333.57 | Step Count: 1181936 | Episode Q0:    40.06
Episode: 2370/7000 | Episode reward:   752.07 | Episode steps: 2500 | Average reward:   364.61 | Step Count: 1184436 | Episode Q0:    40.06
Episode: 2371/7000 | Episode reward:   713.95 | Episode steps: 2500 | Average reward:   397.56 | Step Count: 1186936 | Episode Q0:    40.06
Episode: 2372/7000 | Episode reward:   505.32 | Episode steps: 2500 | Average reward:   408.21 | Step Count: 1189436 | Episode Q0:    40.06
Episode: 2373/7000 | Episode reward:   717.10 | Episode steps: 2500 | Average reward:   438.81 | Step Count: 1191936 | Episode Q0:    40.06
Episode: 2374/7000 | Episode reward:   805.16 | Episode steps: 2500 | Average reward:   511.29 | Step Count: 1194436 | Episode Q0:    40.06
Episode: 2375/7000 | Episode reward:   685.65 | Episode steps: 2500 | Average reward:   532.36 | Step Count: 1196936 | Episode Q0:    40.06
Episode: 2376/7000 | Episode reward:   645.06 | Episode steps: 2500 | Average reward:   560.01 | Step Count: 1199436 | Episode Q0:    40.06
Episode: 2377/7000 | Episode reward:   771.82 | Episode steps: 2500 | Average reward:   618.58 | Step Count: 1201936 | Episode Q0:    40.06
Episode: 2378/7000 | Episode reward:   875.13 | Episode steps: 2500 | Average reward:   698.81 | Step Count: 1204436 | Episode Q0:    40.06
Episode: 2379/7000 | Episode reward:   157.15 | Episode steps:  525 | Average reward:   662.84 | Step Count: 1204961 | Episode Q0:    40.06
Episode: 2380/7000 | Episode reward:   676.91 | Episode steps: 2500 | Average reward:   655.33 | Step Count: 1207461 | Episode Q0:    40.06
Episode: 2381/7000 | Episode reward:   298.42 | Episode steps:  750 | Average reward:   613.77 | Step Count: 1208211 | Episode Q0:    40.06
Episode: 2382/7000 | Episode reward:   471.51 | Episode steps:  931 | Average reward:   610.39 | Step Count: 1209142 | Episode Q0:    40.06
Episode: 2383/7000 | Episode reward:   399.04 | Episode steps:  883 | Average reward:   578.59 | Step Count: 1210025 | Episode Q0:    40.06
Episode: 2384/7000 | Episode reward:   144.40 | Episode steps:  203 | Average reward:   512.51 | Step Count: 1210228 | Episode Q0:    40.06
Episode: 2385/7000 | Episode reward:   196.06 | Episode steps:  594 | Average reward:   463.55 | Step Count: 1210822 | Episode Q0:    40.06
Episode: 2386/7000 | Episode reward:   326.61 | Episode steps:  846 | Average reward:   431.71 | Step Count: 1211668 | Episode Q0:    40.06
Episode: 2387/7000 | Episode reward:   723.54 | Episode steps: 2500 | Average reward:   426.88 | Step Count: 1214168 | Episode Q0:    40.06
Episode: 2388/7000 | Episode reward:   517.14 | Episode steps: 2500 | Average reward:   391.08 | Step Count: 1216668 | Episode Q0:    40.06
Episode: 2389/7000 | Episode reward:    97.22 | Episode steps:  149 | Average reward:   385.09 | Step Count: 1216817 | Episode Q0:    40.06
Episode: 2390/7000 | Episode reward:    89.48 | Episode steps:  168 | Average reward:   326.34 | Step Count: 1216985 | Episode Q0:    40.06
Episode: 2391/7000 | Episode reward:   817.31 | Episode steps: 2500 | Average reward:   378.23 | Step Count: 1219485 | Episode Q0:    37.78
Episode: 2392/7000 | Episode reward:   918.96 | Episode steps: 2500 | Average reward:   422.98 | Step Count: 1221985 | Episode Q0:    37.78
Episode: 2393/7000 | Episode reward:   832.24 | Episode steps: 2500 | Average reward:   466.30 | Step Count: 1224485 | Episode Q0:    37.78
Episode: 2394/7000 | Episode reward:   720.48 | Episode steps: 2500 | Average reward:   523.91 | Step Count: 1226985 | Episode Q0:    37.78
Episode: 2395/7000 | Episode reward:   884.01 | Episode steps: 2500 | Average reward:   592.70 | Step Count: 1229485 | Episode Q0:    37.78
Episode: 2396/7000 | Episode reward:   975.28 | Episode steps: 2500 | Average reward:   657.57 | Step Count: 1231985 | Episode Q0:    37.78
Episode: 2397/7000 | Episode reward:   917.15 | Episode steps: 2500 | Average reward:   676.93 | Step Count: 1234485 | Episode Q0:    37.78
Episode: 2398/7000 | Episode reward:   845.05 | Episode steps: 2500 | Average reward:   709.72 | Step Count: 1236985 | Episode Q0:    37.78
Episode: 2399/7000 | Episode reward:   917.95 | Episode steps: 2500 | Average reward:   791.79 | Step Count: 1239485 | Episode Q0:    37.78
Episode: 2400/7000 | Episode reward:   862.95 | Episode steps: 2500 | Average reward:   869.14 | Step Count: 1241985 | Episode Q0:    37.78
Episode: 2401/7000 | Episode reward:   786.05 | Episode steps: 2500 | Average reward:   866.01 | Step Count: 1244485 | Episode Q0:    37.78
Episode: 2402/7000 | Episode reward:   762.54 | Episode steps: 2500 | Average reward:   850.37 | Step Count: 1246985 | Episode Q0:    37.78
Episode: 2403/7000 | Episode reward:   943.76 | Episode steps: 2500 | Average reward:   861.52 | Step Count: 1249485 | Episode Q0:    37.78
Episode: 2404/7000 | Episode reward:   755.27 | Episode steps: 2500 | Average reward:   865.00 | Step Count: 1251985 | Episode Q0:    37.78
Episode: 2405/7000 | Episode reward:   891.63 | Episode steps: 2500 | Average reward:   865.76 | Step Count: 1254485 | Episode Q0:    37.78
Episode: 2406/7000 | Episode reward:   840.94 | Episode steps: 2500 | Average reward:   852.33 | Step Count: 1256985 | Episode Q0:    37.78
Episode: 2407/7000 | Episode reward:   877.07 | Episode steps: 2500 | Average reward:   848.32 | Step Count: 1259485 | Episode Q0:    37.78
Episode: 2408/7000 | Episode reward:   498.02 | Episode steps:  759 | Average reward:   813.62 | Step Count: 1260244 | Episode Q0:    37.78
Episode: 2409/7000 | Episode reward:   258.30 | Episode steps:  308 | Average reward:   747.65 | Step Count: 1260552 | Episode Q0:    37.78
Episode: 2410/7000 | Episode reward:   786.38 | Episode steps: 2500 | Average reward:   740.00 | Step Count: 1263052 | Episode Q0:    37.78
Episode: 2411/7000 | Episode reward:   919.52 | Episode steps: 2500 | Average reward:   753.34 | Step Count: 1265552 | Episode Q0:    37.78
Episode: 2412/7000 | Episode reward:  1033.39 | Episode steps: 2500 | Average reward:   780.43 | Step Count: 1268052 | Episode Q0:    37.78
Episode: 2413/7000 | Episode reward:   217.56 | Episode steps:  734 | Average reward:   707.81 | Step Count: 1268786 | Episode Q0:    37.78
Episode: 2414/7000 | Episode reward:   516.30 | Episode steps: 2500 | Average reward:   683.91 | Step Count: 1271286 | Episode Q0:    39.13
Episode: 2415/7000 | Episode reward:   427.22 | Episode steps: 2500 | Average reward:   637.47 | Step Count: 1273786 | Episode Q0:    39.13
Episode: 2416/7000 | Episode reward:   607.87 | Episode steps: 2500 | Average reward:   614.16 | Step Count: 1276286 | Episode Q0:    39.13
Episode: 2417/7000 | Episode reward:   361.71 | Episode steps: 2500 | Average reward:   562.63 | Step Count: 1278786 | Episode Q0:    39.13
Episode: 2418/7000 | Episode reward:   137.06 | Episode steps:  488 | Average reward:   526.53 | Step Count: 1279274 | Episode Q0:    39.13
Episode: 2419/7000 | Episode reward:   204.94 | Episode steps:  678 | Average reward:   521.19 | Step Count: 1279952 | Episode Q0:    39.13
Episode: 2420/7000 | Episode reward:   222.91 | Episode steps: 2500 | Average reward:   464.85 | Step Count: 1282452 | Episode Q0:    39.13
Episode: 2421/7000 | Episode reward:   234.89 | Episode steps:  564 | Average reward:   396.38 | Step Count: 1283016 | Episode Q0:    39.13
Episode: 2422/7000 | Episode reward:   190.03 | Episode steps:  515 | Average reward:   312.05 | Step Count: 1283531 | Episode Q0:    39.13
Episode: 2423/7000 | Episode reward:   375.97 | Episode steps:  815 | Average reward:   327.89 | Step Count: 1284346 | Episode Q0:    39.13
Episode: 2424/7000 | Episode reward:   436.78 | Episode steps: 1159 | Average reward:   319.94 | Step Count: 1285505 | Episode Q0:    39.13
Episode: 2425/7000 | Episode reward:    91.21 | Episode steps:  150 | Average reward:   286.34 | Step Count: 1285655 | Episode Q0:    39.13
Episode: 2426/7000 | Episode reward:   603.86 | Episode steps: 2500 | Average reward:   285.93 | Step Count: 1288155 | Episode Q0:    39.13
Episode: 2427/7000 | Episode reward:   156.98 | Episode steps:  197 | Average reward:   265.46 | Step Count: 1288352 | Episode Q0:    39.13
Episode: 2428/7000 | Episode reward:   225.83 | Episode steps:  572 | Average reward:   274.34 | Step Count: 1288924 | Episode Q0:    39.13
Episode: 2429/7000 | Episode reward:   405.21 | Episode steps: 2500 | Average reward:   294.37 | Step Count: 1291424 | Episode Q0:    39.13
Episode: 2430/7000 | Episode reward:   544.68 | Episode steps: 2500 | Average reward:   326.54 | Step Count: 1293924 | Episode Q0:    39.13
Episode: 2431/7000 | Episode reward:   294.42 | Episode steps:  910 | Average reward:   332.50 | Step Count: 1294834 | Episode Q0:    39.13
Episode: 2432/7000 | Episode reward:    70.80 | Episode steps:  203 | Average reward:   320.57 | Step Count: 1295037 | Episode Q0:    39.13
Episode: 2433/7000 | Episode reward:   227.42 | Episode steps:  684 | Average reward:   305.72 | Step Count: 1295721 | Episode Q0:    39.13
Episode: 2434/7000 | Episode reward:    59.03 | Episode steps:  200 | Average reward:   267.94 | Step Count: 1295921 | Episode Q0:    39.13
Episode: 2435/7000 | Episode reward:   106.15 | Episode steps:  495 | Average reward:   269.44 | Step Count: 1296416 | Episode Q0:    39.13
Episode: 2436/7000 | Episode reward:   355.69 | Episode steps:  818 | Average reward:   244.62 | Step Count: 1297234 | Episode Q0:    39.13
Episode: 2437/7000 | Episode reward:   700.77 | Episode steps: 2500 | Average reward:   299.00 | Step Count: 1299734 | Episode Q0:    40.82
Episode: 2438/7000 | Episode reward:   316.15 | Episode steps:  369 | Average reward:   308.03 | Step Count: 1300103 | Episode Q0:    40.82
Episode: 2439/7000 | Episode reward:   711.09 | Episode steps: 2500 | Average reward:   338.62 | Step Count: 1302603 | Episode Q0:    40.82
Episode: 2440/7000 | Episode reward:   349.67 | Episode steps: 2500 | Average reward:   319.12 | Step Count: 1305103 | Episode Q0:    40.82
Episode: 2441/7000 | Episode reward:   687.25 | Episode steps: 2500 | Average reward:   358.40 | Step Count: 1307603 | Episode Q0:    40.82
Episode: 2442/7000 | Episode reward:   639.05 | Episode steps: 2500 | Average reward:   415.23 | Step Count: 1310103 | Episode Q0:    40.82
Episode: 2443/7000 | Episode reward:   735.21 | Episode steps: 2500 | Average reward:   466.01 | Step Count: 1312603 | Episode Q0:    40.82
Episode: 2444/7000 | Episode reward:   471.55 | Episode steps: 2500 | Average reward:   507.26 | Step Count: 1315103 | Episode Q0:    40.82
Episode: 2445/7000 | Episode reward:   614.56 | Episode steps: 2500 | Average reward:   558.10 | Step Count: 1317603 | Episode Q0:    40.82
Episode: 2446/7000 | Episode reward:   459.71 | Episode steps: 2500 | Average reward:   568.50 | Step Count: 1320103 | Episode Q0:    40.82
Episode: 2447/7000 | Episode reward:   712.89 | Episode steps: 2500 | Average reward:   569.71 | Step Count: 1322603 | Episode Q0:    40.82
Episode: 2448/7000 | Episode reward:   374.20 | Episode steps: 2500 | Average reward:   575.52 | Step Count: 1325103 | Episode Q0:    40.82
Episode: 2449/7000 | Episode reward:    58.17 | Episode steps:  182 | Average reward:   510.23 | Step Count: 1325285 | Episode Q0:    40.82
Episode: 2450/7000 | Episode reward:   517.37 | Episode steps: 2500 | Average reward:   527.00 | Step Count: 1327785 | Episode Q0:    40.82
Episode: 2451/7000 | Episode reward:   679.69 | Episode steps: 2500 | Average reward:   526.24 | Step Count: 1330285 | Episode Q0:    40.82
Episode: 2452/7000 | Episode reward:   214.36 | Episode steps:  376 | Average reward:   483.77 | Step Count: 1330661 | Episode Q0:    40.82
Episode: 2453/7000 | Episode reward:   609.96 | Episode steps: 2500 | Average reward:   471.25 | Step Count: 1333161 | Episode Q0:    40.82
Episode: 2454/7000 | Episode reward:   692.93 | Episode steps: 2500 | Average reward:   493.38 | Step Count: 1335661 | Episode Q0:    40.82
Episode: 2455/7000 | Episode reward:   581.25 | Episode steps: 2500 | Average reward:   490.05 | Step Count: 1338161 | Episode Q0:    40.82
Episode: 2456/7000 | Episode reward:   528.64 | Episode steps: 2500 | Average reward:   496.95 | Step Count: 1340661 | Episode Q0:    40.82
Episode: 2457/7000 | Episode reward:   592.50 | Episode steps: 2500 | Average reward:   484.91 | Step Count: 1343161 | Episode Q0:    40.82
Episode: 2458/7000 | Episode reward:   674.01 | Episode steps: 2500 | Average reward:   514.89 | Step Count: 1345661 | Episode Q0:    40.25
Episode: 2459/7000 | Episode reward:   641.34 | Episode steps: 2500 | Average reward:   573.21 | Step Count: 1348161 | Episode Q0:    40.25
Episode: 2460/7000 | Episode reward:   702.38 | Episode steps: 2500 | Average reward:   591.71 | Step Count: 1350661 | Episode Q0:    40.25
Episode: 2461/7000 | Episode reward:   702.05 | Episode steps: 2500 | Average reward:   593.94 | Step Count: 1353161 | Episode Q0:    40.25
Episode: 2462/7000 | Episode reward:   625.40 | Episode steps: 2500 | Average reward:   635.05 | Step Count: 1355661 | Episode Q0:    40.25
Episode: 2463/7000 | Episode reward:   819.29 | Episode steps: 2500 | Average reward:   655.98 | Step Count: 1358161 | Episode Q0:    40.25
Episode: 2464/7000 | Episode reward:   827.41 | Episode steps: 2500 | Average reward:   669.43 | Step Count: 1360661 | Episode Q0:    40.25
Episode: 2465/7000 | Episode reward:   665.08 | Episode steps: 2500 | Average reward:   677.81 | Step Count: 1363161 | Episode Q0:    40.25
Episode: 2466/7000 | Episode reward:   758.51 | Episode steps: 2500 | Average reward:   700.80 | Step Count: 1365661 | Episode Q0:    40.25
Episode: 2467/7000 | Episode reward:   784.44 | Episode steps: 2500 | Average reward:   719.99 | Step Count: 1368161 | Episode Q0:    40.25
Episode: 2468/7000 | Episode reward:   676.26 | Episode steps: 2500 | Average reward:   720.22 | Step Count: 1370661 | Episode Q0:    40.25
Episode: 2469/7000 | Episode reward:   676.34 | Episode steps: 2500 | Average reward:   723.72 | Step Count: 1373161 | Episode Q0:    40.25
Episode: 2470/7000 | Episode reward:   784.23 | Episode steps: 2500 | Average reward:   731.90 | Step Count: 1375661 | Episode Q0:    40.25
Episode: 2471/7000 | Episode reward:   637.87 | Episode steps: 2500 | Average reward:   725.48 | Step Count: 1378161 | Episode Q0:    40.25
Episode: 2472/7000 | Episode reward:   825.56 | Episode steps: 2500 | Average reward:   745.50 | Step Count: 1380661 | Episode Q0:    40.25
Episode: 2473/7000 | Episode reward:   564.43 | Episode steps: 2500 | Average reward:   720.01 | Step Count: 1383161 | Episode Q0:    40.25
Episode: 2474/7000 | Episode reward:   739.32 | Episode steps: 2500 | Average reward:   711.20 | Step Count: 1385661 | Episode Q0:    40.25
Episode: 2475/7000 | Episode reward:   461.63 | Episode steps:  944 | Average reward:   690.86 | Step Count: 1386605 | Episode Q0:    40.25
Episode: 2476/7000 | Episode reward:    35.43 | Episode steps:  112 | Average reward:   618.55 | Step Count: 1386717 | Episode Q0:    40.25
Episode: 2477/7000 | Episode reward:   869.12 | Episode steps: 2500 | Average reward:   627.02 | Step Count: 1389217 | Episode Q0:    40.25
Episode: 2478/7000 | Episode reward:   679.35 | Episode steps: 2500 | Average reward:   627.33 | Step Count: 1391717 | Episode Q0:    40.25
Episode: 2479/7000 | Episode reward:   751.07 | Episode steps: 2500 | Average reward:   634.80 | Step Count: 1394217 | Episode Q0:    40.25
Episode: 2480/7000 | Episode reward:   724.14 | Episode steps: 2500 | Average reward:   628.79 | Step Count: 1396717 | Episode Q0:    40.25
Episode: 2481/7000 | Episode reward:   926.00 | Episode steps: 2500 | Average reward:   657.60 | Step Count: 1399217 | Episode Q0:    39.22
Episode: 2482/7000 | Episode reward:   913.26 | Episode steps: 2500 | Average reward:   666.37 | Step Count: 1401717 | Episode Q0:    39.22
Episode: 2483/7000 | Episode reward:   752.59 | Episode steps: 2500 | Average reward:   685.19 | Step Count: 1404217 | Episode Q0:    39.22
Episode: 2484/7000 | Episode reward:   944.66 | Episode steps: 2500 | Average reward:   705.72 | Step Count: 1406717 | Episode Q0:    39.22
Episode: 2485/7000 | Episode reward:  1001.42 | Episode steps: 2500 | Average reward:   759.70 | Step Count: 1409217 | Episode Q0:    39.22
Episode: 2486/7000 | Episode reward:   831.89 | Episode steps: 2500 | Average reward:   839.35 | Step Count: 1411717 | Episode Q0:    39.22
Episode: 2487/7000 | Episode reward:   744.44 | Episode steps: 2500 | Average reward:   826.88 | Step Count: 1414217 | Episode Q0:    39.22
Episode: 2488/7000 | Episode reward:   788.76 | Episode steps: 2500 | Average reward:   837.82 | Step Count: 1416717 | Episode Q0:    39.22
Episode: 2489/7000 | Episode reward:  1132.28 | Episode steps: 2500 | Average reward:   875.94 | Step Count: 1419217 | Episode Q0:    39.22
Episode: 2490/7000 | Episode reward:   953.60 | Episode steps: 2500 | Average reward:   898.89 | Step Count: 1421717 | Episode Q0:    39.22
Episode: 2491/7000 | Episode reward:   937.82 | Episode steps: 2500 | Average reward:   900.07 | Step Count: 1424217 | Episode Q0:    39.22
Episode: 2492/7000 | Episode reward:   700.51 | Episode steps: 1001 | Average reward:   878.80 | Step Count: 1425218 | Episode Q0:    39.22
Episode: 2493/7000 | Episode reward:   832.16 | Episode steps: 2500 | Average reward:   886.75 | Step Count: 1427718 | Episode Q0:    39.22
Episode: 2494/7000 | Episode reward:   930.76 | Episode steps: 2500 | Average reward:   885.36 | Step Count: 1430218 | Episode Q0:    39.22
Episode: 2495/7000 | Episode reward:   794.66 | Episode steps: 2500 | Average reward:   864.69 | Step Count: 1432718 | Episode Q0:    39.22
Episode: 2496/7000 | Episode reward:   880.83 | Episode steps: 2500 | Average reward:   869.58 | Step Count: 1435218 | Episode Q0:    39.22
Episode: 2497/7000 | Episode reward:   727.72 | Episode steps: 2500 | Average reward:   867.91 | Step Count: 1437718 | Episode Q0:    39.22
Episode: 2498/7000 | Episode reward:   991.49 | Episode steps: 2500 | Average reward:   888.18 | Step Count: 1440218 | Episode Q0:    39.22
Episode: 2499/7000 | Episode reward:   946.70 | Episode steps: 2500 | Average reward:   869.62 | Step Count: 1442718 | Episode Q0:    39.22
Episode: 2500/7000 | Episode reward:   839.15 | Episode steps: 2500 | Average reward:   858.18 | Step Count: 1445218 | Episode Q0:    39.22
Episode: 2501/7000 | Episode reward:   933.32 | Episode steps: 2500 | Average reward:   857.73 | Step Count: 1447718 | Episode Q0:    39.22
Episode: 2502/7000 | Episode reward:   252.63 | Episode steps:  668 | Average reward:   812.94 | Step Count: 1448386 | Episode Q0:    39.22
Episode: 2503/7000 | Episode reward:   570.73 | Episode steps: 1061 | Average reward:   786.80 | Step Count: 1449447 | Episode Q0:    39.22
Episode: 2504/7000 | Episode reward:   786.09 | Episode steps: 2500 | Average reward:   772.33 | Step Count: 1451947 | Episode Q0:    39.76
Episode: 2505/7000 | Episode reward:   229.77 | Episode steps:  306 | Average reward:   715.84 | Step Count: 1452253 | Episode Q0:    39.76
Episode: 2506/7000 | Episode reward:   639.13 | Episode steps: 2500 | Average reward:   691.67 | Step Count: 1454753 | Episode Q0:    39.76
Episode: 2507/7000 | Episode reward:  1215.33 | Episode steps: 2500 | Average reward:   740.43 | Step Count: 1457253 | Episode Q0:    39.76
Episode: 2508/7000 | Episode reward:   345.05 | Episode steps:  836 | Average reward:   675.79 | Step Count: 1458089 | Episode Q0:    39.76
Episode: 2509/7000 | Episode reward:   582.43 | Episode steps: 2500 | Average reward:   639.36 | Step Count: 1460589 | Episode Q0:    39.76
Episode: 2510/7000 | Episode reward:   801.32 | Episode steps: 2500 | Average reward:   635.58 | Step Count: 1463089 | Episode Q0:    39.76
Episode: 2511/7000 | Episode reward:  1413.93 | Episode steps: 2500 | Average reward:   683.64 | Step Count: 1465589 | Episode Q0:    39.76
Episode: 2512/7000 | Episode reward:   824.45 | Episode steps: 2500 | Average reward:   740.82 | Step Count: 1468089 | Episode Q0:    39.76
Episode: 2513/7000 | Episode reward:    70.45 | Episode steps:  147 | Average reward:   690.79 | Step Count: 1468236 | Episode Q0:    39.76
Episode: 2514/7000 | Episode reward:   800.06 | Episode steps: 2500 | Average reward:   692.19 | Step Count: 1470736 | Episode Q0:    39.76
Episode: 2515/7000 | Episode reward:   824.96 | Episode steps: 2500 | Average reward:   751.71 | Step Count: 1473236 | Episode Q0:    39.76
Episode: 2516/7000 | Episode reward:   739.82 | Episode steps: 2500 | Average reward:   761.78 | Step Count: 1475736 | Episode Q0:    39.76
Episode: 2517/7000 | Episode reward:   662.19 | Episode steps: 2500 | Average reward:   706.46 | Step Count: 1478236 | Episode Q0:    39.76
Episode: 2518/7000 | Episode reward:   191.38 | Episode steps:  607 | Average reward:   691.10 | Step Count: 1478843 | Episode Q0:    39.76
Episode: 2519/7000 | Episode reward:   777.29 | Episode steps: 2500 | Average reward:   710.58 | Step Count: 1481343 | Episode Q0:    39.76
Episode: 2520/7000 | Episode reward:   747.64 | Episode steps: 2500 | Average reward:   705.22 | Step Count: 1483843 | Episode Q0:    39.76
Episode: 2521/7000 | Episode reward:   817.48 | Episode steps: 2500 | Average reward:   645.57 | Step Count: 1486343 | Episode Q0:    39.76
Episode: 2522/7000 | Episode reward:   701.92 | Episode steps: 2500 | Average reward:   633.32 | Step Count: 1488843 | Episode Q0:    39.76
Episode: 2523/7000 | Episode reward:   882.21 | Episode steps: 2500 | Average reward:   714.50 | Step Count: 1491343 | Episode Q0:    39.76
Episode: 2524/7000 | Episode reward:   887.95 | Episode steps: 2500 | Average reward:   723.28 | Step Count: 1493843 | Episode Q0:    39.76
[Warning: Due to low available disk space or excessive disk usage, turning off recording of all data.
Suggested Actions:
    • Open Simulation Data Inspector preferences and change Storage options
] 
[> In <a href="matlab:matlab.lang.internal.introspective.errorDocCallback('rl.internal.train.OffPolicyTrainer.run_internal_/nestedLearn', 'C:\Program Files\MATLAB\R2025b\toolbox\rl\rl\+rl\+internal\+train\OffPolicyTrainer.m', 234)" style="font-weight:bold">rl.internal.train.OffPolicyTrainer.run_internal_/nestedLearn</a> (<a href="matlab: opentoline('C:\Program Files\MATLAB\R2025b\toolbox\rl\rl\+rl\+internal\+train\OffPolicyTrainer.m',234,0)">line 234</a>)
In <a href="matlab:matlab.lang.internal.introspective.errorDocCallback('rl.internal.train/OffPolicyTrainer/run_internal_', 'C:\Program Files\MATLAB\R2025b\toolbox\rl\rl\+rl\+internal\+train\OffPolicyTrainer.m', 417)" style="font-weight:bold">rl.internal.train/OffPolicyTrainer/run_internal_</a> (<a href="matlab: opentoline('C:\Program Files\MATLAB\R2025b\toolbox\rl\rl\+rl\+internal\+train\OffPolicyTrainer.m',417,0)">line 417</a>)
In <a href="matlab:matlab.lang.internal.introspective.errorDocCallback('rl.internal.train/OffPolicyTrainer/run_', 'C:\Program Files\MATLAB\R2025b\toolbox\rl\rl\+rl\+internal\+train\OffPolicyTrainer.m', 39)" style="font-weight:bold">rl.internal.train/OffPolicyTrainer/run_</a> (<a href="matlab: opentoline('C:\Program Files\MATLAB\R2025b\toolbox\rl\rl\+rl\+internal\+train\OffPolicyTrainer.m',39,0)">line 39</a>)
In <a href="matlab:matlab.lang.internal.introspective.errorDocCallback('rl.internal.train/Trainer/run', 'C:\Program Files\MATLAB\R2025b\toolbox\rl\rl\+rl\+internal\+train\Trainer.m', 8)" style="font-weight:bold">rl.internal.train/Trainer/run</a> (<a href="matlab: opentoline('C:\Program Files\MATLAB\R2025b\toolbox\rl\rl\+rl\+internal\+train\Trainer.m',8,0)">line 8</a>)
In <a href="matlab:matlab.lang.internal.introspective.errorDocCallback('rl.internal.trainmgr/OnlineTrainingManager/run_', 'C:\Program Files\MATLAB\R2025b\toolbox\rl\rl\+rl\+internal\+trainmgr\OnlineTrainingManager.m', 135)" style="font-weight:bold">rl.internal.trainmgr/OnlineTrainingManager/run_</a> (<a href="matlab: opentoline('C:\Program Files\MATLAB\R2025b\toolbox\rl\rl\+rl\+internal\+trainmgr\OnlineTrainingManager.m',135,0)">line 135</a>)
In <a href="matlab:matlab.lang.internal.introspective.errorDocCallback('rl.internal.trainmgr/TrainingManager/run', 'C:\Program Files\MATLAB\R2025b\toolbox\rl\rl\+rl\+internal\+trainmgr\TrainingManager.m', 4)" style="font-weight:bold">rl.internal.trainmgr/TrainingManager/run</a> (<a href="matlab: opentoline('C:\Program Files\MATLAB\R2025b\toolbox\rl\rl\+rl\+internal\+trainmgr\TrainingManager.m',4,0)">line 4</a>)
In <a href="matlab:matlab.lang.internal.introspective.errorDocCallback('rl.agent.AbstractAgent/train', 'C:\Program Files\MATLAB\R2025b\toolbox\rl\rl\+rl\+agent\@AbstractAgent\train.m', 86)" style="font-weight:bold">rl.agent.AbstractAgent/train</a> (<a href="matlab: opentoline('C:\Program Files\MATLAB\R2025b\toolbox\rl\rl\+rl\+agent\@AbstractAgent\train.m',86,0)">line 86</a>)
In <a href="matlab:matlab.lang.internal.introspective.errorDocCallback('trainFurutaDirectTD3WithConfig', 'C:\Users\abuj\Code\Reinforcement-Learning-Furuta-Inverted-Pendulum\scripts\trainFurutaDirectTD3WithConfig.m', 64)" style="font-weight:bold">trainFurutaDirectTD3WithConfig</a> (<a href="matlab: opentoline('C:\Users\abuj\Code\Reinforcement-Learning-Furuta-Inverted-Pendulum\scripts\trainFurutaDirectTD3WithConfig.m',64,0)">line 64</a>)
In <a href="matlab:matlab.lang.internal.introspective.errorDocCallback('trainFurutaDetailed1c500HzLongScratch7000', 'C:\Users\abuj\Code\Reinforcement-Learning-Furuta-Inverted-Pendulum\scripts\trainFurutaDetailed1c500HzLongScratch7000.m', 6)" style="font-weight:bold">trainFurutaDetailed1c500HzLongScratch7000</a> (<a href="matlab: opentoline('C:\Users\abuj\Code\Reinforcement-Learning-Furuta-Inverted-Pendulum\scripts\trainFurutaDetailed1c500HzLongScratch7000.m',6,0)">line 6</a>)] 
Episode: 2525/7000 | Episode reward:   829.17 | Episode steps: 2500 | Average reward:   723.71 | Step Count: 1496343 | Episode Q0:    39.62
Episode: 2526/7000 | Episode reward:   930.30 | Episode steps: 2500 | Average reward:   742.75 | Step Count: 1498843 | Episode Q0:    39.62
Episode: 2527/7000 | Episode reward:   866.44 | Episode steps: 2500 | Average reward:   763.18 | Step Count: 1501343 | Episode Q0:    39.62
Episode: 2528/7000 | Episode reward:   878.77 | Episode steps: 2500 | Average reward:   831.92 | Step Count: 1503843 | Episode Q0:    39.62
Episode: 2529/7000 | Episode reward:   838.76 | Episode steps: 2500 | Average reward:   838.06 | Step Count: 1506343 | Episode Q0:    39.62
Episode: 2530/7000 | Episode reward:   921.14 | Episode steps: 2500 | Average reward:   855.41 | Step Count: 1508843 | Episode Q0:    39.62
Episode: 2531/7000 | Episode reward:  1014.31 | Episode steps: 2500 | Average reward:   875.10 | Step Count: 1511343 | Episode Q0:    39.62
Episode: 2532/7000 | Episode reward:   977.63 | Episode steps: 2500 | Average reward:   902.67 | Step Count: 1513843 | Episode Q0:    39.62
Episode: 2533/7000 | Episode reward:   904.02 | Episode steps: 2500 | Average reward:   904.85 | Step Count: 1516343 | Episode Q0:    39.62
Episode: 2534/7000 | Episode reward:   949.22 | Episode steps: 2500 | Average reward:   910.98 | Step Count: 1518843 | Episode Q0:    39.62
Episode: 2535/7000 | Episode reward:   885.23 | Episode steps: 2500 | Average reward:   916.58 | Step Count: 1521343 | Episode Q0:    39.62
Episode: 2536/7000 | Episode reward:   958.10 | Episode steps: 2500 | Average reward:   919.36 | Step Count: 1523843 | Episode Q0:    39.62
Episode: 2537/7000 | Episode reward:  1003.10 | Episode steps: 2500 | Average reward:   933.03 | Step Count: 1526343 | Episode Q0:    39.62
Episode: 2538/7000 | Episode reward:   805.62 | Episode steps: 2500 | Average reward:   925.71 | Step Count: 1528843 | Episode Q0:    39.62
Episode: 2539/7000 | Episode reward:   908.19 | Episode steps: 2500 | Average reward:   932.66 | Step Count: 1531343 | Episode Q0:    39.62
Episode: 2540/7000 | Episode reward:   836.03 | Episode steps: 2500 | Average reward:   924.14 | Step Count: 1533843 | Episode Q0:    39.62
Episode: 2541/7000 | Episode reward:   994.56 | Episode steps: 2500 | Average reward:   922.17 | Step Count: 1536343 | Episode Q0:    39.62
Episode: 2542/7000 | Episode reward:   937.01 | Episode steps: 2500 | Average reward:   918.11 | Step Count: 1538843 | Episode Q0:    39.62
Episode: 2543/7000 | Episode reward:   764.23 | Episode steps: 2500 | Average reward:   904.13 | Step Count: 1541343 | Episode Q0:    39.62
Episode: 2544/7000 | Episode reward:   832.19 | Episode steps: 2500 | Average reward:   892.43 | Step Count: 1543843 | Episode Q0:    39.62
Episode: 2545/7000 | Episode reward:   883.17 | Episode steps: 2500 | Average reward:   892.22 | Step Count: 1546343 | Episode Q0:    39.62
Episode: 2546/7000 | Episode reward:  1052.04 | Episode steps: 2500 | Average reward:   901.61 | Step Count: 1548843 | Episode Q0:    39.62
Episode: 2547/7000 | Episode reward:   909.09 | Episode steps: 2500 | Average reward:   892.21 | Step Count: 1551343 | Episode Q0:    39.62
Episode: 2548/7000 | Episode reward:   264.41 | Episode steps:  323 | Average reward:   838.09 | Step Count: 1551666 | Episode Q0:    39.62
Episode: 2549/7000 | Episode reward:   768.96 | Episode steps: 2500 | Average reward:   824.17 | Step Count: 1554166 | Episode Q0:    41.84
Episode: 2550/7000 | Episode reward:   991.90 | Episode steps: 2500 | Average reward:   839.76 | Step Count: 1556666 | Episode Q0:    41.84
Episode: 2551/7000 | Episode reward:   871.24 | Episode steps: 2500 | Average reward:   827.42 | Step Count: 1559166 | Episode Q0:    41.84
Episode: 2552/7000 | Episode reward:   907.02 | Episode steps: 2500 | Average reward:   824.43 | Step Count: 1561666 | Episode Q0:    41.84
Episode: 2553/7000 | Episode reward:   690.90 | Episode steps: 2500 | Average reward:   817.09 | Step Count: 1564166 | Episode Q0:    41.84
Episode: 2554/7000 | Episode reward:   792.99 | Episode steps: 2500 | Average reward:   813.17 | Step Count: 1566666 | Episode Q0:    41.84
Episode: 2555/7000 | Episode reward:   877.39 | Episode steps: 2500 | Average reward:   812.59 | Step Count: 1569166 | Episode Q0:    41.84
Episode: 2556/7000 | Episode reward:   893.84 | Episode steps: 2500 | Average reward:   796.77 | Step Count: 1571666 | Episode Q0:    41.84
Episode: 2557/7000 | Episode reward:   822.63 | Episode steps: 2500 | Average reward:   788.13 | Step Count: 1574166 | Episode Q0:    41.84
Episode: 2558/7000 | Episode reward:   858.64 | Episode steps: 2500 | Average reward:   847.55 | Step Count: 1576666 | Episode Q0:    41.84
Episode: 2559/7000 | Episode reward:   638.93 | Episode steps: 2500 | Average reward:   834.55 | Step Count: 1579166 | Episode Q0:    41.84
Episode: 2560/7000 | Episode reward:   803.49 | Episode steps: 2500 | Average reward:   815.71 | Step Count: 1581666 | Episode Q0:    41.84
Episode: 2561/7000 | Episode reward:   663.47 | Episode steps: 2500 | Average reward:   794.93 | Step Count: 1584166 | Episode Q0:    41.84
Episode: 2562/7000 | Episode reward:   834.00 | Episode steps: 2500 | Average reward:   787.63 | Step Count: 1586666 | Episode Q0:    41.84
Episode: 2563/7000 | Episode reward:   630.09 | Episode steps: 2500 | Average reward:   781.55 | Step Count: 1589166 | Episode Q0:    41.84
Episode: 2564/7000 | Episode reward:   874.48 | Episode steps: 2500 | Average reward:   789.70 | Step Count: 1591666 | Episode Q0:    41.84
Episode: 2565/7000 | Episode reward:   757.51 | Episode steps: 2500 | Average reward:   777.71 | Step Count: 1594166 | Episode Q0:    41.84
Episode: 2566/7000 | Episode reward:   836.97 | Episode steps: 2500 | Average reward:   772.02 | Step Count: 1596666 | Episode Q0:    41.84
Episode: 2567/7000 | Episode reward:    78.93 | Episode steps:  177 | Average reward:   697.65 | Step Count: 1596843 | Episode Q0:    41.84
Episode: 2568/7000 | Episode reward:   709.10 | Episode steps: 2500 | Average reward:   682.70 | Step Count: 1599343 | Episode Q0:    41.84
Episode: 2569/7000 | Episode reward:   108.49 | Episode steps:  171 | Average reward:   629.65 | Step Count: 1599514 | Episode Q0:    41.84
Episode: 2570/7000 | Episode reward:  1121.67 | Episode steps: 2500 | Average reward:   661.47 | Step Count: 1602014 | Episode Q0:    39.59
Episode: 2571/7000 | Episode reward:  1100.63 | Episode steps: 2500 | Average reward:   705.19 | Step Count: 1604514 | Episode Q0:    39.59
Episode: 2572/7000 | Episode reward:   971.93 | Episode steps: 2500 | Average reward:   718.98 | Step Count: 1607014 | Episode Q0:    39.59
Episode: 2573/7000 | Episode reward:   991.58 | Episode steps: 2500 | Average reward:   755.13 | Step Count: 1609514 | Episode Q0:    39.59
Episode: 2574/7000 | Episode reward:   763.57 | Episode steps: 2500 | Average reward:   744.04 | Step Count: 1612014 | Episode Q0:    39.59
Episode: 2575/7000 | Episode reward:   865.13 | Episode steps: 2500 | Average reward:   754.80 | Step Count: 1614514 | Episode Q0:    39.59
Episode: 2576/7000 | Episode reward:   955.94 | Episode steps: 2500 | Average reward:   766.70 | Step Count: 1617014 | Episode Q0:    39.59
Episode: 2577/7000 | Episode reward:   870.30 | Episode steps: 2500 | Average reward:   845.83 | Step Count: 1619514 | Episode Q0:    39.59
Episode: 2578/7000 | Episode reward:   904.47 | Episode steps: 2500 | Average reward:   865.37 | Step Count: 1622014 | Episode Q0:    39.59
Episode: 2579/7000 | Episode reward:   811.23 | Episode steps: 2500 | Average reward:   935.64 | Step Count: 1624514 | Episode Q0:    39.59
Episode: 2580/7000 | Episode reward:   966.62 | Episode steps: 2500 | Average reward:   920.14 | Step Count: 1627014 | Episode Q0:    39.59
Episode: 2581/7000 | Episode reward:   873.40 | Episode steps: 2500 | Average reward:   897.42 | Step Count: 1629514 | Episode Q0:    39.59
Episode: 2582/7000 | Episode reward:   852.84 | Episode steps: 2500 | Average reward:   885.51 | Step Count: 1632014 | Episode Q0:    39.59
Episode: 2583/7000 | Episode reward:   103.84 | Episode steps:  231 | Average reward:   796.74 | Step Count: 1632245 | Episode Q0:    39.59
Episode: 2584/7000 | Episode reward:   935.79 | Episode steps: 2500 | Average reward:   813.96 | Step Count: 1634745 | Episode Q0:    39.59
Episode: 2585/7000 | Episode reward:   201.53 | Episode steps:  290 | Average reward:   747.60 | Step Count: 1635035 | Episode Q0:    39.59
Episode: 2586/7000 | Episode reward:   945.35 | Episode steps: 2500 | Average reward:   746.54 | Step Count: 1637535 | Episode Q0:    39.59
Episode: 2587/7000 | Episode reward:  1057.82 | Episode steps: 2500 | Average reward:   765.29 | Step Count: 1640035 | Episode Q0:    39.59
Episode: 2588/7000 | Episode reward:   943.31 | Episode steps: 2500 | Average reward:   769.17 | Step Count: 1642535 | Episode Q0:    39.59
Episode: 2589/7000 | Episode reward:   811.55 | Episode steps: 2500 | Average reward:   769.20 | Step Count: 1645035 | Episode Q0:    39.59
Episode: 2590/7000 | Episode reward:  1145.17 | Episode steps: 2500 | Average reward:   787.06 | Step Count: 1647535 | Episode Q0:    39.59
Episode: 2591/7000 | Episode reward:  1029.34 | Episode steps: 2500 | Average reward:   802.65 | Step Count: 1650035 | Episode Q0:    39.59
Episode: 2592/7000 | Episode reward:   998.95 | Episode steps: 2500 | Average reward:   817.26 | Step Count: 1652535 | Episode Q0:    39.59
Episode: 2593/7000 | Episode reward:   734.80 | Episode steps: 2500 | Average reward:   880.36 | Step Count: 1655035 | Episode Q0:    39.86
Episode: 2594/7000 | Episode reward:   809.64 | Episode steps: 2500 | Average reward:   867.75 | Step Count: 1657535 | Episode Q0:    39.86
Episode: 2595/7000 | Episode reward:  1000.75 | Episode steps: 2500 | Average reward:   947.67 | Step Count: 1660035 | Episode Q0:    39.86
Episode: 2596/7000 | Episode reward:   886.13 | Episode steps: 2500 | Average reward:   941.75 | Step Count: 1662535 | Episode Q0:    39.86
Episode: 2597/7000 | Episode reward:   843.21 | Episode steps: 2500 | Average reward:   920.28 | Step Count: 1665035 | Episode Q0:    39.86
Episode: 2598/7000 | Episode reward:   844.17 | Episode steps: 2500 | Average reward:   910.37 | Step Count: 1667535 | Episode Q0:    39.86
Episode: 2599/7000 | Episode reward:  1075.02 | Episode steps: 2500 | Average reward:   936.72 | Step Count: 1670035 | Episode Q0:    39.86
Episode: 2600/7000 | Episode reward:   997.98 | Episode steps: 2500 | Average reward:   922.00 | Step Count: 1672535 | Episode Q0:    39.86
Episode: 2601/7000 | Episode reward:   832.81 | Episode steps: 2500 | Average reward:   902.35 | Step Count: 1675035 | Episode Q0:    39.86
Episode: 2602/7000 | Episode reward:   868.88 | Episode steps: 2500 | Average reward:   889.34 | Step Count: 1677535 | Episode Q0:    39.86
Episode: 2603/7000 | Episode reward:   939.04 | Episode steps: 2500 | Average reward:   909.76 | Step Count: 1680035 | Episode Q0:    39.86
Episode: 2604/7000 | Episode reward:   779.65 | Episode steps: 2500 | Average reward:   906.76 | Step Count: 1682535 | Episode Q0:    39.86
Episode: 2605/7000 | Episode reward:   958.69 | Episode steps: 2500 | Average reward:   902.56 | Step Count: 1685035 | Episode Q0:    39.86
Episode: 2606/7000 | Episode reward:   896.89 | Episode steps: 2500 | Average reward:   903.63 | Step Count: 1687535 | Episode Q0:    39.86
Episode: 2607/7000 | Episode reward:   824.21 | Episode steps: 2500 | Average reward:   901.73 | Step Count: 1690035 | Episode Q0:    39.86
Episode: 2608/7000 | Episode reward:   781.74 | Episode steps: 2500 | Average reward:   895.49 | Step Count: 1692535 | Episode Q0:    39.86
Episode: 2609/7000 | Episode reward:   142.98 | Episode steps:  214 | Average reward:   802.29 | Step Count: 1692749 | Episode Q0:    39.86
Episode: 2610/7000 | Episode reward:   790.30 | Episode steps: 2500 | Average reward:   781.52 | Step Count: 1695249 | Episode Q0:    39.86
Episode: 2611/7000 | Episode reward:   737.38 | Episode steps: 2500 | Average reward:   771.98 | Step Count: 1697749 | Episode Q0:    39.86
Episode: 2612/7000 | Episode reward:   681.57 | Episode steps: 2500 | Average reward:   753.24 | Step Count: 1700249 | Episode Q0:    39.86
Episode: 2613/7000 | Episode reward:   853.27 | Episode steps: 2500 | Average reward:   744.67 | Step Count: 1702749 | Episode Q0:    39.86
Episode: 2614/7000 | Episode reward:   135.03 | Episode steps:  274 | Average reward:   680.21 | Step Count: 1703023 | Episode Q0:    39.86
Episode: 2615/7000 | Episode reward:   365.64 | Episode steps:  427 | Average reward:   620.90 | Step Count: 1703450 | Episode Q0:    39.86
Episode: 2616/7000 | Episode reward:    43.22 | Episode steps:  159 | Average reward:   535.53 | Step Count: 1703609 | Episode Q0:    39.86
Episode: 2617/7000 | Episode reward:    74.10 | Episode steps:  185 | Average reward:   460.52 | Step Count: 1703794 | Episode Q0:    39.86
Episode: 2618/7000 | Episode reward:   679.08 | Episode steps: 2500 | Average reward:   450.26 | Step Count: 1706294 | Episode Q0:    38.29
Episode: 2619/7000 | Episode reward:   636.79 | Episode steps: 2500 | Average reward:   499.64 | Step Count: 1708794 | Episode Q0:    38.29
Episode: 2620/7000 | Episode reward:   862.46 | Episode steps: 2500 | Average reward:   506.85 | Step Count: 1711294 | Episode Q0:    38.29
Episode: 2621/7000 | Episode reward:   735.30 | Episode steps: 2500 | Average reward:   506.65 | Step Count: 1713794 | Episode Q0:    38.29
Episode: 2622/7000 | Episode reward:   943.59 | Episode steps: 2500 | Average reward:   532.85 | Step Count: 1716294 | Episode Q0:    38.29
Episode: 2623/7000 | Episode reward:   594.04 | Episode steps: 2500 | Average reward:   506.92 | Step Count: 1718794 | Episode Q0:    38.29
Episode: 2624/7000 | Episode reward:   705.54 | Episode steps: 2500 | Average reward:   563.98 | Step Count: 1721294 | Episode Q0:    38.29
Episode: 2625/7000 | Episode reward:   443.11 | Episode steps:  946 | Average reward:   571.72 | Step Count: 1722240 | Episode Q0:    38.29
Episode: 2626/7000 | Episode reward:   728.62 | Episode steps: 2500 | Average reward:   640.26 | Step Count: 1724740 | Episode Q0:    38.29
Episode: 2627/7000 | Episode reward:   321.95 | Episode steps:  922 | Average reward:   665.05 | Step Count: 1725662 | Episode Q0:    38.29
Episode: 2628/7000 | Episode reward:   660.88 | Episode steps: 2500 | Average reward:   663.23 | Step Count: 1728162 | Episode Q0:    38.29
Episode: 2629/7000 | Episode reward:   691.72 | Episode steps: 2500 | Average reward:   668.72 | Step Count: 1730662 | Episode Q0:    38.29
Episode: 2630/7000 | Episode reward:   691.71 | Episode steps: 2500 | Average reward:   651.64 | Step Count: 1733162 | Episode Q0:    38.29
Episode: 2631/7000 | Episode reward:   755.15 | Episode steps: 2500 | Average reward:   653.63 | Step Count: 1735662 | Episode Q0:    38.29
Episode: 2632/7000 | Episode reward:   292.82 | Episode steps:  761 | Average reward:   588.55 | Step Count: 1736423 | Episode Q0:    38.29
Episode: 2633/7000 | Episode reward:   187.81 | Episode steps:  588 | Average reward:   547.93 | Step Count: 1737011 | Episode Q0:    38.29
Episode: 2634/7000 | Episode reward:   831.51 | Episode steps: 2500 | Average reward:   560.53 | Step Count: 1739511 | Episode Q0:    38.29
Episode: 2635/7000 | Episode reward:   719.97 | Episode steps: 2500 | Average reward:   588.21 | Step Count: 1742011 | Episode Q0:    38.29
Episode: 2636/7000 | Episode reward:    82.25 | Episode steps:  177 | Average reward:   523.58 | Step Count: 1742188 | Episode Q0:    38.29
Episode: 2637/7000 | Episode reward:   124.97 | Episode steps:  226 | Average reward:   503.88 | Step Count: 1742414 | Episode Q0:    38.29
Episode: 2638/7000 | Episode reward:  1228.50 | Episode steps: 2500 | Average reward:   560.64 | Step Count: 1744914 | Episode Q0:    40.42
Episode: 2639/7000 | Episode reward:  1163.09 | Episode steps: 2500 | Average reward:   607.78 | Step Count: 1747414 | Episode Q0:    40.42
Episode: 2640/7000 | Episode reward:   979.55 | Episode steps: 2500 | Average reward:   636.56 | Step Count: 1749914 | Episode Q0:    40.42
Episode: 2641/7000 | Episode reward:  1254.75 | Episode steps: 2500 | Average reward:   686.52 | Step Count: 1752414 | Episode Q0:    40.42
Episode: 2642/7000 | Episode reward:  1238.82 | Episode steps: 2500 | Average reward:   781.12 | Step Count: 1754914 | Episode Q0:    40.42
Episode: 2643/7000 | Episode reward:  1275.19 | Episode steps: 2500 | Average reward:   889.86 | Step Count: 1757414 | Episode Q0:    40.42
Episode: 2644/7000 | Episode reward:  1153.68 | Episode steps: 2500 | Average reward:   922.08 | Step Count: 1759914 | Episode Q0:    40.42
Episode: 2645/7000 | Episode reward:  1082.66 | Episode steps: 2500 | Average reward:   958.35 | Step Count: 1762414 | Episode Q0:    40.42
Episode: 2646/7000 | Episode reward:  1152.30 | Episode steps: 2500 | Average reward:  1065.35 | Step Count: 1764914 | Episode Q0:    40.42
Episode: 2647/7000 | Episode reward:  1105.61 | Episode steps: 2500 | Average reward:  1163.42 | Step Count: 1767414 | Episode Q0:    40.42
Episode: 2648/7000 | Episode reward:  1053.78 | Episode steps: 2500 | Average reward:  1145.94 | Step Count: 1769914 | Episode Q0:    40.42
Episode: 2649/7000 | Episode reward:  1075.11 | Episode steps: 2500 | Average reward:  1137.15 | Step Count: 1772414 | Episode Q0:    40.42
Episode: 2650/7000 | Episode reward:  1314.78 | Episode steps: 2500 | Average reward:  1170.67 | Step Count: 1774914 | Episode Q0:    40.42
Episode: 2651/7000 | Episode reward:  1180.30 | Episode steps: 2500 | Average reward:  1163.22 | Step Count: 1777414 | Episode Q0:    40.42
Episode: 2652/7000 | Episode reward:   165.91 | Episode steps:  275 | Average reward:  1055.93 | Step Count: 1777689 | Episode Q0:    40.42
Episode: 2653/7000 | Episode reward:  1129.29 | Episode steps: 2500 | Average reward:  1041.34 | Step Count: 1780189 | Episode Q0:    40.42
Episode: 2654/7000 | Episode reward:   141.74 | Episode steps:  219 | Average reward:   940.15 | Step Count: 1780408 | Episode Q0:    40.42
Episode: 2655/7000 | Episode reward:  1037.06 | Episode steps: 2500 | Average reward:   935.59 | Step Count: 1782908 | Episode Q0:    40.42
Episode: 2656/7000 | Episode reward:  1208.66 | Episode steps: 2500 | Average reward:   941.22 | Step Count: 1785408 | Episode Q0:    40.42
Episode: 2657/7000 | Episode reward:  1167.24 | Episode steps: 2500 | Average reward:   947.39 | Step Count: 1787908 | Episode Q0:    40.42
Episode: 2658/7000 | Episode reward:  1243.75 | Episode steps: 2500 | Average reward:   966.38 | Step Count: 1790408 | Episode Q0:    40.42
Episode: 2659/7000 | Episode reward:  1193.96 | Episode steps: 2500 | Average reward:   978.27 | Step Count: 1792908 | Episode Q0:    40.42
Episode: 2660/7000 | Episode reward:  1259.22 | Episode steps: 2500 | Average reward:   972.71 | Step Count: 1795408 | Episode Q0:    40.42
Episode: 2661/7000 | Episode reward:  1167.50 | Episode steps: 2500 | Average reward:   971.43 | Step Count: 1797908 | Episode Q0:    40.42
Episode: 2662/7000 | Episode reward:   114.11 | Episode steps:  241 | Average reward:   966.25 | Step Count: 1798149 | Episode Q0:    40.42
Episode: 2663/7000 | Episode reward:   224.94 | Episode steps:  385 | Average reward:   875.82 | Step Count: 1798534 | Episode Q0:    40.42
Episode: 2664/7000 | Episode reward:   107.14 | Episode steps:  252 | Average reward:   872.36 | Step Count: 1798786 | Episode Q0:    40.42
Episode: 2665/7000 | Episode reward:   951.91 | Episode steps: 2500 | Average reward:   863.84 | Step Count: 1801286 | Episode Q0:    38.90
Episode: 2666/7000 | Episode reward:  1040.70 | Episode steps: 2500 | Average reward:   847.05 | Step Count: 1803786 | Episode Q0:    38.90
Episode: 2667/7000 | Episode reward:   945.89 | Episode steps: 2500 | Average reward:   824.91 | Step Count: 1806286 | Episode Q0:    38.90
Episode: 2668/7000 | Episode reward:   949.86 | Episode steps: 2500 | Average reward:   795.52 | Step Count: 1808786 | Episode Q0:    38.90
Episode: 2669/7000 | Episode reward:  1066.41 | Episode steps: 2500 | Average reward:   782.77 | Step Count: 1811286 | Episode Q0:    38.90
Episode: 2670/7000 | Episode reward:   958.87 | Episode steps: 2500 | Average reward:   752.73 | Step Count: 1813786 | Episode Q0:    38.90
Episode: 2671/7000 | Episode reward:  1085.51 | Episode steps: 2500 | Average reward:   744.53 | Step Count: 1816286 | Episode Q0:    38.90
Episode: 2672/7000 | Episode reward:  1016.07 | Episode steps: 2500 | Average reward:   834.73 | Step Count: 1818786 | Episode Q0:    38.90
Episode: 2673/7000 | Episode reward:   978.71 | Episode steps: 2500 | Average reward:   910.11 | Step Count: 1821286 | Episode Q0:    38.90
Episode: 2674/7000 | Episode reward:  1000.66 | Episode steps: 2500 | Average reward:   999.46 | Step Count: 1823786 | Episode Q0:    38.90
Episode: 2675/7000 | Episode reward:   948.37 | Episode steps: 2500 | Average reward:   999.11 | Step Count: 1826286 | Episode Q0:    38.90
Episode: 2676/7000 | Episode reward:   897.53 | Episode steps: 2500 | Average reward:   984.79 | Step Count: 1828786 | Episode Q0:    38.90
Episode: 2677/7000 | Episode reward:   936.78 | Episode steps: 2500 | Average reward:   983.88 | Step Count: 1831286 | Episode Q0:    38.90
Episode: 2678/7000 | Episode reward:   949.08 | Episode steps: 2500 | Average reward:   983.80 | Step Count: 1833786 | Episode Q0:    38.90
Episode: 2679/7000 | Episode reward:   994.53 | Episode steps: 2500 | Average reward:   976.61 | Step Count: 1836286 | Episode Q0:    38.90
Episode: 2680/7000 | Episode reward:  1029.79 | Episode steps: 2500 | Average reward:   983.70 | Step Count: 1838786 | Episode Q0:    38.90
Episode: 2681/7000 | Episode reward:   108.89 | Episode steps:  257 | Average reward:   886.04 | Step Count: 1839043 | Episode Q0:    38.90
Episode: 2682/7000 | Episode reward:  1022.89 | Episode steps: 2500 | Average reward:   886.72 | Step Count: 1841543 | Episode Q0:    39.15
Episode: 2683/7000 | Episode reward:   834.64 | Episode steps: 2500 | Average reward:   872.32 | Step Count: 1844043 | Episode Q0:    39.15
Episode: 2684/7000 | Episode reward:  1070.81 | Episode steps: 2500 | Average reward:   879.33 | Step Count: 1846543 | Episode Q0:    39.15
Episode: 2685/7000 | Episode reward:  1042.44 | Episode steps: 2500 | Average reward:   888.74 | Step Count: 1849043 | Episode Q0:    39.15
Episode: 2686/7000 | Episode reward:  1037.34 | Episode steps: 2500 | Average reward:   902.72 | Step Count: 1851543 | Episode Q0:    39.15
Episode: 2687/7000 | Episode reward:  1220.57 | Episode steps: 2500 | Average reward:   931.10 | Step Count: 1854043 | Episode Q0:    39.15
Episode: 2688/7000 | Episode reward:   950.43 | Episode steps: 2500 | Average reward:   931.23 | Step Count: 1856543 | Episode Q0:    39.15
Episode: 2689/7000 | Episode reward:   976.50 | Episode steps: 2500 | Average reward:   929.43 | Step Count: 1859043 | Episode Q0:    39.15
Episode: 2690/7000 | Episode reward:  1148.17 | Episode steps: 2500 | Average reward:   941.27 | Step Count: 1861543 | Episode Q0:    39.15
Episode: 2691/7000 | Episode reward:   939.30 | Episode steps: 2500 | Average reward:  1024.31 | Step Count: 1864043 | Episode Q0:    39.15
Episode: 2692/7000 | Episode reward:  1258.29 | Episode steps: 2500 | Average reward:  1047.85 | Step Count: 1866543 | Episode Q0:    39.15
Episode: 2693/7000 | Episode reward:  1060.23 | Episode steps: 2500 | Average reward:  1070.41 | Step Count: 1869043 | Episode Q0:    39.15
Episode: 2694/7000 | Episode reward:   949.94 | Episode steps: 2500 | Average reward:  1058.32 | Step Count: 1871543 | Episode Q0:    39.15
Episode: 2695/7000 | Episode reward:  1271.91 | Episode steps: 2500 | Average reward:  1081.27 | Step Count: 1874043 | Episode Q0:    39.15
Episode: 2696/7000 | Episode reward:  1011.04 | Episode steps: 2500 | Average reward:  1078.64 | Step Count: 1876543 | Episode Q0:    39.15
Episode: 2697/7000 | Episode reward:  1095.26 | Episode steps: 2500 | Average reward:  1066.11 | Step Count: 1879043 | Episode Q0:    39.15
Episode: 2698/7000 | Episode reward:   917.46 | Episode steps: 2500 | Average reward:  1062.81 | Step Count: 1881543 | Episode Q0:    39.15
Episode: 2699/7000 | Episode reward:  1083.02 | Episode steps: 2500 | Average reward:  1073.46 | Step Count: 1884043 | Episode Q0:    39.15
Episode: 2700/7000 | Episode reward:   159.87 | Episode steps:  219 | Average reward:   974.63 | Step Count: 1884262 | Episode Q0:    39.15
Episode: 2701/7000 | Episode reward:  1075.09 | Episode steps: 2500 | Average reward:   988.21 | Step Count: 1886762 | Episode Q0:    39.15
Episode: 2702/7000 | Episode reward:   234.54 | Episode steps:  390 | Average reward:   885.84 | Step Count: 1887152 | Episode Q0:    39.15
Episode: 2703/7000 | Episode reward:  1057.02 | Episode steps: 2500 | Average reward:   885.52 | Step Count: 1889652 | Episode Q0:    39.15
Episode: 2704/7000 | Episode reward:   959.08 | Episode steps: 2500 | Average reward:   886.43 | Step Count: 1892152 | Episode Q0:    39.15
Episode: 2705/7000 | Episode reward:  1100.74 | Episode steps: 2500 | Average reward:   869.31 | Step Count: 1894652 | Episode Q0:    39.15
Episode: 2706/7000 | Episode reward:  1005.89 | Episode steps: 2500 | Average reward:   868.80 | Step Count: 1897152 | Episode Q0:    39.15
Episode: 2707/7000 | Episode reward:  1046.32 | Episode steps: 2500 | Average reward:   863.90 | Step Count: 1899652 | Episode Q0:    39.15
Episode: 2708/7000 | Episode reward:  1048.17 | Episode steps: 2500 | Average reward:   876.97 | Step Count: 1902152 | Episode Q0:    39.15
Episode: 2709/7000 | Episode reward:  1004.72 | Episode steps: 2500 | Average reward:   869.14 | Step Count: 1904652 | Episode Q0:    43.60
Episode: 2710/7000 | Episode reward:   850.22 | Episode steps: 2500 | Average reward:   938.18 | Step Count: 1907152 | Episode Q0:    43.60
Episode: 2711/7000 | Episode reward:   971.14 | Episode steps: 2500 | Average reward:   927.78 | Step Count: 1909652 | Episode Q0:    43.60
Episode: 2712/7000 | Episode reward:   951.13 | Episode steps: 2500 | Average reward:   999.44 | Step Count: 1912152 | Episode Q0:    43.60
Episode: 2713/7000 | Episode reward:   931.64 | Episode steps: 2500 | Average reward:   986.91 | Step Count: 1914652 | Episode Q0:    43.60
Episode: 2714/7000 | Episode reward:  1046.28 | Episode steps: 2500 | Average reward:   995.63 | Step Count: 1917152 | Episode Q0:    43.60
Episode: 2715/7000 | Episode reward:  1072.76 | Episode steps: 2500 | Average reward:   992.83 | Step Count: 1919652 | Episode Q0:    43.60
Episode: 2716/7000 | Episode reward:   890.90 | Episode steps: 2500 | Average reward:   981.33 | Step Count: 1922152 | Episode Q0:    43.60
Episode: 2717/7000 | Episode reward:   908.77 | Episode steps: 2500 | Average reward:   967.57 | Step Count: 1924652 | Episode Q0:    43.60
Episode: 2718/7000 | Episode reward:  1000.22 | Episode steps: 2500 | Average reward:   962.78 | Step Count: 1927152 | Episode Q0:    43.60
Episode: 2719/7000 | Episode reward:  1017.35 | Episode steps: 2500 | Average reward:   964.04 | Step Count: 1929652 | Episode Q0:    43.60
Episode: 2720/7000 | Episode reward:   846.64 | Episode steps: 2500 | Average reward:   963.68 | Step Count: 1932152 | Episode Q0:    43.60
Episode: 2721/7000 | Episode reward:  1009.56 | Episode steps: 2500 | Average reward:   967.53 | Step Count: 1934652 | Episode Q0:    43.60
Episode: 2722/7000 | Episode reward:  1151.55 | Episode steps: 2500 | Average reward:   987.57 | Step Count: 1937152 | Episode Q0:    43.60
Episode: 2723/7000 | Episode reward:  1007.82 | Episode steps: 2500 | Average reward:   995.19 | Step Count: 1939652 | Episode Q0:    43.60
Episode: 2724/7000 | Episode reward:   958.31 | Episode steps: 2500 | Average reward:   986.39 | Step Count: 1942152 | Episode Q0:    43.60
Episode: 2725/7000 | Episode reward:  1145.45 | Episode steps: 2500 | Average reward:   993.66 | Step Count: 1944652 | Episode Q0:    43.60
Episode: 2726/7000 | Episode reward:   948.93 | Episode steps: 2500 | Average reward:   999.46 | Step Count: 1947152 | Episode Q0:    37.39
Episode: 2727/7000 | Episode reward:   913.18 | Episode steps: 2500 | Average reward:   999.90 | Step Count: 1949652 | Episode Q0:    37.39
Episode: 2728/7000 | Episode reward:   934.23 | Episode steps: 2500 | Average reward:   993.30 | Step Count: 1952152 | Episode Q0:    37.39
Episode: 2729/7000 | Episode reward:   920.63 | Episode steps: 2500 | Average reward:   983.63 | Step Count: 1954652 | Episode Q0:    37.39
Episode: 2730/7000 | Episode reward:   953.95 | Episode steps: 2500 | Average reward:   994.36 | Step Count: 1957152 | Episode Q0:    37.39
Episode: 2731/7000 | Episode reward:   886.12 | Episode steps: 2500 | Average reward:   982.02 | Step Count: 1959652 | Episode Q0:    37.39
Episode: 2732/7000 | Episode reward:  1082.23 | Episode steps: 2500 | Average reward:   975.08 | Step Count: 1962152 | Episode Q0:    37.39
Episode: 2733/7000 | Episode reward:   770.44 | Episode steps: 2500 | Average reward:   951.35 | Step Count: 1964652 | Episode Q0:    37.39
Episode: 2734/7000 | Episode reward:   893.43 | Episode steps: 2500 | Average reward:   944.86 | Step Count: 1967152 | Episode Q0:    37.39
Episode: 2735/7000 | Episode reward:   951.00 | Episode steps: 2500 | Average reward:   925.41 | Step Count: 1969652 | Episode Q0:    37.39
Episode: 2736/7000 | Episode reward:   936.08 | Episode steps: 2500 | Average reward:   924.13 | Step Count: 1972152 | Episode Q0:    37.39
Episode: 2737/7000 | Episode reward:   448.07 | Episode steps:  825 | Average reward:   877.62 | Step Count: 1972977 | Episode Q0:    37.39
Episode: 2738/7000 | Episode reward:   902.48 | Episode steps: 2500 | Average reward:   874.44 | Step Count: 1975477 | Episode Q0:    37.39
Episode: 2739/7000 | Episode reward:   815.61 | Episode steps: 2500 | Average reward:   863.94 | Step Count: 1977977 | Episode Q0:    37.39
Episode: 2740/7000 | Episode reward:   929.39 | Episode steps: 2500 | Average reward:   861.49 | Step Count: 1980477 | Episode Q0:    37.39
Episode: 2741/7000 | Episode reward:   237.80 | Episode steps:  650 | Average reward:   796.65 | Step Count: 1981127 | Episode Q0:    37.39
Episode: 2742/7000 | Episode reward:   904.23 | Episode steps: 2500 | Average reward:   778.85 | Step Count: 1983627 | Episode Q0:    37.39
Episode: 2743/7000 | Episode reward:   551.72 | Episode steps: 1099 | Average reward:   756.98 | Step Count: 1984726 | Episode Q0:    37.39
Episode: 2744/7000 | Episode reward:   842.15 | Episode steps: 2500 | Average reward:   751.85 | Step Count: 1987226 | Episode Q0:    37.39
Episode: 2745/7000 | Episode reward:    93.95 | Episode steps:  155 | Average reward:   666.15 | Step Count: 1987381 | Episode Q0:    37.39
Episode: 2746/7000 | Episode reward:   905.39 | Episode steps: 2500 | Average reward:   663.08 | Step Count: 1989881 | Episode Q0:    37.39
Episode: 2747/7000 | Episode reward:   942.72 | Episode steps: 2500 | Average reward:   712.55 | Step Count: 1992381 | Episode Q0:    37.39
Episode: 2748/7000 | Episode reward:   790.72 | Episode steps: 2500 | Average reward:   701.37 | Step Count: 1994881 | Episode Q0:    37.39
Episode: 2749/7000 | Episode reward:   888.31 | Episode steps: 2500 | Average reward:   708.64 | Step Count: 1997381 | Episode Q0:    37.39
Episode: 2750/7000 | Episode reward:   917.06 | Episode steps: 2500 | Average reward:   707.41 | Step Count: 1999881 | Episode Q0:    37.39
Episode: 2751/7000 | Episode reward:   897.18 | Episode steps: 2500 | Average reward:   773.34 | Step Count: 2002381 | Episode Q0:    37.39
Episode: 2752/7000 | Episode reward:   104.07 | Episode steps:  220 | Average reward:   693.33 | Step Count: 2002601 | Episode Q0:    37.39
Episode: 2753/7000 | Episode reward:   137.22 | Episode steps:  199 | Average reward:   651.88 | Step Count: 2002800 | Episode Q0:    37.39
