Episode,EpisodeReward,EpisodeSteps,AverageReward,StepCount,EpisodeQ0
1,-109.272896189352,9,-109.272896189352,9,0.0871306955814362
2,-111.082914067436,12,-110.177905128394,21,0.085229367017746
3,-117.232142066124,17,-112.529317440971,38,0.105745255947113
4,-114.020031004256,15,-112.901995831792,53,0.101786464452744
5,-109.12567078187,10,-112.146730821808,63,0.0815990194678307
6,-111.728689624665,12,-112.077057288951,75,0.0859219208359718
7,-108.484618563907,9,-111.563851756802,84,0.0835830271244049
8,-109.939624948544,11,-111.360823405769,95,0.0900850594043732
9,-116.809704949475,18,-111.966254688403,113,0.106578826904297
10,-112.267173904647,13,-111.996346610028,126,0.101194337010384
11,-113.132104367317,14,-112.099597315236,140,0.0962943807244301
12,-111.545077311046,12,-112.053387314887,152,0.0968270599842072
13,-113.891266778539,15,-112.194762658245,167,0.0897275283932686
14,-114.737272457762,16,-112.376370501067,183,0.094135157763958
15,-116.607283121299,17,-112.658431342416,200,0.0995431691408157
16,-110.42171945738,11,-112.518636849601,211,0.0819137543439865
17,-116.562294139166,17,-112.756499043105,228,0.0978670120239258
18,-113.655497138515,15,-112.806443381739,243,0.0961144268512726
19,-113.041253822834,13,-112.818801826007,256,0.102312445640564
20,-108.83266308721,9,-112.619494889067,265,0.104511201381683
21,-112.594965934199,14,-112.78559837631,279,0.0834873393177986
22,-111.083488797211,11,-112.785627112798,290,0.101059958338737
23,-109.162224326527,9,-112.382131225818,299,0.0978079363703728
24,-110.16032924637,11,-112.189146137924,310,0.101350516080856
25,-111.174819250536,12,-112.291603561357,322,0.107573002576828
26,-110.435145377219,11,-112.226926348985,333,0.0781127363443375
27,-111.367435599854,12,-112.371067200782,345,0.105215787887573
28,-115.196764080741,16,-112.633924157392,361,0.0888018012046814
29,-110.260237391478,11,-112.306450779492,372,0.0884560346603394
30,-111.06645982437,12,-112.246415075479,384,0.0901671871542931
31,-113.070003122704,13,-112.243310013248,397,0.0968990325927734
32,-113.859652527673,14,-112.359038774079,411,0.101462244987488
33,-110.771785656326,11,-112.203064717969,422,0.0849202498793602
34,-108.483833915375,9,-111.890392790849,431,0.0881465375423431
35,-111.313552239908,12,-111.62570624678,443,0.0912794321775436
36,-109.269511359512,10,-111.568095841886,453,0.0921455323696136
37,-109.050004966429,10,-111.192481383249,463,0.0835081115365028
38,-124.015098031813,26,-111.710461427914,489,0.0965755060315132
39,-109.510122315447,10,-111.533904852545,499,0.0815621763467789
40,-110.837502210663,11,-111.634146808718,510,0.105046287178993
41,-114.847577896932,15,-111.746777406854,525,0.111052110791206
42,-112.585910342133,13,-111.8218984841,538,0.103106588125229
43,-109.831935853376,10,-111.855384060443,548,0.102509081363678
44,-111.397624244117,12,-111.91724881033,560,0.0925735980272293
45,-115.934345839505,17,-112.155225139779,577,0.0901899188756943
46,-113.884136498158,14,-112.327674695826,591,0.111241370439529
47,-119.113960329502,19,-112.715000932308,610,0.0755437389016151
48,-111.585623426211,12,-112.534443899582,622,0.10097374022007
49,-111.596223816229,12,-112.601243220819,634,0.0888792052865028
50,-110.935302237038,11,-112.594685341453,645,0.108234487473965
51,-111.40397418456,12,-112.511383894545,657,0.0910576805472374
52,-110.308537653184,11,-112.333828150821,668,0.0886770859360695
53,-114.154020140804,15,-112.502939875045,683,0.107044085860252
54,-111.665559862587,12,-112.662026172405,695,0.0981575846672058
55,-111.26036363142,12,-112.659366741981,707,0.0868314653635025
56,-105.30013690555,5,-112.460898019283,712,0.0952885299921036
57,-108.028122974029,8,-112.409803919663,720,0.0894290506839752
58,-109.382478360724,10,-111.678172936108,730,0.0782650783658028
59,-112.721559945399,13,-111.838744817606,743,0.104007832705975
60,-106.273360984768,6,-111.610537756311,749,0.083410918712616
61,-108.990594129317,10,-111.31768856793,759,0.0943572223186493
62,-111.244969501423,12,-111.250641525895,771,0.0982386618852615
63,-111.036649595234,12,-111.310877212988,783,0.101682022213936
64,-108.216269242916,9,-111.151809462928,792,0.0880793929100037
65,-113.376565748796,14,-111.023920458392,806,0.101863600313663
66,-109.374492178433,10,-110.798438242406,816,0.111871004104614
67,-105.298227930904,5,-110.107651622476,821,0.0871950089931488
68,-111.094616740528,12,-110.083101288192,833,0.0925091207027435
69,-109.475566713663,10,-109.977068433064,843,0.0924172475934029
70,-112.708499584698,14,-110.065728300447,857,0.0997646600008011
71,-111.805458941395,12,-110.085802538289,869,0.0923488289117813
72,-112.587745300572,13,-110.199762920658,882,0.0791533291339874
73,-109.0038461397,10,-109.942254220603,892,0.0911284387111664
74,-110.690469256996,11,-109.893499690323,903,0.0941989868879318
75,-110.469418197254,11,-109.853952418615,914,0.0794702023267746
76,-109.760595329574,11,-110.076975339816,925,0.0874612778425217
77,-112.814172260747,13,-110.316277804152,938,0.0779596120119095
78,-113.618795843084,15,-110.52809367827,953,0.0888436734676361
79,-111.959996209493,13,-110.490015491475,966,0.0848071128129959
80,-110.681771579924,12,-110.710436021232,978,0.0842775776982307
81,-114.286259084108,14,-110.975219268972,992,0.0894983783364296
82,-111.387783132544,12,-110.982359950528,1004,0.0820907205343246
83,-109.723621914015,11,-110.916708566467,1015,0.0409088432788849
84,-114.973328647206,16,-111.254561536682,1031,-0.0676531866192818
85,-111.469804537417,12,-111.159223476113,1043,-0.387162685394287
86,-113.752819467824,14,-111.378139840582,1057,-0.901909470558167
87,-115.139903398478,16,-111.870223613961,1073,-1.57571029663086
88,-114.312620311419,15,-112.031123792505,1088,-2.56506633758545
89,-113.777847068315,14,-112.246237810238,1102,-3.78143715858459
90,-114.1672068037,15,-112.319173171188,1117,-5.32285928726196
91,-111.649785040909,13,-112.311389476164,1130,-6.44985294342041
92,-142.883617508138,40,-113.826183086542,1170,-6.5249547958374
93,-121.789957606877,22,-114.465488659901,1192,-5.35954284667969
94,-116.711944620833,17,-114.766562428093,1209,-3.94652318954468
95,-115.47849053047,15,-115.017016044754,1224,-2.25531196594238
96,-117.510389039642,18,-115.404505730257,1242,-1.18553018569946
97,-110.756859115204,11,-115.30164007298,1253,-0.835773110389709
98,-115.262987250963,15,-115.383849643374,1268,-0.638805687427521
99,-108.991192799407,10,-115.23540947287,1278,-0.598397612571716
100,-110.75314230074,11,-115.23897800891,1289,-0.65604829788208
101,-109.329428854269,10,-114.991136497418,1299,-0.560560822486877
102,-109.41221790602,10,-114.892358236092,1309,-0.404595017433167
103,-114.209259511266,15,-115.116640115955,1324,-0.336637258529663
104,-111.119298206606,12,-114.923938593925,1336,-0.41647082567215
105,-110.488850720534,12,-114.874890903081,1348,-0.631049156188965
106,-113.719432042633,14,-114.873221531821,1362,-1.01026737689972
107,-110.356063295688,11,-114.634029526682,1373,-1.48487317562103
108,-109.549786736144,11,-114.395887847918,1384,-1.82080030441284
109,-112.519812212744,13,-114.332986105139,1397,-1.83360195159912
110,-118.591886883007,19,-114.554220109105,1416,-1.9698531627655
111,-113.589764510237,14,-114.651219082571,1430,-2.40805721282959
112,-118.033622814676,18,-113.408719347898,1448,-2.59816408157349
113,-128.701733780033,28,-113.754308156556,1476,-2.58185243606567
114,-151.960588920529,47,-115.516740371541,1523,-1.97046339511871
115,-116.205965197211,16,-115.553114104878,1539,-1.7225513458252
116,-121.469919313578,23,-115.751090618574,1562,-2.03732538223267
117,-109.259457804893,10,-115.676220553059,1572,-2.13863039016724
118,-113.909703288246,15,-115.608556354923,1587,-1.24885129928589
119,-111.338260187777,13,-115.725909724342,1600,-1.3932957649231
120,-111.469188909398,12,-115.761712054774,1612,-2.06452655792236
121,-115.553327068002,16,-116.072906965461,1628,-1.48541283607483
122,-113.292015679677,14,-116.266896854144,1642,-1.10396862030029
123,-116.353179172611,17,-116.374092837211,1659,-1.5323303937912
124,-151.757455948021,52,-118.406000724282,1711,-1.50900316238403
125,-121.762098088795,21,-118.969663092695,1732,-1.56351983547211
126,-115.748737563572,17,-119.071128368742,1749,-1.3341805934906
127,-124.77415045602,24,-119.792032726758,1773,-0.956310391426086
128,-114.777697184008,18,-120.053428249152,1791,-1.47594201564789
129,-115.476779969171,17,-120.201276636973,1808,-1.17002201080322
130,-117.79454098692,19,-120.161409342169,1827,-1.77817726135254
131,-150.075267552433,48,-121.985684494278,1875,-1.31539058685303
132,-122.498241955532,24,-122.208915451321,1899,-1.32596969604492
133,-129.689563893837,29,-122.258306957012,1928,-1.69778561592102
134,-113.277742221082,16,-120.324164622039,1944,-1.59315061569214
135,-117.956168035643,18,-120.411674763961,1962,-1.96857941150665
136,-160.516169333386,74,-122.363987264951,2036,-1.95878648757935
137,-124.841326435792,27,-123.143080696496,2063,-1.39090180397034
138,-115.162995891797,16,-123.205745326674,2079,-1.99195337295532
139,-141.241095578423,40,-124.700887096206,2119,-1.80651187896729
140,-161.829222132934,62,-127.218888757383,2181,-1.90454006195068
141,-173.160876588343,91,-130.0992662334,2272,-2.13937211036682
142,-122.920179546519,23,-130.580674426742,2295,-2.55222129821777
143,-124.038092248916,24,-130.964920080557,2319,-1.97827613353729
144,-132.265794772637,32,-129.990337021788,2351,-1.91767501831055
145,-127.937391071944,29,-130.299101670945,2380,-2.44211792945862
146,-111.781494874538,12,-130.100739536494,2392,-2.14656662940979
147,-154.572460374571,52,-131.590655032421,2444,-1.84978556632996
148,-256.786279854632,158,-138.691084165953,2602,-2.42165446281433
149,-127.46059985676,27,-139.290275160332,2629,-1.65823030471802
150,-158.081152982804,56,-141.304605760126,2685,-2.67072868347168
151,-142.250754781738,47,-140.913380121592,2732,-1.94187903404236
152,-150.366850607388,47,-142.306810554184,2779,-2.07022285461426
153,-113.991723055945,15,-141.52191851229,2794,-2.14664268493652
154,-116.123534108329,16,-141.664208106652,2810,-2.30572485923767
155,-118.996755926621,20,-141.716237501201,2830,-2.26201677322388
156,-135.756637471717,36,-140.478260908117,2866,-2.54156064987183
157,-166.846012562713,68,-142.578495214464,2934,-1.71186971664429
158,-117.617568078577,21,-142.701223823803,2955,-3.24986362457275
159,-112.622845780338,14,-141.270311333898,2969,-1.62980842590332
160,-119.833146632776,20,-139.17050755889,2989,-2.99741721153259
161,-126.571707512626,26,-136.841049105105,3015,-2.31898355484009
162,-116.808544699821,17,-136.53546736277,3032,-2.56101131439209
163,-122.299442405388,24,-136.448534870593,3056,-2.33895111083984
164,-115.495582025492,16,-135.610024233236,3072,-2.27944540977478
165,-128.475583093904,28,-135.636933834334,3100,-2.90249967575073
166,-119.530404148325,20,-136.024379298023,3120,-2.90905332565308
167,-122.23305067789,22,-134.407408813189,3142,-3.09136724472046
168,-117.256710084118,20,-127.430930324664,3162,-2.62964487075806
169,-115.97602606316,19,-126.856701634984,3181,-3.13432025909424
170,-117.030667957143,20,-124.8041773837,3201,-2.83965659141541
171,-121.256209581021,23,-123.754450123665,3224,-3.32099199295044
172,-115.085558279576,15,-121.990385507274,3239,-2.54760241508484
173,-123.455086101257,23,-122.46355365954,3262,-3.1910936832428
174,-114.500189774739,15,-122.38238644286,3277,-2.5677125453949
175,-113.006856129478,15,-122.082891453003,3292,-3.3833954334259
176,-129.963775010662,28,-121.79324832995,3320,-2.79366970062256
177,-119.682325344512,21,-119.43506396904,3341,-3.48833203315735
178,-118.65189316175,20,-119.486780223199,3361,-3.01571726799011
179,-118.672723320929,21,-119.789274100228,3382,-2.94064497947693
180,-123.91434590006,23,-119.993334063593,3405,-3.3923180103302
181,-111.923364715019,13,-119.260916923712,3418,-2.27161240577698
182,-139.771213078625,39,-120.409050342652,3457,-3.31667304039001
183,-155.590420779878,59,-122.073599261377,3516,-2.54805111885071
184,-122.612774146438,22,-122.429458867424,3538,-2.90021872520447
185,-118.551594337929,20,-121.933259429625,3558,-2.85036778450012
186,-112.550582195143,14,-121.584268331966,3572,-3.25313997268677
187,-116.53197888249,20,-121.299214742196,3592,-4.04825019836426
188,-116.709074845756,19,-121.271832980278,3611,-3.68306064605713
189,-144.849990352017,55,-122.715531194721,3666,-2.79362273216248
190,-109.864116998302,12,-122.357203646779,3678,-3.12093162536621
191,-123.430043723625,23,-122.465895353909,3701,-4.54860687255859
192,-118.322573157408,19,-122.627746097801,3720,-3.83561563491821
193,-131.427191313724,31,-123.026351358424,3751,-3.28951740264893
194,-127.533971981165,28,-123.678040468746,3779,-3.52544951438904
195,-126.639156145131,27,-124.359655469528,3806,-3.30836033821106
196,-124.428827692082,25,-124.082908103599,3831,-3.32356786727905
197,-118.88993735987,20,-124.043288704367,3851,-3.6497437953949
198,-128.928602624305,31,-124.557124177495,3882,-3.3288676738739
199,-132.831151357672,39,-125.265045579332,3921,-3.73278737068176
200,-144.109104039859,40,-126.274783486322,3961,-3.82636523246765
201,-126.275971292336,28,-126.992413815188,3989,-3.98053336143494
202,-182.874054650103,76,-129.147555893762,4065,-4.2605676651001
203,-151.990061130012,60,-128.967537911268,4125,-3.3170599937439
204,-140.824811569184,66,-129.878139782406,4191,-3.92380619049072
205,-160.22044986261,60,-131.96158255864,4251,-4.2735538482666
206,-138.053833975021,41,-133.236745147634,4292,-4.29639387130737
207,-174.655392222495,97,-136.142915814634,4389,-4.15460586547852
208,-146.152201993165,63,-137.615072172004,4452,-3.63793301582336
209,-160.541074402977,71,-138.399626374552,4523,-4.15218544006348
210,-216.062042907331,118,-143.709522670004,4641,-3.83602094650269
211,-139.31324949861,47,-144.503682958753,4688,-4.12418270111084
212,-233.549120978044,134,-150.265010349785,4822,-4.31877136230469
213,-222.098697015926,129,-154.798585634895,4951,-4.36317539215088
214,-466.851358816458,395,-171.764454976659,5346,-4.4374828338623
215,-188.248808806175,86,-174.844937609712,5432,-4.48168659210205
216,-347.182919236582,249,-185.982642186937,5681,-3.9676992893219
217,-226.202501279389,127,-191.348270382913,5808,-4.10429573059082
218,-491.718833495038,500,-209.487781926449,6308,-4.22399044036865
219,-455.024451829846,398,-225.597446950058,6706,-4.4259238243103
220,-363.6851387781,271,-236.57624868697,6977,-4.50304269790649
221,-510.46732410718,500,-255.785816327712,7477,-4.26156330108643
222,-508.19590821528,500,-272.051909005971,7977,-4.70608139038086
223,-517.76999390799,500,-290.34090564487,8477,-3.76084733009338
224,-482.495396320288,500,-307.424434882425,8977,-4.8595142364502
225,-496.789806776553,500,-324.252902728122,9477,-3.92431473731995
226,-503.206633780954,500,-342.510542718419,9977,-5.13810253143311
227,-471.426062191965,500,-357.349076216893,10477,-5.57555818557739
228,-507.651707940791,500,-375.424051514274,10977,-4.54921293258667
229,-441.024037187046,500,-389.448199653477,11477,-5.43498229980469
230,-514.388048355227,500,-404.364499925872,11977,-5.45539474487305
231,-512.294507926234,500,-423.013562847253,12477,-5.16717910766602
232,-500.717852958571,500,-436.37199944628,12977,-5.71294736862183
233,-475.044789750899,500,-449.019304083028,13477,-4.82718896865845
234,-502.337092046093,500,-450.79359074451,13977,-4.93136835098267
235,-498.783527253942,500,-466.320326666898,14477,-5.82652521133423
236,-502.76974950161,500,-474.09966818015,14977,-5.22058248519897
237,-490.733068363327,500,-487.326196534347,15477,-5.49222993850708
238,-517.615822127613,500,-488.621045965976,15977,-5.33702182769775
239,-487.707600199517,500,-490.255203384459,16477,-5.4588508605957
240,-486.866192572119,500,-496.41425607416,16977,-5.5953893661499
241,-477.305660437706,500,-494.756172890686,17477,-5.58593654632568
242,-497.567471460095,500,-494.224751052927,17977,-5.95942211151123
243,-486.469706657519,500,-492.659736690404,18477,-6.27239322662354
244,-449.574242478163,500,-491.013678998297,18977,-6.67637395858765
245,-505.486924162973,500,-491.448534867618,19477,-5.85139751434326
246,-471.010389163088,500,-489.838722636725,19977,-6.36005353927612
247,-452.336956340728,500,-488.884267344163,20477,-6.38692426681519
248,-462.24110790988,500,-486.613737342618,20977,-6.75894689559937
249,-469.728120575174,500,-488.048941512024,21477,-6.9724497795105
250,-413.910116464249,500,-483.025044917475,21977,-5.9867730140686
251,-507.228453597996,500,-482.771742201063,22477,-6.37717485427856
252,-503.135987933617,500,-482.892648949815,22977,-5.9293098449707
253,-467.544105838388,500,-482.51761475419,23477,-6.85617780685425
254,-473.261754388185,500,-481.063847871294,23977,-7.20523881912231
255,-470.176345957695,500,-479.633488806482,24477,-6.98550128936768
256,-471.584482872133,500,-478.074225475008,24977,-7.15444612503052
257,-471.273482739945,500,-477.101246193839,25477,-6.48174285888672
258,-456.433227074373,500,-474.042116441177,25977,-6.79827451705933
259,-463.686395947521,462,-472.841056228577,26439,-7.07498455047607
260,-510.003647425341,500,-473.997928971238,26939,-6.61541175842285
261,-467.407489440401,500,-473.503020421373,27439,-7.07993841171265
262,-429.413518572652,500,-470.095322777001,27939,-7.56323146820068
263,-497.91565250738,500,-470.667620069494,28439,-7.195960521698
264,-488.581124866048,500,-472.617964188888,28939,-7.97320032119751
265,-483.506922543364,500,-471.518964107908,29439,-8.19562149047852
266,-500.93866643438,500,-473.015377971473,29939,-7.31391859054565
267,-451.204552829252,500,-472.958757795899,30439,-6.88371706008911
268,-453.618014403205,500,-472.527603120565,30939,-8.05485916137695
269,-439.976922364979,500,-471.040043210055,31439,-7.9760479927063
270,-476.657313622187,500,-474.177403067952,31939,-8.31133460998535
271,-395.108639210887,500,-468.571412348597,32439,-8.16445159912109
272,-450.330819583555,500,-465.931153931094,32939,-8.12109565734863
273,-495.862160644458,500,-467.347056671397,33439,-7.72579097747803
274,-452.40953271531,500,-466.304445587753,33939,-7.78068923950195
275,-433.454548782868,500,-464.468355729012,34439,-8.01507759094238
276,-499.102109139254,500,-465.844237042368,34939,-7.89414262771606
277,-438.240540156358,500,-464.192589913189,35439,-7.86934518814087
278,-407.111004400696,500,-461.726478779505,35939,-8.1480073928833
279,-451.420170658189,500,-461.113167515038,36439,-8.20731925964355
280,-484.758130682382,500,-459.85089167789,36939,-8.30897331237793
281,-432.069569025344,500,-458.083995657137,37439,-8.15480041503906
282,-431.637030959493,500,-458.195171276479,37939,-8.66941833496094
283,-387.281723740181,500,-452.663474838119,38439,-8.89611625671387
284,-475.992861509915,500,-452.034061670313,38939,-8.88153839111328
285,-495.365493682846,500,-452.626990227287,39439,-8.79129695892334
286,-450.115878188385,500,-450.085850814987,39939,-8.54202175140381
287,-377.961250147555,500,-446.423685680902,40439,-8.46930408477783
288,-489.760729487697,500,-448.230821435127,40939,-8.81800174713135
289,-450.295366543294,500,-448.746743644043,41439,-8.47828483581543
290,-381.033730807522,500,-443.965564503309,41939,-8.81543350219727
291,-468.986681158137,500,-447.659466600672,42439,-8.95132255554199
292,-460.420693707372,500,-448.163960306863,42939,-8.77817630767822
293,-428.58160099989,500,-444.799932324634,43439,-8.23180294036865
294,-454.528634650327,500,-444.905887421385,43939,-8.57268714904785
295,-442.788628084479,500,-445.372591386466,44439,-8.92281532287598
296,-506.044162354246,500,-445.719694047215,44939,-8.77787017822266
297,-494.065542355884,500,-448.510944157192,45439,-8.9853515625
298,-491.084995010945,500,-452.709643687704,45939,-9.34281826019287
299,-391.80290084735,386,-449.728780197162,46325,-8.61259841918945
300,-448.124517649588,500,-447.897099545522,46825,-9.45576095581055
301,-351.800224456651,500,-443.883632317088,47325,-9.38020133972168
302,-416.885805641933,500,-443.14607105121,47825,-9.64123725891113
303,-388.309289504929,500,-443.197449339447,48325,-9.47650623321533
304,-513.780130974324,500,-445.086812812668,48825,-9.65517997741699
305,-445.060721215753,500,-442.571574189313,49325,-9.78709125518799
306,-384.180914954642,500,-439.274826027626,49825,-9.4984245300293
307,-390.266438017969,500,-439.890085421147,50325,-9.70294570922852
308,-363.256177434885,500,-433.564857818506,50825,-9.88797378540039
309,-361.561895703203,500,-429.128184276501,51325,-9.74549293518066
310,-358.013763456434,500,-427.977185908947,51825,-9.41271495819092
311,-370.65734745244,500,-423.060719223662,52325,-9.57199287414551
312,-300.88133316981,500,-415.083751196784,52825,-10.1727848052979
313,-325.75209459476,500,-409.942275876528,53325,-10.080659866333
314,-383.292932098011,473,-406.380490748912,53798,-10.4357233047485
315,-398.558112311354,500,-404.168964960256,54298,-9.67816734313965
316,-417.068591137977,500,-399.720186399442,54798,-10.1057262420654
317,-335.8416655788,500,-391.808992560588,55298,-10.4394311904907
318,-382.905842077892,500,-386.400034913935,55798,-10.3373603820801
319,-370.016514584921,500,-385.310715600814,56298,-10.3284778594971
320,-350.067876663753,500,-380.407883551522,56798,-10.300124168396
321,-358.311321831372,500,-380.733438420258,57298,-10.4972066879272
322,-348.819959478516,500,-377.330146112087,57798,-10.5944385528564
323,-402.526520598464,500,-378.041007666764,58298,-11.141227722168
324,-323.506778628446,500,-368.52734004947,58798,-10.4732818603516
325,-341.995656949879,500,-363.374086836176,59298,-10.9008483886719
326,-344.76812942848,500,-361.403447559868,59798,-10.4521675109863
327,-354.296972781183,500,-359.604974298029,60298,-10.9031314849854
328,-356.409227680047,500,-359.262626810287,60798,-11.03000831604
329,-300.542673030798,500,-356.211665676667,61298,-10.9698886871338
330,-388.862048547964,500,-357.754079931243,61798,-10.7525539398193
331,-328.998641248709,500,-355.671144621057,62298,-11.326699256897
332,-375.739501537415,500,-359.414053039437,62798,-10.7669458389282
333,-354.133123101502,500,-360.833104464774,63298,-11.2960414886475
334,-417.639969219679,500,-362.550456320858,63798,-11.2855749130249
335,-374.901560617839,500,-361.367628736182,64298,-11.5648431777954
336,-260.620149117724,500,-353.545206635169,64798,-11.1195125579834
337,-351.44382560955,500,-354.325314636707,65298,-11.8795833587646
338,-317.580213818168,500,-351.059033223721,65798,-11.3430128097534
339,-356.006567891202,500,-350.358535889035,66298,-11.388708114624
340,-340.015960381962,500,-349.855940074945,66798,-11.735050201416
341,-322.951303380135,500,-348.087939152383,67298,-11.8819007873535
342,-398.274644554076,500,-350.560673406161,67798,-12.1104593276978
343,-361.065907084281,500,-348.487642730452,68298,-12.2945327758789
344,-410.307193550099,500,-352.827663476535,68798,-12.3049335479736
345,-276.50416780414,500,-349.553089019248,69298,-11.7813558578491
346,-332.102253184782,500,-348.919795207063,69798,-11.9196395874023
347,-307.890853458489,292,-346.599489240928,70090,-11.9273948669434
348,-333.485353099826,500,-345.453295511917,70590,-11.6885166168213
349,-342.137360354636,500,-347.533029878109,71090,-12.0103816986084
350,-337.78570102654,500,-344.979212502038,71590,-11.983434677124
351,-334.712386250474,500,-345.264899752126,72090,-12.1949520111084
352,-246.367843636016,500,-338.796316857056,72590,-12.5497274398804
353,-227.625455264633,500,-332.470933465213,73090,-12.2492828369141
354,-345.493953967407,500,-328.863632702599,73590,-12.3144454956055
355,-340.464381413621,500,-327.141773742388,74090,-12.4976472854614
356,-327.813959849956,469,-330.501464279,74559,-13.0081958770752
357,-337.88365982768,486,-329.823455989906,75045,-12.5529155731201
358,-362.054296593363,500,-332.047160128666,75545,-12.3788108825684
359,-288.782092804326,500,-328.685936374322,76045,-12.7213315963745
360,-343.334348440449,360,-328.851855777246,76405,-12.4796161651611
361,-340.825907878045,500,-329.745586002142,76905,-11.9949169158936
362,-405.840309563499,500,-330.123869252613,77405,-13.117208480835
363,-368.493106791538,500,-330.495229237976,77905,-12.7276201248169
364,-267.675821334354,500,-323.363660627189,78405,-12.8791732788086
365,-121.667186135594,497,-315.621811543761,78902,-13.0174579620361
366,-331.688234524641,500,-315.601110610754,79402,-13.2690334320068
367,-291.133377889597,500,-314.76323683231,79902,-13.4077091217041
368,-355.500562801766,500,-315.863997317407,80402,-13.0807590484619
369,-97.6741333279112,470,-303.64083596607,80872,-12.7526721954346
370,-392.527364618902,430,-306.377919145689,81302,-13.49534034729
371,-252.858136267694,500,-302.28520664655,81802,-13.5944671630859
372,-272.301326516313,410,-303.581880790564,82212,-13.4672451019287
373,-323.841378475337,500,-308.3926769511,82712,-13.0440845489502
374,-339.307977448071,500,-308.083378125133,83212,-13.1065540313721
375,-306.471009713686,471,-306.383709540136,83683,-13.1504011154175
376,-242.753069887207,299,-302.130665041999,83982,-13.7274913787842
377,-245.526313558778,229,-297.512797728554,84211,-13.7662887573242
378,-236.719698088426,265,-291.246067803307,84476,-13.4929008483887
379,-332.016981416525,301,-293.407812233917,84777,-13.7198762893677
380,-258.191364270361,292,-289.150663025412,85069,-13.0585918426514
381,-302.072755698021,500,-287.213005416411,85569,-14.0827884674072
382,-131.667499167223,457,-273.504364896597,86026,-14.0060272216797
383,-270.403855005917,208,-268.599902307316,86234,-14.1506671905518
384,-245.039645621591,500,-267.468093521678,86734,-14.1330795288086
385,-337.761131805872,500,-278.272790805192,87234,-14.1995677947998
386,-222.438334721188,222,-272.810295815019,87456,-13.8823003768921
387,-225.263707288488,268,-269.516812284964,87724,-13.996374130249
388,-124.102416886627,354,-257.946904989207,88078,-13.7987194061279
389,-272.382414438463,289,-266.682319044734,88367,-13.9541130065918
390,-285.594070970748,497,-261.335654362327,88864,-13.9176044464111
391,-350.594832736141,500,-266.222489185749,89364,-14.461633682251
392,-297.912327564733,500,-267.50303923817,89864,-14.7972898483276
393,-235.382175378112,500,-263.080079083309,90364,-14.2844715118408
394,-295.042823787774,287,-260.866821400294,90651,-13.9729852676392
395,-278.578416413077,500,-259.472191735264,91151,-14.6819610595703
396,-308.28717431629,280,-262.748896956718,91431,-14.4091892242432
397,-224.097534772109,334,-261.677458017384,91765,-14.7588996887207
398,-299.568661540761,383,-264.819906190001,92148,-15.0330276489258
399,-242.282904303383,300,-260.333202334344,92448,-14.0430088043213
400,-360.277417311253,459,-265.437504986389,92907,-15.4925556182861
401,-285.782440259977,283,-264.622989214486,93190,-15.227237701416
402,-260.764824251431,313,-271.077855468697,93503,-15.3585567474365
403,-273.136744891062,284,-271.214499962954,93787,-15.3651371002197
404,-220.307817217149,205,-269.977908542732,93992,-14.894021987915
405,-386.391971094149,386,-272.409450507146,94378,-15.3016424179077
406,-378.56408074975,487,-280.215737808574,94865,-15.6684885025024
407,-42.038601559906,297,-271.054482522145,95162,-15.3711433410645
408,-57.7416345586645,278,-267.736443405747,95440,-15.0968685150146
409,-287.81013968268,378,-268.507829667957,95818,-15.1333084106445
410,-200.703835818405,248,-264.26331791034,96066,-15.4574546813965
411,-194.077159293788,230,-256.437434238223,96296,-15.5547313690186
412,-245.653263833064,209,-253.824481051639,96505,-15.4174814224243
413,-217.862847100361,208,-252.948514637752,96713,-14.9786081314087
414,-277.612539588087,372,-252.077000427767,97085,-16.6030540466309
415,-24.6661871045242,191,-239.38138896234,97276,-15.7052440643311
416,-50.0247057048699,279,-226.468265531769,97555,-16.2610988616943
417,-302.337248549839,500,-230.380251220655,98055,-15.9112977981567
418,-220.852770143188,307,-226.444456650777,98362,-15.3990840911865
419,-304.889766159332,373,-229.574799743574,98735,-15.7002906799316
420,-211.27467690551,228,-222.124662723287,98963,-15.5730333328247
421,-225.893336932327,230,-219.130207556904,99193,-15.9573173522949
422,-256.896504691208,290,-218.936791578893,99483,-16.0064830780029
423,-292.821223204861,287,-219.921015494583,99770,-15.8192005157471
424,-176.57081748082,300,-217.734165507767,100070,-16.1668472290039
425,-175.344072544292,143,-207.181770580274,100213,-15.9754810333252
426,-177.12438911519,191,-197.109785998546,100404,-16.4817314147949
427,-213.438603990752,225,-205.679786120088,100629,-16.1382255554199
428,-212.539295082159,209,-213.419669146263,100838,-17.3017406463623
429,-25.0075411093431,204,-200.279539217596,101042,-17.051383972168
430,-214.578350989673,200,-200.973264976159,101242,-16.8456382751465
431,-108.423549367343,349,-196.690584479837,101591,-16.104154586792
432,-205.221307181874,309,-194.668986647278,101900,-16.1232395172119
433,-225.751759701402,216,-195.06343227733,102116,-16.5848751068115
434,-2.99478282240547,206,-181.332544439046,102322,-16.5097141265869
435,7.23842933233894,162,-179.737313617203,102484,-16.7333393096924
436,-175.220324288826,205,-185.9970945464,102689,-16.7188930511475
437,-220.078126749216,207,-181.884138456369,102896,-16.8418159484863
438,-206.049436839813,212,-181.1439717912,103108,-17.1898612976074
439,-197.446579781615,173,-175.771812472315,103281,-16.1729850769043
440,-218.403164675225,202,-176.1282368608,103483,-17.3733787536621
441,-222.232698597863,186,-175.945204944077,103669,-16.8330497741699
442,-207.430875184551,204,-173.471923468744,103873,-17.1482429504395
443,-171.656700339271,150,-167.413697325465,104023,-17.0635089874268
444,-187.226463677071,149,-167.946479635277,104172,-17.205135345459
445,-214.389045124804,203,-169.898728264303,104375,-17.1830520629883
446,-225.109171371109,180,-172.297967377099,104555,-17.1869621276855
447,-209.441431016102,172,-172.098108728366,104727,-17.9649467468262
448,-208.502320221965,202,-171.896259985357,104929,-17.1060066223145
449,24.9281959021011,121,-169.399473134784,105050,-16.7870330810547
450,-174.905756788466,139,-167.415843424724,105189,-17.5691928863525
451,-184.117058450263,216,-171.20051887887,105405,-17.9757804870605
452,-169.735684933245,150,-169.426237766439,105555,-17.2595958709717
453,-175.159788268522,145,-166.896639194795,105700,-17.3265113830566
454,-222.44105528073,216,-177.868952817711,105916,-17.7314796447754
455,-173.044156273724,187,-186.883082098014,106103,-16.914493560791
456,-197.356577593975,182,-187.989894763272,106285,-18.0358219146729
457,33.5996826030915,120,-175.306004295656,106405,-18.0710964202881
458,-213.894602399707,174,-175.698262573651,106579,-18.4660797119141
459,-178.361205190924,180,-174.743993844116,106759,-17.920783996582
460,-196.222295562677,182,-173.634950388489,106941,-17.9382572174072
461,-189.529062100464,178,-171.999768563619,107119,-18.4405708312988
462,-210.302897413125,206,-172.143369675048,107325,-18.1155700683594
463,-193.227767610817,214,-173.221923038625,107539,-17.6567325592041
464,-173.615417636388,181,-172.541370736591,107720,-18.4267349243164
465,-192.441957404265,188,-171.444016350564,107908,-18.4211368560791
466,-182.156707731103,159,-169.296393168564,108067,-17.1991500854492
467,-174.234596323509,140,-167.536051433934,108207,-17.9227657318115
468,-177.523159657432,134,-165.987093405707,108341,-18.131233215332
469,-214.950571174691,168,-177.981031759547,108509,-18.2498970031738
470,-196.111641861877,202,-179.041326013217,108711,-18.4560928344727
471,-212.989229681445,195,-180.484934574777,108906,-18.5184898376465
472,-196.649090152213,164,-181.830604835725,109070,-18.0552845001221
473,-213.626756534166,178,-183.753953249007,109248,-18.3500957489014
474,-201.039331107373,121,-182.683867040339,109369,-19.0665454864502
475,-198.049696057808,181,-183.934144029544,109550,-19.2120780944824
476,-237.692115953259,238,-185.950920947508,109788,-19.5332050323486
477,-244.324845995617,258,-199.847147377443,110046,-18.350025177002
478,-266.331622915606,266,-202.468998403238,110312,-19.7139511108398
479,-277.753780907534,269,-207.438627189069,110581,-18.1505546569824
480,-274.176557029384,309,-211.336340262404,110890,-19.5221290588379
481,-195.124054807178,178,-211.61608989774,111068,-19.2443294525146
482,-270.578772319114,298,-214.629883643039,111366,-18.8310127258301
483,-209.043910773858,202,-215.420690801191,111568,-19.0192375183105
484,-277.08839406265,309,-220.594339622504,111877,-19.6196479797363
485,-270.220356961398,232,-224.483259600361,112109,-19.4759654998779
486,-305.979420652232,332,-230.674395246417,112441,-18.9074268341064
487,-230.424307096417,237,-233.483880785063,112678,-18.0023975372314
488,-284.721178815338,276,-238.843781742958,112954,-18.5788307189941
489,-239.750493965855,237,-240.083777882516,113191,-18.2557220458984
490,-408.941866260902,421,-250.725289102467,113612,-19.591381072998
491,-331.374109121962,341,-256.644533074493,113953,-20.4017028808594
492,-263.423856295822,307,-259.983271381674,114260,-19.5634765625
493,-262.908487978234,311,-262.447357953877,114571,-19.2495937347412
494,-344.262489992755,384,-269.608515898146,114955,-20.5907955169678
495,-202.94775329187,262,-269.853418759849,115217,-19.6509857177734
496,-309.915643290654,371,-273.464595126719,115588,-20.423376083374
497,-385.02302867627,500,-280.499504260752,116088,-19.6893997192383
498,-433.893842708992,464,-288.877615250421,116552,-21.8116054534912
499,-328.48257302476,353,-291.414054856282,116905,-20.3638134002686
500,-371.958128236462,391,-296.303133416636,117296,-20.6082038879395
501,-303.342205978901,380,-301.714040975222,117676,-20.6056785583496
502,-260.175367071947,350,-301.193870712864,118026,-19.6162929534912
503,-511.680225456451,455,-316.325686446994,118481,-20.7682476043701
504,-137.649208572521,351,-309.353727172487,118832,-20.3077754974365
505,-24.6426149370526,181,-297.07484007127,119013,-19.9229755401611
506,-270.123636978005,263,-295.282050887559,119276,-19.1661567687988
507,-210.807063371161,451,-294.301188701296,119727,-21.213306427002
508,-47.2221250475858,212,-282.426236012908,119939,-20.7405776977539
509,-396.034258059226,469,-290.240424217577,120408,-19.361515045166
510,-262.838930832703,361,-282.935277446167,120769,-19.7849960327148
511,-237.10071672716,291,-278.221607826427,121060,-20.3193187713623
512,-288.840924563198,467,-279.492461239795,121527,-20.238452911377
513,-387.288999914198,403,-285.711486836594,121930,-21.375358581543
514,-346.060366964667,500,-285.801380685189,122430,-21.312349319458
515,-369.912117251542,410,-294.149598883173,122840,-20.5027351379395
516,-316.701295780289,500,-294.488881507655,123340,-20.5979061126709
517,-394.950686625644,500,-294.985264405123,123840,-21.8144931793213
518,-319.666818867776,294,-289.273913213063,124134,-20.3841514587402
519,-285.072775382966,342,-287.103423330973,124476,-21.3017139434814
520,-103.39850184419,380,-273.675442011359,124856,-20.8007030487061
521,-333.096653504909,329,-275.16316438766,125185,-19.7633209228516
522,-405.147843543894,439,-282.411788211257,125624,-21.7643661499023
523,-352.487960853656,500,-274.452174981117,126124,-20.4902763366699
524,-357.451259548967,500,-285.44227752994,126624,-19.1118144989014
525,-198.734478016242,458,-294.146870683899,127082,-20.6456890106201
526,-307.781983304629,500,-296.02978800023,127582,-20.4813556671143
527,-467.886582735509,499,-308.883763968448,128081,-19.9384117126465
528,-507.232441257094,500,-331.884279778923,128581,-21.5278224945068
529,-411.70449011453,500,-332.667791381688,129081,-20.8332252502441
530,-472.561470634271,500,-343.153918371767,129581,-21.2239952087402
531,-360.557565026638,500,-349.32676078674,130081,-21.0068702697754
532,-439.520776799666,500,-356.860753398564,130581,-21.7416648864746
533,-450.413937109785,419,-360.017000258343,131000,-21.2772235870361
534,-484.762403872681,500,-366.952102103744,131500,-22.2902450561523
535,-406.828568697704,500,-368.797924676052,132000,-20.8032608032227
536,-417.599097892663,500,-373.842814781671,132500,-21.7380714416504
537,-415.220560650554,500,-374.856308482916,133000,-21.1378631591797
538,-366.000221136401,500,-377.172978596347,133500,-21.2910900115967
539,-464.141580812787,500,-386.126418867838,134000,-21.6944580078125
540,-438.432092918837,500,-402.878098421571,134500,-22.3625411987305
541,-328.451600603496,500,-402.6458457765,135000,-20.9074516296387
542,-506.739441035978,500,-407.725425651104,135500,-22.8448581695557
543,-391.470320753822,449,-409.674543646113,135949,-22.2586364746094
544,-459.136516120388,500,-414.758806474684,136449,-21.3054733276367
545,-353.411004067657,500,-422.492632777254,136949,-22.2939949035645
546,-359.443678429914,500,-425.075717533519,137449,-21.5646839141846
547,-494.95858069735,500,-426.429317431611,137949,-22.0507850646973
548,-477.023559129317,500,-424.918873325222,138449,-22.7058639526367
549,-376.453235206467,500,-423.156310579819,138949,-21.9873428344727
550,-457.033129385241,500,-422.379893517367,139449,-21.4848384857178
551,-479.820596283765,500,-428.343045080224,139949,-21.9540023803711
552,-510.478697092648,500,-431.890941094873,140449,-22.7693367004395
553,-504.003824805366,500,-434.570435479652,140949,-22.9585952758789
554,-479.982691926654,500,-434.33144988235,141449,-21.8824806213379
555,-474.845273189392,500,-437.732285106935,141949,-22.6033687591553
556,-466.405837837076,500,-440.172622104155,142449,-21.6826610565186
557,-485.286612642298,500,-443.675924703743,142949,-22.6527404785156
558,-504.640401191818,500,-450.607933706514,143449,-23.5934410095215
559,-504.837727153025,500,-452.642741023525,143949,-21.8906440734863
560,-442.373254400027,500,-452.839799097585,144449,-22.2813873291016
561,-517.221220738839,500,-462.278280104352,144949,-24.2930660247803
562,-516.716232962513,500,-462.777119700679,145449,-21.5918273925781
563,-491.071418049139,500,-467.757174565445,145949,-23.8513488769531
564,-508.389231196951,500,-470.219810319273,146449,-22.1733570098877
565,-509.647573487869,500,-478.031638790283,146949,-22.2204627990723
566,-512.888668573917,500,-485.703888297484,147449,-23.1957397460938
567,-510.179003419451,500,-486.464909433589,147949,-23.5019798278809
568,-489.575844680946,500,-487.09252371117,148449,-22.1031932830811
569,-490.294311248845,500,-492.784577513289,148949,-23.7320995330811
570,-515.350962182134,500,-495.700469153134,149449,-23.9790782928467
571,-498.893438083136,500,-496.654111243102,149949,-23.6475677490234
572,-482.961363105291,500,-495.278244543734,150449,-24.0909767150879
573,-510.187342604585,500,-495.587420433695,150949,-22.5025367736816
574,-519.336774857027,500,-497.555124580214,151449,-22.819055557251
575,-513.150922277143,500,-499.470407034602,151949,-23.2505798339844
576,-507.366991627327,500,-501.518464724114,152449,-23.2616157531738
577,-497.402982804811,500,-502.12428323224,152949,-23.9673652648926
578,-503.486459891894,500,-502.066586167243,153449,-22.451753616333
579,-512.187548011542,500,-502.434077210169,153949,-23.9701671600342
580,-488.327125210208,500,-504.731770750678,154449,-22.7151889801025
581,-508.842379104143,480,-504.312828668944,154929,-22.6848583221436
582,-498.67680870347,500,-503.410857455991,155429,-21.822208404541
583,-471.316200455635,500,-502.423096576316,155929,-22.0829372406006
584,-480.175584030543,500,-501.012414217996,156429,-22.8844718933105
585,-496.843961144469,500,-500.372233600826,156929,-23.605541229248
586,-506.125391429691,500,-500.034069743614,157429,-23.8438243865967
587,-449.628706538192,500,-497.006554899552,157929,-22.7953605651855
588,-474.702200113058,500,-496.262872671157,158429,-25.3918933868408
589,-514.724329561622,500,-497.484373586796,158929,-23.0659770965576
590,-501.181988462069,500,-496.775924900793,159429,-23.5320320129395
591,-492.360922316598,500,-496.449299112466,159929,-23.5872802734375
592,-514.936244282423,500,-498.048043171322,160429,-24.2777481079102
593,-511.684735170996,500,-498.122912799643,160929,-25.2292175292969
594,-511.35659199664,500,-497.723903656624,161429,-24.7328968048096
595,-482.942942857509,500,-496.213504685642,161929,-25.02880859375
596,-503.136785901617,500,-496.001994399356,162429,-26.0138854980469
597,-389.28396196139,500,-490.596043357185,162929,-24.3058433532715
598,-469.592190909208,500,-488.901329908051,163429,-25.5859966278076
599,-369.261604007571,421,-481.755032707852,163850,-25.1714992523193
600,-435.939754850768,380,-479.13566418988,164230,-24.494068145752
601,-393.250947422407,458,-473.356092605794,164688,-24.2671775817871
602,-483.887818685336,500,-472.616643104887,165188,-23.7590599060059
603,-501.851570481618,500,-474.143411606186,165688,-23.2275123596191
604,-486.68818214317,457,-474.469041511818,166145,-23.851469039917
605,-497.457761269217,500,-474.499731518055,166645,-24.8304023742676
606,-287.761245123906,494,-463.581524202766,167139,-25.5394554138184
607,-350.101870114502,500,-458.605182381581,167639,-24.5091590881348
608,-483.519624906909,500,-459.046053621274,168139,-25.2602272033691
609,-509.590957855434,450,-458.789385035964,168589,-24.8748016357422
610,-234.981898748766,237,-445.479380550299,168826,-24.9156589508057
611,-235.473930874781,297,-432.635030978208,169123,-23.7702503204346
612,-332.839307193728,370,-423.530184123774,169493,-23.5539360046387
613,-492.904632307813,500,-422.591178980614,169993,-23.8883991241455
614,-501.729471697665,500,-422.109822965666,170493,-23.832706451416
615,-512.61486060639,500,-423.59341885311,170993,-24.8394241333008
616,-522.933341749511,499,-424.583246645505,171492,-24.8551940917969
617,-517.585446265823,500,-430.998320860726,171992,-25.3327980041504
618,-485.661982667813,500,-431.801810448657,172492,-24.6281127929688
619,-493.28876490862,484,-438.003168493709,172976,-25.3915157318115
620,-273.040185499495,334,-429.858190026145,173310,-25.9557609558105
621,-495.590831414088,500,-434.975184225729,173810,-26.1665668487549
622,-509.55713684396,500,-436.258650133661,174310,-25.0246124267578
623,-324.899418361844,500,-427.411042527672,174810,-25.3365383148193
624,-239.972180213959,289,-415.075242431211,175099,-26.1943683624268
625,-441.732116799339,472,-412.288960207717,175571,-26.6213932037354
626,-218.744951952756,322,-408.83814554916,175893,-24.7826156616211
627,-508.523475597328,454,-416.759225823301,176347,-25.5781269073486
628,-311.600453854253,333,-408.163267270668,176680,-24.5936107635498
629,-163.033151316311,150,-390.835376943712,176830,-26.0084419250488
630,-162.921329471307,95,-387.232348479839,176925,-26.1553821563721
631,-152.595069261119,205,-383.088405399156,177130,-24.2760639190674
632,-155.31406082198,127,-374.212143080569,177257,-25.0977687835693
633,-254.990444092057,233,-362.316433669781,177490,-24.5650405883789
634,-144.350265357905,243,-344.447473352793,177733,-24.8863296508789
635,-295.028711369791,287,-333.568165890963,178020,-24.0354499816895
636,-29.7401964175035,178,-308.908508624363,178198,-25.8393497467041
637,-505.255194149416,500,-308.291996018542,178698,-26.9019241333008
638,-211.053830722402,206,-294.561588421272,178904,-26.6293258666992
639,-204.514040356062,270,-280.122852193644,179174,-25.9782810211182
640,-297.601473230694,294,-281.350916580204,179468,-26.7540588378906
641,-188.535728588898,173,-265.998161438944,179641,-25.8342514038086
642,-178.857107229055,226,-249.463159958199,179867,-26.3514595031738
643,-168.887153485762,195,-241.662546714395,180062,-24.911190032959
644,-188.059710147729,131,-239.066923211083,180193,-25.8937301635742
645,-234.308780635427,354,-228.695756402888,180547,-25.9472484588623
646,-204.542378140418,175,-227.985627712271,180722,-26.0749568939209
647,4.81776990105125,146,-202.318565437352,180868,-27.0959377288818
648,-164.188136313381,99,-194.947949560308,180967,-24.5803318023682
649,-183.07200214804,177,-195.949892101895,181144,-25.4906463623047
650,-223.153395221929,257,-198.961495389426,181401,-25.6686248779297
651,-154.361590819911,160,-199.049821467365,181561,-25.9741554260254
652,-200.422140794382,208,-201.305225465986,181769,-24.6161155700684
653,-194.163953875007,172,-198.263900955133,181941,-26.7062110900879
654,-154.477091752896,146,-198.770242274883,182087,-25.7096366882324
655,-180.315380566434,181,-193.034575734715,182268,-25.6328392028809
656,-149.333528305403,106,-199.01424232911,182374,-25.941780090332
657,-190.740559134534,175,-183.288510578365,182549,-26.6999282836914
658,-162.179554019924,128,-180.844796743242,182677,-26.5793437957764
659,-163.863627615823,136,-178.81227610623,182813,-26.9674377441406
660,-154.294243543128,99,-171.646914621851,182912,-26.6114063262939
661,-166.941311076329,140,-170.567193746223,183052,-26.3845252990723
662,-150.693604957484,73,-169.159018632644,183125,-25.6215019226074
663,-178.031376859285,216,-169.616229801321,183341,-26.5754585266113
664,-153.118430165321,96,-167.8691658022,183437,-26.5540065765381
665,-173.326742157162,134,-164.820063878287,183571,-27.6760673522949
666,-167.869426822024,134,-162.986416312367,183705,-27.7720260620117
667,-164.682165929963,135,-171.461413103918,183840,-26.7042140960693
668,-161.71474624042,101,-171.33774360027,183941,-27.0349941253662
669,-151.150222854993,105,-169.741654635618,184046,-28.6132049560547
670,-161.966520652947,112,-166.682310907168,184158,-26.0901756286621
671,49.6124941765452,76,-156.483606657346,184234,-26.6627292633057
672,56.2390810612109,81,-143.650545564566,184315,-27.5954246520996
673,-166.084091862227,101,-142.246552463927,184416,-27.4841537475586
674,-166.438474737348,148,-142.84462161315,184564,-26.1141204833984
675,-153.757328199344,98,-141.516718994795,184662,-27.209135055542
676,45.4015690020427,78,-131.779964129423,184740,-27.6235961914062
677,-149.026426141833,154,-129.694257479788,184894,-25.7544536590576
678,-153.442529697278,105,-129.257406263655,184999,-26.9601306915283
679,-138.264152653511,122,-127.97743251554,185121,-28.2266063690186
680,43.1373772796601,83,-118.1058514744,185204,-28.7991676330566
681,-185.884658504921,191,-119.05301884583,185395,-28.7164325714111
682,-162.600681388569,173,-119.648372667384,185568,-28.1743583679199
683,-146.678035836306,119,-118.080705616235,185687,-28.08473777771
684,-134.867812160607,127,-117.168174716,185814,-26.7578773498535
685,-140.956868429169,129,-115.5496810296,185943,-29.1502552032471
686,-145.055997041225,166,-114.40900954056,186109,-28.2345008850098
687,-149.046221331155,123,-113.62721231062,186232,-26.4414043426514
688,49.1877401385474,87,-103.082087991671,186319,-26.7997894287109
689,18.7625554121527,333,-94.586449078314,186652,-27.3383274078369
690,-148.200939864309,252,-93.898170038882,186904,-26.1899452209473
691,-135.201141782701,131,-103.138851836844,187035,-28.1034965515137
692,-160.806508184465,194,-113.991131299128,187229,-28.3300361633301
693,-164.845592580557,351,-113.929206335045,187580,-27.573070526123
694,-156.7611847779,120,-113.445341837072,187700,-27.6076583862305
695,-125.372548123736,373,-112.026102833292,188073,-26.5672626495361
696,-157.761072840974,127,-122.184234925443,188200,-27.6513557434082
697,-138.534108064036,134,-121.659619021553,188334,-28.9259948730469
698,-166.654793335721,160,-122.320232203475,188494,-28.6023597717285
699,-171.440171015741,153,-123.979033121586,188647,-27.8293361663818
700,-172.837020403871,159,-134.777753005763,188806,-28.3906555175781
701,48.6380773281036,92,-123.051616214112,188898,-28.1201591491699
702,76.1015458070524,107,-111.116504854331,189005,-27.652214050293
703,-140.640529023239,133,-110.814629513677,189138,-27.8000755310059
704,-150.302760030805,123,-111.586376907187,189261,-27.4657974243164
705,-133.067201674106,143,-111.191893569434,189404,-28.7591552734375
706,57.6308297080162,97,-101.057552231972,189501,-27.1352653503418
707,-156.938462723373,173,-101.452164301583,189674,-27.6300086975098
708,-133.275844050306,199,-110.575343511026,189873,-27.9455413818359
709,-157.034732829354,128,-119.365207923101,190001,-28.5352954864502
710,-148.645952873253,187,-119.387458573548,190188,-28.7515983581543
711,-156.592976514569,121,-120.457050310142,190309,-29.0685882568359
712,115.863394116705,109,-106.623555195083,190418,-28.3782806396484
713,68.2887238451278,54,-94.9668393737989,190472,-30.3425140380859
714,-102.90833229847,107,-92.2741967498274,190579,-28.2558040618896
715,-110.644530731759,97,-91.5377958802285,190676,-28.142822265625
716,-153.961509536932,168,-91.3478177150264,190844,-29.663444519043
717,65.6336926506602,104,-81.1394276792916,190948,-28.5442523956299
718,-118.977510908539,112,-78.7555635579326,191060,-28.2942066192627
719,-143.386235265091,84,-77.3528667704001,191144,-28.5454730987549
720,-124.430065525642,82,-74.9325190264886,191226,-29.619104385376
721,-136.460474898882,128,-84.1874466378379,191354,-28.2475318908691
722,-111.913648467926,95,-93.5882063515868,191449,-30.3095016479492
723,-142.497377770319,167,-93.6810487889408,191616,-28.2266654968262
724,-127.958992294445,90,-92.5638604021228,191706,-29.0195751190186
725,-126.598471426143,85,-92.2404238897247,191791,-28.7133617401123
726,-123.706533747631,132,-101.307292062507,191923,-27.9195289611816
727,66.4040601953167,54,-90.1401659165726,191977,-28.672534942627
728,66.6297493569538,54,-80.1448862462095,192031,-29.1313381195068
729,-133.807749857065,75,-78.9835370975951,192106,-28.593204498291
730,-123.211066804174,83,-77.7117927941412,192189,-28.9274482727051
731,-100.610931298993,105,-74.9126905333624,192294,-28.5232791900635
732,-133.662478516708,112,-87.388984165033,192406,-29.5514125823975
733,-112.812515515037,168,-96.4440461330413,192574,-29.4202079772949
734,-134.813986866271,188,-98.0393288614313,192762,-28.7079524993896
735,-149.268948260573,84,-99.970549737872,192846,-30.8482112884521
736,-153.934473653941,83,-99.9691979437225,192929,-30.5063133239746
737,-134.660902456845,71,-109.983927699098,193000,-30.0545845031738
738,-133.839853932945,183,-110.727044850318,193183,-28.9043502807617
739,-134.530743962925,235,-110.28427028521,193418,-30.1154518127441
740,-121.553784497976,91,-110.140456233826,193509,-31.3486442565918
741,-143.211517795797,91,-110.478008378672,193600,-30.2621250152588
742,-78.1180699801999,136,-108.788229454286,193736,-29.5580444335938
743,-132.852416119621,71,-108.305981371751,193807,-30.9201240539551
744,-147.175998711572,88,-109.266831692607,193895,-30.0607757568359
745,67.665551252332,99,-99.5536305586836,193994,-27.8757400512695
746,-127.911267536091,96,-99.7638672481066,194090,-29.8024787902832
747,-102.625403065109,153,-108.215340411128,194243,-29.395414352417
748,-131.76644580101,67,-118.135150169026,194310,-29.3767547607422
749,-124.629809814251,80,-117.676253166885,194390,-27.3828048706055
750,-130.777039079084,172,-118.054551780631,194562,-27.0911979675293
751,53.9548937011336,143,-110.326260530625,194705,-29.2571792602539
752,-119.435025859913,139,-109.614887897785,194844,-27.4616832733154
753,-124.985541863004,98,-110.223539215183,194942,-31.247350692749
754,-122.560655572263,196,-109.610872650483,195138,-27.6264171600342
755,-116.769490066651,185,-107.985899740787,195323,-28.2323169708252
756,-115.060603651792,188,-106.042206240679,195511,-29.5145492553711
757,-117.46379713632,220,-105.182350974653,195731,-29.8964347839355
758,-141.515749840498,78,-105.566145770031,195809,-31.7998695373535
759,-129.084258547106,74,-105.29382149924,195883,-29.2873878479004
760,84.3852274072189,116,-94.99687090398,195999,-28.8380966186523
761,-169.080211070332,153,-96.2903055677067,196152,-31.5861511230469
762,70.2532290326479,55,-88.8717406170643,196207,-29.0814628601074
763,-126.391231587961,78,-88.5486813904813,196285,-30.1371784210205
764,-97.0378923971152,241,-86.0417760747585,196526,-31.559440612793
765,65.8927338081375,52,-86.1304169469682,196578,-31.7273025512695
766,-101.392239782551,345,-84.8044655592912,196923,-29.5409526824951
767,-131.187865731596,71,-86.2325886926156,196994,-29.8552703857422
768,-117.71998926325,142,-85.5302658657276,197136,-31.0056304931641
769,-130.460572981629,70,-85.8218040240965,197206,-30.2667541503906
770,-122.459551744527,104,-85.4059296573686,197310,-30.3590221405029
771,63.493728738982,55,-84.9289879054762,197365,-30.8054676055908
772,-163.681874748305,160,-87.1413303498958,197525,-31.5675659179688
773,-115.969329417992,149,-86.6905197276452,197674,-30.5781402587891
774,-128.490170904203,90,-86.9869954942422,197764,-31.8295955657959
775,-125.221231434887,76,-87.409582562654,197840,-30.5633354187012
776,64.3017565214156,55,-78.4414645539936,197895,-30.6230373382568
777,-129.785135421011,83,-79.0575314682282,197978,-32.0307121276855
778,105.50612677856,452,-66.7064376372752,198430,-31.4223785400391
779,-148.262460194178,88,-67.6653477196288,198518,-31.5254936218262
780,-130.142473087768,119,-78.3917327443782,198637,-29.9084300994873
781,-115.511512200482,101,-75.7132978008857,198738,-31.4780044555664
782,-121.117587959502,106,-85.2818386504931,198844,-30.6449890136719
783,-154.028931619937,66,-86.6637236520919,198910,-31.5870704650879
784,-132.972407231434,183,-88.4604493938079,199093,-31.0257339477539
785,-98.0225913892928,107,-96.6562156536794,199200,-31.0716648101807
786,-140.929393171853,170,-98.6330733231445,199370,-31.4224395751953
787,-153.874295879167,166,-99.767394830523,199536,-31.4250793457031
788,70.7878869179329,53,-90.3420010214638,199589,-29.778470993042
789,70.7947940177935,60,-80.2792326714927,199649,-30.3670272827148
790,-106.438055304217,187,-79.4781578494772,199836,-32.7878189086914
791,-129.410328991224,82,-89.1233607359875,199918,-30.7367649078369
792,-24.057778249079,500,-82.1421559110262,200418,-32.2093696594238
793,-118.959621864351,83,-82.2916705333442,200501,-31.3003234863281
794,-126.655667598213,76,-82.1999453680447,200577,-30.3130798339844
795,53.9905750028406,322,-73.2393550461583,200899,-32.2227783203125
796,-176.264011636244,153,-85.2676434540412,201052,-32.2701416015625
797,-135.249649954777,174,-85.5408691807295,201226,-31.7341156005859
798,-146.930457734634,71,-98.1626984063892,201297,-32.4015579223633
799,-162.520075630659,162,-98.8755791782133,201459,-32.6945991516113
800,-126.994037339016,264,-98.7181573907757,201723,-30.2739963531494
801,67.1195214163098,280,-89.5866057099361,202003,-30.0470085144043
802,-122.76688071665,116,-89.6690703477935,202119,-32.5932388305664
803,-132.187872989683,184,-88.5770174162808,202303,-31.8649787902832
804,-136.481692842102,119,-88.7524816968142,202422,-32.9356536865234
805,-138.575906421037,155,-90.7801474484014,202577,-31.410758972168
806,-154.270496043288,73,-91.4472025919732,202650,-34.3483581542969
807,53.1565580149447,126,-81.0956598972676,202776,-33.1686172485352
808,-160.34487463751,155,-92.6522979750398,202931,-33.021900177002
809,-127.049898439716,92,-102.544532597915,203023,-31.8274459838867
810,55.4102636598726,65,-94.4521166497107,203088,-33.0179748535156
811,-143.146160791178,69,-95.1389082397084,203157,-32.0481719970703
812,-154.45159862313,361,-101.658599258411,203518,-32.0883140563965
813,-144.993593784737,154,-102.96029785443,203672,-31.8217334747314
814,-149.270295394182,97,-104.091029244229,203769,-33.1517639160156
815,-123.64216944077,132,-112.972666466409,203901,-32.7278251647949
816,-153.186673468994,174,-111.818799558047,204075,-33.4474105834961
817,-170.61306103453,158,-113.586970112034,204233,-32.3216400146484
818,16.3276917038037,267,-105.424062640113,204500,-34.1449966430664
819,-103.921964782769,112,-102.494157097718,204612,-32.5966491699219
820,-119.805394502944,84,-102.134724955914,204696,-31.5006008148193
821,-168.175238394878,386,-113.899462946474,205082,-33.6481323242188
822,-166.498485212147,78,-116.086043171249,205160,-32.73095703125
823,-173.071714522519,134,-118.130235247891,205294,-30.6555690765381
824,-72.2070350882986,500,-114.9165023602,205794,-32.0108833312988
825,36.3329484440213,412,-106.171059616947,206206,-33.975212097168
826,-134.402428459908,119,-105.177656237778,206325,-32.9057464599609
827,-143.13319357844,105,-114.992143817448,206430,-34.9218521118164
828,-64.8822185093406,500,-110.219011011039,206930,-34.7889404296875
829,-144.974697768794,253,-111.115250977493,207183,-33.2290878295898
830,70.9354703862457,445,-110.338990641174,207628,-32.7612800598145
831,-153.551424539601,110,-110.859253828596,207738,-33.9942512512207
832,-146.17616982142,93,-110.44548238851,207831,-34.0447807312012
833,70.0953218303389,52,-99.6910366077563,207883,-35.1598625183105
834,-136.122953934472,79,-99.0336695347708,207962,-32.961742401123
835,-153.854123902008,207,-100.544267257833,208169,-32.8644638061523
836,75.5997820077252,106,-89.1049444839967,208275,-31.3301258087158
837,-169.888965106691,224,-89.0687396876048,208499,-33.5629234313965
838,-146.069902620228,157,-97.1886194038063,208656,-33.9478378295898
839,-136.11059010931,74,-98.7980506701334,208730,-33.7663955688477
840,-122.561853514713,103,-98.9358736207218,208833,-34.3976440429688
841,-134.081117391696,111,-97.2311675705627,208944,-32.4176254272461
842,-148.638508981914,93,-96.3381687590511,209037,-33.5500144958496
843,-153.411459453629,99,-95.3551560056066,209136,-35.6363105773926
844,-122.459473051926,82,-97.867777903788,209218,-33.5010643005371
845,-167.390620647902,114,-108.053956358384,209332,-35.7797393798828
846,-139.692740352103,68,-108.318471952994,209400,-33.9216918945312
847,-124.62404872934,126,-107.393014710539,209526,-33.1468849182129
848,-145.447299734169,95,-111.42126877178,209621,-34.9699058532715
849,-158.190303967187,372,-112.0820490817,209993,-34.524528503418
850,-134.733352091304,164,-122.365490205577,210157,-33.4952163696289
851,-139.299827555526,71,-121.652910356374,210228,-34.694953918457
852,-158.121894432907,110,-122.250196586948,210338,-34.8589782714844
853,-124.502961084482,85,-131.980110732689,210423,-34.5103378295898
854,-147.850496927073,84,-132.566487882319,210507,-36.4510307312012
855,-126.071752170055,91,-131.177369295722,210598,-34.6462821960449
856,-161.42376464575,104,-143.028546628395,210702,-34.6847534179688
857,74.6705807391848,57,-130.800569336101,210759,-32.9587249755859
858,-120.963018546195,79,-129.5452251324,210838,-34.5045394897461
859,-146.761118342051,72,-130.077751544037,210910,-36.5967559814453
860,-156.550351372648,81,-131.777176436934,210991,-36.1554870605469
861,67.0175179300637,55,-121.722244670846,211046,-35.0800323486328
862,-155.041561988961,100,-122.042397321198,211146,-36.3863945007324
863,-132.791873545377,160,-121.011418025785,211306,-33.7555999755859
864,-150.51872022393,75,-122.414380384386,211381,-35.7535057067871
865,-126.705149334483,80,-120.380106818715,211461,-35.7603988647461
866,-135.236958634741,95,-120.157317732847,211556,-35.901798248291
867,-160.110928529438,137,-121.931661722851,211693,-35.8977203369141
868,-122.122538285215,80,-120.765423650404,211773,-35.3933029174805
869,-118.074977605309,91,-118.75965733231,211864,-36.7430458068848
870,-125.207841095272,90,-118.283381782508,211954,-34.1230354309082
871,-151.546963688962,89,-118.89573858918,212043,-36.2312355041504
872,-122.880733700715,74,-117.13368055257,212117,-35.7614669799805
873,-121.224947724768,85,-116.969779884585,212202,-36.1088790893555
874,74.2809118423229,53,-105.863209446115,212255,-36.6084060668945
875,-166.095640198389,189,-107.864403847532,212444,-36.2349090576172
876,-124.208958965527,74,-106.00366356352,212518,-36.501594543457
877,-122.890531710271,87,-115.881719185993,212605,-36.9277458190918
878,-146.35811036392,74,-117.15147377688,212679,-35.8273658752441
879,-141.553737637878,67,-116.891104741671,212746,-35.3891639709473
880,-158.836508382141,102,-117.005412592146,212848,-36.0017280578613
881,-134.049233126209,72,-127.058750144959,212920,-36.5689811706543
882,-118.996170357815,77,-125.256480563402,212997,-36.5029563903809
883,-160.148117935027,111,-126.624292782884,213108,-36.4478302001953
884,-129.931401877596,79,-125.594926865568,213187,-35.5618629455566
885,-164.137988112611,107,-127.466568804474,213294,-37.0699081420898
886,-115.84377900318,89,-126.496909822896,213383,-36.7321319580078
887,-168.640437819173,90,-126.923385287383,213473,-37.0913200378418
888,-116.06793394926,86,-126.620655070585,213559,-35.8176193237305
889,-141.148497120418,69,-127.77433104634,213628,-36.2015151977539
890,-148.429237271779,77,-128.935400855166,213705,-37.0947113037109
891,-103.608190759766,104,-126.538462208706,213809,-34.9119415283203
892,-107.152662279355,106,-125.752058637638,213915,-36.2764015197754
893,-120.848809471336,81,-125.733251724966,213996,-35.555793762207
894,-161.14434452651,142,-137.504514543408,214138,-35.3641624450684
895,-123.983425515682,80,-135.398903809273,214218,-37.2909202575684
896,-137.496563224242,75,-136.063284022208,214293,-36.7564239501953
897,-142.585125385367,72,-137.048013705963,214365,-37.73291015625
898,-156.296340708557,103,-137.544925223195,214468,-36.8752059936523
899,-131.877446240899,73,-137.061110653346,214541,-37.9255027770996
900,-127.375812001937,80,-135.488075834336,214621,-36.5420265197754
901,-120.617802046441,74,-134.816504280347,214695,-35.4468078613281
902,-125.036509649681,68,-135.118521244941,214763,-35.4585037231445
903,-103.578660538782,89,-132.290048375129,214852,-35.3317451477051
904,-140.727390860427,74,-132.82984782427,214926,-37.1612854003906
905,-155.803033637817,104,-132.41310010053,215030,-37.4282341003418
906,-148.666131670069,86,-134.054217733875,215116,-36.5539779663086
907,-111.101820476492,92,-131.177286866741,215208,-36.156810760498
908,-123.043431793199,71,-131.526061758938,215279,-36.9893951416016
909,-104.071322304676,96,-129.672203018151,215375,-36.7056350708008
910,-128.779218209941,72,-128.689702065059,215447,-37.9236907958984
911,-130.427564797115,74,-130.030670766926,215521,-37.0240821838379
912,-131.637001667128,87,-131.254887736315,215608,-36.477352142334
913,-110.966539341548,92,-130.760774229826,215700,-38.3696136474609
914,-118.376591989447,81,-128.622386602972,215781,-38.869010925293
915,-121.73261965804,72,-128.50984631009,215853,-37.0937347412109
916,-139.98552202058,82,-128.634294249907,215935,-36.6295433044434
917,73.3156091848437,51,-117.839257521397,215986,-36.9969024658203
918,-132.468221876235,82,-116.647851579781,216068,-38.5603561401367
919,-131.03827705923,97,-116.605893120697,216165,-37.6954879760742
920,72.4915315301636,48,-106.612525944092,216213,-36.8463745117188
921,69.6870560126836,50,-97.0972830411359,216263,-36.6721115112305
922,-117.249921025759,90,-96.7079536099399,216353,-37.3120422363281
923,-131.280572618502,77,-98.0930492139259,216430,-37.086784362793
924,-130.172215464217,91,-97.5652904441154,216521,-37.2787246704102
925,-116.341015190304,109,-95.5921895217397,216630,-37.3834953308105
926,-127.665703212033,88,-94.5421680988379,216718,-38.2605667114258
927,-141.615710503164,72,-96.0678626001715,216790,-37.8536148071289
928,-110.926814075569,87,-95.46203171429,216877,-37.4523429870605
929,-132.960296212507,79,-96.9064804096816,216956,-36.5488662719727
930,-129.838115541016,80,-96.9594252762353,217036,-36.5039138793945
931,68.2930368543016,53,-87.0233951936645,217089,-36.5080299377441
932,-122.625455808963,83,-86.5728179007562,217172,-38.4093551635742
933,69.6305918155619,54,-77.5429613429007,217226,-35.8987426757812
934,-123.120542844744,76,-77.7801588856655,217302,-37.9324760437012
935,-143.807118685355,76,-78.8838838370312,217378,-38.121208190918
936,-128.23389832553,85,-78.2963026522787,217463,-37.957447052002
937,70.4183462506053,53,-78.4411657989906,217516,-38.769229888916
938,-127.748469366028,78,-78.2051781734803,217594,-36.9280395507812
939,-128.770325501999,76,-78.0917805956188,217670,-36.9049987792969
940,73.1040452676525,54,-78.0611549087443,217724,-35.3984680175781
941,-146.549199476209,76,-88.8729676831889,217800,-37.5880165100098
942,-140.575614059802,74,-90.039252334891,217874,-38.828685760498
943,-116.001870244346,84,-89.2753172161832,217958,-37.2585906982422
944,-136.715970477647,72,-89.6025049668547,218030,-38.6878204345703
945,-146.297561175627,93,-91.1003322661208,218123,-37.5146102905273
946,-140.567375297965,73,-91.7454158704174,218196,-38.9714813232422
947,73.392192328892,58,-80.9950207288146,218254,-36.8497543334961
948,-141.388297437221,76,-82.5180948968972,218330,-37.3531875610352
949,-115.516274063251,87,-81.6458937894344,218417,-36.544189453125
950,69.9810118881119,54,-71.6549374179781,218471,-36.0056686401367
951,-138.466849502058,84,-81.992931735796,218555,-39.7591705322266
952,-141.78268810185,73,-82.9507933504404,218628,-39.1823501586914
953,-129.051755540934,69,-92.8849107182652,218697,-36.4010047912598
954,-132.443674197376,73,-93.3510672858968,218770,-36.1412544250488
955,-127.660044369179,81,-92.543713570088,218851,-37.746452331543
956,-141.423807975121,104,-93.2032090525676,218955,-39.3730735778809
957,-145.63052249968,74,-104.005652490082,219029,-38.0782737731934
958,-147.217043466492,69,-104.979081195105,219098,-37.0490188598633
959,-125.813941630325,81,-104.831262001521,219179,-36.6515731811523
960,-120.847530104188,81,-114.528840770113,219260,-36.3166198730469
961,-144.751664329501,74,-114.438964012778,219334,-39.4492721557617
962,-126.313592213878,77,-113.725862920482,219411,-36.9040832519531
963,-136.606614499538,78,-114.756100133241,219489,-38.7591285705566
964,73.3702956061152,53,-104.251786829053,219542,-34.946460723877
965,-100.930477749967,113,-101.98343265777,219655,-37.6437606811523
966,-165.680027111671,149,-103.239065248456,219804,-38.822624206543
967,-145.488595754622,75,-114.183104652631,219879,-38.6529083251953
968,-137.559823843931,73,-113.991680972967,219952,-36.4107971191406
969,70.1409203550729,54,-104.708821252051,220006,-39.3022727966309
970,-118.582603651042,96,-114.137002029008,220102,-35.1264991760254
971,-133.454167675961,76,-113.886367937703,220178,-39.5907440185547
972,-135.247199820538,75,-113.559593523638,220253,-38.5357437133789
973,-143.604335354437,76,-114.287222514313,220329,-37.4597053527832
974,-116.061072120153,82,-113.468092410452,220411,-38.4966583251953
975,70.1541995468626,54,-103.57738021465,220465,-39.1990852355957
976,76.1339909896838,53,-92.6994902664095,220518,-37.2257270812988
977,-121.370344323939,84,-91.4864813576225,220602,-37.2964744567871
978,-121.03550993694,84,-90.1774046811449,220686,-37.7740707397461
979,-123.071372054479,82,-90.0402762023526,220768,-39.2812004089355
980,72.8551085306673,52,-80.3551442706098,220820,-37.0056343078613
981,-131.395299913054,77,-79.6873260497875,220897,-36.543643951416
982,-111.848265022491,97,-78.9640596902181,220994,-37.9891738891602
983,-99.0178570317953,105,-77.084621816831,221099,-37.4939956665039
984,-135.348204913628,74,-87.5205468428182,221173,-37.4955711364746
985,-151.844682731845,97,-90.0662570919121,221270,-38.8484649658203
986,-139.698330440636,72,-88.7671722583603,221342,-38.6366539001465
987,-125.920647743468,79,-87.7887748578026,221421,-39.2830581665039
988,-131.611616412856,75,-87.4913644862488,221496,-37.1893692016602
989,-143.5301041203,67,-98.1749157100174,221563,-36.7981300354004
990,-133.616928577299,75,-98.9266319563303,221638,-37.0572853088379
991,-136.352895788157,75,-99.0715683619401,221713,-39.2629852294922
992,-119.867730329419,114,-98.3025948873842,221827,-36.5626792907715
993,-137.625952803584,77,-98.0036757598415,221904,-38.1635055541992
994,-111.372462046702,101,-97.7692452561689,222005,-38.3831558227539
995,-135.094809428725,74,-108.031695704948,222079,-39.4321975708008
996,-141.061497537988,72,-118.891470131332,222151,-38.6328239440918
997,-143.319376666144,71,-119.988921748442,222222,-37.5804862976074
998,-110.837842962825,91,-119.479038399736,222313,-38.5687255859375
999,-144.934329624868,79,-120.572186278256,222392,-39.5846290588379
1000,-132.39234706398,79,-130.834559057988,222471,-36.7197723388672
1001,73.4276201341635,53,-120.593413055627,222524,-39.0611801147461
1002,-138.026446629446,77,-121.902322135975,222601,-36.9831924438477
1003,-146.568536242721,108,-124.279856096521,222709,-38.3323593139648
1004,-104.07422822621,92,-122.716157262151,222801,-36.1752052307129
1005,-142.336268765828,74,-122.24073656385,222875,-38.8966217041016
1006,-126.20714411727,79,-121.566177247681,222954,-38.3723678588867
1007,-151.125774476923,107,-122.826433584354,223061,-39.9532890319824
1008,-121.3457409025,82,-122.313139808836,223143,-37.5452728271484
1009,-136.745677866943,74,-121.973918496168,223217,-37.6560935974121
1010,-136.825905109328,75,-122.13436732277,223292,-37.3982620239258
1011,-142.167699868511,102,-122.425107526788,223394,-38.8559074401855
1012,-123.940314178338,79,-122.628736719233,223473,-35.8147201538086
1013,-136.348342928655,74,-122.564856225487,223547,-35.9590187072754
1014,-133.7372378026,78,-123.683095013282,223625,-39.3916969299316
1015,-141.047093816636,70,-123.980709232677,223695,-39.1523361206055
1016,-143.969578758677,74,-124.126113293712,223769,-39.1561279296875
1017,-147.485671267367,72,-124.334428023773,223841,-38.2368316650391
1018,-147.684309683058,71,-126.176751359785,223912,-40.752082824707
1019,-139.543498541149,74,-125.907209805599,223986,-41.000186920166
1020,-138.150091099974,74,-126.195097007398,224060,-37.0360374450684
1021,-117.245269900673,83,-135.72874150914,224143,-37.0749702453613
1022,-138.182710424019,74,-135.736554698869,224217,-39.243278503418
1023,-137.854469856806,74,-135.300851379573,224291,-36.5939292907715
1024,-138.033174994055,76,-136.998798717965,224367,-38.3846397399902
1025,-137.301972142307,78,-136.747083886789,224445,-39.1652908325195
1026,-131.306685673099,89,-137.002060964581,224534,-37.339672088623
1027,-134.141499226457,75,-136.152847202058,224609,-38.6974105834961
1028,-142.485692706207,100,-137.209844792243,224709,-38.4145889282227
1029,-140.279360376924,75,-137.386528917742,224784,-35.6448364257812
1030,-133.861517358905,73,-137.238309530221,224857,-38.6110916137695
1031,-148.114762788377,99,-137.535662676214,224956,-39.1259422302246
1032,-136.645110534959,75,-138.170902494045,225031,-39.1717834472656
1033,-150.43022860321,82,-138.874996777773,225113,-40.0887413024902
1034,-143.766668159544,73,-139.37646829562,225186,-38.0792007446289
1035,-128.916515907395,78,-138.769939400158,225264,-38.0155715942383
1036,-147.482447129438,99,-138.945582818696,225363,-39.2455825805664
1037,-156.671899648735,97,-139.404894237765,225460,-39.3759803771973
1038,-139.141240088874,72,-138.977740758055,225532,-36.9561424255371
1039,-144.147908018752,69,-139.207961231936,225601,-37.3818511962891
1040,-148.841747166324,98,-139.742544035253,225699,-38.7744674682617
1041,-119.700442972613,88,-139.86530268885,225787,-36.8598213195801
1042,-144.63761487606,75,-140.188047911452,225862,-39.3967514038086
1043,-140.619241566111,72,-140.326286496917,225934,-38.646671295166
1044,-135.540487748495,96,-140.201652134639,226030,-38.2204132080078
1045,-137.477355575877,76,-140.210421306318,226106,-37.4368858337402
1046,-128.68044108372,76,-140.079109076849,226182,-37.339527130127
1047,-142.53145252751,115,-140.498606741901,226297,-37.0681838989258
1048,-140.393153216443,102,-140.393979767413,226399,-37.6487731933594
1049,-148.926677004801,70,-140.826345598807,226469,-37.0603256225586
1050,-141.045211938735,104,-141.185530327799,226573,-35.7976531982422
1051,-143.834547162679,105,-140.971519546514,226678,-39.0576629638672
1052,-140.346253883876,107,-141.15657671396,226785,-38.2960052490234
1053,-138.018363032299,100,-140.535983435414,226885,-35.2333946228027
1054,-123.332721492222,82,-139.514286102048,226967,-37.7268218994141
1055,-126.946879364048,79,-139.415804274881,227046,-35.5119361877441
1056,-128.011831377023,78,-138.44227348726,227124,-38.4955749511719
1057,-150.366923253509,100,-138.127024667499,227224,-38.8414573669434
1058,-125.095033477243,84,-137.424714336917,227308,-37.3738632202148
1059,-142.770089140066,76,-137.355823392983,227384,-39.1747283935547
1060,-135.388304343992,79,-136.683151251866,227463,-36.0963478088379
1061,70.0597320324213,53,-127.195142501614,227516,-38.536548614502
1062,-143.529164714834,97,-127.139719993553,227613,-39.9146919250488
1063,-148.51085971038,107,-127.534300900767,227720,-37.5710220336914
1064,-139.964573912792,105,-127.755505208981,227825,-37.2586555480957
1065,-138.284087228368,101,-127.795841791606,227926,-38.0050735473633
1066,-125.594340466621,85,-127.641536760751,228011,-41.3024826049805
1067,-149.518805600429,107,-127.990904414397,228118,-39.7652549743652
1068,-141.596356580856,100,-128.051064582618,228218,-37.8349075317383
1069,-138.080121892796,107,-127.508736827017,228325,-39.5581512451172
1070,-135.223730473632,110,-127.217662753762,228435,-38.7135848999023
1071,-143.139389767891,143,-127.182904884023,228578,-41.6192970275879
1072,-147.590201424641,98,-127.545102261061,228676,-38.6352005004883
1073,-137.569278850201,74,-127.522648051956,228750,-38.0795593261719
1074,-142.534230392066,101,-128.482723496948,228851,-39.7790794372559
1075,-136.438398559077,142,-128.9572994567,228993,-36.7744979858398
1076,-144.021723139023,104,-129.7577940448,229097,-37.2235336303711
1077,-134.545712910977,105,-128.966733527673,229202,-38.0653381347656
1078,-146.050826495406,109,-130.014523178581,229311,-40.5480041503906
1079,-140.985175480297,107,-129.925277495593,229418,-38.5214920043945
1080,-132.481328316221,111,-129.779928694204,229529,-36.2953186035156
1081,-138.67735672295,108,-140.216783131973,229637,-38.1936111450195
1082,-130.63464587323,78,-139.572057189893,229715,-35.9850578308105
1083,-125.608523740846,84,-138.426940391416,229799,-37.1919937133789
1084,-148.105811416557,106,-138.834002266604,229905,-39.6986885070801
1085,-138.914073953603,139,-138.865501602866,230044,-39.0726928710938
1086,-127.378764281519,116,-138.954722793611,230160,-37.1372680664062
1087,-133.688514653124,117,-138.163208246246,230277,-36.6948013305664
1088,-146.825207466681,110,-138.424650790537,230387,-38.9491767883301
1089,-140.228301339882,105,-138.532059762891,230492,-38.0564346313477
1090,-135.90037409235,110,-138.565891943827,230602,-38.2309951782227
1091,-137.71884010818,110,-138.294864460842,230712,-39.7466888427734
1092,-141.848951983998,107,-138.007801988809,230819,-40.6916885375977
1093,-143.500101990989,105,-138.304343145849,230924,-39.824047088623
1094,-124.726832363789,197,-137.413973244435,231121,-40.5521469116211
1095,-128.972117243496,109,-137.040659178656,231230,-38.9961318969727
1096,-135.919918035505,116,-136.63556892348,231346,-38.9366264343262
1097,-132.092343331046,104,-136.512900444483,231450,-37.9361686706543
1098,-138.878756539521,113,-136.154296946689,231563,-39.2005958557129
1099,-141.261710921347,105,-136.168123718742,231668,-37.7337875366211
1100,-147.03271942941,111,-136.895693274401,231779,-39.7352294921875
1101,-144.852986153152,104,-137.204474745911,231883,-40.631233215332
1102,-137.683402418452,105,-137.556912573172,231988,-38.7512550354004
1103,-124.964519135283,128,-137.524712342894,232116,-37.584587097168
1104,-136.8535039609,116,-136.962096970111,232232,-37.3801383972168
1105,53.2977493172131,84,-127.351505806571,232316,-39.3927268981934
1106,-133.95209692136,180,-127.680172438563,232496,-37.6054229736328
1107,-110.367121555712,217,-126.514102783692,232713,-39.7920989990234
1108,-136.173152310845,108,-125.9815000259,232821,-37.8171768188477
1109,-135.32104526627,122,-125.73613722222,232943,-36.5995025634766
1110,-132.186206009257,148,-125.550428818065,233091,-36.670467376709
1111,-130.481463268108,111,-125.188559976061,233202,-37.8281784057617
1112,50.2063642599345,85,-115.585794163865,233287,-40.3847579956055
1113,56.0748681558877,85,-105.607045656521,233372,-38.972038269043
1114,-158.448647315001,140,-107.293136404081,233512,-39.0200538635254
1115,-127.816077519269,166,-107.23533441787,233678,-38.99755859375
1116,79.3678251089261,57,-96.4709472606486,233735,-38.7930183410645
1117,-142.913963958445,108,-97.0120282920185,233843,-39.4951171875
1118,-160.184181077655,104,-98.0772995189252,233947,-40.6817817687988
1119,-118.560668373927,163,-96.9422473915542,234110,-39.1970062255859
1120,-130.760940617213,311,-96.1286584509444,234421,-38.0861892700195
1121,-155.750432343097,368,-96.6735307604416,234789,-37.1061897277832
1122,-113.215542266222,243,-95.4501377528301,235032,-38.3356971740723
1123,-169.21695586597,356,-97.6627595893645,235388,-40.4451179504395
1124,-161.474526561611,179,-98.8938107194,235567,-38.2985572814941
1125,-149.69298067265,121,-109.043347218893,235688,-37.0327110290527
1126,-149.589838736932,108,-109.825234309672,235796,-38.0786018371582
1127,-156.979355196171,146,-112.155845991695,235942,-38.1705894470215
1128,-153.67750539319,155,-113.031063645812,236097,-38.0940399169922
1129,-164.027683891255,143,-114.466395577061,236240,-38.7420310974121
1130,6.30066937593307,500,-107.542051807802,236740,-36.7800750732422
1131,-164.265858136312,250,-109.231271551212,236990,-40.5303039550781
1132,-11.4199841998707,500,-112.312588974202,237490,-38.0603332519531
1133,-130.719219082473,145,-121.65229333612,237635,-38.2604064941406
1134,-156.181559055962,250,-121.538938923168,237885,-37.7373962402344
1135,-121.506465906073,140,-121.223458342508,238025,-38.4894332885742
1136,51.7112674282388,87,-122.606286226543,238112,-36.6177749633789
1137,-147.481802098751,399,-122.834678133558,238511,-38.1446151733398
1138,-148.263728309623,335,-122.238655495157,238846,-39.828239440918
1139,-159.352140216859,192,-124.278229087303,239038,-37.9123420715332
1140,-155.250423582707,107,-125.502703235578,239145,-38.4870834350586
1141,-117.764444194666,306,-123.603403828156,239451,-39.4536514282227
1142,-113.590194183367,203,-123.622136424014,239654,-38.3799057006836
1143,-157.475960170939,145,-123.035086639262,239799,-36.2832908630371
1144,52.514030606082,92,-112.335658780877,239891,-39.9584579467773
1145,-136.204569365415,178,-111.661238215516,240069,-38.6444435119629
1146,-182.744671568863,349,-113.318979857112,240418,-39.805362701416
1147,-163.350887958134,187,-113.63755649521,240605,-40.1042175292969
1148,-161.353391197469,318,-114.021350785424,240923,-40.4847221374512
1149,-152.110181652876,256,-113.425475673505,241179,-38.7221374511719
1150,-162.965885074378,112,-121.888803396021,241291,-40.597053527832
1151,-163.245269029844,295,-121.837773940698,241586,-39.6240615844727
1152,-167.377142973339,275,-129.635631879371,241861,-40.0529594421387
1153,-162.387924106252,185,-131.21906713056,242046,-38.5878067016602
1154,-152.686201455796,346,-131.044299250552,242392,-40.0489463806152
1155,-164.637353245888,430,-133.200843617542,242822,-37.8464050292969
1156,-156.492659495926,147,-143.611039963751,242969,-37.0904884338379
1157,67.999118898898,316,-132.836993913868,243285,-41.2573547363281
1158,55.5053209989113,231,-122.648541448441,243516,-40.7564430236816
1159,-162.49082860956,148,-122.805475868076,243664,-40.4605445861816
1160,-159.921535719198,414,-123.039031474901,244078,-37.6119155883789
1161,-160.368246490717,112,-125.169221589704,244190,-38.764331817627
1162,-150.767548876605,153,-127.028089324365,244343,-40.437141418457
1163,-164.081841135511,195,-127.358383372594,244538,-40.8236045837402
1164,-160.771607729535,109,-138.022665289375,244647,-37.7943496704102
1165,33.439020855954,128,-129.540485778307,244775,-39.6864776611328
1166,-148.002091111476,161,-127.803356755437,244936,-39.800350189209
1167,-35.927655665041,500,-121.432195140783,245436,-40.1608543395996
1168,-159.127081469838,199,-121.320879654401,245635,-39.0290565490723
1169,38.5165399246929,179,-111.789543575522,245814,-41.0419654846191
1170,-195.427241552759,484,-113.412611399441,246298,-40.0712966918945
1171,40.929280317109,328,-103.203883932094,246626,-39.340705871582
1172,3.16893449216099,207,-94.6765800588188,246833,-39.5450401306152
1173,-50.2708863974468,500,-89.0707281733786,247333,-39.4457626342773
1174,-190.395757478876,240,-90.9562059745326,247573,-40.1457099914551
1175,-38.8870394403309,500,-84.6686902842547,248073,-38.5736083984375
1176,-87.4932649623135,500,-81.2187205575741,248573,-38.5562362670898
1177,32.7556886441028,131,-82.9808920703138,248704,-39.2116470336914
1178,44.7603324625885,177,-83.51814149713,248881,-39.5957946777344
1179,-166.389412710176,458,-83.7130707021608,249339,-38.3667068481445
1180,-108.504399892935,397,-81.1422139108476,249736,-39.3759384155273
1181,109.002969958079,456,-67.6736530884078,250192,-39.8914794921875
1182,-44.0475910684879,500,-62.3376551980019,250692,-38.8362846374512
1183,33.143285208293,129,-52.4763988808117,250821,-40.1400375366211
1184,-125.84070220623,376,-50.7298536046465,251197,-38.933219909668
1185,-147.692549029223,200,-59.7864320989053,251397,-40.8129348754883
1186,-21.4814259637206,500,-53.4603988415176,251897,-38.917179107666
1187,51.6490067495456,232,-49.0815657207882,252129,-38.5312957763672
1188,32.6791514908903,122,-39.4912540727518,252251,-40.4615097045898
1189,68.1755869100848,245,-38.0083017234822,252496,-37.7320404052734
1190,-74.2574211966626,500,-31.9498107056774,252996,-39.572265625
1191,-26.7150428752105,500,-35.3320268652934,253496,-40.0052146911621
1192,-51.2995506375475,500,-38.0554511217788,253996,-40.9928703308105
1193,-38.6645189638192,500,-37.4751327500975,254496,-39.072151184082
1194,30.5108290013755,124,-26.4298034260849,254620,-40.8153381347656
1195,-89.9623038239116,500,-28.9835666452639,255120,-41.4863204956055
1196,-187.435132252713,341,-33.9806600097839,255461,-39.7980117797852
1197,-134.197048153908,471,-42.3282968496844,255932,-39.8092346191406
1198,22.0806545848268,500,-43.4622807435725,256432,-37.5639038085938
1199,-30.8958227760226,500,-36.6876012468648,256932,-39.4572715759277
1200,46.2814763585027,135,-28.9483074342929,257067,-41.5502014160156
1201,44.0349495780523,142,-32.1967084532943,257209,-40.9567527770996
1202,37.0986856575516,132,-28.1393946169923,257341,-41.0768508911133
1203,32.6162453329177,135,-28.1657466107611,257476,-39.0792007446289
1204,-52.3276031768508,500,-24.4900916592921,257976,-40.1338920593262
1205,34.0589380360084,340,-15.4025173060305,258316,-38.5657577514648
1206,-68.2774183547819,500,-17.7423169255836,258816,-40.1814384460449
1207,-58.9987703697487,500,-23.2747057815483,259316,-41.4622077941895
1208,58.7415822548942,310,-21.9715842433481,259626,-40.7257537841797
1209,44.5518599190948,311,-23.1527705928976,259937,-39.0076484680176
1210,36.1936414105229,243,-17.6302174625383,260180,-41.1345520019531
1211,75.7934634665088,283,-12.5047921454524,260463,-38.3300628662109
1212,47.5328279325315,139,-7.56317321694842,260602,-38.4920349121094
1213,-33.1052025431131,500,-7.28520739591311,261102,-40.5621566772461
1214,-20.0194275545991,500,-9.81172022371184,261602,-41.0160217285156
1215,29.0071677824151,216,-3.86324664339551,261818,-41.5802001953125
1216,-55.7281952137785,500,2.72210020855122,262318,-41.3068923950195
1217,-58.2779799848657,500,6.51805361700331,262818,-38.0858993530273
1218,20.6602825894106,160,6.4470350172325,262978,-39.4515724182129
1219,-29.3311670400872,500,6.52526780402927,263478,-39.2265853881836
1220,60.8306468320236,361,7.25272632770532,263839,-39.5139999389648
1221,32.4451760967202,226,6.67323765363872,264065,-39.0896987915039
1222,37.7097863178869,134,6.70379268665548,264199,-38.9430999755859
1223,30.995872500069,399,6.62277404501305,264598,-40.0718078613281
1224,41.3630593333536,251,11.3073071705233,264849,-40.6072311401367
1225,-55.451902437822,500,6.83176514683175,265349,-39.9603080749512
1226,-0.230716445292392,500,10.2341002423062,265849,-41.4148025512695
1227,72.1846210204301,221,16.7932698118152,266070,-40.5684013366699
1228,26.3680687241792,290,15.1745941352794,266360,-40.0073661804199
1229,70.2981869196995,487,16.4619104853096,266847,-38.974422454834
1230,-15.8689990362135,500,13.8587784629728,267347,-40.5260963439941
1231,39.0120818067595,243,12.0197093799854,267590,-38.9686470031738
1232,64.5470315237427,332,12.8704195595459,267922,-39.6570892333984
1233,-33.1243998075805,500,12.8694596963226,268422,-39.1336822509766
1234,43.6817282026406,246,16.0545174841845,268668,-38.2052574157715
1235,57.5829374587949,96,17.4833059680035,268764,-40.2495269775391
1236,37.3593901350843,140,22.1376852354467,268904,-41.3443069458008
1237,45.9342256650627,194,27.3482955179431,269098,-40.927116394043
1238,28.6092212458688,292,27.745742450766,269390,-40.0682487487793
1239,34.2531369633369,184,30.9249576509372,269574,-41.3851318359375
1240,-80.9360421648491,500,23.8366232010936,270074,-39.3725814819336
1241,20.8790893190622,180,23.2583188622107,270254,-41.2501411437988
1242,52.8673453567803,212,24.0161968141553,270466,-40.8564414978027
1243,26.1023308763943,430,23.7715197329716,270896,-40.1157417297363
1244,59.9815727897644,212,24.7024454057921,271108,-41.7445068359375
1245,29.8285734785411,185,28.9664692016103,271293,-41.1285209655762
1246,23.4965967153958,334,30.1528348596447,271627,-41.5841255187988
1247,79.9695545442151,372,30.542081535834,271999,-38.4345626831055
1248,25.0951476868647,241,30.4784354839682,272240,-39.0527381896973
1249,67.5415811040124,321,30.3406051931839,272561,-40.2560882568359
1250,-84.0956444723391,500,26.9292729213776,273061,-42.6831588745117
1251,-32.8762647090627,500,23.3348555955865,273561,-40.4885177612305
1252,-24.3126094577874,500,18.89187354651,274061,-41.0455017089844
1253,-52.7049371886216,500,17.9128466774579,274561,-40.9035110473633
1254,113.619111406028,488,21.4097158376273,275049,-41.129955291748
1255,-16.7085570967273,500,17.6951411098512,275549,-41.6625671386719
1256,78.4669956320491,324,19.7505213846995,275873,-40.5317459106445
1257,-95.40799513731,500,12.6834103445808,276373,-42.0421867370605
1258,-139.977567546066,500,4.25407090498408,276873,-40.7441101074219
1259,9.88541588403881,268,3.03568485101917,277141,-42.5700378417969
1260,-68.7638345888688,500,3.64429522981819,277641,-41.2120971679688
1261,-146.971350429128,264,-4.74822675759134,277905,-40.9872093200684
1262,-171.225028473171,500,-15.9528454490889,278405,-43.4882202148438
1263,-126.701022737031,234,-23.5930131297601,278639,-39.7519989013672
1264,21.9594177802962,235,-25.4941208802336,278874,-40.6609802246094
1265,-30.3825886144084,500,-28.504678984881,279374,-41.4788932800293
1266,-149.101118251403,500,-37.1345647332209,279874,-40.730297088623
1267,-101.257430259838,500,-46.1959139734236,280374,-40.9822196960449
1268,-130.05073127334,500,-53.9532079214338,280874,-41.2820777893066
1269,-123.501470069451,500,-63.505360480107,281374,-40.1014137268066
1270,94.1147798322445,242,-54.5948392648778,281616,-41.0180587768555
1271,-35.6371720502142,500,-54.7328846319354,282116,-40.6359100341797
1272,90.5358882523599,237,-48.990459746428,282353,-39.6943740844727
1273,45.629815570483,411,-44.0737221084728,282764,-40.6184158325195
1274,57.988755639208,299,-46.8552398968138,283063,-40.1014099121094
1275,-29.140336417093,500,-47.4768288628321,283563,-39.7880325317383
1276,53.092161879141,255,-48.7455705504775,283818,-42.0944900512695
1277,-34.3791059596898,500,-45.6941260915965,284318,-40.9064025878906
1278,57.9179946994938,200,-35.7993479793185,284518,-42.555606842041
1279,-82.1549912121545,500,-40.4013683341282,285018,-40.5975036621094
1280,-94.7075066032122,500,-41.6985519348454,285518,-39.356372833252
1281,-17.294214058287,500,-35.2146951163033,286018,-42.0951538085938
1282,-97.1852301023106,500,-31.5127051977603,286518,-40.8338737487793
1283,28.643766793451,235,-23.7454657212362,286753,-40.5884284973145
1284,-53.5095394694986,500,-27.5189135837259,287253,-41.8739280700684
1285,57.3793762526587,96,-23.1308153403726,287349,-42.32666015625
1286,47.0265978877769,204,-13.3244295334136,287553,-41.9567642211914
1287,48.1459278046371,262,-5.85426163018984,287815,-41.2726974487305
1288,121.544583527208,467,6.72550410983755,288282,-42.9531364440918
1289,92.7031885512389,289,17.535737040872,288571,-43.3422431945801
1290,-82.0915836375601,500,8.72541886738182,289071,-40.1917037963867
1291,-74.1529066329093,500,6.79963213824707,289571,-42.6455039978027
1292,-69.6458640853433,500,-1.2094554786381,290071,-42.2504425048828
1293,-78.3091618698389,500,-7.40640435065419,290571,-43.9307403564453
1294,-143.275727273404,500,-17.4696284962848,291071,-41.9050216674805
1295,55.5552934569797,159,-13.2348470025812,291230,-41.8023681640625
1296,-6.94030725028224,500,-16.2364704590523,291730,-41.691707611084
1297,73.9119920688611,390,-10.8219155576248,292120,-43.2383003234863
1298,-27.913983367956,500,-15.1135144609973,292620,-41.8761749267578
1299,-135.097638281235,500,-17.7606468144513,293120,-41.3330535888672
1300,-58.3419245323192,500,-15.9423677109066,293620,-42.173038482666
1301,-105.235631778519,500,-20.3394385969182,294120,-43.6870231628418
1302,-37.1681298998316,500,-17.3385835867943,294620,-42.9337959289551
1303,57.3669669650728,500,-15.9024235782132,295120,-41.3012771606445
1304,124.309317276257,287,-7.01148074092541,295407,-42.4159049987793
1305,-66.9126536261026,500,-13.2260822348635,295907,-41.2686233520508
1306,-117.255569335692,500,-21.4401905960369,296407,-41.4611587524414
1307,-96.3224849161495,500,-28.6636112320763,296907,-41.3847694396973
1308,-83.5017715265652,500,-38.9159289847649,297407,-40.963020324707
1309,57.9923311055138,433,-40.6514718570512,297840,-42.2673721313477
1310,-33.8714918883414,500,-38.2404672695902,298340,-42.1095352172852
1311,-95.0184564770223,500,-39.2837447617959,298840,-42.0277252197266
1312,-116.899822561415,500,-41.6464426855995,299340,-41.0382118225098
1313,55.2646935759419,206,-34.9677499133104,299546,-41.8640289306641
1314,-0.142286845100513,500,-27.8110778918952,300046,-41.5138092041016
1315,88.5392113866281,236,-26.1618819954128,300282,-43.0498390197754
1316,-2.58459784171294,500,-25.9440965249844,300782,-41.0589752197266
1317,-125.820951257261,325,-35.9307436912904,301107,-42.507396697998
1318,96.9422802495773,294,-29.6879305104138,301401,-43.6113243103027
1319,63.0055351356902,163,-19.7827718395675,301564,-43.0201377868652
1320,-42.6521891946307,500,-18.9982850726831,302064,-41.6682739257812
1321,-43.5366089420784,500,-15.9133339308611,302564,-42.9375686645508
1322,82.4575459615197,227,-9.93205013779353,302791,-41.4255867004395
1323,67.5549279215267,268,-9.42265208997083,303059,-41.4920768737793
1324,84.3080407131241,185,-11.4227159181275,303244,-43.2949829101562
1325,-156.680476170912,500,-15.9111070453679,303744,-40.8625602722168
1326,-57.8563444380846,500,-12.9411458004876,304244,-40.9348983764648
1327,60.0569853588652,424,-5.12217228673682,304668,-42.2014465332031
1328,-77.2693748373979,500,-4.81055245227846,305168,-43.6372909545898
1329,-103.524212879425,500,-12.8863796515254,305668,-44.0958023071289
1330,-37.0644297525031,500,-13.0460265447335,306168,-42.8029022216797
1331,-68.8892731026822,500,-11.7395673760165,306668,-43.4986610412598
1332,74.8137631764172,442,-2.15388808912488,307110,-42.9986801147461
1333,-98.0564151855822,500,-9.81994352720108,307610,-45.302806854248
1334,86.4652072219315,297,-5.48956882384949,307907,-43.5908279418945
1335,105.533830275602,472,-4.63983787940079,308379,-41.8876113891602
1336,-70.2435735648353,500,-8.02278666555691,308879,-41.8033714294434
1337,52.4208730226938,162,0.889304548440814,309041,-44.7368583679199
1338,114.452542978989,430,1.76481768491138,309471,-42.307861328125
1339,84.2021223212811,413,2.82464704419092,309884,-42.4228782653809
1340,27.2670397286101,289,6.32060849035296,310173,-43.8460388183594
1341,5.51118986373428,500,8.77299843064359,310673,-42.9176292419434
1342,38.5492504335505,364,6.57758365424513,311037,-42.0614852905273
1343,-99.7383922969982,500,-1.78708235668111,311537,-44.9770126342773
1344,-47.2255267025749,500,-8.36376072746606,312037,-42.7048721313477
1345,-36.9617289461135,500,-2.37782336622613,312537,-41.7469711303711
1346,-32.3761357073998,500,-1.10381292969189,313037,-43.5553207397461
1347,63.3998469273693,222,-0.936669851266685,313259,-43.6925811767578
1348,-114.426387090321,500,-2.79452046391285,313759,-44.336742401123
1349,-107.264299684208,500,-2.98152480415201,314259,-44.01611328125
1350,-124.020835114376,500,-7.32934507224568,314759,-43.9423484802246
1351,-159.757001012127,500,-11.8727314677179,315259,-45.8625526428223
1352,32.4804837069237,500,-13.9893954411926,315759,-43.5988807678223
1353,-125.318234112038,500,-15.3524863875154,316259,-45.4078712463379
1354,-108.694362819386,500,-25.1104648895813,316759,-44.134765625
1355,-106.258023115076,500,-35.7000575591152,317259,-44.260570526123
1356,-114.48448750601,500,-37.9121032561739,317759,-43.4446868896484
1357,-126.190869013428,500,-46.84269035798,318259,-43.181999206543
1358,-129.116058371937,500,-59.0211204255262,318759,-43.211540222168
1359,-111.877512722463,500,-68.8251021777134,319259,-43.7297325134277
1360,-27.1075759432201,500,-71.543832961305,319759,-44.0918807983398
1361,-173.865087018105,500,-80.5126468053969,320259,-43.1527099609375
1362,-77.5120040933534,500,-86.3157095317421,320759,-43.3815765380859
1363,-79.0765220313654,500,-85.2826160184605,321259,-42.4593887329102
1364,-131.647721647559,500,-89.5037257657097,321759,-44.7748146057129
1365,56.0338860049621,498,-84.8539450181559,322257,-43.928955078125
1366,-164.540328232607,500,-91.4621546444163,322757,-42.6846771240234
1367,103.929793113302,406,-89.4356573351196,323163,-44.993335723877
1368,15.8702972202951,183,-82.9208231195888,323346,-44.8167495727539
1369,62.4038949491125,172,-74.4374133879228,323518,-44.3777465820312
1370,41.4386490976015,263,-66.1644391773239,323781,-44.5999603271484
1371,77.5229588030943,300,-54.3004411865628,324081,-45.5290451049805
1372,76.3307315965043,242,-52.1079287920838,324323,-45.5209045410156
1373,-87.7726486874253,500,-50.2306495208531,324823,-46.0973739624023
1374,-111.216936564594,500,-50.3567782081135,325323,-44.2253227233887
1375,-15.9171415209034,500,-45.8397341284049,325823,-44.774715423584
1376,118.642263230568,380,-34.183396591576,326203,-43.3908615112305
1377,-103.983826737434,500,-33.0730444777763,326703,-43.6745414733887
1378,-26.6610801729991,500,-27.9502955678295,327203,-43.8382263183594
1379,-108.16108504621,500,-27.7644741840168,327703,-45.3658103942871
1380,-29.1574162426962,500,-27.8669661989906,328203,-44.7848968505859
1381,-109.793260336609,500,-24.6633748649158,328703,-45.1349945068359
1382,48.7559186402578,266,-18.3499787282352,328969,-44.4094467163086
1383,121.108171198289,387,-8.34074406675249,329356,-44.8493232727051
1384,-63.2050405163991,500,-4.91861001019449,329856,-43.7755661010742
1385,63.7626952498663,388,-4.53216954794928,330244,-44.8926124572754
1386,62.0824853259479,163,6.79897112997846,330407,-44.7702751159668
1387,-19.3463806256165,500,0.635162443032536,330907,-44.4569129943848
1388,-169.942682198477,500,-8.65548652790606,331407,-42.5594482421875
1389,-35.3780367217116,500,-13.5445831114473,331907,-44.4491691589355
1390,9.03058087812972,500,-15.1649865224209,332407,-45.5648384094238
1391,-54.6131316279197,500,-21.7717910439716,332907,-45.2380142211914
1392,19.5211910473654,500,-24.6122680714285,333407,-45.7139701843262
1393,54.1586022274439,201,-17.515705525685,333608,-44.6405220031738
1394,82.0089793021991,451,-7.85440973234539,334059,-45.5625
1395,20.1035659296709,500,-6.05337435981668,334559,-44.8465461730957
1396,96.2805513090279,476,-7.1714599558937,335035,-45.0274810791016
1397,31.8826061719579,262,-0.378138310424084,335297,-44.2380065917969
1398,-3.33568416419637,500,0.788131490016053,335797,-44.7797546386719
1399,87.8431462371497,343,10.588343054184,336140,-45.6215438842773
1400,-26.7420146656464,500,10.7091131330365,336640,-45.9911155700684
1401,-58.9448784822653,500,13.2515322257537,337140,-44.2463455200195
1402,48.3791199756539,209,13.2326922925235,337349,-46.5522994995117
1403,-65.8592683702279,500,3.88432031409764,337849,-43.8617095947266
1404,-43.4876208373905,500,4.87019129804807,338349,-45.8182754516602
1405,64.576702922546,113,4.91089168168206,338462,-45.8258438110352
1406,39.1194297139143,257,3.76273890108038,338719,-44.4087867736816
1407,103.781622478824,321,9.91913905630242,339040,-43.6478958129883
1408,7.92887632645388,500,18.8127169825489,339540,-44.5858154296875
1409,50.0683324454537,369,23.0850354409072,339909,-44.7846870422363
1410,-100.984816174092,500,17.5842655882961,340409,-44.1149673461914
1411,-70.1560275755641,500,16.8071207909139,340909,-45.1359519958496
1412,-33.4219395735626,500,14.1599642598675,341409,-44.636848449707
1413,-114.066956319448,312,5.74868633252291,341721,-45.6979103088379
1414,33.1510707794092,198,3.30579090638342,341919,-46.0860023498535
1415,-23.3822652805608,500,1.13149934587183,342419,-45.6123008728027
1416,67.086611730497,172,-0.328197633054711,342591,-45.3240509033203
1417,-52.5214756744582,500,-4.54840172537552,343091,-45.8880386352539
1418,-147.425865891041,500,-11.7529108117177,343591,-44.9908599853516
1419,-129.425105756876,500,-22.616323411419,344091,-45.9214515686035
1420,-116.275765729709,500,-27.0930109646221,344591,-45.4381370544434
1421,-65.6042148737601,500,-27.4259777841969,345091,-46.2351531982422
1422,-53.5294573449948,500,-32.5214066502293,345591,-46.0036735534668
1423,39.5264302295823,468,-27.2521217202388,346059,-45.6174049377441
1424,-123.754152575552,500,-31.2654483071469,346559,-45.8409271240234
1425,57.7224116773105,428,-31.6081628694086,346987,-42.868221282959
1426,-70.4091413729061,500,-37.0845914237497,347487,-44.4436492919922
1427,-107.962506256577,500,-47.6717978605198,347987,-45.0112838745117
1428,-62.0730612642466,500,-51.1718947400548,348487,-45.9517517089844
1429,-122.164907611856,500,-59.7835567429203,348987,-44.262393951416
1430,-71.4167442716759,500,-58.3051531477995,349487,-45.3502349853516
1431,-37.2067025087467,500,-56.6576868944586,349987,-45.6525497436523
1432,-47.4447937723316,500,-57.3588296043971,350487,-44.8970375061035
1433,38.3661129445855,306,-49.7371761411954,350793,-44.7769317626953
1434,-22.6567758728163,500,-52.5275684738067,351293,-46.7649269104004
1435,-57.6874454611651,500,-54.2428274828369,351793,-45.563102722168
1436,-117.651032269962,500,-63.4797096828598,352293,-45.3115615844727
1437,-99.4939857325377,500,-65.8283351857638,352793,-45.7168655395508
1438,-107.835301489284,500,-63.848806965676,353293,-45.3986053466797
1439,-94.7851465755084,500,-62.1168090066076,353793,-46.4410934448242
1440,-121.042447497684,500,-62.3551430950064,354293,-46.8171577453613
1441,42.3585528921042,301,-56.9570047067132,354594,-45.4971542358398
1442,31.6427697376653,188,-52.6983933525802,354782,-46.3522262573242
1443,-88.677713424802,500,-59.1086005352994,355282,-44.6719512939453
1444,30.6240630617437,189,-51.3896897534346,355471,-44.7629890441895
1445,52.8605173248623,101,-51.632784471057,355572,-45.466869354248
1446,107.700697832227,384,-42.7272925108003,355956,-45.3896446228027
1447,52.4170543305409,212,-34.7083144814444,356168,-46.1885757446289
1448,-34.3912450441269,500,-33.3242236704384,356668,-46.3324356079102
1449,-60.5758774863029,500,-30.2447721641608,357168,-44.4476318359375
1450,-73.9916940052137,500,-30.3735196508376,357668,-45.4026260375977
1451,-159.051983361646,500,-36.4657836934826,358168,-45.1614456176758
1452,-90.7206811790619,500,-38.6295780638191,358668,-46.442928314209
1453,38.3554028034049,500,-38.6301135708782,359168,-45.9069786071777
1454,-91.4712714863526,500,-42.070838351555,359668,-45.0167999267578
1455,47.0535651785735,288,-36.833787819568,359956,-44.3096466064453
1456,-27.6095995652934,500,-32.3317161843346,360456,-45.9560508728027
1457,-45.692537898539,500,-29.6416437926347,360956,-45.6526260375977
1458,101.153769260623,354,-19.1921902551393,361310,-44.9989891052246
1459,-116.069345957738,500,-20.2564002242508,361810,-46.4615898132324
1460,-3.08287636981105,316,-14.3584216678572,362126,-45.3144111633301
1461,-74.2715780791556,500,-20.1899282164201,362626,-45.0938262939453
1462,-49.8630790584689,500,-24.2652206562269,363126,-43.7939109802246
1463,-126.924121820635,500,-26.1775410760185,363626,-46.3901214599609
1464,33.3178526404049,304,-26.0428515970854,363930,-45.7121734619141
1465,-76.1072740601193,500,-32.4912411663345,364430,-46.0723876953125
1466,-37.8599003739929,500,-39.7692710766455,364930,-44.3601684570312
1467,85.8554922920271,300,-38.0973491785712,365230,-45.512092590332
1468,-154.628561781987,500,-44.1092150154642,365730,-45.1319961547852
1469,-39.3005753783119,500,-43.0454499100647,366230,-46.4574317932129
1470,-95.2984396269028,500,-44.1107871911491,366730,-45.4841804504395
1471,-71.4789452795386,500,-39.7321352870437,367230,-46.1079864501953
1472,-49.2786911663053,500,-37.6600357864059,367730,-46.1671295166016
1473,64.0224590996468,425,-36.3766829715938,368155,-46.3996734619141
1474,-34.3681529532055,500,-33.5215270449365,368655,-44.6133193969727
1475,-39.5406045642838,500,-37.8512355320793,369155,-44.9628067016602
1476,-48.5711427385737,500,-38.8993126907433,369655,-45.1111907958984
1477,88.5100936905896,298,-32.1891811112869,369953,-44.5613212585449
1478,-31.9176917420128,500,-38.8427541614187,370453,-44.6571846008301
1479,41.9714752429677,469,-30.9407131013834,370922,-43.8821907043457
1480,-45.2667254858581,500,-33.0499055571857,371422,-45.6631317138672
1481,5.0181720498222,280,-29.0854180507369,371702,-45.4971923828125
1482,-90.5547257977551,500,-31.1200003877012,372202,-45.9828491210938
1483,-13.2229475524165,500,-25.4349416742903,372702,-44.7899208068848
1484,-98.0537439633659,500,-32.0035215044788,373202,-44.3120613098145
1485,-101.613385284129,500,-33.2788270656793,373702,-45.6057968139648
1486,67.3297723522414,217,-28.0193434293676,373919,-45.8928413391113
1487,14.5692648133193,500,-31.5836548033029,374419,-44.411693572998
1488,-35.1635655761725,500,-25.6104049930122,374919,-45.5643081665039
1489,-82.2597812269908,500,-27.7583652854462,375419,-43.52197265625
1490,-74.121876663376,500,-26.6995371372698,375919,-45.5648765563965
1491,37.3442996324638,307,-21.2583748916697,376226,-42.6640548706055
1492,-41.7391945961744,500,-20.8814000631631,376726,-45.1222076416016
1493,67.4489841583654,286,-20.7100738102272,377012,-44.2206687927246
1494,-96.5603622727022,500,-23.8196842762021,377512,-45.6039352416992
1495,40.2479840879284,194,-19.8302548435915,377706,-45.3343315124512
1496,-46.3065683167842,500,-19.717026122502,378206,-43.6263008117676
1497,-113.915898269157,500,-29.8383257204893,378706,-45.9169578552246
1498,-154.413204441408,500,-35.9631013554591,379206,-43.717456817627
1499,-109.891045925501,500,-43.5562274138825,379706,-44.2765045166016
1500,53.9683547908065,272,-38.5944734000493,379978,-44.9528503417969
1501,-121.792036278006,500,-44.9349838164407,380478,-44.2059669494629
1502,-36.5124153377469,500,-42.2328682934403,380978,-45.493278503418
1503,-1.48174660892106,500,-41.6458082462655,381478,-46.4317817687988
1504,-58.8819043266819,500,-39.6872162644313,381978,-43.7735366821289
1505,87.4287976729137,303,-30.2351071165792,382281,-44.4937286376953
1506,43.5641325935465,198,-31.4233891045139,382479,-43.8925857543945
1507,-24.0435792409838,500,-33.3540313072291,382979,-42.6644630432129
1508,49.5833045941301,308,-29.116687798714,383287,-45.5230178833008
1509,-4.76621419955055,442,-25.242009447342,383729,-44.911247253418
1510,72.7226853088083,282,-17.8997813487327,384011,-45.2839660644531
1511,-33.5795665627945,500,-21.4459746584957,384511,-44.6196632385254
1512,39.8790391508755,235,-17.3650629711432,384746,-46.3970832824707
1513,-97.5547527680864,500,-25.6152498174658,385246,-46.6378021240234
1514,-112.761942216756,500,-26.4253288146685,385746,-43.5742378234863
1515,-48.9324260627324,500,-30.8843493222015,386246,-42.8690071105957
1516,43.4192248559175,263,-26.3980596635664,386509,-45.7571182250977
1517,-53.9914056050094,500,-23.401835030359,387009,-44.0194473266602
1518,-123.214370605694,500,-21.8418933385733,387509,-44.2243118286133
1519,-150.334182738027,500,-23.8640501791996,388009,-43.4889488220215
1520,-108.032840146069,500,-31.9641099260434,388509,-43.7774047851562
1521,-65.4369829066134,500,-29.1463572574738,389009,-44.8412055969238
1522,-70.1235766577527,500,-30.826915323474,389509,-43.566577911377
1523,-92.8327817904445,500,-35.3944670825502,390009,-43.9165420532227
1524,-95.4447033224781,500,-37.22260703234,390509,-44.4866790771484
1525,47.7965896122435,374,-39.2042174353735,390883,-44.6651992797852
1526,-41.4220028330081,500,-43.4535242067013,391383,-43.2962493896484
1527,-99.1824652198413,500,-47.2104685056442,391883,-43.5589828491211
1528,-43.2404855695089,500,-51.8516580138261,392383,-42.0661544799805
1529,-18.1614285916991,500,-52.5214187334335,392883,-43.4550247192383
1530,-13.8441637608194,500,-56.8497611869149,393383,-44.7888221740723
1531,-104.463285595737,500,-60.393947138562,393883,-45.3944778442383
1532,-104.38548016424,500,-67.6071731043178,394383,-43.4584732055664
1533,-62.4325139852597,500,-65.8510611651764,394883,-45.4286270141602
1534,-61.9403522584822,500,-63.3099816672627,395383,-44.2058792114258
1535,-48.755276265381,500,-63.3011241773952,395883,-44.051700592041
1536,-66.8303944800364,500,-68.8136051441929,396383,-43.3143157958984
1537,-6.76615765480183,500,-66.4523427466825,396883,-43.3625373840332
1538,55.9358230795928,105,-57.4948330624181,396988,-44.2865905761719
1539,-96.9236490421532,500,-54.8243063776244,397488,-44.1270980834961
1540,74.9197793507997,229,-45.676675402781,397717,-43.6270637512207
1541,-40.7681724004428,500,-44.4432348774725,398217,-43.6505279541016
1542,58.1409127888357,107,-38.0300104051431,398324,-43.6209144592285
1543,65.3932195806763,215,-30.118710336587,398539,-44.9963989257812
1544,-88.3064422175007,500,-29.7617972813382,399039,-44.8447189331055
1545,-111.034632907964,500,-37.7033584073485,399539,-44.9059524536133
1546,57.4960726748612,379,-32.7574546319551,399918,-44.9221115112305
1547,47.3950487678006,420,-25.428578932573,400338,-44.6705322265625
1548,-40.1701782683961,500,-25.2750635675173,400838,-44.8277702331543
1549,52.1883108236851,205,-21.7575765967481,401043,-43.6864967346191
1550,-58.8663321186429,500,-24.0086850146393,401543,-45.087760925293
1551,-74.5755033605566,500,-22.5142959028803,402043,-43.3965644836426
1552,-15.8851094918528,500,-18.0892773692609,402543,-43.2351264953613
1553,-41.0662894700637,500,-17.0209661435011,403043,-43.4189414978027
1554,0.219525727708909,500,-13.9129722441916,403543,-44.4313087463379
1555,82.7270336782938,338,-7.33885674700782,403881,-42.8860168457031
1556,-76.2042493929156,500,-7.80754949265178,404381,-44.0506591796875
1557,-111.079973074758,500,-13.0232402636496,404881,-43.99072265625
1558,-48.9451465374601,500,-18.2672887445022,405381,-42.2912902832031
1559,-11.5640892092127,500,-13.9993107528552,405881,-43.0894889831543
1560,-10.1489153678942,500,-18.2527454887899,406381,-43.3945388793945
1561,97.2136300350598,332,-11.3536553670148,406713,-43.3214378356934
1562,64.3870444216303,109,-11.041348785375,406822,-43.9124221801758
1563,53.0486385424768,308,-11.658577837285,407130,-45.1919860839844
1564,-57.0490370713234,500,-10.0957075799762,407630,-44.1072196960449
1565,-53.189416853983,500,-7.20344677727712,408130,-44.2637138366699
1566,-43.8885953496262,500,-12.2726801785015,408630,-43.8326797485352
1567,28.1956348573846,290,-13.2326508740223,408920,-43.7018928527832
1568,53.3258025952866,206,-8.55785183083815,409126,-44.3472518920898
1569,-63.5320800992709,500,-14.343871376986,409626,-43.1809425354004
1570,60.651635787817,107,-8.36797298166296,409733,-46.4023971557617
1571,-111.854641375547,500,-10.2319298824125,410233,-45.0415992736816
1572,-8.00647148254592,500,-9.83799798194711,410733,-46.4389610290527
1573,-45.3993173315005,500,-10.054649375019,411233,-44.7882461547852
1574,51.0574131671462,204,-7.51275500304709,411437,-44.6918907165527
1575,-81.2302208231361,500,-15.7106177281186,411937,-44.9876136779785
1576,-80.1700283042145,500,-15.9089066736835,412437,-45.5168151855469
1577,-14.6307237791719,500,-11.0864442089042,412937,-44.4556579589844
1578,101.75526969229,365,-3.55142339741675,413302,-43.1772689819336
1579,52.741950564897,102,-0.336121408711266,413404,-46.4872207641602
1580,-50.4734757211831,500,-2.35234942637571,413904,-42.7905197143555
1581,32.271964639765,500,-5.59943269614045,414404,-45.554012298584
1582,73.6146004683574,281,-5.1380548938041,414685,-43.5196838378906
1583,67.4885418795633,231,-4.41605972694977,414916,-44.5928039550781
1584,-94.1088411973054,500,-6.26904993324887,415416,-41.8857650756836
1585,40.859016488533,450,-1.56662826612307,415866,-43.1233863830566
1586,73.1673921298811,445,4.28617110785229,416311,-41.6358032226562
1587,6.66258796027656,500,3.20951876299689,416811,-44.1098937988281
1588,73.5998485358862,118,4.22322106002687,416929,-44.2765960693359
1589,67.4803085309441,114,10.7738404915376,417043,-44.4363327026367
1590,89.3435741624476,242,12.2084374102691,417285,-41.9244041442871
1591,71.3181987484579,447,21.3670794164694,417732,-43.6397171020508
1592,-12.7325490978179,500,21.1307755357058,418232,-43.8005561828613
1593,58.4264794896567,109,26.3220653767636,418341,-43.2265892028809
1594,52.6793087835422,256,26.4031601575834,418597,-44.7465057373047
1595,39.0717979191053,196,32.4182610946955,418793,-41.6647262573242
1596,55.6190798284954,435,39.207716501331,419228,-42.745792388916
1597,27.5667270505352,500,41.3175890428163,419728,-45.8497924804688
1598,-111.618427662353,383,30.6489041750842,420111,-44.6979713439941
1599,54.14260781131,104,30.7189370374049,420215,-44.1178894042969
1600,53.4596455490259,100,35.9155931009153,420315,-43.7854423522949
1601,25.0284101543796,293,35.5534153766461,420608,-43.5046844482422
1602,-115.309722482175,500,26.1071992291194,421108,-43.9331817626953
1603,68.9308862786708,112,26.1793164490748,421220,-45.3653831481934
1604,78.9792584053504,405,34.8337214292076,421625,-43.2008285522461
1605,-26.6650543517986,500,31.457517887191,422125,-42.3506202697754
1606,58.7897412082463,103,30.7386353411093,422228,-43.7524375915527
1607,-1.60749640572407,500,30.3251311228093,422728,-44.1890106201172
1608,119.729619079919,169,32.6316196500109,422897,-42.5004005432129
1609,-88.4090377387924,500,24.8371523365241,423397,-44.2733612060547
1610,38.4631719576904,346,22.2931322262862,423743,-44.5698699951172
1611,90.3571563558825,429,23.2450801066574,424172,-44.092529296875
1612,83.8576504998504,217,28.0745900865408,424389,-42.5320472717285
1613,42.1320496321125,500,27.2598685936636,424889,-42.3403778076172
1614,34.8633678263927,500,26.3690715458062,425389,-43.4365577697754
1615,32.9885235423636,500,26.0649078269691,425889,-43.3387565612793
1616,95.2243472332161,270,28.0451711972051,426159,-45.0649795532227
1617,57.6298715248733,101,29.548328420922,426260,-43.1539535522461
1618,-115.82006543654,329,29.3382465322126,426589,-44.4717407226562
1619,85.871684886246,131,30.9247003859594,426720,-42.7286529541016
1620,79.9009247406922,238,32.2467643455428,426958,-44.2559280395508
1621,-124.053184166866,83,24.7926846294805,427041,-45.5524635314941
1622,-125.075130833317,194,24.3044142119234,427235,-42.4734382629395
1623,70.8143679118818,113,24.3985882935839,427348,-44.445671081543
1624,57.9088455408968,214,23.3450676503613,427562,-43.265064239502
1625,58.6856064120137,102,27.6126006885519,427664,-41.7698593139648
1626,7.83925108524011,500,25.0650761824016,428164,-45.674732208252
1627,14.3043147551113,500,25.8606667404433,428664,-45.3374481201172
1628,-60.8193017021784,367,16.8332207013385,429031,-44.5144538879395
1629,-100.580119475962,167,16.22466661448,429198,-42.2497215270996
1630,68.456473176563,113,17.7243316754236,429311,-44.5957794189453
1631,35.2135683727976,500,14.9671522762694,429811,-44.3076210021973
1632,96.5426507257223,232,15.601402287563,430043,-43.9285278320312
1633,92.8352694804313,259,18.1365632799789,430302,-43.858226776123
1634,63.9493688244363,108,19.5908633298811,430410,-46.6597938537598
1635,19.5175022806509,500,18.9173122667954,430910,-44.5126876831055
1636,42.5933553734598,500,16.2857626738076,431410,-43.9094924926758
1637,108.742021691017,396,18.8413701821148,431806,-44.6948013305664
1638,-115.873769737863,263,18.8386849670487,432069,-45.7893142700195
1639,-113.253851133571,389,8.88240816605785,432458,-44.8809280395508
1640,58.4057182333897,247,7.80764784069273,432705,-44.4540786743164
1641,18.850330239737,500,14.9528235610229,433205,-46.2158546447754
1642,61.3185489228624,110,24.2725075488318,433315,-45.5292510986328
1643,65.3081846358841,109,23.997198385032,433424,-43.9691886901855
1644,67.7214244256103,110,24.4878273292676,433534,-43.8451271057129
1645,-135.161422906714,245,14.7954758633312,433779,-45.1287269592285
1646,134.330150912713,334,21.1200208547049,434113,-45.1541786193848
1647,50.5137846326623,211,22.9304943485824,434324,-44.3686485290527
1648,-110.808662429303,91,20.4310263122262,434415,-42.2037696838379
1649,63.8756456316111,107,28.6538145676049,434522,-43.2615509033203
1650,97.2774981417909,140,30.0948658158662,434662,-44.7349700927734
1651,-124.502515557137,77,22.1090616193695,434739,-46.6024208068848
1652,64.9115817604232,109,20.5275081711046,434848,-43.8144836425781
1653,-121.898247428871,77,9.79083232563948,434925,-43.9987144470215
1654,-114.508526014884,88,0.867937583673469,435013,-45.8166580200195
1655,-127.738565847339,70,-6.49486582272601,435083,-45.5867309570312
1656,88.16782104756,129,-4.216142539021,435212,-44.2697219848633
1657,73.9754967444177,337,-5.95446878635098,435549,-45.9365730285645
1658,-112.745588912958,86,-5.79805974510574,435635,-44.7362060546875
1659,66.7366258482122,109,3.2014641039834,435744,-44.1464385986328
1660,-97.1107958229874,111,-4.57436159883545,435855,-45.7831153869629
1661,-120.504425845476,86,-11.5420994030961,435941,-46.379825592041
1662,39.1679958769088,500,-12.6496270553938,436441,-43.8023834228516
1663,13.7737719499194,500,-15.226347689692,436941,-45.0447769165039
1664,40.4057604684845,500,-16.5921308875483,437441,-45.3681221008301
1665,-117.530330483861,79,-15.7105762664056,437520,-45.2629280090332
1666,-119.217469938489,75,-28.3879573089657,437595,-46.4018363952637
1667,-132.154133086618,234,-37.5213531949297,437829,-45.3743019104004
1668,-105.839668735079,149,-37.2729035102185,437978,-44.502124786377
1669,41.6330548267786,500,-38.3850330504602,438478,-44.8929443359375
1670,-117.617065251809,83,-49.1297612201401,438561,-45.0824890136719
1671,73.1636219837281,228,-39.2464543430969,438789,-46.1585540771484
1672,109.799419179643,341,-37.0020624721359,439130,-47.0306091308594
1673,75.7549975924567,272,-27.1194002210695,439402,-47.2891883850098
1674,15.0886434452785,500,-20.6395417480614,439902,-43.7287902832031
1675,76.7221000587115,163,-10.4165084527589,440065,-44.9557075500488
1676,0.18781645570496,500,-14.8155086823517,440565,-46.8753089904785
1677,82.9450218360482,74,-14.3670324277701,440639,-45.9938201904297
1678,83.533603229078,78,-4.55307282066833,440717,-44.482666015625
1679,25.2591582754038,500,-6.62694619930874,441217,-45.4928932189941
1680,13.503529785905,500,-1.09622991886412,441717,-42.7778053283691
1681,13.8313108015984,500,5.62055691348959,442217,-43.3863487243652
1682,76.0795309835229,67,7.4661336688203,442284,-44.2921524047852
1683,44.5527176355342,500,9.00508095310104,442784,-45.628776550293
1684,83.2402236190944,108,11.1468041106315,442892,-43.8625984191895
1685,87.0329741289466,119,21.3749693412719,443011,-45.2613182067871
1686,104.662292945134,144,32.5689574854531,443155,-45.9661102294922
1687,104.089319716888,144,44.3811301256284,443299,-47.4467620849609
1688,117.842003091437,114,55.5652137169542,443413,-45.4568672180176
1689,20.7085229103974,500,54.5189871211351,443913,-44.0533256530762
1690,-120.485681292556,83,54.3755563190978,443996,-44.2404022216797
1691,69.2829889690608,313,54.1815246683644,444309,-47.6980476379395
1692,89.2024564922875,221,53.1516765339966,444530,-46.005786895752
1693,106.131092867251,311,54.6704812977364,444841,-47.8806304931641
1694,107.947507631477,441,59.3134245070463,445282,-46.16748046875
1695,16.9999024937026,500,56.3273146287958,445782,-47.9262275695801
1696,103.594481549633,91,61.4976478834922,445873,-45.4851608276367
1697,64.6216442636315,158,60.5814790048714,446031,-45.5302085876465
1698,97.2489543735496,242,61.267246562095,446273,-45.7912788391113
1699,102.451496376552,293,65.1268634671524,446566,-46.9201316833496
1700,104.778079195986,190,69.6905909376564,446756,-44.412281036377
1701,136.571108223305,374,75.8275808087417,447130,-46.3468017578125
1702,51.7398598681359,500,74.6105972529724,447630,-46.9609184265137
1703,75.7702677314754,500,76.1714747577694,448130,-44.5334053039551
1704,62.7047899017532,313,75.1447030719024,448443,-43.2853507995605
1705,-108.575289252589,82,65.3642899028256,448525,-46.5062484741211
1706,70.4998199784038,267,63.6561662544891,448792,-45.965030670166
1707,-99.5938251281529,371,53.4720090122371,449163,-46.6421165466309
1708,28.6039996676652,500,49.0101088410484,449663,-47.3998260498047
1709,71.6771760631295,163,51.558541498685,449826,-44.4853897094727
1710,77.7927552209515,225,61.4724633243604,450051,-46.8624839782715
1711,-126.903821681401,63,51.6631227918374,450114,-46.1495399475098
1712,-122.067632644914,71,41.0996183349773,450185,-47.2088165283203
1713,75.4285026857757,64,39.5644888259035,450249,-45.7820243835449
1714,119.010537927769,404,40.1176403407181,450653,-45.0187072753906
1715,34.7856942173969,500,41.0069299269028,451153,-45.156566619873
1716,96.2237705696011,185,40.6383943779012,451338,-45.5567779541016
1717,-119.639363898022,76,31.4253439698185,451414,-47.6149635314941
1718,-109.664893865699,421,21.0796515578561,451835,-46.0208206176758
1719,-120.421016142075,73,9.93602593192476,451908,-46.5508651733398
1720,73.8494484839201,61,8.38959439632145,451969,-45.1768417358398
1721,67.9530796901271,149,4.95869296966257,452118,-45.7888107299805
1722,120.381789007482,255,8.39078942662987,452373,-47.3898506164551
1723,-102.035179862134,187,-0.499482953050602,452560,-47.9612998962402
1724,188.736591289036,446,5.80210711631353,453006,-44.4059600830078
1725,82.4719011926676,150,15.3544666385763,453156,-47.479679107666
1726,86.1914721522214,152,16.1390492472672,453308,-47.8184585571289
1727,-90.8250671260524,284,16.5774871473722,453592,-46.3932800292969
1728,79.3231242683475,107,19.1134433774064,453699,-48.1058082580566
1729,63.70506498759,500,18.7148378236294,454199,-47.4443244934082
1730,38.7548129246976,500,16.7629407088167,454699,-45.695198059082
1731,48.057981622525,500,25.511030874013,455199,-48.373405456543
1732,80.4377721934635,110,35.6363011159318,455309,-49.155403137207
1733,80.0600984666889,112,35.8678809049775,455421,-47.1107597351074
1734,60.4233112847755,500,32.9385195728278,455921,-46.7769317626953
1735,84.340929200252,110,35.4162813219706,456031,-47.3592109680176
1736,5.84288715031273,500,30.8972371510062,456531,-46.1369438171387
1737,-122.423746315774,209,30.7580180301186,456740,-45.7971382141113
1738,91.8197933690662,365,40.8322523918569,457105,-47.8249549865723
1739,-107.484516074327,168,41.4790773952443,457273,-47.3877449035645
1740,86.9955262811084,105,42.1363812851037,457378,-47.6721534729004
1741,155.558702308214,416,46.516662416008,457794,-46.0865821838379
1742,84.8537900207211,109,44.74026246667,457903,-47.7597999572754
1743,24.7065145137794,500,51.0773471854657,458403,-47.6715278625488
1744,113.965465719509,179,47.3387909069893,458582,-47.7220993041992
1745,-135.068617715117,295,36.4617649616001,458877,-46.8960037231445
1746,-123.329874168036,301,25.9856976455872,459178,-49.2957954406738
1747,-98.1450298981514,231,25.6196995069822,459409,-47.1722679138184
1748,22.0551299251617,500,22.7562997898229,459909,-48.1120529174805
1749,-116.845367315755,114,13.7287781746557,460023,-47.0165405273438
1750,27.1508894695731,500,13.1485820018995,460523,-49.163818359375
1751,-25.7331728466968,500,9.45902427843839,461023,-47.7824745178223
1752,-109.9565797846,305,-0.0606933204647746,461328,-47.5420722961426
1753,129.735363100508,328,2.42306991122618,461656,-47.499584197998
1754,-118.343522689753,488,-6.51527178750027,462144,-48.0107116699219
1755,89.4464389540886,108,-6.25999629980844,462252,-48.7116737365723
1756,83.5382234912006,500,-2.37522948276405,462752,-46.5055656433105
1757,100.628574339091,159,8.77738654997922,462911,-48.0446357727051
1758,-34.5859040212861,500,2.45710168046161,463411,-49.9387283325195
1759,-18.3258846728664,500,6.91503325053462,463911,-47.9894981384277
1760,-28.7430050476499,500,1.1281066840967,464411,-48.7173805236816
1761,-90.1596532525113,377,-11.1578110939395,464788,-47.8682403564453
1762,-3.57505641934291,500,-15.5792534159427,465288,-48.6786155700684
1763,60.8427679369079,252,-13.7724407447863,465540,-48.460319519043
1764,62.5577180681538,252,-16.3428281273541,465792,-49.1336555480957
1765,-8.90141894725852,500,-10.0344681889611,466292,-45.9311714172363
1766,106.21680778251,236,1.44286590856619,466528,-47.8739814758301
1767,69.3156832692858,151,9.81590156693805,466679,-50.1624488830566
1768,65.8388561438238,195,12.0050878778712,466874,-47.3526458740234
1769,13.0555971556623,500,18.500136101442,467374,-48.5895805358887
1770,62.0893502832511,137,20.2470591421259,467511,-47.7217330932617
1771,48.6790410061135,500,23.9676698347664,468011,-47.5970306396484
1772,67.4391966365052,137,32.8374586558217,468148,-51.1842079162598
1773,53.325838993226,85,29.0169824504576,468233,-49.127254486084
1774,60.2643529745707,147,37.9473762336738,468380,-49.1462020874023
1775,117.648158299093,327,39.357462200924,468707,-49.2145652770996
1776,-106.644462516664,500,29.8483279005308,469207,-49.9385032653809
1777,-4.08099552453075,500,24.6128494073497,469707,-48.0275726318359
1778,74.4453296789825,53,30.0644110923631,469760,-48.9218864440918
1779,19.3110640870742,500,31.9462585303601,470260,-47.6765098571777
1780,-116.922376827138,408,27.5372899413857,470668,-47.7650032043457
1781,61.1167958646145,145,35.101112397242,470813,-48.5868797302246
1782,-38.4084211617054,500,33.3594441601239,471313,-49.1596755981445
1783,58.3218479482633,88,33.2333981606916,471401,-48.4484748840332
1784,-132.411035733453,71,23.4849604706113,471472,-48.8725395202637
1785,-1.24953120903675,500,23.8675548575224,471972,-49.7256393432617
1786,95.0543718345645,333,23.3094330601251,472305,-48.5470352172852
1787,-67.8338737208646,500,16.4519552106176,472805,-51.1996688842773
1788,-21.5813288592973,500,12.0809459604616,473305,-49.1218490600586
1789,-40.3741451210877,500,9.40945884662406,473805,-47.1730346679688
1790,64.962227123784,244,9.5531026886507,474049,-49.6787452697754
1791,68.4425591576888,244,10.5412785962295,474293,-49.826602935791
1792,65.8042974734659,150,10.4595336380775,474443,-49.3365821838379
1793,-28.570306156862,500,6.3647263805731,474943,-50.3578605651855
1794,126.543568028666,437,9.67868713327789,475380,-50.9244956970215
1795,129.580948231798,351,10.2753266299131,475731,-50.4681358337402
1796,-55.0520224940357,500,12.8549486310446,476231,-49.7729377746582
1797,-93.2963010549308,500,8.39418335452455,476731,-50.1498527526855
1798,52.1212032168554,246,7.2779770314182,476977,-50.6088371276855
1799,-38.1266708758533,500,4.40609028327182,477477,-49.7905960083008
1800,-38.8594113292915,500,8.30923855816415,477977,-49.096923828125
1801,59.4395498425809,186,8.22537625706247,478163,-50.5752449035645
1802,-54.2691369920279,500,7.43234046554635,478663,-50.3830146789551
1803,61.4602374433409,96,7.58925994030023,478759,-48.398796081543
1804,94.0663911417724,417,18.9131312840615,479176,-47.5016174316406
1805,76.4884310130592,350,22.8000293951663,479526,-48.5275421142578
1806,53.6100779081981,92,20.727814698848,479618,-48.9168281555176
1807,56.1452790731811,86,26.9267723385502,479704,-50.8011627197266
1808,-119.093781557128,221,22.0511497036587,479925,-49.8766021728516
1809,-15.5991112922197,500,23.2899013951021,480425,-51.2068786621094
1810,81.8186794450953,279,24.1327240111677,480704,-47.4178276062012
1811,-57.3773776869425,500,17.8417271689361,481204,-49.8218727111816
1812,-63.2503026139529,500,11.3889971645652,481704,-48.2370986938477
1813,-80.3002422823853,500,8.802500358289,482204,-50.7709350585938
1814,121.976203957531,353,8.57413215473225,482557,-49.1984901428223
1815,-58.4766064088821,500,-0.828745577301751,483057,-49.3334846496582
1816,59.5599921023276,99,4.90185515251641,483156,-49.9684028625488
1817,36.6767694330111,500,11.4005086769135,483656,-49.3021659851074
1818,0.187090976938078,500,8.80380306491764,484156,-51.2458305358887
1819,-15.1011529727457,500,9.95507896007302,484656,-51.4626045227051
1820,-88.2978942328759,482,7.4831548148938,485138,-51.4097290039062
1821,-137.128208864756,155,-2.34523312047305,485293,-49.8431015014648
1822,57.1997132638105,97,3.22820939231887,485390,-50.3668441772461
1823,-28.622521697598,500,-1.27592856472807,485890,-48.153133392334
1824,-21.4393954057063,500,-7.05121789210201,486390,-50.5205841064453
1825,-33.1395725402214,500,-12.532618069766,486890,-47.5409660339355
1826,-139.359004172011,272,-22.1810721737765,487162,-51.020565032959
1827,-51.159182502595,500,-27.5462952525653,487662,-50.5137329101562
1828,49.743058298609,95,-19.1044532597784,487757,-51.0052261352539
1829,55.7839300614637,93,-15.5353011920943,487850,-51.5368118286133
1830,131.960933830618,476,-13.0281884728181,488326,-51.8849411010742
1831,4.44557850470511,500,-9.93704066323574,488826,-48.7947425842285
1832,56.4227735183644,96,-3.95338685661987,488922,-49.1523933410645
1833,-1.92423536757535,500,-0.0345865108793753,489422,-51.0532188415527
1834,-24.4843079349454,500,-7.35761210550321,489922,-49.963508605957
1835,58.5170667822077,100,-1.50792844594872,490022,-48.3473663330078
1836,3.2819202338349,500,-4.32183203937336,490522,-49.4001808166504
1837,-38.4622703899627,500,-8.07878403052205,491022,-50.1909599304199
1838,-177.079305323548,476,-16.9421038455463,491498,-50.2011299133301
1839,56.3294903068917,101,-13.3705716815645,491599,-49.1508979797363
1840,56.0403816319799,97,-6.15365788832167,491696,-48.9170303344727
1841,57.5697990436602,102,3.58124250709914,491798,-48.5086936950684
1842,-37.416846959732,500,-1.14958550407799,492298,-50.399730682373
1843,-13.7734765569938,500,-0.407133247047782,492798,-50.4057350158691
1844,68.9750348777924,156,4.11358826712715,492954,-50.0622444152832
1845,55.0208438472852,500,8.52160908650248,493454,-49.1421508789062
1846,113.382675657176,394,21.1586930779618,493848,-48.4584197998047
1847,68.7513367214857,208,27.1542190391658,494056,-48.8394012451172
1848,165.756187112164,456,32.9548754798436,494512,-49.847412109375
1849,54.5575650678792,141,32.8935572301644,494653,-48.687126159668
1850,61.3799216581105,104,29.364506621539,494757,-48.3436508178711
1851,108.307090611921,430,34.5575822268998,495187,-49.7572364807129
1852,76.556708451368,224,35.5642789735499,495411,-51.9109687805176
1853,79.2116472878751,219,39.6210731063224,495630,-49.5502548217773
1854,56.5389366254217,142,43.6722353343408,495772,-46.0238914489746
1855,87.7551354521163,216,45.1341387678362,495988,-48.494213104248
1856,78.2451034478962,370,48.8822979285393,496358,-52.1585960388184
1857,-15.9846620508306,500,50.0061783454959,496858,-50.157169342041
1858,-1.65482744428689,500,58.7774022394589,497358,-48.388801574707
1859,54.4988319989032,500,58.6858693240595,497858,-50.0284957885742
1860,35.7207834235861,500,57.6698894136398,498358,-49.961498260498
1861,102.206706187751,393,59.9017347708444,498751,-48.2800827026367
1862,21.3996726254423,500,62.8425607501031,499251,-51.0496597290039
1863,37.5519841894036,500,65.408833787423,499751,-49.0221405029297
1864,26.6373542522431,500,63.2919497561455,500251,-50.3377075195312
1865,15.1909027652444,500,61.3004527020435,500751,-50.0591239929199
1866,20.6055045735974,500,56.6615941478646,501251,-49.9866905212402
1867,43.6319109350425,500,55.4056228585424,501751,-48.7551460266113
1868,32.4019901984424,500,48.7379130128563,502251,-48.8672523498535
1869,55.2348872796351,152,48.7717791234441,502403,-46.2964706420898
1870,61.243801484112,151,48.7649731147442,502554,-50.7154273986816
1871,147.911306200624,445,50.7451838941794,502999,-49.6184921264648
1872,103.458630818586,318,52.0902800125403,503317,-48.9310607910156
1873,65.6878866269006,152,51.4140919794916,503469,-48.0342712402344
1874,109.611456179931,307,54.067717957217,503776,-52.2280769348145
1875,59.8331530277121,99,52.6716188359968,503875,-52.2640724182129
1876,-40.1863422341923,500,46.7500465518924,504375,-50.7637176513672
1877,70.9790590621275,157,51.0982326075403,504532,-49.4807090759277
1878,81.7787754301555,206,55.2699127512624,504738,-48.6017189025879
1879,57.4389997515776,142,55.4169211388961,504880,-49.4212989807129
1880,28.131313233181,500,55.0374476293759,505380,-49.1187705993652
1881,57.6939934733026,141,52.8118119936534,505521,-51.0365295410156
1882,70.9387582361903,105,55.2887662741908,505626,-50.8086891174316
1883,52.4584199736956,153,56.0340880634054,505779,-49.0874977111816
1884,50.8948700062656,500,57.2469638511066,506279,-49.6399002075195
1885,55.1778026741377,500,59.2463088465512,506779,-49.2044448852539
1886,85.2226352031329,249,62.477165378028,507028,-48.8195610046387
1887,153.174034987779,466,67.9542715806648,507494,-50.7455902099609
1888,9.84445607665315,500,66.8263948745754,507994,-52.5449371337891
1889,19.8589706489365,500,65.0575990430404,508494,-49.6932907104492
1890,2.22729570251908,500,62.1067737539608,508994,-49.7079620361328
1891,20.3199797327502,500,55.7272074305671,509494,-49.0120086669922
1892,61.5188003362412,107,53.6302159064498,509601,-50.4889793395996
1893,65.6629379130316,152,53.6289684707564,509753,-51.8112106323242
1894,95.1787568114819,215,52.9073335023339,509968,-50.780632019043
1895,119.564065590481,366,55.8938791304724,510334,-48.390495300293
1896,88.2552517128635,234,62.3159588278252,510568,-48.7290458679199
1897,102.265472976363,299,63.880279523537,510867,-50.600456237793
1898,-142.617132235623,189,52.660484140248,511056,-49.416618347168
1899,37.5676593598782,500,51.6669171206631,511556,-49.7241363525391
1900,44.1427315842792,500,52.467488038218,512056,-49.0945205688477
1901,66.8180241321877,143,52.9236895711622,512199,-51.6161346435547
1902,87.0540034305011,111,53.7294518308778,512310,-51.2614250183105
1903,68.4868746660396,105,54.530874565495,512415,-51.7463111877441
1904,92.2444495990558,500,56.5983535451345,512915,-45.0662651062012
1905,40.6850355666821,500,55.8737151897617,513415,-51.0417861938477
1906,69.0429306678723,100,55.0647299629987,513515,-49.1777496337891
1907,71.7801274098517,97,50.9950345841023,513612,-48.6846694946289
1908,68.4987117664319,104,53.9277473685912,513716,-47.3516693115234
1909,85.0461547395091,253,57.1871065731199,513969,-48.7931938171387
1910,90.1272813065984,168,61.5821058533238,514137,-50.7161560058594
1911,156.026845472681,346,68.3674491403204,514483,-53.5275955200195
1912,110.814628436178,400,70.8322405453172,514883,-48.4614639282227
1913,84.6664348789957,218,71.7824153936154,515101,-49.2390823364258
1914,71.2551039076984,142,70.5862327484262,515243,-48.5652236938477
1915,95.8956347504562,181,69.402811206425,515424,-51.8775634765625
1916,73.3807780476825,98,68.6590875231659,515522,-51.3656349182129
1917,169.319143179083,380,72.0117710333019,515902,-50.8230895996094
1918,69.9893072663957,145,82.6420930084029,516047,-48.2271957397461
1919,77.6966727265804,106,84.648543676738,516153,-51.0213890075684
1920,136.834489300825,386,89.2831315625653,516539,-45.1466941833496
1921,61.3504918636752,97,89.0097549491396,516636,-50.7592430114746
1922,84.4086652037043,212,88.8774880377998,516848,-51.9450874328613
1923,-91.5132248575385,322,80.8774830616209,517170,-52.0773773193359
1924,74.6758545346275,104,79.9990533083995,517274,-48.7877311706543
1925,71.091133483995,94,81.5193582042651,517368,-49.3314437866211
1926,93.6590536750493,213,82.750164354624,517581,-51.9914932250977
1927,39.4192268925628,500,81.1321193287595,518081,-49.1928024291992
1928,136.289341437541,358,84.521650812315,518439,-51.6000595092773
1929,107.674425758506,271,85.6530643632649,518710,-52.4501457214355
1930,101.199876520113,221,86.2066941239406,518931,-49.2493705749512
1931,41.604184854255,500,80.4855610930193,519431,-52.4184913635254
1932,97.2444149812892,220,79.8070504202749,519651,-47.4322967529297
1933,31.1916605500282,500,77.1333117038265,520151,-49.3790512084961
1934,33.5808033663198,500,75.2495966767576,520651,-52.4907112121582
1935,98.8795486888315,289,75.3987923736763,520940,-51.6468811035156
1936,95.2682212767584,164,76.4931645351301,521104,-46.9441337585449
1937,63.5515772714851,89,71.2047862397502,521193,-53.1030426025391
1938,18.9467367024033,500,68.6526577115506,521693,-49.9423637390137
1939,64.1554832803769,98,67.9755982392404,521791,-48.7689056396484
1940,156.922370133823,427,68.9799922808903,522218,-47.0317077636719
1941,86.7197812647823,165,70.2484567509457,522383,-47.4914588928223
1942,104.044036323029,282,71.2302253069119,522665,-49.0297317504883
1943,43.5440723466063,500,77.9830901671192,523165,-51.6495666503906
1944,117.021272983017,238,80.1003610895386,523403,-51.5038070678711
1945,-54.3392727637247,431,73.8288407771526,523834,-51.195011138916
1946,61.1545934971201,132,72.2036177682562,523966,-51.1464233398438
1947,123.049533107111,350,76.3851330789836,524316,-52.319953918457
1948,168.811044693906,408,78.0112182418018,524724,-51.5618476867676
1949,82.5937026919979,217,76.7571820884764,524941,-49.988151550293
1950,158.47527443839,381,79.6209519843902,525322,-49.0433235168457
1951,70.6642183984595,500,81.0739536616004,525822,-50.4011688232422
1952,86.2573032685103,164,80.5245980759615,525986,-49.5354423522949
1953,90.2057446260132,122,83.4753022797607,526108,-51.595344543457
1954,27.5268998841865,500,83.1726071056541,526608,-51.9642028808594
1955,62.5434783934881,140,81.3558035908869,526748,-49.7320175170898
1956,79.7380778988689,152,80.5792964219925,526900,-52.105640411377
1957,64.2853467616346,137,80.6159848964999,527037,-52.6327972412109
1958,176.497189637652,430,88.4935075432623,527467,-52.7378425598145
1959,83.3267001832065,500,89.4520683884038,527967,-51.5856971740723
1960,29.5846269702476,500,83.085181230225,528467,-52.0940132141113
1961,30.4967853088422,500,80.274031432428,528967,-51.5331535339355
1962,135.820753365417,395,81.8628672845474,529362,-53.6843605041504
1963,63.6478884810982,93,82.868058091272,529455,-50.5728988647461
1964,75.6798462369142,151,80.8009867539669,529606,-50.3895111083984
1965,64.6308312043305,91,86.7494919523696,529697,-50.6414070129395
1966,87.097558001902,155,88.0466401776087,529852,-50.9546356201172
1967,63.2009208742597,92,85.0542095659662,529944,-51.1510276794434
1968,61.8338223946424,240,79.705348451003,530184,-49.52294921875
1969,70.1860650269167,145,79.0849665677489,530329,-49.381275177002
1970,99.2205993284334,256,76.1222328122512,530585,-49.1755294799805
1971,60.93397820976,91,75.6357208028162,530676,-50.8086776733398
1972,-1.42705280087848,500,71.2515029993467,531176,-50.2823181152344
1973,93.7134349147875,164,71.4268875137854,531340,-52.6245498657227
1974,81.9756806763471,152,74.1493265533935,531492,-51.8360595703125
1975,55.53365529717,500,73.7988353985776,531992,-50.5379791259766
1976,106.996706441897,231,75.161766825729,532223,-50.2259635925293
1977,110.699496592231,500,77.4824743172587,532723,-51.2594299316406
1978,122.091558514214,242,74.7621927610869,532965,-50.5386924743652
1979,56.7487414855418,91,73.4332948262036,533056,-51.0459976196289
1980,103.103382597784,233,77.1092326075804,533289,-49.3106956481934
1981,197.806393558985,498,85.4747130200876,533787,-53.7382431030273
1982,123.824294444621,279,84.8748900740478,534066,-51.8880920410156
1983,63.0703942649456,92,84.8460153632401,534158,-51.088207244873
1984,96.2161677225694,315,85.8728314375229,534473,-51.2802848815918
1985,77.699259747081,139,86.5262528646604,534612,-52.5542678833008
1986,158.414701223911,293,90.0921100257608,534905,-51.5483779907227
1987,90.7040418771249,217,91.4672660759041,535122,-52.1536331176758
1988,50.1206962792378,373,90.8816097701338,535495,-50.9369659423828
1989,90.1763981662053,264,91.8811264270983,535759,-49.2039794921875
1990,26.3923011195477,500,88.239711516654,536259,-52.1078910827637
1991,-124.296886593308,122,78.9781682765006,536381,-52.5893478393555
1992,104.420197569641,463,84.2705307950266,536844,-49.7915802001953
1993,87.6253905089218,215,83.9661285747333,537059,-51.915340423584
1994,103.462458067895,277,85.0404674443107,537336,-47.7499885559082
1995,87.2422366452061,250,86.6258965117125,537586,-50.9661865234375
1996,77.4842477409045,500,85.1502735766629,538086,-50.279052734375
1997,25.619313552335,500,80.8962644246681,538586,-48.6166610717773
1998,78.4042362586515,109,78.71189831189,538695,-50.4023666381836
1999,-120.661873023562,169,69.8413675864348,538864,-50.5707740783691
2000,118.10850280421,247,70.5916235967561,539111,-47.6142120361328
2001,81.6132271985235,150,64.7819652787331,539261,-49.6753196716309
2002,73.1671273940468,209,62.2491069262044,539470,-50.6399116516113
2003,107.516163122701,420,64.4713953690921,539890,-49.7351379394531
2004,68.2928928411706,190,63.0752316250222,540080,-51.1390151977539
2005,111.32151050168,334,64.7563441627522,540414,-54.1919898986816
2006,56.7931130190995,179,59.6752647525116,540593,-52.6486740112305
2007,70.0623518812007,98,58.6431802527154,540691,-49.853328704834
2008,80.6035202569671,109,60.1673214516019,540800,-50.5646629333496
2009,74.0089193998624,92,59.3589475132847,540892,-55.2635803222656
2010,100.094137152213,178,63.044039314918,541070,-50.7330131530762
2011,80.3927711117162,306,73.2785222001692,541376,-51.2636756896973
2012,121.954817229973,380,74.1552531831858,541756,-52.7772674560547
2013,50.9150786082246,500,72.319737588151,542256,-51.9230766296387
2014,108.026423869003,386,72.5479358782064,542642,-51.2369232177734
2015,118.057938914013,426,74.0887209916467,543068,-49.2789039611816
2016,50.8601509068036,181,72.7575161499417,543249,-49.3216590881348
2017,138.642123516371,453,78.4086566481435,543702,-51.1321487426758
2018,82.6131977208099,269,78.6191047212514,543971,-48.4485473632812
2019,65.6732845048533,204,87.9358625976721,544175,-52.7935218811035
2020,45.3215728856636,175,84.2965161017448,544350,-51.7299346923828
2021,71.8454907150928,205,83.8081292775733,544555,-50.6615676879883
2022,93.3877145068512,216,84.8191586332135,544771,-53.3033294677734
2023,68.0519829654057,291,82.8459496253487,545062,-49.1962852478027
2024,15.7618279723909,500,80.2193963819097,545562,-51.4999237060547
2025,50.9637290935026,181,77.2015073115009,545743,-50.3298950195312
2026,51.6050351390528,181,76.9421034174985,545924,-50.6781272888184
2027,35.3032059667392,500,75.2041461217755,546424,-51.8948249816895
2028,34.3527125030807,500,72.8916057340811,546924,-49.7257919311523
2029,74.1862990556945,193,72.9004747168728,547117,-51.4979553222656
2030,-111.092651526847,182,62.3411352829197,547299,-51.5783615112305
2031,155.565563791875,415,66.0997749169277,547714,-53.1891822814941
2032,107.949149592742,329,65.3994915350661,548043,-49.799861907959
2033,113.314953009177,235,68.5194852551137,548278,-50.1256256103516
2034,124.607523045153,286,69.3485402139212,548564,-51.7785682678223
2035,63.8325857399663,89,66.6372725552189,548653,-51.2067832946777
2036,71.6936722191666,104,67.678948620837,548757,-49.2594375610352
2037,64.0342232376638,93,63.9485536069016,548850,-55.6300010681152
2038,62.2339156519405,500,62.9295895034581,549350,-49.1545562744141
2039,109.395360047175,266,65.1156932805742,549616,-52.7958869934082
2040,103.701350969901,194,68.0346821847861,549810,-50.0805778503418
2041,132.038489361265,306,71.0443321170947,550116,-52.5751571655273
2042,86.2196609884746,265,70.6859294411759,550381,-53.1414337158203
2043,-119.228983460179,126,61.3218811198966,550507,-54.0277328491211
2044,129.026572992816,436,66.9851183709179,550943,-52.2331199645996
2045,-79.2336441745213,500,60.4752497075167,551443,-48.7875823974609
2046,60.0900633509329,191,60.8995011181108,551634,-52.5993576049805
2047,68.5274960317539,93,62.5607156213615,551727,-54.0834274291992
2048,115.799453271486,196,66.6330526597818,551923,-51.6368598937988
2049,18.6185885647463,500,63.8546671352344,552423,-50.3312454223633
2050,59.4691467171505,276,72.3827570474342,552699,-54.049633026123
2051,73.1386562998482,500,68.2614116728329,553199,-52.2267570495605
2052,36.9014996519827,500,64.709029175795,553699,-49.8943634033203
2053,125.329586089183,478,65.3097608297953,554177,-51.6270942687988
2054,117.561100789782,277,64.9574397170267,554454,-51.6948852539062
2055,69.6944124871468,500,65.2505310543857,554954,-53.3623085021973
2056,127.864558626548,485,68.0590753747548,555439,-51.9212875366211
2057,81.0104015234905,153,68.9078842890462,555592,-49.2749938964844
2058,119.24318715844,293,71.7583478643711,555885,-49.3801155090332
2059,75.7116922749287,195,70.0741644757588,556080,-51.0309829711914
2060,30.8615931333869,500,66.4321765839331,556580,-50.1356925964355
2061,75.6968221462136,198,63.6150932231806,556778,-54.078311920166
2062,78.1927286896891,141,63.2137466082413,556919,-51.6245765686035
2063,121.438697439523,380,75.2471306532263,557299,-51.173282623291
2064,46.3759498340082,500,71.1145994952859,557799,-50.5430564880371
2065,56.5922496879565,129,77.9058941884098,557928,-49.9934997558594
2066,-57.8335429963435,500,72.009713871046,558428,-51.7540245056152
2067,128.915489067498,313,75.0291135228332,558741,-51.6481819152832
2068,52.4581758779237,500,71.8620496531551,559241,-50.9413070678711
2069,46.5021958234112,172,73.2562300160884,559413,-51.5507164001465
2070,98.1126228404939,211,75.1884038222555,559624,-52.3136558532715
2071,65.2880753433353,128,74.7958747744299,559752,-50.4891471862793
2072,62.1533841133659,86,76.058468997499,559838,-52.2997169494629
2073,97.441116181886,365,74.6640455021342,560203,-50.1328086853027
2074,-153.38674973631,192,61.1166529758296,560395,-51.4155654907227
2075,82.4812365146569,452,61.7559941772051,560847,-49.7849731445312
2076,74.7910725516375,297,59.1023198734596,561144,-52.9615364074707
2077,-121.528841337774,22,48.9753577303963,561166,-52.1036109924316
2078,109.550127824922,369,48.4907047637204,561535,-51.6019134521484
2079,48.648851378881,180,47.137562718918,561715,-54.9357452392578
2080,-43.2068495693406,353,43.4341405837817,562068,-52.2763824462891
2081,72.6834805824451,145,43.2834735055932,562213,-53.596851348877
2082,85.296617297702,215,43.6386679359939,562428,-50.7700614929199
2083,113.122301482734,375,43.2228481381544,562803,-50.9455490112305
2084,133.917336695838,401,47.5999174812459,563204,-52.2375450134277
2085,70.3152492658885,189,48.2860674601425,563393,-51.3921203613281
2086,90.3584517235712,171,55.6956671961383,563564,-52.3256301879883
2087,83.2755819662123,143,53.413671841074,563707,-51.7161178588867
2088,130.057901720344,433,57.293658133195,564140,-54.3790512084961
2089,126.543280981571,287,61.295712391103,564427,-51.4077339172363
2090,84.9872149599831,259,60.6394419970774,564686,-53.8410911560059
2091,107.373525548494,235,62.7437145073354,564921,-50.260986328125
2092,-40.1451667554339,500,57.6287869638954,565421,-54.0843200683594
2093,66.0668536523965,187,56.0600738374209,565608,-51.5024375915527
2094,48.9111010165859,396,66.1749663750657,566004,-51.5415840148926
2095,89.2563683869454,204,66.5137229686802,566208,-51.8651695251465
2096,67.5425474217394,93,66.1512967121853,566301,-52.3977737426758
2097,134.049362191871,351,78.9302068886675,566652,-52.2158813476562
2098,71.9878161484953,186,77.0520913048462,566838,-52.1980438232422
2099,20.527635333377,180,75.646030502571,567018,-51.3660621643066
2100,91.0425200022434,220,82.3584989811502,567238,-55.2148628234863
2101,82.7464776879165,152,82.8616488364238,567390,-52.300651550293
2102,154.639905835555,455,86.3288132633164,567845,-52.3936996459961
2103,84.7405352715124,254,84.9097249527553,568099,-52.7720375061035
2104,34.8869810425055,500,79.9582071700887,568599,-54.3449249267578
2105,78.9786032233947,199,80.391374867964,568798,-51.670711517334
2106,-30.537987675171,500,74.3465528980269,569298,-54.0557441711426
2107,-117.022811770799,500,64.3316332111763,569798,-54.4565811157227
2108,117.400981262641,380,63.6987871882912,570178,-53.679386138916
2109,66.7736610102504,324,60.7103061897251,570502,-53.432689666748
2110,47.9601626487256,500,58.8589535741622,571002,-51.2371063232422
2111,66.6131995919087,500,56.820937276333,571502,-54.2615509033203
2112,59.7051345561375,115,61.8134523419115,571617,-52.4331703186035
2113,29.8417225512703,435,60.0021957868552,572052,-52.6571502685547
2114,153.944839601619,431,65.2538827161069,572483,-53.675895690918
2115,54.4322237442294,500,63.5126754839711,572983,-54.4659118652344
2116,57.8207525627996,190,63.0265857410241,573173,-52.5358085632324
2117,62.8722753078358,179,59.4677313968223,573352,-52.8589820861816
2118,90.7349109865762,350,60.4050861387264,573702,-52.5965881347656
2119,0.407704756558749,500,59.3990896098855,574202,-53.7219429016113
2120,84.4468561321005,210,59.0693064163783,574412,-54.818473815918
2121,20.2898537375795,133,55.9464752188615,574545,-53.0009231567383
2122,47.7223305513272,500,50.6005964546501,575045,-53.844409942627
2123,28.6220290497646,500,47.7946711435627,575545,-52.8369140625
2124,117.823578838581,318,51.9415010333665,575863,-51.4265441894531
2125,139.344168100059,457,54.9597792771997,576320,-54.131664276123
2126,116.942208401026,310,62.3337890810095,576630,-53.8881607055664
2127,-96.3759356345982,500,63.3661328878196,577130,-51.365909576416
2128,56.9231741860601,248,60.3422425339906,577378,-53.2583847045898
2129,67.8561861300715,250,60.3963687899816,577628,-55.9503364562988
2130,48.6900937728694,133,60.4328653461888,577761,-54.1892127990723
2131,128.397564073749,327,63.5220835702808,578088,-55.0390129089355
2132,61.859622201747,299,63.6298079525613,578387,-56.0259170532227
2133,57.9455060971984,144,65.0349971298577,578531,-56.3644561767578
2134,25.8859844651501,500,58.6320543730342,579031,-53.2296524047852
2135,-79.1230503946845,268,51.9542906660885,579299,-53.8235244750977
2136,-147.757367692533,340,41.6753846533219,579639,-54.0455513000488
2137,51.0873891466332,174,41.0861403452618,579813,-53.0803718566895
2138,95.5613745909294,459,41.3274635254795,580272,-55.6287956237793
2139,101.235489892195,351,46.3688527822613,580623,-55.1181602478027
2140,70.998735086373,205,45.6964467299749,580828,-55.3638114929199
2141,128.03331696826,400,51.0836198915089,581228,-55.3362808227539
2142,45.5518707628908,163,50.9750969020871,581391,-54.5018844604492
2143,41.6568940383206,129,51.6268401515149,581520,-53.4426612854004
2144,128.417796920678,474,52.1565510556198,581994,-54.1428527832031
2145,77.4890718078838,212,49.063796241011,582206,-53.2525749206543
2146,85.0081958744491,261,47.4670956146822,582467,-52.585693359375
2147,73.8365676467435,289,55.9777207787493,582756,-53.2214775085449
2148,76.4332484139599,500,56.9532244901443,583256,-56.0351753234863
2149,114.770563719421,351,59.2989433696117,583607,-53.3386344909668
2150,45.1193064791956,500,59.120404004928,584107,-55.3013763427734
2151,64.377014019167,122,55.9193765021989,584229,-53.657657623291
2152,39.3920559642576,500,54.7959981903245,584729,-53.6770324707031
2153,7.57516259777485,500,52.2774810153533,585229,-54.8632774353027
2154,3.32026094573313,500,51.1491948393824,585729,-54.3590774536133
2155,43.4565438645466,500,57.278174552344,586229,-54.599365234375
2156,39.1751389590942,500,66.6247998849253,586729,-56.286190032959
2157,41.8327201071898,500,66.1620664329532,587229,-56.0578651428223
2158,44.7671633728748,500,63.6223558720504,587729,-54.676815032959
2159,30.1513705403611,500,60.0681499044588,588229,-55.2934455871582
2160,155.655873323134,420,64.3010068162968,588649,-58.0779762268066
2161,66.1785457700141,158,61.2082682563845,588807,-54.4344902038574
2162,48.0990357908603,132,61.335626507783,588939,-55.4454193115234
2163,60.7586511271182,143,62.2907143622228,589082,-55.6445770263672
2164,141.360571898509,410,62.9378531111144,589492,-54.998592376709
2165,-134.524889120164,126,52.337155064712,589618,-55.8872222900391
2166,74.9172295902955,105,51.8326067505043,589723,-54.7509155273438
2167,59.2186527247948,95,51.1017110044069,589818,-53.2777786254883
2168,91.3726419922199,171,51.8486806833199,589989,-54.7621841430664
2169,65.4133679779857,500,49.3808208962481,590489,-53.9302101135254
2170,73.7269493397279,500,50.8112030392747,590989,-53.3669357299805
2171,153.652635355548,330,55.2749841060938,591319,-54.9048843383789
2172,53.1019651426449,500,55.9604795650131,591819,-54.6247711181641
2173,39.9911992085573,500,57.5812813955523,592319,-55.4201927185059
2174,68.1544975908298,148,60.8229932278071,592467,-53.6474952697754
2175,53.1660042800665,500,61.3084662485831,592967,-54.9126319885254
2176,64.7834106715609,500,62.5888798342064,593467,-55.3001174926758
2177,4.74103879660429,500,60.7342957686771,593967,-54.7080841064453
2178,76.1902421677014,105,62.3054497084185,594072,-54.694995880127
2179,69.2279634428699,96,64.2592793535439,594168,-54.9366493225098
2180,22.282521590084,500,57.5906117668914,594668,-52.5303039550781
2181,105.009538593462,365,59.5321614080638,595033,-54.3985824584961
2182,17.2570280326845,500,57.990061020155,595533,-54.2305526733398
2183,75.8426350897506,284,58.7442602182867,595817,-55.1605758666992
2184,173.660798781566,484,60.3592715624395,596301,-54.2948036193848
2185,151.801909009901,314,74.6756114689427,596615,-55.809497833252
2186,-126.562667305105,262,64.6016166241727,596877,-53.2366943359375
2187,48.4538712925109,500,64.0633775525585,597377,-54.3372573852539
2188,29.2078904935895,500,60.955139977627,597877,-54.1235466003418
2189,63.8846992930858,93,60.878706543382,597970,-54.2825622558594
2190,77.0504357504969,204,61.0448808639205,598174,-52.6671180725098
2191,89.5243357297644,212,57.8384658826313,598386,-54.8359336853027
2192,57.8214355460199,500,58.0744394028,598886,-56.7295074462891
2193,64.9359741150883,145,59.3216781481266,599031,-55.5612716674805
2194,50.4186354954459,500,58.4348850433574,599531,-54.300853729248
2195,80.8158396602253,500,59.8173768123653,600031,-55.9506301879883
2196,-76.4305946968377,346,52.7566765439454,600377,-54.371223449707
2197,62.1610424544397,97,55.6276767268371,600474,-55.8795890808105
2198,99.2048948515925,222,56.7784093610317,600696,-54.4845657348633
2199,49.7775504903877,131,55.8058887134076,600827,-55.8135147094727
2200,119.745527633348,386,60.6790390155708,601213,-55.508472442627
2201,-108.279393628183,249,50.0145924044885,601462,-55.3244895935059
2202,-104.726743781953,285,43.9154038137566,601747,-56.5527877807617
2203,64.6570234978773,99,43.356123234163,601846,-54.9609413146973
2204,60.5386184187124,90,37.7000142160203,601936,-55.2682075500488
2205,78.0132110706594,500,34.0105793190582,602436,-55.4801445007324
2206,64.7366963473673,96,43.5755475016819,602532,-55.6189193725586
2207,64.3061256775513,500,44.3681602209339,603032,-56.1779747009277
2208,62.9618807626432,500,46.0558597343866,603532,-55.8597869873047
2209,191.645827216143,414,52.4439161305394,603946,-55.3536262512207
2210,103.382919797244,212,53.7605403328768,604158,-56.1972579956055
2211,53.67513883863,500,51.9680804883201,604658,-54.8111381530762
2212,62.269608734716,500,52.1904891477549,605158,-56.347484588623
2213,140.439887486128,410,55.9656848163069,605568,-55.498477935791
2214,77.7652416082509,160,57.3330151219471,605728,-57.2961273193359
2215,65.5358405561695,94,56.5690151667443,605822,-56.6890983581543
2216,30.832677362594,500,61.9321787697159,606322,-56.0686225891113
2217,31.4733453869431,500,60.3977939163411,606822,-54.9429893493652
2218,64.8802908006415,500,58.6815637137935,607322,-55.4565200805664
2219,-119.21428965199,204,50.2319717066747,607526,-56.4968452453613
2220,148.892579953523,357,51.6893243226834,607883,-56.3243713378906
2221,66.7340140412493,147,60.439994706155,608030,-54.8778915405273
2222,-69.8984099746169,460,62.1814113965219,608490,-53.5533752441406
2223,61.0678581721995,90,62.001953130238,608580,-55.1332015991211
2224,78.4270545707897,500,62.8963749378418,609080,-54.584846496582
2225,89.8173959551837,167,63.4865841820681,609247,-54.8778762817383
2226,59.0247126292006,500,63.2009849961597,609747,-56.5890350341797
2227,53.1546866544383,500,62.6434130450041,610247,-54.1737098693848
2228,61.8213737389582,92,62.5863876938198,610339,-57.261474609375
2229,181.016215956713,472,62.0549071308483,610811,-55.8454284667969
2230,86.6504286288601,500,61.2182825724291,611311,-57.0204887390137
2231,72.611422479123,98,62.1650967544538,611409,-56.7141342163086
2232,75.3869445438331,197,62.8209635449096,611606,-54.1890296936035
2233,118.961321789781,279,61.7470352600923,611885,-54.7529067993164
2234,59.6002991298256,500,60.838788136171,612385,-57.460765838623
2235,59.2067377059701,500,60.5223329936611,612885,-56.2961463928223
2236,53.0472895194078,500,61.6330636015017,613385,-55.1939506530762
2237,52.9081574677833,500,62.7048042055438,613885,-55.1428413391113
2238,66.0749211047526,500,62.7645357207493,614385,-55.6609420776367
2239,67.9820304116158,500,72.1243517239296,614885,-56.5180740356445
2240,71.1196612335238,500,68.2357057879296,615385,-56.7914428710938
2241,55.6778835529852,500,67.6828992635164,615885,-55.6430892944336
2242,125.201044132854,301,77.4378719688899,616186,-55.5673904418945
2243,79.076163218231,156,78.3382872211915,616342,-55.8602523803711
2244,133.700414925962,314,81.1019552389502,616656,-56.5200881958008
2245,89.4674459829586,166,81.0844577403389,616822,-55.4955368041992
2246,53.1636064399082,500,80.7914024308743,617322,-54.7940444946289
2247,65.0910596878068,94,81.3882210825427,617416,-54.6402320861816
2248,74.6623593762906,101,82.0302703644093,617517,-55.9385147094727
2249,65.2972550056826,93,76.2443223168578,617610,-55.0849800109863
2250,65.8308626336984,96,75.2033440170997,617706,-55.8946113586426
2251,58.447331188797,87,74.4951394525834,617793,-57.0632705688477
2252,15.654097443113,500,71.5084970975474,618293,-56.5362854003906
2253,62.9525049268185,500,68.7080562543993,618793,-56.5771484375
2254,105.500252535158,334,71.0030539246659,619127,-57.4604301452637
2255,86.2456312605166,163,72.3549986023932,619290,-55.9732208251953
2256,80.1332218628577,110,73.7092952195657,619400,-56.2065505981445
2257,71.1532035662642,500,74.6215475244897,619900,-54.6890983581543
2258,62.6334395246803,90,74.4494734454861,619990,-56.3099937438965
2259,114.752385942486,238,76.7879912220296,620228,-56.0481452941895
2260,71.8929391085204,104,76.8266551157795,620332,-55.6383590698242
2261,68.1217162035773,93,77.4488467483091,620425,-56.5721092224121
2262,70.8799911136503,151,74.7327940973489,620576,-55.7614593505859
2263,144.727731944345,311,78.0153725336546,620887,-54.9676551818848
2264,63.8352931883521,93,74.5221164467741,620980,-55.8254699707031
2265,77.7219804251791,104,73.9348431688851,621084,-55.7966194152832
2266,114.112210584358,279,76.9822733761076,621363,-55.5851440429688
2267,107.204090490267,182,79.0879249162307,621545,-57.4617309570312
2268,103.535268022187,227,80.5315703485254,621772,-56.2102127075195
2269,75.9667801723393,500,81.0650466068583,622272,-56.1044158935547
2270,97.2323839231524,177,82.635122671331,622449,-54.4773292541504
2271,97.285318410857,226,84.577022032434,622675,-57.108757019043
2272,62.8138462765755,500,86.9350094741071,623175,-58.5046119689941
2273,123.578125590949,247,89.9662905073136,623422,-54.8270034790039
2274,29.8701397848871,500,86.1847848698001,623922,-57.3202781677246
2275,124.862851958951,345,88.1156459047218,624267,-55.8254089355469
2276,82.7783408414857,163,88.2479018536532,624430,-55.8050308227539
2277,143.668502349288,364,91.8736667928044,624794,-55.0221214294434
2278,28.8528300478709,500,90.1846363189639,625294,-55.4824104309082
2279,59.722491321263,500,87.4331415879027,625794,-54.5361022949219
2280,69.6560618987089,102,87.3212977274121,625896,-56.0294570922852
2281,71.725899741762,100,87.5015069043214,625996,-56.2549743652344
2282,96.9859284467622,164,88.806803770977,626160,-55.9224052429199
2283,70.9203445000668,101,85.1164343987631,626261,-54.5569648742676
2284,104.122134903376,181,87.1307764845142,626442,-55.0211067199707
2285,148.288604375598,448,90.6591076820352,626890,-54.5991897583008
2286,67.4100451105284,95,88.3239994083437,626985,-56.0753326416016
2287,59.433228164709,500,85.9354562920658,627485,-56.3415069580078
2288,74.2731448756937,99,84.4723501347411,627584,-55.1532554626465
2289,100.274104194546,205,85.6877163358515,627789,-56.0198059082031
2290,67.7681582506253,97,84.2145050522251,627886,-55.3421783447266
2291,83.9521160168566,161,83.5478449325251,628047,-54.9128684997559
2292,61.3113534581956,92,83.4727202916061,628139,-54.7362213134766
2293,195.497439838799,449,87.0686860039986,628588,-55.2804260253906
2294,93.9671186423493,500,90.2735349468717,629088,-54.7464065551758
2295,102.389006918084,177,89.1498426948284,629265,-55.734016418457
2296,162.334795506882,370,93.1276654280983,629635,-55.6935501098633
2297,123.638407601598,290,92.1261606907138,629925,-54.7706909179688
2298,66.6801520101925,95,94.0175267888299,630020,-55.9305038452148
2299,82.6265268099427,108,95.1627285632639,630128,-54.6994400024414
2300,84.9208736315347,164,95.9259691499052,630292,-54.1558494567871
2301,76.2459197236047,102,96.1519701489973,630394,-53.8670349121094
2302,88.4355945746449,114,95.7244534553914,630508,-54.8027420043945
2303,99.756178573013,204,97.1662451590387,630712,-53.7333564758301
2304,89.0261624839277,166,96.4114465380663,630878,-55.3127517700195
2305,79.8983822310188,108,92.9919354308374,630986,-56.1502075195312
2306,203.740811936915,459,99.8084737721566,631445,-56.4908981323242
2307,-146.520236306448,198,89.5108005485988,631643,-55.3825645446777
2308,75.2295383775938,155,89.5586202236938,631798,-55.1906471252441
2309,100.004308255302,500,89.5451304267316,632298,-54.7621765136719
2310,132.359395434346,315,92.7746922859176,632613,-55.8147659301758
2311,97.1162735359796,218,93.4329001618737,632831,-55.8716049194336
2312,72.826852799142,150,94.0086751289211,632981,-53.6148643493652
2313,92.8562111241423,500,88.8766136931882,633481,-55.4220581054688
2314,67.7717586549937,96,87.5668456938205,633577,-54.6024627685547
2315,72.3784994202975,500,86.0663203189311,634077,-55.1712532043457
2316,37.2866810825253,500,79.8139145977133,634577,-54.7591781616211
2317,102.965177182765,211,78.7802530767716,634788,-57.0563163757324
2318,118.922819181363,264,81.3923864353301,635052,-55.0737533569336
2319,55.5012439388262,500,80.0361222917743,635552,-55.0789909362793
2320,145.603079000798,270,83.0702325602374,635822,-55.4027976989746
2321,68.2715393769027,100,82.6715135429023,635922,-54.136360168457
2322,94.86621251118,161,82.9930444397291,636083,-53.4790534973145
2323,150.832411364001,351,85.5468560792785,636434,-52.8851013183594
2324,67.5961123626477,93,84.4753535732145,636527,-55.7518539428711
2325,74.0870636108283,150,84.184787642205,636677,-54.4824638366699
2326,79.3465118947543,152,77.9650726400969,636829,-54.8916511535645
2327,76.2631241959447,152,89.1042406652166,636981,-55.4707679748535
2328,74.7359537641773,101,89.0795614345458,637082,-56.0915107727051
2329,108.928085055828,316,89.5257502745721,637398,-55.6391296386719
2330,152.625147001948,273,90.5390378529522,637671,-55.6220779418945
2331,146.138910320999,398,92.9901696922031,638069,-55.5660171508789
2332,79.9371588097571,156,93.3456849927339,638225,-55.0712356567383
2333,74.3902452622934,58,92.4223866996415,638283,-56.5293350219727
2334,67.9623147869209,90,92.4319145062378,638373,-57.2093696594238
2335,197.692896662999,487,98.6976343683729,638860,-56.0889930725098
2336,78.9273844270271,148,100.779669535598,639008,-54.9559593200684
2337,76.2425812748451,59,99.443539740202,639067,-53.7551612854004
2338,110.104930582634,319,99.0026453102655,639386,-54.5700149536133
2339,197.55176639915,450,106.105171433282,639836,-54.9349670410156
2340,102.355958798803,174,103.942815423182,640010,-54.7500457763672
2341,116.322196153055,192,106.34534826199,640202,-55.1379623413086
2342,115.975087215282,315,107.400791997195,640517,-55.2785606384277
2343,-138.433415218812,97,92.9375006680541,640614,-56.9285926818848
2344,104.165163683749,221,94.7659532341091,640835,-54.4425201416016
2345,127.406870766131,300,97.4319435918742,641135,-54.6274833679199
2346,83.405277671062,112,97.6348818806896,641247,-54.925952911377
2347,129.429004501846,353,100.293175895985,641600,-54.7112121582031
2348,-145.184431272941,99,89.2971566441287,641699,-56.3361358642578
2349,35.1258354241116,500,85.607044162543,642199,-56.0092391967773
2350,202.597387776316,491,88.1056562012614,642690,-54.5947074890137
2351,107.410965595046,180,86.1692589649637,642870,-55.6626167297363
2352,93.8813957870995,500,86.8664708138309,643370,-55.8407020568848
2353,49.4877862558617,500,85.6213478635093,643870,-55.7564582824707
2354,72.1054772060092,100,85.8285059844637,643970,-56.3064575195312
2355,65.0732942240996,500,79.1975258625187,644470,-55.7070617675781
2356,80.2938992778622,111,79.2658516050605,644581,-55.5133399963379
2357,37.9657443751336,500,77.3520097600749,645081,-56.2445869445801
2358,139.494262886108,301,78.8214763752486,645382,-55.6432876586914
2359,158.913220438629,374,76.8895490772225,645756,-56.4371528625488
2360,79.6306060631166,500,75.7532814404382,646256,-57.0111656188965
2361,86.785881423878,69,74.2764657039794,646325,-56.4720916748047
2362,79.511383425381,107,72.4532805144843,646432,-56.1297721862793
2363,119.381114511763,268,85.3440070010131,646700,-56.1886711120605
2364,79.3603259759654,142,84.1037651156239,646842,-56.8002090454102
2365,84.7067202993785,203,81.9687575922863,647045,-56.0245780944824
2366,113.10845172375,190,83.4539162949207,647235,-56.2973976135254
2367,100.660291699247,221,82.0154806547908,647456,-56.3785400390625
2368,67.5091826324128,190,92.6501613500584,647646,-56.0037879943848
2369,62.4618487910052,88,94.0169620184031,647734,-55.2314414978027
2370,84.1193729742937,203,88.093061278302,647937,-55.7300224304199
2371,84.5561339733406,205,86.9503196972167,648142,-55.7256355285645
2372,78.387730938133,106,86.1756364547684,648248,-56.8029365539551
2373,121.294349544182,303,89.7659646191844,648551,-55.9037170410156
2374,123.766822857492,242,92.3490319017585,648793,-55.6123847961426
2375,65.2491156003658,90,92.3578229705718,648883,-54.726634979248
2376,105.967453284471,178,93.6415006709023,649061,-55.3363609313965
2377,134.926276738845,293,98.4895272890879,649354,-56.2403755187988
2378,73.2743650655686,147,95.1785323980609,649501,-57.2952194213867
2379,100.096587777272,175,92.2377007649931,649676,-55.6095314025879
2380,165.861031692164,371,96.5492220464454,650047,-56.6940536499023
2381,97.2233249255221,209,97.0710942215276,650256,-56.1957893371582
2382,99.1565027162197,171,98.0533501860696,650427,-56.8330039978027
2383,112.720744403792,225,97.720331680671,650652,-55.2875595092773
2384,99.145934260416,214,98.7096120948935,650866,-55.6558647155762
2385,187.357389180755,392,103.842145538962,651258,-56.9596710205078
2386,131.508838303072,387,104.762164867928,651645,-56.6565780639648
2387,103.268133904688,170,104.892556978201,651815,-57.1914367675781
2388,74.1188386089087,100,105.223039777025,651915,-57.0118560791016
2389,88.9025320208803,201,106.545073938519,652116,-57.0808982849121
2390,67.279975349254,143,105.703104057267,652259,-57.3535537719727
2391,111.692156455282,222,107.059905181364,652481,-58.0875015258789
2392,123.551152970506,285,109.318076282983,652766,-57.2937202453613
2393,94.4335653212945,209,107.975037071838,652975,-55.9303588867188
2394,125.588986219755,272,108.066145239952,653247,-57.8894157409668
2395,83.0217861187668,154,108.954778765872,653401,-55.9177742004395
2396,71.3354174493121,97,107.223176974114,653498,-56.3272476196289
2397,83.2144453219271,500,104.637585403268,653998,-57.1897315979004
2398,155.772428691156,354,108.762488584547,654352,-58.320499420166
2399,161.501239430609,405,111.832721167214,654757,-57.0142135620117
2400,126.664454143314,284,109.872892289772,655041,-57.5689239501953
2401,139.368639921588,255,111.980158039575,655296,-55.7180252075195
2402,70.5025105170106,187,110.547458429614,655483,-56.966495513916
2403,135.956324176445,295,111.709237418247,655778,-57.5102081298828
2404,98.0716046811778,225,111.655520939285,656003,-58.0750923156738
2405,128.030029207593,289,108.689152940627,656292,-59.2366714477539
2406,137.126644003271,339,108.970043225637,656631,-58.4650955200195
2407,22.4218542601392,500,104.92772924341,657131,-57.743537902832
2408,81.2377164720124,151,105.283673136565,657282,-58.193473815918
2409,62.6473981029935,88,103.97091644067,657370,-57.3948364257812
2410,80.2955046680847,153,104.621692906612,657523,-58.2467918395996
2411,66.8980614474719,135,102.381988156221,657658,-58.2821846008301
2412,81.4860488432433,500,100.278732949858,658158,-59.4580688476562
2413,73.815754978461,195,99.2478424327166,658353,-59.3149070739746
2414,64.3268809370452,92,96.1847371685811,658445,-58.4241600036621
2415,81.9666813021673,154,96.1319819277511,658599,-57.8113098144531
2416,176.001780506955,380,101.365300080633,658979,-58.424674987793
2417,85.4422578559024,200,101.476690707332,659179,-57.3208351135254
2418,95.2709936185477,216,98.4516189537016,659395,-58.3475036621094
2419,133.128131994686,286,97.0329635819054,659681,-58.1932716369629
2420,90.3971406149312,213,95.2195979054863,659894,-56.9955673217773
2421,111.604658268065,229,93.8313988228102,660123,-58.8147811889648
2422,81.5292170294095,108,94.3827341484301,660231,-54.815601348877
2423,152.922689917916,270,95.2310524355037,660501,-56.9636459350586
2424,91.7838625763335,163,94.9166653302615,660664,-58.9343299865723
2425,63.2614444382586,89,91.6782360917947,660753,-57.1273231506348
2426,112.452845742825,307,90.4445461787724,661060,-57.024600982666
2427,110.403001803234,230,94.8436035559272,661290,-58.7804565429688
2428,66.6310329029648,500,94.1132693774748,661790,-59.3675918579102
2429,78.8290083578131,151,94.9223498902158,661941,-57.8218269348145
2430,147.863044553368,307,98.3007268844799,662248,-57.7451591491699
2431,58.5168283056824,88,97.8816652273905,662336,-58.5732688903809
2432,114.338990324716,269,99.5243123014641,662605,-57.7126617431641
2433,72.5073285633876,96,99.4588909807104,662701,-60.043773651123
2434,59.6556750113781,86,99.2253306844271,662787,-59.2179145812988
2435,117.688604756433,232,101.01142685714,663019,-59.302001953125
2436,91.6220380144351,166,96.7924397325144,663185,-58.5668296813965
2437,51.4688148661274,139,95.0937675830257,663324,-58.5221481323242
2438,39.6475074020113,500,92.3125932721988,663824,-58.134765625
2439,154.423143100465,352,93.3773438274878,664176,-58.031005859375
2440,64.3824957571591,276,92.0766115845992,664452,-59.9913215637207
2441,7.89961526300524,500,86.8913594343462,664952,-57.4446563720703
2442,22.5096993038343,500,83.9403835480674,665452,-57.0413093566895
2443,111.35859032714,283,81.8621785685286,665735,-58.8595085144043
2444,42.3071617417762,500,79.3883435268008,666235,-58.8518028259277
2445,107.345140543933,233,81.5925283320845,666468,-57.8086624145508
2446,99.0490342036126,442,80.9223377551239,666910,-59.6127853393555
2447,128.456159190423,431,81.8249956244833,667341,-57.5655517578125
2448,55.3061717226527,172,81.2587525654677,667513,-57.4980049133301
2449,37.2078473067627,167,79.1776945129152,667680,-59.8186264038086
2450,114.348714494807,223,77.5019780099871,667903,-58.5409240722656
2451,96.8080565287082,203,79.4165394211384,668106,-59.9657592773438
2452,118.53519725126,423,79.6263497674656,668529,-58.2138938903809
2453,164.330962214549,491,84.2175314500236,669020,-58.2143173217773
2454,59.5823822949572,134,84.2138668142026,669154,-58.0764312744141
2455,67.5631930192905,190,81.7075962273454,669344,-58.8277549743652
2456,77.069101423404,149,80.9799493977939,669493,-60.1945991516113
2457,98.8777748856689,207,83.350397398771,669700,-57.6500511169434
2458,69.3993667717478,95,84.8379903672578,669795,-59.4763717651367
2459,19.0807864604715,500,78.0708725352581,670295,-59.6747741699219
2460,98.605056382411,261,79.7820005665207,670556,-59.9428939819336
2461,5.49546878069094,500,79.661793242405,671056,-57.8388214111328
2462,20.2976944339783,500,79.5511929989122,671556,-56.1239204406738
2463,124.394932622272,380,80.2030101136688,671936,-59.287841796875
2464,167.051327240703,426,86.4402183886151,672362,-61.0456314086914
2465,137.418542851262,463,87.9438885039816,672825,-59.3912582397461
2466,117.023728804508,289,88.8426232340263,673114,-59.9861755371094
2467,85.3613250912621,160,86.6878815290683,673274,-60.0959129333496
2468,78.3923214859608,196,87.8421890172337,673470,-59.4176559448242
2469,50.2724816777968,178,88.4954207357854,673648,-58.7932510375977
2470,41.2475628113993,126,84.840363151615,673774,-58.5591011047363
2471,67.3409650260018,140,83.3670085764797,673914,-56.9225616455078
2472,47.9924718466842,500,79.839872306251,674414,-59.4007949829102
2473,42.3513584179443,125,73.7408921164207,674539,-56.9604034423828
2474,60.9367731281545,500,73.8086116580806,675039,-60.6350593566895
2475,101.741971152406,267,75.5175505647364,675306,-59.551212310791
2476,97.7624607474217,195,76.5522185309372,675501,-58.2316474914551
2477,69.3929206822067,204,75.0779758207641,675705,-58.584659576416
2478,53.7429528595822,176,74.2951551251558,675881,-59.6124114990234
2479,97.8589044727229,265,78.2340610257684,676146,-60.0248718261719
2480,187.267499938067,401,82.6671832035512,676547,-61.2214965820312
2481,30.1979240600144,500,83.9023059675174,677047,-58.8732528686523
2482,107.015487994282,368,88.2381956455326,677415,-59.3169059753418
2483,58.5945365154138,140,84.9481758401897,677555,-59.7530403137207
2484,142.945332454253,347,83.7428761008672,677902,-59.0896797180176
2485,109.595212314794,405,82.3517095740438,678307,-59.8605918884277
2486,88.8660435764446,169,80.9438253126406,678476,-61.5179214477539
2487,86.0546466198139,196,80.9784913890682,678672,-61.659496307373
2488,42.0445040411724,500,79.1611005168288,679172,-59.3341217041016
2489,80.3029783440825,252,80.662625350143,679424,-61.2307052612305
2490,44.8832219020243,135,80.8444083046743,679559,-58.2111434936523
2491,60.3309155003887,242,80.4939058283937,679801,-58.7662582397461
2492,61.2795053626246,189,81.1582575041907,679990,-60.3810615539551
2493,15.2182094133408,500,79.8016000539605,680490,-58.047046661377
2494,108.881771255941,350,82.1988499603498,680840,-59.1659317016602
2495,29.177330718757,114,78.5706179386674,680954,-59.000301361084
2496,108.900671724588,323,79.1275284875257,681277,-59.8268356323242
2497,33.3463705112224,116,77.3252009789765,681393,-60.4875183105469
2498,99.4686383094231,413,79.6114852514685,681806,-59.6190910339355
2499,44.9454746880338,218,76.965813762234,682024,-59.3629302978516
2500,60.5705032921084,186,70.6309639299361,682210,-60.3913764953613
2501,84.000706138914,303,73.3211030338811,682513,-60.3387145996094
2502,54.6997651271684,500,70.7053168905254,683013,-59.2500801086426
2503,127.325902860912,336,74.1418852078003,683349,-59.3019905090332
2504,65.9475509429313,180,70.2919961322342,683529,-57.657787322998
2505,-5.85694529809216,402,64.5193882515899,683931,-61.5515975952148
2506,61.8741131653102,294,63.1697917310332,684225,-58.8531837463379
2507,121.947686677631,287,64.9644437339241,684512,-60.9733352661133
2508,94.5032815699259,152,67.5873826103617,684664,-58.8942832946777
2509,76.0240635469148,192,67.3734368705033,684856,-56.9878196716309
2510,45.7540483664642,500,67.4169781937253,685356,-59.2607383728027
2511,65.064890785471,194,67.6536769579795,685550,-60.6330642700195
2512,51.7037510730243,206,67.1748892434995,685756,-58.9428520202637
2513,50.0819759125777,229,68.9180775684613,685985,-60.034797668457
2514,88.4222409981718,237,67.8951010555729,686222,-58.6609573364258
2515,141.479148857772,345,73.5101919625236,686567,-60.2399444580078
2516,-2.92293230601786,500,67.9190117609933,687067,-60.1672782897949
2517,132.65125843035,494,72.8842561569497,687561,-59.5943641662598
2518,97.0778835621211,329,72.7647184195846,687890,-59.5551910400391
2519,34.2052225861295,118,72.2277058144893,688008,-60.4135513305664
2520,142.54432717894,359,76.3263970088309,688367,-62.1622924804688
2521,46.7581274599102,96,74.4642680748807,688463,-60.0546264648438
2522,65.6490316497997,221,75.0117314010123,688684,-59.0157127380371
2523,57.4000506037797,500,71.5154387881557,689184,-60.8550872802734
2524,78.1585277961872,143,72.1259876308185,689327,-61.4591407775879
2525,72.5684636463061,500,76.0472580780384,689827,-59.6084365844727
2526,79.2391365090524,213,76.9155092452255,690040,-61.1760902404785
2527,130.52421499416,292,77.3443356610519,690332,-59.8967094421387
2528,111.019099571805,264,78.1701265611459,690596,-58.270580291748
2529,48.3798371647451,500,76.7879152420374,691096,-59.0186004638672
2530,134.753512195416,334,81.237888433485,691430,-61.0725555419922
2531,100.649370166078,500,83.0171124025153,691930,-58.7884407043457
2532,143.263784089426,433,87.5951140533354,692363,-60.8794746398926
2533,138.828058425306,368,92.0324181789719,692731,-62.2878952026367
2534,29.7920898095092,234,89.1009106195388,692965,-60.2071914672852
2535,125.851225411307,278,88.3195144472155,693243,-61.3936729431152
2536,88.0220564911208,161,92.8667638870724,693404,-60.4280319213867
2537,113.145040280201,314,91.891452979565,693718,-62.7799377441406
2538,62.4285332851464,500,90.1589854657162,694218,-60.8037300109863
2539,169.986136907283,327,96.9480311817739,694545,-60.2864151000977
2540,61.4223253731316,92,92.8919310914835,694637,-59.3255195617676
2541,58.5862370129113,81,93.4833365691336,694718,-60.9257507324219
2542,139.24107537155,387,97.1629387552211,695105,-62.0099754333496
2543,90.0518031366992,154,98.7955263818671,695259,-60.5860443115234
2544,85.5205234200935,161,99.1636261630624,695420,-60.8225212097168
2545,80.8307550793765,152,99.5767407347159,695572,-60.1970634460449
2546,65.761033000198,191,98.9028355592732,695763,-59.8501358032227
2547,84.8331193767519,151,96.6182807784028,695914,-60.7680740356445
2548,172.844002252896,463,99.7095259124574,696377,-59.2684288024902
2549,85.2879411483187,159,101.554931111636,696536,-58.4855804443359
2550,83.1613964893677,155,98.9753253263336,696691,-60.7629203796387
2551,79.8524460423146,152,97.9354791201455,696843,-58.747974395752
2552,161.560937389356,402,98.8503367851419,697245,-59.6227722167969
2553,86.7671683181678,153,96.247292279785,697398,-60.2511177062988
2554,66.9479627056057,101,98.1050859245899,697499,-59.5014610290527
2555,73.0888757876878,100,95.4669684434089,697599,-61.3051643371582
2556,64.4985720079581,92,94.2907942192508,697691,-61.8201713562012
2557,75.3434251016498,143,92.4007134603232,697834,-60.9585762023926
2558,97.7922155153688,253,94.1688975718344,698087,-62.4453811645508
2559,130.986527404417,460,92.2189170966911,698547,-62.1509208679199
2560,91.0755474552424,160,93.7015782007966,698707,-60.9980087280273
2561,117.821342412156,282,96.6633334707588,698989,-61.5054893493652
2562,86.3963276842039,155,94.0210960863915,699144,-61.0221710205078
2563,74.6925590777841,139,93.2531338834457,699283,-61.7827529907227
2564,91.4305032603873,114,93.5486328754604,699397,-59.4460525512695
2565,98.6010293366357,211,94.4371465883234,699608,-62.643196105957
2566,154.416251052835,500,98.8699074909553,700108,-60.3794021606445
2567,141.261677931333,242,101.691335418684,700350,-59.5857620239258
2568,75.936684479598,101,96.8459695300194,700451,-60.0186538696289
2569,112.608087370787,227,98.2119768411428,700678,-58.8425750732422
2570,83.8318336857382,154,98.2454987009613,700832,-58.5277786254883
2571,167.518026117169,371,102.628777704704,701203,-59.8245048522949
2572,75.4045793854897,500,98.3209598045107,701703,-58.8320999145508
2573,5.46356820505926,500,94.2557797988553,702203,-61.1548233032227
2574,73.523246348297,100,94.5845439809899,702303,-63.1542892456055
2575,81.3221929314556,160,94.9962098381783,702463,-60.7721900939941
2576,123.683550069646,271,97.9554587412626,702734,-62.0792198181152
2577,80.4034905173636,150,98.2084620120483,702884,-60.7139778137207
2578,65.401223740407,90,96.5889124233002,702974,-61.9735565185547
2579,113.787579654367,277,95.7289650357977,703251,-62.1663703918457
2580,68.3848028656613,135,94.5944278063187,703386,-61.1996154785156
2581,93.6467904775926,201,93.3857002095905,703587,-61.338493347168
2582,102.923486871397,184,94.2120581689502,703771,-62.4683532714844
2583,49.4038509705884,97,92.9476227635904,703868,-62.8767776489258
2584,102.080257781704,272,93.4801104896562,704140,-61.4054794311523
2585,81.5833912600164,159,92.6292285858253,704299,-59.2667617797852
2586,83.2554739035674,106,89.0711897283619,704405,-61.0538558959961
2587,93.6027166519625,167,86.6882416643934,704572,-57.7233772277832
2588,74.2666585121795,98,86.6047403660224,704670,-60.730037689209
2589,0.622834779013891,500,81.0054777364337,705170,-64.0167617797852
2590,80.4152848392521,200,80.8346502941095,705370,-61.0790481567383
2591,118.035923042028,236,78.3605451403524,705606,-61.3113021850586
2592,86.9898149069575,154,78.9398069164258,705760,-62.3823089599609
2593,118.750732168865,239,84.6041651146161,705999,-62.4185447692871
2594,107.663184912326,220,86.3111620428176,706219,-62.2633476257324
2595,87.6031125013759,161,86.6252080213136,706380,-61.6812782287598
2596,74.2907149004134,99,84.155566262852,706479,-60.5807418823242
2597,70.8570228304222,160,83.6782428785049,706639,-61.4228019714355
2598,131.768347991085,368,86.9965990910388,707007,-58.6814002990723
2599,61.9654747227948,97,84.4054938444602,707104,-58.839168548584
2600,73.123436732177,107,84.642425537786,707211,-60.8068389892578
2601,92.5700112791155,171,84.5885865778621,707382,-62.2501831054688
2602,97.4594512553593,176,84.3153847970603,707558,-61.5121231079102
2603,194.598500335537,404,91.5751172653077,707962,-59.679817199707
2604,57.2749795942291,100,89.3348533559339,708062,-62.243724822998
2605,58.515377777837,97,88.1814526818249,708159,-60.9449195861816
2606,68.0997578070746,100,87.4236668770003,708259,-60.6509056091309
2607,87.2341094709433,201,87.1052365179493,708460,-60.5594711303711
2608,89.3527674323071,174,87.8595419639557,708634,-59.3478775024414
2609,113.647176658601,221,93.5107590579351,708855,-60.7976989746094
2610,149.706641109527,370,96.9753268714488,709225,-61.0796394348145
2611,125.813875222213,390,97.364224480458,709615,-60.548282623291
2612,165.979327435737,322,101.313700106897,709937,-60.3935508728027
2613,154.324989224771,340,103.092412959692,710277,-61.626392364502
2614,82.5544549858413,158,101.836976463368,710435,-61.5383338928223
2615,61.0486503815319,151,100.509253357376,710586,-63.4255485534668
2616,66.0049253703728,144,100.094963880874,710730,-60.3473091125488
2617,100.89465549387,266,101.596845514046,710996,-60.7438316345215
2618,112.939398362528,235,100.655398032618,711231,-59.9076499938965
2619,60.9353957695766,108,100.603894084957,711339,-57.2785758972168
2620,194.251291540449,493,106.660286825371,711832,-59.4991340637207
2621,81.3085048766869,95,106.09721150525,711927,-62.2395782470703
2622,82.8973677374879,197,105.369107329356,712124,-61.9730033874512
2623,106.083335194322,218,100.943349072295,712342,-60.0695838928223
2624,87.1101993609694,208,102.435110060632,712550,-62.8820724487305
2625,110.393806981401,500,105.029031520811,713050,-58.1559867858887
2626,89.440413623136,160,106.096064311614,713210,-60.7181739807129
2627,141.71742007205,441,108.820229841669,713651,-60.2921409606934
2628,76.0307274694678,96,108.154127843527,713747,-62.0625152587891
2629,89.4415773840092,194,106.943847879797,713941,-62.7781181335449
2630,93.6720035855715,198,104.1421160036,714139,-62.3220634460449
2631,87.1132510486523,254,102.207084794922,714393,-60.9544372558594
2632,72.0033494836358,500,97.5082858973166,714893,-62.2681503295898
2633,43.0695454846564,177,91.9455137103108,715070,-61.3880386352539
2634,106.934183411166,500,93.1645001315771,715570,-61.4135932922363
2635,136.29937257483,311,96.927036241242,715881,-61.4118576049805
2636,71.998702384423,221,97.2267250919444,716102,-62.046516418457
2637,63.4674762031114,259,95.3553661274065,716361,-60.1501388549805
2638,89.1441799250311,264,94.1656052055316,716625,-61.0937576293945
2639,65.8734351064887,106,94.4125071723772,716731,-60.8041229248047
2640,82.0418785383911,176,88.8020365222744,716907,-61.2733688354492
2641,123.086637625196,465,90.8909431596998,717372,-61.972900390625
2642,36.5876538182334,193,88.5754574637371,717565,-61.6055183410645
2643,29.7736711653174,141,84.7599742622869,717706,-63.0709457397461
2644,97.1113872406959,166,85.2600336562732,717872,-61.6909370422363
2645,87.0775628909634,180,84.0942214517513,718052,-58.6777992248535
2646,112.218329384066,189,85.2331172397978,718241,-60.0525321960449
2647,68.5148410767726,219,81.5729882900339,718460,-60.6767501831055
2648,220.483891969695,425,88.7956465150453,718885,-60.5087661743164
2649,72.6719369470753,111,87.9571644931986,718996,-62.3538017272949
2650,38.3591595492682,221,85.1915222913835,719217,-63.2181549072266
2651,42.0196474698589,193,82.9368421124438,719410,-59.5617790222168
2652,59.4119189067921,144,82.3072705836016,719554,-60.2542572021484
2653,87.7761469346684,336,84.5426006561022,719890,-61.3559684753418
2654,64.1508176084164,285,82.4034323659647,720175,-60.4628791809082
2655,30.0198980422098,210,77.0894586393337,720385,-61.5703468322754
2656,123.613896373873,307,79.6702183388062,720692,-63.0722732543945
2657,84.9577712031872,181,80.74473308881,720873,-62.5846328735352
2658,111.472294100161,295,81.8611387975665,721168,-62.3831787109375
2659,60.8327352817198,500,81.6091038063281,721668,-59.7484130859375
2660,-15.727221514867,228,76.7206488036652,721896,-60.3064422607422
2661,98.5103339495086,413,75.4918336198808,722309,-60.4363670349121
2662,142.726592905041,372,80.7987805742212,722681,-59.7216911315918
2663,97.1881619633315,384,84.1695051141219,723065,-60.7161102294922
2664,27.9427660313985,248,80.711074053657,723313,-61.856128692627
2665,128.476832976796,429,82.7810375579486,723742,-60.754020690918
2666,25.6427725451606,178,78.4522597160034,723920,-63.4816398620605
2667,96.7894813132841,152,79.8659917278289,724072,-65.3122482299805
2668,22.150850280442,187,69.9493396433663,724259,-61.9396057128906
2669,71.6342947711316,220,69.8974575345691,724479,-63.8539276123047
2670,98.2021731937011,242,72.8896082167907,724721,-60.4766273498535
2671,73.2284268905639,500,74.450047187826,725221,-61.9392738342285
2672,62.8666667063851,71,74.6227845778056,725292,-62.9249305725098
2673,49.7887482269279,107,72.7234146424186,725399,-61.1008987426758
2674,60.4434559084181,68,72.5380465574187,725467,-60.6075172424316
2675,71.5524019572555,62,74.614671753171,725529,-65.4161834716797
2676,192.777302485364,398,78.0728420587455,725927,-62.6660575866699
2677,141.455214438594,355,80.8977142205159,726282,-62.4262046813965
2678,1.43005496981706,270,75.3956022639987,726552,-61.589729309082
2679,82.3643507800405,138,76.4721830389147,726690,-62.8555641174316
2680,91.9275275846506,154,81.8549204938906,726844,-62.2940902709961
2681,77.2059657544558,241,80.7897020841379,727085,-61.9264450073242
2682,98.5508058968558,224,78.5809127337287,727309,-63.8493003845215
2683,13.4848386472707,123,74.3957465679256,727432,-63.9510459899902
2684,98.8481455060048,175,77.9410155416559,727607,-64.3268356323242
2685,162.137782905491,201,79.6240630380907,727808,-64.8991622924805
2686,88.1632746849857,139,82.750088145082,727947,-61.5021934509277
2687,72.2145534368083,60,81.5213417512582,728007,-63.1763763427734
2688,89.8841589848434,76,84.9080071864783,728083,-62.6922645568848
2689,100.825813001779,133,86.3675830980106,728216,-65.7103042602539
2690,83.885663128567,136,85.6517575947539,728352,-62.9753036499023
2691,106.201438899711,143,87.3004081952113,728495,-64.1927337646484
2692,137.562625412992,303,91.0352061305417,728798,-63.2627792358398
2693,88.2692595291059,117,92.9592316956506,728915,-63.7229423522949
2694,79.3809501919478,68,93.9061064098271,728983,-63.6330604553223
2695,76.5744662896698,66,94.1572096264478,729049,-64.3956527709961
2696,102.489785302912,337,89.6428337673252,729386,-65.0567169189453
2697,81.9970888704136,107,86.6699274889161,729493,-62.7443313598633
2698,73.0372557849945,58,90.250287529675,729551,-63.6350593566895
2699,136.916418115011,500,92.9778908964235,730051,-64.1823043823242
2700,90.6543367699286,124,92.9142313556874,730175,-64.1528015136719
2701,68.1280565936436,500,92.4603358976468,730675,-62.5024528503418
2702,105.503716847252,287,92.8079814451667,730962,-63.2399635314941
2703,77.6138552087862,65,96.0144322732424,731027,-62.7746200561523
2704,137.249144717768,247,97.9344822338306,731274,-63.5954742431641
2705,-123.647563218988,102,83.6452149276066,731376,-62.6723251342773
2706,100.250480371552,500,84.249575211935,731876,-63.1479301452637
2707,84.9224554177056,72,84.8849703109798,731948,-63.8345909118652
2708,-121.084977476616,193,74.3365134879069,732141,-63.7682876586914
2709,116.991021661877,188,75.1447739209118,732329,-61.7546348571777
2710,130.834438078664,295,77.4922126684166,732624,-62.0324325561523
2711,89.9705278220629,500,76.6806671145342,733124,-62.2224807739258
2712,90.3016065720202,118,74.3176161724856,733242,-63.0937881469727
2713,95.6744822065063,500,74.6878773063556,733742,-63.0132331848145
2714,134.131288259237,210,77.4253942097201,733952,-62.9287490844727
2715,83.4625553800089,70,77.769798664237,734022,-61.0088920593262
2716,86.6477814918453,112,76.9776984736837,734134,-64.1143951416016
2717,26.3526672991566,500,74.1954773951208,734634,-61.1832656860352
2718,96.6034846951519,125,75.3737888406287,734759,-62.6512107849121
2719,127.553970106277,204,74.905666440192,734963,-61.767692565918
2720,-125.326226506492,104,64.106638276371,735067,-62.0610237121582
2721,132.095686631313,208,67.3050197782544,735275,-62.537166595459
2722,69.1179575255339,148,65.4857318121685,735423,-62.9637756347656
2723,98.8752089508907,176,66.5487994992738,735599,-62.1582565307617
2724,101.548913550056,225,64.7637879408882,735824,-63.2942733764648
2725,145.441123939581,428,78.2182222988166,736252,-61.2619438171387
2726,195.27777684741,397,82.9695871226095,736649,-62.7676391601562
2727,83.1739956498118,107,82.8821641342148,736756,-61.6797142028809
2728,128.782443315512,198,95.3755351738212,736954,-60.495174407959
2729,99.0638336931404,500,94.4791757753843,737454,-61.7521591186523
2730,-130.435093519271,202,81.4156991954876,737656,-59.6771850585938
2731,108.132611621116,138,82.3238033854402,737794,-64.3711547851562
2732,117.49034726989,500,83.6832404203337,738294,-63.2705421447754
2733,134.382563465422,207,85.6186444832795,738501,-60.4722023010254
2734,105.643561664569,500,84.1942581535461,739001,-60.9019088745117
2735,110.615607485886,147,85.55191075884,739148,-60.4071846008301
2736,118.154830515583,194,87.1272632100269,739342,-58.4427909851074
2737,102.357654903297,133,90.9275125902339,739475,-62.2316856384277
2738,109.377759700852,231,91.5662263405189,739706,-60.5614166259766
2739,22.7490151864469,500,86.3259785945274,740206,-61.1963386535645
2740,84.3339807162706,70,96.8089889556655,740276,-60.7622871398926
2741,107.630564902887,137,95.5857328692442,740413,-61.9853096008301
2742,101.591716371593,131,97.2094208115472,740544,-59.1348190307617
2743,73.4289860271793,61,95.9371096653616,740605,-61.774715423584
2744,83.2686781131996,164,95.0230978935188,740769,-59.2283096313477
2745,103.160633635581,135,92.9090733783188,740904,-60.1387901306152
2746,135.072769091632,311,89.8988229905299,741215,-61.6145095825195
2747,82.0731320458151,110,89.8437798103301,741325,-60.1311988830566
2748,147.261310108811,267,90.767723149995,741592,-59.7446899414062
2749,136.575433661083,500,92.6433031483922,742092,-60.8844604492188
2750,69.2842639108417,92,102.629271019898,742184,-60.732780456543
2751,98.09942899443,128,102.127611888563,742312,-63.3881187438965
2752,128.191160652412,249,102.66265255769,742561,-60.6853370666504
2753,113.395563115592,185,101.613302540198,742746,-59.4876823425293
2754,122.159493360128,242,102.439099124976,742988,-59.4967994689941
2755,99.5931409330187,130,101.887975797333,743118,-61.4197387695312
2756,130.343296239771,252,102.497399083542,743370,-60.0524978637695
2757,123.709774375175,198,103.565005057136,743568,-61.0128707885742
2758,51.9530165332257,500,100.693767898755,744068,-61.3660736083984
2759,146.371766617908,252,106.874905470328,744320,-59.6211433410645
2760,74.1509819711636,57,106.365755533072,744377,-62.0489120483398
2761,93.7656169125534,123,105.672508133556,744500,-59.8830184936523
2762,198.676539106151,407,110.526749270284,744907,-60.2895774841309
2763,185.888292989812,383,116.149714618415,745290,-59.5035552978516
2764,177.311267680186,493,120.851844096765,745783,-58.7582244873047
2765,57.1298006935703,88,118.550302449664,745871,-60.6516036987305
2766,196.528161550854,359,121.623072072625,746230,-59.985424041748
2767,93.2602822849153,120,122.18242958458,746350,-61.3988609313965
2768,-88.5273875813878,196,110.39299470007,746546,-59.546875
2769,73.8075012927803,99,107.254598081655,746645,-58.9519996643066
2770,107.033391629859,500,109.142054467606,747145,-60.9094390869141
2771,130.744060167031,249,110.774286026236,747394,-62.3029251098633
2772,77.2453519895744,63,108.226995593094,747457,-60.8527145385742
2773,105.873730140642,135,107.850903944347,747592,-58.9739990234375
2774,58.5369216861292,500,104.669775360647,748092,-59.694694519043
2775,114.280328605586,391,105.404134744275,748483,-61.0019683837891
2776,148.077862791923,388,106.290863071883,748871,-60.3072128295898
2777,103.138860085109,217,105.262317357379,749088,-59.6339263916016
2778,106.808366915139,500,108.005084876475,749588,-59.9627876281738
2779,92.9880178080009,175,105.33589743598,749763,-60.6123695373535
2780,80.3867125116175,68,105.647683963002,749831,-60.255542755127
2781,28.6019950526047,500,102.389502870005,750331,-58.3083648681641
2782,76.2141446213026,500,96.2663831457623,750831,-59.951774597168
2783,74.6231881064673,58,90.7031279015951,750889,-61.0559158325195
2784,88.4204846896542,115,86.2585887520685,751004,-59.3252563476562
2785,65.2492385842542,205,86.6645606466027,751209,-58.8448219299316
2786,65.0535064724368,89,80.0908278926819,751298,-59.8816146850586
2787,177.229940284474,340,84.2893107926598,751638,-61.3558502197266
2788,147.770864424475,313,96.104223392953,751951,-59.3510131835938
2789,178.117661268966,391,101.319731391762,752342,-61.5708694458008
2790,148.604827057,298,103.398303163119,752640,-61.5114974975586
2791,82.5397281301278,70,100.988086561274,752710,-58.0686874389648
2792,83.0854925259342,69,101.280093588092,752779,-60.3697547912598
2793,73.9354799313827,105,99.6831810776292,752884,-57.3636512756348
2794,85.0448965192562,500,101.008579819286,753384,-59.9839515686035
2795,130.776834560965,500,101.833405117054,753884,-59.2397575378418
2796,76.7737534730966,105,98.2681996511132,753989,-60.0812301635742
2797,-85.5572760926991,198,88.8333928422228,754187,-58.7640686035156
2798,114.733629458893,144,89.2296559694104,754331,-58.8001899719238
2799,88.8219581765428,73,89.0213529878375,754404,-60.5030632019043
2800,-79.27959161504,207,81.0380377815047,754611,-58.9933166503906
2801,60.2268538034135,500,82.6192807190451,755111,-57.2875022888184
2802,162.281931495549,283,86.9226700627574,755394,-61.0871315002441
2803,102.657263354781,132,88.3243738251731,755526,-60.1373596191406
2804,136.763073062379,213,90.7415032438093,755739,-58.8364791870117
2805,110.921168941306,145,93.0250997616619,755884,-59.2455062866211
2806,83.6490987338965,113,93.9548793747349,755997,-60.5484886169434
2807,100.855921112118,131,90.1361784161171,756128,-60.6574249267578
2808,81.1966560022974,66,86.8074679950082,756194,-59.4505996704102
2809,96.0102933543668,122,82.7020995992782,756316,-60.9626350402832
2810,137.609405778015,219,82.152328535329,756535,-58.6201591491699
2811,93.7793078651663,122,82.7143075220809,756657,-60.879581451416
2812,16.5256699514073,500,79.3863163933546,757157,-58.2839279174805
2813,77.8052736006752,66,79.5798060768192,757223,-60.3420639038086
2814,-1.09036541631764,500,75.2730429800405,757723,-57.7112808227539
2815,-73.2762796981779,386,65.0703872670834,758109,-58.6478271484375
2816,57.568306674814,500,64.1101149271692,758609,-57.1500816345215
2817,108.266550045821,139,73.8013062340953,758748,-59.8375549316406
2818,65.8515113557845,139,71.3572003289398,758887,-57.156909942627
2819,71.0832391648777,500,70.4702643783566,759387,-58.1609153747559
2820,77.5238867139367,500,78.3104382948054,759887,-57.8009033203125
2821,167.565152479876,470,83.6773532286286,760357,-59.1037406921387
2822,37.2075983199035,222,77.4236365698463,760579,-57.4201622009277
2823,80.6771678848183,500,76.3246317963482,761079,-58.8332748413086
2824,85.0439715449659,69,73.7386767204775,761148,-58.5394859313965
2825,111.964705774853,193,73.7908535621549,761341,-57.8126525878906
2826,153.742858334634,319,77.2955415421918,761660,-58.7457809448242
2827,77.7584228102302,63,76.1406666270974,761723,-60.4924545288086
2828,19.8841373696769,500,73.0750406954664,762223,-59.5925064086914
2829,191.599083921751,362,77.8544802238356,762585,-58.8905296325684
2830,91.2480976071808,168,75.5364148152939,762753,-60.6836433410645
2831,88.6588010738779,119,75.2803894757294,762872,-57.8546981811523
2832,108.790282753477,184,79.8936201158329,763056,-60.4830436706543
2833,167.350044362801,332,84.3708586539392,763388,-58.610107421875
2834,134.972628866194,258,91.1740083680648,763646,-57.7918243408203
2835,79.2449439298101,64,98.8000695494642,763710,-59.3325309753418
2836,151.627952695096,324,103.503051850478,764034,-58.4511337280273
2837,108.318937341926,185,103.505671215283,764219,-60.4907341003418
2838,76.9272673168606,63,104.059459013337,764282,-60.5997428894043
2839,93.2767714011121,500,105.169135625149,764782,-58.606559753418
2840,136.451335794853,500,108.115508079195,765282,-60.8399543762207
2841,74.9099943750334,151,103.482750173953,765433,-61.1614074707031
2842,92.1295725234082,119,106.228848884128,765552,-59.9785194396973
2843,-112.169504505243,191,96.5865152646248,765743,-57.7996635437012
2844,168.471905517937,416,100.757911963273,766159,-59.3292999267578
2845,76.7934176369343,158,98.9993475563775,766317,-58.7356567382812
2846,116.148780050158,235,97.1196436421537,766552,-59.8432083129883
2847,85.5286151162545,113,97.5081532574549,766665,-60.2407035827637
2848,145.456080517476,224,103.786750414845,766889,-59.2602043151855
2849,102.567247350892,500,99.3351585863019,767389,-60.6528854370117
2850,83.6643580444797,69,98.9559716081669,767458,-59.1733779907227
2851,74.4827752267409,149,98.24717031581,767607,-58.806510925293
2852,52.4642390298292,148,95.4308681296277,767755,-59.2788314819336
2853,166.562854607915,341,95.3915086418833,768096,-58.3777084350586
2854,-120.181785733783,89,82.6337879118845,768185,-59.539737701416
2855,85.6656562989176,170,82.9548235303399,768355,-58.7571601867676
2856,-107.715974294905,373,69.9876271808398,768728,-57.545295715332
2857,92.8594643675932,76,69.2146535321232,768804,-59.9982986450195
2858,149.295961608527,318,72.8330882467065,769122,-60.9516525268555
2859,-105.483096933257,500,62.895094829988,769622,-57.8057289123535
2860,-0.159228927228227,391,56.064566593884,770013,-59.4256782531738
2861,112.20872535567,236,57.9295031429158,770249,-59.6761894226074
2862,32.2722854394947,236,54.9366387887201,770485,-59.7194595336914
2863,87.4704444829919,70,64.9186362381319,770555,-59.2217597961426
2864,83.2378867038324,261,60.6569352974266,770816,-57.5923271179199
2865,110.797438726858,142,62.3571363519228,770958,-60.4066009521484
2866,41.2162664387512,340,58.6105106713525,771298,-59.6847801208496
2867,117.719414639109,149,60.2200506474952,771447,-59.8178291320801
2868,89.2787979256919,165,57.411186517906,771612,-59.2460289001465
2869,85.8869445069921,390,56.577171375711,772002,-58.0780982971191
2870,120.381719569174,500,58.4130394519457,772502,-58.4654960632324
2871,84.6793031422409,162,58.9228658477207,772664,-59.1617050170898
2872,124.652383475208,341,62.5322730699897,773005,-58.1950302124023
2873,94.7534653760666,171,58.9418036083973,773176,-59.3673629760742
2874,82.9672233140194,370,69.0992540607874,773546,-59.9809646606445
2875,63.7500492673311,153,68.0034737092081,773699,-57.7395896911621
2876,103.314406026955,178,78.5549927253011,773877,-60.0858879089355
2877,125.454970936586,247,80.1847680537507,774124,-59.9853668212891
2878,127.279929274422,459,79.0839664370454,774583,-59.3357162475586
2879,-450.866191324556,500,61.8148117174805,775083,-57.9435882568359
2880,-138.233823952949,404,54.9110819661944,775487,-59.9144973754883
2881,76.4553960557223,160,53.1234155011971,775647,-58.4383125305176
2882,70.3611314195233,314,55.0278578001985,775961,-58.8066482543945
2883,46.4948151511924,303,52.9790763336085,776264,-57.8657760620117
2884,183.679852182669,351,58.0011746075504,776615,-61.3071594238281
2885,96.2330490798472,169,57.2729551251998,776784,-61.0862159729004
2886,70.1709517360576,158,58.7206893900651,776942,-60.642204284668
2887,-13.7456769107208,200,52.1474348125736,777142,-58.5961761474609
2888,61.9776120153497,153,50.7823755170565,777295,-59.8807144165039
2889,92.891833705359,221,51.1326199769749,777516,-58.6496162414551
2890,90.0387559557759,239,49.615471796305,777755,-58.02197265625
2891,79.3007297502089,152,49.3465431267034,777907,-60.2131233215332
2892,82.7864177628301,161,47.2532448410844,778068,-60.7922782897949
2893,84.1461181543715,108,46.7228774799997,778176,-58.9989547729492
2894,79.253302739891,276,46.5371814512933,778452,-58.4363136291504
2895,30.7982103553752,396,44.8895895056955,778848,-59.0067443847656
2896,92.7453021204002,117,44.3611343103678,778965,-62.190673828125
2897,15.8583840105676,229,38.8813049640669,779194,-58.6275596618652
2898,114.325161207627,188,38.2335665607271,779382,-60.9898414611816
2899,28.0323562051214,219,62.178493937211,779601,-59.4433097839355
2900,67.4853451548683,206,72.4644523926019,779807,-61.4427909851074
2901,73.6805867037959,147,72.3257119250056,779954,-60.2848243713379
2902,-0.219743882917157,207,68.7966681598835,780161,-59.8823585510254
2903,36.3005873673831,134,68.2869567706931,780295,-58.4630851745605
2904,-81.5608420561357,380,55.0249220587528,780675,-60.0985527038574
2905,57.9384348020533,148,53.1101913448631,780823,-60.0233421325684
2906,81.2855067877103,161,53.6659190974458,780984,-60.6088180541992
2907,75.0863593906151,218,58.1075209125126,781202,-60.7400360107422
2908,-18.8095301185019,322,54.06816380582,781524,-60.7994995117188
2909,59.2164535527267,143,52.3843947981884,781667,-60.2120323181152
2910,57.7168758681855,141,50.7683007938089,781808,-60.7417984008789
2911,38.6055061866817,140,48.7335396156325,781948,-56.4378547668457
2912,61.0339319356036,247,47.6459153242712,782195,-60.2227935791016
2913,72.9440419885467,149,47.0858115159799,782344,-59.9803695678711
2914,61.9730582688208,138,46.2217992924264,782482,-58.2844009399414
2915,41.8362636971492,139,46.7737019595151,782621,-60.1862030029297
2916,113.774377326135,233,47.8251557198018,782854,-59.0633277893066
2917,-131.061496511748,445,40.4791616936861,783299,-60.3381614685059
2918,87.3090677201924,156,39.1283570193143,783455,-59.4112586975098
2919,66.9956563736741,143,41.076522027742,783598,-59.9983978271484
2920,65.5855848449224,145,40.9815340122447,783743,-60.6159744262695
2921,68.1809620683462,143,40.7065527804722,783886,-59.8019371032715
2922,92.5262285347474,165,45.3438514013554,784051,-59.3708915710449
2923,87.5439761418354,160,47.906020840078,784211,-60.6946792602539
2924,67.7340309300705,152,55.3707644893883,784363,-60.5781097412109
2925,-20.0666757292557,200,51.4705089628229,784563,-58.0119857788086
2926,-21.9130957122229,210,46.3105788378262,784773,-60.7698707580566
2927,-18.4696636824994,205,41.6327776841705,784978,-59.5856895446777
2928,99.4670982070452,170,47.5466091004479,785148,-61.928150177002
2929,83.1765103790296,216,48.744611941763,785364,-59.5261192321777
2930,-21.4956776772002,197,44.7839842644937,785561,-60.9223785400391
2931,133.125461731583,255,49.5099820417388,785816,-61.6984062194824
2932,31.9599933015409,241,48.0562851100356,786057,-61.076732635498
2933,114.185667090583,288,50.1183663651374,786345,-60.6176643371582
2934,9.62206791501389,216,47.5008168474471,786561,-59.5799674987793
2935,-8.09702199405315,207,45.004152562887,786768,-60.1311416625977
2936,71.3329337643776,273,42.8820803847991,787041,-60.3201217651367
2937,83.4755395560057,325,53.6089321881868,787366,-61.2383880615234
2938,40.4726467917051,135,51.2671111417624,787501,-62.3767166137695
2939,15.2444908675927,276,48.6795528664583,787777,-60.0444526672363
2940,-38.4763401487105,279,43.4764566167767,788056,-60.2153091430664
2941,-199.535600377374,500,30.0906284944907,788556,-58.7185478210449
2942,10.9973166020483,214,26.0141828978557,788770,-60.4390182495117
2943,-58.1981432540914,287,18.7270769280594,789057,-61.6138343811035
2944,30.4322431883217,225,16.8619875409719,789282,-59.6702842712402
2945,-6.46086145747948,206,17.5422782545607,789488,-59.5077629089355
2946,73.9425464182876,145,22.3350603610863,789633,-61.0487442016602
2947,60.7761484973812,207,26.2973509700803,789840,-62.5456848144531
2948,62.2715602090222,141,24.4375740701792,789981,-61.7235908508301
2949,127.43060274023,250,26.6502786882392,790231,-61.8643836975098
2950,38.0721809323122,292,29.6286716187148,790523,-62.7503471374512
2951,55.5661163189978,295,25.7507043480856,790818,-61.8382835388184
2952,-30.5706867662602,300,22.6241703446955,791118,-61.5240592956543
2953,11.3145274856412,212,17.4806133644484,791330,-62.5547180175781
2954,-92.2644575702598,457,12.3862870901847,791787,-60.3880996704102
2955,90.497775723288,160,17.3160269760518,791947,-63.3463325500488
2956,40.9220721243298,225,15.7954838940494,792172,-63.2479095458984
2957,60.0254053280742,194,14.6229771826528,792366,-61.7053413391113
2958,9.03379625850758,205,13.051034655993,792571,-59.6869239807129
2959,93.8881476641149,159,16.9832174958191,792730,-62.9390182495117
2960,24.8810621038596,261,20.1510876084476,792991,-63.6673622131348
2961,30.466923687115,231,31.651213811672,793222,-62.7950134277344
2962,-10.9978637830927,302,30.551454792415,793524,-61.9622573852539
2963,25.8264601177913,216,34.7526849610091,793740,-61.7920150756836
2964,103.362000770845,339,38.3991728401353,794079,-64.1631774902344
2965,-161.996086491489,500,30.6224115884349,794579,-60.9331398010254
2966,78.4735439811102,146,30.848961466576,794725,-63.7988662719727
2967,13.3494533607663,207,28.4776267097452,794932,-60.3962211608887
2968,163.998852270362,320,33.5639913128122,795252,-62.8247528076172
2969,78.2238311110924,143,31.1036527313553,795395,-65.4594192504883
2970,49.9775630540885,136,31.6989218374442,795531,-64.4825286865234
2971,17.444957503409,201,29.7928638966647,795732,-61.7743034362793
2972,41.1126032062487,130,33.3770283952902,795862,-61.2870750427246
2973,23.4268145989239,207,33.9826427509543,796069,-62.9979820251465
2974,22.076334563421,316,39.6996823576383,796385,-63.4920425415039
2975,74.0602600633604,144,38.877806574642,796529,-62.4528007507324
2976,41.5332373108035,214,38.9083648339656,796743,-63.3156242370605
2977,63.1574173223964,85,39.0649654336817,796828,-63.025218963623
2978,-30.6792535048114,257,37.0793129455158,797085,-63.5194664001465
2979,85.4629768665436,221,36.6580544056372,797306,-64.919792175293
2980,-81.8987153687149,311,31.3190655320085,797617,-63.9047584533691
2981,52.6473664467943,131,32.4280876699925,797748,-62.6102676391602
2982,79.77801883364,150,36.9668818008291,797898,-64.7400741577148
2983,148.886410037073,372,43.1198792967932,798270,-62.8849906921387
2984,68.1235215066882,139,41.3579553335853,798409,-63.4496803283691
2985,71.8342419691196,290,53.0494717566157,798699,-64.0600357055664
2986,181.673144109335,493,58.209451763027,799192,-65.4247894287109
2987,-81.7075952813366,300,53.4565993309218,799492,-64.7035522460938
2988,86.1153191107638,153,49.5624226729419,799645,-63.102783203125
2989,65.8711031951327,81,48.9447862771439,799726,-64.1981201171875
2990,-41.9134258143682,287,44.3502368337211,800013,-64.1323928833008
2991,38.9659157036447,211,45.4262847437329,800224,-63.455379486084
2992,79.4681037236469,145,47.3440597696028,800369,-64.8314361572266
2993,77.0884058462402,138,50.0271393319686,800507,-64.0843276977539
2994,41.104629306855,226,50.9785540691403,800733,-66.3024368286133
2995,36.350987831551,119,49.0930904575498,800852,-64.1869049072266
2996,45.5367807085509,229,49.2932676274372,801081,-65.1999206542969
2997,17.6746640490065,204,47.0191299637677,801285,-65.5637054443359
2998,44.4024558993125,223,50.7732154339739,801508,-63.0509796142578
2999,21.7943059855804,141,47.5897818899257,801649,-66.8477401733398
3000,-35.4387075785331,217,49.9127822794348,801866,-63.311092376709
3001,80.1517661194645,146,51.2880022630684,802012,-66.9369049072266
3002,63.5841558554785,182,50.4783091141603,802194,-64.1847763061523
3003,72.6018679347428,139,46.6640820090438,802333,-66.2272644042969
3004,89.294128402017,149,47.7226123538102,802482,-65.7090759277344
3005,79.0339552122933,148,48.0825980159689,802630,-63.1914443969727
3006,19.1566565023893,216,39.9567736356216,802846,-63.4708290100098
3007,80.300418097481,140,48.0571743045625,802986,-64.9129867553711
3008,76.2745906902833,132,47.5651378835385,803118,-62.567569732666
3009,89.8419361498453,146,48.7636795312741,803264,-65.955078125
3010,59.3684758352104,240,53.827774613753,803504,-65.2891693115234
3011,87.2509678018882,147,56.2420272186652,803651,-65.625732421875
3012,16.6104414294139,163,53.0991441039535,803814,-65.0142364501953
3013,93.6161576489465,149,53.9255316940889,803963,-66.5605239868164
3014,73.6956128998458,292,55.5550808737384,804255,-65.2592926025391
3015,-4.39566628083675,230,53.517748168119,804485,-64.5613174438477
3016,70.2198181862192,136,54.7519000420024,804621,-67.0045776367188
3017,33.771348791963,161,55.5567342791503,804782,-65.6248626708984
3018,61.75193937037,342,56.4242084527031,805124,-65.4842910766602
3019,66.5549303954451,85,58.6622396731964,805209,-66.448112487793
3020,80.3335225986618,146,64.4508511820561,805355,-66.6652984619141
3021,17.6882153080973,198,61.3276736414877,805553,-67.1101531982422
3022,64.6837981047146,135,61.3826557539495,805688,-65.9139862060547
3023,102.350386060567,223,62.8700816602408,805911,-65.5083847045898
3024,79.5242470902157,144,62.3815875946507,806055,-67.1413726806641
3025,27.6182140149551,209,59.8108005347838,806264,-64.7441329956055
3026,104.985429475665,234,64.1022391834476,806498,-65.6244583129883
3027,39.9761144344035,115,62.0860240002937,806613,-66.0577392578125
3028,12.2654353346441,224,58.8855662325117,806837,-67.2996139526367
3029,45.1778421677367,237,56.6523615334063,807074,-66.1788177490234
3030,107.653040712694,500,59.0665897772805,807574,-65.5328750610352
3031,94.7802220890529,153,59.4430524916387,807727,-65.3522186279297
3032,59.7106305237613,132,61.5980619463561,807859,-66.0797805786133
3033,85.9146731641862,143,61.2129877221181,808002,-66.1671981811523
3034,112.314190023383,247,63.1439165782949,808249,-66.886833190918
3035,10.6383843515149,150,63.8956191099125,808399,-66.5821151733398
3036,39.0523050192843,116,62.3372434515658,808515,-64.6416168212891
3037,25.9184875162308,129,61.9446003877792,808644,-66.3951187133789
3038,29.4017683075296,143,60.3270918346371,808787,-66.2597503662109
3039,17.0674300430847,143,57.8527168170191,808930,-66.0742568969727
3040,22.1566766960261,151,54.9438745218873,809081,-67.1468200683594
3041,187.525031295728,419,63.4357153212689,809500,-65.1114196777344
3042,72.2038896425882,262,63.8117198981626,809762,-67.3367156982422
3043,196.031245061997,433,68.495762848234,810195,-68.2253875732422
3044,27.3140937885232,367,65.8852551831494,810562,-65.4109420776367
3045,92.1364028046809,276,69.1111646226357,810838,-64.9001007080078
3046,25.537459927725,132,65.1387661452387,810970,-64.9972915649414
3047,112.298628142642,331,68.7548918306506,811301,-67.0188903808594
3048,40.5100082406669,192,70.1671204759517,811493,-64.6534805297852
3049,78.4977970668751,114,71.8331182209087,811607,-65.0157852172852
3050,72.3325791105801,153,70.067095140803,811760,-67.1250686645508
3051,49.8737120259355,195,67.8217696376471,811955,-66.8501510620117
3052,143.855661259753,225,72.0290211744467,812180,-66.1792602539062
3053,78.72022459133,116,71.6692987458039,812296,-64.3476333618164
3054,55.1405706171776,148,68.8106177754936,812444,-64.2547607421875
3055,42.4474238554211,135,70.4010697506889,812579,-66.5425491333008
3056,58.6297664233693,209,71.3799428208932,812788,-66.5694732666016
3057,95.9227755868799,319,74.8801572244256,813107,-64.5512161254883
3058,42.2807483985509,196,75.5241062289767,813303,-65.8883743286133
3059,7.24744591363807,225,75.0331070225044,813528,-64.8067016601562
3060,99.688486092945,152,78.9096974923503,813680,-65.2201538085938
3061,51.6702172878197,194,72.1169567919549,813874,-64.0060653686523
3062,57.1806443451986,196,71.3657945270854,814070,-66.3588256835938
3063,64.8910598896535,208,64.8087852684683,814278,-65.150634765625
3064,46.4838143616695,196,65.7672712971256,814474,-66.729377746582
3065,47.4831383911878,105,63.5346080764509,814579,-65.761116027832
3066,106.635325260613,201,67.5895013430953,814780,-64.3390426635742
3067,54.8489265598723,203,64.7170162639569,814983,-69.1188125610352
3068,62.7532092222958,115,65.8291763130383,815098,-64.9668807983398
3069,71.2046912383788,113,65.4645210216135,815211,-65.2731475830078
3070,64.0540223168795,114,65.0505931819285,815325,-65.9987487792969
3071,37.1575091745891,192,64.4147830393611,815517,-67.9948120117188
3072,52.1057026557113,103,59.827285109159,815620,-65.3413848876953
3073,32.1183927433949,134,57.4971935167623,815754,-65.0575866699219
3074,76.4906165786007,222,58.5646958148335,815976,-66.7692337036133
3075,143.915714874331,470,63.6381103657789,816446,-62.9718322753906
3076,47.8803706391889,148,63.1006405765699,816594,-66.660514831543
3077,83.4213235622076,120,62.4755679753363,816714,-62.4654350280762
3078,81.9535671677749,225,64.4592089137975,816939,-67.9028167724609
3079,71.7539239674426,113,67.6845328164877,817052,-67.1127166748047
3080,85.3236502160423,115,66.9662910226426,817167,-63.1250648498535
3081,95.4721380005531,119,69.1563870582793,817286,-64.4516448974609
3082,93.4043759999911,123,70.9675736410189,817409,-65.0579452514648
3083,79.1867993208711,58,71.6823606125798,817467,-64.4561538696289
3084,83.2736773507048,121,73.5218537620315,817588,-64.456657409668
3085,39.8195839098259,137,73.1386760379634,817725,-66.8358764648438
3086,106.795948039543,132,73.14670717691,817857,-65.5805816650391
3087,83.9477539961562,130,74.6016485487242,817987,-66.5449676513672
3088,150.116766273949,220,78.9698264013068,818207,-62.7268218994141
3089,92.6029438801624,187,80.039739033396,818394,-65.4357833862305
3090,106.472902314193,136,82.1606830332617,818530,-62.5260963439941
3091,76.3655827181009,58,84.1210867104373,818588,-68.2367324829102
3092,80.9576033155533,117,85.5636817434293,818705,-64.5360107421875
3093,39.7807703940644,145,85.9468006259628,818850,-63.8599662780762
3094,125.970521645641,202,88.4207958793148,819052,-66.3069686889648
3095,65.5838069644024,208,84.5042004838184,819260,-64.3499526977539
3096,89.9679833519765,115,86.6085811194578,819375,-66.6270217895508
3097,133.97279592047,212,89.1361547373709,819587,-66.4486236572266
3098,102.708431248524,193,90.1738979414083,819780,-65.6919937133789
3099,52.5141328565181,109,89.2119083858621,819889,-63.248664855957
3100,46.617139549874,105,87.2765828525537,819994,-66.9594497680664
