CaseID,Theta1Error0,Theta2Error0,Omega1Error0,Omega2Error0,EvalSetName,SimTime,NumSamples,MaxAbsTheta1,MaxAbsTheta2Error,MaxAbsOmegaError,Theta2IAE,Theta2ISE,Theta1IAE,SettlingTimeTheta2,SettlingTimeBoth,FinalTheta2MAE,FinalTheta1MAE,FinalTheta2Bias,FinalTheta1Bias,FinalTheta2MaxAbsError,Theta2EndRMS,Theta2EndOscRMS,Theta2EndPeakToPeak,Theta2EndOscFreqHz,ActionEnergy,TorqueCommandEnergy,TorqueEnergy,CurrentEnergy,VoltageEnergy,ElectricalAbsEnergy,MeanAbsElectricalPower,DActionEnergy,DTorqueCommandEnergy,ActionDiffRMS,ActionEndRMS,ActionEndOscRMS,ActionEndPeakToPeak,ActionEndOscFreqHz,Terminated,Failed,CaseCost,ControllerName,StageIndex,StageName,TrainingEpisode,EvaluatedAt
1,-0.785398163397448,-3.14159265358979,-5,-10,full_final,5,100001,0.953955057652717,3.14159265358979,31.4507791724865,0.440318092099646,0.63005403036151,3.57261315710064,1.5915,NaN,3.76777704767663e-08,0.802312667867341,-2.39274486746586e-08,-0.802312667867341,1.00106976685263e-07,1.02576406000446e-07,7.47400613259711e-08,3.3718816538908e-07,4,0.0205372346868324,13.2251331719239,0.00578087191670902,0.60811275915413,13.2251331719239,2.78841299909393,0.557682599818787,0.0236748860139372,0.164281063286465,0.0688111706250332,2.23719962161058e-07,2.2371100749081e-07,1.16229057312012e-06,55.5,0,0,2.66988959263297,TD3,NaN,mathworks_style_single_run,NaN,17-Jun-2026 15:04:37
2,-0.785398163397448,-3.14159265358979,-5,0,full_final,5,100001,1.164533069783,3.14159265358979,25.3510712733515,1.29049384910958,2.50623930355356,3.58343090763458,1.7481,NaN,6.51109322453226e-08,0.802312756953834,-6.51107572072119e-08,-0.802312756953834,1.80907489433224e-07,2.95580457661536e-07,2.94636431129414e-07,1.40676836046794e-06,0.5,0.0317613231419283,18.2945221317236,0.00786312018537157,0.827152682221852,18.2945221317236,3.81893731197395,0.76378746239479,0.0324066882361589,0.18666252427973,0.0805067552894275,1.92906475438727e-07,1.92070402442846e-07,9.83476638793945e-07,58.5,0,0,4.3767323396347,TD3,NaN,mathworks_style_single_run,NaN,17-Jun-2026 15:04:37
3,-0.785398163397448,-3.14159265358979,-5,10,full_final,0.09,1801,1.57468390987614,3.14159265358979,19.6477312238598,0.227514766357714,0.585846146226841,0.10896686754545,NaN,NaN,2.52796010652275,1.2107259255667,-2.52796010652275,-1.2107259255667,3.14159265358979,2.55139487157724,0.34501230491122,1.16153592081502,5.55555555555555,0.0026033256005111,1.90786019741911,0.000707464272429806,0.074420962254286,1.90786019741911,0.366575313897051,4.07305904330057,0.0026944572698287,0.0236233425861047,0.173027206268863,0.186728847445702,0.158147372338588,0.773800253868103,38.8888888888889,1,1,1000,TD3,NaN,mathworks_style_single_run,NaN,17-Jun-2026 15:04:28
4,-0.785398163397448,-3.14159265358979,0,-10,full_final,5,100001,1.16061584297049,3.14159265358979,28.7287118130932,1.0853702760708,1.87405763188296,3.81055860915309,1.2974,NaN,4.03671459242951e-08,0.802312711028484,-2.536852162519e-08,-0.802312711028484,1.24279150970352e-07,1.53904195149084e-07,1.12930816461024e-07,4.9995569995076e-07,2,0.0265493896433364,16.4721541552939,0.00715352791387691,0.752507867337468,16.4721541552939,3.45887031562904,0.691774063125809,0.02663135910136,0.176990742838481,0.0729813114452735,2.09912243647335e-07,2.09894320992818e-07,1.07288360595703e-06,56.5,0,0,4.07939977415834,TD3,NaN,mathworks_style_single_run,NaN,17-Jun-2026 15:05:12
5,-0.785398163397448,-3.14159265358979,0,0,full_final,0.24,4801,1.57786585699837,3.14159265358979,16.3681748427215,0.522961050967274,1.2069835473698,0.172039880963478,NaN,NaN,2.17903895260821,0.716929650339464,2.04685779950986,0.44587837806906,3.14159265358979,2.24261636541761,0.916352176308062,6.28318520623273,4.16666666666667,0.0104303876866305,6.14432314299132,0.00252481321250456,0.26559507823848,6.14432314299132,1.23996527882219,5.16652199509247,0.0114538418072289,0.0738433087777512,0.218459014150146,0.2144218964236,0.209438421344183,0.815382391214371,31.25,1,1,1000,TD3,NaN,mathworks_style_single_run,NaN,17-Jun-2026 15:04:29
6,-0.785398163397448,-3.14159265358979,0,10,full_final,0.135,2701,1.57244639353875,3.14159265358979,23.3766674297762,0.291162277236999,0.663490026658515,0.165823353661598,NaN,NaN,2.15680300428899,1.22830284913381,-2.15680300428899,-1.22830284913381,3.14159265358979,2.21700702216556,0.513148065397665,1.72444561799364,3.7037037037037,0.00435734272405951,3.25936692274972,0.00131979532478195,0.138834485184163,3.25936692274972,0.659822433918221,4.88757358457942,0.00437259757972653,0.040239380740091,0.179971141302371,0.201173251448732,0.17879330356493,0.979491025209427,33.3333333333333,1,1,1000,TD3,NaN,mathworks_style_single_run,NaN,17-Jun-2026 15:04:29
7,-0.785398163397448,-3.14159265358979,5,-10,full_final,5,100001,1.05377650818662,3.14159265358979,26.1205262056858,1.17729070325614,2.24178789573506,3.69609325540955,1.3562,NaN,1.97617721382573e-08,0.802312506896116,9.62129402446036e-09,-0.802312506896116,5.08493487316741e-08,8.61701318596113e-08,7.21381525279425e-08,2.81418078618145e-07,0.5,0.0232268506214833,13.7947366687904,0.00590993408443793,0.62168931854706,13.7947366687904,2.87522782001998,0.575045564003996,0.0218325565786146,0.134076940109181,0.0660795831987681,2.07261539622143e-07,2.07057574217258e-07,1.13248825073242e-06,53,0,0,4.20540293276555,TD3,NaN,mathworks_style_single_run,NaN,17-Jun-2026 15:04:37
8,-0.785398163397448,-3.14159265358979,5,0,full_final,0.21,4201,1.61208050519226,3.14159265358979,26.678143926692,0.489546166327808,1.1839335096147,0.156978175145595,NaN,NaN,2.33119662494969,0.747622528504212,2.14724715110523,0.529887137058307,3.14159265358979,2.37444009522833,1.01355583856954,6.28316875150086,4.76190476190476,0.0275543880004236,16.9060146358941,0.00723604673012651,0.761188347679319,16.9060146358941,3.50805524345627,16.7050249688394,0.0403622951106748,0.253170028800441,0.438407807057456,0.369503592780059,0.361546289224193,1.60087418556213,35.7142857142857,1,1,1000,TD3,NaN,mathworks_style_single_run,NaN,17-Jun-2026 15:05:03
9,-0.785398163397448,-3.14159265358979,5,10,full_final,5,100001,1.31882766756194,3.14159265358979,32.2106484668342,1.01689371374394,1.62285314968149,3.85475292479528,1.8845,NaN,1.20078547851169e-07,0.802312664981584,-1.20078547851169e-07,-0.802312664981584,2.91122032902033e-07,9.01295552348474e-07,8.43359086636108e-07,3.5410500540678e-06,0.5,0.0157699731603621,10.026816347665,0.00426169058855127,0.448304072431433,10.026816347665,2.06996198767854,0.413992397535708,0.00892815662965223,0.0702924183327296,0.042256731131625,2.03754050079548e-07,2.00422182465696e-07,1.13248825073242e-06,51.5,0,0,3.96248673178847,TD3,NaN,mathworks_style_single_run,NaN,17-Jun-2026 15:04:37
10,-0.785398163397448,-2.35619449019234,-5,-10,full_final,5,100001,1.47844174047057,3.14121234190923,22.9367455374246,0.540106786144348,0.995704531091943,4.45909494636492,0.8622,NaN,2.45490072402593e-08,0.802312601865122,2.75170999585422e-09,-0.802312601865122,8.59876842833476e-08,1.42186134989851e-07,1.14408388521306e-07,4.2733221761182e-07,3.5,0.0155099993445107,9.16779349760046,0.00391879203086734,0.412233218237209,9.16779349760046,1.89348162569735,0.37869632513947,0.0154807569433942,0.093849837497217,0.0556430713447672,2.07527867428064e-07,2.075244775412e-07,1.13248825073242e-06,49,0,0,3.31170192128715,TD3,NaN,mathworks_style_single_run,NaN,17-Jun-2026 15:05:10
11,-0.785398163397448,-2.35619449019234,-5,0,full_final,0.06,1201,1.57260442004855,2.35744668557923,18.2551700110311,0.134377472297816,0.301521231424453,0.0685179218361893,NaN,NaN,2.23959861583377,1.14199620151166,-2.23959861583377,-1.14199620151166,2.35744668557923,2.24170668449441,0.097195160694117,0.296657855674075,8.33333333333333,0.00683495437859617,4.61948627913593,0.00188092551907615,0.197861987542527,4.61948627913593,0.936982155496167,15.6163692582695,0.00409483371418293,0.0371398342709507,0.261241705264905,0.351730428410896,0.316952510808993,1.05029702186584,25,1,1,1000,TD3,NaN,mathworks_style_single_run,NaN,17-Jun-2026 15:05:02
12,-0.785398163397448,-2.35619449019234,-5,10,full_final,0.1,2001,1.57786243927683,2.35619449019234,13.3626486196177,0.184927610969044,0.349128302837769,0.119010103715082,NaN,NaN,1.8493052065334,1.19009680389954,-1.8493052065334,-1.19009680389954,2.35619449019234,1.86854414977007,0.267446242688857,0.897391195486604,5,0.00768534507472778,5.44637304667099,0.00230688295059422,0.242670132869872,5.44637304667099,1.1294999713567,11.294999713567,0.00738894206259338,0.0629639266688075,0.27182608525661,0.300108282267299,0.286398492027145,1.29189229011536,25,1,1,1000,TD3,NaN,mathworks_style_single_run,NaN,17-Jun-2026 15:05:02
13,-0.785398163397448,-2.35619449019234,0,-10,full_final,5,100001,1.14933581553101,3.14153411091847,28.1930994993113,1.27564455057681,2.37573426359901,3.88314868833616,1.3447,NaN,4.96169367710585e-08,0.80231273912897,-3.66733612859833e-08,-0.80231273912897,1.08459730974175e-07,1.6383166408665e-07,1.29139639994649e-07,6.67328488912489e-07,4,0.017103700555191,9.85792096902416,0.00422550324394089,0.44449738266309,9.85792096902416,2.05335798740575,0.410671597481151,0.0151661768431534,0.0874809676012575,0.055074816101651,1.9025980684426e-07,1.90223694782083e-07,9.98377799987793e-07,54.5,0,0,4.4948041479678,TD3,NaN,mathworks_style_single_run,NaN,17-Jun-2026 15:05:11
14,-0.785398163397448,-2.35619449019234,0,0,full_final,0.075,1501,1.59017038112922,2.35751592085467,17.6285764935934,0.164341332991796,0.36155850295712,0.0839776290898115,NaN,NaN,2.19118936749304,1.11974707932611,-2.19118936749304,-1.11974707932611,2.35751592085467,2.19560301350008,0.139146500768289,0.416548868789691,6.66666666666667,0.0106846018940864,6.46270873369368,0.00271946733258479,0.286071514275849,6.46270873369368,1.33833455005157,17.8444606673543,0.00686448347671092,0.0474110867441479,0.302533380565097,0.377898840203007,0.326459928910346,1.18687555193901,20,1,1,1000,TD3,NaN,mathworks_style_single_run,NaN,17-Jun-2026 15:05:02
15,-0.785398163397448,-2.35619449019234,0,10,full_final,0.135,2701,1.58093741306684,2.35619449019234,14.4424186103354,0.224961823274232,0.390886888792946,0.160294476263414,NaN,NaN,1.66642761043739,1.18736493634081,-1.66642761043739,-1.18736493634081,2.35619449019234,1.70167166059328,0.344536586791882,1.14336836688012,3.7037037037037,0.0107147366740083,7.47457027651803,0.00326681096393373,0.343648753602496,7.47457027651803,1.57803032912534,11.6891135490766,0.00857042363540338,0.0756402962361272,0.251961543735362,0.304746915686889,0.296036002818584,1.5429060459137,18.5185185185185,1,1,1000,TD3,NaN,mathworks_style_single_run,NaN,17-Jun-2026 15:05:03
16,-0.785398163397448,-2.35619449019234,5,-10,full_final,5,100001,1.10813185305092,3.14150822969341,27.0201784887108,1.35615402044693,2.67136827571477,3.80098874217765,1.37665,NaN,1.8029726319552e-08,0.802312542436867,5.33110681354068e-09,-0.802312542436867,5.17994647175612e-08,8.85062616874992e-08,7.19748422381058e-08,2.87155283551499e-07,2.5,0.0187944376296354,10.9126315434192,0.00468039379175047,0.492349116817936,10.9126315434192,2.27603584595602,0.455207169191204,0.0165172171111482,0.0968798799352149,0.0574755897945349,1.90949502716919e-07,1.90949445151769e-07,1.10268592834473e-06,50.5,0,0,4.61492279266482,TD3,NaN,mathworks_style_single_run,NaN,17-Jun-2026 15:05:11
17,-0.785398163397448,-2.35619449019234,5,0,full_final,0.095,1901,1.60717743687855,2.35694027759784,17.0254071550811,0.199423747006492,0.42248206339533,0.104458966802368,NaN,NaN,2.09917549798759,1.09961894994608,-2.09917549798759,-1.09961894994608,2.35694027759784,2.10881824188046,0.201436357037071,0.597771678669266,5.26315789473684,0.0132672378944645,8.03146530009655,0.00347184074055291,0.365216645949024,8.03146530009655,1.69254322467416,17.8162444702543,0.00732746222917669,0.0501724775320905,0.27772501032452,0.373691247539454,0.328515307917637,1.30819761753082,15.7894736842105,1,1,1000,TD3,NaN,mathworks_style_single_run,NaN,17-Jun-2026 15:05:03
18,-0.785398163397448,-2.35619449019234,5,10,full_final,5,100001,1.33257090095854,3.14139510224563,29.1309589638594,1.00128329320955,1.48889357495205,3.8762829372753,1.8634,NaN,1.10549700936614e-07,0.802312711631323,-1.10549700936614e-07,-0.802312711631323,2.34593670466618e-07,7.79950843014443e-07,7.38883241514707e-07,3.20093787387066e-06,0.5,0.0232363220973183,14.757807695016,0.0064704926354331,0.680656687488022,14.757807695016,3.11914165367956,0.623828330735912,0.016420292522707,0.122054608270024,0.0573067055809475,2.04916406664827e-07,2.02593637852613e-07,1.01327896118164e-06,51.5,0,0,3.94300051753493,TD3,NaN,mathworks_style_single_run,NaN,17-Jun-2026 15:05:12
19,-0.785398163397448,-1.5707963267949,-5,-10,full_final,5,100001,0.866980862736221,3.14135290094885,24.1943301960757,0.600220592980853,1.13023874614478,3.68969179946803,1.02855,NaN,1.38150789897516e-08,0.802312403497567,7.22959071261357e-09,-0.802312403497567,4.69675927268351e-08,2.8739845136861e-08,2.85206178986502e-08,1.48033707958462e-07,13.5,0.0112444949398368,6.75080402118544,0.0029498601198219,0.310307441927349,6.75080402118544,1.41710629664147,0.283421259328293,0.0124034998640968,0.0769236579339825,0.0498066257923517,1.86400132840339e-07,1.8639800990453e-07,1.02818012237549e-06,46.5,0,0,3.04682293283366,TD3,NaN,mathworks_style_single_run,NaN,17-Jun-2026 15:05:12
20,-0.785398163397448,-1.5707963267949,-5,0,full_final,5,100001,1.1506681036188,3.14153417068988,28.2990414835612,1.50861498336337,2.80516576591564,3.89044186877856,1.47405,NaN,6.70104564840989e-08,0.8023127655347,-6.46480655316175e-08,-0.8023127655347,1.44352145348137e-07,3.35638483111899e-07,3.35631836984974e-07,1.71458574005356e-06,1,0.0205412576665696,11.8561153235143,0.0051671272625729,0.543550533866971,11.8561153235143,2.49594287817883,0.499188575635767,0.0181117340848461,0.104810606480125,0.060185935375046,1.84407064776107e-07,1.83480808139147e-07,1.10268592834473e-06,51,0,0,4.96478084922062,TD3,NaN,mathworks_style_single_run,NaN,17-Jun-2026 15:05:12
21,-0.785398163397448,-1.5707963267949,-5,10,full_final,5,100001,1.20286616750549,3.14091669862059,28.6850042365924,0.891131127437211,1.27386170462207,3.84404631156784,1.7977,NaN,8.20329433594954e-08,0.802312728078081,-8.20329433594954e-08,-0.802312728078081,2.01304027424451e-07,4.83615213824036e-07,4.74105652894664e-07,2.25191272207326e-06,0.5,0.0116999975725547,6.96499654322467,0.00300889738739208,0.316517805379837,6.96499654322467,1.45017120123837,0.290034240247674,0.00761233487305298,0.0483630076974509,0.0390188028341542,2.01885831717591e-07,2.00838704232833e-07,1.05798244476318e-06,54.5,0,0,3.70535018106339,TD3,NaN,mathworks_style_single_run,NaN,17-Jun-2026 15:05:11
22,-0.785398163397448,-1.5707963267949,0,-10,full_final,5,100001,0.852098101755564,3.14102724194458,23.6498078959503,0.606275077845662,1.15088854732935,3.71128618235211,0.9894,NaN,1.39139894280143e-08,0.802312405538813,3.57441753809379e-09,-0.802312405538813,4.95832515274994e-08,3.41603074211895e-08,3.40287750366298e-08,1.59147100831092e-07,14.5,0.0117649435523659,6.8004815364294,0.00294829877150092,0.310143197528035,6.8004815364294,1.42176389544227,0.284352779088454,0.0129967325044811,0.0753386602311417,0.0509837866472884,1.76021327212058e-07,1.76011569570092e-07,1.02818012237549e-06,45.5,0,0,3.06978827619102,TD3,NaN,mathworks_style_single_run,NaN,17-Jun-2026 15:05:11
23,-0.785398163397448,-1.5707963267949,0,0,full_final,5,100001,1.14119559059462,3.14152274231395,29.9981860891221,1.42512115333514,2.62169580520019,3.76821627672908,1.4787,NaN,6.05068047112322e-08,0.80231275418787,-6.03219383425326e-08,-0.80231275418787,1.44295043913445e-07,3.00503079248706e-07,2.99919246374291e-07,1.5346291002416e-06,4,0.020407105576631,11.7714281249917,0.00509770574705105,0.536247810340673,11.7714281249917,2.47082496018492,0.494164992036983,0.0162769016037332,0.0940936594945589,0.057055940275721,1.85964025264104e-07,1.85266879722598e-07,1.07288360595703e-06,49.5,0,0,4.73648983738121,TD3,NaN,mathworks_style_single_run,NaN,17-Jun-2026 15:05:37
24,-0.785398163397448,-1.5707963267949,0,10,full_final,5,100001,1.20268222030942,3.141016509759,27.5281814755884,0.911375964880186,1.33474687641423,3.82489564509667,1.79335,NaN,8.29565257873613e-08,0.802312728292941,-8.29435416275284e-08,-0.802312728292941,2.18940586304436e-07,4.70869670245988e-07,4.62880611974841e-07,2.16533507035876e-06,0.5,0.0162145165526021,10.381266894396,0.00454253068188338,0.47784675154592,10.381266894396,2.18740879469408,0.437481758938815,0.00932065276778523,0.0745210671443934,0.043175578207559,2.1295050031157e-07,2.11770292530779e-07,1.40070915222168e-06,48,0,0,3.73658882448712,TD3,NaN,mathworks_style_single_run,NaN,17-Jun-2026 15:05:28
25,-0.785398163397448,-1.5707963267949,5,-10,full_final,5,100001,0.854014593590454,3.1411999576669,23.2108276366102,0.613090028916228,1.17041754856,3.72190860029382,0.97175,NaN,1.37113499214049e-08,0.802312415481269,6.05776531164291e-09,-0.802312415481269,5.33736701731211e-08,3.32577377771685e-08,3.32222818391773e-08,1.71963318251755e-07,9.5,0.0137281493662982,8.33997076765056,0.00367523523603513,0.386612516611187,8.33997076765056,1.76899050093611,0.353798100187221,0.0136220010170796,0.0871138605116499,0.0521957872190459,1.83807033690067e-07,1.83779388119279e-07,1.05798244476318e-06,43.5,0,0,3.08886462270003,TD3,NaN,mathworks_style_single_run,NaN,17-Jun-2026 15:05:18
26,-0.785398163397448,-1.5707963267949,5,0,full_final,5,100001,1.09122522486073,3.14124839221396,31.9871676491595,1.34940383169471,2.48949176436516,3.73099116875931,1.50265,NaN,5.09320564890142e-08,0.802312739344496,-4.14861030635306e-08,-0.802312739344496,1.32438052524719e-07,1.76741195859681e-07,1.57307706071805e-07,8.82494829657077e-07,6,0.0220975261310754,12.7434364914503,0.00552036227786059,0.580708720879481,12.7434364914503,2.67059829564049,0.534119659128097,0.0173800397588588,0.100414257810095,0.0589576793282415,2.2019870943912e-07,2.19862799833679e-07,1.44541263580322e-06,50.5,0,0,4.56659496880415,TD3,NaN,mathworks_style_single_run,NaN,17-Jun-2026 15:05:07
27,-0.785398163397448,-1.5707963267949,5,10,full_final,5,100001,1.17471919906622,3.14145259463385,25.868188479559,0.924459043338931,1.40960576723092,3.72113768648552,1.81255,NaN,1.0256826926335e-07,0.802312822034015,-1.02123330719156e-07,-0.802312822034015,1.5258652450377e-07,5.15218174431529e-07,5.02495059551034e-07,2.25547772991774e-06,0.5,0.0237126581089848,14.9056994914045,0.00665609494524843,0.700180927836783,14.9056994914045,3.18883372940296,0.637766745880592,0.0126809820631212,0.0979866250961642,0.0503606633457527,2.08719490816883e-07,2.07425616797385e-07,1.17719173431396e-06,52.5,0,0,3.71142345191947,TD3,NaN,mathworks_style_single_run,NaN,17-Jun-2026 15:04:57
28,-0.785398163397448,-0.785398163397448,-5,-10,full_final,5,100001,0.992002333237179,3.14111749579283,26.5604103808394,0.713774725403628,1.13181866867255,3.71457191767379,1.65175,NaN,5.43791535048169e-08,0.802312757582173,-3.98526600129249e-08,-0.802312757582173,1.16956438955137e-07,1.48141334903392e-07,1.3399109686985e-07,7.83688282268713e-07,3,0.0116179981393966,7.60753629590222,0.00334743314895744,0.352129719811436,7.60753629590222,1.60406196762405,0.32081239352481,0.0115318347945577,0.0847347557688544,0.0480246494928546,1.92539623783618e-07,1.92516786537335e-07,1.22189521789551e-06,55,0,0,3.28632500880376,TD3,NaN,mathworks_style_single_run,NaN,17-Jun-2026 15:04:47
29,-0.785398163397448,-0.785398163397448,-5,0,full_final,5,100001,1.17855335043148,3.14149999716273,30.888209110867,0.721263741067566,1.01475073076497,3.76536539728778,1.703,NaN,5.97691224331242e-08,0.802312756907154,-5.77457051276717e-08,-0.802312756907154,1.33613219798642e-07,2.12176955316745e-07,2.09236791628392e-07,1.10619303939075e-06,4,0.0134074277445679,8.91614147737559,0.00389448322573182,0.409676078972445,8.91614147737559,1.86774638924071,0.373549277848142,0.00637788592969713,0.0606058848851548,0.035715223447984,1.85133485691806e-07,1.84781124502067e-07,1.29640102386475e-06,51.5,0,0,3.32623928114312,TD3,NaN,mathworks_style_single_run,NaN,17-Jun-2026 15:05:38
30,-0.785398163397448,-0.785398163397448,-5,10,full_final,5,100001,1.47404865104877,3.14102344680036,33.1800520422588,0.53587397871873,0.859871001383802,3.99107043041675,1.20445,NaN,1.84588091394125e-08,0.802312477423751,1.08377759383015e-08,-0.802312477423751,5.01265257961539e-08,5.28565028905917e-08,4.76089364200275e-08,1.92766553830381e-07,4.5,0.0100188963541167,6.12473109636094,0.00269135826858784,0.283114610765319,6.12473109636094,1.27742563553677,0.255485127107354,0.00473008166945416,0.0343222063438383,0.0307573785276124,1.83572489961966e-07,1.83567085852834e-07,9.98377799987793e-07,49.5,0,0,3.06802593644845,TD3,NaN,mathworks_style_single_run,NaN,17-Jun-2026 15:05:29
31,-0.785398163397448,-0.785398163397448,0,-10,full_final,5,100001,1.01043814027696,3.140905947156,27.8201749857528,0.685828204201876,1.06680127039817,3.80290462156325,1.6089,NaN,5.2727373415924e-08,0.802312719742156,-3.19468604779856e-08,-0.802312719742156,1.24338860740133e-07,1.29728302103494e-07,1.03668874467395e-07,4.77995078185245e-07,2,0.00947597767331791,5.59103927488855,0.00243973584830186,0.256645454127742,5.59103927488855,1.17447775913377,0.234895551826754,0.0102150972395936,0.0614964828012047,0.0451997726533965,1.82836846358306e-07,1.82791375434319e-07,1.14738941192627e-06,52.5,0,0,3.27437587873594,TD3,NaN,mathworks_style_single_run,NaN,17-Jun-2026 15:05:19
32,-0.785398163397448,-0.785398163397448,0,0,full_final,5,100001,1.15555357242873,3.14130864566842,29.4522133920593,0.739887525836892,1.07684926502946,3.7871309940639,1.6788,NaN,4.86932862573452e-08,0.802312707020096,-4.31045340891876e-08,-0.802312707020096,1.0731005926011e-07,1.85791315219972e-07,1.7825618733732e-07,1.00260146318476e-06,2,0.0131256943181811,8.64025464952765,0.00375157076888806,0.394642552940229,8.64025464952765,1.80305403063899,0.360610806127798,0.00933239595636521,0.075351695153788,0.0432027683288125,1.96013901417015e-07,1.95850310186246e-07,1.26659870147705e-06,51.5,0,0,3.37465045579428,TD3,NaN,mathworks_style_single_run,NaN,17-Jun-2026 15:05:08
33,-0.785398163397448,-0.785398163397448,0,10,full_final,5,100001,1.51425264117958,0.785398163397448,10.6043891681165,0.1077913109946,0.0319313492773074,4.67940752116945,0.64645,NaN,1.90025614739403e-08,0.802312479013376,1.0925774694951e-08,-0.802312479013376,4.95885066342794e-08,6.10792774804154e-08,5.31010155935594e-08,2.42777884906786e-07,5.5,0.00144161367357973,0.919221526772073,0.000423121428185178,0.0445098149307222,0.919221526772073,0.196732280728794,0.0393464561457589,0.000791353640346146,0.006335237984205,0.0125805694652201,2.02852046282156e-07,2.02851924360358e-07,1.01327896118164e-06,56,0,0,2.55540845807454,TD3,NaN,mathworks_style_single_run,NaN,17-Jun-2026 15:04:57
34,-0.785398163397448,-0.785398163397448,5,-10,full_final,5,100001,1.07013519783381,3.14104704329149,29.4727063103274,0.651804849262478,0.996040706405993,3.85570651414545,1.58265,NaN,5.34924976823314e-08,0.802312698858107,-2.40613396206501e-08,-0.802312698858107,1.18103029333335e-07,1.27869359950625e-07,9.36608710081481e-08,3.98722740158064e-07,7,0.00857772965052545,5.11756783033945,0.00227178215022058,0.238977740983101,5.11756783033945,1.07587909818404,0.215175819636807,0.00870346567346999,0.0536678733119194,0.0417216147182009,1.79707501156829e-07,1.7968768219689e-07,1.02818012237549e-06,54,0,0,3.23256214074515,TD3,NaN,mathworks_style_single_run,NaN,17-Jun-2026 15:04:47
35,-0.785398163397448,-0.785398163397448,5,0,full_final,5,100001,1.1209754973641,3.14130694943461,28.3881969874508,0.740405240830427,1.10828773018459,3.80627520913651,1.6562,NaN,4.74190868253634e-08,0.80231268220521,-3.33832431065523e-08,-0.80231268220521,1.4182370986425e-07,1.6366879572568e-07,1.51374156797733e-07,8.71172687766375e-07,4,0.00987299739581631,6.0479378046818,0.00261118596310996,0.274680969163438,6.0479378046818,1.25251800249399,0.250503600498799,0.00870858347253399,0.0573832668956241,0.0417338794567052,1.8218617397582e-07,1.82124381399291e-07,9.5367431640625e-07,55.5,0,0,3.38508172067296,TD3,NaN,mathworks_style_single_run,NaN,17-Jun-2026 15:05:22
36,-0.785398163397448,-0.785398163397448,5,10,full_final,5,100001,0.854227140746109,0.785398163397448,10,0.0553826375603485,0.0185895555723147,3.87205539305578,0.73035,NaN,1.18856677369374e-08,0.802312414665548,-4.8325288762808e-10,-0.802312414665548,3.22626059201525e-08,1.9372768261237e-08,1.75677341357796e-08,8.89914280044479e-08,15,0.000102151387227001,0.0876448523509611,3.91992484040629e-05,0.00412352382948722,0.0876448523509611,0.0158155750010233,0.00316311500020467,0.000141874547577984,0.00139331046021312,0.00532681044487194,1.82755261207501e-07,1.82753757546233e-07,1.01327896118164e-06,44.5,0,0,2.04681147805457,TD3,NaN,mathworks_style_single_run,NaN,17-Jun-2026 15:05:11
37,-0.785398163397448,-0.349065850398866,-5,-10,full_final,5,100001,1.14541097897342,3.14147201694655,31.7907174604591,0.654789311894548,0.938416664625649,3.81429958810904,1.646,NaN,5.57798295392003e-08,0.802312778512801,-4.65409767047782e-08,-0.802312778512801,1.28777193108428e-07,1.46303035162749e-07,1.27091903169413e-07,7.3722534210674e-07,3,0.0149263718350391,9.93938498368027,0.00438755019293572,0.461543741531696,9.93938498368027,2.09529310745201,0.419058621490402,0.00862725185557435,0.0765288668220735,0.0415385407918341,1.98956260145573e-07,1.98858777908595e-07,1.29640102386475e-06,56.5,0,0,3.21803165753102,TD3,NaN,mathworks_style_single_run,NaN,17-Jun-2026 15:05:01
38,-0.785398163397448,-0.349065850398866,-5,0,full_final,5,100001,0.994321129465383,0.349484570140215,5.00471240699726,0.0450831054499446,0.00598520898716991,4.10190933964279,0.50955,NaN,1.29931299869631e-08,0.802312438871445,-1.00737900795067e-10,-0.802312438871445,4.03858355646491e-08,1.4809224439958e-08,1.47051253384487e-08,6.87503218799179e-08,17.5,0.000630456766793349,0.685782692488695,0.000310442135466214,0.0326566348945391,0.685782692488695,0.144568827810003,0.0289137655620006,0.00121053209139695,0.0134254567427621,0.0155597692232047,1.46000965999554e-07,1.45997276869686e-07,8.34465026855469e-07,50,0,0,2.14127343993575,TD3,NaN,mathworks_style_single_run,NaN,17-Jun-2026 15:04:52
39,-0.785398163397448,-0.349065850398866,-5,10,full_final,0.28,5601,1.59790895937638,3.14116507829873,35.7100274731249,0.378989965021807,0.744699315701207,0.156723732086529,NaN,NaN,1.35334545142671,0.559840438366716,-0.0821316147008646,0.155029979157704,3.14116507829873,1.63069956869439,1.62862993992088,6.28140174678548,3.57142857142857,0.0114996036101767,6.56167880882325,0.00290814480256567,0.305919242873443,6.56167880882325,1.38359612963548,4.94141474869813,0.0068526088058192,0.0398409765825934,0.156440413186381,0.201575019772817,0.192752368959884,0.761065542697906,12.5,1,1,1000,TD3,NaN,mathworks_style_single_run,NaN,17-Jun-2026 15:04:42
40,-0.785398163397448,-0.349065850398866,0,-10,full_final,5,100001,1.10844513297578,3.1414294921278,30.3393991658332,0.667820079871617,0.984193639647098,3.85012430945651,1.62775,NaN,5.45424067619047e-08,0.802312770361734,-4.68258833257066e-08,-0.802312770361734,1.16227985213365e-07,1.42424541066693e-07,1.16683750027363e-07,5.96456269263967e-07,3,0.0103686903531351,6.61604278507219,0.0029081130389455,0.305915901532729,6.61604278507219,1.38999975549476,0.277999951098953,0.00979147058103546,0.0692724133800892,0.044252617054894,1.84302200355543e-07,1.8423324203508e-07,1.19209289550781e-06,49,0,0,3.26197394482155,TD3,NaN,mathworks_style_single_run,NaN,17-Jun-2026 15:04:40
41,-0.785398163397448,-0.349065850398866,0,0,full_final,5,100001,0.956936419879705,0.349793481980614,11.071612963044,0.104049611920991,0.0100990438127515,3.71442615725818,1.3723,NaN,2.32884207939497e-08,0.802312494924133,2.11065867091511e-08,-0.802312494924133,7.19332593490662e-08,8.90223868917802e-08,7.63730290348113e-08,2.82143373553367e-07,1.5,0.00140605303912532,1.3859302966028,0.0005548542224395,0.0583673080804213,1.3859302966028,0.270436924310385,0.054087384862077,0.00155378527553701,0.0204706781084251,0.0176283026723336,1.92955145456531e-07,1.92943167817349e-07,1.20699405670166e-06,47.5,0,0,2.06552399185558,TD3,NaN,mathworks_style_single_run,NaN,17-Jun-2026 15:06:03
42,-0.785398163397448,-0.349065850398866,0,10,full_final,0.085,1701,1.57988200747996,0.349065850398866,16.3174778931843,0.0257958919173153,0.00797090987837789,0.101371059618729,NaN,NaN,0.303500924284942,1.19259484565551,-0.303500924284942,-1.19259484565551,0.349065850398866,0.306246994722021,0.0409195642016795,0.116914472306326,11.7647058823529,0.00184881531430351,1.30954098416238,0.000588467836971049,0.0619032570120761,1.30954098416238,0.273142330502557,3.21343918238302,0.000784449250589556,0.00975391924630198,0.0960667201106517,0.16035918751818,0.158850904862946,0.516573891043663,5.88235294117647,1,1,1000,TD3,NaN,mathworks_style_single_run,NaN,17-Jun-2026 15:05:55
43,-0.785398163397448,-0.349065850398866,5,-10,full_final,5,100001,1.09269963383489,3.14087795301693,31.263478650706,0.636968099319518,0.940052231343166,3.86728552605575,1.60155,NaN,4.50359673571335e-08,0.80231270725346,-3.13199258622643e-08,-0.80231270725346,1.37909551977552e-07,1.28713825254122e-07,9.88741191252052e-08,4.91083845588491e-07,5,0.00906062720932946,5.22287901785451,0.00233511203092298,0.24563966137257,5.22287901785451,1.10421296077192,0.220842592154385,0.00943029529284943,0.054397655792423,0.0434287814538917,1.8944810089411e-07,1.89407351016519e-07,1.11758708953857e-06,50,0,0,3.20875709266639,TD3,NaN,mathworks_style_single_run,NaN,17-Jun-2026 15:05:53
44,-0.785398163397448,-0.349065850398866,5,0,full_final,5,100001,1.29260652245467,0.350499599915436,30.3849518983069,0.148762453362549,0.0251331398906351,4.09528541198349,1.2552,NaN,1.97484567797758e-08,0.802312465108512,1.52178285396389e-08,-0.802312465108512,4.75522550225094e-08,5.81904416882872e-08,5.15294874796177e-08,2.16596267144098e-07,2.5,0.00572542433239441,4.39812912352619,0.00182628021085575,0.192113631648206,4.39812912352619,0.871139580435615,0.174227916087123,0.00119299433401272,0.02887734152525,0.015446645810743,1.95067617013121e-07,1.95052275157376e-07,1.07288360595703e-06,54,0,0,2.34547017290174,TD3,NaN,mathworks_style_single_run,NaN,17-Jun-2026 15:05:44
45,-0.785398163397448,-0.349065850398866,5,10,full_final,5,100001,1.43366919572164,0.349065850398866,10.6002210541179,0.0694847936409574,0.0109994734753387,4.57699031931232,0.58415,NaN,1.81851521084684e-08,0.802312454059828,7.44245516219221e-09,-0.802312454059828,4.28435220634071e-08,4.38222249000668e-08,4.18840488930493e-08,1.826090816337e-07,5,0.00171258793921351,1.26671293351092,0.000584940061966691,0.0615321564199021,1.26671293351092,0.272769795827291,0.0545539591654583,0.000851818913404248,0.0105117225516873,0.0130523477842436,1.83960227521652e-07,1.83936325074039e-07,9.08970832824707e-07,47.5,0,0,2.42760900075627,TD3,NaN,mathworks_style_single_run,NaN,17-Jun-2026 15:05:35
46,-0.785398163397448,0,-5,-10,full_final,5,100001,0.979069038728269,0.174608418393344,22.428238685201,0.122416198279762,0.0134111436192245,3.8140234033949,1.33375,NaN,1.9940789070722e-08,0.802312459934388,1.88826764935075e-08,-0.802312459934388,5.46722747074568e-08,8.62942658534445e-08,7.49319686428651e-08,2.90595953522654e-07,0.5,0.00493591234979872,3.94931100361928,0.0017329532907489,0.182296204155045,3.94931100361928,0.823289752047545,0.164657950409509,0.00222437876663901,0.0349369314985454,0.0210920779755766,1.7193854728299e-07,1.71930092329709e-07,1.17719173431396e-06,49.5,0,0,2.15224050363987,TD3,NaN,mathworks_style_single_run,NaN,17-Jun-2026 15:05:25
47,-0.785398163397448,0,-5,0,full_final,5,100001,1.4843594438031,0.206919515918462,16.222509303485,0.0477623453548373,0.00477656985162489,4.61774711838194,0.5204,NaN,1.9628184639075e-08,0.802312438395761,9.444546847622e-09,-0.802312438395761,6.35487009681413e-08,4.1522157861758e-08,3.99116422420159e-08,1.82875791843173e-07,7.5,0.00140379466765743,1.355547076885,0.000594972556971234,0.0625875142113066,1.355547076885,0.279382250525319,0.0558764501050638,0.00157221269093346,0.0199951720660625,0.0177325276874644,1.90578884056928e-07,1.90571905001475e-07,1.05798244476318e-06,52,0,0,2.40461567873263,TD3,NaN,mathworks_style_single_run,NaN,17-Jun-2026 15:05:22
48,-0.785398163397448,0,-5,10,full_final,0.23,4601,1.597541720311,3.14150219857188,36.046896444724,0.35157453824418,0.70982982428203,0.121334443478873,NaN,NaN,1.5282978181283,0.527685359599939,-0.0697698520967967,0.203196969174302,3.14150219857188,1.75657751660774,1.75519136836705,6.28138453266547,2.17391304347826,0.0130539299671557,8.20832789119541,0.00354755498286559,0.373181326271199,8.20832789119541,1.70482019128636,7.41226170124504,0.00693942872985099,0.054969656565303,0.173699249452097,0.247490619368358,0.230567789866003,1.17913502454758,15.2173913043478,1,1,1000,TD3,NaN,mathworks_style_single_run,NaN,17-Jun-2026 15:05:11
49,-0.785398163397448,0,0,-10,full_final,5,100001,1.20659595424399,0.282001457375095,26.0887783066823,0.149753346990543,0.0244637506600731,4.05053493966203,1.27835,NaN,2.24163896064083e-08,0.802312488900832,1.73123226335612e-08,-0.802312488900832,5.25180365862354e-08,6.68794953475488e-08,5.85927042008667e-08,2.40384418592754e-07,3.5,0.0048326690780608,3.82829443418244,0.00163577435067156,0.172073567460519,3.82829443418244,0.771653118880072,0.154330623776014,0.00130612422551958,0.0284168164433859,0.016162451704612,1.82661544430362e-07,1.82636253269137e-07,1.07288360595703e-06,54,0,0,2.32506906458769,TD3,NaN,mathworks_style_single_run,NaN,17-Jun-2026 15:05:09
50,-0.785398163397448,0,0,0,full_final,5,100001,0.803467002334843,0.00329947083211968,0.176245096090473,0.000859698106084507,1.40348758837292e-06,4.00698442207804,0,NaN,1.19639224907237e-08,0.802312426015106,2.42054177699192e-10,-0.802312426015106,4.20161319070189e-08,1.62735759500086e-08,1.62601255493257e-08,8.69898038047268e-08,21,3.1567742535171e-07,0.000285475503279457,1.21211244158084e-07,1.27506897207715e-05,0.000285475503279457,5.81808222529717e-05,1.16361644505943e-05,2.40179947450886e-07,3.45634262428877e-06,0.000219171142010478,1.83099484557163e-07,1.8309222040438e-07,9.83476638793945e-07,50,0,0,2.00521209274942,TD3,NaN,mathworks_style_single_run,NaN,17-Jun-2026 15:05:00
51,-0.785398163397448,0,0,10,full_final,5,100001,1.04828175847735,3.14081373736031,34.4244083982292,0.496400659638555,0.839765651179082,3.91799012995349,1.11975,NaN,1.53805042250474e-08,0.802312460641708,1.22596449812323e-08,-0.802312460641708,5.06365569245962e-08,4.43493498515496e-08,4.20163760901703e-08,1.63828924648612e-07,2.5,0.00922529910246005,5.33552442731805,0.00235378733395975,0.24760419029163,5.33552442731805,1.1249159049585,0.2249831809917,0.00533056998573056,0.0311391260038275,0.0326514011513459,1.73231529031781e-07,1.73223137188444e-07,1.20699405670166e-06,53.5,0,0,2.95256538077869,TD3,NaN,mathworks_style_single_run,NaN,17-Jun-2026 15:04:50
52,-0.785398163397448,0,5,-10,full_final,5,100001,1.1197873999483,3.14102159454866,33.4465880465644,0.607534081774183,0.872241940556216,3.8409395298468,1.62375,NaN,4.54102815547467e-08,0.802312721709172,-3.77936699547147e-08,-0.802312721709172,1.20292206173142e-07,1.3815935227159e-07,1.13328301939364e-07,6.00027940222958e-07,4,0.0089070723764114,5.45146133587182,0.00243796316315794,0.256458978372958,5.45146133587182,1.14910246970089,0.229820493940178,0.00641777140171007,0.0433861162150189,0.0358267257831638,1.86299355175959e-07,1.86163364927859e-07,1.14738941192627e-06,48.5,0,0,3.13642501159492,TD3,NaN,mathworks_style_single_run,NaN,17-Jun-2026 15:04:40
53,-0.785398163397448,0,5,0,full_final,5,100001,0.955093007439991,0.11514329847752,7.95135316113293,0.101730608384008,0.00781472497764774,3.685302550279,1.41375,NaN,2.08725467168854e-08,0.802312564972905,3.79776882705686e-09,-0.802312564972905,5.89850568388783e-08,9.28564678541567e-08,7.2784321009076e-08,2.61207870000391e-07,2.5,0.000277728044066336,0.228014558065947,7.1288435390891e-05,0.00749911220416999,0.228014558065947,0.0358079072621203,0.00716158145242406,0.000180693153231347,0.00240165665629027,0.00601154145342684,1.99377801620982e-07,1.99374273161618e-07,1.19209289550781e-06,52,0,0,2.0461384024426,TD3,NaN,mathworks_style_single_run,NaN,17-Jun-2026 15:05:22
54,-0.785398163397448,0,5,10,full_final,0.065,1301,1.60526255561525,0.262094314791045,18.6420743516213,0.00636053367566703,0.000950944020699537,0.0707414406748324,NaN,NaN,0.097879877533233,1.08841210134985,-0.041202464536575,-1.08841210134985,0.262094314791045,0.121016788618471,0.113786730525312,0.352433849407717,7.69230769230769,0.00259113324062757,1.72964046920998,0.000688156767266002,0.0723899294954374,1.72964046920998,0.341566409524455,5.25486783883778,0.000343087728141683,0.00893691255404569,0.0726517222138696,0.216061786434494,0.191759798361395,0.657040327787399,7.69230769230769,1,1,1000,TD3,NaN,mathworks_style_single_run,NaN,17-Jun-2026 15:05:11
55,-0.785398163397448,0.349065850398866,-5,-10,full_final,5,100001,0.955692253741006,0.349065850398866,10,0.122979724629988,0.0122199392414827,3.68808864205215,1.45595,NaN,2.01633610054961e-08,0.802312605773748,1.1389361029799e-09,-0.802312605773748,4.66860030634564e-08,1.02248327419275e-07,7.91501359910139e-08,2.64690320328498e-07,3.5,0.000728820818810562,0.711901053025954,0.000296466070374687,0.0311864373832675,0.711901053025954,0.139907096993324,0.0279814193986647,0.000674531515116544,0.0097273067548943,0.0116149172628697,2.21853065621194e-07,2.21849052321249e-07,1.14738941192627e-06,53,0,0,2.09010150674183,TD3,NaN,mathworks_style_single_run,NaN,17-Jun-2026 15:05:09
56,-0.785398163397448,0.349065850398866,-5,0,full_final,5,100001,1.15210700214228,3.14105749575003,28.8821373973994,0.630127284308748,1.04387456169762,4.05102522157072,1.0197,NaN,1.75138537072492e-08,0.802312538462689,9.27328923504244e-09,-0.802312538462689,4.82014710139059e-08,7.00590062497281e-08,5.94911185265818e-08,2.62662259942203e-07,0.5,0.0047835192181594,2.7649774809402,0.00121485054558593,0.127794929187211,2.7649774809402,0.582553224784756,0.116510644956951,0.00200825296955916,0.0117609453302682,0.0200412223657099,1.88433681162682e-07,1.88397219068253e-07,9.68575477600098e-07,53,0,0,3.2860900810388,TD3,NaN,mathworks_style_single_run,NaN,17-Jun-2026 15:05:00
57,-0.785398163397448,0.349065850398866,-5,10,full_final,5,100001,1.40775800004932,3.14132137860601,35.5886882201251,0.434449751889229,0.759885293460783,4.00822703078667,1.2039,NaN,1.97616515090752e-08,0.80231243803126,1.60073481422258e-08,-0.80231243803126,5.92063471353957e-08,5.9861766259336e-08,5.4745642109933e-08,1.94599445002552e-07,2.5,0.0137812479487423,9.01434698930009,0.00402903853997058,0.423830484152074,9.01434698930009,1.9070525301533,0.38141050603066,0.00627671276510327,0.0576808289435064,0.0354308136093522,1.89480169482671e-07,1.89440949627408e-07,1.05798244476318e-06,53,0,0,2.87404428556706,TD3,NaN,mathworks_style_single_run,NaN,17-Jun-2026 15:04:49
58,-0.785398163397448,0.349065850398866,0,-10,full_final,5,100001,1.00321654345983,0.349065850398866,13.0910835979978,0.153322340430725,0.0229797782045985,3.89041359861069,1.3449,NaN,2.02659776949866e-08,0.802312486258723,1.54583749093832e-08,-0.802312486258723,5.76352339187736e-08,8.70153704693577e-08,7.34354269529306e-08,2.52389569688205e-07,1.5,0.00157033768389489,1.46699455046544,0.000621918342209795,0.0654220478327201,1.46699455046544,0.290275715431378,0.0580551430862756,0.00100301574304952,0.0170269715708032,0.0141634440942133,1.63659844590555e-07,1.63638082036741e-07,9.38773155212402e-07,51,0,0,2.25201466707104,TD3,NaN,mathworks_style_single_run,NaN,17-Jun-2026 15:04:40
59,-0.785398163397448,0.349065850398866,0,0,full_final,0.08,1601,1.59441040073286,0.349799439055971,13.9204624045148,0.0133641249344533,0.00327118478383688,0.0924403765844976,NaN,NaN,0.167100874414335,1.1555261936115,0.113909987160028,-1.1555261936115,0.349799439055971,0.202259001498415,0.167132338320081,0.492736085227936,6.25,0.00144320280492092,1.25788078868802,0.000500721885732092,0.0526729136864791,1.25788078868802,0.246135595769819,3.07669494712273,0.000726917329367101,0.0133183518430958,0.0953229595485199,0.162908749212731,0.149606827296931,0.648736447095871,6.25,1,1,1000,TD3,NaN,mathworks_style_single_run,NaN,17-Jun-2026 15:05:30
60,-0.785398163397448,0.349065850398866,0,10,full_final,5,100001,1.05580568292365,3.14130546716565,33.3558705046389,0.507747041644835,0.859228622266894,3.91852759296273,1.0627,NaN,2.47421469254165e-08,0.802312401029137,1.61041200323298e-08,-0.802312401029137,6.81931451078502e-08,4.58138545221796e-08,4.48757353082743e-08,1.79747164708033e-07,6.5,0.0087057392775149,5.65794334971027,0.00250434479359426,0.26344192437546,5.65794334971027,1.19442908779591,0.238885817559181,0.00434073177094815,0.0378713655178935,0.029464323413064,1.88307594421623e-07,1.882496651344e-07,1.08778476715088e-06,50,0,0,2.97544322323615,TD3,NaN,mathworks_style_single_run,NaN,17-Jun-2026 15:05:28
61,-0.785398163397448,0.349065850398866,5,-10,full_final,5,100001,1.41048132286181,0.349065850398866,17.6265780269465,0.169519987310242,0.0320548219077091,4.12556379685569,1.30885,NaN,1.96394250358162e-08,0.802312482359308,1.57422540287083e-08,-0.802312482359308,5.998868690682e-08,7.71767268886547e-08,6.66650660134668e-08,2.84246024051527e-07,2.5,0.00110082529944594,0.715771512205119,0.000277795366627614,0.0292223922816692,0.715771512205119,0.118388188074869,0.0236776376149739,0.000138153020190927,0.00242968419078556,0.00525648209720013,1.74985889400016e-07,1.74973576894791e-07,8.79168510437012e-07,52,0,0,2.40186416061895,TD3,NaN,mathworks_style_single_run,NaN,17-Jun-2026 15:05:19
62,-0.785398163397448,0.349065850398866,5,0,full_final,5,100001,0.881288155023421,0.349479940575845,6.62619301268311,0.0630266416621431,0.00577605803383566,3.6994346827032,1.2422,NaN,1.7696144028142e-08,0.802312460951573,1.57779631216474e-08,-0.802312460951573,4.70387160333985e-08,4.8504429173184e-08,4.33882585903293e-08,2.1182363418859e-07,3.5,0.00108101511720983,1.13755173088747,0.000506556817206893,0.0532867131841566,1.13755173088747,0.239207954707752,0.0478415909415505,0.00117921123647331,0.0170899971895771,0.0153571562242058,1.67314645842672e-07,1.6731449802483e-07,1.08778476715088e-06,48.5,0,0,1.97593979059771,TD3,NaN,mathworks_style_single_run,NaN,17-Jun-2026 15:05:07
63,-0.785398163397448,0.349065850398866,5,10,full_final,5,100001,1.1202777986583,3.14151913311811,30.3218487215859,0.590372682265552,0.989636063556335,3.96951768731797,0.99665,NaN,1.57272821992697e-08,0.802312486703299,1.20613057082419e-08,-0.802312486703299,4.56968984645503e-08,5.27944538941308e-08,4.8184057226428e-08,1.63460816438032e-07,1.5,0.00512865509950127,2.95410533929815,0.00130291440126162,0.137058714136659,2.95410533929815,0.623136323729065,0.124627264745813,0.00239355279683691,0.0137868641494931,0.0218794551889983,1.65779114584625e-07,1.65737668586819e-07,9.23871994018555e-07,50,0,0,3.16587439794004,TD3,NaN,mathworks_style_single_run,NaN,17-Jun-2026 15:04:57
64,-0.785398163397448,0.785398163397448,-5,-10,full_final,5,100001,1.08656225118488,0.785398163397448,10,0.0737215205169862,0.0241250315485492,4.01418715284939,0.63015,NaN,1.13669958552376e-08,0.802312435612347,-4.20299012112172e-09,-0.802312435612347,3.51259399344883e-08,1.51329646983138e-08,1.50872888833258e-08,8.08539351027093e-08,16.5,0.000756006595059894,0.796485432469918,0.000358616204364752,0.0377242555544772,0.796485432469918,0.167784271545693,0.0335568543091387,0.00148341255981487,0.0157649690188431,0.0172244742144129,1.66732611077463e-07,1.66731276068071e-07,8.79168510437012e-07,48,0,0,2.1547212233047,TD3,NaN,mathworks_style_single_run,NaN,17-Jun-2026 15:04:47
65,-0.785398163397448,0.785398163397448,-5,0,full_final,5,100001,1.12994076870685,3.14113118836253,25.6643693680146,0.684863205672266,1.18744942378575,4.13317246578551,0.98115,NaN,2.6726700318309e-08,0.802312418382937,2.24070929319736e-08,-0.802312418382937,5.95937075014011e-08,5.46709061549843e-08,5.12908947126701e-08,1.68915353704335e-07,4.5,0.00431848161841794,2.89266926696792,0.00127594631956847,0.134221835063086,2.89266926696792,0.613076023767191,0.122615204753438,0.00178717315698836,0.0183985944794384,0.0189059416956065,1.93295492450969e-07,1.93274962559884e-07,1.11758708953857e-06,48.5,0,0,3.43661978868748,TD3,NaN,mathworks_style_single_run,NaN,17-Jun-2026 15:06:04
66,-0.785398163397448,0.785398163397448,-5,10,full_final,5,100001,1.07338255662985,3.14112386041691,31.6551329472205,0.519790025559293,0.894804818182531,3.95705416705704,0.98815,NaN,1.75234502781322e-08,0.802312410967789,1.12397253895497e-08,-0.802312410967789,6.51143172485238e-08,4.41285012899983e-08,4.32074134774794e-08,1.65484578040775e-07,7,0.00978771369447108,6.64891862797556,0.00302025442511789,0.317712497053822,6.64891862797556,1.43134949008907,0.286269898017813,0.00277493145152207,0.0362075159599709,0.0235581470048986,1.72349254658207e-07,1.72325001490063e-07,1.08778476715088e-06,48.5,0,0,3.01868732927536,TD3,NaN,mathworks_style_single_run,NaN,17-Jun-2026 15:05:56
67,-0.785398163397448,0.785398163397448,0,-10,full_final,5,100001,0.965000245289066,0.785398163397448,10,0.162488034786856,0.032399249048468,3.74193729870909,1.4539,NaN,2.16452370822649e-08,0.802312622703483,6.60483340630363e-11,-0.802312622703483,9.99838594140101e-08,1.05524304237423e-07,8.15174409003143e-08,2.8708314037118e-07,4.5,0.000360668359819667,0.220933645299458,7.09145065963875e-05,0.00745977715675347,0.220933645299458,0.0354164832571776,0.00708329665143552,4.79475072066766e-05,0.000539951042378453,0.00309669201589944,2.07288187800972e-07,2.07287339354549e-07,1.01327896118164e-06,57.5,0,0,2.19595753795368,TD3,NaN,mathworks_style_single_run,NaN,17-Jun-2026 15:05:47
68,-0.785398163397448,0.785398163397448,0,0,full_final,5,100001,1.06817493010305,3.14101598888136,25.0935603174199,0.725503294007102,1.24753110864405,4.05685374290225,1.04015,NaN,1.70798634677919e-08,0.802312411510516,1.49409296055069e-08,-0.802312411510516,5.30472499031678e-08,4.27903556335755e-08,4.09015698704868e-08,1.7194000268006e-07,3.5,0.00326347245720693,1.88999774226914,0.000803633738027458,0.0845374083395094,1.88999774226914,0.393937497073415,0.078787499414683,0.00148771015132503,0.0087739626099926,0.0172494066641437,1.76102895550289e-07,1.76101007388012e-07,9.08970832824707e-07,43.5,0,0,3.47966320068778,TD3,NaN,mathworks_style_single_run,NaN,17-Jun-2026 15:05:37
69,-0.785398163397448,0.785398163397448,0,10,full_final,5,100001,1.12296176990614,3.14156671167338,29.872870206188,0.564405283157631,0.971163879088789,4.01899120399303,0.94915,NaN,1.89192050453768e-08,0.802312468741087,1.14601862621404e-08,-0.802312468741087,5.89530768417693e-08,4.82157442409336e-08,4.44534885450335e-08,1.88599907247067e-07,5.5,0.00613111329495818,4.13949326808258,0.00183863757061618,0.19341355114963,4.13949326808258,0.878222822290685,0.175644564458137,0.00274825162687711,0.0279893695745398,0.0234446225257611,1.75197249856905e-07,1.75197234171677e-07,9.68575477600098e-07,48,0,0,3.13876553038101,TD3,NaN,mathworks_style_single_run,NaN,17-Jun-2026 15:05:27
70,-0.785398163397448,0.785398163397448,5,-10,full_final,5,100001,1.06961713706595,0.785398163397448,10.5949800515414,0.18910464661,0.0440956232608877,3.96104738340816,1.3519,NaN,1.87161671936753e-08,0.802312530779001,1.14885839049574e-08,-0.802312530779001,5.32922816987025e-08,9.04559052034986e-08,7.6432760626578e-08,3.02993394818429e-07,2.5,0.00115719403861432,0.776966427310979,0.000325422734252062,0.0342325032743782,0.776966427310979,0.143902074862618,0.0287804149725235,0.00197995201368076,0.0136129768201866,0.0198995076003441,1.8555666212031e-07,1.85525322487527e-07,1.13248825073242e-06,57,0,0,2.35896416318362,TD3,NaN,mathworks_style_single_run,NaN,17-Jun-2026 15:05:16
71,-0.785398163397448,0.785398163397448,5,0,full_final,5,100001,1.08591558934282,3.1411780260314,25.3139658648827,0.760948673491548,1.27187793745975,4.05080960817726,1.07445,NaN,1.6856708892221e-08,0.802312470498506,9.10694761678603e-09,-0.802312470498506,4.77522765544994e-08,5.12650766945137e-08,4.60866717777447e-08,1.81009676580857e-07,3.5,0.00341028164242176,2.04750734808617,0.000896152821386387,0.0942698562931113,2.04750734808617,0.432191334455221,0.0864382668910442,0.00142143643431474,0.00985117630267745,0.0168608210613525,1.85240861332941e-07,1.8522371152497e-07,1.04308128356934e-06,51.5,0,0,3.54753448589286,TD3,NaN,mathworks_style_single_run,NaN,17-Jun-2026 15:05:37
72,-0.785398163397448,0.785398163397448,5,10,full_final,5,100001,1.17073497341428,3.14158868447889,27.9728507533786,0.612316659709312,1.05924469499216,4.11245124459414,0.94315,NaN,2.09458308020654e-08,0.802312448152377,1.5932024585392e-08,-0.802312448152377,6.14555319737722e-08,5.81448574862208e-08,5.28349543394543e-08,2.18723292810807e-07,5.5,0.00384923150221351,2.22077328404101,0.000982761140474863,0.103380527597618,2.22077328404101,0.469591055986171,0.0939182111972341,0.00170872973057531,0.00991460202344456,0.018486371902433,2.02467750635879e-07,2.02463353073753e-07,1.05798244476318e-06,48,0,0,3.28112881699707,TD3,NaN,mathworks_style_single_run,NaN,17-Jun-2026 15:05:28
73,-0.785398163397448,1.5707963267949,-5,-10,full_final,5,100001,0.967424936890184,3.14113206617988,23.8882460595679,0.940404195345954,1.58247218984094,3.56663019918793,1.7952,NaN,8.6928007545266e-08,0.802312794676951,-8.6928007545266e-08,-0.802312794676951,2.11790102145462e-07,4.34896289138132e-07,4.26926066334016e-07,1.88418056801254e-06,0.5,0.0212804453243347,13.674656395964,0.00610731299275179,0.642452385825296,13.674656395964,2.92304938363176,0.584609876726351,0.00332851335652403,0.0475146347165575,0.0258012145315837,1.97020130898804e-07,1.96060356397898e-07,1.16229057312012e-06,56.5,0,0,3.66506987043146,TD3,NaN,mathworks_style_single_run,NaN,17-Jun-2026 15:05:19
74,-0.785398163397448,1.5707963267949,-5,0,full_final,5,100001,0.978639365093108,3.14133239151341,24.0435029933241,0.806888569592723,1.4275297380592,3.69630958665724,1.6587,NaN,5.21391401216121e-08,0.802312725547638,-4.14256620435207e-08,-0.802312725547638,1.03931189233256e-07,1.47920536517766e-07,1.35765864426164e-07,7.83284461292055e-07,1,0.024433273326822,14.7586810562213,0.00653374788528799,0.687310757163757,14.7586810562213,3.13787813191424,0.627575626382847,0.00619852929912997,0.0494058411624335,0.0352094569657925,1.99521808719295e-07,1.99468858379366e-07,1.43051147460938e-06,57.5,0,0,3.46320672267126,TD3,NaN,mathworks_style_single_run,NaN,17-Jun-2026 15:05:08
75,-0.785398163397448,1.5707963267949,-5,10,full_final,5,100001,1.00439478005294,3.14145554710646,22.860642783997,0.619471292776254,1.18401040598018,3.70637276438681,1.27845,NaN,2.5967260543041e-08,0.802312470496351,1.45256523977362e-08,-0.802312470496351,6.09129215727169e-08,7.03878073236458e-08,6.30001396185426e-08,2.15445205675735e-07,4.5,0.00574185602266478,3.98585053819544,0.00175354392574889,0.184462214411455,3.98585053819544,0.843583942808356,0.168716788561671,0.00113233004545413,0.0200930504446522,0.0150487876286041,1.86228185166291e-07,1.86219685436914e-07,1.20699405670166e-06,53.5,0,0,3.09241837905285,TD3,NaN,mathworks_style_single_run,NaN,17-Jun-2026 15:04:57
76,-0.785398163397448,1.5707963267949,0,-10,full_final,5,100001,0.871988998475298,3.14121568252194,24.4006946173432,0.899512485685753,1.56725683506445,3.48096317388135,1.4145,NaN,1.97997337763997e-08,0.802312535379407,1.15125536638035e-08,-0.802312535379407,5.31334054760943e-08,8.8296377543476e-08,7.14771127022757e-08,2.4656515495991e-07,1.5,0.0145379236911197,9.72593170059766,0.00430185288386799,0.452528902970993,9.72593170059766,2.0659294421965,0.4131858884393,0.00317891087869831,0.0453522797515694,0.0252147214091226,1.87201450567858e-07,1.87169020919458e-07,1.17719173431396e-06,54,0,0,3.54025529635014,TD3,NaN,mathworks_style_single_run,NaN,17-Jun-2026 15:04:48
77,-0.785398163397448,1.5707963267949,0,0,full_final,5,100001,1.00429402128617,3.14154471786095,23.9225586161668,0.815088612586031,1.42266670475547,3.79579953846229,1.6173,NaN,4.01242995717604e-08,0.802312729117741,-3.25133673614256e-08,-0.802312729117741,1.04146011171272e-07,1.36565749084096e-07,1.08836917681054e-07,5.7981375434224e-07,4,0.0228817772066547,14.222658331658,0.00621877475584932,0.654177489109728,14.222658331658,2.99927522965815,0.59985504593163,0.00569661794814604,0.0536676125938443,0.0337538677728821,1.81347470118826e-07,1.81183498124713e-07,1.17719173431396e-06,50,0,0,3.52926985688966,TD3,NaN,mathworks_style_single_run,NaN,17-Jun-2026 15:06:10
78,-0.785398163397448,1.5707963267949,0,10,full_final,5,100001,0.913096867646249,3.14134774490594,23.3692572270307,0.582449882432989,1.15696542873398,3.87669461081628,0.98765,NaN,1.10748283946979e-08,0.802312441493317,6.13197526512738e-09,-0.802312441493317,4.31091728751856e-08,2.93722300010826e-08,2.93577182215623e-08,1.46251776911299e-07,12.5,0.00287415346340863,1.78383831414872,0.000739594803578105,0.0778008997846787,1.78383831414872,0.366195481561848,0.0732390963123697,0.000756076661426405,0.00692151995432177,0.0122969643524441,1.58655864757653e-07,1.58655241216189e-07,9.38773155212402e-07,48,0,0,3.10339707446305,TD3,NaN,mathworks_style_single_run,NaN,17-Jun-2026 15:06:01
79,-0.785398163397448,1.5707963267949,5,-10,full_final,5,100001,0.883586894726171,3.14119964848987,25.0360710845151,0.893751756530057,1.54402755216484,3.64685779899671,1.20715,NaN,1.58130266382855e-08,0.802312475199927,9.92638307624527e-09,-0.802312475199927,5.4544445159829e-08,4.60453288419988e-08,4.27070160220689e-08,1.75220415954414e-07,4.5,0.00922649143874851,6.25566381875227,0.00274627978251306,0.288892021829116,6.25566381875227,1.31587304634915,0.263174609269829,0.00387872893882254,0.0411655736882835,0.0278522133369057,1.78507864969677e-07,1.78506618024686e-07,9.68575477600098e-07,47.5,0,0,3.61159550241336,TD3,NaN,mathworks_style_single_run,NaN,17-Jun-2026 15:05:53
80,-0.785398163397448,1.5707963267949,5,0,full_final,5,100001,1.0681114356141,3.1415677756582,23.9499076824217,0.822476202231717,1.42434880612774,3.85894553376922,1.5998,NaN,4.74303700412062e-08,0.802312734852614,-3.57539274240024e-08,-0.802312734852614,1.31254714009335e-07,1.27214906421022e-07,9.62291596827352e-08,5.22838233152356e-07,4,0.0204591481378773,12.9614724696415,0.00563308067325927,0.592566014281043,12.9614724696415,2.71177141008208,0.542354282016415,0.00498142313398458,0.0522330600962463,0.0315639767265932,1.83864120820116e-07,1.83829682316337e-07,1.17719173431396e-06,48.5,0,0,3.57548822660974,TD3,NaN,mathworks_style_single_run,NaN,17-Jun-2026 15:05:43
81,-0.785398163397448,1.5707963267949,5,10,full_final,5,100001,0.870101341851473,3.14104740703541,23.7279279680207,0.581833440739794,1.14081328169024,3.93925833096616,0.9106,NaN,1.58870259297686e-08,0.802312397268277,7.73586023095114e-09,-0.802312397268277,6.16520947398361e-08,2.63382817743376e-08,2.48109777788855e-08,1.51393301450753e-07,10,0.00301003131788862,1.91706091960472,0.00082776018589842,0.0870753647230427,1.91706091960472,0.401691923741234,0.0803383847482469,0.00134288570044722,0.0114006792445925,0.016388323284871,1.79999256740398e-07,1.79998875070532e-07,9.83476638793945e-07,50,0,0,3.13351373755229,TD3,NaN,mathworks_style_single_run,NaN,17-Jun-2026 15:05:34
82,-0.785398163397448,2.35619449019234,-5,-10,full_final,5,100001,1.17277414020643,3.14095950382084,27.9060591127938,0.990301029369512,1.58250633806694,3.88615575334204,1.2625,NaN,4.36178822808435e-08,0.80231268774076,-2.25842293051043e-08,-0.80231268774076,1.10083067351288e-07,1.54306316203045e-07,1.13298687537886e-07,4.17498518423542e-07,3,0.0277504564338443,17.4228887412402,0.0077071208841234,0.810742499316063,17.4228887412402,3.71141430088917,0.742282860177834,0.0247130758804872,0.171119833778525,0.0703037351503988,1.98572769826047e-07,1.98571884140896e-07,1.04308128356934e-06,57,0,0,3.92692337785949,TD3,NaN,mathworks_style_single_run,NaN,17-Jun-2026 15:05:23
83,-0.785398163397448,2.35619449019234,-5,0,full_final,5,100001,1.20983358424029,3.14124752498387,32.8756645850684,1.70058452099898,2.96781077558495,3.69799560189026,2.2563,NaN,3.52248762235022e-07,0.802310563248081,1.26076809024719e-07,-0.802310563248081,1.44879386265728e-06,2.85306184159595e-06,2.0875676697931e-06,5.7187994948471e-06,1,0.0527013796044321,31.4118900721881,0.0137265241093212,1.44394730933029,31.4118900721881,6.62094091710926,1.32418818342185,0.0381002037590675,0.240575082052932,0.0872928447916178,3.16571060567804e-07,3.14924201147915e-07,1.74343585968018e-06,41.5,0,0,5.2553638046745,TD3,NaN,mathworks_style_single_run,NaN,17-Jun-2026 15:05:49
84,-0.785398163397448,2.35619449019234,-5,10,full_final,0.125,2501,1.58284476361778,3.14136240495871,15.3474062819035,0.339282023745894,0.927611568175522,0.139886983747525,NaN,NaN,2.71410499236406,1.11912186981767,0.250648130223841,-1.11912186981767,3.14136240495871,2.72398745032063,2.71243122388745,6.28244334596208,4,0.00103339305094339,0.739804797199151,0.000277167640740603,0.0291563593152508,0.739804797199151,0.138974045120063,1.1117923609605,0.000676963839669237,0.00824233154348761,0.07359151253612,0.106367227144761,0.099764923314455,0.532034695148468,20,1,1,1000,TD3,NaN,mathworks_style_single_run,NaN,17-Jun-2026 15:05:40
85,-0.785398163397448,2.35619449019234,0,-10,full_final,5,100001,1.00174127229094,3.14152501970479,25.9949737500842,1.03733403833677,1.78697699841833,3.75659235732144,1.24605,NaN,2.78271802785696e-08,0.802312419124769,2.21799735242233e-08,-0.802312419124769,9.10228041599428e-08,7.31396278262907e-08,6.67424009384296e-08,2.52045881943275e-07,0.5,0.0278410238877451,17.4658568729307,0.00766116504777637,0.805908223303228,17.4658568729307,3.67990370964124,0.735980741928247,0.0249636467436501,0.172379147515215,0.0706592481472172,1.94815443302823e-07,1.9478017585321e-07,1.19209289550781e-06,52,0,0,3.95622774817103,TD3,NaN,mathworks_style_single_run,NaN,17-Jun-2026 15:05:38
86,-0.785398163397448,2.35619449019234,0,0,full_final,5,100001,1.28110932915206,3.14129880303235,30.5816380538377,1.76812177500105,3.10935846739193,3.6924057283959,2.26025,NaN,3.69869253566734e-07,0.80231043984977,1.4157223948541e-07,-0.80231043984977,1.49414638261902e-06,2.84059138242984e-06,2.0741788767958e-06,5.74845637091315e-06,1,0.0444087309775321,26.8432725034818,0.0116498797272397,1.22549688123493,26.8432725034818,5.61670440476138,1.12334088095228,0.032452669161216,0.212204243577074,0.0805638494130164,3.29782600712437e-07,3.27582329027034e-07,1.8775463104248e-06,36,0,0,5.38687153720588,TD3,NaN,mathworks_style_single_run,NaN,17-Jun-2026 15:05:28
87,-0.785398163397448,2.35619449019234,0,10,full_final,0.17,3401,1.58233838146346,3.14142182459482,17.6910352079962,0.410802549880541,1.02633659147431,0.198619845850708,NaN,NaN,2.41635373240313,1.16835659667351,-0.578302209958195,-1.16835659667351,3.14142182459482,2.45696602795922,2.38793815173325,6.28230373256272,2.94117647058824,0.00148027303210875,0.824894093527432,0.000275839543308408,0.0290166514985834,0.824894093527432,0.150792659303067,0.887015642959218,0.00081456923798206,0.00471694021135096,0.0692212666225897,0.0926013394105144,0.0678598142390284,0.342787973582745,26.4705882352941,1,1,1000,TD3,NaN,mathworks_style_single_run,NaN,17-Jun-2026 15:05:18
88,-0.785398163397448,2.35619449019234,5,-10,full_final,5,100001,0.880252760250959,3.14111064152244,25.1206201270715,1.04359012694493,1.863307018792,3.53258309613697,1.4641,NaN,4.62344195158642e-08,0.802312528592918,1.43243068581992e-08,-0.802312528592918,9.97815654775333e-08,9.68656051942706e-08,7.99462182537201e-08,2.73714244158896e-07,0.5,0.0268834797782475,16.7326203474672,0.0072646240696934,0.764194510947359,16.7326203474672,3.51818689118378,0.703637378236756,0.0263181448677208,0.176547234342022,0.0725508716249787,1.98361255673423e-07,1.9835770913137e-07,1.31130218505859e-06,54,0,0,3.85683150244829,TD3,NaN,mathworks_style_single_run,NaN,17-Jun-2026 15:05:14
89,-0.785398163397448,2.35619449019234,5,0,full_final,5,100001,1.42926542296364,3.14125514963232,29.1426460704764,1.80012396109262,3.21731302953971,3.76280209348322,2.24035,NaN,3.11780150844384e-07,0.802310745760435,7.03092644343626e-08,-0.802310745760435,1.20729241581685e-06,2.84274871200484e-06,2.09846353640156e-06,5.76817219588577e-06,1,0.0467407692497539,28.2948256876638,0.0122589879044464,1.28957137719357,28.2948256876638,5.91766475460771,1.18353295092154,0.041761437577698,0.267988732443664,0.0913908502834916,2.9593082806992e-07,2.95381991092895e-07,1.50501728057861e-06,41,0,0,5.48706328354016,TD3,NaN,mathworks_style_single_run,NaN,17-Jun-2026 15:05:55
90,-0.785398163397448,2.35619449019234,5,10,full_final,5,100001,1.40434013067508,3.14134486405989,31.3040128192904,1.17738434762198,2.02731458473908,3.88877243685187,1.94205,NaN,1.43731292371313e-07,0.802312578507239,-1.43731292371313e-07,-0.802312578507239,2.74193017180124e-07,1.24247424083718e-06,1.1263539720912e-06,4.26817307941363e-06,0.5,0.0122404520626126,7.13589819551051,0.00300295441195932,0.315892640311303,7.13589819551051,1.46065108965008,0.292130217930016,0.00595656761522994,0.036017785612632,0.03451540993594,2.22896290967027e-07,2.18229824109019e-07,1.10268592834473e-06,53,0,0,4.30005511146354,TD3,NaN,mathworks_style_single_run,NaN,17-Jun-2026 15:05:46
91,-0.785398163397448,3.14159265358979,-5,-10,full_final,5,100001,0.953955131930186,3.14159265358979,31.4507791724866,0.440318097258335,0.63005402986412,3.57261318580072,1.5915,NaN,4.48597916953472e-08,0.802312700493086,-2.43051805550711e-08,-0.802312700493086,1.20235957634662e-07,1.05297402140013e-07,7.82603381646801e-08,3.63169887052095e-07,3,0.0205372346674404,13.2251331607545,0.00578087191311296,0.608112758775846,13.2251331607545,2.78841299075888,0.557682598151776,0.0236748860016517,0.164281063215704,0.0688111706071794,1.94463554960637e-07,1.94449084045054e-07,1.13248825073242e-06,58,0,0,2.66988986158413,TD3,NaN,mathworks_style_single_run,NaN,17-Jun-2026 15:05:37
92,-0.785398163397448,3.14159265358979,-5,0,full_final,5,100001,1.16453302591343,3.14159265358979,25.3510655551512,1.29049387326095,2.50623918203879,3.58343089574699,1.7481,NaN,7.06907236256973e-08,0.802312743515114,-6.17437702011431e-08,-0.802312743515114,1.78016220676161e-07,2.92808698559077e-07,2.91791287425696e-07,1.3802670295604e-06,1.5,0.031761296737669,18.2945069228649,0.00786311347815849,0.82715197666362,18.2945069228649,3.81893394191402,0.763786788382805,0.0324066345666291,0.186662215143145,0.0805066886247707,2.09564619379073e-07,2.08839201603652e-07,1.23679637908936e-06,59.5,0,0,4.37673247309544,TD3,NaN,mathworks_style_single_run,NaN,17-Jun-2026 15:05:27
93,-0.785398163397448,3.14159265358979,-5,10,full_final,0.09,1801,1.57468390987614,3.14159265358979,19.6477312238599,0.227514766357715,0.585846146226844,0.10896686754545,NaN,NaN,2.52796010652275,1.2107259255667,-2.52447138619672,-1.2107259255667,3.14159265358979,2.55139487157725,0.369675548264519,6.28268531574822,11.1111111111111,0.0026033256005111,1.90786019741911,0.000707464272429806,0.074420962254286,1.90786019741911,0.366575313897051,4.07305904330057,0.0026944572698287,0.0236233425861047,0.173027206268863,0.186728847445702,0.158147372338588,0.773800253868103,38.8888888888889,1,1,1000,TD3,NaN,mathworks_style_single_run,NaN,17-Jun-2026 15:05:17
94,-0.785398163397448,3.14159265358979,0,-10,full_final,5,100001,1.16061585617434,3.14159265358979,28.7287147429873,1.08537030953864,1.87405769332082,3.81055862726418,1.2974,NaN,3.87101661251639e-08,0.802312658681591,-1.70609267834251e-08,-0.802312658681591,1.06195253724698e-07,1.57788972161899e-07,1.18994523034861e-07,4.89247010015958e-07,2,0.026549331348346,16.4721207327536,0.00715351305806918,0.75250630459636,16.4721207327536,3.45886321533422,0.691772643066844,0.026631276352609,0.176990269313156,0.072981198061705,2.10214629554325e-07,2.10184508597169e-07,1.19209289550781e-06,59.5,0,0,4.07939971683004,TD3,NaN,mathworks_style_single_run,NaN,17-Jun-2026 15:05:13
95,-0.785398163397448,3.14159265358979,0,0,full_final,0.24,4801,1.57786584488521,3.14159265358979,16.3681955696608,0.522961070466005,1.20698362516834,0.172039871649969,NaN,NaN,2.17903903384629,0.716929611539995,2.17903903384629,0.445878307937914,3.14159265358979,2.24261643768252,0.530205031603858,1.59580470259834,2.08333333333333,0.0104303286681221,6.1442887044462,0.00252479794393814,0.265593472077648,6.1442887044462,1.23995787325163,5.16649113854844,0.0114537473131098,0.0738427665651986,0.218458113005578,0.214421339132204,0.209437849741242,0.815382450819016,31.25,1,1,1000,TD3,NaN,mathworks_style_single_run,NaN,17-Jun-2026 15:05:49
96,-0.785398163397448,3.14159265358979,0,10,full_final,0.135,2701,1.57244637840531,3.14159265358979,23.3766705395967,0.291162282120358,0.66349004801286,0.165823351566539,NaN,NaN,2.15680304045204,1.2283028336178,-2.15447679635461,-1.2283028336178,3.14159265358979,2.21700705782883,0.522828871077746,6.28268531178077,7.40740740740741,0.004357355612856,3.25937466358413,0.00131979876512106,0.138834847087028,3.25937466358413,0.659824101372566,4.88758593609308,0.00437261894115762,0.0402395112956304,0.179971580907934,0.201173492310138,0.178793569840643,0.979492425918579,33.3333333333333,1,1,1000,TD3,NaN,mathworks_style_single_run,NaN,17-Jun-2026 15:05:48
97,-0.785398163397448,3.14159265358979,5,-10,full_final,5,100001,1.05377654576815,3.14159265358979,26.1205322932891,1.177290614242,2.24178809657047,3.69609182121517,1.3562,NaN,1.56244532720918e-08,0.802312545665181,6.69680481336834e-09,-0.802312545665181,4.49141077434181e-08,7.70100692497549e-08,6.21785692029924e-08,2.36160863309465e-07,2.5,0.0232268548130815,13.7947396367903,0.00590993533434361,0.621689450029577,13.7947396367903,2.87522844238845,0.57504568847769,0.0218325594048616,0.134076967461134,0.0660795874758032,1.82264983405067e-07,1.82210698128511e-07,1.02818012237549e-06,55,0,0,4.2054019256251,TD3,NaN,mathworks_style_single_run,NaN,17-Jun-2026 15:05:46
98,-0.785398163397448,3.14159265358979,5,0,full_final,0.21,4201,1.61208045800189,3.14159265358979,26.6781429107428,0.489546156173448,1.18393346836894,0.156978174975739,NaN,NaN,2.33119657659829,0.74762252768995,2.14874274315049,0.529887138954587,3.14159265358979,2.37444005387289,1.0103812118176,6.28318530322785,7.14285714285714,0.0275544255900011,16.9060364608658,0.00723605646711055,0.761189371951142,16.9060364608658,3.50805986719865,16.7050469866602,0.0403623429650631,0.253170307022877,0.43840806695015,0.369503830851072,0.361546533412181,1.60087412595749,35.7142857142857,1,1,1000,TD3,NaN,mathworks_style_single_run,NaN,17-Jun-2026 15:05:36
99,-0.785398163397448,3.14159265358979,5,10,full_final,5,100001,1.3188275716749,3.14159265358979,32.2106526456487,1.01689351047646,1.62285279552853,3.85475306036269,1.8845,NaN,1.19805126294633e-07,0.802312677680921,-1.19805126294633e-07,-0.802312677680921,2.88833276407274e-07,8.99421278841869e-07,8.41964349295471e-07,3.55256384576563e-06,0.5,0.015770002987797,10.0268333893297,0.00426169804829071,0.448304857150905,10.0268333893297,2.06996571057823,0.413993142115647,0.00892819052885365,0.0702926108133824,0.0422568113535644,2.0776195348912e-07,2.04182065581863e-07,1.13248825073242e-06,55,0,0,3.96248638026088,TD3,NaN,mathworks_style_single_run,NaN,17-Jun-2026 15:05:34
100,0,-3.14159265358979,-5,-10,full_final,5,100001,1.20078112753195,3.14159265358979,27.2087697326576,0.409977386384621,0.676584632759371,4.18519747790319,0.7999,NaN,1.87632116273673e-08,0.802312420492889,1.4981614883347e-08,-0.802312420492889,4.85187501515635e-08,5.1829890953207e-08,4.93649687169499e-08,1.78144622609011e-07,3.5,0.0120198935471057,8.07754987824975,0.00346465408178202,0.364460652915925,8.07754987824975,1.68455426561621,0.336910853123241,0.0106421061202561,0.0843803551550443,0.0461348157474507,1.83048194072326e-07,1.83006019135573e-07,1.10268592834473e-06,48.5,0,0,2.91396480559902,TD3,NaN,mathworks_style_single_run,NaN,17-Jun-2026 15:05:25
101,0,-3.14159265358979,-5,0,full_final,0.12,2401,1.60776873245791,3.14159265358979,17.5557595730583,0.3209008318966,0.869537316772445,0.0982310765151684,NaN,NaN,2.67416204797974,0.818586178537941,-2.33660971214456,-0.818586178537941,3.14159265358979,2.69186653084348,1.33656293266986,6.28318530322785,12.5,0.00187444323351382,1.40032014900204,0.000386880461620968,0.0406974844571695,1.40032014900204,0.222693428061092,1.85577856717577,0.00062824661302849,0.0108020978569565,0.0723559841471601,0.14205524986767,0.0932330156831442,0.453210081905127,37.5,1,1,1000,TD3,NaN,mathworks_style_single_run,NaN,17-Jun-2026 15:05:41
102,0,-3.14159265358979,-5,10,full_final,5,100001,1.56958788929281,3.14159265358979,23.0721706671741,1.17400353169128,2.17245908563522,4.21697427207957,1.204,NaN,3.34929527440989e-08,0.80231265548435,-1.3297375868311e-08,-0.80231265548435,1.01107442173495e-07,1.57899256548128e-07,1.17587675226645e-07,4.21103045766813e-07,1.5,0.0201971173265085,12.2609321147433,0.00519904437755806,0.546908021307875,12.2609321147433,2.53135763308058,0.506271526616116,0.0155294426569939,0.101997440397789,0.0557304991131317,1.95912430350266e-07,1.9589217471969e-07,1.10268592834473e-06,50,0,0,4.45856822352206,TD3,NaN,mathworks_style_single_run,NaN,17-Jun-2026 15:05:40
103,0,-3.14159265358979,0,-10,full_final,5,100001,1.22698269654857,3.14159265358979,27.7164628107229,1.16682529689639,2.13248520544852,3.89740094771674,1.3353,NaN,2.32597757074691e-08,0.802312531805643,1.60169884568518e-08,-0.802312531805643,5.54700316790502e-08,8.41160447597024e-08,7.14509433309357e-08,3.03032120729796e-07,0.5,0.0159770709956307,9.53074751657568,0.00406788991870562,0.427917414196521,9.53074751657568,1.98297271713823,0.396594543427646,0.0128639604619748,0.0806555047228417,0.0507226979999582,1.95977265147946e-07,1.95948868379829e-07,1.14738941192627e-06,55,0,0,4.28404499523489,TD3,NaN,mathworks_style_single_run,NaN,17-Jun-2026 15:05:31
104,0,-3.14159265358979,0,0,full_final,0.15,3001,1.59377412195762,3.14159265358979,21.2080883238193,0.364449172373914,0.917648546164904,0.121467177616928,NaN,NaN,2.42965992855807,0.809776887504012,-2.42965992855807,-0.809776887504012,3.14159265358979,2.47340862748082,0.463144545531671,1.43118905822696,3.33333333333333,0.00441969781517994,2.56217754304064,0.000900660565507734,0.0947440437089003,2.56217754304064,0.473939795025536,3.15959863350357,0.00355745270373571,0.0211225982370154,0.154001140769275,0.17008012687474,0.137638773113304,0.703864932060242,16.6666666666667,1,1,1000,TD3,NaN,mathworks_style_single_run,NaN,17-Jun-2026 15:05:20
105,0,-3.14159265358979,0,10,full_final,5,100001,1.16705710537353,3.14159265358979,30.6868605135592,1.08283371398589,1.73504155652574,3.7527407271149,1.9071,NaN,1.37897930262669e-07,0.802312664673376,-1.37897930262669e-07,-0.802312664673376,2.8194563281779e-07,1.02666059637839e-06,9.48602546467183e-07,3.72751395616433e-06,0.5,0.0170546663435259,10.769121997068,0.00455117060817501,0.478755619531891,10.769121997068,2.21800030541108,0.443600061082216,0.011294147225668,0.083966971683791,0.0475271442981124,2.24486487393427e-07,2.212031540783e-07,1.16229057312012e-06,53.5,0,0,4.04362649099938,TD3,NaN,mathworks_style_single_run,NaN,17-Jun-2026 15:05:18
106,0,-3.14159265358979,5,-10,full_final,0.21,4201,1.57263869253588,3.14159265358979,17.7309625353072,0.437212373200636,0.970687273925119,0.164722734735643,NaN,NaN,2.08201259277038,0.784394433244257,2.08051695237353,0.784394433244257,3.14159265358979,2.15003238030214,0.542299222970179,6.28268531574822,4.76190476190476,0.00699172262558766,3.75231520638426,0.00152617236924072,0.160544101958261,3.75231520638426,0.757690618692458,3.60805056520218,0.00761663877952016,0.0442183011714588,0.190446077601786,0.182899683786941,0.178587549976721,0.885700404644012,28.5714285714286,1,1,1000,TD3,NaN,mathworks_style_single_run,NaN,17-Jun-2026 15:05:06
107,0,-3.14159265358979,5,0,full_final,0.26,5201,1.57885141894944,3.14159265358979,21.7806645189937,0.545289152477734,1.27695772213353,0.193296386524708,NaN,NaN,2.09728097570105,0.743456480715946,-1.25415206493063,-0.681886644088066,3.14159265358979,2.2161951362302,1.82719005029051,6.2831656594373,5.76923076923077,0.00745872857339888,3.91565654338906,0.00158569723000268,0.16680575726524,3.91565654338906,0.787522204147804,3.02893155441463,0.00385950713501606,0.0225995681643979,0.121837014948661,0.170759757122251,0.168418653008524,1.0271287560463,11.5384615384615,1,1,1000,TD3,NaN,mathworks_style_single_run,NaN,17-Jun-2026 15:05:49
108,0,-3.14159265358979,5,10,full_final,5,100001,0.869138325627101,3.14159265358979,28.2337443103432,0.373889028865753,0.651106347804145,3.76109833613738,0.9616,NaN,1.16560813535917e-08,0.80231245112329,2.84838305584525e-09,-0.80231245112329,3.84288334487337e-08,2.3287106614728e-08,2.30980536143268e-08,1.3862237224771e-07,12,0.00836062111779596,5.91995134493259,0.00254729090688515,0.267959595727561,5.91995134493259,1.24009987758422,0.248019975516843,0.00699622903994668,0.0623829508917337,0.0374064941953845,1.79664465542449e-07,1.79659509820573e-07,1.07288360595703e-06,50.5,0,0,2.62928200306067,TD3,NaN,mathworks_style_single_run,NaN,17-Jun-2026 15:05:48
109,0,-2.35619449019234,-5,-10,full_final,5,100001,0.874044125819999,3.14107485197123,22.4853092015799,0.544757575972623,1.04185713457187,3.65044516546188,1.08075,NaN,1.69879716696768e-08,0.802312399226296,1.20589755765405e-08,-0.802312399226296,7.57626195342506e-08,4.42093802138233e-08,4.36943567306862e-08,2.08038702709246e-07,10.5,0.00825925884903226,4.77605612230613,0.00205075172543581,0.215726677231912,4.77605612230613,0.997155089518607,0.199431017903721,0.00769534608746848,0.0446996539690857,0.0392309726809532,1.96764845240266e-07,1.96753099522393e-07,1.14738941192627e-06,47,0,0,2.91571306303001,TD3,NaN,mathworks_style_single_run,NaN,17-Jun-2026 15:05:39
110,0,-2.35619449019234,-5,0,full_final,0.125,2501,1.61130697006794,2.35741100282658,22.0205195688548,0.246475915408417,0.49360273174055,0.106360514286622,NaN,NaN,1.97181306866834,0.850866029275276,-1.97181306866834,-0.850866029275276,2.35741100282658,1.98717765390165,0.246633838705884,0.741252350633531,4,0.0103896931490441,6.94887059616959,0.00289934345543734,0.304993394391831,6.94887059616959,1.42710417468017,11.4168333974413,0.00565158581389248,0.0521542413604723,0.212632750325861,0.305114333253703,0.286593748140958,1.25433945655823,12,1,1,1000,TD3,NaN,mathworks_style_single_run,NaN,17-Jun-2026 15:05:29
111,0,-2.35619449019234,-5,10,full_final,5,100001,1.29728657142606,3.14146743429223,23.9388187642033,1.03102752260364,1.77164407747518,3.61422749000455,1.43815,NaN,1.81740764151034e-08,0.802312571706604,5.81695861459296e-09,-0.802312571706604,4.39560261293739e-08,8.1291657984677e-08,6.27674404142929e-08,2.15825357585686e-07,0.5,0.0259322422278441,16.1763966051784,0.00706574774474839,0.743273924496876,16.1763966051784,3.41437310236751,0.682874620473502,0.0213276280409716,0.1476356391548,0.0653109914807173,1.75342215497764e-07,1.75315868449401e-07,8.49366188049316e-07,49.5,0,0,3.87200871104979,TD3,NaN,mathworks_style_single_run,NaN,17-Jun-2026 15:05:27
112,0,-2.35619449019234,0,-10,full_final,5,100001,1.0885338592666,3.14145792748624,32.2774083294246,1.16380451994051,2.20410487909533,3.73905257309295,1.3903,NaN,3.40813459795296e-08,0.802312644506834,-1.05912125901703e-08,-0.802312644506834,1.02136340274228e-07,1.5188402601545e-07,1.14216702377145e-07,3.80750805550889e-07,2,0.0206667693997273,12.249561149763,0.00527079308568791,0.554455551420152,12.249561149763,2.55390771210361,0.510781542420722,0.0149473895903982,0.0930070035511078,0.054676118352345,1.97797973821486e-07,1.97792416540337e-07,1.08778476715088e-06,52,0,0,4.19915833700372,TD3,NaN,mathworks_style_single_run,NaN,17-Jun-2026 15:05:16
113,0,-2.35619449019234,0,0,full_final,0.14,2801,1.57653545424588,2.35744535012032,20.7319669736702,0.267797681382709,0.523655315765521,0.111019954365096,NaN,NaN,1.91284954152161,0.792997984658708,-1.91284954152161,-0.792986124074265,2.35744535012032,1.9340276622103,0.285428852247309,0.837763544628941,3.57142857142857,0.0131715112092339,8.2598751265493,0.00349468525907981,0.367619751119506,8.2598751265493,1.71599219977142,12.2570871412244,0.00781257778819634,0.058535565193447,0.236228971674825,0.314572938259347,0.293098939568906,1.27410799264908,10.7142857142857,1,1,1000,TD3,NaN,mathworks_style_single_run,NaN,17-Jun-2026 15:05:42
114,0,-2.35619449019234,0,10,full_final,5,100001,1.13826061246767,3.14108993370785,28.4923807288145,1.02977446324524,1.55107810570045,3.7650303639715,1.8618,NaN,1.13026548118715e-07,0.802312726424587,-1.11870694296797e-07,-0.802312726424587,1.93015212456723e-07,7.64960797906848e-07,7.24675327731584e-07,3.04916200910554e-06,0.5,0.0244078262898869,15.4398332153132,0.00671535354778124,0.706414574388556,15.4398332153132,3.24263839034022,0.648527678068044,0.0178885733399212,0.130656687884717,0.059814000601734,2.05026891897213e-07,2.0236739728979e-07,1.20699405670166e-06,54,0,0,3.94452772677203,TD3,NaN,mathworks_style_single_run,NaN,17-Jun-2026 15:05:41
115,0,-2.35619449019234,5,-10,full_final,0.13,2601,1.62498976254897,2.55180086668757,24.5711135404783,0.297627135780666,0.687097118999948,0.0918353786221393,NaN,NaN,2.28937626778228,0.706466769444084,-2.28937626778228,-0.697941236062111,2.55180086668757,2.29893170889327,0.209387933439827,0.658081580100719,3.84615384615385,0.0103271707782953,6.68661664562945,0.00278328339552782,0.292784578096286,6.68661664562945,1.36475366116072,10.4981050858517,0.00522242779736246,0.0449470849484299,0.200430839738232,0.293398479042194,0.253997008062931,0.912771135568619,19.2307692307692,1,1,1000,TD3,NaN,mathworks_style_single_run,NaN,17-Jun-2026 15:05:32
116,0,-2.35619449019234,5,0,full_final,0.165,3301,1.58425896008821,2.35690475420534,18.923840641585,0.296350211694619,0.550385940139353,0.129461525340275,NaN,NaN,1.79608700841182,0.78461758142549,-1.79608700841182,-0.779169666775251,2.35690475420534,1.82641736611846,0.331469234580511,0.95513946978152,3.03030303030303,0.0156614132985759,9.90195634570811,0.00430844746828406,0.453222613363215,9.90195634570811,2.0920958938937,12.6793690539012,0.00812106229675396,0.0647335895224719,0.221852562244087,0.318359777614688,0.301180408249078,1.33374294638634,9.09090909090909,1,1,1000,TD3,NaN,mathworks_style_single_run,NaN,17-Jun-2026 15:05:29
117,0,-2.35619449019234,5,10,full_final,0.365,7301,1.57305862456371,2.35619449019234,28.8793794821738,0.302537900713316,0.403017908651355,0.264240325300935,NaN,NaN,0.828937848575279,0.723954668583891,-0.629144606544166,0.276828178611594,2.35619449019234,1.05090100387585,0.841765991237261,2.68683901386449,1.36986301369863,0.0184482860810634,12.0146748778146,0.00520213740595253,0.547233389186327,12.0146748778146,2.50784010135893,6.87079479824366,0.0105263972947549,0.0884298914594574,0.169821802614282,0.23745371480285,0.237451557014658,1.4279118180275,5.47945205479452,1,1,1000,TD3,NaN,mathworks_style_single_run,NaN,17-Jun-2026 15:05:28
118,0,-1.5707963267949,-5,-10,full_final,5,100001,1.12457254286855,3.14157305266513,26.3224897219644,0.661509510397413,1.08450080990571,3.82228481321325,1.543,NaN,3.17667858782375e-08,0.802312646858298,-1.52165773941177e-08,-0.802312646858298,1.00591446038786e-07,1.28878406547549e-07,9.30730022119093e-08,3.39036871466192e-07,5,0.00923791852549126,5.35723451288227,0.00230645620314181,0.242625241619127,5.35723451288227,1.11147744712297,0.222295489424593,0.00942707640145544,0.0550238289163631,0.0434213689361711,1.99033979606169e-07,1.99033758698337e-07,1.05798244476318e-06,54.5,0,0,3.23533591895486,TD3,NaN,mathworks_style_single_run,NaN,17-Jun-2026 15:05:25
119,0,-1.5707963267949,-5,0,full_final,0.585,11701,1.57310705392502,3.14155731137148,27.1090506325371,0.759156710159016,1.45618815216389,0.345191471150391,NaN,NaN,1.23285454520682,0.634353367615514,0.25365972912931,-0.409396321777363,3.14155731137148,1.57768954435376,1.57745418842221,6.28212914498318,1.70940170940171,0.0164280605691482,9.70911197867699,0.00411019618107314,0.432367777101712,9.70911197867699,1.98069185135522,3.38579803650465,0.0117994908735769,0.072904755509364,0.142021371171251,0.169032104402576,0.168972401468376,1.11062324047089,11.1111111111111,1,1,1000,TD3,NaN,mathworks_style_single_run,NaN,17-Jun-2026 15:05:57
120,0,-1.5707963267949,-5,10,full_final,5,100001,1.16083476369738,3.1410677334381,27.6311753042518,0.919786349871568,1.34534455685769,3.724807860032,1.78795,NaN,8.4104895286397e-08,0.802312751043239,-8.41030068541315e-08,-0.802312751043239,2.24224432553863e-07,4.55738368166154e-07,4.48981963774568e-07,2.07827738307742e-06,0.5,0.0156258258942166,9.76393447626725,0.00427897803218913,0.450122606936401,9.76393447626725,2.04939670299458,0.409879340598917,0.00937737933286964,0.0692828801813114,0.0433067646745162,2.11959960990666e-07,2.1068598842847e-07,1.50501728057861e-06,56.5,0,0,3.70334506871571,TD3,NaN,mathworks_style_single_run,NaN,17-Jun-2026 15:05:55
121,0,-1.5707963267949,0,-10,full_final,5,100001,1.1194145223943,3.14113452342026,25.9807610179497,0.669301707555622,1.10385890771006,3.81848671210494,1.5452,NaN,3.41546108916934e-08,0.802312650265344,-1.56048603068111e-08,-0.802312650265344,1.1059919178201e-07,1.29590612042797e-07,9.42871553947307e-08,3.40848453461717e-07,6,0.00881756357043532,5.358981955383,0.00229243846772913,0.241150660642117,5.358981955383,1.11479609075817,0.222959218151633,0.00707071345683458,0.0463286162876096,0.037605088636605,1.88966419001979e-07,1.8893564496225e-07,9.08970832824707e-07,53,0,0,3.24878432244435,TD3,NaN,mathworks_style_single_run,NaN,17-Jun-2026 15:05:46
122,0,-1.5707963267949,0,0,full_final,5,100001,0.862300530928693,3.14131768199926,22.605369276634,0.779094618866705,1.48953200713265,3.60335837680844,1.10835,NaN,1.29156158869729e-08,0.802312423017988,7.00234449152836e-09,-0.802312423017988,4.45975632208526e-08,4.01882693778807e-08,3.91600009643032e-08,1.71955427674675e-07,7.5,0.0101770716519352,5.92210516766249,0.00252437754429367,0.2655492485779,5.92210516766249,1.23423278209506,0.246846556419011,0.0091416813795457,0.0538583226691398,0.0427590490529097,1.89235144375759e-07,1.89234621595211e-07,1.02818012237549e-06,47,0,0,3.36103551333015,TD3,NaN,mathworks_style_single_run,NaN,17-Jun-2026 15:05:36
123,0,-1.5707963267949,0,10,full_final,5,100001,1.08865765534313,3.14108043131947,26.3286050609741,0.937465390687725,1.41152297077208,3.70998406843484,1.78035,NaN,8.13176308206198e-08,0.802312777643652,-8.11178618403304e-08,-0.802312777643652,1.93554990456798e-07,4.25868889864409e-07,4.21655120163321e-07,1.99058418104414e-06,0.5,0.0199929439255551,12.7540520272842,0.00564247335700139,0.593554067797645,12.7540520272842,2.70883636028862,0.541767272057724,0.00867241984312445,0.0747154648196927,0.0416471363796467,1.96461438388073e-07,1.95155911366223e-07,1.31130218505859e-06,51.5,0,0,3.73135689904045,TD3,NaN,mathworks_style_single_run,NaN,17-Jun-2026 15:05:27
124,0,-1.5707963267949,5,-10,full_final,5,100001,1.10982320272534,3.14108812614513,25.5799071987977,0.678699133085159,1.12755987525552,3.81448957528781,1.5478,NaN,3.14968138137349e-08,0.80231264060343,-1.39858975688963e-08,-0.80231264060343,9.90623562950735e-08,1.31161358717185e-07,9.46067403528489e-08,3.30207747367695e-07,4,0.0120571910765542,7.84916476182547,0.00345725173822072,0.363681971147479,7.84916476182547,1.65944673419773,0.331889346839546,0.00749544381913241,0.061258210432806,0.0387180676664846,2.04603491112185e-07,2.04602403206493e-07,1.11758708953857e-06,46.5,0,0,3.26573944861802,TD3,NaN,mathworks_style_single_run,NaN,17-Jun-2026 15:05:15
125,0,-1.5707963267949,5,0,full_final,5,100001,0.866557262586016,3.14116165646299,22.6946227109047,0.791881604826967,1.50201409774719,3.53908625029754,1.20155,NaN,1.79278393676214e-08,0.802312433863204,1.45476784819532e-08,-0.802312433863204,5.94345268785243e-08,5.00384228428155e-08,4.6378681814745e-08,2.20691923402683e-07,3.5,0.0103102347400846,6.11980452720442,0.00264641384113565,0.278386728850558,6.11980452720442,1.28276731032572,0.256553462065145,0.00868752736977172,0.0536623439881969,0.0416833956624738,1.89847114193454e-07,1.89838776495939e-07,1.16229057312012e-06,47.5,0,0,3.35444038465321,TD3,NaN,mathworks_style_single_run,NaN,17-Jun-2026 15:06:12
126,0,-1.5707963267949,5,10,full_final,5,100001,0.999845880428846,3.14118890084951,24.9196248753749,0.944519051967633,1.4796567884694,3.62662866121993,1.79095,NaN,8.35090391962951e-08,0.802312751772091,-8.32344881476794e-08,-0.802312751772091,2.31432845975585e-07,4.41454782571998e-07,4.34208398057536e-07,2.01488382423065e-06,0.5,0.0265925313946007,16.5873701694465,0.00744751811259088,0.783433857997726,16.5873701694465,3.55910318045741,0.711820636091483,0.0108107673075206,0.0876714614144655,0.0464989619400705,2.25137576599047e-07,2.23779982364595e-07,1.10268592834473e-06,52,0,0,3.70418109043225,TD3,NaN,mathworks_style_single_run,NaN,17-Jun-2026 15:06:03
127,0,-0.785398163397448,-5,-10,full_final,5,100001,1.17039990814107,3.14144449544167,29.2405652528094,0.681782972937834,1.04025919280551,3.80670465267556,1.5924,NaN,4.49063907926278e-08,0.802312641068373,-2.33201757242046e-08,-0.802312641068373,1.04587557924626e-07,1.3127773208019e-07,1.01559400660948e-07,4.83940922890724e-07,7,0.00868417845381489,5.68161172389549,0.00247591945487742,0.260451750677441,5.68161172389549,1.18430583532965,0.23686116706593,0.00670378040921563,0.0522042738470403,0.0366163362700739,2.00367138547912e-07,2.00330050113383e-07,1.11758708953857e-06,51.5,0,0,3.26783766326546,TD3,NaN,mathworks_style_single_run,NaN,17-Jun-2026 15:05:54
128,0,-0.785398163397448,-5,0,full_final,5,100001,1.23595762638429,3.14149516109679,30.2100437278732,0.753213524286484,1.06687259688906,3.80320887633533,1.70915,NaN,5.40846387790112e-08,0.80231271501318,-5.00431753033638e-08,-0.80231271501318,1.12625791114803e-07,2.32315477761942e-07,2.30362899907194e-07,1.24931004918949e-06,1,0.0123313440230127,8.11558731518989,0.00355266192846983,0.373718546058629,8.11558731518989,1.70387798759847,0.340775597519694,0.00581805913546892,0.0537666837790008,0.0341117549694205,1.86912071683627e-07,1.86576546878141e-07,9.68575477600098e-07,56.5,0,0,3.40897020366876,TD3,NaN,mathworks_style_single_run,NaN,17-Jun-2026 15:05:45
129,0,-0.785398163397448,-5,10,full_final,5,100001,1.30620202180011,0.785398163397448,16.0473134963029,0.120422013246467,0.0386697407202762,4.4002668726476,0.65715,NaN,1.44063075241796e-08,0.802312442326472,3.73893128601152e-09,-0.802312442326472,4.97124785781011e-08,3.99658883284734e-08,3.78477143582465e-08,1.71152262140595e-07,7,0.00205151064809866,1.30277927880574,0.000624425100893166,0.0656857436836989,1.30277927880574,0.281540441737825,0.056308088347565,0.00110813883967468,0.00880506262655405,0.0148871678950342,1.98942378475472e-07,1.98832934893811e-07,1.07288360595703e-06,43.5,0,0,2.44115125589934,TD3,NaN,mathworks_style_single_run,NaN,17-Jun-2026 15:05:35
130,0,-0.785398163397448,0,-10,full_final,5,100001,1.16683697506652,3.14154195460266,30.8560474738118,0.63849786912872,0.962108570259304,3.82667942452607,1.56925,NaN,4.61066320146838e-08,0.802312720027061,-2.89966906991047e-08,-0.802312720027061,1.30074446968317e-07,1.27237926268066e-07,9.17063863535976e-08,3.71307534052789e-07,4,0.00742644631367965,4.2839509948362,0.00185849617481377,0.195502556193429,4.2839509948362,0.889748852235703,0.177949770447141,0.00486975357880373,0.0281761389770409,0.0312081834742227,1.94474916135826e-07,1.94463837584986e-07,1.19209289550781e-06,53.5,0,0,3.19100984800071,TD3,NaN,mathworks_style_single_run,NaN,17-Jun-2026 15:05:25
131,0,-0.785398163397448,0,0,full_final,5,100001,1.21879493773117,3.14148395047578,29.1260856673614,0.752374915413745,1.10514585368865,3.7885656620978,1.67085,NaN,5.34027511728486e-08,0.802312739001563,-4.41437306235873e-08,-0.802312739001563,1.10382119199878e-07,1.81396813629517e-07,1.71321269760241e-07,9.67744375302004e-07,3,0.00941867716248795,6.17698328616569,0.00265382026757445,0.279165840113023,6.17698328616569,1.27840494478854,0.255680988957708,0.00571952224876988,0.0479809529643638,0.0338216565199574,1.95802444019974e-07,1.95447313270313e-07,9.98377799987793e-07,55,0,0,3.39987161609364,TD3,NaN,mathworks_style_single_run,NaN,17-Jun-2026 15:06:12
132,0,-0.785398163397448,0,10,full_final,5,100001,1.15767710388976,0.785398163397448,10,0.11148906403282,0.0311484062709921,4.18339630049502,0.67775,NaN,1.87451729510642e-08,0.802312419365897,6.32874707930968e-09,-0.802312419365897,6.37028372274528e-08,2.94655772645841e-08,2.93313314793981e-08,1.6106714229025e-07,12,0.00015269477840065,0.0883316827468411,4.26160834889644e-05,0.00448295421317179,0.0883316827468411,0.0160984278489493,0.00321968556978987,1.8509849232371e-05,0.000114206539340532,0.00192405037524338,1.78801578044201e-07,1.78785839453599e-07,8.79168510437012e-07,51,0,0,2.31468308432407,TD3,NaN,mathworks_style_single_run,NaN,17-Jun-2026 15:06:03
133,0,-0.785398163397448,5,-10,full_final,5,100001,1.16981395642743,3.14112626493361,32.6146840301181,0.600636314946351,0.891049168081186,3.8430209792608,1.54915,NaN,3.44847347500675e-08,0.802312685165845,-1.81587081430345e-08,-0.802312685165845,1.11072097052508e-07,1.3469461636465e-07,9.89377932529999e-08,3.63595702879138e-07,5,0.00907128203281483,5.75324954272228,0.00257209554082326,0.270568893183252,5.75324954272228,1.21900111023328,0.243800222046655,0.00436170776689161,0.0356872585737086,0.0295354287827064,1.86631123036864e-07,1.86625233232225e-07,1.2516975402832e-06,51,0,0,3.12347774490906,TD3,NaN,mathworks_style_single_run,NaN,17-Jun-2026 15:05:54
134,0,-0.785398163397448,5,0,full_final,5,100001,1.2029977985099,3.14139602203499,28.5888364728,0.734512505991813,1.10453188116197,3.78644183712898,1.6386,NaN,5.02470448940849e-08,0.802312706396097,-3.65126799388343e-08,-0.802312706396097,1.37956019696114e-07,1.47847194200763e-07,1.29085030489634e-07,7.10734271436309e-07,5,0.00909092330374446,5.31910770068484,0.00229274337376651,0.241182734912982,5.31910770068484,1.10155941150822,0.220311882301644,0.0071855862217899,0.0430436941920642,0.0379093292522827,2.07690159685977e-07,2.07607566781354e-07,1.19209289550781e-06,56,0,0,3.36319545822867,TD3,NaN,mathworks_style_single_run,NaN,17-Jun-2026 15:05:44
135,0,-0.785398163397448,5,10,full_final,5,100001,0.994785473159867,0.785398163397448,12.4008659444921,0.096019137268694,0.020620475880776,3.90970693435197,1.05875,NaN,1.497339467645e-08,0.802312392948517,6.23308300701658e-09,-0.802312392948517,4.41838112763549e-08,3.93216567132747e-08,3.87326964852306e-08,1.6808048686201e-07,9,0.000738179093493854,0.426437106833744,0.00015543572082682,0.0163508976543663,0.426437106833744,0.0726392275476684,0.0145278455095337,8.29483800198817e-05,0.000502701648539903,0.00407304259785929,1.93749308712713e-07,1.93735678061093e-07,1.13248825073242e-06,42,0,0,2.14691610051041,TD3,NaN,mathworks_style_single_run,NaN,17-Jun-2026 15:05:35
136,0,-0.349065850398866,-5,-10,full_final,5,100001,1.18581043082953,3.14099888618698,31.4668134295061,0.662627070089632,0.95916078325306,3.79226620137804,1.62965,NaN,6.38599101050921e-08,0.802312733266403,-3.83311569562397e-08,-0.802312733266403,1.60017872485193e-07,1.45006146521961e-07,1.23550178970555e-07,6.6385420005588e-07,2,0.0122360956249703,8.21678212916239,0.00362625221321788,0.381459798892083,8.21678212916239,1.73305210989786,0.346610421979571,0.00702578139289719,0.0638443218066858,0.0374854142111227,1.85258751222531e-07,1.85092008610235e-07,1.05798244476318e-06,52.5,0,0,3.22245452151646,TD3,NaN,mathworks_style_single_run,NaN,17-Jun-2026 15:05:25
137,0,-0.349065850398866,-5,0,full_final,5,100001,0.922268125590917,0.349483198366535,7.23599600072242,0.0463789437616695,0.00480784000563274,3.86323465991796,0.77715,NaN,1.4321796469713e-08,0.802312407402035,2.44869025393079e-09,-0.802312407402035,5.77419125846745e-08,2.30624861410025e-08,2.04598617973682e-08,8.35427131917754e-08,13,0.00103242873370987,0.96635060983171,0.000428328997055036,0.0450576196770585,0.96635060983171,0.202269870268991,0.0404539740537982,0.000565079099971487,0.0106882888001342,0.0106308898966313,1.86923891836151e-07,1.86923524305355e-07,1.05798244476318e-06,44.5,0,0,2.02447513343751,TD3,NaN,mathworks_style_single_run,NaN,17-Jun-2026 15:06:12
138,0,-0.349065850398866,-5,10,full_final,5,100001,1.48105840730363,0.432137368352785,22.9008564160252,0.0955259297795453,0.0216436872602793,4.61817931637542,0.63975,NaN,2.43729866373435e-08,0.802312402978052,2.34111989444487e-08,-0.802312402978052,7.52539741633029e-08,6.03738851788736e-08,5.65733855090356e-08,2.28947159897075e-07,2.5,0.00292377520791754,1.97830708957459,0.000925746520879247,0.0973829344777636,1.97830708957459,0.419712313864153,0.0839424627728307,0.000530887350684414,0.00894216253622953,0.0103042452482888,1.98130001997671e-07,1.98088041634311e-07,1.07288360595703e-06,52.5,0,0,2.50028804486356,TD3,NaN,mathworks_style_single_run,NaN,17-Jun-2026 15:06:03
139,0,-0.349065850398866,0,-10,full_final,5,100001,1.16965918295988,3.14103648988354,32.1014998299253,0.633631753749073,0.92354556256098,3.80658758557132,1.59615,NaN,4.32937408993452e-08,0.802312699871893,-2.75434960983332e-08,-0.802312699871893,1.07424662697961e-07,1.28334462602896e-07,9.65839505448566e-08,4.64216935114337e-07,3,0.00778450086002252,4.60253682350566,0.00201982452991646,0.212473323331122,4.60253682350566,0.963121737497103,0.192624347499421,0.00460401513146378,0.0288924137198838,0.0303447363852902,1.85604283489532e-07,1.85572951899065e-07,9.38773155212402e-07,52.5,0,0,3.17122108724808,TD3,NaN,mathworks_style_single_run,NaN,17-Jun-2026 15:05:54
140,0,-0.349065850398866,0,0,full_final,5,100001,1.07030839187834,0.349785666635618,15.0960750786637,0.112312747693651,0.0137127264325578,4.00811788625042,1.17165,NaN,1.11100433879571e-08,0.802312453166297,8.37511531658965e-09,-0.802312453166297,4.11636293939921e-08,4.63677198228113e-08,4.28889184749828e-08,1.65513984740073e-07,2.5,0.00222686592126593,2.09199783675412,0.000851035667502843,0.0895238046025339,2.09199783675412,0.408740577541126,0.0817481155082252,0.00180943426559302,0.0266088026919161,0.0190233239240309,1.79513759644856e-07,1.79507008660088e-07,1.13248825073242e-06,52,0,0,2.22895091352484,TD3,NaN,mathworks_style_single_run,NaN,17-Jun-2026 15:05:44
141,0,-0.349065850398866,0,10,full_final,5,100001,1.24653087791197,0.35204238067332,18.4635307050934,0.0881058773465958,0.0172459468539681,4.34341309219492,0.62,NaN,2.0369655172482e-08,0.802312390150491,1.1275297937017e-08,-0.802312390150491,4.92811973451523e-08,3.56415716128521e-08,3.55017935548635e-08,1.49321893516685e-07,10,0.00299346144230771,2.29881914065686,0.00104832372167661,0.110277314574793,2.29881914065686,0.488350404434871,0.0976700808869742,0.00108244751975236,0.0177266047115284,0.014713582294957,1.83418972287383e-07,1.83407225913274e-07,1.20699405670166e-06,47.5,0,0,2.34813203171388,TD3,NaN,mathworks_style_single_run,NaN,17-Jun-2026 15:05:35
142,0,-0.349065850398866,5,-10,full_final,5,100001,1.15914139070647,3.1410250852039,34.2719864855301,0.588003971880077,0.846369669872841,3.82947959736516,1.56575,NaN,4.80240324973075e-08,0.802312709251283,-2.22071119998455e-08,-0.802312709251283,1.17839050272503e-07,1.28478733630948e-07,9.11774810544706e-08,3.33306568123248e-07,3,0.00875854318157456,5.14430154313182,0.00231626546302797,0.243657116426349,5.14430154313182,1.09044435556124,0.218088871112247,0.00465731019433126,0.0288137201302445,0.0305198630217478,2.13639335463129e-07,2.13612115957867e-07,1.19209289550781e-06,52,0,0,3.09144664968437,TD3,NaN,mathworks_style_single_run,NaN,17-Jun-2026 15:05:25
143,0,-0.349065850398866,5,0,full_final,0.09,1801,1.58404410876007,0.358585467754413,29.7338890760612,0.0215362333733966,0.00618928276269289,0.0764924778550331,NaN,NaN,0.239355076694618,0.849884274933393,0.0444005330167397,0.849884274933393,0.358585467754413,0.262299732448941,0.258514491490546,0.709106873435097,5.55555555555555,0.00486421288280928,3.56901315089992,0.00147826188150353,0.155504208442186,3.56901315089992,0.705065620089601,7.83406244544001,0.00115215920028216,0.0226075602783744,0.113144902191941,0.25688021133837,0.249485402116763,0.881740748882294,5.55555555555556,1,1,1000,TD3,NaN,mathworks_style_single_run,NaN,17-Jun-2026 15:05:57
144,0,-0.349065850398866,5,10,full_final,5,100001,1.07586063583931,0.349065850398866,10,0.0683335735640722,0.00817904793172288,4.09691323377114,0.6615,NaN,1.46780947227771e-08,0.802312389122255,1.70332989522223e-09,-0.802312389122255,7.20534303333409e-08,1.97545823675028e-08,1.82900468612531e-08,1.03711363497183e-07,14.5,0.000401905535849763,0.313151047246722,0.000145383604474861,0.015293475815896,0.313151047246722,0.0663687111582511,0.0132737422316502,0.000171269067014624,0.00261957899794881,0.00585267574729071,1.69296867152824e-07,1.69296461354992e-07,9.83476638793945e-07,48.5,0,0,2.18515608310991,TD3,NaN,mathworks_style_single_run,NaN,17-Jun-2026 15:05:55
145,0,0,-5,-10,full_final,5,100001,1.18560627958772,0.238695684442563,25.5915776188142,0.129317276558905,0.0184011216383922,4.05711057369266,1.20955,NaN,2.27728889442743e-08,0.80231242784884,1.90273684158957e-08,-0.80231242784884,6.73284450414258e-08,5.95066014200101e-08,5.47114163493344e-08,2.3429306628131e-07,2.5,0.00659237911504747,5.05264655981086,0.00222517112136029,0.234074542680905,5.05264655981086,1.05541123870945,0.211082247741891,0.00273309608208907,0.0408513572236966,0.0233798891446862,1.8460763908259e-07,1.8459424149159e-07,1.16229057312012e-06,47.5,0,0,2.28768645878449,TD3,NaN,mathworks_style_single_run,NaN,17-Jun-2026 15:05:47
146,0,0,-5,0,full_final,5,100001,1.05536127401036,0.135288847364537,9.40270085930863,0.0473997649207951,0.00384582700453653,4.10591085201078,0.616,NaN,1.52119003871817e-08,0.802312454582001,3.29118724443306e-09,-0.802312454582001,4.24167212464965e-08,2.19219562245067e-08,2.07328773487955e-08,9.57109289601021e-08,9.5,0.000255484440140413,0.232638925339768,9.76486311298212e-05,0.0102720453522495,0.232638925339768,0.0446697449829361,0.00893394899658723,0.000258279632674526,0.00319728844058468,0.00718720575292688,1.53690225083135e-07,1.5368443179587e-07,1.01327896118164e-06,54,0,0,2.14779106499497,TD3,NaN,mathworks_style_single_run,NaN,17-Jun-2026 15:05:37
147,0,0,-5,10,full_final,0.275,5501,1.60284283436599,3.14101782292197,34.9845938780268,0.399906881371446,0.791605972304618,0.154154781713082,NaN,NaN,1.45397284464937,0.560606627100313,-0.072984763664215,0.545234072974886,3.14101782292197,1.69648284100543,1.69491216707496,6.2814452868421,1.81818181818182,0.0113139270727417,6.41007971794296,0.00282359377172884,0.297024985849187,6.41007971794296,1.35289647892078,4.91962355971193,0.00884021478925899,0.0509889546606378,0.179293713211884,0.201677884375971,0.194340444871415,0.992761880159378,18.1818181818182,1,1,1000,TD3,NaN,mathworks_style_single_run,NaN,17-Jun-2026 15:05:27
148,0,0,0,-10,full_final,5,100001,1.20923290798447,3.14140857624165,33.9422132695007,0.603382284552013,0.860596534545025,3.83766344574879,1.6326,NaN,3.88957334034453e-08,0.802312668875316,-2.7171717071744e-08,-0.802312668875316,1.08154880362074e-07,1.42920446753327e-07,1.21519676209953e-07,6.87244259722775e-07,4,0.0129039183326958,8.262994103139,0.00365552372584556,0.384538984967318,8.262994103139,1.74027180139756,0.348054360279512,0.00584211918635939,0.0502573493835772,0.0341822152189099,1.8364769685191e-07,1.83639077684745e-07,1.10268592834473e-06,55,0,0,3.12654737495871,TD3,NaN,mathworks_style_single_run,NaN,17-Jun-2026 15:05:25
149,0,0,0,0,full_final,5,100001,0.878615906514628,0.0956670936831352,3.40147896287952,0.0393130737305826,0.00202871875809707,3.77427220708005,0.8275,NaN,1.57124593287433e-08,0.802312459125623,-3.32207464354968e-09,-0.802312459125623,4.59717468537235e-08,2.18796927412969e-08,2.05969474174892e-08,1.00233402022809e-07,13.5,8.81913148207142e-05,0.0633981515024267,1.92132593793313e-05,0.002021118672382,0.0633981515024267,0.0100705563620538,0.00201411127241077,2.71392445540815e-05,0.000408321131945311,0.00232977443346267,1.62678154245053e-07,1.62674843319851e-07,1.01327896118164e-06,54.5,0,0,1.96576743035951,TD3,NaN,mathworks_style_single_run,NaN,17-Jun-2026 15:06:04
150,0,0,0,10,full_final,0.185,3701,1.57731037736823,0.364303974279796,26.9324239899823,0.0403832247842674,0.0107801217003351,0.204865345841496,NaN,NaN,0.218254694795708,1.10729412915931,-0.203562695819394,-1.10729412915931,0.364303974279796,0.241371450700195,0.129701218513387,0.446622022553547,5.40540540540541,0.00462181572084457,3.29970258395358,0.00143814276278462,0.151283919819553,3.29970258395358,0.673566687372562,3.64090101282466,0.000663448151152128,0.0166703135703436,0.0598849415332764,0.17381216611206,0.172682910004729,0.841700613498688,8.10810810810811,1,1,1000,TD3,NaN,mathworks_style_single_run,NaN,17-Jun-2026 15:05:55
151,0,0,5,-10,full_final,5,100001,1.16579036692559,3.14137888339159,34.9584677300004,0.580319163856479,0.824993876010043,3.81732402429194,1.58745,NaN,4.37459783541826e-08,0.802312663652885,-2.02311268106431e-08,-0.802312663652885,1.01452231259666e-07,1.2458736369661e-07,9.17396355243807e-08,3.86626409110136e-07,4,0.00887198314043081,5.13453597062489,0.00231978890462062,0.244027761169825,5.13453597062489,1.09078503698028,0.218157007396056,0.00369341163115879,0.0217595246302109,0.0271787109008459,1.99593773305484e-07,1.99588266026092e-07,1.02818012237549e-06,53,0,0,3.06990304209323,TD3,NaN,mathworks_style_single_run,NaN,17-Jun-2026 15:05:54
152,0,0,5,0,full_final,5,100001,0.990665983952894,0.175388894206613,13.1465404111924,0.107111599846595,0.0110556538855551,3.89922303817089,1.21975,NaN,2.89964037432734e-08,0.802312393605584,2.70089700538663e-08,-0.802312393605584,6.47865689984428e-08,5.90186828376389e-08,5.60936950587292e-08,1.84550109416648e-07,4.5,0.000893251317977818,0.823701819128945,0.000334246519362141,0.0351607120959518,0.823701819128945,0.157270762297623,0.0314541524595247,0.00081046446211245,0.0108520565012456,0.0127315706973841,1.93486852964668e-07,1.93485702553831e-07,1.23679637908936e-06,52,0,0,2.1639500937377,TD3,NaN,mathworks_style_single_run,NaN,17-Jun-2026 15:05:44
153,0,0,5,10,full_final,5,100001,1.33812408545725,0.228696189839904,21.9291686993894,0.0644997274402948,0.00808339812631857,4.44102181089481,0.60635,NaN,1.74456321031915e-08,0.802312458760079,7.10585588317364e-09,-0.802312458760079,3.93449153257563e-08,4.2526564544859e-08,4.1119582862898e-08,1.51761383904159e-07,6,0.0043374957477031,3.4946075275039,0.00155236075384483,0.163298961614182,3.4946075275039,0.734340184869622,0.146868036973924,0.00209331310081743,0.0319816829972474,0.0204612467890763,1.61252651036488e-07,1.61206563870234e-07,9.68575477600098e-07,49,0,0,2.34987547335068,TD3,NaN,mathworks_style_single_run,NaN,17-Jun-2026 15:05:35
154,0,0.349065850398866,-5,-10,full_final,5,100001,0.992559176819996,0.349065850398866,10,0.130040863534835,0.0168416978778421,3.86990374106828,1.2801,NaN,1.41067969733212e-08,0.802312492229178,1.16295590430632e-08,-0.802312492229178,5.41329980840999e-08,6.83159907583284e-08,5.89240688673075e-08,2.23373149754735e-07,3.5,0.00127836686709624,1.28818055382849,0.000554959679888283,0.0583784015661577,1.28818055382849,0.261219199998666,0.0522438399997333,0.00127806256111778,0.0183984651196639,0.0159878864213991,1.94568620518385e-07,1.9456747650367e-07,1.19209289550781e-06,52.5,0,0,2.19521745262884,TD3,NaN,mathworks_style_single_run,NaN,17-Jun-2026 15:05:24
155,0,0.349065850398866,-5,0,full_final,0.09,1801,1.58879186095306,0.350554075918021,24.9363331049316,0.0195765674460108,0.00529696315652626,0.0686440663913913,NaN,NaN,0.217588648947539,0.762729441287231,0.0214244129571108,-0.762729441287231,0.350554075918021,0.2426702929358,0.241722703946051,0.693103894121415,5.55555555555555,0.00330592168941016,2.31352617156005,0.000899546309051655,0.0946268306694706,2.31352617156005,0.436131795356885,4.84590883729872,0.000613474885673386,0.0141338699649581,0.0825614172516023,0.212657686488938,0.203389611958125,0.795366629958153,5.55555555555556,1,1,1000,TD3,NaN,mathworks_style_single_run,NaN,17-Jun-2026 15:05:34
156,0,0.349065850398866,-5,10,full_final,0.27,5401,1.61346551379473,3.14100086256624,34.7147114851321,0.411377217920875,0.81271788759581,0.165284307242915,NaN,NaN,1.52338371774436,0.612200125461063,-0.0900488547503462,0.609833259482423,3.14100086256624,1.7347975054419,1.73245882740271,6.28146095422922,1.85185185185185,0.0123528574775272,7.35574596966675,0.00330726831542689,0.347904622267129,7.35574596966675,1.56949860509279,5.81295779663998,0.0086225094350119,0.0612116174091052,0.17870428122928,0.222080088261584,0.218355962255561,1.17200767993927,16.6666666666667,1,1,1000,TD3,NaN,mathworks_style_single_run,NaN,17-Jun-2026 15:05:33
157,0,0.349065850398866,0,-10,full_final,5,100001,1.28962743812298,0.349065850398866,16.8670423953322,0.157653984798411,0.0288993155347724,4.09062838906681,1.2543,NaN,2.0934102077634e-08,0.802312483210349,1.55338262358463e-08,-0.802312483210349,6.33580006237367e-08,5.81493396963324e-08,5.21018168944799e-08,2.38143924580214e-07,3.5,0.00289572138245909,2.46321090282448,0.00107311551897546,0.112885261693672,2.46321090282448,0.502166786418724,0.100433357283745,0.00134842124652234,0.0236724141105328,0.0164220659268092,1.59606926830868e-07,1.59601348311062e-07,1.10268592834473e-06,47.5,0,0,2.36086505327882,TD3,NaN,mathworks_style_single_run,NaN,17-Jun-2026 15:05:31
158,0,0.349065850398866,0,0,full_final,5,100001,1.11147035417172,0.349791095026733,10.1437321297991,0.0484212737730845,0.00554240534415691,4.18028582663721,0.5371,NaN,1.40838948259006e-08,0.802312415463581,2.83014263315211e-09,-0.802312415463581,4.54636133184749e-08,1.89802332890641e-08,1.7634811780895e-08,9.15116951105688e-08,13.5,0.0012780445000449,1.37446437952437,0.000569620288484177,0.0599206089135237,1.37446437952437,0.274618521219617,0.0549237042439234,0.00159846361927665,0.0219733653970033,0.017879953127884,1.77844460575123e-07,1.77841849209603e-07,9.68575477600098e-07,49,0,0,2.18720277825151,TD3,NaN,mathworks_style_single_run,NaN,17-Jun-2026 15:05:49
159,0,0.349065850398866,0,10,full_final,5,100001,1.06756733805894,3.14146153733558,33.140266989117,0.558736971981154,0.933416194657837,3.92411764219092,1.071,NaN,1.86584387098958e-08,0.802312448010975,6.29954452340055e-09,-0.802312448010975,5.26229253276914e-08,4.2035889303539e-08,3.92182983457843e-08,1.73850673412801e-07,10.5,0.00856644725457119,4.94086956604283,0.00220389278032728,0.23183618990951,4.94086956604283,1.05528114721773,0.211056229443546,0.00633258088386387,0.0366075848392475,0.0355881465768137,1.98461474687932e-07,1.98434665936518e-07,1.05798244476318e-06,48,0,0,3.08038704870759,TD3,NaN,mathworks_style_single_run,NaN,17-Jun-2026 15:05:41
160,0,0.349065850398866,5,-10,full_final,5,100001,1.21542685065066,3.14111155833225,35.1378125543305,0.587151299841224,0.820494190006797,3.85851057751788,1.6342,NaN,7.11095347395303e-08,0.802312802428903,-5.01192114282232e-08,-0.802312802428903,1.39280073451639e-07,1.41528805551251e-07,1.18261318092961e-07,6.68912575108038e-07,3,0.010180200420872,6.01425857456189,0.00269277297083968,0.283263428885171,6.01425857456189,1.26954308179063,0.253908616358127,0.00327833105228243,0.0218924495039384,0.0256059799745389,1.83117583651218e-07,1.83021514937339e-07,1.02818012237549e-06,54,0,0,3.10415711743476,TD3,NaN,mathworks_style_single_run,NaN,17-Jun-2026 15:05:31
161,0,0.349065850398866,5,0,full_final,5,100001,0.889399126594927,0.349482442493193,5.35181469221772,0.081899895287169,0.00980252599083667,3.65425701698926,1.02475,NaN,1.42413558607458e-08,0.802312408581206,1.02093797299586e-08,-0.802312408581206,3.88419150176844e-08,3.05223549630396e-08,3.05217587632983e-08,1.41999369596135e-07,13.5,0.000858918149745721,0.897562589191236,0.000397536207678126,0.041818404489481,0.897562589191236,0.187014344054338,0.0374028688108675,0.0010261871792792,0.0139673528514074,0.0143261102835292,1.82268013856454e-07,1.82265465868362e-07,1.07288360595703e-06,48.5,0,0,1.99107115044436,TD3,NaN,mathworks_style_single_run,NaN,17-Jun-2026 15:05:50
162,0,0.349065850398866,5,10,full_final,5,100001,1.11197431576002,3.14144359883898,31.2904819243304,0.614685635965298,1.01129283099337,3.90233441035506,1.0429,NaN,1.79755881067618e-08,0.802312478663406,1.61008703260345e-08,-0.802312478663406,5.21596683393657e-08,5.4823561463837e-08,4.97353418724187e-08,2.03167665802084e-07,1.5,0.00937378848422699,6.31346468501508,0.00281297805876851,0.295908277056515,6.31346468501508,1.34432907458821,0.268865814917641,0.00623036287488334,0.0541701405213316,0.0352997531857755,1.70366884611243e-07,1.70365852291525e-07,9.23871994018555e-07,49.5,0,0,3.1814434315116,TD3,NaN,mathworks_style_single_run,NaN,17-Jun-2026 15:05:41
163,0,0.785398163397448,-5,-10,full_final,5,100001,0.836816339718172,0.785398163397448,10,0.0759877479780696,0.0215223565709687,3.76257666603269,0.83715,NaN,1.64756632876841e-08,0.802312479739248,-3.12490866437595e-09,-0.802312479739248,4.51469457374287e-08,2.33224298907581e-08,2.33140997980386e-08,1.07776075175536e-07,15,0.000293943617539398,0.199189130726511,9.44841790876598e-05,0.00993916413808381,0.199189130726511,0.0421619511812639,0.00843239023625278,0.000323420984967464,0.00246045701388813,0.00804264863048815,1.83090434339202e-07,1.830892186042e-07,1.08778476715088e-06,52.5,0,0,2.03330617473688,TD3,NaN,mathworks_style_single_run,NaN,17-Jun-2026 15:05:32
164,0,0.785398163397448,-5,0,full_final,5,100001,1.16435111986836,3.14155525307402,27.3742844821836,0.702660213024533,1.18961719248842,3.97986530158221,1.0139,NaN,2.8022939646766e-08,0.802312466554852,1.68123065302084e-08,-0.802312466554852,9.93171977763243e-08,8.06059385614158e-08,7.13442529677191e-08,3.39850845243461e-07,1.5,0.00435692851839628,2.54204788876572,0.00111079490595762,0.116848905294688,2.54204788876572,0.535125173739456,0.107025034747891,0.00246582207334845,0.0148522763858753,0.0222073054346918,1.81164629403421e-07,1.81147093685199e-07,1.14738941192627e-06,49.5,0,0,3.39561179558288,TD3,NaN,mathworks_style_single_run,NaN,17-Jun-2026 15:06:04
165,0,0.785398163397448,-5,10,full_final,5,100001,1.07012146036412,3.14087177985039,33.0839460422225,0.538221964442106,0.918664698128405,3.92709661753522,1.027,NaN,1.83449370055847e-08,0.802312429008984,1.23387746506195e-08,-0.802312429008984,5.32362933507305e-08,4.19250690485377e-08,4.06457002848718e-08,1.70499355078846e-07,4.5,0.010320146071682,6.87695954987398,0.00311155886313472,0.3273171716644,6.87695954987398,1.47719038362919,0.295438076725837,0.00607152465395905,0.0536230902585025,0.0348468783507477,1.82861012745928e-07,1.82850057111489e-07,1.14738941192627e-06,51.5,0,0,3.04091117908374,TD3,NaN,mathworks_style_single_run,NaN,17-Jun-2026 15:05:56
166,0,0.785398163397448,0,-10,full_final,5,100001,1.05880542302184,0.785398163397448,10,0.176253890998169,0.040837244367846,3.94783640348957,1.3062,NaN,2.24683955906799e-08,0.802312507912285,1.50999324973895e-08,-0.802312507912285,4.61655349504042e-08,7.03912101469074e-08,6.14513639149767e-08,2.55528557868701e-07,6.5,0.000413560025019153,0.245758035357232,7.99467126259678e-05,0.00840991059839236,0.245758035357232,0.0367132685793175,0.00734265371586351,5.99768706721877e-05,0.000496415993996087,0.00346343386459703,1.85943232723698e-07,1.8590326668537e-07,1.13248825073242e-06,56,0,0,2.32644065629504,TD3,NaN,mathworks_style_single_run,NaN,17-Jun-2026 15:05:47
167,0,0.785398163397448,0,0,full_final,5,100001,1.16640486683156,3.1414235903116,27.2171991724018,0.729296270245792,1.20851205513061,3.97690383573852,1.04885,NaN,1.70338229796811e-08,0.80231251989659,1.26880724667678e-08,-0.80231251989659,5.22464273837589e-08,9.12524369568182e-08,7.70230090858495e-08,2.99052568486502e-07,0.5,0.00533859475124844,3.65883661761788,0.0015780685286833,0.166003264029801,3.65883661761788,0.763562042813616,0.152712408562723,0.0041396076331007,0.0355202607846419,0.0287736255383318,1.70616345159891e-07,1.70548282200619e-07,1.01327896118164e-06,52,0,0,3.44761682788562,TD3,NaN,mathworks_style_single_run,NaN,17-Jun-2026 15:05:57
168,0,0.785398163397448,0,10,full_final,5,100001,1.11075926801207,3.14109834001583,31.4388545472929,0.58338756244202,0.994776048814569,3.95162349741069,0.9837,NaN,1.8775080991858e-08,0.802312451024221,1.20612006143817e-08,-0.802312451024221,5.09812261066803e-08,4.80474206423149e-08,4.44108581691582e-08,2.23544314614799e-07,4.5,0.00695327762029562,4.35912227772437,0.00193147914409477,0.20317992311319,4.35912227772437,0.924190386379311,0.184838077275862,0.0051628690543503,0.036818813121733,0.0321336865434089,1.89736523067007e-07,1.8971977964691e-07,1.05798244476318e-06,48.5,0,0,3.14329693881698,TD3,NaN,mathworks_style_single_run,NaN,17-Jun-2026 15:05:48
169,0,0.785398163397448,5,-10,full_final,0.28,5601,1.57321059411582,0.785398163397448,10.9408773902936,0.101441091639714,0.0401198161384887,0.26834632263069,NaN,NaN,0.362318891845441,0.958349055152804,0.362318891845441,0.958349055152804,0.785398163397448,0.378577486630694,0.109753970294951,0.518235462745454,1.78571428571429,0.000553828513627128,0.38694288421916,0.000201718923673763,0.0212196106428679,0.38694288421916,0.0791892528105543,0.282818760037694,0.000408199015181671,0.00373381045363251,0.0381818494267738,0.0486499603713982,0.0486498882050591,0.359477192163467,7.14285714285714,1,1,1000,TD3,NaN,mathworks_style_single_run,NaN,17-Jun-2026 15:05:39
170,0,0.785398163397448,5,0,full_final,5,100001,1.17122606030564,3.14128802284065,28.1422073163509,0.719878167216757,1.15414221402908,3.97253837838769,1.0848,NaN,2.11103669776052e-08,0.802312546716994,7.5212885495711e-09,-0.802312546716994,6.32291265782872e-08,1.13273443809221e-07,9.4101262206864e-08,3.88033400966492e-07,1.5,0.00708898599972813,4.68107332554571,0.00206734779008703,0.217472482849394,4.68107332554571,0.990690081617527,0.198138016323505,0.00287385019009122,0.0285097248889685,0.023974362098255,1.77971752921252e-07,1.77961314700699e-07,1.14738941192627e-06,51.5,0,0,3.42652038177835,TD3,NaN,mathworks_style_single_run,NaN,17-Jun-2026 15:06:04
171,0,0.785398163397448,5,10,full_final,5,100001,1.14930409173441,3.14095092649052,29.4486032661393,0.632487387168047,1.08146387469444,3.95964708817468,0.97925,NaN,1.80759720683301e-08,0.802312443795152,1.42767419260596e-08,-0.802312443795152,4.97616647658763e-08,6.19691138841479e-08,5.6311337137629e-08,2.53614631517962e-07,2.5,0.0060141456168732,3.77041409844963,0.0016714261425875,0.175823920324787,3.77041409844963,0.799621665960362,0.159924333192072,0.00436680300354828,0.0312781097630502,0.0295526750178331,2.05879129955144e-07,2.0586277839763e-07,1.31130218505859e-06,46.5,0,0,3.24540275166581,TD3,NaN,mathworks_style_single_run,NaN,17-Jun-2026 15:05:55
172,0,1.5707963267949,-5,-10,full_final,5,100001,0.946581795588874,3.14098798628927,25.8350508238904,0.892597643067756,1.52622853764184,3.74213148916741,1.1823,NaN,1.48948160591588e-08,0.802312454412437,1.1451387353489e-08,-0.802312454412437,3.93800278823822e-08,5.50125194568165e-08,5.18963588596466e-08,1.8868025897234e-07,2.5,0.0196463645115704,12.7164696271307,0.00573507510874838,0.603295211965636,12.7164696271307,2.74031041190267,0.548062082380534,0.00397059562853885,0.0508739041897258,0.0281801193345197,1.74061739699548e-07,1.74033888229506e-07,1.34110450744629e-06,53.5,0,0,3.65723209258941,TD3,NaN,mathworks_style_single_run,NaN,17-Jun-2026 15:05:46
173,0,1.5707963267949,-5,0,full_final,5,100001,1.21159317224713,3.14137266280213,30.8852892899339,1.44651754172541,2.52351873404283,3.67536241047945,2.0849,NaN,1.53098389329129e-07,0.802311963752605,-1.40945512303621e-07,-0.802311963752605,2.76408591126653e-07,2.23860649388746e-06,1.86373542887236e-06,5.70647550413028e-06,0.5,0.0144077309325258,8.5167168942501,0.00361661183456632,0.380445689369236,8.5167168942501,1.75211387542029,0.350422775084059,0.0070649128005805,0.045051175273655,0.0375896602819991,2.15841118539149e-07,2.10013034986378e-07,1.11758708953857e-06,49,0,0,4.7317888851648,TD3,NaN,mathworks_style_single_run,NaN,17-Jun-2026 15:05:56
174,0,1.5707963267949,-5,10,full_final,5,100001,0.972288858769115,3.14138329815996,25.342220640769,0.605422720791645,1.15170730962319,3.87720931645352,0.93395,NaN,1.78930157744795e-08,0.802312415804043,9.16876174588682e-12,-0.802312415804043,6.14445167850111e-08,2.88817119941157e-08,2.82121292650648e-08,1.29483579414114e-07,9,0.00586177654581776,3.81977773511617,0.00168785611098716,0.177552253621265,3.81977773511617,0.812079411374892,0.162415882274978,0.00240342096263352,0.0227115936392705,0.0219245112266318,2.02797580583e-07,2.02797458628456e-07,1.26659870147705e-06,49,0,0,3.14985989260031,TD3,NaN,mathworks_style_single_run,NaN,17-Jun-2026 15:05:48
175,0,1.5707963267949,0,-10,full_final,5,100001,1.08029937168632,3.14142716889147,26.7978989098257,0.904264743341739,1.4831901842867,3.86924297605727,1.18085,NaN,1.65402647449675e-08,0.802312484777408,1.30887626867866e-08,-0.802312484777408,5.14302038505523e-08,7.51969380361936e-08,6.61947630052242e-08,2.992044869643e-07,0.5,0.013849449281777,9.30321101095545,0.00412630926957919,0.434062776550088,9.30321101095545,1.98029836941305,0.396059673882609,0.00445910722733403,0.0522030221224911,0.0298633796725489,1.79729015099735e-07,1.79679331887977e-07,9.38773155212402e-07,53,0,0,3.74401010431812,TD3,NaN,mathworks_style_single_run,NaN,17-Jun-2026 15:05:39
176,0,1.5707963267949,0,0,full_final,5,100001,1.17825680351811,3.14137218800372,30.9501577809401,1.44303723850957,2.5156051544088,3.65013008609145,2.08405,NaN,1.5841142416562e-07,0.802312003736336,-1.48353749161258e-07,-0.802312003736336,2.60800370188718e-07,2.23205967203826e-06,1.86006816804185e-06,5.68366923303643e-06,0.5,0.013936135811125,8.15704265628864,0.00341972462431068,0.359734345752604,8.15704265628864,1.66538133023801,0.333076266047602,0.00714427238176029,0.0437475775005589,0.0378001914856534,2.52008077464076e-07,2.47285547857019e-07,1.43051147460938e-06,52,0,0,4.7122003919958,TD3,NaN,mathworks_style_single_run,NaN,17-Jun-2026 15:06:22
177,0,1.5707963267949,0,10,full_final,5,100001,1.04630915777117,3.14108555128284,25.8426389343545,0.604749628100522,1.13007373969625,3.93644309984518,0.9486,NaN,1.50034153892474e-08,0.802312432588277,7.20423298810665e-09,-0.802312432588277,5.90914763558406e-08,2.4818669148118e-08,2.48122542576071e-08,1.5029396926991e-07,12,0.00383429980079643,2.21820563457491,0.000931723304520542,0.0980116559653426,2.21820563457491,0.458037684434944,0.0916075368869887,0.00203405157911041,0.011909116082001,0.0201695393061439,1.78606853846363e-07,1.78597237464439e-07,1.08778476715088e-06,51,0,0,3.17801797913769,TD3,NaN,mathworks_style_single_run,NaN,17-Jun-2026 15:06:13
178,0,1.5707963267949,5,-10,full_final,5,100001,1.14280850707974,3.14148425148027,27.5232454601373,0.896384665498469,1.43262353783891,3.91857851645741,1.17835,NaN,2.86161921225459e-08,0.802312551643573,1.05235919244519e-08,-0.802312551643573,6.8093420924745e-08,1.31608442930998e-07,1.07382456907471e-07,3.92221481959609e-07,1.5,0.00945006929931563,6.11950869533153,0.00269291687463133,0.283278566693631,6.11950869533153,1.2940121282488,0.25880242564976,0.00476569404270553,0.0409757732644972,0.030872946223856,2.06751900104657e-07,2.0672253746054e-07,1.2516975402832e-06,50,0,0,3.75280536310832,TD3,NaN,mathworks_style_single_run,NaN,17-Jun-2026 15:06:04
179,0,1.5707963267949,5,0,full_final,5,100001,1.18310482485666,3.14146459498258,31.7277570803605,1.40719487312119,2.44199246992996,3.65218671015083,2.0752,NaN,1.57640203314704e-07,0.802312052036954,-1.54020090781882e-07,-0.802312052036954,2.65211745009708e-07,2.18046003082475e-06,1.82899893105549e-06,5.69795998695e-06,0.5,0.0190656716616283,11.4113973069084,0.00490707923915682,0.516195054743654,11.4113973069084,2.36878886374823,0.473757772749646,0.00792267309558092,0.0542260056267705,0.039806213323,2.26631639026599e-07,2.21021156664303e-07,1.47521495819092e-06,50.5,0,0,4.64177055541406,TD3,NaN,mathworks_style_single_run,NaN,17-Jun-2026 15:06:15
180,0,1.5707963267949,5,10,full_final,5,100001,1.075486402467,3.14110261985268,26.2764132557367,0.602528352315835,1.11754116194507,3.96973642322066,0.9273,NaN,1.07513287295876e-08,0.802312428349869,3.62410938376148e-09,-0.802312428349869,4.20828009988075e-08,4.12371406759567e-08,4.10404834847049e-08,1.91639090374451e-07,9.5,0.0058707297427528,3.8913201409552,0.00170872958552222,0.179748016885964,3.8913201409552,0.822499832434931,0.164499966486986,0.00375737736331495,0.0318380897953025,0.0274130529613721,1.83569481045487e-07,1.83569241527628e-07,1.10268592834473e-06,47.5,0,0,3.19047195237746,TD3,NaN,mathworks_style_single_run,NaN,17-Jun-2026 15:06:06
181,0,2.35619449019234,-5,-10,full_final,5,100001,1.14808356836717,3.14132470470836,29.6642828673014,0.949595700515992,1.52167623784456,3.82985817368523,1.25155,NaN,3.03600773230842e-08,0.802312611051161,-6.50928945629386e-09,-0.802312611051161,9.38119904210363e-08,1.52481855792238e-07,1.15178812587036e-07,3.74259629509766e-07,2.5,0.0249161372086912,15.7890627790312,0.0069755208650204,0.733782602500496,15.7890627790312,3.35499445893981,0.670998891787962,0.0193553856535668,0.140234376301061,0.0622179807669241,2.01880359741233e-07,2.0187642581584e-07,1.05798244476318e-06,48,0,0,3.81675465478796,TD3,NaN,mathworks_style_single_run,NaN,17-Jun-2026 15:05:57
182,0,2.35619449019234,-5,0,full_final,5,100001,1.54761185874752,3.14133771101741,29.3979086788716,1.79471382095935,3.1834473400021,3.7810596352617,2.24865,NaN,3.44896714457461e-07,0.802310612479695,9.66194932837905e-08,-0.802310612479695,1.34218253089458e-06,2.8352773896835e-06,2.08220385788263e-06,5.72825143985156e-06,1,0.0384590690019915,22.7697895775232,0.00988852169921445,1.0402126705288,22.7697895775232,4.77181115451565,0.95436223090313,0.025409919996017,0.158708455824585,0.0712880354561927,2.92073803812046e-07,2.90945262268619e-07,1.75833702087402e-06,36,0,0,5.48350091256602,TD3,NaN,mathworks_style_single_run,NaN,17-Jun-2026 15:06:00
183,0,2.35619449019234,-5,10,full_final,0.21,4201,1.58026984748008,3.14119257881093,17.3566204432036,0.482649741327322,1.16483464961912,0.169154205224425,NaN,NaN,2.29823319464097,0.805492558774634,-0.680718150555392,-0.805492558774634,3.14119257881093,2.35508142059817,2.25455789394532,6.28232296936461,2.38095238095238,0.00155538291876733,1.00750568632728,0.000294725499480105,0.0310033398532654,1.00750568632728,0.165783327879216,0.789444418472455,0.000715881393657734,0.00639452891501926,0.0583862913483788,0.0903135406831349,0.0723937238755844,0.508281677961349,19.047619047619,1,1,1000,TD3,NaN,mathworks_style_single_run,NaN,17-Jun-2026 15:05:52
184,0,2.35619449019234,0,-10,full_final,5,100001,1.05818686783573,3.14100398231914,27.2303534609949,1.03292961059564,1.76125808124806,3.86834942154557,1.27665,NaN,1.63182111253772e-08,0.802312485033055,1.16781625665685e-08,-0.802312485033055,5.42706979127364e-08,6.98800548289189e-08,6.08518012835556e-08,2.65790909281804e-07,3.5,0.0240872179548943,15.2868753151654,0.00668701763160022,0.703433807400415,15.2868753151654,3.22890565315895,0.64578113063179,0.0203820557783309,0.145653396746124,0.063846778741501,1.99837153454246e-07,1.99799966639758e-07,1.11758708953857e-06,52,0,0,4.00274143702276,TD3,NaN,mathworks_style_single_run,NaN,17-Jun-2026 15:05:50
185,0,2.35619449019234,0,0,full_final,0.15,3001,1.57222457321994,2.35742151910224,19.6463005288186,0.295366491622207,0.589352905489882,0.117389697787912,NaN,NaN,1.96912794763501,0.782599156296187,1.96912794763501,0.782588332907467,2.35742151910224,1.98219852807991,0.227257850392221,0.667339192250615,3.33333333333333,0.0189834896211215,11.6413158353306,0.00500612027320469,0.526613572460716,11.6413158353306,2.43274072081776,16.2182714721184,0.0206992274977401,0.13615814641216,0.371476580668195,0.364039599280408,0.353737979474153,1.66040849685669,23.3333333333333,1,1,1000,TD3,NaN,mathworks_style_single_run,NaN,17-Jun-2026 15:06:16
186,0,2.35619449019234,0,10,full_final,5,100001,1.34378334207626,3.14131465777158,28.5876894224023,1.27066128616006,2.22237938297628,3.82578086408517,1.9571,NaN,1.44743150256198e-07,0.802312518758469,-1.44743150256198e-07,-0.802312518758469,2.8586920874929e-07,1.33571953875728e-06,1.20036702746305e-06,4.54287219264771e-06,0.5,0.0144261189495618,8.31422247357473,0.00348359659498387,0.366453290728086,8.31422247357473,1.69749107852565,0.33949821570513,0.010471636643411,0.0604121862386034,0.0457638211765824,1.98689562626027e-07,1.93474737801097e-07,1.32620334625244e-06,49.5,0,0,4.4556128518956,TD3,NaN,mathworks_style_single_run,NaN,17-Jun-2026 15:06:14
187,0,2.35619449019234,5,-10,full_final,5,100001,1.25817950327172,3.14142492925636,25.5789661385651,1.06188277604222,1.87059212820078,3.63675132051668,1.6,NaN,4.58568852357418e-08,0.802312704071636,-2.54299371027644e-08,-0.802312704071636,1.20783488345003e-07,1.08672020110128e-07,8.60095888702029e-08,4.32362802449404e-07,3,0.0211094575331311,13.2497229361067,0.00569808850349383,0.599404444811983,13.2497229361067,2.76393609890207,0.552787219780413,0.0184661566919682,0.128178570486221,0.0607719617783862,1.97641532260741e-07,1.97633523391824e-07,9.38773155212402e-07,57,0,0,3.94455915791747,TD3,NaN,mathworks_style_single_run,NaN,17-Jun-2026 15:06:06
188,0,2.35619449019234,5,0,full_final,0.135,2701,1.571227814607,2.35740080162399,19.5495406404058,0.27868377071867,0.579332050814575,0.109885200789764,NaN,NaN,2.0643359738066,0.813953953980965,2.0643359738066,0.813953953980965,2.35740080162399,2.07157219851661,0.172998152923436,0.521493535374915,3.7037037037037,0.0167884236145612,10.7625897914165,0.00460493013866856,0.484410796967107,10.7625897914165,2.23830189932306,16.5800140690597,0.0192960548132549,0.13309498623712,0.378065787076064,0.365447261135439,0.353933295883226,1.3892856836319,33.3333333333333,1,1,1000,TD3,NaN,mathworks_style_single_run,NaN,17-Jun-2026 15:06:08
189,0,2.35619449019234,5,10,full_final,5,100001,1.29219642707279,3.14121244261023,24.5200230006526,0.609018718663355,1.01373476632841,4.03542163908861,1.4894,NaN,2.46280934148554e-08,0.80231260739097,-8.02662352354885e-09,-0.80231260739097,9.87052477759018e-08,1.25528489247568e-07,9.31557710594806e-08,3.40397233955514e-07,3.5,0.00734451431125278,4.67415013244351,0.00185291283594012,0.194915222715593,4.67415013244351,0.911877576476573,0.182375515295315,0.00263603972240571,0.0240577865842921,0.0229610092217468,1.74720538943901e-07,1.74714247621161e-07,9.83476638793945e-07,55.5,0,0,3.23619813821496,TD3,NaN,mathworks_style_single_run,NaN,17-Jun-2026 15:06:07
190,0,3.14159265358979,-5,-10,full_final,5,100001,1.20078112753403,3.14159265358979,27.2087697326577,0.409977371660528,0.676584632691322,4.185197513007,0.7999,NaN,1.50612275815271e-08,0.802312466658358,9.44201447208619e-09,-0.802312466658358,4.30366116077607e-08,4.19206815303394e-08,3.94442125324433e-08,1.65163184462358e-07,2,0.0120198935453456,8.0775498772364,0.00346465408157705,0.364460652894363,8.0775498772364,1.68455426454294,0.336910852908589,0.0106421061185997,0.0843803551455036,0.0461348157438602,1.75499651031032e-07,1.75470696629292e-07,1.08778476715088e-06,48.5,0,0,2.91396469225218,TD3,NaN,mathworks_style_single_run,NaN,17-Jun-2026 15:05:58
191,0,3.14159265358979,-5,0,full_final,0.12,2401,1.60776873245792,3.14159265358979,17.5557595730584,0.320900831896601,0.869537316772452,0.0982310765151688,NaN,NaN,2.67416204797975,0.818586178537945,-2.33399280864304,-0.818586178537945,3.14159265358979,2.69186653084349,1.3411275066443,6.28317698874647,8.33333333333333,0.00187444323351382,1.40032014900204,0.000386880461620967,0.0406974844571695,1.40032014900204,0.222693428061092,1.85577856717576,0.00062824661302849,0.0108020978569565,0.0723559841471601,0.14205524986767,0.0932330156831442,0.453210081905127,37.5,1,1,1000,TD3,NaN,mathworks_style_single_run,NaN,17-Jun-2026 15:06:24
192,0,3.14159265358979,-5,10,full_final,5,100001,1.56958788929281,3.14159265358979,23.0721706671742,1.17400353396085,2.17245908568252,4.2169742718868,1.204,NaN,2.88314254920796e-08,0.802312667422779,-1.67822249002068e-08,-0.802312667422779,9.74717511148526e-08,1.59377828312936e-07,1.19014891069808e-07,4.30338578549794e-07,1.5,0.0201971173268942,12.260932114965,0.00519904437738641,0.546908021289814,12.260932114965,2.53135763215629,0.506271526431258,0.0155294426562678,0.101997440393605,0.0557304991118288,2.12768857251381e-07,2.12760126217759e-07,1.2814998626709e-06,54.5,0,0,4.45856811655573,TD3,NaN,mathworks_style_single_run,NaN,17-Jun-2026 15:06:22
193,0,3.14159265358979,0,-10,full_final,5,100001,1.22698269654857,3.14159265358979,27.7164628107219,1.1668252940584,2.13248520536351,3.89740094473665,1.3353,NaN,2.21604158351397e-08,0.802312522208828,1.0177441281101e-08,-0.802312522208828,5.54057153261259e-08,8.77521022483143e-08,7.46896552429119e-08,3.22395305119016e-07,4.5,0.0159770709930183,9.53074751507082,0.00406788991819357,0.427917414142653,9.53074751507082,1.98297271603438,0.396594543206876,0.0128639604615362,0.0806555047203144,0.0507226979990934,1.89284758390298e-07,1.89277078288922e-07,8.79168510437012e-07,51.5,0,0,4.28404496576,TD3,NaN,mathworks_style_single_run,NaN,17-Jun-2026 15:06:13
194,0,3.14159265358979,0,0,full_final,0.15,3001,1.59377412195762,3.14159265358979,21.2080883238194,0.364449172373914,0.917648546164901,0.121467177616928,NaN,NaN,2.42965992855807,0.809776887504012,-2.2181965110222,-0.809776887504012,3.14159265358979,2.47340862748081,1.09423693822932,6.28318527852673,6.66666666666667,0.00441969781517994,2.56217754304064,0.000900660565507734,0.0947440437089003,2.56217754304064,0.473939795025536,3.15959863350357,0.00355745270373571,0.0211225982370154,0.154001140769275,0.17008012687474,0.137638773113304,0.703864932060242,16.6666666666667,1,1,1000,TD3,NaN,mathworks_style_single_run,NaN,17-Jun-2026 15:06:22
195,0,3.14159265358979,0,10,full_final,5,100001,1.16705710537376,3.14159265358979,30.6868605135586,1.082833717628,1.73504155638216,3.75274074111152,1.9071,NaN,1.35683409689695e-07,0.802312635766528,-1.35683409689695e-07,-0.802312635766528,2.78780270424051e-07,1.02471663186319e-06,9.47259981721456e-07,3.80733938420974e-06,0.5,0.0170546663483229,10.7691219998308,0.004551170608809,0.478755619598591,10.7691219998308,2.21800030734387,0.443600061468773,0.0112941472367035,0.0839669717473517,0.0475271443213318,2.07971874493277e-07,2.04917761109663e-07,1.53481960296631e-06,50,0,0,4.04362644516585,TD3,NaN,mathworks_style_single_run,NaN,17-Jun-2026 15:06:21
196,0,3.14159265358979,5,-10,full_final,0.21,4201,1.57263869253588,3.14159265358979,17.7309625353073,0.437212373200638,0.970687273925128,0.164722734735643,NaN,NaN,2.08201259277039,0.78439443324426,2.08201259277039,0.78439443324426,3.14159265358979,2.15003238030215,0.536528470720098,1.70830887586345,2.38095238095238,0.00699172262558766,3.75231520638426,0.00152617236924072,0.160544101958261,3.75231520638426,0.757690618692457,3.60805056520218,0.00761663877952016,0.0442183011714588,0.190446077601786,0.182899683786941,0.178587549976721,0.885700404644012,28.5714285714286,1,1,1000,TD3,NaN,mathworks_style_single_run,NaN,17-Jun-2026 15:06:12
197,0,3.14159265358979,5,0,full_final,0.26,5201,1.57885141894942,3.14159265358979,21.7806645189934,0.545289152477735,1.27695772213354,0.193296386524706,NaN,NaN,2.09728097570106,0.743456480715937,-1.25294399238551,-0.681886644088057,3.14159265358979,2.21619513623021,1.82801866341552,6.28318530322785,7.69230769230769,0.00745872857339888,3.91565654338906,0.00158569723000268,0.16680575726524,3.91565654338906,0.787522204147805,3.02893155441463,0.00385950713501606,0.0225995681643979,0.121837014948661,0.170759757122251,0.168418653008524,1.0271287560463,11.5384615384615,1,1,1000,TD3,NaN,mathworks_style_single_run,NaN,17-Jun-2026 15:06:02
198,0,3.14159265358979,5,10,full_final,5,100001,0.869138325616825,3.14159265358979,28.2337443103433,0.373889048509226,0.65110634782535,3.76109831528881,0.9616,NaN,1.75301869183071e-08,0.802312390061264,5.41451582025352e-09,-0.802312390061264,7.74080930236867e-08,3.35730198401125e-08,3.32122070845369e-08,1.88607978124367e-07,7,0.00836062111788567,5.9199513449845,0.00254729090686114,0.267959595725035,5.9199513449845,1.2400998775317,0.248019975506339,0.00699622903989713,0.0623829508914487,0.037406494195252,1.83277381357305e-07,1.83273048122521e-07,1.17719173431396e-06,43.5,0,0,2.62928234430174,TD3,NaN,mathworks_style_single_run,NaN,17-Jun-2026 15:06:00
199,0.785398163397448,-3.14159265358979,-5,-10,full_final,5,100001,1.35952878816999,3.14159265358979,29.483027404376,1.13644468253867,2.00995652561202,4.08570747445202,1.31195,NaN,3.92680674254059e-08,0.802312695220478,-2.00034250122842e-08,-0.802312695220478,1.18967446116613e-07,1.49689947070012e-07,1.11879665414764e-07,4.01276368577896e-07,3.5,0.0143684140050783,8.4660018790839,0.00366145358517344,0.385162770300954,8.4660018790839,1.7745914606496,0.354918292129921,0.0120656408689575,0.073293999648375,0.0491236009855904,1.84837881050466e-07,1.84827042595055e-07,1.04308128356934e-06,54,0,0,4.31731719194734,TD3,NaN,mathworks_style_single_run,NaN,17-Jun-2026 15:05:51
200,0.785398163397448,-3.14159265358979,-5,0,full_final,0.19,3801,1.60319886313734,3.14159265358979,25.3466213386577,0.413495014674288,0.953485795525666,0.148970242287479,NaN,NaN,2.1763219759885,0.784161837480362,-1.97301475775807,-0.582891222794667,3.14159265358979,2.24022403929089,1.061045009359,6.28318530322785,7.89473684210526,0.00424202803794301,3.32099334048321,0.00118386398461906,0.124535330400427,3.32099334048321,0.618072586814026,3.25301361481067,0.00211577501278975,0.0297798452277542,0.105525627039366,0.172022806260931,0.151953405673193,0.832543507218361,18.4210526315789,1,1,1000,TD3,NaN,mathworks_style_single_run,NaN,17-Jun-2026 15:06:01
201,0.785398163397448,-3.14159265358979,-5,10,full_final,5,100001,1.156758175827,3.14159265358979,28.8707307107177,1.15294246824904,1.89194561056828,3.71607139383747,1.90955,NaN,1.26514571223894e-07,0.802312587627059,-1.26514571223894e-07,-0.802312587627059,2.86731010245441e-07,1.04740929368663e-06,9.66545247899703e-07,3.81294413287492e-06,0.5,0.0194393632827154,12.0183561770568,0.00507939139659891,0.534321251450251,12.0183561770568,2.47046835602593,0.494093671205185,0.0141704102963283,0.0980472218311126,0.0532360973331597,2.15138794227902e-07,2.1157524578963e-07,1.17719173431396e-06,49.5,0,0,4.16584957753259,TD3,NaN,mathworks_style_single_run,NaN,17-Jun-2026 15:06:00
202,0.785398163397448,-3.14159265358979,0,-10,full_final,0.17,3401,1.58156277017032,3.14159265358979,14.8993705689618,0.376160457972419,0.876247612529814,0.188125489255379,NaN,NaN,2.21273951521535,1.10664312425003,2.2108920629051,1.10664312425003,3.14159265358979,2.27038794393023,0.516350367606107,6.28268531178077,5.88235294117647,0.00445299941238062,2.59085642468523,0.001034938769824,0.108869298600816,2.59085642468523,0.520832963120839,3.06372331247552,0.00524480285530729,0.0308371968418718,0.175646752038879,0.160558018855385,0.138897191523377,0.603631630539894,41.1764705882353,1,1,1000,TD3,NaN,mathworks_style_single_run,NaN,17-Jun-2026 15:05:51
203,0.785398163397448,-3.14159265358979,0,0,full_final,5,100001,1.47274842595162,3.14159265358979,31.5545543404631,1.79945447414244,3.36076982615962,3.80711187006544,1.7528,NaN,1.60797713900687e-07,0.802312643972128,-1.60797713900687e-07,-0.802312643972128,3.41272893944478e-07,1.25407465191587e-06,1.14969417971274e-06,4.55541208932431e-06,0.5,0.030794272630649,18.3478314010357,0.00783779587700203,0.824488718159332,18.3478314010357,3.8041994448434,0.76083988896868,0.0193047289662986,0.12340184616152,0.0621365093424124,2.07791195704756e-07,2.01821860217988e-07,1.04308128356934e-06,47,0,0,5.50518405812068,TD3,NaN,mathworks_style_single_run,NaN,17-Jun-2026 15:06:24
204,0.785398163397448,-3.14159265358979,0,10,full_final,5,100001,1.39017887421836,3.14159265358979,28.5642076761031,0.495748748778369,0.72342132952809,4.01689888565507,1.41535,NaN,2.25680732902753e-08,0.802312582284986,3.50792064316205e-09,-0.802312582284986,5.62990858377077e-08,1.15301203292281e-07,9.381718197457e-08,3.93648269536584e-07,2.5,0.015918831572889,10.3264499480884,0.00431326006810247,0.453728869754373,10.3264499480884,2.10678003608326,0.421356007216652,0.0142217149200393,0.105061137181533,0.053332382133258,1.66845207844355e-07,1.66840447828322e-07,9.98377799987793e-07,53.5,0,0,3.00180117073998,TD3,NaN,mathworks_style_single_run,NaN,17-Jun-2026 15:06:14
205,0.785398163397448,-3.14159265358979,5,-10,full_final,0.16,3201,1.57779748227761,3.14159265358979,13.3060150952933,0.401698825661777,1.0337464828643,0.172266749335353,NaN,NaN,2.51061669835067,1.07669996392686,2.5086538163428,1.07669996392686,3.14159265358979,2.54184716563876,0.409442356400174,6.28268531574822,6.25,0.00979270892928545,5.89859687077241,0.00246436693711592,0.259236495686092,5.89859687077241,1.20761014012803,7.54756337580019,0.0172047514189866,0.105189514522406,0.32791720962564,0.250560672304926,0.242908254178735,1.00944116711617,43.75,1,1,1000,TD3,NaN,mathworks_style_single_run,NaN,17-Jun-2026 15:06:06
206,0.785398163397448,-3.14159265358979,5,0,full_final,5,100001,1.09303964578393,3.14159265358979,26.8427214762036,1.21287025592645,2.07697519572002,3.72495265709721,1.91555,NaN,1.29253147095541e-07,0.802312582226189,-1.29253147095541e-07,-0.802312582226189,2.60375075921568e-07,1.07773923623812e-06,9.91482395825583e-07,3.83038936391245e-06,0.5,0.0203588177239127,12.6430402561415,0.00537372416370674,0.565283278233448,12.6430402561415,2.61479590318515,0.522959180637029,0.0126454586190599,0.0911650665891527,0.0502900757984315,1.87210302049036e-07,1.82515240533794e-07,1.07288360595703e-06,55,0,0,4.29002264561811,TD3,NaN,mathworks_style_single_run,NaN,17-Jun-2026 15:06:16
207,0.785398163397448,-3.14159265358979,5,10,full_final,5,100001,1.04112577728185,3.14159265358979,30.5613330974676,0.400095625279249,0.647003088644476,3.91307360761383,0.9313,NaN,1.25626988484428e-08,0.802312455321937,-5.05286395666199e-10,-0.802312455321937,3.07735206206416e-08,2.60178080629219e-08,2.60171645834817e-08,1.54718555300803e-07,10,0.015201222423693,10.0704060913046,0.00438221535956109,0.460982549329248,10.0704060913046,2.12514725150699,0.425029450301398,0.017472816231165,0.126933460996683,0.0591148310175459,1.6406097639328e-07,1.64046889102961e-07,1.02818012237549e-06,53.5,0,0,2.75891396264607,TD3,NaN,mathworks_style_single_run,NaN,17-Jun-2026 15:06:07
208,0.785398163397448,-2.35619449019234,-5,-10,full_final,0.155,3101,1.60594857696794,2.5859979807104,29.5106762830533,0.343117301323166,0.771197955813765,0.121884402481857,NaN,NaN,2.21360670049709,0.786482980653767,-2.21360670049709,-0.459170758526669,2.5859979807104,2.2305267986631,0.274217386517766,0.84548891455332,3.2258064516129,0.00857660224003006,5.2652829935606,0.00212807451849346,0.223860567362889,5.2652829935606,1.04100044566861,6.71613190753941,0.00550177810479696,0.038256941665392,0.188402076983226,0.239119468346479,0.222222911067246,1.05708971619606,16.1290322580645,1,1,1000,TD3,NaN,mathworks_style_single_run,NaN,17-Jun-2026 15:05:58
209,0.785398163397448,-2.35619449019234,-5,0,full_final,5,100001,1.45746542953799,3.14130998908932,27.6776279422055,1.8534011330159,3.43928319182792,3.93268610901112,1.66135,NaN,1.22312165326251e-07,0.802312706872603,-1.22312165326251e-07,-0.802312706872603,3.22374413386228e-07,8.6528122493483e-07,8.21399361405342e-07,3.60844571778429e-06,0.5,0.0378692265384896,23.0831612512294,0.0100520698488354,1.05741694662307,23.0831612512294,4.84635213758551,0.969270427517101,0.0273259754021615,0.182807353617654,0.0739269577382451,2.33625756776799e-07,2.31420192400751e-07,1.41561031341553e-06,48.5,0,0,5.67688718317784,TD3,NaN,mathworks_style_single_run,NaN,17-Jun-2026 15:06:23
210,0.785398163397448,-2.35619449019234,-5,10,full_final,5,100001,1.14803294241835,3.14132316497068,27.269381895129,1.06011992770571,1.63023138505213,3.70158778861055,1.8549,NaN,1.08572744257128e-07,0.802312676553735,-1.08572744257128e-07,-0.802312676553735,2.371503506675e-07,7.33670093694747e-07,6.97965359780569e-07,2.97746076860506e-06,0.5,0.0253056054902785,15.8861793707275,0.00688673978402924,0.724443369786107,15.8861793707275,3.31855384103357,0.663710768206714,0.0198067371301036,0.140289818035944,0.0629392359821814,2.07801828217463e-07,2.05330597074406e-07,1.05798244476318e-06,50.5,0,0,3.97370645461475,TD3,NaN,mathworks_style_single_run,NaN,17-Jun-2026 15:06:14
211,0.785398163397448,-2.35619449019234,0,-10,full_final,0.17,3401,1.57851026475438,2.52012602637524,28.6462352579186,0.348126814716619,0.731170588345593,0.132288994403416,NaN,NaN,2.04777882687501,0.778289280294738,-2.04777882687501,-0.463458033229497,2.52012602637524,2.07386452608605,0.327896246944878,0.957328777534637,2.94117647058824,0.0132099689303494,8.4437746142952,0.00354162861659836,0.372557908386415,8.4437746142952,1.72195216531326,10.1291303841956,0.00741446383919652,0.0595156605529704,0.208840832146743,0.289554909190326,0.271217256326699,1.30409035086632,8.8235294117647,1,1,1000,TD3,NaN,mathworks_style_single_run,NaN,17-Jun-2026 15:06:05
212,0.785398163397448,-2.35619449019234,0,0,full_final,5,100001,1.2826397050208,3.14138074175757,29.3505013902005,1.7659672611653,3.18763256328336,3.80048991837597,1.67935,NaN,1.68405297258323e-07,0.802312575860919,-1.68405297258323e-07,-0.802312575860919,3.61412970661945e-07,1.43306169682977e-06,1.29910093334988e-06,4.95153969781725e-06,0.5,0.0418317026573697,25.167129264263,0.011012934246866,1.15849406936131,25.167129264263,5.31405503197147,1.06281100639429,0.0275653775389019,0.180217945296444,0.0742500875944288,2.01721607857672e-07,1.94872845057213e-07,1.10268592834473e-06,54,0,0,5.43604248786797,TD3,NaN,mathworks_style_single_run,NaN,17-Jun-2026 15:06:32
213,0.785398163397448,-2.35619449019234,0,10,full_final,5,100001,1.21165567731281,3.14153592070082,29.8611799796772,1.01053623282368,1.48299612744386,3.69010998752838,1.8777,NaN,1.217127549897e-07,0.802312688427955,-1.217127549897e-07,-0.802312688427955,2.33196075537942e-07,8.5478051231728e-07,8.0247691765809e-07,3.39729516873888e-06,0.5,0.0257159016475958,16.2063376179213,0.00704982986752455,0.741599460094629,16.2063376179213,3.40736399245205,0.68147279849041,0.0177098343716422,0.129888211358783,0.0595144257666025,2.0605344360224e-07,2.03431309409952e-07,1.2516975402832e-06,51.5,0,0,3.86860702607094,TD3,NaN,mathworks_style_single_run,NaN,17-Jun-2026 15:06:23
214,0.785398163397448,-2.35619449019234,5,-10,full_final,0.19,3801,1.57464719163839,2.49135299401183,27.982778781386,0.366313906085495,0.731568738949245,0.147063642590163,NaN,NaN,1.92796341608801,0.774125986445875,-1.92796341608801,-0.4505708531769,2.49135299401183,1.96223382487489,0.365128264736354,1.02594122007459,2.63157894736842,0.0176037167895617,11.2709212480513,0.00484657988456778,0.509830888580437,11.2709212480513,2.34927075671449,12.3645829300763,0.0116336085636317,0.0898377198410074,0.247445991594037,0.316967483257032,0.30121344935254,1.32913658022881,13.1578947368421,1,1,1000,TD3,NaN,mathworks_style_single_run,NaN,17-Jun-2026 15:06:14
215,0.785398163397448,-2.35619449019234,5,0,full_final,5,100001,1.07283850897675,3.14154157140029,22.6938401852138,1.07414534084473,1.93820094663446,3.81512697633372,1.16995,NaN,1.55473294323069e-08,0.802312465714379,6.50241382576467e-09,-0.802312465714379,4.17235599632501e-08,5.03846631706192e-08,4.71832175415173e-08,1.8271784618662e-07,3.5,0.038618195484205,23.447241411599,0.0103220245684484,1.0858145502641,23.447241411599,4.97668200947759,0.995336401895517,0.0260829521920095,0.174301020879922,0.0722259678952238,1.71575152616091e-07,1.71567400524523e-07,9.08970832824707e-07,52.5,0,0,4.05949518709676,TD3,NaN,mathworks_style_single_run,NaN,17-Jun-2026 15:06:38
216,0.785398163397448,-2.35619449019234,5,10,full_final,5,100001,1.38481226081641,2.35619449019234,16.9169746902227,0.369680818974591,0.398244426520576,4.02788520293177,1.34295,NaN,1.85334394797035e-08,0.802312519142907,1.1027483626399e-08,-0.802312519142907,4.55694029177778e-08,8.76951350883383e-08,7.34964995494097e-08,2.67548353694025e-07,0.5,0.0197938920420022,12.8177378140006,0.00558979479923254,0.588012602154628,12.8177378140006,2.70098716358517,0.540197432717034,0.0137405358890536,0.107474606677112,0.0524223919504893,2.08213419925815e-07,2.08190137283807e-07,1.20699405670166e-06,54,0,0,2.7552378709997,TD3,NaN,mathworks_style_single_run,NaN,17-Jun-2026 15:06:30
217,0.785398163397448,-1.5707963267949,-5,-10,full_final,5,100001,1.28652499394855,3.14136514128541,27.3452360029836,0.670481030937697,1.10748604281248,3.96583565447941,1.52955,NaN,2.95638710590655e-08,0.802312613152572,-9.97437818158644e-09,-0.802312613152572,1.08169856826587e-07,1.29638727189396e-07,9.59028932864151e-08,3.24389057837493e-07,4,0.00706036813435163,4.19358654772799,0.00177997815080525,0.187242934995951,4.19358654772799,0.85829783018585,0.17165956603717,0.00516928059519214,0.03231134627513,0.0321536330612643,1.87519840666595e-07,1.87518653648654e-07,9.38773155212402e-07,50,0,0,3.3245759471164,TD3,NaN,mathworks_style_single_run,NaN,17-Jun-2026 15:06:21
218,0.785398163397448,-1.5707963267949,-5,0,full_final,5,100001,1.50692120844724,3.1413489907553,22.7639519488365,0.783930125536721,1.43500343372798,4.4602791387414,1.00055,NaN,5.10616784570064e-08,0.802312727813592,-3.87455323608728e-08,-0.802312727813592,1.19975897416177e-07,1.58802895103794e-07,1.21034795433955e-07,5.98237182458661e-07,4,0.0263862376508265,15.9478388838752,0.0069088967462502,0.726774148191994,15.9478388838752,3.32503183685656,0.665006367371313,0.0169079364131313,0.112377033679621,0.0581514168582869,1.93461158826334e-07,1.93387508954078e-07,1.05798244476318e-06,49.5,0,0,3.80038312487314,TD3,NaN,mathworks_style_single_run,NaN,17-Jun-2026 15:06:38
219,0.785398163397448,-1.5707963267949,-5,10,full_final,5,100001,1.00718822896893,3.14149034350319,24.985008531969,0.956238838788042,1.50700106369979,3.63330634303468,1.77925,NaN,8.25029163564986e-08,0.802312755148342,-8.25029163564986e-08,-0.802312755148342,1.9539584503668e-07,3.98605531379533e-07,3.94459035875806e-07,1.94435912703739e-06,0.5,0.0183810053712999,11.5934361879283,0.00512578601063069,0.539201684221507,11.5934361879283,2.45767270171035,0.491534540342071,0.00917705993575107,0.0729794071111272,0.0428417084994309,2.11273493575428e-07,2.10161548927059e-07,1.14738941192627e-06,53,0,0,3.73056376072561,TD3,NaN,mathworks_style_single_run,NaN,17-Jun-2026 15:06:30
220,0.785398163397448,-1.5707963267949,0,-10,full_final,5,100001,1.28500798240747,3.14155952064227,26.9833004115411,0.680055562628569,1.1306311389799,3.9736010416628,1.53215,NaN,3.60965336061806e-08,0.802312663772063,-1.23932697385273e-08,-0.802312663772063,1.14351717183533e-07,1.30545002386868e-07,9.57854252518213e-08,3.3534709587002e-07,4,0.00983258281932614,6.52843332736608,0.00281446755673775,0.296064963233426,6.52843332736608,1.35696560258174,0.271393120516349,0.00546392607234529,0.0487695266453904,0.0330573019841163,1.74122021922117e-07,1.74118470916494e-07,9.83476638793945e-07,56.5,0,0,3.3477407791407,TD3,NaN,mathworks_style_single_run,NaN,17-Jun-2026 15:06:21
221,0.785398163397448,-1.5707963267949,0,0,full_final,0.52,10401,1.57451496938477,3.14134023370967,26.7337501829888,0.773062464786068,1.49293371160092,0.257560310297754,NaN,NaN,1.482988263858,0.484306093717491,0.0225350324190499,-0.24394854344945,3.14134023370967,1.69436538110519,1.69391354204851,6.28204379961847,1.92307692307692,0.0287931708747225,17.0932864890703,0.00733187264784461,0.771268654605614,17.0932864890703,3.5360641073711,6.80012328340595,0.0161551725363177,0.104678553304096,0.17626014720554,0.238427199166645,0.237289113387127,1.36962527036667,8.65384615384615,1,1,1000,TD3,NaN,mathworks_style_single_run,NaN,17-Jun-2026 15:05:45
222,0.785398163397448,-1.5707963267949,0,10,full_final,5,100001,0.966721755703915,3.14115812083483,24.0476250508975,0.936674565994545,1.53299350992919,3.50931232803919,1.79065,NaN,8.21439655295036e-08,0.802312768660084,-8.13398679430196e-08,-0.802312768660084,2.31244870118482e-07,4.20748166269011e-07,4.13489334973669e-07,1.86700659909889e-06,0.5,0.0243584319661805,15.309838006395,0.00681482858966657,0.716878747104956,15.309838006395,3.26526401597315,0.653052803194629,0.0104113872323181,0.0855572143356699,0.0456319783316878,2.27999661494438e-07,2.26976733124042e-07,1.44541263580322e-06,49,0,0,3.62973071669454,TD3,NaN,mathworks_style_single_run,NaN,17-Jun-2026 15:05:43
223,0.785398163397448,-1.5707963267949,5,-10,full_final,5,100001,1.27252332707748,3.14146510360963,26.4142994128663,0.695051741617481,1.16795139244516,3.98096265762754,1.5361,NaN,4.35763271725627e-08,0.802312713658067,-1.96078052478949e-08,-0.802312713658067,1.1229530170119e-07,1.2807102968612e-07,8.98960561100727e-08,3.45087164177471e-07,4,0.0146281916332814,9.63117810271933,0.00427086697622088,0.449269372909494,9.63117810271933,2.04397126970379,0.408794253940759,0.00607904192448106,0.0591220759240237,0.034868443970103,1.99654646156594e-07,1.99652664158002e-07,1.2516975402832e-06,57.5,0,0,3.38162123594186,TD3,NaN,mathworks_style_single_run,NaN,17-Jun-2026 15:06:07
224,0.785398163397448,-1.5707963267949,5,0,full_final,5,100001,1.14096068879764,3.14111074812708,29.7742647726845,1.45871120874598,2.65649273400002,3.76872761827813,1.5106,NaN,7.10965227992502e-08,0.80231273564907,-7.10965227992502e-08,-0.80231273564907,2.18007271790555e-07,3.89846759547117e-07,3.8893064408144e-07,1.97636945387103e-06,0.5,0.0369522935276711,22.2678627251752,0.0097767398964792,1.02845390101031,22.2678627251752,4.69603718902665,0.939207437805329,0.0219572861169022,0.146140801098098,0.0662680709194137,1.88436612408646e-07,1.87573512404872e-07,9.68575477600098e-07,47,0,0,4.80496214119918,TD3,NaN,mathworks_style_single_run,NaN,17-Jun-2026 15:05:58
225,0.785398163397448,-1.5707963267949,5,10,full_final,5,100001,0.943730759296961,3.14104090167524,23.6507412616964,0.906238502331567,1.52453252456964,3.43424108730629,1.75865,NaN,7.18828228800296e-08,0.802312776954312,-7.12203202928411e-08,-0.802312776954312,2.02775429979804e-07,3.11739584412176e-07,3.10344275654002e-07,1.51738504072796e-06,0.5,0.0295111912428177,18.3302183852543,0.00824332070995478,0.86714747770728,18.3302183852543,3.94491543832649,0.788983087665298,0.0106000690148769,0.087691842113517,0.0460436076233757,1.92553967043975e-07,1.91999310622154e-07,9.83476638793945e-07,47.5,0,0,3.53148433882237,TD3,NaN,mathworks_style_single_run,NaN,17-Jun-2026 15:06:07
226,0.785398163397448,-0.785398163397448,-5,-10,full_final,5,100001,1.26318153286562,3.14117953637451,31.2924479333326,0.644429518904844,0.972042370220837,3.9195223280722,1.55955,NaN,3.84880021184584e-08,0.802312666885606,-2.16695793998953e-08,-0.802312666885606,1.09716832707315e-07,1.32726360147365e-07,9.5150071212606e-08,3.5080521243458e-07,5,0.00852798873790141,5.12987720215278,0.00222352552171091,0.233901435551448,5.12987720215278,1.06562101006625,0.21312420201325,0.00462262095736138,0.0309814104968295,0.0304059894013051,1.79350608660525e-07,1.79346686187419e-07,1.07288360595703e-06,56.5,0,0,3.2493061348379,TD3,NaN,mathworks_style_single_run,NaN,17-Jun-2026 15:05:59
227,0.785398163397448,-0.785398163397448,-5,0,full_final,5,100001,1.27488169037692,3.14138244240519,29.8904739074153,0.788831205808364,1.14752355507614,3.93067074887376,1.70285,NaN,6.75746329961254e-08,0.802312810387504,-6.35248077128568e-08,-0.802312810387504,1.50145822640932e-07,2.2288229515007e-07,2.20196260492624e-07,1.16738534039484e-06,2,0.00919483016336525,5.59331194398817,0.00241780641512448,0.254338610400995,5.59331194398817,1.1617597754478,0.23235195508956,0.00514194956577463,0.0355594248966584,0.0320685190358851,1.94942987634821e-07,1.9442805407618e-07,1.08778476715088e-06,51,0,0,3.54375586387347,TD3,NaN,mathworks_style_single_run,NaN,17-Jun-2026 15:06:14
228,0.785398163397448,-0.785398163397448,-5,10,full_final,5,100001,1.12088827254381,0.785398163397448,13.8999496517631,0.121725445242515,0.0331271088690884,4.13672326384895,0.73565,NaN,1.15975768174207e-08,0.8023124367112,-5.15925218266916e-10,-0.8023124367112,3.6756477417299e-08,3.18195585558091e-08,3.17480501251708e-08,1.47694754204508e-07,8.5,0.00157520360434527,1.01868651645823,0.000486073199836249,0.0511319605350425,1.01868651645823,0.218525261313792,0.0437050522627584,0.000575382558458769,0.00554158834382808,0.0107273720776225,1.84053283032807e-07,1.84046698561578e-07,1.05798244476318e-06,49,0,0,2.31191908371926,TD3,NaN,mathworks_style_single_run,NaN,17-Jun-2026 15:06:05
229,0.785398163397448,-0.785398163397448,0,-10,full_final,5,100001,1.25922452372706,3.14150613161048,33.1494177155406,0.597774762926791,0.885204477340298,3.93801675765682,1.53325,NaN,4.04848472969071e-08,0.802312681592406,-1.891482425293e-08,-0.802312681592406,1.08024174249474e-07,1.32761420312128e-07,9.5944849747767e-08,3.60498063400883e-07,4,0.0100111872243547,6.22120562208866,0.00272843115287287,0.287014453951122,6.22120562208866,1.30369445252602,0.260738890505203,0.00346523414257216,0.0290549842784202,0.0263257825812345,1.85690566093017e-07,1.85674449434585e-07,1.10268592834473e-06,51,0,0,3.16517862102935,TD3,NaN,mathworks_style_single_run,NaN,17-Jun-2026 15:06:03
230,0.785398163397448,-0.785398163397448,0,0,full_final,5,100001,1.27449259414697,3.14144547662922,29.3197308856772,0.765492681479681,1.14912738923282,3.93075874514491,1.6561,NaN,4.80264318910292e-08,0.802312730601936,-4.14294537495779e-08,-0.802312730601936,1.40825123761553e-07,1.60976118278277e-07,1.4698954674965e-07,8.49502560740234e-07,4,0.00735161774625565,4.27834545773963,0.001808919840343,0.190287425677105,4.27834545773963,0.877106795083565,0.175421359016713,0.00354369217404504,0.0212879396404237,0.0266221418148317,2.03829940172131e-07,2.03669699086772e-07,9.83476638793945e-07,54.5,0,0,3.49690166138751,TD3,NaN,mathworks_style_single_run,NaN,17-Jun-2026 15:05:54
231,0.785398163397448,-0.785398163397448,0,10,full_final,5,100001,1.05968688977025,0.785398163397448,10,0.107591305974613,0.0262911150011104,4.04740951281379,0.8266,NaN,9.52203681962088e-09,0.80231240126777,3.92575500638905e-09,-0.80231240126777,3.32951319848007e-08,2.18766775925209e-08,1.93942109275543e-08,9.39705451230566e-08,18.5,0.000164888155655767,0.0957377894276496,2.7774937599094e-05,0.0029217554344872,0.0957377894276496,0.0134251814175049,0.00268503628350098,3.30479301119807e-05,0.000205600312844581,0.00257091151586284,1.84640548370191e-07,1.84636247127625e-07,1.07288360595703e-06,46.5,0,0,2.23889380755929,TD3,NaN,mathworks_style_single_run,NaN,17-Jun-2026 15:06:22
232,0.785398163397448,-0.785398163397448,5,-10,full_final,5,100001,1.27275635350067,3.14128891803884,34.7569504691528,0.565939289153432,0.824709779622522,3.96864858612547,1.5134,NaN,4.14939822894674e-08,0.802312673654207,-1.34558377590088e-08,-0.802312673654207,1.1676522302316e-07,1.28718397201323e-07,9.52770392816268e-08,3.48583629516952e-07,3.5,0.0140673997791935,9.10010781451853,0.00409746302198989,0.431028325784606,9.10010781451853,1.94231479099188,0.388462958198377,0.00299835362135998,0.0372162276931045,0.0244881751927741,2.1409646768082e-07,2.14088445420199e-07,1.43051147460938e-06,58,0,0,3.1169138667397,TD3,NaN,mathworks_style_single_run,NaN,17-Jun-2026 15:06:13
233,0.785398163397448,-0.785398163397448,5,0,full_final,5,100001,1.27246727625423,3.14100442189058,29.8039743231298,0.723868521344428,1.10083332150029,3.92651213100064,1.6147,NaN,4.79822642422827e-08,0.802312733538765,-3.62901948226349e-08,-0.802312733538765,1.2118749534927e-07,1.4075253230861e-07,1.15473002984131e-07,5.98788675532091e-07,5,0.00870283098915524,5.28929092605558,0.00228199063855835,0.240051612208637,5.28929092605558,1.0970900862179,0.21941801724358,0.00480530922170866,0.0332077866430814,0.0310009974733351,2.0627045906292e-07,2.06187297466443e-07,1.2516975402832e-06,47.5,0,0,3.41170340375796,TD3,NaN,mathworks_style_single_run,NaN,17-Jun-2026 15:06:15
234,0.785398163397448,-0.785398163397448,5,10,full_final,5,100001,1.3445284313237,0.785398163397448,10,0.105994874058845,0.0255884289555208,4.10696102774694,1.085,NaN,1.37100628835075e-08,0.802312470125902,5.03756550531403e-09,-0.802312470125902,3.87596403861323e-08,3.51689652007255e-08,3.43257009815146e-08,1.38081172273985e-07,3.5,0.00139966147080075,1.04755382593099,0.0004311069129132,0.0453498396226904,1.04755382593099,0.203630949841945,0.0407261899683889,0.000641036475768913,0.00851934647542248,0.0113228660309032,1.73020959660694e-07,1.73003662732321e-07,1.01327896118164e-06,56,0,0,2.26557794432949,TD3,NaN,mathworks_style_single_run,NaN,17-Jun-2026 15:06:06
235,0.785398163397448,-0.349065850398866,-5,-10,full_final,5,100001,1.24855267262549,3.14112976183265,32.3714653647745,0.641096594451983,0.930447444593233,3.91089932178391,1.5941,NaN,5.05242619393009e-08,0.802312736641106,-3.49769564254068e-08,-0.802312736641106,1.2436584004781e-07,1.32863738127451e-07,1.00636534510521e-07,5.00426146743393e-07,3,0.0115037292229634,7.07183363801833,0.00309789009557124,0.325879299994346,7.07183363801833,1.48117840052083,0.296235680104166,0.00766753157773157,0.053078693999556,0.0391600091361878,1.94062648581903e-07,1.9403646419727e-07,1.02818012237549e-06,57.5,0,0,3.23872102427769,TD3,NaN,mathworks_style_single_run,NaN,17-Jun-2026 15:06:22
236,0.785398163397448,-0.349065850398866,-5,0,full_final,5,100001,1.03544662717517,0.349479192491859,9.5820863198379,0.0709117740035198,0.00712411465195211,4.02910100290711,0.95235,NaN,1.06471492454269e-08,0.802312461848735,-2.1694538706009e-09,-0.802312461848735,5.17100926522573e-08,2.17552086537972e-08,2.1731994771103e-08,1.30174103052383e-07,17,0.00178854647980592,1.59426898368749,0.000683002581887478,0.0718477403694908,1.59426898368749,0.324143419336901,0.0648286838673801,0.00104991572559208,0.0173288388057959,0.0144907951858556,1.56620091293606e-07,1.56603228970397e-07,8.19563865661621e-07,51,0,0,2.15654781278479,TD3,NaN,mathworks_style_single_run,NaN,17-Jun-2026 15:06:13
237,0.785398163397448,-0.349065850398866,-5,10,full_final,5,100001,1.1587877696134,0.376952566926312,22.516302185676,0.0997924330831816,0.019932883779408,4.20786472565816,0.67855,NaN,1.06668177284253e-08,0.802312438714384,3.4849549606117e-09,-0.802312438714384,3.20471267301059e-08,2.92424176451906e-08,2.92353343685849e-08,1.4241829981998e-07,9,0.00264520342137351,1.7919719593576,0.000836913319048135,0.0880382189662724,1.7919719593576,0.375972869192988,0.0751945738385976,0.000541653040428661,0.0084866172857963,0.0104081990798472,1.69759525684403e-07,1.69755883422771e-07,8.79168510437012e-07,48,0,0,2.30365545920338,TD3,NaN,mathworks_style_single_run,NaN,17-Jun-2026 15:06:19
238,0.785398163397448,-0.349065850398866,0,-10,full_final,5,100001,1.24270112691525,3.1415188121283,34.3961661797893,0.588541155928151,0.845455757142767,3.92764910158599,1.5525,NaN,3.81406612769059e-08,0.802312672775003,-1.79489618346544e-08,-0.802312672775003,1.01569117316055e-07,1.32204440864817e-07,9.61370510876361e-08,3.59732599264362e-07,5,0.00957757667288502,5.59494645793272,0.00246790311106968,0.259608479796941,5.59494645793272,1.17476250809285,0.234952501618571,0.00306654616111998,0.0192285517750672,0.0247650809048546,2.01082600159476e-07,2.01071885675592e-07,1.10268592834473e-06,55.5,0,0,3.14146157823533,TD3,NaN,mathworks_style_single_run,NaN,17-Jun-2026 15:06:09
239,0.785398163397448,-0.349065850398866,0,0,full_final,0.065,1301,1.60321983010561,0.34978542229117,17.6650388564624,0.0112875064325143,0.00279057300520295,0.0747065084310546,NaN,NaN,0.173721009144784,1.14936547088228,-0.109602522291385,1.14936547088228,0.34978542229117,0.2072611626556,0.175910422240178,0.522528066045671,7.69230769230769,0.00255303643712397,2.27967379418891,0.000934149865466566,0.0982669154994415,2.27967379418891,0.457422679106252,7.03727198625004,0.00141054377914518,0.0245141657698461,0.147311484702689,0.238499690271778,0.218012002500159,0.812381695955992,23.0769230769231,1,1,1000,TD3,NaN,mathworks_style_single_run,NaN,17-Jun-2026 15:06:12
240,0.785398163397448,-0.349065850398866,0,10,full_final,5,100001,1.09234921017082,0.349065850398866,14.9599762116332,0.0903954434098542,0.0140764647672775,4.10148497670228,0.71985,NaN,1.33893683694009e-08,0.802312424488556,6.62320521497199e-09,-0.802312424488556,4.4581637936858e-08,1.68758950371679e-08,1.5593275373433e-08,9.54072305603404e-08,20,0.00177958560481396,1.39096046456622,0.000624327334389504,0.0656754592388694,1.39096046456622,0.292099877432862,0.0584199754865725,0.000576140173433851,0.0106369505228451,0.0107344322014148,1.80229256480794e-07,1.80226267986053e-07,1.26659870147705e-06,45,0,0,2.23165391261719,TD3,NaN,mathworks_style_single_run,NaN,17-Jun-2026 15:06:10
241,0.785398163397448,-0.349065850398866,5,-10,full_final,5,100001,1.24866727266244,3.14087547904219,36.706057875631,0.54597399293255,0.770524348022376,3.95696335030978,1.52205,NaN,4.58876538905215e-08,0.80231264305178,-1.37326111243811e-08,-0.80231264305178,1.10928576301669e-07,1.27878536350728e-07,9.41589849762291e-08,3.48143686323965e-07,3,0.0125403706509364,7.80570050922467,0.00352679348966744,0.370997342765803,7.80570050922467,1.66507120035804,0.333014240071608,0.00299790344533643,0.0289168641308432,0.0244863367833428,2.03308982097183e-07,2.03297614473548e-07,1.11758708953857e-06,60,0,0,3.07108360310945,TD3,NaN,mathworks_style_single_run,NaN,17-Jun-2026 15:06:21
242,0.785398163397448,-0.349065850398866,5,0,full_final,5,100001,1.26902478239649,3.14112176293403,31.7753553371828,0.675249087248668,0.97159271338925,3.93928302031385,1.63875,NaN,4.86409256251215e-08,0.80231272170233,-4.00291107814184e-08,-0.80231272170233,1.35828915869704e-07,1.53804280333123e-07,1.34784896700993e-07,7.8318708673919e-07,3,0.00860416581908909,4.95720230173374,0.00214514948178792,0.22565675022095,4.95720230173374,1.03046020963146,0.206092041926291,0.00354708676689927,0.02045527557612,0.0266348897760035,1.88594832035514e-07,1.88578963586596e-07,1.23679637908936e-06,53,0,0,3.32071056024222,TD3,NaN,mathworks_style_single_run,NaN,17-Jun-2026 15:06:12
243,0.785398163397448,-0.349065850398866,5,10,full_final,5,100001,1.04483558174758,0.349065850398866,10,0.0669255383414714,0.00652792781864734,4.0308667647936,0.82125,NaN,1.74090413948149e-08,0.802312399205353,8.35005628542494e-09,-0.802312399205353,4.42929883881504e-08,2.15449775064279e-08,2.00538208936056e-08,8.34256783655007e-08,10,0.000351866044481676,0.272111633317393,0.000108517992650318,0.0114154364392182,0.272111633317393,0.0492262299885318,0.00984524599770635,9.65516849407651e-05,0.00194487353917778,0.004394352852031,1.79928664581203e-07,1.79919867251696e-07,9.08970832824707e-07,48.5,0,0,2.14930553569327,TD3,NaN,mathworks_style_single_run,NaN,17-Jun-2026 15:06:25
244,0.785398163397448,0,-5,-10,full_final,0.06,1201,1.58479161468856,0.306553432007509,22.9686970706072,0.00826993074191286,0.00176175415491667,0.0685783138857594,NaN,NaN,0.137845038762915,1.14300697136073,0.107724724831555,1.14300697136073,0.306553432007509,0.171397912660391,0.133314020734148,0.379568605814646,8.33333333333333,0.00501009080210575,3.89678500726309,0.00169465001153837,0.178266930865312,3.89678500726309,0.810576930380353,13.5096155063392,0.00327111631268243,0.039684942884453,0.233492195182995,0.324336621382632,0.311220699038937,1.00029483437538,25,1,1,1000,TD3,NaN,mathworks_style_single_run,NaN,17-Jun-2026 15:06:16
245,0.785398163397448,0,-5,0,full_final,5,100001,1.0337029154196,0.124369824842761,6.08731359329464,0.0476955060274623,0.00358395173168008,4.01669600306573,0.77145,NaN,2.33979839567005e-08,0.802312383580388,1.05489244530191e-08,-0.802312383580388,6.92486801234793e-08,2.4747665762005e-08,2.21619062895676e-08,9.67587250322311e-08,10.5,0.000114915025512768,0.0667892573186566,9.47946256429506e-06,0.000997182123791724,0.0667892573186566,0.00330203698306203,0.000660407396612406,2.15939364230262e-06,2.44021598406038e-05,0.000657174808145081,1.77418455415605e-07,1.77418393460173e-07,1.04308128356934e-06,47,0,0,2.10374099167649,TD3,NaN,mathworks_style_single_run,NaN,17-Jun-2026 15:06:12
246,0.785398163397448,0,-5,10,full_final,0.29,5801,1.62263123903138,3.14109828214437,34.5780923302114,0.413918971375795,0.820631197332754,0.246953928894127,NaN,NaN,1.42710741145144,0.851626028716384,-0.0724028449006819,0.851626028716384,3.14109828214437,1.68205237766252,1.68049338863634,6.28151296058762,1.72413793103448,0.0100036210741168,5.98280512538933,0.00260486615017032,0.274016163068542,5.98280512538933,1.25921049393648,4.34210515150509,0.00714560106977228,0.0461184370282211,0.156971346712927,0.188415355268031,0.180447623859757,0.833938211202621,15.5172413793103,1,1,1000,TD3,NaN,mathworks_style_single_run,NaN,17-Jun-2026 15:06:03
247,0.785398163397448,0,0,-10,full_final,5,100001,1.24290489138208,3.14131374917026,34.6470359848269,0.588551047584964,0.837296606399333,3.92949172931851,1.5821,NaN,4.40706899124409e-08,0.802312708479777,-2.88041552618785e-08,-0.802312708479777,1.20737460673078e-07,1.32275046941835e-07,9.64393134122746e-08,4.33296724722254e-07,4,0.0103325435078252,5.97947475381434,0.00264499042429433,0.278236994008606,5.97947475381434,1.25840274446253,0.251680548892506,0.00398409026457173,0.0235069537900744,0.0282279657948345,2.15897410456505e-07,2.15895577572348e-07,1.08778476715088e-06,61.5,0,0,3.14251235299917,TD3,NaN,mathworks_style_single_run,NaN,17-Jun-2026 15:06:26
248,0.785398163397448,0,0,0,full_final,5,100001,1.00525631721537,0.109626157529119,5.81310052193694,0.0731084652618297,0.00546330735476189,3.97834625019762,1.0307,NaN,1.29282436990173e-08,0.802312430195907,8.09505490119741e-09,-0.802312430195907,6.02979848274288e-08,3.05809394064275e-08,3.04500397218194e-08,1.5683900667085e-07,10.5,0.000294044898184018,0.230997460061978,7.14458449560328e-05,0.00751567073830716,0.230997460061978,0.035993807344212,0.00719876146884241,0.00031258118368813,0.00303301959220878,0.00790672098518887,1.69166312387193e-07,1.69165906276184e-07,9.23871994018555e-07,49,0,0,2.13542901838013,TD3,NaN,mathworks_style_single_run,NaN,17-Jun-2026 15:06:17
249,0.785398163397448,0,0,10,full_final,5,100001,1.23948733540384,0.304716431040906,27.7680717190226,0.0822648834652911,0.0138091680580956,4.33047313982415,0.6479,NaN,1.55445662670484e-08,0.802312407700277,5.5956082202192e-09,-0.802312407700277,6.26232741218757e-08,4.0456976778621e-08,3.99946547671356e-08,1.77032768888807e-07,12.5,0.00419274965437638,3.13630772980527,0.00135702072971576,0.142750372619674,3.13630772980527,0.634110873657878,0.126822174731576,0.00139995524695667,0.0224894208001626,0.0167329330779554,2.03992466729029e-07,2.03957425313603e-07,1.10268592834473e-06,44.5,0,0,2.33004265844802,TD3,NaN,mathworks_style_single_run,NaN,17-Jun-2026 15:06:25
250,0.785398163397448,0,5,-10,full_final,5,100001,1.24139276281828,3.14130735538715,36.9798756666302,0.545164348225076,0.763930132849511,3.95101300674938,1.54305,NaN,3.87833855750585e-08,0.802312670052334,-1.93115634181306e-08,-0.802312670052334,1.31284986192734e-07,1.2932356707558e-07,9.21879969990189e-08,3.18415299460639e-07,3,0.0119207364520194,7.06361582866974,0.00319775388964929,0.336384367089997,7.06361582866974,1.5083420049118,0.301668400982359,0.0029379803068401,0.0208681992135374,0.0242403808008047,1.90422312962338e-07,1.90417637219458e-07,1.08778476715088e-06,55,0,0,3.06645020533713,TD3,NaN,mathworks_style_single_run,NaN,17-Jun-2026 15:06:16
251,0.785398163397448,0,5,0,full_final,5,100001,1.4664063395036,0.263003818792116,18.2308524937981,0.113649456879239,0.016108264562033,4.16830763875747,1.13345,NaN,1.57160855781956e-08,0.802312480258814,5.64221027396866e-09,-0.802312480258814,4.64890304030519e-08,4.45412192423898e-08,4.15973880937877e-08,1.83226436689665e-07,7.5,0.00216752007510997,1.8315674807742,0.000763542349478946,0.080320036763072,1.8315674807742,0.362574976377539,0.0725149952755078,0.00167888962181114,0.0213319225718479,0.0183242441689208,1.81082290850459e-07,1.81056779089195e-07,1.01327896118164e-06,49,0,0,2.31169752310121,TD3,NaN,mathworks_style_single_run,NaN,17-Jun-2026 15:06:26
252,0.785398163397448,0,5,10,full_final,5,100001,1.08773535032812,0.155922797542192,18.0548462210942,0.0658774514246301,0.00667974426216741,4.11055811679179,0.69675,NaN,1.40753338610115e-08,0.802312465118538,-2.32366195788974e-09,-0.802312465118538,3.65794186052426e-08,1.98854762984532e-08,1.87923708754133e-08,8.22250623144782e-08,10.5,0.00308860970024897,2.67137142604849,0.00117228332283773,0.123317114828428,2.67137142604849,0.558222858812363,0.111644571762473,0.0014359326034626,0.0261176165700531,0.0169465784361481,1.67354256318095e-07,1.67349510781214e-07,9.23871994018555e-07,55.5,0,0,2.18729524724155,TD3,NaN,mathworks_style_single_run,NaN,17-Jun-2026 15:06:16
253,0.785398163397448,0.349065850398866,-5,-10,full_final,5,100001,1.3824482473594,0.349065850398866,11.3728402543017,0.137998047122302,0.0234853464011491,4.15859066736159,1.18665,NaN,1.94914780175384e-08,0.802312444286291,1.69617256088299e-08,-0.802312444286291,6.46128963666115e-08,4.69753497132752e-08,4.34770619718953e-08,1.94139732290211e-07,4.5,0.00276519131379234,2.53781926752302,0.00110393253053919,0.116127024908791,2.53781926752302,0.522562400029233,0.104512480005847,0.00223763437630253,0.0317901554230764,0.0211548310146998,2.05021503755039e-07,2.05017160970227e-07,1.37090682983398e-06,52.5,0,0,2.35562629751013,TD3,NaN,mathworks_style_single_run,NaN,17-Jun-2026 15:06:38
254,0.785398163397448,0.349065850398866,-5,0,full_final,5,100001,1.35960143422506,0.350535930083511,25.9763092108698,0.0819287041251615,0.0137474453923773,4.464810782622,0.6496,NaN,1.92360483489878e-08,0.802312442341451,1.48091858167171e-08,-0.802312442341451,5.30043777757783e-08,4.94641246119718e-08,4.73089409510604e-08,1.84495347443914e-07,4.5,0.00326070529981142,2.53784624319998,0.00102642670728907,0.107973881108648,2.53784624319998,0.491475678514998,0.0982951357029997,0.000941535773777207,0.0186168458671291,0.0137225054110188,1.83162823561894e-07,1.83146484465459e-07,1.04308128356934e-06,51,0,0,2.39646024555229,TD3,NaN,mathworks_style_single_run,NaN,17-Jun-2026 15:06:30
255,0.785398163397448,0.349065850398866,-5,10,full_final,0.26,5201,1.58573619677205,3.14125727811354,33.2963634924412,0.428058463275629,0.858628297337353,0.279115313046777,NaN,NaN,1.64615411338956,1.07354197810337,-0.108360645112155,1.07354197810337,3.14125727811354,1.81709349299522,1.81385962325546,6.28157663683378,1.92307692307692,0.00656987726910967,3.63183260577774,0.00160816773864802,0.169169518858437,3.63183260577774,0.772813373901652,2.97235913039097,0.00286634871154123,0.01877563698723,0.104997229112546,0.161646748793604,0.149874679148478,0.693556576967239,15.3846153846154,1,1,1000,TD3,NaN,mathworks_style_single_run,NaN,17-Jun-2026 15:06:25
256,0.785398163397448,0.349065850398866,0,-10,full_final,5,100001,1.27546668009767,3.14114193813892,34.7096354039136,0.600488815985768,0.839961521098673,3.99486361903405,1.642,NaN,4.40910618552679e-08,0.8023127507981,-3.76403832348204e-08,-0.8023127507981,9.13689672581289e-08,1.48485022930479e-07,1.3035894666931e-07,7.62291048062025e-07,2,0.017492866441164,10.4961184006381,0.00464718818431084,0.488856087764454,10.4961184006381,2.21539398398595,0.44307879679719,0.0127043007073628,0.0815813186849819,0.050406945369389,1.91290530690946e-07,1.91152513400949e-07,1.02818012237549e-06,55.5,0,0,3.2001459290438,TD3,NaN,mathworks_style_single_run,NaN,17-Jun-2026 15:06:23
257,0.785398163397448,0.349065850398866,0,0,full_final,5,100001,1.01201708718396,0.349797802631532,7.70801957584035,0.0640560540652198,0.00800025134836473,3.99985334233036,0.73675,NaN,1.33589992476139e-08,0.802312457528346,-2.21708826440278e-09,-0.802312457528346,3.3310075142623e-08,2.0021259543244e-08,1.89523199458212e-08,8.72124448214606e-08,12,0.00105135169603116,1.09165270381135,0.000439331148260553,0.0462149794356924,1.09165270381135,0.211760590805624,0.0423521181611249,0.00142492344806184,0.0179290415987807,0.0168814895554974,1.65151540475371e-07,1.6514827913711e-07,1.19209289550781e-06,53,0,0,2.12822563848561,TD3,NaN,mathworks_style_single_run,NaN,17-Jun-2026 15:06:34
258,0.785398163397448,0.349065850398866,0,10,full_final,5,100001,1.05998590308442,3.14104886967117,32.5443737969386,0.584682004807238,0.975783860953037,4.0550018397713,1.12315,NaN,1.58056028543823e-08,0.802312428632203,1.40727345493692e-08,-0.802312428632203,5.43965314785258e-08,4.32838452214864e-08,4.02463964718655e-08,1.81182689296122e-07,2.5,0.0102617313654956,6.18555219084541,0.00275372728012547,0.289675453530621,6.18555219084541,1.3176150249746,0.26352300499492,0.00922738329036,0.0586456262388693,0.042959011372144,1.85482229254061e-07,1.85476880787664e-07,1.2516975402832e-06,46.5,0,0,3.19806362865189,TD3,NaN,mathworks_style_single_run,NaN,17-Jun-2026 15:06:25
259,0.785398163397448,0.349065850398866,5,-10,full_final,5,100001,1.25726284874746,3.14100242452151,36.7469626409185,0.554701271299175,0.771440098391943,3.97256001576268,1.57555,NaN,3.96423878096241e-08,0.802312705758739,-2.52952982785759e-08,-0.802312705758739,1.23837190923334e-07,1.32745911268606e-07,9.64396305224478e-08,3.98435140880338e-07,4,0.0111897687608761,6.44646909989736,0.0029135049910928,0.306483102284582,6.44646909989736,1.37395211131201,0.274790422262401,0.00196134731279414,0.0113206063943438,0.0198057936614221,1.75873780751213e-07,1.7587071824578e-07,9.23871994018555e-07,51,0,0,3.09617144774379,TD3,NaN,mathworks_style_single_run,NaN,17-Jun-2026 15:06:34
260,0.785398163397448,0.349065850398866,5,0,full_final,5,100001,1.00275156876968,0.34948612709466,5.77462188281387,0.112130997887145,0.0149233750026113,3.98567960967591,1.1358,NaN,1.87512993020322e-08,0.802312486930185,4.67667502506374e-09,-0.802312486930185,4.53543012035595e-08,3.96537708211528e-08,3.63882326024905e-08,1.59399203614186e-07,7,0.000917605012834172,0.811781454056686,0.000333152337924142,0.0350456108269969,0.811781454056686,0.159483545003525,0.031896709000705,0.00214743061217076,0.0180340196593882,0.0207240469608171,1.84410060026199e-07,1.84398376785452e-07,1.02818012237549e-06,51,0,0,2.21735046070475,TD3,NaN,mathworks_style_single_run,NaN,17-Jun-2026 15:06:25
261,0.785398163397448,0.349065850398866,5,10,full_final,5,100001,1.09915195952761,3.14153693514618,31.8286829101741,0.636766379336683,1.03849029750458,4.01981995462247,1.08195,NaN,1.56733658168874e-08,0.802312480523705,1.23850431184618e-08,-0.802312480523705,4.87494770988608e-08,5.91777630403421e-08,5.2095119429799e-08,2.47902089967056e-07,4.5,0.0108490973102695,7.29145772018583,0.00323460663848333,0.340261053357873,7.29145772018583,1.54774129883839,0.309548259767678,0.00941185852385181,0.0750598584867921,0.0433863078029274,1.86557118861293e-07,1.86542962678745e-07,9.68575477600098e-07,45,0,0,3.28470793971554,TD3,NaN,mathworks_style_single_run,NaN,17-Jun-2026 15:06:33
262,0.785398163397448,0.785398163397448,-5,-10,full_final,5,100001,0.934446036717429,0.785398163397448,10,0.11591587416558,0.0261322370985478,3.78875672692377,1.11565,NaN,2.07552107305872e-08,0.802312404821693,1.39982241158762e-08,-0.802312404821693,6.41188644401325e-08,4.40169360029508e-08,4.30344653791434e-08,1.70883375893993e-07,6.5,0.000185024167690575,0.112561634117822,4.22750055982923e-05,0.00444707488213463,0.112561634117822,0.017703008792902,0.0035406017585804,2.78240137467019e-05,0.000280020589752301,0.00235898341438434,1.80137291824348e-07,1.80134301803879e-07,1.19209289550781e-06,46,0,0,2.12621785739352,TD3,NaN,mathworks_style_single_run,NaN,17-Jun-2026 15:06:24
263,0.785398163397448,0.785398163397448,-5,0,full_final,5,100001,1.13836395211689,3.14133354929791,29.4029510700362,0.708193188987219,1.17905052573928,3.99689928211702,1.05005,NaN,1.6022333507874e-08,0.802312513880977,1.04423559757773e-08,-0.802312513880977,3.90077656613333e-08,7.66726529933073e-08,6.58912417533236e-08,2.74531013033652e-07,0.5,0.0059022162468978,3.46842435001816,0.00150835535407829,0.158669859732101,3.46842435001816,0.726330395695315,0.145266079139063,0.00446142041370579,0.0270727374190449,0.0298711245643876,1.68262723671145e-07,1.68247028218537e-07,1.11758708953857e-06,49.5,0,0,3.41543351209523,TD3,NaN,mathworks_style_single_run,NaN,17-Jun-2026 15:06:36
264,0.785398163397448,0.785398163397448,-5,10,full_final,5,100001,1.07308281016405,3.14097585964095,32.3876353909165,0.552835770426742,0.950908618872746,4.05808003564154,1.09875,NaN,1.79254906848789e-08,0.802312426062974,1.40357221232041e-08,-0.802312426062974,5.27828018841295e-08,4.75488446758259e-08,4.51101403350072e-08,1.70407294497466e-07,4.5,0.0110222079365047,7.05441109376357,0.0031718219369183,0.333656482516057,7.05441109376357,1.50635120384851,0.301270240769702,0.00923272780735398,0.067292898617096,0.0429714505395245,1.99665711953812e-07,1.99622546369378e-07,1.07288360595703e-06,54.5,0,0,3.13595263607251,TD3,NaN,mathworks_style_single_run,NaN,17-Jun-2026 15:06:27
265,0.785398163397448,0.785398163397448,0,-10,full_final,0.18,3601,1.57554105286584,0.785398163397448,10,0.0751638589464668,0.0343316213098387,0.209407576576657,NaN,NaN,0.417612254602639,1.16338017249133,0.417612254602639,1.16338017249133,0.785398163397448,0.436779944579641,0.127971578065971,0.482118164170492,2.77777777777778,0.000273445838999445,0.20055535402603,9.43545096272315e-05,0.00992552369517229,0.20055535402603,0.0411734823888042,0.22874156882669,5.06544327208962e-05,0.0011699421095463,0.016775384201743,0.0435081999217337,0.041199900832612,0.196087438613176,2.77777777777778,1,1,1000,TD3,NaN,mathworks_style_single_run,NaN,17-Jun-2026 15:06:13
266,0.785398163397448,0.785398163397448,0,0,full_final,5,100001,1.14695443923047,3.14147076561677,29.4815488472615,0.72061728901503,1.17197078878984,3.97056903862448,1.07785,NaN,2.46734003615064e-08,0.802312487958386,1.2810425787346e-08,-0.802312487958386,5.64632826931391e-08,9.1846526782451e-08,7.86393077635645e-08,3.02266018437081e-07,2.5,0.0076314863306069,5.22666504426447,0.00227538195086894,0.239356418237365,5.22666504426447,1.09520776989315,0.219041553978629,0.0046615665652968,0.0434692017728018,0.030533806069001,1.68495631526898e-07,1.68482844722812e-07,1.07288360595703e-06,54,0,0,3.42721356797834,TD3,NaN,mathworks_style_single_run,NaN,17-Jun-2026 15:06:21
267,0.785398163397448,0.785398163397448,0,10,full_final,5,100001,1.09672832802123,3.14156074883048,31.6027466138703,0.609124478788169,1.03620153831171,4.06918899632108,1.01975,NaN,1.43365857100002e-08,0.802312457829476,9.51094273635994e-09,-0.802312457829476,5.34929564859202e-08,4.54717757327079e-08,4.19326528080707e-08,2.04821374971687e-07,3.5,0.00762474205277376,4.41626609771198,0.00194801760062373,0.204919668704667,4.41626609771198,0.935785884822619,0.187157176964524,0.00721857078088124,0.0420672612041565,0.0379962387109073,1.6083421316375e-07,1.60806873285712e-07,7.74860382080078e-07,53,0,0,3.25376066877152,TD3,NaN,mathworks_style_single_run,NaN,17-Jun-2026 15:06:30
268,0.785398163397448,0.785398163397448,5,-10,full_final,5,100001,1.28824922355996,3.14156150212262,35.4367277378172,0.607683938443205,0.828144524311321,4.02189868654998,1.65515,NaN,6.06516447694309e-08,0.802312784983007,-4.7280606590363e-08,-0.802312784983007,1.21568539878533e-07,1.60991979183703e-07,1.46126572124397e-07,8.63437250586685e-07,2,0.0115245290214218,6.83986275939608,0.00304792356728498,0.320623123448785,6.83986275939608,1.44486130104064,0.288972260208129,0.00356291494300565,0.0245570709328484,0.026694250103742,1.91382908110644e-07,1.91276681723382e-07,1.20699405670166e-06,58.5,0,0,3.22698012488802,TD3,NaN,mathworks_style_single_run,NaN,17-Jun-2026 15:06:32
269,0.785398163397448,0.785398163397448,5,0,full_final,5,100001,1.11112156488845,3.14088150677886,31.4779107429061,0.657056508452482,1.04432274522792,3.9069609745829,1.10205,NaN,2.50838806728891e-08,0.802312471320391,1.8364793799503e-08,-0.802312471320391,6.29404597101005e-08,7.8797336007145e-08,6.96018187113765e-08,2.97633857115898e-07,4.5,0.0125291931251062,8.1255016261963,0.00359527761235256,0.37820145823564,8.1255016261963,1.72230707027729,0.344461414055457,0.00471735800426025,0.045345709827256,0.0307159828241268,1.8352735103502e-07,1.83515611597963e-07,1.11758708953857e-06,55.5,0,0,3.26842558413798,TD3,NaN,mathworks_style_single_run,NaN,17-Jun-2026 15:06:32
270,0.785398163397448,0.785398163397448,5,10,full_final,5,100001,1.1179530999805,3.14114557015004,30.2931742221351,0.655616419888064,1.11698210588755,4.05113033505391,1.01795,NaN,1.82681561094186e-08,0.802312479894653,1.28190914564461e-08,-0.802312479894653,4.24494845712023e-08,5.36663905663898e-08,4.83208024963692e-08,1.95343846876028e-07,4.5,0.00867813940869933,5.6607977576976,0.00250227599148834,0.263224298907389,5.6607977576976,1.19988408765246,0.239976817530492,0.00800607076946252,0.0593587567978398,0.0400151740455106,2.03819100460351e-07,2.03794169632063e-07,1.2516975402832e-06,50.5,0,0,3.33784941958972,TD3,NaN,mathworks_style_single_run,NaN,17-Jun-2026 15:06:31
271,0.785398163397448,1.5707963267949,-5,-10,full_final,5,100001,1.14341429686222,3.14127258779492,28.0894165128591,0.891478187841389,1.44923605917906,3.98597348260449,1.18675,NaN,1.50179974152009e-08,0.802312512296391,9.70277179856624e-09,-0.802312512296391,4.39362161979009e-08,8.47282401507031e-08,7.17774672269948e-08,2.90043542960916e-07,0.5,0.0164148898165409,10.7846942545559,0.00483335110942591,0.508439301451773,10.7846942545559,2.31313800747209,0.462627601494418,0.00529539938354531,0.0570958548538095,0.032543507443253,1.87328281832645e-07,1.87319832020701e-07,1.08778476715088e-06,53.5,0,0,3.77695651207535,TD3,NaN,mathworks_style_single_run,NaN,17-Jun-2026 15:06:31
272,0.785398163397448,1.5707963267949,-5,0,full_final,5,100001,1.16335682485563,3.14130441490886,30.3557614464243,1.47369332846768,2.56990545124101,3.69512277851973,2.09355,NaN,1.62660629294432e-07,0.802311965066646,-1.44866857754464e-07,-0.802311965066646,2.91512892491852e-07,2.29467649557281e-06,1.89987287223938e-06,5.72071355664505e-06,0.5,0.0138865002362253,8.00474549954616,0.00336860001100698,0.354356345668058,8.00474549954616,1.63630337797706,0.327260675595413,0.00740233805016508,0.0427598944385719,0.038476845115381,2.28771162498004e-07,2.23890793829223e-07,1.22189521789551e-06,53,0,0,4.79602985077839,TD3,NaN,mathworks_style_single_run,NaN,17-Jun-2026 15:06:33
273,0.785398163397448,1.5707963267949,-5,10,full_final,5,100001,0.987681599423684,3.14158651353727,27.4656991957768,0.605950660102066,1.13219867304223,3.85718827596803,0.9835,NaN,2.19959835895369e-08,0.802312400426357,5.76374656609877e-09,-0.802312400426357,7.12811576202146e-08,3.6537281060089e-08,3.65341110552832e-08,1.71802960302614e-07,8,0.00720674079448921,4.51202788394028,0.00197217698853389,0.207461090181084,4.51202788394028,0.9481755662103,0.18963511324206,0.00430487172105274,0.0320149648395501,0.029342364325503,1.80770895632835e-07,1.80758110626163e-07,1.23679637908936e-06,44.5,0,0,3.14112395938457,TD3,NaN,mathworks_style_single_run,NaN,17-Jun-2026 15:06:34
274,0.785398163397448,1.5707963267949,0,-10,full_final,5,100001,1.16502499519132,3.14147085063911,28.9419037725748,0.882470886862519,1.40028354551228,4.02762058509788,1.19035,NaN,2.08645262720075e-08,0.802312575580206,8.00502585677861e-09,-0.802312575580206,5.48204986079579e-08,1.32933861227147e-07,1.09718725901232e-07,4.25908616819015e-07,2.5,0.0123882477524827,8.22639305268523,0.0036112312006563,0.379879679227486,8.22639305268523,1.73814730496438,0.347629460992876,0.00708318271862692,0.0626143794044062,0.0376382324734489,1.97235883760943e-07,1.97184033739213e-07,9.5367431640625e-07,54.5,0,0,3.77982219905893,TD3,NaN,mathworks_style_single_run,NaN,17-Jun-2026 15:06:34
275,0.785398163397448,1.5707963267949,0,0,full_final,5,100001,1.16434581807887,3.14128486722978,30.3426485019697,1.47331431340338,2.56805303953415,3.69981647988486,2.09335,NaN,1.68710225921207e-07,0.802311931678764,-1.51993152375986e-07,-0.802311931678764,3.07722945791511e-07,2.29368560983122e-06,1.89997262740181e-06,5.71572608176752e-06,0.5,0.0149719685172803,8.725695801165,0.00367010327350044,0.386072665193998,8.725695801165,1.78730356091331,0.357460712182662,0.00752953838149062,0.0454069797816316,0.0388060262884275,2.24791382760963e-07,2.20165086622248e-07,1.31130218505859e-06,50,0,0,4.79766174373394,TD3,NaN,mathworks_style_single_run,NaN,17-Jun-2026 15:06:35
276,0.785398163397448,1.5707963267949,0,10,full_final,5,100001,1.01299253119375,3.14101773426775,28.0380617894899,0.603359967604724,1.11909169071225,3.8790634869323,0.9798,NaN,1.14679683480789e-08,0.802312429885691,5.25726418761291e-09,-0.802312429885691,3.7905137450375e-08,3.42941423560307e-08,3.42938878396511e-08,1.74175845302216e-07,11.5,0.0063851528845057,3.6780347677079,0.00155898584403922,0.163995881029764,3.6780347677079,0.75898064116013,0.151796128232026,0.00532316000695837,0.0306651357647327,0.0326286990453447,1.85040973406058e-07,1.85026701224981e-07,9.83476638793945e-07,52,0,0,3.14694031214575,TD3,NaN,mathworks_style_single_run,NaN,17-Jun-2026 15:06:31
277,0.785398163397448,1.5707963267949,5,-10,full_final,5,100001,1.15816510521709,3.14111439970387,29.3621751749606,0.869940739430867,1.36631722163184,4.02407378729707,1.19375,NaN,2.57800173551783e-08,0.80231257837251,1.18155239506572e-09,-0.80231257837251,7.45958959276347e-08,1.39520876275046e-07,1.12407787836968e-07,4.44151821987759e-07,5.5,0.00830760659480594,4.78530322733769,0.00209301732531913,0.220172762689721,4.78530322733769,1.00761717920023,0.201523435840047,0.00421877959432657,0.0243026070379148,0.0290474769793405,1.88948880158813e-07,1.88864857281382e-07,1.01327896118164e-06,54.5,0,0,3.75255044078206,TD3,NaN,mathworks_style_single_run,NaN,17-Jun-2026 15:06:22
278,0.785398163397448,1.5707963267949,5,0,full_final,5,100001,1.16723779171549,3.14127303685061,30.3538852141542,1.46914370911623,2.55697406137048,3.70500276639565,2.09205,NaN,1.63087138513735e-07,0.802311929955479,-1.43688087697309e-07,-0.802311929955479,2.89317561907865e-07,2.2859068405292e-06,1.89402185265261e-06,5.71137048188675e-06,0.5,0.0168992496624977,9.77379575979859,0.00418411283425653,0.440143361920475,9.77379575979859,2.02532009244512,0.405064018489024,0.00705697591522542,0.0414447403557031,0.0375685398045371,2.36560275487544e-07,2.31768471880553e-07,1.40070915222168e-06,55,0,0,4.79191761863582,TD3,NaN,mathworks_style_single_run,NaN,17-Jun-2026 15:06:30
279,0.785398163397448,1.5707963267949,5,10,full_final,5,100001,1.02373214487026,3.14140661661189,28.18187629103,0.601201923408877,1.11050876067748,3.89311733075569,0.9848,NaN,1.95689007281675e-08,0.802312403296737,5.66943815193926e-09,-0.802312403296737,6.29186877924984e-08,3.32873498040128e-08,3.32324131840391e-08,1.43364419891157e-07,12,0.00810474308735862,5.33346123795652,0.00232538134663293,0.244616052242781,5.33346123795652,1.11986891979973,0.223973783959947,0.00680490185948317,0.0524988191033808,0.0368914674673783,1.96140666429565e-07,1.96137514064714e-07,9.98377799987793e-07,44,0,0,3.14987624648767,TD3,NaN,mathworks_style_single_run,NaN,17-Jun-2026 15:06:45
280,0.785398163397448,2.35619449019234,-5,-10,full_final,5,100001,1.33941036943962,3.14120170427935,28.7338306158445,1.02099146834358,1.69485894248034,4.0321906968743,1.2746,NaN,2.15300287182918e-08,0.802312531625702,1.10161199430659e-08,-0.802312531625702,7.56882447598831e-08,1.06689962616723e-07,8.93640811314155e-08,4.14346935428966e-07,1.5,0.0202194548458042,13.0728442088855,0.00576315012640701,0.606248534007316,13.0728442088855,2.76561514201475,0.553123028402949,0.0156475914233214,0.118658890952392,0.0559420976069389,1.86041234354457e-07,1.86032002271553e-07,1.07288360595703e-06,55,0,0,4.06022016832108,TD3,NaN,mathworks_style_single_run,NaN,17-Jun-2026 15:06:45
281,0.785398163397448,2.35619449019234,-5,0,full_final,0.115,2301,1.59566108303368,2.3570047353998,13.9695949507845,0.2443400084273,0.522510265738034,0.124822141946402,NaN,NaN,2.12468875465489,1.0854556143204,2.12468875465489,1.0854556143204,2.3570047353998,2.13156091692896,0.171025256678967,0.495887395799443,4.34782608695652,0.0165481208077448,9.69025415934571,0.00422103556260511,0.444027409610005,9.69025415934571,2.04114940177049,17.7491252327868,0.0165120359173399,0.0982087681090071,0.378923370908086,0.3744302189888,0.348483074071212,1.36621335148811,39.1304347826087,1,1,1000,TD3,NaN,mathworks_style_single_run,NaN,17-Jun-2026 15:06:33
282,0.785398163397448,2.35619449019234,-5,10,full_final,5,100001,1.45453611491436,3.14157844404627,23.9811470434224,1.29405870079527,2.50372360483048,3.69481208554652,1.4564,NaN,2.21541301287555e-08,0.802312625967268,-5.23837073002147e-09,-0.802312625967268,6.45015365563495e-08,7.83897987451403e-08,5.76888634082521e-08,2.31812284035016e-07,4,0.0177142033623621,10.2036897562927,0.00433058582669316,0.455551434760627,10.2036897562927,2.10258609336375,0.420517218672749,0.0128782434484986,0.0741848546548031,0.0507508491524991,1.84287214852957e-07,1.84287080648921e-07,9.83476638793945e-07,54.5,0,0,4.4372450928816,TD3,NaN,mathworks_style_single_run,NaN,17-Jun-2026 15:06:31
283,0.785398163397448,2.35619449019234,0,-10,full_final,0.145,2901,1.57302701093703,2.35619449019234,13.9934529174992,0.245131345109877,0.429109862911334,0.16975795457289,NaN,NaN,1.69060884399527,1.17074743331436,1.69060884399527,1.17074743331436,2.35619449019234,1.72035098146029,0.318510966869816,1.05368051492433,3.44827586206897,0.0113140272511169,7.59331461562214,0.00330640045623675,0.347813328729704,7.59331461562214,1.59864805530501,11.0251590021035,0.0144754772308354,0.1090190389922,0.315960246635613,0.301772143201651,0.299582443540829,1.52287465333939,24.1379310344828,1,1,1000,TD3,NaN,mathworks_style_single_run,NaN,17-Jun-2026 15:06:26
284,0.785398163397448,2.35619449019234,0,0,full_final,0.095,1901,1.60286736282387,2.35760248772847,14.633315822793,0.210126650880732,0.465897331488745,0.108188218584372,NaN,NaN,2.21185194994062,1.13885244842217,2.21185194994062,1.13885244842217,2.35760248772847,2.21453295820802,0.108936561968218,0.318718532987622,5.26315789473684,0.0136299621455989,8.01831584925301,0.00345677332350095,0.363631644812723,8.01831584925301,1.67105922581517,17.5900971138439,0.0170458593005073,0.102162794477008,0.423591900182329,0.375591372030884,0.354829211216747,1.36544197797775,42.1052631578947,1,1,1000,TD3,NaN,mathworks_style_single_run,NaN,17-Jun-2026 15:06:34
285,0.785398163397448,2.35619449019234,0,10,full_final,5,100001,1.17736244272819,3.14135229490852,30.6766833446209,1.20619947400365,2.05614315017693,3.69671479897806,1.9567,NaN,1.4781835287956e-07,0.80231250905942,-1.4781835287956e-07,-0.80231250905942,2.71712746524599e-07,1.33586425500026e-06,1.19964010241907e-06,4.48429835042674e-06,0.5,0.0146950555248976,8.58009321817583,0.00357078026047373,0.375624484993946,8.58009321817583,1.74361787733515,0.348723575467031,0.00782729702510166,0.0474000555812916,0.0395658868852998,2.01894039404051e-07,1.96966508036088e-07,1.14738941192627e-06,54.5,0,0,4.26190047015567,TD3,NaN,mathworks_style_single_run,NaN,17-Jun-2026 15:06:34
286,0.785398163397448,2.35619449019234,5,-10,full_final,0.115,2301,1.59960354092725,2.35619449019234,11.3499506549443,0.214359402011506,0.406572660850278,0.135568089371675,NaN,NaN,1.86402865879983,1.17885888234927,1.86402865879983,1.17885888234927,2.35619449019234,1.88031683874236,0.246958646803404,0.828581643776854,4.34782608695652,0.00633829396893281,4.05957186459654,0.00168537780807267,0.177291551145054,4.05957186459654,0.829784435234421,7.2155168281254,0.00854703065988921,0.0573473949514143,0.27262062603216,0.242351290879082,0.227890651640845,0.908868402242661,30.4347826086957,1,1,1000,TD3,NaN,mathworks_style_single_run,NaN,17-Jun-2026 15:06:35
287,0.785398163397448,2.35619449019234,5,0,full_final,0.08,1601,1.6006459676303,2.35748627492037,14.6947709898798,0.181553885640978,0.412322984915939,0.0940066766198961,NaN,NaN,2.26942049481809,1.17509466237566,2.26942049481809,1.17509466237566,2.35748627492037,2.27024806429534,0.0612934836372974,0.184681996727855,6.25,0.00972505645024967,5.96161905616181,0.00251575597012631,0.264642311124399,5.96161905616181,1.22656566736458,15.3320708420572,0.0142649540243254,0.092228811785404,0.422269967324303,0.354502979539228,0.34675969620889,1.14460855722427,43.75,1,1,1000,TD3,NaN,mathworks_style_single_run,NaN,17-Jun-2026 15:06:35
288,0.785398163397448,2.35619449019234,5,10,full_final,5,100001,0.960413468445786,3.14150780911001,25.6196289809638,0.54048519715855,0.950479487908819,3.67813015171516,1.48405,NaN,2.78082852471524e-08,0.80231260150508,-6.19232922772666e-10,-0.80231260150508,8.05397608834166e-08,1.0393947859447e-07,7.90252096575874e-08,2.67536892195608e-07,2.5,0.00907574233273312,6.03644136608288,0.00254938508846477,0.268179890962763,6.03644136608288,1.23900748903681,0.247801497807362,0.00629178477122989,0.0524169559308566,0.0354733273636119,1.85598331486597e-07,1.85581214712923e-07,9.38773155212402e-07,54.5,0,0,2.92092054602516,TD3,NaN,mathworks_style_single_run,NaN,17-Jun-2026 15:06:43
289,0.785398163397448,3.14159265358979,-5,-10,full_final,5,100001,1.35952878816999,3.14159265358979,29.4830274043764,1.13644468047339,2.0099565257154,4.08570744661754,1.31195,NaN,3.59649035027376e-08,0.802312668979068,-1.29105312020744e-08,-0.802312668979068,1.20343217414179e-07,1.50181855054702e-07,1.12058113915389e-07,4.14552622451936e-07,3.5,0.0143684140092492,8.46600188148603,0.00366145358598901,0.385162770386747,8.46600188148603,1.77459146021413,0.354918292042827,0.012065640871025,0.0732939996602839,0.0491236009897992,1.97468184535383e-07,1.97468128870535e-07,1.02818012237549e-06,57.5,0,0,4.3173171147154,TD3,NaN,mathworks_style_single_run,NaN,17-Jun-2026 15:06:38
290,0.785398163397448,3.14159265358979,-5,0,full_final,0.19,3801,1.60319886313735,3.14159265358979,25.3466213386577,0.413495014674288,0.953485795525664,0.14897024228748,NaN,NaN,2.1763219759885,0.784161837480364,-1.97136172294955,-0.582891222794669,3.14159265358979,2.24022403929089,1.06411310653809,6.28316458770842,5.26315789473684,0.00424202803794301,3.32099334048321,0.00118386398461906,0.124535330400427,3.32099334048321,0.618072586814026,3.25301361481067,0.00211577501278975,0.0297798452277542,0.105525627039366,0.172022806260931,0.151953405673193,0.832543507218361,18.4210526315789,1,1,1000,TD3,NaN,mathworks_style_single_run,NaN,17-Jun-2026 15:06:31
291,0.785398163397448,3.14159265358979,-5,10,full_final,5,100001,1.15675817582698,3.14159265358979,28.8707307107178,1.15294246792482,1.89194561071114,3.71607147784399,1.90955,NaN,1.24833545498171e-07,0.802312594307194,-1.24833545498171e-07,-0.802312594307194,3.23941641511283e-07,1.0393743225173e-06,9.58117504698364e-07,3.84816603293814e-06,0.5,0.0194393632820506,12.0183561766739,0.00507939139646353,0.534321251436011,12.0183561766739,2.47046835595479,0.494093671190958,0.0141704102936811,0.0980472218158636,0.0532360973281872,2.0191045377604e-07,1.97689189442735e-07,1.17719173431396e-06,50.5,0,0,4.16584977131976,TD3,NaN,mathworks_style_single_run,NaN,17-Jun-2026 15:06:45
292,0.785398163397448,3.14159265358979,0,-10,full_final,0.17,3401,1.58156277017032,3.14159265358979,14.8993705689618,0.376160457972421,0.87624761252982,0.188125489255379,NaN,NaN,2.21273951521536,1.10664312425003,2.21273951521536,1.10664312425003,3.14159265358979,2.27038794393023,0.508375111259625,1.64732170911655,2.94117647058824,0.00445299941238062,2.59085642468523,0.001034938769824,0.108869298600816,2.59085642468523,0.520832963120839,3.06372331247553,0.00524480285530729,0.0308371968418718,0.175646752038879,0.160558018855385,0.138897191523377,0.603631630539894,41.1764705882353,1,1,1000,TD3,NaN,mathworks_style_single_run,NaN,17-Jun-2026 15:06:32
293,0.785398163397448,3.14159265358979,0,0,full_final,5,100001,1.47274842595162,3.14159265358979,31.5545543404614,1.79945449010091,3.3607698262146,3.80711177700144,1.7528,NaN,1.59578944625858e-07,0.802312627725636,-1.59578944625858e-07,-0.802312627725636,3.93646553820806e-07,1.25627040117693e-06,1.15241319216476e-06,4.60882735620061e-06,0.5,0.0307942726332214,18.3478314025174,0.00783779587750098,0.824488718211815,18.3478314025174,3.80419944371769,0.760839888743539,0.0193047289657388,0.123401846158294,0.0621365093415115,2.19124998438401e-07,2.1463931915769e-07,1.53481960296631e-06,54.5,0,0,5.50518428099852,TD3,NaN,mathworks_style_single_run,NaN,17-Jun-2026 15:06:39
294,0.785398163397448,3.14159265358979,0,10,full_final,5,100001,1.39017887421801,3.14159265358979,28.5642076761031,0.495748735648708,0.723421328903019,4.01689876976593,1.41535,NaN,1.8058030822371e-08,0.802312568887004,6.27363004973112e-09,-0.802312568887004,6.4739629013891e-08,1.12559675773541e-07,9.03299169314213e-08,3.39305954000224e-07,1.5,0.0159188316808537,10.3264500102765,0.00431326009976236,0.45372887308481,10.3264500102765,2.10678003199243,0.421356006398486,0.0142217151090743,0.105061138270374,0.0533323824877049,1.87670003781909e-07,1.87665259464336e-07,9.68575477600098e-07,52,0,0,3.00180103856003,TD3,NaN,mathworks_style_single_run,NaN,17-Jun-2026 15:06:39
295,0.785398163397448,3.14159265358979,5,-10,full_final,0.16,3201,1.5777974822776,3.14159265358979,13.3060150952933,0.401698825661776,1.03374648286429,0.172266749335352,NaN,NaN,2.51061669835066,1.07669996392686,2.51061669835066,1.07669996392686,3.14159265358979,2.54184716563876,0.397228910615307,1.26810893730331,3.125,0.00979270892928545,5.89859687077241,0.00246436693711592,0.259236495686092,5.89859687077241,1.20761014012803,7.54756337580019,0.0172047514189866,0.105189514522406,0.32791720962564,0.250560672304926,0.242908254178735,1.00944116711617,43.75,1,1,1000,TD3,NaN,mathworks_style_single_run,NaN,17-Jun-2026 15:06:33
296,0.785398163397448,3.14159265358979,5,0,full_final,5,100001,1.09303964578393,3.14159265358979,26.8427214762032,1.2128702654591,2.07697519552179,3.72495271445823,1.91555,NaN,1.31226244133838e-07,0.802312616352082,-1.31226244133838e-07,-0.802312616352082,2.3650473934822e-07,1.06080570008936e-06,9.75996703294474e-07,3.82357405914746e-06,0.5,0.0203588177417309,12.6430402664048,0.0053737241683436,0.565283278721215,12.6430402664048,2.61479591355997,0.522959182711994,0.0126454586239376,0.0911650666172478,0.0502900758081306,2.06449793292064e-07,2.02531178917144e-07,1.14738941192627e-06,52.5,0,0,4.29002261347513,TD3,NaN,mathworks_style_single_run,NaN,17-Jun-2026 15:06:39
297,0.785398163397448,3.14159265358979,5,10,full_final,5,100001,1.04112577728765,3.14159265358979,30.5613330974676,0.400095632242845,0.647003088749317,3.91307357039299,0.9313,NaN,1.33546515665502e-08,0.802312429025795,6.32290643383549e-09,-0.802312429025795,5.3085640527181e-08,2.61240006076135e-08,2.58598419960147e-08,1.35587320926334e-07,10,0.0152012224244865,10.0704060917618,0.00438221535945776,0.460982549318377,10.0704060917618,2.12514725077091,0.425029450154183,0.0174728162303129,0.126933460991774,0.0591148310161044,1.8208003049347e-07,1.82073374661878e-07,1.23679637908936e-06,45.5,0,0,2.7589140853624,TD3,NaN,mathworks_style_single_run,NaN,17-Jun-2026 15:06:40
