Episode,EpisodeReward,EpisodeSteps,AverageReward,StepCount,EpisodeQ0
1,8.72672261225504,71,8.72672261225504,71,-0.0918796360492706
2,7.90845312170741,80,8.31758786698123,151,-0.0556191690266132
3,12.3073828721307,37,9.64751953536439,188,0.0134375616908073
4,12.0921219057006,41,10.2586701279484,229,-0.0597250387072563
5,4.89613789703474,66,9.18616368176571,295,-0.0799054503440857
6,3.18728065466373,72,8.18634984391538,367,-0.0252775456756353
7,20.725697543033,88,9.97768522950361,455,-0.0967232659459114
8,8.33457202982954,35,9.77229607954435,490,0.00254130735993385
9,14.7603296655952,77,10.32652203355,567,-0.0648729801177979
10,8.96447553927916,31,10.1903173841229,598,-0.0288320910185575
11,-0.0300624037712232,69,9.31463888252029,667,-0.0628610029816628
12,18.5058726502762,44,10.3743808353772,711,-0.0420799776911736
13,14.7650330021921,47,10.6201458483833,758,-0.106922030448914
14,35.4481309058277,117,12.955746748396,875,-0.0105079393833876
15,0.0302881200358955,77,12.4691617706961,952,-0.0498358681797981
16,9.94072786419392,33,13.1445064916491,985,0.0333632342517376
17,14.956803016515,88,12.5676170389973,1073,-0.016324644908309
18,10.481735483358,79,12.7823333843502,1152,-0.114503398537636
19,9.35180017306648,42,12.2414804350973,1194,-0.0809991136193275
20,-3.08178728954133,77,11.0368541522153,1271,0.0198113434016705
21,8.67922213335828,78,11.9077826059282,1349,-0.0685156881809235
22,9.75341072388361,40,11.032536413289,1389,-0.0484653934836388
23,17.0052546043268,44,11.2565585735024,1433,-0.0593820586800575
24,16.9154107138147,47,9.40328655430113,1480,-0.0964798629283905
25,0.528750531396526,73,9.45313279543719,1553,-0.0930624008178711
26,13.6549425006113,41,9.82455425907893,1594,-0.0156064387410879
27,3.76094202649375,35,8.70496816007681,1629,-0.0125757548958063
28,19.3668482891243,88,9.59347944065344,1717,-0.0351397171616554
29,-0.548065026406923,70,8.6034929207061,1787,-0.0397444739937782
30,13.0689734611485,36,10.2185689957751,1823,0.0271793566644192
31,3.28416318476097,71,9.67906310091535,1894,-0.0783965513110161
32,10.6248162465767,80,9.76620365318466,1974,-0.0639772191643715
33,16.3355896486779,39,9.69923715761977,2013,0.00950592756271362
34,17.8367630572133,46,9.79137239195963,2059,-0.0738264843821526
35,13.5591198096231,77,11.0944093197823,2136,-0.0298634525388479
36,3.60477565681488,76,10.0893926354026,2212,-0.0839454978704453
37,15.3590731065136,44,11.2492057434046,2256,-0.0439347214996815
38,13.5664744944731,81,10.6691683639395,2337,-0.0829142108559608
39,2.36229889357872,70,10.9602047559381,2407,-0.124673046171665
40,14.4045372729291,42,11.0937611371161,2449,-0.0853014439344406
41,11.8573372510108,34,11.9510785437411,2483,0.0529759973287582
42,5.50418662048747,36,11.4390155811322,2519,-0.0795735120773315
43,-0.418177754505819,76,9.76363884081384,2595,-0.0500853769481182
44,9.84365093382936,84,8.96432762847544,2679,-0.0127466004341841
45,24.9314546435321,50,10.1015611118663,2729,0.0224284082651138
46,12.1461432476173,43,10.9556978709466,2772,0.222995668649673
47,36.1399428740656,60,13.0337848477018,2832,0.270090401172638
48,1.5472827555996,67,11.8318656738144,2899,0.242650285363197
49,7.30512113991848,36,12.3261478984484,2935,0.18216598033905
50,4.02085135807934,74,11.2877793069634,3009,0.245464757084846
51,10.3187241153867,33,11.133917993401,3042,0.267144978046417
52,0.986540750781972,70,10.6821534064305,3112,0.162337452173233
53,21.4101913191278,45,12.8649903137938,3157,0.21381750702858
54,-16.0295854661765,63,10.2776666737933,3220,0.171474605798721
55,-14.8043052771097,64,6.30409068172908,3284,0.315131187438965
56,-12.1248196240681,63,3.87699439456053,3347,0.218934163451195
57,-9.81861915675863,61,-0.718861808521893,3408,0.1412183791399
58,-4.10197625315091,63,-1.28378770939694,3471,0.15999461710453
59,-4.84606293383974,75,-2.49890611677277,3546,0.656587541103363
60,13.7917476613042,37,-1.52181648645028,3583,0.744745075702667
61,11.8162238678817,43,-1.37206651120079,3626,0.566387951374054
62,1.31922572781923,72,-1.33879801349706,3698,0.768783450126648
63,14.9608216728131,49,-1.98373497812854,3747,0.598826289176941
64,-3.38905641673845,67,-0.719682073184735,3814,0.711838841438293
65,-12.563842533444,62,-0.495635798818163,3876,0.707612037658691
66,-8.51845187638843,64,-0.134999024050196,3940,0.533231973648071
67,-17.9468916082259,67,-0.947826269196919,4007,0.765876650810242
68,-7.99676604827161,63,-1.33730524870899,4070,0.679421782493591
69,-5.82556722967741,65,-1.43525567829276,4135,0.576224684715271
70,22.8618918368848,53,-0.528241260734694,4188,0.560693740844727
71,-5.79569183001561,74,-2.28943283052442,4262,0.547394037246704
72,-2.63492367415388,66,-2.68484777072173,4328,0.696540355682373
73,-0.701432412765392,66,-4.25107317927958,4394,0.928837060928345
74,-2.09179134806114,75,-4.12134667241185,4469,0.770890116691589
75,-2.96890600849543,74,-3.161853019917,4543,0.967740535736084
76,-4.87253917488574,72,-2.79726174976673,4615,0.876264333724976
77,0.562340538073818,78,-0.946338535136758,4693,0.868213474750519
78,-11.757002926974,69,-1.322362223007,4762,0.734959244728088
79,-14.1671004727638,64,-2.15651554731564,4826,0.960817098617554
80,-1.15136824985325,67,-4.55784155598944,4893,0.76795494556427
81,-14.5241575562341,62,-5.43068812861129,4955,0.940216779708862
82,2.07431668790358,73,-4.95976409240554,5028,0.91862940788269
83,-4.9370797050523,72,-5.38332882163423,5100,0.783705353736877
84,-15.2106981518428,62,-6.6952195020124,5162,0.840309798717499
85,2.01609596271714,72,-6.19671930489114,5234,0.725029349327087
86,-12.0058607069939,63,-6.91005145810196,5297,0.769804239273071
87,-6.06767053342259,65,-7.5730525652516,5362,0.903835296630859
88,-3.28673986461796,65,-6.72602625901599,5427,0.898394882678986
89,-10.2508614108395,66,-6.33440235282357,5493,0.988856792449951
90,-1.5426228119855,66,-6.37352780903679,5559,0.957212686538696
91,-13.3040215217183,65,-6.25151420558522,5624,1.01292061805725
92,3.05450478866662,83,-6.15349539550891,5707,0.940551280975342
93,-14.0727885797894,63,-7.06706628298262,5770,1.03414952754974
94,-17.91779992092,60,-7.33777645989035,5830,1.04881107807159
95,-12.9663501511089,66,-8.83602107127295,5896,0.931850075721741
96,-8.22142467219313,65,-8.45757746779287,5961,1.03848028182983
97,-9.66173206405067,61,-8.81698362085568,6022,0.915279626846313
98,-18.0468515641975,60,-10.2929947908136,6082,1.01533591747284
99,2.04155796782083,72,-9.0637528529476,6154,1.03041410446167
100,0.407632538694703,78,-8.86872731787958,6232,0.987049221992493
101,-7.41543213695908,70,-8.27986837940366,6302,1.07075905799866
102,2.38973875414593,80,-8.34634498285572,6382,1.11634302139282
103,-5.1430575816826,64,-7.45337188304504,6446,1.12500762939453
104,-7.91444072236968,61,-6.45303596319001,6507,1.17522287368774
105,-11.8594010462206,59,-6.34234105270118,6566,1.17445611953735
106,-2.26604360736507,66,-5.74680294621838,6632,1.04740607738495
107,-12.4656590117653,58,-6.02719564098984,6690,1.0855427980423
108,-2.52667790107275,74,-4.47517827467736,6764,1.11443185806274
109,-9.29824805770532,64,-5.60915887722998,6828,1.15489292144775
110,-2.53499723943081,67,-5.90342185504253,6895,1.14574122428894
111,-9.4039765893634,61,-6.10227630028296,6956,1.17001581192017
112,-9.21429930060945,68,-7.2626801057585,7024,1.08937168121338
113,-2.34787724832153,75,-6.98316207242239,7099,1.06632518768311
114,-5.49389720351107,64,-6.74110772053653,7163,1.17073965072632
115,-15.3390488248776,62,-7.08907249840224,7225,1.27530527114868
116,-9.42445194932805,60,-7.80491333259854,7285,1.25132417678833
117,-10.1695547422022,70,-7.57530290564222,7355,1.25126981735229
118,-6.60518480726752,62,-7.9831535962617,7417,1.16341948509216
119,-14.0721403642195,61,-8.46054282691312,7478,1.21530246734619
120,-9.5149849074888,60,-9.15854159371892,7538,1.27507543563843
121,-12.9930481178144,64,-9.51744874656402,7602,1.1772665977478
122,-14.0304391135096,62,-9.99906272785403,7664,1.2740044593811
123,-15.5136887743589,61,-11.3156438804578,7725,1.18955254554749
124,-6.62707211833885,63,-11.4289613719406,7788,1.23135209083557
125,-11.8108089379651,61,-11.0761373832493,7849,1.2475483417511
126,-7.40828923468433,62,-10.8745211117849,7911,1.26728546619415
127,-5.34413325791509,64,-10.3919789633562,7975,1.14350032806396
128,-10.5044507958792,73,-10.7819055622174,8048,1.37110328674316
129,-9.2052378695298,59,-10.2952153127484,8107,1.36031699180603
130,-13.0979656340013,65,-10.6535133853997,8172,1.25296795368195
131,-17.593637314961,62,-11.1135723051143,8234,1.38990712165833
132,-14.7373565284388,67,-11.1842640466072,8301,1.38410246372223
133,-5.56849032713507,65,-10.1897442018848,8366,1.38365173339844
134,-9.16235682014352,59,-10.4432726720653,8425,1.37025427818298
135,-11.7613450659372,65,-10.4383262848625,8490,1.34766829013824
136,-17.9769167431628,56,-11.4951890357104,8546,1.40279448032379
137,-11.6029219928299,66,-12.1210679092019,8612,1.36514472961426
138,-7.6088797831539,63,-11.8315108079293,8675,1.38779282569885
139,-15.3759779238069,63,-12.448584813357,8738,1.39752149581909
140,-8.53222311693272,61,-11.9920105616502,8799,1.28549480438232
141,-10.7723328223224,72,-11.3098801123863,8871,1.323486328125
142,-7.68858685218801,63,-10.6050031447612,8934,1.537269115448
143,-17.4003501225806,64,-11.7881891243058,8998,1.55675709247589
144,-12.1534065701254,57,-12.087294099304,9055,1.53468942642212
145,-18.7849843124758,59,-12.7896580239578,9114,1.56883943080902
146,-8.87997712216507,63,-11.8799640618581,9177,1.44795060157776
147,-10.1806264184232,62,-11.7377345044174,9239,1.56003308296204
148,-14.0040762947894,67,-12.377254155581,9306,1.59998619556427
149,-6.98283750400781,61,-11.537940113601,9367,1.44129729270935
150,-7.48282565767595,63,-11.4330003676754,9430,1.53390431404114
151,-17.4990473999054,61,-12.1056718254337,9491,1.54908442497253
152,-19.0064821478685,63,-13.2374613550017,9554,1.54720616340637
153,-10.8102239654108,70,-12.5784487392847,9624,1.44376504421234
154,-7.83617870484738,56,-12.1467259527569,9680,1.58422350883484
155,-16.2252267246011,60,-11.8907501939695,9740,1.5352988243103
156,-15.6532300386442,61,-12.5680754856174,9801,1.72531342506409
157,-8.67345005409525,60,-12.4173578491846,9861,1.67883431911469
158,-9.33386821784114,61,-11.9503370414898,9922,1.70545601844788
159,-9.76313079152022,76,-12.228366370241,9998,1.74867606163025
160,-13.7920856460221,64,-12.8592923690756,10062,1.72167491912842
161,-13.6831513312923,66,-12.4777027622143,10128,1.71866965293884
162,-15.2059391746956,61,-12.097648464897,10189,1.70363759994507
163,-13.9099291644055,59,-12.4076189847965,10248,1.69915080070496
164,-9.04432076321489,65,-12.5284331906332,10313,1.67614531517029
165,-17.752451002506,61,-12.6811556184237,10374,1.64511609077454
166,-15.7298019295944,60,-12.6888128075187,10434,1.6980664730072
167,-13.5542265660965,56,-13.1768904587189,10490,1.69155025482178
168,-7.29387679719303,62,-12.9728913166541,10552,1.68810939788818
169,-8.57509209065839,63,-12.8540874465679,10615,1.68686020374298
170,-4.37863102827087,62,-11.9127419847927,10677,1.91367101669312
171,-5.21094739924596,64,-11.0655215915881,10741,1.92850494384766
172,-5.36593775853983,65,-10.0815214499725,10806,1.93571162223816
173,-10.5414897857009,66,-9.74467751210207,10872,1.97159123420715
174,-12.0152105208697,68,-10.0417664878676,10940,1.96980690956116
175,-12.2090201252045,59,-9.4874234001374,10999,1.90733647346497
176,-10.7853542328547,66,-8.99297863046344,11065,1.96526861190796
177,-12.4836193976715,62,-8.88591791362093,11127,1.91500306129456
178,-9.18953139523646,61,-9.07548337342528,11188,1.90826296806335
179,-8.95236507849183,59,-9.11321067220862,11247,1.92611408233643
180,-16.4520194383851,63,-10.32054951322,11310,1.97352409362793
181,-17.6911087129522,66,-11.5685656445907,11376,1.97027111053467
182,-15.1143642612013,65,-12.5434082948568,11441,1.97798681259155
183,-16.5619330491113,61,-13.1454526211979,11502,2.18204283714294
184,-15.4538428756192,63,-13.4893158566728,11565,2.18210816383362
185,-17.4877052867775,54,-14.0171843728301,11619,2.19000434875488
186,-15.2314017069229,66,-14.4617891202369,11685,2.18382453918457
187,-21.3535153856993,60,-15.3487787190397,11745,2.19394016265869
188,-13.0673640019343,61,-15.7365619797095,11806,2.16368079185486
189,-18.6788504457637,60,-16.7092105164367,11866,2.17144155502319
190,-13.4962209366184,61,-16.41363066626,11927,2.17192697525024
191,-16.8070329769159,59,-16.3252230926564,11986,2.17498326301575
192,-15.0339557159043,68,-16.3171822381267,12054,2.18229198455811
193,-13.8731522229339,55,-16.0483041555089,12109,2.16013145446777
194,-12.6939716517287,63,-15.7723170331199,12172,2.17370510101318
195,-9.10622353318876,66,-14.934168857761,12238,2.14346194267273
196,-10.7655944341873,59,-14.4875881304875,12297,2.14247035980225
197,-10.9073955578802,57,-13.4429761477055,12354,2.41342329978943
198,-13.4160190912724,63,-13.4778416566394,12417,2.41590213775635
199,-8.36154973489124,60,-12.4461115855521,12477,2.40093159675598
200,-6.31665886871704,68,-11.728155378762,12545,2.38144087791443
201,-8.42976794289647,63,-10.89042887536,12608,2.40324068069458
202,-20.6449277510087,63,-11.4515260788705,12671,2.42329216003418
203,-7.35023619528098,63,-10.7992344761052,12734,2.41602802276611
204,-17.892847103947,64,-11.319122021327,12798,2.42585444450378
205,-10.4921269479367,62,-11.4577123628018,12860,2.41039633750916
206,-22.2535489285703,60,-12.6065078122401,12920,2.41145372390747
207,-9.86455274493057,61,-12.5022235309451,12981,2.40239834785461
208,-16.9477028772748,60,-12.8553919095454,13041,2.42121934890747
209,-13.1284856077602,62,-13.3320854968323,13103,2.42635250091553
210,-10.0858829572652,58,-13.7090079056871,13161,2.40265297889709
211,-8.50917981310802,58,-13.7169490927083,13219,2.65112042427063
212,-9.33465381511516,60,-12.5859216991189,13279,2.64600348472595
213,-9.74376090522787,62,-12.8252741701136,13341,2.62769651412964
214,-14.6499820700567,66,-12.5009876667246,13407,2.63694667816162
215,-12.4909516798227,55,-12.7008701399132,13462,2.59252882003784
216,-15.9559907922016,64,-12.0711143262763,13526,2.64596033096313
217,-4.27148956634836,62,-11.5118080084181,13588,2.62233090400696
218,-16.7019114210677,67,-11.4872288627974,13655,2.66195869445801
219,-12.7343983666458,60,-11.4478201386859,13715,2.61516499519348
220,-9.13541055044477,67,-11.3527728980039,13782,2.66852855682373
221,-10.2725276830394,59,-11.529107684997,13841,2.54327630996704
222,-7.27065271264613,63,-11.3227075747501,13904,2.64801406860352
223,-11.5169061349414,59,-11.5000220977215,13963,2.65530180931091
224,-12.3292992004766,65,-11.2679538107635,14028,2.6149480342865
225,-13.3363632164417,63,-11.3524949644253,14091,2.86281824111938
226,-13.1407388342775,62,-11.0709697686329,14153,2.87193155288696
227,-9.97854280896777,59,-11.6416750928949,14212,2.88634252548218
228,-19.0336612610902,62,-11.8748500768971,14274,2.90926265716553
229,-12.4379773832299,55,-11.8452079785555,14329,2.89303374290466
230,-8.17041805044574,62,-11.7487087285556,14391,2.86540985107422
231,-13.8078117018081,56,-12.1022371304325,14447,2.88463425636292
232,-14.9106320436315,62,-12.866235063531,14509,2.90009713172913
233,-13.5259160064364,62,-13.0671360506805,14571,2.90415239334106
234,-11.7640502055852,59,-13.0106111511914,14630,2.88635301589966
235,-6.83242023275596,64,-12.3602168528228,14694,2.85777044296265
236,-10.7707849482727,62,-12.1232214642224,14756,2.88240528106689
237,-16.9444465557948,64,-12.8198118389051,14820,2.90109300613403
238,-9.38035013495612,66,-11.8544807262917,14886,2.89946937561035
239,-14.0012890726725,57,-12.0108118952359,14943,3.1591169834137
240,-12.1009491384628,68,-12.4038650040376,15011,3.20564103126526
241,-13.0857215398846,59,-12.3316559878453,15070,3.08097910881042
242,-20.5060353865462,59,-12.8911963221367,15129,3.20353817939758
243,-9.3918466886197,59,-12.4777893903551,15188,3.04884672164917
244,-15.722039381044,63,-12.8735883079009,15251,3.19214820861816
245,-14.6122345688339,60,-13.6515697415087,15311,3.08387112617493
246,-7.79789536898566,63,-13.35428078358,15374,3.12139081954956
247,-13.6470987922953,61,-13.0245460072301,15435,3.131352186203
248,-16.4223945965244,61,-13.7287504533869,15496,3.18552374839783
249,-6.09920522691832,65,-12.9385420688115,15561,3.18944430351257
250,-15.7214776439656,59,-13.3005949193618,15620,3.14568972587585
251,-16.2504547797503,59,-13.6170682433483,15679,3.16210651397705
252,-20.9248820881848,64,-13.6589529135122,15743,3.15521788597107
253,-16.4497755236124,59,-14.3647457970115,15802,3.43270063400269
254,-12.7163141723695,61,-14.064173276144,15863,3.39952158927917
255,-11.3986186639576,62,-13.7428116856564,15925,3.41381931304932
256,-19.3818096760806,66,-14.9012031163659,15991,3.46053004264832
257,-17.5515724137963,58,-15.291650478516,16049,3.45037293434143
258,-10.5524912533937,63,-14.7046601442029,16112,3.48111343383789
259,-9.29213833175386,64,-15.0239534546865,16176,3.40777993202209
260,-11.9221867947445,57,-14.6440243697644,16233,3.36556386947632
261,-21.4695657030221,61,-15.1659354620915,16294,3.49004626274109
262,-21.8763738034374,62,-15.2610846336168,16356,3.47250032424927
263,-20.8038864440072,61,-15.6964957256563,16417,3.40408611297607
264,-1.51090971420634,67,-14.57595527984,16484,3.45332050323486
265,-15.2959527775613,54,-14.9656886912003,16538,3.44990634918213
266,-13.5177685171314,62,-14.3792845753054,16600,3.45183610916138
267,-14.0869771844388,61,-14.0328250523697,16661,3.7809112071991
268,-7.38121899672833,58,-13.7156978267031,16719,3.72278070449829
269,-17.0382125992019,58,-14.4903052534479,16777,3.73218941688538
270,-15.2223184467676,60,-14.8203184186502,16837,3.78427910804749
271,-2.68182299254824,65,-12.9415441476029,16902,3.75415968894958
272,-12.8895254816583,63,-12.0428593154249,16965,3.77944231033325
273,-10.1151069189103,59,-10.9739813629153,17024,3.63488173484802
274,-15.3366836519372,62,-12.3565587566883,17086,3.73446393013
275,-10.2627602437388,59,-11.8532395033061,17145,3.75419235229492
276,-14.8223935826415,63,-11.9837020098571,17208,3.77530789375305
277,-14.2126711313551,56,-11.9962714045487,17264,3.71505856513977
278,-4.9593206042112,62,-11.754081565297,17326,3.73192238807678
279,-13.2019883682794,60,-11.3704591422048,17386,3.72297072410583
280,-10.3041806782534,61,-10.8786453653533,17447,3.75862979888916
281,-7.4283536143999,62,-11.3532984275385,17509,4.05791521072388
282,-16.3239236069175,65,-11.6967382400644,17574,4.01200008392334
283,-16.9721078108343,63,-12.3824383292568,17637,4.01923894882202
284,-11.9272340363504,56,-12.0414933676982,17693,4.01605033874512
285,-15.4668165416149,64,-12.5618989974858,17757,4.05394792556763
286,-15.5378355056361,56,-12.6334431897852,17813,3.90005302429199
287,-4.75322023682056,63,-11.6874981003318,17876,4.0234580039978
288,-10.3715163494988,62,-12.2287176748605,17938,3.99254035949707
289,-17.0691835217029,56,-12.6154371902029,17994,4.06311893463135
290,-19.5539478971407,61,-13.5404139120916,18055,4.0266752243042
291,-18.6138256957003,61,-14.6589611202216,18116,3.87287044525146
292,-6.54295750383236,62,-13.6808645099131,18178,4.05398464202881
293,-20.8569253678702,62,-14.0693462656167,18240,3.995361328125
294,-17.6429686584448,62,-14.6409197278262,18302,4.0792350769043
295,-17.3174520507495,65,-14.8259832787396,18367,4.25352764129639
296,-15.6017640457745,64,-14.8323761327535,18431,4.26948261260986
297,-9.42958749097372,62,-15.3000128581688,18493,4.32067394256592
298,-7.03958035658816,65,-14.9668192588777,18558,4.36056423187256
299,-10.467356353503,61,-14.3066365420577,18619,4.12971639633179
300,-7.21135520453918,67,-13.0723772727976,18686,4.29700088500977
301,-17.1330075466344,60,-12.924295457891,18746,4.31500053405762
302,-14.5239302901565,61,-13.7223927365234,18807,4.22968006134033
303,-18.4471029236591,58,-13.4814104921023,18865,4.26931667327881
304,-14.8672436098066,64,-13.2038379872385,18929,4.33310890197754
305,-19.3011335511524,59,-13.4022061372788,18988,4.35903739929199
306,-16.1821561439734,67,-13.4602453470987,19055,4.26942443847656
307,-10.4818785393208,58,-13.5654744519334,19113,4.13860893249512
308,-9.7939075695282,58,-13.8409071732274,19171,4.31430578231812
309,-15.0190048391857,66,-14.2960720217956,19237,4.6172947883606
310,-11.3253708214905,58,-14.7074735834908,19295,4.59816360473633
311,-13.3306458608584,54,-14.3272374149132,19349,4.51369285583496
312,-13.3395980279334,58,-14.2088041886909,19407,4.61386871337891
313,-12.7890310706341,62,-13.6429970033884,19469,4.68486595153809
314,-16.9995053723285,57,-13.8562231796406,19526,4.41874694824219
315,-14.9084596746684,60,-13.4169557919922,19586,4.55334758758545
316,-22.0497338858364,60,-14.0037135661785,19646,4.66300106048584
317,-19.9986340793334,63,-14.9553891201797,19709,4.66099739074707
318,-13.8563512862172,58,-15.3616334918486,19767,4.47791862487793
319,-14.6035585465927,63,-15.3200888625893,19830,4.56388092041016
320,-21.4042151597465,62,-16.3279732964149,19892,4.53357601165771
321,-8.88265321139087,66,-15.8831740314682,19958,4.65681266784668
322,-18.8706169030695,61,-16.4362759189818,20019,4.47926807403564
323,-11.8233180417995,61,-16.3397046160983,20080,4.88895177841187
324,-10.9659692792931,62,-15.7363510067948,20142,4.86535787582397
325,-9.97698908613282,72,-15.2432039479412,20214,5.05612277984619
326,-11.7565870917279,59,-14.2138892685304,20273,4.98091793060303
327,-7.86293297024046,61,-13.0003191576211,20334,5.02854299545288
328,-12.8600055154601,64,-12.9006845805454,20398,5.03284311294556
329,-13.4285534115005,66,-12.7831840670361,20464,5.06364250183105
330,-11.1129443512364,62,-11.7540569861851,20526,4.8626389503479
331,-18.1641558889412,65,-12.6822072539402,20591,4.83654260635376
332,-13.7429526288133,70,-12.1694408265145,20661,5.04659223556519
333,4.38480253656837,75,-10.5486287686777,20736,4.88575887680054
334,-13.4938151273168,63,-10.8014133534801,20799,4.98674964904785
335,-9.46170817770359,67,-10.7498852626372,20866,4.99740648269653
336,-17.944856123777,63,-11.3687121658421,20929,5.05026578903198
337,-4.81188396436904,64,-11.063607265255,20993,5.18720149993896
338,-7.79787999220714,62,-10.5573947129297,21055,5.28613376617432
339,-11.9902975843161,59,-10.4135691302112,21114,5.38787841796875
340,-6.2823589072294,65,-9.93051058581052,21179,5.37456226348877
341,-8.48896117457654,68,-8.96299111437406,21247,5.32623672485352
342,-17.0052610509959,64,-9.28922195659231,21311,5.28814029693604
343,72.5856177068312,216,-2.46914043956603,21527,5.32580947875977
344,63.0690603392936,205,5.187147107095,21732,5.41206836700439
345,84.5939036055863,222,14.592708285424,21954,5.38466835021973
346,218.647451365078,500,38.2519390343095,22454,5.60293388366699
347,219.002630081787,500,60.6333904389251,22954,5.70380306243896
348,76.5727199035163,220,69.0704504284974,23174,5.84196758270264
349,228.314834405382,500,93.1009636274672,23674,5.84206962585449
350,183.624392231328,441,112.091638741323,24115,5.59851551055908
351,230.79144492646,500,136.019679351427,24615,5.7020435333252
352,225.436706885437,500,160.26387614507,25115,5.77432918548584
353,240.570657322977,500,177.062380106684,25615,5.7917652130127
354,201.335385449789,468,190.889012617734,26083,5.73453235626221
355,259.66393568916,500,208.396015826091,26583,5.84793376922607
356,195.18266355691,500,206.049537045275,27083,5.55350685119629
357,264.284868109536,500,210.577760848049,27583,6.42939138412476
358,242.151373688455,331,227.135626226543,27914,6.4236273765564
359,208.256351744028,500,225.129777960408,28414,6.31799125671387
360,154.452018239131,224,222.212540561188,28638,6.1180419921875
361,264.950821333633,500,225.628478201906,29138,6.27181482315063
362,186.424716159961,301,221.727279129358,29439,6.41540431976318
363,347.467517576805,488,232.416965154741,29927,6.20451879501343
364,158.394447370777,238,228.12287134684,30165,6.39450836181641
365,339.95062334046,500,236.15154011197,30665,6.40123224258423
366,219.498580497263,500,238.583131806005,31165,6.80904340744019
367,140.182488604321,410,226.172893855483,31575,6.86257743835449
368,218.761253259564,447,223.833881812594,32022,6.83920955657959
369,168.231274045991,433,219.831374042791,32455,7.09305572509766
370,180.62573587296,438,222.448745806173,32893,6.7988018989563
371,289.623596262032,500,224.916023299013,33393,6.87354803085327
372,132.851635301107,374,219.558715213128,33767,7.06391382217407
373,141.903875819178,390,199.002351037365,34157,6.97470712661743
374,176.001654997225,444,200.76307180001,34601,6.94529867172241
375,234.777779484077,468,190.245787414372,35069,7.03026580810547
376,242.021358770085,482,192.498065241654,35551,7.01236248016357
377,171.82840697045,377,195.662657078267,35928,6.94700479507446
378,41.8519313048063,61,177.971724882791,35989,7.67473697662354
379,55.9652386382084,76,166.745121342013,36065,7.68447399139404
380,76.8509749972331,99,156.36764525444,36164,7.48154830932617
381,48.4539903174905,70,132.250684659986,36234,7.68270969390869
382,52.1857402439783,73,124.184095154273,36307,7.72262763977051
383,211.11168806463,506,131.104876378818,36813,7.5334997177124
384,33.3318221802287,52,116.837893097119,36865,7.65671253204346
385,109.424311198178,315,104.302546268529,37180,7.70172023773193
386,148.027520114255,327,94.9031624029458,37507,7.916015625
387,96.7664973435655,279,87.3969714402574,37786,8.40724468231201
388,251.858054001859,416,108.397583709963,38202,8.23608207702637
389,68.8371967459105,200,109.684779520733,38402,8.41241550445557
390,60.4251839168229,196,108.042200412692,38598,8.20775508880615
391,89.4461854461214,247,112.141419925555,38845,8.4382381439209
392,73.9579898867096,211,114.318644889828,39056,8.46714401245117
393,65.3799575850847,213,99.7454718418736,39269,8.41267776489258
394,64.7273895256419,229,102.885028576415,39498,8.17950534820557
395,106.382461907608,270,102.580843647358,39768,8.31864070892334
396,40.9184560880871,206,91.8699372447411,39974,8.34438419342041
397,165.110362603294,194,98.7043237707139,40168,8.42705821990967
398,181.725404509971,260,91.691058821525,40428,9.2043924331665
399,159.711418400715,224,100.778480987005,40652,9.10257625579834
400,126.205915403484,212,107.356554135672,40864,9.12596035003662
401,364.512504348319,467,134.863186025891,41331,8.98312664031982
402,226.177828362485,296,150.085169873469,41627,8.97545433044434
403,210.396659822339,270,164.586840097194,41897,8.96662902832031
404,356.013085726172,427,193.715409717247,42324,9.12514209747314
405,174.736416414574,250,200.550805167944,42574,9.08711528778076
406,262.605163511131,311,222.719475910248,42885,9.75742340087891
407,213.320069860171,280,227.540446635936,43165,10.0047664642334
408,174.14766934183,230,226.782673119122,43395,9.87985229492188
409,148.268553634342,209,225.638386642485,43604,9.92167472839355
410,134.658068738283,219,226.483601975965,43823,9.70591926574707
411,304.189860571954,357,220.451337598328,44180,9.94434356689453
412,369.580624765685,450,234.791617238648,44630,9.58473777770996
413,197.429720842932,249,233.494923340708,44879,9.78400897979736
414,159.283040910673,261,213.821918859158,45140,9.66331672668457
415,263.92034171675,333,222.740311389375,45473,9.95222854614258
416,502.628007855142,545,246.742595823776,46018,9.8731517791748
417,157.966693058046,220,241.207258143564,46238,9.84084701538086
418,217.690040345171,298,245.561495243898,46536,10.70130443573
419,185.967596058211,253,249.331399486285,46789,10.7770023345947
420,212.563737491364,500,257.121966361593,47289,10.7316417694092
421,383.093227618173,466,265.012303066215,47755,10.9042711257935
422,174.332629238721,471,245.487503513518,48226,10.8823328018188
423,222.278366265768,306,247.972368055802,48532,10.9178876876831
424,200.482578820539,274,252.092321846789,48806,10.8593149185181
425,166.687079097707,256,242.368995584884,49062,10.9257469177246
426,169.407975673383,267,209.046992366708,49329,11.9125185012817
427,205.552079368356,280,213.805530997739,49609,12.0071382522583
428,219.628551475278,500,213.99938211075,50109,12.0709352493286
429,147.213719536419,213,210.123994458571,50322,11.9561729431152
430,170.246368834788,266,205.892257592913,50588,11.8476715087891
431,218.074398798055,319,189.390374710901,50907,11.8975124359131
432,203.983645920193,278,192.355476379049,51185,12.0096473693848
433,203.105609214852,283,190.438200673957,51468,11.9729614257812
434,289.877717416488,381,199.377714533552,51849,11.8862972259521
435,149.661305054154,240,197.675137129197,52089,12.0125408172607
436,405.680135373399,500,221.302353099198,52589,11.8873043060303
437,242.579191556562,500,225.005064318019,53089,12.0078430175781
438,150.561273811359,206,218.098336551627,53295,12.7857456207275
439,186.042212922094,302,221.981185890194,53597,13.0028886795044
440,143.079575797874,244,219.264506586503,53841,12.9001264572144
441,165.599949625896,258,214.017061669287,54099,12.9779996871948
442,190.188200763249,328,212.637517153593,54427,12.7166910171509
443,203.448252404764,305,212.671781472584,54732,13.0094041824341
444,254.042278678509,326,209.088237598786,55058,12.9311532974243
445,316.617993928342,397,225.783906486205,55455,12.9604463577271
446,166.547420979436,292,201.870635046809,55747,13.8024082183838
447,289.086846237149,416,206.521400514867,56163,14.101713180542
448,247.180408546053,374,216.183313988336,56537,13.985577583313
449,347.468986047655,500,232.325991300893,57037,13.9183330535889
450,283.95305709594,500,246.413339430699,57537,14.127462387085
451,141.106565483483,248,243.964001016458,57785,14.031307220459
452,222.409869675718,500,247.186167907705,58285,14.127179145813
453,144.894636945926,264,241.330806361821,58549,13.996919631958
454,167.457837424724,268,232.672362236443,58817,14.1909942626953
455,218.299452776877,323,222.840508121296,59140,14.140775680542
456,141.141283943156,236,220.299894417668,59376,14.1270589828491
457,224.171758949005,500,213.808385688854,59876,13.9563884735107
458,242.075484895254,352,213.297893323774,60228,15.2600078582764
459,289.279322533796,500,207.478926972388,60728,15.2190685272217
460,210.57027905636,500,200.14064916843,61228,15.1816310882568
461,143.954717155687,206,200.42546433565,61434,14.9149990081787
462,317.024585703639,394,209.886935938442,61828,15.0945158004761
463,249.698734348493,500,220.367345678699,62328,15.3450412750244
464,261.333253177252,500,229.754887253952,62828,15.0071907043457
465,193.167797626805,500,227.241721738945,63328,15.3408260345459
466,181.467157757009,236,231.27430912033,63564,15.1851539611816
467,348.488037563561,500,243.705936981786,64064,16.4688186645508
468,296.744806857035,355,249.172869177964,64419,16.3419857025146
469,232.360702495604,500,243.481007174144,64919,16.4211978912354
470,229.411253884801,273,245.365104656989,65192,16.4604148864746
471,232.233723131101,500,254.19300525453,65692,16.5477161407471
472,234.556839298482,500,245.946230614014,66192,16.4158039093018
473,266.414881918674,500,247.617845371032,66692,16.5393905639648
474,215.400161395932,500,243.0245361929,67192,16.0619220733643
475,378.508529081958,500,261.558609338416,67692,16.5964660644531
476,239.52686002853,500,267.364579565568,68192,16.5237922668457
477,230.917566237617,286,255.607532432973,68478,16.5189514160156
478,235.222761351932,500,249.455327882463,68978,17.4858932495117
479,252.700768438503,500,251.489334476753,69478,17.3267917633057
480,244.799051574261,500,253.028114245699,69978,17.5332698822021
481,261.674677958338,500,255.972209728423,70478,17.3209629058838
482,240.423440978005,500,256.558869896375,70978,17.7697067260742
483,178.296790919964,231,247.747060796504,71209,17.6582908630371
484,235.721712781847,281,249.779215935096,71490,17.6819705963135
485,192.700716803327,236,231.198434707233,71726,17.2137451171875
486,252.15736520687,500,232.461485225067,72226,17.2607765197754
487,254.59436504863,500,234.829165106168,72726,19.0613956451416
488,331.15339291631,500,244.422228262606,73226,19.1785678863525
489,257.400551318944,500,244.89220655065,73726,19.2370338439941
490,238.969353176094,500,244.309236710833,74226,18.7298545837402
491,237.60215384082,293,241.901984299081,74519,19.3354816436768
492,246.394369120803,299,242.499077113361,74818,19.1381816864014
493,168.632683214361,209,241.532666342801,75027,18.8911533355713
494,255.721846631622,500,243.532679727778,75527,19.202917098999
495,336.367212550929,500,257.899329302538,76027,19.0663452148438
496,265.414133993077,500,259.225006181159,76527,19.119213104248
497,202.471262777155,248,254.012695954011,76775,19.0317916870117
498,341.766615927171,500,255.074018255098,77275,20.3090915679932
499,322.766481954931,500,261.610611318696,77775,20.4481067657471
500,279.551425855863,500,265.668818586673,78275,20.6152801513672
501,362.257829910915,500,278.134386193683,78775,20.5500812530518
502,238.831554832125,500,277.378104764815,79275,20.511323928833
503,232.941838811654,500,283.809020324544,79775,20.4722995758057
504,247.652015186397,294,283.002037180022,80069,20.4348907470703
505,324.962922912367,500,281.861608216166,80569,20.635669708252
506,328.657691117281,399,288.185963928586,80968,20.0751762390137
507,167.872684046189,234,284.726106055489,81202,21.6311702728271
508,320.390186846417,500,282.588463147414,81702,22.0084629058838
509,211.372309122611,500,271.449045864182,82202,21.9724998474121
510,257.110107352836,334,269.204914013879,82536,22.133674621582
511,225.523213304853,303,255.531452353273,82839,22.0588455200195
512,259.126818813112,500,257.560978751372,83339,21.9617252349854
513,273.889520826923,328,261.655746952899,83667,21.7712936401367
514,303.591245423134,500,267.249669976572,84167,22.0449905395508
515,268.018551089503,500,261.555232794286,84667,21.9129314422607
516,196.587744256648,273,248.348238108223,84940,21.8393955230713
517,292.43099928308,500,260.804069631912,85440,22.1722106933594
518,324.986094715768,500,261.263660418847,85940,22.753438949585
519,270.624517162954,500,267.188881222881,86440,22.9154987335205
520,263.755770578865,500,267.853447545484,86940,23.2885971069336
521,439.565540703055,500,289.257680285304,87440,22.9937191009521
522,319.714219382281,500,295.316420342221,87940,23.3212833404541
523,367.788288825508,500,304.70629714208,88440,23.1479225158691
524,357.38324867681,500,310.085497467447,88940,23.5006008148193
525,320.90336680722,500,315.373979039219,89440,23.3552513122559
526,211.273224043215,500,316.842527017876,89940,23.2028903961182
527,227.702380835101,500,310.369665173078,90440,25.0043621063232
528,357.386992941675,500,313.609754995668,90940,24.6854972839355
529,354.788730500938,500,322.026176329467,91440,24.7488994598389
530,378.259276613717,500,333.476526932952,91940,24.7803821563721
531,386.697606390941,500,328.18973350174,92440,24.6012344360352
532,308.202461149869,500,327.038557678499,92940,25.0771503448486
533,252.31848416152,427,315.4915772121,93367,25.0867366790771
534,189.723477631616,366,298.725600107581,93733,24.447546005249
535,397.131493634421,500,306.348412790301,94233,25.1058330535889
536,508.58748058067,537,336.079838444047,94770,25.0716915130615
537,285.202460408506,500,341.829846401387,95270,24.9432220458984
538,315.225147094612,500,337.613661816681,95770,26.5989990234375
539,338.8479680957,500,336.019585576157,96270,26.4745559692383
540,315.66730046548,500,329.760387961333,96770,26.5098285675049
541,362.468830114635,500,327.337510333703,97270,26.3294086456299
542,350.081949226132,500,331.525459141329,97770,26.7005882263184
543,263.540082507281,500,332.647618975905,98270,26.3421478271484
544,309.634274488122,500,344.638698661556,98770,26.5932388305664
545,245.490381948929,500,329.474587493007,99270,26.1980381011963
546,434.844374210423,500,322.100276855982,99770,25.9908981323242
547,270.306835098517,500,320.610714324983,100270,28.2499122619629
548,299.903379562686,500,319.07853757179,100770,27.7740020751953
549,371.241587813568,500,322.317899543577,101270,28.2347259521484
550,255.468934960201,500,316.298062993049,101770,27.5646133422852
551,254.055515395752,500,305.456731521161,102270,27.8550720214844
552,333.131877980447,500,303.761724396593,102770,28.0507068634033
553,305.988383730576,500,308.006554518922,103270,28.1336555480957
554,291.253337946233,500,306.168460864733,103770,27.7779884338379
555,355.142511356045,500,317.133673805445,104270,28.1448307037354
556,371.687679091727,500,310.818004293575,104770,27.6974182128906
557,361.314850454694,500,319.918805829193,105270,27.8263092041016
558,369.878461904755,500,326.9163140634,105770,29.9277820587158
559,236.608206216327,500,313.452975903676,106270,29.6294918060303
560,325.289436640402,500,320.435026071696,106770,29.7787647247314
561,382.282991950927,500,333.257773727213,107270,29.3941287994385
562,280.299350861427,500,327.974521015311,107770,29.5646533966064
563,336.330757459505,500,331.008758388204,108270,30.1486301422119
564,228.908049556639,500,324.774229549245,108770,28.9089756011963
565,238.8645023278,500,313.14642864642,109270,28.8213596343994
566,325.331828044527,500,308.5108435417,109770,29.3008556365967
567,345.370599411436,500,306.916418437374,110270,31.1951370239258
568,319.284240289968,500,301.856996275896,110770,31.0517921447754
569,367.292926527745,500,314.925468307038,111270,31.20947265625
570,337.951004743702,500,316.191625117368,111770,31.3727111816406
571,288.213877122727,500,306.784713634548,112270,31.0993843078613
572,322.421122051501,500,310.996890753555,112770,31.6491050720215
573,265.399724955664,500,303.903787503171,113270,30.8589477539062
574,312.633898617636,500,312.27637240927,113770,31.1778564453125
575,353.489640743242,500,323.738886250815,114270,31.3006401062012
576,346.800015994912,500,325.885705045853,114770,31.0113410949707
577,350.104751778579,500,326.359120282568,115270,31.2976036071777
578,353.521887600431,500,329.782885013614,115770,33.0322494506836
579,352.483399054476,500,328.301932266287,116270,33.0806999206543
580,338.561302791541,500,328.362962071071,116770,33.2801742553711
581,271.147432348833,500,326.656317593682,117270,33.1243667602539
582,240.826110000061,500,318.496816388538,117770,32.4846839904785
583,306.678469525809,500,322.624690845552,118270,33.0137100219727
584,252.69124587234,500,316.630425571022,118770,33.0031433105469
585,248.410808997937,500,306.122542396492,119270,32.8924140930176
586,331.819216614128,500,304.624462458413,119770,32.3447647094727
587,257.771730459252,500,295.391160326481,120270,34.0371856689453
588,290.106118796856,500,289.049583446123,120770,34.1016044616699
589,250.096584895723,500,278.810902030248,121270,34.3574600219727
590,286.598058670869,500,273.614577618181,121770,34.3861885070801
591,287.044691413836,500,275.204303524681,122270,34.6195831298828
592,259.940760709188,500,277.115768595594,122770,34.9364738464355
593,267.404969324156,500,273.188418575429,123270,34.6717376708984
594,286.96723801848,500,276.616017790043,123770,33.6519432067871
595,271.789088202031,500,278.953845710452,124270,33.8621139526367
596,275.231326866575,500,273.295056735697,124770,34.7756118774414
597,331.9012500388,500,280.708008693652,125270,34.6163635253906
598,293.821702964303,500,281.079567110396,125770,36.800220489502
599,278.418463923408,500,283.911755013165,126270,34.9418487548828
600,306.303159964705,500,285.882265142548,126770,36.0761985778809
601,269.519669620919,500,284.129762963257,127270,36.2414093017578
602,262.445065067815,500,284.380193399119,127770,35.6913642883301
603,277.039639131486,500,285.343660379852,128270,35.7295532226562
604,261.79286349852,500,282.826222927856,128770,35.7977027893066
605,266.947110815085,500,282.342025189162,129270,35.6661491394043
606,304.845619757696,500,285.303454478274,129770,35.8800277709961
607,281.088427687204,500,280.222172243114,130270,37.3910903930664
608,320.231529891014,500,282.863154935785,130770,37.5348587036133
609,265.130650097703,500,281.534373553215,131270,37.071647644043
610,283.880187828961,500,279.29207633964,131770,36.705150604248
611,261.746137918456,500,278.514723169394,132270,37.7552223205566
612,279.502985147927,500,280.220515177405,132770,37.1716842651367
613,339.598664367038,500,286.47641770096,133270,37.3655281066895
614,279.028754377969,500,288.200006788905,133770,36.8986396789551
615,296.813535227685,500,291.186649230165,134270,36.6944885253906
616,275.785480430223,500,288.280635297418,134770,36.796329498291
617,295.356095366031,500,289.707402065301,135270,37.686580657959
618,262.733293840914,500,283.957578460291,135770,38.0731658935547
619,287.213177758776,500,286.165831226398,136270,38.873950958252
620,310.353816348517,500,288.813194078354,136770,39.1848258972168
621,285.780521975829,500,291.216632484091,137270,39.2815246582031
622,271.741387538013,500,290.440472723099,137770,38.1920394897461
623,283.504810048098,500,284.831087291205,138270,38.3726806640625
624,299.054530736807,500,286.833664927089,138770,39.2100524902344
625,272.828779052011,500,284.435189309522,139270,39.2474746704102
626,357.602664984402,500,292.61690776494,139770,39.180347442627
627,260.6521724912,500,289.146515477457,140270,40.9436798095703
628,187.460899432483,324,281.619276036613,140594,39.8463401794434
629,218.507239234959,359,274.748682184232,140953,40.0572128295898
630,226.629743851358,500,266.376274934516,141453,40.3251724243164
631,161.61967417371,296,253.960190154304,141749,40.3787841796875
632,220.254234234285,359,248.811474823931,142108,40.2755317687988
633,184.445996908736,324,238.905593509995,142432,40.586067199707
634,166.322047844462,298,225.632345220761,142730,40.477912902832
635,183.935819915486,319,216.743049307108,143049,40.5228843688965
636,165.128705385915,304,197.495653347259,143353,40.2681579589844
637,331.898968297903,500,204.62033292793,143853,40.6785278320312
638,231.635197200695,500,209.037762704751,144353,40.7921447753906
639,246.321148845742,500,211.819153665829,144853,40.9176330566406
640,243.410604074052,500,213.497239688099,145353,40.5031318664551
641,256.104361472237,500,222.945708417951,145853,41.9305953979492
642,245.482938271737,500,225.468578821696,146353,41.7918815612793
643,294.350636284492,500,236.459042759272,146853,41.7484550476074
644,256.720850824149,500,245.498923057241,147353,41.8777503967285
645,292.15456203093,500,256.320797268785,147853,42.1499099731445
646,162.48351249041,317,256.056277979235,148170,40.211742401123
647,170.652867307724,316,239.931667880217,148486,42.247688293457
648,261.804270695073,500,242.948575229654,148986,43.6874885559082
649,240.670651167904,500,242.383525461871,149486,42.2557334899902
650,225.196163964035,500,240.562081450869,149986,42.8290252685547
651,262.20595568126,500,241.172240871771,150486,43.0056381225586
652,250.917763232224,500,241.71572336782,150986,43.1942672729492
653,248.425138491205,500,237.123173588491,151486,43.1078987121582
654,272.047143887728,500,238.655802894849,151986,43.0788116455078
655,257.773037498482,500,235.217650441604,152486,43.3800163269043
656,216.724788603828,500,240.641778052946,152986,41.9261627197266
657,259.167305805904,500,249.493221902764,153486,43.0319213867188
658,156.282041717119,293,238.940999004969,153779,44.7300605773926
659,212.995910941649,500,236.173524982343,154279,43.6496315002441
660,164.875316209792,303,230.141440206919,154582,44.8525085449219
661,170.773084120601,315,220.998153050853,154897,45.093692779541
662,277.723350920285,500,223.678711819659,155397,43.5402488708496
663,175.305406020899,318,216.366738572629,155715,43.750171661377
664,150.066892544244,294,204.16871343828,156009,44.7487945556641
665,221.54365219079,500,200.545774907511,156509,44.6460762023926
666,192.056238006309,344,198.078919847759,156853,44.0914154052734
667,234.480828664356,500,195.610272133604,157353,44.3086013793945
668,225.225758693543,500,202.504643831247,157853,44.3593101501465
669,239.398736362392,500,205.144926373321,158353,45.7237701416016
670,205.130485316863,500,209.170443284028,158853,44.8419342041016
671,227.52096233157,500,214.845231105125,159353,44.3397789001465
672,255.804377943966,500,212.653333807493,159853,46.2769317626953
673,241.064646986628,500,219.229257904066,160353,45.546085357666
674,234.594168963546,395,227.681985545996,160748,45.9272422790527
675,239.556714191928,500,229.48329174611,161248,43.8689079284668
676,252.935437906337,500,235.571211736113,161748,45.921989440918
677,240.609811878191,500,236.184110057496,162248,45.7307891845703
678,179.112187387729,321,231.572752926915,162569,45.7256126403809
679,163.111131928183,311,223.943992483494,162880,47.0152206420898
680,159.181263384327,299,219.34907029024,163179,47.0690956115723
681,168.204270331987,305,213.417401090282,163484,47.1653366088867
682,177.810840241811,325,205.618047320067,163809,45.9004859924316
683,155.00821400133,304,197.012404021537,164113,46.496452331543
684,150.733917807917,293,188.626378905974,164406,46.1614532470703
685,128.913708095436,261,177.562078296325,164667,45.641284942627
686,138.134025263973,271,166.081937032088,164938,46.6757774353027
687,254.242171254872,500,167.445172969756,165438,48.54931640625
688,265.245619047652,500,176.058516135749,165938,47.9108772277832
689,223.830287995492,500,182.13043174248,166438,47.8559989929199
690,215.161475195606,500,187.728452923608,166938,47.3774337768555
691,261.489346110709,500,197.05696050148,167438,46.9992218017578
692,299.77569250112,500,209.253445727411,167938,48.7369422912598
693,222.63031681922,500,216.0156560092,168438,48.3014717102051
694,248.18172007629,500,225.760436236037,168938,48.2082023620605
695,236.38451380316,500,236.507516806809,169438,47.759147644043
696,254.831456508908,500,248.177259931303,169938,48.6095123291016
697,254.53996118548,500,248.207038924364,170438,48.5906372070312
698,258.231754679185,500,247.505652487517,170938,49.9852104187012
699,242.855508832446,500,249.408174571212,171438,49.9385986328125
700,258.593329552714,500,253.751360006923,171938,49.1896438598633
701,234.931668245654,500,251.095592220418,172438,47.8290672302246
702,263.619595713851,500,247.479982541691,172938,49.5639457702637
703,253.889841348037,500,250.605934994572,173438,48.5899887084961
704,242.530587161778,500,250.040821703121,173938,49.8009338378906
705,273.414583238717,500,253.743828646677,174438,48.8215827941895
706,225.953488004097,500,250.856031796196,174938,47.6948471069336
707,254.460636770203,500,250.848099354668,175438,48.4807243347168
708,251.543074109812,500,250.179231297731,175938,49.3029975891113
709,317.929305929452,500,257.686611007431,176438,50.9391021728516
710,284.622189024875,500,260.289496954648,176938,48.605152130127
711,278.274534386515,500,264.623783568734,177438,50.6141700744629
712,286.791945510093,500,266.941018548358,177938,50.1373634338379
713,246.950885021293,500,266.247122915683,178438,49.6545639038086
714,248.199955239361,500,266.814059723442,178938,50.0521011352539
715,275.487007135404,500,267.02130211311,179438,50.5962944030762
716,264.10029754222,500,270.835983066923,179938,50.2721557617188
717,236.795255782995,500,269.069444968202,180438,49.2334403991699
718,235.636693857315,500,267.478806942952,180938,50.6030921936035
719,301.199612384709,500,265.805837588478,181438,50.9558601379395
720,288.798675546504,500,266.223486240641,181938,50.7035140991211
721,245.069183215677,500,262.902951123557,182438,51.2143173217773
722,263.470893677905,500,260.570845940338,182938,50.8009033203125
723,257.181399371349,500,261.593897375344,183438,50.5027809143066
724,287.75328228027,500,265.549230079435,183938,49.8685646057129
725,254.408923215102,500,263.441421687405,184438,49.3082008361816
726,157.09188793583,207,252.740580726766,184645,48.8517227172852
727,139.539509318997,169,243.015006080366,184814,49.1489906311035
728,278.797711893078,500,247.331107883942,185314,52.7343215942383
729,256.169882305884,500,242.82813487606,185814,52.4667816162109
730,251.390229493901,500,239.087290270799,186314,52.6244735717773
731,280.947169772947,500,242.675088926526,186814,52.5396995544434
732,221.298052336892,500,238.457804792425,187314,50.4277839660645
733,165.880715319448,206,229.327736387235,187520,51.0728225708008
734,237.54177939469,500,224.306586098677,188020,51.7018127441406
735,330.354165346438,500,231.901110311811,188520,52.4601631164551
736,216.291258636154,500,237.821047381843,189020,51.3282432556152
737,353.139771675162,500,259.18107361746,189520,52.6477966308594
738,263.313836361361,500,257.632686064288,190020,52.6562385559082
739,163.136721086674,194,248.329369942367,190214,51.4752540588379
740,147.757500540743,177,237.966097047051,190391,52.5059585571289
741,255.925636603852,500,235.463943730142,190891,54.2183799743652
742,334.420506626585,500,246.776189159111,191391,54.1819305419922
743,145.565457434273,194,244.744663370593,191585,53.3185653686523
744,176.658671947873,210,238.656352625912,191795,53.4058570861816
745,296.98051848478,500,235.318987939746,192295,54.1950645446777
746,151.244127131503,179,228.814274789281,192474,52.9984970092773
747,142.018467386853,173,207.70214436045,192647,51.7455291748047
748,181.207491938661,230,199.49150991818,192877,54.8617324829102
749,177.537526078571,208,200.93159041737,193085,53.0058288574219
750,173.127524342932,208,203.468592797588,193293,54.8461036682129
751,162.406978773561,192,194.116727014559,193485,53.4950790405273
752,180.397797899696,214,178.71445614187,193699,53.7925186157227
753,287.01864430614,500,192.859774829057,194199,55.3919105529785
754,211.330507969277,247,196.326958431197,194446,52.9117736816406
755,165.421227372568,196,183.171029319976,194642,53.1546516418457
756,181.425842049246,214,186.18920081175,194856,54.1280746459961
757,181.917011512979,215,190.179055224363,195071,53.0606269836426
758,222.004949848208,262,194.258801015318,195333,54.0487213134766
759,299.951108144826,432,206.500159221943,195765,56.1050491333008
760,150.655495221247,179,204.252956309775,195944,53.072437286377
761,451.079588956999,500,233.120217328119,196444,55.3103828430176
762,256.518379988278,291,240.732275536977,196735,55.7709999084473
763,153.337319840892,180,227.364143090452,196915,54.1018753051758
764,175.289413980265,205,223.760033691551,197120,55.7022705078125
765,443.233820615996,500,251.541293015894,197620,54.814826965332
766,188.71480196152,220,252.270189007121,197840,55.0704612731934
767,203.077599638268,237,254.38624781965,198077,53.5406341552734
768,268.335297946438,347,259.019282629473,198424,56.8500289916992
769,154.925414505612,184,244.516713265551,198608,54.8159332275391
770,185.307051875991,219,247.981868931026,198827,54.6576843261719
771,283.402965088527,435,231.214206544179,199262,55.9591484069824
772,178.57489191371,208,223.419857736722,199470,56.2180328369141
773,312.659237204538,355,239.352049473086,199825,56.6199989318848
774,231.089850709933,268,244.932093146053,200093,56.1412086486816
775,245.870089281004,282,225.195720012554,200375,56.6110649108887
776,185.096603243097,218,224.833900140712,200593,56.4493408203125
777,462.560179836343,500,250.782158160519,201093,56.788646697998
778,329.621263480329,499,256.910754713908,201592,57.3460464477539
779,305.417013157058,500,271.959914579053,202092,56.3271942138672
780,457.946280447226,500,299.223837436176,202592,58.1732177734375
781,314.593859693621,500,302.342926896686,203092,57.8309631347656
782,342.255964916815,401,318.711034196996,203493,55.6646308898926
783,185.47274822018,220,305.992385298561,203713,56.5526275634766
784,150.11061526507,178,297.894461754074,203891,55.859073638916
785,157.439608565647,187,289.051413682539,204078,56.0545997619629
786,444.199666040271,500,314.961719962256,204578,55.3792457580566
787,325.879964044746,418,301.293698383096,204996,58.4038314819336
788,252.425345008815,316,293.574106535945,205312,59.1162452697754
789,195.933921307191,231,282.625797350958,205543,56.6095199584961
790,152.828466557489,182,252.114015961984,205725,56.6826705932617
791,179.19792269768,211,238.57442226239,205936,57.3759689331055
792,267.869675351042,391,231.135793305813,206327,57.181266784668
793,295.258655122734,337,242.114383996069,206664,58.652271270752
794,234.213533605632,270,250.524675830125,206934,58.2946929931641
795,284.289809528044,455,263.209695926364,207389,56.7410278320312
796,175.129302092459,210,236.302659531583,207599,56.4041290283203
797,249.143218161616,288,228.62898494327,207887,57.4871444702148
798,216.014162899045,254,224.987866732293,208141,57.838565826416
799,420.311174552957,500,247.42559205687,208641,58.1951751708984
800,327.502548488384,500,264.893000249959,209141,59.0948753356934
801,276.747515886387,355,274.64795956883,209496,57.6326332092285
802,273.364634350308,337,275.197455468757,209833,59.4742279052734
803,191.468518437094,223,264.818441800193,210056,58.6086158752441
804,294.295300925942,500,270.826618532224,210556,59.0541229248047
805,305.903954592967,500,272.988033038716,211056,59.5681800842285
806,191.988748104214,227,274.673977639891,211283,58.1666107177734
807,369.469050512352,500,286.706560874965,211783,57.4503784179688
808,326.241284325822,500,297.729273017643,212283,58.7251396179199
809,316.256710890104,500,287.323826651357,212783,58.3947677612305
810,329.182676277305,500,287.491839430249,213283,60.1427536010742
811,291.55054828308,500,288.972142669919,213783,58.9550628662109
812,352.250106865406,500,296.860689921429,214283,59.9198532104492
813,311.744198797944,500,308.888257957514,214783,58.738697052002
814,324.939746712526,500,311.952702536172,215283,59.7899169921875
815,319.429654572561,500,313.305272534131,215783,60.2653007507324
816,327.689860528881,500,326.875383776598,216283,60.2358283996582
817,325.552738386084,500,322.483752563971,216783,59.5430641174316
818,301.833640044306,500,320.04298813582,217283,59.4267501831055
819,298.649605669235,500,318.282277613733,217783,58.2406692504883
820,330.446892070022,500,318.408699193005,218283,60.3378829956055
821,292.507382328401,500,318.504382597537,218783,60.1277542114258
822,265.089808832918,500,309.788352794288,219283,59.8106994628906
823,328.328513556874,463,311.446784270181,219746,60.032585144043
824,334.251769273954,500,312.377986526324,220246,60.8830261230469
825,317.591295152181,500,312.194150584286,220746,60.7017288208008
826,328.005822024592,500,312.225746733857,221246,59.7531890869141
827,332.473521002662,500,312.917824995514,221746,61.5801086425781
828,334.48719683562,500,316.183180674646,222246,61.8870849609375
829,340.505387894707,500,320.368758897193,222746,62.3815269470215
830,371.099342479755,500,324.434003938166,223246,61.7257270812988
831,301.411036032474,500,325.324369308574,223746,61.7677040100098
832,268.818940917999,500,325.697282517082,224246,60.1747398376465
833,395.676424822892,500,332.432073643684,224746,60.989559173584
834,322.9409051562,500,331.300987231908,225246,60.5992698669434
835,356.562452947575,500,335.198103011447,225746,61.2616767883301
836,226.441225795641,270,325.041643388552,226016,60.3066024780273
837,326.648255364019,500,324.459116824688,226516,61.6272239685059
838,318.977353512712,500,322.908132492397,227016,62.8266754150391
839,324.594489219668,500,321.317042624893,227516,62.7261657714844
840,406.046370550635,500,324.811745431981,228016,63.473518371582
841,319.139466254161,500,326.58458845415,228516,63.5485649108887
842,343.168292977662,500,334.019523660117,229016,61.8032989501953
843,327.646259526647,500,327.216507130492,229516,61.6502265930176
844,268.657349652251,500,321.788151580097,230016,62.0621566772461
845,375.736859311235,500,323.705592216463,230516,61.5353088378906
846,258.101040685121,500,326.871573705411,231016,60.307445526123
847,286.529699948468,500,322.859718163856,231516,60.0520057678223
848,353.844970397667,500,326.346479852352,232016,63.657543182373
849,311.713908707714,500,325.058421801156,232516,60.8811149597168
850,307.198519942487,500,315.173636740341,233016,61.8072776794434
851,292.261647456799,500,312.485854860605,233516,61.6926803588867
852,321.803271536405,500,310.349352716479,234016,63.4452857971191
853,326.840678006834,500,310.268794564498,234516,63.7381782531738
854,330.836002404664,500,316.486659839739,235016,61.8475646972656
855,256.012789914237,409,304.51425290004,235425,62.6195182800293
856,324.323787529332,500,311.136527584461,235925,63.6563186645508
857,322.719612272722,500,314.755518816886,236425,62.8751945495605
858,310.382768193344,500,310.409298596454,236925,62.1463203430176
859,394.605785634984,500,318.698486289181,237425,63.5750007629395
860,346.642029356425,500,322.642837230575,237925,62.3983459472656
861,331.845929632025,500,326.601265448097,238425,65.4537353515625
862,311.577442242388,484,325.578682518696,238909,63.1699562072754
863,315.045378016341,500,324.399152519646,239409,63.2389373779297
864,348.059022125221,500,326.121454491702,239909,62.090404510498
865,313.223087468725,500,331.842484247151,240409,62.7783889770508
866,313.877701742549,500,330.797875668473,240909,63.0634994506836
867,306.282249663847,466,329.154139407585,241375,64.9377899169922
868,302.671148306895,500,328.38297741894,241875,65.8974609375
869,328.018955986643,500,321.724294454106,242375,63.8592262268066
870,322.792328091255,500,319.339324327589,242875,63.4545631408691
871,386.452265487232,500,324.79995791311,243375,64.9294509887695
872,306.632857831672,500,324.305499472038,243875,63.0613441467285
873,365.57146455991,500,329.358108126395,244375,65.1787567138672
874,313.770322034851,500,325.929238117358,244875,63.4462738037109
875,324.474311394659,500,327.054360509951,245375,64.7893753051758
876,271.762210856884,500,322.842811421385,245875,65.8246536254883
877,273.988171645182,500,319.613403619518,246375,60.8550682067871
878,326.03270352325,500,321.949559141154,246875,64.6369552612305
879,306.086070097702,500,319.75627055226,247375,62.249210357666
880,320.485023158685,500,319.525540059003,247875,62.4316596984863
881,308.916586234712,500,311.771972133751,248375,63.9186325073242
882,349.22286245597,500,316.03097259618,248875,65.9222106933594
883,419.099575837599,500,321.383783723949,249375,63.1875114440918
884,354.771270110572,500,325.483878531521,249875,64.2478179931641
885,326.17469809542,500,325.653917201598,250375,65.8670959472656
886,316.660179812713,500,330.14371409718,250875,66.3278274536133
887,334.24528429887,500,336.169425362549,251375,65.9969635009766
888,326.945642647174,500,336.260719274942,251875,65.3237152099609
889,312.978605373885,500,336.94997280256,252375,63.081844329834
890,463.804610467229,500,351.281931533414,252875,65.6118621826172
891,318.710945918987,500,352.261367501842,253375,63.9810333251953
892,339.051543158268,500,351.244235572072,253875,66.1723785400391
893,313.245625579662,500,340.658840546278,254375,66.7285766601562
894,338.526650125854,500,339.034378547806,254875,65.3560791015625
895,339.798595941456,500,340.39676833241,255375,67.1223449707031
896,322.505270988621,500,340.981277450001,255875,66.4605255126953
897,311.96917315182,500,338.753666335296,256375,63.4719772338867
898,351.736103298476,500,341.232712400426,256875,67.6421585083008
899,333.712888531313,500,343.306140716168,257375,64.6025390625
900,384.221025770846,500,335.34778224653,257875,67.1523284912109
901,351.754837107878,500,338.652171365419,258375,66.1278533935547
902,344.861183621354,500,339.233135411728,258875,67.0215835571289
903,317.633170764912,500,339.671889930253,259375,64.4128799438477
904,347.97207362465,500,340.616432280132,259875,66.3808059692383
905,335.034244701839,500,340.139997156171,260375,66.0423736572266
906,589.404958002857,782,366.829965857594,261157,64.9996490478516
907,397.372850914904,500,375.370333633903,261657,66.2524490356445
908,335.399400521011,500,373.736663356156,262157,65.6354370117188
909,320.808373224145,500,372.446211825439,262657,68.3674392700195
910,337.020111648009,500,367.726120413156,263157,67.5672607421875
911,339.606061647599,500,366.511242867128,263657,67.5816497802734
912,465.003529056846,500,378.525477410677,264157,66.9214782714844
913,315.872525777689,500,378.349412911955,264657,64.9237289428711
914,346.053851263983,500,378.157590675888,265157,65.6197204589844
915,329.861467717004,500,377.640312977405,265657,65.6028366088867
916,340.698685222131,500,352.769685699332,266157,65.4805221557617
917,331.183676130757,500,346.150768220918,266657,67.0706100463867
918,341.053336505859,500,346.716161819402,267157,67.6427688598633
919,333.744106180134,500,348.009735115001,267657,68.9259643554688
920,325.568562629892,500,346.86458021319,268157,66.6486434936523
921,340.126943170422,500,346.916668365472,268657,68.5395889282227
922,348.916900705971,500,335.308005530384,269157,67.0362930297852
923,335.769388129772,500,337.297691765593,269657,67.1658172607422
924,338.37925532352,500,336.530232171546,270157,67.2321624755859
925,340.371939626868,500,337.581279362533,270657,69.0086517333984
926,318.875645322513,500,335.398975372571,271157,68.2677459716797
927,342.925154363526,500,336.573123195848,271657,68.2408447265625
928,351.595613058763,500,337.627350851138,272157,68.243522644043
929,344.735947529562,500,338.726534986081,272657,68.0679473876953
930,326.181253924157,500,338.787804115507,273157,67.4945449829102
931,355.432568317697,500,340.318366630235,273657,69.1413345336914
932,333.427392113712,500,338.769415771009,274157,65.3796157836914
933,334.439711923928,500,338.636448150424,274657,67.4387893676758
934,352.43881809854,500,340.042404427926,275157,69.4402847290039
935,325.954811655855,500,338.600691630825,275657,65.7514190673828
936,357.843154378062,500,342.49744253638,276157,69.2633056640625
937,334.28765975947,500,341.633693075975,276657,67.7246322631836
938,349.282089743731,500,341.402340744471,277157,69.8431015014648
939,332.102217063318,500,340.138967697847,277657,68.1874008178711
940,457.523427862758,500,353.273185091707,278157,68.9272308349609
941,343.731985187924,500,352.10312677873,278657,67.4409027099609
942,411.090711536979,500,359.869458721057,279157,70.3472290039062
943,450.102489067945,500,371.435736435458,279657,69.6464309692383
944,641.72653492098,840,400.364508117702,280497,66.856330871582
945,458.420707798129,500,413.61109773193,280997,69.7328262329102
946,347.136453610706,500,412.540427655194,281497,70.7813949584961
947,357.855876255842,500,414.897249304831,281997,69.7533874511719
948,335.352488951769,500,413.504289225635,282497,69.0871429443359
949,487.105523554559,671,429.004619874759,283168,64.9997329711914
950,341.1451714863,500,417.366794237113,283668,69.6199951171875
951,533.060258315152,582,436.299621549836,284250,71.1000518798828
952,358.932448042589,500,431.083795200397,284750,70.4486999511719
953,339.377934362743,500,420.011339729877,285250,69.4778137207031
954,423.138097417837,500,398.152495979563,285750,70.3338928222656
955,355.323720448999,500,387.84279724465,286250,70.4127044677734
956,366.335749587355,534,389.762726842314,286784,68.9195709228516
957,485.604378493214,675,402.537577066052,287459,69.2384872436523
958,331.998424770399,500,402.202170647915,287959,68.6007919311523
959,322.525504294965,500,385.744168721955,288459,72.0241546630859
960,330.900581588888,500,384.719709732214,288959,68.0363311767578
961,341.105830488484,500,365.524266949547,289459,72.2250747680664
962,361.883865733264,547,365.819408718615,290006,66.823600769043
963,348.638696418815,500,366.745484924222,290506,71.345458984375
964,338.921950350071,500,358.323870217445,291006,71.893669128418
965,339.436443019631,500,356.735142474509,291506,69.4038238525391
966,462.071107343891,658,366.308678250162,292164,68.5205307006836
967,334.396177958122,500,351.187858196653,292664,68.1728897094727
968,537.910709205969,575,371.77908664021,293239,71.4962539672852
969,343.519362394495,500,373.878472450163,293739,70.8603897094727
970,334.568265801203,500,374.245240871395,294239,69.9453887939453
971,431.959695335251,500,383.330627356071,294739,71.905158996582
972,358.651410506572,500,383.007381833402,295239,72.8405609130859
973,349.676657454001,534,383.111177936921,295773,69.7627792358398
974,360.651903180771,500,385.284173219991,296273,72.9826278686523
975,313.859700573083,500,382.726498975336,296773,67.6457290649414
976,324.825452960942,500,369.001933537041,297273,70.7037506103516
977,577.379665971772,788,393.300282338406,298061,68.7917098999023
978,335.913292012607,500,373.10054061907,298561,71.1718139648438
979,444.59937708278,500,383.208542087898,299061,71.5916061401367
980,430.583626888069,617,392.810078196585,299678,69.9236145019531
981,572.599708775572,788,406.874079540617,300466,68.011116027832
982,635.067211200156,680,434.515659609975,301146,72.2430953979492
983,366.659078574405,500,436.213901722016,301646,72.3993530273438
984,330.588959511941,509,433.207607355133,302155,70.5399780273438
985,342.460793692865,500,436.067716667111,302655,71.4923477172852
986,332.488851070228,500,436.83405647804,303155,71.863883972168
987,438.065403429211,648,422.902630223783,303803,66.9258117675781
988,465.140204569771,500,435.8253214795,304303,73.8292770385742
989,360.025393150431,537,427.367923086265,304840,70.7249984741211
990,336.253428418837,500,417.934903239342,305340,73.052848815918
991,363.730011034706,559,397.047933465255,305899,68.1029052734375
992,340.815819321746,500,367.622794277414,306399,71.6970367431641
993,454.550061250823,500,376.411892545056,306899,72.7080612182617
994,350.541101822001,500,378.407106776062,307399,72.4292297363281
995,339.247410632009,500,378.085768469976,307899,73.423454284668
996,317.961823345976,500,376.633065697551,308399,70.1279449462891
997,333.821158806546,500,366.208641235285,308899,72.6561431884766
998,349.695119636332,500,354.664132741941,309399,73.3180313110352
999,441.896125957843,500,362.851206022682,309899,72.2146224975586
1000,327.424138007139,500,361.968276981512,310399,71.0927429199219
1001,517.892779335281,556,377.38455381157,310955,73.406852722168
1002,345.895821773632,500,377.892554056758,311455,71.6098098754883
1003,439.119370096157,633,376.349484941292,312088,70.9743576049805
1004,533.824239211438,735,394.677798680235,312823,71.1837005615234
1005,466.516465800276,500,407.404704197062,313323,71.9094467163086
1006,338.80686401402,500,409.489208263866,313823,72.0890197753906
1007,360.966026552594,500,412.203695038471,314323,71.9616165161133
1008,362.013936452605,500,413.435576720098,314823,73.7543716430664
1009,322.940843788064,500,401.540048503121,315323,72.481086730957
1010,331.83919570121,500,401.981554272528,315823,72.310188293457
1011,389.499944214645,500,389.142270760464,316323,72.7475738525391
1012,458.85084412933,500,400.437772996034,316823,73.7128524780273
1013,331.392059811425,500,389.665041967561,317323,70.6196060180664
1014,401.064483433448,607,376.389066389762,317930,70.5040435791016
1015,450.580797875185,500,374.795499597253,318430,73.0488662719727
1016,343.391191413495,500,375.2539323372,318930,74.9431381225586
1017,411.509637773505,500,380.308293459291,319430,74.2025909423828
1018,334.012452986228,500,377.508145112654,319930,74.0608062744141
1019,394.506469167817,500,384.664707650629,320430,73.1598968505859
1020,326.880905637436,500,384.168878644251,320930,71.3058624267578
1021,320.641591542988,500,377.283043377086,321430,71.0850219726562
1022,331.443879132934,529,364.542346877446,321959,69.0450897216797
1023,345.000399434399,500,365.903180839743,322459,74.5623474121094
1024,311.323691446824,500,356.929101641081,322959,68.8343963623047
1025,331.304077995497,500,345.001429653112,323459,73.4619445800781
1026,404.82886858059,612,351.145197369822,324071,70.6206512451172
1027,456.480939691441,500,355.642327561615,324571,73.7397155761719
1028,346.907139589242,500,356.931796221917,325071,75.6908493041992
1029,318.541430520416,500,349.335292357177,325571,71.3891372680664
1030,359.950410642334,500,352.642242857666,326071,75.0198516845703
1031,337.508176555901,500,354.328901358958,326571,76.2013320922852
1032,421.369683029021,500,363.321481748566,327071,72.9143218994141
1033,338.300152845319,500,362.651457089659,327571,72.9620971679688
1034,367.657731551851,500,368.284861100161,328071,75.4590835571289
1035,360.113036885945,500,371.165756989206,328571,75.2215347290039
1036,359.974246242072,500,366.680294755354,329071,74.7166061401367
1037,446.54362840019,500,365.686563626229,329571,72.6311264038086
1038,364.819488551315,500,367.477798522437,330071,74.4830856323242
1039,357.184399657706,500,371.342095436166,330571,75.4676284790039
1040,514.176861820672,554,386.764740553999,331125,75.4589614868164
1041,358.509455848075,500,388.864868483217,331625,76.4178161621094
1042,338.363128985941,500,380.564213078909,332125,73.9309844970703
1043,342.656554438933,500,380.99985323827,332625,73.8412017822266
1044,324.329949534579,500,376.667075036543,333125,74.2926864624023
1045,465.996110240008,500,387.255382371949,333625,74.2662124633789
1046,349.752009497325,500,386.233158697474,334125,75.8024139404297
1047,483.735467429152,691,389.952342600371,334816,71.9470596313477
1048,385.872687000644,500,392.057662445303,335316,74.3002624511719
1049,340.40095112889,500,390.379317592422,335816,75.9064407348633
1050,426.471345666857,500,381.60876597704,336316,74.4802474975586
1051,337.743755952192,500,379.532195987452,336816,74.8386459350586
1052,333.153888076911,500,379.011271896549,337316,75.1766052246094
1053,327.780434413325,500,377.523659893988,337816,72.557014465332
1054,359.817988477806,500,381.072463788311,338316,75.7216720581055
1055,386.452181937309,500,373.118070958041,338816,74.5548248291016
1056,327.022256250991,500,370.845095633408,339316,72.4816818237305
1057,438.382991475194,500,366.309848038012,339816,73.1121597290039
1058,325.889661772658,500,360.311545515213,340316,74.4360275268555
1059,356.699176462414,500,361.941368048566,340816,74.0944519042969
1060,351.845457712416,500,354.478779253122,341316,77.0495758056641
1061,425.730759401405,500,363.277479598043,341816,74.3925018310547
1062,401.144810132517,500,370.076571803603,342316,74.9239196777344
1063,448.946247583861,500,382.193153120657,342816,76.4603805541992
1064,409.245231820094,609,387.135877454886,343425,69.9002456665039
1065,315.297354497901,500,380.020394710945,343925,71.3561401367188
1066,352.911314651943,500,382.60930055104,344425,76.0101470947266
1067,464.28972244159,500,385.19997364768,344925,73.7072525024414
1068,449.520419701231,500,397.563049440537,345425,77.067626953125
1069,781.085108085496,991,440.001642602845,346416,72.8703308105469
1070,405.068966232693,598,445.323993454873,347014,71.3170928955078
1071,335.10859117308,500,436.261776632041,347514,77.4367065429688
1072,361.961320923861,500,432.343427711175,348014,74.0011749267578
1073,331.022848525383,500,420.551087805327,348514,73.5429534912109
1074,333.787287986843,500,413.005293422002,349014,75.2097625732422
1075,470.166205903085,652,428.49217856252,349666,72.292724609375
1076,459.119946562329,500,439.113041753559,350166,75.1886138916016
1077,361.856725888867,500,428.869742098287,350666,77.4328002929688
1078,328.950534582238,500,416.812753586387,351166,73.585578918457
1079,340.66671162064,500,372.770913939902,351666,77.5409698486328
1080,328.985876800336,500,365.162604996666,352166,73.9595947265625
1081,335.421347843001,500,365.193880663658,352666,75.097541809082
1082,437.577060940195,500,372.755454665292,353166,74.0436019897461
1083,364.394055978692,500,376.092575410623,353666,76.907470703125
1084,407.963477647587,500,383.510194376697,354166,78.1534194946289
1085,326.580573431208,500,369.151631129509,354666,69.2906723022461
1086,327.628167918357,500,356.002453265112,355166,74.9377899169922
1087,354.13108412408,500,355.229889088633,355666,77.9050827026367
1088,358.722579165009,536,358.207093546911,356202,72.5706481933594
1089,437.720848765334,500,367.91250726138,356702,73.7972183227539
1090,419.153049512688,615,376.929224532615,357317,72.6432418823242
1091,342.085321121057,500,377.595621860421,357817,77.838020324707
1092,357.38880889186,500,369.576796655588,358317,76.5367813110352
1093,450.390616365714,500,378.17645269429,358817,76.0036163330078
1094,550.366215804146,758,392.416726509946,359575,74.6197128295898
1095,339.502953809774,500,393.708964547802,360075,78.4376678466797
1096,338.015579121005,500,394.747705668067,360575,76.4874420166016
1097,344.565426585966,500,393.791139914256,361075,77.8979721069336
1098,322.992966548337,500,390.218178652589,361575,73.0599594116211
1099,353.897278892936,500,381.835821665349,362075,77.3676147460938
1100,370.949475853728,500,377.015464299453,362575,79.0019989013672
1101,338.592412180087,500,376.666173405355,363075,79.7151794433594
1102,458.418224020753,500,386.769114918245,363575,76.7725143432617
1103,419.172894534269,500,383.6473427351,364075,77.432975769043
1104,316.881133901451,500,360.298834544831,364575,75.3856658935547
1105,367.609282348214,500,363.109467398675,365075,78.4885025024414
1106,344.670569716982,500,363.774966458273,365575,79.0918579101562
1107,353.283461533877,500,364.646769953063,366075,79.7296600341797
1108,331.471320495935,500,365.494605347823,366575,74.6643295288086
1109,322.806749483111,500,362.385552406841,367075,70.037109375
1110,339.44621303306,500,359.235226124774,367575,78.7246780395508
1111,376.444735864348,500,363.0204584932,368075,78.9568481445312
1112,331.104804249616,500,350.289116516086,368575,73.814826965332
1113,339.326687438721,500,342.304495806531,369075,75.940559387207
1114,350.554689799719,500,345.671851396358,369575,77.435676574707
1115,331.288862186351,500,342.039809380172,370075,72.7866516113281
1116,332.660120769609,500,340.838764485435,370575,75.8580093383789
1117,446.154703520812,500,350.125888684128,371075,76.3675994873047
1118,397.122071527352,500,356.69096378727,371575,78.3156661987305
1119,343.154544258214,500,358.72574326478,372075,77.5567474365234
1120,337.086123664273,500,358.489734327901,372575,78.1003112792969
1121,339.468514853484,500,354.792112226815,373075,74.8125457763672
1122,336.429701669983,500,355.324601968852,373575,72.0017852783203
1123,365.572384714969,500,357.949171696476,374075,76.796516418457
1124,336.902917637155,500,356.58399448022,374575,74.2570571899414
1125,434.839865633065,500,366.939094824892,375075,78.8603057861328
1126,333.980935116487,500,367.071176259579,375575,75.2237014770508
1127,339.669002319069,500,356.422606139405,376075,75.1068344116211
1128,503.263635593697,698,367.036762546039,376773,75.3116149902344
1129,338.715218366613,500,366.592829956879,377273,80.1106109619141
1130,332.274207959467,500,366.111638386399,377773,71.4403762817383
1131,336.835669077236,500,365.848353808774,378273,76.3489456176758
1132,339.101027957724,500,366.115486437548,378773,76.8255996704102
1133,465.197525886723,500,376.078000554724,379273,79.7702331542969
1134,658.092734067188,707,408.196982197727,379980,80.3336486816406
1135,358.84353565098,500,400.597349199518,380480,78.4848175048828
1136,363.158804098733,500,403.515136097743,380980,79.4011688232422
1137,354.307959316238,500,404.97903179746,381480,79.4423980712891
1138,453.242317954472,504,399.976900033537,381984,77.599479675293
1139,861.132283592777,1100,452.218606556154,383084,75.8568267822266
1140,363.422166872414,500,455.333402447448,383584,79.9437713623047
1141,348.474305161884,500,456.497266055913,384084,80.335807800293
1142,679.158413334681,732,490.503004593609,384816,78.3587417602539
1143,408.213912007885,500,484.804643205725,385316,79.3935775756836
1144,344.634749042496,500,453.458844703256,385816,80.5577697753906
1145,331.534009025022,500,450.72789204066,386316,78.6271743774414
1146,458.196592703986,500,460.231670901186,386816,76.764404296875
1147,329.141806311195,500,457.715055600681,387316,76.7711181640625
1148,464.739834836094,500,458.864807288844,387816,77.0173187255859
1149,464.97409821282,500,419.248988750848,388316,78.8943710327148
1150,341.534525309212,500,417.060224594528,388816,79.804313659668
1151,482.94243264754,678,430.507037343093,389494,78.8800888061523
1152,352.195876362989,500,397.810783645924,389994,80.8186721801758
1153,332.131589673138,500,390.202551412449,390494,75.7598266601562
1154,457.305837162302,500,401.46966022443,390994,79.6738052368164
1155,385.502173046196,500,406.866476626547,391494,79.738655090332
1156,750.345280987497,810,436.081345454898,392304,78.8706970214844
1157,333.845971646926,500,436.551761988471,392804,73.8479156494141
1158,442.736024828972,500,434.351380987759,393304,80.9011993408203
1159,358.195463445649,540,423.673517511042,393844,74.8056564331055
1160,343.653225694034,500,423.885387549524,394344,80.4354019165039
1161,1304.98087913163,1421,506.089232197933,395765,77.9240493774414
1162,364.278824104111,500,507.297526972045,396265,81.0903778076172
1163,474.207492616952,531,521.505117266427,396796,78.7761840820312
1164,717.156524712781,927,547.490186021475,397723,75.5254516601562
1165,348.73970123783,500,543.813938840638,398223,78.1954574584961
1166,345.373857631881,500,503.316796505076,398723,78.529167175293
1167,462.342811371763,500,516.16648047756,399223,80.3205413818359
1168,405.361508128637,500,512.429028807527,399723,82.3703079223633
1169,860.365999288802,930,562.646082391842,400653,79.0219650268555
1170,464.932482448586,500,574.774008067297,401153,79.0543975830078
1171,333.363180897301,500,477.612238243865,401653,78.9964447021484
1172,496.215676868082,532,490.805923520262,402185,81.5709991455078
1173,516.83917944491,555,495.069092203057,402740,79.9599075317383
1174,332.393719784933,500,456.592811710273,403240,78.8783416748047
1175,369.821705114212,500,458.701012097911,403740,81.2198181152344
1176,761.788690835358,818,500.342495418258,404558,81.7405166625977
1177,320.830177937812,500,486.191232074863,405058,78.9034881591797
1178,339.711155172457,500,479.626196779245,405558,74.6488952636719
1179,341.298640187181,500,427.719460869083,406058,74.170295715332
1180,485.818189262363,519,429.808031550461,406577,80.7129364013672
1181,448.027554163604,500,441.274468877091,407077,79.7281494140625
1182,402.344475404521,500,431.887348730735,407577,81.3412551879883
1183,348.211913667771,500,415.024622153021,408077,77.989616394043
1184,452.65925147986,500,427.051175322514,408577,81.0731353759766
1185,504.39380950372,541,440.508385761465,409118,79.6846160888672
1186,446.492012838054,500,408.978717961735,409618,81.8848342895508
1187,575.664970025122,635,434.462197170465,410253,82.277099609375
1188,557.491290883172,598,456.240210741537,410851,80.6886901855469
1189,494.448316370307,530,471.555178359849,411381,78.478401184082
1190,549.085678131695,590,477.881927246783,411971,80.5710830688477
1191,340.733591810708,500,467.152531011493,412471,75.1957015991211
1192,606.988931558518,653,487.616976626893,413124,78.1893997192383
1193,341.609401255524,500,486.956725385668,413624,80.0923767089844
1194,462.362134379065,500,487.927013675589,414124,82.6477432250977
1195,333.19622988817,500,470.807255714034,414624,70.307014465332
1196,380.798280124967,500,464.237882442725,415124,79.5057830810547
1197,520.803584713369,562,458.75174391155,415686,81.987548828125
1198,465.412235624081,500,449.543838385641,416186,80.8761291503906
1199,465.428594125591,500,446.641866161169,416686,79.3245239257812
1200,614.228837830015,661,453.156182131001,417347,81.3498840332031
1201,651.99401262582,706,484.282224212512,418053,80.8734588623047
1202,346.644938950744,500,458.247824951735,418553,79.2753448486328
1203,562.490774242174,606,480.3359622504,419159,79.8915710449219
1204,760.46458137087,827,510.14620694958,419986,76.9203872680664
1205,360.116293328526,500,512.838213293616,420486,79.7563934326172
1206,463.369706592956,500,521.095355940415,420986,81.9530258178711
1207,453.415923455049,500,514.356589814583,421486,80.9181823730469
1208,343.571071516918,500,502.172473403866,421986,76.7499618530273
1209,338.414744535856,500,489.471088444893,422486,74.9656143188477
1210,512.122235976317,554,479.260428259523,423040,81.8622589111328
1211,539.577123069164,583,468.018739303857,423623,81.1157684326172
1212,409.472759182342,500,474.301521327017,424123,82.8835906982422
1213,343.313445692494,500,452.383788472049,424623,81.2432556152344
1214,712.37397200698,766,447.57472753566,425389,82.6034317016602
1215,505.160070192505,544,462.079105222058,425933,81.3512573242188
1216,460.116212878433,500,461.753755850606,426433,83.1813659667969
1217,417.330350908615,581,458.145198595962,427014,74.4842910766602
1218,593.665146555346,637,483.154606099805,427651,82.1973342895508
1219,446.683272663562,500,493.981458912576,428151,81.380973815918
1220,347.273787957528,500,477.496614110697,428651,80.6010513305664
1221,343.093921879374,500,457.848293991718,429151,72.9037322998047
1222,448.122231317239,500,461.713241205208,429651,80.5629196166992
1223,344.667662657107,500,461.848662901669,430151,77.8789596557617
1224,514.265246188766,552,442.037790319848,430703,78.7422943115234
1225,493.049902390235,530,440.826773539621,431233,80.926643371582
1226,433.357588922219,500,438.150911143999,431733,82.0306930541992
1227,343.44856962801,500,430.762733015939,432233,79.0887145996094
1228,343.819491971135,500,405.778167557517,432733,79.2559509277344
1229,494.022394763256,529,410.512079767487,433262,82.2172927856445
1230,435.508784389565,500,419.33557941069,433762,82.3617782592773
1231,466.925260221527,500,431.718713244906,434262,83.2511672973633
1232,761.279642239385,842,463.03445433712,435104,84.2127914428711
1233,453.69448148547,500,473.937136219957,435604,83.4278335571289
1234,339.59406141816,500,456.470017742896,436104,78.101676940918
1235,355.747270300377,500,442.73975453391,436604,81.0918807983398
1236,466.221239585177,500,446.026119600206,437104,83.1732177734375
1237,438.040757425189,500,455.485338379924,437604,81.3054351806641
1238,464.429297994573,500,467.546318982268,438104,83.691032409668
1239,346.327443186264,500,452.776823824569,438604,76.2590484619141
1240,593.992830547776,658,468.62522844039,439262,82.9441757202148
1241,463.260269521719,500,468.258729370409,439762,83.3019027709961
1242,666.492893454015,717,458.780054491872,440479,79.4498291015625
1243,455.749730456583,500,458.985579388983,440979,84.3080368041992
1244,341.359205562129,500,459.16209380338,441479,78.9653015136719
1245,461.449900535338,500,469.732356826876,441979,82.7498168945312
1246,442.924318895771,500,467.402664757936,442479,83.1605834960938
1247,402.38252465524,500,463.836841480941,442979,79.2563018798828
1248,340.784069055334,500,451.472318587017,443479,76.6942596435547
1249,465.058206113677,500,463.345394879758,443979,82.5702209472656
1250,476.840257079256,511,451.630137532906,444490,83.5740280151367
1251,460.823350107248,500,451.386445591459,444990,82.2890853881836
1252,467.340019296769,502,431.471158175735,445492,82.6250381469727
1253,481.907653101725,514,434.086950440249,446006,84.1613235473633
1254,465.567160164478,500,446.507745900484,446506,82.160400390625
1255,459.892544134042,500,446.352010260354,447006,81.9086532592773
1256,481.000796973066,518,450.159658068084,447524,82.6300201416016
1257,459.317888197332,500,455.853194422293,448024,84.8526763916016
1258,461.431979204986,500,467.917985437258,448524,83.6274337768555
1259,461.801609086693,500,467.59232573456,449024,81.4943008422852
1260,477.374141503995,510,467.645714177034,449534,79.769172668457
1261,478.674190536826,515,469.430798219991,450049,79.7587356567383
1262,381.915705824538,500,460.888366872768,450549,83.0379791259766
1263,466.02849164856,500,459.300450727452,451049,83.2332916259766
1264,477.489131320873,514,460.492647843091,451563,81.8355178833008
1265,465.048563415709,500,461.008249771258,452063,82.2761154174805
1266,580.855469582885,624,470.99371703224,452687,83.3196640014648
1267,455.607025482059,500,470.622630760712,453187,82.7232666015625
1268,350.006404113009,500,459.480073251515,453687,78.6388244628906
1269,348.037454318608,500,448.103657774706,454187,80.7787780761719
1270,350.46653084286,500,435.412896708593,454687,78.4839172363281
1271,360.799585552284,500,423.625436210139,455187,82.2337036132812
1272,469.017939417624,502,432.335659569447,455689,84.8786163330078
1273,510.870792666112,546,436.819889671202,456235,84.0191497802734
1274,495.53113532261,529,438.624090071376,456764,82.183349609375
1275,796.857707075283,861,471.805004437334,457625,82.3163452148438
1276,460.533857711533,500,459.772843250198,458125,83.2987289428711
1277,472.767072800834,505,461.488847982076,458630,85.3370056152344
1278,574.5969128232,620,483.947898853095,459250,81.7698516845703
1279,717.432539441554,775,520.887407365389,460025,81.8895034790039
1280,438.989022692179,500,529.739656550321,460525,82.3586273193359
1281,425.463812001072,500,536.2060791952,461025,83.8517608642578
1282,450.793109851855,500,534.383596238623,461525,83.463020324707
1283,636.233922527157,681,546.919909224728,462206,84.8923110961914
1284,763.520901436899,819,573.718885836157,463025,83.4526062011719
1285,524.173322209499,558,546.450447349578,463583,85.5711135864258
1286,505.12334874945,540,550.90939645337,464123,82.7574996948242
1287,560.141845463551,602,559.646873719641,464725,83.5963668823242
1288,396.680199970259,567,541.855202434347,465292,81.2972793579102
1289,344.521872175339,500,504.564135707726,465792,81.7535018920898
1290,467.330459952403,500,507.398279433748,466292,86.0982666015625
1291,332.848379668421,500,498.136736200483,466792,80.0721130371094
1292,553.847804839356,595,508.442205699233,467387,81.2745513916016
1293,463.657993058569,500,491.184612752375,467887,84.8018798828125
1294,486.07142218415,519,463.4396648271,468406,85.9413299560547
1295,695.826515847632,751,480.604984190913,469157,79.0519866943359
1296,467.812327257807,500,476.873882041749,469657,85.4900360107422
1297,465.240527043726,500,467.383750199766,470157,77.649284362793
1298,492.714558820264,528,476.987186084766,470685,84.1655883789062
1299,459.582389466567,500,488.493237813889,471185,84.7632904052734
1300,461.274744541653,500,487.887666272814,471685,85.4346771240234
1301,546.261317136437,584,509.228960019616,472269,86.2530975341797
1302,435.082851237591,500,497.35246465944,472769,84.9808654785156
1303,482.932419218682,518,499.279907275451,473287,82.6563186645508
1304,591.480873543168,663,509.820852411353,473950,84.3184051513672
1305,697.330223337692,751,509.971223160359,474701,82.3047561645508
1306,426.531718803321,500,505.84316231491,475201,86.3005599975586
1307,474.898124724536,510,506.808922082991,475711,84.278076171875
1308,893.591876021291,969,546.896653803094,476680,85.0488586425781
1309,367.677382194061,500,537.706153075843,477180,83.2693862915039
1310,444.4506464462,500,536.023743266298,477680,85.1271133422852
1311,593.651133598889,657,540.762724912543,478337,83.3996429443359
1312,485.936764129925,522,545.848116201776,478859,83.6186294555664
1313,445.045380154117,500,542.05941229532,479359,83.3005752563477
1314,345.14253558738,500,517.425578499741,479859,83.0188140869141
1315,368.154627120019,529,484.508018877974,480388,80.5276718139648
1316,447.729051468409,500,486.627752144483,480888,84.3833084106445
1317,510.894417323484,551,490.227381404377,481439,83.6704711914062
1318,502.691904185033,686,451.137384220752,482125,76.8875427246094
1319,481.772750123358,522,462.546921013681,482647,84.0121612548828
1320,475.25334611753,512,465.627190980814,483159,84.2131881713867
1321,391.248131316869,500,445.386890752612,483659,76.5891494750977
1322,752.495173732487,809,472.042731712868,484468,84.4992599487305
1323,344.168395493154,500,461.955033246772,484968,84.5656051635742
1324,701.144956678961,756,497.55527535593,485724,83.9216766357422
1325,350.649399828494,500,495.804752626778,486224,77.8550186157227
1326,343.981738419813,500,485.430021321918,486724,83.6062622070312
1327,444.099932568053,500,478.750572846375,487224,79.9552917480469
1328,337.045666189074,500,462.185949046779,487724,79.0554275512695
1329,814.261951652892,878,495.434869199733,488602,82.948616027832
1330,1205.68732037664,1308,568.478266625644,489910,81.2818832397461
1331,348.803124921673,500,564.233765986124,490410,84.252685546875
1332,475.279068685957,513,536.512155481471,490923,85.9179916381836
1333,428.273345112315,500,544.922650443387,491423,80.6117553710938
1334,331.280194910172,500,507.936174266508,491923,76.5546112060547
1335,635.617522911103,686,536.432986574769,492609,85.4620361328125
1336,583.375903012446,629,560.372403034032,493238,84.1980285644531
1337,413.041828644481,500,557.266592641675,493738,86.4862899780273
1338,380.139609985508,500,561.575987021318,494238,85.1755294799805
1339,505.42828797645,545,530.692620653674,494783,84.4405899047852
1340,585.021960549876,633,468.626084670998,495416,83.9410018920898
1341,798.501301750941,885,513.595902353925,496301,82.6332473754883
1342,433.35034293827,500,509.403029779156,496801,83.8697967529297
1343,460.464762898439,500,512.622171557769,497301,85.4162750244141
1344,523.336274344105,583,531.827779501162,497884,84.6446914672852
1345,441.806122150807,500,512.446639425132,498384,84.8868637084961
1346,737.416262235519,796,527.85067534744,499180,79.7297744750977
1347,379.019480379046,500,524.448440520896,499680,84.4356994628906
1348,399.09134483463,500,526.343614005808,500180,84.7589416503906
1349,649.048601911093,720,540.705645399272,500900,82.8343048095703
1350,979.790276659424,1062,580.182477010227,501962,82.5432586669922
1351,421.344871743066,500,542.46683400944,502462,86.771240234375
1352,456.936597734902,509,544.825459489103,502971,83.5247039794922
1353,452.137112552393,503,543.992694454498,503474,85.0793304443359
1354,446.072870178677,500,536.266354037956,503974,86.7306213378906
1355,548.785621539077,593,546.964303976783,504567,84.6148452758789
1356,346.592613687507,500,507.881939121981,505067,85.3793182373047
1357,659.501244175403,711,535.930115501617,505778,79.2384490966797
1358,441.016175513322,500,540.122598569486,506278,85.5328903198242
1359,475.684573741478,533,522.786195752525,506811,83.0875930786133
1360,607.591534489809,659,485.566321535563,507470,84.8552017211914
1361,456.812270781841,500,489.113061439441,507970,84.629768371582
1362,425.880931746932,500,486.007494840644,508470,85.802116394043
1363,386.917765284883,500,479.485560113893,508970,84.7721176147461
1364,432.425715459175,500,478.120844641943,509470,85.8837203979492
1365,447.619591975302,500,468.004241685565,509970,81.1064834594727
1366,463.359756839663,500,479.680956000781,510470,84.6482009887695
1367,513.976353056258,554,465.128466888866,511024,85.8680725097656
1368,497.788823109839,534,470.805731648518,511558,84.8051605224609
1369,447.074819630587,500,467.944756237429,512058,86.0850143432617
1370,331.980493912618,500,440.38365217971,512558,71.5898895263672
1371,873.06314714795,1080,482.008739816321,513638,75.1341247558594
1372,364.964986198913,500,475.917145261519,514138,86.5584869384766
1373,441.549509969091,500,481.38031972994,514638,87.0631637573242
1374,533.106514623022,575,491.448399646324,515213,84.6810302734375
1375,470.384133591199,507,493.724853807914,515720,81.2428207397461
1376,370.012249427988,500,484.390103066747,516220,85.3303680419922
1377,330.372426167594,500,466.02971037788,516720,75.4455490112305
1378,402.982762936204,500,456.549104360517,517220,86.3180694580078
1379,416.671592042052,500,453.508781601663,517720,85.0777816772461
1380,638.500163384013,691,484.160748548803,518411,85.7734451293945
1381,341.404910495695,500,430.994924883577,518911,83.8197250366211
1382,394.035708730317,500,433.901997136718,519411,87.8645172119141
1383,419.595705442698,500,431.706616684078,519911,84.5642852783203
1384,482.098882744171,523,426.605853496193,520434,81.9153060913086
1385,536.662522497597,579,433.233692386833,521013,87.3334197998047
1386,428.576830326512,500,439.090150476685,521513,86.4477081298828
1387,458.543508218308,500,451.907258681757,522013,85.2509613037109
1388,462.278924018414,502,457.836874789978,522515,81.6282196044922
1389,361.503692855577,500,452.32008487133,523015,86.5066528320312
1390,332.516196633384,500,421.721688196267,523515,80.3893508911133
1391,456.492709675088,500,433.230468114207,524015,86.9604873657227
1392,342.409813798484,500,428.067878621023,524515,86.7219467163086
1393,976.285635453174,1061,483.736871622071,525576,83.0841293334961
1394,343.043891800683,500,469.831372527722,526076,80.6414184570312
1395,345.964147361314,500,450.761535014094,526576,86.1450347900391
1396,581.369928476082,629,466.040844829051,527205,83.7412719726562
1397,336.345992106219,500,453.821093217842,527705,73.0450439453125
1398,333.554612093181,500,440.948662025318,528205,79.5381240844727
1399,407.854537965569,500,445.583746536318,528705,86.7043533325195
1400,445.823796757915,500,456.914506548771,529205,86.3085784912109
1401,504.938436878503,543,461.759079269112,529748,88.1498184204102
1402,435.131587635152,500,471.031256652779,530248,84.6137924194336
1403,331.793747316861,500,406.582067839148,530748,83.0627517700195
1404,533.329770924706,580,425.61065575155,531328,86.7752456665039
1405,542.649263232591,586,445.279167338678,531914,87.8121032714844
1406,355.278284720196,500,422.670002963089,532414,85.9452667236328
1407,331.591921519228,500,422.19459590439,532914,78.9540786743164
1408,787.264817788532,977,467.565616473925,533891,79.0204696655273
1409,361.70292386434,521,462.950455063802,534412,83.2848968505859
1410,464.625180548054,500,464.830593442816,534912,86.1960525512695
1411,442.937047864253,500,458.630454541391,535412,85.8888778686523
1412,460.412824819275,500,461.158578259804,535912,84.6740341186523
1413,748.352463355705,807,502.814449863688,536719,86.6265640258789
1414,486.621240133042,527,498.143596784522,537246,85.0711288452148
1415,388.038576818636,551,482.682528143126,537797,81.5945358276367
1416,448.93118338482,500,492.047818009589,538297,83.516357421875
1417,443.362109233003,500,503.224836780966,538797,86.4255676269531
1418,382.90676509655,500,462.789031511768,539297,84.8660430908203
1419,334.837397659618,500,460.102478891296,539797,82.565544128418
1420,504.937296356512,545,464.133690472141,540342,85.2051773071289
1421,464.006855775764,500,466.240671263293,540842,85.2297058105469
1422,457.784267794449,500,465.97781556081,541342,85.6956253051758
1423,357.790092977945,500,426.921578523034,541842,86.8462371826172
1424,339.796037526686,500,412.239058262398,542342,84.2164993286133
1425,464.110756934178,500,419.846276273952,542842,84.6409530639648
1426,600.980207829596,645,435.05117871843,543487,87.551513671875
1427,412.070847634035,500,431.922052558533,543987,85.8480377197266
1428,430.732716273614,500,436.70464767624,544487,88.5264053344727
1429,377.752178508995,565,440.996125761177,545052,76.7767639160156
1430,482.195898949049,519,438.721986020431,545571,88.863899230957
1431,325.287901535471,500,424.850090596402,546071,81.9175643920898
1432,439.546961709154,500,423.026359987872,546571,86.0546417236328
1433,460.971091285057,500,433.344459818583,547071,85.2580337524414
1434,579.666863101581,627,457.331542376073,547698,87.8591918945312
1435,514.298682198539,555,462.350334902509,548253,87.0314865112305
1436,965.294559435933,1050,498.781770063143,549303,84.7760162353516
1437,488.758324738125,527,506.450517773552,549830,85.7028198242188
1438,370.963244735923,543,500.473570619783,550373,82.8112564086914
1439,462.902410571625,500,508.988593826046,550873,85.8666534423828
1440,639.995243979654,691,524.768528329106,551564,87.6686477661133
1441,471.698592677395,507,539.409597443299,552071,88.8654556274414
1442,506.183595606433,697,546.073260833027,552768,81.7182312011719
1443,509.537217718188,552,550.92987347634,553320,77.9776840209961
1444,392.05289124081,500,532.168476290263,553820,86.4860153198242
1445,372.23730796201,500,517.96233886661,554320,87.261833190918
1446,417.845862626872,500,463.217469185704,554820,87.9026336669922
1447,386.336828721278,556,452.975319584019,555376,83.7515258789062
1448,397.263320405365,500,455.605327150963,555876,86.2320098876953
1449,493.036861824026,533,458.618772276203,556409,86.4471282958984
1450,450.563696303454,500,439.675617508583,556909,88.9346542358398
1451,363.225302073965,500,428.82828844824,557409,82.7318420410156
1452,449.483328620352,500,423.158261749632,557909,81.5351486206055
1453,621.173344825242,670,434.321874460337,558579,85.8303985595703
1454,346.765752575254,500,429.793160593782,559079,83.6599426269531
1455,694.388988033341,894,462.008328600915,559973,76.7047958374023
1456,445.07600548099,500,464.731342886327,560473,88.3642425537109
1457,342.725405298852,500,460.370200544084,560973,86.6416931152344
1458,443.211364477809,500,464.965004951329,561473,80.8937759399414
1459,526.307248232938,568,468.29204359222,562041,88.7803497314453
1460,449.179659183569,500,468.153639880231,562541,86.8091430664062
1461,473.833839374043,510,479.214493610239,563051,88.7913131713867
1462,410.939676344936,500,475.360128382697,563551,86.5831680297852
1463,375.423319070844,552,450.785125807258,564103,83.5576171875
1464,459.240972213025,500,462.032647771035,564603,87.8383941650391
1465,354.122806240736,500,428.006029591774,565103,86.5049133300781
1466,609.295483003395,678,444.427977344015,565781,88.5634841918945
1467,356.842482047112,500,445.839685018841,566281,83.4367370605469
1468,497.768469034977,536,451.295395474558,566817,86.4767990112305
1469,372.640062507126,500,435.928676901976,567317,86.5331726074219
1470,423.879969819831,500,433.398707965603,567817,83.7017593383789
1471,371.53707183817,500,423.169031212015,568317,83.3589324951172
1472,377.568442477652,500,419.831907825287,568817,89.808723449707
1473,460.422677482552,632,428.331843666458,569449,74.7587661743164
1474,518.734704842408,561,434.281216929396,570010,86.6148376464844
1475,366.342659439443,500,435.503202249267,570510,86.2307739257812
1476,449.920506303791,500,419.565704579306,571010,88.4128952026367
1477,462.484408549773,500,430.129897229572,571510,87.5297775268555
1478,366.449233871524,500,416.997973713227,572010,87.3135986328125
1479,360.601685020669,500,415.794135964581,572510,86.9563140869141
1480,462.883330488496,500,419.694472031448,573010,86.1213150024414
1481,371.773061353207,500,419.718070982951,573510,85.1225738525391
1482,428.886280796169,500,424.849854814803,574010,82.5603179931641
1483,345.734441254688,500,413.381031192017,574510,82.582893371582
1484,351.216210961594,500,396.629181803935,575010,88.4581069946289
1485,418.631869005479,500,401.858102760539,575510,87.2868728637695
1486,437.67298010724,500,400.633350140884,576010,87.2025451660156
1487,423.417150620553,500,396.726624347962,576510,88.7897186279297
1488,535.235879134686,726,413.605288874278,577236,78.3974456787109
1489,447.737058931647,500,422.318826265376,577736,86.7765731811523
1490,464.283701998101,500,422.458863416336,578236,86.116584777832
1491,447.832757285707,503,430.064833009586,578739,84.5806198120117
1492,631.418676271065,686,450.318072557076,579425,76.3237457275391
1493,390.584089688204,500,454.803037400428,579925,87.8807220458984
1494,452.362505301466,500,464.917666834415,580425,80.6355514526367
1495,702.416604249178,757,493.296140358785,581182,86.5293273925781
1496,337.02017707073,500,483.230860055134,581682,86.5203552246094
1497,516.790734485044,554,492.568218441583,582236,85.7947311401367
1498,529.217484737115,572,491.966379001826,582808,86.7858276367188
1499,462.494079028975,500,493.442081011558,583308,89.1216659545898
1500,443.582001233981,500,491.371910935147,583808,88.2911911010742
1501,662.615563670363,740,512.850191573612,584548,83.9911117553711
1502,627.108714550178,676,512.419195401523,585224,83.0898590087891
1503,543.322812243189,585,527.693067657022,585809,81.1099700927734
1504,491.260541301805,527,531.582871257056,586336,86.7777557373047
1505,332.959606865461,500,494.637171518684,586836,78.8395690917969
1506,448.651178378783,500,505.80027164949,587336,89.500846862793
1507,560.833180292684,628,510.204516230253,587964,88.2253189086914
1508,563.753325524141,744,513.658100308956,588708,70.1119232177734
1509,493.728875768963,532,516.781579982955,589240,88.1465301513672
1510,457.867106792831,500,518.21009053884,589740,88.7603454589844
1511,662.665087214123,716,518.215042893216,590456,88.9444885253906
1512,354.889394503591,500,490.993110888557,590956,87.9008331298828
1513,587.969098945728,634,495.457739558811,591590,86.6894683837891
1514,491.848521084866,530,495.516537537117,592120,88.9611587524414
1515,435.407252452804,500,505.761302095851,592620,82.1880416870117
1516,431.167705136646,500,504.012954771638,593120,87.1203231811523
1517,534.314397352257,576,501.361076477595,593696,87.519401550293
1518,489.212065563067,524,493.906950481488,594220,87.9409561157227
1519,432.786750047092,500,487.8127379093,594720,87.6100921630859
1520,366.696156965964,500,478.695642926614,595220,87.9321136474609
1521,402.618558813492,500,452.690990086551,595720,87.7086334228516
1522,449.574705350716,500,462.159521171263,596220,88.2262802124023
1523,698.240815985309,756,473.186692875221,596976,81.1455917358398
1524,453.253121337295,511,469.327152900464,597487,79.2156753540039
1525,576.513187621736,622,483.437746417357,598109,87.5617065429688
1526,329.604864139079,500,473.281462317601,598609,80.0136337280273
1527,585.339703586082,630,478.383992940983,599239,86.81298828125
1528,853.126300965171,920,514.775416481194,600159,87.4787368774414
1529,328.375320011577,500,504.334273477642,600659,83.822380065918
1530,319.735801012717,500,499.638237882317,601159,72.7978744506836
1531,531.295934649117,572,512.50597546588,601731,85.7453308105469
1532,463.489375234463,500,513.897442454255,602231,88.2186584472656
1533,443.920622314729,500,488.465423087197,602731,89.0594787597656
1534,525.342327807637,592,495.674343734231,603323,82.9181671142578
1535,390.222130497511,500,477.045238021808,603823,89.2376403808594
1536,326.852338143352,500,476.769985422236,604323,81.7816848754883
1537,437.270266415505,500,461.963041705178,604823,89.5469436645508
1538,383.267895943151,500,414.977201202976,605323,88.7926940917969
1539,436.262537548127,500,425.765922956631,605823,80.7729339599609
1540,444.729150606037,500,438.265257915963,606323,88.989372253418
1541,340.076320353781,500,419.143296486429,606823,86.0252456665039
1542,508.015126869715,549,423.595871649955,607372,85.6108703613281
1543,462.420169572541,500,425.445826375736,607872,85.4434280395508
1544,540.182728309184,581,426.92986642589,608453,88.9234924316406
1545,463.152095486318,500,434.222862924771,608953,84.6137924194336
1546,542.245282716916,586,455.762157382127,609539,87.0734634399414
1547,414.926615801821,500,453.527792320759,610039,89.0220260620117
1548,734.902763132619,792,488.691279039706,610831,89.4660339355469
1549,440.70623404999,500,489.135648689892,611331,88.1945419311523
1550,699.913675351347,751,514.654101164423,612082,89.1022415161133
1551,333.439758194742,500,513.990444948519,612582,73.1226119995117
1552,713.108728681157,767,534.499805129663,613349,88.0834121704102
1553,458.495306786373,500,534.107318851047,613849,88.8757934570312
1554,915.616683418085,1015,571.650714361937,614864,89.4166107177734
1555,718.597005463165,774,597.195205359621,615638,88.9374008178711
1556,435.196936166376,500,586.490370704568,616138,83.7473983764648
1557,484.235441975034,520,593.421253321889,616658,89.7611923217773
1558,587.045612759122,632,578.635538284539,617290,79.8464431762695
1559,406.840572803185,500,575.248972159859,617790,89.0647125244141
1560,454.5701804276,500,550.714622667484,618290,87.1641159057617
1561,309.592604985417,500,548.329907346552,618790,75.4929046630859
1562,434.147582449613,500,520.433792723397,619290,81.696533203125
1563,412.926036623034,500,515.876865707063,619790,87.2669219970703
1564,664.41488262673,717,490.756685627928,620507,85.0804901123047
1565,463.872341343632,500,465.284219215974,621007,87.285400390625
1566,446.810009026022,500,466.445526501939,621507,89.6328277587891
1567,594.318221279377,639,477.453804432373,622146,88.0721588134766
1568,719.632715231144,776,490.712514679576,622922,85.3372802734375
1569,381.219964362859,500,488.150453835543,623422,88.1935195922852
1570,453.560122182682,500,488.049448011051,623922,89.1409530639648
1571,456.659083574149,500,502.756095869924,624422,88.8746185302734
1572,471.668721468519,507,506.508209771815,624929,89.0407180786133
1573,564.756953957628,610,521.691301505274,625539,88.6322937011719
1574,583.649401896404,625,513.614753432242,626164,88.7824020385742
1575,822.34341274615,926,549.461860572493,627090,84.010627746582
1576,463.372695469145,500,551.118129216806,627590,85.6504211425781
1577,455.152281832808,500,537.201535272149,628090,89.3708343505859
1578,388.583847349588,500,504.096648483993,628590,81.4370498657227
1579,558.205049038909,601,521.795156951598,629191,88.2443695068359
1580,621.224219827868,668,538.561566716117,629859,81.6886901855469
1581,435.198946386156,500,536.415552997318,630359,89.5416564941406
1582,461.585616071126,500,535.407242457578,630859,88.5105056762695
1583,493.897221006717,529,528.321269162487,631388,85.7698364257812
1584,525.216150443673,563,522.477944017214,631951,89.5891342163086
1585,330.905817527257,500,473.334184495325,632451,85.5905914306641
1586,628.339819439697,673,489.83089689238,633124,87.8266906738281
1587,480.148294114363,510,492.330498120535,633634,89.918701171875
1588,334.427026922282,500,486.914816077805,634134,82.390754699707
1589,473.414968506052,507,478.435808024519,634641,89.0216674804688
1590,458.783669090453,500,462.191752950778,635141,88.931266784668
1591,465.497928955256,500,465.221651207688,635641,90.0956115722656
1592,426.065652638093,500,461.669654864384,636141,89.0893707275391
1593,466.604253384562,500,458.940358102169,636641,86.2776718139648
1594,539.258997756515,578,460.344642833453,637219,89.8573379516602
1595,488.115484762442,521,476.065609556972,637740,89.5603561401367
1596,412.725241623628,500,454.504151775365,638240,81.3633651733398
1597,463.337312005371,500,452.823053564465,638740,89.8518295288086
1598,463.25658045751,500,465.706008917988,639240,89.5823059082031
1599,379.398271592745,500,456.304339226658,639740,89.0707092285156
1600,367.716537550279,500,447.19762607264,640240,89.6432189941406
1601,339.467601436222,500,434.594593320737,640740,84.7083358764648
1602,557.85325316189,597,447.773353373116,641337,89.9223861694336
1603,436.715845005959,500,444.784512535256,641837,90.0861434936523
1604,478.658010884705,512,438.724413848075,642349,90.7317428588867
1605,438.182364943349,500,433.731101866166,642849,89.89013671875
1606,465.031055142262,500,438.961683218029,643349,89.1114730834961
1607,442.010196935208,500,436.828971711013,643849,89.2351684570312
1608,344.961877915178,500,424.99950145678,644349,88.1136016845703
1609,329.802273760679,500,420.039901673573,644849,85.3007202148438
1610,323.502415487081,500,415.618489467253,645349,81.7156066894531
1611,615.76449510328,689,443.248178833959,646038,88.3561248779297
1612,381.765178881766,500,425.639371405947,646538,89.3566131591797
1613,640.231305357037,834,445.990917441054,647372,73.8720779418945
1614,465.476406814717,500,444.672757034056,647872,89.1294937133789
1615,463.679208770694,500,447.22244141679,648372,90.2668762207031
1616,552.226100196327,596,455.941945922197,648968,84.5165328979492
1617,345.679536763159,500,446.308879904992,649468,84.7978057861328
1618,465.49641669766,500,458.36233378324,649968,90.1020202636719
1619,460.594225957983,500,471.44152900297,650468,89.1999969482422
1620,532.732053011448,572,492.364492755407,651040,88.8364105224609
1621,469.851525139131,504,477.773195758992,651544,90.0490646362305
1622,460.304535366027,500,485.627131407418,652044,88.4673309326172
1623,403.449036956931,500,461.948904567408,652544,89.7989120483398
1624,401.268986173245,500,455.52816250326,653044,89.5512313842773
1625,467.63470852942,500,455.923712479133,653544,90.0197677612305
1626,462.953507398614,500,446.996453199362,654044,89.426383972168
1627,463.554115073794,500,458.783911030425,654544,89.0222930908203
1628,542.676486903206,586,466.50191805098,655130,85.5254669189453
1629,328.037207663067,500,453.246216221488,655630,83.5119476318359
1630,594.001448535175,641,459.373155773861,656271,84.0146865844727
1631,510.970614892787,551,463.485064749227,656822,90.0187683105469
1632,340.976901201511,500,451.552301332775,657322,84.6573104858398
1633,464.43543979505,500,457.650941616587,657822,90.3807220458984
1634,456.279603676501,500,463.152003366913,658322,90.4426574707031
1635,345.906232030872,500,450.979155717058,658822,88.2811584472656
1636,465.643947701717,500,451.248199747368,659322,90.1208343505859
1637,396.226268644691,500,444.515415104458,659822,88.5893325805664
1638,660.297662349299,744,456.277532649067,660566,89.1909561157227
1639,333.483266220328,500,456.822138504793,661066,83.3865509033203
1640,410.11130890301,500,438.433124541577,661566,90.4419326782227
1641,374.13536121022,500,424.74959917332,662066,90.0830841064453
1642,461.916045384034,500,436.843513591572,662566,81.8510818481445
1643,458.609709999319,500,436.260940611999,663066,89.9342041015625
1644,327.808554124239,500,423.413835656773,663566,78.3621597290039
1645,415.398816155128,500,430.363094069198,664066,89.456672668457
1646,463.856338285814,522,430.184333127608,664588,88.526741027832
1647,467.962868610699,506,437.357993124209,665094,80.1095352172852
1648,760.040025681979,824,447.332229457477,665918,86.0471115112305
1649,876.123958990204,951,501.596298734465,666869,84.2824554443359
1650,456.421965110252,500,506.227364355189,667369,90.6967849731445
1651,362.763793954017,500,505.090207629569,667869,85.5005416870117
1652,428.17186003773,500,501.715789094938,668369,90.8439102172852
1653,455.889992436491,500,501.443817338655,668869,90.3084106445312
1654,354.955029987268,500,504.158464924958,669369,88.1019058227539
1655,539.434491433775,583,516.562032452823,669952,87.7065811157227
1656,402.020478751715,500,510.378446499413,670452,88.9324035644531
1657,351.779668210294,500,498.760126459373,670952,90.014030456543
1658,440.227662986874,500,466.778890189862,671452,88.203010559082
1659,583.905553446689,631,437.557049635511,672083,85.810546875
1660,467.26386909391,500,438.641240033876,672583,91.0033721923828
1661,355.909159931314,500,437.955776631606,673083,89.6412506103516
1662,460.750351886507,500,441.213625816484,673583,90.5977172851562
1663,490.373335745282,525,444.661960147363,674108,90.6302261352539
1664,444.299279538016,500,453.596385102438,674608,90.3239517211914
1665,456.288748590099,500,445.28181081807,675108,90.4592361450195
1666,462.265939832724,500,451.306356926171,675608,89.2461013793945
1667,453.381421712355,500,461.466532276377,676108,90.4120864868164
1668,439.47786672158,500,461.391552649848,676608,88.4465637207031
1669,443.967939149795,500,447.397791220158,677108,89.7555389404297
1670,512.648515680513,550,451.936255878819,677658,90.9602203369141
1671,608.175390395872,687,477.162878925274,678345,85.5994033813477
1672,465.469283929927,500,477.634772129616,678845,89.3264846801758
1673,388.763899581029,500,467.473828513191,679345,90.1829147338867
1674,447.804177657266,500,467.824318325116,679845,91.1252746582031
1675,342.801692628399,500,456.475612728946,680345,89.697883605957
1676,354.030973124706,500,445.652116058144,680845,90.505500793457
1677,466.016029420962,500,446.915576829005,681345,87.2349014282227
1678,389.554083583012,500,441.923198515148,681845,90.7615966796875
1679,686.663131366766,741,466.192717736845,682586,90.3642044067383
1680,510.858228089751,551,466.013688977769,683137,89.6808547973633
1681,421.374326763985,500,447.33358261458,683637,87.3405532836914
1682,583.357904320013,629,459.122444653589,684266,80.6086273193359
1683,748.43282443514,815,495.089337139,685081,88.2209701538086
1684,511.205431747213,550,501.429462547995,685631,87.7800979614258
1685,531.935174658361,602,520.342810750991,686233,88.0354385375977
1686,346.30750162229,500,519.570463600749,686733,87.769775390625
1687,594.758049198457,641,532.444665578499,687374,88.5209655761719
1688,357.17431129673,500,529.20668834987,687874,90.0371170043945
1689,411.234083049331,500,501.663783518127,688374,90.2245635986328
1690,456.93790871345,500,496.271751580497,688874,90.2730407714844
1691,462.107967924094,500,500.345115696508,689374,91.3380737304688
1692,333.379688150885,500,475.347294079595,689874,80.1197891235352
1693,462.423958404405,500,446.746407476521,690374,87.8312911987305
1694,457.860535337139,500,441.411917835514,690874,90.3382034301758
1695,466.922120354559,500,434.910612405134,691374,91.4097137451172
1696,445.886279958413,500,444.868490238746,691874,90.3999099731445
1697,465.245203088969,501,431.917205627797,692375,91.3319396972656
1698,501.323141450302,569,446.332088643155,692944,87.10595703125
1699,350.737405768739,500,440.282420915095,693444,87.504264831543
1700,325.401071569176,500,427.128737200668,693944,86.5933532714844
1701,584.052340963076,771,439.323174504566,694715,77.3541107177734
1702,401.093005728187,500,446.094506262296,695215,90.3732604980469
1703,340.237457998442,500,433.8758562217,695715,88.7867660522461
1704,458.686186139388,500,433.958421301925,696215,90.2420349121094
1705,454.649449557753,500,432.731154222244,696715,90.4282455444336
1706,445.034359310724,500,432.645962157475,697215,89.4814376831055
1707,375.6161215684,500,423.683054005419,697715,88.4249114990234
1708,454.950203453389,500,419.045760205727,698215,91.3275909423828
1709,343.406620619107,500,418.312681690764,698715,89.4345092773438
1710,450.31379574686,500,430.803954108533,699215,90.5776443481445
1711,536.059572429226,576,426.004677255148,699791,88.7758483886719
1712,521.595501671826,562,438.054926849511,700353,88.3553619384766
1713,320.844329670841,500,436.115614016751,700853,76.7816848754883
1714,353.296923379047,500,425.576687740717,701353,90.8050918579102
1715,415.628492909866,500,421.674592075929,701853,91.4352493286133
1716,665.2920938119,725,443.700365526046,702578,82.2277526855469
1717,776.310527492037,847,483.76980611841,703425,82.1474380493164
1718,341.618009239218,500,472.436586696993,703925,87.7488174438477
1719,351.664050885868,500,473.262329723669,704425,81.1278915405273
1720,410.49853221632,500,469.280803370615,704925,90.4366073608398
1721,380.938989257309,500,453.768745053423,705425,89.4193496704102
1722,369.967692744534,500,438.605964160694,705925,89.6168746948242
1723,460.864354108462,523,452.607966604456,706448,87.2381286621094
1724,463.947587692018,525,463.673033035753,706973,87.8411331176758
1725,373.676113293127,500,459.477795074079,707473,89.7393951416016
1726,495.390464663007,532,442.48763215919,708005,84.7832641601562
1727,650.580691314012,705,429.914648541387,708710,88.1699600219727
1728,387.309833507678,500,434.483830968233,709210,84.4512100219727
1729,446.565471942297,500,443.973973073876,709710,90.3894577026367
1730,389.063724417577,500,441.830492294002,710210,90.7210311889648
1731,467.354549577679,501,450.472048326039,710711,90.8424453735352
1732,494.707092658862,532,462.945988317472,711243,90.5665054321289
1733,471.862734800983,508,464.045826386724,711751,82.2221832275391
1734,400.144970188489,500,457.665564636371,712251,87.5239028930664
1735,428.950599816405,500,463.193013288699,712751,90.3778762817383
1736,567.793702902945,612,470.433337112693,713363,89.3290939331055
1737,479.960119494057,681,453.371279930697,714044,77.1830749511719
1738,438.22429444883,500,458.462726024812,714544,90.425666809082
1739,442.320892403297,504,458.038268070912,715048,87.9927139282227
1740,475.963314948552,511,466.72822712401,715559,89.5331344604492
1741,577.043238684056,625,477.697096034647,716184,89.2967834472656
1742,452.121540761378,500,473.438540844899,716684,83.2570648193359
1743,452.045402386372,500,471.456807603438,717184,91.4730758666992
1744,416.197936985677,500,473.062104283157,717684,91.5204238891602
1745,327.799585089089,500,462.947002810425,718184,78.3031997680664
1746,556.5517496611,600,461.822807486241,718784,91.2606811523438
1747,461.326647880323,500,459.959460324867,719284,91.8103485107422
1748,425.696290424482,500,458.706659922432,719784,89.9711151123047
1749,420.318116493452,500,456.506382331448,720284,86.9502563476562
1750,342.407202070597,500,443.150771043653,720784,88.6268844604492
1751,340.892684609283,500,419.535715636175,721284,87.9661102294922
1752,364.552579852348,500,410.778819545272,721784,90.3126220703125
1753,374.949715450068,500,403.069250851642,722284,89.5072174072266
1754,423.21324124527,500,403.770781277601,722784,90.5103607177734
1755,445.404269400753,500,415.531249708768,723284,90.5263442993164
1756,558.589885356923,636,415.73506327835,723920,81.8471832275391
1757,723.563055330607,786,441.958704023378,724706,88.0390853881836
1758,420.041617785564,500,441.393236759487,725206,89.378044128418
1759,526.21068569185,570,451.982493679326,725776,89.3193054199219
1760,444.944809345349,500,462.236254406802,726276,89.2704238891602
1761,463.770225667311,500,474.524008512604,726776,86.6375122070312
1762,458.427791498232,500,483.911529677193,727276,90.7318115234375
1763,692.153238262766,749,515.631881958462,728025,89.0934600830078
1764,328.316576666049,500,506.14221550054,728525,80.9472732543945
1765,350.874596878772,489,496.689248248342,729014,87.2924957275391
1766,360.013605256889,500,476.831620238339,729514,90.3368682861328
1767,731.126368105774,798,477.587951515856,730312,85.0032806396484
1768,384.965401488527,500,474.080329886152,730812,91.0414199829102
1769,297.780948339522,500,451.237356150919,731312,75.8919448852539
1770,381.021911120764,500,444.845066328461,731812,90.4497528076172
1771,429.376668361453,500,441.405710597875,732312,91.1639862060547
1772,368.239756773838,500,432.386907125436,732812,90.6830673217773
1773,578.539160081854,624,421.025499307344,733436,90.9387664794922
1774,352.114122619991,500,423.405253902739,733936,90.6318893432617
1775,541.996279360309,586,442.517422150892,734522,86.632080078125
1776,446.099156370803,500,451.125977262284,735022,89.5969696044922
1777,458.503184721708,500,423.863658923877,735522,91.1436233520508
1778,302.788071700772,404,415.645925945102,735926,89.1163177490234
1779,424.213718872163,500,428.289202998366,736426,91.6041412353516
1780,414.459520130074,500,431.632963899297,736926,91.2995758056641
1781,480.819924593687,518,436.77728952252,737444,87.8652038574219
1782,465.976898690833,500,446.551003714219,737944,91.4769821166992
1783,539.782704022953,584,442.675358108329,738528,90.1448135375977
1784,456.153140435163,500,453.079259889846,739028,91.8976058959961
1785,458.20342327256,500,444.699974281072,739528,91.5810928344727
1786,435.061225542307,500,443.596181198222,740028,88.137321472168
1787,457.753388781992,500,443.52120160425,740528,91.6072692871094
1788,420.167284077995,500,455.259122841972,741028,90.7141647338867
1789,581.651329520032,628,471.002883906759,741656,89.1688385009766
1790,432.349620387743,500,472.791893932526,742156,91.1943206787109
1791,415.823608170507,500,466.292262290208,742656,90.697509765625
1792,445.307799888764,500,464.225352410002,743156,90.8239364624023
1793,469.094287870793,502,457.156510794786,743658,90.4400939941406
1794,526.253305874413,568,464.166527338711,744226,89.620849609375
1795,810.44903329594,883,499.391088341049,745109,88.6170425415039
1796,326.82123019676,500,488.567088806494,745609,80.5868988037109
1797,334.886704407597,498,476.280420369054,746107,88.8794250488281
1798,608.254322622498,657,495.089124223505,746764,90.3091583251953
1799,450.680003162626,500,481.991991587764,747264,90.5133743286133
1800,473.194683135363,506,486.076497862526,747770,91.3926315307617
1801,466.613258467298,500,491.155462892205,748270,91.0590057373047
1802,327.337373141887,500,479.358420217518,748770,78.6883697509766
1803,355.689500382217,451,468.01794146866,749221,90.3909912109375
1804,528.36014417435,600,468.228625298653,749821,87.9140777587891
1805,525.296571568405,567,439.7133791259,750388,87.0974807739258
1806,474.021023721618,512,454.433358478386,750900,91.2781143188477
1807,462.256977537326,500,467.170385791359,751400,87.2095947265625
1808,432.399452616562,500,449.584898790765,751900,90.8300399780273
1809,395.086557996688,500,444.025554274171,752400,90.6918334960938
1810,367.405653598381,500,433.446651320473,752900,90.1500015258789
1811,459.192013718794,500,432.704526845623,753400,91.0259246826172
1812,460.951694903578,500,446.065959021792,753900,90.9767227172852
1813,562.083456435381,609,466.705354627108,754509,90.0916976928711
1814,637.17282138757,689,477.58662234843,755198,87.147087097168
1815,415.27879397585,500,466.584844589175,755698,90.8593978881836
1816,612.360911631863,694,480.418833380199,756392,83.751823425293
1817,428.085578248665,500,477.001693451333,756892,90.5751037597656
1818,457.021837691806,500,479.463931958858,757392,91.2567367553711
1819,405.602709143504,500,480.515547073539,757892,91.0513153076172
1820,308.879668124889,500,474.66294852619,758392,76.5204238891602
1821,428.766142649453,500,471.620361419256,758892,91.3883895874023
1822,293.076748588785,500,454.832866787777,759392,77.0880355834961
1823,390.97480745802,587,437.722001890041,759979,78.6513061523438
1824,334.176595784277,462,407.422379329711,760441,90.4831237792969
1825,458.062694650695,500,411.700769397196,760941,88.8196334838867
1826,465.291405818906,500,396.9938188159,761441,90.784797668457
1827,591.275681321876,677,413.312829123221,762118,89.0688400268555
1828,393.850862946793,500,406.99573164872,762618,81.5232849121094
1829,476.335474925849,513,414.069008226954,763131,91.7178497314453
1830,448.76115081273,500,428.057156495738,763631,92.0280685424805
1831,451.169966014353,500,430.297538832228,764131,90.0709457397461
1832,470.692224151863,511,448.059086388536,764642,91.4379043579102
1833,471.128715187892,509,456.074477161523,765151,89.7531890869141
1834,453.439140272908,500,468.000731610386,765651,91.973518371582
1835,440.650178869196,500,466.259480032236,766151,86.5957641601562
1836,411.026203871891,500,460.832959837535,766651,85.2252883911133
1837,365.662582268504,500,438.271649932198,767151,90.879753112793
1838,381.928823669761,500,437.079446004495,767651,90.6166534423828
1839,472.697238314776,547,436.715622343387,768198,82.3252639770508
1840,389.307334648083,500,430.770240726923,768698,90.822380065918
1841,456.032887549009,500,431.256532880388,769198,90.9780654907227
1842,460.437147930329,500,430.231025258235,769698,91.3177032470703
1843,517.282532120717,558,434.846406951517,770256,90.9053726196289
1844,353.543579275248,500,424.856850851751,770756,89.7419128417969
1845,364.778549500009,470,417.269687914833,771226,90.504020690918
1846,456.352054368389,500,421.802272964482,771726,90.7672119140625
1847,364.049922354426,470,421.641006973075,772196,90.4751739501953
1848,460.70070675252,500,429.51819528135,772696,91.2247619628906
1849,462.175567650222,500,428.466028214895,773196,91.6125030517578
1850,333.498904833132,500,422.8851852334,773696,84.4339218139648
1851,459.592450870479,500,423.241141565547,774196,91.857307434082
1852,392.547973201637,500,416.452224092678,774696,84.6202392578125
1853,741.771862193644,810,438.901157099971,775506,85.4453887939453
1854,882.267159041474,965,491.773515076593,776471,87.2127304077148
1855,697.416509355274,786,525.03731106212,777257,86.2951507568359
1856,401.564393494908,500,519.558544974772,777757,91.0261154174805
1857,432.035384840996,500,526.357091223429,778257,87.8627395629883
1858,434.25971739843,500,523.71299228802,778757,91.0982131958008
1859,481.759638845576,518,525.671399407555,779275,84.0583267211914
1860,449.050676682878,500,537.22657659253,779775,85.3400955200195
1861,432.378452625684,500,534.50517676805,780275,91.2599105834961
1862,464.666009960273,501,541.716980443914,780776,91.2796936035156
1863,464.903217172999,500,514.030115941849,781276,90.6938400268555
1864,488.963365907865,525,474.699736628488,781801,91.1499099731445
1865,454.019772936118,500,450.360062986573,782301,90.8939895629883
1866,462.541120375294,500,456.457735674611,782801,90.6023178100586
1867,469.743630027262,506,460.228560193238,783307,88.7655181884766
1868,452.793634688822,500,462.081951922277,783807,90.6643295288086
1869,667.200148414974,724,480.626002879217,784531,89.5091857910156
1870,422.875880159257,500,478.008523226855,785031,84.2673492431641
1871,456.594322863292,500,480.430110250616,785531,90.6432952880859
1872,461.805631625543,500,480.144072417143,786031,91.4935073852539
1873,563.49534252247,652,490.00328495209,786683,83.7837982177734
1874,371.897988569369,454,478.29674721824,787137,90.0573654174805
1875,595.052039195312,643,492.39997384416,787780,89.5600814819336
1876,312.501059398523,500,477.395967746482,788280,77.5360794067383
1877,461.325919472487,500,476.554196691005,788780,90.4483261108398
1878,476.59551411569,515,478.934384633692,789295,86.5089263916016
1879,560.950340829464,607,468.309403875141,789902,89.4265213012695
1880,396.482226459314,474,465.670038505146,790376,90.8103408813477
1881,507.796547187803,549,470.790260937598,790925,90.9968338012695
1882,511.211977326913,553,475.730895507734,791478,91.1871871948242
1883,586.808432750821,807,478.06220453057,792285,74.9046936035156
1884,487.798102040655,527,489.652215877698,792812,89.0098266601562
1885,423.410091093165,500,472.488021067484,793312,82.7962493896484
1886,438.273296434153,500,485.065244771046,793812,91.043342590332
1887,878.780038754434,958,526.810656699241,794770,85.9443283081055
1888,407.215965061518,482,519.872701793824,795252,91.565803527832
1889,523.826639988507,569,516.160331709728,795821,91.3499069213867
1890,497.659067312403,535,526.278015795037,796356,91.9307403564453
1891,458.913298801657,500,521.389690956423,796856,91.3676300048828
1892,371.145573621173,441,507.383050585849,797297,90.4198455810547
1893,660.2728025556,716,514.729487566326,798013,85.4662475585938
1894,323.233236919301,500,498.273001054191,798513,77.7218322753906
1895,610.000523985823,659,516.932044343457,799172,89.796012878418
1896,909.275441670909,994,564.032258867132,800166,88.7587890625
1897,567.023113341693,613,532.856566325858,800779,88.3534240722656
1898,446.919304406463,500,536.826900260353,801279,91.4800338745117
1899,392.600682567885,579,523.704304518291,801858,78.6085357666016
1900,560.733767727752,605,530.011774559826,802463,86.3605880737305
1901,677.791089143637,737,551.899553594024,803200,90.737907409668
1902,449.451257321038,500,559.73012196401,803700,91.4865875244141
1903,469.716489432228,505,540.674490651673,804205,91.6548843383789
1904,413.329064179651,500,549.684073377708,804705,86.5663223266602
1905,324.856873311352,500,521.169708310261,805205,78.0237197875977
1906,428.230346121647,488,473.065198755335,805693,91.4044494628906
1907,457.680076801172,500,462.130895101283,806193,91.6552352905273
1908,453.29634053983,500,462.768598714619,806693,91.4546661376953
1909,557.810713198797,606,479.28960177771,807299,90.7336349487305
1910,546.818152452403,594,477.898040250175,807893,90.8793258666992
1911,460.171089442647,500,456.136040280076,808393,90.3100967407227
1912,428.174831199145,490,454.008397667887,808883,90.9578552246094
1913,728.99973129244,798,479.936721853908,809681,87.333610534668
1914,740.381723337426,807,512.641987769686,810488,88.8092727661133
1915,897.432819588933,981,569.899582397444,811469,88.8458633422852
1916,453.654030353173,500,572.441950820597,811969,91.1123275756836
1917,471.543601395192,511,573.828303279999,812480,91.6277465820312
1918,357.615734867059,405,564.260242712722,812885,89.2294921875
1919,534.764794423971,580,561.955650835239,813465,90.8856811523438
1920,461.813046662096,500,553.455140256208,813965,91.2708282470703
1921,390.306704967296,438,546.468701808673,814403,90.8061752319336
1922,534.137787896648,623,557.064997478423,815026,86.2917556762695
1923,453.193656929316,500,529.484390042111,815526,88.9638366699219
1924,559.172056644473,608,511.363423372816,816134,87.4010009765625
1925,441.742248695414,497,465.794366283464,816631,91.0210266113281
1926,321.693046584187,500,452.598267906565,817131,77.5420227050781
1927,489.613388153059,528,454.405246582352,817659,91.91748046875
1928,536.816624852316,587,472.325335580878,818246,89.8797378540039
1929,472.089286667236,510,466.057784805204,818756,90.5535278320312
1930,539.516468005055,587,473.8281269395,819343,89.7304077148438
1931,419.496242705027,475,476.747080713273,819818,91.8628234863281
1932,466.40304014921,505,469.973605938529,820323,91.8931579589844
1933,436.509921850665,500,468.305232430664,820823,91.7047653198242
1934,451.340591773721,500,457.522085943589,821323,90.9434356689453
1935,621.689628313939,678,475.516823905441,822001,86.4624862670898
1936,307.587783787232,371,474.106297625746,822372,85.7446594238281
1937,437.116057986805,500,468.85656460912,822872,91.4866714477539
1938,442.773064046087,500,459.452208528498,823372,90.952262878418
1939,476.171658017155,515,459.860445663489,823887,89.8077697753906
1940,340.559200017724,500,439.964718864756,824387,90.2271194458008
1941,459.502192458299,500,443.965313840084,824887,91.4367828369141
1942,393.18182710707,500,436.64319253587,825387,87.6335525512695
1943,362.261448710872,500,429.21834522189,825887,90.8410339355469
1944,313.866216498515,508,415.47090769437,826395,77.7983856201172
1945,423.034853843721,500,395.605430247348,826895,89.9856185913086
1946,506.801044184433,549,415.526756287068,827444,88.9651031494141
1947,461.718686584442,500,417.987019146832,827944,86.6235885620117
1948,461.179116757841,500,419.827624418007,828444,91.2371826171875
1949,339.715554350031,500,406.182014051295,828944,78.6875152587891
1950,485.559097683069,526,420.682003817829,829470,90.6845092773438
1951,379.72656466334,442,412.704441038333,829912,85.5324630737305
1952,464.720940289847,500,419.858352356611,830412,91.2659378051758
1953,769.250240950805,892,460.557231580604,831304,85.6215667724609
1954,499.800081202588,542,479.150618051012,831846,91.6796569824219
1955,693.755677825693,753,506.222700449209,832599,91.2757339477539
1956,736.498490764123,802,529.192445107178,833401,88.5758438110352
1957,450.96095543722,500,528.116671992456,833901,91.8914184570312
1958,441.873600529381,500,526.18612036961,834401,90.6281814575195
1959,336.997343816813,500,525.914299316288,834901,89.5763320922852
1960,569.159299306335,616,534.274319478614,835517,90.8112564086914
1961,374.73872784413,500,533.775535796693,836017,91.2218933105469
1962,394.52487249706,500,526.755929017415,836517,90.3713989257812
1963,529.519172602525,572,502.782822182587,837089,83.4046173095703
1964,482.222021953239,518,501.025016257652,837607,91.5195236206055
1965,357.540337443673,500,467.40348221945,838107,90.5419692993164
1966,445.63357498707,500,438.316990641744,838607,91.8804702758789
1967,462.232580636214,500,439.444153161644,839107,90.8952255249023
1968,460.444943979031,500,441.301287506609,839607,92.1444396972656
1969,455.217198588774,500,453.123272983805,840107,91.2316665649414
1970,410.532704957744,500,437.260613548946,840607,88.1735458374023
1971,469.309565385429,507,446.717697303076,841114,91.451416015625
1972,419.357018850402,500,449.20091193841,841614,90.1411819458008
1973,1148.35286389407,1267,511.084281067565,842881,87.6756744384766
1974,459.301758176332,500,508.792254689874,843381,87.4311676025391
1975,444.286940960469,500,517.466915041554,843881,91.4315032958984
1976,450.858975234828,500,517.98945506633,844381,91.8271102905273
1977,458.179265749184,500,517.584123577627,844881,91.2138595581055
1978,484.042118618716,567,519.943841041595,845448,83.0541610717773
1979,547.537860289377,596,529.175907211655,846044,84.1356430053711
1980,376.26946307728,500,525.749583023609,846544,90.9087905883789
1981,452.565299569233,500,524.07515644199,847044,91.1406173706055
1982,455.762731265974,500,527.715727683547,847544,92.0241165161133
1983,448.347071879307,500,457.71514848207,848044,92.2306060791016
1984,461.620931701258,500,457.947065834563,848544,90.3692779541016
1985,447.758934345539,500,458.29426517307,849044,90.9412231445312
1986,606.068008343143,660,473.815168483901,849704,90.3366394042969
1987,456.976242637436,500,473.694866172726,850204,91.1272277832031
1988,585.088017551266,633,483.799456065981,850837,90.0004577636719
1989,511.829462196557,554,480.228616256699,851391,87.5152435302734
1990,441.097905472636,500,486.711460496235,851891,91.6711120605469
1991,459.863088765022,500,487.441239415814,852391,89.0627288818359
1992,381.739630047955,553,480.038929294012,852944,79.0761032104492
1993,382.871244971505,444,473.491346603232,853388,89.5373382568359
1994,399.981488170115,451,467.327402250117,853839,88.9828643798828
1995,474.359341408223,511,469.987442956386,854350,91.1748046875
1996,426.622383875573,488,452.042880509629,854838,91.6268081665039
1997,725.393476753973,788,478.884603921283,855626,90.9142532348633
1998,1005.61033386138,1225,520.936835552294,856851,74.0897674560547
1999,453.431482185421,500,515.09703755118,857351,89.9106063842773
2000,525.585226705031,572,523.54576967442,857923,90.644889831543
