Training console diary: C:\Users\abuj\Code\Reinforcement-Learning-Furuta-Inverted-Pendulum\results\TD3\run_20260706_102951_td3_mathworks_style_pi_current_1d_500hz_near_upright_imeas_scratch\training_console.log
Starting parallel pool (parpool) using the 'Processes' profile ...
Preserving jobs with IDs: 1 because they contain crash dump files.
You can use 'delete(myCluster.Jobs)' to remove all jobs created with profile Processes. To create 'myCluster' use 'myCluster = parcluster('Processes')'.
Connected to parallel pool with 22 workers.
Episode:   1/1500 | Episode reward:    80.83 | Episode steps:  116 | Average reward:    80.83 | Step Count:  116 | Episode Q0:     0.02
Episode:   2/1500 | Episode reward:   174.40 | Episode steps:  219 | Average reward:   127.61 | Step Count:  335 | Episode Q0:     0.02
Episode:   3/1500 | Episode reward:   228.92 | Episode steps:  307 | Average reward:   161.38 | Step Count:  642 | Episode Q0:     0.02
Episode:   4/1500 | Episode reward:   279.25 | Episode steps:  390 | Average reward:   190.85 | Step Count: 1032 | Episode Q0:     0.02
Episode:   5/1500 | Episode reward:   257.05 | Episode steps:  333 | Average reward:   204.09 | Step Count: 1365 | Episode Q0:     0.02
Episode:   6/1500 | Episode reward:   257.85 | Episode steps:  310 | Average reward:   213.05 | Step Count: 1675 | Episode Q0:     0.02
Episode:   7/1500 | Episode reward:   211.99 | Episode steps:  325 | Average reward:   212.90 | Step Count: 2000 | Episode Q0:     0.02
Episode:   8/1500 | Episode reward:   134.34 | Episode steps:  173 | Average reward:   203.08 | Step Count: 2173 | Episode Q0:     0.02
Episode:   9/1500 | Episode reward:   245.46 | Episode steps:  387 | Average reward:   207.79 | Step Count: 2560 | Episode Q0:     0.02
Episode:  10/1500 | Episode reward:   127.02 | Episode steps:  185 | Average reward:   199.71 | Step Count: 2745 | Episode Q0:     0.02
Episode:  11/1500 | Episode reward:   151.20 | Episode steps:  191 | Average reward:   206.75 | Step Count: 2936 | Episode Q0:     0.02
Episode:  12/1500 | Episode reward:   270.48 | Episode steps:  358 | Average reward:   216.36 | Step Count: 3294 | Episode Q0:     0.02
Episode:  13/1500 | Episode reward:    79.52 | Episode steps:  119 | Average reward:   201.42 | Step Count: 3413 | Episode Q0:     0.02
Episode:  14/1500 | Episode reward:   368.62 | Episode steps:  498 | Average reward:   210.35 | Step Count: 3911 | Episode Q0:     0.02
Episode:  15/1500 | Episode reward:   264.59 | Episode steps:  338 | Average reward:   211.11 | Step Count: 4249 | Episode Q0:     0.02
Episode:  16/1500 | Episode reward:   229.68 | Episode steps:  280 | Average reward:   208.29 | Step Count: 4529 | Episode Q0:     0.02
Episode:  17/1500 | Episode reward:   339.80 | Episode steps:  461 | Average reward:   221.07 | Step Count: 4990 | Episode Q0:     0.02
Episode:  18/1500 | Episode reward:   560.15 | Episode steps:  671 | Average reward:   263.65 | Step Count: 5661 | Episode Q0:     0.02
Episode:  19/1500 | Episode reward:   228.65 | Episode steps:  303 | Average reward:   261.97 | Step Count: 5964 | Episode Q0:     0.02
Episode:  20/1500 | Episode reward:   321.83 | Episode steps:  418 | Average reward:   281.45 | Step Count: 6382 | Episode Q0:     0.40
Episode:  21/1500 | Episode reward:   160.71 | Episode steps:  208 | Average reward:   282.40 | Step Count: 6590 | Episode Q0:     0.40
Episode:  22/1500 | Episode reward:   155.54 | Episode steps:  288 | Average reward:   270.91 | Step Count: 6878 | Episode Q0:     0.40
Episode:  23/1500 | Episode reward:   297.99 | Episode steps:  463 | Average reward:   292.76 | Step Count: 7341 | Episode Q0:     0.40
Episode:  24/1500 | Episode reward:   139.73 | Episode steps:  178 | Average reward:   269.87 | Step Count: 7519 | Episode Q0:     0.40
Episode:  25/1500 | Episode reward:   137.78 | Episode steps:  172 | Average reward:   257.19 | Step Count: 7691 | Episode Q0:     0.40
Episode:  26/1500 | Episode reward:   267.65 | Episode steps:  374 | Average reward:   260.98 | Step Count: 8065 | Episode Q0:     0.40
Episode:  27/1500 | Episode reward:   236.75 | Episode steps:  307 | Average reward:   250.68 | Step Count: 8372 | Episode Q0:     0.40
Episode:  28/1500 | Episode reward:   131.44 | Episode steps:  160 | Average reward:   207.81 | Step Count: 8532 | Episode Q0:     0.40
Episode:  29/1500 | Episode reward:   164.53 | Episode steps:  233 | Average reward:   201.39 | Step Count: 8765 | Episode Q0:     0.40
Episode:  30/1500 | Episode reward:   296.63 | Episode steps:  440 | Average reward:   198.88 | Step Count: 9205 | Episode Q0:     0.40
Episode:  31/1500 | Episode reward:   114.74 | Episode steps:  140 | Average reward:   194.28 | Step Count: 9345 | Episode Q0:     0.40
Episode:  32/1500 | Episode reward:   157.92 | Episode steps:  191 | Average reward:   194.52 | Step Count: 9536 | Episode Q0:     0.40
Episode:  33/1500 | Episode reward:   412.79 | Episode steps:  501 | Average reward:   206.00 | Step Count: 10037 | Episode Q0:     0.40
Episode:  34/1500 | Episode reward:   126.69 | Episode steps:  151 | Average reward:   204.69 | Step Count: 10188 | Episode Q0:     0.40
Episode:  35/1500 | Episode reward:   332.48 | Episode steps:  461 | Average reward:   224.16 | Step Count: 10649 | Episode Q0:     0.40
Episode:  36/1500 | Episode reward:   222.56 | Episode steps:  288 | Average reward:   219.65 | Step Count: 10937 | Episode Q0:     0.40
Episode:  37/1500 | Episode reward:   181.35 | Episode steps:  232 | Average reward:   214.11 | Step Count: 11169 | Episode Q0:     0.40
Episode:  38/1500 | Episode reward:   148.51 | Episode steps:  204 | Average reward:   215.82 | Step Count: 11373 | Episode Q0:     0.40
Episode:  39/1500 | Episode reward:   313.79 | Episode steps:  413 | Average reward:   230.75 | Step Count: 11786 | Episode Q0:     0.40
Episode:  40/1500 | Episode reward:   206.81 | Episode steps:  302 | Average reward:   221.76 | Step Count: 12088 | Episode Q0:     0.40
Episode:  41/1500 | Episode reward:   147.62 | Episode steps:  205 | Average reward:   225.05 | Step Count: 12293 | Episode Q0:     0.40
Episode:  42/1500 | Episode reward:   134.53 | Episode steps:  166 | Average reward:   222.71 | Step Count: 12459 | Episode Q0:     0.40
Episode:  43/1500 | Episode reward:   143.52 | Episode steps:  177 | Average reward:   195.79 | Step Count: 12636 | Episode Q0:     0.40
Episode:  44/1500 | Episode reward:   122.90 | Episode steps:  160 | Average reward:   195.41 | Step Count: 12796 | Episode Q0:     0.40
Episode:  45/1500 | Episode reward:   220.07 | Episode steps:  320 | Average reward:   184.17 | Step Count: 13116 | Episode Q0:     0.40
Episode:  46/1500 | Episode reward:   187.43 | Episode steps:  259 | Average reward:   180.65 | Step Count: 13375 | Episode Q0:     0.40
Episode:  47/1500 | Episode reward:   101.19 | Episode steps:  147 | Average reward:   172.64 | Step Count: 13522 | Episode Q0:     0.40
Episode:  48/1500 | Episode reward:   136.53 | Episode steps:  191 | Average reward:   171.44 | Step Count: 13713 | Episode Q0:     0.63
Episode:  49/1500 | Episode reward:    99.71 | Episode steps:  134 | Average reward:   150.03 | Step Count: 13847 | Episode Q0:     0.63
Episode:  50/1500 | Episode reward:   132.75 | Episode steps:  174 | Average reward:   142.63 | Step Count: 14021 | Episode Q0:     0.63
Episode:  51/1500 | Episode reward:   135.13 | Episode steps:  178 | Average reward:   141.38 | Step Count: 14199 | Episode Q0:     0.63
Episode:  52/1500 | Episode reward:   100.70 | Episode steps:  150 | Average reward:   137.99 | Step Count: 14349 | Episode Q0:     0.63
Episode:  53/1500 | Episode reward:    86.60 | Episode steps:  124 | Average reward:   132.30 | Step Count: 14473 | Episode Q0:     0.63
Episode:  54/1500 | Episode reward:   103.77 | Episode steps:  137 | Average reward:   130.39 | Step Count: 14610 | Episode Q0:     0.63
Episode:  55/1500 | Episode reward:   160.27 | Episode steps:  223 | Average reward:   124.41 | Step Count: 14833 | Episode Q0:     0.63
Episode:  56/1500 | Episode reward:   113.92 | Episode steps:  154 | Average reward:   117.06 | Step Count: 14987 | Episode Q0:     0.63
Episode:  57/1500 | Episode reward:   104.88 | Episode steps:  143 | Average reward:   117.43 | Step Count: 15130 | Episode Q0:     0.63
Episode:  58/1500 | Episode reward:   127.32 | Episode steps:  171 | Average reward:   116.51 | Step Count: 15301 | Episode Q0:     0.63
Episode:  59/1500 | Episode reward:   115.72 | Episode steps:  161 | Average reward:   118.11 | Step Count: 15462 | Episode Q0:     0.63
Episode:  60/1500 | Episode reward:   132.84 | Episode steps:  174 | Average reward:   118.12 | Step Count: 15636 | Episode Q0:     0.63
Episode:  61/1500 | Episode reward:   115.53 | Episode steps:  164 | Average reward:   116.16 | Step Count: 15800 | Episode Q0:     0.63
Episode:  62/1500 | Episode reward:   175.81 | Episode steps:  234 | Average reward:   123.67 | Step Count: 16034 | Episode Q0:     0.63
Episode:  63/1500 | Episode reward:   135.60 | Episode steps:  180 | Average reward:   128.57 | Step Count: 16214 | Episode Q0:     0.63
Episode:  64/1500 | Episode reward:    98.17 | Episode steps:  151 | Average reward:   128.01 | Step Count: 16365 | Episode Q0:     0.63
Episode:  65/1500 | Episode reward:    95.59 | Episode steps:  154 | Average reward:   121.54 | Step Count: 16519 | Episode Q0:     0.63
Episode:  66/1500 | Episode reward:   102.16 | Episode steps:  163 | Average reward:   120.36 | Step Count: 16682 | Episode Q0:     0.63
Episode:  67/1500 | Episode reward:    91.90 | Episode steps:  148 | Average reward:   119.06 | Step Count: 16830 | Episode Q0:     0.63
Episode:  68/1500 | Episode reward:   139.14 | Episode steps:  226 | Average reward:   120.25 | Step Count: 17056 | Episode Q0:     0.63
Episode:  69/1500 | Episode reward:   116.50 | Episode steps:  187 | Average reward:   120.32 | Step Count: 17243 | Episode Q0:     0.63
Episode:  70/1500 | Episode reward:   173.83 | Episode steps:  341 | Average reward:   124.42 | Step Count: 17584 | Episode Q0:     0.63
Episode:  71/1500 | Episode reward:   115.10 | Episode steps:  178 | Average reward:   124.38 | Step Count: 17762 | Episode Q0:     0.63
Episode:  72/1500 | Episode reward:    93.63 | Episode steps:  147 | Average reward:   116.16 | Step Count: 17909 | Episode Q0:     0.63
Episode:  73/1500 | Episode reward:    99.31 | Episode steps:  167 | Average reward:   112.53 | Step Count: 18076 | Episode Q0:     0.63
Episode:  74/1500 | Episode reward:    85.77 | Episode steps:  129 | Average reward:   111.29 | Step Count: 18205 | Episode Q0:     0.63
Episode:  75/1500 | Episode reward:   100.80 | Episode steps:  148 | Average reward:   111.81 | Step Count: 18353 | Episode Q0:     0.63
Episode:  76/1500 | Episode reward:    83.16 | Episode steps:  131 | Average reward:   109.91 | Step Count: 18484 | Episode Q0:     0.63
Episode:  77/1500 | Episode reward:    80.51 | Episode steps:  131 | Average reward:   108.78 | Step Count: 18615 | Episode Q0:     0.63
Episode:  78/1500 | Episode reward:    96.62 | Episode steps:  144 | Average reward:   104.52 | Step Count: 18759 | Episode Q0:     0.63
Episode:  79/1500 | Episode reward:    82.43 | Episode steps:  140 | Average reward:   101.12 | Step Count: 18899 | Episode Q0:     0.63
Episode:  80/1500 | Episode reward:    91.37 | Episode steps:  140 | Average reward:    92.87 | Step Count: 19039 | Episode Q0:     0.92
Episode:  81/1500 | Episode reward:   114.49 | Episode steps:  163 | Average reward:    92.81 | Step Count: 19202 | Episode Q0:     0.92
Episode:  82/1500 | Episode reward:   111.08 | Episode steps:  168 | Average reward:    94.56 | Step Count: 19370 | Episode Q0:     0.92
Episode:  83/1500 | Episode reward:   107.97 | Episode steps:  164 | Average reward:    95.42 | Step Count: 19534 | Episode Q0:     0.92
Episode:  84/1500 | Episode reward:    78.55 | Episode steps:  127 | Average reward:    94.70 | Step Count: 19661 | Episode Q0:     0.92
Episode:  85/1500 | Episode reward:   108.25 | Episode steps:  167 | Average reward:    95.44 | Step Count: 19828 | Episode Q0:     0.92
Episode:  86/1500 | Episode reward:   114.58 | Episode steps:  181 | Average reward:    98.59 | Step Count: 20009 | Episode Q0:     0.92
Episode:  87/1500 | Episode reward:    95.28 | Episode steps:  148 | Average reward:   100.06 | Step Count: 20157 | Episode Q0:     0.92
Episode:  88/1500 | Episode reward:   117.05 | Episode steps:  183 | Average reward:   102.11 | Step Count: 20340 | Episode Q0:     0.92
Episode:  89/1500 | Episode reward:    87.61 | Episode steps:  139 | Average reward:   102.62 | Step Count: 20479 | Episode Q0:     0.92
Episode:  90/1500 | Episode reward:   149.28 | Episode steps:  269 | Average reward:   108.41 | Step Count: 20748 | Episode Q0:     0.92
Episode:  91/1500 | Episode reward:    94.66 | Episode steps:  158 | Average reward:   106.43 | Step Count: 20906 | Episode Q0:     0.92
Episode:  92/1500 | Episode reward:    79.50 | Episode steps:  134 | Average reward:   103.27 | Step Count: 21040 | Episode Q0:     0.92
Episode:  93/1500 | Episode reward:   137.28 | Episode steps:  220 | Average reward:   106.20 | Step Count: 21260 | Episode Q0:     0.92
Episode:  94/1500 | Episode reward:    99.34 | Episode steps:  148 | Average reward:   108.28 | Step Count: 21408 | Episode Q0:     0.92
Episode:  95/1500 | Episode reward:   112.33 | Episode steps:  175 | Average reward:   108.69 | Step Count: 21583 | Episode Q0:     0.92
Episode:  96/1500 | Episode reward:   111.41 | Episode steps:  177 | Average reward:   108.37 | Step Count: 21760 | Episode Q0:     0.92
Episode:  97/1500 | Episode reward:    98.61 | Episode steps:  160 | Average reward:   108.71 | Step Count: 21920 | Episode Q0:     0.92
Episode:  98/1500 | Episode reward:   118.60 | Episode steps:  175 | Average reward:   108.86 | Step Count: 22095 | Episode Q0:     0.92
Episode:  99/1500 | Episode reward:    98.76 | Episode steps:  155 | Average reward:   109.98 | Step Count: 22250 | Episode Q0:     0.92
Episode: 100/1500 | Episode reward:   117.14 | Episode steps:  182 | Average reward:   106.76 | Step Count: 22432 | Episode Q0:     0.92
Episode: 101/1500 | Episode reward:   121.65 | Episode steps:  176 | Average reward:   109.46 | Step Count: 22608 | Episode Q0:     0.92
Episode: 102/1500 | Episode reward:    80.03 | Episode steps:  127 | Average reward:   109.51 | Step Count: 22735 | Episode Q0:     0.92
Episode: 103/1500 | Episode reward:   104.66 | Episode steps:  157 | Average reward:   106.25 | Step Count: 22892 | Episode Q0:     0.92
Episode: 104/1500 | Episode reward:    87.82 | Episode steps:  145 | Average reward:   105.10 | Step Count: 23037 | Episode Q0:     0.92
Episode: 105/1500 | Episode reward:    83.74 | Episode steps:  133 | Average reward:   102.24 | Step Count: 23170 | Episode Q0:     0.92
Episode: 106/1500 | Episode reward:   117.52 | Episode steps:  175 | Average reward:   102.85 | Step Count: 23345 | Episode Q0:     0.92
Episode: 107/1500 | Episode reward:   105.23 | Episode steps:  156 | Average reward:   103.51 | Step Count: 23501 | Episode Q0:     0.92
Episode: 108/1500 | Episode reward:   106.50 | Episode steps:  166 | Average reward:   102.30 | Step Count: 23667 | Episode Q0:     0.92
Episode: 109/1500 | Episode reward:   100.85 | Episode steps:  148 | Average reward:   102.51 | Step Count: 23815 | Episode Q0:     0.92
Episode: 110/1500 | Episode reward:   120.39 | Episode steps:  183 | Average reward:   102.84 | Step Count: 23998 | Episode Q0:     0.92
Episode: 111/1500 | Episode reward:   114.05 | Episode steps:  183 | Average reward:   102.08 | Step Count: 24181 | Episode Q0:     0.92
Episode: 112/1500 | Episode reward:   107.58 | Episode steps:  170 | Average reward:   104.83 | Step Count: 24351 | Episode Q0:     0.92
Episode: 113/1500 | Episode reward:   119.00 | Episode steps:  180 | Average reward:   106.27 | Step Count: 24531 | Episode Q0:     0.92
Episode: 114/1500 | Episode reward:   123.88 | Episode steps:  202 | Average reward:   109.88 | Step Count: 24733 | Episode Q0:     1.29
Episode: 115/1500 | Episode reward:   157.68 | Episode steps:  233 | Average reward:   117.27 | Step Count: 24966 | Episode Q0:     1.29
Episode: 116/1500 | Episode reward:   100.41 | Episode steps:  156 | Average reward:   115.56 | Step Count: 25122 | Episode Q0:     1.29
Episode: 117/1500 | Episode reward:    95.88 | Episode steps:  161 | Average reward:   114.62 | Step Count: 25283 | Episode Q0:     1.29
Episode: 118/1500 | Episode reward:   109.83 | Episode steps:  165 | Average reward:   114.96 | Step Count: 25448 | Episode Q0:     1.29
Episode: 119/1500 | Episode reward:    94.73 | Episode steps:  160 | Average reward:   114.34 | Step Count: 25608 | Episode Q0:     1.29
Episode: 120/1500 | Episode reward:   235.23 | Episode steps:  382 | Average reward:   125.83 | Step Count: 25990 | Episode Q0:     1.29
Episode: 121/1500 | Episode reward:    97.90 | Episode steps:  152 | Average reward:   124.21 | Step Count: 26142 | Episode Q0:     1.29
Episode: 122/1500 | Episode reward:   181.31 | Episode steps:  312 | Average reward:   131.58 | Step Count: 26454 | Episode Q0:     1.29
Episode: 123/1500 | Episode reward:    92.58 | Episode steps:  144 | Average reward:   128.94 | Step Count: 26598 | Episode Q0:     1.29
Episode: 124/1500 | Episode reward:   146.87 | Episode steps:  218 | Average reward:   131.24 | Step Count: 26816 | Episode Q0:     1.29
Episode: 125/1500 | Episode reward:   154.19 | Episode steps:  209 | Average reward:   130.89 | Step Count: 27025 | Episode Q0:     1.29
Episode: 126/1500 | Episode reward:    87.08 | Episode steps:  132 | Average reward:   129.56 | Step Count: 27157 | Episode Q0:     1.29
Episode: 127/1500 | Episode reward:   120.01 | Episode steps:  175 | Average reward:   131.97 | Step Count: 27332 | Episode Q0:     1.29
Episode: 128/1500 | Episode reward:   100.68 | Episode steps:  146 | Average reward:   131.06 | Step Count: 27478 | Episode Q0:     1.29
Episode: 129/1500 | Episode reward:    93.18 | Episode steps:  136 | Average reward:   130.90 | Step Count: 27614 | Episode Q0:     1.29
Episode: 130/1500 | Episode reward:    98.05 | Episode steps:  155 | Average reward:   117.18 | Step Count: 27769 | Episode Q0:     1.29
Episode: 131/1500 | Episode reward:    98.86 | Episode steps:  144 | Average reward:   117.28 | Step Count: 27913 | Episode Q0:     1.29
Episode: 132/1500 | Episode reward:   108.69 | Episode steps:  155 | Average reward:   110.02 | Step Count: 28068 | Episode Q0:     1.29
Episode: 133/1500 | Episode reward:   122.06 | Episode steps:  170 | Average reward:   112.97 | Step Count: 28238 | Episode Q0:     1.29
Episode: 134/1500 | Episode reward:   131.69 | Episode steps:  185 | Average reward:   111.45 | Step Count: 28423 | Episode Q0:     1.29
Episode: 135/1500 | Episode reward:   115.86 | Episode steps:  164 | Average reward:   107.62 | Step Count: 28587 | Episode Q0:     1.29
Episode: 136/1500 | Episode reward:   263.78 | Episode steps:  395 | Average reward:   125.29 | Step Count: 28982 | Episode Q0:     1.29
Episode: 137/1500 | Episode reward:   146.19 | Episode steps:  206 | Average reward:   127.90 | Step Count: 29188 | Episode Q0:     1.29
Episode: 138/1500 | Episode reward:   160.74 | Episode steps:  212 | Average reward:   133.91 | Step Count: 29400 | Episode Q0:     1.29
Episode: 139/1500 | Episode reward:   138.79 | Episode steps:  196 | Average reward:   138.47 | Step Count: 29596 | Episode Q0:     1.29
Episode: 140/1500 | Episode reward:   110.58 | Episode steps:  159 | Average reward:   139.72 | Step Count: 29755 | Episode Q0:     1.29
Episode: 141/1500 | Episode reward:    92.27 | Episode steps:  142 | Average reward:   139.06 | Step Count: 29897 | Episode Q0:     1.29
Episode: 142/1500 | Episode reward:   105.17 | Episode steps:  148 | Average reward:   138.71 | Step Count: 30045 | Episode Q0:     1.29
Episode: 143/1500 | Episode reward:    87.62 | Episode steps:  137 | Average reward:   135.27 | Step Count: 30182 | Episode Q0:     1.29
Episode: 144/1500 | Episode reward:    98.40 | Episode steps:  152 | Average reward:   131.94 | Step Count: 30334 | Episode Q0:     1.29
Episode: 145/1500 | Episode reward:   104.90 | Episode steps:  148 | Average reward:   130.84 | Step Count: 30482 | Episode Q0:     1.29
Episode: 146/1500 | Episode reward:   145.27 | Episode steps:  204 | Average reward:   118.99 | Step Count: 30686 | Episode Q0:     1.29
Episode: 147/1500 | Episode reward:   142.16 | Episode steps:  212 | Average reward:   118.59 | Step Count: 30898 | Episode Q0:     1.29
Episode: 148/1500 | Episode reward:   104.52 | Episode steps:  154 | Average reward:   112.97 | Step Count: 31052 | Episode Q0:     1.29
Episode: 149/1500 | Episode reward:   131.09 | Episode steps:  198 | Average reward:   112.20 | Step Count: 31250 | Episode Q0:     1.79
Episode: 150/1500 | Episode reward:   120.86 | Episode steps:  179 | Average reward:   113.23 | Step Count: 31429 | Episode Q0:     1.79
Episode: 151/1500 | Episode reward:    85.89 | Episode steps:  130 | Average reward:   112.59 | Step Count: 31559 | Episode Q0:     1.79
Episode: 152/1500 | Episode reward:    91.54 | Episode steps:  135 | Average reward:   111.22 | Step Count: 31694 | Episode Q0:     1.79
Episode: 153/1500 | Episode reward:   118.33 | Episode steps:  182 | Average reward:   114.29 | Step Count: 31876 | Episode Q0:     1.79
Episode: 154/1500 | Episode reward:   135.49 | Episode steps:  188 | Average reward:   118.00 | Step Count: 32064 | Episode Q0:     1.79
Episode: 155/1500 | Episode reward:   138.97 | Episode steps:  194 | Average reward:   121.41 | Step Count: 32258 | Episode Q0:     1.79
Episode: 156/1500 | Episode reward:   105.75 | Episode steps:  153 | Average reward:   117.46 | Step Count: 32411 | Episode Q0:     1.79
Episode: 157/1500 | Episode reward:   132.68 | Episode steps:  192 | Average reward:   116.51 | Step Count: 32603 | Episode Q0:     1.79
Episode: 158/1500 | Episode reward:   158.52 | Episode steps:  378 | Average reward:   121.91 | Step Count: 32981 | Episode Q0:     1.79
Episode: 159/1500 | Episode reward:   110.81 | Episode steps:  335 | Average reward:   119.88 | Step Count: 33316 | Episode Q0:     1.79
Episode: 160/1500 | Episode reward:    55.85 | Episode steps:  195 | Average reward:   113.38 | Step Count: 33511 | Episode Q0:     1.79
Episode: 161/1500 | Episode reward:   112.54 | Episode steps:  316 | Average reward:   116.05 | Step Count: 33827 | Episode Q0:     1.79
Episode: 162/1500 | Episode reward:    75.04 | Episode steps:  298 | Average reward:   114.40 | Step Count: 34125 | Episode Q0:     1.79
Episode: 163/1500 | Episode reward:    94.68 | Episode steps:  261 | Average reward:   112.03 | Step Count: 34386 | Episode Q0:     1.79
Episode: 164/1500 | Episode reward:    87.12 | Episode steps:  295 | Average reward:   107.20 | Step Count: 34681 | Episode Q0:     1.79
Episode: 165/1500 | Episode reward:    89.83 | Episode steps:  332 | Average reward:   102.28 | Step Count: 35013 | Episode Q0:     1.79
Episode: 166/1500 | Episode reward:    96.85 | Episode steps:  312 | Average reward:   101.39 | Step Count: 35325 | Episode Q0:     1.79
Episode: 167/1500 | Episode reward:   122.02 | Episode steps:  296 | Average reward:   100.33 | Step Count: 35621 | Episode Q0:     1.79
Episode: 168/1500 | Episode reward:    79.75 | Episode steps:  260 | Average reward:    92.45 | Step Count: 35881 | Episode Q0:     1.79
Episode: 169/1500 | Episode reward:    71.79 | Episode steps:  279 | Average reward:    88.55 | Step Count: 36160 | Episode Q0:     1.79
Episode: 170/1500 | Episode reward:    79.21 | Episode steps:  347 | Average reward:    90.88 | Step Count: 36507 | Episode Q0:     1.79
Episode: 171/1500 | Episode reward:    98.06 | Episode steps:  318 | Average reward:    89.43 | Step Count: 36825 | Episode Q0:     1.79
Episode: 172/1500 | Episode reward:   117.54 | Episode steps:  340 | Average reward:    93.68 | Step Count: 37165 | Episode Q0:     1.79
Episode: 173/1500 | Episode reward:    94.64 | Episode steps:  237 | Average reward:    93.68 | Step Count: 37402 | Episode Q0:     1.79
Episode: 174/1500 | Episode reward:    69.83 | Episode steps:  314 | Average reward:    91.95 | Step Count: 37716 | Episode Q0:     1.79
Episode: 175/1500 | Episode reward:   101.08 | Episode steps:  257 | Average reward:    93.08 | Step Count: 37973 | Episode Q0:     1.79
Episode: 176/1500 | Episode reward:    85.77 | Episode steps:  235 | Average reward:    91.97 | Step Count: 38208 | Episode Q0:     1.79
Episode: 177/1500 | Episode reward:    81.90 | Episode steps:  245 | Average reward:    87.95 | Step Count: 38453 | Episode Q0:     1.79
Episode: 178/1500 | Episode reward:   119.09 | Episode steps:  325 | Average reward:    91.89 | Step Count: 38778 | Episode Q0:     1.79
Episode: 179/1500 | Episode reward:    40.27 | Episode steps:  167 | Average reward:    88.74 | Step Count: 38945 | Episode Q0:     1.79
Episode: 180/1500 | Episode reward:    93.27 | Episode steps:  296 | Average reward:    90.14 | Step Count: 39241 | Episode Q0:     1.79
Episode: 181/1500 | Episode reward:    91.77 | Episode steps:  228 | Average reward:    89.51 | Step Count: 39469 | Episode Q0:     1.79
Episode: 182/1500 | Episode reward:    73.31 | Episode steps:  238 | Average reward:    85.09 | Step Count: 39707 | Episode Q0:     2.27
Episode: 183/1500 | Episode reward:    96.74 | Episode steps:  345 | Average reward:    85.30 | Step Count: 40052 | Episode Q0:     2.27
Episode: 184/1500 | Episode reward:   112.36 | Episode steps:  331 | Average reward:    89.55 | Step Count: 40383 | Episode Q0:     2.27
Episode: 185/1500 | Episode reward:   142.19 | Episode steps:  312 | Average reward:    93.67 | Step Count: 40695 | Episode Q0:     2.27
Episode: 186/1500 | Episode reward:    86.48 | Episode steps:  239 | Average reward:    93.74 | Step Count: 40934 | Episode Q0:     2.27
Episode: 187/1500 | Episode reward:   144.37 | Episode steps:  391 | Average reward:    99.98 | Step Count: 41325 | Episode Q0:     2.27
Episode: 188/1500 | Episode reward:   130.70 | Episode steps:  300 | Average reward:   101.15 | Step Count: 41625 | Episode Q0:     2.27
Episode: 189/1500 | Episode reward:   106.82 | Episode steps:  282 | Average reward:   107.80 | Step Count: 41907 | Episode Q0:     2.27
Episode: 190/1500 | Episode reward:   138.73 | Episode steps:  379 | Average reward:   112.35 | Step Count: 42286 | Episode Q0:     2.27
Episode: 191/1500 | Episode reward:   150.36 | Episode steps:  304 | Average reward:   118.21 | Step Count: 42590 | Episode Q0:     2.27
Episode: 192/1500 | Episode reward:   115.15 | Episode steps:  366 | Average reward:   122.39 | Step Count: 42956 | Episode Q0:     2.27
Episode: 193/1500 | Episode reward:   104.10 | Episode steps:  355 | Average reward:   123.13 | Step Count: 43311 | Episode Q0:     2.27
Episode: 194/1500 | Episode reward:    86.11 | Episode steps:  199 | Average reward:   120.50 | Step Count: 43510 | Episode Q0:     2.27
Episode: 195/1500 | Episode reward:    68.51 | Episode steps:  500 | Average reward:   113.13 | Step Count: 44010 | Episode Q0:     2.27
Episode: 196/1500 | Episode reward:    72.76 | Episode steps:  180 | Average reward:   111.76 | Step Count: 44190 | Episode Q0:     2.27
Episode: 197/1500 | Episode reward:   110.34 | Episode steps:  500 | Average reward:   108.36 | Step Count: 44690 | Episode Q0:     2.27
Episode: 198/1500 | Episode reward:   165.77 | Episode steps:  500 | Average reward:   111.86 | Step Count: 45190 | Episode Q0:     2.27
Episode: 199/1500 | Episode reward:   130.26 | Episode steps:  500 | Average reward:   114.21 | Step Count: 45690 | Episode Q0:     2.27
Episode: 200/1500 | Episode reward:   108.17 | Episode steps:  243 | Average reward:   111.15 | Step Count: 45933 | Episode Q0:     2.27
Episode: 201/1500 | Episode reward:   131.68 | Episode steps:  500 | Average reward:   109.29 | Step Count: 46433 | Episode Q0:     2.27
Episode: 202/1500 | Episode reward:   101.16 | Episode steps:  500 | Average reward:   107.89 | Step Count: 46933 | Episode Q0:     2.27
Episode: 203/1500 | Episode reward:    89.95 | Episode steps:  235 | Average reward:   106.47 | Step Count: 47168 | Episode Q0:     2.27
Episode: 204/1500 | Episode reward:    88.61 | Episode steps:  220 | Average reward:   106.72 | Step Count: 47388 | Episode Q0:     2.27
Episode: 205/1500 | Episode reward:   117.12 | Episode steps:  236 | Average reward:   111.58 | Step Count: 47624 | Episode Q0:     2.27
Episode: 206/1500 | Episode reward:   133.79 | Episode steps:  500 | Average reward:   117.69 | Step Count: 48124 | Episode Q0:     2.27
Episode: 207/1500 | Episode reward:   113.92 | Episode steps:  500 | Average reward:   118.04 | Step Count: 48624 | Episode Q0:     2.27
Episode: 208/1500 | Episode reward:    87.07 | Episode steps:  182 | Average reward:   110.17 | Step Count: 48806 | Episode Q0:     2.27
Episode: 209/1500 | Episode reward:   111.11 | Episode steps:  500 | Average reward:   108.26 | Step Count: 49306 | Episode Q0:     2.27
Episode: 210/1500 | Episode reward:   127.45 | Episode steps:  237 | Average reward:   110.19 | Step Count: 49543 | Episode Q0:     2.27
Episode: 211/1500 | Episode reward:    94.85 | Episode steps:  205 | Average reward:   106.50 | Step Count: 49748 | Episode Q0:     2.27
Episode: 212/1500 | Episode reward:   104.14 | Episode steps:  279 | Average reward:   106.80 | Step Count: 50027 | Episode Q0:     2.27
Episode: 213/1500 | Episode reward:   106.99 | Episode steps:  255 | Average reward:   108.50 | Step Count: 50282 | Episode Q0:     2.86
Episode: 214/1500 | Episode reward:   109.78 | Episode steps:  233 | Average reward:   110.62 | Step Count: 50515 | Episode Q0:     2.86
Episode: 215/1500 | Episode reward:   133.84 | Episode steps:  500 | Average reward:   112.29 | Step Count: 51015 | Episode Q0:     2.86
Episode: 216/1500 | Episode reward:   112.22 | Episode steps:  250 | Average reward:   110.14 | Step Count: 51265 | Episode Q0:     2.86
Episode: 217/1500 | Episode reward:    94.22 | Episode steps:  199 | Average reward:   108.17 | Step Count: 51464 | Episode Q0:     2.86
Episode: 218/1500 | Episode reward:   152.08 | Episode steps:  500 | Average reward:   114.67 | Step Count: 51964 | Episode Q0:     2.86
Episode: 219/1500 | Episode reward:    53.26 | Episode steps:  500 | Average reward:   108.88 | Step Count: 52464 | Episode Q0:     2.86
Episode: 220/1500 | Episode reward:   105.65 | Episode steps:  243 | Average reward:   106.70 | Step Count: 52707 | Episode Q0:     2.86
Episode: 221/1500 | Episode reward:   138.03 | Episode steps:  500 | Average reward:   111.02 | Step Count: 53207 | Episode Q0:     2.86
Episode: 222/1500 | Episode reward:   134.55 | Episode steps:  286 | Average reward:   114.06 | Step Count: 53493 | Episode Q0:     2.86
Episode: 223/1500 | Episode reward:    80.06 | Episode steps:  212 | Average reward:   111.37 | Step Count: 53705 | Episode Q0:     2.86
Episode: 224/1500 | Episode reward:   160.53 | Episode steps:  500 | Average reward:   116.44 | Step Count: 54205 | Episode Q0:     2.86
Episode: 225/1500 | Episode reward:    79.32 | Episode steps:  190 | Average reward:   110.99 | Step Count: 54395 | Episode Q0:     2.86
Episode: 226/1500 | Episode reward:   101.53 | Episode steps:  181 | Average reward:   109.92 | Step Count: 54576 | Episode Q0:     2.86
Episode: 227/1500 | Episode reward:    59.64 | Episode steps:  176 | Average reward:   106.46 | Step Count: 54752 | Episode Q0:     2.86
Episode: 228/1500 | Episode reward:    92.13 | Episode steps:  196 | Average reward:   100.47 | Step Count: 54948 | Episode Q0:     2.86
Episode: 229/1500 | Episode reward:    78.39 | Episode steps:  168 | Average reward:   102.98 | Step Count: 55116 | Episode Q0:     2.86
Episode: 230/1500 | Episode reward:    93.22 | Episode steps:  163 | Average reward:   101.74 | Step Count: 55279 | Episode Q0:     2.86
Episode: 231/1500 | Episode reward:   204.53 | Episode steps:  500 | Average reward:   108.39 | Step Count: 55779 | Episode Q0:     2.86
Episode: 232/1500 | Episode reward:   210.31 | Episode steps:  500 | Average reward:   115.97 | Step Count: 56279 | Episode Q0:     2.86
Episode: 233/1500 | Episode reward:    76.33 | Episode steps:  175 | Average reward:   115.59 | Step Count: 56454 | Episode Q0:     2.86
Episode: 234/1500 | Episode reward:   165.55 | Episode steps:  500 | Average reward:   116.10 | Step Count: 56954 | Episode Q0:     2.86
Episode: 235/1500 | Episode reward:    47.25 | Episode steps:  206 | Average reward:   112.89 | Step Count: 57160 | Episode Q0:     2.86
Episode: 236/1500 | Episode reward:    99.60 | Episode steps:  202 | Average reward:   112.70 | Step Count: 57362 | Episode Q0:     2.86
Episode: 237/1500 | Episode reward:    74.03 | Episode steps:  183 | Average reward:   114.13 | Step Count: 57545 | Episode Q0:     2.86
Episode: 238/1500 | Episode reward:   117.88 | Episode steps:  221 | Average reward:   116.71 | Step Count: 57766 | Episode Q0:     2.86
Episode: 239/1500 | Episode reward:   105.26 | Episode steps:  174 | Average reward:   119.40 | Step Count: 57940 | Episode Q0:     2.86
Episode: 240/1500 | Episode reward:   111.03 | Episode steps:  189 | Average reward:   121.18 | Step Count: 58129 | Episode Q0:     2.86
Episode: 241/1500 | Episode reward:    76.15 | Episode steps:  172 | Average reward:   108.34 | Step Count: 58301 | Episode Q0:     2.86
Episode: 242/1500 | Episode reward:    60.03 | Episode steps:  202 | Average reward:    93.31 | Step Count: 58503 | Episode Q0:     2.86
Episode: 243/1500 | Episode reward:   104.05 | Episode steps:  500 | Average reward:    96.08 | Step Count: 59003 | Episode Q0:     2.86
Episode: 244/1500 | Episode reward:   107.53 | Episode steps:  178 | Average reward:    90.28 | Step Count: 59181 | Episode Q0:     2.86
Episode: 245/1500 | Episode reward:   108.74 | Episode steps:  191 | Average reward:    96.43 | Step Count: 59372 | Episode Q0:     2.86
Episode: 246/1500 | Episode reward:   104.56 | Episode steps:  192 | Average reward:    96.93 | Step Count: 59564 | Episode Q0:     2.86
Episode: 247/1500 | Episode reward:   117.61 | Episode steps:  184 | Average reward:   101.28 | Step Count: 59748 | Episode Q0:     3.80
Episode: 248/1500 | Episode reward:    98.75 | Episode steps:  174 | Average reward:    99.37 | Step Count: 59922 | Episode Q0:     3.80
Episode: 249/1500 | Episode reward:   124.17 | Episode steps:  205 | Average reward:   101.26 | Step Count: 60127 | Episode Q0:     3.80
Episode: 250/1500 | Episode reward:   157.51 | Episode steps:  446 | Average reward:   105.91 | Step Count: 60573 | Episode Q0:     3.80
Episode: 251/1500 | Episode reward:    95.02 | Episode steps:  200 | Average reward:   107.80 | Step Count: 60773 | Episode Q0:     3.80
Episode: 252/1500 | Episode reward:    72.12 | Episode steps:  172 | Average reward:   109.01 | Step Count: 60945 | Episode Q0:     3.80
Episode: 253/1500 | Episode reward:   108.50 | Episode steps:  180 | Average reward:   109.45 | Step Count: 61125 | Episode Q0:     3.80
Episode: 254/1500 | Episode reward:    82.12 | Episode steps:  165 | Average reward:   106.91 | Step Count: 61290 | Episode Q0:     3.80
Episode: 255/1500 | Episode reward:   106.92 | Episode steps:  215 | Average reward:   106.73 | Step Count: 61505 | Episode Q0:     3.80
Episode: 256/1500 | Episode reward:   195.13 | Episode steps:  427 | Average reward:   115.79 | Step Count: 61932 | Episode Q0:     3.80
Episode: 257/1500 | Episode reward:   164.06 | Episode steps:  500 | Average reward:   120.43 | Step Count: 62432 | Episode Q0:     3.80
Episode: 258/1500 | Episode reward:   199.60 | Episode steps:  500 | Average reward:   130.52 | Step Count: 62932 | Episode Q0:     3.80
Episode: 259/1500 | Episode reward:   126.80 | Episode steps:  304 | Average reward:   130.78 | Step Count: 63236 | Episode Q0:     3.80
Episode: 260/1500 | Episode reward:    84.39 | Episode steps:  266 | Average reward:   123.47 | Step Count: 63502 | Episode Q0:     3.80
Episode: 261/1500 | Episode reward:   175.75 | Episode steps:  500 | Average reward:   131.54 | Step Count: 64002 | Episode Q0:     3.80
Episode: 262/1500 | Episode reward:   209.61 | Episode steps:  500 | Average reward:   145.29 | Step Count: 64502 | Episode Q0:     3.80
Episode: 263/1500 | Episode reward:    74.92 | Episode steps:  363 | Average reward:   141.93 | Step Count: 64865 | Episode Q0:     3.80
Episode: 264/1500 | Episode reward:    79.38 | Episode steps:  255 | Average reward:   141.66 | Step Count: 65120 | Episode Q0:     3.80
Episode: 265/1500 | Episode reward:   100.52 | Episode steps:  365 | Average reward:   141.02 | Step Count: 65485 | Episode Q0:     3.80
Episode: 266/1500 | Episode reward:    95.63 | Episode steps:  429 | Average reward:   131.07 | Step Count: 65914 | Episode Q0:     3.80
Episode: 267/1500 | Episode reward:   152.16 | Episode steps:  336 | Average reward:   129.88 | Step Count: 66250 | Episode Q0:     3.80
Episode: 268/1500 | Episode reward:   102.42 | Episode steps:  500 | Average reward:   120.16 | Step Count: 66750 | Episode Q0:     3.80
Episode: 269/1500 | Episode reward:   118.98 | Episode steps:  250 | Average reward:   119.38 | Step Count: 67000 | Episode Q0:     3.80
Episode: 270/1500 | Episode reward:   197.82 | Episode steps:  452 | Average reward:   130.72 | Step Count: 67452 | Episode Q0:     3.80
Episode: 271/1500 | Episode reward:   186.51 | Episode steps:  438 | Average reward:   131.79 | Step Count: 67890 | Episode Q0:     3.80
Episode: 272/1500 | Episode reward:   122.75 | Episode steps:  500 | Average reward:   123.11 | Step Count: 68390 | Episode Q0:     3.80
Episode: 273/1500 | Episode reward:   205.58 | Episode steps:  500 | Average reward:   136.17 | Step Count: 68890 | Episode Q0:     3.80
Episode: 274/1500 | Episode reward:   170.17 | Episode steps:  500 | Average reward:   145.25 | Step Count: 69390 | Episode Q0:     4.87
Episode: 275/1500 | Episode reward:   106.36 | Episode steps:  302 | Average reward:   145.84 | Step Count: 69692 | Episode Q0:     4.87
Episode: 276/1500 | Episode reward:   147.43 | Episode steps:  429 | Average reward:   151.02 | Step Count: 70121 | Episode Q0:     4.87
Episode: 277/1500 | Episode reward:   214.11 | Episode steps:  423 | Average reward:   157.21 | Step Count: 70544 | Episode Q0:     4.87
Episode: 278/1500 | Episode reward:   128.86 | Episode steps:  415 | Average reward:   159.86 | Step Count: 70959 | Episode Q0:     4.87
Episode: 279/1500 | Episode reward:   178.68 | Episode steps:  433 | Average reward:   165.83 | Step Count: 71392 | Episode Q0:     4.87
Episode: 280/1500 | Episode reward:   244.46 | Episode steps:  500 | Average reward:   170.49 | Step Count: 71892 | Episode Q0:     4.87
Episode: 281/1500 | Episode reward:    98.44 | Episode steps:  375 | Average reward:   161.68 | Step Count: 72267 | Episode Q0:     4.87
Episode: 282/1500 | Episode reward:   181.90 | Episode steps:  450 | Average reward:   167.60 | Step Count: 72717 | Episode Q0:     4.87
Episode: 283/1500 | Episode reward:   116.43 | Episode steps:  279 | Average reward:   158.68 | Step Count: 72996 | Episode Q0:     4.87
Episode: 284/1500 | Episode reward:    78.80 | Episode steps:  291 | Average reward:   149.55 | Step Count: 73287 | Episode Q0:     4.87
Episode: 285/1500 | Episode reward:   138.09 | Episode steps:  367 | Average reward:   152.72 | Step Count: 73654 | Episode Q0:     4.87
Episode: 286/1500 | Episode reward:   156.54 | Episode steps:  423 | Average reward:   153.63 | Step Count: 74077 | Episode Q0:     4.87
Episode: 287/1500 | Episode reward:    82.93 | Episode steps:  500 | Average reward:   140.51 | Step Count: 74577 | Episode Q0:     4.87
Episode: 288/1500 | Episode reward:   180.04 | Episode steps:  369 | Average reward:   145.63 | Step Count: 74946 | Episode Q0:     4.87
Episode: 289/1500 | Episode reward:   198.86 | Episode steps:  500 | Average reward:   147.65 | Step Count: 75446 | Episode Q0:     4.87
Episode: 290/1500 | Episode reward:   205.76 | Episode steps:  500 | Average reward:   143.78 | Step Count: 75946 | Episode Q0:     4.87
Episode: 291/1500 | Episode reward:   193.23 | Episode steps:  442 | Average reward:   153.26 | Step Count: 76388 | Episode Q0:     4.87
Episode: 292/1500 | Episode reward:   243.22 | Episode steps:  500 | Average reward:   159.39 | Step Count: 76888 | Episode Q0:     4.87
Episode: 293/1500 | Episode reward:   151.71 | Episode steps:  500 | Average reward:   162.92 | Step Count: 77388 | Episode Q0:     4.87
Episode: 294/1500 | Episode reward:   160.68 | Episode steps:  414 | Average reward:   171.11 | Step Count: 77802 | Episode Q0:     4.87
Episode: 295/1500 | Episode reward:   181.13 | Episode steps:  453 | Average reward:   175.41 | Step Count: 78255 | Episode Q0:     4.87
Episode: 296/1500 | Episode reward:   172.55 | Episode steps:  341 | Average reward:   177.01 | Step Count: 78596 | Episode Q0:     4.87
Episode: 297/1500 | Episode reward:   236.19 | Episode steps:  500 | Average reward:   192.34 | Step Count: 79096 | Episode Q0:     4.87
Episode: 298/1500 | Episode reward:   126.60 | Episode steps:  321 | Average reward:   186.99 | Step Count: 79417 | Episode Q0:     4.87
Episode: 299/1500 | Episode reward:   154.68 | Episode steps:  333 | Average reward:   182.57 | Step Count: 79750 | Episode Q0:     4.87
Episode: 300/1500 | Episode reward:   173.83 | Episode steps:  500 | Average reward:   179.38 | Step Count: 80250 | Episode Q0:     4.87
Episode: 301/1500 | Episode reward:   161.92 | Episode steps:  366 | Average reward:   176.25 | Step Count: 80616 | Episode Q0:     4.87
Episode: 302/1500 | Episode reward:   174.16 | Episode steps:  500 | Average reward:   169.35 | Step Count: 81116 | Episode Q0:     4.87
Episode: 303/1500 | Episode reward:   182.11 | Episode steps:  378 | Average reward:   172.38 | Step Count: 81494 | Episode Q0:     4.87
Episode: 304/1500 | Episode reward:   145.53 | Episode steps:  323 | Average reward:   170.87 | Step Count: 81817 | Episode Q0:     6.12
Episode: 305/1500 | Episode reward:   207.19 | Episode steps:  383 | Average reward:   173.48 | Step Count: 82200 | Episode Q0:     6.12
Episode: 306/1500 | Episode reward:   248.82 | Episode steps:  426 | Average reward:   181.10 | Step Count: 82626 | Episode Q0:     6.12
Episode: 307/1500 | Episode reward:   251.96 | Episode steps:  500 | Average reward:   182.68 | Step Count: 83126 | Episode Q0:     6.12
Episode: 308/1500 | Episode reward:   214.70 | Episode steps:  500 | Average reward:   191.49 | Step Count: 83626 | Episode Q0:     6.12
Episode: 309/1500 | Episode reward:   197.61 | Episode steps:  500 | Average reward:   195.78 | Step Count: 84126 | Episode Q0:     6.12
Episode: 310/1500 | Episode reward:   133.98 | Episode steps:  280 | Average reward:   191.80 | Step Count: 84406 | Episode Q0:     6.12
Episode: 311/1500 | Episode reward:   166.36 | Episode steps:  330 | Average reward:   192.24 | Step Count: 84736 | Episode Q0:     6.12
Episode: 312/1500 | Episode reward:   248.56 | Episode steps:  500 | Average reward:   199.68 | Step Count: 85236 | Episode Q0:     6.12
Episode: 313/1500 | Episode reward:   184.93 | Episode steps:  393 | Average reward:   199.96 | Step Count: 85629 | Episode Q0:     6.12
Episode: 314/1500 | Episode reward:   181.05 | Episode steps:  500 | Average reward:   203.52 | Step Count: 86129 | Episode Q0:     6.12
Episode: 315/1500 | Episode reward:   218.97 | Episode steps:  500 | Average reward:   204.69 | Step Count: 86629 | Episode Q0:     6.12
Episode: 316/1500 | Episode reward:   161.02 | Episode steps:  306 | Average reward:   195.92 | Step Count: 86935 | Episode Q0:     6.12
Episode: 317/1500 | Episode reward:   201.50 | Episode steps:  500 | Average reward:   190.87 | Step Count: 87435 | Episode Q0:     6.12
Episode: 318/1500 | Episode reward:   249.13 | Episode steps:  500 | Average reward:   194.31 | Step Count: 87935 | Episode Q0:     6.12
Episode: 319/1500 | Episode reward:   160.99 | Episode steps:  500 | Average reward:   190.65 | Step Count: 88435 | Episode Q0:     6.12
Episode: 320/1500 | Episode reward:   230.14 | Episode steps:  500 | Average reward:   200.27 | Step Count: 88935 | Episode Q0:     6.12
Episode: 321/1500 | Episode reward:   250.44 | Episode steps:  500 | Average reward:   208.67 | Step Count: 89435 | Episode Q0:     6.12
Episode: 322/1500 | Episode reward:   184.74 | Episode steps:  438 | Average reward:   202.29 | Step Count: 89873 | Episode Q0:     6.12
Episode: 323/1500 | Episode reward:   237.96 | Episode steps:  500 | Average reward:   207.59 | Step Count: 90373 | Episode Q0:     6.12
Episode: 324/1500 | Episode reward:   251.87 | Episode steps:  500 | Average reward:   214.68 | Step Count: 90873 | Episode Q0:     6.12
Episode: 325/1500 | Episode reward:   256.03 | Episode steps:  500 | Average reward:   218.38 | Step Count: 91373 | Episode Q0:     6.12
Episode: 326/1500 | Episode reward:   208.90 | Episode steps:  500 | Average reward:   223.17 | Step Count: 91873 | Episode Q0:     6.12
Episode: 327/1500 | Episode reward:   211.96 | Episode steps:  500 | Average reward:   224.22 | Step Count: 92373 | Episode Q0:     6.12
Episode: 328/1500 | Episode reward:   247.50 | Episode steps:  500 | Average reward:   224.05 | Step Count: 92873 | Episode Q0:     6.12
Episode: 329/1500 | Episode reward:   164.01 | Episode steps:  417 | Average reward:   224.36 | Step Count: 93290 | Episode Q0:     6.12
Episode: 330/1500 | Episode reward:   295.09 | Episode steps:  500 | Average reward:   230.85 | Step Count: 93790 | Episode Q0:     7.71
Episode: 331/1500 | Episode reward:   240.71 | Episode steps:  500 | Average reward:   229.88 | Step Count: 94290 | Episode Q0:     7.71
Episode: 332/1500 | Episode reward:   223.95 | Episode steps:  500 | Average reward:   233.80 | Step Count: 94790 | Episode Q0:     7.71
Episode: 333/1500 | Episode reward:   221.40 | Episode steps:  500 | Average reward:   232.14 | Step Count: 95290 | Episode Q0:     7.71
Episode: 334/1500 | Episode reward:   344.45 | Episode steps:  500 | Average reward:   241.40 | Step Count: 95790 | Episode Q0:     7.71
Episode: 335/1500 | Episode reward:   223.89 | Episode steps:  500 | Average reward:   238.19 | Step Count: 96290 | Episode Q0:     7.71
Episode: 336/1500 | Episode reward:   207.81 | Episode steps:  500 | Average reward:   238.08 | Step Count: 96790 | Episode Q0:     7.71
Episode: 337/1500 | Episode reward:   266.39 | Episode steps:  500 | Average reward:   243.52 | Step Count: 97290 | Episode Q0:     7.71
Episode: 338/1500 | Episode reward:   304.24 | Episode steps:  500 | Average reward:   249.19 | Step Count: 97790 | Episode Q0:     7.71
Episode: 339/1500 | Episode reward:   226.37 | Episode steps:  494 | Average reward:   255.43 | Step Count: 98284 | Episode Q0:     7.71
Episode: 340/1500 | Episode reward:   229.44 | Episode steps:  500 | Average reward:   248.87 | Step Count: 98784 | Episode Q0:     7.71
Episode: 341/1500 | Episode reward:   135.73 | Episode steps:  278 | Average reward:   238.37 | Step Count: 99062 | Episode Q0:     7.71
Episode: 342/1500 | Episode reward:   253.28 | Episode steps:  500 | Average reward:   241.30 | Step Count: 99562 | Episode Q0:     7.71
Episode: 343/1500 | Episode reward:   267.28 | Episode steps:  500 | Average reward:   245.89 | Step Count: 100062 | Episode Q0:     7.71
Episode: 344/1500 | Episode reward:   225.53 | Episode steps:  500 | Average reward:   234.00 | Step Count: 100562 | Episode Q0:     7.71
Episode: 345/1500 | Episode reward:   243.88 | Episode steps:  441 | Average reward:   236.00 | Step Count: 101003 | Episode Q0:     7.71
Episode: 346/1500 | Episode reward:   236.52 | Episode steps:  500 | Average reward:   238.87 | Step Count: 101503 | Episode Q0:     7.71
Episode: 347/1500 | Episode reward:   215.52 | Episode steps:  500 | Average reward:   233.78 | Step Count: 102003 | Episode Q0:     7.71
Episode: 348/1500 | Episode reward:   243.81 | Episode steps:  394 | Average reward:   227.74 | Step Count: 102397 | Episode Q0:     7.71
Episode: 349/1500 | Episode reward:   229.72 | Episode steps:  500 | Average reward:   228.07 | Step Count: 102897 | Episode Q0:     7.71
Episode: 350/1500 | Episode reward:   219.87 | Episode steps:  500 | Average reward:   227.11 | Step Count: 103397 | Episode Q0:     7.71
Episode: 351/1500 | Episode reward:   262.66 | Episode steps:  500 | Average reward:   239.81 | Step Count: 103897 | Episode Q0:     7.71
Episode: 352/1500 | Episode reward:   213.69 | Episode steps:  425 | Average reward:   235.85 | Step Count: 104322 | Episode Q0:     7.71
Episode: 353/1500 | Episode reward:   254.12 | Episode steps:  500 | Average reward:   234.53 | Step Count: 104822 | Episode Q0:     7.71
Episode: 354/1500 | Episode reward:   198.89 | Episode steps:  351 | Average reward:   231.87 | Step Count: 105173 | Episode Q0:     7.71
Episode: 355/1500 | Episode reward:   255.98 | Episode steps:  500 | Average reward:   233.08 | Step Count: 105673 | Episode Q0:     7.71
Episode: 356/1500 | Episode reward:   277.32 | Episode steps:  500 | Average reward:   237.16 | Step Count: 106173 | Episode Q0:     7.71
Episode: 357/1500 | Episode reward:   238.19 | Episode steps:  500 | Average reward:   239.43 | Step Count: 106673 | Episode Q0:     9.40
Episode: 358/1500 | Episode reward:   189.74 | Episode steps:  500 | Average reward:   234.02 | Step Count: 107173 | Episode Q0:     9.40
Episode: 359/1500 | Episode reward:   225.60 | Episode steps:  500 | Average reward:   233.61 | Step Count: 107673 | Episode Q0:     9.40
Episode: 360/1500 | Episode reward:   238.22 | Episode steps:  500 | Average reward:   235.44 | Step Count: 108173 | Episode Q0:     9.40
Episode: 361/1500 | Episode reward:   241.92 | Episode steps:  500 | Average reward:   233.37 | Step Count: 108673 | Episode Q0:     9.40
Episode: 362/1500 | Episode reward:   259.38 | Episode steps:  500 | Average reward:   237.94 | Step Count: 109173 | Episode Q0:     9.40
Episode: 363/1500 | Episode reward:   275.13 | Episode steps:  500 | Average reward:   240.04 | Step Count: 109673 | Episode Q0:     9.40
Episode: 364/1500 | Episode reward:   264.58 | Episode steps:  500 | Average reward:   246.61 | Step Count: 110173 | Episode Q0:     9.40
Episode: 365/1500 | Episode reward:   268.70 | Episode steps:  500 | Average reward:   247.88 | Step Count: 110673 | Episode Q0:     9.40
Episode: 366/1500 | Episode reward:   257.67 | Episode steps:  500 | Average reward:   245.91 | Step Count: 111173 | Episode Q0:     9.40
Episode: 367/1500 | Episode reward:   255.70 | Episode steps:  500 | Average reward:   247.66 | Step Count: 111673 | Episode Q0:     9.40
Episode: 368/1500 | Episode reward:   239.05 | Episode steps:  500 | Average reward:   252.60 | Step Count: 112173 | Episode Q0:     9.40
Episode: 369/1500 | Episode reward:   253.68 | Episode steps:  500 | Average reward:   255.40 | Step Count: 112673 | Episode Q0:     9.40
Episode: 370/1500 | Episode reward:   235.60 | Episode steps:  500 | Average reward:   255.14 | Step Count: 113173 | Episode Q0:     9.40
Episode: 371/1500 | Episode reward:   186.84 | Episode steps:  336 | Average reward:   249.63 | Step Count: 113509 | Episode Q0:     9.40
Episode: 372/1500 | Episode reward:   214.66 | Episode steps:  500 | Average reward:   245.16 | Step Count: 114009 | Episode Q0:     9.40
Episode: 373/1500 | Episode reward:   248.43 | Episode steps:  500 | Average reward:   242.49 | Step Count: 114509 | Episode Q0:     9.40
Episode: 374/1500 | Episode reward:   343.17 | Episode steps:  500 | Average reward:   250.35 | Step Count: 115009 | Episode Q0:     9.40
Episode: 375/1500 | Episode reward:   208.11 | Episode steps:  500 | Average reward:   244.29 | Step Count: 115509 | Episode Q0:     9.40
Episode: 376/1500 | Episode reward:   258.20 | Episode steps:  500 | Average reward:   244.35 | Step Count: 116009 | Episode Q0:     9.40
Episode: 377/1500 | Episode reward:   230.54 | Episode steps:  500 | Average reward:   241.83 | Step Count: 116509 | Episode Q0:     9.40
Episode: 378/1500 | Episode reward:   224.68 | Episode steps:  500 | Average reward:   240.39 | Step Count: 117009 | Episode Q0:     9.40
Episode: 379/1500 | Episode reward:   231.74 | Episode steps:  500 | Average reward:   238.20 | Step Count: 117509 | Episode Q0:     9.40
Episode: 380/1500 | Episode reward:   244.47 | Episode steps:  500 | Average reward:   239.08 | Step Count: 118009 | Episode Q0:     9.40
Episode: 381/1500 | Episode reward:   239.01 | Episode steps:  500 | Average reward:   244.30 | Step Count: 118509 | Episode Q0:     9.40
Episode: 382/1500 | Episode reward:   161.36 | Episode steps:  340 | Average reward:   238.97 | Step Count: 118849 | Episode Q0:     9.40
Episode: 383/1500 | Episode reward:   258.46 | Episode steps:  500 | Average reward:   239.97 | Step Count: 119349 | Episode Q0:     9.40
Episode: 384/1500 | Episode reward:   227.19 | Episode steps:  434 | Average reward:   228.37 | Step Count: 119783 | Episode Q0:     9.40
Episode: 385/1500 | Episode reward:   219.38 | Episode steps:  500 | Average reward:   229.50 | Step Count: 120283 | Episode Q0:    10.91
Episode: 386/1500 | Episode reward:   214.75 | Episode steps:  500 | Average reward:   225.16 | Step Count: 120783 | Episode Q0:    10.91
Episode: 387/1500 | Episode reward:   184.52 | Episode steps:  377 | Average reward:   220.55 | Step Count: 121160 | Episode Q0:    10.91
Episode: 388/1500 | Episode reward:   240.78 | Episode steps:  500 | Average reward:   222.16 | Step Count: 121660 | Episode Q0:    10.91
Episode: 389/1500 | Episode reward:   249.51 | Episode steps:  500 | Average reward:   223.94 | Step Count: 122160 | Episode Q0:    10.91
Episode: 390/1500 | Episode reward:   233.94 | Episode steps:  393 | Average reward:   222.89 | Step Count: 122553 | Episode Q0:    10.91
Episode: 391/1500 | Episode reward:   259.44 | Episode steps:  500 | Average reward:   224.93 | Step Count: 123053 | Episode Q0:    10.91
Episode: 392/1500 | Episode reward:   261.64 | Episode steps:  500 | Average reward:   234.96 | Step Count: 123553 | Episode Q0:    10.91
Episode: 393/1500 | Episode reward:   236.67 | Episode steps:  500 | Average reward:   232.78 | Step Count: 124053 | Episode Q0:    10.91
Episode: 394/1500 | Episode reward:   229.20 | Episode steps:  500 | Average reward:   232.98 | Step Count: 124553 | Episode Q0:    10.91
Episode: 395/1500 | Episode reward:   258.13 | Episode steps:  500 | Average reward:   236.86 | Step Count: 125053 | Episode Q0:    10.91
Episode: 396/1500 | Episode reward:   275.79 | Episode steps:  500 | Average reward:   242.96 | Step Count: 125553 | Episode Q0:    10.91
Episode: 397/1500 | Episode reward:   282.75 | Episode steps:  500 | Average reward:   252.79 | Step Count: 126053 | Episode Q0:    10.91
Episode: 398/1500 | Episode reward:   233.38 | Episode steps:  500 | Average reward:   252.05 | Step Count: 126553 | Episode Q0:    10.91
Episode: 399/1500 | Episode reward:   279.02 | Episode steps:  500 | Average reward:   255.00 | Step Count: 127053 | Episode Q0:    10.91
Episode: 400/1500 | Episode reward:   248.52 | Episode steps:  500 | Average reward:   256.45 | Step Count: 127553 | Episode Q0:    10.91
Episode: 401/1500 | Episode reward:   342.52 | Episode steps:  500 | Average reward:   264.76 | Step Count: 128053 | Episode Q0:    10.91
Episode: 402/1500 | Episode reward:   269.74 | Episode steps:  500 | Average reward:   265.57 | Step Count: 128553 | Episode Q0:    10.91
Episode: 403/1500 | Episode reward:   240.28 | Episode steps:  500 | Average reward:   265.93 | Step Count: 129053 | Episode Q0:    10.91
Episode: 404/1500 | Episode reward:   256.83 | Episode steps:  500 | Average reward:   268.69 | Step Count: 129553 | Episode Q0:    10.91
Episode: 405/1500 | Episode reward:   241.28 | Episode steps:  500 | Average reward:   267.01 | Step Count: 130053 | Episode Q0:    10.91
Episode: 406/1500 | Episode reward:   253.51 | Episode steps:  500 | Average reward:   264.78 | Step Count: 130553 | Episode Q0:    10.91
Episode: 407/1500 | Episode reward:   234.39 | Episode steps:  500 | Average reward:   259.95 | Step Count: 131053 | Episode Q0:    10.91
Episode: 408/1500 | Episode reward:   265.14 | Episode steps:  500 | Average reward:   263.12 | Step Count: 131553 | Episode Q0:    10.91
Episode: 409/1500 | Episode reward:   233.69 | Episode steps:  500 | Average reward:   258.59 | Step Count: 132053 | Episode Q0:    10.91
Episode: 410/1500 | Episode reward:   251.46 | Episode steps:  500 | Average reward:   258.88 | Step Count: 132553 | Episode Q0:    10.91
Episode: 411/1500 | Episode reward:   349.53 | Episode steps:  500 | Average reward:   259.59 | Step Count: 133053 | Episode Q0:    10.91
Episode: 412/1500 | Episode reward:   264.07 | Episode steps:  500 | Average reward:   259.02 | Step Count: 133553 | Episode Q0:    12.72
Episode: 413/1500 | Episode reward:   240.50 | Episode steps:  500 | Average reward:   259.04 | Step Count: 134053 | Episode Q0:    12.72
Episode: 414/1500 | Episode reward:   239.67 | Episode steps:  500 | Average reward:   257.32 | Step Count: 134553 | Episode Q0:    12.72
Episode: 415/1500 | Episode reward:   259.89 | Episode steps:  500 | Average reward:   259.18 | Step Count: 135053 | Episode Q0:    12.72
Episode: 416/1500 | Episode reward:   219.34 | Episode steps:  500 | Average reward:   255.77 | Step Count: 135553 | Episode Q0:    12.72
Episode: 417/1500 | Episode reward:   260.34 | Episode steps:  500 | Average reward:   258.36 | Step Count: 136053 | Episode Q0:    12.72
Episode: 418/1500 | Episode reward:   220.74 | Episode steps:  500 | Average reward:   253.92 | Step Count: 136553 | Episode Q0:    12.72
Episode: 419/1500 | Episode reward:   224.21 | Episode steps:  500 | Average reward:   252.98 | Step Count: 137053 | Episode Q0:    12.72
Episode: 420/1500 | Episode reward:   248.87 | Episode steps:  500 | Average reward:   252.72 | Step Count: 137553 | Episode Q0:    12.72
Episode: 421/1500 | Episode reward:   243.69 | Episode steps:  500 | Average reward:   242.13 | Step Count: 138053 | Episode Q0:    12.72
Episode: 422/1500 | Episode reward:   262.17 | Episode steps:  500 | Average reward:   241.94 | Step Count: 138553 | Episode Q0:    12.72
Episode: 423/1500 | Episode reward:   248.66 | Episode steps:  500 | Average reward:   242.76 | Step Count: 139053 | Episode Q0:    12.72
Episode: 424/1500 | Episode reward:   249.67 | Episode steps:  500 | Average reward:   243.76 | Step Count: 139553 | Episode Q0:    12.72
Episode: 425/1500 | Episode reward:   259.53 | Episode steps:  500 | Average reward:   243.72 | Step Count: 140053 | Episode Q0:    12.72
Episode: 426/1500 | Episode reward:   216.91 | Episode steps:  412 | Average reward:   243.48 | Step Count: 140465 | Episode Q0:    12.72
Episode: 427/1500 | Episode reward:   165.72 | Episode steps:  357 | Average reward:   234.02 | Step Count: 140822 | Episode Q0:    12.72
Episode: 428/1500 | Episode reward:   261.35 | Episode steps:  500 | Average reward:   238.08 | Step Count: 141322 | Episode Q0:    12.72
Episode: 429/1500 | Episode reward:   251.44 | Episode steps:  500 | Average reward:   240.80 | Step Count: 141822 | Episode Q0:    12.72
Episode: 430/1500 | Episode reward:   261.00 | Episode steps:  500 | Average reward:   242.01 | Step Count: 142322 | Episode Q0:    12.72
Episode: 431/1500 | Episode reward:   246.96 | Episode steps:  500 | Average reward:   242.34 | Step Count: 142822 | Episode Q0:    12.72
Episode: 432/1500 | Episode reward:   231.93 | Episode steps:  500 | Average reward:   239.32 | Step Count: 143322 | Episode Q0:    12.72
Episode: 433/1500 | Episode reward:   289.97 | Episode steps:  490 | Average reward:   243.45 | Step Count: 143812 | Episode Q0:    12.72
Episode: 434/1500 | Episode reward:   250.84 | Episode steps:  500 | Average reward:   243.56 | Step Count: 144312 | Episode Q0:    12.72
Episode: 435/1500 | Episode reward:   252.54 | Episode steps:  500 | Average reward:   242.87 | Step Count: 144812 | Episode Q0:    12.72
Episode: 436/1500 | Episode reward:   259.59 | Episode steps:  500 | Average reward:   247.13 | Step Count: 145312 | Episode Q0:    12.72
Episode: 437/1500 | Episode reward:   257.74 | Episode steps:  500 | Average reward:   256.34 | Step Count: 145812 | Episode Q0:    12.72
Episode: 438/1500 | Episode reward:   273.03 | Episode steps:  500 | Average reward:   257.50 | Step Count: 146312 | Episode Q0:    14.29
Episode: 439/1500 | Episode reward:   251.28 | Episode steps:  500 | Average reward:   257.49 | Step Count: 146812 | Episode Q0:    14.29
Episode: 440/1500 | Episode reward:   270.18 | Episode steps:  500 | Average reward:   258.41 | Step Count: 147312 | Episode Q0:    14.29
Episode: 441/1500 | Episode reward:   243.00 | Episode steps:  500 | Average reward:   258.01 | Step Count: 147812 | Episode Q0:    14.29
Episode: 442/1500 | Episode reward:   241.80 | Episode steps:  500 | Average reward:   259.00 | Step Count: 148312 | Episode Q0:    14.29
Episode: 443/1500 | Episode reward:   241.62 | Episode steps:  500 | Average reward:   254.16 | Step Count: 148812 | Episode Q0:    14.29
Episode: 444/1500 | Episode reward:   265.21 | Episode steps:  500 | Average reward:   255.60 | Step Count: 149312 | Episode Q0:    14.29
Episode: 445/1500 | Episode reward:   244.49 | Episode steps:  500 | Average reward:   254.80 | Step Count: 149812 | Episode Q0:    14.29
Episode: 446/1500 | Episode reward:   253.37 | Episode steps:  500 | Average reward:   254.17 | Step Count: 150312 | Episode Q0:    14.29
Episode: 447/1500 | Episode reward:   248.61 | Episode steps:  500 | Average reward:   253.26 | Step Count: 150812 | Episode Q0:    14.29
Episode: 448/1500 | Episode reward:   241.03 | Episode steps:  500 | Average reward:   250.06 | Step Count: 151312 | Episode Q0:    14.29
Episode: 449/1500 | Episode reward:   240.67 | Episode steps:  500 | Average reward:   249.00 | Step Count: 151812 | Episode Q0:    14.29
Episode: 450/1500 | Episode reward:   329.64 | Episode steps:  500 | Average reward:   254.94 | Step Count: 152312 | Episode Q0:    14.29
Episode: 451/1500 | Episode reward:   259.27 | Episode steps:  500 | Average reward:   256.57 | Step Count: 152812 | Episode Q0:    14.29
Episode: 452/1500 | Episode reward:   213.88 | Episode steps:  500 | Average reward:   253.78 | Step Count: 153312 | Episode Q0:    14.29
Episode: 453/1500 | Episode reward:   277.38 | Episode steps:  500 | Average reward:   257.36 | Step Count: 153812 | Episode Q0:    14.29
Episode: 454/1500 | Episode reward:   266.47 | Episode steps:  500 | Average reward:   257.48 | Step Count: 154312 | Episode Q0:    14.29
Episode: 455/1500 | Episode reward:   266.96 | Episode steps:  500 | Average reward:   259.73 | Step Count: 154812 | Episode Q0:    14.29
Episode: 456/1500 | Episode reward:   235.11 | Episode steps:  500 | Average reward:   257.90 | Step Count: 155312 | Episode Q0:    14.29
Episode: 457/1500 | Episode reward:   236.43 | Episode steps:  500 | Average reward:   256.68 | Step Count: 155812 | Episode Q0:    14.29
Episode: 458/1500 | Episode reward:   235.73 | Episode steps:  500 | Average reward:   256.15 | Step Count: 156312 | Episode Q0:    14.29
Episode: 459/1500 | Episode reward:   245.20 | Episode steps:  500 | Average reward:   256.61 | Step Count: 156812 | Episode Q0:    14.29
Episode: 460/1500 | Episode reward:   246.72 | Episode steps:  500 | Average reward:   248.31 | Step Count: 157312 | Episode Q0:    14.29
Episode: 461/1500 | Episode reward:   251.46 | Episode steps:  500 | Average reward:   247.53 | Step Count: 157812 | Episode Q0:    14.29
Episode: 462/1500 | Episode reward:   259.68 | Episode steps:  500 | Average reward:   252.11 | Step Count: 158312 | Episode Q0:    14.29
Episode: 463/1500 | Episode reward:   244.79 | Episode steps:  500 | Average reward:   248.85 | Step Count: 158812 | Episode Q0:    14.29
Episode: 464/1500 | Episode reward:   253.90 | Episode steps:  500 | Average reward:   247.60 | Step Count: 159312 | Episode Q0:    14.29
Episode: 465/1500 | Episode reward:   256.34 | Episode steps:  500 | Average reward:   246.54 | Step Count: 159812 | Episode Q0:    15.98
Episode: 466/1500 | Episode reward:   149.09 | Episode steps:  333 | Average reward:   237.93 | Step Count: 160145 | Episode Q0:    15.98
Episode: 467/1500 | Episode reward:   251.17 | Episode steps:  500 | Average reward:   239.41 | Step Count: 160645 | Episode Q0:    15.98
Episode: 468/1500 | Episode reward:   249.22 | Episode steps:  500 | Average reward:   240.76 | Step Count: 161145 | Episode Q0:    15.98
Episode: 469/1500 | Episode reward:   267.11 | Episode steps:  500 | Average reward:   242.95 | Step Count: 161645 | Episode Q0:    15.98
Episode: 470/1500 | Episode reward:   267.35 | Episode steps:  500 | Average reward:   245.01 | Step Count: 162145 | Episode Q0:    15.98
Episode: 471/1500 | Episode reward:   244.97 | Episode steps:  500 | Average reward:   244.36 | Step Count: 162645 | Episode Q0:    15.98
Episode: 472/1500 | Episode reward:   326.29 | Episode steps:  500 | Average reward:   251.02 | Step Count: 163145 | Episode Q0:    15.98
Episode: 473/1500 | Episode reward:   252.85 | Episode steps:  500 | Average reward:   251.83 | Step Count: 163645 | Episode Q0:    15.98
Episode: 474/1500 | Episode reward:   241.89 | Episode steps:  500 | Average reward:   250.63 | Step Count: 164145 | Episode Q0:    15.98
Episode: 475/1500 | Episode reward:   288.19 | Episode steps:  500 | Average reward:   253.81 | Step Count: 164645 | Episode Q0:    15.98
Episode: 476/1500 | Episode reward:   331.77 | Episode steps:  500 | Average reward:   272.08 | Step Count: 165145 | Episode Q0:    15.98
Episode: 477/1500 | Episode reward:   239.39 | Episode steps:  500 | Average reward:   270.90 | Step Count: 165645 | Episode Q0:    15.98
Episode: 478/1500 | Episode reward:   228.62 | Episode steps:  500 | Average reward:   268.84 | Step Count: 166145 | Episode Q0:    15.98
Episode: 479/1500 | Episode reward:   244.47 | Episode steps:  500 | Average reward:   266.58 | Step Count: 166645 | Episode Q0:    15.98
Episode: 480/1500 | Episode reward:   240.37 | Episode steps:  500 | Average reward:   263.88 | Step Count: 167145 | Episode Q0:    15.98
Episode: 481/1500 | Episode reward:   234.26 | Episode steps:  500 | Average reward:   262.81 | Step Count: 167645 | Episode Q0:    15.98
Episode: 482/1500 | Episode reward:   259.35 | Episode steps:  500 | Average reward:   256.12 | Step Count: 168145 | Episode Q0:    15.98
Episode: 483/1500 | Episode reward:   236.80 | Episode steps:  500 | Average reward:   254.51 | Step Count: 168645 | Episode Q0:    15.98
Episode: 484/1500 | Episode reward:   258.07 | Episode steps:  500 | Average reward:   256.13 | Step Count: 169145 | Episode Q0:    15.98
Episode: 485/1500 | Episode reward:   256.07 | Episode steps:  500 | Average reward:   252.92 | Step Count: 169645 | Episode Q0:    15.98
Episode: 486/1500 | Episode reward:   250.83 | Episode steps:  500 | Average reward:   244.82 | Step Count: 170145 | Episode Q0:    15.98
Episode: 487/1500 | Episode reward:   262.72 | Episode steps:  500 | Average reward:   247.16 | Step Count: 170645 | Episode Q0:    15.98
Episode: 488/1500 | Episode reward:   250.63 | Episode steps:  500 | Average reward:   249.36 | Step Count: 171145 | Episode Q0:    15.98
Episode: 489/1500 | Episode reward:   263.60 | Episode steps:  500 | Average reward:   251.27 | Step Count: 171645 | Episode Q0:    15.98
Episode: 490/1500 | Episode reward:   226.08 | Episode steps:  500 | Average reward:   249.84 | Step Count: 172145 | Episode Q0:    17.71
Episode: 491/1500 | Episode reward:   246.47 | Episode steps:  500 | Average reward:   251.06 | Step Count: 172645 | Episode Q0:    17.71
Episode: 492/1500 | Episode reward:   219.28 | Episode steps:  500 | Average reward:   247.06 | Step Count: 173145 | Episode Q0:    17.71
Episode: 493/1500 | Episode reward:   267.93 | Episode steps:  500 | Average reward:   250.17 | Step Count: 173645 | Episode Q0:    17.71
Episode: 494/1500 | Episode reward:   231.40 | Episode steps:  500 | Average reward:   247.50 | Step Count: 174145 | Episode Q0:    17.71
Episode: 495/1500 | Episode reward:   251.67 | Episode steps:  500 | Average reward:   247.06 | Step Count: 174645 | Episode Q0:    17.71
Episode: 496/1500 | Episode reward:   259.96 | Episode steps:  500 | Average reward:   247.98 | Step Count: 175145 | Episode Q0:    17.71
Episode: 497/1500 | Episode reward:   217.90 | Episode steps:  500 | Average reward:   243.49 | Step Count: 175645 | Episode Q0:    17.71
Episode: 498/1500 | Episode reward:   241.99 | Episode steps:  500 | Average reward:   242.63 | Step Count: 176145 | Episode Q0:    17.71
Episode: 499/1500 | Episode reward:   279.97 | Episode steps:  500 | Average reward:   244.27 | Step Count: 176645 | Episode Q0:    17.71
Episode: 500/1500 | Episode reward:   245.64 | Episode steps:  500 | Average reward:   246.22 | Step Count: 177145 | Episode Q0:    17.71
Episode: 501/1500 | Episode reward:   244.39 | Episode steps:  500 | Average reward:   246.01 | Step Count: 177645 | Episode Q0:    17.71
Episode: 502/1500 | Episode reward:   238.91 | Episode steps:  500 | Average reward:   247.98 | Step Count: 178145 | Episode Q0:    17.71
Episode: 503/1500 | Episode reward:   256.18 | Episode steps:  500 | Average reward:   246.80 | Step Count: 178645 | Episode Q0:    17.71
Episode: 504/1500 | Episode reward:   256.17 | Episode steps:  500 | Average reward:   249.28 | Step Count: 179145 | Episode Q0:    17.71
Episode: 505/1500 | Episode reward:   247.37 | Episode steps:  500 | Average reward:   248.85 | Step Count: 179645 | Episode Q0:    17.71
Episode: 506/1500 | Episode reward:   231.05 | Episode steps:  500 | Average reward:   245.96 | Step Count: 180145 | Episode Q0:    17.71
Episode: 507/1500 | Episode reward:   206.30 | Episode steps:  464 | Average reward:   244.80 | Step Count: 180609 | Episode Q0:    17.71
Episode: 508/1500 | Episode reward:   225.70 | Episode steps:  500 | Average reward:   243.17 | Step Count: 181109 | Episode Q0:    17.71
Episode: 509/1500 | Episode reward:   100.43 | Episode steps:  196 | Average reward:   225.22 | Step Count: 181305 | Episode Q0:    17.71
Episode: 510/1500 | Episode reward:   178.58 | Episode steps:  383 | Average reward:   218.51 | Step Count: 181688 | Episode Q0:    17.71
Episode: 511/1500 | Episode reward:   185.82 | Episode steps:  369 | Average reward:   212.65 | Step Count: 182057 | Episode Q0:    17.71
Episode: 512/1500 | Episode reward:   198.49 | Episode steps:  388 | Average reward:   208.61 | Step Count: 182445 | Episode Q0:    17.71
Episode: 513/1500 | Episode reward:   195.26 | Episode steps:  387 | Average reward:   202.52 | Step Count: 182832 | Episode Q0:    17.71
Episode: 514/1500 | Episode reward:   214.33 | Episode steps:  391 | Average reward:   198.33 | Step Count: 183223 | Episode Q0:    17.71
Episode: 515/1500 | Episode reward:   227.26 | Episode steps:  429 | Average reward:   196.32 | Step Count: 183652 | Episode Q0:    17.71
Episode: 516/1500 | Episode reward:   227.26 | Episode steps:  423 | Average reward:   195.94 | Step Count: 184075 | Episode Q0:    17.71
Episode: 517/1500 | Episode reward:   187.39 | Episode steps:  369 | Average reward:   194.05 | Step Count: 184444 | Episode Q0:    17.71
Episode: 518/1500 | Episode reward:   156.67 | Episode steps:  373 | Average reward:   187.15 | Step Count: 184817 | Episode Q0:    17.71
Episode: 519/1500 | Episode reward:   196.35 | Episode steps:  405 | Average reward:   196.74 | Step Count: 185222 | Episode Q0:    17.71
Episode: 520/1500 | Episode reward:   142.44 | Episode steps:  359 | Average reward:   193.13 | Step Count: 185581 | Episode Q0:    17.71
Episode: 521/1500 | Episode reward:   111.46 | Episode steps:  219 | Average reward:   185.69 | Step Count: 185800 | Episode Q0:    19.28
Episode: 522/1500 | Episode reward:    65.19 | Episode steps:  194 | Average reward:   172.36 | Step Count: 185994 | Episode Q0:    19.28
Episode: 523/1500 | Episode reward:   198.14 | Episode steps:  403 | Average reward:   172.65 | Step Count: 186397 | Episode Q0:    19.28
Episode: 524/1500 | Episode reward:   141.21 | Episode steps:  358 | Average reward:   165.34 | Step Count: 186755 | Episode Q0:    19.28
Episode: 525/1500 | Episode reward:   164.52 | Episode steps:  358 | Average reward:   159.06 | Step Count: 187113 | Episode Q0:    19.28
Episode: 526/1500 | Episode reward:   157.51 | Episode steps:  393 | Average reward:   152.09 | Step Count: 187506 | Episode Q0:    19.28
Episode: 527/1500 | Episode reward:   203.11 | Episode steps:  407 | Average reward:   153.66 | Step Count: 187913 | Episode Q0:    19.28
Episode: 528/1500 | Episode reward:   175.17 | Episode steps:  375 | Average reward:   155.51 | Step Count: 188288 | Episode Q0:    19.28
Episode: 529/1500 | Episode reward:   170.96 | Episode steps:  245 | Average reward:   152.97 | Step Count: 188533 | Episode Q0:    19.28
Episode: 530/1500 | Episode reward:   179.57 | Episode steps:  376 | Average reward:   156.69 | Step Count: 188909 | Episode Q0:    19.28
Episode: 531/1500 | Episode reward:   173.01 | Episode steps:  368 | Average reward:   162.84 | Step Count: 189277 | Episode Q0:    19.28
Episode: 532/1500 | Episode reward:   169.52 | Episode steps:  374 | Average reward:   173.27 | Step Count: 189651 | Episode Q0:    19.28
Episode: 533/1500 | Episode reward:   169.94 | Episode steps:  350 | Average reward:   170.45 | Step Count: 190001 | Episode Q0:    19.28
Episode: 534/1500 | Episode reward:   110.65 | Episode steps:  341 | Average reward:   167.40 | Step Count: 190342 | Episode Q0:    19.28
Episode: 535/1500 | Episode reward:   260.77 | Episode steps:  500 | Average reward:   177.02 | Step Count: 190842 | Episode Q0:    19.28
Episode: 536/1500 | Episode reward:   259.89 | Episode steps:  500 | Average reward:   187.26 | Step Count: 191342 | Episode Q0:    19.28
Episode: 537/1500 | Episode reward:   195.04 | Episode steps:  390 | Average reward:   186.45 | Step Count: 191732 | Episode Q0:    19.28
Episode: 538/1500 | Episode reward:   194.39 | Episode steps:  397 | Average reward:   188.37 | Step Count: 192129 | Episode Q0:    19.28
Episode: 539/1500 | Episode reward:   251.28 | Episode steps:  500 | Average reward:   196.41 | Step Count: 192629 | Episode Q0:    19.28
Episode: 540/1500 | Episode reward:   253.12 | Episode steps:  500 | Average reward:   203.76 | Step Count: 193129 | Episode Q0:    19.28
Episode: 541/1500 | Episode reward:   167.24 | Episode steps:  413 | Average reward:   203.18 | Step Count: 193542 | Episode Q0:    19.28
Episode: 542/1500 | Episode reward:   248.86 | Episode steps:  500 | Average reward:   211.12 | Step Count: 194042 | Episode Q0:    19.28
Episode: 543/1500 | Episode reward:   231.05 | Episode steps:  500 | Average reward:   217.23 | Step Count: 194542 | Episode Q0:    19.28
Episode: 544/1500 | Episode reward:   256.54 | Episode steps:  500 | Average reward:   231.82 | Step Count: 195042 | Episode Q0:    19.28
Episode: 545/1500 | Episode reward:   278.81 | Episode steps:  500 | Average reward:   233.62 | Step Count: 195542 | Episode Q0:    19.28
Episode: 546/1500 | Episode reward:   201.68 | Episode steps:  411 | Average reward:   227.80 | Step Count: 195953 | Episode Q0:    19.28
Episode: 547/1500 | Episode reward:   183.33 | Episode steps:  379 | Average reward:   226.63 | Step Count: 196332 | Episode Q0:    19.28
Episode: 548/1500 | Episode reward:   158.77 | Episode steps:  404 | Average reward:   223.07 | Step Count: 196736 | Episode Q0:    19.28
Episode: 549/1500 | Episode reward:   177.88 | Episode steps:  425 | Average reward:   215.73 | Step Count: 197161 | Episode Q0:    19.28
Episode: 550/1500 | Episode reward:   256.92 | Episode steps:  500 | Average reward:   216.11 | Step Count: 197661 | Episode Q0:    20.82
Episode: 551/1500 | Episode reward:   264.77 | Episode steps:  500 | Average reward:   225.86 | Step Count: 198161 | Episode Q0:    20.82
Episode: 552/1500 | Episode reward:   108.96 | Episode steps:  269 | Average reward:   211.87 | Step Count: 198430 | Episode Q0:    20.82
Episode: 553/1500 | Episode reward:   149.93 | Episode steps:  310 | Average reward:   203.76 | Step Count: 198740 | Episode Q0:    20.82
Episode: 554/1500 | Episode reward:   267.96 | Episode steps:  500 | Average reward:   204.90 | Step Count: 199240 | Episode Q0:    20.82
Episode: 555/1500 | Episode reward:   148.60 | Episode steps:  393 | Average reward:   191.88 | Step Count: 199633 | Episode Q0:    20.82
Episode: 556/1500 | Episode reward:   258.15 | Episode steps:  500 | Average reward:   197.53 | Step Count: 200133 | Episode Q0:    20.82
Episode: 557/1500 | Episode reward:   276.47 | Episode steps:  500 | Average reward:   206.84 | Step Count: 200633 | Episode Q0:    20.82
Episode: 558/1500 | Episode reward:   147.41 | Episode steps:  292 | Average reward:   205.71 | Step Count: 200925 | Episode Q0:    20.82
Episode: 559/1500 | Episode reward:   248.99 | Episode steps:  500 | Average reward:   212.82 | Step Count: 201425 | Episode Q0:    20.82
Episode: 560/1500 | Episode reward:    98.39 | Episode steps:  202 | Average reward:   196.96 | Step Count: 201627 | Episode Q0:    20.82
Episode: 561/1500 | Episode reward:   254.99 | Episode steps:  500 | Average reward:   195.98 | Step Count: 202127 | Episode Q0:    20.82
Episode: 562/1500 | Episode reward:   205.30 | Episode steps:  399 | Average reward:   205.62 | Step Count: 202526 | Episode Q0:    20.82
Episode: 563/1500 | Episode reward:   106.15 | Episode steps:  210 | Average reward:   201.24 | Step Count: 202736 | Episode Q0:    20.82
Episode: 564/1500 | Episode reward:   197.52 | Episode steps:  447 | Average reward:   194.20 | Step Count: 203183 | Episode Q0:    20.82
Episode: 565/1500 | Episode reward:   269.36 | Episode steps:  479 | Average reward:   206.27 | Step Count: 203662 | Episode Q0:    20.82
Episode: 566/1500 | Episode reward:   255.03 | Episode steps:  500 | Average reward:   205.96 | Step Count: 204162 | Episode Q0:    20.82
Episode: 567/1500 | Episode reward:   192.75 | Episode steps:  378 | Average reward:   197.59 | Step Count: 204540 | Episode Q0:    20.82
Episode: 568/1500 | Episode reward:   233.49 | Episode steps:  489 | Average reward:   206.20 | Step Count: 205029 | Episode Q0:    20.82
Episode: 569/1500 | Episode reward:   250.92 | Episode steps:  500 | Average reward:   206.39 | Step Count: 205529 | Episode Q0:    20.82
Episode: 570/1500 | Episode reward:   243.78 | Episode steps:  440 | Average reward:   220.93 | Step Count: 205969 | Episode Q0:    20.82
Episode: 571/1500 | Episode reward:   180.27 | Episode steps:  417 | Average reward:   213.46 | Step Count: 206386 | Episode Q0:    20.82
Episode: 572/1500 | Episode reward:   168.35 | Episode steps:  377 | Average reward:   209.76 | Step Count: 206763 | Episode Q0:    20.82
Episode: 573/1500 | Episode reward:   152.93 | Episode steps:  242 | Average reward:   214.44 | Step Count: 207005 | Episode Q0:    20.82
Episode: 574/1500 | Episode reward:   202.80 | Episode steps:  394 | Average reward:   214.97 | Step Count: 207399 | Episode Q0:    20.82
Episode: 575/1500 | Episode reward:   208.76 | Episode steps:  401 | Average reward:   208.91 | Step Count: 207800 | Episode Q0:    20.82
Episode: 576/1500 | Episode reward:   249.96 | Episode steps:  500 | Average reward:   208.40 | Step Count: 208300 | Episode Q0:    20.82
Episode: 577/1500 | Episode reward:   124.70 | Episode steps:  235 | Average reward:   201.59 | Step Count: 208535 | Episode Q0:    20.82
Episode: 578/1500 | Episode reward:   267.96 | Episode steps:  500 | Average reward:   205.04 | Step Count: 209035 | Episode Q0:    22.51
Episode: 579/1500 | Episode reward:   250.98 | Episode steps:  500 | Average reward:   205.05 | Step Count: 209535 | Episode Q0:    22.51
Episode: 580/1500 | Episode reward:   243.49 | Episode steps:  500 | Average reward:   205.02 | Step Count: 210035 | Episode Q0:    22.51
Episode: 581/1500 | Episode reward:   233.79 | Episode steps:  450 | Average reward:   210.37 | Step Count: 210485 | Episode Q0:    22.51
Episode: 582/1500 | Episode reward:    90.08 | Episode steps:  216 | Average reward:   202.54 | Step Count: 210701 | Episode Q0:    22.51
Episode: 583/1500 | Episode reward:   242.49 | Episode steps:  500 | Average reward:   211.50 | Step Count: 211201 | Episode Q0:    22.51
Episode: 584/1500 | Episode reward:   338.46 | Episode steps:  500 | Average reward:   225.07 | Step Count: 211701 | Episode Q0:    22.51
Episode: 585/1500 | Episode reward:   260.50 | Episode steps:  500 | Average reward:   230.24 | Step Count: 212201 | Episode Q0:    22.51
Episode: 586/1500 | Episode reward:   191.52 | Episode steps:  402 | Average reward:   224.40 | Step Count: 212603 | Episode Q0:    22.51
Episode: 587/1500 | Episode reward:   247.40 | Episode steps:  500 | Average reward:   236.67 | Step Count: 213103 | Episode Q0:    22.51
Episode: 588/1500 | Episode reward:   146.14 | Episode steps:  272 | Average reward:   224.48 | Step Count: 213375 | Episode Q0:    22.51
Episode: 589/1500 | Episode reward:   259.45 | Episode steps:  500 | Average reward:   225.33 | Step Count: 213875 | Episode Q0:    22.51
Episode: 590/1500 | Episode reward:   181.64 | Episode steps:  365 | Average reward:   219.15 | Step Count: 214240 | Episode Q0:    22.51
Episode: 591/1500 | Episode reward:   244.40 | Episode steps:  500 | Average reward:   220.21 | Step Count: 214740 | Episode Q0:    22.51
Episode: 592/1500 | Episode reward:   243.76 | Episode steps:  500 | Average reward:   235.58 | Step Count: 215240 | Episode Q0:    22.51
Episode: 593/1500 | Episode reward:   158.11 | Episode steps:  357 | Average reward:   227.14 | Step Count: 215597 | Episode Q0:    22.51
Episode: 594/1500 | Episode reward:   176.35 | Episode steps:  500 | Average reward:   210.93 | Step Count: 216097 | Episode Q0:    22.51
Episode: 595/1500 | Episode reward:   265.29 | Episode steps:  495 | Average reward:   211.41 | Step Count: 216592 | Episode Q0:    22.51
Episode: 596/1500 | Episode reward:   289.49 | Episode steps:  500 | Average reward:   221.20 | Step Count: 217092 | Episode Q0:    22.51
Episode: 597/1500 | Episode reward:   233.64 | Episode steps:  500 | Average reward:   219.83 | Step Count: 217592 | Episode Q0:    22.51
Episode: 598/1500 | Episode reward:   253.69 | Episode steps:  500 | Average reward:   230.58 | Step Count: 218092 | Episode Q0:    22.51
Episode: 599/1500 | Episode reward:   253.79 | Episode steps:  500 | Average reward:   230.02 | Step Count: 218592 | Episode Q0:    22.51
Episode: 600/1500 | Episode reward:   263.44 | Episode steps:  500 | Average reward:   238.20 | Step Count: 219092 | Episode Q0:    22.51
Episode: 601/1500 | Episode reward:   176.20 | Episode steps:  396 | Average reward:   231.38 | Step Count: 219488 | Episode Q0:    22.51
Episode: 602/1500 | Episode reward:   265.34 | Episode steps:  494 | Average reward:   233.53 | Step Count: 219982 | Episode Q0:    22.51
Episode: 603/1500 | Episode reward:   232.60 | Episode steps:  500 | Average reward:   240.98 | Step Count: 220482 | Episode Q0:    22.51
Episode: 604/1500 | Episode reward:   235.98 | Episode steps:  500 | Average reward:   246.95 | Step Count: 220982 | Episode Q0:    22.51
Episode: 605/1500 | Episode reward:   255.35 | Episode steps:  500 | Average reward:   245.95 | Step Count: 221482 | Episode Q0:    24.12
Episode: 606/1500 | Episode reward:   152.46 | Episode steps:  500 | Average reward:   232.25 | Step Count: 221982 | Episode Q0:    24.12
Episode: 607/1500 | Episode reward:   268.42 | Episode steps:  500 | Average reward:   235.73 | Step Count: 222482 | Episode Q0:    24.12
Episode: 608/1500 | Episode reward:   175.61 | Episode steps:  406 | Average reward:   227.92 | Step Count: 222888 | Episode Q0:    24.12
Episode: 609/1500 | Episode reward:   266.82 | Episode steps:  519 | Average reward:   229.22 | Step Count: 223407 | Episode Q0:    24.12
Episode: 610/1500 | Episode reward:   246.00 | Episode steps:  500 | Average reward:   227.48 | Step Count: 223907 | Episode Q0:    24.12
Episode: 611/1500 | Episode reward:   265.29 | Episode steps:  500 | Average reward:   236.39 | Step Count: 224407 | Episode Q0:    24.12
Episode: 612/1500 | Episode reward:   243.69 | Episode steps:  500 | Average reward:   234.22 | Step Count: 224907 | Episode Q0:    24.12
Episode: 613/1500 | Episode reward:   208.44 | Episode steps:  500 | Average reward:   231.81 | Step Count: 225407 | Episode Q0:    24.12
Episode: 614/1500 | Episode reward:   317.74 | Episode steps:  500 | Average reward:   239.98 | Step Count: 225907 | Episode Q0:    24.12
Episode: 615/1500 | Episode reward:   250.81 | Episode steps:  500 | Average reward:   239.53 | Step Count: 226407 | Episode Q0:    24.12
Episode: 616/1500 | Episode reward:   266.62 | Episode steps:  500 | Average reward:   250.95 | Step Count: 226907 | Episode Q0:    24.12
Episode: 617/1500 | Episode reward:   237.06 | Episode steps:  500 | Average reward:   247.81 | Step Count: 227407 | Episode Q0:    24.12
Episode: 618/1500 | Episode reward:   238.52 | Episode steps:  421 | Average reward:   254.10 | Step Count: 227828 | Episode Q0:    24.12
Episode: 619/1500 | Episode reward:   310.53 | Episode steps:  500 | Average reward:   258.47 | Step Count: 228328 | Episode Q0:    24.12
Episode: 620/1500 | Episode reward:   233.90 | Episode steps:  500 | Average reward:   257.26 | Step Count: 228828 | Episode Q0:    24.12
Episode: 621/1500 | Episode reward:   255.86 | Episode steps:  500 | Average reward:   256.32 | Step Count: 229328 | Episode Q0:    24.12
Episode: 622/1500 | Episode reward:   224.08 | Episode steps:  500 | Average reward:   254.35 | Step Count: 229828 | Episode Q0:    24.12
Episode: 623/1500 | Episode reward:   162.97 | Episode steps:  500 | Average reward:   249.81 | Step Count: 230328 | Episode Q0:    24.12
Episode: 624/1500 | Episode reward:   178.87 | Episode steps:  383 | Average reward:   235.92 | Step Count: 230711 | Episode Q0:    24.12
Episode: 625/1500 | Episode reward:   178.24 | Episode steps:  462 | Average reward:   228.66 | Step Count: 231173 | Episode Q0:    24.12
Episode: 626/1500 | Episode reward:   237.33 | Episode steps:  439 | Average reward:   225.73 | Step Count: 231612 | Episode Q0:    24.12
Episode: 627/1500 | Episode reward:   191.45 | Episode steps:  422 | Average reward:   221.17 | Step Count: 232034 | Episode Q0:    24.12
Episode: 628/1500 | Episode reward:   224.64 | Episode steps:  453 | Average reward:   219.79 | Step Count: 232487 | Episode Q0:    24.12
Episode: 629/1500 | Episode reward:   286.45 | Episode steps:  471 | Average reward:   217.38 | Step Count: 232958 | Episode Q0:    24.12
Episode: 630/1500 | Episode reward:   308.11 | Episode steps:  500 | Average reward:   224.80 | Step Count: 233458 | Episode Q0:    24.12
Episode: 631/1500 | Episode reward:   290.53 | Episode steps:  497 | Average reward:   228.27 | Step Count: 233955 | Episode Q0:    24.12
Episode: 632/1500 | Episode reward:   182.00 | Episode steps:  411 | Average reward:   224.06 | Step Count: 234366 | Episode Q0:    25.36
Episode: 633/1500 | Episode reward:   141.35 | Episode steps:  258 | Average reward:   221.90 | Step Count: 234624 | Episode Q0:    25.36
Episode: 634/1500 | Episode reward:   235.11 | Episode steps:  500 | Average reward:   227.52 | Step Count: 235124 | Episode Q0:    25.36
Episode: 635/1500 | Episode reward:   237.20 | Episode steps:  439 | Average reward:   233.42 | Step Count: 235563 | Episode Q0:    25.36
Episode: 636/1500 | Episode reward:   264.95 | Episode steps:  462 | Average reward:   236.18 | Step Count: 236025 | Episode Q0:    25.36
Episode: 637/1500 | Episode reward:   173.30 | Episode steps:  387 | Average reward:   234.36 | Step Count: 236412 | Episode Q0:    25.36
Episode: 638/1500 | Episode reward:   194.98 | Episode steps:  461 | Average reward:   231.40 | Step Count: 236873 | Episode Q0:    25.36
Episode: 639/1500 | Episode reward:   208.18 | Episode steps:  408 | Average reward:   223.57 | Step Count: 237281 | Episode Q0:    25.36
Episode: 640/1500 | Episode reward:   241.98 | Episode steps:  327 | Average reward:   216.96 | Step Count: 237608 | Episode Q0:    25.36
Episode: 641/1500 | Episode reward:   216.84 | Episode steps:  500 | Average reward:   209.59 | Step Count: 238108 | Episode Q0:    25.36
Episode: 642/1500 | Episode reward:   205.70 | Episode steps:  413 | Average reward:   211.96 | Step Count: 238521 | Episode Q0:    25.36
Episode: 643/1500 | Episode reward:   223.14 | Episode steps:  500 | Average reward:   220.14 | Step Count: 239021 | Episode Q0:    25.36
Episode: 644/1500 | Episode reward:   200.30 | Episode steps:  500 | Average reward:   216.66 | Step Count: 239521 | Episode Q0:    25.36
Episode: 645/1500 | Episode reward:   168.10 | Episode steps:  352 | Average reward:   209.75 | Step Count: 239873 | Episode Q0:    25.36
Episode: 646/1500 | Episode reward:   174.05 | Episode steps:  398 | Average reward:   200.66 | Step Count: 240271 | Episode Q0:    25.36
Episode: 647/1500 | Episode reward:   207.13 | Episode steps:  405 | Average reward:   204.04 | Step Count: 240676 | Episode Q0:    25.36
Episode: 648/1500 | Episode reward:   213.92 | Episode steps:  451 | Average reward:   205.94 | Step Count: 241127 | Episode Q0:    25.36
Episode: 649/1500 | Episode reward:   246.50 | Episode steps:  500 | Average reward:   209.77 | Step Count: 241627 | Episode Q0:    25.36
Episode: 650/1500 | Episode reward:   245.72 | Episode steps:  500 | Average reward:   210.14 | Step Count: 242127 | Episode Q0:    25.36
Episode: 651/1500 | Episode reward:   219.77 | Episode steps:  500 | Average reward:   210.43 | Step Count: 242627 | Episode Q0:    25.36
Episode: 652/1500 | Episode reward:   259.90 | Episode steps:  500 | Average reward:   215.85 | Step Count: 243127 | Episode Q0:    25.36
Episode: 653/1500 | Episode reward:   252.79 | Episode steps:  500 | Average reward:   218.82 | Step Count: 243627 | Episode Q0:    25.36
Episode: 654/1500 | Episode reward:   205.46 | Episode steps:  500 | Average reward:   219.33 | Step Count: 244127 | Episode Q0:    25.36
Episode: 655/1500 | Episode reward:   211.22 | Episode steps:  500 | Average reward:   223.65 | Step Count: 244627 | Episode Q0:    25.36
Episode: 656/1500 | Episode reward:   268.13 | Episode steps:  500 | Average reward:   233.05 | Step Count: 245127 | Episode Q0:    25.36
Episode: 657/1500 | Episode reward:   230.94 | Episode steps:  500 | Average reward:   235.44 | Step Count: 245627 | Episode Q0:    25.36
Episode: 658/1500 | Episode reward:   263.92 | Episode steps:  500 | Average reward:   240.44 | Step Count: 246127 | Episode Q0:    26.81
Episode: 659/1500 | Episode reward:   247.02 | Episode steps:  500 | Average reward:   240.49 | Step Count: 246627 | Episode Q0:    26.81
Episode: 660/1500 | Episode reward:   293.05 | Episode steps:  500 | Average reward:   245.22 | Step Count: 247127 | Episode Q0:    26.81
Episode: 661/1500 | Episode reward:   208.20 | Episode steps:  500 | Average reward:   244.06 | Step Count: 247627 | Episode Q0:    26.81
Episode: 662/1500 | Episode reward:   251.39 | Episode steps:  500 | Average reward:   243.21 | Step Count: 248127 | Episode Q0:    26.81
Episode: 663/1500 | Episode reward:   253.20 | Episode steps:  500 | Average reward:   243.25 | Step Count: 248627 | Episode Q0:    26.81
Episode: 664/1500 | Episode reward:   227.60 | Episode steps:  500 | Average reward:   245.47 | Step Count: 249127 | Episode Q0:    26.81
Episode: 665/1500 | Episode reward:   234.25 | Episode steps:  500 | Average reward:   247.77 | Step Count: 249627 | Episode Q0:    26.81
Episode: 666/1500 | Episode reward:   245.06 | Episode steps:  500 | Average reward:   245.46 | Step Count: 250127 | Episode Q0:    26.81
Episode: 667/1500 | Episode reward:   234.26 | Episode steps:  500 | Average reward:   245.80 | Step Count: 250627 | Episode Q0:    26.81
Episode: 668/1500 | Episode reward:   262.15 | Episode steps:  500 | Average reward:   245.62 | Step Count: 251127 | Episode Q0:    26.81
Episode: 669/1500 | Episode reward:   251.73 | Episode steps:  500 | Average reward:   246.09 | Step Count: 251627 | Episode Q0:    26.81
Episode: 670/1500 | Episode reward:   249.98 | Episode steps:  500 | Average reward:   241.78 | Step Count: 252127 | Episode Q0:    26.81
Episode: 671/1500 | Episode reward:   248.64 | Episode steps:  500 | Average reward:   245.83 | Step Count: 252627 | Episode Q0:    26.81
Episode: 672/1500 | Episode reward:   264.44 | Episode steps:  500 | Average reward:   247.13 | Step Count: 253127 | Episode Q0:    26.81
Episode: 673/1500 | Episode reward:   264.17 | Episode steps:  500 | Average reward:   248.23 | Step Count: 253627 | Episode Q0:    26.81
Episode: 674/1500 | Episode reward:   254.20 | Episode steps:  500 | Average reward:   250.89 | Step Count: 254127 | Episode Q0:    26.81
Episode: 675/1500 | Episode reward:   258.34 | Episode steps:  500 | Average reward:   253.30 | Step Count: 254627 | Episode Q0:    26.81
Episode: 676/1500 | Episode reward:   245.76 | Episode steps:  500 | Average reward:   253.37 | Step Count: 255127 | Episode Q0:    26.81
Episode: 677/1500 | Episode reward:   285.48 | Episode steps:  500 | Average reward:   258.49 | Step Count: 255627 | Episode Q0:    26.81
Episode: 678/1500 | Episode reward:   216.24 | Episode steps:  500 | Average reward:   253.90 | Step Count: 256127 | Episode Q0:    26.81
Episode: 679/1500 | Episode reward:   160.62 | Episode steps:  437 | Average reward:   244.79 | Step Count: 256564 | Episode Q0:    26.81
Episode: 680/1500 | Episode reward:   235.37 | Episode steps:  448 | Average reward:   243.32 | Step Count: 257012 | Episode Q0:    26.81
Episode: 681/1500 | Episode reward:   182.56 | Episode steps:  273 | Average reward:   236.72 | Step Count: 257285 | Episode Q0:    26.81
Episode: 682/1500 | Episode reward:   179.28 | Episode steps:  374 | Average reward:   228.20 | Step Count: 257659 | Episode Q0:    26.81
Episode: 683/1500 | Episode reward:   208.18 | Episode steps:  500 | Average reward:   222.60 | Step Count: 258159 | Episode Q0:    26.81
Episode: 684/1500 | Episode reward:   197.80 | Episode steps:  414 | Average reward:   216.96 | Step Count: 258573 | Episode Q0:    26.81
Episode: 685/1500 | Episode reward:   172.84 | Episode steps:  405 | Average reward:   208.41 | Step Count: 258978 | Episode Q0:    26.81
Episode: 686/1500 | Episode reward:   231.82 | Episode steps:  460 | Average reward:   207.02 | Step Count: 259438 | Episode Q0:    28.20
Episode: 687/1500 | Episode reward:   208.29 | Episode steps:  500 | Average reward:   199.30 | Step Count: 259938 | Episode Q0:    28.20
Episode: 688/1500 | Episode reward:   196.18 | Episode steps:  466 | Average reward:   197.29 | Step Count: 260404 | Episode Q0:    28.20
Episode: 689/1500 | Episode reward:   203.08 | Episode steps:  401 | Average reward:   201.54 | Step Count: 260805 | Episode Q0:    28.20
Episode: 690/1500 | Episode reward:   243.00 | Episode steps:  500 | Average reward:   202.30 | Step Count: 261305 | Episode Q0:    28.20
Episode: 691/1500 | Episode reward:   234.67 | Episode steps:  500 | Average reward:   207.51 | Step Count: 261805 | Episode Q0:    28.20
Episode: 692/1500 | Episode reward:   178.74 | Episode steps:  389 | Average reward:   207.46 | Step Count: 262194 | Episode Q0:    28.20
Episode: 693/1500 | Episode reward:   230.81 | Episode steps:  428 | Average reward:   209.72 | Step Count: 262622 | Episode Q0:    28.20
Episode: 694/1500 | Episode reward:   226.78 | Episode steps:  500 | Average reward:   212.62 | Step Count: 263122 | Episode Q0:    28.20
Episode: 695/1500 | Episode reward:   161.13 | Episode steps:  399 | Average reward:   211.45 | Step Count: 263521 | Episode Q0:    28.20
Episode: 696/1500 | Episode reward:   187.08 | Episode steps:  399 | Average reward:   206.98 | Step Count: 263920 | Episode Q0:    28.20
Episode: 697/1500 | Episode reward:   230.09 | Episode steps:  500 | Average reward:   209.16 | Step Count: 264420 | Episode Q0:    28.20
Episode: 698/1500 | Episode reward:   218.73 | Episode steps:  484 | Average reward:   211.41 | Step Count: 264904 | Episode Q0:    28.20
Episode: 699/1500 | Episode reward:   187.86 | Episode steps:  500 | Average reward:   209.89 | Step Count: 265404 | Episode Q0:    28.20
Episode: 700/1500 | Episode reward:   223.47 | Episode steps:  424 | Average reward:   207.94 | Step Count: 265828 | Episode Q0:    28.20
Episode: 701/1500 | Episode reward:   227.20 | Episode steps:  500 | Average reward:   207.19 | Step Count: 266328 | Episode Q0:    28.20
Episode: 702/1500 | Episode reward:   197.26 | Episode steps:  500 | Average reward:   209.04 | Step Count: 266828 | Episode Q0:    28.20
Episode: 703/1500 | Episode reward:   234.24 | Episode steps:  500 | Average reward:   209.38 | Step Count: 267328 | Episode Q0:    28.20
Episode: 704/1500 | Episode reward:   232.74 | Episode steps:  500 | Average reward:   209.98 | Step Count: 267828 | Episode Q0:    28.20
Episode: 705/1500 | Episode reward:   257.86 | Episode steps:  500 | Average reward:   219.65 | Step Count: 268328 | Episode Q0:    28.20
Episode: 706/1500 | Episode reward:   253.15 | Episode steps:  500 | Average reward:   226.26 | Step Count: 268828 | Episode Q0:    28.20
Episode: 707/1500 | Episode reward:   224.14 | Episode steps:  500 | Average reward:   225.67 | Step Count: 269328 | Episode Q0:    28.20
Episode: 708/1500 | Episode reward:   249.89 | Episode steps:  500 | Average reward:   228.78 | Step Count: 269828 | Episode Q0:    28.20
Episode: 709/1500 | Episode reward:   245.68 | Episode steps:  500 | Average reward:   234.56 | Step Count: 270328 | Episode Q0:    28.20
Episode: 710/1500 | Episode reward:   223.24 | Episode steps:  500 | Average reward:   234.54 | Step Count: 270828 | Episode Q0:    28.20
Episode: 711/1500 | Episode reward:   247.89 | Episode steps:  500 | Average reward:   236.61 | Step Count: 271328 | Episode Q0:    29.67
Episode: 712/1500 | Episode reward:   257.93 | Episode steps:  500 | Average reward:   242.68 | Step Count: 271828 | Episode Q0:    29.67
Episode: 713/1500 | Episode reward:   256.61 | Episode steps:  500 | Average reward:   244.91 | Step Count: 272328 | Episode Q0:    29.67
Episode: 714/1500 | Episode reward:   236.82 | Episode steps:  500 | Average reward:   245.32 | Step Count: 272828 | Episode Q0:    29.67
Episode: 715/1500 | Episode reward:   256.60 | Episode steps:  500 | Average reward:   245.19 | Step Count: 273328 | Episode Q0:    29.67
Episode: 716/1500 | Episode reward:   241.53 | Episode steps:  500 | Average reward:   244.03 | Step Count: 273828 | Episode Q0:    29.67
Episode: 717/1500 | Episode reward:   212.55 | Episode steps:  500 | Average reward:   242.87 | Step Count: 274328 | Episode Q0:    29.67
Episode: 718/1500 | Episode reward:   237.07 | Episode steps:  500 | Average reward:   241.59 | Step Count: 274828 | Episode Q0:    29.67
Episode: 719/1500 | Episode reward:   243.55 | Episode steps:  500 | Average reward:   241.38 | Step Count: 275328 | Episode Q0:    29.67
Episode: 720/1500 | Episode reward:   271.58 | Episode steps:  500 | Average reward:   246.21 | Step Count: 275828 | Episode Q0:    29.67
Episode: 721/1500 | Episode reward:   233.08 | Episode steps:  500 | Average reward:   244.73 | Step Count: 276328 | Episode Q0:    29.67
Episode: 722/1500 | Episode reward:   192.12 | Episode steps:  500 | Average reward:   238.15 | Step Count: 276828 | Episode Q0:    29.67
Episode: 723/1500 | Episode reward:   233.81 | Episode steps:  500 | Average reward:   235.87 | Step Count: 277328 | Episode Q0:    29.67
Episode: 724/1500 | Episode reward:   232.44 | Episode steps:  500 | Average reward:   235.43 | Step Count: 277828 | Episode Q0:    29.67
Episode: 725/1500 | Episode reward:   234.96 | Episode steps:  500 | Average reward:   233.27 | Step Count: 278328 | Episode Q0:    29.67
Episode: 726/1500 | Episode reward:   245.18 | Episode steps:  500 | Average reward:   233.63 | Step Count: 278828 | Episode Q0:    29.67
Episode: 727/1500 | Episode reward:   241.20 | Episode steps:  500 | Average reward:   236.50 | Step Count: 279328 | Episode Q0:    29.67
Episode: 728/1500 | Episode reward:   244.61 | Episode steps:  500 | Average reward:   237.25 | Step Count: 279828 | Episode Q0:    29.67
Episode: 729/1500 | Episode reward:   239.89 | Episode steps:  500 | Average reward:   236.89 | Step Count: 280328 | Episode Q0:    29.67
Episode: 730/1500 | Episode reward:   208.06 | Episode steps:  483 | Average reward:   230.53 | Step Count: 280811 | Episode Q0:    29.67
Episode: 731/1500 | Episode reward:   203.33 | Episode steps:  409 | Average reward:   227.56 | Step Count: 281220 | Episode Q0:    29.67
Episode: 732/1500 | Episode reward:   204.49 | Episode steps:  400 | Average reward:   228.80 | Step Count: 281620 | Episode Q0:    29.67
Episode: 733/1500 | Episode reward:   202.33 | Episode steps:  428 | Average reward:   225.65 | Step Count: 282048 | Episode Q0:    29.67
Episode: 734/1500 | Episode reward:   236.08 | Episode steps:  500 | Average reward:   226.01 | Step Count: 282548 | Episode Q0:    29.67
Episode: 735/1500 | Episode reward:   223.35 | Episode steps:  500 | Average reward:   224.85 | Step Count: 283048 | Episode Q0:    29.67
Episode: 736/1500 | Episode reward:   215.52 | Episode steps:  500 | Average reward:   221.89 | Step Count: 283548 | Episode Q0:    29.67
Episode: 737/1500 | Episode reward:   228.59 | Episode steps:  455 | Average reward:   220.63 | Step Count: 284003 | Episode Q0:    30.78
Episode: 738/1500 | Episode reward:   210.18 | Episode steps:  463 | Average reward:   217.18 | Step Count: 284466 | Episode Q0:    30.78
Episode: 739/1500 | Episode reward:   189.68 | Episode steps:  392 | Average reward:   212.16 | Step Count: 284858 | Episode Q0:    30.78
Episode: 740/1500 | Episode reward:   259.82 | Episode steps:  484 | Average reward:   217.34 | Step Count: 285342 | Episode Q0:    30.78
Episode: 741/1500 | Episode reward:   214.34 | Episode steps:  500 | Average reward:   218.44 | Step Count: 285842 | Episode Q0:    30.78
Episode: 742/1500 | Episode reward:   208.53 | Episode steps:  407 | Average reward:   218.84 | Step Count: 286249 | Episode Q0:    30.78
Episode: 743/1500 | Episode reward:   235.81 | Episode steps:  500 | Average reward:   222.19 | Step Count: 286749 | Episode Q0:    30.78
Episode: 744/1500 | Episode reward:   252.55 | Episode steps:  500 | Average reward:   223.84 | Step Count: 287249 | Episode Q0:    30.78
Episode: 745/1500 | Episode reward:   205.52 | Episode steps:  414 | Average reward:   222.05 | Step Count: 287663 | Episode Q0:    30.78
Episode: 746/1500 | Episode reward:   256.29 | Episode steps:  458 | Average reward:   226.13 | Step Count: 288121 | Episode Q0:    30.78
Episode: 747/1500 | Episode reward:   229.28 | Episode steps:  500 | Average reward:   226.20 | Step Count: 288621 | Episode Q0:    30.78
Episode: 748/1500 | Episode reward:   195.15 | Episode steps:  389 | Average reward:   224.70 | Step Count: 289010 | Episode Q0:    30.78
Episode: 749/1500 | Episode reward:   292.71 | Episode steps:  500 | Average reward:   235.00 | Step Count: 289510 | Episode Q0:    30.78
Episode: 750/1500 | Episode reward:   240.25 | Episode steps:  459 | Average reward:   233.04 | Step Count: 289969 | Episode Q0:    30.78
Episode: 751/1500 | Episode reward:   211.61 | Episode steps:  451 | Average reward:   232.77 | Step Count: 290420 | Episode Q0:    30.78
Episode: 752/1500 | Episode reward:   225.67 | Episode steps:  429 | Average reward:   234.48 | Step Count: 290849 | Episode Q0:    30.78
Episode: 753/1500 | Episode reward:   197.50 | Episode steps:  422 | Average reward:   230.65 | Step Count: 291271 | Episode Q0:    30.78
Episode: 754/1500 | Episode reward:   237.29 | Episode steps:  500 | Average reward:   229.13 | Step Count: 291771 | Episode Q0:    30.78
Episode: 755/1500 | Episode reward:   236.88 | Episode steps:  500 | Average reward:   232.26 | Step Count: 292271 | Episode Q0:    30.78
Episode: 756/1500 | Episode reward:   230.02 | Episode steps:  500 | Average reward:   229.63 | Step Count: 292771 | Episode Q0:    30.78
Episode: 757/1500 | Episode reward:   324.15 | Episode steps:  500 | Average reward:   239.12 | Step Count: 293271 | Episode Q0:    30.78
Episode: 758/1500 | Episode reward:   237.34 | Episode steps:  500 | Average reward:   243.34 | Step Count: 293771 | Episode Q0:    30.78
Episode: 759/1500 | Episode reward:   230.09 | Episode steps:  500 | Average reward:   237.08 | Step Count: 294271 | Episode Q0:    30.78
Episode: 760/1500 | Episode reward:   244.97 | Episode steps:  500 | Average reward:   237.55 | Step Count: 294771 | Episode Q0:    30.78
Episode: 761/1500 | Episode reward:   273.73 | Episode steps:  500 | Average reward:   243.76 | Step Count: 295271 | Episode Q0:    30.78
Episode: 762/1500 | Episode reward:   234.43 | Episode steps:  500 | Average reward:   244.64 | Step Count: 295771 | Episode Q0:    30.78
Episode: 763/1500 | Episode reward:   251.61 | Episode steps:  500 | Average reward:   250.05 | Step Count: 296271 | Episode Q0:    32.09
Episode: 764/1500 | Episode reward:   211.27 | Episode steps:  500 | Average reward:   247.45 | Step Count: 296771 | Episode Q0:    32.09
Episode: 765/1500 | Episode reward:   331.17 | Episode steps:  500 | Average reward:   256.88 | Step Count: 297271 | Episode Q0:    32.09
Episode: 766/1500 | Episode reward:   254.18 | Episode steps:  500 | Average reward:   259.29 | Step Count: 297771 | Episode Q0:    32.09
Episode: 767/1500 | Episode reward:   149.46 | Episode steps:  266 | Average reward:   241.82 | Step Count: 298037 | Episode Q0:    32.09
Episode: 768/1500 | Episode reward:   250.83 | Episode steps:  500 | Average reward:   243.17 | Step Count: 298537 | Episode Q0:    32.09
Episode: 769/1500 | Episode reward:   237.97 | Episode steps:  500 | Average reward:   243.96 | Step Count: 299037 | Episode Q0:    32.09
Episode: 770/1500 | Episode reward:   211.02 | Episode steps:  500 | Average reward:   240.57 | Step Count: 299537 | Episode Q0:    32.09
Episode: 771/1500 | Episode reward:   240.46 | Episode steps:  447 | Average reward:   237.24 | Step Count: 299984 | Episode Q0:    32.09
Episode: 772/1500 | Episode reward:   248.60 | Episode steps:  500 | Average reward:   238.66 | Step Count: 300484 | Episode Q0:    32.09
Episode: 773/1500 | Episode reward:   241.47 | Episode steps:  500 | Average reward:   237.64 | Step Count: 300984 | Episode Q0:    32.09
Episode: 774/1500 | Episode reward:   252.85 | Episode steps:  500 | Average reward:   241.80 | Step Count: 301484 | Episode Q0:    32.09
Episode: 775/1500 | Episode reward:   214.38 | Episode steps:  500 | Average reward:   230.12 | Step Count: 301984 | Episode Q0:    32.09
Episode: 776/1500 | Episode reward:   258.71 | Episode steps:  489 | Average reward:   230.57 | Step Count: 302473 | Episode Q0:    32.09
Episode: 777/1500 | Episode reward:   273.35 | Episode steps:  500 | Average reward:   242.96 | Step Count: 302973 | Episode Q0:    32.09
Episode: 778/1500 | Episode reward:   237.20 | Episode steps:  500 | Average reward:   241.60 | Step Count: 303473 | Episode Q0:    32.09
Episode: 779/1500 | Episode reward:   229.53 | Episode steps:  500 | Average reward:   240.76 | Step Count: 303973 | Episode Q0:    32.09
Episode: 780/1500 | Episode reward:   240.71 | Episode steps:  500 | Average reward:   243.72 | Step Count: 304473 | Episode Q0:    32.09
Episode: 781/1500 | Episode reward:   270.36 | Episode steps:  500 | Average reward:   246.71 | Step Count: 304973 | Episode Q0:    32.09
Episode: 782/1500 | Episode reward:   212.22 | Episode steps:  500 | Average reward:   243.08 | Step Count: 305473 | Episode Q0:    32.09
Episode: 783/1500 | Episode reward:   228.55 | Episode steps:  500 | Average reward:   241.79 | Step Count: 305973 | Episode Q0:    32.09
Episode: 784/1500 | Episode reward:   229.94 | Episode steps:  500 | Average reward:   239.49 | Step Count: 306473 | Episode Q0:    32.09
Episode: 785/1500 | Episode reward:   213.68 | Episode steps:  500 | Average reward:   239.42 | Step Count: 306973 | Episode Q0:    32.09
Episode: 786/1500 | Episode reward:   250.34 | Episode steps:  500 | Average reward:   238.59 | Step Count: 307473 | Episode Q0:    32.09
Episode: 787/1500 | Episode reward:   206.25 | Episode steps:  438 | Average reward:   231.88 | Step Count: 307911 | Episode Q0:    32.09
Episode: 788/1500 | Episode reward:   198.58 | Episode steps:  456 | Average reward:   228.02 | Step Count: 308367 | Episode Q0:    32.09
Episode: 789/1500 | Episode reward:   206.42 | Episode steps:  440 | Average reward:   225.70 | Step Count: 308807 | Episode Q0:    32.09
Episode: 790/1500 | Episode reward:   135.75 | Episode steps:  217 | Average reward:   215.21 | Step Count: 309024 | Episode Q0:    32.09
Episode: 791/1500 | Episode reward:   210.80 | Episode steps:  500 | Average reward:   209.25 | Step Count: 309524 | Episode Q0:    33.24
Episode: 792/1500 | Episode reward:   246.16 | Episode steps:  500 | Average reward:   212.65 | Step Count: 310024 | Episode Q0:    33.24
Episode: 793/1500 | Episode reward:   201.12 | Episode steps:  464 | Average reward:   209.90 | Step Count: 310488 | Episode Q0:    33.24
Episode: 794/1500 | Episode reward:   250.06 | Episode steps:  500 | Average reward:   211.92 | Step Count: 310988 | Episode Q0:    33.24
Episode: 795/1500 | Episode reward:   225.30 | Episode steps:  500 | Average reward:   213.08 | Step Count: 311488 | Episode Q0:    33.24
Episode: 796/1500 | Episode reward:   212.96 | Episode steps:  452 | Average reward:   209.34 | Step Count: 311940 | Episode Q0:    33.24
Episode: 797/1500 | Episode reward:   218.72 | Episode steps:  500 | Average reward:   210.59 | Step Count: 312440 | Episode Q0:    33.24
Episode: 798/1500 | Episode reward:   243.57 | Episode steps:  500 | Average reward:   215.09 | Step Count: 312940 | Episode Q0:    33.24
Episode: 799/1500 | Episode reward:   207.44 | Episode steps:  500 | Average reward:   215.19 | Step Count: 313440 | Episode Q0:    33.24
Episode: 800/1500 | Episode reward:   221.19 | Episode steps:  500 | Average reward:   223.73 | Step Count: 313940 | Episode Q0:    33.24
Episode: 801/1500 | Episode reward:   187.24 | Episode steps:  387 | Average reward:   221.38 | Step Count: 314327 | Episode Q0:    33.24
Episode: 802/1500 | Episode reward:   226.53 | Episode steps:  500 | Average reward:   219.41 | Step Count: 314827 | Episode Q0:    33.24
Episode: 803/1500 | Episode reward:   182.35 | Episode steps:  405 | Average reward:   217.53 | Step Count: 315232 | Episode Q0:    33.24
Episode: 804/1500 | Episode reward:   172.55 | Episode steps:  364 | Average reward:   209.78 | Step Count: 315596 | Episode Q0:    33.24
Episode: 805/1500 | Episode reward:   251.56 | Episode steps:  500 | Average reward:   212.41 | Step Count: 316096 | Episode Q0:    33.24
Episode: 806/1500 | Episode reward:   236.74 | Episode steps:  500 | Average reward:   214.79 | Step Count: 316596 | Episode Q0:    33.24
Episode: 807/1500 | Episode reward:   240.85 | Episode steps:  500 | Average reward:   217.00 | Step Count: 317096 | Episode Q0:    33.24
Episode: 808/1500 | Episode reward:   214.72 | Episode steps:  500 | Average reward:   214.12 | Step Count: 317596 | Episode Q0:    33.24
Episode: 809/1500 | Episode reward:   229.29 | Episode steps:  494 | Average reward:   216.30 | Step Count: 318090 | Episode Q0:    33.24
Episode: 810/1500 | Episode reward:   206.13 | Episode steps:  500 | Average reward:   214.80 | Step Count: 318590 | Episode Q0:    33.24
Episode: 811/1500 | Episode reward:   243.20 | Episode steps:  500 | Average reward:   220.39 | Step Count: 319090 | Episode Q0:    33.24
Episode: 812/1500 | Episode reward:   182.06 | Episode steps:  500 | Average reward:   215.95 | Step Count: 319590 | Episode Q0:    33.24
Episode: 813/1500 | Episode reward:   226.78 | Episode steps:  500 | Average reward:   220.39 | Step Count: 320090 | Episode Q0:    33.24
Episode: 814/1500 | Episode reward:   249.76 | Episode steps:  500 | Average reward:   228.11 | Step Count: 320590 | Episode Q0:    33.24
Episode: 815/1500 | Episode reward:   258.28 | Episode steps:  500 | Average reward:   228.78 | Step Count: 321090 | Episode Q0:    33.24
Episode: 816/1500 | Episode reward:   235.06 | Episode steps:  500 | Average reward:   228.61 | Step Count: 321590 | Episode Q0:    34.19
Episode: 817/1500 | Episode reward:   236.20 | Episode steps:  500 | Average reward:   228.15 | Step Count: 322090 | Episode Q0:    34.19
Episode: 818/1500 | Episode reward:   256.12 | Episode steps:  500 | Average reward:   232.29 | Step Count: 322590 | Episode Q0:    34.19
Episode: 819/1500 | Episode reward:   191.62 | Episode steps:  500 | Average reward:   228.52 | Step Count: 323090 | Episode Q0:    34.19
Episode: 820/1500 | Episode reward:   237.21 | Episode steps:  500 | Average reward:   231.63 | Step Count: 323590 | Episode Q0:    34.19
Episode: 821/1500 | Episode reward:   339.49 | Episode steps:  500 | Average reward:   241.26 | Step Count: 324090 | Episode Q0:    34.19
Episode: 822/1500 | Episode reward:   330.80 | Episode steps:  500 | Average reward:   256.13 | Step Count: 324590 | Episode Q0:    34.19
Episode: 823/1500 | Episode reward:   210.19 | Episode steps:  500 | Average reward:   254.47 | Step Count: 325090 | Episode Q0:    34.19
Episode: 824/1500 | Episode reward:   254.39 | Episode steps:  500 | Average reward:   254.94 | Step Count: 325590 | Episode Q0:    34.19
Episode: 825/1500 | Episode reward:   175.30 | Episode steps:  267 | Average reward:   246.64 | Step Count: 325857 | Episode Q0:    34.19
Episode: 826/1500 | Episode reward:   250.87 | Episode steps:  500 | Average reward:   248.22 | Step Count: 326357 | Episode Q0:    34.19
Episode: 827/1500 | Episode reward:   225.00 | Episode steps:  500 | Average reward:   247.10 | Step Count: 326857 | Episode Q0:    34.19
Episode: 828/1500 | Episode reward:   224.33 | Episode steps:  500 | Average reward:   243.92 | Step Count: 327357 | Episode Q0:    34.19
Episode: 829/1500 | Episode reward:   252.30 | Episode steps:  500 | Average reward:   249.99 | Step Count: 327857 | Episode Q0:    34.19
Episode: 830/1500 | Episode reward:   239.94 | Episode steps:  500 | Average reward:   250.26 | Step Count: 328357 | Episode Q0:    34.19
Episode: 831/1500 | Episode reward:   243.50 | Episode steps:  500 | Average reward:   240.66 | Step Count: 328857 | Episode Q0:    34.19
Episode: 832/1500 | Episode reward:   249.73 | Episode steps:  500 | Average reward:   232.56 | Step Count: 329357 | Episode Q0:    34.19
Episode: 833/1500 | Episode reward:   239.20 | Episode steps:  500 | Average reward:   235.46 | Step Count: 329857 | Episode Q0:    34.19
Episode: 834/1500 | Episode reward:   252.69 | Episode steps:  500 | Average reward:   235.29 | Step Count: 330357 | Episode Q0:    34.19
Episode: 835/1500 | Episode reward:   229.29 | Episode steps:  500 | Average reward:   240.68 | Step Count: 330857 | Episode Q0:    34.19
Episode: 836/1500 | Episode reward:   248.00 | Episode steps:  500 | Average reward:   240.40 | Step Count: 331357 | Episode Q0:    34.19
Episode: 837/1500 | Episode reward:   254.66 | Episode steps:  500 | Average reward:   243.36 | Step Count: 331857 | Episode Q0:    34.19
Episode: 838/1500 | Episode reward:   257.04 | Episode steps:  500 | Average reward:   246.63 | Step Count: 332357 | Episode Q0:    34.19
Episode: 839/1500 | Episode reward:   258.87 | Episode steps:  500 | Average reward:   247.29 | Step Count: 332857 | Episode Q0:    34.19
Episode: 840/1500 | Episode reward:   241.92 | Episode steps:  500 | Average reward:   247.49 | Step Count: 333357 | Episode Q0:    34.19
Episode: 841/1500 | Episode reward:   261.72 | Episode steps:  500 | Average reward:   249.31 | Step Count: 333857 | Episode Q0:    35.72
Episode: 842/1500 | Episode reward:   234.31 | Episode steps:  500 | Average reward:   247.77 | Step Count: 334357 | Episode Q0:    35.72
Episode: 843/1500 | Episode reward:   251.05 | Episode steps:  500 | Average reward:   248.95 | Step Count: 334857 | Episode Q0:    35.72
Episode: 844/1500 | Episode reward:   250.73 | Episode steps:  500 | Average reward:   248.76 | Step Count: 335357 | Episode Q0:    35.72
Episode: 845/1500 | Episode reward:   252.96 | Episode steps:  500 | Average reward:   251.13 | Step Count: 335857 | Episode Q0:    35.72
Episode: 846/1500 | Episode reward:   263.29 | Episode steps:  500 | Average reward:   252.66 | Step Count: 336357 | Episode Q0:    35.72
Episode: 847/1500 | Episode reward:   241.92 | Episode steps:  500 | Average reward:   251.38 | Step Count: 336857 | Episode Q0:    35.72
Episode: 848/1500 | Episode reward:   254.94 | Episode steps:  500 | Average reward:   251.17 | Step Count: 337357 | Episode Q0:    35.72
Episode: 849/1500 | Episode reward:   258.53 | Episode steps:  500 | Average reward:   251.14 | Step Count: 337857 | Episode Q0:    35.72
Episode: 850/1500 | Episode reward:   256.74 | Episode steps:  500 | Average reward:   252.62 | Step Count: 338357 | Episode Q0:    35.72
Episode: 851/1500 | Episode reward:   217.73 | Episode steps:  500 | Average reward:   248.22 | Step Count: 338857 | Episode Q0:    35.72
Episode: 852/1500 | Episode reward:   269.71 | Episode steps:  500 | Average reward:   251.76 | Step Count: 339357 | Episode Q0:    35.72
Episode: 853/1500 | Episode reward:   250.10 | Episode steps:  500 | Average reward:   251.66 | Step Count: 339857 | Episode Q0:    35.72
Episode: 854/1500 | Episode reward:   252.52 | Episode steps:  500 | Average reward:   251.84 | Step Count: 340357 | Episode Q0:    35.72
Episode: 855/1500 | Episode reward:   249.99 | Episode steps:  500 | Average reward:   251.55 | Step Count: 340857 | Episode Q0:    35.72
Episode: 856/1500 | Episode reward:   248.37 | Episode steps:  500 | Average reward:   250.05 | Step Count: 341357 | Episode Q0:    35.72
Episode: 857/1500 | Episode reward:   233.67 | Episode steps:  500 | Average reward:   249.23 | Step Count: 341857 | Episode Q0:    35.72
Episode: 858/1500 | Episode reward:   209.39 | Episode steps:  500 | Average reward:   244.67 | Step Count: 342357 | Episode Q0:    35.72
Episode: 859/1500 | Episode reward:   260.68 | Episode steps:  500 | Average reward:   244.89 | Step Count: 342857 | Episode Q0:    35.72
Episode: 860/1500 | Episode reward:   250.59 | Episode steps:  500 | Average reward:   244.27 | Step Count: 343357 | Episode Q0:    35.72
Episode: 861/1500 | Episode reward:   268.14 | Episode steps:  500 | Average reward:   249.31 | Step Count: 343857 | Episode Q0:    35.72
Episode: 862/1500 | Episode reward:   238.39 | Episode steps:  500 | Average reward:   246.18 | Step Count: 344357 | Episode Q0:    35.72
Episode: 863/1500 | Episode reward:   229.58 | Episode steps:  500 | Average reward:   244.13 | Step Count: 344857 | Episode Q0:    35.72
Episode: 864/1500 | Episode reward:   235.38 | Episode steps:  500 | Average reward:   242.42 | Step Count: 345357 | Episode Q0:    35.72
Episode: 865/1500 | Episode reward:   239.82 | Episode steps:  500 | Average reward:   241.40 | Step Count: 345857 | Episode Q0:    35.72
Episode: 866/1500 | Episode reward:   249.97 | Episode steps:  500 | Average reward:   241.56 | Step Count: 346357 | Episode Q0:    36.81
Episode: 867/1500 | Episode reward:   253.64 | Episode steps:  500 | Average reward:   243.56 | Step Count: 346857 | Episode Q0:    36.81
Episode: 868/1500 | Episode reward:   202.10 | Episode steps:  457 | Average reward:   242.83 | Step Count: 347314 | Episode Q0:    36.81
Episode: 869/1500 | Episode reward:   238.94 | Episode steps:  500 | Average reward:   240.65 | Step Count: 347814 | Episode Q0:    36.81
Episode: 870/1500 | Episode reward:   248.46 | Episode steps:  500 | Average reward:   240.44 | Step Count: 348314 | Episode Q0:    36.81
Episode: 871/1500 | Episode reward:   231.58 | Episode steps:  500 | Average reward:   236.78 | Step Count: 348814 | Episode Q0:    36.81
Episode: 872/1500 | Episode reward:   247.75 | Episode steps:  500 | Average reward:   237.72 | Step Count: 349314 | Episode Q0:    36.81
Episode: 873/1500 | Episode reward:   273.86 | Episode steps:  500 | Average reward:   242.15 | Step Count: 349814 | Episode Q0:    36.81
Episode: 874/1500 | Episode reward:   248.19 | Episode steps:  500 | Average reward:   243.43 | Step Count: 350314 | Episode Q0:    36.81
Episode: 875/1500 | Episode reward:   277.48 | Episode steps:  500 | Average reward:   247.20 | Step Count: 350814 | Episode Q0:    36.81
Episode: 876/1500 | Episode reward:   237.45 | Episode steps:  500 | Average reward:   245.94 | Step Count: 351314 | Episode Q0:    36.81
Episode: 877/1500 | Episode reward:   256.43 | Episode steps:  500 | Average reward:   246.22 | Step Count: 351814 | Episode Q0:    36.81
Episode: 878/1500 | Episode reward:   244.10 | Episode steps:  500 | Average reward:   250.42 | Step Count: 352314 | Episode Q0:    36.81
Episode: 879/1500 | Episode reward:   271.09 | Episode steps:  500 | Average reward:   253.64 | Step Count: 352814 | Episode Q0:    36.81
Episode: 880/1500 | Episode reward:   244.21 | Episode steps:  500 | Average reward:   253.21 | Step Count: 353314 | Episode Q0:    36.81
Episode: 881/1500 | Episode reward:   243.91 | Episode steps:  500 | Average reward:   254.45 | Step Count: 353814 | Episode Q0:    36.81
Episode: 882/1500 | Episode reward:   252.24 | Episode steps:  500 | Average reward:   254.90 | Step Count: 354314 | Episode Q0:    36.81
Episode: 883/1500 | Episode reward:   253.25 | Episode steps:  500 | Average reward:   252.84 | Step Count: 354814 | Episode Q0:    36.81
Episode: 884/1500 | Episode reward:   238.75 | Episode steps:  500 | Average reward:   251.89 | Step Count: 355314 | Episode Q0:    36.81
Episode: 885/1500 | Episode reward:   253.46 | Episode steps:  500 | Average reward:   249.49 | Step Count: 355814 | Episode Q0:    36.81
Episode: 886/1500 | Episode reward:   252.02 | Episode steps:  500 | Average reward:   250.95 | Step Count: 356314 | Episode Q0:    36.81
Episode: 887/1500 | Episode reward:   258.48 | Episode steps:  500 | Average reward:   251.15 | Step Count: 356814 | Episode Q0:    36.81
Episode: 888/1500 | Episode reward:   223.61 | Episode steps:  500 | Average reward:   249.10 | Step Count: 357314 | Episode Q0:    36.81
Episode: 889/1500 | Episode reward:   256.92 | Episode steps:  500 | Average reward:   247.68 | Step Count: 357814 | Episode Q0:    36.81
Episode: 890/1500 | Episode reward:   267.73 | Episode steps:  500 | Average reward:   250.04 | Step Count: 358314 | Episode Q0:    36.81
Episode: 891/1500 | Episode reward:   252.26 | Episode steps:  500 | Average reward:   250.87 | Step Count: 358814 | Episode Q0:    36.81
Episode: 892/1500 | Episode reward:   248.58 | Episode steps:  500 | Average reward:   250.50 | Step Count: 359314 | Episode Q0:    37.93
Episode: 893/1500 | Episode reward:   260.26 | Episode steps:  500 | Average reward:   251.21 | Step Count: 359814 | Episode Q0:    37.93
Episode: 894/1500 | Episode reward:   258.71 | Episode steps:  500 | Average reward:   253.20 | Step Count: 360314 | Episode Q0:    37.93
Episode: 895/1500 | Episode reward:   268.33 | Episode steps:  500 | Average reward:   254.69 | Step Count: 360814 | Episode Q0:    37.93
Episode: 896/1500 | Episode reward:   245.88 | Episode steps:  500 | Average reward:   254.08 | Step Count: 361314 | Episode Q0:    37.93
Episode: 897/1500 | Episode reward:   247.57 | Episode steps:  500 | Average reward:   252.98 | Step Count: 361814 | Episode Q0:    37.93
Episode: 898/1500 | Episode reward:   253.25 | Episode steps:  500 | Average reward:   255.95 | Step Count: 362314 | Episode Q0:    37.93
Episode: 899/1500 | Episode reward:   261.36 | Episode steps:  500 | Average reward:   256.39 | Step Count: 362814 | Episode Q0:    37.93
Episode: 900/1500 | Episode reward:   264.53 | Episode steps:  500 | Average reward:   256.07 | Step Count: 363314 | Episode Q0:    37.93
Episode: 901/1500 | Episode reward:   228.84 | Episode steps:  500 | Average reward:   253.73 | Step Count: 363814 | Episode Q0:    37.93
Episode: 902/1500 | Episode reward:   286.51 | Episode steps:  500 | Average reward:   257.52 | Step Count: 364314 | Episode Q0:    37.93
Episode: 903/1500 | Episode reward:   242.25 | Episode steps:  500 | Average reward:   255.72 | Step Count: 364814 | Episode Q0:    37.93
Episode: 904/1500 | Episode reward:   263.15 | Episode steps:  500 | Average reward:   256.17 | Step Count: 365314 | Episode Q0:    37.93
Episode: 905/1500 | Episode reward:   262.85 | Episode steps:  500 | Average reward:   255.62 | Step Count: 365814 | Episode Q0:    37.93
Episode: 906/1500 | Episode reward:   264.21 | Episode steps:  500 | Average reward:   257.45 | Step Count: 366314 | Episode Q0:    37.93
Episode: 907/1500 | Episode reward:   253.46 | Episode steps:  500 | Average reward:   258.04 | Step Count: 366814 | Episode Q0:    37.93
Episode: 908/1500 | Episode reward:   260.12 | Episode steps:  500 | Average reward:   258.73 | Step Count: 367314 | Episode Q0:    37.93
Episode: 909/1500 | Episode reward:   235.67 | Episode steps:  500 | Average reward:   256.16 | Step Count: 367814 | Episode Q0:    37.93
Episode: 910/1500 | Episode reward:   266.47 | Episode steps:  500 | Average reward:   256.35 | Step Count: 368314 | Episode Q0:    37.93
Episode: 911/1500 | Episode reward:   242.20 | Episode steps:  500 | Average reward:   257.69 | Step Count: 368814 | Episode Q0:    37.93
Episode: 912/1500 | Episode reward:   257.07 | Episode steps:  500 | Average reward:   254.75 | Step Count: 369314 | Episode Q0:    37.93
Episode: 913/1500 | Episode reward:   254.63 | Episode steps:  500 | Average reward:   255.98 | Step Count: 369814 | Episode Q0:    37.93
Episode: 914/1500 | Episode reward:   269.01 | Episode steps:  500 | Average reward:   256.57 | Step Count: 370314 | Episode Q0:    37.93
Episode: 915/1500 | Episode reward:   327.12 | Episode steps:  500 | Average reward:   263.00 | Step Count: 370814 | Episode Q0:    37.93
Episode: 916/1500 | Episode reward:   257.05 | Episode steps:  500 | Average reward:   262.28 | Step Count: 371314 | Episode Q0:    37.93
Episode: 917/1500 | Episode reward:   257.36 | Episode steps:  500 | Average reward:   262.67 | Step Count: 371814 | Episode Q0:    39.04
Episode: 918/1500 | Episode reward:   240.45 | Episode steps:  500 | Average reward:   260.70 | Step Count: 372314 | Episode Q0:    39.04
Episode: 919/1500 | Episode reward:   236.54 | Episode steps:  500 | Average reward:   260.79 | Step Count: 372814 | Episode Q0:    39.04
Episode: 920/1500 | Episode reward:   252.19 | Episode steps:  500 | Average reward:   259.36 | Step Count: 373314 | Episode Q0:    39.04
Episode: 921/1500 | Episode reward:   263.23 | Episode steps:  500 | Average reward:   261.47 | Step Count: 373814 | Episode Q0:    39.04
Episode: 922/1500 | Episode reward:   261.61 | Episode steps:  500 | Average reward:   261.92 | Step Count: 374314 | Episode Q0:    39.04
Episode: 923/1500 | Episode reward:   147.00 | Episode steps:  307 | Average reward:   251.16 | Step Count: 374621 | Episode Q0:    39.04
Episode: 924/1500 | Episode reward:   264.88 | Episode steps:  500 | Average reward:   250.74 | Step Count: 375121 | Episode Q0:    39.04
Episode: 925/1500 | Episode reward:   254.19 | Episode steps:  500 | Average reward:   243.45 | Step Count: 375621 | Episode Q0:    39.04
Episode: 926/1500 | Episode reward:   266.04 | Episode steps:  500 | Average reward:   244.35 | Step Count: 376121 | Episode Q0:    39.04
Episode: 927/1500 | Episode reward:   253.81 | Episode steps:  500 | Average reward:   243.99 | Step Count: 376621 | Episode Q0:    39.04
Episode: 928/1500 | Episode reward:   251.80 | Episode steps:  500 | Average reward:   245.13 | Step Count: 377121 | Episode Q0:    39.04
Episode: 929/1500 | Episode reward:   257.21 | Episode steps:  500 | Average reward:   247.20 | Step Count: 377621 | Episode Q0:    39.04
Episode: 930/1500 | Episode reward:   251.84 | Episode steps:  500 | Average reward:   247.16 | Step Count: 378121 | Episode Q0:    39.04
Episode: 931/1500 | Episode reward:   269.92 | Episode steps:  500 | Average reward:   247.83 | Step Count: 378621 | Episode Q0:    39.04
Episode: 932/1500 | Episode reward:   323.59 | Episode steps:  500 | Average reward:   254.03 | Step Count: 379121 | Episode Q0:    39.04
Episode: 933/1500 | Episode reward:   251.15 | Episode steps:  500 | Average reward:   264.44 | Step Count: 379621 | Episode Q0:    39.04
Episode: 934/1500 | Episode reward:   244.99 | Episode steps:  500 | Average reward:   262.45 | Step Count: 380121 | Episode Q0:    39.04
Episode: 935/1500 | Episode reward:   256.44 | Episode steps:  500 | Average reward:   262.68 | Step Count: 380621 | Episode Q0:    39.04
Episode: 936/1500 | Episode reward:   246.58 | Episode steps:  500 | Average reward:   260.73 | Step Count: 381121 | Episode Q0:    39.04
Episode: 937/1500 | Episode reward:   258.04 | Episode steps:  500 | Average reward:   261.16 | Step Count: 381621 | Episode Q0:    39.04
Episode: 938/1500 | Episode reward:   245.05 | Episode steps:  500 | Average reward:   260.48 | Step Count: 382121 | Episode Q0:    39.04
Episode: 939/1500 | Episode reward:   262.17 | Episode steps:  500 | Average reward:   260.98 | Step Count: 382621 | Episode Q0:    39.04
Episode: 940/1500 | Episode reward:   230.69 | Episode steps:  500 | Average reward:   258.86 | Step Count: 383121 | Episode Q0:    39.04
Episode: 941/1500 | Episode reward:   250.58 | Episode steps:  500 | Average reward:   256.93 | Step Count: 383621 | Episode Q0:    39.04
Episode: 942/1500 | Episode reward:   234.00 | Episode steps:  500 | Average reward:   247.97 | Step Count: 384121 | Episode Q0:    39.88
Episode: 943/1500 | Episode reward:   239.61 | Episode steps:  500 | Average reward:   246.82 | Step Count: 384621 | Episode Q0:    39.88
Episode: 944/1500 | Episode reward:   247.50 | Episode steps:  500 | Average reward:   247.07 | Step Count: 385121 | Episode Q0:    39.88
Episode: 945/1500 | Episode reward:   248.20 | Episode steps:  500 | Average reward:   246.24 | Step Count: 385621 | Episode Q0:    39.88
Episode: 946/1500 | Episode reward:   257.72 | Episode steps:  500 | Average reward:   247.36 | Step Count: 386121 | Episode Q0:    39.88
Episode: 947/1500 | Episode reward:   249.09 | Episode steps:  500 | Average reward:   246.46 | Step Count: 386621 | Episode Q0:    39.88
Episode: 948/1500 | Episode reward:   249.54 | Episode steps:  500 | Average reward:   246.91 | Step Count: 387121 | Episode Q0:    39.88
Episode: 949/1500 | Episode reward:   222.33 | Episode steps:  500 | Average reward:   242.93 | Step Count: 387621 | Episode Q0:    39.88
Episode: 950/1500 | Episode reward:   234.72 | Episode steps:  500 | Average reward:   243.33 | Step Count: 388121 | Episode Q0:    39.88
Episode: 951/1500 | Episode reward:   250.47 | Episode steps:  500 | Average reward:   243.32 | Step Count: 388621 | Episode Q0:    39.88
Episode: 952/1500 | Episode reward:   235.57 | Episode steps:  500 | Average reward:   243.47 | Step Count: 389121 | Episode Q0:    39.88
Episode: 953/1500 | Episode reward:   269.37 | Episode steps:  500 | Average reward:   246.45 | Step Count: 389621 | Episode Q0:    39.88
Episode: 954/1500 | Episode reward:   252.40 | Episode steps:  500 | Average reward:   246.94 | Step Count: 390121 | Episode Q0:    39.88
Episode: 955/1500 | Episode reward:   240.00 | Episode steps:  500 | Average reward:   246.12 | Step Count: 390621 | Episode Q0:    39.88
Episode: 956/1500 | Episode reward:   245.21 | Episode steps:  500 | Average reward:   244.87 | Step Count: 391121 | Episode Q0:    39.88
Episode: 957/1500 | Episode reward:   260.40 | Episode steps:  500 | Average reward:   246.00 | Step Count: 391621 | Episode Q0:    39.88
Episode: 958/1500 | Episode reward:   244.00 | Episode steps:  500 | Average reward:   245.45 | Step Count: 392121 | Episode Q0:    39.88
Episode: 959/1500 | Episode reward:   242.55 | Episode steps:  500 | Average reward:   247.47 | Step Count: 392621 | Episode Q0:    39.88
Episode: 960/1500 | Episode reward:   242.28 | Episode steps:  500 | Average reward:   248.23 | Step Count: 393121 | Episode Q0:    39.88
Episode: 961/1500 | Episode reward:   258.73 | Episode steps:  500 | Average reward:   249.05 | Step Count: 393621 | Episode Q0:    39.88
Episode: 962/1500 | Episode reward:   279.60 | Episode steps:  500 | Average reward:   253.46 | Step Count: 394121 | Episode Q0:    39.88
Episode: 963/1500 | Episode reward:   213.48 | Episode steps:  500 | Average reward:   247.87 | Step Count: 394621 | Episode Q0:    39.88
Episode: 964/1500 | Episode reward:   234.81 | Episode steps:  500 | Average reward:   246.11 | Step Count: 395121 | Episode Q0:    39.88
Episode: 965/1500 | Episode reward:   226.78 | Episode steps:  500 | Average reward:   244.78 | Step Count: 395621 | Episode Q0:    39.88
Episode: 966/1500 | Episode reward:   224.99 | Episode steps:  500 | Average reward:   242.76 | Step Count: 396121 | Episode Q0:    39.88
Episode: 967/1500 | Episode reward:   256.76 | Episode steps:  500 | Average reward:   242.40 | Step Count: 396621 | Episode Q0:    40.79
Episode: 968/1500 | Episode reward:   249.11 | Episode steps:  500 | Average reward:   242.91 | Step Count: 397121 | Episode Q0:    40.79
Episode: 969/1500 | Episode reward:   243.44 | Episode steps:  500 | Average reward:   243.00 | Step Count: 397621 | Episode Q0:    40.79
Episode: 970/1500 | Episode reward:   261.80 | Episode steps:  500 | Average reward:   244.95 | Step Count: 398121 | Episode Q0:    40.79
Episode: 971/1500 | Episode reward:   235.25 | Episode steps:  500 | Average reward:   242.60 | Step Count: 398621 | Episode Q0:    40.79
Episode: 972/1500 | Episode reward:   254.91 | Episode steps:  500 | Average reward:   240.13 | Step Count: 399121 | Episode Q0:    40.79
Episode: 973/1500 | Episode reward:   234.41 | Episode steps:  500 | Average reward:   242.23 | Step Count: 399621 | Episode Q0:    40.79
Episode: 974/1500 | Episode reward:   249.43 | Episode steps:  500 | Average reward:   243.69 | Step Count: 400121 | Episode Q0:    40.79
Episode: 975/1500 | Episode reward:   243.28 | Episode steps:  500 | Average reward:   245.34 | Step Count: 400621 | Episode Q0:    40.79
Episode: 976/1500 | Episode reward:   257.75 | Episode steps:  500 | Average reward:   248.61 | Step Count: 401121 | Episode Q0:    40.79
Episode: 977/1500 | Episode reward:   208.50 | Episode steps:  500 | Average reward:   243.79 | Step Count: 401621 | Episode Q0:    40.79
Episode: 978/1500 | Episode reward:   250.86 | Episode steps:  500 | Average reward:   243.96 | Step Count: 402121 | Episode Q0:    40.79
Episode: 979/1500 | Episode reward:   249.75 | Episode steps:  500 | Average reward:   244.59 | Step Count: 402621 | Episode Q0:    40.79
Episode: 980/1500 | Episode reward:   316.54 | Episode steps:  500 | Average reward:   250.07 | Step Count: 403121 | Episode Q0:    40.79
Episode: 981/1500 | Episode reward:   252.90 | Episode steps:  500 | Average reward:   251.83 | Step Count: 403621 | Episode Q0:    40.79
Episode: 982/1500 | Episode reward:   337.00 | Episode steps:  500 | Average reward:   260.04 | Step Count: 404121 | Episode Q0:    40.79
Episode: 983/1500 | Episode reward:   215.80 | Episode steps:  500 | Average reward:   258.18 | Step Count: 404621 | Episode Q0:    40.79
Episode: 984/1500 | Episode reward:   250.06 | Episode steps:  500 | Average reward:   258.24 | Step Count: 405121 | Episode Q0:    40.79
Episode: 985/1500 | Episode reward:   233.36 | Episode steps:  500 | Average reward:   257.25 | Step Count: 405621 | Episode Q0:    40.79
Episode: 986/1500 | Episode reward:   222.74 | Episode steps:  500 | Average reward:   253.75 | Step Count: 406121 | Episode Q0:    40.79
Episode: 987/1500 | Episode reward:   217.11 | Episode steps:  500 | Average reward:   254.61 | Step Count: 406621 | Episode Q0:    40.79
Episode: 988/1500 | Episode reward:   233.91 | Episode steps:  500 | Average reward:   252.92 | Step Count: 407121 | Episode Q0:    40.79
Episode: 989/1500 | Episode reward:   240.22 | Episode steps:  500 | Average reward:   251.96 | Step Count: 407621 | Episode Q0:    40.79
Episode: 990/1500 | Episode reward:   239.23 | Episode steps:  500 | Average reward:   244.23 | Step Count: 408121 | Episode Q0:    40.79
Episode: 991/1500 | Episode reward:   139.98 | Episode steps:  239 | Average reward:   232.94 | Step Count: 408360 | Episode Q0:    40.79
Episode: 992/1500 | Episode reward:   234.07 | Episode steps:  500 | Average reward:   222.65 | Step Count: 408860 | Episode Q0:    40.79
Episode: 993/1500 | Episode reward:   219.56 | Episode steps:  500 | Average reward:   223.03 | Step Count: 409360 | Episode Q0:    41.61
Episode: 994/1500 | Episode reward:   189.12 | Episode steps:  445 | Average reward:   216.93 | Step Count: 409805 | Episode Q0:    41.61
Episode: 995/1500 | Episode reward:   230.42 | Episode steps:  500 | Average reward:   216.64 | Step Count: 410305 | Episode Q0:    41.61
Episode: 996/1500 | Episode reward:   219.62 | Episode steps:  500 | Average reward:   216.33 | Step Count: 410805 | Episode Q0:    41.61
Episode: 997/1500 | Episode reward:   315.07 | Episode steps:  500 | Average reward:   226.12 | Step Count: 411305 | Episode Q0:    41.61
Episode: 998/1500 | Episode reward:   213.61 | Episode steps:  500 | Average reward:   224.09 | Step Count: 411805 | Episode Q0:    41.61
Episode: 999/1500 | Episode reward:   174.59 | Episode steps:  500 | Average reward:   217.53 | Step Count: 412305 | Episode Q0:    41.61
Episode: 1000/1500 | Episode reward:   206.37 | Episode steps:  457 | Average reward:   214.24 | Step Count: 412762 | Episode Q0:    41.61
Episode: 1001/1500 | Episode reward:   195.13 | Episode steps:  500 | Average reward:   219.76 | Step Count: 413262 | Episode Q0:    41.61
Episode: 1002/1500 | Episode reward:   232.18 | Episode steps:  485 | Average reward:   219.57 | Step Count: 413747 | Episode Q0:    41.61
Episode: 1003/1500 | Episode reward:   234.09 | Episode steps:  500 | Average reward:   221.02 | Step Count: 414247 | Episode Q0:    41.61
Episode: 1004/1500 | Episode reward:   208.42 | Episode steps:  470 | Average reward:   222.95 | Step Count: 414717 | Episode Q0:    41.61
Episode: 1005/1500 | Episode reward:   196.56 | Episode steps:  500 | Average reward:   219.56 | Step Count: 415217 | Episode Q0:    41.61
Episode: 1006/1500 | Episode reward:   191.37 | Episode steps:  500 | Average reward:   216.74 | Step Count: 415717 | Episode Q0:    41.61
Episode: 1007/1500 | Episode reward:   317.53 | Episode steps:  500 | Average reward:   216.99 | Step Count: 416217 | Episode Q0:    41.61
Episode: 1008/1500 | Episode reward:   237.63 | Episode steps:  500 | Average reward:   219.39 | Step Count: 416717 | Episode Q0:    41.61
Episode: 1009/1500 | Episode reward:   231.31 | Episode steps:  500 | Average reward:   225.06 | Step Count: 417217 | Episode Q0:    41.61
Episode: 1010/1500 | Episode reward:   235.02 | Episode steps:  500 | Average reward:   227.92 | Step Count: 417717 | Episode Q0:    41.61
Episode: 1011/1500 | Episode reward:   264.16 | Episode steps:  500 | Average reward:   234.83 | Step Count: 418217 | Episode Q0:    41.61
Episode: 1012/1500 | Episode reward:   244.85 | Episode steps:  500 | Average reward:   236.09 | Step Count: 418717 | Episode Q0:    41.61
Episode: 1013/1500 | Episode reward:   230.14 | Episode steps:  500 | Average reward:   235.70 | Step Count: 419217 | Episode Q0:    41.61
Episode: 1014/1500 | Episode reward:   236.74 | Episode steps:  500 | Average reward:   238.53 | Step Count: 419717 | Episode Q0:    41.61
Episode: 1015/1500 | Episode reward:   254.08 | Episode steps:  500 | Average reward:   244.28 | Step Count: 420217 | Episode Q0:    41.61
Episode: 1016/1500 | Episode reward:   230.07 | Episode steps:  500 | Average reward:   248.15 | Step Count: 420717 | Episode Q0:    41.61
Episode: 1017/1500 | Episode reward:   211.59 | Episode steps:  500 | Average reward:   237.56 | Step Count: 421217 | Episode Q0:    41.61
Episode: 1018/1500 | Episode reward:   258.18 | Episode steps:  500 | Average reward:   239.61 | Step Count: 421717 | Episode Q0:    42.53
Episode: 1019/1500 | Episode reward:   231.89 | Episode steps:  500 | Average reward:   239.67 | Step Count: 422217 | Episode Q0:    42.53
Episode: 1020/1500 | Episode reward:   248.65 | Episode steps:  500 | Average reward:   241.04 | Step Count: 422717 | Episode Q0:    42.53
Episode: 1021/1500 | Episode reward:   233.72 | Episode steps:  500 | Average reward:   237.99 | Step Count: 423217 | Episode Q0:    42.53
Episode: 1022/1500 | Episode reward:   268.66 | Episode steps:  500 | Average reward:   240.37 | Step Count: 423717 | Episode Q0:    42.53
Episode: 1023/1500 | Episode reward:   244.98 | Episode steps:  500 | Average reward:   241.86 | Step Count: 424217 | Episode Q0:    42.53
Episode: 1024/1500 | Episode reward:   216.94 | Episode steps:  500 | Average reward:   239.88 | Step Count: 424717 | Episode Q0:    42.53
Episode: 1025/1500 | Episode reward:   224.42 | Episode steps:  500 | Average reward:   236.91 | Step Count: 425217 | Episode Q0:    42.53
Episode: 1026/1500 | Episode reward:   250.71 | Episode steps:  500 | Average reward:   238.97 | Step Count: 425717 | Episode Q0:    42.53
Episode: 1027/1500 | Episode reward:   243.92 | Episode steps:  500 | Average reward:   242.21 | Step Count: 426217 | Episode Q0:    42.53
Episode: 1028/1500 | Episode reward:   263.35 | Episode steps:  500 | Average reward:   242.72 | Step Count: 426717 | Episode Q0:    42.53
Episode: 1029/1500 | Episode reward:   237.78 | Episode steps:  500 | Average reward:   243.31 | Step Count: 427217 | Episode Q0:    42.53
Episode: 1030/1500 | Episode reward:   213.08 | Episode steps:  500 | Average reward:   239.76 | Step Count: 427717 | Episode Q0:    42.53
Episode: 1031/1500 | Episode reward:   237.35 | Episode steps:  500 | Average reward:   240.12 | Step Count: 428217 | Episode Q0:    42.53
Episode: 1032/1500 | Episode reward:   213.78 | Episode steps:  500 | Average reward:   234.63 | Step Count: 428717 | Episode Q0:    42.53
Episode: 1033/1500 | Episode reward:   223.82 | Episode steps:  500 | Average reward:   232.51 | Step Count: 429217 | Episode Q0:    42.53
Episode: 1034/1500 | Episode reward:   223.25 | Episode steps:  500 | Average reward:   233.15 | Step Count: 429717 | Episode Q0:    42.53
Episode: 1035/1500 | Episode reward:   236.32 | Episode steps:  500 | Average reward:   234.34 | Step Count: 430217 | Episode Q0:    42.53
Episode: 1036/1500 | Episode reward:   240.27 | Episode steps:  500 | Average reward:   233.29 | Step Count: 430717 | Episode Q0:    42.53
Episode: 1037/1500 | Episode reward:   256.87 | Episode steps:  500 | Average reward:   234.59 | Step Count: 431217 | Episode Q0:    42.53
Episode: 1038/1500 | Episode reward:   242.91 | Episode steps:  500 | Average reward:   232.54 | Step Count: 431717 | Episode Q0:    42.53
Episode: 1039/1500 | Episode reward:   252.11 | Episode steps:  500 | Average reward:   233.98 | Step Count: 432217 | Episode Q0:    42.53
Episode: 1040/1500 | Episode reward:   255.80 | Episode steps:  500 | Average reward:   238.25 | Step Count: 432717 | Episode Q0:    42.53
Episode: 1041/1500 | Episode reward:   249.42 | Episode steps:  500 | Average reward:   239.46 | Step Count: 433217 | Episode Q0:    42.53
Episode: 1042/1500 | Episode reward:   249.95 | Episode steps:  500 | Average reward:   243.07 | Step Count: 433717 | Episode Q0:    42.53
Episode: 1043/1500 | Episode reward:   333.80 | Episode steps:  500 | Average reward:   254.07 | Step Count: 434217 | Episode Q0:    43.28
Episode: 1044/1500 | Episode reward:   236.16 | Episode steps:  500 | Average reward:   255.36 | Step Count: 434717 | Episode Q0:    43.28
Episode: 1045/1500 | Episode reward:   244.58 | Episode steps:  500 | Average reward:   256.19 | Step Count: 435217 | Episode Q0:    43.28
Episode: 1046/1500 | Episode reward:   262.49 | Episode steps:  500 | Average reward:   258.41 | Step Count: 435717 | Episode Q0:    43.28
Episode: 1047/1500 | Episode reward:   236.81 | Episode steps:  500 | Average reward:   256.40 | Step Count: 436217 | Episode Q0:    43.28
Episode: 1048/1500 | Episode reward:   250.20 | Episode steps:  500 | Average reward:   257.13 | Step Count: 436717 | Episode Q0:    43.28
Episode: 1049/1500 | Episode reward:   244.76 | Episode steps:  500 | Average reward:   256.40 | Step Count: 437217 | Episode Q0:    43.28
Episode: 1050/1500 | Episode reward:   269.57 | Episode steps:  500 | Average reward:   257.77 | Step Count: 437717 | Episode Q0:    43.28
Episode: 1051/1500 | Episode reward:   240.02 | Episode steps:  500 | Average reward:   256.83 | Step Count: 438217 | Episode Q0:    43.28
Episode: 1052/1500 | Episode reward:   262.42 | Episode steps:  500 | Average reward:   258.08 | Step Count: 438717 | Episode Q0:    43.28
Episode: 1053/1500 | Episode reward:   328.84 | Episode steps:  500 | Average reward:   257.59 | Step Count: 439217 | Episode Q0:    43.28
Episode: 1054/1500 | Episode reward:   254.42 | Episode steps:  500 | Average reward:   259.41 | Step Count: 439717 | Episode Q0:    43.28
Episode: 1055/1500 | Episode reward:   239.91 | Episode steps:  500 | Average reward:   258.94 | Step Count: 440217 | Episode Q0:    43.28
Episode: 1056/1500 | Episode reward:   268.46 | Episode steps:  500 | Average reward:   259.54 | Step Count: 440717 | Episode Q0:    43.28
Episode: 1057/1500 | Episode reward:   297.90 | Episode steps:  500 | Average reward:   265.65 | Step Count: 441217 | Episode Q0:    43.28
Episode: 1058/1500 | Episode reward:   269.34 | Episode steps:  500 | Average reward:   267.57 | Step Count: 441717 | Episode Q0:    43.28
Episode: 1059/1500 | Episode reward:   252.90 | Episode steps:  500 | Average reward:   268.38 | Step Count: 442217 | Episode Q0:    43.28
Episode: 1060/1500 | Episode reward:   259.10 | Episode steps:  500 | Average reward:   267.33 | Step Count: 442717 | Episode Q0:    43.28
Episode: 1061/1500 | Episode reward:   256.09 | Episode steps:  500 | Average reward:   268.94 | Step Count: 443217 | Episode Q0:    43.28
Episode: 1062/1500 | Episode reward:   241.73 | Episode steps:  500 | Average reward:   266.87 | Step Count: 443717 | Episode Q0:    43.28
Episode: 1063/1500 | Episode reward:   229.77 | Episode steps:  500 | Average reward:   256.96 | Step Count: 444217 | Episode Q0:    43.28
Episode: 1064/1500 | Episode reward:   241.13 | Episode steps:  500 | Average reward:   255.63 | Step Count: 444717 | Episode Q0:    43.28
Episode: 1065/1500 | Episode reward:   252.98 | Episode steps:  500 | Average reward:   256.94 | Step Count: 445217 | Episode Q0:    43.28
Episode: 1066/1500 | Episode reward:   247.81 | Episode steps:  500 | Average reward:   254.87 | Step Count: 445717 | Episode Q0:    43.28
Episode: 1067/1500 | Episode reward:   268.27 | Episode steps:  500 | Average reward:   251.91 | Step Count: 446217 | Episode Q0:    43.28
Episode: 1068/1500 | Episode reward:   306.35 | Episode steps:  500 | Average reward:   255.61 | Step Count: 446717 | Episode Q0:    44.67
Episode: 1069/1500 | Episode reward:   244.69 | Episode steps:  500 | Average reward:   254.79 | Step Count: 447217 | Episode Q0:    44.67
Episode: 1070/1500 | Episode reward:   240.10 | Episode steps:  500 | Average reward:   252.89 | Step Count: 447717 | Episode Q0:    44.67
Episode: 1071/1500 | Episode reward:   253.51 | Episode steps:  461 | Average reward:   252.63 | Step Count: 448178 | Episode Q0:    44.67
Episode: 1072/1500 | Episode reward:   232.58 | Episode steps:  500 | Average reward:   251.72 | Step Count: 448678 | Episode Q0:    44.67
Episode: 1073/1500 | Episode reward:   261.28 | Episode steps:  500 | Average reward:   254.87 | Step Count: 449178 | Episode Q0:    44.67
Episode: 1074/1500 | Episode reward:   232.80 | Episode steps:  500 | Average reward:   254.04 | Step Count: 449678 | Episode Q0:    44.67
Episode: 1075/1500 | Episode reward:   217.15 | Episode steps:  500 | Average reward:   250.45 | Step Count: 450178 | Episode Q0:    44.67
Episode: 1076/1500 | Episode reward:   227.85 | Episode steps:  500 | Average reward:   248.46 | Step Count: 450678 | Episode Q0:    44.67
Episode: 1077/1500 | Episode reward:   244.24 | Episode steps:  500 | Average reward:   246.05 | Step Count: 451178 | Episode Q0:    44.67
Episode: 1078/1500 | Episode reward:   252.01 | Episode steps:  500 | Average reward:   240.62 | Step Count: 451678 | Episode Q0:    44.67
Episode: 1079/1500 | Episode reward:   241.05 | Episode steps:  500 | Average reward:   240.26 | Step Count: 452178 | Episode Q0:    44.67
Episode: 1080/1500 | Episode reward:   284.51 | Episode steps:  500 | Average reward:   244.70 | Step Count: 452678 | Episode Q0:    44.67
Episode: 1081/1500 | Episode reward:   231.40 | Episode steps:  500 | Average reward:   242.49 | Step Count: 453178 | Episode Q0:    44.67
Episode: 1082/1500 | Episode reward:   259.99 | Episode steps:  500 | Average reward:   245.23 | Step Count: 453678 | Episode Q0:    44.67
Episode: 1083/1500 | Episode reward:   238.85 | Episode steps:  500 | Average reward:   242.99 | Step Count: 454178 | Episode Q0:    44.67
Episode: 1084/1500 | Episode reward:   237.72 | Episode steps:  500 | Average reward:   243.48 | Step Count: 454678 | Episode Q0:    44.67
Episode: 1085/1500 | Episode reward:   257.18 | Episode steps:  500 | Average reward:   247.48 | Step Count: 455178 | Episode Q0:    44.67
Episode: 1086/1500 | Episode reward:   266.88 | Episode steps:  500 | Average reward:   251.38 | Step Count: 455678 | Episode Q0:    44.67
Episode: 1087/1500 | Episode reward:   256.07 | Episode steps:  500 | Average reward:   252.57 | Step Count: 456178 | Episode Q0:    44.67
Episode: 1088/1500 | Episode reward:   255.79 | Episode steps:  500 | Average reward:   252.94 | Step Count: 456678 | Episode Q0:    44.67
Episode: 1089/1500 | Episode reward:   253.78 | Episode steps:  500 | Average reward:   254.22 | Step Count: 457178 | Episode Q0:    44.67
Episode: 1090/1500 | Episode reward:   233.03 | Episode steps:  500 | Average reward:   249.07 | Step Count: 457678 | Episode Q0:    44.67
Episode: 1091/1500 | Episode reward:   248.89 | Episode steps:  500 | Average reward:   250.82 | Step Count: 458178 | Episode Q0:    44.67
Episode: 1092/1500 | Episode reward:   270.22 | Episode steps:  500 | Average reward:   251.84 | Step Count: 458678 | Episode Q0:    44.67
Episode: 1093/1500 | Episode reward:   227.57 | Episode steps:  500 | Average reward:   250.71 | Step Count: 459178 | Episode Q0:    45.08
Episode: 1094/1500 | Episode reward:   228.81 | Episode steps:  500 | Average reward:   249.82 | Step Count: 459678 | Episode Q0:    45.08
Episode: 1095/1500 | Episode reward:   262.01 | Episode steps:  500 | Average reward:   250.31 | Step Count: 460178 | Episode Q0:    45.08
Episode: 1096/1500 | Episode reward:   241.97 | Episode steps:  500 | Average reward:   247.81 | Step Count: 460678 | Episode Q0:    45.08
Episode: 1097/1500 | Episode reward:   244.57 | Episode steps:  500 | Average reward:   246.66 | Step Count: 461178 | Episode Q0:    45.08
Episode: 1098/1500 | Episode reward:   255.07 | Episode steps:  500 | Average reward:   246.59 | Step Count: 461678 | Episode Q0:    45.08
Episode: 1099/1500 | Episode reward:   329.45 | Episode steps:  500 | Average reward:   254.16 | Step Count: 462178 | Episode Q0:    45.08
Episode: 1100/1500 | Episode reward:   246.22 | Episode steps:  500 | Average reward:   255.48 | Step Count: 462678 | Episode Q0:    45.08
Episode: 1101/1500 | Episode reward:   263.36 | Episode steps:  500 | Average reward:   256.93 | Step Count: 463178 | Episode Q0:    45.08
Episode: 1102/1500 | Episode reward:   245.28 | Episode steps:  500 | Average reward:   254.43 | Step Count: 463678 | Episode Q0:    45.08
Episode: 1103/1500 | Episode reward:   236.90 | Episode steps:  500 | Average reward:   255.37 | Step Count: 464178 | Episode Q0:    45.08
Episode: 1104/1500 | Episode reward:   242.98 | Episode steps:  500 | Average reward:   256.78 | Step Count: 464678 | Episode Q0:    45.08
Episode: 1105/1500 | Episode reward:   262.17 | Episode steps:  500 | Average reward:   256.80 | Step Count: 465178 | Episode Q0:    45.08
Episode: 1106/1500 | Episode reward:   278.61 | Episode steps:  500 | Average reward:   260.46 | Step Count: 465678 | Episode Q0:    45.08
Episode: 1107/1500 | Episode reward:   218.79 | Episode steps:  500 | Average reward:   257.88 | Step Count: 466178 | Episode Q0:    45.08
Episode: 1108/1500 | Episode reward:   233.95 | Episode steps:  500 | Average reward:   255.77 | Step Count: 466678 | Episode Q0:    45.08
Episode: 1109/1500 | Episode reward:   262.80 | Episode steps:  500 | Average reward:   249.11 | Step Count: 467178 | Episode Q0:    45.08
Episode: 1110/1500 | Episode reward:   255.26 | Episode steps:  500 | Average reward:   250.01 | Step Count: 467678 | Episode Q0:    45.08
Episode: 1111/1500 | Episode reward:   259.11 | Episode steps:  500 | Average reward:   249.59 | Step Count: 468178 | Episode Q0:    45.08
Episode: 1112/1500 | Episode reward:   265.56 | Episode steps:  500 | Average reward:   251.61 | Step Count: 468678 | Episode Q0:    45.08
Episode: 1113/1500 | Episode reward:   254.71 | Episode steps:  500 | Average reward:   253.39 | Step Count: 469178 | Episode Q0:    45.08
Episode: 1114/1500 | Episode reward:   250.46 | Episode steps:  500 | Average reward:   254.14 | Step Count: 469678 | Episode Q0:    45.08
Episode: 1115/1500 | Episode reward:   242.32 | Episode steps:  500 | Average reward:   252.16 | Step Count: 470178 | Episode Q0:    45.08
Episode: 1116/1500 | Episode reward:   307.48 | Episode steps:  500 | Average reward:   255.05 | Step Count: 470678 | Episode Q0:    45.08
Episode: 1117/1500 | Episode reward:   314.07 | Episode steps:  500 | Average reward:   264.57 | Step Count: 471178 | Episode Q0:    45.08
Episode: 1118/1500 | Episode reward:   323.87 | Episode steps:  500 | Average reward:   273.56 | Step Count: 471678 | Episode Q0:    45.62
Episode: 1119/1500 | Episode reward:   242.01 | Episode steps:  500 | Average reward:   271.49 | Step Count: 472178 | Episode Q0:    45.62
Episode: 1120/1500 | Episode reward:   257.85 | Episode steps:  500 | Average reward:   271.74 | Step Count: 472678 | Episode Q0:    45.62
Episode: 1121/1500 | Episode reward:   258.44 | Episode steps:  500 | Average reward:   271.68 | Step Count: 473178 | Episode Q0:    45.62
Episode: 1122/1500 | Episode reward:   256.88 | Episode steps:  500 | Average reward:   270.81 | Step Count: 473678 | Episode Q0:    45.62
Episode: 1123/1500 | Episode reward:   274.96 | Episode steps:  500 | Average reward:   272.83 | Step Count: 474178 | Episode Q0:    45.62
Episode: 1124/1500 | Episode reward:   260.11 | Episode steps:  500 | Average reward:   273.80 | Step Count: 474678 | Episode Q0:    45.62
Episode: 1125/1500 | Episode reward:   247.70 | Episode steps:  500 | Average reward:   274.34 | Step Count: 475178 | Episode Q0:    45.62
Episode: 1126/1500 | Episode reward:   250.41 | Episode steps:  500 | Average reward:   268.63 | Step Count: 475678 | Episode Q0:    45.62
Episode: 1127/1500 | Episode reward:   273.53 | Episode steps:  500 | Average reward:   264.58 | Step Count: 476178 | Episode Q0:    45.62
Episode: 1128/1500 | Episode reward:   245.60 | Episode steps:  500 | Average reward:   256.75 | Step Count: 476678 | Episode Q0:    45.62
Episode: 1129/1500 | Episode reward:   264.44 | Episode steps:  500 | Average reward:   258.99 | Step Count: 477178 | Episode Q0:    45.62
Episode: 1130/1500 | Episode reward:   252.91 | Episode steps:  500 | Average reward:   258.50 | Step Count: 477678 | Episode Q0:    45.62
Episode: 1131/1500 | Episode reward:   257.52 | Episode steps:  500 | Average reward:   258.41 | Step Count: 478178 | Episode Q0:    45.62
Episode: 1132/1500 | Episode reward:   252.31 | Episode steps:  500 | Average reward:   257.95 | Step Count: 478678 | Episode Q0:    45.62
Episode: 1133/1500 | Episode reward:   241.22 | Episode steps:  500 | Average reward:   254.57 | Step Count: 479178 | Episode Q0:    45.62
Episode: 1134/1500 | Episode reward:   246.55 | Episode steps:  500 | Average reward:   253.22 | Step Count: 479678 | Episode Q0:    45.62
Episode: 1135/1500 | Episode reward:   266.09 | Episode steps:  500 | Average reward:   255.06 | Step Count: 480178 | Episode Q0:    45.62
Episode: 1136/1500 | Episode reward:   328.05 | Episode steps:  500 | Average reward:   262.82 | Step Count: 480678 | Episode Q0:    45.62
Episode: 1137/1500 | Episode reward:   257.06 | Episode steps:  500 | Average reward:   261.17 | Step Count: 481178 | Episode Q0:    45.62
Episode: 1138/1500 | Episode reward:   249.79 | Episode steps:  500 | Average reward:   261.59 | Step Count: 481678 | Episode Q0:    45.62
Episode: 1139/1500 | Episode reward:   228.16 | Episode steps:  500 | Average reward:   257.97 | Step Count: 482178 | Episode Q0:    45.62
Episode: 1140/1500 | Episode reward:   251.11 | Episode steps:  500 | Average reward:   257.78 | Step Count: 482678 | Episode Q0:    45.62
Episode: 1141/1500 | Episode reward:   279.97 | Episode steps:  500 | Average reward:   260.03 | Step Count: 483178 | Episode Q0:    45.62
Episode: 1142/1500 | Episode reward:   241.03 | Episode steps:  500 | Average reward:   258.90 | Step Count: 483678 | Episode Q0:    45.62
Episode: 1143/1500 | Episode reward:   254.44 | Episode steps:  500 | Average reward:   260.22 | Step Count: 484178 | Episode Q0:    46.39
Episode: 1144/1500 | Episode reward:   234.33 | Episode steps:  500 | Average reward:   259.00 | Step Count: 484678 | Episode Q0:    46.39
Episode: 1145/1500 | Episode reward:   256.98 | Episode steps:  500 | Average reward:   258.09 | Step Count: 485178 | Episode Q0:    46.39
Episode: 1146/1500 | Episode reward:   242.16 | Episode steps:  500 | Average reward:   249.50 | Step Count: 485678 | Episode Q0:    46.39
Episode: 1147/1500 | Episode reward:   244.28 | Episode steps:  500 | Average reward:   248.22 | Step Count: 486178 | Episode Q0:    46.39
Episode: 1148/1500 | Episode reward:   254.13 | Episode steps:  500 | Average reward:   248.66 | Step Count: 486678 | Episode Q0:    46.39
Episode: 1149/1500 | Episode reward:   239.84 | Episode steps:  500 | Average reward:   249.83 | Step Count: 487178 | Episode Q0:    46.39
Episode: 1150/1500 | Episode reward:   263.96 | Episode steps:  500 | Average reward:   251.11 | Step Count: 487678 | Episode Q0:    46.39
Episode: 1151/1500 | Episode reward:   229.73 | Episode steps:  500 | Average reward:   246.09 | Step Count: 488178 | Episode Q0:    46.39
Episode: 1152/1500 | Episode reward:   283.98 | Episode steps:  500 | Average reward:   250.38 | Step Count: 488678 | Episode Q0:    46.39
Episode: 1153/1500 | Episode reward:   232.89 | Episode steps:  500 | Average reward:   248.23 | Step Count: 489178 | Episode Q0:    46.39
Episode: 1154/1500 | Episode reward:   260.81 | Episode steps:  500 | Average reward:   250.88 | Step Count: 489678 | Episode Q0:    46.39
Episode: 1155/1500 | Episode reward:   260.56 | Episode steps:  500 | Average reward:   251.23 | Step Count: 490178 | Episode Q0:    46.39
Episode: 1156/1500 | Episode reward:   240.63 | Episode steps:  500 | Average reward:   251.08 | Step Count: 490678 | Episode Q0:    46.39
Episode: 1157/1500 | Episode reward:   230.81 | Episode steps:  500 | Average reward:   249.73 | Step Count: 491178 | Episode Q0:    46.39
Episode: 1158/1500 | Episode reward:   242.85 | Episode steps:  500 | Average reward:   248.61 | Step Count: 491678 | Episode Q0:    46.39
Episode: 1159/1500 | Episode reward:   241.81 | Episode steps:  500 | Average reward:   248.80 | Step Count: 492178 | Episode Q0:    46.39
Episode: 1160/1500 | Episode reward:   328.57 | Episode steps:  500 | Average reward:   255.27 | Step Count: 492678 | Episode Q0:    46.39
Episode: 1161/1500 | Episode reward:   233.12 | Episode steps:  500 | Average reward:   255.60 | Step Count: 493178 | Episode Q0:    46.39
Episode: 1162/1500 | Episode reward:   239.61 | Episode steps:  500 | Average reward:   251.17 | Step Count: 493678 | Episode Q0:    46.39
Episode: 1163/1500 | Episode reward:   226.75 | Episode steps:  427 | Average reward:   250.55 | Step Count: 494105 | Episode Q0:    46.39
Episode: 1164/1500 | Episode reward:   238.96 | Episode steps:  500 | Average reward:   248.37 | Step Count: 494605 | Episode Q0:    46.39
Episode: 1165/1500 | Episode reward:   231.92 | Episode steps:  500 | Average reward:   245.50 | Step Count: 495105 | Episode Q0:    46.39
Episode: 1166/1500 | Episode reward:   237.30 | Episode steps:  500 | Average reward:   245.17 | Step Count: 495605 | Episode Q0:    46.39
Episode: 1167/1500 | Episode reward:   253.84 | Episode steps:  500 | Average reward:   247.47 | Step Count: 496105 | Episode Q0:    46.99
Episode: 1168/1500 | Episode reward:   242.65 | Episode steps:  500 | Average reward:   247.45 | Step Count: 496605 | Episode Q0:    46.99
Episode: 1169/1500 | Episode reward:   251.36 | Episode steps:  500 | Average reward:   248.41 | Step Count: 497105 | Episode Q0:    46.99
Episode: 1170/1500 | Episode reward:   310.38 | Episode steps:  500 | Average reward:   246.59 | Step Count: 497605 | Episode Q0:    46.99
Episode: 1171/1500 | Episode reward:   281.12 | Episode steps:  500 | Average reward:   251.39 | Step Count: 498105 | Episode Q0:    46.99
Episode: 1172/1500 | Episode reward:   254.39 | Episode steps:  500 | Average reward:   252.87 | Step Count: 498605 | Episode Q0:    46.99
Episode: 1173/1500 | Episode reward:   247.63 | Episode steps:  500 | Average reward:   254.95 | Step Count: 499105 | Episode Q0:    46.99
Episode: 1174/1500 | Episode reward:   253.92 | Episode steps:  500 | Average reward:   256.45 | Step Count: 499605 | Episode Q0:    46.99
Episode: 1175/1500 | Episode reward:   250.44 | Episode steps:  500 | Average reward:   258.30 | Step Count: 500105 | Episode Q0:    46.99
Episode: 1176/1500 | Episode reward:   248.56 | Episode steps:  500 | Average reward:   259.43 | Step Count: 500605 | Episode Q0:    46.99
Episode: 1177/1500 | Episode reward:   319.17 | Episode steps:  500 | Average reward:   265.96 | Step Count: 501105 | Episode Q0:    46.99
Episode: 1178/1500 | Episode reward:   258.50 | Episode steps:  500 | Average reward:   267.55 | Step Count: 501605 | Episode Q0:    46.99
Episode: 1179/1500 | Episode reward:   235.47 | Episode steps:  500 | Average reward:   265.96 | Step Count: 502105 | Episode Q0:    46.99
Episode: 1180/1500 | Episode reward:   238.12 | Episode steps:  448 | Average reward:   258.73 | Step Count: 502553 | Episode Q0:    46.99
Episode: 1181/1500 | Episode reward:   269.16 | Episode steps:  500 | Average reward:   257.54 | Step Count: 503053 | Episode Q0:    46.99
Episode: 1182/1500 | Episode reward:   271.86 | Episode steps:  500 | Average reward:   259.28 | Step Count: 503553 | Episode Q0:    46.99
Episode: 1183/1500 | Episode reward:   248.26 | Episode steps:  500 | Average reward:   259.35 | Step Count: 504053 | Episode Q0:    46.99
Episode: 1184/1500 | Episode reward:   228.65 | Episode steps:  500 | Average reward:   256.82 | Step Count: 504553 | Episode Q0:    46.99
Episode: 1185/1500 | Episode reward:   336.81 | Episode steps:  500 | Average reward:   265.46 | Step Count: 505053 | Episode Q0:    46.99
Episode: 1186/1500 | Episode reward:   311.43 | Episode steps:  500 | Average reward:   271.74 | Step Count: 505553 | Episode Q0:    46.99
Episode: 1187/1500 | Episode reward:   249.94 | Episode steps:  500 | Average reward:   264.82 | Step Count: 506053 | Episode Q0:    46.99
Episode: 1188/1500 | Episode reward:   240.57 | Episode steps:  500 | Average reward:   263.03 | Step Count: 506553 | Episode Q0:    46.99
Episode: 1189/1500 | Episode reward:   253.25 | Episode steps:  500 | Average reward:   264.81 | Step Count: 507053 | Episode Q0:    46.99
Episode: 1190/1500 | Episode reward:   255.42 | Episode steps:  500 | Average reward:   266.54 | Step Count: 507553 | Episode Q0:    46.99
Episode: 1191/1500 | Episode reward:   255.72 | Episode steps:  500 | Average reward:   265.19 | Step Count: 508053 | Episode Q0:    46.99
Episode: 1192/1500 | Episode reward:   242.84 | Episode steps:  500 | Average reward:   262.29 | Step Count: 508553 | Episode Q0:    48.06
Episode: 1193/1500 | Episode reward:   260.50 | Episode steps:  500 | Average reward:   263.51 | Step Count: 509053 | Episode Q0:    48.06
Episode: 1194/1500 | Episode reward:   255.88 | Episode steps:  500 | Average reward:   266.24 | Step Count: 509553 | Episode Q0:    48.06
Episode: 1195/1500 | Episode reward:   260.42 | Episode steps:  500 | Average reward:   258.60 | Step Count: 510053 | Episode Q0:    48.06
Episode: 1196/1500 | Episode reward:   253.66 | Episode steps:  500 | Average reward:   252.82 | Step Count: 510553 | Episode Q0:    48.06
Episode: 1197/1500 | Episode reward:   225.79 | Episode steps:  500 | Average reward:   250.41 | Step Count: 511053 | Episode Q0:    48.06
Episode: 1198/1500 | Episode reward:   251.34 | Episode steps:  500 | Average reward:   251.48 | Step Count: 511553 | Episode Q0:    48.06
Episode: 1199/1500 | Episode reward:   276.68 | Episode steps:  500 | Average reward:   253.83 | Step Count: 512053 | Episode Q0:    48.06
Episode: 1200/1500 | Episode reward:   243.88 | Episode steps:  500 | Average reward:   252.67 | Step Count: 512553 | Episode Q0:    48.06
Episode: 1201/1500 | Episode reward:   242.97 | Episode steps:  500 | Average reward:   251.40 | Step Count: 513053 | Episode Q0:    48.06
Episode: 1202/1500 | Episode reward:   249.34 | Episode steps:  500 | Average reward:   252.05 | Step Count: 513553 | Episode Q0:    48.06
Episode: 1203/1500 | Episode reward:   260.22 | Episode steps:  500 | Average reward:   252.02 | Step Count: 514053 | Episode Q0:    48.06
Episode: 1204/1500 | Episode reward:   253.24 | Episode steps:  500 | Average reward:   251.75 | Step Count: 514553 | Episode Q0:    48.06
Episode: 1205/1500 | Episode reward:   241.79 | Episode steps:  500 | Average reward:   249.89 | Step Count: 515053 | Episode Q0:    48.06
Episode: 1206/1500 | Episode reward:   252.05 | Episode steps:  500 | Average reward:   249.73 | Step Count: 515553 | Episode Q0:    48.06
Episode: 1207/1500 | Episode reward:   265.78 | Episode steps:  500 | Average reward:   253.73 | Step Count: 516053 | Episode Q0:    48.06
Episode: 1208/1500 | Episode reward:   223.61 | Episode steps:  500 | Average reward:   250.96 | Step Count: 516553 | Episode Q0:    48.06
Episode: 1209/1500 | Episode reward:   221.54 | Episode steps:  500 | Average reward:   245.44 | Step Count: 517053 | Episode Q0:    48.06
Episode: 1210/1500 | Episode reward:   245.46 | Episode steps:  500 | Average reward:   245.60 | Step Count: 517553 | Episode Q0:    48.06
Episode: 1211/1500 | Episode reward:   254.32 | Episode steps:  500 | Average reward:   246.73 | Step Count: 518053 | Episode Q0:    48.06
Episode: 1212/1500 | Episode reward:   256.99 | Episode steps:  500 | Average reward:   247.50 | Step Count: 518553 | Episode Q0:    48.06
Episode: 1213/1500 | Episode reward:   250.00 | Episode steps:  500 | Average reward:   246.48 | Step Count: 519053 | Episode Q0:    48.06
Episode: 1214/1500 | Episode reward:   229.69 | Episode steps:  500 | Average reward:   244.12 | Step Count: 519553 | Episode Q0:    48.06
Episode: 1215/1500 | Episode reward:   262.68 | Episode steps:  500 | Average reward:   246.21 | Step Count: 520053 | Episode Q0:    48.06
Episode: 1216/1500 | Episode reward:   261.67 | Episode steps:  500 | Average reward:   247.17 | Step Count: 520553 | Episode Q0:    49.02
Episode: 1217/1500 | Episode reward:   243.38 | Episode steps:  500 | Average reward:   244.93 | Step Count: 521053 | Episode Q0:    49.02
Episode: 1218/1500 | Episode reward:   240.16 | Episode steps:  500 | Average reward:   246.59 | Step Count: 521553 | Episode Q0:    49.02
Episode: 1219/1500 | Episode reward:   244.58 | Episode steps:  500 | Average reward:   248.89 | Step Count: 522053 | Episode Q0:    49.02
Episode: 1220/1500 | Episode reward:   193.97 | Episode steps:  403 | Average reward:   243.74 | Step Count: 522456 | Episode Q0:    49.02
Episode: 1221/1500 | Episode reward:   235.66 | Episode steps:  500 | Average reward:   241.88 | Step Count: 522956 | Episode Q0:    49.02
Episode: 1222/1500 | Episode reward:   298.71 | Episode steps:  500 | Average reward:   246.05 | Step Count: 523456 | Episode Q0:    49.02
Episode: 1223/1500 | Episode reward:   247.34 | Episode steps:  500 | Average reward:   245.78 | Step Count: 523956 | Episode Q0:    49.02
Episode: 1224/1500 | Episode reward:   237.35 | Episode steps:  500 | Average reward:   246.55 | Step Count: 524456 | Episode Q0:    49.02
Episode: 1225/1500 | Episode reward:   230.71 | Episode steps:  500 | Average reward:   243.35 | Step Count: 524956 | Episode Q0:    49.02
Episode: 1226/1500 | Episode reward:   245.80 | Episode steps:  500 | Average reward:   241.77 | Step Count: 525456 | Episode Q0:    49.02
Episode: 1227/1500 | Episode reward:   237.40 | Episode steps:  500 | Average reward:   241.17 | Step Count: 525956 | Episode Q0:    49.02
Episode: 1228/1500 | Episode reward:   254.55 | Episode steps:  500 | Average reward:   242.61 | Step Count: 526456 | Episode Q0:    49.02
Episode: 1229/1500 | Episode reward:   241.64 | Episode steps:  500 | Average reward:   242.31 | Step Count: 526956 | Episode Q0:    49.02
Episode: 1230/1500 | Episode reward:   255.39 | Episode steps:  500 | Average reward:   248.45 | Step Count: 527456 | Episode Q0:    49.02
Episode: 1231/1500 | Episode reward:   223.05 | Episode steps:  500 | Average reward:   247.19 | Step Count: 527956 | Episode Q0:    49.02
Episode: 1232/1500 | Episode reward:   231.57 | Episode steps:  500 | Average reward:   240.48 | Step Count: 528456 | Episode Q0:    49.02
Episode: 1233/1500 | Episode reward:   246.65 | Episode steps:  500 | Average reward:   240.41 | Step Count: 528956 | Episode Q0:    49.02
Episode: 1234/1500 | Episode reward:   226.38 | Episode steps:  500 | Average reward:   239.31 | Step Count: 529456 | Episode Q0:    49.02
Episode: 1235/1500 | Episode reward:   277.22 | Episode steps:  500 | Average reward:   243.96 | Step Count: 529956 | Episode Q0:    49.02
Episode: 1236/1500 | Episode reward:   246.77 | Episode steps:  500 | Average reward:   244.06 | Step Count: 530456 | Episode Q0:    49.02
Episode: 1237/1500 | Episode reward:   318.31 | Episode steps:  500 | Average reward:   252.15 | Step Count: 530956 | Episode Q0:    49.02
Episode: 1238/1500 | Episode reward:   209.36 | Episode steps:  500 | Average reward:   247.63 | Step Count: 531456 | Episode Q0:    49.02
Episode: 1239/1500 | Episode reward:   237.55 | Episode steps:  500 | Average reward:   247.22 | Step Count: 531956 | Episode Q0:    49.02
Episode: 1240/1500 | Episode reward:   256.56 | Episode steps:  500 | Average reward:   247.34 | Step Count: 532456 | Episode Q0:    49.02
Episode: 1241/1500 | Episode reward:   245.16 | Episode steps:  500 | Average reward:   249.55 | Step Count: 532956 | Episode Q0:    49.42
Episode: 1242/1500 | Episode reward:   269.95 | Episode steps:  500 | Average reward:   253.39 | Step Count: 533456 | Episode Q0:    49.42
Episode: 1243/1500 | Episode reward:   236.64 | Episode steps:  500 | Average reward:   252.39 | Step Count: 533956 | Episode Q0:    49.42
Episode: 1244/1500 | Episode reward:   234.75 | Episode steps:  500 | Average reward:   253.23 | Step Count: 534456 | Episode Q0:    49.42
Episode: 1245/1500 | Episode reward:   252.87 | Episode steps:  500 | Average reward:   250.79 | Step Count: 534956 | Episode Q0:    49.42
Episode: 1246/1500 | Episode reward:   254.55 | Episode steps:  500 | Average reward:   251.57 | Step Count: 535456 | Episode Q0:    49.42
Episode: 1247/1500 | Episode reward:   231.66 | Episode steps:  500 | Average reward:   242.91 | Step Count: 535956 | Episode Q0:    49.42
Episode: 1248/1500 | Episode reward:   243.89 | Episode steps:  500 | Average reward:   246.36 | Step Count: 536456 | Episode Q0:    49.42
Episode: 1249/1500 | Episode reward:   243.86 | Episode steps:  500 | Average reward:   246.99 | Step Count: 536956 | Episode Q0:    49.42
Episode: 1250/1500 | Episode reward:   332.90 | Episode steps:  500 | Average reward:   254.62 | Step Count: 537456 | Episode Q0:    49.42
Episode: 1251/1500 | Episode reward:   241.92 | Episode steps:  500 | Average reward:   254.30 | Step Count: 537956 | Episode Q0:    49.42
Episode: 1252/1500 | Episode reward:   238.40 | Episode steps:  500 | Average reward:   251.14 | Step Count: 538456 | Episode Q0:    49.42
Episode: 1253/1500 | Episode reward:   251.89 | Episode steps:  500 | Average reward:   252.67 | Step Count: 538956 | Episode Q0:    49.42
Episode: 1254/1500 | Episode reward:   286.77 | Episode steps:  495 | Average reward:   257.87 | Step Count: 539451 | Episode Q0:    49.42
Episode: 1255/1500 | Episode reward:   300.58 | Episode steps:  500 | Average reward:   262.64 | Step Count: 539951 | Episode Q0:    49.42
Episode: 1256/1500 | Episode reward:   248.14 | Episode steps:  500 | Average reward:   262.00 | Step Count: 540451 | Episode Q0:    49.42
Episode: 1257/1500 | Episode reward:   230.31 | Episode steps:  500 | Average reward:   261.87 | Step Count: 540951 | Episode Q0:    49.42
Episode: 1258/1500 | Episode reward:   249.57 | Episode steps:  500 | Average reward:   262.43 | Step Count: 541451 | Episode Q0:    49.42
Episode: 1259/1500 | Episode reward:   235.54 | Episode steps:  500 | Average reward:   261.60 | Step Count: 541951 | Episode Q0:    49.42
Episode: 1260/1500 | Episode reward:   229.38 | Episode steps:  500 | Average reward:   251.25 | Step Count: 542451 | Episode Q0:    49.42
Episode: 1261/1500 | Episode reward:   322.54 | Episode steps:  500 | Average reward:   259.31 | Step Count: 542951 | Episode Q0:    49.42
Episode: 1262/1500 | Episode reward:   247.74 | Episode steps:  500 | Average reward:   260.24 | Step Count: 543451 | Episode Q0:    49.42
Episode: 1263/1500 | Episode reward:   241.98 | Episode steps:  500 | Average reward:   259.25 | Step Count: 543951 | Episode Q0:    49.42
Episode: 1264/1500 | Episode reward:   281.63 | Episode steps:  500 | Average reward:   258.74 | Step Count: 544451 | Episode Q0:    49.42
Episode: 1265/1500 | Episode reward:   230.89 | Episode steps:  500 | Average reward:   251.77 | Step Count: 544951 | Episode Q0:    49.42
Episode: 1266/1500 | Episode reward:   255.24 | Episode steps:  500 | Average reward:   252.48 | Step Count: 545451 | Episode Q0:    50.06
Episode: 1267/1500 | Episode reward:   241.51 | Episode steps:  500 | Average reward:   253.60 | Step Count: 545951 | Episode Q0:    50.06
Episode: 1268/1500 | Episode reward:   250.62 | Episode steps:  500 | Average reward:   253.71 | Step Count: 546451 | Episode Q0:    50.06
Episode: 1269/1500 | Episode reward:   249.22 | Episode steps:  500 | Average reward:   255.07 | Step Count: 546951 | Episode Q0:    50.06
Episode: 1270/1500 | Episode reward:   313.29 | Episode steps:  500 | Average reward:   263.47 | Step Count: 547451 | Episode Q0:    50.06
Episode: 1271/1500 | Episode reward:   240.66 | Episode steps:  500 | Average reward:   255.28 | Step Count: 547951 | Episode Q0:    50.06
Episode: 1272/1500 | Episode reward:   250.55 | Episode steps:  500 | Average reward:   255.56 | Step Count: 548451 | Episode Q0:    50.06
Episode: 1273/1500 | Episode reward:   230.22 | Episode steps:  500 | Average reward:   254.38 | Step Count: 548951 | Episode Q0:    50.06
Episode: 1274/1500 | Episode reward:   200.20 | Episode steps:  500 | Average reward:   246.24 | Step Count: 549451 | Episode Q0:    50.06
Episode: 1275/1500 | Episode reward:   256.14 | Episode steps:  500 | Average reward:   248.77 | Step Count: 549951 | Episode Q0:    50.06
Episode: 1276/1500 | Episode reward:   263.25 | Episode steps:  500 | Average reward:   249.57 | Step Count: 550451 | Episode Q0:    50.06
Episode: 1277/1500 | Episode reward:   226.97 | Episode steps:  500 | Average reward:   248.11 | Step Count: 550951 | Episode Q0:    50.06
Episode: 1278/1500 | Episode reward:   230.06 | Episode steps:  500 | Average reward:   246.06 | Step Count: 551451 | Episode Q0:    50.06
Episode: 1279/1500 | Episode reward:   245.10 | Episode steps:  500 | Average reward:   245.64 | Step Count: 551951 | Episode Q0:    50.06
Episode: 1280/1500 | Episode reward:   245.34 | Episode steps:  500 | Average reward:   238.85 | Step Count: 552451 | Episode Q0:    50.06
Episode: 1281/1500 | Episode reward:   232.17 | Episode steps:  500 | Average reward:   238.00 | Step Count: 552951 | Episode Q0:    50.06
Episode: 1282/1500 | Episode reward:   241.34 | Episode steps:  500 | Average reward:   237.08 | Step Count: 553451 | Episode Q0:    50.06
Episode: 1283/1500 | Episode reward:   255.19 | Episode steps:  500 | Average reward:   239.58 | Step Count: 553951 | Episode Q0:    50.06
Episode: 1284/1500 | Episode reward:   317.14 | Episode steps:  500 | Average reward:   251.27 | Step Count: 554451 | Episode Q0:    50.06
Episode: 1285/1500 | Episode reward:   253.04 | Episode steps:  500 | Average reward:   250.96 | Step Count: 554951 | Episode Q0:    50.06
Episode: 1286/1500 | Episode reward:   224.44 | Episode steps:  500 | Average reward:   247.08 | Step Count: 555451 | Episode Q0:    50.06
Episode: 1287/1500 | Episode reward:   236.39 | Episode steps:  500 | Average reward:   248.02 | Step Count: 555951 | Episode Q0:    50.06
Episode: 1288/1500 | Episode reward:   266.68 | Episode steps:  500 | Average reward:   251.68 | Step Count: 556451 | Episode Q0:    50.06
Episode: 1289/1500 | Episode reward:   256.71 | Episode steps:  500 | Average reward:   252.84 | Step Count: 556951 | Episode Q0:    50.06
Episode: 1290/1500 | Episode reward:   304.39 | Episode steps:  500 | Average reward:   258.75 | Step Count: 557451 | Episode Q0:    50.88
Episode: 1291/1500 | Episode reward:   232.17 | Episode steps:  500 | Average reward:   258.75 | Step Count: 557951 | Episode Q0:    50.88
Episode: 1292/1500 | Episode reward:   229.34 | Episode steps:  500 | Average reward:   257.55 | Step Count: 558451 | Episode Q0:    50.88
Episode: 1293/1500 | Episode reward:   219.50 | Episode steps:  500 | Average reward:   253.98 | Step Count: 558951 | Episode Q0:    50.88
Episode: 1294/1500 | Episode reward:   245.47 | Episode steps:  500 | Average reward:   246.81 | Step Count: 559451 | Episode Q0:    50.88
Episode: 1295/1500 | Episode reward:   224.19 | Episode steps:  500 | Average reward:   243.93 | Step Count: 559951 | Episode Q0:    50.88
Episode: 1296/1500 | Episode reward:   250.04 | Episode steps:  500 | Average reward:   246.49 | Step Count: 560451 | Episode Q0:    50.88
Episode: 1297/1500 | Episode reward:   238.31 | Episode steps:  500 | Average reward:   246.68 | Step Count: 560951 | Episode Q0:    50.88
Episode: 1298/1500 | Episode reward:   253.05 | Episode steps:  500 | Average reward:   245.32 | Step Count: 561451 | Episode Q0:    50.88
Episode: 1299/1500 | Episode reward:   337.31 | Episode steps:  500 | Average reward:   253.38 | Step Count: 561951 | Episode Q0:    50.88
Episode: 1300/1500 | Episode reward:   241.12 | Episode steps:  500 | Average reward:   247.05 | Step Count: 562451 | Episode Q0:    50.88
Episode: 1301/1500 | Episode reward:   237.59 | Episode steps:  500 | Average reward:   247.59 | Step Count: 562951 | Episode Q0:    50.88
Episode: 1302/1500 | Episode reward:   279.45 | Episode steps:  500 | Average reward:   252.60 | Step Count: 563451 | Episode Q0:    50.88
Episode: 1303/1500 | Episode reward:   271.93 | Episode steps:  500 | Average reward:   257.85 | Step Count: 563951 | Episode Q0:    50.88
Episode: 1304/1500 | Episode reward:   244.21 | Episode steps:  500 | Average reward:   257.72 | Step Count: 564451 | Episode Q0:    50.88
Episode: 1305/1500 | Episode reward:   297.32 | Episode steps:  500 | Average reward:   265.03 | Step Count: 564951 | Episode Q0:    50.88
Episode: 1306/1500 | Episode reward:   220.59 | Episode steps:  500 | Average reward:   262.09 | Step Count: 565451 | Episode Q0:    50.88
Episode: 1307/1500 | Episode reward:   249.28 | Episode steps:  500 | Average reward:   263.19 | Step Count: 565951 | Episode Q0:    50.88
Episode: 1308/1500 | Episode reward:   274.64 | Episode steps:  500 | Average reward:   265.34 | Step Count: 566451 | Episode Q0:    50.88
Episode: 1309/1500 | Episode reward:   246.89 | Episode steps:  500 | Average reward:   256.30 | Step Count: 566951 | Episode Q0:    50.88
Episode: 1310/1500 | Episode reward:   251.31 | Episode steps:  500 | Average reward:   257.32 | Step Count: 567451 | Episode Q0:    50.88
Episode: 1311/1500 | Episode reward:   242.37 | Episode steps:  500 | Average reward:   257.80 | Step Count: 567951 | Episode Q0:    50.88
Episode: 1312/1500 | Episode reward:   243.01 | Episode steps:  500 | Average reward:   254.16 | Step Count: 568451 | Episode Q0:    50.88
Episode: 1313/1500 | Episode reward:   261.30 | Episode steps:  500 | Average reward:   253.09 | Step Count: 568951 | Episode Q0:    50.88
Episode: 1314/1500 | Episode reward:   246.03 | Episode steps:  500 | Average reward:   253.27 | Step Count: 569451 | Episode Q0:    50.88
Episode: 1315/1500 | Episode reward:   234.38 | Episode steps:  500 | Average reward:   246.98 | Step Count: 569951 | Episode Q0:    50.92
Episode: 1316/1500 | Episode reward:   248.95 | Episode steps:  500 | Average reward:   249.82 | Step Count: 570451 | Episode Q0:    50.92
Episode: 1317/1500 | Episode reward:   225.21 | Episode steps:  500 | Average reward:   247.41 | Step Count: 570951 | Episode Q0:    50.92
Episode: 1318/1500 | Episode reward:   227.52 | Episode steps:  500 | Average reward:   242.70 | Step Count: 571451 | Episode Q0:    50.92
Episode: 1319/1500 | Episode reward:   259.97 | Episode steps:  500 | Average reward:   244.01 | Step Count: 571951 | Episode Q0:    50.92
Episode: 1320/1500 | Episode reward:   227.12 | Episode steps:  500 | Average reward:   241.59 | Step Count: 572451 | Episode Q0:    50.92
Episode: 1321/1500 | Episode reward:   228.63 | Episode steps:  500 | Average reward:   240.21 | Step Count: 572951 | Episode Q0:    50.92
Episode: 1322/1500 | Episode reward:   229.23 | Episode steps:  500 | Average reward:   238.83 | Step Count: 573451 | Episode Q0:    50.92
Episode: 1323/1500 | Episode reward:   224.01 | Episode steps:  500 | Average reward:   235.11 | Step Count: 573951 | Episode Q0:    50.92
Episode: 1324/1500 | Episode reward:   241.66 | Episode steps:  500 | Average reward:   234.67 | Step Count: 574451 | Episode Q0:    50.92
Episode: 1325/1500 | Episode reward:   218.07 | Episode steps:  500 | Average reward:   233.04 | Step Count: 574951 | Episode Q0:    50.92
Episode: 1326/1500 | Episode reward:   248.34 | Episode steps:  500 | Average reward:   232.98 | Step Count: 575451 | Episode Q0:    50.92
Episode: 1327/1500 | Episode reward:   221.68 | Episode steps:  500 | Average reward:   232.62 | Step Count: 575951 | Episode Q0:    50.92
Episode: 1328/1500 | Episode reward:   254.39 | Episode steps:  500 | Average reward:   235.31 | Step Count: 576451 | Episode Q0:    50.92
Episode: 1329/1500 | Episode reward:   257.34 | Episode steps:  500 | Average reward:   235.05 | Step Count: 576951 | Episode Q0:    50.92
Episode: 1330/1500 | Episode reward:   243.52 | Episode steps:  500 | Average reward:   236.69 | Step Count: 577451 | Episode Q0:    50.92
Episode: 1331/1500 | Episode reward:   286.80 | Episode steps:  500 | Average reward:   242.51 | Step Count: 577951 | Episode Q0:    50.92
Episode: 1332/1500 | Episode reward:   245.96 | Episode steps:  500 | Average reward:   244.18 | Step Count: 578451 | Episode Q0:    50.92
Episode: 1333/1500 | Episode reward:   222.46 | Episode steps:  500 | Average reward:   244.02 | Step Count: 578951 | Episode Q0:    50.92
Episode: 1334/1500 | Episode reward:   248.49 | Episode steps:  500 | Average reward:   244.71 | Step Count: 579451 | Episode Q0:    50.92
Episode: 1335/1500 | Episode reward:   238.96 | Episode steps:  500 | Average reward:   246.79 | Step Count: 579951 | Episode Q0:    50.92
Episode: 1336/1500 | Episode reward:   252.80 | Episode steps:  500 | Average reward:   247.24 | Step Count: 580451 | Episode Q0:    50.92
Episode: 1337/1500 | Episode reward:   287.83 | Episode steps:  500 | Average reward:   253.86 | Step Count: 580951 | Episode Q0:    50.92
Episode: 1338/1500 | Episode reward:   227.41 | Episode steps:  500 | Average reward:   251.16 | Step Count: 581451 | Episode Q0:    50.92
Episode: 1339/1500 | Episode reward:   294.36 | Episode steps:  500 | Average reward:   254.86 | Step Count: 581951 | Episode Q0:    51.98
Episode: 1340/1500 | Episode reward:   243.72 | Episode steps:  500 | Average reward:   254.88 | Step Count: 582451 | Episode Q0:    51.98
Episode: 1341/1500 | Episode reward:   254.03 | Episode steps:  500 | Average reward:   251.60 | Step Count: 582951 | Episode Q0:    51.98
Episode: 1342/1500 | Episode reward:   266.78 | Episode steps:  500 | Average reward:   253.69 | Step Count: 583451 | Episode Q0:    51.98
Episode: 1343/1500 | Episode reward:   242.19 | Episode steps:  500 | Average reward:   255.66 | Step Count: 583951 | Episode Q0:    51.98
Episode: 1344/1500 | Episode reward:   244.68 | Episode steps:  500 | Average reward:   255.28 | Step Count: 584451 | Episode Q0:    51.98
Episode: 1345/1500 | Episode reward:   248.78 | Episode steps:  500 | Average reward:   256.26 | Step Count: 584951 | Episode Q0:    51.98
Episode: 1346/1500 | Episode reward:   230.43 | Episode steps:  500 | Average reward:   254.02 | Step Count: 585451 | Episode Q0:    51.98
Episode: 1347/1500 | Episode reward:   272.89 | Episode steps:  500 | Average reward:   252.53 | Step Count: 585951 | Episode Q0:    51.98
Episode: 1348/1500 | Episode reward:   299.06 | Episode steps:  500 | Average reward:   259.69 | Step Count: 586451 | Episode Q0:    51.98
Episode: 1349/1500 | Episode reward:   348.73 | Episode steps:  500 | Average reward:   265.13 | Step Count: 586951 | Episode Q0:    51.98
Episode: 1350/1500 | Episode reward:   228.87 | Episode steps:  500 | Average reward:   263.65 | Step Count: 587451 | Episode Q0:    51.98
Episode: 1351/1500 | Episode reward:   229.05 | Episode steps:  500 | Average reward:   261.15 | Step Count: 587951 | Episode Q0:    51.98
Episode: 1352/1500 | Episode reward:   264.53 | Episode steps:  500 | Average reward:   260.92 | Step Count: 588451 | Episode Q0:    51.98
Episode: 1353/1500 | Episode reward:   254.47 | Episode steps:  500 | Average reward:   262.15 | Step Count: 588951 | Episode Q0:    51.98
Episode: 1354/1500 | Episode reward:   231.95 | Episode steps:  500 | Average reward:   260.88 | Step Count: 589451 | Episode Q0:    51.98
Episode: 1355/1500 | Episode reward:   244.97 | Episode steps:  500 | Average reward:   260.50 | Step Count: 589951 | Episode Q0:    51.98
Episode: 1356/1500 | Episode reward:   283.68 | Episode steps:  500 | Average reward:   265.82 | Step Count: 590451 | Episode Q0:    51.98
Episode: 1357/1500 | Episode reward:   242.75 | Episode steps:  500 | Average reward:   262.81 | Step Count: 590951 | Episode Q0:    51.98
Episode: 1358/1500 | Episode reward:   293.85 | Episode steps:  500 | Average reward:   262.28 | Step Count: 591451 | Episode Q0:    51.98
Episode: 1359/1500 | Episode reward:   297.28 | Episode steps:  500 | Average reward:   257.14 | Step Count: 591951 | Episode Q0:    51.98
Episode: 1360/1500 | Episode reward:   318.06 | Episode steps:  500 | Average reward:   266.06 | Step Count: 592451 | Episode Q0:    51.98
Episode: 1361/1500 | Episode reward:   291.14 | Episode steps:  500 | Average reward:   272.27 | Step Count: 592951 | Episode Q0:    51.98
Episode: 1362/1500 | Episode reward:   307.90 | Episode steps:  500 | Average reward:   276.61 | Step Count: 593451 | Episode Q0:    51.98
Episode: 1363/1500 | Episode reward:   227.93 | Episode steps:  500 | Average reward:   273.95 | Step Count: 593951 | Episode Q0:    52.20
Episode: 1364/1500 | Episode reward:   247.57 | Episode steps:  500 | Average reward:   275.51 | Step Count: 594451 | Episode Q0:    52.20
Episode: 1365/1500 | Episode reward:   240.05 | Episode steps:  500 | Average reward:   275.02 | Step Count: 594951 | Episode Q0:    52.20
Episode: 1366/1500 | Episode reward:   238.88 | Episode steps:  500 | Average reward:   270.54 | Step Count: 595451 | Episode Q0:    52.20
Episode: 1367/1500 | Episode reward:   235.82 | Episode steps:  500 | Average reward:   269.85 | Step Count: 595951 | Episode Q0:    52.20
Episode: 1368/1500 | Episode reward:   247.68 | Episode steps:  500 | Average reward:   265.23 | Step Count: 596451 | Episode Q0:    52.20
Episode: 1369/1500 | Episode reward:   242.80 | Episode steps:  500 | Average reward:   259.78 | Step Count: 596951 | Episode Q0:    52.20
Episode: 1370/1500 | Episode reward:   274.11 | Episode steps:  500 | Average reward:   255.39 | Step Count: 597451 | Episode Q0:    52.20
Episode: 1371/1500 | Episode reward:   248.04 | Episode steps:  500 | Average reward:   251.08 | Step Count: 597951 | Episode Q0:    52.20
Episode: 1372/1500 | Episode reward:   238.16 | Episode steps:  500 | Average reward:   244.10 | Step Count: 598451 | Episode Q0:    52.20
Episode: 1373/1500 | Episode reward:   240.76 | Episode steps:  500 | Average reward:   245.39 | Step Count: 598951 | Episode Q0:    52.20
Episode: 1374/1500 | Episode reward:   234.14 | Episode steps:  500 | Average reward:   244.05 | Step Count: 599451 | Episode Q0:    52.20
Episode: 1375/1500 | Episode reward:   261.86 | Episode steps:  500 | Average reward:   246.23 | Step Count: 599951 | Episode Q0:    52.20
Episode: 1376/1500 | Episode reward:   265.67 | Episode steps:  500 | Average reward:   248.90 | Step Count: 600451 | Episode Q0:    52.20
Episode: 1377/1500 | Episode reward:   239.17 | Episode steps:  500 | Average reward:   249.24 | Step Count: 600951 | Episode Q0:    52.20
Episode: 1378/1500 | Episode reward:   257.69 | Episode steps:  500 | Average reward:   250.24 | Step Count: 601451 | Episode Q0:    52.20
Episode: 1379/1500 | Episode reward:   231.95 | Episode steps:  500 | Average reward:   249.16 | Step Count: 601951 | Episode Q0:    52.20
Episode: 1380/1500 | Episode reward:   214.70 | Episode steps:  500 | Average reward:   243.21 | Step Count: 602451 | Episode Q0:    52.20
Episode: 1381/1500 | Episode reward:   223.95 | Episode steps:  424 | Average reward:   240.80 | Step Count: 602875 | Episode Q0:    52.20
Episode: 1382/1500 | Episode reward:   213.33 | Episode steps:  500 | Average reward:   238.32 | Step Count: 603375 | Episode Q0:    52.20
Episode: 1383/1500 | Episode reward:   220.02 | Episode steps:  500 | Average reward:   236.25 | Step Count: 603875 | Episode Q0:    52.20
Episode: 1384/1500 | Episode reward:   309.27 | Episode steps:  500 | Average reward:   243.76 | Step Count: 604375 | Episode Q0:    52.20
Episode: 1385/1500 | Episode reward:   271.18 | Episode steps:  500 | Average reward:   244.69 | Step Count: 604875 | Episode Q0:    52.20
Episode: 1386/1500 | Episode reward:   243.87 | Episode steps:  500 | Average reward:   242.51 | Step Count: 605375 | Episode Q0:    52.20
Episode: 1387/1500 | Episode reward:   198.53 | Episode steps:  500 | Average reward:   238.45 | Step Count: 605875 | Episode Q0:    52.20
Episode: 1388/1500 | Episode reward:   244.39 | Episode steps:  500 | Average reward:   237.12 | Step Count: 606375 | Episode Q0:    53.10
Episode: 1389/1500 | Episode reward:   201.04 | Episode steps:  500 | Average reward:   234.03 | Step Count: 606875 | Episode Q0:    53.10
Episode: 1390/1500 | Episode reward:   215.49 | Episode steps:  500 | Average reward:   234.11 | Step Count: 607375 | Episode Q0:    53.10
Episode: 1391/1500 | Episode reward:   246.19 | Episode steps:  500 | Average reward:   236.33 | Step Count: 607875 | Episode Q0:    53.10
Episode: 1392/1500 | Episode reward:   240.29 | Episode steps:  500 | Average reward:   239.03 | Step Count: 608375 | Episode Q0:    53.10
Episode: 1393/1500 | Episode reward:   242.62 | Episode steps:  500 | Average reward:   241.29 | Step Count: 608875 | Episode Q0:    53.10
Episode: 1394/1500 | Episode reward:   229.15 | Episode steps:  500 | Average reward:   233.27 | Step Count: 609375 | Episode Q0:    53.10
Episode: 1395/1500 | Episode reward:   246.53 | Episode steps:  500 | Average reward:   230.81 | Step Count: 609875 | Episode Q0:    53.10
Episode: 1396/1500 | Episode reward:   221.41 | Episode steps:  500 | Average reward:   228.56 | Step Count: 610375 | Episode Q0:    53.10
Episode: 1397/1500 | Episode reward:   266.09 | Episode steps:  500 | Average reward:   235.32 | Step Count: 610875 | Episode Q0:    53.10
Episode: 1398/1500 | Episode reward:   260.11 | Episode steps:  500 | Average reward:   236.89 | Step Count: 611375 | Episode Q0:    53.10
Episode: 1399/1500 | Episode reward:   283.57 | Episode steps:  500 | Average reward:   245.15 | Step Count: 611875 | Episode Q0:    53.10
Episode: 1400/1500 | Episode reward:   227.83 | Episode steps:  500 | Average reward:   246.38 | Step Count: 612375 | Episode Q0:    53.10
Episode: 1401/1500 | Episode reward:   263.46 | Episode steps:  500 | Average reward:   248.11 | Step Count: 612875 | Episode Q0:    53.10
Episode: 1402/1500 | Episode reward:   261.15 | Episode steps:  500 | Average reward:   250.19 | Step Count: 613375 | Episode Q0:    53.10
Episode: 1403/1500 | Episode reward:   223.80 | Episode steps:  500 | Average reward:   248.31 | Step Count: 613875 | Episode Q0:    53.10
Episode: 1404/1500 | Episode reward:   235.55 | Episode steps:  500 | Average reward:   248.95 | Step Count: 614375 | Episode Q0:    53.10
Episode: 1405/1500 | Episode reward:   213.27 | Episode steps:  500 | Average reward:   245.62 | Step Count: 614875 | Episode Q0:    53.10
Episode: 1406/1500 | Episode reward:   231.67 | Episode steps:  500 | Average reward:   246.65 | Step Count: 615375 | Episode Q0:    53.10
Episode: 1407/1500 | Episode reward:   239.42 | Episode steps:  500 | Average reward:   243.98 | Step Count: 615875 | Episode Q0:    53.10
Episode: 1408/1500 | Episode reward:   321.06 | Episode steps:  500 | Average reward:   250.08 | Step Count: 616375 | Episode Q0:    53.10
Episode: 1409/1500 | Episode reward:   254.69 | Episode steps:  500 | Average reward:   247.19 | Step Count: 616875 | Episode Q0:    53.10
Episode: 1410/1500 | Episode reward:   259.85 | Episode steps:  500 | Average reward:   250.39 | Step Count: 617375 | Episode Q0:    53.10
Episode: 1411/1500 | Episode reward:   250.05 | Episode steps:  500 | Average reward:   249.05 | Step Count: 617875 | Episode Q0:    53.10
Episode: 1412/1500 | Episode reward:   258.58 | Episode steps:  500 | Average reward:   248.79 | Step Count: 618375 | Episode Q0:    53.18
Episode: 1413/1500 | Episode reward:   247.62 | Episode steps:  500 | Average reward:   251.18 | Step Count: 618875 | Episode Q0:    53.18
Episode: 1414/1500 | Episode reward:   265.16 | Episode steps:  500 | Average reward:   254.14 | Step Count: 619375 | Episode Q0:    53.18
Episode: 1415/1500 | Episode reward:   316.33 | Episode steps:  500 | Average reward:   264.44 | Step Count: 619875 | Episode Q0:    53.18
Episode: 1416/1500 | Episode reward:   264.43 | Episode steps:  500 | Average reward:   267.72 | Step Count: 620375 | Episode Q0:    53.18
Episode: 1417/1500 | Episode reward:   267.73 | Episode steps:  500 | Average reward:   270.55 | Step Count: 620875 | Episode Q0:    53.18
Episode: 1418/1500 | Episode reward:   247.30 | Episode steps:  500 | Average reward:   263.17 | Step Count: 621375 | Episode Q0:    53.18
Episode: 1419/1500 | Episode reward:   260.03 | Episode steps:  500 | Average reward:   263.71 | Step Count: 621875 | Episode Q0:    53.18
Episode: 1420/1500 | Episode reward:   265.09 | Episode steps:  500 | Average reward:   264.23 | Step Count: 622375 | Episode Q0:    53.18
Episode: 1421/1500 | Episode reward:   246.92 | Episode steps:  500 | Average reward:   263.92 | Step Count: 622875 | Episode Q0:    53.18
Episode: 1422/1500 | Episode reward:   227.64 | Episode steps:  500 | Average reward:   260.82 | Step Count: 623375 | Episode Q0:    53.18
Episode: 1423/1500 | Episode reward:   265.01 | Episode steps:  500 | Average reward:   262.56 | Step Count: 623875 | Episode Q0:    53.18
Episode: 1424/1500 | Episode reward:   268.78 | Episode steps:  500 | Average reward:   262.92 | Step Count: 624375 | Episode Q0:    53.18
Episode: 1425/1500 | Episode reward:   249.15 | Episode steps:  500 | Average reward:   256.21 | Step Count: 624875 | Episode Q0:    53.18
Episode: 1426/1500 | Episode reward:   251.65 | Episode steps:  500 | Average reward:   254.93 | Step Count: 625375 | Episode Q0:    53.18
Episode: 1427/1500 | Episode reward:   261.20 | Episode steps:  500 | Average reward:   254.28 | Step Count: 625875 | Episode Q0:    53.18
Episode: 1428/1500 | Episode reward:   287.56 | Episode steps:  500 | Average reward:   258.30 | Step Count: 626375 | Episode Q0:    53.18
Episode: 1429/1500 | Episode reward:   249.32 | Episode steps:  500 | Average reward:   257.23 | Step Count: 626875 | Episode Q0:    53.18
Episode: 1430/1500 | Episode reward:   324.15 | Episode steps:  500 | Average reward:   263.14 | Step Count: 627375 | Episode Q0:    53.18
Episode: 1431/1500 | Episode reward:   266.71 | Episode steps:  500 | Average reward:   265.12 | Step Count: 627875 | Episode Q0:    53.18
Episode: 1432/1500 | Episode reward:   226.65 | Episode steps:  500 | Average reward:   265.02 | Step Count: 628375 | Episode Q0:    53.18
Episode: 1433/1500 | Episode reward:   263.13 | Episode steps:  500 | Average reward:   264.83 | Step Count: 628875 | Episode Q0:    53.18
Episode: 1434/1500 | Episode reward:   283.78 | Episode steps:  500 | Average reward:   266.33 | Step Count: 629375 | Episode Q0:    53.18
Episode: 1435/1500 | Episode reward:   265.01 | Episode steps:  500 | Average reward:   267.92 | Step Count: 629875 | Episode Q0:    53.18
Episode: 1436/1500 | Episode reward:   339.66 | Episode steps:  500 | Average reward:   276.72 | Step Count: 630375 | Episode Q0:    53.18
Episode: 1437/1500 | Episode reward:   272.63 | Episode steps:  500 | Average reward:   277.86 | Step Count: 630875 | Episode Q0:    53.39
Episode: 1438/1500 | Episode reward:   269.21 | Episode steps:  500 | Average reward:   276.02 | Step Count: 631375 | Episode Q0:    53.39
Episode: 1439/1500 | Episode reward:   251.15 | Episode steps:  500 | Average reward:   276.21 | Step Count: 631875 | Episode Q0:    53.39
Episode: 1440/1500 | Episode reward:   248.95 | Episode steps:  500 | Average reward:   268.69 | Step Count: 632375 | Episode Q0:    53.39
Episode: 1441/1500 | Episode reward:   269.93 | Episode steps:  500 | Average reward:   269.01 | Step Count: 632875 | Episode Q0:    53.39
Episode: 1442/1500 | Episode reward:   272.88 | Episode steps:  500 | Average reward:   273.63 | Step Count: 633375 | Episode Q0:    53.39
Episode: 1443/1500 | Episode reward:   291.33 | Episode steps:  500 | Average reward:   276.45 | Step Count: 633875 | Episode Q0:    53.39
Episode: 1444/1500 | Episode reward:   277.02 | Episode steps:  500 | Average reward:   275.78 | Step Count: 634375 | Episode Q0:    53.39
Episode: 1445/1500 | Episode reward:   244.82 | Episode steps:  500 | Average reward:   273.76 | Step Count: 634875 | Episode Q0:    53.39
Episode: 1446/1500 | Episode reward:   314.87 | Episode steps:  500 | Average reward:   271.28 | Step Count: 635375 | Episode Q0:    53.39
Episode: 1447/1500 | Episode reward:   262.65 | Episode steps:  500 | Average reward:   270.28 | Step Count: 635875 | Episode Q0:    53.39
Episode: 1448/1500 | Episode reward:   279.82 | Episode steps:  500 | Average reward:   271.34 | Step Count: 636375 | Episode Q0:    53.39
Episode: 1449/1500 | Episode reward:   286.99 | Episode steps:  500 | Average reward:   274.93 | Step Count: 636875 | Episode Q0:    53.39
Episode: 1450/1500 | Episode reward:   248.16 | Episode steps:  500 | Average reward:   274.85 | Step Count: 637375 | Episode Q0:    53.39
Episode: 1451/1500 | Episode reward:   262.32 | Episode steps:  500 | Average reward:   274.09 | Step Count: 637875 | Episode Q0:    53.39
Episode: 1452/1500 | Episode reward:   279.68 | Episode steps:  500 | Average reward:   274.77 | Step Count: 638375 | Episode Q0:    53.39
Episode: 1453/1500 | Episode reward:   338.30 | Episode steps:  500 | Average reward:   279.46 | Step Count: 638875 | Episode Q0:    53.39
Episode: 1454/1500 | Episode reward:   351.03 | Episode steps:  500 | Average reward:   286.86 | Step Count: 639375 | Episode Q0:    53.39
Episode: 1455/1500 | Episode reward:   251.83 | Episode steps:  500 | Average reward:   287.57 | Step Count: 639875 | Episode Q0:    53.39
Episode: 1456/1500 | Episode reward:   255.73 | Episode steps:  500 | Average reward:   281.65 | Step Count: 640375 | Episode Q0:    53.39
Episode: 1457/1500 | Episode reward:   224.72 | Episode steps:  500 | Average reward:   277.86 | Step Count: 640875 | Episode Q0:    53.39
Episode: 1458/1500 | Episode reward:   234.04 | Episode steps:  500 | Average reward:   273.28 | Step Count: 641375 | Episode Q0:    53.39
Episode: 1459/1500 | Episode reward:   243.11 | Episode steps:  500 | Average reward:   268.89 | Step Count: 641875 | Episode Q0:    53.39
Episode: 1460/1500 | Episode reward:   254.57 | Episode steps:  500 | Average reward:   269.53 | Step Count: 642375 | Episode Q0:    53.39
Episode: 1461/1500 | Episode reward:   242.34 | Episode steps:  500 | Average reward:   267.54 | Step Count: 642875 | Episode Q0:    53.64
Episode: 1462/1500 | Episode reward:   278.94 | Episode steps:  500 | Average reward:   267.46 | Step Count: 643375 | Episode Q0:    53.64
Episode: 1463/1500 | Episode reward:   283.71 | Episode steps:  500 | Average reward:   262.00 | Step Count: 643875 | Episode Q0:    53.64
Episode: 1464/1500 | Episode reward:   276.12 | Episode steps:  500 | Average reward:   254.51 | Step Count: 644375 | Episode Q0:    53.64
Episode: 1465/1500 | Episode reward:   313.40 | Episode steps:  500 | Average reward:   260.67 | Step Count: 644875 | Episode Q0:    53.64
Episode: 1466/1500 | Episode reward:   252.83 | Episode steps:  500 | Average reward:   260.38 | Step Count: 645375 | Episode Q0:    53.64
Episode: 1467/1500 | Episode reward:   228.62 | Episode steps:  500 | Average reward:   260.77 | Step Count: 645875 | Episode Q0:    53.64
Episode: 1468/1500 | Episode reward:   270.25 | Episode steps:  500 | Average reward:   264.39 | Step Count: 646375 | Episode Q0:    53.64
Episode: 1469/1500 | Episode reward:   233.48 | Episode steps:  500 | Average reward:   263.43 | Step Count: 646875 | Episode Q0:    53.64
Episode: 1470/1500 | Episode reward:   251.82 | Episode steps:  500 | Average reward:   263.15 | Step Count: 647375 | Episode Q0:    53.64
Episode: 1471/1500 | Episode reward:   237.00 | Episode steps:  500 | Average reward:   262.62 | Step Count: 647875 | Episode Q0:    53.64
Episode: 1472/1500 | Episode reward:   245.16 | Episode steps:  500 | Average reward:   259.24 | Step Count: 648375 | Episode Q0:    53.64
Episode: 1473/1500 | Episode reward:   250.34 | Episode steps:  500 | Average reward:   255.90 | Step Count: 648875 | Episode Q0:    53.64
Episode: 1474/1500 | Episode reward:   230.45 | Episode steps:  500 | Average reward:   251.34 | Step Count: 649375 | Episode Q0:    53.64
Episode: 1475/1500 | Episode reward:   288.92 | Episode steps:  500 | Average reward:   248.89 | Step Count: 649875 | Episode Q0:    53.64
Episode: 1476/1500 | Episode reward:   240.00 | Episode steps:  500 | Average reward:   247.60 | Step Count: 650375 | Episode Q0:    53.64
Episode: 1477/1500 | Episode reward:   232.62 | Episode steps:  500 | Average reward:   248.00 | Step Count: 650875 | Episode Q0:    53.64
Episode: 1478/1500 | Episode reward:   270.21 | Episode steps:  500 | Average reward:   248.00 | Step Count: 651375 | Episode Q0:    53.64
Episode: 1479/1500 | Episode reward:   269.92 | Episode steps:  500 | Average reward:   251.64 | Step Count: 651875 | Episode Q0:    53.64
Episode: 1480/1500 | Episode reward:   260.79 | Episode steps:  500 | Average reward:   252.54 | Step Count: 652375 | Episode Q0:    53.64
Episode: 1481/1500 | Episode reward:   237.67 | Episode steps:  500 | Average reward:   252.61 | Step Count: 652875 | Episode Q0:    55.08
Episode: 1482/1500 | Episode reward:   216.76 | Episode steps:  500 | Average reward:   249.77 | Step Count: 653375 | Episode Q0:    55.08
Episode: 1483/1500 | Episode reward:   251.85 | Episode steps:  500 | Average reward:   249.92 | Step Count: 653875 | Episode Q0:    55.08
Episode: 1484/1500 | Episode reward:   250.98 | Episode steps:  500 | Average reward:   251.97 | Step Count: 654375 | Episode Q0:    55.08
Episode: 1485/1500 | Episode reward:   312.58 | Episode steps:  500 | Average reward:   254.34 | Step Count: 654875 | Episode Q0:    55.08
Episode: 1486/1500 | Episode reward:   215.94 | Episode steps:  500 | Average reward:   251.93 | Step Count: 655375 | Episode Q0:    55.08
Episode: 1487/1500 | Episode reward:   243.31 | Episode steps:  500 | Average reward:   253.00 | Step Count: 655875 | Episode Q0:    55.08
Episode: 1488/1500 | Episode reward:   246.95 | Episode steps:  500 | Average reward:   250.68 | Step Count: 656375 | Episode Q0:    55.08
Episode: 1489/1500 | Episode reward:   223.14 | Episode steps:  500 | Average reward:   246.00 | Step Count: 656875 | Episode Q0:    55.08
Episode: 1490/1500 | Episode reward:   227.08 | Episode steps:  500 | Average reward:   242.63 | Step Count: 657375 | Episode Q0:    55.08
Episode: 1491/1500 | Episode reward:   216.39 | Episode steps:  500 | Average reward:   240.50 | Step Count: 657875 | Episode Q0:    55.08
Episode: 1492/1500 | Episode reward:   319.18 | Episode steps:  500 | Average reward:   250.74 | Step Count: 658375 | Episode Q0:    55.08
Episode: 1493/1500 | Episode reward:   326.92 | Episode steps:  500 | Average reward:   258.25 | Step Count: 658875 | Episode Q0:    55.08
Episode: 1494/1500 | Episode reward:   261.31 | Episode steps:  500 | Average reward:   259.28 | Step Count: 659375 | Episode Q0:    55.08
Episode: 1495/1500 | Episode reward:   234.59 | Episode steps:  500 | Average reward:   251.48 | Step Count: 659875 | Episode Q0:    55.08
Episode: 1496/1500 | Episode reward:   212.57 | Episode steps:  500 | Average reward:   251.14 | Step Count: 660375 | Episode Q0:    55.08
Episode: 1497/1500 | Episode reward:   279.12 | Episode steps:  500 | Average reward:   254.73 | Step Count: 660875 | Episode Q0:    55.08
Episode: 1498/1500 | Episode reward:   216.03 | Episode steps:  500 | Average reward:   251.63 | Step Count: 661375 | Episode Q0:    55.08
Episode: 1499/1500 | Episode reward:   231.81 | Episode steps:  500 | Average reward:   252.50 | Step Count: 661875 | Episode Q0:    55.08
Episode: 1500/1500 | Episode reward:   219.28 | Episode steps:  500 | Average reward:   251.72 | Step Count: 662375 | Episode Q0:    55.08

Running short fixed evaluation (7 cases)...
Finished evaluating case: 5
Finished evaluating case: 4
Finished evaluating case: 7
Finished evaluating case: 3
Finished evaluating case: 1
Finished evaluating case: 6
Finished evaluating case: 2

Running full fixed evaluation (297 cases)...
Finished evaluating case: 1
Finished evaluating case: 8
Finished evaluating case: 5
Finished evaluating case: 2
Finished evaluating case: 11
Finished evaluating case: 10
Finished evaluating case: 7
Finished evaluating case: 52
Finished evaluating case: 28
Finished evaluating case: 88
Finished evaluating case: 70
Finished evaluating case: 34
Finished evaluating case: 64
Finished evaluating case: 82
Finished evaluating case: 4
Finished evaluating case: 19
Finished evaluating case: 12
Finished evaluating case: 15
Finished evaluating case: 16
Finished evaluating case: 13
Finished evaluating case: 14
Finished evaluating case: 18
Finished evaluating case: 21
Finished evaluating case: 9
Finished evaluating case: 20
Finished evaluating case: 3
Finished evaluating case: 17
Finished evaluating case: 22
Finished evaluating case: 6
Finished evaluating case: 27
Finished evaluating case: 51
Finished evaluating case: 63
Finished evaluating case: 69
Finished evaluating case: 87
Finished evaluating case: 33
Finished evaluating case: 81
Finished evaluating case: 142
Finished evaluating case: 148
Finished evaluating case: 46
Finished evaluating case: 136
Finished evaluating case: 118
Finished evaluating case: 94
Finished evaluating case: 112
Finished evaluating case: 106
Finished evaluating case: 100
Finished evaluating case: 130
Finished evaluating case: 76
Finished evaluating case: 40
Finished evaluating case: 124
Finished evaluating case: 154
Finished evaluating case: 58
Finished evaluating case: 26
Finished evaluating case: 50
Finished evaluating case: 62
Finished evaluating case: 68
Finished evaluating case: 32
Finished evaluating case: 86
Finished evaluating case: 80
Finished evaluating case: 39
Finished evaluating case: 141
Finished evaluating case: 45
Finished evaluating case: 147
Finished evaluating case: 135
Finished evaluating case: 117
Finished evaluating case: 93
Finished evaluating case: 105
Finished evaluating case: 111
Finished evaluating case: 99
Finished evaluating case: 75
Finished evaluating case: 129
Finished evaluating case: 123
Finished evaluating case: 153
Finished evaluating case: 61
Finished evaluating case: 25
Finished evaluating case: 49
Finished evaluating case: 57
Finished evaluating case: 67
Finished evaluating case: 31
Finished evaluating case: 85
Finished evaluating case: 79
Finished evaluating case: 38
Finished evaluating case: 140
Finished evaluating case: 44
Finished evaluating case: 146
Finished evaluating case: 30
Finished evaluating case: 134
Finished evaluating case: 116
Finished evaluating case: 92
Finished evaluating case: 104
Finished evaluating case: 110
Finished evaluating case: 98
Finished evaluating case: 74
Finished evaluating case: 128
Finished evaluating case: 122
Finished evaluating case: 60
Finished evaluating case: 152
Finished evaluating case: 24
Finished evaluating case: 48
Finished evaluating case: 66
Finished evaluating case: 56
Finished evaluating case: 84
Finished evaluating case: 78
Finished evaluating case: 37
Finished evaluating case: 91
Finished evaluating case: 43
Finished evaluating case: 29
Finished evaluating case: 139
Finished evaluating case: 145
Finished evaluating case: 115
Finished evaluating case: 133
Finished evaluating case: 103
Finished evaluating case: 109
Finished evaluating case: 97
Finished evaluating case: 73
Finished evaluating case: 127
Finished evaluating case: 151
Finished evaluating case: 121
Finished evaluating case: 59
Finished evaluating case: 23
Finished evaluating case: 47
Finished evaluating case: 65
Finished evaluating case: 77
Finished evaluating case: 83
Finished evaluating case: 55
Finished evaluating case: 42
Finished evaluating case: 36
Finished evaluating case: 90
Finished evaluating case: 166
Finished evaluating case: 138
Finished evaluating case: 144
Finished evaluating case: 114
Finished evaluating case: 132
Finished evaluating case: 108
Finished evaluating case: 102
Finished evaluating case: 96
Finished evaluating case: 72
Finished evaluating case: 126
Finished evaluating case: 150
Finished evaluating case: 120
Finished evaluating case: 160
Finished evaluating case: 175
Finished evaluating case: 157
Finished evaluating case: 163
Finished evaluating case: 169
Finished evaluating case: 172
Finished evaluating case: 54
Finished evaluating case: 41
Finished evaluating case: 35
Finished evaluating case: 89
Finished evaluating case: 165
Finished evaluating case: 137
Finished evaluating case: 143
Finished evaluating case: 113
Finished evaluating case: 131
Finished evaluating case: 107
Finished evaluating case: 101
Finished evaluating case: 95
Finished evaluating case: 71
Finished evaluating case: 125
Finished evaluating case: 149
Finished evaluating case: 119
Finished evaluating case: 159
Finished evaluating case: 174
Finished evaluating case: 156
Finished evaluating case: 162
Finished evaluating case: 168
Finished evaluating case: 171
Finished evaluating case: 53
Finished evaluating case: 178
Finished evaluating case: 211
Finished evaluating case: 184
Finished evaluating case: 164
Finished evaluating case: 208
Finished evaluating case: 202
Finished evaluating case: 190
Finished evaluating case: 181
Finished evaluating case: 196
Finished evaluating case: 187
Finished evaluating case: 193
Finished evaluating case: 205
Finished evaluating case: 199
Finished evaluating case: 217
Finished evaluating case: 214
Finished evaluating case: 158
Finished evaluating case: 173
Finished evaluating case: 155
Finished evaluating case: 167
Finished evaluating case: 161
Finished evaluating case: 170
Finished evaluating case: 220
Finished evaluating case: 177
Finished evaluating case: 210
Finished evaluating case: 183
Finished evaluating case: 222
Finished evaluating case: 207
Finished evaluating case: 189
Finished evaluating case: 201
Finished evaluating case: 180
Finished evaluating case: 186
Finished evaluating case: 195
Finished evaluating case: 192
Finished evaluating case: 204
Finished evaluating case: 198
Finished evaluating case: 216
Finished evaluating case: 232
Finished evaluating case: 213
Finished evaluating case: 230
Finished evaluating case: 224
Finished evaluating case: 226
Finished evaluating case: 228
Finished evaluating case: 234
Finished evaluating case: 219
Finished evaluating case: 176
Finished evaluating case: 209
Finished evaluating case: 182
Finished evaluating case: 221
Finished evaluating case: 206
Finished evaluating case: 188
Finished evaluating case: 200
Finished evaluating case: 185
Finished evaluating case: 179
Finished evaluating case: 194
Finished evaluating case: 191
Finished evaluating case: 203
Finished evaluating case: 197
Finished evaluating case: 215
Finished evaluating case: 231
Finished evaluating case: 212
Finished evaluating case: 229
Finished evaluating case: 223
Finished evaluating case: 225
Finished evaluating case: 227
Finished evaluating case: 233
Finished evaluating case: 218
Finished evaluating case: 236
Finished evaluating case: 238
Finished evaluating case: 250
Finished evaluating case: 256
Finished evaluating case: 244
Finished evaluating case: 265
Finished evaluating case: 268
Finished evaluating case: 240
Finished evaluating case: 242
Finished evaluating case: 246
Finished evaluating case: 248
Finished evaluating case: 252
Finished evaluating case: 254
Finished evaluating case: 258
Finished evaluating case: 260
Finished evaluating case: 271
Finished evaluating case: 262
Finished evaluating case: 266
Finished evaluating case: 267
Finished evaluating case: 270
Finished evaluating case: 269
Finished evaluating case: 264
Finished evaluating case: 235
Finished evaluating case: 237
Finished evaluating case: 249
Finished evaluating case: 241
Finished evaluating case: 247
Finished evaluating case: 259
Finished evaluating case: 255
Finished evaluating case: 243
Finished evaluating case: 275
Finished evaluating case: 290
Finished evaluating case: 239
Finished evaluating case: 245
Finished evaluating case: 251
Finished evaluating case: 253
Finished evaluating case: 257
Finished evaluating case: 286
Finished evaluating case: 261
Finished evaluating case: 288
Finished evaluating case: 289
Finished evaluating case: 291
Finished evaluating case: 292
Finished evaluating case: 263
Finished evaluating case: 272
Finished evaluating case: 273
Finished evaluating case: 276
Finished evaluating case: 279
Finished evaluating case: 280
Finished evaluating case: 285
Finished evaluating case: 283
Finished evaluating case: 278
Finished evaluating case: 294
Finished evaluating case: 295
Finished evaluating case: 274
Finished evaluating case: 277
Finished evaluating case: 281
Finished evaluating case: 282
Finished evaluating case: 284
Finished evaluating case: 287
Finished evaluating case: 296
Finished evaluating case: 297
Finished evaluating case: 293
