Episode,EpisodeReward,EpisodeSteps,AverageReward,StepCount,EpisodeQ0
1,-11.1665954899826,49,-11.1665954899826,49,-0.0733776465058327
2,-12.4559977378398,51,-11.8112966139112,100,-0.114424869418144
3,6.91602116180964,53,-5.56885735533762,153,-0.0678954273462296
4,33.68264933164,77,4.24401931640678,230,-0.168448746204376
5,-1.2886683821286,33,3.1374817766997,263,-0.0637032985687256
6,-23.9238171507281,42,-1.37273471120493,305,-0.0876922532916069
7,-25.1540103450123,56,-4.77005980174884,361,-0.103614076972008
8,-78.0080579022797,45,-13.9248095643152,406,-0.136236444115639
9,-4.16805354930617,47,-12.8407255626475,453,-0.160580217838287
10,7.39086867041816,36,-10.817566139341,489,-0.0487746447324753
11,-4.3156078893529,33,-10.132467379278,522,-0.0584983713924885
12,-8.99575406263789,27,-9.78644301175779,549,-0.0776659846305847
13,-8.26628680835916,65,-11.3046738087747,614,-0.0949809178709984
14,-4.30570894266706,57,-15.1035096362054,671,-0.0387402027845383
15,-30.1232942752724,49,-17.9869722255198,720,-0.0341997072100639
16,-21.53331845731,42,-17.7479223561779,762,-0.0947770178318024
17,-7.16032052548938,22,-15.9485533742257,784,-0.0440325774252415
18,23.7454965931508,56,-5.7731979246826,840,-0.0873279348015785
19,-24.5671430327793,58,-7.81310687302992,898,-0.0760433301329613
20,6.57630473681306,65,-7.89456326639043,963,-0.0761545822024345
21,-77.1030638716568,35,-15.1733088646208,998,-0.121956959366798
22,8.36548844899735,35,-13.4371846134573,1033,0.0064343623816967
23,3.05418505818465,48,-12.3051374268029,1081,-0.0799663737416267
24,-56.4478730647502,43,-17.5193538390112,1124,-0.358605176210403
25,-16.7503722914902,40,-16.182061640633,1164,-0.337940484285355
26,6.38014699185568,29,-13.3907150957164,1193,-0.387079536914825
27,-32.4960999119673,26,-15.9242930343642,1219,-0.260090827941895
28,-77.7246672116747,50,-26.0713094148468,1269,-0.0786378160119057
29,-30.3933233682915,53,-26.653927448398,1322,-0.0728654488921165
30,-15.8057470742692,54,-28.8921326295062,1376,-0.067743219435215
31,-14.5241380213076,43,-22.6342400444713,1419,-0.293046951293945
32,-39.5096194037858,24,-27.4217508297496,1443,-0.463736325502396
33,-42.2684978636491,40,-31.954019121933,1483,-0.398383140563965
34,15.103115433392,47,-24.7989202721188,1530,-0.073641262948513
35,-26.3258011891578,22,-25.7564631618855,1552,-0.325902432203293
36,12.3394168241183,34,-25.1605361786593,1586,-0.0370026975870132
37,-92.6423903642664,39,-31.1751652238892,1625,-0.395682811737061
38,-33.2301984589415,35,-26.7257183486158,1660,-0.279004812240601
39,-8.0954878043213,61,-24.4959347922188,1721,-0.362990856170654
40,5.42137531599789,36,-22.3732225531921,1757,-0.293163269758224
41,-21.4528238282265,29,-23.066091133884,1786,-0.387911826372147
42,4.85115115906542,41,-18.6300140775989,1827,-0.347757816314697
43,26.2880020399492,47,-11.7743640872391,1874,0.01774394325912
44,-43.7914215993059,44,-17.6638177905089,1918,-0.127316415309906
45,5.4919420362362,56,-14.4820434679695,1974,-0.356338232755661
46,-36.5226917146931,42,-19.3682543218506,2016,-0.278833091259003
47,26.5635785714381,57,-7.44765742828015,2073,-0.289019912481308
48,-57.9400615374503,41,-9.91864373613103,2114,-0.121918529272079
49,-23.3459560045688,29,-11.4436905561558,2143,-0.321739375591278
50,-32.322859391633,24,-15.2181140269189,2167,-0.102201908826828
51,-17.674509209018,53,-14.840282564998,2220,-0.0719933211803436
52,-56.6840495723235,37,-20.9938026381369,2257,-0.217155858874321
53,-9.07923538735675,50,-24.5305263808675,2307,-0.185554847121239
54,28.201209343901,70,-17.3312632865468,2377,-0.187400937080383
55,2.49541425112255,43,-17.6309160650582,2420,-0.178954422473907
56,-23.2505140191818,38,-16.3036982955071,2458,-0.296512305736542
57,-22.0795964868174,57,-21.1680158013326,2515,-0.2433992177248
58,-7.21053324190453,28,-16.095062971778,2543,0.280541777610779
59,28.6409351298307,132,-10.8963738583381,2675,0.429264485836029
60,-0.198828019514966,40,-7.68397072112627,2715,0.348400115966797
61,-41.5476369277458,36,-10.0712834929991,2751,0.228991910815239
62,4.90046922134234,31,-3.91283161363247,2782,0.382125377655029
63,-19.5861956918997,64,-4.96352764408677,2846,0.274620175361633
64,-79.7026432565801,32,-15.7539129041349,2878,0.371807038784027
65,-37.9522835283302,37,-19.7986826820802,2915,0.245353907346725
66,-6.67251013889379,28,-18.1408822940514,2943,0.404161810874939
67,-56.7636817186972,42,-21.6092908172393,2985,0.361207008361816
68,27.8115668468387,69,-18.107080808365,3054,0.16539303958416
69,3.60088396609896,39,-20.6110859247382,3093,0.220728307962418
70,-16.0704456813774,43,-22.1982476909244,3136,0.318262934684753
71,-48.3776359964801,40,-22.8812475977978,3176,0.332581043243408
72,-82.8195121872168,32,-31.6532457386538,3208,0.297055751085281
73,-12.3561518393187,58,-30.9302413533957,3266,0.130015268921852
74,22.7778579995457,75,-20.6821912277831,3341,0.346708118915558
75,-47.8980689014582,36,-21.6767697650959,3377,0.385090172290802
76,24.0168852758453,52,-18.607830223622,3429,0.233578115701675
77,-2.19417112674265,52,-13.1508791644265,3481,0.215642154216766
78,-69.7588952726843,30,-22.9079253763788,3511,0.178304702043533
79,24.1671871683236,66,-20.8512950561564,3577,0.292853385210037
80,19.3224340435494,55,-17.3120070836637,3632,0.464620411396027
81,-22.5251915793813,40,-14.7267626419538,3672,0.436249315738678
82,-22.0877727955627,48,-8.65358870278838,3720,0.345471948385239
83,-58.549632746327,34,-13.2729367934892,3754,0.328861385583878
84,-21.6037818060724,26,-17.711100774051,3780,0.31818675994873
85,-34.6513800075079,32,-16.386431884656,3812,0.216515809297562
86,16.7854159569764,47,-17.1095788165429,3859,0.394652783870697
87,-52.1847911665965,31,-22.1086408205283,3890,0.315604329109192
88,-25.8933146993837,32,-17.7220827631982,3922,0.330006033182144
89,-27.3750177014497,57,-22.8763032501755,3979,0.0793614387512207
90,-33.3251849225301,46,-28.1410651467835,4025,0.368203103542328
91,23.0937350504415,65,-23.5791724838012,4090,0.31829509139061
92,-25.3733632530096,49,-23.9077315295459,4139,0.131844624876976
93,-36.410025107827,27,-21.6937707656959,4166,0.447549045085907
94,-18.7689445913173,24,-21.4102870442204,4190,0.335086941719055
95,19.3062349383237,86,-16.0145255496372,4276,0.333570599555969
96,-0.803497072969638,59,-17.7734168526318,4335,0.369970977306366
97,-8.57936055894129,54,-13.4128737918663,4389,0.779382646083832
98,-7.47321029013515,46,-11.5708633509415,4435,0.783168911933899
99,-10.7390305980443,20,-9.90726464060092,4455,0.889501333236694
100,-81.1753414181864,44,-14.6922802901666,4499,0.853846848011017
101,-6.45032035056568,57,-17.6466858302673,4556,0.82354474067688
102,-11.7056375463851,35,-16.2799132596048,4591,0.977850079536438
103,-52.6373149192519,32,-17.9026422407473,4623,0.913822591304779
104,-17.0766284766233,35,-17.7334106292779,4658,1.00390219688416
105,-9.88366791964003,39,-20.6524009150743,4697,0.885729372501373
106,-23.94430667459,51,-22.9664818752363,4748,0.91643875837326
107,-7.93520884108937,63,-22.9020667034511,4811,0.981817364692688
108,-39.6170558029381,23,-26.1164512547314,4834,0.807345688343048
109,80.1300707714243,273,-17.0295411177846,5107,0.92518675327301
110,-52.4414396923915,29,-14.1561509452051,5136,0.890036463737488
111,5.55377632186348,34,-12.9557412779622,5170,0.893545091152191
112,-72.6386117672627,30,-19.0490387000499,5200,0.874505996704102
113,-24.5011021285474,36,-16.2354174209795,5236,0.844712495803833
114,30.2772710258631,236,-11.5000274707308,5472,0.832289695739746
115,86.9530490923436,291,-1.81635576953247,5763,0.858700633049011
116,-27.4339730309908,46,-2.16532240517254,5809,0.684913516044617
117,-36.8178004316398,51,-5.05358156422758,5860,0.913070797920227
118,-105.732847215081,38,-11.6651607054419,5898,0.96143102645874
119,56.5195996459372,251,-14.0262078179906,6149,0.887641310691833
120,6.11475835499904,44,-8.17058801325152,6193,0.859807848930359
121,-29.6064896534749,43,-11.6866146107854,6236,1.00694108009338
122,-80.6409743582735,32,-12.4868508698864,6268,0.867953062057495
123,87.1999946928094,273,-1.31674118775074,6541,0.843624353408813
124,-64.3537415903933,40,-10.7798424493764,6581,1.02965080738068
125,23.2283667322486,285,-17.1523106853859,6866,0.870702624320984
126,12.8663567899629,68,-13.1222777032905,6934,0.695742845535278
127,-34.0949602770875,38,-12.8499936878353,6972,1.01888334751129
128,-40.9587408070471,29,-6.3725830470319,7001,1.00884747505188
129,3.68519061249685,46,-11.6560239503759,7047,0.846904098987579
130,14.3347153558123,261,-10.8340282502946,7308,0.868260324001312
131,-3.97317174619314,24,-8.27069645956644,7332,0.938614130020142
132,25.373561751361,293,2.33075715139701,7625,0.991471469402313
133,-70.6536227434947,66,-13.4546045922334,7691,0.927050888538361
134,-15.3156030337536,46,-8.55079073656943,7737,1.07602214813232
135,-52.7548353298103,29,-16.1491109427753,7766,1.02328109741211
136,-12.7065518867137,41,-18.706401810443,7807,1.01275181770325
137,-34.9719836562933,23,-18.7941041483636,7830,1.04959189891815
138,18.138216062708,61,-12.8844084613881,7891,1.13192307949066
139,-31.0512512391723,65,-16.358052646555,7956,1.12602138519287
140,7.1645830255039,65,-17.0750658795858,8021,0.893433451652527
141,-6.64590097861724,41,-17.3423388028282,8062,1.13947868347168
142,-48.5619364048864,44,-24.735888618453,8106,1.18458008766174
143,-10.4889208643325,48,-18.7194184305368,8154,0.955169916152954
144,-39.4776419589293,36,-21.1356223230543,8190,0.937844514846802
145,-8.39071271701637,39,-16.6992100617749,8229,1.13391172885895
146,-7.65983602866104,40,-16.1945384759697,8269,0.950687527656555
147,-2.49097788997591,34,-12.9464378993379,8303,1.06297481060028
148,-10.3121520746676,41,-15.7914747130755,8344,1.215744972229
149,-5.40447615981608,28,-13.2267972051399,8372,1.09194946289062
150,-63.3461164904167,36,-20.2778671567319,8408,1.07610273361206
151,-9.41233753635606,45,-20.5545108125058,8453,1.10560631752014
152,7.79527003927368,34,-14.9187901680898,8487,0.942696094512939
153,11.7738309595983,47,-12.6925149856967,8534,1.02571320533752
154,-52.9529611990786,31,-14.0400469097116,8565,0.954241514205933
155,-28.288641642244,45,-16.0298398022344,8610,1.18534886837006
156,-88.0885667044607,37,-24.0727128698144,8647,1.09922420978546
157,-105.141594857986,39,-34.3377745666154,8686,1.09281063079834
158,-82.2071538667422,32,-41.5272747458228,8718,0.9101682305336
159,26.7292275659921,56,-38.313904373242,8774,1.07936918735504
160,-3.02067703064312,27,-32.2813604272647,8801,1.17050862312317
161,-28.0660734654362,45,-34.1467340201727,8846,1.15941870212555
162,2.81781344382553,28,-34.6444796797175,8874,1.0331826210022
163,-8.0993274737997,29,-36.6317955230573,8903,1.18375217914581
164,-32.1031458593002,44,-34.5468139890794,8947,1.00740802288055
165,-24.0092994796757,50,-34.1188797728226,8997,1.1581095457077
166,-81.4049787615761,30,-33.4505209785341,9027,0.966825902462006
167,3.01389869539942,26,-22.6349716231956,9053,1.07637691497803
168,-62.917404569867,30,-20.7059966935081,9083,1.04109752178192
169,-23.4019189376171,21,-25.719111343869,9104,1.08687043190002
170,-35.6505593584237,21,-28.9820995766471,9125,1.04833149909973
171,-13.332760801429,19,-27.5087683102464,9144,1.03014397621155
172,-25.5906120798211,52,-30.349610862611,9196,1.09188652038574
173,-79.129150972473,36,-37.4525932124783,9232,1.21245682239532
174,-2.80831684980591,26,-34.5231103115289,9258,1.26486849784851
175,-59.6221989721577,36,-38.0844002607771,9294,1.26081264019012
176,19.4003649669253,55,-28.003865887927,9349,1.15397381782532
177,-43.577837951612,44,-32.6630395526281,9393,1.3765857219696
178,-16.8000908460973,32,-28.0513081802512,9425,1.17578673362732
179,-32.2859149980951,44,-28.939707786299,9469,1.1424355506897
180,-24.8742735219895,40,-27.8620792026555,9509,1.26873528957367
181,-13.0262652032489,36,-27.8314296428375,9545,1.34401202201843
182,-79.8653054800359,38,-33.258898982859,9583,1.26620399951935
183,-29.1474226822719,41,-28.2607261538389,9624,1.14656233787537
184,-60.3845847214641,39,-34.0183529410047,9663,1.1727192401886
185,0.0237438263007106,34,-28.0537586611589,9697,1.2914000749588
186,-32.9680977908993,51,-33.2906049369413,9748,1.27720093727112
187,-24.5166601117886,43,-31.384487152959,9791,1.22997045516968
188,-14.9359327579485,34,-31.1980713441441,9825,1.27358675003052
189,-59.7207706500011,30,-33.9415569093347,9855,1.2490428686142
190,-34.0510802853969,22,-34.8592375856755,9877,1.16040086746216
191,-27.5781952407846,23,-36.314430589429,9900,1.20525097846985
192,2.73849303470822,33,-28.0540507379546,9933,1.36980390548706
193,-83.31015409722,30,-33.4703238794494,9963,1.27720391750336
194,9.21562667757542,38,-26.5103027395455,10001,1.17154693603516
195,-19.8697641138304,46,-28.4996535335586,10047,1.36293840408325
196,9.17171170500455,38,-24.2856725839682,10085,1.16991174221039
197,-72.5139798662648,44,-29.0854045594158,10129,1.28526735305786
198,-46.5051747227228,34,-32.2423287558932,10163,1.19332492351532
199,-8.16351539592446,40,-27.0866032304856,10203,1.14596486091614
200,-57.8932592385338,41,-29.4708211257993,10244,1.23585379123688
201,-45.746463025753,22,-31.2876479042961,10266,1.22954130172729
202,-40.4969212851106,43,-35.611189336278,10309,1.3290022611618
203,-28.2244802558539,38,-30.1026219521414,10347,1.31380617618561
204,-23.6222649393896,29,-33.3864111138379,10376,1.15240871906281
205,-14.6937003426572,32,-32.8688047367206,10408,1.13322114944458
206,-9.7473093401325,40,-34.7607068412343,10448,1.14401292800903
207,-28.7318703356641,29,-30.3824958881742,10477,1.28296935558319
208,-41.0066695559668,32,-29.8326453714986,10509,1.2108895778656
209,-9.35054294106509,39,-29.9513481260127,10548,1.15314090251923
210,-65.1202713933709,35,-30.6740493414964,10583,1.12506258487701
211,-13.9822407570195,46,-27.497627114623,10629,1.1220006942749
212,-5.31717444048704,38,-23.9796524301607,10667,1.4993109703064
213,-19.7463309604262,20,-23.1318375006179,10687,1.33551263809204
214,-50.1793652900951,32,-25.7875475356885,10719,1.45235025882721
215,3.31254954281948,46,-23.9869225471408,10765,1.35816299915314
216,-33.8175709912978,21,-26.3939487122573,10786,1.36856734752655
217,-78.2120843319422,29,-31.3419701118851,10815,1.30227160453796
218,-79.6734641855845,36,-35.2086495748469,10851,1.39792573451996
219,-23.8807145794972,45,-36.6616667386901,10896,1.43235313892365
220,-22.2985217404459,42,-32.3794917733976,10938,1.5422625541687
221,-23.287294798728,42,-33.3099971775685,10980,1.38909339904785
222,-7.24881149209044,41,-33.5031608827288,11021,1.34491086006165
223,8.60501169502938,32,-30.6680266171832,11053,1.34665489196777
224,-9.1432104263221,38,-26.5644111308059,11091,1.36038029193878
225,-2.66255290002696,47,-27.1619213750906,11138,1.41458284854889
226,-51.9475397117284,31,-28.9749182471336,11169,1.42923283576965
227,-19.2364939304279,42,-23.0773592069822,11211,1.40860366821289
228,-14.7307752441704,39,-16.5830903128408,11250,1.51277542114258
229,-11.3532876088363,23,-15.3303476157747,11273,1.36815047264099
230,-105.815141541722,32,-23.6820095959023,11305,1.36189937591553
231,-28.2370242244494,47,-24.1769825384744,11352,1.37637197971344
232,-5.84140911641323,37,-24.0362423009067,11389,1.46893763542175
233,-95.7615616466491,32,-34.4728996350745,11421,1.41572117805481
234,-33.5101623781822,22,-36.9095948302606,11443,1.40846276283264
235,-95.4218086738461,36,-46.1855204076425,11479,1.41600298881531
236,-18.4822668239724,23,-42.8389931188669,11502,1.39696252346039
237,6.05261599961324,33,-40.3100821258628,11535,1.48670947551727
238,0.933044544484618,36,-38.7437001469973,11571,1.33862233161926
239,-17.9604499309952,41,-39.4044163792132,11612,1.44610667228699
240,-56.3579824170609,40,-34.4587004667471,11652,1.38764679431915
241,-58.7119924327969,34,-37.5061972875818,11686,1.35784518718719
242,-20.5725684267727,19,-38.9793132186178,11705,1.31365728378296
243,-9.33007877944502,40,-30.3361649318974,11745,1.36113274097443
244,-12.2454038661712,41,-28.2096890806963,11786,1.28442525863647
245,-26.1600213809023,50,-21.2835103514019,11836,1.59689736366272
246,-33.292205063938,26,-22.7645041753984,11862,1.44195795059204
247,-32.8399311078847,20,-26.6537588861482,11882,1.40944921970367
248,-15.821433834804,22,-28.3292067240771,11904,1.34444868564606
249,-29.9911323782392,33,-29.5322749688015,11937,1.40540254116058
250,-27.4593439752663,41,-26.642411124622,11978,1.58019042015076
251,-68.5392883603756,30,-27.6251407173799,12008,1.64580655097961
252,-2.86607232999869,42,-25.8544911077025,12050,1.50999093055725
253,10.1835059005057,38,-23.9031326397074,12088,1.5983521938324
254,-80.0969289578447,40,-30.6882851488748,12128,1.73249125480652
255,-26.5538176328595,37,-30.7276647740705,12165,1.46647167205811
256,-74.4623833226131,29,-34.844682599938,12194,1.60860371589661
257,-7.28343258640114,25,-32.2890327477896,12219,1.60222184658051
258,-30.0948811677856,26,-33.7163774810878,12245,1.60656249523163
259,-1.84164837436776,43,-30.9014290807007,12288,1.63687717914581
260,1.95653053673311,37,-27.9598416295007,12325,1.59771370887756
261,-31.2325587555372,47,-24.2291686690169,12372,1.69931721687317
262,2.36639175167099,36,-23.7059222608499,12408,1.59417998790741
263,-40.305281894868,22,-28.7548010403873,12430,1.65747237205505
264,-40.366597244202,38,-24.781767869023,12468,1.71077966690063
265,-43.7666637537984,31,-26.5030524811169,12499,1.70603001117706
266,-2.46022763614686,40,-19.3028369124703,12539,1.54964053630829
267,-12.9045503818764,31,-19.8649486920178,12570,1.62972843647003
268,-19.6231127570783,35,-18.8177718509471,12605,1.69312393665314
269,0.291179757477384,34,-18.6044890377626,12639,1.56171274185181
270,-9.20091557069714,37,-19.7202336485056,12676,1.58491313457489
271,9.18074406711733,31,-15.6789033662401,12707,1.60951089859009
272,-44.5704899154526,38,-20.3725915329525,12745,1.48581802845001
273,-51.9143509128203,43,-21.5334984347477,12788,1.65994942188263
274,-15.0295499168589,47,-18.9997937020134,12835,1.61188387870789
275,-35.2959342340058,46,-18.1527207500342,12881,1.7040593624115
276,-48.3771411407982,29,-22.7444121004993,12910,1.67532277107239
277,-2.72824834672308,35,-21.726781896984,12945,1.71521854400635
278,-60.8314914042643,29,-25.8476197617026,12974,1.72208976745605
279,7.2828442451748,34,-25.1484533129328,13008,1.58610820770264
280,-22.2498705553324,41,-26.4533488113963,13049,1.71174287796021
281,-5.67059010531761,44,-27.9384822286398,13093,1.59926104545593
282,-13.645040072307,29,-24.8459372443253,13122,1.66015219688416
283,-39.5883806566137,47,-23.6133402187046,13169,1.68096494674683
284,-22.0486048549493,17,-24.3152457125137,13186,1.59331226348877
285,-90.3519218482204,34,-29.8208444739351,13220,1.65823113918304
286,-22.3934524980567,45,-27.222475609661,13265,1.70022928714752
287,-79.3476612823717,30,-34.8844169032258,13295,1.50635349750519
288,-15.8911820475825,20,-30.3903859675576,13315,1.61433410644531
289,-12.8377954235283,29,-32.4024499344279,13344,1.72551012039185
290,-16.1644641464836,41,-31.7939092935431,13385,1.85869860649109
291,-44.5448040584721,28,-35.6813306888585,13413,1.71757566928864
292,6.02566961682998,29,-33.7142597199448,13442,1.69754445552826
293,-15.8354807638029,22,-31.3389697306637,13464,1.84328091144562
294,-18.091208470582,41,-30.943230092227,13505,1.68932962417603
295,-28.0900338122797,50,-24.7170412886329,13555,1.79294586181641
296,6.45239073932553,32,-21.8324569648947,13587,1.72397434711456
297,-53.9635170945794,31,-19.2940425461155,13618,1.7106693983078
298,-35.9114602318031,48,-21.2960703645375,13666,1.78587198257446
299,-13.9494450493845,37,-21.4072353271232,13703,1.71338582038879
300,-5.52805875179466,30,-20.3435947876543,13733,1.78947579860687
301,-30.7054416836716,23,-18.9596585501742,13756,1.85497570037842
302,5.24448341358615,28,-19.0377771704986,13784,1.86927771568298
303,-31.2837880313748,41,-20.5826078972558,13825,1.85957562923431
304,-0.805685540850107,25,-18.8540556042826,13850,1.75668334960938
305,4.10848407443699,33,-15.634203815611,13883,1.78230273723602
306,-18.0609973461265,40,-18.0855426241562,13923,1.82043504714966
307,-39.3065689309757,47,-16.6198478077958,13970,1.89030122756958
308,-62.9251355725062,32,-19.3212153418661,14002,1.73060297966003
309,-1.1599136343537,32,-18.042262200363,14034,1.92511701583862
310,-28.6797826752444,39,-20.357434592708,14073,1.86064577102661
311,-88.0262878769657,28,-26.0895192120374,14101,1.86122417449951
312,-15.8392437045429,40,-28.1978919238503,14141,1.97530579566956
313,-23.2433620331474,40,-27.3938493240276,14181,1.836550116539
314,-23.5246806647453,37,-29.6657488364171,14218,1.8751494884491
315,-36.3787150928136,42,-33.7144687531421,14260,1.91022837162018
316,-25.1579032112037,49,-34.4241593396499,14309,1.98352861404419
317,-11.6260528617648,44,-31.6561077327288,14353,1.89577531814575
318,-33.7846856410239,44,-28.7420627395805,14397,1.88007199764252
319,-9.52605931986316,39,-29.5786773081315,14436,1.7957763671875
320,-9.87038285645183,22,-27.6977373262522,14458,1.90525734424591
321,-46.2979279231925,25,-23.5249013308749,14483,1.80231046676636
322,3.69853346609122,33,-21.5711236138115,14516,1.72966611385345
323,3.81850849034333,34,-18.8649365614624,14550,1.76226580142975
324,-45.163165381719,27,-21.0287850331598,14577,1.81490695476532
325,-13.1105779309563,29,-18.7019713169741,14606,1.9406681060791
326,11.7344501933737,37,-15.0127359765163,14643,1.76399254798889
327,4.5932620989134,34,-13.3908044804485,14677,1.75593137741089
328,-46.5835490547629,29,-14.6706908218224,14706,1.88830959796906
329,-19.950228377115,42,-15.7131077275476,14748,2.25517463684082
330,0.00494412064698868,35,-14.7255750298377,14783,2.15686297416687
331,-19.7503549253413,44,-12.0708177300526,14827,2.09615468978882
332,-35.3916259495142,47,-15.9798336716131,14874,2.15042018890381
333,-25.9375196419552,22,-18.955436484843,14896,2.1357855796814
334,-7.11664029634723,33,-15.1507839763058,14929,2.13271617889404
335,7.78880089374575,34,-13.0608460938356,14963,2.1631965637207
336,3.28028680664623,27,-13.9062624325083,14990,2.2346498966217
337,-26.2929338939393,43,-16.9948820317936,15033,1.88340270519257
338,-5.02185120149775,24,-12.8387122464671,15057,2.18864154815674
339,-54.4540543199186,32,-16.2890948407475,15089,1.85653638839722
340,-22.9186991520258,44,-18.5814591680147,15133,1.94596529006958
341,-2.95723847471029,38,-16.9021475229516,15171,1.99514031410217
342,-20.8627954626052,47,-15.4492644742607,15218,2.0925829410553
343,-15.0119204957507,36,-14.3567045596403,15254,2.1805374622345
344,-36.5865510260894,24,-17.3036956326145,15278,2.14432787895203
345,-18.4574176988984,29,-19.9283174918789,15307,2.0652186870575
346,-38.9541112809719,28,-24.1517573006407,15335,2.03667783737183
347,-43.6137492822117,30,-25.883838839468,15365,2.12726163864136
348,-31.6007160318407,47,-28.5417253225023,15412,2.13949847221375
349,-33.4601430766828,28,-26.4423341981787,15440,2.04864430427551
350,-23.3088107014705,47,-26.4813453531231,15487,2.04990220069885
351,-21.9986747463235,27,-28.3854889802845,15514,2.03235793113708
352,-24.6251586024996,48,-28.7617252942739,15562,2.02154970169067
353,-43.7533758859075,39,-31.6358708332896,15601,2.10946464538574
354,-1.90305470908027,26,-28.1675212015887,15627,2.05238437652588
355,-1.62686053905771,33,-26.4844654856046,15660,2.16239070892334
356,3.91822302623566,28,-22.1972320548839,15688,2.20304274559021
357,9.7560338851998,33,-16.8602537381427,15721,2.10866832733154
358,-5.20824215340008,31,-14.2210063502986,15752,2.14378237724304
359,-34.1334318092155,22,-14.2883352235519,15774,1.90520346164703
360,-41.5991513240986,39,-16.1173692858147,15813,2.17353415489197
361,-16.2766998569268,25,-15.5451717968751,15838,2.11357164382935
362,-5.23095884764589,34,-13.6057518213897,15872,2.14801239967346
363,-18.9822027335369,46,-11.1286345061526,15918,2.15092420578003
364,-102.096513776572,34,-21.1479804129018,15952,2.04399609565735
365,-19.0059647846713,37,-22.8858908374631,15989,2.20168113708496
366,-93.6157725247883,36,-32.6392903925655,16025,1.9098254442215
367,-43.6940852903519,35,-37.9843023101207,16060,2.08478689193726
368,-44.3069441147709,37,-41.8941725062578,16097,2.40481424331665
369,-85.6108675764222,39,-47.0419160829784,16136,2.26652717590332
370,-20.5426821868015,40,-44.9362691692487,16176,2.30988502502441
371,-30.5204313548948,43,-46.3606423190455,16219,2.42026424407959
372,-25.6677598216781,40,-48.4043224164488,16259,2.29437303543091
373,-27.5835344063759,39,-49.2644555837327,16298,2.36310887336731
374,-8.42157329749062,34,-39.8969615358246,16332,2.48468732833862
375,-45.2710745262294,28,-42.5234725099804,16360,2.40718007087708
376,-30.9251830517993,45,-36.2544135626815,16405,2.41130232810974
377,-57.1741334333443,42,-37.6024183769807,16447,2.46562671661377
378,-76.4780085993629,33,-40.8195248254399,16480,2.22750663757324
379,-87.2243480364606,33,-40.9808728714438,16513,2.35519766807556
380,-0.555397263327018,24,-38.9821443790963,16537,2.37377715110779
381,-5.02086926128996,39,-36.4321881697358,16576,2.33329105377197
382,-23.6358821561259,43,-36.2290004031806,16619,2.38016796112061
383,2.5211622284689,28,-33.2185307396961,16647,2.34702014923096
384,-9.08388022111534,43,-33.2847614320586,16690,2.31766510009766
385,-23.6658242326416,38,-31.1242364026998,16728,2.13342142105103
386,-11.9603377534582,33,-29.2277518728657,16761,2.46796917915344
387,-70.656356123567,30,-30.575974141888,16791,2.38219594955444
388,-77.6376218166821,31,-30.6919354636199,16822,2.3650062084198
389,-38.7138553377553,44,-25.8408861937493,16866,2.38006591796875
390,-1.39332728680116,28,-25.9246791960968,16894,2.42928051948547
391,-39.6672616097043,19,-29.3893184309382,16913,2.22062063217163
392,-31.6825891487565,41,-30.1939891302013,16954,2.32694864273071
393,-30.9793099431029,46,-33.5440363473584,17000,2.27487516403198
394,-22.6232772999246,32,-34.8979760552394,17032,2.43863034248352
395,-5.08871033967788,39,-33.040264665943,17071,2.34704923629761
396,-49.5665722478344,31,-36.8008881153806,17102,2.34341382980347
397,-5.1837490039799,32,-30.2536274034219,17134,2.38892126083374
398,-0.896243163927354,32,-22.5794895381464,17166,2.43749189376831
399,-93.0419109393866,36,-28.0122950983096,17202,2.39812421798706
400,-1.39963232448956,38,-28.0129256020784,17240,2.29139924049377
401,-30.5578557376624,21,-27.1019850148742,17261,2.34162664413452
402,-42.0492048448862,40,-28.1386465844872,17301,2.41026043891907
403,-80.8470382302675,40,-33.1254194132036,17341,2.30191040039062
404,-73.6131017612005,38,-38.2244018593312,17379,2.37706136703491
405,-47.7902834441268,42,-42.4945591697761,17421,2.32043695449829
406,-22.4655928162659,46,-39.7844612266193,17467,2.25759220123291
407,-35.6470286611946,23,-42.8307891923408,17490,2.18592119216919
408,-81.6392794970744,37,-50.9050928256555,17527,2.70126366615295
409,-12.2073669094374,24,-42.8216384226605,17551,2.55095529556274
410,4.23629161877192,47,-42.2580460283344,17598,2.55876922607422
411,-33.2156133891461,41,-42.5238217934828,17639,2.79669594764709
412,-47.5507386005077,44,-43.0739751690449,17683,2.66495966911316
413,-20.9693604430549,37,-37.0862073903237,17720,2.64585995674133
414,-70.0929997927312,40,-36.7341971934767,17760,2.61411261558533
415,2.93888042165693,29,-31.6612808068984,17789,2.73083519935608
416,-9.42004317673264,36,-30.356725842945,17825,2.61795854568481
417,-8.69308530650308,28,-27.6613315074759,17853,2.77405023574829
418,-19.9366359098714,42,-21.4910671487556,17895,2.23285245895386
419,-26.2776166750008,46,-22.8980921253119,17941,2.26346850395203
420,-17.43933495486,19,-25.0656547826751,17960,2.63044095039368
421,-22.558639769429,46,-23.9999574207034,18006,2.54619002342224
422,-23.6564077322303,36,-21.6105243338757,18042,2.68150997161865
423,-3.53400036449179,27,-19.8669883260193,18069,2.65150022506714
424,-47.9563198875485,43,-17.6533203355011,18112,2.69784355163574
425,-34.6085139812904,39,-21.4080597757958,18151,2.56026196479797
426,-43.3900478262404,20,-24.8050602407466,18171,2.39745211601257
427,-89.2571601374872,33,-32.861467723845,18204,2.07017660140991
428,-72.4572372895853,31,-38.1135278618164,18235,2.64742660522461
429,-61.4716922814187,41,-41.6329354224582,18276,2.76853132247925
430,-10.8569883731674,20,-40.9747007642889,18296,2.65511226654053
431,-81.8129584569818,39,-46.9001326330442,18335,2.64213705062866
432,-56.9605292708315,37,-50.2305447869043,18372,2.66343832015991
433,-32.5764286315303,46,-53.1347876136082,18418,2.77154302597046
434,-24.6065312864593,41,-50.7998087534992,18459,2.66140508651733
435,8.57892959934841,37,-46.4810643954354,18496,2.60747814178467
436,-62.5404092868213,39,-48.3961005414934,18535,2.63237857818604
437,-35.0815224848026,40,-42.978536776225,18575,2.50745105743408
438,-24.9804110825553,43,-38.230854155522,18618,2.67402672767639
439,2.8293902624289,33,-31.8007459011372,18651,2.54736614227295
440,-2.88506094227147,36,-31.0035531580476,18687,2.63874220848083
441,-30.5679386301753,47,-25.879051175367,18734,2.7376766204834
442,-1.05293622491658,33,-20.2882918707755,18767,2.73042678833008
443,-26.4581569518256,41,-19.676464702805,18808,2.64028525352478
444,-65.7749355589023,39,-23.7933051300493,18847,2.64444494247437
445,-20.8989603358989,40,-26.741094123574,18887,2.5044527053833
446,-13.5353630900441,41,-21.8405895038963,18928,2.65133237838745
447,2.64212853677917,28,-18.0682244017382,18956,2.4135479927063
448,0.379620987642029,26,-15.5322211947184,18982,2.98564863204956
449,-26.6198616202898,42,-18.4771463829903,19024,2.74726915359497
450,-35.2291584125302,43,-21.7115561300162,19067,2.79316878318787
451,0.873398938973575,41,-18.5674223731013,19108,2.89173173904419
452,-11.3740234783194,26,-19.5995310984416,19134,2.86568450927734
453,-9.69654706623221,40,-17.9233701098822,19174,2.85459423065186
454,-25.166706107761,45,-13.8625471647681,19219,2.43756175041199
455,-12.7583847458581,40,-13.048489605764,19259,2.92277860641479
456,-35.9514772542,38,-15.2901010221796,19297,2.92061424255371
457,-48.5826563118634,26,-20.4125795070439,19323,2.89719152450562
458,-50.103059517392,36,-25.4608475575473,19359,2.90904855728149
459,-6.46190122762518,39,-23.4450515182808,19398,2.62060880661011
460,-34.5165287593944,47,-23.3737885529672,19445,2.80600500106812
461,-45.2416728962632,25,-27.9852957364909,19470,2.96302628517151
462,-43.2526908475436,41,-31.1731624734133,19511,2.99659967422485
463,-17.3472656044285,21,-31.9382343272329,19532,2.94296455383301
464,-53.1397452428475,41,-34.7355382407416,19573,2.99804472923279
465,-28.1040857770314,28,-36.2701083438589,19601,2.47255706787109
466,4.20752432684918,31,-32.254208185754,19632,3.00680112838745
467,-12.1125303290172,35,-28.6071955874694,19667,2.43406915664673
468,-82.8189236269556,35,-31.8787819984257,19702,2.92207551002502
469,-31.2664431328701,41,-34.3592361889502,19743,2.93427085876465
470,-20.2952733839214,39,-32.9371106514029,19782,2.29582285881042
471,-69.1382682941135,29,-35.326770191188,19811,2.65614938735962
472,-64.8714768761598,30,-37.4886487940496,19841,2.88684844970703
473,1.38962007959072,44,-35.6149602256477,19885,2.7095639705658
474,-25.854019855764,23,-32.8863876869393,19908,2.95563077926636
475,-49.247318112596,34,-35.0007109204958,19942,2.87956571578979
476,-2.25327868637333,36,-35.646791221818,19978,2.92979407310486
477,-74.0285993759447,34,-41.8383981265108,20012,2.91039371490479
478,-20.2527487406927,44,-35.5817806378845,20056,2.84545826911926
479,-86.1014909347039,30,-41.0652854180679,20086,2.27555847167969
480,-100.325748209964,37,-49.0683329006721,20123,2.95788145065308
481,-26.884603520194,16,-44.8429664232801,20139,2.60478115081787
482,-11.3534228137784,40,-39.491161017042,20179,2.88853073120117
483,-5.83245288962563,36,-40.2133683139636,20215,2.70278120040894
484,-17.8497641665041,36,-39.4129427450376,20251,2.96857118606567
485,-30.7782919394953,46,-37.5660401277276,20297,2.55965900421143
486,-60.0467236212636,31,-43.3453846212166,20328,2.943687915802
487,-44.4493915370269,43,-40.3874638373248,20371,3.14756631851196
488,-10.2915816225951,26,-39.3913471255151,20397,2.96720409393311
489,-57.6333043814465,32,-36.5445284701893,20429,3.17487192153931
490,0.9770191079734,31,-26.4142517383956,20460,2.9365119934082
491,-12.4162754947457,30,-24.9674189358508,20490,3.15324211120605
492,-71.9943220906184,32,-31.0315088635348,20522,3.15023398399353
493,-23.786780771509,48,-32.8269416517231,20570,3.21648502349854
494,-32.789924117611,23,-34.3209576468338,20593,3.0419397354126
495,-3.240332071499,35,-31.5671616600342,20628,2.89881134033203
496,-23.5700063613789,36,-27.9194899340457,20664,2.44292736053467
497,12.5902114664225,35,-22.2155296337008,20699,3.08105993270874
498,-25.5626688948967,44,-23.7426383609309,20743,2.34912991523743
499,-51.4684769929488,44,-23.1261556220812,20787,3.10458707809448
500,11.0170883579726,33,-22.1221486970812,20820,3.05013608932495
501,-28.5696215611136,42,-23.737483303718,20862,3.07603549957275
502,-108.422782920064,36,-27.3803293866625,20898,2.34818911552429
503,-13.3251870532125,44,-26.3341700148329,20942,3.02720546722412
504,-98.5768471176166,38,-32.9128623148334,20980,3.17790746688843
505,-34.4982016255212,22,-36.0386492702357,21002,3.0915892124176
506,2.41189537512732,40,-33.440459096585,21042,2.93166351318359
507,-0.377549761692464,33,-34.7372352193965,21075,3.16489601135254
508,3.91206086568262,32,-31.7897622433386,21107,3.06081676483154
509,-82.4806777180845,33,-34.8909823158522,21140,2.99174451828003
510,-20.0571327892159,20,-37.998404430571,21160,3.02028250694275
511,-57.7474273255886,39,-40.9161850070185,21199,3.10034942626953
512,-34.7888332167417,48,-33.5527900366864,21247,3.0548529624939
513,-57.2982564987926,32,-37.9500969812444,21279,3.1315279006958
514,-12.3134527152312,46,-29.3237575410058,21325,3.03445982933044
515,-16.3182182311872,26,-27.5057592015724,21351,3.11328268051147
516,-3.09851199770393,41,-28.0567999388556,21392,3.07761192321777
517,-18.9420897143543,41,-29.9132539341217,21433,3.12117505073547
518,-34.3164299479379,45,-33.7361030154838,21478,3.11135077476501
519,-38.6017650195369,45,-29.348211745629,21523,3.16453170776367
520,-19.6608730824731,43,-29.3085857749547,21566,3.04392290115356
521,-102.113406361512,35,-33.745183678547,21601,3.05662608146667
522,5.68259909799672,28,-29.6980404470732,21629,3.03658723831177
523,-101.475981544896,39,-34.1158129516835,21668,3.18765592575073
524,-31.4573351794442,44,-36.0302011981048,21712,2.99457025527954
525,-29.3043564071384,41,-37.3288150156999,21753,3.21307921409607
526,4.05945462419307,31,-36.6130183535102,21784,3.17313861846924
527,-24.1658151354905,49,-37.1353908956238,21833,3.5289306640625
528,-28.3605014195688,30,-36.5397980427869,21863,2.98512697219849
529,-37.9034631053555,37,-36.4699678513688,21900,3.55847597122192
530,-16.7050697646127,36,-36.1743875195828,21936,3.54256796836853
531,-3.55101516090412,30,-26.318148399522,21966,3.54467058181763
532,2.08507323468844,31,-26.6779009858528,21997,3.58323931694031
533,7.57362460945816,34,-15.7729403704175,22031,3.32385659217834
534,-2.86233895021022,32,-12.9134407474941,22063,3.37534523010254
535,13.1234487434965,42,-8.67066023243057,22105,3.3877739906311
536,-48.6868416545162,28,-13.9452898603015,22133,2.88552713394165
537,-15.4077982654747,19,-13.0694881732999,22152,3.46283102035522
538,-9.12238151628022,44,-11.1456761829711,22196,3.45717239379883
539,-36.4560906772304,24,-11.0009389401585,22220,3.33718657493591
540,-32.7456692207229,48,-12.6049988857696,22268,3.62414884567261
541,-66.6189847645484,39,-18.911795846134,22307,3.57951664924622
542,-42.9458818871959,38,-23.4148913583224,22345,3.51228809356689
543,-34.5843104063707,32,-27.6306848599053,22377,3.43701839447021
544,-1.61735326729959,34,-27.5061862916142,22411,3.37858295440674
545,-21.8087248831322,50,-30.9994036542771,22461,3.53258371353149
546,-14.458110771141,43,-27.5765305659396,22504,3.49123191833496
547,-0.941702320042495,41,-26.1299209713964,22545,3.53251957893372
548,-42.2854800007534,42,-29.4462308198437,22587,3.29057478904724
549,-21.1727113323376,33,-27.9178928853544,22620,3.6137900352478
550,-11.0218843108531,41,-25.7455143943674,22661,3.48266911506653
551,-32.2803014182375,31,-22.3116460597364,22692,3.53527927398682
552,14.2304635847205,37,-16.5940115125447,22729,3.19607734680176
553,-2.15848447143467,27,-13.3514289190511,22756,3.49916005134583
554,-27.3043044012831,41,-15.9201240324494,22797,3.59898686408997
555,19.1647545992905,45,-11.8227760842072,22842,2.99883413314819
556,-17.4154736063778,49,-12.1185123677309,22891,3.46734547615051
557,-28.8915279776107,17,-14.9134949334877,22908,3.56872081756592
558,-42.4145979604511,44,-14.9264067294574,22952,3.42960691452026
559,-66.1826141031524,39,-19.4273970065389,22991,3.59665060043335
560,-29.9949303448941,49,-21.324701609943,23040,3.61880874633789
561,-1.32385534791773,27,-18.2290570029111,23067,2.97490310668945
562,-34.7099387218815,22,-23.1230972335713,23089,3.02509355545044
563,-9.0969586725963,35,-23.8169446536874,23124,3.35411548614502
564,3.6366911664549,34,-20.7228450969136,23158,3.59705209732056
565,7.21120176133391,56,-21.9182003807093,23214,3.15664482116699
566,3.04537158017733,29,-19.8721158620538,23243,3.49067115783691
567,-48.0911990990212,43,-21.7920829741948,23286,3.93551874160767
568,8.88776324948773,48,-16.6618468532009,23334,3.76040649414062
569,-86.2594351630475,33,-18.6695289591905,23367,3.77166366577148
570,-32.3265033429237,39,-18.9026862589934,23406,3.8129198551178
571,150.984721859261,309,-3.67182853827557,23715,3.83726406097412
572,147.050307272222,196,14.5041960611348,23911,3.7097852230072
573,73.775087772466,123,22.791400705641,24034,3.79158592224121
574,180.480206439878,376,40.4757522329833,24410,3.38509774208069
575,31.3415693364825,67,42.8887889904982,24477,3.95357275009155
576,192.541878797384,236,61.8384397122189,24713,3.39528179168701
577,117.558416398417,340,78.4034012619627,25053,3.42933130264282
578,79.7665635960007,130,85.491281296614,25183,3.9326593875885
579,63.9802532186711,92,100.515250134786,25275,3.97363662719727
580,51.8852035853829,89,108.936420827616,25364,4.06187915802002
581,49.5299813723051,89,98.7909467789209,25453,3.89706635475159
582,194.227383778953,371,103.508654429594,25824,3.72910833358765
583,53.3668166330445,111,101.467827315652,25935,3.87035155296326
584,46.7647086094953,162,88.0962775326136,26097,3.71757888793945
585,269.520616876208,431,111.914182286586,26528,3.87338519096375
586,89.500431308663,129,101.610037537714,26657,4.02470684051514
587,42.8796430661702,85,94.1421602044894,26742,3.78702688217163
588,225.516606394374,397,108.717164484327,27139,3.70211887359619
589,31.7242270711591,70,105.491561869576,27209,3.81464624404907
590,41.724526965462,120,104.475494207583,27329,3.93465399742126
591,177.341470950949,393,117.256643165448,27722,3.81012630462646
592,41.1110800279102,95,101.945012790344,27817,3.88228750228882
593,83.1133999753783,124,104.919671124577,27941,3.7887749671936
594,41.9618484847653,76,104.439385112104,28017,4.07275581359863
595,139.597599778422,356,91.4470834023253,28373,3.66604065895081
596,98.595567432729,130,92.3565970147319,28503,3.96388053894043
597,149.108671777432,314,102.979499885858,28817,3.58585238456726
598,125.457131687045,172,92.9735524151252,28989,3.79555034637451
599,53.4750883801063,92,95.1486385460199,29081,3.87408065795898
600,92.2760149638256,135,100.203787345856,29216,3.98106622695923
601,255.659397298017,428,108.035579980563,29644,4.32162761688232
602,125.765088622675,348,116.50098084004,29992,4.13313817977905
603,125.654876464502,297,120.755128488952,30289,4.14641761779785
604,286.846457794981,451,145.243589419974,30740,3.3622088432312
605,44.2101780284017,145,135.704847244972,30885,4.34981632232666
606,61.4571278857469,92,131.991003290273,30977,4.61237096786499
607,33.8720030583842,90,120.467336418369,31067,4.41314125061035
608,113.205601626998,283,119.242183412364,31350,3.23130655288696
609,110.296422523516,146,124.924316826705,31496,4.51389122009277
610,29.8793695192387,166,118.684652282246,31662,4.34547138214111
611,55.6117699368042,87,98.6798895461248,31749,4.19220590591431
612,91.4277192649467,129,95.246152610352,31878,3.86736917495728
613,216.926742908538,418,104.373339254756,32296,4.31727886199951
614,58.9732011031337,92,81.5860135855708,32388,4.40333557128906
615,319.982044137037,749,109.163200196434,33137,3.35128259658813
616,161.721002869605,318,119.18958769482,33455,4.34782886505127
617,83.1769675014301,112,124.120084139125,33567,4.31680059432983
618,139.399947767161,298,126.739518753141,33865,4.37179088592529
619,189.541731686902,344,134.66404966948,34209,4.34872150421143
620,54.0906187369232,81,137.085174591248,34290,4.25783443450928
621,40.2121518366832,178,135.545212781236,34468,4.0200023651123
622,129.147341559207,293,139.317175010662,34761,4.38085651397705
623,138.448833852899,296,131.469384105098,35057,3.39499521255493
624,85.5110618340908,113,134.123170178194,35170,4.26880645751953
625,40.0330392231015,79,106.1282696868,35249,4.12236881256104
626,65.3868177270012,91,96.4948511725399,35340,4.55215358734131
627,102.199445677987,262,98.3970989901957,35602,4.24006366729736
628,21.4032200905493,63,86.5974262225345,35665,4.36788511276245
629,55.6075451099635,98,73.2040075648406,35763,4.35653066635132
630,39.0756854158085,61,71.7025142327291,35824,4.45633935928345
631,193.955235275384,349,87.0768225765992,36173,4.33493709564209
632,69.2936436710377,93,81.0914527877823,36266,4.65417051315308
633,28.7429880080116,70,70.1208682032936,36336,4.37698364257812
634,51.7690492152926,159,66.7466669414137,36495,4.23593044281006
635,81.5961850629014,127,70.9029815253937,36622,4.44547080993652
636,99.0234267358716,133,74.2666424262808,36755,4.56994915008545
637,63.2494912120668,101,70.3716469796887,36856,4.55621719360352
638,40.6227229065958,160,72.2935972612933,37016,4.67020320892334
639,29.632988054805,67,69.6961415557775,37083,4.84821605682373
640,5.6997514154646,136,66.3585481557431,37219,3.72217988967896
641,83.5638414763529,118,55.31940877584,37337,4.62784385681152
642,30.8664720024709,76,51.4766916089833,37413,4.85525226593018
643,41.4194584860954,95,52.7443386567917,37508,4.50398635864258
644,74.0022251109962,110,54.9676562463621,37618,4.72559785842896
645,199.86989008449,375,66.795026748521,37993,4.02037477493286
646,210.485785250675,384,77.9412626000013,38377,4.74227714538574
647,221.411311472088,819,93.7574446260034,39196,4.40149974822998
648,26.7444932936847,80,92.3696216647124,39276,4.44120693206787
649,108.946779449641,333,100.301000804196,39609,4.85168075561523
650,178.358591550356,515,117.566884817685,40124,4.98641586303711
651,287.890444367239,485,137.999545106774,40609,4.69947814941406
652,91.159217060508,233,144.028819612577,40842,4.73538589477539
653,23.1872468717121,108,142.205598451139,40950,4.76079750061035
654,174.874453390247,333,152.292821279064,41283,4.01070213317871
655,47.4349635527701,193,137.049328625892,41476,4.88711929321289
656,25.277083022531,115,118.528458403078,41591,4.56647682189941
657,90.1168061446335,264,105.399007870332,41855,3.92971229553223
658,105.722972307967,279,113.29685577176,42134,3.75660276412964
659,78.8222931100016,109,110.284407137796,42243,4.60503768920898
660,128.432299608976,280,105.291777943658,42523,4.49533081054688
661,40.898085015028,71,80.5925420084374,42594,4.74680233001709
662,-19.932459878593,172,69.4833743145273,42766,4.68892765045166
663,19.3992971592523,130,69.1045793432813,42896,4.59376430511475
664,41.8382460846165,119,55.8009586127182,43015,4.67024707794189
665,263.845530336928,578,77.442015291134,43593,4.55110931396484
666,63.735174636028,205,81.2878244524837,43798,4.48255777359009
667,111.301835710948,282,83.4063274091152,44080,4.81984424591064
668,182.516091773467,650,91.0856393556652,44730,4.47273063659668
669,58.0144645708983,123,89.0048565017549,44853,4.83400726318359
670,180.240821056511,363,94.1857086465085,45216,5.74729251861572
671,89.1661013224939,326,99.012510277255,45542,5.70085048675537
672,33.8798086576217,55,104.393737130877,45597,5.32377481460571
673,41.484247820872,89,106.602232197038,45686,5.35122489929199
674,-1.80601605542255,154,102.237805983035,45840,5.20545434951782
675,23.4563148844612,153,78.1988844377879,45993,5.59052228927612
676,54.9537373973872,85,77.3207407139238,46078,5.52494764328003
677,14.2815732425834,92,67.6187144670874,46170,5.3553318977356
678,81.5893228498777,367,57.5260375747285,46537,5.53880882263184
679,42.4477095084865,76,55.9693620684873,46613,5.39521074295044
680,97.209173412126,150,47.6661973040487,46763,5.57007455825806
681,67.8105895963907,353,45.5306461314384,47116,5.2320499420166
682,63.2954468784251,127,48.4722099535187,47243,5.58467102050781
683,91.3224918207172,214,53.4560343535032,47457,5.47444915771484
684,141.954668656252,432,67.8321028246707,47889,4.86817693710327
685,116.306126234041,418,77.1170839596287,48307,5.25902080535889
686,268.384075782428,793,98.4601177981328,49100,5.10771656036377
687,82.9951923068941,170,105.331479704564,49270,5.64008188247681
688,147.144671702714,436,111.887014589847,49706,5.31355667114258
689,53.6133266208294,223,113.003576301082,49929,5.315345287323
690,79.5321125954393,362,111.235870219413,50291,5.74701166152954
691,120.256257848287,608,116.480437044603,50899,5.35365390777588
692,138.842638681247,386,124.035156224885,51285,4.30275630950928
693,110.794163187449,166,125.982323361558,51451,5.49074459075928
694,78.7068496192424,173,119.657541457857,51624,5.66868877410889
695,21.32875539033,254,110.159804373486,51878,5.44885158538818
696,57.7314276476992,337,89.0945395600131,52215,5.40839958190918
697,82.2607184407615,367,89.0210921733999,52582,5.18469381332397
698,59.8374758398849,136,80.290372587117,52718,5.40670204162598
699,186.401847364402,311,93.5692246614743,53029,5.46037197113037
700,19.9507466254173,111,87.6110880644721,53140,5.29830169677734
701,174.356733661822,692,93.0211356458255,53832,5.68375539779663
702,114.944364314656,238,90.6313082091664,54070,6.60518169403076
703,40.8434214251545,125,83.636234032937,54195,6.25069713592529
704,22.6730369622577,311,78.0328527672385,54506,6.25111198425293
705,95.1627790495269,375,85.4162551331582,54881,6.10251331329346
706,74.1821228824526,148,87.0613246566335,55029,6.64218091964722
707,109.441886225118,154,89.7794414350692,55183,6.52944421768188
708,61.4184998199579,331,89.9375438330765,55514,5.40982007980347
709,30.035815534148,104,74.3009406500511,55618,6.47848129272461
710,164.978855905506,549,88.8037515780599,56167,6.74473524093628
711,61.8095998076509,123,77.5490381926428,56290,6.59320259094238
712,43.9477968504149,108,70.4493814462187,56398,6.43779754638672
713,145.022469162994,273,80.8672862200026,56671,6.37929534912109
714,33.393478418495,150,81.9393303656264,56821,6.43960762023926
715,364.593183618557,1098,108.882370822529,57919,6.28688859939575
716,286.96958500843,787,130.161117035127,58706,6.55559492111206
717,166.221594032618,223,135.839087815877,58929,6.26943445205688
718,19.8225739719509,118,131.679495231076,59047,6.52109098434448
719,134.562021522901,535,142.132115829952,59582,6.28661823272705
720,342.815530362095,1080,159.915783275611,60662,6.44889497756958
721,191.868129639154,539,172.921636258761,61201,6.48935461044312
722,38.8371858534167,127,172.410575159061,61328,6.60517072677612
723,242.599266507644,754,182.168254893526,62082,6.62478446960449
724,314.194576482581,525,210.248364699935,62607,5.50876331329346
725,43.3089100298819,152,178.119937341067,62759,6.59949398040771
726,415.368673886455,1464,190.95984622887,64223,6.7847785949707
727,213.40960670087,597,195.678647495695,64820,7.26090478897095
728,47.4222086805459,172,198.438610966554,64992,7.58604574203491
729,326.822810615648,1213,217.664689875829,66205,7.51007080078125
730,311.223923039644,790,214.505529143584,66995,7.76437139511108
731,144.370436859897,521,209.755759865658,67516,7.53865385055542
732,104.566982205209,209,216.328739500838,67725,7.8179931640625
733,43.7622838187911,168,196.445041231952,67893,7.47723960876465
734,89.6224877898153,233,173.987832362676,68126,7.91085147857666
735,322.338803524141,1093,201.890821712102,69219,6.69192314147949
736,118.639979159728,457,172.217952239429,69676,7.12263154983521
737,87.1309104595687,213,159.590082615299,69889,7.55421543121338
738,341.738562059034,1170,189.021717953148,71059,7.5392599105835
739,36.7484170930761,114,160.01427860089,71173,7.5517725944519
740,175.217831205833,695,146.413669417509,71868,6.95631122589111
741,36.5753255619841,138,135.634158287718,72006,7.50573301315308
742,113.806350779236,243,136.558095145121,72249,7.8541374206543
743,354.204722770743,880,167.602339040316,73129,7.19305992126465
744,111.878930792738,430,169.827983340608,73559,7.51768350601196
745,203.497712385147,675,157.943874226709,74234,7.06895112991333
746,188.666514540938,572,164.94652776483,74806,7.29075527191162
747,642.433272833018,1411,220.476764002175,76217,9.42407417297363
748,804.840242861528,2500,266.786932082424,78717,8.5326099395752
749,422.95626048023,1112,305.407716421139,79829,9.49914360046387
750,355.055423762431,845,323.391475676799,80674,7.44107007980347
751,334.011669977997,793,353.135110118401,81467,7.49820518493652
752,117.307267972223,492,353.485201837699,81959,8.60754108428955
753,205.816007924119,266,338.646330353037,82225,7.89934635162354
754,163.901756435987,543,343.848612917362,82768,8.49792098999023
755,459.135048682986,1056,369.412346547146,83824,9.12574100494385
756,309.880440806045,703,381.533739173656,84527,9.12615966796875
757,253.332482519034,642,342.623660142258,85169,9.10439586639404
758,400.822553509333,989,302.221891207038,86158,8.97974395751953
759,193.75832226943,559,279.302097385958,86717,8.82148170471191
760,452.656651087994,896,289.062220118515,87613,7.89114236831665
761,486.10283832761,1216,304.271336953476,88829,8.18290328979492
762,54.7066513742357,192,298.011275293677,89021,8.84872722625732
763,77.6264084778067,155,285.192315349046,89176,8.64798259735107
764,733.520428445278,2411,342.154182549975,91587,7.90718746185303
765,509.471373311114,1030,347.187815012788,92617,9.39158821105957
766,153.917066073407,548,331.591477539524,93165,8.62399864196777
767,322.759003595545,724,338.534129647175,93889,9.42131423950195
768,92.6795044482704,230,307.719824741069,94119,9.04507064819336
769,428.517436912508,1139,331.195736205377,95258,8.24755764007568
770,376.971318103067,835,323.627202906884,96093,9.89203929901123
771,514.204447130493,1157,326.437363787172,97250,10.9740982055664
772,304.695582564459,766,351.436256906195,98016,10.2249193191528
773,871.791579398562,2500,430.85277399827,100516,9.9396800994873
774,251.223809817738,814,382.623112135516,101330,9.23879432678223
775,206.624536385683,725,352.338428442973,102055,10.0362272262573
776,829.99958667536,2500,419.946680503169,104555,9.09419918060303
777,484.731303060098,966,436.143910449624,105521,10.3009729385376
778,306.76533935281,957,457.552493940078,106478,9.69305896759033
779,527.06806644369,1184,467.407556893196,107662,9.97882843017578
780,269.614569004562,826,456.671881983346,108488,10.2107009887695
781,460.377149897962,998,451.289152260093,109486,10.4333791732788
782,485.240319724095,1375,469.343625976056,110861,10.5175704956055
783,219.973616992552,602,404.161829735455,111463,9.46101570129395
784,342.543156708719,861,413.293764424553,112324,10.0489711761475
785,987.428181706345,2500,491.374128956619,114824,10.9563417434692
786,514.476496051156,2500,459.821819894199,117324,9.70426368713379
787,605.555911698809,1561,471.90428075807,118885,10.0042161941528
788,415.079947088111,1184,482.7357415316,120069,9.91726303100586
789,266.623627855304,659,456.691297672762,120728,9.71157932281494
790,183.281521869496,422,448.057992959255,121150,10.585412979126
791,260.339275818845,663,428.054205551343,121813,10.4774131774902
792,405.43977134421,936,420.074150713355,122749,10.7817649841309
793,645.926325061312,1299,462.669421520231,124048,10.35666847229
794,96.8448431918199,391,438.099590168541,124439,9.83624744415283
795,121.158676625782,245,351.472639660484,124684,9.7315092086792
796,50.9609120707172,159,305.121081262441,124843,12.3462791442871
797,220.080541971812,614,266.573544289741,125457,12.2625217437744
798,117.933793354886,248,236.858928916418,125705,12.6089649200439
799,432.806160461233,717,253.477182177011,126422,13.0512590408325
800,204.392717718264,609,255.588301761888,127031,11.2745485305786
801,275.536226290736,772,257.107996809077,127803,11.126615524292
802,141.902150637402,383,230.754234738397,128186,10.679575920105
803,49.7396486309578,179,171.135567095361,128365,10.8185434341431
804,475.014183204296,1105,208.952501096609,129470,12.2799777984619
805,942.312265312588,2500,291.067859965289,131970,12.8585186004639
806,164.353819738163,391,302.407150732034,132361,12.0101699829102
807,248.56937772356,558,305.256034307209,132919,12.5489645004272
808,273.568923302908,762,320.819547302011,133681,10.9282455444336
809,275.146203592079,728,305.053551615096,134409,11.3616771697998
810,774.822619501952,1811,362.096541793464,136220,11.717848777771
811,32.8054108277547,149,337.823460247166,136369,11.5598554611206
812,1223.9862134398,2500,446.031866527406,138869,12.9354209899902
813,120.110143164721,348,453.068915980782,139217,11.2746725082397
814,24.7567431410791,128,408.043171974461,139345,11.2824048995972
815,46.3591877102914,98,318.447864214231,139443,12.4432830810547
816,120.43672064225,386,314.05615430464,139829,10.4420795440674
817,86.0032033355322,204,297.799536865837,140033,12.546422958374
818,71.0777261500727,159,277.550417150553,140192,12.5489206314087
819,252.569155196864,638,275.292712311032,140830,11.9169502258301
820,52.2862204963929,151,203.039072410476,140981,12.4618835449219
821,52.2125301290369,112,204.979784340604,141093,12.6318616867065
822,247.39468937816,802,107.32063193444,141895,10.8577480316162
823,279.810206942832,426,123.290638312251,142321,12.5868282318115
824,45.0260169823574,122,125.317565696379,142443,11.9006204605103
825,68.6331876596324,167,127.544965691313,142610,12.5163316726685
826,1080.80261190463,2029,223.581554817551,144639,14.7113275527954
827,817.770331956395,1748,296.758267679638,146387,14.3453598022461
828,65.830651132556,191,296.233560177886,146578,13.4757089614868
829,91.4094437490839,225,280.117589033108,146803,14.2879095077515
830,1188.07176379119,2500,393.696143362588,149303,13.8086977005005
831,31.1618120251478,83,391.591071552199,149386,12.8171463012695
832,459.294471926069,688,412.78104980699,150074,13.9217824935913
833,136.344198208692,339,398.434448933576,150413,12.6724605560303
834,207.348381313678,538,414.666685366708,150951,12.3445110321045
835,171.128843676589,404,424.916250968404,151355,13.9838762283325
836,393.87017971941,807,356.223007749881,152162,14.1757307052612
837,88.4930823390426,232,283.295282788146,152394,12.644003868103
838,116.464480875974,246,288.358665762488,152640,14.542426109314
839,35.9017741995091,98,282.80789880753,152738,12.5438957214355
840,175.582936723706,588,181.559016100782,153326,11.9128675460815
841,204.576215302196,604,198.900456428487,153930,13.43137550354
842,37.925502946763,164,156.763559530556,154094,12.3114824295044
843,89.9309605489857,321,152.122235764585,154415,11.621166229248
844,67.2564709825889,165,138.113044731476,154580,12.6229152679443
845,512.483660900728,1203,172.24852645389,155783,14.417200088501
846,167.823660179587,435,149.643874499908,156218,13.6789112091064
847,360.055430749851,670,176.800109340989,156888,14.5619859695435
848,255.220369629268,395,190.675698216318,157283,14.2631397247314
849,119.515408356247,221,199.037061631992,157504,14.1893577575684
850,366.196268058774,759,218.098394765499,158263,14.6617059707642
851,48.3183276568139,141,202.47260600096,158404,13.3945617675781
852,71.5503532459162,178,205.835091030876,158582,13.6464319229126
853,151.90224148042,291,212.032219124019,158873,16.0392456054688
854,267.077452950084,643,232.014317320769,159516,14.5354957580566
855,38.3317363453403,86,184.59912486523,159602,12.8997249603271
856,188.463913053223,456,186.663150152594,160058,15.5239906311035
857,207.885342968882,574,171.446141374497,160632,14.4906444549561
858,186.027788408886,658,164.526883252459,161290,13.3962268829346
859,494.997883105636,1462,202.075130727398,162752,14.1423587799072
860,160.753878819165,319,181.530891803437,163071,16.2913265228271
861,607.599667277577,1286,237.459025765513,164357,16.192403793335
862,204.383351271274,597,250.742325568049,164954,13.392858505249
863,37.4592702506044,79,239.298028445067,165033,13.288122177124
864,40.5455320507194,105,216.644836355131,165138,14.4236621856689
865,30.2105230257178,137,215.832715023168,165275,12.9430122375488
866,59.6213250158497,147,202.948456219431,165422,15.0996475219727
867,724.272860925828,1768,254.587208015126,167190,15.5158939361572
868,337.287273366848,1018,269.713156510922,168208,13.2443904876709
869,332.354390145597,1018,253.448807214918,169226,14.4261341094971
870,54.1913097033973,204,242.792550303341,169430,12.9565391540527
871,515.443241208799,1106,233.576907696463,170536,16.1894645690918
872,106.475595275987,294,223.786132096935,170830,15.8159790039062
873,204.216477454823,394,240.461852817357,171224,15.729907989502
874,29.9039052138999,109,239.397690133675,171333,12.89821434021
875,41.2840673246649,158,240.505044563569,171491,14.5402431488037
876,95.665997892202,307,244.109511851205,171798,13.4713134765625
877,91.6006505487464,291,180.842290813497,172089,12.8800086975098
878,185.586159917026,377,165.672179468514,172466,15.729621887207
879,50.5323532349545,100,137.48997577745,172566,14.1403884887695
880,1062.60186012807,2500,238.331030819918,175066,18.2284984588623
881,650.954018552906,1431,251.882108554328,176497,17.2758464813232
882,845.708053843262,2500,325.805354411056,178997,17.0650100708008
883,718.063129058314,2076,377.190019571405,181073,16.4573554992676
884,488.540278499024,1506,423.053656899917,182579,14.9283962249756
885,53.8222465516537,118,424.307474822616,182697,17.6779117584229
886,40.5232020857981,82,418.793195241976,182779,15.890664100647
887,851.926324518643,2500,494.825762638965,185279,16.0367755889893
888,110.910413475807,320,487.358187994843,185599,17.057804107666
889,144.589456872275,334,496.763898358575,185933,17.5195999145508
890,260.167494268077,811,416.520461772576,186744,16.1364707946777
891,228.126400191665,575,374.237699936452,187319,16.5011329650879
892,226.336434413239,538,312.300537993449,187857,18.0091667175293
893,34.8989589138324,83,243.984120979001,187940,14.637845993042
894,224.459093258881,430,217.576002454987,188370,17.9375610351562
895,115.250706735807,155,223.718848473402,188525,17.0957679748535
896,113.242046556269,315,230.990732920449,188840,16.5725116729736
897,395.164291587781,1058,185.314529627363,189898,17.426326751709
898,113.202658033666,370,185.543754083149,190268,15.3373527526855
899,368.214021147216,1034,207.906210510643,191302,16.0056991577148
900,217.941045804891,663,203.683565664325,191965,15.6619453430176
901,511.691027721801,1313,232.040028417338,193278,16.9814796447754
902,46.1312789125614,103,214.019512867271,193381,16.1805038452148
903,315.492640066615,579,242.078880982549,193960,17.4711837768555
904,316.249107105171,1047,251.257882367178,195007,14.6984758377075
905,344.105817070269,761,274.143393400624,195768,19.4482097625732
906,316.432912769261,852,294.462480021923,196620,16.2241764068604
907,65.2496534606824,168,261.471016209213,196788,18.8376293182373
908,118.835961030344,372,262.034346508881,197160,17.9113655090332
909,378.102650728055,971,263.023209466965,198131,19.6263198852539
910,82.022189636082,204,249.431323850084,198335,18.8228321075439
911,188.593950325989,588,217.121616110503,198923,17.1731624603271
912,70.6446778886503,131,219.572956008112,199054,17.7811298370361
913,457.757295190644,1284,233.799421520515,200338,17.1582584381104
914,291.625446011642,831,231.337055411162,201169,15.9129676818848
915,635.405941795674,1577,260.467067883702,202746,18.6120586395264
916,449.611657733219,1048,273.784942380098,203794,19.5833339691162
917,191.264135071471,239,286.386390541177,204033,17.6889781951904
918,333.813386060757,861,307.884133044218,204894,17.6999702453613
919,79.11493653232,212,277.985361624645,205106,18.2114067077637
920,335.067955674021,731,303.289938228439,205837,19.2313594818115
921,1017.19343491888,2500,386.149886687728,208337,18.8354606628418
922,320.165399625398,851,411.101958861403,209188,18.9756107330322
923,484.573704382573,1182,413.783599780596,210370,18.6551513671875
924,90.5801852817238,124,393.679073707604,210494,18.2053470611572
925,347.147222957307,838,364.853201823767,211332,18.718318939209
926,244.618532198152,485,344.35388927026,211817,19.761625289917
927,163.596772146251,347,341.587152977738,212164,19.1057014465332
928,162.73866770509,359,324.479681142172,212523,19.0199165344238
929,1092.63693356281,2500,425.831880845221,215023,20.2772369384766
930,455.261995534823,889,437.851284831301,215912,21.1038551330566
931,1101.66098520908,2500,446.298039860321,218412,21.2771472930908
932,264.021619040226,724,440.683661801803,219136,19.6224365234375
933,958.684330629321,2500,488.094724426478,221636,18.8508358001709
934,215.604800086839,446,500.59718590699,222082,21.6291675567627
935,156.835930258495,436,481.566056637109,222518,19.574312210083
936,32.2038941353612,111,460.32459283083,222629,17.5224876403809
937,892.072476077704,2500,533.172163223975,225129,17.9538307189941
938,1025.75356892831,2500,619.473653346297,227629,19.4096164703369
939,158.942885479478,337,526.104248537964,227966,20.3627071380615
940,238.488438532159,437,504.426892837697,228403,21.1451969146729
941,225.741457884295,506,416.834940105219,228909,21.4830341339111
942,32.9602454718445,130,393.728802748381,229039,17.4638423919678
943,888.935995160811,2500,386.75396920153,231539,17.9164638519287
944,166.110083702821,371,381.804497563128,231910,20.4514617919922
945,83.4944150411493,187,374.470346041393,232097,20.2138824462891
946,87.2193071995296,209,379.97188734781,232306,20.3887519836426
947,869.858769412155,2500,377.750516681256,234806,16.1104278564453
948,110.951818035843,301,286.270341592009,235107,17.4846630096436
949,469.836336869959,884,317.359686731057,235991,21.3638820648193
950,338.087900566162,723,327.319632934457,236714,19.5697555541992
951,142.744909034823,310,319.01997804951,237024,19.8894138336182
952,296.109681338157,800,345.334921636141,237824,17.9574031829834
953,358.856767570156,750,292.326998877076,238574,23.392391204834
954,251.001879592165,632,300.81617846601,239206,21.4919624328613
955,160.401841242968,319,308.506921086192,239525,22.5553398132324
956,150.415553587468,388,314.826545724986,239913,19.5677795410156
957,139.174645844821,297,241.758133368252,240210,20.9211807250977
958,227.033818272657,596,253.366333391934,240806,20.3395652770996
959,220.473680131517,495,228.430067718089,241301,22.2297172546387
960,312.583400194538,815,225.879617680927,242116,19.7916145324707
961,431.338791909332,935,254.739005968378,243051,21.2981796264648
962,226.928718957909,609,247.820909730353,243660,18.6476974487305
963,273.093959337384,767,239.244628907076,244427,18.4097023010254
964,200.202655514666,588,234.164706499326,245015,19.5584144592285
965,284.579989953278,684,246.582521370357,245699,21.5106239318848
966,117.020800772064,151,243.243046088817,245850,22.2963180541992
967,208.2526912613,590,250.150850630465,246440,20.1911315917969
968,306.873893146261,815,258.134858117825,247255,18.5273017883301
969,401.895554835321,777,276.277045588205,248032,23.04296875
970,153.590693308345,378,260.377774899586,248410,20.0788879394531
971,35.157243318892,108,220.759620040542,248518,16.689151763916
972,286.085401789613,818,226.675288323712,249336,19.2638092041016
973,1230.2059101272,2499,322.386483402694,251835,24.8986511230469
974,517.065547985463,886,354.072772649774,252721,24.0736179351807
975,925.650800447592,2056,418.179853699205,254777,23.6518516540527
976,1061.15420229802,2115,512.593193851801,256892,24.413516998291
977,745.00921312,1216,566.268846037671,258108,24.4057025909424
978,1153.98374272119,2500,650.979830995164,260608,24.9788875579834
979,468.70230804609,1165,657.660506316241,261773,19.2908000946045
980,1064.79505642153,2325,748.780942627559,264098,23.1326789855957
981,819.73908624079,1516,827.239126919749,265614,24.1386985778809
982,853.488701184476,1705,883.979456859235,267319,23.6494216918945
983,1258.27524552454,2500,886.786390398969,269819,21.9893436431885
984,1000.58790542942,2500,935.138626143364,272319,21.7248115539551
985,365.040091898031,1064,879.077555288408,273383,19.1859149932861
986,818.439426588737,1903,854.80607771748,275286,23.8004055023193
987,709.957755075719,1564,851.300931913051,276850,24.3835506439209
988,1078.99987175541,2500,843.802544816474,279350,21.2051124572754
989,1171.83916119943,2500,914.116230131808,281850,24.9386501312256
990,542.038194868435,1200,861.840543976498,283050,22.2765445709229
991,851.75481066611,1902,865.04211641903,284952,23.6497249603271
992,1249.11219123035,2500,904.604465423617,287452,24.1640338897705
993,308.709270538687,742,809.647867925032,288194,22.8314170837402
994,240.399658831447,480,733.629043265235,288674,22.8868980407715
995,591.574253392236,1715,756.282459414656,290389,19.7525444030762
996,1032.92201978424,2500,777.730718734207,292889,19.5298805236816
997,569.033750201993,1061,763.638318246834,293950,25.8962802886963
998,1273.92157420174,2500,783.130488491467,296450,25.1652126312256
999,1355.3360076997,2500,801.480173141494,298950,24.4042434692383
1000,1194.44060076817,2500,866.720413731467,301450,24.8535442352295
1001,1168.59876343417,2500,898.404809008274,303950,22.7508220672607
1002,1220.15009240661,2500,895.5085991259,306450,24.0181217193604
1003,1160.84897594679,2071,980.72256966671,308521,25.8970584869385
1004,1226.03568173067,2500,1079.28617195663,311021,24.4520397186279
1005,1120.38031732891,2500,1132.1667783503,313521,26.2674999237061
1006,1095.79259167643,2500,1138.45383553952,316021,21.2038440704346
1007,1346.97031412415,2500,1216.24749193173,318521,25.5285930633545
1008,1150.59529266971,2500,1203.91486377853,321021,21.6662826538086
1009,1016.36213115407,2500,1170.01747612397,323521,19.318395614624
1010,1493.19448981638,2500,1199.89286502879,326021,25.0708465576172
1011,1219.53260562589,2500,1204.98624924796,328521,25.9935131072998
1012,1328.46554824326,2500,1215.81779483163,331021,24.5036163330078
1013,1043.35537550675,2500,1204.06843478762,333521,20.4459991455078
1014,1302.52615297625,2500,1211.71748191218,336021,24.5063629150391
1015,488.351920246863,751,1148.51464220397,336772,25.1751308441162
1016,1295.50538865623,2500,1168.48592190195,339272,24.4076976776123
1017,1069.64976697346,2500,1140.75386718689,341772,25.9730453491211
1018,1075.61657856772,2500,1133.25599577669,344272,23.6315994262695
1019,1211.20879572642,2500,1152.74066223392,346772,25.5843448638916
1020,1199.11210050454,2500,1123.33242330274,349272,26.3519916534424
1021,1415.588218769,2500,1142.93798461705,351772,28.099889755249
1022,936.693892764416,2500,1103.76081906917,354272,22.892463684082
1023,1261.5343941796,2500,1125.57872093645,356772,27.3054313659668
1024,1122.81726214357,2500,1107.60783185318,359272,25.0925273895264
1025,1365.68102365173,2500,1195.34074219367,361772,26.1600017547607
1026,1336.84367854477,2500,1199.47457118252,364272,26.3857288360596
1027,1206.76646025062,2500,1213.18624051024,366772,27.6504306793213
1028,1140.63707044249,2500,1219.68828969772,369272,25.0182590484619
1029,1045.28935714369,2500,1203.09634583944,371772,23.9979152679443
1030,1064.01319810917,2463,1189.5864555999,374235,20.4701309204102
1031,1098.85421468484,2500,1157.91305519149,376735,27.2917346954346
1032,758.185751532537,1534,1140.0622410683,378269,26.3314819335938
1033,1126.08946883846,2500,1126.51774853419,380769,22.3760757446289
1034,1348.33215019776,2500,1149.06923733961,383269,27.4298877716064
1035,1250.2510234169,2500,1137.52623731612,385769,27.2719841003418
1036,475.500754721946,658,1051.39194493384,386427,27.7799472808838
1037,1101.5836762923,2500,1040.87366653801,388927,25.3898887634277
1038,1227.84580060387,2500,1049.59453955415,391427,26.08957862854
1039,734.56330054339,1200,1018.52193389412,392627,27.7472953796387
1040,1040.15194517573,2500,1016.13580860077,395127,22.6735420227051
1041,1191.21706207372,2500,1025.37209333966,397627,26.0698299407959
1042,888.007760109556,2500,1038.35429419736,400127,22.2616367340088
1043,1091.90242058533,2354,1034.93558937205,402481,28.7605037689209
1044,1069.1866290818,2500,1007.02103726045,404981,22.9880924224854
1045,1015.02122484594,2500,983.498057403358,407481,26.256814956665
1046,1032.84738640131,2500,1039.23272057129,409981,24.8443660736084
1047,936.470713025823,2500,1022.72142424465,412481,23.3016719818115
1048,1212.78079517716,2500,1021.21492370198,414981,29.7980556488037
1049,1080.19338679741,2146,1055.77793232738,417127,29.1610565185547
1050,243.931245435117,299,976.155862353316,417426,27.8553581237793
1051,1556.86620437904,2500,1012.72077658385,419926,28.7913951873779
1052,1155.21223180325,2500,1039.44122375322,422426,28.3117923736572
1053,929.833027081378,1608,1023.23428440282,424034,29.0822677612305
1054,1206.80145851121,2500,1036.99576734576,426534,29.1536540985107
1055,1033.53297712958,2500,1038.84694257413,429034,27.3401165008545
1056,934.230407619893,2500,1028.98524469599,431534,23.3255672454834
1057,1084.26726282008,2423,1043.76489967541,433957,27.7500438690186
1058,666.653218883525,1280,989.152142046047,435237,27.2485866546631
1059,1103.81833808691,2500,991.514637174998,437737,26.5245952606201
1060,737.793675592724,1425,1040.90088019076,439162,28.3441791534424
1061,513.095035251047,967,936.523763277959,440129,30.2627048492432
1062,1147.22780387024,2500,935.725320484658,442629,30.039514541626
1063,1235.18982496569,2500,966.26100027309,445129,28.939977645874
1064,1054.57017798866,2500,951.037872220835,447629,23.3006000518799
1065,1212.74904902289,2500,968.959479410166,450129,27.8980369567871
1066,1259.04477288111,2500,1001.44091593629,452629,27.6423473358154
1067,1005.51743611168,2500,993.565933265448,455129,26.7343273162842
1068,959.938794174386,2500,1022.89449079453,457629,24.1976280212402
1069,1416.60086884322,2500,1054.17274387017,460129,30.840217590332
1070,938.559965518527,2500,1074.24937286275,462629,24.2432594299316
1071,1151.31146981854,2500,1138.07101631949,465129,29.1114158630371
1072,885.23954199022,2500,1111.87219013149,467629,24.1820201873779
1073,894.354137138856,2500,1077.78862134881,470129,21.3196754455566
1074,1270.21483686489,2500,1099.35308723643,472629,31.5214786529541
1075,1156.34227458194,2500,1093.71240979234,475129,27.1254806518555
1076,1014.73547105026,2500,1069.28147960925,477629,27.2613925933838
1077,1085.16564743334,2500,1077.24630074142,480129,28.0583057403564
1078,1258.86475613517,2500,1107.1388969375,482629,30.5236339569092
1079,889.979810794743,2500,1054.47679113265,485129,22.7751140594482
1080,758.374869958255,2500,1036.45828157662,487629,24.3604946136475
1081,210.942654572377,267,942.421400052004,487896,31.6885833740234
1082,999.838010708267,2500,953.881246923809,490396,22.3901271820068
1083,1408.4382701221,2500,1005.28966022213,492896,29.4519290924072
1084,1335.81259802292,2500,1011.84943633794,495396,28.5886268615723
1085,1198.56837419888,2500,1016.07204629963,497896,32.751049041748
1086,1324.95137288281,2500,1047.09363648289,500396,30.8435363769531
1087,973.090794134876,2500,1035.88615115304,502896,27.8699569702148
1088,1135.63492398502,2500,1023.56316793802,505396,28.5603981018066
1089,1038.76776693012,2500,1038.44196355156,507896,25.2271614074707
1090,1238.51342704721,2500,1086.45581926046,510396,29.9769725799561
1091,957.370526514598,2500,1161.09860645468,512896,26.9514636993408
1092,1135.23857992617,2500,1174.63866337647,515396,27.7500095367432
1093,1451.73584322993,2500,1178.96842068725,517896,32.2798309326172
1094,843.575898321823,2500,1129.74475071714,520396,22.7684726715088
1095,1186.54521044911,2500,1128.54243434217,522896,30.4525051116943
1096,1221.93588079148,2500,1118.24088513303,525396,32.5844650268555
1097,1102.748741899,2500,1131.20667990945,527896,31.0379695892334
1098,1097.17795405603,2500,1127.36098291655,530396,32.6020202636719
1099,1298.75606153205,2500,1153.35981237674,532896,29.9384956359863
1100,1460.8963859934,2500,1175.59810827136,535396,31.5788421630859
1101,1339.40708912802,2500,1213.8017645327,537896,32.2864990234375
1102,1017.08034596422,2500,1201.98594113651,540396,31.2526874542236
1103,1535.28505914225,2500,1210.34086272774,542896,33.0444068908691
1104,1029.76855300739,2500,1228.9601281963,545396,29.9422454833984
1105,835.038966677421,2500,1193.80950381913,547896,26.2672100067139
1106,1039.81156543901,2500,1175.59707228388,550396,32.2901458740234
1107,1076.68370976437,2500,1172.99056907042,552896,28.8601570129395
1108,1071.07598043956,2500,1170.38037170877,555396,33.6067695617676
1109,1062.99751441608,2500,1146.80451699717,557896,32.7774047851562
1110,1306.63262847961,2500,1131.37814124579,560396,33.6873664855957
1111,1212.94887822034,2500,1118.73232015503,562896,32.6343612670898
1112,1138.60747080749,2500,1130.88503263935,565396,32.6383972167969
1113,1134.52450307409,2500,1090.80897703254,567896,32.6529312133789
1114,824.877873855017,2500,1070.3199091173,570396,22.9104328155518
1115,1059.49815423352,2500,1092.76582787291,572896,28.4688835144043
1116,1005.41039114349,2500,1089.32571044336,575396,31.0645637512207
1117,1063.06181731462,2500,1087.96352119838,577896,29.8715515136719
1118,1154.31611989438,2500,1096.28753514386,580396,30.7257347106934
1119,1098.37883083442,2500,1099.8256667857,582896,30.975902557373
1120,896.259950378092,2500,1058.78839897555,585396,24.0659027099609
1121,1089.8945457311,2500,1046.48296572662,587896,33.0883750915527
1122,1094.30785796077,2500,1042.05300444195,590396,32.7770881652832
1123,1079.62376672682,2500,1036.56293080722,592896,31.7205829620361
1124,944.47691227237,2500,1048.52283464896,595396,32.4272499084473
1125,1091.88450039392,2500,1051.761469265,597896,33.9010581970215
1126,1194.11286203678,2500,1070.63171635433,600396,32.1976127624512
1127,195.8492129683,242,983.910455919694,600638,32.7401733398438
1128,1052.86835873281,2500,973.765679803537,603138,32.3067321777344
1129,1266.05842563787,2500,990.533639283882,605638,32.0074157714844
1130,900.598900623926,2500,990.967534308465,608138,34.6756477355957
1131,989.974366464251,2500,980.97551638178,610638,34.3171310424805
1132,1034.53772004769,2500,974.998502590473,613138,33.1531944274902
1133,979.517281481197,2500,964.987854065911,615638,33.6349143981934
1134,779.979702298909,2500,948.538133068565,618138,25.4482517242432
1135,952.055077544813,2500,934.555190783654,620638,31.0986156463623
1136,983.921402421969,2500,913.536044822173,623138,32.2631874084473
1137,833.477800241074,2500,977.298903549451,625638,31.5663661956787
1138,882.691978868331,2500,960.281265563003,628138,23.5116519927979
1139,1000.55440201204,2500,933.730863200421,630638,35.4409980773926
1140,1084.4102453715,2500,952.111997675178,633138,35.9057807922363
1141,867.577970358876,2500,939.872358064641,635638,31.7032337188721
1142,1037.53050808276,2500,940.171636868148,638138,33.8032417297363
1143,1055.55135981368,2500,947.775044701396,640638,34.590747833252
1144,978.6209813286,2500,967.639172604365,643138,35.3081703186035
1145,801.991384131347,2500,952.632803263018,645638,31.6055164337158
1146,994.470548197879,2500,953.687717840609,648138,34.0271453857422
1147,752.89883389028,2500,945.62982120553,650638,21.830228805542
1148,1050.25249240312,2500,962.385872559008,653138,32.6868133544922
1149,1007.00025369632,2500,963.030457727436,655638,32.6802940368652
1150,1086.3869326981,2500,963.228126460096,658138,36.1386833190918
1151,874.797023010645,2500,963.950031725273,660638,27.7553424835205
1152,966.726050704435,2500,956.86958598744,663138,22.7283210754395
1153,917.338208324729,2500,943.048270838545,665638,32.1452407836914
1154,917.240675340891,2500,936.910240239774,668138,29.4907817840576
1155,1056.72887459381,2500,962.38398928602,670638,33.779182434082
1156,160.901174333974,200,879.02705189963,670838,36.2770919799805
1157,909.531913863734,2500,894.690359896975,673338,31.4112949371338
1158,1054.7387405118,2500,895.138984707843,675838,36.3197021484375
1159,916.512672545482,2500,886.09022659276,678338,32.9947052001953
1160,992.486810738639,2500,876.700214396813,680838,35.4783935546875
1161,320.951224257545,377,821.315634521503,681215,37.6437225341797
1162,902.793338062647,2500,814.922363257324,683715,26.1881999969482
1163,1057.0118645876,2500,828.889728883611,686215,33.7919616699219
1164,948.281023321739,2500,831.993763681696,688715,32.4903602600098
1165,1031.47972600712,2500,829.468848823027,691215,34.3729019165039
1166,939.145616741605,2500,907.29329306379,693715,35.5987205505371
1167,931.445172726094,2500,909.484618950026,696215,35.2289390563965
1168,865.861580831215,2500,890.596902981968,698715,29.1312065124512
1169,963.809731684266,2500,895.326608895846,701215,29.8702640533447
1170,1009.64082240767,2500,897.04201006275,703715,34.0908393859863
1171,1253.35777764331,2500,990.282665401326,706215,35.6311874389648
1172,1268.66718521237,2500,1026.8700501163,708715,34.0072059631348
1173,958.253875250163,2500,1016.99425118255,711215,28.9642200469971
1174,1087.50651480442,2500,1030.91680033082,713715,37.7751007080078
1175,1113.59482337287,2500,1039.1283100674,716215,36.2859230041504
1176,972.442841443658,2500,1042.4580325376,718715,26.46826171875
1177,1001.75045663812,2500,1049.48856092881,721215,33.0057678222656
1178,974.458155809636,2500,1060.34821842665,723715,27.6954383850098
1179,969.678009613523,2500,1060.93504621957,726215,30.8870639801025
1180,556.125250619485,736,1015.58348904076,726951,36.6850814819336
1181,920.496647437097,2500,982.297376020134,729451,27.3410472869873
1182,1193.33786357159,2500,974.764443856056,731951,37.7252616882324
1183,985.927980477937,2500,977.531854378833,734451,34.8828811645508
1184,1195.84969146778,2500,988.366172045169,736951,36.025016784668
1185,1075.72261891635,2500,984.578951599517,739451,29.8308963775635
1186,992.822268530474,2500,986.616894308199,741951,31.216215133667
1187,1235.509478534,2500,1009.99279649779,744451,37.0212554931641
1188,1048.95807143753,2500,1017.44278806058,746951,31.3933696746826
1189,973.071422527517,2500,1017.78212935198,749451,27.3854236602783
1190,1120.88769200601,2500,1074.25837349063,751951,38.9961585998535
1191,1054.11571331952,2500,1087.62028007887,754451,35.7636566162109
1192,464.343670801842,809,1014.7208608019,755260,35.2304382324219
1193,1063.36151142616,2500,1022.46421389672,757760,33.6841239929199
1194,1203.2541675097,2500,1023.20466150091,760260,30.1850509643555
1195,1333.41121326935,2500,1048.97352093621,762760,36.5574493408203
1196,1210.39368991599,2500,1070.73066307476,765260,35.0729637145996
1197,1099.22936407885,2500,1057.10265162925,767760,27.1725769042969
1198,1194.05869728072,2500,1071.61271421357,770260,36.2823791503906
1199,1302.71031782665,2500,1104.57660374348,772760,40.2967376708984
1200,1261.35817764884,2500,1118.62365230776,775260,39.5350494384766
1201,1666.36572307291,2500,1179.8486532831,777760,40.1131210327148
1202,1288.22254171356,2500,1262.23654037427,780260,40.1467933654785
1203,600.256388099753,909,1215.92602804163,781169,37.267707824707
1204,1394.78126376782,2500,1235.07873766745,783669,38.9512786865234
1205,1335.90567531866,2500,1235.32818387238,786169,29.3117446899414
1206,1371.51188890956,2500,1251.44000377173,788669,32.0201759338379
1207,1392.1990543802,2500,1280.73697280187,791169,39.482307434082
1208,1429.70288840305,2500,1304.3013919141,793669,40.4941482543945
1209,1592.29718265081,2500,1333.26007839652,796169,35.4238700866699
1210,1095.1652530802,2500,1316.64078593965,798669,31.0899887084961
1211,1434.43904152095,2500,1293.44811778446,801169,38.6516914367676
1212,1284.25452248798,2500,1293.0513158619,803669,30.9156150817871
1213,1328.65862494748,2500,1365.89153954667,806169,38.597297668457
1214,1243.33652878278,1999,1350.74706604817,808168,36.9874725341797
1215,1655.4988381888,2500,1382.70638233518,810668,34.2737655639648
1216,1241.24424662087,2500,1369.67961810631,813168,31.5088577270508
1217,1020.32099460494,2500,1332.49181212879,815668,28.8613739013672
1218,552.937754266969,628,1244.81529871518,816296,39.3228607177734
1219,1188.26855846892,2500,1204.41243629699,818796,34.2118301391602
1220,1071.01908423906,2500,1201.99781941288,821296,32.2762489318848
1221,1071.01626479896,2500,1165.65554174068,823796,32.7769088745117
1222,1014.82230095943,2500,1138.71231958782,826296,27.1996536254883
1223,1310.88516564852,2500,1136.93497365793,828796,39.0581741333008
1224,1046.6857671463,2500,1117.26989749428,831296,24.8928337097168
1225,1079.61948303599,2500,1059.681961979,833796,27.5681571960449
1226,1062.83778553061,2500,1041.84131586997,836296,29.4251556396484
1227,1183.474752385,2500,1058.15669164798,838796,34.2478790283203
1228,1057.41347279739,2500,1108.60426350102,841296,31.0883674621582
1229,1642.33787882266,2500,1154.01119553639,843796,36.0730972290039
1230,1417.66436480687,2500,1188.67572359317,846296,42.3432388305664
1231,1322.5058911577,2500,1213.82468622905,848796,36.7260284423828
1232,1051.67480130196,2500,1217.5099362633,851296,30.5588035583496
1233,1533.08875095348,2500,1239.73029479379,853796,41.3579978942871
1234,1162.40162978473,2500,1251.30188105764,856296,32.8504943847656
1235,1090.9245356501,2500,1252.43238631905,858796,31.5411224365234
1236,1059.3611857392,2500,1252.08472633991,861296,35.5240135192871
1237,1190.76590000332,2500,1252.81384110174,863796,32.7618980407715
1238,1191.66537562973,2500,1266.23903138497,866296,34.0918312072754
1239,1386.77924878387,2500,1240.6831683811,868796,39.1291580200195
1240,298.868309202901,480,1128.8035628207,869276,36.4515228271484
1241,1247.85329055101,2500,1121.33830276003,871776,34.3403358459473
1242,1634.06496272518,2500,1179.57731890235,874276,41.4880332946777
1243,1266.30673157671,2500,1152.89911696468,876776,37.5230484008789
1244,1255.76628903757,2500,1162.23558288996,879276,32.6338996887207
1245,1143.62227950248,2500,1167.5053572752,881776,34.3289909362793
1246,1463.74395912479,2500,1207.94363461376,884276,29.3153686523438
1247,1216.49737832277,2500,1210.5167824457,886776,37.8310852050781
1248,1369.77601189938,2500,1228.32784607267,889276,39.294116973877
1249,497.30799253509,817,1139.38072044779,890093,38.3845748901367
1250,1366.2594959129,2500,1246.11983911879,892593,37.5359573364258
1251,1361.77884211849,2500,1257.51239427553,895093,37.4250450134277
1252,1471.12048352478,2500,1241.2179463555,897593,40.4476356506348
1253,1381.7953410344,2500,1252.76680730126,900093,40.4329872131348
1254,1252.46985385157,2500,1252.43716378266,902593,33.3109817504883
1255,1317.33494535801,2387,1269.80843036822,904980,32.3069496154785
1256,1131.72546424112,2500,1236.60658087985,907480,32.4281120300293
1257,1350.93537486524,2500,1250.0503805341,909980,30.2193832397461
1258,1408.85688927968,2500,1253.95846827213,912480,39.3692817687988
1259,1225.15689830752,2500,1326.74335884937,914980,33.3912467956543
1260,1353.04824052365,2500,1325.42223331045,917480,43.0361213684082
1261,1315.56825300383,2500,1320.80117439898,919980,27.1060829162598
1262,1234.46628262614,2500,1297.13575430912,922480,26.0128784179688
1263,1163.96943116915,2500,1275.35316332259,924980,38.8479843139648
1264,939.572499157211,1543,1244.06342785316,926523,41.9354133605957
1265,1234.1693297683,2500,1235.74686629419,929023,35.6950569152832
1266,609.394399589304,1394,1183.513759829,930417,45.0102615356445
1267,341.919213263881,523,1082.61214366887,930940,41.5930404663086
1268,776.533405008863,1354,1019.37979524179,932294,40.6472663879395
1269,1240.24808161383,2500,1020.88891357242,934794,42.0340232849121
1270,1198.94338777485,2094,1005.47842829754,936888,39.1480865478516
1271,1643.04511923494,2500,1038.22611492065,939388,41.3370628356934
1272,279.999744530641,480,942.779461111098,939868,43.0345191955566
1273,1174.04414859246,2500,943.786932853428,942368,29.966402053833
1274,1395.95721060265,2500,989.425403997972,944868,42.4442596435547
1275,1495.62508260691,2500,1015.57097928183,947368,38.5232696533203
1276,1390.64731652236,2500,1093.69627097514,949868,40.3816528320312
1277,1203.58430075301,2500,1179.86277972405,952368,31.5088062286377
1278,135.484482357402,171,1115.75788745891,952539,39.8717498779297
1279,1615.63730170709,2500,1153.29680946823,955039,38.5791435241699
1280,934.177969193807,1618,1126.82026761013,956657,37.5518836975098
1281,1398.38456219049,2325,1102.35421190568,958982,43.1766662597656
1282,1512.86957027967,2500,1225.64119448059,961482,36.3310737609863
1283,1137.02603539069,2500,1221.93938316041,963982,30.5374851226807
1284,1167.749276691,2500,1199.11858976924,966482,22.7380504608154
1285,1367.10316895492,2500,1186.26639840404,968982,38.7260475158691
1286,1228.53602817877,2500,1170.05526956968,971482,28.970178604126
1287,1150.07844631773,2308,1164.70468412616,973790,41.8143157958984
1288,1509.02543513364,2471,1302.05877940378,976261,43.5235595703125
1289,1240.58370562495,2500,1264.55341979557,978761,23.867504119873
1290,1564.69718958007,2500,1327.60534183419,981261,38.1871032714844
1291,994.009017684848,2500,1287.16778738363,983761,42.1926078796387
1292,1229.19379040622,2500,1258.80020939628,986261,41.0924453735352
1293,1145.61164151019,2500,1259.65877000823,988761,29.4889545440674
1294,608.779041328335,930,1203.76174647197,989691,42.2653884887695
1295,1161.17298639075,2500,1183.16872821555,992191,29.9596271514893
1296,945.395768688633,2500,1154.85470226654,994691,45.7940979003906
1297,741.696052588371,1068,1114.0164628936,995759,42.9738922119141
1298,1082.99162145161,2500,1071.4130815254,998259,42.7661628723145
1299,1347.2359697537,2500,1082.07830793827,1000759,32.7040824890137
1300,718.665425397913,1143,997.475131520057,1001902,37.9321365356445
1301,1078.23989063248,1658,1005.89821881482,1003560,42.7796745300293
1302,601.677432210629,1344,943.146582995261,1004904,45.983341217041
1303,281.905179593707,465,856.775936803612,1005369,42.5578956604004
1304,1150.40618543353,2500,910.938651214131,1007869,26.3357734680176
1305,1180.73125426822,2500,912.894478001878,1010369,35.7610015869141
1306,1309.15795040907,2150,949.270696173922,1012519,46.834545135498
1307,1405.67675683007,2263,1015.66876659809,1014782,42.2231140136719
1308,636.050484265869,954,970.974652879518,1015736,42.7995910644531
1309,1454.0423543393,2500,981.655291338079,1018236,40.5211982727051
1310,1111.75813288315,2500,1020.9645620866,1020736,30.9167518615723
1311,1611.88993289603,2239,1074.32956631296,1022975,35.6062469482422
1312,546.248554967918,850,1068.78667858869,1023825,45.8683776855469
1313,1092.70138103362,2500,1149.86629873268,1026325,27.7320232391357
1314,608.105693321405,918,1095.63624952147,1027243,46.803035736084
1315,1440.70704177671,2500,1121.63382827231,1029743,40.6992988586426
1316,571.929133892629,883,1047.91094662067,1030626,45.184211730957
1317,1736.46131765602,2500,1080.98940270326,1033126,44.481502532959
1318,765.047287121276,1335,1093.88908298881,1034461,43.8985977172852
1319,1448.87268258132,2500,1093.37211581301,1036961,45.5113830566406
1320,1108.0097759006,2500,1092.99728011475,1039461,35.5912551879883
1321,1169.72299873226,2500,1048.78058669838,1041961,34.3012466430664
1322,1226.64671921958,2500,1116.82040312354,1044461,35.0624046325684
1323,1045.93179623928,2500,1112.14344464411,1046961,26.8047523498535
1324,1094.91770295237,2500,1160.8246456072,1049461,28.1600914001465
1325,1237.40253805328,2500,1140.49419523486,1051961,39.3995742797852
1326,761.219777265223,1097,1159.42325957212,1053058,47.1372985839844
1327,1052.27360724048,2500,1091.00448853057,1055558,27.3813991546631
1328,1447.45642923936,2500,1159.24540274238,1058058,41.6872634887695
1329,1139.07996328568,2500,1128.26613081281,1060558,28.6255645751953
1330,1157.18062348433,2500,1133.18321557118,1063058,43.4072799682617
1331,1081.67657313506,2500,1124.37857301146,1065558,36.2623443603516
1332,1282.29705990392,2500,1129.9436070799,1068058,46.9427795410156
1333,1155.01442333054,2500,1140.85186978902,1070558,37.7303047180176
1334,1364.32667733676,2500,1167.79276722746,1073058,47.0080833435059
1335,1149.01768355849,2500,1158.95428177798,1075558,38.2031784057617
1336,1246.23951634852,2500,1207.45625568631,1078058,47.5704765319824
1337,1140.77330965411,2500,1216.30622592768,1080558,37.772705078125
1338,1084.90793989483,2500,1180.05137699322,1083058,42.3981475830078
1339,1048.48020854382,2500,1170.99140151904,1085558,26.8465805053711
1340,1050.31553552673,2500,1160.30489272328,1088058,28.1465644836426
1341,1152.93771739468,2500,1167.43100714924,1090558,35.3221664428711
1342,1164.22765407703,2500,1155.62406656655,1093058,37.9368095397949
1343,1204.02343029098,2500,1160.5249672626,1095558,43.0543670654297
1344,1251.77572633812,2500,1149.26987216273,1098058,43.8740386962891
1345,1146.8961794138,2500,1149.05772174826,1100558,42.5023002624512
1346,1151.06445263601,2500,1139.54021537701,1103058,32.7481842041016
1347,1471.32144879979,2500,1172.59502929158,1105558,45.3961067199707
1348,1128.32726741285,2500,1176.93696204338,1108058,38.2155570983887
1349,1233.80851956443,2500,1195.46979314544,1110558,31.0606212615967
1350,754.155007806184,1225,1165.85374037339,1111783,49.045093536377
1351,1206.02924439158,2500,1171.16289307308,1114283,38.8700637817383
1352,1540.76785047972,2500,1208.81691271335,1116783,50.0017509460449
1353,1363.44468091607,2500,1224.75903777586,1119283,46.2135047912598
1354,1224.96997574677,2500,1222.07846271672,1121783,45.567310333252
1355,1149.85813477135,2500,1222.37465825248,1124283,36.8786849975586
1356,1233.22999119007,2500,1230.59121210788,1126783,43.2520484924316
1357,1173.04981715524,2500,1200.76404894343,1129283,42.0212898254395
1358,1208.53749702073,2500,1208.78507190421,1131783,43.4037170410156
1359,1459.75532138797,2500,1231.37975208657,1134283,39.3166046142578
1360,1164.67247052384,2500,1272.43149835833,1136783,39.8779487609863
1361,1178.01628982866,2500,1269.63020290204,1139283,45.5937461853027
1362,1248.08592163426,2500,1240.3620100175,1141783,38.0339241027832
1363,1366.91076734987,2500,1240.70861866088,1144283,42.2431602478027
1364,1124.30016839517,2500,1230.64163792572,1146783,37.1301956176758
1365,1214.79640832458,2500,1237.13546528104,1149283,47.1707496643066
1366,1754.9055262116,2500,1289.30301878319,1151783,50.0622367858887
1367,1255.14759404338,2500,1297.51279647201,1154283,43.8205375671387
1368,1156.36983846603,2500,1292.29603061654,1156783,33.0774574279785
1369,1181.89636764725,2500,1264.51013524246,1159283,32.1800918579102
1370,1209.32711471457,2500,1268.97559966154,1161783,42.390079498291
1371,1155.85948961391,2500,1266.75991964006,1164283,29.5036582946777
1372,1131.89630611635,2500,1255.14095808827,1166783,25.4564476013184
1373,1077.14342183078,2500,1226.16422353636,1169283,35.5819854736328
1374,1132.61639006422,2500,1226.99584570327,1171783,30.0223064422607
1375,1485.82683828449,2500,1254.09888869926,1174283,48.6746101379395
1376,1171.86767604078,2500,1195.79510368218,1176783,48.4682960510254
1377,1143.20273825681,2500,1184.60061810352,1179283,41.8350601196289
1378,1144.90613708072,2500,1183.45424796499,1181783,38.5954322814941
1379,1438.10369751315,2500,1209.07498095158,1184283,47.2548522949219
1380,1137.69604357528,2500,1201.91187383765,1186783,26.5913028717041
1381,1451.04736768541,2500,1231.4306616448,1189283,49.4851455688477
1382,1182.10545552637,2500,1236.4515765858,1191783,43.4780311584473
1383,1133.73669173736,2500,1242.11090357646,1194283,33.620979309082
1384,1356.11311552934,2500,1264.46057612297,1196783,46.1638870239258
1385,1180.96240152379,2500,1233.9741324469,1199283,46.2729911804199
1386,1066.42178965023,2500,1223.42954380785,1201783,34.240364074707
1387,1258.39114495361,2500,1234.94838447753,1204283,46.5988922119141
1388,1121.81844362759,2500,1232.63961513221,1206783,34.4425773620605
1389,1336.07099478242,2500,1222.43634485914,1209283,50.8157043457031
1390,1270.57468566621,2500,1235.72420906823,1211783,43.3632583618164
1391,1167.12039457524,2500,1207.33151175721,1214283,46.9483070373535
1392,1166.76039465482,2500,1205.79700567006,1216783,33.1125679016113
1393,1077.71665877032,2500,1200.19500237335,1219283,34.5064544677734
1394,1093.09490876507,2500,1173.89318169693,1221783,29.5447578430176
1395,790.739122970872,1997,1134.87085384164,1223780,45.2392234802246
1396,1072.49532420978,2500,1135.47820729759,1226280,28.3321914672852
1397,1097.29172104073,2500,1119.3682649063,1228780,31.7371120452881
1398,1011.38945153382,2500,1108.32536569693,1231280,51.3873252868652
1399,1255.59909258068,2500,1100.27817547675,1233780,49.2825584411621
1400,1107.86786303258,2500,1084.00749321339,1236280,29.4914608001709
1401,1378.34235019135,2500,1105.129688775,1238780,44.0567588806152
1402,1106.36176565182,2500,1099.0898258747,1241280,40.1038475036621
1403,1274.64422445769,2500,1118.78258244344,1243780,50.5511474609375
1404,936.674984232739,1852,1103.14058999021,1245632,51.4669418334961
1405,1182.92673888076,2500,1142.35935158119,1248132,41.7868537902832
1406,1275.33747953104,2500,1162.64356711332,1250632,45.4560470581055
1407,1085.07457063438,2500,1161.42185207268,1253132,26.0922145843506
1408,1180.0966822225,2500,1178.29257514155,1255632,45.9575424194336
1409,1078.7134322491,2500,1160.6040091084,1258132,35.7503242492676
1410,1074.7753439124,2500,1157.29475719638,1260632,29.8117656707764
1411,942.92126452593,2145,1113.75264862984,1262777,45.9623870849609
1412,988.345967014926,2487,1101.95106876615,1265264,51.4309692382812
1413,1164.99591743999,2500,1090.98623806438,1267764,38.2918319702148
1414,1182.61522951226,2500,1115.58026259233,1270264,44.0502281188965
1415,1079.87583030805,2500,1105.27517173506,1272764,31.3920669555664
1416,1085.07203763753,2500,1086.2486275457,1275264,34.547004699707
1417,1091.28800408152,2500,1086.86997089042,1277764,30.4517478942871
1418,1350.63498831774,2500,1103.92380149994,1280264,51.9945640563965
1419,1194.3609087556,2500,1115.48854915059,1282764,47.316837310791
1420,1283.67083910044,2500,1136.3780986694,1285264,49.6311302185059
1421,1277.59074883157,2500,1169.84504709996,1287764,47.8749961853027
1422,1075.27023200242,2500,1178.53747359871,1290264,26.0786933898926
1423,1084.54016129621,2500,1170.49189798433,1292764,47.9102020263672
1424,1195.97166200748,2500,1171.82754123386,1295264,40.7632369995117
1425,1084.0519298152,2500,1172.24515118457,1297764,36.2342109680176
1426,1084.48722729336,2500,1172.18667015015,1300264,34.331428527832
1427,1193.12968481747,2500,1182.37083822375,1302764,48.2940864562988
1428,1064.6118250568,2500,1153.76852189765,1305264,32.299976348877
1429,1083.51171738252,2500,1142.68360276035,1307764,27.2794151306152
1430,1065.19183273624,2500,1120.83570212393,1310264,26.087366104126
1431,1068.88461681716,2500,1099.96508892249,1312764,34.6059074401855
1432,1088.89112931296,2500,1101.32717865354,1315264,26.5608177185059
1433,1103.72244421326,2500,1103.24540694524,1317764,38.1548233032227
1434,1160.42694271989,2500,1099.69093501649,1320264,44.9716720581055
1435,1072.95920592621,2500,1098.58166262759,1322764,32.983829498291
1436,1120.71494219026,2500,1102.20443411728,1325264,38.7947731018066
1437,1084.52606310077,2500,1091.34407194561,1327764,33.1938667297363
1438,1172.53635736943,2500,1102.13652517687,1330264,52.2996711730957
1439,1090.66572114202,2500,1102.85192555282,1332764,43.0240135192871
1440,1084.75711032298,2500,1104.80845331149,1335264,39.6459197998047
1441,1082.05904922994,2500,1106.12589655277,1337764,38.0121192932129
1442,1069.7976465158,2500,1104.21654827306,1340264,30.8252105712891
1443,1088.30461417413,2500,1102.67476526914,1342764,33.2640228271484
1444,405.876504950072,949,1027.21972149216,1343713,30.4759063720703
1445,1182.25878982886,2500,1038.14967988243,1346213,50.3704681396484
1446,1103.27009901086,2500,1036.40519556449,1348713,39.2108726501465
1447,1233.91389978425,2500,1051.34397923283,1351213,47.537052154541
1448,1067.16224381142,2500,1040.80656787703,1353713,41.3753662109375
1449,1058.28156716356,2500,1037.56815247919,1356213,25.7674942016602
1450,1181.58596671787,2500,1047.25103811868,1358713,46.1634902954102
1451,1089.81415055656,2500,1048.02654825134,1361213,45.1224784851074
1452,274.174831937018,613,968.46426679346,1361826,42.6771202087402
1453,1161.84000317458,2500,975.817805693505,1364326,48.3580131530762
1454,1084.96530117842,2500,1043.72668531634,1366826,43.9156837463379
1455,1085.30958805017,2500,1034.03176513847,1369326,21.6587524414062
1456,1121.31974051424,2500,1035.83672928881,1371826,49.8736114501953
1457,1083.76029451377,2500,1020.82136876176,1374326,36.988712310791
1458,1098.61006179431,2500,1023.96615056005,1376826,35.8419456481934
1459,1076.70136331613,2500,1025.80813017531,1379326,31.0580234527588
1460,1100.17907817657,2500,1017.66744132118,1381826,31.2582244873047
1461,1115.35259876141,2500,1020.22128614166,1384326,51.712947845459
1462,1193.89778179267,2500,1112.19358112723,1386826,50.5804634094238
1463,1110.50102297612,2500,1107.05968310738,1389326,36.2617950439453
1464,1121.68258820007,2500,1110.73141180955,1391826,35.2133483886719
1465,389.472940560774,829,1041.14774706061,1392655,49.3622627258301
1466,1193.72540997039,2500,1048.38831400622,1395155,48.6875267028809
1467,1129.74518191426,2500,1052.98680274627,1397655,40.939811706543
1468,960.173649200157,2097,1039.14316148686,1399752,47.0075645446777
1469,1129.62935535629,2500,1044.43596069087,1402252,46.264705657959
1470,1051.82491834563,2471,1039.60054470778,1404723,34.2272109985352
1471,1089.89447144502,2500,1037.05473197614,1407223,36.9878768920898
1472,1108.26526101981,2500,1028.49147989885,1409723,33.7297439575195
1473,1182.88121841445,2500,1035.72949944269,1412223,47.172794342041
1474,1105.31085987447,2500,1034.09232661013,1414723,30.9946327209473
1475,1370.80881998505,2500,1132.22591455255,1417223,54.2352485656738
1476,1408.14370917607,2500,1153.66774447312,1419723,52.7976341247559
1477,1137.22166133065,2500,1154.41539241476,1422223,40.6773910522461
1478,1194.5512545006,2500,1177.85315294481,1424723,53.5728302001953
1479,1164.88810887283,2500,1181.37902829646,1427223,35.0066909790039
1480,642.859127424436,1405,1140.48244920434,1428628,34.1530685424805
1481,105.722456919299,347,1042.06524775177,1428975,31.8919868469238
1482,659.224853856585,1525,997.161207035444,1430500,28.1969470977783
1483,1528.5737944038,2500,1031.73046463438,1433000,54.280834197998
1484,589.637961722191,1245,980.163174819151,1434245,48.7367515563965
1485,606.722752558676,1388,903.754568076514,1435633,33.653621673584
1486,1110.44633082892,2500,873.984830241799,1438133,37.8334808349609
1487,1110.14159054323,2500,871.276823163057,1440633,35.4159851074219
1488,947.727453552172,2124,846.594443068214,1442757,46.6491889953613
1489,1064.37540881726,1637,836.543173062657,1444394,46.4256286621094
1490,1178.12639401619,2500,890.069899721832,1446894,47.3666076660156
1491,915.778684755,2030,971.075522505402,1448924,39.1777877807617
1492,1155.71197135072,2500,1020.72423425482,1451424,49.3933181762695
1493,701.943459595482,1593,938.061200773985,1453017,32.4658012390137
1494,196.361347925692,234,898.733539394335,1453251,47.0619049072266
1495,262.511361864998,552,864.312400324967,1453803,42.8161582946777
1496,1042.95727958392,2500,857.563495200466,1456303,24.5967979431152
1497,1327.75766191592,2033,879.325102337735,1458336,55.5001373291016
1498,118.349284239458,299,796.387285406464,1458635,29.9026298522949
1499,1105.20856288343,2500,800.470600813081,1461135,30.413444519043
1500,1314.69666430709,2500,814.12762784217,1463635,54.8731269836426
1501,298.851249525509,604,752.434884319221,1464239,43.1336784362793
1502,1165.00166872083,2500,753.363854056232,1466739,55.1728324890137
1503,1141.04210860287,2500,797.273718956971,1469239,46.318172454834
1504,1186.75664754849,2500,896.313248919251,1471739,43.5807876586914
1505,1188.98306418453,2500,988.960419151204,1474239,31.4430179595947
1506,1190.24083008625,2500,1003.68877420144,1476739,42.2248268127441
1507,1176.04730623065,2500,988.51773863291,1479239,34.4665298461914
1508,1192.7177688701,2500,1095.95458709597,1481739,37.9430694580078
1509,522.042091240087,587,1037.63793993164,1482326,54.4591407775879
1510,1121.75453428463,2500,1018.34372692939,1484826,28.8039932250977
1511,1206.76902168836,2500,1109.13550414568,1487326,44.2272186279297
1512,1156.82301710214,2500,1108.31763898381,1489826,30.6221256256104
1513,1271.23759702695,2500,1121.33718782622,1492326,51.1011276245117
1514,117.286549295936,152,1014.39017800096,1492478,46.7461853027344
1515,1143.57972567707,2500,1009.84984415022,1494978,36.8365249633789
1516,1119.74992535437,2500,1002.80075367703,1497478,24.9004344940186
1517,1146.04964785824,2500,999.800987839787,1499978,36.0724334716797
1518,1225.15021551683,2500,1003.04423250446,1502478,55.1289520263672
1519,1185.07273603557,2500,1069.34729698401,1504978,40.0884819030762
1520,1178.79019988804,2500,1075.05086354435,1507478,37.1963195800781
1521,1209.17718945378,2500,1075.29168032089,1509978,43.301685333252
1522,1490.00098104646,2500,1108.60947671532,1512478,50.8895149230957
1523,1180.36822843203,2500,1099.52253985583,1514978,48.1051635742188
1524,1277.41799149649,2500,1215.53568407589,1517478,54.795539855957
1525,1261.81230904845,2500,1227.35894241303,1519978,54.6772689819336
1526,1129.63983243258,2500,1228.34793312085,1522478,33.6841812133789
1527,1113.63714213691,2500,1225.10668254872,1524978,27.6192245483398
1528,1157.13649296137,2500,1218.30531029317,1527478,46.1440315246582
1529,1136.87655070844,2500,1213.48569176046,1529978,48.129695892334
1530,1208.22516081972,2500,1216.42918785362,1532478,51.2672691345215
1531,1094.0107261551,2500,1204.91254152376,1534978,33.3820419311523
1532,1136.10761145401,2500,1169.52320456451,1537478,38.8124122619629
1533,1275.73835594662,2500,1179.06021731597,1539978,52.3509292602539
1534,1208.92844602633,2500,1172.21126276895,1542478,54.2606506347656
1535,1132.57782101715,2500,1159.28781396582,1544978,46.8335952758789
1536,493.006430378238,668,1095.62447376039,1545646,56.9122161865234
1537,1188.86197126789,2500,1103.14695667349,1548146,54.1413421630859
1538,1150.25639671997,2500,1102.45894704935,1550646,38.1454811096191
1539,1172.48961116138,2500,1106.02025309464,1553146,47.458797454834
1540,1155.42782005806,2500,1100.74051901847,1555646,46.2605171203613
1541,1127.87589819622,2500,1104.12703622259,1558146,39.8600845336914
1542,1163.97220703394,2500,1106.91349578058,1560646,41.7429351806641
1543,1073.4481097246,2500,1086.68447115838,1563146,22.937370300293
1544,1156.17568263256,2500,1081.409194819,1565646,43.608772277832
1545,1099.06678901372,2500,1078.05809161866,1568146,21.104175567627
1546,1180.92055422913,2500,1146.84950400375,1570646,38.5465545654297
1547,1335.19094077856,2500,1161.48240095481,1573146,55.5218353271484
1548,1251.87931526494,2500,1171.64469280931,1575646,55.8708076477051
1549,1129.67589419733,2500,1167.3633211129,1578146,45.435791015625
1550,1246.16252581403,2500,1176.4367916885,1580646,55.1022338867188
1551,1077.20414369816,2500,1171.3696162387,1583146,42.9330635070801
1552,1185.46451509723,2500,1173.51884704503,1585646,53.8391304016113
1553,1096.5231142099,2500,1175.82634749356,1588146,30.8344402313232
1554,1171.70671042671,2500,1177.37945027297,1590646,46.1686515808105
1555,1264.30636592284,2500,1193.90340796388,1593146,55.5729446411133
1556,1180.02979789551,2500,1193.81433233052,1595646,38.9612503051758
1557,1131.43954290587,2500,1173.43919254325,1598146,35.7881202697754
1558,1179.38600015984,2500,1166.18986103274,1600646,41.3406143188477
1559,1125.56436269152,2500,1165.77870788216,1603146,36.3685455322266
1560,1210.25950393734,2500,1162.18840569449,1605646,56.7464637756348
1561,1151.42273158037,2500,1169.61026448271,1608146,43.9877510070801
1562,1150.38032372853,2500,1166.10184534584,1610646,41.6376838684082
1563,1117.04234451954,2500,1168.15376837681,1613146,33.3668441772461
1564,1191.04343895836,2500,1170.08744122997,1615646,47.4928245544434
1565,1087.95104195056,2500,1152.45190883274,1618146,35.0725212097168
1566,1112.7667162703,2500,1145.72560067022,1620646,43.0123710632324
1567,1102.13821368121,2500,1142.79546774776,1623146,37.4405784606934
1568,1097.94472952947,2500,1134.65134068472,1625646,28.6266822814941
1569,1103.14916634648,2500,1132.40982105022,1628146,41.0197296142578
1570,1143.66008674788,2500,1125.74987933127,1630646,44.8224143981934
1571,111.118476694381,142,1021.71945384267,1630788,49.0339584350586
1572,1142.66239753189,2500,1020.94766122301,1633288,46.5201301574707
1573,1063.73604194231,2500,1015.61703096528,1635788,32.3106269836426
1574,1060.26054242702,2500,1002.53874131215,1638288,26.4852333068848
1575,1078.17506002485,2500,1001.56114311958,1640788,30.3089370727539
1576,1069.07531771436,2500,997.192003263985,1643288,39.0602531433105
1577,1474.99159133361,2500,1034.47734102922,1645788,52.1681518554688
1578,1064.35197415885,2500,1031.11806549216,1648288,42.7425765991211
1579,1057.04671449431,2500,1026.50782030695,1650788,42.3502082824707
1580,1071.72802594101,2500,1019.31461422626,1653288,47.9119567871094
1581,1073.44185594597,2500,1115.54695215142,1655788,38.9919662475586
1582,1103.68388147593,2500,1111.64910054582,1658288,34.3798980712891
1583,1107.26995789148,2500,1116.00249214074,1660788,37.8549346923828
1584,1139.92538039171,2500,1123.96897593721,1663288,37.9386177062988
1585,1098.67715450867,2500,1126.01918538559,1665788,39.7744140625
1586,150.183346127224,193,1034.12998822688,1665981,51.6987648010254
1587,1188.17554093012,2500,1005.44838318653,1668481,49.2733612060547
1588,1097.68551929603,2500,1008.78173770025,1670981,44.8433418273926
1589,1164.68659553945,2500,1019.54572580476,1673481,37.8073539733887
1590,1062.19511745529,2500,1018.59243495619,1675981,40.8531837463379
1591,1058.29613955335,2500,1017.07786331693,1678481,29.0489139556885
1592,1057.32024352518,2500,1012.44149952185,1680981,42.2254791259766
1593,1056.92206088481,2500,1007.40670982118,1683481,35.0961647033691
1594,1173.4412478773,2500,1010.75829656974,1685981,41.2380676269531
1595,1036.80258444079,2500,1004.57083956295,1688481,28.5849590301514
1596,1211.68700735967,2500,1110.7212056862,1690981,40.3092880249023
1597,1073.413970264,2500,1099.24504861959,1693481,32.247142791748
1598,1664.15870214482,2500,1155.89236690447,1695981,57.1501502990723
1599,1067.65818745584,2500,1146.1895260961,1698481,30.4950523376465
1600,1171.83488507656,2500,1157.15350285823,1700981,57.878849029541
1601,1132.62348334365,2500,1164.58623723726,1703481,37.3169860839844
1602,1384.08805131087,2500,1197.26301801583,1705981,54.0827445983887
1603,1132.30469420703,2500,1204.80128134805,1708481,33.748851776123
1604,1242.97534256966,2500,1211.75469081729,1710981,57.0169372558594
1605,1259.04889684917,2500,1233.97932205813,1713481,56.1307029724121
1606,1158.2515224022,2500,1228.63577356238,1715981,45.4278907775879
1607,1158.73388962616,2500,1237.1677654986,1718481,54.767520904541
1608,1165.24512039422,2500,1187.27640732354,1720981,42.4954719543457
1609,1064.19017663721,2500,1186.92960624167,1723481,29.7826633453369
1610,1174.95975137222,2500,1187.24209287124,1725981,41.2199401855469
1611,1357.20888866489,2500,1209.70063340336,1728481,55.604133605957
1612,1186.66603882808,2500,1189.95843215509,1730981,49.4922142028809
1613,1117.47909019025,2500,1188.47587175341,1733481,43.7496452331543
1614,1279.25496986769,2500,1192.10383448321,1735981,48.1932716369629
1615,1191.47543765557,2500,1185.34648856385,1738481,55.4491386413574
1616,1092.97302426409,2500,1178.81863875004,1740981,37.8403015136719
1617,1256.59658585882,2500,1188.6049083733,1743481,55.2462844848633
1618,1171.4387206105,2500,1189.22426839493,1745981,46.4923248291016
1619,1149.03933766758,2500,1197.70918449797,1748481,49.614616394043
1620,1151.19085269839,2500,1195.33229463058,1750981,34.9767532348633
1621,1151.16353939703,2500,1174.7277597038,1753481,45.175838470459
1622,1284.11656772098,2500,1184.47281259309,1755981,58.4810485839844
1623,1084.99324891431,2500,1181.2242284655,1758481,34.8531379699707
1624,1082.31483583337,2500,1161.53021506206,1760981,39.7552032470703
1625,1213.01272825341,2500,1163.68394412185,1763481,52.4922485351562
1626,1073.77453032199,2500,1161.76409472764,1765981,48.7921142578125
1627,1178.76837643644,2500,1153.9812737854,1768481,38.091236114502
1628,1083.39814490182,2500,1145.17721621453,1770981,31.5519008636475
1629,1095.67746796078,2500,1139.84102924385,1773481,37.6650886535645
1630,1079.61416139354,2500,1132.68336011337,1775981,26.3107223510742
1631,1054.53925190997,2500,1123.02093136466,1778481,33.8566246032715
1632,1079.10366696953,2500,1102.51964128952,1780981,32.3464393615723
1633,1099.49412517675,2500,1103.96972891576,1783481,37.3855438232422
1634,1059.31597421898,2500,1101.66984275432,1785981,34.1351013183594
1635,1112.38919309761,2500,1091.60748923874,1788481,52.5387840270996
1636,1146.19474207656,2500,1098.8495104142,1790981,32.6450500488281
1637,1075.22248674661,2500,1088.49492144521,1793481,36.2408638000488
1638,1268.26356274434,2500,1106.98146322947,1795981,60.4565849304199
1639,1257.36390027858,2500,1123.15010646125,1798481,56.3487319946289
1640,1276.57511306471,2500,1142.84620162836,1800981,53.9946746826172
1641,1046.78378204,2500,1142.07065464137,1803481,31.8297386169434
1642,1290.01889519941,2500,1163.16217746435,1805981,59.907958984375
1643,1167.301369238,2500,1169.94290187048,1808481,60.4966697692871
1644,1133.58702734248,2500,1177.37000718283,1810981,53.0935134887695
1645,1077.58387082471,2500,1173.88947495554,1813481,30.943920135498
1646,1270.83727718376,2500,1186.35372846626,1815981,56.8427619934082
1647,1339.57373450126,2500,1212.78885324172,1818481,61.47705078125
1648,1151.3917295544,2500,1201.10166992273,1820981,49.6106300354004
1649,1175.91067376604,2500,1192.95634727148,1823481,51.6194190979004
1650,1334.26367610372,2500,1198.72520357538,1825981,60.6333999633789
1651,1088.70600544733,2500,1202.91742591611,1828481,45.4277458190918
1652,1096.16193473922,2500,1183.53172987009,1830981,37.97265625
1653,1264.13218543382,2500,1193.21481148967,1833481,54.8180618286133
1654,1400.98959361864,2500,1219.95506811729,1835981,49.7143974304199
1655,1065.15091103808,2500,1218.71177213863,1838481,33.5700836181641
1656,1064.10547583808,2500,1198.03859200406,1840981,34.0888977050781
1657,1062.53367361854,2500,1170.33458591579,1843481,36.856819152832
1658,1079.49169059174,2500,1163.14458201952,1845981,41.5861663818359
1659,1072.01021577182,2500,1152.7545362201,1848481,29.9370403289795
1660,1198.40367824701,2500,1139.16853643443,1850981,41.1332931518555
1661,1670.04745158591,2500,1197.30268104829,1853481,57.8438835144043
1662,1535.25019825594,2500,1241.21150739996,1855981,49.6332626342773
1663,1089.44497498102,2500,1223.74278635468,1858481,40.2092399597168
1664,1151.41544013824,2500,1198.78537100664,1860981,32.4585990905762
1665,1376.22782677351,2500,1229.89306258018,1863481,48.2155990600586
1666,1477.32317573666,2500,1271.21483257004,1865981,61.684268951416
1667,1287.27183430641,2500,1293.68864863883,1868481,30.4308452606201
1668,1195.56865354612,2500,1305.29634493426,1870981,53.5329284667969
1669,1350.31140365576,2500,1333.12646372266,1873481,43.1130027770996
1670,1187.2623767431,2500,1332.01233357227,1875981,40.7913627624512
1671,1179.61575483347,2500,1282.96916389702,1878481,45.1178855895996
1672,1188.47575962698,2500,1248.29172003413,1880981,44.7210426330566
1673,1578.19297786767,2500,1297.16652032279,1883481,52.6036224365234
1674,1292.1531150428,2500,1311.24028781325,1885981,53.4441375732422
1675,1472.87012035604,2500,1320.9045171715,1888481,55.8755836486816
1676,1181.90999112993,2500,1291.36319871083,1890981,43.3784980773926
1677,1195.18613768196,2500,1282.15462904838,1893481,37.2485427856445
1678,1073.02229605842,2500,1269.89999329961,1895981,37.2183799743652
1679,1322.63239501442,2500,1267.13209243548,1898481,51.8262634277344
1680,1503.62177203526,2500,1298.7680319647,1900981,54.4792366027832
1681,1435.81032860107,2500,1324.38748934146,1903481,58.2844886779785
1682,1172.43370388335,2500,1322.78328376709,1905981,48.5140914916992
1683,1257.86138229577,2500,1290.7501242099,1908481,44.8074913024902
1684,1504.67460958731,2500,1312.00227366435,1910981,61.5085868835449
1685,1177.75663559254,2500,1282.490925188,1913481,33.748462677002
1686,1184.66796606102,2500,1282.76672268111,1915981,25.0362777709961
1687,1101.26670966022,2500,1273.37477987894,1918481,22.4562568664551
1688,1262.53226159329,2500,1292.32577643242,1920981,53.428295135498
1689,1383.52730395869,2500,1298.41526732685,1923481,53.4827194213867
1690,1384.87774388805,2500,1286.54086451213,1925981,49.7656707763672
1691,1288.47518964855,2500,1271.80735061688,1928481,44.2505302429199
1692,1081.28741771967,2500,1262.69272200051,1930981,32.6946220397949
1693,1088.55393733908,2500,1245.76197750484,1933481,41.5617752075195
1694,1422.50150601026,2500,1237.54466714714,1935981,56.9554748535156
1695,1032.3999555385,2500,1223.00899914173,1938481,23.9965705871582
1696,1714.52781844771,2500,1275.9949843804,1940981,54.3674812316895
1697,1687.30481242335,2500,1334.59879465671,1943481,61.0610313415527
1698,1289.22878929441,2500,1337.26844742683,1945981,40.9580192565918
1699,1200.27201765875,2500,1318.94291879683,1948481,46.3975715637207
1700,1186.87120299173,2500,1299.1422647072,1950981,39.9937629699707
1701,1070.30122555776,2500,1277.32486829812,1953481,34.4607429504395
1702,1167.5742279952,2500,1285.95354932567,1955981,35.7301750183105
1703,1188.2976730377,2500,1295.92792289554,1958481,38.3645935058594
1704,1442.06813527537,2500,1297.88458582205,1960981,41.0725212097168
1705,1517.78573509558,2500,1346.42316377776,1963481,53.3067626953125
1706,1519.58048127901,2500,1326.92843006089,1965981,51.3299827575684
1707,1503.20766185202,2500,1308.51871500375,1968481,61.4307594299316
1708,1395.68734887386,2500,1319.1645709617,1970981,58.6423492431641
1709,1168.08319811854,2500,1315.94568900768,1973481,31.3770065307617
1710,1390.8876546591,2500,1336.34733417441,1975981,51.0592765808105
1711,1461.01642412855,2500,1375.41885403149,1978481,55.7582054138184
1712,1493.46334891033,2500,1408.00776612301,1980981,45.162670135498
1713,1591.55322605461,2500,1448.3333214247,1983481,60.0636863708496
1714,1536.6906435633,2500,1457.79557225349,1985981,42.7449951171875
1715,1543.91308073137,2500,1460.40830681707,1988481,46.3679695129395
1716,1623.72976887255,2500,1470.82323557642,1990981,57.7468414306641
1717,1600.96321913727,2500,1480.59879130495,1993481,39.5542449951172
1718,1547.44022328721,2500,1495.77407874628,1995981,60.3747215270996
1719,1611.72579676255,2500,1540.13833861068,1998481,55.8838806152344
1720,1530.62588227657,2500,1554.11216137243,2000981,39.4108734130859
1721,1171.75963153967,2500,1525.18648211354,2003481,27.7924308776855
1722,1159.83021588251,2500,1491.82316881076,2005981,31.0138931274414
1723,1574.34077624178,2500,1490.10192382948,2008481,55.5005073547363
1724,1312.48598387226,2500,1467.68145786037,2010981,49.861270904541
1725,1638.87380914098,2500,1477.17753070133,2013481,61.539924621582
1726,1397.41756632967,2500,1454.54631044705,2015981,26.8545932769775
1727,1211.6777338165,2500,1415.61776191497,2018481,33.3872604370117
1728,1191.8703325287,2500,1380.06077283912,2020981,40.4406623840332
1729,1614.61238014233,2500,1380.3494311771,2023481,59.8928184509277
1730,1213.27447776397,2500,1348.61429072584,2025981,48.9475975036621
1731,1077.39969921887,2500,1339.17829749376,2028481,28.0020561218262
1732,1098.29816274744,2500,1333.02509218025,2030981,28.0052127838135
1733,1408.8996488089,2500,1316.48097943696,2033481,64.4213104248047
1734,1149.10600324267,2500,1300.142981374,2035981,38.804069519043
1735,1600.83873922624,2500,1296.33947438253,2038481,54.1869850158691
1736,1382.42084505042,2500,1294.8398022546,2040981,47.4265441894531
1737,1053.41581249342,2500,1279.0136101223,2043481,22.7221622467041
1738,1522.81538980954,2500,1312.10811585038,2045981,43.3362045288086
1739,1531.0647687053,2500,1303.75335470668,2048481,57.1818428039551
1740,1256.77511778882,2500,1308.10341870916,2050981,41.6287231445312
1741,1527.86578340472,2500,1353.15002712775,2053481,54.2385787963867
1742,1226.00104038843,2500,1365.92031489185,2055981,54.1897430419922
1743,1101.57795573516,2500,1335.18814558447,2058481,31.9248886108398
1744,1615.80422713544,2500,1381.85796797375,2060981,62.4682235717773
1745,1314.07936957646,2500,1353.18203100877,2063481,46.5201835632324
1746,1300.33251090104,2500,1344.97319759383,2065981,51.5783615112305
1747,1287.09186028026,2500,1368.34080237252,2068481,36.7976303100586
1748,1419.76558267301,2500,1358.03582165886,2070981,62.5925636291504
1749,1192.13302913629,2500,1324.14264770196,2073481,29.6531715393066
1750,1178.52059046217,2500,1316.3171949693,2075981,33.0201034545898
1751,1420.18906413469,2500,1305.5495230423,2078481,55.2319831848145
1752,1377.88303359486,2500,1320.73772236294,2080981,40.5270538330078
1753,1189.71471282302,2500,1329.55139807172,2083481,32.378360748291
1754,1328.607480209,2500,1300.83172337908,2085981,47.5916328430176
1755,1407.83209826238,2500,1310.20699624767,2088481,43.5444068908691
1756,1309.5883172068,2500,1311.13257687825,2090981,45.544605255127
1757,1195.53965667194,2500,1301.97735651742,2093481,27.1664962768555
1758,1169.08276437273,2500,1276.90907468739,2095981,28.2656116485596
1759,1306.71265919175,2500,1288.36703769293,2098481,33.3865089416504
1760,1422.23944478179,2500,1312.7389231249,2100981,55.0294303894043
1761,1413.02967536243,2500,1312.02298424767,2103481,44.4037246704102
1762,1424.06911923145,2500,1316.64159281133,2105981,62.6278495788574
1763,1312.33556540582,2500,1328.90367806961,2108481,38.5370101928711
1764,1409.68762144597,2500,1337.01169219331,2110981,42.1107330322266
1765,1424.16398740028,2500,1338.6448811071,2113481,42.1879806518555
1766,1509.8752766063,2500,1358.67357704705,2115981,52.8137741088867
1767,1430.63892911585,2500,1382.18350429144,2118481,64.413200378418
1768,1399.22818690317,2500,1405.19804654448,2120981,60.6474342346191
1769,1212.7744713602,2500,1395.80422776133,2123481,43.5629768371582
1770,1116.20721297113,2500,1365.20100458026,2125981,29.4343414306641
1771,1177.72072334388,2500,1341.67010937841,2128481,39.5658874511719
1772,1125.64070956339,2500,1311.8272684116,2130981,39.3936996459961
1773,1523.15317447146,2500,1332.90902931816,2133481,57.8452987670898
1774,1525.89107745876,2500,1344.52937491944,2135981,59.789421081543
1775,1476.24081343415,2500,1349.73705752283,2138481,59.7118377685547
1776,1485.95520174982,2500,1347.34505003718,2140981,46.7828788757324
1777,1157.11019363099,2500,1319.9921764887,2143481,34.7414016723633
1778,1529.68473663463,2500,1333.03783146184,2145981,66.2672882080078
1779,1354.22618742419,2500,1347.18300306824,2148481,50.4904708862305
1780,1420.484156751,2500,1377.61069744623,2150981,61.2860832214355
1781,1141.83870249371,2500,1374.02249536121,2153481,43.2915153503418
1782,1514.73924690639,2500,1412.93234909551,2155981,54.2870635986328
1783,1189.64121345466,2500,1379.58115299383,2158481,33.249942779541
1784,1234.36119233455,2500,1350.42816448141,2160981,53.7328758239746
1785,1653.71124637624,2500,1368.17520777562,2163481,59.5781364440918
1786,1195.01270918338,2500,1339.08095851897,2165981,33.7696113586426
1787,1306.18544697043,2500,1353.98848385292,2168481,61.3110733032227
1788,1312.49109638105,2500,1332.26911982756,2170981,33.1150131225586
1789,1142.06454391418,2500,1311.05295547656,2173481,46.2839202880859
1790,1604.9986223052,2500,1329.50440203198,2175981,51.8399391174316
1791,1184.88761236083,2500,1333.80929301869,2178481,29.3490867614746
1792,1177.56100062935,2500,1300.09146839099,2180981,45.0710258483887
1793,1086.98717436323,2500,1289.82606448184,2183481,26.56276512146
1794,1159.82031051057,2500,1282.37197629944,2185981,45.5303649902344
1795,1428.57022902094,2500,1259.85787456392,2188481,46.0320243835449
1796,1226.33513378892,2500,1262.99011702447,2190981,30.8983631134033
1797,1315.68008785457,2500,1263.93958111288,2193481,45.3844604492188
1798,1407.59061713578,2500,1273.44953318836,2195981,43.5079612731934
1799,1314.52681419745,2500,1290.69576021668,2198481,38.4418601989746
1800,1320.04705807983,2500,1262.20060379415,2200981,60.3593482971191
1801,1365.81676091319,2500,1280.29351864938,2203481,65.1447906494141
1802,1324.87286879779,2500,1295.02470546623,2205981,62.2358093261719
1803,1200.39317228964,2500,1306.36530525887,2208481,38.9784126281738
1804,1179.57881250867,2500,1308.34115545868,2210981,36.4818000793457
1805,1265.03148367448,2500,1291.98728092403,2213481,36.2595520019531
1806,1422.60966118103,2500,1311.61473366324,2215981,57.6775665283203
1807,1101.56792289328,2500,1290.20351716712,2218481,26.717472076416
1808,1191.36725277021,2500,1268.58118073056,2220981,51.254768371582
1809,1098.51427455134,2500,1246.97992676595,2223481,32.3213958740234
1810,1092.61034586607,2500,1224.23625554457,2225981,28.4529609680176
1811,1095.01215487534,2500,1197.15579494079,2228481,27.8935470581055
1812,1200.66793656363,2500,1184.73530171737,2230981,44.4120254516602
1813,1229.0305792553,2500,1187.59904241394,2233481,27.7707481384277
1814,1193.38922733693,2500,1188.98008389676,2235981,40.6722755432129
1815,1424.14635375222,2500,1204.89157090454,2238481,57.054744720459
1816,1618.65848181563,2500,1224.49645296799,2240981,64.2542343139648
1817,1186.4252850981,2500,1232.98218918848,2243481,26.8886814117432
1818,1196.53012584164,2500,1233.49847649562,2245981,29.0358428955078
1819,1226.03381634413,2500,1246.2504306749,2248481,49.7615852355957
1820,1510.51291490913,2500,1288.04068757921,2250981,53.7332344055176
1821,1409.84312659018,2500,1319.52378475069,2253481,60.2661895751953
1822,1412.29580370969,2500,1340.6865714653,2255981,62.7154846191406
1823,1420.93587593288,2500,1359.87710113305,2258481,47.4603881835938
1824,1313.79483034472,2500,1371.91766143383,2260981,61.7443542480469
1825,1409.94959562132,2500,1370.49798562074,2263481,51.6969299316406
1826,1240.69710704187,2500,1332.70184814337,2265981,55.0066604614258
1827,1290.43643158252,2500,1343.10296279181,2268481,56.6193504333496
1828,1221.99486313789,2500,1345.64943652143,2270981,59.0809059143066
1829,1314.72555918184,2500,1354.5186108052,2273481,33.7689628601074
1830,1324.30022752724,2500,1335.89734206702,2275981,41.6857452392578
1831,1244.73628678123,2500,1319.38665808612,2278481,40.1512603759766
1832,1508.84808611836,2500,1329.04188632699,2280981,56.3993339538574
1833,1228.5327751965,2500,1309.80157625335,2283481,50.932487487793
1834,1283.4072782128,2500,1306.76282104016,2285981,43.3185882568359
1835,1213.06877452427,2500,1287.07473893045,2288481,35.131160736084
1836,1220.12699911339,2500,1285.0177281376,2290981,34.0063629150391
1837,1294.19743776543,2500,1285.39382875589,2293481,61.8172149658203
1838,1204.3091653185,2500,1283.62525897396,2295981,37.983470916748
1839,1268.54535501267,2500,1279.00723855704,2298481,60.6395034790039
1840,1113.35509498956,2500,1257.91272530327,2300981,34.2775344848633
1841,1117.95969586469,2500,1245.23506621162,2303481,33.7281227111816
1842,1423.05177719977,2500,1236.65543531976,2305981,25.4275074005127
1843,1326.08841756057,2500,1246.41099955617,2308481,38.3554878234863
1844,1190.05471300938,2500,1237.07574303582,2310981,48.3705749511719
1845,1629.96369775927,2500,1278.76523535932,2313481,64.1486282348633
1846,1312.87795822491,2500,1288.04033127048,2315981,61.008243560791
1847,1298.22252820209,2500,1288.44284031414,2318481,52.9767456054688
1848,1394.16097352072,2500,1307.42802113436,2320981,26.9666290283203
1849,1316.30965457895,2500,1312.20445109099,2323481,48.3263206481934
1850,1098.3995235365,2500,1310.70889394568,2325981,36.6050453186035
1851,1523.33129818881,2500,1351.2460541781,2328481,65.9755554199219
1852,1212.58263929986,2500,1330.19914038811,2330981,49.6422424316406
1853,1191.22669408805,2500,1316.71296804085,2333481,55.7220153808594
1854,1288.84534168071,2500,1326.59203090799,2335981,30.7692680358887
1855,1312.80205079212,2500,1294.87586621127,2338481,54.8340339660645
1856,1399.82532827164,2500,1303.57060321595,2340981,32.8542823791504
1857,1533.54871606727,2500,1327.10322200246,2343481,68.053352355957
1858,1570.83706383951,2500,1344.77083103434,2345981,65.1682891845703
1859,1311.4979252006,2500,1344.28965809651,2348481,36.5410957336426
1860,1525.52108217598,2500,1387.00181396046,2350981,66.1403961181641
1861,1185.07972441641,2500,1353.17665658322,2353481,35.6241226196289
1862,1400.02679860111,2500,1371.92107251334,2355981,42.4709091186523
1863,1425.93536067497,2500,1395.39193917203,2358481,56.0590133666992
1864,1269.25456906171,2500,1393.43286191013,2360981,64.2552795410156
1865,1280.58279671228,2500,1390.21093650215,2363481,52.8002395629883
1866,1176.33647402824,2500,1367.86205107781,2365981,30.6065273284912
1867,1399.741378601,2500,1354.48131733118,2368481,41.4106521606445
1868,1295.09315225189,2500,1326.90692617242,2370981,57.7790756225586
1869,1348.6455356084,2500,1330.6216872132,2373481,60.1447830200195
1870,1487.93037821285,2500,1326.86261681689,2375981,62.4214096069336
1871,1198.54750314692,2500,1328.20939468994,2378481,32.1946029663086
1872,1312.98316757936,2500,1319.50503158776,2380981,36.0534324645996
1873,1364.53511785727,2500,1313.36500730599,2383481,56.7003021240234
1874,1416.72350116221,2500,1328.11190051604,2385981,64.53759765625
1875,1414.28979761626,2500,1341.48260060644,2388481,40.8456344604492
1876,1201.12796880843,2500,1343.96175008446,2390981,30.355583190918
1877,1304.14638851816,2500,1334.40225107617,2393481,49.9008293151855
1878,1317.93259853807,2500,1336.68619570479,2395981,52.9861488342285
1879,1192.40904905554,2500,1321.06254704951,2398481,28.7323226928711
1880,1264.52754137017,2500,1298.72226336524,2400981,60.0063400268555
1881,1231.59038335151,2500,1302.0265513857,2403481,54.9047737121582
1882,1515.90793467753,2500,1322.31902809552,2405981,51.0781631469727
1883,1312.24199927648,2500,1317.08971623744,2408481,36.6306571960449
1884,1425.87103627929,2500,1318.00446974914,2410981,53.5669937133789
1885,1281.81461714204,2500,1304.75695170172,2413481,61.275089263916
1886,1262.40131338082,2500,1310.88428615896,2415981,57.6282958984375
1887,1324.67285973504,2500,1312.93693328065,2418481,39.3474502563477
1888,1104.97026119274,2500,1291.64069954612,2420981,24.6231021881104
1889,1324.16484591159,2500,1304.81627923172,2423481,50.9030151367188
1890,1309.31780536033,2500,1309.29530563074,2425981,56.2685699462891
1891,1080.35608213916,2500,1294.1718755095,2428481,24.2147769927979
1892,1314.55345593084,2500,1274.03642763483,2430981,56.6211242675781
1893,1426.04929480191,2500,1285.41715718738,2433481,59.2580947875977
1894,1360.78030557712,2500,1278.90808411716,2435981,55.0019416809082
1895,1215.37471380749,2500,1272.2640937837,2438481,52.7494010925293
1896,1321.41155277923,2500,1278.16511772354,2440981,39.276065826416
1897,1323.2855395366,2500,1278.0263857037,2443481,49.2632675170898
1898,1278.38742355722,2500,1295.36810194015,2445981,52.8359909057617
1899,1298.33367945474,2500,1292.78498529446,2448481,49.6499252319336
1900,1395.67218730302,2500,1301.42042348873,2450981,50.2415084838867
1901,1401.51466894059,2500,1333.53628216888,2453481,33.7854232788086
1902,1329.07438396988,2500,1334.98837497278,2455981,67.861442565918
1903,1334.61621045716,2500,1325.84506653831,2458481,50.2181701660156
1904,1216.45529309612,2500,1311.41256529021,2460981,57.0076484680176
1905,1295.68217240947,2500,1319.4433111504,2463481,58.4270210266113
1906,1385.55709943094,2500,1325.85786581557,2465981,40.7234687805176
1907,1309.38414735198,2500,1324.46772659711,2468481,65.0426559448242
1908,1357.21300222702,2500,1332.35028446409,2470981,65.8357849121094
1909,1275.48283186207,2500,1330.06519970482,2473481,50.3875999450684
1910,1403.56204107458,2500,1330.85418508198,2475981,66.9463500976562
1911,1199.57994425911,2500,1310.66071261383,2478481,28.1210498809814
1912,1313.57693968177,2500,1309.11096818502,2480981,34.8365249633789
1913,1194.53187030264,2500,1295.10253416957,2483481,60.0687446594238
1914,1256.30195671878,2500,1299.08720053184,2485981,35.1465148925781
1915,1314.04299554435,2500,1300.92328284532,2488481,66.6538238525391
1916,1261.34311750628,2500,1288.50188465286,2490981,65.7907028198242
1917,1317.88393660464,2500,1289.35186357812,2493481,63.3591918945312
1918,1287.28865804295,2500,1282.35942915972,2495981,28.4714469909668
1919,1282.90591318085,2500,1283.1017372916,2498481,38.5796203613281
1920,1359.52144130783,2500,1278.69767731492,2500981,38.8332557678223
1921,1419.03738333423,2500,1300.64342122243,2503481,59.2112617492676
1922,1137.91543021753,2500,1283.07727027601,2505981,29.908992767334
1923,1197.14895041341,2500,1283.33897828709,2508481,27.8251209259033
1924,1235.68597700351,2500,1281.27738031556,2510981,29.6416511535645
1925,1160.81447936413,2500,1265.95452869754,2513481,27.972936630249
1926,1405.93509721921,2500,1280.41372666883,2515981,28.3240356445312
1927,1167.9152815725,2500,1265.41686116562,2518481,54.8985443115234
1928,1168.3157021541,2500,1253.51956557673,2520981,56.7745246887207
1929,1191.40471532714,2500,1244.36944579136,2523481,50.9304580688477
1930,1287.75736925212,2500,1237.19303858579,2525981,60.3701019287109
1931,1184.47596856597,2500,1213.73689710896,2528481,41.1251449584961
1932,1214.93037848003,2500,1221.43839193521,2530981,54.4462242126465
1933,1409.88760890404,2500,1242.71225778427,2533481,36.8110809326172
1934,1156.39964578527,2500,1234.78362466245,2535981,47.4502143859863
1935,1168.54643369697,2500,1235.55682009573,2538481,65.1822814941406
1936,1296.35957848817,2500,1224.59926822263,2540981,30.1534481048584
1937,1303.78981359628,2500,1238.18672142501,2543481,24.4487113952637
1938,1090.95717631291,2500,1230.45086884089,2545981,61.9531936645508
1939,1193.45246482843,2500,1230.65564379102,2548481,33.8337593078613
1940,1149.08544260303,2500,1216.78845112611,2550981,45.5153427124023
1941,1254.04457772919,2500,1223.74531204243,2553481,44.2856864929199
1942,1172.56536485912,2500,1219.50881068034,2555981,62.0145301818848
1943,1291.89244113564,2500,1207.7092939035,2558481,25.1639652252197
1944,1083.27042195216,2500,1200.39637152019,2560981,30.6911163330078
1945,1011.15577092947,2500,1184.65730524344,2563481,66.6035385131836
1946,1197.03816770446,2500,1174.72516416507,2565981,40.3558044433594
1947,1008.23689111728,2500,1145.16987191717,2568481,68.0927429199219
1948,1085.61181388761,2500,1144.63533567464,2570981,28.9401969909668
1949,1140.62050513933,2500,1139.35213970573,2573481,31.2108726501465
1950,1107.1948264035,2500,1135.16307808577,2575981,65.8060302734375
1951,990.881171106535,2500,1108.84673742351,2578481,39.8103103637695
1952,1112.55233112692,2500,1102.84543405029,2580981,39.9187240600586
1953,1094.29596084934,2500,1083.08578602166,2583481,66.0147857666016
1954,1309.84442277945,2500,1105.74318610439,2585981,30.7805213928223
1955,1256.67177037547,2500,1130.29478604899,2588481,30.3582458496094
1956,993.040107317746,2500,1109.89498001032,2590981,43.3893661499023
1957,1273.29399501752,2500,1136.40069040034,2593481,39.0055809020996
1958,906.657034899894,2500,1118.50521250157,2595981,42.072883605957
1959,358.57619812987,883,1040.30078180062,2596864,61.0369491577148
1960,1000.48729193376,2500,1029.63002835365,2599364,51.4261474609375
1961,1079.13368424347,2500,1038.45527966734,2601864,65.2416610717773
1962,975.054641052312,2500,1024.70551065988,2604364,47.5145301818848
1963,981.421105722312,2500,1013.41802514718,2606864,65.9550323486328
1964,1013.76414220846,2500,983.809997090081,2609364,28.1608695983887
1965,992.986857206591,2500,957.441505773193,2611864,52.6813697814941
1966,1096.7967832515,2500,967.817173366568,2614364,47.1490325927734
1967,1013.4238989503,2500,941.830163759847,2616864,41.6632118225098
1968,1184.70396343692,2500,969.634856613549,2619364,59.7621841430664
1969,384.591605835822,645,972.236397384144,2620009,50.3083953857422
1970,929.510122455956,2064,965.138680436364,2622073,44.4312934875488
1971,1037.86684489485,2500,961.011996501502,2624573,33.0136413574219
1972,1080.60647150268,2500,971.567179546539,2627073,27.7236766815186
1973,959.443800816871,2500,969.369449055995,2629573,59.7575340270996
1974,893.909377905729,2500,957.383972625722,2632073,53.0119705200195
1975,939.638017851408,2500,952.049088690203,2634573,43.3453521728516
1976,837.974188238214,2500,926.166829188875,2637073,46.2611656188965
1977,1219.04921078464,2500,946.729360372309,2639573,34.1322593688965
1978,993.810224231417,2500,927.639986451759,2642073,69.0752334594727
1979,971.690039739269,2500,986.349829842104,2644573,43.5871162414551
1980,613.428393862059,899,954.741656982714,2645472,47.3980941772461
1981,987.984781345175,2500,949.753450627746,2647972,45.6685333251953
1982,1125.47060357815,2500,954.239863835293,2650472,28.3032608032227
1983,563.537937734863,844,914.649277527092,2651316,43.8414688110352
1984,1386.51868460713,2500,963.910208197233,2653816,33.7678565979004
1985,1494.79409153318,2500,1019.42581556541,2656316,33.0390396118164
1986,1001.67981637287,2500,1035.79637837888,2658816,25.2577362060547
1987,768.467587559947,2500,990.738216056406,2661316,56.6930770874023
1988,1023.76573046544,2500,993.733766679809,2663816,56.2027130126953
1989,993.983037230437,1621,995.963066428926,2665437,32.9019355773926
1990,494.438764750865,769,984.064103517806,2666206,61.1660385131836
1991,894.011169541612,2028,974.66674233745,2668234,34.6723365783691
1992,1269.91327296532,2033,989.111009276167,2670267,30.3212242126465
1993,980.236816777374,2500,1030.78089718042,2672767,50.4998512268066
1994,1108.98332350857,2500,1003.02736107056,2675267,29.5378170013428
1995,207.356567661895,589,874.283608683433,2675856,50.2899017333984
1996,495.117303751165,1546,823.627357421263,2677402,48.5674057006836
1997,949.688647933214,2500,841.749463458589,2679902,38.6398811340332
1998,1279.34508765548,2500,867.307399177594,2682402,27.4090003967285
1999,668.855272745687,2382,834.794622729119,2684784,51.0201568603516
2000,944.328146766498,2500,879.783560930682,2687284,67.022216796875
2001,539.617621307394,1407,844.34420610726,2688691,36.9912719726562
2002,423.249902880603,692,759.677869098788,2689383,31.6304664611816
2003,279.908020338482,426,689.644989454899,2689809,39.0248680114746
2004,1147.11552072246,2127,693.458209176288,2691936,28.8244342803955
2005,1144.47191309467,2500,787.169743719565,2694436,27.1306114196777
2006,766.899510732891,2500,814.347964417738,2696936,51.257022857666
2007,1296.21584507582,2500,849.000684131998,2699436,29.2106304168701
2008,690.096729214456,1292,790.075848287895,2700728,28.9130096435547
2009,803.741825351753,1420,803.564503548502,2702148,33.067985534668
2010,1046.8759544904,2500,813.819284320892,2704648,26.5764312744141
2011,652.926604360828,2500,825.150182626236,2707148,60.0608291625977
2012,287.27907236419,436,811.553099574595,2707584,35.0871887207031
2013,1241.94730111065,2500,907.757027651811,2710084,36.2891426086426
2014,1513.31083582389,2500,944.376559161954,2712584,50.1142120361328
2015,1155.32500678025,2500,945.461868530513,2715084,26.4086742401123
2016,1042.4185247115,2500,973.013769928374,2717584,35.3402900695801
2017,72.6846398661419,92,850.660649407406,2717676,51.9881134033203
2018,516.46808934696,894,833.297785420657,2718570,33.6821365356445
2019,1429.44029801952,2500,895.867632687433,2721070,27.50412940979
2020,880.561730349077,2500,879.236210273301,2723570,31.8325576782227
2021,1205.60074536344,2500,934.503624373562,2726070,32.5685157775879
2022,664.860921032007,2500,972.261809240344,2728570,56.7651443481445
2023,978.540626368885,2500,945.921141766168,2731070,36.7171325683594
2024,255.806813082085,295,820.170739491987,2731365,67.4280014038086
2025,147.152063028396,548,719.353445116802,2731913,53.7258682250977
2026,78.9263590436251,100,623.004228550014,2732013,54.0641784667969
2027,387.352161519711,1346,654.470980715371,2733359,56.6261520385742
2028,258.815899142267,415,628.705761694902,2733774,38.0012435913086
2029,91.3981162071383,115,494.901543513664,2733889,53.9237861633301
2030,452.071290361235,730,452.052499514879,2734619,49.0297241210938
2031,391.195002535484,549,370.611925232083,2735168,46.8485832214355
2032,679.30810842653,1742,372.056643971536,2736910,69.2272567749023
2033,819.140869724994,2500,356.116668307147,2739410,64.218994140625
2034,216.666871555478,251,352.202674154486,2739661,67.1551513671875
2035,991.823835869383,2500,436.669851438584,2742161,37.7999801635742
2036,1011.9100019147,2500,529.968215725692,2744661,26.3670234680176
2037,842.432480392793,2500,575.476247613001,2747161,63.5945663452148
2038,886.196306387034,2500,638.214288337477,2749661,27.8004531860352
2039,955.292984073572,2500,724.603775124121,2752161,30.8122596740723
2040,575.000054956416,853,736.896651583639,2753014,64.8593063354492
2041,1073.64337368608,2500,805.141488698698,2755514,38.3304328918457
2042,1125.91412931844,2500,849.802090787889,2758014,32.4356117248535
2043,981.357939217395,2500,866.023797737129,2760514,28.284107208252
2044,830.041730691367,2500,927.361283650718,2763014,59.3955841064453
2045,286.181562650699,1177,856.79705632885,2764191,40.7175331115723
2046,923.157568121422,2500,847.921812949521,2766691,67.2608489990234
2047,846.152207327031,1562,848.293785642945,2768253,35.3093299865723
2048,1323.2943386146,2500,892.003588865702,2770753,31.1015968322754
2049,960.91731102833,2500,892.566021561178,2773253,28.7555198669434
2050,1104.43065529884,2500,945.50908159542,2775753,34.0440521240234
2051,862.399594125958,1378,924.384703639408,2777131,47.1570205688477
2052,675.847777612249,1831,879.378068468788,2778962,68.4442291259766
2053,1009.37395454864,2500,882.179670001912,2781462,40.1298904418945
2054,788.013861629466,1294,877.976883095722,2782756,54.1512603759766
2055,386.765804815723,643,888.035307312225,2783399,46.2770805358887
2056,996.602694671634,2500,895.379819967246,2785899,28.1995582580566
2057,354.116877522356,615,846.176286986778,2786514,47.9638519287109
2058,838.416274153174,2500,797.688480540636,2789014,37.0256080627441
2059,978.016163622023,2500,799.398365800005,2791514,40.3454475402832
2060,848.782297099164,2500,773.833529980038,2794014,48.3480644226074
2061,1115.181259751,2500,799.111696542542,2796514,39.964973449707
2062,778.038002976157,2500,809.330719078933,2799014,48.2232208251953
2063,1157.48205367264,2500,824.141528991334,2801514,37.9562110900879
2064,706.423583794773,1210,815.982501207865,2802724,64.8315963745117
2065,840.058524066064,2500,861.311773132898,2805224,27.8805885314941
2066,854.933304197385,1577,847.144834085474,2806801,47.8100471496582
2067,906.949072954719,2500,902.42805362871,2809301,30.6917057037354
2068,1365.10891610179,2500,955.097317823572,2811801,61.1585998535156
2069,852.765699576993,2500,942.572271419069,2814301,33.7211990356445
2070,641.160848675008,2500,921.810126576653,2816801,49.4725494384766
2071,984.26697013537,2500,908.718697615091,2819301,39.202808380127
2072,833.255581880866,2500,914.240455505562,2821801,45.3384017944336
2073,535.910894941552,810,852.083339632452,2822611,70.2069091796875
2074,773.188983366375,2500,858.759879589613,2825111,32.9091796875
2075,849.19218074417,2500,859.673245257423,2827611,28.7579956054688
2076,160.199184285838,190,790.199833266268,2827801,65.8811416625977
2077,1122.92782981919,2500,811.797708952716,2830301,29.1779117584229
2078,883.186596898612,2500,763.605477032398,2832801,27.8140983581543
2079,1055.07661850261,2500,783.836568924959,2835301,59.2426261901855
2080,1013.01244604379,2500,821.021728661838,2837801,51.0338439941406
2081,1132.84120682685,2500,835.879152330986,2840301,44.3556938171387
2082,1156.64134113046,2500,868.217728255946,2842801,69.9933166503906
2083,967.969617569089,2500,911.423600518699,2845301,29.3012924194336
2084,986.143131697176,2500,932.719015351779,2847801,40.456615447998
2085,257.127110398958,409,873.512508317258,2848210,48.6440200805664
2086,904.434788283456,2500,947.93606871702,2850710,32.0476837158203
2087,985.889407835984,2500,934.232226518699,2853210,33.0402450561523
2088,954.379966976561,2500,941.351563526494,2855710,63.8786849975586
2089,1085.53129021632,2500,944.397030697865,2858210,68.2217254638672
2090,964.053924406808,2500,939.501178534167,2860710,34.9377517700195
2091,974.043676619283,2500,923.62142551341,2863210,30.8097343444824
2092,89.7300778013702,112,816.930299180501,2863322,53.3263473510742
2093,875.194382145656,2500,807.652775638158,2865822,29.870189666748
2094,1101.52458748254,2500,819.190921216694,2868322,53.1814308166504
2095,990.294399527036,2500,892.507650129502,2870822,38.1948776245117
2096,1631.6569594397,2500,965.229867245126,2873322,63.4532623291016
2097,926.289110480349,2500,959.269837509563,2875822,30.7892684936523
2098,1108.60896445802,2500,974.692737257708,2878322,57.9450416564941
2099,499.879375943807,771,916.127545830457,2879093,66.7122955322266
2100,1109.30128932525,1859,930.652282322301,2880952,61.0954666137695
2101,1477.29398864681,2500,980.977313525054,2883452,68.3457641601562
2102,958.140908308324,2500,1067.81839657575,2885952,37.6219596862793
2103,1527.13599667649,2500,1133.01255802883,2888452,72.5415344238281
2104,1311.75311033375,2500,1154.03541031395,2890952,58.7337226867676
2105,1386.10397688345,2500,1193.6163680496,2893452,35.5981636047363
2106,950.062892519797,2500,1125.4569613576,2895952,36.9422454833984
2107,426.2158598741,738,1075.44963629698,2896690,51.3821334838867
2108,1230.93544953323,2500,1087.6822848045,2899190,69.3904647827148
2109,1132.54359733991,2500,1150.94870694411,2901690,45.9396591186523
2110,214.422045242777,247,1061.46078253586,2901937,64.1599426269531
2111,281.281781416051,435,941.859561812788,2902372,39.622917175293
2112,1019.76674398724,2500,948.022145380679,2904872,34.2439842224121
2113,993.320760467839,2500,894.640621759814,2907372,39.2727355957031
2114,1020.31451983052,2500,865.496762709491,2909872,36.1557807922363
2115,1041.12815787515,2500,830.999180808662,2912372,31.4849300384521
2116,1113.44468241845,2500,847.337359798527,2914872,31.8245105743408
2117,1426.96936728709,2500,947.412710539826,2917372,51.4129028320312
2118,1184.69044026002,2500,942.788209612504,2919872,69.1037826538086
2119,1192.7501695775,2500,948.808866836263,2922372,58.3093299865723
2120,1503.77926295737,2500,1077.74458860772,2924872,66.1097183227539
2121,421.293056985832,580,1091.7457161647,2925452,50.9177856445312
2122,1137.6391424666,2500,1103.53295601264,2927952,68.2622680664062
2123,1242.69151281646,2500,1128.4700312475,2930452,71.4303131103516
2124,1420.76876369237,2500,1168.51545563368,2932952,45.3642539978027
2125,1442.27775027192,2500,1208.63041487336,2935452,60.8130073547363
2126,1110.91516778377,2500,1208.37746340989,2937952,39.0777168273926
2127,1496.1572496546,2500,1215.29625164664,2940452,53.4291763305664
2128,1276.01039383668,2500,1224.42824700431,2942952,72.5449600219727
2129,1433.32658975098,2500,1248.48588902166,2945452,42.5360374450684
2130,1405.1009003452,2500,1238.61805276044,2947952,57.3084030151367
2131,1413.36856735664,2500,1337.82560379752,2950452,60.6445198059082
2132,1032.17526230268,2500,1327.27921578113,2952952,38.4034271240234
2133,1015.72555353894,2500,1304.58261985338,2955452,27.4708251953125
2134,1326.63141711332,2500,1295.16888519547,2957952,54.5053596496582
2135,1238.83128417195,2500,1274.82423858548,2960452,72.3106231689453
2136,1264.58753693628,2500,1290.19147550073,2962952,57.1005096435547
2137,1395.94064019989,2500,1280.16981455526,2965452,72.892707824707
2138,1024.68913818236,2500,1255.03768898982,2967952,42.783618927002
2139,961.22976108765,2500,1207.82800612349,2970452,25.7672805786133
2140,1072.15239117895,2500,1174.53315520686,2972952,30.530632019043
2141,1006.77650400106,2500,1133.87394887131,2975452,36.4305648803711
2142,1056.10598974877,2500,1136.26702161592,2977952,43.84326171875
2143,1063.92688944082,2500,1141.0871552061,2980452,29.6119041442871
2144,1131.57609168074,2386,1121.58162266285,2982838,68.8084106445312
2145,1248.90397490076,2500,1122.58889173573,2985338,36.2703552246094
2146,1174.422591271,2500,1113.5723971692,2987838,63.2498779296875
2147,982.940539528114,2500,1072.27238710202,2990338,35.5631675720215
2148,1168.61765539164,2500,1086.66523882295,2992838,43.9077682495117
2149,1071.56656718353,2500,1097.69891943254,2995338,47.7650833129883
2150,1027.61783096832,2500,1093.24546341148,2997838,25.6271572113037
2151,1374.39206492406,2500,1130.00701950378,3000338,47.5807266235352
2152,961.83514963606,2500,1120.57993549251,3002838,28.8235950469971
2153,1504.93275984031,2500,1164.68052253245,3005338,44.5967025756836
2154,1300.03561398295,2500,1181.52647476268,3007838,54.5275688171387
2155,1116.73087259045,2500,1168.30916453164,3010338,42.5009460449219
2156,1558.84095806123,2500,1206.75100121067,3012838,59.6267166137695
2157,1212.40976144671,2500,1229.69792340253,3015338,62.8195571899414
2158,1154.14798976332,2500,1228.25095683969,3017838,32.5269393920898
2159,1266.12794407961,2500,1247.7070945293,3020338,48.3375930786133
2160,1390.29610312414,2500,1283.97492174488,3022838,63.195613861084
2161,1057.99939107663,2500,1252.33565436014,3025338,35.5014572143555
2162,1205.18891011276,2500,1276.67103040781,3027838,49.3293228149414
2163,1414.2994794684,2500,1267.60770237062,3030338,65.0682144165039
2164,1327.93051072772,2500,1270.3971920451,3032838,71.4386978149414
2165,1173.50629499735,2500,1276.07473428579,3035338,39.6837501525879
2166,1568.81826810118,2500,1277.07246528978,3037838,69.3668899536133
2167,1308.78006792523,2500,1286.70949593764,3040338,58.3771858215332
2168,1508.03756196338,2500,1322.09845315764,3042838,51.7576484680176
2169,1301.89131084503,2500,1325.67478983418,3045338,69.3940277099609
2170,1200.15582009051,2500,1306.66076153082,3047838,51.136287689209
2171,1268.37253808559,2500,1327.69807623172,3050338,52.985710144043
2172,1255.15510636126,2500,1332.69469585657,3052838,72.339111328125
2173,1529.3798676229,2500,1344.20273467202,3055338,38.9411125183105
2174,1245.47656476694,2500,1335.95734007594,3057838,31.4398612976074
2175,1300.45558598458,2500,1348.65226917466,3060338,70.255126953125
2176,1209.07282609633,2500,1312.67772497418,3062838,68.4354400634766
2177,1462.18858280237,2500,1328.01857646189,3065338,39.0888404846191
2178,1137.65408952283,2500,1290.98022921783,3067838,35.2198791503906
2179,1309.95272638823,2500,1291.78637077215,3070338,42.9334754943848
2180,1439.7288777328,2500,1315.74367653638,3072838,39.4274024963379
2181,1308.00135572196,2500,1319.70655830002,3075338,68.9546356201172
2182,1309.58417865689,2500,1325.14946552958,3077838,55.0512390136719
2183,1442.37333955565,2500,1316.44881272286,3080338,72.5565795898438
2184,1326.46568641886,2500,1324.54772488805,3082838,64.9953079223633
2185,1434.87199631344,2500,1337.98936592094,3085338,48.9973030090332
2186,1312.93880947459,2500,1348.37596425876,3087838,66.6701278686523
2187,1308.96960974457,2500,1333.05406695298,3090338,56.4682312011719
2188,1373.65599401263,2500,1356.65425740196,3092838,39.9461250305176
2189,1326.76865786472,2500,1358.33585054961,3095338,30.9973812103271
2190,1536.15768303034,2500,1367.97873107937,3097838,59.7447319030762
2191,1339.34617101686,2500,1371.11321260886,3100338,38.211181640625
2192,1457.3578004122,2500,1385.89057478439,3102838,46.7677917480469
2193,1496.11253804921,2500,1391.26449463374,3105338,53.4990653991699
2194,1102.26092741735,2500,1368.84401873359,3107838,28.6491508483887
2195,985.348758184733,2500,1323.89169492072,3110338,32.3758811950684
2196,1532.89020078008,2500,1345.88683405127,3112838,58.3939552307129
2197,1254.3360273482,2500,1340.42347581163,3115338,44.2770843505859
2198,1473.60689597555,2500,1350.41856600792,3117838,50.1149673461914
2199,1158.65464998948,2500,1333.6071652204,3120338,29.4388942718506
2200,1597.86224024461,2500,1339.77762094183,3122838,34.6475715637207
2201,1583.29880516838,2500,1364.17288435698,3125338,48.2749824523926
2202,1222.28906035734,2500,1340.66601035149,3127838,45.3929977416992
2203,1463.85902523891,2500,1337.44065907046,3130338,58.8699760437012
2204,1440.51184125365,2500,1371.26575045409,3132838,61.6563034057617
2205,1343.59260171083,2500,1407.0901348067,3135338,28.1353569030762
2206,1510.26891990016,2500,1404.82800671871,3137838,72.4985427856445
2207,1516.09626413557,2500,1431.00403039745,3140338,62.1797485351562
2208,1408.48041278761,2500,1424.49138207865,3142838,43.5763893127441
2209,1711.56904750159,2500,1479.78282182986,3145338,50.6852531433105
2210,1332.34193934429,2500,1453.23079173983,3147838,43.1912956237793
2211,1553.84801008993,2500,1450.28571223199,3150338,68.258903503418
2212,1475.67190219895,2500,1475.62399641615,3152838,48.6303901672363
2213,1255.65494186719,2500,1454.80358807898,3155338,39.0059661865234
2214,1247.93818411351,2500,1435.54622236496,3157838,39.4880218505859
2215,1293.31932272658,2500,1430.51889446654,3160338,35.902099609375
2216,1455.73258528827,2500,1425.06526100535,3162838,58.6550369262695
2217,1578.9457907172,2500,1431.35021366351,3165338,65.5561981201172
2218,1432.97024849104,2500,1433.79919723385,3167838,52.7665100097656
2219,1448.52522182082,2500,1407.49481466578,3170338,58.0797309875488
2220,1721.57629305117,2500,1446.41825003646,3172838,71.5084381103516
2221,1425.20296329165,2500,1433.55374535664,3175338,62.8638191223145
2222,1426.48321355206,2500,1428.63487649195,3177838,41.8491363525391
2223,1555.12865833071,2500,1458.5822481383,3180338,58.6878547668457
2224,1419.00469984684,2500,1475.68889971163,3182838,55.4842338562012
2225,1239.30960928467,2500,1470.28792836744,3185338,39.0846672058105
2226,1589.5234812836,2500,1483.66701796698,3187838,40.9654808044434
2227,1336.72592409014,2500,1459.44503130427,3190338,36.3747406005859
2228,1453.5065438349,2500,1461.49866083866,3192838,67.6798858642578
2229,1228.04682004373,2500,1439.45082066095,3195338,33.7653961181641
2230,1231.63701113099,2500,1390.45689246893,3197838,39.262939453125
2231,1326.71016487682,2500,1380.60761262745,3200338,53.3891906738281
2232,1228.60484141864,2500,1360.81977541411,3202838,34.7456321716309
2233,1307.57538194327,2500,1336.06444777536,3205338,32.1994018554688
2234,1216.71564254158,2500,1315.83554204483,3207838,34.6241340637207
2235,1595.43924859818,2500,1351.44850597619,3210338,65.1214294433594
2236,1164.62612539364,2500,1308.95877038719,3212838,31.4306335449219
2237,1221.90378578406,2500,1297.47655655658,3215338,29.4653816223145
2238,1197.14582457791,2500,1271.84048463088,3217838,39.9477233886719
2239,1167.09761296535,2500,1265.74556392304,3220338,34.9609680175781
2240,1575.28225370883,2500,1300.11008818083,3222838,69.6102447509766
2241,1586.97959288036,2500,1326.13703098118,3225338,41.3709564208984
2242,1602.03442982755,2500,1363.47998982207,3227838,56.5373992919922
2243,1600.28419284928,2500,1392.75087091267,3230338,72.5504989624023
2244,1408.16228740368,2500,1411.89553539888,3232838,36.1825485229492
2245,1666.49731884979,2500,1419.00134242404,3235338,63.5210494995117
2246,1521.65808898779,2500,1454.70453878346,3237838,36.661247253418
2247,1514.74891100081,2500,1483.98905130513,3240338,25.2716388702393
2248,1525.0267122306,2500,1516.7771400704,3242838,71.8933334350586
2249,1812.48556075915,2500,1581.31593484978,3245338,58.1796798706055
2250,1399.8172535074,2500,1563.76943482964,3247838,43.1029434204102
2251,1567.46086845943,2500,1561.81756238755,3250338,58.3036041259766
2252,1505.35089282681,2500,1552.14920868747,3252838,47.1090316772461
2253,1507.08628807317,2500,1542.82941820986,3255338,37.5801239013672
2254,1243.71089938989,2500,1526.38427940848,3257838,37.5417938232422
2255,1225.22694059974,2500,1482.25724158348,3260338,29.9190521240234
2256,1251.00983127437,2500,1455.19241581214,3262838,33.3794403076172
2257,1655.9546712583,2500,1469.31299183789,3265338,61.8393936157227
2258,1688.34460319898,2500,1485.64478093472,3267838,54.1431427001953
2259,1515.15156326457,2500,1455.91138118527,3270338,49.0175247192383
2260,1695.60752436185,2500,1485.49040827071,3272838,70.3030624389648
2261,1677.58392024755,2500,1496.50271344952,3275338,63.7321548461914
2262,1508.36432639159,2500,1496.804056806,3277838,54.0842819213867
2263,1583.68429100096,2500,1504.46385709878,3280338,35.8690414428711
2264,1337.15383123578,2500,1513.80815028337,3282838,37.6680221557617
2265,1792.22683083091,2500,1570.50813930649,3285338,76.5355987548828
2266,1512.99176469553,2500,1596.7063326486,3287838,35.0517120361328
2267,1461.52529066213,2500,1577.26339458898,3290338,43.70068359375
2268,1703.10420900985,2500,1578.73935517007,3292838,39.3383407592773
2269,1583.12386029534,2500,1585.53658487315,3295338,52.8781967163086
2270,1630.2760244308,2500,1579.00343488004,3297838,59.7866134643555
2271,1213.48913015939,2500,1532.59395587123,3300338,33.6172256469727
2272,1297.42791578722,2500,1511.50031481079,3302838,30.2857627868652
2273,1556.68310497438,2500,1508.80019620813,3305338,54.1131896972656
2274,1331.44239512586,2500,1508.22905259714,3307838,33.033203125
2275,1262.15911778417,2500,1455.22228129247,3310338,36.7317199707031
2276,1701.37267011893,2500,1474.06037183481,3312838,57.7597045898438
2277,1527.60268053243,2500,1480.66811082184,3315338,39.3452453613281
2278,1420.74380982496,2500,1452.43207090335,3317838,54.2548713684082
2279,1628.79907345331,2500,1456.99959221915,3320338,60.0555267333984
2280,1613.56008288028,2500,1455.32799806409,3322838,59.8649787902832
2281,1598.00564968355,2500,1493.77965001651,3325338,69.7295761108398
2282,1225.21407599327,2500,1486.55826603712,3327838,33.5125312805176
2283,1293.08607464867,2500,1460.19856300454,3330338,31.3479270935059
2284,1619.65731840804,2500,1489.02005533276,3332838,50.8547782897949
2285,1713.59529007049,2500,1534.16367256139,3335338,47.3940315246582
2286,1413.57579878404,2500,1505.3839854279,3337838,36.1213874816895
2287,1640.31428857405,2500,1516.65514623207,3340338,54.550609588623
2288,1733.66599879137,2500,1547.94736512871,3342838,49.4040832519531
2289,1679.39509779685,2500,1553.00696756306,3345338,58.0480804443359
2290,1527.56242048711,2500,1544.40720132374,3347838,38.2060508728027
2291,1613.67329384346,2500,1545.97396573974,3350338,42.5117340087891
2292,1712.28071501174,2500,1594.68062964158,3352838,58.6905822753906
2293,1602.96439024031,2500,1625.66846120075,3355338,62.9445114135742
2294,1608.87150622319,2500,1624.58987998226,3357838,46.1294097900391
2295,1404.315055267,2500,1593.66185650191,3360338,30.7858409881592
2296,1392.01860151953,2500,1591.50613677546,3362838,32.708194732666
2297,1695.83626864004,2500,1597.05833478206,3365338,69.4036636352539
2298,1411.14845800794,2500,1564.80658070372,3367838,37.2433776855469
2299,1432.50773379435,2500,1540.11784430347,3370338,38.2506523132324
2300,1618.83679955341,2500,1549.2452822101,3372838,64.0167922973633
2301,1622.76438987586,2500,1550.15439181334,3375338,42.5455551147461
2302,1162.1349167087,2500,1495.13981198303,3377838,38.0166206359863
2303,1316.85842005709,2500,1466.52921496471,3380338,33.4131851196289
2304,1515.12738434487,2500,1457.15480277688,3382838,38.204418182373
2305,1627.34798450474,2500,1479.45809570065,3385338,66.6916809082031
2306,1599.58688461878,2500,1500.21492401058,3387838,59.4217910766602
2307,1707.5424845717,2500,1501.38554560374,3390338,54.4390983581543
2308,1607.63186015491,2500,1521.03388581844,3392838,49.9948234558105
2309,1507.20642402008,2500,1528.50375484101,3395338,37.6735305786133
2310,1420.7586593737,2500,1508.69594082304,3397838,30.9070243835449
2311,1563.92736076621,2500,1502.81223791208,3400338,42.6373443603516
2312,1523.5376684062,2500,1538.95251308183,3402838,38.4926719665527
2313,1415.48510500217,2500,1548.81518157634,3405338,35.3007545471191
2314,1525.42691239785,2500,1549.84513438163,3407838,44.6531448364258
2315,1305.05184437137,2500,1517.6155203683,3410338,32.8497314453125
2316,1617.26443335596,2500,1519.38327524202,3412838,51.1437110900879
2317,1515.87683328184,2500,1500.21671011303,3415338,33.3041152954102
2318,1665.35106553399,2500,1505.98863065094,3417838,63.316593170166
2319,1225.27550868045,2500,1477.79553911697,3420338,39.8501968383789
2320,1725.89816280404,2500,1508.30948946001,3422838,45.6686515808105
2321,1522.0577642149,2500,1504.12252980488,3425338,42.372875213623
2322,1311.29946328581,2500,1482.89870929284,3427838,33.9942665100098
2323,1512.52315823967,2500,1492.60251461659,3430338,54.8519592285156
2324,1321.03473633168,2500,1472.16329700997,3432838,39.2149963378906
2325,1724.91117080703,2500,1514.14922965354,3435338,49.2828826904297
2326,1621.1222049813,2500,1514.53500681607,3437838,46.0559158325195
2327,1594.7051510297,2500,1522.41783859086,3440338,70.1426239013672
2328,1722.66514573131,2500,1528.14924661059,3442838,67.6830596923828
2329,1523.30523154507,2500,1557.95221889705,3445338,56.6203117370605
2330,1602.09681415733,2500,1545.57208403238,3447838,56.4107437133789
2331,1464.47636331065,2500,1539.81394394196,3450338,67.6786499023438
2332,1612.58995594386,2500,1569.94299320776,3452838,53.4443016052246
2333,1326.98353124059,2500,1551.38903050785,3455338,36.8509063720703
2334,1603.13288881732,2500,1579.59884575642,3457838,61.1609115600586
2335,1232.5882288699,2500,1530.3665515627,3460338,42.6750946044922
2336,1151.30807792337,2500,1483.38513885691,3462838,29.1068382263184
2337,1505.90558433076,2500,1474.50518218702,3465338,69.4738998413086
2338,1610.43847101,2500,1463.28251471489,3467838,65.4636993408203
2339,1605.30029670095,2500,1471.48202123047,3470338,42.7053871154785
2340,1419.79621516153,2500,1453.25196133089,3472838,38.4626197814941
2341,1325.3142205323,2500,1439.33574705306,3475338,34.0918807983398
2342,1420.33385763532,2500,1420.1101372222,3477838,35.5871810913086
2343,1425.62442581313,2500,1429.97422667946,3480338,57.6787452697754
2344,1296.78526640255,2500,1399.33946443798,3482838,33.759220123291
2345,1791.60552071507,2500,1455.2411936225,3485338,72.6227264404297
2346,1502.91257801349,2500,1490.40164363151,3487838,42.5415534973145
2347,1612.94906910519,2500,1501.10599210895,3490338,66.0967407226562
2348,1504.92953099404,2500,1490.55509810736,3492838,55.6449775695801
2349,1318.8406780457,2500,1461.90913624183,3495338,31.9407653808594
2350,1403.1002820808,2500,1460.23954293376,3497838,63.6189651489258
2351,1651.90705298045,2500,1492.89882617857,3500338,75.2942047119141
2352,1399.26224543506,2500,1490.79166495855,3502838,61.8801918029785
2353,1514.69477354338,2500,1499.69869973157,3505338,38.1498870849609
2354,1414.12690861021,2500,1511.43286395234,3507838,39.967945098877
2355,1436.7657415121,2500,1475.94888603204,3510338,39.4146194458008
2356,1531.55468330538,2500,1478.81309656123,3512838,73.4705963134766
2357,1524.8381810242,2500,1470.00200775313,3515338,34.7938232421875
2358,1628.78369759015,2500,1482.38742441274,3517838,38.152717590332
2359,1512.99338311493,2500,1501.80269491967,3520338,35.7162017822266
2360,1326.2568241865,2500,1494.11834913024,3522838,36.1021575927734
2361,1615.51566885447,2500,1490.47921071764,3525338,38.3753547668457
2362,1518.20973361665,2500,1502.3739595358,3527838,41.269359588623
2363,1422.42509683488,2500,1493.14699186495,3530338,36.017822265625
2364,1526.67551128654,2500,1504.40185213258,3532838,57.1415252685547
2365,1447.81435203393,2500,1505.50671318476,3535338,60.7866020202637
2366,1343.46111011713,2500,1486.69735586594,3537838,36.8193588256836
2367,1310.55744266469,2500,1465.26928202999,3540338,58.0961303710938
2368,1335.01071415183,2500,1435.89198368616,3542838,43.0071220397949
2369,1323.40707968337,2500,1416.933353343,3545338,28.9193630218506
2370,1317.43598583459,2500,1416.05126950781,3547838,49.4874877929688
2371,1397.81713645556,2500,1394.28141626792,3550338,37.0409355163574
2372,1314.96523394861,2500,1373.95696630111,3552838,48.4605712890625
2373,1322.56913618654,2500,1363.97137023628,3555338,48.5478668212891
2374,1315.74198707092,2500,1342.87801781472,3557838,49.5150146484375
2375,1417.46049525705,2500,1339.84263213703,3560338,37.5720863342285
2376,1307.4154863,2500,1336.23806975532,3562838,57.8774795532227
2377,1452.11456833704,2500,1350.39378232255,3565338,34.770679473877
2378,1365.23836840251,2500,1353.41654774762,3567838,66.8284759521484
2379,1325.49193979763,2500,1353.62503375904,3570338,41.1817588806152
2380,1394.89564356742,2500,1361.37099953233,3572838,40.4836044311523
2381,1301.79324648049,2500,1351.76861053482,3575338,66.3070983886719
2382,1312.1407480932,2500,1351.48616194928,3577838,58.5222358703613
2383,1401.02087612832,2500,1359.33133594346,3580338,37.3383674621582
2384,1428.78359955286,2500,1370.63549719165,3582838,53.9297409057617
2385,1421.28987999469,2500,1371.01843566542,3585338,43.2587203979492
2386,1339.1540132889,2500,1374.19228836431,3587838,37.0456047058105
2387,1524.5637062897,2500,1381.43720215957,3590338,37.4958572387695
2388,1477.60269064338,2500,1392.67363438366,3592838,70.6968841552734
2389,1454.02872291896,2500,1405.52731269579,3595338,45.2527122497559
2390,1249.94817208596,2500,1391.03256554765,3597838,34.2295799255371
2391,1422.5449568223,2500,1403.10773658183,3600338,71.2021102905273
2392,1373.79657533859,2500,1409.27331930637,3602838,67.581657409668
2393,1324.50027537622,2500,1401.62125923116,3605338,39.3925361633301
2394,1316.08203796743,2500,1390.35110307261,3607838,52.1833877563477
2395,1526.26770848649,2500,1400.84888592179,3610338,58.4804573059082
2396,1516.1859084642,2500,1418.55207543932,3612838,43.8900756835938
2397,1596.17709609984,2500,1425.71341442034,3615338,56.425407409668
2398,1516.74949552248,2500,1429.62809490825,3617838,70.8751754760742
2399,1345.28086940635,2500,1418.75330955699,3620338,28.9326400756836
2400,1517.60887107385,2500,1445.51937945577,3622838,42.2196426391602
2401,1317.54908629923,2500,1435.01979240347,3625338,71.7281494140625
2402,1372.74986995192,2500,1434.9151218648,3627838,42.1744651794434
2403,1516.24838873142,2500,1454.08993320032,3630338,31.8031578063965
2404,1467.18307168703,2500,1469.20003657228,3632838,38.0749816894531
2405,1319.49635263505,2500,1448.52290098714,3635338,46.4217491149902
2406,1318.07050037743,2500,1428.71136017846,3637838,39.1802177429199
2407,1389.28871885268,2500,1408.02252245374,3640338,65.1331481933594
2408,1255.74240134011,2500,1381.92181303551,3642838,55.2653427124023
2409,1213.9101902439,2500,1368.78474511926,3645338,46.677490234375
2410,1615.31355488558,2500,1378.55521350044,3647838,37.7342224121094
2411,1383.70163064418,2500,1385.17046793493,3650338,42.4818496704102
2412,1203.42376359569,2292,1368.23785729931,3652630,44.0375785827637
2413,538.850481055473,1162,1270.49806653171,3653792,57.4723625183105
2414,808.991046405308,1689,1204.67886400354,3655481,39.9899635314941
2415,1337.04093195144,2500,1206.43332193518,3657981,45.1664009094238
2416,1387.10671679033,2500,1213.33694357647,3660481,54.789478302002
2417,1371.70904154143,2500,1211.57897584534,3662981,55.3386688232422
2418,1495.02736904785,2500,1235.50747261612,3665481,67.5275421142578
2419,1378.7830294056,2500,1251.99475653229,3667981,43.6242408752441
2420,1268.08670870386,2500,1217.27207191412,3670481,38.7294120788574
2421,819.64647824724,1467,1160.86655667442,3671948,75.648681640625
2422,1400.95299082549,2500,1180.6194793974,3674448,78.1610412597656
2423,1410.14783109823,2500,1267.74921440168,3676948,36.8187255859375
2424,1462.17288816351,2500,1333.0673985775,3679448,50.0453605651855
2425,1446.63396612301,2500,1344.02670199466,3681948,62.7563438415527
2426,1423.12287276936,2500,1347.62831759256,3684448,34.5707626342773
2427,1310.17010741671,2500,1341.47442418009,3686948,57.3630676269531
2428,1026.62797712982,1903,1294.63448498828,3688851,59.7912826538086
2429,1330.06999511563,2500,1289.76318155929,3691351,64.6199722290039
2430,1270.91437226931,2500,1290.04594791583,3693851,38.5965309143066
2431,1714.24450118854,2500,1379.50575020996,3696351,67.6434783935547
2432,1603.54330477991,2500,1399.7647816054,3698851,69.1411743164062
2433,1421.41485644984,2500,1400.89148414056,3701351,34.9840431213379
2434,1625.20629592053,2500,1417.19482491627,3703851,46.7360076904297
2435,1524.98404552196,2500,1425.02983285616,3706351,48.0613403320312
2436,1593.4159733576,2500,1442.05914291499,3708851,48.6885452270508
2437,1511.29816479154,2500,1462.17194865247,3711351,44.9917221069336
2438,1705.84476388239,2500,1530.09362732773,3713851,70.7586288452148
2439,1423.23084509182,2500,1539.40971232534,3716351,38.0036926269531
2440,1604.71867718626,2500,1572.79014281704,3718851,32.9729919433594
2441,1707.55754501022,2500,1572.12144719921,3721351,69.9137802124023
2442,1428.12819168276,2500,1554.57993588949,3723851,40.1422958374023
2443,1402.47199710103,2500,1552.68564995461,3726351,29.9858722686768
2444,1626.45326772824,2500,1552.81034713538,3728851,55.1713333129883
2445,1819.19867234639,2500,1582.23180981782,3731351,63.7436408996582
2446,1703.64879104463,2500,1593.25509158653,3733851,39.2670364379883
2447,1527.38879200462,2500,1594.86415430784,3736351,34.1340065002441
2448,1421.50405963206,2500,1566.4300838828,3738851,35.1937980651855
2449,1611.72001243866,2500,1585.27900061749,3741351,65.234245300293
2450,1468.67633662369,2500,1571.67476656123,3743851,32.7781715393066
2451,1600.45964071556,2500,1560.96497613176,3746351,43.3723297119141
2452,1529.91592978057,2500,1571.14374994154,3748851,47.7856140136719
2453,1614.83392649669,2500,1592.37994288111,3751351,47.4122924804688
2454,1717.97054719586,2500,1601.53167082787,3753851,42.3470077514648
2455,1617.19591015135,2500,1581.33139460837,3756351,37.4218254089355
2456,1600.84234140655,2500,1571.05074964456,3758851,48.8396453857422
2457,1607.69303522014,2500,1579.08117396611,3761351,42.9416847229004
2458,1522.34951224693,2500,1589.1657192276,3763851,46.6948127746582
2459,1493.88512043011,2500,1577.38223002674,3766351,34.8745384216309
2460,1618.30177372491,2500,1592.34477373687,3768851,39.0248794555664
2461,1419.29419635323,2500,1574.22822930063,3771351,36.3797454833984
2462,1437.62781223398,2500,1564.99941754598,3773851,41.6983337402344
2463,1513.09409192253,2500,1554.82543408856,3776351,73.1383666992188
2464,1605.83186038922,2500,1543.61156540789,3778851,50.4378700256348
2465,1362.67068408049,2500,1518.15904280081,3781351,61.4677352905273
2466,1591.4533908214,2500,1517.22014774229,3783851,72.2310180664062
2467,1519.94296782664,2500,1508.44514100294,3786351,35.8720092773438
2468,1514.93851971781,2500,1507.70404175003,3788851,38.0849304199219
2469,1593.13733397562,2500,1517.62926310458,3791351,42.2747917175293
2470,1502.1620607764,2500,1506.01529180973,3793851,39.9171104431152
2471,1411.33881473625,2500,1505.21975364803,3796351,58.2444801330566
2472,1515.30264343406,2500,1512.98723676804,3798851,39.6554756164551
2473,1510.90119275282,2500,1512.76794685107,3801351,36.8630867004395
2474,1414.60416078732,2500,1493.64517689088,3803851,36.0935935974121
2475,1790.16798985059,2500,1536.39490746789,3806351,65.3978271484375
2476,1509.00628462247,2500,1528.150196848,3808851,40.0765380859375
2477,1545.73129768078,2500,1530.72902983341,3811351,73.9942016601562
2478,1492.74109066227,2500,1528.50928692786,3813851,35.4943809509277
2479,1646.98232740067,2500,1533.89378627036,3816351,39.4770774841309
2480,1738.43483548344,2500,1557.52106374107,3818851,71.0160903930664
2481,1479.34681272091,2500,1564.32186353953,3821351,70.3919143676758
2482,1549.71444023927,2500,1567.76304322005,3823851,39.3799934387207
2483,1574.50747706225,2500,1574.123671651,3826351,53.7177734375
2484,1602.35435702002,2500,1592.89869127427,3828851,30.5054130554199
2485,1559.14342329102,2500,1569.79623461831,3831351,76.9713287353516
2486,1697.89825286385,2500,1588.68543144245,3833851,69.989128112793
2487,1530.46694268427,2500,1587.1589959428,3836351,57.9199676513672
2488,1491.74786930422,2500,1587.05967380699,3838851,37.3830833435059
2489,1669.15471210224,2500,1589.27691227715,3841351,75.6634216308594
2490,1530.14814682359,2500,1568.44824341116,3843851,71.1758193969727
2491,1463.99137802456,2500,1566.91269994153,3846351,68.2165451049805
2492,1659.92235400526,2500,1577.93349131813,3848851,75.919563293457
2493,1585.00059674706,2500,1578.98280328661,3851351,34.0044631958008
2494,1409.16046174208,2500,1559.66341375881,3853851,40.6056747436523
2495,1519.79955957525,2500,1555.72902738724,3856351,33.0326461791992
2496,1685.21114481844,2500,1554.4603165827,3858851,45.7854690551758
2497,1652.61911538515,2500,1566.67553385278,3861351,57.6302490234375
2498,1385.24979014993,2500,1556.02572593735,3863851,67.0813980102539
2499,1464.30467244627,2500,1535.54072197176,3866351,37.011661529541
2500,1700.26072604724,2500,1552.55197989412,3868851,44.1672554016113
2501,1502.67369246603,2500,1556.42021133827,3871351,31.4672088623047
2502,1497.12922690488,2500,1540.14089862823,3873851,72.0835189819336
2503,1515.5511011266,2500,1533.19594906619,3876351,44.8974304199219
2504,1498.34070287939,2500,1542.11397317992,3878851,39.1210556030273
2505,1281.65280569206,2500,1518.2992977916,3881351,36.6631698608398
2506,1715.06585384803,2500,1521.28476869456,3883851,43.157356262207
2507,1621.36686689677,2500,1518.15954384572,3886351,60.1143684387207
2508,1497.98005865201,2500,1529.43257069593,3888851,33.6568183898926
2509,1545.80159771173,2500,1537.58226322247,3891351,41.2300758361816
2510,1562.14113903231,2500,1523.77030452098,3893851,38.0367202758789
2511,1374.7619208507,2500,1510.97912735945,3896351,57.7556648254395
2512,1364.88936094235,2500,1497.7551407632,3898851,42.9279403686523
2513,1640.85393308477,2500,1510.28542395901,3901351,65.2474746704102
2514,1963.27650098892,2500,1556.77900376997,3903851,72.5129089355469
2515,1764.55223066462,2500,1605.06894626722,3906351,44.455020904541
2516,1316.74046411413,2500,1565.23640729383,3908851,69.5497894287109
2517,1431.30763584131,2500,1546.23048418828,3911351,40.8906707763672
2518,804.254908781596,1215,1476.85796920124,3912566,39.8608551025391
2519,1328.3770778134,2500,1455.11551721141,3915066,30.3385009765625
2520,616.595406755959,923,1360.56094398378,3915989,60.3736953735352
2521,899.654245379589,1511,1313.05017643666,3917500,62.3286094665527
2522,1770.89464543369,2500,1353.6507048858,3920000,58.1209449768066
2523,1823.93297859822,2500,1371.95860943714,3922500,50.4177589416504
2524,1559.64272371524,2500,1331.59523170978,3925000,47.1951065063477
2525,592.027447687638,892,1214.34275341208,3925892,55.3313026428223
2526,1411.07453838398,2500,1223.77616083906,3928392,51.1135787963867
2527,216.461263173795,258,1102.29152357231,3928650,72.5710983276367
2528,413.746427227853,573,1063.24067541694,3929223,44.5745315551758
2529,1411.99154871098,2500,1071.60212250669,3931723,34.6987991333008
2530,552.980439021365,736,1065.24062573324,3932459,60.3903961181641
2531,1680.92744047553,2500,1143.36794524283,3934959,48.4669876098633
2532,1141.89112138808,1801,1080.46759283827,3936760,48.067195892334
2533,1468.51318492676,2500,1044.92561347112,3939260,37.8493919372559
2534,1201.3015834873,1706,1009.09149944833,3940966,62.5647773742676
2535,1450.99681175712,2500,1094.98843585528,3943466,33.0506706237793
2536,1418.55565605116,2500,1095.736547622,3945966,35.0501556396484
2537,1329.17389610861,2500,1207.00781091548,3948466,34.9675216674805
2538,1687.94977366624,2500,1334.42814555932,3950966,69.9041213989258
2539,1255.93455601832,2500,1318.82244629005,3953466,42.6671867370605
2540,1447.96421750232,2500,1408.32082413815,3955966,45.1575660705566
2541,1420.08832546556,2500,1382.23691263715,3958466,40.033561706543
2542,1897.6153870317,2500,1457.80933920151,3960966,56.9418106079102
2543,446.612848892936,633,1355.61930559813,3961599,69.7776794433594
2544,782.885559192425,1094,1313.77770316864,3962693,48.0761108398438
2545,1422.39599883586,2500,1310.91762187651,3965193,33.4349746704102
2546,1400.02024157575,2294,1309.06408042897,3967487,43.49951171875
2547,836.769128668941,1147,1259.82360368501,3968634,54.5271415710449
2548,1211.34422908594,1471,1212.16304922698,3970105,51.6991500854492
2549,1209.19920464909,2168,1207.48951409005,3972273,33.2224502563477
2550,1924.43449957861,2358,1255.13654229768,3974631,61.5648460388184
2551,1001.77887131046,1659,1213.30559688217,3976290,37.0754089355469
2552,1813.66774235867,2500,1204.91083241487,3978790,49.9349136352539
2553,1904.21020482894,2500,1350.67056800847,3981290,78.7776107788086
2554,898.98404638408,1119,1362.28041672763,3982409,66.8010482788086
2555,614.888212064644,1023,1281.52963805051,3983432,42.862964630127
2556,1017.40802881109,1769,1243.26841677405,3985201,33.4808502197266
2557,1731.80638867233,2500,1332.77214277439,3987701,37.6483459472656
2558,1429.84271666665,2500,1354.62199153246,3990201,43.9694442749023
2559,1649.93831946146,2187,1398.69590301369,3992388,43.6729888916016
2560,1611.33807225476,1996,1367.38626028131,3994384,69.6697387695312
2561,542.093753760962,730,1321.41774852636,3995114,64.1435775756836
2562,696.606858218881,774,1209.71166011238,3995888,77.2649917602539
2563,1335.10395548459,2500,1152.80103517795,3998388,30.4611282348633
2564,2007.14404125257,2419,1263.61703466479,4000807,60.7964096069336
2565,1353.20806541785,2500,1337.44902000011,4003307,41.0602493286133
2566,1706.15514530543,2500,1406.32373164955,4005807,41.8991241455078
2567,1259.72567790515,1451,1359.11566057283,4007258,70.054443359375
2568,1740.00410569061,2500,1390.13179947523,4009758,35.9441146850586
2569,319.173427709753,503,1257.05531030006,4010261,52.0069732666016
2570,1179.71659252529,1420,1213.89316232711,4011681,59.6990127563477
2571,1362.9430935438,2001,1295.97809630539,4013682,65.6808624267578
2572,2130.21618729585,2500,1439.33902921309,4016182,70.3762664794922
2573,1623.47661143175,2500,1468.1762948078,4018682,42.6756134033203
2574,1948.97569735306,2500,1462.35946041785,4021182,48.3563041687012
2575,1339.18176773401,2500,1460.95683064947,4023682,38.3769378662109
2576,1783.58427217351,2500,1468.69974333628,4026182,50.2458381652832
2577,1896.72168464489,2500,1532.39934401025,4028682,68.626708984375
2578,1552.63683651627,2449,1513.66261709282,4031131,40.2186737060547
2579,1926.54530607358,2500,1674.3998049292,4033631,59.6947898864746
2580,1345.4670446253,2500,1690.9748501392,4036131,40.1220016479492
2581,1708.32063617494,2500,1725.51260440232,4038631,46.7154426574707
2582,753.814246185494,1054,1587.87241029128,4039685,51.6417922973633
2583,1439.66649909621,2500,1569.49139905773,4042185,44.1470184326172
2584,1728.87023272159,2249,1547.48085259458,4044434,54.1703338623047
2585,1328.99549181375,1623,1546.46222500255,4046057,63.5053329467773
2586,2177.13920519123,2500,1585.81771830432,4048557,65.6782760620117
2587,2130.92053788101,2500,1609.23760362794,4051057,69.8595886230469
2588,1726.19433617665,2500,1626.59335359398,4053557,46.446949005127
2589,1438.32116185395,2500,1577.77093917201,4056057,45.0607986450195
2590,1243.58592710828,2500,1567.58282742031,4058557,38.0864906311035
2591,1253.54710058527,2500,1522.10547386134,4061057,37.5296630859375
2592,1304.37958189641,2500,1577.16200743244,4063557,43.1841850280762
2593,1688.34634566971,2500,1602.02999208979,4066057,41.872501373291
2594,2079.2003406663,2500,1637.06300288426,4068557,47.5876617431641
2595,1808.41046055813,2500,1685.0044997587,4071057,52.3663024902344
2596,1466.72610413022,1860,1613.96318965259,4072917,74.1094284057617
2597,1611.72190813955,2500,1562.04332667845,4075417,36.1644554138184
2598,2095.46399732453,2500,1598.97029279324,4077917,66.7537460327148
2599,1441.09039626429,2500,1599.24721623427,4080417,50.961498260498
2600,2176.3823054735,2500,1692.52685407079,4082917,69.9464797973633
2601,1348.07882434413,2500,1701.98002644668,4085417,42.0852699279785
2602,1339.42395943463,2500,1705.4844642005,4087917,39.7634544372559
2603,742.159235301522,1048,1610.86575316368,4088965,44.6012802124023
2604,2087.60957662159,2500,1611.70667675921,4091465,56.2027435302734
2605,1260.53053219162,2500,1556.91868392256,4093965,36.6127662658691
2606,2345.31920279579,2500,1644.77799378912,4096465,73.7640151977539
2607,2100.87763421203,2500,1693.69356639636,4098965,70.3547134399414
2608,1251.05889454622,2500,1609.25305611853,4101465,37.3578720092773
2609,1229.92935859795,2500,1588.1369523519,4103965,36.0796356201172
2610,1805.42930985712,2500,1551.04165279026,4106465,52.6418991088867
2611,1835.39334591962,2500,1599.77310494781,4108965,47.5205078125
2612,1913.99390736568,2500,1657.23009974092,4111465,47.5521011352539
2613,1350.85106000011,2500,1718.09928221077,4113965,36.3329467773438
2614,1247.59395669112,2500,1634.09772021773,4116465,39.3697738647461
2615,2108.48761709128,2500,1718.89342870769,4118965,61.6838760375977
2616,1339.00242639438,2500,1618.26175106755,4121465,45.0287399291992
2617,2223.70729939083,2500,1630.54471758543,4123965,60.7203216552734
2618,2324.58437659385,2500,1737.89726579019,4126465,78.8202514648438
2619,1360.5455930498,2500,1750.95888923538,4128965,49.6925048828125
2620,2129.22762212456,2500,1783.33872046212,4131465,61.4937591552734
2621,1252.20200232574,2500,1725.01958610273,4133965,41.492919921875
2622,1793.43734886019,2500,1712.96393025219,4136465,44.2512359619141
2623,1282.54316147864,2500,1706.13314040004,4138965,45.9063186645508
2624,1783.91479895515,2500,1759.76522462644,4141465,66.3782501220703
2625,1303.00576841917,2500,1679.21703975923,4143965,31.8948535919189
2626,2102.16407635952,2500,1755.53320475574,4146465,68.0550003051758
2627,1235.34438069233,2500,1656.69691288589,4148965,31.5717391967773
2628,1363.41270521177,2500,1560.57974574769,4151465,39.5650329589844
2629,1103.58586987783,1797,1534.88377343049,4153262,49.9215240478516
2630,1553.54727289888,2500,1477.31573850792,4155762,46.214241027832
2631,2313.31499956341,2500,1583.42703823169,4158262,80.161750793457
2632,2106.07828309955,2500,1614.69113165562,4160762,48.9738922119141
2633,1267.11008354743,1538,1613.1478238625,4162300,51.1951141357422
2634,2099.70194229937,2500,1644.72653819693,4164800,59.3765182495117
2635,1341.08868134086,2500,1648.53482948909,4167300,41.2441558837891
2636,2329.24772737447,2500,1671.24319459059,4169800,81.262565612793
2637,1248.21700241939,2500,1672.5304567633,4172300,35.1681594848633
2638,1192.64056978816,2500,1655.45324322093,4174800,74.1911392211914
2639,1400.85255777797,2500,1685.17991201095,4177300,42.8803634643555
2640,398.08125911089,587,1569.63331063215,4177887,67.2977828979492
2641,1287.6975215416,2500,1467.07156282997,4180387,65.5641784667969
2642,1957.1742394053,2500,1452.18115846054,4182887,53.4688034057617
2643,1390.79774225122,2500,1464.54992433092,4185387,65.2793579101562
2644,2305.60256656123,2500,1485.13998675711,4187887,74.5385513305664
2645,2161.85935009575,2500,1567.2170536326,4190387,67.2676086425781
2646,1999.75270258033,2500,1534.26755115319,4192887,75.1501007080078
2647,2280.84666829584,2500,1637.53051774083,4195387,77.1684112548828
2648,2196.14242292754,2500,1737.88070305477,4197887,72.2959518432617
2649,1248.74742727842,2500,1722.67019000481,4200387,38.8025512695312
2650,1380.62650716932,2500,1820.92471481066,4202887,46.900993347168
2651,2095.81260980942,2278,1901.73622363744,4205165,74.1343078613281
2652,1440.19134159056,2500,1850.03793385596,4207665,33.7542266845703
2653,1453.15651404152,2500,1856.27381103499,4210165,59.004940032959
2654,2176.3336285807,2500,1843.34691723694,4212665,69.6713180541992
2655,2294.42491060185,2500,1856.60347328755,4215165,73.5367889404297
2656,2165.96454186591,2500,1873.22465721611,4217665,61.6117858886719
2657,2189.45666286129,2500,1864.08565667265,4220165,54.717041015625
2658,1522.06230383525,2500,1796.67764476342,4222665,52.5668830871582
2659,2090.79450107256,2500,1880.88235214284,4225165,68.7883682250977
2660,1816.66578998583,2500,1924.48628042449,4227665,44.5080528259277
2661,1831.95963616589,2500,1898.10098306014,4230165,44.9465293884277
2662,1339.97678639479,2500,1888.07952754056,4232665,38.3391380310059
2663,2290.87453263701,2500,1971.85132940011,4235165,70.2532196044922
2664,1992.38640960654,2500,1953.45660750269,4237665,44.5944519042969
2665,1430.27251901291,2500,1867.0413683438,4240165,42.1699066162109
2666,1344.05393904227,2500,1784.85030806143,4242665,35.6285591125488
2667,1261.8333350283,2500,1692.08797527814,4245165,38.6305961608887
2668,2186.23441839781,2500,1758.50518673439,4247665,54.4948501586914
2669,1629.35354883271,2500,1712.36109151041,4250165,45.3330993652344
2670,1984.15924367158,2500,1729.11043687898,4252665,59.1381721496582
2671,2172.42928751074,2500,1763.15740201347,4255165,56.5281105041504
2672,2057.67431786231,2500,1834.92715516022,4257665,44.4531135559082
2673,1320.9965943414,2500,1737.93936133066,4260165,47.9463005065918
2674,1163.14667480842,1517,1655.01538785085,4261682,55.0429000854492
2675,2023.03705071731,2500,1714.29184102129,4264182,79.8847427368164
2676,1529.18003024736,2500,1732.80445014179,4266682,37.4789390563965
2677,2054.10162101624,2500,1812.03127874059,4269182,47.3818244934082
2678,1790.68389379722,2500,1772.47622628053,4271682,52.3817443847656
2679,2221.71993563112,2500,1831.71286496037,4274182,77.9603729248047
2680,1773.055157394,2500,1810.60245633261,4276682,50.7069931030273
2681,1663.2096502644,2500,1759.68049260798,4279182,45.8320579528809
2682,1673.91572882606,2500,1721.30463370435,4281682,58.4800872802734
2683,1338.1362573307,2500,1723.01860000328,4284182,36.5825157165527
2684,1247.55174456066,2500,1731.45910697851,4286682,39.7354850769043
2685,1745.49816156278,2500,1703.70521806305,4289182,42.8044815063477
2686,2005.55062579128,2500,1751.34227761745,4291682,68.1168594360352
2687,1358.85861183492,2500,1681.81797669931,4294182,42.346134185791
2688,1834.96169622443,2500,1686.24575694203,4296682,42.1485557556152
2689,1813.17258173914,2500,1645.39102155284,4299182,46.547679901123
2690,1717.91511440436,2500,1639.87701725387,4301682,70.5893783569336
2691,1964.33630307097,2500,1669.98968253453,4304182,57.2455558776855
2692,1356.85111526494,2500,1638.28322117842,4306682,40.6590156555176
2693,1884.16328219445,2500,1692.88592366479,4309182,79.4238510131836
2694,1895.070494137,2500,1757.63779862243,4311682,50.2308197021484
2695,1659.84355538094,2500,1749.07233800424,4314182,60.9149971008301
2696,1814.53977654307,2500,1729.97125307942,4316682,46.6897850036621
2697,1327.19677502606,2500,1726.80506939854,4319182,39.6957244873047
2698,1249.57399263441,2500,1668.26629903954,4321682,52.7985153198242
2699,1882.82356761013,2500,1675.23139762663,4324182,44.2978630065918
2700,1329.25616039896,2500,1636.36550222609,4326682,43.5663185119629
2701,1613.75412129273,2500,1601.30728404827,4329182,47.5888595581055
2702,1782.47635933962,2500,1643.86980845574,4331682,73.6017074584961
2703,1745.31290399759,2500,1629.98477063605,4334182,52.0245323181152
2704,1266.56285960603,2500,1567.13400718295,4336682,44.1370887756348
2705,1826.4187883577,2500,1583.79153048063,4339182,57.9951095581055
2706,2063.46183082659,2500,1608.68373590898,4341682,76.4025192260742
2707,2021.35853570977,2500,1678.09991197735,4344182,80.6068115234375
2708,1930.8135223325,2500,1746.22386494716,4346682,48.5928955078125
2709,1511.68604863303,2500,1709.11011304945,4349182,35.6902618408203
2710,1896.74857960353,2500,1765.85935496991,4351682,62.8552780151367
2711,1656.53148099187,2500,1770.13709093982,4354182,39.0589599609375
2712,1545.08365775201,2500,1746.39782078106,4356682,47.3945388793945
2713,2078.48163024566,2500,1779.71469340587,4359182,76.6507186889648
2714,1151.15024097011,2500,1768.17343154228,4361682,38.3751831054688
2715,1670.22801380017,2500,1752.55435408652,4364182,54.8100776672363
2716,1186.93114784668,2500,1664.90128578853,4366682,35.0798034667969
2717,1359.2418947672,2500,1598.68962169427,4369182,38.3825721740723
2718,1770.66011336992,2500,1582.67428079802,4371682,64.3425979614258
2719,1422.2011306877,2500,1573.72578900348,4374182,43.4972457885742
2720,1860.69486790013,2500,1570.12041783314,4376682,56.8682441711426
2721,1348.5194871284,2500,1539.3192184468,4379182,36.1450271606445
2722,2029.7081994161,2500,1587.78167261321,4381682,79.6193695068359
2723,1846.3243001135,2500,1564.56593959999,4384182,55.8717880249023
2724,1911.80853575689,2500,1640.63176907867,4386682,56.5750350952148
2725,1755.3078441291,2500,1649.13975211156,4389182,54.4678382873535
2726,1917.1067385376,2500,1722.15731118065,4391682,48.3119621276855
2727,1846.64049758253,2500,1770.89717146219,4394182,64.6461563110352
2728,1356.31883735569,2500,1729.46304386076,4396682,44.5395584106445
2729,1937.09973528971,2500,1780.95290432096,4399182,73.8518447875977
2730,1744.6235411937,2500,1769.34577165032,4401682,72.0700454711914
2731,1627.29953385115,2500,1797.2237763226,4404182,44.9004707336426
2732,1250.41856158393,2500,1719.29481253938,4406682,40.8118324279785
2733,1550.62844982818,2500,1689.72522751085,4409182,42.275993347168
2734,1444.78751339915,2500,1643.02312527507,4411682,46.3222351074219
2735,1190.73801928968,2500,1586.56614279113,4414182,38.9405937194824
2736,1741.1990725947,2500,1568.97537619684,4416682,44.3596649169922
2737,1676.41603258464,2500,1551.95292969705,4419182,33.3639030456543
2738,1824.976845865,2500,1598.81873054798,4421682,80.1784820556641
2739,1627.57911611622,2500,1567.86666863063,4424182,42.8035888671875
2740,1802.65022178337,2500,1573.6693366896,4426682,52.0123634338379
2741,1886.51414126621,2500,1599.59079743111,4429182,51.7378311157227
2742,1317.05756332025,2500,1606.25469760474,4431682,34.2114143371582
2743,1749.46406439686,2500,1626.13825906161,4434182,80.7031631469727
2744,1769.39507969199,2500,1658.59901569089,4436682,48.5523872375488
2745,1760.31820422218,2500,1715.55703418414,4439182,51.7587089538574
2746,1641.18681161383,2500,1705.55580808605,4441682,49.2878303527832
2747,1883.94461024517,2500,1726.30866585211,4444182,39.5151672363281
2748,1889.2278047419,2500,1732.7337617398,4446682,57.3863906860352
2749,1649.61802915935,2500,1734.93765304411,4449182,62.9091606140137
2750,2038.81796118707,2500,1758.55442698448,4451682,47.3169097900391
2751,1401.98040439668,2500,1710.10105329753,4454182,38.4183044433594
2752,1692.44160770882,2500,1747.63945773638,4456682,45.1020469665527
2753,1560.07833103403,2500,1728.7008844001,4459182,46.7596321105957
2754,1843.73983288206,2500,1736.13535971911,4461682,61.9696006774902
2755,1513.76067548532,2500,1711.47960684542,4464182,39.3052406311035
2756,1657.2784907034,2500,1713.08877475438,4466682,70.8717269897461
2757,1728.84291678274,2500,1697.57860540814,4469182,32.6946716308594
2758,1729.9336410573,2500,1681.64918903968,4471682,35.5398597717285
2759,1431.7406253943,2500,1659.86144866317,4474182,40.872428894043
2760,1763.7032817408,2500,1632.34998071855,4476682,68.7011413574219
2761,1433.8810605513,2500,1635.54004633401,4479182,33.4873046875
2762,2007.3645167286,2500,1667.03233723599,4481682,46.659797668457
2763,1794.53491057789,2500,1690.47799519037,4484182,46.057056427002
2764,1681.85708699336,2500,1674.2897206015,4486682,40.5358238220215
2765,1675.52408152883,2500,1690.46606120585,4489182,69.1225662231445
2766,1890.1185364483,2500,1713.75006578034,4491682,61.8921852111816
2767,1520.54033031987,2500,1692.91980713405,4494182,59.7870063781738
2768,1880.25374308606,2500,1707.95181733693,4496682,81.651008605957
2769,1855.38513026444,2500,1750.31626782394,4499182,57.2687492370605
2770,1772.00227246029,2500,1751.14616689589,4501682,60.1319618225098
2771,1884.36960917311,2500,1796.19502175807,4504182,65.3850326538086
2772,1509.1778192486,2500,1746.37635201007,4506682,35.6824264526367
2773,1782.47951587025,2500,1745.17081253931,4509182,51.1125030517578
2774,1539.68901570686,2500,1730.95400541066,4511682,45.5937194824219
2775,1709.13785233296,2500,1734.31538249107,4514182,72.3053131103516
2776,1788.72051112256,2500,1724.1755799585,4516682,40.7889671325684
2777,1776.07135235437,2500,1749.72868216195,4519182,62.503978729248
2778,1982.28653249209,2500,1759.93196110255,4521682,82.4553604125977
2779,1246.47643937752,2500,1699.04109201386,4524182,46.8113899230957
2780,1905.65634748431,2500,1712.40649951626,4526682,55.0909767150879
2781,1830.21801470099,2500,1706.99134006905,4529182,66.8801956176758
2782,1894.22577065947,2500,1745.49613521014,4531682,51.9780769348145
2783,1570.46087644059,2500,1724.29427126717,4534182,42.0886154174805
2784,2035.53418285133,2500,1773.87878798162,4536682,55.0109367370605
2785,1590.82102544222,2500,1762.04710529255,4539182,41.4044761657715
2786,1458.50840593286,2500,1729.02589477358,4541682,40.2433967590332
2787,1902.68215559501,2500,1741.68697509764,4544182,52.1162452697754
2788,1939.76551415377,2500,1737.43487326381,4546682,50.2808113098145
2789,1931.18744689485,2500,1805.90597401554,4549182,48.0154266357422
2790,1597.09577419921,2500,1775.04991668703,4551682,33.8268890380859
2791,1983.80469255937,2500,1790.40858447287,4554182,81.7537231445312
2792,1985.54785175845,2500,1799.54079258277,4556682,48.8841743469238
2793,1994.75414968605,2500,1841.97011990731,4559182,43.2567901611328
2794,2002.16397506325,2500,1838.6330991285,4561682,75.6064147949219
2795,1934.86591747097,2500,1873.03758833138,4564182,39.2084770202637
2796,2121.27779426545,2500,1939.31452716464,4566682,57.9024925231934
2797,1967.55795726677,2500,1945.80210733181,4569182,81.4370574951172
2798,2112.32699947258,2500,1963.0582558637,4571682,80.8772735595703
2799,2132.45100908979,2500,1983.18461208319,4574182,65.0360870361328
2800,1895.1771721025,2500,2012.99275187352,4576682,74.1505584716797
2801,1525.52900503379,2500,1967.16518312096,4579182,57.5366020202637
2802,1819.56581363789,2500,1950.5669793089,4581682,58.6945991516113
2803,1909.99871596295,2500,1942.09143593659,4584182,58.8759765625
2804,1914.54054245965,2500,1933.32909267623,4586682,45.8182678222656
2805,2002.80708617194,2500,1940.12320954633,4589182,56.7798957824707
2806,1742.29876081222,2500,1902.22530620101,4591682,63.7364463806152
2807,1821.55335013907,2500,1887.62484548824,4594182,52.955020904541
2808,2017.81032438019,2500,1878.173177979,4596682,64.3074569702148
2809,1477.99813143286,2500,1812.72789021331,4599182,49.3668327331543
2810,2205.72562725333,2500,1843.78273572839,4601682,74.1929931640625
2811,2225.04214716587,2500,1913.7340499416,4604182,74.144905090332
2812,2040.1285759026,2500,1935.79032616807,4606682,73.2539749145508
2813,2210.39493210175,2500,1965.82994778195,4609182,82.5104293823242
2814,2009.5247492621,2500,1975.32836846219,4611682,59.6727638244629
2815,2111.27619897119,2500,1986.17527974212,4614182,76.6062545776367
2816,1832.79877894082,2500,1995.22528155498,4616682,47.3717498779297
2817,1932.70520774456,2500,2006.34046731553,4619182,57.0577278137207
2818,1971.75317433336,2500,2001.73475231084,4621682,37.5110740661621
2819,1813.75471025223,2500,2035.31041019278,4624182,49.8546676635742
2820,1575.45839449816,2500,1972.28368691726,4626682,64.290153503418
2821,2018.66487842415,2500,1951.64596004309,4629182,50.0962181091309
2822,1414.42885402636,2500,1889.07598785547,4631682,39.0475120544434
2823,1551.39300645988,2500,1823.17579529128,4634182,39.4795761108398
2824,2214.73017521475,2500,1843.69633788654,4636682,68.2366104125977
2825,1964.17981010032,2500,1828.98669899946,4639182,50.4750823974609
2826,1758.38602536912,2500,1821.54542364229,4641682,44.780647277832
2827,1855.76021378568,2500,1813.8509242464,4644182,42.0327339172363
2828,2243.90906223129,2500,1841.06651303619,4646682,65.1055374145508
2829,2357.0298377045,2500,1895.39402578142,4649182,80.065055847168
2830,1314.0695354107,2500,1869.25513987268,4651682,39.690357208252
2831,2048.06148772856,2500,1872.19480080312,4654182,53.4687385559082
2832,1627.68968805876,2500,1893.52088420636,4656682,42.2991676330566
2833,1746.04488906568,2500,1912.98607246694,4659182,41.9334335327148
2834,1331.70697683349,2500,1824.68375262881,4661682,46.0969009399414
2835,2258.5566473342,2500,1854.1214363522,4664182,56.0765190124512
2836,2251.45281751311,2500,1903.4281155666,4666682,68.155876159668
2837,2362.80907768024,2500,1954.13300195605,4669182,72.3484878540039
2838,1839.98180204267,2500,1913.74027593719,4671682,49.1357917785645
2839,1956.21284182181,2500,1873.65857634892,4674182,62.2219085693359
2840,1840.53937752338,2500,1926.30556056019,4676682,52.9433898925781
2841,1830.6602844983,2500,1904.56544023716,4679182,56.5896987915039
2842,2264.17867202377,2500,1968.21433863366,4681682,56.0534439086914
2843,1433.76747733754,2500,1936.98659746085,4684182,32.8466110229492
2844,2138.76586932675,2500,2017.69248671018,4686682,76.0217056274414
2845,1649.99647488399,2500,1956.83646946516,4689182,45.287166595459
2846,1949.15469003832,2500,1926.60665671768,4691682,52.5289993286133
2847,1404.42734059957,2500,1830.76848300961,4694182,37.5756492614746
2848,1632.51419595478,2500,1810.02172240082,4696682,41.9468650817871
2849,1845.73310620752,2500,1798.97374883939,4699182,36.0588111877441
2850,2052.46430416399,2500,1820.16624150345,4701682,36.7986869812012
2851,1725.62485131919,2500,1809.66269818554,4704182,42.8781814575195
2852,2263.67034890694,2500,1809.61186587386,4706682,57.340747833252
2853,2262.1766226708,2500,1892.45278040718,4709182,63.5028495788574
2854,2251.69849392752,2500,1903.74604286726,4711682,65.8193511962891
2855,2262.15271452383,2500,1964.96166683125,4714182,47.4922561645508
2856,1839.33720326402,2500,1953.97991815382,4716682,41.0186080932617
2857,2358.52494480665,2500,2049.38967857452,4719182,75.0989608764648
2858,1633.45881362419,2500,2049.48414034147,4721682,44.160774230957
2859,1936.00217679422,2500,2058.51104740014,4724182,37.6447715759277
2860,1297.52274850253,2500,1983.01689183399,4726682,34.28857421875
2861,1727.27771593204,2500,1983.18217829528,4729182,38.5983047485352
2862,2155.65312398306,2500,1972.38045580289,4731682,63.370361328125
2863,2150.94186882876,2500,1961.25698041868,4734182,56.7302284240723
2864,1520.18088967675,2500,1888.10521999361,4736682,37.3247108459473
2865,1833.04300632336,2500,1845.19424917356,4739182,47.3871879577637
2866,1934.04933218303,2500,1854.66546206546,4741682,50.943286895752
2867,2053.46991701198,2500,1824.15995928599,4744182,39.0074768066406
2868,2151.38296739204,2500,1875.95237466278,4746682,57.0480155944824
2869,1522.47804498209,2500,1834.59996148156,4749182,41.2848129272461
2870,2025.98009535743,2500,1907.44569616705,4751682,43.6458625793457
2871,1837.5908849651,2500,1918.47701307036,4754182,52.629222869873
2872,2260.58995186714,2500,1928.97069585877,4756682,62.983699798584
2873,2266.91572842016,2500,1940.56808181791,4759182,49.1423721313477
2874,2360.95393259952,2500,2024.64538611018,4761682,73.4785842895508
2875,2166.03981571589,2500,2057.94506704944,4764182,49.2850151062012
2876,1631.97163996198,2500,2027.73729782733,4766682,34.1776733398438
2877,1861.74569372158,2500,2008.56487549829,4769182,39.2305641174316
2878,2061.79012357325,2500,1999.60559111641,4771682,42.9668617248535
2879,1737.82071253336,2500,2021.13985787154,4774182,39.5669822692871
2880,2045.92601492255,2500,2023.13444982805,4776682,42.1438941955566
2881,1500.49030221773,2500,1989.42439155332,4779182,47.6518020629883
2882,2260.1758814135,2500,1989.38298450795,4781682,51.0401496887207
2883,2258.66436444695,2500,1988.55784811063,4784182,48.2148895263672
2884,2047.99957759099,2500,1957.26241260978,4786682,48.5313186645508
2885,1650.70552749791,2500,1905.72898378798,4789182,38.7424659729004
2886,2168.23067579921,2500,1959.3548873717,4791682,47.4310607910156
2887,1946.84841896752,2500,1967.8651598963,4794182,51.0354804992676
2888,2044.48225591797,2500,1966.13437313077,4796682,43.758129119873
2889,2211.3485367471,2500,2013.48715555214,4799182,69.7853088378906
2890,2059.06504168873,2500,2014.80105822876,4801682,47.4298362731934
2891,2372.04218376797,2500,2101.95624638378,4804182,78.3484878540039
2892,2011.26230270534,2500,2077.06488851297,4806682,66.4483947753906
2893,1938.78436693842,2500,2045.07688876212,4809182,52.6247138977051
2894,1851.96649432958,2500,2025.47358043597,4811682,46.5213088989258
2895,1331.52667738096,2500,1993.55569542428,4814182,39.476448059082
2896,1527.81894079062,2500,1929.51452192342,4816682,47.8429183959961
2897,1304.7900800696,2500,1865.30868803363,4819182,39.20361328125
2898,2264.79995467065,2500,1887.3404579089,4821682,59.3779144287109
2899,2369.2056189127,2500,1903.12616612546,4824182,82.8480911254883
2900,2258.25717152801,2500,1923.04537910939,4826682,58.9368438720703
2901,1398.68268707338,2500,1825.70942943993,4829182,53.9588775634766
2902,1737.56782335202,2500,1798.33998150459,4831682,39.4797592163086
2903,1240.60776696933,2500,1728.52232150769,4834182,40.6570434570312
2904,1245.43512105534,2500,1667.86918418026,4836682,46.1247406005859
2905,1729.21352427463,2500,1707.63786886963,4839182,53.6111450195312
2906,1530.07232369747,2500,1707.86320716031,4841682,35.3653259277344
2907,2263.39815030128,2500,1803.72401418348,4844182,60.4750289916992
2908,1425.73004353123,2500,1719.81702306954,4846682,36.1237869262695
2909,1746.07178653149,2500,1657.50363983142,4849182,44.9246673583984
2910,2055.93765417169,2500,1637.27168809579,4851682,43.4645080566406
2911,2368.87307200448,2500,1734.2907265889,4854182,81.635009765625
2912,1949.43136528287,2500,1755.47708078198,4856682,60.5698394775391
2913,2161.00735811074,2500,1847.51703989612,4859182,49.2687072753906
2914,1543.86868718841,2500,1877.36039650943,4861682,48.4071807861328
2915,1456.75312894912,2500,1850.11435697688,4864182,49.4977035522461
2916,1752.59183696257,2500,1872.36630830339,4866682,50.1372451782227
2917,2254.91128318838,2500,1871.5176215921,4869182,70.5490646362305
2918,2237.63469198501,2500,1952.70808643748,4871682,71.262565612793
2919,2265.77327175159,2500,2004.67823495949,4874182,57.6466865539551
2920,1542.36185119054,2500,1953.32065466137,4876682,49.7498893737793
2921,1440.70298423743,2500,1860.50364588467,4879182,36.323787689209
2922,2137.91555219394,2500,1879.35206457578,4881682,56.0755004882812
2923,2141.79073345886,2500,1877.43040211059,4884182,69.7411041259766
2924,2121.63103136005,2500,1935.20663652775,4886682,62.0303726196289
2925,2359.57935239401,2500,2025.48925887224,4889182,75.6269607543945
2926,2261.78656107414,2500,2076.4087312834,4891682,63.500919342041
2927,2262.95755367566,2500,2077.21335833212,4894182,60.9104804992676
2928,2046.10166562911,2500,2058.06005569653,4896682,42.959903717041
2929,1955.30594953092,2500,2027.01332347447,4899182,42.0185356140137
2930,1750.77523098998,2500,2047.85466145441,4901682,49.927188873291
2931,1544.28338170876,2500,2058.21270120154,4904182,49.702823638916
2932,1960.61369313527,2500,2040.48251529568,4906682,45.8952026367188
2933,1951.12440209233,2500,2021.41588215902,4909182,51.1151924133301
2934,2152.57664361027,2500,2024.51044338404,4911682,51.9710693359375
2935,2054.56558971411,2500,1994.00906711605,4914182,48.6110343933105
2936,1745.803432559,2500,1942.41075426454,4916682,52.262939453125
2937,1957.65141764909,2500,1911.88014066188,4919182,52.9989585876465
2938,2260.90667205268,2500,1933.36064130424,4921682,59.3836822509766
2939,2369.2040463889,2500,1974.75045099004,4924182,78.6289443969727
2940,2365.9259406794,2500,2036.26552195898,4926682,77.7061004638672
2941,1732.14422714796,2500,2055.0516065029,4929182,43.7305755615234
2942,2366.8422324584,2500,2095.67446043521,4931682,83.5106964111328
2943,1354.20696142571,2500,2035.98271636855,4934182,47.7333145141602
2944,1954.35698084594,2500,2016.16075009212,4936682,68.1072769165039
2945,1538.46192842137,2500,1964.55038396284,4939182,44.6943206787109
2946,1549.69307569296,2500,1944.93934827624,4941682,45.1500549316406
2947,1538.68472306276,2500,1903.04267881761,4944182,45.1786155700684
2948,2369.58137362791,2500,1913.91014897513,4946682,82.9791717529297
2949,1959.61994233959,2500,1872.9517385702,4949182,51.2709007263184
2950,2353.78619078365,2500,1871.73776358062,4951682,71.156379699707
2951,2058.44388653097,2500,1904.36772951893,4954182,49.444580078125
2952,1447.44974149139,2500,1812.42848042222,4956682,34.017936706543
2953,1835.08435170865,2500,1860.51621945052,4959182,38.1877975463867
2954,1746.55506980497,2500,1839.73602834642,4961682,48.994873046875
2955,1401.51501662294,2500,1826.04133716658,4964182,40.530345916748
2956,2262.72417531444,2500,1897.34444712873,4966682,49.6864852905273
2957,2277.61048554158,2500,1971.23702337661,4969182,54.9001235961914
2958,1540.55625781824,2500,1888.33451179564,4971682,41.7717170715332
2959,1857.45107002508,2500,1878.11762456419,4974182,37.9650802612305
2960,1746.96334243624,2500,1817.43533972945,4976682,40.2994003295898
2961,2134.41114501916,2500,1825.03206557827,4979182,70.391731262207
2962,2359.12036748763,2500,1916.19912817789,4981682,72.6318588256836
2963,2273.88241501128,2500,1960.07893450816,4984182,53.1573715209961
2964,2158.68889852467,2500,2001.29231738013,4986682,47.5916976928711
2965,1857.03601480695,2500,2046.84441719853,4989182,32.4760131835938
2966,2360.73184322779,2500,2056.64518398986,4991682,66.7415390014648
2967,1842.3523895892,2500,2013.11937439463,4994182,44.1952438354492
2968,1745.83142647064,2500,2033.64689125987,4996682,54.6318817138672
2969,2019.37152503978,2500,2049.83893676134,4999182,58.0422439575195
2970,2067.9323376041,2500,2081.93583627812,5001682,46.975227355957
2971,2062.79124441216,2500,2074.77384621742,5004182,47.9106292724609
2972,2062.65246185129,2500,2045.12705565379,5006682,50.5941848754883
2973,1946.7687424349,2500,2012.41568839615,5009182,52.3951110839844
2974,1851.01779713237,2500,1981.64857825692,5011682,37.3846054077148
2975,1955.31280369597,2500,1991.47625714582,5014182,49.6709365844727
2976,2067.92232674887,2500,1962.19530549793,5016682,47.8543548583984
2977,1959.59150957539,2500,1973.91921749655,5019182,44.7963562011719
2978,2250.63532052085,2500,2024.39960690157,5021682,57.1819305419922
2979,1958.78080649827,2500,2018.34053504742,5024182,49.047477722168
2980,1828.76928218662,2500,1994.42422950567,5026682,54.056282043457
2981,2371.79194319533,2500,2025.32429938399,5029182,83.4565734863281
2982,2264.88522431914,2500,2045.54757563077,5031682,43.3680801391602
2983,1704.9531961543,2500,2021.36602100271,5034182,48.4468307495117
2984,2270.07908241945,2500,2063.27214953142,5036682,49.6244964599609
2985,2055.49588436944,2500,2073.29045759877,5039182,44.7862548828125
2986,2364.98171749593,2500,2102.99639667347,5041682,74.6011734008789
2987,1960.49698855407,2500,2103.08694457134,5044182,45.2879333496094
2988,2263.4964371699,2500,2104.37305623624,5046682,67.7932434082031
2989,1845.95861682492,2500,2093.09083726891,5049182,41.2090072631836
2990,2185.32702051777,2500,2128.74661110202,5051682,60.7106857299805
2991,2152.91337570327,2500,2106.85875435282,5054182,45.630989074707
2992,2262.07150374089,2500,2106.57738229499,5056682,42.2419662475586
2993,2267.40792051662,2500,2162.82285473123,5059182,50.6508560180664
2994,1947.23079973511,2500,2130.53802646279,5061682,49.2035598754883
2995,2263.69910164168,2500,2151.35834819002,5064182,58.2205581665039
2996,2362.28464455801,2500,2151.08864089622,5066682,76.4369506835938
2997,2267.55177245972,2500,2181.79411928679,5069182,45.6648406982422
2998,2260.61251364787,2500,2181.50572693459,5071682,51.8893661499023
2999,2363.20237033273,2500,2233.23010228537,5074182,76.3657302856445
3000,2262.05979694233,2500,2240.90337992782,5076682,53.9974822998047
